event_name,description,label,series
杨国福麻辣烫就出现老鼠致歉_最终事件描述,"杨国福麻辣烫“老鼠事件”引发持续近一周的舆论风暴，整体呈现以下发展脉络：  
1. **爆发期（1-128小时）**：事件曝光后，消费者愤怒情绪集中爆发，大量评论谴责卫生问题，质疑官方“隔壁跑入老鼠”的解释，并呼吁维权与行业整改，形成对品牌信任的首次重创。  
2. **分化期（129-153小时）**：舆论逐渐两极分化，部分网友以“餐饮业鼠患普遍”为由淡化事件，甚至调侃；但更多消费者揭露类似经历（蟑螂、腹泻等），延伸至对连锁加盟模式和高价低质的批判，行业信任危机加剧。  
3. **蔓延期（154-178小时）**：负面情绪扩散至同类品牌（如张亮麻辣烫），公众转向“居家做饭”或竞品，讨论焦点从个案升级为对餐饮业系统性卫生问题的质疑。官方致歉未能平息舆论，调侃段子（如“鸭脖梗”）进一步削弱公信力。  
**最终影响**：事件从单一卫生问题演变为对餐饮行业监管缺位、加盟模式弊端的全面反思，品牌形象严重受损，消费者信任度持续滑坡。（199字）",1,"[0, 0, 0, 0, 1, 0, 0, 0, 2, 1, 0, 0, 0, 0, 0, 0, 0, 1, 0, 0, 1, 0, 0, 0, 0, 0, 0, 0, 0, 0, 0, 0, 0, 0, 0, 0, 0, 0, 0, 0, 0, 0, 0, 0, 1, 0, 0, 0, 0, 0, 0, 0, 0, 0, 0, 0, 1, 0, 0, 0, 0, 0, 0, 0, 0, 0, 0, 0, 0, 0, 0, 0, 0, 0, 0, 0, 0, 0, 0, 0, 0, 0, 0, 1, 0, 0, 2, 10, 3, 1, 0, 1, 0, 0, 0, 0, 0, 0, 4, 2, 7, 8, 9, 2, 7, 1, 3, 3, 1, 1, 0, 5, 0, 0, 0, 0, 1, 0, 0, 0, 0, 0, 1, 2, 6, 2, 4, 4, 7, 22, 29, 7, 9, 6, 7, 6, 3, 3, 1, 2, 4, 2, 0, 0, 3, 12, 5, 10, 7, 13, 8, 13, 6, 4, 10, 8, 6, 8, 7, 2, 5, 2, 6, 3, 1, 0, 0, 3, 1, 6, 12, 18, 23, 23, 41, 46, 127, 116, 21]"
国足0：7日本_最终事件描述,国足0:7惨败日本事件引发舆论持续震荡，呈现出从激烈愤怒到戏谑麻木的演变轨迹。**初期（1-15小时）**，舆论以尖锐批评为主，"海参梗""解散国足"等嘲讽高频出现，民族情绪与体制质疑交织；**中期（16-36小时）**，愤怒达峰值，比分被类比"七擒孟获"等历史耻辱，系统性批判（青训腐败、高薪低能）成为共识，但伴随无力感；**后期（37小时起）**，情绪转向黑色幽默解构（"11头猪论""守门员冻感冒"），反映公众信任彻底崩塌。**长期（60小时后）**，讨论延伸至球员行为争议（赛后购物）与替代方案（村超），民族情绪持续发酵，整体呈现对足球生态的全面否定。事件从体育失利演变为社会情绪出口，暴露出公众对长期积弊的绝望心态。,1,"[0, 1, 1, 1, 1, 1, 0, 0, 1, 3, 4, 2, 3, 5, 2, 6, 23, 42, 76, 83, 61, 63, 80, 682, 1699, 1430, 637, 234, 128, 110, 84, 121, 179, 193, 295, 224, 222, 195, 215, 189, 137, 118, 107, 128, 131, 121, 71, 34, 26, 20, 11, 16, 9, 10, 8, 4, 2, 7, 6, 7, 12, 6, 11, 7, 7, 7, 9, 5, 8, 4, 6, 5, 4, 7, 4, 2, 3, 2, 1, 1, 0, 3, 4, 3, 2, 4, 5, 4, 3, 3, 3, 2, 1, 2, 2, 6, 1, 4, 3, 2, 0, 0, 0, 2, 1, 1, 0, 3, 5, 4, 2, 3, 8, 1, 2, 2, 1, 3, 2, 2, 2, 0, 0, 1, 0, 0, 0, 2, 1, 1, 1, 0, 0, 0, 0, 1, 1, 1, 3, 3, 0, 0, 1, 0, 0, 0, 0, 0, 0, 0, 0, 0, 0, 0, 0, 0, 0, 0, 1, 1, 0, 0, 0, 0, 0, 1, 0, 0, 0, 0, 0, 0, 0, 0, 0, 0, 0, 0, 0, 0, 0, 2, 0, 0, 0, 0, 0, 1, 0, 0, 0, 0, 0, 0, 0, 0, 0, 0, 0, 0, 0, 0, 0, 0, 0, 0, 0, 0, 1, 0, 0, 0, 0, 0, 0, 0, 0, 0, 0, 0, 0, 0, 0, 0, 0, 0, 0, 0, 0, 0, 0, 0, 0, 1, 0, 0, 1, 0, 0, 0, 1, 0, 0, 0, 0, 0, 0, 0, 0, 0, 0, 0, 1]"
色狼拍空姐她拍色狼_最终事件描述,"**事件总描述：**  
“色狼拍空姐她拍色狼”事件曝光后迅速引发舆论热议。初期，公众强烈谴责偷拍者的违法行为，认为其5天拘留处罚过轻，同时赞扬空姐反拍取证的行为彰显勇气。争议焦点随后转向职场性别平等问题：部分声音呼吁航空公司将空乘裙装改为裤装以减少安全隐患，另一派则强调应严惩犯罪而非限制着装自由，双方形成激烈辩论。偷拍者“进厕所10分钟”等细节被广泛嘲讽，折射出对扭曲动机的不解与批判。事件情绪以愤怒为主，但逐渐延伸至对女性职业环境、社会安全机制的深层反思，推动公众从个案谴责转向系统性性别平等与法治完善的讨论。整体呈现从具体事件到社会议题的升级趋势。",0,[60]
网友造谣自己强奸未成年被行拘_最终事件描述,该事件始于一名网友自造“强奸未成年”的恶性谣言并被行拘，引发持续数日的舆论震荡。初期（1-7小时）舆论以震惊、荒诞感为主，高频词如“逆天”“离谱”反映对极端行为的难以置信，同时伴随对流量驱使下网络乱象的批判。中期（8-12小时）讨论焦点转向对造谣者的嘲讽与动机质疑，“抽象”“想火想疯了”等词频现，戏谑情绪占主导，法律争议（如寻衅滋事定性）和平台责任成为衍生话题。后期（13-367小时）舆论趋于分化：一方面延续荒诞调侃（如“人才”“吃牢饭”），另一方面深化对法律后果（呼吁严惩）和社会生态（网红经济畸形）的反思。整体呈现从猎奇到批判的递进，始终围绕“突破底线博流量”的核心矛盾，最终将个案上升为对网络环境治理的公共讨论。,0,"[0, 0, 0, 0, 0, 1, 1, 1, 22, 12, 3, 4, 6, 5, 3, 3, 1, 2, 1, 0, 1, 1, 2, 0, 2, 0, 0, 0, 0, 0, 0, 0, 0, 0, 0, 0, 1, 1, 0, 0, 0, 0, 0, 0, 0, 0, 0, 1, 0, 0, 0, 0, 0, 0, 0, 0, 0, 0, 0, 0, 0, 0, 0, 0, 0, 0, 0, 0, 0, 0, 0, 0, 0, 0, 0, 0, 0, 0, 0, 1, 0, 0, 0, 0, 0, 0, 1, 0, 0, 0, 0, 0, 0, 0, 0, 0, 0, 0, 0, 0, 0, 0, 0, 0, 0, 0, 0, 0, 0, 0, 0, 0, 0, 0, 0, 0, 0, 0, 0, 0, 0, 0, 0, 0, 0, 0, 0, 0, 0, 0, 0, 0, 0, 0, 0, 0, 0, 0, 0, 0, 0, 0, 1, 0, 0, 0, 0, 0, 0, 0, 0, 0, 0, 0, 0, 0, 0, 0, 0, 0, 0, 0, 0, 0, 0, 0, 0, 0, 0, 0, 0, 0, 0, 0, 0, 0, 0, 0, 0, 0, 0, 0, 0, 0, 0, 0, 0, 0, 0, 0, 0, 0, 0, 0, 0, 0, 0, 1, 3, 1, 0, 0, 0, 0, 0, 0, 0, 0, 1, 0, 0, 0, 2, 0, 1, 0, 0, 4, 0, 0, 0, 0, 1, 0, 2, 0, 0, 0, 0, 0, 0, 0, 0, 0, 0, 0, 0, 1, 0, 0, 0, 0, 0, 0, 0, 0, 0, 0, 0, 0, 0, 0, 0, 0, 0, 0, 0, 0, 0, 0, 0, 0, 0, 0, 0, 0, 0, 0, 0, 0, 0, 0, 0, 0, 0, 0, 0, 0, 0, 0, 0, 0, 0, 0, 0, 0, 0, 0, 0, 0, 0, 0, 0, 0, 0, 0, 0, 0, 0, 0, 0, 0, 0, 0, 0, 0, 0, 0, 0, 0, 0, 0, 0, 0, 0, 0, 0, 0, 0, 0, 0, 0, 0, 0, 0, 0, 0, 0, 0, 0, 0, 0, 0, 0, 0, 0, 0, 0, 0, 0, 0, 0, 0, 0, 0, 0, 0, 0, 0, 0, 0, 0, 0, 0, 0, 0, 0, 0, 0, 0, 0, 0, 0, 0, 0, 0, 0]"
多方回应学生坠亡家长怀疑被霸凌_最终事件描述,"**事件总述：**  
学生坠亡事件引发持续260余小时的舆论风暴，核心矛盾围绕家长质疑校园霸凌与校方“小打小闹”的定性冲突。初期（1-259小时），公众强烈质疑“自杀”结论，要求公开监控彻查真相，并抨击甘肃校园霸凌频发与官方消极态度，情绪以愤怒、悲痛为主。中期（260-264小时），舆情持续升级，焦点转向校方及教育局的责任回避，舆论批评其淡化暴力、包庇嫌疑，同时呼吁完善霸凌干预机制，极端言论（如以暴制暴）显现。后期（265小时），矛盾集中于校方回应与公众认知的严重偏差，第三方介入调查呼声高涨，关联案例（如吴川三中）被重提，凸显公众对制度性不作为的积怨。整体趋势呈现从个案质疑到系统性批判的演变，立法严惩霸凌、强化心理干预成为核心诉求，反映出社会对青少年保护与教育透明度的深层焦虑。（198字）",0,"[1, 0, 0, 0, 0, 0, 0, 0, 1, 0, 0, 0, 0, 0, 0, 0, 0, 0, 0, 0, 0, 0, 0, 0, 0, 0, 0, 0, 0, 0, 0, 0, 0, 0, 0, 0, 0, 0, 0, 0, 0, 0, 0, 0, 0, 0, 0, 0, 0, 0, 0, 0, 0, 0, 0, 0, 0, 0, 0, 0, 0, 0, 0, 0, 0, 0, 0, 0, 0, 0, 0, 0, 0, 0, 0, 0, 0, 0, 0, 0, 0, 0, 0, 0, 0, 0, 0, 0, 0, 0, 0, 0, 0, 0, 0, 0, 0, 0, 0, 0, 0, 0, 0, 0, 0, 0, 0, 0, 0, 0, 0, 0, 0, 0, 0, 0, 0, 0, 0, 0, 0, 0, 0, 0, 0, 0, 0, 0, 0, 0, 0, 0, 0, 0, 0, 0, 0, 0, 0, 0, 0, 0, 0, 0, 0, 0, 0, 0, 0, 0, 0, 0, 0, 0, 0, 0, 0, 0, 0, 0, 0, 0, 0, 0, 0, 0, 0, 0, 0, 0, 0, 0, 0, 0, 0, 0, 0, 0, 0, 0, 0, 0, 0, 0, 0, 0, 0, 0, 0, 0, 0, 0, 0, 0, 0, 0, 0, 0, 0, 0, 0, 0, 0, 0, 0, 0, 0, 0, 0, 0, 0, 0, 0, 0, 0, 0, 0, 0, 0, 0, 0, 0, 0, 0, 0, 0, 0, 0, 0, 0, 0, 0, 0, 0, 0, 0, 0, 0, 0, 0, 0, 0, 0, 0, 0, 0, 0, 0, 0, 0, 0, 0, 0, 0, 0, 0, 0, 0, 1, 25, 5, 1, 6, 94, 47]"
女童被碾身亡案被告人获刑十个月_最终事件描述,"**女童被碾身亡案被告人获刑十个月事件总述**  
该事件自发生至判决后持续引发舆论震荡，核心围绕责任划分与司法量刑展开。初期（1-1021小时）焦点集中于监护失职与司机过失的争议，舆论分化明显，既有对家长看护不力的谴责，也有对司机盲区客观性的辩护，同时衍生出交通安全与驾考制度的反思。中期（1022-1023小时）类似案件被提及，公众焦虑升级，讨论延伸至小区人车管理及车辆安全技术。后期（1024-1026小时）量刑争议成为主导，多数认为十个月刑期过轻，质疑司法公正，同时监护责任与司机过失的辩论持续胶着，情绪以愤怒与悲痛为主。事件全程凸显公众对儿童安全、监护立法及交通法规完善的迫切诉求，舆论从个案批判逐渐转向对社会治理体系的深层反思。",0,"[1, 0, 0, 0, 0, 0, 0, 0, 0, 0, 0, 0, 0, 0, 0, 0, 0, 0, 0, 0, 0, 0, 0, 1, 0, 0, 0, 0, 0, 0, 0, 0, 0, 0, 1, 0, 0, 0, 0, 0, 0, 0, 0, 0, 0, 0, 0, 0, 0, 0, 0, 0, 0, 0, 0, 0, 0, 0, 0, 0, 0, 0, 0, 0, 0, 0, 0, 0, 0, 0, 0, 0, 0, 0, 0, 0, 0, 0, 0, 0, 0, 0, 0, 0, 0, 0, 0, 0, 0, 0, 0, 0, 0, 0, 0, 0, 0, 0, 0, 0, 0, 0, 0, 0, 0, 0, 0, 0, 1, 0, 0, 0, 0, 0, 0, 0, 0, 0, 0, 0, 0, 0, 0, 0, 0, 0, 0, 0, 0, 0, 0, 0, 0, 0, 0, 0, 0, 0, 0, 0, 0, 0, 0, 0, 0, 0, 0, 0, 0, 0, 0, 0, 0, 0, 0, 0, 0, 0, 0, 0, 0, 0, 0, 0, 0, 0, 0, 0, 0, 0, 0, 0, 0, 0, 0, 0, 0, 0, 0, 0, 0, 0, 0, 0, 0, 0, 0, 0, 0, 0, 0, 0, 0, 0, 0, 0, 0, 0, 0, 0, 1, 0, 0, 0, 0, 0, 0, 0, 0, 0, 0, 0, 0, 0, 0, 0, 0, 0, 0, 0, 0, 0, 0, 0, 0, 0, 0, 0, 0, 0, 0, 0, 0, 0, 0, 0, 0, 0, 0, 0, 0, 0, 0, 0, 0, 0, 0, 0, 0, 0, 0, 0, 0, 0, 0, 0, 0, 0, 0, 0, 0, 0, 0, 0, 0, 0, 0, 0, 0, 0, 0, 0, 0, 0, 0, 1, 0, 0, 0, 0, 0, 0, 0, 0, 0, 0, 0, 0, 0, 0, 0, 0, 0, 0, 0, 0, 0, 0, 0, 0, 0, 0, 0, 0, 0, 0, 0, 0, 0, 0, 0, 0, 0, 0, 0, 0, 0, 0, 0, 0, 0, 0, 0, 0, 0, 0, 0, 0, 0, 0, 0, 0, 0, 0, 0, 0, 0, 0, 0, 0, 0, 0, 0, 0, 0, 0, 0, 0, 0, 0, 0, 0, 0, 0, 0, 0, 0, 0, 0, 0, 0, 0, 0, 0, 0, 0, 0, 0, 0, 0, 0, 0, 0, 1, 0, 0, 0, 0, 0, 0, 0, 0, 0, 0, 0, 1, 0, 0, 0, 0, 0, 0, 0, 0, 0, 1, 0, 0, 0, 0, 0, 0, 0, 0, 0, 0, 0, 0, 0, 0, 0, 0, 0, 0, 0, 0, 0, 0, 0, 0, 0, 0, 0, 0, 0, 0, 0, 0, 0, 0, 0, 0, 0, 0, 0, 0, 0, 0, 0, 0, 1, 0, 0, 0, 0, 0, 0, 1, 0, 0, 0, 0, 0, 1, 0, 0, 0, 0, 0, 0, 0, 1, 0, 0, 0, 0, 0, 0, 0, 0, 0, 0, 0, 0, 0, 0, 0, 0, 0, 0, 0, 0, 0, 0, 0, 0, 0, 0, 0, 0, 0, 0, 0, 0, 0, 0, 0, 0, 0, 0, 0, 0, 0, 0, 0, 0, 0, 0, 0, 0, 1, 0, 0, 0, 0, 0, 0, 0, 0, 1, 0, 0, 0, 0, 0, 0, 0, 0, 0, 0, 0, 0, 0, 0, 0, 0, 0, 0, 0, 0, 0, 0, 0, 0, 0, 0, 0, 0, 0, 0, 0, 0, 0, 0, 0, 0, 0, 0, 0, 0, 0, 0, 0, 0, 0, 0, 0, 0, 0, 0, 0, 0, 0, 0, 0, 0, 0, 0, 0, 0, 0, 0, 0, 0, 0, 0, 0, 0, 0, 0, 0, 0, 1, 0, 1, 0, 0, 0, 0, 0, 0, 0, 0, 0, 0, 0, 0, 0, 0, 0, 0, 0, 0, 0, 0, 0, 0, 0, 0, 0, 0, 0, 0, 0, 0, 0, 0, 0, 0, 0, 0, 0, 0, 0, 0, 0, 1, 0, 0, 0, 0, 0, 0, 0, 0, 0, 0, 0, 0, 0, 0, 0, 0, 0, 0, 0, 0, 0, 0, 0, 0, 0, 0, 0, 0, 1, 0, 0, 0, 0, 0, 0, 0, 0, 0, 0, 0, 0, 0, 0, 0, 1, 0, 0, 0, 0, 0, 0, 0, 0, 0, 0, 0, 0, 0, 0, 0, 0, 0, 0, 1, 0, 0, 0, 0, 0, 0, 0, 0, 0, 0, 0, 0, 0, 0, 0, 0, 0, 0, 0, 0, 0, 0, 0, 0, 0, 0, 0, 0, 0, 0, 0, 0, 0, 0, 0, 0, 0, 1, 0, 0, 0, 0, 0, 0, 0, 0, 0, 0, 0, 0, 0, 0, 0, 0, 0, 1, 0, 0, 0, 0, 0, 0, 0, 0, 0, 0, 0, 0, 0, 0, 1, 0, 0, 0, 0, 0, 0, 0, 0, 0, 0, 0, 0, 0, 0, 0, 0, 0, 0, 0, 0, 0, 0, 0, 0, 0, 0, 0, 0, 0, 0, 0, 0, 0, 1, 0, 0, 0, 0, 0, 0, 0, 0, 0, 1, 0, 0, 0, 0, 0, 0, 0, 0, 0, 0, 0, 0, 0, 0, 0, 0, 0, 0, 0, 0, 0, 0, 0, 0, 0, 0, 0, 0, 0, 0, 0, 0, 0, 0, 0, 0, 0, 0, 0, 0, 0, 0, 0, 2, 0, 0, 0, 0, 0, 0, 0, 0, 0, 1, 0, 0, 0, 0, 0, 0, 0, 0, 0, 0, 0, 0, 0, 1, 0, 0, 0, 0, 0, 0, 0, 0, 0, 1, 1, 0, 2, 0, 0, 0, 0, 0, 1, 0, 0, 1, 1, 0, 0, 0, 0, 0, 0, 0, 0, 0, 0, 0, 0, 0, 1, 0, 0, 1, 0, 0, 0, 0, 0, 0, 0, 0, 0, 0, 0, 0, 0, 0, 0, 1, 0, 1, 0, 0, 0, 0, 0, 0, 1, 0, 0, 1, 0, 0, 0, 0, 0, 0, 0, 0, 0, 0, 0, 0, 0, 0, 0, 1, 1, 0, 3, 3, 3, 0, 2, 3, 0, 2, 0, 2, 0, 0, 0, 1, 2, 3, 3, 1, 1, 7, 2, 3, 1, 1, 6, 2, 3, 3, 1, 1, 2, 4, 1, 0, 0, 0, 0, 0, 0, 2, 0, 1, 0, 2, 0, 1, 3, 0, 5, 1, 0, 7, 6, 6, 53, 103, 24]"
韩国15岁以下女团选秀停播_最终事件描述,韩国15岁以下女团选秀停播事件在爆发后4小时内迅速引发舆论海啸，呈现一边倒的批判态势。事件初期（1-2小时），公众愤怒集中于对未成年剥削的谴责，以金秀贤、金赛纶等童星案例佐证行业乱象，支持停播成为主流共识。随着讨论深入（3-4小时），舆论焦点扩展至三重维度：一是对参与者低龄化（最低9岁）的强烈质疑，直指节目隐含的恋童癖风险；二是对韩国娱乐产业畸形生态的系统性批判，包括财阀操控、未成年人商品化等问题，甚至出现"萝莉岛"类比；三是对跨国娱乐伦理的对比反思，中国"养成系"监管被作为参照。情绪始终以愤怒和讽刺为主导，虽偶有"追梦权"争议但迅速被淹没。事件最终演变为对韩国娱乐产业底层逻辑的集体拷问，停播决定被视为保护未成年权益的必要举措，但也折射出公众对行业整改形式主义的深层忧虑。（198字）,0,"[16, 11, 24, 62, 13]"
男童被打死案父亲说天天想儿子_最终事件描述,"**事件总述：**  
男童被生母及男友虐待致死案引发持续72小时以上的舆论风暴，呈现愤怒与悲痛交织的爆发式演进。初期（1-4小时）公众聚焦司法程序（2025年3月开庭），随后情绪迅速升级为对施暴者的极端谴责，超90%评论要求死刑或酷刑，“凌迟”“畜生”等暴力词汇高频出现。核心争议围绕三点：1. **生母涉案颠覆伦理认知**，“虎毒不食子”被反复引用，其幼师身份加剧震惊；2. **离异家庭监护权隐患**，质疑抚养权归属及父亲责任；3. **司法严惩诉求**，对比重庆姐弟坠亡案等呼吁量刑一致。中后期（40小时起）讨论延伸至社会反思，包括虐童立法、婚姻重组风险及儿童保护机制缺陷。舆论始终以情绪化主导，理性空间有限，形成“杀人偿命”的绝对共识，同时折射公众对家庭暴力零容忍的集体焦虑。（199字）",1,"[0, 0, 0, 4, 48, 79, 74, 70, 64, 39, 18, 12, 6, 11, 0, 9, 8, 3, 2, 1, 0, 0, 0, 0, 1, 0, 0, 1, 0, 1, 1, 1, 3, 0, 0, 1, 0, 0, 1, 0, 11, 30, 22, 28, 13, 7, 5, 13, 22, 30, 33, 49, 38, 39, 31, 34, 32, 23, 14, 14, 15, 14, 32, 15, 11, 15, 3, 0, 4, 0, 4, 1, 4, 2, 3, 15, 12, 12, 137, 256, 158, 60]"
女子怀孕30周仅62斤_最终事件描述,"**事件总描述：**  
女子怀孕30周仅62斤的事件在舆论场中经历了从健康关切到伦理争议的显著演变。初期（1-140小时），讨论以健康警示和孕期管理为主，夹杂对案例真实性的质疑与实用咨询，情绪相对多元。144小时后，舆论转向对高危妊娠的担忧与母爱赞颂，但伴随对生育选择合理性的初步质疑。145-148小时，争议急剧升级，批判成为主导声音：多数谴责当事人“冒险生育”是自私行为，担忧孩子未来生存压力，并延伸至对“生育绑架”和社会伦理的反思；少量共情声音强调生育权与医疗保障问题。整体趋势呈现从个案讨论到社会观念批判的深化，情绪由关切转为愤怒与悲观，核心矛盾聚焦于特殊群体的生育权边界与社会责任。",0,"[0, 0, 1, 1, 0, 0, 0, 0, 0, 0, 0, 0, 0, 0, 0, 0, 0, 0, 0, 0, 0, 0, 0, 0, 0, 0, 0, 0, 0, 0, 0, 0, 0, 0, 0, 0, 0, 0, 0, 0, 0, 0, 0, 0, 0, 0, 0, 0, 0, 0, 0, 1, 0, 0, 0, 0, 0, 0, 0, 0, 0, 0, 0, 0, 0, 0, 0, 0, 0, 0, 0, 0, 0, 0, 0, 0, 0, 0, 0, 0, 0, 0, 0, 0, 0, 0, 0, 0, 0, 0, 0, 0, 0, 0, 0, 0, 0, 0, 0, 0, 0, 0, 0, 0, 0, 0, 0, 0, 0, 0, 0, 0, 0, 0, 0, 0, 0, 0, 0, 0, 0, 0, 0, 0, 0, 0, 0, 0, 0, 0, 0, 0, 0, 0, 0, 0, 0, 0, 0, 0, 0, 0, 0, 0, 4, 28, 25, 20, 4]"
淘宝微信支付_最终事件描述,淘宝微信支付事件在24小时内经历了从高度期待到理性讨论的完整演变。初期（1-5小时），用户情绪以兴奋为主，普遍称赞“互联互通”打破支付壁垒，认为此举提升便利性并体现反垄断政策成效，同时伴随对阿里战略动机的质疑。中期（6-23小时），舆论逐渐分化：支持者聚焦中老年用户和微信生态的实用性，反对者则批评淘宝被动妥协或落地滞后，实测反馈出现“部分账号可用”的技术波动。后期（24小时+），讨论转向实施细节与行业影响，多数用户认可长期趋势但关注开放进度不均问题，商家端竞争矛盾和政策关联性成为新焦点。整体呈现“乐观期待—争议分化—务实观察”的三阶段特征，核心矛盾始终围绕便利性提升与企业竞争策略的博弈，最终以“逐步开放”的渐进式落地收束，反映互联网平台从封闭走向协作的复杂转型过程。（199字）,0,"[2, 1, 2, 1, 0, 3, 0, 1, 0, 0, 0, 0, 0, 0, 0, 0, 0, 0, 0, 0, 0, 1, 1, 0, 0, 0, 0, 1, 0, 0, 0, 0, 0, 1, 0, 0, 0, 0, 0, 0, 0, 1, 0, 0, 0, 0, 0, 0, 0, 0, 0, 0, 0, 0, 0, 0, 0, 0, 0, 0, 1, 0, 0, 0, 0, 0, 0, 0, 0, 0, 0, 0, 0, 0, 0, 0, 0, 0, 0, 0, 0, 0, 0, 0, 0, 0, 0, 0, 0, 0, 0, 0, 0, 0, 0, 0, 0, 0, 0, 0, 0, 0, 0, 0, 0, 0, 0, 0, 0, 0, 0, 0, 0, 0, 0, 0, 0, 0, 0, 0, 0, 0, 0, 0, 0, 0, 0, 0, 0, 0, 0, 0, 0, 0, 0, 0, 0, 0, 0, 0, 0, 0, 0, 0, 0, 0, 0, 0, 0, 0, 0, 0, 0, 0, 0, 0, 0, 0, 0, 0, 0, 0, 0, 0, 0, 0, 0, 0, 0, 0, 0, 0, 0, 0, 0, 0, 0, 0, 0, 0, 1, 0, 0, 0, 0, 0, 0, 0, 0, 0, 0, 0, 0, 1, 0, 0, 0, 0, 0, 0, 0, 0, 0, 0, 0, 0, 0, 0, 0, 0, 0, 0, 0, 0, 0, 0, 0, 0, 0, 0, 0, 0, 0, 0, 0, 0, 0, 0, 0, 0, 0, 0, 0, 0, 0, 0, 0, 0, 0, 0, 0, 0, 0, 0, 0, 0, 0, 0, 0, 0, 0, 0, 0, 0, 0, 0, 0, 0, 0, 0, 0, 0, 0, 0, 0, 0, 0, 0, 0, 0, 0, 0, 0, 0, 0, 0, 0, 0, 0, 0, 0, 0, 0, 0, 0]"
年轻女租客_最终事件描述,"**年轻女租客事件总描述**  

该事件始于女租客指控房东骚扰后法院判决100元赔偿，引发舆论持续发酵。初期（1-9小时），公众聚焦赔偿金额的“侮辱性”，嘲讽其远低于实际损失，并质疑司法偏袒本地房东，同时关联女性安全焦虑。情绪以愤怒、讽刺为主，关键词如“100元”“侮辱”高频出现。中期（10-12小时），舆论升级为对司法公正性的广泛质疑，批评判决变相纵容骚扰，并标签化谴责房东行为（如“普信男”）。后期（13-289小时），争议持续围绕赔偿标准与受害者权益失衡，对比抑郁症治疗成本，强化“骚扰成本低”的批判，整体情绪高度负面，少数理性声音呼吁公开判决细节。事件全程凸显公众对性别权力结构、司法公信力及女性权益保障的深层忧虑，舆情从具体个案逐渐延伸至社会系统性反思。",0,"[0, 0, 1, 1, 0, 1, 0, 1, 2, 10, 32, 35, 17, 5, 5, 6, 0, 0, 2, 1, 0, 0, 0, 0, 1, 1, 3, 1, 1, 2, 1, 3, 0, 0, 1, 1, 1, 1, 3, 0, 0, 0, 0, 0, 0, 2, 0, 1, 0, 0, 0, 0, 0, 0, 1, 0, 1, 1, 2, 0, 1, 1, 1, 0, 0, 0, 0, 0, 0, 0, 1, 2, 0, 1, 4, 0, 1, 3, 0, 0, 1, 1, 1, 2, 0, 0, 1, 0, 0, 0, 0, 2, 1, 0, 1, 0, 1, 2, 0, 2, 1, 0, 0, 0, 2, 0, 0, 0, 0, 0, 0, 0, 0, 0, 0, 0, 1, 0, 0, 2, 0, 2, 0, 0, 1, 1, 0, 0, 0, 0, 2, 0, 0, 0, 0, 0, 0, 0, 1, 0, 1, 0, 0, 0, 0, 0, 1, 1, 0, 0, 1, 0, 0, 0, 2, 0, 0, 0, 0, 0, 0, 0, 0, 0, 0, 0, 0, 0, 0, 0, 0, 0, 0, 0, 0, 0, 0, 0, 0, 3, 1, 0, 0, 0, 0, 0, 0, 0, 0, 0, 0, 0, 0, 0, 0, 0, 0, 0, 0, 0, 0, 0, 0, 0, 0, 1, 0, 0, 0, 0, 0, 0, 0, 0, 0, 0, 0, 0, 0, 0, 0, 0, 0, 0, 1, 0, 0, 0, 0, 0, 0, 0, 0, 0, 0, 0, 0, 0, 0, 0, 0, 0, 1, 2, 0, 0, 0, 0, 0, 0, 1, 1, 0, 0, 0, 0, 0, 0, 0, 0, 0, 0, 0, 0, 0, 1, 0, 0, 0, 0, 0, 0, 0, 1, 0, 0, 0, 0, 0, 0, 0, 0, 0, 0, 0, 0, 0, 0, 1]"
赵露思生病前和家人几乎不联系_最终事件描述,赵露思在综艺《小小的勇气》中提及“生病前与家人几乎不联系”的言论引发持续争议，舆论呈现明显的两极分化与阶段性演变。事件初期（1-2小时），争议焦点集中于其言论与过往“幸福家庭”人设的矛盾，支持者肯定其真实独立，反对者则质疑炒作；同时粉丝控评强调节目公益属性，指责营销号断章取义。中期（3-4小时），讨论深化至家庭关系多样性、综艺内容合理性及艺人隐私边界，负面声量上升，质疑其利用原生家庭话题营销、消费抑郁症的批评增多。后期（5小时），争议扩展到公益行为与私德的冲突，反对者列举过往证据质疑其真实性，中立网友对炒作嫌疑表示担忧。整体呈现从具体言论争议向公众人物社会责任讨论的扩散，情绪化表达与事实核查的拉锯贯穿始终，反映出舆论场对明星人设一致性与话题边界的敏感。（199字）,0,"[3, 18, 47, 115, 45]"
邮管局回应云南乡镇快递强收跑腿费_最终事件描述,邮管局回应云南乡镇快递强收“跑腿费”事件后，舆论迅速发酵。1-21小时内，大量用户集中反映乡镇快递额外收费现象普遍（1-5元/件），仅邮政免费但时效滞后。争议焦点在于：一方面，偏远地区配送成本高被部分用户理解；另一方面，更多消费者指责网点以“收费抵派送”或拒送威胁应对投诉，凸显监管缺位。地域上，云南、广西等偏远地区问题尤为突出，相关讨论引发跨省共鸣。情绪呈现两极化——既有对基层运营压力的体谅，也有对投诉机制失效的强烈不满，尤其针对邮政管理部门“回应未落地”的失望情绪持续蔓延。事件从个案曝光升级为对全国乡镇快递末端乱象的集体声讨，暴露出农村物流“最后一公里”成本分担与监管体系的深层矛盾。,0,"[0, 0, 4, 1, 0, 0, 0, 0, 0, 0, 0, 0, 0, 0, 0, 0, 0, 0, 0, 0, 2]"
神奇海挪塌房(3022条)_最终事件描述,神奇海挪塌房事件在24小时内经历快速发酵与舆论转向。初期（1-8小时）因直播录屏曝光其与女性争议关系迅速引爆，粉丝震惊于"纯情美食博主"人设崩塌，戏谑性标签（如"原则哥"）扩散；中期（9-16小时）焦点转向其直播炫耀私密关系、矛盾辩解（"十指相扣未用力""为西班牙菜赴约"）引发道德谴责，粉丝大规模取关，B站掉粉超10万，舆论从吃瓜转向对网红真实性与性别议题的反思；后期（17-23小时）伴随双方聊天记录曝光，形成"半斤八两"但更谴责男方的共识，其删除视频、敷衍道歉的行为加剧形象崩塌，事件升维至对网红行业"人设经济"的批判。整体呈现"人设崩塌-证据链完善-公关失败-行业反思"的典型塌房路径，嘲讽情绪贯穿始终，最终导致其美食区UP主形象彻底瓦解。（199字）,1,"[1, 0, 7, 6, 3, 1, 1, 1, 1, 7, 4, 20, 2, 40, 214, 357, 49, 0, 0, 12, 52, 42, 39, 9]"
女子高速上40码龟速行驶被训_最终事件描述,该事件始于一名女子在高速公路上以40码低速行驶被交警训诫，随后迅速引发舆论发酵。初期（1-3小时），评论呈现两极分化，主流声音强烈谴责龟速驾驶危害公共安全，呼吁严惩涉事司机，同时出现调侃新手司机（如“一年两箱油”）和性别标签化现象。中期（4-12小时），舆论趋于一致，普遍批评低速占道行为，矛头直指驾考制度缺陷、执法不严及新手司机群体，情绪以愤怒为主，要求加重处罚（如吊销驾照）。后期（13-32小时），讨论从个案转向系统性反思，包括高速限速规则合理性、驾驶培训不足及节假日免费政策影响等，性别争议逐渐淡化，但安全焦虑持续升级。整体呈现从情绪化谴责到理性呼吁交规完善的演变，核心矛盾始终围绕低速驾驶的法律处罚与公共危害，舆论普遍支持强化执法与驾考改革以杜绝类似现象。（199字）,1,"[0, 3, 5, 13, 10, 7, 11, 4, 5, 24, 32, 42, 30, 111, 129, 86, 70, 73, 103, 287, 444, 482, 339, 84, 12, 19, 10, 14, 15, 28, 31, 11, 2, 2, 4, 0, 1, 1, 1, 1, 0, 0, 0, 0, 0, 0, 0, 0, 1, 0, 0, 0, 1, 0, 0, 1, 0, 0, 0, 0, 0, 0, 0, 0, 0, 0, 0, 0, 0, 0, 0, 0, 0, 0, 0, 0, 0, 0, 0, 0, 0, 0, 0, 0, 0, 0, 0, 0, 0, 0, 0, 0, 1, 0, 0, 0, 0, 0, 0, 0, 0, 0, 0, 0, 0, 0, 0, 0, 0, 0, 0, 0, 0, 0, 0, 0, 0, 0, 0, 0, 0, 0, 0, 0, 0, 0, 0, 0, 0, 0, 0, 0, 0, 0, 0, 0, 0, 0, 0, 0, 0, 0, 0, 0, 0, 0, 0, 0, 0, 0, 0, 0, 0, 0, 0, 0, 0, 0, 0, 0, 0, 0, 0, 0, 0, 0, 0, 0, 0, 0, 0, 0, 0, 0, 0, 0, 0, 0, 0, 0, 0, 0, 0, 0, 0, 0, 0, 0, 0, 0, 0, 0, 0, 0, 0, 0, 0, 0, 0, 0, 0, 0, 0, 0, 0, 0, 0, 0, 0, 0, 0, 0, 0, 0, 0, 0, 0, 0, 0, 0, 0, 0, 0, 0, 0, 0, 0, 0, 0, 0, 0, 0, 0, 0, 0, 0, 0, 0, 0, 0, 0, 0, 0, 0, 0, 0, 0, 0, 0, 0, 0, 0, 0, 0, 0, 0, 0, 0, 0, 0, 0, 0, 0, 0, 0, 0, 0, 0, 0, 0, 0, 0, 0, 0, 0, 0, 0, 0, 0, 0, 0, 0, 0, 0, 0, 0, 0, 0, 0, 0, 0, 0, 0, 0, 0, 0, 0, 0, 0, 0, 0, 0, 0, 0, 0, 0, 0, 0, 0, 0, 0, 0, 0, 0, 0, 0, 0, 0, 0, 0, 0, 0, 0, 0, 0, 0, 0, 0, 0, 0, 0, 0, 1]"
女子戴隐形赏花后视力骤降至0.5_最终事件描述,该事件以“女子戴隐形眼镜赏花后视力骤降至0.5”为导火索，引发公众对隐形眼镜安全性与季节性过敏防护的持续关注。初期（1-541小时），舆论聚焦健康警示，大量用户分享隐形眼镜使用不当引发的眼部问题及花粉过敏困扰，同时伴随容貌焦虑讨论与中医疗效争议，形成情感支持与知识传播并行的氛围。中期（542-544小时），警惕情绪升级，防护经验（如“赏花不戴隐形”）广泛传播，关联症状（过敏性鼻炎等）引发共鸣，舆论从单一事件延伸至春季健康议题。后期（545-548小时），公众担忧加剧，隐形眼镜风险被重新评估，转向框架眼镜的倾向明显，花粉吸附机制等科普需求凸显。整体呈现从个案警示到系统性健康反思的演变，情绪以震惊、后怕为主，最终推动全社会对眼部防护意识的显著提升。,0,"[0, 0, 1, 0, 0, 0, 0, 0, 0, 0, 0, 0, 0, 0, 0, 0, 0, 0, 0, 0, 0, 0, 0, 0, 0, 0, 0, 0, 0, 0, 0, 0, 0, 0, 0, 1, 0, 0, 0, 0, 0, 0, 0, 1, 0, 0, 0, 0, 0, 0, 0, 0, 0, 0, 0, 0, 0, 0, 0, 0, 0, 0, 0, 0, 0, 0, 0, 0, 0, 0, 0, 0, 0, 0, 0, 0, 0, 0, 0, 0, 0, 0, 0, 0, 0, 0, 0, 0, 0, 0, 0, 0, 0, 0, 0, 0, 0, 0, 0, 0, 0, 0, 0, 0, 0, 0, 0, 0, 0, 0, 0, 0, 0, 0, 0, 0, 0, 0, 0, 0, 0, 1, 0, 0, 0, 0, 0, 0, 0, 0, 0, 0, 0, 0, 0, 0, 0, 0, 0, 0, 0, 0, 0, 0, 0, 0, 0, 0, 0, 0, 0, 0, 0, 0, 0, 0, 0, 0, 0, 0, 0, 0, 0, 0, 0, 0, 0, 0, 0, 0, 0, 1, 0, 0, 0, 0, 0, 0, 0, 0, 0, 0, 0, 0, 1, 0, 0, 0, 1, 0, 0, 0, 0, 0, 0, 0, 0, 0, 0, 0, 0, 0, 1, 0, 0, 0, 0, 0, 1, 0, 0, 0, 0, 0, 0, 0, 0, 0, 0, 1, 0, 0, 0, 0, 0, 0, 0, 0, 0, 0, 0, 0, 0, 0, 0, 0, 0, 0, 0, 0, 0, 0, 0, 0, 0, 0, 0, 0, 0, 0, 0, 0, 0, 0, 0, 0, 0, 0, 0, 0, 0, 0, 0, 0, 0, 0, 0, 0, 0, 0, 0, 0, 0, 0, 0, 0, 0, 0, 0, 0, 0, 0, 0, 0, 0, 0, 0, 0, 1, 0, 0, 0, 0, 0, 0, 0, 0, 0, 0, 0, 0, 0, 0, 1, 0, 0, 0, 0, 0, 0, 0, 0, 0, 0, 0, 0, 0, 0, 0, 0, 0, 0, 0, 0, 0, 0, 0, 0, 0, 0, 0, 0, 0, 0, 0, 0, 0, 1, 0, 0, 0, 0, 0, 0, 0, 0, 0, 0, 0, 0, 0, 0, 0, 0, 0, 0, 0, 0, 0, 0, 0, 0, 0, 0, 0, 0, 0, 0, 0, 0, 0, 0, 0, 0, 1, 0, 0, 0, 1, 0, 0, 0, 0, 0, 0, 0, 0, 0, 0, 0, 0, 0, 0, 0, 0, 0, 0, 0, 0, 0, 1, 1, 0, 0, 0, 0, 0, 1, 0, 0, 0, 0, 1, 0, 0, 0, 0, 0, 0, 0, 0, 0, 0, 0, 1, 0, 0, 0, 0, 0, 0, 0, 0, 0, 0, 0, 0, 0, 0, 0, 0, 0, 0, 0, 0, 0, 2, 1, 0, 0, 0, 0, 0, 0, 0, 1, 0, 2, 0, 0, 0, 0, 0, 0, 0, 0, 0, 1, 0, 0, 0, 1, 0, 0, 0, 1, 0, 0, 0, 3, 1, 1, 1, 0, 0, 1, 0, 0, 0, 0, 0, 0, 0, 0, 1, 0, 0, 0, 0, 0, 0, 0, 0, 0, 1, 2, 2, 1, 0, 1, 1, 0, 0, 1, 0, 1, 1, 1, 1, 0, 0, 0, 0, 0, 1, 3, 0, 0, 0, 2, 3, 0, 1, 2, 0, 0, 0, 0, 0, 0, 2, 0, 0, 0, 2, 2, 2, 6]"
考公博主吴桐塌房_最终事件描述,考公博主吴桐塌房事件始于其模考低分（28.8分）引发质疑，舆论初期呈现两极分化：一方调侃其备考真实性（“全蒙也不至于”），另一方担忧其“傻人有傻福”上岸。随着事件发酵，焦点转向其言行与公务员政审要求的冲突，衍生出“上岸即腐败”“政审危机”等戏谑梗，舆论逐渐娱乐化，形成黑色幽默创作狂欢。中期，其早期低俗视频被挖，考公动机遭质疑（“借流量敛财”），争议升级为道德批判与考公公平性质疑。后期舆论分化明显：支持者强调其“抽象娱乐”属性，反对者抨击其辱女言论与人设崩塌，政审风险成为核心议题。事件最终演变为对网红跨界考公的动机反思，热度虽降，但公众对其考公资格的信任已彻底瓦解。（198字）,1,"[0, 0, 0, 0, 0, 0, 0, 0, 0, 0, 0, 1, 0, 0, 0, 0, 0, 0, 0, 0, 2, 0, 0, 1, 1, 1, 0, 0, 0, 0, 0, 1, 0, 0, 3, 0, 2, 1, 0, 0, 0, 0, 3, 0, 1, 0, 0, 0, 0, 0, 0, 0, 0, 0, 0, 1, 0, 0, 0, 1, 0, 0, 0, 0, 0, 0, 0, 1, 0, 1, 3, 0, 1, 0, 0, 0, 0, 0, 0, 0, 0, 0, 0, 0, 1, 1, 0, 0, 0, 1, 0, 0, 0, 0, 0, 0, 4, 2, 0, 0, 0, 0, 3, 19, 16, 10, 4, 4, 6, 18, 9, 20, 11, 14, 14, 7, 8, 10, 4, 7, 2, 1, 1, 1, 0, 0, 0, 1, 1, 1, 2, 1, 3, 2, 2, 0, 1, 12, 18, 10, 7, 10, 7, 8, 1, 0, 1, 0, 2, 0, 0, 0, 2, 1, 0, 5, 6, 8, 6, 2, 3, 4, 4, 13, 14, 13, 13, 9, 5, 2, 0, 1, 0, 0, 1, 2, 6, 3, 5, 3, 4, 1, 3, 2, 0, 1, 1, 1, 1, 2, 2, 5, 2, 2, 3, 1, 0, 0, 2, 3, 6, 6, 6, 6, 8, 13, 5, 0, 1, 2, 2, 3, 1, 2, 1, 1, 1, 1, 0, 0, 0, 0, 1, 0, 1, 2, 1, 1, 3, 1, 1, 1, 0, 0, 0, 1, 1, 1, 1, 2, 0, 0, 0, 0, 0, 0, 1, 0, 0, 0, 1, 0, 2, 0, 0, 0, 0, 1, 1, 2, 1, 1, 0, 0, 0, 0, 0, 0, 0, 0, 0, 0, 0, 0, 0, 0, 0, 0, 0, 0, 0, 2, 0, 1, 0, 2, 2, 0, 0, 0, 1, 1, 0, 0, 3, 2, 5, 12, 9, 7, 9, 5, 0, 4, 1, 1, 2, 4, 0, 3, 1, 2, 2, 0, 1, 0, 0, 0, 0, 1, 0, 6, 4, 0, 3, 1, 1, 2, 1, 0, 4, 0, 1, 1, 1, 0, 0, 1, 0, 0, 0, 0, 0, 0, 0, 1, 0, 0, 1, 4, 1, 1, 2, 8, 13, 12, 16, 11, 12, 11, 18, 7, 10, 0, 1, 1, 1, 5, 4, 4, 16, 10, 17, 17, 9, 12, 79, 84, 54, 9]"
女孩遭强奸案民警被控渎职不予立案_最终事件描述,"**事件总描述：**  
一起12岁女孩遭轮奸后警方“不予立案”的案件曝光后，舆论在8小时内迅速发酵，呈现愤怒与质疑主导的爆发式增长。初期（1-5小时），公众聚焦三大矛盾：渎职认定标准不透明、媒体报道混乱引发信息失真，以及地域治安问题的延伸讨论。随着受害者母亲披露PTSD诊断书等细节（6-7小时），共情效应加剧，舆论核心转向对公权力渎职（如“保护伞”“处罚过轻”高频出现）和未成年人保护缺失的尖锐批判，同时涉案宾馆低额赔偿和12名责任人处分结果进一步激化不满。后期（8小时），质疑升级至司法公正性，网民主动@官方媒体施压，舆情呈现加速发酵态势。整体演变从个案愤怒发展为对司法系统信任危机的广泛讨论，信息混乱与情绪极化贯穿始终，凸显舆论对执法透明与未成年人权益保护的强烈诉求。",0,"[2, 1, 0, 3, 2, 23, 56, 42, 27]"
江西多名执法人员打人_最终事件描述,"江西多名执法人员打人事件在曝光后迅速引发舆论风暴，整体呈现以下发展脉络：  
**初期（1-6小时）**，视频证据推动事件爆发，网民普遍愤怒质疑官方“肢体冲突”定性，强烈谴责多人围殴行为，尤其聚焦非制服人员参与及执法程序合法性，地域标签化言论开始出现。  
**中期（7-12小时）**，舆情持续发酵，核心矛盾转向官方通报与视频画面的割裂，要求严惩涉事者、公开完整视频的呼声高涨，同时衍生出对基层执法痼疾和“临时工”现象的讽刺，地域关联（如“提灯定损”）加剧负面情绪。  
**后期（13-20小时）**，舆论从事件本身延伸至对执法生态的系统性质疑，愤怒与不信任主导，部分声音呼吁司法介入，但官方回应滞后与“无受伤”结论进一步激化矛盾。最终舆情呈现全国性扩散，核心诉求聚焦真相透明化、追责制度化及执法规范改革，反映出公众对公信力的深度焦虑。",1,"[4, 0, 6, 11, 8, 5, 6, 10, 31, 33, 42, 44, 33, 32, 33, 19, 13, 24, 69, 32]"
iphone16成本拆解_最终事件描述,iPhone 16成本拆解事件在48小时内经历了从单一质疑到多维争议的演变。初期（前20小时），舆论聚焦硬件成本与售价的悬殊差距，用户对苹果高利润率表示震惊，频繁对比华为等国产机型，情绪两极分化（调侃“暴利”与认可技术价值并存）。中期（21-30小时），讨论延伸至隐性成本（研发、关税等），争议从物料成本转向品牌溢价合理性，华为折叠屏成本成为新焦点，支持国产的声音升温。后期（31-48小时），舆论趋于理性与情绪化并存，核心矛盾集中在定价透明度与消费者心理预期的冲突：一方坚持“物料成本论”质疑苹果利润，另一方强调生态与品控价值；同时，双11降价预期和国产替代机型（如华为Mate70）分流部分关注。事件整体呈现从成本争议向行业定价机制反思的深化，反映出消费者对高端手机价值评估标准的多元分歧。,0,"[0, 0, 0, 0, 0, 0, 0, 0, 0, 0, 0, 0, 0, 0, 0, 0, 0, 0, 0, 0, 0, 0, 2, 0, 1, 1, 1, 0, 0, 1, 0, 1, 1, 1, 1, 3, 2, 0, 1, 0, 0, 0, 0, 1, 0, 1, 0, 0, 0, 0, 0, 0, 0, 0, 0, 3, 0, 3, 2, 1, 0, 0, 0, 0, 1, 0, 1, 1, 0, 0, 1, 0, 0, 0, 1, 0, 0, 0, 0, 0, 1, 0, 1, 0, 0, 0, 0, 0, 0, 0, 0, 1, 0, 1, 0, 1, 0, 0, 0, 1, 1, 2, 1, 0, 0, 0, 0, 0, 0, 1, 0, 1, 0, 0, 0, 0, 0, 0, 0, 0, 0, 1, 0, 0, 0, 0, 0, 0, 0, 0, 0, 0, 0, 0, 0, 0, 0, 0, 0, 0, 0, 0, 0, 0, 0, 0, 0, 0, 0, 0, 0, 0, 0, 0, 0, 0, 0, 0, 0, 0, 0, 0, 0, 0, 0, 0, 0, 0, 0, 0, 0, 0, 0, 0, 0, 0, 0, 0, 0, 0, 0, 0, 0, 0, 0, 0, 0, 0, 0, 0, 0, 0, 0, 0, 0, 0, 0, 0, 0, 0, 0, 0, 0, 0, 0, 0, 0, 0, 0, 0, 0, 0, 0, 0, 0, 0, 0, 0, 0, 0, 0, 0, 0, 0, 0, 0, 0, 0, 0, 0, 0, 0, 0, 0, 0, 0, 0, 0, 0, 0, 0, 0, 0, 0, 0, 0, 0, 0, 0, 0, 0, 0, 0, 0, 0, 0, 0, 0, 0, 0, 0, 0, 0, 0, 0, 0, 0, 0, 0, 0, 0, 0, 0, 0, 0, 0, 1, 0, 0, 0, 0, 0, 0, 0, 0, 0, 0, 0, 0, 0, 0, 0, 0, 0, 0, 0, 0, 0, 1, 0, 0, 0, 0, 0, 0, 0, 0, 0, 0, 0, 0, 0, 0, 0, 1, 0, 0, 0, 0, 0, 0, 0, 0, 0, 0, 0, 0, 0, 0, 0, 0, 0, 0, 0, 0, 0, 0, 0, 0, 0, 0, 0, 0, 0, 0, 0, 0, 0, 0, 0, 0, 0, 0, 0, 0, 0, 0, 0, 0, 0, 0, 0, 1, 0, 0, 0, 0, 0, 0, 0, 0, 0, 0, 0, 0, 0, 1, 0, 0, 0, 0, 0, 0, 0, 0, 0, 0, 0, 0, 0, 0, 0, 0, 0, 0, 0, 0, 0, 0, 0, 0, 0, 0, 0, 0, 0, 0, 0, 0, 0, 0, 0, 0, 0, 0, 0, 1]"
2男子偷大学生外卖被抓现行_最终事件描述,"**事件总描述：**  
两男子偷窃大学生外卖被抓现行的事件引发持续关注，舆论呈现从个体愤怒到集体维权的升级趋势。初期（1-818小时），公众强烈谴责偷窃行为，支持严惩，情绪以愤怒和嘲讽为主，部分人揭露校园类似事件频发，受害者多通过调监控维权。中期（819-820小时），更多案例曝光（如偷伞、偷药），显示惯犯常以“拿错”为借口，目标多为高价值食品；学生采取报警、围堵等强硬手段，学校管理滞后成为吐槽焦点。后期（821-829小时），舆论聚焦盗窃团伙化（如伪装认领、屡教不改）及执法争议（轻罚引发不满），同时共情学生经济压力，情绪两极分化（戏谑与呼吁严惩并存）。整体凸显校园治安漏洞与社会道德底线的碰撞，推动从个体反抗到系统性反思的演变。  
（字数：199）",0,"[2, 0, 0, 0, 0, 0, 0, 0, 0, 0, 0, 0, 0, 0, 0, 0, 0, 0, 0, 0, 0, 0, 0, 0, 0, 0, 0, 0, 0, 0, 0, 0, 0, 0, 0, 0, 0, 0, 0, 0, 0, 0, 0, 0, 0, 0, 0, 0, 0, 0, 0, 0, 0, 0, 0, 0, 0, 0, 0, 0, 0, 0, 0, 0, 0, 0, 0, 0, 0, 0, 0, 0, 0, 0, 0, 0, 0, 0, 0, 0, 0, 0, 0, 0, 0, 0, 0, 0, 0, 0, 0, 0, 0, 0, 0, 0, 0, 0, 0, 0, 0, 0, 0, 0, 0, 0, 0, 0, 0, 0, 0, 0, 0, 0, 0, 0, 0, 0, 0, 0, 0, 0, 0, 0, 0, 0, 0, 0, 0, 0, 0, 0, 0, 0, 0, 0, 0, 0, 0, 0, 0, 0, 0, 0, 0, 0, 0, 0, 0, 0, 0, 0, 0, 0, 0, 0, 0, 0, 0, 0, 0, 0, 0, 0, 0, 0, 0, 0, 0, 0, 0, 0, 0, 0, 0, 0, 0, 0, 0, 0, 0, 0, 0, 0, 0, 0, 0, 0, 0, 0, 0, 0, 0, 0, 0, 0, 0, 0, 0, 0, 0, 0, 0, 0, 0, 0, 0, 0, 0, 0, 0, 0, 0, 0, 0, 0, 0, 0, 0, 0, 0, 0, 0, 1, 0, 0, 0, 0, 0, 0, 0, 0, 0, 0, 0, 0, 0, 0, 0, 0, 0, 0, 0, 0, 0, 0, 0, 0, 0, 0, 0, 0, 0, 0, 0, 0, 0, 0, 0, 0, 0, 0, 0, 0, 0, 0, 0, 0, 0, 0, 0, 0, 0, 0, 0, 0, 0, 0, 0, 0, 0, 0, 0, 0, 0, 0, 0, 0, 0, 0, 0, 0, 0, 0, 0, 0, 0, 0, 0, 0, 0, 0, 0, 0, 0, 0, 0, 0, 0, 0, 0, 0, 0, 0, 0, 0, 0, 0, 0, 0, 0, 0, 0, 0, 0, 0, 0, 0, 0, 0, 0, 0, 0, 0, 0, 0, 0, 0, 0, 0, 0, 0, 0, 0, 0, 0, 0, 0, 0, 0, 0, 0, 0, 0, 0, 0, 0, 0, 0, 0, 0, 0, 0, 0, 0, 0, 0, 0, 0, 0, 0, 0, 0, 0, 0, 0, 0, 0, 0, 0, 0, 0, 0, 0, 0, 0, 0, 0, 0, 0, 0, 0, 0, 0, 0, 0, 0, 0, 0, 0, 0, 0, 0, 0, 0, 0, 0, 0, 0, 0, 0, 0, 0, 0, 0, 0, 0, 0, 0, 0, 0, 0, 0, 0, 0, 0, 0, 0, 0, 0, 0, 0, 0, 0, 0, 0, 0, 0, 0, 0, 0, 0, 0, 0, 0, 0, 0, 0, 0, 0, 0, 0, 0, 0, 0, 0, 0, 0, 0, 0, 0, 0, 0, 0, 0, 0, 0, 0, 0, 0, 0, 0, 0, 0, 0, 0, 0, 0, 0, 0, 0, 0, 0, 0, 0, 0, 0, 0, 0, 0, 0, 0, 0, 0, 0, 0, 0, 0, 0, 0, 0, 0, 0, 0, 0, 0, 0, 0, 0, 0, 0, 0, 0, 0, 0, 0, 0, 0, 0, 0, 0, 0, 0, 0, 0, 0, 0, 0, 0, 0, 0, 0, 0, 0, 0, 0, 0, 0, 0, 0, 0, 0, 0, 0, 0, 0, 0, 0, 0, 0, 0, 0, 0, 0, 0, 0, 0, 0, 0, 0, 0, 0, 0, 0, 0, 0, 0, 0, 0, 0, 0, 0, 0, 0, 0, 0, 0, 0, 0, 0, 0, 0, 0, 0, 0, 0, 0, 0, 0, 0, 0, 0, 0, 0, 0, 0, 0, 0, 0, 0, 0, 0, 0, 0, 0, 0, 0, 0, 0, 0, 0, 0, 0, 0, 0, 0, 0, 0, 0, 0, 0, 0, 0, 0, 0, 0, 0, 0, 0, 0, 0, 0, 0, 0, 0, 0, 0, 0, 0, 0, 0, 0, 0, 0, 0, 0, 0, 0, 0, 0, 0, 0, 0, 0, 0, 0, 0, 0, 0, 0, 0, 0, 0, 0, 0, 0, 0, 0, 0, 0, 0, 0, 0, 0, 0, 0, 0, 0, 0, 0, 0, 0, 0, 0, 0, 0, 0, 0, 0, 0, 0, 0, 0, 0, 0, 0, 0, 0, 0, 0, 0, 0, 0, 0, 0, 0, 0, 0, 0, 0, 0, 0, 0, 0, 0, 0, 0, 0, 0, 0, 0, 0, 0, 0, 0, 0, 0, 0, 0, 0, 0, 0, 0, 0, 0, 0, 0, 0, 0, 0, 0, 0, 0, 0, 0, 0, 0, 0, 0, 0, 0, 0, 0, 0, 0, 0, 0, 0, 0, 0, 0, 0, 0, 0, 0, 0, 0, 0, 0, 0, 0, 0, 0, 0, 0, 0, 0, 0, 0, 0, 0, 0, 0, 0, 0, 0, 0, 0, 0, 0, 0, 0, 0, 0, 0, 0, 0, 0, 0, 0, 0, 0, 0, 0, 0, 0, 0, 0, 0, 0, 0, 0, 0, 0, 0, 0, 0, 0, 1, 4, 1, 2, 0, 0, 1, 0, 0, 1, 1]"
xrk_最终事件描述,"**xrk事件总描述：**  
xrk事件始于对梵高画作被泼汤的突发性破坏行为，舆论演变呈现明显的阶段性特征。初期（1-3小时）讨论稀少且模糊，迅速转向戏谑化，聚焦行为荒诞性及画作真伪猜测（如“赝品”“大芬村仿制”）。中期（4-9小时）争议加剧，形成三大焦点：一是画作防护措施与真伪的广泛质疑（玻璃罩、安检漏洞）；二是对环保组织动机的批判（“作秀”“逻辑矛盾”）；三是中西文物保护差异的对比情绪。后期（10-280小时）舆论趋于理性分化，既谴责破坏行为的无效性（#3年11幅名画被袭#），又延伸至艺术资本化、制度反思等议题。整体情绪从震惊、调侃转向负面评价主导，凸显公众对极端环保行为的反感及对艺术保护机制的质疑。事件最终以对行为荒诞性与矛盾性的集体批判收尾，未形成有效共情。",0,"[0, 0, 1, 22, 11, 23, 5, 4, 1, 1, 2, 2, 2, 2, 0, 3, 11, 4, 1, 2, 0, 0, 1, 1, 1, 1, 0, 2, 0, 1, 1, 2, 2, 0, 4, 4, 1, 2, 0, 0, 0, 0, 0, 0, 1, 0, 3, 0, 0, 0, 0, 0, 0, 0, 0, 0, 0, 0, 0, 1, 0, 3, 0, 0, 0, 0, 0, 0, 0, 0, 0, 0, 1, 0, 0, 0, 0, 0, 0, 0, 0, 1, 0, 0, 1, 0, 0, 0, 0, 0, 0, 0, 0, 0, 0, 0, 0, 0, 0, 0, 0, 0, 0, 0, 0, 0, 0, 0, 1, 0, 0, 0, 1, 0, 0, 0, 0, 0, 0, 0, 0, 0, 0, 0, 0, 0, 0, 0, 0, 0, 1, 0, 0, 0, 0, 0, 0, 0, 0, 0, 0, 0, 0, 0, 0, 0, 0, 0, 0, 0, 0, 0, 0, 0, 0, 0, 0, 0, 0, 0, 0, 0, 0, 0, 0, 0, 0, 0, 0, 0, 0, 0, 0, 0, 0, 0, 0, 0, 0, 0, 0, 0, 0, 0, 0, 0, 0, 0, 0, 0, 0, 0, 0, 0, 0, 0, 0, 0, 0, 0, 0, 0, 0, 0, 0, 0, 0, 0, 0, 0, 0, 0, 0, 0, 0, 0, 0, 0, 0, 0, 0, 0, 0, 0, 0, 0, 0, 0, 0, 0, 0, 0, 0, 0, 0, 0, 0, 0, 0, 0, 0, 0, 0, 0, 0, 0, 0, 0, 0, 0, 0, 0, 0, 0, 0, 0, 0, 0, 0, 0, 0, 0, 0, 0, 0, 0, 0, 0, 0, 0, 0, 0, 0, 0, 0, 0, 0, 0, 0, 0, 0]"
749局_最终事件描述,"**749局事件总述**  
该事件始于电影《749局》上映前后的舆论发酵，呈现“超自然话题炒作→电影口碑争议→粉黑大战激化”的三阶段演变。初期（1-30小时），讨论以民间灵异经历与电影IP联动为主，猎奇情绪推动热度；中期（31-178小时），焦点转向影片质量，特效粗糙、剧情逻辑混乱及主演演技争议引发负面评价，与《上海堡垒》等“烂片”类比加剧口碑危机；后期（179-520小时），舆论彻底两极分化：粉丝以“特效进步”“演技突破”辩护，普通观众则抨击“营销欺诈”，争议扩散至行业乱象（流量明星、导演转型困境）。伴随竞片《浴火之路》的对比及粉圈互撕，事件最终演变为票房与口碑割裂的典型案例，反映国产科幻电影面临的信任危机与市场浮躁。（199字）",1,"[1, 0, 0, 1, 0, 1, 0, 0, 0, 0, 0, 0, 0, 0, 0, 0, 0, 0, 0, 0, 0, 0, 0, 0, 0, 0, 0, 0, 0, 0, 4, 3, 3, 1, 2, 2, 0, 1, 0, 0, 0, 0, 0, 0, 0, 0, 1, 0, 0, 0, 0, 0, 0, 1, 0, 1, 1, 3, 0, 0, 0, 0, 0, 0, 0, 0, 0, 0, 0, 1, 0, 0, 0, 0, 0, 1, 0, 0, 1, 0, 0, 1, 0, 0, 2, 1, 0, 0, 0, 0, 0, 0, 0, 0, 0, 1, 1, 1, 1, 0, 1, 1, 0, 0, 1, 1, 0, 0, 0, 0, 0, 0, 0, 0, 0, 0, 0, 0, 0, 0, 1, 0, 0, 1, 0, 0, 0, 1, 0, 0, 0, 0, 0, 0, 0, 1, 0, 0, 0, 0, 0, 0, 0, 1, 0, 2, 1, 1, 0, 0, 0, 3, 2, 0, 0, 0, 0, 0, 0, 0, 0, 0, 0, 0, 0, 0, 0, 0, 0, 2, 0, 0, 0, 0, 2, 0, 2, 4, 0, 1, 3, 0, 0, 2, 0, 0, 0, 0, 0, 0, 0, 0, 2, 0, 1, 2, 1, 3, 0, 0, 0, 2, 2, 4, 6, 1, 4, 2, 0, 1, 0, 0, 1, 1, 1, 3, 0, 1, 2, 4, 1, 0, 5, 2, 2, 6, 10, 9, 4, 6, 3, 3, 7, 13, 8, 14, 16, 22, 41, 30, 59, 14, 9, 15, 27, 46, 53, 122, 21, 1, 0, 0, 1, 1, 0, 1, 0, 0, 0, 0, 0, 0, 0, 0, 0, 0, 4, 2, 1, 3, 5, 2, 0, 1, 0, 3, 1, 1, 1, 0, 0, 0, 0, 0, 0, 0, 0, 0, 1, 0, 1, 0, 0, 0, 0, 0, 0, 0, 0, 0, 0, 0, 0, 0, 0, 0, 0, 0, 0, 0, 0, 0, 0, 0, 0, 0, 0, 1, 0, 0, 0, 0, 1, 0, 0, 1, 0, 0, 0, 0, 0, 0, 0, 0, 0, 1, 0, 1, 0, 1, 0, 0, 0, 0, 0, 1, 0, 1, 1, 0, 0, 0, 0, 0, 0, 0, 0, 0, 0, 0, 0, 0, 0, 0, 0, 0, 0, 0, 0, 0, 0, 0, 0, 0, 0, 0, 0, 0, 0, 0, 0, 1, 0, 0, 0, 0, 0, 0, 0, 0, 0, 0, 0, 0, 0, 0, 0, 0, 0, 0, 0, 0, 0, 0, 0, 0, 0, 0, 0, 0, 0, 0, 0, 0, 0, 0, 0, 0, 0, 1, 0, 0, 0, 0, 0, 0, 0, 0, 0, 0, 0, 0, 0, 0, 0, 0, 0, 1, 0, 0, 0, 0, 0, 0, 0, 0, 0, 0, 0, 0, 0, 0, 0, 0, 0, 0, 0, 0, 0, 0, 0, 0, 0, 0, 0, 0, 0, 0, 0, 0, 0, 0, 1, 0, 2, 0, 0, 2, 0, 0, 1, 0, 0, 0, 1, 0, 0, 0, 0, 0, 1, 1, 0, 0, 0, 1, 0, 0, 0, 0, 2, 0, 0, 0, 0, 0, 0, 1, 0, 1, 0, 1, 0, 0, 0, 0, 0, 1, 1, 0]"
伊以冲突_最终事件描述,伊以冲突爆发初期（1-23小时），舆论以震惊与信息碎片化为特征，用户反复确认事件真实性，情绪两极分化，既有对局部冲突的调侃，也有对世界大战的担忧，同时衍生出黄金涨价、美以关系等话题。中期（24-46小时），焦点转向军事行动效果与国际博弈，普遍质疑伊朗导弹袭击的实质伤害，认为其“象征性大于实战”，并猜测美以暗中操控。情绪以戏谑和反战为主，印度相关调侃意外成为热点。后期（47-60小时），舆论两极分化加剧：一方支持伊朗“硬气反击”，另一方嘲讽以色列防御漏洞，冲突被戏谑化为“S3赛季”。同时，对核战与中东大战的担忧上升，宗教因素与地缘算计成为焦点。整体呈现从躁动到戏谑再到对抗预期的演变，网络解构化表达消解冲突严肃性，但隐含对局势失控的隐忧。（199字）,0,"[0, 0, 0, 0, 0, 0, 0, 0, 0, 0, 1, 0, 0, 0, 0, 0, 0, 0, 1, 6, 2, 0, 3, 2, 4, 1, 0, 0, 1, 1, 3, 2, 3, 11, 15, 19, 15, 19, 8, 9, 4, 3, 1, 3, 3, 5, 2, 7, 7, 10, 16, 8, 4, 1, 0, 0, 3, 4, 4, 2, 0]"
被抢婴儿18年后直面人贩子_最终事件描述,"**事件总述：**  
被抢婴儿18年后直面人贩子事件引发持续42小时的舆论风暴，整体呈现“愤怒声讨—司法追问—社会反思”的三阶段演变。初期（1-9小时）情绪两极分化，聚焦母亲忍耐争议与亲子身份猜测；中期（10-20小时）舆论高度统一，强烈要求“死刑”“买卖同罪”，并盛赞哥哥担当，同时质疑庭审程序（如限制母亲旁听）；后期（21-44小时）愤怒升级为系统性批判，矛头指向买家责任、户籍漏洞及司法效率，极端刑罚呼声（如凌迟）频现，但少数理性声音呼吁法治平衡。核心矛盾始终围绕“严惩犯罪”与“保障受害者权益”，公众共情推动拐卖问题从个案上升至社会治理层面，最终形成对“零容忍”立法的集体诉求。（198字）  

**关键脉络：**  
1. **情绪驱动**：从个体共情（家庭创伤）到群体愤怒（犯罪恶劣性），最终指向制度性质疑；  
2. **焦点迁移**：人贩子惩处→买方追责→司法程序公正性→社会治理缺陷；  
3. **社会影响**：推动拐卖议题公共化，强化“买卖同罪”的立法共识。",1,"[0, 1, 0, 0, 2, 1, 0, 0, 1, 0, 20, 72, 47, 35, 24, 17, 25, 19, 9, 13, 6, 6, 5, 0, 1, 2, 1, 0, 2, 2, 5, 5, 4, 4, 3, 48, 85, 52, 60, 50, 36, 87, 101, 45]"
武磊回应遭球迷辱骂_最终事件描述,武磊回应遭球迷辱骂事件的发展呈现明显的阶段性演变。初期（1-1208小时）舆论两极分化，支持方肯定其努力并呼吁理性批评，反对方则聚焦其表现不足，反映出国足长期积怨与期待的矛盾。随后（1209-1268小时），舆论焦点转向中超球迷冲突，负面情绪主导，嘲讽球迷暴力、联赛环境及地域矛盾，公众对足球环境的失望从赛场蔓延至球迷文化。中期（1269-1325小时），韦世豪等球员卷入争议，极端言论激增，人身攻击和地域对立加剧，讨论质量低下，沦为情绪宣泄。后期（1326-1594小时），争议回归武磊个人，围绕其是否挑衅球迷、职业素养及球迷底线展开拉锯，申花与海港球迷历史积怨重提，理性声音虽呼吁克制，但整体仍陷于激烈对峙。事件从个体冲突逐步升级为对中国足球生态的全面批判，凸显球迷文化痼疾与公众长期失望情绪的爆发。,1,"[1, 0, 0, 0, 0, 0, 0, 0, 0, 0, 0, 0, 0, 0, 0, 0, 0, 0, 0, 0, 0, 0, 0, 0, 0, 0, 0, 0, 0, 0, 0, 0, 0, 0, 0, 0, 0, 0, 0, 0, 0, 0, 0, 0, 0, 0, 0, 0, 0, 0, 0, 0, 0, 0, 0, 0, 0, 0, 0, 0, 0, 0, 0, 0, 0, 0, 0, 0, 0, 0, 0, 0, 0, 0, 0, 0, 0, 0, 0, 0, 0, 0, 0, 0, 0, 0, 0, 0, 0, 0, 0, 0, 0, 0, 0, 0, 0, 0, 0, 0, 0, 0, 0, 0, 0, 0, 0, 0, 0, 0, 0, 0, 0, 0, 0, 0, 0, 0, 0, 0, 0, 0, 0, 0, 0, 0, 0, 0, 0, 0, 0, 0, 0, 0, 0, 0, 0, 0, 0, 0, 0, 0, 0, 0, 0, 0, 0, 0, 0, 0, 0, 0, 0, 0, 0, 0, 0, 0, 0, 0, 0, 0, 0, 0, 0, 0, 0, 0, 0, 0, 0, 0, 0, 0, 0, 0, 0, 0, 0, 0, 0, 0, 0, 0, 0, 0, 0, 0, 0, 0, 0, 0, 0, 0, 0, 0, 0, 0, 0, 0, 0, 0, 0, 0, 0, 0, 0, 0, 0, 0, 0, 0, 0, 0, 0, 0, 0, 0, 0, 0, 0, 0, 0, 0, 0, 0, 0, 0, 0, 0, 0, 0, 0, 0, 0, 0, 0, 0, 0, 0, 0, 0, 0, 0, 0, 0, 0, 0, 0, 0, 0, 0, 0, 0, 0, 0, 0, 0, 0, 0, 0, 0, 0, 0, 0, 0, 0, 0, 0, 0, 0, 0, 0, 0, 0, 0, 0, 0, 0, 0, 0, 0, 0, 0, 0, 0, 0, 0, 0, 0, 0, 0, 0, 0, 0, 0, 0, 0, 0, 0, 0, 0, 0, 0, 0, 0, 0, 0, 0, 0, 0, 0, 0, 0, 0, 0, 1, 0, 0, 0, 0, 0, 0, 0, 0, 0, 0, 0, 0, 0, 0, 0, 0, 0, 0, 0, 0, 0, 0, 0, 0, 0, 0, 0, 0, 0, 0, 0, 0, 0, 0, 0, 0, 0, 0, 0, 0, 0, 0, 0, 0, 0, 0, 0, 0, 0, 0, 0, 0, 0, 0, 0, 0, 0, 0, 0, 0, 0, 0, 0, 0, 0, 0, 0, 0, 0, 0, 0, 0, 0, 0, 0, 0, 0, 0, 0, 0, 0, 0, 0, 0, 0, 0, 0, 0, 0, 0, 0, 0, 0, 0, 0, 0, 0, 0, 0, 0, 0, 0, 0, 0, 0, 0, 0, 0, 0, 0, 0, 0, 0, 0, 0, 0, 0, 0, 0, 0, 0, 0, 0, 0, 0, 0, 0, 0, 0, 0, 0, 0, 0, 0, 0, 0, 0, 0, 0, 0, 0, 0, 0, 0, 0, 0, 0, 0, 0, 0, 0, 0, 0, 0, 0, 0, 0, 0, 0, 0, 0, 0, 0, 0, 0, 0, 0, 0, 0, 0, 0, 0, 0, 0, 0, 0, 0, 0, 0, 0, 0, 0, 0, 0, 0, 0, 0, 0, 0, 0, 0, 0, 0, 0, 0, 0, 0, 0, 0, 0, 0, 0, 0, 0, 0, 0, 0, 0, 0, 0, 0, 0, 0, 0, 0, 0, 0, 0, 0, 0, 0, 0, 0, 0, 0, 0, 0, 0, 0, 0, 0, 0, 0, 0, 0, 0, 0, 0, 0, 0, 0, 0, 0, 0, 0, 0, 0, 0, 0, 0, 0, 0, 0, 0, 0, 0, 0, 0, 0, 0, 0, 0, 0, 0, 0, 0, 0, 1, 0, 0, 0, 0, 0, 0, 0, 0, 0, 0, 0, 0, 0, 0, 0, 0, 0, 0, 0, 0, 0, 0, 0, 0, 0, 0, 0, 0, 0, 0, 0, 0, 0, 0, 0, 0, 0, 0, 0, 0, 0, 0, 0, 0, 0, 0, 0, 0, 0, 0, 0, 0, 0, 0, 0, 0, 0, 0, 0, 0, 0, 0, 0, 0, 0, 0, 0, 0, 0, 0, 0, 0, 0, 0, 0, 0, 0, 0, 0, 0, 0, 0, 0, 0, 0, 0, 0, 0, 0, 0, 0, 0, 1, 0, 0, 0, 0, 0, 0, 0, 0, 0, 0, 0, 0, 0, 0, 0, 0, 0, 0, 0, 0, 0, 0, 0, 0, 0, 0, 0, 0, 0, 0, 0, 0, 0, 0, 0, 0, 0, 0, 0, 0, 0, 0, 0, 0, 0, 0, 0, 0, 0, 0, 0, 0, 0, 0, 0, 0, 0, 0, 0, 0, 0, 0, 0, 0, 0, 0, 0, 0, 0, 0, 0, 0, 0, 0, 0, 0, 0, 0, 0, 0, 0, 0, 0, 0, 0, 0, 0, 0, 0, 0, 0, 0, 0, 0, 0, 0, 0, 0, 0, 0, 0, 0, 0, 0, 0, 0, 0, 0, 0, 0, 0, 0, 0, 0, 0, 0, 0, 0, 0, 0, 0, 0, 0, 0, 0, 0, 0, 0, 0, 0, 0, 0, 0, 0, 0, 0, 0, 0, 0, 0, 0, 0, 0, 0, 0, 0, 0, 0, 0, 0, 0, 0, 0, 0, 0, 0, 0, 0, 0, 0, 0, 0, 0, 0, 0, 0, 0, 0, 0, 0, 0, 0, 0, 0, 0, 0, 0, 0, 0, 0, 0, 1, 0, 0, 0, 0, 0, 0, 0, 0, 0, 0, 0, 0, 0, 0, 0, 0, 0, 0, 0, 0, 0, 0, 0, 0, 0, 0, 0, 0, 0, 0, 0, 0, 0, 0, 0, 0, 1, 0, 0, 0, 0, 0, 0, 0, 0, 0, 0, 0, 0, 0, 0, 0, 0, 0, 0, 0, 0, 0, 0, 0, 0, 0, 0, 0, 0, 0, 0, 0, 0, 0, 0, 0, 0, 0, 0, 0, 0, 0, 0, 0, 0, 0, 0, 0, 0, 0, 1, 0, 0, 0, 0, 0, 0, 0, 0, 0, 0, 0, 0, 0, 0, 0, 0, 0, 0, 0, 0, 1, 0, 0, 0, 0, 0, 0, 1, 0, 0, 0, 0, 0, 0, 0, 0, 0, 0, 0, 0, 0, 0, 0, 0, 0, 0, 0, 0, 0, 0, 0, 0, 0, 0, 0, 0, 0, 0, 1, 0, 0, 1, 0, 0, 1, 0, 0, 1, 0, 0, 0, 1, 0, 0, 0, 0, 0, 0, 0, 0, 0, 0, 0, 0, 0, 0, 1, 0, 0, 0, 0, 0, 1, 0, 0, 0, 0, 0, 0, 0, 0, 0, 0, 0, 0, 0, 0, 0, 0, 0, 0, 0, 0, 0, 0, 0, 0, 0, 0, 0, 0, 0, 0, 0, 0, 0, 0, 0, 0, 0, 0, 0, 0, 0, 0, 0, 0, 0, 0, 0, 0, 0, 0, 0, 0, 1, 0, 0, 0, 0, 0, 0, 0, 0, 0, 1, 0, 0, 0, 0, 0, 0, 0, 0, 0, 0, 0, 0, 0, 0, 0, 0, 0, 0, 0, 0, 0, 0, 0, 0, 0, 0, 0, 0, 0, 0, 0, 0, 0, 0, 0, 0, 0, 0, 0, 0, 0, 0, 0, 0, 0, 0, 0, 0, 0, 0, 0, 0, 0, 0, 0, 0, 0, 0, 0, 0, 0, 0, 0, 0, 0, 0, 0, 0, 0, 0, 0, 0, 0, 0, 0, 0, 0, 0, 0, 0, 0, 0, 0, 0, 0, 0, 0, 0, 0, 0, 0, 0, 0, 0, 0, 0, 0, 0, 0, 0, 0, 0, 0, 0, 0, 8, 8, 8, 20, 3, 10, 3, 7, 2, 4, 8, 14, 6, 22, 18, 31, 27, 27, 26, 13, 12, 5, 6, 9, 13, 15, 7, 5, 4, 2, 2, 1, 0, 1, 1, 2, 0, 3, 3, 20, 52, 40, 13, 5, 16, 19, 6, 0, 1, 6, 16, 14, 6, 0, 4, 2, 2, 1, 2, 0, 7, 18, 23, 4, 9, 18, 18, 19, 23, 19, 34, 38, 2, 2, 0, 3, 0, 0, 0, 0, 0, 0, 0, 0, 0, 1, 0, 0, 1, 0, 0, 0, 0, 1, 1, 1, 0, 0, 3, 16, 13, 5, 1, 0, 0, 0, 0, 3, 3, 0, 1, 1, 3, 0, 2, 2, 1, 6, 15, 9, 8, 9, 31, 38, 63, 73, 52, 35, 8, 10, 15, 11, 14, 8, 9, 5, 6, 4, 5, 3, 8, 6, 5, 3, 7, 6, 6, 6, 7, 5, 6, 3, 4, 2, 2, 4, 3, 2, 5, 3, 2, 2, 2, 2, 2, 3, 2, 2, 1, 2, 2, 2, 2, 2, 0, 1, 1, 1, 0, 1, 2, 1, 0, 0, 1, 1, 1, 0, 1, 1, 0, 3, 2, 2, 2, 1, 1, 0, 1, 0, 0, 0, 0, 0, 1, 0, 0, 1, 0, 1, 1, 1, 1, 2, 3, 2, 3, 1, 3, 3, 2, 1, 1, 1, 1, 0, 1, 1, 1, 2, 1, 1, 0, 1, 0, 0, 1, 1, 0, 1, 0, 0, 1, 0, 1, 0, 0, 0, 0, 0, 0, 0, 0, 0, 1, 0, 0, 0, 0, 0, 0, 0, 0, 0, 0, 1, 0, 0, 0, 0, 0, 0, 0, 0, 0, 0, 0, 0, 0, 0, 0, 1, 0, 0, 0, 0, 0, 0, 0, 0, 0, 0, 0, 0, 0, 1, 0, 0, 0, 0, 0, 0, 0, 0, 0, 0, 0, 0, 0, 0, 0, 0, 0, 0, 0, 0, 0, 0, 0, 0, 0, 0, 0, 0, 0, 0, 0, 0, 0, 0, 0, 0, 0, 0, 0, 0, 1, 0, 0, 0, 0, 0, 0, 0, 0, 0, 0, 0, 0, 0, 0, 0, 0, 0, 0, 0, 0, 0, 0, 1, 0, 0, 0, 0, 0, 0, 0, 0, 0, 0, 0, 0, 0, 0, 0, 0, 0, 0, 0, 0, 0, 0, 0, 0, 0, 0, 1]"
俄乌以1比21交换遗体_最终事件描述,"俄乌以1比21交换遗体事件在24小时内引发舆论持续震荡，整体呈现以下发展脉络：  
**初期（1-20小时）**，舆论焦点集中于战损比争议与和平呼吁，乌克兰的高比例损失引发震惊，反战情绪高涨，双方支持者围绕数据真实性展开辩论，但普遍对战争残酷性产生反思。  
**中期（21-23小时）**，讨论进一步分化：战损比被广泛解读为俄军战场优势的证据或乌方战术撤退的结果，阵营化争论加剧，同时人道主义关切（如平民伤亡、人口危机）与政治化指责（涉及泽连斯基、北约等）交织。  
**后期（24-25小时）**，舆论两极固化，亲俄方强调军事成果，亲乌方质疑数据或淡化意义，但跨立场共识是对和平的诉求。衍生讨论扩展至战场技术（无人机）、国际博弈等，信息真实性仍是核心争议。  
**总结**：事件凸显战争代价的集体痛感，同时加剧舆论对立，数据解读受立场驱动，反战情绪与军事分析长期并存。（199字）",1,"[1, 1, 0, 0, 0, 0, 0, 0, 0, 0, 0, 0, 0, 0, 0, 0, 0, 0, 0, 7, 46, 59, 69, 39, 48]"
海关扣下价值11万元盲盒_最终事件描述,"海关扣下价值11万元盲盒事件的发展呈现明显的阶段性特征：  
**初期（1-300小时）**，舆论以质疑与调侃为主，焦点集中在查处动机（如“内鬼举报”）和黄金去向，公众对执法透明度表现出不信任，同时衍生出对走私手法和国内外金价差的讨论。  
**中期（300-1600小时）**，事件逐渐娱乐化，网友通过表情包、网络梗（如“盲盒开箱”）消解严肃性，但核心争议仍围绕扣押合理性与物品处置流程，部分讨论偏离至社会议题。  
**后期（1600-1698小时）**，情绪分化加剧：一方面，民族情绪高涨，出现“战狼”“东风快递”等泛政治化表达；另一方面，普法需求凸显，对走私界定、税率规则等理性讨论增多，但信息混乱与极端化言论并存。  
整体来看，事件从执法争议转向娱乐化解构，最终在民族主义与法律争议交织中收尾，反映出公众对跨境监管认知的模糊性与情绪化表达倾向。（199字）",0,"[0, 0, 0, 0, 0, 0, 0, 0, 0, 0, 0, 2, 0, 0, 2, 0, 1, 0, 0, 0, 0, 0, 0, 0, 0, 0, 0, 0, 0, 1, 0, 0, 0, 1, 0, 0, 0, 0, 0, 1, 0, 0, 1, 0, 0, 0, 0, 0, 0, 0, 0, 0, 0, 0, 0, 0, 2, 0, 1, 6, 0, 0, 0, 0, 0, 0, 0, 0, 0, 0, 0, 0, 0, 0, 0, 0, 0, 0, 0, 0, 0, 0, 0, 0, 0, 0, 0, 0, 0, 0, 0, 0, 0, 1, 0, 0, 0, 0, 0, 0, 0, 0, 0, 0, 0, 1, 1, 0, 1, 2, 3, 2, 5, 1, 4, 0, 0, 3, 3, 0, 2, 0, 0, 0, 0, 0, 0, 2, 0, 0, 1, 2, 4, 1, 1, 0, 1, 1, 1, 2, 1, 2, 6, 0, 2, 0, 0, 0, 0, 0, 0, 0, 0, 1, 1, 2, 0, 0, 0, 2, 0, 0, 0, 1, 2, 1, 2, 0, 0, 0, 2, 0, 0, 1, 0, 1, 0, 0, 0, 0, 1, 0, 1, 1, 0, 0, 0, 0, 2, 2, 0, 2, 0, 0, 1, 0, 0, 0, 0, 0, 0, 1, 1, 2, 1, 0, 1, 1, 1, 0, 0, 2, 0, 0, 1, 1, 1, 1, 0, 0, 1, 0, 0, 0, 0, 0, 0, 0, 0, 0, 1, 1, 0, 0, 1, 1, 0, 0, 2, 0, 0, 0, 1, 0, 0, 1, 0, 0, 2, 0, 0, 0, 1, 0, 1, 0, 0, 3, 0, 1, 0, 0, 0, 1, 0, 2, 1, 1, 0, 0, 0, 0, 0, 2, 0, 0, 0, 0, 1, 1, 0, 1, 3, 0, 0, 0, 2, 1, 1, 0, 0, 0, 0, 0, 1, 0, 0, 0, 0, 0, 0, 1, 5, 0, 0, 0, 2, 0, 0, 1, 0, 0, 0, 1, 0, 0, 0, 0, 0, 1, 0, 2, 1, 2, 3, 2, 0, 2, 0, 2, 1, 0, 0, 1, 2, 1, 1, 1, 0, 0, 0, 0, 0, 0, 0, 0, 3, 0, 3, 1, 2, 3, 1, 1, 1, 1, 0, 0, 1, 0, 0, 1, 0, 0, 1, 0, 0, 1, 0, 2, 0, 0, 2, 0, 2, 0, 0, 0, 0, 2, 0, 2, 0, 1, 0, 1, 0, 1, 0, 0, 0, 0, 0, 0, 0, 0, 0, 0, 0, 0, 0, 0, 0, 1, 0, 0, 0, 0, 1, 0, 0, 0, 0, 0, 0, 1, 0, 0, 0, 0, 0, 0, 0, 1, 0, 0, 0, 0, 0, 0, 0, 0, 0, 0, 0, 0, 0, 0, 0, 0, 0, 0, 0, 0, 0, 0, 0, 0, 0, 0, 0, 0, 0, 0, 1, 0, 0, 0, 0, 0, 0, 0, 0, 0, 0, 0, 0, 0, 0, 0, 1, 0, 0, 0, 0, 0, 0, 0, 0, 0, 0, 0, 0, 0, 0, 0, 0, 0, 0, 1, 0, 0, 0, 0, 0, 0, 0, 0, 0, 0, 1, 0, 1, 0, 0, 0, 0, 0, 0, 0, 1, 0, 0, 0, 0, 0, 0, 0, 0, 0, 0, 0, 0, 0, 0, 0, 0, 0, 0, 0, 0, 0, 0, 0, 0, 0, 0, 0, 0, 0, 0, 0, 0, 0, 0, 1, 0, 0, 0, 0, 0, 0, 2, 0, 0, 0, 0, 0, 0, 0, 0, 1, 0, 0, 0, 0, 0, 1, 0, 1, 0, 0, 1, 0, 0, 0, 0, 0, 0, 1, 0, 0, 0, 0, 0, 0, 0, 0, 1, 0, 0, 0, 0, 1, 0, 2, 0, 1, 0, 0, 0, 0, 0, 0, 0, 0, 0, 1, 0, 0, 0, 0, 0, 0, 0, 0, 0, 2, 0, 1, 0, 0, 0, 0, 0, 0, 0, 0, 0, 0, 0, 0, 0, 0, 0, 0, 0, 0, 0, 0, 0, 0, 0, 0, 0, 1, 0, 0, 0, 0, 0, 0, 0, 0, 0, 0, 0, 0, 0, 0, 0, 0, 0, 0, 0, 0, 1, 0, 1, 0, 0, 0, 1, 0, 0, 0, 0, 0, 0, 0, 0, 0, 0, 0, 0, 1, 0, 0, 0, 0, 0, 1, 0, 0, 0, 0, 0, 0, 0, 0, 0, 0, 0, 0, 0, 0, 0, 0, 0, 0, 0, 0, 0, 0, 0, 0, 0, 0, 0, 0, 0, 0, 0, 0, 0, 0, 0, 0, 0, 0, 0, 0, 0, 0, 0, 0, 0, 0, 0, 0, 0, 0, 0, 2, 0, 0, 0, 1, 0, 0, 0, 0, 0, 0, 0, 0, 0, 0, 0, 0, 0, 0, 0, 0, 0, 0, 1, 0, 1, 0, 0, 0, 0, 0, 0, 0, 0, 0, 0, 0, 0, 0, 0, 0, 0, 0, 0, 0, 0, 0, 0, 0, 0, 0, 0, 0, 0, 0, 0, 0, 0, 0, 0, 0, 1, 0, 0, 0, 0, 0, 0, 0, 0, 0, 0, 0, 1, 0, 0, 0, 0, 0, 0, 0, 0, 0, 0, 0, 0, 0, 0, 0, 0, 0, 0, 0, 0, 0, 0, 0, 0, 0, 0, 0, 0, 0, 0, 0, 0, 0, 0, 0, 0, 0, 0, 0, 0, 0, 0, 0, 0, 1, 0, 0, 0, 0, 0, 0, 0, 0, 0, 0, 0, 0, 0, 0, 0, 0, 0, 0, 0, 0, 0, 0, 0, 0, 0, 0, 0, 0, 0, 0, 0, 0, 0, 0, 0, 0, 0, 0, 0, 0, 0, 0, 0, 0, 0, 0, 0, 0, 0, 0, 0, 0, 0, 0, 0, 0, 0, 0, 0, 0, 0, 0, 0, 0, 0, 0, 0, 0, 0, 0, 0, 0, 0, 0, 0, 0, 0, 0, 0, 0, 0, 0, 0, 0, 0, 0, 0, 0, 0, 0, 0, 0, 0, 0, 0, 0, 0, 0, 0, 0, 0, 0, 0, 0, 0, 0, 0, 0, 0, 0, 0, 0, 0, 0, 0, 0, 0, 0, 0, 0, 0, 0, 0, 1, 0, 0, 0, 0, 0, 0, 0, 0, 0, 0, 0, 0, 0, 1, 0, 0, 0, 0, 0, 0, 0, 0, 0, 0, 0, 0, 0, 0, 0, 0, 0, 0, 0, 0, 0, 0, 0, 0, 0, 0, 0, 0, 0, 0, 0, 0, 0, 0, 1, 0, 0, 0, 0, 0, 0, 0, 0, 0, 0, 0, 0, 0, 0, 0, 0, 0, 0, 1, 1, 0, 0, 0, 0, 0, 1, 0, 2, 1, 1, 1, 1, 1, 0, 0, 1, 0, 1, 0, 0, 0, 0, 0, 1, 0, 0, 0, 0, 0, 0, 0, 0, 0, 1, 0, 0, 0, 1, 0, 0, 0, 0, 2, 0, 0, 0, 1, 0, 0, 0, 0, 0, 0, 0, 0, 0, 0, 0, 0, 0, 0, 0, 0, 1, 0, 1, 0, 0, 0, 0, 0, 1, 0, 1, 0, 0, 0, 0, 0, 0, 0, 0, 0, 0, 0, 0, 0, 0, 0, 0, 0, 0, 0, 0, 0, 0, 0, 1, 0, 0, 0, 0, 0, 0, 0, 0, 0, 0, 0, 0, 0, 0, 0, 1, 0, 0, 0, 0, 0, 1, 0, 0, 0, 0, 0, 0, 1, 0, 0, 0, 0, 0, 1, 2, 1, 0, 1, 0, 1, 0, 1, 1, 0, 0, 0, 0, 0, 0, 0, 0, 0, 0, 0, 1, 0, 1, 0, 1, 1, 0, 0, 2, 1, 0, 0, 0, 0, 1, 0, 0, 0, 0, 0, 0, 0, 0, 0, 0, 0, 0, 0, 0, 0, 0, 0, 0, 0, 0, 0, 0, 1, 0, 0, 0, 0, 0, 0, 0, 0, 0, 0, 0, 0, 1, 0, 0, 0, 1, 0, 0, 0, 0, 1, 0, 0, 0, 0, 0, 0, 0, 0, 0, 0, 0, 0, 0, 0, 0, 0, 0, 0, 0, 0, 0, 0, 0, 0, 1, 1, 0, 0, 0, 0, 0, 0, 0, 0, 0, 0, 0, 0, 0, 0, 0, 0, 0, 0, 0, 0, 0, 0, 0, 0, 0, 0, 0, 0, 0, 0, 0, 0, 0, 0, 0, 0, 0, 0, 0, 0, 0, 1, 0, 0, 0, 0, 0, 0, 0, 0, 0, 0, 0, 0, 0, 1, 0, 0, 0, 0, 0, 0, 0, 0, 0, 0, 0, 0, 0, 0, 0, 0, 0, 0, 0, 0, 0, 0, 0, 0, 0, 0, 0, 0, 0, 0, 0, 0, 0, 0, 0, 0, 0, 1, 0, 1, 0, 0, 0, 0, 0, 0, 0, 0, 0, 0, 1, 0, 0, 0, 0, 0, 1, 0, 0, 0, 0, 0, 0, 0, 0, 0, 0, 0, 0, 0, 0, 0, 0, 0, 0, 0, 0, 0, 0, 0, 0, 0, 0, 0, 0, 0, 0, 0, 0, 0, 0, 0, 0, 0, 0, 0, 0, 0, 0, 0, 0, 0, 0, 0, 0, 0, 1, 0, 0, 0, 0, 0, 0, 0, 0, 0, 0, 0, 0, 0, 0, 0, 0, 0, 0, 0, 0, 1, 2, 0, 0, 0, 1, 1, 1, 0, 0, 0, 0, 0, 0, 0, 0, 0, 0, 0, 0, 0, 0, 1, 0, 1, 0, 0, 0, 1, 1, 0, 0, 0, 1, 0, 1, 0, 0, 0, 0, 0, 0, 0, 0, 0, 1, 0, 0, 1, 0, 0, 0, 0, 0, 0, 0, 0, 0, 0, 0, 0, 0, 0, 0, 0, 0, 0, 0, 0, 0, 0, 0, 0, 0, 0, 0, 1, 0, 0, 0, 2, 0, 0, 0, 0, 0, 0, 0, 0, 0, 0, 0, 0, 0, 1, 0, 0, 0, 0, 0, 0, 1, 0, 0, 0, 0, 0, 0, 0, 0, 0, 0, 0, 0, 0, 0, 0, 0, 0, 0, 0, 0, 0, 1, 1, 0, 0, 0, 0, 0, 1, 0, 0, 0, 0, 0, 0, 0, 0, 1, 0, 0, 0, 0, 0, 0, 0, 0, 0, 0, 0, 0, 0, 0, 0, 0, 0, 0, 0, 0, 0, 0, 0, 0, 0, 0, 0, 0, 0, 0, 0, 0, 3, 2, 1, 2, 1, 2, 1, 0, 2, 0, 0, 0, 1, 0, 0, 1, 2, 1, 1, 2, 1, 0, 2, 0, 0, 0, 1, 0, 2, 1, 1, 0, 0, 0, 1, 0, 0, 1, 1, 2, 2, 7, 1, 5, 8, 10, 10, 31, 34, 1]"
陈德容王蓉吵起来了_最终事件描述,"**事件总述：**  
《乘风2025》中王蓉一公淘汰引发持续争议，舆论核心围绕“实力派遭遇不公”展开。初期（1-24小时），观众质疑节目组“压错宝”，认为王蓉（唱跳俱佳、代表作情怀）遭边缘化淘汰，类比王心凌案例呼吁复活，同时批评芒果台“剧本化”“重流量轻实力”。中期（25-72小时），央视置顶王蓉表演视频助推声浪，陈德容因排练态度消极（如拒绝高效方案、情绪化）被批“拖累团队”，双方冲突升级为“专业与资历”对立，王蓉支持率飙升至80%。后期（73-153小时），舆论彻底倒向王蓉，陈德容口碑崩塌（“玻璃心”“倚老卖老”），节目组被指刻意制造冲突，淘汰机制与公平性遭广泛质疑，#复活王蓉#成主流诉求。事件从表演争议演变为对行业规则（资本操控、年龄歧视）的批判，芒果台公信力严重受损。",1,"[1, 13, 45, 33, 37, 26, 20, 32, 29, 13, 28, 16, 22, 17, 26, 20, 3, 5, 0, 4, 2, 1, 2, 8, 7, 11, 12, 5, 6, 8, 6, 4, 6, 6, 8, 9, 8, 9, 11, 11, 9, 0, 2, 2, 4, 5, 7, 6, 13, 18, 21, 19, 17, 18, 5, 6, 8, 6, 15, 15, 11, 22, 72, 71, 37, 18, 13, 6, 7, 12, 38, 33, 33, 32, 39, 45, 29, 15, 30, 17, 34, 34, 29, 42, 32, 27, 23, 15, 8, 11, 1, 2, 2, 5, 13, 16, 19, 14, 12, 17, 18, 16, 12, 16, 26, 35, 42, 55, 72, 52, 49, 39, 19, 6, 4, 3, 6, 5, 26, 32, 35, 36, 18, 23, 30, 18, 9, 12, 17, 13, 11, 13, 5, 9, 7, 8, 2, 1, 0, 0, 2, 2, 0, 8, 4, 4, 7, 28, 200, 236, 264, 294, 362, 1]"
美英对也门多地发动空袭_最终事件描述,"美英对也门发动的空袭事件引发了持续且激烈的舆论反应，整体呈现以下发展趋势：  

**初期（1-12小时）**：舆论迅速聚焦于对美英军事行动的谴责，普遍批评其“以大欺小”“霸权行径”，同时调侃也门防空能力薄弱（如“沙漠捡导弹”）。情绪以愤怒和讽刺为主，夹杂对冲突升级的担忧（如“三战前兆”）。  

**中期（13-36小时）**：反美英情绪持续高涨，支持胡塞武装反击的声浪增强，部分言论呼吁外部援助或攻击美英本土。军事技术讨论增多（如防空武器需求），地缘关联性加强（如与巴以冲突、红海航道挂钩）。  

**后期（37-424小时）**：舆论逐渐分化，极端化言论（如核战煽动）与调侃性表达并存，同时显现“战争疲劳”。对美英的批评仍占主导，但认知模糊（如误读也门地理位置）和娱乐化消解（如熬夜梗）冲淡事件严肃性。整体趋势反映对强权干预的反感、对地区局势恶化的忧虑，以及舆论场的极化与麻木。",1,"[5, 25, 54, 49, 30, 28, 5, 4, 0, 9, 14, 15, 29, 42, 77, 116, 96, 70, 98, 68, 48, 62, 81, 216, 266, 230, 193, 152, 120, 106, 52, 25, 14, 13, 32, 52, 76, 61, 40, 56, 61, 17, 1, 1, 0, 0, 1, 0, 1, 2, 1, 1, 1, 1, 0, 0, 0, 1, 0, 0, 0, 0, 0, 0, 0, 0, 0, 0, 0, 0, 0, 0, 0, 1, 0, 0, 0, 0, 0, 0, 0, 0, 0, 0, 1, 0, 0, 0, 0, 0, 0, 0, 0, 0, 0, 0, 0, 0, 0, 0, 0, 0, 0, 0, 0, 0, 0, 0, 0, 0, 0, 0, 0, 0, 0, 0, 0, 0, 0, 0, 0, 0, 0, 0, 0, 0, 0, 0, 0, 0, 0, 0, 0, 0, 0, 0, 0, 0, 0, 0, 0, 0, 0, 0, 0, 0, 0, 0, 0, 0, 0, 0, 0, 0, 0, 0, 0, 0, 0, 0, 0, 0, 0, 0, 0, 0, 0, 0, 0, 0, 0, 0, 0, 0, 0, 0, 0, 0, 0, 0, 0, 0, 0, 0, 0, 0, 0, 0, 0, 0, 0, 0, 0, 0, 0, 0, 0, 0, 0, 0, 0, 0, 0, 0, 0, 0, 0, 0, 0, 0, 0, 0, 0, 0, 0, 0, 0, 0, 0, 0, 0, 0, 0, 0, 0, 0, 0, 0, 0, 0, 0, 0, 0, 0, 0, 0, 0, 0, 0, 0, 0, 0, 0, 0, 0, 0, 0, 0, 0, 0, 0, 0, 0, 0, 0, 0, 0, 0, 0, 0, 0, 0, 0, 0, 0, 0, 0, 0, 0, 0, 0, 0, 0, 0, 0, 0, 0, 0, 0, 0, 0, 0, 0, 0, 0, 0, 0, 0, 0, 0, 0, 0, 0, 0, 0, 0, 0, 0, 0, 0, 0, 0, 0, 0, 1, 2, 4, 7, 6, 2, 1, 1, 0, 1, 0, 18, 6, 3, 0, 3, 1, 2, 4, 4, 6, 5, 6, 3, 1, 3, 0, 1, 0, 2, 0, 0, 1, 0, 0, 0, 0, 1, 0, 0, 0, 0, 0, 1, 0, 0, 0, 0, 0, 0, 0, 0, 1, 0, 0, 0, 0, 1, 0, 0, 0, 1, 0, 0, 0, 0, 0, 0, 0, 0, 0, 0, 0, 0, 0, 0, 0, 0, 0, 0, 0, 0, 0, 0, 0, 0, 0, 0, 0, 0, 0, 0, 0, 0, 0, 0, 0, 0, 0, 0, 0, 0, 0, 0, 0, 0, 0, 0, 0, 0, 0, 0, 0, 0, 0, 0, 0, 0, 0, 0, 0]"
青岛大爷（完结版）_最终事件描述,青岛大爷（完结版）事件始于一名佩戴红袖章的大爷与摆摊大学生的冲突视频曝光，迅速引发舆论风暴。事件初期（1-12小时），90%以上评论集中批判大爷“滥用职权”“红卫兵作风”，并关联“青岛大虾”等历史负面标签，地域攻击与代际矛盾凸显。中期（13-72小时），舆论持续发酵，焦点从个体行为转向对基层权力滥用的系统性批判，“红袖章执法权”“临时工现象”成为核心争议，官方回应缺位加剧不满，青岛旅游形象严重受损，网民频繁对比淄博管理模式。后期（73-360小时），舆情呈现两极化：一方持续谴责权力傲慢并抵制青岛旅游，另一方呼吁理性看待个案；事件逐渐符号化为“最小权力最大刁难”的社会痛点，延伸至对退休金制度、城市治理的深层讨论。尽管官方最终通报涉事者为“外聘临时工并辞退”，但舆情始终未完全平息，反映出公众对公权力规范与地域形象修复的长期焦虑。,1,"[1, 0, 8, 8, 5, 6, 2, 2, 3, 5, 5, 0, 16, 17, 25, 19, 24, 10, 11, 14, 10, 2, 2, 2, 5, 14, 13, 19, 18, 13, 25, 9, 20, 15, 11, 7, 6, 9, 6, 18, 7, 7, 8, 622, 787, 1211, 1027, 542, 403, 269, 162, 171, 145, 133, 191, 163, 143, 131, 88, 62, 41, 39, 24, 37, 48, 140, 183, 207, 185, 112, 118, 96, 59, 73, 90, 93, 85, 89, 76, 93, 55, 61, 72, 31, 36, 13, 14, 26, 35, 54, 100, 70, 101, 77, 79, 63, 68, 40, 54, 40, 34, 44, 28, 22, 52, 43, 29, 24, 8, 8, 12, 2, 17, 21, 61, 64, 39, 38, 31, 34, 38, 36, 41, 62, 50, 40, 21, 25, 20, 23, 26, 30, 25, 6, 8, 19, 17, 54, 102, 96, 89, 86, 90, 50, 37, 27, 29, 15, 32, 12, 13, 25, 34, 21, 23, 6, 4, 7, 5, 4, 3, 11, 24, 18, 7, 17, 12, 9, 10, 10, 7, 6, 12, 13, 4, 17, 12, 10, 4, 2, 3, 0, 1, 0, 3, 3, 13, 5, 7, 4, 10, 5, 5, 8, 11, 16, 13, 8, 18, 12, 11, 7, 2, 1, 0, 0, 0, 0, 1, 1, 2, 0, 2, 3, 1, 2, 1, 1, 4, 1, 0, 0, 0, 3, 0, 2, 0, 1, 2, 0, 0, 0, 0, 2, 3, 1, 2, 1, 0, 1, 2, 0, 0, 3, 2, 4, 2, 1, 1, 1, 1, 1, 0, 0, 1, 1, 0, 3, 1, 0, 0, 1, 0, 1, 3, 2, 0, 0, 0, 0, 0, 0, 0, 0, 0, 0, 0, 0, 0, 0, 0, 0, 0, 0, 0, 0, 0, 0, 0, 0, 0, 0, 0, 0, 0, 0, 0, 0, 0, 0, 0, 0, 0, 0, 0, 0, 0, 0, 0, 0, 0, 0, 0, 0, 0, 0, 0, 0, 0, 0, 0, 0, 0, 0, 0, 0, 0, 0, 0, 0, 0, 0, 0, 0, 0, 0, 0, 0, 0, 0, 0, 0, 0, 0, 0, 0, 0, 0, 0, 0, 0, 0, 0, 0, 0, 0, 0, 0, 0, 0]"
网约车车祸致女子流产平台被判全责_最终事件描述,"**事件总述**：  
网约车车祸致孕妇流产事件引发持续争议，舆论发展呈现责任追问、情感对立与社会议题延展的三阶段特征。初期（1-231小时），焦点集中于平台全责判罚的合理性，舆论分化明显：一方谴责司机违规变道及平台管理漏洞，另一方则质疑孕妇自身责任，同时衍生出对网约车保险乱象及智能驾驶安全的讨论。中期（232小时起），矛盾升级为三大核心：赔偿金额（9万元）被批远低于试管婴儿等特殊群体的实际损失；责任划分中司机免责引发“纵容危险驾驶”的担忧；孕妇出行安全焦虑加剧，部分司机拒载倾向暴露行业服务缺陷。整体趋势从个案责任争议转向对公共安全、弱势群体权益及平台监管的深层反思，情绪由愤怒与对立逐渐演变为对系统性问题的无力感。",0,"[1, 0, 0, 0, 0, 0, 0, 0, 0, 0, 0, 0, 0, 0, 0, 0, 0, 0, 0, 0, 0, 0, 0, 0, 0, 0, 0, 0, 0, 0, 0, 0, 0, 0, 0, 0, 0, 0, 0, 0, 0, 0, 1, 0, 0, 0, 0, 0, 0, 0, 0, 0, 0, 0, 0, 0, 0, 0, 0, 1, 0, 0, 0, 0, 0, 0, 0, 0, 0, 0, 0, 0, 0, 0, 0, 0, 0, 0, 0, 0, 0, 0, 0, 0, 0, 0, 0, 0, 0, 0, 0, 0, 0, 0, 0, 0, 0, 0, 0, 0, 0, 0, 0, 0, 0, 0, 0, 0, 0, 0, 0, 0, 0, 0, 0, 0, 0, 0, 0, 0, 0, 0, 0, 0, 1, 0, 0, 0, 0, 0, 0, 1, 0, 0, 1, 0, 0, 0, 0, 0, 0, 0, 0, 0, 0, 0, 0, 0, 0, 0, 1, 0, 0, 0, 0, 0, 0, 1, 0, 0, 0, 0, 0, 0, 0, 0, 0, 1, 0, 0, 0, 0, 0, 0, 0, 0, 0, 0, 0, 0, 0, 0, 0, 0, 0, 0, 1, 0, 0, 0, 0, 0, 0, 0, 0, 0, 0, 0, 0, 2, 0, 0, 1, 1, 1, 1, 1, 2, 1, 0, 0, 0, 1, 1, 0, 0, 0, 0, 0, 0, 0, 0, 1, 2, 5, 0, 3, 3, 2, 1, 4, 4, 39]"
北京税务局原局长李亚民被查_最终事件描述,北京税务局原局长李亚民被查事件曝光后，舆论迅速发酵并呈现鲜明的批判倾向。初期（1-10小时），公众讨论高度聚焦其外貌特征，超80%的评论以“肥头大耳”“相由心生”等表述将体型与贪腐直接关联，形成外貌羞辱为主的宣泄模式，同时30%的言论延伸至对监管体系的质疑。中期（11-161小时），舆论持续强化外貌与腐败的刻板联想，并衍生出对茅台消费、股市等社会议题的讽刺，情绪以愤怒与嘲讽为主。值得注意的是，三三集团案支持者借机穿插发声，形成次要声浪。整个事件反映出公众对官员廉洁性的深度不信任，以及将外在形象与道德品质挂钩的固化认知，舆论场始终未脱离对公权力腐败的集体批判框架。,0,"[1, 5, 3, 1, 1, 3, 2, 3, 4, 6, 12, 11, 5, 5, 0, 2, 3, 3, 4, 1, 1, 2, 3, 2, 2, 2, 2, 2, 0, 0, 0, 0, 0, 2, 1, 2, 4, 5, 0, 4, 2, 1, 2, 3, 1, 0, 0, 1, 0, 0, 0, 0, 0, 0, 0, 0, 0, 0, 0, 0, 0, 0, 0, 1, 0, 1, 0, 0, 0, 0, 1, 1, 0, 0, 0, 0, 0, 0, 0, 0, 0, 0, 0, 0, 0, 0, 0, 0, 1, 0, 0, 0, 0, 0, 0, 0, 0, 0, 0, 0, 0, 0, 0, 0, 0, 0, 0, 0, 0, 0, 0, 0, 1, 0, 0, 0, 0, 1, 0, 0, 0, 1, 0, 0, 0, 0, 0, 0, 0, 0, 0, 3, 0, 1, 1, 0, 0, 0, 0, 1, 0, 0, 0, 0, 0, 0, 0, 1, 0, 0, 0, 0, 0, 0, 1, 0, 0, 1, 0, 0, 0]"
名媛培训班_最终事件描述,名媛培训班事件在近25天的舆论发酵中，呈现出从猎奇调侃到深度争议的演变轨迹。初期（前584小时），公众态度两极分化：大量网友表现出参与兴趣，询问报名细节并戏谑“拼单名媛”现象，同时负面评价逐渐浮现，涉及灰色产业链揭露和社会阶层讽刺。中期（585-591小时），讨论转向现实焦虑与道德批判的碰撞，就业压力催生功利化考量，而“现代瘦马”“PUA类比”等指控加剧争议，性别特权议题被引入。后期（592-594小时），舆论焦点集中到价值观冲突，支持者以“阶层跃迁捷径”辩护，反对者则通过“捞女培训”“同质化审美”等标签强化批判，明星关联案例（如黄晓明）和罗翔观点被广泛引用，推动事件娱乐化与道德反思并行。整体呈现戏谑表象下对虚荣文化、性别物化和法律边界的深层焦虑，热度持续但污名化趋势显著。,0,"[0, 0, 0, 0, 0, 0, 0, 0, 0, 0, 0, 0, 0, 0, 0, 0, 0, 0, 0, 0, 0, 0, 0, 0, 0, 0, 0, 0, 0, 0, 0, 0, 0, 0, 0, 0, 0, 0, 0, 0, 0, 0, 0, 0, 0, 0, 0, 0, 0, 0, 0, 0, 0, 0, 0, 0, 0, 0, 0, 0, 0, 0, 0, 0, 0, 0, 0, 0, 0, 0, 0, 0, 0, 0, 0, 0, 0, 0, 0, 0, 0, 0, 0, 0, 0, 0, 0, 0, 0, 0, 0, 0, 0, 0, 0, 0, 0, 0, 0, 0, 0, 0, 0, 0, 0, 0, 0, 0, 0, 0, 0, 0, 0, 0, 0, 0, 0, 0, 0, 0, 0, 0, 0, 0, 0, 0, 0, 0, 0, 0, 0, 0, 0, 0, 0, 0, 0, 0, 0, 0, 0, 0, 0, 0, 0, 0, 0, 0, 0, 0, 0, 0, 0, 0, 0, 0, 0, 0, 0, 0, 0, 0, 0, 0, 0, 0, 0, 0, 0, 0, 0, 0, 0, 0, 0, 0, 0, 0, 0, 0, 0, 0, 0, 0, 0, 0, 0, 0, 0, 0, 0, 0, 0, 0, 0, 0, 0, 0, 0, 0, 0, 0, 0, 0, 0, 0, 0, 0, 0, 0, 0, 0, 0, 0, 0, 0, 0, 0, 0, 0, 0, 0, 0, 0, 0, 0, 0, 0, 0, 0, 0, 0, 0, 0, 0, 0, 0, 0, 0, 0, 0, 0, 0, 0, 0, 0, 0, 0, 0, 0, 0, 0, 0, 0, 0, 0, 0, 0, 0, 0, 0, 0, 0, 0, 0, 0, 0, 0, 0, 0, 0, 0, 0, 0, 0, 0, 0, 0, 0, 0, 0, 0, 0, 0, 0, 0, 0, 0, 0, 0, 0, 0, 0, 0, 0, 0, 0, 0, 0, 0, 0, 0, 0, 0, 0, 0, 0, 0, 0, 0, 0, 0, 0, 0, 0, 0, 0, 0, 0, 0, 0, 0, 0, 0, 0, 0, 0, 0, 0, 0, 0, 0, 0, 0, 0, 0, 0, 0, 0, 0, 0, 0, 0, 0, 0, 0, 0, 0, 0, 0, 0, 0, 0, 0, 0, 0, 0, 0, 0, 0, 0, 0, 0, 0, 0, 0, 0, 0, 0, 0, 0, 0, 0, 0, 0, 0, 0, 0, 0, 0, 0, 0, 0, 0, 0, 0, 0, 0, 0, 0, 0, 0, 0, 0, 0, 0, 0, 0, 0, 0, 0, 0, 0, 0, 0, 0, 0, 0, 0, 0, 0, 0, 0, 0, 0, 0, 0, 0, 0, 0, 0, 0, 0, 0, 0, 0, 0, 0, 0, 0, 0, 0, 0, 0, 0, 0, 0, 0, 0, 0, 0, 0, 0, 0, 0, 0, 0, 0, 1, 0, 0, 0, 0, 0, 0, 0, 0, 0, 0, 0, 0, 0, 0, 0, 0, 0, 0, 0, 0, 0, 0, 0, 0, 0, 0, 0, 0, 0, 0, 0, 0, 0, 0, 0, 0, 0, 0, 0, 0, 0, 0, 0, 0, 0, 0, 0, 0, 0, 0, 0, 0, 0, 0, 0, 0, 0, 0, 0, 0, 0, 0, 0, 0, 0, 0, 0, 0, 0, 0, 0, 0, 0, 0, 0, 0, 0, 0, 0, 0, 0, 0, 0, 0, 0, 0, 0, 0, 0, 0, 0, 0, 0, 0, 0, 0, 0, 0, 0, 0, 0, 0, 0, 0, 0, 0, 0, 0, 0, 1, 0, 0, 0, 0, 0, 0, 0, 0, 0, 0, 0, 0, 0, 0, 0, 1, 0, 2, 0, 0, 0, 0, 0, 0, 0, 2, 9, 0, 1, 0, 0, 0, 23, 35, 22]"
iPhone被锁10年机主否认造假_最终事件描述,iPhone被锁10年事件在84小时内呈现明显的阶段性演变。初期（1-6小时）舆论以怀旧情绪与技术质疑为主，用户感慨老款iPhone（如4s）触发的“时间胶囊”效应，同时质疑锁机机制合理性；中期（7-24小时）形成集体记忆共鸣，衍生出对数字遗产、时代符号（如音悦台）的讨论，但版权争议与真实性追问逐渐浮现；后期（25-84小时）质疑声量显著增强，焦点转向逻辑漏洞（电池寿命、日历机制）和营销嫌疑，机主否认造假后舆论两极分化，支持者呼吁理性，反对者类比“巴黎作业”等造假案例。整体趋势从感性怀旧转向理性争议，最终因缺乏实锤证据而热度衰减，呈现“猎奇—共情—质疑—疲态”的传播路径，反映公众对网络事件从情感驱动到事实求证的常态过程。（199字）,0,"[4, 0, 1, 2, 2, 2, 2, 4, 1, 3, 1, 0, 3, 0, 0, 2, 0, 0, 0, 1, 0, 0, 0, 0, 3, 0, 1, 2, 3, 3, 2, 5, 5, 1, 0, 1, 4, 1, 0, 0, 0, 0, 0, 0, 0, 0, 1, 1, 0, 1, 1, 0, 1, 1, 0, 1, 2, 2, 1, 0, 1, 0, 1, 0, 0, 1, 0, 0, 0, 0, 0, 0, 0, 0, 1, 1, 0, 0, 1, 2, 1, 0, 0, 0]"
超15000台车违法占用应急车道_最终事件描述,"**事件总述：**  
超15000台车违法占用应急车道事件持续发酵，舆论演变呈现三阶段特征：  
1. **初期（1-19小时）**：舆论误植为“博物馆儿童破坏展品”事件，焦点集中于家庭教育与公共管理责任争议，愤怒情绪主导，要求家长赔偿、加强防护的呼声高涨。  
2. **中期（20-60小时）**：回归占道事件本体，舆论转向处罚力度争议。主流声音认为现行200元罚款、扣6分处罚过轻，呼吁效仿深圳“3000元+6分”标准，甚至提出吊销驾照等严惩措施。地域差异（如江浙人性化管理与深圳重罚对比）和执法公平性质疑（罚款“创收”调侃）成为焦点。  
3. **后期（61-484小时）**：讨论深化至执法机制优化，包括举报奖励、物理隔离等建议，同时应急车道的“生命通道”属性被反复强调。尽管少数声音合理化占用行为（如拥堵时临时通行），但公众共识倾向于通过重罚与统一标准维护秩序。  
**核心矛盾**始终围绕违法成本过低、执法标准不统一与公共安全诉求的冲突，折射出对交通治理效率与公平性的双重期待。（199字）",1,"[0, 0, 0, 2, 2, 4, 2, 3, 3, 1, 0, 5, 12, 13, 20, 23, 19, 21, 25, 31, 0, 0, 0, 0, 0, 1, 6, 5, 0, 0, 0, 0, 0, 0, 0, 0, 0, 0, 0, 0, 0, 0, 0, 0, 0, 0, 0, 1, 0, 1, 0, 1, 1, 1, 0, 0, 0, 0, 0, 2, 3, 10, 1, 6, 3, 2, 1, 1, 0, 1, 0, 1, 0, 0, 1, 0, 0, 1, 0, 0, 0, 1, 1, 1, 2, 0, 1, 0, 0, 0, 0, 0, 0, 0, 2, 1, 0, 0, 0, 0, 1, 0, 0, 0, 0, 0, 0, 0, 0, 0, 0, 0, 0, 0, 0, 0, 1, 3, 0, 0, 0, 0, 0, 0, 0, 0, 0, 0, 0, 0, 0, 0, 0, 0, 0, 0, 0, 0, 0, 0, 0, 0, 0, 0, 0, 0, 0, 0, 0, 0, 0, 0, 0, 0, 0, 0, 0, 1, 0, 0, 0, 0, 0, 0, 0, 0, 0, 0, 0, 0, 0, 0, 0, 0, 0, 0, 0, 0, 0, 0, 0, 0, 0, 0, 0, 0, 0, 0, 0, 0, 0, 0, 0, 0, 0, 0, 0, 0, 0, 0, 0, 0, 0, 0, 0, 0, 0, 0, 0, 0, 0, 0, 0, 0, 0, 0, 0, 0, 0, 0, 0, 0, 0, 0, 0, 0, 0, 0, 0, 0, 0, 0, 0, 0, 0, 0, 0, 0, 0, 0, 0, 1, 0, 0, 0, 0, 0, 0, 0, 0, 1, 0, 0, 2, 0, 0, 1, 1, 0, 0, 0, 0, 1, 0, 3, 0, 1, 1, 0, 0, 0, 0, 0, 0, 0, 0, 1, 1, 0, 0, 0, 0, 0, 0, 1, 0, 0, 0, 1, 0, 1, 0, 0, 0, 0, 0, 0, 0, 0, 0, 0, 0, 0, 0, 0, 1, 1, 0, 0, 1, 1, 0, 0, 1, 0, 0, 0, 0, 0, 0, 0, 0, 0, 0, 1, 0, 0, 0, 1, 0, 0, 1, 0, 1, 0, 0, 0, 1, 0, 0, 0, 0, 0, 0, 0, 0, 0, 0, 2, 0, 1, 0, 0, 0, 0, 0, 0, 0, 0, 2, 0, 0, 0, 1, 0, 0, 1, 0, 0, 0, 0, 0, 0, 2, 0, 0, 2, 1, 0, 0, 0, 0, 1, 0, 2, 0, 1, 0, 0, 0, 0, 0, 0, 0, 0, 0, 0, 0, 0, 0, 0, 0, 0, 0, 0, 0, 0, 0, 0, 0, 1, 0, 0, 1, 0, 0, 0, 0, 0, 0, 0, 0, 0, 0, 0, 0, 0, 1, 0, 0, 0, 0, 0, 0, 0, 1, 0, 0, 0, 0, 1, 0, 0, 0, 0, 0, 0, 0, 0, 0, 0, 0, 0, 1, 0, 0, 0, 1, 0, 0, 0, 0, 0, 0, 0, 0, 0, 0, 0, 1, 0, 0, 0, 0, 0, 0, 0, 0, 0, 0, 0, 0, 0, 0, 0]"
果农_最终事件描述,"**果农事件总描述：**  

云南昭通果农（后部分澄清为商贩）拦路强卖苹果事件在48小时内迅速发酵，舆论呈现明显的负面情绪升级与地域标签化趋势。初期，事件因危险占道、强买强卖行为引发公愤，被类比为“车匪路霸”，网民普遍谴责其违法性并质疑当地执法缺位（如警车在场未干预）。随后，矛盾从个案蔓延至地域形象危机，昭通苹果遭遇集体抵制，连带云南旅游、投资意愿受冲击。官方通报因内容模糊、首段植入广告等引发二次舆情，进一步削弱公信力。尽管少数声音呼吁区分涉事商贩与正规果农，但主流舆论持续标签化昭通乃至云南，关联历史负面事件（如熊猫案），形成“治理无能”“民风彪悍”等刻板印象。事件最终从消费纠纷升级为公共安全与地域信任危机，暴露基层执法滞后与舆情应对不足，长期影响昭通农产品信誉及文旅形象。（199字）",1,"[0, 8, 7, 4, 2, 2, 0, 0, 0, 0, 0, 4, 21, 24, 54, 60, 49, 97, 187, 139, 170, 201, 214, 222, 219, 162, 112, 75, 68, 38, 24, 20, 15, 13, 32, 53, 78, 59, 60, 53, 63, 31, 25, 21, 26, 38, 16, 17, 17, 18, 58, 4, 6, 7, 3, 2, 2, 2, 3, 2, 2, 3, 1, 0, 2, 0, 2, 1, 1, 1, 0, 2, 2, 1, 2, 1, 0, 2, 0, 0, 0, 1, 0, 0, 1, 0, 2, 0, 2, 0, 1, 1, 0, 0, 1, 0, 0, 0, 0, 1, 1, 0, 0, 0, 0, 0, 1, 0, 1, 1, 1, 1, 0, 1, 0, 0, 0, 1, 1, 0, 2, 1, 0, 0, 0, 0, 1, 0, 0, 0, 0, 1, 0, 1, 1, 1, 2, 0, 1, 0, 1, 1, 0, 0, 1, 1, 1, 0, 0, 0, 0, 0, 0, 0, 0, 1, 1, 0, 0, 0, 0, 1, 1, 0, 1, 0, 1, 0, 1, 0, 0, 0, 0, 0, 0, 0, 0, 0, 0, 0, 1, 0, 0, 1, 1, 0, 1, 1, 1, 0, 0, 0, 0, 0, 0, 0, 0, 0, 0, 0, 0, 0, 0, 0, 0, 0, 0, 0, 0, 0, 0, 1, 0, 0, 0, 0, 0, 0, 0, 0, 0, 0, 0, 0, 0, 0, 0, 0, 0, 0, 0, 0, 0, 0, 0, 0, 0, 0, 0, 0, 0, 0, 0, 0, 0, 0, 0, 0, 0, 0, 0, 0, 0, 0, 0, 0, 0, 0, 0, 0, 0, 0, 0, 0, 0, 0, 0, 0, 0, 0, 0, 0, 0, 0, 0, 0, 0, 0, 0, 0, 0, 0, 0]"
赵樱子说提迪幂孟扎是被迫_最终事件描述,"**赵樱子“提迪幂孟扎被迫”事件总述**  

该事件始于赵樱子公开声称相关言论为“被迫”，初期引发广泛争议，舆论迅速分化：质疑者抨击其“蹭热度”“炒作”，翻出过往争议言行（如碰瓷顶流、直播翻车）加深负面印象；支持者则强调其演技（如“林多美”角色）及可能遭遇的行业不公。随着时间推移，讨论从事件本身逐渐泛化，关联至综艺剧本操控、演员收入不平等等行业乱象，并波及迪丽热巴等女星。中期后，公众情绪以嘲讽与反感为主，其公信力持续消解，路人缘下滑。后期热度递减，焦点转向同期综艺（如赵露思、唐嫣表现）及内娱生态调侃，仅零星提及赵樱子早期作品或同情其网暴遭遇。整体呈现“高开低走”趋势，从具体争议演变为对娱乐圈现象的集体反思，最终在公众注意力分散中淡出。",0,"[0, 0, 0, 0, 0, 0, 0, 0, 0, 0, 0, 0, 0, 0, 0, 0, 0, 0, 0, 0, 0, 0, 0, 0, 0, 0, 0, 0, 0, 0, 0, 0, 1, 0, 0, 0, 0, 1, 0, 0, 0, 0, 1, 0, 0, 0, 0, 0, 0, 0, 0, 1, 0, 0, 0, 0, 0, 1, 0, 1, 0, 1, 0, 0, 0, 0, 0, 0, 0, 0, 0, 0, 0, 0, 0, 0, 0, 0, 0, 0, 0, 0, 0, 0, 1, 0, 0, 0, 0, 0, 0, 0, 1, 1, 0, 0, 0, 0, 0, 2, 0, 0, 0, 0, 0, 0, 0, 0, 0, 0, 0, 0, 0, 0, 0, 0, 0, 0, 0, 0, 0, 0, 0, 0, 0, 0, 0, 0, 0, 0, 0, 0, 0, 0, 0, 0, 0, 0, 0, 0, 0, 0, 0, 0, 0, 0, 0, 0, 0, 0, 0, 0, 0, 0, 0, 0, 0, 0, 0, 0, 0, 0, 0, 0, 0, 0, 0, 0, 0, 0, 0, 0, 1, 0, 0, 0, 0, 0, 0, 0, 1, 0, 0, 0, 0, 0, 0, 0, 0, 0, 0, 0, 0, 0, 0, 0, 0, 1, 0, 0, 0, 1, 0, 0, 0, 0, 0, 0, 0, 0, 0, 0, 0, 0, 0, 0, 0, 0, 1, 0, 0, 0, 1, 0, 0, 4, 1, 2, 1, 1, 0, 0, 0, 0, 0, 0, 0, 0, 0, 0, 0, 0, 1, 0, 0, 0, 0, 0, 1, 0, 0, 0, 1, 1, 0, 0, 1, 0, 0, 0, 0, 0, 0, 0, 0, 0, 0, 0, 0, 0, 0, 0, 0, 0, 0, 1, 0, 0, 0, 0, 0, 0, 0, 0, 0, 0, 0, 0, 0, 0, 0, 0, 0, 0, 0, 0, 0, 0, 0, 0, 1, 0, 0, 0, 0, 0, 0, 0, 0, 0, 0, 0, 0, 0, 0, 0, 0, 0, 0, 1, 0, 1, 0, 0, 0, 0, 0, 1, 0, 0, 0, 0, 0, 0, 1, 0, 0, 0, 0, 0, 0, 0, 1, 0, 0, 0, 0, 1, 2, 3, 1, 1, 0, 0, 0, 0, 0, 0, 1, 0, 1, 1, 1, 0, 0, 0, 0, 0, 0, 0, 1, 0, 1, 1, 0, 0, 0, 0, 0, 0, 0, 0, 0, 0, 0, 1, 1, 0, 1, 1, 1, 0, 0, 0, 0, 0, 0, 1, 0, 1, 0, 0, 0, 0, 0, 0, 0, 0, 0, 0, 0, 0, 1, 1, 0, 0, 0, 0, 0, 0, 1, 2, 0, 0, 0, 0, 0, 0, 0, 0, 0, 2, 0, 1, 1, 2, 3, 0, 1, 0, 1, 0, 0, 2, 2, 4, 2, 1, 0, 0, 0, 0, 0, 1, 1, 1, 0, 1, 3, 22, 43, 61, 13, 15, 15, 0]"
国庆机票价格跳水_最终事件描述,国庆机票价格跳水事件呈现动态演变的复杂态势：初期消费者对部分航线低价与热门城市缺票的供需矛盾反应分化，中期焦点转向航班时间不合理、返程票暴涨及服务问题（如临时取消、退改难），后期舆论逐渐升级为对航司营销套路和市场乱象的集体质疑。事件全程凸显三大特征：一是价格波动争议贯穿始终，部分航线“先涨后降”或临近假期骤降引发提前购票者强烈不满，而冷门线路低价与热门返程天价票并存；二是出行方式分化，高铁因稳定性获青睐，部分消费者转向周边游或“宅家”抵制调调休；三是经济环境关联性凸显，舆论普遍将降价归因于运力过剩、消费降级及旅游市场遇冷。最终事件反映出节假日出行供需错配、信息不对称与消费者理性化趋势的深层矛盾，航空旅游市场信任度受损。（198字）,0,"[0, 0, 0, 1, 0, 0, 1, 0, 0, 0, 0, 0, 0, 0, 0, 0, 0, 0, 0, 0, 0, 0, 0, 0, 0, 0, 0, 0, 0, 0, 0, 0, 0, 0, 0, 0, 0, 0, 0, 0, 0, 0, 0, 0, 0, 0, 0, 0, 0, 0, 0, 0, 0, 0, 0, 0, 0, 0, 0, 0, 0, 0, 0, 0, 0, 0, 0, 0, 1, 0, 0, 0, 0, 0, 0, 0, 0, 1, 0, 0, 0, 0, 0, 0, 0, 0, 0, 0, 0, 0, 0, 1, 0, 0, 0, 0, 0, 0, 0, 0, 0, 0, 0, 0, 0, 0, 0, 0, 0, 0, 0, 0, 0, 0, 0, 0, 0, 0, 0, 0, 0, 0, 0, 0, 0, 0, 0, 0, 0, 0, 0, 0, 0, 0, 0, 0, 0, 0, 4, 0, 0, 0, 0, 0, 0, 3, 10, 5, 10, 4]"
男子虐猫被判入狱40年_最终事件描述,**男子虐猫被判入狱40年事件**的舆论发展呈现明显的阶段性特征。初期（前15-18小时），评论迅速两极分化：支持者以“虐待动物可能升级为暴力犯罪”为由强烈支持重判，呼吁反虐待动物立法；反对者则质疑量刑过重或对比国内外法律差异，隐含对司法公平性的争议。情绪以愤怒为主，伴随对动物权与人权界限的辩论。中期（19-20小时），舆论持续发酵，支持严惩的声音占据主导，高频引用“连环杀人案前科”论强化关联性，同时出现对施虐者的旧账清算；少数质疑转向政治议题。后期（21-39小时），支持立法与严惩的呼声达到高峰，强调虐杀与宰杀的本质区别，并对比美国法律主张与国际接轨。愤怒情绪加剧，标签化言论增多，讨论延伸至流浪动物管理，但核心始终围绕对施虐者的道德谴责与法律严惩诉求。整体来看，事件从争议性判决逐步演变为推动动物保护立法的社会讨论，情绪化表达贯穿始终，司法公正与动物权利的平衡成为核心矛盾。,0,"[1, 0, 0, 0, 0, 0, 0, 0, 0, 0, 0, 0, 1, 0, 3, 34, 32, 9, 13, 4, 14, 7, 3, 1, 4, 2, 0, 0, 1, 1, 1, 1, 1, 2, 4, 4, 3, 4, 1]"
13岁男孩_最终事件描述,"**13岁男孩夏令营体罚事件总述**  
该事件始于男孩在夏令营疑似遭过量体罚（如300个俯卧撑/深蹲）致身体损伤，引发持续超300小时的舆情风暴。初期舆论（1-74小时）以愤怒为主，集中谴责机构暴力、质疑夏令营安全性，并反思教育惩戒边界。中期（75-104小时）争议两极分化：一方抨击体罚远超儿童承受极限，另一方归咎于青少年体质下降，同时官方调查滞后加剧不信任。后期（105-311小时）焦点转向家长责任与行业乱象，多数批评家长盲目送训、机构缺乏资质，并关联多起类似案例，揭示封闭式训练的系统性风险。  

事件演变呈现**“个体伤害—制度批判—社会反思”**的递进：从对具体体罚行为的声讨，升级为对教育功利化、监管缺失及代际教育理念冲突的深层讨论。横纹肌溶解等医学术语的普及，进一步推动公众关注儿童健康权益。最终舆论共识倾向于反对“暴力改造”，呼吁家庭与社会的协同保护机制。（199字）",0,"[0, 0, 0, 0, 0, 0, 0, 0, 0, 0, 0, 0, 0, 0, 0, 1, 0, 0, 0, 0, 0, 1, 1, 0, 1, 1, 0, 0, 0, 0, 0, 0, 0, 0, 0, 0, 0, 0, 0, 0, 0, 0, 0, 0, 0, 0, 0, 0, 0, 0, 0, 0, 0, 0, 0, 0, 0, 0, 0, 0, 0, 0, 0, 0, 0, 0, 0, 0, 0, 0, 0, 0, 1, 0, 13, 6, 2, 1, 0, 4, 2, 0, 2, 1, 1, 1, 1, 0, 1, 0, 0, 0, 0, 0, 2, 3, 2, 1, 3, 3, 1, 2, 1, 2, 12, 5, 3, 0, 2, 0, 1, 1, 0, 2, 10, 7, 4, 11, 12, 2, 4, 0, 0, 0, 1, 1, 1, 1, 1, 0, 1, 1, 0, 0, 0, 0, 0, 0, 0, 0, 2, 2, 1, 2, 1, 1, 0, 0, 1, 1, 0, 0, 0, 0, 0, 0, 0, 0, 0, 0, 0, 0, 1, 1, 1, 0, 0, 0, 1, 0, 0, 0, 0, 0, 0, 1, 10, 0, 0, 0, 0, 0, 0, 0, 0, 1, 0, 0, 0, 0, 0, 0, 0, 0, 0, 0, 0, 1, 1, 0, 0, 0, 1, 0, 0, 1, 0, 0, 0, 0, 0, 0, 0, 0, 0, 0, 0, 0, 0, 0, 0, 0, 1, 0, 0, 0, 0, 0, 0, 0, 0, 0, 0, 0, 0, 0, 1, 0, 0, 0, 0, 0, 0, 0, 0, 0, 0, 0, 0, 0, 0, 0, 0, 0, 0, 0, 0, 0, 0, 0, 0, 0, 0, 0, 0, 1, 0, 0, 0, 0, 0, 0, 1, 0, 0, 0, 0, 0, 0, 0, 0, 0, 0, 0, 0, 0, 0, 0, 0, 0, 0, 0, 0, 0, 0, 0, 0, 0, 0, 0, 0, 0, 0, 0, 0, 0, 0, 2, 1, 0, 0]"
张继科问黑龙江男队要不要人_最终事件描述,张继科询问黑龙江男队意向事件持续发酵，舆论呈现明显的两极分化与动态演变。初期（1-108小时），支持者基于其历史成就（如“445大满贯”）呼吁复出或执教，反对者则聚焦赌博争议及流量质疑，讨论伴随甲亢哥等关联话题扩散。中期（109-120小时），舆论转向复出可行性的理性争议，黑龙江队未回应引发地域调侃（如“酸菜梗”），混双搭档（王曼昱）和全运会设想成为新焦点，情绪混杂怀旧与娱乐化解读。后期（121-133小时），支持者持续强调技术实力（“霸王拧”）和商业价值，但涉赌争议与年龄（41岁）问题被反复提及；法律澄清（官司胜诉）和教练互动玩笑性质逐渐被认可，整体情绪趋缓，转向对其职业生涯的回顾。事件从狂热复出呼吁逐步演变为道德、竞技与现实考量的复杂博弈，官方始终未明确回应，最终以怀旧情绪与争议并存收尾。（199字）,0,"[0, 0, 0, 0, 0, 0, 0, 0, 0, 0, 0, 0, 0, 0, 0, 0, 0, 0, 0, 0, 0, 0, 0, 0, 0, 0, 0, 0, 0, 0, 0, 0, 0, 0, 0, 0, 0, 0, 0, 0, 0, 0, 0, 1, 0, 1, 0, 2, 0, 0, 0, 1, 0, 0, 0, 2, 3, 0, 2, 5, 0, 0, 0, 1, 0, 0, 0, 0, 0, 0, 0, 0, 0, 0, 0, 0, 0, 0, 0, 0, 1, 0, 0, 0, 0, 0, 0, 0, 0, 1, 0, 0, 1, 0, 0, 2, 0, 2, 0, 1, 0, 0, 1, 1, 1, 2, 1, 2, 7, 16, 13, 13, 10, 4, 8, 4, 9, 7, 10, 5, 5, 2, 0, 1, 5, 0, 4, 2, 7, 9, 6, 10, 10, 0]"
NPC假借游戏猥亵女孩获刑1年半_最终事件描述,"**事件总述：**  
NPC假借游戏猥亵未成年女孩事件引发持续舆论风暴。初期（前6小时）舆论以愤怒谴责为主，聚焦行为恶劣性及对经典形象的冒犯，并强烈要求追责。随后（7-9小时），讨论迅速裂变扩散，网民通过@媒体扩大声量，情绪升级为震惊与后怕，玫瑰表情高频出现声援受害者，同时引发对游戏互动边界及场所安全的反思。中期（10-126小时），争议转向量刑过轻与行业监管，超八成评论质疑“1年半”刑期不足以惩戒犯罪，并联名密室、鬼屋等场所的安全隐患，女性保护议题凸显。后期（127-142小时），舆论持续分化，主流声音仍谴责量刑过轻，呼吁严惩（如无期、化学阉割），部分质疑案件细节或司法公正性，极端观点与性别对立内容混杂。整体趋势显示，事件从个案谴责逐步演变为对司法公正、娱乐行业监管及性别安全的系统性反思，愤怒与恐慌情绪贯穿始终，社会影响深远。",0,"[0, 0, 0, 0, 0, 1, 6, 2, 9, 5, 8, 1, 3, 0, 0, 0, 0, 0, 0, 1, 0, 2, 0, 3, 0, 1, 0, 1, 0, 0, 0, 2, 0, 1, 0, 0, 0, 0, 0, 0, 0, 0, 1, 0, 0, 0, 0, 0, 0, 0, 0, 0, 0, 0, 0, 0, 0, 0, 0, 0, 0, 0, 0, 0, 0, 0, 0, 0, 1, 2, 0, 0, 0, 0, 0, 0, 0, 0, 1, 0, 0, 0, 0, 0, 0, 0, 0, 0, 0, 0, 0, 0, 0, 0, 0, 0, 0, 0, 0, 0, 0, 0, 0, 0, 0, 0, 0, 0, 0, 0, 0, 0, 0, 0, 0, 0, 0, 0, 0, 0, 3, 2, 0, 0, 3, 2, 7, 7, 83, 11, 4, 4, 0, 1, 1, 0, 1, 0, 0, 3, 23, 54]"
妻子举报丈夫出轨上海一财政局副科长_最终事件描述,"**事件总描述：**  
妻子举报丈夫（上海嘉定区财政局副科长）出轨事件持续发酵，舆论呈现多阶段演变：初期（1-219小时）聚焦出轨与贪腐关联，情绪分化明显，既有对公职人员作风的严厉谴责与调侃，也有对证据真实性和调查进度的质疑，性别议题与受害者归因争论初现。中期（220-227小时）舆论两极分化加剧，一方呼吁严查体制内监督漏洞，批评官方回应迟缓；另一方则转向八卦细节与性别对立，公信力质疑成为新焦点。后期（228-229小时）哺乳期出轨与露骨聊天记录引爆伦理争议，公众情绪从愤怒延伸至对婚恋道德滑坡的集体焦虑，戏谑与严肃批评并存。整体趋势显示，事件从个体婚变逐步升级为对公职人员私德、体制监督及社会道德标准的广泛讨论，官方信息滞后进一步加剧舆情复杂性。（198字）",0,"[0, 0, 0, 0, 0, 0, 0, 0, 0, 0, 0, 0, 0, 0, 0, 0, 0, 0, 0, 0, 0, 0, 1, 0, 0, 0, 0, 0, 0, 0, 0, 0, 0, 0, 0, 0, 0, 0, 0, 0, 0, 0, 0, 0, 0, 0, 0, 0, 0, 0, 1, 0, 0, 0, 0, 0, 0, 0, 0, 0, 0, 0, 0, 0, 0, 0, 0, 0, 0, 0, 0, 0, 0, 0, 0, 0, 0, 0, 0, 0, 0, 0, 0, 0, 0, 0, 0, 0, 0, 0, 0, 0, 0, 0, 0, 0, 0, 0, 0, 0, 0, 0, 0, 0, 0, 0, 0, 0, 0, 0, 0, 0, 0, 0, 1, 0, 0, 0, 0, 0, 0, 0, 0, 0, 0, 0, 0, 0, 0, 0, 0, 0, 0, 0, 0, 0, 0, 0, 0, 0, 0, 0, 0, 0, 0, 0, 0, 0, 0, 0, 0, 0, 0, 0, 0, 1, 1, 0, 0, 0, 0, 0, 0, 0, 0, 0, 0, 0, 0, 0, 0, 0, 0, 0, 0, 0, 2, 3, 2, 0, 2, 2, 0, 0, 0, 0, 0, 2, 1, 1, 1, 0, 0, 0, 0, 1, 0, 0, 1, 0, 0, 0, 0, 1, 0, 2, 0, 0, 1, 0, 0, 0, 1, 1, 0, 2, 1, 2, 4, 10, 1, 4, 7, 6, 1, 6, 7, 112, 8]"
徐州多人占铁轨拍照逼停火车头(2)_最终事件描述,"**徐州多人占铁轨拍照逼停火车头事件总述**  
该事件因多人违规占据铁轨拍照导致火车紧急停驶而引发持续发酵的舆论风暴。初期（1-14小时），舆论以强烈谴责为主，聚焦涉事者漠视安全、法律意识淡薄及铁路管理漏洞，中外对比与极端言论（如“直接撞”）频现。中期（15-32小时），讨论深化至网红文化畸形（如“出片至上”）、平台监管缺责及地域标签化（如“徐州”“轨媛”），愤怒与讽刺情绪交织，部分澄清事发地为废弃铁轨但未成主流。后期（33-426小时），舆论持续高压，呼吁依法严惩（如危害公共安全罪）并强化执法，同时衍生对公共安全教育、社会规则意识的反思。极端化表达（如“碾死”）虽存但渐弱，核心矛盾始终围绕安全、法律与网络文化乱象，整体呈现从情绪宣泄向责任归因与制度反思的过渡。",1,"[0, 0, 0, 1, 0, 0, 2, 3, 4, 3, 0, 0, 1, 5, 6, 4, 1, 0, 3, 2, 1, 1, 1, 1, 0, 1, 2, 0, 13, 8, 41, 41, 37, 31, 31, 21, 6, 7, 4, 8, 1, 5, 5, 6, 3, 2, 2, 3, 3, 10, 15, 9, 9, 5, 5, 2, 1, 5, 1, 2, 2, 0, 2, 1, 2, 5, 1, 5, 1, 2, 10, 4, 3, 1, 5, 1, 18, 4, 3, 0, 1, 2, 1, 2, 0, 0, 0, 0, 1, 1, 0, 0, 2, 0, 1, 0, 2, 1, 2, 0, 0, 1, 0, 0, 3, 1, 0, 0, 0, 0, 1, 0, 0, 0, 0, 1, 0, 0, 0, 1, 0, 0, 1, 0, 0, 1, 0, 0, 0, 0, 0, 0, 0, 0, 0, 0, 0, 0, 1, 0, 0, 0, 0, 0, 0, 0, 0, 1, 0, 0, 0, 0, 0, 0, 0, 0, 0, 1, 1, 0, 0, 0, 0, 0, 0, 0, 0, 0, 0, 0, 0, 0, 1, 0, 0, 0, 0, 0, 0, 0, 0, 0, 0, 0, 0, 0, 0, 0, 0, 0, 0, 0, 0, 0, 0, 0, 0, 0, 0, 0, 0, 1, 0, 0, 0, 1, 1, 0, 1, 0, 0, 1, 0, 0, 0, 0, 0, 1, 0, 0, 0, 0, 0, 0, 0, 0, 0, 0, 0, 0, 0, 0, 0, 0, 0, 0, 0, 0, 0, 0, 0, 0, 0, 0, 0, 0, 0, 0, 0, 0, 0, 0, 0, 0, 0, 0, 0, 0, 3, 0, 0, 0, 0, 1, 0, 0, 0, 0, 0, 0, 0, 0, 0, 0, 0, 0, 0, 0, 0, 0, 0, 0, 0, 0, 0, 0, 0, 0, 0, 0, 0, 0, 0, 0, 0, 0, 0, 0, 0, 0, 0, 0, 0, 0, 0, 0, 0, 0, 0, 0, 0, 0, 0, 0, 0, 0, 0, 0, 0, 0, 0, 0, 0, 0, 0, 0, 0, 0, 0, 1, 0, 0, 0, 0, 0, 0, 0, 0, 0, 0, 0, 0, 0, 0, 0, 0, 0, 0, 0, 0, 0, 0, 0, 0, 0, 0, 0, 0, 0, 0, 0, 0, 0, 0, 0, 0, 0, 0, 0, 0, 0, 0, 0, 0, 0, 0, 0, 0, 0, 0, 0, 0, 0, 0, 0, 0, 0, 0, 0, 0, 1, 2, 0, 0, 0, 1, 0, 3, 0, 0, 1, 0, 0, 0, 0, 0, 0, 0, 0, 0, 0, 0, 0, 0, 0, 0, 0, 0, 0, 0, 0, 0, 0, 0, 0, 0, 1]"
石家庄民宿_最终事件描述,石家庄民宿偷拍事件始于消费者曝光民宿内安装隐蔽摄像头，随后迅速演变为一场涉及治安、公信力与地域形象的舆论风暴。事件初期（1-24小时），舆论以地域调侃和质疑事件真实性为主，但伴随涉事民宿老板被曝摄像头直连手机、报警后遭围堵等细节流出，焦点转向对警方（尤其是“老周”角色）与民宿方勾结的猜测。中期（25-48小时），官方通报被批避重就轻，未能平息对偷拍产业链和保护伞的质疑，地域情绪激化，“避雷河北旅游”等标签蔓延。后期（49-314小时），事件升级为对地方治理的系统性质疑，关联唐山事件等旧案，愤怒情绪主导，要求异地彻查和行业整顿的呼声高涨。整体呈现从个案到公信力危机、从隐私安全到地域污名化的扩散路径，暴露执法漏洞与舆情应对失效，最终对河北文旅形象造成深远负面影响。（199字）,1,"[0, 0, 0, 0, 5, 0, 0, 2, 2, 4, 12, 26, 26, 30, 34, 43, 28, 30, 20, 16, 6, 8, 28, 70, 86, 82, 67, 69, 75, 88, 94, 59, 73, 106, 163, 172, 144, 101, 118, 150, 121, 167, 155, 207, 106, 142, 140, 246, 300, 126, 9, 7, 9, 2, 14, 40, 40, 25, 2, 2, 3, 2, 2, 0, 1, 1, 2, 0, 0, 0, 2, 2, 2, 3, 1, 0, 0, 1, 1, 0, 1, 0, 0, 0, 1, 1, 1, 1, 0, 1, 0, 0, 0, 1, 0, 1, 0, 0, 0, 1, 0, 0, 1, 0, 1, 1, 1, 2, 1, 2, 0, 0, 0, 0, 0, 0, 0, 1, 0, 0, 0, 0, 0, 0, 0, 0, 0, 0, 0, 1, 1, 0, 2, 3, 2, 4, 0, 2, 2, 1, 1, 2, 2, 0, 0, 0, 2, 2, 0, 0, 0, 0, 0, 0, 0, 0, 0, 0, 0, 0, 0, 0, 0, 2, 0, 0, 0, 1, 0, 0, 0, 0, 0, 0, 0, 0, 0, 0, 1, 0, 1, 0, 0, 0, 0, 0, 0, 0, 0, 0, 0, 0, 0, 0, 0, 0, 0, 0, 0, 0, 0, 0, 0, 0, 0, 0, 0, 0, 0, 0, 0, 0, 0, 0, 0, 0, 0, 0, 0, 0, 0, 0, 0, 0, 0, 0, 0, 1, 0, 0, 0, 0, 0, 0, 0, 0, 0, 0, 0, 1, 0, 0, 0, 0, 1, 0, 0, 0, 0, 0, 0, 0, 1, 0, 0, 0, 0, 0, 0, 0, 0, 1, 0, 0, 0, 0, 0, 0, 0, 0, 0, 0, 0, 0, 0, 0, 0, 0, 0, 0, 0, 0, 0, 0, 0, 0, 0, 0, 0, 0, 0, 0, 0, 0, 0, 0, 0, 0, 0, 0, 0, 0, 0, 0, 0, 0, 0, 0, 0, 0, 0, 0, 0, 0]"
吴宣仪晕倒被工作人员抱下台_最终事件描述,"**吴宣仪晕倒事件整体发展脉络**  
事件始于吴宣仪在《乘风2025》录制中晕倒被抱下台，初期（1-30小时）粉丝以赞扬其敬业精神为主，夹杂对舞台机会稀缺的焦虑。随后（31-38小时）情绪迅速激化，焦点转向**强烈问责节目组**，质疑健康管理、赛制公正性及隐瞒真相，要求公开回应。39-44小时进入**舆论白热化阶段**，粉丝指控“黑幕做票”“压榨艺人”，结合低血糖、户外高强度录制等细节，推动节目公信力危机；同时出现“维权”与“炒作”的舆论分化。45小时后，**诉求逐渐沉淀**：健康关切持续占据主流，部分粉丝转向理性呼吁艺人休息，并借新作《狐妖小红娘》转移焦点。整体呈现从“感动—愤怒—维权—常态化”的演变，核心矛盾由个体健康事件升级为对综艺制作机制与艺人权益的公共讨论。（198字）",1,"[1, 0, 0, 1, 0, 0, 0, 0, 0, 0, 0, 0, 0, 0, 0, 0, 0, 0, 0, 0, 0, 0, 0, 1, 0, 0, 0, 1, 0, 0, 5, 92, 9, 3, 0, 0, 2, 0, 4, 41, 58, 56, 50, 30, 21, 25, 10, 8, 0]"
日本第九次核污水排海_最终事件描述,日本第九次核污水排海事件呈现明显的舆论疲劳与情绪极化特征。初期（前24小时）公众情绪两极分化，愤怒、无奈与麻木戏谑并存，对中国恢复部分日本水产进口的争议激烈，但整体关注度较前八次下降。中期（25-74小时）无力感蔓延，舆论转向悲观，质疑检测数据与政策合理性，同时出现极端化情绪宣泄和对讨论限流的猜测。后期（75-269小时）演变为持续低热度的矛盾状态：一方面，民众强烈反对排放、担忧海产品安全，呼吁政府干预；另一方面，普遍认为个体行动无效，依赖国家层面解决，愤怒与麻木交织。贯穿始终的核心矛盾是环境安全焦虑与对官方应对措施的信任危机，而间歇性出现的进口政策争议和监测行动未能有效缓解公众疑虑。事件整体呈现"高冲突-低解决"的循环模式，公众参与意愿随事件推移逐渐低迷。,0,"[0, 0, 0, 1, 0, 0, 0, 4, 6, 2, 5, 2, 1, 1, 0, 0, 1, 1, 2, 0, 0, 0, 0, 0, 0, 8, 3, 1, 1, 0, 0, 1, 0, 0, 0, 0, 0, 0, 0, 1, 0, 0, 0, 0, 0, 0, 1, 0, 0, 0, 0, 0, 0, 0, 0, 0, 0, 0, 0, 0, 0, 0, 0, 0, 0, 0, 3, 2, 0, 0, 0, 0, 0, 0, 1, 0, 0, 0, 0, 0, 1, 0, 0, 0, 0, 1, 0, 0, 1, 0, 0, 1, 0, 0, 0, 0, 0, 0, 0, 0, 0, 0, 0, 0, 0, 1, 0, 0, 0, 0, 0, 0, 0, 0, 0, 0, 0, 0, 0, 0, 0, 0, 0, 0, 0, 0, 0, 0, 0, 0, 0, 0, 0, 0, 0, 0, 1, 0, 2, 0, 1, 0, 0, 0, 2, 0, 0, 0, 0, 1, 0, 0, 0, 0, 0, 0, 0, 0, 0, 0, 1, 0, 0, 0, 0, 0, 0, 0, 0, 0, 0, 0, 0, 2, 0, 0, 0, 0, 0, 0, 0, 0, 0, 0, 0, 1, 0, 1, 4, 0, 3, 1, 0, 0, 0, 0, 0, 0, 0, 0, 0, 0, 0, 1, 0, 0, 0, 0, 0, 0, 0, 0, 0, 0, 1, 0, 0, 0, 2, 0, 0, 0, 3, 0, 0, 0, 0, 0, 0, 0, 0, 0, 0, 0, 2, 2, 0, 1, 0, 0, 0, 0, 0, 0, 0, 0, 0, 1, 1, 1, 0, 0, 0, 1, 0, 0, 0, 1, 0, 1, 4, 2, 1, 0, 1, 0, 1, 0, 0, 1]"
四男子当街骚扰女生_最终事件描述,四男子当街骚扰女生事件在曝光后迅速引发舆论风暴。初期（1-8小时），公众情绪以愤怒和震惊为主，强烈谴责涉事者行为（如“流氓”“恶心”），要求严惩并质疑治安管理（提及“唐山事件”“印度”类比），同时追问警方处理进展，地域讨论（如呼和浩特）和性别安全议题开始浮现。中期（9-18小时），愤怒持续升级，极端惩罚建议（如“阉割”）增多，法律诉求（恢复“流氓罪”）凸显，部分言论转向性别对立，但关注点逐渐从情绪宣泄转向对后续处理的追问。后期（19-86小时），讨论从个案延伸至系统性议题，如女性安全、法治效力（家暴入刑等），舆论场呈现愤怒与无奈交织，表情符号使用密集，部分注意力分散（晚安问候），但核心诉求仍聚焦于严惩与制度改进。整体呈现从具体事件到社会反思的递进演变。,1,"[1, 4, 0, 5, 21, 15, 16, 9, 6, 6, 3, 16, 2, 10, 82, 27, 16, 5, 10, 10, 19, 9, 4, 5, 2, 4, 2, 1, 7, 5, 3, 0, 5, 2, 0, 0, 2, 2, 1, 1, 0, 1, 0, 1, 1, 0, 0, 1, 0, 1, 0, 1, 0, 1, 2, 4, 1, 0, 0, 0, 0, 0, 0, 0, 0, 0, 0, 0, 0, 0, 0, 0, 0, 0, 0, 0, 0, 0, 0, 0, 0, 0, 0, 0, 0, 0, 0]"
用户吐槽小米su7ultra试驾雷军秒道歉_最终事件描述,"小米SU7 Ultra试驾事件始于用户对52.99万定价的争议，初期舆论围绕性能参数（如1500匹马力）与品牌定位两极分化，部分肯定性价比，部分调侃“红米SU7”与消费落差。雷军试驾中“秒道歉”的细节引发关注，其个人魅力（如弯腰态度）获好评，但“300米摆渡车”等服务争议逐渐发酵，被质疑“高管特权服务”。  

事件中期（约100小时后）舆论显著转向戏谑化，用户以“先买泡面/彩票”等消费降级梗解构购车压力，高频词如“活着”“做梦”反映经济焦虑，形成集体自嘲的黑色幽默浪潮。后期（300小时+）实车能见度提升（如三四线城市普及），但讨论持续偏离事件本身，演变为对民生压力的泛化调侃。最终阶段（600小时+）两极分化：一方肯定雷军响应效率与产品热度，另一方批评营销过度或服务双标，核心矛盾从产品争议升维至对消费阶层差异的审视。整体呈现“技术争议→价格调侃→民生共鸣→阶层反思”的递进式消解路径。",1,"[1, 1, 0, 0, 0, 0, 0, 0, 0, 2, 1, 0, 0, 1, 1, 0, 1, 0, 0, 0, 0, 2, 0, 2, 1, 0, 0, 0, 0, 0, 0, 0, 1, 0, 0, 0, 1, 2, 0, 0, 0, 1, 0, 0, 0, 0, 2, 1, 0, 0, 0, 0, 0, 0, 0, 1, 0, 1, 1, 0, 1, 1, 1, 1, 0, 1, 1, 0, 1, 0, 1, 1, 0, 1, 0, 0, 0, 0, 0, 0, 0, 1, 1, 0, 1, 0, 0, 0, 0, 0, 1, 0, 0, 0, 1, 0, 1, 0, 0, 0, 0, 0, 0, 1, 0, 0, 1, 1, 0, 0, 14, 0, 14, 4, 31, 19, 3, 3, 20, 26, 15, 8, 10, 2, 3, 6, 6, 5, 33, 36, 28, 32, 51, 49, 28, 17, 26, 15, 19, 22, 29, 21, 17, 8, 5, 4, 3, 3, 1, 1, 5, 9, 27, 19, 23, 19, 36, 25, 18, 13, 21, 12, 30, 50, 41, 28, 15, 11, 14, 5, 3, 1, 1, 1, 1, 1, 3, 12, 4, 13, 11, 10, 9, 10, 11, 7, 9, 5, 10, 5, 8, 6, 10, 3, 1, 2, 3, 0, 0, 4, 8, 10, 10, 4, 8, 6, 5, 5, 7, 11, 5, 6, 9, 6, 8, 5, 1, 0, 0, 0, 2, 0, 0, 1, 6, 2, 2, 2, 5, 5, 4, 8, 4, 3, 4, 6, 1, 2, 2, 3, 6, 1, 1, 0, 1, 0, 0, 1, 2, 4, 5, 6, 4, 4, 4, 3, 2, 0, 1, 4, 6, 8, 0, 1, 1, 0, 0, 0, 0, 0, 0, 2, 8, 9, 6, 6, 4, 6, 4, 4, 2, 0, 2, 0, 2, 1, 1, 2, 2, 5, 0, 2, 1, 0, 1, 0, 3, 4, 4, 7, 5, 5, 5, 2, 5, 2, 3, 3, 6, 3, 2, 1, 1, 0, 1, 0, 0, 1, 0, 1, 3, 2, 3, 2, 5, 3, 1, 2, 1, 2, 4, 7, 3, 2, 3, 6, 6, 2, 2, 1, 0, 0, 0, 3, 1, 2, 1, 5, 4, 6, 2, 4, 4, 2, 3, 2, 4, 2, 1, 1, 1, 0, 0, 0, 0, 0, 0, 0, 0, 1, 1, 4, 1, 4, 2, 1, 1, 3, 1, 2, 2, 0, 2, 0, 3, 0, 1, 0, 1, 1, 0, 0, 1, 0, 2, 2, 2, 1, 2, 1, 1, 3, 5, 2, 1, 7, 1, 1, 0, 0, 0, 0, 0, 0, 0, 2, 2, 1, 1, 2, 2, 1, 1, 2, 0, 1, 0, 1, 2, 3, 0, 1, 1, 0, 0, 0, 0, 0, 0, 1, 1, 2, 0, 2, 6, 3, 1, 3, 3, 3, 1, 3, 3, 3, 3, 3, 1, 2, 0, 1, 1, 0, 0, 1, 1, 1, 0, 0, 2, 1, 3, 2, 2, 2, 3, 4, 2, 1, 0, 0, 2, 0, 0, 1, 0, 0, 0, 1, 0, 2, 1, 0, 3, 5, 2, 3, 0, 0, 1, 0, 2, 1, 3, 2, 1, 0, 0, 0, 1, 0, 0, 0, 0, 0, 2, 2, 1, 1, 2, 1, 5, 0, 0, 0, 1, 3, 1, 2, 1, 1, 0, 0, 0, 0, 0, 0, 0, 2, 0, 1, 3, 2, 3, 3, 0, 2, 2, 5, 1, 0, 0, 0, 0, 0, 0, 0, 0, 1, 0, 0, 2, 1, 2, 0, 0, 0, 1, 1, 1, 0, 0, 2, 0, 1, 2, 0, 1, 3, 0, 0, 1, 0, 1, 0, 1, 1, 0, 1, 1, 0, 0, 0, 0, 2, 2, 0, 0, 0, 0, 1, 2, 1, 0, 0, 0, 0, 0, 1, 0, 0, 1, 1, 2, 2, 5, 1, 1, 0, 0, 1, 3, 0, 3, 1, 1, 1, 2, 1, 0, 0, 0, 0, 0, 1, 4, 1, 3, 3, 4, 4, 5, 2, 2, 3, 2, 4, 4, 5, 4, 2, 0, 0, 0, 0, 0, 0, 1, 0, 1, 7, 1, 6, 2, 2, 2, 0, 3, 1, 3, 2, 2, 3, 3, 1, 0, 0, 1, 0, 3, 4, 0, 4, 3, 3, 1, 2, 2, 1, 5, 10, 8, 5, 7, 80, 83, 57, 36, 21, 17, 7, 4, 7, 13, 32, 57, 56, 76, 140]"
结婚当天新娘哥哥趴车头索要彩礼_最终事件描述,"**事件总描述：**  
婚礼当天，新娘哥哥突然拦车索要18.8万追加彩礼，引发舆论风暴。初期（1-8小时），网友强烈谴责其行为“卖妹”“劫婚”，质疑新娘家庭动机，并对比各地彩礼差异，河南信阳习俗遭地域争议。随后（9-16小时），舆论焦点转向高额彩礼合法性（如“超3万违规”）及哥嫂动机（如“私吞彩礼”“筹自己婚资”），新娘选择离场获赞，但重男轻女、原生家庭矛盾等社会议题被广泛关联。中期（17-26小时），争议激化，地域标签（如河南、江西）与彩礼对比（如广东低彩礼）成焦点，情绪分化明显，既有愤怒嘲讽，也有对婚姻本质的反思。后期（27小时+），事件真实性受质疑，但舆论持续批判高彩礼陋习，延伸至重男轻女、婚姻买卖等深层矛盾，成为社会对传统婚俗改革的典型讨论案例。整体呈现从个案谴责到社会反思的升级，负面情绪主导，凸显公众对彩礼乱象的深恶痛绝。",1,"[0, 1, 2, 8, 1, 1, 1, 1, 2, 1, 5, 11, 19, 33, 262, 169, 2, 1, 4, 24, 28, 75, 203, 109, 27, 23, 23, 17, 13, 7, 5, 2, 3, 1, 1, 3, 2, 3, 1, 0, 0, 2, 1, 1, 1, 2, 3, 1, 2, 0, 1, 1, 0, 1, 2, 0, 0, 0, 1, 1, 0, 0, 1, 0, 0, 0, 0, 0, 0, 0, 0, 0, 0, 0, 1, 0, 0, 0, 0, 0, 0, 0, 0, 0, 0, 0, 0, 0, 0, 0, 0, 0, 0, 0, 0, 0, 0, 0, 0, 0, 0, 0, 0, 0, 0, 0, 0, 0, 0, 0, 0, 1, 0, 0, 0, 0, 0, 0, 0, 0, 0, 0, 0, 0, 0, 0, 0, 0, 0, 0, 0, 0, 0, 0, 0, 0, 0, 0, 0, 0, 0, 0, 0, 0, 0, 0, 0, 1, 0, 0, 0, 0, 0, 0, 0, 0, 0, 0, 0, 0, 0, 0, 0, 0, 0, 0, 0, 0, 0, 0, 0, 0, 0, 0, 0, 0, 0, 0, 0, 0, 0, 0, 0, 0, 0, 0, 0, 0, 0, 0, 0, 0, 0, 0, 0, 0, 0, 0, 0, 0, 0, 0, 0, 0, 0, 0, 0, 0, 0, 0, 0, 0, 0, 0, 0, 0, 0, 0, 0, 0, 0, 0, 0, 0, 0, 0, 0, 0, 0, 0, 0, 0, 0, 0, 0, 0, 0, 0, 0, 0, 0, 0, 0, 0, 0, 0, 0, 0, 0, 0, 0, 0, 0, 0, 1, 0, 0, 0, 0, 0, 0, 0, 0, 0, 0, 0, 0, 0, 0, 0, 0, 0, 0, 0, 0, 0, 0, 0, 0, 0, 0, 0, 0, 0, 0, 0, 0, 0, 0, 0, 0, 0, 0, 0, 0, 0, 0, 0, 0, 0, 0, 0, 0, 0, 0, 0, 0, 0, 0, 0, 0, 0, 0, 0, 0, 0, 0, 0, 0, 0, 0, 0, 0, 0, 0, 0, 0, 0, 0, 0, 0, 0]"
一句话让HR内耗一天_最终事件描述,“一句话让HR内耗一天”事件在持续约13天的发酵中，呈现明显的情绪演变与议题深化趋势。初期（1-145小时）以情绪两极分化为主，用户通过表情符号和@互动宣泄内耗焦虑（如自我怀疑、人际敏感），同时伴随互助共情；中期（146-263小时）讨论从单纯情绪宣泄转向职场关系反思，出现“善良敏感”争议及“发疯对抗”等解决方案尝试，社群呈现疲惫与调侃并存的特征；后期（264-308小时）逐渐分化：一方面消极情绪持续（“唉”“流泪”高频），职场对立（如HR刷KPI指控）与个人成长反思（自我接纳、课题分离）成为核心矛盾，另一方面部分用户转向务实应对（情绪管理、社交策略）。整体呈现从情绪爆发到理性调适、从个体内耗到群体职场批判的递进式发展，最终演变为职场文化讨论与网络情绪宣泄的混合体。,0,"[2, 0, 0, 0, 0, 0, 0, 0, 0, 0, 0, 0, 0, 0, 0, 0, 0, 0, 0, 0, 0, 0, 0, 0, 0, 0, 0, 0, 0, 0, 0, 0, 0, 0, 0, 1, 0, 0, 0, 0, 0, 0, 0, 0, 0, 0, 0, 0, 0, 0, 0, 1, 0, 0, 0, 0, 0, 0, 0, 0, 0, 0, 0, 0, 0, 0, 0, 0, 0, 0, 0, 0, 0, 2, 0, 1, 0, 0, 0, 0, 0, 1, 0, 0, 0, 0, 0, 0, 0, 0, 0, 0, 0, 0, 0, 2, 0, 0, 0, 1, 0, 0, 0, 0, 0, 0, 0, 0, 0, 0, 0, 0, 0, 0, 0, 1, 0, 0, 0, 0, 0, 0, 0, 0, 0, 0, 0, 1, 0, 0, 2, 2, 5, 2, 6, 1, 1, 1, 0, 2, 0, 2, 0, 3, 4, 8, 2, 0, 0, 0, 3, 3, 2, 1, 5, 1, 1, 3, 1, 1, 1, 1, 2, 1, 1, 0, 1, 3, 1, 0, 0, 0, 0, 1, 0, 0, 1, 0, 0, 1, 0, 0, 0, 0, 0, 0, 0, 1, 0, 1, 0, 0, 1, 1, 1, 0, 0, 0, 1, 0, 1, 3, 0, 0, 0, 0, 0, 0, 0, 0, 0, 0, 0, 0, 0, 0, 0, 3, 0, 2, 0, 0, 0, 0, 0, 0, 0, 0, 0, 0, 0, 0, 0, 0, 0, 0, 0, 0, 0, 0, 1, 0, 0, 0, 0, 0, 0, 0, 0, 0, 0, 0, 0, 0, 0, 0, 0, 0, 0, 0, 0, 0, 0, 0, 0, 2, 0, 0, 0, 1, 0, 1, 0, 1, 2, 1, 2, 0, 1, 0, 0, 0, 0, 2, 2, 3, 0, 2, 2, 1, 1, 0, 0, 0, 1, 0, 2, 1, 0, 0, 3, 3, 2, 2, 2, 1, 4, 8]"
起底臭蛋蛋糕厂_最终事件描述,"**起底臭蛋蛋糕厂事件总描述**  

臭蛋蛋糕厂事件曝光后，舆论在28小时内迅速发酵，呈现从愤怒爆发到深度问责的演变趋势。初期，公众对食品安全问题的强烈愤慨占据主导，大量评论要求严惩涉事厂家，甚至呼吁追究刑事责任，反映出对类似事件的零容忍态度。同时，涉事品牌及山东食品行业遭遇广泛质疑，地域形象连带受损，凸显信任危机蔓延。  

随着讨论深入，舆论焦点转向明确的行动诉求，包括彻查问题源头、关停涉事企业及加强行业监管，理性声音逐渐增强。尽管存在少量调侃或转移话题的杂音，但整体以严肃问责为主基调。事件发展凸显公众对食品安全的高度敏感，以及对社会治理与监管效能的迫切期待，为后续官方回应与整改措施施加了显著压力。  
（字数：198）",0,"[8, 0, 1, 4, 5, 3, 0, 0, 0, 0, 2, 0, 0, 0, 0, 0, 0, 0, 1, 0, 0, 0, 0, 0, 1, 0, 0, 1]"
德云社_最终事件描述,"**德云社事件整体发展总结**  
事件始于秦霄贤被曝负面传闻（情感纠纷等），初期粉丝以“砸挂辟谣”和“家属感”维护，强调德云社内部庇护。随后舆论迅速分化：质疑方批评德云社长期以“砸挂”冷处理负面事件（如张九南前例），认为其回避责任、助长谣言；支持方则质疑女方动机（旧事重提、证据不足），坚持“非实名指控不成立”。中期矛盾升级，焦点转向德云社公关模式失效（对比岳云鹏快速辟谣）、粉丝盲目护主及性别双标争议，低龄化互撕和跨圈误伤加剧混乱。后期舆情持续高热但陷入拉锯战，双方缺乏新证据，负面情绪主导（如“塌房”“渣男”标签），德云社公信力受损，事件从艺人私德争议泛化为对行业生态及饭圈文化的批判。最终舆论场呈现两极对立、理性空间萎缩的态势，核心矛盾始终围绕当事人回应缺失与公关策略失效。（199字）",0,"[0, 0, 0, 0, 0, 0, 0, 0, 0, 1, 0, 0, 2, 1, 2, 0, 5, 7, 7, 2, 3, 2, 1, 1, 2, 0, 3, 4, 2, 14, 15, 24, 11, 16, 12, 17, 7, 11, 11, 8, 5, 9, 6, 6, 4, 0, 6, 3, 1, 3, 10, 12, 5, 3, 1, 2, 4, 1, 3, 2, 1, 6, 2, 0, 3, 3, 1, 0, 1, 0, 1, 0, 0, 0, 2, 3, 2, 0, 0, 0, 1, 1, 0, 1, 0, 2, 0, 2, 0, 0, 0, 0, 0, 0, 0, 0, 0, 0, 0, 2, 3, 1, 0, 1, 1, 0, 0, 1, 0, 0, 0, 0, 6, 2, 2, 2, 0, 3, 3, 1, 0, 1, 1, 2, 3, 1, 3, 2, 0, 2, 0, 1, 0, 0, 0, 1, 1, 0, 0, 0, 0, 0, 0, 0, 1, 1, 0, 0, 1, 1, 0, 1, 0, 1, 0, 0, 0, 0, 0, 0, 1, 0, 0, 0, 1, 1, 0, 0, 0, 1, 0, 1, 0, 0, 0, 0, 0, 0, 0, 0, 0, 0, 0, 0, 0, 0, 0, 1, 1, 0, 0, 0, 0, 0, 0, 0, 0, 0, 0, 0, 1, 0, 0, 0, 0, 0, 0, 0, 0, 0, 0, 0, 0, 0, 1, 0, 0, 0, 0, 1, 0, 0, 1, 0, 0, 0, 0, 0, 0, 0, 0, 0, 0, 0, 0, 0, 0, 0, 0, 0, 0, 0, 0, 1, 0, 1, 0, 0, 0, 0, 1, 0, 0, 0, 0, 0, 1, 0, 0, 0, 0, 0, 0, 0, 0, 0, 0, 0, 0, 0, 0, 0, 0, 0, 0, 0, 0, 0, 1, 0, 0, 0, 0, 0, 0, 0, 0, 0, 0, 0, 0, 0, 0, 0, 0, 0, 0, 0, 0, 0, 0, 0, 0, 0, 0, 0, 0, 0, 1, 0, 0, 0, 0, 0, 0, 0, 0, 0, 0, 0, 0, 0, 0, 1, 0, 0, 0, 0, 0, 0, 0, 0, 0, 0, 0, 2, 0, 0, 0, 1, 0, 0, 0, 0, 0, 0, 0, 0, 0, 0, 0, 0, 0, 0, 0, 0, 0, 0, 0, 0, 0, 0, 0, 0, 0, 0, 0, 0, 0, 0, 0, 0, 0, 0, 0, 0, 0, 0, 0, 0, 1]"
韩国冠军被霸凌_最终事件描述,韩国羽毛球奥运冠军安洗莹自曝遭长期霸凌事件引发舆论持续震荡，整体呈现“愤怒爆发—文化批判—跨国对比—情绪分化”的演变路径。初期舆论聚焦对韩国体坛系统性霸凌的震惊与谴责，尤其“被迫洗内裤”等细节加剧愤慨，超六成评论将矛头指向韩国前后辈等级文化，形成“申遗霸凌”等讽刺性标签。事件中期（9-20小时）出现显著跨国情绪，约1/3评论借归化运动员林孝埈案例呼吁其“来中国”，同时延伸至对韩国社会（军队、职场等）霸凌传统的批判，韩剧《黑暗荣耀》被频繁类比。后期（21小时后）舆论逐渐分化：一方面持续质疑韩国体制积弊，另一方面出现对事件真实性的少量争议及无关社交内容混杂，反映公众情绪从共情转向疲惫。贯穿始终的是对“天才选手遭打压”的强烈同情与对竞技体育阴暗面的深层反思，但讨论多停留于情绪宣泄，缺乏结构性解决方案的探讨。（199字）,1,"[0, 0, 0, 0, 0, 0, 1, 0, 4, 16, 27, 14, 15, 9, 6, 9, 24, 17, 68, 49, 6, 5, 8, 3, 3, 0, 3, 2, 4, 2, 7, 2, 3, 4, 3, 1, 3, 3, 5, 2, 4, 3, 3, 1, 2, 1, 1, 1, 1, 0, 1, 1, 1, 1, 1, 1, 0, 1, 1, 0, 1, 0, 1, 0, 0, 0, 1, 0, 0, 0, 0, 1, 0, 0, 0, 0, 0, 0, 0, 0, 1, 0, 1, 0, 0, 1, 0, 0, 0, 1, 0, 1, 0, 0, 0, 0, 0, 0, 0, 0, 1, 0, 0, 0, 0, 0, 0, 1, 1, 0, 1, 0, 0, 0, 1, 0, 0, 0, 0, 0, 0, 0, 0, 0, 0, 0, 0, 0, 0, 0, 0, 0, 0, 0, 0, 0, 0, 0, 1, 1, 0, 0, 0, 0, 0, 0, 0, 0, 0, 0, 0, 0, 0, 0, 0, 1, 0, 0, 0, 0, 0, 0, 0, 0, 0, 0, 0, 0, 0, 1, 0, 0, 1, 0, 0, 0, 0, 1, 0, 0, 0, 0, 0, 0, 1, 0, 0, 0, 0, 0, 0, 0, 0, 0, 0, 0, 1, 0, 0, 0, 0, 0, 0, 0, 0, 1, 0, 0, 1, 1, 1, 0, 0, 0, 0, 0, 0, 0, 0, 0, 0, 0, 0, 0, 1, 1, 0, 0, 0, 0, 1, 1, 0, 1, 0, 0, 0, 0, 0, 0, 0, 0, 0, 0, 0, 0, 0, 0, 0, 0, 0, 0, 0, 0, 0, 1, 0, 0, 0, 0, 0, 1, 0, 0, 0, 0, 0, 0, 0, 0, 0, 0, 0, 0, 1, 0, 0, 0]"
听泉鉴宝连线太精彩了_最终事件描述,"**事件总描述：**  
“听泉鉴宝连线”事件始于一段高效传播的直播剪辑，初期以“国外捡漏”话题和趣味玩梗（如“药老捡漏”）引发高参与度，观众情绪以欢乐为主。随后热度骤升，焦点转向高价值藏品的戏剧性展示（如军阀币、瓷器等），持宝人“富婆姐”的千万级藏品及“装傻”嫌疑引发真伪争议，舆论分化为惊叹派与质疑派（炒作、剧本）。中期讨论延伸至藏品来源（盗墓风险、古董商背景）和法律边界，青铜器等敏感文物连线进一步激化“刑不刑”等玩梗与严肃讨论。后期争议加剧，主播专业性与直播真实性遭质疑（如“戏精附体”），过往片段（灵异事件、龙票姐）被翻出，观众两极分化。尽管主播人气飙升，但事件最终陷入娱乐化狂欢与真实性追问的拉锯，关键问题（文物去向、涉案进展）无实质进展，呈现“高热度、低真相”的传播特征。",0,"[0, 0, 0, 0, 0, 0, 0, 0, 0, 0, 0, 0, 0, 0, 0, 0, 0, 0, 0, 0, 0, 0, 0, 0, 0, 0, 2, 0, 0, 1, 0, 0, 0, 2, 0, 0, 0, 0, 0, 0, 0, 0, 0, 0, 0, 0, 0, 0, 0, 0, 0, 0, 0, 0, 0, 0, 0, 0, 1, 0, 0, 1, 0, 0, 0, 0, 0, 0, 0, 0, 0, 0, 0, 0, 2, 1, 1, 0, 0, 0, 2, 2, 0, 0, 1, 3, 1, 3, 0, 0, 0, 0, 2, 0, 1, 0, 0, 1, 0, 1, 0, 3, 0, 0, 1, 0, 4, 2, 1, 0, 1, 0, 1, 0, 0, 0, 4, 10, 3, 2, 1, 2, 2, 0, 0, 0, 1, 2, 2, 0, 1, 2, 7]"
孙颖莎发球多次被闪光灯和喊声干扰_最终事件描述,孙颖莎在比赛中多次遭遇观众闪光灯和喊声干扰的事件，舆论发展呈现明显的阶段性特征。初期（1-12小时），公众情绪以愤怒谴责为主，集中批评干扰行为缺乏素质、可能故意破坏比赛，同时质疑主办方管理缺位，并高度赞赏孙颖莎的高情商回应。中期（13-52小时），讨论逐渐深入，从单纯谴责转向对观赛礼仪、赛事规范的综合性反思，呼吁科技手段管理、黑名单制度等具体措施；支持孙颖莎的声浪持续，其包容态度与干扰行为形成鲜明对比，但也出现少数质疑“过度反应”的分歧声音。后期（53-85小时），舆论焦点转向问责主办方（WTT）管理不力，并延伸至“饭圈文化入侵体育界”的争议，粉丝间偶有对立但理性呼吁仍占主导。整个事件凸显了公众对运动员权益保护的强烈关注，以及体育赛事中文明观赛与组织责任的长期矛盾。,0,"[2, 0, 0, 0, 0, 0, 13, 16, 10, 3, 1, 4, 6, 2, 3, 0, 0, 1, 0, 0, 0, 0, 1, 1, 2, 4, 1, 4, 3, 2, 1, 1, 1, 0, 0, 1, 0, 2, 0, 0, 0, 0, 0, 0, 0, 0, 0, 0, 0, 0, 1, 0, 0, 0, 2, 0, 1, 0, 0, 0, 0, 0, 0, 0, 0, 0, 0, 0, 0, 0, 0, 0, 0, 0, 0, 0, 0, 0, 0, 0, 0, 0, 0, 8, 7]"
张本美和说孙颖莎是最厉害的_最终事件描述,"**事件总描述：**  
张本美和在赛后公开称赞孙颖莎“最厉害”，引发舆论持续关注。事件初期（1-12小时），讨论聚焦孙颖莎的技术实力（“外战担当”“心理素质强”）和疲劳状态，同时肯定张本美和的潜力，但对其日本身份和中文能力出现争议。中期（13-22小时），民族情绪与竞技评价交织，张本美和的华裔背景、文化认同成为焦点，而孙颖莎的“抗日”形象和人格魅力被强化。后期（23-379小时），舆论逐渐转向对孙颖莎的深度认同，粉丝赞扬其格局、人品及励志形象，情感支持压倒性；对张本美和的评价趋于理性，虽认可其谦逊和实力，但国籍争议仍存。整体趋势显示，事件从赛事讨论演变为对运动员综合价值的评判，凸显公众对孙颖莎的强烈支持及对国乒未来的隐忧。（199字）",0,"[0, 0, 0, 0, 0, 0, 0, 0, 0, 0, 0, 0, 0, 12, 14, 4, 5, 3, 2, 5, 5, 1, 1, 0, 0, 0, 0, 0, 0, 0, 0, 0, 0, 0, 0, 2, 1, 0, 0, 0, 0, 0, 0, 0, 0, 0, 0, 0, 0, 0, 0, 0, 0, 0, 0, 0, 0, 0, 0, 0, 0, 0, 0, 0, 0, 1, 0, 0, 0, 0, 0, 0, 0, 0, 0, 0, 0, 0, 0, 0, 0, 0, 0, 0, 0, 0, 0, 0, 0, 0, 0, 0, 0, 0, 0, 0, 0, 0, 0, 0, 0, 0, 0, 0, 0, 0, 0, 0, 0, 0, 0, 0, 0, 0, 0, 0, 0, 0, 0, 0, 0, 0, 0, 0, 0, 0, 0, 0, 0, 0, 0, 0, 0, 0, 0, 0, 0, 0, 0, 0, 0, 0, 0, 0, 0, 0, 0, 0, 0, 0, 0, 0, 0, 0, 0, 0, 0, 0, 0, 0, 0, 0, 0, 0, 0, 0, 0, 0, 0, 0, 0, 0, 0, 0, 0, 0, 0, 0, 0, 0, 0, 0, 0, 0, 0, 0, 0, 0, 0, 0, 0, 0, 0, 0, 0, 0, 0, 0, 0, 0, 0, 0, 0, 0, 0, 0, 0, 0, 0, 0, 0, 0, 0, 0, 0, 0, 0, 0, 0, 0, 0, 0, 0, 0, 0, 0, 0, 0, 0, 0, 0, 0, 0, 0, 0, 0, 0, 0, 0, 0, 0, 0, 0, 0, 0, 0, 0, 0, 0, 0, 0, 0, 0, 0, 0, 0, 0, 0, 0, 0, 0, 0, 0, 0, 0, 0, 0, 0, 0, 0, 0, 0, 0, 0, 0, 0, 0, 0, 0, 0, 0, 0, 0, 0, 0, 0, 0, 0, 0, 0, 0, 0, 0, 0, 0, 0, 0, 0, 0, 0, 0, 0, 0, 0, 0, 0, 0, 0, 0, 0, 0, 0, 0, 0, 0, 0, 0, 0, 0, 0, 0, 0, 0, 0, 0, 0, 0, 0, 0, 0, 0, 0, 0, 0, 0, 0, 0, 0, 0, 0, 0, 0, 0, 0, 0, 0, 0, 0, 0, 0, 0, 0, 0, 0, 0, 0, 0, 0, 0, 0, 0, 0, 0, 0, 0, 0, 0, 0, 0, 0, 0, 0, 0, 0, 0, 0, 0, 0, 0, 0]"
麦琳两个月暴瘦20斤_最终事件描述,麦琳暴瘦20斤事件经历了从多元争议到两极分化的舆论演变。初期（前507小时），讨论聚焦于极端减肥方法的风险与健康警示，舆论对其评价从综艺表现批评转向对其韧性的认可，同时伴随“卫芝林茯苓”等营销内容泛滥，整体情绪逐渐从质疑转向部分共情。第508小时后，争议升级为对其商业动机的批判，网友分化明显：一方质疑其营销造假、医美滤镜及人设真实性，另一方则推崇其自律与外貌变化，减肥技巧分享与产品体验成为支持者主要话题。至第509小时，舆论焦点进一步转向其公众形象，支持者表达学习意愿，反对者则抨击其炒作行为与外貌缺陷。事件从健康讨论逐步演变为对网红营销模式与真实性的社会反思，热度持续但争议深化。,0,"[0, 0, 0, 0, 0, 0, 0, 0, 0, 0, 0, 0, 0, 0, 1, 0, 0, 0, 0, 0, 0, 0, 0, 0, 0, 1, 0, 0, 0, 1, 0, 0, 0, 0, 0, 0, 0, 0, 0, 0, 0, 0, 0, 0, 0, 0, 0, 0, 0, 0, 0, 0, 1, 0, 0, 0, 0, 0, 1, 0, 0, 0, 0, 0, 0, 0, 0, 0, 0, 0, 0, 0, 0, 0, 0, 0, 0, 0, 0, 0, 0, 0, 0, 0, 0, 0, 0, 0, 1, 0, 0, 0, 0, 0, 0, 0, 0, 0, 0, 0, 0, 0, 0, 0, 0, 0, 0, 0, 0, 0, 0, 0, 0, 0, 0, 0, 1, 0, 0, 0, 0, 0, 0, 0, 0, 0, 0, 0, 0, 0, 0, 0, 0, 0, 0, 0, 0, 0, 0, 0, 0, 0, 0, 0, 0, 0, 0, 1, 1, 0, 0, 0, 0, 0, 0, 0, 0, 0, 1, 0, 0, 0, 0, 0, 0, 0, 0, 0, 0, 0, 0, 0, 0, 0, 0, 0, 0, 0, 0, 0, 0, 0, 0, 0, 0, 0, 0, 0, 0, 0, 0, 0, 0, 0, 0, 0, 0, 0, 0, 0, 0, 0, 0, 0, 0, 0, 0, 0, 0, 0, 0, 0, 0, 0, 0, 0, 0, 0, 0, 0, 1, 1, 0, 0, 0, 0, 0, 0, 0, 0, 0, 0, 0, 0, 0, 0, 0, 1, 0, 0, 0, 0, 0, 0, 0, 0, 0, 0, 0, 0, 0, 0, 0, 0, 0, 0, 0, 0, 0, 0, 0, 0, 0, 0, 0, 0, 0, 1, 1, 0, 0, 0, 0, 0, 0, 0, 0, 1, 1, 0, 0, 0, 0, 0, 0, 1, 0, 0, 0, 0, 0, 0, 2, 0, 0, 0, 0, 0, 0, 0, 0, 0, 0, 0, 0, 1, 0, 0, 0, 0, 0, 0, 0, 0, 0, 1, 0, 0, 0, 0, 0, 0, 0, 0, 0, 0, 0, 0, 0, 1, 0, 0, 0, 1, 0, 1, 0, 0, 1, 0, 0, 0, 0, 0, 0, 0, 0, 0, 0, 0, 0, 0, 0, 0, 0, 0, 0, 1, 0, 0, 1, 0, 0, 0, 0, 0, 0, 0, 0, 0, 1, 0, 0, 0, 0, 0, 0, 0, 0, 0, 0, 0, 1, 1, 0, 0, 0, 0, 0, 0, 0, 0, 0, 0, 0, 0, 0, 0, 1, 0, 0, 0, 0, 0, 1, 0, 0, 2, 0, 0, 0, 0, 0, 0, 0, 0, 0, 0, 0, 0, 0, 0, 0, 0, 0, 0, 0, 0, 0, 0, 1, 0, 0, 0, 0, 2, 0, 0, 0, 0, 0, 0, 0, 0, 1, 0, 0, 0, 0, 0, 2, 0, 0, 0, 0, 0, 0, 0, 0, 0, 0, 0, 0, 0, 0, 0, 0, 0, 0, 0, 0, 0, 0, 0, 0, 0, 0, 0, 0, 0, 0, 0, 0, 0, 0, 0, 1, 0, 0, 0, 0, 0, 0, 0, 0, 1, 1, 0, 0, 1, 0, 0, 1, 1, 2, 1, 5, 10, 15]"
停车7小时被收费217.5元_最终事件描述,"南京某景区停车7小时收费217.5元事件引发持续争议，舆论呈现阶段性演变：  
1. **初期（1-3小时）**：以情绪化质疑为主，焦点集中于收费合理性，网友对比河南、山东等地低价政策，形成“明码标价≠合理”的集体声讨，地域对立初现。  
2. **中期（4-24小时）**：争议两极分化，支持方强调市场调节与明码标价合规，反对方抨击“宰客”与监管缺位，衍生出对公共资源商业化、收费透明度的追问，极端反讽言论增多。  
3. **后期（25-347小时）**：讨论升级至公共政策层面，核心矛盾转向“以价控车”的正当性与公共服务属性平衡，支持公共交通的声音增强，但地域攻击与情绪化表达仍占一定比例。  

**整体趋势**：事件从个案价格争议逐步演变为对全国景区管理机制、公共资源分配及监管透明度的广泛讨论，反映出公众对商业化定价与公共利益冲突的深层焦虑。（198字）",1,"[47, 710, 169, 131, 0, 2, 4, 1, 3, 5, 14, 94, 4, 8, 16, 7, 4, 3, 2, 0, 0, 0, 0, 1, 5, 3, 5, 3, 4, 6, 6, 6, 1, 6, 3, 5, 3, 13, 3, 4, 0, 2, 1, 0, 0, 0, 0, 2, 1, 0, 1, 1, 1, 1, 1, 0, 0, 2, 0, 1, 1, 2, 1, 1, 1, 0, 0, 0, 0, 0, 0, 0, 0, 0, 1, 1, 0, 0, 0, 0, 0, 0, 0, 0, 0, 1, 0, 0, 0, 0, 0, 0, 0, 0, 0, 0, 0, 0, 0, 1, 0, 0, 0, 0, 0, 0, 0, 1, 0, 0, 0, 0, 0, 0, 0, 0, 0, 1, 0, 0, 0, 0, 0, 0, 0, 0, 0, 0, 0, 0, 0, 0, 0, 0, 0, 0, 0, 0, 0, 0, 0, 0, 0, 0, 1, 0, 0, 0, 0, 0, 0, 0, 0, 0, 0, 0, 0, 1, 0, 0, 0, 0, 0, 0, 0, 0, 0, 0, 0, 0, 0, 0, 0, 0, 0, 0, 0, 0, 0, 0, 0, 0, 0, 0, 0, 0, 0, 0, 0, 0, 0, 0, 0, 0, 0, 0, 0, 0, 0, 0, 0, 0, 0, 0, 0, 0, 0, 0, 0, 0, 0, 0, 0, 0, 0, 0, 0, 0, 0, 0, 0, 0, 0, 0, 0, 0, 1, 0, 0, 0, 0, 0, 0, 0, 0, 0, 0, 0, 0, 0, 0, 0, 0, 0, 0, 0, 0, 0, 0, 0, 0, 0, 0, 0, 0, 0, 0, 0, 0, 0, 0, 0, 0, 0, 0, 0, 0, 0, 0, 0, 0, 0, 0, 0, 0, 0, 0, 0, 0, 0, 1, 0, 0, 0, 0, 0, 0, 0, 0, 0, 0, 0, 0, 0, 0, 0, 0, 0, 0, 0, 0, 0, 0, 0, 0, 0, 0, 0, 0, 0, 0, 0, 0, 0, 0, 0, 0, 0, 0, 0, 0, 0, 0, 0, 0, 0, 0, 0, 0, 0, 0, 0, 0, 0, 0, 0, 0, 0, 0, 0, 0, 0, 0, 0, 0, 0, 1]"
游客因拍照起冲突在受气瓶前争吵_最终事件描述,"**事件总描述：**  
游客在景德镇网红景点“受气瓶”前因拍照排队爆发冲突，事件持续发酵54小时，舆论呈现多阶段演变。初期（1-6小时），争议聚焦排队时长、占位纠纷及地域污名化，情绪分化明显，既有包容呼吁也有调侃嘲讽。中期（7-24小时），讨论转向对“打卡文化”的批判，性别议题（如“ghg”标签）与旅游异化反思交织，冲突被符号化为“精致朋友圈”与“毛坯人生”的对立。后期（25-54小时），舆论两极分化：一方持续戏谑“受气瓶”的荒诞性，衍生表情包和二次创作；另一方则深入反思节假日旅游乱象、景区管理缺失及公共秩序问题。地域矛盾（本地人vs游客）和性别标签化（如“小仙女”）间歇性引发争议，但整体情绪从愤怒转向娱乐化解构，最终升华为对网红经济与旅游本质的社会性讨论。事件热度虽降，却成为审视当代旅游功利性与社交媒体虚荣心的典型案例。  

（199字）",1,"[1, 7, 14, 37, 18, 19, 10, 6, 5, 5, 1, 3, 2, 3, 1, 0, 1, 0, 1, 3, 0, 3, 0, 2, 13, 18, 20, 11, 12, 31, 73, 80, 67, 38, 40, 19, 12, 6, 4, 4, 4, 1, 3, 6, 10, 6, 10, 4, 5, 1, 6, 15, 13, 16, 11, 1, 0, 0, 0, 0, 0, 0, 0, 0, 0, 0, 0, 0, 2, 0, 0, 0, 1, 0, 0, 0, 0, 2, 0, 0, 0, 0, 0, 0, 0, 0, 0, 0, 0, 0, 0, 0, 0, 0, 0, 0, 0, 0, 0, 0, 0, 0, 0, 0, 0, 0, 0, 0, 0, 0, 0, 0, 0, 0, 0, 0, 0, 0, 0, 0, 0, 0, 0, 0, 0, 0, 0, 0, 0, 0, 0, 0, 0, 0, 0, 0, 0, 0, 0, 0, 0, 0, 1, 0, 0, 0, 0, 0, 0, 0, 0, 0, 0, 0, 0, 0, 0, 0, 0, 0, 0, 0, 0, 0, 0, 0, 0, 0, 0, 0, 0, 0, 0, 0, 0, 0, 0, 0, 0, 0, 0, 0, 0, 0, 0, 0, 0, 0, 0, 0, 0, 0, 0, 0, 0, 0, 0, 0, 0, 0, 0, 0, 0, 0, 0, 0, 0, 0, 0, 0, 0, 0, 0, 0, 0, 0, 0, 0, 0, 0, 0, 0, 0, 0, 0, 0, 0, 0, 0, 0, 0, 0, 0, 0, 0, 0, 0, 0, 0, 0, 0, 0, 0, 0, 0, 0, 0, 0, 0, 0, 0, 0, 0, 0, 0, 0, 0, 0, 0, 0, 0, 0, 0, 0, 0, 0, 0, 0, 0, 0, 0, 0, 0, 0, 0, 0, 0, 0, 0, 0, 0, 0, 0, 0, 0, 0, 0, 0, 0, 0, 0, 0, 0, 0, 0, 0, 0, 0, 0, 0, 0, 0, 0, 0, 0, 0, 0, 0, 0, 0, 0, 0, 0, 0, 0, 0, 0, 0, 0, 0, 0, 0, 0, 0, 0, 0, 0, 0, 1, 0, 0, 0, 0, 0, 0, 0, 0, 0, 0, 0, 0, 0, 0, 0, 0, 0, 0, 0, 0, 0, 0, 0, 0, 0, 0, 0, 0, 0, 0, 0, 0, 0, 0, 0, 0, 0, 0, 0, 0, 0, 0, 0, 0, 0, 0, 0, 0, 0, 0, 0, 0, 0, 0, 0, 0, 0, 0, 0, 0, 0, 0, 0, 0, 0, 0, 0, 0, 0, 0, 0, 0, 0, 0, 0, 0, 0, 0, 0, 0, 0, 0, 0, 0, 1, 0, 0, 0, 0, 0, 0, 0, 0, 0, 0, 0, 0, 0, 0, 0, 0, 0, 0, 0, 0, 0, 0, 0, 0, 0, 0, 0, 0, 0, 0]"
小区业主_最终事件描述,"**小区业主事件总描述：**  

该事件始于苏州某小区业主与外地摊贩因占道经营引发的冲突，初期讨论聚焦于交通堵塞与卫生问题（1-6小时）。随着业主“外地人滚出苏州”等言论曝光（10-12小时），矛盾迅速升级为地域对立，舆论两极分化：一方谴责排外歧视，强调外地人贡献；另一方支持业主维权，批评摊贩违规。13-24小时，争议蔓延至城市包容性、执法公正性（警方未公开处置细节），并波及苏州文旅形象（多地网民抵制国庆赴苏）。25-30小时后，舆情从个案纠纷演变为对城市治理（城管缺位）、户籍制度及地域标签化的广泛讨论，理性声音呼吁就事论事，但情绪化言论持续扩散。最终（31-199小时），事件沉淀为对“本地-外地”群体矛盾、经济依赖与规则意识的深层反思，苏州城市形象显著受损。整体呈现“具体冲突→地域对立→治理反思”的升级路径，负面情绪占比超60%，凸显舆情管理中官方回应与事实厘清的关键缺失。  

（199字）",1,"[0, 0, 0, 0, 0, 1, 0, 0, 0, 0, 42, 121, 80, 58, 74, 34, 7, 4, 3, 10, 31, 311, 559, 122, 10, 8, 6, 11, 22, 48, 99, 44, 7, 4, 1, 3, 2, 1, 0, 0, 0, 0, 0, 0, 1, 1, 2, 1, 1, 2, 0, 1, 0, 0, 1, 0, 0, 1, 0, 0, 0, 0, 0, 0, 1, 0, 0, 0, 0, 0, 1, 0, 1, 0, 0, 1, 0, 1, 0, 0, 1, 0, 1, 0, 0, 1, 0, 0, 0, 0, 0, 0, 0, 0, 1, 0, 0, 0, 1, 0, 0, 1, 0, 0, 0, 1, 0, 0, 0, 0, 0, 0, 0, 0, 0, 0, 0, 0, 0, 0, 0, 0, 0, 0, 0, 0, 0, 0, 0, 0, 0, 0, 0, 0, 0, 0, 0, 0, 0, 0, 0, 0, 0, 0, 0, 0, 0, 0, 0, 0, 0, 0, 0, 0, 0, 0, 0, 0, 0, 0, 0, 0, 0, 0, 0, 0, 0, 0, 0, 0, 0, 0, 0, 0, 0, 0, 0, 0, 0, 0, 0, 0, 0, 0, 0, 0, 0, 0, 0, 0, 0, 0, 0, 0, 0, 0, 0, 0, 1]"
牢哀山_最终事件描述,**牢哀山事件**始于一段探险视频的传播，初期观众情绪以猎奇与紧张为主，聚焦于环境诡异感和不明生物（如熊、蟒蛇）的猜测，衍生出“五蛟锁灵脉”等民俗传说，推动事件迅速发酵（1-48小时）。中期（49-161小时），舆论两极分化：一方结合玄学渲染超自然威胁，另一方质疑视频真实性或归因于自然现象，同时当地风险警示（如科考队遇难旧闻）加剧恐慌。后期（162-598小时），事件转向对网红团队违规摆拍、非法采矿的揭露，引发公众对炒作行为与生态保护的强烈批评，官方介入后热度逐渐消退。整体呈现从神秘化猎奇到理性反思的演变，暴露出网络信息失真与自然保护管理的矛盾。,0,"[3, 0, 2, 2, 0, 0, 0, 0, 0, 0, 0, 1, 0, 0, 0, 2, 0, 0, 0, 1, 0, 1, 3, 1, 3, 0, 5, 1, 0, 3, 2, 2, 0, 2, 1, 0, 2, 2, 2, 0, 3, 3, 2, 3, 9, 8, 6, 2, 6, 3, 1, 5, 5, 5, 1, 1, 2, 6, 10, 15, 21, 17, 11, 10, 7, 2, 3, 1, 5, 2, 2, 2, 5, 1, 6, 0, 1, 2, 1, 1, 0, 2, 2, 2, 1, 1, 3, 2, 2, 2, 2, 1, 1, 0, 1, 2, 3, 2, 1, 0, 3, 0, 1, 0, 0, 0, 0, 2, 0, 0, 2, 2, 2, 0, 0, 0, 0, 0, 2, 2, 0, 0, 1, 1, 0, 0, 1, 0, 2, 2, 2, 1, 1, 0, 1, 1, 0, 0, 0, 1, 1, 0, 0, 1, 2, 0, 1, 2, 1, 4, 1, 4, 0, 0, 0, 3, 3, 2, 0, 2, 3, 22, 7, 18, 15, 26, 20, 22, 16, 16, 3, 0, 0, 0, 0, 0, 0, 0, 0, 0, 0, 0, 0, 0, 0, 0, 0, 0, 0, 0, 0, 0, 0, 1, 0, 0, 0, 0, 0, 0, 0, 0, 0, 0, 0, 0, 0, 0, 0, 0, 0, 0, 0, 0, 0, 0, 1, 0, 0, 0, 1, 0, 0, 0, 1, 0, 0, 1, 0, 3, 2, 0, 0, 0, 0, 2, 0, 1, 0, 0, 2, 0, 1, 0, 0, 0, 1, 0, 0, 0, 0, 0, 1, 0, 1, 1, 0, 0, 2, 0, 1, 0, 0, 0, 0, 0, 0, 1, 1, 0, 0, 1, 0, 0, 0, 0, 1, 0, 0, 1, 0, 0, 0, 0, 0, 1, 1, 0, 0, 1, 1, 0, 0, 0, 0, 0, 0, 0, 0, 0, 0, 0, 0, 0, 0, 0, 0, 0, 0, 0, 0, 0, 0, 0, 0, 0, 0, 0, 0, 0, 0, 0, 0, 0, 0, 0, 0, 0, 0, 0, 0, 0, 1, 0, 0, 0, 0, 0, 0, 0, 0, 0, 0, 0, 0, 0, 0, 0, 0, 0, 0, 0, 0, 0, 0, 0, 0, 0, 0, 0, 0, 0, 0, 0, 0, 1, 0, 0, 0, 0, 0, 0, 0, 0, 0, 0, 0, 0, 0, 0, 0, 0, 0, 0, 0, 1, 0, 0, 0, 0, 0, 0, 0, 0, 0, 0, 0, 0, 0, 0, 0, 0, 0, 0, 0, 0, 0, 0, 0, 0, 0, 0, 0, 0, 0, 0, 0, 0, 0, 0, 0, 0, 1, 0, 0, 0, 0, 0, 0, 0, 0, 0, 0, 0, 0, 0, 0, 0, 0, 0, 0, 0, 0, 0, 0, 0, 0, 0, 0, 0, 0, 0, 0, 0, 0, 0, 0, 0, 0, 0, 0, 0, 0, 0, 0, 0, 0, 0, 0, 0, 0, 0, 0, 0, 0, 0, 0, 0, 0, 0, 0, 0, 0, 0, 0, 0, 0, 0, 0, 0, 0, 0, 0, 0, 0, 0, 0, 0, 0, 0, 0, 0, 0, 0, 0, 0, 0, 0, 0, 0, 0, 0, 0, 0, 0, 0, 0, 0, 0, 0, 0, 0, 0, 0, 0, 0, 0, 0, 0, 0, 0, 0, 0, 0, 0, 0, 0, 0, 0, 0, 0, 0, 0, 0, 0, 0, 0, 0, 0, 0, 0, 0, 0, 0, 0, 0, 0, 0, 0, 0, 0, 0, 0, 0, 0, 0, 0, 0, 0, 0, 0, 0, 0, 0, 0, 0, 0, 3, 2, 1, 6, 7, 3, 2, 2, 3, 10, 7, 3, 0, 1, 0, 0, 1, 2, 5, 2, 5, 21, 8, 8, 5, 9, 2]"
爸爸去世女儿被判和4个姑姑平分遗产_最终事件描述,该事件围绕遗产分配争议展开，舆论在24小时内呈现从对立到偏向支持判决的演变。初期（1-16小时）评论明显分化，支持者（40%）强调法理人情兼顾及姑姑的情义，反对者（35%）质疑继承规则，中立讨论聚焦法律程序。随后（17-25小时），支持判决成为主流（60%左右），舆论普遍认可姑姑14年照顾植物人弟弟的超法定义务付出，认为平分遗产合理；女儿因成年后未参与赡养且提起诉讼，被批“白眼狼”“自私”，其法律行动被视为破坏亲情。争议焦点始终围绕情理与法理的冲突，包括未成年抚养义务、护理成本抵扣等细节争议。情绪上，对姑姑的同情与对女儿的谴责形成鲜明对比，同时媒体标题党现象和网暴风险引发次要讨论。整体呈现“道德付出优先于法定继承”的舆论倾向，最终趋于支持判决的稳定态势。（199字）,1,"[1, 0, 0, 0, 0, 0, 0, 0, 0, 0, 0, 0, 0, 0, 0, 3, 1, 27, 110, 105, 41, 26, 19, 19, 21, 32]"
雷军演讲祝福祖国_最终事件描述,雷军演讲祝福祖国事件呈现出明显的阶段性演变。**初期（1-12小时）**以爱国情绪与品牌自豪感为主导，评论高度聚焦雷军个人魅力、小米产品力与国庆主题的结合，形成积极热烈的舆论氛围，偶有华为对比等争议但未成主流。**中期（13-45小时）**舆论逐渐分化，支持者持续赞扬雷军的企业家精神，但消费者投诉（售后、品控）显著增加，同时“爱国营销”质疑与行业对比（如华为、比亚迪）引发讨论，呈现赞美与批评并存的局面。**后期（46-540小时）**事件转向长尾互动，用户以“接好运”“梦想成真”等幽默祈福形式与雷军IP深度绑定，财富自由、事业成功成为核心话题，整体氛围轻松，负面声音集中于零星产品吐槽。整体来看，事件从高热度爱国营销成功过渡为持续性的品牌情感互动，雷军“亲民企业家”形象得到强化，但售后问题暴露出小米在服务端的短板。（199字）,1,"[2, 2, 2, 5, 25, 31, 41, 25, 26, 22, 18, 10, 11, 5, 7, 6, 2, 0, 1, 4, 0, 2, 1, 2, 0, 3, 1, 2, 2, 3, 0, 1, 0, 1, 0, 0, 1, 2, 1, 1, 0, 1, 0, 0, 0, 0, 0, 0, 0, 1, 0, 0, 0, 0, 1, 1, 1, 1, 1, 0, 0, 0, 0, 0, 0, 0, 0, 0, 0, 0, 0, 0, 0, 1, 0, 0, 0, 0, 0, 0, 0, 0, 0, 0, 0, 0, 0, 0, 0, 0, 0, 0, 0, 0, 0, 0, 0, 0, 1, 0, 0, 0, 0, 0, 0, 0, 1, 0, 0, 0, 0, 0, 0, 0, 0, 0, 0, 0, 0, 0, 0, 0, 0, 0, 0, 0, 0, 0, 1, 0, 0, 0, 0, 0, 0, 0, 0, 0, 0, 0, 0, 0, 0, 0, 0, 1, 0, 0, 0, 0, 0, 0, 0, 0, 0, 0, 0, 1, 0, 0, 0, 0, 0, 0, 0, 0, 0, 0, 0, 0, 0, 0, 0, 0, 0, 0, 0, 0, 0, 0, 0, 0, 0, 0, 0, 0, 0, 0, 0, 0, 0, 0, 0, 0, 0, 0, 0, 0, 0, 0, 0, 0, 0, 0, 0, 0, 0, 0, 0, 0, 0, 0, 0, 0, 0, 0, 0, 0, 0, 0, 0, 0, 0, 0, 0, 0, 0, 0, 0, 0, 0, 0, 0, 0, 0, 0, 0, 0, 0, 0, 0, 0, 0, 0, 0, 0, 0, 0, 0, 0, 0, 0, 0, 0, 0, 0, 0, 0, 0, 0, 0, 0, 0, 0, 0, 0, 0, 0, 0, 0, 0, 0, 0, 0, 0, 0, 0, 0, 0, 0, 0, 0, 0, 0, 0, 0, 0, 0, 0, 0, 0, 0, 0, 0, 0, 0, 0, 0, 0, 0, 0, 0, 0, 0, 0, 0, 0, 0, 0, 0, 0, 0, 0, 0, 0, 0, 0, 0, 0, 0, 0, 0, 0, 0, 0, 0, 0, 0, 0, 0, 0, 0, 0, 0, 0, 0, 0, 0, 0, 0, 0, 0, 0, 0, 0, 0, 0, 0, 0, 0, 0, 0, 0, 0, 0, 0, 0, 0, 0, 0, 0, 0, 0, 0, 0, 0, 0, 0, 0, 0, 0, 0, 0, 0, 0, 0, 0, 0, 0, 0, 0, 0, 0, 0, 0, 0, 0, 0, 0, 0, 0, 0, 0, 0, 0, 0, 0, 0, 0, 0, 0, 0, 0, 0, 0, 0, 0, 0, 0, 0, 0, 0, 0, 0, 0, 0, 0, 0, 0, 1, 0, 0, 0, 0, 0, 0, 0, 0, 0, 0, 0, 0, 0, 0, 0, 0, 0, 0, 0, 0, 0, 0, 0, 0, 0, 0, 0, 0, 0, 0, 0, 0, 0, 0, 0, 0, 0, 0, 0, 0, 0, 0, 0, 0, 0, 0, 0, 0, 0, 0, 0, 0, 0, 0, 0, 0, 0, 0, 0, 0, 0, 0, 0, 0, 0, 0, 0, 0, 0, 0, 0, 0, 0, 0, 1, 0, 2, 0, 0, 0, 0, 0, 0, 0, 0, 0, 0, 0, 0, 0, 0, 0, 0, 0, 0, 0, 0, 0, 0, 0, 0, 0, 0, 0, 0, 0, 0, 0, 0, 0, 0, 0, 0, 0, 0, 0, 0, 0, 0, 0]"
山东打母亲男孩_最终事件描述,山东打母亲男孩事件在72小时内持续发酵，舆论呈现明显的阶段性演变。初期（1-12小时）以极端愤怒情绪为主，网民集中谴责男孩暴力行为，高频使用“畜生”“逆子”等标签化表达，并归咎于家庭教育溺爱或“超雄综合征”等生物因素，同时“孔孟之乡”的地域反讽成为情绪宣泄点。中期（13-36小时）舆论分化，除持续批判施暴者外，争议转向教育责任归属（母亲纵容vs父亲缺位）及地域标签的合理性，部分理性声音呼吁避免片面归责。后期（37-72小时）焦点转向社会反思，警方介入获普遍支持，但围绕“慈母多败儿”“棍棒教育”的争论激化，延伸至对孝道文化、少管所缺失等结构性问题的探讨。整体呈现“情绪爆发-归因争议-制度反思”的递进脉络，愤怒基调贯穿始终，地域标签与教育批判成为核心议题，反映出公众对青少年暴力与家庭教育失效的深层焦虑。（199字）,1,"[40, 32, 13, 13, 15, 84, 37, 45, 34, 26, 45, 24, 60, 60, 39, 51, 38, 62, 30, 96, 27, 11, 67, 7, 10, 22, 0, 3, 3, 6, 16, 2, 0, 34, 13, 13, 78, 15, 17, 54, 37, 49, 129, 52, 92, 28, 36, 68, 58, 16, 21, 15, 11, 9, 8, 28, 10, 22, 27, 18, 39, 29, 15, 7, 47, 15, 17, 37, 15, 20, 31, 21, 14, 17, 17, 5]"
情侣连续两次偷渡妄想去境外淘金_最终事件描述,情侣连续两次偷渡妄想去境外淘金事件引发持续关注，舆论呈现从集中批判到多元讨论的演变趋势。初期（1-2218小时），舆论以嘲讽、质疑为主，聚焦当事人轻信“高薪谎言”的愚昧，并关联缅北诈骗风险，强调贪念的危害性，同时质疑监管漏洞。中期（2220-2227小时）批评进一步深化，谴责其法律意识薄弱，呼吁理性务工，少量泛化正能量内容出现但影响有限。后期（2228-2632小时）舆论分化明显：部分声音转向个人努力与乐观心态的抽象讨论，但主流仍以理性批判为核心，通过传统价值观倡导、风险警示（如“幸福在于知足”）甚至戏谑调侃（如“秦始皇”梗），强化对违法性和荒诞性的否定。整体事件热度持久，反映出公众对跨境诈骗产业链的高度警惕，以及对“捷径致富”心理的社会性反思，最终形成以法治警示为主、兼顾价值观引导的舆论共识。（199字）,0,"[1, 0, 0, 0, 0, 0, 0, 0, 0, 1, 1, 2, 0, 0, 1, 0, 1, 0, 2, 0, 3, 0, 0, 1, 0, 0, 0, 0, 0, 0, 0, 0, 0, 0, 0, 0, 0, 0, 0, 0, 0, 0, 0, 0, 0, 0, 0, 0, 0, 0, 0, 0, 0, 0, 0, 0, 0, 0, 0, 0, 0, 0, 0, 0, 0, 0, 0, 0, 0, 0, 0, 0, 0, 0, 0, 0, 0, 0, 0, 0, 0, 0, 0, 0, 0, 0, 0, 0, 0, 0, 0, 0, 0, 0, 0, 0, 0, 0, 0, 0, 0, 0, 0, 0, 0, 0, 0, 0, 0, 0, 0, 0, 0, 0, 0, 0, 0, 0, 0, 1, 0, 0, 0, 0, 0, 0, 0, 0, 0, 0, 0, 0, 0, 0, 0, 0, 0, 0, 0, 0, 0, 0, 0, 0, 0, 0, 0, 0, 0, 0, 0, 0, 0, 0, 0, 0, 0, 0, 0, 0, 0, 0, 0, 0, 0, 0, 0, 0, 0, 0, 0, 0, 0, 0, 0, 0, 0, 0, 0, 0, 0, 0, 0, 0, 0, 0, 0, 0, 0, 0, 0, 0, 0, 0, 0, 0, 0, 0, 0, 0, 0, 0, 0, 0, 0, 0, 0, 0, 0, 0, 0, 0, 0, 0, 0, 0, 0, 0, 0, 0, 0, 0, 0, 0, 0, 0, 0, 0, 0, 0, 0, 0, 0, 0, 0, 0, 0, 0, 0, 0, 0, 0, 0, 0, 0, 0, 0, 0, 0, 0, 0, 0, 0, 0, 0, 0, 0, 0, 0, 0, 0, 0, 0, 0, 0, 0, 0, 0, 0, 0, 0, 0, 0, 0, 0, 0, 0, 0, 0, 0, 0, 0, 0, 0, 0, 0, 0, 0, 0, 0, 0, 0, 0, 0, 0, 0, 0, 0, 0, 0, 0, 0, 0, 0, 0, 0, 0, 0, 0, 0, 0, 0, 0, 0, 0, 0, 0, 0, 0, 0, 0, 0, 0, 0, 0, 0, 0, 0, 0, 0, 0, 0, 0, 0, 0, 0, 0, 0, 0, 0, 0, 0, 0, 0, 0, 0, 0, 0, 0, 0, 0, 0, 0, 0, 0, 0, 0, 0, 0, 0, 0, 0, 0, 1, 0, 0, 0, 0, 0, 0, 0, 0, 1, 0, 0, 0, 0, 0, 0, 0, 0, 0, 0, 0, 0, 0, 0, 0, 0, 0, 0, 0, 0, 0, 0, 0, 0, 0, 0, 0, 0, 0, 0, 0, 0, 0, 0, 0, 0, 0, 0, 0, 0, 0, 0, 0, 0, 0, 0, 0, 0, 0, 0, 0, 0, 0, 0, 0, 0, 0, 0, 0, 0, 0, 0, 0, 0, 0, 0, 0, 0, 0, 0, 0, 0, 0, 0, 0, 0, 0, 0, 0, 0, 0, 0, 0, 0, 0, 0, 0, 0, 0, 0, 0, 0, 0, 0, 0, 0, 0, 0, 0, 0, 0, 0, 0, 0, 0, 0, 0, 0, 0, 0, 0, 0, 0, 0, 0, 0, 0, 0, 0, 0, 0, 0, 0, 0, 0, 0, 0, 0, 0, 0, 0, 0, 0, 0, 0, 0, 0, 0, 0, 0, 0, 0, 0, 0, 0, 0, 0, 0, 0, 0, 0, 0, 0, 0, 0, 0, 0, 0, 0, 0, 0, 0, 0, 0, 0, 0, 0, 0, 0, 0, 0, 0, 0, 0, 0, 0, 0, 0, 0, 0, 0, 0, 0, 0, 0, 0, 0, 0, 0, 1, 0, 0, 0, 0, 0, 0, 0, 0, 0, 0, 0, 0, 0, 0, 0, 0, 0, 0, 0, 0, 0, 0, 0, 0, 0, 0, 0, 0, 0, 0, 0, 0, 0, 0, 0, 0, 0, 0, 0, 0, 0, 0, 0, 0, 0, 0, 0, 0, 0, 0, 0, 0, 0, 0, 0, 0, 0, 0, 0, 0, 0, 0, 0, 0, 0, 0, 0, 0, 0, 0, 0, 0, 0, 0, 0, 0, 0, 0, 0, 0, 0, 0, 0, 0, 0, 0, 0, 0, 0, 0, 0, 0, 0, 0, 0, 0, 0, 0, 0, 0, 0, 0, 0, 0, 0, 0, 0, 0, 0, 0, 0, 0, 0, 0, 0, 0, 0, 0, 0, 0, 0, 0, 0, 0, 0, 0, 0, 0, 0, 0, 0, 0, 0, 0, 0, 0, 0, 0, 0, 0, 0, 0, 0, 0, 0, 0, 0, 0, 0, 0, 0, 0, 0, 0, 0, 0, 0, 0, 0, 0, 0, 0, 0, 0, 0, 0, 0, 0, 0, 0, 0, 0, 0, 0, 0, 0, 0, 0, 0, 0, 0, 0, 0, 0, 0, 0, 0, 0, 0, 0, 0, 0, 0, 0, 0, 0, 0, 0, 0, 0, 0, 0, 0, 0, 0, 0, 0, 0, 0, 0, 0, 0, 0, 0, 0, 0, 0, 0, 0, 0, 0, 0, 0, 0, 0, 0, 0, 0, 0, 0, 0, 0, 0, 0, 0, 0, 0, 0, 0, 0, 0, 0, 0, 0, 0, 0, 0, 0, 0, 0, 0, 0, 0, 0, 0, 0, 0, 0, 0, 0, 0, 0, 0, 0, 0, 0, 0, 0, 0, 0, 0, 0, 0, 0, 0, 0, 0, 0, 0, 0, 0, 0, 0, 0, 0, 0, 0, 0, 0, 0, 1, 0, 0, 0, 0, 0, 0, 0, 0, 0, 0, 0, 0, 0, 0, 0, 0, 0, 0, 0, 0, 0, 0, 0, 0, 0, 0, 0, 0, 0, 0, 0, 0, 0, 0, 0, 0, 0, 0, 0, 0, 0, 0, 0, 0, 0, 0, 0, 0, 0, 0, 0, 0, 0, 0, 0, 0, 0, 0, 0, 0, 0, 0, 0, 0, 0, 0, 0, 0, 0, 0, 0, 0, 0, 0, 0, 0, 0, 0, 0, 0, 0, 0, 0, 0, 0, 0, 0, 0, 0, 0, 0, 0, 0, 0, 0, 0, 0, 0, 0, 0, 0, 0, 0, 0, 0, 0, 0, 0, 0, 0, 0, 0, 0, 0, 0, 0, 0, 0, 0, 0, 0, 0, 0, 0, 0, 0, 0, 0, 0, 0, 0, 0, 0, 0, 0, 0, 0, 0, 0, 0, 0, 0, 0, 0, 0, 0, 0, 0, 0, 0, 0, 0, 0, 0, 0, 0, 0, 0, 0, 0, 0, 0, 0, 0, 0, 0, 0, 0, 0, 0, 0, 0, 0, 0, 0, 0, 0, 0, 0, 0, 0, 0, 0, 0, 0, 0, 0, 0, 0, 0, 0, 0, 0, 0, 0, 0, 0, 0, 0, 0, 0, 0, 0, 0, 0, 0, 0, 0, 0, 0, 0, 0, 0, 0, 0, 0, 0, 0, 0, 0, 0, 0, 0, 0, 0, 0, 0, 0, 0, 0, 0, 0, 0, 0, 0, 0, 0, 0, 0, 0, 0, 0, 0, 0, 0, 0, 0, 0, 0, 0, 0, 0, 0, 0, 0, 0, 0, 0, 0, 0, 0, 0, 0, 0, 0, 0, 0, 0, 0, 0, 0, 0, 0, 0, 0, 0, 0, 0, 0, 0, 0, 0, 0, 0, 0, 0, 0, 0, 0, 0, 0, 0, 0, 0, 0, 0, 0, 0, 0, 0, 0, 0, 0, 0, 0, 0, 0, 0, 0, 0, 0, 0, 0, 0, 0, 0, 0, 0, 0, 0, 0, 0, 0, 0, 0, 0, 0, 0, 0, 0, 0, 0, 0, 0, 0, 0, 0, 0, 0, 0, 0, 0, 0, 0, 0, 0, 0, 0, 0, 0, 0, 0, 0, 0, 0, 0, 0, 0, 0, 0, 0, 0, 0, 0, 0, 0, 0, 0, 0, 0, 0, 0, 0, 0, 0, 0, 0, 0, 0, 0, 0, 0, 0, 0, 0, 0, 0, 0, 0, 0, 0, 0, 0, 0, 0, 0, 0, 0, 0, 0, 0, 0, 0, 0, 0, 0, 0, 0, 0, 0, 0, 0, 0, 0, 0, 0, 0, 0, 0, 0, 0, 0, 0, 0, 0, 0, 0, 0, 0, 0, 0, 0, 0, 0, 0, 0, 0, 0, 0, 0, 0, 0, 0, 0, 0, 0, 0, 0, 0, 0, 0, 0, 0, 0, 0, 0, 0, 0, 0, 1, 0, 0, 0, 0, 0, 0, 0, 0, 0, 0, 0, 0, 0, 0, 0, 0, 0, 0, 0, 0, 0, 0, 0, 0, 0, 0, 0, 0, 0, 0, 0, 0, 0, 0, 0, 0, 0, 0, 0, 0, 0, 0, 0, 0, 0, 0, 0, 0, 0, 0, 0, 0, 0, 0, 0, 0, 0, 0, 0, 0, 0, 0, 0, 0, 0, 0, 0, 0, 0, 0, 0, 0, 0, 0, 0, 0, 2, 0, 0, 0, 0, 0, 0, 0, 0, 0, 0, 0, 0, 0, 0, 0, 0, 0, 0, 0, 0, 1, 0, 0, 1, 0, 0, 0, 1, 1, 0, 0, 0, 0, 0, 1, 0, 0, 1, 0, 2, 0, 0, 0, 0, 0, 0, 2, 0, 0, 0, 0, 0, 0, 0, 0, 0, 0, 0, 0, 0, 0, 0, 0, 0, 0, 0, 0, 0, 0, 0, 0, 0, 0, 0, 0, 0, 0, 0, 0, 0, 0, 0, 0, 0, 0, 0, 0, 0, 0, 0, 0, 0, 0, 0, 0, 0, 0, 0, 0, 0, 0, 0, 0, 0, 0, 0, 0, 0, 0, 0, 0, 0, 0, 0, 0, 0, 0, 0, 0, 0, 0, 0, 0, 0, 0, 0, 0, 0, 0, 0, 0, 0, 0, 0, 0, 0, 0, 0, 0, 0, 0, 0, 0, 0, 0, 0, 0, 0, 0, 0, 0, 0, 0, 0, 0, 0, 0, 0, 0, 0, 0, 0, 0, 0, 0, 0, 0, 1, 0, 0, 0, 0, 0, 0, 0, 0, 0, 0, 0, 0, 0, 0, 0, 0, 0, 0, 0, 0, 0, 0, 0, 0, 0, 0, 0, 0, 0, 0, 0, 0, 0, 0, 0, 0, 0, 0, 0, 0, 0, 0, 0, 0, 0, 0, 0, 0, 0, 0, 0, 0, 0, 0, 0, 0, 0, 0, 0, 0, 0, 0, 0, 0, 0, 0, 0, 0, 0, 0, 0, 0, 0, 0, 0, 0, 0, 0, 0, 0, 0, 0, 0, 0, 0, 0, 0, 0, 0, 0, 0, 0, 0, 0, 0, 0, 0, 0, 0, 0, 0, 0, 0, 0, 0, 0, 0, 0, 0, 0, 0, 0, 0, 0, 0, 0, 0, 0, 0, 0, 0, 0, 0, 0, 0, 0, 0, 0, 0, 0, 0, 0, 0, 0, 0, 0, 0, 0, 0, 0, 0, 0, 0, 0, 0, 0, 0, 0, 0, 0, 0, 0, 0, 0, 0, 0, 0, 0, 0, 0, 0, 0, 0, 0, 0, 0, 0, 0, 0, 0, 0, 0, 0, 0, 0, 0, 0, 0, 0, 0, 0, 0, 0, 0, 0, 0, 0, 0, 0, 0, 0, 0, 0, 0, 0, 0, 0, 0, 0, 0, 0, 0, 0, 0, 0, 0, 0, 0, 0, 0, 0, 0, 0, 0, 0, 0, 0, 0, 0, 0, 0, 0, 0, 0, 0, 0, 0, 0, 0, 0, 0, 0, 0, 0, 0, 0, 0, 0, 0, 0, 0, 0, 0, 0, 0, 0, 0, 0, 0, 0, 0, 0, 0, 0, 0, 0, 0, 0, 0, 0, 0, 0, 0, 0, 0, 0, 0, 0, 0, 0, 0, 0, 0, 0, 0, 0, 0, 0, 0, 0, 0, 0, 0, 0, 0, 0, 0, 0, 0, 0, 0, 0, 0, 0, 0, 0, 0, 0, 0, 0, 0, 0, 0, 0, 0, 0, 0, 0, 0, 0, 0, 0, 0, 0, 0, 0, 0, 0, 0, 0, 0, 0, 0, 0, 0, 0, 0, 0, 0, 0, 0, 0, 0, 0, 0, 0, 0, 0, 0, 0, 0, 0, 0, 0, 0, 0, 0, 0, 0, 0, 0, 0, 0, 0, 0, 0, 0, 0, 0, 0, 0, 0, 0, 0, 0, 0, 0, 0, 0, 0, 0, 0, 0, 0, 0, 0, 0, 0, 0, 0, 0, 0, 0, 0, 0, 0, 0, 0, 0, 0, 0, 0, 0, 0, 0, 0, 0, 0, 0, 0, 0, 0, 0, 0, 0, 0, 0, 0, 0, 0, 0, 0, 0, 0, 0, 0, 0, 0, 0, 0, 0, 0, 0, 0, 0, 0, 0, 0, 0, 0, 0, 0, 0, 0, 0, 0, 0, 0, 0, 0, 0, 0, 0, 0, 0, 0, 0, 0, 0, 0, 0, 0, 0, 0, 0, 0, 0, 0, 0, 0, 0, 0, 0, 0, 0, 0, 0, 0, 0, 0, 0, 0, 0, 0, 0, 0, 0, 0, 0, 0, 0, 0, 0, 0, 0, 0, 0, 0, 0, 0, 0, 0, 0, 0, 0, 0, 0, 0, 0, 0, 0, 0, 0, 0, 0, 0, 0, 0, 0, 0, 0, 0, 0, 0, 0, 0, 0, 0, 0, 0, 0, 0, 0, 0, 0, 0, 0, 0, 0, 0, 0, 0, 0, 0, 0, 0, 0, 0, 0, 0, 0, 0, 0, 0, 0, 0, 0, 0, 0, 0, 0, 0, 0, 0, 0, 0, 0, 0, 0, 0, 0, 0, 0, 0, 0, 0, 0, 0, 0, 0, 0, 0, 0, 0, 0, 0, 0, 0, 0, 0, 0, 0, 0, 0, 0, 0, 0, 0, 0, 0, 0, 0, 0, 0, 0, 0, 0, 0, 0, 0, 0, 0, 0, 0, 0, 0, 0, 0, 0, 0, 0, 0, 0, 0, 0, 0, 0, 0, 0, 0, 0, 0, 0, 0, 0, 0, 0, 0, 0, 0, 0, 0, 0, 0, 0, 0, 0, 0, 0, 0, 0, 0, 0, 0, 0, 0, 0, 0, 0, 0, 0, 0, 0, 0, 0, 0, 0, 0, 0, 0, 0, 1, 0, 0, 0, 0, 0, 0, 1, 0, 1, 1, 1, 1, 0, 1, 1, 0, 0, 0, 0, 2, 0, 0, 0, 0, 0, 0, 0, 0, 0, 0, 0, 0, 0, 0, 0, 0, 0, 0, 0, 0, 0, 0, 0, 0, 0, 0, 0, 0, 0, 0, 0, 0, 0, 0, 0, 0, 0, 0, 0, 0, 0, 0, 0, 0, 0, 0, 0, 0, 0, 0, 0, 0, 0, 0, 0, 0, 0, 0, 0, 0, 0, 0, 0, 0, 0, 0, 0, 0, 0, 0, 0, 0, 0, 0, 0, 0, 0, 0, 0, 0, 0, 0, 0, 0, 0, 0, 0, 0, 0, 0, 0, 0, 0, 0, 0, 0, 0, 0, 0, 0, 0, 0, 0, 0, 0, 0, 0, 0, 0, 0, 0, 0, 0, 0, 0, 0, 0, 0, 0, 0, 0, 0, 0, 0, 0, 0, 0, 0, 0, 0, 0, 0, 0, 0, 0, 0, 0, 0, 0, 0, 0, 0, 0, 0, 0, 0, 0, 0, 0, 0, 0, 0, 0, 0, 0, 0, 0, 0, 0, 0, 0, 0, 0, 0, 0, 0, 0, 0, 0, 0, 0, 0, 0, 0, 0, 0, 0, 0, 0, 0, 0, 0, 0, 0, 0, 0, 0, 0, 0, 0, 0, 0, 0, 0, 0, 0, 0, 0, 0, 0, 0, 0, 0, 0, 0, 0, 0, 0, 0, 0, 0, 0, 0, 0, 0, 0, 0, 0, 0, 0, 0, 0, 0, 0, 0, 0, 0, 0, 0, 0, 0, 0, 0, 0, 0, 0, 0, 0, 0, 0, 0, 0, 0, 0, 0, 0, 0, 0, 0, 0, 0, 0, 0, 0, 0, 0, 0, 0, 0, 0, 0, 0, 0, 0, 0, 0, 0, 0, 0, 0, 0, 0, 0, 0, 0, 0, 0, 0, 0, 0, 0, 0, 0, 0, 0, 0, 0, 0, 0, 0, 0, 0, 0, 0, 0, 0, 0, 0, 0, 0, 0, 0, 0, 0, 0, 0, 0, 0, 0, 0, 0, 0, 0, 0, 0, 0, 0, 0, 0, 0, 0, 0, 0, 0, 0, 0, 0, 0, 0, 0, 0, 0, 0, 0, 0, 0, 0, 0, 0, 0, 0, 0, 0, 0, 0, 0, 0, 0, 0, 0, 0, 0, 0, 0, 0, 0, 0, 0, 0, 0, 0, 0, 0, 0, 0, 0, 0, 0, 0, 0, 0, 0, 0, 1, 2, 0, 0, 0, 0, 0, 0, 0, 0, 0, 0, 0, 0, 0, 0, 1, 0]"
舅舅外甥女_最终事件描述,"**舅舅外甥女借贷纠纷事件总述**  
该事件始于“舅舅借外甥女900万拒还”的亲属借贷纠纷，舆论发展呈现三阶段演变：  
1. **初期（1-53小时）**：聚焦债务真实性及金额震惊，网友普遍谴责舅舅“利用亲情欺诈”，同情外甥女，同时质疑亲属间大额借贷合理性。情绪以愤怒为主，延伸讨论法律执行难、老赖成本低等社会问题。  
2. **中期（54-267小时）**：转向对亲属借贷信任危机的广泛反思，大量网友分享类似经历，形成“亲兄弟明算账”共识。争议点包括标题表述歧义、贫富差距调侃，以及性别表述的敏感讨论。情绪交织愤怒与无奈，强化对失信行为的批判。  
3. **后期（268-337小时）**：舆论焦点转移至代理律师的正义形象，正面情绪主导，支持其法律行动并谴责舅妈方“恶意行为”。事件从个案升华为对法律介入的肯定与亲情诚信的悲观反思，最终形成“借贷需谨慎、法律维权益”的集体认知。（199字）",0,"[0, 0, 0, 0, 0, 0, 0, 0, 0, 0, 0, 0, 0, 0, 0, 0, 0, 0, 0, 0, 0, 0, 0, 0, 0, 0, 0, 0, 0, 0, 0, 0, 0, 0, 0, 0, 0, 0, 0, 0, 0, 0, 0, 3, 4, 4, 1, 1, 1, 0, 0, 0, 1, 2, 3, 1, 4, 4, 2, 0, 0, 0, 0, 0, 0, 2, 0, 2, 0, 0, 0, 0, 0, 0, 0, 0, 0, 0, 0, 0, 0, 0, 0, 1, 0, 0, 0, 0, 0, 0, 0, 0, 0, 0, 0, 0, 0, 0, 0, 0, 0, 0, 1, 0, 0, 0, 0, 0, 0, 0, 0, 0, 0, 0, 0, 0, 0, 0, 0, 0, 0, 0, 0, 0, 0, 0, 1, 0, 0, 0, 0, 0, 0, 0, 0, 0, 0, 0, 0, 0, 0, 0, 0, 0, 0, 0, 0, 0, 0, 0, 0, 0, 0, 0, 0, 0, 0, 0, 0, 0, 0, 0, 0, 0, 0, 0, 0, 0, 0, 0, 0, 0, 0, 0, 0, 0, 0, 0, 0, 0, 0, 0, 0, 0, 0, 0, 0, 0, 0, 0, 0, 0, 0, 0, 0, 0, 0, 0, 0, 1, 0, 0, 0, 0, 0, 1, 0, 0, 0, 0, 0, 0, 0, 0, 0, 0, 0, 1, 0, 0, 1, 0, 0, 0, 0, 0, 0, 0, 0, 0, 0, 0, 0, 0, 0, 0, 0, 0, 0, 0, 0, 0, 0, 0, 0, 0, 0, 0, 0, 0, 1, 0, 0, 0, 0, 0, 0, 0, 0, 0, 0, 0, 0, 0, 0, 2, 2, 1, 1, 1, 0, 1, 0, 0, 0, 0, 1, 0, 2, 0, 0, 0, 0, 0, 0, 0, 0, 0, 0, 0, 0, 0, 0, 0, 0, 0, 0, 0, 0, 0, 0, 0, 0, 0, 0, 0, 0, 0, 0, 1, 0, 0, 0, 0, 0, 0, 0, 0, 0, 0, 0, 0, 0, 0, 0, 0, 0, 0, 0, 0, 0, 0, 0, 1, 0, 0, 0]"
港股突变_最终事件描述,"**港股突变事件总描述：**  
港股市场在突发性剧烈波动中呈现典型的“焦虑-分化-修复”轨迹。初期（1-8小时）因快速下跌引发集体恐慌，散户亏损案例（如“4.7万”标签）和操纵质疑主导情绪；中期（9-98小时）反弹催生两极分化，短期回血者与高位套牢者对立，市场对机构主导的“失真反弹”和A股联动效应持续争论；后期（99-111小时）转入技术性震荡阶段，V型反转频现推动情绪从早盘恐慌转向尾盘乐观，但多空博弈加剧——年轻投资者倾向抄底，老股民谨慎观望，政策预期与外资动向成为关键变量。贯穿全程的是散户对意见领袖的依赖、对A股节后走势的押注，以及投机心态与长期信心的拉锯。事件本质反映港股在流动性压力与外部市场扰动下的脆弱性，以及散户群体在剧烈波动中的行为分化。（198字）",0,"[0, 0, 0, 0, 0, 0, 0, 0, 1, 4, 1, 0, 0, 0, 0, 0, 0, 0, 0, 0, 0, 0, 0, 0, 0, 0, 0, 0, 1, 0, 0, 0, 0, 0, 0, 0, 0, 0, 0, 0, 0, 0, 0, 0, 0, 0, 0, 0, 0, 0, 0, 0, 0, 0, 0, 0, 0, 0, 0, 0, 0, 0, 0, 0, 0, 0, 0, 0, 0, 0, 0, 0, 0, 0, 0, 0, 0, 0, 0, 0, 0, 0, 0, 0, 0, 0, 0, 0, 0, 1, 0, 0, 0, 0, 0, 0, 0, 0, 0, 8, 27, 34, 11, 2, 0, 0, 0, 2, 2, 4, 0, 0]"
黎巴嫩9岁女孩腿被炸断_最终事件描述,黎巴嫩9岁女孩因冲突被炸断腿的事件，舆论发展呈现明显的阶段性演变。**初期（1-12小时）**以人道主义关切为主导，大量网民表达对受害儿童的悲痛与反战呼吁，但伴随民族品牌争议、历史类比等话题的分流。**中期（13-17小时）**情绪逐渐激化，立场分化加剧：一方强烈谴责以色列军事行动并归咎美国干预，另一方则指责真主党责任，极端言论（如种族主义、暴力煽动）开始涌现。**后期（18-439小时）**舆论彻底转向政治极化，同情诉求被地缘政治对立淹没，反以、反美言论激增，甚至出现支持纳粹的极端表达，冲突扩大化讨论（如“中东全面战争”）成为焦点。整体呈现从个体悲剧共情到集体仇恨宣泄的异化轨迹，凸显战争议题下舆论场的情绪失控与立场撕裂。,0,"[0, 0, 0, 0, 0, 0, 1, 0, 2, 0, 10, 5, 4, 3, 8, 3, 2, 6, 8, 0, 3, 2, 1, 4, 0, 1, 1, 0, 1, 1, 2, 1, 2, 0, 0, 0, 0, 0, 0, 1, 0, 0, 0, 0, 1, 0, 0, 0, 2, 0, 0, 0, 0, 0, 1, 0, 0, 0, 0, 0, 2, 0, 0, 0, 0, 0, 0, 0, 0, 2, 0, 1, 0, 0, 0, 0, 0, 0, 1, 0, 0, 0, 0, 0, 0, 1, 0, 0, 1, 0, 0, 2, 1, 0, 0, 0, 0, 0, 0, 0, 0, 0, 0, 0, 0, 0, 0, 0, 0, 0, 0, 0, 0, 0, 1, 0, 0, 0, 0, 0, 0, 0, 0, 0, 0, 0, 0, 0, 0, 0, 0, 0, 0, 0, 0, 0, 0, 0, 0, 0, 0, 1, 0, 1, 0, 0, 0, 0, 1, 0, 0, 1, 0, 1, 0, 0, 0, 1, 0, 0, 0, 0, 0, 0, 0, 2, 0, 0, 1, 0, 0, 0, 0, 0, 0, 0, 0, 0, 0, 0, 0, 0, 0, 0, 0, 0, 1, 0, 1, 1, 1, 0, 0, 0, 0, 0, 0, 1, 0, 1, 0, 0, 0, 0, 0, 0, 0, 0, 0, 0, 0, 0, 0, 1, 0, 0, 0, 0, 0, 0, 0, 0, 0, 0, 0, 0, 0, 0, 0, 0, 0, 0, 0, 0, 0, 0, 0, 0, 0, 0, 0, 0, 0, 0, 0, 0, 0, 0, 0, 0, 0, 0, 0, 0, 0, 0, 0, 0, 0, 0, 0, 0, 0, 0, 0, 0, 0, 0, 0, 0, 0, 0, 0, 0, 0, 0, 0, 0, 0, 0, 0, 0, 0, 0, 0, 0, 0, 0, 0, 0, 0, 0, 0, 0, 0, 0, 1, 0, 0, 0, 0, 0, 0, 0, 0, 0, 0, 0, 0, 0, 0, 0, 0, 0, 0, 0, 0, 0, 0, 0, 0, 0, 0, 0, 0, 0, 0, 0, 0, 0, 0, 0, 0, 0, 0, 0, 0, 0, 1, 0, 0, 1, 0, 1, 0, 0, 0, 1, 0, 1, 0, 0, 0, 0, 0, 2, 0, 0, 1, 0, 0, 0, 0, 0, 0, 0, 1, 1, 0, 1, 0, 1, 0, 0, 1, 0, 1, 0, 0, 0, 1, 0, 0, 0, 0, 0, 0, 0, 0, 0, 0, 0, 0, 0, 0, 0, 0, 0, 0, 0, 0, 0, 0, 0, 0, 2, 0, 0, 0, 0, 0, 0, 0, 0, 0, 0, 1, 0, 0, 0, 0, 0, 0, 0, 0, 1, 0, 0, 0, 0, 0, 0, 0, 0, 0, 0, 0, 0, 0]"
因狗结缘成为朋友因狗生病反目_最终事件描述,"**事件总描述：**  
该事件始于宠物狗突发中毒引发的健康危机，初期讨论聚焦于中毒原因（农药误食或兽医误诊）及急救措施，同时伴随对养犬规范（如嘴套使用）的争议。随着事态发展，舆论转向对领养责任与宠物权益的深层矛盾，批评领养机构审核松散、养狗观念差异（功能性与情感需求），并呼吁完善动物保护法。中期情绪从愤怒逐渐理性化，但弃养指责与法律诉讼争议仍存。后期呈现两极分化：一方形成粉丝群体支持博主，肯定其正能量内容；另一方持续反思救治失误与宠物安全，悲痛与懊悔交织。整体来看，事件从具体个案逐步升级为对养宠伦理、社会责任与法律缺位的公共讨论，最终在冲突与支持并存的氛围中转向反思，凸显宠物作为情感纽带的双重影响——既联结人际关系，也易激化矛盾。（198字）",0,"[0, 0, 0, 0, 0, 1, 0, 0, 0, 0, 0, 0, 0, 0, 0, 0, 0, 0, 0, 0, 0, 0, 0, 0, 0, 0, 0, 0, 0, 0, 0, 0, 0, 0, 0, 0, 0, 0, 0, 0, 0, 0, 0, 0, 0, 0, 1, 0, 0, 0, 0, 0, 0, 0, 0, 0, 0, 0, 0, 0, 0, 0, 0, 0, 0, 0, 0, 0, 0, 0, 0, 0, 0, 0, 0, 0, 0, 0, 0, 0, 0, 0, 0, 0, 0, 0, 0, 0, 0, 0, 0, 0, 0, 0, 0, 0, 0, 0, 0, 0, 0, 0, 0, 0, 0, 2, 1, 0, 0, 0, 0, 0, 0, 0, 0, 0, 0, 0, 0, 0, 0, 0, 0, 0, 0, 0, 0, 0, 0, 0, 0, 0, 0, 0, 0, 0, 0, 0, 0, 0, 0, 0, 0, 0, 0, 0, 0, 0, 0, 0, 0, 0, 0, 0, 0, 0, 0, 0, 0, 0, 0, 0, 0, 0, 0, 0, 0, 0, 0, 0, 0, 0, 0, 0, 0, 0, 0, 0, 0, 0, 0, 0, 0, 0, 0, 0, 0, 0, 0, 0, 0, 0, 0, 0, 0, 0, 0, 0, 0, 0, 0, 0, 0, 0, 0, 0, 0, 0, 0, 0, 0, 0, 0, 0, 0, 0, 0, 0, 0, 0, 0, 0, 0, 0, 0, 0, 0, 0, 0, 0, 0, 0, 0, 0, 0, 0, 0, 0, 0, 0, 0, 0, 0, 0, 0, 0, 0, 0, 0, 0, 0, 0, 0, 0, 0, 0, 0, 0, 0, 0, 0, 0, 0, 0, 0, 0, 0, 0, 0, 0, 0, 0, 0, 0, 0, 0, 0, 0, 0, 0, 0, 0, 0, 0, 0, 0, 0, 0, 0, 0, 0, 0, 0, 0, 0, 0, 0, 0, 0, 0, 0, 0, 0, 0, 0, 0, 0, 0, 0, 0, 0, 0, 0, 0, 0, 0, 0, 0, 0, 0, 0, 0, 0, 0, 0, 0, 0, 0, 0, 0, 0, 0, 0, 0, 0, 0, 0, 0, 0, 0, 0, 0, 0, 0, 0, 0, 0, 0, 0, 0, 0, 0, 0, 0, 0, 0, 0, 0, 0, 0, 0, 0, 0, 0, 0, 0, 0, 0, 0, 0, 0, 0, 0, 0, 0, 0, 0, 0, 0, 0, 0, 0, 0, 0, 0, 0, 0, 0, 0, 0, 0, 0, 0, 0, 0, 0, 0, 0, 0, 0, 0, 0, 0, 0, 0, 0, 0, 0, 0, 0, 0, 0, 0, 0, 0, 0, 0, 0, 0, 0, 0, 0, 0, 0, 0, 0, 0, 0, 0, 0, 0, 0, 0, 0, 0, 0, 0, 0, 0, 0, 0, 0, 0, 0, 0, 0, 0, 0, 0, 0, 0, 0, 0, 0, 0, 0, 0, 0, 0, 0, 0, 0, 0, 0, 0, 0, 0, 0, 0, 0, 0, 0, 0, 0, 0, 0, 0, 0, 0, 0, 0, 0, 0, 0, 0, 0, 0, 0, 0, 0, 0, 0, 0, 0, 0, 0, 0, 0, 0, 0, 0, 0, 0, 0, 0, 0, 0, 0, 0, 0, 0, 0, 0, 0, 0, 0, 0, 0, 0, 0, 0, 0, 0, 0, 0, 0, 0, 0, 1]"
华晨宇 黄霄雲_最终事件描述,"**华晨宇与黄霄雲事件总述**  

事件始于黄霄雲翻唱华晨宇《烟火里的尘埃》，初期舆论聚焦其技术突破（如高音、人声模拟电吉他），获赞“最牛翻唱”，双方粉丝态度包容。随后争议转向黄霄雲的唱功真实性（修音、电音质疑）及疑似小号互动，氛围以玩梗为主。中期讨论升级为翻唱与原版的风格对比，华晨宇原唱的“孤独感”被多数认为不可替代，但黄霄雲版本推动歌曲热度。  

后期矛盾激化，黄霄雲被指在翻唱中挪用华晨宇《孩子》的独创吟唱旋律且未标注来源，涉嫌侵权。华晨宇方发声明要求维权，双方粉丝激烈对峙，版权争议成为核心。事件从音乐探讨转向法律与道德交锋，凸显行业对原创保护的呼吁。整体呈现“技术认可→娱乐调侃→版权纠纷”的演变路径，最终以未解决的侵权争议收尾。",1,"[0, 0, 0, 0, 0, 0, 0, 0, 0, 0, 0, 0, 0, 0, 0, 0, 0, 0, 0, 0, 0, 0, 0, 0, 0, 0, 0, 0, 0, 0, 0, 0, 0, 0, 0, 0, 0, 0, 0, 0, 0, 0, 0, 0, 0, 0, 0, 0, 0, 0, 0, 0, 0, 0, 0, 0, 0, 0, 0, 0, 0, 0, 0, 0, 0, 0, 0, 0, 0, 0, 0, 0, 0, 0, 0, 0, 0, 0, 0, 0, 0, 0, 0, 0, 0, 0, 0, 0, 0, 0, 0, 0, 0, 0, 0, 0, 0, 0, 0, 0, 0, 0, 0, 0, 0, 0, 0, 0, 0, 0, 0, 0, 0, 0, 0, 0, 0, 0, 0, 0, 0, 0, 0, 0, 0, 0, 0, 0, 0, 0, 0, 0, 0, 0, 0, 0, 0, 0, 0, 0, 0, 0, 0, 0, 0, 0, 0, 0, 0, 0, 0, 0, 0, 0, 0, 0, 0, 0, 0, 0, 0, 0, 0, 0, 0, 0, 0, 0, 0, 0, 0, 0, 0, 0, 0, 0, 0, 0, 0, 0, 0, 0, 0, 0, 0, 0, 0, 0, 0, 0, 0, 0, 0, 0, 0, 0, 0, 0, 0, 0, 0, 0, 0, 0, 0, 0, 0, 0, 0, 0, 0, 0, 0, 0, 0, 0, 0, 0, 0, 0, 0, 0, 0, 0, 0, 0, 0, 0, 0, 0, 0, 0, 0, 0, 0, 0, 0, 0, 0, 0, 0, 0, 0, 0, 0, 0, 0, 0, 0, 0, 0, 0, 0, 0, 0, 0, 0, 0, 0, 0, 0, 0, 0, 12, 8, 9, 22, 24, 17, 20, 30, 2, 3, 0, 1, 3, 11, 18, 13, 8, 20, 13, 10, 5, 3, 10, 8, 4, 4, 5, 4, 1, 3, 1, 1, 1, 0, 0, 1, 0, 3, 2, 1, 0, 2, 0, 1, 2, 0, 1, 2, 2, 3, 2, 1, 5, 1, 1, 1, 0, 1, 0, 0, 1, 1, 0, 2, 1, 1, 1, 2, 0, 0, 2, 3, 4, 1, 7, 3, 4, 0, 1, 0, 0, 0, 0, 0, 0, 2, 2, 0, 3, 1, 1, 0, 1, 1, 1, 0, 1, 0, 3, 3, 1, 0, 0, 0, 0, 0, 0, 0, 0, 0, 0, 0, 0, 0, 1, 3, 1, 1, 0, 1, 0, 0, 0, 0, 0, 0, 0, 0, 0, 0, 0, 0, 0, 0, 2, 0, 0, 0, 0, 0, 1, 0, 0, 0, 2, 0, 1, 0, 0, 1, 0, 0, 0, 0, 0, 0, 0, 0, 0, 0, 0, 0, 0, 1, 0, 0, 0, 0, 0, 0, 1, 0, 1, 0, 0, 1, 0, 1, 0, 0, 0, 1, 0, 0, 0, 1, 0, 0, 1, 1, 1, 0, 2, 0, 0, 0, 0, 0, 0, 0, 0, 0, 0, 0, 0, 0, 0, 0, 0, 0, 0, 0, 0, 1, 0, 0, 0, 0, 0, 0, 1, 0, 1, 0, 0, 0, 0, 0, 0, 2, 0, 0, 0, 0, 1, 1, 0, 0, 0, 0, 1, 49, 53, 40, 87, 50, 40, 25, 14, 6, 7, 9, 12, 13, 19, 18, 13, 15, 10, 7, 17, 5, 14, 12, 10, 12, 12, 13, 10, 13, 8, 4, 5, 1, 1, 1, 2, 5, 4, 3, 2, 2, 4, 1, 3, 7, 4, 8, 6, 9, 8, 8, 8, 7, 3, 1, 2, 3, 2, 0, 1, 1, 2, 4, 1, 4, 2, 3, 3, 3, 6, 3, 4, 2, 2, 4, 6, 3, 3, 2, 1, 0, 0, 1, 0, 0, 4, 0, 1, 3, 2, 3, 2, 4, 2, 3, 1, 1, 4, 8, 9, 7, 1, 0, 0, 1, 5, 1, 5, 3, 3, 6, 4, 6, 6, 2, 5, 3, 1, 2, 5, 6, 8, 7, 2, 3, 1, 3, 1, 1, 0, 0, 0, 6, 1, 0, 1, 2, 0, 2, 2, 3, 1, 2, 4, 6, 5, 6, 6, 2, 2, 1, 1, 1, 0, 0, 1, 4, 1, 2, 2, 3, 5, 0, 5, 3, 5, 3, 3, 4, 4, 5, 4, 3, 3, 1, 1, 0, 0, 0, 1, 1, 0, 2, 6, 0, 0, 2, 5, 2, 4, 2, 7, 2, 1, 1, 1, 2, 2, 1, 0, 0, 0, 1, 2, 2, 2, 0, 2, 3, 2, 3, 3, 1, 1, 1, 1, 2, 4, 0, 4, 1, 3, 2, 0, 0, 0, 1, 0, 1, 2, 1, 0, 1, 0, 2, 6, 0, 0, 0, 2, 4, 37, 52, 9, 5, 0, 2, 1, 0, 1, 4, 2, 2, 2, 3, 2, 6, 8, 11, 16, 13, 9, 18, 17, 22, 48, 54, 70, 74, 34, 14, 5, 0, 7, 6, 19, 41, 50, 49, 204, 577, 666, 552, 13]"
楼下住户报警30多次逼走楼上3任租客_最终事件描述,该事件曝光后，舆论围绕“噪音纠纷-建筑缺陷-权利冲突”主线持续发酵。初期（1-5小时）讨论聚焦建筑隔音标准不足的普遍性问题，网友以无奈和讽刺情绪为主，部分质疑楼下住户精神敏感度，杭州类似案例被引为佐证。随着时间推移（第6小时），矛盾进一步分化：一方面，开发商偷工减料导致“住户互害”成为共识，部分声音同情楼下因噪音困扰的处境；另一方面，楼下30余次报警的极端手段引发争议，被批“欺软怕硬”或滥用警力。解决方案呈现两极：既有呼吁法律介入、隔音改造的理性建议，也不乏“震楼器反制”等对抗性言论。事件最终折射出城市居住中建筑质量、邻里权利边界与纠纷解决机制的多重困境，凸显现行制度下普通民众的无力感。（198字）,0,"[1, 0, 1, 0, 1, 13, 54]"
网文作者涉黄刑期减少六年_最终事件描述,"**事件总述：**  
网文作者因涉黄被判刑期减少六年的事件曝光后，舆论迅速发酵，呈现以下发展脉络：  
1. **初期（1-6小时）**：争议集中于**量刑失衡**，多数声音对比强奸、家暴等犯罪刑期更轻，质疑司法标准不公；同时，**文化双标**（如《金瓶梅》未被禁）和**创作自由**（呼吁分级制）成为核心议题，情绪以愤怒、讽刺为主。  
2. **中期（7-8小时）**：舆论分化，支持法律执行的声音出现，但焦点转向**性别双标**（男作者减刑争议）和**作品内容纠偏**（揭露涉极端虐女情节），部分同情者立场反转。  
3. **后期（9小时）**：讨论升级为对**性压抑文化**和**司法选择性执法**的批判，强调性教育缺失与监管“本末倒置”（如忽视食品安全等民生问题）。  
**整体趋势**：从个案刑期争议逐步演变为对司法公平、文化管控及社会价值观的广泛反思，情绪持续激烈，核心矛盾始终围绕“文字表达”与“现实危害”的边界争议。  
（199字）",1,"[0, 4, 2, 2, 62, 73, 61, 49, 39, 18]"
医院回应幼童游乐场溺水沉底_最终事件描述,医院回应幼童游乐场溺水沉底事件后，舆论呈现明显的阶段性演变。初期（1-8小时）焦点集中于对旁观者、家长及场所的三方谴责，愤怒情绪主导，夹杂阴谋论与溺水救援讨论；中期（9-21小时）舆论迅速聚焦家长监护失职（如“玩手机”“离场”）与泳池管理漏洞（救生员缺位），形成“家长主责”共识，同时溺水后遗症担忧上升；后期（22-42小时）转向理性反思，虽持续追问责任划分，但加入安全警示、施救方法等实用讨论，并出现“旧闻重传”等质疑。末期（43-436小时）情绪从愤怒转为对儿童安全制度的集体反思，两极分化明显：既有对监护责任的严厉批判，也有对生命安全的温情呼吁。整体呈现“情绪爆发—归责争议—长效反思”的传播路径，暴露出公共场所儿童防护体系薄弱的社会焦虑。（199字）,0,"[4, 4, 0, 0, 0, 2, 5, 1, 3, 1, 3, 0, 0, 4, 2, 7, 10, 0, 0, 0, 0, 2, 1, 1, 0, 0, 0, 1, 0, 4, 3, 1, 0, 0, 0, 2, 0, 0, 0, 0, 0, 0, 0, 1, 0, 0, 1, 0, 1, 2, 0, 0, 1, 0, 0, 0, 0, 0, 0, 0, 0, 1, 0, 0, 0, 0, 0, 0, 0, 0, 0, 0, 0, 0, 1, 0, 0, 0, 0, 0, 0, 0, 0, 0, 0, 0, 0, 0, 0, 0, 0, 0, 0, 0, 0, 1, 0, 0, 0, 0, 0, 0, 0, 0, 0, 0, 0, 0, 0, 0, 0, 1, 0, 0, 0, 0, 0, 0, 0, 0, 0, 0, 0, 1, 0, 0, 0, 0, 0, 0, 0, 0, 0, 0, 0, 0, 0, 0, 0, 0, 0, 0, 0, 0, 0, 0, 0, 0, 0, 0, 0, 0, 0, 0, 0, 0, 1, 0, 0, 0, 0, 0, 0, 0, 1, 0, 0, 0, 0, 0, 0, 0, 0, 0, 0, 0, 0, 0, 0, 0, 0, 0, 0, 0, 0, 0, 0, 0, 0, 0, 0, 0, 0, 0, 0, 0, 0, 0, 0, 0, 0, 0, 0, 0, 0, 0, 0, 0, 0, 1, 0, 0, 0, 0, 0, 0, 0, 0, 0, 0, 0, 0, 0, 0, 0, 0, 0, 0, 0, 0, 0, 0, 0, 0, 0, 0, 0, 0, 0, 0, 0, 0, 0, 0, 0, 0, 0, 0, 0, 0, 0, 0, 0, 0, 0, 0, 0, 0, 0, 0, 0, 0, 0, 0, 0, 0, 0, 0, 0, 0, 0, 0, 0, 0, 0, 0, 0, 0, 0, 0, 0, 0, 0, 0, 0, 0, 0, 0, 0, 0, 0, 0, 0, 0, 0, 1, 1, 0, 0, 0, 0, 0, 0, 1, 0, 0, 0, 0, 0, 0, 1, 0, 0, 0, 0, 0, 0, 0, 0, 0, 0, 0, 0, 0, 0, 0, 0, 0, 0, 0, 0, 0, 0, 0, 0, 0, 0, 0, 0, 0, 0, 0, 0, 0, 0, 0, 1, 0, 0, 0, 0, 0, 0, 0, 0, 0, 0, 0, 0, 0, 0, 0, 0, 0, 0, 0, 0, 0, 0, 0, 0, 0, 0, 0, 0, 0, 0, 0, 0, 0, 0, 0, 0, 0, 0, 0, 0, 0, 0, 0, 0, 0, 0, 0, 0, 0, 0, 0, 0, 0, 0, 0, 0, 0, 0, 0, 0, 0, 0, 0, 0, 0, 0, 0, 0, 0, 0, 0, 0, 0, 0, 0, 0, 0, 0, 0, 0, 0, 0, 0, 0, 0, 0, 0, 0, 0, 0]"
小24岁女友闹分手大爷怒曝亲密照_最终事件描述,"**事件总描述：**  
70岁费大伯与46岁赵大姐的“爷孙恋”纠纷因分手矛盾升级为公共事件。事件初期，双方互指对方“图钱”——女方被质疑贪恋男方每月1万元生活费，男方则被曝分手后索回财物并公开亲密照报复，同时牵扯出男方与前女友藕断丝连的信任问题。舆论迅速分化：多数声音谴责费大伯“白嫖”“违法曝光隐私”，认为其利用年龄与经济优势实施情感操控；部分网友虽质疑女方动机，但更反感男方的极端报复行为；少量评论以戏谑态度看待这场“老年狗血剧”。随着话题发酵，讨论逐渐分流至网友自身情感经历吐槽，事件热度在争议中持续蔓延，最终呈现为一场涉及伦理、法律与代际婚恋观的全民讨论。（字数：198）",0,"[0, 0, 0, 0, 4, 7, 2, 3, 0, 0, 2, 1, 0, 0, 0, 0, 0, 0, 0, 0, 0, 0, 0, 0, 0, 0, 0, 0, 0, 0, 0, 0, 0, 0, 0, 0, 0, 0, 0, 0, 0, 0, 0, 0, 0, 0, 0, 0, 0, 0, 0, 0, 0, 0, 0, 0, 0, 0, 0, 0, 0, 0, 0, 0, 0, 0, 0, 0, 0, 0, 0, 0, 0, 0, 0, 0, 0, 0, 0, 0, 0, 0, 0, 0, 0, 0, 0, 0, 0, 0, 0, 0, 0, 0, 0, 0, 0, 0, 0, 0, 0, 0, 0, 0, 0, 0, 0, 0, 0, 0, 0, 0, 0, 0, 0, 0, 0, 0, 0, 0, 0, 0, 0, 0, 0, 0, 0, 0, 0, 0, 0, 0, 0, 0, 0, 0, 0, 0, 0, 0, 0, 0, 0, 0, 0, 0, 0, 0, 1, 0, 0, 0, 0, 0, 0, 0, 0, 0, 0, 0, 0, 0, 0, 0, 0, 0, 0, 0, 1, 0, 0, 0, 0, 0, 0, 0, 0, 0, 0, 0, 1, 0, 0, 0, 0, 0, 0, 0, 0, 0, 1, 0, 0, 0, 0, 0, 0, 0, 0, 0, 0, 0, 0, 0, 0, 0, 0, 0, 0, 0, 0, 0, 0, 0, 0, 0, 0, 0, 0, 0, 0, 0, 0, 0, 0, 0, 0, 0, 0, 0, 0, 0, 0, 0, 0, 0, 0, 0, 0, 0, 0, 0, 0, 1, 0, 0, 0, 0, 0, 0, 0, 0, 0, 0, 0, 0, 0, 0, 0, 0, 0, 0, 0, 0, 0, 0, 0, 0, 0, 0, 0, 0, 0, 0, 0, 0, 0, 0, 0, 0, 0, 0, 0, 0, 0, 0, 0, 0, 0, 0, 0, 0, 0, 0, 0, 0, 0, 0, 0, 0, 0, 0, 0, 0, 0, 0, 0, 0, 0, 0, 0, 0, 0, 0, 0, 0]"
南京红山动物园遭遇邻里纠纷_最终事件描述,南京红山动物园与周边居民的邻里纠纷事件持续发酵，舆论呈现明显的阶段性演变。初期（1-158小时）矛盾聚焦于东门广场改造及停车场占用问题，居民指责动物园侵占公共绿地导致出行拥堵，动物园则强调合规性，舆论两极分化。中期（159-164小时）冲突升级为个体行为争议，涉事家长因纵容孩子破坏绿植并激烈争执引发公愤，其职业背景和过激言行成为焦点，舆论从规则批评转向人肉搜索等非理性倾向，同时衍生出对景区规划缺陷的讨论。后期（165-166小时）舆论逐渐回归矛盾本质，支持动物园的声音占据主流，但对其选址和管理细节的争议持续，居民长期反映的交通拥堵、商贩占道等问题被重提。事件最终演变为城市景区与社区共存的规划矛盾典型案例，凸显城镇化进程中的社会治理短板。（198字）,0,"[0, 0, 0, 0, 0, 0, 0, 0, 0, 0, 0, 0, 0, 0, 0, 0, 0, 0, 0, 0, 0, 0, 0, 0, 0, 0, 0, 0, 0, 0, 0, 0, 0, 0, 0, 0, 0, 0, 0, 0, 0, 0, 0, 0, 0, 0, 0, 0, 0, 0, 0, 0, 0, 0, 0, 0, 0, 0, 0, 0, 0, 0, 0, 0, 0, 0, 0, 0, 0, 1, 0, 0, 0, 0, 0, 0, 0, 0, 0, 0, 0, 0, 0, 0, 0, 0, 0, 0, 0, 0, 0, 0, 0, 0, 0, 0, 0, 0, 0, 0, 0, 0, 0, 0, 0, 0, 0, 0, 0, 0, 0, 0, 0, 0, 0, 0, 0, 0, 0, 0, 0, 0, 0, 0, 0, 0, 0, 0, 0, 0, 0, 0, 0, 2, 1, 1, 1, 0, 3, 4, 0, 1, 3, 2, 0, 0, 0, 0, 1, 0, 0, 0, 0, 0, 1, 0, 0, 1, 0, 8, 18, 18, 13, 12, 10, 17, 3]"
外籍男子将日本老人推倒致死_最终事件描述,外籍男子推倒日本老人致死事件在舆论场中呈现明显的情绪化、政治化演变轨迹。初期（1-2小时）评论两极分化，戏谑调侃与零星质疑并存；3-31小时迅速转向民族主义宣泄，通过“献花”“双标”等反讽符号对比中日历史案例，并强化日本“畏强”的刻板印象。32-48小时焦点转移至对日法官方反应的嘲讽，质疑日本对欧美“软弱”，同时夹杂“精日”“殖人”等身份攻击。49-78小时讨论持续极端化，案件细节被边缘化，演变为历史积怨（如黑船事件、二战）与国籍争议的宣泄口，戏谑性表情和阴谋论（如“酒驾掩盖”）增多。79小时后热度衰减，但余波中仍以对比中日舆论差异为主，理性声音始终被情绪化表达压制。整体呈现“刑事案件→民族对立→国际关系隐喻”的异化路径，反映出网民将个体悲剧工具化为身份政治议题的倾向。（199字）,0,"[1, 0, 3, 13, 6, 2, 5, 1, 2, 0, 0, 0, 1, 1, 3, 5, 7, 3, 5, 2, 3, 4, 2, 6, 11, 0, 4, 1, 1, 1, 1, 7, 4, 2, 1, 0, 1, 0, 6, 11, 4, 6, 2, 2, 8, 0, 14, 18, 28, 26, 13, 21, 12, 9, 5, 4, 9, 7, 6, 5, 2, 9, 3, 3, 4, 7, 10, 13, 18, 5, 6, 9, 5, 8, 8, 15, 10, 8, 14, 8, 1, 2, 3, 3, 1, 1, 3, 2, 2, 3, 1, 4, 1, 2, 1, 4, 4, 0, 0, 1, 2, 1, 3, 1, 1, 0, 2, 0, 0, 0, 0, 0, 1, 0, 0, 1, 0, 0, 2, 0, 0, 0, 0, 0, 1, 1, 0, 0, 0, 1, 1, 1, 0, 0, 0, 0, 0, 0, 1, 0, 0, 0, 0, 0, 0, 1, 0, 0, 0, 0, 0, 0, 0, 0, 0, 0, 0, 0, 0, 1, 0, 0, 0, 0, 0, 0, 0, 0, 0, 1, 0, 0, 1, 0, 0, 0, 0, 0, 0, 0, 0, 0, 1, 0, 0, 0, 0, 0, 0, 0, 0, 0, 0, 1, 0, 0, 0, 0, 0, 0, 0, 0, 0, 0, 0, 0, 0, 0, 0, 0, 0, 0, 0, 1, 0, 0, 0, 0, 0, 1, 0, 0, 0, 0, 0, 0, 0, 0, 0, 0, 0, 0, 0, 0, 0, 0, 0, 0, 0, 0, 0, 0, 0, 0, 0, 0, 0, 0, 0, 0, 0, 0, 0, 0, 0, 1, 0, 0, 0, 0, 0, 0, 0, 0, 0, 0, 0, 0, 1, 0, 0, 0, 0, 0, 0, 0, 0, 0, 0, 0, 0, 0, 0, 0, 0, 0, 0, 0, 0, 0, 0, 0, 0, 0, 0, 0, 0, 0, 0, 0, 0, 0, 0, 0, 0, 0, 0, 0, 0, 0, 0, 0, 0, 0, 0, 0, 0, 0, 0, 0, 0, 0, 0, 0, 0, 0, 0, 0, 0, 0, 0, 0, 0, 0, 0, 0, 0, 0, 0, 0, 0, 0, 0, 0, 0, 0, 0, 0, 0, 0, 0, 0, 0, 0, 0, 0, 0, 0, 0, 0, 0, 0, 0, 0, 0, 0, 0, 0, 0, 0, 0, 0, 0, 0, 0, 0, 0, 0, 0, 0, 0, 0, 0, 0, 0, 0, 0, 0, 0]"
韩国山火复燃_最终事件描述,韩国山火复燃事件在中国网络舆论场呈现明显的情绪演变与对立特征。初期（1-129小时），评论以民族自豪感为主导，通过对比2022年重庆山火救援效率，强调中国制度优势，部分言论缺乏对韩共情甚至带有调侃。中期（130-142小时）情绪两极分化加剧：一方面高频歌颂中国军民团结（如“人民信仰”口号），另一方面对韩嘲讽升级（如“报应”“文化窃取”），历史矛盾与民族主义情绪交织。后期（143-147小时）出现阶段性缓和，祈福与防火呼吁增多，但幸灾乐祸、消防能力质疑等争议持续，并衍生阴谋论（如无人机纵火）。整体趋势显示，灾害讨论逐渐被民族对立叙事裹挟，理性声音虽存在但影响有限，事件最终演变为中韩民间情绪对立的投射场域。（198字）,0,"[0, 0, 0, 0, 0, 0, 0, 0, 0, 0, 0, 0, 0, 0, 0, 0, 0, 0, 0, 0, 0, 0, 0, 0, 0, 0, 0, 0, 0, 0, 0, 0, 0, 0, 0, 0, 0, 0, 0, 0, 0, 0, 0, 0, 0, 0, 0, 0, 0, 0, 0, 0, 0, 0, 0, 0, 0, 0, 0, 0, 0, 0, 0, 0, 0, 0, 0, 0, 0, 0, 0, 0, 0, 0, 0, 0, 0, 0, 0, 0, 0, 0, 0, 0, 0, 0, 0, 0, 0, 0, 0, 0, 0, 0, 0, 0, 0, 0, 0, 0, 0, 0, 0, 0, 0, 0, 0, 0, 0, 0, 0, 0, 0, 0, 0, 0, 1, 0, 0, 0, 0, 0, 0, 0, 0, 0, 0, 1, 0, 3, 9, 6, 6, 6, 5, 3, 0, 0, 0, 1, 0, 0, 1, 17, 26, 19, 5, 4]"
缅甸强震已致1700人死亡_最终事件描述,"缅甸强震发生后，舆论情绪与事件发展呈现明显的阶段性演变。**初期（1小时内）**，公众反应以震惊与祈福为主，对伤亡数字快速攀升（百人至700人）表现出强烈关切，同时夹杂少数对电诈问题的争议性言论。**中期（2-27小时）**，随着死亡人数激增至1700人，哀悼成为绝对主流（超90%评论），但伴随对救灾透明度、地缘因素的隐忧，以及电诈议题的零星发酵。**后期（29-32小时）**，焦点转向救援进展与国际援助呼吁，中国救援队抵达提振希望，但断电断网等挑战加剧对“黄金72小时”的担忧。  

整体趋势显示：**情绪从悲痛祈福向务实救援关切过渡**，始终以“平安”为共识核心；争议性言论（如电诈关联）虽存在但未成主流；灾情动态（余震、统计更新）持续牵引舆论走向。国际协作与农村灾情或成后续关注重点。（198字）",0,"[5, 1, 0, 0, 0, 0, 1, 0, 0, 0, 0, 4, 1, 0, 0, 0, 0, 0, 0, 0, 0, 0, 0, 0, 0, 0, 1, 0, 8, 16, 11, 4]"
于适劈腿_最终事件描述,"**于适劈腿事件总述**  
事件始于张雨绮疑似暗指于适劈腿的爆料，迅速引发舆论震荡。初期（1-6小时）舆论快速分化：网友震惊于黑料重提（如“傍金主”“男女通吃”），粉丝质疑证据不足；关联话题（封神IP风险、张雨绮动机）持续发酵。中期（7-12小时）争议升级，焦点转向劈腿对象身份混乱猜测（任泉等卷入）、玩梗式嘲讽（“骑射主任”）及粉丝内部分裂，负面情绪主导。后期（13-24小时）舆论深化为多维度攻击：于适籍贯、整容、资本背景遭扒，封神系列及《阿勒泰》口碑受牵连；张雨绮因“敢说”形象强化爆料可信度，但亦被质疑炒作。最终（25-29小时）事件演变为法律与道德争议，不雅视频传闻、粉丝控评与平台删帖加剧混乱，性别双标问题凸显。整体呈现“爆料-质疑-扩散-失控”的螺旋式升级，反映娱乐圈舆情发酵的典型路径。",1,"[0, 50, 67, 28, 11, 5, 2, 21, 34, 50, 68, 33, 41, 43, 59, 56, 41, 33, 39, 56, 70, 115, 20, 13, 7, 9, 3, 3, 7, 4]"
感觉住家阿姨还是得常换_最终事件描述,“住家阿姨需常换”事件的发展呈现出从调侃争议到无奈反思的演变脉络。初期（1-126小时），舆论焦点集中在保姆行业的高成本与优渥待遇上，月薪过万、独立卧室等条件引发广泛调侃，用户以“比亲爹待遇好”“中产不配用阿姨”等自嘲解构雇佣关系中的经济落差，同时衍生出转行意向与对机器人保姆的期待。中期（126-129小时），讨论转向雇佣矛盾，部分人主张定期更换以维持服务质量（“最佳使用期三个月”），另一派则强调稳定依赖的重要性（“好阿姨难觅”），折射出管理效率与情感信任的冲突。后期（129-130小时），情绪趋于疲惫，用户普遍承认现实困境，提出折中方案如“偶尔换人”，最终凸显现代家庭服务关系中高成本、低稳定性的结构性矛盾，以及中产阶层在生活质量与经济压力间的两难处境。（198字）,0,"[22, 13, 2, 1, 3, 3, 1, 0, 0, 1, 1, 0, 1, 0, 0, 0, 0, 0, 0, 0, 1, 1, 0, 0, 0, 0, 0, 1, 0, 0, 0, 0, 0, 0, 0, 0, 0, 0, 0, 0, 0, 0, 0, 0, 0, 0, 0, 0, 0, 0, 0, 0, 0, 0, 0, 0, 0, 0, 0, 0, 0, 0, 0, 0, 0, 0, 0, 0, 0, 0, 0, 0, 0, 0, 0, 0, 0, 0, 0, 0, 0, 0, 0, 0, 0, 0, 0, 0, 0, 0, 0, 0, 0, 0, 0, 0, 0, 0, 0, 0, 0, 0, 0, 0, 0, 0, 0, 0, 0, 0, 0, 0, 0, 0, 0, 0, 0, 0, 0, 0, 0, 0, 0, 0, 0, 0, 1, 0, 5, 1]"
男生抽皮条不慎将血管抽爆_最终事件描述,该事件在传播初期（1-29小时）以娱乐化反应为主，网友多以戏谑态度调侃，如称赞当事人“太帅了”或使用轻松语气讨论，整体氛围偏向幽默，未体现对事件危险性的认知。随着时间推移（至210小时），舆论风向显著转变，震惊与恐惧成为主导情绪，“吓人”“可怕”等反应激增，同时伴随对行为动机（如“多大仇怨”）和操作细节的困惑。到211小时，负面情绪进一步深化，网友普遍强调事件的极端危险性，通过“恐怖”“疼”等词汇表达担忧，并呼吁安全警示，部分评论甚至将此类行为与暴力倾向关联。整体来看，事件从最初的娱乐化消解逐步发展为严肃的公共安全讨论，反映出公众对风险认知的升级及对危险行为的批判性反思。（198字）,0,"[0, 0, 0, 0, 0, 0, 0, 0, 0, 0, 0, 0, 0, 0, 0, 0, 0, 0, 0, 0, 0, 0, 0, 0, 0, 0, 0, 0, 0, 0, 0, 0, 0, 0, 0, 0, 0, 0, 0, 0, 0, 0, 0, 0, 0, 0, 0, 0, 0, 0, 0, 0, 0, 0, 0, 0, 0, 0, 0, 0, 0, 0, 0, 0, 0, 0, 0, 0, 0, 0, 0, 0, 0, 0, 0, 0, 0, 0, 0, 0, 0, 0, 0, 0, 0, 0, 0, 0, 0, 0, 0, 0, 0, 0, 0, 0, 0, 0, 0, 0, 0, 0, 0, 0, 0, 0, 0, 0, 0, 0, 0, 0, 0, 0, 0, 0, 0, 0, 0, 0, 0, 0, 0, 0, 0, 0, 0, 0, 0, 0, 0, 0, 0, 0, 0, 0, 0, 0, 0, 0, 0, 0, 0, 0, 0, 0, 0, 0, 0, 0, 0, 0, 0, 0, 0, 0, 0, 0, 0, 0, 0, 0, 0, 0, 0, 0, 0, 0, 0, 0, 0, 0, 0, 0, 0, 0, 0, 0, 0, 0, 0, 0, 0, 0, 0, 0, 0, 0, 0, 0, 0, 0, 0, 0, 0, 0, 0, 0, 0, 0, 0, 0, 0, 0, 0, 0, 0, 0, 0, 0, 5]"
杨鸣克里斯_最终事件描述,"**杨鸣克里斯事件整体描述：**  
该事件始于综艺节目中杨鸣与外援克里斯的冲突，初期围绕“职业标准vs娱乐精神”展开激烈争论，舆论两极分化。支持杨鸣者强调竞技专业性，质疑克里斯能力；反对者则批评其忽视节目包容性。随后争议升级至裁判判罚、外援管理及CBA规则等深层问题，并衍生出地域对立（辽宁vs广东）和种族言论指控（如“N-word”争议），双方互指剪辑造假，真相陷入罗生门。中期舆论逐渐转向对杨鸣个人执教风格的娱乐化解构，其夸张的场边表现被广泛调侃，形成“显眼包教练”的喜剧化传播。后期事件热度消退，焦点从冲突本身转向全网玩梗，最终以娱乐狂欢收尾。整体呈现“竞技争议—地域混战—娱乐消解”的演变路径，反映出公众对职业体育与娱乐边界、网络舆论生态的复杂态度。（199字）",1,"[3, 12, 7, 3, 0, 2, 2, 3, 0, 3, 2, 2, 1, 2, 0, 0, 0, 0, 0, 0, 0, 1, 0, 2, 0, 0, 0, 0, 0, 0, 0, 0, 0, 0, 0, 0, 0, 0, 0, 0, 0, 0, 0, 0, 0, 0, 1, 0, 1, 0, 0, 0, 0, 0, 0, 0, 0, 0, 0, 0, 0, 0, 0, 0, 0, 0, 0, 0, 1, 0, 0, 0, 0, 0, 0, 0, 0, 0, 0, 0, 0, 0, 0, 0, 0, 0, 0, 0, 0, 0, 0, 0, 0, 0, 0, 0, 0, 0, 0, 0, 0, 0, 0, 0, 0, 0, 0, 0, 0, 0, 0, 0, 0, 0, 0, 0, 0, 0, 0, 0, 0, 0, 0, 0, 0, 0, 0, 0, 0, 0, 0, 0, 0, 0, 0, 0, 0, 0, 0, 0, 0, 0, 0, 0, 0, 0, 0, 0, 0, 0, 0, 0, 0, 0, 0, 0, 0, 0, 0, 0, 0, 0, 0, 0, 0, 0, 0, 0, 0, 0, 0, 0, 0, 0, 0, 0, 0, 0, 2, 1, 0, 0, 0, 0, 0, 0, 0, 1, 1, 2, 0, 0, 0, 0, 1, 0, 0, 0, 0, 0, 0, 0, 1, 0, 1, 1, 0, 0, 0, 0, 0, 2, 2, 3, 2, 1, 0, 0, 0, 1, 2, 0, 0, 0, 2, 0, 0, 0, 0, 0, 0, 0, 0, 0, 0, 0, 2, 0, 0, 0, 0, 0, 0, 2, 0, 0, 0, 2, 0, 0, 0, 0, 0, 2, 0, 0, 0, 1, 1, 1, 0, 3, 0, 0, 0, 2, 0, 0, 2, 1, 0, 0, 0, 0, 0, 0, 0, 0, 0, 0, 0, 0, 0, 0, 0, 0, 2, 0, 1, 0, 1, 2, 0, 0, 0, 0, 2, 0, 0, 0, 0, 0, 0, 0, 0, 0, 0, 0, 0, 0, 0, 0, 0, 1, 0, 0, 0, 0, 0, 2, 0, 0, 1, 9, 21, 8, 7, 2, 5, 7, 5, 9, 14, 16, 26, 18, 21, 25, 18, 18, 13, 31, 54, 83, 100, 76, 81, 30, 37, 9, 4, 5, 1, 8, 11, 15, 25, 31, 42, 23, 70, 54, 57, 47, 1, 0, 2, 7, 11, 53, 61, 60, 0, 2, 3, 1, 2, 0, 0, 0, 0, 0, 0, 0, 0, 0, 0, 1, 1, 0, 0, 0, 0, 1, 0, 0, 0, 0, 0, 0, 0, 0, 0, 0, 0, 1, 0, 0, 0, 0, 0, 0, 0, 1, 0, 0, 0, 0, 0, 0, 0, 0, 0, 0, 0, 0, 0, 0, 0, 0, 0, 0, 0, 0, 0, 0, 0, 0, 0, 0, 0, 0, 0, 0, 0, 0, 0, 0, 0, 0, 0, 0, 0, 0, 0, 0, 0, 0, 0, 0, 0, 0, 0, 0, 0, 0, 0, 0, 0, 0, 0, 0, 0, 0, 0, 0, 0, 0, 0, 0, 0, 0, 0, 0, 0, 0, 0, 0, 0, 0, 0, 0, 0, 0, 0, 0, 0, 0, 0, 0, 0, 0, 0, 0, 0, 0, 0, 0, 1, 0, 0, 0, 0, 0, 0, 0, 0, 0, 0, 0, 0, 0, 0, 0, 0, 0, 0, 0, 0, 0, 0, 0, 0, 0, 0, 0, 0, 0, 0, 0, 0, 0, 0, 0, 0, 0, 0, 0, 0, 1, 0, 0, 0, 0, 0, 0, 0, 0, 0, 0, 0, 2, 1, 0, 0, 0, 0, 0, 0, 0, 0, 1, 0, 0, 0, 0, 0, 0, 0, 0, 0, 0, 0, 0, 0, 0, 0, 0, 0, 0, 0, 0, 0, 0, 0, 0, 0, 0, 0, 0, 0, 0, 0, 0, 2, 0, 0, 0, 0, 0, 0, 0, 0, 0, 0, 0, 0, 0, 0, 0, 0, 0, 0, 0, 0, 0, 0, 0, 0, 0, 0, 0, 0, 0, 0, 0, 0, 0, 0, 0, 0, 0, 0, 0, 0, 0, 0, 0, 0, 1, 1, 0, 0, 0, 0, 1, 0, 1, 0, 0, 0, 0, 0, 0, 0, 0, 0, 0, 0, 0, 1, 0, 0, 0, 1, 0, 0, 0, 1, 0, 0, 0, 0, 0, 0, 0, 0, 0, 0, 0, 0, 0, 0, 0, 0, 0, 1, 0, 1, 0, 0, 0, 0, 0, 1, 0, 0, 0, 0, 0, 0, 0, 0, 0, 0, 0, 0, 0, 0, 0, 0, 0, 0, 0, 0, 0, 0, 0, 0, 0, 0, 0, 0, 0, 0, 0, 0, 0, 0, 0, 0, 0, 0, 1, 0, 0, 0, 0, 0, 0, 1, 0, 0, 1, 0, 1, 0, 0, 0, 0, 0, 1, 0, 1, 0, 0, 0, 0, 0, 1, 0, 0, 0, 0, 0, 0, 0, 0, 0, 0, 0, 0, 0, 0, 0, 0, 0, 0, 0, 0, 0, 0, 1, 0, 0, 0, 0, 0, 0]"
男子破产后捅妻子8刀获刑9个月_最终事件描述,该事件在12小时内持续发酵，舆论焦点始终围绕“8刀仅判9个月”的量刑争议展开。初期（前7小时），网友普遍质疑判决过轻，结合男方董事长身份、21岁年龄差及婚姻经济动机展开讨论，情绪以愤怒和讽刺为主，夹杂对司法公正的担忧。中期（8-10小时），争议升级为对“双相情感障碍是否影响判决”“谅解书作用”的辩论，同时“恐婚”话题高频出现，性别对立苗头显现。后期（11-12小时），舆论进一步聚焦司法不公与犯罪成本问题，“一刀一月”等讽刺性表述蔓延，少数理性声音呼吁关注案件细节，但整体仍以对量刑失衡的强烈不满为主导。事件演变呈现从个案讨论向社会议题（婚姻安全、性别双标、司法公信力）扩散的趋势，核心矛盾始终围绕刑罚与暴力严重性的匹配度。（198字）,0,"[1, 1, 1, 0, 0, 0, 0, 6, 19, 8, 22, 19, 4]"
列车员给孕妇推销建议买不建议用_最终事件描述,该事件在24小时内呈现从争议到共情的舆论演变。初期（1-15小时）因关联行李箱赔偿事件，公众聚焦于公共交通服务规范与维权难题，列车员推销行为引发对职业伦理的质疑；中期（16-18小时）舆论转向对列车员“建议买但不建议用”的诚实态度的赞赏，超半数网民肯定其在业绩压力下坚守道德底线，形成“真诚是必杀技”的共鸣，同时衍生对职业风险（如处分担忧）和产品安全性的讨论；后期（19小时后）趋于多元化，既有对“打工人”困境的共情与娱乐化调侃（如“反向带货”），也持续争议推销伦理与孕妇用品安全。整体情绪从质疑转为中性偏正面，折射公众对职场良知与社会诚信的价值认同，同时暴露消费场景中的道德张力。,0,"[0, 0, 0, 0, 0, 0, 0, 0, 0, 0, 0, 0, 0, 0, 0, 9, 25, 7, 3, 2]"
董宇辉_最终事件描述,"**董宇辉事件总述**  
该事件始于直播中的科学知识口误（如混淆镭/铀、X光机发明者等），迅速演变为对其“文化人设”的信任危机。初期舆论两极分化：支持者以“口误难免”“及时纠错”辩护，强调其人文价值；反对者则质疑专业素养，认为错误暴露知识短板，批评“造神”过度。随着时间推移，争议从事实纠错升级为对人设真实性的深层讨论，并衍生出道德指控（如出轨传闻）、商业炒作嫌疑及团队包装争议。中期出现“转移东方甄选负面新闻”的阴谋论，粉丝（“丈母娘团”）与反对者激烈对峙，情绪从调侃转向对立。后期焦点转向公众人物容错度、网红文化真实性及饭圈化现象反思。事件最终从单一直播事故发展为对知识类主播专业边界、资本运作与互联网“造神-毁神”机制的广泛讨论，反映公众对网红与内容真实性的复杂期待。（199字）",1,"[2, 7, 59, 104, 100, 170, 148, 149, 212, 9, 7, 21, 51, 28, 41, 31, 11, 1, 0, 0, 1, 1, 0, 2, 2, 1, 1, 2, 1, 0, 0, 2, 0, 1, 1, 0, 0, 1, 0, 0, 0, 0, 0, 0, 0, 1, 0, 1, 0, 0, 0, 0, 1, 0, 0, 0, 0, 2, 0, 0, 1, 2, 0, 1, 1, 2, 0, 0, 4, 0, 4, 2, 4, 3, 1, 3, 2, 1, 1, 0, 3, 1, 0, 0, 0, 1, 0, 0, 0, 0, 0, 0, 0, 0, 0, 0, 0, 0, 0, 0, 0, 0, 0, 0, 0, 0, 2, 0, 0, 0, 0, 0, 0, 0, 0, 0, 1, 0, 0, 0, 0, 0, 0, 0, 0, 0, 0, 0, 0, 0, 0, 0, 0, 0, 1, 0, 0, 0, 1, 0, 0, 0, 0, 0, 0, 0, 0, 0, 0, 0, 0, 0, 0, 0, 0, 0, 0, 0, 0, 0, 0, 0, 0, 0, 1, 0, 0, 0, 0, 0, 0, 0, 0, 0, 0, 0, 0, 0, 0, 0, 0, 0, 0, 0, 0, 0, 0, 0, 0, 0, 0, 0, 0, 0, 0, 0, 0, 0, 0, 0, 0, 0, 0, 0, 0, 0, 0, 0, 0, 0, 0, 0, 0, 0, 0, 0, 0, 0, 0, 0, 0, 0, 0, 0, 0, 0, 0, 0, 0, 0, 0, 0, 0, 0, 0, 0, 0, 0, 0, 0, 0, 0, 0, 0, 0, 0, 0, 0, 0, 1, 6, 8, 6, 0, 10, 6, 3, 7, 3, 4, 3, 2, 0, 1, 0, 2, 0, 0, 3, 1, 2, 2, 1, 3, 1, 0, 4, 0, 1, 2, 1, 1, 2, 0, 1, 0, 0, 0, 0, 0, 0, 1, 0, 1, 0, 0, 1, 0, 1, 0]"
于正回应白鹿剧扑了_最终事件描述,于正回应“白鹿剧扑了”事件在16小时内呈现明显的阶段性演变。初期（1-9小时）舆论以小范围争议为主，粉丝互动占据主导，情绪正向，争议淡化，讨论转向新剧宣传和艺人日常。中期（10-12小时）评论趋于多元，粉丝支持、行业咨询与个人求助交织，新剧宣传增多，事件热度逐渐减弱。后期（13-16小时）舆论显著两极分化：白鹿粉丝及剧粉以《北上》的CVB收视、广告数据等实绩反驳“扑剧”说法，情绪激烈；反对者则质疑剧集表现、于正动机，并引发与陈都灵粉丝的拉踩争议。整体来看，事件从初期温和互动逐步升级为粉丝控评与外部质疑的对立，焦点集中于剧集质量、数据真实性及艺人对比，反映出粉圈冲突与行业评价标准的深层争议。,0,"[0, 0, 0, 0, 0, 0, 0, 0, 11, 2, 12, 1, 53, 77, 78, 27]"
女子称一丝不挂被2次刷开酒店房门_最终事件描述,该事件始于一名女子称在酒店房间一丝不挂时两次被工作人员刷卡闯入，迅速引发舆论关注。初期（1-24小时）讨论聚焦酒店安全管理漏洞（如万能卡滥用、未敲门确认），大量网友分享类似经历，情绪以愤怒和担忧为主，同时出现对受害者“裸睡自由”的争议。中期（25-38小时）舆论转向行业通病，质疑酒店推卸责任，部分推测存在偷窥恶意，维权呼声高涨，阻门器等防护措施成为热点。后期（360小时起）焦点明显分化：一方面持续批判酒店管理失职，另一方面对女子索赔8000元动机产生质疑，出现“敲诈”揣测和性别攻击，赔偿金额合理性成为新争议点。事件从个案安全讨论逐步演变为对酒店行业信任危机、隐私权界定及舆论性别偏见的复杂博弈，最终在警方调查呼吁中趋于理性。整体呈现“安全质疑—行业反思—动机争议”的三阶段演变，反映出公众对隐私保护的焦虑与社会信任的缺失。（199字）,0,"[0, 1, 0, 4, 1, 0, 0, 0, 0, 0, 0, 0, 0, 0, 2, 4, 3, 1, 1, 0, 1, 0, 0, 4, 0, 4, 0, 2, 1, 0, 1, 0, 0, 1, 0, 0, 0, 2, 14, 3, 2, 4, 3, 2, 4, 5, 3, 3, 5, 1, 2, 2, 0, 1, 1, 0, 0, 0, 4, 1, 0, 1, 1, 1, 0, 1, 0, 1, 0, 0, 0, 0, 1, 0, 1, 0, 1, 0, 0, 0, 0, 0, 0, 0, 0, 0, 0, 0, 0, 0, 0, 0, 0, 0, 1, 0, 0, 0, 0, 1, 0, 1, 0, 0, 0, 0, 0, 0, 0, 0, 0, 0, 0, 0, 0, 0, 0, 0, 0, 0, 0, 0, 0, 0, 0, 0, 0, 0, 0, 0, 0, 0, 0, 0, 0, 0, 0, 0, 1, 0, 0, 0, 0, 0, 0, 0, 0, 0, 0, 0, 0, 0, 0, 0, 1, 0, 0, 0, 0, 0, 0, 0, 0, 0, 0, 0, 0, 0, 0, 0, 0, 0, 0, 0, 0, 0, 0, 0, 0, 0, 0, 0, 0, 0, 0, 0, 0, 0, 0, 0, 0, 0, 0, 0, 0, 0, 0, 0, 0, 0, 0, 0, 0, 0, 0, 0, 0, 0, 0, 0, 0, 0, 0, 0, 0, 0, 0, 0, 0, 0, 0, 0, 0, 0, 0, 0, 0, 0, 0, 0, 0, 0, 0, 0, 0, 0, 0, 0, 0, 0, 0, 0, 0, 0, 0, 0, 0, 0, 0, 0, 0, 0, 0, 0, 0, 0, 0, 0, 0, 0, 0, 0, 0, 0, 0, 0, 0, 0, 0, 0, 0, 0, 0, 0, 0, 0, 0, 0, 0, 0, 0, 0, 0, 0, 0, 0, 0, 0, 0, 0, 0, 0, 0, 0, 0, 0, 0, 0, 0, 0, 0, 0, 0, 0, 0, 0, 0, 0, 0, 0, 0, 0, 0, 0, 0, 0, 0, 0, 0, 0, 0, 0, 0, 0, 0, 0, 0, 0, 0, 0, 0, 0, 0, 0, 0, 0, 0, 0, 0, 0, 0, 0, 0, 0, 0, 0, 0, 0, 0, 0, 0, 0, 0, 0, 0, 0, 0, 0, 0, 11, 78, 54, 5, 5, 2, 5, 2, 4, 4, 0, 2, 0, 1, 1, 10, 4, 4, 6, 6, 6, 3, 4, 4, 0, 2, 3, 0, 1, 1, 1, 3, 0, 1, 1, 1, 2, 1, 1, 1]"
老公被隐形家务整崩溃想离家出走_最终事件描述,"**事件总描述：**  
该事件始于妻子以极端方式（如用毛巾擦马桶）反击丈夫对“隐形家务”的忽视，迅速引发全网热议。初期舆论两极分化：女性群体普遍共鸣，支持妻子“解气”行为，并吐槽男性长期逃避家务；男性则多质疑“过度报复”或自嘲“极简生活”。随着讨论深入，争议焦点从家务分工转向年龄差（老夫少妻）、婚姻功利性等议题，性别对立激化，出现“娇夫”“小仙女”等标签化攻击。中期，事件演变为集体宣泄出口，女性用户大量分享类似经历，模仿视频中的“以暴制暴”手段，形成“同款老公”调侃风潮；男性则反驳社会对女性家务劳动的“双标”关注。后期，理性声音被淹没，讨论陷入“婚姻制度批判”与“地域/代际差异”的混战，核心矛盾始终围绕家务分配不公与社会性别角色期待。最终，事件从个案升级为性别议题的象征，反映传统家庭分工与现代平等诉求的深层冲突。（199字）",1,"[0, 0, 0, 0, 0, 0, 0, 1, 0, 0, 1, 0, 0, 0, 0, 0, 0, 0, 0, 0, 0, 0, 0, 0, 0, 0, 0, 0, 0, 0, 0, 0, 0, 0, 0, 0, 0, 0, 0, 0, 1, 0, 0, 0, 0, 0, 0, 0, 0, 0, 1, 0, 0, 0, 1, 0, 3, 0, 0, 0, 0, 0, 0, 0, 0, 0, 0, 0, 0, 0, 0, 0, 0, 0, 0, 0, 4, 2, 1, 2, 1, 2, 0, 0, 0, 0, 0, 0, 0, 0, 0, 0, 0, 0, 0, 0, 1, 0, 0, 0, 0, 0, 0, 0, 0, 0, 0, 0, 0, 0, 0, 0, 0, 0, 0, 0, 0, 0, 0, 0, 0, 0, 0, 0, 0, 0, 0, 0, 0, 0, 0, 0, 0, 0, 0, 0, 0, 0, 0, 0, 0, 0, 0, 2, 2, 0, 0, 0, 0, 0, 0, 0, 0, 0, 0, 0, 0, 0, 0, 0, 0, 0, 0, 0, 0, 0, 0, 0, 0, 0, 0, 0, 0, 0, 0, 0, 0, 1, 0, 0, 0, 0, 2, 0, 0, 0, 0, 0, 0, 0, 0, 0, 0, 0, 0, 0, 0, 0, 0, 0, 0, 0, 0, 0, 0, 0, 0, 0, 0, 0, 0, 0, 0, 0, 0, 0, 0, 0, 0, 0, 0, 0, 0, 0, 0, 0, 0, 0, 0, 0, 0, 0, 0, 0, 0, 0, 0, 0, 0, 0, 0, 0, 0, 0, 0, 0, 0, 0, 0, 0, 0, 0, 0, 0, 0, 0, 0, 0, 0, 0, 1, 4, 0, 1, 0, 0, 0, 0, 1, 0, 3, 0, 0, 1, 0, 0, 0, 4, 0, 0, 0, 0, 0, 0, 0, 0, 0, 2, 0, 0, 0, 0, 2, 2, 0, 0, 0, 4, 0, 0, 0, 0, 0, 0, 0, 1, 4, 0, 3, 3, 1, 0, 0, 2, 0, 1, 4, 1, 2, 0, 2, 1, 0, 0, 0, 0, 0, 0, 0, 2, 0, 1, 1, 0, 0, 0, 0, 0, 0, 0, 0, 1, 1, 2, 0, 1, 0, 0, 0, 0, 0, 0, 0, 1, 0, 0, 0, 47, 20, 24, 14, 10, 3, 2, 23, 32, 32, 60, 52, 52, 24, 6, 2, 4, 4, 1, 2, 1, 1, 2, 1, 0, 1, 0, 0, 0, 1, 0, 1, 1, 1, 2, 1, 1, 1, 0, 1, 0, 0, 0, 0, 0, 0, 1, 0, 1, 0, 0, 0, 0, 0, 0, 1, 0, 1, 0, 0, 0, 1, 0, 0, 0, 0, 0, 0, 0, 0, 0, 0, 0, 0, 0, 0, 0, 0, 0, 0, 0, 0, 0, 0, 0, 0, 0, 0, 0, 0, 0, 0, 0, 1, 0, 0, 0, 0, 0, 0, 0, 0, 0, 0, 0, 0, 1, 0, 0, 0, 0, 0, 0, 0, 0, 0, 0, 0, 0, 0, 0, 0, 0, 0, 0, 0, 0, 0, 0, 0, 0, 0, 0, 0, 0, 0, 0, 0, 0, 0, 0, 0, 0, 0, 0, 0, 0, 0, 0, 0, 0, 0, 0, 0, 0, 0, 0, 0, 0, 0, 0, 0, 0, 0, 0, 0, 0, 0, 0, 0, 0, 0, 0, 0, 0, 0, 0, 0, 0, 0, 0, 0, 0, 0, 0, 0, 0, 0, 0, 0, 0, 0, 0, 0, 0, 0, 0, 0, 0, 0, 1, 0, 0, 0, 0, 0, 0, 0, 0, 0, 0, 0, 0, 0, 0, 0, 1, 0, 2, 1, 1, 0, 0, 0, 1, 0, 0, 0, 0, 0, 0, 0, 0, 0, 0, 0, 0, 0, 0, 0, 1, 0, 0, 0, 0, 0, 1, 0, 0, 0, 0, 0, 0, 0, 0, 0, 0, 0, 0, 0, 0, 0, 0, 0, 0, 0, 0, 0, 0, 0, 0, 0, 0, 0, 0, 0, 0, 0, 0, 0, 0, 0, 0, 0, 0, 0, 0, 0, 0, 0, 0, 0, 0, 0, 0, 0, 0, 0, 0, 0, 0, 0, 0, 0, 0, 0, 0, 0, 0, 0, 1, 0, 1, 0, 0, 0, 0, 0, 0, 0, 0, 1, 0, 0, 0, 0, 0, 0, 0, 0, 0, 0, 0, 0, 0, 0, 0, 0, 0, 0, 0, 0, 0, 0, 0, 0, 1, 1, 0, 0, 0, 0, 0, 0, 0, 1, 0, 0, 0, 0, 0, 0, 0, 0, 0, 0, 0, 1, 1, 0, 0, 0, 0, 0, 0, 0, 0, 0, 0, 0, 0, 0, 0, 1, 0, 0, 0, 0, 0, 0, 0, 0, 0, 0, 0, 0, 0, 0, 0, 0, 0, 0, 0, 0, 0, 0, 0, 0, 0, 0, 0, 0, 1, 0, 0, 0, 0, 0, 1, 0, 0, 0, 0, 0, 0, 0, 0, 0, 0, 0, 0, 0, 0, 0, 0, 0, 0]"
男子高速上开启自动驾驶撞上水马_最终事件描述,"该事件始于一起特斯拉车主在高速开启辅助驾驶（L2级）后撞上施工水马的事故。初期舆论关注度低，但随着细节曝光（如车主称“低头擦汗”），讨论迅速升温。核心争议围绕三点展开：  
1. **责任归属**：多数质疑车主过度依赖技术（分心或误操作），部分指责车企宣传模糊（“辅助”与“自动”混淆）及施工方警示不足；  
2. **技术可靠性**：特斯拉纯视觉方案识别静态障碍物的能力遭广泛批评，与华为等激光雷达方案对比凸显行业路线分歧；  
3. **公众信任危机**：舆论从具体事故延伸至对自动驾驶安全性的普遍质疑，强调人工监管必要性。  

事件后期（48小时后）趋于理性反思，呼吁明确技术边界与法规完善，但整体凸显公众对新兴技术的不信任与责任划分困境。（199字）",1,"[0, 0, 0, 0, 0, 0, 0, 0, 0, 0, 0, 0, 0, 0, 0, 0, 6, 3, 35, 92, 84, 121, 130, 76, 78, 48, 43, 17, 25, 19, 6, 14, 8, 16, 27, 37, 34, 26, 55, 39, 27, 11, 0, 1, 2, 43, 56, 24, 21, 9, 0, 0, 1, 0, 0, 1, 0, 0, 1, 0, 0, 0, 0, 0, 0, 0, 0, 0, 0, 0, 0, 0, 0, 0, 0, 0, 0, 0, 0, 0, 0, 0, 0, 0, 0, 0, 0, 0, 0, 0, 0, 0, 0, 0, 0, 0, 0, 0, 0, 0, 0, 0, 0, 0, 0, 0, 0, 0, 0, 0, 0, 0, 0, 0, 0, 0, 0, 0, 0, 0, 0, 0, 0, 0, 0, 0, 0, 0, 0, 0, 0, 0, 0, 0, 0, 0, 0, 0, 0, 0, 0, 0, 0, 0, 0, 0, 0, 0, 0, 0, 0, 0, 0, 0, 0, 0, 0, 0, 0, 0, 0, 0, 0, 0, 0, 0, 0, 0, 0, 0, 0, 0, 0, 0, 0, 0, 0, 0, 0, 0, 0, 0, 1, 0, 0, 0, 0, 0, 0, 0, 0, 0, 0, 0, 0, 0, 0, 0, 0, 0, 0, 0, 0, 0, 0, 0, 0, 0, 0, 0, 0, 0, 0, 0, 0, 0, 0, 0, 0, 0, 0, 0, 0, 0, 0, 0, 0, 0, 0, 0, 0, 0, 0, 0, 0, 0, 0, 0, 0, 0, 0, 0, 0, 0, 0, 0, 0, 0, 0, 0, 0, 0, 0, 0, 0, 0, 0, 0, 0, 0, 0, 0, 0, 0, 0, 0, 0, 0, 0, 0, 0, 0, 0, 0, 0, 0, 0, 0, 0, 0, 0, 0, 0, 0, 0, 0, 0, 0, 0, 0, 0, 0, 0, 0, 0, 0, 0, 0, 0, 0, 0, 0, 0, 0, 0, 0, 0, 0, 0, 0, 0, 0, 0, 0, 0, 0, 0, 0, 0, 0, 0, 0, 0, 0, 0, 0, 0, 0, 0, 0, 0, 0, 0, 0, 0, 0, 0, 0, 0, 0, 0, 0, 0, 0, 0, 0, 0, 0, 0, 0, 0, 0, 0, 0, 0, 0, 0, 0, 0, 0, 0, 0, 0, 0, 0, 0, 0, 0, 0, 0, 0, 0, 0, 0, 0, 0, 0, 0, 0, 0, 0, 0, 0, 0, 0, 0, 0, 0, 0, 0, 0, 0, 0, 0, 0, 0, 0]"
曝董宇辉下播后险被砸_最终事件描述,"**董宇辉下播后险被砸事件总述**  
事件始于董宇辉直播结束后遭粉丝狂热围堵，初期舆论以调侃为主（如“挤成肉夹馍”），称赞其人气与亲和力，但伴随对现场秩序失控的隐忧（1-6小时）。随后，粉丝热情持续高涨，但理性声音增多，呼吁安全追星，安保压力成为焦点（7-16小时）。第17小时后，事件升级为“投掷物品”争议，舆论迅速分化：一方谴责行为危险，要求加强防护；另一方解释为粉丝误投礼物（如毛绒玩具），团队人员（鹏鹏、潇潇）的保护反应获广泛称赞（17-167小时）。后期争议转向对媒体炒作、董宇辉人设的争论，部分关联东方甄选负面舆情，社会对公众人物安全与粉丝行为的讨论持续发酵（168-191小时）。整体呈现从欢乐调侃到安全担忧，最终演变为公众形象与追星文化的多维争议。",1,"[6, 7, 18, 20, 19, 6, 6, 9, 7, 2, 4, 1, 1, 0, 0, 0, 2, 2, 3, 1, 0, 0, 0, 0, 0, 1, 1, 0, 0, 1, 0, 0, 1, 2, 0, 1, 0, 0, 0, 0, 0, 0, 2, 0, 2, 0, 1, 1, 0, 1, 0, 2, 0, 0, 0, 1, 0, 0, 0, 0, 0, 0, 0, 0, 0, 0, 1, 0, 1, 0, 1, 1, 0, 0, 0, 1, 0, 0, 0, 0, 0, 0, 0, 0, 0, 0, 0, 0, 0, 0, 0, 0, 0, 1, 0, 0, 0, 0, 0, 1, 0, 0, 0, 0, 0, 0, 0, 0, 0, 0, 0, 0, 1, 0, 0, 0, 0, 0, 0, 0, 0, 0, 0, 0, 0, 1, 0, 0, 0, 0, 0, 0, 0, 0, 0, 0, 0, 0, 0, 0, 0, 0, 0, 0, 0, 1, 0, 0, 0, 0, 0, 0, 0, 5, 0, 0, 1, 1, 3, 12, 11, 20, 5, 9, 10, 8, 6, 6, 0, 4, 1, 1, 1, 3, 7, 5, 10, 12, 5, 2, 1, 0, 2, 1, 7, 6, 33, 98, 155, 119, 50]"
茶百道发文致歉_最终事件描述,茶百道发文致歉事件在5小时内持续发酵，呈现从情绪爆发到施压整改的演变趋势。事件导火索是品牌被指混淆代言人成毅（全球代言人）与大使身份，且因员工培训不足导致物料撤换、合约谣言等争议。粉丝（“果果”）强烈不满，首小时内即聚焦三点核心诉求：明确成毅身份地位、整顿加盟商管理、质疑道歉诚意（如未提全名、误称“茶宝”）。后续几小时，愤怒情绪升级，粉丝反复强调消费行为“唯代言人驱动”，并指责品牌销量依赖成毅却未给予尊重（如视频打码、立牌撤除）。舆论压力下，部分声音转向观望，但整体以抵制威胁为主，要求全平台致歉、追加新剧《赴山海》宣传等实际补偿。事件凸显粉丝经济中品牌与代言人权益平衡的敏感性，品牌信任度因管理漏洞和沟通失当面临严峻考验。,1,"[44, 155, 93, 129, 158, 0]"
付费让大码女孩吃大量食物_最终事件描述,付费让大码女孩吃大量食物事件在持续近一个月（约654小时）的舆论发酵中，呈现出从猎奇争议到伦理反思的演变趋势。初期（1-268小时），舆论以强烈谴责为主，聚焦健康风险（如慢性伤害、浪费粮食）和道德批判（物化女性、权力剥削），同时引发对“自愿交易”合理性的两极争论。中期（269-270小时），讨论延伸至平台监管责任、中外吃播乱象对比，以及对“大码女孩”标签的争议，舆论逐渐从个体行为转向社会结构性问题的反思。后期（271-654小时），事件升级为对网络畸形审美和资本异化的系统性批判，多数声音呼吁立法禁止此类内容，少数“自愿论”观点被进一步驳斥为掩盖剥削的借口。整体来看，事件暴露了公众对健康伦理的普遍焦虑、对女性权益的关注，以及对社会监管机制缺失的不满，最终形成对网络内容伦理界限的广泛共识。,0,"[0, 0, 0, 0, 0, 0, 0, 0, 0, 0, 0, 0, 0, 0, 0, 0, 0, 0, 0, 0, 0, 0, 0, 0, 0, 0, 0, 0, 0, 0, 0, 0, 0, 0, 0, 0, 0, 0, 0, 0, 0, 0, 0, 0, 0, 0, 0, 0, 0, 0, 0, 0, 0, 0, 0, 0, 0, 0, 0, 0, 0, 0, 0, 0, 0, 0, 0, 0, 0, 0, 0, 0, 0, 0, 0, 0, 0, 0, 0, 0, 0, 0, 0, 0, 0, 0, 0, 0, 0, 0, 0, 0, 0, 0, 0, 0, 0, 0, 0, 0, 0, 0, 0, 0, 0, 0, 0, 0, 0, 0, 0, 0, 0, 0, 0, 0, 0, 0, 0, 0, 0, 0, 0, 0, 0, 0, 0, 0, 0, 0, 0, 0, 0, 0, 0, 0, 0, 0, 0, 0, 0, 0, 0, 0, 0, 0, 0, 0, 0, 0, 0, 0, 0, 0, 0, 0, 0, 0, 0, 0, 0, 0, 0, 0, 0, 0, 0, 0, 0, 0, 0, 0, 0, 0, 0, 0, 0, 0, 0, 0, 0, 0, 0, 0, 0, 0, 0, 0, 0, 0, 0, 0, 0, 0, 0, 0, 0, 0, 0, 0, 0, 0, 0, 0, 0, 0, 0, 0, 0, 0, 0, 0, 0, 0, 0, 0, 0, 0, 0, 0, 0, 0, 0, 0, 0, 0, 0, 0, 0, 0, 0, 0, 0, 0, 0, 0, 0, 0, 0, 0, 0, 0, 0, 0, 0, 0, 0, 0, 0, 0, 0, 0, 0, 0, 0, 0, 0, 0, 6, 2, 1, 3, 1, 0, 0, 1, 0, 0, 3, 9, 59, 6, 0, 0, 0, 0, 0, 0, 0, 0, 0, 0, 0, 0, 0, 0, 0, 0, 0, 0, 0, 0, 0, 0, 0, 0, 0, 0, 0, 0, 0, 0, 0, 0, 0, 0, 0, 0, 0, 0, 0, 0, 0, 0, 0, 0, 0, 0, 0, 0, 0, 0, 0, 0, 0, 0, 0, 0, 0, 0, 0, 0, 0, 0, 0, 0, 0, 0, 0, 0, 0, 0, 0, 0, 0, 0, 0, 0, 0, 0, 0, 0, 0, 0, 0, 0, 0, 0, 0, 0, 0, 0, 0, 0, 0, 0, 0, 0, 0, 0, 0, 0, 0, 0, 0, 0, 0, 0, 0, 0, 0, 0, 0, 0, 0, 0, 0, 0, 0, 0, 0, 0, 0, 0, 0, 0, 0, 0, 0, 0, 0, 0, 0, 0, 0, 0, 0, 0, 0, 0, 0, 0, 0, 0, 0, 0, 0, 0, 0, 0, 0, 0, 0, 0, 0, 0, 0, 0, 0, 0, 0, 0, 0, 0, 0, 0, 0, 0, 0, 0, 0, 0, 0, 0, 0, 0, 0, 0, 0, 0, 0, 0, 0, 0, 0, 0, 0, 0, 0, 0, 0, 0, 0, 0, 0, 0, 0, 0, 0, 0, 0, 0, 0, 0, 0, 0, 0, 0, 0, 0, 0, 0, 0, 0, 0, 0, 0, 0, 0, 0, 0, 0, 0, 0, 0, 0, 0, 0, 0, 0, 0, 0, 0, 0, 0, 0, 0, 0, 0, 0, 0, 0, 0, 0, 0, 0, 0, 0, 0, 0, 0, 0, 0, 0, 0, 0, 0, 0, 0, 0, 0, 0, 0, 0, 0, 0, 0, 0, 0, 0, 0, 0, 0, 0, 0, 0, 0, 0, 0, 0, 0, 0, 0, 0, 0, 0, 0, 0, 0, 0, 0, 0, 0, 0, 0, 0, 0, 0, 0, 0, 0, 0, 0, 0, 0, 0, 0, 0, 0, 0, 0, 0, 0, 0, 0, 0, 0, 0, 0, 0, 0, 0, 0, 0, 0, 0, 0, 0, 0, 0, 0, 0, 0, 0, 0, 0, 0, 0, 0, 0, 0, 0, 0, 0, 0, 0, 0, 0, 0, 0, 0, 0, 0, 0, 0, 0, 0, 0, 0, 0, 0, 0, 0, 0, 0, 0, 0, 0, 0, 0, 0, 0, 0, 0, 0, 0, 0, 0, 0, 0, 0, 0, 0, 0]"
LNG空签_最终事件描述,"**LNG空签事件总述**  
事件始于LNG战队因中单选手Scout合同纠纷（涉及EDG限制出境及违约金索赔）导致阵容空缺，初期舆论聚焦法律争议，多数支持EDG维权，质疑Scout方违约操作及韩国经纪公司施压。随后矛盾升级为多方博弈：Scout粉丝（尤其“XMM”群体）情绪化辩护，与EDG支持者形成对立；LNG因阵容缺陷遭调侃，同时被批签约疏漏。中期舆论转向抽签争议（空签乌龙、赛程公平性质疑），叠加战队表现讨论（如TES“死亡赛程”、LNG溃败）。后期焦点回归选手表现，Scout因操作失误及“忠诚度”争议遭猛烈批评，与Gala等队友的配合问题被放大，事件最终演变为对俱乐部管理、韩援制度及电竞行业乱象的广泛反思。整体呈现“法律纠纷→赛程争议→选手矛盾→行业批判”的递进脉络，情绪从理性讨论逐步极端化，娱乐化调侃与深度争议并存。（199字）",1,"[0, 5, 9, 18, 4, 3, 2, 4, 0, 4, 3, 1, 0, 0, 0, 5, 3, 2, 2, 4, 0, 0, 3, 0, 3, 0, 2, 1, 0, 0, 0, 0, 0, 0, 0, 0, 0, 0, 0, 0, 0, 0, 0, 1, 1, 0, 4, 50, 39, 27, 32, 23, 53, 33, 22, 22, 15, 12, 4, 6, 6, 1, 7, 5, 9, 10, 19, 19, 16, 9, 11, 16, 6, 6, 12, 6, 5, 3, 11, 8, 6, 3, 6, 1, 2, 0, 0, 0, 0, 2, 3, 8, 3, 9, 7, 1, 1, 6, 1, 4, 2, 5, 1, 0, 5, 0, 1, 4, 2, 0, 1, 2, 4, 1, 6, 3, 4, 2, 0, 3, 1, 1, 2, 0, 1, 0, 1, 2, 0, 0, 0, 0, 1, 0, 0, 0, 0, 0, 1, 0, 0, 0, 0, 0, 0, 3, 0, 0, 0, 0, 0, 0, 0, 0, 0, 0, 0, 0, 0, 0, 0, 0, 0, 1, 0, 1, 2, 0, 0, 0, 1, 0, 0, 0, 0, 0, 0, 0, 0, 0, 0, 0, 0, 0, 0, 0, 0, 0, 0, 4, 0, 0, 0, 0, 0, 0, 0, 0, 0, 0, 0, 0, 0, 0, 0, 0, 0, 0, 0, 0, 0, 0, 0, 0, 0, 0, 0, 0, 0, 0, 0, 0, 0, 0, 0, 0, 1, 0, 0, 0, 0, 0, 0, 0, 0, 0, 0, 0, 0, 0, 0, 0, 0, 0, 0, 0, 0, 0, 0, 0, 0, 0, 0, 0, 0, 0, 0, 0, 0, 0, 0, 0, 0, 0, 0, 0, 0, 0, 0, 0, 0, 0, 0, 0, 0, 0, 0, 0, 0, 0, 0, 0, 0, 0, 0, 0, 0, 0, 0, 0, 0, 0, 0, 0, 0, 0, 0, 0, 0, 0, 0, 0, 0, 0, 0, 0, 0, 0, 0, 0, 0, 0, 0, 0, 0, 0, 0, 0, 0, 0, 0, 0, 0, 0, 0, 0, 0, 0, 0, 0, 0, 0, 0, 0, 0, 0, 0, 0, 0, 0, 0, 0, 0, 0, 0, 0, 0, 0, 0, 0, 0, 0, 0, 0, 0, 0, 0, 0, 0, 0, 0, 0, 0, 0, 0, 0, 0, 0, 0, 0, 0, 0, 0, 0, 0, 0, 0, 0, 0, 0, 0, 0, 0, 0, 0, 0, 0, 0, 0, 0, 0, 0, 0, 0, 0, 0, 0, 0, 0, 0, 0, 0, 0, 0, 0, 0, 0, 0, 0, 0, 0, 0, 0, 0, 0, 0, 0, 0, 0, 0, 0, 0, 0, 0, 0, 0, 0, 0, 0, 0, 0, 0, 0, 0, 0, 0, 0, 0, 0, 0, 0, 0, 0, 0, 0, 0, 0, 0, 0, 0, 0, 0, 0, 0, 0, 0, 0, 0, 0, 0, 0, 0, 0, 0, 0, 2, 0, 0, 0, 7, 43, 68, 107, 118, 77, 2, 2, 2, 1, 3, 2, 3, 22, 7, 9, 6, 0, 1, 2, 0, 1, 0, 0, 0, 0, 1, 0, 0, 0, 0, 0, 0, 0, 0, 0, 0, 0, 0, 0, 0, 0, 0, 0, 0, 0, 0, 0, 0, 0, 0, 0, 0, 0, 0, 0, 0, 0, 0, 0, 0, 1, 0, 0, 1, 0, 0, 0, 0, 0, 0, 0, 0, 0, 0, 0, 0, 0, 0, 0, 0, 0, 0, 0, 0, 0, 0, 0, 0, 0, 1, 0, 0, 0, 0, 0, 0, 0, 0, 0, 0, 0, 0, 0, 0, 0, 0, 0, 0, 0, 0, 0, 0, 0, 0, 0, 0, 0, 0, 0, 0, 0, 0, 0, 0, 0, 0, 0, 0, 0, 0, 0, 0, 0, 0, 0, 0, 0, 0, 0, 0, 0, 0, 0, 0, 0, 0, 0, 0, 0, 0, 0, 0, 0, 0, 0, 0, 0, 0, 0, 0, 0, 0, 0, 0, 0, 0, 0, 0, 0, 0, 0, 0, 0, 0, 0, 0, 0, 0, 0, 0, 0, 0, 0, 0, 0, 0, 0, 0, 0, 0, 0, 0, 0, 0, 0, 0, 0, 0, 0, 0, 0, 0, 0, 0, 0, 0, 0, 0, 0, 0, 0, 0, 0, 0, 0, 0, 0, 0, 0, 0, 0, 0, 0, 0, 0, 0, 0, 0, 0, 0, 0, 0, 0, 0, 0, 0, 0, 0, 0, 0, 0, 3, 2, 0, 1, 0, 0, 2, 0, 0, 0, 0, 1, 0, 0, 1, 0, 0, 0, 0, 0, 0, 0, 0, 0, 0, 0, 0, 0, 0, 0, 0, 0, 0, 0, 0, 0, 0, 0, 0, 0, 0, 0, 0, 0, 0, 0, 0, 0, 0, 0, 0, 0, 0, 0, 0, 0, 0, 0, 0, 0, 0, 0, 0, 0, 0, 0, 0, 0, 0, 0, 0, 0, 0, 0, 0, 0, 0, 0, 0, 0, 0, 0, 0, 0, 0, 0, 0, 0, 2, 1, 0, 0, 0, 2, 1, 0, 1, 10, 7, 11, 13, 9, 6, 3, 5, 2, 0, 3, 5, 0]"
四人因散布地震谣言等被行拘_最终事件描述,四人因散布地震谣言被行拘事件在147小时的舆论发酵中，呈现出高度一致的谴责倾向与对执法行动的广泛支持。事件初期，公众情绪迅速聚焦于谣言的社会危害性，高频词如“抓得好”“严惩”凸显主流民意对造谣者扰乱社会秩序、制造恐慌的强烈不满，强调以官方信息为准的共识。尽管存在零星质疑（如处罚界限或地震预测机制讨论），但占比不足1%，未能形成有效争议。整体舆论场始终以支持警方执法为核心，反映出公众对网络虚假信息的深度抵触及对权威信源的依赖。事件演变平稳，未出现明显波动，最终固化为一则“谣言必惩”的典型案例，强化了社会对网络言行法律边界的认知。,0,"[0, 0, 0, 0, 0, 1, 1, 0, 0, 0, 0, 0, 0, 0, 0, 0, 0, 0, 0, 0, 2, 0, 0, 0, 0, 0, 0, 0, 0, 1, 0, 0, 0, 0, 0, 0, 0, 0, 0, 0, 0, 0, 0, 0, 0, 0, 0, 0, 0, 0, 0, 0, 0, 0, 0, 0, 1, 0, 0, 0, 0, 0, 0, 0, 0, 0, 0, 0, 0, 0, 0, 0, 0, 0, 0, 0, 0, 0, 0, 0, 0, 0, 0, 0, 0, 0, 0, 0, 0, 0, 1, 0, 0, 0, 0, 0, 0, 0, 0, 0, 0, 0, 0, 0, 0, 0, 1, 0, 0, 0, 0, 0, 0, 0, 0, 0, 0, 0, 1, 0, 0, 1, 1, 1, 0, 0, 2, 9, 3, 4, 4, 1, 1, 2, 1, 1, 6, 2, 5, 2, 0, 0, 0, 0, 0, 0, 0, 1]"
kr_最终事件描述,"**KR事件总描述**  
KR事件始于柯冉（KR）突然离开周楷恒（巨龙）团队，初期舆论（1-24小时）以道德谴责为主，指责其“忘恩负义”，粉丝情绪失望伤感，团队解散引发唏嘘。随后（25-48小时），争议焦点转向利益与人性矛盾，KR被类比“盲人丢拐杖”“农夫与蛇”，粉丝量持续下滑，舆论分化加剧：一方批判其背叛提携者，另一方则质疑团队管理或支持KR的职业选择权。中期（49-62小时），道德指责仍是主流，但出现对青少年网红成长困境的反思，事件被延伸至网红生态虚伪性的讨论。后期（62-408小时），情绪化批评减弱，理性分析增多，探讨利益分配、沟通方式及年少成名风险，KR粉丝量暴跌70万，事件最终呈现从情感破裂到行业反思的演变轨迹。整体凸显网红关系中情感契约的脆弱性与流量反噬的残酷性。（198字）",0,"[0, 0, 0, 0, 0, 0, 0, 0, 0, 1, 0, 0, 1, 0, 1, 0, 1, 0, 0, 0, 0, 0, 0, 0, 4, 8, 1, 2, 1, 0, 0, 0, 0, 5, 2, 4, 4, 1, 1, 0, 0, 0, 1, 0, 3, 1, 1, 0, 8, 12, 8, 2, 2, 0, 0, 1, 2, 1, 1, 2, 4, 1, 2, 2, 3, 1, 1, 0, 4, 0, 1, 1, 1, 2, 5, 1, 1, 1, 1, 0, 0, 1, 0, 0, 0, 0, 0, 2, 0, 1, 0, 1, 0, 3, 2, 2, 0, 2, 1, 0, 0, 0, 0, 0, 0, 0, 1, 0, 0, 0, 2, 0, 1, 1, 0, 1, 1, 1, 1, 1, 2, 0, 0, 0, 0, 0, 0, 0, 0, 1, 0, 1, 1, 1, 1, 0, 2, 1, 1, 1, 0, 0, 0, 0, 0, 0, 0, 0, 0, 0, 0, 0, 0, 0, 0, 0, 0, 1, 1, 1, 0, 0, 0, 1, 0, 0, 0, 1, 0, 0, 0, 0, 0, 0, 0, 1, 0, 1, 0, 0, 1, 0, 0, 0, 0, 0, 0, 0, 1, 0, 0, 0, 0, 1, 0, 0, 0, 1, 0, 0, 0, 0, 0, 0, 0, 1, 0, 1, 0, 2, 1, 0, 1, 0, 0, 1, 1, 0, 0, 0, 0, 1, 0, 0, 0, 0, 0, 0, 0, 0, 0, 0, 0, 0, 0, 0, 0, 0, 1, 0, 2, 1, 0, 0, 0, 0, 0, 0, 0, 0, 0, 0, 0, 0, 0, 0, 0, 0, 1, 0, 0, 0, 0, 0, 0, 0, 0, 0, 1, 0, 0, 0, 0, 0, 0, 0, 0, 0, 0, 1, 0, 0, 1, 0, 0, 0, 0, 0, 0, 0, 1, 0, 0, 0, 0, 0, 0, 0, 0, 0, 0, 1, 0, 0, 0, 0, 0, 0, 1, 0, 0, 0, 0, 1, 0, 0, 0, 0, 0, 0, 0, 0, 0, 0, 0, 1, 0, 1, 0, 0, 0, 0, 0, 0, 0, 0, 0, 0, 0, 0, 0, 0, 0, 0, 0, 0, 0, 1, 0, 0, 0, 0, 0, 0, 0, 0, 0, 0, 0, 0, 0, 0, 0, 0, 0, 0, 0, 0, 0, 0, 0, 0, 0, 0, 0, 0, 0, 0, 0, 0, 0, 0, 0, 0, 0, 0, 0, 0, 0, 0, 0, 0, 0, 0, 0, 0, 0, 0, 0, 0, 0, 0, 0, 0, 0, 0, 0, 0]"
林生斌请求依法追究宋祖德刑责_最终事件描述,林生斌请求追究宋祖德刑责事件在30小时内持续发酵，舆论呈现高度对立与情绪化特征。初期（前13小时）双方支持者两极分化，围绕“诽谤炒作”与“案件疑点”展开争论；中期（20-26小时）负面情绪主导，林生斌过往争议（如深情人设崩塌、赔偿金去向、再婚时间线）被反复提及，多数评论对其道德信任彻底崩塌，而宋祖德虽因长期炒作遭批，部分声音仍支持其“揭露真相”。后期（27-30小时）舆论焦点转向“狗咬狗”式互撕，双方历史污点被叠加放大，朱小贞家暴指控等旧闻重提，极端情绪挤压理性讨论空间。整体来看，事件核心矛盾始终围绕公众对林生斌的长期不信任与法律证据不足的冲突，舆情热度虽高但缺乏实质性进展，呈现道德审判压倒法律探讨的态势。（198字）,1,"[1, 1, 0, 0, 0, 0, 1, 1, 0, 1, 1, 0, 0, 0, 0, 0, 0, 0, 0, 0, 24, 98, 100, 55, 39, 32, 33, 24, 32, 26, 5]"
21岁演员排练时发病送医后身亡_最终事件描述,21岁演员排练时突发疾病身亡事件引发持续关注，舆论呈现从哀悼到追责的明显转向。事件初期（1-16小时），公众情绪以悲痛为主，大量用户通过表情符号和悼念词表达惋惜，同时“公道”“起诉”等关键词高频出现，显示对真相的迫切诉求。本地网友积极发声，涉事单位（如三峡人家）成为讨论焦点，但信息管控迹象引发不满。随着时间推移（17-30小时），情绪逐渐升级为愤怒，舆论核心聚焦于责任认定：公众质疑景区管理疏失（如无偿加班）、要求公开证据，并通过转发扩大声量推动问责。争议集中在工伤界定与责任划分，少量理性声音指出法律难点，但整体仍以情感驱动为主导。事件发展脉络清晰呈现从个体悲剧到公共议题的扩散，反映出公众对劳动者权益保障的深层关切。,0,"[0, 0, 0, 0, 0, 0, 0, 1, 0, 0, 0, 0, 0, 0, 0, 0, 0, 1, 0, 0, 0, 0, 0, 0, 0, 0, 0, 0, 0, 0]"
老人假扮少女乞讨被识破破口大骂_最终事件描述,"**事件总描述：**  
老人假扮少女乞讨被识破后破口大骂的事件，在800余小时的舆论发酵中呈现明显的阶段性演变。初期（1-803小时），舆论以愤怒谴责为主，聚焦于欺骗行为对社会信任的破坏，多数声音呼吁法律介入或公开曝光，同时伴随对乞讨乱象的反思和少量戏谑调侃。随着时间推移（804小时后），争议焦点转向事件真实性及双方动机，出现“摆拍”“骗局”等质疑，舆论场分化为对乞讨者的道德批判与对拍摄者动机的揣测，并衍生出性别对立（如“男性帮助目的不纯”）和救助方式争议（给钱VS给食物）。整体上，事件从个案道德争议逐步升级为社会信任危机与公共议题的辩论，负面情绪贯穿始终，反映出公众对道德滑坡与信任缺失的深层焦虑。",0,"[1, 0, 0, 0, 0, 0, 0, 0, 0, 0, 0, 0, 0, 0, 0, 0, 0, 0, 0, 0, 0, 0, 0, 1, 0, 0, 0, 0, 0, 0, 0, 0, 0, 0, 0, 0, 0, 0, 0, 0, 0, 0, 0, 0, 0, 0, 0, 0, 0, 0, 0, 0, 0, 0, 0, 0, 0, 0, 0, 1, 0, 0, 0, 0, 0, 0, 1, 0, 0, 0, 0, 0, 0, 0, 0, 0, 0, 1, 0, 0, 0, 0, 0, 0, 0, 0, 0, 0, 0, 0, 0, 0, 0, 0, 0, 0, 0, 0, 0, 0, 0, 0, 0, 0, 0, 0, 0, 0, 0, 0, 0, 0, 0, 0, 0, 0, 0, 0, 0, 0, 0, 0, 0, 0, 0, 0, 0, 0, 0, 0, 0, 0, 0, 0, 0, 0, 0, 0, 0, 0, 0, 0, 0, 0, 0, 0, 0, 0, 0, 0, 0, 0, 0, 0, 0, 0, 0, 0, 0, 0, 0, 0, 0, 0, 0, 0, 0, 0, 0, 1, 0, 0, 0, 0, 0, 0, 0, 0, 0, 0, 0, 0, 0, 0, 1, 0, 0, 0, 0, 0, 0, 0, 0, 0, 0, 0, 0, 0, 0, 0, 0, 0, 0, 0, 0, 0, 0, 0, 0, 1, 0, 0, 0, 0, 0, 0, 0, 0, 0, 0, 0, 0, 0, 0, 0, 0, 0, 0, 0, 0, 0, 0, 0, 0, 0, 0, 0, 0, 0, 1, 0, 0, 0, 0, 0, 0, 0, 0, 0, 0, 0, 0, 0, 0, 0, 0, 0, 0, 0, 0, 0, 0, 0, 0, 0, 0, 0, 0, 0, 0, 0, 0, 0, 0, 0, 0, 0, 0, 0, 0, 0, 0, 0, 0, 0, 0, 0, 0, 0, 0, 0, 0, 0, 0, 0, 0, 0, 0, 0, 0, 0, 1, 0, 0, 0, 0, 0, 0, 0, 0, 0, 0, 0, 0, 0, 0, 0, 0, 0, 0, 0, 0, 0, 0, 0, 0, 0, 0, 0, 0, 0, 0, 0, 0, 0, 0, 0, 0, 0, 0, 0, 0, 0, 0, 0, 0, 0, 0, 0, 0, 0, 0, 0, 0, 0, 0, 0, 1, 0, 0, 0, 1, 0, 0, 0, 0, 0, 0, 0, 0, 0, 0, 0, 0, 1, 0, 0, 0, 0, 0, 0, 0, 0, 0, 0, 0, 0, 0, 0, 0, 0, 0, 0, 0, 0, 0, 0, 0, 1, 0, 0, 0, 0, 1, 0, 0, 0, 0, 0, 0, 0, 0, 0, 0, 0, 0, 0, 0, 0, 0, 0, 0, 0, 0, 0, 0, 0, 0, 0, 0, 0, 0, 0, 0, 0, 0, 0, 0, 0, 0, 0, 1, 0, 0, 0, 0, 0, 0, 0, 0, 0, 0, 0, 0, 0, 0, 0, 0, 0, 0, 0, 0, 0, 0, 0, 0, 0, 0, 0, 0, 0, 0, 0, 0, 0, 0, 0, 0, 1, 0, 0, 0, 0, 0, 0, 0, 0, 0, 0, 0, 1, 0, 0, 0, 0, 0, 0, 0, 1, 0, 0, 1, 0, 0, 0, 0, 0, 0, 0, 0, 0, 0, 0, 0, 0, 0, 0, 0, 0, 0, 0, 0, 0, 0, 0, 0, 0, 0, 1, 0, 0, 0, 0, 0, 0, 0, 1, 0, 0, 0, 0, 0, 0, 0, 0, 0, 0, 0, 1, 0, 1, 0, 0, 0, 0, 0, 0, 0, 0, 0, 0, 0, 0, 1, 1, 0, 0, 0, 1, 0, 0, 0, 0, 0, 0, 0, 1, 1, 0, 0, 0, 0, 0, 0, 0, 2, 0, 0, 1, 0, 0, 0, 0, 0, 0, 0, 0, 0, 0, 1, 0, 0, 0, 0, 0, 0, 0, 0, 0, 0, 0, 0, 0, 0, 0, 2, 3, 0, 0, 0, 0, 0, 1, 0, 2, 0, 1, 0, 0, 0, 0, 0, 0, 1, 0, 0, 1, 0, 0, 0, 0, 1, 0, 1, 0, 0, 0, 1, 0, 0, 0, 0, 0, 0, 0, 0, 0, 0, 0, 0, 0, 0, 0, 1, 1, 0, 0, 0, 1, 0, 1, 0, 0, 0, 0, 0, 0, 0, 0, 0, 0, 0, 0, 1, 1, 0, 0, 0, 0, 0, 0, 0, 0, 0, 1, 0, 0, 0, 0, 0, 0, 0, 0, 0, 0, 1, 0, 0, 0, 0, 0, 0, 0, 0, 0, 2, 4, 0, 2, 1, 0, 0, 0, 0, 0, 0, 0, 2, 1, 3, 2, 4, 0, 1, 0, 3, 0, 0, 1, 2, 0, 0, 1, 1, 0, 0, 0, 0, 0, 0, 0, 2, 2, 0, 1, 0, 0, 2, 1, 4, 3, 9, 3, 0, 2, 4, 3, 5, 2, 0, 3, 0, 2, 0, 1, 2, 2, 2, 1, 1, 2, 5, 3, 5, 1, 3, 1, 2, 3, 1, 1, 2, 0, 0, 0, 0, 0, 0, 3, 5, 1, 5, 2, 132, 21]"
男子携代孕遗腹子争妻子千万遗产_最终事件描述,"**事件总描述：**  
该事件在48小时内舆论迅速发酵，核心争议从初期对“代孕遗腹子”真实性的调侃与质疑（如富豪私生活混乱），逐步演变为对代孕合法性、男方动机及法律漏洞的激烈讨论。前43小时，舆论以负面情绪为主，聚焦男方“算计财产”的嫌疑和遗产分配公平性；44-46小时，代孕违法性成为焦点，超60%评论谴责男方借违法代孕“吃绝户”，并质疑法院认可代孕子女继承权的依据，同时衍生对婚姻财产风险（如遗嘱必要性）和性别对立的讨论。47小时后，舆论情绪趋于愤怒与谴责，多数声音要求亲子鉴定并严惩男方，少数呼吁理性，但整体呈现对司法公正和女性权益的深度担忧。事件凸显公众对代孕伦理、法律漏洞及婚姻信任危机的三重焦虑。 （198字）",0,"[2, 1, 3, 4, 3, 4, 3, 0, 1, 1, 0, 0, 0, 0, 0, 0, 0, 0, 0, 1, 1, 0, 0, 0, 1, 1, 5, 2, 0, 3, 1, 0, 0, 1, 0, 0, 0, 0, 0, 0, 4, 0, 0, 3, 39, 78, 80, 3]"
秦霄贤塌房_最终事件描述,"**秦霄贤塌房事件整体描述：**  
事件始于情感争议与私德爆料（如“花女方钱”“出轨睡粉”），初期舆论混乱，粉丝与批评者激烈对立。随后争议蔓延至其“富二代人设”真实性、文化水平及德云社关联负面，舆情呈现两极分化：粉丝坚持“未实锤”，质疑派则翻旧料嘲讽其品行与能力。中期讨论升级为行业乱象反思（如“男星靠女性包装”“内娱特权”），并波及待播影视作品（如《粉墨江湖》）。后期粉丝极端行为（如伪造报道）加剧法律风险，公众情绪从猎奇转向批判，事件性质由私德争议演变为道德与法律双重危机。最终舆论呈现疲惫化，部分网友因缺乏实锤持观望态度，但秦霄贤公众形象已显著受损，德云社及合作方风评受牵连。整体趋势显示：事件从个体塌房逐步升级为对娱乐圈生态、粉丝文化及艺人管理的深度质疑。（198字）",0,"[0, 0, 0, 0, 0, 0, 0, 0, 0, 0, 0, 0, 0, 0, 0, 0, 0, 0, 0, 0, 0, 0, 0, 0, 0, 0, 0, 0, 0, 0, 0, 0, 0, 0, 0, 0, 0, 0, 0, 0, 0, 0, 0, 0, 0, 0, 0, 3, 5, 2, 0, 0, 0, 19, 35, 8, 9, 10, 2, 4, 6, 1, 4, 5, 6, 9, 8, 4, 15, 5, 13, 23, 15, 32, 5, 3, 4, 0, 0, 1, 1, 0, 0, 0, 0, 0, 0, 1, 1, 2, 1, 5, 3, 1, 2, 1, 3, 1, 1, 0, 0, 0, 0, 0, 0, 0, 0, 0, 0, 0, 0, 0, 2, 0, 1, 0, 0, 0, 2, 1, 1, 0, 7, 3, 2, 1, 0, 0, 1, 1, 1, 0, 1, 2, 1, 1, 2, 1, 1, 0, 1, 1, 2, 0, 0, 1, 1, 1, 0, 1, 0, 0, 0, 0, 0, 0, 0, 0, 1, 0, 1, 0, 0, 0, 1, 1, 0, 1, 0, 0, 0, 0, 0, 0, 1, 0, 0, 0, 0, 0, 0, 0, 0, 0, 0, 0, 0, 0, 0, 0, 0, 0, 0, 0, 0, 0, 0, 0, 0, 0, 0, 0, 0, 0, 0, 0, 0, 0, 0, 0, 1, 0, 0, 0, 0, 0, 0, 0, 0, 0, 0, 0, 0, 0, 0, 0, 0, 0, 0, 0, 1, 0, 0, 0, 0, 0, 1, 0, 0, 1, 1, 2, 3, 2, 0, 0, 0, 0, 3, 0, 0, 0, 0, 0, 0, 0, 3, 1, 0, 0, 0, 4, 1, 2, 3, 4, 1, 0, 2, 2, 1, 1, 2, 0, 1, 3, 4, 2, 4, 5, 3, 3, 6, 6, 1, 5, 3, 3, 0, 2, 0, 2, 1, 1, 0, 1, 1, 1, 0, 0, 1, 0, 1, 1, 1, 0, 0, 0, 1, 1, 2, 2, 1, 0, 0, 0, 1, 0, 0, 0, 1, 0, 1, 0, 0, 1, 0, 0, 2, 1, 2, 1, 1, 1, 0, 1, 1, 0, 0, 0, 1, 1]"
印度遭奸杀女医生案内幕曝光_最终事件描述,印度女医生遭奸杀案内幕曝光后，国际舆论在12小时内呈现从震惊愤怒到深度反思的演变。初期（1-6小时），案件残忍细节（多人参与、医院环境施暴）触发强烈情绪爆发，网友集中谴责印度系统性性别暴力，高频使用"地狱""恶魔"等极端化表述，并质疑司法不公与预谋可能。中期（7-9小时），讨论延伸至社会结构性问题，种姓特权、警方包庇嫌疑及受害者医者身份的反差成为焦点，同时出现少量辟谣信息。后期（10-12小时），舆论逐渐分化：一方面持续强化对印度女性生存环境的批判（60%评论关联统计真实性、中印对比），另一方面出现对社会改革、理性区分个案的声音（占比约15%）。整体呈现"情绪主导→结构性质疑→有限反思"的三阶段特征，极端化表达始终占比30%左右，反映出国际社会对印度性别议题的固化认知与深度焦虑。（198字）,1,"[14, 41, 18, 5, 2, 5, 8, 34, 31, 55, 50, 35, 4]"
遭教官体罚进ICU的14岁女孩离世_最终事件描述,"**事件总述：**  
14岁女孩遭教官体罚致死事件引发持续近900小时的舆论风暴，呈现从个案愤怒到系统性批判的演变。初期（前80小时）舆论聚焦施暴教官与涉事机构（被指为“戒网瘾学校”翻版），要求严惩并质疑家长动机；中期（80-600小时）转向对家长责任与监管缺位的双重谴责，普遍认为父母将孩子送入暴力机构是悲剧根源，同时揭露同类“矫正学校”长期存在的体罚、性侵等黑幕，类比豫章书院、杨永信事件，呼吁法律介入；后期（600小时后）情绪激化，问责扩大至教育体制与社会观念，批判“吃苦教育”的畸形逻辑与家长推责心态，部分幸存者现身推动结构性反思。整体以愤怒为主导，伴随对监管无力的失望，形成“机构暴力—家长失职—制度漏洞”的问责链条，凸显公众对灰色教育产业链的深度不信任与对儿童权益保护的迫切诉求。（199字）",1,"[1, 2, 2, 2, 2, 1, 1, 0, 2, 0, 2, 1, 0, 0, 0, 0, 0, 1, 0, 0, 0, 0, 0, 0, 1, 1, 1, 1, 1, 1, 0, 0, 0, 2, 0, 0, 1, 1, 0, 2, 0, 0, 0, 0, 0, 0, 0, 1, 1, 1, 0, 1, 3, 1, 0, 2, 3, 8, 1, 5, 5, 2, 6, 8, 5, 2, 0, 1, 0, 1, 0, 1, 6, 2, 5, 1, 3, 8, 3, 5, 1, 10, 12, 10, 8, 1, 7, 2, 1, 2, 0, 0, 2, 0, 0, 2, 1, 1, 1, 1, 3, 5, 4, 2, 1, 0, 1, 2, 0, 0, 1, 0, 1, 0, 1, 0, 0, 0, 1, 1, 4, 2, 1, 0, 3, 5, 2, 2, 2, 1, 3, 1, 1, 2, 2, 0, 2, 0, 0, 0, 0, 0, 0, 3, 2, 1, 1, 0, 0, 1, 3, 0, 2, 0, 0, 2, 2, 2, 1, 2, 0, 0, 1, 0, 0, 0, 0, 0, 0, 0, 2, 1, 0, 1, 1, 2, 3, 1, 0, 2, 1, 1, 0, 1, 0, 1, 0, 0, 0, 0, 0, 0, 0, 0, 2, 2, 1, 1, 0, 1, 0, 0, 0, 1, 1, 0, 0, 4, 1, 2, 1, 0, 0, 0, 0, 1, 3, 0, 1, 1, 1, 0, 0, 1, 1, 5, 2, 2, 0, 4, 2, 0, 0, 0, 0, 1, 0, 0, 1, 1, 0, 0, 1, 1, 0, 0, 0, 4, 3, 2, 0, 0, 2, 0, 1, 1, 0, 0, 0, 1, 0, 0, 0, 0, 1, 1, 2, 1, 0, 0, 0, 0, 0, 2, 0, 0, 0, 0, 0, 0, 0, 0, 0, 0, 0, 0, 0, 0, 1, 0, 0, 0, 0, 0, 0, 0, 0, 0, 0, 0, 0, 0, 0, 0, 1, 0, 0, 0, 0, 0, 0, 0, 0, 0, 0, 0, 0, 0, 0, 0, 1, 0, 0, 1, 0, 0, 0, 0, 0, 0, 0, 0, 0, 0, 0, 0, 0, 0, 0, 0, 0, 0, 0, 0, 0, 0, 0, 0, 0, 0, 1, 0, 0, 0, 0, 0, 0, 0, 0, 0, 0, 0, 1, 0, 0, 0, 0, 0, 0, 0, 0, 0, 0, 0, 0, 0, 0, 0, 0, 0, 0, 0, 0, 0, 0, 0, 0, 0, 0, 0, 0, 0, 0, 0, 1, 0, 0, 0, 0, 0, 0, 1, 0, 0, 0, 0, 0, 0, 0, 0, 0, 0, 0, 0, 0, 1, 0, 0, 0, 0, 0, 1, 0, 0, 0, 0, 0, 0, 0, 0, 0, 0, 0, 0, 1, 2, 0, 0, 0, 0, 0, 0, 1, 0, 0, 0, 0, 0, 0, 0, 0, 0, 1, 0, 0, 0, 0, 0, 0, 0, 0, 0, 0, 1, 0, 0, 2, 0, 0, 0, 0, 0, 0, 0, 0, 0, 0, 0, 1, 0, 0, 0, 0, 0, 0, 1, 1, 1, 0, 0, 1, 0, 0, 0, 0, 1, 0, 0, 0, 0, 0, 0, 0, 1, 0, 0, 0, 0, 0, 0, 1, 0, 0, 1, 1, 0, 1, 0, 0, 0, 0, 0, 0, 0, 0, 0, 0, 0, 0, 0, 0, 1, 1, 0, 0, 0, 0, 1, 0, 2, 0, 0, 0, 0, 0, 0, 0, 0, 0, 0, 0, 0, 0, 0, 0, 0, 0, 0, 0, 0, 0, 0, 0, 0, 0, 4, 0, 0, 1, 1, 0, 0, 0, 1, 3, 5, 7, 3, 4, 8, 3, 1, 3, 0, 1, 1, 1, 4, 2, 0, 0, 1, 1, 1, 0, 0, 1, 0, 1, 2, 1, 1, 1, 1, 0, 0, 0, 0, 0, 0, 0, 0, 3, 50, 52, 0, 0, 0, 0, 0, 0, 0, 0, 0, 0, 0, 0, 0, 0, 0, 0, 0, 0, 0, 2, 3, 6, 9, 6, 7, 6, 3, 4, 5, 5, 0, 1, 0, 1, 1, 8, 9, 32, 27, 21, 16, 19, 20, 22, 11, 18, 10, 14, 6, 5, 2, 1, 0, 0, 0, 1, 2, 1, 3, 2, 2, 8, 11, 7, 5, 5, 8, 5, 5, 2, 2, 4, 2, 2, 2, 0, 1, 0, 1, 0, 1, 1, 2, 1, 2, 0, 0, 1, 1, 0, 1, 2, 2, 1, 1, 3, 1, 1, 0, 0, 0, 0, 0, 0, 1, 1, 2, 0, 0, 0, 1, 0, 1, 2, 1, 0, 0, 0, 1, 1, 2, 0, 1, 0, 0, 0, 0, 0, 0, 1, 1, 2, 1, 1, 0, 1, 0, 1, 0, 1, 0, 1, 2, 0, 0, 0, 0, 0, 0, 0, 0, 0, 0, 0, 0, 0, 1, 0, 0, 0, 0, 0, 1, 1, 1, 1, 0, 1, 0, 1, 0, 0, 0, 0, 0, 0, 0, 0, 1, 0, 0, 0, 1, 0, 0, 1, 0, 0, 1, 0, 0, 0, 0, 0, 0, 0, 0, 0, 0, 0, 0, 0, 0, 0, 0, 0, 1, 0, 0, 0, 0, 0, 0, 0, 0, 0, 1, 0, 0, 0, 0, 0, 0, 0, 0, 0, 0, 0, 0, 1, 0, 0, 0, 1, 0, 0, 0, 0, 0, 0, 0, 0, 0, 0, 0, 0, 0, 0, 0, 0, 0, 0, 0, 0, 0, 0, 0, 0, 0, 0, 0, 0, 0, 0, 0, 0, 0, 0, 0, 0, 0, 0, 0, 0, 0, 0, 0, 0, 0, 0, 0, 0, 0, 0, 1]"
24-4已婚男子找王婆说媒妻子或将离婚_最终事件描述,"**事件总述：**  
“24-4已婚男子找王婆说媒”事件始于一名已婚男子隐瞒婚姻状况参与相亲节目，迅速引发舆论风暴。初期（前6小时），网友集中谴责其欺骗行为，同情妻子并质疑其动机；随后（7-12小时），争议扩展至“托孤式说媒”的婚恋观冲突及炒作嫌疑，男子社交账号转为私密加剧质疑。中期（12-24小时），舆论分化，多数声音认定其为剧本营销（如“为带货铺垫”），同时批判节目审核漏洞，妻子修改简介暗示婚姻危机。后期（24小时以后），焦点转向对流量经济扭曲婚恋伦理的反思，王婆说媒被批“变味”，而“单身未离异”等梗的流行反映公众对事件的嘲讽与疲惫。整体呈现“道德谴责—炒作质疑—现象反思”三阶段，暴露了网红时代下婚姻诚信、平台责任与娱乐化相亲的深层矛盾。（199字）",1,"[5, 5, 4, 4, 2, 6, 12, 55, 35, 24, 17, 12, 2, 4, 4, 1, 20, 23, 37, 20, 10, 11, 9, 11, 15, 15, 36, 28, 11, 9, 6, 10, 3, 5, 2, 1, 3, 2, 0, 0, 0, 5, 8, 4, 10, 5, 4, 2, 3, 1, 2, 0, 3, 2, 7, 5, 5, 1, 0, 0, 0, 0, 0, 0, 1, 0, 3, 4, 1, 5, 1, 1, 3, 1, 11, 3, 1, 0, 1, 1, 1, 0, 0, 0, 0, 0, 0, 0, 1, 0, 1, 1, 0, 1, 0, 0, 0, 0, 1, 0, 0, 0, 0, 1, 1, 1, 0, 0, 0, 0, 0, 0, 0, 0, 0, 0, 1, 1, 0, 0, 0, 0, 0, 1, 0, 0, 0, 0, 0, 0, 0, 0, 0, 0, 0, 0, 0, 0, 0, 0, 0, 0, 0, 0, 0, 0, 0, 0, 0, 0, 0, 0, 0, 0, 0, 0, 0, 0, 0, 0, 0, 0, 0, 0, 0, 0, 1, 1, 0, 0, 1, 0, 0, 0, 0, 0, 0, 0, 0, 0, 0, 0, 0, 0, 0, 1, 1, 0, 0, 0, 0, 0, 0, 0, 0, 0, 0, 0, 0, 0, 0, 0, 0, 0, 0, 0, 0, 0, 0, 1, 0, 0, 0, 0, 0, 0, 0, 0, 0, 0, 0, 0, 0, 0, 0, 0, 0, 0, 0, 0, 0, 0, 0, 0, 0, 0, 0, 0, 0, 0, 0, 1, 0, 0, 0, 0, 0, 0, 0, 0, 0, 0, 0, 0, 0, 0, 0, 0, 0, 0, 0, 0, 0, 0, 0, 0, 0, 0, 0, 0, 0, 0, 0, 0, 0, 0, 0, 0, 0, 0, 0, 0, 0, 0, 0, 0, 0, 0, 0, 0, 0, 0, 0, 0, 0, 0, 0, 0, 0, 0, 0, 0, 0, 0, 0, 0, 0, 0, 0, 0, 0, 0, 0, 0, 0, 0, 0, 0, 0, 0, 0, 0, 0, 0, 0, 0, 0, 0, 0, 0, 0, 0, 0, 0, 0, 0, 0, 0, 0, 0, 0, 0, 0, 0, 1, 0, 0, 0, 0, 0, 0, 0, 0, 0, 0, 0, 0, 0, 0, 0, 0, 0, 0, 0, 0, 0, 0, 0, 0, 0, 0, 0, 0, 0, 0, 0, 0, 0, 0, 0, 0, 0, 0, 0, 0, 0, 0, 0, 0, 0, 0, 0, 0, 0, 0, 0, 0, 0, 0, 0, 0, 0, 0, 0, 0, 0, 0, 0, 0, 0, 0, 0, 0, 0, 0, 0, 0, 0, 0, 0, 0, 0, 0, 0, 0, 0, 0, 0, 0, 0, 0, 0, 0, 0, 0, 0, 0, 0, 0, 0, 0, 0, 0, 0, 0, 0, 0, 0, 0, 0, 0, 0, 0, 0, 0, 0, 0, 0, 0, 0, 0, 0, 0, 0, 0, 0, 0, 0, 0, 0, 0, 0, 0, 0, 0, 0, 0, 0, 0, 0, 0, 0, 0, 0, 0, 0, 0, 0, 0, 0, 0, 0, 0, 0, 0, 0, 0, 0, 0, 0, 0, 0, 0, 0, 0, 0, 0, 0, 0, 0, 0, 0, 0, 0, 0, 0, 0, 0, 0, 0, 0, 0, 0, 0, 0, 0, 0, 0, 0, 0, 0, 0, 0, 0, 0, 0, 0, 0, 0, 0, 0, 0, 0, 0, 0, 0, 0, 0, 0, 0, 0, 0, 0, 0, 0, 0, 0, 0, 0, 0, 0, 0, 0, 0, 0, 0, 0, 0, 0, 0, 0, 0, 0, 0, 0, 0, 0, 0, 0, 0, 0, 0, 0, 0, 0, 0, 0, 0, 0, 0, 0, 0, 0, 0, 0, 0, 0, 0, 0, 0, 0, 0, 0, 0, 0, 0, 0, 0, 0, 0, 0, 0, 0, 0, 0, 0, 0, 0, 0, 0, 0, 0, 0, 0, 0, 0, 0, 0, 0, 0, 0, 0, 0, 0, 0, 0, 0, 0, 0, 0, 0, 0, 0, 0, 0, 0, 0, 0, 0, 0, 0, 0, 0, 0, 0, 0, 0, 0, 0, 0, 0, 0, 0, 0, 0, 0, 0, 0, 0, 0, 0, 0, 0, 0, 0, 0, 0, 0, 0, 0, 0, 0, 0, 0, 0, 0, 0, 0, 0, 0, 0, 0, 0, 0, 0, 0, 0, 0, 0, 0, 0, 0, 0, 0, 0, 0, 0, 0, 0, 0, 0, 0, 0, 0, 0, 0, 0, 0, 0, 0, 0, 0, 0, 0, 0, 0, 0, 0, 0, 0, 0, 0, 0, 0, 0, 0, 0, 0, 0, 0, 0, 0, 0, 0, 0, 0, 0, 0, 0, 0, 0, 0, 0, 0, 0, 0, 0, 0, 0, 0, 0, 0, 0, 0, 0, 0, 0, 0, 0, 0, 0, 0, 0, 0, 0, 0, 0, 0, 0, 0, 0, 0, 0, 0, 0, 0, 0, 0, 0, 0, 0, 0, 0, 0, 0, 0, 0, 0, 0, 0, 0, 0, 0, 0, 0, 0, 0, 0, 0, 0, 0, 0, 0, 0, 0, 0, 0, 0, 0, 0, 0, 0, 0, 0, 0, 0, 0, 0, 0, 0, 0, 0, 0, 0, 0, 0, 0, 0, 0, 0, 0, 0, 0, 0, 0, 0, 0, 0, 0, 0, 0, 0, 0, 0, 0, 0, 0, 0, 0, 0, 0, 0, 0, 0, 0, 0, 0, 0, 0, 0, 0, 0, 0, 0, 0, 0, 0, 0, 0, 0, 0, 0, 0, 0, 0, 0, 0, 0, 0, 0, 0, 0, 0, 0, 0, 0, 0, 0, 0, 0, 0, 0, 0, 0, 0, 0, 0, 0, 0, 0, 0, 0, 0, 0, 0, 0, 0, 0, 0, 0, 0, 0, 0, 0, 0, 0, 0, 0, 0, 0, 0, 0, 0, 0, 0, 0, 0, 0, 0, 0, 0, 0, 0, 0, 0, 0, 0, 0, 0, 0, 0, 0, 0, 0, 0, 0, 0, 0, 0, 0, 0, 0, 0, 0, 0, 0, 0, 0, 0, 0, 0, 0, 0, 0, 0, 0, 0, 0, 0, 0, 0, 0, 0, 0, 0, 0, 0, 0, 0, 0, 0, 0, 0, 0, 0, 0, 0, 0, 0, 0, 0, 0, 0, 0, 0, 0, 0, 0, 0, 0, 0, 0, 0, 0, 0, 0, 0, 0, 0, 0, 0, 0, 0, 0, 0, 0, 0, 0, 0, 0, 0, 0, 0, 0, 0, 0, 0, 0, 0, 0, 0, 0, 0, 0, 0, 0, 0, 0, 0, 0, 0, 0, 0, 0, 0, 0, 0, 0, 0, 0, 0, 0, 0, 0, 0, 0, 0, 0, 0, 0, 0, 0, 0, 0, 0, 0, 0, 0, 0, 0, 0, 0, 0, 0, 0, 0, 0, 0, 0, 0, 0, 0, 0, 0, 0, 0, 0, 0, 0, 0, 0, 0, 0, 0, 0, 0, 0, 0, 0, 0, 0, 0, 0, 0, 0, 0, 0, 0, 0, 0, 0, 0, 0, 0, 0, 0, 0, 0, 0, 0, 0, 0, 0, 0, 0, 0, 0, 0, 0, 0, 0, 0, 0, 0, 0, 0, 0, 0, 0, 0, 0, 0, 0, 0, 0, 0, 0, 0, 0, 0, 0, 0, 0, 0, 0, 0, 0, 0, 0, 0, 0, 0, 0, 0, 0, 0, 0, 0, 0, 0, 0, 0, 0, 0, 0, 0, 0, 0, 0, 0, 0, 0, 0, 0, 0, 0, 0, 0, 0, 0, 0, 0, 0, 0, 0, 0, 0, 0, 0, 0, 0, 0, 0, 0, 0, 0, 0, 0, 0, 0, 0, 0, 0, 0, 0, 0, 0, 0, 0, 3, 5, 8, 6, 12, 1, 0, 4, 1, 0, 2, 2, 12, 9, 12, 3, 3, 2, 3, 0, 4, 6, 0, 0, 0, 0, 1, 4, 1, 0, 0, 0, 0, 0, 1, 0, 0, 1, 0, 2, 0, 0, 0, 0, 0, 0, 0, 0, 0, 0, 0, 1, 1, 1, 0, 0, 0, 0, 0, 0, 0, 0, 0, 0, 0, 0, 0, 0, 0, 0, 0, 0, 0, 0, 0, 0, 0, 0, 0, 0, 0, 1, 0, 0, 0, 0, 0, 0, 0, 0, 1, 0, 0, 0, 0, 0, 0, 0, 0, 0, 0, 0, 0, 0, 1, 0, 0, 0, 0, 0, 0, 0, 0, 0, 0, 0, 0, 0, 0, 0, 0, 0, 0, 0, 0, 0, 0, 0, 0, 0, 0, 0, 0, 0, 0, 0, 0, 0, 0, 0, 0, 0, 0, 0, 0, 0, 0, 0, 0, 0, 0, 0, 0, 0, 0, 1, 0, 0, 0, 0, 0, 0, 0, 0, 0, 0, 0, 0, 0, 0, 0, 0, 0, 0, 0, 0, 0, 0, 0, 0, 0, 0, 0, 0, 0, 0, 0, 0, 0, 0, 0, 0, 0, 0, 0, 0, 0, 0, 0, 0, 0, 0, 0, 0, 0, 0, 0, 0, 0, 0, 0, 0, 0, 0, 0, 0, 0, 0, 0, 0, 0, 0, 0, 0, 0, 0, 0, 0, 1, 0, 0, 0, 0, 0, 0, 0, 0, 0, 0, 0, 0, 0, 0, 0, 0, 0, 0, 0, 0, 0, 0, 0, 0, 0, 0, 0, 0, 0, 0, 0, 0, 0, 0, 0, 0, 0, 0, 0, 0, 0, 0, 0, 0, 0, 0, 0, 0, 0, 0, 0, 0, 0, 0, 0, 0, 0, 0, 0, 0, 0, 0, 0, 0, 0, 0, 0, 0, 0, 0, 0, 0, 0, 0, 0, 0, 0, 0, 0, 0, 0, 0, 0, 0, 0, 0, 0, 0, 0, 0, 0, 0, 0, 0, 0, 0, 0, 0, 0, 0, 0, 0, 0, 0, 0, 0, 0, 0, 0, 0, 0, 0, 0, 0, 0, 0, 0, 0, 0, 0, 0, 0, 0]"
小伙工地干活一年换一部手机_最终事件描述,"**事件总描述：**  
“小伙工地干活一年换一部手机”事件始于三星手机自燃的个案，舆论初期聚焦品牌质量与售后问题，大量用户重提三星“爆炸史”，对比国产手机服务优势，形成品牌信任危机。随后讨论迅速分化：一方面，争议转向小伙的消费选择，支持“劳动所得自由支配”的声音与质疑“收入与消费不匹配”的观点激烈碰撞，同时工地收入水平（如“月入过万”）成为新焦点，部分反驳职业偏见；另一方面，事件本质逐渐从个体行为转向对三星安全责任的追问，折叠屏技术风险、原装配件使用等细节被热议，舆论呼吁厂商回应。后期，华为、小米等国产品牌被频繁推荐，媒体因转移焦点（从安全问题到收入争议）遭批评。整体上，事件从调侃消费习惯演变为对劳动者权益的声援与品牌责任的集体审视，情绪从两极分化趋于理性批判，最终形成“支持消费自由+谴责三星缺陷”的共识。（199字）",0,"[1, 2, 0, 2, 0, 1, 0, 0, 0, 0, 0, 1, 2, 0, 1, 0, 6, 6, 16, 1, 0, 1, 3, 3, 1, 1, 1, 1, 0, 0, 0, 0, 0, 0, 0, 0, 2, 0, 0, 0, 0, 1, 0, 1, 0, 0, 0, 1, 0, 0, 0, 0, 0, 0, 0, 0, 0, 0, 0, 0, 0, 0, 1, 0, 0, 0, 1, 0, 0, 0, 0, 0, 0, 0, 0, 0, 0, 0, 0, 0, 0, 0, 0, 1, 0, 0, 0, 0, 0, 0, 0, 0, 0, 0, 0, 0, 0, 0, 0, 0, 0, 0, 0, 0, 0, 0, 0, 0, 0, 0, 0, 0, 0, 0, 0, 0, 0, 0, 0, 0, 0, 0, 0, 0, 0, 0, 0, 0, 0, 0, 0, 0, 0, 0, 0, 0, 0, 0, 0, 0, 0, 0, 0, 0, 0, 0, 0, 0, 0, 0, 0, 0, 0, 0, 0, 0, 0, 0, 0, 0, 0, 0, 0, 0, 0, 0, 0, 0, 0, 0, 0, 0, 0, 0, 0, 0, 0, 0, 0, 0, 0, 0, 0, 0, 0, 0, 0, 0, 0, 0, 0, 0, 0, 0, 0, 0, 0, 0, 0, 0, 0, 0, 0, 0, 0, 0, 0, 0, 0, 0, 0, 0, 0, 0, 0, 0, 0, 0, 0, 0, 0, 0, 0, 0, 0, 0, 0, 0, 0, 0, 0, 0, 0, 0, 0, 0, 0, 0, 0, 0, 0, 0, 0, 0, 0, 0, 0, 0, 0, 0, 0, 0, 0, 0, 0, 0, 0, 0, 0, 0, 0, 0, 0, 0, 0, 0, 0, 0, 0, 0, 0, 0, 0, 0, 0, 0, 0, 0, 0, 0, 0, 0, 0, 0, 0, 0, 0, 0, 0, 0, 0, 0, 0, 0, 0, 0, 0, 0, 0, 0, 0, 0, 0, 0, 0, 0, 0, 0, 0, 0, 0, 0, 0, 0, 0, 0, 0, 0, 0, 0, 0, 0, 0, 0, 0, 0, 0, 0, 0, 0, 0, 0, 0, 0, 0, 0, 0, 0, 0, 0, 0, 0, 0, 0, 0, 0, 0, 0, 0, 0, 0, 0, 0, 0, 0, 0, 0, 0, 0, 0, 0, 0, 0, 0, 0, 0, 0, 0, 0, 0, 0, 0, 0, 0, 0, 0, 0, 0, 0, 0, 0, 0, 0, 0, 0, 0, 0, 0, 0, 0, 0, 0, 0, 0, 0, 0, 0, 0, 0, 0, 0, 0, 0, 0, 0, 0, 0, 0, 0, 0, 0, 0, 0, 0, 0, 0, 0, 0, 0, 0, 0, 0, 0, 0, 0, 0, 0, 0, 0, 0, 0, 0, 0, 0, 0, 0, 0, 0, 0, 0, 0, 0, 0, 0, 0, 0]"
殷世航自曝被梦女骚扰_最终事件描述,殷世航自曝被梦女骚扰事件的发展呈现明显的阶段性演变。初期（1-655小时），舆论聚焦“梦女”群体的极端行为（如骚扰、幻想代入），引发对性别议题、饭圈文化及未成年人保护的广泛讨论，情绪从猎奇逐渐转向严肃反思。中期（656-666小时），事件衍生出对泰国追星女安全危机的关注，舆论重心转向失踪人员信息扩散与跨国互助，形成“生命至上”的集体焦虑。后期（667-669小时），讨论进一步分化：一方面，殷世航相关话题持续发酵，涉及外貌争议、过往黑历史及对网红粉丝文化的批判；另一方面，泰国安全事件热度反超，社群自发救援成为主导，原事件热度被稀释。整体来看，事件从个体爆料逐步升级为社会议题的串联，反映出网络舆论对公共安全问题的敏感性与饭圈文化的复杂性交织。,0,"[0, 1, 0, 0, 0, 0, 0, 0, 0, 0, 0, 0, 0, 0, 0, 0, 0, 1, 0, 0, 0, 0, 0, 0, 0, 0, 0, 0, 1, 0, 0, 0, 0, 0, 0, 0, 0, 0, 0, 0, 0, 0, 0, 0, 0, 0, 0, 0, 0, 0, 0, 0, 0, 0, 0, 0, 0, 0, 0, 0, 0, 0, 0, 0, 0, 0, 0, 0, 0, 0, 0, 0, 0, 0, 0, 0, 0, 0, 0, 0, 0, 0, 0, 0, 0, 0, 0, 0, 0, 0, 0, 0, 0, 0, 0, 0, 0, 0, 0, 0, 0, 0, 1, 0, 0, 0, 0, 0, 0, 0, 0, 0, 0, 0, 0, 0, 0, 0, 0, 0, 0, 0, 0, 0, 0, 0, 0, 0, 0, 0, 0, 2, 0, 0, 0, 0, 0, 0, 1, 0, 0, 1, 1, 0, 0, 0, 0, 0, 0, 0, 0, 0, 0, 0, 0, 0, 0, 0, 0, 0, 0, 0, 0, 0, 0, 0, 0, 0, 1, 0, 0, 0, 0, 0, 0, 0, 0, 0, 0, 0, 0, 0, 0, 1, 0, 0, 0, 0, 0, 0, 0, 0, 0, 0, 0, 0, 0, 0, 0, 0, 0, 0, 0, 0, 1, 0, 0, 0, 0, 1, 0, 0, 1, 0, 2, 0, 0, 1, 0, 1, 0, 0, 0, 0, 0, 0, 0, 0, 0, 0, 0, 0, 0, 0, 0, 0, 0, 0, 0, 0, 0, 1, 0, 1, 0, 0, 0, 0, 0, 0, 0, 0, 0, 0, 0, 0, 0, 0, 0, 0, 0, 1, 0, 0, 0, 0, 0, 0, 0, 0, 0, 1, 0, 1, 0, 0, 0, 0, 0, 0, 0, 0, 1, 0, 0, 0, 0, 0, 1, 0, 0, 0, 0, 0, 0, 0, 0, 0, 0, 0, 0, 0, 0, 0, 0, 0, 0, 0, 0, 0, 0, 0, 0, 0, 0, 0, 1, 0, 0, 0, 0, 1, 0, 0, 0, 1, 0, 0, 0, 0, 1, 0, 0, 0, 0, 0, 0, 0, 0, 0, 0, 0, 0, 0, 0, 0, 0, 0, 0, 0, 0, 0, 0, 0, 0, 0, 0, 0, 0, 0, 0, 0, 0, 0, 0, 0, 0, 0, 0, 0, 0, 0, 1, 0, 0, 0, 0, 0, 0, 0, 0, 0, 0, 0, 0, 0, 0, 0, 0, 0, 1, 0, 0, 2, 0, 0, 0, 0, 1, 0, 0, 0, 0, 0, 1, 0, 0, 0, 0, 0, 0, 0, 0, 0, 1, 0, 0, 0, 0, 0, 0, 0, 0, 0, 0, 0, 0, 0, 0, 2, 0, 0, 0, 0, 0, 0, 0, 0, 0, 0, 2, 0, 0, 0, 1, 0, 0, 1, 0, 0, 0, 0, 0, 0, 0, 0, 0, 0, 1, 0, 0, 0, 3, 3, 1, 0, 0, 0, 0, 0, 0, 0, 1, 1, 0, 0, 0, 0, 1, 0, 0, 0, 0, 0, 0, 0, 0, 0, 0, 0, 1, 0, 0, 0, 0, 0, 0, 0, 0, 0, 0, 0, 0, 0, 0, 0, 0, 0, 0, 0, 1, 1, 0, 0, 0, 0, 1, 0, 0, 0, 0, 0, 0, 2, 0, 0, 0, 0, 0, 0, 0, 0, 0, 0, 1, 2, 2, 1, 0, 0, 0, 0, 0, 0, 0, 0, 1, 4, 2, 3, 4, 0, 0, 0, 0, 1, 0, 0, 0, 0, 0, 1, 0, 0, 0, 0, 0, 0, 0, 0, 0, 0, 0, 0, 0, 0, 0, 0, 0, 0, 3, 3, 1, 1, 0, 3, 0, 0, 1, 0, 1, 0, 1, 0, 3, 0, 0, 2, 3, 2, 1, 0, 0, 0, 1, 0, 1, 2, 3, 2, 0, 0, 1, 0, 0, 0, 0, 0, 3, 0, 0, 2, 0, 0, 0, 0, 0, 1, 2, 0, 0, 0, 0, 0, 0, 0, 0, 0, 0, 0, 0, 0, 0, 0, 1, 1, 1, 0, 4, 3, 2, 5, 0, 0, 2, 4, 4, 2, 5, 4, 3, 1, 0, 1, 0, 6, 6, 16, 14, 4]"
国庆是中国人的浪漫_最终事件描述,"“国庆是中国人的浪漫”事件以科技与爱国主题拉开序幕，初期聚焦“鸿蒙智行”活动，随后迅速转向全民参与的爱国情感表达。广西南宁成为核心焦点，其民族广场升旗仪式因规模宏大、民众冒雨通宵守候的壮观场景引发全国热议，形成“北有北京，南有南宁”的地域共鸣。事件呈现三阶段演变：  
1. **情感爆发期**（第1-136小时）：科技与爱国结合，网友互动礼貌积极；  
2. **高潮聚焦期**（137-170小时）：广西活动引爆网络，爱国热情与地域自豪感交织，雨中坚守、万人合唱等细节催生集体感动，同时衍生如厕难、垃圾问题等现实争议；  
3. **多元扩散期**（171-648小时）：明星粉丝文化（如张云雷）与爱国主题并行，科技文旅宣传回归，整体情绪保持高涨但渐趋平和。  
事件凸显国庆作为民族认同载体的强大凝聚力，展现自发参与与组织活动的动态平衡，最终形成科技、地域、文化多维交织的“浪漫”叙事。",0,"[0, 0, 0, 0, 0, 0, 0, 0, 0, 0, 0, 0, 0, 0, 0, 0, 0, 0, 0, 0, 0, 0, 0, 0, 0, 0, 0, 0, 0, 0, 0, 0, 0, 0, 0, 0, 0, 0, 0, 0, 0, 0, 0, 0, 0, 0, 0, 0, 0, 0, 0, 0, 0, 0, 0, 0, 0, 0, 0, 0, 0, 0, 0, 0, 0, 0, 0, 0, 0, 0, 0, 0, 0, 0, 0, 0, 0, 0, 0, 0, 0, 0, 0, 0, 0, 0, 0, 0, 0, 0, 0, 0, 0, 0, 0, 0, 0, 0, 0, 0, 0, 0, 0, 0, 0, 0, 0, 0, 0, 0, 0, 0, 0, 0, 0, 0, 0, 0, 0, 0, 0, 0, 1, 0, 0, 0, 1, 0, 1, 0, 0, 0, 0, 0, 0, 0, 0, 8, 1, 1, 8, 22, 5, 4, 18, 25, 19, 19, 21, 18, 14, 7, 10, 9, 6, 6, 5, 1, 2, 2, 1, 4, 7, 6, 3, 3, 3, 1, 1, 3, 2, 2, 5, 4, 4, 5, 1, 0, 1, 1, 0, 1, 0, 0, 6, 1, 5, 2, 6, 0, 0, 0, 0, 0, 0, 1, 0, 0, 0, 0, 0, 0, 0, 0, 0, 0, 0, 0, 0, 0, 0, 0, 0, 0, 0, 0, 0, 0, 0, 0, 0, 0, 0, 0, 0, 0, 0, 0, 0, 0, 0, 0, 0, 0, 0, 0, 0, 0, 0, 0, 0, 0, 0, 0, 0, 0, 0, 0, 0, 0, 0, 0, 0, 0, 0, 0, 0, 0, 0, 0, 0, 0, 0, 0, 0, 0, 0, 0, 0, 0, 0, 0, 0, 0, 0, 0, 0, 0, 0, 0, 0, 0, 0, 0, 0, 0, 0, 0, 0, 0, 0, 0, 0, 0, 0, 0, 0, 0, 0, 0, 0, 0, 0, 0, 0, 0, 0, 0, 0, 0, 0, 0, 0, 0, 0, 0, 0, 0, 0, 0, 0, 0, 0, 0, 0, 0, 0, 0, 0, 0, 0, 0, 0, 0, 0, 0, 0, 0, 0, 0, 0, 0, 0, 0, 0, 0, 0, 0, 0, 0, 0, 0, 0, 0, 0, 0, 0, 0, 0, 0, 0, 0, 0, 0, 0, 0, 0, 0, 0, 0, 0, 0, 0, 0, 0, 0, 0, 0, 0, 0, 0, 0, 0, 0, 0, 0, 0, 0, 0, 0, 0, 0, 0, 0, 0, 0, 0, 0, 0, 0, 0, 0, 0, 0, 0, 0, 0, 0, 0, 0, 0, 0, 0, 0, 0, 0, 0, 0, 0, 0, 0, 0, 0, 0, 0, 0, 0, 0, 0, 0, 0, 0, 0, 0, 0, 0, 0, 0, 0, 0, 0, 0, 0, 0, 0, 0, 0, 0, 0, 0, 0, 0, 0, 0, 0, 0, 0, 0, 0, 0, 0, 0, 0, 0, 0, 0, 0, 0, 0, 0, 0, 0, 0, 0, 0, 0, 0, 0, 0, 0, 0, 0, 0, 0, 0, 0, 0, 0, 0, 0, 0, 0, 0, 0, 0, 0, 0, 0, 0, 0, 0, 0, 0, 0, 0, 0, 0, 0, 0, 0, 0, 0, 0, 0, 0, 0, 0, 0, 0, 0, 0, 0, 0, 0, 0, 0, 0, 0, 0, 0, 0, 0, 0, 0, 0, 0, 0, 0, 0, 0, 0, 0, 0, 0, 0, 0, 0, 0, 0, 0, 0, 0, 0, 0, 0, 0, 0, 0, 0, 0, 0, 0, 0, 0, 0, 0, 0, 0, 0, 0, 0, 0, 0, 0, 0, 0, 0, 0, 0, 0, 0, 0, 0, 0, 0, 0, 0, 0, 0, 0, 0, 0, 0, 0, 0, 0, 0, 0, 0, 0, 0, 0, 0, 0, 0, 0, 0, 0, 0, 0, 0, 0, 0, 0, 0, 0, 0, 0, 0, 0, 0, 0, 0, 0, 0, 0, 0, 0, 0, 0, 0, 0, 0, 0, 0, 0, 0, 0, 0, 0, 0, 0, 0, 0, 0, 0, 0, 0, 0]"
成也詹姆斯败也詹姆斯_最终事件描述,"**“成也詹姆斯败也詹姆斯”事件总描述**  
该事件因詹姆斯在比赛末节连续致命失误（漏防、发球被断）导致湖人被绝杀而爆发，舆论迅速呈现极端对立。初期（1-3小时），批评声占据主流，聚焦其状态低迷与防守懈怠，嘲讽梗（如“送母猩时刻”）蔓延；中期（4-6小时），争议升级为两极化拉锯，支持者以年龄、体力为由辩护，反对者则翻旧账质疑其关键球能力，饭圈骂战激化。后期（7-12小时），讨论从赛场表现扩散至历史地位、球迷文化批判，理性声音试图调和但收效甚微。整体趋势显示：事件从单场失利的技术争议，逐步演变为围绕球星责任、粉丝生态及NBA舆论环境的综合性冲突，负面情绪主导全程，反映出公众对巨星高标准审视与饭圈对立的深层矛盾。",1,"[70, 106, 125, 67, 62, 36, 38, 28, 23, 22, 16, 13, 1]"
上海有二手房涨价百万_最终事件描述,上海二手房涨价百万事件发酵过程中，舆论呈现持续分化与动态演变。初期（1-14小时），市场对政策刺激的短期炒作持怀疑态度，调侃“有价无市”并对比股市分流；中期（15-40小时）争议加剧，部分观点鼓吹政策利好或通胀预期，但更多声音质疑供需失衡（人口下降、收入疲软）及中介炒作，情绪转向理性悲观，“谁在接盘”成为核心矛盾。后期（41-115小时），尽管中介渲染局部“抢购潮”，但舆论普遍揭露成交低迷、挂牌虚高等现象，对“涨价去库存”策略的抵触深化，市场真实性遭广泛质疑。整体呈现“政策刺激—短暂炒作—理性回落”的脉络，民众对房地产信心持续走低，观望情绪主导，反映出经济基本面与短期价格波动的深刻脱节。（198字）,0,"[0, 0, 0, 0, 0, 0, 0, 0, 0, 0, 0, 0, 0, 0, 1, 2, 2, 2, 0, 1, 0, 2, 5, 1, 1, 0, 0, 1, 0, 2, 2, 1, 1, 2, 3, 7, 9, 4, 4, 5, 4, 3, 0, 0, 0, 2, 0, 0, 1, 1, 0, 0, 0, 0, 0, 0, 0, 0, 0, 0, 0, 1, 0, 1, 0, 0, 0, 1, 0, 0, 1, 0, 0, 0, 0, 0, 0, 0, 0, 0, 0, 0, 1, 0, 0, 0, 0, 0, 0, 0, 0, 0, 0, 2, 0, 0, 0, 0, 0, 1, 0, 0, 0, 3, 4, 5, 1, 0, 0, 0, 0, 0, 0, 0, 1, 0]"
美国群聊泄密事件持续发酵_最终事件描述,"**美国群聊泄密事件持续发酵事件总描述**  

该事件始于敏感军事信息通过普通群聊平台意外泄露，初期舆论聚焦泄密内容的矛盾性（如对华或也门作战计划版本混乱）、军方管理漏洞及军工复合体嫌疑，引发震惊与讽刺。随后，讨论迅速转向对事件真实性的质疑，多数观点认为可能是美方“故意泄密”以实现战略威慑或迷惑对手，高频词“草台班子”“演”凸显对美方专业性的嘲讽。随着时间推移，舆论呈现两极分化：一方面，戏谑化解读主导，网民以表情包、玩梗（如“修真聊天群现实版”）消解事件严肃性，调侃泄密方式的荒诞性；另一方面，少数声音质疑安全漏洞、政治动机及国际信任危机，但被娱乐化浪潮稀释。中期，特朗普等政治人物成为焦点，其回应进一步激化嘲讽情绪，而央视等官方报道佐证事件真实性后，衍生出对中美情报透明度、加密技术等的对比讨论。后期，舆论持续发酵但深度分析不足，事件逐渐演变为网络迷因，公众更关注其戏剧性而非实质影响，反映出对美国政府公信力及信息管理能力的普遍不信任。整体趋势从初期震惊转向娱乐化解构，隐含对国际政治博弈的深层忧虑。（199字）",1,"[3, 4, 6, 1, 1, 2, 2, 1, 0, 0, 1, 1, 1, 0, 2, 0, 0, 0, 0, 0, 3, 1, 4, 3, 0, 5, 4, 3, 10, 8, 15, 9, 18, 21, 22, 16, 17, 9, 5, 1, 1, 1, 0, 1, 1, 11, 16, 9, 12, 12, 14, 13, 6, 15, 8, 8, 4, 53, 18, 10, 9, 11, 4, 3, 1, 3, 0, 1, 1, 8, 5, 8, 6, 4, 12, 4, 6, 3, 6, 6, 12, 7, 5, 7, 7, 9, 2, 4, 0, 1, 1, 2, 1, 0, 1, 5, 10, 2, 7, 15, 1, 7, 4, 5, 3, 6, 11, 9, 5, 13, 4, 2, 1, 2, 1, 0, 1, 2, 6, 22, 19, 8, 19, 19, 12, 7, 4, 3]"
朋友圈已经失去活人感了_最终事件描述,"**事件总描述：**  
“朋友圈已经失去活人感了”事件在18小时内呈现明显的情绪演变与舆论分化。初期（1-15小时），用户通过怀旧共鸣（如童年趣事自嘲）短暂营造集体幽默氛围，但迅速转向对朋友圈商业化、虚假社交的批判，互动意愿骤降。中期（16-17小时），舆论两极分化加剧：**自由表达派**（60%）主张“想发就发”，强调个人记录功能；**消极回避派**（40%）则因社交压力、隐私风险选择停更或关闭功能，情绪以嘲讽、疲惫为主。后期（18小时），争议聚焦于平台工具化与社交表演的矛盾，部分用户迁移至微博、小红书等平台，整体情绪从无奈滑向对“真实感”的集体怀念。事件全程凸显了朋友圈在功能性记录与社交表演之间的撕裂，以及用户对“人味”流失的焦虑。",0,"[2, 0, 0, 0, 0, 0, 0, 0, 0, 0, 0, 0, 0, 0, 0, 0, 1, 2, 0]"
儿子给腰突父亲买40小时硬座_最终事件描述,该事件在15小时内经历了从单一批评到多元争议的演变。初期（1-5小时），舆论一边倒谴责儿子“省钱不顾父亲健康”，结合腰突患者经历强调硬座危害，情绪以愤怒和反讽（如“孝死了”）为主。中期（6-10小时），讨论逐渐分化：多数持续质疑儿子动机（“抠门/无知”），部分转向事件真实性（如车次合理性）和代际关系批判（“养儿防老”反讽），少量理性声音被淹没。后期（11-15小时），争议焦点扩展至经济能力与孝心的关联性，出现“性别双标”“医疗误解”等衍生话题，但核心仍围绕儿子决策的合理性。整体呈现从具体行为批判到社会观念反思的升级，负面情绪（愤怒、讽刺）贯穿始终，真相质疑和黑色幽默（如“孝出强大”）成为后期显著特征。,1,"[0, 2, 2, 2, 2, 20, 58, 32, 28, 12, 12, 20, 16, 10, 25]"
男子偷拍_最终事件描述,男子偷拍事件引发持续十余天的舆论风暴，核心争议始终围绕“5年偷拍7.5万条视频仅判1年”的量刑失衡问题。事件初期（1-67小时），超八成民众愤怒质疑判罚过轻，认为犯罪成本低将助长偷拍行为，情绪以“严惩不贷”等愤怒表达为主。中期（68-76小时）舆情升级，公众通过对比“韩国N号房”“写黄文判10年”等案例，强烈质疑司法公正性，“变相鼓励犯罪”“法律滞后”成为高频批判标签，部分极端言论甚至提出物理阉割建议。后期（77-354小时）讨论延伸至系统性性别议题，85%评论持续抨击量刑与犯罪规模不匹配，司法威慑力遭全面质疑。整体呈现从个案愤怒到对法律体系不信任的演变，反映出公众对隐私保护与性别平等的深层焦虑。,0,"[0, 0, 0, 0, 0, 0, 0, 0, 0, 0, 0, 0, 0, 0, 0, 1, 0, 0, 0, 0, 0, 0, 0, 0, 0, 0, 0, 0, 0, 0, 0, 0, 0, 0, 0, 0, 0, 0, 0, 0, 0, 0, 0, 0, 0, 0, 0, 0, 0, 0, 0, 0, 0, 0, 0, 0, 0, 0, 0, 0, 0, 0, 0, 0, 0, 0, 0, 1, 27, 14, 16, 41, 11, 10, 9, 4, 7, 3, 16, 7, 4, 0, 0, 1, 0, 1, 1, 5, 5, 1, 4, 1, 4, 4, 5, 2, 5, 1, 1, 4, 2, 2, 7, 2, 2, 3, 0, 1, 0, 1, 1, 0, 1, 1, 2, 1, 1, 2, 2, 0, 0, 0, 1, 2, 1, 0, 0, 0, 0, 0, 0, 0, 0, 0, 0, 1, 0, 0, 0, 0, 0, 0, 0, 0, 0, 0, 0, 0, 0, 0, 0, 0, 0, 0, 0, 1, 0, 0, 1, 0, 0, 0, 0, 0, 0, 0, 0, 0, 0, 0, 0, 0, 0, 0, 0, 0, 0, 0, 0, 0, 0, 0, 0, 0, 0, 0, 0, 0, 0, 0, 0, 0, 0, 0, 0, 0, 0, 0, 0, 0, 0, 0, 0, 0, 0, 0, 0, 0, 0, 0, 0, 0, 0, 0, 0, 0, 0, 0, 0, 0, 1, 0, 0, 0, 0, 0, 1, 0, 0, 0, 0, 0, 0, 0, 0, 0, 0, 0, 0, 0, 0, 0, 0, 0, 0, 0, 0, 0, 0, 0, 0, 0, 0, 0, 0, 0, 0, 0, 0, 0, 0, 0, 0, 0, 0, 0, 0, 0, 0, 0, 0, 0, 0, 0, 0, 0, 0, 0, 0, 0, 0, 0, 0, 0, 0, 0, 0, 0, 0, 0, 0, 0, 0, 0, 0, 0, 0, 0, 0, 0, 0, 0, 0, 0, 0, 0, 0, 0, 0, 0, 0, 0, 0, 0, 0, 0, 0, 0, 0, 0, 0, 0, 0, 0, 0, 0, 0, 0, 0, 0, 0, 0, 0, 0, 0, 0, 0, 0, 0, 0, 0, 0, 0, 0, 0, 0, 0, 0, 0, 0, 0, 0, 0, 0, 0]"
酒店前台违规办房卡致女子被侵犯_最终事件描述,酒店前台违规办房卡致女子被侵犯事件在28小时内迅速发酵，舆论呈现爆发式升级。初期（1-5小时）媒体关注度快速上升，但公众讨论尚未全面展开。随着细节披露（6-9小时），舆论焦点从单一刑事件转向对酒店行业安全责任的集体追问，公众愤怒集中于三点：前台两次违规办卡的核心责任、酒店反诉受害者的二次伤害，以及施暴者身份细节。情绪以愤怒和恐惧为主，"避雷""倒闭"等抵制口号高频出现。中期（10-28小时）呈现三大趋势：强烈谴责酒店管理漏洞并要求整改赔偿；广泛声援受害者，质疑酒店公关诚意；安全焦虑蔓延，引发对行业规范的讨论。官方虽道歉但被指敷衍，维权与整改成为核心诉求，事件演变为对女性安全与酒店责任的全民追问。,0,"[0, 0, 0, 0, 3, 32, 13, 17, 17, 20, 6, 4, 7, 1, 1, 1, 0, 0, 0, 0, 0, 2, 1, 3, 0, 1, 1, 0, 1]"
刘耕宏谈流量焦虑_最终事件描述,刘畊宏谈流量焦虑事件在24小时内呈现从共情支持到理性分化的演变趋势。初期（1-17小时），舆论以正向为主，多数网友对其心理压力表示理解，赞赏其超脱流量、追求真实价值的清醒态度，仅少数负面声音夹杂地域调侃。18小时后，评论逐渐两极分化：超80%的公众持续肯定其“豁达格局”和“正能量”形象，将其乐观心态视为行业标杆；约30%的质疑声则指向“疫情红利消退”“商业化过急”（如旅游套餐争议）及直播间细节矛盾。后期（20-23小时），讨论更趋理性，支持者强调其经济无忧与健身内容价值，批评者聚焦专业性质疑及过往争议，但核心议题始终围绕“心态”展开。整体上，事件强化了刘畊宏“心态榜样”的公众形象，同时暴露流量时代下公众人物面临的信任与商业化平衡难题。（198字）,0,"[0, 1, 0, 0, 0, 0, 0, 0, 1, 0, 0, 0, 0, 0, 0, 0, 0, 0, 11, 5, 3, 3, 1]"
雪莉哥哥发ins_最终事件描述,"**雪莉哥哥发ins事件总述**  
该事件始于其兄发布争议性内容，舆论初期以玩梗调侃为主，中期转向对雪莉的怀念，后期逐渐演变为对原生家庭、娱乐圈黑幕的严肃讨论。随着时间推移（9061小时后），焦点急剧转向金秀贤，大量指控将其与雪莉、具荷拉等女星的非正常死亡关联，质疑其涉及性剥削、资本操控等罪行，引发愤怒与追责声浪。事件呈现两极化：一方谴责家属消费逝者（如遗产纠纷动机），另一方则认为爆料可能揭露隐情。讨论逐渐脱离个体争议，升级为对韩国财阀体系、娱乐圈结构性压迫的批判。整体趋势显示，公众情绪从轻浮转向激愤，真相诉求与阴谋论交织，反映出对韩娱生态的深层不信任，最终形成缅怀逝者与声讨黑暗并存的复杂局面。（198字）",1,"[0, 0, 0, 0, 0, 0, 0, 0, 0, 1, 0, 1, 1, 0, 0, 0, 0, 0, 0, 0, 0, 0, 0, 1, 0, 0, 0, 0, 0, 0, 0, 0, 0, 0, 1, 0, 0, 0, 0, 0, 0, 0, 0, 0, 0, 0, 0, 0, 0, 0, 0, 0, 0, 0, 0, 0, 0, 1, 0, 0, 0, 0, 0, 0, 0, 0, 0, 0, 0, 0, 0, 0, 0, 0, 0, 0, 0, 0, 0, 0, 0, 0, 0, 0, 0, 0, 0, 0, 0, 0, 0, 0, 0, 0, 0, 0, 0, 0, 0, 0, 0, 0, 0, 0, 0, 0, 0, 0, 0, 0, 0, 0, 0, 0, 0, 0, 0, 0, 0, 0, 0, 0, 0, 0, 0, 0, 0, 0, 0, 0, 0, 0, 0, 0, 0, 0, 0, 0, 0, 0, 0, 0, 0, 0, 0, 0, 0, 0, 0, 0, 0, 0, 0, 0, 0, 0, 0, 0, 0, 0, 0, 0, 0, 0, 0, 0, 0, 0, 0, 0, 0, 0, 0, 0, 0, 0, 0, 0, 0, 0, 0, 0, 0, 0, 0, 0, 0, 0, 0, 0, 0, 0, 0, 0, 0, 0, 0, 0, 0, 0, 0, 0, 0, 0, 0, 0, 0, 0, 0, 0, 0, 0, 0, 0, 0, 0, 0, 0, 0, 0, 0, 0, 0, 0, 0, 0, 0, 0, 0, 0, 0, 0, 0, 0, 0, 0, 0, 0, 0, 0, 0, 0, 0, 0, 0, 0, 0, 0, 0, 0, 0, 0, 0, 0, 0, 0, 0, 0, 0, 0, 0, 0, 0, 0, 0, 0, 0, 0, 0, 0, 0, 0, 0, 0, 0, 0, 0, 0, 0, 0, 0, 0, 0, 0, 0, 0, 0, 0, 0, 0, 0, 0, 0, 0, 0, 0, 0, 0, 0, 0, 0, 0, 0, 0, 0, 0, 0, 0, 0, 0, 0, 0, 0, 0, 0, 0, 0, 0, 0, 0, 0, 0, 0, 0, 0, 0, 0, 0, 0, 0, 0, 0, 0, 0, 0, 0, 0, 0, 0, 0, 0, 0, 0, 0, 0, 0, 0, 0, 0, 0, 0, 0, 0, 0, 0, 0, 0, 0, 0, 0, 0, 0, 0, 0, 0, 0, 0, 0, 0, 1, 0, 0, 0, 0, 0, 0, 0, 0, 0, 0, 0, 0, 0, 0, 0, 0, 0, 0, 0, 0, 0, 0, 0, 0, 0, 0, 0, 0, 0, 0, 0, 0, 0, 0, 0, 0, 0, 0, 0, 0, 0, 0, 0, 0, 0, 0, 0, 0, 0, 0, 0, 0, 0, 0, 0, 0, 0, 0, 0, 0, 0, 0, 0, 0, 0, 0, 0, 0, 0, 0, 0, 0, 0, 0, 0, 0, 0, 0, 0, 0, 0, 0, 0, 0, 0, 0, 0, 0, 0, 0, 0, 0, 0, 0, 0, 0, 0, 0, 0, 0, 0, 0, 0, 0, 0, 0, 0, 0, 0, 0, 0, 0, 0, 0, 0, 0, 0, 0, 0, 0, 0, 0, 0, 0, 0, 0, 0, 0, 0, 0, 0, 0, 0, 0, 0, 0, 0, 0, 0, 0, 0, 0, 0, 0, 0, 0, 0, 0, 0, 0, 0, 0, 0, 0, 0, 0, 0, 0, 0, 0, 0, 0, 0, 0, 0, 0, 0, 0, 0, 0, 0, 0, 0, 0, 0, 0, 0, 0, 0, 0, 0, 0, 0, 0, 0, 0, 0, 0, 0, 0, 0, 0, 0, 0, 0, 0, 0, 0, 0, 0, 0, 0, 0, 0, 0, 0, 0, 0, 0, 0, 0, 0, 0, 0, 0, 0, 0, 0, 0, 0, 0, 0, 0, 0, 0, 0, 0, 0, 0, 0, 0, 0, 0, 0, 0, 0, 0, 0, 0, 0, 0, 0, 0, 0, 0, 0, 0, 0, 0, 0, 0, 0, 0, 0, 0, 0, 0, 0, 0, 0, 0, 0, 0, 0, 0, 0, 0, 0, 0, 0, 0, 0, 0, 0, 0, 0, 0, 0, 0, 0, 0, 0, 0, 0, 0, 0, 0, 0, 0, 0, 0, 0, 0, 0, 0, 0, 0, 0, 0, 0, 0, 0, 0, 0, 0, 0, 0, 0, 0, 0, 0, 0, 0, 0, 0, 0, 0, 0, 0, 0, 0, 0, 0, 0, 0, 0, 0, 0, 0, 0, 0, 0, 0, 0, 0, 0, 0, 0, 0, 0, 0, 0, 0, 0, 0, 0, 0, 0, 0, 0, 0, 0, 0, 0, 0, 0, 0, 0, 0, 0, 0, 0, 0, 0, 0, 0, 0, 0, 0, 0, 0, 0, 0, 0, 0, 0, 0, 0, 0, 0, 0, 0, 0, 0, 0, 0, 0, 0, 0, 0, 0, 0, 0, 0, 0, 0, 0, 0, 0, 0, 0, 0, 0, 0, 0, 0, 0, 0, 0, 0, 0, 0, 0, 0, 0, 0, 0, 0, 0, 0, 0, 0, 0, 0, 0, 0, 0, 0, 0, 0, 0, 0, 0, 0, 0, 0, 0, 0, 0, 0, 0, 0, 0, 0, 0, 0, 0, 0, 0, 0, 0, 0, 0, 0, 0, 0, 0, 0, 0, 0, 0, 0, 0, 0, 0, 0, 0, 0, 0, 0, 0, 0, 0, 0, 0, 0, 0, 0, 0, 0, 0, 0, 0, 0, 0, 0, 0, 0, 0, 0, 0, 0, 0, 0, 0, 0, 0, 0, 0, 0, 0, 0, 0, 0, 0, 0, 0, 0, 0, 0, 0, 0, 0, 0, 0, 0, 0, 0, 0, 0, 0, 0, 0, 0, 0, 0, 0, 0, 0, 0, 0, 0, 0, 0, 0, 0, 0, 0, 0, 0, 0, 0, 0, 0, 0, 0, 0, 0, 0, 0, 0, 0, 0, 0, 0, 0, 0, 0, 0, 0, 0, 0, 0, 0, 0, 0, 0, 0, 0, 0, 0, 0, 0, 0, 0, 0, 0, 0, 0, 0, 0, 0, 0, 0, 0, 0, 0, 0, 0, 0, 0, 0, 0, 0, 0, 0, 0, 0, 0, 0, 0, 0, 0, 0, 0, 0, 0, 0, 0, 0, 0, 0, 0, 0, 0, 0, 0, 0, 0, 0, 0, 0, 0, 0, 0, 0, 0, 0, 0, 0, 0, 0, 0, 0, 0, 0, 0, 0, 0, 0, 0, 0, 0, 0, 0, 0, 0, 0, 0, 0, 0, 0, 0, 0, 0, 0, 0, 0, 0, 0, 0, 0, 0, 0, 0, 0, 0, 0, 0, 0, 0, 0, 0, 0, 0, 0, 0, 0, 0, 0, 0, 0, 0, 0, 0, 0, 0, 0, 0, 0, 0, 0, 0, 0, 0, 0, 0, 0, 0, 0, 0, 0, 0, 0, 0, 0, 0, 0, 0, 0, 0, 0, 0, 0, 0, 0, 0, 0, 0, 0, 0, 0, 0, 0, 0, 0, 0, 0, 0, 0, 0, 0, 0, 0, 0, 0, 0, 0, 0, 0, 0, 0, 0, 0, 0, 0, 0, 0, 0, 0, 0, 0, 0, 0, 0, 0, 0, 0, 0, 0, 0, 0, 0, 0, 0, 0, 0, 0, 0, 0, 0, 0, 0, 0, 0, 0, 0, 0, 0, 0, 0, 0, 0, 0, 0, 0, 0, 0, 0, 0, 0, 0, 0, 0, 0, 0, 0, 0, 0, 0, 0, 0, 0, 0, 0, 0, 0, 0, 0, 0, 0, 0, 0, 0, 0, 0, 0, 0, 0, 0, 0, 0, 0, 0, 0, 0, 0, 0, 0, 0, 0, 0, 0, 0, 0, 0, 0, 0, 0, 0, 0, 0, 0, 0, 0, 0, 0, 0, 0, 0, 0, 0, 0, 0, 0, 0, 0, 0, 0, 0, 0, 0, 0, 0, 0, 0, 0, 0, 0, 0, 0, 0, 0, 0, 0, 0, 0, 0, 0, 0, 0, 0, 0, 0, 0, 0, 0, 0, 0, 0, 0, 0, 0, 0, 0, 0, 0, 0, 0, 0, 0, 0, 0, 0, 0, 0, 0, 0, 0, 0, 0, 0, 0, 0, 0, 0, 0, 0, 0, 0, 0, 0, 0, 0, 0, 0, 0, 0, 0, 0, 0, 0, 0, 0, 0, 0, 0, 0, 0, 0, 0, 0, 0, 0, 0, 0, 0, 0, 0, 0, 0, 0, 0, 0, 0, 0, 0, 0, 0, 0, 0, 0, 0, 0, 0, 0, 0, 0, 0, 0, 0, 0, 0, 0, 0, 0, 0, 0, 0, 0, 0, 0, 0, 0, 0, 0, 0, 0, 0, 0, 0, 0, 0, 0, 0, 0, 0, 0, 0, 0, 0, 0, 0, 0, 0, 0, 0, 0, 0, 0, 0, 0, 0, 0, 0, 0, 0, 0, 0, 0, 0, 0, 0, 0, 0, 0, 0, 0, 0, 0, 0, 0, 0, 0, 0, 0, 0, 0, 0, 0, 0, 0, 0, 0, 0, 0, 0, 0, 0, 0, 0, 0, 0, 0, 0, 0, 0, 0, 0, 0, 0, 0, 0, 0, 0, 0, 0, 0, 0, 0, 0, 0, 0, 0, 0, 0, 0, 0, 0, 0, 0, 0, 0, 0, 0, 0, 0, 0, 0, 0, 0, 0, 0, 0, 0, 0, 0, 0, 0, 0, 0, 0, 0, 0, 0, 0, 0, 0, 0, 0, 0, 0, 0, 0, 0, 0, 0, 0, 0, 0, 0, 0, 0, 0, 0, 0, 0, 0, 0, 0, 0, 0, 0, 0, 0, 0, 0, 0, 0, 0, 0, 0, 0, 0, 0, 0, 0, 0, 0, 0, 0, 0, 0, 0, 0, 0, 0, 0, 0, 0, 0, 0, 0, 0, 0, 0, 0, 0, 0, 0, 0, 0, 0, 0, 0, 0, 0, 0, 0, 0, 0, 0, 0, 0, 0, 0, 0, 0, 0, 0, 0, 0, 0, 0, 0, 0, 0, 0, 0, 0, 0, 0, 0, 0, 0, 0, 0, 0, 0, 0, 0, 0, 0, 0, 0, 0, 0, 0, 0, 0, 0, 0, 0, 0, 0, 0, 0, 0, 0, 0, 0, 0, 0, 0, 0, 0, 0, 0, 0, 0, 0, 0, 0, 0, 0, 0, 0, 0, 0, 0, 0, 0, 0, 0, 0, 0, 0, 0, 0, 0, 0, 0, 0, 0, 0, 0, 0, 0, 0, 0, 0, 0, 0, 0, 0, 0, 0, 0, 0, 0, 0, 0, 0, 0, 0, 0, 0, 0, 0, 0, 0, 0, 0, 0, 0, 0, 0, 0, 0, 0, 0, 0, 0, 0, 0, 0, 0, 0, 0, 0, 0, 0, 0, 0, 0, 0, 0, 0, 0, 0, 0, 0, 0, 0, 0, 0, 0, 0, 0, 0, 0, 0, 0, 0, 0, 0, 0, 0, 0, 0, 0, 0, 0, 0, 0, 0, 0, 0, 0, 0, 0, 0, 0, 0, 0, 0, 0, 0, 0, 0, 0, 0, 0, 0, 0, 0, 0, 0, 0, 0, 0, 0, 0, 0, 0, 0, 0, 0, 0, 0, 0, 0, 0, 0, 0, 0, 0, 0, 0, 0, 0, 0, 0, 0, 0, 0, 0, 0, 0, 0, 0, 0, 0, 0, 0, 0, 0, 0, 0, 0, 0, 0, 0, 0, 0, 0, 0, 0, 0, 0, 0, 0, 0, 0, 0, 0, 0, 0, 0, 0, 0, 0, 0, 0, 0, 0, 0, 0, 0, 0, 0, 0, 0, 0, 0, 0, 0, 0, 0, 0, 0, 0, 0, 0, 0, 0, 0, 0, 0, 0, 0, 0, 0, 0, 0, 0, 0, 0, 0, 0, 0, 0, 0, 0, 0, 0, 0, 0, 0, 0, 0, 0, 0, 0, 0, 0, 0, 0, 0, 0, 0, 0, 0, 0, 0, 0, 0, 0, 0, 0, 0, 0, 0, 0, 0, 0, 0, 0, 0, 0, 0, 0, 0, 0, 0, 0, 0, 0, 0, 0, 0, 0, 0, 0, 0, 0, 0, 0, 0, 0, 0, 0, 0, 0, 0, 0, 0, 0, 0, 0, 0, 0, 0, 0, 0, 0, 0, 0, 0, 0, 0, 0, 0, 0, 0, 0, 0, 0, 0, 0, 0, 0, 0, 0, 0, 0, 0, 0, 0, 0, 0, 0, 0, 0, 0, 0, 0, 0, 0, 0, 0, 0, 0, 0, 0, 0, 0, 0, 0, 0, 0, 0, 0, 0, 0, 0, 0, 0, 0, 0, 0, 0, 0, 0, 0, 0, 0, 0, 0, 0, 0, 0, 0, 0, 0, 0, 0, 0, 0, 0, 0, 0, 0, 0, 0, 0, 0, 0, 0, 0, 0, 0, 0, 0, 0, 0, 0, 0, 0, 0, 0, 0, 0, 0, 0, 0, 0, 0, 0, 0, 0, 0, 0, 0, 0, 0, 0, 0, 0, 0, 0, 0, 0, 0, 0, 0, 0, 0, 0, 0, 0, 0, 0, 0, 0, 0, 0, 0, 0, 0, 0, 0, 0, 0, 0, 0, 0, 0, 0, 0, 0, 0, 0, 0, 0, 0, 0, 0, 0, 0, 0, 0, 0, 0, 0, 0, 0, 0, 0, 0, 0, 0, 0, 0, 0, 0, 0, 0, 0, 0, 0, 0, 0, 0, 0, 0, 0, 0, 0, 0, 0, 0, 0, 0, 0, 0, 0, 0, 0, 0, 0, 0, 0, 0, 0, 0, 0, 0, 0, 0, 0, 0, 0, 0, 0, 0, 0, 0, 0, 0, 0, 0, 0, 0, 0, 0, 0, 0, 0, 0, 0, 0, 0, 0, 0, 0, 0, 0, 0, 0, 0, 0, 0, 0, 0, 0, 0, 0, 0, 0, 0, 0, 0, 0, 0, 0, 0, 0, 0, 0, 0, 0, 0, 0, 0, 0, 0, 0, 0, 0, 0, 0, 0, 0, 0, 0, 0, 0, 0, 0, 0, 0, 0, 0, 0, 0, 0, 0, 0, 0, 0, 0, 0, 0, 0, 0, 0, 0, 0, 0, 0, 0, 0, 0, 0, 0, 0, 0, 0, 0, 0, 0, 0, 0, 0, 0, 0, 0, 0, 0, 0, 0, 0, 0, 0, 0, 0, 0, 0, 0, 0, 0, 0, 0, 0, 0, 0, 0, 0, 0, 0, 0, 0, 0, 0, 0, 0, 0, 0, 0, 0, 0, 0, 0, 0, 0, 0, 0, 0, 0, 0, 0, 0, 0, 0, 0, 0, 0, 0, 0, 0, 0, 0, 0, 0, 0, 0, 0, 0, 0, 0, 0, 0, 0, 0, 0, 0, 0, 0, 0, 0, 0, 0, 0, 0, 0, 0, 0, 0, 0, 0, 0, 0, 0, 0, 0, 0, 0, 0, 0, 0, 0, 0, 0, 0, 0, 0, 0, 0, 0, 0, 0, 0, 0, 0, 0, 0, 0, 0, 0, 0, 0, 0, 0, 0, 0, 0, 0, 0, 0, 0, 0, 0, 0, 0, 0, 0, 0, 0, 0, 0, 0, 0, 0, 0, 0, 0, 0, 0, 0, 0, 0, 0, 0, 0, 0, 0, 0, 0, 0, 0, 0, 0, 0, 0, 0, 0, 0, 0, 0, 0, 0, 0, 0, 0, 0, 0, 0, 0, 0, 0, 0, 0, 0, 0, 0, 0, 0, 0, 0, 0, 0, 0, 0, 0, 0, 0, 0, 0, 0, 0, 0, 0, 0, 0, 0, 0, 0, 0, 0, 0, 0, 0, 0, 0, 0, 0, 0, 0, 0, 0, 0, 0, 0, 0, 0, 0, 0, 0, 0, 0, 0, 0, 0, 0, 0, 0, 0, 0, 0, 0, 0, 0, 0, 0, 0, 0, 0, 0, 0, 0, 0, 0, 0, 0, 0, 0, 0, 0, 0, 0, 0, 0, 0, 0, 0, 0, 0, 0, 0, 0, 0, 0, 0, 0, 0, 0, 0, 0, 0, 0, 0, 0, 0, 0, 0, 0, 0, 0, 0, 0, 0, 0, 0, 0, 0, 0, 0, 0, 0, 0, 0, 0, 0, 0, 0, 0, 0, 0, 0, 0, 0, 0, 0, 0, 0, 0, 0, 0, 0, 0, 0, 0, 0, 0, 0, 0, 0, 0, 0, 0, 0, 0, 0, 0, 0, 0, 0, 0, 0, 0, 0, 0, 0, 0, 0, 0, 0, 0, 0, 0, 0, 0, 0, 0, 0, 0, 0, 0, 0, 0, 0, 0, 0, 0, 0, 0, 0, 0, 0, 0, 0, 0, 0, 0, 0, 0, 0, 0, 0, 0, 0, 0, 0, 0, 0, 0, 0, 0, 0, 0, 0, 0, 0, 0, 0, 0, 0, 0, 0, 0, 0, 0, 0, 0, 0, 0, 0, 0, 0, 0, 0, 0, 0, 0, 0, 0, 0, 0, 0, 0, 0, 0, 0, 0, 0, 0, 0, 0, 0, 0, 0, 0, 0, 0, 0, 0, 0, 0, 0, 0, 0, 0, 0, 0, 0, 0, 0, 0, 0, 0, 0, 0, 0, 0, 0, 0, 0, 0, 0, 0, 0, 0, 0, 0, 0, 0, 0, 0, 0, 0, 0, 0, 0, 0, 0, 0, 0, 0, 0, 0, 0, 0, 0, 0, 0, 0, 0, 0, 0, 0, 0, 0, 0, 0, 0, 0, 0, 0, 0, 0, 0, 0, 0, 0, 0, 0, 0, 0, 0, 0, 0, 0, 0, 0, 0, 0, 0, 0, 0, 0, 0, 0, 0, 0, 0, 0, 0, 0, 0, 0, 0, 0, 0, 0, 0, 0, 0, 0, 0, 0, 0, 0, 0, 0, 0, 0, 0, 0, 0, 0, 0, 0, 0, 0, 0, 0, 0, 0, 0, 0, 0, 0, 0, 0, 0, 0, 0, 0, 0, 0, 0, 0, 0, 0, 0, 0, 0, 0, 0, 0, 0, 0, 0, 0, 0, 0, 0, 0, 0, 0, 0, 0, 0, 0, 0, 0, 0, 0, 0, 0, 0, 0, 0, 0, 0, 0, 0, 0, 0, 0, 0, 0, 0, 0, 0, 0, 0, 0, 0, 0, 0, 0, 0, 0, 0, 0, 0, 0, 0, 0, 0, 0, 0, 0, 0, 0, 0, 0, 0, 0, 0, 0, 0, 0, 0, 0, 0, 0, 0, 0, 0, 0, 0, 0, 0, 0, 0, 0, 0, 0, 0, 0, 0, 0, 0, 0, 0, 0, 0, 0, 0, 0, 0, 0, 0, 0, 0, 0, 0, 0, 0, 0, 0, 0, 0, 0, 0, 0, 0, 0, 0, 0, 0, 0, 0, 0, 0, 0, 0, 0, 0, 0, 0, 0, 0, 0, 0, 0, 0, 0, 0, 0, 0, 0, 0, 0, 0, 0, 0, 0, 0, 0, 0, 0, 0, 0, 0, 0, 0, 0, 0, 0, 0, 0, 0, 0, 0, 0, 0, 0, 0, 0, 0, 0, 0, 0, 0, 0, 0, 0, 0, 0, 0, 0, 0, 0, 0, 0, 0, 0, 0, 0, 0, 0, 0, 0, 0, 0, 0, 0, 0, 0, 0, 0, 0, 0, 0, 0, 0, 0, 0, 0, 0, 0, 0, 0, 0, 0, 0, 0, 0, 0, 0, 0, 0, 0, 0, 0, 0, 0, 0, 0, 0, 0, 0, 0, 0, 0, 0, 0, 0, 0, 0, 0, 0, 0, 0, 0, 0, 0, 0, 0, 0, 0, 0, 0, 0, 0, 0, 0, 0, 0, 0, 0, 0, 0, 0, 0, 0, 0, 0, 0, 0, 0, 0, 0, 0, 0, 0, 0, 0, 0, 0, 0, 0, 0, 0, 0, 0, 0, 0, 0, 0, 0, 0, 0, 0, 0, 0, 0, 0, 0, 0, 0, 0, 0, 0, 0, 0, 0, 0, 0, 0, 0, 0, 0, 0, 0, 0, 0, 0, 0, 0, 0, 0, 0, 0, 0, 0, 0, 0, 0, 0, 0, 0, 0, 0, 0, 0, 0, 0, 0, 0, 0, 0, 0, 0, 0, 0, 0, 0, 0, 0, 0, 0, 0, 0, 0, 0, 0, 0, 0, 0, 0, 0, 0, 0, 0, 0, 0, 0, 0, 0, 0, 0, 0, 0, 0, 0, 0, 0, 0, 0, 0, 0, 0, 0, 0, 0, 0, 0, 0, 0, 0, 0, 0, 0, 0, 0, 0, 0, 0, 0, 0, 0, 0, 0, 0, 0, 0, 0, 1, 0, 0, 0, 0, 0, 0, 0, 0, 0, 0, 0, 0, 0, 0, 0, 0, 0, 0, 0, 0, 0, 0, 0, 0, 0, 0, 0, 0, 0, 0, 0, 0, 0, 0, 0, 0, 0, 0, 0, 0, 0, 0, 0, 0, 0, 0, 0, 0, 0, 0, 0, 0, 0, 0, 0, 0, 0, 0, 0, 0, 0, 0, 0, 0, 0, 0, 0, 0, 0, 0, 0, 0, 0, 0, 0, 0, 0, 0, 0, 0, 0, 0, 0, 0, 0, 0, 0, 0, 0, 0, 0, 0, 0, 0, 0, 0, 0, 0, 0, 0, 0, 0, 0, 0, 0, 0, 0, 0, 0, 0, 0, 0, 0, 0, 0, 0, 0, 0, 0, 0, 0, 0, 0, 0, 0, 0, 0, 0, 0, 0, 0, 0, 0, 0, 0, 0, 0, 0, 0, 0, 0, 0, 0, 0, 0, 0, 0, 0, 0, 0, 0, 0, 0, 0, 0, 0, 0, 0, 0, 0, 0, 0, 0, 0, 0, 0, 0, 0, 0, 0, 0, 0, 0, 0, 0, 0, 0, 0, 0, 0, 0, 0, 0, 0, 0, 0, 0, 0, 0, 0, 0, 0, 0, 0, 0, 0, 0, 0, 0, 0, 0, 0, 0, 0, 0, 0, 0, 0, 0, 0, 0, 0, 0, 0, 0, 0, 0, 0, 0, 0, 0, 0, 0, 0, 0, 0, 0, 0, 0, 0, 0, 0, 0, 0, 0, 0, 0, 0, 0, 0, 0, 0, 0, 0, 0, 0, 0, 0, 0, 0, 0, 0, 0, 0, 0, 0, 0, 0, 0, 0, 0, 0, 0, 0, 0, 0, 0, 0, 0, 0, 0, 0, 0, 0, 0, 0, 0, 0, 0, 0, 0, 0, 0, 0, 0, 0, 0, 0, 0, 0, 0, 0, 0, 0, 0, 0, 0, 0, 0, 0, 0, 0, 0, 0, 0, 0, 0, 0, 0, 0, 0, 0, 0, 0, 0, 0, 0, 0, 0, 0, 0, 0, 0, 0, 0, 0, 0, 0, 0, 0, 0, 0, 0, 0, 0, 0, 0, 0, 0, 0, 0, 0, 0, 0, 0, 0, 0, 0, 0, 0, 0, 0, 0, 0, 0, 0, 0, 0, 0, 0, 0, 0, 0, 0, 0, 0, 0, 0, 0, 0, 0, 0, 0, 0, 0, 0, 1, 0, 0, 0, 0, 0, 0, 0, 0, 0, 0, 0, 0, 0, 0, 0, 0, 0, 0, 0, 0, 0, 0, 0, 0, 0, 0, 0, 0, 0, 0, 0, 0, 0, 0, 0, 0, 0, 0, 0, 0, 0, 0, 0, 0, 0, 0, 0, 0, 0, 0, 0, 0, 0, 0, 0, 0, 0, 0, 0, 0, 0, 0, 0, 0, 0, 0, 0, 0, 0, 0, 0, 0, 0, 0, 0, 0, 0, 0, 0, 0, 0, 0, 0, 0, 0, 0, 0, 0, 0, 0, 0, 0, 0, 0, 0, 0, 0, 0, 0, 0, 0, 0, 0, 0, 0, 0, 0, 0, 0, 0, 0, 0, 0, 0, 0, 0, 0, 0, 0, 0, 0, 0, 0, 0, 0, 0, 0, 0, 0, 0, 0, 0, 0, 0, 0, 0, 0, 0, 0, 0, 0, 0, 0, 0, 0, 0, 0, 0, 0, 0, 0, 0, 0, 0, 0, 0, 0, 0, 0, 0, 0, 0, 0, 0, 0, 0, 0, 0, 0, 0, 0, 0, 0, 0, 0, 0, 0, 0, 0, 0, 0, 0, 0, 0, 0, 0, 0, 0, 0, 0, 0, 0, 0, 0, 0, 0, 0, 0, 0, 0, 0, 0, 0, 0, 0, 0, 0, 0, 0, 0, 0, 0, 0, 0, 0, 0, 0, 0, 0, 0, 0, 0, 0, 0, 0, 0, 0, 0, 0, 0, 0, 0, 0, 0, 0, 0, 0, 0, 0, 0, 0, 0, 0, 0, 0, 0, 0, 0, 0, 0, 0, 0, 0, 0, 0, 0, 0, 0, 0, 0, 0, 0, 0, 0, 0, 0, 0, 0, 0, 0, 0, 0, 0, 0, 0, 0, 0, 0, 0, 0, 0, 0, 0, 0, 0, 0, 0, 0, 0, 0, 0, 0, 0, 0, 0, 0, 0, 0, 0, 0, 0, 0, 0, 0, 0, 0, 0, 0, 0, 0, 0, 0, 0, 0, 0, 0, 0, 0, 0, 0, 0, 0, 0, 0, 0, 0, 0, 0, 0, 0, 0, 0, 0, 0, 0, 0, 0, 0, 0, 0, 0, 0, 0, 0, 0, 0, 0, 0, 0, 0, 0, 0, 0, 0, 0, 0, 0, 0, 0, 0, 0, 0, 0, 0, 0, 0, 0, 0, 0, 0, 0, 0, 0, 0, 0, 0, 0, 0, 0, 0, 0, 0, 0, 0, 0, 0, 0, 0, 0, 0, 0, 0, 0, 0, 0, 0, 0, 0, 0, 0, 0, 0, 0, 0, 0, 0, 0, 0, 0, 0, 0, 0, 0, 0, 0, 0, 0, 0, 0, 0, 0, 0, 0, 0, 0, 0, 0, 0, 0, 0, 0, 0, 0, 0, 0, 0, 0, 0, 0, 0, 0, 0, 0, 0, 0, 0, 0, 0, 0, 0, 0, 0, 0, 0, 0, 0, 0, 0, 0, 0, 0, 0, 0, 0, 0, 0, 0, 0, 0, 0, 0, 0, 0, 0, 0, 0, 0, 0, 0, 0, 0, 0, 0, 0, 0, 0, 0, 0, 0, 0, 0, 0, 0, 0, 0, 0, 0, 0, 0, 0, 0, 0, 0, 0, 0, 0, 0, 0, 0, 0, 0, 0, 0, 0, 0, 0, 0, 0, 0, 0, 0, 0, 0, 0, 0, 0, 0, 0, 0, 0, 0, 0, 0, 0, 0, 0, 0, 0, 0, 0, 0, 0, 0, 0, 0, 0, 0, 0, 0, 0, 0, 0, 0, 0, 0, 0, 0, 0, 0, 0, 0, 0, 0, 0, 0, 0, 0, 0, 0, 0, 0, 0, 0, 0, 0, 0, 0, 0, 0, 0, 0, 0, 0, 0, 0, 0, 0, 0, 0, 0, 0, 0, 0, 0, 0, 0, 0, 0, 0, 0, 0, 0, 0, 0, 0, 0, 0, 0, 0, 0, 0, 0, 0, 0, 0, 0, 0, 0, 0, 0, 0, 0, 0, 0, 0, 0, 0, 0, 0, 0, 0, 0, 0, 0, 0, 0, 0, 0, 0, 0, 0, 0, 0, 0, 0, 0, 0, 0, 0, 0, 0, 0, 0, 0, 0, 0, 0, 0, 0, 0, 0, 0, 0, 0, 0, 0, 0, 0, 0, 0, 0, 0, 0, 0, 0, 0, 0, 0, 0, 0, 0, 0, 0, 0, 0, 0, 0, 0, 0, 0, 0, 0, 0, 0, 0, 0, 0, 0, 0, 0, 0, 0, 0, 0, 0, 0, 0, 0, 0, 0, 0, 0, 0, 0, 0, 0, 0, 0, 0, 0, 0, 0, 0, 0, 0, 0, 0, 0, 0, 0, 0, 0, 0, 0, 0, 0, 0, 0, 0, 0, 0, 0, 0, 0, 0, 0, 0, 0, 0, 0, 0, 0, 0, 0, 0, 0, 0, 0, 0, 0, 0, 0, 0, 0, 0, 0, 0, 0, 0, 0, 0, 0, 0, 0, 0, 0, 0, 0, 0, 0, 0, 0, 0, 0, 0, 0, 0, 0, 0, 0, 0, 0, 0, 0, 0, 0, 0, 0, 0, 0, 0, 0, 0, 0, 0, 0, 0, 0, 0, 0, 0, 0, 0, 0, 0, 0, 0, 0, 0, 0, 0, 0, 0, 0, 0, 0, 0, 0, 0, 0, 0, 0, 0, 0, 0, 0, 0, 0, 0, 0, 0, 0, 0, 0, 0, 0, 0, 0, 0, 0, 0, 0, 0, 0, 0, 0, 0, 0, 0, 0, 0, 0, 0, 0, 0, 0, 0, 0, 0, 0, 0, 0, 0, 0, 0, 0, 0, 0, 0, 0, 0, 0, 0, 0, 0, 0, 0, 0, 0, 0, 0, 0, 0, 0, 0, 0, 0, 0, 0, 0, 0, 0, 0, 0, 0, 0, 0, 0, 0, 0, 0, 0, 0, 0, 0, 0, 0, 0, 0, 0, 0, 0, 0, 0, 0, 0, 0, 0, 0, 0, 0, 0, 0, 0, 0, 0, 0, 0, 0, 0, 0, 0, 0, 0, 0, 0, 0, 0, 0, 0, 0, 0, 0, 0, 0, 0, 0, 0, 0, 0, 0, 0, 0, 0, 0, 0, 0, 0, 0, 0, 0, 0, 0, 0, 0, 0, 0, 0, 0, 0, 0, 0, 0, 0, 0, 0, 0, 0, 0, 0, 0, 0, 0, 0, 0, 0, 0, 0, 0, 0, 0, 0, 0, 0, 0, 0, 0, 0, 0, 0, 0, 0, 0, 0, 0, 0, 0, 0, 0, 0, 0, 0, 0, 0, 0, 0, 0, 0, 0, 0, 0, 0, 0, 0, 0, 0, 0, 0, 0, 0, 0, 0, 0, 0, 0, 0, 0, 0, 0, 0, 0, 0, 0, 0, 0, 0, 0, 0, 0, 0, 0, 0, 0, 0, 0, 0, 0, 0, 0, 0, 0, 0, 0, 0, 0, 0, 0, 0, 0, 0, 0, 0, 0, 0, 0, 0, 0, 0, 0, 0, 0, 0, 0, 0, 0, 0, 0, 0, 0, 0, 0, 0, 0, 0, 0, 0, 0, 0, 0, 0, 0, 0, 0, 0, 0, 0, 0, 0, 0, 0, 0, 0, 0, 0, 0, 0, 0, 0, 0, 0, 0, 0, 0, 0, 0, 0, 0, 0, 0, 0, 0, 0, 0, 0, 0, 0, 0, 0, 0, 0, 0, 0, 0, 0, 0, 0, 0, 0, 0, 0, 0, 0, 0, 0, 0, 0, 0, 0, 0, 0, 0, 0, 0, 0, 0, 0, 0, 0, 0, 0, 0, 0, 0, 0, 0, 0, 0, 0, 0, 0, 0, 0, 0, 0, 0, 0, 0, 0, 0, 0, 0, 0, 0, 0, 0, 0, 0, 0, 0, 0, 0, 0, 0, 0, 0, 0, 0, 0, 0, 0, 0, 0, 0, 0, 0, 0, 0, 0, 0, 0, 0, 0, 0, 0, 0, 0, 0, 0, 0, 0, 0, 0, 0, 0, 0, 0, 0, 0, 0, 0, 0, 0, 0, 0, 0, 0, 0, 0, 0, 0, 0, 0, 0, 0, 0, 0, 0, 0, 0, 0, 0, 0, 0, 0, 0, 0, 0, 0, 0, 0, 0, 0, 0, 0, 0, 0, 0, 0, 0, 0, 0, 0, 0, 0, 0, 0, 0, 0, 0, 0, 0, 0, 0, 0, 0, 0, 0, 0, 0, 0, 0, 0, 0, 0, 0, 0, 0, 0, 0, 0, 0, 0, 0, 0, 0, 0, 0, 0, 0, 0, 0, 0, 0, 0, 0, 0, 0, 0, 0, 0, 0, 0, 0, 0, 0, 0, 0, 0, 0, 0, 0, 0, 0, 0, 0, 0, 0, 0, 0, 0, 0, 0, 0, 0, 0, 0, 0, 0, 0, 0, 0, 0, 0, 0, 0, 0, 0, 0, 0, 0, 0, 0, 0, 0, 0, 0, 0, 0, 0, 0, 0, 0, 0, 0, 0, 0, 0, 0, 0, 0, 0, 0, 0, 0, 0, 0, 0, 0, 0, 0, 0, 0, 0, 0, 0, 0, 0, 0, 0, 0, 0, 0, 0, 0, 0, 0, 0, 0, 0, 0, 0, 0, 0, 0, 0, 0, 0, 0, 0, 0, 0, 0, 0, 0, 0, 0, 0, 0, 0, 0, 0, 0, 0, 0, 0, 0, 0, 0, 0, 0, 0, 0, 0, 0, 0, 0, 0, 0, 0, 0, 0, 0, 0, 0, 0, 0, 0, 0, 0, 0, 0, 0, 0, 0, 0, 0, 0, 0, 0, 0, 0, 0, 0, 0, 0, 0, 0, 0, 0, 0, 0, 0, 0, 0, 0, 0, 0, 0, 0, 0, 0, 0, 0, 0, 0, 0, 0, 0, 0, 0, 0, 0, 0, 0, 0, 0, 0, 0, 0, 0, 0, 0, 0, 0, 0, 0, 0, 0, 0, 0, 0, 0, 0, 0, 0, 0, 0, 0, 0, 0, 0, 0, 0, 0, 0, 0, 0, 0, 0, 0, 0, 0, 0, 0, 0, 0, 0, 0, 0, 0, 0, 0, 0, 0, 0, 0, 0, 0, 0, 0, 0, 0, 0, 0, 0, 0, 0, 0, 0, 0, 0, 0, 0, 0, 0, 0, 0, 0, 0, 0, 0, 0, 0, 0, 0, 0, 0, 0, 0, 0, 0, 0, 0, 0, 0, 0, 0, 0, 0, 0, 0, 0, 0, 0, 0, 0, 0, 0, 0, 0, 0, 0, 0, 0, 0, 0, 0, 0, 0, 0, 0, 0, 0, 0, 0, 0, 0, 0, 0, 0, 0, 0, 0, 0, 0, 0, 0, 0, 0, 0, 0, 0, 0, 0, 0, 0, 0, 0, 0, 0, 0, 0, 0, 0, 0, 0, 0, 0, 0, 0, 0, 0, 0, 0, 0, 0, 0, 0, 0, 0, 0, 0, 0, 0, 0, 0, 0, 0, 0, 0, 0, 0, 0, 0, 0, 0, 0, 0, 0, 0, 0, 0, 0, 0, 0, 0, 0, 0, 0, 0, 0, 0, 0, 0, 0, 0, 0, 0, 0, 0, 0, 0, 0, 0, 0, 0, 0, 0, 0, 0, 0, 0, 0, 0, 0, 0, 0, 0, 0, 0, 0, 0, 0, 0, 0, 0, 0, 0, 0, 0, 0, 0, 0, 0, 0, 0, 0, 0, 0, 0, 0, 0, 0, 0, 0, 0, 0, 0, 0, 0, 0, 0, 0, 0, 0, 0, 0, 0, 0, 0, 0, 0, 0, 0, 0, 0, 0, 0, 0, 0, 0, 0, 0, 0, 0, 0, 0, 0, 0, 0, 0, 0, 0, 0, 0, 0, 0, 0, 0, 0, 0, 0, 0, 0, 0, 0, 0, 0, 0, 0, 0, 0, 0, 0, 0, 0, 0, 0, 0, 0, 0, 0, 0, 0, 0, 0, 0, 0, 0, 0, 0, 0, 0, 0, 0, 0, 0, 0, 0, 0, 0, 0, 0, 0, 0, 0, 0, 0, 0, 0, 0, 0, 0, 0, 0, 0, 0, 0, 0, 0, 0, 0, 0, 0, 0, 0, 0, 0, 0, 0, 0, 0, 0, 0, 0, 0, 0, 0, 0, 0, 0, 0, 0, 0, 0, 0, 0, 0, 0, 0, 0, 0, 0, 0, 0, 0, 0, 0, 0, 0, 0, 0, 0, 0, 0, 0, 0, 0, 0, 0, 0, 0, 0, 0, 0, 0, 0, 0, 0, 0, 0, 0, 0, 0, 0, 0, 0, 0, 0, 0, 0, 0, 0, 0, 0, 0, 0, 0, 0, 0, 0, 0, 0, 0, 0, 0, 0, 0, 0, 0, 0, 0, 0, 0, 0, 0, 0, 0, 0, 0, 0, 0, 0, 0, 0, 0, 0, 0, 0, 0, 0, 0, 0, 0, 0, 0, 0, 0, 0, 0, 0, 0, 0, 0, 0, 0, 0, 0, 0, 0, 0, 0, 0, 0, 0, 0, 0, 0, 0, 0, 0, 0, 0, 0, 0, 0, 0, 0, 0, 0, 0, 0, 0, 0, 0, 0, 0, 0, 0, 0, 0, 0, 0, 0, 0, 0, 0, 0, 0, 0, 0, 0, 0, 0, 0, 0, 0, 0, 0, 0, 0, 0, 0, 0, 0, 0, 0, 0, 0, 0, 0, 0, 0, 0, 0, 0, 0, 0, 0, 0, 0, 0, 0, 0, 0, 0, 0, 0, 0, 0, 0, 0, 0, 0, 0, 0, 0, 0, 0, 0, 0, 0, 0, 0, 0, 0, 0, 0, 0, 0, 0, 0, 0, 0, 0, 0, 0, 0, 0, 0, 0, 0, 0, 0, 0, 0, 0, 0, 0, 0, 0, 0, 0, 0, 0, 0, 0, 0, 0, 0, 0, 0, 0, 0, 0, 0, 0, 0, 0, 0, 0, 0, 0, 0, 0, 0, 0, 0, 0, 0, 0, 0, 0, 0, 0, 0, 0, 0, 0, 0, 0, 0, 0, 0, 0, 0, 0, 0, 0, 0, 0, 0, 0, 0, 0, 0, 0, 0, 0, 0, 0, 0, 0, 0, 0, 0, 0, 0, 0, 0, 0, 0, 0, 0, 0, 0, 0, 0, 0, 0, 0, 0, 0, 0, 0, 0, 0, 0, 0, 0, 0, 0, 0, 0, 0, 0, 0, 0, 0, 0, 0, 0, 0, 0, 0, 0, 0, 0, 0, 0, 0, 0, 0, 0, 0, 0, 0, 0, 0, 0, 0, 0, 0, 0, 0, 0, 0, 0, 0, 0, 0, 0, 0, 0, 0, 0, 0, 0, 0, 0, 0, 0, 0, 0, 0, 0, 0, 0, 0, 0, 0, 0, 0, 0, 0, 0, 0, 0, 0, 0, 0, 0, 0, 0, 0, 0, 0, 0, 0, 0, 0, 0, 0, 0, 0, 0, 0, 0, 0, 0, 0, 0, 0, 0, 0, 0, 0, 0, 0, 0, 0, 0, 0, 0, 0, 0, 0, 0, 0, 0, 0, 0, 0, 0, 0, 0, 0, 0, 0, 0, 0, 0, 0, 0, 0, 0, 0, 0, 0, 0, 0, 0, 0, 0, 0, 0, 0, 0, 0, 0, 0, 0, 0, 0, 0, 0, 0, 0, 0, 0, 0, 0, 0, 0, 0, 0, 0, 0, 0, 0, 0, 0, 0, 0, 0, 0, 0, 0, 0, 0, 0, 0, 0, 0, 0, 0, 0, 0, 0, 0, 0, 0, 0, 0, 0, 0, 0, 0, 0, 0, 0, 0, 0, 0, 0, 0, 0, 0, 0, 0, 0, 0, 0, 0, 0, 0, 0, 0, 0, 0, 0, 0, 0, 0, 0, 0, 0, 0, 0, 0, 0, 0, 0, 0, 0, 0, 0, 0, 0, 0, 0, 0, 0, 0, 0, 0, 0, 0, 0, 0, 0, 0, 0, 0, 0, 0, 0, 0, 0, 0, 0, 0, 0, 0, 0, 0, 0, 0, 0, 0, 0, 0, 0, 0, 0, 0, 0, 0, 0, 0, 0, 0, 0, 0, 0, 0, 0, 0, 0, 0, 0, 0, 0, 0, 0, 0, 0, 0, 0, 0, 0, 0, 0, 0, 0, 0, 0, 0, 0, 0, 0, 0, 0, 0, 0, 0, 0, 0, 0, 0, 0, 0, 0, 0, 0, 0, 0, 0, 0, 0, 0, 0, 0, 0, 0, 0, 0, 0, 0, 0, 0, 0, 0, 0, 0, 0, 0, 0, 0, 0, 0, 0, 0, 0, 0, 0, 0, 0, 0, 0, 0, 0, 0, 0, 0, 0, 0, 0, 0, 0, 0, 0, 0, 0, 0, 0, 0, 0, 0, 0, 0, 0, 0, 0, 0, 0, 0, 0, 0, 0, 0, 0, 0, 0, 0, 0, 0, 0, 0, 0, 0, 0, 0, 0, 0, 0, 0, 0, 0, 0, 0, 0, 0, 0, 0, 0, 0, 0, 0, 0, 0, 0, 0, 0, 0, 0, 0, 0, 0, 0, 0, 0, 0, 0, 0, 0, 0, 0, 0, 0, 0, 0, 0, 0, 0, 0, 0, 0, 0, 0, 0, 0, 0, 0, 0, 0, 0, 0, 0, 0, 0, 0, 0, 0, 0, 0, 0, 0, 0, 0, 0, 0, 0, 0, 0, 0, 0, 0, 0, 0, 0, 0, 0, 0, 0, 0, 0, 0, 0, 0, 0, 0, 0, 0, 0, 0, 0, 0, 0, 0, 0, 0, 0, 0, 0, 0, 0, 0, 0, 0, 0, 0, 0, 0, 0, 0, 0, 0, 0, 0, 0, 0, 0, 0, 0, 0, 0, 0, 0, 0, 0, 0, 0, 0, 0, 0, 0, 0, 0, 0, 0, 0, 0, 0, 0, 0, 0, 0, 0, 0, 0, 0, 0, 0, 0, 0, 0, 0, 0, 0, 0, 0, 0, 0, 0, 0, 0, 0, 0, 0, 0, 0, 0, 0, 0, 0, 0, 0, 0, 0, 0, 0, 0, 0, 0, 0, 0, 0, 0, 0, 0, 0, 0, 0, 0, 0, 0, 0, 0, 0, 0, 0, 0, 0, 0, 0, 0, 0, 0, 0, 0, 0, 0, 0, 0, 0, 0, 0, 0, 0, 0, 0, 0, 0, 0, 0, 0, 0, 0, 0, 0, 0, 0, 0, 0, 0, 0, 0, 0, 0, 0, 0, 0, 0, 0, 0, 0, 0, 0, 0, 0, 0, 0, 0, 0, 0, 0, 0, 0, 0, 0, 0, 0, 0, 0, 0, 0, 0, 0, 0, 0, 0, 0, 0, 0, 0, 0, 0, 0, 0, 0, 0, 0, 0, 0, 0, 0, 0, 0, 0, 0, 0, 0, 0, 0, 0, 0, 0, 0, 0, 0, 0, 0, 0, 0, 0, 0, 0, 0, 0, 0, 0, 0, 0, 0, 0, 0, 0, 0, 0, 0, 0, 0, 0, 0, 0, 0, 0, 0, 0, 0, 0, 0, 0, 0, 0, 0, 0, 0, 0, 0, 0, 0, 0, 0, 0, 0, 0, 0, 0, 0, 0, 0, 0, 0, 0, 0, 0, 0, 0, 0, 0, 0, 0, 0, 0, 0, 0, 0, 0, 0, 0, 0, 0, 0, 0, 0, 0, 0, 0, 0, 0, 0, 0, 0, 0, 0, 0, 0, 0, 0, 0, 0, 0, 0, 0, 0, 0, 0, 0, 0, 0, 0, 0, 0, 0, 0, 0, 0, 0, 0, 0, 0, 0, 0, 0, 0, 0, 0, 0, 0, 0, 0, 0, 0, 0, 0, 0, 0, 0, 0, 0, 0, 0, 0, 0, 0, 0, 0, 0, 0, 0, 0, 0, 0, 0, 0, 0, 0, 0, 0, 0, 0, 0, 0, 0, 0, 0, 0, 0, 0, 0, 0, 0, 0, 0, 0, 0, 0, 0, 0, 0, 0, 0, 0, 0, 0, 0, 0, 0, 0, 0, 0, 0, 0, 0, 0, 0, 0, 0, 0, 0, 0, 0, 0, 0, 0, 0, 0, 0, 0, 0, 0, 0, 0, 0, 0, 0, 0, 0, 0, 0, 0, 0, 0, 0, 0, 0, 0, 0, 0, 0, 0, 0, 0, 0, 0, 0, 0, 0, 0, 0, 0, 0, 0, 0, 0, 0, 0, 0, 0, 0, 0, 0, 0, 0, 0, 0, 0, 0, 0, 0, 0, 0, 0, 0, 0, 0, 0, 0, 0, 0, 0, 0, 0, 0, 0, 0, 0, 0, 0, 0, 0, 0, 0, 0, 0, 0, 0, 0, 0, 0, 0, 0, 0, 0, 0, 0, 0, 0, 0, 0, 0, 0, 0, 0, 0, 0, 0, 0, 0, 0, 0, 0, 0, 0, 0, 0, 0, 0, 0, 0, 0, 0, 0, 0, 0, 0, 0, 0, 0, 0, 0, 0, 0, 0, 0, 0, 0, 0, 0, 0, 0, 0, 0, 0, 0, 0, 0, 0, 0, 0, 0, 0, 0, 0, 0, 0, 0, 0, 0, 0, 0, 0, 0, 0, 0, 0, 0, 0, 0, 0, 0, 0, 0, 0, 0, 0, 0, 0, 0, 0, 0, 0, 0, 0, 0, 0, 0, 0, 0, 0, 0, 0, 0, 0, 0, 0, 0, 0, 0, 0, 0, 0, 0, 0, 0, 0, 0, 0, 0, 0, 0, 0, 0, 0, 0, 0, 0, 0, 0, 0, 0, 0, 0, 0, 0, 0, 0, 0, 0, 0, 0, 0, 0, 0, 0, 0, 0, 0, 0, 0, 0, 0, 0, 0, 0, 0, 0, 0, 0, 0, 0, 0, 0, 0, 0, 0, 0, 0, 0, 0, 0, 0, 0, 0, 0, 0, 0, 0, 0, 0, 0, 0, 0, 0, 0, 0, 0, 0, 0, 0, 0, 0, 0, 0, 0, 0, 0, 0, 0, 0, 0, 0, 0, 0, 0, 0, 0, 0, 0, 0, 0, 0, 0, 0, 0, 0, 0, 0, 0, 0, 0, 0, 0, 0, 0, 0, 0, 0, 0, 0, 0, 0, 0, 0, 0, 0, 0, 0, 0, 0, 0, 0, 0, 0, 0, 0, 0, 0, 0, 0, 0, 0, 0, 0, 0, 0, 0, 0, 0, 0, 0, 0, 0, 0, 0, 0, 0, 0, 0, 0, 0, 0, 0, 0, 0, 0, 0, 0, 0, 0, 0, 0, 0, 0, 0, 0, 0, 0, 0, 0, 0, 0, 0, 0, 0, 0, 0, 0, 0, 0, 0, 0, 0, 0, 0, 0, 0, 0, 0, 0, 0, 0, 0, 0, 0, 0, 0, 0, 0, 0, 0, 0, 0, 0, 0, 0, 0, 0, 0, 0, 0, 0, 0, 0, 0, 0, 0, 0, 0, 0, 0, 0, 0, 0, 0, 0, 0, 0, 0, 0, 0, 0, 0, 0, 0, 0, 0, 0, 0, 0, 0, 0, 0, 0, 0, 0, 0, 0, 0, 0, 0, 0, 0, 0, 0, 0, 0, 0, 0, 0, 0, 0, 0, 0, 0, 0, 0, 0, 0, 0, 0, 0, 0, 0, 0, 0, 0, 0, 0, 0, 0, 0, 0, 0, 0, 0, 0, 0, 0, 0, 0, 0, 0, 0, 0, 0, 0, 0, 0, 0, 0, 0, 0, 0, 0, 0, 0, 0, 0, 0, 0, 0, 0, 0, 0, 0, 0, 0, 0, 0, 0, 0, 0, 0, 0, 0, 0, 0, 0, 0, 0, 0, 0, 0, 0, 0, 0, 0, 0, 0, 0, 0, 0, 0, 0, 0, 0, 0, 0, 0, 0, 0, 0, 0, 0, 0, 0, 0, 0, 0, 0, 0, 0, 0, 0, 0, 0, 0, 0, 0, 0, 0, 0, 0, 0, 0, 0, 0, 0, 0, 0, 0, 0, 0, 0, 0, 0, 0, 0, 0, 0, 0, 0, 0, 0, 0, 0, 0, 0, 0, 0, 0, 0, 0, 0, 0, 0, 0, 0, 0, 0, 0, 0, 0, 0, 0, 0, 0, 0, 0, 0, 0, 0, 0, 0, 0, 0, 0, 0, 0, 0, 0, 0, 0, 0, 0, 0, 0, 0, 0, 0, 0, 0, 0, 0, 0, 0, 0, 0, 0, 0, 0, 0, 0, 0, 0, 0, 0, 0, 0, 0, 0, 0, 0, 0, 0, 0, 0, 0, 0, 0, 0, 0, 0, 0, 0, 0, 0, 0, 0, 0, 0, 0, 0, 0, 0, 0, 0, 0, 0, 0, 0, 0, 0, 0, 0, 0, 0, 0, 0, 0, 0, 0, 0, 0, 0, 0, 0, 0, 0, 0, 0, 0, 0, 0, 0, 0, 0, 0, 0, 0, 0, 0, 0, 0, 0, 0, 0, 0, 0, 0, 0, 0, 0, 0, 0, 0, 0, 0, 0, 0, 0, 0, 0, 0, 0, 0, 0, 0, 0, 0, 0, 0, 0, 0, 0, 0, 0, 0, 0, 0, 0, 0, 0, 0, 0, 0, 0, 0, 0, 0, 0, 0, 0, 0, 0, 0, 0, 0, 0, 0, 0, 0, 0, 0, 0, 0, 0, 0, 0, 0, 0, 0, 0, 0, 0, 0, 0, 0, 0, 0, 0, 0, 0, 0, 0, 0, 0, 0, 0, 0, 0, 0, 0, 0, 0, 0, 0, 0, 0, 0, 0, 0, 0, 0, 0, 0, 0, 0, 0, 0, 0, 0, 0, 0, 0, 0, 0, 0, 0, 0, 0, 0, 0, 0, 0, 0, 0, 0, 0, 0, 0, 0, 0, 0, 0, 0, 0, 0, 0, 0, 0, 0, 0, 0, 0, 0, 0, 0, 0, 0, 0, 0, 0, 0, 0, 0, 0, 0, 0, 0, 0, 0, 0, 0, 0, 0, 0, 0, 0, 0, 0, 0, 0, 0, 0, 0, 0, 0, 0, 0, 0, 0, 0, 0, 0, 0, 0, 0, 0, 0, 0, 0, 0, 0, 0, 0, 0, 0, 0, 0, 0, 0, 0, 0, 0, 0, 0, 0, 0, 0, 0, 0, 0, 0, 0, 0, 0, 0, 0, 0, 0, 0, 0, 0, 0, 0, 0, 0, 0, 0, 0, 0, 0, 0, 0, 0, 0, 0, 0, 0, 0, 0, 0, 0, 0, 0, 0, 0, 0, 0, 0, 0, 0, 0, 0, 0, 0, 0, 0, 0, 0, 0, 0, 0, 0, 0, 0, 0, 0, 0, 0, 0, 0, 0, 0, 0, 0, 0, 0, 0, 0, 0, 0, 0, 0, 0, 0, 0, 0, 0, 0, 0, 0, 0, 0, 0, 0, 0, 0, 0, 0, 0, 0, 0, 0, 0, 0, 0, 0, 0, 0, 0, 0, 0, 0, 0, 0, 0, 0, 0, 0, 0, 0, 0, 0, 0, 0, 0, 0, 0, 0, 0, 0, 0, 0, 0, 0, 0, 0, 0, 0, 0, 0, 0, 0, 0, 0, 0, 0, 0, 0, 0, 0, 0, 0, 0, 0, 0, 0, 0, 0, 0, 0, 0, 0, 0, 0, 0, 0, 0, 0, 0, 0, 0, 0, 0, 0, 0, 0, 0, 0, 0, 0, 0, 0, 0, 0, 0, 0, 0, 0, 0, 0, 0, 0, 0, 0, 0, 0, 0, 0, 0, 0, 0, 0, 0, 0, 0, 0, 0, 0, 0, 0, 0, 0, 0, 0, 0, 0, 0, 0, 0, 0, 0, 0, 0, 0, 0, 0, 0, 0, 0, 0, 0, 0, 0, 0, 0, 0, 0, 0, 0, 0, 0, 0, 0, 0, 0, 0, 0, 0, 0, 0, 0, 0, 0, 0, 0, 0, 0, 0, 0, 0, 0, 0, 0, 0, 0, 0, 0, 0, 0, 0, 0, 0, 0, 0, 0, 0, 0, 0, 0, 0, 0, 0, 0, 0, 0, 0, 0, 0, 0, 0, 0, 0, 0, 0, 0, 0, 0, 0, 0, 0, 0, 0, 0, 0, 0, 0, 0, 0, 0, 0, 0, 0, 0, 0, 0, 0, 0, 0, 0, 0, 0, 0, 0, 0, 0, 0, 0, 0, 0, 0, 0, 0, 0, 0, 0, 0, 0, 0, 0, 0, 0, 0, 0, 0, 0, 0, 0, 0, 0, 0, 0, 0, 0, 0, 0, 0, 0, 0, 0, 0, 0, 0, 0, 0, 0, 0, 0, 0, 0, 0, 0, 0, 0, 0, 0, 0, 0, 0, 0, 0, 0, 0, 0, 0, 0, 0, 0, 0, 0, 0, 0, 0, 0, 0, 0, 0, 0, 0, 0, 0, 0, 0, 0, 0, 0, 0, 0, 0, 0, 0, 0, 0, 0, 0, 0, 0, 0, 0, 0, 0, 0, 0, 0, 0, 0, 0, 0, 0, 0, 0, 0, 0, 0, 0, 0, 0, 0, 0, 0, 0, 0, 0, 0, 0, 0, 0, 0, 0, 0, 0, 0, 0, 0, 0, 0, 0, 0, 0, 0, 0, 0, 0, 0, 0, 0, 0, 0, 0, 0, 0, 0, 0, 0, 0, 0, 0, 0, 0, 0, 0, 0, 0, 0, 0, 0, 0, 0, 0, 0, 0, 0, 0, 0, 0, 0, 0, 0, 0, 0, 0, 0, 0, 0, 0, 0, 0, 0, 0, 0, 0, 0, 0, 0, 0, 0, 0, 0, 0, 0, 0, 0, 0, 0, 0, 0, 0, 0, 0, 0, 0, 0, 0, 0, 0, 0, 0, 0, 0, 0, 0, 0, 0, 0, 0, 0, 0, 0, 0, 0, 0, 0, 0, 0, 0, 0, 0, 0, 0, 0, 0, 0, 0, 0, 0, 0, 0, 0, 0, 0, 0, 0, 0, 0, 0, 0, 0, 0, 0, 0, 0, 0, 0, 0, 0, 0, 0, 0, 0, 0, 0, 0, 0, 0, 0, 0, 0, 0, 0, 0, 0, 0, 0, 0, 0, 0, 0, 0, 0, 0, 0, 0, 0, 0, 0, 0, 0, 0, 0, 0, 0, 0, 0, 0, 0, 0, 0, 0, 0, 0, 0, 0, 0, 0, 0, 0, 0, 0, 0, 0, 0, 0, 0, 0, 0, 0, 0, 0, 0, 0, 0, 0, 0, 0, 0, 0, 0, 0, 0, 0, 0, 0, 0, 0, 0, 0, 0, 0, 0, 0, 0, 0, 0, 0, 0, 0, 0, 0, 0, 0, 0, 0, 0, 0, 0, 0, 0, 0, 0, 0, 0, 0, 0, 0, 0, 0, 0, 0, 0, 0, 0, 0, 0, 0, 0, 0, 0, 0, 0, 0, 0, 1, 0, 0, 0, 0, 0, 0, 0, 0, 0, 0, 0, 0, 0, 0, 0, 0, 0, 0, 0, 0, 0, 0, 0, 0, 0, 0, 0, 0, 0, 0, 0, 0, 0, 0, 0, 0, 0, 0, 0, 0, 0, 0, 0, 0, 0, 0, 0, 0, 0, 0, 0, 0, 0, 0, 0, 0, 0, 0, 0, 0, 0, 0, 0, 0, 0, 0, 0, 0, 0, 0, 0, 0, 0, 0, 0, 0, 0, 0, 0, 0, 0, 0, 0, 0, 0, 0, 0, 0, 0, 0, 0, 0, 0, 0, 0, 0, 0, 0, 0, 0, 0, 0, 0, 0, 0, 0, 0, 0, 0, 0, 0, 0, 0, 0, 0, 0, 0, 0, 0, 0, 0, 0, 0, 0, 0, 0, 0, 0, 0, 0, 0, 0, 0, 0, 0, 0, 0, 0, 0, 0, 0, 0, 0, 0, 0, 0, 0, 0, 0, 0, 0, 0, 0, 0, 0, 0, 0, 0, 0, 0, 0, 0, 0, 0, 0, 0, 0, 0, 0, 0, 0, 0, 0, 0, 0, 0, 0, 0, 0, 0, 0, 0, 0, 0, 0, 0, 0, 0, 0, 0, 0, 0, 0, 0, 0, 0, 0, 0, 0, 0, 0, 0, 0, 0, 0, 0, 0, 0, 0, 0, 0, 0, 0, 0, 0, 0, 0, 0, 0, 0, 0, 0, 0, 0, 0, 0, 0, 0, 0, 0, 0, 0, 0, 0, 0, 0, 0, 0, 0, 0, 0, 0, 0, 0, 0, 0, 0, 0, 0, 0, 0, 0, 0, 0, 0, 0, 0, 0, 0, 0, 0, 0, 0, 0, 0, 0, 0, 0, 0, 0, 0, 0, 0, 0, 0, 0, 0, 0, 0, 0, 0, 0, 0, 0, 0, 0, 0, 0, 0, 0, 0, 0, 0, 0, 0, 0, 0, 0, 0, 0, 0, 0, 0, 0, 0, 0, 0, 0, 0, 0, 0, 0, 0, 0, 0, 0, 0, 0, 0, 0, 0, 0, 0, 0, 0, 0, 0, 0, 0, 0, 0, 0, 0, 0, 0, 0, 0, 0, 0, 0, 0, 0, 0, 0, 0, 0, 0, 0, 0, 0, 0, 0, 0, 0, 0, 0, 0, 0, 0, 0, 0, 0, 0, 0, 0, 0, 0, 0, 0, 0, 0, 0, 0, 0, 0, 0, 0, 0, 0, 0, 0, 0, 0, 0, 0, 0, 0, 0, 0, 0, 0, 0, 0, 0, 0, 0, 0, 0, 0, 0, 0, 0, 0, 0, 0, 0, 0, 0, 0, 0, 0, 0, 0, 0, 0, 0, 0, 0, 0, 0, 0, 0, 0, 0, 0, 0, 0, 0, 0, 0, 0, 0, 0, 0, 0, 0, 0, 0, 0, 0, 0, 0, 0, 0, 0, 0, 0, 0, 0, 0, 0, 0, 0, 0, 0, 0, 0, 0, 0, 0, 0, 0, 0, 0, 0, 0, 0, 0, 0, 0, 0, 0, 0, 0, 0, 0, 0, 0, 0, 0, 0, 0, 0, 0, 0, 0, 0, 0, 0, 0, 0, 0, 0, 0, 0, 0, 0, 0, 0, 0, 0, 0, 0, 0, 0, 0, 0, 0, 0, 0, 0, 0, 0, 0, 0, 0, 0, 0, 0, 0, 0, 0, 0, 0, 0, 0, 0, 0, 0, 0, 0, 0, 0, 0, 0, 0, 0, 0, 0, 0, 0, 0, 0, 0, 0, 0, 0, 0, 0, 0, 0, 0, 0, 0, 0, 0, 0, 0, 0, 0, 0, 0, 0, 0, 0, 0, 0, 0, 0, 0, 0, 0, 0, 0, 0, 0, 0, 0, 0, 0, 0, 0, 0, 0, 0, 0, 0, 0, 0, 0, 0, 0, 0, 0, 0, 0, 0, 0, 0, 0, 0, 0, 0, 0, 0, 0, 0, 0, 0, 0, 0, 0, 0, 0, 0, 0, 0, 0, 0, 0, 0, 0, 0, 0, 0, 0, 0, 0, 0, 0, 0, 0, 0, 0, 0, 0, 0, 0, 0, 0, 0, 0, 0, 0, 0, 0, 0, 0, 0, 0, 0, 0, 0, 0, 0, 0, 0, 0, 0, 0, 0, 0, 0, 0, 0, 0, 0, 0, 0, 0, 0, 0, 0, 0, 0, 0, 0, 0, 0, 0, 0, 0, 0, 0, 0, 1, 0, 0, 0, 0, 0, 0, 0, 0, 0, 0, 0, 0, 0, 0, 0, 0, 0, 0, 0, 0, 0, 0, 0, 0, 0, 0, 0, 0, 0, 0, 0, 0, 0, 0, 0, 0, 0, 0, 0, 0, 0, 1, 0, 0, 1, 0, 0, 5, 43, 23, 4, 0, 1, 3, 2, 5, 9, 26, 49, 77, 75, 44]"
多位购房者称房东临时涨价或反悔不卖_最终事件描述,该事件在80余小时内呈现明显的情绪演变与市场博弈。初期（1-6小时），购房者以嘲讽和质疑为主，认为房东涨价是短期炒作，强调经济低迷、供需逆转等不利因素，反讽性言论（如“老破小破亿”）频现。中期（7-66小时），舆论两极分化加剧：看涨派援引局部案例和资金流动预期，看跌派则聚焦失业率、人口下降等基本面矛盾，市场焦虑与戏谑情绪交织，中介角色和虚假信息成为焦点。后期（67-82小时），悲观预期占据主导，多数购房者强烈质疑涨价真实性，揭露“有价无市”和中介炒作，部分房东及投资者仍持观望态度，但交易僵局凸显买卖双方预期鸿沟。整体趋势显示，市场信心持续走低，从初期调侃转为后期消极抵抗，政策刺激效果遭普遍质疑，供需失衡与经济下行压力成为共识。,0,"[0, 0, 0, 0, 0, 1, 2, 1, 0, 1, 0, 0, 0, 0, 1, 0, 0, 1, 0, 0, 0, 0, 0, 0, 0, 0, 0, 0, 0, 0, 0, 0, 1, 0, 0, 0, 0, 0, 0, 0, 0, 0, 0, 0, 0, 0, 0, 0, 0, 0, 0, 0, 0, 0, 0, 0, 0, 0, 0, 0, 0, 0, 0, 0, 0, 0, 1, 8, 7, 4, 1, 3, 0, 0, 1, 0, 1, 0, 0, 2, 2, 2, 0]"
2岁男童吃奶酪棒卡喉身亡_最终事件描述,2岁男童因食用奶酪棒卡喉身亡事件在652小时的舆论发酵中，呈现出从情绪爆发到理性反思的演变轨迹。事件初期（1-652小时），舆论核心聚焦于儿童饮食安全警示与海姆立克急救法的普及，同时伴随对监护人责任的激烈争论（指责与同情并存）及隔代育儿矛盾的衍生讨论。中期（653-655小时）争议升级，围绕奶酪棒产品安全性（3岁以上食用标识）、软质异物急救局限性展开技术性质疑，代际育儿观念冲突（如老人喂养习惯）成为次生议题。后期（656-657小时）逐渐转向系统性反思：既有对婴幼儿高风险食品（果冻、坚果类）的集体警惕，也出现对儿童食品营销规范的呼吁，同时法律层面开始探讨监护过失责任。整体呈现"安全科普-责任归因-制度反思"的三阶段特征，始终贯穿着家长群体的焦虑共情与预防性育儿意识的强化。,0,"[0, 0, 0, 0, 0, 0, 0, 0, 0, 0, 0, 0, 0, 0, 0, 1, 1, 0, 1, 0, 0, 0, 0, 0, 0, 0, 0, 0, 0, 0, 0, 0, 0, 0, 0, 0, 0, 0, 0, 0, 0, 0, 0, 0, 1, 0, 0, 0, 0, 0, 0, 0, 0, 0, 0, 0, 0, 0, 0, 0, 0, 0, 0, 0, 0, 0, 0, 0, 0, 0, 0, 0, 0, 0, 0, 0, 0, 0, 0, 0, 0, 0, 1, 0, 0, 0, 0, 0, 0, 0, 0, 0, 0, 0, 0, 0, 0, 0, 0, 0, 0, 0, 0, 0, 0, 0, 0, 0, 0, 0, 0, 0, 0, 0, 0, 0, 0, 0, 0, 0, 0, 0, 0, 0, 0, 0, 0, 0, 0, 0, 0, 0, 0, 0, 0, 0, 0, 0, 0, 0, 0, 0, 0, 0, 0, 0, 0, 0, 0, 0, 0, 0, 0, 0, 0, 0, 0, 0, 0, 0, 0, 0, 1, 0, 0, 0, 0, 0, 0, 0, 0, 0, 0, 0, 0, 0, 0, 0, 0, 0, 0, 0, 0, 0, 0, 0, 0, 0, 0, 0, 0, 0, 0, 0, 0, 0, 0, 0, 0, 0, 0, 0, 0, 0, 0, 0, 0, 0, 0, 0, 0, 0, 0, 0, 0, 0, 0, 0, 0, 0, 0, 0, 0, 0, 0, 0, 0, 0, 0, 0, 0, 0, 0, 0, 0, 0, 0, 0, 0, 0, 0, 0, 0, 0, 0, 0, 0, 1, 0, 0, 0, 0, 0, 0, 0, 0, 0, 0, 0, 0, 0, 0, 0, 0, 0, 0, 0, 0, 0, 0, 0, 0, 0, 0, 0, 0, 1, 0, 0, 0, 0, 0, 0, 0, 0, 0, 0, 0, 0, 0, 0, 0, 0, 0, 0, 0, 1, 0, 0, 0, 0, 0, 0, 0, 0, 0, 0, 0, 0, 0, 0, 0, 0, 0, 0, 0, 0, 0, 0, 0, 0, 0, 0, 0, 0, 0, 0, 0, 0, 0, 0, 0, 0, 0, 0, 0, 0, 0, 0, 0, 0, 0, 0, 0, 1, 0, 0, 1, 0, 0, 0, 0, 0, 0, 0, 0, 0, 0, 0, 0, 0, 0, 0, 0, 0, 0, 0, 0, 0, 0, 0, 0, 0, 0, 0, 0, 0, 0, 0, 0, 0, 0, 0, 0, 0, 0, 0, 0, 0, 0, 1, 0, 0, 0, 0, 0, 0, 0, 0, 0, 0, 0, 0, 0, 0, 0, 0, 0, 0, 0, 0, 0, 0, 0, 0, 0, 0, 0, 0, 0, 1, 1, 0, 0, 0, 0, 0, 0, 0, 0, 0, 0, 0, 0, 1, 0, 0, 0, 0, 0, 0, 0, 0, 0, 0, 0, 0, 0, 0, 0, 0, 0, 0, 0, 0, 0, 0, 1, 0, 0, 0, 0, 0, 0, 0, 0, 1, 0, 0, 0, 0, 0, 1, 0, 1, 0, 0, 0, 0, 0, 0, 0, 1, 0, 0, 0, 0, 0, 0, 0, 0, 0, 0, 1, 0, 0, 0, 0, 0, 0, 0, 0, 0, 0, 0, 0, 0, 0, 0, 0, 0, 0, 0, 0, 0, 1, 0, 0, 0, 0, 1, 0, 0, 0, 0, 0, 1, 0, 0, 0, 0, 0, 0, 0, 0, 0, 0, 0, 0, 0, 0, 0, 1, 0, 0, 1, 1, 2, 0, 0, 0, 0, 0, 0, 0, 0, 0, 0, 0, 0, 0, 1, 0, 0, 1, 1, 1, 1, 0, 0, 1, 2, 1, 0, 0, 0, 0, 0, 0, 0, 0, 2, 2, 0, 2, 0, 0, 0, 1, 0, 2, 1, 1, 0, 0, 0, 0, 0, 0, 0, 0, 0, 0, 0, 0, 0, 0, 0, 1, 1, 2, 0, 0, 0, 0, 0, 1, 0, 0, 0, 0, 1, 1, 0, 0, 0, 0, 1, 0, 0, 0, 0, 2, 1, 0, 0, 0, 1, 1, 0, 1, 1, 1, 0, 1, 2, 1, 0, 0, 0, 0, 0, 1, 27, 21, 16, 12]"
雷军回应_最终事件描述,雷军回应事件在18小时内呈现明显的舆论分化与动态演变。初期（1-4小时），舆论以支持为主，肯定小米的担当态度，但责任归属争议已现，焦点集中在驾驶操作与智驾功能的边界。中期（5-12小时），两极分化加剧：支持方强调驾驶员主体责任，质疑方则追问技术缺陷（如车门锁死、电池安全），行业对比（特斯拉等案例）和家属动机猜测成为衍生议题。后期（13-19小时），争议趋于白热化，技术讨论（L2级智驾局限性、AEB失效）与情绪化言论（如“低价收车”调侃）并存，公众对智驾宣传的信任危机显现。贯穿全程的核心矛盾是车企责任边界与驾驶者安全的权责划分，理性呼吁等待调查与立场对抗持续交织。事件反映出新能源行业在技术成熟度、宣传规范与舆论应对上的集体挑战，最终演变为涉及技术伦理、商业竞争与社会情绪的复杂公共事件。（199字）,1,"[37, 75, 44, 12, 9, 6, 4, 8, 23, 48, 81, 68, 77, 78, 135, 123, 116, 441, 794]"
买东西前看检测报告靠谱吗_最终事件描述,“买东西前看检测报告靠谱吗”事件在舆论发酵过程中，公众情绪从愤怒质疑逐渐演变为深度不信任与无奈。初期（前8小时），评论集中抨击检测报告造假泛滥、消费者难以辨别真伪的问题，强烈要求严惩造假行为，并质疑平台与企业责任缺位，尤其指出“送检样品与实际商品不符”这一核心漏洞。随着讨论深入（第9小时），舆论进一步揭露行业乱象，如商家利用检测流程漏洞规避监管、第三方机构责任缺失及标准不透明等系统性问题。尽管部分声音强调官方认证和报告可查性的重要性，但整体舆论对监管效力持悲观态度，消费者信任感持续崩塌，甚至出现“因维权困难而减少消费”的消极应对。事件发展趋势凸显市场监管失灵与消费者权益保障体系的深层矛盾，最终导向对“重典治乱”的集体呼吁与无力感的交织。（198字）,0,"[4, 0, 4, 2, 3, 3, 0, 1, 10]"
香飘飘回应奶茶涨价至16元一杯_最终事件描述,香飘飘奶茶涨价至16元一杯事件引发持续争议，舆论呈现明显的两极分化趋势。初期（1-3小时），消费者对价格敏感度极高，负面情绪占主导，多数质疑性价比，认为冲泡奶茶不应与现制奶茶同价，并对比蜜雪冰城等低价品牌，嘲讽“飘了”“喝不起”。支持者则强调“特级龙井”原料升级，认为定价合理。中期（4-8小时），争议焦点转向原料真实性与品牌定位矛盾，超20%评论质疑“龙井”宣传，部分用户澄清仅新品涨价，但官方信息传播不足。后期（9-25小时），负面情绪持续发酵，半数消费者坚持“太贵”，并加剧对健康成分（如植脂末）的批评，替代消费倾向明显（转向自制或竞品）。尽管两成用户支持品质升级，但整体舆情凸显消费降级背景下对快消品涨价的抵触，品牌高端化策略与消费者认知割裂，最终演变为对定价合理性及企业诚信的广泛质疑。,0,"[4, 30, 14, 13, 8, 9, 5, 15, 6, 2, 3, 1, 2, 0, 0, 1, 1, 0, 0, 0, 0, 1, 3, 0, 1, 0]"
我以为演员要学历_最终事件描述,“演员要学历”事件始于对演员蒋欣等非科班演员的学历争议，初期舆论聚焦演技与学历的关联性，普遍倾向“能力＞学历”的价值观，强调天赋与实践的重要性（1-857小时）。随后争议转向赵露思，讨论逐渐两极分化：支持方以她的演技进步、公益行为和综艺真实感为由淡化学历门槛，反对方则坚持文化素养对行业标准的必要性，并衍生出“绝望的文盲”等嘲讽（858-875小时）。后期舆论焦点从学历本身转向行业生态反思，包括剪辑争议、网络暴力及演员心理健康问题（876-880小时）。整体呈现“黑红交织”态势，初期理性探讨逐渐被粉黑对抗情绪主导，最终演变为对娱乐圈生态和公众人物评价体系的广泛批判。,1,"[0, 0, 2, 4, 3, 0, 0, 1, 0, 0, 3, 7, 4, 1, 0, 2, 1, 0, 1, 0, 1, 3, 1, 3, 0, 1, 0, 0, 2, 1, 0, 1, 0, 0, 1, 0, 0, 1, 0, 1, 1, 0, 0, 1, 1, 0, 1, 1, 0, 0, 1, 1, 0, 0, 0, 1, 0, 0, 1, 0, 0, 1, 0, 1, 0, 0, 1, 3, 0, 0, 1, 0, 0, 1, 0, 0, 1, 0, 0, 0, 0, 0, 0, 0, 0, 0, 0, 0, 0, 1, 0, 1, 1, 0, 0, 0, 0, 1, 0, 0, 0, 0, 0, 0, 0, 0, 0, 0, 0, 1, 0, 0, 0, 0, 0, 0, 0, 0, 0, 0, 1, 0, 1, 0, 0, 0, 0, 0, 0, 0, 0, 1, 0, 1, 0, 0, 0, 0, 0, 0, 0, 0, 0, 0, 0, 0, 0, 0, 0, 1, 0, 0, 0, 0, 0, 0, 0, 0, 0, 0, 0, 0, 0, 0, 0, 0, 0, 1, 0, 0, 0, 0, 0, 0, 0, 0, 0, 0, 0, 0, 0, 0, 0, 0, 0, 0, 0, 0, 0, 0, 0, 1, 0, 0, 0, 0, 0, 1, 0, 0, 1, 0, 0, 0, 0, 1, 1, 0, 1, 0, 0, 0, 1, 0, 0, 0, 0, 1, 0, 1, 0, 1, 0, 0, 0, 0, 0, 0, 0, 0, 0, 0, 0, 0, 0, 0, 0, 0, 0, 0, 0, 0, 0, 0, 0, 0, 0, 0, 0, 0, 0, 0, 0, 0, 0, 0, 0, 0, 0, 0, 0, 0, 0, 0, 0, 0, 0, 0, 0, 0, 0, 0, 0, 0, 0, 0, 0, 0, 0, 0, 0, 0, 0, 0, 0, 0, 1, 1, 0, 0, 0, 0, 0, 1, 0, 0, 0, 0, 0, 0, 0, 0, 1, 0, 0, 0, 3, 0, 0, 0, 0, 0, 0, 1, 2, 2, 2, 0, 0, 0, 0, 0, 0, 0, 1, 0, 0, 0, 0, 1, 0, 0, 0, 0, 0, 0, 0, 0, 0, 0, 0, 1, 0, 0, 0, 0, 0, 0, 0, 0, 0, 0, 0, 0, 0, 0, 0, 0, 0, 1, 0, 0, 0, 0, 0, 0, 0, 0, 0, 0, 0, 0, 0, 0, 0, 0, 0, 0, 0, 0, 1, 0, 0, 0, 0, 0, 0, 0, 1, 0, 0, 0, 0, 0, 0, 0, 0, 0, 0, 0, 0, 0, 0, 1, 0, 0, 0, 0, 0, 0, 0, 0, 1, 0, 0, 0, 0, 0, 0, 0, 0, 0, 1, 0, 0, 0, 0, 1, 0, 0, 0, 0, 0, 0, 0, 0, 0, 0, 0, 0, 0, 0, 0, 0, 0, 0, 0, 0, 0, 0, 0, 0, 0, 0, 0, 0, 0, 1, 0, 1, 0, 0, 0, 0, 0, 0, 1, 0, 0, 0, 1, 0, 0, 0, 0, 1, 0, 0, 0, 1, 0, 0, 0, 0, 0, 0, 0, 0, 0, 0, 0, 0, 0, 0, 0, 0, 0, 0, 0, 0, 1, 0, 0, 0, 0, 0, 0, 0, 0, 0, 0, 0, 0, 0, 0, 0, 1, 0, 0, 0, 0, 0, 0, 0, 0, 0, 0, 1, 0, 0, 1, 0, 0, 0, 1, 1, 0, 0, 0, 0, 0, 0, 0, 0, 0, 0, 0, 0, 0, 0, 0, 0, 0, 0, 0, 2, 1, 0, 0, 0, 0, 0, 0, 3, 2, 5, 4, 3, 3, 0, 2, 1, 1, 0, 0, 0, 0, 0, 2, 2, 0, 0, 0, 0, 0, 0, 0, 1, 0, 0, 0, 0, 1, 1, 2, 0, 0, 0, 0, 0, 2, 0, 0, 0, 1, 0, 0, 0, 0, 0, 0, 0, 0, 0, 0, 0, 0, 1, 0, 0, 1, 1, 0, 0, 0, 1, 0, 0, 0, 0, 0, 0, 0, 0, 0, 0, 0, 0, 0, 0, 0, 0, 0, 0, 0, 0, 0, 0, 0, 0, 0, 0, 0, 0, 0, 0, 0, 0, 0, 0, 0, 0, 0, 0, 0, 0, 0, 0, 1, 0, 1, 0, 0, 0, 0, 0, 0, 0, 0, 0, 0, 0, 0, 0, 0, 0, 0, 1, 0, 0, 0, 0, 0, 0, 0, 0, 1, 0, 0, 0, 0, 0, 0, 0, 0, 0, 0, 0, 0, 0, 0, 0, 0, 0, 0, 0, 0, 0, 0, 0, 0, 0, 1, 0, 0, 0, 0, 0, 0, 0, 1, 0, 0, 0, 0, 0, 0, 0, 0, 0, 0, 0, 0, 2, 0, 0, 0, 0, 0, 0, 0, 0, 0, 0, 0, 0, 1, 0, 0, 1, 0, 1, 0, 0, 1, 0, 0, 0, 0, 0, 0, 0, 0, 0, 0, 0, 0, 0, 0, 0, 0, 0, 0, 0, 0, 0, 1, 0, 0, 0, 0, 0, 0, 0, 0, 0, 1, 0, 0, 0, 0, 0, 0, 0, 0, 0, 0, 0, 0, 0, 0, 0, 0, 0, 0, 0, 1, 0, 0, 0, 0, 0, 0, 0, 0, 0, 0, 0, 0, 0, 0, 0, 0, 0, 0, 0, 1, 0, 0, 1, 0, 1, 0, 0, 0, 0, 0, 0, 0, 0, 0, 0, 0, 0, 0, 0, 0, 2, 0, 8, 23, 9, 10, 8, 10, 12, 2, 9, 0, 0, 4, 0, 0, 2, 2, 1, 2, 16, 22, 66, 118]"
玫瑰 想离婚_最终事件描述,"**玫瑰想离婚事件总述**  
事件始于03年网红“玫瑰”突传离婚，初期舆论因信息混乱（身份误认、留学传闻等）陷入认知模糊，情绪两极分化：既有对跨国婚姻现实困境（文化差异、婆媳矛盾）的共情，也有质疑炒作或年龄早婚的争议。随着热度攀升，讨论焦点从个人婚姻矛盾（如“幸福人设”崩塌、育儿责任）泛化为对婚姻本质的悲观反思，形成“离婚自由”与“婚姻忍耐”的观点对冲。中期舆论转向理性探讨，深挖矛盾根源（经济不对等、沟通问题），但信息碎片化持续引发困惑，部分质疑事件真实性。后期争议升级为性别对立（“丧偶式婚姻”VS“公主病”）和网络暴力，营销号借机引流，无关话题掺杂。最终舆论倾向负面，认为双方心智不成熟、矛盾长期积累，但事件真实性仍存疑，整体呈现从震惊→泛化争论→理性反思→争议失焦的演变路径。（199字）",1,"[28, 38, 22, 26, 19, 20, 14, 9, 3, 2, 0, 2, 0, 3, 5, 10, 6, 1, 2, 5, 10, 9, 7, 5]"
黄子佼承认持有7名少女非法影片_最终事件描述,黄子佼承认持有未成年人非法影片事件引发持续舆论风暴。初期（1-78小时）舆论集中强烈谴责其犯罪行为，焦点包括对其妻子容忍态度的质疑（30%）、对台湾司法量刑过轻的不满（25%），并与韩国N号房等案件对比（15%），要求封杀劣迹艺人的呼声达20%。随着判决细节披露（79-84小时），8个月缓刑及10万罚款引发公愤，公众质疑司法纵容，对其重复出庭着装等表演性行为进行讽刺，同时震惊于案件细节（涉及35名未成年、2259部影像及"点餐"式拍摄）。后期（85-95小时）舆论持续发酵，愤怒情绪高涨，重点转向对未成年受害者（最低10岁）的强烈保护意识，并关联炎亚纶等艺人案例，形成对娱乐圈性犯罪生态的系统性质疑。整体呈现从个体谴责到司法批判、再到行业反思的升级态势，两岸舆论均表现出对性犯罪零容忍的共识。,1,"[0, 0, 0, 0, 0, 0, 0, 0, 0, 0, 0, 0, 1, 0, 0, 0, 0, 0, 0, 0, 0, 1, 0, 2, 1, 0, 0, 0, 0, 0, 0, 0, 0, 1, 1, 0, 0, 0, 0, 0, 0, 0, 0, 0, 0, 0, 0, 0, 0, 0, 0, 0, 0, 1, 0, 0, 1, 0, 0, 1, 0, 1, 0, 0, 0, 0, 0, 0, 0, 0, 0, 0, 0, 0, 0, 0, 0, 0, 27, 27, 63, 37, 34, 22, 25, 4, 5, 0, 1, 0, 2, 4, 4, 12, 11]"
抵制美国货在加拿大成潮流_最终事件描述,"**抵制美国货在加拿大成潮流事件总述**  

该事件初期（1-5小时）呈现明显的情绪两极分化：支持者高呼“加拿大人有骨气”，主张通过抵制反制美国关税政策，并嘲讽“互相伤害”；反对者则担忧经济代价，呼吁理性对话。争议焦点集中在关税报复（如特斯拉受影响）、加美盟友关系平衡及历史矛盾（如“火烧白宫”）。第6小时后，抵制情绪进一步发酵，部分网民扩大抵制范围，推荐转向中国产品，强调“反美觉醒”，而质疑者讽刺行动“父慈子孝”，认为效果有限。地缘标签（如“第51州”）和情绪化表达加剧，但实际影响力仍待观察。整体趋势显示，民间情绪从高涨逐渐转向对行动可持续性和替代方案的讨论，理性与激进观点持续博弈，反映出加美贸易争端下的社会分裂与身份焦虑。（198字）",0,"[0, 0, 2, 3, 1, 12, 8]"
A股疯牛_最终事件描述,"**A股疯牛事件总描述**  
此次疯牛行情呈现典型的“短期狂热与长期隐忧并存”特征。初期（1-7小时），市场情绪两极分化：部分投资者因短期暴涨兴奋加仓，甚至出现消费冲动和杠杆操作；但多数深套者（普遍亏损30%-60%）对回本持谨慎态度，老股民频繁警示风险。中期（7-48小时），赚钱效应吸引场外资金涌入，开户潮、板块轮动和交易异常（系统卡顿、挂单失败）成为焦点，但“解套即抛”心态与踏空焦虑加剧市场波动。后期（49-80小时），情绪极端化显现：乐观者高喊“4000点”“卖房加仓”，而亏损群体和理性投资者则质疑持续性，警惕“泡沫风险”和“机构收割”。政策利好与外资入场预期短暂支撑信心，但结构性矛盾（指数虚涨、个股滞涨）和非理性投机（杠杆、全仓赌博）最终引发对回调的普遍担忧。整体看，事件呈现“快速反弹—狂热投机—分歧加剧—风险累积”的演变路径，反映A股市场脆弱性与散户博弈心态的深层冲突。（199字）",0,"[0, 0, 0, 0, 2, 1, 1, 0, 0, 0, 0, 2, 0, 2, 0, 1, 0, 0, 1, 0, 0, 0, 0, 0, 0, 0, 0, 0, 0, 0, 0, 0, 0, 0, 0, 0, 0, 0, 0, 0, 0, 0, 0, 0, 0, 0, 0, 0, 0, 1, 0, 0, 0, 0, 0, 0, 4, 1, 2, 2, 0, 0, 0, 0, 0, 0, 0, 0, 0, 0, 0, 0, 0, 0, 0, 0, 0, 0, 0, 2, 7]"
男子吃增肌药3个月后性格大变_最终事件描述,该事件始于男子服用增肌药物3个月后出现性格异常，引发持续1128小时的舆论发酵。初期（1-1105小时）焦点集中在健身药物安全性争议，自然健身与科技健身形成对立，情绪分化明显，既有对药物副作用的担忧（如"健美圈噩耗"），也有戏谑调侃（如"九龙之力"）。中期（1106-1122小时）讨论转向健康风险警示，力补金秋胶囊等具体药物被曝光，舆论批判行业乱象，强调"健身先健脑"理念，同时出现无关话题扩散。后期（1123-1128小时）负面情绪主导，普遍谴责药物滥用导致的生理心理危害（如性功能障碍、性格改变），并延伸至健美圈生态批判与法律规范呼吁。整体呈现从个案讨论到行业反思的升级，舆论始终围绕健康与审美的核心矛盾，最终形成对非正规增肌药物滥用现象的集体警惕，反映出公众对健身价值观异化的深刻忧虑。,0,"[0, 0, 0, 0, 0, 0, 0, 0, 0, 0, 0, 0, 0, 0, 0, 0, 0, 0, 0, 0, 0, 0, 0, 0, 0, 0, 0, 0, 0, 0, 0, 0, 0, 0, 0, 0, 0, 0, 0, 0, 0, 0, 0, 0, 0, 0, 0, 0, 0, 0, 0, 0, 0, 0, 0, 0, 0, 1, 0, 0, 0, 0, 1, 0, 2, 0, 1, 1, 1, 1, 0, 0, 0, 0, 2, 0, 0, 0, 0, 0, 0, 0, 0, 0, 0, 0, 0, 0, 0, 0, 0, 0, 0, 0, 0, 0, 0, 0, 0, 0, 0, 0, 0, 0, 0, 0, 0, 0, 0, 0, 0, 0, 0, 0, 0, 0, 0, 0, 1, 0, 0, 0, 0, 0, 0, 0, 0, 0, 0, 0, 0, 0, 0, 0, 0, 0, 0, 0, 0, 1, 1, 0, 0, 0, 0, 0, 0, 0, 0, 0, 0, 0, 0, 0, 0, 0, 0, 0, 0, 0, 0, 0, 0, 0, 0, 0, 1, 0, 0, 0, 1, 1, 1, 0, 0, 1, 0, 0, 0, 0, 0, 0, 0, 0, 0, 0, 0, 0, 0, 0, 0, 0, 1, 0, 0, 0, 0, 0, 0, 0, 1, 0, 0, 0, 0, 0, 0, 0, 0, 0, 0, 0, 0, 0, 0, 0, 0, 1, 0, 0, 0, 0, 0, 0, 0, 0, 0, 0, 0, 0, 0, 0, 1, 0, 0, 0, 0, 0, 0, 0, 0, 0, 0, 0, 0, 0, 0, 0, 0, 0, 0, 0, 0, 0, 0, 0, 0, 0, 0, 0, 0, 0, 1, 0, 0, 0, 0, 0, 0, 0, 0, 0, 1, 0, 0, 0, 0, 0, 0, 0, 0, 0, 0, 0, 0, 0, 1, 0, 0, 0, 1, 0, 0, 0, 0, 0, 0, 0, 0, 0, 0, 0, 0, 0, 0, 0, 0, 0, 0, 0, 0, 0, 0, 0, 0, 0, 0, 0, 0, 0, 0, 0, 0, 0, 0, 0, 0, 0, 0, 0, 0, 0, 0, 0, 0, 2, 0, 0, 0, 3, 0, 0, 0, 0, 1, 0, 0, 0, 0, 0, 0, 0, 0, 0, 0, 0, 0, 0, 0, 0, 2, 0, 0, 0, 1, 0, 0, 0, 0, 0, 0, 0, 0, 0, 0, 1, 0, 0, 0, 1, 0, 0, 1, 0, 0, 0, 0, 0, 0, 0, 0, 0, 0, 0, 0, 0, 0, 0, 0, 0, 0, 0, 0, 0, 0, 0, 0, 0, 0, 0, 0, 0, 0, 0, 0, 0, 0, 0, 0, 0, 0, 0, 0, 0, 0, 0, 0, 0, 0, 0, 0, 0, 0, 0, 0, 0, 0, 0, 0, 0, 0, 0, 0, 0, 0, 0, 0, 0, 0, 0, 0, 0, 2, 1, 0, 0, 0, 1, 0, 0, 0, 0, 0, 0, 0, 0, 0, 0, 0, 0, 0, 0, 0, 0, 0, 0, 0, 0, 0, 1, 0, 0, 0, 2, 0, 0, 0, 1, 0, 0, 0, 0, 0, 0, 0, 0, 0, 0, 0, 1, 0, 0, 0, 0, 0, 3, 1, 0, 2, 0, 1, 0, 0, 0, 0, 0, 0, 0, 0, 0, 0, 0, 0, 0, 0, 0, 0, 0, 0, 0, 0, 0, 0, 0, 0, 0, 0, 0, 0, 0, 0, 0, 0, 0, 0, 0, 0, 0, 0, 0, 0, 0, 0, 0, 0, 0, 0, 0, 0, 0, 0, 1, 0, 0, 0, 0, 0, 0, 0, 0, 0, 0, 0, 0, 0, 0, 0, 0, 0, 1, 0, 0, 0, 0, 0, 0, 0, 0, 0, 0, 0, 0, 0, 0, 0, 0, 0, 0, 0, 0, 0, 0, 0, 0, 0, 0, 0, 0, 0, 0, 0, 0, 1, 0, 0, 0, 0, 0, 0, 0, 0, 0, 0, 0, 0, 0, 0, 1, 0, 0, 0, 0, 0, 0, 0, 0, 0, 0, 0, 0, 0, 0, 0, 0, 0, 1, 0, 0, 0, 0, 0, 0, 0, 0, 0, 0, 0, 0, 0, 0, 0, 0, 0, 0, 0, 0, 0, 0, 0, 0, 0, 0, 0, 0, 0, 0, 0, 0, 0, 0, 0, 0, 0, 0, 0, 0, 0, 0, 0, 0, 0, 0, 1, 0, 0, 0, 0, 0, 0, 0, 0, 0, 0, 0, 0, 0, 0, 0, 0, 0, 0, 0, 0, 0, 0, 0, 0, 0, 0, 0, 0, 0, 2, 2, 2, 4, 1, 0, 1, 0, 0, 0, 0, 0, 0, 0, 0, 0, 1, 0, 0, 1, 0, 0, 0, 0, 0, 0, 1, 2, 1, 0, 0, 0, 0, 0, 0, 0, 0, 0, 0, 1, 2, 1, 1, 0, 1, 0, 0, 0, 1, 0, 0, 0, 0, 0, 0, 0, 0, 0, 0, 0, 0, 0, 0, 0, 0, 1, 0, 0, 0, 1, 0, 0, 0, 0, 0, 0, 0, 0, 0, 0, 0, 0, 0, 0, 0, 0, 0, 0, 0, 0, 0, 0, 0, 0, 1, 0, 0, 0, 0, 1, 0, 0, 0, 0, 0, 0, 0, 0, 0, 0, 0, 0, 1, 0, 1, 0, 0, 0, 0, 0, 0, 1, 0, 0, 1, 0, 0, 0, 0, 0, 0, 0, 0, 0, 0, 0, 0, 2, 0, 0, 0, 0, 0, 0, 0, 0, 1, 0, 0, 0, 0, 0, 0, 0, 0, 0, 0, 0, 0, 0, 0, 1, 0, 0, 0, 0, 0, 0, 0, 0, 0, 0, 0, 1, 0, 0, 1, 0, 0, 0, 0, 0, 0, 0, 0, 1, 0, 0, 0, 0, 0, 0, 0, 0, 0, 0, 2, 0, 1, 0, 0, 0, 0, 0, 0, 0, 0, 0, 0, 0, 0, 0, 1, 0, 0, 0, 0, 0, 0, 0, 0, 1, 0, 1, 0, 0, 0, 0, 0, 0, 0, 1, 0, 0, 0, 0, 0, 0, 0, 0, 0, 0, 1, 1, 0, 0, 0, 0, 1, 0, 0, 0, 0, 1, 0, 0, 0, 0, 0, 0, 0, 0, 0, 0, 0, 0, 0, 2, 1, 2, 1, 0, 0, 0, 0, 0, 0, 0, 0, 0, 1, 0, 0, 2, 0, 0, 0, 0, 0, 0, 0, 0, 0, 0, 0, 0, 0, 0, 0, 0, 0, 0, 0, 0, 0, 1, 1, 0, 0, 0, 0, 0, 0, 0, 0, 0, 0, 0, 0, 0, 0, 0, 0, 0, 0, 0, 0, 0, 0, 0, 0, 0, 0, 0, 0, 1, 1, 0, 0, 1, 0, 1, 0, 1, 0, 0, 2, 0, 0, 0, 0, 0, 1, 1, 0, 1, 0, 0, 0, 2, 1, 1, 0, 0, 1, 0, 1, 0, 0, 0, 0, 0, 0, 1, 0, 1, 0, 1, 3, 0, 2, 4, 2, 3, 5, 8, 5, 6, 2, 5, 3, 1, 2, 2, 0, 2, 1, 2, 4, 1, 6, 14, 25, 19, 29, 22]"
以军空袭黎巴嫩首都已致5死_最终事件描述,"以军空袭黎巴嫩首都致5死事件引发舆论持续震荡，整体呈现以下发展脉络：  
**初期（1-3小时）**，舆论迅速分化，愤怒情绪主导，多数谴责以色列“军事霸权”和针对平民的袭击，担忧黎巴嫩成为“下一个加沙”，同时出现支持以军“精准打击”的声音。  
**中期（4-12小时）**，争议焦点转向中东国家“不团结”和军力悬殊，伊朗缺席、美国幕后支持成为热议话题，冲突扩大化预测（如“第五次中东战争”）和极端化言论（如“核武器”）涌现。  
**后期（13-314小时）**，舆论趋于固化，反以情绪升级，出现“纳粹”“屠杀”等标签化批判，战地记者安全、真主党高层被斩首等细节引发新关注，但核心矛盾仍围绕以色列军事优势与中东分裂。  
**整体趋势**：事件激化民族主义对立，凸显地区力量失衡与国际秩序失效，舆论从具体事件争议逐渐演变为对中东地缘格局的悲观反思，冲突长期化预期占据主导。（199字）",1,"[2, 33, 93, 57, 28, 23, 18, 17, 24, 47, 54, 64, 65, 51, 21, 8, 7, 6, 0, 5, 5, 3, 2, 5, 3, 0, 0, 0, 0, 1, 0, 0, 0, 0, 0, 0, 0, 0, 0, 0, 0, 1, 0, 0, 0, 0, 1, 2, 0, 1, 0, 0, 0, 0, 0, 0, 0, 0, 0, 1, 0, 1, 1, 0, 0, 1, 0, 0, 1, 1, 0, 0, 0, 0, 0, 0, 0, 0, 0, 0, 0, 0, 0, 0, 1, 1, 1, 0, 2, 1, 0, 0, 0, 0, 0, 0, 0, 2, 0, 0, 0, 0, 0, 0, 0, 0, 0, 0, 1, 0, 0, 0, 1, 0, 0, 0, 0, 0, 1, 0, 0, 0, 0, 0, 0, 0, 0, 0, 0, 0, 0, 0, 0, 1, 0, 0, 0, 0, 0, 0, 0, 0, 0, 0, 0, 0, 0, 0, 0, 0, 1, 0, 0, 0, 0, 0, 0, 0, 0, 0, 0, 0, 0, 0, 0, 0, 0, 0, 0, 0, 0, 0, 0, 0, 0, 0, 0, 0, 0, 0, 0, 0, 0, 1, 1, 4, 9, 7, 11, 10, 7, 11, 8, 1, 3, 0, 1, 1, 2, 0, 0, 1, 1, 4, 9, 1, 2, 5, 1, 4, 2, 5, 3, 0, 3, 3, 3, 3, 0, 1, 0, 0, 1, 0, 0, 1, 2, 1, 0, 2, 0, 0, 1, 0, 0, 0, 0, 0, 0, 0, 1, 2, 1, 0, 1, 0, 1, 0, 3, 0, 0, 0, 1, 2, 0, 1, 1, 0, 0, 0, 0, 0, 1, 0, 1, 0, 0, 0, 0, 0, 0, 0, 0, 0, 0, 0, 0, 0, 0, 0, 0, 0, 0, 0, 0, 0, 1, 0, 1, 0, 0, 0, 0, 0, 0, 0, 0, 0, 1, 1, 0, 0, 0, 2, 0, 0, 0, 0, 0, 0, 0, 0, 3, 51, 7]"
有网文作者股市已赚300万直接断更_最终事件描述,"**事件总述：**  
网文作者炒股暴赚300万后断更的事件在12小时内持续发酵，舆论呈现明显的两极分化与动态演变。初期（1-3小时），市场情绪以“暴富神话”为主导，大量用户炫耀短期收益（如三天赚千万），引发FOMO情绪，但伴随对高本金需求及真实性的质疑。中期（4-8小时），讨论转向理性批判，老股民普遍以未解套经历警示风险，指出“幸存者偏差”和“镰刀论”，舆论从亢奋渐趋谨慎。后期（9-12小时），焦点转移至事件真实性（炒作嫌疑）和股市泡沫反思，多数用户结合自身亏损自嘲，强调“300万不足以财富自由”，并对短期行情持深度怀疑。整体来看，事件从个体案例逐步升级为散户对市场投机生态的集体审视，反映出狂热行情下普通投资者的矛盾心态——既渴望搭便车，又恐惧成为接盘侠。市场情绪最终从跟风冲动回归至风险主导的理性焦虑。",1,"[13, 22, 49, 318, 557, 12, 20, 18, 33, 25, 35, 29, 14, 0]"
新秀王安冉离婚_最终事件描述,新秀王安冉离婚事件经历了从爆发、争议到深度发酵的多阶段演变。初期（1-72小时）舆论以震惊为主，网友对突然的离婚消息感到意外，并猜测财产、债务等现实因素。中期（72-500小时）焦点转向责任归属，双方互相指责，同时粉丝群体逐渐分化。后期（500-716小时）讨论趋于理性，关注子女抚养和婚姻伦理等深层议题，并与王安冉的音乐作品（如《了不起》）产生关联。第717小时后，事件出现新动态，疑似王安冉账号的异常发言引发广泛困惑，新关联人名“喾逸”出现，舆论陷入高度混乱。随后（718-721小时），猜测集中在新秀疑似出轨，其过往言行被反讽，同时身份混淆（如误认为韩安冉）和愚人节质疑加剧了信息混乱。整体上，舆论从娱乐性讨论转向对婚姻伦理和网红经济的反思，但真相仍待当事人正式回应。,0,"[0, 0, 0, 0, 0, 0, 0, 0, 0, 0, 0, 0, 0, 0, 0, 0, 0, 0, 0, 0, 0, 0, 0, 0, 1, 1, 1, 0, 0, 0, 0, 0, 0, 0, 0, 0, 0, 0, 0, 0, 0, 1, 0, 0, 0, 0, 0, 0, 0, 0, 0, 0, 0, 0, 0, 0, 0, 0, 0, 0, 0, 0, 0, 0, 0, 0, 0, 0, 0, 1, 0, 0, 0, 0, 0, 0, 0, 0, 0, 0, 0, 0, 0, 0, 0, 0, 0, 0, 0, 0, 0, 0, 0, 0, 0, 0, 0, 0, 0, 0, 0, 1, 0, 0, 0, 0, 0, 0, 0, 0, 0, 0, 0, 0, 0, 0, 0, 0, 0, 0, 1, 0, 0, 0, 0, 0, 0, 0, 0, 0, 0, 0, 0, 0, 0, 0, 0, 0, 0, 0, 0, 0, 0, 0, 0, 0, 1, 0, 0, 0, 0, 0, 0, 0, 0, 0, 0, 0, 0, 0, 0, 0, 0, 0, 0, 0, 0, 0, 0, 0, 0, 0, 0, 0, 0, 0, 0, 0, 0, 0, 0, 0, 0, 0, 0, 0, 0, 0, 0, 0, 0, 0, 0, 0, 0, 0, 0, 0, 0, 0, 0, 0, 0, 0, 0, 0, 0, 0, 0, 0, 0, 0, 0, 0, 0, 0, 0, 0, 0, 0, 0, 0, 0, 0, 0, 0, 0, 0, 0, 0, 0, 0, 0, 0, 0, 0, 0, 0, 1, 0, 2, 0, 2, 0, 1, 1, 0, 1, 0, 0, 0, 0, 0, 0, 0, 2, 1, 0, 0, 0, 0, 0, 0, 0, 0, 0, 0, 0, 1, 1, 1, 0, 1, 0, 0, 0, 0, 0, 0, 1, 0, 0, 0, 0, 0, 0, 0, 0, 0, 1, 0, 0, 0, 0, 0, 0, 0, 0, 0, 0, 0, 0, 0, 0, 0, 0, 0, 0, 0, 0, 0, 0, 0, 0, 0, 0, 0, 1, 0, 1, 0, 0, 0, 0, 0, 0, 0, 0, 0, 0, 0, 0, 0, 0, 0, 0, 1, 1, 0, 1, 0, 2, 0, 0, 0, 0, 0, 0, 0, 0, 0, 0, 0, 0, 0, 0, 0, 0, 0, 0, 0, 0, 0, 0, 0, 0, 0, 0, 0, 0, 0, 0, 0, 0, 0, 0, 0, 0, 0, 0, 0, 0, 0, 0, 0, 0, 0, 0, 1, 0, 0, 0, 1, 0, 1, 0, 0, 0, 1, 0, 0, 0, 0, 0, 0, 0, 0, 0, 0, 2, 0, 3, 0, 0, 0, 1, 0, 0, 0, 0, 0, 0, 0, 0, 0, 0, 0, 0, 0, 0, 0, 0, 1, 0, 0, 0, 0, 0, 0, 1, 0, 0, 0, 0, 0, 0, 0, 0, 0, 0, 0, 0, 0, 0, 1, 0, 0, 0, 0, 0, 0, 0, 0, 0, 0, 0, 0, 0, 0, 0, 0, 0, 0, 0, 1, 2, 0, 0, 0, 0, 0, 0, 2, 0, 0, 0, 2, 2, 0, 0, 0, 0, 0, 1, 0, 1, 0, 0, 0, 0, 0, 0, 0, 0, 0, 0, 0, 0, 0, 0, 1, 0, 0, 0, 0, 0, 0, 0, 0, 0, 0, 0, 0, 0, 1, 0, 1, 0, 0, 0, 1, 0, 0, 0, 0, 0, 0, 0, 0, 0, 0, 1, 0, 0, 0, 1, 0, 1, 0, 0, 0, 0, 0, 0, 0, 0, 0, 0, 0, 0, 0, 0, 0, 0, 0, 0, 0, 0, 0, 0, 0, 0, 0, 0, 0, 0, 0, 0, 0, 0, 1, 0, 0, 2, 0, 1, 0, 0, 0, 0, 1, 0, 0, 0, 0, 0, 0, 0, 0, 0, 0, 0, 0, 0, 1, 1, 0, 1, 0, 0, 0, 0, 0, 0, 0, 1, 0, 0, 0, 0, 0, 0, 0, 0, 0, 1, 4, 2, 2, 1, 0, 0, 0, 0, 0, 0, 0, 0, 0, 0, 0, 0, 0, 0, 0, 0, 0, 0, 0, 0, 0, 0, 0, 0, 0, 0, 0, 0, 0, 0, 0, 0, 0, 0, 0, 0, 0, 0, 0, 0, 1, 0, 1, 0, 0, 1, 1, 1, 0, 0, 1, 0, 0, 1, 0, 0, 0, 0, 0, 0, 1, 0, 0, 0, 0, 0, 0, 0, 0, 1, 5, 1, 0, 0, 1, 0, 1, 0, 0, 0, 0, 1, 1, 3, 0, 0, 0, 98, 153, 168, 96]"
当年轻人开始去学术酒吧_最终事件描述,“年轻人开始去学术酒吧”事件呈现从猎奇探索到争议反思的演变趋势。初期（1-2小时），该现象以“酒精+学术”的新颖组合引发广泛好奇，人文社科群体兴趣高涨，地域需求（如北京、上海）和学科门槛调侃成为焦点。中期（3-348小时），讨论逐渐分化：支持者推崇其深度社交与思想碰撞价值，类比历史沙龙；反对者质疑“伪学术”倾向，尤其批评理工科内容缺失及“小资优越感”。地域扩展至深圳、武汉等地，功能延伸至失眠解决、相亲场景。后期（349-1727小时），舆论转向对形式与内容适配性的结构性反思，争议聚焦学术娱乐化的边界，如屏摄风险、敏感话题规避等。尽管两极评价持续（“智性恋天堂”vs“装模作样”），事件最终折射出年轻一代对公共知识空间的渴望与对文化消费主义的警惕。（199字）,0,"[0, 0, 1, 0, 0, 1, 0, 0, 0, 2, 0, 0, 0, 0, 0, 0, 0, 0, 0, 0, 0, 0, 0, 0, 0, 0, 0, 0, 0, 0, 0, 0, 0, 0, 0, 0, 0, 0, 0, 0, 0, 0, 0, 0, 0, 0, 0, 0, 0, 0, 0, 0, 0, 0, 0, 0, 0, 0, 0, 0, 0, 0, 0, 0, 0, 0, 0, 0, 0, 0, 0, 0, 0, 0, 0, 0, 0, 0, 0, 0, 0, 0, 0, 0, 0, 0, 0, 0, 0, 0, 0, 0, 0, 0, 0, 0, 0, 0, 0, 0, 0, 0, 0, 0, 0, 0, 0, 0, 0, 0, 0, 0, 0, 0, 0, 0, 0, 0, 0, 0, 0, 0, 0, 0, 0, 0, 0, 0, 0, 0, 0, 0, 0, 0, 0, 0, 0, 0, 0, 0, 0, 0, 0, 0, 0, 0, 0, 0, 0, 0, 0, 0, 0, 0, 0, 0, 0, 0, 0, 0, 0, 0, 0, 0, 0, 0, 0, 0, 0, 0, 0, 0, 0, 0, 0, 0, 0, 0, 0, 0, 0, 0, 0, 0, 0, 0, 0, 0, 0, 0, 0, 0, 0, 0, 0, 0, 0, 0, 0, 0, 0, 0, 0, 0, 0, 0, 0, 0, 0, 0, 0, 0, 0, 0, 0, 0, 0, 0, 0, 0, 0, 0, 0, 0, 0, 0, 0, 0, 0, 0, 0, 0, 0, 0, 0, 0, 0, 0, 0, 0, 0, 0, 0, 0, 0, 0, 0, 0, 0, 0, 0, 0, 0, 0, 0, 0, 0, 0, 0, 0, 0, 0, 0, 0, 0, 0, 0, 0, 0, 0, 0, 0, 0, 0, 0, 0, 0, 0, 0, 0, 0, 0, 0, 0, 0, 0, 0, 0, 0, 0, 0, 0, 0, 0, 0, 0, 0, 0, 0, 0, 0, 0, 0, 0, 0, 0, 0, 0, 0, 0, 0, 0, 0, 0, 0, 0, 0, 0, 0, 0, 0, 0, 0, 0, 0, 0, 0, 0, 0, 0, 0, 0, 0, 0, 0, 0, 0, 0, 0, 0, 0, 0, 0, 0, 0, 0, 0, 0, 2, 1, 1, 0, 0, 0, 0, 0, 0, 1, 0, 0, 0, 0, 0, 0, 0, 0, 0, 0, 0, 0, 0, 0, 0, 0, 1, 0, 0, 0, 0, 0, 0, 0, 0, 0, 0, 0, 0, 0, 0, 0, 0, 0, 0, 0, 1, 2, 3, 3, 4, 0, 0, 0, 0, 0, 0, 0, 0, 0, 0, 0, 0, 0, 0, 0, 0, 0, 0, 0, 0, 1, 0, 0, 0, 0, 0, 0, 0, 1, 0, 0, 0, 0, 0, 0, 0, 0, 0, 0, 0, 0, 0, 0, 0, 0, 0, 0, 0, 0, 0, 0, 0, 0, 0, 0, 0, 0, 0, 0, 0, 0, 0, 0, 0, 0, 0, 0, 0, 0, 0, 1, 0, 0, 0, 0, 0, 0, 0, 0, 0, 0, 0, 0, 0, 0, 0, 0, 0, 0, 0, 0, 0, 0, 0, 0, 0, 0, 0, 0, 0, 0, 0, 0, 0, 0, 0, 0, 0, 0, 0, 0, 0, 0, 0, 0, 0, 0, 0, 0, 0, 0, 0, 0, 0, 0, 0, 0, 0, 0, 0, 0, 0, 0, 0, 0, 0, 0, 0, 0, 0, 0, 0, 0, 0, 0, 0, 0, 0, 0, 0, 0, 0, 0, 0, 0, 0, 0, 0, 0, 0, 0, 0, 0, 0, 0, 0, 0, 0, 0, 0, 0, 0, 0, 0, 0, 0, 0, 0, 0, 0, 0, 0, 0, 0, 0, 0, 0, 0, 0, 0, 0, 0, 0, 0, 0, 0, 0, 0, 0, 0, 0, 0, 0, 0, 0, 0, 0, 0, 0, 0, 0, 0, 0, 0, 0, 0, 0, 0, 0, 0, 0, 0, 0, 0, 0, 0, 0, 0, 0, 0, 0, 0, 0, 0, 0, 0, 0, 0, 0, 0, 0, 0, 0, 0, 0, 0, 0, 0, 0, 0, 0, 0, 0, 0, 0, 0, 0, 0, 0, 0, 0, 0, 0, 0, 0, 0, 0, 0, 0, 0, 0, 0, 0, 0, 0, 0, 0, 0, 0, 0, 0, 0, 0, 0, 0, 0, 0, 0, 0, 0, 0, 0, 0, 0, 0, 0, 0, 0, 0, 0, 0, 0, 0, 0, 0, 0, 0, 0, 0, 0, 0, 0, 0, 0, 0, 0, 0, 0, 0, 0, 0, 0, 0, 0, 0, 0, 0, 0, 0, 0, 0, 0, 0, 0, 0, 0, 0, 0, 0, 0, 0, 0, 0, 0, 0, 0, 0, 0, 0, 0, 0, 0, 0, 0, 0, 0, 0, 0, 0, 0, 0, 0, 0, 0, 0, 0, 0, 0, 0, 0, 0, 0, 0, 0, 0, 0, 0, 0, 0, 0, 0, 0, 0, 0, 0, 0, 0, 0, 0, 0, 0, 0, 0, 0, 0, 0, 0, 0, 0, 0, 0, 0, 0, 0, 0, 0, 0, 0, 0, 0, 0, 0, 0, 0, 0, 0, 0, 0, 0, 0, 0, 0, 0, 0, 0, 0, 0, 0, 0, 0, 0, 0, 0, 0, 0, 0, 0, 0, 0, 0, 0, 0, 0, 0, 0, 0, 0, 0, 0, 0, 0, 0, 0, 0, 0, 0, 0, 0, 0, 0, 0, 0, 0, 0, 0, 0, 0, 0, 0, 0, 0, 0, 0, 0, 0, 0, 0, 0, 0, 0, 0, 0, 0, 0, 0, 0, 0, 0, 0, 0, 0, 0, 0, 0, 0, 0, 0, 0, 0, 0, 0, 0, 0, 0, 0, 0, 0, 0, 0, 0, 0, 0, 0, 0, 0, 0, 0, 0, 0, 0, 0, 0, 0, 0, 0, 0, 0, 0, 0, 0, 0, 0, 0, 0, 0, 0, 0, 0, 0, 0, 0, 0, 0, 0, 0, 0, 0, 0, 0, 0, 0, 0, 0, 0, 0, 0, 0, 0, 0, 0, 0, 0, 0, 0, 0, 0, 0, 0, 0, 0, 0, 0, 0, 0, 0, 0, 0, 0, 0, 0, 0, 0, 0, 0, 0, 0, 0, 0, 0, 0, 0, 0, 0, 0, 0, 0, 0, 0, 0, 0, 0, 0, 0, 0, 0, 0, 0, 0, 0, 0, 0, 0, 0, 0, 0, 0, 0, 0, 0, 0, 0, 0, 0, 0, 0, 0, 0, 0, 0, 0, 0, 0, 0, 0, 0, 0, 0, 0, 0, 0, 0, 0, 0, 0, 0, 0, 0, 0, 0, 0, 0, 0, 0, 0, 0, 0, 0, 0, 0, 0, 0, 0, 0, 0, 0, 0, 0, 0, 0, 0, 0, 0, 0, 0, 0, 0, 0, 0, 0, 0, 0, 0, 0, 0, 0, 0, 0, 0, 0, 0, 0, 0, 0, 0, 0, 0, 0, 0, 0, 0, 0, 0, 0, 0, 0, 0, 0, 0, 0, 0, 0, 0, 0, 0, 0, 0, 0, 0, 0, 0, 0, 0, 0, 0, 0, 0, 0, 0, 0, 0, 0, 0, 0, 0, 0, 0, 0, 0, 0, 0, 0, 0, 0, 0, 0, 0, 0, 0, 0, 0, 0, 0, 0, 0, 0, 0, 0, 0, 0, 0, 0, 0, 0, 0, 0, 0, 0, 0, 0, 0, 0, 0, 0, 0, 0, 0, 0, 0, 0, 0, 0, 0, 0, 0, 0, 0, 0, 0, 0, 0, 0, 0, 0, 0, 0, 0, 0, 0, 0, 0, 0, 0, 0, 0, 0, 0, 0, 0, 0, 0, 0, 0, 0, 0, 0, 0, 0, 0, 0, 0, 0, 0, 0, 0, 0, 0, 0, 0, 0, 0, 0, 0, 0, 0, 0, 0, 0, 0, 0, 0, 0, 0, 0, 0, 0, 0, 0, 0, 0, 0, 0, 0, 0, 0, 0, 0, 0, 0, 0, 0, 0, 0, 0, 0, 0, 0, 0, 0, 0, 0, 0, 0, 0, 0, 0, 0, 0, 0, 0, 0, 0, 0, 0, 0, 0, 0, 0, 0, 0, 0, 0, 0, 0, 0, 0, 0, 0, 0, 0, 0, 0, 0, 0, 0, 0, 0, 0, 0, 0, 0, 0, 0, 0, 0, 0, 0, 0, 0, 0, 0, 0, 0, 0, 0, 0, 0, 0, 0, 0, 0, 0, 0, 0, 0, 0, 0, 0, 0, 0, 0, 0, 0, 0, 0, 0, 0, 0, 0, 0, 0, 0, 0, 0, 0, 0, 0, 0, 0, 0, 0, 0, 0, 0, 0, 0, 0, 0, 1, 0, 1, 2, 0, 0, 0, 0, 0, 0, 0, 0, 0, 2, 1, 0, 2, 2, 2, 0, 2, 0, 0, 0, 0, 1, 0, 0, 0, 0, 0, 0, 0, 0, 1, 0, 0, 0, 0, 0, 0, 0, 0, 0, 0, 0, 0, 0, 0, 0, 0, 0, 0, 0, 0, 0, 0, 0, 0, 0, 0, 0, 0, 0, 0, 0, 0, 0, 0, 0, 0, 0, 0, 0, 0, 0, 0, 0, 0, 0, 0, 0, 0, 0, 0, 0, 0, 0, 0, 0, 0, 0, 0, 0, 0, 0, 0, 0, 0, 0, 0, 0, 0, 0, 0, 0, 0, 0, 0, 0, 0, 0, 0, 0, 0, 0, 0, 0, 0, 0, 0, 0, 0, 0, 0, 0, 0, 0, 0, 0, 0, 0, 0, 0, 0, 0, 0, 0, 0, 0, 0, 0, 0, 0, 0, 0, 0, 0, 0, 0, 0, 0, 0, 0, 0, 0, 0, 0, 0, 0, 0, 0, 0, 0, 0, 0, 0, 0, 0, 0, 0, 0, 0, 0, 0, 0, 0, 0, 0, 0, 0, 0, 0, 0, 0, 0, 0, 0, 0, 0, 0, 0, 0, 0, 0, 0, 0, 0, 0, 0, 0, 0, 0, 0, 0, 0, 0, 0, 0, 0, 0, 0, 0, 0, 0, 0, 1, 0, 0, 0, 0, 0, 0, 0, 0, 0, 0, 0, 0, 0, 0, 0, 0, 0, 0, 0, 0, 0, 0, 0, 0, 0, 0, 0, 0, 0, 0, 0, 0, 0, 0, 0, 0, 0, 0, 0, 0, 0, 0, 0, 0, 0, 0, 0, 0, 0, 0, 0, 0, 0, 0, 0, 0, 0, 0, 0, 0, 0, 0, 0, 0, 0, 0, 0, 0, 0, 0, 0, 0, 0, 0, 0, 0, 0, 0, 0, 0, 0, 0, 0, 0, 0, 0, 0, 0, 0, 0, 0, 0, 0, 0, 0, 0, 0, 0, 0, 0, 0, 0, 0, 0, 0, 0, 0, 0, 0, 0, 0, 0, 0, 0, 0, 0, 0, 0, 0, 0, 0, 0, 0, 0, 0, 0, 0, 0, 0, 0, 0, 0, 0, 0, 0, 0, 0, 0, 0, 0, 0, 0, 0, 1]"
男子长期被妻子责骂偷住邻居家被抓_最终事件描述,该事件舆论发展呈现明显的阶段性演变：初期（1-16小时）以戏谑调侃为主，网友用"母老虎"等标签娱乐化婚姻矛盾；中期（17-20小时）转向严肃讨论，两极分化加剧——同情者强调男子长期遭受语言暴力构成家暴，质疑性别双重标准；批评者则聚焦非法侵入的违法性，认为应通过离婚解决。后期（21-24小时）争议升级为性别议题与社会反思，核心矛盾集中在三点：1.语言暴力是否属家暴的法律认定；2.性别角色刻板印象（对比女性受害者舆论差异）；3.婚姻困境的解决路径（经济约束/司法救济）。整体趋势从猎奇消解转向深层社会矛盾讨论，媒体报道细节（如37元涉案金额）和黑色幽默（"牢房更舒适"）持续引发争议，反映公众对家暴认知、性别平等及婚姻制度的多重焦虑。（199字）,1,"[0, 0, 0, 0, 0, 0, 0, 0, 0, 0, 0, 0, 0, 0, 0, 5, 20, 63, 48, 40, 53, 34, 28, 22]"
对智能驾驶的宣传不能再含糊其辞了_最终事件描述,该事件在48小时内围绕智能驾驶宣传的模糊性引发持续争议，舆论呈现明显的阶段性演变。初期（前18小时）聚焦技术安全性与责任归属，公众普遍质疑L2-L3级智驾成熟度，讽刺车企“L2.999”等话术，情绪以谨慎和讽刺为主。中期（19-30小时）争议升级，技术缺陷（如高速识别延迟、车门锁死）、宣传误导（混淆辅助与自动驾驶）及电池安全成为核心矛盾，舆论两极分化，部分用户转向传统油车，行业信任危机加剧。后期（31-43小时）讨论转向责任界定与行业规范，要求车企明确技术边界、强化安全警示，华为、特斯拉等品牌被横向对比，监管介入呼声高涨。整体趋势显示，公众对智能驾驶的焦虑从技术可靠性转向宣传透明度和责任划分，反映出对行业规范化的迫切需求。,1,"[0, 0, 0, 0, 0, 0, 0, 0, 0, 0, 0, 1, 1, 0, 0, 6, 3, 4, 6, 17, 21, 37, 64, 46, 26, 29, 5, 8, 9, 7, 12, 24, 38, 59, 76, 455, 978, 146, 69, 46, 38, 68, 45]"
王烁家暴_最终事件描述,王烁家暴事件呈现出“低认知度爆发—争议焦点转移—热度快速消退”的典型特征。事件初期（1-7小时），舆论因当事人知名度低而认知分化，谴责家暴与外貌攻击并存；8-20小时进入爆发期，热搜推动扩散但伴随身份误认，法律定性（家暴vs故意伤害）和性别议题成为核心争议，当事人退网行为加剧质疑。中期（21-36小时）负面情绪主导，面相评价、过往黑料被挖，但公众认知割裂持续（超八成评论表示“不认识”）。后期（37-48小时）讨论趋于疲软，戏谑化明显（如误认王栎鑫、求陪玩梗），严肃议题被娱乐化消解。48小时后事件彻底失焦，仅剩少量粉丝情绪宣泄和法律术语争论，反映出网红负面事件的短暂生命周期——公众因猎奇围观，又因缺乏认知基础快速遗忘，最终演变为一场“无人在意的塌房”。（199字）,0,"[0, 1, 0, 0, 0, 0, 0, 2, 12, 7, 1, 1, 1, 2, 2, 5, 2, 1, 1, 5, 0, 1, 0, 0, 2, 1, 3, 0, 1, 0, 2, 2, 3, 2, 6, 4, 5, 3, 6, 5, 3, 3, 0, 0, 1, 5, 1, 1, 1, 3, 0, 0, 1, 0, 1, 3, 1, 2, 2, 3, 1, 3, 3, 2, 1, 3, 0, 3, 2, 2, 5, 0, 0, 0, 0, 0, 1, 0, 0, 0, 0, 0, 0, 0, 0, 0, 1, 0, 0, 0, 1, 0, 0, 0, 0, 1, 0, 0, 0, 0, 0, 0, 0, 0, 0, 0, 0, 0, 0, 0, 0, 0, 0, 0, 0, 0, 0, 0, 0, 0, 0, 0, 0, 0, 0, 0, 0, 0, 0, 0, 0, 0, 0, 0, 0, 0, 0, 0, 0, 0, 1, 0, 0, 0, 0, 0, 0, 0, 0, 0, 0, 0, 0, 0, 0, 0, 0, 0, 0, 0, 0, 0, 0, 0, 0, 0, 0, 0, 0, 0, 0, 0, 0, 0, 0, 0, 0, 0, 0, 0, 0, 0, 0, 0, 0, 0, 0, 0, 0, 0, 0, 0, 1, 0, 0, 0, 0, 0, 0, 0, 0, 0, 0, 0, 0, 0, 0, 0, 0, 0, 0, 0, 0, 0, 0, 0, 0, 0, 0, 0, 0, 0, 0, 0, 0, 0, 0, 0, 0, 0, 0, 0, 0, 0, 0, 0, 0, 0, 0, 0, 0, 0, 0, 0, 0, 0, 0, 0, 0, 0, 0, 0, 0, 0, 0, 0, 0, 0, 0, 0, 0, 0, 0, 0, 0, 0, 0, 0, 0, 0, 0, 0, 0, 0, 0, 0, 0, 0, 0, 0, 0, 0, 0, 0, 0, 0, 0, 0, 0, 0, 0, 0, 0, 0, 0, 0, 0, 0, 0, 0, 0, 0, 0]"
床垫骗局_最终事件描述,"**床垫骗局事件总述**  
该事件在4小时内呈现明显的舆论升级与议题深化趋势。初期（第1小时）以娱乐化粉丝互动为主，随后迅速转向社会问题曝光，核心矛盾聚焦于针对老年人的床垫骗局，揭露其三大特征：赠品诱骗、无证经营和洗脑营销。第2小时讨论趋于具体化，涉事品牌（如可喜安、和也）被点名，骗局细节（高价无效产品、假冒实名）引发嘲讽与担忧，同时出现信息混杂现象。第3-4小时舆论情绪激化，愤怒与呼吁成为主流，网民集中谴责商家无良行为，强调家庭防骗科普（如转发警示内容）和监管强化（法律惩戒、市场整顿）的双重必要性。事件从个体案例发展为公共安全议题，推动防骗意识广泛传播，凸显老年人权益保护的迫切性。整体呈现“娱乐关注→细节曝光→社会动员”的递进式演变，最终形成对灰色产业链的集体声讨与反思。（199字）",0,"[20, 0, 140, 1]"
水果骗局_最终事件描述,"**水果骗局事件总描述：**  
事件初期，舆论聚焦于“高端水果/蔬菜”营销骗局，揭露玉米笋、奶油富士等实为残次品或普通农产品包装溢价，引发城乡认知差异争议（农村用户嘲讽“智商税”，部分城市消费者自嘲受骗）。随后，讨论迅速扩展至“变异水果”（如辣椒芒、豹纹芒果）和命名套路（如“水果+牛奶”前缀），消费者普遍质疑商家通过美化瑕疵品、虚假宣传（如染色、标签造假）牟利，情绪以愤怒和嘲讽为主。中期，舆论转向集体拆解营销话术（如“小果=次果”“新奇特”），小红书、盒马等平台被指助推乱象，同时部分产品（如玉米笋）因口感获两极评价。后期，愤怒情绪升级，染色水果（如“哈儿果”）和景区消费陷阱成为焦点，但整体对抗性减弱，戏谑自嘲增多，消费者总结出“蔬菜冠水果名即涨价”的套路，呼吁加强监管并回归传统消费。事件暴露出农产品信息差、过度营销及监管缺失问题，最终以普遍警惕性提升和无力感蔓延收尾。（199字）",0,"[0, 0, 0, 0, 0, 0, 0, 0, 0, 1, 0, 2, 1, 2, 3, 3, 0, 10, 7, 4, 5, 7, 4, 3, 2, 1, 0, 0, 0, 1, 10, 4, 13, 33, 103]"
辛巴疑似怒怼韦雪_最终事件描述,辛巴疑似怒怼韦雪事件持续发酵，舆论呈现明显的阶段性演变。初期（1-2123小时），争议焦点集中于辛巴言论的两极化评价，部分支持其“揭露行业乱象”，另一部分批评其“博流量”和人身攻击，关联人物黄晓明、叶珂被卷入，情绪从愤怒逐渐转向理性反思。中期（2124-2125小时），舆论转向对辛巴的强烈质疑，多数批评其“性别双标”和“蹭流量”，负面情绪主导，韦雪因高情商回应获支持，辛巴公众形象受损。后期（2126-2127小时），争议持续激化，性别对立成为核心矛盾，辛巴被指“爹味说教”和“厌女”，支持声量显著减弱，事件陷入僵局。整体来看，事件从情绪化对抗演变为对性别平等和公众人物责任的深度讨论，辛巴成为舆论批判的焦点，而韦雪则因应对得体赢得较多同情。,0,"[1, 0, 0, 0, 0, 0, 0, 0, 0, 0, 0, 0, 0, 1, 0, 0, 1, 0, 0, 0, 0, 0, 0, 0, 0, 0, 0, 0, 0, 0, 0, 0, 0, 0, 0, 0, 0, 0, 0, 0, 0, 0, 0, 0, 0, 0, 0, 0, 0, 0, 0, 0, 0, 0, 0, 0, 0, 0, 0, 0, 0, 0, 0, 0, 0, 0, 0, 0, 0, 1, 0, 0, 0, 0, 0, 0, 0, 0, 0, 0, 1, 0, 1, 1, 0, 0, 0, 0, 0, 1, 0, 0, 1, 0, 0, 0, 0, 0, 0, 0, 0, 0, 0, 0, 0, 0, 0, 0, 0, 0, 0, 0, 0, 0, 0, 1, 0, 0, 0, 0, 0, 0, 0, 0, 0, 0, 0, 0, 0, 0, 1, 0, 0, 0, 0, 0, 0, 0, 0, 0, 0, 0, 0, 0, 0, 0, 0, 0, 0, 0, 0, 0, 0, 0, 0, 0, 0, 0, 0, 0, 0, 0, 0, 0, 0, 0, 0, 0, 0, 0, 0, 0, 0, 0, 0, 0, 0, 0, 0, 1, 0, 0, 0, 0, 0, 0, 0, 0, 0, 0, 0, 0, 0, 0, 0, 0, 0, 0, 0, 1, 0, 0, 0, 1, 0, 0, 0, 0, 0, 0, 0, 0, 0, 0, 0, 0, 0, 0, 0, 0, 0, 0, 0, 0, 0, 0, 0, 0, 0, 0, 0, 0, 0, 0, 0, 0, 1, 0, 0, 0, 0, 0, 0, 0, 0, 0, 0, 0, 0, 2, 0, 0, 0, 1, 0, 1, 0, 1, 0, 0, 0, 1, 0, 0, 0, 0, 0, 0, 0, 0, 0, 0, 0, 0, 0, 0, 0, 0, 0, 0, 0, 0, 0, 0, 0, 0, 0, 0, 0, 0, 0, 0, 0, 0, 0, 0, 0, 0, 0, 0, 0, 0, 0, 0, 0, 0, 0, 1, 0, 0, 0, 0, 0, 0, 1, 0, 0, 0, 0, 0, 0, 0, 0, 0, 0, 0, 1, 0, 0, 0, 0, 0, 0, 1, 0, 0, 0, 0, 0, 0, 0, 0, 0, 0, 0, 0, 0, 0, 0, 0, 0, 0, 0, 0, 0, 0, 0, 0, 0, 0, 0, 0, 0, 0, 0, 0, 0, 0, 0, 0, 0, 0, 1, 0, 0, 0, 0, 0, 0, 0, 0, 0, 0, 0, 0, 0, 0, 0, 0, 0, 0, 0, 0, 0, 0, 0, 0, 0, 0, 0, 0, 0, 0, 1, 0, 0, 0, 0, 0, 0, 0, 0, 0, 0, 0, 0, 1, 1, 0, 0, 1, 0, 0, 0, 0, 0, 0, 0, 0, 2, 1, 0, 0, 0, 0, 0, 0, 0, 0, 0, 0, 0, 0, 1, 0, 0, 0, 0, 0, 0, 0, 0, 0, 0, 0, 0, 0, 0, 0, 0, 0, 0, 0, 0, 0, 0, 0, 0, 0, 0, 0, 0, 0, 0, 0, 0, 0, 0, 0, 0, 1, 0, 0, 0, 0, 0, 0, 0, 0, 0, 0, 0, 0, 0, 0, 0, 0, 1, 0, 1, 0, 0, 0, 0, 0, 0, 0, 0, 0, 0, 0, 0, 0, 0, 0, 0, 0, 1, 1, 0, 0, 0, 0, 0, 0, 0, 0, 0, 0, 0, 0, 0, 0, 0, 0, 0, 0, 0, 0, 0, 0, 0, 0, 0, 0, 0, 0, 0, 0, 0, 0, 0, 0, 0, 0, 0, 0, 0, 1, 0, 1, 0, 0, 0, 1, 0, 0, 0, 0, 1, 0, 0, 0, 0, 0, 0, 0, 0, 0, 0, 0, 0, 0, 0, 0, 0, 0, 0, 0, 0, 0, 0, 0, 0, 0, 0, 0, 0, 0, 0, 0, 0, 0, 0, 0, 0, 0, 0, 0, 0, 0, 0, 0, 0, 0, 0, 1, 0, 0, 0, 0, 0, 0, 0, 0, 0, 0, 0, 0, 0, 0, 0, 0, 0, 0, 0, 0, 0, 0, 0, 0, 0, 0, 0, 0, 1, 0, 0, 0, 0, 0, 0, 0, 0, 0, 0, 0, 0, 0, 0, 0, 0, 0, 0, 0, 0, 0, 0, 0, 0, 0, 0, 0, 0, 0, 0, 0, 0, 0, 0, 0, 1, 0, 0, 0, 0, 0, 2, 0, 0, 0, 0, 0, 0, 0, 0, 0, 0, 0, 0, 0, 0, 0, 0, 0, 0, 1, 0, 0, 0, 0, 0, 0, 0, 0, 0, 0, 0, 0, 0, 0, 0, 0, 0, 0, 0, 0, 0, 1, 0, 0, 0, 0, 0, 0, 0, 3, 0, 1, 0, 0, 0, 0, 0, 0, 0, 0, 0, 0, 0, 0, 1, 0, 0, 0, 0, 0, 0, 0, 0, 1, 0, 0, 0, 0, 0, 0, 0, 0, 0, 0, 0, 0, 0, 0, 0, 0, 0, 0, 0, 0, 0, 0, 0, 0, 0, 0, 0, 0, 0, 0, 0, 0, 0, 0, 0, 0, 0, 0, 0, 0, 0, 0, 0, 0, 0, 0, 0, 0, 0, 0, 0, 0, 0, 0, 0, 0, 0, 0, 0, 0, 0, 0, 0, 0, 0, 0, 0, 0, 0, 0, 0, 0, 0, 0, 0, 0, 0, 0, 0, 0, 0, 0, 0, 0, 0, 0, 0, 0, 0, 0, 0, 1, 0, 0, 0, 0, 0, 0, 0, 1, 0, 0, 0, 0, 0, 0, 0, 0, 0, 0, 1, 0, 0, 0, 0, 0, 0, 1, 0, 0, 0, 0, 1, 1, 0, 0, 0, 0, 0, 0, 0, 0, 0, 0, 1, 0, 0, 1, 0, 0, 0, 0, 0, 1, 0, 0, 0, 0, 0, 0, 0, 0, 0, 0, 0, 0, 0, 0, 0, 0, 0, 0, 0, 1, 0, 0, 1, 0, 0, 1, 0, 0, 0, 1, 0, 0, 0, 0, 0, 0, 0, 0, 0, 1, 0, 0, 0, 1, 0, 0, 0, 1, 0, 0, 0, 0, 0, 0, 0, 0, 0, 0, 0, 0, 0, 0, 0, 0, 0, 0, 0, 1, 0, 1, 0, 0, 0, 0, 0, 1, 0, 0, 0, 0, 0, 0, 0, 0, 0, 0, 0, 0, 0, 0, 0, 0, 0, 0, 0, 1, 0, 0, 1, 0, 0, 0, 0, 0, 0, 0, 0, 0, 0, 0, 0, 0, 0, 0, 0, 0, 0, 1, 0, 0, 1, 0, 0, 0, 0, 0, 0, 0, 0, 0, 0, 0, 0, 0, 0, 0, 0, 0, 0, 0, 0, 0, 0, 0, 0, 0, 0, 0, 0, 0, 0, 0, 0, 0, 0, 0, 0, 0, 0, 0, 0, 0, 0, 0, 0, 1, 0, 0, 0, 0, 0, 0, 1, 0, 0, 0, 0, 0, 0, 0, 0, 0, 0, 0, 0, 0, 0, 0, 0, 0, 0, 0, 0, 0, 0, 0, 1, 0, 0, 0, 0, 0, 0, 0, 0, 0, 0, 0, 0, 0, 0, 0, 0, 0, 0, 0, 0, 0, 0, 0, 0, 0, 0, 0, 0, 0, 0, 0, 0, 0, 0, 0, 0, 0, 0, 1, 0, 0, 0, 0, 0, 0, 0, 0, 0, 0, 0, 0, 0, 0, 0, 0, 0, 0, 0, 0, 0, 0, 0, 1, 0, 0, 0, 0, 0, 0, 0, 1, 0, 1, 0, 0, 0, 0, 0, 0, 0, 1, 0, 0, 0, 0, 0, 0, 0, 0, 0, 0, 0, 1, 0, 0, 0, 0, 0, 0, 0, 0, 0, 0, 0, 0, 0, 1, 0, 0, 0, 0, 0, 0, 1, 0, 0, 0, 0, 0, 1, 0, 0, 0, 0, 0, 0, 0, 0, 0, 0, 0, 0, 0, 0, 0, 0, 0, 0, 0, 0, 0, 0, 0, 0, 0, 1, 0, 0, 0, 0, 0, 0, 0, 0, 0, 0, 0, 0, 0, 0, 1, 0, 0, 0, 0, 0, 0, 0, 0, 0, 0, 0, 1, 0, 0, 0, 0, 0, 0, 0, 0, 0, 0, 0, 0, 0, 0, 0, 0, 0, 0, 0, 2, 0, 0, 0, 0, 0, 0, 0, 0, 0, 0, 0, 0, 0, 0, 0, 0, 0, 0, 0, 1, 0, 0, 1, 0, 0, 0, 0, 0, 0, 0, 0, 0, 0, 0, 0, 0, 0, 0, 0, 0, 0, 0, 0, 1, 0, 1, 0, 0, 0, 0, 0, 0, 0, 0, 0, 0, 1, 0, 0, 1, 0, 0, 0, 1, 0, 0, 0, 0, 0, 0, 0, 1, 0, 0, 0, 0, 0, 0, 0, 1, 0, 0, 1, 1, 0, 1, 2, 0, 1, 0, 1, 1, 1, 2, 0, 0, 0, 1, 0, 0, 0, 0, 0, 1, 0, 0, 0, 1, 0, 0, 1, 0, 0, 0, 1, 2, 0, 1, 0, 0, 0, 0, 0, 0, 0, 0, 0, 0, 0, 1, 0, 0, 0, 1, 0, 0, 0, 0, 1, 0, 1, 0, 0, 1, 1, 0, 0, 0, 0, 0, 0, 0, 0, 0, 0, 0, 0, 0, 3, 1, 1, 0, 1, 0, 0, 0, 2, 0, 0, 0, 0, 0, 0, 0, 0, 1, 0, 0, 0, 0, 0, 0, 0, 1, 0, 0, 0, 0, 0, 0, 0, 0, 0, 0, 0, 0, 0, 0, 0, 0, 0, 0, 0, 0, 0, 0, 0, 0, 0, 0, 0, 0, 0, 0, 0, 0, 0, 0, 0, 0, 0, 0, 0, 0, 1, 0, 0, 0, 0, 0, 0, 0, 0, 0, 0, 0, 0, 1, 0, 0, 0, 0, 0, 0, 0, 0, 0, 0, 0, 0, 0, 0, 0, 0, 0, 0, 1, 0, 0, 0, 0, 0, 0, 0, 0, 0, 0, 0, 0, 0, 0, 0, 0, 0, 0, 0, 0, 0, 0, 1, 0, 0, 0, 0, 0, 0, 0, 0, 0, 0, 0, 0, 0, 0, 0, 0, 0, 0, 0, 0, 0, 0, 0, 0, 0, 0, 0, 0, 0, 0, 1, 1, 0, 0, 0, 0, 0, 0, 0, 0, 0, 0, 0, 0, 0, 0, 0, 0, 0, 0, 0, 0, 0, 1, 1, 0, 0, 0, 0, 0, 0, 0, 0, 0, 0, 0, 0, 0, 0, 0, 0, 0, 0, 0, 0, 0, 0, 1, 0, 1, 0, 0, 0, 1, 0, 0, 0, 0, 1, 0, 1, 0, 2, 0, 0, 1, 0, 0, 1, 2, 0, 2, 0, 1, 1, 1, 0, 1, 2, 0, 0, 0, 0, 0, 1, 1, 1, 2, 1, 0, 1, 1, 0, 1, 0, 0, 1, 7, 0, 1, 0, 0, 0, 0, 1, 0, 1, 0, 0, 0, 1, 0, 1, 0, 1, 0, 0, 1, 0, 0, 0, 0, 0, 0, 0, 0, 0, 0, 0, 0, 0, 0, 0, 1, 0, 0, 0, 0, 0, 0, 0, 0, 0, 0, 0, 0, 0, 0, 0, 0, 0, 0, 0, 0, 1, 1, 0, 0, 0, 0, 0, 1, 0, 1, 0, 0, 0, 0, 0, 0, 0, 0, 0, 0, 2, 0, 0, 1, 1, 0, 0, 0, 0, 0, 0, 0, 0, 0, 0, 0, 0, 0, 0, 0, 0, 0, 0, 0, 0, 0, 0, 0, 0, 0, 0, 0, 0, 1, 0, 0, 0, 0, 0, 0, 0, 0, 0, 0, 0, 0, 1, 0, 0, 0, 0, 0, 0, 0, 0, 0, 0, 0, 1, 0, 0, 0, 0, 0, 0, 0, 0, 0, 0, 0, 0, 0, 0, 0, 0, 0, 0, 0, 0, 0, 0, 0, 0, 0, 1, 0, 0, 0, 0, 0, 0, 0, 0, 0, 0, 0, 0, 0, 0, 0, 0, 0, 0, 0, 0, 0, 1, 0, 0, 0, 0, 0, 0, 0, 0, 0, 0, 0, 0, 0, 0, 0, 0, 0, 0, 0, 0, 1, 0, 0, 0, 0, 0, 0, 0, 0, 0, 0, 3, 2, 1, 1, 0, 0, 0, 0, 0, 0, 0, 0, 1, 0, 1, 0, 0, 1, 0, 0, 0, 0, 0, 0, 0, 0, 1, 0, 0, 0, 0, 0, 0, 0, 0, 0, 0, 0, 0, 0, 1, 0, 0, 0, 0, 1, 0, 0, 0, 0, 1, 0, 0, 1, 0, 0, 0, 0, 0, 0, 1, 0, 0, 0, 1, 1, 1, 0, 0, 0, 2, 2, 0, 0, 0, 0, 0, 0, 0, 0, 0, 0, 0, 0, 0, 0, 0, 2, 0, 1, 0, 0, 0, 0, 1, 0, 0, 0, 1, 0, 0, 0, 1, 0, 0, 0, 0, 1, 1, 0, 0, 0, 0, 0, 0, 0, 0, 0, 0, 0, 0, 0, 2, 1, 2, 0, 0, 0, 0, 0, 0, 1, 0, 1, 1, 0, 2, 0, 0, 0, 0, 0, 2, 1, 1, 0, 0, 0, 1, 1, 0, 0, 0, 0, 0, 0, 1, 0, 3, 0, 1, 1, 1, 1, 0, 2, 1, 0, 0, 1, 2, 1, 0, 0, 0, 0, 0, 1, 1, 2, 0, 2, 1, 0, 1, 0, 1, 2, 5, 0, 1, 2, 5, 2, 0, 0, 2, 0, 0, 1, 3, 3, 8, 6, 9, 1, 56, 215, 85, 2]"
24-4大麻合法后的泰国_最终事件描述,泰国大麻合法化政策在中国社交媒体引发持续争议，舆论呈现高度情绪化与对立态势。事件初期（1-14小时），评论两极分化，支持者肯定政策自由度，反对者则以历史类比（如鸦片战争）表达讽刺与担忧。随后（19-24小时），反对声浪迅速占据主导，核心诉求聚焦三点：坚决抵制毒品合法化（强调禁毒底线与历史教训）、强烈担忧泰国旅游安全（部分网民取消行程）、警惕大麻危害被"洗白"。中期（25-32小时），舆情升级为广泛恐慌，历史创伤记忆（"东亚病夫"）被频繁激活，旅游意愿显著受挫，同时出现将大麻与硬性毒品混淆、政治化延伸（如关联台湾议题）等极端化倾向。后期（33-116小时），争议趋于结构化，安全担忧持续主导讨论，少量理性探讨医疗用途的声音遭压制，国际对比强化了"西方自由危害"的叙事框架。整体呈现民族主义情绪与毒品零容忍立场深度绑定、信息误差与极端言论并存的特征，反映出中泰政策差异引发的文化冲突与身份焦虑。,1,"[0, 0, 0, 0, 0, 0, 0, 0, 0, 0, 0, 0, 0, 1, 2, 0, 0, 0, 0, 27, 56, 32, 40, 27, 12, 5, 2, 1, 3, 3, 3, 13, 5, 4, 4, 1, 0, 7, 1, 1, 0, 5, 1, 0, 1, 1, 5, 2, 7, 0, 0, 0, 0, 0, 1, 1, 1, 4, 2, 4, 2, 1, 1, 0, 1, 1, 2, 2, 0, 1, 0, 2, 0, 0, 0, 0, 0, 0, 0, 0, 0, 0, 0, 0, 0, 0, 1, 0, 1, 0, 1, 1, 0, 1, 0, 0, 0, 0, 0, 1, 0, 0, 0, 0, 0, 0, 0, 0, 0, 0, 0, 0, 0, 1, 0, 1]"
博物馆昆虫_最终事件描述,"**博物馆昆虫事件整体描述：**  

事件始于两名儿童擅自抓取展馆昆虫的行为，初期舆论聚焦于对儿童及家长的强烈谴责，愤怒情绪主导，多数声音呼吁报警、追责及赔偿，并批评家长监护缺位与博物馆管理疏漏（如未上锁展柜）。随后，争议逐渐升级为三方责任归属的辩论：家庭教育缺失、博物馆防护不足及法律追责可行性。情绪从愤怒转向道德批判，极端言论（如“放毒虫报复”）增多，同时出现对未成年人保护法的分歧。  

中期舆论分化，一方坚持严惩家长以警示社会，另一方质疑昆虫价值或归咎博物馆，但家庭教育与公共管理矛盾始终为核心。后期讨论延伸至社会规则与教育反思，法律追责呼声持续，但部分声音主张宽容。事件最终呈现从个体行为向家庭教育、公共管理及法律执行等深层议题扩散的趋势，凸显公众对“熊孩子”现象与社会规范的积怨与焦虑。",1,"[0, 0, 0, 2, 2, 4, 2, 3, 3, 1, 0, 5, 12, 13, 20, 23, 19, 21, 26, 32, 1, 0, 9, 4, 6, 11, 9, 8, 6, 6, 4, 9, 5, 2, 3, 5, 5, 5, 8, 5, 6, 2, 2, 0, 3, 2, 3, 4, 6, 1, 4, 4, 2, 0, 1, 0, 1, 1, 2, 1, 1, 0, 0, 1, 1, 3, 1, 0, 2, 0, 2, 3, 2, 2, 1, 1, 0, 0, 0, 0, 0, 0, 0, 0, 0, 0, 2, 0, 0, 0, 0, 0, 0, 0, 0, 4, 0, 1, 0, 0, 0, 0, 0, 0, 0, 0, 1, 0, 0, 0, 0, 0, 0, 0, 0, 0, 0, 0, 0, 0, 0, 2, 0, 1, 0, 0, 0, 0, 0, 0, 0, 0, 0, 0, 0, 0, 0, 0, 0, 0, 0, 0, 0, 0, 0, 0, 0, 0, 0, 0, 0, 0, 0, 0, 0, 0, 0, 0, 0, 0, 0, 0, 0, 0, 0, 0, 0, 0, 0, 0, 0, 0, 0, 0, 0, 0, 0, 0, 0, 0, 0, 0, 0, 0, 0, 0, 0, 0, 0, 0, 0, 0, 1, 0, 0, 0, 1, 0, 0, 0, 0, 0, 0, 1, 0, 0, 1, 1, 0, 0, 0, 0, 0, 0, 0, 0, 0, 1, 1, 0, 0, 0, 0, 0, 0, 0, 0, 0, 0, 0, 0, 1, 0, 1, 0, 0, 0, 1, 0, 1, 0, 0, 0, 1, 0, 0, 0, 0, 0, 0, 0, 0, 0, 0, 0, 0, 0, 0, 0, 0, 0, 0, 0, 0, 0, 0, 0, 0, 0, 0, 0, 0, 0, 0, 0, 0, 0, 0, 0, 0, 0, 0, 0, 0, 0, 0, 0, 0, 0, 0, 0, 0, 0, 0, 0, 0, 0, 0, 0, 1]"
特朗普称不想跟中国发生任何战争_最终事件描述,特朗普表态“不想跟中国发生任何战争”后，中国舆论呈现明显的对抗性演变。初期（1-53小时）以质疑美国意图为主，民族情绪高涨，强调“不惧战”的防御性强硬立场；中期（54-387小时）舆论两极分化，既有对美战略蔑视（“纸老虎”“实力衰退”），也有对台海统一的迫切呼吁，整体不信任感加深。后期（388-904小时）转向务实警惕，普遍认为特朗普言论出于商人利益考量，同时多地学校停课引发备战猜测，主战情绪与戏谑调侃并存。末期（905-912小时）聚焦经济科技战，舆论高度质疑美方言行不一，形成“备战止战”共识。整个事件反映中美关系深层矛盾，中国民众对美信任缺失，民族自信与对抗意愿持续强化。,1,"[12, 8, 7, 1, 1, 3, 0, 1, 1, 0, 0, 0, 2, 1, 1, 2, 1, 1, 1, 1, 1, 0, 0, 0, 0, 1, 1, 0, 0, 1, 1, 0, 0, 1, 0, 2, 1, 0, 0, 0, 0, 0, 1, 0, 0, 0, 0, 0, 1, 0, 0, 1, 1, 4, 9, 16, 4, 2, 2, 2, 1, 9, 8, 18, 11, 13, 11, 12, 9, 2, 2, 2, 2, 8, 3, 2, 3, 1, 0, 1, 2, 2, 0, 1, 1, 0, 0, 2, 0, 1, 1, 0, 0, 1, 1, 0, 0, 1, 1, 0, 0, 1, 1, 0, 0, 1, 0, 0, 0, 2, 1, 0, 2, 3, 1, 1, 1, 1, 1, 2, 2, 3, 2, 1, 1, 0, 1, 0, 0, 0, 0, 0, 0, 0, 1, 0, 0, 1, 0, 1, 0, 1, 0, 1, 0, 1, 0, 3, 2, 1, 0, 0, 0, 0, 0, 0, 0, 0, 0, 1, 0, 0, 0, 3, 0, 2, 2, 1, 0, 0, 1, 1, 0, 0, 0, 0, 0, 0, 0, 0, 0, 0, 1, 1, 1, 0, 2, 1, 0, 0, 1, 0, 0, 1, 1, 1, 0, 1, 1, 1, 0, 1, 0, 0, 0, 0, 0, 1, 0, 1, 1, 1, 0, 0, 0, 0, 0, 0, 0, 0, 0, 0, 2, 0, 0, 0, 0, 0, 0, 0, 0, 0, 0, 1, 0, 0, 2, 2, 2, 0, 0, 2, 1, 1, 0, 0, 1, 0, 0, 0, 0, 0, 0, 0, 1, 0, 1, 0, 0, 0, 0, 1, 0, 1, 1, 1, 1, 1, 0, 0, 0, 0, 0, 0, 0, 0, 0, 0, 0, 0, 0, 0, 0, 1, 0, 0, 0, 0, 0, 0, 0, 0, 0, 0, 0, 0, 0, 0, 0, 0, 0, 0, 0, 0, 0, 0, 0, 0, 1, 0, 0, 0, 0, 0, 0, 0, 0, 0, 0, 0, 0, 0, 0, 0, 0, 0, 0, 0, 0, 0, 0, 1, 0, 0, 1, 0, 0, 0, 0, 0, 1, 0, 0, 0, 0, 0, 0, 0, 0, 0, 0, 0, 0, 0, 0, 0, 0, 0, 0, 0, 0, 0, 0, 1, 0, 0, 1, 0, 0, 0, 0, 0, 0, 0, 0, 0, 0, 0, 0, 0, 0, 0, 0, 0, 1, 1, 0, 8, 7, 34, 23, 19, 8, 5, 5, 5, 5, 10, 14, 19, 13, 18, 15, 6, 4, 1, 5, 2, 5, 5, 7, 16, 7, 6, 4, 3, 0, 0, 2, 2, 0, 0, 4, 0, 3, 6, 0, 1, 1, 1, 1, 0, 0, 0, 0, 1, 0, 2, 0, 0, 0, 0, 0, 0, 0, 0, 1, 1, 0, 0, 0, 0, 0, 0, 0, 0, 0, 0, 0, 0, 0, 0, 0, 0, 1, 0, 0, 0, 0, 0, 0, 0, 0, 1, 1, 0, 1, 0, 0, 0, 0, 0, 0, 0, 0, 0, 0, 0, 0, 0, 0, 0, 0, 0, 0, 0, 1, 1, 0, 0, 0, 1, 0, 0, 0, 0, 1, 0, 0, 0, 1, 1, 0, 0, 0, 1, 0, 0, 0, 0, 0, 0, 1, 0, 0, 0, 0, 0, 0, 3, 19, 17, 23, 47, 13, 16, 10, 6, 4, 6, 8, 9, 11, 7, 9, 8, 13, 7, 5, 6, 3, 1, 2, 4, 5, 4, 3, 6, 2, 7, 5, 2, 2, 2, 3, 0, 2, 3, 6, 4, 5, 10, 9, 3, 5, 7, 5, 5, 8, 11, 4, 2, 6, 4, 3, 0, 2, 1, 1, 0, 0, 1, 1, 2, 1, 0, 0, 0, 3, 0, 0, 1, 3, 0, 0, 1, 0, 1, 0, 0, 1, 0, 0, 0, 0, 0, 0, 0, 1, 1, 1, 1, 0, 2, 1, 0, 0, 0, 0, 1, 0, 0, 0, 0, 1, 0, 0, 0, 0, 0, 1, 2, 0, 0, 0, 0, 0, 0, 0, 0, 0, 0, 0, 0, 1, 0, 0, 0, 0, 0, 0, 0, 0, 0, 0, 0, 0, 0, 0, 0, 0, 0, 1, 0, 0, 0, 0, 0, 0, 1, 0, 1, 0, 0, 0, 0, 0, 1, 0, 0, 0, 0, 0, 0, 0, 1, 1, 0, 0, 0, 1, 0, 1, 1, 0, 0, 0, 0, 0, 1, 0, 1, 0, 0, 0, 0, 0, 0, 0, 2, 0, 0, 0, 0, 0, 0, 0, 1, 0, 0, 0, 1, 0, 0, 0, 0, 0, 0, 0, 0, 0, 0, 0, 0, 0, 0, 0, 0, 1, 0, 0, 0, 0, 0, 0, 0, 0, 0, 1, 0, 0, 0, 0, 0, 0, 0, 0, 0, 0, 0, 0, 0, 0, 0, 0, 0, 0, 0, 0, 0, 0, 0, 0, 0, 0, 0, 0, 1, 0, 0, 0, 0, 0, 0, 0, 0, 0, 0, 1, 0, 0, 0, 0, 0, 0, 0, 1, 0, 0, 0, 0, 0, 0, 0, 0, 0, 0, 0, 0, 0, 0, 0, 0, 0, 0, 0, 0, 0, 0, 0, 0, 0, 0, 0, 0, 0, 0, 0, 0, 0, 0, 0, 0, 0, 0, 0, 0, 0, 0, 0, 0, 0, 0, 0, 0, 0, 0, 0, 0, 0, 0, 0, 0, 0, 0, 0, 0, 0, 0, 0, 0, 0, 0, 0, 0, 0, 0, 0, 0, 0, 0, 0, 0, 0, 0, 0, 0, 0, 0, 2, 2, 6, 9, 3, 3, 0, 1, 1, 0, 1, 1, 2, 0, 3, 5, 5, 9, 11, 28, 74, 107, 25]"
95后女孩出租自己1年假结婚七八次_最终事件描述,该事件曝光后，舆论呈现从猎奇调侃到多元争议的演变过程。初期（1-713小时）焦点集中于经济收益与婚恋观碰撞，网友对比彩礼现象戏谑自嘲，反映年轻人对传统婚姻压力的消极态度；中期（714-729小时）转向对新型职业的探讨，支持者认可其婚恋条件"三观正"，质疑者则担忧安全与伦理风险，舆论场分化明显；后期（730-738小时）争议持续深化，法律风险（重婚、诈骗）、道德困境（份子钱动机）成为核心议题，同时出现效仿倾向与职业化讨论。整体呈现"经济压力催生灰色需求—传统与现代观念冲突—合法性危机显现"的三阶段特征，既暴露当代青年应对婚恋焦虑的非常规策略，也折射社会对非传统生存方式的复杂认知，戏谑与忧虑情绪始终交织。（199字）,0,"[0, 0, 0, 0, 0, 0, 0, 0, 0, 0, 0, 0, 0, 0, 0, 0, 0, 0, 0, 0, 1, 0, 0, 0, 0, 0, 0, 0, 0, 0, 0, 0, 1, 0, 0, 0, 0, 0, 0, 0, 0, 0, 0, 0, 0, 0, 0, 0, 0, 0, 0, 0, 0, 0, 0, 0, 0, 0, 0, 0, 0, 0, 0, 0, 0, 0, 0, 0, 0, 0, 0, 0, 0, 0, 0, 0, 0, 0, 0, 0, 0, 0, 0, 0, 0, 0, 0, 0, 0, 0, 0, 0, 0, 1, 0, 0, 0, 0, 0, 0, 0, 0, 0, 0, 0, 0, 0, 0, 0, 0, 0, 0, 0, 0, 0, 0, 0, 0, 0, 0, 0, 0, 0, 0, 0, 0, 0, 0, 0, 0, 0, 0, 0, 0, 0, 0, 0, 0, 0, 0, 0, 0, 0, 0, 0, 0, 0, 0, 0, 0, 0, 0, 0, 0, 0, 0, 0, 0, 0, 0, 0, 0, 0, 0, 1, 0, 0, 0, 0, 0, 0, 0, 0, 0, 0, 0, 0, 0, 0, 0, 0, 0, 0, 2, 0, 0, 0, 0, 0, 0, 0, 0, 0, 0, 0, 0, 0, 0, 0, 0, 0, 2, 0, 0, 0, 0, 0, 0, 0, 0, 0, 0, 0, 0, 0, 0, 0, 0, 0, 0, 0, 0, 0, 0, 0, 0, 0, 0, 1, 0, 0, 0, 0, 0, 0, 0, 0, 0, 0, 0, 0, 0, 0, 0, 0, 0, 0, 0, 0, 0, 0, 0, 0, 0, 0, 0, 0, 0, 0, 0, 0, 0, 0, 0, 0, 0, 0, 0, 0, 0, 0, 0, 0, 0, 0, 0, 0, 0, 0, 0, 0, 0, 0, 0, 0, 0, 0, 0, 0, 0, 0, 0, 0, 0, 0, 0, 0, 1, 0, 0, 0, 0, 0, 0, 0, 0, 0, 0, 0, 0, 0, 0, 0, 0, 0, 0, 0, 0, 0, 0, 0, 0, 0, 0, 0, 0, 0, 0, 0, 0, 0, 0, 0, 0, 0, 0, 0, 0, 0, 0, 0, 0, 0, 1, 0, 0, 0, 1, 0, 0, 0, 0, 0, 0, 0, 0, 0, 0, 0, 0, 0, 0, 0, 0, 0, 0, 0, 1, 0, 0, 0, 0, 0, 0, 0, 0, 0, 1, 0, 0, 0, 0, 0, 0, 0, 0, 0, 0, 0, 0, 0, 0, 0, 0, 0, 0, 0, 0, 0, 0, 0, 0, 0, 0, 0, 0, 0, 0, 0, 0, 0, 0, 0, 0, 0, 1, 0, 0, 0, 0, 0, 0, 0, 0, 0, 0, 0, 0, 0, 0, 0, 0, 0, 0, 0, 0, 0, 0, 0, 0, 0, 0, 1, 0, 0, 0, 0, 0, 0, 0, 0, 0, 0, 0, 0, 0, 0, 0, 0, 0, 0, 0, 0, 0, 0, 0, 0, 1, 0, 0, 0, 0, 0, 0, 0, 0, 2, 0, 0, 0, 0, 0, 0, 0, 0, 0, 0, 0, 0, 0, 0, 0, 0, 0, 0, 0, 0, 0, 0, 0, 0, 0, 0, 0, 0, 0, 0, 0, 0, 0, 0, 0, 0, 0, 0, 1, 0, 0, 1, 0, 0, 0, 1, 0, 0, 0, 0, 0, 0, 0, 0, 0, 0, 0, 0, 0, 0, 1, 0, 0, 0, 0, 0, 0, 0, 0, 0, 0, 0, 0, 1, 0, 0, 0, 0, 0, 0, 0, 0, 0, 0, 0, 0, 0, 0, 0, 0, 0, 0, 1, 0, 0, 0, 0, 0, 0, 0, 0, 0, 0, 0, 0, 0, 0, 0, 1, 0, 1, 0, 1, 0, 1, 0, 0, 0, 0, 0, 0, 0, 0, 0, 0, 0, 0, 0, 0, 0, 0, 0, 0, 0, 0, 0, 0, 0, 1, 0, 0, 0, 0, 0, 1, 0, 0, 0, 0, 0, 0, 0, 0, 0, 0, 0, 0, 0, 0, 0, 0, 1, 0, 0, 1, 0, 1, 0, 1, 1, 0, 1, 0, 0, 0, 0, 0, 0, 0, 0, 0, 2, 0, 0, 1, 0, 0, 0, 0, 0, 2, 0, 0, 1, 0, 0, 0, 0, 0, 0, 0, 1, 0, 1, 0, 1, 1, 0, 0, 3, 0, 0, 0, 4, 0, 1, 1, 0, 0, 1, 0, 0, 0, 0, 1, 1, 1, 0, 0, 3, 0, 0, 0, 0, 0, 0, 2, 13, 5, 4, 3, 3, 3, 0, 2, 0, 1, 1, 1, 0, 3, 2, 3, 16, 12, 9, 28, 17, 11, 13, 11]"
石破茂因政治资金问题被检举_最终事件描述,石破茂因政治资金问题被检举事件，舆论发展呈现明显的阶段性特征。初期（1-772小时）讨论分散，以考研备考话题为主，零星涉及对其政治立场的争议，整体热度较低。事件爆发后（773小时起），舆论迅速转向高度负面，焦点集中于三点：一是对其执政前景的普遍看衰，戏谑其可能成为“短命首相”；二是将事件归因于美国干预，认为其“驻军美国”等言论触怒美方，导致东京地检署快速行动；三是对日本政坛的讽刺，包括频繁更迭、贪污痼疾等。随着时间推移（774-783小时），阴谋论叙事强化，超六成评论关联“美国操控”，东京地检署的历史背景被反复提及，反美情绪占比升至31%。整体而言，公众情绪以嘲讽和幸灾乐祸为主（占比58%），反映出对日本政治独立性及反腐前景的深刻怀疑，同时暴露出部分网民对日本政情的认知模糊。,0,"[1, 0, 0, 0, 0, 0, 0, 0, 0, 0, 0, 0, 0, 0, 0, 0, 0, 0, 0, 0, 0, 0, 0, 0, 0, 0, 0, 0, 0, 0, 0, 0, 0, 0, 0, 0, 0, 0, 0, 0, 0, 0, 0, 0, 0, 0, 0, 0, 0, 0, 0, 0, 0, 0, 0, 0, 0, 0, 0, 0, 0, 0, 0, 0, 0, 0, 0, 0, 0, 0, 0, 0, 0, 0, 0, 0, 0, 0, 0, 0, 0, 0, 0, 0, 0, 0, 0, 0, 0, 0, 0, 0, 0, 0, 0, 0, 0, 0, 0, 0, 0, 0, 0, 0, 0, 0, 0, 0, 0, 0, 0, 0, 0, 0, 0, 0, 0, 0, 0, 0, 0, 0, 0, 0, 0, 0, 0, 0, 0, 0, 0, 0, 0, 0, 0, 0, 0, 0, 0, 0, 0, 0, 0, 0, 0, 0, 0, 0, 0, 0, 0, 0, 0, 0, 0, 0, 0, 0, 0, 0, 0, 0, 0, 0, 0, 0, 0, 0, 0, 0, 0, 0, 0, 0, 0, 0, 0, 0, 0, 0, 0, 0, 0, 0, 0, 0, 0, 0, 0, 0, 0, 0, 0, 0, 0, 0, 0, 0, 0, 0, 0, 0, 0, 0, 0, 0, 0, 0, 0, 0, 0, 0, 0, 0, 0, 0, 0, 0, 0, 0, 0, 0, 0, 0, 0, 0, 0, 0, 0, 0, 0, 0, 0, 0, 0, 0, 0, 0, 0, 0, 0, 0, 0, 0, 0, 0, 0, 0, 0, 0, 0, 0, 0, 0, 0, 0, 0, 0, 0, 0, 0, 0, 0, 0, 0, 0, 0, 0, 0, 0, 0, 0, 0, 0, 0, 0, 0, 0, 0, 0, 0, 0, 0, 0, 0, 0, 0, 0, 0, 0, 0, 1, 0, 0, 0, 0, 0, 0, 0, 0, 0, 0, 0, 0, 0, 0, 0, 0, 0, 0, 0, 0, 0, 0, 0, 0, 0, 0, 0, 0, 0, 0, 0, 0, 0, 0, 0, 0, 0, 0, 0, 0, 0, 0, 1, 0, 0, 0, 0, 0, 0, 0, 0, 0, 0, 0, 0, 0, 0, 0, 0, 0, 0, 0, 0, 0, 0, 0, 0, 0, 0, 0, 0, 0, 0, 0, 0, 0, 0, 0, 0, 0, 0, 0, 0, 0, 0, 0, 0, 0, 0, 0, 0, 0, 0, 0, 0, 0, 0, 0, 0, 0, 0, 0, 0, 0, 0, 0, 0, 0, 0, 0, 0, 0, 0, 0, 0, 0, 0, 0, 0, 0, 0, 0, 0, 0, 0, 0, 0, 0, 0, 0, 0, 0, 0, 0, 0, 0, 0, 0, 0, 0, 0, 0, 0, 0, 0, 0, 0, 0, 0, 0, 0, 0, 0, 0, 0, 0, 0, 0, 0, 0, 0, 0, 0, 0, 0, 0, 0, 0, 0, 0, 0, 0, 0, 0, 0, 0, 0, 0, 0, 0, 0, 0, 0, 0, 0, 0, 0, 0, 0, 0, 0, 0, 0, 0, 0, 0, 0, 0, 0, 0, 0, 0, 0, 0, 0, 0, 0, 0, 0, 0, 0, 0, 0, 0, 0, 0, 0, 0, 0, 0, 0, 0, 0, 0, 0, 0, 0, 0, 0, 0, 0, 0, 0, 0, 0, 0, 0, 0, 0, 0, 0, 0, 0, 0, 0, 0, 0, 0, 0, 0, 0, 0, 0, 0, 0, 0, 0, 0, 0, 0, 0, 0, 0, 0, 0, 0, 0, 0, 0, 0, 0, 0, 0, 0, 0, 0, 0, 0, 0, 0, 0, 0, 0, 0, 0, 0, 0, 0, 0, 0, 0, 0, 0, 0, 0, 0, 0, 0, 0, 0, 0, 0, 0, 0, 0, 0, 0, 0, 0, 0, 0, 0, 0, 0, 0, 0, 0, 0, 0, 0, 0, 0, 0, 0, 0, 0, 0, 0, 0, 0, 0, 0, 1, 0, 0, 0, 2, 1, 0, 0, 0, 0, 2, 1, 1, 0, 0, 0, 0, 0, 0, 0, 1, 0, 1, 3, 0, 0, 0, 0, 0, 0, 1, 0, 0, 0, 0, 0, 1, 0, 0, 0, 0, 0, 0, 0, 1, 0, 0, 0, 0, 0, 0, 0, 0, 0, 0, 0, 0, 1, 0, 0, 0, 0, 0, 0, 0, 0, 0, 0, 0, 0, 0, 0, 0, 0, 0, 0, 0, 0, 0, 0, 0, 0, 0, 0, 0, 0, 0, 0, 0, 0, 0, 0, 0, 0, 0, 0, 0, 0, 0, 0, 0, 0, 0, 0, 0, 0, 1, 0, 0, 0, 0, 0, 0, 0, 0, 0, 0, 0, 0, 0, 0, 0, 0, 0, 0, 0, 0, 0, 0, 0, 0, 0, 0, 0, 0, 0, 0, 0, 0, 0, 0, 0, 0, 0, 0, 0, 0, 0, 52, 48, 32, 11, 0, 0, 0, 4, 6, 7, 5]"
女子玩切水果游戏1个月瘦10斤_最终事件描述,"女子玩切水果游戏1个月瘦10斤事件在曝光后迅速引发热议，整体呈现“爆发式关注—争议分化—持续发酵”的传播轨迹。  

**初期（1-12小时）**：舆论高度积极，多数网友惊叹其“轻松瘦身”效果，关键词聚焦“尝试”“流行”，体感游戏被塑造成趣味减肥新方式，仅少数人质疑真实性。  

**中期（13-15小时）**：讨论趋于两极，一方面用户积极追问游戏信息（如“天天跳绳”）、分享体验（“出汗”“手臂酸”），推动“猎奇-行动”链条；另一方面质疑声增强，涉及效果归因（是否需配合饮食）、广告嫌疑及健康风险（腱鞘炎）。  

**后期（16小时）**：热度持续，核心矛盾集中在减肥真实性与游戏实用性，但娱乐性吸引大量尝试意愿，形成“质疑与体验并存”的舆论场。整体来看，事件通过“新奇性+争议性”维持传播动能，既反映公众对健康轻运动的兴趣，也暴露对营销套路的敏感。",0,"[0, 0, 0, 1, 0, 0, 0, 0, 0, 0, 0, 0, 6, 12, 5, 28]"
赵露思取关_最终事件描述,"**赵露思取关事件总述**  
事件始于赵露思全平台取关合作对象的行为，初期舆论两极分化：部分网友批评其“不体面”“用完即弃”，粉丝则强调“账号自由”。随后争议迅速升级，焦点从取关行为本身转向对饭圈文化、热搜动机的质疑。大量声音认为该事件被用作转移“喜塔腊容音”（虞书欣涉网暴）等社会议题的“挡箭牌”，质疑资本操控热搜。粉丝持续维护，提及赵露思抑郁症及解约传闻，呼吁减少恶意解读；反对者则抨击其“炒作”“占用公共资源”，并关联外貌变化等无关话题。中期舆论逐渐疲态，衍生对网络暴力、明星隐私权的讨论，但情绪化对立（粉丝与黑粉冲突）仍主导。后期事件热度虽持续，实质性进展有限，核心矛盾已从个体行为扩散至对娱乐生态畸形（如营销号操控、饭圈互撕）的批判。整体呈现“行为争议—动机质疑—生态反思”的演变路径，反映出公众对明星隐私边界与网络暴力的复杂态度。（199字）",1,"[1, 0, 0, 0, 0, 0, 0, 0, 0, 0, 0, 0, 0, 0, 38, 72, 39, 50, 134, 150, 172, 233, 320, 200, 156, 83, 42, 17, 13, 26, 48, 67, 96, 109, 296, 463, 602, 421, 34]"
山西阴阳面_最终事件描述,"**山西阴阳面事件总述**  
事件始于游客曝光面馆“同面不同价”（11元与15元），初期引发“宰客”质疑，但舆论迅速反转。多数观点认为11元加料面定价合理，矿工优惠体现人情关怀，指责游客恶意剪辑炒作。争议焦点从价格合理性转向地域资源矛盾，山西、四川等省网民借机宣泄对“资源外送、本地高价”的不满，形成“山河四省”声援浪潮。中期舆论分化：支持者强调山西贡献与矿工艰辛，反对者则质疑优惠透明度，呼吁明码标价。后期事件核心演变为对博主动机的批判（蹭流量、地域黑），官方处罚后，多数声音认为应“翻篇”，但地域情绪持续发酵，担忧影响山西旅游形象。整体趋势呈现从消费纠纷到地域身份认同的升级，最终以理性规范呼吁与情绪化对立并存收尾。（199字）",1,"[6, 1, 2, 0, 0, 0, 0, 0, 0, 0, 0, 0, 0, 0, 0, 0, 0, 0, 0, 0, 0, 0, 0, 0, 0, 0, 0, 0, 0, 0, 0, 0, 0, 0, 0, 0, 0, 0, 0, 0, 0, 0, 0, 0, 21, 17, 12, 17, 4, 1, 1, 0, 2, 15, 15, 19, 16, 19, 19, 18, 27, 9, 6, 17, 12, 12, 14, 3, 7, 3, 3, 2, 2, 1, 4, 2, 1, 2, 3, 3, 3, 3, 0, 1, 1, 2, 0, 4, 2, 4, 6, 2, 1, 3, 2, 2, 0, 2, 1, 0, 0, 0, 3, 14, 51, 66, 96, 28, 9, 9, 9, 10, 14, 14, 9, 10, 4, 2, 2, 4, 2, 2, 0, 0, 1, 3, 3, 1, 2, 3, 1, 2, 1, 2, 0, 0, 1, 1, 0, 2, 0, 0, 3, 0, 0, 2, 1, 0, 0, 2, 0, 1, 1, 0, 2, 0, 0, 1, 1, 1, 0, 1, 0, 0, 0, 1, 0, 1, 0, 0, 0, 0, 0, 0, 1, 0, 0, 2, 0, 0, 1, 0, 0, 0, 0, 1, 0, 0, 0, 0, 0, 0, 0, 0, 0, 0, 0, 0, 0, 0, 1, 0, 1, 0, 0, 0, 0, 1, 0, 0, 0, 0, 0, 0, 0, 0, 0, 0, 0, 0, 0, 0, 0, 0, 0, 0, 0, 0, 1, 0, 0, 0, 0, 0, 0, 0, 1, 0, 0, 0, 0, 0, 0, 0, 0, 0, 0, 0, 0, 0, 0, 1, 0, 0, 0, 0, 0, 0, 0, 0, 1, 0, 1, 0, 4, 15, 6, 11, 28, 4, 72, 38, 13, 19, 30, 26, 18, 14, 19, 23, 23, 22, 18, 11, 16, 24, 15, 11, 6, 2, 0, 1, 4, 4, 8, 8, 8, 8, 9, 2, 2, 2, 2, 2, 6, 6, 5, 9, 14, 6, 10, 4, 2, 2, 1, 3, 2, 1, 7, 4, 2, 5, 9, 15, 4, 6, 6, 7, 8, 3, 3, 5, 12, 7, 5, 1, 1, 1, 0, 0, 1, 3, 1, 5, 4, 1, 7, 4, 5, 3, 3, 5, 1, 4, 6, 6, 4, 8, 0, 0, 2, 1, 2, 0, 0, 3, 2, 2, 4, 2, 1, 8, 2, 4, 3, 15, 12, 7, 0, 0, 0, 0, 1, 0, 1]"
女代驾_最终事件描述,"**女代驾事件舆情总述**  
事件起因于纹身男子当警察面暴力殴打女代驾（含吐痰、踢头等恶劣行为），现场视频片段引发全网愤慨。舆论初期呈现两极分化：多数声音强烈谴责施暴者，要求严惩并质疑其社会背景；少数质疑视频完整性或推测女代驾挑衅。随着时间推移，争议焦点逐渐集中：1. **暴力与执法争议**：警方在场未有效制止、吐痰细节等加剧公权力信任危机，刑拘决定后仍质疑量刑过轻；2. **地域标签化**：涉事者东北口音、纹身等特征引发地域攻击，上海与青岛类似案件对比强化司法公正性质疑；3. **性别与行业安全**：性别对立言论穿插，代驾女性从业风险受关注。事件中后期，舆论从暴力谴责转向对司法实践（如取保候审合理性、互殴定性）的广泛争议，并与唐山/青岛等事件关联，形成对治安与法律执行力的集体焦虑。整体呈现愤怒主导、标签化扩散、对比性反思的三阶段特征，最终指向社会对暴力零容忍与执法公信的深层诉求。（199字）",1,"[4, 2, 12, 40, 164, 258, 2, 0, 0, 0, 0, 5, 21, 14, 19, 18, 18, 13, 7, 16, 18, 12, 9, 3, 0, 6, 3, 8, 8, 16, 7, 18, 17, 9, 9, 8, 6, 5, 8, 3, 2, 5, 4, 7, 5, 8, 4, 6, 1, 3, 3, 2, 4, 6, 1, 2, 8, 4, 4, 2, 5, 3, 3, 0, 2, 1, 2, 4, 1, 3, 0, 5, 4, 3, 7, 3, 1, 2, 8, 10, 6, 3, 7, 3, 2, 0, 1, 0, 0, 0, 0, 0, 0, 0, 1, 2, 0, 0, 2, 1, 0, 1, 0, 2, 2, 0, 1, 1, 0, 1, 0, 0, 0, 0, 0, 0, 0, 1, 0, 1, 1, 0, 0, 1, 0, 2, 0, 0, 0, 0, 0, 0, 0, 0, 0, 0, 0, 0, 0, 1, 0, 0, 2, 1, 0, 2, 0, 0, 1, 0, 0, 4, 1, 1, 0, 1, 0, 1, 1, 0, 0, 0, 0, 0, 0, 0, 0, 1, 0, 1, 1, 0, 1, 1, 0, 0, 0, 0, 0, 1, 0, 0, 0, 0, 0, 0, 0, 0, 0, 1, 1, 0, 0, 0, 0, 0, 0, 0, 0, 0, 0, 0, 0]"
东北雨姐_最终事件描述,"**东北雨姐事件总述**  
该事件始于打假博主质疑其带货商品（红薯粉掺木薯粉、假大鹅等）质量问题，迅速演变为涉及商业诚信、暴力冲突与地域标签的复合型舆情。初期舆论两极分化：支持者维护其“真实豪爽”形象，质疑打假方动机；反对者则指控其售假、人设造假及团队暴力倾向（如“黑社会”标签）。随着事件发酵，核心矛盾从产品质量转向对网红经济乱象的集体反思，公众质疑其“家人们”话术、剧本化表演及避重就轻的回应。中期警方介入后，双方和解但未能平息争议，舆论焦点延伸至职业打假合法性、消费者维权困境及地域刻板印象（如“东北形象”争议）。后期负面情绪主导，嘲讽其“卖惨公关”，要求平台与监管介入的呼声高涨。整体呈现从个体打假事件升级为对直播带货生态信任危机的公共讨论，凸显网红经济中诚信缺失、监管漏洞与公众情绪的对立。",1,"[14, 16, 18, 17, 30, 37, 22, 20, 29, 42, 57, 69, 53, 36, 31, 26, 29, 16, 14, 8, 4, 1, 7, 10, 4, 15, 8, 8, 9, 13, 12, 8, 5, 9, 12, 12, 14, 15, 16, 19, 16, 11, 12, 6, 2, 1, 3, 10, 10, 26, 24, 21, 39, 36, 27, 31, 18, 252, 143, 173, 35, 2, 1, 0, 0, 30, 62, 58, 31, 0, 3, 3, 10, 8, 2, 3, 1, 3, 1, 4, 18, 34, 31, 63, 92, 46, 33, 17, 9, 4, 3]"
三只羊被立案调查_最终事件描述,三只羊被立案调查事件始于其直播带货的“美诚月饼”涉嫌虚假宣传（如冒充香港品牌、价格虚高），迅速引发舆论对产品质量和直播套路的广泛质疑。初期舆论以嘲讽为主，指责其“割韭菜”模式，并关联行业乱象。随着调查推进，负面情绪持续升级，焦点从月饼问题扩展到过往劣迹（如淋巴肉、劣质产品）、高额抽成及洗钱嫌疑，同时质疑地方保护主义和监管缺位。中期舆论呈现两极分化，少量辩护声音强调就业贡献，但主流呼吁严惩，并反思直播生态的畸形发展（虚假宣传、暴利压榨）。后期讨论转向系统性批判，消费者对行业信任崩塌，戏谑化表达（如“家人梗”）凸显无奈情绪。尽管复播迹象出现，公众仍对处罚力度和整改效果持悲观态度，事件最终从个案争议演变为对网红经济乱象的集体声讨，监管压力显著增大。（199字）,1,"[1, 0, 0, 0, 2, 1, 0, 0, 0, 0, 0, 0, 0, 0, 1, 2, 1, 0, 0, 0, 0, 0, 0, 0, 1, 0, 0, 0, 0, 0, 0, 0, 0, 0, 0, 0, 0, 0, 0, 0, 0, 0, 1, 0, 1, 25, 1, 52, 3, 1, 15, 2, 3, 28, 7, 11, 17, 10, 15, 3, 2, 32, 10, 13, 45, 21, 7, 29, 11, 5, 30, 27, 24, 29, 20, 13, 9, 10, 5, 4, 9, 0, 1, 2, 6, 6, 5, 5, 10, 3, 4, 9, 3, 10, 3]"
门童海外粉丝怒骂中粉_最终事件描述,"**门童海外粉丝怒骂中粉事件总描述**  

事件始于泰国突发灾害后，中粉强烈谴责偶像团队及主办方未及时预警、优先撤离艺人却漠视粉丝安全，引发对“弹性关怀”的双标质疑（如海外粉丝获安抚而中粉被忽视）。矛盾迅速升级为跨国粉丝对立：海外粉丝（主要为韩粉）被批“共情缺失”，反指责中粉“无理取闹”，双方围绕偶像责任、生命安全及经济贡献展开骂战。中粉情绪从愤怒转向集体抵制，呼吁脱粉、抵制中输，并翻旧账（如AI换脸事件）反讽韩粉“忘本”。随着失联粉丝信息扩散，争议从具体事件演变为文化对立，地域攻击（如“棒子”“舔狗”）和极端言论激增，理性讨论空间彻底压缩。最终，冲突焦点从安全责任争议升级为韩娱生态批判，中粉普遍强调“限韩令”合理性，事件彻底滑向国籍对抗与产业抵制。（198字）",1,"[1, 0, 29, 21, 38, 61, 86, 353, 227, 0]"
李嘉诚要卖43个港口给美国企业_最终事件描述,"李嘉诚计划出售43个港口给美国企业的事件在14小时内引发舆论持续发酵，呈现以下发展脉络：  
**初期（1-9小时）**，舆论两极分化，负面情绪为主，部分网民斥责其“奸商”“损害国家利益”，另一部分主张商业自由。**中期（10-12小时）**，民族主义情绪主导，质疑升级为“卖国”“威胁国家安全”，加拿大籍身份和公摊面积等历史争议被反复提及，外交部回应加剧讨论。**后期（13-14小时）**，官方表态（如港澳办“营商不顾国家利益”）强化批判，舆论进一步极化，多数声音要求政府干预，少数理性分析被淹没。  

整体趋势显示：事件从商业争议快速演变为涉及国家安全与民族情感的公共议题，情绪化标签和阴谋论扩散，理性讨论空间被压缩，反映出公众对资本外流与地缘政治的敏感焦虑。",1,"[2, 0, 0, 0, 0, 0, 0, 3, 0, 26, 34, 38, 77, 62]"
男童输液后死亡医院承认修改病例_最终事件描述,"**事件总描述：**  
男童输液后死亡事件持续引发舆论风暴，核心矛盾围绕医院篡改病历的诚信危机与医疗责任争议。事件初期（1-798小时），舆论聚焦病历篡改、用药规范（如头孢皮试政策）、低热输液合理性及家属维权困境，公众情绪从质疑迅速升级为愤怒，矛头直指基层医疗乱象与监管缺失。随着时间推移（799-804小时），舆情持续发酵，呈现三大特征：一是对涉事医院的强烈谴责，要求严惩责任人并完善电子病历等防篡改机制；二是对医疗体系系统性不信任加深，关联到过度治疗、过敏抢救等普遍问题，医患矛盾进一步激化；三是公众情绪高度极化，大量极端言论与类似医疗事故案例的分享加剧恐慌，同时迫切呼吁彻查死因与追责。整体来看，事件已从个案争议演变为对医疗透明度和患者权益保障的广泛质疑，折射出深层次的医患信任危机。",0,"[0, 0, 0, 0, 0, 0, 0, 0, 0, 0, 0, 0, 0, 0, 0, 0, 0, 0, 0, 0, 0, 0, 0, 0, 0, 0, 0, 0, 0, 0, 1, 0, 0, 0, 0, 1, 0, 0, 0, 0, 1, 0, 0, 0, 0, 0, 0, 1, 0, 1, 0, 0, 0, 0, 1, 0, 0, 0, 0, 0, 0, 0, 0, 0, 0, 0, 0, 0, 0, 0, 0, 0, 0, 0, 0, 0, 1, 1, 0, 0, 0, 0, 0, 0, 0, 0, 0, 0, 0, 0, 0, 0, 0, 0, 0, 0, 0, 0, 0, 0, 1, 0, 0, 0, 0, 0, 0, 0, 0, 0, 0, 0, 0, 0, 0, 0, 0, 0, 0, 0, 0, 0, 0, 0, 0, 0, 1, 0, 0, 1, 1, 1, 2, 1, 0, 0, 0, 0, 0, 1, 1, 1, 0, 2, 1, 1, 0, 0, 0, 1, 0, 0, 0, 0, 0, 0, 0, 0, 0, 0, 0, 0, 0, 0, 0, 0, 0, 0, 0, 0, 0, 0, 0, 0, 0, 0, 0, 0, 0, 0, 0, 0, 0, 0, 0, 0, 0, 0, 0, 0, 0, 0, 0, 0, 0, 0, 0, 0, 0, 0, 0, 0, 0, 0, 0, 0, 0, 0, 0, 0, 0, 0, 0, 0, 0, 0, 0, 0, 0, 0, 0, 0, 0, 0, 0, 0, 0, 0, 0, 0, 0, 0, 0, 0, 0, 0, 0, 0, 0, 0, 0, 0, 0, 0, 0, 0, 0, 0, 0, 0, 0, 0, 0, 0, 0, 0, 0, 0, 0, 0, 0, 0, 0, 0, 0, 0, 0, 0, 0, 0, 0, 0, 0, 0, 0, 0, 0, 0, 0, 0, 0, 0, 0, 0, 0, 0, 0, 0, 0, 0, 0, 0, 0, 0, 0, 0, 0, 0, 0, 0, 0, 0, 0, 0, 0, 0, 0, 0, 0, 0, 0, 0, 0, 0, 0, 0, 0, 0, 0, 0, 0, 0, 0, 0, 0, 0, 0, 0, 0, 0, 0, 0, 0, 0, 0, 0, 0, 0, 0, 0, 0, 0, 0, 0, 0, 0, 0, 0, 0, 0, 0, 0, 0, 0, 0, 0, 0, 0, 0, 0, 0, 0, 0, 0, 0, 0, 0, 0, 0, 0, 0, 0, 0, 0, 0, 0, 0, 0, 0, 0, 0, 0, 0, 0, 0, 0, 0, 0, 0, 0, 0, 0, 0, 0, 0, 0, 0, 0, 0, 0, 0, 0, 0, 0, 0, 0, 0, 0, 0, 0, 0, 0, 0, 0, 0, 0, 0, 0, 0, 0, 0, 0, 0, 0, 0, 0, 0, 0, 0, 0, 0, 0, 0, 0, 0, 0, 0, 0, 0, 0, 0, 0, 0, 0, 0, 0, 0, 0, 0, 0, 0, 0, 0, 0, 0, 0, 0, 0, 0, 0, 0, 0, 0, 0, 0, 0, 0, 0, 0, 0, 0, 0, 0, 0, 0, 0, 0, 0, 0, 0, 0, 0, 0, 0, 0, 0, 0, 0, 0, 0, 0, 0, 0, 0, 0, 0, 0, 0, 0, 0, 0, 0, 0, 0, 0, 0, 0, 0, 0, 0, 0, 0, 0, 0, 0, 0, 0, 0, 0, 0, 0, 0, 0, 0, 0, 0, 0, 0, 0, 0, 0, 0, 0, 0, 0, 0, 0, 0, 0, 0, 0, 0, 0, 0, 0, 0, 0, 0, 0, 0, 0, 0, 0, 0, 0, 0, 0, 0, 0, 0, 0, 0, 0, 0, 0, 0, 0, 0, 0, 0, 0, 0, 0, 0, 0, 0, 0, 0, 0, 0, 0, 0, 0, 0, 0, 0, 0, 0, 0, 0, 0, 0, 0, 0, 0, 0, 0, 0, 0, 0, 0, 0, 0, 0, 0, 0, 0, 0, 0, 0, 0, 0, 0, 0, 0, 0, 0, 0, 0, 0, 0, 0, 0, 0, 0, 0, 0, 0, 0, 0, 0, 0, 0, 0, 0, 0, 0, 0, 0, 0, 0, 0, 0, 0, 0, 0, 0, 0, 0, 0, 0, 0, 0, 0, 0, 0, 0, 0, 0, 0, 0, 0, 0, 0, 0, 0, 0, 0, 0, 0, 0, 0, 0, 0, 0, 0, 0, 0, 0, 0, 0, 0, 0, 0, 0, 0, 0, 0, 0, 0, 0, 0, 0, 0, 0, 0, 0, 0, 0, 0, 0, 0, 0, 0, 0, 0, 0, 0, 0, 0, 0, 0, 0, 0, 0, 0, 0, 0, 0, 0, 0, 0, 0, 0, 0, 0, 0, 0, 0, 0, 0, 0, 0, 0, 0, 0, 0, 0, 0, 0, 0, 0, 0, 0, 0, 0, 0, 0, 0, 0, 0, 0, 0, 0, 0, 0, 0, 0, 0, 0, 0, 0, 0, 0, 0, 0, 0, 0, 0, 0, 0, 0, 0, 0, 0, 0, 0, 0, 0, 0, 0, 0, 0, 0, 0, 0, 0, 0, 0, 0, 2, 0, 0, 0, 0, 0, 0, 1, 2, 1, 1, 25, 42, 7]"
高铁站女童坐行李箱摔下后昏迷_最终事件描述,"高铁站女童坐行李箱摔下昏迷事件在24小时内引发广泛关注，舆论呈现明显的阶段性演变。  
**初期（1-10小时）**，舆论焦点集中于家长监护责任，多数批评其疏忽（如未扶稳行李箱），同时猜测事故原因（瞌睡或意识问题），情绪以担忧为主，兼有对儿童安全的警示。  
**中期（11小时）**，舆论进一步固化“家长全责”的共识，强调坐行李箱的高风险性，并呼吁使用更安全的替代品（如折叠椅）。部分网民担忧家长推责给高铁站，但主流观点明确反对“讹诈”行为。  
**后期（12-15小时）**，随着女童脱离危险，舆论转向安全反思与事件总结。铁路警方借机提醒公众避免类似危险行为，而情绪分化为对女童的祝福与对家长的持续批评，少数极端言论出现。  
**整体趋势**：事件从个案讨论升级为公共安全议题，舆论核心始终围绕监护责任，同时折射出对“推责文化”的敏感与社会安全意识不足的反思。",0,"[1, 0, 1, 1, 0, 1, 0, 0, 0, 0, 5, 4, 2, 1, 0, 0]"
湖南文理学院副教授出轨女学生_最终事件描述,"湖南文理学院副教授出轨女学生事件在曝光后迅速发酵，舆论呈现阶段性演变：  
**初期（1-112小时）**，舆论聚焦道德批判与权力不对等，谴责教师失德的同时衍生出对高校生态（如待遇、监管）的反思，涉事女生所在农大被牵连，司法维权建议增多。  
**中期（113-114小时）**，校方停职涉事教师并立案调查，但被动应对引发质疑；争议转向“学术妲己”“学术纣王”等标签化争论，女生SCI论文及争议言论（如“睡一觉就好了”）成为新爆点，学术利益输送与性别对立苗头显现。  
**近期（115小时）**，原配公开维权推动事件升级，核心矛盾集中于师生不正当关系与学术腐败，公众强烈要求严惩并系统性整顿高校师德。  
**整体趋势**：从个体道德谴责转向对高校权力滥用、学术不端的结构性批判，舆情持续高热，校方公信力与后续处理成关键。  
（198字）",0,"[0, 0, 0, 0, 0, 0, 0, 0, 0, 0, 0, 0, 0, 0, 0, 0, 0, 0, 0, 0, 0, 1, 0, 0, 0, 0, 1, 1, 0, 0, 0, 0, 0, 0, 1, 0, 0, 0, 0, 1, 0, 1, 0, 0, 2, 0, 0, 0, 0, 0, 0, 0, 0, 0, 0, 0, 0, 0, 0, 0, 1, 0, 0, 0, 0, 1, 0, 0, 2, 2, 2, 1, 3, 1, 0, 0, 0, 0, 0, 1, 0, 0, 1, 2, 3, 1, 0, 1, 0, 1, 4, 2, 1, 0, 0, 2, 0, 1, 0, 0, 1, 0, 0, 0, 0, 2, 2, 1, 1, 0, 2, 0, 9, 145, 88]"
詹姆斯绝杀_最终事件描述,"**詹姆斯绝杀事件总描述：**  

詹姆斯压哨补篮绝杀引发全网热议，事件发展呈现典型的“爆发-争议-沉淀”趋势。**初期（1小时内）**，舆论以狂欢式赞美为主，球迷震撼于其“大心脏”表现，“GOAT”“牛逼”等情绪化表达刷屏，同时伴随对比赛过程的调侃（如“步行者背景板”）。**中期（后续几小时）**，讨论逐渐分化：部分人质疑湖人防守松散或绝杀含金量（“补篮不算绝杀”），但詹姆斯的生涯纪录（第8次压哨绝杀）和历史意义（湖人首次）成为反驳焦点，争议与赞美并存。**后期**，舆论趋于理性，焦点转向战术分析（如最后一攻布置）和球员表现对比，但绝杀的戏剧性仍占据主导，最终形成“高光时刻掩盖瑕疵”的共识。整体来看，事件从情绪爆发转向多维讨论，凸显詹姆斯作为话题人物的巨大影响力，绝杀本身成为球迷与黑粉交锋的载体，但竞技体育的经典性最终统一了舆论基调。  

（字数：198）",0,"[407, 0]"
男子嫌小孩推车进电梯慢将车扔出_最终事件描述,"**事件总述：**  
一起男子因嫌小孩推自行车进电梯缓慢而暴力扔车、踹电梯的事件引发持续十余天的舆论风暴。初期（1-243小时）舆论两极分化：多数谴责男子“恃强凌弱”“缺乏同理心”，少数理解其急躁但反对过激行为，同时引发对公共礼仪的讨论。随着视频扩散（244-253小时），舆论转向一边倒批判，焦点集中于三点：一是强烈谴责男子情绪失控、危害儿童安全，甚至衍生“非亲生”“骗保”等极端猜测；二是讽刺其行为逻辑荒诞（如“踢电梯加速”“越急越慢”），黑色幽默段子频出；三是延伸至家庭教育、社会公德等深层反思，质疑其育儿资格及暴力倾向。后期（254-367小时）热度未减，批判持续深化，网友通过表情包和反讽强化对男子的嘲讽，并普遍同情孩子处境，担忧其家庭环境。事件从单一冲突逐步升级为社会对情绪管理、亲子关系及公共素养的集体反思，整体呈现愤怒与讥讽交织的舆论态势。（199字）",0,"[0, 0, 0, 0, 0, 0, 0, 0, 3, 1, 2, 3, 11, 4, 2, 2, 2, 0, 1, 0, 0, 0, 0, 1, 0, 1, 0, 1, 4, 2, 3, 1, 0, 0, 0, 2, 0, 0, 0, 0, 0, 0, 0, 0, 0, 0, 0, 0, 1, 0, 0, 0, 0, 0, 0, 0, 0, 0, 0, 0, 0, 0, 0, 0, 0, 0, 0, 0, 0, 0, 0, 0, 0, 0, 0, 0, 0, 0, 0, 0, 0, 0, 0, 0, 0, 0, 0, 0, 0, 0, 0, 0, 0, 0, 0, 0, 0, 0, 0, 0, 0, 0, 0, 0, 0, 0, 0, 0, 0, 0, 0, 0, 0, 0, 0, 0, 0, 0, 0, 0, 0, 0, 0, 0, 0, 0, 0, 0, 0, 0, 0, 0, 0, 0, 0, 0, 0, 0, 0, 0, 0, 0, 0, 0, 0, 0, 0, 0, 0, 0, 0, 0, 0, 0, 0, 0, 0, 0, 0, 0, 0, 0, 0, 0, 0, 0, 0, 0, 0, 0, 0, 0, 0, 0, 0, 0, 0, 0, 0, 0, 0, 0, 0, 0, 0, 0, 0, 0, 0, 0, 0, 0, 0, 0, 0, 0, 0, 0, 0, 0, 0, 0, 0, 0, 0, 0, 0, 0, 0, 0, 0, 0, 0, 0, 0, 0, 0, 0, 0, 0, 0, 0, 0, 0, 0, 0, 0, 0, 0, 0, 0, 0, 0, 0, 0, 0, 0, 0, 0, 0, 0, 0, 0, 10, 2, 0, 0, 0, 0, 22, 67, 36, 14, 5, 6, 10, 3, 3, 3, 1, 1, 2, 4, 3, 10, 7, 10, 19, 7, 8, 4, 0, 1, 3, 3, 2, 3, 1, 0, 2, 1, 1, 1, 1, 0, 0, 0, 1, 1, 1, 1, 3, 2, 2, 0, 1, 2, 0, 2, 1, 0, 1, 2, 1, 0, 0, 0, 0, 0, 0, 0, 0, 0, 1, 0, 1, 0, 0, 0, 0, 2, 1, 1, 0, 1, 0, 1, 1, 0, 1, 0, 0, 0, 0, 0, 0, 0, 0, 0, 0, 1, 0, 0, 0, 1, 0, 1, 0, 1, 1, 1, 0, 1, 0, 0, 0, 0, 0, 1, 0, 0, 0, 1, 0, 0, 0, 0, 0]"
100斤女警穿70斤衣服排爆_最终事件描述,“100斤女警穿70斤衣服排爆”事件在曝光后迅速引发舆论高度关注，整体呈现从单一致敬向多元讨论的深化趋势。初期（第1小时）舆论高度聚焦女警热孜亚木·提来西的英勇形象，以“巾帼英雄”“用生命守护生命”等赞誉为主，强调女性力量与职业奉献，争议仅限个别对过度赞美的调侃。随着讨论发酵（第2小时），公众开始关注其身体负荷（体重与装备重量反差）与技术替代可能，形成“职业风险-人性光辉-科技伦理”的多维对话，但核心仍是对一线人员的集体共情。事件全程保持激昂正向基调，最终升华为对高危职业群体价值与社会防护机制的综合性思考，凸显公众对英雄主义叙事与务实关怀的双重需求。,0,"[0, 0, 0]"
柳智敏遭偷拍生气变脸_最终事件描述,柳智敏遭偷拍生气变脸事件在30小时内经历了明显的舆论演变。初期（1-2小时）以粉丝娱乐化调侃为主，伴随零星服装争议；3-7小时迅速转向愤怒声讨，焦点从艺人冷脸反应升级为对偷拍行为、公司服装安全及行业乱象的批判，粉丝发起人肉搜索并出现极端言论；8-12小时争议扩散，服装设计（短裙隐患）和运镜问题成为核心矛盾，同时出现娱乐化玩梗与性别议题讨论；13-24小时舆论两极分化，支持方强烈反对“受害者有罪论”，要求公司追责，争议方则质疑偷拍界定标准，伴随少量阴谋论；25小时后事件进入持续发酵期，讨论延伸至女性权益与行业规范，粉丝组织化施压公司（@SMTOWN），但官方始终未回应。整体呈现从个体事件到系统性批判的升级路径，情绪以愤怒、心疼为主导，后期逐渐融入社会议题讨论，反映出公众对艺人隐私与性别安全的持续关注。（199字）,1,"[0, 0, 3, 12, 18, 45, 33, 15, 11, 9, 3, 18, 19, 31, 27, 33, 41, 18, 7, 2, 2, 8, 10, 30, 171, 130, 24, 16, 6, 7, 2, 4, 3, 1, 1, 2, 3, 1, 0, 0, 0, 0, 1, 0, 1, 0, 0, 0, 1, 5, 3, 1, 2, 2, 0, 3, 0, 2, 0, 0, 0, 0, 0, 0, 0, 0, 0, 0, 0, 0, 0, 0, 0, 0, 0, 0, 1, 0, 3, 1, 0, 0, 1, 0, 1, 1, 0, 0, 0, 0, 0, 1, 0, 1, 0, 0, 1, 0, 0, 0, 0, 0, 1, 1, 0, 2, 0, 0, 0, 2, 0, 2, 0, 0, 1, 1, 1, 1, 0, 1, 1, 1, 3, 0, 1, 2, 2, 0, 0, 0, 0, 0, 0, 0, 0, 1, 1, 0, 1, 1, 1, 0, 1, 0, 1, 1, 1, 0, 0, 0, 0, 0, 0, 0, 0, 0, 0, 0, 0, 0, 1, 0, 0, 0, 0, 0, 0, 0, 0, 1, 0, 1, 0, 0, 0, 0, 0, 0, 0, 0, 0, 0, 0, 0, 0, 0, 0, 0, 0, 0, 0, 0, 0, 0, 0, 0, 0, 0, 0, 0, 0, 0, 0, 0, 0, 0, 0, 0, 0, 0, 0, 0, 0, 0, 0, 1, 0, 0, 0, 0, 0, 0, 0, 1, 0, 0, 0, 0, 0, 0, 0, 0, 0, 1, 0, 0, 0, 0, 0, 0, 0, 0, 0, 0, 0, 0, 0, 0, 0, 0, 0, 0, 0, 0, 0, 0, 0, 0, 1, 0, 0, 0, 0, 0, 0, 0, 0, 0, 0, 0, 0, 0, 0, 0, 0, 0, 0, 0, 0, 1, 0, 0, 0, 0, 0, 0, 0, 0, 0, 0, 0, 0, 0, 0, 0, 1, 0, 0, 0, 0, 0, 0, 0, 1, 0, 0, 0, 0, 0, 0, 0, 0, 1, 0, 0, 0, 0, 0, 0, 0, 0, 0, 0, 0, 0, 0, 1, 0, 1, 0, 0, 0, 0, 0, 0, 0, 0, 0, 0, 0, 0, 0, 0, 1, 0, 0, 0, 0, 0, 1, 0, 0, 0, 0, 0, 0, 0, 1, 0, 0, 0, 0, 0, 0, 0, 0, 0, 0, 0, 0, 0, 0, 0, 0, 0, 0, 0, 0, 0, 0, 0, 0, 0, 0, 0, 0, 0, 0, 0, 0, 1, 0, 0, 0, 0, 0, 0, 0, 0, 1, 0, 1, 0, 0, 0, 0, 0, 0, 0, 0, 0, 0, 0, 0, 1, 1, 0, 0, 0, 0, 0, 0, 0, 0, 0, 0, 0, 0, 0, 0, 0, 0, 2, 1, 3, 0]"
苹果软件涉黄_最终事件描述,"**苹果软件涉黄事件总述**  
事件曝光初期（1-4小时），用户迅速验证涉黄内容属实，揭露软件通过技术手段（如IP伪装）绕过苹果审核，舆论矛头直指审核漏洞，同时出现矛盾情绪（批评与调侃并存）。随后（5-10小时），争议升级：**审核机制失效**成为核心焦点，用户对比安卓生态，质疑苹果“封闭性”反而加剧问题；**情绪两极分化**，既有愤怒谴责（“抽成不办事”），也有猎奇求名或淡化处理；**平台对立**与行业普遍性问题被频繁提及，涉黄软件下架后，舆论转向对苹果整改的观望。  

中期（11-13小时），讨论扩散至网络安全、社会隐私等关联议题，**官方回应缺失**导致信息混乱，公众诉求从单一事件延伸至系统性监管。后期（14-22小时），**民族品牌情绪**升温，部分用户借机推崇国产手机，但整体仍以负面评价为主，认为苹果需为“长期监管失职”负责。事件从技术漏洞曝光逐步演变为对平台责任、行业乱象及用户信任危机的多维度反思。 （199字）",0,"[0, 0, 0, 0, 23, 10, 8, 4, 1, 5, 3, 2, 5, 3, 2, 1, 0, 0, 0, 0, 2, 1]"
抢车位吵架女子叫嚣是正军级_最终事件描述,"**事件总描述：**  
“抢车位吵架女子叫嚣是正军级”事件在120小时内持续发酵，舆论从个案纠纷迅速升级为对特权现象和权力滥用的集体声讨。初期，女子嚣张态度及自称“正军级”“司法局”的言论引发公愤，网民强烈质疑其身份真实性，并关联到对政法系统特权行为的批评（如“作威作福”“扫黑除恶”）。随着舆情发展，焦点转向对其职级矛盾（无随行人员、亲自抢车位）、伪造证件可能性的嘲讽，东北口音和“停职”处罚轻描淡写成为调侃热点。央媒介入后，官方表态转为“绝不姑息”，但网民持续追问调查结果，并衍生出对营商环境、非法医美等新爆料的讨论。事件后期，舆论核心演变为对权力透明与法治公平的诉求，公众情绪以讽刺（60%）、愤怒（25%）为主，官方回应与民间期待的反差进一步激化矛盾。整体呈现从身份争议到社会反思的深化趋势，折射出公众对特权行为的敏感及对制度公信力的期待。 （198字）",1,"[0, 0, 0, 0, 0, 0, 0, 0, 0, 0, 0, 0, 0, 0, 0, 0, 0, 0, 1, 0, 0, 0, 0, 0, 0, 0, 0, 0, 0, 0, 0, 0, 0, 0, 0, 0, 0, 0, 0, 0, 0, 0, 0, 0, 0, 0, 0, 0, 0, 0, 0, 0, 1, 0, 0, 0, 0, 0, 0, 0, 0, 0, 0, 0, 0, 0, 0, 0, 0, 0, 0, 0, 0, 0, 0, 0, 0, 0, 0, 0, 0, 0, 0, 0, 0, 0, 0, 0, 0, 0, 0, 0, 0, 2, 0, 0, 1, 3, 1, 1, 0, 0, 1, 0, 0, 2, 0, 0, 0, 0, 0, 3, 3, 11, 42, 62, 56, 82, 144, 170, 154]"
黄子韬宣布做卫生巾_最终事件描述,黄子韬宣布进军卫生巾行业后，舆论在15小时内呈现从爆发式支持到理性讨论的演变趋势。事件初期（1-5小时），粉丝及路人情绪高涨，以“感动”“真男人”等标签形成一边倒支持，大量用户通过表情符号和购买承诺表达对其打破性别偏见的认可，并关联其过往诚信行为强化正面形象。中期（6-10小时），支持声浪持续主导，产品未出即获情感背书，但开始出现对市场风险、价格敏感度的谨慎提醒。后期（11-15小时），舆论分化加剧，核心争议围绕“男性主导女性健康产品”的合理性及商业可行性，但支持者仍占主流，通过强调社会责任感、关联徐艺洋形象及女性健康痛点，将事件上升至性别议题与社会价值讨论。整体呈现“明星人设强化—产品期待—社会议题共鸣”的三阶段传播路径，最终形成以积极评价为主、兼具理性思辨的舆论场。,0,"[0, 5, 29, 21, 12, 5, 2, 0, 1, 0, 4, 10, 3, 28, 0]"
95后国企干部为伪装贪腐借贷生活_最终事件描述,"该事件曝光后，舆论迅速聚焦于涉事95后干部（27岁任国企总经理）的年轻身份与贪腐金额（200余万）的强烈反差，呈现以下发展脉络：  
**初期（1-3小时）**，公众以震惊和质疑为主，嘲讽其“火箭晋升”与“贪得无厌”，代际对比（如同龄人自嘲“打螺丝”）凸显社会焦虑。  
**中期（4-12小时）**，讨论转向系统性腐败，质疑其“背锅”“替罪羊”身份，关联成都国企生态（如香投集团），推测背后存在权力网络，同时争议量刑标准（判5年罚30万）是否过轻。  
**后期（13-22小时）**，舆论持续发酵，焦点集中于晋升背景（“关系户”猜测）、贪腐手法（借贷伪装）及制度漏洞，情绪两极分化——既有讽刺（“4年赚200万值”），也有对国企用人机制的深层反思。整体呈现从个案猎奇到体制批判的升级，反映公众对年轻干部腐败的敏感与对系统性监督缺失的担忧。",1,"[0, 7, 8, 16, 14, 13, 2, 5, 2, 6, 7, 17, 26, 21, 33, 37, 28, 29, 25, 100, 68, 53, 25]"
24-5lululemon代工厂号称自家平替能以假乱真_最终事件描述,"**事件总述：**  
24-5 lululemon代工厂“平替”争议事件持续发酵，舆论呈现明显的两极分化与阶段性演变。初期（1-741小时），消费者对低价高仿需求激增，围绕“面料相同”“性价比”展开争论，同时质疑代工厂货源真实性及灰色产业链。中期（742-769小时），争议焦点转向技术壁垒与品牌溢价合理性，支持方以实测部分产品（如legging）接近正品为由推崇平替，反对方则强调剪裁、舒适度差异及知识产权风险。后期（770-1091小时），讨论趋于理性化，消费者分层明显：部分转向迪卡侬、MAIAACTIVE等替代品牌，另一部分坚持正品不可替代，但整体对品牌高溢价和品控问题（如起球、掉色）的批评加剧。事件折射出消费降级趋势下，实用主义与品牌价值的深层冲突，同时暴露仿制产业链泛滥与行业道德争议。最终，市场对高性价比产品的需求持续旺盛，而品牌信任度与溢价合理性成为长期争议焦点。（199字）",1,"[0, 0, 0, 0, 0, 0, 0, 0, 0, 0, 0, 0, 0, 0, 0, 0, 0, 0, 0, 0, 1, 0, 0, 0, 0, 0, 0, 0, 0, 0, 0, 0, 0, 0, 1, 0, 0, 0, 0, 0, 0, 0, 0, 0, 0, 0, 0, 0, 0, 0, 0, 0, 0, 0, 0, 0, 0, 0, 0, 0, 0, 0, 0, 0, 0, 0, 0, 1, 0, 0, 1, 0, 0, 0, 0, 0, 0, 0, 0, 0, 0, 0, 1, 0, 1, 0, 0, 0, 0, 0, 0, 0, 0, 0, 0, 0, 0, 0, 0, 0, 0, 0, 0, 0, 0, 0, 0, 0, 0, 0, 0, 0, 0, 0, 0, 0, 0, 0, 0, 0, 0, 0, 0, 0, 0, 0, 0, 0, 0, 0, 0, 0, 0, 1, 0, 1, 0, 0, 0, 0, 0, 0, 1, 0, 0, 0, 0, 0, 0, 0, 0, 0, 0, 0, 0, 0, 0, 0, 1, 0, 0, 1, 0, 0, 0, 0, 0, 0, 0, 0, 0, 0, 0, 0, 0, 0, 1, 0, 0, 0, 0, 1, 0, 0, 0, 0, 0, 0, 0, 0, 0, 0, 0, 0, 0, 0, 0, 0, 0, 0, 0, 0, 0, 0, 0, 0, 0, 1, 0, 0, 0, 0, 0, 0, 0, 0, 0, 0, 0, 0, 0, 0, 0, 0, 0, 0, 0, 0, 0, 0, 1, 0, 0, 0, 0, 0, 0, 0, 1, 0, 0, 0, 0, 0, 0, 0, 0, 0, 0, 0, 0, 0, 0, 0, 0, 0, 0, 0, 0, 0, 0, 0, 1, 0, 0, 0, 0, 0, 0, 0, 0, 0, 0, 0, 0, 0, 0, 1, 0, 0, 0, 0, 0, 0, 0, 0, 0, 0, 0, 0, 0, 0, 0, 0, 0, 0, 0, 0, 0, 0, 0, 0, 0, 0, 1, 0, 0, 0, 0, 0, 0, 0, 0, 0, 0, 0, 0, 0, 0, 0, 0, 0, 0, 1, 0, 0, 1, 1, 0, 0, 0, 0, 0, 1, 0, 1, 0, 0, 0, 0, 0, 0, 0, 0, 0, 0, 0, 0, 0, 0, 0, 0, 0, 0, 0, 0, 0, 0, 0, 1, 0, 0, 0, 0, 0, 0, 0, 0, 0, 1, 0, 0, 0, 0, 0, 0, 0, 0, 0, 0, 0, 0, 0, 1, 0, 0, 0, 0, 0, 0, 0, 0, 0, 0, 0, 0, 0, 0, 0, 0, 0, 0, 0, 0, 0, 0, 0, 0, 0, 0, 0, 0, 0, 0, 0, 0, 0, 0, 0, 0, 0, 0, 0, 1, 0, 0, 0, 0, 0, 0, 0, 0, 0, 0, 0, 0, 0, 0, 0, 0, 0, 0, 0, 0, 0, 0, 0, 0, 0, 0, 0, 0, 0, 0, 0, 0, 0, 0, 0, 0, 0, 0, 0, 0, 0, 0, 0, 0, 0, 0, 0, 0, 0, 1, 0, 0, 0, 0, 0, 0, 0, 0, 0, 0, 0, 0, 0, 0, 0, 0, 0, 0, 0, 0, 0, 1, 0, 0, 0, 0, 0, 0, 0, 0, 0, 0, 0, 0, 0, 0, 0, 0, 0, 0, 0, 0, 0, 0, 0, 0, 0, 0, 0, 0, 0, 0, 0, 0, 0, 0, 0, 0, 0, 0, 0, 0, 0, 0, 0, 0, 0, 0, 0, 0, 0, 0, 0, 0, 0, 0, 0, 0, 0, 0, 0, 0, 0, 0, 0, 0, 0, 0, 0, 0, 0, 0, 0, 0, 0, 0, 0, 0, 0, 0, 0, 0, 0, 0, 0, 0, 0, 0, 0, 0, 0, 0, 0, 0, 0, 0, 0, 0, 0, 0, 0, 0, 0, 0, 0, 0, 0, 0, 0, 0, 0, 0, 0, 0, 0, 0, 0, 0, 0, 0, 0, 0, 0, 0, 0, 0, 0, 0, 0, 0, 0, 0, 0, 0, 0, 0, 0, 0, 0, 0, 0, 0, 0, 0, 0, 0, 0, 0, 0, 0, 0, 0, 0, 0, 0, 0, 0, 0, 0, 0, 0, 0, 0, 0, 0, 0, 0, 0, 0, 0, 0, 0, 1, 0, 0, 0, 0, 0, 0, 0, 0, 0, 0, 0, 0, 0, 0, 0, 0, 0, 0, 0, 0, 0, 0, 0, 0, 0, 0, 0, 0, 0, 0, 0, 1, 0, 0, 0, 0, 0, 0, 0, 0, 0, 0, 0, 0, 0, 0, 0, 0, 0, 0, 0, 0, 0, 0, 0, 1, 0, 0, 0, 0, 0, 0, 0, 0, 0, 0, 0, 0, 1, 0, 0, 0, 0, 0, 3, 13, 12, 14, 9, 2, 4, 5, 2, 14, 24, 37, 21, 16, 16, 18, 33, 27, 19, 22, 29, 89, 55, 35, 24, 13, 9, 4, 5, 5, 3, 6, 2, 6, 5, 7, 5, 2, 2, 1, 1, 2, 0, 5, 4, 2, 4, 1, 2, 1, 0, 1, 0, 0, 0, 1, 0, 1, 1, 3, 1, 0, 2, 1, 1, 0, 0, 0, 0, 1, 0, 1, 1, 0, 1, 0, 0, 0, 0, 0, 0, 0, 0, 0, 0, 0, 2, 0, 0, 0, 0, 0, 0, 0, 0, 1, 0, 0, 0, 0, 0, 0, 0, 0, 0, 0, 0, 0, 0, 0, 0, 1, 0, 0, 0, 0, 0, 0, 0, 0, 0, 2, 0, 0, 0, 0, 0, 0, 0, 0, 0, 0, 0, 0, 0, 0, 0, 0, 0, 0, 1, 0, 0, 1, 0, 1, 0, 0, 0, 0, 0, 0, 0, 0, 0, 0, 0, 0, 0, 0, 1, 0, 0, 0, 0, 0, 0, 0, 0, 0, 0, 0, 0, 0, 0, 0, 0, 0, 0, 0, 0, 1, 0, 0, 0, 0, 0, 0, 0, 0, 0, 0, 0, 0, 0, 0, 0, 0, 0, 0, 0, 0, 0, 0, 1, 0, 0, 0, 0, 0, 0, 0, 0, 0, 0, 0, 0, 0, 0, 0, 0, 0, 0, 0, 0, 0, 0, 2, 0, 0, 0, 0, 1, 0, 0, 0, 0, 0, 0, 0, 0, 0, 0, 0, 0, 0, 0, 0, 0, 0, 0, 0, 0, 0, 0, 0, 0, 0, 0, 0, 0, 0, 0, 0, 0, 0, 0, 0, 0, 0, 0, 0, 0, 0, 0, 0, 0, 0, 0, 0, 0, 0, 0, 0, 0, 0, 0, 0, 0, 0, 0, 0, 0, 0, 0, 0, 0, 0, 0, 0, 0, 0, 0, 0, 0, 0, 0, 0, 0, 0, 0, 0, 0, 0, 0, 0, 0, 0, 0, 0, 0, 0, 0, 1, 0, 0, 0, 0, 0, 0, 0, 0, 0, 0, 0, 0, 0, 0, 0, 0, 0, 0, 0, 0, 0, 0, 0, 0, 0, 0, 1]"
韩安冉离婚_最终事件描述,韩安冉离婚事件在曝光初期（1-8小时）引发舆论爆发式讨论，核心争议聚焦其“五离”记录的儿戏化婚姻态度、炒作嫌疑及对子女的负面影响，负面情绪占主导。随后（9-15小时），舆论转向对重组家庭教育问题的强烈谴责，尤其针对其女儿“小猪妹”的言行引导，封杀呼声高涨。中期（16-115小时），公众对频繁炒作的疲劳感加剧，质疑动机（如带货引流）和反感情绪升级，事件逐渐演变为对网红低质流量操作的批判。后期（116-184小时），舆论呈现两极分化：一方面持续抨击其无底线炒作，另一方面开始关注财产分配与子女权益，部分支持其争取女儿保障的行为。整体趋势显示，事件从婚姻争议逐步升级为社会对网红生态的反思，公众情绪从猎奇转向厌恶，最终聚焦于子女权益与流量经济的边界问题。（198字）,1,"[3, 81, 12, 11, 3, 1, 0, 9, 8, 37, 43, 20, 29, 55, 41, 38, 65, 46, 43, 22, 14, 3, 6, 2, 1, 5, 5, 1, 1, 2, 0, 2, 2, 3, 4, 3, 1, 1, 2, 1, 2, 1, 1, 4, 1, 0, 2, 0, 1, 1, 0, 0, 0, 0, 0, 0, 0, 1, 0, 0, 0, 0, 0, 0, 0, 0, 0, 0, 0, 0, 0, 1, 1, 0, 0, 0, 1, 0, 0, 1, 1, 0, 0, 0, 0, 0, 0, 0, 1, 0, 1, 2, 0, 3, 0, 0, 1, 0, 0, 0, 0, 0, 0, 0, 0, 0, 0, 3, 6, 3, 2, 2, 0, 0, 0, 6, 15, 20, 21, 10, 4, 4, 0, 2, 0, 0, 0, 0, 1, 4, 2, 2, 1, 1, 1, 0, 0, 0, 0, 0, 0, 0, 8, 0, 0, 0, 0, 0, 0, 0, 0, 0, 0, 0, 0, 0, 1, 0, 0, 0, 0, 0, 6, 0, 0, 0, 1, 0, 0, 0, 1, 0, 0, 0, 0, 0, 0, 0, 0, 0, 0, 0, 0, 0, 1]"
液态大米_最终事件描述,"**液态大米事件总述**  
事件始于“液态大米”这一新奇表述引发的网络狂欢，初期讨论以幽默调侃为主（占比超60%），网友将其戏称为粥、米酒或衍生出“五粮液”等梗，同时伴随地域饮食文化科普（如熬粥方法）。随着话题破圈，娱乐化扩散加剧，出现猎奇创作（如“鸡童卵液”）和跨文化对比（中英文翻译梗），情绪整体轻松。  

中期焦点转向对术语包装的讽刺（如“高科技粥”），并衍生对食品营销的普遍吐槽，东北用户等地域性讨论升温。后期舆论意外转向综艺《向往的生活》，集中质疑黄磊厨艺（如豆角未熟、嘉宾硬夸），形成“赛毒药”“谋士入局”等黑色幽默梗，事件从饮食文化解构升级为对娱乐圈人设真实性的反思。  

全程呈现“新奇玩梗→文化讨论→营销批判→娱乐争议”的演变路径，最终以对综艺剧本的戏谑批判收尾，反映网络舆论从消解严肃到重构热点的典型轨迹。（198字）",0,"[1, 0, 0, 0, 0, 0, 0, 0, 0, 0, 0, 0, 0, 0, 0, 0, 0, 0, 0, 0, 0, 0, 1, 1, 0, 0, 0, 0, 1, 0, 0, 0, 0, 1, 0, 0, 1, 0, 0, 0, 0, 0, 0, 1, 0, 0, 0, 0, 0, 0, 0, 0, 0, 0, 0, 0, 0, 0, 0, 0, 0, 0, 0, 0, 0, 0, 1, 0, 0, 0, 0, 0, 0, 0, 0, 0, 0, 0, 0, 0, 0, 0, 0, 0, 0, 0, 0, 0, 0, 2, 3, 1, 0, 6, 0, 0, 3, 2, 0, 0, 0, 1, 0, 1, 0, 1, 0, 0, 0, 0, 0, 1, 0, 3, 0, 0, 0, 0, 1, 12, 15, 14, 0, 0, 0, 0, 0, 0, 0, 0, 0, 0, 0, 0, 0, 0, 0, 0, 0, 0, 0, 0, 0, 0, 0, 0, 0, 0, 0, 0, 0, 0, 0, 0, 0, 0, 0, 0, 0, 0, 0, 0, 0, 0, 0, 0, 0, 0, 0, 0, 0, 0, 0, 0, 0, 0, 0, 0, 0, 0, 0, 0, 0, 0, 0, 0, 0, 0, 0, 0, 0, 0, 0, 0, 0, 0, 0, 0, 0, 0, 0, 0, 0, 0, 0, 0, 0, 0, 0, 0, 0, 0, 0, 0, 0, 0, 0, 0, 0, 0, 0, 0, 0, 0, 0, 0, 0, 0, 0, 0, 0, 0, 0, 0, 0, 0, 0, 0, 0, 0, 0, 0, 0, 0, 0, 0, 0, 0, 0, 0, 0, 0, 0, 0, 0, 0, 0, 0, 0, 0, 0, 0, 0, 0, 0, 0, 0, 0, 0, 0, 0, 0, 0, 0, 0, 0, 0, 0, 0, 0, 0, 0, 0, 0, 0, 0, 0, 0, 0, 0, 0, 0, 0, 0, 0, 0, 0, 0, 0, 0, 0, 0, 0, 0, 0, 0, 0, 0, 0, 0, 0, 0, 0, 0, 0, 0, 0, 0, 0, 0, 0, 0, 0, 0, 0, 0, 0, 0, 0, 0, 0, 0, 0, 0, 0, 0, 0, 0, 0, 0, 0, 0, 0, 0, 0, 0, 0, 0, 0, 0, 0, 0, 0, 0, 0, 0, 0, 0, 0, 0, 0, 0, 0, 0, 0, 0, 0, 0, 0, 0, 0, 0, 0, 0, 0, 0, 0, 0, 0, 0, 0, 0, 0, 0, 0, 0, 5, 5, 2, 0, 0, 0, 0, 0, 0, 0, 0, 0, 0, 0, 0, 0, 0, 0, 0, 0, 1, 0, 1, 0, 1, 1, 0, 0, 0, 0, 0, 0, 0, 0, 0, 0, 0, 0, 0, 0, 1, 0, 0, 0, 0, 0, 0, 0, 0, 0, 0, 0, 0, 0, 0, 0, 0, 0, 1, 0, 0, 0, 0, 0, 0, 0, 0, 0, 0, 0, 0, 0, 0, 0, 0, 0, 0, 0, 0, 0, 0, 0, 0, 0, 0, 0, 0, 0, 0, 0, 0, 0, 0, 0, 0, 0, 0, 0, 0, 0, 1, 0, 1, 0, 0, 1, 0, 0, 0, 0, 0, 0, 0, 0, 0, 0, 0, 0, 0, 2, 0, 0, 1, 0, 0, 0, 0, 0, 0, 0, 0, 0, 0, 0, 0, 0, 0, 0, 1, 0, 0, 0, 1, 0, 0, 1]"
丈夫给足球打气递给妻子时突然爆炸_最终事件描述,"**事件总述**：  
该事件始于丈夫给足球打气时突然爆炸，导致妻子受伤。舆论发展呈现三阶段演变：  
1. **初期（1-482小时）**：情绪两极分化，戏谑表情（如[捂脸]）与严肃关切并存，话题迅速偏移至足球邀约、政治口号等，核心事件被分散。  
2. **中期（483-512小时）**：焦点转向事件戏剧性，丈夫打气过量（“足球变椭圆”）和爆炸后大笑行为引发黑色幽默调侃，同时隐含对其缺乏常识与同理心的批评；妻子头发被气浪掀飞的画面成为热议符号。  
3. **后期（513-515小时）**：舆论趋于理性化，安全警示（如充气规范、产品质量）和丈夫责任（“鲁莽”“微笑争议”）成为主导，部分质疑事件真实性，消防超话介入但讨论仍掺杂戏谑。  

**整体趋势**：从碎片化消解到集中批判，最终回归安全反思，但娱乐化表达始终伴随事件传播。",0,"[1, 0, 0, 0, 0, 0, 0, 0, 0, 0, 0, 0, 0, 0, 0, 0, 0, 0, 0, 0, 0, 0, 0, 0, 0, 0, 0, 0, 0, 0, 0, 0, 0, 0, 0, 0, 0, 0, 0, 0, 0, 0, 0, 0, 0, 0, 0, 0, 0, 0, 0, 0, 0, 0, 0, 0, 0, 0, 0, 0, 0, 0, 0, 0, 0, 0, 0, 0, 0, 0, 0, 0, 0, 0, 0, 0, 0, 0, 0, 0, 0, 0, 0, 0, 0, 0, 0, 0, 0, 0, 0, 0, 0, 0, 0, 0, 0, 0, 0, 0, 0, 0, 0, 0, 0, 0, 0, 0, 0, 0, 0, 0, 0, 0, 0, 0, 0, 0, 0, 0, 0, 0, 0, 0, 0, 0, 0, 0, 0, 0, 0, 0, 0, 0, 0, 0, 0, 0, 0, 0, 0, 0, 0, 0, 0, 0, 0, 0, 0, 0, 0, 0, 0, 0, 0, 0, 0, 0, 0, 0, 0, 0, 0, 0, 0, 0, 0, 0, 0, 0, 0, 0, 0, 0, 0, 0, 0, 0, 0, 0, 0, 0, 0, 0, 0, 0, 0, 0, 0, 0, 0, 0, 0, 0, 0, 0, 0, 0, 0, 0, 0, 0, 0, 0, 0, 0, 0, 0, 0, 0, 0, 0, 0, 0, 0, 0, 0, 0, 0, 0, 0, 0, 0, 0, 0, 0, 0, 0, 0, 0, 0, 0, 0, 0, 0, 0, 0, 0, 0, 0, 0, 0, 0, 0, 0, 0, 0, 0, 0, 0, 0, 0, 0, 0, 0, 0, 0, 0, 0, 0, 0, 0, 0, 0, 0, 0, 0, 0, 0, 0, 0, 0, 0, 0, 0, 0, 0, 0, 0, 0, 0, 0, 0, 0, 1, 0, 0, 0, 0, 0, 0, 0, 0, 0, 0, 0, 0, 0, 0, 0, 0, 0, 0, 0, 0, 0, 0, 0, 0, 0, 0, 0, 0, 0, 0, 0, 0, 0, 0, 0, 0, 0, 0, 0, 0, 0, 0, 0, 0, 0, 0, 0, 0, 0, 0, 0, 0, 0, 0, 0, 0, 0, 0, 0, 0, 0, 0, 0, 0, 0, 0, 0, 0, 0, 0, 0, 0, 0, 0, 0, 0, 0, 0, 0, 0, 0, 0, 0, 0, 0, 0, 0, 0, 0, 0, 0, 0, 0, 0, 0, 0, 0, 0, 0, 0, 0, 0, 0, 0, 0, 0, 0, 0, 0, 0, 0, 0, 0, 0, 0, 0, 0, 0, 0, 0, 0, 0, 0, 0, 1, 0, 0, 0, 0, 0, 0, 0, 0, 0, 0, 0, 0, 0, 0, 0, 0, 0, 0, 0, 0, 0, 0, 0, 0, 0, 1, 0, 0, 0, 0, 0, 0, 0, 0, 0, 0, 0, 0, 0, 0, 0, 0, 0, 0, 0, 2, 0, 0, 0, 0, 0, 0, 0, 0, 0, 0, 0, 0, 0, 0, 0, 0, 0, 0, 0, 0, 0, 0, 0, 0, 0, 0, 2, 27, 15, 1, 0, 1, 0, 0, 1, 1, 2, 0, 1, 2, 1, 3, 1, 5, 2, 0, 0, 1, 0, 3, 2, 0, 0, 0, 0, 11, 31, 10, 3]"
17岁未成年彝族女孩成代孕妈妈_最终事件描述,17岁未成年彝族女孩沦为代孕工具的事件在曝光后迅速引发舆论风暴。初期（第1小时）舆论以强烈愤慨为主，集中谴责代孕机构违法操作、质疑监管缺位，并揭露代孕产业低龄化趋势，反对合法化的声音占据主流。随着讨论深入（第2-3小时），焦点扩展至代孕黑产链条的系统性剥削，尤其关注少数民族、贫困地区女性的脆弱性，呼吁法律严惩与制度完善，同时关联地域乱象和阶层不平等问题。情绪从愤怒、震惊逐渐转向对结构性矛盾的反思，部分言论触及族群标签化争议。后期（第4小时）舆论持续发酵，要求“代孕入刑”的声浪高涨，并延伸至对同性婚姻、三胎政策等社会议题的讨论，同时伴随对热搜压制的担忧。整体呈现从个案谴责到社会问题批判的升级态势，核心诉求始终围绕未成年人保护与代孕产业根治。,0,"[4, 29, 95, 100, 26]"
单依纯口误(正向)_最终事件描述,单依纯口误事件整体呈现“娱乐化扩散—正向强化—形象升级”的演变轨迹。事件初期（1-539小时），舆论以对其唱功的赞誉为主，口误仅零星提及；540-561小时转向晚会表现对比，其“稳”“情感把控”获认可。562小时后，因将“WMA”误说为“TMEA”的片段被广泛传播，舆论迅速娱乐化，网友高频玩梗“小品女王”“可爱闯祸”，毛不易等嘉宾反应成热议焦点，相关剪辑推动事件破圈。563-585小时，调侃持续深化，衍生出“电子闯祸精”“00后职场”等标签，其自嘲反应和亲和力进一步消解争议，负面评价不足10%。586-588小时，事件升级为艺人形象加分项，“真实可爱”成为核心标签，甚至反向科普奖项名称。整体而言，该事件通过公众对年轻艺人真实性格的包容，将口误转化为强化其“反差萌”人设的契机，最终形成“包容-娱乐-赞赏”的三元舆论结构，巩固了单依纯的观众缘与话题度。（198字）,0,"[0, 0, 0, 0, 0, 0, 0, 0, 0, 0, 0, 0, 0, 0, 0, 0, 0, 0, 0, 0, 0, 0, 0, 0, 0, 0, 0, 0, 0, 0, 0, 0, 0, 0, 0, 0, 0, 0, 0, 0, 0, 0, 0, 0, 0, 0, 0, 0, 0, 0, 0, 0, 0, 0, 0, 0, 0, 0, 0, 0, 0, 0, 0, 0, 0, 0, 0, 0, 0, 0, 0, 0, 0, 0, 0, 0, 0, 0, 0, 0, 0, 0, 0, 0, 0, 0, 0, 0, 0, 0, 0, 0, 0, 0, 0, 0, 0, 0, 0, 0, 0, 0, 0, 0, 0, 0, 0, 0, 0, 0, 0, 0, 0, 0, 0, 0, 0, 0, 0, 0, 0, 0, 0, 0, 0, 0, 0, 0, 0, 0, 0, 0, 0, 0, 0, 0, 0, 0, 0, 0, 0, 0, 0, 0, 0, 0, 0, 0, 0, 0, 0, 0, 0, 0, 0, 0, 0, 0, 0, 0, 0, 0, 0, 0, 0, 0, 0, 0, 0, 0, 0, 0, 0, 0, 0, 0, 0, 0, 0, 0, 0, 0, 0, 0, 0, 0, 0, 0, 0, 0, 0, 0, 0, 0, 0, 0, 0, 0, 0, 0, 0, 0, 0, 0, 0, 0, 0, 0, 0, 0, 0, 0, 0, 0, 0, 0, 0, 0, 0, 0, 0, 0, 0, 0, 0, 0, 0, 0, 0, 0, 0, 0, 0, 0, 0, 0, 0, 0, 0, 0, 0, 0, 0, 0, 0, 0, 0, 0, 0, 0, 0, 0, 0, 0, 0, 0, 0, 0, 0, 0, 0, 0, 0, 0, 0, 0, 0, 0, 0, 0, 0, 0, 0, 0, 0, 0, 0, 0, 0, 0, 0, 0, 0, 0, 0, 0, 0, 0, 0, 0, 0, 0, 0, 0, 0, 0, 0, 0, 0, 0, 0, 0, 0, 0, 0, 0, 0, 0, 0, 0, 0, 0, 0, 0, 0, 0, 0, 0, 0, 0, 0, 0, 0, 0, 0, 0, 0, 0, 0, 0, 0, 0, 0, 0, 0, 0, 0, 0, 0, 0, 0, 0, 0, 0, 0, 0, 0, 0, 0, 0, 0, 0, 0, 0, 0, 0, 0, 0, 0, 0, 0, 0, 0, 0, 0, 0, 0, 0, 0, 0, 0, 0, 0, 0, 0, 0, 0, 0, 0, 0, 0, 0, 0, 0, 0, 0, 0, 0, 0, 0, 0, 0, 0, 0, 0, 0, 0, 0, 0, 0, 0, 0, 0, 0, 0, 0, 0, 0, 0, 0, 0, 0, 0, 0, 0, 0, 0, 0, 0, 0, 0, 0, 0, 0, 0, 0, 0, 0, 0, 0, 0, 0, 0, 0, 0, 0, 0, 0, 0, 0, 0, 0, 0, 0, 0, 0, 0, 0, 0, 0, 0, 0, 0, 0, 0, 0, 0, 0, 0, 0, 0, 0, 0, 0, 0, 0, 0, 0, 0, 0, 0, 0, 0, 0, 0, 0, 0, 0, 0, 0, 0, 0, 0, 0, 0, 0, 0, 0, 0, 0, 0, 0, 0, 0, 0, 0, 0, 0, 0, 0, 0, 0, 0, 0, 0, 0, 0, 0, 0, 0, 0, 0, 0, 0, 0, 0, 0, 0, 0, 0, 0, 0, 0, 0, 0, 0, 0, 0, 0, 0, 0, 0, 0, 0, 0, 0, 0, 0, 0, 1, 2, 2, 0, 2, 1, 0, 0, 0, 0, 0, 0, 0, 0, 0, 0, 0, 0, 2, 0, 0, 0, 0, 0, 0, 0, 0, 0, 0, 0, 0, 1, 0, 0, 0, 0, 0, 0, 0, 0, 0, 0, 0, 0, 1, 0, 1, 3, 2, 1]"
女子一次次给骗子送钱一次次失败_最终事件描述,该事件舆情发展呈现明显的阶段性特征：初期（1-3小时）信息沉寂，仅官方账号互动；第4小时起关注度骤升，公众以震惊与无奈为主，高频词"警惕"反映反诈焦虑。中期（5-7小时）舆论两极分化：多数人批判受害者"又贪又蠢"，嘲讽其执迷不悟，同时诈骗案例分享激增，显示社会对骗术泛滥的深层忧虑；理性声音呼吁加强反诈宣传但占比有限。后期（8-10小时）情绪转向负面宣泄，浅层互动（如问候）与财富分配等衍生话题稀释核心讨论，但公众警惕性增强，部分结合亲身经历反思骗局套路。整体呈现"猎奇嘲讽→情绪宣泄→社会反思"的演变路径，暴露出公众对反诈教育缺失的集体焦虑，以及网络舆论从聚焦事件到泛化议题的传播特性。,0,"[0, 0, 0, 0, 19, 51, 44, 11, 6, 6]"
张庭女儿回应外貌争议_最终事件描述,张庭女儿回应外貌争议事件在12小时内呈现明显的舆论分化与焦点转移。初期（1-4小时），评论围绕其外貌两极分化，支持者强调自信与多元审美，反对者则关联父母传销争议进行道德评判。中期（5-9小时），争议升级为家庭背景的延伸讨论，负面评论增多，涉及基因缺陷、父母丑闻等攻击性内容，而支持声音则强化对未成年人的保护呼吁。后期（10-13小时），舆论场形成具象化攻击（如体态缺陷描述）与理性反思的对峙，约65%恶意评论持续关联"传销二代"等标签，但停止外貌羞辱的理性声音逐渐增强。整体趋势显示，事件从单纯容貌评价演变为对星二代社会资源、家庭原罪的公共讨论，情绪虽以负面为主，但社会对网络暴力边界的争议亦随之凸显。（198字）,1,"[2, 0, 1, 0, 50, 86, 42, 47, 36, 45, 43, 30, 21]"
脱粉回踩_最终事件描述,"**脱粉回踩事件整体描述**  

该事件始于粉丝对艺人（疑似韩团成员）在危机中（如地震、泰国安全问题）漠视粉丝权益的强烈不满，核心矛盾迅速从“消费者权利vs饭圈忠诚”升级为群体对立。前13小时，双方围绕“花钱回踩合理性”激烈争论，泰国粉丝安全成为焦点；14-20小时，舆论极端化，中韩粉丝对立激化，“中输养团”和经济回报争议加剧民族情绪，人身攻击频发。21-24小时，负面情绪主导，矛头指向艺人“起号逃责”、漠视安全（如“六逃一”行为），并扩散至追星女安全隐患（如人贩子风险）、经济损失（“还钱”诉求）等社会性批判。事件从具体行为争议演变为涉及道德谴责、民族情绪和饭圈文化反思的公共议题，理性讨论空间完全压缩，最终以集体愤怒与极端言论收尾。",1,"[4, 2, 0, 0, 0, 0, 0, 1, 0, 6, 4, 9, 7, 16, 11, 8, 32, 14, 14, 4, 39, 58, 38, 48]"
赵一博说交不到朋友不是性格问题_最终事件描述,赵一博关于“交不到朋友非性格问题”的言论事件呈现明显的阶段性演变。初期（1-3小时）言论因契合当代社交焦虑引发广泛共鸣，舆论以积极治愈为主，网友高度认同“缘分交友”“阶段性友谊”观点，节目热度同步攀升。中期（第4小时）舆论迅速分化：支持方延续共鸣，强调“同频共振”等观点；反对方则质疑其营销动机及艺人形象，粉黑对抗加剧，争议焦点转向言论是否被断章取义及身份争议。后期（第5小时）粉丝主导舆论走向，通过标签澄清事件背景、转移至新剧《淮水竹亭》宣传，反对声量减弱但持续存在“翻旧账”“人品”等质疑。整体事件从观点共鸣发展为粉黑博弈，最终以粉丝控场、话题商业价值释放收尾，反映出明星言论在社交媒体的快速发酵与饭圈化解读特征。（199字）,0,"[1, 0, 0, 33, 50, 16]"
如何看待北大硕士当食堂阿姨_最终事件描述,"**北大硕士当食堂阿姨事件总述**  
该事件发酵初期（1-726小时），舆论围绕高学历者从事基层工作的合理性激烈分化，争议焦点从职业“体面性”逐步转向对教育功利化、社会价值观的反思。中期（727-751小时），事实澄清（实为管培生轮岗）推动讨论趋于理性，但媒体“标题党”炒作与学历贬值焦虑仍为核心议题。后期（752-767小时），舆论场因突发社会事件（如泰国寻人）短暂失焦，随后回归对职业自由与结构性矛盾的辩论，支持者强调“自洽”与反内卷，反对者质疑教育资源浪费。整体呈现从猎奇争议→事实辨析→价值观碰撞的演变，最终落脚于对媒体伦理、就业压力及学历价值等深层社会问题的探讨，反映出公众对职业偏见与教育回报的复杂心态。（198字）",1,"[0, 0, 0, 0, 0, 0, 0, 0, 0, 0, 0, 0, 0, 0, 0, 0, 0, 0, 0, 0, 0, 0, 0, 0, 0, 0, 0, 0, 0, 0, 0, 0, 0, 0, 0, 0, 0, 0, 0, 0, 0, 0, 0, 0, 0, 0, 0, 0, 0, 0, 0, 0, 0, 0, 0, 0, 0, 0, 0, 0, 0, 0, 0, 0, 0, 0, 0, 0, 0, 0, 0, 0, 0, 0, 0, 0, 0, 0, 0, 0, 0, 0, 0, 0, 0, 0, 0, 0, 0, 0, 0, 0, 0, 0, 0, 0, 0, 1, 0, 0, 0, 0, 0, 0, 0, 0, 0, 0, 0, 0, 0, 0, 0, 1, 0, 0, 0, 0, 0, 0, 0, 0, 0, 0, 1, 0, 0, 0, 0, 0, 0, 0, 0, 0, 0, 0, 0, 0, 0, 0, 0, 0, 0, 0, 0, 0, 0, 0, 0, 0, 0, 0, 0, 0, 0, 0, 0, 0, 0, 0, 0, 0, 0, 0, 0, 0, 0, 0, 0, 0, 0, 0, 0, 0, 0, 0, 0, 0, 0, 0, 0, 0, 0, 0, 0, 0, 0, 0, 0, 0, 0, 0, 0, 0, 0, 0, 0, 0, 1, 0, 0, 0, 0, 0, 0, 0, 0, 0, 0, 0, 0, 0, 0, 0, 0, 0, 0, 0, 0, 0, 0, 0, 0, 0, 0, 0, 0, 2, 0, 0, 0, 0, 0, 0, 1, 0, 0, 1, 1, 0, 0, 0, 0, 0, 0, 0, 0, 0, 0, 0, 0, 0, 0, 0, 0, 0, 0, 0, 0, 0, 0, 0, 0, 0, 1, 0, 0, 0, 0, 0, 0, 0, 0, 0, 0, 0, 0, 0, 0, 1, 0, 0, 0, 0, 0, 0, 0, 0, 0, 0, 0, 0, 0, 0, 0, 0, 0, 0, 0, 0, 1, 0, 0, 0, 0, 1, 0, 0, 1, 0, 2, 0, 0, 1, 0, 1, 1, 0, 0, 0, 0, 0, 0, 0, 0, 0, 0, 0, 0, 0, 0, 0, 0, 0, 0, 0, 0, 1, 0, 1, 0, 0, 0, 0, 0, 0, 0, 0, 0, 0, 0, 0, 0, 0, 0, 0, 0, 1, 0, 0, 0, 0, 0, 0, 0, 0, 0, 1, 0, 1, 0, 0, 0, 0, 0, 0, 0, 0, 1, 0, 0, 0, 0, 0, 1, 0, 0, 0, 0, 0, 0, 0, 0, 1, 0, 0, 0, 0, 0, 0, 0, 0, 0, 0, 0, 0, 0, 0, 0, 0, 0, 0, 1, 0, 0, 0, 0, 1, 0, 0, 0, 1, 0, 0, 0, 0, 1, 0, 0, 0, 0, 0, 0, 0, 0, 0, 0, 0, 0, 0, 0, 0, 0, 0, 0, 0, 0, 0, 0, 0, 0, 0, 0, 0, 0, 0, 0, 0, 0, 0, 0, 0, 0, 0, 0, 0, 0, 0, 1, 0, 0, 0, 0, 0, 0, 0, 0, 0, 0, 0, 0, 0, 0, 0, 0, 0, 1, 0, 0, 2, 0, 0, 0, 0, 1, 0, 0, 0, 0, 0, 0, 0, 0, 0, 0, 0, 0, 0, 0, 0, 1, 0, 0, 0, 0, 0, 0, 0, 0, 0, 0, 0, 0, 0, 0, 2, 0, 0, 0, 0, 0, 0, 0, 0, 0, 0, 2, 0, 0, 0, 1, 0, 0, 1, 0, 0, 0, 0, 0, 0, 0, 0, 0, 0, 1, 0, 0, 0, 3, 3, 1, 0, 0, 0, 0, 0, 0, 0, 1, 1, 0, 0, 0, 0, 1, 0, 0, 0, 0, 0, 0, 0, 0, 0, 0, 0, 1, 0, 0, 0, 0, 0, 0, 0, 0, 0, 0, 0, 0, 0, 0, 0, 0, 0, 0, 0, 1, 1, 0, 0, 0, 0, 1, 0, 0, 0, 0, 0, 0, 2, 0, 0, 0, 0, 0, 0, 0, 0, 0, 0, 1, 2, 2, 1, 0, 0, 0, 0, 0, 0, 0, 0, 1, 4, 2, 3, 4, 0, 0, 0, 0, 1, 0, 0, 0, 0, 0, 1, 0, 0, 0, 0, 0, 0, 0, 0, 0, 0, 0, 0, 0, 0, 0, 0, 0, 0, 2, 3, 1, 1, 0, 2, 0, 0, 1, 0, 1, 0, 1, 0, 3, 0, 0, 3, 2, 2, 1, 0, 0, 0, 1, 0, 1, 2, 2, 2, 0, 0, 1, 0, 0, 0, 0, 0, 3, 0, 0, 2, 0, 0, 0, 0, 0, 1, 2, 0, 21, 38, 12, 3, 0, 0, 1, 0, 0, 0, 3, 3, 2, 3, 1, 1, 0, 0, 4, 3, 2, 5, 0, 0, 3, 11, 3, 2, 5, 4, 3, 1, 0, 1, 2, 11, 8, 26, 34, 16, 10, 0]"
女子取消预订酒店被扣1000多元_最终事件描述,该事件始于消费者因取消酒店预订被扣1000多元引发的争议，舆论发展呈现明显的阶段性特征。初期（1-98小时）以消费者愤怒情绪为主导，大量用户分享类似遭遇，聚焦酒店单方面违约、强制加价等问题，并积极传播投诉渠道和维权案例。中期（99-137小时）情绪共鸣持续增强，舆论分化为支持维权与质疑事件真实性两派，同时衍生出对行业乱象的集中批评，维权策略逐渐系统化（如坚持平台索赔、退一赔三）。后期（143-145小时）舆论出现反转，契约精神成为焦点，多数评论转向批评消费者“违约甩锅”，强调条款约束力。整体来看，事件从个体维权案例逐步演变为对酒店行业规则透明性、消费者权益与商业契约平衡的公共讨论，反映出市场规范与维权意识碰撞下的复杂社会心态。,0,"[0, 0, 0, 0, 0, 0, 0, 0, 0, 0, 0, 0, 0, 0, 0, 0, 0, 0, 0, 0, 0, 0, 0, 0, 0, 0, 0, 0, 0, 0, 0, 0, 0, 0, 0, 0, 0, 0, 0, 0, 0, 0, 0, 0, 0, 0, 1, 0, 0, 0, 0, 0, 0, 0, 0, 0, 0, 0, 0, 0, 0, 0, 0, 0, 0, 0, 0, 0, 0, 0, 0, 0, 0, 0, 0, 1, 0, 0, 0, 0, 0, 0, 0, 0, 0, 0, 0, 0, 0, 0, 0, 0, 0, 0, 0, 0, 0, 0, 1, 4, 3, 3, 2, 1, 0, 0, 0, 0, 0, 0, 0, 2, 0, 1, 1, 1, 1, 0, 0, 0, 1, 0, 1, 0, 0, 1, 1, 2, 1, 0, 0, 0, 0, 0, 0, 0, 0, 0, 0, 0, 0, 0, 0, 6, 2, 0]"
董力拒绝亲密行为_最终事件描述,"**董力拒绝亲密行为事件整体描述：**  
事件始于董力在综艺中抗拒与妻子阿诺的亲密互动，引发舆论持续发酵。初期（1-200小时）焦点集中于对其态度冷漠、PUA嫌疑及婚姻动机的质疑，阿诺的“恋爱脑”形象获广泛同情，而董力因知名度低（“董力是谁”高频出现）与“小牌大耍”批评遭群嘲。中期（200-500小时）争议升级，舆论分化：一方结合其回避行为（如五年无接吻）认定“不爱”或“形婚”，另一方则强调夫妻模式差异，但负面情绪主导，关联其过往综艺形象（如《爸爸去哪儿》）崩塌。后期（500-734小时）讨论转向婚姻本质反思，分床睡、文化差异等议题被泛化，但核心矛盾始终围绕董力对阿诺的情感真实性。尽管剧本猜测、剪辑误导等声音偶现，舆论仍以“冷漠”“渣男”等标签固化其负面形象，事件热度随公众认知模糊（持续身份疑问）逐渐衰退，最终沦为对“无爱婚姻”的戏谑讨论。  

（字数：199）",1,"[1, 0, 1, 0, 0, 0, 0, 0, 0, 2, 0, 0, 1, 2, 0, 0, 0, 0, 0, 0, 0, 0, 0, 0, 0, 0, 0, 0, 1, 0, 0, 0, 0, 0, 0, 0, 0, 0, 0, 0, 0, 0, 0, 0, 0, 0, 0, 0, 0, 0, 0, 0, 0, 0, 0, 0, 0, 0, 0, 1, 0, 0, 1, 0, 1, 0, 0, 0, 0, 0, 0, 0, 0, 0, 1, 1, 0, 0, 2, 0, 0, 1, 1, 0, 0, 0, 2, 0, 0, 0, 0, 0, 0, 0, 0, 0, 1, 0, 1, 1, 0, 0, 1, 0, 0, 0, 0, 0, 0, 0, 1, 5, 2, 1, 0, 0, 0, 0, 0, 1, 0, 2, 1, 0, 2, 1, 0, 1, 0, 0, 0, 1, 0, 0, 0, 0, 0, 0, 0, 0, 0, 0, 0, 0, 3, 0, 0, 0, 0, 0, 0, 1, 0, 0, 1, 0, 0, 0, 1, 0, 0, 0, 0, 0, 0, 1, 0, 0, 1, 0, 0, 0, 0, 0, 0, 2, 1, 0, 0, 0, 1, 0, 0, 0, 0, 0, 0, 0, 0, 0, 1, 0, 0, 0, 0, 0, 0, 4, 6, 3, 4, 6, 2, 1, 6, 2, 2, 4, 0, 0, 0, 0, 0, 0, 1, 1, 2, 2, 3, 10, 5, 9, 34, 12, 7, 14, 12, 21, 29, 29, 36, 16, 8, 2, 3, 3, 0, 1, 2, 4, 7, 3, 3, 9, 3, 2, 1, 4, 4, 3, 10, 12, 33, 25, 22, 14, 6, 5, 1, 3, 0, 3, 1, 2, 2, 6, 10, 13, 7, 8, 2, 4, 7, 12, 12, 21, 23, 12, 21, 7, 4, 4, 2, 3, 3, 5, 4, 21, 13, 10, 8, 16, 9, 8, 6, 7, 10, 7, 5, 10, 6, 7, 5, 2, 1, 1, 0, 1, 2, 0, 2, 1, 3, 0, 2, 6, 4, 1, 1, 2, 9, 5, 3, 4, 14, 8, 3, 3, 2, 2, 0, 0, 2, 2, 1, 1, 2, 1, 5, 2, 4, 3, 3, 3, 5, 2, 6, 12, 25, 25, 25, 14, 6, 5, 5, 3, 3, 2, 12, 9, 3, 7, 7, 7, 5, 1, 7, 2, 3, 3, 3, 4, 6, 1, 6, 0, 1, 1, 2, 0, 0, 0, 1, 0, 0, 1, 2, 0, 2, 2, 4, 4, 3, 1, 4, 1, 5, 4, 3, 0, 0, 1, 0, 0, 0, 0, 0, 1, 2, 5, 0, 3, 2, 0, 1, 4, 12, 48, 30, 40, 30, 34, 37, 29, 31, 12, 7, 8, 15, 5, 14, 24, 10, 17, 14, 32, 19, 17, 4, 7, 10, 4, 4, 4, 7, 5, 8, 3, 4, 1, 0, 1, 3, 0, 2, 3, 4, 3, 2, 6, 6, 3, 3, 8, 2, 4, 5, 1, 7, 6, 3, 2, 1, 1, 0, 0, 0, 1, 0, 1, 1, 1, 1, 1, 2, 3, 1, 3, 3, 3, 1, 3, 4, 5, 1, 0, 0, 0, 0, 0, 0, 0, 0, 1, 0, 1, 1, 2, 2, 1, 0, 0, 0, 1, 1, 2, 1, 0, 0, 0, 0, 1, 0, 1, 0, 1, 1, 0, 2, 0, 1, 1, 2, 1, 0, 1, 1, 0, 1, 0, 0, 0, 0, 0, 0, 0, 0, 0, 0, 0, 1, 0, 0, 1, 0, 3, 0, 4, 1, 1, 1, 2, 1, 2, 2, 0, 3, 1, 0, 1, 1, 1, 0, 0, 1, 1, 2, 4, 3, 10, 4, 3, 3, 3, 3, 4, 0, 0, 0, 3, 2, 1, 2, 0, 1, 0, 0, 2, 1, 0, 0, 0, 2, 0, 1, 0, 1, 2, 3, 3, 2, 2, 3, 2, 1, 4, 1, 0, 0, 1, 1, 1, 0, 1, 0, 0, 1, 0, 0, 1, 0, 2, 1, 2, 3, 0, 0, 3, 1, 1, 0, 0, 0, 1, 0, 1, 0, 0, 0, 0, 1, 0, 1, 1, 0, 0, 0, 2, 1, 1, 1, 4, 0, 1, 1, 1, 1, 0, 1, 0, 1, 0, 2, 5, 0, 4, 1, 1, 1, 0, 3, 2, 2, 2, 5, 2, 5, 3, 3, 1, 2, 0, 0, 3, 1, 2, 1, 1, 4, 4, 2, 0, 2, 0, 1, 0, 3, 0, 3, 3, 1, 0, 0, 2, 2, 1, 0, 1, 0, 1, 1, 0, 1, 4, 5, 31, 110, 135, 110, 70, 63, 77, 142, 61]"
女生高铁上提醒男子勿脱鞋放脚被打_最终事件描述,"女生高铁提醒男子勿脱鞋反被打事件在14小时内迅速引爆舆论，呈现以下发展脉络：  
**初期（1-14小时）**，舆论集中爆发强烈愤慨，超30条评论谴责男子“低素质、欺软怕硬”，要求法律严惩（拘留、高铁黑名单）并质疑乘警处置效率；公共文明讨论与性别视角初现，标签#迅速扩散。  
**中期（15-16小时）**，舆情持续升级，焦点扩展至三方面：一是近八成评论呼吁严惩施暴者，反对打码处理；二是女性用户结合自身经历表达安全焦虑，性别议题凸显；三是少数理性声音（不足5%）提及“反转可能”，但被主流批判淹没。  
**后期（17小时）**，讨论深化至制度层面，要求完善高铁黑名单及公共执法，同时出现零星地域攻击（非主流）。整体呈现高热度、高批判性，核心诉求始终围绕司法惩戒与公共秩序改进，反映民众对不文明行为的零容忍及对法治效率的期待。（199字）",0,"[3, 5, 2, 2, 6, 7, 6, 2, 2, 1, 1, 1, 2, 2, 15, 13, 220, 1]"
女高管与下属约会开房被开除_最终事件描述,"**事件总述**：  
女高管与下属约会开房被开除事件在10天内（244-248小时）持续发酵，舆论呈现从戏谑调侃到深层社会议题讨论的演变。初期（1-244小时），网民两极分化：一方质疑女方动机，类比“小作文”维权，嘲讽“你情我愿”；另一方批判职场权色交易，但道德谴责多聚焦女性。中期（245-246小时），争议转向性别与权力双重标准，核心矛盾为“为何仅女高管被开除”，同时荒诞细节（如“0.46-1.22米距离”）被广泛玩梗，折射公众对官方说法的质疑。后期（247-248小时），讨论深化至职场潜规则系统性批判，对比男性高管免责案例，情绪以讽刺为主，夹杂对婚姻道德与程序正义的争议。整体趋势显示，事件从个体私德争议逐步升级为职场性别不平等、权力滥用的公共议题，网民态度从麻木戏谑转向对社会结构性问题的反思。（198字）",0,"[1, 0, 1, 0, 0, 0, 0, 0, 0, 0, 0, 0, 0, 0, 0, 0, 1, 0, 0, 0, 0, 0, 0, 0, 0, 0, 0, 0, 0, 0, 0, 0, 0, 0, 0, 0, 0, 0, 0, 0, 0, 1, 1, 1, 0, 0, 0, 0, 0, 0, 0, 0, 0, 0, 0, 0, 0, 1, 0, 0, 0, 0, 0, 0, 0, 0, 0, 0, 0, 0, 0, 0, 0, 0, 0, 0, 0, 0, 0, 0, 0, 0, 0, 0, 0, 0, 0, 0, 0, 0, 0, 0, 0, 0, 0, 0, 0, 0, 0, 0, 0, 0, 0, 0, 0, 0, 0, 0, 0, 0, 0, 0, 0, 0, 0, 0, 0, 0, 0, 0, 0, 0, 0, 0, 0, 0, 0, 0, 1, 0, 0, 0, 0, 0, 0, 0, 0, 0, 0, 1, 0, 0, 1, 0, 0, 0, 0, 0, 0, 0, 0, 0, 0, 0, 0, 0, 0, 0, 0, 0, 0, 0, 0, 0, 0, 0, 0, 0, 0, 0, 0, 0, 0, 0, 0, 0, 1, 0, 0, 0, 0, 0, 0, 0, 0, 0, 0, 0, 0, 0, 0, 0, 0, 0, 0, 0, 0, 0, 0, 0, 0, 0, 0, 0, 0, 0, 0, 0, 0, 0, 0, 0, 0, 0, 0, 0, 0, 1, 0, 0, 0, 0, 0, 0, 0, 1, 0, 0, 0, 0, 0, 0, 0, 0, 0, 0, 0, 0, 0, 0, 0, 0, 0, 0, 2, 42, 29, 17, 1]"
上交所道歉_最终事件描述,上交所道歉事件呈现明显的阶段性演变：初期（1-121小时）舆论以嘲讽和戏谑为主，通过"猴戏""反讽道歉"等表达对责任方的不满，情绪从震惊转向集体解构。中期（164-173小时）市场情绪极端分化，伴随股市暴涨与技术故障形成矛盾——散户在"狂热追涨"与"警惕疯牛"间摇摆，交易系统宕机、撤单失败等问题引发信任危机，政策刺激与投机心态催生非理性繁荣。后期（174-445小时）矛盾全面激化，舆论核心转向追责赔偿，投资者普遍质疑"拔网线""人为操控空头"等系统性不公，深交所对比加剧信任崩塌。事件从技术争议升级为对监管公信力的深层拷问，尽管部分投资者因回本情绪缓和，但整体呈现"道歉无效-诉求升级-信任瓦解"的恶性循环，暴露市场制度缺陷与投资者维权机制缺失。（198字）,1,"[0, 0, 0, 0, 0, 0, 2, 0, 0, 0, 0, 0, 0, 0, 0, 0, 0, 0, 0, 0, 0, 0, 0, 0, 0, 0, 0, 0, 0, 0, 0, 0, 0, 0, 0, 0, 0, 0, 0, 0, 0, 0, 0, 0, 0, 0, 0, 0, 0, 0, 0, 0, 0, 0, 0, 0, 0, 0, 0, 0, 0, 0, 0, 0, 0, 0, 0, 0, 0, 0, 0, 0, 0, 0, 0, 0, 0, 0, 0, 0, 0, 0, 0, 0, 0, 0, 0, 0, 0, 0, 0, 0, 0, 1, 0, 0, 0, 0, 0, 0, 0, 1, 0, 0, 0, 0, 0, 0, 0, 0, 0, 0, 0, 0, 0, 0, 0, 0, 0, 0, 0, 1, 0, 0, 0, 0, 0, 0, 0, 0, 0, 0, 0, 0, 0, 0, 0, 0, 0, 0, 0, 0, 0, 0, 0, 0, 0, 0, 0, 0, 0, 0, 0, 0, 0, 0, 0, 0, 0, 0, 0, 0, 0, 0, 28, 71, 33, 21, 15, 12, 7, 12, 56, 67, 50, 66, 42, 49, 31, 82, 159, 63, 63, 117, 36, 214, 387, 332, 161, 155, 66, 4, 2, 5, 2, 6, 3, 1, 4, 2, 1, 1, 0, 1, 2, 0, 0, 1, 0, 1, 0, 1, 0, 0, 0, 0, 0, 1, 1, 0, 1, 1, 0, 0, 0, 0, 0, 0, 0, 0, 0, 1, 0, 0, 0, 0, 0, 0, 0, 0, 0, 0, 0, 0, 0, 0, 0, 0, 0, 0, 0, 0, 0, 0, 0, 0, 0, 0, 0, 0, 0, 0, 0, 0, 0, 0, 0, 0, 0, 0, 0, 0, 0, 0, 0, 0, 0, 0, 1, 0, 0, 0, 0, 0, 0, 0, 0, 0, 0, 0, 0, 0, 1, 0, 0, 0, 0, 0, 0, 0, 0, 0, 0, 0, 0, 0, 0, 0, 0, 0, 0, 0, 0, 0, 0, 0, 0, 0, 0, 0, 0, 1, 0, 0, 0, 0, 0, 0, 0, 0, 0, 0, 0, 0, 0, 0, 0, 0, 0, 0, 0, 0, 0, 0, 0, 0, 0, 0, 0, 0, 0, 0, 0, 0, 0, 0, 0, 0, 0, 0, 0, 0, 0, 0, 0, 0, 0, 0, 0, 0, 0, 0, 0, 0, 0, 0, 0, 0, 0, 0, 0, 0, 0, 0, 0, 0, 0, 0, 0, 0, 0, 0, 0, 0, 0, 0, 0, 0, 1, 0, 0, 0, 0, 0, 0, 0, 0, 0, 0, 0, 0, 0, 0, 0, 0, 0, 0, 0, 0, 0, 0, 0, 0, 0, 0, 0, 0, 0, 0, 0, 0, 0, 0, 0, 0, 0, 0, 0, 0, 0, 0, 0, 0, 0, 0]"
女子吐槽楼上邻居马桶正对自家厨房_最终事件描述,该事件始于女子曝光楼上邻居马桶正对自家厨房的离奇设计，迅速引发舆论对杭州群租房违建乱象的集中声讨。初期（1-41小时）讨论聚焦区域性问题：临平区回迁房普遍存在违规改造（如120平隔5间带独立卫浴），揭露监管缺失与维权困境，网友情绪以讽刺和无奈为主。中期（42-44小时）舆论升级，违规改建（如5个卫生间）、卫生心理双重不适成为核心争议点，"恶心""恶劣"等情绪词激增，同时出现"当天拆改"等进展信息，但群租房存废仍存疑。后期（45-46小时）讨论深化至系统性治理，普遍认为此类现象反映执法薄弱，建议通过法律、住建等多渠道解决，但伴随对监管效力的质疑。事件全程呈现"个案曝光→地域乱象批判→制度性反思"的递进脉络，情绪从愤怒逐渐转向无力感，凸显城市群租治理的深层矛盾。（199字）,0,"[0, 1, 2, 0, 1, 0, 0, 0, 0, 0, 0, 1, 0, 0, 0, 0, 1, 0, 0, 1, 1, 0, 0, 0, 0, 2, 1, 2, 0, 1, 0, 0, 0, 0, 0, 0, 0, 0, 0, 0, 0, 3, 30, 23, 14, 7]"
王宝宝出轨_最终事件描述,"**王宝宝出轨事件总述**  
事件始于狼人杀主播王宝宝被曝出轨，舆论初期聚焦其个人行为争议（如情商低、游戏表现差），随后迅速转向对其多次出轨的道德谴责，尤其对比金主“爱水水”的付出，负面情绪激增。中期讨论深入双方关系本质（被指“为钱结合”）及经济纠纷（如千万打赏、违约赔偿），同时关联人物（囚徒、JY等）和圈内利益（沪小主理人变动、大师赛退出）被频繁提及，呈现粉丝分化与行业生态反思。后期舆论呈现碎片化，既有对实锤证据（如录音、嫖娼质疑）的法律性质讨论，也有误认演员王宝强的猎奇传播，整体情绪从愤怒转向戏谑嘲讽。事件最终以王宝宝事业受挫（退出赛事、商业价值暴跌）和公众对其“软饭硬吃”形象的固化告终，反映出网红圈道德争议与资本捆绑的复杂生态。（198字）",1,"[1, 1, 1, 0, 0, 1, 0, 0, 0, 0, 0, 0, 0, 0, 0, 0, 0, 0, 0, 0, 0, 0, 1, 0, 0, 0, 0, 0, 0, 0, 0, 0, 0, 0, 0, 0, 0, 0, 0, 0, 0, 0, 0, 0, 0, 0, 0, 0, 0, 0, 1, 0, 0, 0, 0, 0, 0, 0, 0, 0, 0, 0, 0, 0, 0, 0, 1, 0, 0, 0, 0, 0, 1, 0, 0, 0, 1, 0, 0, 0, 1, 0, 0, 0, 0, 0, 0, 0, 0, 0, 0, 0, 0, 0, 0, 0, 0, 0, 0, 0, 0, 0, 0, 0, 0, 0, 0, 0, 0, 0, 0, 0, 0, 0, 0, 0, 0, 0, 0, 1, 0, 0, 0, 0, 0, 0, 0, 0, 0, 0, 0, 0, 0, 0, 0, 0, 0, 0, 0, 0, 0, 0, 0, 0, 0, 0, 0, 0, 0, 0, 0, 0, 0, 0, 0, 0, 0, 0, 0, 0, 0, 0, 0, 0, 0, 0, 0, 0, 0, 0, 0, 0, 0, 0, 0, 0, 0, 0, 0, 0, 0, 0, 0, 0, 0, 0, 0, 0, 0, 0, 0, 0, 0, 0, 0, 0, 0, 0, 0, 0, 0, 0, 0, 0, 0, 0, 0, 0, 0, 0, 0, 0, 0, 0, 0, 0, 0, 0, 0, 0, 0, 0, 0, 0, 0, 0, 0, 0, 0, 0, 0, 0, 0, 1, 0, 0, 0, 0, 0, 0, 0, 0, 0, 0, 0, 0, 0, 0, 0, 0, 0, 0, 0, 0, 0, 0, 0, 0, 0, 0, 0, 0, 0, 0, 0, 0, 0, 0, 0, 0, 0, 0, 0, 0, 0, 0, 0, 0, 0, 0, 0, 0, 0, 0, 0, 0, 0, 0, 0, 0, 0, 0, 0, 0, 0, 0, 0, 0, 0, 0, 0, 0, 0, 0, 0, 0, 0, 0, 0, 0, 0, 0, 0, 0, 0, 0, 0, 0, 0, 0, 0, 0, 0, 0, 0, 0, 0, 0, 0, 0, 0, 0, 0, 0, 0, 0, 0, 0, 0, 0, 0, 0, 0, 0, 0, 0, 0, 0, 0, 0, 0, 0, 0, 0, 0, 0, 0, 0, 0, 0, 0, 0, 0, 0, 0, 0, 0, 0, 0, 0, 0, 0, 0, 0, 0, 0, 0, 0, 0, 0, 0, 0, 0, 0, 0, 0, 0, 0, 0, 0, 0, 0, 0, 0, 0, 0, 0, 0, 0, 0, 0, 0, 0, 0, 0, 0, 0, 0, 0, 0, 0, 0, 0, 0, 0, 0, 0, 0, 0, 0, 0, 0, 0, 0, 0, 1, 0, 0, 0, 0, 0, 0, 0, 0, 0, 0, 0, 0, 0, 0, 0, 0, 0, 0, 0, 0, 0, 0, 0, 0, 0, 0, 0, 0, 0, 0, 0, 0, 0, 0, 0, 0, 0, 0, 0, 0, 0, 0, 0, 0, 0, 0, 0, 0, 0, 0, 0, 0, 0, 0, 0, 0, 0, 0, 0, 0, 0, 0, 0, 0, 0, 0, 0, 0, 0, 0, 0, 0, 0, 0, 0, 0, 0, 0, 0, 0, 0, 0, 0, 0, 0, 0, 0, 0, 0, 0, 0, 0, 0, 0, 0, 0, 0, 0, 0, 0, 0, 0, 0, 0, 0, 0, 0, 0, 0, 0, 0, 0, 0, 0, 0, 0, 0, 0, 0, 0, 0, 0, 0, 0, 0, 0, 0, 0, 0, 0, 0, 0, 0, 0, 0, 0, 0, 0, 0, 0, 0, 0, 0, 0, 0, 0, 0, 0, 0, 0, 0, 0, 0, 0, 0, 0, 0, 0, 0, 0, 0, 0, 0, 0, 0, 0, 0, 0, 0, 0, 0, 0, 0, 0, 0, 0, 0, 1, 0, 0, 0, 1, 0, 0, 0, 0, 0, 0, 0, 0, 0, 0, 0, 0, 0, 0, 0, 0, 1, 0, 0, 0, 0, 0, 0, 0, 0, 0, 0, 0, 0, 0, 0, 0, 0, 0, 0, 0, 0, 0, 1, 0, 0, 0, 0, 0, 0, 0, 0, 0, 0, 0, 0, 0, 0, 0, 0, 0, 0, 0, 0, 0, 0, 0, 0, 0, 0, 0, 0, 0, 0, 0, 0, 0, 0, 0, 0, 0, 0, 0, 0, 0, 0, 0, 0, 0, 0, 0, 0, 0, 0, 0, 0, 0, 0, 0, 0, 0, 0, 0, 0, 0, 0, 0, 0, 0, 0, 0, 0, 0, 0, 0, 0, 0, 0, 0, 0, 0, 0, 0, 0, 0, 0, 0, 0, 0, 0, 0, 0, 1, 0, 0, 1, 0, 1, 0, 0, 0, 0, 0, 0, 0, 0, 0, 0, 0, 0, 0, 0, 0, 0, 0, 0, 0, 0, 0, 0, 0, 0, 0, 0, 0, 0, 0, 0, 0, 0, 0, 0, 0, 0, 0, 0, 0, 0, 0, 0, 0, 0, 0, 0, 0, 0, 0, 0, 0, 0, 0, 0, 0, 0, 0, 0, 0, 0, 0, 0, 0, 0, 0, 0, 0, 0, 0, 0, 0, 0, 0, 0, 0, 0, 0, 0, 0, 0, 0, 0, 0, 0, 0, 0, 0, 0, 0, 0, 0, 0, 0, 0, 0, 0, 0, 0, 0, 0, 0, 0, 0, 0, 0, 0, 0, 1, 0, 0, 0, 0, 0, 0, 0, 0, 0, 0, 0, 0, 0, 0, 0, 0, 0, 0, 0, 0, 0, 0, 0, 0, 0, 0, 0, 0, 0, 0, 0, 0, 0, 0, 0, 0, 0, 0, 0, 0, 0, 0, 0, 0, 0, 0, 0, 0, 0, 0, 0, 0, 0, 0, 0, 0, 0, 0, 0, 0, 0, 0, 0, 0, 0, 0, 0, 0, 0, 0, 0, 0, 0, 0, 0, 0, 0, 0, 0, 0, 0, 0, 0, 0, 0, 0, 0, 0, 0, 0, 0, 0, 0, 0, 0, 0, 0, 0, 0, 0, 0, 0, 0, 0, 0, 0, 0, 0, 0, 0, 0, 0, 0, 0, 0, 0, 0, 0, 0, 0, 0, 0, 0, 0, 0, 0, 0, 0, 0, 0, 0, 0, 0, 0, 0, 0, 0, 0, 0, 0, 0, 0, 0, 0, 0, 0, 0, 0, 0, 0, 0, 0, 0, 0, 0, 0, 0, 0, 0, 0, 0, 0, 0, 0, 0, 0, 0, 0, 0, 0, 0, 0, 0, 0, 0, 0, 0, 0, 0, 0, 0, 0, 0, 0, 0, 0, 0, 0, 0, 0, 0, 0, 0, 0, 0, 0, 0, 0, 0, 0, 0, 0, 0, 0, 0, 0, 0, 0, 0, 0, 0, 0, 0, 0, 0, 0, 0, 0, 0, 0, 0, 0, 0, 0, 0, 0, 0, 0, 0, 0, 0, 0, 0, 0, 0, 0, 0, 0, 0, 0, 0, 0, 0, 0, 0, 0, 0, 0, 0, 0, 0, 0, 0, 0, 1, 0, 0, 0, 0, 0, 0, 0, 0, 0, 0, 0, 0, 1, 1, 1, 0, 1, 1, 0, 0, 0, 1, 0, 1, 0, 0, 0, 0, 1, 0, 0, 0, 0, 0, 0, 0, 0, 0, 0, 0, 0, 0, 0, 0, 0, 0, 0, 0, 0, 0, 0, 0, 0, 0, 0, 0, 0, 0, 0, 0, 0, 1, 0, 0, 0, 0, 0, 0, 0, 0, 0, 0, 0, 0, 0, 0, 1, 0, 0, 0, 0, 0, 0, 0, 0, 0, 0, 0, 0, 0, 0, 0, 0, 0, 0, 0, 0, 0, 0, 0, 1, 0, 1, 0, 0, 0, 0, 0, 0, 0, 0, 1, 0, 0, 0, 2, 0, 0, 0, 1, 0, 0, 0, 0, 2, 0, 0, 0, 0, 0, 1, 0, 0, 0, 0, 1, 0, 0, 1, 0, 0, 0, 0, 0, 0, 0, 1, 1, 1, 1, 1, 0, 0, 0, 0, 0, 0, 0, 1, 1, 0, 0, 1, 0, 0, 0, 0, 0, 1, 0, 0, 0, 0, 0, 1, 0, 0, 0, 0, 0, 0, 0, 0, 0, 0, 0, 0, 0, 1, 0, 0, 1, 0, 0, 0, 0, 0, 0, 0, 0, 0, 0, 0, 0, 0, 0, 0, 0, 0, 0, 0, 0, 0, 0, 0, 0, 0, 0, 1, 0, 0, 0, 0, 0, 1, 0, 0, 0, 0, 0, 0, 0, 0, 0, 0, 0, 0, 0, 0, 0, 0, 0, 0, 0, 0, 0, 0, 0, 1, 1, 0, 0, 1, 2, 0, 0, 0, 1, 1, 2, 0, 0, 1, 0, 1, 0, 1, 0, 0, 0, 2, 0, 0, 0, 0, 0, 0, 0, 0, 0, 0, 0, 0, 0, 0, 0, 0, 0, 0, 0, 0, 0, 3, 0, 0, 0, 0, 0, 0, 0, 1, 1, 2, 1, 0, 0, 0, 0, 0, 0, 0, 0, 0, 0, 0, 0, 0, 0, 0, 0, 0, 0, 0, 0, 0, 0, 0, 1, 0, 0, 0, 2, 0, 0, 0, 0, 0, 0, 0, 0, 0, 0, 0, 2, 0, 0, 0, 0, 0, 2, 4, 0, 0, 0, 0, 0, 1, 0, 0, 0, 0, 0, 0, 1, 0, 0, 1, 2, 2, 1, 0, 0, 0, 1, 1, 3, 3, 2, 1, 2, 2, 2, 1, 0, 1, 0, 0, 0, 0, 0, 0, 1, 1, 0, 1, 0, 1, 1, 0, 0, 1, 1, 1, 1, 0, 2, 3, 2, 0, 1, 2, 3, 2, 5, 0, 2, 1, 0, 0, 0, 1, 2, 1, 0, 2, 2, 5, 3, 2, 5, 2, 2, 2, 1, 3, 2, 2, 6, 10, 11, 6, 5, 1, 1, 2, 8, 11, 13, 8, 22, 21, 16, 16, 10, 13, 21, 145, 16]"
上海最窄人行道仅10厘米宽_最终事件描述,"上海最窄人行道（10厘米宽）事件持续发酵近700小时，舆论演变呈现三阶段特征：  
**初期（1-683小时）**，事件迅速成为民生痛点宣泄口，网民集中吐槽上海高房价、通勤矛盾及“烟火气”缺失，地域对比（如大阪、香港）与情绪分化（批评管理vs习惯性质疑）并存。  
**中期（684-693小时）**，讨论转向城市规划系统性批判，多地网友共鸣曝光类似乱象，衍生出路权分配、盲道失效等议题，但夹杂明星粉丝干扰等无关内容，热度分散。  
**后期（694-698小时）**，舆论聚焦历史规划与现代化需求的冲突，普遍质疑“形式主义设计”（如“猫行道”），虽部分理解老城改造难度，但强烈呼吁依据国标整改。核心矛盾始终围绕行人安全与城市治理积弊，暴露反馈机制失效与部门推诿问题，形成对公共空间权益的集体反思。（199字）",0,"[0, 0, 0, 0, 0, 0, 0, 0, 0, 0, 0, 0, 0, 0, 0, 0, 0, 0, 0, 0, 0, 0, 0, 0, 0, 0, 0, 0, 0, 0, 0, 0, 0, 0, 0, 0, 0, 0, 0, 0, 0, 0, 0, 0, 0, 0, 0, 0, 0, 0, 0, 0, 0, 0, 0, 1, 0, 0, 0, 0, 0, 0, 0, 0, 0, 0, 0, 0, 0, 0, 0, 0, 0, 0, 0, 0, 1, 0, 0, 0, 0, 0, 0, 0, 0, 0, 0, 0, 0, 0, 0, 0, 0, 0, 0, 0, 0, 0, 0, 0, 0, 0, 0, 0, 0, 0, 0, 0, 0, 0, 0, 0, 0, 0, 0, 0, 0, 0, 0, 0, 0, 0, 0, 0, 0, 0, 0, 0, 0, 0, 0, 0, 0, 0, 0, 0, 0, 0, 0, 0, 0, 0, 0, 0, 0, 0, 0, 0, 0, 0, 0, 0, 0, 0, 0, 0, 0, 0, 0, 0, 0, 0, 0, 0, 0, 0, 0, 0, 1, 0, 0, 0, 0, 0, 0, 0, 0, 0, 0, 0, 0, 0, 0, 0, 0, 0, 0, 0, 0, 0, 0, 0, 0, 0, 0, 0, 0, 0, 0, 0, 0, 0, 0, 0, 1, 0, 1, 0, 0, 0, 0, 0, 1, 1, 0, 0, 0, 0, 0, 0, 0, 0, 0, 0, 1, 0, 0, 0, 0, 0, 0, 0, 0, 0, 0, 0, 0, 0, 0, 0, 0, 1, 0, 0, 0, 0, 0, 1, 0, 1, 0, 0, 0, 0, 0, 1, 0, 0, 0, 0, 0, 0, 0, 0, 0, 0, 0, 0, 0, 0, 0, 0, 0, 1, 0, 0, 0, 0, 0, 0, 0, 0, 0, 0, 0, 0, 0, 0, 0, 0, 0, 0, 0, 0, 0, 0, 0, 0, 0, 0, 1, 0, 0, 0, 0, 0, 0, 0, 0, 0, 0, 1, 0, 0, 0, 0, 0, 0, 0, 0, 0, 0, 1, 0, 0, 0, 0, 0, 0, 0, 1, 0, 0, 0, 0, 0, 0, 0, 0, 0, 0, 0, 0, 0, 0, 0, 0, 0, 0, 0, 0, 0, 0, 0, 0, 0, 0, 0, 0, 0, 0, 0, 0, 0, 0, 0, 0, 0, 0, 0, 0, 0, 0, 0, 1, 0, 0, 0, 0, 0, 0, 0, 0, 0, 0, 0, 0, 0, 0, 1, 0, 0, 0, 0, 0, 0, 0, 0, 0, 0, 0, 0, 0, 0, 0, 0, 0, 0, 0, 0, 0, 0, 0, 0, 0, 1, 1, 0, 0, 0, 1, 0, 0, 0, 0, 0, 0, 0, 0, 0, 0, 0, 0, 0, 0, 2, 0, 0, 0, 0, 0, 0, 0, 0, 0, 0, 0, 0, 0, 0, 0, 0, 0, 0, 0, 0, 0, 0, 0, 0, 0, 0, 0, 0, 0, 0, 0, 0, 0, 0, 0, 0, 0, 0, 0, 0, 0, 0, 0, 0, 0, 0, 0, 0, 0, 0, 0, 0, 0, 0, 1, 0, 0, 0, 0, 0, 0, 0, 0, 0, 0, 0, 0, 0, 0, 0, 0, 0, 0, 0, 0, 0, 0, 0, 0, 0, 0, 0, 0, 0, 0, 0, 0, 0, 0, 0, 1, 0, 0, 0, 0, 0, 0, 0, 0, 1, 0, 0, 0, 0, 0, 0, 0, 0, 0, 0, 0, 0, 0, 0, 0, 1, 0, 0, 0, 0, 0, 0, 1, 2, 1, 0, 0, 0, 0, 0, 0, 0, 0, 0, 0, 0, 0, 0, 0, 0, 0, 0, 0, 0, 0, 0, 0, 0, 0, 1, 0, 0, 0, 0, 0, 0, 0, 0, 0, 0, 1, 0, 0, 0, 0, 1, 0, 1, 0, 0, 0, 0, 0, 0, 2, 0, 0, 0, 0, 0, 0, 0, 0, 0, 0, 0, 0, 0, 0, 0, 0, 0, 0, 0, 0, 0, 0, 0, 0, 0, 0, 0, 0, 0, 0, 0, 0, 0, 0, 0, 0, 0, 1, 1, 0, 0, 0, 0, 0, 0, 1, 1, 2, 0, 0, 0, 0, 0, 0, 0, 0, 0, 1, 0, 1, 2, 0, 0, 1, 0, 0, 1, 0, 0, 0, 0, 2, 4, 2, 7, 3, 1, 1, 1, 0, 1, 2, 6, 21, 42, 36, 16]"
乐事薯片被曝含致癌添加剂_最终事件描述,乐事薯片被曝含致癌添加剂事件在100余小时内持续发酵，舆论呈现明显的两极分化与动态演变。初期（1-4小时）消费者情绪迅速分化，震惊、愤怒与调侃并存，食品安全焦虑初步显现；中期（5-94小时）争议焦点转向剂量安全性与监管合理性，理性派（“剂量决定毒性”）与担忧派（“长期累积风险”）形成拉锯，同时云南地方品牌作为替代品被频繁推荐；后期（95-111小时）讨论升级为对行业共性问题及国内外标准差异的质疑，舆情从单一品牌事件扩散至整体食品安全信任危机。尽管品牌方强调“符合国标”，但公众对监管滞后的不满持续加深，代际差异凸显（家长群体更焦虑），最终形成健康恐慌与科学认知对抗、情绪宣泄与消费惯性并存的复杂局面。事件暴露出消费者对食品添加剂长期存在的认知割裂与系统性不信任。,1,"[0, 0, 1, 0, 0, 0, 1, 0, 0, 0, 0, 0, 0, 0, 0, 2, 1, 1, 1, 0, 1, 0, 0, 0, 1, 0, 0, 0, 0, 0, 0, 0, 0, 0, 0, 0, 2, 0, 0, 0, 0, 0, 0, 0, 0, 1, 0, 0, 1, 2, 0, 0, 0, 0, 0, 0, 0, 0, 0, 0, 0, 0, 0, 0, 0, 1, 0, 0, 0, 1, 0, 1, 0, 0, 0, 1, 1, 0, 0, 0, 1, 0, 0, 0, 1, 0, 0, 0, 0, 0, 0, 0, 3, 16, 60, 64, 85, 53, 61, 54, 31, 27, 13, 16, 12, 44, 104, 164, 203, 177, 54]"
24-5江西一楼房发生爆炸有人员伤亡_最终事件描述,24-5江西一楼房爆炸事件发生后，舆论迅速聚焦于电动车充电隐患与公共安全管理问题。初期（1-3小时），评论以震惊和悲痛为主，多推测电动车充电引发火灾，并质疑防盗窗阻碍逃生、一楼伤亡的不可思议。中期（4-12小时），讨论深化至物业监管缺位、消防设施失效及自救知识不足，情绪转为愤怒与焦虑，呼吁加强立法和充电桩建设。后期（13-174小时），舆论持续追问责任，对比城乡安全差异，并围绕逃生策略（如待援还是逃离）产生争议。整体趋势显示，事件从个案反思演变为对城市消防系统漏洞的广泛批判，电动车管理成为核心矛盾，公众情绪从悲痛转向问责，凸显对安全管理的迫切需求。,1,"[7, 159, 422, 222, 129, 124, 114, 28, 16, 9, 9, 0, 7, 0, 0, 1, 7, 4, 7, 2, 2, 5, 3, 5, 5, 1, 4, 3, 1, 3, 2, 5, 8, 1, 6, 0, 0, 0, 1, 0, 0, 0, 1, 0, 0, 1, 2, 2, 0, 1, 0, 2, 1, 1, 0, 0, 0, 0, 2, 0, 0, 0, 0, 0, 0, 1, 0, 1, 0, 0, 1, 0, 0, 1, 0, 1, 0, 0, 0, 1, 0, 0, 0, 1, 0, 0, 0, 0, 0, 0, 0, 0, 0, 0, 0, 1, 0, 0, 0, 0, 0, 0, 0, 1, 0, 0, 0, 0, 0, 0, 0, 0, 0, 0, 1, 0, 0, 0, 0, 0, 0, 0, 0, 0, 0, 0, 0, 0, 0, 0, 0, 0, 0, 0, 0, 0, 0, 0, 0, 0, 0, 0, 0, 0, 0, 0, 0, 0, 0, 0, 0, 0, 0, 0, 0, 0, 0, 0, 0, 1, 0, 0, 0, 0, 0, 0, 0, 0, 0, 0, 0, 0, 0, 0, 0]"
爷爷为夺回孙子被人贩踩出眼珠_最终事件描述,"**事件总描述：**  
该事件因“入室抢婴”的恶性细节（如爷爷被踩出眼珠）引发持续300余小时的舆论风暴，整体呈现“愤怒主导、诉求严惩”的鲜明态势。初期（1-278小时），舆论聚焦案件暴行与破案迟缓，超90%评论呼吁“死刑”“买卖同罪”，并衍生对农村治安、近亲结婚的讨论。中期（279-292小时），情绪转向愤怒与感动交织，既有对人贩的极端惩处诉求（如凌迟），也有对受害者家庭及寻亲者的共情，同时出现历史类比与信息混乱。后期（293-301小时），随着庭审细节曝光（如人贩抖腿无忏悔），民愤达峰值，要求“从重从快”判决的声浪高涨，并延伸至对法律威慑力不足、买家追责的质疑。受害者家庭18年的创伤（如孩子成聋哑人）成为共情核心，推动对拐卖犯罪社会危害的深度反思。事件始终围绕“司法严惩”与“制度完善”两大诉求，凸显公众对恶性拐卖零容忍的集体情绪。",1,"[0, 0, 0, 0, 0, 0, 0, 0, 0, 0, 0, 0, 0, 0, 0, 0, 1, 0, 0, 0, 0, 0, 0, 0, 0, 0, 0, 0, 0, 0, 0, 0, 1, 0, 0, 0, 0, 0, 0, 0, 1, 0, 0, 0, 0, 0, 0, 0, 0, 0, 0, 0, 1, 0, 0, 0, 0, 1, 0, 0, 0, 1, 2, 0, 0, 0, 0, 0, 0, 0, 0, 0, 0, 0, 0, 0, 1, 0, 0, 0, 0, 0, 0, 0, 0, 0, 0, 0, 0, 0, 0, 0, 0, 0, 0, 0, 0, 0, 0, 0, 0, 1, 0, 0, 0, 0, 0, 0, 0, 0, 0, 0, 0, 0, 0, 0, 0, 0, 0, 0, 0, 0, 0, 0, 0, 0, 1, 0, 1, 0, 0, 0, 0, 0, 0, 0, 0, 0, 0, 1, 0, 0, 0, 0, 0, 0, 0, 0, 0, 0, 0, 0, 0, 0, 0, 0, 1, 1, 0, 0, 0, 0, 0, 0, 0, 0, 0, 1, 0, 0, 0, 0, 2, 0, 1, 0, 0, 0, 1, 0, 0, 0, 0, 0, 3, 1, 3, 0, 0, 0, 0, 0, 0, 0, 0, 0, 0, 0, 0, 0, 0, 1, 0, 0, 0, 1, 0, 0, 0, 0, 4, 1, 0, 0, 4, 0, 0, 0, 0, 0, 0, 1, 1, 0, 0, 2, 0, 0, 1, 1, 0, 0, 0, 1, 1, 0, 0, 0, 0, 0, 0, 0, 0, 0, 0, 0, 2, 2, 3, 4, 1, 1, 0, 4, 6, 2, 10, 8, 4, 5, 7, 0, 0, 1, 1, 0, 0, 0, 2, 3, 6, 5, 8, 6, 6, 7, 5, 3, 4, 8, 10, 6, 3, 8, 5, 7, 1, 0, 0, 0, 0, 3, 12, 9, 11, 22, 39, 37, 69, 127, 171]"
小米SU7高速碰撞爆燃事件细节_最终事件描述,"**小米SU7高速碰撞爆燃事件整体描述**  
事件始于车辆高速碰撞后爆燃，3人遇难，随后72小时内舆论快速分化并持续发酵。初期（1-51小时）以调侃和生态宣传为主，后期转向技术争议与责任博弈。核心焦点包括：  
1. **责任争议**：智驾系统（AEB失效、2秒接管提示过短）与驾驶员操作（分心、未及时接管）的归责拉锯，伴随对车门锁死、电池爆燃等安全设计的质疑；  
2. **舆论分化**：家属诉求与车企回应矛盾激化，支持者呼吁等待调查，反对者批评小米“控评避责”，品牌对立（如小米vs华为）与情绪化攻击加剧；  
3. **行业反思**：电车安全性（电池燃速、逃生机制）、智驾技术边界（L2级功能宣传过度）及法规缺失成为普遍讨论议题。  
事件呈现“技术缺陷VS人为因素”的核心矛盾，警方结论未出前，舆论场持续撕裂，凸显公众对智能汽车安全性与透明度的深层焦虑。（199字）",1,"[0, 0, 1, 1, 0, 0, 0, 1, 1, 2, 0, 1, 0, 1, 0, 1, 0, 0, 0, 0, 0, 0, 0, 1, 3, 1, 0, 0, 0, 1, 0, 0, 0, 0, 0, 0, 0, 0, 0, 0, 0, 0, 0, 0, 0, 0, 0, 0, 0, 1, 0, 29, 89, 99, 60, 49, 67, 63, 67, 61, 76, 78, 49, 29, 12, 7, 9, 8, 16, 51, 61, 79, 72, 62, 75, 104, 148, 131]"
17岁女生威海_最终事件描述,17岁女生威海事件是一起由性侵案件引发的社会舆论风暴，其发展呈现明显的阶段性特征。事件初期（1-9小时），舆论迅速聚焦于对受害者的情感支持，高频词"勇敢""抱抱"反映强烈的共情，同时愤怒指向施暴者，安全焦虑开始蔓延。中期（10-24小时）进入深度发酵，核心矛盾转向司法争议（"四年刑期"被普遍质疑过轻）和家庭支持缺失（父亲言论引发批评），女性安全议题成为讨论焦点，地域标签（威海/山东）与性别对立苗头显现。后期（25-317小时）舆论持续分化：一方面支持者持续声援受害者并呼吁法律改革，另一方面出现真实性质疑（缺乏官方通报），地域争议扩大化。整体呈现从个案讨论到社会安全反思的升级路径，情绪以愤怒、恐惧为主，最终推动性别暴力、司法公正等系统性议题进入公共视野。事件暴露出未成年人保护机制缺陷和社会安全信任危机，形成持续性的社会影响。,0,"[0, 1, 2, 3, 6, 5, 5, 3, 4, 1, 3, 3, 6, 0, 7, 4, 3, 3, 10, 23, 29, 9, 8, 9, 12, 3, 3, 2, 3, 0, 5, 13, 4, 4, 4, 3, 0, 0, 1, 4, 3, 4, 0, 0, 0, 1, 1, 2, 1, 2, 3, 1, 2, 1, 1, 2, 0, 1, 0, 0, 0, 0, 4, 1, 0, 1, 2, 1, 0, 1, 0, 0, 2, 3, 2, 1, 4, 0, 0, 0, 0, 1, 0, 0, 0, 0, 0, 0, 0, 0, 0, 1, 1, 1, 0, 0, 0, 0, 0, 1, 1, 0, 0, 0, 0, 0, 0, 0, 0, 0, 0, 0, 0, 0, 0, 0, 0, 0, 0, 0, 0, 0, 0, 0, 0, 0, 1, 0, 1, 0, 1, 0, 0, 0, 0, 0, 0, 0, 0, 0, 0, 0, 0, 0, 1, 0, 0, 0, 0, 0, 0, 0, 0, 0, 0, 0, 0, 0, 0, 0, 0, 1, 0, 0, 0, 0, 0, 0, 0, 0, 0, 0, 0, 0, 0, 0, 0, 0, 0, 0, 0, 0, 0, 0, 0, 1, 0, 0, 0, 0, 0, 0, 0, 0, 0, 0, 0, 1, 0, 0, 0, 0, 0, 0, 0, 0, 0, 0, 0, 0, 0, 0, 0, 0, 0, 0, 0, 0, 0, 0, 0, 0, 0, 0, 0, 0, 0, 0, 0, 0, 0, 0, 0, 0, 0, 0, 0, 0, 0, 0, 0, 0, 0, 0, 0, 0, 0, 0, 0, 0, 0, 0, 0, 0, 0, 0, 0, 0, 0, 0, 0, 0, 0, 0, 0, 0, 0, 0, 0, 0, 0, 0, 0, 0, 0, 0, 0, 0, 0, 0, 0, 0, 0, 0, 0, 0, 0, 0, 0, 0, 0, 0, 0, 0, 0, 0, 0, 0, 0, 0, 0, 0, 0, 0, 0, 0, 0, 0, 0, 0, 0, 0, 0, 0, 0, 0, 0]"
网红女骑士石膏发生车祸身亡_最终事件描述,网红女骑士“石膏”车祸身亡事件在24小时内迅速发酵，舆论呈现明显的阶段性演变。初期（1-6小时）以震惊、惋惜和安全警示为主，网友普遍反思摩托车“肉包铁”的高风险性，呼吁“控制右手”；中期（7-18小时）争议激化，舆论两极分化：一方谴责危险驾驶、超速及网红骑行文化（如“骑逝精神”等黑色幽默），另一方则关注年轻生命逝去的悲剧，同时事故细节（如150km/h超速、后座乘客身份）引发责任归属讨论；后期（19-42小时）转向对行业乱象的深度反思，关联多名机车网红身亡案例，批判平台流量导向、家长监管缺失及摩托车管理漏洞，禁摩呼声渐起。整体呈现从个体悲剧到公共安全议题的升级，情绪从哀悼转向批判，最终聚焦于对网红危险驾驶文化与交通治理的系统性质疑。（199字）,1,"[1, 1, 8, 12, 90, 39, 7, 7, 7, 12, 31, 35, 44, 59, 80, 70, 45, 44, 73, 85, 44, 31, 26, 28, 15, 15, 27, 42, 43, 50, 32, 33, 21, 9, 9, 14, 20, 17, 23, 15, 9, 5, 0, 1, 0, 0, 1, 2, 2, 1, 1, 2, 0, 1, 2, 3, 5, 0, 2, 2, 4, 2, 4, 4, 1, 0, 0, 0, 0, 1, 0, 1, 0, 0, 0, 2, 0, 0, 0, 0, 0, 0, 0, 0, 0, 0, 0, 0, 0, 0, 0, 0, 0, 0, 0, 0, 0, 0, 1, 0, 1, 0, 0, 0, 0, 0, 0, 0, 0, 0, 1, 0, 0, 1, 0, 0, 0, 1, 0, 0, 0, 0, 0, 0, 0, 0, 0, 0, 0, 0, 0, 0, 0, 0, 0, 0, 0, 0, 0, 0, 0, 0, 0, 0, 0, 1, 0, 0, 0, 0, 0, 0, 0, 0, 0, 0, 0, 0, 0, 0, 1, 0, 0, 0, 0, 0, 1, 0, 0, 0, 0, 0, 0, 0, 0, 0, 0, 0, 0, 0, 0, 0, 0, 0, 0, 0, 0, 0, 0, 0, 0, 0, 0, 0, 0, 0, 0, 0, 0, 0, 0, 0, 0, 0, 0, 0, 0, 0, 0, 0, 0, 0, 0, 0, 0, 0, 0, 0, 0, 0, 0, 0, 0, 0, 0, 0, 0, 0, 0, 0, 0, 0, 0, 0, 0, 0, 0, 0, 0, 0, 0, 0, 0]"
李玉刚道歉_最终事件描述,李玉刚道歉事件源于其在许嵩演唱会上作为嘉宾表演《新贵妃醉酒》时，因高难度戏腔段落频繁递麦让观众合唱，引发“划水”“互动设计不当”争议。事件初期（1-6小时）舆论以粉丝支持为主，强调其艺术诚意与身体状态，氛围温和；随后（7-12小时）争议渐显，批评者对比伍佰式互动，指出歌曲传唱度低导致现场尴尬。中期（13-24小时）舆论两极分化加剧，支持方呼吁理解互动初衷，反对方聚焦表演专业性缺失，质疑借机宣传个唱，并衍生对嘉宾职责的讨论。后期（25-48小时）负面声量主导，观众不满“全程递麦”“道歉夹带私货”，嘲讽性调侃（如“贵妃躲酒”“学伍佰翻车”）扩散，连带波及许嵩粉丝矛盾。事件从表演争议升级为公众对艺人职业态度的质疑，虽有个别理性声音，但核心矛盾始终围绕“互动合理性与演出诚意”的失衡，最终演变为形象危机。,1,"[1, 1, 5, 4, 4, 1, 3, 6, 9, 5, 9, 11, 6, 9, 17, 14, 47, 69, 41, 50, 36, 44, 30, 19, 19, 10, 9, 9, 5, 6, 17, 25, 21, 12, 26, 3, 5, 4, 4, 6, 1, 6, 8, 1, 0, 0, 1, 2, 0, 0, 1, 0, 0, 1, 0, 1, 8, 5, 2, 5, 2, 2, 3, 5, 2, 2, 1, 4, 6, 4, 3, 2, 2, 2, 0, 1, 0, 0, 0, 1, 0, 0, 1, 1, 0, 0, 0, 0, 0, 0, 0, 2, 1, 2, 0, 3, 2, 1, 1, 0, 0, 0, 0, 3, 2, 0, 2, 2, 0, 1, 1, 0, 0, 0, 0, 0, 0, 0, 0, 0, 0, 0, 0, 0, 0, 0, 0, 0, 0, 0, 0, 0, 0, 0, 1, 0, 0, 0, 0, 0, 1, 0, 0, 0, 0, 0, 0, 0, 0, 0, 0, 0, 0, 0, 0, 0, 0, 0, 1, 0, 0, 1, 0, 0, 0, 1, 0, 0, 1, 0, 0, 0, 0, 0, 0, 0, 0, 0, 0, 0, 0, 0, 0, 0, 0, 0, 0, 0, 0, 0, 0, 1, 1, 0, 0, 0, 0, 0, 0, 0, 0, 0, 0, 0, 0, 0, 0, 0, 0, 0, 0, 0, 0, 0, 0, 0, 0, 0, 0, 0, 0, 0, 0, 0, 0, 1, 0, 0, 0, 0, 0, 0, 0, 0, 0, 0, 0, 1, 0, 0, 0, 0, 0, 0, 0, 0, 0, 0, 0, 0, 0, 0, 0, 0, 0, 0, 0, 1, 0, 0, 0, 0, 0, 0, 0, 0, 0, 0, 0, 0, 0, 0, 0, 0, 0, 0, 0, 0, 0, 0, 0, 0, 0, 0, 0, 0, 0, 0, 0, 1, 0, 0, 0, 0, 0, 0, 0, 0, 0, 0, 0, 0, 0, 0, 0, 0, 0, 1, 0, 0, 0, 0, 0, 0, 0, 0, 0, 0, 0, 0, 0, 0, 0, 0, 0, 0, 0, 0, 0, 0, 0, 0, 0, 0, 0, 0, 0, 0, 0, 0, 0, 0, 0, 1, 0, 0, 0, 0, 0, 0, 0, 0, 0, 0, 0, 0, 0, 0, 0, 0, 0, 0, 0, 0, 0, 1, 0, 0, 0, 0, 0, 0, 0, 0, 0, 0, 0, 0, 0, 0, 0, 0, 0, 0, 0, 0, 0, 1, 0, 0, 0, 0, 0, 0, 0, 0, 0, 0, 0, 0, 0, 0, 0, 0, 0, 0, 0, 0, 0, 0, 0, 0, 0, 0, 0, 0, 0, 0, 0, 0, 0, 1, 0, 0, 0, 0, 0, 0, 0, 0, 0, 0, 0, 0, 0, 0, 0, 0, 0, 0, 0, 0, 0]"
假冒媒体杜撰网文被立案侦查_最终事件描述,"**事件总描述：**  
假冒媒体杜撰网文被立案侦查事件始于粉丝伪造人民网等官媒报道，为涉事艺人（秦霄贤）辩护，迅速引发舆论震荡。初期（1-12小时），公众震惊于伪造行为的法律风险，支持受害者维权，谴责饭圈失控，情绪以愤怒和嘲讽为主。中期（13-36小时），焦点转向艺人责任，秦霄贤的沉默加剧质疑，连带德云社风评受损；讨论从娱乐八卦升级为对饭圈乱象、法律红线的反思，伪造公文、AI造假等细节被深挖。后期（37小时以降），舆论分化明显：一方要求严惩造假产业链，呼吁“清朗行动”深化；另一方质疑事件动机或淡化影响。警方介入后，事件核心转向法律问责，公众期待官方结果以震慑行业乱象。整体呈现从情绪化谴责到理性求证的演变，凸显饭圈文化失控与网络法治建设的矛盾。（198字）",1,"[0, 64, 131, 14, 8, 6, 10, 14, 17, 17, 16, 20, 3, 6, 5, 14, 16, 58, 78, 73, 70, 79, 28, 19, 18, 26, 15, 9, 21, 23, 14, 11, 11, 32, 44, 21, 16, 8, 6, 10, 31, 45, 103, 73, 25, 6, 11, 10, 26, 20, 54, 84, 24, 10, 3, 4, 2, 1, 1, 0, 0, 0, 0, 0, 0, 0, 0, 0, 1, 0, 0, 1, 1, 1, 4, 3, 3, 2, 2, 2, 2, 3, 1, 0, 1, 0, 0, 2, 3, 1, 0, 2, 1, 1, 1, 0, 0, 0, 1, 0, 1, 1, 1, 2, 0, 0, 1, 0, 1, 0, 0, 0, 0, 0, 1, 0, 0, 0, 0, 0, 0, 0, 1, 0, 1, 1, 1, 0, 1, 0, 0, 0, 0, 0, 0, 0, 0, 0, 0, 0, 0, 0, 1, 0, 0, 1, 0, 0, 1, 0, 0, 0, 0, 0, 0, 0, 0, 0, 0, 0, 0, 0, 0, 0, 0, 0, 0, 1, 0, 0, 0, 0, 0, 0, 0, 0, 0, 0, 0, 0, 0, 0, 0, 0, 0, 1, 0, 0, 0, 0, 0, 0, 0, 0, 0, 0, 0, 0, 0, 0, 0, 0, 0, 0, 0, 0, 0, 0, 0, 0, 0, 0, 0, 0, 0, 0, 0, 0, 0, 0, 0, 0, 0, 0, 0, 0, 0, 0, 0, 0, 0, 0, 0, 0, 0, 0, 0, 0, 0, 0, 0, 0, 0, 0, 0, 0, 0, 0, 0, 0, 0, 0, 0, 0, 0, 0, 0, 0, 0, 0, 0, 0, 0, 0, 0, 0, 1, 0, 0, 0, 0, 0, 0, 0, 0, 0, 0, 0, 0, 0, 0, 0, 0, 0, 0, 0, 0, 0, 0, 0, 0, 0, 0, 0, 0, 0, 0, 0, 0, 0, 0, 0, 0, 0, 0, 0, 0, 0, 0, 0, 0, 1, 0, 0, 0, 0, 0, 0, 1, 0, 0, 0, 0, 0, 0, 0, 0, 0, 0, 0, 0, 0, 0, 0, 0, 0, 0, 0, 0, 0, 0, 0, 0, 0, 0, 0, 1, 0, 0, 0, 0, 0, 0, 0, 0, 0, 0, 0, 0, 0, 0, 0, 0, 0, 0, 0, 0, 0, 0, 0, 0, 0, 0, 0, 0, 0, 0, 1, 0, 0, 0, 0, 0, 0, 0, 0, 0, 0, 0, 0, 0, 0, 0, 0, 0, 0, 0, 0, 0, 0, 1, 0, 0, 0, 0, 0, 0, 0, 0, 0, 0, 0, 0, 0, 0, 0, 0, 0, 0, 0, 0, 0, 0, 0, 0, 0, 0, 0, 0, 0, 0, 0, 0, 0, 0, 0, 0, 0, 0, 0, 0, 0, 0, 0, 0, 0, 0, 0, 0, 0, 0, 0, 1, 0, 0, 0, 1, 0, 0, 0, 0]"
青岛地铁_最终事件描述,"青岛地铁事件舆论呈现典型的“反转-反思”模式，整体发展可分为三阶段：  
1. **爆发期（1-40小时）**：片段视频显示老人殴打年轻人，舆论集中谴责“倚老卖老”与旁观者冷漠，情绪以愤怒为主，延伸至社会道德滑坡、法律偏袒等议题，出现“取消老年卡”等极端言论。  
2. **反转期（40-64小时）**：警方通报证实年轻人挑衅在先，舆论迅速转向，30%以上声音批评媒体断章取义，焦点转为真相核实与造谣追责，出现“见义勇为”辩护与对自媒体操纵流量的反思。  
3. **沉淀期（64小时后）**：完整视频曝光推动理性讨论，公众聚焦信息真实性、执法透明度及网络暴力危害，核心矛盾从个体冲突升级为对自媒体乱象的集体声讨，最终形成“未知全貌不予置评”的共识。  

事件本质是公众在碎片化信息环境下对真相探寻与社会信任重建的典型样本。",0,"[0, 0, 0, 0, 0, 1, 2, 2, 8, 8, 4, 5, 4, 8, 5, 10, 3, 5, 3, 3, 1, 1, 2, 1, 0, 1, 1, 1, 0, 0, 1, 1, 0, 0, 1, 2, 2, 2, 0, 2, 0, 0, 1, 1, 2, 2, 1, 1, 1, 2, 1, 1, 1, 2, 4, 3, 3, 2, 6, 11, 7, 10, 4, 6, 2, 2, 4, 0, 1, 3, 0, 3, 1, 0, 3, 1, 2, 3, 4, 7, 0, 2, 1, 1, 2, 2, 0, 1, 1, 0, 3, 6, 2, 4, 6, 3, 2, 3, 5, 9, 8, 10, 6, 8, 5, 5, 3, 1, 1, 3, 3, 3, 2, 2, 0, 0, 0, 0, 1, 0, 0, 1, 0, 0, 1, 0, 0, 0, 1, 0, 1, 0, 0, 0, 0, 1, 0, 0, 0, 0, 0, 1, 0, 0, 0, 0, 0, 0, 0, 0, 0, 0, 0, 0, 0, 0, 0, 0, 0, 0, 0, 0, 1, 0, 1, 0, 1, 0, 0, 0, 0, 0, 1, 0, 1, 1, 0, 0, 1, 0, 0, 0, 1, 0, 1, 0, 0, 0, 0, 0, 0, 0, 0, 0, 0, 0, 0, 0, 0, 0, 0, 0, 0, 0, 0, 0, 0, 0, 0, 0, 0, 0, 0, 0, 0, 0, 0, 0, 0, 0, 0, 0, 0, 0, 0, 0, 1, 0, 0, 0, 0, 0, 0, 0, 0, 0, 0, 0, 0, 0, 0, 0, 0, 0, 0, 0, 0, 0, 0, 0, 0, 0, 0, 0, 0, 0, 0, 1, 0, 0, 0, 0, 0, 0, 0, 0, 0, 1, 0, 0, 1, 0, 1, 0, 0, 0, 0, 0, 0, 0, 0, 0, 0, 0, 1, 0, 0, 0, 0, 0, 0, 0, 0, 0, 1, 0, 0, 0, 0, 0, 0, 0, 0, 0, 0, 0, 0, 0, 1, 0, 0, 0, 0, 0, 0, 0, 0, 0, 0, 0, 0, 0, 0, 0, 0, 0, 0, 0, 0, 0, 0, 0, 0, 0, 0, 0, 0, 0, 0, 0, 0, 0, 0, 0, 0, 1, 0, 0, 0, 0, 0, 0, 0, 0, 0, 0, 0, 0, 0, 0, 0, 0, 0, 0, 0, 0, 0, 0, 0, 0, 0, 0, 0, 0, 0, 0, 0, 0, 0, 0, 0, 0, 0, 0, 0, 0, 0, 0, 0, 0, 0, 1, 0, 0, 0, 0, 0, 0, 0, 0, 0, 0, 0, 0, 0, 1, 0, 0, 0, 0, 0, 0, 0, 0, 0, 0, 0, 0, 0, 0, 0, 0, 0, 0, 0, 0, 0, 0, 0, 0, 0, 0, 0, 0, 0, 0, 0, 0, 0, 0, 0, 0, 0, 0, 0, 1, 0, 0, 0, 0, 0, 0, 0, 0, 0, 0, 0, 0, 0, 0, 0, 0, 0, 0, 0, 0, 0, 0, 0, 0, 0, 0, 0, 0, 0, 0, 0, 0, 0, 0, 0, 0, 0, 0, 0, 0, 0, 0, 0, 0, 0, 0, 0, 0, 0, 1, 0, 0, 0, 0, 0, 0, 0, 0, 0, 0, 0, 0, 0, 0, 0, 0, 0, 0, 0, 0, 0, 0, 0, 0, 0, 0, 0, 0, 0, 0, 0, 0, 0, 0, 0, 1, 0, 0, 0, 0, 0, 1, 0, 0, 0, 0, 0, 0, 0, 0, 0, 0, 0, 0, 0, 0, 0, 0, 0, 0, 0, 0, 0, 0, 0, 0, 0, 0, 0, 0, 0, 0, 0, 0, 0, 0, 0, 0, 0, 0, 0, 0, 0, 0, 0, 1, 0, 0, 0, 1, 1, 0, 1, 0, 1, 1, 1, 0, 1, 0, 0, 0, 0, 1, 0, 0, 0, 0, 0, 0, 0, 0, 0, 0, 0, 0, 0, 0, 1, 0, 0, 0, 0, 0, 0, 0, 0, 0, 0, 0, 0, 0, 0, 0, 0, 0, 0, 0, 0, 0, 0, 0, 0, 1, 0, 0, 1, 0, 0, 0, 0, 0, 0, 0, 0, 0, 0, 0, 0, 0, 0, 0, 0, 0, 0, 0, 0, 0, 0, 0, 0, 0, 0, 0, 0, 0, 0, 0, 0, 0, 0, 0, 0, 0, 0, 0, 0, 0, 0, 0, 0, 0, 0, 0, 0, 0, 0, 0, 0, 0, 0, 0, 0, 0, 0, 0, 0, 0, 0, 0, 0, 0, 0, 0, 0, 0, 0, 0, 0, 0, 0, 0, 0, 0, 0, 0, 0, 0, 0, 0, 0, 0, 0, 0, 0, 0, 0, 0, 0, 0, 1, 0, 0, 0, 0, 0, 0, 0, 0, 0, 0, 0, 0, 0, 0, 0, 0, 0, 0, 0, 0, 0, 0, 0, 0, 0, 0, 0, 0, 0, 0, 0, 0, 0, 0, 0, 0, 0, 0, 0, 0, 0, 0, 0, 0, 0, 0, 0, 0, 0, 0, 0, 0, 0, 0, 0, 0, 0, 0, 0, 0, 0, 0, 0, 0, 0, 0, 0, 0, 0, 0, 0, 0, 0, 0, 0, 0, 0, 0, 0, 0, 0, 0, 0, 0, 0, 0, 0, 0, 0, 0, 0, 0, 0, 0, 0, 0, 0, 0, 0, 0, 0, 0, 0, 0, 0, 0, 0, 0, 0, 0, 0, 0, 0, 0, 0, 0, 0, 0, 0, 0, 0, 0, 0, 0, 0, 0, 0, 0, 0, 0, 0, 0, 0, 0, 0, 0, 0, 0, 0, 0, 0, 0, 0, 0, 0, 0, 0, 0, 0, 0, 0, 0, 0, 0, 0, 0, 0, 0, 0, 0, 0, 0, 0, 0, 0, 0, 0, 0, 0, 0, 0, 0, 0, 0, 0, 0, 0, 0, 0, 0, 0, 0, 0, 0, 0, 0, 0, 0, 0, 0, 0, 0, 0, 0, 0, 0, 0, 0, 0, 0, 0, 0, 0, 0, 0, 0, 0, 0, 0, 0, 0, 0, 0, 0, 0, 0, 0, 0, 0, 0, 0, 0, 0, 0, 0, 0, 0, 0, 0, 0, 0, 0, 0, 0, 0, 0, 0, 0, 0, 0, 0, 0, 0, 0, 0, 0, 0, 0, 0, 0, 0, 0, 0, 0, 0, 0, 0, 0, 0, 0, 0, 0, 0, 0, 0, 0, 0, 0, 0, 0, 0, 0, 0, 0, 0, 0, 0, 0, 0, 0, 0, 0, 0, 0, 0, 0, 0, 0, 0, 0, 0, 0, 0, 0, 0, 0, 0, 0, 0, 0, 0, 0, 0, 0, 0, 0, 0, 0, 0, 0, 1]"
1万元皮草机洗烘干后报废了_最终事件描述,"**事件总述：**  
1万元皮草机洗烘干报废事件在近700小时的舆论发酵中，呈现出从争议到泛化的演变趋势。初期（1-679小时），舆论核心聚焦于皮草护理常识与行业乱象，大量用户批评机洗行为并揭露直播间消费陷阱，情绪以愤怒与无奈为主，同时衍生出对电商监管、干洗行业规范的讨论。中期（680小时），舆论两极分化，嘲讽当事人“缺乏常识”成为主流，戏谑情绪凸显，部分质疑事件真实性或探讨消费观。后期（681-682小时），争议转向皮草真伪与伦理问题，话题进一步泛化至仿制材质、旧衣处理等社会现象，但批评与调侃基调未变。整体来看，事件从具体个案逐步升级为对消费教育、行业监管及社会价值观的广泛反思，舆论焦点从技术争议转向更深层的社会议题。",0,"[0, 0, 0, 0, 0, 0, 0, 0, 0, 0, 0, 0, 1, 0, 0, 0, 0, 0, 0, 0, 0, 0, 0, 0, 0, 0, 0, 0, 0, 0, 0, 0, 0, 0, 0, 0, 0, 0, 0, 0, 0, 0, 0, 0, 0, 0, 0, 0, 0, 0, 0, 0, 1, 0, 0, 0, 0, 0, 0, 0, 0, 0, 0, 0, 0, 0, 0, 0, 0, 0, 0, 0, 0, 0, 0, 0, 0, 0, 0, 0, 0, 0, 0, 0, 0, 0, 0, 0, 0, 0, 0, 1, 0, 0, 0, 0, 0, 0, 0, 0, 0, 0, 0, 0, 0, 0, 0, 0, 0, 0, 0, 0, 0, 0, 0, 0, 1, 0, 0, 0, 0, 0, 0, 0, 0, 0, 0, 0, 0, 0, 0, 0, 1, 0, 0, 0, 0, 0, 1, 0, 0, 0, 0, 0, 0, 0, 0, 0, 0, 0, 0, 0, 0, 0, 0, 0, 0, 0, 0, 0, 0, 0, 0, 0, 0, 0, 0, 0, 0, 0, 0, 0, 0, 0, 0, 0, 0, 0, 0, 0, 2, 0, 0, 0, 0, 0, 0, 0, 0, 0, 0, 0, 0, 0, 0, 0, 0, 0, 0, 0, 0, 0, 0, 0, 0, 0, 0, 0, 0, 0, 0, 0, 0, 0, 1, 0, 0, 0, 0, 0, 0, 0, 0, 0, 0, 0, 0, 0, 0, 0, 0, 0, 0, 0, 0, 1, 0, 0, 0, 0, 0, 0, 0, 0, 0, 0, 0, 0, 0, 1, 0, 1, 0, 0, 0, 0, 0, 0, 0, 0, 0, 0, 0, 0, 0, 0, 0, 0, 1, 0, 0, 0, 0, 0, 0, 0, 0, 0, 0, 0, 0, 0, 0, 0, 0, 0, 0, 0, 0, 0, 0, 0, 0, 0, 0, 0, 0, 0, 0, 0, 0, 0, 0, 0, 0, 0, 0, 0, 0, 0, 0, 0, 0, 0, 0, 0, 0, 0, 1, 0, 0, 0, 0, 0, 0, 0, 0, 0, 0, 0, 0, 0, 0, 0, 0, 0, 0, 0, 0, 0, 0, 0, 0, 0, 0, 0, 0, 0, 0, 0, 0, 0, 0, 0, 0, 0, 1, 1, 0, 0, 0, 0, 0, 1, 0, 0, 0, 0, 0, 0, 0, 0, 0, 0, 0, 0, 0, 0, 0, 0, 0, 0, 0, 0, 0, 0, 0, 0, 0, 0, 0, 0, 0, 0, 0, 1, 0, 1, 0, 0, 0, 0, 0, 0, 0, 0, 1, 0, 0, 0, 0, 0, 0, 0, 0, 0, 0, 0, 0, 0, 0, 0, 0, 0, 0, 1, 0, 0, 0, 1, 0, 0, 0, 0, 0, 0, 0, 0, 0, 0, 0, 0, 1, 0, 0, 0, 0, 0, 0, 0, 0, 0, 0, 0, 0, 0, 0, 0, 0, 0, 0, 0, 0, 0, 1, 0, 0, 0, 0, 0, 0, 0, 0, 0, 0, 0, 0, 0, 0, 0, 0, 0, 0, 0, 0, 0, 0, 0, 0, 0, 0, 0, 0, 0, 0, 0, 0, 0, 0, 0, 0, 0, 0, 0, 0, 0, 0, 0, 0, 0, 0, 0, 0, 0, 0, 0, 0, 0, 0, 0, 0, 0, 0, 0, 0, 0, 0, 0, 0, 0, 0, 0, 0, 0, 0, 0, 0, 0, 0, 0, 0, 0, 0, 0, 1, 1, 0, 0, 0, 0, 0, 0, 0, 0, 0, 0, 0, 0, 0, 0, 0, 0, 0, 0, 0, 1, 0, 0, 0, 1, 0, 0, 0, 0, 0, 0, 0, 0, 0, 0, 0, 0, 0, 0, 0, 0, 0, 1, 0, 0, 0, 0, 0, 0, 0, 0, 0, 0, 0, 0, 0, 0, 0, 0, 0, 0, 0, 0, 0, 0, 0, 1, 0, 0, 0, 0, 0, 0, 0, 0, 0, 0, 0, 0, 0, 0, 0, 0, 0, 0, 0, 0, 0, 0, 0, 0, 0, 0, 0, 0, 0, 0, 0, 0, 0, 0, 0, 0, 0, 0, 0, 0, 0, 0, 0, 0, 0, 0, 4, 0, 0, 2, 1, 1, 2, 0, 1, 3, 1, 2, 0, 0, 1, 0, 1, 0, 0, 1, 4, 9, 21, 7]"
虞书欣甩开刘雨昕的手_最终事件描述,"**事件总述**：  
虞书欣被指“甩开刘雨昕手”事件始于一段争议视频，初期舆论聚焦其“引导粉丝网暴素人”的指控，旧事重提引发负面声浪。12小时后舆论对立加剧，支持者认为她遭遇恶意解读，反对者则批评其转发行为间接煽动网暴。随后3天内，争议持续两极分化：粉丝强调其澄清合理，质疑素人实为职黑，并上升至性别双标（对比男星案例）；批评方则指责其未尽公众人物责任。事件中期，焦点从“甩手”转向明星与素人互动边界、饭圈生态及法律维权呼吁，双方均要求报警解决。后期部分理性声音出现，指出视频可能存在剪辑误导，但粉丝与黑粉对立仍存，舆情最终呈现“事件淡化但矛盾未解”的状态，核心矛盾仍围绕网暴责任、明星回应尺度及性别议题展开。（198字）",1,"[1, 0, 0, 0, 0, 0, 1, 2, 0, 2, 2, 1, 28, 12, 5, 3, 7, 4, 3, 3, 0, 0, 2, 1, 0, 3, 3, 4, 4, 1, 4, 7, 3, 1, 2, 1, 0, 3, 1, 3, 0, 5, 1, 0, 1, 0, 0, 0, 1, 1, 1, 4, 3, 0, 2, 1, 3, 1, 0, 2, 3, 4, 3, 4, 1, 6, 2, 3, 0, 2, 0, 0, 0, 2, 4, 14, 11, 20, 23, 13, 11, 13, 13, 23, 45, 41, 34, 37, 33, 33, 24, 10, 9, 6, 8, 1, 0, 7, 9, 11, 11, 16, 8, 21]"
24-4韩网评IVE国风争议_最终事件描述,"**24-4韩网评IVE国风争议事件总述**  
事件始于IVE新MV中中国元素（如中国结、凤凰簪、祥云等）被质疑“文化挪用”，中国网友要求星船公司标注来源未获回应，舆论迅速发酵。初期争议围绕“公司责任vs艺人连带”，粉丝内部分化（如张元英粉丝割席、安宥真被集中指责）。随着时间推移，中方情绪激化，指控韩国“系统性偷文化”，愤怒升级为集体抵制，要求封杀全团、断中输，并呼吁官方介入。韩网部分评论被批“倒打一耙”，中韩网民对立加剧。争议焦点从娱乐层面上升至文化主权，网友外网发起“文化挪用”标签行动，并关联韩国申遗等历史争议。后期舆情呈现高对抗性，理性声音被淹没，脱粉潮与民族主义情绪主导，最终演变为涉及国家文化认同的广泛社会争议。（198字）",1,"[1, 0, 0, 0, 1, 0, 1, 0, 1, 0, 0, 0, 0, 0, 0, 2, 0, 2, 0, 1, 0, 0, 0, 0, 0, 0, 0, 2, 3, 2, 0, 1, 0, 0, 0, 0, 0, 0, 0, 0, 0, 0, 1, 0, 1, 0, 1, 0, 0, 0, 0, 1, 0, 0, 1, 0, 0, 0, 0, 0, 0, 0, 0, 0, 0, 0, 0, 0, 0, 0, 0, 0, 0, 0, 1, 0, 0, 0, 0, 0, 1, 0, 0, 0, 0, 0, 0, 0, 0, 0, 0, 0, 0, 0, 0, 0, 0, 0, 0, 1, 0, 0, 1, 6, 3, 0, 1, 0, 0, 0, 0, 0, 0, 0, 3, 0, 3, 0, 4, 2, 5, 7, 55, 14, 54, 20, 10, 18, 10, 16, 5, 5, 3, 3, 3, 1, 5, 9, 4, 4, 2, 8, 8, 5, 8, 9, 30, 12, 11, 13, 9, 9, 8, 8, 6, 1, 1, 2, 1, 1, 9, 3, 12, 10, 10, 8, 4, 7, 7, 8, 1, 8, 6, 11, 14, 14, 12, 9, 2, 2, 1, 2, 1, 1, 5, 4, 6, 8, 9, 5, 5, 1, 11, 7, 6, 5, 7, 6, 5, 1, 3, 7, 3, 1, 1, 0, 0, 1, 2, 3, 5, 2, 5, 5, 1, 4, 3, 1, 2, 4, 2, 1, 2, 2, 0, 1, 0, 0, 0, 1, 2, 1, 0, 0, 1, 1, 2, 1, 1, 0, 0, 1, 2, 3, 0, 1, 1, 4, 2, 3, 2, 0, 0, 0, 0, 1, 1, 0, 1, 0, 2, 1, 0, 0, 2, 1, 0, 5, 2, 0, 0, 2, 0, 1, 0, 0, 0, 0, 0, 0, 0, 0, 0, 0, 0, 0, 1, 0, 0, 0, 2, 4, 2, 3, 5, 4, 1, 0, 0, 0, 0, 0, 0, 2, 5, 3, 2, 2, 3, 1, 0, 1, 3, 1, 0, 0, 1, 1, 1, 1, 0, 1, 1, 0, 0, 1, 0, 0, 0, 0, 0, 0, 0, 0, 0, 0, 0, 0, 0, 0, 0, 0, 1, 0, 0, 0, 0, 1, 0, 0, 0, 0, 0, 0, 0, 0, 0, 1, 2, 0, 0, 0, 0, 1, 3, 0, 0, 2, 0, 0, 0, 0, 0, 0, 0, 0, 1, 1, 0, 0, 1, 0, 0, 1, 0, 0, 0, 1, 0, 1, 2, 2, 1, 1, 0, 0, 0, 0, 1, 0, 0, 0, 0, 0, 0, 0, 1, 0, 1, 0, 0, 0, 0, 0, 0, 1, 0, 0, 0, 0, 0, 0, 0, 0, 0, 0, 0, 0, 0, 1, 0, 0, 0, 0, 0, 0, 0, 1, 0, 0, 0, 0, 0, 0, 0, 0, 0, 0, 0, 0, 3, 1, 0, 1, 0, 0, 0, 1, 1, 0, 0, 0, 0, 0, 1, 0, 0, 0, 0, 0, 0, 0, 3, 1, 1, 1, 1, 2, 0, 0, 2, 0, 0, 0, 2, 3, 11, 3, 3, 1, 0, 1, 0, 0, 0, 0, 2, 3, 1, 3, 2, 7, 1, 0, 2, 1, 1, 3, 9, 0, 1, 1, 1, 0, 0, 0, 0, 1, 1, 0, 1, 1, 0, 1, 3, 1, 1, 0, 0, 0, 0, 1, 1, 0, 1, 1, 1, 3, 0, 0, 0, 1, 0, 0, 1, 0, 5, 2, 2, 0, 2, 0, 2, 0, 0, 1, 1, 0, 2, 1, 1, 3, 3, 0, 0, 0, 1, 0, 0, 2, 0, 3, 2, 2, 3, 1, 3, 1, 1, 0, 2, 2, 2, 4, 1, 0, 0, 0, 0, 0, 0, 0, 0, 1, 1, 1, 1, 1, 0, 0, 1, 0, 0, 0, 0, 1, 2, 0, 1, 1, 1, 0, 0, 0, 0, 0, 0, 0, 0, 0, 1, 0, 0, 0, 0, 0, 0, 0, 1, 0, 1, 0, 0, 0, 0, 0, 0, 0, 0, 0, 0, 1, 2, 0, 0, 1, 0, 0, 0, 0, 0, 1, 1, 1, 0, 0, 1, 0, 0, 0, 0, 0, 1, 1, 0, 0, 1, 0, 0, 0, 1, 3, 4, 3, 2, 1, 0, 0, 1, 0, 0, 0, 0, 0, 0, 0, 0, 0, 1, 0, 0, 1, 0, 0, 0, 0, 0, 0, 0, 1, 0, 0, 0, 0, 0, 1, 0, 1, 0, 0, 0, 0, 0, 1, 2, 5, 3, 0, 0, 0, 0, 0, 0, 3, 2, 1, 0, 2, 1, 3, 0, 0, 0, 0, 0, 1, 1, 0, 1, 4, 1, 0, 1, 1, 0, 2, 0, 0, 0, 1, 1, 0, 0, 0, 0, 0, 0, 0, 0, 0, 2, 1, 0, 0, 1, 1, 0, 0, 0, 0, 0, 1, 1, 1, 1, 0, 0, 0, 0, 0, 0, 0, 0, 0, 0, 0, 0, 0, 0, 1, 0, 1, 1, 0, 1, 3, 0, 1, 3, 2, 2, 0, 0, 0, 0, 0, 0, 1, 1, 3, 1, 0, 0, 1, 4, 0, 0, 0, 0, 5, 1, 1, 0, 0, 1, 0, 0, 0, 0, 0, 0, 0, 0, 0, 1, 1, 1, 1, 1, 1, 0, 0, 0, 0, 0, 0, 0, 0, 0, 0, 0, 0, 0, 0, 0, 0, 0, 0, 0, 0, 4, 0, 0, 0, 1, 1, 0, 0, 0, 0, 0, 0, 1, 0, 0, 0, 0, 0, 0, 0, 1, 1, 0, 0, 0, 0, 0, 0, 0, 0, 2, 0, 0, 0, 1, 1, 0, 0, 0, 0, 0, 0, 0, 0, 0, 1, 0, 1, 3, 0, 0, 1, 0, 0, 1, 0, 0, 0, 0, 0, 0, 0, 0, 0, 0, 0, 0, 0, 1, 1, 0, 0, 0, 0, 0, 0, 1, 0, 1, 0, 0, 0, 0, 0, 0, 0, 0, 0, 0, 0, 0, 0, 0, 0, 0, 0, 0, 0, 0, 1, 0, 0, 0, 0, 0, 0, 0, 1, 0, 0, 0, 0, 0, 0, 0, 0, 0, 0, 0, 0, 0, 0, 0, 0, 0, 0, 0, 0, 0, 0, 0, 0, 1, 1, 0, 0, 0, 0, 0, 0, 0, 1, 1, 0, 1, 0, 0, 0, 0, 0, 0, 0, 0, 0, 0, 0, 0, 0, 0, 0, 0, 0, 0, 0, 0, 1, 0, 0, 0, 0, 0, 0, 0, 0, 0, 0, 0, 0, 0, 1, 0, 0, 0, 0, 0, 0, 0, 0, 0, 1, 0, 0, 0, 0, 1, 0, 0, 0, 1, 0, 0, 1, 0, 0, 0, 0, 0, 0, 0, 0, 0, 0, 0, 0, 0, 0, 1, 0, 0, 0, 0, 0, 0, 0, 0, 0, 0, 0, 0, 0, 0, 0, 0, 0, 0, 1, 0, 0, 1, 0, 0, 0, 0, 0, 1, 0, 0, 0, 0, 0, 0, 0, 0, 0, 0, 0, 0, 0, 0, 0, 0, 0, 0, 0, 0, 0, 0, 0, 0, 0, 0, 0, 0, 0, 0, 0, 0, 0, 0, 0, 0, 0, 0, 0, 0, 0, 0, 0, 0, 0, 0, 0, 0, 0, 0, 0, 0, 0, 1, 0, 0, 0, 0, 0, 0, 0, 0, 0, 0, 0, 0, 0, 0, 0, 0, 0, 0, 0, 0, 0, 0, 0, 0, 0, 0, 0, 0, 0, 0, 0, 0, 0, 0, 0, 0, 0, 0, 0, 0, 0, 0, 0, 0, 0, 0, 0, 0, 0, 0, 0, 0, 0, 0, 0, 0, 0, 0, 0, 0, 0, 0, 0, 0, 0, 0, 0, 0, 0, 0, 0, 0, 0, 0, 0, 0, 0, 0, 0, 0, 0, 0, 0, 0, 0, 0, 0, 0, 0, 0, 0, 0, 0, 0, 0, 0, 0, 0, 0, 0, 0, 0, 0, 0, 0, 0, 0, 0, 0, 0, 0, 0, 0, 0, 3, 1, 0, 0, 0, 0, 0, 0, 0, 0, 0, 0, 0, 0, 0, 0, 0, 0, 0, 0, 0, 0, 0, 0, 0, 0, 0, 0, 0, 0, 0, 0, 0, 0, 0, 0, 0, 0, 0, 0, 0, 0, 0, 0, 0, 0, 0, 1, 1, 0, 0, 0, 0, 0, 1, 0, 0, 0, 0, 0, 0, 0, 0, 0, 1, 0, 0, 0, 0, 0, 0, 0, 1, 0, 1, 1, 0, 0, 0, 0, 0, 0, 0, 0, 0, 0, 0, 0, 0, 0, 0, 0, 0, 0, 0, 0, 0, 0, 0, 0, 0, 0, 0, 0, 0, 0, 0, 0, 0, 0, 0, 0, 0, 0, 0, 0, 0, 0, 0, 0, 0, 0, 0, 0, 0, 0, 0, 0, 0, 0, 0, 0, 0, 0, 0, 0, 0, 0, 0, 0, 0, 0, 0, 0, 0, 0, 0, 0, 0, 0, 0, 0, 0, 0, 0, 0, 0, 0, 0, 0, 0, 0, 0, 0, 0, 0, 0, 0, 0, 0, 0, 1, 0, 0, 0, 0, 0, 0, 0, 0, 0, 0, 0, 0, 0, 0, 0, 0, 0, 0, 0, 0, 0, 0, 0, 0, 0, 0, 0, 0, 0, 0, 0, 0, 0, 0, 0, 0, 2, 0, 0, 0, 0, 0, 0, 0, 0, 0, 0, 0, 0, 0, 0, 0, 0, 0, 0, 0, 0, 0, 0, 0, 0, 0, 0, 0, 0, 0, 1, 0, 0, 0, 0, 0, 0, 0, 0, 0, 0, 0, 0, 0, 0, 0, 0, 0, 0, 0, 1, 0, 0, 1, 0, 0, 0, 0, 0, 1, 0, 0, 0, 0, 0, 0, 0, 0, 0, 0, 0, 0, 0, 0, 0, 0, 0, 0, 0, 0, 0, 0, 0, 0, 0, 0, 0, 0, 0, 0, 0, 0, 0, 0, 0, 1, 0, 0, 0, 0, 0, 0, 0, 0, 0, 0, 0, 0, 0, 0, 0, 0, 0, 0, 0, 0, 0, 0, 0, 0, 0, 0, 0, 0, 0, 0, 0, 0, 0, 0, 0, 0, 0, 0, 0, 0, 0, 0, 0, 0, 0, 0, 0, 0, 0, 0, 0, 0, 0, 0, 0, 0, 0, 0, 0, 0, 0, 0, 0, 0, 0, 0, 0, 0, 0, 0, 0, 0, 0, 0, 0, 0, 0, 0, 0, 0, 0, 0, 0, 0, 0, 0, 0, 0, 0, 0, 0, 0, 0, 0, 0, 0, 0, 0, 0, 0, 0, 0, 0, 0, 0, 0, 0, 0, 0, 0, 0, 0, 0, 0, 0, 0, 0, 0, 0, 0, 0, 0, 0, 0, 0, 0, 0, 0, 0, 0, 0, 0, 0, 0, 0, 0, 0, 0, 0, 1, 0, 0, 0, 0, 0, 0, 0, 0, 0, 1, 0, 0, 0, 0, 0, 0, 0, 0, 0, 0, 0, 0, 0, 0, 0, 0, 0, 0, 0, 0, 0, 0, 0, 0, 0, 0, 1, 0, 0, 0, 0, 0, 0, 0, 0, 0, 0, 0, 0, 0, 0, 0, 0, 0, 0, 0, 0, 0, 0, 1, 1, 0, 1, 1]"
极氪车主高速上自动驾驶时盖被睡觉_最终事件描述,极氪车主高速自动驾驶盖被睡觉事件引发持续7天的舆论风暴，呈现明显的阶段性演变。初期（1-12小时）舆论两极分化：支持者肯定技术探索价值，反对者则强烈质疑安全风险，争议聚焦技术成熟度与法律边界，伴随误关联华为等认知混乱。中期（13-78小时）讨论深化，安全担忧成主流，公众质疑L2级辅助驾驶被滥用，要求明确责任划分与法律处罚，车企宣传误导性成为新焦点。后期（79-514小时）舆论趋于一致，超80%声音谴责车主危险驾驶危害公共安全，讽刺与愤怒情绪交织，呼吁加强监管与技术改进。事件全程凸显公众对自动驾驶安全性的高度敏感，反映出技术超前与法规滞后、厂商宣传与用户认知的核心矛盾，最终推动社会对智能驾驶伦理与行业规范的深度反思。（198字）,1,"[6, 3, 8, 9, 2, 1, 0, 0, 0, 1, 1, 4, 6, 3, 2, 0, 0, 3, 4, 4, 4, 4, 1, 5, 1, 1, 1, 0, 0, 0, 0, 0, 1, 0, 1, 0, 0, 0, 0, 0, 0, 0, 0, 0, 0, 0, 0, 0, 0, 0, 0, 0, 0, 0, 0, 0, 1, 1, 0, 0, 0, 0, 0, 0, 0, 0, 0, 0, 0, 0, 0, 1, 1, 4, 6, 4, 0, 3, 4, 15, 18, 10, 3, 0, 1, 3, 1, 2, 3, 2, 5, 1, 1, 2, 1, 4, 2, 2, 4, 2, 3, 1, 0, 0, 2, 1, 1, 4, 3, 0, 2, 3, 3, 1, 1, 0, 2, 2, 1, 3, 5, 5, 3, 0, 0, 0, 0, 1, 0, 0, 1, 1, 2, 0, 2, 1, 0, 0, 0, 1, 0, 2, 0, 1, 0, 1, 0, 0, 0, 0, 0, 0, 0, 0, 0, 9, 78, 232, 191, 31, 2, 1, 2, 1, 0, 0, 4, 42, 0, 0, 2, 6, 3, 1, 1, 1, 2, 2, 5, 4, 4, 5, 3, 2, 2, 1, 2, 5, 2, 3, 1, 2, 1, 3, 2, 1, 1, 0, 0, 0, 0, 1, 2, 0, 3, 1, 0, 0, 1, 1, 0, 0, 0, 1, 1, 1, 0, 1, 1, 1, 1, 0, 0, 1, 1, 0, 0, 0, 0, 0, 1, 0, 1, 0, 1, 0, 2, 2, 2, 2, 2, 1, 0, 1, 0, 0, 0, 1, 0, 0, 1, 0, 0, 0, 1, 0, 1, 0, 0, 0, 1, 0, 0, 0, 0, 1, 0, 0, 1, 0, 0, 0, 0, 0, 0, 1, 1, 0, 0, 0, 0, 0, 1, 0, 2, 0, 0, 0, 0, 0, 0, 0, 0, 0, 0, 0, 0, 0, 0, 0, 0, 0, 1, 0, 0, 0, 0, 0, 0, 0, 0, 0, 0, 0, 0, 0, 0, 0, 0, 0, 0, 0, 0, 0, 0, 0, 0, 0, 0, 0, 0, 0, 0, 0, 1, 0, 0, 0, 0, 0, 0, 0, 0, 0, 0, 1, 0, 0, 0, 0, 0, 0, 0, 1, 0, 0, 0, 0, 0, 0, 0, 0, 0, 0, 0, 0, 0, 0, 0, 0, 0, 0, 0, 0, 0, 0, 0, 1, 0, 0, 0, 0, 1, 0, 0, 0, 1, 0, 0, 0, 0, 0, 0, 0, 2, 0, 1, 0, 0, 0, 0, 0, 0, 0, 0, 0, 0, 0, 0, 0, 0, 0, 0, 0, 0, 1, 0, 0, 0, 1, 0, 1, 0, 0, 0, 0, 0, 1, 0, 0, 1, 0, 0, 0, 0, 0, 0, 0, 0, 0, 0, 0, 0, 0, 0, 0, 0, 0, 0, 0, 0, 0, 0, 0, 0, 0, 0, 0, 0, 0, 0, 0, 0, 0, 0, 0, 0, 0, 0, 0, 0, 0, 0, 0, 0, 0, 0, 1, 0, 0, 0, 0, 0, 0, 0, 0, 0, 0, 0, 0, 1, 0, 0, 0, 0, 1, 0, 2, 0, 0, 0, 0, 0, 0, 0, 0, 0, 0, 0, 0, 0, 0, 0, 1]"
蒙牛净利润暴跌98%_最终事件描述,蒙牛净利润暴跌98%事件持续发酵，舆论呈现明显的负面主导趋势，暴露出消费者对国产乳业的深度信任危机。初期（1-103小时），舆论聚焦产品质量问题（如掺水、三聚氰胺历史）、行业标准争议及渠道乱象，消费者普遍抵制并转向光明、进口奶等替代品牌。中期（104小时），质疑升级至产品双标、添加剂滥用及校园奶质量，调侃性言论（如“兑水盈利”）反映品牌信任崩塌。后期（105小时），行业共性问题（奶味变淡、常温奶口感差）被广泛讨论，新疆奶等地方品牌受推崇，同时市场战略与管理能力遭质疑，与伊利增长形成反差。整体来看，事件由财务暴雷触发，但迅速演变为对蒙牛品牌声誉和乳业标准的系统性批判，消费者情绪从不满转向嘲讽与放弃，品牌修复面临严峻挑战。,0,"[1, 0, 0, 1, 0, 0, 0, 1, 1, 0, 2, 2, 0, 0, 0, 0, 0, 0, 0, 0, 0, 0, 1, 0, 0, 0, 0, 0, 0, 0, 0, 0, 0, 1, 0, 1, 2, 0, 0, 0, 0, 0, 0, 0, 0, 0, 0, 1, 0, 0, 0, 0, 1, 0, 0, 2, 0, 4, 5, 2, 1, 0, 3, 1, 0, 0, 0, 0, 0, 0, 1, 0, 2, 2, 0, 3, 2, 3, 1, 1, 1, 2, 2, 0, 1, 2, 1, 6, 1, 1, 0, 2, 1, 0, 9, 1, 2, 5, 5, 3, 4, 1, 1, 7, 26]"
