timestamp,content,label
2024/5/1 1:59,裤子衣服 型号是啥,0
2024/5/1 9:35,@不爱吃零食的小鱼 走去看看,0
2024/5/1 10:10,呜呜呜宝宝你到底为什么这么瘦[流泪][流泪],0
2024/5/1 11:02,求,0
2024/5/1 16:18,求链接,0
2024/5/1 18:08,@骑了隆冬呛 @熬寒 @大头女泰森?????♀?,0
2024/5/1 21:14,？,0
2024/5/1 21:31,你家的生意其实就是我所谓的公司内部消化，好奇的问一句啊，你家的生意基本都是充正卖的吧？,1
2024/5/1 22:06,哈哈 我不是这个行业的 纯纯门外汉 向你讨教一下而已 涨涨知识[捂脸],0
2024/5/1 22:45,@巴啦啦能量,0
2024/5/2 9:14,对，早已经涨了,0
2024/5/2 11:37,一模一样[捂脸],0
2024/5/2 11:50,求链接[色][色][色],1
2024/5/2 11:54,姐妹求链接,0
2024/5/2 12:18,好,0
2024/5/2 14:21,要不然会有话题？,0
2024/5/2 16:09,@小关‘,0
2024/5/2 16:46,[微笑][微笑][微笑],0
2024/5/2 19:59,[比心]我也想要链接[比心],0
2024/5/2 20:37,早就涨价了,0
2024/5/2 21:30,求姐妹[害羞],0
2024/5/2 23:00,求,0
2024/5/2 23:31,姐妹求个链接,0
2024/5/3 0:04,求链接,0
2024/5/3 0:25,有 但没有这么低  年底那个折扣大点 但限额,0
2024/5/3 0:44,这是科涂的哪一款,0
2024/5/3 2:21,我本来想问的，你帮我问了，他回答了吗,0
2024/5/3 5:28,姐妹，可以蹲个链接吗,0
2024/5/3 8:30,当然没有了[捂脸],0
2024/5/3 10:51,求,0
2024/5/3 12:02,好,0
2024/5/3 12:57,我们一家人都很喜欢逛迪卡侬,0
2024/5/3 14:25,好呀，常营就有,0
2024/5/3 17:50,有链接吗[泣不成声],0
2024/5/3 18:50,姐妹 链接[泣不成声],0
2024/5/3 19:39,求链接[送心],0
2024/5/3 19:44,链接 小姐姐,0
2024/5/3 20:03,我也要链接,0
2024/5/3 20:26,@一条虫 [眼含热泪],0
2024/5/3 20:28,[舔屏],1
2024/5/3 21:33,我刚买了条女裤子，60,0
2024/5/3 22:18,在哪买啊,0
2024/5/3 22:21,有链接吗美女,0
2024/5/3 22:46,好,0
2024/5/3 22:47,有,0
2024/5/3 23:14,可以要链接吗[送心],0
2024/5/3 23:46,我发你,1
2024/5/3 23:51,好,0
2024/5/4 5:35,求链接 关注你了 私不了你,0
2024/5/4 9:16,求链接,0
2024/5/4 10:07,迪卡侬涨价了你说一点不说[抠鼻],0
2024/5/4 11:00,@黑黑黑黑黑黑黑黑,1
2024/5/4 11:17,@小刘的家装日记 [暗中观察],0
2024/5/4 11:33,迪卡侬进去一股橡胶塑料味,0
2024/5/4 12:47,Lulu真的好好看 之前进去试过一次 真是好看的不得了 怎么别的比都比不了[泪奔][泪奔][泪奔][泪奔] 最后买了你推荐的 当防晒服来穿,0
2024/5/4 13:04,@iou 给人家老板挖过来了,1
2024/5/4 14:23,我去[捂脸][捂脸],0
2024/5/4 14:38,好,0
2024/5/4 17:07,要到链接了吗姐妹,0
2024/5/4 20:10,求链接[呲牙]关注啦,0
2024/5/4 20:36,平替真的可以 面料一样,0
2024/5/4 22:35,好,0
2024/5/4 23:13,[捂脸][捂脸][捂脸]是咱俩了,0
2024/5/5 2:49,@Luxanna,0
2024/5/5 9:20,去商场肯定不会骗,0
2024/5/5 10:56,关注你了。有没有链接,0
2024/5/5 11:28,????,0
2024/5/5 12:16,谢谢谢谢谢谢谢谢谢谢谢谢[流泪][流泪][流泪],0
2024/5/5 12:54,@1111111111 哈哈哈,0
2024/5/5 13:59,这款和scuba 完全不一样哈哈哈,0
2024/5/5 14:19,@林三零肆,0
2024/5/5 14:44,这是专业登山裤价格吧，mh500 也才399啊,0
2024/5/5 14:56,姐妹已关注！想求一下链接[比心][比心],0
2024/5/5 19:08,关注你啦宝，求链接,0
2024/5/5 20:20,@谁喜欢吃炒面啊,0
2024/5/5 22:37,链接,0
2024/5/5 23:21,@海绵宝宝 派大星,0
2024/5/6 0:57,@onlooker. [捂脸],0
2024/5/6 1:13,这个包，有吗[暗中观察],0
2024/5/6 1:35,已关注 求链接[玫瑰][玫瑰][玫瑰],0
2024/5/6 10:09,已经涨了不少了[噢买尬],0
2024/5/6 10:19,推荐一个做瑜伽服的工厂,0
2024/5/6 11:21,@Xeue,0
2024/5/6 14:50,发你,1
2024/5/6 15:04,国内外价格都一样吗？[泣不成声],0
2024/5/6 15:04,完买的一件920元,0
2024/5/6 15:04,会不会起球啊,0
2024/5/6 15:05,感觉袖口会有一点别的就还好,0
2024/5/6 15:19,好滴在找代购了[蜜蜂狗],0
2024/5/6 15:27,求链接推荐[比心][比心],0
2024/5/6 15:41,我买的是蛋子推荐的平替啦,0
2024/5/6 15:44,[泣不成声][泣不成声],0
2024/5/6 15:50,我本人[捂脸],0
2024/5/6 16:37,发你,1
2024/5/6 17:19,现在好像没了[流泪],0
2024/5/6 17:20,可以买别的款式再看看啊[坏笑],0
2024/5/6 18:07,哈哈迪卡侬的瑜伽裤也挺好穿的[比心],0
2024/5/6 18:26,可以发我嘛[玫瑰],0
2024/5/6 20:12,真正的代工厂都签约了，衣服不可能外流的,0
2024/5/6 21:37,本来就硬，因为是登山鞋，就不能休闲穿，累的脚抽筋[捂脸],0
2024/5/6 23:26,发你,1
2024/5/7 0:42,求链接,0
2024/5/7 1:10,????,0
2024/5/7 7:26,求链接[流泪],0
2024/5/7 14:10,求链接！！,0
2024/5/7 15:41,@22 可恶啊,1
2024/5/7 15:41,@22,0
2024/5/7 17:00,求！！！[送心],0
2024/5/7 18:40,你的意图是什么？,1
2024/5/7 21:35,@哦吼?? @哈雷妈妈,0
2024/5/7 22:46,宝儿，来个链接,0
2024/5/7 23:23,好,0
2024/5/8 6:39,求链接,0
2024/5/8 8:51,不需要的，只要找到代工厂就够了[呲牙],0
2024/5/8 9:16,求,0
2024/5/8 9:23,@你怎么知道我养鸟了(?????) 哪有人买真的，智商税,1
2024/5/8 9:24,@你怎么知道我养鸟了(?????),0
2024/5/8 9:49,@EFFY,0
2024/5/8 10:23,虽然我也认为 lulu 价高不太值，但是 lulu 真的不长视频里这样[疑问],0
2024/5/8 10:23,可以说是毫不相干╮(??ω??)╭,0
2024/5/8 10:24,我真觉得头绳不错，还有裤子塑形效果挺好(■_■)???,0
2024/5/8 11:22,说个正经的，各位把精力多放在健身吧，别费时间在装备了，健身的本质是提升自己，不是供养资本[不你不想][不你不想][不你不想][不你不想],0
2024/5/8 11:30,哈哈哈哈哈哈哈哈,0
2024/5/8 11:30,@Musicccc,0
2024/5/8 14:47,自从这个负责人来了之后已经开始涨了[绝望的凝视][绝望的凝视],1
2024/5/8 17:54,@芮嘟嘟 dan,0
2024/5/8 22:39,看看我买的和Y版一模一样的，平价,0
2024/5/8 23:34,求链接[泣不成声],0
2024/5/9 0:46,@阿鱼?? @Siesta,0
2024/5/9 1:42,问问！,0
2024/5/9 11:46,好,0
2024/5/9 16:47,我靠，和我差不多[宕机],1
2024/5/9 20:27,@@,0
2024/5/9 22:27,小米,0
2024/5/9 23:42,好的,0
2024/5/10 11:01,链接链接[流泪]老板,0
2024/5/10 11:59,????,0
2024/5/10 12:22,姐姐好美！可以求个链接吗[流泪],0
2024/5/10 12:56,发了,0
2024/5/10 13:12,有链接嘛姐妹,0
2024/5/10 13:25,求链接,0
2024/5/10 14:16,有链接吗姐妹,0
2024/5/10 15:08,发你,1
2024/5/10 15:51,发不出去[捂脸],0
2024/5/10 16:12,姐妹，求链接,0
2024/5/10 20:09,求链接姐妹[流泪],0
2024/5/10 20:43,求链接,0
2024/5/10 20:52,同款衣柜+鞋子安德玛[捂脸],0
2024/5/10 21:33,好,0
2024/5/10 22:17,@贺贺哒,0
2024/5/10 22:50,主要是烦他起球那一点。,0
2024/5/10 23:09,求个链接[感谢],0
2024/5/10 23:21,蹲[猪头],1
2024/5/11 1:09,你去看优衣库[捂脸][捂脸][捂脸]和lulu也差不多,0
2024/5/11 4:23,求链接宝,0
2024/5/11 11:01,姐妹，可以发链接吗,0
2024/5/11 13:48,????,0
2024/5/11 13:55,品牌负责人和产品木有直接关系,0
2024/5/11 21:00,姐妹 求链接 好看的,0
2024/5/11 21:24,好,0
2024/5/11 23:09,qaaaa,0
2024/5/11 23:26,????,0
2024/5/11 23:46,刚刚去了宁波鄞州大道迪卡侬，准备买个自行车锻炼骑，店员态度太差了，只能放弃在这里买了[捂脸][捂脸],1
2024/5/12 0:58,求链接,0
2024/5/12 1:01,lulu真没有平替,0
2024/5/12 1:26,lulu真的没有平替,0
2024/5/12 1:53,哎呦喂，好多姐妹，我好怕[泪奔][泪奔][泪奔],0
2024/5/12 9:16,求链接[泣不成声],0
2024/5/12 12:03,NH100涨价到89.9还取消了5个外挂位,0
2024/5/12 12:08,顿顿链接[送心],0
2024/5/12 12:47,????,0
2024/5/12 14:30,反向带货,0
2024/5/12 14:37,哪里可以买,1
2024/5/12 15:04,显瘦,0
2024/5/12 16:55,阿里巴巴,0
2024/5/12 20:27,努哪里哪里买,0
2024/5/12 23:02,求,0
2024/5/12 23:57,求求 姐妹 [流泪][流泪],0
2024/5/13 0:32,美女，求个??[送心],0
2024/5/13 0:41,求链接[泣不成声][泣不成声][泣不成声],0
2024/5/13 1:07,求链接啊宝,0
2024/5/13 7:18,啊哈，求链接[流泪],0
2024/5/13 10:48,好,0
2024/5/13 11:35,姐妹链接,0
2024/5/13 12:35,@蜡笔小爹,0
2024/5/13 14:22,好,0
2024/5/13 14:23,发不出去啊[泪奔],0
2024/5/13 14:27,现在呢,0
2024/5/13 14:32,给个链接 宝宝[流泪],0
2024/5/13 14:32,姐妹我发给你了[流泪],0
2024/5/13 15:19,可不可以给个链接姐妹[流泪],0
2024/5/13 16:05,集美救救我我也想要,0
2024/5/13 17:24,姐妹 我跪下来求你,1
2024/5/13 17:50,求??[泣不成声],0
2024/5/13 18:16,求链接姐妹,0
2024/5/13 18:34,哈哈哈哈哈哈哈哈哈哈哈,0
2024/5/13 20:58,姐妹求链接,0
2024/5/13 21:02,求求了求求了求求了,0
2024/5/13 21:34,@ZhongziLiu,0
2024/5/13 21:56,求链接,0
2024/5/13 21:59,求链接,0
2024/5/13 23:17,别这样 我发给你 [流泪],0
2024/5/13 23:26,求链接姐妹,0
2024/5/13 23:33,求链接,0
2024/5/14 0:23,[玫瑰],0
2024/5/14 10:47,求链接,0
2024/5/14 12:09,你这是多之前5年前？,0
2024/5/14 12:35,@半挂停车场 同类,1
2024/5/14 13:00,求链接,0
2024/5/14 15:02,求求[猪头],1
2024/5/14 15:09,求,0
2024/5/14 16:22,好,0
2024/5/14 16:22,发你,1
2024/5/14 17:43,求链接,0
2024/5/14 18:04,求[流泪],0
2024/5/14 20:31,借楼出一件黑色Define6码穿了两次便宜出,0
2024/5/14 21:25,求你姐妹[泣不成声]特别需要！,0
2024/5/14 22:13,@月亮牌??小饼干,0
2024/5/14 22:16,好 发你了,0
2024/5/14 22:39,我还是喜欢迪卡侬那个裤子,0
2024/5/14 22:54,我求求求求,0
2024/5/14 22:59,发你,1
2024/5/14 23:03,我谢谢谢谢谢,0
2024/5/14 23:06,好,0
2024/5/14 23:42,想要[泣不成声],0
2024/5/14 23:43,姐妹求[可怜][可怜][可怜],0
2024/5/15 0:30,1,1
2024/5/15 5:27,姐妹 求链接,0
2024/5/15 9:39,求链接,0
2024/5/15 10:12,求链接姐妹[大哭][大哭][大哭][大哭],0
2024/5/15 11:03,@?????? [震惊][震惊][震惊],0
2024/5/15 11:04,求链接[kisskiss],0
2024/5/15 12:31,求,0
2024/5/15 12:33,但裤子有点尴尬,0
2024/5/15 14:41,推荐一下,0
2024/5/15 16:05,发你了[捂脸],0
2024/5/15 16:06,好,0
2024/5/15 16:07,好,0
2024/5/15 16:08,好,0
2024/5/15 16:53,求求求,0
2024/5/15 16:54,好,0
2024/5/15 19:18,求[流泪],0
2024/5/15 19:19,好,0
2024/5/16 0:37,美女姐姐求求求！,0
2024/5/16 0:49,@LuckMaker  [打脸][打脸][打脸][打脸],1
2024/5/16 0:57,求求[流泪],0
2024/5/16 2:11,求姐妹,0
2024/5/16 3:03,求求[比心],0
2024/5/16 4:58,迪卡侬是真不便宜，但衣服有些很好看，但好看的也买不着常年断货，要去蹲好久,0
2024/5/16 6:53,关注你了。求姐妹,0
2024/5/16 8:57,我也想买一件。哎,0
2024/5/16 9:21,@阿巴阿巴 是我[泣不成声],0
2024/5/16 10:01,@想吃麦当当 我天,0
2024/5/16 10:46,你还有阔色宝宝,1
2024/5/16 11:16,姐妹，求链接[泣不成声],0
2024/5/16 11:49,关注了 求求求,0
2024/5/16 12:09,@????妮好！(戒奶茶2.0版本) ？？？,0
2024/5/16 12:51,@北挽超甜的,0
2024/5/16 13:43,求,0
2024/5/16 15:51,@张较瘦 买个白色？,0
2024/5/16 18:03,@美女,0
2024/5/16 20:05,求求求求了??！！！,0
2024/5/16 20:16,求链接宝子,0
2024/5/16 20:21,你私信发送不过去了宝,0
2024/5/16 20:53,私信发不了 [泣不成声],0
2024/5/17 0:29,发你了,0
2024/5/17 0:29,我发你,1
2024/5/17 1:51,求求链接，谢谢,0
2024/5/17 6:33,想要链接[比心]谢谢宝,0
2024/5/17 6:34,哪里买[尬笑],0
2024/5/17 7:40,姐妹求,0
2024/5/17 10:07,姐 想要链接,0
2024/5/17 10:45,求求链接[躺平],0
2024/5/17 12:16,好的,0
2024/5/17 12:35,我发主页了，大家可以自己去看,0
2024/5/17 15:13,哈哈我也有,0
2024/5/17 15:51,求链接,0
2024/5/17 16:05,最后一个图片啊[捂脸],0
2024/5/17 17:48,啊,0
2024/5/17 18:07,求求,0
2024/5/17 22:42,工厂在哪里呀,0
2024/5/18 14:06,@奇妙纳米汽水,0
2024/5/18 14:41,收藏了,0
2024/5/18 15:03,能发链接给我吗？姐妹[流泪],0
2024/5/18 16:08,主页第一个作品放了 [流泪]你自己看看哇,1
2024/5/19 0:36,@叁叁今晚吃什么?? [捂脸][捂脸][捂脸],0
2024/5/19 7:29,怎么买,0
2024/5/19 13:32,怎么找不到啊[泣不成声][泣不成声][泣不成声]是螺纹的那款吗[泣不成声][泣不成声][泣不成声],0
2024/5/19 13:40,下架了宝贝[泣不成声][泣不成声][泣不成声],0
2024/5/19 17:08,求链接[送心][送心],0
2024/5/19 17:25,主页放了哦 [泪奔],0
2024/5/19 19:49,一样一样滴,0
2024/5/20 9:18,我找不到迪卡侬实体店，但是这个是代工厂吗？[泪奔],0
2024/5/20 16:53,你看我主页[捂脸]露露包真还能省一笔[看],0
2024/5/20 17:58,@妮可不可以 @言午,0
2024/5/20 18:29,@SNK,0
2024/5/20 18:38,[捂脸]这个是假ck吗,1
2024/5/20 21:58,那是镜子的功劳吧……,0
2024/5/20 23:57,不是，就是剪裁,0
2024/5/21 2:10,姐，你能不能挂链接把价格打下来，今天去大卫城买的1668[流泪],0
2024/5/21 2:17,我买的100多，和这个穿起来一模一样好看[大笑],0
2024/5/21 2:30,我买的立领平替[害羞],0
2024/5/21 16:50,姐妹你多少钱买的[舔屏],1
2024/5/21 22:28,分享一下链接姐妹,0
2024/5/22 9:03,知道。。我是觉凯乐石和始祖鸟差不多做工,0
2024/5/23 12:27,求,0
2024/5/23 13:41,把价格打上去了[吐舌],0
2024/5/23 13:59,[送心][送心][送心],0
2024/5/23 19:01,就算涨价不还是有代购吗？品牌定位搁那呢[看][看][看],0
2024/5/23 22:29,链接还有没有！,0
2024/5/24 8:19,有链接吗姐妹[惊喜]，麻烦你发一下喔,0
2024/5/24 13:48,迪卡侬就是你如果买衣服预算100 那你买迪卡侬100块的衣服肯定不会踩雷[看]大牌买不起 小牌子19.9的衣服卖99.9也可能,0
2024/5/24 16:22,lulu国现,0
2024/5/25 0:51,求一个链接[快哭了],0
2024/5/25 1:00,美女姐姐给个链接[流泪][流泪],0
2024/5/25 1:18,姐妹我发作品了，你看看哇[捂脸],0
2024/5/25 1:18,姐妹我发完作品里了，第二个 [泪奔],0
2024/5/25 14:38,天猫的是正品吗,0
2024/5/25 18:18,有链接吗姐姐[干饭人],0
2024/5/26 14:58,我要买,0
2024/5/26 19:48,这里,0
2024/5/26 19:50,我这有！！！,0
2024/5/27 9:04,[看][看][看],0
2024/5/27 19:36,@晶晶,0
2024/5/28 12:54,[666][666][666],0
2024/5/28 18:17,是的超级舒服很修饰身材,0
2024/5/28 19:40,@受不了一点罪,1
2024/5/28 21:40,有链接么,0
2024/5/28 23:07,姐妹我发我的正品里了，第二个正品你看看[捂脸] 太多人问了，我不发了,0
2024/5/29 8:37,福州有啊,0
2024/5/29 8:38,还是网购吧[泪奔],0
2024/5/29 17:50,[比心][比心][比心][比心][比心]直接平替,0
2024/5/29 23:43,姐姐姐姐，你代购不[捂脸],0
2024/5/30 1:19,因为迪卡侬很功能性直男审美，现在要转向偏女性消费,0
2024/5/30 3:14,你这个尴尬线有点严重,1
2024/5/30 3:39,我不是很所谓也不在乎[比心]主打一个自信,0
2024/5/30 23:10,悄悄给女朋友买的[看],0
2024/5/31 1:41,宝 你长得好耐看 越看越好看,0
2024/5/31 2:48,你手腕是纹身？,0
2024/5/31 3:30,为什么删我微信,1
2024/5/31 5:34,为什么要一直咂嘴[捂脸],0
2024/5/31 7:03,海鲜市场到底是什么呀？救命。,0
2024/5/31 7:17,其实买平替还是品牌，根据个人经济收入来就好了，可别为了面子而超额消费。,0
2024/5/31 7:49,我也有这种体验，就蛮久之前家人带我去买衣服就运动服短袖短裤啥的，然后看中了一套好像也要六七百，我就想啥衣服要这么贵，但是家人还是给我买了说我都看中了就买吧，结果买回去穿就真香了，后来在街上也看到有人穿差不多版型的但是一看那个材质就比较差,0
2024/5/31 7:59,lulu每年有两次大促，可以到时候看看,0
2024/5/31 8:10,忍痛割爱不是这么用的,0
2024/5/31 11:12,又火了 小紫啧[捂脸],0
2024/5/31 15:45,[泪奔]我平常运动服都是买安德玛，觉得安德玛一件T恤两百多，一条运动裤五百多，一个拖鞋快300，价格已经不便宜了，直到我进了lululemon，好家伙，强中自有强中手,0
2024/5/31 16:22,去猩猩和店里销售搞好关系，2.5的惊喜,1
2024/5/31 18:51,本人甚至开始觉得迪卡侬都贵了[裂开],0
2024/5/31 20:10,成本一个10块、一个20块；零售价差一个100，块，一个1000块…,0
2024/5/31 22:45,[捂脸][捂脸][捂脸],0
2024/5/31 22:51,那我来蹲个素然的代工厂  现在淘宝这牌子也是满场飞,1
2024/5/31 22:53,很正常 本身就不是啥高科技产品，可替代性太高,0
2024/5/31 22:54,评论7条，到底怎么上的热搜……,0
2024/5/31 22:54,没准真是代工厂产呢,0
2024/5/31 22:56,你又懂了,1
2024/5/31 22:57,蹲个代工厂！有资源的斯我,1
2024/5/31 22:59,谢谢，知道搜啥了,0
2024/5/31 22:59,我自己买了十五件衣服加legging 对比工厂其中七件一模一样 大多是legging 衣服个别有差 define是重灾区,0
2024/5/31 23:01,说明门槛低,0
2024/5/31 23:02,@滕烨Teng,0
2024/5/31 23:03,确实是有国内代工的,0
2024/5/31 23:06,同蹲一波代工厂，有知道的吗,0
2024/5/31 23:07,别说了 快上链接我要买,0
2024/5/31 23:08,本来就是，一件衣服而已，虚高,0
2024/5/31 23:10,我也会买便宜的，偶尔也买lulu，但平替是没啥平替的，接受一分钱一分货就好,0
2024/5/31 23:11,国内产业链完整。特别是纺织品类lulu只是个品牌。其它跟我们汽车产业链一样看谁会营销了,0
2024/5/31 23:12,自以为是咧个嘴就会出气 有没有真假对比过？见识少还装一下,1
2024/5/31 23:12,假的吧，阿猫阿狗都说是代工厂。我之前了解过这种裤子，自己定制也是一百以上，露露柠檬打折的时候才300多，没必要买所谓的代工厂假货吧。,0
2024/5/31 23:12,飞机航母都能给你搞出来，一件破衣服，你说啥呢,1
2024/5/31 23:13,但是做工是真差，缝线都起球，我是真的，从加拿大买的,1
2024/5/31 23:13,爱马仕都有高仿一比一，一个瑜伽裤子真不至于。,0
2024/5/31 23:17,没有人会带放大镜去看衣服的。我觉得各自在各自消费水平里各自安好就行了。不缺钱的花这个钱也就是手拿把掐的不疼不痒想吃饭一样平常；手头紧的也想穿点大牌满足自身的也理解，等他们有钱了也会买几件专柜货；选择不掉入消费陷阱的不被消费主义绑架的也理解。总之各自在各自领域各自安好就行了。,0
2024/5/31 23:17,面料可以仿你这一句话就说明你啥也不懂。衣服本身没什么技术含量，而大部分面料市场都能买到。能不能做到正品一样的品质取决于工厂是否下血本。补充一下：没有面料纺织品牌它的面料也是市场采购的！,1
2024/5/31 23:19,大懂,0
2024/5/31 23:21,一分钱一分货，一百块钱是一块钱货,0
2024/5/31 23:23,所以拉链才那么难拉么？,0
2024/5/31 23:23,我就做服装的，我想说只有想不想没有能不能。以前我也不信lulu可以做到分辨不出来，直到我去年去了一次家居服饰订货会。,0
2024/5/31 23:24,长款没感觉有质的区别，但是骑行裤真的有差，lulu不会往上跑，但我穿平替真的这个边会一直往上,0
2024/5/31 23:26,我买的正版都起球变形了 我买的平替还在坚挺着,0
2024/5/31 23:26,其实还是卖品牌，性价比不高,0
2024/5/31 23:27,这种假货都好多年了呀！我们公司就是生产瑜伽服，在 1688 上批发卖的。很多客户就是进货，取个标题蹭品牌热度，还能自己加工印 Lulu 的 logo卖，也是挺无语的。 只能说国内造假太多，抓的不严，罚款力度也不够。,0
2024/5/31 23:28,我觉得根本不一样我买过差不多打了3折的假货，差得很，能出这样的新闻应该没穿过正品吧,1
2024/5/31 23:32,所以是哪家 说个名字呗,0
2024/5/31 23:33,讨厌这种标题党，不放链接讲了等于没讲,1
2024/5/31 23:33,所以是哪家！买！,1
2024/5/31 23:33,实不相瞒，都可以仿出来,1
2024/5/31 23:34,我们有一个国内面料供应商之前就是做lulu面料的，面料说实话能有多大的科技含量,1
2024/5/31 23:36,毫无版权意识可言,1
2024/5/31 23:39,不可能的你但凡买过正品就知道代工完全不一样，就是仿不出那个工艺,1
2024/5/31 23:39,高价买觉不觉得是冤大头？支持中国制作！,0
2024/5/31 23:42,没有莆田仿不出来的,1
2024/5/31 23:44,运动品牌的科技面料基本都是买的吧，我不觉得lulu有这闲工夫搞研发，估计全花在营销和政治正确上了,1
2024/5/31 23:46,质量监管标准不一样…品牌供货成品率80%，直供市场100%（做出来就卖）,0
2024/5/31 23:47,我买过很多所谓的平替跟正品穿着舒适感差很多,0
2024/5/31 23:49,你穿过真的吗,0
2024/5/31 23:52,穿上始祖鸟，立变老爹爹,0
2024/5/31 23:54,@嘿我是赵道道,0
2024/5/31 23:55,500元的裤子真的太贵。我买的lulu同款面料挺好穿，不掉裆，目前没气球，裸感面料很舒服。,0
2024/5/31 23:56,lulu爱起球，质量也不太好,0
2024/5/31 23:56,正版的运动背心和瑜伽裤都买了 又买了代工厂的同款换洗 价格差了小10倍 但是感觉并不是差10倍 所以之后就都买的盗版A货了。是我囊中羞涩的问题,0
2024/5/31 23:59,刚买官网,0
2024/6/1 0:01,我是觉得，牌子无所谓，只要穿着舒服，好穿，莆田我也爱穿。不是买不起只是性价比，目前市场上的这些运动品牌，溢价的离大谱,0
2024/6/1 0:01,美国牌子费，要卖给你最少乘6,1
2024/6/1 0:03,无比同意,0
2024/6/1 0:04,话那么多没一句重点，321给我上平替的链接,1
2024/6/1 0:10,买过 质量版型都不差 能买便宜的为啥非要多花钱？,0
2024/6/1 0:10,我在鞋服这行呆了十几年了，但凡你认真了解下我国的工业制造能力，这种低端制造业出来的工业品在我们国家真的没有仿不起来的，特别是原产地本就是我们国家，只要舍得投钱，没有说仿得不真的，再说了，这真的也投不了多少钱，来珠三角看看，就中大布料市场就够你逛一天了，更别说其他的了,0
2024/6/1 0:11,其实很多都是国内面料辅料运过去做的 我们厂就做好多牌子的,0
2024/6/1 0:13,同意   买过假的  版型完全不一样   真的穿上就是收腰效果好身材好  假的没有这个效果,0
2024/6/1 0:17,这是不是太看不起中国纺织行业了,1
2024/6/1 0:19,这是完全不知道江苏和广东服装行业的含金量,1
2024/6/1 0:21,这玩意儿到底有啥科技含量蜘蛛侠紧身衣啊？,1
2024/6/1 0:22,普通人谁在意呢,0
2024/6/1 0:24,所以有好心人能给我推推链接吗,0
2024/6/1 0:25,美国人民也需要快进军亚马逊,1
2024/6/1 0:26,lulu 北面 始祖鸟真的养活了好多做仿品的,1
2024/6/1 0:35,南油多的是,1
2024/6/1 0:39,链接呢？？？？？？,0
2024/6/1 0:40,屁,1
2024/6/1 0:44,有什么可议论的，没钱的只能买盗版，有钱的只会买正版，除了穿上的衣服一样，但是其他该不一样的还是不一样，啥都不会改变。,1
2024/6/1 0:51,傻子才买平替,1
2024/6/1 0:53,仿不出来？开玩笑呢，只是工厂老板看愿不愿意下成本罢了。,0
2024/6/1 0:57,不就一紧身裤，搞得是什么高科技一样，哪个运动品牌没出紧身衣紧身裤？,1
2024/6/1 1:00,真能吹牛b 放一起对比绝对有区别,1
2024/6/1 1:05,假聪明，面料不变形才是专供品质，山寨那面料你穿几次就区别出来了,1
2024/6/1 1:09,既然都说了是代工厂，那说明面料和辅料等都是品牌确认过的且相同的，包括绗缝线也可以相同。因为绗缝技术和线都能定，很简单。我们国家很多品牌代工厂，都是原单正品，只不过是品牌宣传说假的。,0
2024/6/1 1:10,lulu自己造的缝纫机？,0
2024/6/1 1:11,？笑死，楼上还说这线是特别定制的几万一轴，你这不是打楼上的脸吗,1
2024/6/1 1:14,就像义乌鸟一样 遍地都是始祖鸟 你拦得住吗,1
2024/6/1 1:24,说这种话的人肯定是没接触过服装行业的,1
2024/6/1 1:24,山寨可耻,1
2024/6/1 1:25,所以品牌对待高仿怎么才能办呢,0
2024/6/1 1:25,代工厂不可能这么搞要真这么做得赔的连裤衩都卖掉，人家有协议的,0
2024/6/1 1:27,真没有多高端 我专柜买了2条同款裤子 一黑一白 都要改长短 然后就发现两个裤子缝线相差了1cm 这…国内代工厂都干不出来这事,1
2024/6/1 1:28,lulu缝线也就那样 有的差的跟买到盗版一样,1
2024/6/1 1:33,不至于，专柜真的照样起球，气死了买了个假的真他妈好穿也不心疼[舉車],1
2024/6/1 1:36,买lulu找我,0
2024/6/1 1:38,我有几十件露露，前年我买了评价都说好、号称单十多年（有些别的品牌）、店主说绝对是原版的裤子、一件内衣、一件swiftlytech上衣，加起来大几百。这几件我都在线下买过别的颜色，“原单”买回来到货后，展开的瞬间能感觉到缝合，版型，边角裁切不对,0
2024/6/1 1:41,妈耶，看了评论，信商家那套高精尖噱头的还真不少了解一下lulu真正发家史吧，瑜伽裤吹的跟造航空导弹似的，人家吹理解，因为要卖高价，还真有死忠信这就离谱了。,1
2024/6/1 1:41,想起了繁花那件短袖,0
2024/6/1 1:41,我买过一件，我觉得之前我是冤大头，平替真香,0
2024/6/1 1:42,确实,0
2024/6/1 1:45,Lulumelon的代工厂在斯里兰卡,0
2024/6/1 1:46,其实我觉得质量比原版好……买过一件代工场的胸衣，运动起来感觉不到震动原版的我也买了，一震一震很明显,0
2024/6/1 1:46,错了，实际上好多大牌就卖一个牌子而已,0
2024/6/1 1:47,没钱就不买 何必买假呢,0
2024/6/1 1:48,平替还是差点吧,0
2024/6/1 1:48,手里有有 40 多件 lulu，也买了很多所谓的平替对比。我只能说正品就是正品正品蹲国外奥莱的 4-5 折还是很香的,0
2024/6/1 1:49,穿了几次lulu去上普拉提，结果起球飞起，质量差的一批，真的仁者见仁，智者见智,1
2024/6/1 1:51,没啥区别,0
2024/6/1 1:51,代工厂质量好品控好价格低，当然选代工厂；正品质量好品控好设计好，当然选正品。说白了，物美价廉自然得人心，买贵买便宜还是得看买的是什么。,0
2024/6/1 1:51,你自己看看你说的矛盾不？先说面料可以做到一模一样，后面又说舒适度一穿就知道，请问都面料一样了，舒适度怎么出来的区别？,1
2024/6/1 1:51,同好奇,0
2024/6/1 1:51,不知道啊,0
2024/6/1 1:52,好吧，那感觉好亏啊,0
2024/6/1 1:52,细节可能会有差，但穿起来应该区别不大,0
2024/6/1 1:53,销售的话还是少听一点吧，你知道国内现在仿制品有多夸张吗，只要肯砸钱，能做的比正品质量还好,1
2024/6/1 1:54,应该是,0
2024/6/1 1:55,@TOMMY无姓之人,1
2024/6/1 1:55,这不是一抓一个准，真代工厂哪敢赚这钱，好好代工，赚的也不少了,0
2024/6/1 1:56,挺好,0
2024/6/1 2:04,不太一样，但确实区别不太大但价格确实巨大的差距,0
2024/6/1 2:05,真搞不懂这个牌子为啥国内卖这么贵，国外大概便宜1/4,0
2024/6/1 2:10,迪卡侬的设计师应该就是lulu出来的吧，好多款式都差不多,0
2024/6/1 2:10,lulu在国外很廉价,1
2024/6/1 2:12,本来就是一件破衣服，又不是带着科技密码,1
2024/6/1 2:12,但是做工很差啊，线头那里起球的程度这玩意说仿不起我真的笑了好吧！,1
2024/6/1 2:15,店铺名字告诉我一下,0
2024/6/1 2:15,说实话要是真能完完全全一样，工厂为什么不卖原价,0
2024/6/1 2:17,不知道，买了几十件lulu，穿的舒服，版型也好，尺码也有，颜色又多又美，,0
2024/6/1 2:19,不知道以为Lululemon造光刻机的,1
2024/6/1 2:19,高仿的用这个线就不赚钱的话，lulu就能赚钱了？何况正品的成本肯定远远低于定价，品牌占大头。这和线有毛关系？线毛线的线。,1
2024/6/1 2:19,我一开始就觉得这是工厂路线 有logo其他都是空白 就像面包店只卖面包不做运营 人家那是做工厂的,0
2024/6/1 2:22,50要啥自行车,1
2024/6/1 2:26,为什么高级成衣巴黎米兰才是风向标，而美国不是呢？,0
2024/6/1 2:31,难道不是吗哈哈哈，不信的找我，不一样白送啊！,1
2024/6/1 2:32,说“代工厂”货品和正版差不多的那些人，应该没穿过几件正版吧。少点自欺欺人。你可以说它溢价太高，但是说什么和几十块的差不多，不过是吃不到葡萄说葡萄酸。,1
2024/6/1 2:33,我永远相信隔行如隔山。我也做实体的，但是做的工程设备，外行永远不知道利润多少，尤其是服装，洗涤美妆。一个面料有多高科技，还能比上光刻机了？,0
2024/6/1 2:37,莆田系,1
2024/6/1 2:46,@醉帻,0
2024/6/1 2:50,emmm这么说吧，我是能花5块9不会花6块的人，目前为止我和我们抠逼朋友们都还没找到lulu瑜伽裤的平替，所以至今仍在lulu门店买瑜伽裤,0
2024/6/1 2:52,评论里的LuLu粉说的是真的吗？我穿它们的，也没做觉得很好很舒服很高级的感觉吧。而且之前在店里试穿过好几款面料有的也硬也紧绷，没裸感呀。,0
2024/6/1 2:55,16年的时候，我一直把它划在和斐乐一个段位，基本上也就三四百的段位，不知道从什么时候起，它和斐乐都一样涨疯了,0
2024/6/1 2:57,280成本费中已经算最高了吧,0
2024/6/1 2:57,对 真的lulu会起球 假的不知道,0
2024/6/1 3:23,线是穿着能体现出来的？是A部位？对穿着效果没有影响的东西就不要拿出来说事了。Sgs验货员抽验都不会现剪一段线再发他们的实验室做个测试吧？,1
2024/6/1 3:25,本身lululemon的衣服几百1k多，没必要买假的，而且穿上质感肯定没法跟真的比，一般有运动需求或者休闲穿才会买，运动的时候就得穿的舒服，材质肯定有差别,0
2024/6/1 3:27,你如果做过服装就知道验货员都没拆线再拿去做测试的。线这东西没人过度关注的。,0
2024/6/1 3:28,所以有没有lulu的平替品牌,0
2024/6/1 3:48,真的假不了，假的真不了，从07年那会高仿法鳄号称100%一样，人家cn-kix论坛还不是照样开鉴定服务？假的就是假的,1
2024/6/1 3:48,几百件lulu的人表示 绝对不一样  前几年一个大火的色  一开始我不喜欢没买 后来想买了却断货 我就在某宝随便买了件所谓平替  绝对不一样 跟家里同款式不同颜色的瑜伽裤质感和细节差很远.,0
2024/6/1 3:51,搞笑，轻工业还有机密可言,0
2024/6/1 4:03,真是毫无契约精神,1
2024/6/1 4:05,上个月在巴黎才入的lulu但有一说一，它家裤子真不咋地，不知道有没有同感的姐妹？,0
2024/6/1 4:13,笑死我了工厂纺不出来？它从哪里生产的？,1
2024/6/1 4:28,说仿不出来是智商全用来交税了，lulu 这种纯粹营销产品， 仿品二三百不好卖，仿到 50 块就只能用差一点都面料了，财经节目有报道过 lulu 财报，超高利润率，然后营销是大头。,1
2024/6/1 4:38,我一直买的lorna jane，也几百一件，挺好穿的，迪卡侬那些和这个真不能比，不要说其他牌子了。人家贵有贵的道理，买了4年了，海绵和材质都没变形，和新的一样。,0
2024/6/1 4:39,到底是谁把这个牌子的价格弄成这么离大谱的 ??,1
2024/6/1 5:16,一条裤子 不是从工厂生产的难道是从石头里蹦出来的？能生产就会有平替 不止这里 哪里都一样 什么专利面料走线都是扯淡 只要有人想做 就没有不可能 还什么舒适度不一样 那是你钱没到位,1
2024/6/1 5:17,这显得在国外买正品的我很蠢,1
2024/6/1 5:39,那叫盗版，什么平替，盗版商偷换概念,1
2024/6/1 5:40,lulu永远没有平替,0
2024/6/1 5:43,是的不可能一样。我穿过基础款的t恤专柜买的，和在瑜伽馆里入会员她们送我一件说是平替。感觉不一样的。,0
2024/6/1 5:44,是什么东西,1
2024/6/1 5:47,就是个品牌的运动服，确实卖的贵了。不符合普遍大众购买力。然而你说它是奢侈品？我也呵呵了。,0
2024/6/1 5:51,回复@YS原色:你真的搞清楚了在讨论lulu的什么吗？,1
2024/6/1 5:59,感觉说线定制也是品牌营销手段吧，总得显得与众不同，才好上档次。面料流水线生产，调好了按步骤，一出一堆。线也能一出一堆啊，何况由线成布，线比布好做，能难到哪里去。,0
2024/6/1 6:10,其实有区别 舒适感和针线有区别,0
2024/6/1 6:10,正版确实舒服，面料细节很有质感，但是仿版也真的很有性价比，这玩意就看自己需要，我就是买来瑜伽课穿，200多挺够用,0
2024/6/1 6:26,高科技电子产品都能仿制 这种衣服 最简单的东西还能仿制不出来？ 又不是珍贵面料 它是贵在面料上吗 贵在牌子上罢了,1
2024/6/1 6:33,这让我想起国内高奢包包仿品在国外都鉴定不出真假这事了,0
2024/6/1 6:37,消费能力和受众群里不一样,0
2024/6/1 6:38,真要仿一定能仿，a货a+货，aa+货，高仿也是有品质区别的,0
2024/6/1 6:45,我需要一个这样的平替，有推荐吗？,0
2024/6/1 6:46,不是，市场这不是这么定义的吧，买50和280的客户也不会买1k的裤子，不买这个也会买其他类型280的裤子,0
2024/6/1 6:49,假货都买热搜了吗,1
2024/6/1 6:59,不知道啊没穿过,0
2024/6/1 7:00,求个链接,0
2024/6/1 7:01,这事拿出来讲，很光荣么,1
2024/6/1 7:04,店里买的正品档烂了，唯一一条穿破的裤子,0
2024/6/1 7:06,嚯，豌豆公主来了,0
2024/6/1 7:08,一分价钱一分货，十分价钱一分货。,0
2024/6/1 7:10,别想割俺们中国人的韭菜了！,1
2024/6/1 7:11,我是Lululemon的忠实用户 但我也不得不说代工厂完全可以做到 也许还可以更好 （比如正品bra 里面的垫子居然会掉 无语）只是仿制可能不大卖给国内 很多卖到欧洲 摆地摊 欧洲人可喜欢了 每个人根据自己需要购买就行了,0
2024/6/1 7:13,啊，对对对,0
2024/6/1 7:13,舒适度是不一样，但价钱太离谱了,0
2024/6/1 7:14,很大很天真的小仙女？,1
2024/6/1 7:17,太棒了，告诉我店铺名,0
2024/6/1 7:18,把造假、山寨、盗版说得这么清新脱俗呢。,1
2024/6/1 7:20,快别搞笑了，爱马仕都给你仿的真假难辨，一件千把块的衣服罢了,1
2024/6/1 7:20,买过正品也买过平替，正品版型质感稍微好那么一丢丢，但绝没好到差价10倍8倍的程度,0
2024/6/1 7:22,我客户买样衣回来让我 1 比1 复刻，打出版型一模一样的。,0
2024/6/1 7:22,可是正品真的很好穿呀,0
2024/6/1 7:23,评论区拿爱马仕顶级奢侈品比是认真的吗？,0
2024/6/1 7:26,本身没啥高科技，又卖那么贵，使劲薅消费者羊毛的下场！平替没有错,1
2024/6/1 7:27,版型确实好 但是质量差的要命,0
2024/6/1 7:31,号称平替能以假乱真三大品牌：Lululemon，maxmara，之禾。不过要仿之禾是真有点难度的，面料太好了，我有件羽绒服在上海，一般干洗店不敢接说怕洗坏了。我也有PL和BC的羊绒大衣，之禾完胜，这才叫真正的国货之光。,0
2024/6/1 7:31,链接快发给我,1
2024/6/1 7:32,但真假一穿上身，缝制技术、舒适感还是一下子就比较出来了。,0
2024/6/1 7:33,思思做为热爱运动的瑜伽人，健身穿搭当然少不了拥有一条超舒适的lululemon瑜伽裤喽,0
2024/6/1 7:34,以假乱真这词用的好,0
2024/6/1 7:42,一分钱一分货还是 只能说本身价值没有1000，但是肯定和假的不一样,0
2024/6/1 7:42,县城贵妇就得买正品,1
2024/6/1 7:42,正品自然有其独到之处 但溢价也高 不过瑜伽服这种东西吧 怎么看也算是消耗品 从这个角度看 定价过高不利于品牌长远的发展 因为商人逐利 仿品只会做的越来越多 越来越精致 这就是人性,0
2024/6/1 7:43,可拉倒吧，中国给世界代工了那么多年，你拿个样到常熟转一下，什么样的造不出来。,1
2024/6/1 7:44,身边几个买过lulu 的健身 瑜伽女孩儿都说lulu 无平替，确实是最好穿的，不过性价比一定是没那些平替高的。但是做山寨就做山寨，硬说自己是代工厂，说自己跟正版一模一样，懂得都懂。,1
2024/6/1 7:46,在哪里买？,0
2024/6/1 7:46,我三岁的女儿穿过CK的内裤以后再也不穿别的牌子了，她说那个穿着舒服，有人肯为贵的东西买单肯定不是因为他们是冤大头。,0
2024/6/1 7:48,代工厂仿不出来了？这话我怎么理解呀？只要正品从代工厂出来，那仿品为啥出不来？我不懂怕被喷，谁能解惑！,0
2024/6/1 7:48,笑死了，你对我们国家纺织服装行业没有任何认知，地表最强，没有做不了的,1
2024/6/1 7:49,这话听着和那个买两个苹果取卡针的人一样,1
2024/6/1 7:50,。。。。。毫无科技含量，看你吹的，几十块钱的货,1
2024/6/1 7:51,lu粉：他有专利～,0
2024/6/1 7:54,学坏了,1
2024/6/1 7:57,假的就是假的 怎能以假乱真呢,0
2024/6/1 7:58,lululemon好是好 就是太贵了点,0
2024/6/1 7:59,点赞支持,0
2024/6/1 7:59,谢谢分享,0
2024/6/1 7:59,不错不错,0
2024/6/1 8:00,现在这些国外连锁服装品牌基本没有中国生产的了……,0
2024/6/1 8:00,@she_love_tears,0
2024/6/1 8:01,以前耐克也是这样说的,0
2024/6/1 8:03,在我国没什么东西是仿不出来的,0
2024/6/1 8:04,虚高不就是割韭菜，便宜实惠才造福大众,1
2024/6/1 8:05,有这智慧不搞研发创新 除了抄袭就是仿制 还在这沾沾自喜呢,1
2024/6/1 8:05,我不是很有钱我不强求非要专柜，耐克一双上千块，换了个季就半价出售总之就是有点被耍的感觉,0
2024/6/1 8:07,回复@小媛的喵:v我50看看实力,1
2024/6/1 8:08,这跟我直播话术怎么这么像呢？订制线啥的……其实衣服区别只在于设计师傅手艺和品控。面料区别不太大，除非一些特殊场合需要的。,0
2024/6/1 8:08,国宝帮发言……**是**的，现在根本就做不出来,1
2024/6/1 8:09,我买过一次，真是质量超级好，反正我觉得穿上感觉和正版没差别。后来那家店就找不到了。我买过正版。,0
2024/6/1 8:10,一个鸡毛破瑜伽裤有啥舒适度完全不同，纯属消费主义的炒作,1
2024/6/1 8:11,感谢好友分享,0
2024/6/1 8:12,喜爱这个牌子的心情可以理解，但没必要把lulu吹成神，千儿八百的东西有啥仿不出来的，这里是中国,1
2024/6/1 8:12,我买的喇叭裤起球，我看??上类似的不少,0
2024/6/1 8:12,人家品牌卖的就是面料和剪裁，低价做不出那个面料，一模就知道，况且现在商场里逛逛哪个牌子不要小一千了，那我还不如花这个钱买质量好的东西,0
2024/6/1 8:12,"Sometimes,God does not give you what you want it is not because you do not deserve it but for the better.有时候，上天没有给你想要的，不是因为你不配，而是你值得更好的。",0
2024/6/1 8:12,穿盗版是什么值得高兴的事情吗？,1
2024/6/1 8:12,不是能不能，而是做不做的问题。你是台蛙吧？//@夫弈棋者:他有一款面料只有台湾才能生产//@一条鱼柒:很正常 本身就不是啥高科技产品，可替代性太高,1
2024/6/1 8:13,有没有朋友知道羽绒服洗完有水印怎么去除,0
2024/6/1 8:13,善念养善心，善心生善念。德不积不厚，善不行不成。人往高处走，善在心中留。至宝不常现，至善不常有。行莫于恭敬，善莫于用心。由善入恶易，由恶入善难。心中不可少善，行事不可无善。  ,0
2024/6/1 8:13,这个会不会跟新百伦一样啊 我记得刚开始的时候新百伦还蛮好的 现在假货太多了搞的真的也不买了,0
2024/6/1 8:13,人人存善念，并能日行一善，则个人、家庭、社会一定安乐祥和。这世上，有时笑笑人家，有时给别人笑笑自己，放轻松，给自己快乐，也给别人快乐。同学丢一张纸屑—那是制造恶业；我们捡起一张纸屑—这是累积善业。  ,0
2024/6/1 8:13,Today you do things people will not do，tomorrow you will do things people can not do.你今天做别人不愿做的事，明天就能做别人做不到的事。,0
2024/6/1 8:14,继续跑，带着赤子的骄傲，生命的闪耀不坚持到底怎能看到？,0
2024/6/1 8:15,嘿嘿 完全看不出来,0
2024/6/1 8:15,“这世界上有很多东西，细小而琐碎，却在你不经意的地方，支撑你度过很多道坎。,0
2024/6/1 8:16,日子过的是心情，生活过的是质量，哪怕生活不宠你，你也要懂得善待自己。,0
2024/6/1 8:16,努力不是为了感动谁，也不是要给谁看，而是让自己拥有随时都可以选择的权利。,0
2024/6/1 8:16,书生官家不可为恶，因其为世间之公道良心，若其善心不存，则无道矣。,0
2024/6/1 8:17,"Freedom is to do what you like, but happiness is like you do. ————自由是做你自己喜欢的事，而幸福却是喜欢你自己做的事。 ",0
2024/6/1 8:17,"谁让lulu卖的这么贵啊,奢侈品大牌亦是如此，更何况lulu呢，来中国市场就要接受这一切的准备",1
2024/6/1 8:18,??掉落深井，我大声呼喊，等待救援……天黑了，黯然低头，才发现水面满是闪烁的星光。我总是在最深的绝望里，遇见最美丽的惊喜。--几米,0
2024/6/1 8:18,这就是很多人号称能喝出可口可乐和百事可乐的明显区别，然后被啪啪打脸。,1
2024/6/1 8:18,节日快乐师傅,0
2024/6/1 8:18,??不想输所以一定要用尽全力奔跑 在想要成为自己仰望之人的路上 偶尔也会感受到自身渺小 偶尔也会觉得压力大到喘不过气 庆幸的是偶尔也会试着跟自己和解当感到焦虑时为自己调解情绪。,0
2024/6/1 8:18,那真是你没找到好货,0
2024/6/1 8:18,言近而指远者，善言也;守约而施博者，善道也。――《孟子》,0
2024/6/1 8:18,事情往往就是这样，生命变得越来越灰暗，直到我们以为所有的光都离我们而去。然而光还在，一直都在。只要我们把门打开一条缝，光就会涌进来。《漫长的中场休息》善良是一种修养，善待他人就是善待自己，要想得到别人的爱，首先要学会爱别人，一个善良的人一定是温暖的人，乐于助人的人，懂得珍惜和感恩,0
2024/6/1 8:18,大学之道，在明明德，在亲民，在止于至善。,0
2024/6/1 8:18,在繁华中自律，在落魄中自愈，谋生的路上，不抛弃良知，谋爱的路上，不丢失尊严。,0
2024/6/1 8:18,人生有三得：即沉得住气，弯得下腰，抬得起头。——易中天,0
2024/6/1 8:18,善良的心肠比美丽的外衣更加重要，纯洁的灵魂比成套的高级家具更加可贵，勤劳的双手比金钱和地位更有价值。,0
2024/6/1 8:18,行善如春园之草，不见其长，日有所增;行恶如磨刀之石，不见其消，日有所损。――清金兰生《格言联璧》,0
2024/6/1 8:19,人生十字路口是一道选择题，成长的道路上我们感动过感慨过。然而零零乱乱的生活终究还是要用遗憾来填补，可是我们别无选择依然抱着希望的生活着，对于生活而言每个人都有每个人的方式，只是我们不能再妄想会回到从前，从头再来。,0
2024/6/1 8:20,生活不是用来妥协的，你退缩得越多，能让你喘息的空间就越有限。日子不是用来将就的，你表现得越卑微，一些幸福的东西就会离你越远。,0
2024/6/1 8:20,梅梅早安六一快乐,0
2024/6/1 8:20,你所清楚预见的、热切渴望的、真诚追求的、全心争取的，都会自然而然地实现。,0
2024/6/1 8:20,家里面的女儿有这牌子正品瑜伽服 很不错,0
2024/6/1 8:20,你真是啥都不懂,1
2024/6/1 8:21,学会忍耐，往往比强势更可贵。路过的人，沿途的风景，不同的感受，无与伦比的心情，只有自己最清楚。痛过，笑过，伤过，无奈，释然，终化为生命中走过的一段痕迹，或深，或浅，总之都已过，未来还在待续，我们还在成长。 ,0
2024/6/1 8:21,这玩意正品和好代工没区别，代工有点像莆田鞋有时候比正品质量还好了,0
2024/6/1 8:21,偶尔一些很努力也不被重视，很辛苦却得不到回答的时刻也不要轻易放弃哦，保重身体，加倍去努力，你用心爱着生活，时间会知道的。,0
2024/6/1 8:21,要得到你想要的某样东西，最好的办法是让你自己配得上它。@曹国伟,0
2024/6/1 8:21,不不不 面料也仿不出来 我们仿好几年了还是差点儿哈哈哈 加工简单,0
2024/6/1 8:22,上链接,1
2024/6/1 8:22,好的东西都值得花时间，所有无论你现在多辛苦也别放弃，想想已经坚持了多久才到这里。 ,0
2024/6/1 8:22,人生的遗憾太多了，我们只有小心翼翼地收下，在未来的日子里不断地弥补。,0
2024/6/1 8:22,我们就是作lulu的工厂，面料都是统一供应商，缝制可以代替，他们的要求基本都会,0
2024/6/1 8:22,善良是一种美德，善良是一种远见，善良是一种自信，善良是一种精神力量，善良是一种以逸待劳的沉稳，善良是一种文化，善良一种乐观。  ,0
2024/6/1 8:22,有时候我也挑灯独立，爱和夜守住沉默，听风声狂啸于屋外，怀想一些远行的人。——艾青 ,0
2024/6/1 8:22,六一快乐！,0
2024/6/1 8:23,在繁华中自律，在落魄中自愈，谋生的路上，不抛弃良知，谋爱的路上，不丢失尊严。,0
2024/6/1 8:23,大品牌的设计裁剪真的不一样！不是这些小工厂能仿出来的。,0
2024/6/1 8:23,确实很贵露露,0
2024/6/1 8:24,早安，瑞瑞！六一快乐,0
2024/6/1 8:24,有些事放开就好，看开就好，不必计较太多，心宽就是对自己最好的礼物。,0
2024/6/1 8:24,一定要极尽自己力所能及之事，帮助那些比你苦的人感受这世上的阳光和美丽。这样的善良常常是播种，不意间，就会开出最美丽的人性之花来。,0
2024/6/1 8:24,你呀 总是看到自己身上的小小瑕疵 然后失落 然后自卑 可你别忘了 你也闪闪发光 也温柔 也可爱 也在努力并一定会成为更好的人 所以请放宽心 你一定会一步步靠近更喜欢的自己。,0
2024/6/1 8:24,不管见识高低，一个人深度整理和收拾自己的内心，这件事本身就很迷人。——黎戈 ,0
2024/6/1 8:24,一件衣服还整出来舒适度了,0
2024/6/1 8:24,如果在人生路上，把所有必需品都塞进背包，就会在不知不觉中，同时装进很多垃圾。——松浦弥太郎 ,0
2024/6/1 8:24,徒弟，六一快乐,0
2024/6/1 8:24,"Life is like a dandelion floating in the wind - it seems free and unrestrained, but is actually without the ability to act of its own will. 生活就像随风飘散的蒲公英，看似自由，却身不由己。 ",0
2024/6/1 8:24,本来就是个装逼品牌,1
2024/6/1 8:25,都是一条生产线出来的，你能看出来？参考耐克的莆田工厂，以前就是人家正版工厂，现在不用了，被个人买了，一条生产线，你能穿出如此多区别,0
2024/6/1 8:25,六一，快乐小鸟,0
2024/6/1 8:25,一尘不染不是不再有尘埃，而是尘埃让它飞扬，我自做我的阳光。—— 林清玄 ,0
2024/6/1 8:25,心存善念，阳光就会照耀你； 心存美丽，温暖就会围绕你； 心存大爱，崇高就会追随你； 心存他人，真情就会回报你； 心存感恩，贵人就会青睐你。 人生有两种境界， 一种痛而不言，一种笑而不语。 每种创伤都是一种成熟， 它使人思索，使人坚强，使人更懂珍惜 。,0
2024/6/1 8:25,一切都明明白白，但我们仍匆匆错过，因为你相信命运，因为我怀疑生活。——顾城《错过》 ,0
2024/6/1 8:25,We've never forgotten about the truth．We are just becoming skillful liars．我们从没有忘记真相，只是我们越来越会说谎. 。,0
2024/6/1 8:25,在困难下徘徊，困难永远是绝壁，遇到绝壁努力越过，于是绝壁就变成了桥。,0
2024/6/1 8:25,人生有三得：即沉得住气，弯得下腰，抬得起头。——易中天 ,0
2024/6/1 8:25,??不想输所以一定要用尽全力奔跑 在想要成为自己仰望之人的路上 偶尔也会感受到自身渺小 偶尔也会觉得压力大到喘不过气 庆幸的是偶尔也会试着跟自己和解当感到焦虑时为自己调解情绪。,0
2024/6/1 8:25,??不管世界对你怎样，你都应该一如既往地自信、勇敢、温柔且坚定，没人可以把你变的更好，时间和经历都是陪衬，支撑你变得越来越好的是你自己。,0
2024/6/1 8:25,佳作,0
2024/6/1 8:25,沿着这条路一直朝前走，在不远的地方就会有一个路口，你可以向左转，也可以朝前走，但你不能停留。--《达摩流浪者》,0
2024/6/1 8:25,一个人只要努力去做他能够做的事，他的能力就能达到惊人的地步，如果你在压力之下，应该做到不顾困难，利用这种压力去使你做得更好。,0
2024/6/1 8:25,努力不是为了感动谁，也不是要给谁看，而是让自己拥有随时都可以选择的权利。,0
2024/6/1 8:26,你把人笑死了,1
2024/6/1 8:26,心存善良的人，他（她）的言语，他（她）的举动会像绵绵春雨般润物细无声，会像柔柔的春风般温暖人的心灵，他们会带给人们一个让人感觉享受的水墨丹青的世界，当我们走进他们构筑的天地，我们一定会发现那里美丽，清朗，无染。,0
2024/6/1 8:26,善良，一个很普遍的词，经常被人称道，因为我们面对善良可以不设防，袒露胸襟即使鲁莽，也能得到理解，直率无忌即使过头，也能得到原谅。与善良对话不需要拐弯抹角闪烁其辞，与善良共事不需要多个心眼反留一手。,0
2024/6/1 8:26,平庸还是出众，都来自于我们自己的选择。想要舒适安逸，我们总会有无数理由说服自己安于现状；想要变得更好，我们同样也会想出无数办法应对暂时的困难。最关键的，是你愿不愿意做出改变。,0
2024/6/1 8:26,相信梦想是价值的源泉，相信眼光决定未来的一切，相信成功的信念比成功本身更重要，相信人生有挫折没有失败，相信生命的质量来自决不妥协的信念。 ,0
2024/6/1 8:26,不同的年龄，不同的取舍，不同的岁月，不同的生活，过好每个年龄段的自己。 ,0
2024/6/1 8:26,善良的心肠比美丽的外衣更加重要，纯洁的灵魂比成套的高级家具更加可贵，勤劳的双手比金钱和地位更有价值。,0
2024/6/1 8:26,怀着美好的希望，勇敢的走着，跌倒了再爬起，失败了就再努力，永远相信明天会更好，永远相信不管自己再平凡，都会拥有属于自己的幸福，这才是平凡人生中最灿烂的风景。 ,0
2024/6/1 8:26,在最平凡的生活里，谦卑和努力。总有一天，你会站在最亮的地方，活成自己曾经渴望的模样。,0
2024/6/1 8:26,坚忍是成功的一大要素，只要在门上敲得够久，够大声，终会把人唤醒的。,0
2024/6/1 8:26,不是什么高科技，再怎么定制也就那么回事，顶多就是定制市面上不常规的规格，小批量生产就要提高正本，外人也懒得仿制，因为专门去做一下这个奇怪的规格比较不划算，所以就懒得做了，除非能赚钱，这个牌子火了之后有利可图，仿品马上蹭蹭蹭的出现了，有钱赚厂家就不嫌麻烦，专门挪出个生产线来都可以,0
2024/6/1 8:26,早上好。,0
2024/6/1 8:27,人一定要有五样东西：扬在脸上的自信、长在心底的善良、融进血里的骨气、两侧外泄的霸气、刻进命里的坚强!,0
2024/6/1 8:27,早上好周六快乐天天开心,0
2024/6/1 8:27,值得拥有,0
2024/6/1 8:27,为你点赞支持,0
2024/6/1 8:27,??你送出去的每一颗糖都去了她该去的地方，其实地球是圆的，你做的好事最终会回到你身上。,0
2024/6/1 8:27,是的，有点,0
2024/6/1 8:27,是的,0
2024/6/1 8:27,生活不是用来妥协的，你退缩得越多，能让你喘息的空间就越有限。日子不是用来将就的，你表现得越卑微，一些幸福的东西就会离你越远。,0
2024/6/1 8:28,六一节日快乐,0
2024/6/1 8:29,我们要学会珍惜我们生活的每一天，因为，这每一天的开始，都将是我们余下生命之中的第一天。除非我们即将死去。--《美国美人》,0
2024/6/1 8:29,绗缝线？航母拦截索都找到国内代工商了，你这个还真不是啥事儿。再说了，这个线的意义很重要吗，你难道比航母还矫情。,1
2024/6/1 8:29,在人生的道路上，谁都会和挫折，就看你能不能战胜它。战胜了，你就是，就是生活的强者。,0
2024/6/1 8:29,不埋怨谁，不嘲笑谁，也不羡慕谁。在阳光下灿烂，在风雨中奔跑，做自己的梦，走自己的路。,0
2024/6/1 8:30,??掉落深井，我大声呼喊，等待救援……天黑了，黯然低头，才发现水面满是闪烁的星光。我总是在最深的绝望里，遇见最美丽的惊喜。--几米,0
2024/6/1 8:30,说来说去，它就是一条瑜伽裤。,0
2024/6/1 8:30,也许仿的质量更好 毕竟纺织业这块 我觉得中国比附近的几个国家做的都好. Lulu的衣服不是褪色就是洗洗居然有个洞洞～～（知道环保用的植物染料容易褪色 洞洞就不理解了…大概洗了三四次就有了,0
2024/6/1 8:30,穿出错觉了？这是什么高端精密的东西啊，还不能仿,1
2024/6/1 8:31,服装能有啥高科技，低价怎么了。,1
2024/6/1 8:32,假的穿起来就知道不一样了，买过yici，从此再也不买了，回归正道,0
2024/6/1 8:32,转发微博,0
2024/6/1 8:32,所有的努力都不会完全白费，你付出多少时间和精力，都是在对未来的积累。世界上什么都不公平，唯独时间最公平，你是懒惰还是努力，时间都会给出结果。@曹国伟,0
2024/6/1 8:32,谢分享,0
2024/6/1 8:32,早,0
2024/6/1 8:33,生活，需要一点阳光，生命，需要一些勇敢，纠结过去，担心未来，都不如抓住当下，过去是梦，未来是影，现在才是真真切切的人生。,0
2024/6/1 8:33,贵出天际,1
2024/6/1 8:33,回复@总是要看到脚的:但凡做服装的，看到“绗缝线是订制”几个字，谁不得笑晕,0
2024/6/1 8:35,真诚待人，即使秋叶飘落、鲜花凋零，也不会感到孤独；真诚待人，就算岁月流逝，物是人非，也总有一颗爱心依旧守侯；真诚待人，让草木重生，让春天永驻；真诚待人，让时光倒转，让天地动容!,0
2024/6/1 8:35,你的评论我喜欢，你的私信记得关哈哈哈哈哈,0
2024/6/1 8:35,买过所谓代工厂和平替，面料和版型真心不一样,0
2024/6/1 8:36,心有雷霆面若静湖，这是生命的厚度，是沧桑堆积起来的。——麦家《人生海海》 ,0
2024/6/1 8:36,不要忘记每一份善良，每一份爱心，它们会在我们的生命中永远闪耀。@曹国伟,0
2024/6/1 8:37,早安,0
2024/6/1 8:37,早安，66！六一愉快,0
2024/6/1 8:37,280，我也觉得贵了。,0
2024/6/1 8:37,生活需要烟火，也需要静静的美好，不用刻意的去迎合，有趣的人会相互迎合。,0
2024/6/1 8:37,说实话，我们真无所谓。,0
2024/6/1 8:37,六一快乐,0
2024/6/1 8:38,世上只有一种英雄主义，就是在认清生活真相之后依然热爱生活@曹国伟,0
2024/6/1 8:38,待人最需要的是真诚，这是一个最平凡、最普通的道理,0
2024/6/1 8:38,世界上有两件东西能震撼人们的心灵：一件是我们心中崇高的道德标准；另一件是我们头顶上灿烂的星空。——康德,0
2024/6/1 8:39,善有善报，恶有恶报。日行一善累积成大福德。行善不在于大小，哪怕是施舍一分钱，心存善念是最重要的，每天注意自己的身、口、意的行为，你的人生将是一个幸福美满的人生。,0
2024/6/1 8:39,这玩意不是啥高精尖，只不过看仿品愿意投入多少，投的多完美复刻，投的少70-80%复刻，价格都差好几倍，至于什么体感，缝线，真的不是啥，复刻不难，信商家宣传的那套，神话品牌，大可不必，和A货盲选一堆人分辨不出来,0
2024/6/1 8:39,品牌都是自己一步步努力做起来的，品牌本身就是有价值的。现在新入场的品牌只能以性价比入手开阔市场，等发展起来，再树立自己的品牌。,0
2024/6/1 8:39,儿童节快乐,0
2024/6/1 8:39,你猜他们是在哪订做，是的！代工厂??又没什么技术含量??,1
2024/6/1 8:39,待人最需要的是真诚，这是一个最平凡、最普通的道理,0
2024/6/1 8:40,买过平替对比过，不完全一样但是体感没区别 关键一个八十一个五六百 性价比在那搁着呢,0
2024/6/1 8:40,反正从来没看到他家有过什么实质性的折扣，给人以一种很高傲的感觉。所以我选择平替人家又没贴你的标，怎么就山寨了？你家又不是什么高科技产品，卖那么贵还从来不打折,1
2024/6/1 8:40,每一个不曾起舞的日子，都是对生命的辜负。——尼采,0
2024/6/1 8:41,买过平替 面料和标还是有区别,0
2024/6/1 8:41,非常好，我买了真香,0
2024/6/1 8:41,以团结互助为荣、以损人利己为耻。以诚实守信为荣、以见利忘义为耻。以遵纪守法为荣、以违法乱纪为耻。以艰苦奋斗为荣、以骄奢淫逸为耻。,0
2024/6/1 8:42,善行缘于善心，有着善的心灵，就如同一股清泉，永不枯竭，清纯甘甜，发自内心的善，才会有善行善举，唯善之心处处欢声笑语，处处和气生财。,0
2024/6/1 8:43,你开心就好哈,0
2024/6/1 8:43,日子过的是心情，生活过的是质量，哪怕生活不宠你，你也要懂得善待自己。,0
2024/6/1 8:43,lulu的东西本来就卖个牌子 东西又不值那个价,1
2024/6/1 8:45,六一快乐,0
2024/6/1 8:46,生活，需要一点阳光，生命，需要一些勇敢，纠结过去，担心未来，都不如抓住当下，过去是梦，未来是影，现在才是真真切切的人生。,0
2024/6/1 8:47,又坐井观天了。服饰这一块中国很难搞不定，只有想不想搞的问题。本身就是溢价严重的东西，普通老百姓别把品牌那几个字母当真。除非是资本阶层圈的人，需要品牌去充门面，否则根本不需要搞这些。,0
2024/6/1 8:48,可以的,0
2024/6/1 8:49,让我们做一个简单而善良的人，许时光一份静好，在是非恩怨、百味人情中，守住一颗宁静的心，轻挽一袭流年的温暖色彩，在风起、雨落的季节里静待花开。 ,0
2024/6/1 8:49,不要把这些品牌想的多高大上，我们公司就是给大牌做代加工，没见材料有多高级，说多高科技，只是一个卖点而已，只是要求做工稍微严格一点而已,0
2024/6/1 8:49,六一快乐,0
2024/6/1 8:49,24年还有人在买tesla其他的有人买什么都不会奇怪,0
2024/6/1 8:49,产品都一样，只是品牌溢价高,0
2024/6/1 8:50,六一快乐,0
2024/6/1 8:50,早安,0
2024/6/1 8:51,梅梅早上好六一快乐哈(*^。^*),0
2024/6/1 8:51,早上好，六一快乐,0
2024/6/1 8:51,然后材料从中国买,0
2024/6/1 8:52,仿的穿的更舒服,0
2024/6/1 8:52,他不说咱们也知道呀 哈哈,0
2024/6/1 8:53,保时捷的车值那个价吗？,0
2024/6/1 8:53,几条瑜伽裤子而已，很好仿啊，什么几万一捆的面料，爱马仕香奈儿都能仿出来瑜伽裤子仿不出来？,1
2024/6/1 8:53,Lululemon内部员工价仅四折，可见利润之高，质量是没得说，同类产品望尘莫及，只是这价格水分实在太高了，不差钱的无所谓，差钱的还是找平替得了,0
2024/6/1 8:53,服装类溢价太高，不是高定或者技术投入专利的一般都会被平替,0
2024/6/1 8:54,早安,0
2024/6/1 8:55,以国内的制造能力，分分钟给你整个光。。。不好意思走错片场了,1
2024/6/1 8:55,不瞒大家，莆田的鞋子有些做工好的也很好穿,0
2024/6/1 8:55,更看重性价比,0
2024/6/1 8:55,哈哈,0
2024/6/1 8:56,面料买不着一样的，工艺可以一样。,0
2024/6/1 8:56,平替还说得过去，只要不是私下贴牌...,0
2024/6/1 8:57,六一快乐,0
2024/6/1 8:57,衣服和车还是有些区别。当前大环境下，性价比平替的需求太大了。比如看去年双十一的数据，户外冲锋衣里，骆驼，北面，伯希和，始祖鸟。王族始祖鸟的单价高但总额还只能到第四，性价比之王的骆驼和伯希和是首选。数据看现在市场就是头部和脚部可生存，中间阶级的衣服里lulu 确实是独苗了,0
2024/6/1 8:57,只有想不想，没有能不能，谢谢。,0
2024/6/1 8:57,有没有质量好的平替，蹲一波,0
2024/6/1 8:58,一样的，没那么高科技，就在汕头就有,0
2024/6/1 8:58,???????? ??????????????梦想依旧，你好早安！不要辜负自己，你比你所想的更美好~,0
2024/6/1 8:59,被消费主义和绩效主义洗脑了这么多年，民众开始清醒了。返璞归真。,0
2024/6/1 8:59,保持阳光心态，积极面对人生。每个人，都沿着不同的轨道在活着，人生是一趟单程车，我们最应该做的，就是好好善待自己，珍惜今天，期待明天。,0
2024/6/1 8:59,这又是哪里要黑lulu了……别说平替，就连专柜和线上都有区别，还代工厂能一模一样，无语,1
2024/6/1 9:00,有些国人是怎么做到可以堂而皇之的觉得买山寨很骄傲很自豪,1
2024/6/1 9:01,积善多者，虽有一恶，是为过失，未足以亡;积恶多者，虽有一善，是为误中，未足以存。――汉王符《潜夫论》,0
2024/6/1 9:01,@咕咕今天咕了吗-,0
2024/6/1 9:02,无知得搞笑，你怎么漏了它长生不老的功效呢,1
2024/6/1 9:02,本来就不值这个价，有钱人真多,1
2024/6/1 9:03,早上好,0
2024/6/1 9:04,lulu确实溢价高，但说代工厂和正版一样或者差不多的，那是在自欺欺人吧…等哪天lulu家也要跟其他品牌一样定期巨折的时候，那确实就是技术已经被攻破了…,0
2024/6/1 9:04,挺好，透明,0
2024/6/1 9:04,1真正的快乐来自于奉献和关怀他人，让我们的生命变得更加有意义。@曹国伟,0
2024/6/1 9:04,确实很舒适,0
2024/6/1 9:05,现在大家追求的时候性价比，奢侈品逐渐在淡化，我周围人每天背着的都是帆布袋子，穿着国产衣服，没标，没品牌，舒服就好，省钱更好,0
2024/6/1 9:06,你能不能回你的蛙岛再发言？中国台湾这个ip这么上不了台面吗？,1
2024/6/1 9:06,上链接,1
2024/6/1 9:07,生命中，好多的事是这样，生活中，好多的情是这样，没有理由，也无需理由，爱就是爱，喜欢就是喜欢，没有结果，也无须结果，心甘情愿，无怨无悔。@曹国伟,0
2024/6/1 9:07,穿的就是面料,0
2024/6/1 9:08,不管这一天有多难过，记得认真卸妆洗脸冲澡，吹干头发，安安稳稳钻进被窝。,0
2024/6/1 9:08,笑死我也觉得贵,0
2024/6/1 9:09,奢侈品本来就不是啥高科技，包括表。,0
2024/6/1 9:09,做工是真差，,1
2024/6/1 9:09,确实,0
2024/6/1 9:09,阳光励志，向阳而生。无论何时何地，你都可以像阳光一样熠熠生辉，照亮自己的人生道路。@曹国伟,0
2024/6/1 9:09,别垂头丧气哦，显矮,0
2024/6/1 9:10,哈哈哈哈哈哈定制线，买了就是赚了。,0
2024/6/1 9:10,嗯,0
2024/6/1 9:10,没买过这个,0
2024/6/1 9:11,是的,0
2024/6/1 9:11,本来就是高端优衣库吧,0
2024/6/1 9:11,不懂这个，,0
2024/6/1 9:11,生活不是为了赶路，而是为了感受路，一切受意，百事从欢；时间的渡口，我们都是过客，学会用心微笑，用心行走。@曹国伟,0
2024/6/1 9:12,笑死了，轻工业没技术水平的玩意说做不出来，不知道的以为lulu做光刻机航母的,1
2024/6/1 9:12,早上好！六一快乐,0
2024/6/1 9:13,联系始祖鸟，萨洛蒙，这些溢价太高的，代工厂都出来说句话,1
2024/6/1 9:13,平替好 实惠,0
2024/6/1 9:14,我这边有原标原面料复刻，需要斯我,1
2024/6/1 9:14,您可快拉JB倒吧,1
2024/6/1 9:14,自欺欺人得了。仿造的尤其是特别低价仿造的，和正版那是一眼看得出得差别。有些人自以为别人看不出呢。,1
2024/6/1 9:14,你信他是定做的，那些资本家搞这种什么品牌啊定制啊都是噱头，为的就是搞最大的利润。我目前见过的品牌里面真正请专业工匠或有名气的大师，按你的需求设计的。那只有LV,1
2024/6/1 9:14,小看了国内的技术了吧,0
2024/6/1 9:15,回复@大肚皮段子手:hahhahahahah一语中的,0
2024/6/1 9:15,回复@优雅的薯条:我是说那些国外的非国产的,0
2024/6/1 9:16,这个是不是好贵,0
2024/6/1 9:16,有梦才有所追求，有追求才有生活的动力。有梦就去追，努力了，也就无悔无愧。@曹国伟,0
2024/6/1 9:16,世界上最美丽的风景，就是你有一颗自信的心，散发着优美的磁场和魅力，走到哪里，就照亮到哪里，温暖到哪里，正能量、正气正心、正言正行，你不必仰慕别人，你就是最美丽的风景，阳光，善良，向上，走好自己的每一步！,0
2024/6/1 9:18,面料不一样，摸起来不一样，而且Lululemon很多款有的颜色打折，并不贵,0
2024/6/1 9:18,？差不多得了,1
2024/6/1 9:19,梅林早上好六一快乐,0
2024/6/1 9:19,还是比较看重性价比,0
2024/6/1 9:19,回复@LAC-庆舍:也是哦，买啥的都有,0
2024/6/1 9:20,祝所想皆所愿，愿所有的欢乐和喜悦,0
2024/6/1 9:20,我觉得也不好看啊,0
2024/6/1 9:21,到底是谁把这个牌子的价格弄成这么离大谱的,1
2024/6/1 9:21,这个衣服看起来不好看,0
2024/6/1 9:21,买空军，莆田200   真的4-5百差别真的不大！我都买过，普通人真看不出来,1
2024/6/1 9:21,订制线也没用，只要想做，没有我们做不出来的,0
2024/6/1 9:21,很一般的感觉啊，不好,1
2024/6/1 9:21,哈哈哈我觉得。。嗯。。不好看,0
2024/6/1 9:22,lulu确实更好穿质量更好，但也确实贵的离谱了,0
2024/6/1 9:22,努力做一个善良的人，做一个心态阳光的人，做一个积级向上的人，满满元气才能被激发，也能敢染身边的人。心中有暖阳，世界也会因你而温暖。@曹国伟,0
2024/6/1 9:22,扎心了,0
2024/6/1 9:23,有好的平替也可安排,0
2024/6/1 9:23,超级简单的，别信营销话术,1
2024/6/1 9:24,??#阳光信用#  ??#每日一善# 什么是真正的幸福，今天我终于找到了答案，其实很简单：帮助别人就是一种幸福。,0
2024/6/1 9:24,确实国内连圆珠笔珠打火机垫片纳米级芯片都仿不出来…,1
2024/6/1 9:25,天道酬勤，为而不有，善而不居。心尽力，只问耕耘，不问收获。就是成功之前的必备功课。,0
2024/6/1 9:26,这个牌子太火了，几年前的旧款也基本原价卖,0
2024/6/1 9:26,绗缝线就更好仿了，面料还能哄哄人,0
2024/6/1 9:27,鱼鱼，早安！祝六一快乐,0
2024/6/1 9:27,"If the heart has no place to perch on,you will always be a drifter no matter where you are.心若没有栖息的地方，到哪里都是在流浪。",0
2024/6/1 9:27,??曾经我想做更好的自己，现在我想更好的做自己，别担心因绝望而失去的时间，熬过绝望，时间的价值会翻倍。,0
2024/6/1 9:27,那就安排吧,0
2024/6/1 9:28,六一快乐,0
2024/6/1 9:28,早安，meme 六一快乐,0
2024/6/1 9:28,早安，月亮,0
2024/6/1 9:28,有时候我也挑灯独立，爱和夜守住沉默，听风声狂啸于屋外，怀想一些远行的人。——艾青 ,0
2024/6/1 9:29,lulu会把你的好身材展现的淋漓尽致也会把你的烂身材也展现的淋漓尽致就是给身材好的设计的,1
2024/6/1 9:29,难道大家不知道吗，Lululemon卖的本来就是品牌和圈子啊，就像奢侈品包包一样，是瑜伽服中的奢侈品，是身份的象征，Lulu最先就是在富人区流行开来的，料子是舒服的，好穿是好穿的，溢价确实太高，技术上并没有不可替代性，一个品牌走向没落很正常，我也有一些Lulu，之前都不怎么舍得穿，可惜了,0
2024/6/1 9:29,Strong Strong的,0
2024/6/1 9:29,眼睛追逐文字追得累了，便合起书放在膝头，仰起脸，侧耳倾听涛声雨声风声@曹国伟,0
2024/6/1 9:30,穿假货、抄袭他人很值得骄傲？？！！！,1
2024/6/1 9:30,代工厂跟奢品品牌应该是签订了合同的，代工厂是不可以私自生产这个品牌产品的，违规要遭到起诉的,0
2024/6/1 9:30,心理作用比较大，又不是钞票，还定制，定制你也看不到，更和舒适度没关系,1
2024/6/1 9:31,这个裤子我真的是不喜欢,0
2024/6/1 9:32,#涨知识#,0
2024/6/1 9:32,精彩博文,0
2024/6/1 9:32,早上好,0
2024/6/1 9:34,好贵,0
2024/6/1 9:34,这个衣服谁穿都显胖。,1
2024/6/1 9:34,关键是真的很显胖。,1
2024/6/1 9:35,别硬撑了,1
2024/6/1 9:37,一善染心，万劫不朽；百灯旷照，千里通明。心怀善意，必有福报。@曹国伟,0
2024/6/1 9:37,吹牛b,1
2024/6/1 9:37,是整出优越度了,1
2024/6/1 9:38,贵有贵的道理对吧,0
2024/6/1 9:39,博主是真的硬舔,1
2024/6/1 9:39,正品裤子一条850内衣450，跟普通的真的不一样。,0
2024/6/1 9:39,哈哈哈哈//@大肚皮段子手 :不知道以为Lululemon造光刻机的,0
2024/6/1 9:40,真的很舒服,0
2024/6/1 9:40,本来卖的就是品牌,0
2024/6/1 9:40,面料是lulu lemon外购提供过去的估计,0
2024/6/1 9:41,善良的本质，就是要让我们更多的享受到善良带给每个人的快乐，体验生命的美丽。,0
2024/6/1 9:41,这类代工厂可能违反道德和商业规则,0
2024/6/1 9:41,这种偷换真假的行为太无耻了！,1
2024/6/1 9:41,这些大牌其实都是由代工厂加工出来的,0
2024/6/1 9:41,大牌代工之所以广受青睐，是因为品质信誉有保障，每一个细节都把控严谨，给消费者最好的体验,0
2024/6/1 9:41,何不以假乱真，证明实力,0
2024/6/1 9:41,这种代工厂做成的产品真的像真的一样,0
2024/6/1 9:41,有选择性的透露真相，商业保密是正常的,0
2024/6/1 9:41,这家代工厂的质量一定没得说，这下都不能区分真假了。,1
2024/6/1 9:41,假货泛滥，大牌失信。,0
2024/6/1 9:42,真的假的 他们的衣服小？,1
2024/6/1 9:42,我是真不行,0
2024/6/1 9:42,比较凸显身材,0
2024/6/1 9:42,看看lulu怎么做大做强你就知道了,0
2024/6/1 9:43,努力做一个善良的人，做一个心态阳光的人，做一个积级向上的人，满满元气才能被激发，也能敢染身边的人。心中有暖阳，世界也会因你而温暖。,0
2024/6/1 9:44,身材好长得好穿啥都好看,0
2024/6/1 9:45,心有多远，你就能走多远，做一个温暖的人，浅浅笑，轻轻爱。,0
2024/6/1 9:45,生命总是来来往往，千万别等来日方长,0
2024/6/1 9:45,现在面料基本都是指定供应商了，也不是什么高科技的玩意儿，有市场的话，买件正牌，面料厂拆下来一分析成份就给你织了,0
2024/6/1 9:46,相信梦想是价值的源泉，相信眼光决定未来的一切，相信成功的信念比成功本身更重要，相信人生有挫折没有失败，相信生命的质量来自决不妥协的信念。@曹国伟,0
2024/6/1 9:49,日子过的是心情??生活过的是质量，哪怕生活不宠你，你也要懂得善待自己。@曹国伟,0
2024/6/1 9:49,人生没有预演，我们迈出的每一步都应是弥足珍贵。??@曹国伟,0
2024/6/1 9:49,这个裤子穿上不得胖死。,1
2024/6/1 9:50,感觉不太行啊,0
2024/6/1 9:50,最终还是使用,0
2024/6/1 9:50,可以看下身材吗,1
2024/6/1 9:50,很多代工厂早就超越大品牌的用料了，比如我们,0
2024/6/1 9:51,问题来了，请问哪里可以买到呢,0
2024/6/1 9:51,在你店里买了大概有五六件衣服，裤子，睡衣，卫衣啥的都买过，按照平时穿的尺寸买的，不知道为啥，你店里衣服穿上总是太宽大，松松垮垮的,0
2024/6/1 9:51,厂长的内裤理论，我们笔记一下,0
2024/6/1 9:51,替我朋友要一个lululemon平替店铺,0
2024/6/1 9:51,你在看状态，我在看你@曹国伟,0
2024/6/1 9:52,毕竟卖的就是营销,1
2024/6/1 9:52,那平替去哪找呢,0
2024/6/1 9:52,做服装的都知道，跟多越南产啥的，面辅料都是国内生产链运过去的，背后基本上也是国内的贸易公司越南缅甸啥的生产链根本不完善,0
2024/6/1 9:53,厂长，我莆田朋友三家工厂，能合作平替不？他每月好多个柜发北美南美,0
2024/6/1 9:53,目前没买到过平替，试错太多，还不如直接买lulu,0
2024/6/1 9:53,想想以前在显示屏工厂，同一条线，做不同品牌的屏，质检要求都不一样,0
2024/6/1 9:54,因为每个人身材不一样。您的身材比较好，我建议买的时候看一下衣长，肩宽和袖长，不容易买大尺寸,0
2024/6/1 9:54,所谓的平替。对比起正品来说，肯定是有差的，说一模一样的就外行人说说就好。你说它很高科技吧，其实更多的是创新和投入，不断的测试实验得出来的。所以仿品如果要一模一样的话，除非是买了专利（数据），否则就是偷了数据，要不就是盲猜去不断测试得出产品。测试越多成本越高，就太不可能卖便宜。,0
2024/6/1 9:54,是的，但是人家做工确实不如咱们,0
2024/6/1 9:54,人性之善也，犹水之就下也。人无有不善，水无有不下。——《孟子》@曹国伟,0
2024/6/1 9:54,哪里买平替 代工厂的白牌,0
2024/6/1 9:55,并不觉得很好看,0
2024/6/1 9:55,但某宝上全是标着平替，同款，我上周还真买过lulu Groove款和我实体店相比，除了吊牌有些许不同，面料款式几乎看不出异样。 健身品牌嘛我觉得主打面料舒适和款式，就冲这点，我爱了。,0
2024/6/1 9:55,今天是宝宝节，咱不提那个A，好吗？石总,0
2024/6/1 9:55,之前看有说lulu的面料是台湾厂供的，平替完全拿不到,0
2024/6/1 9:55,我们去过莆田代工厂调研，他们反映晋江品牌鞋厂对他们的要求比国外品牌高，他们反倒喜欢代工国外品牌，这里面有个交易成本的d问题,0
2024/6/1 9:56,不懂平替牌子呢,0
2024/6/1 9:56,人生没有预演，我们迈出的每一步都应是弥足珍贵。??@曹国伟,0
2024/6/1 9:57,我关注点有点歪，送人内裤，得是关系特别铁的朋友。,0
2024/6/1 9:57,需要靠谱的平替,0
2024/6/1 9:58,社会主义核心价值体系是“兴国之魂”，建设社会主义核心价值体系是推动文化大发展大繁荣的根本任务。提炼和概括出简明扼要、便于传播践行的社会主义核心价值观，对于建设社会主义核心价值体系具有重要意义。,0
2024/6/1 9:58,求个店铺，我买件穿穿哈哈,0
2024/6/1 9:58,本身就没什么技术难度，这品牌纯纯胜在营销，品牌价值在同品类中足够高，满大街和健身房的瑜伽裤，说实话，只能说这玩意是身材的遮羞布，但真的好看不了一点,1
2024/6/1 9:58,露露市场上几乎都是假的,1
2024/6/1 9:59,平替的确可以以假乱真，但是标准肯定没有那么高，会有不少残次品流出，线头什么的也会多一点；就跟都是清华出来的，一个是前10，一个是后10,0
2024/6/1 9:59,东南亚真的不如莆田，虽然没买过莆田鞋，但是看过现在几大运动品牌很多东南亚生产的，真的不敢恭维,1
2024/6/1 9:59,现在只管努力的生活， 未来的样子交给时间去印证， 相信只要有付出就一定会有回报。,0
2024/6/1 9:59,所以，有哪些平替店铺推荐呢,0
2024/6/1 9:59,厂长不厚道，卖光才来说好穿，还不赶紧进货,1
2024/6/1 9:59,厂长家内裤确实没得说，买过好几次了,0
2024/6/1 9:59,品牌是产品的灵魂，消费者追求共鸣和价值观。白牌平替就适合我这种只是活着罢了的人,0
2024/6/1 9:59,lulu我就买的平替，同样舒服，可能面料与做工上有些许差别，但是就冲价格，我选平替,0
2024/6/1 10:00,问题来了，包在哪里买。,0
2024/6/1 10:00,因为堆料简单啊，抠细节太难了,0
2024/6/1 10:00,工业品也是差不多套路,0
2024/6/1 10:01,这衣服穿出去也挺尴尬的吧。,1
2024/6/1 10:01,普通人是买不到面料一样的平替，我买过正品和平替，面料确实不一样。后来就算了，就买正品好了溢价就溢价吧……都说自己是平替，但是很难筛选出来真正的平替……,0
2024/6/1 10:02,网易严选前几年宣传 什么奢侈品同代工厂，买了两件衣服，款式土，质量差，穿几次衣领就松了，洗几次，面纱就透亮了。非常差，还很贵。,1
2024/6/1 10:02,安德玛刚开始出圈的时候、也是火的不行、还死贵 lulu 最后也是这样的剧本,0
2024/6/1 10:02,2020年你这里买的扫地机器人一年不到就没法使用了，好像五六百块，这个品不行。,1
2024/6/1 10:02,知識就是力量;知識就是財富;知識就是獨立;知識改變命運，幸福存在于生活之中，而生活存在于勞動之中。,0
2024/6/1 10:02,回复@kengle2010:,0
2024/6/1 10:02,生活需要微笑，是微笑让这个世界变得更加温暖，变得更加的美丽生动，变得丰富多彩了有了微笑河流才那么清澈，有了微笑天空才那么蔚蓝。@曹国伟,0
2024/6/1 10:02,请问是哪家？,0
2024/6/1 10:02,关键是那些说自己是代工厂的店铺，咱也不知道它实际是不是。,0
2024/6/1 10:03,要一个月左右,0
2024/6/1 10:03,正lulu一条打底价格都令人望而生畏冬天V商那买的据说代工lulu羽绒服，感觉超好的,0
2024/6/1 10:03,不要和别人比较，要和自己比较，比较的是今天的自己和昨天的自己！ @曹国伟,0
2024/6/1 10:04,标准可能有差距，看老板本人怎么定位了,0
2024/6/1 10:04,好几年前用过「必要」，也是号称各种加工厂平替，后来发现差别还是有的，还不小。,0
2024/6/1 10:04,感觉不太行啊，太难看了,1
2024/6/1 10:04,厂长说的我信。已在贵号买了三件速干衣裤，最近的是149的某鸟平替，按身高应买m最后选的l，满意。但老婆说档部太紧，那啥搁那太明显，建议退了。但本人坚决不退:我晚上夜黑后公园快已走穿呀！一一这忠诚度没谁了吧？,0
2024/6/1 10:04,只要你的心是晴的，人生就没有阴天。就像好事情总是发生在那些微笑着的人身上。调整心情，保持微笑。早安！,0
2024/6/1 10:05,品控不一样就是两个产品,0
2024/6/1 10:05,我相信国内什么都能仿出来，但是lulu的瑜伽裤天猫打折也就四百多，仿货要想做到一摸一样那成本也是非常高的，到时候仿货也得卖四五百那谁买啊……做仿货不是为了获取利润么，高端仿货中间没利润那只能做低端仿货了，所以现在市面上的仿货其实都不太好,0
2024/6/1 10:05,在欧洲买东西，大家都知道made in China的质量是最有保障的,0
2024/6/1 10:05,富强民主文明和谐自由平等，自由平等公正法治，爱国敬业诚信友善,0
2024/6/1 10:06,我们现在做的钓鱼服，也有从台湾厂买面料，防水透气的；通常只要花钱就能买了，除非是某个专利,0
2024/6/1 10:06,6,0
2024/6/1 10:06,您想多了,1
2024/6/1 10:07,感觉中国人的确是比较“鸡贼”，平替版的省去了 QC 的流程和成熟产品的探索成本，只是担心这样下去又陷入了不可避免的内卷中。,1
2024/6/1 10:07,苏州一个工厂的面料可以平替，这厂早年就是台湾人扶持的本地老板。,0
2024/6/1 10:08,会好的，会改变的，也会顺利起来的；你要做的，就是再等一等,0
2024/6/1 10:09,这衣服真搞笑，看起来。,1
2024/6/1 10:09,最好的一天，永远是今天；最好的一刻，永远是此刻。迎着阳光步履不停，心怀感恩遇见美好。@曹国伟,0
2024/6/1 10:10,厂长店里，这还不明白？至于luluemon就别想了,1
2024/6/1 10:11,Lulu就是很好穿啊，不明白国内为什么什么都喜欢仿,0
2024/6/1 10:12,我姐送过我两身代购露露，我估计她被仿单蒙了。瑜伽裤面料柔软，弹性好，但是其中一条的缝线居然硌肉。有一件运动背心的左右两肩布料宽度不一样，上尺子，差三个多毫米。我的健身包是专柜货，同步买了高仿，剪裁几乎一样，专柜货胜在面料手感、五金件精细度，logo有细微差别。天天用的东西，留专柜的。,0
2024/6/1 10:13,前几天在厂长家买了3件体恤?防晒衣，拢共花了不到300，质量没的说,0
2024/6/1 10:13,只要春天还在，我就不会悲哀。纵使黑夜吞噬了切，太阳还可以重新回来。@曹国伟,0
2024/6/1 10:13,你确定你的身材适合穿lululemon么,1
2024/6/1 10:14,那就再造一个品牌，每个阶层都得有自己的专属标签，总不可能把银行卡余额写在脸上。人靠衣装诚不欺人。,0
2024/6/1 10:14,工厂既然能做那么好，就用自己的品牌推广。品牌代工厂的货，产品肯定是客户开发的，其实是在盗用别人的开发和蹭别人的品牌广告费，嗯。。。。,1
2024/6/1 10:14,黄金非宝书为宝，万事皆空善不空。,0
2024/6/1 10:15,它是什么高科技嘛？只不过现在不想仿，,1
2024/6/1 10:15,本身就是国内代工厂加工的。倍率很高的。,0
2024/6/1 10:15,如果是衣服什么的，有点小瑕疵但是价格是十分之一，我觉得真香,0
2024/6/1 10:16,"心存善念,阳光就会照耀你;心存美丽,温暖就会围绕你;心存大爱,崇高就会追随你;心存他人,真情就会回报你;心存感恩,贵人就会青睐你。人生有两种境界,一种痛而不言,一种笑而不语。",0
2024/6/1 10:16,人生最大的喜悦，就是遇见彼此同频道的那一盏明灯，你点燃我的激情，我点燃你的梦想；你照亮我的前途，我指引你走过黑暗的旅程。你我，彼此是贵人，相互辅助，成就了对方！甚至成为一生的合作伙伴。鲜花盛开，蝴蝶自来！其实不是有了人脉才能做许多事情，而是做了很多事情才会有人脉！,0
2024/6/1 10:16,厂长，公众号发的源氏木语，发型号询价，回复说要5-7天，这还是中国效率吗,1
2024/6/1 10:17,lulu 本身就是智商税,1
2024/6/1 10:17,买过最细腻款（120支）的过来说一下，确实如厂长所说，体感太好了，可惜只买了一盒,0
2024/6/1 10:17,如果在人生路上，把所有必需品都塞进背包，就会在不知不觉中，同时装进很多垃圾。——松浦弥太郎 ,0
2024/6/1 10:18,国内那些捞女最喜欢穿,1
2024/6/1 10:18,只有你学会把自己已有的成绩都归零，才能腾出空间去接纳更多的新东西，如此才能使自己不断的超越自己。@曹国伟,0
2024/6/1 10:19,&quot;Darkness cannot drive out darkness; only light can do that. Hate cannot drive out hate; only love can to that.&quot;  (Martin Luther King Jr.) 黑暗无法驱走黑暗，只有光芒可以；仇恨无法驱走仇恨，只有爱可以。 ,0
2024/6/1 10:19,。,0
2024/6/1 10:19,清新、健康的笑，犹如夏天的一阵大雨，荡涤了人们心灵上的污泥、灰尘及所有的污垢，显露出善良与光明。,0
2024/6/1 10:19,我看应该也是代工厂做的，买了一件短款瑜伽裤反正是比其他牌子的好穿舒服，还可以100左右我还是愿意买它的！,0
2024/6/1 10:20,这个吧 评论配图,0
2024/6/1 10:20,沿着这条路一直朝前走，在不远的地方就会有一个路口，你可以向左转，也可以朝前走，但你不能停留。--《达摩流浪者》,0
2024/6/1 10:20,人生是一场拼争，每一天都在攀登…爬上了这一座山，越过了那一道岭，眼前又有一座峰…历尽艰辛不回头，拼争攀登不停步…天天都在圆那甜蜜美好的梦！@曹国伟 先生,0
2024/6/1 10:20,预计一季度营收20多亿同比增长9%，我不知道哪里卖不动了，怕是在国内卖不动了吧，一堆卖仿造品的家伙,1
2024/6/1 10:21,lulu是哪里代工的？,0
2024/6/1 10:21,品牌兼顾性价比,0
2024/6/1 10:21,转发微博,0
2024/6/1 10:21,有年去宝成的越南工厂参观，他们车间基本就是封闭管理，次品都先封存。,0
2024/6/1 10:23,太贵了没舍得买,0
2024/6/1 10:23,但真的很舒服啊，衣服已经全部被lulu占领,0
2024/6/1 10:24,我建议哈，lulu继续涨价，我看那些在店里买的也不差那两三千的。你索性对标爱马仕，我相信那些固定用户买的更多。我反正1688代工厂很色一,1
2024/6/1 10:24,儿童节快乐，只要有小孩子的童心，生活就会甜而不腻，加油。,0
2024/6/1 10:24,这衣服看着也没有太出色啊,0
2024/6/1 10:24,救个锤子????，那么贵质量嘛，那个平替魔王给复制出来了不要太好就是快的东西真香,1
2024/6/1 10:25,同一条线，生产高端和低端的产品， 员工会精神错乱的，因为标准不好把控，当然产品的品质跟设计、材料、制程都有关系。,0
2024/6/1 10:26,@花式躺赢欧耶,0
2024/6/1 10:27,代工厂不是健盛吗？,0
2024/6/1 10:28,什么时候再卖内裤呢？有内裤破洞了，经常看厂长微博，想试试买厂长带的货。,0
2024/6/1 10:29,所以原材料成本与商品价格严重不符合，为什么市场上面可以这样流通，没有监管吗？,0
2024/6/1 10:30,一个月吧,0
2024/6/1 10:30,不乱于?，不困于情。不畏将来，不念过往。淡然地过着??的?活，不要轰轰烈烈，只求安安??。如此，安好。@曹国伟,0
2024/6/1 10:31,是的,0
2024/6/1 10:32,这个真的需要很本的身材才能穿的,0
2024/6/1 10:32,是个衣服都要排队半天,0
2024/6/1 10:32,大公司内部核算比较慢，618期间品牌也比较忙，请您多理解,0
2024/6/1 10:32,一年内可以质保，500块的扫地机确实一分价钱一分货，我后来换成了石头了,0
2024/6/1 10:33,没钱，品牌烧钱很厉害的,0
2024/6/1 10:33,相信未来，相信内在和坦然美好的心境。在心里，谁都有一道最美丽的风景。往前走，在这个世界上留下属于你的厉害印记。,0
2024/6/1 10:33,主要不知道在哪买啊！推荐一些工厂啊,0
2024/6/1 10:34,户外速干面料比较薄，确实会有这个问题，我下次标注一下，感谢反馈,0
2024/6/1 10:35,是的,0
2024/6/1 10:35,//@我也是一个农民工:厂长家内裤确实没得说，买过好几次了,0
2024/6/1 10:35,买京造的,0
2024/6/1 10:35,大家各买各的回报，卖的起啥就买啥。买不起的就算没有打出“代工厂”名号也会买其他牌子的。取缔了市场也不会全是你的。所谓代工厂概念就是，我也用好材料做好裤子（如果没印logo就不涉及任何问题），能拉出来讨论就是品牌溢价和消费降级。,0
2024/6/1 10:36,纯棉珠地面料的polo衫，长袖短袖，针线做工好一点的，上班族真的刚需。,0
2024/6/1 10:37,博主是在哪卖东西啊？,0
2024/6/1 10:38,厂长，你店铺是哪个？,0
2024/6/1 10:38,半天没弄明白，哪里买？一般运动鞋之类的，比如乔丹，安踏，正品也不贵，能不能跟大牌子的平替比？如果能，那直接买这些牌子的不是更好吗？,0
2024/6/1 10:39,這是海盗行为以後誰敢发展自创品牌？,1
2024/6/1 10:39,这么一说想买莆田鞋了厂长内裤给老爸安排一下哈哈哈,0
2024/6/1 10:39,没有人能改变你，别人只能影响你，能改变你的仅有你自我。@曹国伟,0
2024/6/1 10:40,lulu这样的确实，品控上没有很大的差异,0
2024/6/1 10:40,好事须相让，恶事莫相推。王梵志《全唐诗补逸》@曹国伟,0
2024/6/1 10:40,知识产权在我们这里应该活不下来,1
2024/6/1 10:40,平替就证明认可lulu本身的价值，那大家原版平替愿买啥买啥，不必相互歧视,0
2024/6/1 10:40,哪里买内裤,0
2024/6/1 10:41,想问下厂长 宣传主做大牌代工厂平替的那个必要商城 怎么样？,0
2024/6/1 10:41,网易严选我觉得招采很一般,0
2024/6/1 10:42,现在入他的股是好时机吗,0
2024/6/1 10:42,回复@LAC-庆舍:汽车有技术壁垒 这衣服有？,0
2024/6/1 10:42,嗯嗯，确实不一样，真的起球变形一次性衣服，假的能穿一年,0
2024/6/1 10:42,平替挺好，但是不要挂大品牌的logo。说白了，就是自己设计，自己运营品牌，但是做工面料辅料看齐甚至超越大品牌。莆田鞋很好，但是不挂别人的logo堂堂正正卖才是王道。,0
2024/6/1 10:42,想买高支床品厂长,0
2024/6/1 10:43,在哪买呀,0
2024/6/1 10:44,内裤再↑一波吧,1
2024/6/1 10:44,行善如春园之草，不见其长，日有所增;行恶如磨刀之石，不见其消，日有所损。――清金兰生《格言联璧》,0
2024/6/1 10:47,从朋友圈微商买的salomon质量比正品好,0
2024/6/1 10:47,每一个生命都是美丽的，再小的花也不会拒绝。蓝天下便是阳光；艰苦后便是甘甜；失败了就当经验；成功时便是灿烂。,0
2024/6/1 10:47,香香瑜伽裤,0
2024/6/1 10:47,我觉得女孩穿lulu很好看呀,0
2024/6/1 10:48,太贵了，反正我不买，还是好好锻炼身材，他只能锦上添花做不到雪中送炭吧,0
2024/6/1 10:48,他家的衣服都这么有亮点的吗,0
2024/6/1 10:49,买过儿童内裤，就是之前有人说小，其实有弹力的，后面就没有再上架过，那款真的是非常好,0
2024/6/1 10:49,坦白来说我作为工厂我不会干这种高风险的事。,0
2024/6/1 10:51,其实买正版的和买平替的人消费观不同，抢占客户一说倒也不太成立，会去买正版的人根本不会去买平替…而买平替的人，除非正版跟平替差不多价格，否则的话应该也还是不太会去买正版，他们认为为了品牌溢价太高没必要 奢侈品卖的不仅是货物还有品牌名,0
2024/6/1 10:51,买了很多种类男士内裤，老公说厂长家0感穿了最舒服,0
2024/6/1 10:51,人终其一生都在路上，不是在奔跑就是在徘徊，心安处即世间最美之地，旅行如此，人生亦如此，不管怎样，心安就好。@曹国伟,0
2024/6/1 10:52,厂长超过雷布斯了,0
2024/6/1 10:54,东南亚产的亚瑟士，包括山姆会员店卖的，质量太差了，穿不了半年,0
2024/6/1 10:54,下次上架，我还没试过。,0
2024/6/1 10:55,这品牌给我的印象是，很多家品牌开头也叫lulu的瑜伽服，比它还好看……,0
2024/6/1 10:55,做服装的都知道，不可能一样的面料，但凡叫得出名字的，那个不是定制的料子呢？敢这样搞lulu立马就把单子撤掉了。但是！可以用更好的料子+一样的工艺技术，做出更好的产品同时售价更加便宜（抛掉了品牌溢价）,0
2024/6/1 10:56,我不懂为什么有的运动鞋会在盒子里摆香包，一打开熏得我受不了，其实穿起来还行，但因为担心味道还是退了,0
2024/6/1 10:57,回复@柠檬略略略-:我从没说能看出来会怎么样呀，只是在陈述有很多人对衣服的品质细节很敏锐很讲究的客观事实而已，并没有附加什么评判的鄙视链,0
2024/6/1 10:57,那厂长快上新啊,0
2024/6/1 10:57,做梦吧。,1
2024/6/1 10:57,厂长，今天买牛肉还有赠品送吗？,0
2024/6/1 11:00,内裤啥时候上,1
2024/6/1 11:00,厂长送人内裤，我也是没想到,0
2024/6/1 11:01,Lululemon的面料大部分是台湾鸿儒的，因为瑜伽裤特别贴身，细微区别能体会到。往高科技类比的话类似芯片吧，国内也能造出来，但是等级还有点距离,0
2024/6/1 11:01,露露市场上几乎都是假的,1
2024/6/1 11:01,"实现民族复兴,增强志气、骨气、底气,不负时代,不负韶华.....每一-份平凡的努力，终将汇聚成奔涌前行的大江大河;每个人在本职岗位上锐意进取、苦干实干，终将凝聚起国家繁荣进步的澎湃力量。美好的梦想，终究要靠奋斗来取得;生命的辉煌，也只有通过奋斗才能铸就。",0
2024/6/1 11:02,没啦，活动结束了,0
2024/6/1 11:02,木有根则荣，根坏则枯;人有善则德，善尽则败。,0
2024/6/1 11:03,不穿我也能锻炼,0
2024/6/1 11:03,下次内裤来了微博喊一声,1
2024/6/1 11:04,另一个钟薛高,1
2024/6/1 11:04,在哪买代工厂啊！！！,1
2024/6/1 11:04,新粉，请问店铺是什么呀？,0
2024/6/1 11:06,这里就是所谓的徒有虚表别的品牌质量好的不也挺好，就算不是品牌面料好的也很好呀,0
2024/6/1 11:06,平替就是要试错，而且不同时期有可能品质不一致！大牌厉害就在品控基本不变的，最后就是看你选择花时间还是花钱，总要付出一样！,0
2024/6/1 11:07,价格问题 同一家加工厂绝对可以做到平替 一模一样。 只要国人能买得起 做成lulu 一样质量。,0
2024/6/1 11:08,@我的印象笔记,0
2024/6/1 11:09,等待着一个透着温情的微笑，你不来，我不老。@罗云熙Leo,0
2024/6/1 11:09,在小资文化中，价格才是身份和品味的象征。国产新能源汽车在技术、性能和质量上不断提升，也逐渐获得了消费者的认可，有些人依然选择品牌，有些人则注重性价比，然后性价比的产品做的越来越好后，选择品牌的会越来越少。,0
2024/6/1 11:10,应该会有专利限制，合同中都会有明文规定。为那点利润去冒丢失大客户的风险，有长远打算的公司都不会这么去干。,0
2024/6/1 11:10,难就难在了买真正大工厂平替这一环节啊，大部分没渠道也不会辨别,0
2024/6/1 11:12,lulu正品都不咋地,1
2024/6/1 11:12,平替就平替了，差别肯定有，别说跟正品没差，那只是自欺欺人,1
2024/6/1 11:13,我们日行一善，并不是放下手中的一切事情，刻意地去做好事，而是带着善心，给需帮助的人做力所能及的事,0
2024/6/1 11:13,咸鱼买过说越南产的露露背包二个也还可以，有线头。但后来有一天在店里摸了摸正品货背包立马买了，原料确实不一样的。,0
2024/6/1 11:13,[抠鼻],1
2024/6/1 11:15,啥时候卖瑜伽服呢,0
2024/6/1 11:15,幸好及时看到厂长说有防晒服卖??马上去下单了，刚好这几天在到处看到底买啥防晒服好！之前在厂长这里买的靠腰垫很满意，这周买的鞋子也已经收到了,0
2024/6/1 11:16,点赞来了,0
2024/6/1 11:17,的确不好,0
2024/6/1 11:17,相信同工艺，但面料不一定，很多品牌下单严格控制面料的。,0
2024/6/1 11:17,61儿童节快乐,0
2024/6/1 11:17,lululemon我在一个团长那经常买的应该是平替，比专柜便宜三倍，感觉质量面料差不多啊,0
2024/6/1 11:19,lulu真的贵，陪一个有钱同学在万象城逛过，真的瑟瑟发抖，对了，我是森马班尼路的客户[捂脸],0
2024/6/1 11:20,都是被炒起来的，资本团队灌输的卖点鞋子也是一样，以前我nb鞋574系列出一双收集一双，上回去莆田玩，试了试，脚感完全没差，质量还没有胶，我当时就不可思议了,0
2024/6/1 11:21,"红日初升,其道大光,河出伏流，一泻汪洋.潜龙腾渊,鳞爪飞扬.乳虎啸谷,百兽震惶鹰隼试翼风尘翕张.奇花初胎,矞矞皇皇.干将发硎,有作其芒天戴其苍,地履其黄.纵有千古,横有八荒，前途似海,来日方长.美哉我少年中国,与天不老!壮哉我中国少年,与国无疆!",0
2024/6/1 11:22,就是贴牌货吧,1
2024/6/1 11:22,非理性繁荣,0
2024/6/1 11:23,谢谢分享,0
2024/6/1 11:23,在上卖的动就行,0
2024/6/1 11:23,"平替以假乱真，但是真品绝对一分钱一分货，我宁愿一年只买一条lulu健身裤,也不会用这个钱去买七八条平替。细节感是平替做不到的。",0
2024/6/1 11:23,有钱人买面子，普通人买里子，都选择适合自身的价位就好。平替，本来就是皆大欢喜的事,0
2024/6/1 11:24,仿版可能质量不错，但说一毛一样的真不一定穿过正品,0
2024/6/1 11:24,免税店都贵得不行 [笑哭],0
2024/6/1 11:26,六一快乐,0
2024/6/1 11:28,蹲一个0感男士内裤,0
2024/6/1 11:29,在沙特也卖不动，没多少人买,1
2024/6/1 11:29,Mvt 的面料应该没有平替吧,0
2024/6/1 11:30,六一到了愿你有童心，常如意，保童真，幸福来敲门@曹国伟,0
2024/6/1 11:30,衣食住行，你现在面面俱到了,0
2024/6/1 11:30,lulu正版穿过的话，你绝对会感受到不同,0
2024/6/1 11:31,哪款内裤啊，我是不是买错款了,0
2024/6/1 11:31,俭则约，约则百善俱兴;侈则肆，肆则百恶俱纵。――清金兰生《格言联璧》,0
2024/6/1 11:31,你是什么样的人和你想成为什么样的之间的差距就是，你做了什么。,0
2024/6/1 11:31,以往的事儿就应当学会放下，未来生活才会沒有压力。,0
2024/6/1 11:31,原谅别人就是善待自己，批评别人就是亏待自己。,0
2024/6/1 11:31,子张问好人之道。子曰：“不践迹，亦不入于室。”――《论语》,0
2024/6/1 11:31,我也没看出出彩的地方,0
2024/6/1 11:31,机会不可能永远陪伴你一辈子，能陪伴你一辈子的只有你个人能力。,0
2024/6/1 11:31,记忆吹散了回忆，回忆漂浮着曾经，曾经刻画着过去。,0
2024/6/1 11:31,势可为恶而不为，即是善;力可行善而不行，即是恶。――清金兰生《格言联璧》,0
2024/6/1 11:31,终日说善言，不如做好一件;终身行善事，须防错了一桩。――清金兰生《格言联璧》,0
2024/6/1 11:31,盈一份懂得，学会浅淡而行，随遇而安，便会花开四季，明媚嫣然。,0
2024/6/1 11:31,时光温柔，还需你懂，生活可爱，也需你宠。,0
2024/6/1 11:31,以热爱祖国为荣、以危害祖国为耻。以服务人民为荣、以背离人民为耻。以崇尚科学为荣、以愚昧无知为耻。以辛勤劳动为荣、以好逸恶劳为耻。以团结互助为荣、以损人利己为耻。以诚实守信为荣、以见利忘义为耻。以遵纪守法为荣、以违法乱纪为耻。以艰苦奋斗为荣、以骄奢淫逸为耻。,0
2024/6/1 11:31,没有哪一个聪明人会否定痛苦与忧愁的锻炼价值。,0
2024/6/1 11:32,补一句：当然面料的科技含量远远没有芯片那么高,0
2024/6/1 11:32,我买了lulu的平替，还是有很大差别的。问题大家都说是某家的平替，究竟谁是真平替。,0
2024/6/1 11:32,厂长，桌面风扇还会上不，前两天想买忙得忘记了，现在已经下架了,0
2024/6/1 11:33,我也买了好几次衣服上身效果太差了现在买的很少了,0
2024/6/1 11:33,阳光，是前行的火，点亮我们前行的灯；阳光，是前行的灯，照亮我们前行的路，拥有阳光，帮助我们驶向成功的码头。@曹国伟 先生,0
2024/6/1 11:34,微博尽头是为自己做广告，哈哈哈??,0
2024/6/1 11:35, 中午好,0
2024/6/1 11:35,优衣库现在我都觉得贵了[流泪]涨价涨的离谱。[九转大肠],0
2024/6/1 11:36,撤销了大牌对普通工厂的品质控制，她就不再是大牌的品质了，从面料到版型到细节最后到客户的体验感,0
2024/6/1 11:36,有时候买的好有时候不行,0
2024/6/1 11:39,其实衣服很普通，主要是要身材好,0
2024/6/1 11:40,说可代替的要么对面料剪裁品质没有那么高的要求，要么没有买过正品没有体验，仅仅为了一个logo可以买代工，为了品质的话正品确实不同,0
2024/6/1 11:40,你送客人内裤也是,1
2024/6/1 11:40,无论是受到别人的责骂和批判，还是得到别人的尊敬和赞赏，都要当作耳边风，保持一颗平常心。 @曹国伟,0
2024/6/1 11:41,善心善言善行，自然会遇到好人好事。坚持做下去，终会好运连连。@曹国伟,0
2024/6/1 11:43,早就不穿lulu了，没有洛杉矶的Alo好看，现在都穿Alo,0
2024/6/1 11:43,lulu的定价是有点虚，但是材质确实不是代品能替代的都是网红为了赚钱炒作罢了,1
2024/6/1 11:46,选它为啥不选安德玛…,0
2024/6/1 11:46,厂长内裤在哪里买，我要买内裤,0
2024/6/1 11:47,是的，其实同个品牌不同唛（唛头颜色不同零售价差很远）都验货标准不一样，哪怕主身材质都一样的,0
2024/6/1 11:47,不是行内人的话，门门道道不太懂，生活要买的太多了，每个品牌都去选的话，时间精力成本太高了，所以就直接找厂长买,0
2024/6/1 11:48,天猫好像没有一家是真的,1
2024/6/1 11:48,吼吼,0
2024/6/1 11:49,@14、,0
2024/6/1 11:50,我就想问内裤啥时候还有,1
2024/6/1 11:52,捞女也开始消费降级了,1
2024/6/1 11:52,买得起的不会介意价格，买不起的不会介意质量。就是去瑜伽馆清一色的露露，开始压力还是蛮大的,0
2024/6/1 11:53,一个人若要有所作为，就必须同对手竞争并超越对手。,0
2024/6/1 11:54,厂长能推荐个lulu平替靠谱的吗,0
2024/6/1 11:54,去哪买平替呀……我一直天猫旗舰店买，感觉得挖掘点地方,0
2024/6/1 11:55,希望国内正品的价格不要太高，lulu最牛的还是面料，虽然国产品牌一些面料肤感已经很接近了但是也不可能完全一样。技术壁垒还是有。,0
2024/6/1 11:55,厂长，有没有优衣库无痕内裤的代工厂平替，目前穿过不下十个推荐牌子的无痕裤里还是优衣库的质量完胜瑜伽裤健身人群刚需呀??,0
2024/6/1 11:55,梅梅早上好六一快乐哈(*^。^*),0
2024/6/1 11:58,在中国也就在上海卖卖,1
2024/6/1 11:59,人生总是有许多的不如意，我们要放宽心。舍得舍得，有舍才有得。我们舍得笑容，得到的是友谊。@曹国伟,0
2024/6/1 11:59,不是产品贵，是目标人群,0
2024/6/1 12:00,任何的限制，都是从自我的内心开始的。 @曹国伟,0
2024/6/1 12:00,品牌溢价高,0
2024/6/1 12:01,本来这个品牌在国外也就相当于国内的以纯森马美特斯邦威这类等级而已就因为疫情国内兴起新型踏青才被这个品牌有机可乘,0
2024/6/1 12:03,买了两条说是原厂剩下面料自己做的lulu，提示可能有线头没有修剪干净，穿了两天，疯狂掉线，面料也并非原厂,1
2024/6/1 12:04,因为大家现在都穷到理智了[捂脸],0
2024/6/1 12:05,话说有钱人会选择面子里子都要还是优先面子,0
2024/6/1 12:06,一个小吊带800多[捂脸]不敢恭维,0
2024/6/1 12:06,买这么多内裤,0
2024/6/1 12:08,我倒是有个渠道，能买到这种，可以闭眼买，就是数量非常有限，都是几十件，而且每天有什么的货都是随机的，上了才知道。,0
2024/6/1 12:08,前几天买的鞋到了，真好！,0
2024/6/1 12:08,午好六一快乐在人生的旅途中，如果用心去发现人世间的美好，用心去感恩世界所给予你的一切，你就会成为热爱生活、乐于助人、勤于奉献的人。,0
2024/6/1 12:09,还有吗,0
2024/6/1 12:10,哈哈啥都能仿，爱马仕也能仿，有一回我前同事拎一个菜篮子跟我说假的我都不敢相信，我反正根本看不出来,0
2024/6/1 12:10,服装又不是啥高科技产品，国内想防面料应该不难,0
2024/6/1 12:10,厂长上次卖的那个澳洲的瑜伽裤很好穿，如果再有就好了,0
2024/6/1 12:12,消费降级的时代，企业要做好准备,0
2024/6/1 12:12,我在红薯上买过Nike，舒适性比我在黑猫旗舰店的好，正品鞋底很硬，一走脚指头那不舒服,0
2024/6/1 12:13,每次给我老公买衣服内衣裤都是在厂长家这边买，太香了,0
2024/6/1 12:14,回复@风中的厂长:599吧，那用一年都不到确实不如不买,0
2024/6/1 12:15,人，纵有万千的道路可以抵达人生的终点，而善良，则一定是人生路上最好的修行。愿生活有花，心中有爱。@曹国伟,0
2024/6/1 12:15,不是每天都有阳光，不是每天都会凉爽，只要我们心中有阳光，人生总会是晴朗。 @曹国伟,0
2024/6/1 12:15,想要啥？,1
2024/6/1 12:17,的确,0
2024/6/1 12:18,一样的东西加logo后面加个0卖,1
2024/6/1 12:18,有梦才有所追求，有追求才有生活的动力。有梦就去追，努力了，也就无悔无愧。人生本来就是活在一个过程中，成之我喜，败之我笑。@曹国伟,0
2024/6/1 12:20,人，最后在花了一堆钱后，都会趋于理性……是的,0
2024/6/1 12:21,plq一些一生死犟的老钟人太尼玛幽默,1
2024/6/1 12:21,有没有可能人家就不是挣穷人钱的你替他瞎操心啥,1
2024/6/1 12:23,850的瑜伽裤穿两次就起球 这么贵的衣服裤子都是一次性的啊[捂脸],0
2024/6/1 12:23,对 都说平替平替 我是真没买到过接近正品的 可能我水平不行 浪费那个钱 还不如开开心心穿正品,0
2024/6/1 12:25,哈哈哈哈哈 中国制造果然已经登峰造极了,0
2024/6/1 12:25,都说平替，关键真正的平替不好找,0
2024/6/1 12:26,越努力越进步越开心越自信，越懒惰越迷茫越焦虑越自卑。@曹国伟,0
2024/6/1 12:26,60-70够用了,0
2024/6/1 12:27,平替就是仿制品吗？,0
2024/6/1 12:27,没穿过比他家更舒服的瑜伽裤 有推荐的可以告诉我,0
2024/6/1 12:28,越南产的质量真的差,1
2024/6/1 12:28,穿了一天起球[不失礼貌的微笑]勾丝 就做了一次飞机,0
2024/6/1 12:29,我找了这么久，始终找不到平替，lulu 的衣服是真的好穿，只有零数和无次数,0
2024/6/1 12:32,这是消费者的问题吗？,0
2024/6/1 12:32,我也觉得 [捂脸] 有时候街边看见有人穿平替 看过去一眼防[捂脸],0
2024/6/1 12:33,之前客户是华为小米苹果的代工厂，苹果的要求最高，需要独立的流水线，虽然都是同一个工厂，品质不一样的,0
2024/6/1 12:34,可是，买过lulu的就知道，这玩意儿真没有平替啊。我也买过平替，根本不是那回事[泪奔],0
2024/6/1 12:36,作为普通人觉得还是平替香，多找点这种货,0
2024/6/1 12:37,商场里国内品牌卖4位数的衣服简直不要太多了，盯着lululemon干啥……在我看来那些国内的牌子几千块的夏季雪纺裙更加离谱,0
2024/6/1 12:37,@??,0
2024/6/1 12:37,[666][666][666],0
2024/6/1 12:39,快团团吗？求名字,0
2024/6/1 12:40,@dzh 平替100多也挺好穿的,0
2024/6/1 12:41,谁买真的啊[尬笑]来一个高仿的[舔屏],1
2024/6/1 12:42,[666][666][666],0
2024/6/1 12:43,所以lulu的成本真的高么,0
2024/6/1 12:44,阔怕@J??,1
2024/6/1 12:44,求平替,0
2024/6/1 12:45,作为老百姓更看重性价比,0
2024/6/1 12:46,我买了好多，质量不错,0
2024/6/1 12:48,在哪买[舔屏],1
2024/6/1 12:48,[666][666][666],0
2024/6/1 12:49,穿过就知道lululemon 没有平替,0
2024/6/1 12:49,价格太高，可替代的品牌巨多！[贊啊],0
2024/6/1 12:50,男的能不能穿,0
2024/6/1 12:50,啥裤裤赶紧上货的我们要买，最好是女款的。,0
2024/6/1 12:50,厂长店铺是什么？,0
2024/6/1 12:50,因为安没它舒服,1
2024/6/1 12:50,可以吐槽价格偏高，但是真没必要自欺欺人，能信“平替”“进柜子一模一样”的人，懂得都懂,1
2024/6/1 12:51,@狗??? ·? ???舌头,1
2024/6/1 12:51,[色][色][色],1
2024/6/1 12:51,哈哈，破防了，虽然事实是这样，可就容易看别人身材好的穿然后想买同款,0
2024/6/1 12:52,@ohohlbyby 他家太绝了,1
2024/6/1 12:52,人生之路，走走停停是一种闲适，边走边看是一种优雅，边走边忘是一种豁达。@曹国伟,0
2024/6/1 12:53,有钱就没有平替，没钱不穿也行[不失礼貌的微笑],0
2024/6/1 12:53,可是那衣服确实能修饰身材且运动自如有设计感,0
2024/6/1 12:55,真的是只有零次和无数次，同款裤子不同色买好几条,0
2024/6/1 12:55,有啊 淘宝四大金刚 抖音洛哥还有很多刚起来的高端牌子 都是合作的台湾那个瑜伽料厂 不是lu好 是台湾那家厂好[捂脸],0
2024/6/1 12:56,所谓代工买了，店里也买了。同系列质感不一样，至于衣服的版型，我身材没那么好，感觉不出来差太多,0
2024/6/1 12:56,成人善事，其功更倍;感人善愿，其量无涯。,0
2024/6/1 12:57,[泪奔]对对对，对于我来说瑜伽裤只有lulu和其他,0
2024/6/1 12:57,所以拼多多火了，人们没钱了不在乎品质了,1
2024/6/1 12:57,溢价太高了，国内实体店贵了好多，我在国外网站买相当于国内6～7折。,0
2024/6/1 12:58,贵哦,0
2024/6/1 12:58,质量差得要死，穿一次就起毛了,1
2024/6/1 12:59,五月的每一天都会深深的留在记忆中，现在好期待六月呀,0
2024/6/1 12:59,CoCO瑜伽瑜伽也不错，平价质量也OK,0
2024/6/1 12:59,给老爸买过那个内裤，老爸很喜欢穿,0
2024/6/1 12:59,@Paul_Scholes,0
2024/6/1 13:00,厂长，在国外怎么买你家东西？每次转运费花的太多、又慢…,0
2024/6/1 13:00,午安,0
2024/6/1 13:00,@Sokach_Z,0
2024/6/1 13:00,回复@格丽瑞安:618的话我和同事商量一下,0
2024/6/1 13:02,[抠鼻][抠鼻][抠鼻],0
2024/6/1 13:02,在米国我都不怎么买lulu，觉得lulu就是白人店，价格还死贵，也就穿着稍微比市面上一些店面稍微舒服些和修身些（只针对米国地区），国内就不用说了，质量肯定比米国好。,1
2024/6/1 13:02,会买lulu 的都知道找加代[惊喜],0
2024/6/1 13:02,继续颠 继续,1
2024/6/1 13:02,穿过正品才知道，真的不一样，哪里有这么多平替,0
2024/6/1 13:03,造假造出自豪感了？,1
2024/6/1 13:03,中文叫什么,0
2024/6/1 13:03,平替是平替的感觉，就是相对其他乱七八糟的好穿一点，但是lulu的包裹性各方面真的是平替做不到的,0
2024/6/1 13:04,我们中国人什么都能做出来，别着急，压力给到莆田！,1
2024/6/1 13:05,存平等心，行方便事，則天下無事。懷慈悲心，做慈悲事，則心中太平。,0
2024/6/1 13:06,世间万物皆有裂痕，那是光照进来的地方。温暖治愈，愿世界充满阳光与希望。,0
2024/6/1 13:06,买过一件，穿上感觉就是贴身一点的秋裤,0
2024/6/1 13:08,那确实,0
2024/6/1 13:09,在跟别人合作项目时，多做一些工作，不要跟人讲。@曹国伟,0
2024/6/1 13:10,穿过都说好[微笑],0
2024/6/1 13:10,无平替,1
2024/6/1 13:10,露露设计总监去迪卡侬了。买迪卡侬平替吧！,0
2024/6/1 13:11,无论生活怎样，都要微笑。愿你成为自己的太阳，无需凭借谁的光。,0
2024/6/1 13:11,衣服就那么回事。,0
2024/6/1 13:11,请告诉我是哪家店，我要亲自看看货,0
2024/6/1 13:11,不，你穿过就知道！！舒适度极高，我买过七八条不同品牌的瑜伽裤最后只穿lulu！！！,0
2024/6/1 13:11,六一到了，愿你有童心，常如意，保童真，幸福来敲门！,0
2024/6/1 13:13,这么好的内裤为啥不持续做呢,0
2024/6/1 13:13,这次活动一件没买,0
2024/6/1 13:13,平替面霜和眼霜啥时候上,0
2024/6/1 13:13,@东北关暖暖炖大鹅??,0
2024/6/1 13:14,500多。3条内裤。,0
2024/6/1 13:14,我买衣服，在意的是质量好不好对吧，也就是面料，讲究点再加上版型，即剪裁。这两部分通常记为销售成本，没问题吧。大部分服装，毛利率在80-90%。算过账后，我再也没有正价买过任何衣服,0
2024/6/1 13:15,要来一杯芋圆啵啵奶茶嘛？,0
2024/6/1 13:16,星期六快乐,0
2024/6/1 13:16,人生总是有许多的不如意，我们要放宽心。舍得舍得，有舍才有得。我们舍得笑容，得到的是友谊。@曹国伟,0
2024/6/1 13:16,一分钱就是一分货,0
2024/6/1 13:17,主要是国内卖得贵啊。在国外也就阿迪耐克的价格,0
2024/6/1 13:17,生活是活给自己看的，你有多大成色，世界才会给你多大脸色。,0
2024/6/1 13:18,回复@久肆噜噜:我也没附加什么…就是看你的描述，我就起兴趣我就想说问问是不是能奔月…,0
2024/6/1 13:20,除了lulu 其他洗几次一会就起球[呲牙],0
2024/6/1 13:20,哈哈 网上也看到过有说专柜买的还不如莆田的耐穿,1
2024/6/1 13:21,@奶盐 @mnak 哦豁,0
2024/6/1 13:21,支持正品,0
2024/6/1 13:21,没有平替，真正大牌是多用一块布料都要申请的，只不过有人觉得差不多，有的人愿意为细微差异买单。,0
2024/6/1 13:21,为什么那么在乎真假呢？就像奢侈品，要靠它来证明什么么，就为了一个牌子,0
2024/6/1 13:22,穿过才知道 没有平替,0
2024/6/1 13:22,VFU也很好穿,0
2024/6/1 13:23,买了平替的lulu groov 很好穿（买过正品）,0
2024/6/1 13:24,好就是好、贵有贵的道理,0
2024/6/1 13:24,买,0
2024/6/1 13:24,生命之舟面对险滩，面对激流，弱者会选择逃避和放弃，而强者则会选择面对和挑战。人生中无限的乐趣都在于对人生的挑战之中迸出不衰的光芒。,0
2024/6/1 13:26,最后发现是广告,0
2024/6/1 13:26,那个网站,0
2024/6/1 13:28,@0111,0
2024/6/1 13:28,我之前买两件衣服  当时买时候是一件1080   两件2160 不到一个月吧  现在lulu官网840 一件[绝望的凝视][绝望的凝视][绝望的凝视]  气得我再也不买了,0
2024/6/1 13:29,[呆无辜]一千多也不贵吧。鸟随便都几千块了,0
2024/6/1 13:29,我之前买两件衣服  当时买时候是一件1080   两件2160 不到一个月吧  现在lulu官网840 一件[绝望的凝视][绝望的凝视][绝望的凝视]  气得我再也不买了,0
2024/6/1 13:29,好穿在哪里呀,0
2024/6/1 13:29,??,0
2024/6/1 13:29,所以我现在只蹲厂长家,1
2024/6/1 13:29,那你赶紧找找一些品质好的衣服呀！！！会大卖的，厂长！！,0
2024/6/1 13:30,什么是加代,0
2024/6/1 13:30,lulu一样起球挺厉害的 虽然还没穿几次 [尬笑][尬笑][尬笑],0
2024/6/1 13:30,哪个洛哥,0
2024/6/1 13:31,不懂这怎么还能上热搜呢？这不是堂而皇之的买假货么？,1
2024/6/1 13:31,????代购,0
2024/6/1 13:32,@Cczy @Jy C @B008 @Adam Bai @瓜助 首先，我会说穿这个的女生很好看，其次，这东西在国外很普通,0
2024/6/1 13:32,本身在海外也不是什么大众认可度很高的东西,0
2024/6/1 13:33,我就是那家代工厂??负责人，欢迎各位新闻记者进厂??参观,0
2024/6/1 13:33,内裤为啥没了不能卖了,1
2024/6/1 13:34,@???????帅帅,0
2024/6/1 13:35,一分价钱 一分货，十分价钱三分货。边界处品质的提升对带来的体验并不明显。多数人还是要看性价比的。,0
2024/6/1 13:35,品牌心智而已,0
2024/6/1 13:36,穿了四年的lulu，洗一次起一次球，后来买了桑坡货[流泪]真的真的真的材质一样，还耐洗，中国人不骗中国人[流泪]我特别喜欢穿lulu，上班下班天天穿[酷拽],0
2024/6/1 13:36,强烈建议买真正大工厂的平替，因为价格实在太香了！大品牌上千的，工厂白牌可能不到一百。@飞歌QQ,0
2024/6/1 13:37,@Good Guy 少爷哈哈哈哈哈哈哈哈哈哈哈哈,0
2024/6/1 13:37,嘴好硬，买Lulu有钱的不需要找平替，我属于虚荣的，所以找了很多，确实有平替，然后对这个品牌就祛魅了。任何品牌其实都一样，代工代工，做供应链的做工厂的都知道。,0
2024/6/1 13:37,??#阳光信用#  ??#每日一善# 不知道谁的车没锁，或是车钥匙落车上了，通知保安帮他（她）看好。,0
2024/6/1 13:38,"有朋友打算仿制lulu,后来发现真找不到平替面料",0
2024/6/1 13:38,代工的意思就是给大牌做加工，怎么啥也不懂就带节奏了 但加工也是要水平的，没有客供的工艺单和面料，几乎没有工厂能做到和正品一样！,0
2024/6/1 13:38,我就爱看女生穿这个牌子,0
2024/6/1 13:38,已阅，不大,0
2024/6/1 13:38,@牛角包包,0
2024/6/1 13:39,@绕圈圈丨,0
2024/6/1 13:39,@喵喵 确实是假货做不出来的效果,0
2024/6/1 13:39,你们的lulu掉档嘛,1
2024/6/1 13:39,起球可以去专柜免费换 我衣服混洗也没起球啊[捂脸] 900?以上的系列没有 850的那个不行[宕机],0
2024/6/1 13:40,嘴炮,1
2024/6/1 13:41,就一个健身服卖这么贵！真值得吗,0
2024/6/1 13:42,做自己的太阳，与山川湖海为伴，热爱生活，自信勇敢，保持善良，勇往直前。@曹国伟,0
2024/6/1 13:42,台湾哪家厂呀？,0
2024/6/1 13:42,陪媳妇去过一次lulu以后我就觉得这个品牌特别的好，没事儿自己都得进去逛个1小时，我就光看不买,0
2024/6/1 13:43,啥没有平替啊？[泪奔] 打篮球的人曾经一条nike adi的紧身裤200+现在国产品牌平替一样的料 19.9两条[尬笑],0
2024/6/1 13:43,替我朋友蹲一下,0
2024/6/1 13:43,我有平替哈哈,0
2024/6/1 13:44,这所谓劫富济贫啊,1
2024/6/1 13:45,就不买正品   旗舰店都假   还不如半价买假的,1
2024/6/1 13:45,真的不一样，面料版型，穿过就知道。我也买了很多说是平替的，[捂脸]没有一个能看的,0
2024/6/1 13:45,@??盛夏,0
2024/6/1 13:45,好穿么？推荐下姐妹,0
2024/6/1 13:45,@纯情母蟑螂,1
2024/6/1 13:46,世上所有的福气，都是你一点一滴积攒的善良与爱。你付出的善良与爱，最后一定都会回到你身上。,0
2024/6/1 13:46,讲这句话你等于白说[捂脸],1
2024/6/1 13:47,面料很舒服，它的面料像扒在你的皮肤上不是勒在皮肤上，穿上很轻盈没有束缚感没有存在感，延展性无敌，而且不掉裆，这点很重要！！！不管多肥的腿，因为我之前150斤超胖的时候买的，一点不掉，现在瘦了裤子变肥了才开始掉[躺平][躺平],0
2024/6/1 13:47,有钱就买贵的，没钱就买便宜的，就这么点事。[看],0
2024/6/1 13:48,幸好不练瑜伽省钱了[看],0
2024/6/1 13:49,我胆子太小，只买了一盒3条，一穿果然好，可惜已经没货了。,0
2024/6/1 13:49,[笑哭]就是 针织品而已 义乌待久了看啥品牌都soso,0
2024/6/1 13:49,你不说奢侈品包包都有那么多仿品，不还是有人愿意花十几万买个包，质量手感不一样,0
2024/6/1 13:49,之前在瑞典买比国内合适很多，不用平替。,0
2024/6/1 13:49,中国代工厂：谁也别想多赚国人一分钱 我们自己赚[黑脸],1
2024/6/1 13:50,知道了,0
2024/6/1 13:50,啊 下次在卖内裤 一定要重点说一下 给我老公买几盒。。。太费内裤了,0
2024/6/1 13:50,活零活现,0
2024/6/1 13:51,我在HM app上买的运动系列。材质也不错[呲牙],0
2024/6/1 13:51,我那个应该是清货的，卖完就没了。可惜我只买到一条，所谓黄油触感。[捂脸][捂脸]。淘宝有这种快闪店，其实现在退货也方便，买了不对退就是了。希望你也好运气。,0
2024/6/1 13:53,人人存善念，并能日行一善，则个人、家庭、社会一定安乐祥和。这世上，有时笑笑人家，有时给别人笑笑自己，放轻松，给自己快乐，也给别人快乐。@曹国伟,0
2024/6/1 13:54,我去专柜问 说国内没有这个服务,0
2024/6/1 13:54,青春的光芒，在冉冉升起时会很明亮；青春的花朵，在经历过风霜雪雨后会熠熠生辉；青春的历程，在不断搏击后才能谱写壮丽篇章 ,0
2024/6/1 13:54,我们常说的要加油啊 并不是觉得你不够努力 也不是要你跟别人比成就 而是由衷地觉得你不止于此 你值得更好的 希望你可以被善待被偏爱 所以你不要放弃 再努努力呀！,0
2024/6/1 13:54,??#阳光信用#  ??#每日一善# 利人的德性我以为就是善。—— 培根,0
2024/6/1 13:55,反正我们是制造国，啥玩意儿没有！国内产品出去镀个金换个标签光看价格确实高档,0
2024/6/1 13:56,哪个奢侈品没有代工厂？,0
2024/6/1 13:56,真lu体感完全不一样好吧,0
2024/6/1 13:57,@jessie,0
2024/6/1 13:57,侵权就侵权呗，反正是加拿大的牌子。吸外国品牌的血没啥可耻。,1
2024/6/1 13:57,身材好才是真的[OK],0
2024/6/1 13:58,请问你店面是啥啊？在哪卖啊,0
2024/6/1 13:58,背景音乐是？,0
2024/6/1 13:58,请问店子在哪啊？叫啥啊,0
2024/6/1 13:58,我还是建议建立自己的品牌来抗衡，而不是A人家的,0
2024/6/1 13:59,要是我没买过露露我差点信了，实体店买的，穿了几次就开始起球，真能吹这个牌子[尬笑],1
2024/6/1 13:59,这牌子不算贵吧,0
2024/6/1 13:59,试试香港品牌Gourami. 在北京有一家店，香港有几家，很小众,0
2024/6/1 14:00,没错,0
2024/6/1 14:00,只能说明你没穿过  如果你穿过 你绝对讲不出这种自欺欺人的话  其实如果觉得贵 买其他牌子  平价keep 迪卡侬…… 有很多选择  但是不要说什么都一样  无非自我安慰,1
2024/6/1 14:00,lulu抓准了女性心理,0
2024/6/1 14:00,生命的丰盈，在于内心的饱满，生活的美好，源于一颗平常心，心有阳光才有暖意。?@曹国伟,0
2024/6/1 14:00,塔塔王妃代工的,0
2024/6/1 14:01,智商税谁爱交谁交,1
2024/6/1 14:02,我是lulu也买  平替也买  真的没有完全的平替   面料大多 不一样    而且平替的版型好不好也是全靠缘分  但是lulu大多数版型是在线的,0
2024/6/1 14:02,试试网球服 wilson 你会发现比Lulu 更好穿 ，且性价比更高,0
2024/6/1 14:02,塔塔王妃 做健身的都知道,0
2024/6/1 14:03,只买对的，不买贵的,0
2024/6/1 14:03,在加拿大可能没有，在中国有啥不能平替啊,0
2024/6/1 14:03,去过一次店里 感觉很多短裤背心和zara 没差 品牌溢价吧,0
2024/6/1 14:03,女生的瑜伽裤不知道  反正我买了两条运动短裤感觉很一般[泣不成声],0
2024/6/1 14:04,穿过的都知道，lulu绝对没有平替，购买只有零次或无限次,0
2024/6/1 14:04,@钱多多有福???? 确实好看,0
2024/6/1 14:04,男性的也很舒适，上身了才知道,0
2024/6/1 14:05,我买了一条裤子49.9,0
2024/6/1 14:05,因为贵所以没有平替……,0
2024/6/1 14:05,迪卡侬,0
2024/6/1 14:06,@玛卡巴卡睡不着,0
2024/6/1 14:08,你若盛开蝴蝶自来，你若精彩天自安排，心中有爱，青春常在！@曹国伟,0
2024/6/1 14:09,吴冰雪有钱,1
2024/6/1 14:09,对啊[尬笑]版型无可替代[流泪],0
2024/6/1 14:09,@lui lulu的衣服只有一件和无数件[色],1
2024/6/1 14:09,善良是一种美德，善良是一种远见，善良是一种自信，善良是一种精神力量，善良是一种以逸待劳的沉稳，善良是一种文化，善良是一种快乐，善良一种乐观。,0
2024/6/1 14:10,可是太贵了[流泪],0
2024/6/1 14:10,内裤哪里买啊这个可是常年换的,0
2024/6/1 14:11,只管全力以赴，不去想太多。在平淡和偶尔重复的日子里，都要保持高高兴兴。 ,0
2024/6/1 14:11,提名蕉下 ubras,0
2024/6/1 14:12,没有平替,0
2024/6/1 14:12,@一顿三碗饭?? 这是什么,0
2024/6/1 14:12,中产的三大法宝之一,0
2024/6/1 14:12,真的非常虚高，那种料子再怎么样也不可能超过30一米，工厂量产的玩意儿又不是私人订制，一条普通裤子手工费也不可能超过200吧，难道打版师打版费要过亿吗？瑜伽老师还指定要买这个牌子，果断网上找代工，瑜伽老师还乐呵呵的狂夸,1
2024/6/1 14:12,现在可以不看厕所了，看产线员工年龄，能留住年青人的不会太差,0
2024/6/1 14:13,六一快乐！,0
2024/6/1 14:13,Lulu真的没有平替 穿一次爱上一辈子[比心][比心],0
2024/6/1 14:14,你在广东但凡接触一下服装行业都明白的[泪奔]品牌设计剪裁最终看的还是料子 以前一身打球的衣服小一千 现在100都能整两套[泪奔],0
2024/6/1 14:14,超值平替app1688 宁波大树服饰有限公司,0
2024/6/1 14:15,不说废话，就是便宜，然后科技感也没那么玄，反正消耗品，过的经济实惠了,0
2024/6/1 14:15,印度??,0
2024/6/1 14:15,怎么突然上热搜了,0
2024/6/1 14:16,心动,0
2024/6/1 14:16,时间长了，差距更大,0
2024/6/1 14:17,lulu的面料是独家专利 市面上没有真正做到一模一样的“平替”,0
2024/6/1 14:18,这个东西还是有点设计的,0
2024/6/1 14:19,这真的很烦,1
2024/6/1 14:19,@Micheal 恶毒的商战,1
2024/6/1 14:19,一般般，不大,0
2024/6/1 14:19,面料真的是无法平替,0
2024/6/1 14:20,午安午安,0
2024/6/1 14:20,实在找不到链接,0
2024/6/1 14:21,哪有那么多平替[捂脸]自己穿上试试就知道了呀,0
2024/6/1 14:21,平替的品质，作为买家大多是没有辨识力的,1
2024/6/1 14:21,包包和珠宝这些，都不用时间长，我觉得只要放在正版旁边，立刻一个正主一个丫鬟,1
2024/6/1 14:22,[泣不成声][泣不成声][泣不成声],0
2024/6/1 14:22,[舔屏],1
2024/6/1 14:23,[舔屏],1
2024/6/1 14:24,lulu主要是面料,0
2024/6/1 14:25,不能平替，面料完全不一样,0
2024/6/1 14:25,不掉呢,0
2024/6/1 14:25,国外也不贵 特别打折的时候它更便宜,0
2024/6/1 14:25,@??： 彤彤,0
2024/6/1 14:25,&quot;我和范冰冰构成还一样呢&quot;这句怎么那么干脆又好笑哈哈哈哈哈,0
2024/6/1 14:25,回复@风中的厂长:最近广告的文案有点哈哈哈,0
2024/6/1 14:26,我买鸟花大几千我觉得正常但是买瑜伽服一千多觉得不值,0
2024/6/1 14:26,买了这么久 目前没见过一样的平替,0
2024/6/1 14:26,为什么我倒觉得lulu裤型真的挺一般的呢，关键是挺容易起球，裤腿动不动就窜上去了，唯一好处就是没有尴尬线。虽然不好，可还是买了不少，不过也找了平替，真香。,0
2024/6/1 14:27,哈哈哈哈,0
2024/6/1 14:28,看新闻知天下事,0
2024/6/1 14:28,怎么可能有真正的平替[冷漠]贵有贵的道理,1
2024/6/1 14:28,人人存善念，并能日行一善，则个人、家庭、社会一定安乐祥和。这世上，有时笑笑人家，有时给别人笑笑自己，放轻松，给自己快乐，也给别人快乐。同学丢一张纸屑—那是制造恶业；我们捡起一张纸屑—这是累积善业。,0
2024/6/1 14:29,@今年18岁 @STAY SILENCE,0
2024/6/1 14:29,我真的对这些所谓的运动品牌无感！包括FILA Lululemon之类，感觉不值这个钱，如果真好看还好，就怕又丑价格又高，说品牌吧又不是个啥老钱品牌我宁愿买Nike Adidas之类,1
2024/6/1 14:29,@奶油小泡胡,0
2024/6/1 14:30,期待《无忧渡》、《流水迢迢》、《凤凰台上》@任嘉伦Allen ,0
2024/6/1 14:30,@7饭儿 今天才知道…,0
2024/6/1 14:31,好是好，可是真贵。反正一个月挣三千的我买不起。[尬笑]运动在于坚持，舒服的瑜伽服足矣。,0
2024/6/1 14:31,是的呢国内比国外贵一点,0
2024/6/1 14:32,天呐 链接在哪里,0
2024/6/1 14:32,一件衣服而已,0
2024/6/1 14:32,准备一个打球机,0
2024/6/1 14:32,总是出现源头加工厂的白菜价平替，这些国际品牌会否不再选择中国生产了呢…,0
2024/6/1 14:32,我就不信服装这种东西在中国找不到平替，小资情调带来的优越感找不到平替才是真的[不失礼貌的微笑],0
2024/6/1 14:32,[色][色][色],1
2024/6/1 14:33,图2是啥型号,0
2024/6/1 14:33,儒鸿的料子买都买不到,0
2024/6/1 14:33,没找到货源,0
2024/6/1 14:34,莆田一大堆,1
2024/6/1 14:34,回复@周于斯:哈哈哈哈哈哈哈哈,0
2024/6/1 14:35,@勇敢小熊熊,0
2024/6/1 14:35,我见过一个商家在三个平台都有号还不标一样价的，恶心死我了,1
2024/6/1 14:36,我找了这么久，始终找不到平替，lulu 的衣服是真的好穿，只有零数和无次数[捂脸][捂脸][泪奔][泪奔],0
2024/6/1 14:36,估计评论里 骂得最凶的 都是没穿过的,1
2024/6/1 14:36,管他呐！啥衣服也不妨碍我劈叉,0
2024/6/1 14:37,面料肯定不一样。1.lulu面料都是有专利的，早期是台湾日本的专业的编制工艺的大厂面料，2.所谓一样是成份和手感类似，哪怕原厂面料只会给你相似结构的同类产品，但是肯定不是一模一样的，会侵权的。第三就是他们平替说的一样是有能力的面料工厂大厂拿lulu的面料去做的，现在有些大厂有做的更好一些,0
2024/6/1 14:37,人家说舒适度，你说代工，,1
2024/6/1 14:37,质量不好是也是真,0
2024/6/1 14:37,给我推荐个平替吧 露露好穿就是太贵了,0
2024/6/1 14:37,本来就是品牌溢价罢了,0
2024/6/1 14:37,@拍马屁的屁,1
2024/6/1 14:38,@谢羽琪 用你的视频,0
2024/6/1 14:38,@没有名zi！ @little sheep 你俩买的是这个牌子吗,0
2024/6/1 14:38,你好 有代购推荐嘛[流泪],0
2024/6/1 14:38,你好 有推荐嘛[流泪],0
2024/6/1 14:39,为什么我觉得还是有不同,0
2024/6/1 14:39,忘了。。略厚,0
2024/6/1 14:39,面料还真的不一样 夏天流汗了 衣服没有汗味,0
2024/6/1 14:39,用不上,0
2024/6/1 14:39,虚高产品。,1
2024/6/1 14:39,面料出了汗也没有汗味 夏天真的不错,0
2024/6/1 14:40,@丸丸丸丸丸,0
2024/6/1 14:40,压根没有平替[笑哭],0
2024/6/1 14:41,@某鑫mx,0
2024/6/1 14:41,[抱抱你][抱抱你][抱抱你][抱抱你],0
2024/6/1 14:42,赞同！,0
2024/6/1 14:42,鸟是冲锋衣,0
2024/6/1 14:42,姐妹有没有链接,0
2024/6/1 14:43,代工都假的不能再假了,1
2024/6/1 14:43,没那么夸张,0
2024/6/1 14:43,我居然不知道这个牌子[宕机],0
2024/6/1 14:44,@辰逸困了,0
2024/6/1 14:45,@MISSPONYO轻奢家居生活馆 试试他家的 你就知道一样不一样了,0
2024/6/1 14:45,也不知道谁给他们的勇气定价那么高，又没有什么高科技，就是割韭菜的,1
2024/6/1 14:45,在中国更卖不动，pdd上十几块的都比它好用,1
2024/6/1 14:45,好像不能直接在抖音发其他平台网址吧[捂脸],0
2024/6/1 14:46,产品都一样，只是品牌溢价高,0
2024/6/1 14:46,lulu质量真的堪忧 穿一次必开线 只是觉得这个价钱买正品 不值 买过正品买过复刻除了版型其他真都没区别 [捂脸][OK][OK],0
2024/6/1 14:46,@,0
2024/6/1 14:46,一直是在厂长家买的，质量很好,0
2024/6/1 14:46,心，只有一颗，不要装的太多。人，只有一生，不要追逐的太累。心灵的愉悦，来自精神的富有；简单的快乐，来自心态的知足。爱，很简单，只要每天都会彼此挂念，就是踏实的温暖。,0
2024/6/1 14:46,同意,0
2024/6/1 14:46,如果你失败99次，那就努力凑个整数,0
2024/6/1 14:46,求链接,0
2024/6/1 14:47,我买过平替，退了，的确不一样,0
2024/6/1 14:47,哪里有平替[捂脸]，露露每次上新我总要去买一件。,0
2024/6/1 14:47,@源头QD飒 这个无敌,0
2024/6/1 14:49,为啥起球,0
2024/6/1 14:49,我一男的也喜欢lulu的衣服  没有任何的平替[捂脸],0
2024/6/1 14:49,@wybaby 你的是不是lulu,1
2024/6/1 14:49,我也是这么想的，挺着个大肚腩穿多少钱的都不好看。最贵的是身材。,1
2024/6/1 14:50,买他家才不值，性价比低到0,1
2024/6/1 14:50,@Zzz_777,0
2024/6/1 14:50,买他家才不值，性价比低到0，被炒起来的,1
2024/6/1 14:50,加拿大代购,0
2024/6/1 14:51,没穿过，大概是太贵了吧,0
2024/6/1 14:51,真当人家是人傻钱多呢,1
2024/6/1 14:52,早起的露露真的值得买。一件夹克打折500RMB，暗袋做了六个 甚至还有口袋里装网袋。就很用心,0
2024/6/1 14:52,@大宝宝??,0
2024/6/1 14:52,舒服在哪,1
2024/6/1 14:52,还是东西简单，没有核心的技术，什么光刻机啊，高端英伟达，想买都买不到。,1
2024/6/1 14:53,向日葵告诉我，只要面对着阳光努力向上，日子就会变得单纯而美好。@曹国伟,0
2024/6/1 14:53,得了吧[捂脸]你穿点好的吧，咋没平替，再说你们是怎么感觉舒服的？不都那玩意??剪裁还行，但是几十块钱的也有剪裁,1
2024/6/1 14:54,买一件试试就知道了呗,0
2024/6/1 14:54,@贾宝贝的日记,0
2024/6/1 14:54,这身材太好了，穿什么都好看,0
2024/6/1 14:55,人生只有走出来的美丽，没有等出来的辉煌。最幸福的事情不是活得像别人，而是在努力之后，活得更像自己。,0
2024/6/1 14:55,买过但不是我自己穿[泪奔]，女朋友说差别没有很大,0
2024/6/1 14:56,怎么买到？[尬笑],0
2024/6/1 14:56,好穿[送心],0
2024/6/1 14:56,生活，需要一点阳光，生命，需要一些勇敢，纠结过去，担心未来，都不如抓住当下，过去是梦，未来是影，现在才是真真切切的人生。,0
2024/6/1 14:56,觉得差别不大 那就那个合适买那个 我穿着确实目前没有能平替的[捂脸],0
2024/6/1 14:56,@king小???? @邱小样???? @Nuyoah_ @Rr @Jiarrrrrr @小星星??,0
2024/6/1 14:56,不买平替，不一样的[玫瑰],0
2024/6/1 14:57,@鱼的 @云起雷鸣??,0
2024/6/1 14:57,[抱拳][抱拳][抱拳],0
2024/6/1 14:57,可以的，她是很多种牌子的瑜伽裤换着穿，我送她的lulu反而穿的少[泪奔],0
2024/6/1 14:57,诡计多端,1
2024/6/1 14:57,虚荣心,0
2024/6/1 14:57,才买了件送我姨，能不能晚几个月发这消息很尴尬,0
2024/6/1 14:58,有推荐吗,0
2024/6/1 14:58,就是塑料冰丝布(选浓密)+浓密拉链，就行，[抱抱你],0
2024/6/1 14:58,还是我明智[比心],0
2024/6/1 14:58,[赞][赞][赞][赞][赞],0
2024/6/1 14:59,只要卖的贵，起球都没事，自有韭菜为我辩经[呲牙],1
2024/6/1 15:00,我好几套没有发现起球,0
2024/6/1 15:00,@Snow??,0
2024/6/1 15:01,总算看到个正常的评论了,0
2024/6/1 15:01,我一直在思考，这家衣服得要多细狗才能穿着合身……,1
2024/6/1 15:01,[舔屏][色][舔屏][色][舔屏],1
2024/6/1 15:02,@双层吉士堡 我服了这商战[捂脸],0
2024/6/1 15:02,说不定专柜就是在一个代工厂拿的货,1
2024/6/1 15:02,北面的也很一般般，之前买的3000块羽绒服觉得不值,0
2024/6/1 15:02,@16樱桃,0
2024/6/1 15:02,[绝望的凝视][绝望的凝视],1
2024/6/1 15:03,吃饭吃野菜也行 为什么还要吃肉海鲜,0
2024/6/1 15:04,55岁穿瑜伽裤？,1
2024/6/1 15:04,根本没有所谓的平替。,1
2024/6/1 15:04,款式也越来越没前用心了,1
2024/6/1 15:05,怎么会这样？我们工厂接个小品牌的单，客户都一审再审，确保你有能力（包含信息安全）做啊。如果我们今天刚给客户出货，明天就拿出同样的东西卖，甚至还打着它名号卖，那估计会死得很难看,0
2024/6/1 15:06,@电话打不彤 [比心],0
2024/6/1 15:07,成功不属于那些跑得快的人，而是属于那些一直在跑的人，只要认定内心想要的，并持之以恒为之付出，每个人都能成为人生的赢家。,0
2024/6/1 15:07,各种炒作,1
2024/6/1 15:08,lulu没有平替，那个面料和版型,0
2024/6/1 15:08,一开始我也觉得肯定有平替，直到我去了折扣店试穿了实物，我才知道这玩意真没平替。而且hk折扣店两件4折，背心一件到手才一百多,0
2024/6/1 15:09,确实，一条瑜伽裤1000多,0
2024/6/1 15:09,人生这条路很长，未来如星辰大海般璀璨，不必踟蹰于过去的半亩方糖。那些所谓的遗憾，可能是一种成长。那些曾受过的伤，终会化作照亮前路的光。,0
2024/6/1 15:09,[捂脸],0
2024/6/1 15:09,lulu根本没有平替啊啊啊啊[黑脸],1
2024/6/1 15:09,有的 看哪个店,0
2024/6/1 15:10,平替真心一大把 好多小众品牌alo也很不错啊,0
2024/6/1 15:10,Nike有没有平替,0
2024/6/1 15:12,可爱买lulu了 没试过平替的 版型真的好[捂脸],0
2024/6/1 15:12,有钱就买呗人家[捂脸][偷笑]谁认识啊多余,1
2024/6/1 15:12,现在不买不到平替，再过几年给你表演烂大街[看],1
2024/6/1 15:12,努力的最大动力，在于你可以选择你想要的生活，而不是被生活选择。 @曹国伟,0
2024/6/1 15:13,能买lulu的也不需要平替吧，没穿过lulu的觉得几十块的也挺舒服的[捂脸],0
2024/6/1 15:13,无所谓，反正不是咱们本土品牌，没什么好珍惜的，倒闭了也不心疼,1
2024/6/1 15:13,见善迁，有过改。@曹国伟,0
2024/6/1 15:14,@@Iridescent_,0
2024/6/1 15:15,厂长这个内裤我买过确实舒服，唯一的问题就是????那的内衬，洗一次后就有点坏了，这个希望能改善一下，感觉就是内衬布料太薄导致的,0
2024/6/1 15:15,因为火逛了无数次了 但是真的找不到一件喜欢的衣服,0
2024/6/1 15:15,lulu哪有平替[疑问]  它的衣服短裤就是好穿 每周都买,0
2024/6/1 15:17,他家的裤子真的很好穿[流泪],0
2024/6/1 15:17,算是反噬吧 当我知道它一条瑜伽裤买八百多的时候我就知道好不了[尬笑],0
2024/6/1 15:17,五六十的很好穿，不掉档,0
2024/6/1 15:18,你好主播美女主播,0
2024/6/1 15:19,@翔,0
2024/6/1 15:19,啊，不就是很普通的运动服吗，这么好穿吗,0
2024/6/1 15:20,@Miss_Y.,0
2024/6/1 15:20,是的，目前100多就能买到仿的很真的，200多能买到一样的面料的，外观都是一模一样的。谁还花1000多买呢.了。。白给美国人割吗？,1
2024/6/1 15:21,不要平替 来柬埔寨福利lu,1
2024/6/1 15:21,等待着一个透着温情的微笑，你不来，我不老。@罗云熙Leo,0
2024/6/1 15:21,运动内衣也吊打很多运动品牌[泪奔]真的贼舒服[流泪],0
2024/6/1 15:22,不要平替 来我们的柬埔寨福利lu,1
2024/6/1 15:22,某些她能这样花钱，不是因为她们多有钱，而是她们习惯花钱给自己享受，而责任留给男人承担～,1
2024/6/1 15:22,可是我真的很喜欢lulu 我找不到真正的平替啊,0
2024/6/1 15:23,老实说，肯定会有品牌溢价的,0
2024/6/1 15:24,替不了。来我们的柬埔寨福利lu,1
2024/6/1 15:24,可是我给我女朋友买的他们家内裤掉色[捂脸],0
2024/6/1 15:24,29-39刀,1
2024/6/1 15:25,专柜里买的可以换,0
2024/6/1 15:25,哈哈哈哈,0
2024/6/1 15:26,这个牌子还真没有听过,0
2024/6/1 15:27,性价比,0
2024/6/1 15:27,努力去尝试和攀爬算不上轻松，但异常的漂亮和值得，以后也要和自己好好相处，全力以赴。 ,0
2024/6/1 15:27,真的[晕][晕]我去实体店试了直接买了,0
2024/6/1 15:29,平替   只是样子一样而已     穿出来差别挺大,0
2024/6/1 15:29,自己的命运从来都是掌握在自己的手中，好生活在于进取，也在于知足。做自己喜欢的事，才是人生的态度。,0
2024/6/1 15:29,本来就是一群有钱花不掉的傻子才会去买的…,1
2024/6/1 15:29,买过正品和平替，面料舒适感感觉真不一样,0
2024/6/1 15:29,说得很好,0
2024/6/1 15:30,人人存善念，并能日行一善，则个人、家庭、社会一定安乐祥和。这世上，有时笑笑人家，有时给别人笑笑自己，放轻松，给自己快乐，也给别人快乐。同学丢一张纸屑，那是制造恶业；我们捡起一张纸屑，这是累积善业。,0
2024/6/1 15:30,？？？,0
2024/6/1 15:31,找了这么久，始终找不到平替，lulu 的衣服是真的好穿，只有零数和无次数！[比心][比心][比心],0
2024/6/1 15:32,青年人，更重要的是看到明天，抓住今天，在宁静中奋进，也许在明天旭日出山之前，你又创造了奇迹！@曹国伟,0
2024/6/1 15:32,相当一般，线头做工问题跟安德玛一样，只不过定价更韭菜而已，所谓的舒适感只是拿十倍于别的短裤短袖的价差来换的，边际收益低到离谱，运动穿就是个消耗品，又不像压缩裤能提升运动表现,1
2024/6/1 15:33,不加香菜[赞][赞][赞],0
2024/6/1 15:34,他家终身保修，你是不喜欢换新么 [九转大肠],0
2024/6/1 15:34,厂子，我特别喜欢lulu，假如方便的话pingti上一些？哈哈哈哈哈，正品这两年贵了好多,0
2024/6/1 15:34,到底是谁在吹Lululemon？我买了几套好像也就那样,1
2024/6/1 15:34,人生最大的喜悦，就是遇见彼此同频道的那一盏明灯，你点燃我的激情，我点燃你的梦想；你照亮我的前途，我指引你走过黑暗的旅程。你我，彼此是贵人，相互辅助，成就了对方！甚至成为一生的合作伙伴。鲜花盛开，蝴蝶自来！其实不是有了人脉才能做许多事情，而是做了很多事情才会有人脉！,0
2024/6/1 15:34,贵不贵取决于收入,0
2024/6/1 15:35,有儿童款的么？,0
2024/6/1 15:35,愿我们不争不抢，却有岁月打赏。愿我们不慌不忙，笑对静好时光。,0
2024/6/1 15:35,@麻辣女兵在下水道,1
2024/6/1 15:36,下午好,0
2024/6/1 15:36,而且平替还不掉色[泪奔],0
2024/6/1 15:36,我买lulu纯粹是愿意为了舒适感买单，至少其他品牌没有让我觉得比lulu好穿，所以我也不会去试错平替,0
2024/6/1 15:36,然后除了面料之外，lulu的做工车线四针六线的线用的是英国大牌线，国内品牌也有人开始用，但是同一类品牌的线价格也不同品质也不同，这个品牌的线是普通线价格的二十倍不等，卖lulu一半价格的同类品牌用的它家线也是一半价格的比lulu软和糯的线，国内皮肤比欧洲人要软。还有剪裁，版型也不同,0
2024/6/1 15:38,我都买假货，30多，质量很好,0
2024/6/1 15:39,如果你要选择前方，那就不要再留恋过去的温暖，带上你的倔强与骄傲，就像向日葵迎着太阳，你也要迎着远方。@曹国伟,0
2024/6/1 15:39,原本标得价格太高,0
2024/6/1 15:40,阳光，是前行的火，点亮我们前行的灯；阳光，是前行的灯，照亮我们前行的路，拥有阳光，帮助我们驶向成功的码头。,0
2024/6/1 15:40,一直都穿的Lululemon很舒适，不相信平替[流泪],0
2024/6/1 15:41,中国卖的动,0
2024/6/1 15:41,真要命！,1
2024/6/1 15:41,趁你现在还有时间，尽你自己最大的努力，努力做成你最想做的那件事、成为你最想成为的那种人，过着你最想过的那种生活。这个世界永远比你想的要更精彩，不要败给生活。,0
2024/6/1 15:41,就这么说吧，服装产业相当成熟，成本低的要死,0
2024/6/1 15:42,不是每个人都能成为，自己想要的样子，但每个人，都可以努力，成为自己想要的样子。相信自己，你能作茧自缚，就能破茧成蝶。,0
2024/6/1 15:43,各种奢侈品牌开发到极点[呲牙],0
2024/6/1 15:43,没听说过这个牌子,0
2024/6/1 15:43,我个人觉得lulu的衣服没有平替，完全不一样,0
2024/6/1 15:45,基本日常通勤的衣服都是乐，30岁的男性拒绝油腻就他了,0
2024/6/1 15:46,露露,0
2024/6/1 15:47,感觉几十块的穿着也不错，至少不会有尴尬线,0
2024/6/1 15:48,佛山的奥莱超级便宜,0
2024/6/1 15:49,人生无常，最重要的不是你处的位置，而是你所朝的方向。你不能决定生命的长度，但你可以控制它的宽度；你不能左右天气，但你可以改变心情。,0
2024/6/1 15:49,@知延年 @发呆荔枝糖 @不吃辣. @月亮不营业?? @刘不住 @钱钱进入我兜 @福多多 @77. here @芝士菠萝蜜,0
2024/6/1 15:51,同款找我[比心],0
2024/6/1 15:51,[捂脸][捂脸][捂脸],0
2024/6/1 15:51,余生很贵，努力活成自己想要的样子，愿你能穿运动鞋撸铁汗如雨下，也能穿高跟鞋潇洒貌美如花，不负青春，不负自己。,0
2024/6/1 15:51,我找了这么久，始终找不到平替，lulu 的衣服是真的好穿，只有零数和无次数,0
2024/6/1 15:51,没有平替，lululemon的正品真的舒服！！其他试过一次，再也不买了。,0
2024/6/1 15:52,@H? 你努努力给我买lulu,1
2024/6/1 15:52,秋裤外穿展示身材[大笑],0
2024/6/1 15:52,肤感意会不能言传。而且每个人的感觉都不一样，因为我工作原因，瑜伽裤是天天穿，它能做到出汗不闷，包裹性超好，不觉得压肉，看着体型都要好点，哈哈，个人感觉，不喜勿喷,0
2024/6/1 15:53,一般这种评论就是平替商家[捂脸],0
2024/6/1 15:54,真不一样，50块钱的味道特别重,1
2024/6/1 15:54,善良是一种美德，善良是一种远见，善良是一种自信，善良是一种精神力量，善良是一种以逸待劳的沉稳，善良是一种文化，善良一种乐观。@曹国伟,0
2024/6/1 15:56,梅林下午好呀^_^梅林周六愉快，梅林六一儿童节快乐！善不是一种学问，而是一种行为。保持善良，拥有善良，将成为世上最受眷顾的人。,0
2024/6/1 15:56,这品牌能火本来就很神奇,1
2024/6/1 15:56,呵呵[泪奔],0
2024/6/1 15:56,可拉倒吧 写这个文章的人去过美国吗,1
2024/6/1 15:58,每一天都做一件小小的善事而日积月累，这样就能够积少成多，达到三千功德，收获一种发自内心的满足与幸福同时也就是在为自己集福。,0
2024/6/1 15:59,哦[泣不成声][泣不成声][泣不成声][泣不成声][泣不成声][泣不成声][泣不成声][泣不成声][泣不成声][泣不成声][泣不成声][泣不成声],0
2024/6/1 16:00,城市慷慨亮整夜光，如同少年不惧岁月长。,0
2024/6/1 16:00,那就加100，保证没味道,0
2024/6/1 16:02,苹果和小米都是富士康出的,0
2024/6/1 16:02,在人生的旅途中，如果用心去发现人世间的美好，用心去感恩世界所给予你的一切，你就会成为热爱生活、乐于助人、勤于奉献的人。,0
2024/6/1 16:02,快消品赶上奢侈品了,0
2024/6/1 16:03,有银离子，黑科技,0
2024/6/1 16:04,善良是一种修养，善待他人就是善待自己，要想得到别人的爱，首先要学会爱别人，一个善良的人一定是温暖的人，乐于助人的人，懂得珍惜和感恩的人。,0
2024/6/1 16:05,厂长，这次的雾道紫澜门衣服价位有点儿高啊,0
2024/6/1 16:05,真真假假分不出来,0
2024/6/1 16:06,大多数都是这样[泪奔],0
2024/6/1 16:06,那个瑜伽裤才好穿惨了，价格和质量香得,0
2024/6/1 16:06,安德玛，Nike，阿迪达斯，李宁巴拉巴拉很多品牌都有差不多的。,0
2024/6/1 16:06,一分钱一分货，不会变,0
2024/6/1 16:06,人人存善念，并能日行一善，则个人、家庭、社会一定安乐祥和。这世上，有时笑笑有时给别人笑笑自己，放轻松，给自己快乐，也给别人快乐。同学丢一张纸屑—那是制造恶业；我们捡起一张纸屑—这是累积善业。 ,0
2024/6/1 16:07,好货源滴滴我,0
2024/6/1 16:07,不是他们自己搞饥饿营销啥都没货 搞得好多人去找原单嘛,1
2024/6/1 16:08,@Anannaa_,0
2024/6/1 16:08,做自己的太阳，与山川湖海为伴，热爱生活，自信勇敢，保持善良，勇往直前。,0
2024/6/1 16:09,倡导富强、民主、文明、和谐，倡导自由、平等、公正、法治，倡导爱国、敬业、诚信、友善，积极培育和践行社会主义核心价值观，弘扬爱国主义精神，必须坚持立足民族又面向世界。,0
2024/6/1 16:09,路路,0
2024/6/1 16:09,我都是在微  商买平替，直接还可以，至少穿几年都没起球，还是中国技术??,0
2024/6/1 16:09,穿着秋裤就出门了[酷拽],0
2024/6/1 16:10,好穿,0
2024/6/1 16:10,这是真理,0
2024/6/1 16:10,我都是在微  商买平替，质量还可以，不起球，要不就是买迪卡侬，性价比比正品lulu高太多了,0
2024/6/1 16:10,当秋裤,0
2024/6/1 16:11,懂得尊重别人，也尊重自己的心声，学会调整，遇见困难了，多想想，没什么大不了;遇见喜事了，也别太放在心上，因为那只是一瞬间。懂得，一生中，名利只是过眼云烟，拥有再多，不如有份好心情。,0
2024/6/1 16:11,安德玛以前的运动紧身裤也贵，还不打折。不过后面，还是要打折,0
2024/6/1 16:12,辛福就像是一只蝴蝶，当你追逐它时，却难以到手；但，当你安静下来，它却有可能降落到你身上。,0
2024/6/1 16:13,日积一善，久则必为江河之水；日积一恶，久则必为星星之野之火。在他人之后，议他人之善，则易；处他人之位，为他人之善，则难。树远大志向，养浩然正气，立高雅情趣，读经典名著，皆养善之法。,0
2024/6/1 16:13,lulu也是代工，它有啥专利科技吗？[捂脸][捂脸],1
2024/6/1 16:14,"一般平价产品（卖一二百）这种货，材料层面几乎没区别，但你像lululemon LAB, Nike Lab这些高端产品线的面料，因为本身就有定制的属性，面料更贵，一般厂家根本拿不到货。对这些品牌来说，别信什么原单、平替。。。",0
2024/6/1 16:14,我找了这么久，始终找不到平替，lulu 的衣服是真的好穿，只有零数和无次数,0
2024/6/1 16:14,在哪能买到？,0
2024/6/1 16:14,你还别说，你还真别说[看],0
2024/6/1 16:15,日行一善，积善成德。人要有一颗善良的心、宽广的心、美好的心、感恩的心，这样才能去帮助有困难的人。,0
2024/6/1 16:15,要相信自己，善待自己，让自己的生活精彩纷呈，不要误认为是要让谁后悔，而是为了让自己的人生更精彩。,0
2024/6/1 16:15,如果都靠抄袭，盗版，没有人愿意原创，那经济就无法发展了,0
2024/6/1 16:16,@CQC [流泪],0
2024/6/1 16:16,日行一善，积善成德。人要有一颗善良的心、宽广的心、美好的心，感恩的心，这样才能去帮助有困难的人。我们日行一善，并不是放下手中的一切事情，刻意地去做好事，而是带着善心，给需帮助的人做力所能及的事。 ,0
2024/6/1 16:18,美德，一种远见， 善良是一种自信，善良是一种精神力量， 善良是一种以逸待劳的沉稳， 善良是一种文化，善良是一种快乐， 善良一种乐观。,0
2024/6/1 16:18,予人玫瑰手有余香,0
2024/6/1 16:19,[灵机一动]和保时捷说的一样，我们做产品全靠心有灵犀。,0
2024/6/1 16:20,向善是一种文明，也是一种光明。善良之举，需要人人拥有。善良之歌，需要人人唱和。让我们一起轻掬季风，淡挽流云，抚一弦清音，让幸福在平凡，平淡中盛开如兰，让善良之歌在红尘的原野里辗转悠长。 ,0
2024/6/1 16:22,只能说那个品牌本来科技含量就不高,1
2024/6/1 16:22,生活不能等别人来安排，要自已去争取和奋斗；而不论其结果是喜是悲，但可以慰藉的是，你总不枉在这世界上活了一场。@曹国伟,0
2024/6/1 16:23,善良是一束阳光，温暖着心田，善是一股清泉，滋润心间，善是一阵幽香，点缀心弦，去行善，让人感受那阳光，那清凉，那幽香。那扑鼻的甘甜，让人沉醉。  ,0
2024/6/1 16:23,盗版就是盗版，有本事自创一个品牌卖，看看销量能不能上来,1
2024/6/1 16:23,来了来了来了来了,0
2024/6/1 16:23,确实舒服 但是贵了点,0
2024/6/1 16:24,爱国、敬业、诚信、友善。  善不可不弘，恶不可不去。  善心人人有，快乐你我他。 善念养善心，善心生善念。 德不积不厚，善不行不成。 人往高处走，善在心中留。 至宝不常现，至善不常有。 行莫于恭敬，善莫于用心。 由善入恶易，由恶入善难。 心中不可少善，行事不可无善。,0
2024/6/1 16:24,这话你放在服装行业上走不通，又不是啥重大科技，技术壁垒也不高,0
2024/6/1 16:25,是啊！ 连着科技含量不高的都要抄袭，申的事[尬笑],1
2024/6/1 16:26,贵多少,0
2024/6/1 16:26,仿制就是仿制，还冠以平替，替代得了吗,1
2024/6/1 16:26,lulu没有平替，质感和版型完全不一样,0
2024/6/1 16:26,善行缘于善心，有着善的心灵，就如同一股清泉，永不枯竭，清纯甘甜，发自内心的善，才会有善行善举，唯善之心处处欢声笑语，处处和气生财。,0
2024/6/1 16:26,哈哈哈对身材要求真的高,0
2024/6/1 16:27,人之初，性本善，每个人的心底都有一颗善良的种子，善良是灵魂的微笑，善良是对生命的感恩，是一种至善至美的心灵境界，善良可以驱赶寒冷，横扫阴霾，人生路上用一颗善良的心来对待生命的际遇，生活就会处处明媚。,0
2024/6/1 16:27,尊嘟不懂设计师的思维,0
2024/6/1 16:28,来了来了,0
2024/6/1 16:28,我觉得也是，不符合我的审美,0
2024/6/1 16:28,抄袭模仿确实遥遥领先[感谢][感谢],1
2024/6/1 16:29,好好活着，不要抱怨生活，就算生活的不如意，就算生活在最底层，一无所有又如何，毕竟你还活着，还拥有自我，这已是最大的幸运!,0
2024/6/1 16:29,说有很大差别的给我说说具体是哪些差别,0
2024/6/1 16:29,笑对生活是一种态度，善待人生是一种境界。感恩拥有的一切，珍惜身边的朋友，享受每天的阳光，快乐无忧地生活，就是最美的时光。感恩所有的遇见。,0
2024/6/1 16:29,链接在哪,0
2024/6/1 16:30,那次的防晒衣手感就有冰凉感实在太香了,0
2024/6/1 16:31,真的有平替和代工吗，真诚发问，目前买过好多没有能比得上正品的，正品除了贵没毛病,0
2024/6/1 16:32,我有好几条[得意][呲牙]，天天穿,0
2024/6/1 16:32,我孤陋寡闻，不认识这个品牌,0
2024/6/1 16:33,何止这一个品牌，高仿多了去了，服饰类的产品本身价值并不高，也没啥科技,0
2024/6/1 16:33,那你倒是解释下，盗版为啥要贴lululemon的牌,1
2024/6/1 16:34,[捂脸][捂脸][捂脸],0
2024/6/1 16:35,出厂价估计25左右[尬笑],0
2024/6/1 16:35,你买1000的就是了。[尬笑][尬笑][尬笑],1
2024/6/1 16:39,说白了这个品牌没有拿得出手的科技随便仿造[捂脸],1
2024/6/1 16:40,没找到过 买了四五百一件的仿品 差别大了,0
2024/6/1 16:40,没什么高新科技 就是成本?运营除非垄断就是加点品牌溢价[捂脸] 越贵割的越多,1
2024/6/1 16:40,都是石油衍生品，品牌溢价占大头,0
2024/6/1 16:41,@木木木小星,0
2024/6/1 16:43,鞋子到处仿造，小厂谁都能干,1
2024/6/1 16:43,想要实用能用就买平替款，抱有任何捡便宜、花小钱办大事的期待去买平替的，十有八九踩雷,0
2024/6/1 16:44,lulu很舒服，平替也很舒服哈哈哈哈哈哈，但是不得不说有一些平替会掉裤子,0
2024/6/1 16:44,本来就不是啥昂贵的东西,0
2024/6/1 16:45,一个衣服品牌而已  扯什么经济发展？,1
2024/6/1 16:45,身材还ok，也不爱运动，买lulu完全为了跟风搭配跟懒人穿搭，真的假的混穿，没觉得太大区别，但是价格确实区别很大。衣柜里有就行，版型剪裁确实不错，但也是可以复刻的，没觉得多神奇。,0
2024/6/1 16:46,户外登山包，速干衣，会有吗,0
2024/6/1 16:46,有钱以后请你送我一件lulu[色][色][色]lu门永存！@李想_,1
2024/6/1 16:49,厂长开一个平替合集吧，我们想找平替也没法分辨哪个好,0
2024/6/1 16:49,你要说支持正版知识产权还行  盗版不交税？ 莆田那么多厂都不交税？,1
2024/6/1 16:50,[看]拿货五十,0
2024/6/1 16:51,愿你的生命有够多的云翳，造成一个美丽的黄昏。,0
2024/6/1 16:51,你见过哪个莆田哪个盗版开发票的吗？[看],1
2024/6/1 16:53,呐[捂脸],0
2024/6/1 16:53,l,0
2024/6/1 16:54,认同,0
2024/6/1 16:55,@Pioneer?  感觉也很好仿制啊,0
2024/6/1 16:55,那不是假的吗,1
2024/6/1 16:55,打底裤来义乌,0
2024/6/1 16:57,@行者,0
2024/6/1 16:57,平替感觉能达到满足80%就很好了,0
2024/6/1 16:58,你以为lv没有么？只是lv这东西都是有钱人玩的，普通人一般不买，而水货有钱人看不上，所以仿制没那么大的价值而已[捂脸],0
2024/6/1 16:58,任何服装科技含量都不高[九转大肠]，贵的是牌子,0
2024/6/1 16:58,都知道成本是低，那为啥要去盗版lululemon的商标，咋不自创一个呢。求解释[看],1
2024/6/1 16:59,你不能把这个世界让给你所鄙视的人。 你不能既配不上自己的野心，也辜负了所受的苦难！ @曹国伟,1
2024/6/1 17:00,我的早起球起成蛋了,0
2024/6/1 17:01,网购也是。。,0
2024/6/1 17:02,言近而指远者，善言也;守约而施博者，善道也。――《孟子》@曹国伟,0
2024/6/1 17:04,不得不服确实好穿,0
2024/6/1 17:05,那我的1380的防晒衣 不香了[晕],0
2024/6/1 17:06,会不会因为出货快？正品国产转出口，出口再转内销？,0
2024/6/1 17:06,每个人感受不同，我穿着撸铁很舒服，比gymshark感受还要好,0
2024/6/1 17:08,就是专柜买的,0
2024/6/1 17:08,我在青岛买的青岛问的[捂脸],0
2024/6/1 17:08,我们享受的幸福时刻让我们大吃一惊。不是我们抓住了他们，而是他们抓住了我们,0
2024/6/1 17:11,一样样,0
2024/6/1 17:13,内鬼太多,1
2024/6/1 17:14,@颧骨老妹,0
2024/6/1 17:14,在万象城买的lululemon瑜伽裤，竟然起球了所以不再迷信了。,0
2024/6/1 17:14,一头牛才多少钱 可以做很多品牌,1
2024/6/1 17:15,假货就是假货 要点脸吧,1
2024/6/1 17:15,不可能，盗版的和正版的真的不一样,0
2024/6/1 17:15,那是为了告诉你，跟它版型一样。懂了吗？[呲牙],0
2024/6/1 17:16,50肯定啊，别人代工厂都说要280才行,0
2024/6/1 17:18,有需求就有市场,0
2024/6/1 17:18,我们就是工贸一体的瑜珈服厂家，在义乌，这玩意确实就这回事啊，国内卖50多，我卖国外100多，客户收到非常满意，有个客户直接无差别拿样，付款不带搞价的，国内上来就问1000件什么价，先拿1件看下样品,0
2024/6/1 17:18,有便宜的，就不买死贵的了,0
2024/6/1 17:18,lulu保值和lv一样吗,0
2024/6/1 17:21,有被科普到谢谢,0
2024/6/1 17:21,我的也快了,0
2024/6/1 17:21,冷知识:这个品牌的部分面料是绍兴柯桥一家纺织品公司提供的[捂脸][捂脸][捂脸][捂脸],0
2024/6/1 17:22,创新能力永远用在侵犯知识产权上面 而不是用在用心研发 超越上 悲哀,1
2024/6/1 17:23,[看]阿迪耐克,0
2024/6/1 17:23,真的不太一样 50的没有那么贵[泣不成声],0
2024/6/1 17:23,聚酯纤维好的多少钱一股嘛 再加人工 有啥好稀奇的,1
2024/6/1 17:23,严查230元差价哪去了,1
2024/6/1 17:29,好归好 logo老掉哈哈哈哈 还掉不干净 扣又扣不干净[捂脸],1
2024/6/1 17:29,280贵了[泪奔],0
2024/6/1 17:30,服装成本很低，想靠品牌溢价赚钱那是在产业不成熟的物资匮乏年代。再好的牌子也是那点材料,1
2024/6/1 17:30,是的，面料都是定制的。,0
2024/6/1 17:32,我男的，lulu我买了有快20件了。真的还可以。男装都是老干部服。又舒服又洗不白,0
2024/6/1 17:32,lulu前一阵都卖爆了[捂脸],0
2024/6/1 17:33,[西瓜][西瓜][西瓜],0
2024/6/1 17:34,??#阳光信用#  ??#每日一善# 人生就像一口大锅，当你走到了锅底时，无论朝哪个方向走，都是向上的。最困难的时刻也许就是拐点的开始，改变一下思维方式就可能迎来转机。,0
2024/6/1 17:35,谁还记得脚蹬裤？,0
2024/6/1 17:35,买啊很值[呲牙],0
2024/6/1 17:36,巨,0
2024/6/1 17:36,没看明白吗？lulu的代工厂做的，厂家订了一千套，他生产一万套，剩下的九千套就是盗版,1
2024/6/1 17:36,合适的时间买合适的车,0
2024/6/1 17:36,你要说高科技，那LV可是一点不沾边了[捂脸] LV有个毛科技，宣传牛，品牌营销给力而已。,1
2024/6/1 17:38,有人愿意为溢价买账  一个愿打一个愿挨,0
2024/6/1 17:38,@是你的栗子吖??,0
2024/6/1 17:38,代工厂280出？？血赚200,0
2024/6/1 17:40,成人善事，其功更倍;感人善愿，其量无涯。,0
2024/6/1 17:40,都消费降级了，还卖那么贵，就肤感而言真没啥区别，平替性价比高不是一点点,0
2024/6/1 17:40,@晞敖,0
2024/6/1 17:40,没科技的衣服就这样[不失礼貌的微笑],1
2024/6/1 17:41,买过300多的仿品，拉链和版型都和正品不一样,0
2024/6/1 17:41,你看的懂蓝色字吗，盗版，你懂啥叫盗版吗,1
2024/6/1 17:42,这裤子我喜欢看,0
2024/6/1 17:42,感谢大义乌，给它价格打下来,0
2024/6/1 17:43,那你说为什么 我们国家不出严格的规定制止这些“平替”呢 你想 你好好想[不失礼貌的微笑][皱眉],0
2024/6/1 17:43,??#阳光信用#  ??#每日一善# 当代中国青年要在感悟时代、紧跟时代中珍惜韶华，自觉按照党和人民的要求锤炼自己、提高自己，做到志存高远、德才并重、情理兼修、勇于开拓，在火热的青春中放飞人生梦想，在拼搏的青春中成就事业华章。,0
2024/6/1 17:44,你懂，懂哥，懂帝,0
2024/6/1 17:44,@吃什么呀-,0
2024/6/1 17:44,[酷拽],0
2024/6/1 17:45,这裤子也得身材好穿才好看[看],0
2024/6/1 17:45,本来就是虚高的东西 如果不能往上走 必毁,1
2024/6/1 17:46,你可得了吧 时尚行业原创不原创 对生产力没有一分钱的影响 纺织业才有原创的意义,1
2024/6/1 17:46,跟泳裤一个价[捂脸],0
2024/6/1 17:47,哈哈哈！你和范冰冰都是一样的肉构成！,1
2024/6/1 17:48,又不是第一天知道莆田代工了哈哈,0
2024/6/1 17:50,咋会没影响，要是都盗版，厂家肯定找保护知识产权更好的国家[看],0
2024/6/1 17:50,款式做工几乎一样[尬笑],0
2024/6/1 17:51,只在专卖店买，特别舒服，不想尝试平替,0
2024/6/1 17:51,一个在国外混不下去的品牌，在国内快封神了[尬笑],1
2024/6/1 17:51,代工厂不起球,0
2024/6/1 17:52,我就是专业这个面料的厂家[呲牙][呲牙],0
2024/6/1 17:52,虽然但是，这么多年没买到过和正版一样质感的，穿起来舒适不一样,0
2024/6/1 17:52,我就是专业卖这个面料的厂家[呲牙][呲牙]，价格低的要死,0
2024/6/1 17:53,我喜欢这款裤子，虽然我是男的，但是我特别爱看[看],0
2024/6/1 17:54,假冒就假冒，还“平替”[捂脸],1
2024/6/1 17:56,假货驱逐真货！,1
2024/6/1 17:57,好恶心,1
2024/6/1 17:57,只值50，卖多了良心过不去[捂脸][捂脸][捂脸],0
2024/6/1 17:57,现在假货都开始心理战了啊,1
2024/6/1 17:58,讲了30年的行业废话…… 买lulu难道买的是品质？,1
2024/6/1 17:59,善良是一种修养，善待他人就是善待自己，要想得到别人的爱，首先要学会爱别人，一个善良的人一定是温暖的人，乐于助人的人，懂得珍惜和感恩的人。,0
2024/6/1 17:59,肯定是性价比,0
2024/6/1 17:59,盗版的质量好,1
2024/6/1 18:01,美特斯邦威最火的那几年，工厂代工一条缝线8分钱[尬笑],0
2024/6/1 18:02,看着也就那样啊,0
2024/6/1 18:03,这不就瑜伽裤吗？三十元一条质量很好,0
2024/6/1 18:04,大牌的原料和人工成本都不高，主要卖品牌和设计，不是越贵质量就越好,0
2024/6/1 18:04,这个东西又不是高科技,0
2024/6/1 18:05,我们中国人有义务自觉维护外国品牌的知识产权？[泪奔],1
2024/6/1 18:06,好奇没有这个裤子以前，是不是没有瑜伽这个项目,0
2024/6/1 18:08,盗版的看不出来吗？,1
2024/6/1 18:08,做服装需要什么技术？,0
2024/6/1 18:11,中国也不行了吧,1
2024/6/1 18:12,本来就一样的，骗人傻钱多的,1
2024/6/1 18:13,别说了。。[捂脸]老子的lulu从三百五十多一股跌下三百了[捂脸][OK],0
2024/6/1 18:13,我也不知道[绝望的凝视],0
2024/6/1 18:15,知识产权在这里一文不值,1
2024/6/1 18:15,对于某个产品比较了解的情况下优先性价比，但问题是更多的产品我并不了解，这种情况下我遭遇过自以为性价比但最后发现在不知道的地方被宰的更狠的。所以现在这类现在我会选附加值没那么高的品牌产品～,0
2024/6/1 18:15,@@lotus 1.6l,0
2024/6/1 18:15,[微笑]咱也不理解这牌子怎么那么贵，之前在商场看到一个八分还是九分的瑜伽裤要一千多……还好多人买，不是………你们真有钱啊[裂开],0
2024/6/1 18:16,弹性秋裤还卖一千多[捂脸][捂脸][捂脸],0
2024/6/1 18:16,不盯着看真看不出来，非要盯得很近的那种[看],0
2024/6/1 18:18,那就是说 买的不是衣服 是牌子罢了,0
2024/6/1 18:18,布料 版型真不一样[我想静静],0
2024/6/1 18:19,适合中年以上人群,0
2024/6/1 18:20,不明白为什么这么火 各大商场都有,0
2024/6/1 18:22,平替是哪种,0
2024/6/1 18:22,本来成本就没多少,0
2024/6/1 18:23,那你怎么不原创,1
2024/6/1 18:24,[捂脸][捂脸][捂脸],0
2024/6/1 18:24,工业产品就不存在正品赝品的说法…[捂脸],0
2024/6/1 18:24,主要要有身材,1
2024/6/1 18:24,穿出去真的好看吗[呲牙],1
2024/6/1 18:24,@10号,0
2024/6/1 18:24,爷们在意的是裤子的牌子么[看],0
2024/6/1 18:26,就是啊 好无语,0
2024/6/1 18:27,比国内便宜多了,0
2024/6/1 18:27,买上吧,0
2024/6/1 18:27,能到达专柜的程度，不是一件对老百姓利好的事情吗[呲牙],0
2024/6/1 18:27,还是很可以的啊,0
2024/6/1 18:27,买不买也要看想不想要,0
2024/6/1 18:27,所以为什么还没有推荐和原版一样的店铺！,0
2024/6/1 18:27,喜欢的就买了不用犹豫,0
2024/6/1 18:27,哈哈哈,0
2024/6/1 18:28,也贵不多少吧！,0
2024/6/1 18:28,小狗哭哭 钱包不允许,1
2024/6/1 18:28,以善先人者谓之教，以善和人者谓之顺;以不善先人者谓之谄，以不善和人者谓之谀。――《荀子》,0
2024/6/1 18:29,看起来还不错,0
2024/6/1 18:29,非常不错太棒了,0
2024/6/1 18:30,因为lulu会做营销，营销做得好，卖的好，贴它的牌卖能挣钱，就这么简单,0
2024/6/1 18:30,感觉还可以的,0
2024/6/1 18:30,真的是太棒了吧,0
2024/6/1 18:30,那你自己去创作啊，为什么贴人家的牌子？人家把名气做起来了就开始蹭,1
2024/6/1 18:31,好看,0
2024/6/1 18:32,真的好[赞],0
2024/6/1 18:32,安踏李宁不都是品牌吗？卖的贵被人喷成就只会坑国人,1
2024/6/1 18:32,嘿嘿我也要发言权，某工作室给订单我加工，再换个包装，价格直接拉满，不过也确实他们有营销能力，我就只能卖一点钱,0
2024/6/1 18:33,"我都折扣季才买lululemon, 两三百买EBB,三四百买高腰紧身裤。梨形身材最满意的是她家真的可以提臀。  折扣后这个价位符合我心里预期，再贵我就舍不得了哈。",0
2024/6/1 18:33,@一亿小萝,0
2024/6/1 18:33,有没有可能都是一个厂出的，只不过专柜买1000，微商卖280呢,0
2024/6/1 18:34,喜欢就买吧,0
2024/6/1 18:35,80多吧我记得,0
2024/6/1 18:35,[666][666][666],0
2024/6/1 18:36,穿过lulu舒适度没有平替，除了贵没毛病[看],0
2024/6/1 18:37,一个二三线牌子，被安踏炒作神了！,1
2024/6/1 18:37,你是什么官方媒体？,1
2024/6/1 18:37,我只知道宁波厂 的essentials这个牌子的衣服 已经可以达到这种程度了[捂脸],0
2024/6/1 18:38,贵得多吗,0
2024/6/1 18:38,正版的裤子我穿了三年，房子被我穿垮了，这个才卖200，舒不舒服我们不知道吗？,0
2024/6/1 18:38,???,0
2024/6/1 18:38,耐克盗版比正版质量好[看],1
2024/6/1 18:39,@Cc,0
2024/6/1 18:39,内裤要不,1
2024/6/1 18:39,别的我不信，你这个id我信,0
2024/6/1 18:40,差别还是能感觉出来的[捂脸],0
2024/6/1 18:40,Lulu 同款内裤,0
2024/6/1 18:40,好不好看我不知道，但我爱看??,0
2024/6/1 18:40,包屁股的裤子[泪奔],0
2024/6/1 18:40,还不掉色,0
2024/6/1 18:40,这是一个必然,0
2024/6/1 18:41,我是进来看链接的[捂脸],0
2024/6/1 18:42,就这么说吧50-100的挺好穿，我就买了平替，舒服透气有型,0
2024/6/1 18:42,Lulu没有平替，但是也不影响我穿迪卡侬，看款式，轮换交替。,0
2024/6/1 18:42,你好瘦啊,0
2024/6/1 18:43,跟手表一个道理  溢价太多,0
2024/6/1 18:43,与其在这抬杠，自己去买一套试试[抠鼻],1
2024/6/1 18:43,看过很多博主做平替试穿，感觉lulu有的款平替不了，但也不少割韭菜款，和平替差距很小……,0
2024/6/1 18:43,人生就两件事，一件是拿事儿把时间填满，另一件是拿感觉把心填满。——《半山文集》 ,0
2024/6/1 18:44,这不就是没加绒的保暖内衣吗？,0
2024/6/1 18:44,我安慰罢了，名牌名牌只剩虚荣心，哎呦我的爱马仕可贵了，哪里贵智商税h贵,1
2024/6/1 18:44,搞不懂，为什么那么多人穿瑜伽裤出门？这不跟穿内衣差不多么？,1
2024/6/1 18:45,周六愉快呀,0
2024/6/1 18:45,求推荐,0
2024/6/1 18:45,什么意思，啥叫房子穿垮了？是方言吗？,0
2024/6/1 18:45,别跟他们扯，没有意义，没救,1
2024/6/1 18:45,绝对不可能，版型没办法复刻,0
2024/6/1 18:46,看评论，我回复了,0
2024/6/1 18:46,感谢义乌,0
2024/6/1 18:47,逻辑和认知都混乱的一群人,1
2024/6/1 18:48,关键也不好看吧 除非身材一级棒。不然穿上更加原形毕露,1
2024/6/1 18:48,知名?,0
2024/6/1 18:48,[666][666][666],0
2024/6/1 18:49,他就值百八十块钱,1
2024/6/1 18:49,希望把价格降下来，让更多人穿的起[鼓掌][鼓掌][鼓掌],0
2024/6/1 18:49,跟化妆品一样[九转大肠]成本低的可怜，利润高的离谱,1
2024/6/1 18:50,寻找这位白领,0
2024/6/1 18:50,以后服装别做品牌了，没意义，质量好有功能就行了,0
2024/6/1 18:50,我不是裤神,0
2024/6/1 18:50,生活，需要一点阳光，生命，需要一些勇敢，纠结过去，担心未来，都不如抓住当下，过去是梦，未来是影，现在才是真真切切的人生。@曹国伟,0
2024/6/1 18:50,然后你报出来了，让大家都知道,1
2024/6/1 18:50,买过好多他家的，个人觉得裤子不显瘦，并没有想象中那么好穿,0
2024/6/1 18:51,这玩意还有个牌子[捂脸],1
2024/6/1 18:51,@叾屾、,0
2024/6/1 18:51,没有这种可能[灵机一动]因为划不来[灵机一动]违约要付法律责任的[灵机一动]为了所谓的散客得罪lulu大客户以及违约的风险 [灵机一动],0
2024/6/1 18:52,正版超级舒服 没法比的,0
2024/6/1 18:52,服装这玩意除了人工就是材料费用贵点，而且材料又不是100%不可替代，咋可能卖1000，知道啥材料了，找几个人，几台缝纫机，一天能做老了,1
2024/6/1 18:52,正版穿多了，仿版一眼就能看出来。穿上的舒适感也不一样。目前瑜伽服，只穿Lulu，主要真的很舒服,0
2024/6/1 18:52,所有的衣服鞋子有什么门槛吗[看],0
2024/6/1 18:53,问题是lulu有必要买假货吗？ [九转大肠][九转大肠] 买lv香奈儿还理解 lulu 迪桑特始祖 理解不了[灵机一动],0
2024/6/1 18:54,我从来没觉得这个裤子可以单穿啊，总觉得上身应该穿个长一点至少遮住屁股吧，为什么好多人就这么单穿，真的不好看[捂脸],0
2024/6/1 18:54,不觉得lulu这种上街穿好看啊，身材奇形怪状一言难尽。健身房衣服还是在健身房穿吧[泣不成声],1
2024/6/1 18:54,代工厂肯定都一样的,0
2024/6/1 18:54,竟然真有人信微商话术[捂脸][捂脸][捂脸],1
2024/6/1 18:55,是的,0
2024/6/1 18:55,这裤子这么贵啊,0
2024/6/1 18:55,@Bang?,0
2024/6/1 18:56,穿上显身材,0
2024/6/1 18:57,原本就是智商税,1
2024/6/1 18:57,我不是药神[捂脸],0
2024/6/1 18:57,有链接吗？或者名字？,0
2024/6/1 18:57,为什么要追求那么贵的，我淘宝买的FVU100多块钱穿了4个年头了[尬笑],0
2024/6/1 18:57,@Luu,0
2024/6/1 18:58,其他衣服可以，但健身服尤其是瑜伽裤之类的还真不是50多能解决的，比如三角区的尴尬线，内裤印、不掉档、缓震。作为常年健身的，我觉得还是得是vfu 这样两百多一条的，之前拼多多59我也买过，真的尴尬。但是贴个lulu 就没必要了，贴个牌子能卖50给你的假的，不贴牌20多的质量了估计哈哈哈。,0
2024/6/1 18:58,衣服的成本本来就低，在贵的羽绒服也就几百的成本,0
2024/6/1 18:58,有人买才有奸商卖，所以都不穿假货，他们就卖不出去了，以后慢慢的就没有假货了,0
2024/6/1 18:58,@今天好好读苏,0
2024/6/1 18:59,Lulu面料代工厂来自湾湾吧？,0
2024/6/1 19:00,用意深而劝诫切，为言信而善恶明。@曹国伟,0
2024/6/1 19:00,不要睁着眼说瞎话，50是50的品质,1
2024/6/1 19:00,买这家衣服的绝对是有钱人[玫瑰],0
2024/6/1 19:00,代工厂生产一模一样的[尬笑],0
2024/6/1 19:01,对象买了一个说是天花板的，我们家里不少高档衣服，我摸了一下从衣服到包装的质感都非常棒，我对象买的99……,0
2024/6/1 19:01,[比心]lulu面料找我，一模一样,0
2024/6/1 19:01,之前我也觉得智商税，后来我家附近开了一个实体店，我进去试穿之后，觉得贵有一定道理的，我以前买的都是焦下，现在裤子都换成lulu了。,0
2024/6/1 19:01,二十年前我见过网球和田径运动员穿的，耐克和美津浓的牌子。前五六年北美女性又开始流行了，算是潮流吧。,0
2024/6/1 19:02,还是女的好骗[捂脸]跑步的轻功被跑步的一顿嫌弃,1
2024/6/1 19:02,@一涵呀,0
2024/6/1 19:02,本来就没什么技术含量。,1
2024/6/1 19:02,有啥科技壁垒？,0
2024/6/1 19:03,跟潮嘛，好不好看无所谓。我见过体型特差的女生穿，人自己挺陶醉的[捂脸],1
2024/6/1 19:03,我还以为就我一个人觉得难看呢[捂脸],0
2024/6/1 19:03,我做服装20年，告诉你，正版就是正版，盗版就是盗版。面料版型材质没法做到一样，除非原厂出来的货就是一样的。,0
2024/6/1 19:03,找到面料源头就能模仿100%,0
2024/6/1 19:03,lulu对身材的影响只能雪中送炭却不能锦上添花,0
2024/6/1 19:04,我记得谁说过，穿假货是品德问题[捂脸],1
2024/6/1 19:04,我个人从不信仿品能代替正品,0
2024/6/1 19:04,人家卖的是设计和理念。当你买仿制品的时候，说明人家已经赢了。无论你买不买仿制品，人家都不会有任何损失，因为你根本就不是人家的客户群体。[微笑],0
2024/6/1 19:04,是,0
2024/6/1 19:04,吹吧，假的一眼假，真是树大招风,1
2024/6/1 19:05,@小7?77 [流泪],0
2024/6/1 19:05,质量咋样啊,0
2024/6/1 19:05,本来也不是啥牛皮的技术,0
2024/6/1 19:06,那些没屁股的女生穿这种就不好看，完全没型,1
2024/6/1 19:06,这玩意有科技含量吗？质优价廉才是王道,1
2024/6/1 19:06,@朦胧…,0
2024/6/1 19:06,所以呢，然后呢？我就愿意花正价买咋的了[发呆],1
2024/6/1 19:06,本来成本就不高,0
2024/6/1 19:07,穿瑜伽服好看的 穿别的更好看,0
2024/6/1 19:07,这就是八十年代的健美裤，都是老一辈玩剩的东西,1
2024/6/1 19:08,晋江全国三大专业泳装瑜伽面料基地，我家门口,0
2024/6/1 19:09,本来就不值那么多钱，现在人越来越少去实体店当冤大头了[看],0
2024/6/1 19:09,衣服鞋子又没啥技术，,1
2024/6/1 19:09,正品1000，微商280的话就不可能是一个厂出的。成本在那里，微商不可能做慈善。,0
2024/6/1 19:09,那你是不懂这个牌子的,0
2024/6/1 19:09,@??朱阳阳??,0
2024/6/1 19:10,别一说lulu就是那个瑜伽裤好嘛，上街的普装多了去了。没平替，真的好穿。,0
2024/6/1 19:10,别洗了，服装成本低的让人大跌眼镜,1
2024/6/1 19:10,没有，是信教,0
2024/6/1 19:10,@@L.R,0
2024/6/1 19:10,哪里买平替,0
2024/6/1 19:10,所以有什么科技吗？,0
2024/6/1 19:11,何尝不是一种斯丹康[捂脸][OK],0
2024/6/1 19:11,正品的成本也就30%，可能都达不到,1
2024/6/1 19:11,棉毛裤还有盗版吗？[泪奔],0
2024/6/1 19:11,我买了各种价格带的给我媳妇穿，从正品到拼多多，最后她选了一条80多的说最好穿,0
2024/6/1 19:12,[尬笑]一分钱一分货！lulu的衣服是真的舒服,0
2024/6/1 19:12,什么露露莱蒙，我只听过青岛即墨莱蒙,0
2024/6/1 19:12,原价1080，成本可能就是1.08，甚至我还有可能说多了,1
2024/6/1 19:13,始祖鸟，迪桑特，哪个假的少？,0
2024/6/1 19:13,吹牛逼不是一直是特色么,1
2024/6/1 19:13,把瑜伽裤当日常服装的，是真丑[绝望的凝视],1
2024/6/1 19:13,宗教品牌,0
2024/6/1 19:13,湾湾从晋江进货的,1
2024/6/1 19:13,咱就是说这么穿真好看吗？！,1
2024/6/1 19:14,@QQ,0
2024/6/1 19:14,@佳宁呀小佳宁,0
2024/6/1 19:14,丑,1
2024/6/1 19:14,没错,0
2024/6/1 19:14,人傻钱多,1
2024/6/1 19:14,只要是锦氨成分的都可以替代。,0
2024/6/1 19:14,[微笑],0
2024/6/1 19:14,确实不一样我不是私密账号[流泪],0
2024/6/1 19:14,我做面料二十年，我只能告诉你你白做了,1
2024/6/1 19:14,怎么不高啊？羊绒羊毛纺织品,0
2024/6/1 19:14,微商卖280还能赚250，lulu卖1000能挣950,1
2024/6/1 19:14,对啊，但是他是易耗品，想被薅羊毛的就买呗,1
2024/6/1 19:15,看了一圈评论区，都是服装成本很低，你们难道不算设计费选材打版这类吗？仿品当然没有啊，都是抄袭，知道中国服装为什么越来越低迷，你们买不到好看的衣服吗？就因为低价冲斥着整个社会，都19.9 29.9试问哪个设计师还想花心思设计啊，还没卖出来就被市场仿走了[泪奔],0
2024/6/1 19:15,在国外就是马上要没人穿的烂大街的，然后到中国变成小奢的……哎，，，，,0
2024/6/1 19:15,谢谢国外的设计们 设计思路很好 养活了我们国家的工厂,0
2024/6/1 19:15,现在假的比真的质量还好,0
2024/6/1 19:15,版型，用料懂吗？,0
2024/6/1 19:15,[赞][赞][赞][赞],0
2024/6/1 19:15,@蒋酱酱Cathy,0
2024/6/1 19:16,别人穿我觉得很好看啊，自己老婆穿就感觉很丑,1
2024/6/1 19:16,低科技含量品牌产品，价格里面90%都是品牌溢价,1
2024/6/1 19:16,不要跟我说什么限量版，在这里没有限量版，只有不限量。,0
2024/6/1 19:16,无论任何品牌的衣服或者包之类的，真就是真假就是假，卖的就是品牌价值,0
2024/6/1 19:17,@Good Guy [泣不成声]你的牌子啊,0
2024/6/1 19:17,80年代的体型裤有啥区别一个反光一个不反而已！,0
2024/6/1 19:17,这么说吧，我就买的200左右的平替，我舒服就完了，正品是更好我承认，但是不耽误我运动那会[捂脸],0
2024/6/1 19:17,我想要80多的链接,0
2024/6/1 19:17,有的盗版比正版用料还好呢，服装卖的是品牌价格从来不是面料,1
2024/6/1 19:17,有图吗，姐姐,0
2024/6/1 19:18,这牌子有个屁的版型材质，本来就是个贴牌货,1
2024/6/1 19:18,哈哈，真有人信啊,1
2024/6/1 19:18,@@ZYH,1
2024/6/1 19:18,爱马仕那些也没有壁垒啊[泪奔],0
2024/6/1 19:18,穿正版和买过盗版的我，盗版那版型差的[捂脸][捂脸]没法说,0
2024/6/1 19:19,前些年打底裤外面还套个短裙，这两年直接这样穿，也不知道尴尬不尴尬,0
2024/6/1 19:19,我买的完全和专柜不一样,1
2024/6/1 19:20,@Bubu,0
2024/6/1 19:20,哪里舒服啊,1
2024/6/1 19:20,@小太阳,0
2024/6/1 19:20,本来也不值那么多钱,0
2024/6/1 19:21,大部分人的收入其实并不高,0
2024/6/1 19:21,本来就垃圾啊[尬笑],1
2024/6/1 19:22,@嗯 真慢,0
2024/6/1 19:22,哎哟喂，[看][看]多买点吧，以后倒闭没的买了,1
2024/6/1 19:22,Lulu也算不上贵啊，你平替也省不了多少钱，而且我不信肤感完全一样，lulu还是有面料科技的,0
2024/6/1 19:22,我不管别人穿假的背假的，我自己穿真的就行,0
2024/6/1 19:22,别傻了，正版 微商我都买过，根本没有区别，你花大几千买只是心里安慰而已,1
2024/6/1 19:22,@??小? 莫? er???,0
2024/6/1 19:23,没有平替,0
2024/6/1 19:23,更多的是品牌溢价[呲牙],0
2024/6/1 19:23,这跟穿个秋裤出门一样,0
2024/6/1 19:23,所以假货和真货区别是版型设计，不是材质,0
2024/6/1 19:24,内裤不错,0
2024/6/1 19:24,都买过。  正品材质稍微厚实一丢丢。  防的也挺舒服。  不过有的不耐穿。   差别真不大,0
2024/6/1 19:24,瑜伽服是练习时穿的，跟健美裤玩儿剩不剩有啥关系，楼主也说的没错，lulu确实比其它牌子舒服太多,0
2024/6/1 19:24,嗯？没怎么听说过,0
2024/6/1 19:24,好样的,0
2024/6/1 19:24,淘宝各种产品太丰富了,0
2024/6/1 19:24,但是lulu家的衣服真的好穿，还能修饰身材,0
2024/6/1 19:24,卖秋裤的？,1
2024/6/1 19:24,@噜噜噗噜噜,0
2024/6/1 19:26,这是啥高科技啊，还舒服太多，老一辈穿健美裤的时候，lulu还啥也不是呐,0
2024/6/1 19:26,材质可以做到一比一，防伪标都可以做上线,1
2024/6/1 19:26,假货甲醛超标 致癌,1
2024/6/1 19:26,转发微博,0
2024/6/1 19:26,正版穿一次也起球[捂脸],0
2024/6/1 19:27,微商又不需要人工 铺租 水电，为什么不行,0
2024/6/1 19:27,也不知道这有啥好看的,1
2024/6/1 19:27,有没有可能是你身材太差了[发呆],1
2024/6/1 19:27,智商壁垒还是有的,0
2024/6/1 19:27,我服了，你不是女的你能懂啥？你穿过吗？,1
2024/6/1 19:27,我看看[舔屏],0
2024/6/1 19:27,59买的一模一样,0
2024/6/1 19:27,20年白干了,1
2024/6/1 19:27,"看到有直播间卖假lulu, 真的一眼假[尬笑] 。没穿过正品的，大概看不出来真假吧。",1
2024/6/1 19:28,?? 1688。去看看厂子里没贴牌的,1
2024/6/1 19:28,莫谈盗版，只因溢价太高。本本分分赚钱，有盗版也会有受众,0
2024/6/1 19:28,@幻听。 给我整个外套,0
2024/6/1 19:28,一直没法理解这个衣服怎么火起来的，他不就是健身穿的吗[捂脸],0
2024/6/1 19:28,买贵一点的盗版你就发现没啥区别了。说白了你能找到代工厂，可能比你买的盗版还便宜点，品牌说白了有个品牌溢价在里面，人家的广告宣发，明星代言这些成本都是算在顾客身上的,0
2024/6/1 19:29,不不不……我觉得店里买的真的是透气[捂脸][捂脸],0
2024/6/1 19:29,确实，我战友档口卖衣服告诉我夏天短袖拿货价能低到个位数[九转大肠],0
2024/6/1 19:29,就你这个IP地址不该问出这样的问题啊,1
2024/6/1 19:29,我不是裤神,0
2024/6/1 19:29,没底气是因为你没钱，你试一下年入千万，再穿个微商货去专柜试试,1
2024/6/1 19:29,确实，不否认正版一般更好，但正版做得比盗版还烂的也不少[九转大肠],0
2024/6/1 19:30,@Zhang_22,0
2024/6/1 19:30,主要是我买了几款仿版便宜是便宜，要不掉裆，要不是夹屁股[捂脸]其实也不便宜，也两三百呢[笑哭][笑哭][笑哭],0
2024/6/1 19:30,我真是接受不了，逛街穿这个的女孩子！感觉就是穿了个秋裤,1
2024/6/1 19:30,芊纤羽家[呲牙][呲牙],0
2024/6/1 19:31,当你买了平替，你就会拥有一件正品和一件平替,0
2024/6/1 19:31,真的有很大关系，lulu有几种面料都很舒服，真的是别的瑜伽品牌比不了了，很多国内的颜色码数你加钱都买不了，所以为什么那么多代购lulu的，你不懂就别扯了,0
2024/6/1 19:31,练瑜伽的裤子能穿出门么,0
2024/6/1 19:31,成本15块[看],0
2024/6/1 19:31,本来就溢价严重有什么讨论的,1
2024/6/1 19:31,我想买平替，推荐哪个[呲牙]？,0
2024/6/1 19:32,@Niu. 很危险哈,1
2024/6/1 19:32,我朋友是福建干这个的[尬笑],1
2024/6/1 19:32,呵呵,0
2024/6/1 19:32,不可能一样好,1
2024/6/1 19:32,我那天去试了下lulu确实舒服，但我的号没我要的颜色了[捂脸],0
2024/6/1 19:32,还真的在商场看到穿紧身瑜伽裤的，真别扭,1
2024/6/1 19:32,本身就值那个价,0
2024/6/1 19:32,信仰[看],0
2024/6/1 19:33,真觉得Lulu 不值那么回，就一个运动品牌都快赶上奢侈品牌的价格,1
2024/6/1 19:33,我买的lulu背心气球。。。,0
2024/6/1 19:33,我想问一下，日本户外品牌montbell，那个品牌的短袖wickron是什么面料？穿上确实速干吸汗,0
2024/6/1 19:33,不过实话实说，正版起球的厉害，面料破损的也快。不过作为瑜伽老师我真的喜欢他的版型。,0
2024/6/1 19:33,说白了就是正版卖太贵了，如果一分钱一分货盗版也威胁不到你,1
2024/6/1 19:34,咱就是说你们穿LULU不起球吗？,0
2024/6/1 19:34,真的假的穿在身上只有自己知道，不存在平替！,1
2024/6/1 19:34,说明没啥技术含量，溢价又高，仿制还有钱挣,1
2024/6/1 19:34,这牌子不都是农村贵妇追逐的嘛,1
2024/6/1 19:34,反正我看不出来，我在耐克店里买的黑色T恤，穿了一个季度，发白掉色，我老公的阿迪在网上69买的，同样发白掉色[笑哭][笑哭][笑哭]都一个样！,0
2024/6/1 19:34,什么品牌的屁股我不在乎，哦不是，我说的是裤子,0
2024/6/1 19:34,有一个叫肌肉蚂蚁的店[泪奔]你看看吧几十一百多二百多[捂脸],0
2024/6/1 19:34,@小圆子,0
2024/6/1 19:35,最恶心穿这种裤子出门，[弱][弱][弱][弱]恶心,1
2024/6/1 19:35,@柚子茶 你看看,0
2024/6/1 19:35,原料不是统一去外面拿货吗[捂脸],0
2024/6/1 19:35,哈哈哈哈哈,0
2024/6/1 19:36,比例呢?剪裁更重要啊 不然一眼假,0
2024/6/1 19:36,lulu在东阳无数个加工厂，什么正版，芭比裤你们知道低价的话根本不会走进专卖店一次 [看],0
2024/6/1 19:36,我不明白，我只知道我618又买了一两千的lulu谢谢您了大哥,0
2024/6/1 19:37,干啥呢,0
2024/6/1 19:37,本事品牌就是资本在抬价。本身价值根本不值那么多 因为攀比和虚荣心理买单,1
2024/6/1 19:37,说明成本真的很低,0
2024/6/1 19:38,好好了解一下吧，论纺织，咱们还没服过谁,0
2024/6/1 19:38,这点成本这不算什么[泪奔],0
2024/6/1 19:38,lulu在国内没代工厂早转走了[尬笑],1
2024/6/1 19:38,懂了，超过50块的不值当买,0
2024/6/1 19:38,啥都能叫知名品牌,1
2024/6/1 19:38,国内人傻钱多的不少，穿着不是为了避体，不是为了舒适，是为了脸,1
2024/6/1 19:38,威富,0
2024/6/1 19:39,盗版还分三六九等呀[呲牙],1
2024/6/1 19:39,我不了解，谢谢[尬笑],0
2024/6/1 19:39,都是贴标进专卖店的啊 兄弟,1
2024/6/1 19:39,你得了解，别被广告忽悠了,0
2024/6/1 19:40,你原创就原创吧，干嘛还让我去原创？提高一下自己的能力呗别想着整天让别人给你买单。原创我也不一定买你的。,1
2024/6/1 19:40,这个牌子我就没记住过 一直以为叫lulu melon[捂脸][捂脸],0
2024/6/1 19:40,面料都是独有 你拿什么仿？,0
2024/6/1 19:40,这是什么音乐啊,0
2024/6/1 19:40,几乎全部衣服都是Lulu，就是一分钱一分货，其他牌子还没有穿过这么舒服的料子,0
2024/6/1 19:41,版型不一样 穿过就知道,0
2024/6/1 19:41,别骗自己了 中国早都没代工厂了 都在东南亚[尬笑],1
2024/6/1 19:42,lulu质量真的很一般,1
2024/6/1 19:42,有些品牌就是白标拿回去贴牌的。,0
2024/6/1 19:42,说明连50的成本都要不了[看],0
2024/6/1 19:42,我们公司就是lulu正品代工厂[捂脸],0
2024/6/1 19:42,我做了八十年服装了。我告诉你不可能一模一样,0
2024/6/1 19:42,感觉这衣服都太紧了,0
2024/6/1 19:43,大哥你不懂也没穿过我理解你,0
2024/6/1 19:43,我就做芭比裤de[看],0
2024/6/1 19:43,有没有传说中高科技面料呢？就是其他牌子根本造不出来的那种,0
2024/6/1 19:43,你可拉倒吧 白做了20年服装,1
2024/6/1 19:44,很少见到把这种裤子穿好看的,0
2024/6/1 19:44,你就只认识一个lulu[舔屏],1
2024/6/1 19:44,最恶心的穿搭,1
2024/6/1 19:44,穿过正版就知道   LULU的确好穿 版型面料超级好、,0
2024/6/1 19:45,@大Tuan,0
2024/6/1 19:45,正经人谁穿瑜伽裤出门，以前卖鱼的大妈就喜欢穿那种黑色的秋裤，穿雨鞋，,1
2024/6/1 19:45,在哪能举报卖假货的..[抠鼻] 我一个楼就有个卖假货的.,0
2024/6/1 19:45,有梦才有所追求，有追求才有生活的动力。有梦就去追，努力了，也就无悔无愧。@曹国伟,0
2024/6/1 19:45,我在比斯特买打折的也就三百多一条啊,0
2024/6/1 19:45,压根不一样，一眼看得出的,0
2024/6/1 19:46,那你朋友不入流啊 破瑜伽裤都整不明白,1
2024/6/1 19:46,[鼓掌][鼓掌][鼓掌],0
2024/6/1 19:46,正版翻版都買了，穿起來真的有區別，翻版面料差，版型也不好,0
2024/6/1 19:46,服装品牌太难做了，这块土地没有品牌土壤,0
2024/6/1 19:46,对的，好多人还以为有平替,0
2024/6/1 19:46,@冰奶茶_??,0
2024/6/1 19:47,尼龙66,0
2024/6/1 19:47,大部分买个心里安慰，就和老人吃保健品一样,1
2024/6/1 19:47,@姚yooo,0
2024/6/1 19:47,因为本身就真的不值[灵机一动],1
2024/6/1 19:47,奢侈品进中国最大的成本是关税和汇率,0
2024/6/1 19:47,这玩意又不是什么高科技,1
2024/6/1 19:48,就这裤子真火啊,0
2024/6/1 19:48,这个世界上就不可能有代工厂卖平替的产品，都是骗子,1
2024/6/1 19:48,做衣服是什么高科技产品吗？,0
2024/6/1 19:48,穿过正版的lulu就不会想穿仿版的，样式可以以假乱真，穿着体验完全做不到一样。,0
2024/6/1 19:49,普通人会买瑜伽裤啊，仿制一样的，卖的便宜，有人买赚钱就可以了，要保值干嘛[捂脸],0
2024/6/1 19:49,@安安999,0
2024/6/1 19:49,我起码先穿过真的，才能知道盗版做的到底好不好啊,0
2024/6/1 19:49,净说大实话！[kisskiss],0
2024/6/1 19:49,[呲牙][呲牙][呲牙],0
2024/6/1 19:50,科普一下，VF集团旗下有北脸，Vans，supreme,0
2024/6/1 19:50,@Alice.M,0
2024/6/1 19:50,"几百块的耐克阿迪都泛滥成灾
你不买不代表没人买",1
2024/6/1 19:51,这么好的身材干嘛还要穿呢，不自信,1
2024/6/1 19:51,@戴戴酱,0
2024/6/1 19:51,穿了10年的老粉…坚决告诉你…不可能一样,0
2024/6/1 19:52,你穿一下就知道区别了，你还真信什么面料都是一样的[捂脸],0
2024/6/1 19:52,我就是卖机器给lulu的面料供应商的，全球一年就卖那么多RSJ和E40特里科机器，织出的货给谁家我都清楚。[呲牙]平替就是无良商家骗小白的，连机器都不是同一种，怎么可能做出同一个效果呢？[捂脸],1
2024/6/1 19:52,像你这种身材不好的才觉得什么身材都好。[捂脸],1
2024/6/1 19:52,我也觉得，刚上身还好，穿一会马上感觉得出来不一样,0
2024/6/1 19:52,虚荣心+中产阶级标志[笑哭] 赚这个钱,1
2024/6/1 19:53,这又是啥工厂啊，听都没听过,1
2024/6/1 19:53,不可能一样的,0
2024/6/1 19:53,不好看的很了，受不了,1
2024/6/1 19:54,@胖 凯 °〆,0
2024/6/1 19:54,一分钱一分货,0
2024/6/1 19:54,那你20年服装白做了，布厂就那几家，又不是买不到。而且纸样又不是非这个款用这个纸样，找一个纸样裁就是。车缝工艺无缝贴合加车缝就这几种，有什么不一样？制衣厂为了接单，这个客人设计款打办多做几件去LOGO又给别的品牌送去说是自己设计的，别的客人加一个LOGO又是自己品牌款，,1
2024/6/1 19:54,你别是石狮的[微笑],1
2024/6/1 19:54,服装这玩意，报价本身就很随意,0
2024/6/1 19:55,仿版真心不好,0
2024/6/1 19:55,alo也很好穿啊,0
2024/6/1 19:55,这跟瑜伽裤有啥区别吗,0
2024/6/1 19:56,每个品牌都有盗版，特别是奢侈品，不都活的好好的。,0
2024/6/1 19:56,不存在的，买一个正版衣服坼了按他尺寸做就搞定的，除非是很差的就印一个LOGO，衣服想和正品一样很简单，又不是高科技,0
2024/6/1 19:56,80块也能做到分不清,0
2024/6/1 19:56,你说的对[尬笑],0
2024/6/1 19:56,正版掉色,0
2024/6/1 19:56,还真分。。。。[看],1
2024/6/1 19:56,哪里能买,1
2024/6/1 19:56,男的只看身材，谁管是不是正品,1
2024/6/1 19:56,露露起球[捂脸][捂脸][捂脸],0
2024/6/1 19:57,我也是。,0
2024/6/1 19:57,是在外面拿货的没错。[捂脸]但是lulu带风洞系列的面料，一台RSJ机器400万起步，一天产能就百来公斤，去掉制造厂人工水电利息税这些成本，以及2万一吨的高色牢度环保染色费，再加上成衣工厂的支出以及裁剪出边角料的损耗。[捂脸]再回头看看280一条的售价，可能是同一种面料吗？,0
2024/6/1 19:57,一直不理解这裤子穿街上和光屁股感觉一样,1
2024/6/1 19:57,普通体重很显壮，但是一分钱一分货也确实[比心],0
2024/6/1 19:57,[赞],0
2024/6/1 19:58,所以呢 你是不是回错人了,0
2024/6/1 19:58,就是说啊，各自买各自能接受的得了。但是我想问一句，为啥那么容易起球哈哈哈,0
2024/6/1 19:58,买件正品分析一下面料成份和组织结构不就出来了吗，哪有这么复杂，,0
2024/6/1 19:58,@K??,0
2024/6/1 19:59,和广场拉屎有区别吗？,1
2024/6/1 19:59,那是你没见着身材好的[看],0
2024/6/1 19:59,鼓励,0
2024/6/1 19:59,只有穿过的才懂得[赞],0
2024/6/1 20:00,对，你说的对,0
2024/6/1 20:00,上海迪士尼旁边的奥莱lulu打完折也才300左右，干嘛要买假的？,0
2024/6/1 20:00,[捂脸][捂脸][捂脸][捂脸][捂脸]，兄弟，你没看我败下阵来了吗,0
2024/6/1 20:00,@用户不存在.,0
2024/6/1 20:00,你也知道是有的，但lulu的确不是你说的“有的”之一。[灵机一动]卡尔迈耶RSJ机型的价格和产量+锦氨原料+4.5级色牢度+环保染料+成衣裁剪损耗，绝对不是280的售价能支持的。,0
2024/6/1 20:01,这不就是健美裤吗我小时候穿过,0
2024/6/1 20:01,请问原版穿两次气球，就是这样设计的嘛？[尬笑],0
2024/6/1 20:01,一样是不可能的，,0
2024/6/1 20:02,求链接,0
2024/6/1 20:02,lulu的面料是自己专利但是做工一般,0
2024/6/1 20:02,同样穿几个月后区别很大,0
2024/6/1 20:02,其实有钱人买1000的裤子和你们买20的裤子是一样的，没啥感觉。,0
2024/6/1 20:03,"正版:??不透气，不跑味
仿的:??透气，嘎嘎跑味",1
2024/6/1 20:03,以前去过maxmara工厂，所有布料，包括边角料全部需要回收，所以绝对不存在同面料同车间同款工艺的a货。,0
2024/6/1 20:03,不健身的认为是秋裤,0
2024/6/1 20:04,@??果冻??????,0
2024/6/1 20:04,都烂大街了[捂脸],1
2024/6/1 20:04,试试skins，那才叫肤感，lulu的紧身服装提臀效果、线条感是强项,0
2024/6/1 20:04,确实有钱人比穷人傻 他们都是交的智商税 太傻了却还能挣钱[微笑],1
2024/6/1 20:04,认同，很多人喜欢抬杠，你去买北面，斐乐，阿迪，耐克，新百伦等等这些牌子短袖衣服看是不是比你买的盗版舒服，一分价钱一分货，不要说什么品牌溢价，买了就知道，,0
2024/6/1 20:04,避免不了，锦纶+氨纶的原料组合，两种纱线张力和硬度不一样，内部有作用力。[捂脸]而且lulu用的高机号细纱线，细腻+弹性和不起球不可兼得。,0
2024/6/1 20:05,不是说50平替吗？？怎么又280了？,1
2024/6/1 20:05,[尬笑][尬笑][尬笑][尬笑][尬笑],0
2024/6/1 20:05,一派胡言，布料值什么钱，都是品牌溢价,1
2024/6/1 20:05,确实，很多面料都是要定制的,0
2024/6/1 20:06,@Cecilia,0
2024/6/1 20:06,能进专柜的品质[捂脸][捂脸],0
2024/6/1 20:06,有没有可能本来就只值50块钱,1
2024/6/1 20:07,280买个假的，疯了吧,1
2024/6/1 20:07,你为什么要拍别人的大屁股,1
2024/6/1 20:07,本来就是耐克阿迪档次，非要卖出轻奢的价格[捂脸],1
2024/6/1 20:07,虽然我宁愿买个小众的穿，也不穿盗版，但是买个贵点的盗版逻辑思维上来说应该差不到哪里去[比心],0
2024/6/1 20:08,20年白干了 再干20年吧,1
2024/6/1 20:08,@阿姑美美,0
2024/6/1 20:08,@Heidi0516,0
2024/6/1 20:08,上次我买3条内裤。500多,0
2024/6/1 20:09,@黄桃小罐头,0
2024/6/1 20:09,干得漂亮,0
2024/6/1 20:09,不挺好穿的吗，感觉还行，裤子穿不了，腿太粗了[大笑][大笑],0
2024/6/1 20:10,品牌商的面料都是指定定做的。,0
2024/6/1 20:10,我买过几种号称lulu平替的，只能跟你说，假的就是假的[尬笑],0
2024/6/1 20:10,[尬笑]这玩意就值200 300 买过一阵 没什么科技感 运动穿一般 绝对是溢价,1
2024/6/1 20:10,别的不说，69??4条的Lulu平替内裤好穿到想要安利给所有人,0
2024/6/1 20:10,越是有钱人越穿假的，反而公交地铁的很对真的，你信不信[捂脸],0
2024/6/1 20:10,他家的质量去掉标其实也就值几十吧[捂脸]又没多少技术含量，价格虚高,1
2024/6/1 20:10,我就想问，为什么人家50块钱能做出来1000的品质[看][看],0
2024/6/1 20:10,那盗版的不可以指定吗？,1
2024/6/1 20:10,我身上就是50的平替。一样的舒服。又省下不少,0
2024/6/1 20:10,@╭⌒雪儿?,0
2024/6/1 20:11,吹破天也是氨纶，涤纶，尼龙这些玩意儿混纺的，值个屁钱,1
2024/6/1 20:11,无所谓了，有钱就买正品，没钱就买平替，各取所需,0
2024/6/1 20:11,280是以假乱真价格？50是可以选择别的款式,0
2024/6/1 20:11,剪裁还不简单吗，原版买来拆了打版啊[九转大肠],0
2024/6/1 20:11,牛逼，版型可以一模一样，只有做工会有差距。,0
2024/6/1 20:11,人家要的是那个标牌,0
2024/6/1 20:11,这个裤子到底哪好看，看的都是体,1
2024/6/1 20:11,中国人自己的lululemon 不要1080，只要280,0
2024/6/1 20:11,根本不掉,1
2024/6/1 20:11,一条烂秋裤还能穿出高级感[捂脸]你中毒太深了[看],1
2024/6/1 20:11,目前没找到一样的平替，求推荐，要一模一样那种,0
2024/6/1 20:12,买了一件觉得很好看，显瘦,0
2024/6/1 20:12,你说得对，只不过老百姓在乎性价比[看],0
2024/6/1 20:12,买过条裤子790，穿着挺舒服的，这个价位你说没平替有点夸张了吧[捂脸],0
2024/6/1 20:12,瑜伽裤外穿臀部那很尴尬啊,1
2024/6/1 20:12,我找到了一个 很接近但是还是有点区别[泣不成声],0
2024/6/1 20:13,看身材的老铁[九转大肠],1
2024/6/1 20:13,身边穿这牌子的女的 基本都不能娶,1
2024/6/1 20:13,之前都穿过。只能说正品就是正品,0
2024/6/1 20:13,这裤子外街穿真的不尴尬吗？,1
2024/6/1 20:13,??生活，需要一点阳光，生命，需要一些勇敢，纠结过去，担心未来，都不如抓住当下，过去是梦，未来是影，现在才是真真切切的人生。,0
2024/6/1 20:13,lulu版型确实好，但这玩意儿应该随便抄吧[泣不成声],1
2024/6/1 20:13,就是品牌溢价太高了,0
2024/6/1 20:14,[石化],0
2024/6/1 20:14,[微笑]580买了件短袖，好看是好看[捂脸],0
2024/6/1 20:14,白干？你怎么得出的这个结论，5套房，3辆车，几百个存款。当然也是普通人，你大佬啥级别？,1
2024/6/1 20:14,一个破紧身裤有啥技术壁垒啊？盗你还用商量[绿帽子],1
2024/6/1 20:14,细节的地方贴合度完全不一样[呲牙]面料光泽度也不一样，买假的穿可以，但跟正品真的没法比啦,0
2024/6/1 20:14,哪里能买[捂脸],0
2024/6/1 20:14,这个设计也不太好看,0
2024/6/1 20:15,lulu没有平替，也不觉得贵，热爱运动就买自己喜欢的健身衣，没毛病啊,0
2024/6/1 20:15,对啊，有些杠精非要杠,1
2024/6/1 20:15,做不到的只能做到也很舒服，但是专利的那几个科技是仿不出来的。,0
2024/6/1 20:15,盗版比正版耐穿，短袖鞋子都是,1
2024/6/1 20:15,这牌子质量差 价格贵，也就刚流入中国市场没几年。,1
2024/6/1 20:15,lulu真的没有平替 安德玛也是,0
2024/6/1 20:16,是的！就这个意思。,0
2024/6/1 20:16,@Walter,0
2024/6/1 20:16,Skins太丑了真的，没有一款让我下的手去买的，而且我爱lulu就是喜欢她的面料，对我来说什么线条提臀的效果没get到[投降][投降],0
2024/6/1 20:17,大一买到工作了[呲牙]，MonKeyK1ng_[看]不谢,0
2024/6/1 20:17,感觉这个牌子好像很火啊！,0
2024/6/1 20:17,简木面料不错的,0
2024/6/1 20:18,谁不想花200就解决呢，奈何试过几家都退了[捂脸],0
2024/6/1 20:18,[尬笑][尬笑]说实话，一件衣服，多少科技任你怎么吹，有多少科技？你当宇航衣,1
2024/6/1 20:18,好的平替可以安利一下,0
2024/6/1 20:18,假的还要280？[看]30来三条试试,1
2024/6/1 20:18,兜的紧,0
2024/6/1 20:18,拿什么指定，面料商你不一定能找到谁家做的，知道谁家做的人家不一样卖给你，卖给你，没有原版的制板，做出来也不一定像。还有最主要的是价格，防版卖不起价格，支撑不了正版的成本价。正版一个款可以下单1万件。你防版敢做吗。不敢做，你哪个环节成本都高。怎么做防版都是低一个档次的质量才会有点空间，啥叫生意，有利润才是生意。,0
2024/6/1 20:19,版型可以抄，面料还是有区别的,0
2024/6/1 20:19,求推荐,0
2024/6/1 20:19,看评论 我回复啦,0
2024/6/1 20:20,买过一次男装，质量好差[九转大肠],0
2024/6/1 20:20,也就这种衣服能仿。贵价衣服正品的面料，盗版怎么仿啊？如BC，LP，Zegna那种，你穿上身瞬间感觉到差距,0
2024/6/1 20:20,统一回复，不要不是行业的人来质疑专业的人。说防版一样的要么贪便宜要么就是做假货的同行。,1
2024/6/1 20:20,平替的有哪些了,0
2024/6/1 20:21,点亮神色，点亮空想，善待生命，善待年华。,0
2024/6/1 20:21,我对这个也不甚了解,0
2024/6/1 20:21,版型问题，这种多花两块钱立体剪裁的事[捂脸],0
2024/6/1 20:21,把链接给我下,0
2024/6/1 20:21,身材在好，看着……,1
2024/6/1 20:21,我的理解是这玩意儿真要抄到一模一样肯定没问题[看]只是现在这种程度已经可以赚的盆满钵满了所以没必要[看]他要是卖十万一件，第二天就有一模一样的了[看],0
2024/6/1 20:21,你想的挺简单啊,1
2024/6/1 20:21,和穿个秋裤一样[捂脸],0
2024/6/1 20:21,冲锋衣面料有科技含量，这种瑜伽裤没啥科技含量，正版盗版差不多,0
2024/6/1 20:22,@王泽楷Jack,0
2024/6/1 20:22,不管正品还是仿版，这裤子女生单穿出门感觉好尴尬，紧身裤子都不怎么穿不舒服，都是阔腿裤休闲裤或者长裙,0
2024/6/1 20:22,如果是奢侈品和美国品牌，做工好的就是假货,1
2024/6/1 20:22,穿完了你就知道了，别说冒牌的，其他运动品牌的也做不到这种效果,0
2024/6/1 20:22,lulu除了爱开线，其他没毛病，挺好穿，就是这个开线啊，哎,0
2024/6/1 20:23,我只知道一分价钱一分货，这个世界上没有又便宜又好用的东西，没有人愿意用爱发电,0
2024/6/1 20:23,产品的价格  多少怎么定的 你们有想过吗？ 产品的真实价格你们知道吗 哎 老百姓[捂脸],0
2024/6/1 20:23,一条秋裤,0
2024/6/1 20:23,@肥美乌萨奇（清华大学版）,0
2024/6/1 20:23,太贵了,0
2024/6/1 20:23,对你来说别人穿lulu 就有优越感了，对别人来说可能只是一条普通的打底裤而已，到底破防的是谁啊[捂脸],0
2024/6/1 20:23,我一男的都买Lulu，很舒服，假的能做出来了跟真的一样早独立品牌火了,0
2024/6/1 20:24,@刘小欣,0
2024/6/1 20:24,哪有什么平替，都是在为穷找借口,1
2024/6/1 20:25,衣服啥的都不错，就是这个裤子阿迪和耐克我穿过的都掉色[捂脸]服了,0
2024/6/1 20:25,在你心里可能别人穿个lulu就是嘚瑟了吧[看]别人穿lulu你就破防了[捂脸],1
2024/6/1 20:25,满大街的乱像,1
2024/6/1 20:26,你别管，我爱看,0
2024/6/1 20:27,我来说：身材好的 请务必多穿这种裤子！美好的东西要分享,0
2024/6/1 20:27,@小猫o3o 就因为身材不好 我之前买的lulu还一直在衣柜里吃灰。。[暗中观察]跟风买的气死我了,0
2024/6/1 20:27,我是绝对不会让我媳妇这么穿的，不过我希望别的女的这么穿[捂脸][捂脸],1
2024/6/1 20:28,挺好的，满足了不同消费层次的需求。钱在你手上如何选择看自己咯,0
2024/6/1 20:28,我一大哥就是干外贸品牌的，有工厂，穿的阿玛尼裤子告诉专柜7000多，他自己工厂做的，一模一样成本100+，质量比专柜的还好！说我假冒但是我不伪劣啊[笑哭]，花小钱穿大牌，谁知道你哪里买的，你还把发票贴脑门上啊，心里安慰那叫智商税,1
2024/6/1 20:28,善恶四种尺度∶对己对他都有利的是善;善行缘于善心，有着善的心灵，就如同一股清泉，永不枯竭，清纯甘甜，发自内心的善，才会有善行善举，唯善之心处处欢声笑语，处处和气生财。,0
2024/6/1 20:29,坐标南通，某大牌代工，每出1000件，500件贴标卖，剩下500的自己卖,1
2024/6/1 20:29,我88,0
2024/6/1 20:30,力荐lulu的正装，西裤衬衫都很有型，弹性好轻薄透气，不会有传统正装的拘谨感；关键比传统正装品牌还有价格优势,0
2024/6/1 20:30,我也刷到过开头那两个，真是张嘴胡说八道，我已经拉黑了,1
2024/6/1 20:31,没做明白[捂脸],0
2024/6/1 20:32,其实平替很难找 不是起球就是掉档,0
2024/6/1 20:32,穿这出门不尴尬吗[微笑],1
2024/6/1 20:33,@W没有那么圆,0
2024/6/1 20:33,是有代加工，就比如我接了主家的订单，订单数量太多，我会放给周边的工厂，周边的工厂还会放给在下面的工厂，,0
2024/6/1 20:34,相信的力量真的很强大，当你发自内心的去肯定自己，多给自己积极的力量，那么全世界都会为你让路！@曹国伟,0
2024/6/1 20:34,说实话 太贵,0
2024/6/1 20:34,你供货给lulu的代工厂的？[听歌],0
2024/6/1 20:34,我家那位说露露提臀特别好[捂脸],0
2024/6/1 20:35,在乎性价比没毛病，可以选择溢价不要那么高的品牌，有很多品牌价格不高，质量也好。但是说防版和正品一样不是无知就是自欺欺人,0
2024/6/1 20:35,衣服本来就不是高科技，在这个仿冒无罪的大国里，只要你一红就必然有大量替代出来，各有各的受众群体，看看早几年很少的鸟，现在只要户外十人九鸟，大几千的衣服人手一件，不管真假撞衫就不舒服了。,1
2024/6/1 20:36,有差别，但是成本还是很低,0
2024/6/1 20:36,@??一只蝈蝈??,0
2024/6/1 20:36,生活就是这样，别人只看结果，自己独撑过程，面对生活，我们除了坚强，就是继续，别无选择路可以回头看，但不可以回头走!,0
2024/6/1 20:36,对，模仿的样子，布料不一样，十块钱做不出一百块的货,0
2024/6/1 20:36,别说人溢价国人认啊有什么办法，除去品牌溢价所谓的超低价大牌平替只是想割一波韭菜罢了。好面料同样成本不低如果面料差距不大面料工厂也不会低价销售。50元想多了280元有可能出厂价后期加上各环节费用也不便宜了。,0
2024/6/1 20:37,@小熙爸怎么选,0
2024/6/1 20:38,这哪里是瑜伽裤啊简直奢侈品！,0
2024/6/1 20:38,50跟1000的一样好，估计是没有对比过1000的才说一样好吧[比心],0
2024/6/1 20:39,当然是你啊[看],0
2024/6/1 20:39,@小ZZ吖??122?,0
2024/6/1 20:39,是不是感觉没穿裤子[泪奔],0
2024/6/1 20:39,他们拿30-跟3000比[捂脸]无言以对,0
2024/6/1 20:40,身材好 腿型好看的 穿50块钱的也好看 真的,0
2024/6/1 20:40,除非面料有专利，版型这东西拆版都能拆出来,0
2024/6/1 20:40,我就在南通，你说的这个我信。但是要是原厂，但货做出来和出给公司的大货一样不一样还得看。,0
2024/6/1 20:40,专柜买的T恤3000多，洗多几次领口一样泄，第二年也不想穿，200多的也没觉得差哪,0
2024/6/1 20:41,买过一百多的，号称媲美正版，我呸，要不是我穿过正版我就信了,1
2024/6/1 20:41,我媳妇肯定不穿这个出门[抠鼻]，但我倡议其他人媳妇该穿穿，我爱看[皱眉],1
2024/6/1 20:41,多挣点钱给媳妇买点值钱的才是真的。说的多了显得自己很没本事，就会喷这太贵那不值的[捂脸],0
2024/6/1 20:43,你根本不懂做假货的生意逻辑好吗。,1
2024/6/1 20:43,我做毛衣15年，合作过阿玛尼，maxmara，原料真不咋样。,0
2024/6/1 20:44,我也觉得,0
2024/6/1 20:44,后秀的也好穿[看],0
2024/6/1 20:45,这款打折就是200多，还用盗版吗[捂脸][捂脸],0
2024/6/1 20:45,穿着不好看呢,0
2024/6/1 20:45,青春啊，永远是美好的，可是真正的青春，只属于这些永远力争上游的人，永远忘我劳动的人，永远谦虚的人。 ,0
2024/6/1 20:45,真的没有平替[捂脸][捂脸]lulu的入坑之前觉得不就是瑜伽裤，入坑之后，不管是面料还是提升线条，一个字绝！！！,0
2024/6/1 20:46,我穷，lulu就买过一次正品，后边买一百多的裤子也很好[捂脸]各种颜色倒着穿，泄了就扔，也不心疼,1
2024/6/1 20:47,不可能,1
2024/6/1 20:47,从哪儿买,0
2024/6/1 20:48,没那身材[捂脸],1
2024/6/1 20:48,这是反向宣传吗[捂脸],0
2024/6/1 20:50,@一 一 好好好[捂脸]辛亏我没买,0
2024/6/1 20:50,没买过，也不会买,0
2024/6/1 20:50,这衣服穿着是显胖,1
2024/6/1 20:51,没啥技术可言，就是面料好一点[捂脸]，但璐璐的营销强，才能卖高价。,1
2024/6/1 20:52,50块的链接在哪里,0
2024/6/1 20:52,知识产权保护的好，外国找中国代工，从中国出口到海外，就业率也提升了！,0
2024/6/1 20:53,这视频真好，我以前不知道，现在就去买平替,0
2024/6/1 20:54,没设计款没秀款，全靠冬奥会赞助走红出圈，国内供应链随便超，也别怪别人，没啥技术水平卖一千多,1
2024/6/1 20:54,就爱看你,0
2024/6/1 20:54,加代会便宜吗[猪头],1
2024/6/1 20:55,在哪里买,0
2024/6/1 20:55,700出头,0
2024/6/1 20:55,所以你明白为什么做个瑜伽裤就能300亿美元了吗？这如果不是利润率超级高，凭什么？,0
2024/6/1 20:55,可以的,0
2024/6/1 20:56,280我都嫌贵。,0
2024/6/1 20:56,就阿迪那种短袖标价300多 奥特莱斯买几十块 有啥不一样？你说一个纯棉也就这价，还是品牌溢价,0
2024/6/1 20:56,真的！总结到位[嘿哈],0
2024/6/1 20:56,可是我买了正品，也买了阿里巴巴的国产，国产穿几次就起球了，料子也不柔软，弹性，版型，各方面都有差别，所以之后裤子我只买正品，上衣随便穿,0
2024/6/1 20:56,根本就没有平替，太显瘦了[色][色],1
2024/6/1 20:56,你是懂流量的,0
2024/6/1 20:58,身材好才是真的[OK],0
2024/6/1 20:58,反过来洗，不要暴晒，拿盐水先泡一泡，掉色很正常，纯棉的,0
2024/6/1 20:59,一分价钱一分货，而且我基本上现在买东西都是在德国上面买，现在像正品的这些阿迪耐克啊，新百伦啊，斐乐这些其实正版的也不贵，一个短袖一两百块钱也不贵，卫衣也是200多，但是穿着确实舒服,0
2024/6/1 20:59,说的好听叫代工，说的难听叫盗版[看],1
2024/6/1 20:59,这个倒是，我也是璐璐的粉丝，他家的裤子确实好穿，但是阿里巴巴价格要比他亲民好多，算是性价比高吧。,0
2024/6/1 20:59,性取向这方面，检查过吗？,1
2024/6/1 20:59,@Ymo,0
2024/6/1 21:01,这东西桑坡满大街都是，,0
2024/6/1 21:01,是时候把Lululemon价格打下来了！,0
2024/6/1 21:01,??好心情正常营业，烦心事永久打烊@曹国伟,0
2024/6/1 21:01,缝缝补补又三年[泪奔],0
2024/6/1 21:02,很正常 本身就不是啥高科技产品，可替代性太高了,0
2024/6/1 21:02,我是支持你的,0
2024/6/1 21:02,好的，受教了，感谢,0
2024/6/1 21:02,他家的衣服外观一般般,0
2024/6/1 21:03,一样的，我线下实体店买的那个耐克的那个运动裤300多买的一样，掉色，后面穿了几天就丢了几百块钱，穿几年够了。反正我个人认为啊，牌子的穿着就是舒服，质量好，做工也好,0
2024/6/1 21:03,支持正版！支持保护专利。[鼓掌][鼓掌],0
2024/6/1 21:03,@夜袭鸽子窝,0
2024/6/1 21:05,一分钱一分货，布料都不一样，裁剪还是有别的,0
2024/6/1 21:05,Akon的Right now Na na na,0
2024/6/1 21:06,我很爱lulu瑜伽裤，都是当打底穿，因为夏天穿也凉快还可以防晒[捂脸]基本都是上面配大t，盖屁股我才能穿的出去,0
2024/6/1 21:06,好嘟谢谢你[抱抱你],0
2024/6/1 21:07,喜欢看的是屁股又不是裤子,1
2024/6/1 21:07,就是用来割中产的,1
2024/6/1 21:08,露露乐檬,0
2024/6/1 21:08,菲乐容易掉色不如可隆和露露,0
2024/6/1 21:10,保持阳光心态，积极面对人生。每个人，都沿着不同的轨道在活着，人生是一趟单程车，我们最应该做的，就是好好善待自己，珍惜今天，期待明天。,0
2024/6/1 21:10,谁的人生不是荆棘前行，你跌倒的时候，懊恼的时候，品尝眼泪的时候，都请你不要轻言放弃，因为从来没有一种坚持会被辜负。请你相信，你的坚持，终将美好。,0
2024/6/1 21:10,人的才华就像海绵里的水，没有外力的挤压，它是绝对流不出来的，流出来的海绵才能吸收新的源泉,0
2024/6/1 21:11,每一日你所付出的代价都比前一日高，因为你的生命又过去了一天，所以每一日你都要更积极,0
2024/6/1 21:11,有能化善修身正行，积礼义，尊道德，百姓莫不贵敬，莫不亲誉。――《荀子》,0
2024/6/1 21:11,为人父母;善因望报，回头但看尔儿孙。――清金兰生《格言联璧》,0
2024/6/1 21:11,人人存善念，并能日行一善，则个人、家庭、社会一定安乐祥和。这世上，有时笑笑人家，有时给别人笑笑自己，放轻松，给自己快乐，也给别人快乐。同学丢一张纸屑—那是制造恶业；我们捡起一张纸屑—这是累积善业。,0
2024/6/1 21:11,势可为恶而不为，即是善;力可行善而不行，即是恶。――清金兰生《格言联璧》,0
2024/6/1 21:11,人生就是一种追求，一种努力，一种期盼。渴望着把梦想变成现实，将虚幻化为真实。,0
2024/6/1 21:11,懂得感恩是收获幸福的源泉，懂得感恩，你会发现原来自我周围的一切都是那样的完美。,0
2024/6/1 21:11,@迪丽冷巴,0
2024/6/1 21:12,@戏如人生 是不是[看],0
2024/6/1 21:13,????如果只是向往，远方依旧是远方，唯有行动，才能到达。@曹国伟,0
2024/6/1 21:13,厂长，你说的别的博主卖的代工厂平替，麻烦推荐一下,0
2024/6/1 21:13,品牌的舒适度是非常不错的，下次我在洗衣服试试你的办法，要不然我这裤子穿不了多久就废了[捂脸],0
2024/6/1 21:14,反过来洗，不要暴晒，然后新裤子拿到之后拿那个淡盐水泡个一两个小时。不要老是经常性的去洗，因为这个东西也有它的使用寿命，对吧？不是说穿一天就洗一次，穿一天就洗一次，你这样子你就一万块钱一条的裤子也经不住这么稿子的话,0
2024/6/1 21:14,请问哪里有卖的,0
2024/6/1 21:14,现在不需要给白皮代工了,1
2024/6/1 21:14,意义在于，不为品牌买单，就会失去创新和进步。可惜绝大多数人真的不理解,0
2024/6/1 21:15,@[看],0
2024/6/1 21:15,本身就是，炒作起来的,1
2024/6/1 21:15,国人穿lulu确实不自信啊  我在美国带回来的lulu在国内穿的好像小偷[暗中观察],1
2024/6/1 21:15,代工厂出来！！！[裂开],1
2024/6/1 21:16,感觉衣服只有模特穿才好，看普通人穿不出来人家那个效果,0
2024/6/1 21:16,直接走大街上穿，美在哪里啊？丑死了！什么审美,1
2024/6/1 21:19,这和百度查病并入膏肓有什么区别呢？要不去看看京东平台的品牌销量榜，618热卖中，穿所谓平替穿a货买假的 我不知道是什么心理，买不起就不买呗 这又不是什么你必须出席的场合 你没办法 只能没钱硬装，明明有好多平价的牌子 你不能买吗？好多人穿假耐克，是特步 安踏 李宁 鸿星尔克 美特斯邦威 匹克这些不卖给你吗？穿假的是什么风气啊，没必要的没钱硬装，[我想静静],1
2024/6/1 21:19,怎么没有视频,0
2024/6/1 21:19,本来质量就不咋的,1
2024/6/1 21:20,好的好的，万分感谢[呲牙],0
2024/6/1 21:21,差点买了试试,0
2024/6/1 21:21,支持正版,0
2024/6/1 21:22,仿品永远不会和正品一样，品牌一定会有自己独特的工艺在里面,0
2024/6/1 21:22,哪里买,0
2024/6/1 21:22,瑜伽裤外穿太丑了。觉得好看的人不要喷我。[尬笑],1
2024/6/1 21:22,说实话lulu品控太差…买过四次都是质量问题,1
2024/6/1 21:22,我找了这么久，始终找不到平替，lulu 的衣服是真的好穿，只有零数和无次数,0
2024/6/1 21:23,[赞][赞][玫瑰],0
2024/6/1 21:24,@捡垃圾第一名??,1
2024/6/1 21:24,有lulu家衣服 但真没觉得哪里好   贵不说  质量也一般  质量和价钱完全不成正比  性价比极低,1
2024/6/1 21:24,总是吃饱喝足之后 ，才会想起减肥这件事@曹国伟,0
2024/6/1 21:25,+1，穿了lulu，健身时其他的运动品牌真是没法穿了[愉快],0
2024/6/1 21:25,虚荣心舒服[呲牙][呲牙],1
2024/6/1 21:25,买过他家一件上衣，又买了一件山寨的另外的颜色，结果山寨的现在还在穿，官网买的已经开线了,0
2024/6/1 21:26,韭菜的自觉,1
2024/6/1 21:27,我也觉得不是很合适,0
2024/6/1 21:27,穿过安德玛质量很差[捂脸],1
2024/6/1 21:28,有钱人不买lulu，没钱人买不起lulu,1
2024/6/1 21:28,洗完一水马上露馅,1
2024/6/1 21:29,诶，反正满大街的这种裤子，有的卡屁眼里也觉得自己很好看[捂脸],1
2024/6/1 21:30,掉色，缩水。,1
2024/6/1 21:30,瑜伽裤特别挑体型,0
2024/6/1 21:30,熟知天下泡面味，尝遍四海榨菜烩,0
2024/6/1 21:30,要的就是,0
2024/6/1 21:31,都是聚酯纤维，没啥不一样[抠鼻],0
2024/6/1 21:31,没有平替,0
2024/6/1 21:31,有的衣服是让人去适应衣服，有的衣服是为了更好地衬托人。很多东西是平替不来的。有时候“平替”真的不是什么好事，是只重眼前但让一件很好的事／物变得不可持续。,0
2024/6/1 21:31,@饽饽,0
2024/6/1 21:32,有人说好穿，有人说不好穿，有人说有平替，有人说没有平替[发呆],0
2024/6/1 21:32,忍不住点个赞,0
2024/6/1 21:33,我找了这么久，始终找不到平替，lulu 的衣服是真的好穿，只有零数和无次数,0
2024/6/1 21:34,真的也买假的也穿。穿着就是不同、肤感不一样。穿了就知道！,0
2024/6/1 21:36,@[666][666][666][赞][赞][赞],0
2024/6/1 21:36,五金件什么的，差距相当的大。,0
2024/6/1 21:37,高温定型不好弄,0
2024/6/1 21:37,我专柜的，但我学生给我推荐了平替，他们学体育的不知道穿瑜伽服干嘛[捂脸],0
2024/6/1 21:38,露露好穿，除了贵没毛病,0
2024/6/1 21:38,为什么都在评论“我找了这么久，始终找不到平替，lulu 的衣服是真的好穿，只有零数和无次数”，一模一样，一个字都不改,1
2024/6/1 21:39,@一个困困的id,0
2024/6/1 21:39,我穿过正版，也穿过“平替”平替只是看起来一摸一样，舒适度正版100分，平替也就70分[宕机][他急了],0
2024/6/1 21:39,班尼路，牌子[看],0
2024/6/1 21:39,@不妄初心??: 假的也很好，固定效果很好,0
2024/6/1 21:40,我除了北京就澳门买 穿着舒服度确实高  假的会不会也很舒服[吐血][吐血][吐血],0
2024/6/1 21:40,我一直穿鸿星尔克,0
2024/6/1 21:41,义乌[看],0
2024/6/1 21:42,Sweaty Betty 比lulu 好穿的,0
2024/6/1 21:42,我专门盗窃过它的设计，没错，盗窃就是盗窃，不是山寨，不过那时候它还没来中国，市面上的瑜伽服真的很丑,1
2024/6/1 21:43,我穿是我穿 你看可以看 你让我拍给你看 你怎么这么不要脸,1
2024/6/1 21:43,你走过的每一条弯路，其实都是必经之路，你要记住的是，你永远都无法借别人的翅膀，飞上自己的天空。 @曹国伟,0
2024/6/1 21:43,"你看，好的你又说丑[捂脸]现在lulu就快成轻奢了，要性价比有安德玛折后100左右，要性能专业有2xu, x-bionic,skins，lulu有啥[吐血]",1
2024/6/1 21:44,速干裤也不错,0
2024/6/1 21:44,@槑??,0
2024/6/1 21:45,[打脸],1
2024/6/1 21:45,@YYue,0
2024/6/1 21:46,假的就是假的,1
2024/6/1 21:46,我得看视频拉大了，腿比人都高那种,1
2024/6/1 21:46,@a奥利奥根本扭不开啊,0
2024/6/1 21:47,身材好的和瑜伽裤是绝配,0
2024/6/1 21:48,@????????????. @我最棒！ @猫猫陆（陆沉随手脱的苦茶我怒嗅十万遍 @Meng蒙 @slow @卫所思 @瞳 @+乐er @社恐的土豆?? 说实话真不值[比心]挂一下就起球了[比心],0
2024/6/1 21:48,知道了知道了[尬笑],0
2024/6/1 21:49,不不不，有腿就敢穿,1
2024/6/1 21:49,身材好就可以大庭广众丢人现眼吗,1
2024/6/1 21:50,轻便耐穿,0
2024/6/1 21:51,平替可能好穿，但真的替代不了lulu[捂脸],0
2024/6/1 21:51,对！,0
2024/6/1 21:51,哪有平替,0
2024/6/1 21:51,日本韩国人觉得西瓜不可能几块钱一斤 [酷拽],0
2024/6/1 21:51,@滴滴哒嘀,0
2024/6/1 21:51,感觉又丑又贵,1
2024/6/1 21:52,太对！,0
2024/6/1 21:53,如果真的想低价买。建议加一下销售微信，你会有惊喜[看],0
2024/6/1 21:53,创新是引领发展的第一动力。发展动力决定发展速度、效能、可持续性。抓住了创新，就抓住了牵动经济社会发展全局的“牛鼻子”。 坚持创新发展，是我们分析近代以来世界发展历程特别是总结我国改革开放成功实践得出的结论,0
2024/6/1 21:53,这种裤子跟裸着出去有啥区别，自己不尴尬么,1
2024/6/1 21:56,为啥俺欣赏不来穿瑜伽裤的女人,1
2024/6/1 21:57,你们这种古代穿越过来的就别学现代人上网冲浪了好吗？说出来的话真是字字炸裂[泪奔],1
2024/6/1 21:59,屁股真练翘穿什么瑜伽裤都好看,1
2024/6/1 21:59,只能说明他们没技术,1
2024/6/1 22:01,怎么买啊,0
2024/6/1 22:01,别扯淡了 质感不一样的 只是看上去差不多,1
2024/6/1 22:02,太贵了买不起,0
2024/6/1 22:03,我开始也穿安德玛这些，后来换国产匹克，特步，现在发现50块的工厂鞋又便宜又好穿。,0
2024/6/1 22:03,什么客供   什么正品都是扯犊子  自欺欺人,1
2024/6/1 22:03,看看luluhelen，值得推荐,0
2024/6/1 22:04,那是因为你身材不好,1
2024/6/1 22:05,[暗中观察],0
2024/6/1 22:05,个人喜好吧,0
2024/6/1 22:05,这裤子有什么技术壁垒吗,0
2024/6/1 22:05,我说迪卡侬很多像露露呢，款式穿着挺好看，但面料和舒适度和露露较大差距,0
2024/6/1 22:08,立体剪裁,0
2024/6/1 22:08,健身服挑身材，不是说穿不出去，很多人穿的一言难尽，真的是自己的审美问题，有身材你随便穿哪里去都可以，如果没有还是不要外穿了，特别是上衣还很短那种，真的不知道内心咋想的，自己不尴尬尴尬的就是别人[捂脸],1
2024/6/1 22:08,都是你们这些男的在这叫，又没穿又没买的，买了的人都说平替有区别，一堆男的在这叫一模一样，空口说白话你们也不心虚的，死装,1
2024/6/1 22:09,上海女白领[泣不成声],0
2024/6/1 22:09,身材好的穿的很好看，但是没身材的真的一言难尽，[捂脸],1
2024/6/1 22:09,那我的好良心，500[呲牙],1
2024/6/1 22:09,我都不知道这个牌子[捂脸],0
2024/6/1 22:10,我也欣赏不来，总觉得穿秋裤出来了,1
2024/6/1 22:10,内裤啥时候上啊,1
2024/6/1 22:14,买了一件迪桑特t花了720 穿了四年不变形不褪色 一分钱一分货 材质 版型没办法 你买便宜难看不说变形,0
2024/6/1 22:14,给我链接[捂脸],0
2024/6/1 22:14,若你在舞台中央，贺你一身荣光。若你在平凡路上，愿你安然绽放。,0
2024/6/1 22:15,你们的评论怎么都复制粘贴一个字都不换[捂脸]？看到好多一样的了[泪奔],0
2024/6/1 22:15,但是版型真的好,0
2024/6/1 22:16,@退休女孩一万牛,0
2024/6/1 22:16,我刚刚还在那个评论下问呢，怎么一摸一样的复制粘贴[捂脸],0
2024/6/1 22:16,那确实没得说[比心]但是走大马路上你看不太出来真假[比心],0
2024/6/1 22:17,求链接??,0
2024/6/1 22:17,在网上看见了，但是咱买的就是他起球，说明咱买的是真的，一生爱慕虚荣的女人,1
2024/6/1 22:18,果然上海的装比需求最大,1
2024/6/1 22:18,就是九十年代的脚蹬裤[呲牙],0
2024/6/1 22:19,很多小短腿 大粗腿也穿 真的很尴尬[尬笑]我一个男的看的都觉得恶心??,1
2024/6/1 22:19,@lris @蓟YYY 这不是我们小姐姐最喜欢的lulu吗,0
2024/6/1 22:20,真没有[尬笑]我也想让中国有 露露确实太贵了,0
2024/6/1 22:21,笑死我了,0
2024/6/1 22:23,但价格成本不至于差个十倍,0
2024/6/1 22:23,厂长枕头有啥推荐的吗，睡眠不太好,0
2024/6/1 22:25,买过科技装备的对着他店里那种织造工艺很一般的产品真的不想买单，就是个几百块的衣服标价都比预期贵三倍以上，也可能是我不懂瑜伽吧。,0
2024/6/1 22:26,为什么要批评穿瑜伽裤上街的人，我这边大家不管身材好坏 都在外穿 没觉得有什么不妥…[呆无辜],0
2024/6/1 22:27,lulu根本没有平替 穿过的都知道,1
2024/6/1 22:27,例如1000件用1000米面料。工厂管控好，只用了990米。剩下的10米就可以做出来10件一模一样的衣服。[呲牙],0
2024/6/1 22:28,一分价格一分货 lulu主要是版型和舒适度吧 至少版型我觉得还是很难模仿的,0
2024/6/1 22:28,??#阳光信用#  ??#每日一善# 每有患急，先人后己。陈寿《三国志蜀志》,0
2024/6/1 22:29,不必纠结当下，也不必太担忧未来，人生没有无用的经历，所以我们一直走，天会亮的。——村上春树,0
2024/6/1 22:30,要不你卖卖货[捂脸],1
2024/6/1 22:31,2017年才创办的一个品牌，知名个毛线，也就是在中国把它当回事，你去美国看看，就跟中国的真维斯班尼路一个档次。,1
2024/6/1 22:32,擦,1
2024/6/1 22:32,面料肯定不一样,0
2024/6/1 22:32,转发微博,0
2024/6/1 22:33,没火的时候就买了，跑步跟打羽毛球的时候穿，我不练瑜伽?????♀?。那时候也没这么夸张，还没货。我更不理解的是，很多人拿他当轻奢？？？还做日常搭配穿着？？？？？？是我out了还是不懂时尚了，脑残吧，穿个健身服当日常轻奢。,1
2024/6/1 22:33,我就想知道 这个品牌是怎么火起来的,0
2024/6/1 22:33,我或许可以,0
2024/6/1 22:34,身材好又给看??,1
2024/6/1 22:34,穿过韩国品牌安达吗,0
2024/6/1 22:34,有男装吗 对 我是lulu的冤大头,1
2024/6/1 22:35,不可能，你这样说只有一种可能就是你想卖货,1
2024/6/1 22:35,是的，绝对是,0
2024/6/1 22:35,怪不得大家说穿lulu会显身材好，原来是这个原因，怪不得现在提臀裤广告这么多,0
2024/6/1 22:38,相信梦想是价值的源泉，相信眼光决定未来的一切，相信成功的信念比成功本身更重要，相信人生有挫折没有失败，相信生命的质量来自决不妥协的信念。,0
2024/6/1 22:38,身材好的穿瑜伽裤无敌好吧，,0
2024/6/1 22:39,私你,1
2024/6/1 22:45,@Judyzzz 真的好穿[感谢][感谢][感谢],0
2024/6/1 22:45,是哪家求推荐,0
2024/6/1 22:46,买东西怎么找大牌平替？直接搜产品名字后面加个平替吗？,0
2024/6/1 22:46,@sun乐乐,0
2024/6/1 22:46,??#阳光信用#  ??#每日一善# 把单位会议室里坏的坐椅顺手修一修吧（当然，也要综合考虑自己的技术）。,0
2024/6/1 22:46,国外本来就一般火，到中国被一些打着（所谓中产穿搭的一类人）优越起来了，一个鸟，萨洛蒙，这个，迪桑特，,1
2024/6/1 22:48,@懓 感觉没什么特别的[黑脸],1
2024/6/1 22:49,我虽然不做服装生意，但是买衣服的经验也是一分钱一分货，就看自己的消费能力[比心],0
2024/6/1 22:49,对啊，其他好多都没啥区别,0
2024/6/1 22:50,可以指定啊。[尬笑]lulu的风洞系列用卡尔迈耶的机器，400万起步的RSJ经编机，360万DSE HH的氨纶整经机和一百多万的DS长丝整经机，这几个型号的机器每个在大陆一年卖不到10台，一台一天生产出来可用的良品就100公斤，做这个的工厂的ERP还要随时给品牌方检查。再加上4.5级色牢度，环保染料，制衣裁剪损耗和人工。[捂脸]你觉得有做假货的能拿到货？即使拿到货，280的能做出混入专柜的效果来？lulu贵得离谱是真的，混入专柜这种事情也就白痴和卖假货的信了。,1
2024/6/1 22:51,别的不说69买的4条内裤是想安利给所有人的舒适程度！比正品都好穿,0
2024/6/1 22:51,桑坡、莆田代购站点,0
2024/6/1 22:52,好点的简直太太太太贵了,0
2024/6/1 22:52,意思是说不能以假乱真了？,0
2024/6/1 22:53,真真假假，关键看穿在谁身上[微笑],0
2024/6/1 22:53,@晴妞 不是我刚买,0
2024/6/1 22:53,人生总是有许多的不如意，我们要放宽心。舍得舍得，有舍才有得。我们舍得笑容，得到的是友谊。@曹国伟,0
2024/6/1 22:53,沪签指定品牌[赞],0
2024/6/1 22:54,人最重要的，是洋溢在脸上的自信，长在心底的善良，刻进生命里的坚强,0
2024/6/1 22:54,哪个内裤？在哪买？,0
2024/6/1 22:54,儿童节快乐,0
2024/6/1 22:54,别的不说69块4条的露露平替内裤是真舒服！,0
2024/6/1 23:02,我买了好几万的lulu了，曾经尝试网上买了一条裤子，收到货差点笑死我，差的太离谱了，这么便宜舒适度高的衣服还是店里去买！,0
2024/6/1 23:02,早知道今天中午多刷点dy就能刷到这条了,0
2024/6/1 23:04,水军吧，那些人回你了吗,1
2024/6/1 23:05,[绝望的凝视]买过感觉也没啥啊 为啥那么多人都说好……就很神奇,0
2024/6/1 23:09,我说的这个系列肯定做不到以假乱真，那些仿品的孔都是后整理剪出来的，和机器上织出来自带的完全不一样。[打脸]有些平纹系列市面上应该有同型号的机器，可以用来做一样工艺的产品。但是工艺一样不意味着成品一样。平替之所以叫平替，肯定是从原料到织造到后整理全方位偷工减料的。[哈欠]对业内人士来说，这种级别的布的国内总产量不是什么秘密，谁家占了多少份额清清楚楚，哪来这么多出入专柜的仿货。,1
2024/6/1 23:11,似乎听明白了，辛苦你了打这么多字，我给你叫杯星巴克吧,0
2024/6/1 23:11,成本就20,0
2024/6/1 23:12,@徐美美呀??,0
2024/6/1 23:12,这俩我都有，甚至安德玛的更多，单论瑜伽裤来说安德玛真不如lulu,0
2024/6/1 23:12,专业性暂且不提，无从考证，我不知道你为啥非要列举其他品牌来跟lulu对比，对我来说它就是一条裤子，好看舒适是我选择它的理由，也不是买它专门来运动，我也不需要它有什么专业性[投降][投降]为它打call就是因为爱它的面料和舒适性，而且lulu性价比已经很高了，活动价最便宜的颜色一条只要400多，当常服穿两三年不带有问题的，还要咋滴啊[投降][投降],0
2024/6/1 23:13,外在压力增加时，就应增强内在的动力@曹国伟,0
2024/6/1 23:13,穿过lulu，大牌子nike，安德玛，阿迪这些舒适度都完全比不上，何况还平替。,0
2024/6/1 23:13,复制粘贴,0
2024/6/1 23:14,搞不动lulu可以看看MAIAACTIVE，国产品牌，贼靠谱,0
2024/6/1 23:15,你这人还怪客气的。但是打几个字不费劲，睡前刷刷抖音。[呲牙],0
2024/6/1 23:17,我以前单纯的认为原材料用最好的能有多少差价，看来我是格局小了[比心],0
2024/6/1 23:18,别闹，我爱看,0
2024/6/1 23:18,买个千把块钱的lululemon还要平替[发呆],0
2024/6/1 23:18,这牌子女装还行，男装好丑，纯粹是老头衫[泪奔][捂脸],0
2024/6/1 23:19,苏州产的，原厂放货,0
2024/6/1 23:19,@YTB967 找他没毛病,1
2024/6/1 23:19,姐妹，??,0
2024/6/1 23:20,私你,1
2024/6/1 23:21,多性感？这才是女人的专属魅力，你什么都不懂也可能是你身材不行[灵机一动],1
2024/6/1 23:21,“我找了这么久，始终找不到平替，lulu 的衣服是真的好穿，只有零数和无次数。”这是露露的水军吧，你们是不是没买到过好平替，青岛即墨的嘎嘎好。,1
2024/6/1 23:21,lulu面料有专利,0
2024/6/1 23:22,在哪里能买到呢,0
2024/6/1 23:23,对对对对对,0
2024/6/1 23:23,对对对,0
2024/6/1 23:25,小姐姐颜值酷酷的,0
2024/6/1 23:25,对啊 我关注的博主身材好好穿1688三十几的瑜伽裤一样超级好看啊,0
2024/6/1 23:27,可能在乎那个logo的是你………我只在说穿着感，仿版根本就拿不到一样的材质……自己是什么人就看别人是什么人[看],1
2024/6/1 23:27,就这瑜伽服，能有什么技术壁垒,1
2024/6/1 23:28,这种裤子漏屁股真的好看吗？ 好歹穿件长点的衣服吧[捂脸],1
2024/6/1 23:28,你好像以前我看的那个糖心蛋,0
2024/6/1 23:28,我想找迪桑特盗版[捂脸],1
2024/6/1 23:28,@宇宙贝儿,0
2024/6/1 23:29,身材好，需要分正版盗版吗？,0
2024/6/1 23:31,厂长选的女装参差不齐,0
2024/6/1 23:32,我不会把钱花在这方面，舒适的衣服一大堆,0
2024/6/1 23:36,我买过所谓平替真的不行 最终还是买正品,0
2024/6/1 23:39,确实，男的也爱看女的秋裤外穿。,0
2024/6/1 23:39,+1，lulu没有平替，我的lulu穿两年不会变形不会扯私不会勒肉，说是平替，其实没有一家能做到一样的[呆无辜]但是lulu国内溢价高也是真的[呆无辜],0
2024/6/1 23:40,最主要的还是价格,0
2024/6/1 23:43,穿这么紧不会不舒服吗，冬天我穿紧身内裤脚毛都萎了,1
2024/6/1 23:44,只能说他们的检索能力可真差[捂脸],1
2024/6/1 23:45,我觉得lulu的面料裁剪很多方面无法平替，如果有就是没有真正穿过的，没有对比形似而已.我找这么久依然没有,0
2024/6/1 23:45,确实，什么场合穿什么衣服才是穿衣得体。,0
2024/6/1 23:46,我也没听说过,0
2024/6/1 23:46,这个设计不太好看呢,0
2024/6/1 23:49,前公司帮他家代工保温杯，知道他卖大几百后惊呆了,0
2024/6/1 23:51,看淡拥有，不刻意追求某些东西，落叶归根，那些属于你的，总会回来。,0
2024/6/1 23:58,@半透膜 @piwrim 谁允许的平替？,1
2024/6/2 0:00,男生的裤子真的很不OK  口袋和腰部很容易垮,0
2024/6/2 0:00,月薪有个一万多的，可以买呀，但是就是因为不便宜所以买仿制的呀，穿着无论是感觉还是别人看起来，没差别[捂脸],0
2024/6/2 0:02,不知道[宕机],0
2024/6/2 0:04,晚上好，周末愉快,0
2024/6/2 0:05,那你爱看可以让你全家的女士穿[微笑],1
2024/6/2 0:05,也还好吧 哪有那么神[捂脸][捂脸],0
2024/6/2 0:06,喜欢看身材好的，穿瑜伽裤,0
2024/6/2 0:11,真的少点人来碰lulu吧，我男的到一个城市逛街只去lulu逛买[尬笑]越小众越好,1
2024/6/2 0:12,没有穿过，是真的消费不起啊[尬笑],0
2024/6/2 0:13,我跟风去试过一件拉链收腰的款式，为了显示效果特地露出我的贴身优衣库秋裤搭配，那衣服就像个螳螂女，胸前还有八块花纹，我长太普通了完全穿不出它几千的质感[泪奔],1
2024/6/2 0:13,今天20岁,0
2024/6/2 0:17,吹成神的那些平替，上身的体验都不如正品，不说别的，正品的全覆盖尺码就是平替做不到的，那些说平替对标正品的，都是没咋穿过正品的,1
2024/6/2 0:21,做服装厂的我，只能说你不懂行,0
2024/6/2 0:22,二百一下的确实不行200以上的平替绝了,0
2024/6/2 0:23,我天啊…Lulu真的很一般….国人这么上瘾也是醉了,1
2024/6/2 0:23,可以看看maiaactive 我觉得比lulu舒服,0
2024/6/2 0:24,上周末刚去专卖店，全是人。。。,0
2024/6/2 0:24,一条三角短裤也好几百[捂脸],0
2024/6/2 0:25,一件破衣服被美狗舔上天了,1
2024/6/2 0:25,因为大家现在都穷到理智了[捂脸],0
2024/6/2 0:26,是的，裸感系列的面料是真的真的仿不出来！舒适感只有穿过的才知道！假的一上身就能知道，所以代购真假也一下就能知道！,0
2024/6/2 0:26,始祖鸟挺住 我今年买了两万块了,0
2024/6/2 0:26,居然这么多人以假货为荣[泣不成声],1
2024/6/2 0:28,??#阳光信用#  ??#每日一善# 利人的德性我以为就是善。—— 培根,0
2024/6/2 0:28,也算不上独家 他面料都是来自供应商的啊人家公司的生意不止lulu，除了一家台企和一部分国外公司，还有大概20%面料供应商就是国内。,0
2024/6/2 0:30,没错，版型可以仿，布料真的不一样，他家那个布料好像是专利,0
2024/6/2 0:31,但凡有洞的款式，不可能找得到平替，卡尔迈耶RSJ机器，全世界范围内有几台在什么地方都屈指可数，产能都被包圆了。哪来的平替，面料都不一样。[哈欠]平纹系列，会有人拿36机号的机器去仿lulu（E40机号），那种最多是仿，谈不上替。[哈欠],0
2024/6/2 0:34,[抱抱你][抱抱你]好的呢姐妹,0
2024/6/2 0:36,一般代购需要多长时间,0
2024/6/2 0:37,确实 版型质量没的说,0
2024/6/2 0:37,同感，而且不太会下滑，运动时不需要一直提裤子,0
2024/6/2 0:38,小仙女们没钱了[看][看][看],0
2024/6/2 0:39,一块布 没有平替[大笑],0
2024/6/2 0:41,我和男朋友都是穿lululemon，真的不存在平替。,0
2024/6/2 0:42,@大隐隐于市…,0
2024/6/2 0:44,机哥：lulu彻底走上美特斯邦威路线以后，要找舒服并且得体的性能服装几乎只剩下 Vuori.,0
2024/6/2 0:45,@奥兔奥夹心饼干 有好的平替么 我没见过,0
2024/6/2 0:49,实际对比了剪裁材质都有很大区别,0
2024/6/2 0:50,@Double-C??,0
2024/6/2 0:50,没想到你居然是lulu粉,1
2024/6/2 0:52,找了这么久，就是找不到平替，lulu 的衣服是真的好穿，只有零数和无次数[赞],0
2024/6/2 0:54,[赞][赞],0
2024/6/2 0:57,@饭团不会糊,0
2024/6/2 0:57,lulu只有身材很好的才能穿。。。,1
2024/6/2 0:59,lulu真的起球[捂脸][捂脸][捂脸],0
2024/6/2 1:02,Lulu的衣服确实好穿也好看，但是打折也挺狠的，基本都5折6折，原价是绝对不会买的，碰到什么520，618，双11屯点就行了,0
2024/6/2 1:06,姐妹，推荐一个不踩雷的款，我买一件试试，早想试了一直嫌贵，看你说的这么好我也去买件,0
2024/6/2 1:06,[666][666][666][666][666][666][666][赞][赞][赞][赞][赞][赞][赞][赞][赞][赞][赞],0
2024/6/2 1:07,要看颜色的 紧俏的颜色永远不打折 难看 滞销的颜色才打折,0
2024/6/2 1:07,lulu的材质没话说，可以说真正的空气衣,0
2024/6/2 1:10,这和秋裤有啥区别？[捂脸],0
2024/6/2 1:15,"Align? 女士运动高腰紧身裤 24"" 瑜伽裤裸感丨lululemon LW5CWMA??俺买的这个链接，你复制搜标题，他家旗舰店的，我买的时候活动价是780拿下的，不过我现在看我买的绿色已经下架了，因为他家价格是跟颜色定的，有400多500多的，你可以问问客服，面料是不是没区别，如果没区别可以买400的试试！而且他家有运费险，可以买回去试试舒适感，自己觉得OK再留下！[抱抱你]",0
2024/6/2 1:23,嗯嗯好的姐妹，马上去买，麻烦你了[呲牙][呲牙]谢谢,0
2024/6/2 1:24,我没买过lulu但是相信没有平替。也不会有什么同料代工，现在正品货卡的很死，正品跟平替关键就是差在细节[看][看][看],0
2024/6/2 1:26,就是文胸背心压熊[捂脸]胸垫不行，瑜伽裤没的说，半袖也是可以[666],0
2024/6/2 1:28,是那家代工厂[灵机一动]可以达到专柜的程度,0
2024/6/2 1:28,求链接,0
2024/6/2 1:29,@z1,0
2024/6/2 1:32,搜迪卡侬,0
2024/6/2 1:34,拼多多60块,0
2024/6/2 1:38,？ 难怪迪卡侬现在贵的离谱，e,1
2024/6/2 1:38,这牌子就是智商税[看],1
2024/6/2 1:39,@米斯特皮,0
2024/6/2 1:41,[灵机一动]再不上架七分裤 我去发掘其他的店了 断货真的离谱,0
2024/6/2 1:41,是,0
2024/6/2 1:43,再加上抗臭抗菌功能纱线也独家规格签约，这个规格的功能纱线我们只能卖他们一家品牌，所以100%面料都拿不到，更别说其他专利的设计了。[泪奔],0
2024/6/2 1:45,hh，duang！股价,0
2024/6/2 1:45,中国纺织业从古至今世界顶流,0
2024/6/2 1:49,@iimyveins,0
2024/6/2 1:50,你错了 ！真正的一比一在福建石狮 只是你不知道！,1
2024/6/2 1:52,你们是直接卖给他们吗还是和他们的供应商签的呀？核心面料方面鸿儒纺织和lulu没有排他协议吧？我不是服装行业的 理财的时候关注过这个企业。,0
2024/6/2 1:59,人家就是为品牌力买单，幻想自己处在中产小资的人设罢了，只有你在较真推荐[捂脸]真正运动的人都很随意的,1
2024/6/2 2:04,你要说光刻机我们平替不了，尤其服装小商品这块，但凡干过几年服装的，随便复刻[呆无辜],0
2024/6/2 2:05,我有个朋友介绍的货源的确是很多大牌的代工厂出货，拿货的价格便宜到不行，几十块拿货价真的是和专柜1000的一样，现在基本不去别的渠道买了以前花了不少冤枉钱,0
2024/6/2 2:12,我也没给她推荐，只是怕说的太直白有的人会急眼[吐血][吐血][吐血],0
2024/6/2 2:12,真的没有平替[泪奔][泪奔]试了很多家最后还是买的lulu[泪奔]真的没有平替只有他家能穿出那个感觉[泪奔][泪奔],0
2024/6/2 2:17,说lulu找不到平替的只能是外行了，某快消品子品牌目前用的就和lulu同一材料供应商和代工做的，价格只有lulu的1/8，在全国市场上盲测两年，用户在不知情的情况下穿着几乎不知道哪个是lulu（仅针对瑜伽裤），如果是运动内衣。。lulu自己不擅长这个，LORNA JANE比lulu好很多，价格也只有lulu的1/3，不用杠，我们有完整的调研报告,0
2024/6/2 2:22,有的,0
2024/6/2 2:31,买过lulu的衣服和裤子，我想说的是如果经济条件允许就直接买，不允许的话再找平替。因为有穿着经验，还是可以说讲两句公道话，首先lulu的版型确实挺好的，我是胖妞，但lulu家哪怕浅色的防晒服都不会显胖。其次瑜伽裤你说他没有束缚感实际上还是有的，但是显瘦效果真的不错，还有一点修饰腿型的感觉。最后，850-1080的瑜伽裤真就见仁见智，平替永远替不到正主的百分之百，但缩减一大部分的金额，是可以允许有差异的。常年健身且需求度比较高的，个人建议冲正主，如果不怎么健身单纯跟风追牌子，大可不必。,0
2024/6/2 2:35,你以为,0
2024/6/2 2:39,害，一件服装难道还模仿不了？又不是什么高科技。中国纺织业也是遥遥领先的。,0
2024/6/2 2:40,@杨嘉欣 70刀,1
2024/6/2 2:41,完了，大家都穿平替了我穿着也不显我牌子啊,0
2024/6/2 2:42,穿了很多年了…必须得说版型、面料不是糊弄的[微笑],0
2024/6/2 2:45,水军能不能换几个词，评论全是一模一样的,1
2024/6/2 2:46,哈哈哈哈我都看尴尬了。我多花这么多买的还能让你比下去？,1
2024/6/2 2:49,本来正品的做工质量就很差 基本都是斯里兰卡的,1
2024/6/2 2:50,你得了吧[尬笑][尬笑][尬笑]，我有正品也有平替，没你说的那么邪乎,1
2024/6/2 2:56,我给南油档口装修的时候有一家真的一摸一样。,0
2024/6/2 3:01,辛福就像是一只蝴蝶，当你追逐它时，却难以到手；但，当你安静下来，它却有可能降落到你身上。,0
2024/6/2 3:03,买lulu的会在意所谓平替么[笑哭],0
2024/6/2 3:04,买的lulu天天健身穿 2套换着 还有别的不适合健身穿的 日常穿 没有起球过 标也没有掉过 没有平替 版型面料都是可以的 那些说有平替的 如果标一样 不叫平替 叫复刻 难听一点就是假货[微笑],0
2024/6/2 3:07,可是在美国很便宜啊,0
2024/6/2 3:13,诶你说怪不怪，这玩意目前还真平替不了，人家材料毕竟有专利，花什么钱办什么事，很正常吧,0
2024/6/2 3:22,我寻思复制粘贴挺丢人的[发呆],1
2024/6/2 3:32,我就要买平替 哈哈哈 可能这种东西 让我感觉不值这个价 也不需要付那么多钱在这个身上 随便什么牌子无所谓,0
2024/6/2 3:32,迪拜也很便宜啊 奥特莱斯折上折[捂脸]很香,0
2024/6/2 3:34,找专柜缝上[大笑],0
2024/6/2 3:35,怎么说呢，谁穿过谁知道吧。,0
2024/6/2 3:36,消费降级，最先抛弃的就是这种货,1
2024/6/2 3:37,瑜伽裤科技含量那么高么，还是没有资本愿意往里砸钱搞,0
2024/6/2 3:44,支持国货[赞][赞][赞],0
2024/6/2 3:45,因为价格,0
2024/6/2 3:46,哈哈哈,0
2024/6/2 3:47,复制黏贴给几个子儿[尬笑],1
2024/6/2 3:50,[赞][赞][赞][赞],0
2024/6/2 3:51,这不是很正常吗？每个平台的费用不一样，打个比方，汽车用品类目，天猫收3%佣金，京东10%佣金，商家不把这7%的佣金转嫁到消费者头上？,0
2024/6/2 3:52,加拿大的这位外国人，时代变了，苹果都4000多了,1
2024/6/2 3:52,营销手法。都是跟风的人在买了后面,1
2024/6/2 4:12,他们玩的是优越感和身份认同[泪奔],0
2024/6/2 4:14,这里洗地的也太多了，话术也一样,1
2024/6/2 4:27,@嘟嘟瑜伽服 这家平台真好,0
2024/6/2 4:31,其实成本真差不多。。。,0
2024/6/2 4:31,你这种思想还停留在中国不能生产圆珠笔头的故事上[偷笑],1
2024/6/2 4:33,[感谢][感谢][感谢][调皮][调皮][调皮][调皮][调皮][抠鼻],0
2024/6/2 4:33,一个衣服有啥专利[捂脸],0
2024/6/2 4:35,男的有钱老板休闲运动时也爱穿lulu,0
2024/6/2 4:50,[玫瑰][玫瑰][玫瑰][玫瑰],0
2024/6/2 4:50,人的心理暗示多么的可怕，一件衣服都整出信仰来了，这跟早期追阿迪耐克有什么区别吗[疑问],0
2024/6/2 4:57,这衣服贵，我们没有钱这能看看[捂脸],0
2024/6/2 4:58,我相信要卖便宜了就没人说他好穿了[看],1
2024/6/2 5:00,这条评论五毛钱？,1
2024/6/2 5:05,帅,0
2024/6/2 5:05,: lulu抓准了女性心理,0
2024/6/2 5:05,[微笑],0
2024/6/2 5:06,[微笑][微笑][微笑][微笑],0
2024/6/2 5:08,凡事欲其成功，必要付出代价：奋斗。发明的秘诀在不断的努力。业精于勤而荒于嬉，行成于思而毁于随。一个人必须经过一番刻苦奋斗，才会有所成就。,0
2024/6/2 5:08,[大笑][大笑][大笑][大笑][大笑][大笑][大笑][赞][赞][赞][赞][赞][赞][赞][赞][赞],0
2024/6/2 5:09,不是都抖音我还不懂的牌子[泪奔],0
2024/6/2 5:10,质量款式价格缺一不可！,0
2024/6/2 5:11,@一只小憨豆儿,0
2024/6/2 5:11,确实，已经很久不从lulu买东西了，款式更新不让人心动，而品质又越来越多“物美价廉，性价比高的平替”,0
2024/6/2 5:12,一般我都维护正品，但是lulu这种我是维护不了一点，裤子气球质量又差还卖高价，不知道哪来的勇气,1
2024/6/2 5:14,[赞][赞][赞],0
2024/6/2 5:16,我找了这么久，始终找不到平替，lulu 的衣服是真的好穿，只有零数和无次数,0
2024/6/2 5:17,露露设计总监去迪卡侬了。买迪卡侬平替吧！,0
2024/6/2 5:17,[赞][赞][赞][赞][赞][赞][赞][赞][赞][赞][赞][赞][赞][赞][赞][赞][赞][赞][赞][赞][赞],0
2024/6/2 5:21,我找了这么久，始终找不到平替，lulu 的衣服是真的好穿，只有零数和无次数,0
2024/6/2 5:23,不认识[呲牙],0
2024/6/2 5:26,只有好身材的人适合穿Lululemon[赞][赞][赞],1
2024/6/2 5:29,不认识,0
2024/6/2 5:33,@我的印象笔记,0
2024/6/2 5:33,@[赞][赞][赞][赞][赞][赞][赞][赞][赞][赞][赞][赞][赞][赞][赞][赞][赞][赞][赞][赞],0
2024/6/2 5:35,这话绝了，我穷到只有理智了[捂脸]衣服也好久没有买了[我想静静][我想静静][我想静静],0
2024/6/2 5:35,像我就不穿内裤，一样无感,0
2024/6/2 5:37,给力，漂亮,0
2024/6/2 5:37,怎么说呢，谁穿过谁知道吧。,0
2024/6/2 5:37,去哪里可以买lulu[送心],0
2024/6/2 5:42,[抠鼻][抠鼻],0
2024/6/2 5:43,这装一式青春永驻。,0
2024/6/2 5:43,[赞][赞][赞][赞][赞][赞][赞][赞][赞],0
2024/6/2 5:44,青春美丽，,0
2024/6/2 5:47,[666][666][666],0
2024/6/2 5:49,这就跟三秒定律被贫穷程度打破一样。代工是否能取代lulu也取决于贫穷的程度[捂脸][捂脸][捂脸],0
2024/6/2 5:51,[赞][赞][赞],0
2024/6/2 5:51,[赞][赞][赞][赞],0
2024/6/2 5:52,我是给加代下货的,1
2024/6/2 5:54,盗版怎么了不是花钱买的吗？为什么可耻呢？盗版不是也同样为工人提供岗位么？一样创造价值，等有做大做强那一天也可以成立品牌啊，再说了钱是自己的想怎么花还轮不到你说三道四,1
2024/6/2 5:54,@慢慢不是慢慢: 穿了四年的lulu，洗一次起一次球，后来买了桑坡货[流泪]真的真的真的材质一样，还耐洗，中国人不骗中国人[流泪]我特别喜欢穿lulu，上班下班天天穿[酷拽],0
2024/6/2 5:54,穿过就知道lululemon 没有平替,0
2024/6/2 5:56,露露设计总监去迪卡侬了。买迪卡侬平替吧！,0
2024/6/2 5:56,真是什么事情都有,0
2024/6/2 5:59,Ip攻击？,1
2024/6/2 6:00,[666][666][666][666][666][666],0
2024/6/2 6:00,谢谢,0
2024/6/2 6:01,??,0
2024/6/2 6:03,为中国人点赞[赞][赞][赞],0
2024/6/2 6:05,不知道这个品牌,0
2024/6/2 6:07,"[wēng ā hōng]

嗡啊吽
嗡啊吽
嗡啊吽",0
2024/6/2 6:07,[赞][赞][赞],0
2024/6/2 6:09,这个我找了这么久，始终找不到平替，lulu 的衣服是真的好穿，只有零数和无次数,0
2024/6/2 6:09,lulu好穿吗,0
2024/6/2 6:16,没有穿过这衣服,0
2024/6/2 6:27,儿童鞋啥时候有,0
2024/6/2 6:32,lulu的面料是独家专利，市面上没有真正做到一模一样的“平替”。,0
2024/6/2 6:33,没穿过，想试试[比心],0
2024/6/2 6:37,不买是因为它家质量参差,0
2024/6/2 6:45,这是……[宕机]@朗,1
2024/6/2 6:48,媒体的营销手段罢了,1
2024/6/2 6:48,求厂长店铺名,0
2024/6/2 6:50,独家就是只能买给这一家，这个不叫排他,0
2024/6/2 6:53,[赞][赞][赞][赞][赞][赞][赞][赞][赞][赞][赞][赞][赞],0
2024/6/2 6:53,这个月会上,0
2024/6/2 6:54,好好学习天天向上,0
2024/6/2 6:54,今晚会上旅游用品,0
2024/6/2 6:55,喜欢就好,0
2024/6/2 6:57,很多是新款，比清仓贵，但是跟其它平台比，还是便宜，我们都是比过价的,0
2024/6/2 6:58,小程序厂长帮选,0
2024/6/2 6:58,店铺小程序 厂长帮选,0
2024/6/2 6:59,因为限时开团。价格低，总挂着影响其它平台价格,0
2024/6/2 6:59,身材好穿什么都好看[赞][赞][赞][赞],0
2024/6/2 7:00,弱弱的问一句这是什么牌子？没听说过[捂脸],0
2024/6/2 7:00,六月15号之前,0
2024/6/2 7:01,一直在卖，限时团购，价格低总挂着影响其它平台价格，供应商难做人,0
2024/6/2 7:01,小程序厂长帮选,0
2024/6/2 7:01,GZH 厂长帮您选好货,0
2024/6/2 7:04,我们是做大牌手袋的代工厂手袋代工都搬到东南亚了,0
2024/6/2 7:06,只买迪卡侬,0
2024/6/2 7:06,一个加拿大的牌子还能上热搜？？,0
2024/6/2 7:07,呵呵呵呵呵呵呵呵呵呵呵,0
2024/6/2 7:07,呵呵呵呵呵呵呵呵呵呵,0
2024/6/2 7:07,呵呵呵呵呵呵呵呵→_→,0
2024/6/2 7:07,怎么买,1
2024/6/2 7:07,不算吧，同一家工厂，同样的面料做工，给品牌供货，品牌加多高利润工厂没法管，但是工厂自己也要吃饭的，不挂品牌，挂工厂自己的吊牌，没有高额利润，价格自然就低了,0
2024/6/2 7:09,品牌弃单捡漏的，工厂快亏死了要是经常出现，工厂老板估计要哭,0
2024/6/2 7:09,回复@西子湖畔洛阳牡丹:小程序厂长帮选,0
2024/6/2 7:11,我相信，评论区那么一致，一定有相当比例的AI水军[不看],1
2024/6/2 7:14,平替不好找，找到一批真正的平替需要花大几个月时间，要有人脉推荐，还要验货的人自己有分辨产品的经验，不是工厂说是就是,0
2024/6/2 7:15,一般家居服，或者男装会一起上架，可以关注GZH的厂长帮您选好货 预告,0
2024/6/2 7:16,现在没有，下架了，会定时返场，可以多关注预告,0
2024/6/2 7:17,有货的话会返,0
2024/6/2 7:17,华峰？,0
2024/6/2 7:17,今天晚上还有 旅游 防晒,0
2024/6/2 7:19,什么意思,0
2024/6/2 7:19,早上好[比心][比心][比心][比心][比心][比心],0
2024/6/2 7:19,小程序厂长帮选,0
2024/6/2 7:19,每一位女孩子都好穿漂亮的。,0
2024/6/2 7:21,一群暴露狂推高他,1
2024/6/2 7:23,哈哈哈哈,0
2024/6/2 7:24,[鼓掌][鼓掌][鼓掌][鼓掌][鼓掌][鼓掌][鼓掌][鼓掌][鼓掌][鼓掌][鼓掌][鼓掌][鼓掌][鼓掌][鼓掌][爱心][爱心][爱心][爱心][爱心][爱心][爱心][爱心][爱心][爱心][爱心],0
2024/6/2 7:26,呵呵,0
2024/6/2 7:28,[赞][赞][赞],0
2024/6/2 7:30,看代购是人工背回来还是国际快递发国内，十天到一两个月的[捂脸],0
2024/6/2 7:34,买过代购那里，真的好舒服，结果得物鉴定假的，退了[捂脸]说明可以以假乱真,0
2024/6/2 7:34,[赞][赞][赞][赞][赞],0
2024/6/2 7:37,lulu抓准了女性心理“我找了这么久，始终找不到平替，lulu 的衣服是真的好穿，只有零数和无次数。”这是露露的水军吧，你们是不是没买到过好平替，青岛即墨的嘎嘎好。,1
2024/6/2 7:40,lulu只有身材很好的能穿,1
2024/6/2 7:43,[捂脸][捂脸][捂脸],0
2024/6/2 7:45,这些衣服好看,0
2024/6/2 7:50,厂长，你的店在哪里，链接呢,0
2024/6/2 7:50,衣服看上去挺好的，不错,0
2024/6/2 7:51,我找了这么久，始终找不到平替，lulu 的衣服是真的好穿，只有零数和无次数,0
2024/6/2 7:54,"是国货还是？
支持国货，抵制外货，挣着我们的钱将来可能变成子弹打向我们[感谢]",1
2024/6/2 7:56,掉裆说明你瘦了[看],0
2024/6/2 8:02,和比亚迪一样的狠[呲牙],1
2024/6/2 8:03,穿过就知道lululemon 没有平替,0
2024/6/2 8:03,@吃两碗大米饭?? 是你穿的那个昂，还挺好看,0
2024/6/2 8:04,我找了这么久，始终找不到平替，lulu 的衣服是真的好穿，只有零数和无次数,0
2024/6/2 8:07,义乌小商品市场表示这都不是事,0
2024/6/2 8:11,[冷漠],0
2024/6/2 8:13,穿了四年的lulu，洗一次起一次球，后来买了桑坡货[流泪]真的真的真的材质一样，还耐洗，中国人不骗中国人[流泪]我特别喜欢穿lulu，上班下班天天穿[酷拽],0
2024/6/2 8:13,我迪卡侬的瑜伽裤瑜伽服穿了五六年，还跟新的一样，舒适度横扫市场，任何网购替代不了，但是好看的款式真的得碰，以至于这五六年以来我都没穿过网购的瑜伽裤，练大重量舒适度，轻巧度，透气性，速干，耐磨，性价比太高了，真的没法比,0
2024/6/2 8:17,我找了这么久，始终找不到平替，lulu 的衣服是真的好穿，只有零数和无次数,0
2024/6/2 8:18,lulu的衣服就是好穿 平替是个啥啊,0
2024/6/2 8:23,"穿过lululemon,就知道根本没有平替",0
2024/6/2 8:25,是的[捂脸]我就是,0
2024/6/2 8:25,的都知道找加代[惊喜],1
2024/6/2 8:26,没有这牌子前，你们不练瑜伽么。怎么搞的自己好像一直穿这牌子一样的。,1
2024/6/2 8:26,我摔了一次屁股开花[捂脸][捂脸]去店里补的,0
2024/6/2 8:27,可是，我穿过lulu，也买过平替，完全不是一回事啊，穿在身上区别太大了[泪奔][泪奔][泪奔],0
2024/6/2 8:28,其他没毛病，挺好穿，就是这个开线啊，哎,0
2024/6/2 8:29,他就是好看的不打折 打折的不喜欢,0
2024/6/2 8:35,[九转大肠]那么，到底第一次入手lulu的话，买什么款更值得,0
2024/6/2 8:35,求链接[泣不成声][泣不成声][泣不成声],0
2024/6/2 8:40,什么叫零数和无次数？那就都是一次不买呗？,0
2024/6/2 8:43,回复@厂长帮您选好货-助理:没有啊 评论配图,0
2024/6/2 8:46,消费理智[赞],0
2024/6/2 8:48,啊。这样的产品多来点，我也送人,0
2024/6/2 8:49,比不了一点，会压肉,1
2024/6/2 8:50,[666][666][666],0
2024/6/2 8:50,[捂脸][捂脸][捂脸],0
2024/6/2 8:50,[玫瑰][玫瑰][玫瑰],0
2024/6/2 8:51,[赞][赞][赞],0
2024/6/2 8:51,[玫瑰][玫瑰][玫瑰],0
2024/6/2 8:55,早,0
2024/6/2 8:57,尤其是配个短款上衣就出门，是感觉像没穿衣服一样[捂脸]我是看不了[裂开][裂开][裂开],1
2024/6/2 8:57,地址在哪呢？,0
2024/6/2 8:58,只买黑白纯色[看],0
2024/6/2 8:58,线下买的是情绪，线上买的的是品质,0
2024/6/2 8:58,所有抗菌原理的用多了 其实不好 可能削弱破坏自身代谢平衡，一直没穿这种……穿过一种陶瓷高科技面料 也不错,0
2024/6/2 9:01,真的透气性和贴服性极强，平替版不透气[捂脸],0
2024/6/2 9:03,求个链接，谢谢,0
2024/6/2 9:04,其实也有相似之处，只是所属市场独家保护的范围更大。,0
2024/6/2 9:07,钩子现在越南产的中低档鞋子，品控真是答辩一泡,1
2024/6/2 9:07,我们是Ionic，功能性纱线。微米银离子，长效抗臭抗菌。其实在面料中占比并不高，一般3-7%.,0
2024/6/2 9:07,瑜伽裤欣赏不来，好丑[捂脸],1
2024/6/2 9:07,两到三周,0
2024/6/2 9:08,哈哈哈我买不到迪拜的[流泪],0
2024/6/2 9:08,厂长什么时候上 lulu 的平替啊,0
2024/6/2 9:12,这个不是安踏么[发呆]，卖200多不便宜了,0
2024/6/2 9:14,买一件lulu的鹅绒服  居然要三千多！！！ 但是真的好喜欢 好喜欢！穿起来超级舒服！本人平时冬装消费大概就是2-3k ，这一件真的是我最喜欢的一件！,0
2024/6/2 9:17,卖那么贵 惯的 本来就没多少钱,1
2024/6/2 9:20,啊。能不能给个店铺名,0
2024/6/2 9:21,买过正版[捂脸]掉色起毛，穿2次就这样，版型是没话说,0
2024/6/2 9:37,真的永远是真的[呲牙],0
2024/6/2 9:41,厂长什么时候卖，急需,1
2024/6/2 9:42,太骚了，“贴身衣物，每次感到舒服就会想起我。”,1
2024/6/2 9:45,我也在某宝买了退买了退 还真没找着过平替,0
2024/6/2 9:49,我不买这个牌子，我买的都便宜，这个牌子可贵,0
2024/6/2 9:53,运动?休闲,0
2024/6/2 9:56,不是说也起球吗[尬笑],0
2024/6/2 9:58,@小董_,0
2024/6/2 9:59,吗呀大哥 亏的你还健身 你穿上试试吧 那玩意真的好穿到裂开,1
2024/6/2 9:59,Lulu 黑色一洗就掉色 价格虚高,1
2024/6/2 10:04,厂长说的太对了！平替质量有高有低，但是平替是必须的，普通没必要为广告费和名牌溢价买单，那是富人的事,0
2024/6/2 10:07,我买的都没有起球[捂脸],0
2024/6/2 10:08,求推荐[玫瑰],0
2024/6/2 10:10,会买lulu 的都知道找加代[惊喜],0
2024/6/2 10:12,大品牌的生产撤出中国以后，质量还能保证吗,0
2024/6/2 10:13,@Eagle [大哭],0
2024/6/2 10:16,穿起来显得更胖,1
2024/6/2 10:17,拿到过fog的马甲，六七件，货还没收到就要求把那件防水拉链的寄回去了，一直催。货收到了我对比了下，从面料，拉链，吊牌，洗标，那件样品和那几件仿品不一样，虽然很像，但是还是不一样。毕竟是一万多的衣服。,0
2024/6/2 10:18,好好好，说这种话的肯定是不买正品的[宕机],1
2024/6/2 10:18,我也不到，要不你查查呢,0
2024/6/2 10:19,求桑坡货[泣不成声],1
2024/6/2 10:20,你穿过正品么？就说平替好,1
2024/6/2 10:24,这款没货了,0
2024/6/2 10:24,求推荐[可怜][可怜][可怜],0
2024/6/2 10:24,求推荐[可怜][可怜][可怜][可怜],0
2024/6/2 10:24,看起来穿着是显胖,1
2024/6/2 10:25,看评论 我回复了啦,0
2024/6/2 10:25,看评论 我有回复,0
2024/6/2 10:27,裤子版型太重要了，因为我屁股形状不好看，穿正品真的很好看，仿的就没有这种效果，当然身材超好的，穿啥都好看,0
2024/6/2 10:37,不懂就问，这个|u|ulem0n是啥,0
2024/6/2 10:38,因为大家现在都穷到理智了[捂脸]，没办法,0
2024/6/2 10:38,可试试K总平替，无论包和衣服都做的不错，V:AirAcheron。不太好加。,0
2024/6/2 10:49,[酷拽][酷拽][酷拽],0
2024/6/2 10:55,@小猪盖被-,0
2024/6/2 10:56,起球..第一次穿背包带磨的就起球了,0
2024/6/2 10:57,还起球严重,0
2024/6/2 10:57,我觉得面料很硬而且爱起球并不舒服,0
2024/6/2 11:03,@Mr D,0
2024/6/2 11:07,哈？跟比亚迪啥关系？,0
2024/6/2 11:17,要有个好身材，才能驾驭这种衣服[赞],0
2024/6/2 11:21,果冻内衣啥时候在上架，这次我要多购些，备着,0
2024/6/2 11:24,@尖叫唐老鸭,0
2024/6/2 11:26,无法超越,0
2024/6/2 11:26,真是无法超越,0
2024/6/2 11:30,??#阳光信用#  ??#每日一善# 发现在你家屋檐下避雨的人，借把伞给他（她）。,0
2024/6/2 11:37,安踏收购的那个maia active 面料不错的,0
2024/6/2 11:39,姐妹 没看到你的回复[流泪][流泪]是不是被吞了 可以再发一次吗 蹲一个加代[流泪],0
2024/6/2 11:46,这种叫尾货，品质就是正品。不是平替，不是防货，两个概念。,0
2024/6/2 11:49,专柜的一定是正品吧,0
2024/6/2 11:51,也要分品牌。近些年某些大牌包质量甚至不如仿货。某牌在小地瓜上掉色开裂的吐槽一大堆，直到自己当韭菜入了一只才不得不信,1
2024/6/2 11:52,@给你个大比兜,1
2024/6/2 11:59,好是好 就是太贵了[尬笑],0
2024/6/2 12:14,lulu起球到怀疑人生[流泪][流泪][流泪],0
2024/6/2 12:16,好好好,0
2024/6/2 12:16,零次和无次数不是一样的么[赞]，意思就是完全不能穿，高端黑,1
2024/6/2 12:25,排他性协议就是独家的意思噢,0
2024/6/2 12:25,很喜欢看各种身材，但这种裤子外穿并不好看并有点恶心,1
2024/6/2 12:25,善良是一种修养，善待他人就是善待自己，要想得到别人的爱，首先要学会爱别人，一个善良的人一定是温暖的人，乐于助人的人，懂得珍惜和感恩的人。,0
2024/6/2 12:41,海鲜市场一百多[宕机],0
2024/6/2 12:41,海鲜市场只要一百多 只要是苏州发货就没问题,0
2024/6/2 12:44,正也买过 平替也买过 正这个起球真的不值这个价格 平替扔了就扔了 关键是正也就穿过3次,0
2024/6/2 12:48,优衣库也一样，这些没有商业契约的厂子，对知识产权的无视会毁掉一个一个行业,0
2024/6/2 12:49,不叫大牌吧,0
2024/6/2 12:49,是很好，但是很贵，现在平替的产品也一样好穿，价格便宜超多，,0
2024/6/2 12:52,含泪买[比心],0
2024/6/2 12:57,你说对了，斐乐不买纯棉的就行，纯棉的洗几次就变旧不想要了。,0
2024/6/2 13:06,在这边的平替更多！便宜 甚至lulu更好穿,0
2024/6/2 13:07,对哈哈哈哈哈！,0
2024/6/2 13:12,好,0
2024/6/2 13:13,有链接么[流泪],0
2024/6/2 13:14,lulu 每年年终折扣 都是3折起。正常一年2回折扣也是5折,0
2024/6/2 13:19,生活就是坚持简单的善良，就如人生不能没有道义，不要把生活复杂化，那些所谓的世故圆滑，不过是自私的一种借口罢了。,0
2024/6/2 13:26,我找了这么久，始终找不到平替，lulu 的衣服是真的好穿，穿过的都知道，只有零数和无次数[泣不成声][泣不成声],0
2024/6/2 13:30,求推荐[流泪],0
2024/6/2 13:30,我们这的地下商场，没法分享[捂脸][捂脸],0
2024/6/2 13:38,我从来不买假包，体会不到你的乐趣,0
2024/6/2 13:38,正品就是正品 绝对没有平替 一分钱一分货,0
2024/6/2 13:45,Lulu有的系列的确仿不了,0
2024/6/2 13:48,买过lulu两件健身上衣，真的很一般,0
2024/6/2 13:49,因为他摸清楚了你的心理,0
2024/6/2 13:56,你刮了毛,1
2024/6/2 14:02,@吃锤子,1
2024/6/2 14:04,本来就不是什么不可替代的高科技，卖那么贵，肯定其他品牌会取而代之啊很正常，喜欢lulu品牌的可以卖lulu，只喜欢那个型的就可以买便宜的平替呀,0
2024/6/2 14:08,平替拿货都200多。。。,0
2024/6/2 14:11,是自己朋友[捂脸]她移民过去的。不过现在带娃很忙，几乎不做了。只是我有啥要的，给她列了清单，她会去给我买[呲牙],0
2024/6/2 14:17,我试过找平替了，真的没有平替，穿起来感觉都不一样,0
2024/6/2 14:19,什么？我的lulu穿半年了都没起球,0
2024/6/2 14:24,没有[捂脸],0
2024/6/2 14:32,差不多就行，现在衣服最多穿一季,0
2024/6/2 14:34,不好意思  第一次听说[捂脸],0
2024/6/2 14:39,好吧好吧谢谢[可怜][可怜][可怜],0
2024/6/2 14:47,她不懂[笑哭]他就知道lulu有面[笑哭]人家上面都说是代工厂出的面料剪裁全部一模一杨她们这些人也能穿出来不一样的感觉，因为标不一样[笑哭][笑哭],0
2024/6/2 14:52,国内代工很少  健盛接的大部分都是二手单[笑哭],0
2024/6/2 14:52,@一个达不刘_,0
2024/6/2 15:11,八百五买了条裤子 穿了三次就起球了 现在天天打毛[泪奔],0
2024/6/2 15:13,lulu平替有那个牌子？ 始终没有遇到过啊！ 有平替的介绍下,0
2024/6/2 15:13,男的也穿啊[大笑],0
2024/6/2 15:14,育儿的第二个条件就是内心强大。像那个夹来夹去886那样，怼了人就马上拉黑逃跑，绝对是育儿路上的反面教材，我要当心,1
2024/6/2 15:25,点亮神色，点亮空想，善待生命，善待年华。,0
2024/6/2 15:38,厂长的店怎么能找到,0
2024/6/2 15:39,lulu我就没找到平替面料，哪位姐妹找到了说一声,0
2024/6/2 15:41,说实话，lulu的版型也造成很多女孩子身材焦虑吧,1
2024/6/2 15:41,邮过来给我[捂脸][左上],0
2024/6/2 15:42,哈哈哈哈哈哈可以 如果一直瘦不下来就下次见你的时候带上 你看看能不能穿,0
2024/6/2 15:43,哈哈哈哈哈哈哈哈哈哈哈,0
2024/6/2 15:52,lulu款式更新不让人心动，而品质又越来越多“物美价廉，性价比高的平替”,0
2024/6/2 15:55,这,0
2024/6/2 15:55,这里,0
2024/6/2 16:10,我不信有平替…,0
2024/6/2 16:41,lulu 的科技面料真的挺不错，就是价格太贵了[捂脸][捂脸][捂脸],0
2024/6/2 16:43,露露代工，越南产线。??,0
2024/6/2 16:50,为啥大头从中国撤出了啊,0
2024/6/2 16:56,乐善好施、扶贫帮困， 是中华民族的传统美德， 相互帮忙、患难扶持， 是社会倡导的时代新风， 月有阴晴圆缺，人有旦夕祸福， 这是发生在我身边的真人真事， 希望大家伸出援助之手，您的点滴之恩， 将化成一缕缕阳光，照亮他们的天空。@曹国伟,0
2024/6/2 17:02,回复@厂长帮您选好货-助理:好的，谢谢,0
2024/6/2 17:04,我只买得起路边摊上的货[呲牙][呲牙][呲牙],0
2024/6/2 17:10,不认识,0
2024/6/2 17:12,Lulu没有平替,0
2024/6/2 17:14,穿着1000块的瑜伽服，开开心心的接到了瑜伽馆跑路的信息。[大金牙],1
2024/6/2 17:18,不懂[泪奔],0
2024/6/2 17:20,不行，根本不是一个面料,1
2024/6/2 17:24,还是性价比比较重要,0
2024/6/2 17:28,求,0
2024/6/2 17:30,价格不说只适合90到95斤左右的穿,0
2024/6/2 17:30,@Zero,0
2024/6/2 17:32,私信你啦,0
2024/6/2 17:33,始祖鸟也给代工了吧[抠鼻],0
2024/6/2 17:35,你没买过吧，我女朋友瑜伽服都是lululemon的，进而现在柜子里夏装也很多他家的，有仿品穿上确实不一样[捂脸],0
2024/6/2 17:42,平替和假货是一回事？多读点书吧[偷笑],1
2024/6/2 17:51,不是什么高科技产品，怎么可能没有平替[尬笑],1
2024/6/2 17:51,确实贵 但是我买的白色外套真的很显瘦 其他家的白色就不行[捂脸],0
2024/6/2 17:52,这个品牌r女,1
2024/6/2 18:21,Lulu的好穿和身程度没有平替！消费下行的姐妹 可买杂牌代替。但千万别硬说有平替[捂脸],0
2024/6/2 18:22,Lulu的好穿和身程度没有平替！消费下行的姐妹 可买杂牌代替。但千万别硬说有平替[捂脸],0
2024/6/2 18:27,买了一件真的买了一件假的对比了一下，真的不是一般的牛逼那叫一个穿身上巴适得很，买了真的能感受到[看]滑软显身材修饰身形庆幸弹力大贴身不显胖舒服～呜呼～,0
2024/6/2 18:27,?1,1
2024/6/2 18:27,里穿lu 在穿鸟也不是不行嘿嘿[看]巴适得很爬山,1
2024/6/2 18:30,@荔枝泡茶 lulu.lemon 好像我开的哈哈哈哈  我爱柠檬水,0
2024/6/2 18:30,?1,1
2024/6/2 18:30,可是lulu的面料真的其他比不了啊[流泪],0
2024/6/2 18:39,感觉它们有黑科技。显得??很挺。整个人瘦了一圈似的[尬笑],0
2024/6/2 18:43,您好，关于您反馈的问题，已私信联系您，烦请您注意查看。,0
2024/6/2 18:45,就是氨纶和锦纶啊。,0
2024/6/2 18:50,别的跟他长得一样胸一圈的，但是就是没有那个感觉，穿上去直接我就挺起来！！！！！！,1
2024/6/2 19:15,哪有大码的啊[尬笑][尬笑][尬笑]我真服了 我这边店根本没有 130斤都别想[微笑],1
2024/6/2 19:15,根本穿不进去 儿童身材才考虑[微笑],0
2024/6/2 19:17,[微笑]不是显瘦 是只有瘦子才有码 才能穿[微笑],0
2024/6/2 19:17,虽然瑜伽馆跑路了，但是省得你去练了[九转大肠],1
2024/6/2 19:20,搁他家??旗舰店最大有XL，我腿真的按160斤算也能塞得下[躺平],0
2024/6/2 19:31,"??#阳光信用#  ??#每日一善# There are a lot of life can walk the road, some you can choose, we must accept some of it is.--------人生可以走的路有很多，有些是我们自己可以选择的，有些却是我们必须接受的。   @曹国伟",0
2024/6/2 20:00,有大码啊,1
2024/6/2 20:07,多久没回国了？,0
2024/6/2 20:13,人生是一场拼争，每一天都在攀登…爬上了这一座山，越过了那一道岭，眼前又有一座峰…历尽艰辛不回头，拼争攀登不停步…天天都在圆那甜蜜美好的梦！,0
2024/6/2 20:18,能不能问一下，零数和无次数是哪里的方言？,0
2024/6/2 20:22,除了lulu，有其他品牌的瑜伽服推荐的嘛,0
2024/6/2 20:34,真的啊 [九转大肠]我靠 以后不买了,1
2024/6/2 20:48,说的对 压根没有平替,0
2024/6/2 20:52,懂什么叫专利吗宝贝儿，多读点书吧,1
2024/6/2 20:53,平替就是盗用专利了？你这书读的也不行啊[偷笑],1
2024/6/2 21:19,这种穿搭我是接受不了,0
2024/6/2 21:33,平替根本做不出来一样的版型剪裁和舒适感好吗[尬笑],1
2024/6/2 21:36,啊！哪里可以换啊宝子！[流泪]我的define第一次洗的时候就有线头崩了 每次洗都会多点新线头…我后来又买了一件 都是有这种反应[流泪],0
2024/6/2 21:53,@苏肉?? @水今天使,0
2024/6/2 21:56,我觉得官方店打折的时候也挺便宜的,0
2024/6/2 22:03,给我来一个链接,0
2024/6/2 22:17,@我就看看_,0
2024/6/2 22:19,私信不了你哦,0
2024/6/2 22:22,给我分享一个 姐 关注你啦[感谢],0
2024/6/2 22:24,nike打折的就挺好的 奥莱好多,0
2024/6/2 22:28,买的时候一袋子好几千，买回去真的好穿,0
2024/6/2 22:29,刚买了一条1080的裤子[尬笑],0
2024/6/2 22:33,已分享,0
2024/6/2 22:37,对，搞得好像不跑路能天天去似的[大金牙],1
2024/6/2 22:43,做自己的太阳，与山川湖海为伴，热爱生活，自信勇敢，保持善良，勇往直前！,0
2024/6/2 22:43,可以详细说一下区别吗，正在犹豫要不要买[泪奔],0
2024/6/2 22:46,姐,0
2024/6/2 22:47,姐懂了,0
2024/6/2 22:49,瑜伽届的“奢侈品”身份象征[九转大肠]。容易被模仿说明就不值那么多钱[九转大肠]（虽然我没穿过正品和平替[尬笑]）,1
2024/6/2 23:05,对 所以挑的就是面料 仿真度高的面料价格1/10 也无话可说,0
2024/6/2 23:07,评论区这么多说这个牌子好的还不是觉得牌子上有的说，质量上还行，这玩意有啥技术含量让你们觉得没有办法仿制呢，还是你们觉得这玩意不是中国制造？？？[呆无辜],1
2024/6/2 23:15,关注你了北鼻,0
2024/6/2 23:18,真就是真，jia就是jia，只要你买过lulu 就知道了，根本没有平替，平替假的尴尬??不光lulu，所有东西都是，正品没有平替，不信可以自己买来对比,0
2024/6/2 23:19,岁月因青春慨然以赴而更加静好，世间因少年挺身向前而更加瑰丽。,0
2024/6/2 23:27,百年养善不足，一日毁之有余。行善助人是舍，心安积德是得。行善不必人知，积德无需他晓。行善不期获报，自然梦稳心安。,0
2024/6/2 23:27,我穿它们家的上衣特别显胖,0
2024/6/2 23:29,穿过就知道lululemon 没有平替,0
2024/6/2 23:39,好想买平ti买不到,0
2024/6/2 23:49,你若盛开蝴蝶自来，你若精彩天自安排，心中有爱，青春常在！,0
2024/6/2 23:51,言近而指远者，善言也;守约而施博者，善道也。――《孟子,0
2024/6/3 0:43,说没有平替的都被资本洗脑洗傻了一件瑜伽服不管怎么算成本，他卖到1千多肯定是不值这个价的，你说他品牌值这个价我可以认但是你只是为了这个品质而觉得值那么我不太认同,0
2024/6/3 1:12,回复@胡小姐挺好看:一样要不是自己从国外专柜买回来的早就打12315了,1
2024/6/3 3:13,难怪迪卡侬涨价了[捂脸],0
2024/6/3 3:31,号称代工厂出来的挺多，但到手就知道和正品的差距了[泪奔],0
2024/6/3 4:59,2月份才回的,0
2024/6/3 5:13,始祖鸟 这些卖的好的平替高仿都一堆,1
2024/6/3 6:45,还没穿过的跟我走[捂脸][捂脸][捂脸],0
2024/6/3 6:52,中华民族传统美德，倡导“格物、致知、诚意、正心、修身、齐家、治国、平天下”的实现人生理想的步骤和模式。这种为人处世的基本道德观念，是人类进行物质生产活动和自身生存发展的基本要求，也是人们共同生活的起码的行为准则。,0
2024/6/3 7:16,完全没有平替，他就是他,0
2024/6/3 7:18,人家自己委托开发的面料为什么给别人用呢？ 这个不叫排他，听起来你想表达的是垄断,0
2024/6/3 7:47,早,0
2024/6/3 7:53,正品起球你们是只字不提啊[绝望的凝视][绝望的凝视] 摸着满满的球还有啥品质可言[打脸],1
2024/6/3 8:04,穿过就知道lululemon 没有平替,0
2024/6/3 8:13,没听过这个牌子是我落后了,0
2024/6/3 8:32,啥代工不就是盗版嘛,1
2024/6/3 8:40,同感,0
2024/6/3 8:56,lulu的衣服没穿几次袖口确实起球了，淘宝官网买的，但是型确实好,0
2024/6/3 8:59,@Ooooo88-,0
2024/6/3 9:17,天天啥牌子都说有代工厂的，可是品牌真的允许代工厂随便卖嘛,0
2024/6/3 9:20,不知道是不是分批次或者分系列不同，我买的几个都没有起球[捂脸][捂脸],0
2024/6/3 9:37,回复@超爱吃冰的一只冰:Ck 迪卡农 Maia ，我客户说迪卡农是他很不喜欢的品牌 因为要求太高 利润太低,1
2024/6/3 9:39,没穿过[白眼]身材好穿的几十的,1
2024/6/3 9:44,新人注册第一天上线，相遇就是缘[感谢][感谢][感谢][玫瑰][玫瑰][玫瑰][玫瑰],0
2024/6/3 9:46,lulu质量很一般，一件衣服穿了一个夏天就变形了。别说什么我用洗衣机洗，难道我花钱干洗？,1
2024/6/3 9:48,lulu很透气 而且就视频妹子这款 lulu版型真的谁上身谁知道,0
2024/6/3 9:59,特定时代，特定客群[捂脸][捂脸][捂脸]，总结太漂亮了,0
2024/6/3 10:02,怎么买到平替,0
2024/6/3 10:12,@Chouchou??,0
2024/6/3 10:27,你家设计弱了点(个人观点),1
2024/6/3 10:42,刚刚接到前客户打来电话要瑜伽裤染色机，确实国内这个生意今年很火，提醒大家看一下面料：优先选择锦纶含量高的,0
2024/6/3 10:49,我还以为就是的 一直没看网名,0
2024/6/3 10:56,@郑小刀⊙﹏⊙,0
2024/6/3 11:21,我昨天和cjh去迪卡侬了 里面有些东西还是蛮好看的 鞋子是真的丑 老年健步鞋,0
2024/6/3 12:19,我不追还是喜欢我家的零食[捂脸],0
2024/6/3 12:23,你去搜一下，我记得是，没什么好感,1
2024/6/3 12:26,不同的面料，产品本来就不同，便宜价格购买不到贵的面料。你觉得差不多，我觉得差一点都是差很多，这个就是认知不同。代工有什么问题呢，哪个品牌敢说自己全都是自己工厂生产？谁没有代工？代工就等于必须平替，这个逻辑思维太有趣,0
2024/6/3 12:41,不会 我还是穿代工厂的[白眼],1
2024/6/3 12:54,我以为国外呢我还想着去看看[捂脸],0
2024/6/3 12:56,@啊,0
2024/6/3 13:05,别的不说，青岛出的88块的瑜伽裤跟69块四条的内裤平替就是舒服到想安利给每个人的节奏！！！,0
2024/6/3 13:07,想在评论蹲平替链接……,0
2024/6/3 13:12,不管分啥 一千多一条还能起球就是垃圾[泣不成声]摸着都啦手[绝望的凝视],1
2024/6/3 13:23,很有道理[赞],0
2024/6/3 13:41,人生就像一口大锅，当你走到了锅底时，无论朝哪个方向走，都是向上的。最困难的时刻也许就是拐点的开始，改变一下思维方式就可能迎来转机。,0
2024/6/3 13:51,我爸买了好几件鹰爪，在我看来你们家设计上战术些，配色再时尚些，比如那个棕色不要总那么深，稍微浅一点，参考下国外品牌的设计，衣服的使用场景再划分清晰些，我相信是不愁卖的[捂脸],0
2024/6/3 14:58,在国外都活不下去大甩卖呢，在中国还卖那么贵，不信去看看,1
2024/6/3 15:02,内裤是真的好穿 比ck舒服多了[捂脸],0
2024/6/3 15:27,用意深而劝诫切，为言信而善恶明。,0
2024/6/3 16:06,可是我69买的lulu同款真的很好穿啊！！,0
2024/6/3 16:17,下午好啊，今天阳光明媚，你也是@曹国伟,0
2024/6/3 16:25,人总是喜欢在失去与得到之间徘徊迷茫，其实，那些经历过的事情都会成为你的财富,0
2024/6/3 16:36,Lululemon其实在中国没有代工厂,0
2024/6/3 16:44,认同，我们这里lulu开在奢侈品商场，价格不贵，定位很高,0
2024/6/3 16:55,森马ⅤIp在这里看评论[捂脸],0
2024/6/3 17:34,[疑问],0
2024/6/3 17:58,??#阳光信用#  ??#每日一善# 当代中国青年要在感悟时代、紧跟时代中珍惜韶华，自觉按照党和人民的要求锤炼自己、提高自己，做到志存高远、德才并重、情理兼修、勇于开拓，在火热的青春中放飞人生梦想，在拼搏的青春中成就事业华章。,0
2024/6/3 18:14,因为现在大家都穷到理智了[捂脸][捂脸][捂脸],0
2024/6/3 18:47,50买的都不起球,0
2024/6/3 19:09,这个又没什么技术含量,1
2024/6/3 19:09,没啥区别啊 lulu一次进去买了四五件define 朋友400的fake和我一千买的 我真是一个都摸不出差距,0
2024/6/3 19:26,哈哈哈哈哈哈,0
2024/6/3 19:39,嗯，你说的对,0
2024/6/3 19:55,我一年买能买20件T，以前都是龙牙，现在几乎全部都是鹰爪。。。。但是鹰爪的外套我一件没买，设计一言难尽啊啊。。,0
2024/6/3 21:35,两家都买过，但是龙牙更好点,0
2024/6/3 21:46,出鞋吧，龙牙的鞋子设计太丑了[呲牙],1
2024/6/3 21:57,绝对不可能，lulu 的面料都有专利，我买了很多款，真的完全没有平替,0
2024/6/3 22:09,没有??,0
2024/6/3 22:17,呼呼的起球………垃圾产品,1
2024/6/3 22:37,怪不得迪卡侬涨价了,0
2024/6/3 23:02,牙279一条裤子，还要什么平替啊。700+的短款羽绒服，给到的质感和性能也基本符合这个价位,0
2024/6/3 23:15,学到啦,0
2024/6/3 23:46,把握现在，迎接将来，人生是旷野，更是轨道，先努力优秀，才能大方拥有。,0
2024/6/3 23:48,材料不一定，有些品牌的材料会客供的,0
2024/6/4 0:40,真的就是真的，假的就是假的，永远不会有平替，穿平替用平替的是不知道真的是什么样,1
2024/6/4 2:24,看你买的什么料的了 有的起有的不起 洗涤也有要求,0
2024/6/4 3:10,求链接宝宝,0
2024/6/4 7:01,我感觉没区别，反正不怎么样穿一次就起球了,0
2024/6/4 8:58,谈合作,0
2024/6/4 10:36,[捂脸][捂脸],0
2024/6/4 10:49,保持好心态，积极向上,0
2024/6/4 11:09,设计，设计很重要,0
2024/6/4 11:23,两家都买，服务是龙牙最具优势的地方，产品上有些单品鹰爪更好更便宜，整体设计上，产品线龙牙更好，做工龙牙更好，还有裤子龙牙全线都是几十个尺码，匹配更好。,0
2024/6/4 11:34,根本不一样[泪奔],0
2024/6/4 12:30,我发你,1
2024/6/4 12:32,@水泊在逃好汉（看文版 哈哈哈哈哈哈哈哈我也快了[微笑][比心],0
2024/6/4 12:54,法鄂一穿出来就知道 照片没发看,1
2024/6/4 13:05,为善之端无尽，只讲一让字，便人人可行。――清王永彬《围炉夜话》,0
2024/6/4 14:53,@在·瑜伽 刘爽,0
2024/6/4 16:14,Lulu 可以模仿的像但是一摸面料真假立马可以分辨出来,0
2024/6/4 17:23,为别人点一盏灯，照亮别人，也照亮了自己。@曹国伟,0
2024/6/4 18:20,我放出这款宝子们如何应对[比心],0
2024/6/4 21:02,恕我直言，两家都买过，你们家还得努力[看],1
2024/6/4 21:37,当年迪卡侬女主角[捂脸][捂脸],0
2024/6/4 22:10,是的,0
2024/6/4 23:45,试试国货身边我买了真是一模一样的面料[赞],0
2024/6/5 0:40,瑜伽裤我喜欢买没有尴尬线的[捂脸],0
2024/6/5 0:44,我买了lulu的鲨鱼裤，上衣随便配,0
2024/6/5 11:24,天行者满裤子线头，目前还在换货中，看看后面裤子的质量吧。,0
2024/6/5 11:33,我是真买过。不想评论,0
2024/6/5 12:09,我觉得没有尴尬线的特别显胖[泪奔]可能是我自己胖,0
2024/6/5 12:25,我不是胖，我是那里突出[暗中观察],0
2024/6/5 13:21,姐妹分享个链接呗[嘿哈],0
2024/6/5 13:22,我发你,1
2024/6/5 16:31,@Puppet,0
2024/6/5 18:29,男人只有一个衣柜：海澜之家[得意],0
2024/6/5 23:21,鹰爪就鹰爪，不要老提龙牙行不行,1
2024/6/5 23:32,哪里可以买,1
2024/6/6 6:14,回复@wenwenmumumumu:不知道啊,0
2024/6/6 9:22,[捂脸][捂脸][捂脸],0
2024/6/6 10:03,鹰爪加油，裤子很适合我,0
2024/6/6 11:13,海鲜市场200多淘的Lululemon皮肤衣平替[看][看]1:1带标那种，跟正品放一块都看不出来[色],0
2024/6/6 13:05,对对对！我也是这样的感觉,0
2024/6/6 15:08,啥时候还有啊？,0
2024/6/6 17:01,??,0
2024/6/6 18:46,回复@Coatasturbak:你是没碰到高仿,1
2024/6/6 18:50,求链接,0
2024/6/6 19:06,祝你今天愉快，你明天的愉快留着我明天再祝。@任嘉伦Allen,0
2024/6/6 20:12,全世界的运动鞋，板鞋，瑜伽裤，内衣，拖鞋之类的就没有啥是我们这造不出的[暗中观察],0
2024/6/6 20:41,好内裤还是瑜伽裤啊,0
2024/6/6 21:23,瑜伽裤,0
2024/6/6 21:38,私你了,1
2024/6/6 22:17,@裴楹 @亦安鹤归 我为lulu打call 他们家的衣服是真的好看舒服,0
2024/6/6 23:20,质量很差，价格又贵,1
2024/6/6 23:24,我三十件起步，健身穿的，日常穿的，一个款买好几个颜色，因为，真的很好穿。,0
2024/6/6 23:49,没穿过,0
2024/6/7 10:22,多少米,0
2024/6/7 14:30,下次打假亿颜 lulu 行吗,1
2024/6/7 21:22,买了几条鹰爪的裤子，做工都可以，就是有个通病，裤脚线收口没处理，穿了一段时间都会线头拉出来了，一拉都扯出来了，不知道工艺有问题还是什么[捂脸],0
2024/6/7 23:33,防晒衣哪个颜色帅,0
2024/6/8 9:47,@越来越有钱越来越美 哈哈,0
2024/6/8 11:25,我说句自己的真是感觉 有的时候我都觉得你家都白瞎材料了，冬天我买了长毛猴 穿了一段时间 感觉白瞎材料了,1
2024/6/8 12:22,lulu无平替 绝对的,0
2024/6/8 17:36,以前我一直觉得都是运动服有啥不一样，我体质是排汗发热比较大，运动中会有股热气在衣服里闷，偶然有次穿lulu这种情况就消失了[泣不成声],0
2024/6/8 20:51,Lulu在国内没有代工厂,0
2024/6/9 10:23,我来总结下，意思就是我就算平替也是平替鸟象鼠，你某牙又不是国际大牌，不值得我去做你的平替。,1
2024/6/9 11:48,我也想要[捂脸][捂脸],0
2024/6/9 13:12,薄款裤子面料软点 6 线弄的整条裤腿 皱皱巴巴。。。挺难受。,0
2024/6/9 14:10,我穿的小野和子最起码没血渍版型也很好啊[尬笑],0
2024/6/10 9:32,@懂礼貌的妞妞 去lululemon兼职去吧,1
2024/6/10 9:57,卧槽,1
2024/6/10 14:11,有一说一，卖这么贵，正品比复刻做的好一点不是应该的？？利润比复刻多了十几倍几十倍，复刻的定价才是真正良心的定价啊,1
2024/6/10 17:03,这玩意没什么核心技术，说到材质本身就是尼龙+氨纶，舒适弹力耐磨等的取舍主要看材质配比，当然了还有剪裁[灵机一动],0
2024/6/11 8:21,我也爱迪卡侬和优衣库！,0
2024/6/11 17:07,你如果在深圳的话，直接去HK东荟城买啊[泪奔]，经常五折四折的,0
2024/6/11 19:57,真得起球完全不能磨[捂脸],0
2024/6/11 22:01,科途在哪里买,0
2024/6/11 23:27,安德玛也变贵了[泪奔][泪奔][泪奔]，和lululanmon差不多,0
2024/6/12 17:32,@章鱼烧,0
2024/6/12 17:36,可以买,0
2024/6/13 9:20,可是其他运动品牌也不比lulu便宜啥啊……迪桑特，耐克，阿迪，斐乐也差不太多的价格啊,0
2024/6/13 15:06,迪桑特我不知道，其他的都比Lulu便宜一大截,0
2024/6/13 15:15,新款价格差不太多，打折款也差不了多少啊，lulu鞋五折500，耐克门店买打折也是这样。训练款也是差不了太多的。,0
2024/6/13 22:43,@咩咩洋～,0
2024/6/14 0:44,我一直觉得Lulu没有平替[捂脸]，贵我也愿意买，我也试了好多平替了，我敢说我现在买的这个面料一模一样，版型也是。,0
2024/6/14 0:45,穿了好几年Lulu的人，[泪奔]我敢说这个面料一模一样 我买了三条了,0
2024/6/14 9:35,哪个[猪头][猪头][猪头],1
2024/6/14 19:51,rc100从999到1799怎么讲[看][看],0
2024/6/14 20:58,有没有一种可能是人民币贬值呢？[捂脸],0
2024/6/15 0:39,Lulu压根没有平替，买一堆平替，不如买几件精简的穿,0
2024/6/15 8:41,求推荐,0
2024/6/15 12:10,发你,1
2024/6/15 12:11,发不出去[泪奔],0
2024/6/15 12:48,关注你了,0
