timestamp,content,label
2025/3/30 10:12,雷总，能不能出十万以下的亲民车？[灵机一动],0
2025/3/30 12:22,人车家全生态，小米之家,0
2025/3/30 12:28,爸,0
2025/3/30 12:49,雷总，求你重新上一次大学吧，那500个鸡蛋，我一个人出[暗中观察],1
2025/3/30 12:56,雷总的目标是准确的，智能汽车要统一标准，开放生态，由繁化简，方为上道！,0
2025/3/30 12:58,我也是第一次在网上看到中国电动汽车百人会论坛,0
2025/3/30 13:03,爸爸,0
2025/3/30 13:25,评论区沦陷了，全在叫雷总爸[泪奔],1
2025/3/30 13:29,爸，yu7评论区抽一台不[抠鼻],0
2025/3/30 13:37,智能生态，越来越爱[灵机一动],0
2025/3/30 14:02,人 车 家 全 生 态！ 智能服务于人类[赞]完美,0
2025/3/30 14:20,爸爸，吃饭了吗,0
2025/3/30 15:41,雷总电动化，智能化，和创新化。[赞][赞],0
2025/3/30 17:23,雷总好棒[赞][赞][赞]，共享人车家智能全生态[比心][比心][比心],0
2025/3/30 17:40,真希望生态共享，期待开别的车也能接入米家,0
2025/3/30 17:40,直接告他，故意伤害或者杀人未遂。,1
2025/3/30 18:53,都不用车主告，侵犯了小米的利益，小米略微出手就够这老板赔到噶了[看],1
2025/3/30 19:23,佛山哦，好像是喜欢锁车的一个地方不知道是不是真的,0
2025/3/30 19:36,雷总您是怎么被小米招聘的，我也想去。,0
2025/3/30 19:57,这个直接可以判威胁公共安全罪的，如果是在环城高速出事会直接撞居民楼的[我想静静][我想静静][我想静静],1
2025/3/30 19:58,为了喷漆，从广东拖车到佛山？？？开局是玄幻故事，后面是道德问题。,1
2025/3/30 21:08,我曾经干过汽修[捂脸]，我记得很清楚，给人家装轮胎，明明当时用全力拧上了，结果过了一个多月，车来了，我发现螺丝有点松，我又偷偷给人家紧上了[捂脸]。然后我就不干了[捂脸]。,0
2025/3/30 21:44,你没毛病吧，谈不拢就谈不拢呗，生意做不到就做不到呗，有必要这样子害人吗？,1
2025/3/30 21:47,我越来当徒弟的时候干过  不过不是故意的  是忘记了[泪奔]车主跟老板是朋友  没骂人  偷着告诉老板的  老板骂我半天,0
2025/3/30 23:00,我去洗车店打个气，然后被告知扎钉了[九转大肠],0
2025/3/30 23:34,以前是各自闭门造车，现在是敞开大门一起研究合作[鼓掌][鼓掌][鼓掌],0
2025/3/30 23:51,我每次补胎我必须看着上螺丝还必须亲自检查扳手扭力，我就试过换轮胎时反复说明需要 175，但某虎修完我检查扳手发现是 120 的我问他他说没有那么大的扳手，我说要投诉他才翻出大扭力的扳手,1
2025/3/31 0:00,佛山御轩汽车服务中心,0
2025/3/31 0:21,首先是破坏交通工具罪没跑了，起步就是三年。有人说是谋杀，但根据以往案例，拧松仇人汽车螺丝，绝大部分都是判破坏交通工具罪。,0
2025/3/31 1:07,刑法里有个专门的罪名是《破坏交通工具罪》，故意破坏的，只要存在可能导致车辆倾覆或者可能危害公共安全的可能，都能送进去蹲3年到10年。[再见],0
2025/3/31 1:21,统一标准，共享生态[赞][赞][赞][赞]希望很多技术配件都能互通兼容，共同发展，共同进步[赞],0
2025/3/31 1:46,我也经历过，新化县爱宝汽车维修，只给我上了一颗螺丝还是松动的。我过去要说法老板说要我去报警[尬笑],1
2025/3/31 9:33,你说现在车祸率这么高，会不会跟这些人有关系，细思极恐[闭嘴],1
2025/3/31 10:13,哈哈，我们这边有个学徒工忘记紧螺丝了，结果车主过一段时间叫人把老板打了,1
2025/3/31 10:29,还以为佛山只会锁车，没想到还有这副业[看][看][看],1
2025/3/31 10:35,故意破坏交通工具罪，已经既遂了，三年以上十年以下[九转大肠],1
2025/3/31 11:02,“你的命只是小事，只要新车出了事，就可以对竞敌以不小的打击，被发现了也没关系，也就是一家门店，人为财死鸟为食亡，运作这么一家门店更是小事，你看，现在事发了，我不也安然无恙”,1
2025/3/31 11:07,那一年北京某领导的A8过来换胎，我没上紧螺丝，还好司机发现了不然我老板估计这辈子都出不来[捂脸],0
2025/3/31 13:41,佛山车行这么逆天么，又是锁车又是拧螺丝[捂脸][赞],0
2025/3/31 13:46,我一搜就要我的位置了?[憨笑][赞],0
2025/3/31 15:03,就这出事之后的态度 直接倒闭算了,1
2025/3/31 15:15,和雷总一起聊车！热烈祝贺雷总首次参加中国????电动汽车百人会论坛！[比心][赞][鼓掌],0
2025/3/31 16:16,[躺平]厉害,0
2025/3/31 21:41,“弱弱的问一句：小米su7上市这么久了，有碰到过的吗”[暗中观察][暗中观察],0
2025/3/31 23:14,爸爸,0
2025/4/1 9:16,雷总，手机摄影要是出一种，识别场景特点推荐构图方案然后拍摄照片的智能摄影，那我真的闭眼入雷总[捂脸],0
2025/4/1 11:41,再说一遍，标准版的智驾在这个2025甚至不能算高阶智驾。不要盲目信赖智驾。,0
2025/4/1 11:50,磷酸铁锂也烧,0
2025/4/1 11:55,所以说电车要配安全锤,1
2025/4/1 11:56,黑科技：向下喷火，车不烧。,0
2025/4/1 12:04,看车头，这撞的！道路千万条，安全第一条，慢稳，可以减少很多事故,0
2025/4/1 12:15,安全第一，生命最重要！,0
2025/4/1 12:25,建议所有汽车标配破窗器，特别是新能源汽车，关键时刻破窗逃出！！！,0
2025/4/1 12:36,看车头，撞的面目全非，这速度，坦克来了也得断几根肋骨吧,0
2025/4/1 12:43,唉，一路走好,0
2025/4/1 12:54,请大家一定要敬畏马力！敬畏生命,0
2025/4/1 12:57,开车要有原则，要有敬畏之心天黑不上高速，最快不过140,0
2025/4/1 13:02,雷总，我到了，下楼我来接你了,0
2025/4/1 13:03,假消息太多了，刚刷到一个截图男友说车是他借给女朋友开的,0
2025/4/1 13:04,可惜了三个女孩，年纪轻轻的[感谢],0
2025/4/1 13:17,死了三个女孩子,1
2025/4/1 13:22,我觉得小米挺好的，开的快了，啥车都起火,0
2025/4/1 13:22,电车所有电路都是通电的，一旦发生撞击电池瞬间燃爆。车里就断电，门打不开锁死无法逃生……只能等死。是不是,1
2025/4/1 13:29,重要的事情说三遍，前后放两把安全锤，我一名职业司机，我就是前后都有安全锤，后备箱也有破窗工具。,0
2025/4/1 13:30,不管买啥车，技术要扎实，平安到家更重要,0
2025/4/1 13:31,不管是什么品牌的车，大家一定要准备破窗器、安全带切割刀这些工具。,0
2025/4/1 13:31,一面之词，等官方通报,0
2025/4/1 13:32,自从有个电池车，，，多少人的寿命没有按照生死簿上的时间寿终正寝[捂脸],1
2025/4/1 13:33,2秒反应时间大晚上的真的反应得过来吗,0
2025/4/1 13:33,时间是一点不看？是一点脑子不带？,1
2025/4/1 13:34,一秒脱手，没有减速,0
2025/4/1 13:34,如果是华为智能驾驶，肯定减速并且绕行了，哎～,0
2025/4/1 13:34,时间是一点不看。牛呀,0
2025/4/1 13:34,仿佛离开了华为，猴子就不会讲话了一样,1
2025/4/1 13:35,小米的智驾是否失控？AEB是否有用？门能打开么？怎么燃烧的？120十多分钟就到现场了，为什么没救出来人？家属为什么说小米事后没有后续联系？为什么全网删帖捂嘴3天？网友关切的疑惑问题一个不回答啊！,1
2025/4/1 13:36,又是人的错，不关车的事,1
2025/4/1 13:37,需要证明97km/h的速度撞击后，到烧灭的一个小时里，车内人员曾清醒且有开门的能力，才可以谴责车门锁死导致了人员死亡吧，不然换啥车都是这结果，但烧成这样了，也挺难证明的。等警方消息吧。,0
2025/4/1 13:38,反应过来也没用。2秒踩不到0,1
2025/4/1 13:38,提示握方向盘也算警告？实际就是小米NOA太菜了，高速上常见的修路路况都处理不了，这也就算了，发现障碍物距离也不够，预紧之后车主接管1秒就撞了。而且撞击速度连120都没有，就燃起来了。吹得这么牛逼的电池和车门把手，一个烧起来了，一个拉不开,1
2025/4/1 13:39,那个是常规的提醒。。。。我用智驾就是等他提醒了手摸一下方向盘就好,0
2025/4/1 13:39,华为已经救了我好多次了。我的是三激光雷达版的，现在4w公里智驾没有出过问题，甚至在我自己驾驶的时候，为了赶黄灯，加速过前面车急速杀停的情况下，它自动介入给我杀停了，我自己都没有反应过来。真的很牛,0
2025/4/1 13:40,你仿佛眼瞎心瞎，真正跟事故相关的提醒只有一次，前面无关的两次放进来不就是在暗示是车主分心驾驶不观察路况导致的这起事故。,1
2025/4/1 13:41,我只看到一家企业捂嘴的能力，平时热搜嗷嗷上,1
2025/4/1 13:42,不要相信车企的智驾，大部分车企并没有投入太多的费用到智驾上面，真想要体验智驾，应该去买那些真正投入智驾的车,0
2025/4/1 13:42,问题不是撞了，而是装了以后车是不是自锁打不开，毕竟出车祸难免的，如果出了车祸人没死，但是因为其他原因被烧死这就有点难受了,0
2025/4/1 13:43,提前一秒退出智驾？回旋镖为什么电池自燃？为什么aeb不生效？为什么门无法打开？,1
2025/4/1 13:43,：碰撞前退出智驾，谁叫你两秒内不接管处理好，死了怪雷总干啥。洗地真快,1
2025/4/1 13:43,这就是掌控舆论的力量，底下一堆说处理的快，还说把造谣的抓起来，当时问界的事情有这些理中客吗,1
2025/4/1 13:43,愿一切安好[感谢],0
2025/4/1 13:43,啥也不说，祝大家出入平安，一路顺风,0
2025/4/1 13:43,传说中的AEB PRO呢,0
2025/4/1 13:43,华为的是可以的,0
2025/4/1 13:44,阿弥陀佛,0
2025/4/1 13:44,没注意到整个公告用词非常考究吗，“遇难者”说成“受难者”，“重大致人死亡的事故”写成“严重事故”，通篇没写起火原因和到底死了几个人，不了解前因后果的人看下来仿佛车上的人都还在抢救一样，只是车坏了一样。,0
2025/4/1 13:44,22:36—22:44要是已经人接管的话，要是不松开油门智驾只会提示短暂减速。,0
2025/4/1 13:44,我开了近七千公里，百分九十智驾开，没出过问题,0
2025/4/1 13:45,两秒,0
2025/4/1 13:45,“安全第一，预防为主”以前这个标语随处可见。[流泪][流泪][流泪],0
2025/4/1 13:45,看小米官方公布的时间：从智驾风险提示到接管后发生碰撞间隔仅2-4秒，系统给驾驶人的反应时间太短，或者说驾驶人很匆忙接管压根还没做好思想准备，唉~~~~,0
2025/4/1 13:45,雷总 米粉们心碎了[流泪],0
2025/4/1 13:45,只要油车不停产，永远只买油车,0
2025/4/1 13:48,门能不能打开？刹到97的距离多少？4分钟前的脱手警告和分心都能写出来，重要的内容就是避而不谈。 这车企每次都往驾驶员和车主身上带节奏？真恶心啊,1
2025/4/1 13:48,在观察到人分心走神的时候就应该减速，而不是继续维持高速，等要发生事故的时候再让车主去减速已经晚了。,0
2025/4/1 13:48,车门可以手动打开的 四个储物格位置都有应急车门开关，就怕这么高速度的撞击下，人已经失去了知觉。现在我感觉最重要的是要查明为啥会起火，是什么起火。,0
2025/4/1 13:48,相信雷总会把这次事件妥善处理的，永远相信雷总,0
2025/4/1 13:48,最好的支架......既要钱又要ming啊.......,1
2025/4/1 13:49,之前太平洋测试aeb，30都刹不住，这次117。。,1
2025/4/1 13:49,小米焖肉捂不住了,0
2025/4/1 13:49,真有人把自己的命交给自动驾驶啊,1
2025/4/1 13:49,主要核心原因就是纯视觉+晚上天黑，等识别到都没有反应时间了。如果有激光雷达，早就识别出来了！,0
2025/4/1 13:50,真就是一秒前退出智驾,0
2025/4/1 13:51,AEB测试条件不同结果肯定不一样嘛，这次117确实吓到我了……等官方调查结果吧,0
2025/4/1 13:51,97km每小时不慢了吧，撞上石墩子人还能清醒吗，不当场饮恨西北就烧高香了,1
2025/4/1 13:51,哈哈哈哈，AEB Pro可能还在加载中，这次是标准版没激光雷达，得选个高配才行啊,0
2025/4/1 13:51,哈哈哈哈，这波是智驾和驾驶员交接棒没接稳啊，接力赛变百米冲刺了,0
2025/4/1 13:51,菊花可以和秦风聊聊谈谈广告事宜了。一百二，开始减，一边无了，一边还能上网。,1
2025/4/1 13:52,今天终于开始正规媒体报道了,0
2025/4/1 13:52,逝者为大，作为家属心情能理解，但是这几个结论哪来的呢，官方还没出来呢，还是等官方结果吧,0
2025/4/1 13:52,他这个标准版没激光雷达，aeb能力是很差的,0
2025/4/1 13:52,日，比亚迪股票狂跌,1
2025/4/1 13:52,雷军吃个饭 车上睡个觉 拍个樱花 换个头像… 都能上好几个热搜 。生怕别人不知道……平时 24小时不间断的营销，这三个大学生活生生的没了 ，29 号发生的事。 全网出奇的安静，今天才报道。家属发声发的发一个删一个，……真的很好奇 真的能捂住大众的嘴吗～,1
2025/4/1 13:53,这么给你说吧，除了小米，我没有见过更垃圾的智驾系统了,1
2025/4/1 13:53,事故之前1S退出智驾，回旋镖来了,1
2025/4/1 13:54,感觉像邀功文一样，爆燃和车门一字不提,1
2025/4/1 13:55,这就不得不说雷军在营销时说自己是智驾第一梯队的事了,0
2025/4/1 13:55,你挺搞笑的,1
2025/4/1 13:55,辅助驾驶不是自动驾驶，从不脱手，从来不把自己的命完全交给电脑,0
2025/4/1 13:56,这官方典型的推卸责任,1
2025/4/1 13:57,这智驾成精了,1
2025/4/1 13:58,不要买三元锂,1
2025/4/1 14:01,华为前几天秦风的事，M7不就是从120降到60左右才撞的,1
2025/4/1 14:02,我也不信电车,0
2025/4/1 14:02,秦风的问界m7高速120，最终撞静止车，赛力斯报告给出制动减速到60，人就没大事，他还感慨问界救了他，还想要m9，说明真的认可问界,0
2025/4/1 14:02,嘿嘿。我妈给了40万。思前想后还是买了探险者,0
2025/4/1 14:02,是不是还要开个表彰大会,0
2025/4/1 14:03,买供应链的，用供应链的，就算挖供应链的都没多大问题。但凡自己要做 Ai ，肯定是不行的，我是不敢相信他有研发能力。@王化 @卢伟冰 @李肖爽 @王腾Thomas @雷军 @胡峥楠 @曾学忠-小米,1
2025/4/1 14:03,恶意洗地是要下十八层的,1
2025/4/1 14:03,接下来，各大视频汽车圈博主“智能驾驶不是自动驾驶，你看我们前不久就发生华为智驾大师赛... ...现在... ...”。只字不提“车门为什么打不开”“电池有没有爆炸”,1
2025/4/1 14:06,这个公告半天也没解释为什么会起火，不是倒置电芯吗？,0
2025/4/1 14:06,人血馒头少吃，这钱挣了折寿，智驾阶段车子碰撞预警没有足够减速，不到3秒要接管智驾刹停高速汽车有很大难度，车门是否及时解锁？家属发声为什么被限流？电池起火时间多少？人来得及跑吗？,1
2025/4/1 14:06,重点在于激光雷达，这个是标准版,0
2025/4/1 14:07,车门的节奏一直有人带，明显当事人已经晕了，车门是什么难开的东西吗……塔台呼叫都没回应，肯定是当场无意识了……,1
2025/4/1 14:07,没有问题？碰撞前1秒钟留给车主叫没有问题？,1
2025/4/1 14:08,15 年了有什么技术，copy 主义，拿来主义 自己研究任何东西都上不了台面，客气点说，不敢用，最多勉强可用。这点和文科性质的大学类似，比华科等其他工科严谨高校差太远了，甚至可以说，进小米的本来就不擅长研发或者不想研发。@雷军,1
2025/4/1 14:08,97km/h碰撞就能死3人，呵呵！,1
2025/4/1 14:08,一秒钟换人驾就撞了，难道怪人反应不够快,1
2025/4/1 14:09,很奇怪为什么不强制降速而强制人工接管，因为我好几年前的便宜油车的有限的辅助驾驶会强制减速。,0
2025/4/1 14:09,你没有细看内容啊，人家是计划将在警方的许可和指导下，与家属取得联系，意思是到现在为止，没有取得联系。,0
2025/4/1 14:10,甩锅很坚决呀，97km/h碰撞就能死3人，呵呵！还是烧死的，而不是撞死的，牛逼！,1
2025/4/1 14:10,呵呵，华为根本不会减速，会直接绕过去,0
2025/4/1 14:10,回旋镖虽迟但到…… 不过具体情况还得等EDR数据出来才能定论，咱们拭目以待！,0
2025/4/1 14:10,既然ecall已经接通，如果车内人员无法开门，小米人员肯定会指导她找到机械拉手。极大概率是车内人员已经全部昏迷，并不是门打不开出不来。,0
2025/4/1 14:10,哈哈哈哈，官方声明确实有点微妙呢～不过你说得也对，要持续跟进，看看后续怎么发展，感谢提醒！,0
2025/4/1 14:10,你可以自己去试驾华为智驾的车,0
2025/4/1 14:10,回复@子钰有约2012:200多亿能做出个毛的智驾。自己开过170多辆车就算智驾了，哈哈！脑残才会信雷子的营销！,1
2025/4/1 14:11,终究是方案整合商,0
2025/4/1 14:11,一边吃瓜，一边等调查～,0
2025/4/1 14:11,无关小米，中国的智驾 目前只相信华为,0
2025/4/1 14:12,小米的智驾遇到锥桶改道确实不行,0
2025/4/1 14:12,写了一大堆，连伤亡情况都不敢提,1
2025/4/1 14:12,十几秒前提示你有障碍然后就人为接管了，十几秒肯定撞上去了啊,1
2025/4/1 14:12,但是人接管了，所以出问题？？？？你踏马，能不能赶紧去死？,1
2025/4/1 14:15,这次也是车门打不开，有一群人突然就通情达理了，知道开车出事故不能怪车企了。去年的时候有个太监媒体还主动发短信宣传呢。@四川手机报 你说对吧？,1
2025/4/1 14:15,反正我不敢买小米车,0
2025/4/1 14:16,真有人开车8分钟不握方向盘的，国内智驾宣传太入魔了。固态出来前还是开油车吧。,0
2025/4/1 14:16,6，前一秒退出智驾，后一秒出事，人的原因是吧,1
2025/4/1 14:16,单凡你学过语文都不会是这个理解能力,1
2025/4/1 14:17,2秒提示接管，不能为智驾开脱，但责任人确实在驾驶员，高速改道很早就有提示了,0
2025/4/1 14:17,其实就是一句话: 夜间高依靠用纯视觉智驾，容易死人……那玩意在夜里不比人眼好使多少,1
2025/4/1 14:18,核心问题就是门能不能开，能开的话不会活活烧死,0
2025/4/1 14:18,动动脑子，怎么也不可能距离前方障碍物还有2s就撞击了呢才提醒，这是提示后他接管了高速下轻踩了一脚刹车，方向盘往左拉了22度，撞到左侧水泥护栏了。这么难理解吗？,0
2025/4/1 14:19,结果没出，不用讽刺任何一方。,0
2025/4/1 14:19,一直觉得智驾有bug，有问题时候喊人接管，说明已经超出它的控制了，人接管不是更慌，更不如机器理性，更没有办法？！但是最后人可以给智驾背锅,1
2025/4/1 14:20,回复@AdonisXie:两秒，这次不是永远0.1秒前退出那家,0
2025/4/1 14:20,稳住，等官方结论出来再围观，理性吃瓜最重要！,0
2025/4/1 14:20,@诗雨370491153  别人死者家属说的和官方根本不一样,1
2025/4/1 14:20,责任确实在驾驶员，不过2秒接管提示确实有点像考试突然收卷，智驾系统的反应时间还得再优化一下,0
2025/4/1 14:20,小米su7标准版没有激光雷达，只有最基础的高速noa，驾驶员还多次分心,0
2025/4/1 14:20,确实可能啊，ECALL接通后指导找机械拉手是常规操作，不过具体还得看调查结果啦,0
2025/4/1 14:21,如果不赖车企有问题。车主是不是要赔付三个人的钱？,0
2025/4/1 14:21,愿真相早点大白，愿逝者早点安息,0
2025/4/1 14:21,10分钟前的脱手检测发出来跟事故有啥关系啊，这都要站在道德高点,1
2025/4/1 14:21,还是那句话，标准版的这个钱买问界准没错，就没见到出事的，安全才是最大的豪华,0
2025/4/1 14:21,支持小米官方发布信息，不信谣，不传谣,0
2025/4/1 14:22,一会儿说车主是妈妈，这又是男朋友买的，到底信哪个啊，能有句实话不,1
2025/4/1 14:22,用华为的机子替小米说话，这真是ZZ正确啊,1
2025/4/1 14:22,一粉抵十黑，说的就是你吧,1
2025/4/1 14:23,不知道我说的对不对。 它们宣传的智驾，是一般的智驾。 它们宣传的AEB，是一般的AEB。 但是他们宣传的加速度，速度快，速度是一种信仰。对于开车不咋地的人，真的是一种灾难。 车企就这样叠buff，出事多是很正常的。,1
2025/4/1 14:23,回复@正直的好涩大叔:那是警方要公布的内容,0
2025/4/1 14:23,啥也不说，不管什么车  至少目前  我从来不相信任何智能驾驶。,0
2025/4/1 14:23,还不是某企高管在拼命的吹,1
2025/4/1 14:23,这男朋友说的有板有眼的，搞得就像当时在车上一样，女朋友死了能理解你的伤痛，但未经调查这么带节奏，我觉得挺没意思，别最后又反转打脸啊,1
2025/4/1 14:23,不群  不是白叫的,1
2025/4/1 14:24,回复@饭团先生在开车:高精地图，改道路段应该要降级,0
2025/4/1 14:24,吓人,1
2025/4/1 14:24,千言万语一句话：车没问题,0
2025/4/1 14:24,家属说没联系他们，,0
2025/4/1 14:24,@娘口0三三 车主现身说法了,0
2025/4/1 14:25,我就想知道气囊出来没，发生事故车内录音，一直不讲重点,1
2025/4/1 14:25,删帖的行为确实很恶心,1
2025/4/1 14:25,"第一，车门锁死是车内人员联系家人还是臆测的？
第二，什么原因撞向了隔离带？是否全员昏迷？
第三，如果一个小时抢救到场，说明是路过人员发现起火报警，并非车内人员，也许全部昏迷了
不知其因，不发表意见，人不在了，惋惜，但是理智看待事情，静待警方公布[暗中观察]",0
2025/4/1 14:25,奇怪的是打车主电话，而不是车载电话。,0
2025/4/1 14:25,气囊和录音？官方确实没提到呢，不过现在重点是起火和车门情况，咱们再等等看吧,0
2025/4/1 14:26,应急机械锁 可能并不知道它的存在,0
2025/4/1 14:26,描述说进入人驾状态，这并不代表是人接管了。极有可能是自动退出了自驾，请博主删除“是人自己接管出了问题”的结论。,0
2025/4/1 14:26,为什么车门会打不开 我很好奇,0
2025/4/1 14:26,说一个电车的优点[暗中观察],0
2025/4/1 14:26,ecall的通话内容呢,0
2025/4/1 14:26,哈哈，碰撞后结构变形、电子锁失效确实会让车门变得‘倔强’，具体情况还是得等官方调查结果啦，咱们一起期待后续～,0
2025/4/1 14:27,避重就轻,1
2025/4/1 14:27,哈哈哈哈，ECall的通话内容还得等等看调查结果啦，咱们先关心下起火原因和车门能不能开吧……,0
2025/4/1 14:27,2秒……我打这串回复10秒都过去了,0
2025/4/1 14:27,用过智能驾驶或者l2辅助驾驶的都知道，就是很常规的提醒，动一下方向盘就没了,0
2025/4/1 14:27,我记得雷军发布会的时候就说支持135km/h的aeb吧？这怎么没生效？,1
2025/4/1 14:27,AEB为什么没有触发？,0
2025/4/1 14:27,额这男的像当时在车上一样,0
2025/4/1 14:27,车企为了夸大宣传，消费者就会依赖上什么智驾，我就想问问智驾才出来多少年，成熟了吗？智驾永远代替不人类！如果科技真到那步了，人类也快结束了！,1
2025/4/1 14:28,自己开车把自己碰了非要碰瓷小米,1
2025/4/1 14:28,我没电车，开过别人的，我从来没开启过智驾，比起电脑这种会突然死机的玩意，我更相信我自己,0
2025/4/1 14:28,AEB没触发可能是接管的影响，具体还得看官方调查结果…… 安全第一，大家开车别分心啊,0
2025/4/1 14:28,真是滴水不漏啊，这种公司想想都怕,1
2025/4/1 14:28,标准版智驾纯靠视觉，加上又是夜晚，加上116km/h 速度，当智驾反应减速时，人已经肉眼检测到危险进行慌张接手，也许智驾会选择刹车最后乃至触发AEB，但人为接手选择转向，最终造成惨祸,0
2025/4/1 14:29,刹车刹不了？小伙子人在车上是吧,1
2025/4/1 14:29,有机械开锁，就看慌不慌，记不记得，会不会用了,0
2025/4/1 14:29,油车l2辅助驾驶，前面有辆车减速了，都能紧急刹车到我想yue,1
2025/4/1 14:29,肯定是烧死的，不是撞死的,1
2025/4/1 14:29,24发出障碍提醒，25秒驾驶人接管，26秒撞上，这给人反应时间只有2秒,0
2025/4/1 14:30,人接管后一秒多点发生碰撞哈哈。在这一秒内刹车并没有踩到底，甚至连一半也没踩到，这车的刹车板烫脚吗？,1
2025/4/1 14:30,哈哈哈哈，科目三没过的车手遇到科目五了？不过具体还得看调查结果，安全第一啊～,0
2025/4/1 14:30,确实，很多车友可能都没留意到这个小机关，关键时刻真能救命，建议大家提车时好好研究下说明书,0
2025/4/1 14:30,感谢指正！官方结论确实来自声明，具体还得看调查结果,0
2025/4/1 14:30,智驾确实还年轻，车企要努力，咱们用户也要擦亮眼睛，毕竟人机合作才能双赢嘛,0
2025/4/1 14:30,放屁，给1~2秒反应时间，还预警能力不错,1
2025/4/1 14:30,确实，智能驾驶还在成长阶段...但咱们人类驾驶员也有时候会犯迷糊，大家多给点耐心吧,0
2025/4/1 14:30,AEB被动安全系统不开智驾都应该生效。那么这么拉胯的减速效果是怎么回事呢。,0
2025/4/1 14:31,你完成一下智驾考试再来发帖吧，没车也可以参加理论考试，小米标准版是视觉方案，没有高配版的激光雷达，达不到200米的控制范围，夜晚开视觉智驾本身就是很冒险的，智驾考试肯定提到了，不知道记没记住，这种工况根本不能开智驾。,1
2025/4/1 14:31,转发微博,0
2025/4/1 14:31,主要是爆燃看外形只是前面撞毁了没怎么到电池包那里啊！,0
2025/4/1 14:31,如果这是华为，这评论不敢相信,1
2025/4/1 14:31,一会说车机失控 一会刹车不了 哪句话是真的？,1
2025/4/1 14:31,佛山稳定上分,0
2025/4/1 14:32,人红是非多，小米加油！,0
2025/4/1 14:32,降不降速不知道，反正这么重大的事故要是华子，起码四川手机报第一时间就会给全国人民发短信了,0
2025/4/1 14:32,怎么还是有人相信车机能比人脑厉害呢，哎,0
2025/4/1 14:32,反正不是我思想落后，即使我的车有智家功能，我也不敢把自己的命100%交给它,0
2025/4/1 14:32,现在的智驾最多是个辅助性的功能，真要靠这个东西来开车，那真是胆子大,0
2025/4/1 14:32,2025年了现在还有高速智驾连正常施工路障都识别不了且不能自动转向的。真垃圾,1
2025/4/1 14:32,人都不在现场，可信度不高,0
2025/4/1 14:32,6666666666666666666,0
2025/4/1 14:33,回复@Po的一些事一些情:标准版本连毫米波雷达都没有吗？,0
2025/4/1 14:33,非常漫长的2秒钟，就象2个小时一样长,0
2025/4/1 14:34,三个女士，从前面28  36分看得出起码是分心，可能在聊天，没看看路，这个是猜想，不过也是很大可能的 ，然后提示接管，一看前面有路障，速度过快，左大角度过大，撞到路边 ，不过没有现场的清晰图片，视频不好判断是路政提示有没有摆好，还是操作失误撞到，能撞到起火的确不应该。,0
2025/4/1 14:34,天天吹赛车性能牛逼马力弹射起步的大麦车会不会成为中国沙人最多的车，现在在路上看到大麦车都要离的远远的,1
2025/4/1 14:34,3月29日22:28:17轻度分心报警 3月29日22:36:48NOA发出脱手预警提示“请手握方向盘” 3月29日22:44:26-28之间车辆与水泥护栏发生碰撞    事故前十六分钟的一次分神，事故前8分钟的一次脱手，都列上去，小米公司居心何在？ ,1
2025/4/1 14:34,退出智驾了以后咋没有触发AEB？,0
2025/4/1 14:34,哎呀，智驾发生碰撞前一秒退出，人接管，试问什么神可以在一秒内反应过来,0
2025/4/1 14:35,回复@饭团先生在开车:确实，安全第一,0
2025/4/1 14:35,牛逼，热搜压了三天还是爆了，小米还是不舍的投入啊，再不行把微博收购了吧,1
2025/4/1 14:35,人不是会老死的，是随时随地都会死的,0
2025/4/1 14:36,2口子投资了10000万企业，一天投资一个，要投多少年,0
2025/4/1 14:36,这辈子都不会买电车,0
2025/4/1 14:36,我之前一台事故车修车修了6个月，我把店老板骂了，我提到车后，方向盘下面的转向螺丝没上，走在高速方向盘会抖，还会有很小的方向间隙，主驾驶车门这边安全带的固定按钮也是松的，一拉就掉，我最后没办法把车开到4s店做了全车检查，修理人员骂修理厂的人不是东西,1
2025/4/1 14:37,一看就假的，口吻不像,1
2025/4/1 14:37,关注一下三个人的死因是什么吧，撞死的还是烧死的。,1
2025/4/1 14:37,从系统提醒到实际碰撞只有两秒钟，人只有一秒钟的反应时间，智驾有严重问题。,0
2025/4/1 14:37,一切都是要靠运气，事故不可避免，但是还是需要官方能够给出起火得原因。,0
2025/4/1 14:37,看来是踩不住了撞的,1
2025/4/1 14:37,[玫瑰][玫瑰][玫瑰]可惜了这么年轻,0
2025/4/1 14:37,这样卖车的企业不是在害人吗,1
2025/4/1 14:38,迪？,0
2025/4/1 14:38,前两天试驾不满意不是秒回复来着，,1
2025/4/1 14:38,开车时时刻刻要小心，安全第一！,0
2025/4/1 14:38,智驾又不行，刹又刹不住。命大的米粉入,1
2025/4/1 14:39,这不对吧？我看了另一个帖子。是妈妈买给女儿的。,0
2025/4/1 14:39,为啥另一张图上看到这男的说自己当时在武汉，怎么这又说在广东，到底啥是真的,1
2025/4/1 14:39,有一说一，小米团队，没必要见家属 见面除了吵架，还能干啥,1
2025/4/1 14:39,请问近几年的大部分油车标配Aeb主动刹车系统，小米有没有？,0
2025/4/1 14:39,真的假的？昨天刚给我老婆提的小米SU7,0
2025/4/1 14:40,带三个妹子666啊,1
2025/4/1 14:40,驾驶员秒接管，它暗戳戳的提醒大家十几分钟前驾驶员分心了,0
2025/4/1 14:40,这男的明明在别的地方 说的好像自己在车里一样 我是服的,1
2025/4/1 14:40,前端撞了确实可能影响电池，就像踢翻水桶，水流出来就麻烦了 具体还是得看热失控的情况~,0
2025/4/1 14:40,仔细看一下小米汽车官网介绍的安全配置，前方碰撞预警，自动紧急制动都是全系标配。不要试图把辅助驾驶和主动安全混为一谈。,0
2025/4/1 14:40,&quot;发现障碍物并减速，但是人接管了，所以出问题了，也就是说智能辅助驾驶并没有问题，是人自己接管出了问题&quot; 碰撞发生两秒前识别到障碍，智驾能从时速120减速减下来？还智驾没问题？？？？？,1
2025/4/1 14:40,车机失控，好小众的词啊，车机能强制改变司机，不许司机减速踩刹车么…我的娘啊，给我干哪一年来了，人工智能一统世界是吧…,1
2025/4/1 14:41,只要电脑有bug 我只想信自己脑控和手控 智能驾驶…………………别跟自己过不去,0
2025/4/1 14:41,是被接管。。。和自动退出智驾不是一个概念。。。,0
2025/4/1 14:42,没猫腻为啥压热搜几天怎么解释,1
2025/4/1 14:42,家属说没联系啊,0
2025/4/1 14:43,心思都花在买媒体 怎么摘干净法律责任上了 评论配图,1
2025/4/1 14:43,要是华为就会飞过去障碍物,0
2025/4/1 14:44,这跟车有关吗？开任何车这个速度撞 你觉得会发生什么？,1
2025/4/1 14:44,你是一点不看太平洋发的所谓的公告啊，他把你aeb供电都拔掉了给你测试怎么刹车啊我请问了,1
2025/4/1 14:44,老天爷要收你，不管开啥车都没用。懂了？这是命,1
2025/4/1 14:45,以目前披露的证据来看，无法确认事故发生的责任是人多一点还是车多一点。能确认的是，这个车还没智能到自己减速。以及，车门无法正常打开。,0
2025/4/1 14:45,1秒以后人接管，2秒以后出事故，智驾紧急甩锅,1
2025/4/1 14:45,小米通报总结：车没问题 驾驶员的错,0
2025/4/1 14:45,事发才几天，这男朋友说话，感觉不太靠谱，有当事人的主语感。另外，既然是智能车，安全联系也很关键，既然是给她开，不是偶尔借一次，为什么手机要绑定自己的？,0
2025/4/1 14:45,首先，如果这是一条正在维修的道路，那么哪怕没转弯变道，也不能把时速定到115的吧，给开到80算不错的了，更何况这种要换到对面逆行路的,0
2025/4/1 14:45,电车，首先电池就是易燃呀,1
2025/4/1 14:46,图片评论,0
2025/4/1 14:46,没有激光雷达的车谈什么智驾，可笑,1
2025/4/1 14:46,三天今天1号才上热搜，确实厉害,0
2025/4/1 14:47,笑死,0
2025/4/1 14:47,@东海水和竹网鳀鱼 太吓人了,0
2025/4/1 14:48,6啊，智驾退出一秒就撞了，说是人的问题。发一条多少钱，昧良心的钱这么好挣？？？,1
2025/4/1 14:48,正常人的思维，就算智驾，自己也得看着点，高速上面用智能驾驶也是心大，就再贵的车真的有人会信智能驾驶吗,0
2025/4/1 14:48,军啊！一定要好好研发，别复制粘贴别人的东西，稍微改进就成自己的专利。既然入行这个行业，一定别停留嘴上。,0
2025/4/1 14:49,华为一样不香吗，遇难者太可怜了,1
2025/4/1 14:49,这个车主说的跟小米给出来的数据就牛头不对马嘴,1
2025/4/1 14:49,由此可见  纯视觉是真不行,0
2025/4/1 14:50,速度没到135 所以没生效,0
2025/4/1 14:50,等ultra普及后，这种事故会越来越多,1
2025/4/1 14:51,小米水军又来了  这个xie教营销??,1
2025/4/1 14:51,晚上，没激光雷达，纯视觉方案，时速100左右，女司机，未及时接管，高速修路改道，所有的巧合集在一起。,0
2025/4/1 14:51,我看说司机有一段时间手没把方向盘，不会是犯困了吧，看时间也挺晚了,0
2025/4/1 14:52,@_aa想想 卧槽,1
2025/4/1 14:52,车机不提醒就不会反应吗，就敢把命交给智驾,1
2025/4/1 14:52,@我只爱夏夏呀,0
2025/4/1 14:53,还好买的油车，电车之前就出现刹车失灵，自燃等多起事故。,0
2025/4/1 14:53,终于看到现场视频了，大晚上敢用小米的辅助驾驶开120，怎么敢的,1
2025/4/1 14:53,还是等调查结果吧，如果不是汽车失控是自己撞上的那也没法，出车祸的那么多，还头一次看到找车商要说法的（汽车自身故障除外哈）,0
2025/4/1 14:54,毫米波雷达的天然缺陷，没法识别静态障碍物,0
2025/4/1 14:54,@小米法务部 @徐洁云 @王化,1
2025/4/1 14:55,是考330安徽池州事业编的单招 哎…逝者安息 开车都要慢一点 注意安全,0
2025/4/1 14:55,这个人是不是真的车主还待定 对象去世了他还一个劲儿发对象照片 是脑子有问题吗,1
2025/4/1 14:56,一直开手动档车，只相信自己！,0
2025/4/1 14:56,@向阳的虾米,0
2025/4/1 14:56,关键的问题不在这，在车门打不开。,0
2025/4/1 14:57,祝你全家都用小米产品,1
2025/4/1 14:57,前段时间王腾总不是挺爱蹭流量的吗，那这个流量不蹭一下吗,1
2025/4/1 14:57,小米一向丧事喜办,1
2025/4/1 14:57,转发微博,0
2025/4/1 14:57,这下真是“来广东试试”了[捂脸]螺丝都给你卸了,1
2025/4/1 14:57,什么钱都恰？车提前1s退出智驾你腆着脸说智驾没问题？,1
2025/4/1 14:58,大哥，警察会处理，你海狗急什么,1
2025/4/1 14:58,正好前两天自驾出游租了辆问界m9，全程智驾。除了进酒店地库和过收费站，其余0接管。包括夜间行驶，途经隧道，施工，其他事故车辆，还遇到货车突然实线变道，全都是0接管，刚开始用的提心吊胆，后来发现确实不错,0
2025/4/1 14:58,小米的水军猛啊,1
2025/4/1 14:58,1，小米无责。2，围华救米。3，引导完成，本人不专业,1
2025/4/1 14:59,小米智驾经常无理由自己突然减速,0
2025/4/1 14:59,佛山这地方，对车一直有说法的[看],0
2025/4/1 14:59,智驾的问题严重点，还是打不开车门严重点？,0
2025/4/1 14:59,不管是买什么车，技术要扎实，平安到家最重要[感谢],0
2025/4/1 14:59,哪来的路过司机砸窗营救失败？车窗打不开？,1
2025/4/1 15:00,没开过车吧？司机一踩刹车就智驾模式就自动退出交车权不知道？,1
2025/4/1 15:00,新闻说车门打不开，但是新闻还说救出去一个是在医院路上没的，这两个东西好矛盾啊,0
2025/4/1 15:00,不要看他公告说了什么，看没说什么，电池起火，门能不能打开，宣传的高速aeb有没有生效，这些直接造成死亡的导火索一个都没有提,1
2025/4/1 15:00,所以蔚来没有低配是明智的，蔚来都是激光雷达,0
2025/4/1 15:00,司机一秒后就接管了  米米还诬陷死者开小差,1
2025/4/1 15:01,家属发微博了，没有联系,1
2025/4/1 15:01,这个所谓的男朋友，节奏带的飞起，无耻和绝望全让他给占了，兼听则明，事故原因要调查，首先车主责任跑不了，这明显是害怕了想甩锅撇清责任,1
2025/4/1 15:01,去佛山改色 广州做为一线城市 连这都没有？,0
2025/4/1 15:01,怎么一家人话都不一样啊人家男朋友说是自己的车,0
2025/4/1 15:01,AEB呢,0
2025/4/1 15:01,晚上都是开辅助驾驶的，这么黑谁看的见，反正我不相信自己的水平,0
2025/4/1 15:01,我也是这么想的。//@149的陈美丽:你是对的，不要把自己的生命交予任何一方。//@EillsonWONG:我没电车，开过别人的，我从来没开启过智驾，比起电脑这种会突然死机的玩意，我更相信我自己,0
2025/4/1 15:02,3，发现障碍物并减速，但是人接管了，所以出问题了，也就是说智能辅助驾驶并没有问题，是人自己接管出了问题。        你有没有用眼睛看下从提示有障碍，到发生碰撞这2秒，人能不能来得及反应，能不能把车刹住,0
2025/4/1 15:02,给了多少钱，我也想参与,1
2025/4/1 15:02,车门打不开不是问题吗？任何车在路上都会有被撞的风险，就算今天不是这几个女生撞上去，如果是对面来车撞向你，你前车被撞车门就打不开了这不是问题关键吗？直接让你无法逃生啊，车毁了没事，但人命关天吧！,0
2025/4/1 15:02,小仙女开车，非死即伤，竟还真的相信智驾，还是在晚上！！ 命运由天不由己呗！！,1
2025/4/1 15:02,紧急制动的意思是能立马把100km时速的车在一秒钟紧急到0km/h?,0
2025/4/1 15:02,说实话，智驾我只认华为,0
2025/4/1 15:02,22点27分到22点44分这是多远的距离开始报警？？？一分钟就按1.5公里行驶算？？？？搞不懂17分钟开出了多远？？？,0
2025/4/1 15:02,作为智驾开发者，NOA功能还是需要详细了解一下把性能边界了解清楚，目前很多智驾功能的开启教程虽然是强制的，但是很多细节没法一次就了解清楚，厂家只为宣传功能，可能有意弱化性能边界，比如上下匝道、超车换道、夜间行驶、跟随大型特形车等场景功能可以完成.,0
2025/4/1 15:03,第3点，你从哪得出的？,0
2025/4/1 15:03,我靠？我反复确认IP和文章，这可不像你能说出来的这么公道的话啊，好陌生，你直接开黑才是那个熟悉的饭团啊被顶号了就眨眨眼,1
2025/4/1 15:03,道路千万条 唯有安全第一条 愿每个人都能平平安安！,0
2025/4/1 15:03,他在车上？车机失控，刹车不了？逝者安息，我单纯质疑一下,0
2025/4/1 15:03,给女朋友买的车，把女朋友送走了,1
2025/4/1 15:04,这常规提醒跟这个探测到障碍物是不一样，探测到障碍物到撞上去才两秒。我的意思是把探测障碍物的雷达距离调远一点，有的车迷之自信，觉得几秒钟能刹停。,0
2025/4/1 15:05,这个公告已经说明小米在推诿扯皮。为什么隐瞒部分事实？1 车辆紧急避险功能故障，没有主动刹停。2 正常速度行驶碰撞后，车门无法打开。3.正常速度行驶碰撞，车辆起火自燃。为什么这个公告避重就轻，细节讲了那么多，不说这3件事。,1
2025/4/1 15:05,就1秒钟 还摔锅给人。。,1
2025/4/1 15:06,高速上刹车了2-3秒，速度才降了那么点吗？,0
2025/4/1 15:06,小米汽车最近事故太多了，你们应该用点心，把你们的车的质量各方面做得好一点了，别tmd天天坑年轻人,1
2025/4/1 15:06,现阶段的智能驾驶 不能百分百信赖，能在司机睡着的时候把人从高速送到家的毕竟是个例,0
2025/4/1 15:06,高速路上还能脱手方向盘真的有点太心大了,0
2025/4/1 15:06,现阶段都是智能 辅助 驾驶！！！本人带华为Ads智驾汽阿维塔07，遇到锥桶封路需要变道，马上撞到锥桶了（2-3米）才提醒退出智驾让你人为接管，要不是我开车谨慎认真就撞上去了，还没到L4 5级别智驾，就不能全信智驾，真的只是辅助驾驶！人命关天，安全第一！,0
2025/4/1 15:06,电车本来就有这个弊端，简单的说没有十全十美的智能，出故障是必然的，要不然就不需要维护系统安全的这个职能了,0
2025/4/1 15:07,评论区真能带节奏啊 不了解事实就不要在这妄自菲薄 你们在现场吗？,1
2025/4/1 15:07,这也太可怕了 还是不考虑电车了,0
2025/4/1 15:07,这种速度撞上去，能开门才怪，估计当场都不行了。,1
2025/4/1 15:07,好心酸的一句话：什么都有了，只差一个婚礼了。这位兄弟得多难受啊[泣不成声][泣不成声][泣不成声],0
2025/4/1 15:08,武汉的??,0
2025/4/1 15:08,哎呀 怎么不叫119呢,0
2025/4/1 15:08,你的看减速用时多久到60，不是一概而论的。，这种重大事故只能等交警通告为准。,0
2025/4/1 15:08,有良知的KML摇旗呐喊没有,1
2025/4/1 15:09,是超速了吗？新能源车撞了就容易自燃，和品牌无关吧,0
2025/4/1 15:09,和华为有什么关系,0
2025/4/1 15:09,车主的话：1.车买来就是女朋友开的，女朋友是死亡的3人之一。2.发生碰撞，车窗打不开，路过司机砸窗救援失败。3.小米应对组躲避不见家属。  技术的问题我不懂，个例事故我也理解，但是！事故发生后三天才见热度，这不对！店大不能欺人！  小米营销方面的确是其他公司的榜样，但是不能用之作恶，不然就...全文,1
2025/4/1 15:09,总结:客户分心，和小米一点关系都没有！,0
2025/4/1 15:09,现在看来油车相对而言安全。智能也有脑路不行的时候，查查全国有多少类似事故。,0
2025/4/1 15:09,豆浆油条都能上万恶的资本力量！,1
2025/4/1 15:09,这男的感觉就像他开车一样   他说的该怎么求证呢   不能只听他的一面之词  还是等综合调查报告吧  不能让某些人带了节奏,0
2025/4/1 15:10,不提华为不能说这件事吗,0
2025/4/1 15:10,“仿佛不去攻击小米特斯拉理想，哗为海犬就没有生活目标一样”,1
2025/4/1 15:10,说来说去，感觉还是人太相信智驾了！小米的智驾出了问题，这是一张标准版。并没有搭载激光雷达。小米逃不了责。现在车企对智驾宣传的有点离谱了。10多万的车都能享受。还有一个品牌我就不想说了。,1
2025/4/1 15:10,要是救你这么多次，建议你别开车了。,1
2025/4/1 15:11,把命交到了小米所谓的智驾，逝者安息,1
2025/4/1 15:11,他只是举了一个行业内基本默认智驾第一梯队的作例子，海狗这都能应激么？还说是你们自己都不认为自己智驾第一梯队？,1
2025/4/1 15:11,电车都这样 出了故障打不开车门,0
2025/4/1 15:12,小米知道自己智驾口碑垮了，现在评论区一帮人开始一起拉华为智驾下水。营销策略真的一绝,1
2025/4/1 15:12,认真看下不是自动退出的，是人为接管。所以还是等调查结果吧,0
2025/4/1 15:12,哈哈 提前一秒退出 完美甩锅给车主 猴子真的不是人,1
2025/4/1 15:12,死者安息，提醒各位，辅助驾驶重点在辅助，不是自动，不要依赖，更不能分心，特别是修路路段。不论哪家。,0
2025/4/1 15:12,120到底多久到现场的，我看文字理解是16分钟左右，当然他那个23时许也可以是模糊定义，我觉得是文字游戏,0
2025/4/1 15:13,转发微博,0
2025/4/1 15:13,新能源车已经形成火的印象，感觉动不动都爱燃，火过头了,0
2025/4/1 15:13,就冲小米公布数据就比某电车好太多了吧,0
2025/4/1 15:14,把命交给智驾就是最愚蠢的行为,1
2025/4/1 15:14,车门如果打不开就算设计缺陷 车子着火就是安全隐患,0
2025/4/1 15:14,主动安全就是标配呀，不是135都能杀停的吗？,0
2025/4/1 15:15,我不太懂嗷，我家开的是自动档油车，辅助驾驶就是智驾吗？就是无人驾驶的那种?,0
2025/4/1 15:15,给一个买电车的理由[灵机一动],0
2025/4/1 15:15,因为小米不是车企，没有足够多的数据样本你换比亚迪这么大的市场规模，样本数据足够。所以华为自己不造车跟其他车企合作，有些东西还是车企专业,0
2025/4/1 15:15,确实是事实，导航提前十分钟就会提醒前面修路了这个时候就应该自行接管车辆退出智驾了，这上面显示十分钟内还分心驾驶呢,0
2025/4/1 15:15,就一个问题，门能不能打开！？,0
2025/4/1 15:16,还有个问题，aeb介入问题,0
2025/4/1 15:16,个人建议，车况不熟悉不要上高速，新手不要上高速！,0
2025/4/1 15:16,三款车型安全配置还应该区别对待吗？无关车型吧 三个23岁女孩子啊,0
2025/4/1 15:17,我的车不是电车没有智驾，但是前方有障碍物也会有紧急制动功能，自己停下来过好多次了,0
2025/4/1 15:17,去年高速有一次开车智驾差点追尾前车，，当时是堵车，前面的车突然一个大急刹，从速度100减为0，结果智驾反应很慢，减速减的非常慢，要不是我发现不对劲，立马干预估计就要撞上前车了，我不是小米，是其他品牌油车,0
2025/4/1 15:18,这车电池好像特别容易起火…,1
2025/4/1 15:18,你这个二货，智驾最重要的是主动安全和被动安全，提醒还不错什么东西,1
2025/4/1 15:18,这个我也不清楚，我开智驾还没遇到过事故,0
2025/4/1 15:18,呕了,1
2025/4/1 15:18,这个感觉有点怪，他不在车上，但感觉都是他亲身操作一样，脚刹失灵（没有刹车痕迹只能证明没有刹车，是系统没有自动制动还是他女朋友踩了刹车但完全没减速，从他的文字里是想表达他女朋友踩了刹车的，但他是怎么知道的，车祸是一瞬间的事啊），车门打不开。。。,0
2025/4/1 15:18,这都能有粉圈打架,1
2025/4/1 15:18,为啥非要和华为对比啊,0
2025/4/1 15:19,也??可能在车底？//@Criiiiiiiiiiiiii:刹车刹不了？小伙子人在车上是吧,1
2025/4/1 15:19,开车自己撞了谷饲谁,1
2025/4/1 15:19,肯定啊，前排肯定都打了安全带的，再加上气囊，96撞击能活命，就是打不开车门被烧死,1
2025/4/1 15:19,都是人才，狂热呀,0
2025/4/1 15:19,两句离不开华为，这给你急的,1
2025/4/1 15:20,不是被接管了吗？接管之后刹车踩了30%。人为控制大于自驾,0
2025/4/1 15:20,烧死的,1
2025/4/1 15:20,2秒接管证明智驾没问题？这么洗地啊,1
2025/4/1 15:20,电车也好，燃油车也好出事故没有百分百绝对安全的，大家理性看待，广大车友还是要安全驾驶[赞][赞],0
2025/4/1 15:20,笑死我了，说一个商人居然是老实人,1
2025/4/1 15:21,晚上，10点多，维修路段120迈 ，会开车的都知道这是什么概念 如果不甩给小米，那车主就该赔死了,1
2025/4/1 15:21,发出告警到发生碰撞只给车主留了2秒时间,0
2025/4/1 15:21,意大利鲁迅这次会呐喊吗？,0
2025/4/1 15:21,LiDAR对于这种场景估计也没什么用。智驾方案是Orin N的。AEB能检测到障碍，但是发出警告到碰撞只剩2秒多时间，长时间处于NOA状态的驾驶员不能马上进入状态。,0
2025/4/1 15:21,笑死 这你真不懂了 在知道小米要造车时候我和你想法一样 但是后来雷军挖来了吉利汽车研究院长胡争南，极氪浩瀚平台架构唯一参与研究的中国人,0
2025/4/1 15:21,你下面还带广告预约试驾su7呢,1
2025/4/1 15:21,如果买电车，我只会给自己开，如果给女朋友开，一定会买油车，且安全性高点的。,0
2025/4/1 15:21,智驾都会在碰撞前的最后1-2s种退出智驾，碰撞发生责任一定是你的,1
2025/4/1 15:22,碰撞前2秒退出智驾，又是甩锅套路，真是不把人当人，缺乏对生命的基本尊重,1
2025/4/1 15:22,转发微博,0
2025/4/1 15:22,夜间纯视觉肯定不行,0
2025/4/1 15:22,人心险恶,1
2025/4/1 15:22,有应急的机械门把手。碰撞以后人晕了，那就没办法开了,0
2025/4/1 15:23,糇变的大V状态——??????,0
2025/4/1 15:23,不懂  安全第一,0
2025/4/1 15:23,高速上给你降到50时速？这是正常人能说的出来的话吗？万一被追尾了不更加赖车企了？,1
2025/4/1 15:23,下午好&lt;(*￣▽￣*)/,0
2025/4/1 15:23,太明显智驾报警太晚了啊。接管的时候已经发现快撞了直接打方向然后打多了向反方向打然后撞了,0
2025/4/1 15:24,没经过碰撞测试吧，车辆碰撞应该自动解锁,0
2025/4/1 15:24,方向盘不能脱手至少单手-大众认知盲区却是法规要求?? 操作问题其一，如果一直没有介入人为驾驶??说不定aeb会触发，就这个timing毕竟微妙，问题二。小米公关很聪明只给了部分指令，有本事直接把故障公布了呗??,1
2025/4/1 15:24,还有，没回应为什么一撞锁车的问题,1
2025/4/1 15:24,可怕,1
2025/4/1 15:25,最主要的是当时怎么对问界的，这么双标，那个还是个智障版,1
2025/4/1 15:25,是有人说从外面打不开吗。。。有没有可能是三个人撞晕了没法开门,0
2025/4/1 15:26,M5替我避让了几次事故。我定了满配M9。避让路障什么的还挺流畅的。有好几款电电车。问界智能确实最好。每次出行基本都是智架开。,0
2025/4/1 15:26,华系汽车全网帮车主维权，“不能说”汽车全网帮车企维权。,1
2025/4/1 15:26,它们避重就轻，果然外棺大气，亡者风范....,1
2025/4/1 15:26,该告路政告路政啊，该告车企告车企，车主自己责任不小。,0
2025/4/1 15:27,被救很多次还是建议不要开车了,1
2025/4/1 15:27,@faty @万能的大熊 @前HR本人,0
2025/4/1 15:27,要是特斯拉是不是热搜第一了,0
2025/4/1 15:27,??可是为什么大晚上要在高速上智驾？,0
2025/4/1 15:27,再怎么低配AEB总有吧，为啥没有刹停呢,0
2025/4/1 15:28,外面为啥不能打开车门，我记得当初问界装车打不开门你们可不是这样讲的呀,1
2025/4/1 15:28,这些都是什么人？？？,1
2025/4/1 15:28,希望尽快给家属一个满意答复吧,0
2025/4/1 15:28,等待官方的说明吧,0
2025/4/1 15:29,70以上高速行驶碰撞没有不惨烈的，客观来说，和个人驾驶行为有关联。智驾只能一定程度辅助，但无完整控制权。提示，预警，再到移交。短短几秒大多数人在手握方向盘时都反应不过来的，这是场悲剧，希望未来技术能有更大提升[泣不成声],0
2025/4/1 15:29,一直智驾一直爽，一撞就要躺板板，开车还需重安全，精神集中很重要,0
2025/4/1 15:29,确实该尽快答复家属…但查明原因、推动安全升级才是关键 像气囊迭代那样，主动防护系统也得跟上了。,0
2025/4/1 15:29,这么说，所谓的智驾，我是不信，我宁可自己驾驶，也不会用智驾！！！,0
2025/4/1 15:29,回复@正直的好涩大叔:我不是米粉，对小米无任何好恶。我就想问问这个事故的真实信息你们是从哪看来的，是家属接受采访了，还是交管部门发布事故信息了。就算配合调查事故原因，小米作为当事方也没有资格来断定事故原因及起火原因吧，人员伤亡情况就更轮不到小米来发布信息了，这又不是最终调查结果。,0
2025/4/1 15:29,这件事情的结果肯定“不了了之”，只希望能够给家属一个妥善处理,0
2025/4/1 15:30,女朋友死了还挺冷静的呢,1
2025/4/1 15:30,纯路人 等一个客观调查报告,0
2025/4/1 15:30,秦风可以作证，现在安然无恙。,0
2025/4/1 15:31,这车没有激光雷达吗天，光听速度快了别的没注意,0
2025/4/1 15:32,我宁愿开破破烂烂二手手油车 也不开除了TSL以外的所有电车,1
2025/4/1 15:32,我的xc60，时速90多撞的前面的汉兰达，我人都没事儿，就是车损保险修了16.9万。,0
2025/4/1 15:33,微博上很多都是假当事人瞎传谣言,1
2025/4/1 15:33,变成华为的怎么怎么了，请问，这是华为？请问，车门为啥打不开？,1
2025/4/1 15:33,市场验证5年，或许我会买！反正现阶段，你们要买就去买吧,0
2025/4/1 15:33,研究车牌颜色就行了，哪里有心思研究智驾,0
2025/4/1 15:33,垃圾小米，就给了两秒反应时间，踩死刹车也停不住啊,1
2025/4/1 15:34,网络黑社会不是白叫的,1
2025/4/1 15:34,华为这种情况可以解决因为是激光雷达的高阶智驾方案，小米的这个标准版没有这种能力，同时在做智驾考试的时候也说了这种情况下需要接管,0
2025/4/1 15:34,瞒不住了就甩锅,1
2025/4/1 15:35,这个车，不是之前都说是这好哪好的，又惊喜价把，比保时捷性价比高，才买这么点钱啥的，,0
2025/4/1 15:35,重要的是电池起火，跟智驾没什么关系,0
2025/4/1 15:35,吃个油条上热搜， 拍个樱花上热搜， 工厂躺着拍照上热搜， 不做卫生巾上热搜， 删不做卫生巾的贴上热搜， si了3个米粉，29号到昨天晚上却沉默的出奇。,1
2025/4/1 15:36,“交警初步判断，车机失控”“当地交警说自燃电车没有生还的”“人为刹车了，但是现场没有刹车痕迹”,0
2025/4/1 15:36,我也是的，感觉开智驾比自己开刺激多了。平常困了打开智驾一下子就吓醒了。,0
2025/4/1 15:36,估计是聊天了,0
2025/4/1 15:36,首先华为和小米流量大互动次数多，凡是华为和小米有一点点问题就会被放大网上发酵吗，这也是为啥别的车企出了事没有那么多热搜而华为小米热搜频繁的原因,0
2025/4/1 15:36,到底能不能买电车？我马上就准备买车了,0
2025/4/1 15:36,为什么会起火？ 这个不是产品设计有问题吗？ 时速100km撞了就起火？ 希望大家买车安全第一吧 哎,0
2025/4/1 15:36,观察者网，这么多年一直是最正直的媒体,0
2025/4/1 15:37,都给你两秒钟时间了，你还撞上了，能怪车吗,1
2025/4/1 15:37,已经从高速碰撞爆燃变成爆燃事故了吗,0
2025/4/1 15:37,让子弹飞一会吧热度这么大后面这事还能不了了之,0
2025/4/1 15:37,花粉们真是关心小米啊，跟过年一样高潮了,0
2025/4/1 15:38,华为智驾比赛已经证明了，不能，都是辅助驾驶，遇到障碍物人接管不及时都是撞上去,0
2025/4/1 15:38,有没有这种可能，她们三个都不知道机械锁的存在,0
2025/4/1 15:38,大晚上走高速，我坐车的心理都犯怵让司机尽量慢点，她们是有什么自信搞这么快，还开辅助驾驶，手不握紧方向盘？事故首先是自己找死，然后小米的辅助驾驶安全冗余不够，最后电池车碰撞后的爆燃现阶段是解决不了的。小年轻被电池车厂家忽悠降智了，被太多花里胡哨的东西吸引忘了是个车，开车得安全第一。,1
2025/4/1 15:38,我还是喜欢自己的机械车门 拉一把就能打开,0
2025/4/1 15:39,非常中肯，不过四川手机报没发短信我觉得不是什么大问题,0
2025/4/1 15:39,说的极是！我也是这个观点！不能把不成熟的方案包装的完美无缺，车子不像手机，是要人命！必须要实事求是，三番五次的提示风险才对，而不是夸大智驾，对风险藏起来不说！,0
2025/4/1 15:39,还有aeb到底起没起作用啊,0
2025/4/1 15:39,不是不会着火啊,0
2025/4/1 15:39,虽然你们没有采编权，但在这事上没有回避核心问题。,0
2025/4/1 15:39,原来只有小米事故才是深刻教训,1
2025/4/1 15:39,智驾到目前都只算辅助驾驶吧 无人驾驶就算技术达到了也没法使用,0
2025/4/1 15:40,前方有修路，导航提前都会提醒的，这个时候就要取消智驾，自己谨慎驾驶了，到跟前了才自己接管，纯纯的新手行为，他这个小米标准版的，最多就是个自适应巡航，根本算不上智驾。,1
2025/4/1 15:40,这段话说的极为深刻！”血肉教训再一次警示公众，智驾技术并不成熟。小米公司的官方声明显示，从小米的高速智驾模式，到驾驶员手动接管，时间间隔仅 1 秒钟。在高速驾驶时，一旦驾驶员分心，短短的 1 秒钟根本来不及做出恰当反应。如今，国内新能源车企都在比拼智驾有多么智能，各种发布会和演示视频所...全文,0
2025/4/1 15:40,不是帮小米说话，但是男朋友不在现场怎么知道车门打不开，车机失控呢,0
2025/4/1 15:40,还是 rip 大S更重要,1
2025/4/1 15:41,像在社交媒体上发布双手离开方向盘驾驶和睡觉驾驶的人，一方面社交平台应该尽快封禁，然后法律方面应该以危险驾驶罪进行起诉,0
2025/4/1 15:41,最可怕的是，开车的人双手不在方向盘上,0
2025/4/1 15:41,而且再说一句，前两天高速公路交警已经在平台上发布了自燃通知，车牌号都公布了，警方发过这方面的公告了，结果你4月1日的小米公告提都不提，人肯定都死了，这件事也是清楚的，公告依然提都不提，还把遇难者变成受难者，不知道的还以为受难者在医院抢救呢。,1
2025/4/1 15:41,转发微博,0
2025/4/1 15:41,意外太多,0
2025/4/1 15:41,哈哈哈。最后2秒退出我都不信70米的距离，纯视觉在夜晚识别出障碍物，也要点水平的没交警公布视频，我是不信他还真有两秒前退出的水平,1
2025/4/1 15:41,观察者你不怕被ota ？,1
2025/4/1 15:41,雷总今天咋变成关注7天才能评论了，之前不都高强度岁月美好吗？,0
2025/4/1 15:41,！祝他们出门所遇皆是猴车,1
2025/4/1 15:42,可怜的三个女生，唉，不敢想象当时是如何绝望痛苦。,0
2025/4/1 15:42,过渡营销＝骗局,1
2025/4/1 15:42,有一说一，雷总没怎么吹嘘过自己的智驾多好使,0
2025/4/1 15:42,看看migo们还怎么继续洗,1
2025/4/1 15:43,小米股价今天大跌了没,0
2025/4/1 15:43,说白了就是人反应已经来不及了，手脱离方向盘，提醒了，最后时刻方向盘才操作，来不及了,0
2025/4/1 15:43,门开不开，活活烧死才是硬伤,1
2025/4/1 15:43,家人也心大，大学还没毕业，驾驶经验能有多丰富，敢让她半夜拉人上高速（没有说小米没责任）只是说开车真不是踩一脚油门的事儿，还是希望大家都谨慎一些，要对自己负责，事后即便小米全责又能怎么样，鲜活年轻的生命回不来啊多可惜啊，都那么年轻,0
2025/4/1 15:43,等官方调查结果通报,0
2025/4/1 15:44,洗小米就洗。硬是把别的车拉出来虚空打靶是什么毛病？,1
2025/4/1 15:44,减速也不可能那么快的,0
2025/4/1 15:44,大善人年后上了多少热搜了,0
2025/4/1 15:44,连油车都没开明白的驾驭不了这种大马力的车,1
2025/4/1 15:45,那么相信辅助驾驶？到时候命怎么没的都不知道,1
2025/4/1 15:45,它撞的不是前方的障碍，而是左右护栏。也就是说，小米提示危险，驾驶员急了，踩刹车?向左转，然后没想到撞上了护栏。也就是说，跟提醒不及时没关系啊，是撞的护栏不是前方障碍物,0
2025/4/1 15:45,不是智驾   只是辅助驾驶,0
2025/4/1 15:45,原来这么多人都来找雷总了，我以为只有我一个,0
2025/4/1 15:45,关键它只有一颗算力一般的英伟达芯片这个价位性价比太差了，小米这个真的杀熟,1
2025/4/1 15:46,优胜劣汰~,1
2025/4/1 15:46,提前1s退出智驾，反应够快的,0
2025/4/1 15:46,比亚迪元plus的辅助驾驶就会自动降速,0
2025/4/1 15:46,别个是叫智能辅助驾驶不是自动驾驶，开个不看路干嘛呢？97km/h的速度撞上水泥护栏电池不燃才怪，何况锂电池本来就容易燃。还有怪车门打不开的，是受害者说的打不开吗？,1
2025/4/1 15:47,我想知道如果是一辆油车，这种情况下她们有生还的可能吗，来得及营救吗,0
2025/4/1 15:47,小米雷军迟早要被反噬,1
2025/4/1 15:47,如果爱，请深爱；如不爱，请离开。,0
2025/4/1 15:48,速度虽快的车安全得有保障才可靠,0
2025/4/1 15:48,太吓人了，安全问题真是容不得半点马虎。希望能查明原因，确保大家的安全。,0
2025/4/1 15:48,小米SU7高速碰撞确实触目惊心！,0
2025/4/1 15:48,天啊，这也太危险了！幸好没人受伤，希望能改进技术杜绝隐患。,0
2025/4/1 15:48,安全真的很重要，支持更全面的测试。,0
2025/4/1 15:48,安全为先，希望大家都能开平安的车！?????,0
2025/4/1 15:48,看着好吓人，希望能尽快解决这个问题，别再发生类似的事了。,0
2025/4/1 15:48,小米su虽好但不建议购买这种车啊,0
2025/4/1 15:48,不管华为还是蔚小理，这个场景死人的概率都不大,0
2025/4/1 15:48,这也太恐怖了，烧得这么快！期待官方给出个合理的解释。,0
2025/4/1 15:48,为你打call!,0
2025/4/1 15:48,看着好危险，质量问题可不能马虎，官方得重视！,0
2025/4/1 15:48,这种事也有可能让人震惊和恐惧啊！,0
2025/4/1 15:48,整天摆拍视频 制造各种花絮来吸引年轻人  宣传速度是一种信仰 专门拿捏年轻人的喜好 控制和投资各路媒体宣传  这种“顶流” 翻车只是迟早的事情,1
2025/4/1 15:48,小米汽车安全性值得关注，需要更多的测试。,0
2025/4/1 15:48,这也太吓人了，安全性真的很让人担忧啊。,0
2025/4/1 15:48,小米 SU7 安全问题确实亟待重视??,0
2025/4/1 15:48,太恐怖了，车一下就燃了，庆幸没人员伤亡吧。,0
2025/4/1 15:48,希望厂家能给出个说法，这太吓人了。,0
2025/4/1 15:48,这消息看着好吓人，出行安全真的很重要。,0
2025/4/1 15:48,安全性真是生命线，不能马虎啊！期待调查结果。,0
2025/4/1 15:48,太吓人了，汽车安全要注意啊,0
2025/4/1 15:48,太惊人，这种安全问题真的要注意！,0
2025/4/1 15:48,这也太吓人了，车子安全和电池技术太重要了,0
2025/4/1 15:49,标准版哪来的智驾？,1
2025/4/1 15:49,解放双手，搭上的是命,1
2025/4/1 15:49,低配版，没有激光雷达，一颗算力84的芯片还要21万。割米粉韭菜，这价格能搞到极氪的高阶智驾,1
2025/4/1 15:50,我觉得小米的车子和雷军本人最近营销太多了。大家对国货寄予厚望，但是希望企业更多地宣传和研究车子的性能，尤其是安全性能，而不是一味地夸大营销优点，对缺点只字不提,0
2025/4/1 15:50,夸，就完事儿了,0
2025/4/1 15:50,洗,1
2025/4/1 15:50,修路的这种情况，标识太复杂，有激光也很难,0
2025/4/1 15:50,小米车也太垃圾了,1
2025/4/1 15:50,国货之光小米su7世界第一,0
2025/4/1 15:50,很正常 任何的智驾都不值得你放开双手双眼完全信任,0
2025/4/1 15:51,问界当时公告说过这些？,0
2025/4/1 15:51,higo随便狂欢，大嘴马上又拨款了,1
2025/4/1 15:51,成木偶了,1
2025/4/1 15:51,问题不应该是车门打不开吗？这才是最不安全的,0
2025/4/1 15:52,就觉得小米不靠谱，靠营销来的销量能维持多久,1
2025/4/1 15:52,二十万的标准版没有激光雷达的，比方说我自己买车的时候要用自驾我是不会买标准版的，就老老实实的自己开，还有一点，路政维修，在高速修护的道路上发生了很多惨痛事情。,0
2025/4/1 15:52,卖刀的只管卖刀，把刀造的锋利的就是好刀！没法主宰用刀的干啥啊！,0
2025/4/1 15:52,谢谢你的评论,0
2025/4/1 15:52,一句话，小米智驾不行,1
2025/4/1 15:52,回复@陶心心i:这估计很多人没注意，也不知道，也来不及找。,0
2025/4/1 15:52,咱们首富开公司做手机不为了赚钱，做汽车赚点钱怎么了？用户会自适应的,0
2025/4/1 15:53,垃圾米，过度营销，毫无安全底线,1
2025/4/1 15:53,发生几天了今天上热搜，小米可以呀,0
2025/4/1 15:53,在调查报告都没有的情况下，把“趁人之危，落井下石”写这么长也挺不容易的…….,1
2025/4/1 15:53,双标党这不就来了么，当时问界可不是这么说的,1
2025/4/1 15:53,那年我15岁就记住我爸一句话，开车简单，开精很难,0
2025/4/1 15:53,提醒了，动方向盘了，退出了，来不及了撞了很难理解？本来小米智驾就不行,1
2025/4/1 15:54,这事故，怎么跟特斯拉这么像？电车的通病？,0
2025/4/1 15:54,在这样紧急的情况下 除非把驾驶员绑着 否则大家的第一反应都是自救啊,0
2025/4/1 15:54,考编的路上 出了意外,0
2025/4/1 15:54,您真是宝藏,0
2025/4/1 15:54,我觉得这个事情的关键是，前方修路，向左变道，不是应该提前好几公里就有提示吗？然后一路路障引导向左变道？车也好人也好，为啥快到封路点才发现啊？,0
2025/4/1 15:54,让死者给小米负责的小米水军还是不是人啊？AEB不启动也是车主问题？门打不开也是车主问题？？车辆起火活活烧死三个也是车主问题？？,1
2025/4/1 15:55,各车企的智驾的主动刹车紧急制动，识别障碍物等等功能都是有实际的距离和速度要求限制的，估计百分之九十九的智驾车主都不知道，只看过一些测试和广告，就盲目的使了智驾。很多智驾系统实际根本无法完全识别人车以外的异性障碍物。,0
2025/4/1 15:55,他买的是低配的，没有高级NOA,0
2025/4/1 15:55,还说磷酸铁锂安全，也不见得,0
2025/4/1 15:56,这就是自己造车要承担的后果,0
2025/4/1 15:56,小米用户都是宗教群体,1
2025/4/1 15:56,一直在提门打不开，是有人救援门打不开？还是说车上三人没下车所以猜测门打不开的？那万一三个人都昏迷了呢？我不是米粉，我就纯好奇是有人看到门打不开了吗？,0
2025/4/1 15:56,然而烧的不是三元里，哭错坟了,1
2025/4/1 15:56,夸，就完事儿了,0
2025/4/1 15:56,自从有了智驾以后车越好，开车的人问题越多,0
2025/4/1 15:57,转发微博,0
2025/4/1 15:57,不胡乱臆测，静等官方通报,0
2025/4/1 15:57,四川手机报没群发两遍，看来不是什么严重的事,0
2025/4/1 15:58,盼什么没什么，怕什么来什么。,0
2025/4/1 15:58,慌?难道双手离开方向盘了，双眼都不看路啦?,1
2025/4/1 15:58,夸，就完事儿了,0
2025/4/1 15:59,血肉教训再一次警示公众，智驾技术并不成熟——只是证明小米的智驾技术不成熟。 不过揭开了“字研”公司的画皮。,1
2025/4/1 15:59,大危险了,1
2025/4/1 15:59,不理解出事故为什么先找车企,1
2025/4/1 16:00,3月29日发生的事情，4月1日才有报道，中间这两天是小米的公关想压新闻但最终压不住吗？,0
2025/4/1 16:00,懂了，小米的车遇到处理不了的状况在最后一两秒提醒你接管，之后再出事就跟小米无关了,1
2025/4/1 16:00,24秒风险提示，26-28秒撞击，以97~116km/h平均计，（116+97）/2/3600*1000*（27-24）=88.75米。8、90米外检测到异常，人驾能避免吗？若是纯智驾小爱可以避免吗？纯讨论,0
2025/4/1 16:01,小米造车，必将经受其他新能源车企经历过的相同考验——去年某车企的“第一场车祸”成为米系粉丝和KOL的狂欢时，小米当时就应该意识到这种回旋镖的反噬性。新能源车企应该共同打造更安全的电池、更安全的驾驶，而不是毫无底线的相互攻讦。只有技术的进步才能带来更多的安全，而不是对媒体的操控、公关...全文,0
2025/4/1 16:01,您真是宝藏,0
2025/4/1 16:01,是人接管后一秒出了事故，不是智驾推退出后一秒出事故。,0
2025/4/1 16:01,它们嘛，见惯不怪了。,0
2025/4/1 16:02,自己自愿当电动车的小白鼠这没啥可说的。可以参考一下比亚迪的问题当初是怎么处理的。。,1
2025/4/1 16:02,开车还分心难道不是有问题?,1
2025/4/1 16:02,先别急着下定论，一切等调查结果,0
2025/4/1 16:02,不让你家属道歉，都算糇冲输了。,1
2025/4/1 16:02,我就只有一个疑问，这么大的事故，四川手机报为什么不发短信报道？,0
2025/4/1 16:02,这...可能还没到短信档期吧，现在的热点都得看有没有上热搜的命啊。,0
2025/4/1 16:02,前一秒才被接管，是不是说明这个女生自己也没有看路况呀？等反应过来已经晚了？我连定速巡航都没用过，总觉得不如自己操作安全,0
2025/4/1 16:03,首页家属都发微博了 从始至终小米就没联系人家 还有人家质疑的是撞了之后门落锁打不开,1
2025/4/1 16:03,1秒,0
2025/4/1 16:03,您真是宝藏,0
2025/4/1 16:03,至少注意力不能离开路况，否则死都不知道怎么死的,0
2025/4/1 16:03,太惨了,0
2025/4/1 16:03,挫折是弱者的绊脚石，是强者的垫脚石。,0
2025/4/1 16:03,前有特斯拉 后有小米SU7..讲真那种P2P行业搞汽车能专业到哪里去 号称多智能实则安全隐患多大,1
2025/4/1 16:04,noa检测到前方有障碍物都不主动降速吗？我的acc都会主动降速,0
2025/4/1 16:04,确实一群喷子，抓不住一件事情关键的点在哪里,1
2025/4/1 16:05,至少华为的车机会启动AEB吧，这检测到危险了也没启动AEB，而且两三秒的时间才开始提醒，鬼来得及反应。,0
2025/4/1 16:05,这男朋友不伤心吗,0
2025/4/1 16:05,您真是宝藏,0
2025/4/1 16:05,智界的真的可以，立刻减速,1
2025/4/1 16:05,真的很痛心啊，就三两秒，这个速度，车子应该是差不多六七十米的样子识别到前面有障碍物的，真的是速度太快了识别距离也有限，估计这个速度配上这个距离，智能驾驶也很难刹得住车，所以辅助驾驶真的只是辅助工具，是个人驾驶的一个保障而不是驾驶的前提。,0
2025/4/1 16:05,现阶段不要太相信智驾，车企也不应该过度宣传智驾,0
2025/4/1 16:06,不能把性命交给智能驾驶，何况还是辅助驾驶,0
2025/4/1 16:07,店大欺人，千古真理。,1
2025/4/1 16:07,唉，活生生三条人命,0
2025/4/1 16:07,为你打call!,0
2025/4/1 16:07,他怎么感觉很不care生死只想给自己立帮女朋友买车的人设但是女朋友妈妈那边又是另外一套说辞，你们能不能对一下口径再要赔偿,1
2025/4/1 16:08,小米营销的舆论控制就是快准狠，这不，水军开始运营了,1
2025/4/1 16:08,大家要知道智驾只是辅助驾驶，让你开车轻松点而已，还是要自己注意路况专心驾驶的呀！,0
2025/4/1 16:09,服了,1
2025/4/1 16:09,为什么出了车祸要怪卖车的，是自己开车撞的，还在修缮的路上开辅助驾驶，机械始终是机械始终。就那个速度撞上去，啥车都白费，既然买了新能源就要做好燃的心里准备,1
2025/4/1 16:09,这才是公正报道[赞]动不动就说无法打开车门，有没有可能人都撞晕了……,0
2025/4/1 16:10,敢买小米的车，都得尊称一声勇士,1
2025/4/1 16:10,大晚上的不专心开车 这是车的问题大？对自己的生命都不珍惜 然后现在人死了出事了 肯定是得赖小米的 毕竟要钱,1
2025/4/1 16:11,说实话我十几年的驾龄开别人的车会紧张，神经紧绷[捂脸],0
2025/4/1 16:11,说的好客观理智,0
2025/4/1 16:11,这男的句句直指车企,0
2025/4/1 16:11,事儿都出三天了 出声明是提前吗,0
2025/4/1 16:12,一定要看到最后,0
2025/4/1 16:12,放车尾，车尾也是会被撞，主要还是不要疲劳驾驶，技术有把握，不要完全交给智驾，这才是对自己的生命负责！[玫瑰],0
2025/4/1 16:12,不说别的，去年 007 90 码的速度也是撞的护栏，安全气囊全开，车辆几乎报废，人没事,0
2025/4/1 16:12,第三点的推断有问题。接管后一秒碰撞。你这意思是不接管就不会撞？？3，发现障碍物并减速，但是人接管了，所以出问题了，也就是说智能辅助驾驶并没有问题，是人自己接管出了问题,1
2025/4/1 16:13,真的是智驾事故前1秒退出智驾的啊！  之前它们阴阳华为的时候，没有想到回旋镖吗？,1
2025/4/1 16:13,看来得给老婆买台小米su7[呲牙][呲牙][呲牙][呲牙],0
2025/4/1 16:13,上了时速一百，车就跟纸糊的一样。主要还是看个人安全驾驶吧。,0
2025/4/1 16:13,完了，我经常120-130智驾[泣不成声]，这下再也不敢了,0
2025/4/1 16:14,根据小米说的，当时转人驾的时候减速，最终速度还要93km这么快，可能就是失控还是本来驾更快来不及反应？,0
2025/4/1 16:15,所有的进步都源自于小白鼠,0
2025/4/1 16:15,着火为啥叫爆燃呢？爆燃和起火燃烧有啥区别吗？？？,0
2025/4/1 16:16,夸，就完事儿了,0
2025/4/1 16:17,小米自动泊车都撞了不少，是字研的智驾，智驾模式有1亿多种。,1
2025/4/1 16:17,@埶笙 还好没买,0
2025/4/1 16:17,很迷，通报说踩了刹车，交警又说没有刹车痕迹，不是很懂，这是刹车失灵吗,0
2025/4/1 16:17,二一年三月雷军宣布造车，二四年三月SU7上市，三年时间出车，我想问问工程验证需不需要时间？如果说三年出手机，那还勉强可以接受。汽车的话，我就不敢了。,0
2025/4/1 16:18,提前2秒提示风险事故 真乃真智能啊,0
2025/4/1 16:18,我就这么说 艾瑞泽8 98码碰撞推土机 和小米这个碰撞力度几乎差不多 甚至小米的车身架构还更硬 但是艾瑞泽8车主只是手骨折 小米su7 是直接爆燃 一个11w 一个22w,0
2025/4/1 16:18,您真是宝藏,0
2025/4/1 16:18,反正目击者是这么说的。谁是目击者，不知道……静待交警公告,0
2025/4/1 16:18,关键是车门打不开 被烧死了,0
2025/4/1 16:19,他咋知道人为刹车了？,0
2025/4/1 16:19,小米这也太坑了吧,1
2025/4/1 16:19,@神奇妙蛙种,0
2025/4/1 16:19,这和林zy那次特斯拉失控比，有什么区别,1
2025/4/1 16:19,aeb没刹住车,0
2025/4/1 16:19,"很多人都在抠 门怎么打不开 我觉得有几点以下可能
1:碰撞后 车辆任处于前进档 车门自动落锁打不开
2:碰撞后车辆电路断电，非车主对车辆不了解 不知道机械门把手位置
3:碰撞后车内人员不同程度受到碰撞伤害 人基本已经懵了 车辆撞击后 爆燃 车内人员经过剧烈撞击没有时间反应
造成这种惨剧没人希望看到 逝者安息[玫瑰][玫瑰][玫瑰]",0
2025/4/1 16:19,我只相信我自己，自己的命还是握在自己手上比较合适,0
2025/4/1 16:19,不是电池，是电芯，小米自己封装的，不叫/是刀片电池,0
2025/4/1 16:20,讲真，全赖到车企上也是有点勉强啊,0
2025/4/1 16:20,我不是粉丝，但我想问出车祸不是应该先找保险和交警吗，怎么现在让车企陪了,0
2025/4/1 16:20,从来不相信智驾，再好的智驾也抵不过自己的操控,0
2025/4/1 16:21,什么叫人接管了所以出问题了,1
2025/4/1 16:21,希望以后理发不要出智能机器人理发师。,0
2025/4/1 16:22,这一看就不是真男朋友 女朋友出了这么大事、还能跟大家聊得头头是道？？？,1
2025/4/1 16:22,您真是宝藏,0
2025/4/1 16:22,董明珠：一个只知道偷技术的公司，有什么值得敬佩的,1
2025/4/1 16:22,重要的都没说，是不是网传的车门打不开？什么原因着火的？避重就轻,1
2025/4/1 16:22,电池车，真得少跑高速，剧烈碰撞一旦起火，根本来不及下车,0
2025/4/1 16:22,牛吧刹车，什么牌子,0
2025/4/1 16:23,每次看到萝卜快跑的无人驾驶，我真的有点怕[捂脸],0
2025/4/1 16:24,谢谢你的评论,0
2025/4/1 16:24,@阿飞balabala,0
2025/4/1 16:25,起火不就是撞了么，为什么会撞才是要查的吧。,0
2025/4/1 16:25,机型正确,0
2025/4/1 16:25,客观分析！1、智能驾驶不是自动驾驶，各大车企都在过分宣传智驾，一部分人过分相信智能驾驶；2、锂电池易燃是目前解决不了的难题,0
2025/4/1 16:25,这声音和人对不上啊  年轻女人 老女人声音 口型也对不上啊 你别为了流量冒风险啊,1
2025/4/1 16:26,特斯拉ap我都只敢白天用,0
2025/4/1 16:26,开车还是不要太依赖辅助驾驶,0
2025/4/1 16:26,我老公一直叫我把油车卖了，换电车，要听他的吗[捂脸],0
2025/4/1 16:26,第三点是谁给你解释的？自己意淫的,1
2025/4/1 16:26,汽车安全永远是第一位的，冰箱！彩电！大沙发能保命吗？,1
2025/4/1 16:26,为你打call!,0
2025/4/1 16:26,这个人为刹车 但是没有刹车痕迹是咋得出来或者咋知道的呢,0
2025/4/1 16:27,3、辅助驾驶系统有没有达到使用要求,0
2025/4/1 16:27,为什么会撞,0
2025/4/1 16:27,问题是你给2秒！手动接管有啥用？时速90，2秒知道啥概念吗？技术不行的厂家！别瞎扯智行！,1
2025/4/1 16:28,MI，死就死在这群极端粉丝上。,1
2025/4/1 16:28,您真是宝藏,0
2025/4/1 16:28,毕竟宗教产品，不能被质疑,1
2025/4/1 16:28,逝者安息,0
2025/4/1 16:29,@大嘴洞悉Plus,0
2025/4/1 16:30,又是开了辅助驾驶后就分心什么都不管了！！[捂脸],1
2025/4/1 16:30,行了行了，人家都让法务开路了,1
2025/4/1 16:30,充分说明命运要掌握在自己手里[抱抱你],0
2025/4/1 16:31,为你打call!,0
2025/4/1 16:31,车门应该速度很快，开不门了吧。,0
2025/4/1 16:31,需要证明97km/h的速度撞击后，到烧灭的一个小时里，车内人员曾清醒且有开门的能力，才可以谴责车门锁死导致了人员死亡吧，不然换啥车都是这结果，但烧成这样了，也挺难证明的。等警方消息吧。,0
2025/4/1 16:31,小米太热门了，出一点事，新闻满天飞，,0
2025/4/1 16:31,汽车就是汽车，在硬也不能当变形金刚吧，命是自己的，不管什么车，安全第一！！,0
2025/4/1 16:31,宁愿相信辅助驾驶也不相信自己是吧。[不失礼貌的微笑],0
2025/4/1 16:31,97km时速发生碰撞，人可能当场就晕了,0
2025/4/1 16:32,唯一可以确认的就是迷家的aeb不行。,1
2025/4/1 16:33,好像小米每次这样的丑闻，都会引起更高的进店率和下单转化,1
2025/4/1 16:33,#小米SU7高速碰撞爆燃事件细节# 回避，沉默，是无法解决问题的。这样的做法大全只会让自身形象受损。#小米集团午后跌超4%# 面对舆论，做企业的，千万不能向某些政府部门学。,1
2025/4/1 16:33,夸，就完事儿了,0
2025/4/1 16:33,车内人员曾清醒且有开门的能力，才可以谴责车门锁死导致了人员死亡吧，不然换啥车都是这结果,0
2025/4/1 16:33,某人群是这样的,1
2025/4/1 16:34,主要是这不是智驾，用这个车原则上更要注意。根本不怪车子,0
2025/4/1 16:35,不管多智能的电子产品，都要自己掌握方向盘，不要把方向盘交给“科技”。就算0.000…1的失误率，都是有风险。,0
2025/4/1 16:35,谢谢你的评论,0
2025/4/1 16:36,这通告水平可以，不提关键,1
2025/4/1 16:36,出了事就是“智能辅助驾驶”，发布会就是“高阶智能驾驶”[看],1
2025/4/1 16:36,家属受到了糇子饱和式攻击,1
2025/4/1 16:37,谢谢你的评论,0
2025/4/1 16:38,害。。。不信谣不传谣，等警方调查完还原个真相吧各种网友带节奏，说的有板有眼的你怎么不去和警察说你“看到”的事情经过尽早立案解决,0
2025/4/1 16:38,雷总平常不是挺能冲在互联网第一线的吗？八杆子打不着的大s死了都能出来露个脸。现在这么大的舆论危机，这么大的事故，怎么突然变2g网了呢？,1
2025/4/1 16:39,如果车子反弹撞击车尾呢，电瓶会不会受到影响呢[发呆][发呆][发呆],0
2025/4/1 16:39,网红造车，悲哀,1
2025/4/1 16:39,都是没买车的米粉帮着售后，有没有真买了车的也出来帮帮忙啊，比较有说服力,1
2025/4/1 16:39,在我的认知里任何一款车都没问题，最大的问题就是人,0
2025/4/1 16:39,为你打call!,0
2025/4/1 16:39,我觉得这种就应该报道出来，这样很多人就会卖，我就可以低价买二手[看],1
2025/4/1 16:40,小米车有强制开门按键的,0
2025/4/1 16:40,时间太快了，来不及反应,0
2025/4/1 16:40,小米赶紧暴雷吧，这样大家都退单，我就能早点提车了,1
2025/4/1 16:40,关注最终的调查结果,0
2025/4/1 16:41,开车就要面临车祸风险，这么大人了，想讹钱也没这么玩的，死者为大，该调查调查，该定责定责，网友能去给你鉴定还是咋的,1
2025/4/1 16:41,等一个调查结果,0
2025/4/1 16:41,谢谢你的评论,0
2025/4/1 16:42,电车暂时还是需要观望 目前不敢买电车,0
2025/4/1 16:42,家属很伤心、很急他们也无法知道当时现场情况，没有一个人亲眼目睹，他们唯一的线索：高速车祸、车辆起火、人没出来去世，其他全部是揣测。还是相信官方的通知。[,0
2025/4/1 16:42,米粉太逆天了,1
2025/4/1 16:42,智驾是为了让你放松一下身体，而有些人连精神都放松了,0
2025/4/1 16:43,辅助驾驶，辅助驾驶，辅助驾驶。不是自动驾驶，不是自动驾驶，不是自动驾驶。总是有人把辅助驾驶任性的认定为自动驾驶。,0
2025/4/1 16:43,车速116，24秒开始减速，28秒减到97，这逼小米太牛了[生气][生气][生气][生气],1
2025/4/1 16:43,多赚点钱吧，这样可以站在更高的视线里为心爱的人送一个真正有价值的礼物。,0
2025/4/1 16:44,#小米SU7高速碰撞爆燃事件细节# #小米SU7起火致3人遇难车主发声# #小米SU7高速爆燃# 这么严重的车祸，希望小米重视，调查车辆起火的具体原因，核实是否确为车门打不开,0
2025/4/1 16:44,他这个车是pro还是标准版啊？我看有人说是标准版，我怎么记得智驾是pro才有的？,0
2025/4/1 16:44,没事，我不怕死[黑脸],1
2025/4/1 16:44,666,0
2025/4/1 16:47,0.1的回旋镖？,1
2025/4/1 16:47,不错了，搁别的车企都不可能公布行驶轨迹，更别说其他的了[尬笑],0
2025/4/1 16:47,真的很危险啊,0
2025/4/1 16:47,这个车速度太快了,0
2025/4/1 16:48,这调查结果出来了吗,0
2025/4/1 16:48,真的太让人震惊了吧,0
2025/4/1 16:48,真的是来不及反应啊,0
2025/4/1 16:48,继续关注一下。,0
2025/4/1 16:48,不管如何，还是真的很吓人的,0
2025/4/1 16:48,这真的是太可怕了呀,0
2025/4/1 16:48,真的状态挺好的哈哈哈,0
2025/4/1 16:48,我开个定速巡航脚都放刹车边上,0
2025/4/1 16:48,小米SU7智驾反应慢高速爆燃太吓人了,1
2025/4/1 16:48,视频在网上传3天了，压不下去了吧,1
2025/4/1 16:48,来不及反应,0
2025/4/1 16:48,吓人吓人，太可怕了,0
2025/4/1 16:48,真的，雷军已经没得救了，坐等雷军和小米爆雷，我说的,1
2025/4/1 16:48,电车自燃、自动上锁太可怕了，火火烧死在车里。小米享受了大流量光环，也要接受大家的审视，积极回应吧,0
2025/4/1 16:49,@用户6154339184: 120时速是33米每秒，按宣传的150-250米识别，至少可以提前5秒预警刹车，5秒够刹停了，低速就算撞也没事了。反正一字不提，问就是第一梯队,1
2025/4/1 16:49,事实告诉我们车不要乱借，乱借容易故事变事故[尬笑]而且还要赔偿,0
2025/4/1 16:49,小米回应SU7高速碰撞爆燃事件细节集团股价大跌,0
2025/4/1 16:49,持续关注结果。,0
2025/4/1 16:49,智驾再好也没有人驾来的安全,0
2025/4/1 16:49,后续到底是什么，调查出结果出来了,0
2025/4/1 16:49,看看什么情况,0
2025/4/1 16:49,清明节到了,0
2025/4/1 16:49,我比较好奇哈，没开过电车我不懂，为啥设计一个机械门把手呢，我看见不少电车门把手都是隐藏的，外面根本打不开,0
2025/4/1 16:50,等待最后的结果,0
2025/4/1 16:50,智驾系统还需要完善,0
2025/4/1 16:50,为啥没有人报道？是因为被某些人和谐了。懂得大家都懂 小米在这方面的力量是舍我其谁的,1
2025/4/1 16:50,坐等后续跟进，调查结果吧,0
2025/4/1 16:50,这样是有点后怕。,0
2025/4/1 16:50,所以说不能完全靠智驾啊,0
2025/4/1 16:50,看起来智驾也很危险啊,0
2025/4/1 16:51,建议可别再用智驾这个擦边词汇了 就老老实实辅助驾驶，以后研究透了直接叫自动驾驶，能省不少人命,0
2025/4/1 16:51,人为刹车但是没有刹车痕迹  是怎么知道人为刹车的？当时开车在打电话她说了刹车失灵？还是车主主观臆断？逝者安息??等检查结果,0
2025/4/1 16:51,事在人为，你非要把命交给智驾结果上天了先骂智驾不够先进，给你把刀让你防身结果你自刎，反过来怪我刀磨得太快？别的车企也有过类似，就因为是小米？以前没智驾得时候打盹创死得多了去了，没见他们在这犬叫。现在有了辅助驾驶，结果出了事就怪车企。开车得都是成年人了，别跟小孩一样就知道哭找妈妈，,1
2025/4/1 16:51,智驾虽好，但关键时刻还得靠自己??,0
2025/4/1 16:52,这个真的很危险啊,0
2025/4/1 16:52,小米的营销策略 把很多人送上不归路,1
2025/4/1 16:52,持续关注后续调查结果回应,0
2025/4/1 16:52,智驾，还是不能重度依赖，有风险,0
2025/4/1 16:52,这种情况智能应该发挥作用，全力刹车，避让障碍物,0
2025/4/1 16:52,时刻记住，安全要掌握在自己手里,0
2025/4/1 16:53,车主得赔不少,0
2025/4/1 16:53,这个确实危险啊,0
2025/4/1 16:53,其他不说，门不能打开就想不通。,0
2025/4/1 16:53,等下你号就没了,1
2025/4/1 16:54,事故车是su7标准版吧，是辅助驾驶，并不是智驾。 辅助驾驶不就是相当于定速巡航加了个障碍识别监控么？,0
2025/4/1 16:56,不亚于那个出去玩，两个人在后排看电影的，胆子真大[捂脸],0
2025/4/1 16:56,一看就是有人做局搞小米,1
2025/4/1 16:57,米猴就该多烧点,1
2025/4/1 16:57,一个宗教品牌而已,1
2025/4/1 16:58,传统机械拉门锁，可靠救命！,0
2025/4/1 17:00,想买一辆没出过车祸的牌子，谁推荐一下啊[感谢][感谢],0
2025/4/1 17:00,比亚迪 怎么处理的，能说说吗！,0
2025/4/1 17:00,考验小米公关能力的时候到了，这个事处理的怎么样，会对小米有非常大的影响的,0
2025/4/1 17:01,很符合屌丝米??的刻板印象啊！！,1
2025/4/1 17:01,图片评论,0
2025/4/1 17:01,这是标准版吗,0
2025/4/1 17:01,厉害，当时这是人驾还是智驾？,0
2025/4/1 17:02,100 公里撞击不昏迷也会懵逼,0
2025/4/1 17:02,赖人，赖路，赖智驾，车还是神车,1
2025/4/1 17:03,行车不规范，亲人两行泪，不管开什么车都要规范行驶,0
2025/4/1 17:05,这速度除了特斯拉，其他都不行,0
2025/4/1 17:05,回复@肠粉卤水白切鸡:具体我真不知道，但是比亚迪基本没啥影响是大家都看到的。。所以小米肯定也啥事都没有,0
2025/4/1 17:05,外wang 说 xm为了卖车 先让国人做实验 然后再出口 很多信息被贺喜了,1
2025/4/1 17:06,奇怪了，3人都走了，走前还发消息说门被锁死打不开？,0
2025/4/1 17:06,持续关注,0
2025/4/1 17:07,97码，撞晕了,1
2025/4/1 17:07,出事故基本是自己不严谨，但是车子爆燃，打不开门绝对是厂家问题天王老子来了都跑不脱。出了事故不能安全撤离反而关起来不是谋杀嘛,1
2025/4/1 17:07,自燃？自燃都说出来了，这人嘴里还有几句真话….,1
2025/4/1 17:07,自然的原因是啥啊,0
2025/4/1 17:08,我果断给我儿子买的沃尔沃XC60,0
2025/4/1 17:08,智驾不错，继续用[赞],0
2025/4/1 17:08,“事故发生三天后才见热搜”，又开始微博升堂了是吧,1
2025/4/1 17:09,智驾高速行驶的状态下想取消单纯踩刹车有几秒钟延迟 上拨怀挡更快一点 我的小鹏就是这样,0
2025/4/1 17:09,开车的沙雕，不会开车害人害己,1
2025/4/1 17:10,有障碍物为什么不会减速[捂脸]我22款极氪都有这个功能啊[捂脸]我去年结婚前一天在杭州高架上80码，以为开了辅助驾驶（实际没开）撞在水泥墩上，就轮轴歪了，外貌几乎无损,1
2025/4/1 17:10,车主要赔偿了吧,0
2025/4/1 17:11,前两年广西高速上不也有一辆雷尔法高速上自燃，然后也是打不开车门，雷车道歉了吗？赔钱了吗？没必要动不动就上升高度，先等交警和保险定责先吧,0
2025/4/1 17:11,到底是谁的呀 一会她男朋友的 一会女孩毕业礼物[九转大肠],0
2025/4/1 17:13,驾驶员早干什么去了？为什么只有0.2秒,1
2025/4/1 17:14,转发微博,0
2025/4/1 17:15,22点40分分很多女孩子基本睡觉了，生物钟,0
2025/4/1 17:15,你现在就出来消费你不幸的侄女了,1
2025/4/1 17:15,不出来是为你好，气囊蹦一下挺疼的,1
2025/4/1 17:16,火火烧死。太惨了,1
2025/4/1 17:17,@Unintended_Muse_,0
2025/4/1 17:17,这个时速撞击水泥墩子，沃尔沃来了也未必能够接住，还是不够熟悉智驾,0
2025/4/1 17:17,汽油车安全,0
2025/4/1 17:18,太坑了  远离小米,1
2025/4/1 17:18,喜欢su7，那就是保时捷啊，开这个车好拉风,0
2025/4/1 17:19,电池起火才可怕,0
2025/4/1 17:20,小米说处于辅助驾驶状态，是这个出了问题吗？,0
2025/4/1 17:20,小米su7有传统机械刹车结构的 如果聊天记录为真 那就真的爆了,0
2025/4/1 17:20,赛力斯前几年M9事故你不知道啊？,1
2025/4/1 17:21,定速巡航我都不敢用太久！他们居然敢不碰方向盘？[九转大肠],0
2025/4/1 17:21,别说智驾了， 别人开我都不放心， 只有我自己开的时候才敢眯一会儿,0
2025/4/1 17:21,小米资本想控制舆论，但是三人的重大事故是没人敢压的，所以拖了几天曝光。,1
2025/4/1 17:21,司机开辅助驾驶然后开始玩手机回消息，查一查聊天记录，很多女生开车就这样的,1
2025/4/1 17:22,有媒体强调了车门锁死。我相信任何车企都会设计成想法逃生便利而非锁死吧,0
2025/4/1 17:22,通篇只有四个字：深感痛惜,0
2025/4/1 17:23,也有可能是车内人员晕了或者受伤严重开不了车门吧,0
2025/4/1 17:23,车主没给司机介绍这隐藏拉手，司机和乘客谁知道！！！设计就有问题，救生拉手必须要有显目标示和文字提醒。,0
2025/4/1 17:24,烧完原漆都没掉，质量真的可以了，卖的时候还带着原版原漆，换某界早就烧的渣都不剩了,0
2025/4/1 17:24,[发呆]我想知道车子有机械开门的吗？一直没留意这个问题,0
2025/4/1 17:25,惨！为了生命还是远离电车吧。,0
2025/4/1 17:25,我准备买辆20来万的车，电车还是油车好，求推荐[比心],0
2025/4/1 17:26,纠正一下，su7全系标配aeb，俗称自动紧急刹车。人为接管，aeb正常的话，也会触发紧急刹车，不至于从116只降到97，就目前官方公布的后台数据，aeb可能就没工作……，可能是标准版简配。最后提醒大家，目前全球没有自动驾驶，哪怕宣传最凶的华为也没有。,0
2025/4/1 17:27,先驱者，推动智驾立法,0
2025/4/1 17:27,没自燃万幸！,0
2025/4/1 17:27,哭的太假,1
2025/4/1 17:28,车门打不开！AEB没触发！车辆起火一句不提？！ 洗得太明显,1
2025/4/1 17:29,所以说老司机是越开越胆小，每次有不合适的行为我都告诫自己这此是幸运，下一次不可以这样做，出行安全第一,0
2025/4/1 17:29,等警方调查结果，,0
2025/4/1 17:29,智驾先驱者,0
2025/4/1 17:29,有没有一个想法，车在任何撞击状态下，车锁瞬间打开[宕机]，不至于打不开了,0
2025/4/1 17:30,只要我提前 0.00001s 退出智驾，那就永远不是车企的问题,1
2025/4/1 17:30,什么逻辑，明明是驾驶员撞了护栏，车头都撞成稀巴烂了，怎么怪起雷军来？车买来是用来开的，不是用来撞的，如果硬要撞的话，谁也不能保证你能活着走出车门！,1
2025/4/1 17:30,您真是宝藏,0
2025/4/1 17:30,最好别相信车企的自卖自夸行为，这就跟王婆卖瓜一样，没有老板会说自己的品牌有问题的，王婆卖瓜也不会说自己的瓜有不会甜的。,0
2025/4/1 17:31,90公里撞上去，人都晕了,0
2025/4/1 17:31,出事就躲，只在乎自己的利益，国产车企很多都这样,1
2025/4/1 17:32,糇被雷大教主洗脑洗到脑残,1
2025/4/1 17:32,再说一遍……不管什么车，车内备破窗器，后背箱备灭火器[感谢]有备无患,0
2025/4/1 17:32,我不是小米车主，但是我支持小米！现在有些人过度依赖辅助驾驶才是最根本原因！,0
2025/4/1 17:32,夸，就完事儿了,0
2025/4/1 17:33,不管什么牌子的车，新手千万别用智驾，因为你自己都开不明白，根本不会接管，反应不过来。老司机都可能分神。别信那些智驾替你开，普通自动泊车这些，其实很多车都有。,0
2025/4/1 17:33,现在哪家会叫119啊,0
2025/4/1 17:33,车辆驾驶，首要安全两字，方向盘掌握在人的手里，人是操控者，脑子里没有安全这根弦，就不要说其他的了。//@啊哈一口气就上到五楼:这男朋友说的有板有眼的，搞得就像当时在车上一样，女朋友死了能理解你的伤痛，但未经调查这么带节奏，我觉得挺没意思，别最后又反转打脸啊,1
2025/4/1 17:33,24秒发出警告，25秒人工接手，26秒撞上…,0
2025/4/1 17:33,评论区请都做个人吧，描述没有结论，没有指向，只是在陈述，一眼看去，没有一句共情，都在阴阳怪气。,1
2025/4/1 17:34,AEB为啥没反应啊,0
2025/4/1 17:34,@Cody壮壮,0
2025/4/1 17:34,凯迪拉克车主有话说：本人18年在安徽宁芜高速100多码干护栏上吊事没有[敲木鱼]   凯迪拉克跟沃尔沃都是各位无悔的选择，懂的自然懂[敲木鱼],1
2025/4/1 17:34,深夜，得多大的胆量，才敢把车子彻底交给智驾呢？开车，我只相信自己，方向盘在自己手里才放心,0
2025/4/1 17:35,车主慌了毕竟只是女朋友，他肯定不想背锅的,1
2025/4/1 17:36,l2是需要人持续监控的,0
2025/4/1 17:37,图片评论,0
2025/4/1 17:37,猴群太大，基本都是被耍晕的。,1
2025/4/1 17:37,别说自驾，我油车定速巡航都不敢用[大笑][大笑][大笑],0
2025/4/1 17:38,雷总：“放心，下次一定能”,0
2025/4/1 17:38,避重就轻，闭口不谈起火爆燃、车门打不开，然后碰撞前一秒退出智驾，AEB能力感人。米粉一直喷友商的几个点，全部一一出现在这个事故里面，回旋镖不会缺席,1
2025/4/1 17:38,小米公司肯定维护自己权益,0
2025/4/1 17:38,为啥现在出事都甩锅车企呢。绝大多数的车祸都是人祸占主导地位啊,0
2025/4/1 17:39,28分轻度分心报警 36分发出请手握方向盘警告 [捂脸][捂脸]我猜不到司机在干什么[捂脸][捂脸],0
2025/4/1 17:39,夸，就完事儿了,0
2025/4/1 17:39,牛逼啊,0
2025/4/1 17:40,雷军直播都说得很清楚了，不能完全依赖智驾，人要看着的。这明显就是驾驶员开车不认真导致的。,0
2025/4/1 17:41,菊花养的狗博都开始集体出动了，菊花千亿营销经费还是充足，铺天盖地都是小米的事故，但自家车烧死人的后续呢？真的可以一手遮天吗？,1
2025/4/1 17:42,去TM的电芯倒置技术，还吹出花开了，该烧还是的烧,1
2025/4/1 17:42,你主页全都是华为  你的立场是当事人还是啥呢,1
2025/4/1 17:42,出事了事故为啥怪车啊？自己开车撞上不应该有交通部门认定责任，保险公司根据责任赔偿吗？智能车不也是考驾驶证后才开车的吗？考驾照时那个教练让你不手握方向盘了？智能车又不是无人驾驶智能车？奇怪的言论越来越多了,1
2025/4/1 17:43,是智驾出错？还是人驾出错？需要第三方专业的鉴定,0
2025/4/1 17:43,这个解释很符合，给你点大大的赞[赞][赞][赞],0
2025/4/1 17:45,某人特别会营销人设踩踩别人随便洗白一下自己，怎么这么多人支持啊,1
2025/4/1 17:46,小米股价跌了[流泪],0
2025/4/1 17:47,到目前为止，智驾的技术不是绝对安全的，有可能成功一万次，可一次失败就会丢了性命。,0
2025/4/1 17:47,如果是特斯拉不敢想象评论区会怎样,0
2025/4/1 17:47,雷大善人造手机都造不好，车你们就更别提了,1
2025/4/1 17:48,油车不也有爆炸燃烧的么？？？,0
2025/4/1 17:48,不懂还在这里科普什么呢？,1
2025/4/1 17:49,不是说用的防弹材料吗？,0
2025/4/1 17:49,如果车内人员晕倒了，外面的救援人员也去抠内饰板下方的把手吗？,0
2025/4/1 17:49,米猴这个群体的底线，没有最低，只有更低,1
2025/4/1 17:50,给了一秒钟的接管时间，只能怪驾驶员不是闪电侠,0
2025/4/1 17:50,??????  ??????,0
2025/4/1 17:51,方向盘都不握，肯定分心干别的事了，太相信智驾了,0
2025/4/1 17:51,需要证明97km/h的速度撞击后，到烧灭的一个小时里，车内人员曾清醒且有开门的能力，才可以谴责车门锁死导致了人员死亡吧，不然换啥车都是这结果，但烧成这样了，也挺难证明的。等警方信息吧,0
2025/4/1 17:51,这群体太可怕了,1
2025/4/1 17:51,他可以设备碰撞和热量计量设备，只要有这现象就自动开锁。,0
2025/4/1 17:52,有意思的事去年问界那事三个出事的全是男的，小米这次出事的三个全是女的，这评论风向真的天差地别，也是厉害了，小米你迟早反噬,1
2025/4/1 17:53,猾伪智驾大赛前三名都重伤躺医院，武汉副会长弟弟当场死了，追尾公交车车门打不开,1
2025/4/1 17:53,说得好像你反应能跟上一样,1
2025/4/1 17:53,给一秒钟人员反应时间,0
2025/4/1 17:54,还得是雷总，公开透明[赞],0
2025/4/1 17:54,先不说电车打不开门把手 [尬笑]这么开油车也挺危险的吧,0
2025/4/1 17:54,意思是，必须有种，看着撞,1
2025/4/1 17:55,我连自己都不相信，她们竟然选择相信智驾[捂脸] 以后就再也没有以后了[感谢],0
2025/4/1 17:55,224424   224425   224426，接管给你2秒钟接管吗，而且最重要的是智驾的事吗，是车门打不开,1
2025/4/1 17:56,家境优越[感谢][感谢]在校都能开苏7[感谢][感谢],0
2025/4/1 17:56,事故认定报告出了？别嘲笑米猴们了，你们这些黑子不比他们强,1
2025/4/1 17:56,中国有小米这种车企是一种悲哀,1
2025/4/1 17:56,只要辱骂华为一切都会好起来 评论配图,1
2025/4/1 17:57,问个问题，油车撞了，人晕在车里，车门是锁的，外面的人能打开车门吗？,0
2025/4/1 17:57,猴子真牛逼，建议尊重逝者,1
2025/4/1 17:57,当然是“沉默震耳欲聋”啦,0
2025/4/1 17:57,那么谁告诉家属车门无法打开？,0
2025/4/1 17:58,撞成这样，没出气囊，车主还在拍视频，还能咋坑？,1
2025/4/1 17:59,调查也不是该小米主导，肯定逃避责任，人性天性,1
2025/4/1 17:59,朦胧中起码3秒才有意识，10秒以上才清醒，亲身体验[抠鼻],0
2025/4/1 18:00,友商开心。友商说：嘿。看你嘚瑟,1
2025/4/1 18:00,主要是人一下子撞晕了，各位啊，不是电车的问题，油车应该也一样,0
2025/4/1 18:00,问题来了 以后发生事故车企到底应该不应该慰问 我指的是所有车企,0
2025/4/1 18:00,说破天，也是电车省油！[机智][机智][机智],1
2025/4/1 18:00,"逝者安息??
等官方通告[泣不成声]",0
2025/4/1 18:00,建议把id放出来不要放过这种人，也不要自娱自乐。,1
2025/4/1 18:00,看这周的订单量就知道了，网上吵的人一般都不会买车,0
2025/4/1 18:01,雷军前段时间从楼上扔西瓜，不是说电池外壳保护很好吗,0
2025/4/1 18:01,真假？你这问的内容好像也没什么吧？,0
2025/4/1 18:01,以后都按表走挺好的，事故情况精准到分秒，希望友商跟进。,0
2025/4/1 18:02,有一说一，通报里说将在警方的协助下与家属取得联系，表述还是比较严谨的，其实和家属说的应该也不冲突吧？,0
2025/4/1 18:03,事故都已经三天了，还没联系家属，效率真低,1
2025/4/1 18:03,@非烦那凡: 逝者安息??????越是智能化的东西一但出现问题就越致命，大到车祸小到你在车里的一言一行，只要车企想，你在车里的一切活动都会被悄悄的记录下来。,0
2025/4/1 18:03,第三点，从人接管到出事只有 1-3 秒。也就是辅助驾驶出现了让驾驶员觉得非常危险的情况才去接管。人不接管一直让辅助驾驶继续运行 1-3 秒，不代表不会出事。 也就是说 现在就认为小米的辅助驾驶没有问题还为时过早。,0
2025/4/1 18:04,遥遥领先,0
2025/4/1 18:04,你这不是让大善人为难吗，不拉黑你才怪,1
2025/4/1 18:04,标题少了碰撞两个字都是无良媒体,1
2025/4/1 18:04,保险公司笑死了以后车祸死人都找车企，不找保险公司了,1
2025/4/1 18:04,不是，你这都能出来拍视频了。,1
2025/4/1 18:05,智驾只能相信华为,0
2025/4/1 18:05,这是全网不能说的企业，雷总对自家粉丝都拉黑，也是绝了，怪不得一天没发一条微博,1
2025/4/1 18:05,不管什么车，只要安全驾驶都不会出问题的。,0
2025/4/1 18:06,小米的粉丝也很无脑,1
2025/4/1 18:06,@雷军    坦诚面对，还原事实，真诚道歉，全面宣传小米汽车紧急情况应急措施。所有电动车都有一个缺点，就是一旦电路出问题，无法手动打开车门。,0
2025/4/1 18:06,放你的大屁。第三点是人能说出来的话吗？,1
2025/4/1 18:07,你为什么不去找路政，他们修路是主要原因,1
2025/4/1 18:07,小米难辞其咎,1
2025/4/1 18:08,又一个众泰而已，谈何世界级车企，除了一比一山寨保时捷，就是把手机行业里的跑分论营销复刻到车界速度论营销，可惜车终究不是手机，不是重启了就完事了,1
2025/4/1 18:08,转发微博,0
2025/4/1 18:08,这个为什么没有上热门啊？,0
2025/4/1 18:09,米氏恐怖拉开了帷幕,1
2025/4/1 18:09,是驾驶的问题，怎么跟车企挂上了,0
2025/4/1 18:09,任何牌子车都??事故，不要因为他是小米就放大化,0
2025/4/1 18:10,激光雷达，夜晚一定要有激光雷达,0
2025/4/1 18:10,试问那款车没出过意外？第一时间抨击车企有点过早了，我个人也出过意外，说实话撞击的瞬间，安全气囊炸开，车内全是烟雾，加上当时人受惊吓和撞击，完全蒙圈了，幸好当时人没昏迷，及时刹住了，事后复盘，还是当时看手机没注意前方，速度快了一点点，后面开车我就特别小心了,0
2025/4/1 18:11,[发呆]单纯好奇，油车，高速上这么快的速度，正面撞击，门能不能打开？会不会起火？,0
2025/4/1 18:11,开智驾车，我看以后还是得自己装一个行车记录仪，视频实时上传个人网盘，有事故责任也好分。,0
2025/4/1 18:11,硬吹,1
2025/4/1 18:12,需要证明97km/h的速度撞击后，到烧灭的一个小时里，车内人员曾清醒且有开门的能力，才可以谴责车门锁死导致了人员死亡吧，不然换啥车都是这结果，但烧成这样了，也挺难证明的。等警方消息吧。,0
2025/4/1 18:12,标准版估计在黑夜 就大概50米才能发现有障碍物？一两秒钟就那个啥。我看过奥特能平台的电池，从三十几米的高空垂直降落，没有爆燃 他好像是跟小鹏一起做的实验，第三方的拿他们两个电子做实验，但是奥特能平台的电车只有别克 车技很很在合资里面还可以 但是没有6座的,0
2025/4/1 18:13,是你开车还是车开你？自己对自己不负责，盲目信赖智能辅助驾驶不是脑子有病？小学没读过尽信书，则不如无书,1
2025/4/1 18:14,这就说明了人家和车主联系，但是车不是车主在车主在开，人家根本直接联系不上开车的司机本人。,0
2025/4/1 18:14,以上这些都不是问题，关键问题是为什么撞了就起火,0
2025/4/1 18:14,@爱餈小熊饼干,0
2025/4/1 18:14,我只想问一下 他没在车里怎么知道的踩没踩刹车之类的啊？？,0
2025/4/1 18:14,为什么没有防撞自刹功能？,0
2025/4/1 18:15,关小米啥事？出事了不找保险公司找车企啊？没看懂呢,0
2025/4/1 18:15,华为也不见的有多好，以五十步笑百步,1
2025/4/1 18:16,牛逼，妈妈给女儿买了辆二十万车，上的是男朋友的名字,1
2025/4/1 18:16,发现好多人都没弄明白 智驾也不能眼睛不看路 手离开方向盘啊 这姑娘运气也不好 马上又遇到复杂路况 智驾在减速了 估计也慌了直接接管 这时候才去扶方向盘 如果没接管智驾还是能慢下来的,0
2025/4/1 18:16,有紧急拉手啊，要么人撞晕了要么不知道拉手在哪,1
2025/4/1 18:17,做个手机，系统都经常死机，自动驾驶能好到哪去,1
2025/4/1 18:18,人民企业家下令，让米黑陷入人民战争的汪洋大海吧！,1
2025/4/1 18:18,甩锅给博世的是哪个,1
2025/4/1 18:18,接管不接管都要出事，意思是怪人家出门不看黄历？#小米SU7高速碰撞爆燃事件细节#,1
2025/4/1 18:18,华为问界真的牛，之前刷到一个车主睡着了，醒来后直接到家门口了,0
2025/4/1 18:18,车主锁单在5月前,0
2025/4/1 18:19,我只问一个问题，任何一起车毁人亡的交通事故，都会立刻上热搜吗？,0
2025/4/1 18:19,出了这么严重的车祸，必须追究肇事者的刑事责任！,0
2025/4/1 18:20,我想问一下，开车上高速容易打瞌睡，除了红牛和东鹏特饮，还有什么可以提神[流泪]？假期想和朋友们自驾玩[流泪],0
2025/4/1 18:20,手机系统都做不好，还相信汽车智驾？,1
2025/4/1 18:21,是真的，真的拉黑了,0
2025/4/1 18:21,"我拿驾照6年了，总结出了几条铁律。
1.晚上不要开车（视野不好，容易出事故）
2.速度慢一点是可以救命的
3.眼睛直视前方，双手不要离开方向盘
4.搓车.变道.能让则让
靠着这几条铁律，本人开车从未出现过车祸。唯二两次出现剐蹭，均是在停车场[泪奔]走错道，和进来的车辆相遇，倒车，挂到别人的车，因为速度极其缓慢，都没有挂掉漆。
希望所有人开车注意安全，安全第一。",0
2025/4/1 18:21,真可惜啊#小米SU7高速碰撞爆燃事件细节#,0
2025/4/1 18:21,//@阿南PHOTO:整天摆拍视频 制造各种花絮来吸引年轻人  宣传速度是一种信仰 专门拿捏年轻人的喜好 控制和投资各路媒体宣传  这种“顶流” 翻车只是迟早的事情,1
2025/4/1 18:21,个人感觉，小米要付的责任是车门打不开的问题，如果真的打不开的话。智驾的问题，设计到的责任方很多。,0
2025/4/1 18:23,这种危机处理的方式比事故本身造成的影响严重得多,0
2025/4/1 18:23,等待后续,0
2025/4/1 18:23,蹲后续,0
2025/4/1 18:23,太惨了,0
2025/4/1 18:23,关注一下看看,0
2025/4/1 18:23,确实可惜,0
2025/4/1 18:23,太可惜了，愿大家出行都能平安,0
2025/4/1 18:23,看后续,0
2025/4/1 18:23,安息吧,0
2025/4/1 18:23,天呐,0
2025/4/1 18:23,看看后续怎么处理吧,0
2025/4/1 18:23,逝者安息,0
2025/4/1 18:23,好的，了解,0
2025/4/1 18:23,调查清楚吧,0
2025/4/1 18:23,等待官方结论吧。转发微博,0
2025/4/1 18:23,米粉已在路上,0
2025/4/1 18:23,太可惜！蹲个后续,0
2025/4/1 18:23,实在太可惜了,0
2025/4/1 18:23,太酷了,0
2025/4/1 18:24,理性讨论。。。大半夜在高速上开车看见事故，真的会有人停车去救援吗,0
2025/4/1 18:24,蹲后续,0
2025/4/1 18:24,愿大家都可以平安,0
2025/4/1 18:24,好可惜，还是女大学生,1
2025/4/1 18:24,为死去的三位女士赶到很惋惜,0
2025/4/1 18:24,注意安全,0
2025/4/1 18:24,安全第一吧，不要著急,0
2025/4/1 18:24,人不得撞傻了  门开着 都不会跑出来吧,1
2025/4/1 18:24,太可惜大家一定要注意安全,0
2025/4/1 18:24,太可惜了,0
2025/4/1 18:24,希望家人节哀,0
2025/4/1 18:24,可惜,0
2025/4/1 18:24,太可惜了蹲个后续,0
2025/4/1 18:24,等待后续,0
2025/4/1 18:24,走好,0
2025/4/1 18:24,坐等处理结果,0
2025/4/1 18:24,太遗憾了，真的很心痛,0
2025/4/1 18:24,一路走好??,0
2025/4/1 18:24,安息,0
2025/4/1 18:24,安全第一,0
2025/4/1 18:24,关注后续,0
2025/4/1 18:24,节哀顺变,0
2025/4/1 18:24,持续关注后面发展,0
2025/4/1 18:24,等着看官方消息,0
2025/4/1 18:24,不会吧,0
2025/4/1 18:24,令人感到惋惜呀,0
2025/4/1 18:24,车速慢一点啊…逝者安息,0
2025/4/1 18:24,希望悲剧不再上演,0
2025/4/1 18:24,希望好好处理,0
2025/4/1 18:24,死的太惨了????,1
2025/4/1 18:24,就问一下，油车会爆燃吗，这么多年反正我没见过[捂脸],0
2025/4/1 18:24,太可惜了！,0
2025/4/1 18:24,节哀……????????,0
2025/4/1 18:24,逝者安息,0
2025/4/1 18:24,看后续,0
2025/4/1 18:25,关注后续,0
2025/4/1 18:25,感到晚惜,0
2025/4/1 18:25,逝者安息,0
2025/4/1 18:25,确实是很可惜哦,0
2025/4/1 18:25,小米用的什么电池,0
2025/4/1 18:25,惋惜了,0
2025/4/1 18:25,不要再发生了,0
2025/4/1 18:25,他就不该限制家属和删家属的视频,1
2025/4/1 18:25,期待后续真相。,0
2025/4/1 18:25,令人惋惜啊,0
2025/4/1 18:25,逝者安息 就看后续咋解决,0
2025/4/1 18:25,家属节哀吧,0
2025/4/1 18:25,看看后续,0
2025/4/1 18:25,等着看看吧,0
2025/4/1 18:25,三条人命，十分痛惜????,0
2025/4/1 18:25,关注一下,0
2025/4/1 18:25,看后续处理,0
2025/4/1 18:25,等后续结果,0
2025/4/1 18:25,太可惜了哦,0
2025/4/1 18:25,默哀关注后续,0
2025/4/1 18:26,人有旦夕祸福,0
2025/4/1 18:26,逝者安息,0
2025/4/1 18:26,一路走好,0
2025/4/1 18:26,热搜爆了都，太惨烈了，哎,0
2025/4/1 18:26,还是要集中注意力开车，不要依赖智驾,0
2025/4/1 18:26,惋惜,0
2025/4/1 18:26,希望好好处理,0
2025/4/1 18:26,小米的龙晶 aeb 呢??，110 多都没触发,1
2025/4/1 18:26,开车还是要稳一点,0
2025/4/1 18:26,等后续,0
2025/4/1 18:26,属于这个群体的正常操作,1
2025/4/1 18:26,天呐，太可怕了。,0
2025/4/1 18:26,逝者安息吧,0
2025/4/1 18:26,自曝太快了 即便车门打不开,1
2025/4/1 18:26,逝者安息吧！,0
2025/4/1 18:26,生命无常,0
2025/4/1 18:26,就看小米公关的能力强不强了,0
2025/4/1 18:26,坐等后续,0
2025/4/1 18:26,现在就看雷总咋处理了,0
2025/4/1 18:26,真是太可惜了,0
2025/4/1 18:27,太可惜了,0
2025/4/1 18:27,妥善处理，把影像降到最低,0
2025/4/1 18:27,心痛,0
2025/4/1 18:27,非常惋惜,0
2025/4/1 18:27,看看官方通报,0
2025/4/1 18:27,可惜,0
2025/4/1 18:27,公平公正真实的查证,0
2025/4/1 18:27,太难了啊，就这样没了,0
2025/4/1 18:27,等最后结果吧,0
2025/4/1 18:27,家属节哀。,0
2025/4/1 18:27,逝者安息,0
2025/4/1 18:27,这波压力给到了小米哦,0
2025/4/1 18:28,非常惋惜,0
2025/4/1 18:28,就看小米怎么搞了,0
2025/4/1 18:28,关注一下,0
2025/4/1 18:28,只想知道刹车和门是什么情况,0
2025/4/1 18:28,不吹也不黑，那家车企没有事故？一股脑的怪在车上肯定不妥！肯定都有责任，车企只要能说明事故原因，对自身存在的原因负责我觉得就没有问题。只能说是枪打出头鸟，怪只能怪小米太火了,0
2025/4/1 18:28,关注了,0
2025/4/1 18:28,分析的很清晰！[赞][赞][赞],0
2025/4/1 18:29,很可惜,0
2025/4/1 18:29,为逝去的人感到惋惜,0
2025/4/1 18:29,逝者安息,0
2025/4/1 18:29,惋惜,0
2025/4/1 18:29,开车的不会踩刹车吗？谁能确定车门打不开还是出了车祸人已经没法打开车门了？如果是驾驶人的问题，是不是驾驶人家要赔偿乘坐人家属？,1
2025/4/1 18:29,卫生巾上了不下三次热搜，天才少女天天热搜，现在出了事，一直在删热搜,1
2025/4/1 18:29,真的挺惋惜的,0
2025/4/1 18:30,笑死了，才发现你说的那个呐喊的大彬,0
2025/4/1 18:30,碰撞前一秒退出智驾 然后撇清关系 都是用户的责任 小米一点责任都不愿意承担是这样吗,1
2025/4/1 18:30,国家都说智驾不行，车企也说是智能辅助驾驶，为啥还有人会相信这个东西能够完全相信呢,0
2025/4/1 18:30,不要把生命交个电子系统[捂脸],0
2025/4/1 18:30,看看后续吧，不过真吓人三个年轻的生命啊,0
2025/4/1 18:30,就看后续处理结果吧,0
2025/4/1 18:30,很惋惜,0
2025/4/1 18:31,安全气馕；你屁事没有我弹个毛线，给你省了大几千。 雷军；有的车主出车祸了，第一时间不是打保险公司电话，而是先在网上骂你一顿,1
2025/4/1 18:31,可惜,0
2025/4/1 18:31,太可惜了,0
2025/4/1 18:31,愿逝者安息,0
2025/4/1 18:31,辅助驾驶！！辅助！！辅助！！！手必须握着方向盘！眼睛必须看着前方！以备危险情况发生还能及时应对！！不是自动驾驶！！,0
2025/4/1 18:31,逝者安息,0
2025/4/1 18:32,妥善处理一下,0
2025/4/1 18:32,好关注,0
2025/4/1 18:32,好好处理吧,0
2025/4/1 18:32,关注一下,0
2025/4/1 18:32,90的速度撞上不管啥车基本都是晕的,0
2025/4/1 18:32,三位太惋惜了,0
2025/4/1 18:32,你智商堪忧，蹭流量的样子真让人讨厌,1
2025/4/1 18:32,关注,0
2025/4/1 18:32,图片评论,0
2025/4/1 18:33,另外有人说车门是锁死的，有人说是晕过去了。谁说的才是对的，坐等处理结果叭。不予评论,0
2025/4/1 18:33,太恐怖了,0
2025/4/1 18:33,很可惜,0
2025/4/1 18:33,太可惜了啊,0
2025/4/1 18:33,车门控制一定要简单安全 不能靠电,0
2025/4/1 18:33,确定不是因为车上有其他易燃物导致的爆燃，以至于车门打不开。之前也是个小米汽车主，都摔到几十米的悬崖下，车都摔报废了，也没见车子爆燃，车门也自动打开了。,0
2025/4/1 18:33,可惜,0
2025/4/1 18:33,非常可惜呀,0
2025/4/1 18:33,这也太突然了,0
2025/4/1 18:33,妥善处理吧,0
2025/4/1 18:33,关注,0
2025/4/1 18:34,可惜,0
2025/4/1 18:34,太惋惜了,0
2025/4/1 18:34,真是生命无常,0
2025/4/1 18:34,很可惜,0
2025/4/1 18:34,安全第一,0
2025/4/1 18:34,米粉太多，很多人不敢评论。不要轻易用智驾，尤其是高速上，不只针对小米。,0
2025/4/1 18:34,实在可惜,0
2025/4/1 18:34,什么原因造成的,0
2025/4/1 18:34,要好好处理了,0
2025/4/1 18:34,写错字，是感到，不是赶到。,0
2025/4/1 18:34,太惨了,0
2025/4/1 18:34,处理好这件事,0
2025/4/1 18:35,希望能妥善处理,0
2025/4/1 18:35,好可怕,0
2025/4/1 18:35,等一个后续,0
2025/4/1 18:35,事故什么原因造成调查好,0
2025/4/1 18:36,看看后续怎样,0
2025/4/1 18:36,97Km的时速。abc柱竟然只是轻微变形,0
2025/4/1 18:36,我一个十年老司机，每次开辅助驾驶都是控制100码以内，这三个女的，借了别人的车玩智驾，大晚上狂飙116码。,1
2025/4/1 18:36,应该还在调查阶段吧，等待调查结果,0
2025/4/1 18:36,妥善处理一下,0
2025/4/1 18:36,我替官方解释一下。说明你撞击的方式不对。肯定是你的问题。,1
2025/4/1 18:37,出车祸不怪驾驶员怪车？车子是刹车失灵了还是失控了？,0
2025/4/1 18:37,节哀，建议考虑尽快委托专业人士介入提供帮助，还逝者和家属一个真相??????,0
2025/4/1 18:37,真的很惋惜,0
2025/4/1 18:37,这人蹭流量无敌了,1
2025/4/1 18:37,大热搜了,0
2025/4/1 18:37,等待处理结果,0
2025/4/1 18:37,只能说那是真狂热粉,0
2025/4/1 18:37,太可惜了,0
2025/4/1 18:37,大众id3还是两段式门把手，用力拉，第二段是机械打开。只能说有些东西还是老车企想的多,0
2025/4/1 18:38,三个女娃应该在车上有说有笑的，然后不好好开车，出了车祸，怪人家车子，那应该怪一下修马路，还有修路变道的围栏,1
2025/4/1 18:38,太惋惜了,0
2025/4/1 18:38,智架交接其实是最危险的,0
2025/4/1 18:38,你以为神仙阿   这是人类   再过一千年可能会有,0
2025/4/1 18:39,说白了就是开车的当时慌了,0
2025/4/1 18:39,事故涉及的小米SU7标准版搭载的是73.6kWh的磷酸铁锂动力电池，该版本自2024年6月起采用双供应商体系，由比亚迪和宁德时代分别供货。不过，事故车辆的具体电池供应商（比亚迪或宁德时代）在目前公开的信息中尚未明确披露。小米汽车客服及官方回应仅确认事故车辆为标准版，但未进一步说明电池来源的细节。此外，小米汽车内部人士提到，标准版未配备电芯倒置技术，可能影响电池在极端情况下的安全性能。事故发生后，小米已成立专项工作组配合调查，后续调查结果或可能披露更多技术细节，包括电池供应商信息。,0
2025/4/1 18:39,28分分心报警，36分脱手紧抱，44分才接管，这中间是睡着了么，是疲劳驾驶打瞌睡了么,1
2025/4/1 18:40,大学生，是不是先考虑驾照考几年了，要是平时不怎么开车，按说都不应该上高速的，毕竟电车如果出了重大事故，是有可能车辆会自燃，其他品牌车辆也是有这种情况的，等调查结果吧，逝者安息，无意冒犯,0
2025/4/1 18:40,开高速，手长时间离开方向盘，noa 多次提醒，司机的责任才最大吧,0
2025/4/1 18:40,自从华为被美国制裁之后，有一些力量确实一直想扶持小米在中国当某种样板,0
2025/4/1 18:41,愿逝者安息,0
2025/4/1 18:41,无论开油车或电车，大家都要小心驾驶，安全第一,0
2025/4/1 18:41,开车完全交给智能，感觉不靠谱，哪怕在智能安全还是自己开靠谱些,0
2025/4/1 18:41,这边评论区还正常点，小米那边都是一群宗教信徒,1
2025/4/1 18:41,电池包倒置技术？,0
2025/4/1 18:42,天王老子来了也是电车省事,1
2025/4/1 18:42,垃圾小米,1
2025/4/1 18:42,不敢买电车，相比智能化，毕竟命更重要。,0
2025/4/1 18:43,等下号都要没了,1
2025/4/1 18:43,23在这个速度纯属放屁，人在一瞬间失去意识根本开不了门，主要就是1为什么没有主动刹停。,1
2025/4/1 18:43,这就是必要时才动作遥遥领先,0
2025/4/1 18:43,妆容有待改进,0
2025/4/1 18:43,太可惜了,0
2025/4/1 18:44,愿逝者安息,0
2025/4/1 18:44,我高速上连天窗都不敢开，怕影响驾驶，你们去开辅助是真的一点都不怕嘛，我感觉把命交给自己手里才是最安全的,0
2025/4/1 18:45,人血馒头真好吃,1
2025/4/1 18:46,太可惜了,0
2025/4/1 18:46,太痛心了，三个年轻的生命，可想而知她们当时有多绝望，希望广大车友们，不管您开什么车，自己双手双脚操作最为保险，瞌睡了就休息，心情不好就停车调整。智驾总归是智驾，智驾也有缺陷，更何况人走路也有摔倒的时候，所以希望广大车友尊重自己的生命安全。,0
2025/4/1 18:46,主要是提示晚了，才2秒。要立即最大力度刹车才可能刹住，按照时速116也就64米，而语音提示用时间可能就超过两秒了。车机讲话有障碍肯定要1到2秒时间的，  如果车主经验丰富也许不打方向撞路障可能会减少伤亡,0
2025/4/1 18:46,安全第一啊,0
2025/4/1 18:46,这公告是在警方指导下，以及允许下写的。不能说的就是警方还没允许回应。或者就是还没调查出来或者调查完毕。需要时间。,0
2025/4/1 18:47,安全是最重要的,0
2025/4/1 18:48,电车就是没油车抗撞,0
2025/4/1 18:48,最后一点技术革新讲的好[赞],0
2025/4/1 18:48,重要的车门为什么打不开,0
2025/4/1 18:48,车有没有问题需要等鉴定结果，但是夜晚驾车，交给智驾，非老司机且时速高达近120，这本身就不安全。,0
2025/4/1 18:48,家属说根本就没有联系,0
2025/4/1 18:48,太惋惜了,0
2025/4/1 18:49,真可惜,0
2025/4/1 18:49,法律规定高速手不在方向盘上直接按照危险驾驶处理吧,0
2025/4/1 18:49,脑子不好还是耳朵不好,1
2025/4/1 18:50,信谁都不如信自己，开车这玩意，白天视线好我都不信电脑，何况晚上视线这么不好的时候呢,0
2025/4/1 18:50,小米成了质量差的代名词,1
2025/4/1 18:50,一些人精神分裂，在市区178时速撞了，车主没死说好车，这个97时速撞了起火了死人了，说车主车技,1
2025/4/1 18:50,分心警报 脱手警报辅助驾驶这东西咋能完全相信 我的天,0
2025/4/1 18:50,平时宣扬速度就是信仰的雷教主 米粉规规矩矩高速跑110就嫌快了,1
2025/4/1 18:51,看会不会被封号，封了基本是说中了……,1
2025/4/1 18:51,我连定速巡航都不用[捂脸]，自己把着放心,0
2025/4/1 18:51,愿逝者安息吧,0
2025/4/1 18:52,一群跟风??罢了，只能说雷军很会营销，把这群没脑子的都收归门下了,1
2025/4/1 18:52,为什么大晚上的要开这么快？况且还是小米 还是电车,1
2025/4/1 18:52,出行还是安全第一，尤其是跑高速，愿逝者安息[感谢],0
2025/4/1 18:52,这是自己选的偶像,0
2025/4/1 18:53,受害的只有受害者而已,1
2025/4/1 18:53,小米股价要掉到35元,0
2025/4/1 18:54,所有的电车都不敢保证这个速度都没事吧 大晚上不自己开车 交给辅助驾驶 是死者为大 另外两个女孩才是最倒霉的,1
2025/4/1 18:54,完全不谈驾驶员的责任,1
2025/4/1 18:54,出于人的本能出现事故之后，首先想到的就是摸那个门把手想办法逃生，有人说碰撞之后晕了，都是瞎扯淡，紧急时刻每个人都有逃生欲望，碰撞之后肯定会想办法逃生，不会等着汽车爆炸或者自燃，10年前我开个五菱宏光。高速130撞车了，我能够打开车门逃出来。虽然躺了一个月。现在回想起来不幸中的万幸,0
2025/4/1 18:54,哥，你是清醒的，讲到点子上了,0
2025/4/1 18:55,新手不适合开电动车，更不能用智驾。,1
2025/4/1 18:55,不太会开车还敢开高速，还大晚上，挺牛的,1
2025/4/1 18:55,首富雷总需要你作出明确的贡献。,0
2025/4/1 18:55,方向盘只有在自己手上才是最安全的,0
2025/4/1 18:56,都说大嘴吹牛逼。现在还觉得大嘴吹牛逼不。,1
2025/4/1 18:56,高德地图会提前几百米提醒你，前方有施工。小米导航多久开始预警很关键,0
2025/4/1 18:56,智驾报警太晚了,0
2025/4/1 18:56,一个不成熟的企业，做了不成熟的产品，卖给了不成熟的人，愿逝者安息[祈祷][祈祷][祈祷],1
2025/4/1 18:57,万幸人没事,0
2025/4/1 18:57,一秒，命交给自己但是只有一秒反应时间！依赖智驾这个东西会害死很多人！,1
2025/4/1 18:57,驾驶员有啥责任，首先车碰撞了就不应该起火。,1
2025/4/1 18:57,用智驾开80就好了嘛 为什么要开到116呢 如果出什么你也根本来不及反应啊用人驾开到116一个不注意也会出事了 更何况是智驾,0
2025/4/1 18:58,对这车不太了解，不要当汽车博主来这蹭流量了,1
2025/4/1 18:58,你是不是有病啊？人家是在高速上高速快120迈不是很正常。,1
2025/4/1 18:58,没激光雷达不可能提前判断，，，,0
2025/4/1 18:58,我们学车都是从212桑塔纳捷达夏利这些基础车型学起，手动挡没有助力，要眼观六路耳听八方贼眉鼠眼，练出来的是开车的灵性。后来换自动挡，逐渐有了定速巡航 自适应巡航 辅助驾驶 自动泊车等，确实在一定条件下能够起到作用。但驾驭车辆的终究是开车的人自己，希望大家卷的同时，回归车辆安全驾驶的本真。。,0
2025/4/1 19:00,除了用过移动泊车外，我是不敢在高速上用智驾的！,0
2025/4/1 19:00,这么快的撞击，人还能清醒吗？电池遇到外力极易起火，不然保费怎么会这么高呢！,0
2025/4/1 19:00,自动泊车,0
2025/4/1 19:00,米吹的牛逼思维，出的大事故不应该去质疑厂家,1
2025/4/1 19:00,我开车开了20年，谁家的智驾我都不信,0
2025/4/1 19:00,首先愿逝者安息，97/KM/H的速度撞墙水泥护栏，即使有安全气囊，也不敢100%保证车内人员不会因为冲击而昏厥。死者为大，但是也需要理性客观的看待这起事故。也相信雷总会妥善处理这起事故。科技带来的是便利，我一直在想一个问题，如果控制系统的云服务器挂了，这些智能辅助系统会怎么处理？,0
2025/4/1 19:01,这个为什么没上热门啊？是不是,0
2025/4/1 19:02,撞得不够狠,1
2025/4/1 19:02,咱也不是说小米不行，咱就实事求是说，这也只是我个人的观点，小米他不管他出这个汽车做了多少努力，弄了多少铺垫，用了多少年，但是他跟一些老车企，像什么丰田，本田，比亚迪这些肯定会有差距。就如同我家用的全是小米智能家居一样，但是它跟格力，美的这些老牌子老厂家比起来就有很大的差距。实不相瞒，我家装了4个空调，两个不制冷，三个故障，维修售后工人，一个夏天来了四五次，结果等夏天走了还没有弄好，可能小米折打的就是个性价比，它便宜嘛，既然你想拥有他的性价比的价格，你就得承受他的一些不足。,0
2025/4/1 19:03,这是什么逻辑，出个车祸都要讹一回车企吗？按闹分配？,1
2025/4/1 19:03,其他的我都不关心 三个女孩子被活活烧死 好心痛,0
2025/4/1 19:03,如果真的是汽车原因造成的悲剧，那真的会给小米在内的新能源车笼罩一层阴霾,0
2025/4/1 19:03,微博上难得还能有篇客观分析情况的文章，给观网赞了。,0
2025/4/1 19:04,哈哈哈，比亚迪躺枪，真是怎么也要拉一个垫背的，真是能扯。你车企没有自己的供应商标准？,1
2025/4/1 19:04,驾驶车辆，永远不要相信任何智能驾驶，安全一定要在自己手中掌握！！！,0
2025/4/1 19:04,米粉攻击米粉老传统了,1
2025/4/1 19:04,逝者安息,0
2025/4/1 19:05,撞成这样车门全是打不开的,0
2025/4/1 19:06,手机，电脑这么小的玩意都会死机黑屏，有的人居然敢把命交给智驾,1
2025/4/1 19:07,现在只能叫智能辅助驾驶，很多司机觉得是自动驾驶了，在不成熟的情况下应该禁止使用该项功能,0
2025/4/1 19:08,小米什么都做，质量确实一般,1
2025/4/1 19:08,雷总有发文吗,0
2025/4/1 19:09,现在默认电车起火是正常现象了吗？包容度太高了吧,1
2025/4/1 19:11,评论区好恐怖,0
2025/4/1 19:12,应该是撞晕了 而不是门打不开导致的,0
2025/4/1 19:14,你这也不成立啊，人撞晕了或者当场已经没了她用她灵魂开？人家小米汽车从山上滚下来的时候一家人也活着的，门也能打开这是为什么呢？所以只能说特殊情况下发生了大家都不愿意看到的事，具体只能等调查结果,1
2025/4/1 19:14,一般的老司机是绝对不会把自己的安全交给电脑的。,0
2025/4/1 19:14,车门锁死不管是油车还是电车都一样的，如果电瓶坏了都会锁死！！,0
2025/4/1 19:15,感觉描述不符合逻辑，电车如果失火，一瞬间火很大，哪有时间救人？后排女孩被救，说明瞬间没有大范围失火。,0
2025/4/1 19:16,专门给她买的，还买了最低配，激光雷达都没有，晚上纯视觉开智驾很容易出事的,1
2025/4/1 19:17,最好还是把现场救援的视频发出来，没有的话，也让说车门打不开参与救援的人都去做个证，带上律师，固定好证据，这样才能真的帮到你们。收集好证据，起诉小米汽车设计有问题，导致开不了门或者其他的问题，这样才能帮到你们，不然就像之前断轴的车主一样，前后两套说辞，到最后还是自己出钱修车。,0
2025/4/1 19:18,不信谣，不传谣，不造谣，出现了事故就等官方的通告，妄加揣测，煽动舆论，也是不好的行为,0
2025/4/1 19:18,2.5s左右？视频是什么车,0
2025/4/1 19:19,米粉到底都是些什么人……,1
2025/4/1 19:19,十多年的司机都不敢夜里开高速,0
2025/4/1 19:20,人不是死的，需要有点判断力，ai永远代替不了人类,0
2025/4/1 19:20,我不懂，怎么敢让智驾开110多的速度,0
2025/4/1 19:20,智驾相当于把自己的命交给了机器，还真是放心,0
2025/4/1 19:20,就是啊，这一看就是车的问题啊，不知道还要调查啥,0
2025/4/1 19:20,速度是一种信仰,0
2025/4/1 19:22,这个网友评论可参考。,0
2025/4/1 19:22,智驾个鬼，。。那是驾驶辅助,1
2025/4/1 19:22,系安全带了么？,0
2025/4/1 19:22,如果是司机自己的驾驶责任呢？我觉得还是等官方调查结论出来您再发言比较好，您这明显有暗示嫌疑啊,0
2025/4/1 19:23,小米公司的水军厉害,1
2025/4/1 19:24,有没有可能车身失控？不知道官方鉴定会怎么说,0
2025/4/1 19:24,里面有机械开关，打不开是不存在的，你要说不会用机械开关还差不多，打不开纯属扯淡！,1
2025/4/1 19:24,阅读理解不及格,0
2025/4/1 19:24,晚上智驾100? 本来就很脑残 而且你也不看看这辆小米是哪款,1
2025/4/1 19:25,我白天都不敢 我自己操控都不敢开100?会心慌慌,0
2025/4/1 19:25,错了，mi火就火在极端粉上，没有宗教粉就不会有现在的小米,1
2025/4/1 19:25,别蹭流量了,1
2025/4/1 19:26,米粉在死者母亲微博下，攻击死者母亲，呵呵！,1
2025/4/1 19:27,开始甩锅智驾了,1
2025/4/1 19:27,分析全面逻辑清晰,0
2025/4/1 19:27,人家说有什么错，,0
2025/4/1 19:27,出事故不应该找保险公司吗,0
2025/4/1 19:27,只能说开车后要注意安全，任何车都有风险，愿大家平安[感谢],0
2025/4/1 19:27,你爆了小米都不会爆,1
2025/4/1 19:28,太可怕了,0
2025/4/1 19:28,确实，出了事应该先找保险公司...不过具体还得看调查结果啦,0
2025/4/1 19:28,你觉得呢,0
2025/4/1 19:28,出事故就找厂家吗？什么逻辑,1
2025/4/1 19:29,这车没有激光雷达啊！也能智家？年轻人太相信科技了，哎！悲剧啊！,1
2025/4/1 19:29,@小丁现在想摆烂,0
2025/4/1 19:29,这刹车这么灵活,0
2025/4/1 19:29,不要购买不成熟车企的车子,1
2025/4/1 19:29,还能拍视频，说明不弹气囊是可以的,0
2025/4/1 19:29,网上那么多视频你没看过吗？,1
2025/4/1 19:30,我最佩服的就是小米车主，小米没有任何造车经验还敢买，牛[赞][赞][赞],1
2025/4/1 19:30,智驾就不可能跟这么近,0
2025/4/1 19:30,那波水军攻击死者家属太过分了……,0
2025/4/1 19:30,怎么拉黑，找半天没找到。,0
2025/4/1 19:30,卖车的时候是智驾，出问题的时候是智能辅助驾驶。,1
2025/4/1 19:31,逝者安息,0
2025/4/1 19:33,逝者安息[感谢][感谢][感谢],0
2025/4/1 19:33,开法拉利也撞车呀，没听出让法拉利总裁出来说说问题的,0
2025/4/1 19:33,她如果不接管 是不是就不会撞?还是说因为要撞了，不得不接管，这个要搞清楚。电池在这个速度撞击就爆燃，给我们敲响警钟。,0
2025/4/1 19:34,不管买啥车，技术要扎实，平安到家更重要,0
2025/4/1 19:34,个人觉得有一半自然原因，当然也得排查造车技术的可行性。需要证明97km/h的速度撞击后，到烧灭的一个小时里，车内人员曾清醒且有开门的能力，才可以谴责车门锁死导致了人员死亡吧，不然换啥车都是这结果，但烧成这样了，也挺难证明的。等警方消息吧。,0
2025/4/1 19:35,烧的那时候疼不疼啊,1
2025/4/1 19:35,你有病吧,1
2025/4/1 19:36,又是夜间又是施工路段，叠加车厂的脑残隐藏式门把手（部分车连车内也是电动开门按钮），叠加车厂的过度宣传（智驾、电池安全），基本就是把生命交给死神啦。,1
2025/4/1 19:36,放屁。。就这样就敢说辅助驾驶没问题，垃圾,1
2025/4/1 19:37,我都是车少的时候偶尔智驾一会儿，眼睛也更正常开车时候一样盯着前方 脚随时都在刹车那里 辅助驾驶 不是啥也不管不顾！！！突发状况往往都是一瞬间 自己注意安全驾驶 对自己负责也是是对家人和他人负责！,0
2025/4/1 19:37,"电芯是供应商的,封装,电控自己搞的,那小米要自己担责的.",0
2025/4/1 19:37,瑶瑶领先，湾到超车，……,1
2025/4/1 19:37,"为啥之前特斯拉高速上撞桩, 导致前空翻的故事, 车主能自己爬出来? 特斯拉标续也是磷酸铁锂电池.",0
2025/4/1 19:38,当初M7他们可没这么理性,1
2025/4/1 19:38,马上要开始直播带货了,0
2025/4/1 19:38,流量起来了吗,0
2025/4/1 19:38,博主，麻烦问下L2是辅助驾驶能这么先进吗？,0
2025/4/1 19:39,首富的粉在向大家证明车没问题的，极力主动证明是人的问题，那么问题是车主也是首富的粉，，他们实际证明了首富的粉有问题，也就是证明了他们自己粉丝的问题，自证两碗粉，用这么多米粉的牺牲，到底是首富伟大还是首富的粉伟大。死者为大！生命最大，希望首富处理好生命和金钱的关系,1
2025/4/1 19:39,29好的事情，今天才被爆出来,0
2025/4/1 19:39,一切以官方为准，一些人就不要带节奏了。,0
2025/4/1 19:39,完全是施工方的责任哎，太倒霉了,0
2025/4/1 19:40,之前某届也是一秒前退出了驾驶。,0
2025/4/1 19:40,雷总想做零差评汽车，可惜这次没带走车主,1
2025/4/1 19:41,车门打不开这一条，真的无法直接了当下定论，被撞后可能人都晕了，或者没晕打不开，谁也无法去定论车门能不能打开这个定论，说目击者，撞击后就起火了，应该没有外人去拉过车门吧？需要确认一下！,0
2025/4/1 19:41,现在不知道是撞击发生就已死还是烧死？警察怎么可能说活活烧死？还未尸检，你怎么马上判断活活烧死？逝者安息，但大家应等官方！,0
2025/4/1 19:42,节哀??????,0
2025/4/1 19:42,智驾时一旦遇到复杂路况，驾驶者需自主或在系统提示后，迅速接管车辆并做出反应，这样才能减少意外发生，复杂路况本就危险，生命只有一次，请大家谨慎驾驶，珍惜生命,0
2025/4/1 19:42,我买车开车求稳，保守。车库一次进不去，就挪10次，马路上都是智驾车了我就买。上高速能坐老司机的车尽量不自己开车，开车很累的，超过30公里就想睡觉了，所以安全第一,0
2025/4/1 19:42,又是蹭流量的 拉黑,1
2025/4/1 19:43,一点事没有,0
2025/4/1 19:43,2秒的智驾才发现，有个毛线的智驾，要是华为ADS早就减速并启动AEB了,1
2025/4/1 19:43,问界当初起火的时候一片骂声到了小米这里反了稀奇。,1
2025/4/1 19:43,搞得好像很较真的专业，其实一点也不专业。1.你这个90+的速度直接碰撞，谁家的电池都吃不消。2.你当然要蹲个后续，事故结论是严肃的，哪有那么快出来。3.是标准版，没有激光雷达。我认为现阶段无激光雷达的智驾是无法应对在高速公路上高速改逆向车道的能力的。,1
2025/4/1 19:43,它们主子是雷军 评论配图,1
2025/4/1 19:44,1、驾驶员心太大没有激光雷达的车辆也敢夜间高速智驾，2、厂家心也大，这种明显不适合这个车型开启高速智驾条件确允许开启功能使用。,0
2025/4/1 19:44,社会中的人对某一新事物的认知，就像一个一层一层的同心圆，中间的人认知最准确，而越向外层认知越模糊，这个事物越新，同心圆中心的人越少，外侧认知模糊的人越多，企业在宣传时，越保守越可以让同心圆最外侧的人安全使用，但会让同心圆内的高认知用户无法感知产品的能力边界。,0
2025/4/1 19:44,刚才男方说是准备结婚男方给女生买的，到底哪个是真的,0
2025/4/1 19:44,嗯,0
2025/4/1 19:44,这是智驾？这不是定速巡航吗，转弯又不会？,1
2025/4/1 19:44,是的,0
2025/4/1 19:45,嗯,0
2025/4/1 19:45,这是一点不懂，标准版没智驾，就和油车ACC一样的辅助驾驶，压根做不到你说的那些观察,0
2025/4/1 19:45,嗯呐,0
2025/4/1 19:45,以前我一直不敢买汽油车，在等柴油车的普及！ 没想到等来了锂电池车？，,0
2025/4/1 19:45,哎,0
2025/4/1 19:45,雷总来评论一下！,0
2025/4/1 19:45,杀人利器,1
2025/4/1 19:46,嗯,0
2025/4/1 19:46,是的,0
2025/4/1 19:46,还没处理,0
2025/4/1 19:46,没撞到安全气囊的开关,0
2025/4/1 19:46,回复@亮堂堂的時候:,0
2025/4/1 19:46,挺厉害，我前两天拐弯，被一个超速直行奔驰撞了右车屁股，奔驰一个车灯掉了，损毁严重，我车外面看就和普通剐蹭一样，结果里面右侧座椅气囊以及气帘全弹开了小米学学吧，别整天营销了,1
2025/4/1 19:47,嗯,0
2025/4/1 19:47,智驾不是自动驾驶，城区熟路大数据给你学熟了，速度不快，可能还能开开，高速实在太危险了,0
2025/4/1 19:47,是的,0
2025/4/1 19:47,没有激光雷达为何允许夜间使用智驾？,0
2025/4/1 19:47,回复@奋斗在路上111a:嗯,0
2025/4/1 19:48,出车祸就要车企负责吗，大众，本田，丰田，别克，BBA.都这样吗,1
2025/4/1 19:48,智驾只是辅助驾驶 ，千万别全托管了。另外半夜开高速，不熟悉路段慢点。自己的车，应急开关 自己应该要清楚。[感谢],0
2025/4/1 19:48,贵的电池车：智驾、电池起火、开不了锁，活活烧死,1
2025/4/1 19:48,嗯,0
2025/4/1 19:48,天呐！可惜[感谢][感谢][感谢]明天和意外不知那个先来，抖音上的男士，女士们，开车定要小心驾驶呀！一看，二慢，三通过，安全第一位[抱拳][抱拳],0
2025/4/1 19:48,是的,0
2025/4/1 19:48,车门打不开是怎么下结论的97车速撞击人大概率是晕了，爆燃路人敢不敢靠近开门救助？所以到底是里面的人开不了门出不来还是外面有人靠近试图开门开不了,0
2025/4/1 19:49,嗯,0
2025/4/1 19:49,97码的速度撞上水泥柱，当时车内的人应该估计都没有能力打开车门了，所以说不要过多相信所谓的智能驾驶，方向盘一定要掌在自己的手上，,0
2025/4/1 19:49,跟网上爆出来的照片开车的女孩长得挺像的，应该就是她家人,1
2025/4/1 19:49,然后智驾怪余承东怪华为,1
2025/4/1 19:49,不管系统有没有提示接管，责任都在驾驶员，这都不懂都敢聊车,1
2025/4/1 19:49,还得是律师，理性客观的分析问题。[赞][比心],0
2025/4/1 19:50,人命关天，等调查结果吧,0
2025/4/1 19:50,这男的长得好丑，好猥琐,1
2025/4/1 19:50,116的速度什么概念！,0
2025/4/1 19:51,好像小米四个座位都有机械把手打开的,0
2025/4/1 19:51,肯定是睡着了，对自己不负责。,1
2025/4/1 19:51,营销手机和汽车真不一样,0
2025/4/1 19:51,@万能的大熊,0
2025/4/1 19:51,你问问高速施工标志设施做的好吗？ 车门打不开，还是司乘没试图打开车门的 小米noa不是智驾，是辅助驾驶,0
2025/4/1 19:51,这他妈还美颜瘦脸？,1
2025/4/1 19:51,逝者安息[玫瑰],0
2025/4/1 19:51,撞成这样了，你还挺好，还在拍视频，我看挺安全,1
2025/4/1 19:52,不短。因为L2的辅助驾驶就是要求驾驶员全程监控并且随时接管。这不代表辅助驾驶提示你接管你才能接管，你作为驾驶主负责人，在发现异样的时候就应该接管了。,0
2025/4/1 19:52,等官方结果吧,0
2025/4/1 19:54,关于车门锁死，我建议车企研究一下，以后车辆电池爆燃四个车门就要自动打开,0
2025/4/1 19:54,愿逝者安息,0
2025/4/1 19:54,早听她母亲的话坐高铁去就没事了，太相信智驾了，大半夜老司机开都累,0
2025/4/1 19:54,su7,0
2025/4/1 19:55,广告都打上了！,1
2025/4/1 19:55,炒作博眼球无下限的无良媒体和那些张嘴就来带节奏的杂碎应该回告诉家属小米又不是警察，联系他干嘛？调查事故原因是警方的事，不管是家属还是小米现在要做的是配合警方调查，查清楚事故原因，等事故原因出来了才能知道是谁的责任，难道想要来个未审先判，微博升堂？？,1
2025/4/1 19:55,我劝你删了,1
2025/4/1 19:55,20年老司机从来不智驾,1
2025/4/1 19:55,自动驾驶只能当辅助作用，完全不能作为依赖，自动驾驶是靠卫星定位锁定的，万一有磁场变化呢？何况卫星有时候也不准，天气预报不就是卫星判断的吗？有时候也不准，所以只能当做辅助我们驾驶作用，不能当做智能驾驶使用，要为自己和为他人生命负责,0
2025/4/1 19:56,驾驶员都没有认真驾驶，正常来说不管开不开这个noa人都是要注意路况的，结果都等到车机提醒了才手动接入，难不成他开车不看路吗，而且高速期间手还离开方向盘，疯了吧,1
2025/4/1 19:56,这个速度，任何车来了，都不好使。如果是不打方向撞水桶上，估计还有一线生机，…偏偏打了方向撞到防护栏石桩上，…神仙都难救，哎，只能说，很多人大概都没有这种高速上的应急反应能力，尤其如果是新手的话，那就更不好说了。…,0
2025/4/1 19:57,家属如何得知车门无法打开,0
2025/4/1 19:57,24s提示，26s都撞上去了，神能反应过来？这提示有用？,1
2025/4/1 19:57,我觉着这博主挺二逼的，有没有同感，我不是啥米粉，从来没买过小米的产品,1
2025/4/1 19:57,垃圾营销号，第一，车锁死是被撞导致锁死。第二，没车有智驾，从来都是辅助驾驶。第三，施工突然改道，你当机器是神仙能预测吗？第四，爆燃是因为速度太高，动能过大，油车都会爆，电池更会。你就是什么都不懂，瞎扯淡,1
2025/4/1 19:57,当达到一定的速度以及在突发情况下，可能就零点几秒的时间就发生事故了，在极短时间下不管人的反应还是多少智能得电脑都是不可能完全安全规避掉的,0
2025/4/1 19:57,车企躲着不见面？关车企什么事找保险定责就可以，保险就能赔付你满足的钱。小米为什么要躲着不见面？就那点钱人小米会缺！,1
2025/4/1 19:57,只能说车祸猛于虎，安全驾驶很重要，注意力不集中，开车严禁疲劳驾驶，安全第一你我他。,0
2025/4/1 19:57,爆燃只能是三元锂，磷酸铁锂电池不会爆燃。,0
2025/4/1 19:57,应该禁止车企开放半吊子的智驾！这样的智驾最害人！,0
2025/4/1 19:57,嗯,0
2025/4/1 19:58,是的,0
2025/4/1 19:58,嗯,0
2025/4/1 19:58,嗯呐,0
2025/4/1 19:58,还是买油车吧，不带花里胡哨的功能就不会用，不用就安全点,0
2025/4/1 19:58,这个男朋友就是在找替罪羊罢了,1
2025/4/1 19:58,买电车，送火化体验,1
2025/4/1 19:59,……,0
2025/4/1 19:59,自己开车不注意安全，买保时捷就要弹出来？,1
2025/4/1 19:59,原装正品小米车主,0
2025/4/1 19:59,谁能告诉我电车的好处、现在总想买电车。,0
2025/4/1 20:00,可能我老了，也胆小，晚上在高速我连定速巡航都不敢开，必须自己脚踩油门才放心……,0
2025/4/1 20:00,关键是车门为啥打不开了,0
2025/4/1 20:00,语无伦次的,1
2025/4/1 20:00,我就问一句，为什么门把手打不开,0
2025/4/1 20:00,怕气囊爆炸时声音太大惊着你了。,1
2025/4/1 20:00,要理赔找保险，这个事故在没有爆出来警察就已经说系方面责任事故，家属还要慰问，小米站那个角度给你慰问，现在买车还带慰问吗？,1
2025/4/1 20:01,你小心法务,1
2025/4/1 20:01,一切以官方消息为准。个人推测或者半中途的消息都不能采信。,0
2025/4/1 20:01,那我还开不开[看],0
2025/4/1 20:02,为什么车门碰撞后要锁死，电动车碰撞后很容易着火，车门，车玻璃应该能打开才对,0
2025/4/1 20:02,电车不可买,1
2025/4/1 20:02,一个个喜欢相信自动驾驶，电车最容易起火的，你看林志颖现在敢开电车吗？,1
2025/4/1 20:03,托梦,0
2025/4/1 20:03,典型的避重就轻，你家车90多迈就能爆燃烧死，你还考虑是谁驾驶的问题？,1
2025/4/1 20:03,不懂就问哈:如果手动接管后，紧握方向盘，方向不要左右打（我看在25.26秒时，方向先左再右），猛踩刹车行不行,0
2025/4/1 20:03,这位律师讲的非常好，主要问题是一定要看车门能不能打开。,0
2025/4/1 20:05,说了一大堆没用的,1
2025/4/1 20:05,什么叫noa被接管？,0
2025/4/1 20:05,还没有,0
2025/4/1 20:06,三个大学生,0
2025/4/1 20:07,转发微博,0
2025/4/1 20:07,首先愿逝者安息[感谢][感谢]，就事论事这车快不快不知道，但前防撞了都撞到防火墙了，右前轮悬挂都撞没了，右侧重梁完全溃缩，左前悬挂部分也完全变形，可见这冲击力是不一般啊，要有发动机估计发动机也得撞飞了。,0
2025/4/1 20:08,看了下评论，果然微博什么人都有，粪池子,1
2025/4/1 20:08,不要借人家车，也不要把自己的车借别人，不是自己的车不熟悉，容易出车祸,0
2025/4/1 20:08,20年老司机只有在大晴天路况较好的情况才会开启定速巡航模式，并且始终是脚搭在制动踏板上，他们是怎么敢的且还是大晚上，悲哀啊,1
2025/4/1 20:08,挺乐观的车主,0
2025/4/1 20:09,敢紧转一下吧，一会又被公关了,1
2025/4/1 20:10,其实这个跟小米真没多大关系啊，车速过高撞到的时候车门估计都变形拉不开了，这个是哪种车都无法避免的事情,0
2025/4/1 20:11,今日我等若冷眼旁观，他日祸临己身，则无人为我摇旗呐喊！！,0
2025/4/1 20:11,我正准备6月份买车，正在油车和电车徘徊之中，求各位大神指点一下呗,0
2025/4/1 20:11,这种速度撞上去，谁敢保证不起火的？,0
2025/4/1 20:11,换谁在高速上，猛打方向也秒撞护栏啊！没毛病！,0
2025/4/1 20:12,图片评论,0
2025/4/1 20:12,并不是最严重的事故，春节自贡那个走的人更多,1
2025/4/1 20:12,转发微博,0
2025/4/1 20:12,能见度很高,0
2025/4/1 20:13,我老婆最近一直闹着要把三年的油车换成小米su7，我直接把视频转发给她，她还没有回复我[呲牙],0
2025/4/1 20:13,我就一个问题，是任何一场这类的交通事故，都需要车企发个声明是吗？,0
2025/4/1 20:14,不管油车还是电车，100公里撞下来基本上是重伤，昏迷，死亡率基本是80%,0
2025/4/1 20:14,现在是车主认为车有问题？那是什么问题？车门打不开所以造成重大伤亡？感觉还是等结果好一点。毕竟高速夜晚行车，不好判断。,0
2025/4/1 20:14,之前宣传开车可以吃早饭，可以睡觉，把驾驶交给智驾的才是最坏的。,1
2025/4/1 20:15,回复@凌寒_cool:因为第三个女孩是被人砸车窗救出来后，送医院没救过来，如果车门一拉就能打开就没必要砸车窗这么麻烦了是不是？ 评论配图,0
2025/4/1 20:15,调查不需要时间？？？？,1
2025/4/1 20:15,专家千方百计只想发财钱，不顾百姓安全，越不好用说得越高级,1
2025/4/1 20:15,很多人连车的基本功能都搞不清楚就敢用智能辅助系统开车，然后挂了就找车企的,1
2025/4/1 20:15,等待调查，不要盲目猜测发视频,0
2025/4/1 20:16,没烧死人不错了,1
2025/4/1 20:16,逝者安息,0
2025/4/1 20:16,水军已经发动了,1
2025/4/1 20:16,话糙理不糙网友：我爱说大实话,0
2025/4/1 20:16,科技以人为本,0
2025/4/1 20:17,生命是自己的，必须要有敬畏之心等待安全。,0
2025/4/1 20:19,返程,0
2025/4/1 20:19,事故率是真的高的不知道是不是驾驶群体的问题,1
2025/4/1 20:20,就是想吃流量呗,1
2025/4/1 20:21,你还活着就应该感恩了,1
2025/4/1 20:22,雷军给你说的电芯倒置就不会烧了？,1
2025/4/1 20:24,节哀,0
2025/4/1 20:24,我想问一下，开车上高速容易打瞌睡，除了红牛和东鹏特饮，还有什么可以提神[流泪]。我 鼻焱全愈后，假期想和朋友们自驾玩[流泪],0
2025/4/1 20:24,诸位看官信了吗？不过确实每项功能都应该在彻底熟悉后才使用！汽车毕竟是涉及安全的，它不是耳机，打印机之类的电器你可以无限试错！,0
2025/4/1 20:26,以前说特斯拉怎么怎么不好  现在又小米了  去鉴定一下是不是刹车失灵,1
2025/4/1 20:27,你们黑他们的geigei，人家粉丝当然要维护了。geigei可是清纯人呢,1
2025/4/1 20:27,史上最牛逼支架[看],0
2025/4/1 20:28,这三点跟事故毫无关联， 这是在误导和引导广大群众对女孩司机“不认真开车或开车不看路”等行为的认为，小米这个发布倾向性很明显，误导大家认为是女孩的全部责任,1
2025/4/1 20:28,所以技术不成熟 就算成熟了也是辅助驾驶 还得靠自己,0
2025/4/1 20:28,现在电动车的技术根本就不成熟，我现在越来越相信贾跃亭说的话了,1
2025/4/1 20:28,主要还是驾驶员的问题，生死有命富贵在天，死神看上了谁也跑不了,1
2025/4/1 20:28,希望小米车主和小米车主同归于尽 不要祸害其他人,1
2025/4/1 20:29,智驾是技术的进步，但还是觉得安全第一，方向盘就应该感应手，不能完全依赖于智能,0
2025/4/1 20:30,本人海狗，我也觉得小米产品的用户不冤。,1
2025/4/1 20:31,没人说说路障到底设置的合不合理，一般需要闪灯牌吧,0
2025/4/1 20:33,@creaoll,0
2025/4/1 20:33,在没有发布初步调查前发起排山倒海的舆论，终究是小米扛下了所有，所有的辅助驾驶再怎么宣传智能、遥遥领先、强的飞起都不能代替人，开车还是得驾驶员注意力集中才行。,0
2025/4/1 20:33,也就是说碰撞前两秒，才把车辆交给车主，这也太极限了,0
2025/4/1 20:33,真是了不得，小米背后必有阴暗面,1
2025/4/1 20:33,三天后才见热度，山西运城那个事也是压不住了才爆出来,1
2025/4/1 20:33,够硬啊没着火算走运了,0
2025/4/1 20:34,明显su7啊,1
2025/4/1 20:34,车速那么快，给不了多少预警时间吧,0
2025/4/1 20:35,比亚迪刀骗电池,1
2025/4/1 20:35,电动门起火都断电了，怎么可能打的开,1
2025/4/1 20:35,还是挺安全的，都撞成这样了你还可以拍视频,0
2025/4/1 20:36,这个妈妈挺理智的.而且也没有引导舆论.节哀[感谢],0
2025/4/1 20:36,道路千万条，安全第一条。,0
2025/4/1 20:37,我有三十多年驾龄，别说智驾我连定速巡航都不用。,0
2025/4/1 20:37,智驾技术才刚刚开始，就像智能手机那样，现在都有卡住失控的时候，关乎驾驶真的要谨慎不要光看车企铺天盖地的广告了,0
2025/4/1 20:37,最近怎么刷到好多人  买小米的车     车速170？？？  这都是干嘛呢,0
2025/4/1 20:38,还能拍视频，说明很安全啊，没必要弹出来,1
2025/4/1 20:38,句句在理，揭露到了深水区！个人能力在资本面前不值一提，很快就会被资本以及很多汽车博主、宣传号等的各种秀、各种吹捧、各种刷圈所淹没,1
2025/4/1 20:40,不是家人了,1
2025/4/1 20:41,这个事情暴露出一个问题，小米的智驾系统无法应付这种情况，那别家的智驾系统是否有可以应付这种情况的？如果有，我考虑购买能处理这种情况的智驾车,0
2025/4/1 20:41,无论买什么车，不管车里是什么高配低配中配我是买了安全锤和水滴灭火器就不会出问题，在高级的车也要买，安全第一。,0
2025/4/1 20:41,网络黑社会，真不是盖的，你看今天多少热搜刚一出来就灭了,1
2025/4/1 20:42,比亚迪，开始全车系智驾呢！,0
2025/4/1 20:42,这就是他们的企业文化,0
2025/4/1 20:43,储物盒前方有应急的机械开关 只能说明撞击后车内人员已经无行为能力了,0
2025/4/1 20:43,转发微博,0
2025/4/1 20:43,你觉得要撞死了才不坑么…,1
2025/4/1 20:43,你真是个大聪明,1
2025/4/1 20:43,南方都市报一如既往的标题党,1
2025/4/1 20:44,拿驾照16年，拿完就买了车，基本天天开，但是我直到现在没开过夜车，我实在不觉得有多着急的事情需要我连夜出发,0
2025/4/1 20:44,小电池在车头右边，时速94刚好撞车头右边，这个速度撞应该瞬间断电了，跟问界m7那次前车的大梁顶到小电池一样，只有极氪把小电池放车中间这种才能解决了,0
2025/4/1 20:44,这么好看的小姐姐，破防了啊我。本来甲亢哥装疯卖傻这套这么吃得开只是暗自感叹世风日下也就算了…,1
2025/4/1 20:44,他们会说撞击角度和速度不对,0
2025/4/1 20:45,小米的车出了这么大的事故，居然好几天了才爆出来。有点不可思议,1
2025/4/1 20:45,理性,0
2025/4/1 20:45,自己看没看明白。撞的不是前方障碍物。撞的是旁边的路障。就说明不是没有反应时间，而是接管以后下打方向盘直接撞在旁边了。,1
2025/4/1 20:45,别的车你腿都没了，你考虑过么，你还这拍视频呢，要不你换遥遥领先吧，安全也遥遥领先,1
2025/4/1 20:45,评论区看到的，这算水军吗？,0
2025/4/1 20:45,雷军：米粉护驾！,0
2025/4/1 20:45,路上有些人开车真该死，有些人老天就是要收他,1
2025/4/1 20:46,你这大冤种开电车就看谁命大了,1
2025/4/1 20:46,起号了,0
2025/4/1 20:47,无良无德无耻的三无群体。//@强抢:这群体太可怕了,1
2025/4/1 20:47,这是智驾版本还是最便宜那个,0
2025/4/1 20:47,像不像当初的特斯拉[九转大肠],0
2025/4/1 20:47,天都黑了，别用智能驾驶哇,0
2025/4/1 20:47,这个车不行以为它是万能的,0
2025/4/1 20:48,这车的AEB当摆设的吗，哪怕紧急制动一次说不定都能保命。,0
2025/4/1 20:48,晚上更要注意安全……唉,0
2025/4/1 20:48,以后谁开车肇事，直接找车厂，都不用路政，保险公司了进口车撞了也直接出国去海外工厂门口拉横幅去,1
2025/4/1 20:48,这个时速撞上去，不论油电，人都没必要出来了,1
2025/4/1 20:49,AEB确实有局限性，得看车速和障碍物... 主动安全再强也靠不住，还是专心开车最重要,0
2025/4/1 20:49,还汽车博主，乱带么。明明是自动退出,1
2025/4/1 20:50,宁王电池,0
2025/4/1 20:50,强调没有激光雷达，没有激光上什么智驾，不是找板子抽，是一辆车就敢搞智驾，不要脸还是不要命,1
2025/4/1 20:50,不要迷信智驾！请认认真真开车！,0
2025/4/1 20:50,烧掉的那台，说是没有激光雷达。那么问题来了，没有激光雷达可以启动智驾，这不就是设计缺陷？在国外可以赔一个亿也不奇怪！到这里就不得而知了。记住，你们对任何事物的好奇心都会有可能成为代价。。。一顿舆论过后，你只是代价，你的家人什么也得不到。,1
2025/4/1 20:50,网络黑社会，听说过吗？营销费用投资大量的自媒体，网络打手一帮一帮的,1
2025/4/1 20:50,我觉得还是机械门靠谱，电动门真的安全系数不太行的感觉,0
2025/4/1 20:50,没出来才证明安全。 出来了你差不多了,1
2025/4/1 20:51,没错啊，出事全网帮维权，帮小米维权,1
2025/4/1 20:51,再好的智驾，都不如自驾[捂脸],0
2025/4/1 20:51,油车我都从不用巡航,0
2025/4/1 20:52,这次我支持雷总   97KM/H的撞击   AB柱没有变形，我不是米粉   但是这个强度很良心,0
2025/4/1 20:53,今天朋友圈看到，车是老公买给老婆的,0
2025/4/1 20:53,我自己也有油车也有电车，但是我从来都没有开过定速巡航以及智驾，有1说1，我只相信自己，虽然我技术也菜，但是我不会把自己交给机车，我身边也有开智驾然后双手离方向盘玩手机的（还发朋友圈秀），反正我是不明白的（我谁都看站队哈。也别杠 杠就是你们对）,0
2025/4/1 20:54,这不很正常嘛，林子大了啥鸟都有，警方还没公布结果呢都是瞎叭叭,1
2025/4/1 20:54,开车慢点，不可以酒驾，不可以飙车，注意安全，慢慢开。安全第一[赞],0
2025/4/1 20:54,有可能警察到了地点车就已经烧的差不多了。警察的意思估计是烧完或者大火的过程中无法打开车门。而不是营救的过程中。 因为她也讲了，有个女的被营救出来，救护车上去世的。,0
2025/4/1 20:54,考编？车主 女友，他们叫什么名字？！,1
2025/4/1 20:54,逆天玩意想吃人血馒头就直接点 不要一本正经胡说八道,1
2025/4/1 20:54,不会被洗脑磷酸铁锂不烧吧,0
2025/4/1 20:55,不提电池着火，也不提车门是否锁死，反正之前每一秒的用户数据都成功上传，现在小米的态度还是在危机营销。,1
2025/4/1 20:55,我不是米粉，但是我觉得你这样问很恶心，你要你所谓的真相和细节可以去咨询警方，在这里阴阳怪气吃人血馒头，其心可诛！,1
2025/4/1 20:55,给智能驾驶汽车提个醒，当汽车处于智能驾驶状态时，其最大行驶速度，应小于探测路况的距离内将汽车刹停的速度。如果智能驾驶将汽车控制权交出时，其安全距离已低于人的反应所能处理的距离时，就己经在实际上促成了事故的发生。,0
2025/4/1 20:55,这个？好家伙！jun本人操作的？也说不定手下员工在维护账号。没准一会你这个帖子也没了。,1
2025/4/1 20:55,如果调查报告证明有人造谣，造谣者应该绳之以法。//@啊哈一口气就上到五楼:这男朋友说的有板有眼的，搞得就像当时在车上一样，女朋友死了能理解你的伤痛，但未经调查这么带节奏，我觉得挺没意思，别最后又反转打脸啊,0
2025/4/1 20:55,买小米的不值得可怜啊自己的命自己做主，我命由我不由天啊。,1
2025/4/1 20:57,小米火起来了，太火了，然后现在开始有人想把他往下拉,1
2025/4/1 20:57,碰撞后车窗打不开，谁告诉你的？死人吗？,1
2025/4/1 20:57,米粉的命不值钱,1
2025/4/1 20:58,下次记得买大众,0
2025/4/1 20:58,未经他人苦，莫劝他人善,0
2025/4/1 20:59,25秒人工介入，并刹车，26秒才撞上啊，跟智驾什么事,0
2025/4/1 20:59,所以不管哪家的，车还是手机，别入戏，你把人家当家人，人家可不认你。,1
2025/4/1 20:59,逝者安息。警醒年轻人开车不要那么冲动，安全第一[感谢][感谢][感谢][感谢]。,0
2025/4/1 20:59,很中肯，司机才是第一责任人，驾驶权怎么能交给一个机器！智驾无论如何发展，如果出问题它还能更新提高，你却再也没机会看到这个世界啦！,0
2025/4/1 21:00,这车主就离谱，谁说的踩不了刹车，托梦告诉他的吗？,1
2025/4/1 21:00,说明他真让人下头,1
2025/4/1 21:00,撞成这样了，你人都没事还能拍视频，非要安全气囊给你炸一下？,1
2025/4/1 21:00,您真是宝藏,0
2025/4/1 21:00,其他车不烧？不死人的吗？ 这么多狗咬着雷军不放,1
2025/4/1 21:00,博主说得很在理，评论区很多人破防,1
2025/4/1 21:01,对面企业给了多少钱 给这个男朋友啊 能不能带带我们一起赚钱,1
2025/4/1 21:01,《雷军太老实》,1
2025/4/1 21:01,转发微博,0
2025/4/1 21:02,小米的媒体舆论控制能力让人不寒而栗！！！！,1
2025/4/1 21:02,调查出来怎么样就怎么样，责任是谁谁赔钱呗是小米的责任就赔钱道歉，不是就告这个人造谣赔偿,0
2025/4/1 21:02,小米做的已经很好了，该提醒，该警告，该联系，打120都做的很好,0
2025/4/1 21:02,真正的老司机相信，只有方向盘掌握在自己手里，刹车在自己脚下，才是最踏实的。。。,0
2025/4/1 21:03,电池高速撞击爆燃本来就是业内目前无法解决的问题，再符合国标该燃也得燃啊，那可是 97 的速度撞击水泥墩任何产品的设计都有个安全系数，你要超过安全系数太多，就算天王老子来了，也得出事,0
2025/4/1 21:03,雷总，不要速度与激情。上市不到一年，出了多少事故，多少家庭破碎。安全是最大的豪华！！！,1
2025/4/1 21:04,都是贴牌货,1
2025/4/1 21:04,迷信营销不如潜心打磨产品,0
2025/4/1 21:06,你他妈的剩下一秒钟怎么操作？,1
2025/4/1 21:06,智能辅助‘辅助’,0
2025/4/1 21:06,高速修路，为什么不在1公里外设置提醒？,0
2025/4/1 21:06,好奇你之前是怎么被拉黑的？,1
2025/4/1 21:06,小米捂嘴能力一流，氵菌多的一p,1
2025/4/1 21:07,速度是一种信仰啊,0
2025/4/1 21:07,智能辅助驾驶，很多人把辅助去了，全当智能驾驶,0
2025/4/1 21:08,还是学生开车很不安全,0
2025/4/1 21:08,三天才上热搜，而且上午还在一直压，下午才算彻底在微博爆出来,0
2025/4/1 21:08,雷军被称为不群是有道理的，这么多企业家骂他也是有道理的,1
2025/4/1 21:08,特斯拉是安全,0
2025/4/1 21:09,妈妈出来说明就行了，需要都出面说一遍吗？,0
2025/4/1 21:09,下次一定,0
2025/4/1 21:09,？？？真的假的。我不信。。。,0
2025/4/1 21:09,这就有点对不上了,0
2025/4/1 21:10,买车，安全性能最重要,0
2025/4/1 21:11,车都有几率会出事故，一般都找保险公司，找车企的少。,0
2025/4/1 21:11,不理解，为什么要小米给回复。这个事情不应该1.车主和车辆驾驶人联系保险和自筹进行赔偿。2.认为车辆有问题，应该反应相关部门进行处理。小米应该配合有关部门提供相关信息，由相关部门进行信息公布。很不理解有关媒体乱带节奏,0
2025/4/1 21:11,不够忠诚是吧 老总能亲自给“普通用户”道歉不能回应事故?,1
2025/4/1 21:11,百公里每小时换算成2妙是多少米小便知道吗,0
2025/4/1 21:12,你自己才是自己安全的唯一负责人！！！！！！不管啥车上路都收安全第一！宁等三分不抢一秒！！！,0
2025/4/1 21:12,经常跟你说车门打不开人是活活烧死的？,1
2025/4/1 21:14,雷不群，雨田君,0
2025/4/1 21:14,不敢就对了,1
2025/4/1 21:14,米??的神级理解,0
2025/4/1 21:15,都不敢公开微博就在这摸黑,1
2025/4/1 21:16,外国人为什么没有搞新能源,0
2025/4/1 21:16,帮转，视频先下载了,0
2025/4/1 21:16,你还能说话说明安全气囊没必要开,1
2025/4/1 21:16,发现障碍物和碰撞相差 2s，是人接管的问题？,0
2025/4/1 21:17,首先这个是她男朋友车，她能开几次，上高速你自己眼睛要一直看着的，就和自己开车一样，你全指望车子是不可能的，因为我也高速开智驾m9，手不能离开方向盘，脚得在刹车上，随时做好接手准备的，我这种电车都不敢外借，麻烦,0
2025/4/1 21:17,谁骂了？,0
2025/4/1 21:17,只听爱听的,0
2025/4/1 21:18,没事你们继续买吧，别在意这些,0
2025/4/1 21:18,你先了解一下粮食品牌的車，路试做没做够，再谈驾驶员……,1
2025/4/1 21:19,人的问题,0
2025/4/1 21:20,外孙女,0
2025/4/1 21:20,这种智驾是否接管的数据得第三方公布，车厂自己公布能信吗？,0
2025/4/1 21:20,只是把M7事件HIGO的言论复制了一遍而已,0
2025/4/1 21:21,太棒了！,0
2025/4/1 21:22,这些丧命的小米车主都会去找雷不群的,1
2025/4/1 21:22,安全驾驶最重要啦，老司机们千万记住哦,0
2025/4/1 21:23,纯路人，司机开车确实存在问题。电池起火在我看来很合理，电车都这个鬼样。就看看是车门说没打开是什么情况了。等警方调查结果看看,1
2025/4/1 21:23,去年就不说了,0
2025/4/1 21:23,怎么不挖孔了,0
2025/4/1 21:23,发这种吃饭贴的有人性么,1
2025/4/1 21:24,米粉应该感谢花粉帮忙维权，花粉应该感谢米粉帮忙维权,0
2025/4/1 21:25,警方不公布了，你让他公布什么？,1
2025/4/1 21:25,就现在而言，智驾出现的种种事故，最主要的是在智驾法规法律都很不完善的情况下，允许智驾这么轻易上路，出现任何情况都是一种必然，我觉得标准太低，代价很大,0
2025/4/1 21:25,好家伙,0
2025/4/1 21:26,蹭流量而已,1
2025/4/1 21:26,避重就轻，重点是着火，难道是智驾吗？,1
2025/4/1 21:26,车主害了三个人，三个不常开车的人,1
2025/4/1 21:26,咋了，人家不能拉黑你？这个时候你出来说其他事情？人家知道你是谁？人家会看你是多少年粉丝？整得你是小米总裁一样。,1
2025/4/1 21:27,记者不能再招文科生啦,1
2025/4/1 21:27,宣传误导是一回事，使用者还是要对自己的生命负责，对未知保持敬畏之心。任何科技都不能保证100%的安全性。,0
2025/4/1 21:27,作为一个21年驾龄的职业司机，我觉得无论车辆多么高端智能，我的安全始终只相信自己的手脚。,0
2025/4/1 21:27,老司机敢不敢开智驾[呲牙][呲牙][呲牙][呲牙][呲牙]报个到 我不敢,0
2025/4/1 21:27,小米汽车的供应链质量有很大问题，从小商品能看得出来,1
2025/4/1 21:27,18年的司机，说实话，我连定速巡航都不敢开，不知道有没有笑话的[捂脸],0
2025/4/1 21:28,大学生，新手，高速，夜里，开智驾，施工路，怪谁？,0
2025/4/1 21:28,你是人吗,1
2025/4/1 21:28,不能因为没弄明白的事就定人家罪不要多管闲事,0
2025/4/1 21:28,你骑雅迪摔一跤，你要不要找雅迪厂家啊,1
2025/4/1 21:29,不是车主知道机械开门嘛？,0
2025/4/1 21:29,你这不是没事么,1
2025/4/1 21:31,你不挺安全的吗？,0
2025/4/1 21:31,但凡岀事后就怀疑过车子，怀疑过路，怀疑过天气，唯独没怀疑过自已………,1
2025/4/1 21:31,米黑都是原来的米粉转变过来的，看清楚某人的嘴脸自然会厌恶这个企业，谨慎购买小米产品吧，我就一句话，小米产品出问题，没人会帮你说话维权，只会有一堆米猴来喷你，维护小米公司，宗教狂信徒是这样的。,1
2025/4/1 21:32,之前多装逼啊   现在开始装死了,1
2025/4/1 21:32,火车高铁应该可以弄个智能驾驶，因为他们的路线是固定的，在轨道上跑，汽车在路上跑，车水马龙的，智能驾驶不现实安全隐患太大，还是用自己的双手双脚双眼掌握生命方向好些，汽车门把手开关，最好还是造机械好一些，隐藏式的，感应式的，智能的还是不太好，安全第一，不能为了美观，毕竟这个东西跟性命相关，上次网上报了一个就是隐藏式的门把手，去救援都无从下手[感谢][感谢][感谢][感谢][感谢],0
2025/4/1 21:33,97码，油车有没有生存的几率[感谢],0
2025/4/1 21:34,小米说的“标准版”应该是相对ultra版吧，应该包括了max高配版。,0
2025/4/1 21:34,电车的优点是什么？,0
2025/4/1 21:34,这要是华为比亚迪，晚上十点发生的事，十点半就被骂到热搜第一,1
2025/4/1 21:35,确实是，目前车子的第一安全责任人是司机。。但是很多商人过度宣传了。 而且，，，，，出了事故还删帖！！,1
2025/4/1 21:35,是条狗都想蹭热度,1
2025/4/1 21:35,"作为一个老司机给出绝对正确的答案：
1.司机接管后，先打方向盘22度，再踩刹车31度，这是高速公路开车的大忌，越是紧急情况，车速越快，不能先动方向盘，后踩刹车。只能是先踩刹车！后动方向盘！！
2.智驾无错，它现在叫辅助驾驶，不叫无人驾驶。",0
2025/4/1 21:35,还在洗哎哎怪不得,1
2025/4/1 21:37,把自己的生命交给AI，这种行为最傻了，对于路况的判断AI比你的眼睛还优秀吗？比如一个小坑、一个石头等，,1
2025/4/1 21:38,这叫有人接管？这难道不是没有及时识别人自救。这叫接管,1
2025/4/1 21:38,新手驾驶员晚上开一百20码，怪谁,1
2025/4/1 21:39,要理性客观。97码的速度撞上水泥隔离带 就算不起火 估计也很难平安,0
2025/4/1 21:40,你这个问题好像没啥 为什么拉黑？,0
2025/4/1 21:40,恭喜你买到真品了,0
2025/4/1 21:41,一直说的是辅助驾驶，主要还是要驾驶员操控的,0
2025/4/1 21:43,看过奥特能平台的电池测试，炸药炸，高空抛落，弯折变形都没事 //@小猫重装出击:搞得好像很较真的专业，其实一点也不专业。1.你这个90+的速度直接碰撞，谁家的电池都吃不消。2.你当然要蹲个后续，事故结论是严肃的，哪有那么快出来。3.是标准版，没有激光雷达。我认为现阶段无激光雷达的智驾是无法应对...全文,1
2025/4/1 21:43,米粉小白鼠??会买单,1
2025/4/1 21:44,可惜了，,0
2025/4/1 21:44,说的没毛病，非系统故障事故，为什么要给说法？,0
2025/4/1 21:46,节哀，,0
2025/4/1 21:46,你就是被你们奉为神的雨田君？！,1
2025/4/1 21:47,一切事故的发生都是分心驾驶，疲劳驾驶，还有车速过快，最后一个就去车辆故障……道路千万条，安全第一条，希望各位平安喜乐，安全第一,0
2025/4/1 21:48,刹车踩死，直直往水桶上装，很大几率能活，水桶首先不是个固定的，会分摊一部分动能,1
2025/4/1 21:48,不好意思，小米就是没有问界好,1
2025/4/1 21:48,拿资本家当偶像，资本家就是资本家说白了,1
2025/4/1 21:49,不能因为一件事就否定小米电车一系列，但是。。。。。。应该引起小米足够的重视，生命与安全第一，在这种基础上一定要改进更为安全的措施。生命没有重来，一定慎重。,0
2025/4/1 21:49,你挑的嘛偶像,0
2025/4/1 21:49,不懂就问一下，买车，是电车还是油车好，求推荐[比心],0
2025/4/1 21:50,接管了多长时间？,0
2025/4/1 21:50,@大黑川哥哥,0
2025/4/1 21:51,让子弹飞一会儿,0
2025/4/1 21:51,雷总也不回应米粉呀,0
2025/4/1 21:52,把自己的命交给智驾，只能说是自作自受。,1
2025/4/1 21:52,你不是好好的吗，挺安全的,0
2025/4/1 21:52,对死者表示哀悼、家属表示慰问，买了保险该赔赔。还原事实，以案为鉴，安全第一。,0
2025/4/1 21:53,小米第一部汽车是试验品吗？,0
2025/4/1 21:53,出车祸正常但是爆燃就不正常,0
2025/4/1 21:53,买电车都不准备破窗器的吗，牛逼,1
2025/4/1 21:53,上课的时候，不听老师讲课，但是要求学生百分之百回答问题？这样可能吗,0
2025/4/1 21:54,没一定驾驶经验依赖辅助驾驶是非常危险，特别是高速行驶。,0
2025/4/1 21:54,小米这次事故挺严重的啊，安徽这边4、5、6号通知停课停工放假了,0
2025/4/1 21:55,智驾和自动驾驶的区别在于前者人手还在方向盘上可以随时介入？,0
2025/4/1 21:56,唉……这些群体希望他们都是1450反串的。不然这真的…………,1
2025/4/1 21:56,当心被起诉要求赔偿,1
2025/4/1 21:56,车主问题很大，很明显故意讹诈小米，相信雷军就完事儿了,1
2025/4/1 21:56,@小米法务部,1
2025/4/1 21:56,这车是哪个型号的应该不是时代的电池吧,0
2025/4/1 21:56,有其他路过的车辆救援说的，门打不开，从后玻璃救援了一个人出来，120到了发现已经不行了,0
2025/4/1 21:57,人血馒头好吃吗,1
2025/4/1 21:57,告诉我买电车的理由,0
2025/4/1 21:57,放心车主要赔付了,0
2025/4/1 21:58,你不跑出来发视频了吗？还说不安全？,1
2025/4/1 21:58,我在练科三，朋友说不用考了，直接买智能的车，我说不，我要自己握紧方向盘,0
2025/4/1 21:58,车内空间没变化就没必要弹出来，这个撞击力度有安全带就行，再者，安全气囊弹出来给你一下，你就没心思拍视频了,0
2025/4/1 21:58,你看看司机的状态上啥热门！不缺胳膊不少腿也没有骨折活蹦乱跳拍摄视频,1
2025/4/1 21:59,13年理论上已经脱离屌丝层，有了独立的思考能力，想洗脑就不那么容易了，留着不能洗脑的成熟人干啥？,1
2025/4/1 21:59,就这事，我还是比较支持国家发展新能源车的。因为我没买新能源车,0
2025/4/1 21:59,想碰瓷人家车企的吧，谁高速驾驶不扶方向盘的，还是新手司机胆子也是挺大，对自己不负责任对别人的生命也不负责任。,1
2025/4/1 21:59,唰，大军来了,1
2025/4/1 22:01,过不了两天雷猴又要买热搜预热新车了,1
2025/4/1 22:01,最后录个视频现在图片能造假,0
2025/4/1 22:01,我可以接受女司机不会开车，可以接受自驾不会开车，但我不能接受，消费者自己买的车在撞击后居然会爆燃，这等于说连逃生的机会都不给。我个人认为，97码的速度撞上去是有生存几率的，就算是真被撞击致死，也绝不应该是被烧死,1
2025/4/1 22:01,嗯,0
2025/4/1 22:01,您真是宝藏,0
2025/4/1 22:01,一个电机一个电池，宣传纽北su7ultra圈速6分46秒去碰瓷保时捷奔驰百年造车车企，价值导向都不对，在这种科技自信的大背景下被一堆人鼓吹洗地真是讽刺。百年造车的油车的动力输出线性和电机可瞬间输出最大扭矩去偷换概念比较。奔驰法拉利造不出大马力的车？F1有多少技术。汽车是为了安全而不是搞营销。,1
2025/4/1 22:02,所以就是速度太快了,0
2025/4/1 22:03,下次一定,0
2025/4/1 22:03,除非小米自己员工人人开这个车，再考虑自己买吧，毕竟是宇宙第一豪车,1
2025/4/1 22:04,雷总中国人不骗中国人,1
2025/4/1 22:04,我连人都信不过 你让我把命交给AI[看],1
2025/4/1 22:05,避雷了,0
2025/4/1 22:05,撞了就爆燃，这才是这次致命的关键！！！其它都不是，这点大米公司完全没有提及！,1
2025/4/1 22:05,又是一个海狗老头,1
2025/4/1 22:05,这么惨,0
2025/4/1 22:05,不会开车就别开,1
2025/4/1 22:06,小米SU7,0
2025/4/1 22:06,转发微博,0
2025/4/1 22:06,还真没听说过，是什么不入流的品牌吗,1
2025/4/1 22:06,祝福了,0
2025/4/1 22:06,不用说是不是电动车，就是汽油车撞成这样，也会危及生命。驾驶技术，必须认真对待。我的孩子需要去哪里，我亲自驾驶。费用自理。不能把危险留给孩子。自己偷懒。,0
2025/4/1 22:07,晚上高速路，不开远光灯？,0
2025/4/1 22:07,官方的事故声明把自己的摘得干干净净,1
2025/4/1 22:07,今天炒菜不小心被油溅伤了 油厂现在都没找我联系,1
2025/4/1 22:08,不服蹦一下,1
2025/4/1 22:08,假的 那条评论还在,1
2025/4/1 22:08,16分钟之前就在预警，8分钟之前提醒手要握住方向盘，好家伙,0
2025/4/1 22:09,敢把命交给智能驾驶的也是高手,0
2025/4/1 22:09,简单概述就是:大学生，新手，高速，夜里，开智驾，施工路段，再加上小米的友商投Dou+,1
2025/4/1 22:09,[微笑]啊，还准备买，就刷到这个,0
2025/4/1 22:09,外甥女，博主是受害女子的舅妈,0
2025/4/1 22:11,我不知道是不是我属于老古董，我到现在一直认为汽车就应该是油车,0
2025/4/1 22:11,车门打不开？？定了吗？,0
2025/4/1 22:11,卖了20万台 ，很正常吧,0
2025/4/1 22:11,你明天来上班,0
2025/4/1 22:12,你还活着呢，气囊出来做什么？,1
2025/4/1 22:12,三天了，干嘛去了了,1
2025/4/1 22:12,你就扯淡吧，雷总还有空拉黑你，黑都不会黑,1
2025/4/1 22:12,他哪里是什么山寨货雷不丝，分明是正宗华山派雷不群,1
2025/4/1 22:12,不是哥们你就简单问一下被雷总拉黑了,1
2025/4/1 22:12,不管谁出错造成事故，不应该锁车门,0
2025/4/1 22:12,我连定速巡航都不开，更别说高等级的辅助驾驶了，先自己开溜了再说，现阶段不要相信所谓的智驾,0
2025/4/1 22:13,高速上面，定速巡航我都不敢用，硬生生开了500多公里,0
2025/4/1 22:13,？？自燃？,0
2025/4/1 22:13,不知道为啥你们这么喜欢宗教车？,1
2025/4/1 22:13,年轻人的最后一辆车,0
2025/4/1 22:14,速度是一种信仰,0
2025/4/1 22:14,每一位米黑曾经都是米粉，希望通过这次事件让更多米粉看清这家传销公司,1
2025/4/1 22:14,撞懵了都，还知道开门？,1
2025/4/1 22:14,你们这些营销号，上蹿下跳，人驾驶汽车出事故，第一回听说不先找保险先找车企的，汽车如有质量问题，交警会调查公布的，还没咋呢，你们先给钉上了，不应该吧！,1
2025/4/1 22:15,人家车企宣传的都是辅助驾驶，从来没有说是自动驾驶。,0
2025/4/1 22:15,车子借别人开的吧,0
2025/4/1 22:16,@垃圾车有几盏灯,1
2025/4/1 22:16,正解，入门款你没看硬件配置。。。//@数码小驴:不短。因为L2的辅助驾驶就是要求驾驶员全程监控并且随时接管。这不代表辅助驾驶提示你接管你才能接管，你作为驾驶主负责人，在发现异样的时候就应该接管了。,0
2025/4/1 22:17,要露脸为什么不美颜,1
2025/4/1 22:17,油车还是安全,0
2025/4/1 22:18,清一色的语调就是养的糇,1
2025/4/1 22:18,技术不过关 草菅人命 小米应该负全责,1
2025/4/1 22:19,大力宣传智驾是华为，电池是比亚迪，所以该找谁的责任,1
2025/4/1 22:19,不管开什么车，安全第一，电车也好油车也好，不超速，不违章操作，安全驾驶，安全第一[赞][赞][赞],0
2025/4/1 22:19,不是替小米说话,0
2025/4/1 22:20,都说了好多次了，小米就是国产屌丝产品，全是代工，技术可能都是外包，你们买它干啥？嫌自己命长,1
2025/4/1 22:20,那么，问题来了，如果丰田车出事故了，丰田章男得天天联系客户，跟客户道歉？！,1
2025/4/1 22:21,以后雷军有的忙了，只要小米汽车出车祸死人，雷军就得去慰问家属，以后也不用干其他了，就每天慰问吧,1
2025/4/1 22:21,车漆都没了，后轮胎还好好的？[疑问],0
2025/4/1 22:21,还有点人性么,1
2025/4/1 22:21,虽然但是 这个程度撞击但你啥事没有 也说明一些问题吧 ,0
2025/4/1 22:21,文字游戏之“将”取得联系，所以是准备什么时候联系呢？十年还是二十年,1
2025/4/1 22:22,看到三个大学生确实是很痛心，很可惜，但是网络上铺天盖地对小米的恶意，这个社会有些??,0
2025/4/1 22:22,成也萧何败也萧何,0
2025/4/1 22:23,智驾是智能辅助驾驶，并不是所谓的自动驾驶，现在市面上还没有完全的自动驾驶技术，而且这一技术还有很长的发展过程，很多人混淆了这一点，所以过渡依赖智驾，导致操作失误,0
2025/4/1 22:24,真双标，忘了山西问界M7都被你们骂到银河系去了,1
2025/4/1 22:24,和我一样，本来准备买小米电视后来因为价格，买了其他品牌电视，这流量蹭的确实有点偏，夜晚在逆行的路上开117码。,1
2025/4/1 22:24,他说的车门无法打开，是不是说路过的救援人员从外面无法打开？那这样是正常的啊,0
2025/4/1 22:24,手机用用就得了。还玩真的买车,0
2025/4/1 22:25,结果定是跟车没关系，任何电车品牌都一样，一旦承认跟车有关系就是一个企业的毁灭,1
2025/4/1 22:25,搭配宁德时代电池的标准版su7去年底才开始交付,0
2025/4/1 22:26,刻意迎合/讨好年轻人的喜好，对于百年工业缺乏敬畏,0
2025/4/1 22:26,转发微博,0
2025/4/1 22:27,问问小米这车用的是谁的电池，看看这两个月是谁把辅助驾驶吹成高阶智驾？为什么那个屡屡虚假宣传偷奸耍滑违法用工貌视工人权益的企业得不到惩罚？,1
2025/4/1 22:27,不好意思，单单就看你这个表情，眼神，感觉好讨厌，个人感受哈。,1
2025/4/1 22:27,评论区的猕猴能不能停一停了？在这说这话，不给品牌招黑？,1
2025/4/1 22:27,你不忠诚，当然要拉黑你。你应该问，雷大，小米苏七时间发酵了，需要我们米粉帮忙做点什么,1
2025/4/1 22:27,我买了小米的门锁出质量问题，上微博维权他们官V也拉黑我，企业文化罢了,1
2025/4/1 22:30,愿逝者安息。但希望所有驾驶员开车的时候一定要谨慎驾驶，注意安全！,0
2025/4/1 22:30,至少门能打开嘛,0
2025/4/1 22:30,很可惜,0
2025/4/1 22:31,你自己造啊  你还牛逼的很,1
2025/4/1 22:32,生命脆弱！,0
2025/4/1 22:32,小米SU7标准版装的是3YD的磷酸铁锂刀片电池,0
2025/4/1 22:33,还是传统油车好,0
2025/4/1 22:34,你把雷车当兄弟，雷车把你当韭菜,1
2025/4/1 22:34,智驾不是代驾，方向盘在自己手里才有安全感[流泪][流泪],0
2025/4/1 22:34,内置完整，不谈（不弹）,0
2025/4/1 22:34,就是他的电池，也是它在跨大宣传将辅助驾驶宣称为高阶智驾,1
2025/4/1 22:36,推出低配智驾的都是耍流氓，不信自己去试一试,1
2025/4/1 22:36,@我爱王文静j,0
2025/4/1 22:36,保险公司会怎么赔,0
2025/4/1 22:36,希望大家网上冲浪的时候 别一味被人牵着鼻子走 不知全貌的时候可以少说 坐等真相就好了 不然真的蛮让人寒心的 这么多大大小小的事 大家被反转的还少吗,0
2025/4/1 22:36,一会门打不开，一会又救出来了。如果都被烧的只剩骨头，有时间救出后排的?一家人都想借这事出名然后带货吗？,1
2025/4/1 22:36,想到林志颖那次车祸了,0
2025/4/1 22:37,又不是第一个撞车的车门打不开的事故了,0
2025/4/1 22:37,我说点我的看法，首先根据小米官方公布的数据车子发生碰撞时时速是97码，不知道大家有没有经历过车辆撞击，我坐过我同事的车40多码撞过车爆了气囊，当时整个人估计都懵了有几分钟，所以一百码的时速撞击是完全有可能让人失去意识的，门没开的最大可能是里面的三个人已经没有能力开门了…,0
2025/4/1 22:38,好奇有个点，不是说救一个出来了么，那后门怎么打开的？,0
2025/4/1 22:38,用的就是它的电池，也是它跨大宣传智阶，将辅助驾驶说成是了不起的高阶智驾，它没有责任？,1
2025/4/1 22:38,一秒钟的反应时间神也反映不过来啊,0
2025/4/1 22:38,我都推荐刷到的,0
2025/4/1 22:38,都撞成这了，人居然一点事没有,0
2025/4/1 22:39,拼装厂生产的组装车,0
2025/4/1 22:39,驾驶员都能把自己的生命交给自动驾驶，还有什么可说的,1
2025/4/1 22:39,不是倒置电芯乘员舱很安全的吗,0
2025/4/1 22:39,不管什么车只要超过65码以上撞击安全都没有保障，太相信智驾，法律上小米责任不大,0
2025/4/1 22:39,他是资本家，不是慈善家。米粉把他捧得太高了。这些人和马云一样的结局。,1
2025/4/1 22:39,人打方向盘打过去撞的,1
2025/4/1 22:39,假设没有辅助驾驶这一功能，这事故是谁的导致的？小米？路政？还是驾驶人员？,0
2025/4/1 22:40,36分是不是提示你双手脱离方向盘了，只能怪你的命就该到此，该,1
2025/4/1 22:40,这垃圾车还装了窃听器,1
2025/4/1 22:40,这男朋友说的还挺多,0
2025/4/1 22:41,太痛心了，三个年轻的生命，可想而知她们当时有多绝望，希望广大车友们，不管您开什么车，自己双手双脚操作最为保险，瞌睡了就休息，心情不好就停车调整。智驾总归是智驾，智驾也有缺陷，更何况人走路也有摔倒的时候，所以希望广大车友尊重自己的生命安全。,0
2025/4/1 22:41,笑死了，你考驾照了吗？,0
2025/4/1 22:41,我就说网上的节奏怎么那么大呢？原来是因为你这种博主啊。不是分心提示什么时候报的警，你是一点都不看。人家十几分钟前就在说他分心驾驶，请求接管了好吗？,1
2025/4/1 22:41,这帮出生是人么？,1
2025/4/1 22:41,@星光点亮啦,0
2025/4/1 22:41,转发微博,0
2025/4/1 22:42,门打开了，自己出来的吗？,0
2025/4/1 22:42,要不要看看问界m7那件起火事故呢？有热度吗？还死了两个人呢,1
2025/4/1 22:42,脑残分析，最基本的AEB非智驾状态也应该触发，但是没有触发,1
2025/4/1 22:43,双方都有一定的责任，车是工具，如果用的好不好可能是使用者的问题，也可能是工具设计制造缺陷，等待警方的调查结果才是最正确的，这时盲目抹黑造谣双方的都是非黑即坏,0
2025/4/1 22:43,刚拿的驾照还不太懂车，就想打听一下，就当时那种情形，把小米SU7换成什么车，能避免这种结果？？懂得友友说一下，我去买,0
2025/4/1 22:44,电车高速撞击肯定很危险，一不小心就着火了,0
2025/4/1 22:44,我是A2，也就是当年的B照。按照教练的意思，我们驾驶的是货车，安全意识要很强，否则万一有情况，车上拉着货，通常难以应对。,0
2025/4/1 22:44,嗯,0
2025/4/1 22:44,这帮极端粉丝应该被活活烧死,1
2025/4/1 22:44,小米应对组为什么要见家属？这是什么逻辑？你呢？,1
2025/4/1 22:45,砸玻璃,1
2025/4/1 22:45,都是在转移话题，问题就是开车门开车门啊，着火了也可以开车门啊,1
2025/4/1 22:45,就是说那个就很离谱，最高速度跟碰撞的速度没差多少啊？分明刹车根本就没踩。车主都没反应过来，你说是谁的问题？点刹两下起码都不会有96码那么高。100码撞上去了，开坦克喽，车不坏。,1
2025/4/1 22:45,咋预判，雷达也要有个距离吧……100-200米的距离,0
2025/4/1 22:46,修路难道没有限速的牌子吗,0
2025/4/1 22:46,你看下家属视频吧，人家没回应肯定是没确认。关于道路家属说是没明显标识，关于打不开-说只是路上人说的，而且说后排救了一个出来但是没坚持住（具体怎么开的没说）。,0
2025/4/1 22:47,你就等着猴子挠你屁股吧,1
2025/4/1 22:48,那你是为了蹭热度？,1
2025/4/1 22:48,车在交警大队，小米现在不可能接触到车的，再等等再发言。等完整的调查报告。,0
2025/4/1 22:49,销售大师终究不是技术和质量大师,0
2025/4/1 22:49,提醒手握方向盘是特斯拉也常用的招数……经常用，明明一直握着方向盘，还各种提醒,0
2025/4/1 22:50,妈妈好淡定！条理清晰[赞]愿逝者安息吧[感谢]！人各有命！,0
2025/4/1 22:50,如果车内锁车门的话，外面是否会打不开，当然也有那种车门遭到撞击打不开，但是这个就算不是电门，有的门遭到撞击也会打不开。而且他们也得调查当时发生事故时里面的车主意识是否清醒，是否由内而外的打不开而错失逃生这个都不曾得知，不为自己性命负责也要为车上的同伴的性命负责因为智驾不是代驾,0
2025/4/1 22:50,我反正是不信的,1
2025/4/1 22:50,前段时间。。。特斯拉有个撞柱子的视频。。。,0
2025/4/1 22:50,怎么作恶了，营销号动机不纯，一起燃烧,1
2025/4/1 22:51,higo这下过节了,0
2025/4/1 22:51,特斯拉fsd纯视觉晚上只能限速100[捂脸][捂脸][捂脸]晚上纯视觉真不行,0
2025/4/1 22:51,蹲后续,0
2025/4/1 22:52,别的车出事故有热度？能上热搜？选择这种热度才不正常！,1
2025/4/1 22:52,老哥一起蹲...等官方通报吧,0
2025/4/1 22:53,警察如果说门锁死了 打不开 其实也不能证明人是清醒的情况 出不来  电车起火逃生时间很短很短 驾车的人 在什么状态驾车 各种的都不知道,0
2025/4/1 22:53,路人救 砸,1
2025/4/1 22:54,认可，智驾不是代驾，要代驾就得找代驾。不对自己生命负责也把别人的生命连累了。开了智驾她就能不看路吗？这是代驾吗？可以托付生命安全吗？终归还是对自己不负责。正常开车看路，是不是就能规避风险了呢？,0
2025/4/1 22:54,谁告诉你高速晚上开远光！没看见前方有车,1
2025/4/1 22:54,这也没说错啊，人家企业为什么要慰问？出事了找警察，找保险不就行了？,0
2025/4/1 22:54,生命无常????,0
2025/4/1 22:55,大晚上高速开智驾怎么想的，乌漆麻黑的，我自己开都不一定看的清。遇到修路自己也得反应一下，所以大晚上黑，就不要开智驾,0
2025/4/1 22:55,3 名大学生因自动驾驶遭遇不幸，车门打不开酿成悲剧。这深刻警示，自动驾驶虽为智能创新，却绝不可全然依赖。当我们过度信赖，它就可能如同被远程操控的木偶戏，看似便捷前行，实则一举一动都被技术掌控，恰似连走路都不由自己主宰。技术应是助力，绝非掌控人类的缰绳。车辆设计必须确保紧急时刻车门能随时开启，让我们在享受科技便利时，紧握生命的主导权，别让所谓的“智能”沦为束缚自由与安全的枷锁。,0
2025/4/1 22:55,唉，真是太可惜了,0
2025/4/1 22:55,必须掌握在自己手里,0
2025/4/1 22:56,我去！,1
2025/4/1 22:56,这热搜也是没谁了，换了特斯拉都不带搭理你的,1
2025/4/1 22:56,气囊为什么没有出来,0
2025/4/1 22:56,我自己是电车 在高速上开自动驾驶 隔一会就会提醒你轻摇方向盘证明驾驶者是否分心 这种时速上直接撞击护栏说明驾驶者一直在分心驾驶 全靠智能驾驶  智能驾驶只能检测前面几米的如果驾驶者一直有在关注路况 那么在小米检测到路障的时候 第一时间驾驶者应该踩刹车 而不是在车速这么快的情况下直接撞护栏,0
2025/4/1 22:56,老子是用户，不是信徒！艹,1
2025/4/1 22:57,没查清楚 不知道是不是小米责任，现在说见家属什么的早了点 有责任的话我认为肯定会道歉赔偿的,0
2025/4/1 22:57,比警方早，一般车企不会这么早出,0
2025/4/1 22:57,这么夸张，安全气囊………,0
2025/4/1 22:57,电动车不就这样吗？,0
2025/4/1 22:57,那你们这个群体是什么呢？给别人扣帽子说人家是网络黑社会，而且你说的今天热搜撤了，那么请问你的微博热搜第一是什么呢？su7这个事情挂在了热搜挂了一天，聪耳不闻啊你是,1
2025/4/1 22:57,是司机男朋友的车，唉…,0
2025/4/1 22:57,我都正常发,0
2025/4/1 22:58,其实路上开车专注路况不分心也许能规避风险。开启了智驾但是这个不是代驾，要代驾且心安的不开车就得找代驾而不是开智驾。终归是对自己性命的不负责。还连累了其他小伙伴。市区178时速那个就真的牛逼了，在市区，开这个速度，如果他想死可以找个没人的地方解决。离谱至极,1
2025/4/1 22:58,人家车子又没问题，你问别人怎么办？,0
2025/4/1 22:58,hig 装挺像,1
2025/4/1 22:59,节哀，??????让吹牛的自驾的都见鬼去吧！,1
2025/4/1 22:59,有点可惜！三个花朵[玫瑰]每个开车的司机都应该时时保持清醒,0
2025/4/1 23:00,我就在评论区说了一句感觉保时捷侧面更好看，都被小米投诉,1
2025/4/1 23:00,所以电车一定要配备安全锤[暗中观察][暗中观察][暗中观察][暗中观察],0
2025/4/1 23:00,电车这个东西，在我感觉就是城市代步，不能高速，别信智驾。别买10万以上，撞击就燃烧，燃烧得还特别快，逃生时间非常短，神仙也救不了,1
2025/4/1 23:01,我也是早就考了驾照，但是一直没有摸车，网上不敢乱战队，还是等都调查清楚了，再说吧,0
2025/4/1 23:01,经事故数据鉴定，“发生碰撞前1秒钟已经转为人工驾驶。”请驾驶员注意行车安全,0
2025/4/1 23:01,外面呢？里面的人撞晕了，外面能来打开吗！！,0
2025/4/1 23:01,@小米法务部,1
2025/4/1 23:02,害人的智驾，出事前2s退出智驾,1
2025/4/1 23:02,??????,0
2025/4/1 23:02,这里有人P图造谣@小米公司,1
2025/4/1 23:04,高速开车，为什么要手脱离方向盘，还是时速将近120码？,0
2025/4/1 23:04,智驾不智驾无所谓，现在就两个问题  1、AEB咋回事？ 2、车门是否第一时间能打开？,0
2025/4/1 23:05,不是 这和油电没关系的 我自动巡航都很少开 电车辅助驾驶没怎么开过 撞了就算有的赔 人不是没了吗,1
2025/4/1 23:05,本来就在风口浪尖你还这么问，雷军这么知道你是老米粉？自视甚高可不太好,1
2025/4/1 23:06,跟车没关系 本人亲身经历 70多点 撞了 直接昏迷了 还开门 想都不要想,0
2025/4/1 23:06,雷某自己说的安全没有高低配，看来pro版和max版遇到类似场景安全性也会是这样了,0
2025/4/1 23:06,其他车门有打开的，你会道歉嘛,0
2025/4/1 23:06,其他车出类似的事故，没见写这么长这么深刻的论文？,1
2025/4/1 23:06,自己危险驾驶怪车企。这年头就是怪爹怪怨天尤人不怪自己,1
2025/4/1 23:06,这个事故告诉我们，不要早恋,1
2025/4/1 23:06,一向以营销见长,0
2025/4/1 23:06,问界M7运城的事，米猴可没那么说了。,0
2025/4/1 23:06,速度是一种信仰,0
2025/4/1 23:07,车辆本来就是人为驾驶，智驾本来就是辅助，无知懒惰和虚荣心显摆的后果。不造谣，不诽谤，不听片面之词，不要轻易诋毁一个国产品牌，也不要放过一个造次品牌，大家理性对待。,0
2025/4/1 23:07,想讹钱了,1
2025/4/1 23:07,为什么要提？这不应该交警通报的嘛,0
2025/4/1 23:07,我终于知道为什么同级别的车定价要90万，因为能买90万车的人不会乱飙车。更不会乱借车,0
2025/4/1 23:07,没说错啊,0
2025/4/1 23:07,这群东西还拼命骂别人评论的是有公司支持的水军呢我真希望它们碳化的时候还能那么坚定不移,1
2025/4/1 23:08,雷总评论区下骂的人多了，而且多年，还差你一个,1
2025/4/1 23:09,好的你全家打不开车门的时候不要怪车子，怪你自己没力气，OK？,1
2025/4/1 23:09,他这种账号估计都是工作人员,1
2025/4/1 23:09,回复@小乙MIX:那你写个啥，不知道的还以为零伤亡呢,1
2025/4/1 23:09,施工路段我不相信没有限速60提示??,0
2025/4/1 23:09,小米汽车也敢买,1
2025/4/1 23:10,黑??,1
2025/4/1 23:10,买不起别买，先学会骑电动车??，再来学开车,1
2025/4/1 23:10,拿自己的生命去测试…难道不是对自己．对同车亲友的生命开玩笑吗？真的理解不了…我个人上高速…开定速巡航时都会时刻注意前方安全…,0
2025/4/1 23:11,但是为什么电动车一出事就讨伐汽车公司呀（不懂就问）,0
2025/4/1 23:11,支持,0
2025/4/1 23:11,闪对面车?,0
2025/4/1 23:12,说的挺好,0
2025/4/1 23:12,想买一辆不会发生车祸的车，求推荐[比心],0
2025/4/1 23:12,兄弟  重点在于没有安全气囊没有出来   他这个要是再严重点撞到大点硬点东西啥的要是气囊没弹出人还会这么安然无事吗,0
2025/4/1 23:12,按照常规碰撞测试来看，气囊肯定是要爆出来的，不爆出来太不正常了……这是个最基本的试验，别杠，杠就是你对,1
2025/4/1 23:12,哈哈,0
2025/4/1 23:12,拿驾照不等于会开车，我朋友驾照拿了十年了，不敢开车，一上车双手紧紧抓着方向盘，身体紧绷，她自己都说紧张害怕，她家里人和我们都不敢让她开车，每次出去她都是坐车的，她不怕，我们害怕[捂脸][捂脸][捂脸],0
2025/4/1 23:13,她妈妈不是说车子一秒起大火吗？现在又说过路司机砸窗救人失败？好奇怪??,0
2025/4/1 23:13,重点是安全气囊没出来  那要是有事呢 有事可能没有这么心平气和的发微博了,0
2025/4/1 23:13,你这脑子??  刚出的新车  人家认为车子系统本身就有毛病,1
2025/4/1 23:14,真正的老女司机相信，只有方向盘掌握在自己手里，刹车在自己脚下，才是最踏实的。。。,0
2025/4/1 23:14,有问题吗？知道什么是L2辅助驾驶吗？,0
2025/4/1 23:14,请不要把生命交给智能驾驶交给AI,0
2025/4/1 23:15,一秒钟接管智驾！过百时速即刹车来得及吗？,0
2025/4/1 23:15,没有红外雷达预判你m呢,1
2025/4/1 23:15,回复@Yuner_0315:过度营销和吹嘘，让人迷花了眼丧了命,1
2025/4/1 23:16,智能驾驶的问题。总有人要为试错付出代价,1
2025/4/1 23:17,别尬黑，评论区都在夸雷总有担当,0
2025/4/1 23:17,哈哈哈哈哈哈雷不群,0
2025/4/1 23:17,网友需要的是，昏迷了自动打开的车门，和永不着火的电池，以及敢和车主拔河的智驾,0
2025/4/1 23:18,笑死我了，你自己都撞成这样了，人还能安全的拍视频，证明这个车是好的。,1
2025/4/1 23:18,我用的也是小米手机，不怎么了解小米汽车，但他们的宣传，我觉得印象最深的就是“速度”，或者真的要综合改进。另外社交平台摆拍的，也是要整改,0
2025/4/1 23:18,自有汽车工业以来，车祸造成的人员伤亡不计其数，这跟车商讨要说法的咱见得还真是少，保险公司估计要乐疯了 ，现如今出事故不找保险找车商了，真是滑天下之大稽，还是那句话，小米原罪,1
2025/4/1 23:19,不是 一会爸爸采访 一会妈妈。然后是男朋友 这会又来了一个舍友[尬笑][尬笑]。现在的新闻真是一言难尽,0
2025/4/1 23:19,手机、电脑还时不时死机，别说车了，一旦遇到，就是要命的事情。,0
2025/4/1 23:19,男朋友叙述起来这么冷静吗？,0
2025/4/1 23:19,为何电车的门把手不能做成跟油车一样,0
2025/4/1 23:20,谢谢你的评论,0
2025/4/1 23:20,客观的说，小米要是真认赔，以后我考驾照考不过就怪教练和驾校了[猪头][猪头],1
2025/4/1 23:20,回复@馍馍小盆友_MM:我用智驾的时候，前面修路或者堵车之类的我都提前退出的，没必要把自己的命交在机器手里,0
2025/4/1 23:20,电车出来的几乎都是工业垃圾,1
2025/4/1 23:20,不要盲目相信,0
2025/4/1 23:21,等等看调查的结果吧,0
2025/4/1 23:21,1.智驾故障、刹不了车、车门不解锁甚至物理车门都不解锁这种细节是怎么被远在湖北的男朋友知道的？  2.施工路段的道路隔离设施设置了这么长，为什么在这种路况行驶还开着116km/h的智驾？  3.家属说车被小米拉走，小米说没见到车，到底谁在说谎？  4.SU7电瓶断电后还有备用应急电源维持车辆工作，这个是...全文,0
2025/4/1 23:21,确实安全永远是第一位！,0
2025/4/1 23:21,虽然发生这样的事情谁也不想看到，也不应该说，但作为家属明知道是去考试，半夜驾车前往夜路本身就不安全，又是女孩子，家属都不嘱咐一下白天前往吗？出现事故中年人都会慌乱无措更何况是经验不足的大学生。车可能确实存在它的问题，但在还没有出结果的情况下，先妥善安置后事才是关键。 逝者安息??,0
2025/4/1 23:21,一个造手机的造的车你们也敢买，中国造车有灵魂吗？都靠东拼西凑,1
2025/4/1 23:21,看到过驾驶室没人，直接坐后排看电影的,0
2025/4/1 23:22,小米的质量真的不行家人们,1
2025/4/1 23:23,这男的全是胡说八道啊。最后撞击的车速 97，这门锁不锁的有区别吗，肯定直接人就没了。行驶数据显示最后刹车力度 38%，根本不是车机失控刹不了车,1
2025/4/1 23:23,请节哀。网上给小米洗地的带节奏的太多了，一定要顶住压力找到真相。,1
2025/4/1 23:23,这得好好检查一下是车的问题还是说操作问题，人死不能复生害，活生生三条生命,0
2025/4/1 23:24,这速度90多码，人的头部，脖子，内脏，都会受到重创。当场估计都死亡了[赞]其他报道也说了，后排女生虽然救出来，但是在救护车上就死了[衰][衰]可想而知前排大几率当场死亡[赞][赞],1
2025/4/1 23:24,“三个女孩都是活活烧死的”！！！,1
2025/4/1 23:25,不晓得有没有车内车外当时的行车记录视频。这个尤为重要,0
2025/4/1 23:25,…真无语 车祸找交警找保险 找车企干啥  奔驰宝马出车祸的时候咋不找厂家,1
2025/4/1 23:25,问界m7公告有说砸窗打开车门，小米su7开情况说连机械锁都失效，只能砸天窗,0
2025/4/1 23:25,这个男的怕得要死，知道自己是车主，躲不了三个女生的赔偿，就编的好像自己在车上一样，往车企身上赖,1
2025/4/1 23:26,逝者安息,0
2025/4/1 23:26,真的是这样的,0
2025/4/1 23:26,“门打不开…三个女孩是活活烧死的”,1
2025/4/1 23:27,雷总可能不知道，某曲线可是衰的代名词,1
2025/4/1 23:27,直接送走,1
2025/4/1 23:28,她说的是“公婆”，受害者是她老公的妹妹,0
2025/4/1 23:28,因为受害者认为是车子系统故障导致的事故，不找厂家找谁,0
2025/4/1 23:28,米粉们一定要多买几辆,1
2025/4/1 23:28,我开的是11，看到锥桶很早就有反应了啊，而且锥桶也不至于到要退出智驾啊,0
2025/4/1 23:28,既然你老公和公公婆婆去的现场，为什么不是你老公发声，而是让你转述他们的话？,1
2025/4/1 23:28,谁洗谁畜牲,1
2025/4/1 23:28,一个不成熟的公司做不成熟的产品，雷军祸害国人，心痛我的老乡,1
2025/4/1 23:28,666666666666,0
2025/4/1 23:28,这样啊,0
2025/4/1 23:30,分析的十分透彻,0
2025/4/1 23:30,持续关注一下,0
2025/4/1 23:31,最奇怪的是。29号晚前往安徽考编？？？？？早就结束了,0
2025/4/1 23:31,供应链都被压迫到没什么利润了，谁能提供好的产品呢？,0
2025/4/1 23:31,??,0
2025/4/1 23:33,不如重庆公安,1
2025/4/1 23:33,同感眼神和那个嘴巴…,0
2025/4/1 23:33,小米就是这样的,1
2025/4/1 23:34,军调教的好呗,1
2025/4/1 23:34,宗教米不能被质疑,1
2025/4/1 23:34,长得丑，话说的也不怎么漂亮，还特别偏颇,1
2025/4/1 23:35,妈呀…好心疼三个女孩,0
2025/4/1 23:35,小米汽车回应了，系统只对行人、车、两三轮车障碍能识别，桶、石礅什么的识别不了,0
2025/4/1 23:35,每年回老家800公里，我都是自己一个人开，我老婆我都不相信我更不会相信智驾,0
2025/4/1 23:36,闲的蛋疼，抽烟抽死的怎么不找烟草公司，喝酒喝死的怎么不找酒厂，高速上出的事，怎么不找修路的，真他妈有意思，自己开车问题，现在找人家车企，真有意思。天天都有出车祸的，也没见找车企的,1
2025/4/1 23:36,说白了就是车主把车借出去了，导致3个人死亡，保险不知道赔不赔，车主肯定要掏很多很多钱，还要面临拘留应该[看],1
2025/4/1 23:36,单纯路人哈，每年每天发生这么多交通事故，要是个个都来找车商这个世界还有谁敢做生意？这个事情热度这么大的原因，还是因为小米太有流量了同时也让这么长时间黑不上小米汽车的那些人，可算找到了一个黑点了,1
2025/4/1 23:37,交通法里明确规定，开启辅助驾驶的机动车发生交通事故由驾驶人承担责任。至于说车门打不开，是车辆烧毁后车门打不开的还是撞车后马上就有人拉车门而车门不能打开的？（锂离子电池爆燃是一瞬间的事情估计在高速公路上不会有人去拉一辆着起了熊熊烈火的汽车车门除非他自己也想去陪葬）,0
2025/4/1 23:37,支持小米官方发布信息，不信谣，不传谣[鼓掌],0
2025/4/1 23:38,你踏马都还能拍视频不是啥事没有??,1
2025/4/1 23:38,谁去打开车门了？,0
2025/4/1 23:38,千里之外的未来女婿:车机失控，一辆不具备高阶智驾的车怎么敢做到高速+脱手，有没有起到告知义务？,0
2025/4/1 23:38,小米应该坦诚面对这次严重事故，坦诚比一切的遮掩都好，遮掩只会失去人心。#小米SU7高速碰撞爆燃事件细节#,0
2025/4/1 23:38,三个女生、非车主、夜车、智能驾驶，118km/h，有障碍物的路段，然后，死抓着智驾说事[看]，还冒出来一堆十几年的老司机,1
2025/4/1 23:39,来，4.1号来看视频停止对su7欲望的[衰],1
2025/4/1 23:39,不要再去当牺牲品了，什么行业一转身都能造车了，世界前几大车厂概念车出来不验证个五年十年才上市，现在的车厂完全不把生命放在眼里，资本眼里只有金钱,1
2025/4/1 23:39,只能这么的说，车子固然是好车子，但是，看撞击后样子，说明速度当时不低，能装成这样子，别说车子着火，不着火人也八成没了，所以道路千万条安全第一条。开车需牢记，不抢道，不斗气，不超速，不酒驾，不毒驾，，一定要保证，心态稳，多观察，变道超车需谨慎，，，出门在外，牢记家里有人在等着，莫冲动，莫斗气，安全第一,0
2025/4/1 23:39,中国人总是对洋大人的商品足够宽容而对自己民族品牌的商品吹毛求疵，总是你看看??mini主机的做工它们从不会在说这句话时把mac的价格带上（这玩意新款都10w一台了）,1
2025/4/1 23:39,我也有一次一模一样的情况…高速路改道了  车子提醒我接管  但是我不知道是路改道了，我又打开辅助驾驶  发现启动不了  当时已经快走到改道哪里  s弯 速度还很快   我自己速度很快过去的 已经有点来不及降速度，当时还是有点吓到了毕竟改的路是s弯  路也不平整  时间也是晚上11点视线不好,0
2025/4/1 23:40,就这水平也叫汽车博主,1
2025/4/1 23:40,等警方调查公布结果吧！,0
2025/4/1 23:40,好恐怖 我跟我哥都定了su7 还有一个月多就提车了[发呆],0
2025/4/1 23:40,所以到底是谁驾驶的车啊？,0
2025/4/1 23:41,我艹，这都什么玩意啊！,1
2025/4/1 23:42,这年代啥人都有就是为蹭流正常,1
2025/4/1 23:42,发布会不说辅助确高谈智能驾驶,0
2025/4/1 23:42,我也被拉黑了,0
2025/4/1 23:42,为什么要割双眼皮？身体发肤受之父母。,1
2025/4/1 23:43,别扯了，大晚上高速，100左右速度，很快了！ 而且还借用了逆向车道！   ——这比 中间车道碰到大傻春超车道突然变道下高速还吓人！  记住，高速?晚上?智驾…突然间让你找刹车都会找不到，何况这种紧急情况 还是那句话，开车上路，必须全神贯注，时刻留意车外状况。那些沙雕汽车宣传高速睡觉的,0
2025/4/1 23:45,速度与激情??????//@阿南PHOTO:整天摆拍视频 制造各种花絮来吸引年轻人  宣传速度是一种信仰 专门拿捏年轻人的喜好 控制和投资各路媒体宣传  这种“顶流” 翻车只是迟早的事情,1
2025/4/1 23:45,看你的状态就不用安全气囊啊你有脑子吗,1
2025/4/1 23:45,经典的丧事喜办,1
2025/4/1 23:45,这么吊?换辆宝马试试看看能不能上热搜,1
2025/4/1 23:46,说说是谁家的磷酸铁锂电池还会着火,1
2025/4/1 23:46,不是哥们，真把自己当盘菜了,1
2025/4/1 23:46,这两件事能类比吗？你真是个人才哦,1
2025/4/1 23:46,你相信大善人，你相信大善人能高位套现吗？,1
2025/4/1 23:47,三天热度已经很快了。。。更多的事故都是被压下去了吧，别对小米这么苛刻,1
2025/4/1 23:48,不要怀疑资本的冷酷无情不讲人性！,1
2025/4/1 23:48,你是没见过比亚迪未回应的,0
2025/4/1 23:48,节哀。找了车企找一下路政，还有电池厂家，再找一找招考单位。,0
2025/4/1 23:49,还是为啥撞上水泥护栏就自燃，这是水泥护栏啊，又不是海绵,1
2025/4/1 23:49,人家只有车主的联系方式，怎么联系家长。只有通过帽子联系,0
2025/4/1 23:49,回复@正人君子--岳不群:其时反向也说明撞击力度，后排人未被烧救出也抢救不了，其中具体情况真得静等官方通报，各方太沸了。,0
2025/4/1 23:49,真正好的智驾应该是能够主动躲避危险发生，躲避碰撞发生才对的。安全才是最好的豪华！??????  碰撞事故发生后，能够避免爆燃的新能源汽车可能更加安全！,0
2025/4/1 23:50,哎,0
2025/4/1 23:50,他们为什么不提秦风的事了，前两天秦风的事他们可不是这口吻,1
2025/4/1 23:52,??,0
2025/4/1 23:52,你当然要蹲后续，智驾即便是激光雷达，也只能预判前方障碍物，他怎么预判高速改道至逆向车道行驶？  另外车门锁没锁，小米自己都还没看到事故车，没办法判断是自动锁死还是撞击导致机械变形门给卡住了，还是车里面的人不是车主，不知道怎么机械开锁，更可能是人已经晕了  都有可能,0
2025/4/1 23:52,回复@嘿叁叁白干干86:油车也会这样吧。车头撞成这样，油管肯定破了吧，有一点点火星也会着。电池破了就燃呗……不明白有什么好争论的。还为什么会着火……,0
2025/4/1 23:53,谁让你上高速开智驾的,1
2025/4/1 23:55,这母亲怎么感觉在说别人家的事情一样，冷静的一比[捂脸],0
2025/4/1 23:55,总体来说还是新能源车的弊端原因，毕竟是新能源电池，只要车祸着火燃烧速非常快非常猛，就算第一时间有消防人员到场都很难灭下车火！因此自救和被救时间也是非常的短暂，此次车祸也由于车速高 减速晚制动短，车祸后人员应是直接被冲撞晕了，再加上不是白天 是晚上过路车少和不明情况，没能被老天眷顾,0
2025/4/1 23:55,居然相信智驾,1
2025/4/1 23:56,贼眉鼠眼，无敌了,1
2025/4/1 23:56,你他妈都能拍视频，还不感谢？,1
2025/4/1 23:56,不要脸了,1
2025/4/1 23:57,这些人都是畜牲,1
2025/4/1 23:57,都快撞上了人还不接管吗？驾驶这是个人，是个出现危机会害怕有自保能力的人。,0
2025/4/1 23:58,就我目前掌握的信息而言，我有一个疑惑，去外地考试为啥要熬夜自驾，买高铁票或者机票不是更省事吗,0
2025/4/1 23:58,嗯,0
2025/4/1 23:58,嗯呐,0
2025/4/1 23:58,哎,0
2025/4/1 23:58,我想问一下，开车上高速容易打瞌睡，除了红牛和东鹏特饮，还有什么可以提神[流泪]。我 假期想和朋友们自驾玩[尬笑][尬笑][尬笑],0
2025/4/2 0:00,15年大几十万公里驾龄告诉你，困了，眼皮沉了，立马找最近的服务区停下，座椅放倒闭眼休息，我喝过吃过所有提神醒脑的东西，都不如进服务区闭眼休息15分钟，脑子里不要只想着目的地，沿途的风景也很美丽。,0
2025/4/2 0:00,相由心生,0
2025/4/2 0:00,都没有去现场，全凭别人描述在这发视频…真的悲痛的人还有心情发这个？,1
2025/4/2 0:01,别的车咋没事，给路有啥关系，只能说明智驾有问题，明天照样有些人会买，,1
2025/4/2 0:01,评论里都是弱智吗。不知道什么叫相对速度,1
2025/4/2 0:01,里面的人撞晕了，怎么开,1
2025/4/2 0:01,开的坦克300，犯困用辅助驾驶10分钟，车机就收到中控后台来电吓我一跳，提醒我双手不能离开方向盘，我是单手扶着方向盘，不过为这个机制点赞。,0
2025/4/2 0:01,心真大再好的人工智能程序，也会有故障的时候啊！把命交给程序,1
2025/4/2 0:02,可能这个安全气囊有点小个性。,0
2025/4/2 0:03,站在道德至高点呗,1
2025/4/2 0:03,前排两个，后排的救出来送医路上才没的,0
2025/4/2 0:03,作为车主，如果不全都赖给小米，他就要赔好多钱呢,1
2025/4/2 0:03,有点脑子不行吗？碰撞后燃爆。还自燃？你懂什么叫自燃吗？,1
2025/4/2 0:03,谢谢你的评论,0
2025/4/2 0:03,提车前的智驾课和考试，都强调智驾是辅助驾驶，限制条件不少。借车给别人开也要让对方先通过智驾考试。,0
2025/4/2 0:04,这速度人当时就昏迷了，还开车门？,1
2025/4/2 0:04,智驾到跟前了，才发现风险！两秒时间根本就来不及！,0
2025/4/2 0:04,怪不得你粉丝少，才50多万。,1
2025/4/2 0:06,撞成这样了，安全气囊没出来，你还能好好的拍视频，还不安全吗？,1
2025/4/2 0:06,微博垃圾太多了,1
2025/4/2 0:07,高德还是会提醒的，起码提前一公里预警，前方左侧道路施工，请减速慢行！其实道路施工，道路事故，道路拥堵，甚至前车急刹车地图上都有数据，智驾如果能调用这些数据，安全系数能提高很多，不单单只依靠自身的激光雷达~,0
2025/4/2 0:07,望重视,0
2025/4/2 0:07,着火就避而不谈？？,1
2025/4/2 0:08,节哀  好让人难过  心疼,0
2025/4/2 0:08,妈的，好多垃圾。。真特么的无语，对小米没好感。,1
2025/4/2 0:08,车门为什么里面打不开，因为驾驶员不是车主啊，没培训上岗啊，智驾车主拿到车后都要培训合格才能驾驶，估计门锁死后哪里打开驾驶员都不知道,0
2025/4/2 0:09,没有自燃。这叫碰撞后燃烧。车门锁死的情况分很多。物理方面，碰撞后会形变。系统方面，碰撞后各种连接线断裂。这两点不重要。重要的是开车的时候在干什么？为什么会长时间使用不成熟的智驾？,1
2025/4/2 0:09,陈震评论区你的评论我咋找不到了,0
2025/4/2 0:09,对汽车安全应该有敬畏之心，说得好,0
2025/4/2 0:10,刚刚去微博了 小米那边意思是到目前为止还没有接触过那个车 不知道怎么查 需要等警方转让车,0
2025/4/2 0:10,你外甥女用应急机械开关了没？？,1
2025/4/2 0:10,大家都会问？你可真会说话，除了你这种无脑的跳梁小丑外，谁会问,1
2025/4/2 0:10,车子越简单越好 越复杂月不靠谱真的只是我20年的经验[奸笑][看],0
2025/4/2 0:10,嗯,0
2025/4/2 0:11,转发微博,0
2025/4/2 0:12,前两年一次也是门打不开？不是这个品牌。那次路人打不开门，只能砸，但是也是失败了，路人后来说很遗憾，很懊恼没有施救成功。但是小米这车宣传是半隐藏把手啊，方便外面打开？？？,0
2025/4/2 0:13,"报警报保险，代位追偿，如果保险都打不赢官司，就是车主全责，赔付两名乘坐人身故赔偿…
当你放心交给智驾那一刻，这和运气有关系，这和车技有什么关系，双手离开方向盘出了事故，只要不是方向盘故障，驾驶人负主责或者全责，其次高速变道如果没有根据道交法规定明示，顶多负个次责，以上都不存在问题，驾驶人全责，这有什么争议，这和车门开不开有什么关系，撞击瞬间97km/h，搁谁不是晕了就是已经身亡了……《道交法》第22条已经说明了。",0
2025/4/2 0:13,这事儿不就是一年前问界M7的回旋镖吗？这都能丧事儿西办，真牛逼热搜压了三天，包括今天都没上去，词条背下，贴吧，b站，知乎全都发力。。。家属创一个封一个。大v极力证明。哈哈哈哈 完全和m7反着来 真的牛,1
2025/4/2 0:13,有没有一种可能，在高速撞击下人已经当场死亡了。 假设当场死亡了，这时候车门能不能开，锁没锁已经没有任何意义了。 要看法医鉴定三位遇难者死因是什么，如果是当场死亡， 结合车速及现有证据来看遇难者责任较大，如果遇难者当场没有死亡，因无法开门导致失去唯一逃生机会，小米责任较大。,0
2025/4/2 0:14,@懒蛋司令,0
2025/4/2 0:15,小米肯定没用高德地图,1
2025/4/2 0:15,全国那么多车祸事件 我也没见谁带着车标发文的[捂脸],1
2025/4/2 0:15,刚才用dpskai了一下两件事儿，试了两次都不成功，最后一次成功了，想问的其他问题。然后最有意思的来了，和我上午的完全不一样，关于m7的全是岁月史书，用的今天2025.4.1的澎湃新闻报道su7事故提及m7的数据！好家伙，这么快都开始喂ai假信息了,1
2025/4/2 0:15,虽然说小米是半隐藏式的门把手，但是它里面有机械的门把手，也就是说发生的事故用电的打不开，里面就有传统燃油车那种机械式的门把手,0
2025/4/2 0:17,他当时如果开的是别的品牌车他还会这样吗，每天车祸事故那么多，有几个能上热搜，还店大欺客，这明明是无赖讹人,1
2025/4/2 0:17,最惨那两个舍友 把命交给了对生命没有敬畏的孩子[泣不成声],1
2025/4/2 0:17,标准版不是说辅助驾驶吗，同情三个女生的遭遇，但是也不能人云亦云就说车子的问题，等处理结果,0
2025/4/2 0:17,逝者安息！总体来说还是新能源车的弊端原因，新能源电池只要车祸着火燃烧速非常快非常猛，就算第一时间有消防人员到场都很难灭下车火！因此自救和被救时间也是非常的短暂，此次车祸也由于车速高 减速晚制动短，车祸后人员应是直接被冲撞晕了，再加上不是白天 是晚上过路车少和不明情况，没能被老天眷顾,0
2025/4/2 0:18,别吹了，aeb是能识别车辆行人等的，你试试石墩去。,1
2025/4/2 0:22,相恋多年，专门买车给女孩子，然后写自己名字[冷漠],1
2025/4/2 0:22,可是安全气囊气帘那些都出来了车不是得走全损了吗？没有大问题的话好像也不是很好的事情嘞？我不是米粉哈，我爱沃尔沃,0
2025/4/2 0:23,我连巡航定速都不开，更不用提自动驾驶了。只信我自己，困了我就服务区睡觉,0
2025/4/2 0:25,我很爱小米，但不要网暴死者，死者为大，她的家人已经很难过了，看到网络的评论会更难过的，大家手机轻敲几下，是她家人一辈子的阴影[泣不成声][泣不成声][泣不成声],0
2025/4/2 0:25,警察那边的通告都没出你让车企老板公布信息，你可真是太有面子了,1
2025/4/2 0:25,开过车道保持辅助的人都应该明白 高速上的车道线一旦在施工他就会第一时间提醒你然后会跟着乱着的线行驶 这时候就要人为控制车辆开到完整的车道线上了,0
2025/4/2 0:26,看评论区，极端米粉还有人性吗？,1
2025/4/2 0:26,未知全貌，不予评价,0
2025/4/2 0:27,没给你起??你就万幸吧,1
2025/4/2 0:27,我猜测这个时候这个女生的家属必然要把锅甩给小米，因为他女儿是驾驶员，如果不能让小米赔偿，那么另外两个女生的家属就要找他们，因为乘车人在事故中是没有责任的，还有这个女生的男朋友为啥也发文章呢，因为他是车主，怕也把他连累上。,1
2025/4/2 0:28,吃人血馒头？,1
2025/4/2 0:29,那怎么不死,1
2025/4/2 0:29,我有一点好奇 怎么知道的人为刹车了然后地上没有刹车痕迹的？逝者安息??（如果我这个问题不对，可以当我没问，别喷我）,0
2025/4/2 0:29,咱们买坦克吧，坦克100码，撞到石头不会坏,0
2025/4/2 0:29,为你打call!,0
2025/4/2 0:30,他是警察还是法院？你让他跟你公布什么细节？你这发言一看就属于带节奏的不删你删谁？警方都没公布事故责任认定也没调查结果你让一个企业老板跟你说？他能说什么？你觉得自己打的字没问题吗？,1
2025/4/2 0:31,路过的车窗都砸不开，还救什么人，难道安全锤都没有？,1
2025/4/2 0:31,基础版有智驾吗？激光雷达都没有[捂脸],0
2025/4/2 0:32,回复@肥肥肥肥肠美腻的巨兔12138:没事，我也是今天看见米粉直接骂那三个去世的姑娘，我才气的想给这些势单力薄的出出气,1
2025/4/2 0:32,图片评论,0
2025/4/2 0:33,贫穷保护了我[看],0
2025/4/2 0:34,开车安全第一 辅助驾驶也是辅助 夜间行驶还敢脱离方向盘 真的疯了 这三个人到底在车上干嘛啊 真不把自己的命当回事,1
2025/4/2 0:35,只能夸，不能说一点不好,1
2025/4/2 0:37,兄弟，你没上智驾吗？技术不行上智驾呀你不相信自己还不相信智驾吗？,1
2025/4/2 0:37,人家删除你哪里拉黑你,1
2025/4/2 0:39,门锁死了和后面救人有什么关联？救人你指望开车门？你在等红绿灯别人能不能把你们打开？肯定是撬开的啊，你是人么在这质疑别人，别人失去的是家人好吗,1
2025/4/2 0:39,我替米粉狡辩一下：头一次听说出车祸不第一时间找警察找保险，却上网找车企的,0
2025/4/2 0:40,转发微博,0
2025/4/2 0:43,这是特斯拉,0
2025/4/2 0:43,我丢。你也没骂人只是要一个真相，他咋把你拉黑了。好惨。喜提雷总拉黑。,1
2025/4/2 0:44,这不行啊 你怎么会困 你得找雷军 @雷军 @诗雨脑残,1
2025/4/2 0:44,牛哦，其他车企事故怎么不见你挑出来,1
2025/4/2 0:46,非车主本人驾驶 都说了 别借车别借车 这不陪个底朝天啊 人教人教不会 事教人一次就会了[呆无辜],0
2025/4/2 0:48,我骑电动车跑 30 还摔的青一块紫一块的[泣不成声] 97 不敢想象,0
2025/4/2 0:50,恋爱了多久：“很多年了”[黑脸],0
2025/4/2 0:51,不是等一下我不理解，有那么多的车辆事事故，为什么能怪到车上呢[宕机],0
2025/4/2 0:51,真的 评论配图,0
2025/4/2 0:51,希望把这件事放你身上，你也去带带货，我百分百看,1
2025/4/2 0:51,抢打出头鸟  雷总车一有车祸 几天热搜 其他品牌那么多车祸 无人问津[赞],1
2025/4/2 0:52,作为一个老司机，我是不会放开方向盘的。智驾哪怕再高级，再智能，永远相信自己才是真的。不要拿生命开玩笑,0
2025/4/2 0:53,我看以后哪个大傻子还会去无脑跟风买这车！,1
2025/4/2 0:54,先让子弹飞一会,0
2025/4/2 0:54,您真是宝藏,0
2025/4/2 0:55,第一时间出事了就找车企？不按流程办？什么逻辑  够有逻辑了,1
2025/4/2 0:55,是撞晕了吗，车门才没开,1
2025/4/2 0:55,夸，就完事儿了,0
2025/4/2 0:56,宝子，不要低估人性的…,0
2025/4/2 0:57,我有点好奇，去考事业编，应该是很重要的考试吧，这种不应该坐高铁提前一天去住酒店准备考试吗？为啥要深夜自己开车去这么远的地方呢？,0
2025/4/2 0:58,丝毫感觉不到这个所谓的男朋友对女朋友遇难的难受,1
2025/4/2 0:59,我不记得是啥时候的，有点印象那段时间一个牌子的车，集体那段时间刹车刹不了都没现在那么沸[黑脸]这个在高速敢智驾[赞]所以现在是想要赔钱吗？不晓得单纯问一下，闹得这么沸，调查出来然后呢[疑问],1
2025/4/2 1:00,有行车记录仪估计警方早就定责了。。现在属于是个死无对证  唯一一个撑到救援队赶过去救的还是昏迷状态无法知道当时结果人就已经抢救不及时去死了  无法得出结果和结论 在看网上图ab柱都没弯 小米这回难了  死无对证了属于是,1
2025/4/2 1:00,我觉得奔驰的责任最大，要不是本茨发明汽车，就不会每天有那么多人因为车祸去世了[流泪],1
2025/4/2 1:01,自称米粉或者花粉，这粉那粉的都是傻B.都是为了后一句铺垫而已,1
2025/4/2 1:02,这有什么好拉黑的啊,0
2025/4/2 1:02,感觉烧成那样，就算有会不会烧没了,1
2025/4/2 1:03,网络黑社会都出来了,1
2025/4/2 1:03,造谣博主,1
2025/4/2 1:04,理性看待~各方原因~愿逝者安息！,0
2025/4/2 1:04,笑死我了，阿姨一边说贷款，一边说男朋友送的,0
2025/4/2 1:04,我也想去评论，但必须关注七天以上，这个人确实是米粉我关注不了这个人七天,0
2025/4/2 1:05,该,0
2025/4/2 1:06,这是所有电车出过的最严重事故，撞的还不是很严重，刹车两秒多速度才减到97，可见刹车有多破[尬笑],1
2025/4/2 1:06,你确实是脑残,1
2025/4/2 1:07,开车行驶，安全第一,0
2025/4/2 1:07,你们当雷是神，雷不群当你们是鬼火，一群拥护者。,1
2025/4/2 1:08,米粉和花粉一样 你不粉不是中国人,1
2025/4/2 1:08,有人接管了所以出问题了。意思就是如果一直是无人驾驶就不会出事了呗,1
2025/4/2 1:08,明天小米股票大跌[偷笑],1
2025/4/2 1:09,米猴素质极低,1
2025/4/2 1:10,大灯不行，换特斯拉,1
2025/4/2 1:10,安全气囊比车结实是好车,0
2025/4/2 1:11,图片评论 评论配图,0
2025/4/2 1:11,看遍了评论区，发现出车祸必须要死 这到底是什么逻辑 电车着火这个逻辑都自动选择忽略 都是一群什么人[尬笑],1
2025/4/2 1:11,不要去网暴一个母亲了，毕竟失去孩子的痛不是一般人可以承受的痛苦，善良一点。虽然妈妈很冷静的在叙述当时的情况，有时候阵痛往往是缓慢和持久的折磨，没有经历过的人不知道那种痛,0
2025/4/2 1:11,后天提车，油车[泣不成声],0
2025/4/2 1:15,电车要永远相信特斯拉 永远的标杆[微笑],0
2025/4/2 1:15,不是说男朋友送的吗，咋变成母亲送的[捂脸],0
2025/4/2 1:16,"这个事情告诉我们
1、开车之前一定要收悉车
2、开车注意力集中，不能过度依赖辅助驾驶
3、不要轻易带别人，也不要轻易做别人车
4、不要轻易借别车给别人开",0
2025/4/2 1:17,气囊都没出来，太危险,0
2025/4/2 1:18,需要正面去回应！,0
2025/4/2 1:19,哎呀，电瓶车非要取消机械锁,0
2025/4/2 1:20,这就是大多数车厂大势宣传的无图智驾的弊端，蔑视用户安全，为了成本放弃高精地图！高精地图作为安全冗余，与激光雷达等其他传感器配合才能有很好的安全保证！,1
2025/4/2 1:21,你就是职业喷子吧，那个技术是用在max上面的，标准版没有,1
2025/4/2 1:21,@Zong同学_,0
2025/4/2 1:22,只能说小米品牌太亲民了，让大众都觉得可以拿捏小米了[他急了][玫瑰],1
2025/4/2 1:22,感觉网友的分析比较靠谱，一来可能是撞晕了来不及逃生，二来就是不知道门的机械拉手在哪，所以不知道怎么开门，人在这种情况下，会懵也是正常反应，望家属节哀[感谢][感谢][感谢],0
2025/4/2 1:23,不管你开什么牌子的车，只要你自己不注意安全都会有可能出事故，不要再纠结开什么牌子的车，请开车的时候注意力集中,0
2025/4/2 1:23,你要是13年的米粉你就不会问这样的问题，所有结论都没定性你让他怎么回答？,1
2025/4/2 1:23,肯定是你撞的方式不对，建议你再撞一下,1
2025/4/2 1:28,我黑这么多都没搭理我,1
2025/4/2 1:30,等待一个最终结果！,0
2025/4/2 1:31,所以说智能驾驶还是不能完全相信，还是人驾比较靠谱,0
2025/4/2 1:35,鞭炮引线快烧完了我仍你手上，然后炸了，对，是你的问题,1
2025/4/2 1:35,真牛,0
2025/4/2 1:35,质量好,0
2025/4/2 1:36,我没开过智驾，但是我觉得智驾应该有发现路障的努力，有绕开路障的能力，如果没有绕开的能力至少有刹车减速停车的能力，而不是撞上去,0
2025/4/2 1:36,小米没有接收到车，他没办法解释。,0
2025/4/2 1:41,小米股价如何,0
2025/4/2 1:43,烧完了能不能开门，和碰撞后能不能开门是两回事，别混淆,0
2025/4/2 1:43,多读点书吧,1
2025/4/2 1:44,这女的真的是太不要脸了,1
2025/4/2 1:46,小米SU7事故并非无图智驾的孤例，而是智能驾驶行业技术取舍的缩影。高精地图作为安全冗余的价值已被行业验证，未来，高精地图+实时感知的融合方案可能成为主流，而用户在选择智驾功能时，需综合考量技术路线、硬件配置和安全冗余，而非盲目追逐“无图”概念。任何技术创新都不应以牺牲用户生命为代价。,0
2025/4/2 1:47,小米SU7事故并非无图智驾的孤例，而是智能驾驶行业技术取舍的缩影。高精地图作为安全冗余的价值已被行业验证，未来，高精地图+实时感知的融合方案可能成为主流，而用户在选择智驾功能时，需综合考量技术路线、硬件配置和安全冗余，而非盲目追逐“无图”概念。任何技术创新都不应以牺牲用户生命为代价。,0
2025/4/2 1:49,修好我5万收,1
2025/4/2 1:54,完全不提之前发出的分心提醒啊？并且，标准版本来就没有那个什么雷达，智驾不是自动驾驶，作为驾驶员是不能在夜晚、高速、新手、新路的情况下离开方向盘的,1
2025/4/2 1:54,太阳把我晒黑了，至今都没给我个说法！！[发怒],1
2025/4/2 1:55, 十年以下的车企，你买它的车呢？就是上智商税??,1
2025/4/2 1:56,心真大 倒了八辈子霉了那两个被拉去给她载的舍友,1
2025/4/2 1:56,行车不规范，亲人两行泪！希望大家都能规范行驶车辆,0
2025/4/2 1:59,得到个新知识，这种高速维修需要提前1600米就有障碍提示,0
2025/4/2 1:59,车出事故很正常等后面的交警公布事故认定书以及第三方的车辆检测，是车的问题还是驾驶人的问题。买电车同时做好自燃自救措施不然别买，我一直认为电车的发展模式还不是很成熟没有油车安全。别问雷军怎么搞，换你你也不回交给团队而已，不需要亲自下场,0
2025/4/2 2:00,"忠诚不绝对，就是绝对不忠诚, 拉黑你没毛病",1
2025/4/2 2:01,高速改道有没有警示牌？导航没有播报吗？[捂脸],0
2025/4/2 2:01,这样起号吗，有点意思,0
2025/4/2 2:03,看看评论区  我冖boy的战斗力还是如此骇人  但是猴王微博下的冖boy各个理智的狠呢,0
2025/4/2 2:05,我不懂赛车，看完我觉得主播讲的很中肯，也没有刻意讽刺小米什么的，底下一堆阴阳怪气的是咋回事？,0
2025/4/2 2:06,智驾没有更早检测反馈路况就赖智驾？驾驶员眼睛双手干啥去了？法规硬性要求智驾过程中驾驶员不能分心不能手离分方向盘是说着玩的？,1
2025/4/2 2:06,我请问，大众iD3在行驶途中遭遇猛烈撞击，当场小电瓶撞毁，请问他的机械开关就能从外面拉开了？,0
2025/4/2 2:09,质量不咋地,1
2025/4/2 2:11,驾驶员自己的问题，为啥赖车,1
2025/4/2 2:18,特斯拉碰撞都会自然，还问为什么自然电池自然主要是电池组激烈碰撞摩擦，燃油车也是发动机和油箱，只要??火星，油遇到火星瞬间燃烧??林志颖和他儿子都是路人遇到及时刚救出来车就燃烧爆了。,1
2025/4/2 2:20,P图再p像一点嘛，,1
2025/4/2 2:22,有没有可能从外面打不开是因为车辆没解锁呢,0
2025/4/2 2:23,过多强调加速度的结果了，只看外表，其实内在没任何技术力量。,1
2025/4/2 2:24,这时速有50吗？,0
2025/4/2 2:25,接近100公里每小时的车速撞击水泥柱，整个车头都撞毁了。这种事故下生还率估计也就千分之几吧。,0
2025/4/2 2:26,胆子真大，敢把方向盘交给机器，坐车的胆子也大，我坐别人车眼睛都不敢闭,1
2025/4/2 2:27,太对了,0
2025/4/2 2:27,雷总多次说过要目前的智驾属于辅助驾驶，要盯着路面，手握方向盘，随时接管，,0
2025/4/2 2:28,一般来说，车企人家不会回应任何事故，就像特斯拉！林志颖是个赛车手，人家不也差点丧命在特斯拉手上吗？电车故障导致车门打不开，早几年特斯拉或者其他牌子的电车都验证了呀，但不妨碍车企蓬勃发展…雷军解释或者不解释，不能妨碍小米汽车的销售业绩的，反而他解释得好了，小米汽车销量会更好,0
2025/4/2 2:34,智障驾驶技术有啥啊，到处吹嘘智驾,1
2025/4/2 2:38,不是说炭化了吗,1
2025/4/2 2:40,什么世道 自己开车出车祸了居然能怪工具的[捂脸],1
2025/4/2 2:42,钱肥胆大 为什么要走夜路,1
2025/4/2 2:44,今天吃鱼，鱼刺卡住我的喉咙了。我得去找卖鱼的理论一番。,0
2025/4/2 2:49,小冞智驾出事前2秒就退出了，,0
2025/4/2 2:54,标准版的连个激光雷达都没有啊？,0
2025/4/2 2:55,社会舆论的声音都是智驾和驾驶员的责任，大家有没有想过，高速上设置路障，应该几百米开外就开始放置反光锥等各种提示才对，不按规定提前提示过往车辆才是导致事故发生的主要原因。,0
2025/4/2 2:55,电车适合在有油车的基础上可以买辆市区代步,0
2025/4/2 3:04,这么说吧，但凡车子不是小米或者华为的，这就是一个普通交通事故！,1
2025/4/2 3:08,和三个女生同岁，花一样的年纪，真的太可惜了??,0
2025/4/2 3:10,别蹭流量了,1
2025/4/2 3:13,不尝试还原经过难道想狗子一样直接造谣？,1
2025/4/2 3:15,雷大善人给武大捐款13个亿，武大24年预算140亿，雷13只会锦上添花，不做雪中送炭，你粉他图啥,1
2025/4/2 3:21,去年我的智驾水平，也算见证过去一年车企智驾功能的普及。其他车企为了竞争卖车，抗衡鸿蒙智行，也会宣传自己有智驾，但有智驾跟好不好用区别很大。,0
2025/4/2 3:26,DV现场有几分真的[泪奔][泪奔][泪奔],0
2025/4/2 3:26,大墩村之后，DV现场还有多少粉丝？,0
2025/4/2 3:26,不懂就问：这样的速度撞击，如果是油车，会不会一样打不开车门，然后起??呢？,0
2025/4/2 3:27,做个门把手能少多少续航！？一帮脑残车企,1
2025/4/2 3:28,智能驾驶，我从不相信,0
2025/4/2 3:32,29号上午事业编就考完了，你29号晚上开过去考试？[发呆],0
2025/4/2 3:40,搞不懂这些家属，你等调查结果出来，觉得有问题再发声不好?现在一切无定论，在网上发酵，应该对调查结果也没多大推进作用吧。,0
2025/4/2 3:43,高速啊，怎么能放开双手双脚呢，我连定速巡航都不敢用呢[流泪],0
2025/4/2 3:44,这种情况下生还的可能性不是很大，基本是油车是拉回去火化。电车是当场火化！,1
2025/4/2 3:45,智驾发现障碍物要刹停，却没刹住，交给人去接管,0
2025/4/2 3:47,所有的车企老板都是这待遇吗，出事就得被网友指出来负责，而且他们的车都不出车祸是这个意思吧,1
2025/4/2 4:02,人一点没事还发视频嘚瑟，还不安全？,1
2025/4/2 4:06,哎妈呀！昨天刚去看的小米SU7，准备今天去提车想想都后怕,0
2025/4/2 4:06,根本就不是技术问题  绝对分心 不看前方  正常障碍物 绝对能看得见 也反应得过来躲避,1
2025/4/2 4:07,一百多公里时速撞水泥敦，坦克也会报废！,0
2025/4/2 4:11,前轱辘都撞飞了，我不信人没有昏迷，我不信后排系安全带了，100的速度装上去，后排肯定颈部骨折,1
2025/4/2 4:15,特斯拉烧死的人可不少，林志颖昏迷后要不是被路人行动迅速地救出来，人也没了,1
2025/4/2 4:18,这更证明是那部车有问题，不然为什么其他不燃烧，就那部3女孩的会燃烧至死呢，逝者安息！,0
2025/4/2 4:21,??????,0
2025/4/2 4:22,本案厂家对外公布有这项功能，这车智驾遇到危险未采取紧急制动，预警2秒时间设计是功能缺陷，所以有责任，从提示车主2秒时间介入就撞，给车主2秒的时间，厂家发布有施工避让功能等紧急制动，时速116k要撞了，提前一秒提示用户，第二秒就撞，等于用户介不介入都是撞，只是用户介入降低到97k官司可打赢,0
2025/4/2 4:26,华为智驾绝不会是猴那个烂样,1
2025/4/2 4:31,博主，你的解读不对,1
2025/4/2 4:32,nb逆天而行,0
2025/4/2 4:33,人会不会那一下撞过去已经昏迷了？,0
2025/4/2 4:34,说实话，就奔着雷总这责任感，我都支持他。虽然事情还没有水落石出,0
2025/4/2 4:37,还是那句话“ai代替不了人类”从她开启智驾  双手离开方向盘开始  命运就掌握在她自己手里了  97迈撞上水泥柱，就算门能开，三位死者还有谁能去开这个门？ 第一次见到车辆事故后第一时间找车企质问的，意欲何为？,1
2025/4/2 4:38,你不是挺好的嘛,0
2025/4/2 4:43,技术不行怪路不平也是没谁了,1
2025/4/2 4:46,回复@请叫我-行哥:一个字没改你的，请问哪有m7？ 评论配图,0
2025/4/2 4:52,第一：车是在男朋友名下的，女生妈妈说男朋友送的，但车挂在男生名下，所以法律上车主是男生，而且有贷款的，女生贷不了所以挂在男的名下。第二：相当于借别人的车开，车上还带着两个人，连同开车的在内三个人死亡。论交通事故赔偿，这个交通事故划分责任会到谁身上？同行两个女生的赔偿又会落到谁那里！当然对于逝去的生命表示遗憾和痛心。,0
2025/4/2 4:56,安全气囊出来你就没法站外面拍视频咯，那威力也不小，没伤都能崩伤,1
2025/4/2 4:58,@叭叭琐事小能手,0
2025/4/2 5:05,哎， 我们无法发声啊,0
2025/4/2 5:07,三十年驾龄了，连定速巡航都很少用。不是不想用，是真的不敢用。感觉只有自己掌控才最放心……,0
2025/4/2 5:11,"小鸟可以站在高高的大树顶上，信任的绝对不是细细的枝条，而是自己的翅膀！
并不是每一个人都适合去操控机械的！尤其是高效能的机械！",0
2025/4/2 5:11,我毕业了，没工作，我要去找学校麻烦了[你不大行],1
2025/4/2 5:13,我对路是去信任了,0
2025/4/2 5:14,这还不到一年，逝者安息！,0
2025/4/2 5:16,#小米SU7高速碰撞爆燃事件细节#,0
2025/4/2 5:17,a柱没变性 出来干啥 弹你脸上 给你弹昏死过去吗？,1
2025/4/2 5:17,警方都没出调查结果，你没发现你已经是在站在小米车就是有问题的角度上再质问人家？有些人就喜欢站在道德的制高点质问别人,1
2025/4/2 5:20,如果这个对话是真的。。这男朋友心态 还有措辞 佩服 真理性,0
2025/4/2 5:29,评论区很干净  话术也很统一,1
2025/4/2 5:38,只能说营销手段好，事件也就那样，大多数都是夸大其词，玩文字游戏，难搞的很。,0
2025/4/2 5:43,有句广告词是为发烧而生，,0
2025/4/2 5:49,抖音搜一下，车祸解体，就知道时速100码，小米有多抗造了！100码的车速正面碰撞是什么概念！正面碰撞测试60码的速度，很多车型都报废！[捂脸][捂脸][捂脸],0
2025/4/2 5:50,真怀疑，现在大学生都那么有钱了,1
2025/4/2 5:52,小米用户以后产品遇到问题，维权的最大障碍就是米猴，小米客服不咬你米猴会咬你，不管对错，只占立场,1
2025/4/2 5:54,还在营销！有激光雷达就保命了？,1
2025/4/2 5:56,不管怎样，上高速这个时速都要万分小心。,0
2025/4/2 5:59,这种路段都敢自驾司机的心真大,1
2025/4/2 6:00,建议所有电车都要装飞机上类似于黑匣子的东西,0
2025/4/2 6:09,看看小米是如何把缺陷转化为特点的只有一大批脑子缺一勺的才会把某某当神拜！,1
2025/4/2 6:10,一群畜牲,1
2025/4/2 6:10,换成水泥的墩子试试,0
2025/4/2 6:13,好多人认为高速好开，其实高速上最需要技术的。,0
2025/4/2 6:20,灭绝了米猴挺好的！,1
2025/4/2 6:21,小米的车，智驾差，AEB也差，死司机，还死路人，就这点交付量，伤亡事故也太多了,1
2025/4/2 6:22,即使是駕駛經驗不足，如果這次在高速不用智能駕駛的話，就沒有這個新聞出現了吧[感谢][感谢][感谢],0
2025/4/2 6:23,另外两个学生是属于搭车还是雇车啊，这种情况需不需要车主赔偿呢？,0
2025/4/2 6:25,服了这些人。企业没一年造车经验就感买,1
2025/4/2 6:26,不管是什么车，技术要扎实，平安到家更重要！,0
2025/4/2 6:31,可惜了三个花样年华的女孩，父母该多难过啊，节哀！买车开车永远把安全放第一啊,0
2025/4/2 6:32,不评价车怎么样，只想说各位开车一定要注意安全！大家都平平安安到家[泣不成声][泣不成声]（不是说他们危险驾驶的意思),0
2025/4/2 6:33,不管开啥车，就算是步行上路了都要注意安全第一[玫瑰],0
2025/4/2 6:33,三人当场死亡和两人当场死亡另一人抢救后死亡性质不一样！[赞],0
2025/4/2 6:33,现在高速上好多施工的，开车要千万小心,0
2025/4/2 6:35,开了两年智驾车的，谈一下自己的理解，第一：车厂的自动驾驶速度必须把安全放在第一位，相信在这种前面改路的情况下周边车速不可能超100的，为啥智驾不降速？第二：未来的智驾必须是车路协同；第三智驾是高门槛的东西，不能谁能能开发上车,0
2025/4/2 6:36,97的速度撞上去人可能都蒙了，在一紧张可能啥都忘了……,0
2025/4/2 6:36,哎，毕业就有这车开。,1
2025/4/2 6:37,连方向盘转动角度和时间都公布了，偏偏漏了电池热失控的时间！电池压根儿没有热失控？还是时间对不上？,1
2025/4/2 6:39,还是买油车，电车不如油车安全,0
2025/4/2 6:40,中国有句古话叫做听其言观其行。 雷总人前唯唯诺诺，小米人后重拳出击。家属被粉丝疯狂攻击。,1
2025/4/2 6:42,你能下来拍视频，说明你没事，弹什么气囊？弹了气囊不是增加你的维修成本吗？,1
2025/4/2 6:43,死于车祸的人太多了 谁都不愿意看到 开车注意安全 希望大家都平平安安的,0
2025/4/2 6:45,11年的驾龄连个定速巡航都不敢用，有没有和我一样的？这个世界上我只相信自己,1
2025/4/2 6:47,一点事没有要弹什么气囊？,1
2025/4/2 6:48,怎么着了 全都在谴责小米 ，其他车企没出过事故没死过人么？？？是觉得买了小米就是买了车辆护身符了？？就规定不能死人了？怎么不说说驾驶员操作的事情？？？,1
2025/4/2 6:48,应届毕业生没有多少年的驾龄吧，竟然三个小姑娘直接上高速，还用智驾，难怪不和家长说实话呢。唉，我都老阿姨了，还很谨慎呢。,0
2025/4/2 6:50,我连定速巡航都不敢用。,0
2025/4/2 6:52,首先逝者为大，但客观评价，人为因素较大，毕竟以现有阶段的所谓完全智能驾驶是不可靠的，驾驶人应该时刻关注路况。,0
2025/4/2 6:52,说的不对吧，事业编联考是329，329结伴出发去安徽池州？,0
2025/4/2 6:54,保时米，怎么会成这样,1
2025/4/2 6:55,//@拼凑de回忆z:像在社交媒体上发布双手离开方向盘驾驶和睡觉驾驶的人，一方面社交平台应该尽快封禁，然后法律方面应该以危险驾驶罪进行起诉,0
2025/4/2 6:55,在压热搜和压消费者这两方面上，小米明显不如特斯拉,0
2025/4/2 6:55,你这么高看自己？？？,1
2025/4/2 6:56,怎么办为什么问雷军,0
2025/4/2 6:57,安全气囊不出来不是很好吗！因为你维修又省了一笔费用按其人气囊的费用1万多呢,1
2025/4/2 6:57,你问这有啥用啊，找保险公司啊，理赔啊，说实话，哪家都出事故，也没见高管出来回应的啊,1
2025/4/2 6:58,他们用生命的代价告诉你，开车别分心，手不要离开方向盘,0
2025/4/2 7:00,我一油车，车内备破窗器，后背箱备灭火器[感谢]有备无患，,0
2025/4/2 7:00,你不是狂热粉要你有啥用,1
2025/4/2 7:00,买小米的胆子是真大,1
2025/4/2 7:01,这是拿生命给小米做免费测试啊,1
2025/4/2 7:01,买菜电瓶车就是买菜电瓶车，上什么高速，高架都不该上,0
2025/4/2 7:02,到底是谁的电池,0
2025/4/2 7:02,这个女的算是造谣了吧，警察都没出通告，她就自己认定了,1
2025/4/2 7:03,你说了啥啊,1
2025/4/2 7:04,看到清醒的人了,0
2025/4/2 7:04,总算有清醒的人,0
2025/4/2 7:06,虽然汽车有自动驾驶，但是安全可靠还是靠我们人类，又不是机器人控制我们人类的,0
2025/4/2 7:07,唉，不管什么车，慢点开，给大脑和身体一个反应时间，希望开车的人都平平安安,0
2025/4/2 7:07,小米做的已经很好了，该提醒，该警告，该联系，打120都做的很好。门从外边、从里边到底能不能开？救援人员都没开门的么[捂脸],0
2025/4/2 7:07,有正经生产厂家你不买,1
2025/4/2 7:08,我被拉黑五六年了，问了句米8的问题，从此告别小米,1
2025/4/2 7:09,早就把雨田君拉黑了，眼不见为净,1
2025/4/2 7:11,自动驾驶在某些领域或许有意义，但对绝大多数开车的人来说，自动驾驶没有任何意义。 智驾发力的重点应该是安全，那就是提高驾驶的安全性，在提高驾驶的安全性下功夫。但现在所谓的智驾，既不能提高驾驶安全，也没有提高驾乘舒适性，也没有给驾驶人创造任何收益（除了装酷，但也失去了驾驶的乐趣） ,0
2025/4/2 7:11,你是幸运的没烧起来,1
2025/4/2 7:12,这车，支架是有的，但智驾是吹出来的,1
2025/4/2 7:13,比亚迪老王说的对，造车不是要豪华无人驾驶，安全是最好的豪华,0
2025/4/2 7:13,没识别出施工减速牌？ 如果没有标识 小米可以推给高速路政,1
2025/4/2 7:14,关键是他那个车是su7标准版吧、不带激光雷达和高阶智驾、高速夜间也敢那么搞,1
2025/4/2 7:14,我都开了20年了，我有的时候我连我自己都不相信，他们能够交给自动驾驶，[赞][赞][赞],0
2025/4/2 7:14,为啥会爆燃[灵机一动],0
2025/4/2 7:15,能够全网封杀两天信息，牛逼plus。,1
2025/4/2 7:15,小米的粉丝太极端了…… 怎么这么双标……,1
2025/4/2 7:17,这全是水马呀，哪里有水泥墩？,1
2025/4/2 7:17,小米开始公关了，特斯拉又是被说了。1、智能驾驶。2、车门为什么打不开。3、是不是存在太多的夸大宣传，,1
2025/4/2 7:18,不会洗就别洗,1
2025/4/2 7:19,吃人血馒头真的恶心啊你！！！,1
2025/4/2 7:19,小米智驾什么水平，可以自己领会,1
2025/4/2 7:20,晚上看不见，驾驶经验不足，慌了，大概率是新手司机干出来的,1
2025/4/2 7:21,你都没看过家属澄清。这个是男友买给她的，不是借车，她已经用这台车单独往返武汉佛山多次，还有一次和妈妈一起从深圳到武汉。,0
2025/4/2 7:22,拿人体去做汽车测试太过分了。,1
2025/4/2 7:22,自动档我都不喜欢，就喜欢手动档，可惜现在市场上现在手动档车辆很少[捂脸],0
2025/4/2 7:22,海狗狂欢啊,0
2025/4/2 7:23,没有爆炸打不开门就很不错了,0
2025/4/2 7:23,死者为大，米粉的良心在哪里，发表这种言论至少也要等全部调查出来。难道小米车就不会有问题吗,1
2025/4/2 7:25,看下面留言小米水军是真厉害,1
2025/4/2 7:28,这个事情路政责任更大！封路安全措施应该是有很大问题，但似乎大家都在说车的问题而没有说路政施工安全措施问题,0
2025/4/2 7:28,谁在全网吹小米安全？什么135km/h  AEB   什么第一批小米没了  车主还在  刺耳吗,1
2025/4/2 7:29,能帮雷总一点是一点 [一起加油],0
2025/4/2 7:29,要气一辈子,1
2025/4/2 7:29,车企倒霉 后排俩女孩更倒霉,1
2025/4/2 7:30,这样说吧，不要忘记初心，学驾照开车是为了方便自己，智能辅助驾驶技术是为你提供最优质的驾驶体验，不是让你把生命交给智能驾驶，把自己的生命交给智能汽车发挥，你的想法就注定了结果，所以说时代在进步我们的自我保护意识变弱了，变懒惰了，相信智驾都不相信自己，智驾系统是你在危险驾驶途中，能够提高你的安全概率。有概率的东西还是谨慎一点。希望我们以后时刻谨记安全出行谨慎开车，一路平安，[玫瑰],0
2025/4/2 7:30,你家祖坟是不是出问题了,1
2025/4/2 7:30,雷不群,0
2025/4/2 7:31,撞成这样，你还高兴的拍视频呢，很安全，没必要弹出气囊！,1
2025/4/2 7:31,泰迪配杂粮，智商有点狂,1
2025/4/2 7:32,小米不能碰的,1
2025/4/2 7:33,珍爱生命，远离小米。 记住：安全才是最大的安全。  推卸责任，没有担当，这样的企业不值得信任。,1
2025/4/2 7:34,市场该把营销为主导转变为以质为主导了，要不然个个都是花样营销，成本都在营销包装上，质当然就不能保证了,0
2025/4/2 7:34,小米用的谁的电池[呲牙],0
2025/4/2 7:34,一直都认为小米就是山寨货[捂脸]，终于，，，，,1
2025/4/2 7:35,说不好听的话这就是场普通车祸事故，无非就是车子是小米，被无限放大了。,0
2025/4/2 7:35,有个信息一直没找到，到底是当场死亡，还是被烧死的，这个其实挺重要的。,0
2025/4/2 7:35,还是电池问题！,0
2025/4/2 7:37,不敢买小米,0
2025/4/2 7:37,你们还在，纠结撞车，我就在等小米股票下来点，让我赶紧上车。,0
2025/4/2 7:38,和家里人说坐高铁，那就是意味着开车不行，家里不能同意，所以要撒谎,0
2025/4/2 7:40,上市前有碰撞测试吗,0
2025/4/2 7:41,[感谢][感谢][感谢][感谢][感谢][感谢][感谢][感谢][感谢][感谢][感谢][感谢][感谢][感谢][感谢],0
2025/4/2 7:41,666雷军演都不演了,1
2025/4/2 7:41,小米千万不要赔钱 开了这个先河后面会源源不断问你要赔偿,1
2025/4/2 7:42,记得十几年前我坐在朋友的mini cooper 上追尾了，主驾和副驾的安全气囊都弹出来，出车一看就是前车架有少许变形。被追的本田整个车尾都没有了。还是德国车的钢水好,0
2025/4/2 7:42,油车出事自己扛，电车可以找车商？[捂脸][呲牙][呲牙],1
2025/4/2 7:42,出事的话跟小米有啥关系，还得等车企，真的巨婴,1
2025/4/2 7:42,夸，就完事儿了,0
2025/4/2 7:43,那是你开的还不够快，因为力度到了，就弹出来了,1
2025/4/2 7:43,大半夜开智驾，我们油车??大半夜双手不离手，眼睛都不敢眯眼[感谢]…三位大美女[感谢]安息…,0
2025/4/2 7:44,小米自己封装技术菜怪什么供应商。供应商自己家卖了这么多年刀片电池，啥时候出过这么严重的事故？,1
2025/4/2 7:44,你以为你是什么大人物吗？人家压根不在乎你好吧，在这儿刷什么存在感呢你,1
2025/4/2 7:46,你不时刻维护雷教主，你当什么米粉。,1
2025/4/2 7:47,猴子真卖力,1
2025/4/2 7:47,大学生都开20多万的车了。我都43了。还开理想的爷爷。是不是有点失败。,1
2025/4/2 7:47,汽油车这么撞就没事？这就对电车失去信心了？希望不要是挤不进去新能源的欧美带节奏,1
2025/4/2 7:48,使用手机型号正确,0
2025/4/2 7:48,哦,0
2025/4/2 7:49,看这么多视频。就听你讲的舒服。,0
2025/4/2 7:49,每一个活着的车主下来拍视频说没炸气囊，评论区都说“撞成这样，咱车主还能下来录视频，其他品牌都做不到”,0
2025/4/2 7:49,无人驾驶网约车可没司机啊,0
2025/4/2 7:49,大学生不能办贷款吗，成年都可以吧，大学生年龄也得24了吧，,0
2025/4/2 7:49,猕猴,0
2025/4/2 7:49,这是阴谋，美狗顾水军想搞死中国企业,1
2025/4/2 7:50,手机用澎湃bug一大堆又卡，车机也用澎湃……,1
2025/4/2 7:51,回复@萱小白滴左岸18:有上去抽一巴掌的冲动，不好意思不好意思,1
2025/4/2 7:51,把人当傻子，谁不知道现在只是辅助驾驶，蹭流量，虽然我不是米粉，但不支持家属，晚上开车睡觉是最大责任,1
2025/4/2 7:52,这个驾车人当时是怎么驾车的？始终看不到清楚的报道,0
2025/4/2 7:52,欲速则不达，汽车比较手机，靠营销获取市场，没有强大的技术作后盾，迟早市场会给以回击。,0
2025/4/2 7:53,专心驾驶，比啥都重要，生命是自己的，智驾是让你有更好体验，不是让你完全依靠，安全无小事。,0
2025/4/2 7:54,出了事故，尽然有人在网暴受害者家属[流泪]这个世界怎么了,0
2025/4/2 7:54,这也拉黑,1
2025/4/2 7:55,既然那么安全，怎么会燃烧呢？怎么解释？,0
2025/4/2 7:56,？,0
2025/4/2 7:57,正常人都知道，等事情调查清楚再表态，事情还没水落石出，你这个时候让他怎么表态？你还不是纯恶意？,1
2025/4/2 7:57,智驾初衷是辅助驾驶员，不是代替驾驶员，还是建议大家专心开车，不要把生命当儿戏，对自己及车上的乘客负责，愿逝者安息，愿大家平安,0
2025/4/2 7:57,油车这么撞，也会死人的,1
2025/4/2 7:57,17年的驾龄，零事故，不依赖任何车上的高科技，只相信，自己的，手，脚，眼睛，累了，赶紧找个服务区休息,0
2025/4/2 7:59,问题来了，为啥打不开门[看],0
2025/4/2 7:59,想问一下，开车上高速容易打瞌睡，除了红牛和东鹏特饮，还有什么可以提神[流泪]。我假期想和朋友们一起自驾玩,0
2025/4/2 7:59,不是有辅助刹车吗？？？难道辅助刹车这个功能都是假的？？？,1
2025/4/2 8:00,回复@Ethan3041:是的，同样品牌的车，都有不同的情景，所以不好评,0
2025/4/2 8:00,自己说了什么没点B数，跑到这儿博同情，招笑。,1
2025/4/2 8:01,从大墩村后，再也不看DV了,0
2025/4/2 8:01,万分之一也承受不起啊,0
2025/4/2 8:03,这个让他再开一次绝对开不出这种效果,1
2025/4/2 8:03,忘加了,0
2025/4/2 8:04,10年女司机了，每个月都要跑几次长途，从来不相信智能，只信自己的双手,0
2025/4/2 8:04,我从4.1号过来 [感谢][感谢][感谢][感谢],0
2025/4/2 8:04,什么都不用换，让他再来一次，绝对开不出这种效果,1
2025/4/2 8:04,咋办？凉拌 要不你去陪一陪,1
2025/4/2 8:04,事业编考试是29号上午，晚上出的事，真不知道怎么传出来的[呆无辜],0
2025/4/2 8:05,目测50达不到这种效果吧,0
2025/4/2 8:05,只能说这车主命大,0
2025/4/2 8:05,昨天刚买了，怎么办啊，能退吗？,0
2025/4/2 8:05,到什么地方去考事业编需要晚上出门,0
2025/4/2 8:06,你在这博关注呢,1
2025/4/2 8:06,是车失控，还是人的问题，搞搞清楚，没有智能驾驶，现在只能说辅助驾驶，而且还是最底版，,0
2025/4/2 8:07,配置最低的是驾驶员,0
2025/4/2 8:07,谢谢你的评论,0
2025/4/2 8:07,安全，怎么爆炸了？,1
2025/4/2 8:08,这么说吧，我父亲年初独立事故，7 80 的速度撞到树上了，一辆 suv 撞报废了，且当时的情况，我父亲已经失能，所以理论上这个速度下，还讨论门锁能不能开有点多余，因为大概率驾驶员和乘客已经无意识状态了,0
2025/4/2 8:08,信任电车技术，年轻人追潮，成了实验牺牲品，可惜啦三条鲜活的生命[感谢][感谢][感谢],1
2025/4/2 8:08,真实的问一句，电池是不是真的不安全,0
2025/4/2 8:08,时间和驾驶次数能代表什么呢？司机上路的安全意识才最重要??,0
2025/4/2 8:09,灵魂人物不痛不痒的几句声明立马站占了热搜第一,1
2025/4/2 8:09,又在帮雷军洗吧，我也是米粉，现在失望透了，做个理智的米粉吧,1
2025/4/2 8:09,然后呢?车辆究竟有没有做撞击测试?,0
2025/4/2 8:10,撞成这样气囊没炸，人没死，还要厂家给你买棺材吗,1
2025/4/2 8:10,太痛心了，三个年轻的生命，可想而知她们当时有多绝望，希望广大车友们，不管您开什么车，自己双手双脚操作最为保险，瞌睡了就休息，心情不好就停车调整。智驾总归是智驾，智驾也有缺陷，更何况人走路也有摔倒的时候，所以希望广大车友尊重自己的生命安全。,0
2025/4/2 8:11,不是说驾驶员打方向盘导致碰撞么，怎么各个媒体说法都不一样,0
2025/4/2 8:12,智驾怎么可能做到预判改道，车子也要时间反应啊，它又不是上帝视角,0
2025/4/2 8:12,吃螃蟹的代价,0
2025/4/2 8:12,回复@醉梦星河月:机械门拉手一样的，碰撞瞬间断电，中控锁没解锁的话，从外面就是打不开,0
2025/4/2 8:13,油车高速撞击着火的也有很多,0
2025/4/2 8:13,哈哈,0
2025/4/2 8:15,"激光雷达就应该被淘汰。智驾也好，自动驾驶也罢。
重点不应该是它会自动驾驶，而是拟人驾驶。",0
2025/4/2 8:15,关车企什么事我想问！！！！走路摔跤了还得怪马路是吧！不拉黑你拉黑谁！,1
2025/4/2 8:16,为什么不好好讨论发生事故电池爆燃或起火概率 燃油车和电动车哪个概率高,0
2025/4/2 8:16,来这样的车，就是玩命，,1
2025/4/2 8:17,还是不要太相信电车！,0
2025/4/2 8:18,新手、借的车、晚上、高速、修路、智驾、双手离开方向盘，只能说是保险不够赔车上其他两个人，想讹小米，让小米多赔一点,1
2025/4/2 8:18,回复@BCJIE丶:貌似有些车是有碰撞后自动解锁的功能的,0
2025/4/2 8:18,调查不是警方的事么，雷总怎么回答,0
2025/4/2 8:18,有道理呀，多么智障呀，完全依赖智驾，自己连点判断力都没有吗？,1
2025/4/2 8:20,雷猴啊真的大得人物也会拉黑人啊,0
2025/4/2 8:21,米猴是这样的 对他们的米猴逝者也是各种攻击,1
2025/4/2 8:21,智驾还是华为靠谱,0
2025/4/2 8:22,买不能说品牌出问题会有一群猴子喷你,1
2025/4/2 8:22,人为踩了刹车 自动接管的,0
2025/4/2 8:22,大梁都没擦伤，但凡弹了气囊你现在都鼻青脸肿的真是尬黑,1
2025/4/2 8:22,抽烟会致癌，抽烟影响健康，慢性自杀，你们敢不敢去找烟草集团？,1
2025/4/2 8:22,个人感觉是在这种路障前面多少米一般都有警示牌。如果人注意不到，车肯定是看不到的。真正到了路障阶段，高速急停加智驾改人驾，来不及反应，撞车翻车。,0
2025/4/2 8:23,我小米手机有问题，评论了一下，也被拉黑了,1
2025/4/2 8:23,公关文你妹，雷军最特码讨厌公关的，人家亲自出面回应，公关都是外面合作外包的公司，小米现在很少做这个,1
2025/4/2 8:23,我也觉得，就他这发言不是纯纯找事么，还在这我是米粉我问的没问题,1
2025/4/2 8:24,想知道如果遇到障碍物，人不去接管的话，车子能不能自己避开障碍物？,0
2025/4/2 8:24,大家还记得这个新闻嘛,0
2025/4/2 8:25,有没有可能把交警或者路建连入到导航系统，随时更新路障及特殊情况，这样即使是晚上也能提前预警，提前刹车。这种情况，即使人驾，估计也很难幸免。不过人会因为害怕减慢速度行驶，这样兴许会保命。三个年轻的生命就这样悄然无声而去。用生命给人以警醒。,0
2025/4/2 8:26,终于有个人说出我心里话[赞][赞]帅哥你说得好详细，你真帅[666][666][666],0
2025/4/2 8:26,[捂脸][捂脸][捂脸]玩砸了,1
2025/4/2 8:27,格局啊,0
2025/4/2 8:28,一直有个疑问：她如果不接管的话会不会有生还的可能,0
2025/4/2 8:29,懂的都懂，换成其他车，根本没人讨论[哈欠],0
2025/4/2 8:29,哈哈哈哈哈哈 才发现是个两面人？,1
2025/4/2 8:29,之前特斯拉出事，也没人去问马斯克啊。华为出事有人问任正非？,1
2025/4/2 8:31,新一说的有一点很感同身受，智驾什么场景很容易出事故：当一个紧急事件发生时，车主因为紧张点刹车导致智驾退出，然后接管了又没完全接管就会出事。要么完全相信智驾等他减速，要么就完全接管。另外晚上还是得有激光雷达啊，纯视觉最怕路上突然出的桶桩，反正我是不敢完全相信没有激光雷达的车晚上智驾,0
2025/4/2 8:32,你不能在捂不住的时候才等官方通报,1
2025/4/2 8:32,你摔一跤是找鞋厂还是修路的负责啊,1
2025/4/2 8:33,那些骂华为和小米的，一律归为日本人，看看当初日本汽车是怎么发家的，是本田丰田啥的，不是在日本出现一次次事故之后，受到包容，并且在包容之后，努力去改正吗？怎么国产车出现一次并不能全责归为车企事故，就全力攻击车企。,1
2025/4/2 8:33,主要责任不是人吗？跟车有啥关系，你换特斯拉不死？就你这认知,1
2025/4/2 8:33,大部分人都不敢 驾驶员才是自己生命的第一责任人,0
2025/4/2 8:33,脑子不好使吧！出车祸先找车企，什么时候的规定,1
2025/4/2 8:34,开高速我老公叫我开智驾我都不开，说可以轻松些，但我还是不敢，我还是相信我自己的脚[笑哭],0
2025/4/2 8:35,你还觉得你没问题，雷军不是警察，这件事情你去问别人要结果，而不是等警方通报结果。你觉得你脑子还没问题吗？是我我也拉黑你。,1
2025/4/2 8:35,行业内首创电池对地喷火，结果把车内三个年轻人烧死。行业内首创半隐藏式门把手，门打不开。行业领先的AEB，居然不能识别水泥墩。 能不能不吹牛逼，立人设，搞营销！手机这么玩死不了人。汽车这么玩会死人的啊。小米带走多少用户了？,1
2025/4/2 8:35,物种多样性。有的人是人，有的人是渣,1
2025/4/2 8:35,轿车底盘太低了，必须买中大SUV,0
2025/4/2 8:35,还是雷军太烂好人 谁撞车找车企赔钱 人才 要是说车本身存在安全问题可以找 如果没有 那你就是赌雷军花钱平息,1
2025/4/2 8:36,我乖死者为大,1
2025/4/2 8:37,一百多万的雷克萨斯出事故，没有人找制造商，国产的质量再好国人都要质疑[赞][赞][赞]悲哀,1
2025/4/2 8:37,典型双标,1
2025/4/2 8:37,我想知道油车100迈撞上后车门能开吗,0
2025/4/2 8:37,这么起号你父母怎么办,1
2025/4/2 8:37,为啥自动啊！先自己开啊！磨合磨合！太可惜了！还这么年轻,1
2025/4/2 8:38,问题是细节还在调差中，怎么公布？,0
2025/4/2 8:39,点了！笑死了 按照这个逻辑 特斯拉宝马大众车 发生事故的时候找公司赔钱得了,1
2025/4/2 8:39,死了才安全,1
2025/4/2 8:39,警方都没公布细节呢，小米怎么可能会，没有警方的允许，你能擅自更新,1
2025/4/2 8:41,我想问一下，开车上高速容易打瞌睡，除了红牛和东鹏特饮，还有什么可以提神[流泪]。我 假期想和朋友们自驾玩,0
2025/4/2 8:41,自己撞车找人车商赔，,1
2025/4/2 8:41,如果没有智驾是不是这三个生命可以活很久？1-2秒前反映时间给人这不是害人么,1
2025/4/2 8:43,@落幕ぅぁ 武汉到安徽考编，好离谱的文字，妈呀，为什么不做高铁啊[黑脸],1
2025/4/2 8:44,我可以负责任的说，目前的技术条件下生产的所有电池都会爆燃，只是概率问题，然后所有的汽车碰撞试验都是限制在时速60公里下的，开到100码撞上了，只能看老天爷了,0
2025/4/2 8:44,吊不吊,1
2025/4/2 8:44,感觉不止，起码60-80了感觉，参考隔壁车的速度正常行驶至少应该是有80的，但这个应该是有缓冲，翻滚空中反而有一定卸力降低了直接冲击力，这个车主是真的命大而且这个安全性确实可以,0
2025/4/2 8:44,我老公用巡航，手一离开方向盘，我就开始叫唤骂人了[暗中观察],1
2025/4/2 8:45,夜晚，高速，修路，路况不好，这也敢开116迈！！！,1
2025/4/2 8:45,湖北日报都不让报道这件事，你在想什么,1
2025/4/2 8:45,我儿子也提su7了，严厉告诉儿子不允许使用智驾，一定要握住方向盘，安全第一。,0
2025/4/2 8:45,现在还用k30，你这种低质量米粉不拉黑留着干嘛,1
2025/4/2 8:46,小米到现在都接触不到事故车，只能等警方的调查结果，你在这问雷军三个花季少女怎么办？他能怎么办？你特意强调花季少女不就是想说小米害死了三个可怜的年轻女学生么？还在这装无辜，“我是米粉，你拉黑我干嘛”，是我我也拉黑你,1
2025/4/2 8:46,卖车是告诉你这车有多智能，出事告诉你所有智能都是辅助[捂脸][捂脸][捂脸],0
2025/4/2 8:47,门打不开，有解释了吗？这些故障，不需要市场验证？比如这次找到原因，后期就会修复，这就是一家企业的底蕴。,0
2025/4/2 8:48,主要的事刚造出来的新产品，有的人觉得是车的问题，要是老款车就不会找厂家了，对吧,0
2025/4/2 8:49,粗虫们开始往三个女生身上抹黑了！粗虫们就是一个恶臭、无耻、双标和恶心的群体！,1
2025/4/2 8:49,结果还没出来 你问个der啊问,1
2025/4/2 8:50,开车就是脚踏鬼门关，记得要宽容，不要斤斤计较，肚量要大，一个87岁老司机告诉我（当年云贵川跑的汽车兵）。,0
2025/4/2 8:50,你讲的很清楚详细也很客观.,0
2025/4/2 8:50,国产电车 第一批人咋呀[捂脸][捂脸][捂脸],0
2025/4/2 8:51,要不然人家评论底下全是唱赞歌的呢，筛选十几年了,1
2025/4/2 8:51,别的车出事故，米粉帮车主维权，小米的车出事故，米粉帮雷军维权,1
2025/4/2 8:52,点了//@白鹭更莫林300:车头都撞没了，然后说车里人没事，是车门打不开导致死亡的，也是牛逼会瞎说的，是我我也封它//@风铃晚安:其他的我都不关心 三个女孩子被活活烧死 好心痛,1
2025/4/2 8:52,公布细节不是应该问警方么？他都没接触车辆你让一个老总怎么公布？你说你是粉丝，你跟着一起扣字带节奏么？你看看你现在又发布作品，你看看呢些人怎么评论的？你这又是什么作为呢？,1
2025/4/2 8:53,千错万错只能怪自己买了电车！,1
2025/4/2 8:53,万分之一???笑死了，活着本是意外，做高铁怕出事，做飞机怕出事，做项目怕做不好被强，做别人男朋友怕不称职被绿，人生本是场豪赌，区别是是否能对自己决定和行为负责,1
2025/4/2 8:55,撞车就要找车企吗？,0
2025/4/2 8:55,警察都没查明白原因，没公布呢。你在这叫唤啥呢？对人造成影响你赔不赔钱？,1
2025/4/2 8:56,小米电车第一批的车主，还有多少活着,1
2025/4/2 8:56,现在是粗粮水军世界，请各位最好悠着点为好，免遭人身攻击[看],1
2025/4/2 8:58,这么短时间来不及反应的，还是自己驾驶比较妥当,0
2025/4/2 8:58,过年开车送我妈，我妈开门下车，一辆电动车撞到门框，我妈当即质问电动车主，怎么骑车的，赔我家车[捂脸]我赶紧下车，把人家扶起来，最后我赔电动车车主500块解决，我妈就开始骂我，她不能理解为什么我要赔钱，但我知道谁对谁错，不能因为这个人是我妈，我就颠倒黑白,0
2025/4/2 8:59,说的很中肯,0
2025/4/2 8:59,机械门锁真不能缺失,0
2025/4/2 8:59,其实我觉得她如果不接手，智能能保下她们，因为那个时候已经在降速了，她接手了智能退出了，然后乱打方向盘,0
2025/4/2 9:00,智能辅助驾驶只是辅助…高速上开智驾速度快怕反应不过来，还有就是会不会存在疲劳驾驶车主睡着的情况开的智驾……主要一点还是不要太依赖智能驾驶……,0
2025/4/2 9:00,不是三个人去玩吗[尬笑]事业编早考完了[尬笑],0
2025/4/2 9:01,问界出事全网帮车主维权，小米出事全网给车主定责,1
2025/4/2 9:01,最离谱的还是现在那些所谓智架允许双手离开方向盘，好好扶着方向盘看路还会有这事情发生吗,1
2025/4/2 9:02,电池管理还是需要进步，除了防撞还需要解决碰撞后如何能够避免自燃,0
2025/4/2 9:03,有没有告诉你，只是辅助驾驶，嗯，回答我[咒骂],1
2025/4/2 9:03,要不然考驾照的意义是什么？,0
2025/4/2 9:04,有车友开车去现场了，施工改道，限速40。这种路确实很极端，家属节哀,0
2025/4/2 9:05,有没有可能边开车边玩手机，突然发现猛打方向盘。,0
2025/4/2 9:05,方向盘永远要掌握在自己的手上  因为它掌管了你的生命,0
2025/4/2 9:05,支持等待警方发布公告,0
2025/4/2 9:08,军儿 脸肿吗,1
2025/4/2 9:08,有人说雷总装，那他装一辈子不就成真的了么,0
2025/4/2 9:09,继续信仰，雨田君耍的米猴团团转,0
2025/4/2 9:09,买小米的东西可得有预期，看着便宜但是质量很不过关，我包括我及身边人亲身经历，你去知乎搜一下米粉怎么变成米黑的，很多东西都是贴牌，东西质量差的离谱。,1
2025/4/2 9:09,你是13年米黑吧？装啥好人，无非就是蹭流量的,1
2025/4/2 9:09,我不管什么时候，重来没有使用过智驾，方向盘只有掌握在自己手中才是硬道理,0
2025/4/2 9:10,自己开车出事了，不找交警保险，讨伐汽车厂商？有意思哦，平时开油车的出了事故也找4s店吧 别找交警了,1
2025/4/2 9:10,"22:18分提示轻度分心报警
22:36分提示脱手预警，请手握方向盘
到22:44分25秒才人进入人驾状态！
全网都在说22:44分24秒到22:44分25秒这一秒内的问题！为什么就不想想22:36分48秒到22:44分24秒之间这8分24秒内的问题呢？都发出脱手预警了，请车主手握方向盘了，这时间内车主干嘛去了？",1
2025/4/2 9:10,这玩意儿能怪小米？  你换个车去撞一样的结果  想要钱嘛  也不想负责  当时车上两个人呢  要是车主自己的行为还得赔偿两个人  最好就是把责任推给车企  自己一分钱不用陪,1
2025/4/2 9:10,谢谢你的评论,0
2025/4/2 9:11,你是比较理性的车主！为你点赞！,0
2025/4/2 9:11,现在都在说雷总负责任,0
2025/4/2 9:11,拉黑就算了，还去艾特，要点脸不,1
2025/4/2 9:12,某X出车祸，不鸟家属，还下架视频，还说车辆事后没见过，不清楚情况，X粉还要网暴家属给遇难者扣帽子。  XX水军怪宣传智驾，怪车主，怪电池供应商，怪修路，怪锥桶，怪华为，怪友商，怪家属…,1
2025/4/2 9:12,小米有机械开关 没电也能开,0
2025/4/2 9:13,好多高速事故都是施工??导致[捂脸],0
2025/4/2 9:13,十八年的车龄了，35万多公里，就连最简单的定速巡航都没有用过，我只相信我自己的手和脚[捂脸],0
2025/4/2 9:13,以后是不是出了车祸都找厂家？,0
2025/4/2 9:14,偷摸拍的？？,1
2025/4/2 9:14,爆燃是锂电通病,0
2025/4/2 9:14,为什么这么清楚，你也在车里？,1
2025/4/2 9:14,我朋友亲身体验，70码追尾，人都当时喘不过来气，90码人已经晕了恐怕,0
2025/4/2 9:15,猴群到底是一群什么样的物种,0
2025/4/2 9:16,都知道开车不能聊天，可惜了其他两位女生,0
2025/4/2 9:16,那你一定是米黑 不然怎么会拉黑你,1
2025/4/2 9:16,我想问一下，开车上高速容易打瞌睡，除了红牛和东鹏特饮，还有什么可以提神[流泪]。我 假期想和朋友们自驾玩,0
2025/4/2 9:17,是聊天记录啊，那一定是真的了,1
2025/4/2 9:17,你还是律师，我也是法学专业的，你看看你在说什么。说句难听的，三个家属只有这个女司机家属出来发声，她发声有一点点难过吗？好像就定性车企有问题。我是油车车主，我也不是任何车的粉丝，我觉得这件事调查清楚，但是车主自己要承担的责任也得调查清楚！,1
2025/4/2 9:17,你是乐子,1
2025/4/2 9:17,查一查微信，当时是不是跟男朋友打视频聊天，打字,1
2025/4/2 9:18,无语,0
2025/4/2 9:18,山西运城问界m7也带走了一车人，大白天，大晴天的,0
2025/4/2 9:19,谢谢你的评论,0
2025/4/2 9:21,你是个什么几把？,1
2025/4/2 9:21,手机都仿别人的，严重发烫，而且不知道这些人有没有脑子，小米什么都喜欢仿别人的质量又不好,1
2025/4/2 9:21,终于被流量反噬了，小米不是各种伟光正吗,1
2025/4/2 9:23,这说话的不光是粉丝吧,0
2025/4/2 9:23,回复@用户7414880739:怎么就不能类比了，只是一个事故大，一个事故小而已,1
2025/4/2 9:24,你这又能打电话，又能拍视频的，说明撞的也不严重不需要安全气囊保护，省了好几万呢,1
2025/4/2 9:24,处于风口浪尖上等发公告就行了，每个人都去问他，回答的过来吗？,0
2025/4/2 9:24,小米股票估计要，跌了，,0
2025/4/2 9:24,那百万豪车雷克萨斯lm300呢可是传统车门，不也一样打不开1死2伤。只能说自己是自己健康的第一责任人,0
2025/4/2 9:24,别粉他了，会没命的。买啥车不好，买啥牌子的产品不行。。,1
2025/4/2 9:24,开辅助驾驶都就要经过考试的，什么叫没有明确规定？,0
2025/4/2 9:24,很多大老板没人格,1
2025/4/2 9:24,无需道歉，难道刀砍人了要找卖菜刀的吗？,1
2025/4/2 9:25,屌丝猕猴又开始叫了,1
2025/4/2 9:26,这个怎么没有爆燃，车门也能打开,0
2025/4/2 9:26,车主和他女朋友也是米粉,0
2025/4/2 9:26,我不是米粉，这个已经是全国爆了的事件，出事故先定责调查真实情况再分清责任这么简单的逻辑为何就是不明白！你就算是抓个杀人犯从被抓到判刑都是有时间的！就这么等不起吗？比起家属的悲愤，吃瓜的你感觉想要小米破产吧,1
2025/4/2 9:26,考编那么重要的事，干嘛要千里迢迢自己开车去啊坐高铁不香吗？咳，可惜了3个女孩。,1
2025/4/2 9:26,所以知道谁才是网络黑社会吧一个品牌叫华为，黑屋华华，屋为为，还有个不能说。知道大家为什么这么调侃嘛,1
2025/4/2 9:26,??????,0
2025/4/2 9:27,雷军昨晚9点多发的回应 你昨天早上评论的 时间点都不一样,0
2025/4/2 9:27,车机都反复提示不要分心手握双向盘最后双手还离开了方向盘，哎,0
2025/4/2 9:28,能有点脑子吗，一百多码出事故什么概念知道吗,1
2025/4/2 9:28,等事情有了定局，你再问也不迟啊,0
2025/4/2 9:28,无论什么车子驾驶人做不到安全驾驶都有出事故的可能，那怕骑自行车也有摔倒的时候，比如：超速行驶，赌气 斗气开车，分神瞌睡，突发急病，车辆突发故障，路口突然出现车辆或行人，前方出现团雾，等等等等，还是等待调查结果吧,0
2025/4/2 9:28,高速路上出事的多少能活命那么快干上去人都懵了[捂脸],0
2025/4/2 9:28,大哥116,0
2025/4/2 9:28,请大家推荐一款不会出车祸的车。[感谢][感谢][感谢],0
2025/4/2 9:29,可能各地习俗不一样，我们这里出现交通事故，只需要联系保险公司、120和交警就可以了。第一次听说需要联系车企[囧],0
2025/4/2 9:29,科技发达值得敬佩，但生命安全还是要放在第一位，当你手握方向盘的时候，还是不能把你的人生安全毫无保留的交给高科技，驾驶员们一定要慎重！慎重！再慎重！三个年轻的生命，好可惜，三个家庭的父母天都塌了,0
2025/4/2 9:30,我高速基本上都是智驾很安全，自己全程不用神经紧绷了,0
2025/4/2 9:30,看看你自己说的什么真人才,1
2025/4/2 9:30,到底哪一款电车没出过自然问题，五一打算提车，求告知[黑脸][黑脸][黑脸][黑脸],1
2025/4/2 9:31,关于路人的救援，网上听到的有两个人，一是路政施工人员，穿着晚上能发光的背心的，另一个是货车司机。因为打不开车门，没救助成功。另外，我吃的瓜，因为女生是在校生没收入不能贷款，所以借男友的名义贷款买的车。以上信息来源网络。,0
2025/4/2 9:31,二货,1
2025/4/2 9:31,你敢想你在评论的时候有多少人和你一样在发同样的消息给雷总,0
2025/4/2 9:31,今天早上没拉出??来 希望马桶制造伤给我一个说法[捂脸],1
2025/4/2 9:32,即使不着火，120迈的速度，撞车的时候还有97的速度，3个人能活几个呢。逝者安息，3条年轻的生命,0
2025/4/2 9:32,反串给多少钱，我也想参加，真正的米粉不会在风口浪尖上自以为是的瞎搞。而且凭啥回答你，凭你说你是13年的mi粉？,1
2025/4/2 9:32,事故可能是多种因素造成的，找到原因吸取教训是最重要的！,0
2025/4/2 9:33,这个接管智驾有没有可能是智驾已经在减速了，然后驾驶员动了一下方向盘和踩了一下刹车强行断了智驾的减速,0
2025/4/2 9:33,回复@不是许文强vip:既然报警了，第三方接触经过警察没毛病，出事故要车企接入的不是正常流程，觉得车有问题可以另起诉。,0
2025/4/2 9:33,很多年了我就觉得不实诚啊[呆无辜]怎么会记不住恋爱多久呢[流泪],0
2025/4/2 9:33,可怜仨女孩，小米粉丝献出了年轻生命，以生命试错，又帮雷布斯赚了好几万。,1
2025/4/2 9:33,小米态度端正，绝对配合警方调查！,0
2025/4/2 9:33,为啥联系小米  要联系保险和交警,0
2025/4/2 9:33,小米雷总的讲话表态，是有担当的[赞],0
2025/4/2 9:33,高速开车分心+双手离开方向盘 神仙来了也难救,0
2025/4/2 9:33,主页微博全是诋毁，怕一次小米手机都没买过吧,1
2025/4/2 9:34,冖不群,0
2025/4/2 9:34,我没记错应该是116公里吧[捂脸],0
2025/4/2 9:34,家属的态度也能感受到他们的善良,0
2025/4/2 9:34,又不是撞上障碍物，是人打方向盘撞上马路护栏啊,1
2025/4/2 9:34,不是说NOA发出提示，然后被人接管了吗？,0
2025/4/2 9:35,科技在进步，和我们每个人都有关。目前的智驾是L2级，本来就不是无人驾驶，初衷是为了让驾驶员可以缓解减轻疲劳，而不是完全脱手不管，电车是科技发展的产物，没有问题，只是很多人缺少敬畏罢了,0
2025/4/2 9:36,用了小米1s后没再考虑过[捂脸][捂脸],0
2025/4/2 9:36,所以驾驶员刹车没有踩死。踩死了可能还能活 就是新手司机的问题 什么车来了都不好使,1
2025/4/2 9:36,小米是营销公司,1
2025/4/2 9:36,有紧急阀门的，,0
2025/4/2 9:37,拉黑咋啦，人家也在直面问题处理问题啊，说话难听又不是事故相关人员干嘛不拉黑,1
2025/4/2 9:38,倒置电池只是说给人5分钟安全时间逃离。没有说不起火。火是朝下爆燃的 96码的速度撞水泥墩子 现在基本大部分人后排都不会系安全带 说不定三个人全晕了,1
2025/4/2 9:38,企业家宣传车??很能跑啊，车主也会那样试试的，，,0
2025/4/2 9:38,为了多放点电量？追求极致的续航？,0
2025/4/2 9:38,最勇敢的是敢于买小米超跑电车的英雄,0
2025/4/2 9:38,你这种低级黑，你以为很高明？,1
2025/4/2 9:39,人没事就算是安全的了,0
2025/4/2 9:39,支持厂长,0
2025/4/2 9:39,什么车100码撞上去都得完,1
2025/4/2 9:40,屎拉歪了，怪马桶不行,1
2025/4/2 9:40,问界运城事件的时候你可没有这么理性哦,1
2025/4/2 9:40,短短5分钟人就没了,0
2025/4/2 9:41,@飞走的云520 气nm个壁的凝胶气凝胶。,1
2025/4/2 9:41,关键这男朋友问还得多久，也不叮嘱慢一点，这是夜间高速啊,0
2025/4/2 9:41,开车不看路，就是硬气奥??,1
2025/4/2 9:41,等官方通知,0
2025/4/2 9:42,小米智驾是最垃圾那档,1
2025/4/2 9:42,转发: 驾驶员要对驾驶负责，出车祸谁也不想，但是道德绑架那就是又蠢又坏了。首先，出车祸要找警察，查清楚事故原因，交警会出具事故认定书，然后是报保险处理。,1
2025/4/2 9:42,你是个jb米粉？米粉会像你这样白痴啊,1
2025/4/2 9:42,3条鲜活的生命。,0
2025/4/2 9:42,等官方结论吧...不过安全设计确实得跟上，老指望气囊真的不太靠谱啊,0
2025/4/2 9:42,拉黑不代表不处理不解决你还发出来，你这么有爱心，你直接去三个家庭献爱心好了,1
2025/4/2 9:43,你怎么不问问车主撞击完打开门能不能下车？小米研发个时光机穿回现场就能告诉你了,1
2025/4/2 9:43,97码撞上去，猛烈撞击撞到电池起火了吧，怎么是自燃呢,1
2025/4/2 9:43,你没瞄准不要怪雷总,1
2025/4/2 9:43,攻击家属确实过分了，但是事故鉴定，调查结果都没出来，喷小米的是，喷家属更是,1
2025/4/2 9:43,准备道歉,0
2025/4/2 9:44,吓得我和我俩个老表连夜定了小米su7[大笑]真香,0
2025/4/2 9:44,一会买的，一会男朋友送的，一会借的[捂脸],1
2025/4/2 9:45,又不是雷军拉黑你的,1
2025/4/2 9:45,这个世界中，受害人有责任，智驾的技术不到位也是有关系的，没有必要把两方的情况无限夸大。会无限夸大的人，其实都是别有用心的。,1
2025/4/2 9:45,给你看下魔怔的米粉,1
2025/4/2 9:46,首先高速上无人驾驶，但是也得人为操控一下，就是在可控的情况下而不是完全无人驾驶,0
2025/4/2 9:46,真的千万不能买华为小米这种电车，出事了会被粉丝疯狂捂嘴不说，还会被网暴。维quan极难成功。国外车企会好很多，因为现在这个疯颠的社会氛围下，它们都会帮你维quan，把国外车企冲烂，一定是和现在完全不一样的结果。,1
2025/4/2 9:46,扣1复活三名女大，扣2送小布丁,1
2025/4/2 9:46,门就是能开 爆燃了 人晕了 也得g,1
2025/4/2 9:47,我想问一下，开车上高速容易打瞌睡，除了红牛和东鹏特饮，还有什么可以提神，我 假期想和朋友们自驾玩[发呆][发呆],0
2025/4/2 9:47,解决你还是很轻松的,1
2025/4/2 9:47,夸，就完事儿了,0
2025/4/2 9:47,游走在技术的边缘，,0
2025/4/2 9:47,小米连手机都做不好，又瞎搞车，垃圾辣鸡公司,1
2025/4/2 9:47,你自己去听听家属本人的电话。她的原话是小米也没有联系她谈赔多少钱，赔偿到位她就把孩子葬了所以他联系小米不是要一个真相，就是在要钱而已。如果这场车祸真的有小米的责任，那小米确实应该赔，但是在责任认定都还没有出来之前就要钱，是不是有点不太合适,0
2025/4/2 9:48,就想问，这三个女生准撞完之后晕没晕，吃了一天瓜了，也没有吃明白,0
2025/4/2 9:48,雷总已经很棒了，做到了很多商人企业家不敢做的或者逃避做的，请大家理性一点，所有商品都是具有风险性的不是吗？,0
2025/4/2 9:48,弱弱的问一句，开车上高速容易打瞌睡，除了红牛和东鹏特饮，还有什么可以提神[流泪]。我 假期想和朋友们自驾玩[裂开],0
2025/4/2 9:48,流量是个好东西，都想蹭热闹。,0
2025/4/2 9:49,我感觉事故与车企无关，但雷总态度很好，这才是真正的企业家[赞],0
2025/4/2 9:49,弱弱的问一句，开车上高速容易打瞌睡，除了红牛和东鹏特饮，还有什么可以提神[流泪]。我 假期想和朋友们自驾玩[裂开],0
2025/4/2 9:49,没事你已经被开除米籍了,1
2025/4/2 9:50,他布局投资自媒体矩阵和社媒不就是为了能够顺畅愉快的堵嘴,1
2025/4/2 9:50,他的美国爹奥特曼平台用了气凝胶，别人不用就是偷工减料,1
2025/4/2 9:50,97公里速度下的碰撞，撞完以后，我不觉得车内人员有能力开门，很可能当时就去世了，不去世也是重度昏迷。,0
2025/4/2 9:50,你算个锤子,1
2025/4/2 9:51,别人是脑瘫要理解他 因为他的家人都放弃他了,1
2025/4/2 9:51,标准手机报,0
2025/4/2 9:51,你真给米粉丢脸,1
2025/4/2 9:52,雷总就知道你小子装完了，还能问这个问题，所以，没必要给你弹个气囊了，,1
2025/4/2 9:52,简单地说，女生家属急着把责任甩给车企，不仅是自己悲痛，更多考虑的是没法对另外两个女生家属交代吧，而且可能自己面临赔偿,1
2025/4/2 9:52,果然小米最大的污点就是米粉的智商,1
2025/4/2 9:53,我感觉你说的挺有道理的。,0
2025/4/2 9:53,？？？ 你哪位 人家为什么要给你解释啊,1
2025/4/2 9:54,录屏拿出来呀,0
2025/4/2 9:54,与此同时#用户吐槽小米su7ultra试驾雷军秒道歉#,0
2025/4/2 9:54,所以电池护板还是很有必要？,0
2025/4/2 9:56,你这不神经吗？还怎么办，人都死了，风光大办呗，现在是人是车的问题还没查出来，吃瓜不就行了,1
2025/4/2 9:57,很多人太相信辅助驾驶。自己都不管路况了，开着智驾在高速上睡觉的新闻还少？只能说自己是生命的第一责任人。,0
2025/4/2 9:58,这人是黑子吧，怎么完全不提驾驶员的问题呢，智驾只是辅助驾驶，驾驶员肯定也是有责任的，小米汽车总共才多久呢，能做到目前的质量已经超过大部分车企了，小米也没有大肆宣扬过他们的智驾系统，驾驶员为什么非得那么依赖智驾呢？把自己的生命交给一个还不完善的智驾，现在还追求别人的责任要别人负责，,1
2025/4/2 9:58,黑匣子数据公布了，当时碰撞车速是 116，大家别纠结这个问题，好不好,0
2025/4/2 9:59,你算什么几把东西就在这当??,1
2025/4/2 9:59,轮胎烧不了吗？,0
2025/4/2 10:00,正常，而且微博很恶心的一点就是，被拉黑以后，如果不做题连评论其他人都不行,1
2025/4/2 10:00,看看男朋友给女朋友买保险没,0
2025/4/2 10:01,小米捂久了就会变成小米稀粥,0
2025/4/2 10:01,韩老师说的对,0
2025/4/2 10:02,人家的追求是速度，速度是一种信仰,0
2025/4/2 10:02,回复@是也不是是不是:不能单听一方面的言论 现在经常有反转的事情 最开始获取的信息不一定是准确的,0
2025/4/2 10:02,我永远不会买电车。后面换车也只会选择油车,0
2025/4/2 10:03,感觉不平的地方是用水泥抹平一样,0
2025/4/2 10:04,回复@叫我科技暴龙:家用车做的提速这么快，我是不理解，我个人开车不管多远我都自己开方向盘和油门还是自己操作安心，而且看了那么多关于智能类的科幻电影，终结了一句话别相信AI智能,0
2025/4/2 10:04,你换成固定的水泥墩子，车速达到100以上试试。,1
2025/4/2 10:04,有事情推责任，都是一样一样的,1
2025/4/2 10:05,雷军评论区还有很多洗地的,1
2025/4/2 10:05,城区开那么快直接吊销驾驶证,1
2025/4/2 10:05,至少你要等警方出了公告确定小米有问题再问吧,0
2025/4/2 10:06,??,0
2025/4/2 10:06,很惋惜，但是驾照拿到的日期是不能算做驾龄的，我18岁高中毕业的暑假就取得了驾照，大学四年只是偶尔拿家里油车练手，但是毕业工作买车后能算做我有4年驾龄吗？[宕机]我觉得车企有责任但一定不是全责，时速97，油车来了也难顶。,0
2025/4/2 10:06,已经有官方回复了哟，就是比亚迪电池,0
2025/4/2 10:06,细节警方都没公布，小米怎么会知道，不应该等警察调查结果吗,0
2025/4/2 10:07,连气凝胶都没有？？？？？？？,0
2025/4/2 10:07,马斯克和任正非也没有一天二十四小时在微博办公，天天各种炒作公司和产品呀，全公司高管在全网平台各种阴阳怪气炒作宣传和偶尔拉踩友商后装无辜的公司，这可是得到微博来总认证的，还有王化公关平时不是各种蹦迪的么，这怎么不出来说说啦,1
2025/4/2 10:08,自己开死的人也不少。几百万的车一百碰上去也是看运气了。,1
2025/4/2 10:08,你问你妈呢？,1
2025/4/2 10:08,正品！,0
2025/4/2 10:08,我不是小米粉丝，从来没用过小米的产品，但是，我觉得这次出事故怪小米就不对，特斯拉、问界、宝马、奔驰等等出了那么多事故怎么就没人去问？时间没有调查清楚之前所有一切言论均有攻击性的都是错误的,0
2025/4/2 10:09,我我看到了这个聊天截图，男生都提醒女孩了,0
2025/4/2 10:10,为啥不打碎车窗[流泪],1
2025/4/2 10:11,见家属？小米到现在事故车都没见到就要见家属了？连谁的责任怎么出的事故都不知道一个车企就去见家属了？,1
2025/4/2 10:12,一堆卖车的就小米形成了饭圈,1
2025/4/2 10:12,脑残水军 说的就是你这个脑残博主,1
2025/4/2 10:13,是发现前方的锥形桶，系统提示车主接管，车主接管之后，为了避开锥形桶，猛打方向，撞上路边的水泥墩子。,0
2025/4/2 10:14,"因为你不够忠诚,不是忠诚信徒,不能反问",1
2025/4/2 10:14,相信特斯拉的辅助驾驶呗。,0
2025/4/2 10:14,主动刹车和防御功能很重要的。否则智驾也是没有用的，我开过的Volvo主动刹车厉害的,0
2025/4/2 10:15,虚空胜利真有你的孤儿,1
2025/4/2 10:15,活该被拉黑,1
2025/4/2 10:15,微博的这项删博拉黑功能是在助长歪风邪气！,1
2025/4/2 10:16,求个真相这竟然拉黑,1
2025/4/2 10:17,家丑不可外扬@前HR本人,1
2025/4/2 10:17,理性看待问题 并不能一味听当事人的 也不能听车企的  良好的安全驾驶习惯 辅以先进的智驾系统  才能更好的享受驾乘体验,0
2025/4/2 10:18,删视频是很可怕的，就是堵你嘴不让发声,1
2025/4/2 10:18,不轻信小米，就能轻信那个母亲了？,1
2025/4/2 10:18,米粉已经诅咒车祸当时人妈妈去死了,1
2025/4/2 10:18,我邻居春节时告诉我，今年回家很轻松，说上车睡一觉就到家了，安逸得很。我啥话都没说，心里想你一家子运气真好[捂脸],0
2025/4/2 10:19,只要是锂电池都会燃爆，只是后者相对达成燃爆条件高一些。,0
2025/4/2 10:19,你的意思是去找波音,0
2025/4/2 10:19,他老婆不是说是她买给女儿的吗？,0
2025/4/2 10:20,机械锁只有清醒状态下才能开吧，外面开不了,0
2025/4/2 10:21,都想造车了,0
2025/4/2 10:22,好像刹车也没踩死踩了百分之三十,0
2025/4/2 10:22,早知道我考不上清华就怪晨光了，尤其是孔庙祈福那一款,0
2025/4/2 10:22,我建议电车不要上高速,0
2025/4/2 10:22,回复@政清人和醛卡卡:封包也应该是没问题的。此次事故并非电池封包。,0
2025/4/2 10:22,海军狂喜,1
2025/4/2 10:22,夸，就完事儿了,0
2025/4/2 10:23,11次报警不应该两次提示没人干预就该主动降速吗，我的就是，不人为干预就会降速,0
2025/4/2 10:23,还不是你还拉到粉丝群里的gp飞工去年开始带的节奏？,1
2025/4/2 10:23,我发现一个奇怪的现象，帮助米粉维权的是非米粉，阻止米粉维权的反而是米粉。,1
2025/4/2 10:24,是我的错，但我不认。,1
2025/4/2 10:25,你看雷军底下的评论就知道了，怎么可能会让你这个小卡拉米的评论活着你这问的就是在打雷军的脸,1
2025/4/2 10:25,你不会不知道，有个东西叫碰撞解锁吧,0
2025/4/2 10:25,车企说过目前的智驾是自动驾驶吗,0
2025/4/2 10:25,当心说谎要被雷劈的,1
2025/4/2 10:25,细节你说出就出？ 没脑子,1
2025/4/2 10:25,事实证明 不是所有人拿到驾照就真的是会开车,0
2025/4/2 10:26,男朋友对于自己女朋友的死亡这么淡定？还有心思在群里和别人聊，语气就像一个毫不相干的人出车祸一样。换作是我爱的人出了车祸，我真的没有这个闲心去在群里聊,1
2025/4/2 10:26,本人驾龄十年上高速定速巡航我都不敢用，有次在高速上老公非要开定速巡航让我体验一下，我总觉得不安全心里没底，还是手握方向盘才有安全感,0
2025/4/2 10:27,天啊，车子撞成什么样子了，还说车门打不开,0
2025/4/2 10:27,生烧到死，唉…,1
2025/4/2 10:27,三年驾龄意味着什么，老司机都懂得吧,0
2025/4/2 10:27,电池一旦着火，目前还没有技术可以控制它爆燃,0
2025/4/2 10:27,说的有什么不对吗？,0
2025/4/2 10:28,不是女孩她妈给她买的吗 怎么成了男友给她买的[尬笑],1
2025/4/2 10:28,2.4万的评论就拉黑14人，其中就有你，你这13年米粉没白当啊,1
2025/4/2 10:28,我都感觉小米车都已经非常努力的救她们了,0
2025/4/2 10:28,买车送女友也不写女友的名字，确实是送了？[看]细思极恐,1
2025/4/2 10:29,马上就会推出撞车车主二次购车优惠让利活动,0
2025/4/2 10:30,你的意思是 你儿子借了别人的飞机 飞机坠毁 你儿没了 你不找警察 你先去找飞机厂家要说法是吗,1
2025/4/2 10:30,说了还没拿到事故车还在警察那里，这个家长转移矛盾到车上面就可以掩盖其他两位女生家长找他麻烦了,1
2025/4/2 10:30,雷军有时间拉黑你？笑死，你以为雷军是什么网络主播么,1
2025/4/2 10:30,这破车经常出车祸，真该倒闭,1
2025/4/2 10:30,2000多万粉丝拉黑你一个,1
2025/4/2 10:30,雷就他妈的玻璃心，还不允许别人说了，就是抄袭??,1
2025/4/2 10:30,这速度也是智驾安排的，她接管的这一秒踩刹车都没啥用,1
2025/4/2 10:30,安徽事业编考试结束了，不知道去考啥,0
2025/4/2 10:31,智驾不等于≠自驾！,0
2025/4/2 10:31,雷军就是打造的形象，实际上这个人可不老实,1
2025/4/2 10:31,回复@猎罪图鉴3:我洗什么了？我不是任何人的粉，我只理性看待任何问题。,0
2025/4/2 10:31,拉黑的好啊,1
2025/4/2 10:33,调查结果出来了？车门锁死？,0
2025/4/2 10:33,考试这么重要的事情为什么大晚上开车,0
2025/4/2 10:33,弱弱的问一句，开车上高速容易打瞌睡，除了红牛和东鹏特饮，还有什么可以提神[流泪]。我 假期想和朋友们自驾玩[裂开],0
2025/4/2 10:33,每天车祸那么多，都要求车企给你回应+赔偿？？简直离谱。,1
2025/4/2 10:33,人工智能永远也替代不了人,0
2025/4/2 10:33,别说智驾了，我连定速巡航都不相信，从来不敢用[捂脸],0
2025/4/2 10:34,你一开口就是三个花季少女怎么办？如果我是造车老板也会觉得你不怀好意。交通事故以官方调查结果来处理才是合适大行为。你瞎问些什么呢？添乱呢！,1
2025/4/2 10:34,三位女大学生，可惜了,1
2025/4/2 10:35,我有个群聊天转发，说是他男朋友，还ta妈的发了好多女孩照片，如果是真的，这男得也是够垃圾的,1
2025/4/2 10:35,刀片本来就劣质，还不让说？,1
2025/4/2 10:36,活活烧死，笑死，车速太快撞晕，装si过去了吧，或者自己也不了解小米车门的应急开关，要不然小米车门那里都有应急开关，自己不集中注意力靠智驾那么快的速度不装死也晕,1
2025/4/2 10:36,必须查明此次电池爆燃事故原因，产品需要不断改进,0
2025/4/2 10:37,雷总发布的不是道歉。,1
2025/4/2 10:37,宣传的时候遥遥领先，远超国标n倍，现在拿国标当挡箭牌,1
2025/4/2 10:37,我想说事业单位联考是29号早上8点半开始，八点半到十二点，说是去考试不对劲啊……,0
2025/4/2 10:38,把我评论拉黑删除一下，看看是啥情况,1
2025/4/2 10:38,等通报结果不就行了，整天在网上冲浪被当枪使，忘了胖猫事件是吧,1
2025/4/2 10:38,不管是油车还是电车90公里时速撞击摩擦燃烧风险都很高[抠鼻],0
2025/4/2 10:39,傻的一比。,1
2025/4/2 10:39,看见你是真让人觉得恶心 果断拉黑,1
2025/4/2 10:41,我觉得出事故，尤其是视频里尖锐的指责小米汽车问题的那句话，让我觉得一定另有隐情。事故还没调查，就立马指向小米，事故当事人在车里做了什么清楚吗？司机是什么做法清楚吗？什么都没有查明。一股子想瞒天过海、用舆论导向掩盖事实真相的意味。我是很反感这种做法。,1
2025/4/2 10:43,别的车也不是不出事故，咋小米出一例就这样了,1
2025/4/2 10:45,大家回忆一下林志颖当年50码撞上去。都是靠别人抬下来的。整个人都是懵的。几天都说不出一句完整的话[看]她们100码撞水泥柱。。。。。人基本上就直接睡着了[暗中观察],1
2025/4/2 10:46,过份的宣传了人工智能,0
2025/4/2 10:46,不是，你正常发生交通事故，你找厂商问怎么办？？？该赔的找保险赔，该医治的医治，该安葬的安葬，这还要问怎么办？？？？,1
2025/4/2 10:46,哦，原来不全是撞了就着火啊,0
2025/4/2 10:47,我就有一个疑问，三个当事人都不在了，警方都还没出示公告，远在千里之外的家属为什么能还原事情的真相，这是不是家属那边的片面之词？,0
2025/4/2 10:47,评论区的意思是说这车是雷军开着撞的？？,0
2025/4/2 10:47,你复制粘贴不拉黑你拿来干嘛，自己有点自己的思考,1
2025/4/2 10:47,请不要把智驾当成变形金刚，请按照考驾照时候的心情认真对待自己的生命,0
2025/4/2 10:47,出事故前立刻甩给车主接管，完美规避责任是吧,1
2025/4/2 10:47,没必要带节奏，等官方通知就好,0
2025/4/2 10:48,如果她没有用辅助驾驶就怪不了小米了她那个车速换什么车不会出事？之前的比亚迪和特斯拉出事故又不见你们这么关心。在遇难者妈妈帖子下面翻了很久翻这些评论吧黑子们辛苦了。,1
2025/4/2 10:48,特斯拉就别扯了，同样速度特斯拉死的只会更快,1
2025/4/2 10:49,不要把责任给车企，想想自己为什么要开电车，,0
2025/4/2 10:50,我一直不明白智驾能帮助人类干啥？后来发现智驾是过度夸张宣传，我理解的智驾应是提前碰撞预警并主动刹车,0
2025/4/2 10:51,我20年的老司机，买车的时候商家教我定速巡航，我不学，也不想知道！[捂脸],0
2025/4/2 10:52,这不活该吗,1
2025/4/2 10:52,之前不是说小米后备箱有小电池吗？[捂脸],0
2025/4/2 10:52,续航是实实在在能看到的东西，安全可不是。,0
2025/4/2 10:53,我靠，你开车自己不自己看路的？ 你直接买个丰田带定速巡航L2辅助驾驶，你直接撞，你去找丰田去。,1
2025/4/2 10:53,刚想买台小米[捂脸],0
2025/4/2 10:53,不太理解那些愿意当小白鼠的。雷军连手机都造不明白，还有人觉得他能造好车,1
2025/4/2 10:53,60-120米？百公里刹停距离是多少？,0
2025/4/2 10:54,墙倒众人推就是这么现实,1
2025/4/2 10:55,如果每一条评论都回复，雷军一天到晚啥也不用干了,0
2025/4/2 10:55,啊，虽然但是，车辆是标准版，不是最低配那个吗？你的截图里面最低配就是用的弗迪不是宁德时代啊,0
2025/4/2 10:55,黑闸子警方会公开。,0
2025/4/2 10:55,路障没看明白,0
2025/4/2 10:55,怎么说呢，以后奉劝开车的朋友看一些车辆撞击视频，认认真真看看时速100多码撞击的后果，一个事故的发生就在几秒钟，不管开再牛逼的车，请把双手放在方向盘上面，不要拿自己的生命开玩笑,0
2025/4/2 10:56,驾驶员没分心能眼睁睁看着自己撞死[捂脸],1
2025/4/2 10:56,116被你说成176,1
2025/4/2 10:56,是我，我也拉黑你,1
2025/4/2 10:57,车速，和撞的东西不一样结果肯定不一样吧！不好说，有的人从楼上掉下来没事，有的人走路摔倒都素重伤,0
2025/4/2 10:57,好好好，祖坟冒青烟了，这张图还不得拿回家裱起来《被千亿大佬拉黑》,1
2025/4/2 10:57,我就在想到底是谁看到车门锁死了打不开[尬笑],0
2025/4/2 10:57,回复@Jacklu12306:,0
2025/4/2 10:57,拉黑海狗，正常人有责,1
2025/4/2 10:58,没有紧急制动嘛,0
2025/4/2 10:59,一个玩游戏都跑来指手画脚您有车吗,1
2025/4/2 10:59,这个问题最大纠结点应该是 ab柱完好，没有变形。在这种情况下，如果没有爆燃，有没有可能存活。,0
2025/4/2 11:00,不如买华为，华为绝对不会自燃打不开门，智驾睡着了随便开,1
2025/4/2 11:00,为你打call!,0
2025/4/2 11:00,不要太相信智驾[感谢],0
2025/4/2 11:01,不找保险不找肇事者 找车企,0
2025/4/2 11:01,小米真的是太安全了[偷笑][偷笑][偷笑],0
2025/4/2 11:02,不对啊，8分钟前就能发出预警，按90KM算，12KM，提前12公里就识别到前方修路改道逆行了，这么智能的？,0
2025/4/2 11:02,很明显的司机的责任，没坑别人就是万幸了！,1
2025/4/2 11:02,玩手机，跟男朋友聊天腻歪了[微笑][微笑][微笑]还是太年轻！开车完全信任智驾！然后自己玩手机，心真大！！！,0
2025/4/2 11:02,封装是小米自己搞的，弗迪只卖电芯给小米，所以这个什么气凝胶也不关弗迪的事吧？,0
2025/4/2 11:04,刹车又跟智驾搭嘎,0
2025/4/2 11:04,你都说公关了，你怎么知道雷总自己拿的账号,1
2025/4/2 11:04,"说内心话，开了二十多年的车，也安全行驶了差不多五六十万公里，只在城里被一辆电瓶车刮蹭过一次。现在的车也有定速和智驾，但是我开车的时候，手从来没有离开过方向盘，脚没有离开过油门和刹车。
开车，就是必须要保证自己和车上其他人的安全！这是一种责任和担当！
为三个姑娘感到惋惜和沉痛！[感谢][感谢][感谢]
也希望各位司机驾车安全第一！生命至上！",0
2025/4/2 11:07,这个人赔不起三个人，在想办法,1
2025/4/2 11:07,您真是宝藏,0
2025/4/2 11:07,其他品牌的汽车出车祸也没见它们这样啊，就小米出了车祸就一大堆人在这哔哔叭叭，还有人说要让雷军去现场，笑死,1
2025/4/2 11:07,主页破案,1
2025/4/2 11:08,人车都烧光啦，死无对证，现在咬死这么说就行了,1
2025/4/2 11:08,笑面虎,1
2025/4/2 11:08,那事实就是没有用，宁德时代也没点名是谁家的，只是说不是他家的，已经很客气了,0
2025/4/2 11:08,回复@SoybeanMilk_Li:吃瓜群众一帮都是，这帮人不是只盯着小米，这帮人是人云亦云,1
2025/4/2 11:08,一起平常的交通事故，驾驶员经验不足，注意力不集中，过度依赖智驾。除了事都来喷车企[捂脸],1
2025/4/2 11:09,它这个碰撞锁死车门防止车内人员飞出车外这系统先进,0
2025/4/2 11:10,说句难听点的：反正人死都死了 活人总要想办法捞点好处,1
2025/4/2 11:10,你不也是要蹭热度罢了？,1
2025/4/2 11:10,路政没有问题吗,0
2025/4/2 11:11,[流泪][流泪][流泪]太可惜了,0
2025/4/2 11:11,这…确实过分了。,0
2025/4/2 11:11,×粉能这么理智清醒，就不会成为×粉了.....,1
2025/4/2 11:11,谢谢你的评论,0
2025/4/2 11:11,回复@我叫大鹏Alex:一般不用赔偿，排除车主明知道车子有问题还外借或者借给无驾照人的。  但是事故后，车主所购车险，需要承担赔偿责任的，这一点肯定对车主有影响。,0
2025/4/2 11:12,设置了关键词可能，无差别扫射，我基本不在事件刚发生的时候去碰这些敏感的话题，都是等几天，综合下信息，自己大概有个判断，至于则么处理，我们人微言轻起不了多大的作用,0
2025/4/2 11:13,感觉这是一场蓄意谋杀,1
2025/4/2 11:13,这就是作为米猴的价值,0
2025/4/2 11:13,竟然有人把辅助驾驶真当成了全自动驾驶？,0
2025/4/2 11:14,那车不还是别人的吗？,0
2025/4/2 11:14,回复@啊哈一口气就上到五楼:能理解家属心情吧。但是客观来说这种高速路上的高速碰撞，车子出现问题（包括制动、车机、智驾、车门无法开启等）都是是正常的，就算油车也会因为事故起火、车门打不开、刹车故障等等，且搜索相关数据对比，油车的事故起火率远高于电车。 哎，只能说时运不济吧。,0
2025/4/2 11:14,那就可以攻击雷军了是吗这么双标吗,1
2025/4/2 11:14,说白了他是当事方之一，现在官方调查结果，鉴定结果没有出来，小米都还没接触到那辆车，你想让他说什么？想让他说都是我们的问题，我们道歉？还是想让他说不是我们的问题都是驾驶员的责任？你想听哪一个？,0
2025/4/2 11:15,驾龄十五年都不敢手脱方向盘，定速巡航都不敢用，生命还是掌握在自己手里,0
2025/4/2 11:15,出于人道主义,0
2025/4/2 11:15,什么三个花季少女，不是一个不知天高地厚，对危险毫无敬畏之心的肇事司机和两个信了朋友邪，没有一点危险认知的傻子吗,1
2025/4/2 11:16,不应该是保险公司和交警处理吗？出了结果后，如果是车的事儿，小米再介入。你让小米第一时间介入是为了收钱大事化小？,1
2025/4/2 11:16,三个女大学一起生去赶考事业编的路上 [流泪],0
2025/4/2 11:16,还好拉黑快，都跑别的地方比比来了    就想扩大舆论 掩盖 女孩带着两闺蜜晚上全依靠辅助驾驶这种不负责任的事实,1
2025/4/2 11:16,说的跟真的一样,1
2025/4/2 11:16,上盖和XY轴也没有？,0
2025/4/2 11:17,小米有责任,0
2025/4/2 11:17,雷总彻夜不眠,0
2025/4/2 11:17,真tm的多 这谁家请的水军这么搞我雷总,1
2025/4/2 11:17,个人觉得车企无责，小米性能太好，小年轻心智不成熟驾驭不了引发事故,1
2025/4/2 11:18,一天到晚吹牛逼，互联网是有记忆的，表演楼上2扔“西瓜”，什么“200到0”只要瞬间……一撞原形毕露了。我一再强调，但凡上市公司的股东，高官，创始人都应该??止开直播，开上直播就信口开河鼓吹速度，祸害了多少人一味追求速度。,1
2025/4/2 11:18,我的雅迪电动车，电池坏了，已经半年了到现在雅迪还没有联系我，请网友顺带为我发声，我谢谢大家了。,0
2025/4/2 11:19,小米才多久的企业？买车就买丰田，百年丰田，值得信赖。,1
2025/4/2 11:19,为什么要厂家来联系你油车出事故会去找厂家吗,1
2025/4/2 11:19,一会说诊断车门打不开一会又说根据目击人说的车门打不开真无语,1
2025/4/2 11:19,激光雷达脏了，系统提示擦一下，他没擦，又是下雨天开120，能刹车到60很不错了,0
2025/4/2 11:20,劣质还给往车上装？,1
2025/4/2 11:20,雷军：又把皮球还给我了[尬笑],0
2025/4/2 11:20,第一家由老板直接回应的车企，并且评论区没有限制和关闭评论，雷总有担当,0
2025/4/2 11:21,比亚迪的磷酸铁锂电池出了名的安全，第一批网约车已经顺利8年报废，小米自己买了电芯回去自己封装的，吹自己技术自研,0
2025/4/2 11:21,这话是你发表的吗我一早上看见好几个人说自己被雷军拉黑了，全是这个图是吧,0
2025/4/2 11:21,受害者是另外两个女孩。发微博的女人，她女儿是肇事司机啊,1
2025/4/2 11:21,这种避重就轻 让人恶心,1
2025/4/2 11:21,有没有哪一种车没有出过车祸，没有死过人的，我想买[调皮],0
2025/4/2 11:22,带你妈的节奏,1
2025/4/2 11:22,唉,0
2025/4/2 11:22,不经世事的小女生总以为岁月静好，对生命和安全缺乏最基本的敬畏,1
2025/4/2 11:23,不是啊，应该找事业编单位才对，不是因为要考试才去的吗，不考试就不用去啊,0
2025/4/2 11:23,安全靠自己…别总是依靠智驾,0
2025/4/2 11:23,设计上没问题，机械锁断电后也只有车内能拉开。只不过机械锁开关每次开门都要拉，位置人人都知道，电车的机械备份就不一定了。好的情况是碰撞后失能或死亡，但A柱没变形，在系好安全带及气囊的保护下，大概率碰撞后仅受伤，应该还有意识，但女生受伤情况下不可能砸开车窗，很大可能是活活烧死的,1
2025/4/2 11:23,不信,1
2025/4/2 11:23,这次真的太严重了，广西这边学校，工厂都通知4  ， 5  ，6号都停课停工了，唉。。。,0
2025/4/2 11:24,敢把自己的脑袋挂到别人的裤腰上，等出了事还能怨谁？,1
2025/4/2 11:24,弗迪给小米卖的是电芯，封装是小米自己来，所以有没有气凝胶跟弗迪有什么关系？,0
2025/4/2 11:26,正宗的,0
2025/4/2 11:27,搞笑哥,0
2025/4/2 11:27,人家雷总都发文说了车子他们还没有接触到，怎么公布细节啊！,0
2025/4/2 11:28,驾校第一课，双手绝对不能离开方向盘。,0
2025/4/2 11:29,控评了，现在评论区一片祥和,0
2025/4/2 11:29,降到十万，我来一辆！,0
2025/4/2 11:29,2025-4-2    再次来此回顾这条视频,0
2025/4/2 11:30,这就太坏了？人家是回投资者问，不是主动发布，不然你要人家怎么说？脑子不好使？,1
2025/4/2 11:30,定速巡航什么意思[流泪],0
2025/4/2 11:30,对啊 不管怎么样 开高速得嘛 导航提示了 就是看到提示修路 大晚上的 都应该自己开啊 警醒一点 自己注意到提前减速哪会撞上 毕竟Ai还代替不到人类 真到代替那天了 也不会有司机这个位置了 舒舒服服坐后排 不安逸吗。,0
2025/4/2 11:31,嗯,0
2025/4/2 11:32,把命交给代码，这种还是别开车了吧，害人害己,1
2025/4/2 11:33,一速度不快，二，这个前面正好有水桶,0
2025/4/2 11:33,其实是雷圣自己封装的,0
2025/4/2 11:33,#小米SU7爆燃事故是一个深刻教训# 4月2日，有投资者在互动平台提问：3月29日发生事故的小米SU7汽车是不是用的公司的电池？对此，宁德时代回复：不是我们的电池。,0
2025/4/2 11:34,车辆驾驶员不是su7驾驶员[冷漠],0
2025/4/2 11:36,林志颖当年要不是白天要不是正好旁边有人救也是这个下场，他当时车速还要慢也被撞的晕乎乎的。[捂脸],0
2025/4/2 11:36,你咋理解的？系统发出预警22：44：24，到接管22：44：25这不就是一个踩刹车的过程吗！？没开过智能驾驶，退出智能驾驶自己接管不是踩刹车吗？按照你的意思咋的需要延迟四五秒才让人接管？那不是装上了嘛？这个一秒钟都不到说明人为接管很灵敏，要的就是人想接管就立马接管的效率呀。,0
2025/4/2 11:37,你有车主的抖音号吗  @出来,0
2025/4/2 11:38,不懂这么多人为啥是非不分，说的话也是离谱之极。起码要认定是车的问题在团吧,1
2025/4/2 11:38,从来不用自动驾驶，方向盘要掌握在自己手里才有安全感[微笑],0
2025/4/2 11:38,"把生命权利交给外物
还没到科幻智能时代
[摸头]",0
2025/4/2 11:39,闲的蛋疼吧还问怎么办，人家现在除了说花季少女就不能发别的消息了？,1
2025/4/2 11:39,年轻的生命花一样的季节惋惜,0
2025/4/2 11:39,既然知道电车撞了燃烧为啥还要去买呢[看]就离谱，买车前不考虑的吗,1
2025/4/2 11:40,简单地说，女生家属急着把责任甩给车企，不仅是自己悲痛，更多考虑的是没法对另外两个女生家属交代吧，而且可能自己面临赔偿,1
2025/4/2 11:41,原来所谓&quot;生产厂家&quot;不等于&quot;电芯供应商&quot;，供应链套娃竟在我身边？,0
2025/4/2 11:42,你也是逆天,0
2025/4/2 11:42,人开车，不是车开人奥,0
2025/4/2 11:42,你就说人死没死吧安全不安全？,1
2025/4/2 11:42,谢谢你的评论,0
2025/4/2 11:43,智驾新能源和传统燃油车不同，不确定因素、事故原因可能都不一样，米车出来前各家新能源车企照样挨喷,0
2025/4/2 11:43,谁给你说的小米不出面  小米现在连事故车都接触不上,1
2025/4/2 11:43,要不咱们换个赛道做卫生巾吧！卫生巾质量不好用户顶多得个妇科病。,1
2025/4/2 11:43,我其实一直想说，医药公司如果临床没通过的时候，发行药品，吃出问题了，那都是往死里陪。但是现在国内的智价，都是拿着人命在训练数据，但是目前出的智驾事故，没听说几个有赔付的。傻不拉几的才拿命去陪车商玩。[笑哭],1
2025/4/2 11:43,当时就觉得造手机就挺好，要搞也要搞其他的高科技，这个电车死个人舆论太大了，搞的好还好，搞不好多年的口碑都没了,0
2025/4/2 11:44,专门买给她的，写自己名字[笑哭],0
2025/4/2 11:44,什么车一撞就立刻上热搜？什么智商问出来的问题,1
2025/4/2 11:44,我老公是米粉，我感觉他都魔怔了,0
2025/4/2 11:44,一天到晚吹牛逼，互联网是有记忆的，表演高楼上扔“西瓜”，什么“200到0”只要瞬间……一撞原形毕露了。我一再强调，但凡上市公司的股东，高官，创始人都应该??止开直播，开上直播就信口开河鼓吹速度，鼓吹智驾。,1
2025/4/2 11:44,夸，就完事儿了,0
2025/4/2 11:45,系统肯定是有缺陷，责任双方都有,0
2025/4/2 11:45,果然带节奏的人多,1
2025/4/2 11:46,事故都发生了，发微信让停车,1
2025/4/2 11:46,智驾又不是代驾,0
2025/4/2 11:46,三个花季少女管他什么事他让出的车祸？？哪个车没出过车祸？个个都要找车企？,1
2025/4/2 11:46,德上高速好像是2车道，单向施工后只有单车道可用，加上变车道车速在50以下才能安全,0
2025/4/2 11:47,这就是米粉，笑死之前都要先为主子争口气,1
2025/4/2 11:47,同感,0
2025/4/2 11:47,90多码别说小米，任何一款电车人都保不下来，当年林志颖不是路人也挂了，，，,1
2025/4/2 11:47,我是一个12年驾龄的，从来没用过定速巡航，有没有和我一样的[害羞],0
2025/4/2 11:48,电车撞了都是很厉害的,0
2025/4/2 11:48,"这种就算宁德不说,也能看到,毕竟车载电池型号又不是什么机密",0
2025/4/2 11:48,三个女生都是这么漂亮吗,0
2025/4/2 11:48,回复@悠长的假期123456:你确定没有这么严重的事故？绝对有啊大哥，只是没像小米这么爆而已,1
2025/4/2 11:48,又不是无缘无故自燃，先碰撞了再燃烧，而且是辅助驾驶主驾驶人没有用心驾驶，也不能一味去怪谁，这种车祸事故也得先走交警程序啊,0
2025/4/2 11:49,感觉现在电车起火很敏感，其实燃油车也很多起火没逃出来的啊,0
2025/4/2 11:49,出事故第一时间不是找保险吗[不失礼貌的微笑][不失礼貌的微笑],0
2025/4/2 11:49,谁的电池,0
2025/4/2 11:49,这与小米su7有什么关系？？？,1
2025/4/2 11:50,要是出事了，还得找雷总，好怕！,0
2025/4/2 11:50,176   越来越快了,0
2025/4/2 11:50,我切菜切到手指了，请问菜刀工厂应该赔偿我多少,1
2025/4/2 11:50,定速巡航都不敢用的举手?????♀?,0
2025/4/2 11:51,哥去年在你直播间认识凡尔赛！请问能买吗,0
2025/4/2 11:51,有驾照就能借吧 出事也是司机责任,0
2025/4/2 11:52,别看表面，看看为啥是小米！,1
2025/4/2 11:53,说得好，我开油车的，最烦路上电车龟速狗,1
2025/4/2 11:53,他这款不带激光雷达，智驾个屁,1
2025/4/2 11:53,他会不会是冤枉的[色],0
2025/4/2 11:54,买了把刀，自已操作不当割了手，去找刀商理赔。。。,0
2025/4/2 11:54,好家伙 涨姿势了,0
2025/4/2 11:54,不是说时速97/KM吗,0
2025/4/2 11:54,说实话，每个车都会有这种状况，只是因为小米很火，所以有点什么问题就会被网友放大，真没必要就,0
2025/4/2 11:55,之前高速开车看到一个su7   驾驶员两只手在玩手机  玩了很长时间,1
2025/4/2 11:56,啥子玩意？安徽事业编考试不是29号上午就结束吗？她晚上去第二天考啥的啊？,0
2025/4/2 11:56,国产电动车车好不好？问保险公司和消防局，它俩最有发言权。,1
2025/4/2 11:57,出现安全问题不可怕，总结和优化设计，在以后避免相关问题的产生才是关键,0
2025/4/2 11:57,雷总敢站出来发文已经打败了90%的车企了??,0
2025/4/2 11:58,新米替你省了一个气囊，不感谢就算了。还想黑一波。没良心啊。,1
2025/4/2 11:58,你就说你发这些，是不是蹭热度吧？,1
2025/4/2 11:59,来吧，赌小米赔钱的扣1，赌小米无责不赔的扣2。,1
2025/4/2 11:59,小米确实有很多东西质量很差，电车门锁设置不好,1
2025/4/2 11:59,据说是旺宏达的，但不知道是不是真的。,0
2025/4/2 12:01,36分提示手握方向盘，到44分提示障碍物，请问中间8分钟时间都握不了方向盘吗？中途干嘛去了,1
2025/4/2 12:01,关键是智驾提醒两次了主驾一直都没放在心上,0
2025/4/2 12:02,根据这个来吧,0
2025/4/2 12:03,一个伪君子，还大把人把它当明灯，好笑,1
2025/4/2 12:03,？ 他这个聊天记录真的搞笑 最后一句,0
2025/4/2 12:04,换了三台车，定速巡航我从来都没有过。,0
2025/4/2 12:05,有些人把事弄大。他开国外特斯拉出事。也没有这么大的阵仗。,1
2025/4/2 12:05,不是，你谁啊他要跟你说，你还觉得自己委屈了,1
2025/4/2 12:05,给它家粉丝提纯呢,1
2025/4/2 12:05,2秒，反应的过来，也不够刹车,0
2025/4/2 12:06,弗迪电池吧[看],0
2025/4/2 12:06,不太懂车，求推荐一款不出事故的品牌,0
2025/4/2 12:06,家人们，我这车怎么回事？,0
2025/4/2 12:07,标准版是弗迪电池，磷酸铁锂,0
2025/4/2 12:07,你还原的很好，下次别还原了[微笑],0
2025/4/2 12:07,恢复聊天记录啥都清楚了,0
2025/4/2 12:08,你没事弹出来那不是二次伤害嘛,1
2025/4/2 12:09,笑死了 你是谁啊拉黑你,1
2025/4/2 12:09,宁德说不是他们的电池[呲牙],0
2025/4/2 12:09,回复@白菜研究所Jarvis:撕什么？丝袜吗？,1
2025/4/2 12:09,咬咬领先,0
2025/4/2 12:10,自驾～智驾～支架[捂脸],0
2025/4/2 12:10,所以现在大家是觉得小米汽车有问题，还是司机本身有问题，还是路障部门有问题，还是他那个男朋友有问题……关键是我一直没弄明白就是大家一直说门锁有问题，当事人不是死了吗，到底谁告诉大家门锁有问题，我这个挺疑惑的,0
2025/4/2 12:10,@祝我好运！: 这个事故最疑惑的点就是，车主明明不在现场，却能完整的说出事故经过，仿佛就在车里一样,0
2025/4/2 12:11,智驾遇到障碍会自动刹车吗,0
2025/4/2 12:11,97公里时速撞击水泥墩就不是这个效果了,0
2025/4/2 12:12,讨厌脑残不是没有道理的。,1
2025/4/2 12:12,撞上就起火，还是有缓冲时间后起的火，假如有缓冲时间的话，要是有人相救就好了。唉…,0
2025/4/2 12:13,华为的巨鲸电池至今为止都是0燃烧的记录,0
2025/4/2 12:14,别说智驾了，定速巡航我都没开过[捂脸],0
2025/4/2 12:14,你又在叫啥调查报告没出，就质问上雷军了，定性了么，是设计缺陷还是认为原因，就去质问雷军，不拉黑你才怪，路边一条罢了,1
2025/4/2 12:14,有理找交警 没理搞舆论,1
2025/4/2 12:15,雷军，这两天睡不好觉了，正面回复没啥大部了,1
2025/4/2 12:15,主页破案了,1
2025/4/2 12:15,我就问一句，山西问界M7,0
2025/4/2 12:15,有些事实你也必须要承认，这起事故开车的人占主要责任,0
2025/4/2 12:16,我粉任何人和企业，但是我觉得这事儿，直接怪车企有点不合适了,0
2025/4/2 12:16,怎么是智能了，智能有什么用了,1
2025/4/2 12:16,不要一棍子打死，某厂不行不代表别的智驾也不行？？,0
2025/4/2 12:17,你算个寄吧,1
2025/4/2 12:17,这个事故反而让小米更火了，,1
2025/4/2 12:18,现在就是有特别多的人，拉不出屎怪茅坑，怎么不反思一下自己的责任呢？总喜欢推卸责任，或者去找替罪羔羊,1
2025/4/2 12:18,我刚提怎么办[捂脸],0
2025/4/2 12:18,我也是疑惑安全气囊的问题,0
2025/4/2 12:18,笛子的，号称用不自燃的磷酸铁锂电池,0
2025/4/2 12:18,在警方在场的情况下没有问题,0
2025/4/2 12:18,我的车，做了设置，取消了起步自动落锁。,0
2025/4/2 12:19,突然醒了，会不会乱动方向盘或者刹车,0
2025/4/2 12:19,我华为手机，但是我觉得这个事情要理性看待，看官方怎能回答,0
2025/4/2 12:19,把生命交付于智能，本来就是一个错误的选择。,0
2025/4/2 12:19,没有一个没出过事的车企,0
2025/4/2 12:19,因为你自以为自己是交警，在报告未出之前以定罪的口吻质问，且你在要求雷军以超出国家法律的流程跨过交警执法部门去鉴定？ ps， 敢不敢不删除这条,1
2025/4/2 12:20,别洗了 三个妹子没有了,1
2025/4/2 12:20,嗯呢，理性派点赞... 安全问题还是得等官方结论，咱们先等等看。,0
2025/4/2 12:20,捂嘴雷，跟你开玩笑呢？,0
2025/4/2 12:22,小米汽车靠谱,0
2025/4/2 12:23,小米无论测试和之前事故的碰撞表现都一流的远超世面很多品牌，97的速度撞上去，装甲车内也得晕死,0
2025/4/2 12:23,君子不立于危墙之下,0
2025/4/2 12:24,这么快的速度。会不会撞击之后，导致车辆内人员昏迷。已经没有意识去打开车门了[感谢],0
2025/4/2 12:24,一直以为车主是司机她爸,0
2025/4/2 12:24,做为一名30多年驾龄的司机，不手握方向盘，心里真不踏实,0
2025/4/2 12:25,正常人都应该知道不是本人在运营微博的吧,1
2025/4/2 12:25,还是加快固态电池装车吧，安全,0
2025/4/2 12:26,考事业编，千里迢迢开车去，还是当天去，你信么,0
2025/4/2 12:26,太惨,0
2025/4/2 12:26,我也觉得是司机的问题，跟车没关系,0
2025/4/2 12:26,小米过度营销割韭菜，珍爱生命，远离小米，第一时间压热搜，股票减持了才出来回应,1
2025/4/2 12:27,蹭流量的样子令人作呕??????,1
2025/4/2 12:27,油车着火还有逃生的可能  这个小米车牛逼直接把人锁死在车里,1
2025/4/2 12:27,别的不说！问题是车门能不能打开,0
2025/4/2 12:28,为什么你觉得大家都会问？为什么交通事故不问警方通报问车企。。。不分青红皂白的人也自称为米粉吗？你是开小米车还是米家全家桶啊,1
2025/4/2 12:29,还记得懂车帝的那个测试吗？那个时候怎么不会爆燃[看],0
2025/4/2 12:29,宁德时代官方说不是他们家的电池,0
2025/4/2 12:29,你这是米粉，无敌了,1
2025/4/2 12:29,过来考古[泪奔],0
2025/4/2 12:30,告诉你个笑话→新能源电车,1
2025/4/2 12:30,刚看新闻小鹏高速出事了[捂脸]我了个新能源啊,1
2025/4/2 12:31,我去西北旅游，上了高速才敢智能驾驶，而且全程要盯着路面手不能离开方向盘，能驾驶只是让你在长途的驾驶中，缓解一些你的精神高度集中的疲劳感，仅此而已，让你觉得五六个小时的车开下来，感觉没有那么疲惫，没有那么累，而已而已而已，并不是完全释放司机的一个目的[暗中观察],0
2025/4/2 12:31,[赞][赞][赞],0
2025/4/2 12:32,汽车上这个有黑匣子么？都烧成啥样了[捂脸],0
2025/4/2 12:32,回复@豹变aaa:现在说车门打不开只是网传，要是有证据能证明早就说了,0
2025/4/2 12:32,警察？哪位警察？,0
2025/4/2 12:32,观望一下,0
2025/4/2 12:32,最烦没有边界感的记者或者营销号群体 电视剧电影里咄咄逼人的样子真是令人恶心 不知道凭什么告诉你 你是什么级别的平台 告诉你有什么用 无非是加速舆论 断章取义罢了,1
2025/4/2 12:33,太吓人了，感觉小米这次挺严重的，我们这学校4号5号6号都准备停课了[不看][不看],0
2025/4/2 12:33,正常这种新闻不会发酵，小米上市，股票下跌雷总回购[尬笑]   然后5月底股票爆涨。,0
2025/4/2 12:34,每年多少起车祸？其他品牌的车子不出车祸的吗？,0
2025/4/2 12:34,笛子：坏了，这波冲我来的。[看],1
2025/4/2 12:34,任何车都没有绝对的安全！！！驾驶员一定要有安全意识。,0
2025/4/2 12:34,没那金刚钻就别揽那瓷器活，人好好的说那些屁话，有本事发全录像视频啊,1
2025/4/2 12:34,你这不也没关注么还是13年的米粉,0
2025/4/2 12:34,第一张图怎么挂了，有没有补给我的,1
2025/4/2 12:35,买油车好还是买电车好[不失礼貌的微笑],0
2025/4/2 12:35,那你高强度发声是为了那三个女孩嘛？你真有爱心??,0
2025/4/2 12:35,直接原因就是在不能使用辅助驾驶的路况，直接依赖且过度依赖直接就是无人值守驾驶,0
2025/4/2 12:35,出车车祸，不因该找保险吗？交警啥的也行啊！为什么第一时间找造车方呢是不是以后出了任何车祸都直接找厂家。,0
2025/4/2 12:35,智能辅助驾驶不是自动驾驶，大家还是慎用，辅助功能是不能全信的，还是把命放在自己手里靠谱。,0
2025/4/2 12:35,宝贝，我给你买了辆 su7（标准版），以后车就不用自己开了,0
2025/4/2 12:36,谁能想到高速路能导流到逆向车道？,0
2025/4/2 12:36,你也是神人，逻辑能力超强的～厉害????,0
2025/4/2 12:36,没火??啊，还活着你就要谢谢不杀之恩,1
2025/4/2 12:37,建议大家选择磷酸铁锂电池，安全性确实比三元锂电池高多了,0
2025/4/2 12:37,这种案件 驾意险就有用了,0
2025/4/2 12:37,没有雷达怎么辅助驾驶？辅助驾驶不是在雷达反馈的基础上才能实现辅助的吗，这骗鬼呢,1
2025/4/2 12:37,低级黑，你以为你很聪明吗,1
2025/4/2 12:38,这女的这么开车得开坦克才没事,1
2025/4/2 12:38,千万不要买假的保时捷，学了外观没有学精髓,0
2025/4/2 12:38,作为西北人，我想问一句，什么样的大学生，会让男朋友买一辆小米su7,0
2025/4/2 12:38,你这次逼明显带节奏的啊 什么三个花季少女 跟雷军有什么关系？你这种逼就是爱搞事情,1
2025/4/2 12:38,你都还能活蹦乱跳，说什么屁话,1
2025/4/2 12:38,一句话打超速摄像头少了[捂脸],0
2025/4/2 12:39,车有问题请拿出证据，而不是拿那舆论逼人认错。,0
2025/4/2 12:39,开智驾手也没离开方向盘，我只相信我自己,0
2025/4/2 12:39,当时跑那么快撞了，人都撞晕怎么打开,1
2025/4/2 12:39,小黑粉，小米是没有提醒车主，还是没有主动减速，还是刹车失灵，就因为他是小米，你们就黑他，倘若这是某日产，卡*拉，你还会觉得我们是在庇护小米吗？,1
2025/4/2 12:40,听说这款没有智驾，只是辅助驾驶。,0
2025/4/2 12:40,门为什么打不开？我搞不懂,0
2025/4/2 12:40,直接原因就是起火导致的,0
2025/4/2 12:41,蹭的一手好热度,0
2025/4/2 12:41,你让一个企业老板公布啥细节啊？,1
2025/4/2 12:41,安全气囊打开了吗。？,0
2025/4/2 12:41,那个人说，引用&quot;应该是你s吧&quot;。这话是怎么说出来的，真可怕,1
2025/4/2 12:41,不好意思按错了,0
2025/4/2 12:41,买了后悔了，属于是，代价有点高,0
2025/4/2 12:41,人家是智能辅助驾驶，不是科幻电影里的贾维斯，它的质量是很好，但他不是无敌的，分清现实OK？好比你穿运动鞋跑步崴了脚，你能怪鞋吗？,0
2025/4/2 12:41,这个怎么解释啊，它自己开法拉利,1
2025/4/2 12:41,你挺能线存在感,1
2025/4/2 12:41,什么都怪小米 人要是撞昏迷了呢,1
2025/4/2 12:42,车主是挺惨的，但死者妈妈言论都挺逆天,1
2025/4/2 12:42,自己想想：自己标榜速度 自己营销速度 最终被反噬整的跟白莲花一样的 用速度营销吸引大量屌丝鬼火 还觉得自己无辜,1
2025/4/2 12:42,以后还是老老实实买特斯拉吧，一切国产新能源别沾边，不然送免费火葬服务,1
2025/4/2 12:42,标准版没有倒置电芯,0
2025/4/2 12:42,那不是驾驶者的问题 导致的吗 每天都有车祸发生 都找车企吗？？,0
2025/4/2 12:43,畜牲，丢湖北人的脸,1
2025/4/2 12:43,"为什么起火？
其他还是生还可能性！",0
2025/4/2 12:44,[捂脸][捂脸][捂脸]无图无真相[捂脸][捂脸][捂脸],0
2025/4/2 12:44,不怕撞，核心是撞了会爆炸,1
2025/4/2 12:44,这件事大家还是不要轻易做出判断，一切以警方那边为标准，双方都会认为自己是受害者，从中的说词肯定会有自己以为正确的地方,0
2025/4/2 12:44,美貌美如花也不代表就有知识,1
2025/4/2 12:45,网暴家属的，真TM毫无底线,1
2025/4/2 12:45,这妈能不能积点德 好家伙,1
2025/4/2 12:46,有缓冲物还撞成这样,1
2025/4/2 12:46,有没有害怕的 15 w收一辆小米su7,0
2025/4/2 12:46,昨天还是小甜甜，今天就成了牛夫人了？,1
2025/4/2 12:46,这故事好看,0
2025/4/2 12:46,不是说，车是女方男朋友送给她的毕业礼么[抠鼻],1
2025/4/2 12:46,终于有人发现这里不正常了,0
2025/4/2 12:46,每一个米黑曾经都是米粉，不过米粉源源不断，无所谓,1
2025/4/2 12:47,高速路必须全责，这种路况最起码要设置300米以上的引流隔离带,0
2025/4/2 12:48,"22:18分提示轻度分心报警
22:36分提示脱手预警，请手握方向盘
到22:44分25秒才人进入人驾状态！
全网都在说22:44分24秒到22:44分25秒这一秒内的问题！为什么就不想想22:36分48秒到22:44分24秒之间这8分24秒内的问题呢？都发出脱手预警了，请车主手握方向盘了，这时间内车主干嘛去了？",1
2025/4/2 12:48,@迹风 看看人家的实操 连速度都一样,0
2025/4/2 12:48,前几天还在跪舔唉,1
2025/4/2 12:48,车玻璃要打一点，再平时备上破窗器,0
2025/4/2 12:48,问一下，为什么讨厌小米的背后大概率华为粉丝。,1
2025/4/2 12:49,我怕死，不买这车……,0
2025/4/2 12:49,谁说买小米都帮消费者维权来着,1
2025/4/2 12:49,一直想问的是，车门锁死？这个信息是车主自己说的吗？,0
2025/4/2 12:49,反正我拿到车第一天就给我说了哪里是机械拉手。而且位置就在那门下面那儿，我还特别担心小朋友误拉。,0
2025/4/2 12:49,这个车型没有激光雷达,0
2025/4/2 12:49,辅助驾驶，自己脱手，车提示了也不接管车辆，违反交通法规，没撞到人已是万幸，自己撞死只能自我答责了,0
2025/4/2 12:50,油车也会烧吗？,0
2025/4/2 12:50,Higo,0
2025/4/2 12:50,高速驾驶本来就不应该分心，夜间开车，女司机应该警惕修路变道，驾驶员要有起码的判断，不能越年轻胆子越大。对此事不过多评述，只能等警察的客观结果。 奉劝大家，以后生活中应该尽量减少好几个女孩子同车的情况，如果叽叽喳喳聊天，驾驶员根本没法开车。,1
2025/4/2 12:51,后排乘客，安全带？？后排乘客知道有机械门把手按钮知道在哪里，未知太多了，看后续警方通告才是真是的,0
2025/4/2 12:51,人在高速撞击下会不会直接晕厥了[微笑]上哪想起来还有应急开关，男的还好说，女生一着急啥都忘了。116降到97还是很快的，智能驾驶不是让你把手离开方向盘，智驾时还跟对象甜蜜聊天呢[尬笑][尬笑][尬笑],0
2025/4/2 12:51,后排如果没系安全带的话这个速度大概率当场没了,0
2025/4/2 12:52,应该加装弹射座椅,0
2025/4/2 12:52,电车一燃，新闻满天飞。油车一燃，大家都司空见惯了。我是干公安交警工作的，上班快十年了，没见过一辆电车燃的，燃的全是油车。只要某个地方有电车燃起来了，就会被无限放大,1
2025/4/2 12:52,这事儿感觉出小米的水军多了,1
2025/4/2 12:52,别说智驾了，我连定速巡航都不大敢用[捂脸],0
2025/4/2 12:53,既然已经决定把命交给车，那就要最好最坏的打算,0
2025/4/2 12:53,你真是个傻p串子,1
2025/4/2 12:53,难道到了玩刀伤到人了，道具制造商也得胆战心惊的地步？燃油车撞成这样应该也会爆燃的吧,0
2025/4/2 12:53,这车主味这么冲?,1
2025/4/2 12:54,撞的变形了 什么智能锁也白搭,1
2025/4/2 12:54,和巴子一样呗，为了流量各种吹牛皮，各种立人设，不找他找谁？,1
2025/4/2 12:54,这个车好可怕，有没有小米车主不敢开想换车的，十万诚意收车[感谢],0
2025/4/2 12:54,通过一家人的操作就知道不是省油的灯。为了转移责任，制造矛盾，谎言张口就来。,1
2025/4/2 12:55,子不教父母之过啊，她闺女杀了两条人命 ,1
2025/4/2 12:55,高速开智驾模式，三个人心真大，一个人都没想到过这情况吗？系统当时都提示了，不晓得在干嘛[捂脸],0
2025/4/2 12:56,夸，就完事儿了,0
2025/4/2 12:56,回复@honey子不语:电芯倒置是MAX版本三元锂电池那个,0
2025/4/2 12:56,牛，小米南波万,0
2025/4/2 12:56,小米到现在是不是只出了这一次事故，放在车企里是不是仅次于沃尔沃[暗中观察][暗中观察],0
2025/4/2 12:56,花一样的年纪，可惜了，陌生人，一路走好[感谢][感谢][感谢],0
2025/4/2 12:56,人没事儿，得安全气囊把你弹伤才安全,1
2025/4/2 12:57,比亚迪的弗迪电池,0
2025/4/2 12:57,前挡都烧没了,1
2025/4/2 12:57,顶一下，希望车企改进,0
2025/4/2 12:58,比亚迪更差,1
2025/4/2 12:58,您真是宝藏,0
2025/4/2 12:58,洗，接着洗，怕你们不洗,1
2025/4/2 12:58,斗地主我都不放心托管！,0
2025/4/2 12:58,你特么是没看人家怎么诅咒他的，米猴们思维真是奇葩,1
2025/4/2 12:59,第一次听说小米车有智驾[赞][赞][赞][赞],0
2025/4/2 12:59,这件事要是赔偿了，以后所有的保险公司都被关闭了算了,1
2025/4/2 12:59,不管怎样，我都不会买电车,0
2025/4/2 13:00,友商开始发力了,0
2025/4/2 13:01,最迷惑的是他把三个遇难者的大量照片发群聊里给别人看,1
2025/4/2 13:01,可以音量低一点吗……,0
2025/4/2 13:01,图片评论,0
2025/4/2 13:01,买什么车好？,0
2025/4/2 13:02,是不是有些交通规则就得死很多人以后，才会有人重视，才会正式立法。就连以前的酒驾和醉驾是不是最近10年内才这么严的。,0
2025/4/2 13:02,你是在小米上班吗？为什么你有这么详细的事故全部的东西,1
2025/4/2 13:02,怎么不是人也能上网,1
2025/4/2 13:02,水军太多太能黑了,1
2025/4/2 13:02,不要说智驾，su7没有智驾。雷总讲讲门能打开不，为什么自燃，AEB为什么不生效,1
2025/4/2 13:03,出车祸了找车企赔钱也是逆天,1
2025/4/2 13:03,一堆人去骂那个女生的妈妈，像斜教,1
2025/4/2 13:03,智能提醒了为什么不听？现在出事了赖车，赖路,1
2025/4/2 13:03,要不开到危险情况加入AI播报：您正在危险驾驶？,0
2025/4/2 13:03,真正的米粉已经付出行动为雷军发声了,0
2025/4/2 13:03,这女的车子男朋友送给她开的，其他两个女的搭车去考编制。魂断高速,1
2025/4/2 13:03,你外甥女的话为什么是你婆婆打电话告诉你？你婆婆和你外甥女有什么血缘关系吗？,1
2025/4/2 13:04,小米和坦克是一个厂制造的吗,0
2025/4/2 13:04,车都不是他的等于借的,0
2025/4/2 13:04,小米不愧是营销高手，舆论这块玩明白了,1
2025/4/2 13:04,当时每小时96公里的速度，人都被碰撞的冲击力震晕了，没有能力和意识开车门，就这解释没有反驳,0
2025/4/2 13:05,问界去年烧死3个人怎么说？ 我觉得这是电动车通病吧,1
2025/4/2 13:05,什么？雷总没资源？？？啊？？,1
2025/4/2 13:05,我用华为手机，找不到工作，是不是可以去华为上班[比心],0
2025/4/2 13:06,我不是，我啥品牌都用，以前用小米产品，现在不用了，因为新机用一段时间提出毛病被一堆极端粉喷，粉他们不接受有点Bug，都认为为了喷他们品牌产品，太可怕所以换其他品牌用，,0
2025/4/2 13:06,主驾有机械开关，但是人撞晕或者挂了，门怎么开？,0
2025/4/2 13:06,辅助驾驶不等于自动驾驶，很多出事的都是因为误解这个概念,0
2025/4/2 13:06,带节奏的憨货,1
2025/4/2 13:06,看面相也是，不是省油的灯，吵死了,1
2025/4/2 13:06,"@??: 22:18分提示轻度分心报警
22:36分提示脱手预警，请手握方向盘
到22:44分25秒才人进入人驾状态！
全网都在说22:44分24秒到22:44分25秒这一秒内的问题！为什么就不想想22:36分48秒到22:44分24秒之间这8分24秒内的问题呢？都发出脱手预警了，请车主手握方向盘了，这时间内车主干嘛去了？",0
2025/4/2 13:07,你说的这些技术都可以办到，价格+100万,0
2025/4/2 13:07,并不是 而是最便宜的那款,0
2025/4/2 13:07,真是逆天[捂脸],0
2025/4/2 13:07,用一个字形容，怎么说,0
2025/4/2 13:07,刚开车那时候第一次追尾，是因为车速快，下意识去点刹车，发现速度没有立刻降下来，以为踩错了犹豫了一下。估计它也是这情况。,0
2025/4/2 13:07,怎么感觉在碰瓷，自己没有责任吗,1
2025/4/2 13:08,为什么先找小米，而不是先去找保险公司？,0
2025/4/2 13:08,网友说在某店看到10w以内的高阶智驾除了它还有谁,0
2025/4/2 13:08,你怎么证明你是13年的米粉？说真的调查结果都没有出来，你们这些人就去找人家？人家是你那么闲？要是能发图片，我都要给你看看我的特斯拉，,1
2025/4/2 13:08,水军小米操控舆论,1
2025/4/2 13:08,虽然130，但是相对速度可能就是几十，这个是97撞墙不太一样,0
2025/4/2 13:08,机器就是木头[害羞],0
2025/4/2 13:08,夸，就完事儿了,0
2025/4/2 13:08,你说人家是公关文,1
2025/4/2 13:09,西瓜6楼扔下来都没事[捂脸][捂脸][捂脸],1
2025/4/2 13:09,你不知道舆论发酵的有多快，拉黑属实正常，我都被其他品牌拉黑好几次了,0
2025/4/2 13:09,你这不算米粉吧，更像无间道,1
2025/4/2 13:09,又是一个蹭热度了，无心博主。人都不在了，静观其变，真诚对面事实。不是推测啥的，你是目睹全过程了还是我目睹了全过程。如果我们都没有就静等事实浮出水面。,1
2025/4/2 13:09,雷总：“你这不没事么？要啥气囊。看来下次不用配气囊了。”,1
2025/4/2 13:10,我滴天，小米的电池技术不是很厉害吗[裂开],0
2025/4/2 13:10,笑死，出车祸什么都没调查出来呢，不找警察不找保险公司，直接找造车的，要是最后真是调查出来是车的问题那没话说，这啥都没整直接赖上人家小米了，我打王者输找王者荣耀总公司我去好告他呗？我没考上清华我告孔庙祈福的笔不好使呗？,1
2025/4/2 13:11,毕竟家里还有个耀祖，讹的钱正好给耀祖,1
2025/4/2 13:11,你亲自去拉了吗？不要人云亦云，做人要有主见。,0
2025/4/2 13:11,尽管理解小米，可以将车子的各个玩法做成动画介绍给每一个小米车主，大家都喜欢小米车了,0
2025/4/2 13:11,SU7一夜之间变TNT600i[泣不成声][泣不成声][泣不成声],0
2025/4/2 13:11,据说是人为点火造成的，跟车没问题,0
2025/4/2 13:11,这个意思是先起火自燃，再撞击路障？,0
2025/4/2 13:11,先看看网友是人吗,1
2025/4/2 13:12,供应链套路深,0
2025/4/2 13:12,它是低配，不是宁德电池，没有倒置,0
2025/4/2 13:13,回应的很真诚啊??,0
2025/4/2 13:13,起火燃烧会有一分钟几分钟冒黑烟的过程跑路完全够用，爆燃是一秒就全车着火，你还不知道咋回事一秒就已经烧死了温度相当高，,0
2025/4/2 13:13,受害者只有两个，就是司机的俩同学。司机应该叫遇难者！,1
2025/4/2 13:14,所以气囊到底有没有打开？到现在没有一个说法。,0
2025/4/2 13:14,跟电池有啥关系，这种撞击啥电池来了能扛得住？,0
2025/4/2 13:14,人家成立工作小组为啥要联系车主和家属，扯头花吗？当然是公对公，配合警察开展调查，把事故查清楚啊。工作组肯定是为了把事故调查清楚而不是为了跟家属扯头花安抚家属给家属赔钱啊，事故没调查清楚前谁敢私底下联系你们,1
2025/4/2 13:14,孩子结婚想卖20万左右的车，哪款合适[捂脸],0
2025/4/2 13:14,您真是宝藏,0
2025/4/2 13:15,我不敢相信智驾，不管是L几的。即使它能承担全部责任和赔偿全部损失，更何况有些东西也赔不起、赔不了,0
2025/4/2 13:15,买车出事怪车企，那我在家切菜被划了怪卖的咯,0
2025/4/2 13:15,夜晚  施工   边聊微信边开车    这个聊天记录不知道完整不完整,0
2025/4/2 13:15,不是我就问一句事情起因不是女车主不在意自己的安危吗 都提醒这么多次了人家都不管我们急啥 而且现在没有证据证明是小米方的错不然早结案了 我们吃瓜群众冷静吃瓜呗急啥 等个几天我们吃瓜群众又不是等不起,0
2025/4/2 13:15,用命测试辅助驾驶,1
2025/4/2 13:15,显然调查结束，车肯定是没有问题，问题是发生，l2noa、lcc后续还要不要继续推广，按照目前当前情况来讲，后续针对辅助驾驶肯定会为出台一系列的法律条文，把辅助驾驶当自动驾驶开来，把生命交给一个随时都有可可能死机的车机。简单来说，还是缺乏敬畏之心。,0
2025/4/2 13:15,"比亚迪的电池??
以后比亚迪的电池不好卖，",1
2025/4/2 13:15,目前，应该出台法规，智驾必须基于道路安全法规规则上设计，禁止“智驾”跨越法规红线，使用时必须按照道路限速、转向指示、跟车距离、斑马线礼让等严格遵守，数据整体保留于国家的数据中心，出现事故時调取以划分责任，属于“智驾”违规，车企需要承担一定的责任，毕竟消费者是付费购买“智驾”功能,0
2025/4/2 13:16,车主肯定也要担责，不能把所有的错都归结于小米，然后他一点责任都没有,0
2025/4/2 13:16,考事业编[听歌]晚上连夜开车去考[听歌],0
2025/4/2 13:16,这视频不正确，实际是借道到对象车道之后撞到对向车道的隔离带。,0
2025/4/2 13:16,全车就轮胎防火。,0
2025/4/2 13:16,说白了，就是想讹钱,1
2025/4/2 13:16,"22:18分提示轻度分心报警
22:36分提示脱手预警，请手握方向盘
到22:44分25秒才人进入人驾状态！
全网都在说22:44分24秒到22:44分25秒这一秒内的问题！为什么就不想想22:36分48秒到22:44分24秒之间这8分24秒内的问题呢？都发出脱手预警了，请车主手握方向盘了，这时间内车主干嘛去了？",1
2025/4/2 13:16,高速100多踩刹车到70不到的速度撞击已停下的前车…被气囊弹过…懵逼好几秒[绝望的凝视]…眼镜弹飞..鼻梁很深的俩印子……..速度越快…撞击力度相对应也会成倍的增加….应该可以晕.…实际也要看人的心理准备程度….[捂脸]…但说实话..哪个车没死过人…总有千奇百怪的方式…[捂脸][捂脸],0
2025/4/2 13:16,电瓶车起火还要问原因，电瓶车两轮都起火。,0
2025/4/2 13:16,干得好，你纯属活该,1
2025/4/2 13:16,拿自己的生命开玩笑的人，配不上这个背景音乐，不能说人死了就有理,1
2025/4/2 13:17,谢谢你的评论,0
2025/4/2 13:17,电车为什么开不了门？科普一下，要想把门打开的话要怎么做？,0
2025/4/2 13:17,音乐[微笑][微笑][微笑]不对,0
2025/4/2 13:18,开过车吗？在这乱分析一通别的就不说了。 100的时速这样撞，人都可能昏迷了，还开门？ 自己不拿自己的命当回事怪得了谁。,1
2025/4/2 13:18,网络有两个不能说，一个是华为，另一个是真的不能说,0
2025/4/2 13:18,@少年郎 燃油车爆燃不了这车速,0
2025/4/2 13:18,还是等官方通报,0
2025/4/2 13:18,追责了车企开始追责电池厂商了，就驾驶员没错,0
2025/4/2 13:19,除了雷军，别人谁说也不信，只相信雷军,1
2025/4/2 13:19,保险公司怎么说,0
2025/4/2 13:19,谢谢你的评论,0
2025/4/2 13:19,后排不是救出来了？在去医院路上抢救无效去世了,0
2025/4/2 13:19,[黑脸][黑脸][黑脸][黑脸],1
2025/4/2 13:19,21岁，相恋五年[微笑]细品吧,0
2025/4/2 13:19,太好啦是聊天记录 不得不信了,0
2025/4/2 13:20,终于看到个懂得。 电芯不是问题，电芯做过穿刺的，都不会起火。 封装很难，要求非常高。问题大概率是封装。（纯主观推测，完全是讨论，不涉及任何因素，如果你认为我错了，大概率我真错了）,0
2025/4/2 13:20,超速就超速，跟是什么车有啥关系,0
2025/4/2 13:20,闺女没了还有心情在网上这么活跃，回评论看评论,1
2025/4/2 13:20,这速度无论油车还是电车，无论什么品牌，基本都必死无疑，但问题是小米有热度啊，所以现在车主和死亡驾驶员家属就是讹诈小米了,1
2025/4/2 13:20,高速碰撞后，人会不会晕，还能自己走下车吗，我装过一次，刚绿灯转弯时，速度10左右不会超过15，撞路牙上的，人没受伤，被方向盘顶了下腹部，我都懵了一下呢,0
2025/4/2 13:20,没有啊，有一款车的测评100km/h碰撞成绩很好，叫小米su7不信你可以去搜搜看,0
2025/4/2 13:21,施工路段可以开到116km/h吗？,0
2025/4/2 13:21,夸，就完事儿了,0
2025/4/2 13:21,倒霉的是那两同学吧 她还闹上了,1
2025/4/2 13:21,我也觉得打不开门才是要命的关键。据说有路人去开门了，打不开。这个速度撞击有气囊，安全带的话，人不至于死掉,0
2025/4/2 13:21,车速在60码，自动不了,0
2025/4/2 13:21,不懂就问：自动驾驶为什么不能自动停下来呢？,0
2025/4/2 13:22,我昨天买的双色球为什么没有中500万,0
2025/4/2 13:22,高速又没跑150，没明白有些人说速度过快啥意思，谁高速不是120跑？,0
2025/4/2 13:22,回复@乖乖酥:脑子有泡,1
2025/4/2 13:22,这下好了，小米股票市值暴跌700亿，遇难者家属发文无法打开车门，要是未经相关部门查证，虚假陈述，将面临牢底坐穿的风险，毕竟网络不是法外之地。[捂脸][捂脸][捂脸],1
2025/4/2 13:22,这张图适合现在 评论配图,0
2025/4/2 13:23,他咋知道人为刹车了,0
2025/4/2 13:23,这么硬核的防护没扛住90公里的时速，更扛不住低配车里面用了迪子的电池呗！,1
2025/4/2 13:23,微博tmd。微博就是勾子。上次我评论是个假脸。被人举报了还成功了。还tmd举报成功了。也是3天不能评论,1
2025/4/2 13:23,活该，死得好，不作死就不会死，非得要作死， 车祸不应该找保险吗？管车企什么事，一点安全意识都没有，这种不自己撞死迟早有一天也会撞死别人！这种马路杀手就不用可怜，死了也是自找,1
2025/4/2 13:23,为你打call!,0
2025/4/2 13:24,从她在家属群炫耀说车子是自己买给女儿的就能看出她是个虚荣心很强的人。还说谎的人。现在亲戚们都知道她什么嘴脸了。,1
2025/4/2 13:24,原来是这样，我说为啥接管后突然往左打方向22度，改道转s弯，,0
2025/4/2 13:25,阎王敲门4秒,1
2025/4/2 13:25,林志颖当年70码撞上去就晕了，幸亏当时白天命大，车附近路人多把他跟孩子给救出来了，不然也难说，100多时速，什么车来了也不好使,0
2025/4/2 13:25,这男人的聊天记录绝对删减了很多,1
2025/4/2 13:25,不找车企，其他两人的钱得她和她女儿男朋友来赔,1
2025/4/2 13:26,车都烧成这样子了数据那来的？,1
2025/4/2 13:26,造电车都不开电车、大家细品,1
2025/4/2 13:26,小米su7是明确过夜间不能开启智架的，偏偏要作死。,1
2025/4/2 13:26,感谢抖音，让我看到了，还是骑自行车安全,0
2025/4/2 13:27,一个敢吹，一个敢信。,1
2025/4/2 13:27,大概一边开了辅助驾驶，一边和男朋友在聊天,0
2025/4/2 13:28,是啊[玫瑰],0
2025/4/2 13:29,车主为什么知道智能驾驶故障后无法刹车的，小米公布的数据不是从116降为97，他为什么会知道刹车失效,1
2025/4/2 13:29,有可能是水军也有可能是反串的，这只有发评论的人才知道，其他人只能猜测,0
2025/4/2 13:29,车门锁不是最重要的，最重要的是它会起火！！！,1
2025/4/2 13:30,起火可以，但不能爆燃啊。慢慢烧也有机会的,1
2025/4/2 13:30,你家车落锁着火 你还得夸烧的旺 还得谢谢车企省火化费了,1
2025/4/2 13:30,这男的如果是车主，他是要赔钱的。,0
2025/4/2 13:30,磷酸铁锂有机会跑？？？,0
2025/4/2 13:31,别蹭雷总流量了行不行,1
2025/4/2 13:31,我说怎么一直说小米汽车的事呢，原来是还有个儿子，想多要点赔偿啊,1
2025/4/2 13:31,这考的哪门子，早上就结束了。,0
2025/4/2 13:32,可以，围迪救米，这样玩以后谁给你的组装车供件,1
2025/4/2 13:32,"有些智驾，出了事就是辅助驾驶。
有些智驾，睡着了能安全自己下高速。
有些智驾，也就是个振动提醒，还要靠人开，比如我的那辆[捂脸][捂脸]",0
2025/4/2 13:32,雷军老实 这人是有多天真 以前做手机的时候手段多脏啊,1
2025/4/2 13:33,回复@精彩视频集锦8:现在看所谓爆燃不存在，因为现场有人救出来了一个，可惜送到医院抢救无效了。,0
2025/4/2 13:33,刷币,1
2025/4/2 13:33,打脸了[捂脸],1
2025/4/2 13:33,后轮居然完好无损？,0
2025/4/2 13:33,车门为啥打不开？,0
2025/4/2 13:33,电车本来就是行走锅炉，碰撞起火，但是好多人还是买，买电车时候沉稳的老司机，不适合毛躁人,0
2025/4/2 13:33,本身就是晚上，你这个视线多多少少会受到影响，而且人家道路施工一般都会有标识吧，你没注意看，可能是快要撞上了。一声卧槽。然后慌了，手忙脚乱踩刹车转方向,0
2025/4/2 13:35,冒出来一堆没头像的,1
2025/4/2 13:36,碰撞后哪个电池不燃烧，这不是电池的问题，这是智驾和人员操作的问题，这热搜妥妥的想推卸责任,1
2025/4/2 13:36,可以不可以这样设计，电池一旦起火，所有车窗和前后挡风玻璃都自动爆裂？,0
2025/4/2 13:36,小米车没有最严重，只有更严重！,1
2025/4/2 13:36,我在想 有什么车 97公里高速的情况 撞不烂 .,1
2025/4/2 13:36,我感觉没有一个正常人，全是幕后推手把大家当猴耍，小米压热度，家属背后有人指点，我现在既不同情资本家，也不同情家属，都为了钱，推动大众的情绪就是他们博弈的工具 评论配图,1
2025/4/2 13:36,这种保险不赔吗,0
2025/4/2 13:36,车主在用生命为她的行为负责，坐她车的朋友才真是实惨，为车主的行为命都搭了,1
2025/4/2 13:36,真的，看她接受媒体采访情绪很稳定，声音听不出来有一点悲伤，换别人早哭晕了,0
2025/4/2 13:37,技术不成熟就推向市场，是应该承担责任的,0
2025/4/2 13:37,小米su7车子是好车，关键是开车的人！,0
2025/4/2 13:37,我前两天开车车被划到了，我现在正在准备材料起诉驾校，道路施工队和车企,0
2025/4/2 13:37,如果小米说谎，如果，那有谁能证明小米在说谎？,0
2025/4/2 13:38,智驾，不要命的选择,1
2025/4/2 13:38,意思是发明个出事故车门自动掉在地上的车,1
2025/4/2 13:38,天王老子来了也是电车省油,1
2025/4/2 13:39,为什么现在的肇事者都要以受害者自称呢？,1
2025/4/2 13:39,其实跟用谁家的电池有啥关系，这么高的速度撞击，谁家的电池都不好使，我充电宝从高处摔到地上都有可能爆燃呢,0
2025/4/2 13:39,人都死了 闹 不也就是为了钱么,1
2025/4/2 13:39,车还不是不够安全，国家一个定个安全标准，一键打开车固定位置,0
2025/4/2 13:40,太相信智驾了,0
2025/4/2 13:40,正常当妈的怎么可能允许女儿婚前接受男朋友买的车子，正常人会自己给女儿买,1
2025/4/2 13:40,我感觉电车比油车省油,0
2025/4/2 13:40,听说时速达到93 公里每小时，转换成秒是 25 米，小米在 50 米开外就已经报警了，是谁的问题,0
2025/4/2 13:41,他说独生子女？我在另外一边看到司机亲妹妹的截图你们都是流量为王啊,1
2025/4/2 13:41,主要现在的年轻人太自信了。,0
2025/4/2 13:41,谢谢你的评论,0
2025/4/2 13:41,会有调查结果的  高速录像 ，路过司机和记录仪  这么大的事故，肯定需要多方联合调查，最终以交警的通报信息为准，支持家属维权，如果有小米的责任，相信不会逃避，也逃避不了,0
2025/4/2 13:42,如果她没问题谁网暴她啊？,1
2025/4/2 13:42,这个车好可怕，有没有小米车主不敢开想换车的，2万诚意收车[感谢][舔屏],1
2025/4/2 13:42,理性来说，不知道会不会有人删我评论，这个司机错误操作导致两名乘客死亡，根据民法规定，好意施惠行为如果能认定司机有故意或者重大过失情况下，可以找司机赔偿，那问题就来了，这找车企不是有点转移矛盾的意思吗？这不应该是这个剧本啊。还有另外一点，说他女儿去考试，正常人都会坐火车或者公交去吧,0
2025/4/2 13:42,前首富没资源,1
2025/4/2 13:43,该烧还得烧。安全驾驶才是最重要的。,0
2025/4/2 13:43,有谁会开车那么远还是夜间跑高速去考试啊，这一点不尊重考试啊，这一点我也不想不明白,1
2025/4/2 13:43,买的电芯自己做的热管理，有些厂家的热管理不太行啊,0
2025/4/2 13:43,我想买一辆小米给我老婆，意外保险买1000万还是1个亿？,1
2025/4/2 13:43,这跟电池有毛关系,1
2025/4/2 13:43,建议高速中间的混泥土桩，但凡可能会有车辆撞击风险的突出头部处，使用轮胎等橡胶品，并贴反光条提醒。,0
2025/4/2 13:44,等交警公布呗，他一个车商能比交警大队先公布？怕不是道反天罡喽,1
2025/4/2 13:44,今天准备买小米su7，看到这个视频，我犹豫了，打算买坦克，有推荐的吗,0
2025/4/2 13:44,雷总表示,0
2025/4/2 13:44,事实胜于雄辩。我觉得小米的更客观，联系车主了，发生事故了，之后车主说快停车,0
2025/4/2 13:44,这音乐,0
2025/4/2 13:45,无人驾驶不可靠,0
2025/4/2 13:45,动脑子想一想，没有智驾，高德地图都会提前好几公里播报前方路况信息！智驾真的可靠？？真的实时？？,0
2025/4/2 13:45,#小米正式回应SU7高速碰撞爆燃事故# #小米SU7高速碰撞爆燃事件细节# 随机分配？这台事故车究竟是比亚迪还是宁德时代电池？,0
2025/4/2 13:45,我骑电瓶车，跑30码，都不敢把手拿开,0
2025/4/2 13:46,全供应链都得担责呗,0
2025/4/2 13:46,24年买了小米手机才知道小米照相经常死机，必须要关机重启才能照相[捂脸],0
2025/4/2 13:46,三万赞,0
2025/4/2 13:46,你不知道100撞水泥柱能有几个有气的吧,1
2025/4/2 13:46,小米汽车啥时候悲剧了？？,1
2025/4/2 13:47,不知道是不是我小说看多了 给我一种车被人动了手脚的错觉[噢买尬][噢买尬],0
2025/4/2 13:47,先把自己的责任承担起来再骂别人,1
2025/4/2 13:47,因为男朋友发信息甚至吵架，导致的危险驾驶，小米也已经提供危险驾驶提醒了，结果出这个事故，那雷总可以反过来告他们吗[微笑],1
2025/4/2 13:48,得换坦克开开,1
2025/4/2 13:48,100码的速度 撞哪里人都晕了吧[捂脸],1
2025/4/2 13:48,谢谢你的评论,0
2025/4/2 13:49,交通事故是避免不了的，如果发生了就会爆燃，那为什么选择电车呢，带着手雷上路吗,1
2025/4/2 13:51,主要事情都没定责啊交警都没通告事情本末，为什么会有出车祸车企买单的想法这个事情理性吃瓜不发表评价等官方吧,0
2025/4/2 13:51,车主问题，凡事都有意外，车主不懂车还是不开的好。别把自己的生命开玩笑,1
2025/4/2 13:51,电车企业就应该好好研究开发一下机械门把手，十几秒有时候可以救命,0
2025/4/2 13:51,这时候又能共情了,0
2025/4/2 13:52,起诉司机么[尬笑],1
2025/4/2 13:52,人为因素操作不当,0
2025/4/2 13:52,不管谁的电池，这种碰撞责任就是车主自己和车企，舆论转移话题？,1
2025/4/2 13:52,一场事故，直接火化了。惨,1
2025/4/2 13:52,大哥，你这视频也太粗糙了吧,1
2025/4/2 13:52,碰撞前估计女生睡着了,0
2025/4/2 13:52,细节问警察呀，那肯定详细的,0
2025/4/2 13:53,说的不是事实嘛,0
2025/4/2 13:53,陌生路段，还要用智驾唉唉唉,0
2025/4/2 13:53,如果小米一个月销量只有几百台，雷军也不是全网有几千万粉丝，那就他就不用面对这种问题雷军个人ip完全已经大于小米品牌了，所以这是他必须承受的,0
2025/4/2 13:54,26年驾龄，我定速巡航都不敢用脚放在踏板上心里踏实,0
2025/4/2 13:54,为什么提示接管，那么久没接管不减速靠右呢,0
2025/4/2 13:54,有车主啊，那好了，这是被告[看],1
2025/4/2 13:55,小米实际是营销公司,1
2025/4/2 13:55,迪子的谎言，磷酸铁锂比三元安全。,1
2025/4/2 13:55,米粉太疯狂了,1
2025/4/2 13:55,不管你什么车的自动驾驶在老子手上都不用，我只相信自己动手操作！[比心][比心][比心][比心][比心],0
2025/4/2 13:56,不明白为什么纠结打不开门，撞到东西的时速你是一点不提,1
2025/4/2 13:56,我小米事故具体原因的微博还没刷到，只刷到受害者家属的发声，我就觉得这样的发声明显是不合适的，啥调查结果都没有，通篇的中心思想就一口咬定全是车的问题，这合适吗？不引来批评才奇怪,1
2025/4/2 13:56,这么高的速度，如果自动解锁，将会更加危险。,0
2025/4/2 13:57,怎么感觉好多小米都刹不住呢[白眼],1
2025/4/2 13:57,高速公路责任,0
2025/4/2 13:58,跟雷军也没啥关系啊 只能说是公关团队法务团队的问题 再说这种时候 任何企业碰到这种问题都要大范围拉黑删评的吧 得控评啊...,0
2025/4/2 13:58,最大问题是爆燃。发生事故，气囊弹出。身体受到巨大撞击。都需要缓一会才能行动。爆燃给车主自救的时间太短了。,0
2025/4/2 13:58,可能是前面两人一直在聊天，然后突然接到紧急电话，就下意识从微信发消息，认为这样对方能第一时间看到消息。不然肯定是直接电话联系啊,0
2025/4/2 13:58,三个姑娘，活活的烧成灰了。,1
2025/4/2 13:58,在什么情况下会不打电话的是发消息叫停车呢？我猜测上一分钟还在和对方聊天,0
2025/4/2 13:58,国人的素质决定了有些科技真的无法平权，因为普罗米修斯带来火种，世人反怨他的火烧人。,1
2025/4/2 13:59,标准版不带,0
2025/4/2 13:59,人家开车，他喊她停车说我爱你[微笑],0
2025/4/2 14:00,小米给我增智慧,0
2025/4/2 14:01,我以前60多追尾别人，结果被自己的气囊炸晕了[捂脸],0
2025/4/2 14:01,好多无脑米粉就该代替这三个女孩被烧死,1
2025/4/2 14:01,小米火了[不失礼貌的微笑],0
2025/4/2 14:01,如果司机认真开车就不会发生车祸啊 ！智驾无论开不开司机都要专心看路的！,0
2025/4/2 14:01,刹车系统失灵[捂脸],0
2025/4/2 14:02,想问一下，过年回家4440公里，平时在南疆高校当老师，买什么车比较合适，十万以内，轿车最好,0
2025/4/2 14:02,你都没事儿，安全气囊为什么要出来,0
2025/4/2 14:02,不懂就问，法律上来说，驾驶一辆非本人名下的车，且车辆归属人不知情的情况下发生了人员伤亡，这样子怎么判责,0
2025/4/2 14:02,他们不是一直微信聊天的么？如果驾驶员碰撞后还没有晕发现车门打不开的话会跟男友说求救会留下聊天记录，但是没有，很有可能已经晕者无了…男友就此断定她们是想出来但出不来？,1
2025/4/2 14:02,发布会上说的是热失控电池没有严重变形，高速上那个事故电池都变形了之前设计的功能肯定都坏掉了呀,1
2025/4/2 14:03,那位车主才是最大担责的人，而不是躲在幕后,1
2025/4/2 14:03,24秒提示有障碍，28秒就撞了，这辅助驾驶也是醉了！虽然我从来不用[捂脸],0
2025/4/2 14:03,不是应该等交警事故责任认定书下来再追责吗？,0
2025/4/2 14:03,在其他楼层里回复别人，这层层主被删除拉黑似乎会误伤，我也被其他博主这么拉黑过。,0
2025/4/2 14:03,为你打call!,0
2025/4/2 14:03,想哭[流泪],0
2025/4/2 14:04,现在都这样了吗 开车的出车祸死了 成了卖车的事儿了 ，跑一百多撞击后车架后变形的，车门打不开也有可能的事儿，怎么说的好像雷军弄死她们一样,1
2025/4/2 14:04,为什么起火？,0
2025/4/2 14:04,一个猴鼠屎害了一锅汤，把中国智驾搞乌烟瘴气，自己本来就是组装厂，偏偏要搞智驾，要研发没研发，靠偷是不行的，自己东西才能玩明白！玩手机也是，每年把外国的东西堆的那么高，结果手机体验也就那回事。你让他搞研发，结果一个破杯子他研发十几次天天上热搜。,1
2025/4/2 14:05,好像第一次刷到出车祸，找车的生产商[捂脸][捂脸][捂脸],0
2025/4/2 14:05,最信奉自动驾驶不是学计算机的嘛,0
2025/4/2 14:06,家庭教育就有问题,1
2025/4/2 14:06,等下又要研究轮胎是哪一家生产的了,0
2025/4/2 14:06,这。。很难感受到一点悲伤一点爱，家人不在了，提到都是心痛，怎么还忍心用作攻击别人的工具,0
2025/4/2 14:06,不找保险 找车商 厉害啊,1
2025/4/2 14:06,小米你们自己职驾太智障 别赖电池 好吗,1
2025/4/2 14:06,二十年前再马路上摔倒不会有人想到还可以….文明社会不应该是这个样子。 愿所有人都平平安安,0
2025/4/2 14:07,666,0
2025/4/2 14:07,夸，就完事儿了,0
2025/4/2 14:07,极致，最严苛，真圆,0
2025/4/2 14:07,年初八路上一切正常，但是大桥结冰，我老公开的是吉利suv当时车速八十几码，直接撞桥墩上了，安全气囊弹出，车头严重变形，当时车里开始冒烟，我们懵了一会立刻下车，准备拿灭火器，过了一会也没看哪里着火，我和老公才松懈下来，两人都没受伤，真的被吓得半死，事后想想庆幸我们开的不是电车[我想静静],0
2025/4/2 14:07,为什么车门设计为打不开？,0
2025/4/2 14:07,驾驶员永远是第一安全负责人！不论是新手 老司机 要有安全意识 对自己和他人的生命有敬畏之心,0
2025/4/2 14:07,？神经特斯拉出事怎么不找马斯克 他热度不比雷军高？美国首富还是国家二把手 真是闲着没事干了,1
2025/4/2 14:07,回复@马太的少数派:higo 实践出真知，别bb,1
2025/4/2 14:07,你是不是有病,1
2025/4/2 14:08,真相你不得问警察麻？？问雷军干啥，雷军在家呢,1
2025/4/2 14:09,2秒钟发生的事，用了几十个字描述[泪奔],0
2025/4/2 14:09,小米确实因该赔钱,1
2025/4/2 14:09,有不让你找马斯克吗？只允许雷军享受流量但是又不被流量反噬是吗？,1
2025/4/2 14:09,把自己的命交给自驾系统，你根本就不知道会发生什么后果。即使发生了也不意外。,1
2025/4/2 14:10,反正出了类似事故，都是咬定车有问题，路有问题，车企有问题。从来不提人有问题，驾驶水平有问题。,1
2025/4/2 14:10,科目一和科目四里面让司机双手可以离开方向盘开车了吗？,0
2025/4/2 14:10,不是自研吗？,0
2025/4/2 14:10,博主说的对，驾驶人责任，拉着两个人你居然手离开方向盘不管，这不妥妥滴不负责任吗？,0
2025/4/2 14:10,所以你的海豹还在开么,1
2025/4/2 14:11,比亚迪就卖了电芯。。。。这是逼比亚迪后面禁止单独出售电芯,1
2025/4/2 14:11,我说你们能不能串一下口啊[真的会谢]，一下妈妈，一下男友，一下舍友，谎话多了不能圆起来了,1
2025/4/2 14:11,怪导航,1
2025/4/2 14:11,火那么大，没有活人传授经验，还安全锤，安全锁，拉到吧，谁发明的让他在这种情况下逃生试试,1
2025/4/2 14:12,逃生车门做的地方不一样考驾照时候不知道逃生车门在哪里  ，电动车九号也不一样啊，你需要去练习，更何况别人坐车里没开过车的根本就不知道车门逃生在哪里按。,0
2025/4/2 14:12,那么快的速度撞击车门也会变形把,0
2025/4/2 14:12,撞晕了咋打开？,1
2025/4/2 14:13,你这唐人也能当博主吗糖太宗,1
2025/4/2 14:13,马自达：我与阁下无冤无仇[捂脸],0
2025/4/2 14:13,这种社会舆论化，自媒体的定义是粉丝互怼，事情的本质不应该的驾驶者与驾驶事故吗,0
2025/4/2 14:13,女孩子喜欢这个颜色的车子么。,0
2025/4/2 14:14,但是，车不是自己突然爆炸的，不是撞到障碍物才爆炸吗，我以为很正常[泣不成声][泣不成声]（不是很懂车别骂我）,0
2025/4/2 14:14,借车有折旧费吗？,0
2025/4/2 14:14,我看了这个车是标准版不是顶配，没有激光雷达吧，所以前方扫描不行，可惜了，开车还得相信自己的双手，我连定速巡航都不用,0
2025/4/2 14:15,兆瓦闪充，ppt企业,1
2025/4/2 14:15,小米出个事情 你华为就高潮了？,1
2025/4/2 14:15,等会  电池包不是电池厂的吗？ 小米也生产电池？,0
2025/4/2 14:16,刀把没装好不得找造刀的？,1
2025/4/2 14:16,一条多少钱？带我赚赚,0
2025/4/2 14:16,你就是友商,1
2025/4/2 14:16,模型也不对，出事的是光头车。,1
2025/4/2 14:16,自从花粉加入电车圈，电车圈就再没有安宁过,1
2025/4/2 14:16,4月1号定金都交了，不知道能不能退[感谢],0
2025/4/2 14:16,97，A柱都没事，质量还是很好的,0
2025/4/2 14:16,这要赔特斯拉赔的的多了[捂脸],0
2025/4/2 14:17,这车牛逼轮胎完好无损可以买,0
2025/4/2 14:17,我油车120怎么没起火呢,0
2025/4/2 14:17,20多还是油车,0
2025/4/2 14:17,车是母亲送给女儿的，名字写男朋友的啊，这个妈妈怪好的呢,0
2025/4/2 14:17,人因為自己的無知買單，和車企有什麼關係？,1
2025/4/2 14:17,希望你发生同样事情的时候也能这么说,1
2025/4/2 14:17,有钱谁买电车,1
2025/4/2 14:18,不能因为长得漂亮，雷总就必须出面。,0
2025/4/2 14:18,就说车门打不开，你怎么不说你开车往死开呢？,1
2025/4/2 14:18,感谢分享,0
2025/4/2 14:19,啊[发呆]12011点多去的，我爱你是凌晨发的,0
2025/4/2 14:19,车主估计是担心自己借车出去，然后出事故担责。毕竟他女朋友出车祸前一直和他微信聊天呢，要不也不至于偷偷删消息记录是不,1
2025/4/2 14:19,不是，就是最便宜的那个,0
2025/4/2 14:19,是比三元安全，电芯穿刺实验B站很多可以去看看。,0
2025/4/2 14:19,问就是刀片电池不会起火,0
2025/4/2 14:19,如果没有“爆燃”的话，也许还有生还的希望![赞][赞][赞][赞][赞][赞],0
2025/4/2 14:19,看来小米的电池包也是会爆燃的[发呆][发呆][发呆],0
2025/4/2 14:19,特斯拉出事也不见这么多人骂,1
2025/4/2 14:19,这音乐你不怕家属把你告了,1
2025/4/2 14:19,智驾概念新颖，年轻司机血性充沛，各有千秋,0
2025/4/2 14:19,新手司机更注重规则，智驾常规操控很重要,0
2025/4/2 14:19,过猛了，还是要以安全为重,0
2025/4/2 14:19,未必如此，取决于实际情况和经验积累,0
2025/4/2 14:20,质量很好[捂脸][捂脸][捂脸][捂脸],0
2025/4/2 14:20,只能说是等警方结果,0
2025/4/2 14:20,这个月新闻铺天盖地都会是国产电车的新闻,0
2025/4/2 14:20,改道到逆向车道还有100码的速度，有几个老司机敢这么开，还是夜晚…,0
2025/4/2 14:20,是啊,0
2025/4/2 14:20,刚订了SU7，怎么办,0
2025/4/2 14:20,智驾这玩意，真不是卖点，安全才是卖点,0
2025/4/2 14:20,这么多电车都是事故自燃后打不开车门啊，社会新闻还少吗，买就是要赌。但是这么多因素导致的事故，却只追究车企？有点过河拆桥,1
2025/4/2 14:20,谁的电池都一样，电池被巨力撞击燃烧是必然！,0
2025/4/2 14:20,有没有可能微信没记录，一直在打电话，最后收到噩耗，只能无奈并心痛的说了句我爱你一辈子,0
2025/4/2 14:21,一百公里时速撞水泥桩，啥车能好？,0
2025/4/2 14:21,俩同学真无辜,0
2025/4/2 14:21,大晚上开着高速还跟男友在聊天呢，男的没安全意识女的也没有,1
2025/4/2 14:21,还是油车靠谱啊，同志们,0
2025/4/2 14:21,你踩刹车就属于人为接管，系统就不管了。开车的自己都懵逼状态。那么快没办法第一时间进入到高速行驶的状态。所以轮到你了,0
2025/4/2 14:21,为你打call!,0
2025/4/2 14:21,嗯呢... 安全气囊确实得与时俱进了，希望这次调查能有个明确的结果。,0
2025/4/2 14:21,被网暴了,1
2025/4/2 14:21,不清楚，但是深夜开高速还敢开辅助驾驶真的??,1
2025/4/2 14:22,是啊,0
2025/4/2 14:22,智驾和AEB有关嘛？人驾AEB也在工作呀？这辆起火的车AEB是否工作了？AEB工作到发生碰撞间隔多少秒？AEB将车速由多少降到多少？这几个问题查一下后台信息应该不难回答吧！,0
2025/4/2 14:22,闹大了就是想让小米帮他们来赔钱  不然另外两家的钱他们一家子哪里赔得起  家里还有个儿子没结婚呢,1
2025/4/2 14:22,我爱你一辈子……[捂脸][捂脸][捂脸][捂脸]过两年就忘了……现在车没了，还要赔钱……爱有几点[捂脸],1
2025/4/2 14:22,“资本家”没资源,1
2025/4/2 14:22,我评论了下车门打不开，就被他们冲了,1
2025/4/2 14:22,[捂脸] 车主锁了车门外面能打开吗  97公里人都撞晕了  所以死得毫无感觉 [呲牙],1
2025/4/2 14:23,雷子卖的时候不止一遍说过了智驾只是辅助，不要太相信，双手千万别离开方向盘，只不过是别的车企吹得太过了,0
2025/4/2 14:23,你既然说得如此清晰，能告诉我一下这辆车当时AEB是否工作了？,0
2025/4/2 14:23,炒股的人都懂，小米股价本来就该下跌调整了[捂脸],0
2025/4/2 14:24,为了洗白各种各样的阴谋论已经出来了已经魔怔了这群体,1
2025/4/2 14:24,不是达不到，说了l3，那是出事必赔,1
2025/4/2 14:24,乱讲,1
2025/4/2 14:24,有谁小米不好开的[绿帽子]卖给我[绿帽子],1
2025/4/2 14:24,看不清前方的夜间 ，时速116，双手离开方向盘完全使用智能辅助驾驶，前方封路并入对向车道，前面很远肯定有指示牌，智驾早就发出脱手警示了，直到发生车祸前两秒才接手方向盘，还以90多的速度撞击水泥墩，这种撞击力度不管任何车，车门都可能打不开，就算能打开人也已经早就撞晕了，我不只是质疑她的驾驶技术。还有这车经过这样的强度撞击，车架还如此完好，这车是否安全不知道，质量不错这是肯定的。,0
2025/4/2 14:24,早就说过买车不是买手机这不是闹着玩的。,0
2025/4/2 14:24,音乐正确[kisskiss],0
2025/4/2 14:24,为啥完全用智驾？智驾本来就是辅助驾驶，手不能离开的，只是帮助轻松驾驶，这个110迈速度什么车撞上去都很难有生还,0
2025/4/2 14:25,千万别赔钱，不是小米的错,0
2025/4/2 14:25,那么大那么大撞击力度，没有及其在开车门了吧,0
2025/4/2 14:26,哇盖了这么高的楼啊，以后路上看见米车还是要离远一点，很大几率会路怒,1
2025/4/2 14:26,对待网络喷子，拉黑你是对的,0
2025/4/2 14:26,第一次听说出事故不走保险，走公司？[绝],1
2025/4/2 14:26,要么不出事 出事就团灭难搞啵,1
2025/4/2 14:27,比亚迪：我们的电池穿刺实验都不燃烧！行里人懂的都懂…,0
2025/4/2 14:27,小米的粉丝到底喜欢小米的东西还是喜欢雷军？搞不懂一家企业竟然会有那么多粉丝,1
2025/4/2 14:27,真智能,0
2025/4/2 14:27,你真恶心,1
2025/4/2 14:28,萝卜快跑不是全智能驾驶的,0
2025/4/2 14:28,"100km/h≈27.78m/s
也就是2s距离60米[捂脸][捂脸]
97km撞击任何车都是毁灭事故
分析：
 车门是否正常打开、路障是否合理",0
2025/4/2 14:28,安全皮囊去哪里了,0
2025/4/2 14:28,有缺陷的东西，一个不完善的东西，拿来卖，还怪消费者，我觉得世界已经疯了,1
2025/4/2 14:28,担责两字一出来就知道你没车,1
2025/4/2 14:28,具体结果尚未可知，就让他们继续说车的问题对自家造成不好的影响我觉得如果最后警方结果出来是小米有问题小米也不会推卸责任，但是目前这么发帖说车的问题不是带偏舆论吗，他们现在就是想让大家先入为主认为是车的问题导致人员死亡，那小米控制舆论不让他继续发酵不也是情有可原吗,0
2025/4/2 14:28,说的没问题啊,0
2025/4/2 14:29,都别吵了，烦死了！自由选择，选择了就需要承担后果！生死有命，自己的选择！别出事了叽叽歪歪吵！,1
2025/4/2 14:29,军儿  不要赔钱  不要赔钱！赔了他们就会更加认为是你理亏！公事公办  该谁的责任就谁的责任 也不要仗着有钱去人道主义给钱！那样只会迎来更多的赖皮,1
2025/4/2 14:29,实话实说！不就是擦边多要钱吗,1
2025/4/2 14:30,我认为自动驾驶应该取消，太没必要了,0
2025/4/2 14:30,可是安徽当天的考编时间是在29号的下午，为啥是夜间在高速上，还说是去考编的路上,0
2025/4/2 14:30,为什么不自己开啊？,1
2025/4/2 14:30,我的小米股票完了！[流泪][流泪][流泪][流泪][流泪][流泪][流泪][流泪][流泪],0
2025/4/2 14:30,不是所有车吧～～～类似又不是一样。,0
2025/4/2 14:30,找他男朋友，他借的车,0
2025/4/2 14:30,这是gta5吗,0
2025/4/2 14:30,买手机可以，车就算了,0
2025/4/2 14:31,22：36开始提醒车主，到22：44七分钟啊，七分钟啊，司机在干什么？七分钟啊,1
2025/4/2 14:31,[泣不成声][泣不成声][泣不成声],0
2025/4/2 14:31,活该死啊怪自己还能怪谁啊,1
2025/4/2 14:31,真假的 我昨晚上还看到这条评论了的,0
2025/4/2 14:31,我支付宝没钱一直联系支付宝[流泪],0
2025/4/2 14:31,我定速巡航不敢用[捂脸]你们还敢用自动驾驶[捂脸][捂脸],0
2025/4/2 14:31,雷总是太好说话了，真的是活久见，高速路上出了车祸车企老板最先出来道歉，新中国成立后第一次[赞][赞][赞],0
2025/4/2 14:32,人為自己的無知買單，有啥問題呀？試問,0
2025/4/2 14:32,我觉得开车的人才是重点,0
2025/4/2 14:32,三朵花呀，就这么没了[感谢][感谢][感谢][感谢][感谢][感谢][感谢][感谢],0
2025/4/2 14:32,本人郑重承诺，小米车主不敢开想换车的，十万诚意收您的旧车，减少您的用车风险[干饭人][干饭人],0
2025/4/2 14:32,您真是宝藏,0
2025/4/2 14:33,这个事故为啥要小米赔偿？就因为买的小米的车？,1
2025/4/2 14:33,自己操作不当还带走双杀，让谁去替他你吗你可怜你去替,1
2025/4/2 14:33,你说他不好，私信骂你！我真的,1
2025/4/2 14:34,6,0
2025/4/2 14:34,斗地主都不敢托管[我想静静] 开车怎么敢的啊,0
2025/4/2 14:34,路人可以说话吗,0
2025/4/2 14:34,死者为大 你这 [抠鼻],1
2025/4/2 14:35,小米太火了[捂脸]出车祸还找商家的,1
2025/4/2 14:35,刚刚吃饭噎到了 我去找卖米的看看等我消息,0
2025/4/2 14:35,你在车上？你知道车门锁死？,1
2025/4/2 14:35,荣耀用户总是喜欢认祖归宗觉得自己是华为系，小米出问题就帮助华为出头找问题，殊不知华为不认这儿子,1
2025/4/2 14:35,我学文科的招谁惹谁 还要被阴阳,1
2025/4/2 14:35,我老公开问界m9一上高速就开始睡觉[噢买尬][噢买尬]，说了好几次都不听，只能一直我自己开了[苦涩][苦涩],0
2025/4/2 14:36,省油，支持电车,0
2025/4/2 14:36,人，关键在人！,0
2025/4/2 14:36,这是真粉，小米的智驾也敢用,0
2025/4/2 14:36,感谢那些为未来智驾发展付出代价的人,0
2025/4/2 14:36,这就是网红车，刚开始做车的企业，能有多好呢？,0
2025/4/2 14:36,家属为什么一口咬定车门锁死，就是打不开[捂脸]。,0
2025/4/2 14:36,几秒100公里没法反应哦。,0
2025/4/2 14:36,人睡着了吗？我不相信辅助系统。还是认认真真开车。,0
2025/4/2 14:36,西瓜??涂层到底用没用？,0
2025/4/2 14:36,没防住，没办法，攻击力太强了。建议雷总下次造车搞800层防护。,0
2025/4/2 14:36,不只是电池，道路施工时地图有没有同步这一信息呢，智能驾驶的路径是要根据地图规划的，有可能地图没更新，智驾规划的路径要经过施工地点，车都要开到施工地点了，人才反应过来要撞上，才猛打方向盘,0
2025/4/2 14:36,这个妈妈的微博像是代写博，应该是她的身边的人帮她在写，不像是妈妈本人在掌控。一个失去女儿的母亲是没有办法这么冷静的在微博上和网友争辩的,1
2025/4/2 14:37,别的品牌的车子出了事故，出了问题就没有说要联系哪个品牌的，怎么是因为小米太好了，所以啊，这边小米出了事故，就想让小米联系你，小米需要背什么锅吗？,1
2025/4/2 14:37,[捂脸]别的我不知道，我的油车安全带不系，光滴滴滴滴滴滴滴滴滴的声音能把我烦死??。,0
2025/4/2 14:37,条件不错呀,0
2025/4/2 14:37,什么是就像？,0
2025/4/2 14:37,钢铁侠都不敢闭眼让贾维斯自己在天上飞   开车的比科幻电影还科幻  直接脱手[赞][赞],0
2025/4/2 14:38,高速路上修路 起码一公里就可以看到路障，这小米事故前一秒钟才发现有障碍，这合理吗，要直接正面撞到水泥墩，起码要撞到几百米的雪糕筒，等警方结果，导致这个事故就两个可能得原因，第一高速修路摆的警示标志不符合规范，第二，小米智驾就是个智障，一碰就自燃，可靠性太差,1
2025/4/2 14:38,"老司机忠告：
自己的命交到自己手上，脚上最安全",0
2025/4/2 14:38,94k速度  2秒位移，除非俩手没在方向盘上，或者眼睛没看前方，这速度2秒绝对反应过来猛打方向变道,0
2025/4/2 14:38,特斯拉死了这么多人？为什么还有人买？,1
2025/4/2 14:38,小米都不知道，你却知道了细节[思考][思考][思考],0
2025/4/2 14:38,爆炸时间太快了,0
2025/4/2 14:38,没什么交通工具梦保障百分百的安全   选择就是选择风险,0
2025/4/2 14:39,不能慢点开？,1
2025/4/2 14:40,转发微博,0
2025/4/2 14:40,[泪奔][泪奔][泪奔]谁能告诉我 小米标准版的是L2级别的吗 那不就是只能车道保持以及定速巡航吗 …,0
2025/4/2 14:40,如果一个企业主打一种产品，其他产品是新出的，我基本不买 没安全感,0
2025/4/2 14:40,如果小米用华为的智驾和宁德时代电池，这场事故本可以避免,0
2025/4/2 14:40,高速路不开超过100，建议走国道，不要堵油车。,0
2025/4/2 14:41,那么多油车自燃的，为什么就盯着电车不放？,1
2025/4/2 14:41,一有问题就丢给人了，几秒时间，能马上集中注意力？,1
2025/4/2 14:41,根本不放在眼里,1
2025/4/2 14:42,不是独生女吗,1
2025/4/2 14:42,再怎么说三个生命啊，咱不说圣母心同情三个女孩，咱就敬畏一下生命，好吧，这音乐过分了,0
2025/4/2 14:42,你不就是想吃点流量不敢说得太开吗 阴阳怪气的评论还说自己没啥 还特么米粉 你是米粉里面的蛀虫,1
2025/4/2 14:42,林志颖那次看着没多快吧，要不是刚好附近有人给救下来，也一样没了,1
2025/4/2 14:42,这些车企为了噱头，出那些花里胡哨的功能，开车本来就是很危险的事，安全最重要,0
2025/4/2 14:42,那你也证明不了车门能打开啊 你证明不了说什么打不开不存在 不是在这盖棺定论吗 就允许你扣帽子是吗,1
2025/4/2 14:42,买电车要注意什么,0
2025/4/2 14:42,反向泄压，烧的更快！因为下面助燃氧气更充足！ [灵机一动],0
2025/4/2 14:42,门打不开不能怪驾驶员,0
2025/4/2 14:42,那如果被追尾呢[暗中观察],0
2025/4/2 14:42,还是那句话，辅助驾驶≠自动驾驶,0
2025/4/2 14:43,知道人没了 头像都换了[泪奔][泪奔],0
2025/4/2 14:43,不会有例外,1
2025/4/2 14:43,又开始分散火力了,1
2025/4/2 14:43,真惨,0
2025/4/2 14:43,没用智驾开,0
2025/4/2 14:43,作为男朋友： 这个男人毫无感情 在甩锅,1
2025/4/2 14:43,这么大的冲击，油车也会烧,0
2025/4/2 14:43,我不知道小米车内布局，反正我的车仪表盘有个摄像头，我闭眼了，他有时候会捕捉到，会提醒我减速休息,0
2025/4/2 14:43,可以看  大梦 lic 的事情，，跟小米的一模一样，甚至连速度都差不多,0
2025/4/2 14:44,造谣车企 女朋友死了 在这天天聊天,1
2025/4/2 14:44,内容这么棒，我不点赞像话吗？,0
2025/4/2 14:44,我10年驾龄都不敢说自己开车很有技术。[看],0
2025/4/2 14:44,这个解释遭不住哦[灵机一动][灵机一动],0
2025/4/2 14:44,他女朋友死了 他还在造谣,1
2025/4/2 14:44,你撞成这了 都没自燃 也太安全了 清醒吧老弟,1
2025/4/2 14:44,就问你想怎样,1
2025/4/2 14:44,别说什么电池。就这一百左右的速度，擎天柱撞上也得大呲花。,1
2025/4/2 14:45,高速双车道基本限速都是100，为什么辅助驾驶要开到116？还在大晚上[泣不成声][泣不成声]人为开都很危险好嘛[发怒][发怒][发怒][发怒][发怒],1
2025/4/2 14:45,可以看“恒信精品二手车”这个博主对这件事情的分析和看法 我觉得非常很有道理,0
2025/4/2 14:45,自己双手离开方向盘活该，危险驾驶不冤,1
2025/4/2 14:45,好多大聪明啊，智驾的全称智能辅助驾驶这么多人不知道吗，智驾不能无人驾驶，自己都不爱惜自己的命，怪谁？还真是，小米汽车，最低配的就是车主？,1
2025/4/2 14:45,有什么好揪着不放的呢，不就是时速100撞车起火嘛，这要放到油车上还不就是一场普通的事故，在事故中吸取教训，有则改之，无则加勉，技术进步的同时难免会有问题的，一个月两三万的销量，没听说有什么特大事故啊，当然也可能是我没刷到。,0
2025/4/2 14:45,米猴各种辱骂诅咒你们就看不到,1
2025/4/2 14:45,没钱真的可以保命,0
2025/4/2 14:45,高速上那个速度撞击，别管啥车，百分之99都玩完[尬笑]剩余百分之一是运气逆天[泪奔],0
2025/4/2 14:45,我不是米粉也没有用过小米手机，做为旁观者我也觉得小米有点冤，主要原因还是驾驶者驾驶撞到护栏引起的恶性事故才引起的起火，就比方我自己用手机掉地上摔坏了，那我是不是也要找手机制造厂要付责任呢？真是无理取闹,1
2025/4/2 14:45,隐藏式门把手，断电真的会要命,0
2025/4/2 14:45,还得是油车,0
2025/4/2 14:46,就是流量的双刃剑终于刺到他自己了啊，就算没有这个事故以后也是必然的事，而且雷军钱，资源，人脉，公关团队什么都有，到底在为他担心什么，真不是他车的问题他有的是办法全身而退甚至再收获一波点赞,1
2025/4/2 14:46,人在这个速度不是当场死亡多少小米结构性能好，肯定是当场撞晕了，还有为什么他自己不自己开非要用智驾，然后多次提醒为什么还不接管,1
2025/4/2 14:46,我连油车的定速巡航都不敢用，有没有和我一样的[尬笑],0
2025/4/2 14:46,后排乘客死亡率是更高的，几年前有个出租车司机打瞌睡撞到路边去，后座的直接被惯性把颈椎都折断了，睡梦中就当场死亡了[捂脸],0
2025/4/2 14:46,小米躲着？？人家雷总积极响应配合，但是调查还没出来，不让小米进入好吧，这男的谎话连篇,1
2025/4/2 14:46,说明磷酸铁锂也是能爆燃的我们被比亚迪刀片电池骗得好惨，只冒烟在哪里。,1
2025/4/2 14:46,高速双车道基本限速都是100，辅助驾驶为什么会开到116？,0
2025/4/2 14:46,看了一圈下来感觉就是 开着智驾 发现了有障碍物 智驾的情况下会自动减速 由于驾驶者开着智驾没有在观察路况发现有障碍物的情况下下意识打的方向盘 智驾检测到人工介入就不再运行导致这场悲剧,0
2025/4/2 14:46,不拿出行车记录仪 高速监控 你们这些小号  发出来的都不会信一句,1
2025/4/2 14:46,我是米粉[看],0
2025/4/2 14:46,是的。我车说明书写得很清楚。绝大多数人估计提车后没仔细看过说明书。,0
2025/4/2 14:47,六百六十六,0
2025/4/2 14:47,那不是电车都存在的系统么[绝望的凝视],0
2025/4/2 14:47,车门打不开应该是不可能的，如果人是清醒的，车门打不开，会不会用手机给家人打电话说遗言呢？,1
2025/4/2 14:47,就是正常的事故，无非就是小米太好说话了，这根本不是车主，可能机械门把手在哪里都不知道，甚至是直接被撞晕的。换成其他的车企，早就反告你了[晕],1
2025/4/2 14:47,以后吃鸡骨头戳到舌头我就去找养鸡场给我赔钱,1
2025/4/2 14:48,当时那种情况，家属是如何得知车门打不开的，自己孩子在火里给你打电话了还是？[微笑],1
2025/4/2 14:48,啊？事情还没查清楚，你让人家怎么说？现在看后台记录明明是操作不当加反应不及时啊，出了车祸都找车企，那以后车祸会很多。。,1
2025/4/2 14:48, 你这垃圾就是搅屎棍 道德绑架是吗 你回去看看你家人在不在板上 哦哟 清明节都到了 不去看看祖坟有没冒烟？,1
2025/4/2 14:48,这逻辑跟啃排骨硌牙找猪赔似的... 安全设计得优化，但责任划分不能乱来啊。,0
2025/4/2 14:48,AI智能还是不靠谱，功能不要太多[捂脸],0
2025/4/2 14:48,买小米的有福了，出了问题都是给小米洗地的，都是用户的问题，从手机到饮水机再到汽车，毕竟小米最低配的是用户！看看教主水军控评能力,1
2025/4/2 14:48,驾驶员需要赔付车损么,0
2025/4/2 14:49,问界的狗别说话,1
2025/4/2 14:49,你在现场吗？你说车门锁死？,0
2025/4/2 14:49,图片评论,0
2025/4/2 14:49,这厮[捂脸][捂脸][捂脸],1
2025/4/2 14:49,nmd咋不说网友说的是人话吗,1
2025/4/2 14:49,最近小米发生了宇宙第一起事故,1
2025/4/2 14:50,就是米侯的不对,1
2025/4/2 14:50,南方都市报……这个媒体还有人信……,1
2025/4/2 14:50,回复@小党:现在感觉比亚迪的车一年就不见了，之前的驱逐舰汉什么的 都没有了,0
2025/4/2 14:50,反正我不敢把自己的命交给不成熟的辅助驾驶,0
2025/4/2 14:50,比亚迪出来背锅了,1
2025/4/2 14:50,车头撞成这样了，买坦克也不安全啊,0
2025/4/2 14:50,小米为撒要陪？因为智驾嘛？,0
2025/4/2 14:51,电车锁死不正常吗？我开燃油车撞出事故门都一样打不开。该破窗就破窗[感谢][感谢],0
2025/4/2 14:51,可悲啊！家属还遭到了网暴,1
2025/4/2 14:51,我用AI智能测试我得了哪种病，让他给我推荐药品和用量，吃死了找公司赔偿可以吗？,1
2025/4/2 14:51,车子一碰就燃了，烧死人了,1
2025/4/2 14:51,车门不是应该小电瓶供电吗,0
2025/4/2 14:51,宗教信仰的力量,0
2025/4/2 14:51,纯纯带节奏的发言，不要公关，只要真相？事情还没调查清楚，这样说，只能说拉黑的好,1
2025/4/2 14:51,等警方发公告不好吗,0
2025/4/2 14:52,真不能相信卖车的营销吹牛逼，就得买有经验的车企,1
2025/4/2 14:52,买车就知道炫和外观，那安全应急开锁装置不会用。这是电车最基本的要素。我说的不是车，是人。事故，车祸基本都是人为现在要求这么高。产品几乎都是合格过关的，几乎都是靠得住的。我不是说全部至少90%以上吧，但是人呢？90%是不靠谱的。当然我也为逝者而起伏，但是这个事情发生在于人，而不在于这个物体。,1
2025/4/2 14:52,推卸责任有什么意义呢。,0
2025/4/2 14:52,我老公开车我都不敢睡，我都看着，夜间开车容易分心，别说智能驾驶了[捂脸],0
2025/4/2 14:52,应该设置撞车车门自动弹开工能，国家部门要对车企取消自动驾驶工能,0
2025/4/2 14:52,博眼球，蹭流量，首先司机是第一责任人,1
2025/4/2 14:53,电车起火30秒时间逃生，油车5分钟，因为电池是最大的隐患,0
2025/4/2 14:53,男朋友十点多知道了车爆炸了，12点还发句我爱你[泪奔][泪奔][泪奔][泪奔],0
2025/4/2 14:53,智能也痴呆了,1
2025/4/2 14:53,和小米没关系,0
2025/4/2 14:53,捧一年了，就等着这时候杀呢,1
2025/4/2 14:53,说实话，宁德时代的电池   不行,1
2025/4/2 14:53,并且3月29号，安徽的考编早就结束了,0
2025/4/2 14:53,这个位置我记得应该是有缓冲的咋还能撞成这样呢,0
2025/4/2 14:53,网友说话是很恶毒啊，所以她就可以直接说自己女儿变厉鬼了？我没说这个网友说话没问题吧？她可以骂人，可以诅咒这个网友，但是用自己已故女儿真的合适？,1
2025/4/2 14:53,智能辅助驾驶，为什么好多人都把“辅助”俩字主观屏蔽了？把自己的命交给网络，还是在高速上，可悲可叹。,1
2025/4/2 14:54,买给她的，写的自己的名字。不跟他车就要回。出事了，买给她的,1
2025/4/2 14:54,车子方向盘太烫了，导致驾驶员无法手握方向盘，最后实在没办法了，才握的方向盘。,0
2025/4/2 14:54,谁有小米不敢开了的  我五W收了,1
2025/4/2 14:54,"我拿驾照2年了  总结出了几条铁律
1.晚上不要开车（视野不好  容易出事故）
2.速度慢一点是可以救命的
3.眼睛直视前方  双手不要离开方向盘
4.搓车.变道.能让则让
靠着这几条铁律  本人开车从未出现过车祸  唯二两次出现剐蹭  均是在停车场[泪奔]走错道   和进来的车辆相遇  倒车  挂到别人的车  因为速度极其缓慢  都没有挂掉漆  
希望所有人开车注意安全  安全第一。。。。",0
2025/4/2 14:54,回复@用户7781414105:踩啥刹车，行使中116时速，撞上是97时速，减啥速智驾提醒到人为接管一二秒，根本没时间紧急制动，智驾出问题的，识别环境及障碍物距离太短了，识别到后根本没时间作出反应，但凡开过车的都知道上百时速需要多少距离和时间去制动（刹车）,1
2025/4/2 14:54,回复@ZMQPFHJ:谁是海狗谁4000+，谁是米狗谁也4000+,1
2025/4/2 14:54,@用来的 强烈要求事情结束后小米告这个车主一个诽谤,1
2025/4/2 14:54,电车有没一种可能，车辆发生碰撞后断电后车门自动弹飞，发生事故或者落水车门打开气囊弹出人就有机会爬出,0
2025/4/2 14:54,小米官方回应了，是不是电池引起的还没法确定,0
2025/4/2 14:54,看过假人测试，97时速加上气囊弹开速度慢镜头冲击力非常恐怖，假人脖子都裂开了,0
2025/4/2 14:54,副驾驶怎么开门[捂脸],0
2025/4/2 14:55,作为一个22年驾龄的老司机到现在换了四台车了，还是一直换的油车，从来不考虑电车，虽然说电车的科技是很发达，比油车感觉先进很多，什么冰箱彩电大沙发，你说人都有依赖性，你说有那个配置谁也想试试感受一下，一感受还觉得挺好，出问题了迟了，还不如老老实实的自己开，掌握在自己手里最踏实，,0
2025/4/2 14:55,只需知道车是谁的就可以了。,0
2025/4/2 14:55,评论区个个都傻瓜，智驾一百多公里一小时，要是汽油车，爆炸更伤，懂不懂，汽油是最可怕的爆炸,1
2025/4/2 14:55,主要现在还是太多不理智了,0
2025/4/2 14:55,我还是相信军儿的人品,0
2025/4/2 14:55,速度97，这种弧度的撞击，竟然会失火，搞不明白。。。。,0
2025/4/2 14:55,不成熟的车企，制造并上市了不成熟的车，被一群不成熟的车主买单,1
2025/4/2 14:55,如果全民智驾，路上所有车都是电脑集中控制还敢用用。,0
2025/4/2 14:56,正常情况就是看到障碍物，就立马减速，她一直在轻踩刹车，两秒的刹车只有三十几，还打方向，高速行驶，这样打方向，基本会失控的。,0
2025/4/2 14:56,你知道特斯拉死了多少人吗？你又知道问界死了多少人吗？只是他们没热度，他们是小丑而已，你也想当小丑吗,1
2025/4/2 14:56,后台都有记录吗？不懂就问。,0
2025/4/2 14:56,智驾普及了？,0
2025/4/2 14:56,女人失去了女儿所以失去理智，但是旁观者没有,0
2025/4/2 14:56,这回是不是车头先起火的,0
2025/4/2 14:56,为黑而黑嘛，让子弹飞一会儿，这种大是大非你要是不相信警方那也是无敌了,1
2025/4/2 14:57,在高速这种情况！应急车道能停吗？,0
2025/4/2 14:57,备用电池呢,0
2025/4/2 14:57,我在想为啥买车都喜欢试提速[绝望的凝视],0
2025/4/2 14:57,智驾电车真的安全吗？想问下专家？智能驾驶在路上行驶，驾驶人睡着了怎么办，电池受到撞击爆炸起火怎么办？车门打不开怎么办？电车成熟技术到底合不合格，国家有没有一个合格的标准，大家的生命安全能不能得到保障。,0
2025/4/2 14:57,今天喝自来水，下午肚子疼，自来水公司怎么没有联系我，保温杯公司也不联系我[暗中观察][暗中观察][暗中观察],0
2025/4/2 14:57,电车就是[弱][看][捂脸],1
2025/4/2 14:57,她可不是受害者，她是肇事者，受害者是她车里另两个陪乘女孩,1
2025/4/2 14:57,死者己逝！命运相信撑握在自己的手中！智能驾驶不能保证百分之百安全！一旦紧急出事故！电车就会爆燃！人根本没反应时间！,1
2025/4/2 14:57,100公里的时速撞水泥墩，不死也晕了[尬笑],1
2025/4/2 14:57,本来打算下个月买的，这样送我都不敢要啦[泪奔],0
2025/4/2 14:57,不成熟的技术非得吹   要是说句不同意见的话  就是不爱国  负能量   几年前不打哪个??出行都是问题,1
2025/4/2 14:57,说吧，录了几遍,1
2025/4/2 14:58,这母亲是真搞笑，自己女儿出车祸没了，她还有心情在微博上和网友对线，关键是还拿自己女儿来对线，真无敌了,1
2025/4/2 14:58,不要买小米。出事了只会替雷军维权。,1
2025/4/2 14:58,一切都历害可就是出事车门打不开,1
2025/4/2 14:58,确实,0
2025/4/2 14:58,急急急，有人能推荐一款在100km/h下撞击水泥墩子100%不会燃烧且车门100%能打开的车！！！,1
2025/4/2 14:59,考个驾照那么难我可不是为了自动驾驶而考的,0
2025/4/2 14:59,回复@爱打篮球1221:我反而觉得 小女孩刚毕业有了辆男朋友给买的小米su7很开心开高速又不用扶方向盘想在朋友面前装个逼 结果害了两个无辜的女孩,1
2025/4/2 14:59,回复@椰子鞋117:然后呢？,0
2025/4/2 14:59,方向22°，你这几度,1
2025/4/2 14:59,回复@天呐都是强盗:哥们可能搞错了一件事，她的母亲说的是收到车祸信息后第一时间赶往现场，等到了现场应该都烧的差不多了。。。车门打不开我好像看见有人说车外打不开门，所以破窗救人，可惜救出来两个已经没有生命体征了。等等看交警通告吧,0
2025/4/2 15:00,你看到了？麻烦你去看雷军的帖子再说话,1
2025/4/2 15:00,海狗狂欢节,0
2025/4/2 15:00,早这么宣传事故会少不少，当然销量也会少很多,1
2025/4/2 15:00,不应该跟保险对接吗  还有警察,0
2025/4/2 15:00,为你打call!,0
2025/4/2 15:01,小米粉丝好冷血啊这样网暴一个苦主,1
2025/4/2 15:01,我不排斥电车，不管是小米，比亚迪，问界，蔚来，小鹏……但我就想问这些车企的大佬们：你们都坐什么车？如果你们自己都不敢坐自己生产的车，凭什么拿底层人做实验。敢于带头担当的车企才是国产车的未来。,1
2025/4/2 15:01,21:46分 这男的在给别人交流车祸的问题 但是给女方聊天却只有11点的聊天记录,1
2025/4/2 15:01,就这个力度，你猜玻璃还在不在。退一万步打不开，也爬出来了。,0
2025/4/2 15:01,离谱,1
2025/4/2 15:01,特斯拉出事的时候，马斯克放过一个屁吗？也就人家雷总脾气好，换作其他人，谁鸟你啊！你还在这批评批评的，真不知道咋想的,1
2025/4/2 15:01,最严苛的 全球最好的 最先进的,0
2025/4/2 15:01,车门打不开。不是正常 油车外面也打不开  里面的人晕了 肯定打不开了,0
2025/4/2 15:02,只供电芯，小米自己封装吧。电芯安全很重要，封装的技术要求也很高，都不能出问题。,0
2025/4/2 15:02,相较而言，特斯拉的响应还是不错的。,0
2025/4/2 15:02,奇葩,1
2025/4/2 15:02,车主先收到危险驾驶的消息了，然后他马上跟女朋友说快停车，你车爆了。但是已经来不及了。,0
2025/4/2 15:02,专业人士说的他们也不一定信服，这世道，人云亦云罢了，很多人不会思考。,0
2025/4/2 15:02,你是？,0
2025/4/2 15:02,车不能随意坐[感谢]人也不能随意载啊[感谢][感谢],0
2025/4/2 15:02,为啥卢伟冰还关注了你，神奇,0
2025/4/2 15:02,一开始说借车，后来又说送车[捂脸],0
2025/4/2 15:02,老老实实把这两个无辜的朋友家属先赔了吧,1
2025/4/2 15:03,特斯拉也识别不出这些,1
2025/4/2 15:03,小米这款车有没有自动驾驶功能的？,0
2025/4/2 15:03,还得是人眼系统,0
2025/4/2 15:03,你的意思是让宁德背锅？赔的股票你出么键盘侠。,1
2025/4/2 15:03,这种修路路段的智驾事故率确实有点高  特别是晚上,0
2025/4/2 15:03,她不开别的车吗,0
2025/4/2 15:04,搜 特斯拉高速撞护栏，了解一下[呲牙][呲牙][呲牙],0
2025/4/2 15:04,宝宝肚肚打雷了[尬笑],0
2025/4/2 15:04,我发誓这个电池真不是我的，请大家相信我，是我的我绝对会给大家一个交代的,0
2025/4/2 15:04,还是车速太快了可惜了那两个女生,1
2025/4/2 15:04,有的人急了吧,1
2025/4/2 15:04,重点是电车为什么容易起火的问题，没讲明白,0
2025/4/2 15:04,拉黑就破防,1
2025/4/2 15:05,我说白了你挺二,1
2025/4/2 15:05,让人为情怀买单的公司几千块钱的手机配垃圾处理器，好意思在这里说话还华为,1
2025/4/2 15:05,116 紧急减速到 97？系统没有全力刹车？如果把速度降到 60-70 人应该能保下来吧。,0
2025/4/2 15:05,不是说车是男朋友的吗？怎么变成妈妈送给女儿的了我，现在又变成车里另外一个人的 到底谁的,1
2025/4/2 15:05,反正车主肯定分心了，后面反应不过来了,0
2025/4/2 15:05,AEB是AEB  NOA 是NOA 别搞混,0
2025/4/2 15:05,拒绝高科技 车子应该简单化 而不是和电视机一样越来越复杂,0
2025/4/2 15:06,不是留给人反应时间，像这种道路维护施工，都把车道改到对向车道了，十几公里、几十公里都会有标牌,0
2025/4/2 15:06,但是车企刹车实验可是有120公里每小时的，大概40米左右能从120到刹停刹停,0
2025/4/2 15:06,现在人都没概念，100迈的车，撞上就根本不可能是清醒的，你指望一个晕死的人去开车门？你咋不让没腿的人跑奥运100米呢,1
2025/4/2 15:06,收了多少钱你,1
2025/4/2 15:07,因为他是国产车，就要求公司来安慰？一切以交通部门认定为主,0
2025/4/2 15:07,是谁告诉你，门是无法打开的？？？,1
2025/4/2 15:07,不找卖车的，他自己赔不起,0
2025/4/2 15:07,不群是这样的,0
2025/4/2 15:07,回复@小党:可以，只是不稳定,0
2025/4/2 15:08,最后一段显示特斯拉也刹不住,1
2025/4/2 15:08,搞个着火了全车洒水自动浇灭,0
2025/4/2 15:08,智能语音，提前十几分钟就提醒多少次了，请问，三个女孩在干嘛,0
2025/4/2 15:08,你这问的都直接把责任都判给小米了，干啥呢这是……带节奏，不拉黑你拉黑谁,1
2025/4/2 15:08,巡航慎用啊[流泪],0
2025/4/2 15:09,弱智,1
2025/4/2 15:09,智能辅助驾驶，智驾，不是自驾，这么理解就对了[憨笑],0
2025/4/2 15:09,这是第一起吗  印象中好像还没s过人,0
2025/4/2 15:09,现在考生怎么都要去其他地方考？,0
2025/4/2 15:09,想起来那个商会会长了,0
2025/4/2 15:09,电车智能一套技术不成熟，我还是相信油车,0
2025/4/2 15:09,南方都市报??你老实等警方通告吧,1
2025/4/2 15:09,这次站小米[赞],0
2025/4/2 15:10,小米三条鲜活的生命，必须追责[灵机一动],1
2025/4/2 15:10,拿个身份证干啥,0
2025/4/2 15:10,定速巡航都没敢用过[捂脸],0
2025/4/2 15:10,这个车速太快了，本人经历过追尾，速度应该不超过50，车头也变形了，心有余悸[流泪],0
2025/4/2 15:10,好像华为的车带雷达的都还未出现过人员死亡,0
2025/4/2 15:10,欧洲大马力车刚考证不能开大[泪奔]抓到巨额罚款,0
2025/4/2 15:10,话说，考驾照的时候，不是不能手离开方向盘的吗，就算是智能车，但开总得要驾照吧,0
2025/4/2 15:10,说白了，那些都是驾照白考,1
2025/4/2 15:10,赛力斯给你这条狗多少钱一条？？？,1
2025/4/2 15:10,最后给特斯辣打了一个广告？[看][看][看][看][看][看],0
2025/4/2 15:10,第一现场的人说其实路人救援的时候后排根本没怎么烧起来，开不了门因为太烫了，就直接把车窗砸了，把人拖出来给120之后人救不回来了,0
2025/4/2 15:10,方向盘还是得掌握在自己手上的,0
2025/4/2 15:10,她妈有道理为什么敢去告，反而网暴不就是没理,1
2025/4/2 15:10,夸，就完事儿了,0
2025/4/2 15:10,别勾八蹭热度了，我看你好像还是个车企员工，问一下你们有没有做过安全培训，事故分级里这个事故属于什么级别，应该由哪个级别的部门来调查，企业是否能在调查结果出来前自己发调查通报,1
2025/4/2 15:10,问题是我买个车我在车内做什么雷总都会知道吗？,0
2025/4/2 15:11,保险公司负责任   车这东西新的也只是包修不敢包不坏,0
2025/4/2 15:11,林志颖特斯拉不也起火么,1
2025/4/2 15:11,撞击自动解锁车门的功能会不会损坏，是不是这个功能也要再加保护，其实这里最主要的问题还是换逆向车道还有100码的问题，夜晚这么快的速度很难不出事。,0
2025/4/2 15:11,为什么车门要用电子锁死，里面用手就是打不开[捂脸],0
2025/4/2 15:11,有什么好大惊小怪的？小米的汽车路上跑了这么多，唯独他这一辆出问题了，这不是很简单的结论，就是人为操作问题,1
2025/4/2 15:11,小米汽车咋一碰就着火,1
2025/4/2 15:11,你别开了 卖给我 我出5万,1
2025/4/2 15:11,不管你啥车我不喜欢车,1
2025/4/2 15:11,小米的质量[呲牙],1
2025/4/2 15:12,"1.自己开车不好好开,开着智驾想偷懒。2.100迈的速度早撞晕过去了,甚至可能直接走了.别怪车门打不开 后排乘客八九不离十肯定没 系安全带,撞的时候大概率撞座椅上颈部断了。3，玻璃这么高的速度早碎了，人要是清醒早爬出来了。4，说句难听的，找车企问题不就是想闹大了让车企多赔点钱吗",1
2025/4/2 15:12,全国这两年都在修路？为什么那么多路修呢,0
2025/4/2 15:12,不是我们做的电池[九转大肠],0
2025/4/2 15:12,小米只购买电芯，然后自己封装，至于安不安全不知道,0
2025/4/2 15:12,这澎湃新闻太偏心了，隔壁0.1秒退出智驾时他怎么不说呢。,1
2025/4/2 15:12,他男朋友把聊天记录删了,0
2025/4/2 15:12,都说了是辅助，为什么心还那么大呢？哎,0
2025/4/2 15:12,我从来不喜欢车,0
2025/4/2 15:12,小米的智驾本来也就不行，都是垫底的存在，相信大家都知道。之前自动泊车大规模都能撞墙。但是恰饭的KO把他吹得天花乱坠…加上雷军自己发布会跟前几天论坛也是猛吹～,1
2025/4/2 15:12,就算车被撞了，电瓶关闭，人也可以从里面打开车门啊，手动的他们是不是不会啊，还是晕着的，有什么证据说锁死的。是发信息告诉你的嘛。,1
2025/4/2 15:12,肇事者 请记得赔偿两个受害者,0
2025/4/2 15:13,因为车是男的，保险只管车主，他女朋友开的，保险受益人是这个男的,0
2025/4/2 15:13,机器早就叫这女的上手握上方向盘了，谁知道怎么头铁，比小米研发员还相信小米,1
2025/4/2 15:13,奇瑞125公里撞收费站，司机好的，可以去查[灵机一动],0
2025/4/2 15:13,车主一直在强调是智驾失控……让我有点怀疑他的用意,1
2025/4/2 15:13,高速限速才120，搞那么高干什么？,0
2025/4/2 15:13,跑高速命交给智能驾驶，人才啊[流泪][流泪][流泪],0
2025/4/2 15:13,时速97开不开车门真不重要，换日系车会解体,1
2025/4/2 15:13,夜间路况复杂还敢脱手开这么高的速度,1
2025/4/2 15:13,"三条生命就给智驾辅助忽悠没了，教训惨痛。奉劝所有开电车的生命的方向盘一定要掌握在自己手里。
刚",1
2025/4/2 15:13,您真是宝藏,0
2025/4/2 15:13,97还是猜刹车后的速度[看],0
2025/4/2 15:13,网友都有毛病,1
2025/4/2 15:14,和所有厂家讲一句：隐藏式门把手、电子门把，不是什么我没有就输了的“科技豪华”配置！,0
2025/4/2 15:14,[比心][比心],0
2025/4/2 15:14,你个毛线，小米主打的就是速度跟外观，哪里说主打安全？,1
2025/4/2 15:14,我更建议视觉方案检测环境亮度不够就不让开启,0
2025/4/2 15:14,为啥会燃烧,0
2025/4/2 15:14,回复@呆瓜小Y_元:自己看驾驶人妈妈的微博吧，别人说的都未必可信。（其中一个乘客是独生女）,0
2025/4/2 15:14,开智驾撞了是司机的问题，但撞了就爆燃也怪司机？,0
2025/4/2 15:14,这不是肇事者吗？怎么说的？遇害人[捂脸] 受害人还没出来,1
2025/4/2 15:15,你说得很对[赞]这不是车品,0
2025/4/2 15:15,2秒换成65米，就容易理解了。这个距离不够不用开车了,0
2025/4/2 15:15,把命交给智驾,0
2025/4/2 15:15,我就想说，买那个保险干嘛用的？,0
2025/4/2 15:15,主要是增加了两条白线 智驾无法识别 能不能转左。,0
2025/4/2 15:15,电芯倒置技术：多模块共享底部空间，释放7mm的高度，集成效率提升了5.8%。在极端情况下，能让高压气体和火焰从底部泄压阀向下喷出，避免侵入乘员舱。,0
2025/4/2 15:15,你们说的每一句话，我们都听见了，记下了，我们会用行动回答大家的问题。,0
2025/4/2 15:15,可惜了太可惜了这么好的车,0
2025/4/2 15:15,高精地图通过实时更新施工改道等动态信息，可提前3-5公里预判风险，结合激光雷达200米超视距探测能力，将人工接管时间窗口从2秒延长至10秒以上，为用户规避危险争取宝贵时间。用户在选择时应重点关注传感器配置（如激光雷达精度）和地图更新能力，避免盲目追求&quot;无图&quot;概念,0
2025/4/2 15:15,昨天我也想过这事，但回头一想，正是因为夜晚视线不好，才更需要摄像头辅助啊，来降低风险。。。所以，还是应该开着。只不过，自己还是得有接管的能力，不能慌乱中，乱操作。,0
2025/4/2 15:15,再过两年买油车，现在油车技术没到位。,0
2025/4/2 15:15,不纠结车问题，纠结下车道施工逆向行驶，那女的真会开吗，反应肯定有问题，高速视频放出来就知道了,1
2025/4/2 15:15,一句话，还是油车，最安全,0
2025/4/2 15:15,盲猜一波，当事人全部封口，有专业人士出面扮演当事人（父母，男友）至于谁请的专业人士呢？,1
2025/4/2 15:15,考驾照是为了什么 ，科技不能代替人,0
2025/4/2 15:16,不同情司机 心疼乘客,0
2025/4/2 15:16,是爆燃导致司机死亡的又不是智驾，所以该去追究为什么撞了就爆燃,0
2025/4/2 15:16,你说现在的驾驶员有多少真的技术过关，对汽车认知经验丰富的？这不是某个人的问题，我们怎么要求怎么考试车评人更清楚，车企现在宣传除了智驾没别的了，大部分人只能保证自己不骗人，可没办法确保不被骗！,0
2025/4/2 15:16,肯定一直在聊天，只是删了聊天而已，导致这事故这男的问题就很大，谁家女友回一百分钟后男的回快停车[捂脸],1
2025/4/2 15:16,人家为啥要慰问家属？如果小米慰问了，家属该说小米理亏了，股价严重下跌,1
2025/4/2 15:16,现在警察都不清楚车是锁死的。她为什么第一时间就说车锁死的？？？,1
2025/4/2 15:16,开了辅助驾驶，有路段封闭，本来就不适合开启，时速110多，想想稍不留神，就会出车祸，,0
2025/4/2 15:16,小米不是一般家庭能买的车，车子太贵,1
2025/4/2 15:17,烧着了，门烧坏了打不开，也是正常的。当时强烈的碰撞，估计人可能当场就没了。,0
2025/4/2 15:17,晚上千万不开车。,0
2025/4/2 15:17,正常家人朋友，一定是首先听取和关注公安机关的信息，而不是啥结论没出来之前，先在网络上铺垫卖惨和battle,1
2025/4/2 15:17,过年从河南老家回广东，时间还早，拐弯去武汉和江西玩了一圈。高速在修路，全是变道。我当时在副驾驶，我老婆开车。很早我就看到标志桶，提醒老婆前方道路收紧，慢点儿。果然，车道借了对向的，还有个急转弯。不过我老婆已经降速了，每一个都安全通过。后来的就不用我提醒了，我老婆自己知道怎么处理了。我调侃我老婆：呦，还知道降速。我老婆说：废话，不降速等死吗？另外，从江西回广州的路上我睡着了，我老婆一个人开了八九个小时开回来的，夜路，我睡得很香。,0
2025/4/2 15:17,智驾不应该甩给人,0
2025/4/2 15:17,一路走好路上三人行谁都不孤单愿来生平安顺遂[玫瑰][玫瑰][玫瑰]??????,0
2025/4/2 15:17,所以说开车要带头盔 马上就查头盔了,0
2025/4/2 15:17,强烈建议开这种电车，要十年驾龄，要不然就必须重新学电车驾照,0
2025/4/2 15:17,可是你怎么确定这个锁开没开呢 现在调查结果都没出来 不能先入为主吧,0
2025/4/2 15:17,开了一路的高速了，快到家了开启了智驾。猜测是开了一路太困了，开启智驾后没多久睡着了。还有这个好像是本侧车道施工，变道去逆行车道行驶了吧？,0
2025/4/2 15:17,合着开智驾就相当于开教练模式，坐在副驾随时观察学员的驾驶行为，发现不妥一脚刹车？胖哥，是吗？,0
2025/4/2 15:17,驾驶车的女生慌神了，就是这么简单,0
2025/4/2 15:17,回复@想你的好久不见:大哥，合着几年前没智驾的时候晚上不能开车么，可以捕捉环境信息，但是不允许开启智驾，视觉方案晚上风险太大,0
2025/4/2 15:18,这迅速发展科技，盲目选择智能科技，简直就是在玩火！[流泪][流泪][流泪][流泪],1
2025/4/2 15:18,国标的标准是不是太低了？？？？[捂脸][捂脸][捂脸][捂脸],0
2025/4/2 15:18,吹哨人哈哈,1
2025/4/2 15:18,车门被锁死了？你确定？,0
2025/4/2 15:18,倒置不能理解，反而不是烧的厉害,0
2025/4/2 15:18,无论调查结果如何，借车的车主有连带责任,0
2025/4/2 15:18,车有问题，人的问题更大，正常驾驶会撞护栏？明显驾驶经验不足造成事故然后破车又无法逃生，电车狗都不买,1
2025/4/2 15:18,有没有不会打开车门的可能，他对车不了解,0
2025/4/2 15:18,小米的股票又要大跌了,1
2025/4/2 15:18,有些人说刹车问题的可能是没有遇到过这种紧急情况，没有踩死过刹车的不知道刹车踩死是什么效果，平时基本都是点刹偶尔用点劲，从来没有踩死过。,0
2025/4/2 15:18,就算真开不了门还有窗户呢。,0
2025/4/2 15:18,米黑都是从米粉过来的,1
2025/4/2 15:18,现在出事故了得先联系车企了吗？保险公司:?,0
2025/4/2 15:18,很多车的机械车门自动落锁后，只要车里面的人连续拉动两次车内门把手，车门就可以打开了。切记切记！关键时刻保命！（电子门把手就没用了）,0
2025/4/2 15:18,我三年驾龄，驾车时间没有24小时,0
2025/4/2 15:19,买电池车的下场,1
2025/4/2 15:19,并不是无人驾驶的问题，而是起火才是根本原因，其次是逃生，就算人驾驶依然会出现事故，怎么才能避免起火和逃生的问题？,0
2025/4/2 15:19,车门为什么打不开？这和智驾没关系！[捂脸][捂脸][捂脸],0
2025/4/2 15:19,疲劳驾驶、驾驶经验不足所致,0
2025/4/2 15:19,我20年驾龄连定速巡航都不敢开,0
2025/4/2 15:19,理解家属为啥要追责小米，不然另外两个女生的死亡就是他们女儿造成的了,1
2025/4/2 15:19,咱不找修路追责呢,0
2025/4/2 15:20,好可怕 大家不要开小米su7了 我出1.5w （想要紫色 或者蓝色的）,1
2025/4/2 15:20,高速经历最印象深刻的一次 就是前方一辆开蓝色宝马的 我在车做最左边 120车速 前面有提示修车障碍物 我就开始适当减速 然后就看到它从后面拼了命超车 超我前面后 又开始拼命刹车 吓得我急忙看右后视镜 后面估计200米处还有一辆大客车 我立马打灯 右转 加速 但是魂都飞了 吓死我了 我过去的时候看到那个宝马停在冰淇淋桶前面！我都怀疑他当时分心了,0
2025/4/2 15:20,对，最舒服，其它的都是阴阳怪气的，直接划走,1
2025/4/2 15:20,我的智商只够自己全程亲自驾驶[尬笑],0
2025/4/2 15:20,这车马力太大了，也许这才是最大的安全隐患，即便有此车的培训恐怕也是杯水车薪啊,0
2025/4/2 15:20,100公里时速撞击混凝土，管你什么车，基本稳死的,1
2025/4/2 15:20,回复@起床需要靠毅力:像你这种嘴巴不干不净，一看也没什么素质也没有分辨是非能力的垃圾尽早回炉重造吧,1
2025/4/2 15:20,米粉的命也是命，碰撞测试怎么过的？是不是造假？必须严查,1
2025/4/2 15:20,谁有小米su7不开的我6万收,0
2025/4/2 15:20,最近事故不少,0
2025/4/2 15:20,再好的车都要有一个合格的驾驶员[比心],0
2025/4/2 15:20,你小子,1
2025/4/2 15:20,什么苦主？肇事司机的家属是苦主吗？,1
2025/4/2 15:20,看到时间是8分钟前智驾就提醒警报了,0
2025/4/2 15:20,高级的定速巡航,0
2025/4/2 15:21,我觉得车速那么快，就是能打开车门，也没有啥用啊。关键是开车需要集中注意力，出这样的事，又是大学生，想想家人咋能受得了,0
2025/4/2 15:21,是智驾,0
2025/4/2 15:21,就是分心了，没有观察到路面险情，超速了，接管后根本来不及处理,0
2025/4/2 15:21,如果高速公路改道对向行驶这么大的道路维修工程，在改道前面的几公里处没有树立警示牌来提醒，那这起事故家属应该去找高速公司。如果树立了警示牌，车主根本没有留意到，或者留意到后仍然任凭汽车以接近120公里的时速继续行驶直到接近几百米改道的地方，那只能怪车主本人。,0
2025/4/2 15:21,严格意义上只能说是辅助驾驶 智驾还没到那水平,0
2025/4/2 15:21,什么叫不成熟的企业,1
2025/4/2 15:21,"杜绝智能驾驶撞雪糕桶的解决方案: 
1.维修用的雪糕桶可以加个GPS，每次维修可以把位置上传给百度地图或者高德地图。车企用的地图数据都是这两家。
2.目前智能驾驶车都无法准确识别雪糕桶(网上实验车都可以识别)
3.目前推广这个雪糕桶没有主责单位，车企说这是路上的事，高速交警说这是维修单位的事，路政说我也没有资金做这件事。
(钱车企挣了，升级雪糕桶的钱不该我出)",0
2025/4/2 15:21,女生的男友就差没改名：老婆小米在天堂了[黑脸],1
2025/4/2 15:21,为智能驾驶买单！代价太大了,0
2025/4/2 15:21,沃尔沃自身的主动避让和刹车系统和驾驶人接不接管无关，所以小米的安全系统还是不够好,1
2025/4/2 15:21,智驾只能起辅助作用啊 不要全靠智驾 不然考驾照干什么,0
2025/4/2 15:21,"智驾真的只是辅助，辅助驾驶员的，不是替代驾驶员，驾驶员真不能为所欲为啊。
方向盘交给智能驾驶，驾驶员注意力不集中或者干别的。车辆驾驶要是完全依赖智能驾驶，不论高速还是任何道路，真有事反应时间很短，根本来不及的。",0
2025/4/2 15:22,他怎么知道不能开 他又不在车上,0
2025/4/2 15:22,车主是第一安全责任人,0
2025/4/2 15:22,回复@流汗小熊:底层战狼，荣耀吊丝，你配关心这些事吗？你配用微博吗？温饱都得不到保障的人却还有心思刷微博？没点数吗？,1
2025/4/2 15:22,我不用华为小米，但这不是妥妥的人为事故吗，人死了还想赚钱,1
2025/4/2 15:22,这个博主可以说是很中肯了,0
2025/4/2 15:22,错了，应该看保险费，保险公司知道哪个车事故少,0
2025/4/2 15:22,时速 100 公里撞车还想自己开门走出来？,1
2025/4/2 15:22,谁批准的，让它上路？？？？买个小车跑营运，没有关系你怎么都批不准,1
2025/4/2 15:22,手拉手一起走，也是一种幸福[感谢],0
2025/4/2 15:22,人家只能驾驶都叫辅助驾驶！！！！,0
2025/4/2 15:22,法律规定开智驾手不能离方向盘 还是要全神贯注,0
2025/4/2 15:22,不好好驾驶，什么车都是等于零。,1
2025/4/2 15:22,NOA限速值是可以设置的，固定值还是百分比，我设置的是超10%,0
2025/4/2 15:22,这个男人 必须出具这个车是否一手证明 是否改装过啊感觉刷一手好牌 一般只记得 借车给人开 出事车主要赔钱。他倒好 煽动舆论全都去对付小米先别管小米 先查完这个男人再查小米 全都查一遍,1
2025/4/2 15:22,我驾驶证c1都换新了，结果开快一年的自动挡[捂脸],0
2025/4/2 15:23,电车销量会影响吗,0
2025/4/2 15:23,"明白了,讨厌前任就给她买su7",1
2025/4/2 15:23,什么东西撞一下就起火,1
2025/4/2 15:23,同样事故，问界m9就会早早知道前方有障碍物提前减速，这就小米智能驾驶和华为智能驾驶的区别吧,0
2025/4/2 15:23,是下面电池烧起来了,0
2025/4/2 15:23,他要说车有问题，他要赔死，借给别人车子要保证是正常的，他说车子有问题[捂脸][捂脸][捂脸],1
2025/4/2 15:23,你算个什么东西，凭什么给你公布细节,1
2025/4/2 15:23,奇瑞的定速巡航我至今用了7年没问题[灵机一动],0
2025/4/2 15:23,大学还没毕业，已经谈了五年[捂脸],0
2025/4/2 15:23,雷总说过的[眼含热泪],0
2025/4/2 15:24,想起车友群一句话“现在开电车基本上就是裸体开车，你做了什么车的系统后台比你都清楚”,0
2025/4/2 15:24,自己审题  报警后人为踩刹车接管了,0
2025/4/2 15:24,"杜绝智能驾驶撞雪糕桶的解决方案: 
1.维修用的雪糕桶可以加个GPS，每次维修可以把位置上传给百度地图或者高德地图。车企用的地图数据都是这两家。
2.目前智能驾驶车都无法准确识别雪糕桶(网上实验车都可以识别)
3.目前推广这个雪糕桶没有主责单位，车企说这是路上的事，高速交警说这是维修单位的事，路政说我也没有资金做这件事。
(钱车企挣了，升级雪糕桶的钱不该我出)",0
2025/4/2 15:24,我也觉得她妈妈不对 这网上散布的消息都是她们怀疑的 没有一点证据  怀疑这怀疑那 到时候车没问题 而是夜路上车 驾驶人的问题 我看她家属怎么收场  可惜了三个人命 刚刚去世 她妈妈就这么闹????????,1
2025/4/2 15:24,低配的不是宁德时代,0
2025/4/2 15:24,宝马的电瓶就是在后备箱,0
2025/4/2 15:24,特斯拉出事的也不少，都是保有量大有事故就会是焦点，静等官方通告吧,0
2025/4/2 15:24,开不了多少公里，买个油车吉利，奇瑞就可以了,0
2025/4/2 15:24,如果这车不是小米su7的话，大家还这么高关注吗[灵机一动],0
2025/4/2 15:24,L10级别的智驾出来我都自己开,0
2025/4/2 15:24,为啥没急踩刹车。这不是本能反应吗,0
2025/4/2 15:24,一秒钟30米左右 雷达监测距离也就百来米  车速六十以下基本没问题[捂脸],0
2025/4/2 15:24,车救了她们两次，但凡能有一次警醒都不至于啊[感谢],0
2025/4/2 15:24,这礼物还是不要为好,0
2025/4/2 15:24,我也这么寻思的，油车这个速度撞了，也会烧起来吧，只不过没这么快那么快装上去，人是不是清醒的都不确定,0
2025/4/2 15:24,[捂脸]我最多用个定速循环[捂脸]智驾我是不信它,0
2025/4/2 15:24,大学生就开上su7[捂脸]，,1
2025/4/2 15:24,恭喜清醒,0
2025/4/2 15:24,其实人不能完全依赖智能，毕竟现在的智能还做不到科幻电影里那种地步,0
2025/4/2 15:24,我觉得水军 蹭死者流量的更可怕更可恨,1
2025/4/2 15:24,电池猛撞短路能不着火吗,0
2025/4/2 15:24,害了两个无辜的同学 哎,0
2025/4/2 15:24,斗地主我都不敢托管[捂脸],0
2025/4/2 15:25,门在外面能打开的话，到时候又得说了，为什么车锁着，在外面还能打开的？[捂脸][捂脸][捂脸],0
2025/4/2 15:25,不用华为不用小米，出事第一件事居然不是找交警关注这个事故究竟怎么发生的，事故还原都还没出，声讨车企似乎也没用吧，,0
2025/4/2 15:25,"22:18分提示轻度分心报警
22:36分提示脱手预警，请手握方向盘
到22:44分25秒才人进入人驾状态！
全网都在说22:44分24秒到22:44分25秒这一秒内的问题！为什么就不想想22:36分48秒到22:44分24秒之间这8分24秒内的问题呢？都发出脱手预警了，请车主手握方向盘了，这时间内车主干嘛去了？",1
2025/4/2 15:25,从来不相信自驾,0
2025/4/2 15:25,原来没有辅助驾驶都没那么多事,0
2025/4/2 15:25,其他车出事故为什么不上热门,1
2025/4/2 15:25,家属的意思是，车辆得撞到加油站油桶上才可以燃爆，不然都是车质量的问题,1
2025/4/2 15:25,为什么开不了门雷总,1
2025/4/2 15:25,平安出行，安全驾驶，安全第一！,0
2025/4/2 15:25,看了很多评论，我只能说，我很同情他们的遭遇，但是事实是怎样大家都懂。,0
2025/4/2 15:25,逝者为大，但是我觉得主要原因还是太依赖辅助了，都报警那么多次了还不接手，小米车门没打开这个得子弹飞一会儿,1
2025/4/2 15:25,所有汽车，都必须做140公里/小时极限碰撞试验，并向社会公布试验结果[感谢][感谢][感谢],0
2025/4/2 15:25,你猜为啥马路上会有交通事故,0
2025/4/2 15:25,到底是几年 五年还是两年 有的说谈两年多了[泪奔],0
2025/4/2 15:25,有件事要明白，这女的是肇事者，其他两个才叫受害者,1
2025/4/2 15:25,不是有保险赔吗？,0
2025/4/2 15:25,做手机的做车[捂脸],0
2025/4/2 15:25,有没有不敢开SU7了的？我吃个亏，收一台,0
2025/4/2 15:25,国产电车卷动力不是什么好事，国家标准应该设定加入最快不能低于6秒。现在3秒多 纯属没用，很危险。3秒加速不是所有人都能驾驭的,0
2025/4/2 15:25,开口闭口不谈钱，实则每句话都在要赔偿。,1
2025/4/2 15:25,还是要钱的,1
2025/4/2 15:25,整个车头都撞没了！,0
2025/4/2 15:26,别太依靠智驾，所有的智驾只是辅助,0
2025/4/2 15:26,难道没有汽车媒体考虑过高速撞击导致白车身变形从而车门无法正常工作这个可能么？？？GB里关于事故后车门解锁的场景，碰撞速度都没超过56公里时速的！,0
2025/4/2 15:26,我今年四十四，十五年驾龄，定速巡航都不敢用，不放心，可能是年龄大了,0
2025/4/2 15:26,雷总你敢赔我就敢让我爷买一辆给我留个遗产,1
2025/4/2 15:26,前几年是不是也有一个年轻人开启自动驾驶然后好像时速80追尾走了，从那以后就大肆宣传没有什么自动驾驶只是智能辅助驾驶技术,0
2025/4/2 15:26,这个事件估计会改变人买车的思维[感谢],0
2025/4/2 15:26,方向盘和制动还是要掌握在自己手里！,0
2025/4/2 15:26,车辆还是功能简单好，我的长安CX20手动挡11年的开着挺好,0
2025/4/2 15:26,97公里，系着安全带的前提下，会把人直接撞晕？,0
2025/4/2 15:26,永远都相信自己的操控比不用手的安全系数高，起码人懂得变通应急，系统不能,0
2025/4/2 15:26,生命安全，还是要自己掌控吧，高速行驶太危险了,0
2025/4/2 15:26,时速90多公里碰撞水泥桩，门能否开启都不重要了。人都死了,1
2025/4/2 15:26,为什么要强调考事业编呢，[发呆]和事故有直接关系吗,0
2025/4/2 15:26,太复杂了，这功能不能用,1
2025/4/2 15:27,116的时速下每秒32米，97的时速下每秒27米，高速路上修缮路面时设置障碍物标识100米以外。[呲牙],0
2025/4/2 15:27,苦主第一时间告车企，大概率是事后了解到，标准版竟然跟广告上说的出入这么大，其实跟手机一样，标准版本可能仅仅是8+256的配置[捂脸],0
2025/4/2 15:27,为什么不能在电池和座舱之间加一层阻燃且有强度的板件，或者实现紧急情况下车门的机械式弹开,0
2025/4/2 15:27,开车的玩手机呢吧，黑天开灯前面有路障，能看到啊，不踩刹车等啥呢。路障都提前有提示,1
2025/4/2 15:27,感觉好像说的也没有问题这也是小米宣传的弊端出事第一件事就是认为产品有问题而且这种事情只要是小米事件就会被放大百倍，等官方通知就好了错了就认很简单的道理,0
2025/4/2 15:27,我看新闻 好像90多码撞上去的，感觉应该是撞晕了吧,0
2025/4/2 15:27,小米决不能妥协，不然到时候各种牛鬼蛇神都跳出来找事,1
2025/4/2 15:27,不管什么情况，坚持原则才是最大的善良！,0
2025/4/2 15:27,智能驾驶不是自动驾驶 车子也提醒过了 真的能怪车吗,0
2025/4/2 15:27,限速40开110+你疯了还是她疯了？,1
2025/4/2 15:27,肇事者母亲，不是受害者母亲,1
2025/4/2 15:27,为啥要给你钱？,1
2025/4/2 15:27,枪打出头鸟！希望大伙不要放大品牌效应！给新势力一点点处理事件的能力吧,1
2025/4/2 15:27,速度100啥车命都不可能,1
2025/4/2 15:27,事故车那么多。就是因为小米太火。舆论太多了,1
2025/4/2 15:27,这种车子从外面肯定打不开。,0
2025/4/2 15:27,是雷总让他们睡的吗,1
2025/4/2 15:27,可不可以把提示音弄的响一点，说出声音，像消防报警是的,0
2025/4/2 15:27,女生驾龄短在高速上都是危险驾驶，超车道100码左右行走,1
2025/4/2 15:27,他怎么知道人为刹车了,0
2025/4/2 15:27,其中有个乘客还是独生女??都很年轻，好可惜。。。,0
2025/4/2 15:27,说句实话，最好什么车最好不要装智驾，说真心说，出事好多人,1
2025/4/2 15:28,某知名企业家说过，雷总营销第一[看],0
2025/4/2 15:28,现在的萝卜快跑有何感想,0
2025/4/2 15:28,雅阁十代半，机场二高下来快到东五环桥有个角度大点的拐弯，有一次我开车道保持和定速巡航，是真拐不过去，一次就长记性了，直线没太多弯的高速可以用这东西，剩下的还是自己来吧。主要是他自己开，我也不放心[捂脸],0
2025/4/2 15:28,问题最大的是车门开不了人出不来吧,0
2025/4/2 15:28,电车本身安全也最就没合理解决。但是我们汽车工业落后，要超车必须电车，,0
2025/4/2 15:28,重点是起火,0
2025/4/2 15:28,小米这么多车祸没有主动刹车和主动避让，到最后关头才提醒让驾驶员接管有什么用呢？,1
2025/4/2 15:28,今天的小爱同学：请手握方向盘！请手握方向盘！！,0
2025/4/2 15:28,su7标准版用的比亚迪同款电池[赞],0
2025/4/2 15:28,还是进口油车性能比较好！,0
2025/4/2 15:28,既然是自动辅助驾驶，那么理应在前面识别障碍物必须在3公里内，而不是在两秒时间让车主反应，所以设计缺陷是逃脱不了关系。,0
2025/4/2 15:28,看似同情，实则网暴死者。,1
2025/4/2 15:28,有啥调查的，智驾是智能驾驶不是无人驾驶，走保险就完事,0
2025/4/2 15:28,撞坏的马路栏杆陪了没有,0
2025/4/2 15:28,节哀吧，话说开五菱的就没有出事的嘛，为什么不追责五菱呢,1
2025/4/2 15:28,产品存在安全隐患,0
2025/4/2 15:28,到底谁说车门锁死了,1
2025/4/2 15:28,无人出租车不是很高端的吗，,0
2025/4/2 15:28,车的问题，智能驾驶技术根本不成熟，高速行驶车有问题人根本来不及反应处理得当！还是油车好！[感谢],0
2025/4/2 15:28,典型的敲诈勒索,1
2025/4/2 15:28,97码撞击静态的物体 你来试试 97码撞80码的车又是另外一回事,0
2025/4/2 15:28,按法律规定来，拒绝绑架,0
2025/4/2 15:28,我开智驾连脚都放刹车上,0
2025/4/2 15:28,我作为一个24年专职业老司机作出提示，开车要注意好多问题同检查尤其是新老车每次，我问过好多大老板会不会相信智能辅助导航驾驶，老板说请我老司机回来开车为更安全。[捂脸],0
2025/4/2 15:28,这个车主还想推卸责任 他要赔三家 这下完蛋咯[哈欠][哈欠],1
2025/4/2 15:28,这车还能自己呼叫120，真智能,0
2025/4/2 15:28,大家害怕开小米su7的我出5万收了,1
2025/4/2 15:28,车辆设计应该把应急逃生放在第一位，很多车祸是门打不开！国家能否强制设计碰撞解锁系统或者玻璃自爆系统留有更多逃生系统！,0
2025/4/2 15:28,管好你女儿，让她别乱借别人车来装13，要不害死别人又赔不起，只能去讹车企,1
2025/4/2 15:28,在98面前黯然失色,0
2025/4/2 15:28,不是说男朋友送的吗，怎么又成母亲送的了，,1
2025/4/2 15:29,不是说有三年驾龄吗？,0
2025/4/2 15:29,所以不要疲劳驾驶,0
2025/4/2 15:29,会不会误导消费者这个车爆燃的概率比较低,0
2025/4/2 15:29,驾驶人是第一责任人！,0
2025/4/2 15:29,智驾还不成熟，从NOA发出前方有障碍物的提醒到碰撞发生，中间仅仅只有2秒钟的时间，反正换成我的话我是反应不过来[感谢],0
2025/4/2 15:29,不吃香菜老年版[尬笑],0
2025/4/2 15:29,夜间（天），高速（地），智驾（人），这个情况，10年以上的老司机都不敢这样跑！！！,0
2025/4/2 15:29,1.2秒预警，等人发应过来要好几秒吧。,0
2025/4/2 15:29,如果前面有施工，会提前提示有施工要求减速的功能吗?如导航那样!,0
2025/4/2 15:29,千错万错都不是我的错，,1
2025/4/2 15:29,车辆设计应该把应急逃生放在第一位，很多车祸是门打不开！国家能否强制设计碰撞解锁系统或者玻璃自爆系统留有更多逃生系统！,0
2025/4/2 15:29,现在家属就得利用社会舆论想方设法赖上小米，否则后面的赔偿找谁去要况且还有两个乘客的家属也会找驾驶员赔偿,1
2025/4/2 15:29,定速巡航我都没用过，不敢用。,0
2025/4/2 15:29,电车出事故就是会有这个风险，买车的时候光看颜值了[捂脸],0
2025/4/2 15:29,所以说智能还是不可取，各位还是买油车吧，,0
2025/4/2 15:29,就是比自适应巡航稍微高点！,0
2025/4/2 15:29,这么推理，联系驾校了吗？教练应该也有责任吧,0
2025/4/2 15:29,开啥车都容易出事故，不要赖卖车的[捂脸][捂脸],0
2025/4/2 15:29,你怎么知道撞完人是活的,1
2025/4/2 15:29,数据第一时间就能放出来就是一个很好的开头，我信小米,0
2025/4/2 15:29,我真心收打折小米[害羞][害羞],0
2025/4/2 15:29,不能坐在副驾呀，你得坐在主驾随时监控,0
2025/4/2 15:29,而且闺女绝对不是个靠谱的人。这次事情大了直接没命，就算没有这次事件，也一定会闯出其他的祸的。,1
2025/4/2 15:29,有没有不敢开啊，收Su7,1
2025/4/2 15:29,估计后面电车全部会加装灭火系统,0
2025/4/2 15:29,科鲁泽能买吗[感谢],0
2025/4/2 15:29,没看到20分钟前分心提示？,0
2025/4/2 15:29,斗地主我都不敢托管[捂脸],0
2025/4/2 15:30,不能从外部开门，就会是大问题,0
2025/4/2 15:30,自己的事情。。。。。。,0
2025/4/2 15:30,电车给我的感觉就是没有油车安全,0
2025/4/2 15:30,难道以后所有车祸都要车企来承担责任吗？雷总加油[赞],0
2025/4/2 15:30,这是哪里发生的事啊？,0
2025/4/2 15:30,这会该腾讯出手了,0
2025/4/2 15:30,不是妈妈送给女儿的毕业礼物吗？怎么又说是男朋友送的,0
2025/4/2 15:30,愿逝者一路走好[感谢][感谢][感谢]，还是要相信自己的双手比较靠谱。,0
2025/4/2 15:30,不管什么车  不要相信智驾  不要把自己命交给电子设备。唉,0
2025/4/2 15:30,难怪开su7都是年轻漂亮的！都是别人送的礼物[捂脸][捂脸],1
2025/4/2 15:30,车辆设计应该把应急逃生放在第一位，很多车祸是门打不开！国家能否强制设计碰撞解锁系统或者玻璃自爆系统留有更多逃生系统！,0
2025/4/2 15:30,我记得几年前那个玛莎拉蒂撞宝马的新闻里，宝马也是直接爆燃了,0
2025/4/2 15:30,支持小米，等待警方通告,0
2025/4/2 15:30,如果谨慎小心驾驶，就不会撞车，不会爆燃啊,0
2025/4/2 15:30,后座那不是没烧吗？还不是没了,1
2025/4/2 15:30,中国人都是一家人。都是兄弟姐妹。大爱化解！,0
2025/4/2 15:30,车子花里胡哨的功能多了也不好[捂脸],0
2025/4/2 15:30,宁王果断，不然迟早惹火上身[赞],0
2025/4/2 15:30,出了事就怪车，那些开了几十年车的老司机难道开的都是顶级好车？,1
2025/4/2 15:30,燃油车94这么撞，估计能炸了,1
2025/4/2 15:30,先从路政调查起，有没有??严格执行放置,0
2025/4/2 15:30,前两天还想着给儿子买这个车的，现在不想了,0
2025/4/2 15:30,把自己的生命交给智驾，本身就有毛病,1
2025/4/2 15:31,雷总湖北粉丝占了一半，可不能让武汉人心寒了,0
2025/4/2 15:31,辅助驾驶搞不动怎么能把生命交给智驾，人才是最靠谱的,0
2025/4/2 15:31,这事主责在自己,0
2025/4/2 15:31,斗地主我都不敢托管,0
2025/4/2 15:31,亲戚一家孩子是重本研究生在学校没了，一家人一个月没看手机跟新闻，就是完全缓不过来，只有悲伤跟沉默。我没恶意，就是觉得他们家属维权太快情绪太淡定了。,1
2025/4/2 15:31,他的婚礼被小米毁了[石化],1
2025/4/2 15:31,他有回答也是发布在他的微博上，为什么要回复你呀？网上这么多人有疑问，他是不是要一个一个回复呀？不应该是先把事件处理好嘛？,0
2025/4/2 15:31,机器人也是一样，只是一个工具,0
2025/4/2 15:31,没有任何证据表明车门无法打开，请不要散播谣言。根据现场救援人员描述也是车辆起火导致车门太烫，无法开门，和打不开没有任何关系。,0
2025/4/2 15:31,[泪奔]车主怕不是要进去了,1
2025/4/2 15:31,回复@ZK山宇:所以、我的观点，没有底蕴的车企，暂时不买。你买、是你的事情，反正我不买。,0
2025/4/2 15:31,现在网络这玩意 用好了就是山顶第一人 ，用不好 就是落地的感觉[可怜],0
2025/4/2 15:32,对啊，就是辅助驾驶，路况不对不好就要自己接啊，反正辅助驾驶目前阶段不负任何责任,0
2025/4/2 15:32,[捂脸]车上另外两个人才是最惨的,0
2025/4/2 15:32,这男的不是一个简单的人，当然，面临几百万赔偿可能也只有这样,1
2025/4/2 15:32,回复@7_廾匸·:点了，正常人家的不会让女人接受这么贵重的东西，是福是祸都不知道。,1
2025/4/2 15:32,这是洛圣都,0
2025/4/2 15:32,雷神是个好企业家，或许未来5年10年后，小米汽车市场验证了这么多年，有底蕴了，我会买,0
2025/4/2 15:35,回复@小党:他这句话证明不了没意外呀，他写的都是相同配置的类似～～～用词很讲究。,0
2025/4/2 15:36,你是二拨一,1
