timestamp,content,label
2024/4/27 14:51,"希望每一个人都要加强安全意识和防火意识，
消防员们注意安全。",0
2024/4/27 14:52,[感谢][感谢][感谢],0
2024/4/27 14:52,为什么总会发生火灾？,0
2024/4/27 14:52,[感谢],0
2024/4/27 14:53,看到一个电动车,0
2024/4/27 14:53,[闭嘴][闭嘴][闭嘴][闭嘴][闭嘴][闭嘴],1
2024/4/27 14:53,怎么回事从一楼跑不出来人吗？,1
2024/4/27 14:53,逝者安息一路走好吧[感谢][感谢][感谢][感谢][感谢][感谢][感谢][感谢][感谢][感谢],0
2024/4/27 14:54,小区火灾，我第一反应是不是电瓶车引起的。[泣不成声],0
2024/4/27 14:54,[感谢][感谢][感谢],0
2024/4/27 14:54,天呐,0
2024/4/27 14:55,起火真正原因是什么,0
2024/4/27 14:55,1楼为什么也跑不出来？,1
2024/4/27 14:55,[感谢][感谢][感谢],0
2024/4/27 14:55,一楼都不会跑吗,1
2024/4/27 14:56,[恐惧][恐惧][恐惧],1
2024/4/27 14:57,现在基本上发生的严重火灾都是电瓶车着火,0
2024/4/27 14:57,在一楼怎么会死亡那么多人啊？,1
2024/4/27 14:57,又是南昌,1
2024/4/27 14:57,傷成這樣，應該很危險,0
2024/4/27 14:58,一楼都没能逃出来吗[快哭了],0
2024/4/27 14:58,[感谢][感谢][感谢][感谢][感谢],0
2024/4/27 14:58,一楼,0
2024/4/27 14:58,没看到一楼的电瓶车吗,0
2024/4/27 14:58,甘雨，最近火灾太多了，大家需要注意,0
2024/4/27 14:59,[感谢][感谢][感谢],0
2024/4/27 14:59,通报里死亡的三个人，我个人主观臆断，应该是被烟熏中毒导致死亡的。如果起火源不是在自己家中，关闭楼道防火门和自家的入户门，同时不断往门上泼水降温。等待救援比盲目跑出去烟熏死亡更好，这是我个人的理解,0
2024/4/27 14:59,阿弥陀佛,0
2024/4/27 15:00,阿弥陀佛[感谢],0
2024/4/27 15:00,应该不是电瓶车,0
2024/4/27 15:00,我看着像电动车起火,0
2024/4/27 15:00,一楼啊，封锁出口了,0
2024/4/27 15:01,电动车吗？[震惊],0
2024/4/27 15:01,他们是怎么弄成这么大火的[感谢][感谢][感谢],0
2024/4/27 15:02,很正常了，我们这边楼下飞线充电的根本没人管,0
2024/4/27 15:02,[泣不成声],0
2024/4/27 15:02,根本没法管，我们单元楼下、电瓶车停的人都得侧身走[呆无辜],0
2024/4/27 15:02,[流泪][流泪]可怜人。。。。,0
2024/4/27 15:02,怎么又是江西，哎[泣不成声][泣不成声],1
2024/4/27 15:02,[感谢][感谢][感谢]保佑,0
2024/4/27 15:02,"怎么说呢，你家门外燃了，你在家关了门，隔音效果较好滴情况下，你是不会知道的。然后这个时间是今天早上7点20分，除了个别人员以外更多的人应该是在睡觉的。
实际如果起火点不在自己家里，关门后往门上浇水，按照通报的时间23分钟就扑灭了的情况下，在家是没有危险的",0
2024/4/27 15:02,一楼应该可以很快出来的呀[感谢],0
2024/4/27 15:03,[赞][赞],0
2024/4/27 15:03,楼道门口烧起来的？,0
2024/4/27 15:03,1楼还逃不出，这是多猛烈的火灾啊,0
2024/4/27 15:04,那个全身烧黑的人还活着吧？太可怕了,1
2024/4/27 15:04,新国标电动车，呵呵,1
2024/4/27 15:04,不想到财产直接跑人应该来得及,1
2024/4/27 15:04,一楼也跑不出来吗,1
2024/4/27 15:04,大难不死 必有后福[泣不成声],0
2024/4/27 15:04,不会又是电瓶车在里面冲电着火吧？,0
2024/4/27 15:05,应该是开门看情况，被烟熏后中毒死亡，可能如果不开门，在家，还不容易死的，现在的防盗门，做好门上浇水降温，堵门缝防止有毒气体进入，再把非火灾面的窗户打开通风，按照通报23分钟的救火时间是完全能够坚持下来的,0
2024/4/27 15:05,看楼道里那个像是电动车,0
2024/4/27 15:05,[感谢],0
2024/4/27 15:06,江西新闻都这么炸裂，,1
2024/4/27 15:06,看楼道里面基本就是电瓶车了,0
2024/4/27 15:06,新国标问题越来越突显，这就是锂电池的好处,0
2024/4/27 15:06,防盗窗，焊死就意味着少一条活路,0
2024/4/27 15:06,新国标锂电池好啊。真的好,0
2024/4/27 15:06,[感谢][感谢][感谢][感谢][感谢][感谢],0
2024/4/27 15:06,逝者安息[感谢][感谢][感谢],0
2024/4/27 15:07,估计是电瓶车充电吧,0
2024/4/27 15:07,还有居家电器火灾,0
2024/4/27 15:07,一楼火灾也逃不出么,1
2024/4/27 15:07,[赞][赞][赞],0
2024/4/27 15:07,有可能是消防女黑侠吧,0
2024/4/27 15:07,@荣,0
2024/4/27 15:08,电动车,0
2024/4/27 15:08,电瓶车起火10秒，就明火，喷射状的，胆子小的动作慢的你还真出不去。,0
2024/4/27 15:08,[感谢][感谢][感谢],0
2024/4/27 15:08,又是电动车，真可恨,1
2024/4/27 15:08,@在濛洲桥拼拼图的金鱼,0
2024/4/27 15:08,电瓶车夺命只需10秒,0
2024/4/27 15:09,肯定是，现在除了电瓶车其他一般不会起火,0
2024/4/27 15:09,[感谢][感谢][感谢],0
2024/4/27 15:10,高层楼房的好处,0
2024/4/27 15:11,[感谢][感谢][感谢],0
2024/4/27 15:13,[感谢][感谢][感谢][感谢][感谢],0
2024/4/27 15:13,对呀！两难呀！,0
2024/4/27 15:13,应该是熏黑的，看头发都还完好。真的烧黑还能走出来才怪,1
2024/4/27 15:13,又是电瓶车[感谢],0
2024/4/27 15:13,一楼咋还能这样，都在睡觉吗,1
2024/4/27 15:14,所以不是这条视频的起火原因的话，最后标明一下,0
2024/4/27 15:14,消防知识要普及，包括视频，如何面对火灾,0
2024/4/27 15:14,电瓶车吧,0
2024/4/27 15:14,加了氮气的燃气？,0
2024/4/27 15:15,多搞点电瓶车在楼道充充电！,1
2024/4/27 15:15,[感谢][感谢][感谢][感谢][感谢],0
2024/4/27 15:16,还是自建房安全,0
2024/4/27 15:16,象湖的电动车上楼最为严重，没有付出惨重的代价有些人是不会管的。,1
2024/4/27 15:20,[色][色][色],1
2024/4/27 15:20,[玫瑰][玫瑰][玫瑰],0
2024/4/27 15:20,应该改成可开启但上锁的那种 钥匙给业主保管无特殊情况打开罚款,0
2024/4/27 15:20,C,0
2024/4/27 15:20,[流泪],0
2024/4/27 15:20,后悔买高层的看过来[泣不成声],0
2024/4/27 15:21,消防水栓？,0
2024/4/27 15:21,对对对，有创意！??,0
2024/4/27 15:21,@蜡笔小坤坤 好好看看,0
2024/4/27 15:21,最近，我们一直在几个小区开展业主消防监督进小区直播活动，就是想尽量消除消防隐患。愿逝者安息。,0
2024/4/27 15:22,所以农村房子多好[微笑],0
2024/4/27 15:22,卧槽，又是江西！,1
2024/4/27 15:22,这不是黑灵儿嘛,0
2024/4/27 15:22,庆幸庆幸你们还活着。我非常的善于表达自己的,0
2024/4/27 15:22,友好,0
2024/4/27 15:22,[感谢][感谢][感谢],0
2024/4/27 15:23,最近南昌怎么老是出事啊,1
2024/4/27 15:23,最近南昌怎么了,0
2024/4/27 15:23,@小姐姐?? [发呆],0
2024/4/27 15:23,电动车禁止进入楼房,0
2024/4/27 15:23,我好庆幸我们有个好物业[捂脸]楼里根本没有电动车,0
2024/4/27 15:24,防盗窗可以留个可以打开的小门,0
2024/4/27 15:24,[感谢][感谢][感谢],0
2024/4/27 15:24,@于我 @彩儿 天呐，真的好吓人，,0
2024/4/27 15:24,[发呆][感谢][感谢][感谢]天勒，烧的全身都黑了，希望没大问题[感谢],0
2024/4/27 15:24,所以我特意定做的留个门[捂脸],0
2024/4/27 15:24,有些就是安装空调师傅把那口给堵住的[感谢],0
2024/4/27 15:24,看这样是一楼啊，电动车的位置[发呆]不要里面停电动车就是不听，2000块钱电动车格外金贵，好了吧,1
2024/4/27 15:25,这才是开始，,0
2024/4/27 15:25,[感谢][感谢][感谢],0
2024/4/27 15:25,江西的吧！,0
2024/4/27 15:25,想买别墅也买不起啊[流泪][流泪][流泪],0
2024/4/27 15:25,被子顶起跑啊,1
2024/4/27 15:25,我也好奇，一楼都爬不出来,1
2024/4/27 15:25,一楼也会烧成这样,1
2024/4/27 15:25,住在1楼都逃不出来吗,0
2024/4/27 15:25,一楼都跑不出来吗[捂脸],0
2024/4/27 15:25,非洲的视频吗？,0
2024/4/27 15:25,电动车么，现在电动车依然放在楼道里，没人管[打脸][打脸][打脸]，各种文件都下了，电动车依然在楼道里,1
2024/4/27 15:26,为什么一楼都跑不出来？？？,1
2024/4/27 15:26,今天的事吗？,0
2024/4/27 15:26,把人集中在小区居住出发点是好的，不过房屋的设计，安全，居住环境都不够完善。,0
2024/4/27 15:26,又是电瓶车吧，说了不让进楼，天天作,1
2024/4/27 15:26,又是江西[捂脸][捂脸][捂脸][捂脸],1
2024/4/27 15:27,明显有电瓶车,0
2024/4/27 15:27,@疯狂麻辣拌 一楼……,0
2024/4/27 15:27,我们学校大聪明。给防盗窗全拆了，结果有夜不归寝和乱进宿舍的风险了，给安上限位器了[吐血]不通风加无法逃生[尬笑],1
2024/4/27 15:28,[感谢][感谢][感谢],0
2024/4/27 15:28,看着里面有电动车在烧,0
2024/4/27 15:28,[捂脸][捂脸][捂脸],0
2024/4/27 15:28,小区火灾，我第一反应是不是电瓶车引起的。,0
2024/4/27 15:28,越是一楼百分百窗户阳台都封严了,0
2024/4/27 15:28,好惨，好绝望，愿平安[感谢][感谢],0
2024/4/27 15:28,真的不应该把电瓶车放到房子里面去充电，太危险了,0
2024/4/27 15:28,还有厨房，其次电器,0
2024/4/27 15:28,基本可以断定是电动车引起的,0
2024/4/27 15:29,一楼的电动车电池着火？,0
2024/4/27 15:29,电车进楼栋门就相当害人害己，每个小区都会有固定放电车的地方远离住宅区。,0
2024/4/27 15:30,电车进楼栋门就相当害人害己，每个小区都会有固定放电车的地方远离住宅区。,0
2024/4/27 15:30,一楼都烧死三个,1
2024/4/27 15:30,[感谢][感谢][感谢],0
2024/4/27 15:30,电瓶车车企哎,0
2024/4/27 15:31,一例停止生产，老是电动摩托车害的,1
2024/4/27 15:31,愿逝者安息，伤者早日康复,0
2024/4/27 15:31,我家的防盗窗上面有门有锁，你们的没有吗,0
2024/4/27 15:31,@扶小沟?? @yes. i. 杜?,0
2024/4/27 15:31,[感谢][感谢],0
2024/4/27 15:32,注意安全啦！,0
2024/4/27 15:32,@??别来无恙 @??shuai @『娜娜?主义 』 买别野别买高楼了跑都跑不了[闭嘴],1
2024/4/27 15:32,又是南昌,1
2024/4/27 15:32,不要误解 火警不是随便叫的,0
2024/4/27 15:32,应该是电瓶车充电,0
2024/4/27 15:32,为什么没人管我看到好多小区依旧有把电动车推进去的,0
2024/4/27 15:32,钥匙在旁边吗[看],0
2024/4/27 15:32,一楼起火，路被封死了,0
2024/4/27 15:32,发生火灾千万别跑 在家里等待 跑出去一般都是熏死的,1
2024/4/27 15:32,这种面积的烧伤一般都会死于感染,1
2024/4/27 15:33,我没锁,0
2024/4/27 15:33,起火的时候就要往外面跑了呀,0
2024/4/27 15:33,恐怖,1
2024/4/27 15:33,是不是提灯定损,0
2024/4/27 15:33,住小区就是这点不好 接下来这种事会越来越高发 电瓶都老化了,0
2024/4/27 15:33,三天两头总是发生火灾，说实话，高层居民发生火灾逃都不好逃,0
2024/4/27 15:33,海南治安这么不好吗？[捂脸],1
2024/4/27 15:34,[尬笑][尬笑][尬笑],0
2024/4/27 15:34,好惨,0
2024/4/27 15:34,看到电瓶车了,0
2024/4/27 15:34,都还不严查电瓶车，十个火九个都是电瓶车,1
2024/4/27 15:34,电动车,0
2024/4/27 15:34,普通铅酸电瓶车非常小的概率自燃，自燃的都是改了锂电池的电瓶车,0
2024/4/27 15:34,[玫瑰][玫瑰][玫瑰],0
2024/4/27 15:34,[感谢][感谢][感谢],0
2024/4/27 15:35,不是 我咋隔不久就能看见南昌[泪奔][泪奔],0
2024/4/27 15:35,天啊[感谢][感谢][感谢],0
2024/4/27 15:35,一楼发生火灾,0
2024/4/27 15:35,[感谢][感谢][感谢],0
2024/4/27 15:35,应该 禁售电动车[捂脸][捂脸][捂脸],0
2024/4/27 15:35,楼房有啥好,1
2024/4/27 15:35,哥，只要有理想，那就不是梦[呲牙],0
2024/4/27 15:35,你们家里有小孩，没有防盗窗吗？只要有小孩或者宠物都要封窗吧,1
2024/4/27 15:35,[感谢][感谢][感谢][一起加油][一起加油][一起加油],0
2024/4/27 15:35,烧伤当事不是疼，而是灼热，怕风吹，之后才是最煎熬的治疗阶段。,0
2024/4/27 15:35,1楼都跑不出去吗？,1
2024/4/27 15:36,锂电池着火就只能等着他反应完了才能灭火,0
2024/4/27 15:36,[感谢][感谢][感谢],0
2024/4/27 15:36,电瓶车在一楼烧这么大。。消防水管呢,1
2024/4/27 15:36,一楼跑不出来吗,1
2024/4/27 15:37,我是做防盗网这行的，但凡是我制作的防盗网，不管户主同不同意我都会做一个逃生窗,0
2024/4/27 15:37,[赞][赞][赞]努力！生活越来越美好,0
2024/4/27 15:37,水火电无情，平时一定要注意[感谢][感谢][感谢],0
2024/4/27 15:37,又是为什么啊。这能不能好了，可别在烧了。严查吧为了大伙[感谢][感谢][感谢][感谢],0
2024/4/27 15:37,最近江西的新闻很多[泣不成声][泣不成声],0
2024/4/27 15:37,1楼怎么会被烧死？在大火要冲出来,1
2024/4/27 15:37,大家快买房[捂脸][捂脸],0
2024/4/27 15:38,@无锡经纪小橙子,0
2024/4/27 15:38,如果说电瓶车在楼道，家里防盗窗又无法打开就麻烦了,0
2024/4/27 15:38,不是所有的电动车都自燃，只有锂电的才自燃,0
2024/4/27 15:38,物业只收保护费的？,1
2024/4/27 15:38,我不买房的原因就是怕自己的安全没保障，别人家失火，连带遭殃,0
2024/4/27 15:38,这旁白的女的这些邻居都是看热闹的，没人拿被单帮助一下人，冷漠无情啊,1
2024/4/27 15:38,还是农村好[捂脸][捂脸][捂脸][捂脸][捂脸],0
2024/4/27 15:38,@小赞,0
2024/4/27 15:38,[感谢][感谢][感谢],0
2024/4/27 15:38,@??Sunset,0
2024/4/27 15:38,我们这小区因为南京的事，已经开始把架空层的电瓶车全部清出去了，每栋楼外面重新搞了个棚子给电瓶车充电,0
2024/4/27 15:38,宋子艳亲戚？,1
2024/4/27 15:38,拿个锁卡那不锁住的,1
2024/4/27 15:39,[尬笑][尬笑]10几亿人人口的国家，各种情况都可能有，别片面了，一个烟头都可能。 各种电器，煤气都有可能。只是抖音视频让你感觉到多。仅此而已,0
2024/4/27 15:39,基本都在附近，从屋里随时能开,0
2024/4/27 15:39,电瓶车又推进去充电了[看],0
2024/4/27 15:39,防盗窗要留口,0
2024/4/27 15:39,电动车危害最大，搞不懂为什么还有人把电动车放楼里,1
2024/4/27 15:39,北方没有防盗窗的，我们这没见过,0
2024/4/27 15:39,要什么锁，确定到时有足够的时间开么别钥匙都找不到就悲剧了,0
2024/4/27 15:39,问题这是一楼,0
2024/4/27 15:39,还用看吗，电动车着着嘞,1
2024/4/27 15:39,一楼？？？,0
2024/4/27 15:39,楼栋起火点，很像电动车,0
2024/4/27 15:39,我猜把线拉到楼道给电瓶车充电呢，我在一个老楼上见过，飞线一个插板插三台电瓶车在楼道充电，看见都怕。,0
2024/4/27 15:39,看着那个烧的黑黑的好心疼啊[感谢][感谢][感谢],0
2024/4/27 15:39,一群人站着拍视频，嘴里说快报警啊，119啊[看],1
2024/4/27 15:40,一楼，白天，还能出这么大的事故。,0
2024/4/27 15:40,九紫离火唉,0
2024/4/27 15:40,受伤的估计很严重，感染是要人命的。,0
2024/4/27 15:40,我就是这个小区的 之前就已经不让电动车进来了 我楼下搭了充电棚子  我刚刚才知道着火了,0
2024/4/27 15:40,我们楼下也有人放电频车充电,0
2024/4/27 15:40,[感谢][感谢][感谢][感谢],0
2024/4/27 15:40,@A1986720,0
2024/4/27 15:40,[发呆][发呆][发呆],0
2024/4/27 15:40,都是锂电，应该禁止,1
2024/4/27 15:40,可以锁，但是我没锁。,0
2024/4/27 15:41,[感谢][感谢][感谢],0
2024/4/27 15:41,彩礼多少？,0
2024/4/27 15:41,你没经历过，一旦失火，烟重的都看不见，5年前我家邻居一楼的附房失火，我家是假二楼，厨房玻璃都烈开了，三楼窗户开着的，纱窗都烧了，那个火串起来快尼，楼梯口全部是烟，门一开烟直往家喷，根本看不见，我们是摸下来的，幸亏是晚上9点，要是凌晨一二点就完蛋了，我们在家都不知道失火，正好是6月份，空调开着在房间看电视，外面有动静听不到，后来动静大了才听到，好在有惊无险，旁边附房人家放的还有充满的煤气瓶，想想都后怕尼,0
2024/4/27 15:41,是的 就是电瓶车充电导致的,0
2024/4/27 15:41,绝对是的,0
2024/4/27 15:41,现在基本上发生的严重火灾都是电瓶车着火,0
2024/4/27 15:41,还是农村好,0
2024/4/27 15:41,求人不如求己。。。买个灭火器就算三年一换   花的钱都会比着火后受到的伤害大,0
2024/4/27 15:41,锂电池最危险,0
2024/4/27 15:41,@每天睡16个小时,0
2024/4/27 15:41,哎，我最讨厌叹气了，但是又无能无力。逝者安息，无意冒犯,0
2024/4/27 15:42,看起来又是电瓶车充电引起的火灾,0
2024/4/27 15:42,现在的人和豆付一样，,1
2024/4/27 15:42,家里贴的墙砖，能烧起来麽,0
2024/4/27 15:42,看到了，发大概率电动车引起的,0
2024/4/27 15:42,单元门都是木头的不妨火,0
2024/4/27 15:42,应该没死人,1
2024/4/27 15:42,这小区老出事,1
2024/4/27 15:42,我房间就是[捂脸],0
2024/4/27 15:42,天,0
2024/4/27 15:42,应该说都是锂电池[微笑][微笑][微笑],0
2024/4/27 15:42,就是把别人房子扒盖上高楼到处着火 以前的土房 ，瓦房也烧不了这历害，钢筋水泥的房子烧的是很旺,1
2024/4/27 15:42,这个很难活，后期的感染才是致命的,0
2024/4/27 15:43,禁止锂电池,0
2024/4/27 15:43,主要是钱多了装修太好了都燃烧的东西才有这种事情发生！,1
2024/4/27 15:43,真是这样，防盗窗应该也弄成卡扣的，一掰就可以打开那种,0
2024/4/27 15:43,南昌,0
2024/4/27 15:43,小区起火事故，9.9成都是电动车引起的,1
2024/4/27 15:43,一楼都没跑掉？[玫瑰],0
2024/4/27 15:43,逃生的话把玻璃砸碎,0
2024/4/27 15:43,管管电动车进电梯进楼道的吧……,0
2024/4/27 15:43,新能源好呀环保哦[机智],0
2024/4/27 15:44,江西最近挺火啊[捂脸],0
2024/4/27 15:44,住一楼还跑不出来怎么回事尼，是睡着了吧，这个是女人烧这样疼死了[泣不成声][泣不成声],1
2024/4/27 15:44,电瓶车着火几乎没有，锂电池不叫电瓶，用电瓶的现在基本成超标车了，电瓶太重,0
2024/4/27 15:44,7点一楼火有那么严重？是不是天然气爆炸着火吗？,0
2024/4/27 15:44,一楼？？？？！！！,0
2024/4/27 15:44,如果每个家庭都有两个灭火器，每丛楼也都有两个灭火器回不回好点,0
2024/4/27 15:44,[感谢][感谢][感谢],0
2024/4/27 15:44,小区的电瓶车一定要十分严格的管理啊，否则火灾会经常发生，,0
2024/4/27 15:44,估计装了防盗窗,0
2024/4/27 15:44,这几天南昌新闻比较火,0
2024/4/27 15:44,那倒是，毕竟天然气是直接爆炸,0
2024/4/27 15:44,以后千万别再买楼房了,0
2024/4/27 15:44,高楼比牢房都结实,1
2024/4/27 15:44,深圳龙岗电动车都不能进小区了，挺好的[捂脸],0
2024/4/27 15:44,[666][666][666],0
2024/4/27 15:44,电动车推楼里去应该判刑,1
2024/4/27 15:44,钥匙都挂在上面，不拿的,0
2024/4/27 15:44,是不是电瓶车失火？,0
2024/4/27 15:44,原来发生在江西,0
2024/4/27 15:44,我家的防盗网只防小孩，大人一脚就能踹开,0
2024/4/27 15:44,我家防盗窗也开了逃生口，没有用锁而是用的铁丝绳绑着。[发呆],0
2024/4/27 15:45,@MoMomomomoOm @荔枝 @發哥-小龙虾烧烤大排档 @YY??,0
2024/4/27 15:45,@小透明,0
2024/4/27 15:45,什么时候开电瓶车的人受到排挤了,0
2024/4/27 15:45,希望大楼建逃生梯，希望家里边儿要有一个密封的，通风的可以避难的空间,0
2024/4/27 15:45,[感谢][感谢][感谢],0
2024/4/27 15:45,@搞艺术涂料的小徐工长,0
2024/4/27 15:45,是不是那个电瓶车,0
2024/4/27 15:45,又是电瓶车引起的火,0
2024/4/27 15:45,楼道里看起来好像电动车哦！,0
2024/4/27 15:45,楼房有楼房的坏处,0
2024/4/27 15:45,别估计100%装了,1
2024/4/27 15:45,只要人平平安安就好了,0
2024/4/27 15:45,我楼上有个女的把电瓶拿上去充电我也不敢说,0
2024/4/27 15:45,@双马尾御姐 @波比℡????,0
2024/4/27 15:45,小区要让电动车入户怪谁[泪奔],1
2024/4/27 15:46,美女命大，大难不死必有后福,0
2024/4/27 15:46,[感谢][感谢][感谢][感谢][感谢][感谢][666][666][666][666][666][666],0
2024/4/27 15:46,是的,0
2024/4/27 15:46,天哪,0
2024/4/27 15:46,放露天或者地下车库，都比这个强,0
2024/4/27 15:46,就这个跑出来的黑炭人，很难说预后怎样，希望能平安度过吧。,1
2024/4/27 15:46,[捂脸][捂脸][捂脸],0
2024/4/27 15:46,怎么还有人会在楼道充电,1
2024/4/27 15:46,又是电瓶车,0
2024/4/27 15:46,这单元楼价跳水了啊[抠鼻],0
2024/4/27 15:46,有,0
2024/4/27 15:46,怎么回事,0
2024/4/27 15:46,我家没上锁,0
2024/4/27 15:46,在，旁边就是露台,0
2024/4/27 15:46,我上个视频看见南昌 文旅什么日本优先？,1
2024/4/27 15:46,又是电瓶车吗,0
2024/4/27 15:46,看着是门洞里的电动车在燃烧,0
2024/4/27 15:46,估计又是电瓶车起火,0
2024/4/27 15:46,1楼,0
2024/4/27 15:46,1楼火灾跑不出来？,1
2024/4/27 15:46,[感谢][感谢][感谢],0
2024/4/27 15:46,逃生窗啊，现在好多防盗窗都有留,0
2024/4/27 15:47,我家南北各留了逃生窗,0
2024/4/27 15:47,南昌今年本命年,0
2024/4/27 15:47,怎么办，我们这楼道里好多电动车[可怜],0
2024/4/27 15:47,估计电瓶车电池，几秒钟，来不及反应,0
2024/4/27 15:47,这就是电瓶车放在楼道里的好处。,1
2024/4/27 15:47,[感谢][感谢][感谢][感谢][感谢][感谢][感谢][感谢][感谢][感谢][感谢],0
2024/4/27 15:47,烧成这样已经没有疼感了[感谢],0
2024/4/27 15:47,[感谢][感谢][感谢],0
2024/4/27 15:47,关于电动车现在就是扯皮。首先小区能配备停车棚带充电桩很多人就不上楼了，但是新小区规划没强制要求，老旧小区更别想了。然后很多电梯安装了报警器，有啥用？自燃的是锂电池！锂电池！锂电池基本都是能拆下来的好吧，根本不能有效遏制,0
2024/4/27 15:47,不高可以跳,0
2024/4/27 15:47,防盗窗不是还有个小门吗？那就是逃生口呀！,0
2024/4/27 15:47,@??明天??,0
2024/4/27 15:47,一楼也烧的死人？不会逃出来吗，我还以为只有楼上没法逃了,1
2024/4/27 15:47,今年南昌上大分了。,0
2024/4/27 15:47,你安徽没死过人吗[微笑],1
2024/4/27 15:47,飞线充电也很危险，拍照向居委会举报,0
2024/4/27 15:47,又是电动车,0
2024/4/27 15:47,那还有防盗作用吗？防盗网不是成摆设了吗？,0
2024/4/27 15:47,烧成这样，要是伤口感染人就没了,1
2024/4/27 15:47,所以赶快加上生三胎[赞],0
2024/4/27 15:47,既然知道电瓶车自然，为什么放楼道，怪谁？,1
2024/4/27 15:48,平时让你们把电动车放外面，你们不肯，终于把你们送上了天,1
2024/4/27 15:48,又是一起电动车充电，吸取教训吧！现场还有好多飞线充电[捂脸],0
2024/4/27 15:48,一楼？,0
2024/4/27 15:48,@乾坤一点明 妈耶,1
2024/4/27 15:48,哈哈，[呆无辜],0
2024/4/27 15:48,哪个在烧的是电动车吧？,0
2024/4/27 15:48,电瓶车上楼[发怒],1
2024/4/27 15:48,一楼逃不出来？[尬笑],1
2024/4/27 15:48,一楼都没跑出去，就怪事了,1
2024/4/27 15:48,都是那些防盗网，不然可能不会死人,1
2024/4/27 15:48,一楼怎么逃不出来,1
2024/4/27 15:48,现在不知道怎么搞的，老实火灾。,0
2024/4/27 15:48,[感谢][感谢][感谢],0
2024/4/27 15:48,因噎废食？,0
2024/4/27 15:48,住低楼层的也白搭,1
2024/4/27 15:48,不能把家里的水都打开么[流泪][流泪],0
2024/4/27 15:49,我住二楼，防盗窗什么都没装，现在家里又没现金也不怕偷，经常想着如果着火我就从窗户逃生，以前高层23楼刚改好水电就卖了，想想不怕一万就怕万一，万一遇上了什么都没有比生命更重要！,0
2024/4/27 15:49,1楼咋都跑不出来啊,1
2024/4/27 15:49,就怕有些人为了方便把电动车放楼道门口,0
2024/4/27 15:49,又是江西[赞],0
2024/4/27 15:49,对，所以说你们南方千万别安防盗窗，另外，你连防盗窗的真正作用都不知道[笑哭],1
2024/4/27 15:49,行了  南昌又要开始检查了   说了电动车不让入户   就是不听,1
2024/4/27 15:49,被子打湿包着跑不出来？？？,1
2024/4/27 15:49,看到电动车在单元楼里。我们都在小区外面,0
2024/4/27 15:49,下次轮到你,1
2024/4/27 15:49,感觉又是电动车啊,0
2024/4/27 15:49,电瓶车引起来的,0
2024/4/27 15:49,楼道、架空层全部都是电瓶车充电，不出事就没有人管,1
2024/4/27 15:49,基本上失火死人都是住楼房的，农村很少，不知道，我说的对不对？大家不要喷我,0
2024/4/27 15:49,还是乡村好,0
2024/4/27 15:49,做一个逃生窗多少钱？我也想做一个！,0
2024/4/27 15:49,电车着火[发怒][发怒][发怒][发怒][发怒],1
2024/4/27 15:49,@眼泪拌饭 [灵机一动][灵机一动],0
2024/4/27 15:49,下次是你,0
2024/4/27 15:49,是不是电动车？,0
2024/4/27 15:49,真心希望以后再也不要盖高层住宅了！还是住在平房比较安全！住在高层住宅真的很害怕了！愿你们人都平安[感谢],0
2024/4/27 15:49,菩萨也,0
2024/4/27 15:49,这是住楼的弊端,0
2024/4/27 15:49,最近江西事挺多啊！,0
2024/4/27 15:49,又是江西[囧],1
2024/4/27 15:49,电动自行车起火，挡住了一口逃生出口[感谢][感谢],0
2024/4/27 15:49,那个是不是像电动车,0
2024/4/27 15:50,小区着火好多人因为不规范停放电瓶车导致的,0
2024/4/27 15:50,防盗窗得开门,0
2024/4/27 15:50,估计电瓶车,0
2024/4/27 15:50,我们这里都做了，但是都会留一扇活动的，就是为了防备出事逃生，平时一般就锁住，需要的时候就用??打开,0
2024/4/27 15:50,就是我们小区早上7点20发生的事情,0
2024/4/27 15:50,煤气爆炸，[赞],1
2024/4/27 15:50,电瓶车正在烧认真看，一楼这么严重除了电瓶车就是天然气了,1
2024/4/27 15:50,应该查查生产电池的厂,0
2024/4/27 15:50,这种烟吸一口就死,1
2024/4/27 15:50,太可怕了,0
2024/4/27 15:50,电瓶车到处乱放,1
2024/4/27 15:50,看这小区，还不是老小区,1
2024/4/27 15:50,一楼都跑不出来？,1
2024/4/27 15:50,那你装个寂寞,1
2024/4/27 15:50,[感谢][感谢][感谢],0
2024/4/27 15:50,国家有没有想过整治下车厂或者电池厂，你哪怕标准高点，贵点，差不了几个钱，总比三天两头着火好吧。,0
2024/4/27 15:50,现在看到小区火灾就想到电瓶车[捂脸],0
2024/4/27 15:50,一楼火灾白天能死3个，不可思议,1
2024/4/27 15:50,[666][666][666],0
2024/4/27 15:50,都说了意外跟楼层没有关系 别墅照样烧死人,1
2024/4/27 15:50,锂电池就是危险，千万别放在小区充那个,1
2024/4/27 15:50,@????佳佳 啧啧,1
2024/4/27 15:50,你一楼，你躲卫生间离，把水管暴力打开，会被烧死？？？顶子拆了有通风管道也不会缺氧啊！！！[抠鼻][抠鼻][抠鼻][抠鼻][抠鼻],1
2024/4/27 15:50,电梯安了电动车进去就报警，但是有人爬楼梯也要把电动车拿楼上去…,0
2024/4/27 15:50,小区保安不懂消防应急吗？,0
2024/4/27 15:50,又电瓶车引起的火灾吗？,0
2024/4/27 15:50,要是电动车早就说电动车的事情了,0
2024/4/27 15:51,[感谢][感谢][感谢],0
2024/4/27 15:51,幸好我穷[捂脸][捂脸][捂脸],0
2024/4/27 15:51,有利有弊，个人看法,0
2024/4/27 15:51,跟物业投诉啊,0
2024/4/27 15:51,我们小区人车分流，啥车都进不去,0
2024/4/27 15:51,电瓶车！一看就知道,1
2024/4/27 15:51,有的人真的很可恶，我们小区里天天宣传不让电摩进楼里面，我这栋楼天天有人把电摩放在入户门里面过道旁边，太可恶了[发怒],1
2024/4/27 15:51,你就跟他说这个东西容易发生火灾，容易爆炸，很危险的，言喜语好好的态度说,0
2024/4/27 15:51,惨了惨了[感谢][感谢][感谢],0
2024/4/27 15:51,不是电瓶车压根无法这么大火,0
2024/4/27 15:51,液化石油气爆炸事故，一看就是全身烧伤的，电瓶车爆炸不是这种烧伤,1
2024/4/27 15:51,又是江西哦[看],1
2024/4/27 15:51,命大自救能力很高,0
2024/4/27 15:51,[666][666][666],0
2024/4/27 15:51,烧黑了还救出了？,1
2024/4/27 15:51,其实，绵阳市应该排查一下火灾隐患。楼道堵塞，楼顶安全通道被私自违规占用、违规上锁……@绵阳预警发布,0
2024/4/27 15:51,又是电瓶车[发呆],0
2024/4/27 15:51,还是住平房好[捂脸],0
2024/4/27 15:51,这次跑不出来可不是住的高楼层[灵机一动],1
2024/4/27 15:51,高层着火高。活不了。我理解。为什么一楼还死？,1
2024/4/27 15:51,为什么还有这种死亡防盗窗,1
2024/4/27 15:51,是电瓶车,0
2024/4/27 15:51,正疑惑一楼怎么发生火灾？反复看了两遍视频，原来起火的是一个电瓶车[捂脸],0
2024/4/27 15:51,1楼跑不出来,1
2024/4/27 15:51,我家的用铁丝拧上的，解开容易,0
2024/4/27 15:51,不要安装防盗窗了  只要家里不要放值钱的物品,0
2024/4/27 15:52,一楼怎么会烧死,1
2024/4/27 15:52,电动自行车着火引发吗？,0
2024/4/27 15:52,离我家小区不远，我家小区是南昌象湖力高国际城5期，电动车上楼充电是很普遍的现象！,0
2024/4/27 15:52,一楼也能死三个[抠鼻]卫生间一定要用放火门，卫生间放一桶水，以备不时之需,1
2024/4/27 15:52,江西唉。,0
2024/4/27 15:52,又是电动车吧,0
2024/4/27 15:52,我靠！又是电动车！[发呆][发呆],1
2024/4/27 15:52,江西南昌最近频繁上热搜,0
2024/4/27 15:52,我准备去跟物业说一下,0
2024/4/27 15:52,@变成强壮水手 @爱吃麻辣烫???,0
2024/4/27 15:52,电瓶车 天天说有人挺吗,1
2024/4/27 15:52,都有尾巴了[发呆],0
2024/4/27 15:52,所以买房租房不要跟没有安全意识的人住一个小区,0
2024/4/27 15:52,我们这边管的严   电瓶车是绝对不让上楼的,0
2024/4/27 15:52,今年是江西大、火、之年[表面呲牙],1
2024/4/27 15:52,我楼下有人在下面的储物间充电，我打举报电话了，屁用没有[翻白眼]。,1
2024/4/27 15:52,@猫当劳??,0
2024/4/27 15:52,1楼也跑不掉啊,1
2024/4/27 15:52,叫新能源，不是电动车,0
2024/4/27 15:52,一楼居然3死2伤，这得存在多大的消防安全隐患？,0
2024/4/27 15:52,[赞][赞][赞],0
2024/4/27 15:52,一定要禁止电动车！,1
2024/4/27 15:52,这是电动车啊,0
2024/4/27 15:52,电动车要背锅了,0
2024/4/27 15:52,你怎么不说说高楼呢[捂脸],0
2024/4/27 15:52,支持国家规定电瓶车不能自己充电,0
2024/4/27 15:52,"这就是住楼房的危害，人员太密集的坏处，
所以农村人才不愿意去住高楼",1
2024/4/27 15:52,又是电瓶车没有后悔药,0
2024/4/27 15:52,可以充电车,0
2024/4/27 15:52,她拿的电瓶,0
2024/4/27 15:52,[感谢][感谢][感谢],0
2024/4/27 15:53,为什么会发生火灾？,0
2024/4/27 15:53,咋还有个非洲友人啊[流泪],1
2024/4/27 15:53,怎么又是南昌[流泪],1
2024/4/27 15:53,前段时间好多人在说不买高层，火灾跑不了什么的，自己买的低层优越感爆棚。现在知道吧，一楼也火灾来了也跑不掉，有时候真的就是命,0
2024/4/27 15:53,这个人是被熏黑的吧？看着没烧伤,1
2024/4/27 15:53,又是电瓶车,0
2024/4/27 15:53,一楼就跑不出来吗？[看],0
2024/4/27 15:53,[泣不成声][泣不成声][泣不成声],0
2024/4/27 15:53,一个老小区没有地下室,0
2024/4/27 15:53,火灾来了不要管受不受伤，第一要务是逃生，宁可受伤也要逃生,0
2024/4/27 15:53,@卖吊扇的小火柴 全身烧黑好难活[捂脸],1
2024/4/27 15:53,又要拆防盗窗了[捂脸][捂脸],0
2024/4/27 15:53,[感谢][感谢],0
2024/4/27 15:53,住楼房那么好吗,0
2024/4/27 15:53,有没有可能是电动车,0
2024/4/27 15:53,[感谢][感谢][感谢]可惜三个，今天[流泪][流泪][流泪][感谢][感谢][感谢],0
2024/4/27 15:53,都看着。灭火器没有嘛。[微笑][微笑],0
2024/4/27 15:53,烧伤是比较费钱的，恢复还慢[泣不成声],0
2024/4/27 15:53,我老是见把电车推屋里的,1
2024/4/27 15:53,九成九电动车自然,1
2024/4/27 15:53,[感谢][感谢][感谢],0
2024/4/27 15:53,别说的这么绝对，还每个小区，你来我们这小区看看，10个小区有不了一个。,1
2024/4/27 15:53,原来看到火灾都说不敢买高层，现在一楼都没逃出来，乍搞,1
2024/4/27 15:53,这个小区物业根本不管事 小区里面汽车也是乱停 人行道草坪 只要能停得下的地方都可以停 垃圾小区,1
2024/4/27 15:53,@Slow fever,0
2024/4/27 15:53,那是薰黑。不是烧黑！,1
2024/4/27 15:53,火眼金星都练成了,0
2024/4/27 15:54,一楼火灾也这么严重,1
2024/4/27 15:54,好像又是电瓶车充电。,0
2024/4/27 15:54,我小区经常把电瓶车弄上去充电16楼[微笑]我住17顶楼着火我都逃不了,1
2024/4/27 15:54,[感谢][感谢][感谢],0
2024/4/27 15:54,38万彩礼都没消防防火设施吗[抠鼻],1
2024/4/27 15:54,江西咋了,0
2024/4/27 15:54,猜测电动车放一楼门口，电池着了。出不来。,0
2024/4/27 15:54,看不懂，1楼发生火灾为什么会有这么严重的后果,0
2024/4/27 15:54,还是乡下房子好……,0
2024/4/27 15:54,安就少一条活路，不安就多一条死路，太难了,0
2024/4/27 15:54,不会又是电瓶车充电吧,0
2024/4/27 15:54,是的，典型的电动车放楼道里充电，起火了堵住出口无法逃出[捂脸],0
2024/4/27 15:54,一楼都能死三，是吃了过量安眠药睡下了吗？,1
2024/4/27 15:54,什么东西着火，是电瓶车吗,0
2024/4/27 15:54,@??月亮总会围着地球转??（奶爸版）,0
2024/4/27 15:54,我家楼地下室着火，1-7层楼道啥都看不见 全是黑烟[衰],0
2024/4/27 15:54,只要全天下的小偷，抓住直接枪毙，根本就不需要防盗窗,1
2024/4/27 15:54,[感谢],0
2024/4/27 15:54,景德镇市的景城名郡上个月楼都炸了,1
2024/4/27 15:54,景城名郡电动车都推家门口拉电线充电，早晚出事,1
2024/4/27 15:54,开门就是电梯，多方便,0
2024/4/27 15:54,小编的制作少不了配歌，乱七八糟的效果太差了！,1
2024/4/27 15:54,[捂脸]全国都是本命年渡劫呗,0
2024/4/27 15:54,我买的密码锁  输密码就打开,0
2024/4/27 15:54,1楼，都没跑掉。。。。。,0
2024/4/27 15:55,@一骑绝尘,0
2024/4/27 15:55,[感谢][感谢][感谢][感谢][感谢][感谢][感谢][感谢],0
2024/4/27 15:55,1楼怎么会被烧死[灵机一动],1
2024/4/27 15:55,[尬笑]只能拍照  告诉物业看物业管不管了,0
2024/4/27 15:55,电动车害死人，到处摆放,1
2024/4/27 15:55,以后地下室都是电车一但起火，也是非常恐怖的。,0
2024/4/27 15:55,关键是防盗窗可以防盗啊，只能每个家庭必备一个切割机,1
2024/4/27 15:55,这就是未来密集小区的坏处，唉,0
2024/4/27 15:55,1楼二楼防盗窗焊接得牢笼一样，你怎么出去[流泪][流泪][流泪],0
2024/4/27 15:55,@喜欢楼道充电的，你们怕了吗[大笑],1
2024/4/27 15:55,是不是电动车起火。,0
2024/4/27 15:55,@H u u u u u.,0
2024/4/27 15:55,有空拍没一个人泼一瓢水的,1
2024/4/27 15:55,[感谢][感谢][感谢],0
2024/4/27 15:55,30年前的商品房，防盗窗也有逃生窗吧！！！！而且防盗窗，防的是小孩,0
2024/4/27 15:55,[笑哭][笑哭],0
2024/4/27 15:55,[比心][比心][比心],0
2024/4/27 15:55,建议小区房每层四周建个阳台,0
2024/4/27 15:55,好像高层的逃生窗有用似的。,0
2024/4/27 15:55,关键时刻用切割机救生绳逃生,0
2024/4/27 15:55,锂电池电动车充电[酷拽],0
2024/4/27 15:55,不装防盗网，家里有孩子的怎么办？,0
2024/4/27 15:56,人生无常啊,0
2024/4/27 15:56,主小区总有不自觉在楼里放电瓶车，有啥办法[捂脸],0
2024/4/27 15:56,[泪奔]处处是矛盾啊,0
2024/4/27 15:56,[捂脸][捂脸][捂脸],0
2024/4/27 15:56,还是瓦房好前后都可以出入,0
2024/4/27 15:56,我也很想知道原因,0
2024/4/27 15:56,白天一楼着火能烧死仨？我家就一楼，着火我敢肯定能把我儿子整出去。,0
2024/4/27 15:56,[快哭了][快哭了][快哭了][感谢][感谢][感谢],0
2024/4/27 15:56,每一个窗户都要留一个小逃生窗,0
2024/4/27 15:56,一看就是电动车着火，[发呆][发呆][发呆],0
2024/4/27 15:56,@没关系啊,0
2024/4/27 15:56,电瓶车只是单项烧伤的，不可能全身烧伤，就是液化石油气爆炸全身烧伤的，基本上给钱医院也救不活了，害死多少个家庭，肯定要借钱背债，保佑保佑[感谢][感谢][感谢],0
2024/4/27 15:56,[看][看]飞线充电，防盗窗没逃生功能,0
2024/4/27 15:56,电动车堵在楼道口了,0
2024/4/27 15:56,一楼烧了，怎么都没跑出来！可惜,0
2024/4/27 15:56,电动车晚上一定不能充电。,0
2024/4/27 15:56,1楼,0
2024/4/27 15:56,那个女的被火烧的心都死了！所以他要上去！我怕他想不开呀,0
2024/4/27 15:56,我说从里面可以打开，外面打不开！,0
2024/4/27 15:56,一楼跑不掉？？,1
2024/4/27 15:56,江西招谁惹谁了 最近这么多天灾人祸[泣不成声][泣不成声][泣不成声],0
2024/4/27 15:56,应该禁止生产锂电池电动车,0
2024/4/27 15:56,小电驴有 铅酸蓄电池的  和 锂电池的，铅酸蓄电池是稀硫酸作为电解液不会着火，锂是一种非常活泼的金属 遇到空气和水都会产生剧烈的化学反应，所以锂电池着火是扑不灭的 只能等着烧完。    符合规定的锂电车自燃的概率很低， 很多着火的是改装锂电池，改装真的很危险。尤其是铅酸蓄电池改锂电池的 改总有一天会着火。,0
2024/4/27 15:56,1楼[尬笑]。,0
2024/4/27 15:56,电动车不管制 这种事情还要发生,1
2024/4/27 15:57,我强烈要求拆掉防盗网,1
2024/4/27 15:57,一般又是电动车惹的祸[发怒],1
2024/4/27 15:57,防的不是小偷，是小孩在阳台玩，防掉落的，防君子不防小人,0
2024/4/27 15:57,感觉是电动车充电,0
2024/4/27 15:57,"电瓶车，充电小车，
真的是危险无处不在，
尤其是夏天快到了！",0
2024/4/27 15:57,你没经历过，年前我家楼下一楼失火，楼上烟雾往家里窜，打开门更不得了，那个烟雾根本让你什么都看不见，火灾很多都是被烟雾呛死的，完全无法呼吸。。,0
2024/4/27 15:57,既然电瓶车不安全天天抓安全为什么不把电瓶车搞安全了再卖不能理解啊,0
2024/4/27 15:57,[感谢][感谢][感谢],0
2024/4/27 15:57,我家全部都留了逃生窗,0
2024/4/27 15:57,我是一个在四川宜宾做腊肉生产的农村人，真诚寻找批发，零售，代加工合作，抖音达人带货！希望有幸认识你，若有打扰请见谅！感激不尽！,0
2024/4/27 15:57,一楼怎么还不能跑,1
2024/4/27 15:57,电动车着火,0
2024/4/27 15:57,又是电瓶？,0
2024/4/27 15:57,1楼。？,0
2024/4/27 15:57,出了事，紧几天，再出事，再紧几天，如此循环反复,0
2024/4/27 15:57,哪个小区,0
2024/4/27 15:57,“又是哪个电动车??着火了??[灵机一动][灵机一动][灵机一动]”,1
2024/4/27 15:57,你不投诉物业后期自己倒霉,1
2024/4/27 15:57,@徐摆摆??,0
2024/4/27 15:57,我家住2楼，发生火灾直接跳,1
2024/4/27 15:57,又是电动车充电？,0
2024/4/27 15:57,"现在的防盗窗多数都是放东西用的，
我家库上一层没安防盗窗，安的防盗纱窗，刀割不开",0
2024/4/27 15:57,为什么火着人在那里会不发现吗？,0
2024/4/27 15:57,还不管物业？！今年多少起了？呵呵……,1
2024/4/27 15:57,这人烧成这样，熄火了。,1
2024/4/27 15:57,嗯嗯,0
2024/4/27 15:57,可能是彩礼太高引发的火灾,1
2024/4/27 15:57,家里没什么值钱的东西。我们的钱在银行,0
2024/4/27 15:57,好惨啊,0
2024/4/27 15:57,被烧成这样，活下来就是运气。接下来就是终身痛苦,1
2024/4/27 15:57,我看楼道停的电瓶车,0
2024/4/27 15:57,为什么不跑入卫生间……,0
2024/4/27 15:57,一楼都跑不出来,1
2024/4/27 15:57,一开始还以为是白玲，结果是悲剧,1
2024/4/27 15:58,1楼着火？,0
2024/4/27 15:58,火灾 时候衣服一定要脱掉 [流泪] 一定 现在衣服百分之70都是塑料 融化在身上会加重[流泪],0
2024/4/27 15:58,为国效力了，捐躯，,0
2024/4/27 15:58,一楼有,0
2024/4/27 15:58,有的人乱扔烟头，我都怕把到时候把停楼下的电瓶车引燃了造成火灾[尬笑]，小区群消息里就有一个吐槽烟头把电瓶车挡风棉烫了个窟窿的，关键也没引起人重视，都觉得事不关己高高挂起,0
2024/4/27 15:58,嗯嗯挺好的,0
2024/4/27 15:58,这是薰黑 运气好[感谢][感谢][感谢],0
2024/4/27 15:58,这个应该是被烟熏黑的！要是被烧黑的，发型不应该这样的！,0
2024/4/27 15:58,一楼也靠不住了吗？[快哭了],0
2024/4/27 15:58,取缔电动车,1
2024/4/27 15:58,和电瓶车有关系吗？,0
2024/4/27 15:58,象湖,0
2024/4/27 15:58,一楼为什么跑不出来[感谢][感谢],0
2024/4/27 15:58,以后电动自行车电池进楼，引起火灾，物业经理承担法律责任，就好了,1
2024/4/27 15:58,打电话给街道他们就处理了,0
2024/4/27 15:58,一般就是慌了，不然一楼憋口气就跑出来了,0
2024/4/27 15:58,电动车过量充电,0
2024/4/27 15:58,一楼？,0
2024/4/27 15:58,[感谢][感谢][感谢],0
2024/4/27 15:58,国外电动车,0
2024/4/27 15:58,费劲了,0
2024/4/27 15:58,1楼怎么会,0
2024/4/27 15:58,估计防盗窗没留逃生口[感谢][感谢][感谢],0
2024/4/27 15:58,[感谢][感谢][感谢][感谢][感谢],0
2024/4/27 15:58,南昌最近意外多了点[流泪],0
2024/4/27 15:58,怎么这么多灾害？,0
2024/4/27 15:59,怎么又是江西,1
2024/4/27 15:59,报警,1
2024/4/27 15:59,太恐怖。死者自己都没想明白，这辈子既然死于火灾里……,1
2024/4/27 15:59,确实，这是一楼，防盗窗误了事吗？,0
2024/4/27 15:59,1楼怎么还跑不出,1
2024/4/27 15:59,绝对是电瓶车拉到家里充电,0
2024/4/27 15:59,不能儿戏哦,0
2024/4/27 15:59,住一楼发生火灾都不能及时逃出来吗，火灾真是太可怕了,0
2024/4/27 15:59,昨天晚上我们小区电动车充电着火，消防检查都指出来问题了，飞线充电，入户充电！有什么用，物业也不管,1
2024/4/27 15:59,找物业,0
2024/4/27 15:59,一楼[发呆],0
2024/4/27 15:59,[感谢][感谢][感谢],0
2024/4/27 15:59,江西最近怎么啦[感谢][感谢][感谢],0
2024/4/27 15:59,@哆rui咪,0
2024/4/27 15:59,电动车不允许上楼，死活不听，当然也没有普及楼下充电棚[呆无辜]，有了充电棚呢，管理措施又不行，导致成了停车棚,0
2024/4/27 15:59,着火伤亡的都是小区,1
2024/4/27 15:59,我们小区电动车都进不了电梯，就是推进去也关不上门,0
2024/4/27 15:59,[看]这是烧吗。这是被熏黑了,1
2024/4/27 15:59,烧黑了的也悬，烧伤是最吓人的,0
2024/4/27 15:59,[感谢][感谢][感谢][流泪][流泪][流泪],0
2024/4/27 15:59,[震惊],0
2024/4/27 16:00,[衰][衰][衰],1
2024/4/27 16:00,大面积烧伤，基本难治,1
2024/4/27 16:00,江西这段时间都挺??的,0
2024/4/27 16:00,电动车为什么不能放墙背部,0
2024/4/27 16:00,在不禁锂电 以后还会有更多伤亡,1
2024/4/27 16:00,所以不能买高层,0
2024/4/27 16:00,想到燃气,0
2024/4/27 16:00,电瓶车天天往家里停,0
2024/4/27 16:00,烧成这样已经完啦   当,1
2024/4/27 16:00,感觉无望的在走着,0
2024/4/27 16:00,又是江西,1
2024/4/27 16:00,都是电瓶车着火呀，这伙人都说不听呐。还把电瓶车搞到楼里去充电，牛逼。,1
2024/4/27 16:00,[感谢][感谢][感谢],0
2024/4/27 16:00,整天发生火灾，国家都不重视，把这些防火知识。深入到各家各户，应该怎么防火？,0
2024/4/27 16:00,又是电动自行车吗？是真的这样电动自行车主应该负全责,1
2024/4/27 16:00,就我们隔壁小区，我自己小区前段时间也着火了，我自己单元，大晚上带着孩子逃出来，腿都吓软了,0
2024/4/27 16:00,电动车放在里面,0
2024/4/27 16:00,要采取安全措施,0
2024/4/27 16:00,大概率电瓶车问题,0
2024/4/27 16:01,那么好的小区，没有消防栓吗，重罚物业,0
2024/4/27 16:01,一楼啊阳台不会跳窗么难道是睡的太死。,1
2024/4/27 16:01,烧伤面积太大活着也很痛苦的,1
2024/4/27 16:01,搞不懂就算楼梯着火也不应该会烧上去！除非楼梯都放了易燃物,0
2024/4/27 16:01,对的新国标天天充电啊,0
2024/4/27 16:01,还有电线老化,0
2024/4/27 16:01,我们小区都有逃生窗，但是是不是还应该发明逃生绳或者逃生爬梯，要不高层跳下去不照样得死,0
2024/4/27 16:01,是不是燃气？,0
2024/4/27 16:01,房子看起来挺高端,0
2024/4/27 16:01,物业不会打开消防器材灭火吗,0
2024/4/27 16:01,南无本师释迦牟尼佛[感谢][感谢][感谢]南无阿弥陀佛[感谢][感谢][感谢]南无大悲观世音菩萨[感谢][感谢][感谢],0
2024/4/27 16:01,[微笑] 开放摩托车 就好了[看] 何必这样 你觉得可能吗？[呆无辜] 能从根本去处理问题吗[躺平][微笑] 你们就想 搞死人[呆无辜],1
2024/4/27 16:01,功德无量[赞],0
2024/4/27 16:01,江西怎么了[逞强落泪],0
2024/4/27 16:01,我的妈呀[感谢][感谢][感谢],0
2024/4/27 16:01,我自私自利的人我隔壁就是这样我跟房东说了，现在我们看见对方都不说话,1
2024/4/27 16:01,惨不忍睹,1
2024/4/27 16:01,我这边也是这样充电的，跟物业提了N遍都没人管，说是那样设计的,0
2024/4/27 16:01,生不如死,1
2024/4/27 16:01,一楼？？？？,0
2024/4/27 16:01,电动车是不让进楼，都堆在单元门口了……前两天物业还做调查，要弄充电站，堵着门熏腊肉呗！[抠鼻][赞],1
2024/4/27 16:01,小区物业全责，通道里能放电瓶车吗,0
2024/4/27 16:01,肯定是锂电池电动车，10秒就要你命,1
2024/4/27 16:01,目测又是电瓶车，，,0
2024/4/27 16:01,@芋圓子_,0
2024/4/27 16:01,基本没救了，,1
2024/4/27 16:01,无论怎么死法都不要怪任何人任何事，你要知道 你的命就是如此,1
2024/4/27 16:01,好像看到电瓶车了[九转大肠],0
2024/4/27 16:01,一楼都跑不掉，要是高层不是死的更快？,1
2024/4/27 16:01,以后高层建筑线路老化火灾会更多,0
2024/4/27 16:01,3人是大人还是孩子？[恐惧],1
2024/4/27 16:02,我就羡慕住楼房的,0
2024/4/27 16:02,楼道里完全不能放电瓶车,0
2024/4/27 16:02,还是住平房好,0
2024/4/27 16:02,什么原因[泣不成声],0
2024/4/27 16:02,这就是是买商品房的好处，,0
2024/4/27 16:02,我不太懂，电动车不都是锂电池吗,0
2024/4/27 16:02,新能源汽车和这个电瓶车是一个原理，还会出大事故,1
2024/4/27 16:02,一楼啊，咋个都没跑出去啊,1
2024/4/27 16:02,烧成这样。生不如死,1
2024/4/27 16:02,[感谢][感谢][感谢]远离一切苦难,0
2024/4/27 16:02,哎，三个人，这害到几户人家？还好周六孩子们不上课，要不受伤更多,0
2024/4/27 16:02,觉得现在社会好像用不着这个防盗窗啊 入户偷东西很少了吧  而且现在都不用现钱了,0
2024/4/27 16:02,不会又是电瓶车吧,1
2024/4/27 16:02,怎么都是江西,1
2024/4/27 16:02,[感谢][感谢][感谢],0
2024/4/27 16:02,又是一楼充电着火吧,1
2024/4/27 16:02,请注明，是锂电电动车,0
2024/4/27 16:02,看这样子，刚好是一楼啊。,0
2024/4/27 16:02,没有厕所吗 ，把水龙头打开，打电话也来的急呀，,1
2024/4/27 16:02,又是电瓶车推进去充电。猜,1
2024/4/27 16:02,电动车呀，想都不用想。,0
2024/4/27 16:02,@铁馆子 @谈先生丶,0
2024/4/27 16:02,1楼？这么严重？,0
2024/4/27 16:02,家里还是要备防毒面具逃生用[泣不成声],0
2024/4/27 16:02,5.6月份越来越热，别喷我，后期基本过不了，感染,1
2024/4/27 16:02,[666][666][666],0
2024/4/27 16:02,阿弥陀佛[感谢],0
2024/4/27 16:03,"就是锂电池的不稳定性，
国内太多小作坊生产的锂电池了",0
2024/4/27 16:03,水火无情 得多疼啊,0
2024/4/27 16:03,新能源！没事！省油,0
2024/4/27 16:03,不要钱免费植皮吗[捂脸],1
2024/4/27 16:03,我的天呢,0
2024/4/27 16:03,至少99、正常火我很好奇每次人为什么出不来，在家肯定被发现，不会这么大,1
2024/4/27 16:03,看来不但会游泳，还得学会逃生,0
2024/4/27 16:03,[感谢][感谢][感谢],0
2024/4/27 16:03,[感谢],0
2024/4/27 16:03,现在不说高层了？,1
2024/4/27 16:03,一楼的话，发现马上应该可以逃掉,0
2024/4/27 16:03,估计防盗窗封住了,0
2024/4/27 16:03,如果出现火灾类的事故，防盗窗堵住了最后一点生的希望。,0
2024/4/27 16:03,又是电瓶车惹的？,0
2024/4/27 16:03,走好,0
2024/4/27 16:03,防盗窗害死人,0
2024/4/27 16:03,皮肤是最大的免疫器官，大面积烧伤引发的后期感染跟普通的感染多发性质完全不同，基本上～～～,0
2024/4/27 16:03,还是我们这种有消防连廊的高层房子好一些，一栋楼发生火灾，可以从另外一个楼下去[感谢]希望大家都平平安安[感谢],0
2024/4/27 16:03,你以为在美国啊,1
2024/4/27 16:03,[感谢][感谢][感谢][感谢][感谢][感谢][感谢],0
2024/4/27 16:03,应该禁止锂电池，发生火灾的都是锂电池,1
2024/4/27 16:03,一楼都跑不了,1
2024/4/27 16:03,高层真的是未来贫民窟,1
2024/4/27 16:03,看视频就是一辆电动车，还有挡风被了,0
2024/4/27 16:03,小区消防管里面平时没有水，着火了有水没,0
2024/4/27 16:03,这个小区物业不行,1
2024/4/27 16:03,小事情[赞]随缘,0
2024/4/27 16:03,所以乱停电动车的小区不要买，,0
2024/4/27 16:03,最近南昌老是上新闻,0
2024/4/27 16:03,就是电动车,0
2024/4/27 16:03,电动车进楼道管理太不严格，不用和我说没地方充电，没地方充电你就不该买电动车，这不害人吗,1
2024/4/27 16:03,这就是三十元还贷的房子,0
2024/4/27 16:04,现在不管哪里，基本都是楼下放电动车的，相当于每天都是在定时炸弹的上面住着[感谢][感谢][感谢][感谢],1
2024/4/27 16:04,是不是电瓶车着了[尬笑],0
2024/4/27 16:04,电瓶车不要放到楼道里,0
2024/4/27 16:04,前些年小区物业没盖车棚的时候，住户都推着电动车进电梯，我从来不敢一块上去，那玩意着了，电梯里一个都跑不了。,0
2024/4/27 16:04,咋一楼还会烧死3人啊？,1
2024/4/27 16:04,我们楼道一楼有一辆电动车,0
2024/4/27 16:04,你们又觉得自己行了？？,1
2024/4/27 16:04,警情通报：4月27日7时20分，南昌县景城名郡23栋2单元一楼，电动车楼道充电引发火灾，南昌是消防救援大队立即调派2个消防救援站，4辆消防车，26名消防救援人员赶赴现场扑救，7时43分现场明火被扑灭，火灾导致3人死亡，2人受伤！,0
2024/4/27 16:04,好惨,0
2024/4/27 16:04,@Tamato?? @柒桉?? @搁浅 @世上的H先生。,0
2024/4/27 16:04,小区按防盗窗说明啥问题？电瓶车放楼梯口，还有弄到楼上充电的,0
2024/4/27 16:04,[感谢][感谢][感谢],0
2024/4/27 16:04,@木头马尾mua??_???,0
2024/4/27 16:04,这样活不了了，,1
2024/4/27 16:04,现在的小区大门是门禁，电梯口还有门禁，发生火灾门都打不开[发怒],1
2024/4/27 16:04,大概率是电瓶车起火，有灭火器都不一定能灭,0
2024/4/27 16:04,还是农村自家房子好,0
2024/4/27 16:04,我这的小区啊[惊恐],0
2024/4/27 16:04,建议大家家里备一点防火面罩,0
2024/4/27 16:04,一楼怎么会被烧死，很好逃生啊。,1
2024/4/27 16:04,如果一楼楼梯下起火，二楼的是往上面跑还是往下面冲好点,0
2024/4/27 16:05,熏黑的,1
2024/4/27 16:05,新国标真的有意义吗？用铅酸电池哪会那么容易起火,0
2024/4/27 16:05,我家防盗网锁把都生锈了,0
2024/4/27 16:05,为什么就是不改呢？看见谁把电车推进入户门直接制止，不要觉得伤和气，还有地下停车场那些电车，哪天自燃了怎么办？[捂脸],0
2024/4/27 16:05,[感谢][感谢][感谢],0
2024/4/27 16:05,我们单元有人把电动车推到自己家门口[泣不成声],0
2024/4/27 16:05,我家做的防盗网都留了逃生窗,0
2024/4/27 16:05,1楼怎么会跑不出来,0
2024/4/27 16:05,一楼火灾为什么没逃出来？,0
2024/4/27 16:05,[流泪][偷笑]88）,0
2024/4/27 16:05,祝众生平安不是这里受灾就是那里战争祝天下太平,0
2024/4/27 16:05,没有门口吗？干嘛非得往窗外跑。,0
2024/4/27 16:05,[石化],0
2024/4/27 16:05,都跟电有关，别用电了干脆,1
2024/4/27 16:05,又是电瓶车,0
2024/4/27 16:05,@一个哒布刘~,0
2024/4/27 16:05,一楼也没逃出来吗？,1
2024/4/27 16:05,太惨了,0
2024/4/27 16:05,电瓶车,0
2024/4/27 16:05,电动车千万千万不要放楼梯口,0
2024/4/27 16:05,我要回农村盖房！如果是电瓶车惹的祸，请国家取缔生产电瓶车！或者住高楼的不允许买电瓶车！,1
2024/4/27 16:05,国泰民安,0
2024/4/27 16:05,门开不开  窗户封死,1
2024/4/27 16:05,住楼房真好是吗,0
2024/4/27 16:05,在高层的家家户户备几个防毒面具不就好了,1
2024/4/27 16:05,冲出门口需要几秒？,0
2024/4/27 16:05,他们住的哪儿是一楼，那叫笼子…,1
2024/4/27 16:05,我们这已经不能阳台装了。有些规定去遵守可能危险时候能救命。,0
2024/4/27 16:06,@南昌铂睿门窗,0
2024/4/27 16:06,这是哪里？,0
2024/4/27 16:06,电动车危险国家就不应该出这种车，买了又没地方充电,1
2024/4/27 16:06,又是电瓶车,0
2024/4/27 16:06,举报有毛线用，直接把他充电器剪短,1
2024/4/27 16:06,电瓶车起火吗？我好像看到楼道里停了电瓶车,0
2024/4/27 16:06,[感谢],0
2024/4/27 16:06,一楼都跑不出来，瞬间得多大火呀,1
2024/4/27 16:06,好像又是电动车,0
2024/4/27 16:06,你们是不是不做逃生窗的？？,1
2024/4/27 16:06,难听一句，如果重度烧伤宁可场死可能都没日后痛苦！再有钱也是受罪,1
2024/4/27 16:06,电瓶车是不是新能源,0
2024/4/27 16:06,一楼烧这样？,1
2024/4/27 16:06,只能通过省外媒体看本省的消息了[捂脸],0
2024/4/27 16:06,估计都是电动车充电发生的火灾,0
2024/4/27 16:06,一楼着火等于堵住了门，楼上邻居怎么往下跑啊,0
2024/4/27 16:06,这个问题，小区物业管赔吗,0
2024/4/27 16:06,放置电动车导致着火 [看][看][看][感谢][感谢][感谢],0
2024/4/27 16:06,但凡物业给力点有个电瓶车充电桩就会避免很多的火灾，唉,0
2024/4/27 16:06,美国什么样我还真不知道，我们内蒙古别说确实很安全的，你觉得防盗窗很必要就按你的防盗窗，不用在这儿阴阳怪气。,1
2024/4/27 16:06,基本完活,0
2024/4/27 16:06,呼吸道感染最难抗过去。,0
2024/4/27 16:06,电动车真安全、摩托车真危险,0
2024/4/27 16:06,我家一楼就没装防盗窗，除了家电又没有现金，金银首饰买个小保险柜镶墙上那种隐藏起来就行了。,0
2024/4/27 16:06,都是电车入户,1
2024/4/27 16:06,管管锂电池吧，还是换回铅酸电池吧，别再让自燃发生那么多[捂脸],0
2024/4/27 16:06,又是防盗窗[耶]，家里有啥宝贝,0
2024/4/27 16:07,你是真没见过火灾现场内部，说白了就算楼道里没火，你可以憋一口气闭着眼睛从你家跑到楼外面就算你有活命的机会，否则你大概率是跑不出去的,0
2024/4/27 16:07,[感谢],0
2024/4/27 16:07,又是电瓶车,0
2024/4/27 16:07,一楼跑不出去么？什么情况,1
2024/4/27 16:07,一楼都跑不出来吗？,1
2024/4/27 16:07,看来电动车 成了定时炸弹了可拍啊,1
2024/4/27 16:07,一楼都跑不出去,1
2024/4/27 16:07,[感谢][感谢][感谢][感谢][感谢][感谢],0
2024/4/27 16:07,永远都是电动车,0
2024/4/27 16:07,前一阵南京电动车充电不也着火，那事多惨,0
2024/4/27 16:07,绝对电瓶车充电,0
2024/4/27 16:07,跟物业投诉他啊，要命啊。,0
2024/4/27 16:07,又要开始一轮防火大检查了,0
2024/4/27 16:07,防盗网，都会搞个救生窗的[泣不成声],0
2024/4/27 16:07,这种事情当事人根本没有一点安全意识。南京的事情才过去几天 我们小区楼道里照样停的电动车 大妈照样把车推上楼,1
2024/4/27 16:07,这个一楼不简单,0
2024/4/27 16:07,消防连廊的重要性！！！,0
2024/4/27 16:07,我们小区是新小区，而且单元门口前有一片空地，小区也规划了非机动车地下停车场，还不是有很多人照样停门口，下雨的时候更是直接给无障碍通道赌死。,0
2024/4/27 16:07,这是电动车自燃了,0
2024/4/27 16:07,老天爷睁眼处处危险注意安全,0
2024/4/27 16:07,现爱防盗窗真不是防小偷啊，主要是孩子,0
2024/4/27 16:07,起火第一时间弄湿东西唔嘴 别进嗓子,0
2024/4/27 16:07,住高楼我感觉也得备两个灭火器喷着下楼,0
2024/4/27 16:07,江西南昌到底怎么，最近抖音刷到的信息特多，提灯看房，某酒店小日子优先,0
2024/4/27 16:07,都是买楼惹的祸,0
2024/4/27 16:07,这个楼房是多层还是高层,0
2024/4/27 16:07,那个电动车??是真耀眼啊,0
2024/4/27 16:07,美国基本都没防盗窗，我国一楼基本都有防盗窗,0
2024/4/27 16:07,日本人优先嘛,1
2024/4/27 16:07,基本要在病房度过了，以前在医院看到烧伤病人缠着纱布在医院度过,0
2024/4/27 16:07,消防队入编了,0
2024/4/27 16:07,不让推电瓶车不让推，事教人最直接,1
2024/4/27 16:07,一楼,0
2024/4/27 16:07,@南茉,0
2024/4/27 16:07,建议取消电动车，把自行车搞上来[捂脸][捂脸][捂脸],0
2024/4/27 16:07,江西火呀，大火。啥事都能出江西,1
2024/4/27 16:07,我们小区楼道也很多电瓶车，物业也管不住,0
2024/4/27 16:07,一楼，20来分钟就死了三个。这,1
2024/4/27 16:07,都是烟，不采取措施。一分钟能把人熏晕，四分钟能把支气管堵死。六分钟能把人熏死。,1
2024/4/27 16:07,1楼，这么惨,0
2024/4/27 16:07,报警，找物业,1
2024/4/27 16:07,所以一楼楼道不准放东西，楼上人什么东西都放一楼，我们一楼两户出门都没有地方走了，果断报警，现在没人敢放,1
2024/4/27 16:08,江西咋么了,0
2024/4/27 16:08,哎[感谢],0
2024/4/27 16:08,会不会是电动车引起的[疑问],0
2024/4/27 16:08,越是一楼越不好桃火和烟是往上走,0
2024/4/27 16:08,投诉,1
2024/4/27 16:08,@忪 一打开就刷到,0
2024/4/27 16:08,那些该死的改装电瓶更危险！还有基础设施不到位，没有专用的充电设备也很危险,1
2024/4/27 16:08,这年头了还装防盗窗？[捂脸],0
2024/4/27 16:08,怎么一楼也烧死人[尬笑],1
2024/4/27 16:08,什么垃圾物业，居然让业主停车停里面啊[看],1
2024/4/27 16:08,[尬笑]我楼上的充电就是把线拉下来在单元门口充,0
2024/4/27 16:08,去看看上房顶平台通道是否通，物业不管可以报警处理。,0
2024/4/27 16:08,什么原因起的火？,0
2024/4/27 16:08,"这就是业主不听管教。
电动车还在楼道里面？",1
2024/4/27 16:08,楼房的好处，地震砸死，起火熏死，,1
2024/4/27 16:08,@god like girl @从心,0
2024/4/27 16:08,我是买了一把大力剪,0
2024/4/27 16:08,[微笑],0
2024/4/27 16:08,@别遇,0
2024/4/27 16:08,如果门口起火 出不去 门窗还有防盗网 简直就是噩梦,0
2024/4/27 16:08,一大早上就炸了，不能吃完午饭再炸么,0
2024/4/27 16:08,江西最近总是上头条新闻啊，到底哪个环节出了问题,0
2024/4/27 16:08,电瓶车停楼道太普遍了，说点难听的！不出事，谁都不会在意这方面，真是很无奈！,0
2024/4/27 16:08,我们小区楼下也是停好多电瓶车，反映给物业给我们的回答：他又没有在这里充电??。天呐??真的买在什么小区全是命。,1
2024/4/27 16:08,[感谢][感谢][感谢],0
2024/4/27 16:08,不怕感染也太夸张了[捂脸],0
2024/4/27 16:08,又是电动车充电？,0
2024/4/27 16:08,[看],0
2024/4/27 16:08,恐怖,1
2024/4/27 16:08,新能源起火，灭都灭不了,1
2024/4/27 16:08,今年的江西怎么啦,0
2024/4/27 16:08,希望是熏的,0
2024/4/27 16:08,一楼着火也跑不掉？二,1
2024/4/27 16:09,为什么电瓶车充电非得在楼道里？太危险了！,0
2024/4/27 16:09,[感谢][感谢][感谢],0
2024/4/27 16:09,@嗯,0
2024/4/27 16:09,天价彩礼的地方?,0
2024/4/27 16:09,我想知道那些不让自己建房子的！！！是不是想发生火灾！！和发生战争的时候集中一点！！！好让敌人不费炮弹点,1
2024/4/27 16:09,所以古人就云，水火无情。,0
2024/4/27 16:09,意外无处不在啊[感谢][感谢][感谢],0
2024/4/27 16:09,一楼烧死三个！！惊呆了,1
2024/4/27 16:09,火源是只字不提了,1
2024/4/27 16:09,人家自己跑出来的[捂脸],1
2024/4/27 16:09,为什么一楼着火都跑不掉？[赞],0
2024/4/27 16:09,吓死人,0
2024/4/27 16:09,一楼都出不来，到底是人慌了，还是直接没机会出来,1
2024/4/27 16:09,不出事谁都不会后悔的[捂脸][捂脸][捂脸][捂脸],0
2024/4/27 16:09,我妹楼下前天也烧了，电瓶车充电不拔时间长了烧了，打工者租的房子倾家荡产多赔不起,0
2024/4/27 16:09,门口那个是电瓶车吧,0
2024/4/27 16:09,居然不留逃生窗,1
2024/4/27 16:09,一楼都跑不出来？？？,1
2024/4/27 16:09,大概率又是新能源惹得祸,0
2024/4/27 16:09,[玫瑰][玫瑰][玫瑰][玫瑰][玫瑰][玫瑰][玫瑰][玫瑰][玫瑰],0
2024/4/27 16:09,怎么回事。一楼都会烧死人，高楼层起火跑不掉，怎么一楼也跑不掉人，奇怪了,0
2024/4/27 16:09,哇哦 今年火灾太多了 平时没事在家每个房间多备点水[抠鼻],0
2024/4/27 16:09,冷知识：发生火灾立即用湿毛巾捂住口鼻,0
2024/4/27 16:09,江西[绝望的凝视]是怎么了  一直有新闻热度,0
2024/4/27 16:09,物业社区该撤换了,0
2024/4/27 16:09,20年前电动车为什么不着火，现在是电池出问题了,0
2024/4/27 16:09,江西吗,0
2024/4/27 16:09,又是电瓶车,0
2024/4/27 16:09,又是电动车,0
2024/4/27 16:10,区嘛黑[捂脸],1
2024/4/27 16:10,我家二楼，绝不装防盗窗，只装了监控。,0
2024/4/27 16:10,@??,0
2024/4/27 16:10,江西今年事儿有点多啊，希望大家都平安[感谢],0
2024/4/27 16:10,装修太豪华了  像我那除了白墙和窗帘啥都没有的,0
2024/4/27 16:10,最近南昌咋老是出事儿！？.,1
2024/4/27 16:10,江西都是新闻多多,0
2024/4/27 16:10,@Ha！ @拉面不要面w,0
2024/4/27 16:10,老公在家否？,0
2024/4/27 16:10,电动自行车[感谢][感谢],0
2024/4/27 16:10,全面禁止电动车 开放自行车安全又舒适[捂脸][捂脸][捂脸],0
2024/4/27 16:10,跟管家说,0
2024/4/27 16:10,还是电瓶车,0
2024/4/27 16:10,住楼房多好！,0
2024/4/27 16:10,我们是陪读在学校附近租的房子，电瓶车三四个在一楼逃生出口充电，我都害怕不得了，准备到期搬走重新找一个,0
2024/4/27 16:10,我不能理解的是为什么1楼起火都会逃不出来[流泪][流泪]！,0
2024/4/27 16:10,@中国消防 为什么小区不能强制安装喷淋头，悲剧一再重演,0
2024/4/27 16:10,又是电动车,0
2024/4/27 16:10,顶楼怕什么，着火了直接上天台往旁边跑就是了,1
2024/4/27 16:10,电动车不让进楼也就是个口号,1
2024/4/27 16:10,都是锂电瓶惹的祸,0
2024/4/27 16:10,@海让我照顾鲸,0
2024/4/27 16:10,江西要上热搜,0
2024/4/27 16:10,就在我旁边的小区,0
2024/4/27 16:10,打110或119,0
2024/4/27 16:10,火灾大多数是被有毒气体呛死的，赶紧找个毛巾，衣服啥的沾湿了，捂住口鼻往外跑啊[流泪][流泪][流泪],0
2024/4/27 16:10,暂时活着，严重烧伤后期容易感染并发症，就看命和医疗费了，重庆第三军医大烧伤科不是一般人住得起的,1
2024/4/27 16:10,够呛了,1
2024/4/27 16:10,锂电池,0
2024/4/27 16:10,一定要用铅酸电池,0
2024/4/27 16:10,麻将馆吧,0
2024/4/27 16:10,记下门牌号110处理就行,1
2024/4/27 16:10,那么多人想入住高楼大厦，真的安全感吗？[泣不成声],0
2024/4/27 16:10,锂电池电动车的概率最大,0
2024/4/27 16:10,[感谢][感谢][感谢],0
2024/4/27 16:10,@无敌美少女 @南波兔007 @呼啦呼啦呼啦啦 @DDMM 一楼,0
2024/4/27 16:11,我们去年三月八号发生火灾烧伤四个人，另外一个人衣服烧的光光的 一件都没有，幸运的是他们都抢救过来了,0
2024/4/27 16:11,1楼着火都跑不出去？,1
2024/4/27 16:11,不会又是电瓶车进楼引起的吧？,0
2024/4/27 16:11,我们小区挖了一片绿化准备搭棚放电动车，就有个别住户在闹不让搭，说地下停车场多的是地方放电动车,0
2024/4/27 16:11,[赞][赞][赞],0
2024/4/27 16:11,又是电动车？,0
2024/4/27 16:11,以前的防盗窗都没留的 近几年才有留的好像吧应该,0
2024/4/27 16:11,通常是电动车，或者是电路,0
2024/4/27 16:11,记得拍摄时候开美颜，算了，全黑了,1
2024/4/27 16:11,烟太大的话，一呼吸，喉咙刘疼，呛晕了，经历过一次惊险，我才知道，那次我家的烟不算很大，就差点把我呛晕过去,0
2024/4/27 16:11,电动车 此刻就像 一个杀手还拿着滴血的刀站在那里,1
2024/4/27 16:11,[感谢][感谢][感谢],0
2024/4/27 16:11,这电动车车主完蛋了,1
2024/4/27 16:11,[感谢],0
2024/4/27 16:11,着火是一秒爆燃嘛，一点象征都没有嘛,0
2024/4/27 16:11,一楼着火跑不出基本是电动车快速爆燃,0
2024/4/27 16:11,应该配入火爆炸散开灭火装备,1
2024/4/27 16:11,一定是电瓶车,0
2024/4/27 16:11,也不知道为什么要住楼？跑都没法跑！,1
2024/4/27 16:11,@牛肉??,0
2024/4/27 16:11,[微笑],0
2024/4/27 16:11,楼道里的消防设施都是摆设吗？？？,0
2024/4/27 16:11,又是江西[捂脸][捂脸][捂脸],1
2024/4/27 16:11,你这关新国标什么事？电摩也有锂电啊[九转大肠],1
2024/4/27 16:11,一楼 电瓶车可能性很大,0
2024/4/27 16:11,[感谢][感谢][感谢]愿天下没有任何灾难,0
2024/4/27 16:11,这还活的了吗,1
2024/4/27 16:11,是的，治疗才是最麻烦的,0
2024/4/27 16:11,又是江西  今年都是江西的事,1
2024/4/27 16:11,管它几层，着火了首要首要首要首要赶紧打湿毛巾类捂住口鼻啊[看][看][看][看][看][看][看][看][看][看][看],0
2024/4/27 16:11,要是村里的平房就好了，除了腿脚不方便的真烧不死人,1
2024/4/27 16:11,更不能理解的是为什么电瓶容易起火 还要生产 ，更多的喜欢买,1
2024/4/27 16:11,你说不要把电动车停放在楼道里，有些人干脆电瓶放家里充电，反正你说什么，他就不听，就反驳你，只有出事情了，该就在哪里叫天喊地,1
2024/4/27 16:12,电动车根本不当回事，上楼的太多了,1
2024/4/27 16:12,停车场里面烧起来的好像,0
2024/4/27 16:12,啥情况啊，1层都难逃[抠鼻],0
2024/4/27 16:12,现在不是落地窗，砸窗户也能出去啊,1
2024/4/27 16:12,江西最近一直挺火啊[抠鼻],0
2024/4/27 16:12,又是电动车充电吗？,0
2024/4/27 16:12,那个叫新能源,0
2024/4/27 16:12,[感谢][感谢][感谢],0
2024/4/27 16:12,物业这时候死哪里去了啊,1
2024/4/27 16:12,好像个电瓶车[恐惧],1
2024/4/27 16:12,是的,0
2024/4/27 16:12,越来越多的火灾，其实农村一户一宅挺好的,0
2024/4/27 16:12,花大价的消防设施，怎么都没有用？,1
2024/4/27 16:12,估计又是电瓶车惹的祸,0
2024/4/27 16:12,南昌怎么了？,0
2024/4/27 16:12,总感觉是电瓶车起火导致的,0
2024/4/27 16:12,恐怖,1
2024/4/27 16:12,以前的老房子楼顶是通的还记得吗比如说你是一栋你可以跑上楼顶然后从2栋然后或者从3栋下楼。现在的好像不行了。,0
2024/4/27 16:12,电动车就不能上楼,1
2024/4/27 16:12,后面那个着火点是不是电动车？还真是头铁啊，还不信邪,1
2024/4/27 16:12,@wzbz @寡闻 @夏影,0
2024/4/27 16:12,楼里边 全是电动车  管道井里面 也算是纸箱??   咋弄啊 [赞],0
2024/4/27 16:12,这谁推进去的？？按危害公共安全最，造成严重后悔判吧！,1
2024/4/27 16:12,@??be number one 天哪[流泪][流泪],0
2024/4/27 16:12,哎大面积难啊[流泪],0
2024/4/27 16:12,这就是城里生活，农村有多少火灾？燃气爆炸,1
2024/4/27 16:12,老多不自觉的都把车子放在一楼,0
2024/4/27 16:12,为什么要买房，住乡下不好，,0
2024/4/27 16:12,那叫新能源，不是电动车,0
2024/4/27 16:12,家里准备点灭火器会不会好点[泣不成声],0
2024/4/27 16:12,万幸没有烧上去,0
2024/4/27 16:12,一楼怎么还这么大伤亡呢,1
2024/4/27 16:12,不同意别做逃生窗，会有别的意外发生，我们这里有两个小孩贪玩，从逃生窗爬出去摔死了，他家长之前打开过，后来忘记锁了……你如果固执的非要给人家留窗口，今后发生什么事你要承担连带责任,1
2024/4/27 16:12,活着那两也不一定哦，如果肺部感染那就不好说了,1
2024/4/27 16:12,现在地下停车场还能安装充电桩？,0
2024/4/27 16:12,1楼很难逃吗？还能死3人[不是吧],1
2024/4/27 16:12,买房有什么好，别人的不小心，能把你一辈子的辛苦买的房烧了,1
2024/4/27 16:13,现在就犹如丧s,1
2024/4/27 16:13,电车起火好像,0
2024/4/27 16:13,又是电动车,0
2024/4/27 16:13,好像去掉,1
2024/4/27 16:13,一楼啥情况没跑出来,0
2024/4/27 16:13,不会楼梯往上跑？[捂脸][捂脸][捂脸]哎,0
2024/4/27 16:13,@啦啦啦la 恐怖,1
2024/4/27 16:13,最讨厌债主穷把电瓶车骑进小区充电,1
2024/4/27 16:13,又是电瓶车,0
2024/4/27 16:13,家里有多大闭气都时间都能跑出来吧[灵机一动],0
2024/4/27 16:13,卫生间不能呆嘛？,0
2024/4/27 16:13,现在不怪楼层了,0
2024/4/27 16:13,电车自燃未必是电池起火，电车其他的带电件短路也自燃，最好别在高层里充电，浓烟没法跑,0
2024/4/27 16:13,[感谢],0
2024/4/27 16:13,可以报警.这个能处理。像楼上声音吵闹的，反而报警没办法,0
2024/4/27 16:13,还是发展自行车，取消电动车吧，电池不过关,0
2024/4/27 16:13,对?，铁笼子,1
2024/4/27 16:13,楼道着火，把门关死，窗户关死，大概率能保命,0
2024/4/27 16:13,百分之九十九的小区消防没水,0
2024/4/27 16:13,我门口要是有充电桩我也不拉线[看],0
2024/4/27 16:13,那是熏黑的，烧这样能走啊？,1
2024/4/27 16:13,1楼？,0
2024/4/27 16:13,二楼那个不会跳下来吗？顶多骨折,1
2024/4/27 16:13,一楼着火能烧死人，这真是,1
2024/4/27 16:13,[感谢][感谢][感谢],0
2024/4/27 16:13,你们不要乱黑新能源好吗！,1
2024/4/27 16:13,又是江西的故事,1
2024/4/27 16:13,很多人对火灾一点概念没有 电瓶车在电梯里自燃只需要吸入几口人就会窒息 然后活活被烧死[微笑] 所以那些图自己半夜家里充电便宜 图方便把车推家里的人 好好看看 很多老年人倚老卖老 物业管还要骂物业多管闲事 真的建议电瓶车入户纳入刑法[微笑],1
2024/4/27 16:13,江西今年好像很多是是非非,0
2024/4/27 16:13,你们这些人就喜欢瞎说,1
2024/4/27 16:13,好像又是电瓶车，起火,0
2024/4/27 16:13,[感谢][感谢][感谢][感谢][感谢],0
2024/4/27 16:13,怎么看见电瓶车的影子,0
2024/4/27 16:13,看着都痛苦[感谢][感谢][感谢][感谢][感谢][感谢][感谢],0
2024/4/27 16:13,几十块的灭火器，家里没有？两百块的遇火爆炸喷粉的灭火器买不起？？？？,1
2024/4/27 16:13,好惨啊[感谢][感谢][感谢],0
2024/4/27 16:13,谁把车推进去造成损失谁赔钱，没钱按损失判刑，明天挨家挨户通知没人敢推进楼道,1
2024/4/27 16:13,永远要穿纯棉衣物，如果是化纤的，一旦着火那就惨了,0
2024/4/27 16:14,一楼一般两个门，还带一个小院，我家都是，不可思议,0
2024/4/27 16:14,住一楼都会烧死，唉,1
2024/4/27 16:14,鸽子楼，往哪跑,1
2024/4/27 16:14,每个房间不是有窗户的吗[泣不成声][泣不成声][泣不成声],0
2024/4/27 16:14,电动车带走了多少人,1
2024/4/27 16:14,好像是电瓶车起火了,0
2024/4/27 16:14,真弄不懂。都是水泥砖头。到底是什么着火了。,0
2024/4/27 16:14,哎！人都烧黑了[感谢][感谢][感谢],1
2024/4/27 16:14,以后都是高楼小区，一旦起火都是致命的,0
2024/4/27 16:14,辛亏这女的家里应该没安防盗窗护栏。砸玻璃就逃出来了,1
2024/4/27 16:14,南昌嘛，呵呵，电动车进楼每个小区都有吧，屡禁不止，我也算是经常去南昌了，反正见了很多，,0
2024/4/27 16:14,看着好像是电动车起火,0
2024/4/27 16:14,烧得黢黑这小身条子还蛮正的。赶快去医院看看。,1
2024/4/27 16:14,门口全是电动车,0
2024/4/27 16:14,不是烧死的，是烟死的，所以只要有帕子捂住鼻子，从火中冲出来都不会被烧死，,0
2024/4/27 16:14,大城市开放摩托车，你是嫌不够堵吧？[看],1
2024/4/27 16:14,1楼才危险，火灾大部分都是高层被熏死,1
2024/4/27 16:14,又是电瓶车吗,0
2024/4/27 16:14,估计又是电动车  不让进楼 非进楼[发怒],1
2024/4/27 16:14,100%电动车楼道里充电了[九转大肠],1
2024/4/27 16:14,希望大家都平平安安，健健康康[流泪][流泪],0
2024/4/27 16:14,怎么不说制造电动车的制造商，,1
2024/4/27 16:14,我意思是普通老百姓家没有防盗窗也可以，偷盗很少了呀，偷自行车，偷手机的扒手这些几乎都没了，反而遇到火灾断了逃生路。,0
2024/4/27 16:15,我楼下天天把电车推进屋里充电，请问有没有好办法给想个办法之个招,0
2024/4/27 16:15,[666][666][666],0
2024/4/27 16:15,应该装防盗窗了，这责任还得归咎于小偷，如果没有小偷，就不会装防盗窗，没装防盗窗就可以跳窗出来，就不会3死2伤。严打小偷，人人有责,1
2024/4/27 16:15,都说了电动车不要放在出入口，不要放在出入口，不要放在出入口，害了别人也害了自己,0
2024/4/27 16:15,家里永远都有绳梯,1
2024/4/27 16:15,有防盗网么[捂脸],0
2024/4/27 16:15,今年怎么了啊？爆炸，火灾怎么回事啊？这几个月接连发生。,0
2024/4/27 16:15,不是下雨吗[尬笑],0
2024/4/27 16:15,现在没有几个小区消防栓有水的,0
2024/4/27 16:15,今年的江西特别厉害,0
2024/4/27 16:15,估计又是电瓶车充电引起,0
2024/4/27 16:15,江西最近的事有点多啊,0
2024/4/27 16:15,祝大家平安健康，不要再有这些意外了。,0
2024/4/27 16:15,阿弥陀佛[感谢],0
2024/4/27 16:15,保险公司理赔,0
2024/4/27 16:15,都说买1楼安全，火灾好逃生，这可是1楼哈,0
2024/4/27 16:15,唉，烧伤面积太大，没救了。,1
2024/4/27 16:15,恐怖，如果是电瓶车的话，我们小区都已经取消架空层充电了,0
2024/4/27 16:15,看其他的视频，就是电动车着火了，我上的人拉了线子，在下面充电,0
2024/4/27 16:15,[感谢][感谢],0
2024/4/27 16:15,愿人人平安[祈祷],0
2024/4/27 16:15,[哈欠],0
2024/4/27 16:15,感觉像是电瓶车造成的,0
2024/4/27 16:15,又是电瓶车充电？,0
2024/4/27 16:15,天天说防火，电瓶车不能进楼，有些人就是不听啊。,0
2024/4/27 16:15,安装的护网,0
2024/4/27 16:15,不会跑吗一楼呢,1
2024/4/27 16:15,这种医疗费很贵的,0
2024/4/27 16:15,楼道那电驴烧的！！！,1
2024/4/27 16:15,你看视频楼道里着火的那不就是电瓶车吗,0
2024/4/27 16:15,精力消耗不少睡着了,0
2024/4/27 16:15,就算活着此后一生也毫无生存质量可言了,1
2024/4/27 16:15,@名师名草,0
2024/4/27 16:15,江西，江西今年准备霸占抖音吗！,0
2024/4/27 16:15,江西人做点好事吧,1
2024/4/27 16:15,我想人到这个时候，生活中的那些去争去夺的东西，在这一刻都显的无足轻重了，争的一辈子的东西在这一刻，一场火东西和人都没了，仿佛一切没存在过。,0
2024/4/27 16:15,请把基本去掉[捂脸],1
2024/4/27 16:15,我上次下楼去骑电动车买东西，看见一个小孩儿拿着火柴在架空层点火烧，旁边就是老人们打牌的桌子火罩电动车，我都走过了又返回来把他一顿说。在群里说了，小朋友的好玩儿有可能要一栋楼的命,0
2024/4/27 16:15,是不是麻将馆,0
2024/4/27 16:15,[感谢][感谢][感谢],0
2024/4/27 16:15,水呢？？,1
2024/4/27 16:15,象湖那边的人喜欢在小区里面充电完全没有安全意识，我连装修都不敢，一旦起火死路一条,1
2024/4/27 16:15,@曾约定流浪 害怕,0
2024/4/27 16:15,说明和楼层关系不大,0
2024/4/27 16:16,活下来不管是生理上还是心理上都很痛苦,0
2024/4/27 16:16,锂电池，锂电池，锂电池，不是电动车，电动车可以没有锂电池，锂电池会爆炸害人害己,1
2024/4/27 16:16,水火无情啊！,0
2024/4/27 16:16,真不知道灾难啥时候降临。真不知道明天会发生什么情况。好好活着吧。,0
2024/4/27 16:16,老校区很多电动车没地方放,0
2024/4/27 16:16,烧防盗网的好处？,1
2024/4/27 16:16,只是熏的就没事,0
2024/4/27 16:16,是都穿着迷彩服[感谢]还是烧成迷彩服样,1
2024/4/27 16:16,又是电车入户充电[尬笑][尬笑],0
2024/4/27 16:16,[捂脸]我也觉得  怎么走不出来  一楼,0
2024/4/27 16:16,烟会使你分辨不清方向，而且那个烟一旦吸入一小会就会致人昏迷，然后倒下后2到3分钟就会死亡。时间很短的 。,0
2024/4/27 16:16,电动车问题，一直不重视,0
2024/4/27 16:16,这个小区 就是这样 . 电瓶车都停到楼道里面.,0
2024/4/27 16:16,报警处理，这样很危险,0
2024/4/27 16:16,烧死比跳楼死痛苦多了,1
2024/4/27 16:16,你说的是视频里面被烧黑 行走着的那个人吗？,0
2024/4/27 16:16,楼道放电瓶车了,0
2024/4/27 16:16,我们小区有单独的车棚，而且也能充电，一样每个楼道都是堵了车子在充电，不知道怎么想的，可能自家的电便宜吧。,0
2024/4/27 16:16,又是电瓶车,0
2024/4/27 16:16,你们新能源可以随意自燃[微笑]摩托车怎么和你过不去了[呆无辜],1
2024/4/27 16:16,好多都是被烟熏晕的，烧死的少,1
2024/4/27 16:16,我的天，这好疼啊[流泪][流泪][流泪],0
2024/4/27 16:16,现在基本上都是天然气或者电动车着火,0
2024/4/27 16:16,楼房多好，一家着火，家家受牵连,1
2024/4/27 16:16,[感谢][感谢][感谢][感谢],0
2024/4/27 16:16,痛苦中死去,1
2024/4/27 16:16,江西这是咋了,0
2024/4/27 16:16,看着像电动车着火????[捂脸][捂脸][捂脸],0
2024/4/27 16:16,[流泪][流泪][流泪][流泪],0
2024/4/27 16:16,着火后，封闭场所任何情况下别试图施救,0
2024/4/27 16:16,新余2楼三十多个呢,0
2024/4/27 16:16,那就烧吧[微笑]把你小区楼下都烧光了[呆无辜],1
2024/4/27 16:16,不是每个小区都有，我们小区连轿车的车位都没解决,0
2024/4/27 16:16,我们小区就挺好，顶楼三个单元都是通的，出现紧急情况也可以应急逃生。,0
2024/4/27 16:17,出口被火封死了，能不能活就看自己命了,1
2024/4/27 16:17,衣服完好，应该是黑烟熏的。,0
2024/4/27 16:17,哎呀,0
2024/4/27 16:17,又是电动车[发呆],0
2024/4/27 16:17,我们小区到处是飞线，物业每天在群里发信息都不行，业主说充电棚每小时充电比家贵二角,0
2024/4/27 16:17,经历过火灾，受了伤，好在活了下来……,0
2024/4/27 16:17,电动车太危险了[尬笑],1
2024/4/27 16:17,肯定又是电瓶车,1
2024/4/27 16:17,吸入性烧伤最可怕,0
2024/4/27 16:17,电池爆了就是一炸弹，瞬间火烟大量涌出。很多人其实都是吸入浓烟致死,0
2024/4/27 16:17,一楼还烧死，防盗窗是防人逃出的,1
2024/4/27 16:17,小烟时候闻不到吗，门一开几步就跑出去了吧,1
2024/4/27 16:17,应该电瓶车燃烧，一辆没这么大火量，应该是一大堆电瓶车停一起，全部燃烧，大量浓烟。又出不去，被呛死的,1
2024/4/27 16:17,[感谢],0
2024/4/27 16:17,看到不是还能走！,1
2024/4/27 16:17,国外好像没有电动车,0
2024/4/27 16:17,[666][666][666],0
2024/4/27 16:17,你不敢说当发生火灾的时候你就说不出口了,1
2024/4/27 16:17,烟熏妆,0
2024/4/27 16:17,每家每户都应该为自己负责为他人生命负责，一定要注意啊。,0
2024/4/27 16:17,二楼那个不跳也没啥危险了,1
2024/4/27 16:17,南昌这是怎么了，前些天大风把高楼住户两个人从室内床上吹出去，现在又是大火,0
2024/4/27 16:17,呼唤邓超~超哥快来过来帮忙啊啊啊 用你的尬舞来灭火~,0
2024/4/27 16:17,如今都这么宣传了，我们楼还有天天推电瓶车上楼的,1
2024/4/27 16:17,火灾注意啊，人活着就好了。遇难者不幸。[玫瑰][玫瑰][玫瑰][玫瑰][玫瑰][玫瑰][玫瑰],0
2024/4/27 16:17,[捂脸]换成摩托车哪来这么多事，江西都几场大火了,1
2024/4/27 16:17,基本上电动车或者锂电池，不过一楼都是电动车,0
2024/4/27 16:17,那也没有办法 我们小区 没有给电动车充电的地方 也没有停车的地方 都是停过道 家里充电 所以看运气了,0
2024/4/27 16:17,有的时候没招，我们小区精神病，就往楼道存纸壳子。,1
2024/4/27 16:17,[感谢][感谢][感谢],0
2024/4/27 16:17,那个逃出来黑的人，希望他只是被熏黑了,0
2024/4/27 16:18,结束了，电动车还在烧,0
2024/4/27 16:18,[感谢][感谢][感谢],0
2024/4/27 16:18,前天晚上我们那栋楼也有人把电瓶车推进一楼电梯旁充电，我果断把插头拔了，就算第二天被别人骂，也好过万一发生火灾的风险,0
2024/4/27 16:18,完了 这伤的面积,0
2024/4/27 16:18,现在小区的设计，火灾来了，逃无可逃。,0
2024/4/27 16:18,毒烟,1
2024/4/27 16:18,只要不是汽油或暴烧的那种，在一楼百分之九十五以上能逃出来，有可能是救火没逃出来，有些人我就想批评，救火要紧还是人命要紧，脑子叫驴给蹄了[捂脸],1
2024/4/27 16:18,还是低层好[捂脸],0
2024/4/27 16:18,不建议住高层，,0
2024/4/27 16:18,烟囱效应，往上跑是死路，马上返屋，禁闭门窗，毛巾湿水紧堵，靠近水源避难[泣不成声],0
2024/4/27 16:18,又是电动车,0
2024/4/27 16:18,是锂电池着火吗,0
2024/4/27 16:18,我楼上的老太婆把线板放在我窗户边冲电动车[绝望的凝视][绝望的凝视][绝望的凝视],1
2024/4/27 16:18,NJ火灾后已自备家用版消防器材，愿大家都要平平安安[爱心][爱心][爱心][爱心],0
2024/4/27 16:18,@刘勇杰 好像是你小区吧,0
2024/4/27 16:18,一楼都出不来，这把没人扯什么消防连廊了吧？火大到一定程度门都出不了，还什么连廊。,1
2024/4/27 16:18,这样的很多，害人害己,1
2024/4/27 16:18,电瓶车起火，整栋楼遭殃。,0
2024/4/27 16:18,一楼白天着火为什么伤亡这么大,0
2024/4/27 16:18,楼上，店铺装消防干嘛用的,0
2024/4/27 16:18,楼道里电动车着起来堵着门了应该是,0
2024/4/27 16:18,这种黑烟，普通人坚持不了多少秒的、,0
2024/4/27 16:18,可能是电车放门口充电时自燃往家里烧，而一楼大概率没装逃生窗或逃生窗上锁了逃不出来,0
2024/4/27 16:18,防盗网防了小偷，丢了性命,0
2024/4/27 16:18,电器爆燃[尬笑],1
2024/4/27 16:18,这段时间怎么这么多电动车引起着火的[紫薇别走],0
2024/4/27 16:18,我就问问闻不到味道吗[泣不成声],1
2024/4/27 16:18,好可怜[流泪],0
2024/4/27 16:18,到底该怎么消防才安全，貌似哪里都不安全了,0
2024/4/27 16:18,这种火宅  管他几楼[微笑],1
2024/4/27 16:18,有防护栏,0
2024/4/27 16:18,真可怜！住在那么人口密集的地方！,0
2024/4/27 16:18,活着就好,0
2024/4/27 16:19,这段时间江西南昌新闻不断,0
2024/4/27 16:19,不能直接跳窗户嘛，二楼摔就摔了,1
2024/4/27 16:19,[感谢][感谢][感谢][感谢][感谢][感谢][感谢],0
2024/4/27 16:19,那叫熏黑,1
2024/4/27 16:19,@??欧??,0
2024/4/27 16:19,[感谢],0
2024/4/27 16:19,呵呵只有一个出口怎么跑,0
2024/4/27 16:19,[感谢][感谢][感谢][感谢][感谢],0
2024/4/27 16:19,所以说我们这边电驴都是不给进地库啊  或者靠近住宅楼的[捂脸],0
2024/4/27 16:19,又是电动车。,0
2024/4/27 16:19,那着火就等死吧,1
2024/4/27 16:19,谁发明的电瓶车进楼就有罪,1
2024/4/27 16:19,全身烧伤，没有可取植皮部位，感染了基本上要没。这个生命体征平稳写的是真官方,1
2024/4/27 16:19,楼道里杂物太多了,0
2024/4/27 16:19,大门旱死了吗？一楼啊，爬也要爬出来啊…为什么会烧死啊,1
2024/4/27 16:19,今天去固安剑桥郡看房子，居然高层家门口摆着电动车…真的佩服这种人就应该直接判刑,1
2024/4/27 16:19,这就是商品房的缺点,0
2024/4/27 16:19,应该是没有逃生通道，全都封死就一个门出入,0
2024/4/27 16:19,运气加命中注定的,0
2024/4/27 16:19,现在的防盗窗不是防小偷，而是防孩子,0
2024/4/27 16:19,估计楼道电瓶车  正好把门堵了,0
2024/4/27 16:19,高楼好吗？鸽子笼好吗,0
2024/4/27 16:19,@莉小甜,0
2024/4/27 16:19,一楼了还能逃不出来吗 ？？,1
2024/4/27 16:19,@锦鲤熊！ @温温,0
2024/4/27 16:19,活着就好[赞],0
2024/4/27 16:19,一看就是停在楼道口的电瓶车自燃了,0
2024/4/27 16:19,我住三楼，我的防盗网留了二个逃生口，南北房间各一个,0
2024/4/27 16:19,估计窗户装防盗 跑也跑不出 烟太大,1
2024/4/27 16:19,什么时候,0
2024/4/27 16:20,是窗子都按防盗网了吧,0
2024/4/27 16:20,1楼都出不来吗,1
2024/4/27 16:20,几十万打底,1
2024/4/27 16:20,不能买高楼说了又不听,1
2024/4/27 16:20,不用去重庆，南昌本地南大一附院烧伤科排名全国第八，救护车一到，半个小时就到一附院。,0
2024/4/27 16:20,我猜测是电瓶车事故，如果不对我道歉，,1
2024/4/27 16:20,这种身体烧焦的，估计够呛了,1
2024/4/27 16:20,新能源就是个笑话[捂脸],1
2024/4/27 16:20,江西,0
2024/4/27 16:20,这个小区隔一条河 就是中国顶级烧伤科排名前五的南大一附院,0
2024/4/27 16:20,看着是电动车呀  楼道里是不能放电动车的,0
2024/4/27 16:20,@讨厌早8?? 今天,0
2024/4/27 16:20,物业维护的消防设施一点用也没？,0
2024/4/27 16:20,锂电池到底是为了安全还是不安全？哎，老百姓没有选择权啊。,0
2024/4/27 16:20,我们有把电动车骑上楼，直接停家里充电,0
2024/4/27 16:20,卧槽第一眼我以为丧尸片[抠鼻],0
2024/4/27 16:20,把房门关紧，用湿毛巾把缝隙堵住,0
2024/4/27 16:20,看她感觉，如果大面积烧伤，也走不了那么自在，去医院体检，特别是肺吃药就行,1
2024/4/27 16:20,天台锁门了,0
2024/4/27 16:20,那么谁负责？,1
2024/4/27 16:20,这是我不去城里买房的原因之一.....,0
2024/4/27 16:20,[感谢][感谢][感谢],0
2024/4/27 16:20,一楼跑出门口能用几秒,0
2024/4/27 16:20,[发呆],0
2024/4/27 16:20,那个电动车泡了水，又去充电了？,0
2024/4/27 16:20,@不到78斤不改名 @家国安康 吓人,0
2024/4/27 16:20,电车吧,0
2024/4/27 16:20,@潜医生不腻害 @Reachhu,0
2024/4/27 16:20,楼房设计也有问题，我们小区是12、15、18楼都是通的，发生火灾及其他情况可以从其他楼层撤离,0
2024/4/27 16:20,太惨了,0
2024/4/27 16:20,目测这种情况只有电瓶车电瓶起火才不会给人反应的时间,1
2024/4/27 16:20,又是南昌,1
2024/4/27 16:21,电瓶车引起的，，，所以楼里不能放电瓶车,0
2024/4/27 16:21,不是说一楼架空层不能放电动车吗？,0
2024/4/27 16:21,[感谢][感谢][感谢],0
2024/4/27 16:21,[666][666][666],0
2024/4/27 16:21,去重庆西南医院[爱心][爱心][爱心][爱心],0
2024/4/27 16:21,这就是住楼房的弊端！,0
2024/4/27 16:21,楼道起火把防盗门关了，在屋里边基本问题不大呀，怎么能烧成这样呢？,0
2024/4/27 16:21,每年高层住宅都会出现几十条鲜活的生命[捂脸][捂脸][捂脸],0
2024/4/27 16:21,我是租户他们不是我没有物业联系方式,0
2024/4/27 16:21,毛巾打湿捂脸快跑就得了，别洒水漏电电死你,1
2024/4/27 16:21,哎妈呀 好痛[流泪][流泪][流泪],0
2024/4/27 16:21,都是熏死的，火??一般很少烧死的，,1
2024/4/27 16:21,住村里不好吗,0
2024/4/27 16:21,锂电池很危险,0
2024/4/27 16:21,电，气，注意安全,0
2024/4/27 16:21,防盗窗，火灾了，跑不出去,0
2024/4/27 16:21,切了货了,1
2024/4/27 16:21,大家都去买小区，一家乱来，全楼倒霉,1
2024/4/27 16:21,奇怪了 一楼玻璃砸了也跳出来了 是不是睡着了,1
2024/4/27 16:21,没办法 好多小区都这样，你说他  他要反驳你,0
2024/4/27 16:21,一楼都没逃出来？,1
2024/4/27 16:21,放开小排量代步摩托车吧，已经走了好多生命了,0
2024/4/27 16:21,烧伤去重庆西南医院[爱心][爱心][爱心][爱心][爱心][爱心][爱心],0
2024/4/27 16:21,这楼算危楼不？,1
2024/4/27 16:21,[打脸]平时火灾安全当儿戏，遇时哭都没地方去[流泪],0
2024/4/27 16:21,火灾大部分都是烟呛死的不是烧死的，冷知识当发生火灾屋里都是烟时，光是没法传播的！人会失去方向感！,0
2024/4/27 16:21,会不会又是电车充电引起的？,0
2024/4/27 16:21,山东早就不让电动车进楼道了,0
2024/4/27 16:21,想想，高密度地集中生活，不是人类的理想生活方式,0
2024/4/27 16:21,看看人家烧黑都能自己走出来，再看看林生斌那个都没烧着人就躺着出来,1
2024/4/27 16:21,又是南昌,1
2024/4/27 16:21,基本上否是电瓶车,1
2024/4/27 16:21,@挑話 你看看,1
2024/4/27 16:21,话说着火了，躲洗手间里，用被子啥的堵住门口，然后等待救援，这个行得通没？,0
2024/4/27 16:21,太可怜了,0
2024/4/27 16:21,这种底楼电动车火灾不逃下来基本没事，到楼梯上熏到毒烟就完了,0
2024/4/27 16:22,很多是熏死的，不是烧死的，燃烧产生大量一氧化碳二氧化碳 导致没有氧气窒息,0
2024/4/27 16:22,又是锂电池惹的货，铅酸电池不会出问题。但是国家政策不允许，铅酸电池太重,0
2024/4/27 16:22,天然气管道泄露着火??吗那么严重[捂脸][捂脸][捂脸],0
2024/4/27 16:22,@wowsss,0
2024/4/27 16:22,.,0
2024/4/27 16:22,[感谢][感谢][感谢],0
2024/4/27 16:22,又是江西,1
2024/4/27 16:22,我觉得我们农村的屋子想着火都难[晕]装修好简单。,0
2024/4/27 16:22,电动车堵着楼梯间，着火只能等死，或者跳窗,1
2024/4/27 16:22,电动车停在1楼楼道里,0
2024/4/27 16:22,为什么一楼起火不能马上开门逃生吗？,0
2024/4/27 16:22,没物业吗？,0
2024/4/27 16:22,好惨[感谢],0
2024/4/27 16:22,1楼你跑不出去？,1
2024/4/27 16:22,严重烧伤，治疗起来也老火,0
2024/4/27 16:22,1楼怎么会伤亡这么严重呢,0
2024/4/27 16:22,我们楼下被电动车包围了，万一着火谁也跑不出去，只有等死,1
2024/4/27 16:22,彩礼多少,0
2024/4/27 16:22,想想办法吧，电动车在电梯里特别容易着火。,0
2024/4/27 16:22,大概率是被烟熏死的,0
2024/4/27 16:22,不要质疑一楼火灾都会死人的话题，没有经历过的人是不知的那个浓烟会熏得让人窒息,1
2024/4/27 16:22,燃气榨干了最后一滴血,1
2024/4/27 16:22,看到是两轮电动车的锂电池着火[感谢][感谢][感谢],0
2024/4/27 16:22,一楼可以跑出去呀，在睡觉吗,0
2024/4/27 16:22,江西不得了啊，头条久居不下啊,0
2024/4/27 16:22,估计杀人灭口，1楼跑不出来,1
2024/4/27 16:22,电瓶车这个事儿就是管不住了是吧,1
2024/4/27 16:22,新小区都不封窗的吧，我家就是一楼，之前没装密码锁的时候把自己锁外边了，从窗户翻进去的[看],0
2024/4/27 16:22,报警管不管呀，我害怕他们理我[捂脸],0
2024/4/27 16:22,一楼窗户有防盗窗吗？有就危险,0
2024/4/27 16:22,没搞懂,0
2024/4/27 16:22,活不了了,1
2024/4/27 16:22,电瓶车放楼道。就是养虎为患,1
2024/4/27 16:22,咱就说，能不能管管这些电动车老头乐啥的，都多少起事故了,1
2024/4/27 16:22,@????轩轩！,0
2024/4/27 16:22,请问高层有逃生窗又能怎样？这倒是一楼，火是瞬间都这么大的么？,1
2024/4/27 16:22,又是电动车   楼道老停电瓶车   不听劝怎么办,0
2024/4/27 16:22,@邢台消防 丽景苑消防没验收就交房，出事了等着问责吧,1
2024/4/27 16:22,跑不出来 怎么不往上跑啊,1
2024/4/27 16:22,一楼3死2伤？怎么烧的？爆燃吗？不然不可能会出现伤亡就算伤都不可能,1
2024/4/27 16:22,不是，又又又又是江西呀！？,1
2024/4/27 16:23,重点是火灾发生后逃不出来呀！,0
2024/4/27 16:23,第一视角 以为黑人,1
2024/4/27 16:23,@明天就当保安 [九转大肠][九转大肠][九转大肠][九转大肠][九转大肠][九转大肠][九转大肠][九转大肠][九转大肠],0
2024/4/27 16:23,1 楼怎么会烧这么严重没跑呢[感谢][感谢][感谢],0
2024/4/27 16:23,楼道里面好像是一辆电动车,0
2024/4/27 16:23,一楼肯定要有。。城市里不止一楼有呢,0
2024/4/27 16:23,这南昌是怎么了？前有大风把人从家里刮出来，紧接着日本人在南昌酒店插队，现在又是火灾。[流泪][比心],0
2024/4/27 16:23,愿人人都平安健康[感谢][感谢][感谢],0
2024/4/27 16:23,电瓶车,0
2024/4/27 16:23,都是电瓶车惹的祸以后会越来越多的火灾。电动汽车都是定时炸弹,1
2024/4/27 16:23,确实比较黑。,1
2024/4/27 16:23,楼房里那个保暖材料都是有毒的,1
2024/4/27 16:23,天呐[恐惧],0
2024/4/27 16:23,烧伤中心还在老院没迁过来,0
2024/4/27 16:23,现在小区都会把门关了，死活看天命,1
2024/4/27 16:23,肯定是电瓶车着火引起的,0
2024/4/27 16:23,问题不大熏黑的,1
2024/4/27 16:23,电动车让人猝不及防,0
2024/4/27 16:23,哈哈哈只要是楼房着火都是入户门烧起来的，为什么？,0
2024/4/27 16:23,我是做搬家的，每次去象湖搬家，哪里电动车把整个入户电梯口全停满了，也没有物业管。更有甚者，电动车直接进电梯停家门口。当时就觉得，早晚得出事。,0
2024/4/27 16:23,懒有型,0
2024/4/27 16:23,还是农村安全一点,0
2024/4/27 16:23,[感谢],0
2024/4/27 16:23,不会又是电动车吧,0
2024/4/27 16:23,天哪，这种痛死了，平时做饭被一滴油烧到就很痛,0
2024/4/27 16:23,1楼？没窗户可以爬出去吗？不怕你们笑我家一楼每个房间都爬得出去,0
2024/4/27 16:23,都发生多少次电瓶车起火事件了，物业为什么还让一楼楼道内停电瓶车？,0
2024/4/27 16:23,所以查改装电动车是这原因吧[捂脸],0
2024/4/27 16:23,@墨菲* 离我小区很近,0
2024/4/27 16:23,@你桃不掉啦.,0
2024/4/27 16:23,烟起来了几乎难跑掉，又呛又恐惧又看不清,0
2024/4/27 16:23,消防真给力[赞][赞][赞]出动了那么多人,0
2024/4/27 16:23,一楼还能发生这样惨剧，一点火灾隐患意识都没有。真是惋惜[感谢][感谢][感谢],0
2024/4/27 16:23,是电动车起火吗[捂脸],0
2024/4/27 16:23,是的，所以最讨厌那些把电瓶车停在楼道的人，我小区也是小区明明有放电瓶车的地方，有的人就是喜欢放楼道,1
2024/4/27 16:23,南昌这是怎么了？,0
2024/4/27 16:23,电动车….,0
2024/4/27 16:23,全身烧黑生存几率为0,1
2024/4/27 16:23,我只想问一下物业在干什么 光拿钱不办事情了吗,1
2024/4/27 16:23,江西怎么了？,0
2024/4/27 16:24,机动车都有自然的可能，当然电瓶车几率更高，其实有条件的家里可以存放2.3个宾馆和酒店同款的防毒面罩，灭火器，不会很贵，关键时刻可以救命,0
2024/4/27 16:24,又是江西 接着霸榜,1
2024/4/27 16:24,我就住在像这种小区，车到处停！我说是万一哪天发生意外，消防车根本进不来，怎么办？[思考][思考][思考],0
2024/4/27 16:24,往上跑,0
2024/4/27 16:24,卧槽,1
2024/4/27 16:24,楼梯口是电动车吧,0
2024/4/27 16:24,刚刚刷到南昌烧烤店打人 现在又是3死2伤[绝望的凝视][绝望的凝视][绝望的凝视]哎,0
2024/4/27 16:24,我们小区的都把电动车放在楼梯口[尬笑],0
2024/4/27 16:24,看见那明??火电动车还在燃烧,0
2024/4/27 16:24,[捂脸][捂脸][捂脸],0
2024/4/27 16:24,可能都是肢体残疾人,1
2024/4/27 16:24,你要举报，为了你的安全和他的安全,0
2024/4/27 16:24,江西平安！与时俱进 我爱美食 无时无刻 关系不大！,0
2024/4/27 16:24,逃不出来就躲卫生间，把门??堵死，然后接水不停的往门上泼，另外打开卫生间的窗。等待救援就好，生还几率绝对比这样使劲往外逃的要大。在看不清逃生路线时，一定要用湿的毛巾或者其他东西捂住口鼻，有浓烟时正常人被呛到几口就会产生晕厥症状。很多都是被呛晕后才逃不出来的。这都是经验之谈，我当过消防员???????,0
2024/4/27 16:24,又是电动车，搞得我不敢开电动车了，还不如换油车,0
2024/4/27 16:24,@@是尧尧呀??,0
2024/4/27 16:24,家里边儿必备灭火器,0
2024/4/27 16:24,电动车自然？,0
2024/4/27 16:24,@一碗闵肉粉,0
2024/4/27 16:24,去城里，人挤到一块住有什么好的。,0
2024/4/27 16:24,向塘吗？,1
2024/4/27 16:24,一楼不能跑出去吗[泪奔],0
2024/4/27 16:24,楼层高也没办法，十楼也不敢爬出去啊[捂脸],0
2024/4/27 16:24,[感谢][感谢][感谢][流泪],0
2024/4/27 16:24,老天[感谢][感谢][感谢],0
2024/4/27 16:24,哀悼，希望伤者得到及时救治,0
2024/4/27 16:24,[感谢][感谢][感谢][感谢][感谢][感谢],0
2024/4/27 16:24,不知是不是前女友小区被烧黑了,1
2024/4/27 16:24,[感谢][感谢][感谢],0
2024/4/27 16:24,我电动车，一直放在外面充电。,0
2024/4/27 16:24,看样子又是电瓶车[看],0
2024/4/27 16:24,普及轻型踏板摩托车才是王道。排量不超过50也费不了几个油。,0
2024/4/27 16:24,应该是电动车起火,0
2024/4/27 16:24,感染才是致命的，烧伤面积大，只会生不如死,1
2024/4/27 16:24,又是南昌,1
2024/4/27 16:25,消防电话你敢打吧,1
2024/4/27 16:25,去医院把肺洗一下,1
2024/4/27 16:25,“有人全身烧焦被救出”？[发呆][发呆][发呆],0
2024/4/27 16:25,烧黑了就算活着也废了，熏黑的没事,1
2024/4/27 16:25,[感谢][感谢][感谢][感谢][感谢][感谢],0
2024/4/27 16:25,高楼层配几个防毒面具   水基灭火器很有必要,0
2024/4/27 16:25,因为电动车吗？？？,0
2024/4/27 16:25,怎么了这是 怼着江西祸祸 又是什么原因,1
2024/4/27 16:25,屡禁不止[捂脸][捂脸][捂脸] 我天,0
2024/4/27 16:25,[感谢][感谢][感谢],0
2024/4/27 16:25,本想着住高层危险，起火了跑不了，现在想想其实都一样。[捂脸],0
2024/4/27 16:25,1929建江苏南京，1941搬迁重庆的,0
2024/4/27 16:25,请住楼房套房大家每户每个人备一个防毒口罩，不用多少钱的，火灾最怕烟，一呛就晕，没时间跑了！,0
2024/4/27 16:25,好像这两个女的是熏黑的应该没事,1
2024/4/27 16:25,是不是一家人的，太可怜了。,0
2024/4/27 16:25,那也得交代下后事[抠鼻],1
2024/4/27 16:25,@遇食记,0
2024/4/27 16:25,一楼火灾这么惨[流泪][流泪][流泪],0
2024/4/27 16:25,新能源汽车=大型电瓶车。电瓶车不能进楼，新能源汽车可以进地库[尬笑],0
2024/4/27 16:25,电瓶车起火了,0
2024/4/27 16:25,不是自己走出来了吗，应该不会有问题了,0
2024/4/27 16:26,建议出台小区每个月都要一次消防演练和火灾隐患常识,0
2024/4/27 16:26,我猜又是电瓶车自燃了,0
2024/4/27 16:26,从小到大，请问谁学过逃生知识课？？哪家学校教过逃生知识课？,0
2024/4/27 16:26,天了，一楼跑出不来吗[感谢][感谢][感谢],0
2024/4/27 16:26,是烧黑了，还是熏黑了？,0
2024/4/27 16:26,现在电动车进楼的太多了！应该立法，这比酒驾危害大多了！,0
2024/4/27 16:26,平平安安,0
2024/4/27 16:26,[玫瑰][玫瑰][玫瑰],0
2024/4/27 16:26,肯定又是电瓶车,1
2024/4/27 16:26,我楼下有一个女的也是总拿电瓶回家充电，我就在电梯里当面说她了,0
2024/4/27 16:26,那种烫伤真的是难受,0
2024/4/27 16:26,有些人就怕把自己电动车淋雨了放楼道,0
2024/4/27 16:26,还是一楼住着踏实,0
2024/4/27 16:26,都是电瓶车惹的祸,0
2024/4/27 16:26,[666][666][666],0
2024/4/27 16:26,好疼,0
2024/4/27 16:26,那应该是熏黑的吧，头发一点事没有,0
2024/4/27 16:26,看着都疼，这2个人还能活命吗？[感谢],0
2024/4/27 16:26,还是农村的住宅好，通风透气,0
2024/4/27 16:26,[感谢][感谢][感谢],0
2024/4/27 16:26,你是感觉自己很幽默[尬笑],1
2024/4/27 16:26,阿弥陀佛[感谢],0
2024/4/27 16:26,烧成这样，医疗费一般人付不起。,0
2024/4/27 16:26,[捂脸][捂脸][捂脸][捂脸][鼓掌][鼓掌][鼓掌][鼓掌][赞][赞][赞][赞]电动车好恨,1
2024/4/27 16:26,估计是电动车楼道着火??了,0
2024/4/27 16:26,不会又怪到电瓶车头上吗？,1
2024/4/27 16:26,电动车的问题吧。看到里面有电动车停放。,0
2024/4/27 16:26,前段时间刮风，这又是火灾[流泪],0
2024/4/27 16:26,可怜的女人,1
2024/4/27 16:26,电动车,0
2024/4/27 16:27,[感谢][感谢][感谢][感谢][感谢][玫瑰][玫瑰],0
2024/4/27 16:27,只是现在你有手机能刷短视频 你就会觉得多 放在以前按键机 你根本不知道只有新闻偶尔几年来一下,0
2024/4/27 16:27,主要是烟,0
2024/4/27 16:27,你这才吓人！,1
2024/4/27 16:27,报警会吧,1
2024/4/27 16:27,电瓶车起火吧？,0
2024/4/27 16:27,逝者安息[流泪],0
2024/4/27 16:27,@PovR,0
2024/4/27 16:27,还用锂电池烧的灭不了,1
2024/4/27 16:27,高层建筑，不好跑啊，消防车水打不上去,0
2024/4/27 16:27,所以买小区的好处在哪里[疑问],0
2024/4/27 16:27,一楼[流泪][流泪],0
2024/4/27 16:27,我之前用锂电池，都没啥问题，一般烧的自己改装的电池，正规电池没啥问题，,0
2024/4/27 16:27,[流泪][流泪][流泪][感谢][感谢][感谢],0
2024/4/27 16:27,消防車是否太慢呢？[感谢],0
2024/4/27 16:27,说的非常对,0
2024/4/27 16:27,找个安全点的,0
2024/4/27 16:27,人生自古谁无死[感谢],0
2024/4/27 16:27,又是江西[微笑],1
2024/4/27 16:27,电瓶不是一样的，谢谢,0
2024/4/27 16:27,又是江西[捂脸],1
2024/4/27 16:27,楼道里的电动车,0
2024/4/27 16:27,太可怕了，水火无情。,0
2024/4/27 16:27,能活着就好,0
2024/4/27 16:27,@小花包 太可怕了,0
2024/4/27 16:27,新国标导致的垃圾锂电池大量生产面市，如果不是因为55公斤车重限制，铅酸电池根本不会入户也拿不动充电,1
2024/4/27 16:27,@清梦???  ? 这就是不好的小区，电动车能进单元楼,0
2024/4/27 16:27,小火快跑，浓烟关门。很多人对消防知识了解的太少了。[泣不成声],0
2024/4/27 16:27,烧伤，怕皮肤感染。并且，看着情况，呼吸道也容易感染。,0
2024/4/27 16:27,就是一楼着的呀,0
2024/4/27 16:27,本地有顶级烧伤医疗资源，总比千里迢迢去外地好。,0
2024/4/27 16:27,我以前都以为一楼不管是火灾或者地震都可以第一时间逃出,0
2024/4/27 16:27,[鼓掌][鼓掌][鼓掌],0
2024/4/27 16:27,我看见了电动车,0
2024/4/27 16:27,又是江西,1
2024/4/27 16:27,[感谢][感谢][感谢],0
2024/4/27 16:27,@夏木.,0
2024/4/27 16:27,厄运退散！！！,0
2024/4/27 16:27,熏黑了，衣服都还在,0
2024/4/27 16:27,你敢管 直接配上一曲“我们都在用力的活着”发个抖音,1
2024/4/27 16:27,爬,1
2024/4/27 16:28,"不可能是电瓶车问题。
我的澳柯玛电动车2010年5月2日买的，就换了3次电瓶，充电器都没有换过，什么问题也没有。",0
2024/4/27 16:28,还好我们小区人车分流   。电瓶车都在负一负二和小区门口,0
2024/4/27 16:28,那个日本人去酒店优先的江西？,1
2024/4/27 16:28,电瓶车吧？,0
2024/4/27 16:28,一附院烧伤科全国有名,0
2024/4/27 16:28,治疗烧伤的费用就是烧钱的快。,1
2024/4/27 16:28,太悲剧了，发生这事[流泪],0
2024/4/27 16:28,非洲来的，快回去吧丶,1
2024/4/27 16:28,就算不是电瓶车引起的火灾，放在楼内也有安全隐患,0
2024/4/27 16:28,@Ownerlxy,0
2024/4/27 16:28,不怕死还是有人会吧电瓶车放楼道内，害人,1
2024/4/27 16:28,新国标电动车就是杀人诛心,1
2024/4/27 16:28,建议强制取消防盗窗,0
2024/4/27 16:28,防盗窗搞起，锁的死死的人，不开个逃生门,1
2024/4/27 16:28,对不起！第一眼我以为是拍疆屍片。[流泪][流泪][流泪],0
2024/4/27 16:28,找物业啊  物业可以出面  实在不行拍个证据偷偷去找消防  他们会去教育他的，我们小区就是  直接去消防举报他，消防去他家教育去了,0
2024/4/27 16:28,一楼也不安全，全看命了[酷拽],0
2024/4/27 16:28,一楼着火二楼有影响吗,0
2024/4/27 16:28,现在房子装修堆一堆化学品，烧起来不奇怪,0
2024/4/27 16:28,防盗窗防不了 盗贼,0
2024/4/27 16:28,我们小区，压根不让电驴进楼[捂脸],0
2024/4/27 16:28,黑烟熏黑的，烧的这么严重不可能还能好好走,1
2024/4/27 16:28,不会逃出来吗,0
2024/4/27 16:28,有是电动车,0
2024/4/27 16:28,锂电池电瓶车吧[捂脸],0
2024/4/27 16:28,业主们可以建议修个电动车棚,0
2024/4/27 16:28,我想问一下单元楼好几户把电动车经常骑上去，这种情况下可以打119投诉吗？物业不管,0
2024/4/27 16:28,睡着了？,0
2024/4/27 16:28,电瓶车着火,0
2024/4/27 16:28,高楼大厦的悲哀！,0
2024/4/27 16:28,成排成排电动车组成一个个定时炸弹,1
2024/4/27 16:28,[666][666][666],0
2024/4/27 16:28,住茅棚。我也不太去大城市买房，也买不起。不做房奴,0
2024/4/27 16:28,@快乐没烦恼,0
2024/4/27 16:28,一楼都跑不掉，证明人有点傻[泪奔][泪奔],1
2024/4/27 16:28,肯定是室内易燃物品多火势一下起来了堵住了。,0
2024/4/27 16:28,我就想不明白，除了一楼为什么要防盗窗[捂脸],0
2024/4/27 16:28,肾上腺素猛增，现在感觉不到疼痛，一会就惨了,0
2024/4/27 16:28,貌似楼道着火的是一辆电瓶车吧,0
2024/4/27 16:28,底层防盗网悍的死死的,1
2024/4/27 16:28,城市高层贵才定硬[赞],0
2024/4/27 16:29,我擦！火眼金睛都炼出来了吧？[震惊],1
2024/4/27 16:29,怎么就能不能往外跑吗？一楼,1
2024/4/27 16:29,又是电动车,0
2024/4/27 16:29,你应该说是锂电池着火，而不是一棍子把电动车都打死。,0
2024/4/27 16:29,@半Tour废,0
2024/4/27 16:29,@????～ @一落晨 @S @捏我小肥脸 @扁桃体永不发炎 @认蒸你就熟了.. @糕冷小芳. @匿名D @咲咲,0
2024/4/27 16:29,一楼没出来！不可思议,0
2024/4/27 16:29,她哪里又烧不到，等消防员过来给他救下来不就行了，干嘛一定要跳下去[宕机],1
2024/4/27 16:29,[流泪],0
2024/4/27 16:29,我有一套租出去的安置房是二楼的，楼下有个老头在一楼车库里堆的全是木头[捂脸]我真怕哪天烧起来了[捂脸],0
2024/4/27 16:29,这样全身烧黑了还能活吗？[流泪],1
2024/4/27 16:29,现在的人都喜欢住套房，如果象这样发生火灾，很难逃生,0
2024/4/27 16:29,@泛滥成瘾 @修正药业周情,1
2024/4/27 16:29,[感谢],0
2024/4/27 16:29,停电瓶车这人一定要判重刑，按照危害公共安全罪或故意杀人罪,1
2024/4/27 16:29,多了去了，深圳城中村试过几次了，现在禁止机动车放在楼下，必须制定地点停放，因为每次事故都搞定好几个[泪奔][泪奔],0
2024/4/27 16:29,现在很多人的安全意识很差，总觉得不会出事,0
2024/4/27 16:29,买房还是别买高了,0
2024/4/27 16:29,@重启... @古灵 @月夜很亮 @十月,0
2024/4/27 16:29,哎呀[流泪]之前看过烧烫伤很痛苦   希望他能痊愈,0
2024/4/27 16:30,大概率是电瓶车起火,0
2024/4/27 16:30,江西本命年[舔屏],0
2024/4/27 16:30,大部分都是熏死的缺氧最后火来了再烧了,1
2024/4/27 16:30,我感觉只是被烟熏黑了，看体态和行动能力不像被烧伤了,0
2024/4/27 16:30,不用看了，夏天来了，还会更多的，以前没电动车，就摩托车那有那么多火灾哦[捂脸][捂脸][捂脸],0
2024/4/27 16:30,怎么起火的，好危险啊,0
2024/4/27 16:30,@枫轩龙焱 @叽里咕噜 @小肥膘 @balabalab,0
2024/4/27 16:30,还好人没事就好,0
2024/4/27 16:30,教训啊：任何防盗窗都必须要强制预留可逃生口[感谢][感谢][感谢][感谢],0
2024/4/27 16:30,水火无情   希望大家平平安安,0
2024/4/27 16:30,好像是电瓶车燃了,0
2024/4/27 16:30,可以找物业和报警或消防,0
2024/4/27 16:30,电动车比命重要，非得往屋里放,1
2024/4/27 16:30,1楼？？？,0
2024/4/27 16:30,是这样,0
2024/4/27 16:30,[666][666][666],0
2024/4/27 16:30,烧成这样，也危险,1
2024/4/27 16:30,我家每个防盗都开一个窗，特意开,0
2024/4/27 16:30,又是电动车,0
2024/4/27 16:30,以后那区楼下那些电车自燃会越来越多，该立法必须停至户外，並设自己消防设备，没条件小区出告示切勿买电车,1
2024/4/27 16:31,直接报警,1
2024/4/27 16:31,懒得跟这种人废话，直接找物业或消防,1
2024/4/27 16:31,应该是救火了，最后想出来，出不来了,0
2024/4/27 16:31,应该安装了防盗护栏,0
2024/4/27 16:31,@) 好吓人呐,0
2024/4/27 16:31,估计又是电动车[看],0
2024/4/27 16:31,真吓人,0
2024/4/27 16:31,里面有电瓶车,0
2024/4/27 16:31,高层不是为了防盗，是防小孩往外面翻,0
2024/4/27 16:31,[感谢][感谢][感谢],0
2024/4/27 16:31,所以说电动车安全问题最重要的一环是在生产厂家，电动车自燃的太多了！,0
2024/4/27 16:31,你给他剪了,0
2024/4/27 16:31,[感谢][感谢][感谢][感谢],0
2024/4/27 16:31,一楼就把你带走了[白眼],1
2024/4/27 16:31,要他修会要他命，我们小区物业吃相很难看！,1
2024/4/27 16:31,是不是又是电动摩托车？国家应该出台法律法规，禁止电动摩托车进入小区。违者没收。,1
2024/4/27 16:31,又是电动车,0
2024/4/27 16:31,@半岛屿靳 @一只耳^ @Itokis,0
2024/4/27 16:31,天啊[泣不成声]烧成这样还能坚持走，真正起火的原因是什么,0
2024/4/27 16:31,对   我们小区是搬迁房不是商品房  里面很多人把电动车放家里和消防通道   物业也就睁一只眼闭一只眼   想想都怕,0
2024/4/27 16:31,江西事真多[流泪][流泪][流泪],1
2024/4/27 16:31,这种事情谁也不希望发生  只是最近发生的事有点多  就像去年的河南  你们浙江也有  金华补漆 杭州理发16万,0
2024/4/27 16:31,一楼不应该啊,1
2024/4/27 16:31,21年黑龙江七台河1楼捡垃圾，着火，2楼逃跑死了两个，不跑一点事没有，只有楼道失火,1
2024/4/27 16:31,天呐！什么原因啊！太可怕了[感谢][感谢][感谢][感谢][感谢],0
2024/4/27 16:32,在家是不是电动车充电了，要不然不可能跑不出来,0
2024/4/27 16:32,最近江西很??,0
2024/4/27 16:32,摊上这样的事找谁赔偿,0
2024/4/27 16:32,烧了那么多次了,1
2024/4/27 16:32,我的天！[惊恐],0
2024/4/27 16:32,一楼会跑不出来，说明人有问题,1
2024/4/27 16:32,太正常了,0
2024/4/27 16:32,一楼都跑不出来？如果是因拿锂电在家里充电造成的，那产品质量是否有问题，安全意识不够，总是强调别在室內充电。,0
2024/4/27 16:32,1楼就一个楼梯口，怎么跑，楼顶封死的,1
2024/4/27 16:32,该死的火灾[感谢][感谢][感谢]我都说以后买房要买一楼的，高楼没地方逃，没想到一楼的都跑不出来[惊讶][惊讶],1
2024/4/27 16:32,又是防盗窗惹得祸吧？一楼怎么没有逃生的机会呢？安的防盗盗窗是给自己防住了,0
2024/4/27 16:32,你有胆子往火里冲吗，站着说话不腰疼[奸笑],1
2024/4/27 16:32,女人遇到事，不是东朵西藏，就是叫[捂脸][捂脸][捂脸],1
2024/4/27 16:32,又是在江西这边，江西怎么这么多事,1
2024/4/27 16:32,一楼不高，但是防盗系统很牢固[捂脸],0
2024/4/27 16:32,电瓶失火跑都来不及跑，很多人缺乏常识,0
2024/4/27 16:33,杂牌子电动车用着翻新的二手电瓶，不出事才怪,1
2024/4/27 16:33,[感谢][感谢][感谢][感谢],0
2024/4/27 16:33,全面排查，不留隐患,0
2024/4/27 16:33,有没有可能在里面找东西 来不及出来了,0
2024/4/27 16:33,电车起火几十秒,0
2024/4/27 16:33,看运气了,0
2024/4/27 16:33,一楼防盗窗都做的严实，不像三四楼都不要做防盗窗，火势漫延快往门口进来都没法出去,0
2024/4/27 16:33,@见一面吧. 天 好痛,0
2024/4/27 16:33,不会又是电动车吧,0
2024/4/27 16:33,这么大火估计没人进去 人家自己跑出来的  说是被救出 唉,0
2024/4/27 16:33,看到此女士的样子虽然我忍不住不厚道的笑了，但是对于此次遇难的逝者表示沉痛的惋惜与默哀！对于生还者表示深切的同情！阿弥陀佛[感谢],0
2024/4/27 16:33,不是 一楼怎么没逃的出来啊，太惨了[泣不成声],0
2024/4/27 16:33,这个是熏黑的不是烧黑的我就是附近的[捂脸],0
2024/4/27 16:33,现在看来，还是煤气罐安全啊！,0
2024/4/27 16:33,这做消防的又要担责任了感觉[呲牙],1
2024/4/27 16:33,天啊[苦涩],0
2024/4/27 16:33,楼道着火一楼住户咋就被烧了,0
2024/4/27 16:34,贫道掐指一算估计应该新国标电瓶车不是安全吗？这天天查怎么还有着火，新国标锂电池安全还是以前铅酸电池安全，厂家出来解释一下,0
2024/4/27 16:34,电瓶车充电是一个安全隐患，更重要我们的安全意识很重要，大家都要爱自己[玫瑰][玫瑰][玫瑰],0
2024/4/27 16:34,1楼？为什么啊！,0
2024/4/27 16:34,江西   今年是在全国充会员了[赞][赞][赞][赞][赞],0
2024/4/27 16:34,一楼起火怎么会爬到上面去的？,0
2024/4/27 16:34,电车楼梯间着火，到底是怎么烧上去的,0
2024/4/27 16:34,想知道起火原因,0
2024/4/27 16:34,活着更痛苦，全身都是疤痕，脸毁容，一辈子难受自卑痛苦,1
2024/4/27 16:34,地下室烧起来的，应该是电瓶车吧？,0
2024/4/27 16:34,[捂脸][捂脸][捂脸][捂脸][捂脸],0
2024/4/27 16:34,[感谢][感谢][感谢],0
2024/4/27 16:34,@一池落月,0
2024/4/27 16:34,还是农村好,0
2024/4/27 16:34,不怕大家笑话，我住七楼，住进去就买了几十米的绳子[尬笑][尬笑][尬笑]，还跟我媳妇分析有火灾怎么用绳子逃跑,0
2024/4/27 16:35,[感谢][感谢][感谢],0
2024/4/27 16:35,老婆子就是喜欢把车拿到楼上去[捂脸][捂脸][捂脸][捂脸][捂脸],1
2024/4/27 16:35,以后商品房这事直多不会少,0
2024/4/27 16:35,@零忆,0
2024/4/27 16:35,哇擦1楼  大白天…！！什么瓜…！！,0
2024/4/27 16:35,就是电动车，这种房子，老是有人喜欢把车放在那里,1
2024/4/27 16:35,全身都碳化了，估计活不了,1
2024/4/27 16:35,家里装修禁止用燃烧物,0
2024/4/27 16:35,我们小区设计的一楼是储物间，很多人买的储物间在一楼楼道内，他们都把车停到1楼充电，我想投诉举报，但是他们也没地方充电，就很矛盾[捂脸],0
2024/4/27 16:35,电瓶车可能,0
2024/4/27 16:35,你是不提前段时间几个城市天然气事故啊[灵机一动]死伤几十人,1
2024/4/27 16:35,这就是我不买小区房的原因,0
2024/4/27 16:35,防盗窗的原因吧,0
2024/4/27 16:35,你自己捂着鼻子，看能敝多久气？能敝1分钟的不多。,0
2024/4/27 16:35,本来就是，战争没来,0
2024/4/27 16:35,我的天[感谢][感谢][感谢],0
2024/4/27 16:35,有时候是门口起火，阳台和窗户不能封死了,0
2024/4/27 16:35,现在的衣服裤子都是化纤产品，易燃,0
2024/4/27 16:35,电动车还停楼道,0
2024/4/27 16:35,太可怜了,0
2024/4/27 16:35,火灾基本都是被烟呛死[微笑],1
2024/4/27 16:35,火灾，烟是最大的危害,0
2024/4/27 16:35,还不起房贷了，我也把家点了[得意][得意],1
2024/4/27 16:35,[快哭了][快哭了][快哭了][感谢][感谢][感谢],0
2024/4/27 16:36,怎么又是南昌,1
2024/4/27 16:36,最严重的不是天然气管道爆炸么[看],0
2024/4/27 16:36,又是电瓶车吗？楼道里的电瓶车还在着火,0
2024/4/27 16:36,现在大多数居民楼火灾都是电瓶车入室充电引起的，还说不得，一说就有人反驳。,0
2024/4/27 16:36,快救人，[感谢],0
2024/4/27 16:36,@Min.. @橘子很黄??,0
2024/4/27 16:36,最近怎么到处都是火灾。消防知识还需加大宣传,0
2024/4/27 16:36,现在的人加家里什么乱七八糟的杂物都放家里,1
2024/4/27 16:36,我只想知道死伤有没有孩子,1
2024/4/27 16:36,还是住农村安全,0
2024/4/27 16:36,作品应该写上架空一层相当于2楼,0
2024/4/27 16:36,[感谢][感谢][感谢]各位电动车别在家充电了，太危险了,0
2024/4/27 16:36,又是江西，最近江西事真多,0
2024/4/27 16:37,有个黑暗之神跑出来,1
2024/4/27 16:37,就是熏黑的，烧伤的疼一般人不是这种反应。,0
2024/4/27 16:37,[感谢][感谢][感谢],0
2024/4/27 16:37,大概率电瓶车，继续推上楼呗,1
2024/4/27 16:37,高层住宅太危险了,0
2024/4/27 16:37,浓烟太大，熏的睁不开眼，周围模糊一片，怎么跑？,0
2024/4/27 16:37,1楼3死2伤  看来哪个楼层都有危险,0
2024/4/27 16:37,搞不好又是电动车惹的祸,0
2024/4/27 16:37,又是电动车,0
2024/4/27 16:37,@芋泥脑袋??,0
2024/4/27 16:37,人家留逃生窗是国家标准，可去查一下。,0
2024/4/27 16:37,看来国外的烟雾报警器更科学阿[发呆],0
2024/4/27 16:37,一楼火灾3死2伤，会不会是电动车在家里充电电瓶起火导致，想救火结果没跑出来,0
2024/4/27 16:37,瞎说，那是国家提倡的新能源,1
2024/4/27 16:37,五年前我住的二楼，我就担心自己记性不好，也许哪一天煤气灶没关，也许哪一天电线着火，我记性不好果断把二楼卖了不住小区害别人,0
2024/4/27 16:37,好多说1楼这么低还会有事，1楼也不好跑出来的，看了几条像是在楼道里面充电，电车着火，不知道电车着火多么猛的建议去看看，应该不止一辆车，估计防盗门都给烧坏了，等发现的时候，这时候的温度，1楼哪敢跑出来，在屋里的应该是烟太大了，吸入毒烟了。,0
2024/4/27 16:37,江西犯天条了，怎么这么多事,1
2024/4/27 16:37,又电瓶车？？,0
2024/4/27 16:37,又是江西,1
2024/4/27 16:37,因为火和烟都往上跑啊，,0
2024/4/27 16:37,打过，物业会来解决打电话的人,0
2024/4/27 16:37,年初的南京火灾给你们敲不了一点响声！,1
2024/4/27 16:38,防盗窗,0
2024/4/27 16:38,最近江西很多新闻,0
2024/4/27 16:38,基本没救了,1
2024/4/27 16:38,建三江重点一中校门口，非法流动烧烤三轮像大集似的一但出事后果不堪设想[666],0
2024/4/27 16:38,看来又是电瓶车,0
2024/4/27 16:38,不要以为火灾是一点点养成的，就是一瞬间的事儿。还有浓烟，就是十几秒，跑出来就跑了，跑不出来，谁也没招。当然了，你备有呼吸器，眼罩另说了。,0
2024/4/27 16:38,[感谢],0
2024/4/27 16:38,也不一定是烧伤 可能就是烟熏的,0
2024/4/27 16:38,是电瓶车,0
2024/4/27 16:38,太惨了,0
2024/4/27 16:38,又开始火烧了,1
2024/4/27 16:38,樓房不能住了,0
2024/4/27 16:38,我发现自己不正常看到别这样我有身同感受的难受,0
2024/4/27 16:38,@小埋. @～糖炒黎子,0
2024/4/27 16:38,1楼？正在午睡吗？按理说1楼逃生几率大很多,1
2024/4/27 16:38,烟熏黑的,1
2024/4/27 16:38,找物业去 命要紧,0
2024/4/27 16:38,[流泪][流泪][流泪][感谢][感谢][感谢],0
2024/4/27 16:38,能有什么办法啊！她属于弱势群体！我一个开奔驰的，如果去制止她这么充电，好像道德层面说不过去！人家每天要接送孩子上学放学[绝望的凝视][绝望的凝视][绝望的凝视]哎,0
2024/4/27 16:38,这是电瓶车在家里充电啊，太粗心了,0
2024/4/27 16:38,这么大的火，锂电池的？我记得铅酸电池烧起来也就不停的冒浓烟啊[捂脸],0
2024/4/27 16:39,而且呼吸道也有损伤，可怜的人。祈求她能平安度过 [感谢],0
2024/4/27 16:39,高楼可以往楼顶跑[呲牙],0
2024/4/27 16:39,幸亏住一楼！,0
2024/4/27 16:39,又是南昌,1
2024/4/27 16:39,网络发达了就知道的多了,0
2024/4/27 16:39,又有点想当然了,0
2024/4/27 16:39,又是电动车,0
2024/4/27 16:39,怎么最近发生大事都在江西,0
2024/4/27 16:39,八九不离十又是电动车造成的,1
2024/4/27 16:39,如发生战争，全中国的滴高搂大厦，做何感想，太危险,1
2024/4/27 16:39,看着像电动车着火了,0
2024/4/27 16:39,就是电动车引起的,0
2024/4/27 16:39,@刘亦菲?? 我去,1
2024/4/27 16:39,为什么会着火，这个才是真正需要考虑的。现在，电动汽车地库也着火,0
2024/4/27 16:39,电动车又得背锅了,1
2024/4/27 16:39,电动自行车的质量[捂脸],0
2024/4/27 16:39,多难方能兴邦，你们的苦难会让国家愈发强大[玫瑰][玫瑰][玫瑰],1
2024/4/27 16:40,[感谢][感谢],0
2024/4/27 16:40,这么黑?[红脸],1
2024/4/27 16:40,水火无情    大家都要引以为鉴,0
2024/4/27 16:40,为什么着??，什么原因导致的,0
2024/4/27 16:40,象湖 景城名郡 我就住旁边几栋,0
2024/4/27 16:40,我们电动车都是在小区固定点扫码充电  这样真的安全一些,0
2024/4/27 16:40,电动车坚决不能进楼道[赞][赞][赞],0
2024/4/27 16:40,@妹猪气嘟嘟,0
2024/4/27 16:40,不会又是电动车充电引起的吧,0
2024/4/27 16:40,nb,0
2024/4/27 16:40,被烟喷的而已，不是烧的,0
2024/4/27 16:40,真不懂一楼几十秒憋气往外冲都不敢嘛,1
2024/4/27 16:40,把不是俩字去掉[呲牙],0
2024/4/27 16:40,一楼？跑不出来[可怜]大白天,0
2024/4/27 16:40,这位女士估摸着也不行了,1
2024/4/27 16:40,到了现在，还有人把电动车放单元楼里，现在好了吧，把房子卖了都不够赔的。,1
2024/4/27 16:40,[感谢][感谢][感谢][感谢][感谢][感谢],0
2024/4/27 16:40,被烧焦跑出来这个女的毁容了,1
2024/4/27 16:40,"哎
[泣不成声]",0
2024/4/27 16:40,估计是电动车，瞬间燃烧，根本跑不掉,0
2024/4/27 16:40,下次起火烧起来你就知道后悔了，不敢，有什么有你自己的命重要。,1
2024/4/27 16:40,要是平时从这个窗掉下去你也就完了[灵机一动],1
2024/4/27 16:40,[感谢][感谢][感谢],0
2024/4/27 16:40,新能源的力量[赞],0
2024/4/27 16:40,又是电瓶车引发的吧,0
2024/4/27 16:40,@秋天夏天aaa 这也太吓人了,0
2024/4/27 16:41,@hour7 我隔壁[流泪],0
2024/4/27 16:41,身上都烧掉皮了，我附近小区的，好多人在说这个事,0
2024/4/27 16:41,该不会又是电动车充电吧？,0
2024/4/27 16:41,你仔细看看门口是什么电动车引燃 电池爆燃瞬间温度超千  整好在楼梯口哪里 ，你上不去跑不出来  搏一搏出门得大面积烧伤,1
2024/4/27 16:41,买了房，住的好像还是它们的家。,0
2024/4/27 16:41,好多人都喜欢拿电车上去家里充电,0
2024/4/27 16:41,应该是熏黑吧？不然头发还在？,0
2024/4/27 16:41,南昌那些楼下全部是停了一排电动车，上次我去那里住的，我看到都怕。,0
2024/4/27 16:41,@懒羊羊_,0
2024/4/27 16:41,哎！好吓人,0
2024/4/27 16:41,怎么那些人家这么容易着火？,1
2024/4/27 16:41,@??悠悠?? 吓死人[发呆],0
2024/4/27 16:41,说的就是你这些没有安全意识的人,1
2024/4/27 16:41,里面的电动车起火吧[抠鼻],1
2024/4/27 16:41,南昌事真多，，,0
2024/4/27 16:41,要是去厨房打开水龙头，弄湿被子披着，毛巾捂着口鼻等待救援，可以吗？真诚发问,0
2024/4/27 16:41,"住小区的感觉自己高人一等
这火烧的感觉如何",1
2024/4/27 16:42,@圆圆紫 @简.君,0
2024/4/27 16:42,一楼也难逃厄运呀，不止高层,0
2024/4/27 16:42,电瓶车惹的祸,0
2024/4/27 16:42,@波波龙 @富子。 @你快乐了吗,0
2024/4/27 16:42,[感谢][感谢][感谢],0
2024/4/27 16:42,唉呀[不看][不看][不看],0
2024/4/27 16:42,烧伤治疗太痛苦了，大脑清醒 身体极度痛苦。,0
2024/4/27 16:42,充电引起的 锂电池的着火灭不掉,0
2024/4/27 16:42,看样子是楼道的电瓶车起火了,0
2024/4/27 16:42,这几年怎么乱糟糟的？？[发呆],0
2024/4/27 16:42,肯定又是电动车充电,0
2024/4/27 16:42,完了，江西的老表。。江西的女生又少了几个，你们的比例又失衡了。又加重了。看来你们的彩礼钱又得噌噌往上涨了。[流泪][流泪][流泪][流泪]老表们节哀。,1
2024/4/27 16:42,以前有一个锂电池两轮电动车着火的视频。一个大人带一个小孩，骑行中突然爆燃，倒地，两个人直接烧死了，连跳车的机会都没有。,1
2024/4/27 16:42,我的天我都不知道这个事情,0
2024/4/27 16:42,@南昌物流货运公司  小夏 @求索不锈人生,0
2024/4/27 16:42,神仙都难救！全身烧伤的人,1
2024/4/27 16:42,又是电动车,0
2024/4/27 16:43,一楼发生火灾 都没逃出来？什么原因,0
2024/4/27 16:43,装修不要太豪华，，起火了都是易燃物，化纤毒烟,0
2024/4/27 16:43,我的天  今年怎么了都是火  大家都要注意 一定要平安啊,0
2024/4/27 16:43,好惨啊,0
2024/4/27 16:43,@々源来是氵,0
2024/4/27 16:43,这一看就是电动车原因,0
2024/4/27 16:43,电动车不能进楼！！！安全意识不够强,0
2024/4/27 16:43,就这没有消防验收我们小区也能交房,1
2024/4/27 16:43,电动车[晕],1
2024/4/27 16:43,肯定是电瓶车引起的？,0
2024/4/27 16:43,@小???肖 你附近[恐惧],1
2024/4/27 16:43,又是江西,1
2024/4/27 16:43,@米云 一楼[捂脸][捂脸][捂脸],0
2024/4/27 16:43,@七觅追寻夜阑珊 [发呆][发呆]好吓人,0
2024/4/27 16:43,对是这样,0
2024/4/27 16:43,所以才不安全呢，这下小区该整顿了,0
2024/4/27 16:43,火刚开始烧起来时候，宁愿顶着被烧伤也要赶紧出门！！！不要只知道躲在房间里，等越烧越大的时候就不是烧伤的问题了,0
2024/4/27 16:43,我看到了电瓶车,0
2024/4/27 16:43,什么原因起火的,0
2024/4/27 16:43,电动车放一楼大厅[赞][赞][赞][赞][赞]害死人,1
2024/4/27 16:43,不用出面12345，我对门就举报了，不知你，会让物业来出面的,0
2024/4/27 16:43,电瓶车啊,0
2024/4/27 16:43,一楼有防盗窗，如果门口着火，很难逃出去,0
2024/4/27 16:44,又是电动车引燃，发现有人把电动车推进单元楼或者在电瓶在家里充电的立刻报警，建议加大惩处和宣传力度，还有在空旷的场地设立充电桩,0
2024/4/27 16:44,熏肉[捂脸],0
2024/4/27 16:44,这个火难道都起在门窗硬硬赌死了[流泪],1
2024/4/27 16:44,看得起也很难活！全身感染！,1
2024/4/27 16:44,妈耶,1
2024/4/27 16:44,肯定又是电瓶车入户充电,1
2024/4/27 16:44,用电用气知识，消防安全知识大家不可忽视,0
2024/4/27 16:44,北方安的多，基本都安了，如果不安，难道一定是安的铁质的纱窗！,0
2024/4/27 16:44,是不是电瓶车又在楼道充电哦[再见],0
2024/4/27 16:44,掉皮了就会感染……这一关非常难得过[感谢][感谢],0
2024/4/27 16:44,??见里面的电动车了,0
2024/4/27 16:44,烧黑和熏黑差别很大，用词严谨点,0
2024/4/27 16:44,我们这个社会科普真的太少了，一味追求名和利，没办法都只能靠自己潜意识自救了,0
2024/4/27 16:44,其祷众生平安.南无阿弥陀佛[感谢][感谢][感谢],0
2024/4/27 16:44,全身变黑是怎么回事啊？,0
2024/4/27 16:44,一楼也来不及逃生吗,0
2024/4/27 16:45,又是电动车着火吗,0
2024/4/27 16:45,不是防盗而是防止不懂事的小孩掉下去,0
2024/4/27 16:45,我以前就楼，平方的住户把他家枕头在我们垃圾道烧了，烟顺着垃圾道进了楼道，我们全楼在家的几乎都跑出来了，我在六楼一边下楼一边敲门,0
2024/4/27 16:45,装修房子尽量少用可燃的东西,0
2024/4/27 16:45,一楼,0
2024/4/27 16:45,一楼伤亡弄大,1
2024/4/27 16:45,这个小区我住过，一楼过道全是电瓶车充电各种飞线，还有人电瓶车从电梯上楼充的都有,0
2024/4/27 16:45,说过多少遍了，宁愿住农村也别住小区,1
2024/4/27 16:45,我家楼上昨晚刚着火，老年人烧菜燃气漏气了，又去打燃气就烧着了吓死我们了,0
2024/4/27 16:45,这幢楼谁还敢住，阴气太重。,1
2024/4/27 16:45,估计电动车,0
2024/4/27 16:45,电瓶车是时候消失了。就和当年摩托车一样。几年时间直接干没了。,1
2024/4/27 16:45,因为他们喜欢:啊啊着火了，啊.着火了，啊.火??好大。啊着火了。啊火太大了逃不掉了。怎么办。,1
2024/4/27 16:45,@森屿,0
2024/4/27 16:45,电动车充电起火,0
2024/4/27 16:45,木地板好看吗，火灾的时候直接完犊子,1
2024/4/27 16:45,这就是为什么不能去城里买房的原因了。,0
2024/4/27 16:45,一楼充电瓶车的多，把通道都堵完说了又不听，气人的很，说了无所道了,1
2024/4/27 16:45,高层真的不要买，只要起火真的只能看命,1
2024/4/27 16:45,离我家十几层楼下前天晚上也着火了，不过物业处理及时吧，老人救出来了。但楼下还是挺严重，,0
2024/4/27 16:45,肯定是烧的，熏到这个程度，早晕过去了[感谢],0
2024/4/27 16:45,@Cleopatra.??,0
2024/4/27 16:46,是锂电池电动车,0
2024/4/27 16:46,这地方老出事[捂脸],1
2024/4/27 16:46,这种情况，拿床被子跑到卫生间，再打开水龙头会不会好一些？,0
2024/4/27 16:46,@旪北 @清欢言,0
2024/4/27 16:46,电单车要管理一下了，定时炸弹,0
2024/4/27 16:46,[流泪][流泪][流泪][感谢][感谢][感谢][感谢],0
2024/4/27 16:46,电动车吗？会,0
2024/4/27 16:46,一楼伤亡[翻白眼],1
2024/4/27 16:46,又是电瓶车,0
2024/4/27 16:46,太可怕了[泪奔],0
2024/4/27 16:46,电瓶车，液化气出事太多啦[捂脸],0
2024/4/27 16:47,@??Mia 天呐人都烧黑了,1
2024/4/27 16:47,[感谢][感谢][感谢],0
2024/4/27 16:47,幸福平安,0
2024/4/27 16:47,又是电瓶车着火,0
2024/4/27 16:47,江西很火！,0
2024/4/27 16:47,有的说高楼不能住，着火了怎么办？那这一楼是怎么回事呢？？？,0
2024/4/27 16:47,还以为黑人呢,1
2024/4/27 16:47,[感谢][感谢],0
2024/4/27 16:47,着火，把全家的水龙头打开有没有效果？把被子全部弄湿,1
2024/4/27 16:47,祝大家一切顺利平安！,0
2024/4/27 16:47,惨[流泪],0
2024/4/27 16:47,@乐多?????,0
2024/4/27 16:47,??????,0
2024/4/27 16:48,估计又是电瓶车,1
2024/4/27 16:48,[捂脸][捂脸][捂脸]城市好 城市住高楼大厦[捂脸]  鸽子???楼  教育好 好就业[看] 长大了 有还不完的房贷 车贷[看] [捂脸][捂脸][捂脸][捂脸][捂脸][捂脸][捂脸],0
2024/4/27 16:48,一楼,0
2024/4/27 16:48,最好的防备就是，在自己家里一人备一套设备，比如防烟罩，防护眼罩。有备无患，又花不了几个钱！！！,0
2024/4/27 16:48,好可惜,0
2024/4/27 16:48,不听劝，喜欢抬杠对着干,1
2024/4/27 16:48,就是电动车着火，我这边发生的,0
2024/4/27 16:48,[感谢][感谢][感谢][感谢][感谢][感谢][感谢],0
2024/4/27 16:48,全身被烧黑这个人活下来这辈子也完犊子了，如果他是男的的话，就再也找不到女朋友了，如果他是小姐姐的话，再也嫁不了高帅的小哥哥了[噢买尬],1
2024/4/27 16:48,我也是骑电动车的，我是不会在家冲电的,0
2024/4/27 16:48,消防栓是摆设？,1
2024/4/27 16:48,天呐??,0
2024/4/27 16:48,愿平安,0
2024/4/27 16:48,是呗，又是电瓶车在楼道充电导致的,0
2024/4/27 16:48,这算救出来的？不是自己跑出来的？,1
2024/4/27 16:48,又是电动车[灵机一动],0
2024/4/27 16:48,周末七点很多人还没有起床啊估计睡着被熏醒了[泪奔],0
2024/4/27 16:48,[感谢][感谢][感谢],0
2024/4/27 16:48,江西近期新闻太多了,0
2024/4/27 16:49,别躲在高楼里了，是时候下来了。密集型居住区不适合长期生活，也是反人类设计。,0
2024/4/27 16:49,我调查好了 电瓶车起火,0
2024/4/27 16:49,还买不买电动车,0
2024/4/27 16:49,装修越简单越不容易起火[看][看][看]没东西烧[看],0
2024/4/27 16:49,这好像又是电动车吗？,0
2024/4/27 16:49,楼道里面好像是个电动车在燃烧[宕机],0
2024/4/27 16:49,燃烧的烟气真能把人熏晕，有幸室内起火被熏过一次，整个人直接休克了，后来还是隔壁没睡死的同事闻着味进来扑灭了才把我弄醒,0
2024/4/27 16:49,可怕的是烟,0
2024/4/27 16:49,别住商品房了！真的很危险,0
2024/4/27 16:49,就是你猜的一样，火直接烧的起来，一个女孩子都是破窗站窗外，,1
2024/4/27 16:49,@雀食呆- 天,0
2024/4/27 16:49,我还以为我看到了鬼影行走[捂脸],0
2024/4/27 16:49,大家都应该注意安全，防火灾，有的住户不讲究,0
2024/4/27 16:49,不用猜，绝对电瓶车起火,0
2024/4/27 16:49,拿个毛毯浴巾这些放卫生巾淋湿透了直接披身上冲出来就可以了，捂住口鼻的地方拧干一下还不会被呛着，估计是刷抖音等着救命，，，,1
2024/4/27 16:49,那你还评论？,1
2024/4/27 16:49,[感谢][感谢][感谢],0
2024/4/27 16:49,@一口奥利奥 @知恩是仙女 @奶思兔米特you,0
2024/4/27 16:49,这种情况可以直接报警，为了自身安全，没必要讲情面,0
2024/4/27 16:49,我在二楼，可以跳到一楼的草坪,1
2024/4/27 16:49,[感谢]平安,0
2024/4/27 16:50,曼巴精神,0
2024/4/27 16:50,我不能理解的是为什么1楼起火都会逃不出来[流泪][流泪]！,0
2024/4/27 16:50,[感谢][感谢][感谢][感谢][感谢][玫瑰][玫瑰][玫瑰],0
2024/4/27 16:50,电动车里面充电,0
2024/4/27 16:50,这个很难活，后期的感染才是致命的,0
2024/4/27 16:50,那个全身烧黑的人还活着吧？太可怕了,1
2024/4/27 16:50,电瓶车违规充电的支持判刑,0
2024/4/27 16:50,江西月月有新闻[看],0
2024/4/27 16:50,一楼扫不出来吗,1
2024/4/27 16:50,不要说电动车，就说是锂电池,0
2024/4/27 16:50,那不失去防盗窗的意义了[笑哭][笑哭],0
2024/4/27 16:50,活着，我抖音有一个视频她说话了,0
2024/4/27 16:51,这个确实是电动车！,0
2024/4/27 16:51,又是南昌，江西最近是怎么了,0
2024/4/27 16:51,大面积烧伤真的是生不如死啊[泣不成声],0
2024/4/27 16:51,熏黑了,1
2024/4/27 16:51,南昌怎么了,0
2024/4/27 16:51,还有人推进去,1
2024/4/27 16:51,全身烧伤很难活，医疗费更是高的吓人,0
2024/4/27 16:51,看楼栋里面应该就是电动车,0
2024/4/27 16:51,肯定,0
2024/4/27 16:51,毒烟,1
2024/4/27 16:51,是烧，你看我抖音发的，手脚都烫伤了,0
2024/4/27 16:51,锂电池,0
2024/4/27 16:51,所以是电车好还是油车好,0
2024/4/27 16:51,@Chen98 @友谊,0
2024/4/27 16:51,又是电动车进屋？,0
2024/4/27 16:51,又是电动车,0
2024/4/27 16:52,怎么不拿棉被打湿跑出来,1
2024/4/27 16:52,生不如死,1
2024/4/27 16:52,怎么不禁,1
2024/4/27 16:52,南方是小偷多？还是家里有巨额财产？家家都按防盗网，我不能理解[尬笑][尬笑][尬笑],1
2024/4/27 16:52,别看现在能走能动，后期遭老罪了,1
2024/4/27 16:52,老样子是电瓶车引起的,0
2024/4/27 16:52,南昌马上开始大检查,0
2024/4/27 16:52,肯定在睡觉！,0
2024/4/27 16:52,不会又是电动车充电引起的吧？,0
2024/4/27 16:52,110,0
2024/4/27 16:52,我看到电动车在燃烧,0
2024/4/27 16:52,看通报说还在查起火原因，如果是楼道电动车引起??，应该很容易就能看出来。在说一楼起火关上门应该也烧不到里面去吧。,0
2024/4/27 16:52,一楼防盗窗，跑不出来,0
2024/4/27 16:52,[感谢][感谢][感谢],0
2024/4/27 16:52,[流泪][流泪],0
2024/4/27 16:53,禁卖电动车,0
2024/4/27 16:53,一楼啊，损失这么惨重,1
2024/4/27 16:53,这种在楼道充电的可以报警抓嘛？我楼上一户人家六楼飞线充电，怎么说都不听，气死个人，真的是想报警抓他,1
2024/4/27 16:53,烟熏死的,1
2024/4/27 16:53,服了，应该是给电车充电吧？,0
2024/4/27 16:53,电动车又推楼道去了[发怒],1
2024/4/27 16:53,黑烟全是毒，这家具物品装修材料没有好东西。,1
2024/4/27 16:53,是不是电动车干的,1
2024/4/27 16:53,这种视频发出来多少了？电动车还往小区楼道里推,1
2024/4/27 16:53,平安[感谢],0
2024/4/27 16:53,所以还是农村自己家房子好,0
2024/4/27 16:53,又是江西[九转大肠]今年江西发生的事有点多,0
2024/4/27 16:53,又在江西？,1
2024/4/27 16:53,肺感染严重啊,0
2024/4/27 16:53,所以说电瓶车别停楼下，可是有的人就是说不听,0
2024/4/27 16:54,你也不看看概率，电瓶车起火不知道看过多少次了，手机我可是一次没见过。不良厂家的电瓶很容易起火的,1
2024/4/27 16:54,天价房完了[流泪],0
2024/4/27 16:54,[666][666][666],0
2024/4/27 16:54,你这是确切消息来源吗[捂脸]我看着就是熏黑了啊，又不是烧焦,1
2024/4/27 16:54,看样子没被烧伤，头发还是完整的,0
2024/4/27 16:54,三天前我们这栋楼三十三层电瓶车在客厅充电着火了，好在是白天及时发现了，就他自己家烧了。,0
2024/4/27 16:54,举报吧，现在又推电瓶车的我都等下一趟在坐,0
2024/4/27 16:54,[捂脸][捂脸][捂脸],0
2024/4/27 16:54,[玫瑰][玫瑰][玫瑰],0
2024/4/27 16:54,[感谢][感谢][感谢][感谢][感谢][感谢][感谢][感谢][感谢][感谢][感谢][感谢][感谢][感谢],0
2024/4/27 16:54,好多一楼都有防护栏锁死,0
2024/4/27 16:54,锂电池才是关键,0
2024/4/27 16:54,电动车非得往楼道里推,1
2024/4/27 16:54,我们本地都没报道四川先报道[赞][捂脸],0
2024/4/27 16:54,家里备点一次性消防呼吸面罩,0
2024/4/27 16:55,今年的江西频频上热搜，希望大家都平平安安[感谢],0
2024/4/27 16:55,@薇vivi @乐仔__ 熏这么黑,1
2024/4/27 16:55,@瑞安新闻 @看看温州,0
2024/4/27 16:55,咋回事哦，不要在家中堆积杂物，,0
2024/4/27 16:55,如果是熏黑的应该没事，真实烧黑的，基本没没救了，还会很痛苦，她现在能走基本是身体自我保护机制，哎。,0
2024/4/27 16:55,这电动车没有人车分流的小区还真不能碰,0
2024/4/27 16:55,最近为什么电瓶易燃。不大力查电瓶吗,0
2024/4/27 16:56,应该杂物太多了，我建议没啥用的东西心疼点，扔了，为以防火灾快速通过，和火灾少点助燃[捂脸],0
2024/4/27 16:56,到现在还有电动车上楼的呢[捂脸]我也不敢说啊，说完我们骂我咋整,1
2024/4/27 16:56,我不能理解的是为什么1楼起火都会逃不出来[流泪][流泪]！,0
2024/4/27 16:56,哈哈,0
2024/4/27 16:56,又是电瓶车推进去了,1
2024/4/27 16:56,看到了电动车进屋[捂脸],0
2024/4/27 16:56,太可怕了，水火无情[发呆],0
2024/4/27 16:56,人烧黑了，可能活不了[流泪],1
2024/4/27 16:56,就说1楼生命通道是不是被堵死了，不然怎么会跑不出去，我们这里就是，生命通道被自行车，玩具车堵死了，说了管几天又堵了。,0
2024/4/27 16:56,又是电动车自燃，那么危险怎么就是不禁,1
2024/4/27 16:56,哟，说高层不能买的，出来走两步[发呆],1
2024/4/27 16:56,[赞][赞][赞],0
2024/4/27 16:56,为什么每次事故都能保证在3死一下？,1
2024/4/27 16:56,缺氧会死亡。,0
2024/4/27 16:56,心痛,0
2024/4/27 16:56,这小区住的我都心慌！我住2楼 经常有人推电动车进电梯上2楼 停我家门口充电[捂脸],0
2024/4/27 16:57,谁敢说啊，那种人你说了他还不得去堵你家门锁眼，真的！有的人真没素质,1
2024/4/27 16:57,这个估计烧伤面积不大，可能是烟灰。,0
2024/4/27 16:57,可能是楼道里着火不知道，关着门，然后又安装了防盗窗，发现了就跑不了了。,0
2024/4/27 16:57,如果是极端呢 往你身上汽油呢[看],1
2024/4/27 16:57,这得有多痛啊,0
2024/4/27 16:57,，高层住宅，住户就把电瓶车放门口边上，放车棚里不安全。,0
2024/4/27 16:57,我就是这个小区的，电动车都是推到楼道去的，这些人都当自己电动车是宝知道吧，楼道起火没意识的老人小孩无论往下走还是往上走都危险。,0
2024/4/27 16:57,有一次楼上也是有人把电瓶车骑电梯，我就说了，安全第一，如果她不听，你就报警。,0
2024/4/27 16:57,离她远点，她拿的是电瓶搞不好就是定时炸弹,1
2024/4/27 16:57,天呐,0
2024/4/27 16:57,江西怪事儿好多  还是建议少去,1
2024/4/27 16:57,充电引发的吧,0
2024/4/27 16:57,一看就是电动车,0
2024/4/27 16:57,据说这个小区消防栓坏了，没有水,0
2024/4/27 16:57,@杨漂亮,0
2024/4/27 16:57,能是电梯里着火不,1
2024/4/27 16:58,跟其物业反馈 让物业去提醒 提醒无果调她监控发群里,1
2024/4/27 16:58,一楼都没跑出来,1
2024/4/27 16:58,南昌一直在着火，百分之八十都是电动车违规充电造成，南昌电动车又多,0
2024/4/27 16:58,只有电动车会这样，楼道，楼梯口，只有电动车着火才能造成这样的后果。燃烧速度快，产生的烟雾剧毒，不到一分钟，就可以给1楼到10全部充满浓烟，这种有毒烟，只需要3个呼吸，你就晕倒，2分钟，就抢救不过来了。17年到22年，遇到过很多这样的领情，实在可怕，带着空呼进去，出来后鼻子里和嘴里都是黑的。,0
2024/4/27 16:58,一楼为什么逃不出来？,1
2024/4/27 16:58,电瓶车,0
2024/4/27 16:58,应该是电瓶车起火，,0
2024/4/27 16:58,逃生窗上锁，怎么逃生,0
2024/4/27 16:58,这是对的，为你点赞[赞]我家也是二楼按的防护网，也有一个安全门可以打开逃生的,0
2024/4/27 16:58,[赞][赞][赞],0
2024/4/27 16:58,怎么搞的,1
2024/4/27 16:58,[发呆][发呆][发呆]深井啊,0
2024/4/27 16:58,水火无情，三条人命。严惩电动车进楼道[感谢][感谢][感谢],0
2024/4/27 16:58,这女的太可怜了,0
2024/4/27 16:58,所以我有个建议，大家都不要迈电瓶车，就像以前一样都骑自行车,0
2024/4/27 16:58,原来买房不在乎几楼！一楼也可能逃不出去！得看命！,0
2024/4/27 16:58,本人多次反应没有消防用水，街办社区敷衍回复！真胆大,1
2024/4/27 16:58,看到这视频隔着屏幕都闻到味道[快哭了][快哭了][快哭了][快哭了][快哭了][快哭了],0
2024/4/27 16:58,@@辛锝SHMALI诗玛理发型,0
2024/4/27 16:58,怎么着火的,0
2024/4/27 16:58,看到电动车了，又是电动车[紫薇别走],1
2024/4/27 16:58,又是江西[我想静静],1
2024/4/27 16:59,白天能这么快烧这么大，而且在一楼还来不及跑出来肯定是易燃易爆的东西或者气体着了[眼含热泪],0
2024/4/27 16:59,估计跟腾宇物业没有好大的关系！照常营业,0
2024/4/27 16:59,一楼，肯定是电瓶车没错了,0
2024/4/27 16:59,住到二楼的人，会不会感觉自己现在住在锅里面？,0
2024/4/27 16:59,一楼失火能烧死三个？哎！命苦啊,0
2024/4/27 16:59,电瓶车 电瓶车,0
2024/4/27 16:59,电梯房还有人把电动车推回家，服了。[尬笑],1
2024/4/27 16:59,看面积大不大。如果不多还好,0
2024/4/27 16:59,不用想，肯定是又把电车堵楼门口了,1
2024/4/27 16:59,电动自行车着火的多,0
2024/4/27 16:59,[感谢][感谢][感谢],0
2024/4/27 16:59,我们这边前几天跟一楼业主还是退休教师 吵得把电瓶车推进室内充电[捂脸][捂脸][捂脸],0
2024/4/27 16:59,好像是为了续航换的锂电池，那个烧的很厉害,1
2024/4/27 16:59,[感谢],0
2024/4/27 16:59,是不是又有人违规充电瓶？,0
2024/4/27 16:59,一楼都喜欢防盗窗的，就是一个牢笼一样,1
2024/4/27 16:59,用词能不能严肃一点，熏黑跟烧黑有很大区别，烧黑他还能走出来？,1
2024/4/27 17:00,A燃气使用不当B电动车充电着火C线路老化D以上三种都不是(？),0
2024/4/27 17:00,1楼，还能烧死人！？[微笑],1
2024/4/27 17:00,一楼开门就跑到底有多少人怎么出不来,1
2024/4/27 17:00,我家的楼道里什么都不让放,0
2024/4/27 17:00,[感谢][感谢][感谢],0
2024/4/27 17:00,整个象湖住宅小区普遍均存在着这种电动车乱停乱充的现象,0
2024/4/27 17:00,估计又是电车起火,1
2024/4/27 17:00,并不是，电瓶车起火频率其实不高，只是你看新闻多而已,0
2024/4/27 17:00,天天宣传电动车不要放楼道，这些人就不听。,0
2024/4/27 17:00,爆炸??,0
2024/4/27 17:00,水火无情,0
2024/4/27 17:00,[感谢][感谢],0
2024/4/27 17:00,@鱼の泪,0
2024/4/27 17:01,相信他们肯定都能活！,0
2024/4/27 17:01,把物业换了。多修点电动车棚。,0
2024/4/27 17:01,家里也要装烟雾报警器呀,0
2024/4/27 17:01,电瓶车,0
2024/4/27 17:01,吓死,1
2024/4/27 17:01,1楼火灾能这样[捂脸],0
2024/4/27 17:01,脑回路清奇[赞],0
2024/4/27 17:01,电动车,0
2024/4/27 17:01,还???是江西3个月，榜一,1
2024/4/27 17:01,景城名郡就在我家隔壁！！！[震惊],0
2024/4/27 17:01,慎买老小区,0
2024/4/27 17:02,大部分人不知道怎么跑和自救,0
2024/4/27 17:02,所以还是得做个安全通道，以免逃生的时候能用到,0
2024/4/27 17:02,还是农村好,0
2024/4/27 17:02,我猜起火原因是电动车推到楼道充电了[呆无辜],0
2024/4/27 17:02,"2023年7月2日我们单元电失火，3死3伤
快一年了没处理[感谢][感谢][感谢]",0
2024/4/27 17:02,哎，现在的装修风格全都是木板，一着火起来真的是。很无语,0
2024/4/27 17:02,@细??别叫啦.,1
2024/4/27 17:02,愿大家平安[感谢][感谢][感谢],0
2024/4/27 17:02,我们小区，就是我们这栋楼的一楼楼梯口，本来楼梯就很窄，本地人放了一辆电瓶车放在楼梯口边上，已经占了一半的楼梯，我跟物业反应过没有用，它充电也是直接在楼梯口那里充的，可能哪天也是要着大火烧死人才能吸取教训，不然没人听劝，每天经过楼梯口看到那电瓶车就特别生气,1
2024/4/27 17:02,在火灾面前几楼都一样，逃不出来你也没办法,1
2024/4/27 17:02,住商品房就是危险一着火想跑都跑不掉,1
2024/4/27 17:03,主要是必须留好逃生通道,0
2024/4/27 17:03,新能源惹的祸,0
2024/4/27 17:03,说啥不住楼,1
2024/4/27 17:03,一楼里面肯定有电瓶车,0
2024/4/27 17:03,有,0
2024/4/27 17:03,是哦，手上脚上都烧了,1
2024/4/27 17:03,@?????,0
2024/4/27 17:03,好多年前，我家公他们为了省钱，也是把电车推进电梯回家充电，这种老人真的是一点安全意识都没有。,1
2024/4/27 17:03,所以说不能安防盗网,0
2024/4/27 17:03,@Rin（私信被封版）,1
2024/4/27 17:03,[感谢][感谢][感谢],0
2024/4/27 17:03,大家知道楼里面的烟感是什么吗？手报是什么？消火栓怎么启动吗？其实每个楼里都有消防报警系统，但会用的有几个人呢？,0
2024/4/27 17:03,目测一楼是电动车起火,0
2024/4/27 17:03,我们县里廉租房，还有推上楼的,0
2024/4/27 17:04,有的连天台门锁了,0
2024/4/27 17:04,我瞎说，又把电动车推楼道去了吧？,1
2024/4/27 17:04,需要很多年慢慢植皮，而且价格昂贵,0
2024/4/27 17:04,一楼都跑不出啦吗,1
2024/4/27 17:04,所以说一楼不要做防护栏全部封死多留几条活动的,0
2024/4/27 17:04,消防出警多久到现场？[抠鼻],0
2024/4/27 17:04,@脆啵啵?? [流泪],0
2024/4/27 17:04,天内[感谢][感谢][感谢][感谢][感谢],0
2024/4/27 17:04,电动车起火就是几秒钟就要烧起来，而且好大跑不赢的,0
2024/4/27 17:04,[感谢][感谢][感谢],0
2024/4/27 17:04,夏天来了，大家都注意防火，任何时候都要提高警惕,0
2024/4/27 17:04,防盗窗一定要留逃生通道！,0
2024/4/27 17:04,还是农村好，高楼大厦危险多,0
2024/4/27 17:04,完了,0
2024/4/27 17:04,"选择题()
A燃气使用不当
B电动车起火
C燃气使用不当
D以上三种都不是",0
2024/4/27 17:05,喝大了吧,1
2024/4/27 17:05,祈愿她平安早日康复[感谢],0
2024/4/27 17:05,@婷??,0
2024/4/27 17:05,又是江西,1
2024/4/27 17:05,肺部感染才可怕,0
2024/4/27 17:05,小区物业好差劲,1
2024/4/27 17:05,外面弄车棚就跟做样子似的，完全没认真，要是能满足需求，肯定没人推进去，而且外面不是弄不起来,1
2024/4/27 17:05,你看吧，鸽子楼,1
2024/4/27 17:05,这样的电瓶怎么还在使用？,1
2024/4/27 17:06,不行，进去在烧一会，消防马上就来了[捂脸],1
2024/4/27 17:06,都回农村住吧，别住这种高层了一点都不安全，都别在城里买房了，回家做田,1
2024/4/27 17:06,傻，烟一起来马上倒,1
2024/4/27 17:06,可能是爆燃并封了出口,0
2024/4/27 17:06,不会都在睡午觉吧[感谢],0
2024/4/27 17:06,看样子又是电瓶车,0
2024/4/27 17:06,[感谢][感谢][感谢]水火无情，希望灾难不要再次发生,0
2024/4/27 17:06,希望她早愈,0
2024/4/27 17:06,哎   一楼啊,0
2024/4/27 17:06,@沉郁?,0
2024/4/27 17:06,@慧芷兰心,0
2024/4/27 17:06,什么破物业[泣不成声],1
2024/4/27 17:07,低楼层不能买了,0
2024/4/27 17:07,家里防火报警装置的重要性，说实话，装一个几百块钱，一年一天也就一两块钱，遇到火灾时，第一时间报警，家里财物我不说，至少第一时间为你争取了逃跑时间！也不至于火势大了无法逃跑。如果火势不严重，第一时间也可以将火扑灭。,0
2024/4/27 17:07,木房子还是比较容易着火。,0
2024/4/27 17:07,装防盗栅栏一定要装有钥匙和锁能打开的,0
2024/4/27 17:07,江西奇葩事真多,1
2024/4/27 17:07,一直有个疑问，像我这种住高层的，遇到楼下发生火灾是不是应该往顶楼跑！？,0
2024/4/27 17:07,如果大面积烧伤以后，余生可能会在医院里恒温房间渡过,0
2024/4/27 17:07,就算能活，每个都得准备300万起步的医药费。,1
2024/4/27 17:07,我有个问题 这种情况楼层高的是该跑还是不该跑[宕机],0
2024/4/27 17:07,大概率又是电动车,0
2024/4/27 17:07,@地瓜,0
2024/4/27 17:07,基本是活不了的,1
2024/4/27 17:08,你一看就没见过火长啥样[尬笑],1
2024/4/27 17:08,不是风卷走了 就是火烧了 南昌不易,0
2024/4/27 17:08,消防栓没有水吗？,0
2024/4/27 17:08,可恨的还有带电池回家充电[流泪],1
2024/4/27 17:08,电瓶车不能进楼道,0
2024/4/27 17:08,要加强防范火灾[流泪][流泪],0
2024/4/27 17:08,生不如死[流泪],1
2024/4/27 17:08,希望人们都能平平安安[感谢][感谢][感谢],0
2024/4/27 17:09,[感谢][感谢][感谢],0
2024/4/27 17:09,电动火猛的用，30秒死一屋都可能,1
2024/4/27 17:09,坚决举报，,1
2024/4/27 17:09,这个小区基本上每个月都会有几次电动车起火，飞线话题说不动。,0
2024/4/27 17:09,电瓶车吗？,0
2024/4/27 17:09,杂发生火灾的,1
2024/4/27 17:09,二二年烧蚊香差点失火如果我家狗狗没叫醒我估计也活不成了[捂脸],0
2024/4/27 17:09,之前我住过这个小区，虾仁,0
2024/4/27 17:09,之前我们楼道有电瓶车充电，我直接报警，我也不敢说他，我就报警，警察来管了,0
2024/4/27 17:09,我家四个防盗网就有两个可以逃生的，当时焊防盗网的人特意留了一个门上了锁，我住在四楼,0
2024/4/27 17:09,电车在门口着了,0
2024/4/27 17:10,[感谢][感谢][感谢],0
2024/4/27 17:10,提灯定损？[衰][衰][衰][衰][衰][衰][衰][衰],1
2024/4/27 17:10,吓人,1
2024/4/27 17:10,跟物业说，物业如果不管就打110,0
2024/4/27 17:10,哪里哟,0
2024/4/27 17:10,都是防盗窗。在一楼也跑不掉。,0
2024/4/27 17:10,身上有黑灰，并不代表是烧的发黑，标题不够严谨，容易引起误导，看视频状态应该是身上有黑灰，不是烧的发黑[感谢][感谢][感谢],0
2024/4/27 17:10,前些日子严打了一阵，今天回家发现隔壁不怕死的鬼，又把电车推上来了。,1
2024/4/27 17:10,你看地址哈,0
2024/4/27 17:10,禁电摩，开放摩托车,0
2024/4/27 17:10,江西，又是江西,1
2024/4/27 17:10,天呐[感谢][感谢][感谢][快哭了],0
2024/4/27 17:10,城市里面这么好的钢筋平房，为什么总是这么会着火呢？我就奇了怪了，叫你们不能用煤气罐，你们不听。,1
2024/4/27 17:10,一看就是电动车,0
2024/4/27 17:10,@/????\? @妳的影子 @二傻子,1
2024/4/27 17:10,看着象电瓶车起火,0
2024/4/27 17:11,电瓶充电了，,0
2024/4/27 17:11,我知道南昌   不知道哪里,0
2024/4/27 17:11,一楼都跑不出来  高层着火不敢想象,0
2024/4/27 17:11,前段时间新余火灾后没大检查吗,0
2024/4/27 17:11,几栋啊,0
2024/4/27 17:11,电线短路不会爆燃，顶多烧点塑料外壳,0
2024/4/27 17:11,电瓶车赔钱，明明电瓶车就是最危险的，还放楼道里,1
2024/4/27 17:11,像湖,0
2024/4/27 17:11,一楼逃不出应该是有防护网逃不出来[流泪],0
2024/4/27 17:11,我家还在装修，打算以后买几套消防应急装备。,0
2024/4/27 17:11,这种还能走，估计熏黑的吧，我有一个96%烧伤，花了估计有500万以上治疗,1
2024/4/27 17:11,他一楼装了防盗窗。,0
2024/4/27 17:11,我小区，还不知道啥情况，刚刚看到好多人围观才知道就在隔壁栋,0
2024/4/27 17:11,还好我没住哪里,0
2024/4/27 17:11,是江西南昌吗？就那个让日本人优先的城市,1
2024/4/27 17:11,纵容犯罪承担同样责任,1
2024/4/27 17:11,应该是电动车充电，仔细看燃烧那个镜头,0
2024/4/27 17:11,搞经济，不足挂齿,1
2024/4/27 17:11,大多是铅酸电池，只有一部分是锂电池，还是最近几年新出现的，买车时候要问清楚,0
2024/4/27 17:12,火灾太可怕了,0
2024/4/27 17:12,@YIN～ @掌心吻 @肥嘟嘟左卫门?? @低调?,0
2024/4/27 17:12,全是高层,0
2024/4/27 17:12,又是电瓶车吧？,0
2024/4/27 17:12,一天天的就你事多 广东人吃猫都没叨叨你呢,1
2024/4/27 17:12,不是，你们别拿这区区一两个案例来压迫我们电动车出行阶层，我的车是不会咬人…我的车是不会自燃的[看][看][看][看],1
2024/4/27 17:12,你问问他们想不想活,1
2024/4/27 17:12,又是电动车,0
2024/4/27 17:12,@BL王富贵,0
2024/4/27 17:12,怎么又是象湖,1
2024/4/27 17:12,南昌的一附院象湖的，是最好的,0
2024/4/27 17:12,就怕社会发展到最后还是觉得住平房安全,0
2024/4/27 17:12,我们小区已安装电动车阻止上楼设备，但是不管用，还是能上去，这种没备有后门。,0
2024/4/27 17:12,要老命了，举报吧,1
2024/4/27 17:13,电动车充电自燃，里面停了一堆电动车,0
2024/4/27 17:13,[感谢][感谢][感谢][感谢],0
2024/4/27 17:13,不懂逃生，窒息烟呛死死很正常,1
2024/4/27 17:13,电动车不进楼道，有些业主就不听，电动车起火很快而且烟有毒……,0
2024/4/27 17:13,我们单元也有一个拿电瓶上楼充电，就我隔壁，说他了还拿,1
2024/4/27 17:13,电瓶车真的不能在楼道内冲电，我们小区前几天管理了几天，又恢复原样了，又要管几天了，周而复始，不发生在自己身上，永远得不到根治，说出来又会被喷，永久是得不到根治了吗，烧成那样，看着都疼,0
2024/4/27 17:13,要紧啊,0
2024/4/27 17:13,防护网不是都留有一扇逃生小门吗？我家6楼防护网就留有一扇小门,0
2024/4/27 17:13,[感谢][感谢][感谢][感谢][感谢]太惨,0
2024/4/27 17:13,又是电瓶车放楼道？,0
2024/4/27 17:13,这个小区，就差没有养牛养羊了！物业的专职是给违建违章行为收红包发通行证的,1
2024/4/27 17:13,刚起火的时候没发现吗,0
2024/4/27 17:13,是不是电瓶车停在一楼厅里的,0
2024/4/27 17:14,[感谢][感谢][感谢][感谢][感谢],0
2024/4/27 17:14,又是电动车,0
2024/4/27 17:14,有没有可能是被熏黑的[捂脸],0
2024/4/27 17:14,谁把电动车推到楼道里面去了？消防天天宣传！,0
2024/4/27 17:14,电瓶车一定要在指定位置充电,0
2024/4/27 17:14,[感谢][感谢][感谢],0
2024/4/27 17:14,我们安置房下面放电瓶车，不过没充电，一楼也有住户,0
2024/4/27 17:14,电线老化，烟头,0
2024/4/27 17:14,电动车充电坑死人呀,1
2024/4/27 17:14,我有钱都不去买高楼,0
2024/4/27 17:14,[666][666][666],0
2024/4/27 17:15,最后有那种应急破坏可以打开的,0
2024/4/27 17:15,被烧是真疼感受过,1
2024/4/27 17:15,大力发展新能源电动车[抠鼻],0
2024/4/27 17:15,不能理解，这么矮的楼，而且是一楼着火，怎么会死这么多人,1
2024/4/27 17:15,装了防盗窗出不去，起火铁门是打不开的,0
2024/4/27 17:15,哎??……,0
2024/4/27 17:15,这样说吧，电动车自燃瞬间大火堵在门口起火，里面的人还没发现闻到味道，等闻到了味道发现火把楼梯吊顶跟门口烧起来了，跑不了啦,0
2024/4/27 17:15,看着咋像是电动车在烧,0
2024/4/27 17:15,就是一楼电瓶车有火，没有地方跑，楼道被堵塞了,0
2024/4/27 17:15,可能又是电瓶车起火,0
2024/4/27 17:15,看着像一楼电动车,0
2024/4/27 17:16,防盗网不留窗口，真要命,0
2024/4/27 17:16,我隔壁邻居还总是把电车推到他家里充电,0
2024/4/27 17:16,可怜 这下子是肾上腺素飙升 可能没痛感 后续就难了,0
2024/4/27 17:16,家人们，防毒面具赶紧备几套。以防万一。。。。,1
2024/4/27 17:16,肯定是电动车,0
2024/4/27 17:16,高层 电频车,0
2024/4/27 17:16,起火的电池都是新国标的锂电池,0
2024/4/27 17:16,怎么起火的啊,0
2024/4/27 17:16,看样子像电动车在一楼过道起火，我只是猜测，不知道对不对，把出来的路封死了，窗户又是死的，没办法逃出来,0
2024/4/27 17:16,嗯,0
2024/4/27 17:16,估计是老人,0
2024/4/27 17:16,[感谢][感谢][感谢],0
2024/4/27 17:16,都是旧锂电池或者报废锂电池.退下来制作电动车用,0
2024/4/27 17:16,一楼都逃不出来是睡着了吗,1
2024/4/27 17:16,天天买好防盗门窗，防了自己啦,0
2024/4/27 17:17,要防火于未然，警钟长鸣，安全始终放第一,0
2024/4/27 17:17,电动车真的危险,0
2024/4/27 17:17,这个小区经常有人把电动车到楼上充电，物业不管,0
2024/4/27 17:17,一楼都能让烧了[捂脸][捂脸][捂脸]不应该丫,1
2024/4/27 17:17,烧伤好难受、特别是严重的活着也是受罪、,0
2024/4/27 17:17,天台上不去吗,0
2024/4/27 17:17,这个很难活，后期的感染才是致命的,0
2024/4/27 17:17,愿平安[感谢][感谢][感谢],0
2024/4/27 17:17,不可能熏，不存在,1
2024/4/27 17:17,听得懂么,0
2024/4/27 17:17,并且只能用自己的皮来移植，割皮的时候还不能打麻药。,1
2024/4/27 17:17,就算能医最小百万起，哎可怜[感谢],0
2024/4/27 17:17,视频电瓶车着火了啊？,0
2024/4/27 17:17,没消防连廊,0
2024/4/27 17:17,憋气也有好几秒跑路的时间。,0
2024/4/27 17:17,[666][666][666],0
2024/4/27 17:17,说实话：物业没法管，没有管理权，弄过激了，不交物业费了，管少了出事了。,0
2024/4/27 17:17,又是电动车,0
2024/4/27 17:17,@咦耶,0
2024/4/27 17:17,已经死了3个了,1
2024/4/27 17:17,那是熏黑的吧,1
2024/4/27 17:17,防盗窗侧面应该开个小窗口,0
2024/4/27 17:17,烧伤面积大的要睡沙床,1
2024/4/27 17:18,住高楼有什么好处,0
2024/4/27 17:18,睡着了嘛？,0
2024/4/27 17:18,又系江西,1
2024/4/27 17:18,无论是不是电动车着火所致，单元里停放的电动车都要按照蓄意谋杀计算,1
2024/4/27 17:18,别买房别买房，,0
2024/4/27 17:18,肯定又是电动车惹的祸！,1
2024/4/27 17:18,估计这个房子也要拆迁了[赞],0
2024/4/27 17:18,[流泪][感谢][感谢][感谢][感谢][感谢][感谢][感谢][感谢][感谢][感谢][感谢][感谢][感谢][感谢][感谢][感谢][感谢][感谢][感谢][感谢][感谢][感谢][感谢][感谢][感谢][感谢][感谢][感谢][感谢][感谢][感谢][感谢][感谢][感谢][感谢][感谢][感谢][感谢][感谢][感谢][感谢][感谢][感谢][感谢][感谢][感谢][感谢][感谢][感谢][感谢],0
2024/4/27 17:18,怎么发生的,0
2024/4/27 17:18,先给物业说，物业不管直接打119说消防不过关,1
2024/4/27 17:18,过度装修，衣服买的又多，一个房子里都是易燃物。,1
2024/4/27 17:18,我们小区仍然有很多人从自家楼上拉线冲电,0
2024/4/27 17:18,因什么而起火的？,0
2024/4/27 17:18,往顶楼跑啊,0
2024/4/27 17:18,@咪咪不吃罐头 @烤板栗 @大宝??,0
2024/4/27 17:18,是什么引起火灾[酷拽][酷拽],0
2024/4/27 17:18,一楼？跑出去吗？,0
2024/4/27 17:18,不要买一楼，有些一楼被人家放了很多杂物很容易起火。,0
2024/4/27 17:18,整栋楼就这个出口吗,0
2024/4/27 17:18,啥起火跑的机会都没有,1
2024/4/27 17:18,[感谢][感谢][感谢],0
2024/4/27 17:19,电瓶车,0
2024/4/27 17:19,熏成这样。 肺部受损极大。,1
2024/4/27 17:19,好想回农村,0
2024/4/27 17:19,你一定得说，发业主群里,1
2024/4/27 17:19,一楼怎么还来不及跑出来啊 好恐怖[尬笑],1
2024/4/27 17:19,[感谢][感谢][感谢],0
2024/4/27 17:19,又是电动车上楼充电,0
2024/4/27 17:19,我们这的一个饭店后厨着火，人活蹦乱跳的出来的，烧伤面积百分之八十多吧！没几天人就走了。出来的时候好好的,1
2024/4/27 17:19,卧槽，一楼不应该啊,1
2024/4/27 17:19,以后不住高楼住平房[宕机][宕机][宕机],0
2024/4/27 17:19,一楼他们都在睡觉吗[流泪],0
2024/4/27 17:19,电池车真恐怖,1
2024/4/27 17:19,"我这个城市 基本上都没有防盗窗   我这个城市我就知道有一个老住宅有防盗窗

剩下的都没有[捂脸][捂脸][捂脸]",0
2024/4/27 17:20,毒烟我是真遇到过，眼睛睁不开，呼吸一口就噎的难受，只有憋气跑，睁不开眼睛憋气跑加上心里害怕，基本上芭比Q,0
2024/4/27 17:20,这个不能躺地下，因为会感染的[泣不成声],0
2024/4/27 17:20,电动车惹的祸吧,0
2024/4/27 17:20,[感谢],0
2024/4/27 17:20,早几天我们地下室车库着火浓浓的烟雾，就几米的路，看都看不到，还有个被熏晕了，着火关键是烟雾,0
2024/4/27 17:20,南昌，是那个酒店入住日本人优先的南昌吗,1
2024/4/27 17:20,又是鸽子楼？它们还天天让人进城买房[捂脸][捂脸][捂脸],0
2024/4/27 17:20,不是天然气就是电动车[捂脸],0
2024/4/27 17:20,卧槽,1
2024/4/27 17:20,幸亏我家是三楼啊  能跑的很溜,0
2024/4/27 17:20,就把这个视频播放给她看[看],0
2024/4/27 17:20,[流泪][流泪][流泪][感谢][感谢][感谢],0
2024/4/27 17:20,@张三不是四四,1
2024/4/27 17:20,说不要高层，起火跑不掉的，人家1楼要烧死照样，很多层没关系，关键是消防和消防意识是否过关,0
2024/4/27 17:20,你觉得死的人傻？？,1
2024/4/27 17:20,支付宝市政可以举报,0
2024/4/27 17:20,[666][666][666],0
2024/4/27 17:20,又是三人，出事都是“三人警告”,1
2024/4/27 17:21,啊啊啊烧黑了,0
2024/4/27 17:21,鸽子楼不好逃脱啊，得升级,0
2024/4/27 17:21,我以为是机器人 第一眼还以为是终结者,0
2024/4/27 17:21,太可怕了，危险时有发生,0
2024/4/27 17:21,电池要一年换一次,0
2024/4/27 17:21,我们这去年也是住里一二楼，女里跟娃在二睡觉烧死了，一楼还是开里店，着火,1
2024/4/27 17:21,高楼跑不了，低层也跑不掉吗,0
2024/4/27 17:21,电动车着火的烟有毒,0
2024/4/27 17:21,天！一楼都没及时出来,0
2024/4/27 17:21,是不是因为有防盗网逃不出来？[酷拽],0
2024/4/27 17:21,@wait @我车不是救护车,0
2024/4/27 17:22,又是楼道里电瓶车充电？,0
2024/4/27 17:22,@你好啊阿熊熊,0
2024/4/27 17:22,一楼都逃不出来啊,1
2024/4/27 17:22,这是啥引起的，充电还是电路问题,0
2024/4/27 17:22,住商品房真好,0
2024/4/27 17:22,现在的充电电动车????????害人害命[弱][弱][弱][弱]充电的时候也不知道什么时候会起火[投降][投降][投降],1
2024/4/27 17:22,?? 起????,0
2024/4/27 17:22,是啊,0
2024/4/27 17:22,江西：咕咕鸟纸巾事件、指鼠为鸭事件、提灯定损事件、开封王婆在江西的睁眼看世界的觉醒姐事件。,0
2024/4/27 17:22,不出意外又是电瓶车背锅，百分之九千万兆亿！,1
2024/4/27 17:22,前两天刚做的消防培训，黑色浓烟几十秒就能把人熏晕，人不是烧死的是熏死的[难过],0
2024/4/27 17:22,如果是电瓶车引起的话是不是建议不要用了。至从有了电车这几年死在电瓶车上人多少了？包括电动汽车。,1
2024/4/27 17:22,感觉还是电动车着火，放楼道电动车的那些人，该醒醒了,0
2024/4/27 17:22,是不是前几天、大风把人刮跑的城市,0
2024/4/27 17:22,是谁发明了电动车,0
2024/4/27 17:22,这是自己家人，还是租的房子？,0
2024/4/27 17:22,我以为这女的是美国????闹事那边什么火场跑出来的，最近老给我推。[泪奔],1
2024/4/27 17:22,祝愿平安,0
2024/4/27 17:22,怎么这么恐怖，为什么会起火[捂脸],0
2024/4/27 17:22,一楼跑不出来？,1
2024/4/27 17:22,这种情况我亲身体验过            太恐怖了,0
2024/4/27 17:22,是什么标准不重要，重要是业主不让做你非得做，出了事是不是你担责嘛,1
2024/4/27 17:23,这种被烧伤花钱治疗谁承担,0
2024/4/27 17:23,不能跑到楼顶吗，或者躲到家里关窗户,0
2024/4/27 17:23,又是电动车电池??,0
2024/4/27 17:23,1楼火灾还能死3人，这是怎么操作呢[捂脸],1
2024/4/27 17:23,没办法，全城禁摩,0
2024/4/27 17:23,电瓶车吗,0
2024/4/27 17:23,一楼除了电动车，任何自然物都不能放，要不然唯一的出口就没了,0
2024/4/27 17:23,门被反锁还是咋的？不然的话就是从三楼也能逃出来呀！[尬笑][尬笑][尬笑],0
2024/4/27 17:23,现在那些城市里面的房子，我有时经常感觉到，就像地牢，一层一层的铁门，进大门是铁门，进大门是铁门，客厅卧室都是铁门，不熟悉的人，你进去了，有时候你分不清从哪里出来，,0
2024/4/27 17:23,这样的建筑太危险。发生火灾，跑不了。天危险了[捂脸],0
2024/4/27 17:23,不是1楼啊，家里睡死了吗,1
2024/4/27 17:23,不幸中的万幸,0
2024/4/27 17:23,一楼起火往哪里跑？一楼不是出口吗？,0
2024/4/27 17:23,你要经历过就知道了，十个台阶很有可能都跑不掉,0
2024/4/27 17:24,湖南烟花都爆炸[笑哭],0
2024/4/27 17:24,想不通，一楼会跑不出来[灵机一动][灵机一动][灵机一动],1
2024/4/27 17:24,江西到底怎么了，,0
2024/4/27 17:24,江西全国最火,0
2024/4/27 17:24,看样子，好像是电动车起火。电动车千万不要推进家里面充电，这种事故已经出现不是一次两次了。为了家人和自己的生命安全最好还是停放到非机动车棚去充电安全一些。,0
2024/4/27 17:24,@千重人格 @若菲菲菲呀,0
2024/4/27 17:24,帅[赞],0
2024/4/27 17:24,烧成那样子了，还能坚强的走路，看着都疼,0
2024/4/27 17:24,[感谢][感谢][感谢][感谢],0
2024/4/27 17:24,我们小区管理很好了，单元门前统一充电的，但是我们这一栋好像有一户天天抬车上电梯，搞不懂，我要是看见我都不和他乘一部电梯. 不累吗？哪天要是他家失火??就好了给他个教训.,1
2024/4/27 17:24,我们小区整顿的挺好，不允许电动车进电梯，有监控，楼道里也不允许停电动车，还在小区加盖了车棚充电桩,0
2024/4/27 17:24,这火烧的比人跑的还快吗？我就不信,1
2024/4/27 17:24,大概率是电动车,0
2024/4/27 17:24,[流泪]死了3个？,1
2024/4/27 17:24,一楼啊大哥[捂脸],0
2024/4/27 17:24,你聪明怎么说,0
2024/4/27 17:24,看着向是楼梯口，不会是电动车吧[what],0
2024/4/27 17:24,发生火灾最可怕的不是火，是烟！大部分人都是因为烟雾窒息而死的！,0
2024/4/27 17:24,国内防盗意识大于防火意识。,0
2024/4/27 17:24,卫生间厨房都没水？没法自救？,0
2024/4/27 17:24,@我是你的哆啦C梦,0
2024/4/27 17:24,难道不会把被子打湿 裹着出来？把毛巾打湿蒙着嘴巴鼻子 这难道不是常识吗？楼层又不高,1
2024/4/27 17:24,最简单的办法，抱住被窝淋上水盖在头上往楼下冲，没有跑不掉的,1
2024/4/27 17:25,这种情况吧被子用水浇湿了，裹着冲出来哪怕有点烧伤也是值得的[微笑],0
2024/4/27 17:25,我以前一个工友也烧成这样，后面还能开车。当时看见很恐怖，希望这位好运,0
2024/4/27 17:25,你说的是烧伤，这个感觉是熏黑的，因为衣服都在。,0
2024/4/27 17:25,注意安全[泣不成声]，时刻提醒[赞][赞],0
2024/4/27 17:25,可不可以在家备一个斧子??,0
2024/4/27 17:25,不敢去南昌了，怕被烧死,1
2024/4/27 17:25,很多人当电动车是个宝 放进楼道里 一起火不知会害了多少人 自己也要负责任,0
2024/4/27 17:25,江西新闻不断，到底犯了什么天条,1
2024/4/27 17:25,高楼大厦，,0
2024/4/27 17:25,估计是电动车,0
2024/4/27 17:25,@7??.,0
2024/4/27 17:25,[感谢][感谢][感谢],0
2024/4/27 17:25,电车充电多少次教训了，还是不改,1
2024/4/27 17:25,资本搞得好事,1
2024/4/27 17:25,[感谢][感谢][感谢][感谢][感谢][感谢][感谢][感谢],0
2024/4/27 17:25,一定要说啊她不听的话，那就110119物业街道通通打电话告知下，太危险了,1
2024/4/27 17:25,一楼的烟往上窜,0
2024/4/27 17:25,熏黑的,1
2024/4/27 17:25,看位置，十有八九电动车着火,0
2024/4/27 17:25,又是电车，唉……,0
2024/4/27 17:26,一楼乱搭乱建，窗户基本上被不锈钢防盗窗挡住；入户大堂电动车放满，一辆发火就成火灾，消防栓无水无接水管，基本上是没灭火器或过期[恐惧][恐惧][恐惧],0
2024/4/27 17:26,一楼也逃不出？,1
2024/4/27 17:26,一楼电瓶车,1
2024/4/27 17:26,女的,1
2024/4/27 17:26,举报 我们一楼有一个在楼道充电  我直接打电话叫物业  物业立马来人了  给电动车搬走了,0
2024/4/27 17:26,有是电动车,0
2024/4/27 17:26,我们在安置房，经常有大妈把车弄到楼上充电，我都不敢说[捂脸],0
2024/4/27 17:26,我想问的是这??是突如其来的嘛？  一楼，有伤可以理解，但出现了亡，是真的不能理解，是真的一点消防意识没有？ 除了小孩老人，我想但凡腿脚正常也不会出现亡吧？,1
2024/4/27 17:26,@??胡杨 [惊恐][惊恐][惊恐][惊恐],0
2024/4/27 17:26,现在的房子 过度装修了,0
2024/4/27 17:26,南昌最近爪子了,0
2024/4/27 17:26,[感谢][感谢][感谢],0
2024/4/27 17:26,??是严禁在楼道里充电了吗？工作不到位？还是车主私自停放充电？半年不到已经刷到好多起着火了，愿天下太平[感谢][感谢][感谢],0
2024/4/27 17:26,最近都是南昌的事,0
2024/4/27 17:26,人家熏黑吧，还活蹦乱跳的,1
2024/4/27 17:26,电车,0
2024/4/27 17:26,看见电动车起火了[捂脸],0
2024/4/27 17:26,我也是，我之前的邻居，她家每天推电动车上楼充电，我家是中间户，她家是边户，她把车子天天放我家门口充电，拉的插线板，不过我租的房子，后来我搬家了、[裂开],0
2024/4/27 17:26,很奇怪，为什么发生火灾，人都跑不出来,1
2024/4/27 17:26,一看就是电动车,0
2024/4/27 17:26,这种一般活不了了。。。肺部已经被熏了[流泪][流泪][流泪],1
2024/4/27 17:26,肯定是爆燃,0
2024/4/27 17:27,九紫离??太凶了,1
2024/4/27 17:27,肯定有防盗窗,0
2024/4/27 17:27,不用说，直接报警。或者给社区打电话说一声有人过来处理。,0
2024/4/27 17:27,以前都是高层着火跑不掉，这次1楼也一样？？？,1
2024/4/27 17:27,[感谢],0
2024/4/27 17:27,防盗窗，有可以移动的，不用可以用钥匙锁起来，在家打开来,0
2024/4/27 17:27,一楼基本上安的有防盗窗，电瓶车是放在楼道门口充电的，一着火就把门口堵了怎么出去？,0
2024/4/27 17:27,一楼啊，一楼都没逃出来，哎,0
2024/4/27 17:27,江西月月上大分  马上五一又要上大分,0
2024/4/27 17:27,20分钟死了3个！,1
2024/4/27 17:27,那还不如一走了事。[感谢][感谢],1
2024/4/27 17:27,阳台砸玻璃也能跑啊,0
2024/4/27 17:27,电瓶车吧,0
2024/4/27 17:27,[感谢][感谢][感谢],0
2024/4/27 17:27,什么不可能,1
2024/4/27 17:28,一楼着火，那个二楼黑女，是怎么回事？,1
2024/4/27 17:28,到底是高层安全还是底层安全,0
2024/4/27 17:28,水火无情，你以为1楼就厉害一些？,1
2024/4/27 17:28,烧成这样，活着天天都是痛苦！唉,0
2024/4/27 17:28,今年不是火灾就是洪水，天将降大任于斯人也,0
2024/4/27 17:28,火实在大，还是在家等救援好一点,0
2024/4/27 17:28,[流泪],0
2024/4/27 17:28,[感谢][感谢][感谢],0
2024/4/27 17:28,门被火封了，窗户都带防盗网！更本出不来！[流泪],0
2024/4/27 17:28,这样全黑的跑出来的，烧伤不一定严重,1
2024/4/27 17:28,这是电瓶车着了啊,0
2024/4/27 17:28,集中居住，火烧无路可逃，表看貌似文明进步，事实告诉你们，都是资本之罪。开了到车。,1
2024/4/27 17:28,这是什么原因造成的火灾？会不是又是充电车！！！,1
2024/4/27 17:29,安全无小事，悲伤了,0
2024/4/27 17:29,现在的家电家具化学成分重，很多人都是被烟熏昏的,0
2024/4/27 17:29,我之前在医院看到一个被高压电电了的，救活了，现在出院了，当时挺严重的,0
2024/4/27 17:29,[666][666][666],0
2024/4/27 17:29,[感谢][感谢][感谢],0
2024/4/27 17:29,怎么都是女的,1
2024/4/27 17:29,Aichen98666,0
2024/4/27 17:29,我不能理解的是为什么1楼起火都会逃不出来[流泪][流泪]！,0
2024/4/27 17:29,危险随时存在,0
2024/4/27 17:29,@妹妹防色狼 倒是哪个[尬笑],1
2024/4/27 17:29,现在火灾的基本就是商品房，没见过农村的火灾事故,0
2024/4/27 17:29,电动汽车买不买,0
2024/4/27 17:29,电车你们信吗,0
2024/4/27 17:29,如果我们逃不出是否可以把卫生间能扔出去的东西都扔出去，带上被子去卫生间把所有水龙头打开，弄湿被子堵住卫生间门口，花洒喷头对被子喷水是否可以自救？,0
2024/4/27 17:29,如果只是烟熏黑的能活，嘴巴吸到活烧到内脏了基本也难了[感谢],0
2024/4/27 17:29,再大的火也是由小到大为什么火小的时候不出来,1
2024/4/27 17:30,1楼烧，2楼以上的能跑？应该是顶楼烧，下面的可以往下跑，,1
2024/4/27 17:30,南昌县,0
2024/4/27 17:30,我的天，你们家消防连廊在一楼？看清了，一楼！,1
2024/4/27 17:30,[感谢][感谢][感谢]平安平安,0
2024/4/27 17:30,所以说 家里备几个防毒面具是有用的,0
2024/4/27 17:30,火灾中因窒息而死的占了大多数，烟雾带有大量有毒气体,0
2024/4/27 17:30,[流泪][流泪][流泪],0
2024/4/27 17:30,[捂脸]我知道呀,0
2024/4/27 17:30,安全第一！,0
2024/4/27 17:30,一楼为什么跑不了,1
2024/4/27 17:30,电瓶车充电引起的话必须重判,1
2024/4/27 17:30,一看就是电动车起火,0
2024/4/27 17:30,[感谢],0
2024/4/27 17:30,烟有那么厉害[抠鼻],1
2024/4/27 17:30,南昌，短短两三天，这么多事[泣不成声]，每一件都很心疼,0
2024/4/27 17:31,看着就疼，家里不要充电动车,0
2024/4/27 17:31,又是电动车被窝了,0
2024/4/27 17:31,还是小高层好,0
2024/4/27 17:31,如果是烧伤。基本就等于死亡了。熏黑的应该没事,1
2024/4/27 17:31,一楼发生火灾，三人死亡，这也跑不出来？,1
2024/4/27 17:31,我住的同一层有一家直接把电瓶车弄上来充电,0
2024/4/27 17:31,小区还是不要住,1
2024/4/27 17:31,大家家里买几个防烟罩可行吗,0
2024/4/27 17:31,@??迪士尼在逃保安队长,0
2024/4/27 17:31,举报，真的。,1
2024/4/27 17:31,能不能每个家庭按个报警器，客厅厨房卫生间一按，消费就能精准定位。打电话太费时间了,0
2024/4/27 17:31,百度地图，更精确,0
2024/4/27 17:31,有些人就是落井下石的德行,1
2024/4/27 17:31,天了！[流泪],0
2024/4/27 17:31,大约三十几岁,0
2024/4/27 17:32,又是锂电池,0
2024/4/27 17:32,火灾先跑,1
2024/4/27 17:32,这鸟笼子不安逸[捂脸],0
2024/4/27 17:32,！！！！！！！,0
2024/4/27 17:32,看着好像是电瓶车着火,0
2024/4/27 17:32,@@板蓝根,0
2024/4/27 17:32,电动车着火,0
2024/4/27 17:32,我也不想装自己修的那种[流泪]根本没啥偷的到处都是监控怕有人来的话安装个报警器就行了有人来会响的,0
2024/4/27 17:32,被烧的东西产生的气体，吸一口你就晕一半了，我走去现场过，还是灭火后，,0
2024/4/27 17:32,江西这是怎么了？,0
2024/4/27 17:32,一楼也跑不出来吗？,1
2024/4/27 17:32,南昌这阵子经常上榜啊。,0
2024/4/27 17:32,都是有防盗窗的，出不来吧,0
2024/4/27 17:32,开电车进去充电吧,0
2024/4/27 17:32,嗯呢[偷笑],0
2024/4/27 17:32,我的世界烟往上面飘，火往上面燎，所以1楼着火，1楼以上很难逃出，只有顶楼烧，下面楼层不受影响。你是那个世界的，1楼着火，人可以逃出，往天上逃吗？,1
2024/4/27 17:32,都是太慌张了不太冷静发生火灾了到处乱跑吸入毒烟然后就没了,0
2024/4/27 17:33,买楼房真的好？[看][灵机一动][打脸],0
2024/4/27 17:33,[感谢],0
2024/4/27 17:33,火和烟是往上窜的，楼上遭秋了,1
2024/4/27 17:33,看样子又是电单车,0
2024/4/27 17:33,为了省几毛钱的电费,0
2024/4/27 17:33,问题是没有充电的地方啊   总不能走路上班咯  基本生活保障不了,0
2024/4/27 17:33,一楼火灾白天能死三个，真不可思议……,1
2024/4/27 17:33,天啊,0
2024/4/27 17:33,前几年发生一楼道电动车失火，死了很多人。火没烧到人，都是往楼栋里跑熏死的。,0
2024/4/27 17:33,水火无情，愿天下无灾！,0
2024/4/27 17:33,肯定又是电瓶车，乱停乱充电。,1
2024/4/27 17:33,憋一分钟气蒙着湿毛巾跑出来不行吗？,1
2024/4/27 17:33,我的天,0
2024/4/27 17:33,消防通道的重要性,0
2024/4/27 17:33,又是江西[发怒],1
2024/4/27 17:33,一楼有个电瓶车,1
2024/4/27 17:33,估计又是因为电动车[流泪],0
2024/4/27 17:33,烧成黑色了,1
2024/4/27 17:34,腰线层还是有用的,0
2024/4/27 17:34,[感谢][感谢][感谢],0
2024/4/27 17:34,这防盗网如果不是担心孩子出事儿，真是没必要！终究是小偷不多啊！,0
2024/4/27 17:34,在一楼楼道里面起火了，挡住了逃生路，那两个出来了的都全身都熏黑了,0
2024/4/27 17:34,南京之前十几人的事件，也是电瓶车推进楼道燃起来，跑不出去，还有那么多人不以为然，还把电瓶车推进楼道，害人害己[绝望的凝视]我们小区也是，把电瓶车推楼上充电，我举报给物业没反应呵呵哒，还有拉线充电的[躺平]真的治不了了吗,0
2024/4/27 17:34,看到那个防盗窗了吗？窗户逃不出，可能大火把门堵住了,1
2024/4/27 17:34,[感谢][感谢][感谢][感谢][感谢],0
2024/4/27 17:34,@不瘦到99斤绝不改名 @从来不听劝?? @向日葵 天呢,0
2024/4/27 17:34,又是电瓶车？,0
2024/4/27 17:34,毁灭性,1
2024/4/27 17:34,烧黑的人太可怕了,1
2024/4/27 17:34,今年到底怎么了,0
2024/4/27 17:34,伤亡情况说明国人的自救和互救意识可见一斑啊。,0
2024/4/27 17:34,说的好像人人都住的起别墅一样,1
2024/4/27 17:34,电池质量要过关，要从源头抓起,0
2024/4/27 17:34,有些是炒菜忘记了！还有就是家里乱七八糟的东西，易燃物太多！人一定要学会舍弃一些东西，不要把家里弄得乱七八糟,0
2024/4/27 17:34,又是电动车？,0
2024/4/27 17:34,所以说水火无情。,0
2024/4/27 17:34,22楼还有必要做逃生窗吗[捂脸][捂脸],0
2024/4/27 17:34,电动车起火吧。瞬间就烧起来了,0
2024/4/27 17:34,新能源车造成的？,0
2024/4/27 17:34,以后更多，高层电路老化容易着火,0
2024/4/27 17:34,左手都烧了,1
2024/4/27 17:34,不然去哪充？,0
2024/4/27 17:35,那火烧的不是电动车？,0
2024/4/27 17:35,你试试,0
2024/4/27 17:35,我在小区看到电动车推上电梯都不进去,0
2024/4/27 17:35,一楼能死3个人，就一个门吗？,1
2024/4/27 17:35,都买防毒面具吧，还有那个高空能往下跳那个,1
2024/4/27 17:35,烧黑了，皮肤感染一样会容易死亡,1
2024/4/27 17:35,又是电动车惹的祸，都说了电动车不能放楼道，不能放楼道[泣不成声][泣不成声][泣不成声],0
2024/4/27 17:35,[晕]锂电池电动车烧起来太危险了！铅酸的起码不爆燃,0
2024/4/27 17:35,是哦,0
2024/4/27 17:35,不是火多兄，因该防护栏焊死了，不然窗户就逃生了,0
2024/4/27 17:35,1楼火灾怎么还有逃到2楼的？,1
2024/4/27 17:35,看视频电车起火了,0
2024/4/27 17:35,经历过，那天二楼的不知道在楼梯间焚烧什么东西，好家伙，那个烟从二楼直通三十楼，,0
2024/4/27 17:35,着火那个影子看着像电瓶车啊,0
2024/4/27 17:35,没有消防栓吗,0
2024/4/27 17:35,这种事邻居烧伤烧死谁来赔偿？,1
2024/4/27 17:35,那是熏黑的不是烧黑的，烧黑的话早就没命了,1
2024/4/27 17:35,赶紧救人啊,0
2024/4/27 17:35,不是有充电桩？？,0
2024/4/27 17:35,[感谢],0
2024/4/27 17:35,防盗从不防火。家中有灭火器吗？多数没有吧？,0
2024/4/27 17:35,一楼着火了怎么都没跑出来？？？,1
2024/4/27 17:36,????,0
2024/4/27 17:36,南昌县消防大队平时有检查消防吗,0
2024/4/27 17:36,@Yang0011,0
2024/4/27 17:36,最近江西是怎么了，每天都能刷到,0
2024/4/27 17:36,看上去像电动车着火啊，电动车千万不能进楼道，电池千万别在家充电，无数次教训了,0
2024/4/27 17:36,不知道造车的看到会是什么感想，他们的成就感在哪里，,0
2024/4/27 17:36,这得多疼啊,0
2024/4/27 17:36,一楼不跑出来？？？,1
2024/4/27 17:36,[感谢][感谢][感谢],0
2024/4/27 17:36,看着像电车充电造成的，吓人呐,0
2024/4/27 17:36,又是电池惹的祸？,0
2024/4/27 17:36,在一楼都没跑出来啊,1
2024/4/27 17:36,防门防盗防不出自已逃生,1
2024/4/27 17:36,火灾这种绝大部分，人死的原因，是放了不应该放的东西。不然特意放火，人也难受伤死亡。,0
2024/4/27 17:36,@蓝朋友可乐???? 吓人,0
2024/4/27 17:37,还是不要买高层了,0
2024/4/27 17:37,希望没有灾难！保佑！,0
2024/4/27 17:37,水火无情  警钟长鸣  提高防范意识,0
2024/4/27 17:37,电动车[皱眉],1
2024/4/27 17:37,[感谢][感谢][感谢],0
2024/4/27 17:37,家电几乎没人偷，不好拿，卖也不值钱[捂脸],0
2024/4/27 17:37,看就是楼梯啊， 易燃易爆楼梯过道堆的什么东西啊 物业不管吧,0
2024/4/27 17:37,@你很机车诶 @黄瓜?? [发呆],0
2024/4/27 17:37,仔细看，电动车在燃烧,0
2024/4/27 17:37,发生怎么多火灾，我们邻居依旧往楼上骑电动车,1
2024/4/27 17:37,电动车又来背锅了[捂脸][捂脸][捂脸][捂脸][捂脸]资本啊,1
2024/4/27 17:37,住宅弊端太多了，[尬笑]如果一楼出问题，人根本出不来，住宅本来都是一到两个出口,1
2024/4/27 17:38,电动车烧起来？,0
2024/4/27 17:38,说啥也不买房子了[赞][赞][赞][赞][赞],0
2024/4/27 17:38,[看],0
2024/4/27 17:38,一楼应该很好逃离吧,0
2024/4/27 17:38,不充电也会着火吗,0
2024/4/27 17:38,一楼，拍不出来吗？,0
2024/4/27 17:38,有没有可能一楼走不出去，走楼梯上二楼爬过去,0
2024/4/27 17:38,为什么不取第电动车呢？没有电动车就不能出门了吗？,0
2024/4/27 17:38,[泣不成声],0
2024/4/27 17:38,为了自己的安全起见 举报她,1
2024/4/27 17:38,我公司可免费给全国小区安装电动车充电桩，还有防火材料车棚。安全有保障，有保险，全部采用防火材料。杜绝电动车进楼充电产生火灾隐患。从根本上解决风险。,0
2024/4/27 17:38,对，都要预留一个口，用合页连接一个口[666][666],0
2024/4/27 17:38,这女的福大命大，我的同事，一个小女生没这么好运，抢救了七天还是离开了[泣不成声],0
2024/4/27 17:39,我公司可免费给全国小区安装电动车充电桩，还有防火材料车棚。安全有保障，有保险，全部采用防火材料。杜绝电动车进楼充电产生火灾隐患。从根本上解决风险。,0
2024/4/27 17:39,只要呛一口浓烟直接晕倒,0
2024/4/27 17:39,@睡不醒的大老虎 [流泪],0
2024/4/27 17:39,还是农村好啊[不失礼貌的微笑],0
2024/4/27 17:39,那些说飞线不安全的，看看在楼道里不飞线安全不？,1
2024/4/27 17:39,一楼也逃不出，好可怕啊,0
2024/4/27 17:39,我们小区也是这样。物业干工作不行，已经反映很多次了充电桩有10个9个都是坏的，反映无效大家就推上去充电了,0
2024/4/27 17:39,烟真的很致命，小的时候在家里院子烧烤，家里人在外面生火烧出的滚滚浓烟，刚一开门出去，就被那个烟冲进眼睛给搞得暂时失明了[蜜蜂狗],0
2024/4/27 17:39,这个现在是凶宅了,1
2024/4/27 17:39,现在的大楼，就是活死人的坟墓，,1
2024/4/27 17:39,@时间煮雨我煮周 看到这种我总是很担心我们小区,0
2024/4/27 17:39,被烧伤严重刚开始看着人没事，后来各种感染不好治,0
2024/4/27 17:39,所以我不装安全窗！,0
2024/4/27 17:39,请问这是泡沫 保温效果吗？,0
2024/4/27 17:39,一楼[晕]怎么会逃不出去,1
2024/4/27 17:40,@?? 马浩然阁下?? @驍 @凌风,0
2024/4/27 17:40,平安,0
2024/4/27 17:40,一层可能防盗窗太牢固,0
2024/4/27 17:40,@,0
2024/4/27 17:40,电瓶车电池的确需要限制了,0
2024/4/27 17:40,@无所谓哑,0
2024/4/27 17:40,江西天天都有头条,0
2024/4/27 17:40,新版皮肤，限定,0
2024/4/27 17:40,1楼是起火点，烧起来可能上边几家都着了。,0
2024/4/27 17:40,电动车上楼的也看看,0
2024/4/27 17:40,水火无情呀！,0
2024/4/27 17:40,电动车进楼道,0
2024/4/27 17:40,电动车的电池是否真的存在问题，国家该管管了,0
2024/4/27 17:40,这是熏黑的还是烧黑的[惊讶],0
2024/4/27 17:40,[感谢][感谢][感谢][感谢],0
2024/4/27 17:40,南昌人又要出名[流泪],0
2024/4/27 17:41,电动车,0
2024/4/27 17:41,和生命比起来，这些事不用矛盾,0
2024/4/27 17:41,又是美国人干的,1
2024/4/27 17:41,现在又没什么现金低层就没必要装防盗窗了现在监控多，小偷又少,0
2024/4/27 17:41,[感谢][感谢][感谢][感谢][感谢][感谢][感谢][感谢][感谢],0
2024/4/27 17:41,我们小区现在电动自行车还是全部放地下室,0
2024/4/27 17:41,一楼估计是反锁门，未设置逃生门,0
2024/4/27 17:41,胆战心惊的，最近火灾频发，太恐怖了,0
2024/4/27 17:41,又不能出去，偶尔在医院附近散一下步,0
2024/4/27 17:41,又是电瓶车,0
2024/4/27 17:41,我小区还说要搭棚到小区楼道口，都无语了,0
2024/4/27 17:41,太吓人了,0
2024/4/27 17:41,买房别买高楼[尬笑],0
2024/4/27 17:41,貌似看到了电瓶车[抠鼻],0
2024/4/27 17:42,一楼都没跑出来，还死三个,1
2024/4/27 17:42,火灾不是把人烧死了！更多的是一口烟呛死了！！！一楼理论上不应该这么多人！,1
2024/4/27 17:42,[感谢][感谢][感谢],0
2024/4/27 17:42,总之，还是过度装修,0
2024/4/27 17:42,[玫瑰][玫瑰][玫瑰],0
2024/4/27 17:42,又是南昌,1
2024/4/27 17:42,电动车禁了吧，太可怕。,1
2024/4/27 17:42,不可思议1楼还逃不出是不是夜里睡着了，着火不知道啊[流泪][流泪][流泪],0
2024/4/27 17:42,一楼,0
2024/4/27 17:42,整顿了几年了，电瓶车还不是到处乱停,1
2024/4/27 17:42,多半上面的死了，窒息死的,1
2024/4/27 17:42,@158清纯女不高一夜暴富版 @拾壹玥,1
2024/4/27 17:42,@韩城王建汽车服务 一楼,0
2024/4/27 17:42,遥遥领先的电池 车吗,0
2024/4/27 17:43,又是在安全通道违规乱停电动车，哎[流泪],0
2024/4/27 17:43,看到里面好像有电瓶车,0
2024/4/27 17:43,是不是麻将馆，,0
2024/4/27 17:43,但愿那个人是被烟熏黑的[流泪],1
2024/4/27 17:43,一楼电瓶车起火竟然也能有人死亡[九转大肠],1
2024/4/27 17:43,事实证明 别羡慕城市??,0
2024/4/27 17:43,可能只是熏黑了,0
2024/4/27 17:43,@大兔子ヾ [九转大肠],0
2024/4/27 17:43,叫物业找块地修可以充电的车棚啊,0
2024/4/27 17:43,无法想象，一楼怎么会被烧死啊，天啊，没得法理解,0
2024/4/27 17:43,关键外面用电贵，大家才用自己家电充电,0
2024/4/27 17:43,@大花猫??Cat of Flower,0
2024/4/27 17:43,完了，凶宅了,1
2024/4/27 17:43,一楼还是能跳出来！是啥子原因,0
2024/4/27 17:44,都是装修惹的祸吧？,0
2024/4/27 17:44,我在群里发推电动车进电梯的照片，呼吁抵制，被群里业主群殴，说一百多万买的房子还没权利充电了？,1
2024/4/27 17:44,整不好又是电瓶车惹的祸,0
2024/4/27 17:44,不往上面跑啊,0
2024/4/27 17:44,为什么一楼也逃不出来，所以不管高层还是底层，一旦火灾都是危险,0
2024/4/27 17:44,一楼怎么都没跑出来,1
2024/4/27 17:44,为什么不能打麻药[泣不成声],0
2024/4/27 17:44,一楼能烧成这样，是中风了吗,1
2024/4/27 17:44,我家二楼，中户，全部停车在我楼底，着火先烧我家，要去那里找管事的啊,1
2024/4/27 17:44,电动车的事[捂脸],0
2024/4/27 17:44,会不会是电动车家里充电失火,0
2024/4/27 17:44,不说一旦出了事，整个小区的人都处在危险之中，,1
2024/4/27 17:44,@累到倒头就睡,0
2024/4/27 17:44,太可怜了,0
2024/4/27 17:45,@小鱼??...,0
2024/4/27 17:45,@浩楠??,0
2024/4/27 17:45,消防箱肯定验收合格的！放心,0
2024/4/27 17:45,[感谢][感谢][感谢],0
2024/4/27 17:45,应该是电频车,0
2024/4/27 17:45,好可怕，我住五楼我家楼下停满电动车。要是起火了，跑都跑不掉[尬笑],0
2024/4/27 17:45,有没有可能是楼上的伤亡,1
2024/4/27 17:45,几年南昌非常热闹啊,0
2024/4/27 17:45,马上举报 我的车就被烧过 几分钟就能烧没 很恐怖,0
2024/4/27 17:45,往下跑不行就往上跑[灵机一动] 一楼而已，小砖房子不会漫延那么厉害。 所以不慌就不会死不要硬闯,0
2024/4/27 17:45,往下冲的吧，冲了就没命了,1
2024/4/27 17:45,电瓶起火和其他起火不一样，是喷射出来的急火，非常惊人的,0
2024/4/27 17:45,南昌今年怎么啦 暴雨火灾[感谢][感谢][感谢][感谢],0
2024/4/27 17:45,这个是烟熏的，小面积是火透的吧,0
2024/4/27 17:45,烧着的那个是电车吗,0
2024/4/27 17:45,新国标电动车,0
2024/4/27 17:45,真黑,1
2024/4/27 17:45,新国标,0
2024/4/27 17:46,罪过罪过罪过,1
2024/4/27 17:46,[感谢][感谢][感谢],0
2024/4/27 17:46,是电瓶车引起的吗,0
2024/4/27 17:46,液化气和电车，液化气加的什么那么易燃，还有消防设备不到位，这么容易着火,1
2024/4/27 17:46,@用户2486250716 @明月伴星河??,0
2024/4/27 17:46,1楼没有腿吗,1
2024/4/27 17:46,电瓶车,0
2024/4/27 17:46,是不是电瓶车？,0
2024/4/27 17:46,一楼不可思议吧,0
2024/4/27 17:46,一楼……还能…,0
2024/4/27 17:46,家里备用个大缸装满水，火灾应该不会有生命危险,0
2024/4/27 17:46,不是烧的，烧成这样还得了，那是烟,0
2024/4/27 17:46,这看起来像电瓶车烧了,0
2024/4/27 17:46,关上门，临时避险，冲一个死一个,1
2024/4/27 17:46,[666][666][666],0
2024/4/27 17:46,这是楼道电瓶车起火,0
2024/4/27 17:46,小时候吃饭的饭店后厨着火，我往出跑的时候，路过那种很黑的浓烟，不小心吸了一大口，当时瞬间感觉身体一软两眼一黑，差点失去意识，幸亏只是一口，坚持着跑出去了,0
2024/4/27 17:46,电动车没有指定摆放点吗,0
2024/4/27 17:47,电瓶车的问题,0
2024/4/27 17:47,又是电动车,0
2024/4/27 17:47,@@麦芽糖??,0
2024/4/27 17:47,电梯口被电动车堵住了，没办法逃生,0
2024/4/27 17:47,一眼电瓶车起火,0
2024/4/27 17:47,看不到路。看过消防科普，前面三分钟就是火在造势，在客厅窗帘那慢慢烧，积累温度，第四分钟轰燃，整个套房所有面积所有房间（每个房间门没有关）同时着火,0
2024/4/27 17:47,一楼的防盗窗，我用脚都能给他踹开,1
2024/4/27 17:47,[感谢][感谢],0
2024/4/27 17:47,江西你想干嘛,1
2024/4/27 17:47,防火意识太浅薄，建议小区也该开展消防知识宣传,0
2024/4/27 17:48,啊,0
2024/4/27 17:48,一楼还那么惨，没想到为什么[流泪],1
2024/4/27 17:48,小区管理处应该有电话的,0
2024/4/27 17:48,[感谢][感谢][感谢][感谢][感谢],0
2024/4/27 17:48,[感谢][感谢][感谢],0
2024/4/27 17:48,飞线也是违规好像[捂脸],0
2024/4/27 17:48,被烟呛到真的呼吸不了，那天我喷了油烟净，那种味道呛到我了，我瞬间觉得呼吸不了，一直咳嗽却咳不出来，要窒息的感觉。,0
2024/4/27 17:48,一楼死三个[赞]怎么做到的,1
2024/4/27 17:48,烟熏的，烧黑那成碳了,1
2024/4/27 17:48,@周周周 @依然,0
2024/4/27 17:48,烧黑了，不是啥都看的一清二楚的了,1
2024/4/27 17:48,@麦慧,0
2024/4/27 17:48,死的是一楼的人吗 ？还是上面的人？有点不可思议，如果呆在家里，可能反而会没事！,1
2024/4/27 17:48,里面着起来的的电动车吧？一楼很多有窗户上有护栏，走廊里着起来，真的逃不出来啊,0
2024/4/27 17:49,江西最近上大分[赞],0
2024/4/27 17:49,天啊，太恐怖了??,0
2024/4/27 17:49,又是电瓶车[发呆],0
2024/4/27 17:49,是不是防盗窗哦,0
2024/4/27 17:49,找谁都白搭，就这么设计的，只能说当时买房子时候贪便宜了,1
2024/4/27 17:49,物业，消防,0
2024/4/27 17:49,之前楼上发火有人说还好我住一楼[抠鼻]不知道在这里吗,1
2024/4/27 17:49,建议直接取缔锂电池电瓶车,1
2024/4/27 17:50,烟这么大，都慌了,0
2024/4/27 17:50,我家有亲戚出生几个月就被烧了，能治好的，现在正常生活，没你们想的那么可怕,0
2024/4/27 17:50,我家楼下走廊堆的比我都高，也不清,1
2024/4/27 17:50,慎言,0
2024/4/27 17:50,[感谢][感谢][感谢],0
2024/4/27 17:50,好可怕[感谢][感谢][感谢][感谢],0
2024/4/27 17:50,应该只是被熏黑了，如果烧伤面积这么大应该不能这样走出来,0
2024/4/27 17:50,直接报警,1
2024/4/27 17:50,看了视频，电动车在烧，好可怕，还是一楼啊，要是烧通顶不敢想,0
2024/4/27 17:50,还好一楼,0
2024/4/27 17:51,一楼二楼着火，被子用水打湿裹身上和头，毛巾打湿捂住口鼻，只要房子不塌不发生爆炸，勇气够大基本可以自救跑出来,0
2024/4/27 17:51,一楼不能想办法冲出去么,0
2024/4/27 17:51,注意安全：,0
2024/4/27 17:51,不明白一楼呀，就算外面的人砸门，泼水都不可能死三个人呀,1
2024/4/27 17:51,是被熏黑，不要危言耸听，用词不当,1
2024/4/27 17:51,用毛巾挡住鼻子头低着跑,0
2024/4/27 17:51,人多了 ，很多危险,0
2024/4/27 17:51,又是江西,1
2024/4/27 17:52,护林防火，人人有责，终于我明白这句话了，一层楼只有一个不小心起火全楼都危险，如果是三更半色个个睡觉更难搞哦,0
2024/4/27 17:52,烧伤烫伤最难好,0
2024/4/27 17:52,锂电池爆炸只需要0.5秒在狭小的空间里大概率不能无伤逃走。,0
2024/4/27 17:52,往上跑还是往下跑,0
2024/4/27 17:52,哎哪一层都不安全啊,0
2024/4/27 17:52,现在很多被子都不是纯棉花的，水打湿了，也很容易着火。,0
2024/4/27 17:52,电车坚决不能上楼充电吧,0
2024/4/27 17:52,[感谢][感谢][感谢][感谢][感谢][感谢],0
2024/4/27 17:52,[熊吉],0
2024/4/27 17:52,阿弥陀佛[感谢],0
2024/4/27 17:52,我们小区发现一个都要拍照到业主群骂死他，还要投诉 目前没发现一个了,1
2024/4/27 17:53,逃生通道有电动车[恐惧],0
2024/4/27 17:53,电瓶燃烧毒性很大,0
2024/4/27 17:53,[感谢][感谢][感谢],0
2024/4/27 17:53,s是不是新能源,0
2024/4/27 17:53,这个烟真的可以把人熏死，那天我炒菜锅里起火，我灭了那个烟子把我熏惨了,0
2024/4/27 17:53,发现苗头拔腿就跑可以吗[流泪],0
2024/4/27 17:53,一楼按说不应该啊,0
2024/4/27 17:53,估计够呛。,0
2024/4/27 17:53,你就确定每个小区都配备这么齐全嘛？没充电桩的小区太多了,0
2024/4/27 17:53,估计是电瓶车,0
2024/4/27 17:53,[感谢][感谢][感谢][感谢][感谢],0
2024/4/27 17:54,就怕肺部[流泪],0
2024/4/27 17:54,应该加强电动车管理,0
2024/4/27 17:54,那里是这样设计的，都进门而已，非要停,1
2024/4/27 17:54,天呐 好危险,0
2024/4/27 17:54,[发呆],0
2024/4/27 17:54,门口那个是电动车么[紫薇别走],0
2024/4/27 17:54,每天送外卖都有安全通道的是锁着的，也不知道业主咋想的[尬笑][尬笑][尬笑],0
2024/4/27 17:54,哎 看着揪心,0
2024/4/27 17:54,现在大多是新楼  30年过后后果不堪设想,0
2024/4/27 17:55,一楼都不能出来，以后不要搞了,1
2024/4/27 17:55,以后这种会越来越多   太多商品房了,0
2024/4/27 17:55,高层防盗窗是防小孩坠落，现在家庭家里也没现金没啥好盗的！,0
2024/4/27 17:55,那些老小区1楼基本上都有防盗窗，根本没有地方逃。新小区都是2楼起步，烧伤太可怜了，烧成这样就算救出来了基本上也度不过感染期[感谢][感谢][感谢][感谢],0
2024/4/27 17:55,三死估计是熏死的，遇到这种情况千万不能往楼下跑，烟直接熏死，拿抹布往窗户旁边靠，,0
2024/4/27 17:55,怎么烧到二楼去了,0
2024/4/27 17:55,我住二十一楼每次看到这些视频晚上经常做噩梦[捂脸][捂脸],0
2024/4/27 17:55,消防管理任重道远,0
2024/4/27 17:55,"大白天，一楼，死三个？


一楼跑不出来，往楼顶跑啊",1
2024/4/27 17:55,[感谢],0
2024/4/27 17:55,电瓶车车主判刑吧，物业也有责任,1
2024/4/27 17:55,也许故意的,1
2024/4/27 17:56,[666][666][666],0
2024/4/27 17:56,她衣服都没烧烂，应该没烧坏，但愿只是熏黑的…………火灾太恐怖了,0
2024/4/27 17:56,一楼一般都有防盗窗,0
2024/4/27 17:56,老是碰到推电动车在口上的有些人真说不动,1
2024/4/27 17:56,支持比亞迪,0
2024/4/27 17:56,不行的，视频里楼道里有部电动车正在燃烧，楼道里全是毒烟，坚持不了的，正确的做法是关紧门窗，用湿毛巾堵住缝隙，用水浇门，人跑去厕所,0
2024/4/27 17:56,我家旁边小区的 电动车起火 小区管理极其混乱,1
2024/4/27 17:56,我邻居就是被火烧伤从房间走下来了，当时全身发抖，没过几天去逝了,0
2024/4/27 17:56,进出一定要把气关好啊！,0
2024/4/27 17:56,取蒂电瓶车,1
2024/4/27 17:57,防盗窗这个东西挺害人啊,0
2024/4/27 17:57,[感谢][感谢][感谢],0
2024/4/27 17:57,现在不都有吗？,0
2024/4/27 17:57,电动车??,0
2024/4/27 17:57,一楼都高了？,1
2024/4/27 17:57,我怀疑有人把锂电池电瓶车推一楼了,0
2024/4/27 17:57,提灯定损,0
2024/4/27 17:57,那不一楼里面摆着一辆正在烧的,1
2024/4/27 17:58,还是农村住安全啊,0
2024/4/27 17:58,那找消防,0
2024/4/27 17:58,新能源车[泣不成声],0
2024/4/27 17:58,110报警，备案先[灵机一动],1
2024/4/27 17:58,[泪奔][赞],0
2024/4/27 17:58,楼就这样,0
2024/4/27 17:58,我们住路边上，我楼上电池晚上充电，冲通宵,0
2024/4/27 17:58,我靠[泣不成声][泣不成声],1
2024/4/27 17:58,惨哦一楼也跑不了[流泪][感谢][感谢][感谢],0
2024/4/27 17:58,充电车在通道。门口肯定是大火浓烟。吸入浓烟几秒就能晕倒。一楼窗户百分之九十是有防盗窗的。跑不掉很正常,0
2024/4/27 17:59,[感谢][感谢][感谢],0
2024/4/27 17:59,烟的绑架没有救赎,1
2024/4/27 17:59,烧黑，是衣服烧黑，还是身子也烧黑了？,0
2024/4/27 17:59,电瓶车应该不能停靠在住宅楼旁边。一楼如果窗开着风一吹就着进去了。,0
2024/4/27 17:59,高层一起火，九死一生,1
2024/4/27 17:59,何必呢？非要去城里买火房。搞得家破人亡的，住农村它不香吗？,0
2024/4/27 17:59,晕，一楼….,0
2024/4/27 17:59,一楼电瓶车起火了毒烟熏的楼上人一个都跑不出来。。。,0
2024/4/27 17:59,白天，一楼，竟然逃不出来[快哭了][快哭了][快哭了],0
2024/4/27 17:59,又是电动车,0
2024/4/27 17:59,喷子们不说是高楼了[灵机一动],1
2024/4/27 17:59,起火点是1楼，但烟气往上跑，遇难的估计是楼上的，去年新余的是地下室火灾引起楼上的人员遇难,0
2024/4/27 17:59,会不会电动车起,0
2024/4/27 17:59,一楼都出不来吗？人才！！！,1
2024/4/27 17:59,应该从根本解决问题,0
2024/4/27 18:00,@八喜,0
2024/4/27 18:00,又是电动车入户,0
2024/4/27 18:00,[感谢][感谢][感谢][饺子][饺子][饺子],0
2024/4/27 18:00,想不通这个一楼有六楼高吗,0
2024/4/27 18:00,[感谢],0
2024/4/27 18:00,实不相瞒是我放的野火，我现在已经跑武汉了，还要准备放野火,1
2024/4/27 18:00,防盗门遇热变形打不开,0
2024/4/27 18:00,告诉物业,0
2024/4/27 18:00,还是农村好,0
2024/4/27 18:00,停水吗？不能把被子全部整湿跑出来吗,1
2024/4/27 18:01,防盗门遇热变形打不开,0
2024/4/27 18:01,这样烧黑了真的是生不如死[泣不成声],1
2024/4/27 18:01,烧伤是最痛苦！哎,0
2024/4/27 18:01,烧起来了有什么办法,0
2024/4/27 18:01,又是电动车吗,0
2024/4/27 18:02,那是不是装着不如不装[捂脸],1
2024/4/27 18:02,你根本不知道电池爆燃一瞬间有多强,0
2024/4/27 18:02,又是电动车起火引起的,0
2024/4/27 18:02,看着好像又是电动车着火,0
2024/4/27 18:02,防盗门遇热变形打不开,0
2024/4/27 18:02,基本不会没烧死，都是被烟呛晕了在烧的,1
2024/4/27 18:02,评论区说一楼逃不出来的，其实一楼才难逃，我们一楼就是单元门口一个门，也有人放在那里充电，只要那个电动车起火，就会把单元门口堵死，除非你冒火冲出去！有些人说不通的，我对象的大学同学，夫妻两刚结婚也是被别人放在楼道里的电动车起火然后呛死了，晚上睡觉的时候！[流泪],0
2024/4/27 18:02,这么突然吗？一楼是睡着了吗,0
2024/4/27 18:02,电车进楼道等于谋杀全楼,1
2024/4/27 18:02,年轻人喜欢软装，沙发，床头也是那种泡沫填充。一个烟头都很容易起火。尽量买全木的就算起火也是自然烟火。,0
2024/4/27 18:03,以前的房子每栋楼外面有一个水龙头，随时可用水,0
2024/4/27 18:03,烧成这样下半辈子也完了[捂脸],1
2024/4/27 18:03,@半岛铁盒（减脂版） [泣不成声][泣不成声],0
2024/4/27 18:03,这个是v群里传的夫妻俩吵架开燃气然后点床单窗帘的那个么？,0
2024/4/27 18:03,电池的安全我以前评论我就说这东西大问题，还有人骂我[抠鼻][抠鼻]，这电池的事件多少次了，也没见到几个关心这个问题的,0
2024/4/27 18:03,刷抖音把人快弄抑郁了，希望大家都平平安安[感谢],0
2024/4/27 18:03,一楼都来不及逃生。是怎样的火势。三昧真火吗,1
2024/4/27 18:04,我家也有但是我不小心把钥匙弄不见了，怎么办？,0
2024/4/27 18:04,我们小区有人直接把电车的充电桩安在楼栋入户门门口，给物业反映也给社区反映了，好多天都还没结果,0
2024/4/27 18:04,@左～??,0
2024/4/27 18:04,又着火,0
2024/4/27 18:04,这是我住的小区,0
2024/4/27 18:04,就是电瓶车充电,0
2024/4/27 18:04,多数火灾死亡都是熏死的,0
2024/4/27 18:04,大白天的是怎么样的火灾才能让5个人连逃生的机会都没有，简直无法理解！,0
2024/4/27 18:04,一楼怎么了。。有连廊吗    见过连廊一楼什么样吗,0
2024/4/27 18:04,你大概还没结婚，孩子好奇心重，高层不装防盗网对孩子来说超级危险！,0
2024/4/27 18:04,[感谢][感谢][感谢],0
2024/4/27 18:05,中國的電瓶車[泪奔][泪奔][泪奔][泪奔][泪奔],0
2024/4/27 18:05,就算是原子弹爆炸也有10秒倒计时吧,0
2024/4/27 18:05,可怜可怜，唉！但愿没啥大问题,0
2024/4/27 18:05,逃生窗的重要性,0
2024/4/27 18:05,买商品房变成灾难,1
2024/4/27 18:05,愿平安,0
2024/4/27 18:05,举报他,1
2024/4/27 18:05,不会吧，这可如何是好，我看着刚装上一年的防盗门陷入了沉思,0
2024/4/27 18:05,天天电视没看怎么逃生啊,0
2024/4/27 18:05,看一下那几个保安穿的干干净净跟看热闹似的一点都不着急，吃着业主的穿着业主的出了事你看热闹你的心不痛吗？养狗都会着急,1
2024/4/27 18:05,也许站那里的人就是丛火人呢？,0
2024/4/27 18:05,[感谢][感谢][感谢],0
2024/4/27 18:05,简单装修，不用布帘，用铝合金百叶帘。清理家里易燃物件，生命至上，其它都是浮云。,0
2024/4/27 18:06,一楼？白天？还能死人！好恐怖,1
2024/4/27 18:06,应该好好整顿一下了,0
2024/4/27 18:06,怕会又是电动车充电引起的,0
2024/4/27 18:06,这种很像是电瓶车起火，很迅猛,0
2024/4/27 18:06,电瓶车吧,0
2024/4/27 18:07,这么什么表情,0
2024/4/27 18:07,哎！[玫瑰],0
2024/4/27 18:07,高层必须得弄个逃生窗，去五金店买个大粗绳,0
2024/4/27 18:07,确实是，很多人嫌弃棉花被重,0
2024/4/27 18:07,所有小区！一定明文规定电动车不能入电梯！入小区楼内！,0
2024/4/27 18:07,烟熏黑的,1
2024/4/27 18:07,一楼火灾 他跑去二楼干啥,1
2024/4/27 18:07,是不是自能门，着火门打不开啊,1
2024/4/27 18:07,是的，烧伤需要植皮而且以后天天在空调房呆着，,0
2024/4/27 18:08,怎么没次遇到这种情况？都没有后续告诉大家是什么引起的？让大家多多注意？,0
2024/4/27 18:08,说了，楼道电动车不能充电和停,0
2024/4/27 18:08,一楼不装防盗网的话，那特别不安全,0
2024/4/27 18:08,1楼发生火灾都跑不出来吗[发呆],1
2024/4/27 18:08,太惨了,0
2024/4/27 18:08,[感谢][感谢][感谢],0
2024/4/27 18:08,电动车在门口位置充电起火,0
2024/4/27 18:08,天呐白天一楼都会烧死，前面着火，他不会从后门或者后窗跑出去吗？,1
2024/4/27 18:08,烟熏黑的，不是烧[泪奔],0
2024/4/27 18:08,里面看到了一辆电动车,0
2024/4/27 18:08,套房，一旦失火，就容易被灭门,0
2024/4/27 18:08,一楼着人为什么跑到上面去了,0
2024/4/27 18:08,头发是最容易着的东西，头发没事，身上被烧也不可能,1
2024/4/27 18:08,不焊死，小偷多条生路,0
2024/4/27 18:09,有时间跑二楼去，还不如跑出来,1
2024/4/27 18:09,就是，电瓶车烧起来的,0
2024/4/27 18:09,[感谢][感谢][感谢],0
2024/4/27 18:09,为什么要买电梯房啊[捂脸],0
2024/4/27 18:09,[666][666][666],0
2024/4/27 18:09,爆燃反应都反应不过来,0
2024/4/27 18:10,二楼着火能死人，我理解。一楼给人烧死了？怎么睡觉，做梦啦,1
2024/4/27 18:10,城里就是好。,0
2024/4/27 18:10,[666][666][666],0
2024/4/27 18:10,福建咋骗园区清除了吗,1
2024/4/27 18:10,[惊恐][惊恐],0
2024/4/27 18:10,物业都是在看戏？物业消防演习演得好精彩，到了整的火灾就不知道干嘛去了。,1
2024/4/27 18:10,又是江西[捂脸],1
2024/4/27 18:10,把那个楼道充电瓶车的人拉出来[微笑],1
2024/4/27 18:10,你未来肯定福气非常好的,0
2024/4/27 18:10,[平安果][平安果][平安果][平安果][平安果][平安果],0
2024/4/27 18:11,[感谢][感谢][感谢],0
2024/4/27 18:11,城市太危险，我要回农村！不是着火的就是跳楼跳河的，重新回村找回初心,0
2024/4/27 18:11,南昌是不是那个日本人优先那个新闻里的,1
2024/4/27 18:11,一楼为什么没逃生出来？,0
2024/4/27 18:11,治不了了，普通人难,0
2024/4/27 18:11,一楼都逃不出来 ，除非不会走路,1
2024/4/27 18:11,憋个气，最少五六十秒,0
2024/4/27 18:12,是不是电鸡烧起来,1
2024/4/27 18:12,高层一发火灾逃都没地逃,1
2024/4/27 18:12,肯定有人在一楼楼道放电瓶车,0
2024/4/27 18:12,发现火立刻跑能跑不出去，奇怪,0
2024/4/27 18:12,把他们车胎扎爆[干饭人],1
2024/4/27 18:12,我想问一下这种情况把厚被子打湿湿的披着湿毛巾捂住口鼻，一楼能逃出来吗….,0
2024/4/27 18:12,烦的很，我们小区小面算是牵起线充电的，没得安全意识,1
2024/4/27 18:12,感觉太可怜了，烧成这样走路出来都没人过去帮忙扶一下，还淡定的拍视频,0
2024/4/27 18:12,还是我们乡下好！,0
2024/4/27 18:12,电瓶车30秒，浓烟滚滚…,0
2024/4/27 18:12,烧黑的人还有头发挺不容易头发,1
2024/4/27 18:12,这种出了很多事，有些在一楼充电出的事故？,0
2024/4/27 18:12,本来就自己改做啊,1
2024/4/27 18:12,电瓶车就不给放楼道或者家里！,0
2024/4/27 18:12,又是电瓶车着火,0
2024/4/27 18:12,太惨了[流泪][感谢],0
2024/4/27 18:12,防盗网挡住了，跑不出来,0
2024/4/27 18:13,眼睛也睁不开好吧。,1
2024/4/27 18:13,这种烟，吸一口终身难忘,0
2024/4/27 18:13,从一楼烧，我猜又是电动车了,1
2024/4/27 18:13,这就是烧的，当时不会疼痛，24小时内会全身水肿，破皮毁容,1
2024/4/27 18:13,直接打消防举报,1
2024/4/27 18:13,绝对有电动车,0
2024/4/27 18:13,又是电瓶车吗,0
2024/4/27 18:13,[感谢][感谢][感谢],0
2024/4/27 18:13,人都很少是烧死的，基本都是烟吸进去窒息的，就几秒钟的事情,0
2024/4/27 18:13,好像是传说中的黑美人吧,0
2024/4/27 18:14,防盗窗吧，不然打开窗户跳下来最多骨折,1
2024/4/27 18:14,看来还是农村安全,0
2024/4/27 18:14,还要房要车吗,0
2024/4/27 18:14,看的我全身发麻   可怜的孩子可怜的父母以后该怎么办啊,0
2024/4/27 18:14,我95%面积活的好好的,0
2024/4/27 18:14,哭声让人心都破碎[感谢],0
2024/4/27 18:14,@果粒宸??,0
2024/4/27 18:14,治疗过程很痛苦吧，,0
2024/4/27 18:14,又有人说是电瓶车，有台阶电瓶车怎么进的去，显然是屋里着火了。,0
2024/4/27 18:14,唉，为什么老发生这些事情,0
2024/4/27 18:14,[感谢][感谢][感谢],0
2024/4/27 18:15,还好我们这里3栋楼楼顶互通，高层着火还可以去其他楼顶走[捂脸],0
2024/4/27 18:15,谢谢！彼此彼此[感谢][感谢],0
2024/4/27 18:15,@云野梨,0
2024/4/27 18:15,盖楼呀，跑都跑不掉,0
2024/4/27 18:15,[感谢][感谢][感谢],0
2024/4/27 18:15,早上七点左右，有些人没睡醒，烟薰十几秒就活不了,1
2024/4/27 18:15,一楼出不去，是不是电瓶车门口充电？[感谢][感谢],0
2024/4/27 18:15,我想请问一下，我们楼下一楼停满了电动车，该向什么部门反应呢？,0
2024/4/27 18:16,不会又是电动车吧,0
2024/4/27 18:16,小白太多了[捂脸],1
2024/4/27 18:16,火是1秒钟就烧起来的,0
2024/4/27 18:16,祝大家都平安健康[比心],0
2024/4/27 18:16,我不理解一楼怎么死3个人,1
2024/4/27 18:16,总有人把电动车或电池拿家里充电,0
2024/4/27 18:16,[感谢][感谢][感谢][感谢][感谢][感谢],0
2024/4/27 18:16,又是电动车吧,0
2024/4/27 18:16,@所谓,1
2024/4/27 18:16,这烟  深吸两口  就站不起来了[大金牙],0
2024/4/27 18:17,电动车？,0
2024/4/27 18:17,视频里面 一楼 楼梯口电动车充电着了,0
2024/4/27 18:17,取消电动车,0
2024/4/27 18:17,我素质差，看熏黑这样没忍住[绝望的凝视],1
2024/4/27 18:17,烟火是往上冲的。,0
2024/4/27 18:17,南昌最近事儿挺多的[发呆],0
2024/4/27 18:17,报警,1
2024/4/27 18:17,白天。,0
2024/4/27 18:17,电瓶车燃烧起来这烟人怎么吃得消,0
2024/4/27 18:18,都出血了，应该烧伤了,0
2024/4/27 18:18,噶事不得了哦,0
2024/4/27 18:18,[感谢][感谢][感谢],0
2024/4/27 18:18,电动车起火,0
2024/4/27 18:18,小区房进门锁门，窗户安装防盗网，不像农村天天大门敞开,0
2024/4/27 18:18,关键是一旦起火逃生时间不能等你完成了在冒烟,0
2024/4/27 18:19,只要全身被火烧了，最后都逃不脱全身感染而死的结局。,1
2024/4/27 18:19,电瓶车？,0
2024/4/27 18:19,可怜的有钱人,1
2024/4/27 18:19,哎。。。,0
2024/4/27 18:19,去年就看到一次从家里推出来的然后就在我们单元楼群里说（没好意思点名）那户人还在群里回应我说对的为全楼安全考虑；今年前几天又碰到推车里在群里直接艾特她问的；自己承认还在群里牛逼哄哄的；跟群里其他业主对骂,1
2024/4/27 18:19,早点设置完电瓶车不能进小区就好,0
2024/4/27 18:19,屋里燃烧那个不就是电动车吗,0
2024/4/27 18:19,中部这两年是真的崛起了。,0
2024/4/27 18:19,目测是电瓶车在室内燃烧！,0
2024/4/27 18:20,住平房不香吗[呲牙],0
2024/4/27 18:20,@雄本雄本雄 我天,0
2024/4/27 18:20,是的，想想都后怕的，水火电无情,0
2024/4/27 18:20,[感谢][感谢][感谢],0
2024/4/27 18:20,真可怜啊[快哭了],0
2024/4/27 18:20,@Dieda omg,0
2024/4/27 18:20,防盗网怎么出得去,0
2024/4/27 18:20,[捂脸]95% 那不是花了几十上百万治疗,1
2024/4/27 18:20,估计都睡着了,0
2024/4/27 18:20,唉电动车,0
2024/4/27 18:20,[感谢][感谢],0
2024/4/27 18:20,又是电动车？,0
2024/4/27 18:20,江西火了,0
2024/4/27 18:20,好像是停在一楼楼道口了,0
2024/4/27 18:21,火灾死的人大多都是被呛死的,1
2024/4/27 18:21,不懂就问，山东没发生过火灾吗[赞],1
2024/4/27 18:21,估计把电车搬放家里了,0
2024/4/27 18:21,[捂脸][捂脸][捂脸],0
2024/4/27 18:21,看到的是火灾，真确定致死原因是火灾吗？1楼啊，怎么会 。。,1
2024/4/27 18:21,心痛 烧死多疼啊,1
2024/4/27 18:21,天哪一楼都伤亡这么严重,0
2024/4/27 18:21,悲哀,0
2024/4/27 18:21,[666][666][666],0
2024/4/27 18:21,电动车,0
2024/4/27 18:22,[抱抱你][抱抱你][抱抱你],0
2024/4/27 18:22,[灵机一动][灵机一动] 还是要往上走一楼着火二楼你在堵也不行。 所以要往上靠一起躲跟楼上的,0
2024/4/27 18:22,电动车,0
2024/4/27 18:22,又是电动自行车,0
2024/4/27 18:22,又是电动车着火,0
2024/4/27 18:22,大白天1楼[感谢][感谢],0
2024/4/27 18:22,大多数烧死的都是防盗门开不了,1
2024/4/27 18:22,怎么今年这么多火灾,0
2024/4/27 18:22,一看就是电动车,0
2024/4/27 18:22,这种可以直接报警吗[发呆],0
2024/4/27 18:22,烧的好可怜[流泪],0
2024/4/27 18:22,应该又是电瓶车充电引发的火灾,0
2024/4/27 18:22,家里一定要准备灭火器,0
2024/4/27 18:22,好像电动车,0
2024/4/27 18:23,电动车就不能放外面，非要放楼梯间,1
2024/4/27 18:23,又是万恶的电瓶车,1
2024/4/27 18:23,火灾其实比咱们想象的.烧的更快的,0
2024/4/27 18:23,如果是自健房，怎么都烧不死人,1
2024/4/27 18:23,中国多少高楼，,0
2024/4/27 18:23,嗯嗯，火要是自家着起来的应该很难逃，别的人家这么操作可能逃出来可能性大一些。,0
2024/4/27 18:23,高层都应该每层楼窗户外边做一个逃生小平台，人家安空调也方便安全，,0
2024/4/27 18:23,熏黑的[冷漠],1
2024/4/27 18:23,这么大火不是想象那么简单的，小时候在田里烧稻草，几秒钟就受不了，还是露天的,0
2024/4/27 18:23,电动车爆燃无法用水用灭火器熄灭、火势超大迅速蔓延逼无可避,0
2024/4/27 18:23,这次会不会说电瓶车了,0
2024/4/27 18:23,就算是烟熏温度也高的，后期皮肤估计不好搞,0
2024/4/27 18:23,边上有斜坡,0
2024/4/27 18:24,群主房要取消掉！也有特大安全隐患！！,1
2024/4/27 18:24,是电动车引起的。,0
2024/4/27 18:24,电动车着火吗？,0
2024/4/27 18:24,[感谢],0
2024/4/27 18:24,一楼逃出来还烧伤那么严重吗,1
2024/4/27 18:24,看来1楼也很危险，那得买顶楼，起了火灾往天台跑,0
2024/4/27 18:25,看来住几层都有可能出危险,0
2024/4/27 18:25,@梅霜霜霜霜霜 @s @一条锦鲤?? 往上面跑呢,0
2024/4/27 18:25,@胡少,0
2024/4/27 18:25,又是电瓶车,0
2024/4/27 18:25,哎！还是农村好啊，经常小区高楼大厦着火[恐惧],0
2024/4/27 18:25,还是住自家大院好,0
2024/4/27 18:25,119,0
2024/4/27 18:25,[捂脸]消防和营销号总是让你们在家里等救援  这是在火势蔓延无法逃离的时候没有办法的办法  最好的办法就是在火势还没彻底起来的时候赶紧下楼逃生,0
2024/4/27 18:25,一楼火灾白天能死3个，不可思议，一楼起火一样不保险！,1
2024/4/27 18:26,又是江西，又要江西,1
2024/4/27 18:26,我不喜欢一大群人住在一起,0
2024/4/27 18:26,哎，今年咋了，老天爷呀不是这出事就是那出事，我希望全国的父老乡亲兄弟姐妹，从今以后不管在家，还是远在他乡，不管挣钱多少，都平平安安，健健康康，父母健康快乐，儿女活泼可爱，真心希望,0
2024/4/27 18:26,就那个空心铝合金一脚就弯了,0
2024/4/27 18:26,[尬笑]原来住哪都不安全,0
2024/4/27 18:26,@小鱼仔?,0
2024/4/27 18:26,这样说我们楼是二户一单元，二单元楼顶是连在一起的，倘如发生火灾可以直接去顶楼走另一个单元楼逃出,0
2024/4/27 18:26,能见度特别低,0
2024/4/27 18:26,那好像是熏黑的,0
2024/4/27 18:27,[感谢][感谢][感谢][感谢][感谢][感谢][感谢],0
2024/4/27 18:27,[感谢][感谢][感谢][感谢][感谢],0
2024/4/27 18:27,以后这就是鬼楼了,1
2024/4/27 18:27,可怜,0
2024/4/27 18:27,我是说我不买高楼，我可没有说他们,0
2024/4/27 18:27,电动车放楼道起火爆燃吧,1
2024/4/27 18:27,据说那个烟一般都是高温的，很烫很烫,0
2024/4/27 18:27,好可怕[恐惧],0
2024/4/27 18:27,除非是劣质电池起火，否则，怎么可能呢？,0
2024/4/27 18:27,我报了,0
2024/4/27 18:27,电动车燃了，应该都是熏死的，大家保重,1
2024/4/27 18:27,人在家怎么会一下就燃很大的？,0
2024/4/27 18:27,打电话给物业,0
2024/4/27 18:28,换我这情况下，我拼命往楼上跑[呲牙],0
2024/4/27 18:28,烟是往上的，一二楼基本用我说的方法没问题，就看自己有没有勇气求生欲望强不了，一二楼给薰这样，消防知识和意识了解太少了,1
2024/4/27 18:28,[感谢][感谢][感谢],0
2024/4/27 18:28,熏黑而已，只要不是烧伤，都是幸运,0
2024/4/27 18:28,一楼能死三个人，难道没长腿吗？不会跑,1
2024/4/27 18:28,全部睡着了吗？火灾一开始都应该能闻到异味了，怎么没及时发觉。,0
2024/4/27 18:28,[呲牙],0
2024/4/27 18:28,我想问是任何电池燃烧都是这种毒气吗，还是只有锂电池？,0
2024/4/27 18:28,@以念万粉cos武则天 一楼为什么没跑出来的[难过],0
2024/4/27 18:28,楼道里都是烟的话，是不建议，第一看不清，第二有毒，坚持不了30秒人就要倒下了，而且楼上万没人或者不开门，那真的求助无门，火灾中呛死的比烧死的要多,0
2024/4/27 18:28,这种情况通常丢失死于肺病。,1
2024/4/27 18:28,[泣不成声][泣不成声][泣不成声][泣不成声][泣不成声][泣不成声][泣不成声][泣不成声][泣不成声],0
2024/4/27 18:29,这个100％活不了，现在看是若无其事一样，只要到医院最多一星期,1
2024/4/27 18:29,[感谢][感谢][感谢],0
2024/4/27 18:29,薅客山东,1
2024/4/27 18:30,感觉像是电动车起火,0
2024/4/27 18:30,电动车吧,0
2024/4/27 18:30,确实往上，但是这个烟的程度也不会到顶层 [捂脸] 你以为多大火势。一楼都出不去门都烧变形了，二层也分人。 两排楼梯也不好下去半道出事就完了。,0
2024/4/27 18:30,确实有活下来的,0
2024/4/27 18:30,@我不是Dragon?? @永在 @思维 @阳光小达人,0
2024/4/27 18:31,绝对是锂电池的电动车,0
2024/4/27 18:31,仔细看，里面有个电瓶车,0
2024/4/27 18:31,不一定,0
2024/4/27 18:31,我相问买房买高楼好还是买 低层 好 ？？,0
2024/4/27 18:31,南昌最近老是头条，有没有反思一下,0
2024/4/27 18:31,消防宣传根本就是为了下去收钱,1
2024/4/27 18:31,是不是电动车起火？,0
2024/4/27 18:31,@小羊咩咩??,0
2024/4/27 18:31,[感谢][感谢][感谢],0
2024/4/27 18:31,你去搜索一下锂电池起火，那就是分分钟的大炸弹。太多电梯电动车起火案例。铅酸电池稍微好一点，就是续航不行,0
2024/4/27 18:31,希望是熏黑的[感谢],0
2024/4/27 18:32,又是电动车,0
2024/4/27 18:32,因为楼道里都是火，看到有电动车了。,0
2024/4/27 18:32,@头都快秃了,0
2024/4/27 18:32,吸入性伤害可是很可怕的,0
2024/4/27 18:32,一楼着火，一般情况下一楼不会出现伤亡。但电步梯逃生都要从一楼，大火烟封住逃生通道，楼上住户就非常危险。,0
2024/4/27 18:32,好恐怖，为什么1楼都跑不掉？？,0
2024/4/27 18:32,所以我不喜欢住火柴盒,0
2024/4/27 18:32,电瓶车充电器,0
2024/4/27 18:32,绝对不能买高层楼,0
2024/4/27 18:32,南昌真倒霉。今年。[捂脸][捂脸][捂脸],0
2024/4/27 18:32,如果容易逃出来就不会有伤亡了！我们难以想象的可怕！,0
2024/4/27 18:32,如果公共车棚充电按电费收取还会有电动车上楼吗？,0
2024/4/27 18:33,一楼，为什么被烧的人站在二楼,1
2024/4/27 18:33,看着一楼着火的电鸡，又是电鸡引起的火灾么？,1
2024/4/27 18:33,家里，要常备灭火器[灵机一动],0
2024/4/27 18:33,看看。电动车充电起火的吧,0
2024/4/27 18:33,[感谢],0
2024/4/27 18:33,生不如死,1
2024/4/27 18:33,一楼跑不出来？,1
2024/4/27 18:34,不会跑二楼？,0
2024/4/27 18:34,不懂就不要乱说,1
2024/4/27 18:34,家庭可燃物的热烧速度你可能没见过,0
2024/4/27 18:34,一楼？,0
2024/4/27 18:34,最安全的地方为什么要按防盗窗？,0
2024/4/27 18:34,跟物业说，这种太可怕，出了事谁负责，,0
2024/4/27 18:34,电瓶车引起的,0
2024/4/27 18:34,我们小区禁止把电动车骑进电梯上楼，电梯门口也贴了禁止标语，但还是看见有不自觉的人骑进电梯，给物业打了电话只是口头上说会管，但根本没有措施，这种怎么举报骑车上楼的人啊[尬笑],0
2024/4/27 18:34,@静静的听你吹 @奋斗 天,0
2024/4/27 18:34,是电瓶车着了吗,0
2024/4/27 18:34,烧黑的话应该毛发不存,1
2024/4/27 18:34,最难熬的是前两年,0
2024/4/27 18:34,太恐怖了。,0
2024/4/27 18:34,一楼能死人 哎...真是奇葩,1
2024/4/27 18:34,楼道里面是不是有电瓶车,0
2024/4/27 18:35,看到了电动车,0
2024/4/27 18:35,我同事小区，说是楼道电动车着火[流泪],0
2024/4/27 18:35,喷淋不起作用的[泣不成声],0
2024/4/27 18:35,套房的悲哀[感谢],0
2024/4/27 18:35,没有连廊的房子不能住，有连廊就可以从另一边下去,0
2024/4/27 18:36,@冯秋林  沂?? ???? @小新爱唱歌,0
2024/4/27 18:36,水泡，流脓，最难过的还是毁容，心伤,0
2024/4/27 18:36,最近江西是怎么了频频出事,0
2024/4/27 18:36,有可能是在睡觉，或者年纪长点的老人，当在房间受不了的情况下肯定起来了，当打开房门时就是最致命的时候,0
2024/4/27 18:36,这几个月江西就没消停过次次热搜，搜搜不重样,0
2024/4/27 18:36,两百多万,0
2024/4/27 18:36,跟你上下层着火其实堵住比较难，至于楼上有人没人肯定有除非不给你开，烟要是到了平层那肯定不能出去。 要是还在下面一层可以上去。,0
2024/4/27 18:36,一楼也出不去吗？,0
2024/4/27 18:36,南昌没人管的，出了事就来管一下。叫他们不要私自拉闸充电，带电动车上楼，千说万说没人听你的。,1
2024/4/27 18:36,电动车[微笑],0
2024/4/27 18:36,天燃管最危险[捂脸],0
2024/4/27 18:36,一楼都跑不掉，怎么搞,1
2024/4/27 18:36,水火无情,0
2024/4/27 18:37,看那样子是熏的,0
2024/4/27 18:37,很难活，都不说皮肤被大面积烧伤很难熬过3个月，如果吸入很烫浓烟导致肺部灼伤，熬不过3天感染而死,1
2024/4/27 18:37,唉……,0
2024/4/27 18:37,呼吁不管城里农村，家家都备灭火器，有备无患！,0
2024/4/27 18:37,这个地方有妖。,1
2024/4/27 18:37,[感谢][感谢][感谢],0
2024/4/27 18:37,烧黑了，还能活吗？,1
2024/4/27 18:37,烟熏上去你能看得见呼吸你都呼吸不了,1
2024/4/27 18:37,一楼为什么没有及时得到控制??,0
2024/4/27 18:38,家用防火门的重要性,0
2024/4/27 18:38,@li??,0
2024/4/27 18:38,太悲惨了,0
2024/4/27 18:38,以后小区着火肯定越来越多，,1
2024/4/27 18:38,[感谢][感谢],0
2024/4/27 18:38,一看就是电动车,0
2024/4/27 18:38,1楼居然可以死3个？,1
2024/4/27 18:38,[感谢][感谢][感谢][感谢][感谢][感谢],0
2024/4/27 18:38,[感谢][感谢][感谢][感谢],0
2024/4/27 18:39,一楼，而且是白天，这火究竟起的有多猛烈呀，哎！,0
2024/4/27 18:39,这个火是天然气泄露一点就全屋起火吗？,0
2024/4/27 18:39,前段时间不是说不能买高楼吗？低层好逃生，？我看火灾来了高低都危险，,0
2024/4/27 18:39,有些小区的老年人喜欢堆积旧东西，一辈子积下的乱七八糟的东西，杂物多，没出事前不能说，说了也不听，这类杂物安全隐患大。,1
2024/4/27 18:40,怕高楼这又要怕一楼，到底几楼安全,0
2024/4/27 18:40,一楼最好救 这些邻居怎么拿水把火浇灭,0
2024/4/27 18:40,一楼？估计装防盗窗了吧,0
2024/4/27 18:40,电动车违规进楼充电？,0
2024/4/27 18:40,窗户应该是有护栏出不来吧,0
2024/4/27 18:40,高楼不好逃生,0
2024/4/27 18:40,住在低楼层朋友们  记住门窗一定装烟雾报警器  [捂脸][捂脸][捂脸]你鬼知道楼下什么时候着火,0
2024/4/27 18:40,防盗窗给圈里面了,0
2024/4/27 18:40,[展开说说][展开说说]不是电瓶车最危险嘛,0
2024/4/27 18:40,心累才累,0
2024/4/27 18:40,从不喜欢高楼大厦，就怕停水停电，火灾,0
2024/4/27 18:40,[感谢][感谢][感谢][感谢][感谢][感谢],0
2024/4/27 18:40,这小区啥消防系统,1
2024/4/27 18:41,[感谢][感谢][感谢],0
2024/4/27 18:41,喜欢充电咯,0
2024/4/27 18:41,主楼就这样没办法,0
2024/4/27 18:41,1楼着火都能死三个？[尬笑][尬笑]我真的需要详细的报告！,1
2024/4/27 18:41,因为中国人很多自身不重视消防……,1
2024/4/27 18:41,说一楼跑不出去的 都是没看到过真正火灾的现场，火灾的时候 只要晚一会会时间 就会浓烟滚滚，让你看不到自己五指，那时人的心里是极度恐慌的 什么都看不到就像瞎子 外加还有火的高温,0
2024/4/27 18:41,有的是可以熏的,0
2024/4/27 18:41,一定要捂住口鼻 爬的地上爬出来,0
2024/4/27 18:41,老旧小区,0
2024/4/27 18:41,正常电动车铅酸电池只要不是线路短路问题不会燃烧  更不会爆燃 锂电池 那放烟花一样 [捂脸],0
2024/4/27 18:42,这次还怪电动车吗？,1
2024/4/27 18:42,一楼   躲在屋里  等  火灭么,1
2024/4/27 18:42,还是茅草屋安全,0
2024/4/27 18:42,估计大概率电动车，别的没有那么快,0
2024/4/27 18:42,说闭气跑出来的都是没经历过的，一口烟你就呛到了，呛到了你必咳嗽，你试试咳嗽的时候能闭气不,1
2024/4/27 18:43,电动车？,0
2024/4/27 18:43,从门口燃烧？谁点的,1
2024/4/27 18:43,你别看他全身黑，这些都是黑烟，他没有被烧到。真要烧这么黑还走路呢，早疼得嗷嗷叫,1
2024/4/27 18:43,防盗窗加持，电瓶车和其它引燃的物品在门口剧烈燃烧，此时你有什么好办法逃出？,0
2024/4/27 18:43,[感谢][感谢][感谢][感谢][感谢][感谢][感谢],0
2024/4/27 18:43,上次说打死也不买6层以上的那些扛精出来走两步呗,1
2024/4/27 18:43,又是电动车,0
2024/4/27 18:43,又是电瓶车。,0
2024/4/27 18:44,怎么看像是电动的着火,0
2024/4/27 18:44,？？？楼道里都有灭火器？还能这样,0
2024/4/27 18:44,这个就需要小区想办法装充电桩，停到集中的地方充,0
2024/4/27 18:44,这就是大城市的好处，,0
2024/4/27 18:44,买点防毒面罩放房间备用,0
2024/4/27 18:44,[感谢][感谢][感谢],0
2024/4/27 18:45,起火爆炸的每次都是电动车，现在的电动车能不能去指定的位置充电[我想静静],1
2024/4/27 18:45,南昌真出名,0
2024/4/27 18:45,把很像去掉，就我家附近,0
2024/4/27 18:45,我这样跟你说吧，调查结果出来之前，你这属于造谣知道吗？,1
2024/4/27 18:45,[鼓掌][鼓掌][鼓掌],0
2024/4/27 18:45,还能站着走路，还有一个站在二楼窗口下面，这两个太幸运了,0
2024/4/27 18:45,楼道里电瓶车起火，里面全是防盗窗，咋弄？,0
2024/4/27 18:46,里面好像电动车吧,0
2024/4/27 18:46,广东的过去淋一下哈哈,0
2024/4/27 18:46,明明是熏黑偏偏说烧黑[捂脸],1
2024/4/27 18:46,小区门口有集中充电桩这些人为了省钱 充电桩应该贵点,1
2024/4/27 18:46,要是下雨天就好了。广州下半个月的雨了。继续下雨,0
2024/4/27 18:46,是燃气爆炸还是咋搞的？这么严重,0
2024/4/27 18:46,怎么感觉是电动车烧起来的,0
2024/4/27 18:46,@阿狸是只猫,0
2024/4/27 18:46,现在的家具多毒，高温一起各种味道，呛一口，可能就晕过去了,0
2024/4/27 18:46,电瓶车堵死通道[捂脸],0
2024/4/27 18:46,估计又是电瓶车,1
2024/4/27 18:47,@lice 金球小区也是飞线充电,0
2024/4/27 18:47,咋一楼发生火灭都没有逃出来的。咋会被烧死了,1
2024/4/27 18:47,打119举报呀,1
2024/4/27 18:47,@九米吖,0
2024/4/27 18:47,一瞬间抽空氧气了人直接晕过去了估计，又有防盗窗，只能从门口出去,0
2024/4/27 18:47,毒烟 直接呛死,1
2024/4/27 18:47,以后造房子建议都加装一条消防滑梯,0
2024/4/27 18:48,电瓶车，在楼道家里充电的都得死,1
2024/4/27 18:48,现在的破房子，里面全是泡馍，着火基本等死就行[流泪]像我们这种全是砖头的怎么可能着火呢[流泪],1
2024/4/27 18:48,自建房绝对不会有这种情况,1
2024/4/27 18:48,楼道里面的消防栓没水吗？,0
2024/4/27 18:48,烧伤会附带一辈子的，太可怕了[捂脸],0
2024/4/27 18:48,那里停了电动车吧,0
2024/4/27 18:49,@那份情-,0
2024/4/27 18:49,[尬笑],0
2024/4/27 18:49,火灾是你想象不到的！,0
2024/4/27 18:49,又是电动车起火，所以锂电池电动车千万别进楼，否则就是谋杀！,1
2024/4/27 18:50,难道被锁在一楼？,1
2024/4/27 18:50,一楼也跑不了?,1
2024/4/27 18:50,一楼能然这么厉害？是不是在家充电动车？电池燃烧几秒钟就很大烟，人几乎没时间逃离……,1
2024/4/27 18:50,新能源[捂脸],0
2024/4/27 18:50,又是电瓶车,0
2024/4/27 18:50,就是一楼起火威胁最大呀，咋想的[捂脸],0
2024/4/27 18:50,趴下啊，湿毛巾啊[流泪]唉,0
2024/4/27 18:50,太可怕了,0
2024/4/27 18:50,哎,0
2024/4/27 18:51,还是不够冷静，对生死没有太大概念，本来踹掉防盗窗也能逃，这还是1楼，逃跑的方式太多了，要是高层那才是真的等死,1
2024/4/27 18:51,火灾原因呢,0
2024/4/27 18:51,希望上虞浅水湾这一天不要看到，家里没有生命水,1
2024/4/27 18:51,一楼冲也该冲出来啊？？？,1
2024/4/27 18:51,还是农村好，火灾也会有，但是伤亡却很少,0
2024/4/27 18:51,估计还是电动车,0
2024/4/27 18:51,是吗？同一城市，大家都知道的事[捂脸],0
2024/4/27 18:51,是天灾吧,0
2024/4/27 18:51,电瓶车进楼引发火灾车主应该负责,0
2024/4/27 18:51,唉，想不到跨越阶层的城里人也有煩恼啊,0
2024/4/27 18:51,你知道烧死一个老太太，她是几楼的，怎么死的,1
2024/4/27 18:52,前面有人说我造谣[捂脸],1
2024/4/27 18:52,[感谢][感谢],0
2024/4/27 18:52,楼道好像是电瓶车在烧,0
2024/4/27 18:52,火又不是突然就这么大的为什么不发现火就逃，1楼阳台腿一抬就跑了,1
2024/4/27 18:52,[玫瑰],0
2024/4/27 18:52,一楼咋还没跑出来哪,1
2024/4/27 18:52,摩托车好好的，非要搞电动车,1
2024/4/27 18:52,我猜哈 我就简单猜一下。代表我个人想法。是不是电动车上楼充电引起的火灾,0
2024/4/27 18:52,关电动车啥事?明明就是质量问题，家用电器也没见几个着火的,1
2024/4/27 18:52,大多数不是被烧死的，而是被熏死,1
2024/4/27 18:52,楼道放车跟我这一样，说的说，该放的还是要放，,0
2024/4/27 18:52,天啦！太吓人了[流泪][流泪][流泪]希望大家平安健康[感谢][感谢][感谢]希望我能抗癌成功！,0
2024/4/27 18:52,这把电动车带进楼道里充电的害了多少人,1
2024/4/27 18:53,感谢我们小区保安，规定电瓶车严谨进入，天天的每层楼里检查,0
2024/4/27 18:53,[感谢][感谢][感谢],0
2024/4/27 18:53,又是电动车,0
2024/4/27 18:53,感觉又是电瓶车,0
2024/4/27 18:53,其实正确的做法是踹掉防盗窗就能逃，再就是躲到卫生间潮湿点有水的地方，1楼逃生的方法太多太多了，高层那才是等死。,0
2024/4/27 18:53,电车[抠鼻]。看看还需要用多少条命去填这个坑,1
2024/4/27 18:53,我很好奇，平时人都是那么注重形象见面，这个时候你们会觉得那个重要吗？？？现在命最重要！所以平时不要看别人那个那个。。。。。。好好生活珍惜眼前才是最重要！,0
2024/4/27 18:53,江西最近这么火[看],0
2024/4/27 18:53,@·Fairy· 南昌最近咋了,0
2024/4/27 18:54,一楼也烧成这样，消防安全怎么做的,1
2024/4/27 18:54,专家呢？针对这类问题去研究下怎么减少最大的人员财产损失,0
2024/4/27 18:54,叫老公买房住高高,0
2024/4/27 18:54,水火无情，敬畏生命敬畏安全,0
2024/4/27 18:55,[感谢],0
2024/4/27 18:55,[玫瑰][玫瑰][玫瑰],0
2024/4/27 18:55,为了大家的安全，她不懂别人还要活呢。,1
2024/4/27 18:55,[呲牙][呲牙][呲牙],0
2024/4/27 18:55,安全为了生产,0
2024/4/27 18:56,有的人怕小偷安防盗网,0
2024/4/27 18:56,锂电池绝不能买？底层醒醒吧,1
2024/4/27 18:56,我小区还有人把电动车的电瓶直接提到楼上充电，定时炸弹[捂脸][捂脸][捂脸],0
2024/4/27 18:56,一楼起火咋跑不出去？是不是装了防盗网啊,0
2024/4/27 18:56,老小区的消防问题很大，物业的责任 太封闭了,0
2024/4/27 18:56,天呐,0
2024/4/27 18:56,怎么回事哦 门是被锁住了吗,0
2024/4/27 18:56,卧槽,1
2024/4/27 18:56,应该是全部窗户都封死了，午睡，客厅起火。,0
2024/4/27 18:56,我点的[捂脸][捂脸][捂脸][捂脸][捂脸][捂脸],0
2024/4/27 18:56,原因！！！！原因,0
2024/4/27 18:56,[感谢][感谢][感谢],0
2024/4/27 18:57,背着房贷，最后还被火烧[流泪]可怜哦,0
2024/4/27 18:57,电动车,0
2024/4/27 18:57,加油，陌生人[玫瑰],0
2024/4/27 18:57,这样再救就没有意义了,1
2024/4/27 18:57,看着又是电动车着火，教训呀[捂脸],0
2024/4/27 18:58,这样的好像活的可能性,1
2024/4/27 18:58,发生火灾一定要去厕所里面躲，因为厕所里面有水[感谢][感谢][感谢],0
2024/4/27 18:58,一切平安[感谢],0
2024/4/27 18:58,天啊疼死了，保佑希望平安[感谢][感谢][感谢],0
2024/4/27 18:58,@我hen饱^ 我靠,1
2024/4/27 18:59,一楼有些为了防贼，密闭窗户。大门出不去只有娃到,0
2024/4/27 18:59,小区的人都是吃干饭的，把人??成这样,1
2024/4/27 18:59,又是电动车[微笑],0
2024/4/27 18:59,谁充电了谁来赔吧。,0
2024/4/27 18:59,自从有了锂电电池这已经是常态,0
2024/4/27 18:59,火灾发生后，一定要冷静，把棉被打湿披在身上！,0
2024/4/27 18:59,浓烟一分钟就熏趴下，,0
2024/4/27 18:59,@声声慢.,0
2024/4/27 18:59,[666][666][666],0
2024/4/27 18:59,打12345匿名举报就行，说小区名字,0
2024/4/27 18:59,每个小区物业应该定期组织消防逃生培训，很多人面对火灾不知道怎么逃生,0
2024/4/27 18:59,@秋辰 你老家,0
2024/4/27 18:59,火灾死亡不定是烧死，反而更多是被浓烟熏死。,0
2024/4/27 19:00,那后期也难,0
2024/4/27 19:00,这是电瓶车吧,0
2024/4/27 19:00,[感谢][感谢][感谢],0
2024/4/27 19:00,一楼还能烧死？,1
2024/4/27 19:00,@军宝宝?? @babygirl @摆摊女王?? @Tsuki ?? @suga @换个名吧 @○柚○（不想搬砖版） @财从四面八方来来来 @好想吃烤肉,0
2024/4/27 19:00,又下次不敢充电了吧[捂脸],1
2024/4/27 19:00,100%电动车,0
2024/4/27 19:01,请问大楼里的消防栓起到什么作用,0
2024/4/27 19:01,充电的全责,1
2024/4/27 19:01,[感谢][感谢][感谢]求求了  别发这样视频了,0
2024/4/27 19:01,电动车在楼道起火看着像,0
2024/4/27 19:01,防盗网,0
2024/4/27 19:02,烟,0
2024/4/27 19:02,农村也有着火的、我们那就有把自己家点着了的、还烧死了人,1
2024/4/27 19:02,[流泪][感谢][感谢][感谢],0
2024/4/27 19:02,一楼一定要带院子啊，多一个后门，随时可以出去,0
2024/4/27 19:02,锂电池起火,0
2024/4/27 19:02,呛死的,1
2024/4/27 19:02,[赞][赞][赞],0
2024/4/27 19:03,又好像是电动车，说了不听,1
2024/4/27 19:03,因为你没文化,1
2024/4/27 19:03,如果是电瓶起火，根本跑不出来,0
2024/4/27 19:03,[感谢],0
2024/4/27 19:03,@Lucky……,0
2024/4/27 19:03,看样子，电动车还放在楼里面,0
2024/4/27 19:03,[感谢][感谢][感谢],0
2024/4/27 19:04,让你们住高楼，东家不出事，西家出，农村自建房多好，不会连累别人,1
2024/4/27 19:04,要是皮肤严重烫伤，后面面对的更是痛苦的折磨啊！[感谢][感谢][感谢],0
2024/4/27 19:04,^2楼站着的就是他,0
2024/4/27 19:04,烧伤更难受,1
2024/4/27 19:04,是被烟呛死的,0
2024/4/27 19:04,南昌这是怎么了[泣不成声],0
2024/4/27 19:04,[感谢][感谢][感谢][感谢][感谢][感谢],0
2024/4/27 19:04,一楼应该逃生机会很大  一般起火就有很大的味道  几个人都没闻出来吗？看着这女的被熏黑了,1
2024/4/27 19:04,出来这个没多大问题，基本是烟熏黑的但愿如此,0
2024/4/27 19:04,一楼往上跑呀，或者不开门呀,0
2024/4/27 19:05,一楼起火？死三？这是哪里出了错,1
2024/4/27 19:05,南京小区那事还没熄，南昌小区又得灭，得。。我们小区弄个电瓶车车棚还分两波业主吵架[酷拽][酷拽][酷拽][酷拽],0
2024/4/27 19:05,那残疾人呢？是不是等有人过来救,1
2024/4/27 19:05,那么爱着火吗,0
2024/4/27 19:05,天灾无情啊   愿所有人都平安无事,0
2024/4/27 19:05,一楼？？？,0
2024/4/27 19:05,[666][666][666],0
2024/4/27 19:06,我看见电动车,0
2024/4/27 19:06,估计又是电动车,0
2024/4/27 19:06,小时候楼道着火进去过一次，因为火不大，寻思自己能扑灭，结果进去后不到10秒就跑出来了，那个黑烟呛嗓子迷眼睛，难受到不行[流泪][流泪][流泪],0
2024/4/27 19:06,把我顶上去，我有祖传烧伤烫伤药[泣不成声][泣不成声][泣不成声][泣不成声],0
2024/4/27 19:06,消防说住在店里不安全不让住，看来居民楼也不安全啊！,0
2024/4/27 19:06,[看]毒烟将人熏死～～～速度很快的将人置于死地。。。火灾大多数，是毒烟呛死的，而非烧死的。,0
2024/4/27 19:06,一楼都装护栏，想破窗而出，都困难……有利有弊,0
2024/4/27 19:06,烧伤了即使轻伤没这么淡定的,1
2024/4/27 19:07,[感谢],0
2024/4/27 19:07,这就是大家拼了命也要追求的鸽子笼。。,1
2024/4/27 19:07,农村独门独院独户不好吗,0
2024/4/27 19:07,烟里真的很窒息、恐慌。那个燃烧起来的烟，进去3秒都不到就呛得无法呼吸，拿口罩打湿捂着嘴也不好呼吸。??又熏得睁不开，打个手机电筒都不怎么看得清。坚持了不到30秒就感觉特别难受，跑外面大口呼吸。脸、口罩，鼻孔都是黑色的，连鼻涕都是黑的。,0
2024/4/27 19:07,一楼被烧死3人，不可理解，难道跑不出来吗？[流泪],0
2024/4/27 19:08,肾上腺素应激反应让他多活几天而已,1
2024/4/27 19:08,怎么天天有伤亡[流泪][感谢][感谢][感谢],0
2024/4/27 19:08,电瓶车得买正规品牌的还得小心使用。嫌贵就别骑烧成这样后悔吧！,1
2024/4/27 19:08,让你们买房还不如自建房安全，还不用交物业费停车费,0
2024/4/27 19:08,电动车室内充电直接入刑刻不容缓,0
2024/4/27 19:08,最近都是小区火灾 后悔买高层了[捂脸],0
2024/4/27 19:08,越低的楼层着火越影响大，烟是直的上升的，楼道里全是烟，越上面的人往下跑越跑不出来。,0
2024/4/27 19:09,[感谢][感谢][感谢],0
2024/4/27 19:09,1楼肯定窗户啥的都按的防盗,0
2024/4/27 19:09,现在小区房应该外面留一个地方电瓶车充电，这种情况出了好多次了,0
2024/4/27 19:09,物业是干嘛的,0
2024/4/27 19:09,消防车报警后多久到达？？？,0
2024/4/27 19:10,消防车报警后多久到达？？？,0
2024/4/27 19:10,[感谢][感谢],0
2024/4/27 19:10,[感谢][感谢][感谢],0
2024/4/27 19:10,楼道起火 待家里。楼道有烟不要乱跑。不放心就在家里做好隔离和准备些灭火的。,0
2024/4/27 19:10,被焊了吗,1
2024/4/27 19:10,一楼？,0
2024/4/27 19:10,@南昌新闻 一楼还是白天，走了3个，伤的两个也烧伤严重,0
2024/4/27 19:11,什么引起一楼起火？电动车充电吗？[尬笑][尬笑],0
2024/4/27 19:11,防盗窗焊死，防盗门着火断电打不开,0
2024/4/27 19:11,电车,0
2024/4/27 19:11,[感谢]烧成这样够呛能活[感谢]但愿平安[感谢],0
2024/4/27 19:11,高层顶上有平台，不是说一定要往楼下跑，有时往下跑反而更危险。,0
2024/4/27 19:11,专家又在抓燃气了,0
2024/4/27 19:11,妈呀[流泪],0
2024/4/27 19:11,一个家庭[流泪],0
2024/4/27 19:11,[感谢][感谢][感谢],0
2024/4/27 19:11,悻悻苦苦买套房，房贷还没还完，就去地下了,1
2024/4/27 19:11,希望一切都平安！[感谢][感谢][感谢],0
2024/4/27 19:12,就像蒸笼一样。。。,0
2024/4/27 19:12,一瞬间逃不出来 黑烟 邻居家窗户完好没爆炸，基本就是电瓶车。,0
2024/4/27 19:12,是窗户安装了防盗网吧？,0
2024/4/27 19:12,还记得前年南京的那两口子也是烧伤后感染。唉,0
2024/4/27 19:12,我们楼道消防栓都没有[尬笑],0
2024/4/27 19:12,所以火灾很严重的，可能是逃跑不及时，浓烟呛死的！看也看不见路！,0
2024/4/27 19:12,什么原因？,0
2024/4/27 19:12,[感谢][感谢][感谢],0
2024/4/27 19:12,一楼估计是电动车,0
2024/4/27 19:13,电瓶车[微笑],0
2024/4/27 19:13,我在顶楼18楼锁门的我总不能在楼梯间吧  跑不了就只能躲家里,0
2024/4/27 19:13,[感谢][感谢][感谢],0
2024/4/27 19:13,这么宣传还把电瓶车停放在单元门。,1
2024/4/27 19:13,皮都烧烂了，血都出来了,1
2024/4/27 19:13,今年江西事故有点多了。,0
2024/4/27 19:13,俺们小区除了车没看到消防通道,0
2024/4/27 19:13,奇葩，1楼跑不出来吗？,1
2024/4/27 19:13,电动车成为人民最大的安全隐患,1
2024/4/27 19:13,一楼有防盗窗 只能从门口出  ！大火不可能一下就烧起来   难道家里人都睡着了还是,1
2024/4/27 19:13,是电动车起火吗？,0
2024/4/27 19:13,一楼竞然都跑不出来.很有可能是可怕的电动车起火.,1
2024/4/27 19:13,电动车导致的吗？,0
2024/4/27 19:13,江西这是怎么了,0
2024/4/27 19:14,[感谢][感谢][感谢],0
2024/4/27 19:14,我们楼一楼住户把电瓶车放在家门口充电 我第一天找物业 第二天打110 119 第三天打12345  三天来了四五波人直接给他们骂傻了 从此再也不敢这么停了,0
2024/4/27 19:14,牛逼,0
2024/4/27 19:14,"又是电动车。
上次新余起火，弄了一个多月让人家买灭火器，这下又要怎么折腾！",1
2024/4/27 19:14,重度烧伤不会疼的[灵机一动],1
2024/4/27 19:14,都被骗了，时间不对[捂脸][捂脸][捂脸],0
2024/4/27 19:15,这个绝对是楼道口乱停电动车然后起火直接堵死,1
2024/4/27 19:15,都烧掉皮了，流血了，我看过视频,1
2024/4/27 19:15,会不会烧成炭了,1
2024/4/27 19:15,@椰子??. @十火白 @木可金争,0
2024/4/27 19:15,握草，怎么引起的？？？？,0
2024/4/27 19:15,老表又上热门了[捂脸],0
2024/4/27 19:15,我的天呢[流泪],0
2024/4/27 19:16,又是电瓶车呗,0
2024/4/27 19:16,江西改名叫火都吧。每年火灾事件不断。,1
2024/4/27 19:16,人家是黑烟熏黑的，又不是烧黑的[捂脸],1
2024/4/27 19:16,心灵上痛苦才是真的痛 ，3 人死亡估计是她至亲的人，再加上自己被伤成那样，换做我死了算了,1
2024/4/27 19:16,@??糊图图图??,0
2024/4/27 19:17,老子5点看的，还不到七点，你这视频是穿越的吗,1
2024/4/27 19:17,以后电瓶着火了，厂家赔一半，为质量负责,0
2024/4/27 19:17,我还是觉得，租房更好。别人家着火烧了也不是我的房子[捂脸],0
2024/4/27 19:17,着火原因？,0
2024/4/27 19:17,哎，人间炼狱,1
2024/4/27 19:17,顶层的是安全门，不让锁的，这个可以告物业。我们这好多小区我都做过维修，也没见哪个顶楼锁门的。那可是消防逃生用的。,0
2024/4/27 19:18,@Z ZZZZZ,0
2024/4/27 19:18,看着里面好像有辆电动车在着火？,0
2024/4/27 19:18,还是乡下好吧？[微笑],0
2024/4/27 19:19,找物业,0
2024/4/27 19:19,生死面前还这样想，你不会用脚踹掉防盗窗，那不就是纸做的吗，再不寄到厕所里找个盆接水，水龙头别关头放进去，不被熏也能活,1
2024/4/27 19:19,一楼防盗铁网出不来，一点不懂防火安全知识,1
2024/4/27 19:19,阿弥陀佛[感谢],0
2024/4/27 19:19,楼道停好多电动车，都不把这当回来[尬笑]白天物业清理了，晚上又都停进去了@南昌消防,0
2024/4/27 19:19,电动车！诶,0
2024/4/27 19:19,@啊哈????,0
2024/4/27 19:19,家里有条件的还是回农村吧！楼房这种居住方式是最不科学的！,0
2024/4/27 19:19,1楼火灾造成死亡，而且在白天，真的不敢想象！,0
2024/4/27 19:19,真的起火了，不是高层矮层的问题，那都难跑，其实说白了要买物业好的品质小区，电动车不能进地面上和进电梯,0
2024/4/27 19:19,一楼也跑不出来啊,0
2024/4/27 19:19,[感谢][感谢][感谢],0
2024/4/27 19:19,什么原因起火,0
2024/4/27 19:19,买楼的好处多多.我还在住农村,0
2024/4/27 19:19,水火无情，[感谢][感谢][感谢]，能活着真的不容易,0
2024/4/27 19:20,楼道着火基本就是电瓶车造成的吧[我想静静],0
2024/4/27 19:20,一楼跑不出来？,1
2024/4/27 19:20,@??钱多多??,0
2024/4/27 19:20,[感谢],0
2024/4/27 19:20,黑的还好，可能是熏黑的，就怕那些烧的全身通红皮都掉下来的,1
2024/4/27 19:20,抖音里天天说高层不能买，看看一楼，火烧起来烟很快串满房子，大家注意防范,0
2024/4/27 19:20,什么原因,0
2024/4/27 19:20,应该是行动不方便的人,0
2024/4/27 19:20,起火原因？,0
2024/4/27 19:20,现在农村着火的机率很少很少，大城市的鸟笼着火机率太多太多了，没有可比性,1
2024/4/27 19:20,你不看新闻吗？,1
2024/4/27 19:20,????????????????????????????????????????????,0
2024/4/27 19:21,门口就是一辆电动车,0
2024/4/27 19:21,南昌怎么最近这么多事啊[九转大肠][九转大肠]好玩嘛南昌[九转大肠],0
2024/4/27 19:21,活着出来了，但感染关很难过吧，愿平安[泣不成声],0
2024/4/27 19:21,"打死也不敢买房了，这也太恐怖了。
在农村从小到大都没见过火灾。",0
2024/4/27 19:21,楼道电动车着火，然后房子里的人身亡了吗,0
2024/4/27 19:22,家里备大力剪关健还会救命,0
2024/4/27 19:22,江西今年是怎么了,0
2024/4/27 19:22,这就是我们国家推广的新能源汽车吗[泣不成声][泣不成声][泣不成声],1
2024/4/27 19:22,跳窗最坏腿骨折，生命保住了,0
2024/4/27 19:22,看着像电动车起火[发呆],0
2024/4/27 19:22,烧黑的也只是暂时活着吧？,1
2024/4/27 19:23,[感谢][感谢][感谢][感谢][感谢][感谢][感谢],0
2024/4/27 19:23,全是防护栏,0
2024/4/27 19:23,@莉莉,0
2024/4/27 19:23,看到摩托车了,0
2024/4/27 19:23,深圳这几天把所有楼道封死的窗都改成了逃车窗,0
2024/4/27 19:23,查明真相，愿平安,0
2024/4/27 19:23,开发商还考虑防燃、防爆、防腐、防震功能不！销售员：压力又大了3倍！业主们压力又大了1倍,0
2024/4/27 19:24,很讨厌电动车放楼梯口！,1
2024/4/27 19:24,唉??,0
2024/4/27 19:24,一楼不能从大门出来吗？,0
2024/4/27 19:24,我手机弹出广告了,0
2024/4/27 19:24,又是电单车？,0
2024/4/27 19:24,看单元楼里面有摩托车在燃烧，不会又是电瓶车吧？,0
2024/4/27 19:24,说一百次一万次，都没有用，电动车电池不要拿进去充电…,0
2024/4/27 19:24,7点多钟要么没睡醒,0
2024/4/27 19:25,又是电瓶车的事，天天说，就是不听，,1
2024/4/27 19:25,唉??，生活本来就不容易，很多人都挣扎在贫困线上，负债累累。,0
2024/4/27 19:25,有没有可能是电动车起火，我看过视频那个电池起火速度很快，反应慢的根本跑不出去,0
2024/4/27 19:25,据说治疗过程生不如死特别每次换药就跟地狱走一遭一样。,0
2024/4/27 19:25,[躺平]最近江西很火??,0
2024/4/27 19:25,好的，谢谢,0
2024/4/27 19:25,@霏→霏,0
2024/4/27 19:25,@-.00 @Nicky,0
2024/4/27 19:26,什么原因起火,0
2024/4/27 19:26,你看发生起火的位置正好是进出口，烟是往上的，人都出不来，应该是电车着火了,0
2024/4/27 19:26,这么大面积烧伤的后期也是生不如死，唉,1
2024/4/27 19:26,真真的,0
2024/4/27 19:26,没有，那个乔燕活下来了,1
2024/4/27 19:26,@??,0
2024/4/27 19:26,1楼。。。。,0
2024/4/27 19:26,[祈祷][祈祷][祈祷],0
2024/4/27 19:26,前妻也是这样 [感谢],0
2024/4/27 19:27,[感谢][感谢][感谢]，,0
2024/4/27 19:27,都说还拍火灾逃生。不敢买高楼层，这低楼层也逃不了啊,0
2024/4/27 19:27,活着就好[闭嘴],1
2024/4/27 19:27,天啦,0
2024/4/27 19:27,希望只是熏黑的。,0
2024/4/27 19:27,为什么小区楼层消防栓没水,0
2024/4/27 19:27,[感谢],0
2024/4/27 19:27,应该是锂电池充电吧，这个以为一楼就安全吗,0
2024/4/27 19:27,老小区我物业都没见过,0
2024/4/27 19:27,百分之98.77是电动车。,0
2024/4/27 19:28,一楼着火是最危险的，上面几层全部都要跟着倒霉,0
2024/4/27 19:28,注意安全,0
2024/4/27 19:28,??????,0
2024/4/27 19:29,怎么又是江西,1
2024/4/27 19:29,烟熏的吧,1
2024/4/27 19:29,江西今年这是怎么了。,0
2024/4/27 19:29,恐怖[看],1
2024/4/27 19:29,这视频不是走出来了？,0
2024/4/27 19:29,窗户都是防盗网，想跑也跑不了，南方的防盗窗该学学北方的,0
2024/4/27 19:30,生命体征平稳起码要一周后再说，愿平安,0
2024/4/27 19:30,呼吸道粘膜破坏活不了,1
2024/4/27 19:30,今年的江西南昌怎么了？,0
2024/4/27 19:30,电瓶车充电么？,0
2024/4/27 19:30,天然气的应用迫在眉睫,0
2024/4/27 19:30,[捂脸]不清楚，她在3楼，我在一楼，下来刚好落在我窗旁边,0
2024/4/27 19:31,江西今年新闻有点多,0
2024/4/27 19:31,对,0
2024/4/27 19:31,电瓶车爆炸火巨大,0
2024/4/27 19:31,还是农村好哦，高层起火怎么跑？,1
2024/4/27 19:31,通常火烧这么快的，99％电动车电池爆燃，又快又烟大,0
2024/4/27 19:31,一楼那不电动车着着呢么，还有什么这么快，就是电动车,1
2024/4/27 19:32,[感谢][感谢][感谢],0
2024/4/27 19:32,估计屋内杂物太多！,0
2024/4/27 19:32,媳妇,0
2024/4/27 19:32,叫你们住小区楼住好,1
2024/4/27 19:32,八成一楼放了电动车，老小区这样的多了去了，起火了烧的很快,0
2024/4/27 19:33,里面是不是一个电动车燃了？,0
2024/4/27 19:33,该有多痛啊[流泪],0
2024/4/27 19:33,[666][666][666],0
2024/4/27 19:33,不一定，我们这有个烧烤店着火，老板娘跑出来坐马路边还哭半天呢，对面就是医院，最后也死了。,1
2024/4/27 19:33,楼建的太高了就像古代战船一样火烧连营。,0
2024/4/27 19:34,几十个学生3楼不是也都死了,1
2024/4/27 19:34,烧黑的人凶多，感染,1
2024/4/27 19:34,一个火灾就热门，全国火灾少了？你现在去之前南京火灾视频下再去扯几句,1
2024/4/27 19:34,掐指一算！电瓶车一楼充电！害人害己[赞],0
2024/4/27 19:35,能坚持下来的都是牛人，痛苦的过程只有自己能体会，,0
2024/4/27 19:35,1楼怎么会能[感谢],0
2024/4/27 19:35,我住二楼，三四楼的住户老是在一楼电动车充电，可以去哪里举报,0
2024/4/27 19:35,估计又是电动车,0
2024/4/27 19:35,[感谢][感谢][感谢]大难不死，必有后福。,0
2024/4/27 19:35,这么大的面积烧伤也很难活下来了。而且烧伤治疗费贵的很,0
2024/4/27 19:35,电瓶车起火，这个烟是造成人死亡的主要原因。,0
2024/4/27 19:35,@张姐 看看还是住门市安全,0
2024/4/27 19:35,电瓶车，几秒爆燃……没得跑[抠鼻],0
2024/4/27 19:35,我以为一楼最安全的[捂脸],0
2024/4/27 19:35,作孽,1
2024/4/27 19:35,总之就是还是农村好,0
2024/4/27 19:35,防盗窗可以拆了安全隐患大  现在家里没有啥现金 不怕偷,0
2024/4/27 19:35,高楼和低层楼有区别吗,0
2024/4/27 19:36,是不是一口的电动车着火了,0
2024/4/27 19:36,烧完了，消防来了，感谢,0
2024/4/27 19:36,[感谢][感谢][感谢],0
2024/4/27 19:36,我们邻居每次都推电动车上楼，我从来不进让他自己进，反正里面运行着了火烧烤的是他自己,1
2024/4/27 19:36,我家厕所纱窗都没装[捂脸],0
2024/4/27 19:36,盲猜 电瓶车充电,0
2024/4/27 19:36,感觉[捂脸]也上的不轻,0
2024/4/27 19:36,天天都有人死掉。,1
2024/4/27 19:36,重要的事说三遍：锂电池喷火所有的灭火器都灭不了！灭不了！灭不了！只能喷水才能灭！,0
2024/4/27 19:37,110,0
2024/4/27 19:37,[感谢][感谢][感谢],0
2024/4/27 19:37,有啥不敢的，你背后站的是整个小区的业主，要是出了事连后悔的机会都没有,1
2024/4/27 19:37,一楼火灾都逃不出来，什么原因呢？,0
2024/4/27 19:37,你这脑回路，一楼火灾，但会伤害到楼上啊，你没看视频里二楼站着个熏黑的人？,1
2024/4/27 19:37,@（??? 猪,1
2024/4/27 19:37,我楼上跑外卖的天天提两个锂电回去充,0
2024/4/27 19:38,不会是电动车吧？,0
2024/4/27 19:38,最近的江西是多灾多难呀,0
2024/4/27 19:38,楼道电动车着火，电梯下到一楼没办法逃生,0
2024/4/27 19:38,那些高楼跑不了的，现在一楼一样跑不了。我们要关心的是是什么原因导致的火灾，,0
2024/4/27 19:38,@Max同学?????,0
2024/4/27 19:38,你这脑回路，一楼火灾，但会伤害到楼上啊，你没看视频里二楼站着个熏黑的人？,1
2024/4/27 19:38,大部分电动车充电起火都是因为用了国产便宜的锂电池保护板，保护板非常重要，一节电池保护有问题就必然导致事故。用汽车级别的保护板成本相差好几倍。绝大部份是不会用贵的,0
2024/4/27 19:38,烧熟了[擦汗],0
2024/4/27 19:38,火无情,1
2024/4/27 19:38,请问逃生窗的质量跟别的防盗窗一样吗？万一紧急情况下找不到钥匙 消防会更容易砸开逃生窗吗？,0
2024/4/27 19:38,[笑哭][笑哭][笑哭]太惨了,0
2024/4/27 19:39,[感谢][感谢][感谢],0
2024/4/27 19:39,@奥黛丽赫鱼??,0
2024/4/27 19:39,人走在烟雾里面什么都看不到  摸不到  不能呼吸  温度还高  都知道是逃生门 没几个敢走,0
2024/4/27 19:39,这小区消防怎么过得关,1
2024/4/27 19:39,举报,1
2024/4/27 19:39,关系到你的安全你不说？,1
2024/4/27 19:40,所以我喜欢农村,0
2024/4/27 19:40,记得小时候烧稻草烟熏的时候瞬间什么感觉都没。,0
2024/4/27 19:40,看样子又是楼道充电？,0
2024/4/27 19:40,看来家里还是要贴瓷砖,0
2024/4/27 19:40,在老家住多好，偏要跑到城区去和宋江容嬷嬷那样的人住一起。,1
2024/4/27 19:40,[感谢][感谢][感谢],0
2024/4/27 19:40,这种烧伤能活下来吗[石化]，怎么没人帮忙让人下来呀，,1
2024/4/27 19:40,电动车是不能放在家里或者楼道里的,0
2024/4/27 19:41,@y9 @P2（幸运版） @这个女人叫小美（幸运版）,0
2024/4/27 19:41,Omg,0
2024/4/27 19:41,祈求大家都平平安安，马上五一了[感谢],0
2024/4/27 19:41,下面一台电动车在烧[赞],1
2024/4/27 19:41,高层逃生难，1楼怎么会这样？,0
2024/4/27 19:41,[666][666][666],0
2024/4/27 19:41,物业吃什么的，一楼都没消防水吗,1
2024/4/27 19:41,@几许.,0
2024/4/27 19:42,[感谢][感谢][感谢],0
2024/4/27 19:42,跟物业说,0
2024/4/27 19:42,一楼不存在往楼下冲,0
2024/4/27 19:42,在我小区旁边[流泪][流泪]！现场太惨了,0
2024/4/27 19:42,景城名郡，最近大事挺多，到底是怎么回事,0
2024/4/27 19:43,[感谢][感谢],0
2024/4/27 19:43,[流泪][感谢][感谢][感谢],0
2024/4/27 19:43,@谭勇??,0
2024/4/27 19:43,[发呆][发呆]这个烧的看着就疼哦！,0
2024/4/27 19:43,电动车,0
2024/4/27 19:43,@冯玉儿 @Rockymakedatlit,0
2024/4/27 19:43,以前住农村很少烧死人的，,1
2024/4/27 19:43,平平安安，健健康康快快乐乐[感谢][感谢][感谢],0
2024/4/27 19:43,又是电瓶车把,1
2024/4/27 19:43,很痛吧[抱抱你]你好棒！愿你越来越好,0
2024/4/27 19:44,我们这里一楼住户楼梯堆放杂物 我好担心,0
2024/4/27 19:44,消防安全，一直在说就是有人不当回事,0
2024/4/27 19:44,这个毒烟几十秒就可以把人熏倒,1
2024/4/27 19:44,没有保安吗,0
2024/4/27 19:44,我们一楼总有把电动车推楼道里充电   消防打了好几次也治标不治本！！,0
2024/4/27 19:44,火灾致死得你就没想过烟？,1
2024/4/27 19:44,一楼的消防栓不可能出不来水吧？当初的消防是怎么过的？[衰],1
2024/4/27 19:44,烧伤不可怕，可怕的是全身感染,0
2024/4/27 19:45,就算最后不影响生命，也会生不如死,1
2024/4/27 19:45,不是被烧死的，晕死的,1
2024/4/27 19:45,如果这事遇到提灯验房，该怎么办,0
2024/4/27 19:45,[我想静静]现在活着不代表她能活下去,1
2024/4/27 19:45,[感谢][感谢][感谢],0
2024/4/27 19:45,电瓶吧,1
2024/4/27 19:45,可怕的是你看都看不见,0
2024/4/27 19:45,我家楼幢发现过，立马拍照举报没商量！生命安全不存在不敢说！,0
2024/4/27 19:45,景城名郡不是在景德镇吗[捂脸],0
2024/4/27 19:45,新能源二轮车自燃吗？,0
2024/4/27 19:45,看不清楚是什么东西燃了,0
2024/4/27 19:45,又是电动车？ 友情提示下回看见有人往电梯里推电动车往死就对了。,1
2024/4/27 19:46,这段时间火灾频发啊！还是要注意火灾安全。,0
2024/4/27 19:46,电瓶车火灾事故,0
2024/4/27 19:46,怎么会起火呢,0
2024/4/27 19:46,[感谢][感谢][感谢],0
2024/4/27 19:46,一楼跑不出来吗？,1
2024/4/27 19:46,电动车,0
2024/4/27 19:46,万一有爆呢,0
2024/4/27 19:46,天啊,0
2024/4/27 19:47,哈哈哈厉害,0
2024/4/27 19:47,好可怜,0
2024/4/27 19:47,还是农村舒服，这像住在鸡笼一样[看],1
2024/4/27 19:47,告诉物业[酷拽]，如果物业不管，??聊天记录在，出事物业全部负责,1
2024/4/27 19:47,我就想知道谁的责任，物业有没有责任？,0
2024/4/27 19:47,是不是煤气爆炸这么吓人！,0
2024/4/27 19:47,今年江西是怎么了！不是火灾就是在家睡觉都能让台风吹走，希望大家都平安,0
2024/4/27 19:47,百分百电瓶车,1
2024/4/27 19:47,没物业就是社区管，可以找居委会。,0
2024/4/27 19:47,活的比所有人都好,0
2024/4/27 19:48,无论起火死人有多少，电动车依然会进楼上楼！,1
2024/4/27 19:48,不能理解，开窗就跳，,1
2024/4/27 19:48,[666][666][666],0
2024/4/27 19:48,[色]。[感谢],0
2024/4/27 19:48,烧伤最痛苦吧[流泪],0
2024/4/27 19:49,爆炸？？不然怎么跑不出来？,1
2024/4/27 19:49,那个电动车还在噼里啪啦的烧着[流泪][流泪],0
2024/4/27 19:49,是不是应该家里配个一两样的工具？我家里有大剪钳，一个角磨机[泣不成声],1
2024/4/27 19:49,我住三楼，我们25楼另外一个户型那家经常把电瓶车电瓶取下来拿回家充电，她的女儿女婿还是学校里面的老师，也是这样的。,0
2024/4/27 19:49,这次怎么没人怪电动车了[鞠躬],0
2024/4/27 19:49,看样子像一楼单元门口电动车起火！在单元门停电动车和充电的人真的该判刑！,1
2024/4/27 19:49,一楼都能烧死,1
2024/4/27 19:49,发生火灾我会想到第一时间就是放水用被子打温用被子盖着走出来，不知道是对还是错？,0
2024/4/27 19:49,看了都疼[流泪][流泪][流泪]以后有钱还是在镇上买，[流泪][流泪][流泪][流泪],0
2024/4/27 19:50,江西今年是咋了？,0
2024/4/27 19:50,支持取消楼房，一家失火百家遭殃,1
2024/4/27 19:50,那为什么有人总喜欢把电动车拿来纵火搞事了？一定要揪出这些人,1
2024/4/27 19:50,要看烧伤面积，要是大面积烧伤还不如当时就烧死。,1
2024/4/27 19:50,电瓶车燃了吧？,1
2024/4/27 19:50,你定位在湖南，人家说是南昌，你这也是没谁了,1
2024/4/27 19:50,高层十几楼的逃生窗跳下也是个死,1
2024/4/27 19:50,新建区，保利蓝海嘉居不知怎么通过消防的，多栋架空层(地面1楼)设有充电桩，,0
2024/4/27 19:50,[感谢][感谢][感谢],0
2024/4/27 19:50,大难不死，活到九九哈！南昌物业只管拿工资，其它啥事都不管的！英雄城市呢,1
2024/4/27 19:50,提灯省最近事儿挺多啊[捂脸],0
2024/4/27 19:50,[钱][吐舌][展开说说],0
2024/4/27 19:50,电动车起火,0
2024/4/27 19:50,这…真成了碳基生物,1
2024/4/27 19:51,[感谢][感谢],0
2024/4/27 19:51,电动车烧了,0
2024/4/27 19:51,一定严管小区电动车充电栓不合格的事，不要亡羊补牢,0
2024/4/27 19:51,现在的房屋都用的什么材料全是化学的，一烧起来那毒性…,0
2024/4/27 19:51,应该是，一般住宅区起火都是二轮电动车[呲牙],0
2024/4/27 19:51,[平安果][平安果][平安果][感谢][感谢][感谢],0
2024/4/27 19:51,[感谢][感谢][感谢][微笑][微笑][微笑],0
2024/4/27 19:51,防盗窗一楼到六楼 这样的小区明显是乡下那种感觉 能猜想小区肯定混乱不堪 乱停车 物业也是摆设 估计还有养鸡养鸭的,1
2024/4/27 19:51,看样子应该是电动车在家里遭的,0
2024/4/27 19:51,这个真没想通了，一楼居然三死二伤，火又不会一下子燃起来，怎么就跑不出来，那高层的怎么办，[感谢],0
2024/4/27 19:51,又是南昌？,1
2024/4/27 19:51,不可思议几个活人看不到着火吗,1
2024/4/27 19:52,举报，不然发生爆炸一栋楼完蛋,1
2024/4/27 19:52,又江西[捂脸],1
2024/4/27 19:52,[666][666][666],0
2024/4/27 19:52,天啊[感谢]撕心裂肺的痛哭[感谢][感谢][感谢][心碎][心碎][心碎],0
2024/4/27 19:52,离火运大家注意火灾[抱拳][抱拳][抱拳],0
2024/4/27 19:52,消防车都进不去的小区,0
2024/4/27 19:52,又是电动车,0
2024/4/27 19:52,为什么有钱了都要买房子  住在放屁楼下都听到的鸟笼子里,1
2024/4/27 19:52,防盗窗密码门，惹的祸，明明一楼可以逃行的，现在的门太科学,0
2024/4/27 19:52,我们樟树小区楼道里天天放好几辆电动车，跟物业说她说管不了，真不知道这种情况应该跟谁反应有用,0
2024/4/27 19:52,毒烟三口即倒,1
2024/4/27 19:52,小区应该禁止电动车，停在电梯口，楼道口,0
2024/4/27 19:52,[发呆][发呆],0
2024/4/27 19:53,难不成又是电动车着火?,0
2024/4/27 19:53,死伤都是一单元的啊,1
2024/4/27 19:53,电动车自燃造成吧,0
2024/4/27 19:53,[流泪][流泪][流泪][流泪][流泪],0
2024/4/27 19:53,好可惜,0
2024/4/27 19:53,今天算少的,0
2024/4/27 19:53,貌似我又看到了电瓶车……,0
2024/4/27 19:53,那佩服你,0
2024/4/27 19:53,活着就好[泣不成声],0
2024/4/27 19:54,住一楼都逃不出来，想想我们住高层，一但烧起来，那是多少的恐怖啊！不敢想[流泪],0
2024/4/27 19:54,是的，我就纳闷了一楼为什么就跑不掉，我很困惑这个问题！,0
2024/4/27 19:54,南昌管理很差的，电动到处乱来,1
2024/4/27 19:54,应该是电动车电池起火，那一瞬间爆燃想跑都来不及,0
2024/4/27 19:54,烟熏的也很恐怖，容易熏死,1
2024/4/27 19:54,是的，大面积烧伤的那种疼，不是一天两天能好的，好多人都是后来疼死的,1
2024/4/27 19:54,一楼都买得起，消防措施装不起？,1
2024/4/27 19:54,说梦话吧[捂脸],1
2024/4/27 19:54,问题是火灾发生前  劝导大家电动车没推进去充电 有人听吗？,0
2024/4/27 19:54,恐怖,1
2024/4/27 19:55,"电瓶车楼道口着了
把出口堵住了",0
2024/4/27 19:55,@??',0
2024/4/27 19:55,[感谢],0
2024/4/27 19:55,@啊 biu～,0
2024/4/27 19:55,我去年1月份也是，我家小区一楼着火，我5楼全是烟，就那天卧室我关门了，想想就后怕[泣不成声],0
2024/4/27 19:55,他不是烧黑的，是烟熏黑的电瓶车着火之后烧的是塑料烟，很黑很黑我就经历过一次楼梯道的。楼梯道的电瓶车着火了，但是我发现的早闻到气味我就赶紧跑了，看是看不见的我是摸出来的。因为我刚住二楼，有人电瓶车停在楼梯到那里充电着火了。我听见有人叫着火了，我就抱着我女儿从1楼跑了。,0
2024/4/27 19:55,太心疼了,0
2024/4/27 19:55,望平安,0
2024/4/27 19:56,家里备几个防毒面具[感谢],0
2024/4/27 19:56,楼房着火跟烟囱一样的,0
2024/4/27 19:56,又是电瓶车,0
2024/4/27 19:56,电瓶车不能在楼里充电，这点永远都有人做不到,0
2024/4/27 19:56,还是没逃生常识 啊,1
2024/4/27 19:56,看到了燃烧的电动车,0
2024/4/27 19:57,有没有可能我是南昌人了？[尬笑][尬笑],0
2024/4/27 19:57,就是电瓶车,0
2024/4/27 19:57,南昌是市不是县好不,0
2024/4/27 19:57,从楼梯到那里看见好像是电瓶车着火。,0
2024/4/27 19:57,现在的楼都是包泡沫纸板,0
2024/4/27 19:57,回老村吧！吃饱活到老就行了,0
2024/4/27 19:58,一楼都没跑出来，他家防盗门防盗窗不孬,1
2024/4/27 19:58,一点自救能力没有？,1
2024/4/27 19:58,除了电瓶车爆炸火势凶猛我想不到还有什么火势来的那么快,0
2024/4/27 19:58,@更女人沟通有障碍 @@完美人生76龙??,1
2024/4/27 19:58,有南昌县的,0
2024/4/27 19:58,一般火灾没有人是真正被烧死，都是被熏了，一口气上不来就晕过去了,0
2024/4/27 19:58,护栏挡住了逃生通道？,0
2024/4/27 19:58,黢黑，估计又是电瓶车惹的祸,1
2024/4/27 19:59,哇，你好懂,0
2024/4/27 19:59,消防为什么用不了,1
2024/4/27 19:59,电动车是明眼上的安全隐患，消除安全隐患没有任何问题,0
2024/4/27 19:59,[666][666][666],0
2024/4/27 19:59,官方通报 两个消防站 26名消防员[大笑],1
2024/4/27 19:59,大火看来不分高底层楼，请一定注意安全，保佑平安[感谢],0
2024/4/27 19:59,我看到他们拿电瓶上楼充电，就觉得这人品不咋地，不珍惜自己的生命，随便，但你得尊重别人的生命。,1
2024/4/27 19:59,1楼跑不出去吗,1
2024/4/27 19:59,防盗窗阻碍了逃生,0
2024/4/27 19:59,我去[流泪][流泪],0
2024/4/27 20:00,南昌一区1楼3死2伤有人电动车女生火灾3死2伤[捂脸],0
2024/4/27 20:00,一楼，防盗窗出不来？还是早上还没睡醒,0
2024/4/27 20:00,南昌市南昌县[捂脸]，南昌县市南昌市下面的一个县,0
2024/4/27 20:00,是谁家的电瓶车在楼梯间充电,0
2024/4/27 20:00,好恐怖[感谢][感谢][感谢],0
2024/4/27 20:00,安全意识一流差[感谢][感谢],1
2024/4/27 20:00,一楼着火能烧死三个[感谢][感谢]什么样的火灾一楼跑不出来[感谢],1
2024/4/27 20:00,在外面修一个停车厂，这种不安全,1
2024/4/27 20:00,我不能理解的是为什么1楼起火都会逃不出来[捂脸][捂脸],0
2024/4/27 20:01,不用怀疑，90%是电瓶车充电，有些小区把那张写着楼梯道不许充电的告示直接当耳旁风[泪奔],1
2024/4/27 20:01,直接报警,1
2024/4/27 20:01,在,0
2024/4/27 20:01,是熏黑,1
2024/4/27 20:01,第一反应都想到了电瓶车[捂脸],0
2024/4/27 20:02,[感谢][感谢][感谢],0
2024/4/27 20:02,@第二个半价一起吗 [泣不成声],0
2024/4/27 20:02,唉。又是电瓶车么。[捂脸],0
2024/4/27 20:02,一层啊？,0
2024/4/27 20:02,@开心果妈?? 我姐象湖那个小区,0
2024/4/27 20:02,回农村盖房吧，千万别买楼房了,0
2024/4/27 20:02,强烈要求住宅楼安装防火系统才能卖出,0
2024/4/27 20:02,窗户装了防盗网吧？,0
2024/4/27 20:02,刚着时没发现吗，估计睡午觉了吧,0
2024/4/27 20:02,楼里充电呗,0
2024/4/27 20:02,我就放家里，2个电动车每天充电，没办法，没地方充电，生命重要，生存同样重要,0
2024/4/27 20:03,[震惊]二楼一楼也能烧成这样，你们是不会上楼吗,1
2024/4/27 20:03,又是江西，今年犯天条吗[捂脸],1
2024/4/27 20:03,应该和电瓶车没关系，电瓶车应该是最后才着的，白天死3个厉害,1
2024/4/27 20:03,这种楼房一楼要下楼梯等于二楼,0
2024/4/27 20:03,电瓶车太饿,0
2024/4/27 20:03,这小区属于老旧小吧,0
2024/4/27 20:03,感觉是电瓶车,0
2024/4/27 20:03,明显就是电动车,0
2024/4/27 20:04,咋起的,0
2024/4/27 20:04,被子一盖。往外跑,0
2024/4/27 20:04,打火警电话,0
2024/4/27 20:04,[感谢][感谢][感谢],0
2024/4/27 20:04,山西陈醋,0
2024/4/27 20:04,@刘慢慢不太慢 1楼[晕],0
2024/4/27 20:04,烧得这样，大概率是活不了，烧伤会好痛苦,1
2024/4/27 20:05,一开始起火一家五口人没一个人发现着火吗？,1
2024/4/27 20:05,现在基本上发生的严重火灾都是电瓶车着火,0
2024/4/27 20:05,所以现在百分九十的小区还是不注意，都是拍拍照片应付完就走了,0
2024/4/27 20:05,惨，惨，惨不忍睹。,1
2024/4/27 20:05,估计又是电动车引发的，楼道就像是大烟囱往上抽烟所以火势蔓延的很快,0
2024/4/27 20:05,[感谢][感谢][感谢],0
2024/4/27 20:05,头发还在，应该只是烟熏不严重，希望无恙,0
2024/4/27 20:06,小时候把爆竹火药全集中一起，然后打火机一点，没把我呛死，一脸银,0
2024/4/27 20:06,我觉得大白天都烧死人，难道起火都不知道吗,1
2024/4/27 20:06,电驴是万恶之源,1
2024/4/27 20:06,骑自行车哇,0
2024/4/27 20:06,这还不举报？,1
2024/4/27 20:06,在毒的烟  一楼憋一口气也能跑出来呀,1
2024/4/27 20:06,我前段时间，就告诉我小区物业有人停电瓶车在楼道口，如果不清理我就打电话给消防部门让他们来清理，没几天就弄走了，但还是有人乱停乱放，让物业给他拖走第二天让他们慢慢找车。,1
2024/4/27 20:07,南昌是怎么了,0
2024/4/27 20:07,开门也应该可以吧，没防盗窗带小娃娃也危险,0
2024/4/27 20:07,[赞],0
2024/4/27 20:07,家家户户都有防盗窗，看来人均11万是真的[捂脸],1
2024/4/27 20:07,[感谢][感谢][感谢],0
2024/4/27 20:07,都说高楼这样，怎么1楼也这样,1
2024/4/27 20:07,又是电车,1
2024/4/27 20:08,江西这段时间频频上新闻啊,0
2024/4/27 20:08,@小叶童鞋 @用户2437069822193 @y . @betty,0
2024/4/27 20:08,该州的一定会走，没走的惩罚还未结束[感谢],1
2024/4/27 20:08,每户不是都应该有一个避难间吗？,0
2024/4/27 20:08,我都不敢买电瓶车了，本来还想买辆二手骑骑的。请问除了锂电池还有其它电池吗，电瓶车用的,0
2024/4/27 20:08,一楼，跳窗户也能出来呀,1
2024/4/27 20:08,说买楼房不能买高层楼的，看来底层也不保险啊！,0
2024/4/27 20:08,1楼[捂脸],0
2024/4/27 20:08,现在就是电动车燃烧，不要说什么了。已经死人了,1
2024/4/27 20:08,好像是电瓶车吧,0
2024/4/27 20:09,一楼的[捂脸][捂脸][捂脸][捂脸],0
2024/4/27 20:09,[感谢][感谢][感谢],0
2024/4/27 20:09,会不会是楼上的被烧死。。,1
2024/4/27 20:09,肯定又是电瓶车着火,1
2024/4/27 20:09,火灾，第一时间一定用毛巾沾水捂住嘴鼻，再者用棉被沾水披在身上，冲出水中。一定会没事的，千万别慌，沉着冷静，抓住时际。,0
2024/4/27 20:09,那么有没有一种可能还有个长沙县呢[捂脸],0
2024/4/27 20:09,最近电瓶车、煤气罐老是出事，应加以重视这看不见的危险,0
2024/4/27 20:10,活着的被烧成那样，[感谢][感谢][感谢]一生也会在痛苦中度过[感谢][感谢][感谢]身有体会,1
2024/4/27 20:10,等地下停车场那些新能源电池车有点年份了就会有更大的火看了,1
2024/4/27 20:10,他们永远都是宣传做了什么,1
2024/4/27 20:10,我很好奇。跑不出来吗？,0
2024/4/27 20:10,我们楼连电三轮都往上开,0
2024/4/27 20:10,一楼还烧死了？里面到底有什么东西烧这么快，跑都来不及？难道是汽油？,1
2024/4/27 20:11,不会，只有小区业主凑钱在一个空旷的地方盖个棚每户安个电表充,0
2024/4/27 20:11,南昌最近出镜率好高啊,0
2024/4/27 20:11,一楼[发呆],0
2024/4/27 20:11,想偷防盗窗有啥意义，防君子不防小人，一把压力钳的事。又不是钢筋，防盗窗的意义是小孩攀爬防坠。不是防盗。[捂脸]就跟电动车一样。想偷的话有锁无锁没啥区别,0
2024/4/27 20:11,现在这时间这两个伤者躺在病床上才痛苦,1
2024/4/27 20:11,啊不是那么矮！下面好歹给她扔个杯子或者绳子给她扔一个上去也行啊！啊！理解不了,1
2024/4/27 20:11,那是熏黑的,1
2024/4/27 20:11,一看又是电瓶车[左上][左上][左上],1
2024/4/27 20:11,电瓶车也是受害者，火那么大它能不着吗？,0
2024/4/27 20:11,如果门口那个是电瓶车那就是产生了爆燃，??堵在了门口，才导致跑不出去，而且需要持续不断的水进行冲压降低温度，只是浇水扑灭几率太小。,0
2024/4/27 20:11,每个小区设一个安全充电区，火灾会不会少一些？,0
2024/4/27 20:11,睡着了吗,0
2024/4/27 20:11,这有什么不可思议的,0
2024/4/27 20:11,嗯，因为我住11楼，假如楼下发火了，我就这样往下冲,0
2024/4/27 20:12,难道又是电动车,0
2024/4/27 20:12,你不说她，你得告诉物业,0
2024/4/27 20:12,进去体验一下就知道了,0
2024/4/27 20:12,应该的是烟呛死的,1
2024/4/27 20:12,[呲牙][呲牙],0
2024/4/27 20:12,山东陈醋,0
2024/4/27 20:12,电瓶车充电[灵机一动],0
2024/4/27 20:12,那是你没见过电瓶车着火了是什么样子[左上][左上][左上][左上]灭都灭不了，还滋滋爆炸[左上],1
2024/4/27 20:12,一楼，应该是电动车放在门口起火了，挡住了出口,0
2024/4/27 20:12,只能理解人在睡觉  不然大白天一楼不可能不能逃生,0
2024/4/27 20:12,直接119举报,1
2024/4/27 20:12,烧黑的虽然出来了，但是全身皮肤烧伤的话不一定能活,1
2024/4/27 20:12,别穿丝袜，太恐怖了,1
2024/4/27 20:13,你没见过燃气燃烧吗,1
2024/4/27 20:13,举报，否则倒霉的时候连累你,1
2024/4/27 20:13,[666][666][666],0
2024/4/27 20:13,电瓶车起火,0
2024/4/27 20:13,我也是，90现在好好的,0
2024/4/27 20:13,[感谢][感谢][感谢],0
2024/4/27 20:13,不是煤气就是电动车充电了,0
2024/4/27 20:14,@咻  咻  咻,0
2024/4/27 20:14,火灾最可怕就是烟,0
2024/4/27 20:14,太可怕了。出来的人。就是精神紧绷才没事。一旦放松下来。那种痛苦。和以后的生活！,0
2024/4/27 20:14,[感谢][感谢][感谢],0
2024/4/27 20:14,某网友评论：你楼上？管那么多干嘛[尬笑],1
2024/4/27 20:14,你打湿被子那个时间，火都不知道燃多大了，直接毛巾打湿，捂住口鼻，弯腰跑,0
2024/4/27 20:14,我以为是外星人来了[捂脸][捂脸][捂脸][捂脸],0
2024/4/27 20:14,现在住楼房最怕火灾了！,0
2024/4/27 20:14,[666][666][666],0
2024/4/27 20:15,@Silence,0
2024/4/27 20:15,全身烧黑得看过几天会不会感染，像这种大面积烧伤的最难过的一关就是感染期，没事就好，严重的直接没了,0
2024/4/27 20:15,我们小区今天三个电梯进水，有抠门的人用管道进水，经常的偷用，把消防栓都弄坏了，扔了，还有好多人小区里有公共场合充电不用，把电动车推楼上，说小区充电贵，就贵一毛多，还说充的电都是虚电，啥人都有，自私,1
2024/4/27 20:15,这个到底要死多少人？才能自己把电动车放在外面,1
2024/4/27 20:15,@禾舞?? 好造孽[流泪],0
2024/4/27 20:15,对，我租的一楼就封窗了，如果发生火灾堵住门口根本出不去,0
2024/4/27 20:15,我们国家正在大力发展电动车,0
2024/4/27 20:15,生活就是战场，麻痹大意害人害己,0
2024/4/27 20:16,这黑烟你吸二口你就晕了，五秒钟就挂了。主要是毒烟,1
2024/4/27 20:16,一楼[捂脸],0
2024/4/27 20:16,[666],0
2024/4/27 20:16,还是希望恢复曾经，而不是这些楼房,0
2024/4/27 20:16,国家消防应该重拳出击，让全国小区都弄个室外停电瓶车的地方，预防火灾，遇到这样火灾的人该有多绝望,0
2024/4/27 20:17,电动车呢,0
2024/4/27 20:17,过两天如果感染了基本没救[尬笑],1
2024/4/27 20:17,等死吗？1楼都跑不出来,1
2024/4/27 20:17,一楼爬都爬出来了，死三个人，这是怎么回事。,1
2024/4/27 20:17,为什么不听话 电动车就不能放楼道,1
2024/4/27 20:17,找物业，吓唬物业,1
2024/4/27 20:17,还好不是高层，不然键盘手又在说高层不能买[偷笑],0
2024/4/27 20:18,又是电瓶车？,0
2024/4/27 20:18,@拎壶没有冲 吓人,1
2024/4/27 20:18,@玉米松子酱 @得以迪 吓人,1
2024/4/27 20:18,1分钟是超人，真正浓烟十几秒就倒下了,1
2024/4/27 20:18,这得多疼,0
2024/4/27 20:18,天啊！命大[感谢][感谢][感谢],0
2024/4/27 20:18,绝对电动车[九转大肠][九转大肠],0
2024/4/27 20:18,[感谢],0
2024/4/27 20:18,又是江西,1
2024/4/27 20:19,太可怜了，城市还是不安全,0
2024/4/27 20:19,@追光者,0
2024/4/27 20:19,水火无情[感谢],0
2024/4/27 20:19,恐怕又是电动车惹得祸。电动车不能进屋。,0
2024/4/27 20:19,水泥楼房怎么烧的这么快[发呆]墙也能自燃吗[发呆],0
2024/4/27 20:19,他家的门打不开吗，卫生间放不出水吗，,1
2024/4/27 20:19,很明显就是有电瓶爆燃。出口被堵。,0
2024/4/27 20:19,直接说啊！,1
2024/4/27 20:19,没有的话，压力给到物业，让物业整改,0
2024/4/27 20:19,@用户5624367405656 @世界破破烂烂小猫缝缝补补,0
2024/4/27 20:20,我最讨厌那些在楼梯充电的人，还有把车放到楼梯过道的人。,1
2024/4/27 20:20,南昌的灾难好多啊，近几个月好像出了不少事都在南昌，还有个公交车的好像也在南昌[泣不成声],0
2024/4/27 20:20,自己居住的楼层下方起火 往楼上跑或者关闭门窗用湿毛巾堵死  不要试图穿越火场  尤其是一楼用密码门的  高温很大可能使门锁故障,0
2024/4/27 20:20,一楼都跑不出来吗？,1
2024/4/27 20:21,不敢说给物业说,0
2024/4/27 20:21,建议把电动车楼内充电的定义为谋杀,1
2024/4/27 20:21,[666][666][666],0
2024/4/27 20:21,建议把电动车楼内充电的定义为故意纵火,1
2024/4/27 20:21,是烟熏死的，那个烟吸一口，人就没意识了,1
2024/4/27 20:21,我见过电瓶车开上楼充电的,0
2024/4/27 20:21,又是电动车,0
2024/4/27 20:21,水火无情[流泪][流泪][流泪][流泪][流泪],0
2024/4/27 20:21,希望南昌的消防逐一排查下，像我这边老旧小区一楼楼道口电动自行车充电比比皆是，说了影响邻里关系，社区应该有点作为，现在污水处理工程路都不通，发生火情消防车也进不来。,0
2024/4/27 20:21,住小区房地产有原因，不敢住高楼房，我家乡县城小区高楼房也发生过火灾！,0
2024/4/27 20:22,估计么又是电瓶车,1
2024/4/27 20:22,这下没人黑高楼了吧，一楼都跑不出来,1
2024/4/27 20:22,新能源汽车能在地库充电都没有那么多事情，电瓶车车企真的该整顿一下了,0
2024/4/27 20:22,我也和一个骑电动的人一起乘电梯上了楼，我也不敢说[捂脸],0
2024/4/27 20:22,哎！,0
2024/4/27 20:22,楼层低说话啊，还分高楼层低楼层吗,1
2024/4/27 20:23,很多小区没有地方，要退绿化面积，还要远离燃气管路 化粪池，最关键的是离我家近不行不安全，离我家远不行不方便，建设我不出钱，你还不能用电费挣回来[捂脸]！,1
2024/4/27 20:23,不是烧黑，是薰黑的吧,1
2024/4/27 20:23,估计是电瓶车乱放1楼门口充电，堵着了，电瓶车着火这个小区人口密集，物业管理不行电瓶车还上电梯上楼充电，外面有统一的充电，放电瓶车的车棚不放,0
2024/4/27 20:23,火灾无情，安全第一,0
2024/4/27 20:23,上次也是看到个烧伤的，连夜从东乡转南昌,0
2024/4/27 20:23,这哪里是烧黑，分明是熏的[尬笑],1
2024/4/27 20:23,好恐怖啊！[捂脸],0
2024/4/27 20:23,电车,0
2024/4/27 20:23,有用啊,0
2024/4/27 20:23,一些下乡人不管的。就涂个方便。所以说电动车就是工业垃圾,1
2024/4/27 20:23,电动自行车,0
2024/4/27 20:23,江西家家装防盗网客厅着火房间里的人都出不去。,0
2024/4/27 20:23,多半又是电瓶车,1
2024/4/27 20:24,你这话,1
2024/4/27 20:24,窗户铁丝焊死的,0
2024/4/27 20:24,@情浅?(ˉ?ˉ?凉薄,1
2024/4/27 20:24,诶[流泪],0
2024/4/27 20:24,出不去的话就往天台上跑,1
2024/4/27 20:24,煤气就炸了,0
2024/4/27 20:24,刚起火不知道呗，等火大了发现，已经来不及了。,0
2024/4/27 20:24,又是电动车充电,0
2024/4/27 20:24,好可怕[鞠躬]@K.D,0
2024/4/27 20:25,单纯的问一下 有的电瓶车设计的就是没办法直接在充电桩充电 必须要把电瓶拿出来 这样的不在楼上充在哪里充电,0
2024/4/27 20:25,应该整顿物业财政，物业费到底用在哪里了，建简易的电动车棚应该完全足够为何不建,0
2024/4/27 20:25,[感谢][感谢][感谢],0
2024/4/27 20:25,心疼加油,0
2024/4/27 20:25,也烧伤了。两个手。脸颊还有大腿[泣不成声][泣不成声],0
2024/4/27 20:25,第一个画面总感觉有点熟悉，就是一时想不起来[捂脸],0
2024/4/27 20:25,这个小区外面有专门放电瓶车充电的车棚，小区人口密集，只能说管理不行，电瓶车还乱放还上楼充电,0
2024/4/27 20:25,如果所在房间装了防盗窗就出不去了。,0
2024/4/27 20:25,又是江西,1
2024/4/27 20:26,电动车你得分什么车，不要什么问题都笼统的归给电动车,0
2024/4/27 20:26,农村房子好。,0
2024/4/27 20:26,一楼居然死了三个？大火也不是一瞬间燃气来的吧,1
2024/4/27 20:26,那是物业的问题不是你的，你的问题就是你的环境不安全,0
2024/4/27 20:26,不会是电动车吧[流泪],0
2024/4/27 20:26,现在是违法的，告诉物业,0
2024/4/27 20:26,江西怪事又来了,1
2024/4/27 20:26,"房子不要装修的太好 容易火灾。
我房子就瓷砖 粉白墙体 ，点汽油都烧不起",1
2024/4/27 20:27,又是电动车把,1
2024/4/27 20:27,这情况太多了，一般就是火灾，有必要在家里备几个逃生面罩吧[黑脸],0
2024/4/27 20:27,看这黑烟就知道电瓶车起火，垃圾电瓶车肯本就不安全,1
2024/4/27 20:27,[感谢][感谢][感谢],0
2024/4/27 20:27,火势总有个过程，那也不是一秒就爆燃起来的吧,0
2024/4/27 20:27,估计毛都烧完了[泣不成声],1
2024/4/27 20:27,你是没进过火场，即使火灭了你要是能在里面待10秒钟我服你，全是烟，吸进去一口都能让你吐了。,0
2024/4/27 20:27,视频里火烧的不就是电瓶车架子吗,0
2024/4/27 20:27,查不明就电线老化 电动车入户,0
2024/4/27 20:28,[感谢][感谢][感谢][感谢][感谢][感谢],0
2024/4/27 20:28,拍照片发物业,0
2024/4/27 20:28,电瓶车,0
2024/4/27 20:28,别老是拿电瓶充电当挡剑牌,1
2024/4/27 20:28,掐指一算，不会又是电瓶车吧[衰],1
2024/4/27 20:29,一楼也出状况   高层岂不是见鬼,1
2024/4/27 20:29,装可视防盗指纹锁,0
2024/4/27 20:29,都是充电惹的祸,0
2024/4/27 20:29,大家可以一起建议物业，安卓充电的，就不用车骑上去了,0
2024/4/27 20:29,江西最近怎么了。,0
2024/4/27 20:29,江西最近一直热搜[捂脸],0
2024/4/27 20:29,@教地理的李老师??,0
2024/4/27 20:29,电动车出厂就因该装个温度过高自动断电装置,0
2024/4/27 20:30,电动车就是工业垃圾。物业消防栓永远不会有水的。因为他们是想尽办法压榨赚钱,1
2024/4/27 20:30,貌似电瓶车起火,0
2024/4/27 20:30,悄悄举报[笑哭],1
2024/4/27 20:30,举报，大家一致对这种行为说不才能制止。,0
2024/4/27 20:30,以后这样事情会很多，为什么会这么说，因为有些小区比较老，很多电路老化，,0
2024/4/27 20:30,应该又是电瓶车引起的吧,0
2024/4/27 20:31,门口电动车啊.电动车起火没得救，跑出来也是严重烧伤,1
2024/4/27 20:31,[感谢][感谢][感谢][感谢][感谢],0
2024/4/27 20:31,防毒面具真心建议,0
2024/4/27 20:31,我有次炒菜油烧过了，厨房里都呛得不能呆，而且还猛咳,0
2024/4/27 20:31,经历过浓烟，感觉有点呼吸不过来，下跑了几层楼梯才喘过气，,0
2024/4/27 20:31,救活也难！以后痒疼活动受限[泣不成声],0
2024/4/27 20:31,支持国家新能源电车[赞][赞][赞][赞],0
2024/4/27 20:31,[666][666][666],0
2024/4/27 20:31,那种联排高楼一楼发生火灾，居民能不能跑到楼顶，从另一个单元楼逃生,0
2024/4/27 20:31,@朱智塬 @郑郑郑关耳 @荣荣呀 @王大忙,0
2024/4/27 20:31,燃气灶电动车，谁背的锅,0
2024/4/27 20:31,@好幸福呀 @星星装进糖罐里? 我靠[流泪],1
2024/4/27 20:31,江西又出怪事了[可怜],1
2024/4/27 20:32,都是物业管理问题,0
2024/4/27 20:32,我在这蹲着，看谁口臭[不失礼貌的微笑],1
2024/4/27 20:32,多了这样的人，说又不能说,1
2024/4/27 20:32,全国都有同名小区,0
2024/4/27 20:32,是啥原因，看评论区都说是电动车，电瓶,0
2024/4/27 20:32,[666][666][666],0
2024/4/27 20:32,烧黑这个基本活不了了，感染和呼吸道烧伤神仙都救不了,1
2024/4/27 20:32,一楼很多有防盗窗,0
2024/4/27 20:33,一看就是电瓶车,1
2024/4/27 20:33,活着出来的过后多痛苦，扛过感染期还要多次植皮手术[可怜][可怜],0
2024/4/27 20:33,心疼,0
2024/4/27 20:33,[流泪][感谢][感谢][感谢],0
2024/4/27 20:33,一楼怎么也没有跑的快,0
2024/4/27 20:33,一楼拿个衣服或被子没有就身上衣服没水自己尿了打湿弄到口鼻总能出来吧[抱抱你],1
2024/4/27 20:33,这是已经烧脱皮，基本没救了…呼吸道肯定也烧伤了，后续感染神仙来了都摇头，烧伤是最可怕的[九转大肠],1
2024/4/27 20:34,江西最近新闻太多了,0
2024/4/27 20:34,[感谢],0
2024/4/27 20:34,一楼发生火灾都跑不出来,1
2024/4/27 20:34,[震惊]一楼救火相对比较容易救吧，归根结底还是消防栓的问题,0
2024/4/27 20:34,上周才培训了消防??防毒面具看来很重要[捂脸],0
2024/4/27 20:35,[感谢],0
2024/4/27 20:35,@??安琪拉面,0
2024/4/27 20:35,[666][666][666],0
2024/4/27 20:35,不会又是哪个大聪明把电动车推楼道充电引起的吧[发呆],1
2024/4/27 20:35,我是见过火，很大一下子就很猛,0
2024/4/27 20:35,电瓶车违冲吗,0
2024/4/27 20:35,我们这边一楼车库着火，就六楼的跑下来逃命，结果六楼的四个人都死了[微笑],1
2024/4/27 20:35,估计是电动车入室充电的！市民要引以为戒！,0
2024/4/27 20:35,还好不是高层，不然被喷死[捂脸],1
2024/4/27 20:36,[感谢][感谢][感谢],0
2024/4/27 20:36,黑烟闻到会晕,0
2024/4/27 20:36,国家新国标规定上楼充电[流泪],0
2024/4/27 20:36,一楼怎么逃不出来的[感谢][感谢][感谢][感谢],0
2024/4/27 20:37,一而再再而三出这种事  真的很吓人[流泪][流泪][流泪][流泪],0
2024/4/27 20:37,[感谢],0
2024/4/27 20:37,电动车入室太危险,0
2024/4/27 20:37,又是火灾，江西怎么了,1
2024/4/27 20:37,哪来那么多易燃物品？,1
2024/4/27 20:37,一楼？？？,0
2024/4/27 20:37,现在人防贼意识太强了，基本上门窗都是焊死的。,0
2024/4/27 20:37,1楼起火其实也是最可怕的，楼上的知道以后可能已经晚了，电梯不能坐 只能走楼梯， 楼梯满满都是烟， 伸手不见五指的楼道，你能坚持下到几楼？,0
2024/4/27 20:37,当地消防[呲牙],0
2024/4/27 20:38,如果发现下面着火了 家在顶层可不可以用毛巾捂住往顶楼跑[泪奔],0
2024/4/27 20:38,江西，这样子，你怎么了？,0
2024/4/27 20:39,问题是头发能够完好无损才是奇迹,0
2024/4/27 20:39,[感谢][感谢][感谢][感谢][感谢],0
2024/4/27 20:40,我们小区电瓶车都停在车棚，楼梯门不可能有,0
2024/4/27 20:40,[感谢][感谢][感谢],0
2024/4/27 20:40,打了麻药 皮就活不了了 就不能使用了,1
2024/4/27 20:40,[赞][赞][赞],0
2024/4/27 20:41,@礼拜一.,0
2024/4/27 20:41,[感谢][感谢][感谢],0
2024/4/27 20:41,太吓人了,0
2024/4/27 20:42,安装了不锈钢防护栏,0
2024/4/27 20:42,电动车着火，你根本反应不过来就死了,1
2024/4/27 20:42,@一只江小喵?? @小番茄?? @小汤圆 恐怖,1
2024/4/27 20:42,基本没有救了，好可怜啊[感谢][感谢][感谢],0
2024/4/27 20:42,可以往楼顶跑蛮,0
2024/4/27 20:42,请问是不是电动车着火？,0
2024/4/27 20:42,铅酸的还好些，起火的基本上都是锂电的电瓶车,0
2024/4/27 20:42,[666][666][666],0
2024/4/27 20:43,[感谢][感谢][感谢],0
2024/4/27 20:43,祝平安。,0
2024/4/27 20:43,[微笑][微笑][微笑],0
2024/4/27 20:43,[感谢],0
2024/4/27 20:43,因为火和烟是往上的，[感谢],0
2024/4/27 20:43,电动车一部都能烧半个钟,0
2024/4/27 20:44,没事，不在你楼下就行[黑脸]烧了你也能跑掉,1
2024/4/27 20:44,"火灾浓烟的危害主要原因是一氧化碳中毒。

在一氧化碳浓度达1.3%的空气中，人呼吸两三口气就会失去知觉，呼吸13分钟就会死亡。据了解，常用的建筑材料燃烧时所产生的烟气中，一氧化碳的含量高达2.5%。此外，火灾中的烟气里还含有大量的二氧化碳。

在通常的情况下，二氧化碳在空气中约占0.06%，当其浓度达到2%时，人就会感到呼吸困难，达到6%、7%时，人就会窒息死亡。另外还有一些材料，如聚氯乙烯、尼龙、羊毛、丝绸等纤维类物品燃烧时能产生剧毒气体，对人的威胁更大。",0
2024/4/27 20:45,想不通白天,0
2024/4/27 20:45,烧成这样怎么可能还能走？这是熏黑的,1
2024/4/27 20:46,管，危害人生安全[捂脸],1
2024/4/27 20:46,举报啊。命重要还是充电重要。,1
2024/4/27 20:46,还能这样走应该只是熏黑了,0
2024/4/27 20:47,赶紧看看去。为什么一层跑不出来,1
2024/4/27 20:47,他们不以为然我没办法,0
2024/4/27 20:47,火势凶猛门可能门打不开,0
2024/4/27 20:49,[眼含热泪],0
2024/4/27 20:49,我这隔壁还有人把小电瓶车骑上楼充电[捂脸]，九楼啊，[捂脸],0
2024/4/27 20:49,确实有点想不通 ，底层白天也会有死亡。,0
2024/4/27 20:50,又是电瓶车[流泪],0
2024/4/27 20:50,关键是一楼有防盗网,0
2024/4/27 20:50,冷知识：锂电池的电动车才会爆燃，铅酸蓄电池的不会！,0
2024/4/27 20:51,[感谢][感谢][感谢],0
2024/4/27 20:52,其他起火一楼随便跑出来，电瓶车燃烧太快根本没法反应,0
2024/4/27 20:52,带空呼进去都顶不住 更何况密闭环境没有保护,0
2024/4/27 20:53,[感谢][感谢][感谢],0
2024/4/27 20:53,我个人看法农村生活住宅没有这是。,0
2024/4/27 20:53,看着好可怜呐！,0
2024/4/27 20:54,滚滚黑烟啊，看不见路，而且烟太浓了要不了多久人就晕倒了,0
2024/4/27 20:54,一楼是跑不了吗？,1
2024/4/27 20:54,烧伤面积大的，留下疤痕的，后半生的皮肤痒的受不了，火灾太可怕了,0
2024/4/27 20:54,不是电动车吧,0
2024/4/27 20:54,太惨了,0
2024/4/27 20:54,电动车主抓住判刑，为了自己方便拿整个楼的人生命开玩笑！大家要敢于对身边电动自行车进楼入户的行为说不！,1
2024/4/27 20:54,[感谢],0
2024/4/27 20:55,把电动车放楼道起火至人死亡的按故意杀人罪处理，看谁还敢放,1
2024/4/27 20:55,一楼发生这样的事，这个小区物业干什么吃的,1
2024/4/27 20:55,@[感谢][感谢][感谢],0
2024/4/27 20:55,白天都睡觉了吗？    不可思议,1
2024/4/27 20:56,农村过了几辈人，现在都改成小区高层，安全还是农村。,0
2024/4/27 20:56,个人安全意识也很重要[感谢],0
2024/4/27 20:57,那么黑的烟，在里面啥也看不见的，跑都不知道往哪里跑,0
2024/4/27 20:57,所谓的买小区房子，发生灾难都是很难逃出来的，设计完全不合理，没有消防通道,1
2024/4/27 20:58,多读书,0
2024/4/27 20:58,这样的黑烟，人最多吸进去四口，马上就不省人事了，所以一定要避免,0
2024/4/27 20:58,1楼都跑不掉，真的服了。,1
2024/4/27 20:58,可能睡着的时候起火了吧？,0
2024/4/27 20:58,即便逃了出来，也还要面对大面积的皮肤烫伤感染以及肺部粉尘的伤害，火灾隐患，真的要重视啊,0
2024/4/27 20:59,烟熏的，头发都还在,0
2024/4/27 20:59,一楼都会被烧死，不理解[赞][捂脸][捂脸][捂脸],1
2024/4/27 21:01,无法理解是在家放什么东西能一下烧这么大,0
2024/4/27 21:01,[感谢][感谢][感谢],0
2024/4/27 21:02,我在这个小区我居然不知道这个事情，还得是看抖音才知道啊[捂脸],0
2024/4/27 21:03,什么火几秒钟可以那么大火,0
2024/4/27 21:03,肯定是电动车  不控制 还得烧,1
2024/4/27 21:03,@前陈往事 好吓人妈耶,0
2024/4/27 21:03,窗户阳台肯定封死了，靠近入户门起火怎么跑,1
2024/4/27 21:04,哎,0
2024/4/27 21:05,跑进厕所门关上毛巾打湿堵门缝隙，水龙头打开冲门降温，厕所窗打开通风等待消防员来,0
2024/4/27 21:05,后悔两个字会写吗？小区一楼都是电瓶车，,1
2024/4/27 21:06,看起来不高啊，不懂逃生吧？,1
2024/4/27 21:06,烧成重伤了  皮烧破咯,1
2024/4/27 21:06,防护窗打不开吧,0
2024/4/27 21:07,烟里有很多毒气,0
2024/4/27 21:08,想不通，一楼都不能逃跑吗？,1
2024/4/27 21:08,昨天突然看到我隔壁邻居把电瓶拿回家去充电了，好吓人了,0
2024/4/27 21:08,千辛万苦花光一生买的高层，农村不香？,1
2024/4/27 21:08,不能理解的是为什么1楼起火都会逃不出来，什么样的火灾白天能死3个，不可思议[看][看][看][看],1
2024/4/27 21:08,看着好像是电瓶车着火了,0
2024/4/27 21:08,新能源！我打死不买,1
2024/4/27 21:09,刚刚在院子里烧烤，那个烟起来了眼睛都睁不开[九转大肠]何况在室内,0
2024/4/27 21:09,@L.,0
2024/4/27 21:10,那个全身烧黑的人还活着吧？烧伤面积大的，留下疤痕的，后半生的皮肤痒的受不了，火灾太可怕了,1
2024/4/27 21:10,是的，后期一到季节性就皮肤痒[流泪],0
2024/4/27 21:10,一直有各种报道，一直有各种事故[流泪]防范心多一点吧,0
2024/4/27 21:10,有防盗窗[捂脸][捂脸],0
2024/4/27 21:11,城市里面买房，真的是连坐，一家失火，其他家也危险,0
2024/4/27 21:12,报道清楚什么原因起的火。,0
2024/4/27 21:12,有了电车，火灾隐患特别大,0
2024/4/27 21:13,我们小区明确贴出来告示，不允许电瓶车进楼，可以举报！,0
2024/4/27 21:13,我家4楼，我买了逃生绳放在阳台了,0
2024/4/27 21:14,[感谢][感谢][感谢],0
2024/4/27 21:14,一楼起火跑不了，[衰],1
2024/4/27 21:15,这个不会管的，因为消防法规定只有电动车不能上楼，但是电瓶就没有要求，至少我们这是这样的。我是做物业的，这个问题已经困扰我很久了。,0
2024/4/27 21:16,[感谢][感谢][感谢][感谢][感谢][感谢][感谢][感谢],0
2024/4/27 21:16,关键是慌了不知道往那跑，,0
2024/4/27 21:17,我们这去年这烧了三个的也没有报道。消息全部封锁。,1
2024/4/27 21:17,??,0
2024/4/27 21:17,一楼是人家家里还是干嘛用的里面这么多人,0
2024/4/27 21:17,关乎自己安全，大胆说，找社区都要说她，有的就是死犟死犟的，提醒他还要跳起来咬人[呲牙],1
2024/4/27 21:17,无知者无畏，用的啥装修材料啊,1
2024/4/27 21:19,电动车吗？,0
2024/4/27 21:20,不拿上楼在哪冲[抱拳]我都把车骑上楼[大笑],0
2024/4/27 21:20,又是电瓶车，在充电起火,0
2024/4/27 21:21,我不能理解的是为什么？1楼起火都会逃不出来，看的好可怜[流泪][流泪]！,0
2024/4/27 21:21,[感谢][感谢][感谢][流泪][流泪][流泪],0
2024/4/27 21:22,[赞],0
2024/4/27 21:23,景城名郡就在我家斜对面，早上7点钟在我家小区门口买早点都没听到消防车的声音呀，刚才刷抖音才知道这件事情,0
2024/4/27 21:23,春节前两晚，在单位上班，经历火灾，，人不是烧死的，呛两口烟就完，真的这辈子都难忘,0
2024/4/27 21:24,如果一楼着火，最高层的在家里呆着，会不会有事？,0
2024/4/27 21:24,[感谢][感谢][感谢],0
2024/4/27 21:24,楼道里是电瓶车吧,0
2024/4/27 21:24,我们小区一楼空房 停满了大大小小电瓶车，无人管,0
2024/4/27 21:24,住在一楼火灾白天能死3个人，不可思议，生命真的好脆弱,0
2024/4/27 21:25,1楼交电梯费没,0
2024/4/27 21:25,1楼怎么跑不出来,0
2024/4/27 21:25,简单的消防知识还是要掌握一下把家里棉被用水打湿，盖在身上冲出去。或者趴在地上匍匐前进，浓烟是往上走的。,0
2024/4/27 21:25,好可怜啊烧这么严重。[流泪],0
2024/4/27 21:26,1楼着火，10多层楼上的还要逃跑吗,0
2024/4/27 21:26,住高层是个麻烦事,0
2024/4/27 21:26,感觉有一辆电瓶车,0
2024/4/27 21:29,是电瓶车吗？应该有防盗窗,0
2024/4/27 21:29,电动车立法,0
2024/4/27 21:30,[泣不成声][泣不成声][泣不成声]感觉是不是要搞个消防设备在家里,0
2024/4/27 21:30,什么情况，怎么死的？,1
2024/4/27 21:30,[感谢][感谢][感谢][感谢][感谢][感谢][感谢][感谢][感谢],0
2024/4/27 21:31,大火轰门，那就是一块巨石，根本打不开，祈求火灾现场的所有人平平安安的[感谢][感谢][感谢],0
2024/4/27 21:32,1楼还逃不出，这是多猛烈的火灾啊,0
2024/4/27 21:32,这种基本都是电摩托车，或者是电,0
2024/4/27 21:33,你不说，你举报，不露面，找物业，物业不管，就找消防,0
2024/4/27 21:33,电动车不能推进房子里,0
2024/4/27 21:34,看视频感觉着火点在大门口，跑不出来也上不了楼梯，房子里有防盗窗再加上烟熏,0
2024/4/27 21:34,窗户是最佳逃生通道，切记勿封堵，无关楼层！！！,0
2024/4/27 21:34,安全意识低火灾来了只想着等人来救，特别情况自救最明智,1
2024/4/27 21:34,后面哭得好惨，一身的血 好痛,0
2024/4/27 21:34,南昌最近都是这种事吗,0
2024/4/27 21:34,有二楼不能出来吗？,0
2024/4/27 21:35,@事业有成逯姐 @????嗨 @青浦芊芊,0
2024/4/27 21:35,[疑问],0
2024/4/27 21:35,[玫瑰][玫瑰][玫瑰],0
2024/4/27 21:36,[发呆][发呆][发呆][发呆][发呆],0
2024/4/27 21:36,又是江西,1
2024/4/27 21:37,主要是烟会呛死人的，知道吧,0
2024/4/27 21:37,电动车,0
2024/4/27 21:38,我就住这个小区,0
2024/4/27 21:38,[鼓掌][鼓掌][鼓掌],0
2024/4/27 21:38,吓人,1
2024/4/27 21:38,闭好门窗，用湿布湿毛巾把门缝等堵住等待救援[不失礼貌的微笑],0
2024/4/27 21:39,烧伤感染后好难恢复,0
2024/4/27 21:39,你的劝邻居不听，反应给小区物业，不处理在举报消防,0
2024/4/27 21:40,什么怪事都出在江西,1
2024/4/27 21:40,哦,0
2024/4/27 21:41,@绝唱小卷,0
2024/4/27 21:41,愿逝者安息！去往天堂的路上不再有灾难！另外还是得加强消防知识科普了，火的克星就是水呀！我觉得着火了最先要做的就是要冷静思考，看有没有逃生的可能，再者就是为了防止在大火中窒息，可以选择用湿毛巾或者用其他东西用水浸泡然后捂住口鼻找机会逃生,0
2024/4/27 21:41,天呐，那个烟我领略过了，真的不烧死都得呛死！,0
2024/4/27 21:42,防盗网就不会重新装一个小窗口吗？,0
2024/4/27 21:44,电动车起火了吗,0
2024/4/27 21:45,哎呦一楼不应该啊,1
2024/4/27 21:45,可怜[感谢][感谢][感谢],0
2024/4/27 21:45,卧槽卧槽[震惊],1
2024/4/27 21:46,你那个是电瓶，我坐电梯居然还有人把电动车开楼上充电，当时看到就懵逼了,1
2024/4/27 21:46,在象湖芳草路，就在我家斜对面,0
2024/4/27 21:47,应该把衣服都脱了，或者把衣服弄湿，然后把被子也弄湿，可以闯出来,1
2024/4/27 21:48,看样子是电动车停楼道里,0
2024/4/27 21:49,当时可以走，一去医院基本没救,1
2024/4/27 21:50,那种人最可怕，我家楼下那家也是这样我悄悄举报，虽然是熟人但是为了自己的安全没办法,1
2024/4/27 21:51,跟物业管理处或者跟居委会投诉，建议是公共充电区,0
2024/4/27 21:51,安全第一才行,0
2024/4/27 21:51,电动车放楼道着火了,0
2024/4/27 21:53,切了货,1
2024/4/27 21:53,家里备上几个防烟面罩,0
2024/4/27 21:56,电动就是不安全,1
2024/4/27 21:56,人家也没说因为电动车充电一引起的啊,0
2024/4/27 21:56,我家也一楼，如果门口地方着火，真的难出去[泣不成声]窗户都装了防盗窗。,0
2024/4/27 21:58,都是烟,0
2024/4/27 21:58,[感谢][感谢][感谢],0
2024/4/27 21:58,铅酸电池没事，锂电就需要注意了,0
2024/4/27 21:59,走好,0
2024/4/27 21:59,火灾真的好恐怖??,0
2024/4/27 21:59,这还不敢说，看是你命重要还是别人的电瓶重要[尬笑],1
2024/4/27 22:00,用湿毛巾捂住鼻子口，逃生,0
2024/4/27 22:00,愿平安,0
2024/4/27 22:02,可怜,0
2024/4/27 22:02,我还以为是拍鬼片呢。,0
2024/4/27 22:03,那个人后来怎么了,0
2024/4/27 22:03,这人问题不大啊，头发都没事。应该是熏的,0
2024/4/27 22:03,[感谢][感谢][感谢][感谢][感谢][感谢][感谢][感谢]平平安安[感谢][感谢],0
2024/4/27 22:03,电瓶车起火,0
2024/4/27 22:03,广西崇左人民表示慰问,0
2024/4/27 22:03,[感谢][感谢][感谢],0
2024/4/27 22:04,都住在一起也是比较危险的。,0
2024/4/27 22:04,天,0
2024/4/27 22:04,一楼起火3死2伤我无法接受[捂脸],0
2024/4/27 22:04,太恐怖了起火都没地方跑,0
2024/4/27 22:04,电动车充电,0
2024/4/27 22:06,一楼都没能跑出来这是多，，，，，！！！！,1
2024/4/27 22:08,@??、Li黎是圆脸,0
2024/4/27 22:09,早上七点二十睡着了[捂脸][捂脸][捂脸],0
2024/4/27 22:09,南昌,0
2024/4/27 22:10,可能电瓶车充电,0
2024/4/27 22:11,那些说买一楼就安全的出来看看[捂脸],1
2024/4/27 22:11,[流泪][流泪][流泪][流泪][流泪],0
2024/4/27 22:13,[流泪][流泪][流泪],0
2024/4/27 22:14,还是农村安全,0
2024/4/27 22:14,一楼咋会死这么多,1
2024/4/27 22:15,一口有窗子，靠楼梯，靠门口！怎么会！？？？,0
2024/4/27 22:15,飞线充电的事故还真不少[泪奔][泪奔],0
2024/4/27 22:16,往上跑,0
2024/4/27 22:17,生不如死,1
2024/4/27 22:18,还是消防知识不到位,0
2024/4/27 22:18,[流泪][流泪],0
2024/4/27 22:20,她庆幸自己没死，但后悔自己没死！！！,1
2024/4/27 22:21,@修改命运丫 景城名郡,0
2024/4/27 22:22,又要推给充电了，想问问消防验收怎么过的？[看],1
2024/4/27 22:22,又是电动车,0
2024/4/27 22:22,@伯爵 @团团嘛咪不迷糊,0
2024/4/27 22:23,江西最近全是事,0
2024/4/27 22:24,消防来了，来都熄了[捂脸],0
2024/4/27 22:24,天可怜,0
2024/4/27 22:25,你以为别人是傻子吗？谁能拿自己的生命开玩笑，分分钟就出不去了，而且不一定是烧死的，很多先是被烟呛晕的,1
2024/4/27 22:25,[感谢],0
2024/4/27 22:27,[感谢][感谢][感谢],0
2024/4/27 22:28,烟往上跑，别怕！,0
2024/4/27 22:29,[感谢],0
2024/4/27 22:29,防盗窗的原因，所以尽量不要装防护网,0
2024/4/27 22:30,一楼基本上都是做了防盗窗逃不出去,1
2024/4/27 22:31,有很多这种机器房的消防都是不合格，或者都是摆设,0
2024/4/27 22:32,@呼啦啦.,0
2024/4/27 22:33,门口中间的是电动车吧,0
2024/4/27 22:34,直接110,1
2024/4/27 22:35,看上去像是电瓶车着火[泣不成声],0
2024/4/27 22:35,我们这安置房 电瓶车全停一楼挨着电梯口[捂脸] 有些还停人家大门口 光荣之家还是个老头 不知道着火了这老年人咋办 物业根本不管,1
2024/4/27 22:35,又是电动车惹的祸,0
2024/4/27 22:36,拍照，举报啊，着火了你也逃不掉，家里家居啥都完蛋[流泪],1
2024/4/27 22:36,电动车要烧死多少人才能不进房子[抠鼻],1
2024/4/27 22:43,这个应该就是电瓶车充电，这个电瓶车引发的火灾概率太高了,0
2024/4/27 22:44,想起了去年那对夫妻[流泪],0
2024/4/27 22:46,[流泪][感谢],0
2024/4/27 22:46,不要指望消防，能自救第一时间想办法,0
2024/4/27 22:48,[捂脸]是啊。多数都是烟熏的，,0
2024/4/27 22:50,又是电动车在楼道着火,0
2024/4/27 22:50,愿生存者平安，逝者安息[感谢][感谢][感谢],0
2024/4/27 22:51,一楼有可能是电动车充电起火。普通火灾一楼肯定有逃生的机会,0
2024/4/27 22:52,一楼居然这么多伤亡,1
2024/4/27 22:53,反复强调，反复强调，电动车不要停楼道，哎,0
2024/4/27 22:53,@日光 电动车楼内充电很危险[比心],0
2024/4/27 22:53,走出来了不一定安全，以前我小区有一个也是走出来了，当时精神好的很，过了几天就没了,1
2024/4/27 22:54,消防栓一滴水都没有,0
2024/4/27 22:55,业主才不管是不是逃生窗，人家都会上锁的,0
2024/4/27 22:55,就发生在南昌我们身边，电动车应该不允许在室内充电，太危险了,0
2024/4/27 22:56,笨蛋，等着人来救，就不能自救吗,1
2024/4/27 22:57,电动车屡禁不了,0
2024/4/27 22:58,江西怎么了。提??以后 都是那里新闻,1
2024/4/27 22:59,[感谢][感谢][感谢],0
2024/4/27 22:59,电动车起火的吧,0
2024/4/27 23:00,哎，水火无情，珍惜眼前人,0
2024/4/27 23:01,江西最近……,0
2024/4/27 23:02,@@收破烂的,1
2024/4/27 23:02,我家邻居两辆一起充电，在11楼，没办法,0
2024/4/27 23:02,正常，如果过道里电动车着了，谁也过不去,0
2024/4/27 23:02,[感谢][感谢][感谢],0
2024/4/27 23:03,那不还动换呢吗[九转大肠],0
2024/4/27 23:04,@肯德鸭,0
2024/4/27 23:05,@一只虎皮卷??,0
2024/4/27 23:06,基本就是因为电瓶车充电引起的，特别是老小区，没得电车棚那种,0
2024/4/27 23:06,举报给当地消防,0
2024/4/27 23:07,[感谢][感谢][感谢],0
2024/4/27 23:07,我就在这栋楼的右边，着火的时候，我还在睡觉[敲木鱼]幸好烧的不是我这边[捂脸],0
2024/4/27 23:08,高层建筑吗,0
2024/4/27 23:09,唉,0
2024/4/27 23:11,够呛了，皮肤都烧伤了,0
2024/4/27 23:11,这个女的好坚强??不容易从大火里出来,0
2024/4/27 23:11,买个有前后门的一楼，这种事应该就不会有,0
2024/4/27 23:12,看到有画面掉皮了她自己还擦了,0
2024/4/27 23:12,[感谢][感谢][感谢],0
2024/4/27 23:12,景城明郡就在我家隔壁！,0
2024/4/27 23:13,可能又是电瓶车,0
2024/4/27 23:16,肯定又是电动车起火[泣不成声],1
2024/4/27 23:16,@云朵安选 @煎饼果子 @明天更好 电动车充电真吓人啊,0
2024/4/27 23:22,一楼都这么惨，往上不可想象。,1
2024/4/27 23:24,天灾人祸最可怕,0
2024/4/27 23:25,线路老化？还是电车充电,0
2024/4/27 23:25,一楼也能烧死人？,1
2024/4/27 23:26,火往上烧,1
2024/4/27 23:26,江西这是怎么了…,0
2024/4/27 23:26,我觉得也是。如果是烧的硬撑着到外面就会倒下了，看这个人还在找地方停留。手臂也白白的没有烧伤的样子。,0
2024/4/27 23:27,@Mian 太吓人了,0
2024/4/27 23:27,@妍妍～ 南昌发生火灾了,0
2024/4/27 23:29,"不对的！楼道烟大出去必死！
应该按消防宣传那样，湿毛巾堵门缝，打开水龙头躲卫生间等待救援",0
2024/4/27 23:29,家里必备防毒面具关键时候用得上,0
2024/4/27 23:29,愿大家平安！！！！,0
2024/4/27 23:31,加油，你很棒兄弟[赞][赞][赞],0
2024/4/27 23:34,是的,0
2024/4/27 23:35,[感谢],0
2024/4/27 23:36,你根本不知道路在哪，还冲。我们学校消防演练，就丢俩烟雾弹我们下楼梯速度立马就慢了很多，根本看不清台阶，火灾烟才是最致命的,0
2024/4/27 23:38,所以我讨厌稳任何烟味[尬笑][尬笑]恶心死了,1
2024/4/27 23:39,[流泪],0
2024/4/27 23:41,好恐怖！火是不是直接窜出来没时间反应,0
2024/4/27 23:47,1楼这样，无法理解，,1
2024/4/27 23:48,躲在卫生间啊！有水就可以避难,0
2024/4/27 23:49,看来又是电动车吧,0
2024/4/27 23:52,@寒明 这个,0
2024/4/27 23:53,是电车的原因吗？觉着在一楼就可以推进屋里充电，感觉及其方便，还信誓旦旦的说：“咱们多亏一楼，充电方便，也不用进电梯”,0
2024/4/27 23:55,@我不叫草莓?? @Stellala @zzZzq,0
2024/4/27 23:55,咋着的火,1
2024/4/27 23:55,你别逼我,1
2024/4/27 23:56,加油[玫瑰][玫瑰][玫瑰],0
2024/4/27 23:56,眼睛被熏一下，人就会原地停留几秒，就被伤了。,0
2024/4/27 23:58,楼房[捂脸]，原来都能跑掉[捂脸],0
2024/4/27 23:59,在我附近的小区[捂脸],0
2024/4/28 0:03,[抱抱你][抱抱你][抱抱你],0
2024/4/28 0:05,建议全国整改防盗窗，这真的是要别人的命。,1
2024/4/28 0:06,确实是可以拿家里充电的啊，是不能推车上去。与用火用电用煤气同等危险。没法管的,0
2024/4/28 0:07,前段时间你已经有过教训了吗，还有人把电动车停楼道，真的是害人,1
2024/4/28 0:10,打110报警,1
2024/4/28 0:10,妥妥的锂电池,0
2024/4/28 0:10,所以说不要买楼房住，一点好处都没有。我不买房是对的,0
2024/4/28 0:12,所以说，电动车不要进楼，人人都图方便，实际上是所有人都面临了巨大的风险,0
2024/4/28 0:19,@是帅帅呀_,0
2024/4/28 0:22,[泣不成声],0
2024/4/28 0:22,@为什么 易工对面,0
2024/4/28 0:23,害怕，商品房，一烧一层,1
2024/4/28 0:24,[泪奔],0
2024/4/28 0:24,上次中介介绍的这个,0
2024/4/28 0:25,我的妈呀，又是南昌出事[流泪],1
2024/4/28 0:25,@农夫三拳??,1
2024/4/28 0:26,可怕,1
2024/4/28 0:26,这就是乡下，南昌县,1
2024/4/28 0:30,象湖的小区全是这样，一楼楼道里全是电动车，物业贴了不让停一点用都没有，天天还是停满了车，把出口都挡住了，一旦发生火灾后患无穷,0
2024/4/28 0:31,[感谢][感谢][感谢],0
2024/4/28 0:34,什么原因引起的，希望尽快查实,0
2024/4/28 0:37,应该全市排查楼道充电,0
2024/4/28 0:38,好可怕,0
2024/4/28 0:50,你是不敢，我同梯的一个女的把电动车骑进电梯里我说不能把电动车进电梯和骑回家，给她骂了一顿[泣不成声],1
2024/4/28 0:56,楼里乱堆东西，没有安全意识。,0
2024/4/28 0:56,愿伤者平安无事。[感谢][感谢][感谢][感谢],0
2024/4/28 0:57,这个小区，楼道里全部都是电动车的，基本都是满的,0
2024/4/28 0:57,那个烟气一下就晕倒了。,0
2024/4/28 0:58,又是电瓶车吗,0
2024/4/28 0:58,好奇怪我们南昌为什么没有专门停电动车扫码充电的地方，要么就是地下停，要么就骑回家，太不安全啦！,0
2024/4/28 1:17,估计是用了劣质充电器导致,0
2024/4/28 1:20,楼主意思是白天一楼着火都能烧到那么大，那么严重,0
2024/4/28 1:23,@许昌消防 [微笑][微笑][微笑][微笑],0
2024/4/28 1:30,俺上班从来不把电动车骑到家里充电，都在厂里充，实在没电小区内有花钱的。充,0
2024/4/28 1:34,有电动车棚的，就是比较少，有些人舍不得出钱就会到家里冲，有些是不充电也放那里，想充电的没地方放也会放到家里冲,0
2024/4/28 1:40,我去，哪个小区对面是南昌最大的教师培训机构，这个小区租了很多备考老师的人，还好今年教师招聘笔试结束了了，不然肯定有很多备考老师住在里面！,0
2024/4/28 1:42,上次被风吹下来的小区也在周边 这次找火的小区又是在我这旁边[尬笑],0
2024/4/28 1:46,睡着了能理解？,0
2024/4/28 1:47,举报，这是生命安全问题要重视,0
2024/4/28 1:58,[感谢][感谢][感谢],0
2024/4/28 2:04,烧这么黑，还怪吓人,1
2024/4/28 2:06,[感谢][感谢][感谢][感谢][感谢][感谢][感谢][感谢][感谢][感谢],0
2024/4/28 2:09,如果是电瓶车引起的就不觉得可怜了,1
2024/4/28 2:10,为什么在一楼起火怎么没有掏出来呢？,1
2024/4/28 2:13,周六都在家睡觉，那个烟十几秒就能让你窒息，你说怎么逃,0
2024/4/28 2:14,烧伤了，身上的皮都吊在手上，我看到了近距离的视频，腿上那些地方都烧烂了,1
2024/4/28 2:20,[感谢][感谢]每户家里备个灭火器和防毒面具吧[感谢][泣不成声],0
2024/4/28 2:22,[感谢][感谢]每户家里备个灭火器和防毒面具吧[感谢][泣不成声],0
2024/4/28 2:24,老天，太吓人了,0
2024/4/28 2:26,哈哈哈看你们这反应我都笑了，确实最近新闻总是盯着江西，不管啥事立马发抖音，专门盯着炒热度,1
2024/4/28 2:42,熏黑的，那是衣服而已，要烧成这样，头发和衣服不可能那么完整,1
2024/4/28 2:54,烧的严重才会黑，而且不掉皮，重度三级,1
2024/4/28 3:00,大吉大利[感谢][感谢],0
2024/4/28 3:19,主要现在的人都是白天睡觉??,0
2024/4/28 3:45,燕子，没有你，我怎么活[泣不成声][泣不成声][泣不成声][泣不成声],0
2024/4/28 4:33,@[微笑],0
2024/4/28 4:42,锂电池,0
2024/4/28 5:26,刚开始看到烧伤的人，我以为是机器人呢！太恐怖了，[感谢][感谢][感谢][感谢][感谢],1
2024/4/28 5:52,高楼危险,0
2024/4/28 5:54,@优雅佳 [泪奔],0
2024/4/28 5:58,电动车真的是,0
2024/4/28 6:06,够她吹一辈子的,1
2024/4/28 6:06,我说过,0
2024/4/28 6:19,现在装修木制品太多，装修越好死的越惨，客厅绝对不要铺木地板，失火你就你连大门都出不去了[流泪][流泪][流泪],1
2024/4/28 6:22,装修客厅绝对不要装木地板，失火了你连客厅大门都出不去，客厅其实就是消防通道，是你出大门的必经之路[赞][赞][赞][赞]，大家赞起来，让所有人都看到[赞][赞][赞][赞][赞],0
2024/4/28 6:23,是不是一楼也没人敢买了，之前火灾都吐槽高楼不能买，事实证明火灾来都一样,1
2024/4/28 6:24,怎么会这么严重吖，,0
2024/4/28 6:25,是电瓶车爆燃吗,0
2024/4/28 6:27,[恐惧][恐惧][恐惧],1
2024/4/28 6:30,楼房太危险能拆除吗,0
2024/4/28 6:31,强烈建议所有小区的充电桩按正常居民用电收费，就不会有人为了省钱跑家里充电或者飞线充电。,0
2024/4/28 6:35,一楼是不是有太多杂物逃不出来,1
2024/4/28 6:36,@[感谢][感谢][感谢],0
2024/4/28 6:36,我们这小区顶楼全被加盖了，而且消防逃生通道都被顶楼的??了。[发呆][发呆],0
2024/4/28 6:38,我们小区有人在一楼过道充电瓶车，反应很多次，物业也管不了[流泪],0
2024/4/28 6:39,出事评头论足，事前叫不要停楼道，骂娘！怪谁[捂脸],1
2024/4/28 6:41,家里要常备呼吸面罩,0
2024/4/28 6:41,现在有种窗户可以直接用钥匙锁，锁了小孩打不开，只要把钥匙放好。,0
2024/4/28 6:43,自从南京起火以后，物业建停电动车的，到现在都还没建好，所以好多电动车在楼道充电，引发的火灾，我就是本小区的,0
2024/4/28 6:46,电动车充电，真的很危险，不要再不当回事了,0
2024/4/28 6:47,[泪奔]别说了，上次下雨她直接停在我家门口，明明有地下停车场，也有电梯，她不停下面,1
2024/4/28 6:51,好吓人,0
2024/4/28 6:53,刚刚开始本能都想救火呢，是符合逻辑的别想不通。,0
2024/4/28 6:56,电瓶车,0
2024/4/28 6:56,如果是电动车问题，那个地方是不能住人,0
2024/4/28 6:57,一楼杂物多,0
2024/4/28 7:00,@慵懒双双 @桔梗ㄨ @雨田. @??随遇而安?? @高渐离 太恐怖了,0
2024/4/28 7:01,[感谢][感谢][感谢],0
2024/4/28 7:02,那平时不开窗户吗，热的呀,0
2024/4/28 7:03,昨天周末，早上7：20[捂脸],0
2024/4/28 7:05,锂电池爆炸起来你逃都逃不掉,1
2024/4/28 7:05,楼道电动车起火非常可怕，往往死的都是楼上往下跑的人，所以有物业的小区都禁止飞线，电动车停放楼道。,0
2024/4/28 7:08,@柠檬??茶丶 [抠鼻],0
2024/4/28 7:08,火在室外不建议跑，往往死的都是跑的人,0
2024/4/28 7:09,现在人的火灾逃生常识多么的低啊，社区应该加强这方面的演练和防火逃生知识的宣传。,0
2024/4/28 7:14,的确，但是很多人完全说不听的！,0
2024/4/28 7:18,一楼起火快往外跑啊,0
2024/4/28 7:23,@膜塑國際,0
2024/4/28 7:23,应该又是防盗窗才没逃出来吧。,1
2024/4/28 7:28,一般楼顶都有消防通道的通道另一个单元，我这里被顶楼的人占了,0
2024/4/28 7:29,烧伤当时没事，可怕的是后面几天的皮肤感染，溃烂[感谢][感谢][感谢],0
2024/4/28 7:31,一样,0
2024/4/28 7:31,举报她，她会被处罚的,1
2024/4/28 7:33,如今电动车，有的电池小商贩，图售二手的，根本就不合格，有的电池，必须买大厂家的合格电池，不要贪便宜，也有的，电车该换不换？引发的火灾时有发生充满了不拔，这也是问题。,0
2024/4/28 7:34,原因？？？,0
2024/4/28 7:34,对一定要举报，电瓶火灾只需要几秒钟，10秒钟已经大火,0
2024/4/28 7:34,楼房好吗？,0
2024/4/28 7:34,有一位死者是我弟弟的朋友，说是电动车爆炸。唉,0
2024/4/28 7:35,@Bon Courage,0
2024/4/28 7:35,@寥寥,0
2024/4/28 7:36,@liu^,0
2024/4/28 7:40,太吓人了,0
2024/4/28 7:41,这样的太可怕了,0
2024/4/28 7:42,我们小区有老年人也这样，我也不好说,0
2024/4/28 7:45,关键缺乏火灾逃生常识，像这种火灾在家封闭大门等待救援即可，任何时候不要试图穿过火场,0
2024/4/28 7:46,@NSK @花花@,0
2024/4/28 7:47,@用户3207013368600,0
2024/4/28 7:50,[感谢][感谢][感谢],0
2024/4/28 7:51,[感谢][感谢][感谢],0
2024/4/28 7:55,@知我者谓我心忧 @一天四个?? @海风怎会留恋海,0
2024/4/28 7:59,偷偷告诉你们一件事，消防栓里面是没有水的，都是物业为了省钱,1
2024/4/28 8:00,恐怖,1
2024/4/28 8:01,我是见一次骂一次,1
2024/4/28 8:07,[感谢][感谢][感谢],0
2024/4/28 8:08,烟熏黑的[捂脸],0
2024/4/28 8:12,开啊，纱窗开了也可以所啊。我家的就是这种啊。,0
2024/4/28 8:16,[感谢][感谢][感谢],0
2024/4/28 8:18,[呲牙][呲牙][呲牙],0
2024/4/28 8:20,电动车不能进楼道和电梯，经常看到有人把电动车推楼上去充电，省那几块钱又发不了财,0
2024/4/28 8:20,为什么都喜欢住高楼大厦[感谢],0
2024/4/28 8:21,[感谢][感谢][感谢],0
2024/4/28 8:24,[流泪],0
2024/4/28 8:26,@??老王??,0
2024/4/28 8:30,不能憋气吗  憋着一口气冲出来,0
2024/4/28 8:33,看来一楼也不安全??,0
2024/4/28 8:39,张口就来啊你,1
2024/4/28 8:44,昨晚该小区的业主打开消防栓真的没水[感谢][感谢][感谢],0
2024/4/28 8:44,勇敢点兄弟，直接跑去怒怼她,1
2024/4/28 8:47,电动车着火，堵着唯一的出口，就安谋杀罪论处,1
2024/4/28 8:49,这是咋回事呀，哪里不对劲??,0
2024/4/28 8:54,住城市随时随地,0
2024/4/28 8:54,我们楼栋也是，一个年轻的女的，每天都推着好大一个电动车进电梯，还总是抢着进，几乎把电梯占满了别人也进不去，而且也没人愿意跟她一起进，感觉就是一颗定时炸弹,1
2024/4/28 8:55,南昌市没有专业人员来检查楼梯口充电问题，从来没有检查过,1
2024/4/28 8:56,我们一楼天天在楼道充电，很小的空间，一层两户无电梯，天天打物业电话根本管不了,0
2024/4/28 9:12,防盗窗,0
2024/4/28 9:17,@????????~ @酸甜果子羊 我的小区[绝望的凝视],0
2024/4/28 9:20,哎！,0
2024/4/28 9:21,棉花全打湿要点时间,0
2024/4/28 9:22,防才行,0
2024/4/28 9:23,@干饭先疯对,0
2024/4/28 9:24,@／、後々鳥 太可怕了,0
2024/4/28 9:25,水火无情,0
2024/4/28 9:26,[感谢][感谢][感谢],0
2024/4/28 9:27,起火最快是窗帘和沙发,0
2024/4/28 9:28,已经通报，就是电动车充电引起的！,0
2024/4/28 9:29,有的，连我们这小县城都有，就是有的人觉得不划算，或者是充电桩满了又不愿意等，就弄回楼道里充。,0
2024/4/28 9:32,电瓶车棚车位不够,0
2024/4/28 9:32,1块钱4个小时，一般就充2.3块钱，家里的电不也要钱嘛！哎！还是思想问题,0
2024/4/28 9:33,可能充电桩满了又不愿意等，反正把车开到楼道里充电的，看到就是举报，真吓人。,1
2024/4/28 9:33,啥原因造成的惨案，真揪心,0
2024/4/28 9:35,是的！不说别人，对自己和家人安全着想,0
2024/4/28 9:36,没法通风了啊，本来好好的防盗窗有着，可以正常通风开关[泪奔],0
2024/4/28 9:37,八九十的都是充电瓶车惹的祸,1
2024/4/28 9:46,我们楼也有一个女的,0
2024/4/28 9:52,@,0
2024/4/28 9:59,景城名郡，最近大事挺多,0
2024/4/28 10:06,@绝杀 @小八噶 @凉拌奥特曼 @逆光向日葵耶～,0
2024/4/28 10:10,@孤寡小磊. @朱 @事不决问春风,0
2024/4/28 10:12,一楼为什么跑不出来呢？,0
2024/4/28 10:14,这个肯定要跟物业说，大家要把安全放在第一位,0
2024/4/28 10:14,这个小区电动车全部停楼道充电，推进家里充电，消防不管、物业不管！！！！,1
2024/4/28 10:16,那是我同事，她80%烧伤，还吸了好多熔烟， Icu,0
2024/4/28 10:20,气不吸三分钟可以，我在水下三分钟没事,0
2024/4/28 10:21,是啊，好多公共场所都是这种了，比如??，室内真的透不过气了,0
2024/4/28 10:21,找物业做统一充电棚子,0
2024/4/28 10:30,[感谢][感谢][感谢],0
2024/4/28 10:32,不可以憋气吗 人最少闭一分钟气啊,0
2024/4/28 10:33,不可以憋气吗 人最少闭一分钟气啊  一楼,0
2024/4/28 10:41,江西最近事情有点多,0
2024/4/28 10:41,8成楼道充电起火,0
2024/4/28 10:43,锂与钠是同族元素，比钠更轻活性更大。所以电车自燃有免送火葬场的优势！反科学的电动车新国标必须修改！,1
2024/4/28 10:47,电瓶车应该没置专门的充电桩，不能离小区住宅近,0
2024/4/28 10:54,那个小区不管矮楼层还是高楼层，基本都有防盗窗[捂脸][捂脸][捂脸],0
2024/4/28 10:56,我们新小区，消防车都进不来,0
2024/4/28 10:57,学会自救很重要,0
2024/4/28 11:00,@偷影子的人 @开心荷包蛋.,0
2024/4/28 11:02,我不能理解的是为什么1楼起火都会逃不出来[流泪][流泪]！,0
2024/4/28 11:05,都说不愿意住高楼，这一楼也逃不出来[流泪][流泪],0
2024/4/28 11:08,一切都会好起来的！加油！,0
2024/4/28 11:08,应该是没有方向了，,0
2024/4/28 11:10,看来消防培训你还是参加的少啊,1
2024/4/28 11:12,火场里，能见度不足半米，你可以早上起床闭着眼睛从家走到小区门口试试，全程还有高温还有毒烟的吸入，还可能踩空摔伤。你不懂不要说那么简单,1
2024/4/28 11:14,过道电瓶车,0
2024/4/28 11:23,看着心酸  希望这个女孩平安无事[感谢][感谢][感谢],0
2024/4/28 11:23,好作孽,0
2024/4/28 11:24,我在想 我们小区负一楼停满了电动车充电 真发生火灾咋跑..一个烧一个,0
2024/4/28 11:25,今天刚刚去幼儿园学习了消防安全知识[祈祷][祈祷][祈祷],0
2024/4/28 11:27,紧急情况下心跳加速，能憋三十秒都算心理素质极好的了,0
2024/4/28 11:30,好像这两个女的是熏黑的应该没事,1
2024/4/28 11:30,你不会看楼道被电动车堵住了[捂脸]起火 没法跑,0
2024/4/28 11:33,吓人,1
2024/4/28 11:38,我觉得所有小区应该给电动车充电的的装置，要是因为失火了，你赔人家设备和电动车,0
2024/4/28 11:47,@寒山寺客 @chuizi [晕],0
2024/4/28 11:56,那不是人 不顾别人的东西 该说就说 别怕,1
2024/4/28 11:57,去百度下看看涨涨知识吧,0
2024/4/28 11:57,慌乱的情况下[捂脸]好难，我经历过，也就十来个台阶，有个转口，二楼吃饭，一楼楼梯口那炒菜，只是油烟大了冲到了二楼，根本跑不下去，幸好没烧起来，烧起来就完蛋了[泪奔],0
2024/4/28 12:05,是不是电瓶车楼道起火引起的,0
2024/4/28 12:07,也就楼道着火有烟   楼道一鼓作气就冲出来了,0
2024/4/28 12:08,原来我邻居也是和物业说，为了大家的生命财产安全要重视,0
2024/4/28 12:10,江西这是怎么了,0
2024/4/28 12:11,会，亲眼所见，走出来自己走到救护车跟前，几天后没了,1
2024/4/28 12:14,预防知识没有学习，有时候学习不到位，另外没有培训过，当时看见那么大的火，不知道该怎么办，,0
2024/4/28 12:14,天呀,0
2024/4/28 12:18,[感谢][感谢][感谢],0
2024/4/28 12:29,奇怪了，怎么逃不出来？一楼啊,1
2024/4/28 12:30,我好像看到了电瓶车,0
2024/4/28 12:35,我们楼道不让放，可是有的人不自觉还是放啊[捂脸],0
2024/4/28 12:36,一楼起火可以往楼上走呀,0
2024/4/28 12:42,准确的说，是锂电池。三四十斤的铅酸电池叫它燃都燃不起来，以前全是铅酸电池的没什么事，现在搞锂电池，不是这里燃，就是那里烧的,0
2024/4/28 12:47,祝愿所有人都健康平安，远离灾难[泣不成声],0
2024/4/28 12:48,赶紧举报出事了就不是小事,1
2024/4/28 12:51,太吓人了,0
2024/4/28 12:59,@過街小熊,0
2024/4/28 13:05,家里真没必要放那么多东西，家里东西越少越好。,0
2024/4/28 13:06,摩托车多好，非要推广电动车[躺平][躺平][躺平],1
2024/4/28 13:06,有些视频你看不到[泣不成声],0
2024/4/28 13:07,至于是烧的还是刮蹭的就不清楚了,0
2024/4/28 13:10,安徽哪里的啊。,0
2024/4/28 13:19,人家停一楼楼道了，怎么逃啊，门都几乎开不了[流泪][流泪][流泪][流泪],0
2024/4/28 13:21,一楼着火，楼上的下不来吧,0
2024/4/28 13:30,现在防盗窗都是可以打开的……,0
2024/4/28 13:36,一定要举报，为了自己和家人的命。,1
2024/4/28 13:39,太可怜了??,0
2024/4/28 13:41,一楼啊，什么挡住了逃生的路[感谢][感谢][感谢],0
2024/4/28 13:42,都在喷高层，这一楼还不是出事,1
2024/4/28 13:44,哈哈，就在找这条评论,0
2024/4/28 13:46,啊，遭大罪了[泣不成声],0
2024/4/28 13:46,@fu大王 离我学校1公里[捂脸],0
2024/4/28 13:51,还是农村安全，这就是你们大伙向往的城市生活，90%以上都是城市里面发生的火灾,1
2024/4/28 13:51,太可怕了，住在十楼的我瑟瑟发抖,0
2024/4/28 13:54,不晓得,0
2024/4/28 13:55,科学上统计过 多少面积烧伤就多少机会死亡 如果80%面积就是差不多死定了,1
2024/4/28 14:03,我不能理解的是为什么1楼起火都会逃不出来[流泪][流泪]！,0
2024/4/28 14:03,我不能理解的是为什么1楼起火都会逃不出来[流泪][流泪]！[捂脸][捂脸][捂脸],0
2024/4/28 14:08,看看吧一楼的也跑不出来，所以说跟住高楼的没有问题的,0
2024/4/28 14:09,为什么不说，打110,1
2024/4/28 14:10,[比心][比心][比心],0
2024/4/28 14:13,昨晚我小区也火灾，景城名郡对面，也是电动车,0
2024/4/28 14:17,[笑哭][笑哭][笑哭][赞][赞][赞][鼓掌],0
2024/4/28 14:21,那你就私发物业举报。,0
2024/4/28 14:22,我买电动车都不买太贵的，在外面放着风吹日晒不心疼,0
2024/4/28 14:24,@昵称叫洪大宝,1
2024/4/28 14:32,我也是[捂脸],0
2024/4/28 14:36,怎么出事都是江西？,1
2024/4/28 14:42,我们小区一个月15块 但是我对面的大姐天天在楼道充电[裂开],1
2024/4/28 14:43,给物业反应，在小区空地弄电瓶充电桩,0
2024/4/28 14:47,我们这边有个小区就做的很好，专门有停电动车的地方，远离房屋同时还可以扫码充电，太可怕了@有点意思????,0
2024/4/28 14:54,还是农村好,0
2024/4/28 14:54,她还好吧？[泣不成声],1
2024/4/28 15:03,[思考][思考]看她还能正常走动哈，没事哈,0
2024/4/28 15:12,我气道过敏，这烟。这要我，死定了。[尬笑][尬笑][尬笑],0
2024/4/28 15:24,电动车着火吗？[发呆],0
2024/4/28 15:24,你不敢说，有一天烧起来了，你也有责任。我们栋本来也有人带上去充电，后来有人在电梯里站出来了，在群里发出来，就再也没有人带上去了。只要上班时间我们看见有人拿电池进电梯，就不让进。,1
2024/4/28 15:49,一楼发火可以用放水把被子打湿盖着跑出去。  用湿毛巾捂嘴，我觉得行得通,0
2024/4/28 15:51,我之前一个同学90烧伤 肾衰竭 后期走了[流泪],0
2024/4/28 15:54,缺乏扑救初期火灾的常识,0
2024/4/28 16:04,我的小区我52栋,0
2024/4/28 16:09,黑出来的那个必有后福,1
2024/4/28 16:14,@我的狗掉了,1
2024/4/28 16:30,为什么一楼会逃不出来？,0
2024/4/28 16:30,别的房间没窗户吗？,0
2024/4/28 16:31,@与婵共舞,0
2024/4/28 16:39,好吓人,0
2024/4/28 16:39,说明要买防毒面具在家里,0
2024/4/28 16:44,我在这附近，这个小区物业出了名的差，所有保安加一起凑不出一副牙,1
2024/4/28 16:51,高楼开逃生窗怎么逃法,0
2024/4/28 16:55,一楼都跑不出来,1
2024/4/28 16:57,剪线，我就是这样,0
2024/4/28 16:58,12345,0
2024/4/28 17:05,怎么投诉老小区那种从楼上牵线充电瓶车的。,0
2024/4/28 17:22,@（W）,0
2024/4/28 17:29,我的是楼下[流泪][流泪][流泪],0
2024/4/28 17:32,锂电池着火，新国标重量限制导致市场为了续航使用锂电池，监管也没有相关程序,0
2024/4/28 17:41,[赞][赞][赞],0
2024/4/28 17:41,[玫瑰][玫瑰][玫瑰],0
2024/4/28 17:41,[捂脸][捂脸][捂脸],0
2024/4/28 17:42,[666][666][666],0
2024/4/28 17:42,我是这个小区的，都说物业多差[尬笑]其实物业没有别人说的那么差我觉得，人家也做了很多事，就是没效果，没人配合，太多人不自觉了，根本管不住,0
2024/4/28 17:43,活着真好[九转大肠],0
2024/4/28 17:48,不飞线怎么有地方充电，就算有充电地方晚点就充不到电，还是乡下好，城里啥都要钱，停车要钱电动车充电要停车钱，水要钱，物业什么都要钱，又没办到什么对我们有好处的地方，钱就知道要，一个楼道一个月都难得扫一下[流泪]城里站要站钱坐要坐钱[流泪],0
2024/4/28 17:52,估计没那么快，得多痛,1
2024/4/28 17:57,不是毒气，是很粘稠的东西。能把支气管堵死。抢救都来不及。,1
2024/4/28 17:58,烧到自己还是烧到别人家的人,1
2024/4/28 18:00,南昌不是市吗,0
2024/4/28 18:03,南昌市有个地方叫南昌县,0
2024/4/28 18:04,我的那个是顶楼的我在中间层,0
2024/4/28 18:05,电瓶怎么拿上去充啊，不是必须插车里吗,0
2024/4/28 18:09,[赞],0
2024/4/28 18:14,这种烟都是有剧毒的，吸入十几秒人就完全昏迷，所以火灾离开的人，基本上都是被毒烟带走了。,0
2024/4/28 18:15,建议以后商品房??两个入户门，不然真安全隐患！,0
2024/4/28 18:22,看到烧伤的皮肤我背心发麻，后期恢复很可怕希望快点好起来,0
2024/4/28 18:23,电影看多了吧，这种烟只有刚开始的时候，有希望跑出来，后面只有等死[流泪],0
2024/4/28 18:26,让物业在小区门口设计充电桩，我们这边的电动车不能进小区和车库，都在小区大门外装了充电桩,0
2024/4/28 18:27,高层太危险了,0
2024/4/28 18:35,@在成长,0
2024/4/28 18:38,是一楼大厅的电动车吗？我家住一楼[泪奔],0
2024/4/28 18:40,那废了，很恐怖,1
2024/4/28 18:43,今年南京的火灾也是这个电瓶车原因。,0
2024/4/28 18:45,因为一层楼道被火封了门。,0
2024/4/28 18:45,一楼电动车充电,0
2024/4/28 18:46,南昌市的景城名郡仅此一家[捂脸],0
2024/4/28 18:47,电瓶车充电。,0
2024/4/28 18:48,楼道起火，逃生出口被火封了,0
2024/4/28 18:50,周末清晨，人都在家，,0
2024/4/28 18:55,一出事大家先想到推责任要赔偿，就不想想自己的电动车上楼了吗？,0
2024/4/28 19:00,碰到好的物业才行，像我们那，不让电鸡上房，但是充电就得从楼上拉线下来了！巴西没有电鸡[捂脸],0
2024/4/28 19:02,南京的火灾也是电瓶车原因,0
2024/4/28 19:09,景城名郡？金沙一路那个吗？,0
2024/4/28 19:13,火灾来临一楼与30楼没区别！关键是烟，人一旦被浓烟呛了容易窒息！几十秒就会死亡,0
2024/4/28 19:16,我靠这就是那个景城名郡烧的好吓人@@wwwww @帅气小萱. @七._,1
2024/4/28 19:16,是电动车起火的吗？,0
2024/4/28 19:20,逃生通道走的就是另一个门,0
2024/4/28 19:20,必须的说，不然万一出意外就会被连累,1
2024/4/28 19:22,我去,0
2024/4/28 19:34,很多火灾其实不是烧死的 是早就熏死了,0
2024/4/28 19:38,38.8W打水漂了，可惜了,0
2024/4/28 19:38,南昌怎么这么多[尬笑][尬笑],1
2024/4/28 19:42,是的,0
2024/4/28 19:43,[尬笑]离我不远,0
2024/4/28 19:48,是的,0
2024/4/28 19:50,@一二,0
2024/4/28 19:57,[发呆][发呆],0
2024/4/28 20:03,江西很多小区都把电动车骑到家里我直服了,0
2024/4/28 20:04,我随时看到骑电动车进电梯然后直接骑回家,0
2024/4/28 20:04,江西的小区电动车都不管的,0
2024/4/28 20:06,只要活着出来就是万幸得了[泣不成声][泣不成声],0
2024/4/28 20:09,真不知道江西的这些管理怎么就那么难，在我们贵州没有谁会让电动车骑到楼下的,1
2024/4/28 20:19,小区火灾，我第一反应是不是电瓶车引起的。[泣不成声],0
2024/4/28 20:29,[感谢][感谢][感谢]愿你越来越好,0
2024/4/28 20:39,她80%烧伤，还吸了好多熔烟， Icu,0
2024/4/28 20:40,那个全身烧黑的人还活着吧？太可怕了,1
2024/4/28 20:47,@红叶多离别,0
2024/4/28 20:56,从视频可以看出，装了防盗窗，逃不掉啊,0
2024/4/28 21:06,是的那些说憋的我更加不能理解，进过厨房的人都知道烟真的刺鼻刺眼,0
2024/4/28 21:06,一楼跑不出去？,1
2024/4/28 21:07,不可能一下子没发现吧？,0
2024/4/28 21:22,又是电瓶车,0
2024/4/28 21:24,@神恩  @羽若倾城   @雨宫 莲 @贩???铺子 @FPS天才少女 @晨曦曦yo @一个心做 @闻人人QAQ @菠菜咸鱼西 @弥罗琥珀词 景城名郡,0
2024/4/28 21:35,你直接跟她讲，不要在我这充，出事让她负责，有什么拉不开面子的，安全第一,1
2024/4/28 21:39,因为你没搜索广东,1
2024/4/28 21:40,下不来也不会烧到5楼以上吧，而且家里有前后阳台啊,0
2024/4/28 21:54,是我朋友，白白的皮肤变的这么黑，心疼[流泪][流泪][流泪],0
2024/4/28 21:56,重点在1楼都逃不出？,1
2024/4/28 21:59,死了四个，那个受伤的今天业主群说是没抢救过来，走了,1
2024/4/28 22:00,走了,0
2024/4/28 22:00,你还不敢说，直接在物业群大声说！,1
2024/4/28 22:01,我也是这个小区，业主都是那种不服单挑的那种[捂脸]，根本无视物业,1
2024/4/28 22:02,出口电动车起火无法出门应该关好门窗不出门和不向楼上跑白的，但是不知情况的都会向出口跑所以会伤亡,1
2024/4/28 22:02,看来你缺乏消防知识，赶紧去补习一下吧[捂脸][捂脸],1
2024/4/28 22:03,一楼然起来，八楼的应该不要往下跑,1
2024/4/28 22:06,这个女的就是 全身还滴血,1
2024/4/28 22:06,一楼不都有院子吗？,0
2024/4/28 22:09,@小蕊是起名废 @徐长卿 @七加七???? @C @她、嘴角上扬,0
2024/4/28 22:10,火往上着全都是烟下来不呛死也烧死了，人只能往上跑,0
2024/4/28 22:21,@龟坑,1
2024/4/28 22:23,不行，第一要有防毒防烟面罩，或者空气呼吸器,0
2024/4/28 22:24,[呲牙][呲牙]！,0
2024/4/28 22:28,烟一旦冒起来，楼里面就跟黑夜一样，打开手机都看不见,0
2024/4/28 22:29,八成是电动车进屋充电爆燃,0
2024/4/28 22:30,火灾大部分都是熏死的   有毒气体,0
2024/4/28 22:32,浓烟吸一口十秒就得要倒地上，你以为那么容易吗,0
2024/4/28 22:38,希望你们平平安安的，我们南昌人太难了[感谢][感谢],0
2024/4/28 22:44,高楼火灾救援难，学会自救保平安，懂得科学配置高楼逃生缓降器,0
2024/4/28 22:44,又是电动车[泣不成声],0
2024/4/28 22:52,妈耶,1
2024/4/28 22:57,一看你就不了解烧伤，烧伤当时没事，后期会引起很多并发症,0
2024/4/28 22:57,[流泪][流泪][流泪],0
2024/4/28 23:01,@JiaJia吖 @花开富贵～kisskiss,0
2024/4/28 23:17,哎，烧伤太痛苦了,0
2024/4/28 23:19,??,0
2024/4/28 23:22,起火原因真的是电瓶车吗？,0
2024/4/28 23:26,烧伤当时不一定有多大事，能蹦能跳，但是进医院治疗就得看造化了，很多大面积烧伤开始没多大事，手术很成功，但是很多熬不过后期的感染还是死了。肺部灼伤的更快，进医院时生命体征还稳定，三天后肺部感染而死,0
2024/4/28 23:27,@甯甯 好惨,0
2024/4/28 23:27,只有干外卖才知道有多少小区业主骑电车进电梯,0
2024/4/28 23:31,之前老家烤火烧过一个瓶盖都头痛,0
2024/4/28 23:35,@简爱,0
2024/4/28 23:39,有个烧成炭人还还能跑出来[赞],1
2024/4/28 23:58,@芒果有时说再见,0
2024/4/29 0:00,都烧成这样了消防才来[流泪],1
2024/4/29 0:02,还是8层的人，想不通吧,1
2024/4/29 0:04,大白天着火，低楼层的为什么都逃不出啊？[流泪]禁闭门窗，躲卫生间打湿棉被捂住口鼻，等待救援可以吗？网上卖的那种放火毯有用吗？真的能放火吗？,0
2024/4/29 0:05,"大白天着火，低楼层的为什么都逃不出啊？[流泪]
禁闭门窗，躲卫生间打湿棉被捂住口鼻，等待救援可以吗？
网上卖的那种放火毯有用吗？真的能放火吗？
如果遇到这种情况应该怎么做才能保命啊？",0
2024/4/29 0:21,一氧化碳中毒，不是烧死的[捂脸]电视剧看多了吧[捂脸][捂脸][捂脸],1
2024/4/29 0:22,一氧化氮中毒死的，不是被烧死的[捂脸][捂脸][捂脸],1
2024/4/29 0:39,已经感染去世了[快哭了],1
2024/4/29 0:47,看别的视频是八楼的人冒着烟雾往下冲，被烟熏死了[流泪],0
2024/4/29 0:47,这里就是八楼的三个人被熏死了，走消防通道下来半路熏死了[流泪],1
2024/4/29 0:48,看别的视频是八楼的人，烟雾太大了，八楼的从消防通道往下走，半道上被熏倒了,0
2024/4/29 1:13,有些人说着火要跑，有的说不要跑，有谁懂得科普一下，我住在18楼[流泪],0
2024/4/29 1:23,18楼基本上就是死神和消防员赛跑了[捂脸],0
2024/4/29 1:26,我们小区都有专门的充电处，八角钱一小时，感觉有点贵，不充又没地方充，,0
2024/4/29 1:29,@-早点睡觉 @1块小餅干?,0
2024/4/29 1:39,[捂脸],0
2024/4/29 1:56,@兔子??Stanley,0
2024/4/29 1:59,@比安卡 [我想静静],0
2024/4/29 1:59,烧黑的这个看上去还很淡定,0
2024/4/29 2:00,估计是懵了,0
2024/4/29 4:20,楼梯口充电关键时候跑不出去,0
2024/4/29 4:35,怎么有人讲上海话？,1
2024/4/29 6:42,还去城市买房吗,0
2024/4/29 7:22,所以说，一楼失火，一样危险??,0
2024/4/29 8:01,18不用跑，因为没时间也没地跑（风险太大了不划算），待在家里做好防护等消防员[酷拽],0
2024/4/29 8:02,不用跑，跑了反而容易被楼道烟呛死，关好门窗，毛巾打水等救援就好了,0
2024/4/29 8:02,南昌话[比心][比心],0
2024/4/29 8:11,我见一个举报一个,1
2024/4/29 9:20,[流泪]我是八楼的,0
2024/4/29 10:12,天,0
2024/4/29 10:33,不用像了，就是电动车车自燃。,0
2024/4/29 11:02,@??抗上彩虹?? [微笑]这就是不能买太高原因，太高火灾比这个还恐怖，该买的消防设备还是要备着,0
2024/4/29 11:16,@[抱抱你][抱抱你][抱抱你][抱抱你],0
2024/4/29 11:59,假如冲的时候有变故咋办，在大吸一口不是完蛋了,1
2024/4/29 12:01,[感谢][感谢][感谢],0
2024/4/29 12:44,那你就直接报警，除非你觉得你和你全家的命无所谓,1
2024/4/29 12:54,卧槽！！,1
2024/4/29 13:05,@z.t,0
2024/4/29 13:12,赶紧举报吧,1
2024/4/29 13:24,我就常说，见一个说一个，说不拢还报警！,1
2024/4/29 13:25,真的吗？上海话也是这样说的吗？,0
2024/4/29 13:26,你同事治好了吗？,0
2024/4/29 13:30,我小区前天就有人在楼道口飞线充新能源车车被我举报了，还好，物业没过几分钟就来给他充电器收缴了[赞],0
2024/4/29 13:36,咋样了,0
2024/4/29 14:02,千万别太天真，我在这个隔壁一栋的，现场所有看的清清楚楚，跑的都出事，待阳台的没事！除了2楼（因为黑烟直接往2楼里去了）。唉，看到都难受,0
2024/4/29 14:20,没了   小区附近。,0
2024/4/29 14:22,感觉发生火灾  呆在厕所里有水的地方最安全  水能保命[感谢][感谢][感谢],0
2024/4/29 14:26,哎??,0
2024/4/29 14:31,24楼的我一直感觉恐慌[泪奔][泪奔],0
2024/4/29 14:31,24楼的我每天都觉得自己恐慌[泣不成声][泣不成声],0
2024/4/29 15:05,就是视频中出现的这个熏黑的这个女的吗？没抢救过来也走了吗？,0
2024/4/29 15:29,确实，怎么不躲厕所里啊？,1
2024/4/29 15:43,看到心疼[流泪][感谢],0
2024/4/29 15:54,希望平平安安,0
2024/4/29 16:03,电瓶车？,0
2024/4/29 16:10,这是在封闭环境下才会轰燃，所以要开窗通风。,0
2024/4/29 16:25,烧黑的女人是我这里的，她老公不见了[流泪]两个孩子上小学去了,0
2024/4/29 16:42,这个烧这严重还活着吗？没有恶意，单纯的想问下,0
2024/4/29 16:55,今年做电动车充电桩绝对能赚钱,0
2024/4/29 17:06,全国都一样，越底层火灾，越高层危险,1
2024/4/29 17:28,如果没有电动车充电其实不必太焦虑啊,0
2024/4/29 17:30,可能就是在一楼起火的,0
2024/4/29 17:32,为什么不见,0
2024/4/29 17:32,可能就是在一楼起火的 逃生出口都烧起来了肯定出不去[我想静静],0
2024/4/29 17:34,跑去顶楼会不会更好点，顶楼开阔毒烟不会聚集[抠鼻],1
2024/4/29 17:37,已经不在,0
2024/4/29 17:37,我有时候就会想：要是地震了干嘛的，我们就是在劫难逃了[泪奔][泪奔],0
2024/4/29 17:50,物业公司管理的小区发生重大火灾事故造成人员伤亡，物业法人要负刑事责任,0
2024/4/29 17:50,哦哦,0
2024/4/29 18:03,当时看似没事，那是她强烈的求生本能支撑着，过后能活下来的几率很小。,0
2024/4/29 18:09,这个出来的女人好像也在医院走了,1
2024/4/29 18:20,当日晚上好像就“走了”[感谢],0
2024/4/29 18:37,她老公不见了什么意思[泣不成声],0
2024/4/29 19:07,就是逃跑的时候也不知道是不是烧死了，反正两天了都没找到人,1
2024/4/29 19:32,电动车电瓶上楼充电火灾风险和需承担的责任普及了吗？,0
2024/4/29 19:46,没有,0
2024/4/29 19:57,已经没有生命危险，谢谢关心,0
2024/4/29 20:27,如果是 那就是电瓶车先燃烧 而不是烧成这样了 电瓶车才开始烧,0
2024/4/29 22:11,让物业规划专属充电停车位。,0
2024/4/29 22:39,所以不要大意，这是给我们所有人的警示,0
2024/4/29 22:59,@Return @sz @开朗の高,0
2024/4/29 23:15,是那个电动车在楼道充电引起来的,0
2024/4/29 23:46,加油活着就好,0
2024/4/30 0:09,好像说这女人去医院没抢救过来.！肺吸了有害气体！,1
2024/4/30 0:17,[捂脸]住24楼不前段时间伟梦清水湾的一栋两户三个人，被大风从家里吹下楼摔死了吗,1
2024/4/30 2:36,早上估计在睡觉   浓烟会把人呛死的  晕倒也就几个回合  我刚经历过那味道  [流泪],0
2024/4/30 4:52,@周?而复始 好吓人,0
2024/4/30 6:29,太可怕了,0
2024/4/30 6:30,应该太大火，太大烟了，不敢冲，看不清，跳也不敢跳,0
2024/4/30 7:35,呸呸呸,1
2024/4/30 8:44,脱离生命危险了吗,0
2024/4/30 8:49,没有,0
2024/4/30 9:18,你们没天台吗,1
2024/4/30 10:09,我就在这个小区，她去医院却没抢救过来[感谢][感谢],0
2024/4/30 11:05,现在的防盗网就是阻挡了逃生的机会,0
2024/4/30 12:28,今天同小区的人告诉我，这位女士已经走了。不敢相信是真的！祷告??,0
2024/4/30 12:32,天呐，我也不敢相信，之前是同事，人挺好的，也特别爱美，是一个人租在哪里在南昌打工的[微笑],0
2024/4/30 12:35,[泣不成声],0
2024/4/30 12:38,我问了三遍，很震惊。别人说大面积烧伤的人当时没事，送到医院会因为感染…哎，痛心！,0
2024/4/30 12:40,我刚问了，没有走，在医院就是有点严重[微笑]，你问的估计造谣的,1
2024/4/30 13:13,谢天谢地！！没事就好，我听闻后就来抖音查实的。希望平安康复！,0
2024/4/30 15:51,@立夏,0
2024/4/30 15:51,@我思故我在,0
2024/4/30 15:51,@我思故我在 想到你住的那个地方真的好吓人,1
2024/4/30 17:23,昨天看群消息，人没了。,1
2024/4/30 18:56,弱弱问一句，楼道应该不得着火吧，为什么这个一楼楼道着火了[捂脸],0
2024/4/30 19:14,因为你对大伙一无所知啊,0
2024/4/30 21:18,烧破皮了[流泪]可以看到血肉[泣不成声],0
2024/4/30 21:20,人家可能是一楼的[流泪],0
2024/4/30 21:42,破电车非得弄进去,1
2024/4/30 22:22,她去世了,0
2024/4/30 22:34,@追梦?? 南昌县,0
2024/4/30 23:59,吸入毒气更危险,0
2024/5/1 0:00,70%，我村里的，还没退了危险，有说今天上午走了，老公已经27走了,0
2024/5/1 0:49,人家南昌的？你不是四川的？,0
2024/5/1 1:06,凌晨7点20，怎么上学，造谣，小孩在我们老家上学，老公修车，烧焦了，女的逃出来了，30号走了,1
2024/5/1 1:17,是的,0
2024/5/1 1:19,走了,0
2024/5/1 10:21,唉,0
2024/5/1 12:44,好吧大哥,0
2024/5/1 13:10,[色][色][色],1
2024/5/1 17:13,真的是奇迹,0
2024/5/1 21:27,扒在墙上的没抢救过来吗？,1
2024/5/2 8:29,报警啊,1
2024/5/2 8:56,@慕逸桀,0
2024/5/2 20:00,我家旁边,0
2024/5/3 0:08,天啊，烧成这样肯定很痛苦[泣不成声],0
2024/5/3 15:39,@???????,0
2024/5/4 5:34,据说消防栓都没水[微笑],1
2024/5/4 12:06,这一看就知道电瓶车起火,0
2024/5/4 12:40,[赞][耶],0
2024/5/4 13:24,锦城名郡。就在我家那边。,0
2024/5/4 13:24,我也亲眼目睹了。,0
2024/5/4 16:11,@不期而遇的温暖 救命,0
2024/5/4 20:32,其实30CC小排量摩托车完全可以替代电动车，轻便省油又不用充电，可惜国家不允许！,0
