timestamp,content,label
2025/2/12 17:20,大老美不怕死就来呀[九转大肠][九转大肠][九转大肠],1
2025/2/12 17:25,@老美怕死吧！,1
2025/2/12 17:27,谁不知道全世界美国野心最大，不然星球大战怎么可能这么火[尬笑],1
2025/2/12 17:29,都是两只纸老虎不服气碰一碰看谁先碎。,1
2025/2/12 17:30,[捂脸],0
2025/2/12 17:30,漂亮官员个个都是“被害妄想症”[呲牙][呲牙][呲牙],1
2025/2/12 17:32,说得很认真[捂脸],0
2025/2/12 17:33,[捂脸][捂脸][捂脸][捂脸][捂脸],0
2025/2/12 17:34,我看成美国队长[捂脸]，以为怕哪吒票房打不过呢[捂脸][捂脸][捂脸],0
2025/2/12 17:37,美国所有部长都能领会老特的意思，专心搞钱,1
2025/2/12 17:40,他的意思是我们防碍了美国打劫世界。,1
2025/2/12 17:51,和平的总统想要抢巴拿马运河，格陵兰岛，想要墨西哥湾，还要加拿大全境作为美国第51个州,1
2025/2/12 17:53,打，就中国比你强！,1
2025/2/12 17:54,你们也就敢欺负轰炸欺负阿富汗，叙利亚这种没有反抗能力的国家。,1
2025/2/12 17:54,[捂脸][捂脸][捂脸][捂脸][捂脸][捂脸][色]到夏威夷去比吧[捂脸],1
2025/2/12 17:59,？？？现实是你打我先[发怒],1
2025/2/12 18:05,世界最不要脸就是美国人,1
2025/2/12 18:05,打倒美帝国主义！！！,1
2025/2/12 18:11,地球人都知道美国政府野心大，最肮脏[发怒][发怒][发怒][发怒][发怒][发怒][发怒][发怒],1
2025/2/12 18:14,"制造威胁，只为拱火战争
如同制造难民，只为入侵殖民
         加沙就是证例
     谁信霉国 谁倒霉[黑脸][石化]",1
2025/2/12 18:18,你来试试,0
2025/2/12 18:23,[呲牙][呲牙][呲牙][呲牙][呲牙][呲牙][呲牙][呲牙][呲牙],0
2025/2/12 18:35,各过各的日子，强与不强都是各自的事，何必挂齿？,0
2025/2/12 18:40,大美丽，自己不全世界捣乱，世界就太平了,1
2025/2/12 18:41,我是武林盟主，我不比武，我永远是盟主,0
2025/2/12 18:48,[捂脸][捂脸],0
2025/2/12 18:52,这货之前好像是个上尉吧,1
2025/2/12 18:53,手下败将[发怒][发怒][发怒],1
2025/2/12 18:59,你美国人野心大，全世界都知道，,1
2025/2/12 19:02,美国佬狼子野心,1
2025/2/12 19:07,心度知明就好,0
2025/2/12 19:14,美国怕了,1
2025/2/12 19:21,只要你们敢打，新仇旧恨一并解决！,1
2025/2/12 19:33,美国是这个[弱][弱][弱][弱][弱][弱][弱][弱][弱][弱][弱],1
2025/2/12 19:42,纸老虎,1
2025/2/12 19:45,我想问你们美国政府，想打什么？还是那句话合作欢迎，如果想打奉陪到底……！,1
2025/2/12 19:47,看看网友们一个个一针见血[赞],0
2025/2/12 19:48,美国在任何时候都是纸老虎，一戳就穿，只有打倒霸权主义，世界才能和平。,1
2025/2/12 19:58,[我想静静][我想静静][我想静静],0
2025/2/12 20:04,啊，对对对,0
2025/2/12 20:27,[捂脸][捂脸][捂脸][捂脸],0
2025/2/12 20:32,美国说话没有一句真话。,1
2025/2/12 21:49,纸老虎不要嚣张,1
2025/2/12 22:18,不打可以啊，我们去你家门口游弋,1
2025/2/12 22:21,为什么这么矛盾呢？[抠鼻],0
2025/2/12 22:26,美国的霸权终将破灭,0
2025/2/12 22:32,朋友来了有好酒，豺狼来了，有猎枪。不信试试看,1
2025/2/12 22:46,你过来呀,1
2025/2/12 23:32,美国在全球挑起战争。,0
2025/2/13 0:24,最终还是网友赢了,0
2025/2/13 0:40,美国人把心态放好点和平共处，和平共赢。想和中国开战，呵呵…,1
2025/2/13 0:57,[玫瑰][玫瑰][玫瑰][玫瑰][玫瑰],0
2025/2/13 1:05,美国是世界的强盗,1
2025/2/13 5:25,美帝但凡脑子一热，选择开战，那么美帝就会从地球霸权变成世界贱民了！,1
2025/2/13 5:50,犯我中华者必诛[炸弹][炸弹][炸弹][炸弹][炸弹][炸弹][炸弹][炸弹][炸弹][炸弹][炸弹][炸弹][炸弹][炸弹][炸弹][炸弹][炸弹][炸弹][炸弹],1
2025/2/13 6:20,犯我中华者，虽远必诛。我劝你用（新华字典）好好查一下,1
2025/2/13 7:54,说没有用，打他我算一个[呲牙][呲牙],1
2025/2/13 8:38,@Vincent、,0
2025/2/13 8:52,那是生机勃勃，眼看红了吧！,1
2025/2/13 8:57,你打打试试，中国不是阿富汗！,1
2025/2/13 9:11,问题是你打得赢中国吗？[强壮][强壮][强壮][强壮][强壮],1
2025/2/13 10:08,纸老虎[泪奔],1
2025/2/13 11:20,@jandjcnxjcnjdkdkxjsjdbbcjsjdhidjdjdkdkzkkdjdieididkdkndkemdkdnskdididjjdkdidkkdkdkdkdkdkdkkdkvkskdkkdklfkkdmkkdkkfkfk,0
2025/2/13 11:21,@hhcjjxkdckkfddlkfkfkfkosldlmfkskskduhhnmskkllldjjdkxmmcckckka,0
2025/2/13 11:25,狼子野心看谁都野心,1
2025/2/13 12:10,打不过就不打，打得过就打,1
2025/2/13 12:27,中国伟大[赞][赞][赞],0
2025/2/13 13:45,不打还能撑一撑，打了瞬间就失去霸主位置,1
2025/2/13 15:21,"中国乐意成为美国的竞争对手，但中国不是美国的敌人。

如果美国想把中国包装成敌人，中国必然会认真对待！",0
2025/2/13 17:04,特朗普都逼的美国军工复合体要打仗了[捂脸][捂脸][捂脸],0
2025/2/13 17:50,[赞][赞],0
2025/2/13 18:03,美防长这话，软话硬说还是硬话软说，听着这么矛盾呢[抠鼻],0
2025/2/13 18:39,美国不敢,1
2025/2/13 19:43,放,0
2025/2/13 19:43,放马过来,1
2025/2/13 21:38,[赞][赞][赞][赞][赞][赞],0
2025/2/13 22:47,别当真吧,0
2025/2/13 22:54,没有导弹。航母。火箭。美国代表团早就来抢了。,1
2025/2/13 23:17,美国的话骗人的鬼 千万别当真,1
2025/2/13 23:43,中国有六大武器超越美国。,0
2025/2/14 0:42,不想就好，好自为之[捂脸],0
2025/2/14 2:07,[捂脸][捂脸][捂脸][捂脸][捂脸],0
2025/2/14 2:48,小美根本没有胆量打,1
2025/2/14 4:37,我觉得美国想占道德高点，这么做是为攻击准备，小心点吧！,1
2025/2/14 4:54,他这么说是想要军费[捂脸],1
2025/2/14 5:17,任何时候不要美国的话：说不定又在谋算什么,1
2025/2/14 7:35,@薛老师评语千正万确点赞…不迷路赞赞[爱心][爱心][爱心][爱心][爱心][爱心][赞][赞][赞][赞][赞][赞][赞][赞][赞][玫瑰][玫瑰][玫瑰][玫瑰][玫瑰][玫瑰][玫瑰][玫瑰][玫瑰][玫瑰][玫瑰],0
2025/2/14 7:55,后面讲什么啊……,0
2025/2/14 8:54,[赞][赞][赞],0
2025/2/14 11:02,真心不信，财狼的言语都信吗？,1
2025/2/14 11:25,致敬薛老师[玫瑰][玫瑰][玫瑰][比心][比心][比心],0
2025/2/14 11:56,太纠结了,0
2025/2/14 12:48,基于基本常识和责任！我们也是不想和美国战争！,0
2025/2/14 14:18,美国正在韬光养晦,0
2025/2/14 14:26,那咋了[捂脸],0
2025/2/14 15:42,中国继续好好发展20年～以德服人,0
2025/2/14 16:47,说得对,0
2025/2/14 17:47,美国自己怎么上位的心里清楚 要不是当时的霸主英国到处打战 美国根本上不了位[捂脸],1
2025/2/14 20:50,1,1
2025/2/14 21:49,暂时的，因为美国特朗普政府现在把重心放在内部和俄乌冲突上。那边解决了还是来东亚搞事情,0
2025/2/14 21:57,现在还有啥实力？,1
2025/2/14 21:57,中国不寻求跟美国冲突，但利息冲突时，也会展现实力[捂脸],0
2025/2/14 22:20,天平已反转 ，该中国展示实力的时候了,0
2025/2/14 22:28,搞好自己吧,0
2025/2/14 22:28,不要在我面前说实力 你们不够格[抠鼻],1
2025/2/14 22:33,《中美共存》《中美友好》。,0
2025/2/14 22:42,还有啥实力[捂脸],0
2025/2/14 22:42,这是定力的想法。有一种回想的做法。,0
2025/2/14 22:44,放马过来，中国不是吓大的。,0
2025/2/14 22:45,当实力大时，都要秀肌肉,0
2025/2/14 22:52,真理在导弹的射程内！,1
2025/2/14 22:55,不是你说了算了[尬笑],1
2025/2/14 22:58,有啥实力 问题是美弟,1
2025/2/14 23:06,听其言观其行,0
2025/2/14 23:07,真理只在大炮射程范围内[赞],1
2025/2/14 23:09,美国人的话千万不要相信，要提高警惕！,1
2025/2/14 23:11,不能上当受骗，美国人的话绝对不能相信！,1
2025/2/14 23:11,不打战，你想也么玩都可以，而且你还会赢，一直赢，有前途,0
2025/2/14 23:15,什么实力？,1
2025/2/14 23:17,有胆你就试试,1
2025/2/14 23:18,电视台那个主持人吗,0
2025/2/14 23:19,漂亮国的实力剩的不多了,1
2025/2/14 23:19,适当而已，别当真，美国真会玩[偷笑],0
2025/2/14 23:19,木说一个样[捂脸],0
2025/2/14 23:23,现在老美跑大鹅家去了 又说不想和东方冲突 准备搞欧洲了[捂脸],0
2025/2/14 23:23,老美是不是对自己的实力有点太自我感觉良好了,0
2025/2/14 23:26,我们不跟LGBT玩,1
2025/2/14 23:27,随便你美国做啥，中国陪你,0
2025/2/14 23:30,快意人生[呲牙],0
2025/2/14 23:32,展示实力其实就是想破坏对方营商环境。如军事不足再加强军事提升这2种方案达到击败对手策略。,1
2025/2/14 23:35,很正常的坦言，因为相好关系是靠平时能不能互相礼让和互相敬重而建立的！,0
2025/2/14 23:37,美国队长[泪奔],0
2025/2/14 23:43,这些东西看个乐呵就行，反复无常。不必理会,0
2025/2/14 23:44,尽管放马过来吧，我们全民等着你呢。帝国主义全都是纸老虎，一戳就穿,0
2025/2/14 23:47,天天给我们刷大飞机。综合实力杠杠的。[呲牙],0
2025/2/14 23:52,一二之前，我觉得自己根本就不是什么人！！,1
2025/2/14 23:55,[玫瑰][玫瑰],0
2025/2/14 23:55,是航母和商船对撞的实力吗[笑哭][笑哭],0
2025/2/15 0:02,哪来的底气？！,1
2025/2/15 0:03,这话等同没说，有意义吗,1
2025/2/15 0:03,小蛇出洞,1
2025/2/15 0:03,骗人的鬼,1
2025/2/15 0:04,请展示[抠鼻][抠鼻][抠鼻],1
2025/2/15 0:04,他敢[酷拽],1
2025/2/15 0:07,老美你有个毛实力  靠恐吓   [尬笑][尬笑][尬笑],1
2025/2/15 0:07,中美合作共赢，记住这句话，,0
2025/2/15 0:12,不想跟你打架，但也不会怕你。,0
2025/2/15 0:14,中国不惹事了，更不怕事！美国不发动战争最好，一旦美国挑起战事，将至美国于死地。,1
2025/2/15 0:20,真心话很烦，直接来好吗？我这个人书读的少，不理解你这句话。谢谢,1
2025/2/15 0:20,[比心][比心]自我壮胆而已！他清晰的知道：南海区域一千海里内功夫熊猫说了算！,0
2025/2/15 0:21,我们只想好好发展，不想发生冲突,0
2025/2/15 0:23,合则两利，好战必亡,0
2025/2/15 0:24,美国现在在中国面前有个屁实力,1
2025/2/15 0:26,少放一点p[捂脸],0
2025/2/15 0:28,现在是解放台湾的最佳时机,1
2025/2/15 0:31,笑话，现在美国凭哪一条能在中国面前显摆，,1
2025/2/15 0:33,这帮狗崽子们都听到你们的主子说啥了。都他妈给我消停点。,1
2025/2/15 0:34,美国的流氓习气是改不了了，不必理会。,1
2025/2/15 0:36,给我滚犊子,1
2025/2/15 0:44,评论区这些老头老太太说话好有意思哈哈,1
2025/2/15 0:45,别太信美国,0
2025/2/15 0:52,我早就说过，中国能够真正威胁到美国的时候，中美之间的任何分歧都会迎刃而解。,0
2025/2/15 1:12,你一个适当就够吓人的,1
2025/2/15 1:15,这样说话已经非常明确要对抗：了,1
2025/2/15 1:21,展示实力！？目前用这样的词语在中国面前犹如一丝清风！[捂脸],0
2025/2/15 1:22,美国啥实力啊,1
2025/2/15 1:28,进口大豆…,0
2025/2/15 1:44,这是玩不过就要掀桌子的节奏啊[捂脸]狗急跳墙了,1
2025/2/15 2:04,亮个像吧小宝贝[奋斗][奋斗],0
2025/2/15 2:18,有点想讲一点道理的意思。,0
2025/2/15 2:35,宁愿相信世界上有鬼也不要相信美国的破嘴,1
2025/2/15 2:36,害怕不,0
2025/2/15 2:45,谁信[看],1
2025/2/15 3:00,不要和美国人说话了,1
2025/2/15 3:07,肌肉不发达怎么展现实力????????????[捂脸],0
2025/2/15 3:27,希望早日见到,0
2025/2/15 3:34,别被骗了美俄合作了对中国不利,1
2025/2/15 4:19,东风快递就是实力,0
2025/2/15 4:26,正如杨主任说的话:你们没有资格在中国的面前说，你们从实力的地位出发同中国谈话[赞],0
2025/2/15 4:36,[捂脸][捂脸][捂脸]我们的核潜艇是摆设吗？,1
2025/2/15 4:37,美国说的话都是带有自相矛盾,1
2025/2/15 4:55,只看利益[捂脸],0
2025/2/15 5:04,不行先过过招这样可以快速提升我们军事实力[捂脸][捂脸][捂脸],0
2025/2/15 5:15,不管卖广告的是谁，该打就打,1
2025/2/15 5:45,国际社会就是比肌肉，谁军队强谁就有话语权,0
2025/2/15 6:08,双标,1
2025/2/15 6:12,有种你打啊,1
2025/2/15 6:13,还有什么实力[捂脸][捂脸][捂脸],0
2025/2/15 6:19,中国也会适当展现实力的[微笑][微笑][微笑][微笑],0
2025/2/15 6:25,中美合作，世界和平,0
2025/2/15 6:26,我们也在展示,0
2025/2/15 6:27,[赞][赞][赞][赞],0
2025/2/15 6:31,放马过来吧,1
2025/2/15 6:35,现在是生物赛道,0
2025/2/15 6:37,让我去和川普对话，以太平洋为界，平分世界[思考],0
2025/2/15 6:41,不轻敌、不畏敌！祖国山河每一寸土地都埋着忠骨！半厘地都不让外豺狼侵略,0
2025/2/15 6:43,只要是美国侵入我们的邻土领海[感谢]我们要用最残忍屠杀的决心消灭它们。不然就是对自己的残酷残忍[感谢][感谢][感谢],1
2025/2/15 6:43,主持人你好，不用展现实力，中美实力差不多,1
2025/2/15 6:45,航母被商船撞的实力吗？[暗中观察],0
2025/2/15 6:46,这个绝对不要信，信了会有大事发生，适当给点面子，也不要搞僵了,1
2025/2/15 6:50,谈大门开，干放马过来！,1
2025/2/15 6:55,最好刀兵相见，一决雌雄。,1
2025/2/15 6:57,还是从实力出发，党，绝对服从,1
2025/2/15 7:00,那就较量一下[赞][赞][赞][赞],0
2025/2/15 7:00,people have eyes.,0
2025/2/15 7:03,信你个鬼喔美国佬，放马过来吧，[强壮],1
2025/2/15 7:09,地球村，好好相处，共同应对风险与挑战,0
2025/2/15 7:15,调风令你受不起,1
2025/2/15 7:17,这是美国国旗吗[捂脸][捂脸][捂脸],0
2025/2/15 7:18,跟老拜团队的说法类似:“我们将有力的管控竞争，不至于使竞争演变为冲突。”,0
2025/2/15 7:19,[玫瑰][玫瑰][玫瑰],0
2025/2/15 7:21,就怕它不敢冲突[呲牙],1
2025/2/15 7:26,我觉得还是打一仗更好,1
2025/2/15 7:30,就想揍美帝！！！,1
2025/2/15 7:33,你们还有资格这么说吗？[捂脸][捂脸][捂脸],1
2025/2/15 7:39,我们展示电影[偷笑],0
2025/2/15 7:40,美国军事实力是x实力[呲牙][呲牙][呲牙],0
2025/2/15 7:44,现在轮到它们用实力来跟中国对话才行了,0
2025/2/15 7:49,奉陪到底,1
2025/2/15 7:50,美国有屁的实力，几十年前就被中国打趴下了，中国的手下败将，中国早已今非昔比，而美国却什么都不是[弱][弱][弱][弱][弱],1
2025/2/15 7:51,不从实力出发了,0
2025/2/15 8:03,明里不冲突，暗里使绊子搞损招拖后腿。,1
2025/2/15 8:06,[捂脸][捂脸][捂脸],0
2025/2/15 8:06,纸老虎,1
2025/2/15 8:07,一个主持人当国防部长[不看][不看],1
2025/2/15 8:07,别相信美国骗子的话，美国人那次受到了诚信？我们别被蒙蔽了。,1
2025/2/15 8:08,[呲牙]笑话的美国????。。中国????要么不出手,1
2025/2/15 8:14,[赞],0
2025/2/15 8:16,谅你也不敢。,1
2025/2/15 8:17,咋门就也实力说话[碰拳][拳头],0
2025/2/15 8:19,到那是会轰炸华盛顿,1
2025/2/15 8:20,美国的话只能反着听！,1
2025/2/15 8:32,如果中美开战，是全世界都想看见的[呲牙],1
2025/2/15 8:33,察其言，观其行。,0
2025/2/15 8:33,@[捂脸][捂脸][捂脸][捂脸],0
2025/2/15 8:36,想和平演变,1
2025/2/15 8:37,干吧,1
2025/2/15 8:39,只有核弹展示了哈,1
2025/2/15 8:39,没啥事我们就展示一下无人机小型微型核弹[捂脸],1
2025/2/15 8:41,充分说明美国人现在对中国是一种及其煎熬的心里,1
2025/2/15 8:44,听他美国佬胡说八道,1
2025/2/15 8:44,[打脸][打脸][打脸][打脸]打他,1
2025/2/15 8:46,6代战机可以挥挥翅膀了,0
2025/2/15 8:52,一个字，打！[发怒],1
2025/2/15 8:54,你展现实力，别人也会展现实力，只要包容理解和睦相处才是王道,0
2025/2/15 8:58,两个字：【好装】,1
2025/2/15 9:00,只是眼前不想……,0
2025/2/15 9:07,不管你们的实力多么强，我中囯人民是不怕的,1
2025/2/15 9:09,[赞],0
2025/2/15 9:12,用实力来说话,0
2025/2/15 9:13,中国岂是吓大的[发怒][发怒][发怒][发怒],0
2025/2/15 9:13,@∴..[咖啡],0
2025/2/15 9:18,展现垂子实力，我们6代机都搞出来了,0
2025/2/15 9:20,中国该收回属于中国的东西了！！！他不想不是由他想？？？,1
2025/2/15 9:20,展现实力是给自己台阶下[捂脸][捂脸][捂脸],0
2025/2/15 9:30,务实防长,0
2025/2/15 9:31,意思就是，不是一个段位呗[捂脸],0
2025/2/15 9:37,你强他就跟你讲道理。他强就给你展示。,1
2025/2/15 9:37,中关开战是也界第三次世界大战,0
2025/2/15 9:38,美国现在实力就是放病毒[得意][得意][得意][得意],1
2025/2/15 9:42,对美国心不要太软,1
2025/2/15 9:46,意思是现在我有很多问题要处理，等问题处理好了来搞你,1
2025/2/15 9:48,看谁拳头硬！老美朝鲜战争没把你打醒吧！那么这一次就让你死的彻底一点！,1
2025/2/15 9:51,美国发动对华热战的话，不是较量一下，决出胜负就可以收手的哦，我们将会一直乘胜追击的，记住我中华民族的祖先有句俗话，叫斩草除根！,1
2025/2/15 9:52,只要你来，我们接着就是了,0
2025/2/15 9:55,你们没有资格在中国人民面前说显示你们的实力，中国已不是从前的中国了[比心],0
2025/2/15 9:56,美国不寻求与中国冲突，让菲律宾人来做体死鬼,1
2025/2/15 9:57,说明怂了,1
2025/2/15 9:57,这话有点怂,1
2025/2/15 9:59,学会了[看],0
2025/2/15 10:00,时隔70年还想再败一次，要不浑身难受,1
2025/2/15 10:00,正如杨主任说的话:你们没有资格在中国的面前说，你们从实力的地位出发同中国谈话[赞],0
2025/2/15 10:04,／展现实力是啥意思，是想开战还是想吓唬一下。,1
2025/2/15 10:06,可以理解为是美利坚政府对华工作的政策。,0
2025/2/15 10:10,[感谢][感谢],0
2025/2/15 10:12,以前是打出一拳来，为了有发展前景，现在是打出一拳来，保护世界和平发展。谢谢[赞][赞][赞],0
2025/2/15 10:14,你说了算[捂脸],0
2025/2/15 10:15,你们的信誉有吗？所以你们说的每一句话都如同放气,1
2025/2/15 10:16,和伊拉克，阿富汗说实力,0
2025/2/15 10:23,你没有资格在中国面前说实力！,1
2025/2/15 10:29,实话！身不由已[捂脸][捂脸][捂脸],0
2025/2/15 10:31,来干吧,1
2025/2/15 10:31,军事落后中国不刚与中国对抗，找了个台阶什么东西,1
2025/2/15 10:32,必有一站,0
2025/2/15 10:33,来呀，揍死美国佬！,1
2025/2/15 10:36,[捂脸][捂脸][捂脸]干吧 …,1
2025/2/15 10:39,软了还要硬一下,1
2025/2/15 10:40,[看][看]永无诚信，诚义！时刻警提！[二哈][二哈][看][看][看][看][看],1
2025/2/15 10:41,美国算个屁[抠鼻],1
2025/2/15 10:42,缓兵之计,0
2025/2/15 10:44,咱们有同样的想法,0
2025/2/15 10:47,此时非彼时,0
2025/2/15 10:51,试试有种,1
2025/2/15 10:56,会找代理人战争[捂脸],0
2025/2/15 10:58,在展现实力时|就是美国被打倒的一天,1
2025/2/15 11:02,现实主义实力,0
2025/2/15 11:02,平民，不参与。,0
2025/2/15 11:03,你有什么可展现的？,1
2025/2/15 11:03,不管怎样，要有先下手的准备[抠鼻],1
2025/2/15 11:06,@六七点创新三年,0
2025/2/15 11:13,美国没有资格同中国谈实力,0
2025/2/15 11:14,适当展示呗。真不拿中国网友当朋友。,1
2025/2/15 11:20,骗鬼呢,1
2025/2/15 11:21,充分证明，与美国打交道要想获得和平，自己必须有足够的实力,0
2025/2/15 11:22,不冲突，不搞对抗，大家坐一起发展经济，一起发财,0
2025/2/15 11:25,说白了就是怂，不服打一架,1
2025/2/15 11:26,这是他们的烟幕弹，信他，你就是个二货！,1
2025/2/15 11:39,现在展现实力，估计自己心里都没底吧,1
2025/2/15 11:39,得按你的利益走。别人不能发展对不,1
2025/2/15 11:48,但是 我告诉你“美国纸老虎”别忘了朝鲜战争的可耻下场,1
2025/2/15 11:51,你们有屁的实力。[呲牙][呲牙][呲牙],1
2025/2/15 11:55,中国人民有钢铁般的意志，你们有吗！,1
2025/2/15 11:58,S3赛季终将开启！只是时间问题……[泣不成声],0
2025/2/15 12:00,不会冲突，展示实力没事展示呗。只要不动手[捂脸],0
2025/2/15 12:01,蛟龙行动国内票房不好拿米国放可以会火[呲牙],0
2025/2/15 12:04,都是协商好的[呲牙],0
2025/2/15 12:08,我们和美国 放心暂时不会有正面冲突他只会派他小弟来恶心我们 比如菲律宾,1
2025/2/15 12:09,[666][666][666],0
2025/2/15 12:09,你得听老拜话[捂脸],0
2025/2/15 12:10,谁野心勃勃？ 整天倒打一耙,1
2025/2/15 12:12,美国没资格讲实力,0
2025/2/15 12:13,出南海单挑，我也们业想看看谁的实力硬,1
2025/2/15 12:15,先修修航母吧你[不失礼貌的微笑],0
2025/2/15 12:15,他又放了一个屁，有没有毒不知道，但是我们还是自己做好防护吧[捂脸],1
2025/2/15 12:30,他就是老特的走狗,1
2025/2/15 12:30,和平生活是最主要的！,0
2025/2/15 12:32,你们没有资格在中国人面前讲实力,1
2025/2/15 12:35,就因为你们的实力，害得老们早就不吃这一套了[大笑],1
2025/2/15 12:37,你美国有得天独厚的条件周边只有加拿大和黑西哥而我大中华周边有十多个怎么发展也追不上你,1
2025/2/15 12:40,先看看不行直接核弹加氢弹，要么一起好要不都放倒[微笑][微笑][微笑][微笑][微笑][微笑][微笑],1
2025/2/15 12:44,别废话，放马过来[看],1
2025/2/15 12:45,美国必须学会和中国和平相处！,0
2025/2/15 12:45,必须打他,1
2025/2/15 12:48,哈哈……就觉得你这文言搞笑[捂脸][捂脸][捂脸],0
2025/2/15 12:53,是的，和我的想法一样[微笑],0
2025/2/15 12:54,怎么和我们想的是一样啊,0
2025/2/15 12:56,美国先管好自己家事再说…,0
2025/2/15 12:59,谁还怕你不成,1
2025/2/15 13:03,军事实力没有经济利益也不会好到哪里,0
2025/2/15 13:15,美国口气不小,1
2025/2/15 13:15,来吧、朝鲜战场就是你们的坟墓！,1
2025/2/15 13:19,什么实力拿出来吧 我们不怕[呲牙],1
2025/2/15 13:23,有啥实力，吆喝还要带一帮伙计,1
2025/2/15 13:34,国内很多人从此放松了可以躺平了,0
2025/2/15 13:38,老美的话不可靠,0
2025/2/15 13:39,我们也不希望冲突，怕把你打得没面子抬不起来头！[捂脸][捂脸],1
2025/2/15 13:40,展示什么实力？？？？,1
2025/2/15 13:43,美国的发展史是强盗发展史。,1
2025/2/15 13:45,锤子实力，只有骗子的实力,1
2025/2/15 13:54,咋展现，吹牛B,1
2025/2/15 14:11,来吧，开始展实……,0
2025/2/15 14:23,[抠鼻][抠鼻][抠鼻][抠鼻],0
2025/2/15 14:32,我的回应是放马过来,1
2025/2/15 14:35,[捂脸],0
2025/2/15 14:50,美国学会了，不跟中国打仗就不会输还能在欧洲小弟跟前装几年，[泪奔][泪奔][泪奔],1
2025/2/15 15:08,我们也一样、早就摩拳擦掌了就是没挑准时机。,0
2025/2/15 15:11,[爱心][爱心][爱心][爱心][爱心][爱心],0
2025/2/15 15:11,真的是得了“被害妄想症”,1
2025/2/15 15:26,美[赞],0
2025/2/15 15:45,不服就干！,1
2025/2/15 16:23,没有永远的朋友、只有永远的利益！,0
2025/2/15 16:23,小样几个意思？揍你丫的。,1
2025/2/15 16:43,终有一战,0
2025/2/15 16:48,最好是现在，奉陪到底。,1
2025/2/15 17:01,展现啥呢，合作是最好前程。[鼓掌][鼓掌][鼓掌],0
2025/2/15 17:17,我们的实力星辰大海,0
2025/2/15 17:20,谁怕谁,1
2025/2/15 17:27,屁说,1
2025/2/15 18:01,早点来吧！都别哔哔了。话说再硬有卵用啊,1
2025/2/15 18:04,美国说话一直都是屁话,1
2025/2/15 18:04,玩不起啊？[看],1
2025/2/15 18:11,信你个鬼[看],1
2025/2/15 18:19,美国能有什么好事[捂脸],1
2025/2/15 18:20,放马过来,1
2025/2/15 18:37,不能放松警惕 他们的话不能信,1
2025/2/15 18:50,削它,1
2025/2/15 19:32,@老美，你们也不要欺人太甚，不服就放马过来,1
2025/2/15 19:36,当实力两个字说出来的时候  我笑了[捂脸][捂脸][捂脸],0
2025/2/15 19:37,美国人讲话等同放屁。,1
2025/2/15 19:39,[捂脸][捂脸][捂脸][捂脸][呲牙][呲牙],0
2025/2/15 19:46,狂徒,1
2025/2/15 20:20,中国不寻求跟美国冲突，但利息冲突时，也会适当展现实力[呲牙],0
2025/2/15 20:21,随便他跳舞，只要不越过咱的底线就可以,0
2025/2/15 20:22,怂了,1
2025/2/15 20:52,你们没有资格在中国的面前说，你们是以实力的地位出发与中国谈话[赞][赞][赞],1
2025/2/15 21:15,美国不灭亡，世界不太平,1
2025/2/15 21:44,它想蹬鼻子上脸[白眼]没那个本领了,1
2025/2/15 21:47,[舔屏][舔屏][舔屏][舔屏][舔屏][舔屏][舔屏][舔屏],1
2025/2/15 22:53,美国已是夕阳红了[灵机一动],1
2025/2/15 23:58,[看][看],0
2025/2/16 0:05,鹰酱一心只想搞钱[尬笑],0
2025/2/16 0:55,你们美国人有什么实力，实力就是吃小弟，干盟友，黑山老妖吧[呲牙],1
2025/2/16 1:12,美国佬的嘴骗人的鬼,1
2025/2/16 1:53,跟中国，美国有那个实力吗[鼓掌],1
2025/2/16 2:23,说真话,0
2025/2/16 2:33,1,1
2025/2/16 2:54,中国：当我们发生了冲突，肯定是你开了第一枪。,1
2025/2/16 4:12,不打可以披着霸权，继续搞诈骗，打了就骗不了人了,1
2025/2/16 4:39,合作共赢！,0
2025/2/16 5:13,你美国有啥实力资格,1
2025/2/16 5:37,反着听就行,0
2025/2/16 8:29,这届美国政府，只想挣中国的钱，根本不会发生冲突。,0
2025/2/16 8:34,一天到晚'实力,1
2025/2/16 8:53,早干晚干，早晚得干,1
2025/2/16 10:17,美帝国主义说的是屁话！它亡我之心不死！保持清醒吧广大中国人！,1
2025/2/16 10:49,[呲牙][呲牙][呲牙][呲牙][呲牙][呲牙][呲牙],0
2025/2/16 11:29,美国的说得话反着听就对了,1
2025/2/16 12:25,打一下好[赞][玫瑰]，我要上前线抗炮弹,0
2025/2/16 13:36,当今世界唯一不缺的就是实力。,0
2025/2/16 13:40,吓死我了[大笑],0
2025/2/16 14:00,没事，美国要是敢向中国发动攻击，联合国肯定会出手相助,0
2025/2/16 14:29,打一打,1
2025/2/16 15:26,你自己家连个山火都扑不明白，还想打？,1
2025/2/16 15:46,我们也是一样，为了保护主权安全利益，必要时也要展示我们的实力,0
2025/2/16 17:14,懂礼貌从不吹牛B开始[赞]。,0
2025/2/16 18:02,展现又如何[发怒][灵机一动]谁怕谁[发怒]王外长，慕尼黑已讲的够清楚了吧[灵机一动][发怒][发怒],1
2025/2/16 19:04,不想打就闭嘴并保持安静,1
2025/2/16 19:16,真打也是打消耗战,0
2025/2/16 22:30,"你不吹你会死吗？？？
你们早就不是我们的对手了[赞]",1
2025/2/16 23:29,傲慢姿态,1
2025/2/17 0:54,小美,0
2025/2/17 2:31,那意思是2030年应该会打这一战,1
2025/2/17 5:12,[666][666][666],0
2025/2/17 6:23,只要你不害怕那就让我们战场上见,1
2025/2/17 6:25,美国需要给欧洲塑造一个假想敌,1
2025/2/17 6:40,目前为止是一个热爱和平的士,0
2025/2/17 7:01,????,0
2025/2/17 7:17,互惠互利共赢未来,0
2025/2/17 7:22,狗屁不通的诡辩论,1
2025/2/17 7:23,老虎谁都怕，大象??人人夸[赞],0
2025/2/17 8:44,主持人[捂脸],0
2025/2/17 9:19,压力太大了，说干就干吧,1
2025/2/17 9:59,[暗中观察]那我们跟，我们也适当展露亿点点，你们就说南天门计划跟不跟吧,0
2025/2/17 9:59,一半优质企业以上都是美国控股，怎么打？,1
2025/2/17 10:38,把别人推出去是美国人的绝活，把别人随意抛弃是美国的常态。,1
2025/2/17 10:44,来吧，展示！,0
2025/2/17 10:44,要展示什么实力，大言不惭,1
2025/2/17 10:54,你有个屁实力,1
2025/2/17 11:37,怕了吧,1
2025/2/17 11:51,时刻准备着碰就碰，过去不怕，现在更不怕。,0
2025/2/17 11:55,[捂脸],0
2025/2/17 12:17,什么叫明确？霉果除了肆意妄为的赚钱得利益，从未明确过什么！,1
2025/2/17 12:20,我们也是一样的想法。,0
2025/2/17 12:23,一枚战斧3400万美元，美国打得起[看]？,0
2025/2/17 12:35,文化不同，说话的方式也不同，美国人说话比我们直接,0
2025/2/17 13:10,在歼36，歼50面前，老美有什么资格谈实力,0
2025/2/17 13:18,[捂脸][捂脸][捂脸][捂脸][捂脸]要中国装孙子,1
2025/2/17 13:44,不打[捂脸]，你打不赢。打了你就不是第一了,0
2025/2/17 14:34,美国佬有种你就来别阴阳怪气,1
2025/2/17 15:03,这才是大国该有的样子，毕竟人家也有利益诉求,0
2025/2/17 15:16,中国不寻求跟美国冲突，但利息冲突时，会适当展示东风41的威力[捂脸],1
2025/2/17 15:24,竞争,0
2025/2/17 16:05,中美利益需要竞争，而不是需要制造战争,0
2025/2/17 16:26,[炸弹][炸弹][炸弹][炸弹],1
2025/2/17 16:28,放心，中国一定是个合格的对手,0
2025/2/17 16:32,美国喜欢秀肌肉,0
2025/2/17 16:42,打不过，但还是要张牙舞爪维护霸权,1
2025/2/17 16:55,We too[比心],0
2025/2/17 16:56,你有没有想过，在冲突面前谁的实力更强还真不好说，别狂妄自大过早,0
2025/2/17 17:10,这哥们防长，太嫩了吧[捂脸][捂脸][捂脸][捂脸][捂脸],1
2025/2/17 17:20,信美国人的鬼话,1
2025/2/17 17:58,英国脱欧 他的表达是：英国人是看中我的身手 只要我有手有脚 就不会被抛弃,0
2025/2/17 18:01,你还有什么实力[捂脸],1
2025/2/17 18:29,山雨欲来风满楼，[强壮][强壮][强壮]，帝国主义亡我之心不死,1
2025/2/17 18:55,他们想麻痹我们[抠鼻],1
2025/2/17 19:12,屁,1
2025/2/17 19:28,这个比布林肯稍微收敛点[捂脸],0
2025/2/17 19:41,说了跟没说一样，一句话爽快点就是拳头比大小[捂脸],1
2025/2/17 19:43,巧了我们也是这样想的,0
2025/2/17 19:49,抓紧展示吧,0
2025/2/17 20:09,就等你了,0
2025/2/17 20:15,如果真的需要一场立威的战争，还是打一战吧，想想都热血沸腾[呲牙],1
2025/2/17 21:29,不打最好了，你做第一我也不吱声，但是别过分，过分了大家脸都不好看！况且倭寇盯着我和你，真打起来倭寇最先跳起来薅头发！,1
2025/2/17 23:50,贼眉鼠眼相,1
2025/2/18 2:37,突然就觉得原来“美国人也是很热爱和平”的[尬笑][尬笑],0
2025/2/18 4:46,三大世界和好，世界安逸,0
2025/2/18 5:18,美国的军费没有2万亿美金，不够看,0
2025/2/18 5:23,吃两颗槟榔压压惊，你快吓死我了,0
2025/2/18 7:41,意思是，你欺负我时，我会赌气的。,1
2025/2/18 8:10,这是我们的词[捂脸],0
2025/2/18 10:39,这次是真的[呲牙],0
2025/2/18 10:43,跟我刘华强拼，你有那个实力吗！,1
2025/2/18 10:45,现在知道和平可贵了,0
2025/2/18 12:08,不要以为西方是爱好和平，是因为我们的拳头够硬,1
2025/2/18 12:34,说了一句废话,0
2025/2/18 13:48,来而不往非礼也。中美利益发生冲突时，我们军事也要展现实力。[赞][赞][赞],0
2025/2/18 14:07,特亲俄，马亲华，欧盟怎么玩，[呲牙],0
2025/2/18 14:08,中国人一般对不讲道理的人采取的方式是无视他，我尊重你的说法，让他自己去反思。国际的形势好复杂呀[捂脸]感觉好累啊！我严重怀疑他们的教育有问题！,1
2025/2/18 14:44,他也是执行命令，说了不算,0
2025/2/18 16:05,你有啥实力[捂脸],1
2025/2/18 18:19,应该是有秘密武器,0
2025/2/18 18:49,这几天抓鱼抓到了吗？[捂脸],0
2025/2/18 18:50,欠揍的，快点速来,1
2025/2/18 20:15,可以,0
2025/2/18 20:35,一个出手一个唱白脸[吐血],1
2025/2/18 20:57,美国防长的嘴，骗人的鬼[捂脸],1
2025/2/18 20:58,但凡动手能赢，讲不了一点道理[捂脸]，,1
2025/2/18 21:15,几次比式都败了,0
2025/2/18 21:23,谈实力，很久以前我们就说过，不要和我们谈实力,1
2025/2/18 21:32,打到最后也是两败俱伤  谁也奈何不了谁,0
2025/2/18 21:44,温水煮青蛙而已,1
2025/2/18 22:11,狭路相逢勇者胜，不要吹牛,1
2025/2/18 22:38,梦中有朵雨做的云[捂脸],0
2025/2/18 22:51,什么力都比不过中国对吗,0
2025/2/18 23:18,美国其实自己很清楚 只要不跟中国开战，霸主位置还是有希望的,0
2025/2/19 5:58,美国现在想跟中国打，完全是痴人说梦！！中国首先人多，其次制造业产业链基本完整，军事力量完全够用！,0
2025/2/19 8:16,好[赞]成功粉碎网络暴徒挑拨离间言辞！,0
2025/2/19 8:23,太好了，世界安定需要权威性宣言！[赞][赞][赞][鼓掌][鼓掌][鼓掌],0
2025/2/19 8:24,"如果相信美国人的话，
就等于相信了鬼的话。",1
2025/2/19 10:32,老美的思维和三体人相似,0
2025/2/19 12:12,美利坚你没资格说用实力和地位跟中国说话,1
2025/2/19 12:14,有个屁的实力，吹出来的吧，[捂脸]，,1
2025/2/19 12:35,美国敢打仗，世界秩序就会重塑，美国想维持现在的秩序，吗,0
2025/2/19 12:40,不打只有他自己心里知道 打了全世界都知道了[捂脸],1
2025/2/19 14:05,那就打嘛 打一打都松松筋骨,1
2025/2/19 14:10,意思是，不是打不过你你太弱了打你是欺负你,1
2025/2/19 14:15,打硬仗我们不怕，怕就怕来阴的,0
2025/2/19 15:12,美国是想先干掉欧洲，再转战亚洲,1
2025/2/19 15:19,美国注重和平？？[尬笑][尬笑],1
2025/2/19 15:28,当中国展现实力时，美国只会沉默无声,0
2025/2/19 16:01,听他放屁,1
2025/2/19 16:32,打一瞬间地位就变弱，不打还好些慢慢变弱,0
2025/2/19 19:04,对，没错啊,0
2025/2/19 19:32,我们好怕啊[捂脸],0
2025/2/19 19:44,问问麦克阿瑟去吧，好不好打，[发怒],1
2025/2/19 20:37,美国在有优势和没优势的情况下，是完全两种态度，这是美国统领世界不能超过一百五十年的原因，敌人越多寿命越短。,1
2025/2/19 21:16,请先做个阅读理解好不好[捂脸],0
2025/2/19 21:17,中国防长：如有雷同，纯属巧合！,0
2025/2/19 23:21,麻到哪里啦,0
2025/2/19 23:59,@千羽 @人生如烟 @爱妃朕错了 @潶  tui… @云哥哥 @公民G @@杨先森 @第44次日落、 @@牧野,0
2025/2/20 1:38,未来可期！,0
2025/2/20 6:20,谁还没点实力,0
2025/2/20 7:01,这么说的话下次抵近侦察就可以狠狠地揍了,1
2025/2/20 7:02,那就中国就亮剑吧,0
2025/2/20 8:28,大漂亮说话听听就好[抠鼻],1
2025/2/20 8:32,美国迟早会跌落神坛,0
2025/2/20 9:12,[捂脸][捂脸][捂脸][捂脸][捂脸][捂脸],0
2025/2/20 9:19,你说的话我们反着听，是你们野心勃勃吧[灵机一动],1
2025/2/20 9:21,求同存异，取长补短，和平共处，造福人类,0
2025/2/20 9:41,[翻白眼][翻白眼][翻白眼][敲木鱼][敲木鱼][敲木鱼],0
2025/2/20 11:03,很好`[赞],0
2025/2/20 11:41,可以理解为相卫演演戏就好[泪奔],0
2025/2/20 11:47,好处你都占，又不想流血！这孙子发言啊,1
2025/2/20 11:55,野心勃勃我也是正经和平发展，你呢为了竞争不择手段[微笑],1
2025/2/20 12:41,来吧！试试中国战斗鸡吧,1
2025/2/20 13:38,你才知道啊[捂脸],0
2025/2/20 15:36,你还有什么可展示的？[捂脸][捂脸][捂脸],1
2025/2/20 16:47,已经没啥底气了,0
2025/2/20 18:07,别磨叽，不服就干，我报名,1
2025/2/20 19:46,有本事比划比划,1
2025/2/20 20:03,那就打吧,1
2025/2/20 21:08,现在的世界就是三国，欧盟就是司马昭,0
2025/2/20 22:09,明明没底气还死要撑面子[呲牙][呲牙][呲牙],1
2025/2/20 23:56,美国人说话不如放屁，想说啥说啥，想咋说咋说，谎话连篇[捂脸][捂脸][捂脸][捂脸][捂脸][捂脸][捂脸],1
2025/2/21 0:40,有种来原二炮若有战招必回,1
2025/2/21 2:31,美国仇人还是挺多的，平时看着都对他客客气气，如果真跟中国杠上，一解体，要被收拾[大笑],1
2025/2/21 8:33,又不是没打过，怕你个毛线,1
2025/2/21 10:23,打击你的野心啦！不然你的野心太大！地球都容不下你。,1
2025/2/21 11:45,丁伟战略,0
2025/2/21 11:49,艹，干,1
2025/2/21 12:16,世界上人的嘴和语言，是没有任何份量的，是没有质的存在,0
2025/2/21 12:33,他家机像要漏尿似的[抠鼻],1
2025/2/21 19:42,美国防长:自己家啥情况自己还能不知道,0
2025/2/21 20:58,实力决定话语权,0
2025/2/21 22:05,利益制衡,0
2025/2/21 23:06,真理只在大炮射程范围内,1
2025/2/21 23:10,干它,1
2025/2/22 8:07,意思是除了军事直接冲突外，其它的招，尽管使。,0
2025/2/22 8:35,[看][看][看],0
2025/2/22 9:10,有没有可能放烟雾弹？麻痹敌人，来个偷袭，回首掏[机智],0
2025/2/22 10:10,特朗普你这个军事小白，还“展现实力”？！,1
2025/2/22 11:06,没有国哪有家！我身为中国的一个女性.我也愿意为保卫国家流尽最后一滴血！,0
2025/2/22 13:08,这样讲话让我很不适应，但是挺爽[看],1
2025/2/22 13:48,我们五千年历史中，有四千五年都在打仗，和平了八十年没打仗，骨子里好战的基因一旦被唤醒，必世界大同。,1
2025/2/22 14:35,哈，哈。哈，我是二百五,1
2025/2/22 14:35,傻傻分不清楚,1
2025/2/22 15:23,别死鸭子嘴硬到时候新仇旧恨一块算，不打可由不得你！,1
2025/2/22 15:57,放马过来   你的实力！[凋谢][凋谢][凋谢],1
2025/2/22 16:03,＂适当”就是意思一下,0
2025/2/22 18:32,洲际导弹得再刷一枚让他瞧瞧真理实力。,1
2025/2/22 18:58,还有鸡毛实力了[打脸],1
2025/2/22 19:32,美国的任何言论不要相信，,1
2025/2/22 20:15,被犹太控制的那个时候开始就不行了，资本是贪婪的，不是以人的意志为决定的,1
2025/2/22 22:14,他们是懂孙子兵法的不战而屈人之兵。,0
2025/2/22 23:14,于北辰美国分辰,1
2025/2/23 3:50,这么年轻的防长？,0
2025/2/23 7:53,"美国热爰″和平""全世界人民都看到了。",1
2025/2/23 9:14,去美国自由航行一下,0
2025/2/23 9:33,这只是缓兵之计,1
2025/2/23 11:03,抹杀美元霸主,0
2025/2/23 12:25,老美发个七代机看看啊,0
2025/2/23 14:36,他不打，他会让别人来恶心,1
2025/2/23 16:07,漂亮国说话基本上都是在放屁[捂脸][捂脸][捂脸][捂脸],1
2025/2/23 17:58,别人放个屁。要把你吓得屁滚尿流。,1
2025/2/23 18:14,到时候中国也会绣一下肌肉,1
2025/2/23 18:32,展现实力[强壮]公平竞争[OK],0
2025/2/23 19:30,只要足够强，美帝也会爱好和平,1
2025/2/23 20:53,随着熊猫日益发展，早晚会与漂亮产生结构性冲突，这帮人说的话，笑笑就好,1
2025/2/23 23:08,一人一块地盘，谁也别说谁最好[笑哭],0
2025/2/24 0:02,没有打得过打不过，打了就是输对双方来讲，如果到达核武器级别，就是全球输。,0
2025/2/24 12:14,美国人说 我要不是担心打不过你，我早打你了,1
2025/2/24 14:38,骄兵必败,0
2025/2/25 13:17,你当初说打就打的时候为什么没想到现在会说不想打？,1
2025/2/25 18:55,你做初一我做十五罢了，和平需要共同迎合更加需要实力的守护！,0
2025/2/25 21:28,哎呀，相信政委说的丁伟说的话,0
2025/2/26 11:35,我想去阿拉斯加 关岛 阿留申群岛 自驾游,0
2025/2/26 12:26,他在麻痹我们！提高警惕，别大意！小心驶得万年船！[大笑][大笑][大笑],1
2025/2/26 15:06,相互忌惮，不打不知道孰强孰弱，打了就一目了然,0
2025/2/26 15:20,真是说的自相矛盾了？,1
2025/2/26 17:55,好像是他们一直说要第一第一，我们都懒得说,0
2025/2/26 18:15,韩国人出来解释一下？[捂脸]这个新闻啥意思,0
2025/2/26 19:00,没有绝对的把握 就不要惹事,0
2025/2/26 21:47,美国人这么爱好和平？叙利亚，巴勒斯坦和南联盟知不知道？[捂脸][捂脸][捂脸],1
2025/2/26 22:53,@Lu?o 他有点着急了,0
2025/2/26 23:27,舆论导向而已,0
2025/2/27 2:09,虽然我对自己国家很有自信，但真不觉得现在就能打过美国，应该还是自保有余,0
2025/2/27 6:28,@中华永远和平爱和平共处一室,0
2025/2/27 16:00,[捂脸][捂脸][捂脸][捂脸][抠鼻],0
2025/2/27 18:45,[捂脸][捂脸][捂脸][捂脸][捂脸][捂脸],0
2025/2/27 18:45,这人我喜欢[捂脸][赞],0
2025/2/27 20:51,为什么外国人总是觉得我们想打他们,1
2025/2/27 21:41,试试呗,0
2025/2/27 23:39,别欺人太甚，忍无可忍时，也无需再忍[翻白眼][翻白眼],1
2025/2/28 12:40,现在已经崛起了，已经遏制不住了,0
2025/2/28 17:09,永远不和中国打。我们永远就是世界第一军事强国。,1
2025/2/28 18:29,怕打输了世界动荡 美国的盟友都是墙头草,1
2025/2/28 20:15,呵呵呵,0
2025/2/28 20:16,翻译过来：不阻止[看],0
2025/2/28 20:16,台独瑟瑟发抖，小眼珠长长了,1
2025/2/28 20:17,川普的话不能信[捂脸],0
2025/2/28 20:21,好还加税,1
2025/2/28 20:27,特朗普，你说儿豁。,1
2025/2/28 20:30,他上任只为一样，搞钱。你要他花钱？难[他急了],1
2025/2/28 20:34,他不置评就是告诉台独一个信号,1
2025/2/28 20:36,野心勃勃的是美国。,0
2025/2/28 20:39,特朗普说，我要钱也得先要命[捂脸],0
2025/2/28 20:40,没有人比我跟懂川普,0
2025/2/28 20:41,未来中美可能因为失业人口过多而经济合作,0
2025/2/28 20:43,与中国关系非常好？可笑,1
2025/2/28 20:49,美国不想孤注一掷,0
2025/2/28 20:50,[呲牙],0
2025/2/28 20:51,信号越来越强烈啦,0
2025/2/28 20:52,不得不防,0
2025/2/28 20:54,湾湾又心碎了,1
2025/2/28 20:55,关系非常好才涨关税吗？,1
2025/2/28 20:58,理智的话，都知道中美关系非常好[泪奔],0
2025/2/28 21:03,他只关心怎么赚更多的钱[微笑],1
2025/2/28 21:05,美国都聪明到别国头上去呀！别国都没有聪明的了,1
2025/2/28 21:12,美国防长又把锅摔给别的国家，别国可不长眼的吗？,1
2025/2/28 21:14,特朗普：机会给到你们了[看],0
2025/2/28 21:16,拜登当年也不会开一枪，只是不会直说,1
2025/2/28 21:18,川,0
2025/2/28 21:19,川善很会研究中国文化，学会了太极精,0
2025/2/28 21:20,川普对中国文化非常了解，他学会了打太极学会了太极的精髓。,0
2025/2/28 21:29,把给老黑的待遇都给老白，老白跟你的关系非常好。,1
2025/2/28 21:39,他美丽国能阻止了吗[捂脸],0
2025/2/28 21:40,拒绝评价就已经告诉你答案了！,1
2025/2/28 21:53,永远不相信美国人[炸弹][炸弹][炸弹],1
2025/2/28 21:56,[赞][赞][赞][赞],0
2025/2/28 21:57,川普：我没说不阻止，但我也没说不阻止。,0
2025/2/28 21:58,中国站起来了。,0
2025/2/28 21:59,马斯克起了一定作用,0
2025/2/28 22:00,希望祖国早日统一[发怒][发怒][发怒],0
2025/2/28 22:01,今时今日，我们不在乎鹰酱说什么，怎么做，不阻拦最好，阻拦也没关系，奉陪到底,1
2025/2/28 22:01,背后军火还在输送,1
2025/2/28 22:01,[赞][赞][赞],0
2025/2/28 22:02,任何时候，任何地点，不能相信美帝的任何话，任何承诺。,1
2025/2/28 22:02,口是心非,1
2025/2/28 22:02,特朗普回答的很巧妙,0
2025/2/28 22:03,到最后都是生意[看],0
2025/2/28 22:05,[鼓掌][鼓掌][鼓掌][赞],0
2025/2/28 22:05,QooQ、、、、、1、、、、、、、、、、、、、、、、、、、、、|111、、、1丨个小時的路程哥你、、、、111111、、1、、、、、、1,1
2025/2/28 22:06,这绿营头上气炸了吧！,1
2025/2/28 22:07,漫天要价,1
2025/2/28 22:07,make a deal,0
2025/2/28 22:08,哪里好，,1
2025/2/28 22:09,美国人会不怕死么？,0
2025/2/28 22:11,兵不厌诈,0
2025/2/28 22:11,特朗普说非常好，后面就拿刀捅一刀。,1
2025/2/28 22:12,可以搁置这个问题了[抠鼻],0
2025/2/28 22:14,宁可相信这世界有鬼，都不要相信特朗普的嘴,1
2025/2/28 22:16,你想，你细想[捂脸],0
2025/2/28 22:16,川普变脸[大笑][大笑],0
2025/2/28 22:18,谁阻碍、破坏中国统一，谁就是敌人！[拳头],1
2025/2/28 22:18,@[赞][呲牙],0
2025/2/28 22:19,老特变了，有点老手味道了[呲牙],0
2025/2/28 22:20,祖国终将统一,0
2025/2/28 22:22,没准？,0
2025/2/28 22:23,你老爱干涉别人的家事,1
2025/2/28 22:23,还是会卖武器给弯弯[看][看],1
2025/2/28 22:26,你信么？,0
2025/2/28 22:26,为了子孙后代的安宁，斩草除根，永绝后患。,1
2025/2/28 22:26,特，你随便，我没看见[机智],0
2025/2/28 22:27,好。那我们收了,0
2025/2/28 22:27,他自己也不知道，要看形势,0
2025/2/28 22:28,笑死我了,0
2025/2/28 22:28,出价吧,1
2025/2/28 22:28,阴招，美国俺才艺多多。,1
2025/2/28 22:29,天时地利人和都有了，应该快了。,0
2025/2/28 22:29,我命由我不由他,0
2025/2/28 22:30,好到想加税,0
2025/2/28 22:31,商人的话，还是看他怎么做,0
2025/2/28 22:32,[捂脸],0
2025/2/28 22:33,哈哈哈哈哈[笑哭],0
2025/2/28 22:33,商言，尚言，伤言[呲牙],1
2025/2/28 22:34,小菜一碟 赶紧处理了,1
2025/2/28 22:35,一定要把握机会,0
2025/2/28 22:35,他的意思是你打下试试,1
2025/2/28 22:36,不收弯弯镇不住场子,1
2025/2/28 22:36,不要断章取义这不是全文,0
2025/2/28 22:36,不要听他讲什么，而是看他做了什么,0
2025/2/28 22:36,收你们来了[捂脸],0
2025/2/28 22:37,感觉谈妥[看],0
2025/2/28 22:38,做不到的事情不能承诺[呲牙],0
2025/2/28 22:39,记着套路川普，第一问会否制止伊朗拥核，川普肯定回答会,0
2025/2/28 22:39,[赞][赞][赞][赞][赞][赞],0
2025/2/28 22:39,崛起的中国，必将站在世界之巅。,0
2025/2/28 22:40,它们和我们打  是鹬蚌相争,0
2025/2/28 22:40,买卖人[捂脸],0
2025/2/28 22:42,卖500万刀金卡的人不会阻止，但也不会便宜卖,0
2025/2/28 22:45,特朗普：只要不影响我赚钱就行,1
2025/2/28 22:45,鲁比奥替特朗普回答了,0
2025/2/28 22:45,不赚钱的事他不干,1
2025/2/28 22:46,这小子识相[捂脸][鞭炮],1
2025/2/28 22:46,[捂脸][捂脸][捂脸][捂脸][捂脸][捂脸][捂脸][捂脸][捂脸][看][打脸],1
2025/2/28 22:46,又和乌克兰套路一样，要钱??,1
2025/2/28 22:47,谁能阻止？美国人自己心里很清楚！,1
2025/2/28 22:47,谁也阻止不了[敲打][敲打][敲打]……,1
2025/2/28 22:47,I like China ，China is good,0
2025/2/28 22:49,听听就好,0
2025/2/28 22:49,特：我只想做生意赚钱!,0
2025/2/28 22:49,老特：卖盟友我擅长[抠鼻],1
2025/2/28 22:50,不狠狠宰一刀不会善罢甘休,1
2025/2/28 22:51,特朗普说白了就是想赚钱 不想把话说绝对了,0
2025/2/28 22:52,商人就是圆滑，就是往好的方向看,0
2025/2/28 22:53,御前会议,0
2025/2/28 22:53,他会趁机赚钱,1
2025/2/28 22:54,干,1
2025/2/28 22:54,时间到了,0
2025/2/28 22:55,好不好还是早收了好,1
2025/2/28 22:55,赔本的活我不接,0
2025/2/28 22:56,没事多少开口[看][看],0
2025/2/28 22:57,那要看是阻止更赚钱，还是不阻止更赚钱[捂脸][捂脸],1
2025/2/28 22:57,美国国内还有很多中国人,0
2025/2/28 22:57,[不是吧],0
2025/2/28 22:57,听其言观其行,0
2025/2/28 22:58,千载难逢的机会一举拿下,0
2025/2/28 22:59,傻逼才信。[捂脸],1
2025/2/28 23:00,此时不收更待何时,1
2025/2/28 23:00,祖国实现统一的窗口期到了,0
2025/2/28 23:00,特:我先把过期的弹药卖一卖。。。,1
2025/2/28 23:08,那关税问题怎么回事呢[尬笑],0
2025/2/28 23:11,四海之内皆兄弟，五湖全是好朋友[看],0
2025/2/28 23:11,钱到位自己亲爹都可以卖,1
2025/2/28 23:14,[哈欠][哈欠][哈欠][哈欠][哈欠][哈欠][哈欠][哈欠][哈欠][哈欠][哈欠][哈欠][哈欠][哈欠][哈欠][哈欠][哈欠][哈欠][哈欠][哈欠][哈欠][哈欠][哈欠][哈欠][哈欠][哈欠][哈欠][哈欠][哈欠][哈欠][哈欠][哈欠],0
2025/2/28 23:20,意思：关我屁事,1
2025/2/28 23:22,川普的意思已经很明确了，你打你的，跟我没关系,0
2025/2/28 23:28,攻守易形了[尬笑]鹰酱开始疯狂搞小钱钱了[尬笑],0
2025/2/28 23:29,早晚收了那边,1
2025/2/28 23:29,这是让中国开条件啊。太极打得好啊,0
2025/2/28 23:30,关系好特朗普嘴，你信吗？,1
2025/2/28 23:34,我和中国的关系也非常好,0
2025/2/28 23:34,咋还有媒体相信老特说啥？[捂脸][捂脸][捂脸],0
2025/2/28 23:34,会说话的人做事都很果决，心口不一,1
2025/2/28 23:34,不明确就是默认,1
2025/2/28 23:35,一个合格的政客不会把话说死 他还真是个政治家  他比拜登难对付,0
2025/2/28 23:35,都把我给逗笑了,0
2025/2/28 23:36,我擦？？太阳打西边出来了？？,1
2025/2/28 23:36,各种暗示意味着…,1
2025/2/28 23:37,[666][666][666],0
2025/2/28 23:37,老特目前就一个想法：卖金卡，你品，你细品[捂脸],1
2025/2/28 23:37,台湾至少得钻石卡才能卖[捂脸],1
2025/2/28 23:37,小特在直接打，因为商人,1
2025/2/28 23:37,听其言而观其行！,0
2025/2/28 23:37,别光听他怎么说[看],1
2025/2/28 23:38,老特打太极拳[捂脸][捂脸][捂脸][捂脸][捂脸],0
2025/2/28 23:39,川普是个商人，利益为先。,0
2025/2/28 23:39,我最近觉得一句话说的蛮好的：永远别听别人怎么说，要看他怎么做。,0
2025/2/28 23:39,他只管赚钱，其他的不搞,1
2025/2/28 23:41,要利用老特这四年大好机会,1
2025/2/28 23:46,是生意人就可以谈,0
2025/2/28 23:46,阻止肯定会阻止的只是不想公开说而已，正面树敌毕竟比较刺激[看],1
2025/2/28 23:48,这记者像台湾的,1
2025/2/28 23:49,新套路,1
2025/2/28 23:51,普京的特工[奸笑],1
2025/2/28 23:51,只要讲到钱 特朗普都是非常的开心[微笑],0
2025/2/28 23:52,他的意思是你不能把碗端走，因为这个碗里有我的肉,1
2025/2/28 23:52,阻止了我金卡卖谁去[憨笑],0
2025/2/28 23:54,少听他怎么说，多看他怎么做,0
2025/2/28 23:54,[看],0
2025/2/28 23:55,收你们来啦[吐舌],0
2025/2/28 23:57,老特:我不记得我说过这样的话。。。,0
2025/2/28 23:58,生意人！,0
2025/2/28 23:58,一桌四个凉菜，搞定。,0
2025/2/28 23:58,生意人只想着赚钱，不可能冒着生命危险骑着白马去救绿娃[九转大肠],1
2025/2/28 23:58,有啥能力呀,1
2025/2/28 23:59,商人,0
2025/3/1 0:00,特朗普：只对不花钱，还能赚钱的事情感兴趣[呲牙]任何要花钱，不能赚钱的事，都别来找我[呲牙],0
2025/3/1 0:00,老特也学会语言艺术了,0
2025/3/1 0:02,阻止不可能，武器可以卖[捂脸],1
2025/3/1 0:03,特朗普还是讲了话，中国在世界的影响很大的。,0
2025/3/1 0:03,人前一套人后一套,1
2025/3/1 0:06,下一个乌克兰。。罢了。商人向钱看！,1
2025/3/1 0:06,想好了[不失礼貌的微笑],0
2025/3/1 0:07,他说的话可信？,0
2025/3/1 0:09,结果是:有来无回  你要知道美国是利益为主,1
2025/3/1 0:09,这是商人,0
2025/3/1 0:11,他也说就算我想说这个话，我也不会和你们说,1
2025/3/1 0:12,他阻止不阻止都不重要，中国必须统一，,0
2025/3/1 0:13,非常好，没看出来,0
2025/3/1 0:13,美国人不管说什么都不要相信！,1
2025/3/1 0:14,我“信”了，呵呵,1
2025/3/1 0:15,睡觉吧天黑了,0
2025/3/1 0:17,这四年是窗口期吗,0
2025/3/1 0:17,他不会阻止，但他会放贷,1
2025/3/1 0:18,@[玫瑰][玫瑰][玫瑰][玫瑰][玫瑰][玫瑰][玫瑰][玫瑰],0
2025/3/1 0:18,[捂脸][捂脸],0
2025/3/1 0:19,会就是会不会就是不会,0
2025/3/1 0:20,[捂脸],0
2025/3/1 0:21,信他的鬼话，，，[捂脸],1
2025/3/1 0:23,克拉斯诺夫就是要两岸通吃[捂脸],1
2025/3/1 0:24,这小子没准儿[捂脸],1
2025/3/1 0:31,比起战争，他更喜欢挣钱[绝望的凝视],0
2025/3/1 0:33,为什么要问他n,0
2025/3/1 0:33,还有东西吗,0
2025/3/1 0:34,特朗普只要给钱就可以拿回,1
2025/3/1 0:36,川普：可以谈,0
2025/3/1 0:37,美国阻止不了 难度在于怎么不伤害平民 还有建筑的毁坏,0
2025/3/1 0:38,你知道中国硬就行了,0
2025/3/1 0:40,老特是个生意人[捂脸],0
2025/3/1 0:41,山河统一[炸弹][炸弹][炸弹],1
2025/3/1 0:42,大内密探零零发,0
2025/3/1 0:45,我们的机会,0
2025/3/1 0:47,有诈,1
2025/3/1 0:48,借他几个胆子,1
2025/3/1 0:48,我是评论ABC,0
2025/3/1 0:48,老特说我只想搞钱现在,1
2025/3/1 0:50,老特:打钱,1
2025/3/1 0:52,还不到明确摆态的时候[听歌],0
2025/3/1 0:53,两头吃的买卖，多香,0
2025/3/1 0:56,[炸弹][炸弹][炸弹][炸弹][炸弹][炸弹][炸弹][炸弹][炸弹],1
2025/3/1 0:57,各吃各的吗,0
2025/3/1 0:58,反正不承认，不拒绝[呲牙][呲牙]，一切看利益,1
2025/3/1 1:01,不要被鬼话哄骗了！[发呆][酷拽][害羞][调皮][捂脸],1
2025/3/1 1:04,@KK,0
2025/3/1 1:04,划重点：字越少事儿越大,0
2025/3/1 1:10,川普学会了不少东西啊,0
2025/3/1 1:19,@&乐[看],0
2025/3/1 1:19,: 特朗普：那就要看阁下买多少金卡了[看][看],0
2025/3/1 1:23,这就是大陆的机遇,0
2025/3/1 1:25,不是不想打，只是他拥有的资源，跟拜登的资源不同罢了,0
2025/3/1 1:26,20的关税了,0
2025/3/1 1:26,得加钱啊,0
2025/3/1 1:28,[捂脸],0
2025/3/1 1:29,[比心],0
2025/3/1 1:29,二边通吃,1
2025/3/1 1:29,[呲牙],0
2025/3/1 1:33,老特只跟钱好,1
2025/3/1 1:35,不会直接介入，但拱火是肯定的，代理人模式,1
2025/3/1 1:38,加钱哥[捂脸],0
2025/3/1 1:43,特朗普一会一个样[捂脸],0
2025/3/1 1:43,下属跟上司，商人很清楚怎么选择,1
2025/3/1 1:47,拜登是搞政治，特朗普就想搞钱,1
2025/3/1 1:48,信特朗普的话可真是这个[赞],1
2025/3/1 1:54,这家伙学乖了,1
2025/3/1 1:56,马老板做工作了,0
2025/3/1 2:04,啥意思啊[捂脸],0
2025/3/1 2:06,翻译：得加钱[酷拽],1
2025/3/1 2:07,上一个做出承诺的应该是肯尼迪[看],0
2025/3/1 2:09,[尬笑]那是另外的价钱,0
2025/3/1 2:13,愿世界和平，不再发生战争[拳头],0
2025/3/1 2:21,招惹中俄很可能是赔本生意，商人啊,0
2025/3/1 2:24,说与做是两回事,0
2025/3/1 2:29,给大家翻译一下:我跟中国关系很好，我不想看到打仗把关系搞崩,0
2025/3/1 2:30,不容乐观，美国人一贯说话不算话,1
2025/3/1 2:31,别管说啥 听听就好[呲牙],0
2025/3/1 2:37,美国加钱哥[捂脸],0
2025/3/1 2:43,他的意思是‘我没把握能阻止的了[泪奔][泪奔],0
2025/3/1 2:46,谁现在还说真话呀，[捂脸],0
2025/3/1 2:46,店家说武松三碗不过岗,0
2025/3/1 2:48,人家是商人，懂的生意经，他知道做生意找的是合作伙伴，而不是敌人。,0
2025/3/1 2:49,美肯定会,0
2025/3/1 2:51,他们的话不能信,1
2025/3/1 2:51,别信老特的，给钱啥都行。,1
2025/3/1 2:53,其实就是，到时候再说，看谁给的钱多[呲牙][呲牙][呲牙],1
2025/3/1 2:57,意思就是你自己弄你的，到时候上桌上谈就行,0
2025/3/1 2:57,问这话没啥意义，,0
2025/3/1 3:03,特朗普意思就是维持现状，和平谈判，不会像拜登一样挑事,0
2025/3/1 3:07,美国的话鬼信,1
2025/3/1 3:08,特朗普：看赖总出价钱是否合理！！！,0
2025/3/1 3:09,完全避开重点 哈哈,1
2025/3/1 3:17,湾湾有么有瑟瑟发抖[呲牙],1
2025/3/1 3:18,打呀[抠鼻][抠鼻],0
2025/3/1 3:29,ABC,0
2025/3/1 3:30,反向思维,0
2025/3/1 3:32,要加钱[捂脸][捂脸][捂脸],0
2025/3/1 3:45,小孩唱歌，特没普，，，，,1
2025/3/1 3:57,老特就要钱，啥都不认。,1
2025/3/1 4:09,特朗普不是传统的政治思维，善变,0
2025/3/1 4:10,他现在说话也是很官方,0
2025/3/1 4:15,有理没钱一边去[捂脸],1
2025/3/1 4:15,这家伙做什么都要收费的，钱到位话好说[呲牙],1
2025/3/1 4:32,哦,0
2025/3/1 4:35,没有航母 055 5代机 6代机 你看他关系跟你好不好[白眼],1
2025/3/1 4:38,日本人和韩国人听了，怎么想？,1
2025/3/1 4:49,主播你怎么知道的，你在现场吗？？？,0
2025/3/1 4:55,老特是个商人 永远只会和利益挂钩,1
2025/3/1 5:00,这好象是晚上说的话,0
2025/3/1 5:06,不表态就是说“关我屁事”[捂脸],0
2025/3/1 5:19,不管不问你敢？,1
2025/3/1 5:23,拒绝说明一切还谈啥！,1
2025/3/1 5:24,口蜜腹剑,1
2025/3/1 5:27,与中国的关系非常好怎么没通知到我这里[裂开],0
2025/3/1 5:48,商人搞政治，无非就是往自己兜里搞钱！[捂脸],1
2025/3/1 5:50,不要以为他说这句话，我们都到你们的好像蛮爽的。永远不要相信美国[猪头][猪头][猪头][猪头],1
2025/3/1 6:01,这家伙不做亏本买卖,1
2025/3/1 6:03,幼智,1
2025/3/1 6:06,猴精，猴精[捂脸][捂脸][捂脸],1
2025/3/1 6:08,老特这是用的哪一招啊，算不算明修栈道，暗度陈仓,0
2025/3/1 6:09,模糊政策[灵机一动],0
2025/3/1 6:10,谁阻挡揍谁，这不是气话，这是真实的实话，抗美援朝揍你，现在照样揍你，欠揍！[呲牙],1
2025/3/1 6:13,海格塞斯和万斯一样，好像还没进入状态……,0
2025/3/1 6:15,场面要给足面子[大笑],0
2025/3/1 6:19,者是不是变相的承诺[呲牙],1
2025/3/1 6:24,老特委婉的回答了记者！,0
2025/3/1 6:26,互相成全[看],0
2025/3/1 6:26,哈哈哈哈,0
2025/3/1 6:29,他没说哪一个，我承认一个中国原则，但商人不一定了[看],0
2025/3/1 6:30,说和做两码事,0
2025/3/1 6:33,统容易，管理难。,0
2025/3/1 6:45,滴水不沾,0
2025/3/1 6:46,怎么阻止？,1
2025/3/1 6:46,这伙计还没糊涂,1
2025/3/1 6:50,信吗？压根都不信，美国人的嘴骗人的鬼。,1
2025/3/1 6:51,回答难道不是肯定的吗，不想身至其中，就是阻止发生，关系再好也要阻止,1
2025/3/1 6:54,[九转大肠]拿钱,1
2025/3/1 6:55,不想打账，只想做生意,0
2025/3/1 6:55,不回答已经回答了[大笑][大笑][大笑],0
2025/3/1 7:01,特朗普意思已经很明显了，不管你打谁，不能吃独食[看],0
2025/3/1 7:01,祖国统一容不得外人插手[耶][耶][耶],0
2025/3/1 7:02,这套太极打得太好了,0
2025/3/1 7:02,难道他不应该说这是中国内政，我不用回答,0
2025/3/1 7:04,他的意思是湾蛙得交??了[捂脸],1
2025/3/1 7:08,[赞][赞][赞],0
2025/3/1 7:09,胆小了,1
2025/3/1 7:10,他敢说嘛[捂脸],1
2025/3/1 7:11,骗小学三年级以下的学生还可以，三年级以上的中国人都不信,1
2025/3/1 7:12,川普：没有什么是不可以交易的[尬笑],0
2025/3/1 7:13,巨巨: 想套路我，没门,1
2025/3/1 7:17,跟中国关系好，大家相信么,0
2025/3/1 7:22,越拖越麻烦,0
2025/3/1 7:23,特朗普:我只对钱感兴趣,1
2025/3/1 7:23,生意归生意，人脉归人脉,0
2025/3/1 7:25,"你会相信美国人的话吗？
你不知道美国人属狗的吗？",1
2025/3/1 7:25,我是熬夜冠军,0
2025/3/1 7:25,好了，卦象对上了[看],0
2025/3/1 7:26,一问就是关系铁的很  背后捅刀子,1
2025/3/1 7:32,永远不要相信美国人，他们是利己主义的。,1
2025/3/1 7:32,[赞][赞][赞][赞][赞][赞][赞][赞][赞][赞][赞],0
2025/3/1 7:32,祖国统一势不可挡[赞],0
2025/3/1 7:33,老特，这次上台不一样了哦[呲牙],0
2025/3/1 7:35,必有高人指点[看],0
2025/3/1 7:40,这家伙还是年轻了，在过几年多吃点饭就不会这样说了,1
2025/3/1 7:41,拒绝,1
2025/3/1 7:41,特朗普说话还是留有余地的。,0
2025/3/1 7:42,[赞][赞][赞][比心],0
2025/3/1 7:43,一语多义,0
2025/3/1 7:44,今天立马办了弯弯,1
2025/3/1 7:45,他的意思是我和中国台湾的关系非常好,0
2025/3/1 7:46,看看现在的乌克兰,0
2025/3/1 7:47,不评论就是评论,0
2025/3/1 7:49,他是想效仿前苏联同意东德回归一样，用钱来赎,0
2025/3/1 7:50,他说和谁的关系非常好是口头禅，听听得了,0
2025/3/1 7:54,老特有心计，不想用话伤人，但留有余地,0
2025/3/1 7:54,这家伙有个特点，谁强他就和谁关系好,1
2025/3/1 7:57,商人就是歉钱，不想打仗[赞][赞][赞][赞][赞][感谢][感谢][感谢][感谢][感谢][感谢][感谢][爱心][爱心][爱心][爱心][爱心][爱心][爱心],0
2025/3/1 7:59,阻止？拿什么来阻止？？？？,1
2025/3/1 8:06,??要听它们说什么，要看它们怎么做,0
2025/3/1 8:07,“它与中国关系非常好”，这话听不得,1
2025/3/1 8:07,怪不得敢那么说,1
2025/3/1 8:10,不能拼命啊，命没了，还怎么挣钱[坏笑],0
2025/3/1 8:12,说得比唱的好听[呲牙]美国鬼的话不能信,1
2025/3/1 8:14,怕了？,1
2025/3/1 8:14,老特只认钱[捂脸]只要钱到位，玻璃都干碎,1
2025/3/1 8:16,典型的太极打法,0
2025/3/1 8:16,靠打仗赚钱迟早把美利坚陷入深渊 川普想靠马斯克这些高科技企业家完成新一代科技霸权[捂脸],1
2025/3/1 8:17,老特从政一直都是把“刀乐”放在第一位！[OK][捂脸],1
2025/3/1 8:21,没有什么是威力不能解决的[抠鼻],1
2025/3/1 8:22,社会大哥普朗普,1
2025/3/1 8:22,不能拿他们的某句话当真经,0
2025/3/1 8:23,特朗普也学会了中国文化，也学会了答题模板。,0
2025/3/1 8:24,看来川普很敬重中国文化[呲牙],0
2025/3/1 8:25,永远不要相m,1
2025/3/1 8:27,美国优先政策，不会把自己拖入无底洞的,0
2025/3/1 8:28,川普没那么傻，他要搞快钱不会做没把握的事情，,0
2025/3/1 8:29,老特滑不留手[捂脸][捂脸][捂脸],0
2025/3/1 8:29,干湾湾,1
2025/3/1 8:30,他就看两边那边给的利益多,1
2025/3/1 8:31,他说的话不能信。,1
2025/3/1 8:32,他阻止不阻止都不重要，中国必须统一，,0
2025/3/1 8:33,特朗普:我不想管这事，但是我不能说[看]。,0
2025/3/1 8:37,他绝对会阻止，因为利益足够大。,0
2025/3/1 8:38,咋着？信他？,1
2025/3/1 8:39,熊猫：但凡敢起心动念，那就是我的055还不够多！,1
2025/3/1 8:39,大漂亮的目的是卖武器挣钱，赔钱的买卖不做！,1
2025/3/1 8:40,不要管他怎么说，要看他怎么做,0
2025/3/1 8:41,机会来了？,0
2025/3/1 8:42,你随便问，什么问题都行，但凡从我嘴里出来一个肯定答案算我输[捂脸],0
2025/3/1 8:42,中国可以择机而动,0
2025/3/1 8:43,不是，他有啥资格阻止？这不是内政吗,1
2025/3/1 8:44,????,0
2025/3/1 8:45,外交辞令,0
2025/3/1 8:49,听其言观其行,0
2025/3/1 8:50,在老特心中，什么都可以交易。,1
2025/3/1 8:50,不评论就是有可能,0
2025/3/1 8:51,[赞][赞][赞][赞][赞],0
2025/3/1 8:51,会给自己留后路,0
2025/3/1 8:52,那颗落在太平洋的洲际导弹的含金量还会不断上升,0
2025/3/1 8:53,不用阻止，想多了,0
2025/3/1 8:55,赚钱这事 稳就行了 其他的 事 关我屁事[尬笑],0
2025/3/1 8:56,看不懂，金毛不可能对华友好的。,1
2025/3/1 8:56,@董咚呛（搓甲版）,0
2025/3/1 8:58,好吗？,0
2025/3/1 9:01,不能信，就像我很喜欢小兔子，每次都会买一半回去,0
2025/3/1 9:03,听其言而观其行,0
2025/3/1 9:05,[礼物][礼物][礼物][礼物][礼物],0
2025/3/1 9:07,敢不敢？美国贼绝对是不能相信的！,1
2025/3/1 9:09,我认为是时候出手了,0
2025/3/1 9:11,@毛大毛,0
2025/3/1 9:11,人家就是搞钱的,0
2025/3/1 9:13,硬刀子捅人会扎手，软刀子就不会[看],1
2025/3/1 9:13,怕它作甚,0
2025/3/1 9:16,祖国统一容不得外人插手[耶][耶][耶],0
2025/3/1 9:17,老美美信用了[看]弯弯别指望,1
2025/3/1 9:19,纵横捭阖，这个商人打法不好琢磨,0
2025/3/1 9:21,现在的玩法才是高级的,0
2025/3/1 9:24,特朗普玩的更高级,0
2025/3/1 9:26,川普=官方战忽局[看],1
2025/3/1 9:28,2028年之前应该能收回来吧[看],0
2025/3/1 9:29,感觉有点不太对劲了，对手开始回归正轨了,0
2025/3/1 9:30,现在是收台的最好时期,1
2025/3/1 9:31,感觉特朗普一直拥有主动权，他拿捏了所有人[尬笑],0
2025/3/1 9:33,这话谁信呢[捂脸],1
2025/3/1 9:33,是哦，乖乖里,0
2025/3/1 9:34,美国在特朗普手里，根本就不需要通过打仗赚钱。,0
2025/3/1 9:34,声东击西,0
2025/3/1 9:34,美国能信的话世界早就太平了,1
2025/3/1 9:36,这有什么可宣传的，如果他说，那是中国内政，还可以宣传一下。,1
2025/3/1 9:39,听听就得了！[捂脸][捂脸],0
2025/3/1 9:39,为啥不同的媒体翻译的不太一样 他说不想和记者说 可以和其他人说,0
2025/3/1 9:39,不能信,1
2025/3/1 9:43,特朗普想要的是钱，想要的是经济插手，这样的事情要花大量的钱，他从不该亏本的买卖[捂脸],1
2025/3/1 9:43,后面是不是还有一句话，就是说我们也不会在他们身上占到任何便宜。,1
2025/3/1 9:44,这家伙是谁硬就跟谁好[捂脸],1
2025/3/1 9:44,没承认没否认,0
2025/3/1 9:44,马斯克的特斯拉大部分都是中国人买的,0
2025/3/1 9:45,呵呵,0
2025/3/1 9:49,美国是个商人，不会干赔本的买卖,0
2025/3/1 9:53,商人能告诉你真话吗[呲牙]还特别好呢,1
2025/3/1 9:53,川普的意思是不是就是可以用钱解决就用钱。,0
2025/3/1 9:58,今年有希望统一吗,0
2025/3/1 10:01,川普的话可信度有多少？大家给打分。,0
2025/3/1 10:03,川普是个商人[笑哭]，从不做无本买卖,0
2025/3/1 10:04,这话意思是  我不希望中国你真这么干 [抠鼻],1
2025/3/1 10:07,撒谎不打草稿[捂脸],1
2025/3/1 10:09,美国就他清醒 贼的要命,1
2025/3/1 10:10,川：哪谁？我记住你了，给我挖坑。,1
2025/3/1 10:12,等于没回答,0
2025/3/1 10:14,说帮你们办成事可能有些夸张，但想让你办不成事还是可以的[看],1
2025/3/1 10:14,可以动手了[赞],1
2025/3/1 10:15,留给台独狗想象的空间,1
2025/3/1 10:18,赶快收了,1
2025/3/1 10:19,美国的手要,1
2025/3/1 10:22,你要这么说那我就说加拿大州是美国的,1
2025/3/1 10:22,@sttttewie,0
2025/3/1 10:22,不见兔子不撒鹰,0
2025/3/1 10:27,永远不要相信美国佬的话[捂脸],1
2025/3/1 10:27,老特是生意人，不会做亏本的卖买，精避！,0
2025/3/1 10:30,川普说的承诺过的基本会在第二天变脸,1
2025/3/1 10:30,他们说话你也信,1
2025/3/1 10:33,没收益的事这老小子不干的,1
2025/3/1 10:36,二者都考虑,0
2025/3/1 10:37,川普知道恐吓得利是利润率最高的，成本低,1
2025/3/1 10:40,敢否？,1
2025/3/1 10:41,学会了中国文化精髓,0
2025/3/1 10:42,能欢乎吗,0
2025/3/1 10:46,。,0
2025/3/1 10:50,美日鬼话，根本不能相信。,1
2025/3/1 10:51,圆滑的政客[赞],0
2025/3/1 10:53,乐极生悲[发怒],1
2025/3/1 10:53,当年杜鲁门也说朝鲜半岛不再美国防御圈内，不会阻止朝鲜半岛统一[看]。自己卷头硬才是真理,0
2025/3/1 10:58,一天一个样[捂脸],0
2025/3/1 10:59,川普想待价而沽。,0
2025/3/1 11:02,特朗普祖上都是商人出生，他只关心怎么搞美刀，并且早就淡化了殖民思维和扩张思维，不计一切保证国家基本经济利益，对于无端取闹很显然他没有心思了[捂脸],0
2025/3/1 11:02,意思是默认我们动了,1
2025/3/1 11:08,我都听明白了，拿下！拿下！！！,0
2025/3/1 11:11,记得到时候执行554号法案,0
2025/3/1 11:11,特朗普的话哪有准啊，上午说的，下午可能就变了。,0
2025/3/1 11:15,[呲牙],0
2025/3/1 11:18,坑挖好了，他没跳下去[呲牙],1
2025/3/1 11:18,我说过么[看],0
2025/3/1 11:22,当你有他们害怕的东西，他们就会爱好和平了[捂脸][尬笑],1
2025/3/1 11:25,不信,1
2025/3/1 11:25,你跟谁关系都好,0
2025/3/1 11:26,谁和你好，你再说一遍,1
2025/3/1 11:26,[捂脸][捂脸][捂脸],0
2025/3/1 11:31,问这话的是在给他下套，老油条不屑,1
2025/3/1 11:31,老特不想跟任何人打仗，只想赚钱，这是不争的事实,0
2025/3/1 11:34,美国的话不能信，尤其是特朗普,1
2025/3/1 11:37,很果决吗，如果是的话为什么不说不会，这不就是说自己会那么做吗,1
2025/3/1 11:37,你也信？,1
2025/3/1 11:40,说了上句，忘了下句[大笑],0
2025/3/1 11:42,只要给他足够钱，白宫 美国也是可以卖地[666],1
2025/3/1 11:46,特朗普眼里全是钱，对其他事不感兴趣,1
2025/3/1 11:47,比拜登清醒多了,0
2025/3/1 11:51,有这话赶紧怼吧，还剩三年时间,1
2025/3/1 11:51,可以让老特开个价，5000亿美元够不够？[捂脸],1
2025/3/1 11:55,我们现在就是要以不变应万变。见招拆招，让他蹦跶去,1
2025/3/1 11:56,赶紧收吧，正好他不想打仗,0
2025/3/1 11:57,不用管他说啥，看他做了啥,0
2025/3/1 11:57,这是让猜呢[捂脸]哪里果决了,0
2025/3/1 11:58,@莎拉布丁的小喵喵,0
2025/3/1 11:58,上一秒说的下一秒就变卦了,0
2025/3/1 11:59,这家伙说话比我那幼儿园的儿子还不能信,1
2025/3/1 12:01,川普说话变化无常，超不过五分钟说的都不一样,1
2025/3/1 12:06,机遇啊,0
2025/3/1 12:17,他逃避了回答[大笑][大笑][大笑],1
2025/3/1 12:18,不说不代表不做。美国人，呵呵,1
2025/3/1 12:20,不打还是世界第一，打了直接变第二[微笑],0
2025/3/1 12:33,商人果然圆滑[捂脸],0
2025/3/1 12:43,只会拱火递刀子，发战争财，不会直接下场的,1
2025/3/1 12:44,收回弯弯最佳时间,1
2025/3/1 12:46,商人思维,0
2025/3/1 12:47,信他就死得更快,1
2025/3/1 12:48,不必理会 该干自己的干自己的,0
2025/3/1 13:02,不要看他说了什么，要看他做了什么,0
2025/3/1 13:05,川普的話永遠不能信。他是一個商人，現在又成了一個政客,1
2025/3/1 13:06,打太极你是无师自通啊[捂脸],0
2025/3/1 13:11,最简单的道理，拒绝就是确认,1
2025/3/1 13:16,看谁给的钱多[呲牙],1
2025/3/1 13:21,时机已到,0
2025/3/1 13:41,商人,0
2025/3/1 13:46,美国,0
2025/3/1 13:51,你试试阻止一下,1
2025/3/1 13:58,客之美我者，必有求于我也,0
2025/3/1 14:17,这几年是不是收回的黄金时间,0
2025/3/1 14:18,看到没  关系非常好,0
2025/3/1 14:20,说和没说一样,0
2025/3/1 14:24,利益优先,0
2025/3/1 14:25,"要去正规银行，不要去网贷啊[发呆]
司机差点挨了一耳光[发呆]",0
2025/3/1 14:51,一切追求美元 这也是他最大的弱点,1
2025/3/1 14:59,生意人，不得罪，不碰触，,0
2025/3/1 15:02,yes or  no 回答了个 or [尬笑],0
2025/3/1 15:04,老特这还差不多[呲牙],0
2025/3/1 15:04,湾湾心碎,1
2025/3/1 15:24,他絕對不介意你打。。。他放高利貸的[泪奔],1
2025/3/1 15:26,担心多余了,0
2025/3/1 15:33,川普  我只对赚钱感兴趣[看],1
2025/3/1 15:41,[机智]最后通牒,0
2025/3/1 15:45,刀??决定,1
2025/3/1 15:58,态度分子 请你们看一看泽连斯基,1
2025/3/1 16:08,打的咋样了还问,1
2025/3/1 16:30,说实话，目前情况，哪怕我现在出面，也不一定能调解成功,0
2025/3/1 16:35,我基金都跌了[流泪]我想要不要跑,0
2025/3/1 16:35,只要有刀乐，什么都好说。,0
2025/3/1 16:43,统一无须看它国太度,0
2025/3/1 16:44,老特的意思是我不管，与我无关，你们愿收就收吧,0
2025/3/1 16:51,他怕了 啊哈哈哈哈,1
2025/3/1 16:56,他拒绝就是已经给了答案了,0
2025/3/1 17:01,老特这家伙，有点智商了[捂脸][捂脸][捂脸][呲牙][呲牙][呲牙],1
2025/3/1 17:03,他的好，是看到钱了,1
2025/3/1 17:08,“那种情况”到底是哪种情况啊[九转大肠][九转大肠],0
2025/3/1 17:21,特朗普为什么跟内塔尼亚胡这么铁 却对西方其他盟友一般,0
2025/3/1 17:24,这种话也能信……,1
2025/3/1 17:27,听其言观其行,0
2025/3/1 17:27,怀疑特朗普前几年去过武当山学过太极,0
2025/3/1 17:27,不要相信他,1
2025/3/1 17:36,他和我们关系特别好[抠鼻],0
2025/3/1 17:45,美国阻止不了了,0
2025/3/1 17:49,每周都在变，政治课学不懂,0
2025/3/1 17:51,就是为了打你的啊[流泪]你不能吓跑啊,1
2025/3/1 18:01,钱是第一其他不太在乎[捂脸],0
2025/3/1 18:07,我们跟你不熟[捂脸][捂脸][捂脸],0
2025/3/1 18:23,他只是在想以如何好的一个价格来出售。,0
2025/3/1 18:27,到底还恨不恨啊能给个准话吗,1
2025/3/1 18:33,现在是千载难逢的机会,0
2025/3/1 18:38,两边收钱,1
2025/3/1 18:41,不要问，要看做了什么[捂脸],0
2025/3/1 18:41,非常好就是不怎么好,0
2025/3/1 18:47,你阻挡试试[打脸],1
2025/3/1 18:57,他说非常好，就是非常不好,1
2025/3/1 18:58,最好窗口期的四年,0
2025/3/1 18:59,哦，你信了,1
2025/3/1 19:04,他说啥你信呀,1
2025/3/1 19:07,不知道相不相信,0
2025/3/1 19:08,你想太多了，你拿第三次世界大战威胁我吗,1
2025/3/1 19:12,川普，你可以说我坏，但是不能说我傻,1
2025/3/1 19:30,管你阻不阻止，反正都要拿回来,1
2025/3/1 19:33,其实并不是而是利益最大化[看],0
2025/3/1 19:39,他是怎么挣钱，怎么来，用商人的方法治国,0
2025/3/1 19:40,美国人的话你能信吗？谁信谁吃亏,1
2025/3/1 19:43,油滑油滑滴,1
2025/3/1 19:45,我们有句古话叫口惠而实不至,0
2025/3/1 19:47,他想卖个好价钱[捂脸],0
2025/3/1 19:54,以前他是以美国的利益为第一位，现在是以自己的利益为第一位,0
2025/3/1 19:55,咋不放后面说的啥呢,1
2025/3/1 20:00,永远记住：普是商人,1
2025/3/1 20:19,该收台了,1
2025/3/1 20:20,老特眼里看到的是刀乐,1
2025/3/1 20:22,毕竟还有那么多卡要卖,1
2025/3/1 20:22,老特的特长是搞钱搞钱,1
2025/3/1 20:22,好就是不好,1
2025/3/1 20:25,财阀资本家的本性永远不会变，手段不同而已，只要满足他的利益，他连自己都能摆上货架。,1
2025/3/1 20:28,打太极,0
2025/3/1 20:30,非常好，背后带刀！,1
2025/3/1 20:34,老特精得狠？,1
2025/3/1 20:38,送了多少月饼，听这一句好话,0
2025/3/1 20:40,变得真快[抠鼻],1
2025/3/1 20:40,嘴挺甜的。,0
2025/3/1 20:44,算吧，讲一套，做另一套，听完就算了,1
2025/3/1 20:45,老特的话你也信，,1
2025/3/1 20:45,很明显的反挖坑！,1
2025/3/1 20:46,@别有幻想,1
2025/3/1 20:46,脑子突然灵光了不少嘛[不看],1
2025/3/1 20:51,搞了华为，中兴。几十亿美元[呲牙],1
2025/3/1 20:56,嗯,0
2025/3/1 21:07,赖清德要又小泽那条路，不会有小泽硬气,1
2025/3/1 21:10,川普最爱中国黄焖鸡米饭[黑脸],1
2025/3/1 21:11,会,0
2025/3/1 21:13,他做生意的，人家嘴巴很会说，但实际怎样做就要看了,0
2025/3/1 21:15,上上一届的特朗普跟这一届的特朗普完全就不是一个人,1
2025/3/1 21:17,他的特别助理家人都在中国,0
2025/3/1 21:23,@灯等灯等灯 完蛋啦[流泪],0
2025/3/1 21:24,"川普：你没牌了
小泽：听我说
万斯：说谢谢",0
2025/3/1 21:25,机会来了,0
2025/3/1 21:31,可信度不高，[捂脸][捂脸][捂脸],0
2025/3/1 21:33,中美友好[尬笑],0
2025/3/1 21:34,特朗普自从那次脱险后，发现他大脑清醒好多,1
2025/3/1 21:37,一切以刀乐为中心！,0
2025/3/1 21:38,以从商经验来从政,0
2025/3/1 21:46,这提问题的人不嫌事大！,1
2025/3/1 21:55,这家伙每一句话都不能当真,1
2025/3/1 21:58,这个是商人出身 利益为重。所以主要看哪边给他的利益高,1
2025/3/1 21:59,他的话3分钟有效[捂脸],0
2025/3/1 22:03,翻译好像有问题吧！最后一句请准确点,1
2025/3/1 22:08,因为他知道马斯克在中国很成功,0
2025/3/1 22:12,相信鬼也不会相信美国人,1
2025/3/1 22:17,高兴坏了吧？[捂脸][捂脸][捂脸],0
2025/3/1 22:23,一心搞钱[赞],0
2025/3/1 22:33,美向乌售武，怎么不制裁它，它这个事制裁过你,1
2025/3/1 22:33,你可以来阻止试试,1
2025/3/1 22:33,说白了美国内部在进行变法，这个时候肯定要维持一个外部环境的相对稳定。肯定不想把自己拖入战争泥潭。,0
2025/3/1 22:43,最不讲诚信的就是生意人,1
2025/3/1 22:44,葫芦里面到底卖什么药？[思考],0
2025/3/1 22:46,美国金卡怎么办？,0
2025/3/1 22:47,不要看他说了什么，要看他做了什么,0
2025/3/1 22:49,那这次事，他们不反对也是条件了,1
2025/3/1 22:50,不知那些棋子们现在是啥心情[捂脸],0
2025/3/1 23:04,表面好吧[笑哭],0
2025/3/1 23:04,抓大放小,1
2025/3/1 23:11,听其言而观其行,0
2025/3/1 23:15,呵呵,0
2025/3/1 23:24,这哥们为了钱啥都可以不顾[呲牙][呲牙],1
2025/3/1 23:26,弯弯怎么说,1
2025/3/1 23:28,拒绝评论的意思就是“不会，但我不好意思说”,0
2025/3/1 23:58,福利给到位了呗！,0
2025/3/1 23:58,不是正面回答就是委婉拒绝,0
2025/3/1 23:59,小子跟谁说都是关系很好,1
2025/3/2 0:04,有利益往来的  他和谁都好[捂脸][捂脸][捂脸],0
2025/3/2 0:06,打铁需要自身硬[感谢][感谢][感谢],0
2025/3/2 0:06,我们如果团结，全世界都是我们的[感谢][感谢],0
2025/3/2 0:25,台湾有矿产还是芯片[捂脸],0
2025/3/2 0:34,和平分天下,0
2025/3/2 0:46,阻止？你给我点钱，我会帮你打[看],1
2025/3/2 0:48,统一的时间快了,0
2025/3/2 0:50,他跟金钱关系最好,1
2025/3/2 0:50,看乌克兰就知道了！还要问！,1
2025/3/2 1:52,不要啊，美国怎么走上正轨了[泪奔],0
2025/3/2 2:08,好密码,0
2025/3/2 2:23,他叫黄金降价就降价[捂脸],0
2025/3/2 2:48,先礼后兵[微笑],0
2025/3/2 3:00,武器没少卖,1
2025/3/2 3:06,阿懂的话有效期不超过24小时,1
2025/3/2 4:23,他们可不懂儒家思想。说变就变。,1
2025/3/2 4:45,现在美国的重点是刮欧美其他国家的油,1
2025/3/2 7:21,放心吧，就这两年内,0
2025/3/2 7:25,毒到底谁投的，刀片嗓好几天了 感觉很差,0
2025/3/2 7:29,现在老特的所有意见都要谢老拜，这家伙跟老拜是反的,1
2025/3/2 7:40,说白了利益把,1
2025/3/2 7:43,口是心非的一个人…,1
2025/3/2 7:45,他只想赚钱，不想打仗,0
2025/3/2 7:51,台湾牌不好用了呗,1
2025/3/2 8:58,马斯克的妈妈就在中国,0
2025/3/2 9:02,一切都是为了钱，为何不直接一点呢[呲牙],1
2025/3/2 9:04,不要听他怎么说，要看他到时候怎么做[酷拽],0
2025/3/2 9:15,特朗普自带话题,0
2025/3/2 9:19,中美和好,0
2025/3/2 9:23,其实保证啥用没有，不信你问乌克兰,1
2025/3/2 9:25,生意人谈这些好脑壳疼,0
2025/3/2 9:25,变化多端,0
2025/3/2 9:38,我们机会来了[呲牙]老美几百年的信誉度被这几个完犊子了,1
2025/3/2 9:58,从我个人角度看美国不敢的,0
2025/3/2 9:58,马斯克的妈妈在中国，在古代相当于交换质子了,0
2025/3/2 9:59,特朗普感觉能谈 看开价多少,0
2025/3/2 10:00,中国的事，跟老美有啥关系！！！,1
2025/3/2 10:02,他这是在玩更大的，要作为谈判筹码,1
2025/3/2 10:04,特朗普说的话一句都不能信[捂脸],1
2025/3/2 10:07,别人说句话，看咱们多开心,0
2025/3/2 10:11,老美啥实力没点数?,1
2025/3/2 10:17,乌克兰没牌打了,1
2025/3/2 10:26,台湾兄弟听了何总感受[捂脸],1
2025/3/2 10:55,老特也会打太极,0
2025/3/2 11:48,我只想搞钱,0
2025/3/2 11:51,不想但形势所迫[尬笑],0
2025/3/2 12:39,心口不一,1
2025/3/2 12:47,[捂脸],0
2025/3/2 12:52,马斯克在不会差到哪去,0
2025/3/2 13:49,老特子的信用在支付宝上都借不到充电宝,1
2025/3/2 13:50,缓兵之计,0
2025/3/2 14:27,媒体信了[捂脸][捂脸],0
2025/3/2 14:46,他应该说，你们动手看看不就知道了[看],1
2025/3/2 15:28,只要钱，其他的不管[赞],1
2025/3/2 17:08,最近湾湾方面有些平静啊[看],0
2025/3/2 18:50,中国也是一个爱好和平的国家。,0
2025/3/2 19:04,最近湾湾方面有些平静啊[看],0
2025/3/2 20:41,台湾快回家了。,1
2025/3/2 21:29,不要听他们说什么，而是要看他们做什么。,0
2025/3/2 22:04,不打不行必须打,1
2025/3/2 22:07,个人观点[偷笑]还是让他们当这个第一,1
2025/3/2 22:31,你品吧[抠鼻]你细品[捂脸][捂脸],0
2025/3/3 4:48,他们，也有很聪明的人，如果打核谁都成受不起，正常战争，谁拖死谁不知道,0
2025/3/3 6:05,只能听听而已,0
2025/3/3 7:22,玩无人机他们不行，玩激光他们不行，玩导弹他们不行，玩电磁干扰他们还不行，他还玩个屁呀,1
2025/3/3 8:38,乌克兰被谁卖了[九转大肠],1
2025/3/3 12:20,当初问俄乌他也是这么回答的好像,0
2025/3/3 19:58,做好自已，强身健体。洞察世界变化脉络，才能稳坐钓鱼台，看它风浪怎样来。,0
2025/3/4 1:14,美国说的话 一个标点符号都不能信,1
2025/3/4 10:27,美国人说话我不相信，明明美国野心勃勃，想要地球都给他钱，还要污蔑,1
2025/3/4 10:47,商人可不想搞打仗那一套,0
2025/3/4 11:06,特朗普满脑子就是钱[泪奔],1
2025/3/4 13:47,@美国什么时候也把和平挂在嘴边了！,1
2025/3/4 17:10,or,0
2025/3/4 23:19,和平 ？,0
2025/3/4 23:42,老子只想搞钱，不想理其他,0
2025/3/4 23:49,不要听它们叫什么，看它们做什么,0
2025/3/5 6:57,老特打的是经济战！,0
2025/3/5 9:23,最样的美国防长怎么干？那高的位置，大国和大国是开战的吗？谁都把谁在这个地球除掉？,1
2025/3/5 10:43,这一句话绿媒听了不亚于五雷轰顶[抠鼻],1
2025/3/5 11:37,[疑问][疑问],0
2025/3/5 14:52,美国代理人气歪了鼻子[捂脸][捂脸][捂脸],1
2025/3/5 19:33,美国现在有这个实力吗？他也不中用啊,1
2025/3/5 19:41,以前是看都不看我们一眼[捂脸]后面我们自己慢慢地发展，不针对他，他还要针对我们[捂脸],0
2025/3/5 23:47,他是怕中国打他，然后自己的地位下降[笑哭],1
2025/3/6 0:10,蛙蛙听了心里拔凉拔凉的[呲牙],1
2025/3/6 4:08,一个日本一个美国佬最恶心,1
2025/3/6 10:47,“关系非常好”，关税战又开始了[暗中观察],0
2025/3/6 11:34,犯我中华者，必诛之，,1
2025/3/6 12:20,以前他们老是跃跃欲试，现在属于绝对不想打，看明白了,0
2025/3/6 18:14,不是你不想打就不打的说出的话必须要算数,1
2025/3/6 18:15,2025年3月6号下午18时15分。,0
2025/3/6 18:21,战争是弱者的坟墓,0
2025/3/6 18:28,养兵千日用兵一时,0
2025/3/6 18:28,什么时候也不能相信美国，时刻准备着斗争,0
2025/3/6 18:30,我打不过你。但我不服你[捂脸],1
2025/3/6 18:37,中国要做好万全准备。,0
2025/3/6 18:41,开战美也许就垮了,1
2025/3/6 18:49,如果祖国需要！????????,0
2025/3/6 18:50,好好爱护自己的国民才会战无不胜[比心],0
2025/3/6 18:50,老头性格大变,0
2025/3/6 18:54,你想第一，我想超级第一[呲牙],0
2025/3/6 19:02,说的真客气！,0
2025/3/6 19:02,吓唬谁,1
2025/3/6 19:02,看着中国人民过上好日子，美帝国主义难受的狠。,0
2025/3/6 19:03,大漂亮：明牌!我还没准备好，但是你得让我准备准备[捂脸],0
2025/3/6 19:03,[比心],0
2025/3/6 19:04,多跟他讲道理,0
2025/3/6 19:04,祖国需要我，我不会退半步,0
2025/3/6 19:06,疯了，彻底的疯了。还是要做最后的挣扎[衰],1
2025/3/6 19:09,中国军强！！者国强！致敬中国军工军备！！！,0
2025/3/6 19:09,以战止战！,0
2025/3/6 19:10,大门随时为你敞开,0
2025/3/6 19:11,[哈欠][哈欠],0
2025/3/6 19:14,[发呆],0
2025/3/6 19:14,打“过”了，都怕。,0
2025/3/6 19:14,该扩军了吧,0
2025/3/6 19:15,[捂脸][捂脸][捂脸][捂脸],0
2025/3/6 19:16,阳奉阴违的美国,1
2025/3/6 19:17,万众一心众志成城，对抗敌人,0
2025/3/6 19:19,完咯～下一次，遇到的是武装到灵魂的霉菌。,1
2025/3/6 19:19,不要试图对领导友好。,1
2025/3/6 19:19,是不是全疯了，好日子不过，喜欢打仗路过[感谢][感谢][感谢][感谢],1
2025/3/6 19:20,那就打，中国人民不怕战争[发怒],1
2025/3/6 19:21,开始,0
2025/3/6 19:22,有用的上我也上,0
2025/3/6 19:23,明确一点看清世界！一山不容二虎！,1
2025/3/6 19:23,生死看淡，不服来战，当今世界，谁怕谁。[赞][赞][赞][赞][赞][赞][赞],1
2025/3/6 19:23,千日练兵时刻紧记做好防备有备无患,0
2025/3/6 19:24,趁早,1
2025/3/6 19:24,中国也要做好准备,0
2025/3/6 19:25,要是他打得赢早就动手了,1
2025/3/6 19:25,我们才是战斗民族，来吧，早晚的事！！,1
2025/3/6 19:25,美国急了,0
2025/3/6 19:25,我想去三八线浪[捂脸][捂脸][捂脸],0
2025/3/6 19:26,若有战，召必回！,0
2025/3/6 19:27,看来不打不行了,1
2025/3/6 19:27,特朗普想玩更大的[捂脸],0
2025/3/6 19:28,放马出来吧， 保证你老美后悔来不及！,1
2025/3/6 19:29,万众一心众志成城，对抗敌人,0
2025/3/6 19:29,只有智能信息化部队才能给美军拉开距离,0
2025/3/6 19:31,要想复兴可能只有战争这条路，世界哪个国家都一样,1
2025/3/6 19:32,麦克阿瑟换李奇微。,0
2025/3/6 19:34,你一定要相信，在通往复兴的道路上，一定会有一战！,0
2025/3/6 19:34,我第一个虽然我不怎么行，我冲锋,0
2025/3/6 19:36,一颗心??，两手准备[一起加油],0
2025/3/6 19:36,我们好像也从来没想过就这么顺利崛起，善战才能避战,0
2025/3/6 19:37,我重仓中兵红箭。,0
2025/3/6 19:38,[比心][比心][比心][比心][比心][抱抱你][抱抱你][抱抱你][抱抱你][流泪],0
2025/3/6 19:38,犯我中华斩草除根,1
2025/3/6 19:38,[强壮][强壮][强壮][强壮][强壮][强壮][强壮][强壮][强壮][强壮][强壮][强壮][强壮][强壮][强壮][强壮],0
2025/3/6 19:39,那就来！若有战召必回[赞],0
2025/3/6 19:39,"世界如此不太平 我们还需要打造最精锐
武器  才能惧怕我们",1
2025/3/6 19:40,中国坚决奉陪到底！,0
2025/3/6 19:40,有多好？,1
2025/3/6 19:42,应该全面备战。,0
2025/3/6 19:42,[捂脸],0
2025/3/6 19:49,那就来呗,0
2025/3/6 19:49,[赞][赞][赞][比心][比心][爱心][爱心][鼓掌][鼓掌],0
2025/3/6 19:53,我查看许多历史，打仗还是亚洲人厉害，,0
2025/3/6 19:55,????????????????????????????????,0
2025/3/6 19:57,老梅?,0
2025/3/6 19:57,[发呆][发呆][发呆],0
2025/3/6 19:57,该扩军了，我愿意为国而战,0
2025/3/6 19:58,开战,1
2025/3/6 19:59,我们中国人民也做好了打战的准备，不怕美帝国主义,0
2025/3/6 20:00,机器士兵合成旅赶紧上。,1
2025/3/6 20:01,来呀，互相伤害呀[泪奔][泪奔],1
2025/3/6 20:05,生死看淡，不服来战，当今世界，谁怕谁。[赞][赞][赞][赞][赞][赞][赞],1
2025/3/6 20:06,这是实弹射击[赞][赞][赞][赞][赞],0
2025/3/6 20:07,重建军队不是说说就能办到的。,0
2025/3/6 20:09,上下5千年，足够证明我们才是战斗民族,1
2025/3/6 20:09,这就是在备战,0
2025/3/6 20:11,中国一直在发展，忍你很久了[发怒][发怒][发怒],1
2025/3/6 20:14,打不得是什么意思,0
2025/3/6 20:14,干,1
2025/3/6 20:17,#[呲牙],0
2025/3/6 20:20,我觉得你应该冷静思考在低谷的时候是谁给了你勇气,0
2025/3/6 20:21,叫美国这小子出来练练[灵机一动],1
2025/3/6 20:21,狼与羊,0
2025/3/6 20:23,老美很牛鼻吗[捂脸],1
2025/3/6 20:23,和平不易,0
2025/3/6 20:25,老特一急动，就倒下，侰万卡上任！[捂脸],1
2025/3/6 20:25,不敢了[捂脸][捂脸][捂脸],0
2025/3/6 20:28,美国害怕才这样说[赞][赞][赞][赞],1
2025/3/6 20:33,对面抽疯了啊,1
2025/3/6 20:33,开始吧,0
2025/3/6 20:34,老美中指??都干到脸上了[笑哭]你能咋[捂脸][捂脸],1
2025/3/6 20:35,美天上卫星全切断轻标拿下,1
2025/3/6 20:37,交手多次美以败告终,0
2025/3/6 20:38,美国果然是世界上最不稳定的因素,1
2025/3/6 20:38,霸气十足！看得我热血沸腾的！决定送我老公去当兵！！！,0
2025/3/6 20:40,你敢来我就敢打，谁怕谁,1
2025/3/6 20:42,我只有一个问题，他们连高超音速武器都没有，哪儿来胆子的[捂脸],1
2025/3/6 20:43,时刻准备着,0
2025/3/6 20:45,打不得。[捂脸][捂脸][捂脸][捂脸][捂脸][捂脸],0
2025/3/6 20:46,干了他[赞][赞][赞][赞][赞][赞][赞][赞][赞],1
2025/3/6 20:50,[感谢][感谢][感谢][感谢][感谢],0
2025/3/6 20:50,[赞][赞][赞],0
2025/3/6 21:00,堪忧,0
2025/3/6 21:01,应该霸气回应：无论什么战争都奉陪到底！,1
2025/3/6 21:01,[赞][爱心][鼓掌][鼓掌][赞][赞][爱心][一起加油][一起加油],0
2025/3/6 21:04,强盗听不进去道理,1
2025/3/6 21:06,加强军队建设，强化军人本色,0
2025/3/6 21:06,我一个女的隔着手机屏幕都对你起了杀心[打脸][打脸][打脸],1
2025/3/6 21:08,天天给我们较啥劲了,1
2025/3/6 21:13,兵来将挡水来土掩，怕啥！,0
2025/3/6 21:16,有信心，14亿对3亿[呲牙],1
2025/3/6 21:19,如果胆敢攻击我们的本土，我们也应该毫不犹豫的打击攻击国的本土,1
2025/3/6 21:19,就这充满“智慧”的小眼神，你说有几个美国大兵给他卖命？,1
2025/3/6 21:21,氛围都搞到这了，不碰下。估计对不起观众吧[捂脸][捂脸][捂脸],0
2025/3/6 21:21,在你将为战争做好准备时，我们早已做好了战争准备，一切都在掌握之中,1
2025/3/6 21:22,时刻准备着！,0
2025/3/6 21:22,无论是冷战，还是热战，奉陪到底[强壮],1
2025/3/6 21:23,我们不怕死啊，想不想来战争。,1
2025/3/6 21:24,[感谢][赞],0
2025/3/6 21:26,美国从白雾长成抽身出来了,0
2025/3/6 21:26,敌人的话要反着听。,1
2025/3/6 21:27,那就一起做生意一起发展就好了 和气生财  不打仗[送心],0
2025/3/6 21:27,想动手了,1
2025/3/6 21:28,我们中国人比较团结，随时奉陪[呲牙],0
2025/3/6 21:29,对付海盗就是要拔枪比他快！！ [感谢],0
2025/3/6 21:30,好战分子,1
2025/3/6 21:30,终于看到一个本家姓的[捂脸],0
2025/3/6 21:31,虚假视频,1
2025/3/6 21:35,美俄联手很明显,0
2025/3/6 21:39,中国不惧怕世界上任何国家。,0
2025/3/6 21:39,[赞][赞][赞][赞][赞][赞]这因现在我们有了大炮，更有了钢铁意志……,0
2025/3/6 21:39,开战我第一个参战,1
2025/3/6 21:40,[一起加油][一起加油][一起加油][一起加油][一起加油][一起加油][一起加油][一起加油][一起加油][一起加油][一起加油],0
2025/3/6 21:40,无论是冷战还是热战，都奉陪到底一定赢[赞][赞][赞],0
2025/3/6 21:45,谁怕谁呀又不是没打过,1
2025/3/6 21:45,中国人并不是害怕长大的，有来无往，非礼也！！！[微笑][微笑][微笑],0
2025/3/6 21:46,我们就是要打掉美国的霸凌主义,1
2025/3/6 21:46,中国????奉陪到底[感谢][感谢][感谢][感谢][感谢][感谢],0
2025/3/6 21:48,[赞][赞][赞][赞][赞][赞][赞][赞][赞],0
2025/3/6 21:49,[赞][赞][赞][赞][赞][赞][赞]早准备好了,0
2025/3/6 21:49,我们的决心就是消灭一切来犯之敌,1
2025/3/6 21:50,狭路相逢勇者胜,0
2025/3/6 21:52,他说变就变，观其行,0
2025/3/6 21:55,我也参战[赞][赞][赞][赞][赞][赞][赞][赞][赞][赞][赞][赞][赞],1
2025/3/6 21:55,你娃娃太年轻了,0
2025/3/6 21:55,眼疾手快，心狠手辣，先下手为强，一定要记住这几个字[鼓掌][鼓掌],1
2025/3/6 21:56,16年都没打，现在漂亮国给他10过胆子都不敢来，这9年发展很快的[捂脸],0
2025/3/6 21:57,美国人好活的过头了，不想过富裕生活了。,1
2025/3/6 21:58,谁会打仗？见过刹刀见红吗？,1
2025/3/6 21:58,美国就是纸老虎,1
2025/3/6 22:00,本人失业了 若战争在即 报效祖国是我唯一的路????,0
2025/3/6 22:01,霸气侧露       不惹事  也不怕惹事[赞][赞],0
2025/3/6 22:01,无论是冷战还是热战，我们都会奉陪到底，坚决消灭一切来范之敌！,1
2025/3/6 22:01,只要说打仗 我们义无反顾[鼓掌][鼓掌][鼓掌]都很兴奋,0
2025/3/6 22:03,主要是通过这几年把老美摸透了[看],0
2025/3/6 22:04,现在大力发展农业 以后发生战争后方供给才会不虚,0
2025/3/6 22:06,中国????一定胜利。加油加油加油加油加油加油加油[赞][赞][赞][赞][赞][赞][赞][赞][赞][赞][赞][赞][赞][赞][赞][赞][赞][赞][赞][赞][赞][赞][赞][赞][赞][赞][赞][赞][赞][赞][赞][赞][赞],0
2025/3/6 22:07,欢迎真理评判,0
2025/3/6 22:08,一战二战美国都没有第一个参加活动，都是有致命一击才会去，乘人之危,0
2025/3/6 22:08,美国敢就来，来就死,1
2025/3/6 22:08,干不干，要是干我明天去驾校给教练个大比兜,1
2025/3/6 22:09,为祖国而战[赞][赞][赞]为人民而战,0
2025/3/6 22:10,为什么不说我等着你？,1
2025/3/6 22:10,汽车厂全部生产火箭??。解决汽车过剩问题。,0
2025/3/6 22:10,直接打回原形，让他回到第三世界。,1
2025/3/6 22:11,野心勃勃的是你们[打脸][打脸][打脸],1
2025/3/6 22:11,必须霸气[赞][赞][赞][赞],0
2025/3/6 22:13,太久没打战了[抠鼻],0
2025/3/6 22:14,应该说我们时时刻刻都准备着,0
2025/3/6 22:14,语言气势上就输了。,0
2025/3/6 22:15,怕了,1
2025/3/6 22:16,特朗普好激动[捂脸][捂脸][捂脸],0
2025/3/6 22:17,美國開始明白和平的重要性了，戰爭只會帶來傷害。希望世界永遠和平[赞],0
2025/3/6 22:18,已经战备了，时刻准备着。,0
2025/3/6 22:19,战及到，到及灭，让你有来无回，中国男儿从不言谈[比心][比心][比心][比心][比心][比心][玫瑰][玫瑰][玫瑰],0
2025/3/6 22:20,打打打，闲着才是闲着。[呲牙][呲牙][呲牙][呲牙][呲牙][呲牙][呲牙][捂脸],1
2025/3/6 22:21,如要打，必将烧焦美本土,1
2025/3/6 22:21,应该说，无论冷战还是热战，只要美方敢于挑起，我们必将奉陪到底！,1
2025/3/6 22:22,显然不是好时机。,0
2025/3/6 22:23,[捂脸]美国打战不行 怂恿他人是一流的,1
2025/3/6 22:23,"什么时候怕过
[炸弹][炸弹]美国，????
奉陪到底",1
2025/3/6 22:24,@,0
2025/3/6 22:24,[感谢],0
2025/3/6 22:24,养兵千日，用兵一时。,0
2025/3/6 22:24,广西狼兵申请出战,0
2025/3/6 22:24,是不是真的有太空武器？,0
2025/3/6 22:25,信心这么足今年废掉老美,1
2025/3/6 22:27,中国是世界第一强国,0
2025/3/6 22:28,这一仗一定要打到侵犯者肝疼才行,1
2025/3/6 22:28,打,1
2025/3/6 22:28,有机器人就够了[看][看][看][看],0
2025/3/6 22:30,冷战是指常规，热战是指热核[泪奔],0
2025/3/6 22:30,@梨子?? 这一天等了好久了，三战也是大同世界之战，二战解决不了的三战来解决，几十亿??……,1
2025/3/6 22:30,????????应避免战争。,0
2025/3/6 22:31,和平才是最好的,0
2025/3/6 22:32,冷战是指常规，热战是指热核[泪奔],0
2025/3/6 22:33,我53，我愿以身挡在子弟兵面前，让他们活着多杀敌[强壮],0
2025/3/6 22:36,特朗普不是要和平吗，怎么食言了,0
2025/3/6 22:37,好久没干架了.[呲牙],1
2025/3/6 22:37,万众一心，打倒美帝,1
2025/3/6 22:37,打吧,1
2025/3/6 22:37,平时很多省都说自己的省军人很优秀，很能打，这次表现的机会来了。,0
2025/3/6 22:37,随时奉陪[抠鼻]，中国不好站，但是也不怕战争[看],1
2025/3/6 22:38,是时候亮剑啦,1
2025/3/6 22:38,[赞][赞][赞],0
2025/3/6 22:38,任何时候都不要相信美国,1
2025/3/6 22:38,不打没把握的仗[比心],0
2025/3/6 22:39,占领美地   插五星红旗????,1
2025/3/6 22:39,若要打，请允许我上前线,0
2025/3/6 22:39,切！谁怕谁，我们也做好了准备[看],1
2025/3/6 22:39,一省站一国，让我大安徽冲锋,0
2025/3/6 22:40,打仗80后先上，我们的牺牲是为了后代更好的活着,0
2025/3/6 22:40,为国家而战，80后起步的都做好准备了,0
2025/3/6 22:41,战争是很残酷的,0
2025/3/6 22:41,这让你们说的，坚决奉陪到底[拳头][拳头],1
2025/3/6 22:42,我原为国而战，,0
2025/3/6 22:43,先是美国  还别忘了进入我们中国的那8个强盗,1
2025/3/6 22:43,川军第一个冲,0
2025/3/6 22:43,江苏3月8号起将放假两天，为后续更好的作战做准备！,0
2025/3/6 22:43,打的我第一个参加,0
2025/3/6 22:44,美帝不见棺材不掉泪，他们正在酝酿中，需高度提防了。,1
2025/3/6 22:44,战战战！中国人不怕战争。,1
2025/3/6 22:44,要发枪了吗,1
2025/3/6 22:45,一寸山河一寸血，即使再怕，也要保家卫国，有国才有家。,0
2025/3/6 22:45,资本家会上吗,0
2025/3/6 22:45,打倒美国帝国主义[灵机一动],1
2025/3/6 22:46,先下手为强,1
2025/3/6 22:47,就十二三类时候摸过两次土枪（兔子枪）还木有摸过中国造类，想去试试类,0
2025/3/6 22:47,我们时刻准备着，谁怕谁[一起加油],0
2025/3/6 22:47,国家利益高于一切，我永远热爱我的国家！,0
2025/3/6 22:48,有文化来给我解释一下嘛，是啥意思？是随时会打仗的意思嘛[捂脸],0
2025/3/6 22:48,已经做好为国捐躯准备,0
2025/3/6 22:48,为战争做好准备？,1
2025/3/6 22:49,中国人民已经站起了，现在不惧怕任何国家了,0
2025/3/6 22:49,人不犯我我不犯人，人若犯我忍无可忍无须可忍，我们祖国我们一起去守护。,0
2025/3/6 22:49,不能相信特朗普。,0
2025/3/6 22:49,中国人要生存发展，必须要战斗,1
2025/3/6 22:49,如果有战争 我一定上前线,0
2025/3/6 22:49,美国急了，花无百日红,0
2025/3/6 22:50,可以大声告诉美帝国主义，我们奉陪到底！！！！,1
2025/3/6 22:50,美国本土还没经历过战争洗礼吧,1
2025/3/6 22:51,让全世界都找不到美国,1
2025/3/6 22:51,只有充分准备才能避免各种意外[赞],0
2025/3/6 22:51,覆巢之下安有完卵？如果发生战争，14多亿中华儿女团结一心，众志成城，狠狠地打，一直打到完全胜利[发怒],1
2025/3/6 22:51,如果祖国需要我可以随时走丢,1
2025/3/6 22:52,我是军人后代！若有战！必召回！,0
2025/3/6 22:52,怎么打不得？想打随时奉陪。,1
2025/3/6 22:52,应该说：无论是什么站都奉陪到底！,0
2025/3/6 22:52,让他们去游戏里模拟作战,0
2025/3/6 22:52,如果开战，我希望是科技之战，我希望从技术上超越他们！,0
2025/3/6 22:53,不如一句话取齐，随时奉陪。,1
2025/3/6 22:53,我一普通人站在旁边就可以了,0
2025/3/6 22:53,我要上战场[奋斗][奋斗][奋斗][奋斗][奋斗],0
2025/3/6 22:53,"李嘉诚最近出手了外国所有港口
看来三战越来越近了",1
2025/3/6 22:54,关键是后一句让全国人民放了心,0
2025/3/6 22:54,看来形势不太好呀，得减肥了恢复体能了。,0
2025/3/6 22:54,中华民族万岁，中国人民万岁，愿为祖国冲锋,0
2025/3/6 22:54,发展农业是为了准备[泣不成声][泣不成声],0
2025/3/6 22:55,打吧,1
2025/3/6 22:55,我一女的都愿意上前线。,0
2025/3/6 22:55,什么意思？谁给解释一下,0
2025/3/6 22:55,打倒一切资本主义，如果战争我先从我最近的资本主义打起,1
2025/3/6 22:56,如果祖国需要，让我这种费物先上，人才靠后专心搞科技,0
2025/3/6 22:56,我负债累累，我去冲锋陷阵[比心],0
2025/3/6 22:57,有仇报仇有怨报怨,1
2025/3/6 22:57,如果祖国须要，我愿上前线指挥,0
2025/3/6 22:57,纸老虎罢了,1
2025/3/6 22:57,永远不要相信美国,1
2025/3/6 22:58,"想起了之前的一句话,发明各种各样的武器总会有一天会派上用场[捂脸]",1
2025/3/6 22:59,如果开战，我愿意当后勤部部长坐落在大本营指挥大家。,0
2025/3/6 22:59,有宝宝的人，不希望有战争！希望孩子生活在和平年代！,0
2025/3/6 23:00,如果开战，我愿把我银行卡里的所有钱捐给祖国,0
2025/3/6 23:00,@zz?? @嗯,0
2025/3/6 23:00,我让我侄子都去参军，时刻准备着。保卫国家，才是更好的保护家庭，保护自己爱的人。,0
2025/3/6 23:01,我已准备好了，只要国家有需要，我必全力以赴冲啊[抠鼻],0
2025/3/6 23:01,如果开战，我愿把我银行卡里的所有钱捐给祖国,0
2025/3/6 23:01,美帝国想死了,1
2025/3/6 23:03,如果开战 我一定冲锋陷阵,0
2025/3/6 23:04,有幸参加。脱了一层皮。打仗真不怕。无怨无悔,0
2025/3/6 23:04,美国最喜欢?热闹的国家其一大国形像卖武器俄乌战争卖那么多武器卖得很多钱,1
2025/3/6 23:05,顺其自然,0
2025/3/6 23:10,为什么我会颤抖，你以为我是在害怕？其实我是兴奋啊！,0
2025/3/6 23:10,人固有一死，或重于泰山或轻于鸿毛，若有战，吾义不容辞！,0
2025/3/6 23:12,渴望和平怕了[泪奔],0
2025/3/6 23:13,纸老虎老美,1
2025/3/6 23:13,美国人民不会为了美利坚战斗，但是中国人会为了中华民族战斗的,1
2025/3/6 23:14,美国老，不要跳,1
2025/3/6 23:16,如果战争来临，我愿意上一线，太累了，为国捐躯做点唯一还能奉献的事,0
2025/3/6 23:16,我四川人很穷，但是愿意冲锋在前！,0
2025/3/6 23:17,小看祖国的人，都会自食恶果！……祖国加油[赞][赞][赞][赞][赞][赞][赞][赞],0
2025/3/6 23:19,虽未参军，却也同行,0
2025/3/6 23:22,@弒 有儿紧张啵，我不知道熬到我毕业去检兵[感谢][感谢][感谢],0
2025/3/6 23:23,7代机是时候出来了[得意],0
2025/3/6 23:26,我做制造业的.随时可以全部设备制造军备,1
2025/3/6 23:29,如果不得以发生S3，那我们一定要让世界各地原住民管理各地。,1
2025/3/6 23:31,从1840开始，100多年了！我都觉得好兴奋啊！！！,0
2025/3/6 23:35,是时候让全世界看看熊猫真正的实力了[绿帽子]！7代机出来吧[酷拽],1
2025/3/6 23:36,若有战，召必回！,0
2025/3/6 23:37,美国之前不是说必有一战吗[捂脸],0
2025/3/6 23:42,放出来完整的视频和翻译  不要只放一段视频,0
2025/3/6 23:42,只要祖国需要，我毫不犹豫挺身而出，干就完了[赞],0
2025/3/6 23:48,不要打仗,0
2025/3/6 23:50,生死看淡，不服就干！啊啊啊太兴奋了干,1
2025/3/6 23:51,原来很多国企都进驻农业了。[泣不成声],0
2025/3/6 23:52,我的天啊，别打仗[捂脸],0
2025/3/6 23:52,随时奉陪[赞]，中国不好站，但是也不怕战争[666],0
2025/3/6 23:53,如果开战 我愿意去前线当志愿军为战士们烧饭做菜[捂脸],0
2025/3/6 23:54,够胆就来，身为华夏人愿为国牺牲,0
2025/3/6 23:54,如果祖国需要，我愿意为国远征！,0
2025/3/6 23:55,第二批8艘055大躯就要陆续出来，004航母也在建造中，对于热战越来越稳,0
2025/3/6 23:55,如果打仗，有需要的时候我愿意为国家献出自己生命。我确定。,0
2025/3/6 23:56,如果开战，那些人应该先上？,1
2025/3/6 23:57,是时候该亮剑了,1
2025/3/6 23:57,削他,1
2025/3/6 23:58,@詹仕: 机器士兵合成旅赶紧上。,1
2025/3/6 23:58,30多岁活的乱七八糟一身负债 如果真要开战 愿意冲在第一线 为国捐躯或许是我这一生最高光的时刻了,0
2025/3/6 23:59,如果战争降临，我能为国家做点什么？,0
2025/3/7 0:00,我40，如有战，今年我报名参军,0
2025/3/7 0:00,川普在，此战必打,1
2025/3/7 0:06,我愿意保家卫国 当兵上前线。,0
2025/3/7 0:06,如果祖国需要我 我立马去 没有当兵是我的遗憾。,0
2025/3/7 0:07,看来我女儿生对年代了,0
2025/3/7 0:07,今年40了，只要祖国需要，愿意献出全部,0
2025/3/7 0:07,我们就站在这里，就等着它们来，我们意思是这样的吗,0
2025/3/7 0:08,如果开战，我自愿带领一个团的兵打头阵[看],0
2025/3/7 0:08,全民加入[碰拳]     谁怕谁,1
2025/3/7 0:09,如果开战 我愿意去前线为战士们煮饭做菜[捂脸],0
2025/3/7 0:10,现在挣钱不容易，想出头更不容易，想搏一搏了，我愿意上。,0
2025/3/7 0:10,如果真要开战，我愿意为国奉献自己的一份力量，去当浙江省省长[一起加油],0
2025/3/7 0:10,送他四个大字，奉陪到底,1
2025/3/7 0:10,美国人说话永远不要相信,1
2025/3/7 0:11,如果开战，我愿意为国为家为子孙后代冲在前线,0
2025/3/7 0:12,如果你们上站场了，我会照顾好那些孩子，等你们平安归来，一个个接,0
2025/3/7 0:15,干上一干嘛,1
2025/3/7 0:16,我们也不寻求开战  我们只寻求巴拿马运河以及几百个港口加上土澳资源,1
2025/3/7 0:17,真到那时，我会义无反顾上战场，我身后有我的孩子们，拼死也要保护他们!,0
2025/3/7 0:17,他们已经忘了抗美援朝战争了，,0
2025/3/7 0:18,@高冷的呆呆鱼,0
2025/3/7 0:19,当狼准备攻击你的时候，是不动声色的。做好防范以防狼咬。,1
2025/3/7 0:19,老一辈说过：中国人是惹不得的，惹急了是不好办滴,0
2025/3/7 0:19,热血男儿 直到死亡 美国活的太久了,1
2025/3/7 0:21,他什么意思啊？美国要干啥啊？[尬笑][尬笑][尬笑],0
2025/3/7 0:21,不好战，也不怕战，放马过来[强壮][强壮][强壮],0
2025/3/7 0:21,我愿意去前线,0
2025/3/7 0:21,个人以为，但凡一个师登陆美洲大陆，那就是不可逆转[机智],0
2025/3/7 0:21,想看一下美帝的血条[泪奔],1
2025/3/7 0:22,纸老虎永远是纸老虎,1
2025/3/7 0:25,不要相信美国的糖衣炮弹，国防才是和平的基础,0
2025/3/7 0:26,这话题我10几年前就看过了,0
2025/3/7 0:27,如果开战，目标精准万弹齐发，美丽国还没反映过来，大获全胜，战争结束！,1
2025/3/7 0:27,老美你才做准备着啊，我们早就时刻准备着了[捂脸],1
2025/3/7 0:28,我不想打仗，只想平平淡淡的生活就可以了,0
2025/3/7 0:28,湖南省这边，已经做好准备,0
2025/3/7 0:29,我们中国人已经想打仗很久了！怕个啥，敢来我们中国人民就会立马团结起来打！,1
2025/3/7 0:29,@小新?: 过去是由杜鲁门，以后是由艾森豪威尔，或者美国将来的什么总统，由他们去决定，就是说他们要打多久就打多久，一直打到完全胜利。,0
2025/3/7 0:30,过去是由杜鲁门，以后是由艾森豪威尔，或者美国将来的什么总统，由他们去决定，就是说他们要打多久就打多久，一直打到完全胜利。,0
2025/3/7 0:30,如果要是上热战场我一定报名,0
2025/3/7 0:30,两大国开打就是世界性灾难。,0
2025/3/7 0:31,不怕战争 不畏战争 时刻准备着 中华儿女时刻准备着为名族而战,0
2025/3/7 0:32,我一个干餐饮的，操着国际战况得心，硬把抖音刷成了军事频道[尬笑],0
2025/3/7 0:33,快点,0
2025/3/7 0:35,以前的世界是个比武台，现在是个戏台,0
2025/3/7 0:35,我18周了初中没毕业也想当兵咋办,0
2025/3/7 0:36,办它  那哪有那些毛病,1
2025/3/7 0:37,大国之间的博弈，明争暗斗五花八门[尬笑],0
2025/3/7 0:37,美国人民不会为了美利坚而战，但是中国人民会为了中华民族而战的,0
2025/3/7 0:38,试一试吗？对不对？不试怎么知道呢？,0
2025/3/7 0:39,若有战我绝对辞职回家种田搞农业，做好后勤补给，全力支持[强壮],0
2025/3/7 0:39,我老公可以无条件服从命令,0
2025/3/7 0:39,是时候验证一下咱们武器库的成色了！,0
2025/3/7 0:41,90后请求出战,0
2025/3/7 0:41,战略上蔑视敌人，战术上重视敌人。不打无准备之仗，不打无把握之仗。知己知彼，方能百战百胜。[赞][赞][赞][赞],0
2025/3/7 0:41,之前抽十块的最近都抽二十多的烟了就为了多造点子弹[泣不成声],0
2025/3/7 0:41,00后申请出战,0
2025/3/7 0:42,还记得吗 我们的导弹指哪打哪 还没啥子可以拦截,1
2025/3/7 0:43,美国人心里也犯嘀咕，它没有打过这么厉害的,0
2025/3/7 0:43,战略上蔑视敌人，战术上重视敌人。不打无准备之仗，不打无把握之仗。知己知彼，方能百战百胜。[赞][赞][赞],0
2025/3/7 0:46,[捂脸][捂脸][捂脸]他怕输了,0
2025/3/7 0:47,美国不要在我想赚钱的时候搞事情啊[微笑],0
2025/3/7 0:47,之前抽十块的最近都抽二十多的烟了就为了多造点子弹[泣不成声][不看][不看],1
2025/3/7 0:47,90后  申请出战,0
2025/3/7 0:48,没当过兵但是操控机械很在行，马力开足生产无人机，只要开放无人机售卖我卖家当也要凑足 50 架战斗机群奔赴前线,0
2025/3/7 0:48,民兵也是兵，若有战召必应！,0
2025/3/7 0:49,90后申请出战[灵机一动],0
2025/3/7 0:50,天天看抖音，吃零食,0
2025/3/7 0:57,新华社电: ..................,0
2025/3/7 1:05,07老兵请求归队,0
2025/3/7 1:06,激动的我，想到马上生仔，送去入伍[发怒],1
2025/3/7 1:08,好的，送我老公去当兵,0
2025/3/7 1:13,感觉他有点慌,0
2025/3/7 1:16,奉陪到底，建功立业的时候到了，还要人不，我都30岁了,0
2025/3/7 1:21,两个国家地理决定了  直接开战几率太小了。,0
2025/3/7 1:27,我们中国13.14亿人，[呲牙],0
2025/3/7 1:28,我们又不是怕，只是希望世界和平，敢来就敢打,1
2025/3/7 1:31,他敢打，就让他美方知道我国的威慑力,0
2025/3/7 1:31,我准备好了,0
2025/3/7 1:33,这货甚至说不出任何一个东南亚国家的名字，稳了[捂脸],1
2025/3/7 1:34,多少年了这次才看出来中国是不怕所有国家的不服就干[赞][赞][赞][赞][赞][赞],1
2025/3/7 1:34,生在红旗下，长在春风里，捍卫伟大祖国和人民，我辈义不容辞！时刻准备着！,0
2025/3/7 1:34,一忍再忍～无需再忍～忍无可忍～不想再忍，,1
2025/3/7 1:40,好的，送我老公去当兵,0
2025/3/7 1:40,打起来了，我愿意上前线为国家贡献,0
2025/3/7 1:40,城市兵先上,1
2025/3/7 1:42,中国人不挑事不惹事，事来了不怕事[赞][赞][赞],0
2025/3/7 1:44,冷战就是冷暴力哇，让我男朋友上吧，最喜欢冷战了,1
2025/3/7 1:50,要是真打起来，安排我女友去前线，她爱指挥,1
2025/3/7 1:51,我无牵无挂。国家有需要。哪怕去做饭。我都义不容辞,0
2025/3/7 1:51,我一个干餐饮的，操着国际战况得心，硬把抖音刷成了军事频道[尬笑],0
2025/3/7 1:54,弄了玩管他的小普就这样,1
2025/3/7 1:54,好家伙，结束了俄乌冲突又打算开启另一场冲突是吧,1
2025/3/7 1:54,是该和美国掰手腕.,0
2025/3/7 2:01,应该回复他 奉陪到底,1
2025/3/7 2:01,我请求即刻返回原部队,0
2025/3/7 2:08,不做任何幻想，我们已经有觉悟了有底气敢于击退一切来犯之敌[抱拳][抱拳][抱拳],0
2025/3/7 2:11,如果真有那天老婆子我尽我所能能干点啥就干啥决不当汉奸。,1
2025/3/7 2:14,不要打战了，无论是美国平民还是中国平民又或者是军人，都是普通希望过平凡日子的普通人,0
2025/3/7 2:15,在我有生之年终于赶上了 没有遗憾了 干就完了,0
2025/3/7 2:20,"不打他们还是""世界第一""，打了就不一定了[捂脸]",1
2025/3/7 2:20,到底打不打？,0
2025/3/7 2:38,那我们是不是可以说，我们爱护和平，我们也同样为战而战,0
2025/3/7 2:40,小美还以为他是老美吗？[看][看][看][看],1
2025/3/7 2:42,川军时刻准备着来战，古人云：倭寇驱尽日，我儿还家时,0
2025/3/7 2:48,如果真的开展了 我随时可以去前线 为国家为人民出一份力[灵机一动],0
2025/3/7 2:52,我懒人一个，如果国家需要，我会上,0
2025/3/7 2:53,六代价鸡首飞。军工大爆炸。。各种新式武器亮相。。现在我们好想试试威力。。,1
2025/3/7 2:54,如果真打起来，本人绝不退缩。,1
2025/3/7 2:55,我是女人，我将为国家多生孩子。保持民族战斗力,0
2025/3/7 3:00,本人很荣幸参加过，直10、直20，歼十，歼二十，歼三十五，以及辽宁舰，山东舰，福建舰，四川舰等的评论以及点赞工作,0
2025/3/7 3:03,我猜是不是最近美股跌的太狠了，嫉妒了吧,1
2025/3/7 3:03,所以黄金还会升值吗,0
2025/3/7 3:05,带路,0
2025/3/7 3:06,我们90后先上[流泪],0
2025/3/7 3:10,他们打的是经济战,0
2025/3/7 3:17,打吧,1
2025/3/7 3:18,谁爱去谁去,1
2025/3/7 3:35,做好准备啥意思,0
2025/3/7 3:43,谁怕谁！好玩呢！,0
2025/3/7 3:48,做好一切抵抗来犯之敌,1
2025/3/7 4:02,几号开打,0
2025/3/7 4:04,我们又不是怕，只是希望世界和平，敢来就敢打,1
2025/3/7 4:17,中国不是吓大的，美国最好收回这一套,1
2025/3/7 4:28,无论是冷战，还是热战，奉陪到底！我们怕过谁,1
2025/3/7 4:30,房价会不会涨？,0
2025/3/7 4:41,听从党的召唤,0
2025/3/7 4:48,美丽国政客都疯了,1
2025/3/7 4:52,无论是冷战，还是热战，奉陪到底！,1
2025/3/7 4:52,保卫和平世界要强国复兴大道,0
2025/3/7 4:54,我们中国希望和平，不想要战争，但是你们你们美国人逼着我们要战争，那我们奉陪到底，拿起武器跟对抗，你们想打多久，我们就奉陪到底打多久,1
2025/3/7 5:00,美帝国主义是纸老虎,1
2025/3/7 5:06,打起来了我想去参加怎么报名我要保家卫国[拳头],1
2025/3/7 5:11,测试一下也不是不可以，看看大家的新发明究竟实用度高不，点到即止,0
2025/3/7 5:12,我一个保守派都觉得现在的激进派太保守了,0
2025/3/7 5:19,[赞][赞][赞][赞][赞][赞][赞][赞][赞],0
2025/3/7 5:25,提高警惕，准备打仗。这句口号必须落到实处。,0
2025/3/7 5:31,特朗普上台，全世界惹事[呲牙],1
2025/3/7 5:31,提高警惕，加强军队建设！,0
2025/3/7 5:32,提高警惕，准备打仗。这句口号必须落到实处。,0
2025/3/7 5:34,我们不想打仗，但我们早做好了准备！,0
2025/3/7 5:39,我已经做好准备了,0
2025/3/7 5:40,加强军队建设！,0
2025/3/7 5:41,让我们5060的上吧！5060的人多！,0
2025/3/7 5:44,无论是冷战，还是热战，奉陪到底[强壮],1
2025/3/7 5:54,霸气十足！看得我热血沸腾的[赞][赞][赞][玫瑰][玫瑰][玫瑰],0
2025/3/7 5:54,无论是冷战还是热战，我们奉陪到底。,1
2025/3/7 5:55,无论是冷战还是热战，我们奉陪到底。,1
2025/3/7 5:55,我国说话越来越硬气[赞][赞],0
2025/3/7 5:56,霸气十足！看得我热血沸腾的！决定送我老公去当兵！！！,0
2025/3/7 5:57,太阳国等待的报仇机会终于到了[捂脸][捂脸][捂脸],1
2025/3/7 5:58,无论什么战，我们将奉陪到底,1
2025/3/7 6:03,前几天还在说缩军。,0
2025/3/7 6:03,干就干，谁怕谁？[赞],0
2025/3/7 6:06,霸气十足！看得我热血沸腾的！决定送我老公去当兵！！！[尬笑][尬笑],0
2025/3/7 6:07,谁怕谁，又胆量就放马过来。[灵机一动][灵机一动],1
2025/3/7 6:11,要打战了吗？,0
2025/3/7 6:11,霸气十足！看得我热血沸腾的[赞][赞][赞][玫瑰][玫瑰][玫瑰],0
2025/3/7 6:14,无论什么战，我们将奉陪到底,1
2025/3/7 6:16,展现个毛线,1
2025/3/7 6:17,当敌人示弱的时候一定要注意。,0
2025/3/7 6:21,霸气回应，人不犯我我不犯人，人若犯我，我必犯人,1
2025/3/7 6:24,任何人的军事冒险必将受到惩罚。,0
2025/3/7 6:27,30多岁活的乱七八糟一身负债 如果真要开战 愿意冲在第一线 为国捐躯或许是我这一生最高光的时刻了,0
2025/3/7 6:28,[赞][赞][赞]我九月份就去当兵，誓死保卫祖国领土完整，守护好万家灯火，强军有我，请党和人民放心,0
2025/3/7 6:29,军事跟中国较量  美国还真不行,0
2025/3/7 6:31,美国不敢的,1
2025/3/7 6:32,无论是“冷战”还是“热战”，美国人民不会为了美利坚战斗，但是中国人会为了中华民族战斗的。,1
2025/3/7 6:32,刚刚做梦打起来了，亲眼看到导弹划破天际[捂脸][捂脸][捂脸],0
2025/3/7 6:38,我们不好战，但也决不能惧战。,0
2025/3/7 6:39,什么时候才能够世界和平，老百姓安居乐业[感谢][感谢][感谢][感谢],0
2025/3/7 6:41,终于把祸水引入自已家里了,1
2025/3/7 6:50,终于看到打仗了,1
2025/3/7 6:56,为什么要视弱呢,1
2025/3/7 6:56,中国军人是战无不胜的，能够消灭一切来犯者，祖国万岁[赞][赞][赞][赞][赞][赞][赞][赞][赞][赞][赞][赞][赞][赞][赞][赞],0
2025/3/7 7:05,我是一名护士，如果战争我愿意上战场，,0
2025/3/7 7:06,谨慎！和平[感谢][感谢][感谢],0
2025/3/7 7:07,中国不好战，但也不怕战。,0
2025/3/7 7:12,中国不好战，但也不怕战。,0
2025/3/7 7:13,美国人民不会为了美利坚战斗，但是中国人会为了中华民族战斗的,1
2025/3/7 7:14,永远都不怕他们，你来我就出手，,1
2025/3/7 7:18,如果是打冷战，安排我老公上吧，他最会冷战了,0
2025/3/7 7:20,来吧，十四亿中国人不怕战,0
2025/3/7 7:21,如果是打冷战，安排我老公上吧，他最会冷战了,0
2025/3/7 7:22,中国历来是人不犯我我不犯人，人若犯我那就战到底！,0
2025/3/7 7:25,中国历来是人不犯我我不犯人，人若犯我那就战到底！,0
2025/3/7 7:26,美国人民不会为了美利坚战斗，但是中国人会为了中华民族战斗的！,1
2025/3/7 7:26,誓死保卫祖国领土完整，守护好万家灯火，强军有我，请党和人民放心，如果开战了，我要去当志愿兵帮战士们煮饭,0
2025/3/7 7:28,打得一拳开，免得百拳来，要打中国人是不怕的[赞],1
2025/3/7 7:29,我们不希望战争，但我们不惧怕战争,0
2025/3/7 7:29,中国人其实骨子里挺好战的，因为大家都肉眼可见的兴奋起来了！,1
2025/3/7 7:31,中国人其实骨子里挺好战的，因为大家都肉眼可见的兴奋起来了。[偷笑][偷笑][偷笑][偷笑][偷笑],1
2025/3/7 7:31,中国历来是人不犯我我不犯人，人若犯我那就战到底！,0
2025/3/7 7:31,我们不希望战争，但我们不惧怕战争。,0
2025/3/7 7:33,害人之心不可有。防人之心不可无。加紧研发高精武器。加强战备。,1
2025/3/7 7:34,解气，太爽了！眼泪夺眶而出！！！,1
2025/3/7 7:34,口气,0
2025/3/7 7:35,特朗普又要发战争财吗,1
2025/3/7 7:40,中国历来是人不犯我我不犯人，人若犯我那就战到底[赞],0
2025/3/7 7:40,今年38岁，部队打仗可能不要我了！但我会厨房里的所有活，如果祖国需要。我愿意付出所有，为国服务！,0
2025/3/7 7:42,中国历史是人不犯我我不犯人[赞],0
2025/3/7 7:43,干,1
2025/3/7 7:46,中国历来是人不犯我我不犯人，人若犯我那就战到底！,0
2025/3/7 7:49,真正打起来，随时随地听从祖国安排，去前线洗衣做饭我都愿意,0
2025/3/7 7:50,这么有气势特朗普估计晚上睡觉都得大小便失禁[发呆],1
2025/3/7 7:50,[赞][赞][赞][赞][赞],0
2025/3/7 7:50,[玫瑰][玫瑰][玫瑰][玫瑰][玫瑰][玫瑰][玫瑰][玫瑰],0
2025/3/7 7:51,中国时刻准备着，中国不寻求一切美国的反向操作为低级目标，但为将来的战争做好了死战的准备。,0
2025/3/7 7:55,声东击西,0
2025/3/7 7:55,三战开始了,0
2025/3/7 7:58,内蒙这边已经通知明后天停课了,0
2025/3/7 7:58,要是打冷战，我建议安排我男朋友参战，他有经验，最擅长打冷战！,0
2025/3/7 8:00,打啥打，没事好好过日子不行吗？,0
2025/3/7 8:05,二战都已经几千艘战舰了，我想知道我国有几千艘战舰吗,0
2025/3/7 8:07,怕了没[捂脸],1
2025/3/7 8:08,米国强盗开始行动了？强盗逻辑就是跑别人家门口开战？,1
2025/3/7 8:14,不惹事，也不怕事，中国人自带傲气,0
2025/3/7 8:15,q,0
2025/3/7 8:16,要战便战，不找事，也不怕事！,0
2025/3/7 8:18,时刻准备着,0
2025/3/7 8:18,乌克兰就是例子，冷战，热战都不怎样滴,1
2025/3/7 8:19,时刻要做好准备[赞][赞][赞][赞][平安果][平安果][平安果][平安果][平安果][平安果][平安果],0
2025/3/7 8:22,现代战争主要是拼刺刀,0
2025/3/7 8:22,要是打冷战，我建议安排我男朋友参战，他有经验，最擅长打冷战！,0
2025/3/7 8:22,广州明天开始停课了,0
2025/3/7 8:22,50年代抗美援朝装备差都没怕过，更别说现在了,0
2025/3/7 8:23,安徽明天开始停课了[灵机一动],0
2025/3/7 8:24,美国人民不会为了美利坚战斗，但是中国人会为了中华民族战斗的,1
2025/3/7 8:25,生化战争和谍战为主,0
2025/3/7 8:26,不怕战争也不支持打仗,0
2025/3/7 8:27,广东明天开始停课两天…应对局势进一步恶化！,0
2025/3/7 8:31,山东明后天停课，时刻准备着！,0
2025/3/7 8:31,全国通知停班儿了，看样子是马上统一了！,0
2025/3/7 8:31,河南省已准备好停课准备[暗中观察],0
2025/3/7 8:37,江苏收到了，明天全省停课,0
2025/3/7 8:38,湖北明天开始所有学校停课两天。,0
2025/3/7 8:38,要是打仗了，四川更安全，四川安全第一，都来四川躲吧,0
2025/3/7 8:39,刚收到通知，河南明后天学校放假2天,0
2025/3/7 8:40,如果战争来了，那先让那些资本家先上头阵吧[流泪][流泪][流泪],1
2025/3/7 8:40,中国河南申请出战,0
2025/3/7 8:41,[爱心][爱心][爱心][爱心][感谢][感谢][感谢][感谢][平安果][平安果][平安果][平安果][福][福][福][福][赞][赞][赞],0
2025/3/7 8:41,打个伊拉克打几年，现在没事还遭伊拉克人民袭击，你说你还想打我们伟大的祖国？,1
2025/3/7 8:42,让全世界说普通话得时候到了。。,0
2025/3/7 8:43,四川已经收到通知了，明天开始放假,0
2025/3/7 8:43,我体力不行 但国家需要我就上[悠闲],0
2025/3/7 8:44,真正的战斗民族是中国人，不屈服是骨子里就带来的，关键还很智慧[灵机一动],0
2025/3/7 8:44,今天晚上吃啥哉，吃个美国人试试[看],1
2025/3/7 8:45,江苏明后天已经要放假了,0
2025/3/7 8:46,该出手就出手，风风火火创九州,0
2025/3/7 8:47,重庆明天也要放假,0
2025/3/7 8:48,湖南人民放下枪能文，扛起枪能打仗！,0
2025/3/7 8:49,浙江省明天后天放假,0
2025/3/7 8:50,不怕战，才能止战[比心][比心][比心][比心][比心],0
2025/3/7 8:50,云南也收到了，明天后天放假两天,0
2025/3/7 8:53,广东这边宣布 放假3天,0
2025/3/7 8:54,广东已经宣布明天后天放假停课了,0
2025/3/7 8:54,江苏明天已经通知停课了[感谢],0
2025/3/7 8:54,安徽这边已经宣布明后俩天放假,0
2025/3/7 8:54,四川这边已经宣布 明天后天停课两天了,0
2025/3/7 8:54,河南已通知明天后天停课,0
2025/3/7 8:56,辽宁明天通知停课两天[感谢],0
2025/3/7 8:56,河北明后两天紧急停课，做好万全准备,0
2025/3/7 8:57,揭阳这边明天后天停课了,0
2025/3/7 8:58,人不犯我，我不犯人，人若犯我，我必犯人，世界需要和平。,0
2025/3/7 8:58,湖北已通知明后两天停课了。,0
2025/3/7 9:00,深圳已经通知明后天全部停课了,0
2025/3/7 9:00,这个时候评论区好多开玩笑的是在想什么？,0
2025/3/7 9:00,湖南明后两天全面停课了[捂脸][呲牙][呲牙][呲牙],0
2025/3/7 9:01,湖北已经通知明后天停课2天[色],1
2025/3/7 9:02,广东已经停课了,0
2025/3/7 9:02,福建明后天已通知全面停课了,0
2025/3/7 9:04,山东潍坊明天也停课[疑问][疑问][疑问],0
2025/3/7 9:04,无条件支持国家[赞],0
2025/3/7 9:06,四川宣布明后天停课,0
2025/3/7 9:06,本人很荣幸参加过直10、直20，歼十，歼二十，歼三十五，以及辽宁舰，山东舰，福建舰，四川舰等的评论以及点赞工作,0
2025/3/7 9:06,局势应该挺紧张，山东已接到通知，明后天放假了[震惊],0
2025/3/7 9:08,局势应该挺紧张，广东已接到通知，明后天放假了[泣不成声],0
2025/3/7 9:09,湖南也接到通知，明天后天全部停课了[流泪],0
2025/3/7 9:10,山东明后天停课,0
2025/3/7 9:11,[泣不成声]广州也接到通知，明天后天停课,0
2025/3/7 9:12,湖南已接到通知，今天下午 3 点接孩子，停课两天,0
2025/3/7 9:12,发言大气。,0
2025/3/7 9:14,浙江这边明后天停课备战了,0
2025/3/7 9:15,山东明后天都停课两天[泪奔]这可咋办,0
2025/3/7 9:15,这个老头也不是善茬,1
2025/3/7 9:16,四川已经接到通知，明天开始停课2天,0
2025/3/7 9:16,甘肃也接到通知，明后天放假[泣不成声],0
2025/3/7 9:16,看评论区给我吓一身冷汗，还以为是真的要开战了[泣不成声],0
2025/3/7 9:16,不能加上句: 你美国，无论......,1
2025/3/7 9:16,湖北已接到通知，非常时期，中小幼放假两天，今天下午三点务必离校！,0
2025/3/7 9:17,广西网络不好，刚接到通知，明后天停课,0
2025/3/7 9:18,害，就连深圳也接到通知了，明后天全校放假[裂开],0
2025/3/7 9:18,青岛没收到，一切正常,0
2025/3/7 9:19,老美这样的强盗国家任何时候都不会老实！,1
2025/3/7 9:20,汕头也是明后天停课,0
2025/3/7 9:20,海南以收到通知，明后天停课。,0
2025/3/7 9:20,想冷战还是热战，奉陪到底[呲牙],1
2025/3/7 9:24,广州也接到通知了，明后天中小学放假两天,0
2025/3/7 9:25,打起来先让我老丈母去！她最擅长指挥[呲牙],0
2025/3/7 9:26,湖北这边明后天停课备战了,0
2025/3/7 9:26,江西南昌已通知明后两天停课了。,0
2025/3/7 9:29,说的好像就他在准备一样，有军队的国家谁不是每天都在戒备，,0
2025/3/7 9:29,我老公说，我和孩子他不得管了，他要上战场，去做男人应该做的事[赞][赞][赞],0
2025/3/7 9:31,山东济南。齐鲁频道，有个小溪办事，专门干调解的事，可以打电话调解一下[捂脸],0
2025/3/7 9:31,山东济南收到，明后天高初小幼停课。,0
2025/3/7 9:33,宁波明天后天也停课了,0
2025/3/7 9:33,广西也通知了明天后天放假了,0
2025/3/7 9:34,广东也受影响了，明后两天几乎都停课了[流泪][流泪][流泪],0
2025/3/7 9:34,我们广西狼兵随时准备,0
2025/3/7 9:35,不要听他们的，随时做好万足准备,0
2025/3/7 9:36,你若战我就战[赞][赞][赞],0
2025/3/7 9:37,武汉收到通知明天后天休息[kisskiss],0
2025/3/7 9:38,广东收到通知了 明后天停课,0
2025/3/7 9:39,四川也受到影响，明后天放假两天,0
2025/3/7 9:39,我们四川通知都下来了，明天开始孩子都停课两天了[流泪],0
2025/3/7 9:40,江苏也通知了明后天，学校统一放假，,0
2025/3/7 9:40,一点不害怕，相信祖国。相信团结的力量,0
2025/3/7 9:41,要是打冷战，我亲自送我老婆上战场，她经验多，最擅长打冷战了[看][看][看][看][看],1
2025/3/7 9:41,吃着碗里的，看着锅里的，旁边小孩手上的也要抢!这就是美国的逻辑![看]总而言之，言而总之就是没有就抢[看],1
2025/3/7 9:42,打战明后天放假两天[感谢][感谢][感谢],0
2025/3/7 9:43,报效祖国的时候到了！！,0
2025/3/7 9:43,要是打冷战，我建议安排我男朋友参战，他有经验，最擅长打冷战！,0
2025/3/7 9:48,安徽明天后天都放假，下午去接孩子,0
2025/3/7 9:49,若有战 我们00后上,0
2025/3/7 9:49,准备开始了吗？广东明天要停课了,0
2025/3/7 9:50,衡阳已经通知，下午学校停课放假了。,0
2025/3/7 9:50,全国明天小学到初中开始放假两天。,0
2025/3/7 9:50,四川也接到通知明后天停课[捂脸][捂脸],0
2025/3/7 9:51,被害妄想症吧[屎],1
2025/3/7 9:53,愿我的祖国越来越好,0
2025/3/7 9:55,山东也通知了 明后天中小学停课,0
2025/3/7 9:55,“他们要打多久  我们就打多久”,0
2025/3/7 9:55,我今年五十了，男人最大的梦想建功立业，若有战我想上战场。,0
2025/3/7 9:55,开始了  箭在弦上不得不发,0
2025/3/7 9:56,江苏已接到通知，明后天所有学校停课！,0
2025/3/7 9:57,这话说的有点嘘气,1
2025/3/7 9:58,为啥黄金现在价格这么高？,0
2025/3/7 9:58,浙江也准备好了，明后两天停课[流泪][流泪],0
2025/3/7 9:59,我是一名退休的护士，也是一个妈妈，如果战场真的来临，我们70后义无反顾，把孩子们先保护到身后[一起加油][一起加油],0
2025/3/7 10:00,全国明天后天都停课了，也做好准备,0
2025/3/7 10:01,打冷战安排我去参战，我有经验，最擅长打冷战，我能三个月不理我老婆,0
2025/3/7 10:01,我是不是前世打过仗，每次看到国旗和军歌那骨子里的血就沸腾的不得了，好像有使不完的劲[呲牙],0
2025/3/7 10:02,要是打冷战，我踊跃报名参战，本人水瓶座,0
2025/3/7 10:05,中国从来都没有被吓到过，中国军队时时刻刻都做好了应对一切突发事件的准备！！,0
2025/3/7 10:06,啥时候S3赛季,0
2025/3/7 10:06,打仗死的都是普通人家的孩子，愿世界和平中美不战[感谢],0
2025/3/7 10:07,四川通知明天后天全部停课了[流泪][流泪],0
2025/3/7 10:07,一旦开战我愿去前线煮饭 烧火 照顾伤员啥的，国家危难时  战士不分男女,0
2025/3/7 10:08,冷战可以让我去吗？我是巨蟹座,0
2025/3/7 10:08,让我们00后先上[平安果][气球][candy],0
2025/3/7 10:08,我们云南也收到通知了，明天后天停课两天！,0
2025/3/7 10:09,若有战必定战[看],0
2025/3/7 10:09,要是打冷战，我建议安排我女朋友参战，他有经验，最擅长打冷战！,0
2025/3/7 10:12,冷战？天蝎座申请出战可以吗[看],0
2025/3/7 10:13,战真打起来了，评论区有些人可能吓得屁股尿流。还是愿和平吧[比心][比心][比心][比心],0
2025/3/7 10:15,如果双方都开始撤侨了，大家就可以准备了。,0
2025/3/7 10:15,我们湖北也在做准备！明天开始放假！,0
2025/3/7 10:16,让抖音打PK的主播和大哥先上，他们有战斗力,1
2025/3/7 10:16,冷战我和我老公都可以的，我们一个处女座一个金牛座，最擅长冷战了,0
2025/3/7 10:16,需要我吗，时刻准备着,0
2025/3/7 10:19,福建明天停课两天应对[呲牙],0
2025/3/7 10:19,你们这些人如果真打了还能这么开玩笑[捂脸][捂脸],0
2025/3/7 10:20,我打了3针[看],0
2025/3/7 10:20,要是打热战 我建议安排我媳妇去参战 他有经验 等我出院了再去接她,1
2025/3/7 10:21,打战我参战，虽然不会打枪，但我会打架,0
2025/3/7 10:21,湖北已接到通知，今天下午五点半开始所有学校停课放假两天[捂脸][捂脸]时刻准备着[捂脸][捂脸][捂脸],0
2025/3/7 10:21,你们要打多久，我们就打多久，直到完全胜利为止[比心][比心],0
2025/3/7 10:22,要是打冷战，我建议安排我老婆参战，她有经验，最擅长打冷战！,1
2025/3/7 10:23,应对冷战，我愿意成为顾问为国家做贡献，毕竟我有经验，90%的胜算[捂脸],0
2025/3/7 10:23,要是打冷战，我建议安排我老婆参战，她有经验，最擅长打冷战！,0
2025/3/7 10:24,这是直接进入抢占先手的对抗的阶段了，莪申请上一线,0
2025/3/7 10:24,明天广东停课两天应对,0
2025/3/7 10:26,要是打冷战，我建议安排我女朋友参战，他有经验，最擅长打冷战！,0
2025/3/7 10:28,重庆明天停课两天应对，不管你是热战，还是冷战[泣不成声][泣不成声],0
2025/3/7 10:28,特朗普是真的不想打仗,0
2025/3/7 10:29,我每天到处逛评论区，笑得我用眼霜都得去批发市场了[捂脸][捂脸][捂脸],0
2025/3/7 10:29,给我媳妇报个名 她的冷战打的一流！ 不出一礼拜 直接能击溃敌方心理 冻死他们！,1
2025/3/7 10:30,巧了 河南也已接到通知，今天下午五点半开始所有学校停课放假两天[捂脸][捂脸]时刻准备着[捂脸][捂脸][捂脸],0
2025/3/7 10:33,做好随时开战的准备，两个重装合成旅已经赶往福建[灵机一动],1
2025/3/7 10:34,要是打冷战，我建议安排我老公参战，他有经验，最擅长打冷战！,0
2025/3/7 10:34,真打起来了，希望各路玄学大师发挥你们的通天本领隔海把对方吓死[感谢][感谢][感谢][感谢][感谢],1
2025/3/7 10:35,要是打冷战，我建议安排我女朋友参战，他有经验，最擅长打冷战！丈母娘绝对第一,1
2025/3/7 10:35,真的打仗了，征兵的时候把我的媳妇整走，我媳妇不仅冷战经验十足，开战了指挥能力超群，打完谈判能力也能杠！,0
2025/3/7 10:36,远在云南的我也受影响了，明后两天几乎都停课了[流泪][流泪][流泪],0
2025/3/7 10:36,四川收到通知 明天后天 停课两天 已做好万全准备[看],0
2025/3/7 10:37,受影响 无锡明后两天也停课了,0
2025/3/7 10:40,要是打冷战，我建议安排我老公参战，他有经验，最擅长打冷战！,0
2025/3/7 10:40,打 我愿意回部队,0
2025/3/7 10:40,河北收到通知，小学明天后天统一放假,0
2025/3/7 10:42,在广东现在打着“冷战″，因为天气又寒冷又下着雨,0
2025/3/7 10:42,我体力不行，但国家需要我决对上，招女兵给我一个名额，[呲牙][呲牙],0
2025/3/7 10:42,要是打冷战，安排我老公参战，他有经验，最擅长打冷战！,0
2025/3/7 10:45,看到国家如此国强军强，默默的点一根烟压压惊。[紫薇别走][666],0
2025/3/7 10:45,战争没有赢家，和平才是正道,0
2025/3/7 10:46,看来世界和平之路，艰难险阻，在享受和平的时候，不能忘记战争准备。,0
2025/3/7 10:47,世界那么大，第三次战争迟早会到来。,1
2025/3/7 10:47,今天下午就开始放假了，学校说3.20接孩子,0
2025/3/7 10:48,我虽一介女辈，上有父母下有儿女，若有战，一定不退，也要如先辈那样，守住安稳河山[感谢][感谢]愿我华夏永世安宁,0
2025/3/7 10:48,军工大涨，套了我一个月，解套了[抱抱你],0
2025/3/7 10:48,河南已经接到通知明天后天停课两天，,0
2025/3/7 10:49,要是打冷战，我建议安排我老公参战，他有经验，最擅长打冷战！,0
2025/3/7 10:49,明天所有的小学初中高中都已经放假了,0
2025/3/7 10:49,要是冷战我安排我老公去，保证能打赢[抠鼻][抠鼻],0
2025/3/7 10:50,美国大兵是为钱而战。咱们的子弟兵是为人民而战[比心],0
2025/3/7 10:51,祖国如果需要，我时刻准备着！我愿意当一颗子弹,0
2025/3/7 10:51,要是打冷战，建议安排我老公参战，他有经验，最擅长打冷战，能胜任先锋！[微笑],0
2025/3/7 10:53,这一战谁都不希望打，但谁都不害怕[机智],0
2025/3/7 10:53,我明天回云南还来得及吗,0
2025/3/7 10:54,深圳收到通知，明天后天停课,0
2025/3/7 10:54,江苏收到通知 明天后天 停课两天 已做好万全准备[看],0
2025/3/7 10:55,海南停课两天[泣不成声],0
2025/3/7 10:55,湖北今天下午四点接孩子放学，明后两天停课[看],0
2025/3/7 10:56,山西收到通知。明后两天停课。,0
2025/3/7 10:58,湖北通知放假两天[比心][比心][比心],0
2025/3/7 10:59,四川南充已准备好，学校都通知12点半接娃娃，明天后天放假，两天半应该打完了[憨笑],0
2025/3/7 11:00,还是不打好，但是我们不怕打[强壮][强壮][强壮],1
2025/3/7 11:01,情况严重，广东明天开始放两天假,0
2025/3/7 11:03,情况严重，青海明天开始放两天假[暗中观察],0
2025/3/7 11:03,好像是星期六星期天吧[捂脸]，跟停课有什么关系[捂脸][捂脸],0
2025/3/7 11:04,福建，福建建收到通知 明天后天 停课两天 已做好万全准备[看],0
2025/3/7 11:05,中国人不挑事不惹事，事来了不怕事[赞][赞][赞],0
2025/3/7 11:05,请相信中国人99.9%关键时刻都愿意为祖国牺牲!,0
2025/3/7 11:06,我们一定，必须打败邪恶的美国,1
2025/3/7 11:07,浙江已经做好准备，明后天放假两天，积极应对。,0
2025/3/7 11:08,乌拉[赞],0
2025/3/7 11:09,霉菌不是在打仗，就是在为打仗做准备,0
2025/3/7 11:10,情况严重，河南明天开始放两天假,0
2025/3/7 11:10,要是打冷战，我建议安排我老公参战，他有经验，最擅长打冷战！[微笑],0
2025/3/7 11:10,如果真打，我报名，一名小医生?????,0
2025/3/7 11:11,我接到的通知是本周学校不放假，直接战备准备[流泪],0
2025/3/7 11:15,若有战，召避回,1
2025/3/7 11:16,如果打冷战建议安排我爸去，他可以一战到底,1
2025/3/7 11:18,我是70后，就让我们70后'先试试他们的火力咋样，保护好我们的家园[赞][赞][赞],0
2025/3/7 11:21,如果需要钢铁造炮弹我愿砸锅卖铁,0
2025/3/7 11:21,要是打冷战，我建议安排我女朋友参战，她有经验，最擅长打冷战！,0
2025/3/7 11:22,宝鸡已经接到通知明后两天放假通知,0
2025/3/7 11:26,湖南省已经接到通知，高中，初中，小学明天后天全部放假[捂脸],0
2025/3/7 11:27,广东也受影响了，明后两天几乎都停课了[流泪][流泪][流泪],0
2025/3/7 11:27,如果打冷战，我老婆绝对可以当个参谋，我们两口子在同一城市一年多没见面，没联系过了。,0
2025/3/7 11:28,不打你准备什么？,1
2025/3/7 11:28,要是打冷战我让我老公第一个去！他最适合没有人比他在合适不过了,1
2025/3/7 11:28,广西也受影响了， 学校已通知明后两天都停课,0
2025/3/7 11:29,[赞][赞][赞][赞][赞][赞]祖国胜利,0
2025/3/7 11:30,我女儿今天下午停课[捂脸],0
2025/3/7 11:30,若有战，本人愿意把人均一百万捐给国家[赞][赞][赞][赞][赞][赞],0
2025/3/7 11:32,先开火??,1
2025/3/7 11:32,要是打冷战，我建议安排我女朋友参战，他有经验，最擅长打冷战！[微笑],0
2025/3/7 11:34,重庆大范围已接到通知，明后天停课两天[玫瑰][玫瑰],0
2025/3/7 11:35,要是打冷战，我建议安排我老公参战，他有经验，最擅长打冷战！[微笑],0
2025/3/7 11:35,3针的我已无所畏惧，上战场义不容辞[发怒],1
2025/3/7 11:36,干吧，早干晚干都是干，直接打S3[酷拽][强壮][强壮],1
2025/3/7 11:40,我们90后先上[比心],0
2025/3/7 11:42,"这消息一出，我连夜下架了美国所有商品，上架了国货[拳头]支持国货????[拳头]
评论区一人一口唾沫也能淹死美国",1
2025/3/7 11:43,早晚必有一战,1
2025/3/7 11:49,霸气十足！看得我热血沸腾的！决定送我老公去当兵！！！[看][看][看],0
2025/3/7 11:50,我把老公捐了,1
2025/3/7 11:50,如果开战了，我愿意去做后勤，做饭给那些战士们吃，因为我红烧肉和烧红烧猪蹄都做的非常好吃[赞][赞]战士们吃饱喝好,0
2025/3/7 11:51,咋们四川明后天放假准备后勤保护,0
2025/3/7 11:53,刚接到的消息，明天学校统一放假，为战斗做充足的准备,0
2025/3/7 11:55,安徽这边明后天放假2天,0
2025/3/7 11:58,为了这一刻，我都跟我老婆离了三年了，时刻准备着[呲牙],1
2025/3/7 11:59,我们重庆明天后天停课耶，事态严重了[捂脸],0
2025/3/7 11:59,中国人爱好和平，永远希望世界太平。,0
2025/3/7 12:00,我一个奔5的阿姨，没事就刷军事频道，想着如果哪天国家需要，我定会推荐我家老公为国效力，因为他喜欢打冷战,0
2025/3/7 12:00,无条件支持国家一切决策，挫败一切来犯之敌,0
2025/3/7 12:01,很恐怖,1
2025/3/7 12:02,我们80后先上,0
2025/3/7 12:05,可不可以和平的找个洞，钻进去[捂脸][捂脸][捂脸][捂脸][捂脸],0
2025/3/7 12:05,如果真的要开战，炮火直接打到美国本土，受到美国本土，他才知道战争的严重性[赞][赞][赞]1,1
2025/3/7 12:06,世界需要战争来缓解地球压力 减少人口数量 开战吧,1
2025/3/7 12:08,自从都有了核弹，大国之间只要开战，就没有赢家,0
2025/3/7 12:11,战争和平时共存的，没有永恒的和平[捂脸],0
2025/3/7 12:11,70后先上，拼一波后80.90在上,0
2025/3/7 12:14,坚决服从国家做出的一切决定[赞],0
2025/3/7 12:14,快点来吧，一个月一百多,1
2025/3/7 12:17,东风快递已准备好[坏笑][坏笑][坏笑]随时待命,0
2025/3/7 12:18,咧一家伙试试，不破则不立[赞],0
2025/3/7 12:19,不惧战 不畏战 我中华人民共和国是在尸山血海中建立的 不惧任何外敌,0
2025/3/7 12:20,[流泪]有生之年终于看到霸气怼老美了。这也说明国家彻底彻底不惧所有敌人。站在世界之巅了,0
2025/3/7 12:21,他们无论怎么推演都是输 关键还是输在现在能看见的武器装备。,0
2025/3/7 12:28,先下手为强,1
2025/3/7 12:31,打不打 不打我睡觉去了[捂脸][捂脸],0
2025/3/7 12:39,你凭什么和中国打，,1
2025/3/7 12:47,不知有几道菜,0
2025/3/7 12:47,若有战，我们老兵先上[比心][比心][比心],0
2025/3/7 12:47,必须碰一下,1
2025/3/7 12:49,绝不怕战，决不惧战，打得一拳开，免得百拳来，中国人民永远支持。,0
2025/3/7 12:52,看看吧，美国的野心中于露出了水面了。你不让美国沾到好处，美国就会这样的，管什么都在让美国先沾光，你不让他沾着光，这不就这样,0
2025/3/7 12:54,受影响京津冀地区，明天后天，小学.初中.高中.全部放假两天，都已做好准备应对突发情况,0
2025/3/7 12:55,刚刚才知道，明后天幼儿园，中小学全部放假了。,0
2025/3/7 13:03,受影响京津冀地区，明天后天，小学.初中.高中.全部放假两天，都已做好准备应对突发情况[灵机一动][灵机一动],0
2025/3/7 13:16,中国人不惹事，但决不怕事！,0
2025/3/7 13:16,耳朵痒痒,0
2025/3/7 13:17,中国[得意],0
2025/3/7 13:18,美国全球煽风点火……,1
2025/3/7 13:18,瓜??,0
2025/3/7 13:19,如果祖国需要 我愿意捐我所有身家 包括我的生命,0
2025/3/7 13:21,打冷战我派我的双子座男友上，他非常有经验，热衷于各种战术[捂脸],0
2025/3/7 13:23,江苏这边收到通知，明天后天放假两天[偷笑],0
2025/3/7 13:26,广西这边收到通知，明天后天放假两天,0
2025/3/7 13:27,我无儿无女无老婆，让我上战场之前能不能先给我一个老婆[流泪],0
2025/3/7 13:28,记住一句话，中国不是叙利亚，更不是伊拉克！,0
2025/3/7 13:29,反帝反霸权，坚决服从国家的一切决定,0
2025/3/7 13:36,事态已经很严重了，广东刚接到通知，明天后天，小学，初中，高中都放假了，,0
2025/3/7 13:40,如果真有那么一天，保家卫国，保护家人而战，那我定义无反顾,0
2025/3/7 13:42,这才叫聪明人，跟中国人干仗你拼得过吗，以挣银子为目的，生活美满！[愉快],1
2025/3/7 13:43,如果有战，我作为80后，我主动请战，死了还能当烈士。这辈子太苦了，若能保卫祖国，做点有意义的事，何乐而不为。,0
2025/3/7 13:44,打美国之前告知我，我去扫拼夕夕，据说那边都是新用户,1
2025/3/7 13:46,事态不严重，如果严重了，沿海地区都要马上返回家乡，举行全国军事训练，维持三个月军训，那就是真的才会严重，战争表现为：国家广积粮，大面积军训，就可能了。盘古开天辟地以来，养兵千日，练兵多日，用兵一时。,0
2025/3/7 13:54,招煮饭阿姨吗？我可以搞后厨,0
2025/3/7 13:54,野心勃勃的一直都是美国盎犹。,1
2025/3/7 13:55,以前你们有飞机大炮，我们有钢铁般的意志。现在我们有了飞机大炮，最好你们能有钢铁意志？,1
2025/3/7 13:57,国家需要 我第一个上,0
2025/3/7 14:00,80后的我们准备好了，爷爷辈打江山。我们也要保护国家，开疆扩土,0
2025/3/7 14:05,@火火,0
2025/3/7 14:05,你不要语言威胁赶紧来吧[捂脸][捂脸][捂脸],1
2025/3/7 14:15,不管什么战，中国将奉陪到底,0
2025/3/7 14:22,得先出手，趁他病，要他的命,1
2025/3/7 14:23,只要祖国需要我，我时刻准备着,0
2025/3/7 14:24,现在美国说话都这么狂了吗[看],1
2025/3/7 14:24,奉陪到底,1
2025/3/7 14:31,我还可以拍我闺蜜去  她可以熬夜三天三夜不睡  精力旺盛很适合上战场  打王者荣耀最遛  让她去前线也当一回王者  最后来个和平精英结束,0
2025/3/7 14:34,做好准备！中国人不怕谁！,0
2025/3/7 14:43,对于打仗，我们中国人是野兽是猛虎出山,1
2025/3/7 14:47,让我们00后先上[机智],0
2025/3/7 14:51,开战的话可以安排我媳妇上前线，她爱指挥，不管是冷战还是热战，她都能指挥,1
2025/3/7 14:55,如果世界那些烂人想作，我们守好国门！如有须要，我可以在后勤洗衣服！,0
2025/3/7 14:55,"借用网友歌词：炎黄炎黄，你为何巍峨立东方
炎黄炎黄，你为何千年源流长
炎黄炎黄，你为何有时辉煌有时殇，曾经沧桑，今复强
炎黄炎黄，你可曾记得旧时样
炎黄炎黄，你可曾想起礼乐征蛮荒
炎黄炎黄，你可曾忘记筚路蓝缕行万方，砥砺向朝阳
……",0
2025/3/7 14:58,来吧，虽然我是女人，可我准备好了，尽管放马过来,0
2025/3/7 15:08,我做餐饮的，祖国需要，我愿意进炊事班，为战士们做好吃的，吃饱吃好才能打胜仗[赞],0
2025/3/7 15:21,不会的，特，是商人，得保证家族有钱赚。,1
2025/3/7 15:23,让我们90后先上[感谢],0
2025/3/7 15:25,如果真的开战，我决定把我老婆送到战场上，因为她爱指挥,1
2025/3/7 15:27,如果真的开战，我决定把我老婆送到战场上，因为她爱指挥,1
2025/3/7 15:28,13个集团军200万现役部队！82个合成旅(其中29个重装合成旅）！来嘛！中国陆军欢迎你[比心][比心],0
2025/3/7 15:54,真是个小机灵鬼[看],0
2025/3/7 15:54,[呲牙][呲牙]你说得对[呲牙][呲牙],0
2025/3/7 15:56,如果有战争，我第一个申请出战当狙击手，因为我玩百里守约一打一个准[感谢][感谢][感谢],0
2025/3/7 15:59,来就干，随时准备归队，等待祖国号召,0
2025/3/7 16:08,为啥要打架世界大同多好[流泪],0
2025/3/7 16:13,打长沙从明天起停课2天,0
2025/3/7 16:33,我准备让我老公也去,0
2025/3/7 16:35,老特是商人，他不好战的。,0
2025/3/7 16:54,他们只要敢自己赤胳膊上阵，无论结果如何，美国都将失去全球霸主地位,1
2025/3/7 17:01,能战敢战开疆拓土，造福子孙万代。,0
2025/3/7 17:24,真有战争我一定冲前阵,0
2025/3/7 17:24,湖北已发通知：  明天   后天   停课 两天！！！,0
2025/3/7 17:26,如果真的有那一天，我愿意为国捐躯。,0
2025/3/7 17:32,那些说放假的人咋想的，看祖国的热闹？是不是国家让你们吃的太饱了，不会居安思危了,1
2025/3/7 17:44,如果打冷战/巷战，我安排我老婆参战，她有30多年冷战作战经验，最擅长打冷战/巷战[赞][赞][赞],1
2025/3/7 17:50,打热战我上，打冷战我老婆上[捂脸][捂脸][捂脸],0
2025/3/7 17:56,[愉快][愉快]如果打冷战，我安排我女朋友参战，她有10年冷战经验，最擅长打冷战[捂脸][捂脸][捂脸][捂脸],0
2025/3/7 17:56,浙江这边已经通知了 明天 后天停课,0
2025/3/7 18:02,中国奉陪灬[赞][赞][赞][赞][赞],0
2025/3/7 18:02,打王者吃鸡的小朋友们看过来，你们不是很擅长打战吗,0
2025/3/7 18:03,打,1
2025/3/7 18:08,[鼓掌][鼓掌][赞][比心][爱心][感谢][玫瑰],0
2025/3/7 18:10,不管是冷战还是热站，需要我们女人来，我第一个去报到。,0
2025/3/7 18:36,打得一拳开，今后全世界都是咱小弟！,1
2025/3/7 18:36,七零后还可以浪一浪，八零紧根，九零预备，零零守家。,0
2025/3/7 18:41,我们澳门有机会出战吗,0
2025/3/7 18:43,打的一拳开，免得百拳来，就是干！,1
2025/3/7 18:49,全面战争时刻准备者．中华儿女必须时刻准备战斗到最后到底胜利属于我们的，,0
2025/3/7 18:49,我去给大家祈福,0
2025/3/7 18:49,如果需要指挥，我让我老婆去参加，她擅长指挥[哈欠],0
2025/3/7 18:49,事态已经很严重了，湖南邵东刚接到通知，明天后天，小学，初中，高中都放假了，,0
2025/3/7 18:53,别的民族恐惧战争，但我们的基因从不畏惧战争。,1
2025/3/7 19:03,如果打热战，我可以安排我老婆去，他最擅长的就是咬人[看][看][看],1
2025/3/7 19:06,要是打冷战，我建议安排我男朋友参战，他有经验，最擅长打冷战！而且还是战无不胜。[呲牙][鼓掌][比心],0
2025/3/7 19:24,明年可以坐火车去台湾旅游了[大笑],0
2025/3/7 19:30,你会打仗吗？,0
2025/3/7 19:31,可以看出来它们已经很急了，高压锅要爆了。它的萌友也不放过，威胁同归而尽,1
2025/3/7 19:34,事态已经相当严重了，刚接到通知，明天后天，小学，初中，高中都放假了，,0
2025/3/7 19:40,老观念[捂脸][捂脸][捂脸],0
2025/3/7 19:44,如果真打了，我愿意上，希望能把我负债清了,1
2025/3/7 19:45,[赞][赞][赞][赞][赞],0
2025/3/7 19:57,如果老美敢开战，老美在也不可能排第一了，,1
2025/3/7 19:59,打了你什么都不是[勾引],1
2025/3/7 20:16,上族谱的机会要来了？我要占第一页[握手][握手],0
2025/3/7 20:20,美国防长这么年轻！,0
2025/3/7 20:21,要打就狠狠的打，中国????加油,1
2025/3/7 20:22,如果开战我回大山给大家种菜。,0
2025/3/7 20:24,若有战请让我们80后先上,0
2025/3/7 20:32,谈，大门敞开；打，奉陪到底,0
2025/3/7 20:38,有个屁实力，大西洋埋葬一切美帝,1
2025/3/7 20:39,想啥，大国之间永远只有摩擦！一旦开战那就是毁灭性得！全球洗牌核战争,1
2025/3/7 20:47,老美一直，都想开战，,0
2025/3/7 20:48,哈哈,0
2025/3/7 20:50,中国有句古话：来而不往非礼也。。。你敬我一尺，我还你一丈。,0
2025/3/7 20:52,打倒美帝国主义！中国人不是被吓唬大的[发怒][发怒],1
2025/3/7 20:52,如果真开战，我愿意上前线，为勇士们煮饭烧菜，让他们吃饱有力量打胜仗。,0
2025/3/7 20:58,河南明天后天两天学生都放假了,0
2025/3/7 20:59,啥会开始,0
2025/3/7 20:59,美国欺负小国,0
2025/3/7 21:01,让我70后先上,0
2025/3/7 21:03,哎！这个美国我是真的太烦这个国家了,1
2025/3/7 21:17,林子大了，什么鸟都有,1
2025/3/7 21:19,事态已经很严重了，广西刚接到通知，明天后天，小学，初中，高中都放假了，,0
2025/3/7 21:19,要是真的要打战了，我想报名！[捂脸]因为我想混个军工！,0
2025/3/7 21:27,[感谢][感谢],0
2025/3/7 21:27,他们主力航母，盾船，这种直接导弹火力覆盖他们，他们想喂鱼，就来,1
2025/3/7 21:28,如果开战叫我老公上他擅长出谋划策[呲牙][尬笑]指挥杠杠的[捂脸],0
2025/3/7 21:31,怪不得今天老师让3点45分来接孩子，原来是备战了,0
2025/3/7 21:35,让我们80后上,0
2025/3/7 21:41,谈，大门敞开，打，奉陪到底。随时做好来之战，战之赢。,0
2025/3/7 21:49,我一个八零后！只要国家需要！我可以扛枪上阵杀敌！也可以后勤做饭烧菜！只要国家需要！马革裹尸国旗盖体我都可以！,0
2025/3/7 21:52,小孩子,0
2025/3/7 22:03,[赞][赞][赞],0
2025/3/7 22:09,还是回去当你的主持人去吧，太嫩了，容易冲动,1
2025/3/7 22:17,美国防长你有种来跟我单挑我咬死你,1
2025/3/7 22:18,@[炸弹][炸弹][炸弹][炸弹][炸弹][炸弹]????,1
2025/3/7 22:18,亮剑吧[666],0
2025/3/7 22:37,美国不寻求开战也是挑衅,1
2025/3/7 22:45,你老味！够胆你就来,1
2025/3/7 22:49,事态已经升级，福建沿海地区明天开始为期2天停课，最新动态后期共享,0
2025/3/7 22:49,新冠已经打过一次了,0
2025/3/7 22:49,他们知道后果很严重！祖国统一势不可挡！谁来也不好用,0
2025/3/7 22:58,是骡子是马牵出来溜溜,1
2025/3/7 23:03,如果真的可以买黄金吗,0
2025/3/7 23:07,来的太快了，昨天刚中了个大奖，还没来得及花,0
2025/3/7 23:15,后面听不到[捂脸][捂脸][捂脸],0
2025/3/7 23:19,若有战，召必回！！！,0
2025/3/7 23:24,好[比心],0
2025/3/7 23:25,只有一个要求 给我一把粉色AK[快哭了],0
2025/3/7 23:37,如果真的要开战，本人认为，国家有难匹夫有责，中国14亿人口，我本人自愿支持100万[赞][赞][赞]。再不够，本人亲自参战干到底[赞][赞][赞]。,0
2025/3/7 23:45,感觉美国的政府班子有点乌克兰的影子了,0
2025/3/7 23:46,没有可能现在硬钢觉得没有优势，暂时猥琐发育研究高科技和新的装备等那天觉得可以了再来切磋[吃瓜群众],0
2025/3/7 23:56,"打不得，这话[灵机一动]。
打奉陪到底，谈敞开大门[酷拽]。",0
2025/3/7 23:58,野心勃勃太大了，你干大就干干死你，,1
2025/3/7 23:59,此人真坏，必须制裁。,1
2025/3/8 0:00,谁不服打谁。世界和平看中国????,1
2025/3/8 0:00,@橘子班老大,0
2025/3/8 0:06,想崛起，必斩美丽与马下[赞],1
2025/3/8 0:06,战战战[赞],0
2025/3/8 0:09,我觉得咱们应该激进一点，雄狮争霸一样，,0
2025/3/8 0:10,@福贵,0
2025/3/8 0:18,打就得了    刀不饮血还叫刀吗,1
2025/3/8 0:25,恨你们不是一天了，大美丽敢来，新仇旧恨一起算,1
2025/3/8 0:28,打就打，妈的怕你们啊，,1
2025/3/8 0:32,上次没打趴你,1
2025/3/8 0:32,愿世界和平????,0
2025/3/8 0:53,但我们要跟你打，打的一拳开免得百拳来[右边],1
2025/3/8 1:18,美国在等制造业回归，然后就是开打的时候,1
2025/3/8 1:19,我该锻炼身体了,0
2025/3/8 1:24,如果打开了，我让我老婆去前线，她爱指挥,1
2025/3/8 1:27,如果打仗了，让我老婆去前线，她爱指挥！,1
2025/3/8 1:35,永远不要相信美国佬说的话,1
2025/3/8 1:55,如果打仗了，让我老婆去前线，她爱指挥！,1
2025/3/8 2:05,"厉害喽 厉害喽 
太空那两位什么时候落地啊，[捂脸]",0
2025/3/8 2:07,什么时候打，想想都兴奋,1
2025/3/8 2:22,那就打吧,1
2025/3/8 3:08,你们到底来还是不来  就一句话,0
2025/3/8 3:16,排冷锋上,0
2025/3/8 3:49,栽赃陷害[赞],1
2025/3/8 3:52,[呲牙][呲牙][呲牙],0
2025/3/8 3:57,特朗普的信用拼多多都用不了（先用后付）,1
2025/3/8 4:02,会英语的解释一下是什么意思,0
2025/3/8 4:02,焦头烂额的惶惶不可终日？问你慌什么呢？,1
2025/3/8 4:31,生死存亡之战[赞][赞][赞],0
2025/3/8 4:36,[捂脸]这样的话你们美国滚出地球吧！你们自己一个球，那么喜欢打仗跟外星人打去,1
2025/3/8 5:07,打是不会打，就是不想还钱[赞],1
2025/3/8 5:13,@,0
2025/3/8 5:38,如果真有那么一天，七零后的我第一个申请参战！宁可战死沙场，也不愿苟且的活着。[拳头][拳头][拳头],0
2025/3/8 5:41,如果打仗了，让我老婆去前线，她爱指挥！,1
2025/3/8 5:52,最终一战决定胜负。改变世界格局,0
2025/3/8 5:52,老皮特 一上台 就不消停了,1
2025/3/8 6:27,团结一心，其利断金，中国人民万岁。,0
2025/3/8 6:32,养了几十年的兵了，练练又何妨,0
2025/3/8 6:33,来,0
2025/3/8 6:35,没有国哪有家！我身为中国的一个女性.我也愿意为保卫国家流尽最后一滴血！,0
2025/3/8 7:06,难道就我不希望打仗吗[泣不成声][感谢],0
2025/3/8 7:10,时刻准备着，接受祖国的召唤,0
2025/3/8 7:18,美国现在自身已经没这个实力打败中国，否则就不会多说一句,0
2025/3/8 7:20,美国负债那么严重，他拿什么来跟我们打？,0
2025/3/8 7:25,如果我们想在世界立足，必有一战,0
2025/3/8 7:29,时刻准备着??,0
2025/3/8 7:42,激将法,1
2025/3/8 7:54,我是广东人，三十多了，如果国家真的需要，我目前存款3000多万一国家需要，我愿意全部捐出，用于国防事业[呲牙],0
2025/3/8 7:58,见你一次打你一次[看][看],1
2025/3/8 8:12,就差一个出师有名咯,0
2025/3/8 8:16,我是广东人，三十多了，如果国家真的需要，我目前存款3000多元一国家需要，我愿意拿出2800元捐出，用于国防事业[流泪],0
2025/3/8 8:18,主要是打不得。,1
2025/3/8 8:21,鹰酱已经模拟了上百次一败涂地。,1
2025/3/8 8:28,打一场吧！我一定上[666],1
2025/3/8 9:00,时刻准备着，接受祖国的召唤,0
2025/3/8 9:11,谁怕谁呀,1
2025/3/8 9:18,按我们现在的人口  可以先打10块的  不行就打100块,1
2025/3/8 9:26,干,1
2025/3/8 9:35,我是一个温柔的宝宝，谁野心勃勃，自己心里有数吧，,1
2025/3/8 9:37,中国主打和平,0
2025/3/8 9:40,以战止战以杀止杀唯我独尊傲世九重天,1
2025/3/8 9:40,麦克阿瑟怎么说,0
2025/3/8 9:43,[赞][赞][赞][赞][赞][赞][赞][赞][赞],0
2025/3/8 9:49,给你能的,1
2025/3/8 9:51,时刻准备着[灵机一动]中国军人不惧怕任何敌人[灵机一动],0
2025/3/8 9:52,航母再建5艘，战机再建5000架,0
2025/3/8 9:59,对的，打不得啊[捂脸],0
2025/3/8 10:00,[给力][给力][给力][给力][给力][给力][666][666][666][666][666][666][赞][赞][赞][赞][赞][赞],0
2025/3/8 10:13,啥叫打不得?我一中国人都听不懂,1
2025/3/8 10:13,美国已为战争做好准备，随时准备战争！,0
2025/3/8 10:16,我一天多抽一包烟,0
2025/3/8 10:16,如果打仗了，让我老婆去前线，她爱指挥！,1
2025/3/8 10:23,说好了不准投降  我要虹开[微笑],0
2025/3/8 10:32,如果打仗了，让我老公去前线，他爱指挥！,0
2025/3/8 10:41,来吧，光脚不怕穿鞋的等很久了[捂脸],1
2025/3/8 10:43,哈哈,0
2025/3/8 10:54,什么时候打、,1
2025/3/8 10:55,平躺！等你们打完仗再说,0
2025/3/8 11:13,说这样话，你的脸得有多大,1
2025/3/8 11:17,欢迎来战[勾引][勾引][勾引],1
2025/3/8 11:21,这货心理素质不行，紧张了,1
2025/3/8 11:23,[赞],0
2025/3/8 11:27,野心勃勃[呲牙][呲牙][呲牙]这句话说的,0
2025/3/8 11:31,如果打仗了，让我老婆去前线，她爱指挥！,1
2025/3/8 11:41,新账老账一块算,1
2025/3/8 11:49,00后大军时刻准备着??,0
2025/3/8 12:01,[呲牙],0
2025/3/8 12:10,[捂脸]不是叫他川普吗怎么一上来就要干仗,1
2025/3/8 12:12,如果打仗我愿意第一个冲锋,0
2025/3/8 12:14,中国不是乌克兰，别想那么简单,1
2025/3/8 12:15,如果打起来的话绝对死了。,1
2025/3/8 12:18,抖音没一个是真的,1
2025/3/8 12:31,应该很多国家希望美丽国消失,1
2025/3/8 12:31,广西随时听祖国的召唤，今天学校全部停课了,0
2025/3/8 12:34,来啊  谁怕谁,1
2025/3/8 12:45,跟他讲这么多干嘛！打,1
2025/3/8 12:45,如果要打仗让我们70后先上,1
2025/3/8 12:49,和平共处，…你不犯我，我不犯人，人若犯我，我必犯人。祖国万岁！,0
2025/3/8 12:51,战场就定在美国本土,1
2025/3/8 12:57,你说不打 就不打[发怒],1
2025/3/8 13:02,如果打仗了 让我们80后冲先锋,1
2025/3/8 13:03,做人不要太美国，已经说明了一切，你个大坏蛋,1
2025/3/8 13:05,@千羽 @人生如烟 @爱妃朕错了 @红太阳， @叫刚哥 @云哥哥 @公民G @第44次日落、 @@杨先森 @老何 @????蜡笔小新???? @鱼??娃子 @鸿鹄 @。。. @答非所问 @????卜 惊 云 @胸有成??朱 @@牧野,0
2025/3/8 13:05,我是重庆人，马上四十了，同时也是一名退役陆军特战队员，如果国家真的需要，我申请参战，存款目前有300万左右，国家需要，我愿意全部捐出，用于国防事业，[比心],0
2025/3/8 13:05,@,0
2025/3/8 13:06,浑身抖了,0
2025/3/8 13:14,哈哈,0
2025/3/8 13:15,你们上,1
2025/3/8 13:16,四川也停课了[机智]，还是两天,0
2025/3/8 13:32,永远不要相信美国人,1
2025/3/8 13:34,一个动不动就要打而且百打百胜的人，突然在实力还很强的基础上说不想打了，你品你细细的品[奸笑],1
2025/3/8 13:41,美国人哪里都想打,1
2025/3/8 13:43,先有国再有家，如果打仗我第一个上,0
2025/3/8 13:44,不打算你聪明[酷拽][酷拽][酷拽][酷拽],0
2025/3/8 13:47,一个主持人当防长，美国没人了吗,1
2025/3/8 13:48,谁野心勃勃谁知道[尬笑],1
2025/3/8 13:53,不打一架，都不知道谁厉害。,1
2025/3/8 14:16,不怕，来了就干,1
2025/3/8 14:21,农村户口有资格上吗[疑问],0
2025/3/8 14:27,我今年30了，如果国家真的需要，我目前存款3000多万一国家需要，我愿意全部捐出，用于国防事业[比心][比心][比心],0
2025/3/8 14:37,[鼓掌][鼓掌][赞][比心][爱心][感谢][玫瑰],0
2025/3/8 14:44,来来来，美国部长，我跟你单挑,1
2025/3/8 14:54,以前老辈不怕、现在我们不怕、未来孩子们不怕、来一个弄死一个,1
2025/3/8 14:55,确实眼光不一样[捂脸],0
2025/3/8 14:58,别乱挑衅，和平来之不易。,0
2025/3/8 15:07,这年轻人不够成熟,0
2025/3/8 15:12,@,0
2025/3/8 15:17,中国去你家吃面包了？[左边],1
2025/3/8 15:18,本人很荣幸参加过，直10、直20，歼十，歼二十，歼三十五，以及辽宁舰，山东舰，福建舰，四川舰等的评论以及点赞工作,0
2025/3/8 15:20,??笑[舔屏][舔屏][舔屏][舔屏],0
2025/3/8 15:20,如果打仗了，让我前女友去前线，她爱指挥！,1
2025/3/8 15:28,练了这么多年兵也该出来亮亮像了[赞],0
2025/3/8 15:33,什么时候打，我好有个准备,1
2025/3/8 15:37,优势在我,0
2025/3/8 15:39,日本小点子足够多，美国枪械足够多,1
2025/3/8 15:41,如果打冷战，安排我去，我最善长冷战，包赢[呲牙][呲牙],0
2025/3/8 15:43,像我们这些80后个个都想参军[呲牙],0
2025/3/8 15:46,真要打，80后请求出战！,1
2025/3/8 15:54,如果开打，必去参军,0
2025/3/8 16:01,瞎叨叨干就来！,1
2025/3/8 16:06,真打就不能客气了，新帐旧帐一起算！,1
2025/3/8 16:08,你有钢铁洪流时，我有钢铁的意志，当我有钢铁洪流时，你最好也有钢铁的意志,0
2025/3/8 16:09,只要发出需要：10分钟内可招5亿人！企业统一转军工！干,1
2025/3/8 16:11,真的是倒打一耙[打脸]，提升自身实力才是一切,1
2025/3/8 16:17,先断掉苹果[捂脸],1
2025/3/8 16:20,我才不管你们，,1
2025/3/8 16:52,如果打仗了，让我老婆去前线，她爱指挥！,1
2025/3/8 17:03,如果打仗了，让我老婆去前线，她爱指挥！,1
2025/3/8 17:10,你不想打，我们打,1
2025/3/8 17:14,唉看看就行,0
2025/3/8 17:28,最好不要来中国，来一次走一次,1
2025/3/8 17:35,来了就干他,1
2025/3/8 17:36,现代化战争，拼刺刀不现实了[捂脸][捂脸][捂脸][捂脸],0
2025/3/8 17:36,亮剑，亮剑,0
2025/3/8 17:56,[捂脸],0
2025/3/8 17:57,时刻准备着[发怒]敢来，咱就敢打[打脸],1
2025/3/8 18:21,杀[右边]杀[右边]杀[右边][右边]，奉陪到底！,1
2025/3/8 18:22,谈可以、打奉陪到底、中国万岁??,0
2025/3/8 18:24,@[天天向上]: 你有钢铁洪流时，我有钢铁意志，当我有钢铁洪流时，你最好也有钢铁意志[舔屏],0
2025/3/8 18:31,是时候教漂亮国做人,1
2025/3/8 18:31,他若敢来，我就敢跑[灵机一动][灵机一动],0
2025/3/8 18:32,这句话真就别说了，大家都笑了,0
2025/3/8 18:38,如果打仗了，让我老婆去前线，她爱指挥！,1
2025/3/8 18:42,你有钢铁洪流时，我有钢铁意志，当我有钢铁洪流时，你最好也有钢铁意志[舔屏],1
2025/3/8 18:48,打不得啊，我怕牺牲,0
2025/3/8 18:49,怎么之前没一枪打死他,1
2025/3/8 19:05,来吧，你要打多久就打多久，奉陪到底，一直打到完全胜利,1
2025/3/8 19:06,小子你太年轻了,1
2025/3/8 19:13,个人建议：能不打就不打，能打就打。仅代表我个人[呲牙],0
2025/3/8 19:19,美国没有稀土做什么都难,0
2025/3/8 19:25,一脸慌张[捂脸],0
2025/3/8 19:41,还没打仗就饿死了,1
2025/3/8 19:44,最终拼的就是我们农村的孩子,0
2025/3/8 19:45,干它[发怒][发怒][发怒],1
2025/3/8 19:50,梦,0
2025/3/8 19:50,打吧,1
2025/3/8 19:51,天天没事儿干，天天不是这就是那。,1
2025/3/8 19:52,什么叫打不得？,1
2025/3/8 19:58,他的意思是我不想和你打，但是形式所迫，被逼于无奈不得不发的意思,0
2025/3/8 19:59,一但开战首战决战,1
2025/3/8 20:00,来吧反正老子没钱,1
2025/3/8 20:05,有本事过来单挑[灵机一动],1
2025/3/8 20:09,期待,0
2025/3/8 20:11,山东今天已经停课了,0
2025/3/8 20:16,什么叫打不得？,1
2025/3/8 20:17,如果打仗了，让我老婆去前线，她爱指挥,1
2025/3/8 20:22,现在已经很严重了，随时准备开战。广东刚接到通知，今天，明天，小学，初中，高中都放假了，[捂脸][捂脸][捂脸],0
2025/3/8 20:32,来吧！一战定乾坤。,1
2025/3/8 20:39,@攥着小糖?? 如果打仗，我让媳妇你去前线，你爱指挥[抠鼻],1
2025/3/8 20:40,那些买了特斯拉的人们你好好看看，你们给他们的导弹已经形成威胁了[捂脸][捂脸][捂脸],1
2025/3/8 20:41,人口衰减，这是别的国家的目的[看][看],1
2025/3/8 20:46,我是70后，今年四十九岁了[得意]，如果国家需要我到哪里，我就到哪里[得意]，迎战而上[炸弹],0
2025/3/8 20:49,打，[炸弹][炸弹][炸弹],1
2025/3/8 20:54,不打就别嚣张，要不然就碰下！,1
2025/3/8 20:58,哈哈,0
2025/3/8 20:58,和中国打后，北约，日本不会做美国狗了。,1
2025/3/8 21:05,本人很荣幸直接参予过歼十，歼二十，歼三十五，以洲际战略导弹的试射及辽宁舰，山东舰，福建舰，四川舰等的评论以及点赞工作,0
2025/3/8 21:08,美国有抖音吗？我想去留言,0
2025/3/8 21:13,好像真要打了，我表哥都被叫去部队了。,0
2025/3/8 21:14,呵呵呵,0
2025/3/8 21:17,这个防长有点嚣张，我去教训他一下[发怒],1
2025/3/8 21:18,放马过来,1
2025/3/8 21:26,好，打打,1
2025/3/8 21:41,什么叫打不得？[害羞],0
2025/3/8 21:44,[捂脸][捂脸][捂脸][捂脸]他看不舒服了吗[呲牙][呲牙][呲牙],0
2025/3/8 21:46,他若敢来，我就敢跑[噢买尬],0
2025/3/8 21:54,我会让我老婆去，她会指挥。[赞][赞][赞],0
2025/3/8 21:54,我会让我老婆去，她会指挥。[赞],0
2025/3/8 21:56,如果打仗了，让我老婆去前线，她爱指挥！,1
2025/3/8 22:01,中国人民解放军战士万万岁,0
2025/3/8 22:01,同样的条件下比的是人…[捂脸][捂脸][捂脸][强壮][强壮][强壮],0
2025/3/8 22:05,不知道天高地厚，和平不好吗？,1
2025/3/8 22:13,虽然我60多岁了，我愿意为祖国奉献一切。,0
2025/3/8 22:18,美国的历史我觉得够长了[看],0
2025/3/8 22:29,相信祖国[比心],0
2025/3/8 22:29,中国人口这么多！14亿多人口！怕他不成！,0
2025/3/8 22:53,我早说过，美国人没有一个好心里,1
2025/3/8 23:08,如果真的要打仗，我老婆一定要上前线，因为她爱指挥,1
2025/3/8 23:08,如果主播需要我们，我们一定会为祖国助力的,0
2025/3/8 23:09,如果打仗了，让我媳妇上，她是冷战方面的专家[捂脸],1
2025/3/8 23:14,如果打仗就叫我老公去打，让他战死沙场,1
2025/3/8 23:34,叶海亚拖鞋哥都能打你美国????,1
2025/3/8 23:45,我是湖北人，也活了四十多了，如果国家真的需要，我目前存款3000多万一国家需要，我愿意全部捐出，用于国防事业[比心][比心][比心],0
2025/3/8 23:46,记住，中国是一个从2000多年前就一直打仗。打了几千年了。还怕一个只有200多年的国家？,1
2025/3/8 23:56,这娃还是太年轻，口出狂言[看],1
2025/3/9 0:16,我是山西人，也活了三十多了，如果国家真的需要，我目前存款3000多万一国家需要，我愿意全部捐出，用于国防事业[比心][比心][比心],0
2025/3/9 0:20,@猫尔尔,0
2025/3/9 0:22,来!登入广西!,0
2025/3/9 0:22,我想看特朗普狼狈不堪的样子[呲牙],1
2025/3/9 0:25,这防长太年轻了,0
2025/3/9 0:31,打吧,1
2025/3/9 0:34,迟早有一战，狭路相逢勇者胜[赞]，打就来，不打就滚。,1
2025/3/9 0:36,要是打冷战，我建议安排我女朋友参战，他有经验，最擅长打冷战！[微笑]@Baby. 宝,0
2025/3/9 0:43,中国人的血性一直压在最深处，静静等待爆发的那刻…,0
2025/3/9 0:51,我是湖南长沙的如果国家真的需要我目前存款500多万一国家需要我愿意全部捐出，用于国防事业，而且我愿意上前线。,0
2025/3/9 0:59,鸡蛋??碰石头，自己找死[捂脸],1
2025/3/9 1:02,其实打上就知道谁硬了,1
2025/3/9 1:16,重建部落已经晚了,0
2025/3/9 1:27,炎黄子孙不怕事，始终在世界之巅[比心],0
2025/3/9 1:47,搅动世界和平，就美国，你们没有资格指责中国……,1
2025/3/9 1:52,我是网友，不打不行。打死他！,1
2025/3/9 3:19,[发呆]让我朋友上 我朋友喜欢玩火箭小子 飞他们头上打,1
2025/3/9 3:36,如果打仗了，请让我老婆去前线，她爱指挥，我老婆动手从来不手软[泣不成声][泣不成声][泣不成声]还有我丈母娘去，她阴谋诡计多 喜欢算计！,1
2025/3/9 4:52,放弃幻想！准备战斗！,1
2025/3/9 5:53,如果打仗了，请让我老婆去前线，她爱指挥，我老婆动手从来不手软[泣不成声][泣不成声][泣不成声]还有我丈母娘去，她阴谋诡计多 喜欢算计！[躺平][捂脸],1
2025/3/9 7:26,如果开战 我愿意去前线为战士们烧饭做菜[捂脸],0
2025/3/9 7:57,别劝对手，勇敢面对吧！,0
2025/3/9 8:16,对美国不要客气,1
2025/3/9 8:16,关注我不迷路,0
2025/3/9 9:29,谁主张打仗，就把主战场位置留给他,1
2025/3/9 10:41,一个翻译不准确的视频让你们这么瞎猜[捂脸],0
2025/3/9 10:48,我想撕破特朗普这副丑陋的面孔,1
2025/3/9 10:48,美国佬、中国干不死你才怪、抗美援朝时刻你应该知道中国人的英勇吧、不信你试试,1
2025/3/9 11:01,不打我还要把我孩子养大,1
2025/3/9 11:09,虽然我现在老婆孩子热炕头，有房有车有存款，但我不介意为了子孙后代华夏民族放弃现有的一切奔赴战场，开战[强壮][强壮][强壮],0
2025/3/9 11:19,是它们一直野心勃勃，以为别人也是,0
2025/3/9 13:58,你强不强我们不在意，各圪各的饭。,0
2025/3/9 15:01,[鼓掌][鼓掌][赞][比心][爱心][感谢][感谢][感谢][感谢][感谢][玫瑰][玫瑰][玫瑰][玫瑰][玫瑰][赞],0
2025/3/9 15:06,来来来 再拖下去世界不知道谁的霸主,1
2025/3/9 15:14,搞清楚谁野心勃勃，只有美国。[拳头],1
2025/3/9 15:52,找个第三方战场吧，远离美国和中国点，就澳大利亚最合适，,1
2025/3/9 16:00,[鼓掌][鼓掌][赞][赞][比心][爱心][感谢][感谢][赞],0
2025/3/9 16:33,土象星座去陆军，水象星座去海军，风象星座去空军，火象星座火箭军,0
2025/3/9 16:47,[鼓掌][鼓掌][赞][比心][爱心][赞][赞][鼓掌][鼓掌][感谢][感谢][赞],0
2025/3/9 17:19,年轻人,0
2025/3/9 18:03,打工打怕了。赶紧来吧[捂脸][捂脸][捂脸],0
2025/3/9 18:06,和久必打，来吧！[呲牙],1
2025/3/9 18:12,要是打仗了，我让我老婆去前线送饭，她会做100多种饭菜,0
2025/3/9 19:00,这哥们防长，太嫩了吧[捂脸][捂脸][捂脸][捂脸][捂脸],1
2025/3/9 19:11,说别人是非的人，自己就是是非之人,1
2025/3/9 19:57,美国防长有点毛嫩，你以为你是美国黑老大，不行了三十年河西三十年河东。,1
2025/3/9 22:29,我每天跑货拉拉睡车上一天烧300块钱油抽两包烟。就是为了听到你说这句话了。终于当上列强了。,1
2025/3/9 23:14,如果打仗，我年纪大，我先上，年轻人留着，是火种,0
2025/3/10 0:10,你有钢铁洪流时，我有钢铁意志，当我有钢铁洪流时，你最好也有钢铁意志[捂脸][捂脸][捂脸][捂脸],0
2025/3/10 0:43,够不够分啊，别到时候不够分啊[九转大肠],1
2025/3/10 3:15,打仗谁怕谁，该死就死，要打我也冲前线,1
2025/3/10 6:46,从我做起，不买美国货,0
2025/3/10 7:34,曾服役于穿越火线，南部战区，广东一区，上尉军衔，15年老兵，祖国需要随时能战[一起加油][一起加油][一起加油],0
2025/3/10 7:46,[看],0
2025/3/10 8:39,曾服役于穿越火线，中部战区，湖北二区，上尉军衔，12年老兵，祖国需要随时能战！,0
2025/3/10 11:13,美国必输,1
2025/3/10 12:14,你要不来招惹我们，我们怎么会招惹你去。,1
2025/3/10 12:16,要上战场，我老公和我婆婆公公都上战场,0
2025/3/10 13:22,自己是强盗说别人也是强盗,1
2025/3/10 14:13,美国最想打,1
2025/3/10 16:33,[捂脸]和平,0
2025/3/10 16:44,[黑脸][炸弹][炸弹][炸弹][炸弹][炸弹][炸弹][炸弹][炸弹][炸弹][炸弹],1
2025/3/10 16:54,你才野心勃勃，就会抹黑中国。,1
2025/3/10 17:01,打[发怒][发怒][发怒],1
2025/3/10 18:14,曾服役于穿越火线，南部战区，广东一区，上尉军衔，15年老兵，祖国需要随时能战[一起加油][一起加油][一起加油],0
2025/3/10 21:49,不在乎说什么、关注它做什么！,0
2025/3/10 21:53,是啥时候的事啊,0
2025/3/10 22:01,慎防美国对中国的偷袭。,0
2025/3/10 22:08,他来我就跑,0
2025/3/10 22:15,@波尔斯的玫瑰 ??????,0
2025/3/10 22:24,干它,1
2025/3/10 22:51,[赞][赞][赞],0
2025/3/10 23:01,若有战  召必回,0
2025/3/10 23:09,如果打仗了，我老公可以去战争前线,0
2025/3/10 23:38,静观其变，以不变应万变,0
2025/3/11 0:34,[赞][赞][赞][赞][赞][赞],0
2025/3/11 0:51,[赞][赞][赞][比心][比心][比心],0
2025/3/11 1:01,[赞][赞][赞][赞][赞][赞][赞],0
2025/3/11 1:03,[赞][赞][赞][666][666][666][福][福][福],0
2025/3/11 1:09,[赞][赞][赞],0
2025/3/11 2:20,[赞][赞][赞][赞][赞],0
2025/3/11 3:03,这个人以上是主持人难怪这么会说,0
2025/3/11 3:11,放弃幻想！准备战斗！,1
2025/3/11 5:13,[赞][赞][赞],0
2025/3/11 5:50,中国加油[爱心][爱心][爱心][爱心][爱心][爱心][爱心][赞][赞][赞][赞][赞][赞][赞][赞][赞],0
2025/3/11 7:01,[赞]  [鼓掌]  [赞],0
2025/3/11 7:56,[赞][赞][赞][赞][赞][赞][赞][赞][赞][赞][赞][赞][赞][赞][赞][赞][赞][赞][赞][赞][赞][赞][赞][赞][赞][赞][赞][赞][赞][赞][赞][赞][赞][赞][赞][赞][赞][赞][赞][赞][赞][赞],0
2025/3/11 8:08,狭路相逢勇者胜[比心],0
2025/3/11 8:19,[赞][赞][赞][赞][赞][赞][赞][赞][赞],0
2025/3/11 9:38,活累了[泣不成声]真打的时候需要我的时候我冲前面去,1
2025/3/11 10:27,美西方本来就是列强，穿一条裤子的强盗，见不得别人过得好[抠鼻],1
2025/3/11 10:41,是骡子是马逼着溜了,1
2025/3/11 13:49,我一个80后的妇女能做些什么？我也想参战,0
2025/3/11 16:37,主动出击,0
2025/3/11 23:36,第一个办他,1
2025/3/12 9:07,我体力不行 但国家需要我就上[悠闲],0
2025/3/12 13:19,@,0
2025/3/12 17:41,我们中国人不惹事[赞]但从不怕事[赞]谁怕谁啊，美国老，美国老除了会惹事，还会干嘛。,1
2025/3/12 19:42,会开起战争吗？,0
2025/3/13 0:00,跨越真空你真能[抠鼻],1
2025/3/13 2:47,放弃幻想,1
2025/3/13 7:33,中国人真要被外敌欺负了，会非常齐心抗敌，这是中华民族的一向传统精神,0
2025/3/13 8:26,美国人说话像老人痴呆，时好时坏，没有定性，,1
2025/3/13 11:49,如果开战 我愿意去前线为战士们烧饭做菜[捂脸],0
2025/3/13 16:09,美国不是不想跟我们干一场！,1
2025/3/13 17:17,漂亮国就是相赢怕输[吐血],1
2025/3/13 18:31,如果中国野心那么大，世界和平怎么来的？,0
2025/3/13 18:59,已经有五百架六袋战机下单了生产了，交期年底,0
2025/3/13 20:09,兴奋,0
2025/3/13 21:57,不要说了有本事来打，有来无回,1
2025/3/13 23:09,想看看谁的实力强[捂脸],1
2025/3/14 0:29,浪费钱不，不冲突就踏实的，这外国人脑子没法说，反正动下就干他,1
2025/3/14 6:55,梁上的兄弟是打出来的,1
2025/3/14 8:43,你看到我们鼻孔都在说话吗？美国佬你敢来试试,1
2025/3/14 9:47,实力地位出现反转,0
2025/3/14 10:51,兵来将挡，水来土囤,0
2025/3/14 11:00,[赞][赞][赞],0
2025/3/14 11:45,当国没有飞机大炮都没怕过美国，小米加步枪都打赢了，今天更不会怕，祖国万岁[赞],0
2025/3/14 12:02,总有那么一天的[碰拳],0
2025/3/14 12:24,[爱心][爱心][爱心][爱心][爱心],0
2025/3/14 16:14,他们哪有那么多兵力呀[捂脸]。,0
2025/3/14 16:28,你不尊重人[打脸],1
2025/3/14 16:52,你有啥实力[捂脸][捂脸][捂脸],1
2025/3/14 18:41,如果有战争，我上战场[爱心][爱心][爱心][爱心][爱心][爱心],0
2025/3/14 22:36,2025中国军事实力,0
2025/3/15 0:45,不冲突话，抓你？,1
2025/3/15 4:35,肛门,1
2025/3/15 11:19,[呲牙][呲牙][呲牙][赞][赞][赞],0
2025/3/15 18:22,好像之前不是这么说的[捂脸],0
2025/3/15 20:46,大不了就是死，虽然有孩子，有家庭，我不去，我的牺牲能给他们带来平安，无所谓了,0
2025/3/15 21:23,杀无赦,1
2025/3/16 7:02,美国这艘破船不打修修补补还能用几年，一打瞬间四分五裂[抠鼻],1
2025/3/16 15:04,一说打仗，莫名兴奋感觉[捂脸][捂脸][捂脸],0
2025/3/16 18:25,[捂脸][捂脸],0
2025/3/16 18:33,电影明星一样，挺帅的不过,0
2025/3/17 11:02,[玫瑰][玫瑰][玫瑰],0
2025/3/17 12:55,有点朗头青,1
2025/3/17 23:13,有本事跟我打。,1
2025/3/18 7:20,犯我中华者，必诛之，,1
2025/3/18 7:25,[赞][赞][赞][赞][赞][赞][赞][赞][赞],0
2025/3/18 21:14,虽然我是女的，开战了我可以进敢死队，只要祖国帮我照顾好我家人就行,0
2025/3/19 17:12,原来是这样,0
2025/3/19 17:43,下午好呀,0
2025/3/19 18:56,内容很精彩，值得推荐,0
2025/3/19 20:54,希望世界和平啊,0
2025/3/19 20:54,持续关注一下,0
2025/3/19 20:54,感谢博主分享呀,0
2025/3/19 20:54,希望能够世界和平吧,0
2025/3/19 20:55,愿世界和平,0
2025/3/19 21:12,中国加油,0
2025/3/19 21:14,博主手动点赞,0
2025/3/20 16:13,平时为民，战时为兵，生不忘国，死不留名，时刻准备着，,0
2025/3/21 15:30,打仗了,0
2025/3/21 18:25,给它一万个胆它都不敢,1
2025/3/21 18:34,不论真假中国要作好对美作战的准备。,1
2025/3/21 18:59,任何时候都要作好最坏打算，向最好努力，方能立于不败之地！,0
2025/3/21 19:01,不能不认真对待,0
2025/3/21 19:14,干就完了。,1
2025/3/21 19:29,新猴王和老猴王，必有一战！,0
2025/3/21 19:45,我要去小红书上问问美国人民[撇嘴],1
2025/3/21 19:54,我们也得做好准备[捂脸],0
2025/3/21 19:59,不要轻敌，应做好准备了。,0
2025/3/21 20:08,[抠鼻],1
2025/3/21 20:08,能把中国人笑醒了，能把美国人吓哭了。,1
2025/3/21 20:08,敢开战就不惯着他，鱼死网破，破釜沉舟，大不了同归于尽。,1
2025/3/21 20:09,[赞][赞][赞][赞][赞],0
2025/3/21 20:12,时刻准备着...............,0
2025/3/21 20:15,[赞][赞][赞][赞][赞][赞][赞][赞][赞][赞],0
2025/3/21 20:19,给它八个胆,1
2025/3/21 20:20,测试马斯克,0
2025/3/21 20:21,[赞][赞][赞][赞][鼓掌][鼓掌][鼓掌][感谢][感谢][感谢][感谢][感谢][玫瑰],0
2025/3/21 20:23,中国已经说了，不管你什么战，中国奉陪到底…,0
2025/3/21 20:26,总统画饼[鼓掌][鼓掌][鼓掌][鼓掌],0
2025/3/21 20:29,宁可信其有不可信其无,0
2025/3/21 20:31,有可能，,0
2025/3/21 20:32,觉得它们会，因为时间不站在它们那边,0
2025/3/21 20:37,谁怕谁啊大不了同归于尽,1
2025/3/21 20:47,川普是3岁的娃娃,1
2025/3/21 21:02,应该主动出击,0
2025/3/21 21:02,老特没抓他们就一目了然！,1
2025/3/21 21:03,先下手为强后下手遭殃,1
2025/3/21 21:16,佺 世界都在等中美开干,1
2025/3/21 21:20,越看老美越好玩[捂脸][捂脸],0
2025/3/21 21:23,管他是真是假  打倒美帝国主义的剑 早就磨亮,1
2025/3/21 21:35,早就该动手了打打吧,1
2025/3/21 21:35,早晚的事，不如先发制人,1
2025/3/21 21:45,准备打仗，丢掉幻想,1
2025/3/21 21:46,好像辟谣了,0
2025/3/21 21:47,[捂脸][捂脸][捂脸][捂脸][捂脸][弱][强壮],0
2025/3/21 21:50,研发制造钴弹，大不了同归于尽。,1
2025/3/21 21:51,看结果。,0
2025/3/21 21:54,"必然存在一个乃至多多多多个计划
[恐惧][恐惧][恐惧][恐惧]",1
2025/3/21 21:58,我们一定要有万全之策！！！,0
2025/3/21 22:02,应战[赞],0
2025/3/21 22:03,吧来就是杀，????????????,1
2025/3/21 22:03,有备无患！,0
2025/3/21 22:05,敢开战直接打到他们本土,1
2025/3/21 22:12,这有什么奇怪 ，我们也有 对美作战计划呀 ，你们觉得奇怪吗 ？,0
2025/3/21 22:18,做好准备就好,0
2025/3/21 22:33,做好战斗准备,0
2025/3/21 22:50,[赞][赞][赞][赞],0
2025/3/21 22:54,老马要查五角大楼的账了呗[打脸],1
2025/3/21 22:56,鲁比奥 给答案了[捂脸],0
2025/3/21 23:03,狮王争霸赛,0
2025/3/21 23:11,给我国传递信息呢[抠鼻],1
2025/3/21 23:18,全是圈套！,1
2025/3/21 23:23,时刻准备着！,0
2025/3/21 23:33,不要轻敌,0
2025/3/21 23:36,奉陪到底,1
2025/3/22 0:02,为什么都要等人家先行一步,0
2025/3/22 0:04,不要太相信特朗普,0
2025/3/22 0:23,宁可信其有，不可信其无！,0
2025/3/22 0:43,我好怕呀[流泪][流泪][流泪],0
2025/3/22 0:51,刚刚，他已经去了五角大楼了,0
2025/3/22 1:01,担心美国放烟雾弹,0
2025/3/22 1:17,中国一个四川省就吊打美国,1
2025/3/22 1:24,任何时候都不能轻敌,0
2025/3/22 1:28,我们还是要做好一切可能发生的准备。,0
2025/3/22 2:29,你越在意说明你越怕,1
2025/3/22 2:50,[抠鼻][抠鼻][抠鼻][抠鼻][抠鼻][抠鼻][抠鼻][抠鼻][抠鼻][抠鼻][抠鼻][抠鼻],0
2025/3/22 3:37,他们在测试马斯克[灵机一动],0
2025/3/22 4:59,老美是战争配出来的,1
2025/3/22 5:29,不会空穴来风,1
2025/3/22 5:30,做战争准备有备无患[赞][赞][赞],0
2025/3/22 5:49,真真假假虚虚实实,0
2025/3/22 6:05,尊严永远只在剑锋之上，真理永远只在大炮射程之内[灵机一动][看][斜眼],1
2025/3/22 6:11,@不在境外作战总有一天在本会生灵涂炭,1
2025/3/22 6:33,关注5月20号,0
2025/3/22 6:48,兵棋推演每年都会有,0
2025/3/22 6:56,我们应该把这个消息当真的听，防患未然，早作准备,0
2025/3/22 7:26,亦真亦假，做好准备,0
2025/3/22 8:15,收复美洲,1
2025/3/22 8:44,打吧,1
2025/3/22 8:58,帝国的余晖最后的挣扎！,1
2025/3/22 9:06,随时做好最坏的准备[大金牙][大金牙][大金牙],0
2025/3/22 9:18,此地无银！,0
2025/3/22 9:20,faked news always,1
2025/3/22 9:29,特朗普旁边那小子怎么总插话,0
2025/3/22 9:31,挺好，时刻准备着,0
2025/3/22 9:32,马斯克为什么不穿西装？！,0
2025/3/22 9:33,[灯笼][灯笼][灯笼][灯笼][灯笼],0
2025/3/22 9:33,有没有发现马斯克上半身特别硕大,1
2025/3/22 9:33,美中作战简报是20-30张幻灯片能讲清楚的吗？,0
2025/3/22 9:38,[呲牙]老马唯一亲中的,1
2025/3/22 9:42,特朗普给了马斯克金牌令箭[捂脸],0
2025/3/22 9:43,哈哈，信他们的话，会比猪上树更新奇[捂脸],1
2025/3/22 9:47,凡事美国的话根本不用去理会，加大军工投入，开阔深蓝秘境。,1
2025/3/22 9:54,肯定有,0
2025/3/22 9:56,冰冰憔悴了,0
2025/3/22 9:56,这很纽约时报,0
2025/3/22 10:01,旁边那座金色的漂亮的奖杯??是今年7月在美国举办的国际足联世俱杯的奖杯??！@王冰汝,0
2025/3/22 10:08,谣言，绝对是谣言，不要相信，总统都出来澄清了。但是，但是，特朗普的话能信吗[微笑],1
2025/3/22 10:09,[666],0
2025/3/22 10:09,如果不是，那怎么说爆料人是泄密者？,1
2025/3/22 10:10,风与雨,0
2025/3/22 10:11,我们要考虑先发制人,0
2025/3/22 10:13,[色][色][色][色],1
2025/3/22 10:14,马斯克是一个很特别的人，既不像一个商人也不像一个政客。,0
2025/3/22 10:17,时刻提防 准备着,0
2025/3/22 10:18,[赞][赞][赞][赞][赞][赞],0
2025/3/22 10:20,打是注定的，时间地点人物没有确定而已！,1
2025/3/22 10:24,马斯克的武器是遥控特斯拉吗[泪奔],0
2025/3/22 10:26,疑心听其有，不可听其无，防范于未来,0
2025/3/22 10:26,要来的终会到[感谢]干就完了,0
2025/3/22 10:28,老马视察五角大楼[捂脸],0
2025/3/22 10:43,他们哪来的胆要攻击中国？ [捂脸],1
2025/3/22 10:44,还是要小心[捂脸],0
2025/3/22 10:47,我们要随时准备着！,0
2025/3/22 10:53,人家主打代理人战争,0
2025/3/22 10:55,王冰汝好像脸瘦了,0
2025/3/22 10:57,是否假新闻的概率，得根据纽约时报既往新闻的失真率判断。,0
2025/3/22 10:59,不能放松警惕！时刻准备着！当那天来临时就是中华民族崛起之时。,0
2025/3/22 11:02,真真假假，按真的准备,0
2025/3/22 11:07,请你把字幕放大些可以吗,0
2025/3/22 11:13,冰冰，你瘦了啊,0
2025/3/22 11:13,川马毁美,1
2025/3/22 11:15,管他真假，我们不会掉以轻心！,0
2025/3/22 11:16,「这是好事儿」,0
2025/3/22 11:17,“我也不想，我只是迫不得已。”贸易战还没结束呢，谁开启的？,0
2025/3/22 11:18,鹰酱有本事过来给我一梭子啊！,1
2025/3/22 11:20,经济战就不是战争了？,1
2025/3/22 11:22,现阶段阿美利卡是不敢的,1
2025/3/22 11:26,敌人嗅觉很灵敏[抠鼻][抠鼻][抠鼻],1
2025/3/22 11:34,[鼓掌][鼓掌][鼓掌][鼓掌][鼓掌],0
2025/3/22 11:35,是不是要重启星球大战,0
2025/3/22 11:38,上欧洲挑衅来的,1
2025/3/22 11:39,早就该打了,1
2025/3/22 11:49,真不大可能，怕他泄密。,1
2025/3/22 11:57,既然是假新闻，那也不涉及泄密者啊,0
2025/3/22 11:57,宁可信其有，不可信其无，早作预防为上策。,0
2025/3/22 11:58,他对战争的理解有点狭隘了！从川普1.0时期，战争就已经开始了,1
2025/3/22 11:58,不想≠绝不,0
2025/3/22 12:02,无论消息真假，中国军队从不拒怕任何战争，,0
2025/3/22 12:04,时刻准备着,0
2025/3/22 12:06,泄密者还是诽谤者？真是的,1
2025/3/22 12:07,特斯拉啊，星链啊。,0
2025/3/22 12:09,如果现在叫停特斯拉上海超级工厂，特斯拉股票会不会直接跌80%呢？！,0
2025/3/22 12:11,特没谱说话根本不可信，时刻准备着！,1
2025/3/22 12:13,真的是能干的危险分子。,1
2025/3/22 12:17,马：特朗普，你在我办公室干嘛？,0
2025/3/22 12:20,fake news[抠鼻][抠鼻][抠鼻],1
2025/3/22 12:20,昂首挺胸,0
2025/3/22 12:21,反应如此激烈，大概率是真的了,0
2025/3/22 12:27,马斯克??是中美对抗最大敌人，这人非常非常危险??????????????????,1
2025/3/22 12:40,后半句才是心里话,0
2025/3/22 12:40,[赞],0
2025/3/22 12:40,老美的话要习惯反着听，越澄清，越真实,1
2025/3/22 12:41,看来真不是空穴来风呀[呲牙],1
2025/3/22 12:45,完了，老马已经被降级到商人了[看],1
2025/3/22 12:47,老美现在是患得患失，精神错乱，一天到晚赢赢赢,1
2025/3/22 12:48,你们见过特朗普紧急辟谣过吗[捂脸],0
2025/3/22 12:49,那必然要打到美国本土去，核弹毁了老美,1
2025/3/22 12:50,大妹子突然发型变了昂，风格也变了 [比心],0
2025/3/22 12:53,[赞][赞][赞],0
2025/3/22 12:53,[赞],0
2025/3/22 12:56,应当是真的。,0
2025/3/22 12:56,就是暂时没准备好而已，以后不好说,0
2025/3/22 12:59,别惹我！,1
2025/3/22 13:01,对特没谱来说没啥不可能[呲牙],1
2025/3/22 13:06,谢谢您评论点赞,0
2025/3/22 13:15,马斯克是不是穿防弹衣了？,0
2025/3/22 13:16,那就是要战争的意思了，特朗普都是相反的说。,0
2025/3/22 13:21,不管他怎么解释，反正我是相信是真的[抠鼻],0
2025/3/22 13:21,无论什么战争，中国都会奉陪到底,1
2025/3/22 13:23,纽约时报，哈哈哈,0
2025/3/22 13:24,不是 我们想啊,0
2025/3/22 13:24,转#特朗普称不想跟中国发生任何战争#,0
2025/3/22 13:24,他可以指使日本啊,1
2025/3/22 13:25,中国：编，接着编！,1
2025/3/22 13:25,肯定有,0
2025/3/22 13:26,嘴里那么说，谁知道心里怎么想的,1
2025/3/22 13:26,呵呵，贸易战不是战啊？,0
2025/3/22 13:26,关注,0
2025/3/22 13:27,说什么跟做什么是两回事,0
2025/3/22 13:27,不要相信！不要相信！不要相信！,1
2025/3/22 13:27,不想≠不能。需警惕！,0
2025/3/22 13:28,已经贸易战好多年了,0
2025/3/22 13:28,特朗普不想发动冷兵器战争是真的 他就想搞钱 各种方式,0
2025/3/22 13:29,他嘴里所谓的战争可能不包括生物战，还是要警惕,0
2025/3/22 13:29,贸易战就不是战争了,0
2025/3/22 13:29,中国也“完全有能力应对”,0
2025/3/22 13:30,#特朗普称不想跟中国发生任何战争#,0
2025/3/22 13:30,岛上美军最少3万多人,0
2025/3/22 13:30,醒目,0
2025/3/22 13:31,不相信特不靠谱的话，因为他是特不靠谱！,1
2025/3/22 13:31,如果说的是真的，那就是基因突变了,0
2025/3/22 13:31,真的吗我不信,0
2025/3/22 13:31,美国终于怕了,1
2025/3/22 13:32,美国终于怕了,1
2025/3/22 13:32,这老登说一套做一套,1
2025/3/22 13:32,说一套做一套,1
2025/3/22 13:33,大橙子的信誉度在国内连共享单车都骑不了,1
2025/3/22 13:33,????：菜就多练,1
2025/3/22 13:33,我要打女人前从来不会告诉女人我要打她,1
2025/3/22 13:34,有应战了吗,0
2025/3/22 13:34,我打你前会提前通知你请你做好准备,1
2025/3/22 13:34,放的烟雾弹,1
2025/3/22 13:35,以前没怕过你们，现在也不怕！,1
2025/3/22 13:36,作战计划肯定有，只是马斯克去听汇报，是为了核算资金的合理性吧,0
2025/3/22 13:37,特没谱还是那个特没谱，说话跟没说一下,1
2025/3/22 13:38,14亿中国人时刻准备应战，不慌[捂脸],0
2025/3/22 13:38,呵呵！,0
2025/3/22 13:39,那就关掉贸易战吧,0
2025/3/22 13:39,[哪吒使坏][哪吒使坏][哪吒使坏],0
2025/3/22 13:41,为啥提到中国，马斯克就会走出房间？,0
2025/3/22 13:42,谁也不想打，但若非要打，宁可两败俱伤也绝不让你胜???,1
2025/3/22 13:43,#商务部长会见多家美企##两会后美企组团来见中国商务部长#??,0
2025/3/22 13:43,老美的话要反着听,0
2025/3/22 13:43,我相信我妈也一定有能力应对,0
2025/3/22 13:43,懂的，对和谈做好了充分的准备。,0
2025/3/22 13:44,第二天：什么？昨天我一定是喝醉了！,0
2025/3/22 13:44,冷战也是战争，先把对华企业的制裁解决了先吧,0
2025/3/22 13:46,整个美国，缺一场朝鲜或者越南战争，脑子不清楚的厉害，自己几斤几两，没逼数,1
2025/3/22 13:46,就是真的，对华作战是美国历任总统的课题,1
2025/3/22 13:46,特朗普的言论似乎带有挑衅意味，但中国一直专注于和平发展，不会参与战争游戏。,0
2025/3/22 13:47,就是嘴上过瘾,1
2025/3/22 13:47,感谢分享太喜欢了,0
2025/3/22 13:47,川普：我只想挣钱，我只想打贸易战，我要挣钱，往死了挣钱，我要钱，我要利益。,1
2025/3/22 13:48,写的不错,0
2025/3/22 13:49,无论消息真假…中国要做好全面准备,0
2025/3/22 13:49,不能大意，要随时做好准备,0
2025/3/22 13:49,中午好呀,0
2025/3/22 13:49,骗人的鬼、特朗普的嘴，最不可信！我们还需要加快发展，经济增长练兵备战。,1
2025/3/22 13:49,愿世界和平,0
2025/3/22 13:49,对,0
2025/3/22 13:50,川普这套小儿科式的做法也只能骗骗公知殖人！,1
2025/3/22 13:51,持续关注国际新闻,0
2025/3/22 13:52,美国真伟大，无论音乐领域，还是科幻想象力都是全球的先驱，给全世界带来了启示和灵感，科技照进现实的典型例。,0
2025/3/22 13:53,[赞]  [赞]  [赞]  [赞]  [赞],0
2025/3/22 13:53,结尾的时候马斯克的推文说的是“泄密者”？那是不是说…,0
2025/3/22 13:55,这个世界究竟谁怕谁？,1
2025/3/22 13:55,广场舞,0
2025/3/22 13:55,是的和平更重要,0
2025/3/22 13:57,我们想揍他,1
2025/3/22 13:58,持续关注,0
2025/3/22 13:58,那贸易战科技战就不是战争了？,1
2025/3/22 13:59,要战争了，，，唉，,0
2025/3/22 14:00,下午好,0
2025/3/22 14:01,已结是战争了，只是不见硝烟的战争,0
2025/3/22 14:01,之前不是说 当总统 加沙就不会 有战争，现在加沙还不是 被 以炸,1
2025/3/22 14:04,下午好啊,0
2025/3/22 14:05,伪君子而已,1
2025/3/22 14:07,战争一直在进行，只不过方式方法不同了,0
2025/3/22 14:07,他的话一个字都别信。他想不想我们都不在意，我们的目标是让他不敢。,1
2025/3/22 14:07,这个你说的不算,1
2025/3/22 14:08,说归说。关键看怎么做,0
2025/3/22 14:08,反着听就行了,0
2025/3/22 14:08,真敢用“战争”这个词语，其实已经说明问题了,1
2025/3/22 14:09,无论真假，我们都要做好准备。,0
2025/3/22 14:09,感谢分享,0
2025/3/22 14:09,进攻他应该也打不过我们吧,1
2025/3/22 14:09,我们也有能力应对对美战争，真以为我们还是建国前啊,1
2025/3/22 14:09,抢不到,0
2025/3/22 14:10,但你却一直走在挑起战争的路上,1
2025/3/22 14:10,战争有很多种形式,0
2025/3/22 14:10,快来打吧 撑不住了,1
2025/3/22 14:10,商人和政治家是不一样的,0
2025/3/22 14:11,谢谢分享,0
2025/3/22 14:11,@观察者网:#特朗普称不想跟中国发生任何战争#【特朗普再回应：不想跟中国发生战争】#蜀安之声#,0
2025/3/22 14:12,川普喜欢生物武器//@恁恒:川普喜欢明抢钱和资源，不喜欢打仗拜登那一派则不介意通过挑起战争的方式发战争财。还是有区别的。//@阿苏肯:“我也不想，我只是迫不得已。”贸易战还没结束呢，谁开启的？,1
2025/3/22 14:13,不可信啊，还是警惕吧,1
2025/3/22 14:13,想的还是搞代理人,1
2025/3/22 14:13,这个都知道的,0
2025/3/22 14:13,中东要大规模干起来了,1
2025/3/22 14:13,放弃幻想，准备战斗,1
2025/3/22 14:14,感谢您的宽容,0
2025/3/22 14:14,但是美国不互坐等你变强，接下来，美国会对中国船只加收关税,1
2025/3/22 14:14,别信他们，经常搞说一套做一套,1
2025/3/22 14:14,盘他刚 有点慌 你确认？,1
2025/3/22 14:14,的确美国打不赢，就目前来看，美军整体实力比中国强，但是如果美国作为进攻方，根据战争推演，至少实力要是防守方的三倍以上，才有可能取胜，当然，如果中国去打美国本土…肯定也是打不赢的！！,0
2025/3/22 14:15,是该好好审视下自己,0
2025/3/22 14:15,#特朗普称不想跟中国发生任何战争#,0
2025/3/22 14:15,#热点观点##特朗普称不想跟中国发生任何战争#特朗普的话听听就行，毕竟是商人，一切“利益”为重！,0
2025/3/22 14:15,贸易战不是战争是吧？,0
2025/3/22 14:17,不错不错??感谢分享,0
2025/3/22 14:17,不打仗是因为没有必胜的信心或者胜利的代价太大了，并不是谁发善心了！我辈自强，强则止战,0
2025/3/22 14:17,打仗要花钱……,0
2025/3/22 14:18,一个六代ppt 也想来试试,1
2025/3/22 14:19,不是不想，只是不敢,0
2025/3/22 14:19,还是中国强大了，不然不会这么说,0
2025/3/22 14:20,昨天A股大跌的原因找到了,0
2025/3/22 14:21,先麻痹对手再突然发难,1
2025/3/22 14:21,为什么要动嘴,1
2025/3/22 14:21,口是心非,1
2025/3/22 14:21,如果是真的，特斯拉股价还得再腰斩,1
2025/3/22 14:21,特朗普:骗你的,1
2025/3/22 14:23,商人，向钱看。,0
2025/3/22 14:23,胸腔那么大是因为里面穿了防弹衣,1
2025/3/22 14:23,反话,1
2025/3/22 14:23,不要听他说了什么，要看他干了什么,0
2025/3/22 14:23,口是心非,1
2025/3/22 14:24,那他得要付出行动才行,0
2025/3/22 14:25,这叫人前一套人后一套，时刻准备着,1
2025/3/22 14:25,老美推演没停过 只是推演没赢过。[尬笑],1
2025/3/22 14:26,不想当最后一个美国总统。,0
2025/3/22 14:27,内容真的可以呀,0
2025/3/22 14:27,不是一直在战着吗,1
2025/3/22 14:28,此地无银三百两！,0
2025/3/22 14:28,贸易战，关税战，不是战争一种？,0
2025/3/22 14:29,川普的话特别不靠谱,1
2025/3/22 14:29,翻脸就是了。,1
2025/3/22 14:29,计划赶不上变化的,0
2025/3/22 14:29,特没谱,1
2025/3/22 14:29,不打战怎么进步？,0
2025/3/22 14:31,中国可以围绕这面旗帜开发文创产品，专门送给美国人,1
2025/3/22 14:32,你们两次投毒,1
2025/3/22 14:33,因为不能发生,0
2025/3/22 14:33,转发微博,0
2025/3/22 14:33,特朗普就是说一套做一套,1
2025/3/22 14:33,不要听他怎么说，要看他怎么做,0
2025/3/22 14:33,回复@人生过客zwl1979 的表态:,0
2025/3/22 14:33,回复@雀哥说体育 的表态:,0
2025/3/22 14:33,神经,1
2025/3/22 14:33,休想让我们放松警惕,1
2025/3/22 14:33,回复@邢昭林的铃铛芹芹 的表态:,0
2025/3/22 14:34,不要看他说了什么，要看他做了什么,0
2025/3/22 14:34,是？,0
2025/3/22 14:34,所以大饿和乌贼别听美帝的，继续干，乌贼千万别认克里米亚是大鹅的，毛子也别把吃了的吐出来,1
2025/3/22 14:35,打美国我想报名参军,1
2025/3/22 14:35,美国其实就是在炸，拿到谈判主导权,1
2025/3/22 14:35,不要听他怎么说，要看他怎么做,0
2025/3/22 14:35,不敢还是不想，老实交代！,1
2025/3/22 14:35,但他同时声称，如果战争真的爆发，美国“完全有能力应对”。,0
2025/3/22 14:36,少来 我们还是快点把战略核武数量提升到1500枚 然后战术核武提升到500枚 这才是我们要做的,1
2025/3/22 14:36,帝国主义向来很傲慢的，但凡是要讲道理，那是迫不得已得讲道理了,1
2025/3/22 14:36,它拿什么打,1
2025/3/22 14:36,这老头说一套做一套,1
2025/3/22 14:36,防人之心不可无。尤其是特没谱的人和话，我们还是小心为妙。,1
2025/3/22 14:36,下午好呀,0
2025/3/22 14:36,回复@财相伴 的表态:,0
2025/3/22 14:36,特朗普的本质就是炒作引流狗，现在有了另一个炒作狗马斯克功力大增了,1
2025/3/22 14:36,我美利坚天下无敌，东大不敢主动挑起战争，这是我美利坚的胜利啊！,1
2025/3/22 14:36,只要不真的打，就可以赢,0
2025/3/22 14:36,回复@Blue_满眼星辰 的表态:,0
2025/3/22 14:36,回复@aiovoie 的表态:,0
2025/3/22 14:36,米国解体，世界回到一极化，那样的世界还挺让人期待的。,0
2025/3/22 14:36,回复@绮璃梦 的表态:,0
2025/3/22 14:37,外交部：美方如果别有所图，执意打关税战、贸易战或者别的什么战，中方将奉陪到底  央视新闻的微博视频,0
2025/3/22 14:37,什么叫打不过？单凭你美的工业能力打的起来吗？,1
2025/3/22 14:37,“我也不想，我只是迫不得已。”贸易战还没结束呢，谁开启的？,1
2025/3/22 14:38,我们中国会怕你美国么，,1
2025/3/22 14:38,了解一下,0
2025/3/22 14:38,原来是这样啊,0
2025/3/22 14:38,持续关注,0
2025/3/22 14:38,已经了解到了呀,0
2025/3/22 14:38,持续关注后续发展,0
2025/3/22 14:38,看看后续怎么样,0
2025/3/22 14:39,特斯拉要悬了,0
2025/3/22 14:39,贸易战不是战？,0
2025/3/22 14:39,现在就在战争了,1
2025/3/22 14:39,等待后续吧,0
2025/3/22 14:39,哈哈,0
2025/3/22 14:39,这演的,1
2025/3/22 14:39,中国很强大,0
2025/3/22 14:39,持续关注吧,0
2025/3/22 14:39,口说无凭,0
2025/3/22 14:40,马斯克为什么不穿西装？,0
2025/3/22 14:40,看了博文真的很受启发。,0
2025/3/22 14:40,了解一下,0
2025/3/22 14:41,上上策:投降输一半。,0
2025/3/22 14:41,了解一下,0
2025/3/22 14:42,1,1
2025/3/22 14:42,大明和后金的比喻还是恰当的，其实美国、美军内部的有识之士肯定已经看出来了目前老美即使带上所有盟友根本不可能打得赢中国，一打就会是萨尔浒甚至是松锦之战，只是他自己国内经文入脑的赢学家实在太多了,0
2025/3/22 14:43,纽约时报背后是不是民主党？,0
2025/3/22 14:43,打起来啊，战争地点就在小日子过得不错的岛上就好了,1
2025/3/22 14:43,那只是他还没准备好我们不会放松警惕,0
2025/3/22 14:43,做好一切准备打赢美国????,0
2025/3/22 14:44,永远向往和平，但是永远要做好抵抗战争的准备,0
2025/3/22 14:45,老美还是投降吧，早投早享受,1
2025/3/22 14:45,战争也是一种生意,1
2025/3/22 14:46,美国对商人的定义和我们对商人的定义不一样，特朗普连伊朗革命卫队老大都直接暗杀，能抢就抢，能杀就杀，能骗就骗，这就是西方的商业模式。,1
2025/3/22 14:46,作战计划，一直都有各种预案。避免战争最好的办法就是，不断加强国防建设。人不犯我，我不犯人；人若犯我，定叫它有来无回。,0
2025/3/22 14:46,那就是想打仗了,1
2025/3/22 14:46,中美30年内不会动手,0
2025/3/22 14:47,无风不起浪,0
2025/3/22 14:47,愿世界和平,0
2025/3/22 14:47,谁怕你似的！！！,1
2025/3/22 14:48,疯普搁不住话,1
2025/3/22 14:49,想就正常，不想那就太不正常了没压力就没动力，我们和平太久了,0
2025/3/22 14:49,谁搭理你...,1
2025/3/22 14:50,武器装备又不是一天就能造好，军队又不是一天就能训练好，都要提前准备着,0
2025/3/22 14:50,一般这种言论的潜台词就是，会有战争,1
2025/3/22 14:51,只是时间问题,0
2025/3/22 14:51,下午好呀,0
2025/3/22 14:52,鹰酱有本事过来打我一梭子啊！,1
2025/3/22 14:52,1,1
2025/3/22 14:52,它爱想不想被，总是一天天的盯着它说什么，闲的。,1
2025/3/22 14:53,持续关注,0
2025/3/22 14:53,资讯反着听，不会被人阴,1
2025/3/22 14:53,来广州试试,0
2025/3/22 14:53,下午好,0
2025/3/22 14:53,半真半假！千万别当真就好,0
2025/3/22 14:54,不要听他们怎么说，要看他们怎么做,0
2025/3/22 14:55,世界和平,0
2025/3/22 14:56,川建国同志这是和熊猫亮底牌了：我只要台积电，你们收台湾我不掺和，连代理人战争都不会和你们打，你们收台湾就趁我任内这未尝不是一种默契,1
2025/3/22 14:56,时刻准备着,0
2025/3/22 14:56,岛子这层膜可太精贵了，一旦捅破了，总有一家要露出屁股来，也许还不止一家,1
2025/3/22 14:56,#特朗普称不想跟中国发生任何战争# 他强由他强，清风拂山冈……,0
2025/3/22 14:56,凯申公的“转进”，三哥的“越野撤退”也是应对吧？甚至“你有狼牙棒，我有天灵盖”不是应对吗？,0
2025/3/22 14:57,说的好啊,0
2025/3/22 14:57,这回你说不想了，还不好使了呢,1
2025/3/22 14:57,还真打不过中国，人力物力武器中国都有优势,0
2025/3/22 14:58,越说不想，离战争就越近。我们已经做好准备,1
2025/3/22 14:58,翻译出来就是准备打仗,1
2025/3/22 14:59,我信你个鬼，你个糟老头子坏的很,1
2025/3/22 14:59,王冰汝是我的小老婆[发呆],1
2025/3/22 14:59,抗美援朝那么艰难的时期我们都没输，现在更没可能输，现在主要还是怕西方经济制裁,0
2025/3/22 15:00,发生战争真的两败俱伤，和平发展挺好的#特朗普称不想跟中国发生任何战争#,0
2025/3/22 15:00,心口不一的特不靠谱,1
2025/3/22 15:00,下午好宝??感谢分享！,0
2025/3/22 15:00,玩游戏都知道，地图上有一个跟你势力规模差不多，又没把握打赢的，都不愿意跟对方开战,0
2025/3/22 15:00,贸易难道不是特朗普搞的典型的说一套做一套,1
2025/3/22 15:01,感谢祖国强大,0
2025/3/22 15:01,既然还是想搞代理人战争，大漂亮应该让癞蛤蟆先开第一枪。,1
2025/3/22 15:01,军费多多，怎么都比战争赔款强,0
2025/3/22 15:02,你来呀！来呀！[呲牙][呲牙],0
2025/3/22 15:02,转发微博,0
2025/3/22 15:03,战争已经不止在真刀真枪的战场上，商业、政治、文化、意识形态处处都是烽火 川普嘴，呵呵……谁信谁傻子,1
2025/3/22 15:03,口水佬冇句真！,1
2025/3/22 15:03,关键，美已在欧洲点着火了，下了仇恨种，现抽身变假好人。着手点亚洲火了,1
2025/3/22 15:03,阿欧！尴尬了，为何留言每一个相信特朗普呢？。关税和巴拿马运河港口的事情不算对不对,0
2025/3/22 15:03,老美一直在暗戳戳的下手。,0
2025/3/22 15:04,典型的敢说不敢当之侪呀,1
2025/3/22 15:04,不想和我们正面发生，但是不代表他不会利用别的国家，从而获取盈利，毕竟漂亮国是靠这个发家的,1
2025/3/22 15:04,川子，你那张绿纸已经不防弹了。忽海无涯，爷们儿别赔了夫人又折兵,1
2025/3/22 15:04,确实，不想也不敢,0
2025/3/22 15:04,我也觉得是，特朗普不爱打仗，他在位的四年是唯一没有发动过战争的总统，因为他是商人,0
2025/3/22 15:05,只是说泄密，那肯定有参与了,1
2025/3/22 15:05,何必呢？一起瓜分世界#特朗普称不想跟中国发生任何战争# 华为小米股票,0
2025/3/22 15:06,去年中国在全世界人民面前成功试射了一枚洲际核弹道导弹之后，美帝内心是慌得一批！,1
2025/3/22 15:06,他上年纪了 有点躁郁症和老年痴呆,1
2025/3/22 15:06,美帝国主义纸老虎,1
2025/3/22 15:06,你不想就不想？,1
2025/3/22 15:06,主要是还没把握,0
2025/3/22 15:07,感谢分享,0
2025/3/22 15:07,贸易战？,0
2025/3/22 15:08,是吗？不管真的假的，我们都随时奉陪,1
2025/3/22 15:08,居安思危,0
2025/3/22 15:08,又当又立,1
2025/3/22 15:08,吓唬谁呢,1
2025/3/22 15:09,真心不错，我喜欢,0
2025/3/22 15:09,热战到来之时，就是中华登顶之日！,0
2025/3/22 15:09,放弃幻想 做好准备,0
2025/3/22 15:10,来嘛！随便你怎么想都行！犯我者虽远必诛！,1
2025/3/22 15:10,第一名跟第二名说我不学了,0
2025/3/22 15:10,建国的孙女中文学的非常棒。所以他的脑子和家庭教育不是表面看着那么简单，事实上马斯克也是美国人不是么。所以他无论做出任何对美国有利的举动都不意外[哪吒嘟嘴]。我不会相信一个美国资本会在两国冲突的时刻站东大,1
2025/3/22 15:10,他说话和放屁一样，不受控制,1
2025/3/22 15:11,马斯克搞得像总统一样[捂脸]。,0
2025/3/22 15:11,他越是这么说，那就越危险,1
2025/3/22 15:11,弄,0
2025/3/22 15:11,不管他们演什么红白脸，总之做好准备应对一切挑战,0
2025/3/22 15:11,了解到了，感谢分享！,0
2025/3/22 15:11,贸易战不是美国发出的么？还不想发生任何战争,0
2025/3/22 15:11,贸易战不是战？,0
2025/3/22 15:12,信你特么个鬼，科技战、贸易战、金融战不是战争吗？死特不靠谱,1
2025/3/22 15:12,要是真的爆发战争，我个人是不怕的因为作为一个普通人怕也没有用只能接受。,0
2025/3/22 15:12,现在是美国向中国投降的最好时候,1
2025/3/22 15:12,没有硝烟的战争也是战争！,0
2025/3/22 15:13,大不了夏威夷不要了，,1
2025/3/22 15:14,陰晴不定的人是不可靠的，嘴上說支持一個中國的原則，結果就賣武器給台灣，那你說呢？靠譜嗎？,1
2025/3/22 15:14,欲擒故纵。,0
2025/3/22 15:14,好像没干过你似的,1
2025/3/22 15:14,他这句话后面还有一句话被媒体剪辑了,0
2025/3/22 15:15,傀儡战争就不是战争了？,1
2025/3/22 15:15,美国对俄罗斯也是这么说的，后来一直军事援助乌克兰,0
2025/3/22 15:15,川普说，不想发生战争，就是我想准备打你了,1
2025/3/22 15:15,想到特斯拉,0
2025/3/22 15:15,关税、制裁名单…来点实际的，别务虚[哪吒使坏],1
2025/3/22 15:16,谁能说清楚降低关税好还是不好？ 降低关税以后是不是很多东西都会变便宜,0
2025/3/22 15:16,口蜜腹剑,1
2025/3/22 15:16,东方应该引起足够重视。时刻参与研制美国下一代f 47.,0
2025/3/22 15:16,缓兵之计，有可能是真的，要小心了,0
2025/3/22 15:17,口是心非,1
2025/3/22 15:17,朋友来了有好酒，敌人来了有猎枪,1
2025/3/22 15:17,那赶紧把那些你的狗教育教育,1
2025/3/22 15:17,放屁  现在知道关税没用是吧 下一招就是货运港口战 还不是一样搞,1
2025/3/22 15:17,那你可不可以先派日本来试试水,1
2025/3/22 15:18,除了热战之外，其他形式的战争都打了,0
2025/3/22 15:18,有一种恐慌感，我不知道为什么就是很恐慌。他们有计划了，不然特朗普不会这么着急否认的。#特朗普称不想跟中国发生任何战争#,1
2025/3/22 15:18,厉害了我的特没谱。加油我的特没谱。了不起我的特没谱。。。。,1
2025/3/22 15:18,你们相信吗？#特朗普称不想跟中国发生任何战争#,0
2025/3/22 15:19,感谢博主分享,0
2025/3/22 15:19,仔细看了一下，已经清楚了。,0
2025/3/22 15:19,[赞][赞][赞],0
2025/3/22 15:19,只要不打，美国就能赢，懂王再傻也不会打,0
2025/3/22 15:20,我信你个鬼，你个糟老头，坏的很,1
2025/3/22 15:20,特朗普真的是言而无信,1
2025/3/22 15:20,好哇,0
2025/3/22 15:20,贸易战，舆论战，科技战，文化战都是战争,0
2025/3/22 15:20,做好准备，歼灭一切来犯之敌,1
2025/3/22 15:21,说明他有认真考虑,0
2025/3/22 15:21,你最好是,1
2025/3/22 15:21,下午好呀,0
2025/3/22 15:21,他只是打不过罢了,1
2025/3/22 15:21,只打经济战而已,0
2025/3/22 15:21,现在全世界都不会相信美国！！！美国的所有虚伪假面都被现实一层一层撕下来了！！！,1
2025/3/22 15:22,特朗普:我只是说不想发生战争，没说不挑起战争哟。,0
2025/3/22 15:22,#特朗普称不想跟中国发生任何战争# 不要相信，不要惧怕，做好发展，做好准备,0
2025/3/22 15:22,咱也不怕他,1
2025/3/22 15:22,现在不是经济战争吗？,0
2025/3/22 15:23,纽约时报背后民主党操控！和中国打仗挑起第三次世界大战是民主党的梦想！,1
2025/3/22 15:24,还要装小白花啊,1
2025/3/22 15:24,否认的话，就是真的大英内阁汉弗莱如是说,0
2025/3/22 15:25,鹅贼乌贼别听他的 继续打 别停 这家伙信口开河 言而无信 出尔反尔,1
2025/3/22 15:25,爱护和平,0
2025/3/22 15:26,别信这个老登,1
2025/3/22 15:27,说这个有什么用,1
2025/3/22 15:27,下午好呀,0
2025/3/22 15:27,打得过，打不过，只有打一架才知道。。。,1
2025/3/22 15:27,说什么不重要，重要的是你做什么,0
2025/3/22 15:28,川普 胃口 你永远满足不了， 你让利给他一座 山 ，他说 你很棒 但这不够，你得让我 一片海， 当你让利他一片海 他说这不够，你得让利我  一个星球、、、、、、,1
2025/3/22 15:28,贸易战 生物战 金融战 粮食战 … 还少吗？,0
2025/3/22 15:28,教员说过，美国人的话一个字都不能信,1
2025/3/22 15:28,美帝主义，亡我之心不死,1
2025/3/22 15:28,美帝玩不了明的就来阴的，贸易战、金融战、科技战、舆论战、生物战，都玩低成本消耗的战略，坏得很。,1
2025/3/22 15:30,话术已经变成完全能应对了吗,0
2025/3/22 15:30,那就老实的,1
2025/3/22 15:30,正常，我们对美战争计划书应该也更新了几十版了,0
2025/3/22 15:30,放心吧它们不敢,0
2025/3/22 15:30,好好好,0
2025/3/22 15:31,他说不想，那就是想,1
2025/3/22 15:31,戰爭會兩敗俱傷別人漁翁得利,0
2025/3/22 15:31,最好是这样,0
2025/3/22 15:31,不要看这个人说什么 要看这个人做什么,0
2025/3/22 15:32,老东西说话别信就行了,1
2025/3/22 15:32,后面的一句呢？咋不标题呢,1
2025/3/22 15:32,中国爱好和平,0
2025/3/22 15:33,美国凡事必提中国啊,0
2025/3/22 15:33,贸易战不是战,0
2025/3/22 15:34,我不打架，但不停恶心你，我赌你脾气很好，一直不会生气.......,1
2025/3/22 15:34,说话等于放屁,1
2025/3/22 15:35,新冠不是战争？害人终害己,1
2025/3/22 15:35,中国人民绝对不想战争，决不惧怕战争。,0
2025/3/22 15:35,日本珍珠港轰炸前几天，还对美国进行友好访问，谈合作。,0
2025/3/22 15:36,你想想都知道是真的还是假的了？用脑子思考的人都知道真假。,1
2025/3/22 15:36,别被麻痹啊，说不定真要打,1
2025/3/22 15:36,路过,0
2025/3/22 15:36,老美是拖延战术，已经偷到了六代机技术????????死汉奸,1
2025/3/22 15:37,@逍遥人间_11 你真的让我感到恶心,1
2025/3/22 15:37,老美精得很 恃强凌弱老油子了,1
2025/3/22 15:37,和平相处,0
2025/3/22 15:37,特朗去说话我不信，不过我坚信我的祖国中国,0
2025/3/22 15:38,川普怕了我大中华,0
2025/3/22 15:38,感谢分享,0
2025/3/22 15:38,口蜜腹剑,1
2025/3/22 15:38,贸易战，科技战算不算,0
2025/3/22 15:38,信你个鬼,1
2025/3/22 15:39,关键是你也未必打的过我们！,1
2025/3/22 15:39,感谢分享,0
2025/3/22 15:39,"美国的远程养殖战,中国已经被打败了，你看网上的大殖子，那个不是呲牙咧嘴搞思想破坏！",1
2025/3/22 15:40,其实这还是秘密吗？美国嘴上一套背后一套的。,1
2025/3/22 15:40,川普又演戏呢,1
2025/3/22 15:40,不想但是依然在各种明里暗里挑动，不忘看说什么要看他做什么！！,1
2025/3/22 15:40,第三次世界大战？？,0
2025/3/22 15:40,美国人的话一句也不能信,1
2025/3/22 15:41,热战是不可能的，但别的形式正在进行,0
2025/3/22 15:41,民主党下烂药??,1
2025/3/22 15:41,男人的话能算数，母猪都可以上树了。,1
2025/3/22 15:41,下午好呀我来看看,0
2025/3/22 15:41,毕竟我们很强大,0
2025/3/22 15:41,哈哈哈哈，不怕firearm，而是levy杆,1
2025/3/22 15:41,时刻准备着！不能掉以轻心,0
2025/3/22 15:41,川建国 你最好是真的，不要违背使命,1
2025/3/22 15:41,没事就搞贸易战,1
2025/3/22 15:42,信他说，母猪能上树,1
2025/3/22 15:42,商战、金融战、宣传战也都停了呗,0
2025/3/22 15:43,没事儿别发动战争，画个圈圈诅咒你??,1
2025/3/22 15:43,funny mud P,1
2025/3/22 15:43,更应该不能放松警惕，都是烟雾弹,0
2025/3/22 15:43,骗鬼,1
2025/3/22 15:44,美国肯定已经在准备了。,0
2025/3/22 15:44,主要是凭什么觉得他能打的过？论意志我不输，论凝聚力我不怵，论钢铁我不缺，你美有什么能力打的过东大？我寻思中国是啥资源都缺，但你美国地下也没钢铁啊,1
2025/3/22 15:44,打的赢的话，米国佬会说这些？那不都是直接上手吗？,1
2025/3/22 15:45,不要听别人说什么，要看他做什么,0
2025/3/22 15:45,随便你想不想，论打仗，你就是个弟弟,1
2025/3/22 15:46,不要有任何幻想，准备战斗。,1
2025/3/22 15:46,美国的话反着听就是了。。。,1
2025/3/22 15:46,这货说话都不能信，凑合听吧,1
2025/3/22 15:46,贸易战也是战,0
2025/3/22 15:46,辟谣等于实锤，准备战斗吧,1
2025/3/22 15:46,算你识相,1
2025/3/22 15:47,但他说如果真的发生战争他们已经全面准备好了,0
2025/3/22 15:48,支持主播,0
2025/3/22 15:49,你们就没消停过吧,1
2025/3/22 15:49,分享图片,0
2025/3/22 15:50,谢谢分享啊,0
2025/3/22 15:50,第四次世界大战一定是棍棒和石头,0
2025/3/22 15:51,别信,1
2025/3/22 15:51,有些搞zz的人真无聊，让老百姓过好日子才是重点,1
2025/3/22 15:51,你最好不想,1
2025/3/22 15:51,这老扁儿说话跟放Ｐ一样,1
2025/3/22 15:52,那为什么不家里老实待着好好凭自己双手努力奋斗建设自己的国家，还天天惦记着别人家的东西抢自己家里来,1
2025/3/22 15:52,????总统说的话还没有娱乐圈八卦准确性高,1
2025/3/22 15:52,要是听你美国的胡咧咧我年都过错了,1
2025/3/22 15:53,按道理 中国对马斯克应该有所防备才应该啊,0
2025/3/22 15:54,#特朗普称不想跟中国发生任何战争# 绝不能轻信！也是试图站上道德高地，为未来指责中国扩张引发全球危机的铺垫动作之一。,1
2025/3/22 15:54,帝国主义从来不会好好说话，除非你真的有能力把它打疼了,1
2025/3/22 15:55,老特，这次怎么没带红领巾,1
2025/3/22 15:55,说这话你自己信吗？,1
2025/3/22 15:56,可能真要来了 提高警惕,0
2025/3/22 15:56,回复@画画笙 的表态:,0
2025/3/22 15:57,回复@鹿鹿1001 的表态:,0
2025/3/22 15:57,回复@天晓得54916 的表态:,0
2025/3/22 15:57,回复@溪流聪 的表态:,0
2025/3/22 15:57,嘴巴和内心是刚好相反的。我们提前做准备就好，真打还是虚晃一枪都无所谓，提前准备，万无一失,0
2025/3/22 15:58,感谢博主分享的精彩内容,0
2025/3/22 15:58,呵 切,1
2025/3/22 15:58,贸易战不是战争？,0
2025/3/22 15:58,糟老头子坏的很,1
2025/3/22 15:58,小嘴一噘 胡言乱语,1
2025/3/22 15:58,感谢分享,0
2025/3/22 15:59,翻译：我是没有碰她但是不代表我羊尾了,1
2025/3/22 16:01,巧了，我们也是,0
2025/3/22 16:01,生物战比战争还可怕！,0
2025/3/22 16:01,你就吹牛逼吧，做好准备,1
2025/3/22 16:01,不要看他说了什么，要看他做了什么,0
2025/3/22 16:02,无论如何做好准备,0
2025/3/22 16:02,感谢分享,0
2025/3/22 16:02,因为热战烧钱啊川普满脑子??都是在想??，贸易战卡脖子，移民收巨额??都是为了??,1
2025/3/22 16:03,挺好的，继续加油,0
2025/3/22 16:03,哈哈，现在大家都形成共识了:老美，你要战便战！,0
2025/3/22 16:04,要不就找个地方磕一下,1
2025/3/22 16:04,这不是兔子以前的台词，他他他他抢戏,0
2025/3/22 16:04,口不对心的老头,1
2025/3/22 16:05,战争是极为不确定的，真打起来谁都说不好。但当下老美确实没有战的心气,0
2025/3/22 16:06,弹药不是都送给了乌克兰吗？,0
2025/3/22 16:06,是是是，只是卖掉破烂武器，搞点水军。tui,1
2025/3/22 16:06,美国管泽元,1
2025/3/22 16:06,谁不是呢,0
2025/3/22 16:07,下一届马斯克竞选总统,0
2025/3/22 16:07,哦！这不就说明这个作战计划是存在的，金毛不用说得这么隐晦，还觉得自己说话技巧多高似的,1
2025/3/22 16:07,这话说的好像贸易战不是你们老美挑起来的一样,1
2025/3/22 16:07,当他们胜率超过70%的时候，会毫不犹豫的攻击的,0
2025/3/22 16:08,如果开战就是第三次世纪大战人类直接灭绝,1
2025/3/22 16:08,意思是正在准备,0
2025/3/22 16:08,黄毛讲话三分钟就可以180度转变,1
2025/3/22 16:09,兵者，诡道也。,0
2025/3/22 16:10,这家伙谎话连篇，这货很喜欢迷惑对手的,1
2025/3/22 16:11,放弃幻想,1
2025/3/22 16:11,是准备了足够的法国国旗吗？,0
2025/3/22 16:11,随便听听得了,0
2025/3/22 16:12,不能轻敌，,0
2025/3/22 16:12,战一下吧，生产太多东西可,1
2025/3/22 16:13,发的太好啦??,0
2025/3/22 16:13,下午好呀,0
2025/3/22 16:13,说不定就是周五A骨大跌的小作文,1
2025/3/22 16:15,开门！自由贸易！！！,0
2025/3/22 16:15,中东来一战吧,1
2025/3/22 16:15,#特朗普称不想跟中国发生任何战争# 特朗普再回应：不想跟中国发生战争。美媒《纽约时报》日前抛出一爆炸性大新闻，声称马斯克将在五角大楼“听取美国军方有关潜在对华战争计划的绝密简报”。,0
2025/3/22 16:15,虚张声势。,1
2025/3/22 16:16,讲这个话一般都是在准备，准备随时开战一般就是嘴上说说。,0
2025/3/22 16:16,让你猜对了,0
2025/3/22 16:17,不管是任何时间任何方式两国都不要发生战争，祈祷??和平。,0
2025/3/22 16:18,下午好呀,0
2025/3/22 16:18,时刻准备，时刻提防，美国不可信//@富在买房:特没谱说话根本不可信，时刻准备着！,0
2025/3/22 16:18,反的吧,1
2025/3/22 16:19,多半是真的吧！必须时刻准备着！,0
2025/3/22 16:19,特不靠谱的话不能信,1
2025/3/22 16:19,一般说我不想这么做、我不想伤害你、我不想惹你生气其实已经惹别人生气了，已经开始对别人实施伤害了才会说这句,1
2025/3/22 16:19,不打的目的是维持赢，毕竟他们有媒体霸权,1
2025/3/22 16:20,不熟，别来,1
2025/3/22 16:20,经济战都好过打仗,0
2025/3/22 16:20,哎嘛可真敢说？难道还想打我们不成,1
2025/3/22 16:20,做好了Der的准备，弹药都快尽了,1
2025/3/22 16:20,不要相信对方说了什么 而要看对方做了什么,0
2025/3/22 16:21,怂,1
2025/3/22 16:21,辟谣就是真的,1
2025/3/22 16:24,喜欢上了,0
create_time,content,0
