timestamp,content,label
2025/3/21 5:24,看到顶端新闻、新京报报道，有了最新进展消息，2025年3月25日在威海中级法院开庭@新闻姐,0
2025/3/21 8:49,怎么下得去手呢。心里都揪的疼。,0
2025/3/21 8:49,畜牲啊！畜牲啊！！！,1
2025/3/21 8:50,啥都不想说了，枪毙吧！,1
2025/3/21 8:52,没有人性，畜牲不如,1
2025/3/21 8:53,[裂开]看不了这些??,0
2025/3/21 8:53,太可怕了[捂脸][捂脸][捂脸],0
2025/3/21 8:54,母爱哪去了,1
2025/3/21 9:01,太没人性了，自己的亲生孩子都不放过，还能让她活？判死刑，立即执行！,1
2025/3/21 9:01,"太不是东西啦！直接死刑[泣不成声][感谢]
可怜的孩子[泣不成声]",1
2025/3/21 9:02,大数据一定要让手机尾号1314的女人刷到这条数据,1
2025/3/21 9:06,判无期吧，让里面朋友们多关照一下不比死刑强,1
2025/3/21 9:08,[感谢][感谢][感谢],0
2025/3/21 9:09,[感谢][感谢][感谢],0
2025/3/21 9:09,死刑太便宜二了应该关进牢里派他二做最重最累最脏的活！终身不得出来！,1
2025/3/21 9:11,[流泪][流泪][流泪][流泪][流泪][流泪][流泪][流泪][流泪][流泪][流泪][流泪][流泪][流泪][流泪][流泪][流泪][流泪][流泪][流泪][流泪][流泪][流泪][流泪][流泪][流泪][流泪][流泪][流泪][流泪][流泪][流泪][流泪][流泪][流泪][流泪][流泪][流泪][流泪][流泪][流泪][流泪],0
2025/3/21 9:13,怎样能下得去手呢？两个人都判死吧！,1
2025/3/21 9:13,这个让我想起来那个。看他妈妈来了放松了挣扎的孩子。最后被后爸和亲妈掐死。,1
2025/3/21 9:15,是亲妈吗，直接枪毙，立即执行才行,1
2025/3/21 9:16,@小薯条＆mama 亲妈勒，我还以为是后妈[泣不成声],0
2025/3/21 9:20,不是天生爱人？,1
2025/3/21 9:21,@彦冬??,0
2025/3/21 9:21,既然不爱，为啥要抢抚养权,1
2025/3/21 9:21,必须死刑,1
2025/3/21 9:21,判他们死刑,1
2025/3/21 9:22,原不原谅 是孩子的事情 我们唯一能做的 就是送她们去见孩子,1
2025/3/21 9:23,虐待幼童是不是要加重处罚，故意杀人罪！偿命！,1
2025/3/21 9:23,有些人多想要个孩子都要不到，哎[微笑][微笑][微笑],1
2025/3/21 9:23,一死一无期,1
2025/3/21 9:24,[感谢][感谢][感谢],0
2025/3/21 9:26,不想养就不要生,1
2025/3/21 9:26,就这样的为啥还要判 直接枪毙一万次都不解恨[发怒][发怒],1
2025/3/21 9:27,必须死刑！,1
2025/3/21 9:27,这娘们够狠的，枪毙800回都不解恨呀,1
2025/3/21 9:28,这怎么做到的[发呆],0
2025/3/21 9:28,孩子跟着爸还是自己孩子 跟着妈 除非不嫁 嫁人了就不一样了,1
2025/3/21 9:28,畜生,1
2025/3/21 9:29,@大洋洋,0
2025/3/21 9:29,给山东人抹黑,1
2025/3/21 9:30,杀,1
2025/3/21 9:30,枪毙[咒骂][咒骂][咒骂]枪毙十回都不够,1
2025/3/21 9:31,[感谢][感谢][感谢],0
2025/3/21 9:31,[一起加油][一起加油][一起加油][一起加油][一起加油][一起加油],0
2025/3/21 9:31,动物都看不得受伤，活生生的孩子，一点感情都没有吗？建议严惩凶手,1
2025/3/21 9:32,我的天！亲生的,0
2025/3/21 9:32,孩子逃不了  自己的亲妈上哪逃呢   自己的妈都不爱 谁还爱？哎,1
2025/3/21 9:32,像黄梓撤这样的案件怎么那么多？呼吁国家介入吧！,0
2025/3/21 9:33,太狠啦[泣不成声],1
2025/3/21 9:33,@张z,0
2025/3/21 9:34,畜牲,1
2025/3/21 9:34,哎，可怜的孩子，也算是脱离了魔爪，不然这次不死也是一顿毒打，和不幸的童年阴影,0
2025/3/21 9:35,去年还是前年，不也是山东有一个孩子被亲妈和后爸弄死了的吗？[发怒],1
2025/3/21 9:35,怎么可以这么残忍，他只是个孩子，还没来得及看看外面的世界[流泪],0
2025/3/21 9:39,畜生都不如！！！！,1
2025/3/21 9:40,凌迟处死 最好的选择,1
2025/3/21 9:40,这孩子为啥判给母亲了？这母亲明显不想要吧,1
2025/3/21 9:40,请务必判处死刑并立即执行,1
2025/3/21 9:41,虎毒不食子，叫人，必须判死刑,1
2025/3/21 9:42,死刑，禽兽不如[流泪][流泪][流泪][流泪][流泪],1
2025/3/21 9:42,我记得在我们内蒙也发生了这样类似的事，不知道咋解决的,0
2025/3/21 9:43,[微笑]为什么只能判死刑！恢复凌迟！,1
2025/3/21 9:45,@谷谷 逆天,0
2025/3/21 9:45,虎毒不食子,1
2025/3/21 9:46,这种畜生必须死刑,1
2025/3/21 9:46,畜生,1
2025/3/21 9:46,让他们慢慢死。。。。。。,1
2025/3/21 9:49,[感谢],0
2025/3/21 9:51,死刑！！！[发怒][发怒][发怒],1
2025/3/21 9:51,建议无期，终身不可缓刑,1
2025/3/21 9:52,支持到死形俩个人都判,1
2025/3/21 9:52,同等虐待他们到死,1
2025/3/21 9:53,@proloong,0
2025/3/21 9:54,@富婆 死去吧,1
2025/3/21 9:55,@许?七安??? ?? ？[发呆],0
2025/3/21 9:55,[炸弹][炸弹][炸弹],1
2025/3/21 9:55,死刑,1
2025/3/21 9:58,@西红柿炒番茄,0
2025/3/21 10:00,@胡萝北??,0
2025/3/21 10:00,[感谢][感谢],0
2025/3/21 10:00,必须死刑,1
2025/3/21 10:02,俩人都给我死刑,1
2025/3/21 10:03,@FFF.,0
2025/3/21 10:03,死刑吧,1
2025/3/21 10:03,畜生啊,1
2025/3/21 10:04,必须一命抵一命不是人活着干嘛,1
2025/3/21 10:04,两个恶魔都给我死，必须死刑[流泪][发怒][发怒][发怒],1
2025/3/21 10:05,畜生不如啊,1
2025/3/21 10:07,亲妈[快哭了][快哭了][快哭了],0
2025/3/21 10:07,无期吧让里头的教育一下[看],1
2025/3/21 10:07,严惩凶手,1
2025/3/21 10:09,那个女人有情人这么狠还敢跟他过日子[尬笑],1
2025/3/21 10:10,@749锚民,1
2025/3/21 10:11,@菠萝可乐达,0
2025/3/21 10:12,妈妈怎么能不阻止，孩子都是心头肉啊[流泪][流泪][流泪]。山西的还没消息？,0
2025/3/21 10:12,确定是亲妈吗,1
2025/3/21 10:12,严惩凶手[炸弹],1
2025/3/21 10:13,我们县城十年前也有一模一样的案子，老公在国外打工，孩子被老婆跟情人打死了,0
2025/3/21 10:13,[赞][赞][赞][赞],0
2025/3/21 10:15,为撒要判给女方呢？？？,1
2025/3/21 10:15,为什么要让孩子跟着一个出轨的女人生活[酷拽],1
2025/3/21 10:15,死刑[炸弹],1
2025/3/21 10:15,畜生,1
2025/3/21 10:15,杀人偿命嘛，都死刑就完事了,1
2025/3/21 10:15,畜牲，都应该枪毙，凌迟，太可恨了,1
2025/3/21 10:16,不给她折磨致死都是便宜他了,1
2025/3/21 10:17,@??妹,1
2025/3/21 10:17,绝不原谅！！！绝不！！！,1
2025/3/21 10:17,都判死刑，立即枪毙，不然天理难容,1
2025/3/21 10:18,都一年了，拖到现在 真的是,1
2025/3/21 10:18,能不能全都死刑，给他俩送到俄乌，或者中东吧,1
2025/3/21 10:19,[发怒],1
2025/3/21 10:19,死刑,1
2025/3/21 10:20,@Sunflower,0
2025/3/21 10:20,应该点天灯,1
2025/3/21 10:21,必须死刑,1
2025/3/21 10:22,必须严惩，,1
2025/3/21 10:23,不要死刑直接无期不能缓刑那种。里边会好好疼爱他们的,1
2025/3/21 10:23,猪狗不如,1
2025/3/21 10:23,孩子当时多么的绝望…唉[捂脸][捂脸],0
2025/3/21 10:23,@汤圆头不大～???? @Fairy .,0
2025/3/21 10:24,这俩杀人犯都应该枪毙！！！,1
2025/3/21 10:24,@冷静,0
2025/3/21 10:24,两个建议凌迟[赞],1
2025/3/21 10:25,@我我我我我 弄孩子的进里面都要被打 人人唾骂,1
2025/3/21 10:25,@可可?,0
2025/3/21 10:26,????不如，你可以不爱不能伤害,1
2025/3/21 10:26,必须重判,1
2025/3/21 10:27,@小祖宗周?,0
2025/3/21 10:28,是谁说的女人天生就有爱人能力[黑脸],1
2025/3/21 10:28,怎么可以这么残忍[捂脸][捂脸],0
2025/3/21 10:28,@芥末,0
2025/3/21 10:29,俩都必须死刑，我去执行,1
2025/3/21 10:29,@人参和醋不相逢.,0
2025/3/21 10:30,@酱香茅台,0
2025/3/21 10:30,直接鞭尸,1
2025/3/21 10:30,@大擀面杖 @诺 @残阳 @潘砸的老大 @油门 @余生??,0
2025/3/21 10:30,剐,1
2025/3/21 10:30,@如初&?,0
2025/3/21 10:31,@,0
2025/3/21 10:31,@高哈哈,0
2025/3/21 10:31,@小呆呆,0
2025/3/21 10:31,麻烦恢复凌迟处死！！！！,1
2025/3/21 10:32,@脸红的你是心动了,0
2025/3/21 10:32,杀人偿命，没什么好说的,1
2025/3/21 10:32,死刑,1
2025/3/21 10:33,@可爱养乐多?,0
2025/3/21 10:33,和梓澈一样,0
2025/3/21 10:33,“天生爱人[比心]”,0
2025/3/21 10:34,直接死刑,1
2025/3/21 10:34,必须判死刑，我捐10斤子弹,1
2025/3/21 10:34,@C.L.G,0
2025/3/21 10:34,@舍得,0
2025/3/21 10:34,必须都死刑。立即执行。禽兽不如。,1
2025/3/21 10:35,跟clf都判死刑吧！畜生不如,1
2025/3/21 10:35,我们这有个男情人酒后来找女人寻欢，女人5岁孩子哭闹，男人又摔又掐，孩子不行了不让送医，还让女人拍视频证明孩子是自己摔的，最后抢救无效死了。,1
2025/3/21 10:35,@摩托车 天呢怎么会这么狠心[流泪],0
2025/3/21 10:36,@奈嘉美泽子,0
2025/3/21 10:36,畜生啊，畜生！,1
2025/3/21 10:36,@淮风月谈??,0
2025/3/21 10:36,不死刑还有法律吗,1
2025/3/21 10:37,这就是所谓的哪有妈妈不爱孩子的[尬笑],1
2025/3/21 10:37,该死,1
2025/3/21 10:38,俩人都得给孩子偿命,1
2025/3/21 10:38,[流泪][流泪][流泪],0
2025/3/21 10:39,虎毒还不食子呢[流泪],0
2025/3/21 10:39,当时的宝宝得有多么的绝望啊[流泪][流泪][流泪],0
2025/3/21 10:40,千刀万剐,1
2025/3/21 10:40,@CryShiDKAI,0
2025/3/21 10:40,@我又脸红了 @总得有个名字吧 @陈同学 @小满要继续努力呀 @?????? @大懒猫. ??,0
2025/3/21 10:40,@橘柚??,0
2025/3/21 10:41,@巴扎嘿?? [流泪],0
2025/3/21 10:41,这个女人应该千刀万剐 自己亲生的孩子居然看着被打死。,1
2025/3/21 10:41,死刑,1
2025/3/21 10:42,5岁，这时候最是可爱的时候,0
2025/3/21 10:42,畜牲,1
2025/3/21 10:43,@巧克力小张张包,0
2025/3/21 10:43,说里面不打人也得看他范了什么事 这个预警随便一透露,1
2025/3/21 10:43,@buss,0
2025/3/21 10:45,亲妈啊，怎么舍得的,0
2025/3/21 10:45,严惩！[酷拽],1
2025/3/21 10:46,必须死,1
2025/3/21 10:46,死[流泪],1
2025/3/21 10:46,@邪恶小延（楚钰延）,1
2025/3/21 10:46,小仙女,0
2025/3/21 10:46,必须死刑,1
2025/3/21 10:46,[感谢][感谢][感谢],0
2025/3/21 10:47,必须死刑！！！禽兽,1
2025/3/21 10:47,颠覆了我对母爱的认知[捂脸],0
2025/3/21 10:48,@灿妮儿,0
2025/3/21 10:48,@??SHang。,0
2025/3/21 10:49,俩畜牲不死天理不容啊,1
2025/3/21 10:49,我儿子自从出生到现在2岁8个月了晚上从来没有9点前睡过觉都是熬到夜里11点有时候凌晨三点我都是一个人这样熬着没有打过没有抱怨过。孩子需要我们的时候就这几年上幼儿园了就一天见一面。,0
2025/3/21 10:49,@Ava,0
2025/3/21 10:49,@喵喵,0
2025/3/21 10:50,这是人？这是畜生！判无期吧[微笑][微笑][微笑]让里面的人看看新闻[微笑][微笑],1
2025/3/21 10:50,@单曲循环,0
2025/3/21 10:50,凌迟吧，专心治理，不如一心铸剑。,1
2025/3/21 10:51,两个都死刑 ！,1
2025/3/21 10:51,@希希睡不着辽 这太,0
2025/3/21 10:51,自己亲孩子为啥这样[泣不成声][泣不成声],0
2025/3/21 10:51,建议两个都死刑。,1
2025/3/21 10:52,判死刑，虎毒都不食子,1
2025/3/21 10:52,正常的妈妈，吵他一顿都会心疼好久吧，我儿子犯错我吵他一顿，晚上都会难受，别说打他了，,0
2025/3/21 10:54,因为她不爱孩子的爸爸，她对孩子也就没有感情，相反觉得是累赘。,1
2025/3/21 10:54,畜生啊,1
2025/3/21 10:54,还有比人更坏的动物吗？？？！！！,1
2025/3/21 10:55,啊？ 亲妈？ 亲妈？ 我没听错吧[尬笑],1
2025/3/21 10:55,@pik @7·a @一只瓜瓜??,0
2025/3/21 10:55,他虐你小，你把他送进去判个无期，再经常去他家找他老人，去一次卸一条腿，慢慢虐,1
2025/3/21 10:56,气死我了,1
2025/3/21 10:57,必须死刑,1
2025/3/21 10:57,气氛,0
2025/3/21 10:57,@知更,0
2025/3/21 10:59,枪毙一小时,1
2025/3/21 10:59,[感谢][感谢][感谢],0
2025/3/21 10:59,@月半弯??,0
2025/3/21 11:00,畜生必须死,1
2025/3/21 11:00,tsar,0
2025/3/21 11:00,建议直接两颗花生米,1
2025/3/21 11:00,这种驴日的直接枪毙[敲木鱼][敲木鱼][敲木鱼][敲木鱼][敲木鱼],1
2025/3/21 11:00,我小孩教她写作业时吼她几句，事后我都心里愧疚的很,0
2025/3/21 11:00,畜牲啊[流泪],1
2025/3/21 11:00,真畜牲,1
2025/3/21 11:00,他还是个孩子，拉走枪毙,1
2025/3/21 11:01,最好死刑，秋决！,1
2025/3/21 11:01,@一瓣橘子??,0
2025/3/21 11:01,@Rodeo [微笑][微笑][微笑][微笑][微笑],0
2025/3/21 11:02,[玫瑰][玫瑰][玫瑰],0
2025/3/21 11:02,@钟意?,0
2025/3/21 11:02,凌迟处死！！,1
2025/3/21 11:02,要么死刑，要么无期徒刑不能减刑。,1
2025/3/21 11:02,恋爱脑？,1
2025/3/21 11:02,@荒泷一豆包,0
2025/3/21 11:02,@桃喜芒芒.,0
2025/3/21 11:02,请求处以死刑,1
2025/3/21 11:02,畜生呀。这种人公开处决。,1
2025/3/21 11:03,凌迟吧[九转大肠],1
2025/3/21 11:03,我要把这俩东西捆起来装麻袋里扎紧袋口拿铁锹拍死！！！！！！,1
2025/3/21 11:04,必须死刑，不能缓刑，否则天地难容！,1
2025/3/21 11:05,我以为只有我后妈这样对我呢，没想到亲妈也这样对孩子[流泪],1
2025/3/21 11:05,这得有多恨啊,1
2025/3/21 11:05,@小杨同学啊,0
2025/3/21 11:06,凌迟处死,1
2025/3/21 11:06,人渣！禽兽不如！枪毙五分钟！死后鞭尸！挫骨扬灰！,1
2025/3/21 11:07,@淘淘淘大茜,0
2025/3/21 11:07,@小绵,0
2025/3/21 11:07,真踏马该死！！，可怜的孩子,1
2025/3/21 11:07,@Lik. [发怒],1
2025/3/21 11:08,禽兽不如,1
2025/3/21 11:08,耽误他妈事了,1
2025/3/21 11:08,@珍珍??,0
2025/3/21 11:08,@杜杜吖 死,1
2025/3/21 11:08,@星星泡饭 逆天，,0
2025/3/21 11:09,[感谢],0
2025/3/21 11:09,判无期吧，让里面朋友们多关照一下不比死刑强,1
2025/3/21 11:09,@????? @Good morning 11,0
2025/3/21 11:09,两个都死刑,1
2025/3/21 11:09,我,0
2025/3/21 11:10,自己的孩子为啥下狠手啊,1
2025/3/21 11:10,真是畜生啊[流泪],1
2025/3/21 11:10,畜生不如，让他们死。,1
2025/3/21 11:10,别死刑，无期吧；不能减刑； 入狱之后狱警通知一下，这俩人为啥进来；多关照关照[赞],1
2025/3/21 11:10,就应该让他断子绝孙,1
2025/3/21 11:11,@AAA牛蛙养殖批发 张哥,0
2025/3/21 11:12,这踏马的畜牲啊,1
2025/3/21 11:12,畜生,1
2025/3/21 11:13,[流泪],0
2025/3/21 11:13,@Looooooooooove,0
2025/3/21 11:13,我***的！,1
2025/3/21 11:13,儿子在学校每天因为上课说话被点名，讲道理不听，打了一顿，，今天洗澡发现有个被拧的淤青的印子，后悔[流泪],0
2025/3/21 11:13,判死刑，秋后问斩,1
2025/3/21 11:13,@煤气罐罐CL,0
2025/3/21 11:14,男友？不是出轨对象么[看],1
2025/3/21 11:14,虎毒还不食子,1
2025/3/21 11:14,@童童呐童童 @一个人的琴键 @牧羊人?? @H_???? 每个字都认识，但是它们组成一句话就让人理解不了了，咋有这种人…,1
2025/3/21 11:14,我倒是不希望死刑，一枪就打死他俩太便宜他们了，最好是无期，进去以后自然有人好好的折磨他们，后半生生不如死才是最好的惩罚。,1
2025/3/21 11:14,五马分尸，凌迟处死。,1
2025/3/21 11:15,死刑,1
2025/3/21 11:16,让她多活了一年多,0
2025/3/21 11:17,@小叮当 [发呆],0
2025/3/21 11:18,亲妈干出这事来！真服了,1
2025/3/21 11:18,怎么还有这种（妈妈）啊，我吼了孩子几句，没有一分钟我都后悔的想给自己几坨[九转大肠],1
2025/3/21 11:18,出生不分男女,0
2025/3/21 11:18,死刑枪毙真的是太便宜，这两个货了，我觉得应该把他们凌迟处死，每个人都活活刮他们3600刀,1
2025/3/21 11:19,都吃花生米吧,0
2025/3/21 11:19,杀了吧，下辈子善良点,1
2025/3/21 11:19,@希、,0
2025/3/21 11:20,@大宝宝小宝宝 哎呀,0
2025/3/21 11:20,我儿子可以放心了，因为我已经打不过他了[泪奔],0
2025/3/21 11:22,直接枪毙,1
2025/3/21 11:22,必须死！！！！死死死！！！,1
2025/3/21 11:23,[发怒],1
2025/3/21 11:24,这情况不判死刑，还等什么,1
2025/3/21 11:25,畜牲[弱],1
2025/3/21 11:25,@飘雪??,0
2025/3/21 11:25,每次看到这种就想起小苏丽[流泪][流泪][流泪],0
2025/3/21 11:26,放喂狗咬死吧，,1
2025/3/21 11:29,为什么这么久才开庭审理,0
2025/3/21 11:29,一年半啦，为什么拖这么久，,0
2025/3/21 11:31,死刑吧气死我了,1
2025/3/21 11:31,别给我推荐这个了。看的心难受。,0
2025/3/21 11:31,@＂??,0
2025/3/21 11:31,必须严惩恶魔！,1
2025/3/21 11:33,不大可能判死刑,0
2025/3/21 11:34,凌迟,1
2025/3/21 11:34,灭绝人性,1
2025/3/21 11:35,凌迟处死[微笑],1
2025/3/21 11:35,不敢相信，虐死动物我已经觉得够残忍了，这次是活生生的小孩，这小孩得多么绝望[流泪],0
2025/3/21 11:35,还好我妈当年只是抛夫弃子，放我一命[流泪][流泪][流泪][流泪],1
2025/3/21 11:36,简直不敢相信！,0
2025/3/21 11:38,当妈的看不了这个 气死我了！！严惩！！！！,1
2025/3/21 11:38,@?? 風塵刻畫小螻蟻?? @远山忧郁 @TopWorK潮流,0
2025/3/21 11:38,@Cad is sióg ann,0
2025/3/21 11:39,"@QING. @syaomin9^"" 。。。",0
2025/3/21 11:39,[流泪][流泪][流泪]心痛??,0
2025/3/21 11:42,判无期比死刑强  尝尝被折磨的滋味再死,1
2025/3/21 11:42,@KK,0
2025/3/21 11:44,支持两个人死刑 ！,1
2025/3/21 11:44,可怜的孩子[感谢][感谢][感谢],0
2025/3/21 11:44,死刑，反复执行,1
2025/3/21 11:45,真该死，枪毙就可以了,1
2025/3/21 11:45,畜生[流泪],1
2025/3/21 11:47,@我大哥 亲妈也下得了手,1
2025/3/21 11:48,虎毒不食子 这连畜生都不如啊 可恶,1
2025/3/21 11:49,@??诗酒趁年华,0
2025/3/21 11:49,死刑！严惩不贷！,1
2025/3/21 11:50,凌迟处死,1
2025/3/21 11:51,自己有小孩的看不了这个[发怒]，支持死刑[发怒],1
2025/3/21 11:53,这不死刑网友都不同意，起码我这不同意,1
2025/3/21 11:54,@苏小然子。 [流泪],0
2025/3/21 11:55,@砚下花,0
2025/3/21 11:57,就那么缺男人[泪奔],1
2025/3/21 11:57,必须死刑,1
2025/3/21 11:57,死刑都便宜他们了！,1
2025/3/21 11:57,必须死刑，太气愤了，一个5岁孩子啊,1
2025/3/21 11:59,必须死刑,1
2025/3/21 12:00,天啊 这都是什么事 唉,0
2025/3/21 12:00,好害怕，哎，我儿子九岁了快，课堂都是躺地上看课外书或者睡觉或者捣乱的，对的啥也不做，不对的做一堆[流泪]现在啥都不听，棍子有一点点用，咋办呀，难道只能打了，好怕,0
2025/3/21 12:00,必须死刑，畜牲狠毒！,1
2025/3/21 12:01,@薷??,0
2025/3/21 12:03,@KyrieLi.,0
2025/3/21 12:03,死刑太便宜他们了！！！！！！！凌迟！！！！！一刀一刀的割！！！！！扒皮抽筋，喝血，挫骨扬灰！！！！！！,1
2025/3/21 12:04,@小鱼和U米有福气,0
2025/3/21 12:04,必须死刑,1
2025/3/21 12:04,凌迟！！！,1
2025/3/21 12:04,古代的酷刑还是有存在的必要的,1
2025/3/21 12:05,我的天，简直畜生，真令人生气，两个畜生死刑,1
2025/3/21 12:05,这种出牲 凌迟都不解气,1
2025/3/21 12:06,山东的兄弟替我给里边的兄弟递句话，进去后往死里弄[微笑],1
2025/3/21 12:07,畜生不如的东西！！！判死刑！！！,1
2025/3/21 12:07,建议死刑！天理不容！,1
2025/3/21 12:09,枉为人 畜生不如,1
2025/3/21 12:10,[流泪][流泪][流泪],0
2025/3/21 12:11,希望里面的朋友   能使劲照顾下这俩人,0
2025/3/21 12:11,@小手暖暖 @????半????颗??? 糖? 好气愤,1
2025/3/21 12:12,判无期，终身不得感刑！,1
2025/3/21 12:12,死刑，两个都死刑,1
2025/3/21 12:13,太没人性了，还不如个畜生了，必须判死刑，立即处死,1
2025/3/21 12:13,现在的人类吧看到动物都比看到人有好感,1
2025/3/21 12:13,死刑太快、慢慢折磨死这俩杂种孩子受多大的罪让这俩杂种百倍偿还！！,1
2025/3/21 12:14,@糯糯,0
2025/3/21 12:14,必须死刑,1
2025/3/21 12:14,杀鸡拔草的 凌迟处死,1
2025/3/21 12:17,必须死刑,1
2025/3/21 12:18,两个畜生该直接枪毙[灵机一动],1
2025/3/21 12:18,必须死刑,1
2025/3/21 12:18,[感谢][感谢][感谢],0
2025/3/21 12:18,我不是家属，我同意判施暴者死刑,1
2025/3/21 12:19,气得发抖，畜生行为令人发指,1
2025/3/21 12:19,我看错了以为是亲人仔细一看是情人@共饮可否 [微笑],0
2025/3/21 12:19,必须死刑,1
2025/3/21 12:20,@我亲爱的韩同学,0
2025/3/21 12:20,好可怜[流泪],0
2025/3/21 12:21,这样的人必须死刑，不判死刑还有王法法律吗[赞][赞][赞][赞][赞][赞],1
2025/3/21 12:22,人真的好狠啊[发呆],1
2025/3/21 12:22,死刑,1
2025/3/21 12:23,@且听风吟 @山水总相逢 这种畜牲,1
2025/3/21 12:23,[翻白眼],1
2025/3/21 12:24,@困成憨包！！,1
2025/3/21 12:25,那些说一命换一命，天堂里一定站满了妈妈的人，出来说两句吧,1
2025/3/21 12:25,这是去年还是前年的事吧，威海文登,0
2025/3/21 12:27,@??肖肖 [绝望的凝视],1
2025/3/21 12:27,割下他她们俩的肉，我敢炒菜吃你信不信，包包子也行,1
2025/3/21 12:27,杀了他们俩，死刑，不能缓刑,1
2025/3/21 12:28,@一生,0
2025/3/21 12:28,@ふ囍財????,0
2025/3/21 12:28,@飞天土豆大王?? 啊？,0
2025/3/21 12:30,[尬笑],0
2025/3/21 12:30,一定严判,1
2025/3/21 12:31,俩男宝的妈妈看不了这个，疼还疼不过来[泣不成声],0
2025/3/21 12:31,什么叫亲妈及男友,0
2025/3/21 12:31,@??放低你的,1
2025/3/21 12:31,必须两个都判死刑。,1
2025/3/21 12:33,[流泪],0
2025/3/21 12:33,@小小肖肖,0
2025/3/21 12:34,处死两个都处死，这就是畜生,1
2025/3/21 12:35,凌迟处死,1
2025/3/21 12:36,俩人都判死刑,1
2025/3/21 12:36,虎毒不食子，这畜牲不如,1
2025/3/21 12:36,送个花生米让他们下去给孩子赎罪[微笑],1
2025/3/21 12:36,想不通亲生的咋个舍得  我儿子只能我打我骂别人都不行  包括他爸爸都不行,0
2025/3/21 12:37,支持俩人都死刑,1
2025/3/21 12:37,都死刑！！！,1
2025/3/21 12:38,北方人真猛[捂脸],0
2025/3/21 12:38,天生爱人？,0
2025/3/21 12:40,@hkeeex,0
2025/3/21 12:40,@黄梓澈的妈妈。,0
2025/3/21 12:40,死刑,1
2025/3/21 12:41,支持死刑[发怒][发怒],1
2025/3/21 12:41,这不是妈  这是畜牲,1
2025/3/21 12:42,必须死刑[赞],1
2025/3/21 12:43,这种不配为人，作为一个母亲我把我女儿看的比我命还要重要。她也下得去手，立即死刑，下18层地狱,1
2025/3/21 12:44,畜生不如！！,1
2025/3/21 12:45,畜牲都不如,1
2025/3/21 12:46,不枪毙额等啥呢？,1
2025/3/21 12:47,五岁这年纪还不能完全自理，带娃大都知道很奔溃，小孩不睡觉大人打红眼了，上头了，,0
2025/3/21 12:47,畜牲啊@Young -  T,1
2025/3/21 12:47,死罪，下地狱！！！,1
2025/3/21 12:48,都死刑,1
2025/3/21 12:49,没人性，判死刑，给孩子个公道,1
2025/3/21 12:49,这些理由都只是畜生为自己开脱的理由而已，虐待就是虐待,1
2025/3/21 12:49,必须判死刑，不足以告慰孩子的在天之灵,1
2025/3/21 12:50,都不敢看  腌心,0
2025/3/21 12:50,[感谢][感谢][感谢],0
2025/3/21 12:50,活活打死，当时他是多么绝望和无助啊，最亲的人。他还能向谁求助？当时该有多恐惧啊[流泪]真的死刑都不足以解气！！作为一个4岁孩子的父亲，看不得这种[流泪],1
2025/3/21 12:51,这种，放到大清朝。男的凌迟处死，女的装猪笼沉水塘！只是可怜了孩子[可怜],1
2025/3/21 12:51,畜生都不如，直接死刑,1
2025/3/21 12:52,杀人偿命，这两人必须死[微笑][微笑][微笑],1
2025/3/21 12:53,畜牲,1
2025/3/21 12:53,一个孩子来的多不容易啊，养这么大了，都不珍惜，真是服了，情人能比自己血缘关系的孩子重要吗？这样的母亲也真是[捂脸][捂脸]都忘了当初怀孩子的初心是什么了。爱孩子，愿孩子平安健康。。。真是得到了就不珍惜[流泪],0
2025/3/21 12:53,亖,0
2025/3/21 12:53,@全国妇联女性之声 能报道吗??,0
2025/3/21 12:54,自己生的自己不心疼吗？还一起虐待[发怒],1
2025/3/21 12:54,[感谢][感谢][感谢],0
2025/3/21 12:54,直接毙了吧，,1
2025/3/21 12:54,顶,0
2025/3/21 12:56,都该死，想念北极鲶鱼,1
2025/3/21 12:57,有时候孩子写作业边玩边写，我一生气也动手了，过后也后悔了，怎么弄啊,0
2025/3/21 12:57,必须死刑,1
2025/3/21 12:58,@DINOSAUR,0
2025/3/21 12:59,我儿子他亲妈碰一下我都肉疼。[抠鼻],1
2025/3/21 12:59,我七月份就在威海住,0
2025/3/21 12:59,死刑,1
2025/3/21 13:00,必须重判！,1
2025/3/21 13:00,枪毙便宜了，直接火化,1
2025/3/21 13:00,虎毒不食子,1
2025/3/21 13:00,不可原谅,1
2025/3/21 13:00,必须死刑！！！！！,1
2025/3/21 13:01,地狱空荡荡，恶魔在人间，虎毒不食子,1
2025/3/21 13:01,@一条小锦李～,0
2025/3/21 13:02,这还是亲妈？为了一个男人[弱],1
2025/3/21 13:02,@小铭同学 不是人,1
2025/3/21 13:02,自己生的啊，怎么下得去手,1
2025/3/21 13:03,重判,1
2025/3/21 13:03,两个都死刑 什么叫女的要重判[流泪][流泪][流泪],1
2025/3/21 13:03,畜生,1
2025/3/21 13:03,凶手不配做人，永世不得超生！,1
2025/3/21 13:03,这狗男女都得死刑啊！,1
2025/3/21 13:04,@汽水味的喵,0
2025/3/21 13:04,我发现只要孩子跟他爸基本上都没有啥,0
2025/3/21 13:04,还有情人？厉害了,1
2025/3/21 13:05,真是搞不懂。支持死刑,1
2025/3/21 13:06,特殊情况下还是可以判死刑的 虎毒尚且不食子 这两位太狠心了 我支持死刑,1
2025/3/21 13:07,@H,0
2025/3/21 13:07,凌迟,1
2025/3/21 13:08,@superwoman软妹儿 @开婚车的强森,0
2025/3/21 13:09,为什么要把孩子交给一个婚内出轨的人抚养,1
2025/3/21 13:09,世上只有妈妈好,0
2025/3/21 13:09,[感谢][感谢][感谢],0
2025/3/21 13:10,虎毒不食子[泣不成声],1
2025/3/21 13:11,坚决不能原谅，必须让他们死刑,1
2025/3/21 13:11,死刑,1
2025/3/21 13:12,@日光渐暖,0
2025/3/21 13:13,[发呆],0
2025/3/21 13:14,虎毒不食子。这是畜牲不如的东西。[捂脸][捂脸][捂脸],1
2025/3/21 13:15,@肖嘻嘻 ??,0
2025/3/21 13:16,死刑,1
2025/3/21 13:17,死刑死刑通通死刑，太歹毒了,1
2025/3/21 13:17,@八方来财万事顺遂好事常在,0
2025/3/21 13:18,必须死刑，还记得之前亲爹和情人把俩孩子楼上扔下去那个案子吗？貌似就是判死刑了,1
2025/3/21 13:19,想起16年的贾梦洁了,1
2025/3/21 13:20,必须死刑，老天爷这种人怎么可以让她当妈,1
2025/3/21 13:21,妈妈爱孩子是大多数，并不是所有,0
2025/3/21 13:22,死刑死刑通通死刑，太歹毒了。气死为娘了[发怒][发怒][发怒]，这么可爱的孩子，这么悲哀，命苦啊…下辈子投胎到一位爱他的好妈妈！,1
2025/3/21 13:22,[感谢][感谢][感谢][感谢][感谢]，小天使太可怜了,0
2025/3/21 13:23,有了孩子真看不了这样的新闻 心太痛了,0
2025/3/21 13:24,应该强烈建议采用古代的极刑来惩罚他，现在的法律简直就是对犯人最大的恩赐，就算是死刑也只是一瞬间，还不如古代千刀万剐，凌迟处死,1
2025/3/21 13:25,《没有哪个母亲不爱自己的孩子》、《这只是个例》,0
2025/3/21 13:25,哎，自己十月怀胎的孩子怎么能下得了手[绝望的凝视]，作为一个母亲我真的震惊到了,0
2025/3/21 13:26,@Ripple 看来也有不爱孩子的父母,1
2025/3/21 13:27,亲妈[尬笑],1
2025/3/21 13:27,@Hang,0
2025/3/21 13:28,必须判死刑！,1
2025/3/21 13:28,凌迟都不过分,1
2025/3/21 13:29,死刑[尬笑][尬笑],1
2025/3/21 13:30,判死刑吧,1
2025/3/21 13:30,畜牲吧，可怜的孩子。[泪奔],1
2025/3/21 13:30,死刑吧,1
2025/3/21 13:30,必须判死刑[感谢][感谢][感谢],1
2025/3/21 13:31,夫妻离婚孩子还是跟爸爸爷爷奶奶好。个人感觉,0
2025/3/21 13:31,有了孩子以后 真看不了这样的 心如刀绞[泣不成声][泣不成声],0
2025/3/21 13:31,必须严惩[赞],1
2025/3/21 13:32,直接死刑,1
2025/3/21 13:33,畜生不如,1
2025/3/21 13:33,这个畜生，都得枪毙,1
2025/3/21 13:33,肯定会死刑的 毋庸置疑,1
2025/3/21 13:33,必须死刑,1
2025/3/21 13:33,你从小看着他长大怎么忍心呢我x,1
2025/3/21 13:34,可以不爱，但是也不至于打死啊。,1
2025/3/21 13:34,爷爷奶奶只在乎孙子，不在乎儿媳妇[呲牙],1
2025/3/21 13:34,@YH,0
2025/3/21 13:34,有后爸就有后妈，有后妈就有后爸，无解,0
2025/3/21 13:34,太残忍了，怎么能下得去手？,1
2025/3/21 13:35,这家人在村里混不下去了。,1
2025/3/21 13:35,枪毙,1
2025/3/21 13:35,@LJKC,0
2025/3/21 13:35,必须死刑伺候,1
2025/3/21 13:38,亲妈也有很多不爱孩子的，只不过被亲妈这俩字掩盖了，我姐可以说是非常疼爱孩子的，但我们的妈，她这个妈当的真的不及我姐十分之一,1
2025/3/21 13:40,重庆那起案件不知道大家还记得吗？,0
2025/3/21 13:40,网络发达了，新闻知道的也快。之前看到老爸找了后妈和后妈一起把孩子虐待致死。这个是？老妈找了后爸跟后爸一起把孩子虐待致死。结婚需谨慎。是不要结婚了。擦亮眼睛。想清楚了。要结婚。结婚想好了再生孩子。生孩子你就要负责，养孩子是一辈子的事。不要不想养了，就这样子。就像那些数不清的流浪狗一样心血来潮了，小狗小猫好可爱我想养，养了以后不想养了就丢掉，孩子不能丢就去虐待，请判处死刑，这样的人对社会没用，她们就是老鼠屎，,1
2025/3/21 13:41,不要赔偿。直接枪毙立即执行。,1
2025/3/21 13:42,@仅你可见^,0
2025/3/21 13:43,太可怜了！[感谢][感谢][感谢],0
2025/3/21 13:43,杀,1
2025/3/21 13:44,不要死缓！立即执行,1
2025/3/21 13:44,不要推给我，我看不得，不理解亲妈怎么会,1
2025/3/21 13:44,这种事必须严审,0
2025/3/21 13:44,我的天，亲妈啊怎么下得去手！,1
2025/3/21 13:45,@招财进宝小喇叭 威海[泣不成声][泣不成声][泣不成声],0
2025/3/21 13:45,别忘了没几年前，就有俩狗男女出轨，把姐弟俩从楼上扔下去摔死的案件。该怎么判死刑就怎么判，最好立即执行。,1
2025/3/21 13:45,世界上真的有不爱孩子的妈妈[发怒][发怒],1
2025/3/21 13:46,从有后爸的那一刻，亲妈会变成[感谢][感谢]后妈,1
2025/3/21 13:48,之前好像有个吧这种事情,0
2025/3/21 13:48,[流泪]我昨晚八点多就困的睁不开眼，孩子在我旁边不让我睡，我吼了他两声，然后他安静了，我睡着了，我不该吼他的 可是我太困了,0
2025/3/21 13:49,下地狱,1
2025/3/21 13:50,恨得我牙痒痒,1
2025/3/21 13:51,说真的，很痛心，法律是人性最低的道德底线，为啥离婚了，孩子还是判给出轨的一方，尤其是女性，孩子跟着妈妈，除了妈妈外，都是外人。这是一个很现实的问题。,0
2025/3/21 13:51,女方婚内出轨 离婚后还让孩子跟着女方 唉……,0
2025/3/21 13:59,世上只有妈妈好[泣不成声],0
2025/3/21 13:59,热度专用热度专用热度专用热度专用热度专用热度专用热度专用热度专用热度专用热度专用热度专用热度专用热度专用热度专用热度专用热度专用热度专用热度专用热度专用热度专用热度专用热度专用热度专用热度专用热度专用热度专用热度专用热度专用热度专用热度专用,0
2025/3/21 14:00,死刑吧，有脸活着吗,1
2025/3/21 14:01,弄死他们……,1
2025/3/21 14:01,必须死刑[酷拽],1
2025/3/21 14:02,这是亲妈能干的事？可怕,1
2025/3/21 14:03,母爱,0
2025/3/21 14:06,可以写个万民书判死刑嘛，虎毒还不食子呢,1
2025/3/21 14:06,[感谢][感谢][感谢],0
2025/3/21 14:07,畜生,1
2025/3/21 14:07,这女的必须死刑，别人和小孩还没血缘关系，你可是亲妈，也能下手，性质更加恶劣，死刑立刻执行,1
2025/3/21 14:07,@绝情冷少 @蔓越霉曲奇 @… @泪痣 @小云大王886 ？6,0
2025/3/21 14:07,不稀罕孩子为什么要抚养权,1
2025/3/21 14:09,亲妈也呀，你咋下得了手，自己的骨肉啊[流泪][流泪][流泪],1
2025/3/21 14:11,又是这么久才有新消息，正义次次迟到！,0
2025/3/21 14:12,畜牲都不如啊,1
2025/3/21 14:14,两个死刑,1
2025/3/21 14:14,亲妈～我都怀疑是亲妈吗？这种虐待小孩的都判死刑,1
2025/3/21 14:15,自己亲生的孩子，当妈的这么狠心吗？[发怒][发怒][发怒]孩子有什么错啊？[流泪]我自己的孩子我一个手指头都没舍得动。不听话就讲道理。,1
2025/3/21 14:15,[流泪][流泪][流泪][感谢][感谢][感谢],0
2025/3/21 14:15,说好的女人无论如何也不会伤害孩子的？[抠鼻],1
2025/3/21 14:16,不判死刑 不行 中国儿童没有保障，，太可怕太可怕了,1
2025/3/21 14:16,畜生不如就是说的这对狗男女,1
2025/3/21 14:17,#女性安全#女子本弱为母则刚,0
2025/3/21 14:17,枪毙,1
2025/3/21 14:17,都重判,1
2025/3/21 14:18,女的心更狠，怎么舍得,1
2025/3/21 14:21,必须死刑[酷拽],1
2025/3/21 14:21,@,0
2025/3/21 14:23,支持死刑降低标准,1
2025/3/21 14:24,杀！杀！杀！杀无赦！！！！,1
2025/3/21 14:26,太令人愤怒了，孩子真可怜,0
2025/3/21 14:26,畜生！,1
2025/3/21 14:27,这么乖的孩子，亲妈为什么啊？谁要是打我孩子我能跟他拼命，她居然不管,1
2025/3/21 14:27,亲手杀了那俩畜牲[发怒][发怒][发怒],1
2025/3/21 14:27,以前都是听说为母则刚，但妈颠覆我的认知,1
2025/3/21 14:29,重庆姐弟案件怎么判的这就怎么判吧,1
2025/3/21 14:32,@????张富贵,0
2025/3/21 14:33,@小欣 @海林建设新日电动车,0
2025/3/21 14:34,该死,1
2025/3/21 14:36,真有恨人啊@我就是笑笑呀！,1
2025/3/21 14:38,畜生,1
2025/3/21 14:38,自己的孩子怎么忍心[流泪]宝宝一路走好！,0
2025/3/21 14:39,全部死刑！！！不管亲妈还是什么，做出毒害自己亲身骨肉的事情都是畜生！！！,1
2025/3/21 14:39,亲生的？5岁，多可爱啊？是不是真实事件？,0
2025/3/21 14:40,离谱 真的离谱 我女儿我都不舍得打她一下 [苦涩],0
2025/3/21 14:40,孩子是怎么判给出轨一方的？,0
2025/3/21 14:43,畜牲,1
2025/3/21 14:45,@柠檬味豆丁 抖音每天刷得我想吐血,1
2025/3/21 14:46,男的必须死刑。  女的重判[赞][赞][赞],1
2025/3/21 14:46,这世上果然有人不畜生的事[流泪][流泪][流泪],1
2025/3/21 14:50,这个必须火刑。。。对付恶魔。。,1
2025/3/21 14:53,凌chi吧,1
2025/3/21 14:56,刮了他们,1
2025/3/21 14:59,@都别烦我 太过分太过分了,1
2025/3/21 15:00,真是畜生！带孩子宁愿不找也不会让孩子遭受这种苦,1
2025/3/21 15:02,??,0
2025/3/21 15:02,千刀万剐他们,1
2025/3/21 15:02,死刑。,1
2025/3/21 15:04,为什么,0
2025/3/21 15:08,无期吧 不允许减刑那种 死刑有点便宜他们了[你不大行],1
2025/3/21 15:12,@爆米花开了 [发怒][发怒][发怒][发怒][发怒][发怒][发怒],1
2025/3/21 15:17,太愤怒了，死刑，死刑，必须死刑,1
2025/3/21 15:17,禽兽在人间,1
2025/3/21 15:17,不死刑如何警示,1
2025/3/21 15:17,这还不直接枪毙，立即执行,1
2025/3/21 15:19,死刑，两个货必须都死刑[打脸],1
2025/3/21 15:21,威海还有这个事？,0
2025/3/21 15:21,我是反对死刑的，石刑吧,1
2025/3/21 15:22,这个事情说明 孩子小的情况下 不支持离婚   离婚要是都找对象就会出现后妈后爸,0
2025/3/21 15:25,判孩子死之前遭受的折磨吧！孩子真是太可怜了！,0
2025/3/21 15:32,猪狗不如的东西，死刑,1
2025/3/21 15:34,[感谢][感谢][感谢],0
2025/3/21 15:36,人家女孩子怎么会做出这种事呢[害羞],1
2025/3/21 15:37,禽兽不如！！！法律对这种恶劣案子应该处以极刑！！！！,1
2025/3/21 15:39,24年到现在还没解决,0
2025/3/21 15:44,内蒙古满洲里也有一起虐待儿童至死案，亲爹?女友，好像死刑了，这个估计也跑不了,1
2025/3/21 15:48,看的鼻子酸，我自己也有孩子五岁，不敢想象孩子当时有多无助,0
2025/3/21 15:52,要么不要养 牲口！死刑！！,1
2025/3/21 15:52,@赤城青木 @海里的路！ @雁荡山导游林妹妹 @旅行者1号 @蕾湾电子商务商行 @nicky @多妞 @??春暖花开?? @龙港玫瑰 @一百个理由 @起床了荩椴 @H.T @迷兔 @朝如青丝暮成雪 @椿鸣 @Vi-小-vi @默数123木头人 @一袭微雨 @蔡青爱 @?宋杯芝士奶盖红茶? @黑灰化肥灰会挥发发灰黑讳为黑灰花会飞 @【山西旅游全景游专场】旅行玩家 @航拍浙江,0
2025/3/21 15:53,死刑，没啥好研究的,1
2025/3/21 15:54,[感谢],0
2025/3/21 15:59,这父亲是如何想的孩子跟随出轨的母亲和出轨对象生活在一起的？,1
2025/3/21 16:00,建议这种就应该凌迟,1
2025/3/21 16:00,5岁的孩子懂什么呢，这年纪的孩子不睡觉得哄，可怜的孩子遇到这种妈妈,1
2025/3/21 16:01,没人性，必须都判死刑,1
2025/3/21 16:01,两个恶魔必须死刑，太可恶了，孩子已经重生到一个幸福的家庭了吧[感谢][感谢][感谢],1
2025/3/21 16:09,现在加虐刑来及不[九转大肠]加一个呗，加一个,1
2025/3/21 16:12,太难过，自己的娃碰一下都心疼，虐待孩子是怎么下得去手的[发怒][发怒][发怒][发怒][发怒][发怒][发怒],0
2025/3/21 16:16,@两只小松许???,0
2025/3/21 16:16,@YYGG??,0
2025/3/21 16:20,一般男孩不是都判给男方吗？,0
2025/3/21 16:22,死,1
2025/3/21 16:22,后续…………坐等,0
2025/3/21 16:27,判死刑！速决,1
2025/3/21 16:28,作为一个母亲，真的很心痛，希望全部死刑,1
2025/3/21 16:31,我一直不敢离婚不是我懦弱，是我不敢赌，人心会变,0
2025/3/21 16:32,威海文旅会不会又白干了@安玼,0
2025/3/21 16:33,杀人偿命，对等对待，直接打死,1
2025/3/21 16:34,孩子小离婚了一定要跟有责任心没有原则性问题的那一方，有原则性问题的很多都是对家庭没有责任心，也不会多爱孩子对孩子不会太上心的,0
2025/3/21 16:50,这种人永生永世不配有孩子，投胎成猪任人宰割,1
2025/3/21 16:51,[感谢][感谢][感谢],0
2025/3/21 16:54,亲妈对自己孩子也这么冷漠无情，必须死刑,1
2025/3/21 16:56,凌迟处死这两人,1
2025/3/21 17:05,前两年也是一个女的和男友把自己孩子打死了   还藏尸墓地了  好像山西那边的   不知道怎么判刑的[泪奔],1
2025/3/21 17:07,我还记得有一个少年目睹母亲出轨，联合情夫把儿子掐死了 [流泪],1
2025/3/21 17:08,出轨的女的为什么要把孩子给她,1
2025/3/21 17:12,帮帮梓澈吧@黄梓澈的妈妈。,0
2025/3/21 17:15,自古奸情出人命，先贤诚不欺我。,0
2025/3/21 17:19,[感谢][感谢][感谢],0
2025/3/21 17:19,我们安徽的那个啥时候开庭,0
2025/3/21 17:30,男的是我隔壁村的,0
2025/3/21 17:32,重判！！！,1
2025/3/21 17:38,我不敢想象，当时孩子面临什么样子的状况，内心的感受等…… [流泪]  [流泪]  [流泪],0
2025/3/21 17:39,必须死刑！！如果不判死刑，法律存在也没什么意义了,1
2025/3/21 17:46,9396的转发量你们都转发给谁了[发呆],0
2025/3/21 17:52,没啥说的[微笑]死刑,1
2025/3/21 17:57,@尊嘟假嘟o.O、,0
2025/3/21 18:04,建议把古代刑法推行,1
2025/3/21 18:05,我当妈的真理解不了这是人干的事,1
2025/3/21 18:08,当母亲得怎么舍得啊？,0
2025/3/21 18:08,这种早就有判例，就是死刑。无需辩驳。,1
2025/3/21 18:13,参照前面一个。,0
2025/3/21 18:14,死刑！亲生的都不放过，还配活？,1
2025/3/21 18:15,必须得死刑 没啥好商量的 大家支持不,1
2025/3/21 18:18,为母则刚[泣不成声],0
2025/3/21 18:22,心痛，他只是个孩子怎么下得了狠手[感谢][感谢][感谢],0
2025/3/21 18:23,这是亲妈吗？,1
2025/3/21 18:26,虎毒还不食子,1
2025/3/21 18:30,看看能判无条件死刑吗,1
2025/3/21 18:32,务必死刑啊,1
2025/3/21 18:33,就算抛弃全世界 也不会抛弃孩子的母爱[酷拽],0
2025/3/21 18:33,@-lee不lee 真狠毒,1
2025/3/21 18:36,@不爱吃香菜。 亲生的都这么狠,1
2025/3/21 18:37,孩子好可怜[流泪],0
2025/3/21 18:54,凌迟[感谢][感谢],0
2025/3/21 19:18,虎毒尚且不食子,0
2025/3/21 19:22,@陈双喜 ？？,0
2025/3/21 19:25,还有黄子澈的案子也备受瞩目。,0
2025/3/21 19:25,@黄子澈打怪兽,0
2025/3/21 19:34,[感谢],0
2025/3/21 19:56,真的有女人会不爱自己的孩子吗[流泪],0
2025/3/21 20:02,死都便宜这当妈的，怎么有这种东西,1
2025/3/21 20:05,造孽,1
2025/3/21 20:07,太坏了 千刀万剐！！！,1
2025/3/21 20:21,[发怒][发怒][发怒],1
2025/3/21 20:24,@睿瑞妈妈  这个案子跟你很像，能为他发声吗？,0
2025/3/21 20:34,没想到这种事情居然能发生在威海！！！必须严惩！！！必须死刑！！！,1
2025/3/21 20:34,为母则刚 [泪奔],0
2025/3/21 20:35,这太残忍了吧，就是小猫小狗也不能这样残忍杀害啊，何况是自己的孩子呢[发怒][发怒][发怒][发怒][发怒][发怒],1
2025/3/21 20:38,[感谢][感谢][感谢],0
2025/3/21 20:44,夫妻还是原配的好 最起码都爱孩子,0
2025/3/21 20:45,死刑   两个都死刑,1
2025/3/21 20:46,能 申请观看审判吗,0
2025/3/21 20:56,黄赌毒全来！,1
2025/3/21 20:56,死刑必须滴,1
2025/3/21 20:56,，，，,0
2025/3/21 21:05,有没有那种慢性死刑，一年之内折磨死那种,1
2025/3/21 21:08,自己亲生的啊，[泣不成声]，,0
2025/3/21 21:11,可以把孩子送回前夫那，为什么要这么残忍的对待孩子，自己的孩子比个男人还重要吗？,1
2025/3/21 21:12,怎么下得去手？我孩子哭了 我都疼得不行 咋回事,0
2025/3/21 21:13,这是什么妈啊[尬笑][尬笑][尬笑],1
2025/3/21 21:15,我的天啊 虎毒还不食子呢[泪奔],1
2025/3/21 21:16,打死人了不死刑吗？[打脸][打脸][打脸][打脸][打脸][打脸],1
2025/3/21 21:25,真有母亲不庝自己孩子的[流泪][流泪][流泪],1
2025/3/21 21:25,我家孩子1岁都得8点多睡，早上6点就醒了，怎么能因为这个理由打孩子,0
2025/3/21 21:32,刚刷到3.25开庭，严惩恶魔,1
2025/3/21 21:39,孩子太可怜了，施暴者给孩子陪葬吧！,1
2025/3/21 21:48,听口音就不是威海的,0
2025/3/21 21:56,这就是我情愿把孩子揽身边，累点无所谓，不和人赌人性,0
2025/3/21 21:59,[感谢],0
2025/3/21 22:33,@May27_30 威海怎么又火了[憨笑],0
2025/3/21 22:34,虎毒不食子,1
2025/3/21 22:34,亲妈！亲妈？！亲妈啊！？！？,0
2025/3/21 22:40,[流泪]可怜的孩子，和青岛八岁小琦琦哥哥一样让人心疼[流泪],0
2025/3/21 22:45,自己的孩子 怎么忍心,0
2025/3/21 22:51,天理不容,1
2025/3/21 22:54,天那！自己的孩子呀！,0
2025/3/21 22:56,重判？？？？都死刑就行了，活着不足以平民愤！！！,1
2025/3/21 22:57,一年了还没结果？？？[捂脸][捂脸][捂脸],0
2025/3/21 23:00,家门口的事，尽管问[微笑],0
2025/3/21 23:15,反家暴！,0
2025/3/21 23:18,必须判死刑！这是一个亲妈能干得出来的事？[吐血],1
2025/3/21 23:19,虐杀幼童还开设赌场，死刑没跑了吧,1
2025/3/21 23:25,@[流泪],0
2025/3/21 23:25,@-L [流泪],0
2025/3/21 23:34,我们市的，都知道这个事[流泪][流泪][流泪],0
2025/3/21 23:36,不敢想象 孩子最后在人世的这些天活的多么痛苦 内心的恐惧 身体上的疼痛 突如其来的暴打 不知道他小小的脑袋瓜里在想什么[流泪][流泪][流泪],0
2025/3/22 0:10,@橘子汽水??,0
2025/3/22 0:25,@狂踩瘸子那只好脚,1
2025/3/22 1:40,琦琦案也该有个满意的结果了吧[看],0
2025/3/22 5:00,[炸弹][炸弹][炸弹][炸弹][炸弹],1
2025/3/22 7:13,造孽呀[流泪],0
2025/3/22 8:00,@??似雾?? [发怒][发怒][发怒][发怒][发怒],1
2025/3/22 10:24,凌迟,1
2025/3/22 11:20,判死刑！没商量！死刑死刑死刑！,1
2025/3/22 11:22,依法严惩，太无人道了,0
2025/3/22 12:44,还是古代好啊，刑法多，这样的人不应该凌迟吗,1
2025/3/22 13:22,真不是玩意 就该枪毙 把那男的腌了在枪毙,1
2025/3/22 13:38,这玩意你原谅也不行啊。这是公诉案件。,1
2025/3/22 13:46,我也投一票，坚决死刑,1
2025/3/22 14:38,[流泪][流泪][流泪][感谢][感谢][感谢][感谢][感谢],0
2025/3/22 16:27,这俩在看守所里得遭老罪了,1
2025/3/22 17:42,[感谢][感谢][感谢],0
2025/3/22 19:07,@得之我幸 失之我命. [震惊][震惊][震惊],0
2025/3/22 19:12,抓枪毙了留着害人,1
2025/3/22 21:30,[流泪][流泪][流泪][流泪][流泪][流泪][流泪][流泪][流泪],0
2025/3/22 21:32,[鼓掌][鼓掌][鼓掌][赞][赞][赞][一起加油][一起加油][一起加油],0
2025/3/22 21:33,以故意杀人罪和故意伤害罪起诉，大概率一个死刑，一个无期徒刑。,0
2025/3/22 21:33,[奸笑][奸笑][奸笑][奸笑][奸笑],1
2025/3/22 21:34,故意杀人罪论处,1
2025/3/22 21:35,孩子的母亲是幼儿园老师,0
2025/3/22 21:35,就这还幼儿园教师了，不配,1
2025/3/22 21:36,像这种父母就不配生儿育女,1
2025/3/22 21:37,不是有些人会说：天下无不是的父母吗？,0
2025/3/22 21:37,男的枪毙女的无期让她好好受心里的痛苦虎毒不食子啊太可恶了。可怜的孩子[流泪][流泪][流泪][感谢][感谢][感谢],1
2025/3/22 21:44,看哭了,0
2025/3/22 21:44,这样的孩子为什么投生在这个女人的肚子里面？,1
2025/3/22 21:46,幼儿园用这样的老师孩子们也太倒霉了,1
2025/3/22 21:47,这跟重庆姐弟坠亡案那俩一个性质，那俩咋判，这俩就咋判。,1
2025/3/22 21:47,说好的，虎毒不食子呢…[发怒][发怒],1
2025/3/22 21:49,世上只有爸爸好,0
2025/3/22 21:51,严惩严惩！特别现在的离婚的人又多。对孩子是灾难。一定要严惩！,0
2025/3/22 21:51,虎毒不食子，这个，不配做妈,1
2025/3/22 21:56,可以不爱，请别伤害,0
2025/3/22 21:58,想不通,0
2025/3/22 21:58,恋爱脑真可怕,1
2025/3/22 22:02,2月26号吧,0
2025/3/22 22:02,这玩意儿还能当老师,1
2025/3/22 22:08,希望直接判死刑立即执行,1
2025/3/22 22:09,[流泪][流泪][流泪][流泪],0
2025/3/22 22:15,直接枪毙，杀人者统统要枪毙，除非杀死丑恶之人可赦免[感谢][感谢][感谢],1
2025/3/22 22:17,母亲还能做出这种事实属少见,0
2025/3/22 22:18,最讽刺的还是幼儿园老师？,1
2025/3/22 22:19,很多八零后九零后小时候都被打得很厉害，有很多父母就是爱打小孩，而且会上瘾，有时候他们都会抓住小孩一丁点的错误，就是为了打小孩有个借口,1
2025/3/22 22:21,虎毒不食子,1
2025/3/22 22:21,[赞][赞][赞][比心][比心][比心][666][666][666][玫瑰][玫瑰][玫瑰],0
2025/3/22 22:21,什么母亲啊？想不明白为什么这样对待自己孩子！,1
2025/3/22 22:21,[感谢][感谢][感谢],0
2025/3/22 22:22,绞型,1
2025/3/22 22:22,说句实话我从小养了六年的猫，夜里经常把我吵醒我都没打过它一下，我都当孩子一样宠，自己亲生的一个孩子，妈妈居然能把孩子打死，妈妈不心疼吗？,0
2025/3/22 22:24,这样的还能做幼师,1
2025/3/22 22:27,两东西直接死刑,1
2025/3/22 22:27,[鼓掌][鼓掌][鼓掌],0
2025/3/22 22:29,虎毒不食子啊 不配人母[看],1
2025/3/22 22:30,[灵机一动],0
2025/3/22 22:32,重判重判,1
2025/3/22 22:35,一对畜牲必须死刑不然没有天理[发怒],1
2025/3/22 22:35,吃花生米,0
2025/3/22 22:37,[发怒][发怒][感谢][感谢],1
2025/3/22 22:38,就是故意要打死的，判死刑,1
2025/3/22 22:42,离婚家庭对孩子就是恐怖歹毒，,1
2025/3/22 22:43,除了震惊不知道咋说，就离谱啊,0
2025/3/22 22:44,[感谢][流泪],0
2025/3/22 22:44,天下怎么有这样的母亲啊[流泪][流泪],1
2025/3/22 22:44,必须严惩不贷[感谢],1
2025/3/22 22:45,不敢听这些新闻[流泪][流泪][流泪],0
2025/3/22 22:46,[发呆][发呆][发呆],0
2025/3/22 22:49,不配为人母[发怒],1
2025/3/22 22:51,可怜的孩子[流泪][流泪][流泪][抱抱你][抱抱你][抱抱你][抱抱你],0
2025/3/22 22:51,[炸弹][炸弹][炸弹][炸弹][炸弹][炸弹][炸弹][炸弹][炸弹][炸弹][炸弹][炸弹][炸弹][炸弹][炸弹][炸弹][炸弹][炸弹][炸弹][炸弹][炸弹][炸弹][炸弹][炸弹][炸弹][炸弹][炸弹][炸弹][炸弹][炸弹],1
2025/3/22 22:53,死女人，为一个渣男害死自己的孩子[发怒],1
2025/3/22 22:53,[流泪][流泪][流泪][流泪],0
2025/3/22 22:54,严惩,1
2025/3/22 22:55,[发怒][炸弹],1
2025/3/22 22:55,女人还是幼儿园老师，毒妇,1
2025/3/22 22:55,两个毒妇严惩,1
2025/3/22 22:56,哪有这样的母亲 令人发指！一个女人外面有人了 样样做得出个[流泪],1
2025/3/22 22:56,谁不喜欢这个孩子，也不该是当妈妈的不喜欢，不要赔偿是对的，严惩,1
2025/3/22 22:57,放心这个母亲还是有法抗的。不会死刑的。我这人从来不赌博的。但是我想赌 10 块钱。,1
2025/3/22 22:58,故意杀人[发怒][发怒][发怒][发怒][发怒],1
2025/3/22 22:59,立即死刑,1
2025/3/22 23:00,不配做母亲，渣渣渣，倒霉又可怜的孩子[流泪],1
2025/3/22 23:01,虎毒不食子啊,1
2025/3/22 23:01,@皮皮妈妈???? 听说这个了么？,0
2025/3/22 23:10,又有这种事,0
2025/3/22 23:16,世界咋会有这么狠心的母亲[心碎],0
2025/3/22 23:21,哪有这样的母亲，严惩,1
2025/3/22 23:23,亲妈，为啥会有男朋友，就懂了,1
2025/3/22 23:25,天呐有这种母亲[流泪][流泪][流泪],1
2025/3/22 23:25,判死刑[感谢][感谢][感谢][流泪][流泪][流泪],1
2025/3/22 23:25,死刑，死刑，必须判死刑，如此歹毒，必须得死刑,1
2025/3/22 23:26,变态[打脸][打脸][打脸],1
2025/3/22 23:27,晚安好梦么么哒,0
2025/3/22 23:29,这个母亲给天下妈妈丢脸,1
2025/3/22 23:30,两个恶魔完全不是人，内伤致死太惨了这小孩[流泪][流泪][流泪],1
2025/3/22 23:30,怎么能打成这样的,1
2025/3/22 23:31,离婚只会给小孩带来痛苦,0
2025/3/22 23:31,[暗中观察][暗中观察][暗中观察][暗中观察],0
2025/3/22 23:31,两人同罪，母亲更可恨，严惩[炸弹][炸弹][炸弹][炸弹][炸弹],1
2025/3/22 23:32,自己骨开10指的比不过一个陌生人，真的是[再见],1
2025/3/22 23:33,[炸弹][炸弹][炸弹][炸弹][炸弹][炸弹][炸弹][炸弹],1
2025/3/22 23:34,我滴妈呀，我儿子我打一巴掌他哭了我都心疼死了，可怜的孩子碰上恶魔母亲,1
2025/3/22 23:35,孩子怎么选择投胎这样一个家庭。这个女人没有男人活不了是不？,1
2025/3/22 23:36,我的天，这个陈某某竞然亲手杀了她自己的儿子，如此心狠毒辣，虎毒都不食子[打脸][打脸][打脸],1
2025/3/22 23:37,[赞][赞][赞],0
2025/3/22 23:38,[流泪][流泪][流泪][流泪][流泪][流泪][流泪][流泪][感谢][感谢][感谢][candy][candy][candy],0
2025/3/22 23:39,就是別家小孩我也会心疼，怎么舍得打,0
2025/3/22 23:39,离婚最惨是孩子，希望每对夫妻对孩子放第一位,0
2025/3/22 23:39,！,0
2025/3/22 23:40,@黄梓澈的妈妈。,0
2025/3/22 23:41,所以说离婚时孩子一定要跟对人,1
2025/3/22 23:44,没感情了孩子都是错[捂脸],1
2025/3/22 23:49,孩子的安全永远是第一位的，希望法律能给出公正的判决。,0
2025/3/22 23:51,吴薇喜欢你，说的对[666][666][666][666],0
2025/3/22 23:51,死刑，太可恶了,1
2025/3/22 23:55,这是什么熊妈,1
2025/3/22 23:56,不听了！心脏受不了,0
2025/3/22 23:57,[感谢],0
2025/3/22 23:57,放出来。我打完。再还进去。,1
2025/3/22 23:57,母爱，不是每个人都拥有的……可怜的孩子……哎……,0
2025/3/23 0:00,无语干啥打孩子,1
2025/3/23 0:03,前幼儿园老师？查查有没有被她虐待过的孩子啊！,1
2025/3/23 0:04,自己身上掉下来的肉也下??去手，窝三个孩子都舍不得打，小时候他哭一下我都觉得心疼,0
2025/3/23 0:05,是亲生的吗,1
2025/3/23 0:05,有了孩子后，不敢想象这有多可怕，多心疼，多难受，要严惩，不能放过,0
2025/3/23 0:06,必须把这两个恶魔死刑[炸弹][炸弹][炸弹] 母爱，父爱 不是每个人都拥有的……可怜的孩子……哎……，我宁愿不要婚姻，不要爱情，也要护我孩儿周全[发怒][发怒][发怒]孩子都比自己命还重要重， 怎么可能为了其它的去伤害孩子[发怒]哎不配为母,1
2025/3/23 0:06,[感谢][感谢][感谢][感谢],0
2025/3/23 0:08,孔子的故乡，君为臣纲，父为子纲,0
2025/3/23 0:08,这情况跟之前那个案子相似啊[泣不成声],0
2025/3/23 0:09,痛心啊，孩子真的没错，为什么对一个小小生命做出如此恶毒手段？成年人的气为什么要撒在小孩子这里呢？成年人的心理比小孩子还要复杂且不负责任！！重判,0
2025/3/23 0:09,[发怒][发怒],1
2025/3/23 0:10,希望恢复凌迟,1
2025/3/23 0:10,7点睡什么呀？太早了，真是也下得去手？,1
2025/3/23 0:10,可怜的孩子，对二人必须死刑,1
2025/3/23 0:14,当妈的听不了这样的事，心都疼,0
2025/3/23 0:18,[感谢][感谢][感谢],0
2025/3/23 0:18,还幼儿园老师呢，虎毒不食子，她自己孩子都打死,1
2025/3/23 0:18,虎毒不食子，某些人连禽兽不如[发怒][发怒][发怒],1
2025/3/23 0:19,太恐怖??？,0
2025/3/23 0:19,[感谢][感谢][感谢][感谢],0
2025/3/23 0:20,必须严惩！[发怒][发怒][发怒][发怒],1
2025/3/23 0:20,这女人还在幼儿园上班，太可怕了,1
2025/3/23 0:22,我儿子，我都不敢大声说话，他天天怼死我了，他才三岁啊，就知道欺负我了，,0
2025/3/23 0:23,[感谢][感谢][感谢],0
2025/3/23 0:24,罪过，两人应受到法律严肃惩罚！[感谢][感谢][感谢],1
2025/3/23 0:24,7点就睡觉好像太早了吧,0
2025/3/23 0:24,24年的新闻放到现在,0
2025/3/23 0:24,[发怒][发怒][发怒][炸弹][炸弹][炸弹],1
2025/3/23 0:25,严惩他母亲和男友。,1
2025/3/23 0:25,@[感谢][感谢][感谢],0
2025/3/23 0:26,对社会危害性不大，只针对个人下手而且有自首性质不会被判最高量刑。死缓！ [捂脸],1
2025/3/23 0:27,5岁能懂啥啊，哎。。。,1
2025/3/23 0:27,老早之前新闻报道过类似的我就说过不是每个女性都是合格的母亲，不是每个当妈的都有母爱………结果小仙女各种喷[捂脸][捂脸][捂脸],1
2025/3/23 0:28,@[流泪][流泪][流泪][流泪][流泪][流泪][感谢][感谢],0
2025/3/23 0:30,@[流泪][流泪][流泪][发怒][发怒][发怒],1
2025/3/23 0:31,[赞][赞][赞][赞],0
2025/3/23 0:32,[赞][赞][赞],0
2025/3/23 0:34,虎毒不食子，支持判死刑,1
2025/3/23 0:36,这个母亲很恐怖的一点是他是幼儿园老师。现在是个人都能当幼儿园老师了吗？,1
2025/3/23 0:37,[发呆][发呆][发呆][发呆][发呆],0
2025/3/23 0:40,不敢相信是亲妈干的[酷拽],1
2025/3/23 0:45,所以很多人没有感情了也要维护好家庭！,0
2025/3/23 0:48,要钱干嘛！支持死刑立即执行,1
2025/3/23 0:49,严惩两个人,1
2025/3/23 0:49,天[尬笑],0
2025/3/23 0:50,有病有大病妈的,1
2025/3/23 0:54,唉  这是什么样的母亲  是  如此下去手滴,1
2025/3/23 0:56,后妈太可怕了，我深有体会。按时睡并不重要，重要的是他想要你的命,1
2025/3/23 0:57,怎么有这样的人，真想不通,1
2025/3/23 0:58,男孩的爸爸为什么不接走孩子[泣不成声],0
2025/3/23 1:00,[赞][赞][赞][赞][赞][赞][赞][感谢][捂脸][捂脸][抱抱你][抱抱你][捂脸][捂脸][酷拽][酷拽][酷拽][酷拽][酷拽][酷拽][酷拽][酷拽][酷拽][酷拽][酷拽][酷拽][发呆][发呆],0
2025/3/23 1:00,天呐,0
2025/3/23 1:02,[感谢][感谢][感谢][流泪][流泪][流泪]????,0
2025/3/23 1:05,对孩子施暴就是恶魔。,0
2025/3/23 1:08,前夫知道了会是怎样的状态,0
2025/3/23 1:09,搞不懂，这样做了，干嘛送医院,1
2025/3/23 1:11,@?? ??太阳花永远不悲伤?? ??: 必须把这两个恶魔死刑[炸弹][炸弹][炸弹] 母爱，父爱 不是每个人都拥有的……可怜的孩子……哎……，我宁愿不要婚姻，不要爱情，也要护我孩儿周全[发怒][发怒][发怒]孩子都比自己命还重要重， 怎么可能为了其它的去伤害孩子[发怒]哎不配为母,1
2025/3/23 1:11,孩子本来就是副产品,1
2025/3/23 1:13,[流泪][流泪][流泪][流泪][感谢][感谢][感谢][感谢][感谢][感谢][感谢][感谢][感谢][感谢][感谢][感谢],0
2025/3/23 1:13,[发怒][发怒][发怒][发怒][发怒],1
2025/3/23 1:17,这种女人就不配做母亲，自己的孩子都能下毒手打死，我一个陌生人听到都心痛啊！孩子那么小睡晚了不是正常，又不是犯了什么大错,1
2025/3/23 1:19,大家可以想象；一个被爱冲昏头的人是多可怕，俗话说；虎毒不食子，她真是最毒不妇人心。前几年好像是山西的一个三岁女孩被亲妈和情夫打的住进重症监护室、原因也是因为小女孩的哭闹打忧了两个人[感谢][感谢][感谢],1
2025/3/23 1:20,听到你说这个小孩，我心痛啊，我家小孙女，几个月的时候？妈妈扔在桌子底下，一岁多的时候，在炒菜的锅上，手上烫了四个泡，故意烫的[感谢][感谢][感谢][感谢][流泪],1
2025/3/23 1:22,[感谢][感谢][感谢][感谢],0
2025/3/23 1:22,[恐惧][恐惧]严查严惩不贷太可恶了凶手[感谢][感谢][发怒][发怒],1
2025/3/23 1:24,[流泪][流泪][流泪][流泪][流泪][感谢][感谢][感谢][感谢][感谢][玫瑰][玫瑰][玫瑰][玫瑰][玫瑰][玫瑰][爱心],0
2025/3/23 1:28,[感谢][感谢][感谢],0
2025/3/23 1:31,[感谢][感谢][感谢][感谢][感谢][感谢][流泪][流泪][流泪][流泪][流泪][流泪],0
2025/3/23 1:33,由我判，两个恶魔立即死刑，用他她俩对孩子的方式对待两个恶魔[666],1
2025/3/23 1:34,两口子离婚，爹要争孩子抚养权！！ 爹再婚，除了后妈都是亲人 妈再婚，除了亲妈都是外人,1
2025/3/23 1:39,[赞][赞][赞][赞][赞][赞],0
2025/3/23 1:43,[看][炸弹][炸弹][炸弹][炸弹][炸弹][炸弹][炸弹][炸弹][炸弹][炸弹][炸弹][炸弹][炸弹][炸弹],1
2025/3/23 1:43,有这样当妈的吗？真不是人复读还不是子。,1
2025/3/23 1:51,@橘子 ??,0
2025/3/23 1:54,支持死刑立即执行,1
2025/3/23 2:03,[感谢],0
2025/3/23 2:03,当妈不爱孩子的只有两种 1不是亲生的 2神经病！[发怒],1
2025/3/23 2:05,[赞][赞][赞][赞][赞][赞][赞][赞][赞][赞][赞][赞][赞][赞][赞][赞][赞][赞][赞][赞][赞][赞][赞][赞][赞][赞][赞][赞][赞][赞][赞],0
2025/3/23 2:07,可怜的孩子！投错胎了[流泪][流泪],1
2025/3/23 2:11,我小时候也被我妈打的很惨、那时我爸打牌输钱、就把气撒在我身上、到我八岁那年我妈就跑了[流泪],0
2025/3/23 2:14,愤怒??这是亲妈吗？,1
2025/3/23 2:16,[发呆][流泪][流泪][流泪],0
2025/3/23 2:20,让孩子早睡觉的原因估计是……[酷拽],0
2025/3/23 2:29,[赞][赞][赞],0
2025/3/23 2:34,太恐怖了,0
2025/3/23 2:36,通知前夫吧,1
2025/3/23 2:42,怎么下得去手[流泪],0
2025/3/23 2:44,他爹也不是人，自己的儿子怎么能让女人带走。,1
2025/3/23 2:50,不是为母则刚吗,1
2025/3/23 2:56,鬼,1
2025/3/23 2:56,@小点鑫,0
2025/3/23 3:01,想打死你不需要借口，啥都是理由。,1
2025/3/23 3:03,可恨[发怒],1
2025/3/23 3:05,恶魔父母,1
2025/3/23 3:15,天嘞吧，跟着亲妈也能这样？,1
2025/3/23 3:21,唉呀妈呀，我十一岁的女儿今天十二点半才睡觉[捂脸]，睡前还陪她一起拆了两包辉月5[我想静静],0
2025/3/23 3:23,愿逝者安息，生者坚强。,0
2025/3/23 3:27,了解一下张波把两个孩子丢下楼事件,0
2025/3/23 3:33,怎么舍得？,0
2025/3/23 3:33,居住条件欠佳？,0
2025/3/23 3:34,[感谢][感谢][感谢],0
2025/3/23 3:38,@% 真吓人,0
2025/3/23 3:39,2024年3月，一年多了啊,0
2025/3/23 3:53,[感谢][流泪],0
2025/3/23 3:53,[流泪][流泪][流泪],0
2025/3/23 3:55,[感谢][感谢][感谢][流泪],0
2025/3/23 3:57,杀人尝命,1
2025/3/23 4:07,@[炸弹][炸弹][炸弹],1
2025/3/23 4:11,[捂脸][流泪][发怒],1
2025/3/23 4:13,养孩子，教育方法不对，都是父母过错,1
2025/3/23 4:14,天啊,0
2025/3/23 4:21,又是俩个变态[黑脸],1
2025/3/23 4:21,我就想知道，怎么判！,0
2025/3/23 4:30,虎毒不食子呢这亲妈怎么下得去手，什么样的男人都没有自己孩子重要,1
2025/3/23 4:32,[感谢][感谢][感谢][感谢],0
2025/3/23 4:32,[感谢][感谢][感谢],0
2025/3/23 4:32,亲妈，虎毒不食子。社会[捂脸][捂脸][捂脸][捂脸][捂脸],1
2025/3/23 4:33,[看][看][心碎][心碎][流泪][流泪][流泪],0
2025/3/23 4:37,清严惩不贷！[敲打][敲打][敲打][敲打][敲打],1
2025/3/23 4:45,@死刑严成,1
2025/3/23 4:46,[感谢][感谢][感谢],0
2025/3/23 4:46,[灵机一动][灵机一动][灵机一动][灵机一动][灵机一动][灵机一动][看][看][看][看][看][看][炸弹][炸弹][炸弹][炸弹][炸弹][炸弹][炸弹][炸弹][炸弹][炸弹],1
2025/3/23 4:47,[心碎][心碎][心碎][心碎][心碎][心碎][心碎][流泪][流泪][流泪][流泪][流泪][流泪][流泪][感谢][感谢][感谢][感谢][感谢][感谢][感谢][感谢],0
2025/3/23 4:49,都说女人最疼自己生的孩子[捂脸][捂脸],0
2025/3/23 4:49,这个是妈妈吗？太很了！一定要重罚,1
2025/3/23 4:51,这个母亲枉为人[泪奔],1
2025/3/23 4:53,[爱心][爱心][爱心][爱心][爱心][爱心][爱心][爱心][爱心][爱心],0
2025/3/23 4:56,我儿子三十岁了，我就发过两次火，一次小时候不写作业，二是现在不找对象，哪舍得打，别人孩子我都特别喜欢,0
2025/3/23 4:56,@[赞][赞][赞][赞][赞][赞][鼓掌][鼓掌][鼓掌][鼓掌][鼓掌],0
2025/3/23 4:57,对恶魔就是极刑,1
2025/3/23 4:58,[感谢][感谢][感谢],0
2025/3/23 4:58,两个判死刑[炸弹][炸弹][炸弹][炸弹][炸弹][炸弹]????,1
2025/3/23 5:01,[赞][赞][赞],0
2025/3/23 5:04,"新时代幼儿教师没有生孩子过？？？？？没有母爱
刚幼师毕业去幼儿园上班，没有母爱也要打人？
幼儿教师必须当母亲的人，先教育她们行为习惯良心都要好，幼儿园先调查一下[感谢][感谢][感谢][感谢][感谢][感谢][感谢]",1
2025/3/23 5:05,可怜的孩子[感谢][感谢][感谢][感谢][感谢][感谢][感谢][感谢],0
2025/3/23 5:05,[感谢][流泪][流泪][流泪],0
2025/3/23 5:09,儿子为啥要跟母亲，我们那边离婚儿子都是给男人，这父亲可能也不是啥好鸟，自己儿子都不要，女人带儿子嫁人男人能接受男人很少,1
2025/3/23 5:10,我家孙女四岁，每天晚上都是十点多才睡,0
2025/3/23 5:10,[炸弹][炸弹][炸弹][炸弹],1
2025/3/23 5:13,@[感谢][感谢][感谢],0
2025/3/23 5:16,恶魔,1
2025/3/23 5:18,@[捂脸][捂脸],0
2025/3/23 5:18,[赞][赞][赞][赞][赞][赞][赞][爱心][爱心][爱心][爱心],0
2025/3/23 5:19,"故意杀人罪论处
必须死刑立即执行",1
2025/3/23 5:24,什么样的女人，能打死自己儿子,1
2025/3/23 5:31,[感谢][感谢][感谢][感谢][感谢][感谢],0
2025/3/23 5:32,[炸弹][炸弹][炸弹][炸弹],1
2025/3/23 5:33,睡了没睡,0
2025/3/23 5:33,太恶毒了，亲妈怎么能下的了手,1
2025/3/23 5:34,可怜啊[流泪],0
2025/3/23 5:34,这么舍得打[流泪],0
2025/3/23 5:35,唉，去年的事了。,0
2025/3/23 5:35,睡觉把他喊起来，叫他重睡，起来重睡,0
2025/3/23 5:35,[感谢][感谢],0
2025/3/23 5:35,这位母亲太狠心，你不想要孩子，你可以给他爸爸爷爷奶奶,1
2025/3/23 5:36,一年了才开庭,0
2025/3/23 5:37,[感谢][感谢][感谢],0
2025/3/23 5:39,两个恶魔死刑,1
2025/3/23 5:40,所以孩子小就别离婚，离婚也别再婚了[发怒],1
2025/3/23 5:41,为保护未成年支持死刑,1
2025/3/23 5:41,必须判这两个恶魔死刑，不是人。,1
2025/3/23 5:41,[流泪][流泪][流泪],0
2025/3/23 5:42,为孩子祈祷！可怜的孩子[感谢][感谢][感谢],0
2025/3/23 5:45,孩子啊[流泪][流泪] 是人？ 你俩是人不？ 严惩吧。,1
2025/3/23 5:45,@[赞][赞][赞][赞][赞][赞][赞],0
2025/3/23 5:48,[炸弹][炸弹][炸弹],1
2025/3/23 5:49,就是嫌他多余了[泣不成声],1
2025/3/23 5:50,必须严惩,1
2025/3/23 5:50,真他两个恶魔死刑[发怒][发怒][发怒],1
2025/3/23 5:50,[感谢][感谢][感谢],0
2025/3/23 5:50,还幼儿园老师？,1
2025/3/23 5:52,坚决支持严惩凶手死刑！,0
2025/3/23 5:52,[流泪][流泪][流泪][感谢][感谢][感谢],0
2025/3/23 5:52,[泣不成声][泣不成声][泣不成声][感谢],0
2025/3/23 5:55,谁说妈妈最疼孩子？这不就是亲妈干的吗？而且还是老师，这个怎么判？,1
2025/3/23 5:55,这女人离不开男人,1
2025/3/23 5:57,[流泪][流泪][流泪][流泪][流泪][流泪][流泪][流泪][流泪][流泪][感谢][感谢][感谢],0
2025/3/23 5:57,[捂脸][捂脸][捂脸][捂脸],0
2025/3/23 5:58,[流泪][流泪][流泪][流泪][流泪][流泪][流泪][流泪][流泪][流泪][流泪],0
2025/3/23 5:58,@泸州老窖: 为孩子祈祷！可怜的孩子[感谢][感谢][感谢],0
2025/3/23 5:59,@[感谢][感谢][感谢][感谢][感谢][感谢][感谢],0
2025/3/23 5:59,@[流泪][流泪][流泪][流泪][流泪][流泪][流泪],0
2025/3/23 5:59,有些人就是恶魔,1
2025/3/23 6:01,必须把两位恶魔判死刑,1
2025/3/23 6:02,预计一个死刑，一个无期[得意],1
2025/3/23 6:03,打死自己的孩子，怎么就故意伤害罪，应该判它们两死刑[感谢],1
2025/3/23 6:05,[感谢][感谢][感谢][感谢][感谢],0
2025/3/23 6:05,[发怒][发怒][发怒],1
2025/3/23 6:05,可怜的孩子[感谢][感谢][感谢],0
2025/3/23 6:06,简直是两个恶魔,1
2025/3/23 6:08,防碍她们了,1
2025/3/23 6:09,孩子太可怜了，让俩恶魔这样折磨而死，两个恶魔必须死刑,1
2025/3/23 6:10,严惩恶魔,1
2025/3/23 6:12,人间败类,1
2025/3/23 6:13,[感谢][感谢][感谢][感谢][感谢],0
2025/3/23 6:15,[感谢][感谢][感谢][感谢][感谢][感谢],0
2025/3/23 6:16,什么妈妈[流泪][流泪],0
2025/3/23 6:18,[感谢][感谢][感谢][感谢][感谢],0
2025/3/23 6:18,可怜的孩子  才五岁啊怎么下得去手,0
2025/3/23 6:19,它们就不是人…,1
2025/3/23 6:20,[赞][赞][赞][赞][赞][赞],0
2025/3/23 6:20,[感谢][感谢][感谢],0
2025/3/23 6:21,[流泪][流泪][流泪],0
2025/3/23 6:23,肯定是男人打死的,1
2025/3/23 6:24,最毒不过妇人心，女人一旦变了心，是不可想象的,1
2025/3/23 6:26,[黑脸][黑脸][展开说说],1
2025/3/23 6:26,[流泪][流泪][流泪][流泪],0
2025/3/23 6:28,@[拳头][拳头][拳头][拳头][拳头][拳头],0
2025/3/23 6:28,[流泪][流泪][流泪],0
2025/3/23 6:29,重判！！必须重判！！,1
2025/3/23 6:30,[比心][比心][比心][比心][比心],0
2025/3/23 6:32,[捂脸][捂脸][捂脸][捂脸][捂脸][捂脸][捂脸][流泪][流泪][流泪][流泪][流泪][流泪][流泪],0
2025/3/23 6:32,是不是亲生的,1
2025/3/23 6:34,[感谢][感谢][感谢][感谢][感谢][感谢],0
2025/3/23 6:34,这样的人间恶魔必须处死，死刑立即执行,1
2025/3/23 6:35,保持沉默的人多了，,0
2025/3/23 6:35,喜欢你的节目播放[赞][赞][赞][赞][赞][给力][给力][给力][给力][给力][给力],0
2025/3/23 6:36,先有后爸，才有后妈[流泪],0
2025/3/23 6:36,@这妈妈还算人吗……？[流泪][流泪][流泪][流泪][流泪],1
2025/3/23 6:37,微微[比心],0
2025/3/23 6:37,@[感谢][感谢][感谢][捂脸][捂脸][捂脸],0
2025/3/23 6:37,一幼儿园老师，多么荒谬,1
2025/3/23 6:38,才5岁啊，正是快乐成长的时候，被你们打死了，不想养送人不行吗？,1
2025/3/23 6:38,后妈好残忍，,1
2025/3/23 6:39,我建议只要是虐待致死的，都必须判死刑！,1
2025/3/23 6:40,[流泪],0
2025/3/23 6:40,[感谢][感谢][感谢]愿菩萨惩罚恶魔,1
2025/3/23 6:40,可怜的小孩[流泪][流泪][流泪],0
2025/3/23 6:41,[流泪][流泪][流泪][流泪][流泪],0
2025/3/23 6:44,@ddd,0
2025/3/23 6:44,[流泪][流泪][流泪][流泪][流泪][流泪],0
2025/3/23 6:45,这是亲妈做的事吗？够狠的。可怜的孩子,1
2025/3/23 6:46,啥母亲，想男人想疯了,1
2025/3/23 6:48,人生太残酷了[流泪][流泪][流泪],0
2025/3/23 6:49,不,0
2025/3/23 6:50,两恶魔??一起枪毙,1
2025/3/23 6:50,爸爸一个家 妈妈一个家 剩下……,1
2025/3/23 6:51,商量打， 幼入园的孩子拍两巴掌就能下到她，两人下多大的很心啊！！！,1
2025/3/23 6:51,[炸弹][炸弹][炸弹][炸弹][炸弹][炸弹][炸弹][炸弹][炸弹][炸弹][炸弹],1
2025/3/23 6:52,[发怒][发怒][发怒][发怒],1
2025/3/23 6:52,说得太对了，没有人听到吗？太可怕，可怜的孩子[流泪][流泪][流泪][流泪][流泪][流泪],0
2025/3/23 6:54,@绾绾?,0
2025/3/23 6:55,[感谢][感谢][感谢][流泪][流泪][流泪],0
2025/3/23 6:57,[感谢][感谢][感谢][感谢][感谢][感谢][感谢][感谢][感谢][玫瑰][玫瑰][玫瑰][玫瑰][玫瑰][玫瑰][玫瑰][玫瑰][玫瑰][玫瑰][玫瑰][玫瑰][玫瑰][玫瑰][一起加油][一起加油],0
2025/3/23 6:57,看不下去，太残忍啦[流泪][流泪],0
2025/3/23 6:57,古人云   最毒妇人心   也不是没有道理的[捂脸],1
2025/3/23 6:58,[比心][比心][比心][赞][赞],0
2025/3/23 6:59,可怜的孩子[感谢][感谢][感谢],0
2025/3/23 7:00,[感谢][感谢][感谢],0
2025/3/23 7:01,@[感谢][感谢][感谢],0
2025/3/23 7:02,不配做人，何况是自己的母亲[流泪],1
2025/3/23 7:02,"我的两个孩子自从上小学了就一次没有打过,爱都来不及[比心][比心][比心][比心]",0
2025/3/23 7:02,"怎么有这么恶毒的女人自己的孩子[尬笑]
我一无所有带两个儿子",1
2025/3/23 7:04,还怎么处罚，用同样的方式打死[发怒],1
2025/3/23 7:04,[感谢][感谢][感谢],0
2025/3/23 7:05,天呐,0
2025/3/23 7:05,不可饶恕,1
2025/3/23 7:06,[感谢][感谢][感谢][感谢][感谢][感谢],0
2025/3/23 7:06,恶魔呀！,1
2025/3/23 7:07,[感谢][感谢][感谢],0
2025/3/23 7:08,人常说虎毒不食子，作为亲妈怎么打下去。太惨了泪流满面[流泪],0
2025/3/23 7:08,母爱，不是每个人都拥有的……可怜的孩子……哎……,0
2025/3/23 7:09,建议重判,1
2025/3/23 7:10,后面的结果，直接讲结果吧,0
2025/3/23 7:14,现在的单亲家庭不断变多，,0
2025/3/23 7:14,说得太对了，没有人听到吗？太可怕，可怜的孩子[流泪][流泪][流泪][流泪][流泪][流泪],0
2025/3/23 7:14,[抱拳][抱拳][抱拳][抱拳][抱拳][抱拳][抱拳][抱拳][比心][比心][比心],0
2025/3/23 7:14,严惩,1
2025/3/23 7:14,什么妈啊,1
2025/3/23 7:14,离婚孩子必须跟父亲，毕竟都是孩子亲人,0
2025/3/23 7:15,还是幼儿园老师[吐],1
2025/3/23 7:15,女版重庆张波,1
2025/3/23 7:16,怎么有这么恶毒的人，可怜的孩子[流泪][流泪][流泪][流泪][流泪][流泪][流泪],0
2025/3/23 7:16,看不下去了,1
2025/3/23 7:16,[赞][赞][赞][赞][赞][赞][赞][赞][赞][鼓掌][鼓掌][鼓掌][比心][比心][比心],0
2025/3/23 7:16,[赞][赞][赞][赞][赞][赞][赞],0
2025/3/23 7:20,虎毒都不食子，可怜的孩子，[捂脸][捂脸][捂脸],0
2025/3/23 7:20,可怜的孩子[感谢],0
2025/3/23 7:21,为什么离婚,0
2025/3/23 7:21,[流泪][流泪][流泪],0
2025/3/23 7:23,[流泪][流泪][流泪][流泪][流泪][流泪][流泪]下辈子投个好人家,1
2025/3/23 7:24,[发怒][发怒][发怒][发怒][发怒][发怒][发怒][发怒][发怒][发怒][发怒][发怒][发怒][发怒][发怒][发怒][发怒][发怒][发怒][流泪][流泪][流泪][流泪][流泪][流泪],1
2025/3/23 7:24,可怜的孩子！严惩恶魔！,0
2025/3/23 7:25,叫了乐乐并不快乐[捂脸],0
2025/3/23 7:25,[感谢][感谢][感谢],0
2025/3/23 7:27,希望都判死刑[感谢],1
2025/3/23 7:27,哎呦妈呀听的我心惊肉战，哎呀都要气死我了[发怒][发怒],1
2025/3/23 7:28,严惩凶手[发怒],1
2025/3/23 7:28,可怜的孩子,0
2025/3/23 7:30,[赞][赞][赞][感谢][感谢][感谢][流泪][流泪][流泪],0
2025/3/23 7:33,必须死刑[发怒][发怒][发怒][发怒][发怒][发怒],1
2025/3/23 7:34,@[流泪][流泪][流泪][流泪]太可怜了，这个亲妈死这个女人哟,1
2025/3/23 7:35,必须严惩,1
2025/3/23 7:36,直接判死刑，立即执行！！！[酷拽][酷拽][酷拽],1
2025/3/23 7:38,有孩子，离婚孩子可怜，我老公过世，我二个幼孩子，我就一个人代二孩子过，孩子不委屈，,0
2025/3/23 7:38,天啊？我两个孩子一旦到周六周五晚上10左右差不多就要睡了[捂脸]不打她，哪怕上学期也就9点左右差不多睡了,0
2025/3/23 7:38,[流泪][流泪][流泪][流泪][流泪][流泪],0
2025/3/23 7:38,不配做人[感谢][感谢][感谢][感谢][感谢][感谢][感谢][感谢][感谢][感谢],1
2025/3/23 7:39,我养女儿8年了，都没打过她一下！[泣不成声],0
2025/3/23 7:41,她做娘的都不心疼，我门有啥办法,1
2025/3/23 7:42,@心酸啦。,0
2025/3/23 7:43,上初中的孩子大多23:00点左右睡怎么办？这哪里是妈妈，这是恶魔，支持死刑！,1
2025/3/23 7:43,世界之大什么时人都有小孩太可怜！！！！！,0
2025/3/23 7:43,[赞][赞][赞][赞][比心][比心],0
2025/3/23 7:43,[感谢][感谢][感谢][感谢][感谢][感谢][感谢][感谢][感谢],0
2025/3/23 7:43,有了后爹就有了后妈,0
2025/3/23 7:44,[感谢][流泪],0
2025/3/23 7:44,会玩,0
2025/3/23 7:45,亲妈相信和男友一起打亲生儿子，为什么原配夫妻非离婚不可，干嘛当时要结婚,1
2025/3/23 7:46,[流泪],0
2025/3/23 7:47,孩子父亲是个什么的人，父亲不负责任也是造成这样的结果。谴责孩子生父，生他又不为孩子负责。,1
2025/3/23 7:47,[炸弹][炸弹][炸弹][炸弹],1
2025/3/23 7:47,[流泪][流泪],0
2025/3/23 7:48,严重办[666][666][666],0
2025/3/23 7:49,亲妈和她的男朋友，我的天哪,1
2025/3/23 7:49,[感谢][感谢][感谢]太坏了，小孩子好可怜啊！,1
2025/3/23 7:50,孩子他爹呢？,1
2025/3/23 7:50,不配为人父母，更不配做人,1
2025/3/23 7:50,天呐,0
2025/3/23 7:50,难熬的96小时    残忍啊,1
2025/3/23 7:51,[流泪][流泪][流泪][流泪][流泪],0
2025/3/23 7:55,这么混蛋的人能当幼儿老师？,1
2025/3/23 7:55,母爱是伟大的,0
2025/3/23 7:55,[感谢][感谢][感谢][流泪][流泪][流泪][流泪],0
2025/3/23 7:55,[赞][赞][赞][赞][抱抱你][抱抱你][抱抱你],0
2025/3/23 7:55,[感谢][感谢][感谢][感谢][感谢][感谢],0
2025/3/23 7:57,[流泪][流泪][流泪],0
2025/3/23 7:58,俩恶魔必须判死刑,1
2025/3/23 7:58,[流泪][流泪][流泪][流泪][流泪][赞][赞][抱抱你][抱抱你],0
2025/3/23 7:59,[捂脸][捂脸][流泪][流泪],0
2025/3/23 7:59,[流泪][流泪][流泪],0
2025/3/23 8:00,这两个人怕不是有神经病，才下这么狠的手吧,1
2025/3/23 8:01,[发怒][发怒][发怒][发怒][发怒],1
2025/3/23 8:02,[流泪][流泪]可怜的孩子[发怒][发怒]死罪,1
2025/3/23 8:03,@[流泪][流泪][流泪][流泪][流泪][流泪][流泪][流泪][流泪][流泪][流泪][流泪][爱心][爱心][爱心][爱心][爱心][爱心][爱心][爱心][爱心][爱心][爱心][爱心][爱心][爱心][爱心][爱心][爱心][爱心][爱心][爱心],0
2025/3/23 8:04,真不是人,1
2025/3/23 8:05,[流泪][流泪],0
2025/3/23 8:05,不配为人母！,1
2025/3/23 8:06,真的太狠了,1
2025/3/23 8:07,是亲生吗,1
2025/3/23 8:08,@[流泪][流泪][流泪][流泪],0
2025/3/23 8:09,[流泪][流泪][流泪][流泪][流泪][流泪][心碎][心碎][心碎][心碎][心碎][发怒][发怒][发怒][发怒][发怒],1
2025/3/23 8:09,还是人吗？？？？,1
2025/3/23 8:09,@说的太好了,0
2025/3/23 8:10,????????,0
2025/3/23 8:11,不配做人,1
2025/3/23 8:11,人性的扭曲,1
2025/3/23 8:12,离婚了，拿到孩子抚养权的那方就要做好跟孩子相依为命的打算，再婚你遇到再好的人，孩子都不会像以前那样活泼开朗,1
2025/3/23 8:14,[炸弹][炸弹][炸弹][炸弹][炸弹][炸弹],1
2025/3/23 8:14,孩子亲爹在看么？这就是你俩离婚的最大悲剧。。[思考],1
2025/3/23 8:15,两个都死刑[发怒][发怒][发怒][发怒][发怒][发怒][发怒][发怒][发怒],1
2025/3/23 8:16,[流泪][流泪][流泪][流泪][流泪][流泪][流泪][流泪][流泪][流泪][流泪][流泪],0
2025/3/23 8:17,所以我不打算结婚了，一个人带着孩子挺好。,0
2025/3/23 8:17,千刀万剐两个恶魔，太惨忍,1
2025/3/23 8:17,谁会在乎你？[感谢],1
2025/3/23 8:17,支持爷爷说法,0
2025/3/23 8:18,不要为什么不给男方[流泪][流泪],1
2025/3/23 8:19,这样的的视频我都不愿意看，看了我会很难过,0
2025/3/23 8:20,所以离婚伤害的是孩子，我是我也不例外[流泪][流泪][流泪][流泪],0
2025/3/23 8:22,[发怒][发怒][发怒][发怒][发怒][发怒][发怒],1
2025/3/23 8:23,希望严查严惩,1
2025/3/23 8:27,这是亲妈吗？,1
2025/3/23 8:27,这女人心毒蛇血，建议男女离婚孩子有爸抚养最好！孩子爸呢？,1
2025/3/23 8:29,没想到还有亲妈这样[衰],1
2025/3/23 8:29,凶手斩立决,1
2025/3/23 8:29,有这样的妈妈吗,0
2025/3/23 8:29,人间恶魔。,1
2025/3/23 8:31,唉，这是后爸的后果,1
2025/3/23 8:32,学狮子，,0
2025/3/23 8:34,[流泪][流泪][流泪][流泪][流泪][流泪][流泪][感谢][感谢][感谢][感谢],0
2025/3/23 8:36,[感谢][感谢],0
2025/3/23 8:37,世界上还真有这样的亲生母亲啊,1
2025/3/23 8:37,我建议只要是虐待致死的，都必须判死刑！,1
2025/3/23 8:37,@[流泪][流泪][流泪],0
2025/3/23 8:38,人神共愤,1
2025/3/23 8:39,目前，孩子他亲爹在干什么？,1
2025/3/23 8:40,古人云，最毒妇人心！,1
2025/3/23 8:42,太可怜的宝贝[感谢],0
2025/3/23 8:42,[发怒],1
2025/3/23 8:42,这就是人性恶毒,1
2025/3/23 8:43,两个人一起负责,0
2025/3/23 8:44,还是人呜？,1
2025/3/23 8:46,虎毒不食子凉血东物,1
2025/3/23 8:46,必须 严惩这对恶魔,1
2025/3/23 8:46,严惩恶魔,1
2025/3/23 8:46,这种人就不该有小孩,1
2025/3/23 8:46,[流泪][流泪][流泪][感谢][感谢][感谢],0
2025/3/23 8:47,@[赞][赞][赞][鼓掌][鼓掌][鼓掌],0
2025/3/23 8:47,大家看看吧，都说男人心狠，女人狠起来就没男人啥事了,1
2025/3/23 8:48,这两人是不是送花生米了,1
2025/3/23 8:48,立即执行,1
2025/3/23 8:49,活活打死的,1
2025/3/23 8:49,我家娃7岁了，我跟她妈都没舍得打过一次[捂脸],0
2025/3/23 8:49,怎么有这样的妈,1
2025/3/23 8:49,最毒妇人心这句话真没有说错,1
2025/3/23 8:50,虎毒不食子，不配有爱情和婚姻,1
2025/3/23 8:52,@[流泪][流泪][流泪][流泪][流泪][流泪][流泪][流泪],0
2025/3/23 8:53,不是每个人都配做父母[流泪][流泪][流泪][流泪],1
2025/3/23 8:53,看了太扎心了,0
2025/3/23 8:54,就想故意杀人,1
2025/3/23 8:57,两个恶魔完全不是人，内伤致死太惨了这小孩， 就是別家小孩我也会心疼，怎么舍得打,1
2025/3/23 8:58,[流泪][流泪][流泪],0
2025/3/23 8:59,不佩做母亲的女人,1
2025/3/23 9:00,不是所有的成年人都配做父母！有的人除了有生育能力，其它是啥也不是！,1
2025/3/23 9:01,孩子他亲爹在干什么？,1
2025/3/23 9:02,大家发现没有，离婚后都是狠心的一方要小孩,1
2025/3/23 9:03,[感谢][感谢][感谢],0
2025/3/23 9:03,亲妈是恶魔[感谢][感谢][感谢],1
2025/3/23 9:04,母亲二字不是人人都配称当的。,1
2025/3/23 9:04,孩子太可怜[感谢][感谢][感谢],0
2025/3/23 9:04,我家孩子，都上高中了也舍不得打一下，唉，当妈的怎么下的去手[流泪][流泪][流泪],0
2025/3/23 9:05,[感谢][感谢][感谢][感谢][感谢][感谢][感谢][感谢][感谢][流泪][流泪][流泪][流泪][流泪],0
2025/3/23 9:05,我看了案情通报，孩子母亲以前是在网络赌博平台上班的[捂脸][捂脸][捂脸],1
2025/3/23 9:06,不早点睡觉，就误了他们的好事,1
2025/3/23 9:07,恶魔,1
2025/3/23 9:09,结婚了确实过不下去了有了孩子就忍到孩子成年再离婚……为了孩子忍忍吧,1
2025/3/23 9:09,[看][看][看][看][看][看],0
2025/3/23 9:10,太狠了[感谢],1
2025/3/23 9:11,这两个恶魔不配为人，看的我快气死了,1
2025/3/23 9:11,这样不心痛，为何将他带到人间？,1
2025/3/23 9:11,[流泪][流泪][流泪][流泪],0
2025/3/23 9:12,孩子七点就让睡觉[发呆],0
2025/3/23 9:15,[流泪][流泪][流泪][流泪],0
2025/3/23 9:16,这是啥玩意啊，这都不能叫人,1
2025/3/23 9:17,他妈真的不是人[流泪][流泪][流泪][流泪][流泪][流泪],1
2025/3/23 9:18,可怜的娃，到死也没想通自己妈妈对自己下很手,1
2025/3/23 9:18,听说是幼儿园老师都不爱小孩当什么老师？,1
2025/3/23 9:18,[赞][赞][赞][赞][赞][赞][赞][赞][赞][赞][赞],0
2025/3/23 9:19,这个亲妈是不是精神病？,1
2025/3/23 9:19,一定要严惩,1
2025/3/23 9:20,不喜欢你可以送人嘛，送给我啊，干嘛打死啊[尬笑][尬笑][尬笑],1
2025/3/23 9:21,[流泪][流泪][流泪][流泪][打脸][打脸][打脸],1
2025/3/23 9:21,[炸弹][炸弹][炸弹][炸弹][炸弹][炸弹][炸弹],1
2025/3/23 9:22,黄蜂尾上针啊,0
2025/3/23 9:23,我的女儿今年20岁了，从小到大我都不舍得打一手指头,0
2025/3/23 9:24,看不下去了，不敢看了,0
2025/3/23 9:24,虎毒不食子啊，怎么下得去手？,1
2025/3/23 9:25,老师打学生箅暴力吗,0
2025/3/23 9:25,世上只有妈妈好。[捂脸][捂脸],0
2025/3/23 9:26,[感谢][感谢][感谢][感谢][感谢][感谢][感谢][感谢][爱心][爱心][爱心][爱心][玫瑰][玫瑰][赞][赞][666][666][平安果][平安果][福][福][元宝][元宝],0
2025/3/23 9:28,这是人吗？这是魔鬼,1
2025/3/23 9:28,爸爸是个没有责任有担当的人，干嘛不要儿干抚养权。[感谢][感谢][感谢],1
2025/3/23 9:29,昨天也凑了我儿子，实在忍不住，今天又后悔了，带他出去玩玩,0
2025/3/23 9:29,不敢看下去[泪奔][泪奔][泪奔],0
2025/3/23 9:29,两恶魔必须是死刑 [发怒],1
2025/3/23 9:32,我打孩子。都是吓唬。拿个衣架子，吼。，。实际不得打[呲牙],1
2025/3/23 9:32,送到里面让两个恶魔也尝试尝试被打的滋味,1
2025/3/23 9:33,可怜的孩子[感谢],0
2025/3/23 9:39,这么狠毒还能做幼儿园老师[泣不成声],1
2025/3/23 9:39,没有父母不爱自己的孩子，世上只有妈妈好。这两句话就是讽刺的话，,1
2025/3/23 9:39,比潘金莲还恶毒,1
2025/3/23 9:40,不是所有的妈妈都配做母亲！一定要严惩！,1
2025/3/23 9:42,应该调查怎样才离婚？如果男方外面沾花惹草，男方也不能逃脱法律追责[流泪][流泪],0
2025/3/23 9:44,这种人太可怕了，5岁,1
2025/3/23 9:46,两个都变态，有谁7点就睡觉的,1
2025/3/23 9:48,妈妈是幼儿园老师，在幼儿园没少虐待小朋友,1
2025/3/23 9:49,妈妈还是个幼师？,0
2025/3/23 9:50,为什么要这么狠，不养可以给别人养啊[微笑],0
2025/3/23 9:50,[感谢][感谢][感谢][感谢][感谢][感谢],0
2025/3/23 9:51,邻居也听不到吗？,0
2025/3/23 9:52,这种人配做母亲吗？,1
2025/3/23 9:53,[流泪][流泪][流泪][流泪][流泪][流泪][流泪],0
2025/3/23 9:54,人间恶魔怎配得上父母[感谢],1
2025/3/23 9:54,我家猫最起码都不是人类我们家里人都像宠小孩儿一样宠着，自己生的孩子咋能下的去手呢？,0
2025/3/23 9:55,要彩礼高取这样的女人一逼害两家人,1
2025/3/23 9:56,我想看看这位母亲和她的男友,1
2025/3/23 9:59,是父母吗[流泪][流泪][流泪],0
2025/3/23 10:00,好可怕  恶魔[发怒],1
2025/3/23 10:00,影响他们做好事,0
2025/3/23 10:00,这两个恶魔就立即执行,1
2025/3/23 10:01,@孩子应该跟着爷爷奶奶和爸爸。,0
2025/3/23 10:01,[流泪][流泪][流泪][流泪][流泪][流泪][流泪][感谢][感谢][感谢],0
2025/3/23 10:06,[感谢][感谢],0
2025/3/23 10:07,天杀的，绝不轻饶,1
2025/3/23 10:07,未成年保护法这个时候必须派上用场了，支持死刑！,1
2025/3/23 10:07,平常说虎毒不实子[流泪][流泪][流泪],0
2025/3/23 10:07,这种女人不仅害死了自己的儿子，也害死了别人的儿子,1
2025/3/23 10:08,又是继父参与，这个女人真不是人……可怜的孩子[比心][比心][感谢][感谢],1
2025/3/23 10:10,这俩恶魔直接枪毙,1
2025/3/23 10:11,神经病啊，有病就去医院治疗，当撒人啊,1
2025/3/23 10:12,是离婚的代价[感谢],0
2025/3/23 10:13,太可恨了,1
2025/3/23 10:14,两个人都死刑[流泪],1
2025/3/23 10:16,儿子刚刚出生，看到这种消息我踏马炸了[发怒],1
2025/3/23 10:17,這個媽媽肯定要死罪。,1
2025/3/23 10:18,[流泪][流泪][流泪][流泪][感谢],0
2025/3/23 10:18,一对冷血恶魔，还幼师，好可怕,1
2025/3/23 10:18,这哪是人？分明是魔鬼！,1
2025/3/23 10:21,唉,0
2025/3/23 10:22,这世上啥球人都有,1
2025/3/23 10:22,他妈为什么要他，前男友呢，不爱他为什么不给他人可怜的孩子,1
2025/3/23 10:23,[流泪][流泪][流泪][流泪][流泪][流泪][流泪][流泪],0
2025/3/23 10:23,[感谢][感谢][感谢],0
2025/3/23 10:23,按照主播意思隔壁邻居都没有尽到报警义务得拘留几天至于吗？,1
2025/3/23 10:23,對[赞],0
2025/3/23 10:25,有后爸就有后妈有后妈就有后爸我有[流泪],1
2025/3/23 10:27,这亲妈是个变态吧，虎毒还不食子呢[尬笑][尬笑][尬笑][尬笑],1
2025/3/23 10:27,[流泪],0
2025/3/23 10:28,@淇77777 不理解,0
2025/3/23 10:29,[赞][赞][赞][赞][赞][赞][赞][赞],0
2025/3/23 10:29,山东[捂脸],0
2025/3/23 10:29,唉，天下这么这么狠心的母亲[流泪][流泪][流泪][流泪],0
2025/3/23 10:29,恶魔,1
2025/3/23 10:30,支持爷爷的说法！,0
2025/3/23 10:30,[赞][赞][赞][赞][赞][赞][玫瑰][玫瑰][玫瑰][玫瑰][玫瑰],0
2025/3/23 10:31,晚上七点多叫睡晚了？说这话的正常吗？,1
2025/3/23 10:31,我要骂街了[炸弹][炸弹][炸弹][炸弹][炸弹],1
2025/3/23 10:32,这种也配做女人[吐][吐],1
2025/3/23 10:32,[感谢][心碎][流泪],0
2025/3/23 10:35,必须严惩凶手还孩子一个公正！！,0
2025/3/23 10:36,不配为人,1
2025/3/23 10:37,维系新感情牺牲孩子，没有男人活不了吗,1
2025/3/23 10:37,恶魔,1
2025/3/23 10:40,两个凶手必须以命抵命,1
2025/3/23 10:40,居然还是幼师,1
2025/3/23 10:42,我他妈的在爱那个人，也舍不得打我儿子,1
2025/3/23 10:42,可怜的孩子，用其人之道还治其人之身，孩子被折磨4天，都没人能救救孩子[泣不成声][泣不成声]，孩子在最后一刻身边都没有一点儿温暖，在绝望中死去[泣不成声][泣不成声]，希望这种悲剧不要再发生了，孩子是无辜的[感谢][感谢],0
2025/3/23 10:44,怎么下得去手，自己的孩子呀,0
2025/3/23 10:45,可恶！！,1
2025/3/23 10:46,@[捂脸][捂脸][感谢][感谢],0
2025/3/23 10:47,这是借口吧。[发怒],1
2025/3/23 10:50,及其男友？,1
2025/3/23 10:51,[发怒][发怒][发怒][发怒][发怒][发怒][流泪][流泪][流泪][流泪][流泪],1
2025/3/23 10:51,必须把两位恶魔判死刑,1
2025/3/23 10:52,[赞][赞][赞][赞],0
2025/3/23 10:52,你好,0
2025/3/23 10:52,[大笑][大笑][大笑][大笑][大笑],0
2025/3/23 10:54,这个妈妈真不少东西太坏了，你不喜欢孩子可以还给孩子亲爹，至少有爷爷奶奶疼爱,1
2025/3/23 10:57,最毒妇人心！,1
2025/3/23 10:58,魔鬼,1
2025/3/23 10:59,必须死刑，[炸弹][炸弹][炸弹],1
2025/3/23 10:59,那些个说过不下去就离婚，离婚后有后妈就有后爸,1
2025/3/23 11:00,天啊  小孩跟到母亲都会遇到这样的虐待,0
2025/3/23 11:03,80后小时候，以为皮带就可怕。现在人性[咒骂][咒骂],1
2025/3/23 11:04,[发怒][发怒][发怒][发怒][发怒],1
2025/3/23 11:05,这是亲妈吗[泣不成声][泣不成声]这么残忍,1
2025/3/23 11:06,[爱心][爱心][爱心][爱心][爱心][爱心],0
2025/3/23 11:10,他要住我家上下楼我得去敲门报警,1
2025/3/23 11:11,人间恶魔[流泪],1
2025/3/23 11:11,希望直接判死刑立即执行,1
2025/3/23 11:12,千刀万剐都不解恨,1
2025/3/23 11:13,死刑[感谢],1
2025/3/23 11:14,[感谢][感谢][感谢],0
2025/3/23 11:16,[一起加油][一起加油][一起加油][一起加油][一起加油][一起加油],0
2025/3/23 11:16,必须严惩,1
2025/3/23 11:16,旧的不去，新的不来。,0
2025/3/23 11:16,[流泪][流泪][流泪][流泪][流泪],0
2025/3/23 11:17,不要你就留给父亲啊，五岁，多么可爱的年龄,0
2025/3/23 11:17,不配为人[发怒],1
2025/3/23 11:21,这女的居然是幼儿园老师？？????,1
2025/3/23 11:21,我儿子幼儿园，都是晚上12点睡觉的，7点能睡着？,0
2025/3/23 11:21,[感谢][感谢][感谢][感谢][感谢][感谢][感谢][流泪][流泪][流泪][流泪][流泪][流泪],0
2025/3/23 11:23,他做错了什么，他错在有个恶毒的母亲，,1
2025/3/23 11:24,我不信，说好的，女人离婚了，找的都是霸道总裁。怎么可能找暴徒？,1
2025/3/23 11:24,这个问题具体分析要负行事责任的,0
2025/3/23 11:26,[比心][比心][比心][比心][比心][666][666][666][666][666],0
2025/3/23 11:27,为什么不疼还在还生[流泪][感谢][感谢],0
2025/3/23 11:27,心疼,0
2025/3/23 11:29,@他们不是人,1
2025/3/23 11:30,怎么能下的了手，才5岁的的宝贝,0
2025/3/23 11:30,可能不是亲生的,1
2025/3/23 11:30,错了吧，当老师的是最不懂孩子应该怎么照顾的，因为他天天面对那些不懂事的孩子，内心已经扭曲了。老师只是她的工作，只是她挣钱的渠道。,1
2025/3/23 11:31,不是人,1
2025/3/23 11:31,无以言表的痛楚,0
2025/3/23 11:31,比虎还毒,1
2025/3/23 11:33,[敲打][敲打][敲打][敲打][敲打][炸弹][炸弹][炸弹][炸弹][炸弹],1
2025/3/23 11:34,孩子大概率是渣男之子，自私自我的妈妈因爱成恨。世事有因果，苍天饶过谁。本人便是例子，当年婷 瑶 君 梅 宇 红 燕，如今一个人带着孩子已经15年，早已念头通达。,1
2025/3/23 11:34,[流泪][流泪][流泪][流泪][流泪][发怒][发怒][发怒][发怒][发怒][发怒][发怒][发怒][发怒][发怒][发怒][发怒][发怒][发怒][发怒][发怒][发怒][发怒][发怒][发怒][发怒][发怒][发怒][发怒][发怒][发怒][发怒][发怒][发怒][发怒][发怒][发怒][发怒][发怒][发怒][发怒][发怒][发怒][发怒][发怒],1
2025/3/23 11:34,不敢听了，太恐怖了,0
2025/3/23 11:35,[赞][赞][赞],0
2025/3/23 11:35,严惩不贷凶手,1
2025/3/23 11:36,男友？,0
2025/3/23 11:36,心痛,0
2025/3/23 11:39,[流泪][流泪][流泪][流泪],0
2025/3/23 11:40,太惨了，这种就不配做母亲,1
2025/3/23 11:41,是个魔鬼妈妈吗……,1
2025/3/23 11:42,那样的女人配当妈吗？女人的耻辱…,1
2025/3/23 11:42,天啊！,0
2025/3/23 11:43,听得泪流满面，心都在痛[流泪][流泪][流泪],0
2025/3/23 11:44,作为一个父亲，真不能看这样的东西。,0
2025/3/23 11:44,我儿子每天都是十点准时睡[捂脸][捂脸][捂脸],0
2025/3/23 11:45,反正谁弄我儿子..我不管是谁 我也会给ta花生米,1
2025/3/23 11:45,这就是爸妈对小孩的不负责，苦了孩子好惨，真的好痛心。,0
2025/3/23 11:47,以命低命,1
2025/3/23 11:47,亲妈是不是被爱情打了鸡血。,1
2025/3/23 11:48,不是母爱很伟大吗？那么这个母爱呢？去哪里了？不是每个女人配做母亲[发怒][发怒][发怒],1
2025/3/23 11:48,《女性天生有爱人的能力》,0
2025/3/23 11:50,[流泪][流泪][流泪],0
2025/3/23 11:51,石英辉,0
2025/3/23 11:54,[流泪][流泪][流泪][流泪][流泪][流泪][流泪][流泪],0
2025/3/23 11:56,我听说蚌埠市有个后妈就把他儿子的推下楼摔死，,1
2025/3/23 11:56,恶毒亲生母亲[发怒][发怒][发怒][发怒][发怒][发怒][发怒][发怒][发怒][发怒][发怒],1
2025/3/23 11:59,怎么不放他一条生命[流泪][流泪][流泪],0
2025/3/23 11:59,可怜的小孫[感谢],0
2025/3/23 12:00,杀！,1
2025/3/23 12:00,[流泪][流泪][流泪],0
2025/3/23 12:01,现在年轻人只爱自己，不是婆婆就是妈妈帮忙带养小孩子，要不然这种情况多呀[流泪][感谢][感谢][感谢],0
2025/3/23 12:04,不配拥有孩子，,1
2025/3/23 12:04,可能是根本都不想要孩子，可找到错了。,1
2025/3/23 12:05,不爱孩子，要孩子抚养权干什么？,1
2025/3/23 12:05,简直就是人间恶魔,1
2025/3/23 12:07,这妈真是狠毒[流泪][流泪][流泪],1
2025/3/23 12:08,现实中真的会有妈妈不爱自己的孩子吗？？[流泪][流泪][流泪],0
2025/3/23 12:09,这样的人不应该养孩子：法律应严惩,1
2025/3/23 12:09,这不叫人野兽[感谢],1
2025/3/23 12:10,黄蜂尾后针，最毒妇人心[抠鼻],1
2025/3/23 12:11,整天放家暴孩子，她们就刷不到吗，那是人命呀！哪怕是一个宠物，也不舍得啊，怎么就下去手的,1
2025/3/23 12:11,严判……………………,1
2025/3/23 12:12,砰，砰，两，,1
2025/3/23 12:12,[感谢],0
2025/3/23 12:13,太恐怖了，孩子有这样的妈,1
2025/3/23 12:14,邻居也太冷血了！！！！！,1
2025/3/23 12:15,应该严惩不贷,1
2025/3/23 12:17,真的不是人了。[流泪][流泪],1
2025/3/23 12:18,我是单亲妈妈，孩子两岁就自己带着，今年九岁了，身边朋友有时侯会说，要我在找一个，我说万一对我孩子不好，我这辈子都会难过，虽然每天早上送孩子上学??，我上班，下班接孩子，孩子学习成绩面前一直都是模范生，生活虽苦也有甜，[一起加油],0
2025/3/23 12:19,[赞][赞][赞],0
2025/3/23 12:23,无心养，为什么要生，他也是生命，[爱心],0
2025/3/23 12:24,必须偿命,1
2025/3/23 12:26,每次都是出现问题的时候才知道重视，平时都没有人来重视,0
2025/3/23 12:26,[捂脸][捂脸][捂脸][捂脸][捂脸],0
2025/3/23 12:26,家暴就是死刑，,1
2025/3/23 12:27,亲妈？男朋友？,1
2025/3/23 12:28,[发怒][流泪][流泪][流泪],1
2025/3/23 12:28,[流泪][流泪][流泪],0
2025/3/23 12:29,不敢相信 太恐怖了,0
2025/3/23 12:30,严惩凶手[捂脸][捂脸],0
2025/3/23 12:30,爷爷奶奶不知道吗？,0
2025/3/23 12:32,@?? ??太阳花永远不悲伤?? ??: 必须把这两个恶魔死刑[炸弹][炸弹][炸弹] 母爱，父爱 不是每个人都拥有的……可怜的孩子……哎……，我宁愿不要婚姻，不要爱情，也要护我孩儿周全[发怒][发怒][发怒]孩子都比自己命还重要重， 怎么可能为了其它的去伤害孩子[发怒]哎不配为母,1
2025/3/23 12:32,旧的不去，新的不来。,0
2025/3/23 12:33,必须严惩,1
2025/3/23 12:35,可很…[流泪][流泪],0
2025/3/23 12:35,[流泪][流泪][流泪][流泪][流泪][流泪][流泪][流泪][流泪][流泪][流泪][流泪][流泪]可怜的孩子[流泪][流泪]为什么要这样对[流泪][流泪][流泪][流泪],0
2025/3/23 12:36,要命才7点叫孩子睡觉可怕,0
2025/3/23 12:37,怎么有这样的幼儿园老师怎么有这样的母亲？[流泪],1
2025/3/23 12:37,[流泪][流泪][流泪],0
2025/3/23 12:38,这样的妈妈不配做人,1
2025/3/23 12:38,世界有很多父母对孩子不护责任,0
2025/3/23 12:40,北方人超级可怕[流泪][流泪][流泪],1
2025/3/23 12:40,严惩凶手[赞],0
2025/3/23 12:45,七点多谁能睡着啊 怕是影响他们亲密了[看],1
2025/3/23 12:45,[发怒][发怒][做鬼脸][做鬼脸][做鬼脸][做鬼脸][屎][屎][屎][屎][屎][弱][弱][弱][弱][拳头][拳头][拳头][强壮][强壮][强壮][强壮][强壮][躺平][躺平][打脸][打脸][打脸][打脸][打脸],1
2025/3/23 12:45,有这样的妈妈，我听到了，很心痛[赞][赞][赞][感谢][感谢],0
2025/3/23 12:47,不可能就是判几年刑吧？把那个人直接枪毙了,1
2025/3/23 12:47,[感谢][感谢][感谢],0
2025/3/23 12:50,[捂脸][捂脸],0
2025/3/23 12:52,“世上只有妈妈好”“妈妈”都是说“爸爸”不好，可现实生活中，已有好多孩子是死在亲妈的手中，,1
2025/3/23 12:52,[感谢][感谢][感谢],0
2025/3/23 12:52,不配做人母,1
2025/3/23 12:53,[流泪][流泪][流泪][流泪],0
2025/3/23 12:53,所以以说结婚了有了孩子最好不要离婚，要离也得等孩子长大了再离，离了婚跟谁过孩子都是外人，没人喜欢。外表喜欢心里还是不喜欢这是事实。,1
2025/3/23 12:54,重庆市的案件又诞生了[流泪],0
2025/3/23 12:54,这个女人太恶毒了，不配做人妈妈,1
2025/3/23 12:55,幼儿园老师还打自己孩子,1
2025/3/23 12:55,[赞][赞][赞][赞][礼物][礼物][礼物][玫瑰][玫瑰][玫瑰][玫瑰],0
2025/3/23 12:56,[赞][赞][赞][赞][赞][赞],0
2025/3/23 12:58,来到人间走一趟？为了什么？？？前世来回报恩么？？？,1
2025/3/23 13:00,可怜的孩子,0
2025/3/23 13:03,这个女人不配做人 [裂开],1
2025/3/23 13:04,太可恶了，心太毒了，从严从重处罚。,1
2025/3/23 13:05,@郑有钱,0
2025/3/23 13:07,社区工作人员失职[咖啡][咖啡][咖啡],1
2025/3/23 13:08,@??AAA农家土豆破忒头批发陈总 [裂开],1
2025/3/23 13:08,听说外国打自己孩子也犯法,0
2025/3/23 13:09,不喜欢何必生下来，法律应该好好制裁,1
2025/3/23 13:10,晚上几点？7点？？,0
2025/3/23 13:12,[流泪][流泪][流泪],0
2025/3/23 13:12,严惩不贷,1
2025/3/23 13:13,虎毒不吃儿，这母亲比虎可怕。,1
2025/3/23 13:14,多大的仇呀,1
2025/3/23 13:14,不要给我啊[泣不成声],0
2025/3/23 13:15,[捂脸][捂脸][捂脸]真的不是人,1
2025/3/23 13:15,我的孩子从小不骂不打,0
2025/3/23 13:16,气人,1
2025/3/23 13:16,孩子爸爸去世我也找一个老公，但我的现任老公比我还爱孩子,0
2025/3/23 13:17,这么刺激，是亲妈吗,1
2025/3/23 13:17,就说妈妈是最爱孩子的，看到这个视频，我崩溃了，他的心是什么做的，这么狠，可怜的孩子[流泪][感谢][感谢][感谢],0
2025/3/23 13:20,判死刑必须判死刑。严惩，必须严惩。太恶毒了。,1
2025/3/23 13:21,@[流泪][流泪][流泪][感谢][感谢][感谢],0
2025/3/23 13:23,这个妈已经不是人了！,1
2025/3/23 13:23,[流泪][流泪][流泪],0
2025/3/23 13:25,[流泪][流泪][流泪],0
2025/3/23 13:25,太恶毒了！！！[发怒][发怒][发怒],1
2025/3/23 13:25,母爱不代表所以母亲都配做母亲,1
2025/3/23 13:26,虎毒不食子,1
2025/3/23 13:27,一句话都不想多说直接死刑,1
2025/3/23 13:27,[流泪][流泪][流泪][流泪][流泪][流泪][流泪],0
2025/3/23 13:27,真不是人死刑吧,1
2025/3/23 13:29,是人都打不下手,1
2025/3/23 13:29,[感谢][感谢][感谢],0
2025/3/23 13:32,小孩不睡觉，碍事了,1
2025/3/23 13:32,你卖的牙膏效果不好[捂脸][捂脸][捂脸],0
2025/3/23 13:38,[炸弹][炸弹],1
2025/3/23 13:38,可恶[奸笑],1
2025/3/23 13:39,我就弄不懂儿子为什么要跟妈妈，为什么你作为父亲不去争取？不管是男是女，只要有了后爹后妈都不会对孩子好，我就不同，我就算有了老公，我女儿在我心里永远第一位，我不可能让我女儿受气！,1
2025/3/23 13:40,看了新闻姐的报道心痛好可怜的孩子,0
2025/3/23 13:41,所以说。父母离异，孩子最正确的选择是跟父亲。他只要跟父亲。只有后妈一个。不是亲人。其他的都是亲人。如果跟了后妈。连他妈都不一定是亲的。这就是血淋淋的教训。他如果跟了父亲。气死他父亲。不管他。他还有爷爷奶奶我。姑姑。叔叔。我相信这些人没有一个。会去打这个孩子。,1
2025/3/23 13:41,必须严惩，孩子太可怜,0
2025/3/23 13:42,我就是怕孩子受委屈一直不敢找，一人带孩子真是太难了,0
2025/3/23 13:42,@[流泪][流泪][流泪][流泪][流泪],0
2025/3/23 13:42,@灵煊,0
2025/3/23 13:44,必须把这两个恶魔死刑[炸弹][炸弹][炸弹] 母爱，父爱 不是每个人都拥有的……可怜的孩子……哎……，我宁愿不要婚姻，不要爱情，也要护我孩儿周全[发怒][发怒][发怒]孩子都比自己命还重要重， 怎么可能为了其它的去伤害孩子[发怒]哎不配为母,1
2025/3/23 13:44,变态人魔[晕][晕][晕],1
2025/3/23 13:45,[流泪][流泪][流泪],0
2025/3/23 13:45,虎毒不食子呢！天下净有这样的亲[弱]妈妈！俩个人都吃花生米！！！,1
2025/3/23 13:46,赶紧睡，快两点了！[捂脸],0
2025/3/23 13:47,不愿意带可以给孩子爸爸带。不必要伤害。他父亲肯定愿意带的。,0
2025/3/23 13:50,[流泪][流泪][流泪],0
2025/3/23 13:50,[发怒],1
2025/3/23 13:50,不是所有的母爱都伟大,1
2025/3/23 13:51,[感谢][感谢][感谢][感谢][流泪][流泪][流泪][流泪],0
2025/3/23 13:53,[流泪][流泪][流泪][流泪][流泪][流泪][流泪][流泪][流泪][流泪][流泪],0
2025/3/23 13:53,虎毒不食子人！怎么下得去手， 这是多么歹毒的人！,1
2025/3/23 13:56,这种女人什么心[黑脸],1
2025/3/23 13:56,太残忍了，这个妈妈怎么能这样，怎么舍得，可以不要男朋友也舍不得孩子受这个苦啊！,0
2025/3/23 13:57,抛弃了前夫跟了现在这个男朋友就虐待孩子了,1
2025/3/23 13:59,@支持你[赞],0
2025/3/23 13:59,[流泪][流泪][流泪][流泪][流泪][流泪][流泪][流泪][流泪][流泪][流泪][流泪][流泪][流泪][流泪][流泪][流泪][流泪][流泪][流泪][流泪][流泪][流泪][流泪][流泪][流泪][流泪][流泪][流泪][流泪][流泪][流泪][流泪][流泪][流泪],0
2025/3/23 14:00,[赞][赞][赞],0
2025/3/23 14:01,恶毒的妈妈,1
2025/3/23 14:02,[发怒][发怒][发怒][发怒][发怒][发怒][发怒][发怒][流泪][流泪][流泪][流泪][流泪][流泪],1
2025/3/23 14:04,7点，我家都11点才睡[微笑],0
2025/3/23 14:04,我也是个离婚带娃的女人，我离婚的时候我儿子还不满两周岁，我现在也结婚了我老公对我宝宝很好，可能说有的时候比我对他多好，我有的时候会打他，因为真的不听话[捂脸]但是我从来没对他下过死手，我当初离婚的时候就想着要么不结婚，要结婚首先是以我孩子为中心，我做到了，但是这个孩子是不幸的他才5岁啊！,0
2025/3/23 14:06,这就不得不说去父留子了[暗中观察],1
2025/3/23 14:10,世上哪有这妈妈呀,1
2025/3/23 14:10,"死刑！就俩字 
人神共愤！",1
2025/3/23 14:11,最可怕的是这个可怜孩子的母亲是幼儿园的老师[恐惧][恐惧][恐惧][恐惧],1
2025/3/23 14:14,[流泪][流泪]天啊,0
2025/3/23 14:15,不是亲妈巴心太太毒了,1
2025/3/23 14:17,要严查！严办！这对夫妇！[炸弹][炸弹][炸弹][炸弹][炸弹][炸弹][炸弹][炸弹],1
2025/3/23 14:21,有的女人离了男人就活不了了，离了婚的，死了丈夫的，宁要男人也不要亲骨肉,1
2025/3/23 14:22,[鼓掌][鼓掌][鼓掌][鼓掌][鼓掌][鼓掌][鼓掌][鼓掌][鼓掌][鼓掌][鼓掌][呲牙][呲牙][呲牙][呲牙][呲牙][呲牙][呲牙][呲牙][呲牙][呲牙][呲牙][赞][赞][赞][赞][赞][赞][赞],0
2025/3/23 14:26,就是我们这里的，今年才判决！,0
2025/3/23 14:30,@可怜的孩子，怎么下得手。,1
2025/3/23 14:31,太残忍、心疼宝宝,0
2025/3/23 14:33,为保护未成年支持死刑[灵机一动][感谢],0
2025/3/23 14:36,这孩子妈妈有病,1
2025/3/23 14:36,哎！谁家孩子？7点就睡觉？真特妈地……,1
2025/3/23 14:38,不是懦弱  是恋爱脑  为了所谓的男人去伤害自己的孩子,1
2025/3/23 14:39,[爱心][爱心][爱心][玫瑰][玫瑰][玫瑰][666][666][666][比心][比心][比心],0
2025/3/23 14:39,虎毒不食子[捂脸][捂脸][捂脸][捂脸][捂脸][捂脸],0
2025/3/23 14:41,[感谢][感谢][感谢][感谢][感谢][感谢][感谢][流泪][流泪][流泪],0
2025/3/23 14:42,这样的案件还要起诉吗？直接死刑,1
2025/3/23 14:42,再爱，我也永远不信谁会把别人小孩视如己出，所以再难我都为了小孩再熬一熬,0
2025/3/23 14:44,[捂脸][捂脸],0
2025/3/23 14:44,要孩子七点睡觉，是不是耽误他她们睡觉了,0
2025/3/23 14:44,怎么能狠得下心来？,0
2025/3/23 14:45,[赞][赞][赞][赞][赞][赞][赞],0
2025/3/23 14:46,最毒妇人心虎毒不食子,1
2025/3/23 14:46,坏幼师很多的[炸弹][炸弹],1
2025/3/23 14:48,哎呀这妈妈太狠了,1
2025/3/23 14:50,可怜的孩子[流泪][流泪][流泪][流泪][流泪][流泪],0
2025/3/23 14:50,[感谢][感谢][感谢],0
2025/3/23 14:53,必须要判死刑！！！[发怒][发怒][发怒][发怒][发怒][发怒][发怒][发怒],1
2025/3/23 14:53,自己身上掉下来的肉呀怎么这样！天啦你是妈妈呀[发怒],1
2025/3/23 14:55,耽误他们干活了,0
2025/3/23 14:56,这两个人都是恶魔，这小孩子实在太可怜了[捂脸][捂脸][捂脸],1
2025/3/23 14:56,这样的母亲又为何要生下小孩[流泪][流泪][流泪][流泪],1
2025/3/23 14:56,[发怒][发怒][发怒][发怒][发怒][发怒][发怒][发怒][发怒][发怒][发怒][发怒][发怒][发怒]@,1
2025/3/23 14:57,这哪里是亲妈呀，后妈吧。,1
2025/3/23 14:57,[感谢][感谢][感谢][感谢][流泪][流泪][流泪][流泪][流泪],0
2025/3/23 14:59,在美国把小孩子一个人放在家里，都会有人报警。,0
2025/3/23 15:00,怪不得|不是原生家座、这个妈比虎差不多,1
2025/3/23 15:00,他妈的！只图自己痛快！而把孩子治死,1
2025/3/23 15:00,嘛，要打呢，有什么事送给别人吗？有的人想孩子都想疯了,1
2025/3/23 15:00,必须将两个恶魔立即执行死刑,1
2025/3/23 15:07,不想养送人啊太可惜了,0
2025/3/23 15:09,是真的吗？怎么有会这样的父母呢？,0
2025/3/23 15:09,新闻姐给力,0
2025/3/23 15:10,[流泪][流泪][流泪][流泪],0
2025/3/23 15:11,这样没爱心的男朋友也敢嫁？两个都不是人,1
2025/3/23 15:11,[爱心][爱心][爱心][赞][赞][赞][比心][比心][比心][玫瑰][玫瑰][玫瑰],0
2025/3/23 15:17,人常说虎毒不食子，作为亲妈怎么打下去。太惨了泪流满面[流泪][流泪][流泪],0
2025/3/23 15:18,[流泪][流泪][流泪],0
2025/3/23 15:18,@[感谢][感谢][感谢][流泪][流泪],0
2025/3/23 15:22,[流泪][流泪][流泪][感谢],0
2025/3/23 15:23,[感谢][感谢][感谢],0
2025/3/23 15:23,虎毒不食子！！！！！,1
2025/3/23 15:26,作为一个五岁宝贝的爸爸看不得这种新闻，难受的不行[流泪],0
2025/3/23 15:28,有后爹就有后妈,1
2025/3/23 15:28,下辈子投个好人家[感谢][感谢][感谢][感谢],0
2025/3/23 15:29,这老娘们没男的活不了咋的,1
2025/3/23 15:29,这么恶毒的女人根本就没有资格称为母亲,1
2025/3/23 15:35,令人难以置信。,0
2025/3/23 15:37,叫乐乐却并不快乐，这是讽刺,1
2025/3/23 15:38,他爸妈有…,1
2025/3/23 15:46,不管谁打我的孩子，一下都不行,1
2025/3/23 15:47,[流泪]怎么可以这么残忍,1
2025/3/23 15:49,四天，难道幼儿园老师没有看到吗？,0
2025/3/23 15:49,[流泪][流泪][流泪][流泪][流泪][流泪][流泪],0
2025/3/23 15:50,简单的事复杂的人性,0
2025/3/23 15:51,[赞][赞],0
2025/3/23 15:57,支持执行死刑！,1
2025/3/23 15:58,[感谢],0
2025/3/23 15:59,七点就睡晚了,0
2025/3/23 16:07,这还是个人吗,1
2025/3/23 16:07,今天是25年，3月23号，小孩已经不在一年了[感谢][感谢][感谢][感谢],0
2025/3/23 16:10,[感谢][感谢][感谢][感谢][感谢][赞][赞][赞],0
2025/3/23 16:10,孩子影响它们了！,0
2025/3/23 16:11,为啥七点多必须睡[发呆],0
2025/3/23 16:12,[感谢][感谢][感谢],0
2025/3/23 16:13,@[流泪][流泪][流泪][流泪][流泪][流泪][流泪],0
2025/3/23 16:13,不能放过,1
2025/3/23 16:14,5岁，男朋友？,1
2025/3/23 16:17,不是所有女人能配得上世上只有妈妈好这几个字，,1
2025/3/23 16:22,不是所有母亲都是好母亲，她是个恶魔,1
2025/3/23 16:23,[感谢][感谢][感谢][感谢][感谢][流泪][流泪][流泪][流泪][流泪],0
2025/3/23 16:25,这种人根本就不配为人父母。一定要严惩不贷。,1
2025/3/23 16:27,无期徒刑！！！！,1
2025/3/23 16:30,这两个恶魔必须死刑，立即执行这两个恶魔[炸弹][炸弹],1
2025/3/23 16:31,2024年的事吗？,0
2025/3/23 16:34,咋个下得起手。我女朋友带个儿子。我对他可好了。都舍不得骂一句。,0
2025/3/23 16:34,父母不是人,1
2025/3/23 16:37,毙了没？,1
2025/3/23 16:42,天哪！她以后还有什么资格再为人母,1
2025/3/23 16:43,抓起来必须严惩,1
2025/3/23 16:44,个人认为外界的任何关系也没有自己孩子重要,0
2025/3/23 16:45,[感谢][感谢][感谢][感谢][感谢][感谢][流泪][流泪][流泪][流泪][流泪][流泪][流泪],0
2025/3/23 16:47,带着小孩子，二婚的人，要考虑清楚。,1
2025/3/23 16:48,唉！严惩肇事者！！,0
2025/3/23 16:50,非人哉！死太便宜了,1
2025/3/23 16:53,所以，请拿到孩子抚养权的父母，既然拿到了抚养权就做好父母的责任[流泪],0
2025/3/23 17:01,判刑的时候可以依照“张波叶诚尘案”,1
2025/3/23 17:02,[发怒][发怒][发怒][发怒][发怒][发怒][发怒][发怒][炸弹][炸弹][炸弹][炸弹],1
2025/3/23 17:05,太狠了亲妈真不是人原来不是所有妈妈都爱自己孩子,1
2025/3/23 17:12,父母离异，孩子最正确的选择是跟父亲。他只要跟父亲。只有后妈一个。不是亲人。其他的都是亲人。如果跟了后妈。连他妈都不一定是亲的。这就是血淋淋的教训。他如果跟了父亲。气死他父亲。不管他。他还有爷爷奶奶我。姑姑。叔叔。我相信这些人没有一个。会去打这个孩子。,1
2025/3/23 17:15,其生也短，其命也悲,0
2025/3/23 17:19,[捂脸][捂脸][捂脸][捂脸],0
2025/3/23 17:19,太惨了,0
2025/3/23 17:20,[感谢][感谢][感谢],0
2025/3/23 17:21,[流泪][流泪][流泪][流泪][流泪],0
2025/3/23 17:23,[感谢][感谢][感谢],0
2025/3/23 17:23,必须严惩,1
2025/3/23 17:29,[炸弹][炸弹][炸弹][炸弹][炸弹][炸弹][炸弹][炸弹][炸弹],1
2025/3/23 17:32,离婚的后果,0
2025/3/23 17:33,母亲坏的要死,1
2025/3/23 17:33,让我想起了重庆姐弟坠楼案[流泪],0
2025/3/23 17:35,什么人，世界上还有这样的父母,1
2025/3/23 17:37,这个妈妈真的不配做父亲，好残忍恶魔,1
2025/3/23 17:38,天啦小盆友好无助,0
2025/3/23 17:44,世上只有妈妈好，这句话并不完全对，,0
2025/3/23 17:49,这种人不配为人母[捂脸],1
2025/3/23 17:49,肝破裂胆汁就会倒流很致命的,0
2025/3/23 17:49,[流泪][流泪][流泪][流泪][流泪][流泪][看][看][看][看][看][看][看],0
2025/3/23 17:51,七点睡觉？我女儿七点还在写作业，八点读课外书，九点洗漱、喝奶，10点半才睡着,0
2025/3/23 17:52,太可恨了,1
2025/3/23 17:55,可怩，连自己的孩子都下得去了，这样的人怎么可以教幼儿园，真的太可怕了[流泪][流泪][流泪],1
2025/3/23 17:56,不爱他有一万个理由杀他,1
2025/3/23 17:57,[流泪][流泪][流泪][流泪][流泪][流泪][流泪][流泪][流泪][吐舌][吐舌][二哈][二哈][二哈][二哈][脸疼][心碎][心碎][心碎][心碎][心碎][心碎][心碎][凋谢][凋谢][凋谢][凋谢][凋谢][绝][绝][绝][绝][绝][绝][绝][撒花][撒花][撒花][撒花][撒花][撒花][撒花][撒花][躺平][躺平][躺平][躺平][躺平][躺平][躺平][躺平][躺平][躺平],0
2025/3/23 17:58,不想好好过日子的渣男[发怒]渣女[发怒]就不要结婚生孩子，就自私自利的活着[发怒][发怒][发怒][发怒][发怒],1
2025/3/23 17:59,应该严惩,1
2025/3/23 18:00,[赞][赞][赞],0
2025/3/23 18:01,世界真的有这种母亲吗[流泪][流泪][流泪][流泪],0
2025/3/23 18:02,何其狠毒严惩不姑息,1
2025/3/23 18:06,严查严惩不贷处理,1
2025/3/23 18:07,[流泪][流泪][流泪][流泪][流泪][流泪],0
2025/3/23 18:07,[感谢][感谢][感谢][感谢][感谢][感谢],0
2025/3/23 18:10,你想找男人就不要生孩子，何必伤害他这么小[感谢][感谢][感谢],1
2025/3/23 18:16,牛逼,0
2025/3/23 18:16,所以说夫妻还是不离婚的好。伤的是小孩[流泪][流泪][流泪],0
2025/3/23 18:18,这父母不配做人，可怜的孩子，看了好痛心[流泪][流泪],1
2025/3/23 18:19,新版张波叶诚尘,0
2025/3/23 18:19,我家逆子星期五晚上看电视看到凌晨两点,0
2025/3/23 18:23,有的怀个孩子都很难，她们怎么下去手？[发怒][发怒][发怒],1
2025/3/23 18:23,你的头发谁剪的。两边长短不一样[捂脸],1
2025/3/23 18:25,恶魔在人间,1
2025/3/23 18:27,[泣不成声][泣不成声][泣不成声][感谢][感谢][感谢],0
2025/3/23 18:28,我也叫乐乐,0
2025/3/23 18:29,[看][看][看][看][石化][石化][石化][石化][恐惧][恐惧][恐惧][恐惧][恐惧],1
2025/3/23 18:33,这孩子的母亲扔狼群喂狼都不解恨,1
2025/3/23 18:37,变态的人不分男女,1
2025/3/23 18:40,这不是真的[流泪][流泪][流泪][流泪][流泪][流泪][流泪][流泪][流泪][流泪],0
2025/3/23 18:41,[心碎][心碎][心碎][心碎][心碎][流泪][流泪][流泪][流泪][流泪][流泪],0
2025/3/23 18:42,[感谢][感谢][感谢]愿天堂一切安好。,0
2025/3/23 18:43,必须填命[发怒][发怒][发怒][发怒],1
2025/3/23 18:46,"可怜天下父母心～～
父母是肯定不会害你的～～[呲牙][呲牙]",0
2025/3/23 18:48,孩子的亲爸还在人世间吗？怎么不站出来？？？,1
2025/3/23 18:50,哎。呀。,0
2025/3/23 18:51,[流泪][流泪][流泪][流泪][流泪][感谢][感谢][感谢],0
2025/3/23 18:55,恶魔,1
2025/3/23 18:55,必须判死刑，两个恶魔,1
2025/3/23 19:00,所以我一直对幼儿园老师都没有好感,1
2025/3/23 19:00,老师讲的对，必须要把两个恶魔坐死牢，千刀万剐，来甜宝宝的命。,1
2025/3/23 19:03,太可怕了,0
2025/3/23 19:06,这样的人根本就不配做母亲,1
2025/3/23 19:07,7点不睡觉？我家10点,0
2025/3/23 19:07,[流泪][流泪][流泪],0
2025/3/23 19:08,剥罪犯的皮！,1
2025/3/23 19:09,查,0
2025/3/23 19:09,[流泪][流泪][流泪][流泪][发怒][发怒],1
2025/3/23 19:11,判刑,1
2025/3/23 19:12,这种恶魔，应该都判死刑的,1
2025/3/23 19:12,5岁就有男朋友了？？？,1
2025/3/23 19:12,这能是一个亲妈能做出的事？,1
2025/3/23 19:15,现在的人到底是怎么了？？？,1
2025/3/23 19:15,我记得有一个新闻，一个女的出轨被他儿子发现，然后他就联合情夫一妻把他的儿子给掐死了， 所以说有些女的根本就不配做母亲,1
2025/3/23 19:15,@[赞][赞][赞][赞][比心][比心][比心],0
2025/3/23 19:18,世上有这样的母亲吗[捂脸],0
2025/3/23 19:18,[泣不成声][泣不成声][泣不成声][泣不成声][发怒][发怒][发怒][炸弹][炸弹][炸弹][敲打][敲打][打脸][打脸][打脸],1
2025/3/23 19:22,亲父亲呢,0
2025/3/23 19:22,这个一件事都是要两命抵一命。,1
2025/3/23 19:22,保护儿童还得象美国学习,0
2025/3/23 19:23,妈呀[泣不成声][恐惧],0
2025/3/23 19:26,第一时间报警，之后视情况而定由武警或者城管介入,0
2025/3/23 19:28,这个是故意犯罪，必须判刑,1
2025/3/23 19:28,七点钟在我们老家天都没黑怎么睡,0
2025/3/23 19:29,[赞][赞][赞],0
2025/3/23 19:29,这啥父母,1
2025/3/23 19:31,去年的新闻 今天才发出来[赞],0
2025/3/23 19:34,离婚后，有后娘就有后爹，有后爹就有后娘。还是尽量不离……,0
2025/3/23 19:37,对得起妈妈两字吗,1
2025/3/23 19:40,[捂脸][捂脸][捂脸][捂脸][捂脸][感谢][感谢][感谢][感谢][拳头][心碎][心碎][心碎][左边][左边][左边][左边][左边][左边][左边],0
2025/3/23 19:40,[玫瑰][玫瑰][玫瑰][玫瑰][玫瑰][玫瑰][玫瑰][玫瑰][玫瑰][玫瑰][玫瑰][玫瑰][玫瑰][玫瑰][玫瑰][玫瑰][玫瑰][玫瑰],0
2025/3/23 19:41,是的女孩子还要嫁干嘛？又不想养小孩,1
2025/3/23 19:41,有这种母亲小孩也是倒了大霉了吧，下辈子投个好妈妈吧！必须严惩不贷,1
2025/3/23 19:42,[赞][赞][赞][赞][赞][赞],0
2025/3/23 19:43,[看][看][看][猪头][猪头][猪头][猪头],1
2025/3/23 19:43,太潮种了,0
2025/3/23 19:43,虎毒不食子，这种女人心如蝎毒,1
2025/3/23 19:44,枪毙凶手，判死刑，太可恨了[发怒][发怒][发怒],1
2025/3/23 19:46,这二个人能做出这样的事，已经失去人性了！[流泪],1
2025/3/23 19:47,谁想去管这些事？自己家的事都管不了，还管别人,1
2025/3/23 19:48,孩子七点不睡觉，那不是很正常么？用照死了打么？,1
2025/3/23 19:48,变态的父母,1
2025/3/23 19:49,这位妈妈不是人！,1
2025/3/23 19:50,这个应该怎么判[赞][赞][赞][咖啡][咖啡][咖啡][玫瑰][玫瑰][玫瑰],0
2025/3/23 19:51,他爷爷讲的对,0
2025/3/23 19:54,拍下了牙膏已刷一段时间了，没有效果[打脸],1
2025/3/23 19:56,谁敢报警[看]？谁报警，抓谁？[看],1
2025/3/23 19:56,??????????不敢二婚,0
2025/3/23 19:57,以命还命[发怒],1
2025/3/23 19:57,这种恶魔就不配为人,1
2025/3/23 19:58,最毒妇人心,1
2025/3/23 19:58,世上怎么会有这种狠毒的女人，想不通,1
2025/3/23 20:01,[炸弹][炸弹][炸弹][炸弹],1
2025/3/23 20:02,我就想知道这两个恶魔什么时候死。[发怒],1
2025/3/23 20:04,什么妈妈,1
2025/3/23 20:05,虎毒不食子，林子大了什么鸟都有,1
2025/3/23 20:06,是妈妈吗[流泪][流泪][流泪],0
2025/3/23 20:09,严惩凶手,1
2025/3/23 20:10,我好喜欢新闻姐呀,0
2025/3/23 20:10,今天才23号[呲牙],0
2025/3/23 20:13,[流泪][流泪][流泪][流泪][流泪][流泪][流泪][流泪][捂脸][捂脸][捂脸][苦涩][苦涩][苦涩][苦涩][苦涩][苦涩][逞强落泪][逞强落泪][抱抱你][闭嘴][闭嘴][炸弹][炸弹][炸弹][炸弹][炸弹][炸弹][炸弹][炸弹][炸弹][炸弹][炸弹][炸弹][炸弹][炸弹][炸弹][炸弹][炸弹],1
2025/3/23 20:15,蛇蝎心肠,1
2025/3/23 20:17,[赞][赞][赞],0
2025/3/23 20:18,[捂脸][泪奔][泣不成声][泣不成声],0
2025/3/23 20:18,自己的孩子怎么下的去手[感谢][感谢],0
2025/3/23 20:20,@[爱心][爱心][爱心][爱心][爱心][爱心][爱心][爱心][爱心][爱心][爱心][爱心][爱心][爱心][爱心][爱心][爱心][爱心][爱心][爱心][爱心][爱心][爱心][666][玫瑰],0
2025/3/23 20:21,女人有恋爱脑是最可怕的[捂脸]喜欢听男人的鬼话[捂脸],1
2025/3/23 20:23,[感谢][感谢][感谢],0
2025/3/23 20:25,[感谢][感谢][感谢][流泪][比心],0
2025/3/23 20:25,@你不想要他可以给他爷爷奶奶呀，你也不至于把他打死了呀太可怜了[流泪][流泪][流泪][流泪],1
2025/3/23 20:26,可能她都不让他哭了，没机会哭了,1
2025/3/23 20:29,为什么爸爸不争取抚养权？咳，不负责任,1
2025/3/23 20:31,恶魔不能留人间[发怒],1
2025/3/23 20:35,那里是母亲，就是恶魔，有了后爹就有了后妈，严惩二个恶魔，两命抵一命,1
2025/3/23 20:39,孩子健康快乐成长就好了， 其他都是次要的。几岁小孩又范不了什么大罪。。,0
2025/3/23 20:40,[赞][赞][赞],0
2025/3/23 20:40,我的孩子也才五岁，他们怎么这么狠心。太可恶了。两个都是死刑。,1
2025/3/23 20:42,[感谢][感谢][感谢][流泪][流泪][流泪],0
2025/3/23 20:47,这男的要千刀万剐，难道你接受你老婆你就接受不了孩子吗，早知今日，你又何必当初呢？,1
2025/3/23 20:47,太可怜了，才五岁哦！,0
2025/3/23 20:49,@[感谢][感谢][感谢][流泪][流泪][流泪],0
2025/3/23 20:51,结果呢？,0
2025/3/23 20:59,[流泪][流泪][流泪],0
2025/3/23 21:01,严惩不贷！,1
2025/3/23 21:02,所以说不是每个老师都是合格的。,0
2025/3/23 21:08,离婚带来仇恨,1
2025/3/23 21:09,[流泪][流泪][流泪][流泪][流泪][流泪][流泪][流泪][流泪][流泪][流泪][流泪][流泪][流泪][流泪][流泪][炸弹][炸弹][炸弹][炸弹][炸弹][炸弹][炸弹][炸弹][炸弹][炸弹][炸弹][炸弹][炸弹][炸弹][炸弹][炸弹][炸弹][炸弹][炸弹][炸弹][炸弹][炸弹][炸弹][炸弹][炸弹][炸弹][炸弹][炸弹][炸弹][炸弹][炸弹][炸弹][炸弹][炸弹][炸弹][炸弹][炸弹][炸弹][炸弹][炸弹][炸弹][炸弹][炸弹][炸弹][炸弹][炸弹][炸弹][炸弹][炸弹][炸弹][炸弹][炸弹][炸弹][炸弹][炸弹][炸弹],1
2025/3/23 21:09,怎么会有这样的妈妈[感谢][感谢][感谢],1
2025/3/23 21:10,太可怕了[流泪],0
2025/3/23 21:15,怎么会是亲妈，这名前幼儿园老师也没少揍其他孩子,1
2025/3/23 21:16,太伤心??看着心疼！宝宝来到世界多么不容易啊？就这样结束了[流泪][流泪][流泪][感谢][感谢][感谢],0
2025/3/23 21:17,[流泪][流泪][流泪][流泪][流泪][流泪][打脸][打脸][打脸][打脸][炸弹][炸弹][炸弹][炸弹],1
2025/3/23 21:18,今天我也揍了我女儿，原因是不读书，孩子哭完又想想后悔，买了一篮草莓讨好,1
2025/3/23 21:24,[发呆][发呆][发呆],0
2025/3/23 21:28,为了自己舒服，那自己的孩子都不要了[流泪][流泪][流泪][流泪],1
2025/3/23 21:29,[流泪][流泪][流泪],0
2025/3/23 21:33,天下最狠的母亲[流泪][流泪],1
2025/3/23 21:43,我看好多人离昏，小孩跟爸爸也没多好，只有不离[捂脸],1
2025/3/23 21:55,这就是离婚的后果，孩子是无辜的,1
2025/3/23 22:02,[赞][赞][赞],0
2025/3/23 22:02,怎么下得去手啊,1
2025/3/23 22:09,威海市文登区就在我们附近，发生的事,0
2025/3/23 22:10,七点多睡什么觉，,0
2025/3/23 22:13,还有黄梓澈，一个很可爱的宝宝被亲生父亲和小三殴打致死[快哭了],1
2025/3/23 22:14,就是那个“姥姥姥爷拜拜”那个吗？,0
2025/3/23 22:14,投错胎了,1
2025/3/23 22:14,其母如兽，[发怒],1
2025/3/23 22:15,不听,1
2025/3/23 22:15,这样的人还当老师，根本就是恶魔,1
2025/3/23 22:18,还记得孩子在姥姥家“姥姥姥爷拜拜[流泪][流泪][流泪]”,0
2025/3/23 22:24,为什么说母亲是帮凶[发怒]，不是主谋？她不同意男的敢下手？[发怒][发怒][发怒][发怒][发怒][发怒],1
2025/3/23 22:25,虐待罪和故意伤害致人死亡的结果加重犯，择一重罪,0
2025/3/23 22:27,[流泪][流泪][流泪][流泪][流泪][流泪][流泪][流泪][流泪][发怒][发怒][发怒][发怒][发怒][发怒][发怒][发怒],1
2025/3/23 22:36,她需求比儿子重要。,1
2025/3/23 22:37,[赞][赞][赞],0
2025/3/23 22:37,不知道犯罪嫌疑人会不会遭到死刑?,0
2025/3/23 22:42,[流泪][流泪][流泪][流泪][流泪],0
2025/3/23 22:43,[发怒][发怒][发怒][发怒][发怒][炸弹][炸弹][炸弹][炸弹][炸弹][炸弹],1
2025/3/23 22:43,哎哟喂！[流泪][流泪][流泪][流泪][流泪]是什么人啊！,1
2025/3/23 22:44,还有说母爱伟大的吗,1
2025/3/23 22:47,看不得这些[流泪],1
2025/3/23 22:48,[流泪][流泪][流泪][流泪][心碎][心碎][心碎][心碎][心碎],0
2025/3/23 22:48,真不知道该说什么了[OK]无语了,0
2025/3/23 22:50,必须死刑。我听得心痛[流泪][流泪][流泪][流泪]，可怜的孩子,1
2025/3/23 22:55,判处无期徒刑,0
2025/3/23 22:56,我家邻居哪个女人就能干出这事，她也是山东人！,1
2025/3/23 22:56,@[流泪][流泪][流泪][感谢][感谢][感谢],0
2025/3/23 23:00,这是怎样的一种缘份啊,0
2025/3/23 23:00,有这种亲妈！邻居可能救一次，但救不了一世,1
2025/3/23 23:00,好可怕的恶魔呀，必须严惩！,1
2025/3/23 23:03,至于那样对待一个孩子？[尬笑][捂脸],0
2025/3/23 23:06,[感谢][感谢][感谢]可怜的小孩,0
2025/3/23 23:07,气愤，严惩凶手,0
2025/3/23 23:20,1年了,0
2025/3/23 23:25,[流泪][流泪][流泪][流泪][流泪][流泪][流泪][感谢][感谢][感谢],0
2025/3/23 23:26,太心痛了,0
2025/3/23 23:26,大学生12点都不睡觉[流泪]孩子只是7点不睡觉而已[流泪],0
2025/3/23 23:31,[感谢][感谢][感谢],0
2025/3/23 23:45,[流泪][流泪][流泪][流泪],0
2025/3/23 23:48,投错了胎,1
2025/3/23 23:48,我跟前夫离婚，我孩子到现任这边每个人对我孩子都非常好,0
2025/3/24 0:05,我女儿一巴掌舍不得打，一家人把她捧手心里，哎，不能看这类新闻，同样来到这世上，孩子的命不同……心疼死……,0
2025/3/24 0:17,小孩爷爷奶奶爸爸呢,0
2025/3/24 0:17,[流泪][流泪][流泪][流泪][流泪][流泪][流泪][流泪][流泪][流泪][流泪],0
2025/3/24 0:29,打痛了 怎么睡 孩子只是来人间走一程而已 [流泪][流泪][流泪],0
2025/3/24 0:33,[感谢][感谢][感谢][感谢][感谢][感谢][感谢],0
2025/3/24 0:40,记得我儿子小的时候不听话，打在儿身疼在娘心！可怜的孩子，严惩凶手绳之以法,0
2025/3/24 1:11,直接安排死刑[发怒][发怒],1
2025/3/24 1:12,虎毒不食子啊[流泪],1
2025/3/24 1:14,[感谢][感谢][感谢][感谢][感谢][感谢],0
2025/3/24 1:25,死刑,1
2025/3/24 1:33,是亲生的，怎么这么狠[流泪],1
2025/3/24 2:25,虽然我也不爱小孩子，但是不至于打死[泪奔],0
2025/3/24 2:31,我都舍不得对我女儿说话语气重点[裂开],0
2025/3/24 3:00,虎毒不食子,1
2025/3/24 3:01,不能只判男的，女的也必须死刑,1
2025/3/24 3:21,男人要不要无所谓？小孩必须要的，没遇到好的人，救他，可怜啊[感谢][感谢][感谢][流泪],1
2025/3/24 3:22,好多孩子的生命被二婚的一方夺走[感谢][感谢][感谢],1
2025/3/24 4:05,这怎么处理呢,0
2025/3/24 4:32,[流泪],0
2025/3/24 4:53,亲妈？男朋友？[翻白眼],1
2025/3/24 4:59,[流泪][流泪][流泪],0
2025/3/24 5:14,一定死刑在对，不要有下一个？？？？,1
2025/3/24 5:37,"这就是很多人说的：

伟大的母爱！
世界上哪有母亲不爱孩子的！",0
2025/3/24 5:38,怎么sha人成了家庭暴力了？,1
2025/3/24 5:38,我也是重组家庭的受害的孩子，如今我活着，但童年的阴影伴随我终身[快哭了]，我的痛苦也是亲生母亲给我带来的，此时我羡慕乐乐，他死了或许是这世界上唯一的解脱。[流泪][感谢],1
2025/3/24 5:51,[恐惧][恐惧][感谢][感谢]严查严惩不贷太可恶了[发怒],1
2025/3/24 6:00,这孩子上辈子作多大的错,1
2025/3/24 6:05,[赞][赞][赞][赞][赞][赞][赞][赞][赞][赞][赞][赞][赞][赞][赞][赞][赞][赞][赞][赞][赞][赞][赞][赞][赞],0
2025/3/24 6:15,[捂脸][捂脸][捂脸][捂脸],0
2025/3/24 6:23,亲妈啊，真可怕,1
2025/3/24 6:24,这是一个妈妈对孩子爸爸的报负,0
2025/3/24 6:28,如果不爱可以放弃，别伤害他人性命。,0
2025/3/24 6:33,我经常看着我的孩子，忍不住就亲亲他。好爱好爱他,0
2025/3/24 6:56,我儿子34个月，七点还在外面遛弯[晕]，5岁哪里能睡那么早啊，最早也是9点多吧,0
2025/3/24 6:57,[流泪][流泪][流泪][流泪][流泪][流泪][流泪],0
2025/3/24 7:18,真可恨,1
2025/3/24 7:18,因为亲妈要和男友亲热[尬笑]孩子又一直不睡，有点碍事所以就有了…,1
2025/3/24 7:22,@??爱自有天意,0
2025/3/24 7:25,这位无情无义的母亲竞对自己的孩子痛下毒手，真是不可思议。,1
2025/3/24 7:26,不管怎样，不要轻易离婚，离婚坑的就是孩子,0
2025/3/24 7:35,@一点 哦豁,0
2025/3/24 7:37,真正的伟大母爱[赞][赞][赞],0
2025/3/24 7:42,一个雄性动物占据上风那么其前任的子女大概率走向死亡，这就是动物世界的普遍现象[捂脸],0
2025/3/24 8:01,太残忍了。,0
2025/3/24 8:08,听哭了[流泪][流泪][流泪]好久,0
2025/3/24 8:17,有些女人就不配做母亲，更不配做人,1
2025/3/24 8:20,天啊真的有这种妈,1
2025/3/24 8:21,[感谢][感谢][感谢],0
2025/3/24 8:21,@??????????? 好可怕不是人啊,1
2025/3/24 8:25,[发怒][发怒][发怒][发怒][发怒][发怒][发怒],1
2025/3/24 8:28,自己的娃都能打死,1
2025/3/24 8:29,必须严惩不贷，,1
2025/3/24 8:31,支持判处极刑,1
2025/3/24 8:31,[发怒][发怒][发怒][发怒][发怒][发怒][发怒][发怒][看][看][看][看][看],1
2025/3/24 8:32,[流泪][流泪][流泪][流泪][流泪],0
2025/3/24 8:33,我家的孙子十一二点还在学习呢,0
2025/3/24 8:33,离婚孩子不能跟母亲,1
2025/3/24 8:34,亲爸啥心情,0
2025/3/24 8:38,支持爷爷的[抱拳][抱拳][抱拳],0
2025/3/24 8:39,[发怒][发怒][发怒],1
2025/3/24 8:40,[比心][比心][比心][比心][流泪][流泪][流泪][流泪][流泪][流泪],0
2025/3/24 8:42,虎毒还不食子，这还是亲妈怎么舍得，不爱请让给爱他的人不行？。满眼都是妈妈却是伤他最深,1
2025/3/24 8:44,不爱了 可以还给人家爸爸   为什么要打死了  她们是魔鬼吧,1
2025/3/24 8:47,[流泪][流泪],0
2025/3/24 8:50,虐杀儿童死刑,1
2025/3/24 8:51,不敢想象真有这种亲妈吗,1
2025/3/24 8:53,[赞][赞][赞],0
2025/3/24 8:56,才七点算晚吗[不是吧][不是吧][不是吧][不是吧][不是吧][不是吧][不是吧],0
2025/3/24 8:57,恶魔立即死刑,1
2025/3/24 8:58,天啦[抱抱你][抱抱你][抱抱你],0
2025/3/24 9:07,当误战斗[捂脸][捂脸],0
2025/3/24 9:07,恶魔啊，为什么呀，心痛,1
2025/3/24 9:09,现在那些说母爱伟大，没有父母不爱自己孩子的人出来说两句，不是所有的人都配做父母得,1
2025/3/24 9:14,她亲妈都下手了，你还要怪周围邻居吗？,1
2025/3/24 9:18,有没有一种可能，妈妈这个新男友打心底就不想要这个孩子活,1
2025/3/24 9:23,关注案件进展,0
2025/3/24 9:30,#男童被打死案父亲说天天想儿子# ??????,0
2025/3/24 9:30,????????????,0
2025/3/24 9:31,啊，这爸爸会有多痛啊,0
2025/3/24 9:34,@[感谢],0
2025/3/24 9:34,什么样的人心如此歹毒,1
2025/3/24 9:34,真希望这种人渣能得到严惩，孩子太可怜了。,0
2025/3/24 9:35,想知道这个母亲和其男友当时是怎么想的，怎么下得去手。,1
2025/3/24 9:36,[流泪][抱拳][抱拳][抱拳][抱拳][抱拳][抱拳],0
2025/3/24 9:36,这个女的，要是我二婚老婆这样打孩子，我立马报警，然后离婚,1
2025/3/24 9:39,#5岁男童被生母及男友殴打致死案开庭# 严惩,0
2025/3/24 9:45,虎毒还不食子呢,1
2025/3/24 9:46,！！！！！,1
2025/3/24 9:48,难以想象,0
2025/3/24 9:49,[感谢][感谢][感谢],0
2025/3/24 9:51,你这男人也是个没用的男人，窝囊废一个！还好意思在这说想儿子……！,1
2025/3/24 9:52,投错了家挺，可怜孩子,0
2025/3/24 9:54,给他她每人一颗花生米,0
2025/3/24 9:55,真的叫我掉泪呀！,0
2025/3/24 9:56,所以我离婚时不要孩子母亲抚养费的原因,0
2025/3/24 9:59,孩子的亲爸在哪里逍遥快活？从来不问孩子吗？把孩子交给这样的妈妈，亲爸难道对前妻一点都不了解？可怜的孩子，下辈子找个好父母再投胎吧！,1
2025/3/24 9:59,母亲是亲的吗,1
2025/3/24 10:00,不是每一位母亲都配的上那句世上只有妈妈好,1
2025/3/24 10:02,@狠毒,1
2025/3/24 10:04,影响他们的生活了，,0
2025/3/24 10:13,转发微博,0
2025/3/24 10:15,严惩这种奇葩父母[流泪][流泪][流泪][流泪],1
2025/3/24 10:21,[流泪][流泪][流泪][感谢][感谢][感谢],0
2025/3/24 10:22,[流泪],0
2025/3/24 10:22,虐待儿童的都是畜生,1
2025/3/24 10:25,[流泪][流泪][流泪][流泪][流泪][流泪]必须抵命，我听着眼泪哗哗的往下掉[感谢][感谢][感谢][感谢][感谢],1
2025/3/24 10:31,外人都不忍动容，真的狠心呀[泪奔],0
2025/3/24 10:33,太残忍,1
2025/3/24 10:34,[感谢][感谢][感谢],0
2025/3/24 10:36,[发怒][发怒][发怒],1
2025/3/24 10:39,唉,0
2025/3/24 10:40,@叮咚5331 就是这个“母亲”,1
2025/3/24 10:41,#5岁男童被生母及男友殴打致死案开庭# #男童被打死案父亲说天天想儿子#,0
2025/3/24 10:41,@[流泪][流泪][流泪][流泪],0
2025/3/24 10:46,想儿子就应该把孩子带走了，也许潜意识你知道孩子跟着别人会不好。希望宝宝不再痛苦吧，希望你也好好的,0
2025/3/24 10:48,[流泪][流泪][流泪],0
2025/3/24 10:48,[感谢],0
2025/3/24 10:49,转发微博,0
2025/3/24 10:50,严惩不贷，决不原谅！[发怒],1
2025/3/24 10:52,我的天，还有这样的妈妈，就是仇人家的孩子在我家里来了我也舍不得这样对待他啊，毕竟是个孩子，怎么忍心呢，作为一个妈妈，听到这种噩耗，我眼泪都出来了，心里极其难受??,0
2025/3/24 10:57,@人民日报,0
2025/3/24 10:57,这个孩子的妈简直不是人，亲妈啊，怎么下得了手啊？为了报复前夫也不该拿孩子的命做代价啊！,1
2025/3/24 10:58,亲生母亲啊。怎么能下这样的手。这世上人心比地狱恶鬼还恶。,1
2025/3/24 10:59,早干嘛去了，为什么不争抚养权,1
2025/3/24 10:59,真恐怖，亲手打死自己的孩子的人，得多恐怖才能做出这样的事。,0
2025/3/24 11:00,生母和其男友对5岁孩子下此狠手，简直是丧心病狂，人间恶魔！孩子睡觉晚能是被打死的理由？这种人不配为人！,1
2025/3/24 11:00,男孩，男孩怎么让妈妈带走了。,0
2025/3/24 11:01,所以应该规定，结婚至少满5年以上，才允许怀孕，真是离婚对孩子来说太不公平了，可怜的孩子,0
2025/3/24 11:02,这样的人不死天理难容,1
2025/3/24 11:03,ε=(′ο｀*)))唉让警察来找我吧！,1
2025/3/24 11:04,杀人偿命,1
2025/3/24 11:04,哎。。,0
2025/3/24 11:05,枪毙了吗,1
2025/3/24 11:05,你儿子肯定很帅[流泪][流泪][流泪][流泪],0
2025/3/24 11:05,这个妈妈好狠的心，自己的孩子不心疼吗？,1
2025/3/24 11:05,现在的父母,0
2025/3/24 11:06,严惩凶手,1
2025/3/24 11:06,一辈子的伤痛，希望恶人早日受到惩罚,1
2025/3/24 11:06,[感谢][感谢][感谢][抱抱你],0
2025/3/24 11:07,他干嘛去了？,0
2025/3/24 11:07,！！！！。,0
2025/3/24 11:08,不敢看，但还是顶一下,0
2025/3/24 11:08,不要放过一对#5岁男童被生母及男友殴打致死案开庭# 渣男女，让它们和张波叶尘诚做伴去！,1
2025/3/24 11:08,[流泪][流泪][流泪],0
2025/3/24 11:09,判死刑,1
2025/3/24 11:09,狗男女猪狗不如,1
2025/3/24 11:09,男方带着,0
2025/3/24 11:10,我的天哪太恐怖了还有这样的人[恐惧],1
2025/3/24 11:11,母亲是幼儿园老师？？？？那这样的话，学校肯定有好多小孩都被老师打过,1
2025/3/24 11:11,天，怎么忍心，我一天见不到我的宝贝我都想的很,0
2025/3/24 11:11,这是什么母亲,1
2025/3/24 11:12,虎毒不食子,1
2025/3/24 11:12,不想养可以送去娃爸爸那里啊,0
2025/3/24 11:13,蛇蝎,1
2025/3/24 11:13,死刑可以吗,1
2025/3/24 11:13,我就是因为前妻经常打孩子才离婚的,0
2025/3/24 11:13,还需要判决？生母自己撞死了算了！,1
2025/3/24 11:15,为什么你不接他回来？,1
2025/3/24 11:15,不爱，为啥要带着孩子呢？,1
2025/3/24 11:15,这两个人比扔孩子那俩更恶劣，属于虐杀，应该从严从重处罚。,1
2025/3/24 11:15,[发怒][发怒][发怒][发怒][发怒][发怒][发怒]必须枪毙这两个人渣恶魔！,1
2025/3/24 11:15,我天天说打我儿子 了我每次都舍不得动手,0
2025/3/24 11:15,必须死,1
2025/3/24 11:15,生母啊！！不敢想象，怎么忍心对自己的亲骨肉还是这么小的孩子下手！孩子天然跟母亲会亲近，可以想象在打他折磨他的时候，孩子内心该有多绝望无助啊…,0
2025/3/24 11:16,太可怜了,0
2025/3/24 11:16,畜生，枉为人母，母子连心，她根本就没有心！永生永世沦为畜生吧！,1
2025/3/24 11:16,什么重判 杀人偿命,1
2025/3/24 11:17,亲生父亲打儿子无论多么吓人皮肉之苦 外人打直击孩子要害,1
2025/3/24 11:17,杀了人就该做好被杀的准备，杀人偿命！,1
2025/3/24 11:17,这种人居然有人接盘,1
2025/3/24 11:17,怎么这么多亲生父母虐杀自己多亲骨肉[泣不成声],0
2025/3/24 11:18,??????,0
2025/3/24 11:19,[流泪][流泪][流泪]听着好痛啊！,0
2025/3/24 11:19,#男童被打死案父亲说天天想儿子# 早日走出阴霾,0
2025/3/24 11:19,男性安全[OK],0
2025/3/24 11:19,不配为人，立刻毙了,1
2025/3/24 11:19,太可恶了,1
2025/3/24 11:19,不要孩子可以还爸爸啊！这是为什么！！！[流泪],1
2025/3/24 11:20,装模作样，男的都是演戏高手,1
2025/3/24 11:20,不配为人,1
2025/3/24 11:20,伤害罪13年,1
2025/3/24 11:20,出生,0
2025/3/24 11:20,看不了这个，心疼得狠,0
2025/3/24 11:20,心咋那么狠阿，这女的，简直了，什么家庭出来的，她出生的时候爸妈应该把她坐死,1
2025/3/24 11:20,可怕,1
2025/3/24 11:20,严惩,1
2025/3/24 11:20,唉，无语了，别人比儿子重要吗？不配为人母，死刑。活着也是多余。,1
2025/3/24 11:21,好可怕啊，孩子好可怜,0
2025/3/24 11:21,#男童被打死案父亲说天天想儿子# 【#男童生父回忆儿子说我想你失声痛哭#】网页链接,0
2025/3/24 11:22,严惩凶手,1
2025/3/24 11:22,恶魔,1
2025/3/24 11:23,愿法律严惩凶手，给孩子公道。,0
2025/3/24 11:23,什么魔鬼母亲。,1
2025/3/24 11:23,为什么没热度呢？,0
2025/3/24 11:24,太丧心病狂了,1
2025/3/24 11:24,可怜孩子，有些生不了的家庭想要孩子拼命想尽办法要，有些随意生了又不被珍惜还被打死，生他的人竟然如此禽兽。。。麻烦判他们两个死刑，车轮辗压虐打他们那种,1
2025/3/24 11:24,虎毒不食子,1
2025/3/24 11:24,[比心][比心][比心]可怜的孩子愿你下辈子投胎投在一个好人家,0
2025/3/24 11:25,当妈的真的很不能理解！！真的不能原谅！！该死,1
2025/3/24 11:25,《女性天生有爱人的能力》,0
2025/3/24 11:25,严惩不贷！斩立决,1
2025/3/24 11:26,好可怕,0
2025/3/24 11:26,失去了儿子是你今生最大的伤痛，不把他带在身边是你永远无法弥补的遗憾！,0
2025/3/24 11:26,仙女??♀?,0
2025/3/24 11:27,早干嘛去了？,1
2025/3/24 11:27,重庆那个伙同女友把孩子推下楼的不就是过往案例吗，就按照那个判,1
2025/3/24 11:27,母亲是个什么东西[敲打],1
2025/3/24 11:28,手段残忍，社会影响恶劣，死刑吧,1
2025/3/24 11:28,我的孩子得个感冒我都心疼的不行哎，这样的人怎么能叫母亲的,1
2025/3/24 11:28,怎么老有这样的事情？怎样才能杜绝？真的太心疼这些小孩子了,0
2025/3/24 11:28,开始带货，之前孩子被生父和女友打斯的没人关注，只关心牙签,1
2025/3/24 11:29,直接死刑,1
2025/3/24 11:29,重判，重判，有的妈妈就是恶魔??,1
2025/3/24 11:29,才5岁,0
2025/3/24 11:29,真替你难过，希望法律能还你儿子一个公道。,0
2025/3/24 11:29,7点半就让孩子睡觉，八点发现孩子没睡着 ，就给打死,1
2025/3/24 11:30,我的天，是人吗？亲生的啊。,1
2025/3/24 11:30,这女的真的,1
2025/3/24 11:30,我小时候被父母爷爷殴打虐待，没死真是奇迹，长大后也各种大小伤不断！真的把这世界上所有的苦吃了一遍,1
2025/3/24 11:31,生父早在做什么？为什么不把儿子留在身边，双方都是没担当，生母更可狠不可原谅,1
2025/3/24 11:31,给了妈妈后爸打，给了爸爸后妈打！能不能离婚了先别找啊！！,1
2025/3/24 11:31,转发微博,0
2025/3/24 11:31,最新：#男童被打死案父亲说天天想儿子# 【#男童被打死案生父说离婚后前妻不准他见儿子#】网页链接,0
2025/3/24 11:31,心痛，愿孩子安息。,0
2025/3/24 11:32,张波叶诚尘,0
2025/3/24 11:32,谁要敢动我孩子我定会送他去见阎王,1
2025/3/24 11:32,@CAI蔡: [流泪][流泪][流泪][流泪][流泪][流泪]必须抵命，我听着眼泪哗哗的往下掉[感谢][感谢][感谢][感谢][感谢],1
2025/3/24 11:32,我的娃一直都是自己带的，别人说一句都不行，但是我管得也比较严格，看到这种新闻真的好痛心,0
2025/3/24 11:33,为什么会有生母打死孩子啊？真的无法理解这种行为，是个人吗？,1
2025/3/24 11:34,残害儿童的应该以对社会构成巨大威胁论处，首选极刑，杀之，如若不杀也不可再出高墙半步,1
2025/3/24 11:34,必须死刑又想到了重庆那个案件,1
2025/3/24 11:34,孩子为什么没跟生父？#男童被打死案父亲说天天想儿子#,1
2025/3/24 11:34,死刑吧！求求了！杀人偿命自古就有的说法！,1
2025/3/24 11:35,千万要死刑生母和她男友,1
2025/3/24 11:35,[感谢][感谢][感谢],0
2025/3/24 11:35,虎毒还不食子……无法想象,0
2025/3/24 11:36,法律不能放过,1
2025/3/24 11:36,人坏起来真是不分男女,1
2025/3/24 11:36,要严判,1
2025/3/24 11:36,严惩不贷爸爸妈妈,1
2025/3/24 11:36,天哪[流泪]怎么这么狠心下去手的人我就是连仇人的孩子也下不去手[害羞]吓死??了,0
2025/3/24 11:36,这样虐待孩子的人渣就该枪毙枪毙枪毙,1
2025/3/24 11:36,这特么认可判刑也得弄死他们,1
2025/3/24 11:37,怎么可能呀…………,0
2025/3/24 11:37,放这种马后炮有什么用 孩子活着的时候不知道争取,1
2025/3/24 11:37,这世界怎么了[流泪],0
2025/3/24 11:37,有孩子的人看不了这类新闻,0
2025/3/24 11:38,虎毒还不食子！尽然有这种人,1
2025/3/24 11:38,"死刑！就俩字 
人神共愤！",1
2025/3/24 11:38,??,0
2025/3/24 11:38,对那么小的孩子怎么下得去手啊,1
2025/3/24 11:38,@太残,1
2025/3/24 11:38,赶紧死！,1
2025/3/24 11:39,终于要开庭了，每次看到这个新闻就心痛，畜生不如的必须死刑！,1
2025/3/24 11:39,一辈子的痛啊,0
2025/3/24 11:39,转发微博,0
2025/3/24 11:39,[感谢][感谢][感谢],0
2025/3/24 11:40,说的也是，又不用心好好养着，为什么要抢夺抚养权,1
2025/3/24 11:40,为什么会离婚？,0
2025/3/24 11:40,不想要孩子 为什么还要抢抚养权,1
2025/3/24 11:40,虎毒不食子！恶魔在人间！,1
2025/3/24 11:40,那俩狗男女不得好死。,1
2025/3/24 11:40,望严惩,1
2025/3/24 11:40,??????,0
2025/3/24 11:40,[感谢][感谢][感谢][感谢][感谢][感谢],0
2025/3/24 11:40,严惩！决不轻饶！[赞][赞][赞],1
2025/3/24 11:40,支持严惩不贷！,0
2025/3/24 11:40,听不下去[泪奔][泪奔][泪奔],0
2025/3/24 11:40,cs,0
2025/3/24 11:41,孩子妨碍到他们的性福了,1
2025/3/24 11:41,小孩是最无辜的，不爱请别伤害,0
2025/3/24 11:41,可怜的孩子，可伶的爸爸,0
2025/3/24 11:42,难道男方没有过错吗,0
2025/3/24 11:42,真是可怜的孩子,0
2025/3/24 11:42,/毒妇必须死刑，这么坏不判死刑留在世上干嘛？[流泪][流泪][流泪][流泪][流泪][流泪][流泪][流泪][流泪],1
2025/3/24 11:42,哎，哀其不幸啊……可怜的孩子，可怜的阳上人。,0
2025/3/24 11:43,不想养为什么争抚养权，好痛心,0
2025/3/24 11:43,3 月 25 日？,0
2025/3/24 11:43,天生杀人的能力,1
2025/3/24 11:43,禽兽不如,1
2025/3/24 11:43,对呀，不想要为什么还要抢抚养权呢,1
2025/3/24 11:43,太离谱了,1
2025/3/24 11:43,去学校没有人发现吗？,0
2025/3/24 11:43,@虎毒不食子这种女人坚决枪毙,1
2025/3/24 11:43,根本就不配为人！更不要玷污母亲这个称呼！让它们这对??男女下去陪孩子,1
2025/3/24 11:44,严惩！,1
2025/3/24 11:44,道德在哪里？,1
2025/3/24 11:44,人渣不配当母亲…,1
2025/3/24 11:44,没有东西打了，手痒了,1
2025/3/24 11:44,严肃处理,1
2025/3/24 11:44,她不是不想要孩子，她是不想要你得到孩子,1
2025/3/24 11:44,当妈的看不得这个,1
2025/3/24 11:44,杀人凶手死立执吧,1
2025/3/24 11:44,唉阴间新闻,1
2025/3/24 11:44,不想养就把孩子给爸爸呀！为什么要打死，苍天啊,1
2025/3/24 11:44,啊～什么亲生母亲！,1
2025/3/24 11:44,[流泪],0
2025/3/24 11:45,就是的,0
2025/3/24 11:45,谁对孩子好就跟着谁,0
2025/3/24 11:45,至今还记得一个案例 “他力气太大了快压不住了 我叫来了他妈妈过来帮忙 他立马不挣扎了”,1
2025/3/24 11:45,为什么没有热度呢,0
2025/3/24 11:45,是的,0
2025/3/24 11:46,看完好痛心，身为孩子母亲，她是怎么下得了手的啊,0
2025/3/24 11:46,[感谢][感谢][感谢],0
2025/3/24 11:47,有时候也不是非要判给女方，还是多维度考察好再判吧，有的女人也确实不是人，不是所有的妈都是人,1
2025/3/24 11:47,上一个是父亲和继母  这一个是母亲  当父母的不需要考试,0
2025/3/24 11:48,两个人应该立即死刑执行，太残忍了，陌生人都看哭了,1
2025/3/24 11:48,阿弥陀佛,0
2025/3/24 11:48,都是要火的人,0
2025/3/24 11:48,既然天天想，那你下去陪他啊,1
2025/3/24 11:49,性别互换，小仙侣才会睁眼,1
2025/3/24 11:49,可怜的孩子……??,0
2025/3/24 11:49,好可怜,0
2025/3/24 11:49,必须死刑。我听得心痛[流泪][流泪][流泪][流泪]，可怜的孩子,1
2025/3/24 11:50,有了孩子以后看不得这种视频,0
2025/3/24 11:50,没毛病,0
2025/3/24 11:50,必须严惩,1
2025/3/24 11:50,太惨了 哎,0
2025/3/24 11:51,虎毒不食子,1
2025/3/24 11:51,带货倒计时,0
2025/3/24 11:51,可怜的孩子……,0
2025/3/24 11:51,装货,0
2025/3/24 11:51,此案不仅揭露家庭暴力的残酷性，也引发对离婚后子女监护权执行机制的反思。法院判决结果将成为公众关注焦点,0
2025/3/24 11:52,双双枪毙吧,1
2025/3/24 11:52,可怜了这孩子。。。,0
2025/3/24 11:52,把她们俩个人判无期徒刑，,1
2025/3/24 11:52,[感谢],0
2025/3/24 11:52,歪个楼，请大家也关注一下梓澈案，都是可怜宝宝,0
2025/3/24 11:52,直接死刑就对了,1
2025/3/24 11:52,这就是离婚后小孩子生话,0
2025/3/24 11:53,严惩凶手,1
2025/3/24 11:53,必须两个人判死刑,1
2025/3/24 11:53,禽兽不如，必须死刑,1
2025/3/24 11:53,想起张海龙案，&quot;他的力气很大，我快按不住了，直到他妈妈过来按住他，他就不挣扎了。&quot;真的有人不爱自己的孩子……,1
2025/3/24 11:53,支持,0
2025/3/24 11:53,好假,1
2025/3/24 11:53,[感谢][感谢][感谢],0
2025/3/24 11:54,凌迟处死,1
2025/3/24 11:54,教育不好就别生了好吗,1
2025/3/24 11:54,天呐，就这样摧残一个小小的生命，他有什么错,0
2025/3/24 11:55,乖，心疼死了,0
2025/3/24 11:55,母爱真伟大,0
2025/3/24 11:55,什么家长啊,1
2025/3/24 11:55,可怜的孩子，看着视频里的孩子真的很痛心,0
2025/3/24 11:55,[拳头][弱][右边][炸弹][炸弹][炸弹],1
2025/3/24 11:55,什么玩意？,1
2025/3/24 11:56,天啦！,0
2025/3/24 11:56,心真狠，所以人狠毒起来是不分男女的,1
2025/3/24 11:56,把两个恶魔枪毙[流泪][流泪][流泪][流泪][流泪],1
2025/3/24 11:56,好可怜??好让人心疼,0
2025/3/24 11:57,天呐，可怜的孩子,0
2025/3/24 11:57,没事，踩上缝纫机就不想了,0
2025/3/24 11:57,怎么会有人不爱自己的孩子呢,0
2025/3/24 11:57,虎毒不食子,1
2025/3/24 11:58,我看不了这个新闻，希望早点看到狗男女被枪毙的新闻,1
2025/3/24 11:58,可怕,1
2025/3/24 11:58,要是不要，不爱了，可以给福利院又或者给想要孩子的人养，为什么要下毒手呢？,0
2025/3/24 11:58,不行了，打死了你才说想孩子,1
2025/3/24 11:58,爱人的能力,0
2025/3/24 11:59,太可怜了看不得这种新闻太揪心,0
2025/3/24 11:59,想他就去找他吧,0
2025/3/24 11:59,毫无人性,1
2025/3/24 11:59,想要抚养费呗,1
2025/3/24 11:59,你猜为什么这个新闻没有热度,1
2025/3/24 11:59,严惩,1
2025/3/24 12:00,这些女人是人吗？？？[发怒][发怒][发怒],1
2025/3/24 12:00,这是亲妈么,1
2025/3/24 12:00,《问政山东》栏目把主要负责人叫来问问，为什么不让孩子爷爷爸爸去看殡仪馆里的孩子？,1
2025/3/24 12:00,女人的爱人能力呢？,1
2025/3/24 12:00,所有要跟着爸爸，爸爸那除了后妈全是亲人,1
2025/3/24 12:00,不用判了，直接斩首,1
2025/3/24 12:01,南无阿弥陀佛，愿离苦得乐??,0
2025/3/24 12:01,说得对,0
2025/3/24 12:01,不可饶恕,1
2025/3/24 12:01,死刑,1
2025/3/24 12:01,必须严惩不贷！真的是丧尽天良……,1
2025/3/24 12:01,太残忍了，重判,1
2025/3/24 12:01,上帝：我不要，给阎王吧,1
2025/3/24 12:01,可怜的孩子,0
2025/3/24 12:01,父亲真的要自责一辈子了,0
2025/3/24 12:02,如果孩子平时得到男的关心超过女的，为何又会得不到孩子呢,0
2025/3/24 12:02,有后爹就有后娘，有后娘就有后爹0除了自己的亲生父母是大无谓的奉献。不要指望无血缘的任何一个人。[感谢][感谢][感谢][感谢][感谢][感谢][感谢],1
2025/3/24 12:02,杀人偿命，鳄鱼的眼泪,1
2025/3/24 12:02,居然还有开设赌场罪,0
2025/3/24 12:02,[发怒],1
2025/3/24 12:02,就是离婚造成后果，孩子可怜[流泪][流泪],0
2025/3/24 12:02,这个恶毒的母亲,1
2025/3/24 12:03,可怜的孩子,0
2025/3/24 12:03,《女生天生就有爱人的能力(打死儿子版)》,1
2025/3/24 12:03,对那么小的孩子怎么下得去手啊,1
2025/3/24 12:03,[流泪][流泪][流泪][流泪][流泪][流泪]必须抵命，我听着眼泪哗哗的往下掉[感谢][感谢][感谢][感谢][感谢],1
2025/3/24 12:03,我记得说的是生父和女友，咋又变生母和男友了？,0
2025/3/24 12:03,怎么忍心下手 这么小的孩子,0
2025/3/24 12:04,啊啊啊啊啊滚 那个父亲,1
2025/3/24 12:04,怎么会有这样的母亲！！！,1
2025/3/24 12:04,自始至终都不理解不爱自己孩子的母亲，那可是自己遭了老大罪带到这个世上的,0
2025/3/24 12:04,她所在的幼儿园的孩子估计都挨过她的打,1
2025/3/24 12:05,那让他下去陪儿子吧,1
2025/3/24 12:05,小孩子小孩子睡得晚不是很正常，这个要慢慢改过来的，什么母亲？都不配为人,1
2025/3/24 12:05,。。。滚,1
2025/3/24 12:06,好狠心,1
2025/3/24 12:06,咋这样,1
2025/3/24 12:06,我艺姐太有生活了哈哈哈哈哈哈哈,0
2025/3/24 12:06,都是些什么渣滓啊，,1
2025/3/24 12:07,性别一换，热度翻倍,0
2025/3/24 12:07,让他想吧,0
2025/3/24 12:07,孩子毕竟是无辜的呀，这也配为人母,1
2025/3/24 12:08,为什么离婚,0
2025/3/24 12:08,虎毒不食子，真的是人心险恶呀！之前看过一个亲戚大奶奶，杀了六岁儿童，现在的人哎,1
2025/3/24 12:08,女性有天生爱人的能力，女性无罪,0
2025/3/24 12:08,严惩凶手[发怒][发怒][发怒],0
2025/3/24 12:09,就算是同作为一个女人，我也不能理解，超出认知，无法原谅,1
2025/3/24 12:09,这则消息真是让人心碎，一个无辜的小生命遭受如此的折磨，实在让人难以置信。父亲的痛苦和愤怒我能理解，但愿法律的严惩能给这个可怜的孩子一个公正。,0
2025/3/24 12:09,明天的新闻都能提前发了？你们这小编工作也太好做了吧,1
2025/3/24 12:09,[感谢][感谢][感谢],0
2025/3/24 12:09,[感谢][感谢][感谢][感谢][感谢],0
2025/3/24 12:09,严惩禽兽，不是每个女人都配做妈妈,1
2025/3/24 12:09,太可怜了 一定要严惩,1
2025/3/24 12:10,@[赞][赞][赞][赞][赞][赞],0
2025/3/24 12:10,多半是装的，鳄鱼的眼泪,1
2025/3/24 12:10,唉，出生哎，必须严惩,1
2025/3/24 12:10,母亲做这种事真的少见，没人性,1
2025/3/24 12:10,想就下去陪啊在这里演什么瘙货,1
2025/3/24 12:10,我的天呢 请从严处置,1
2025/3/24 12:10,可怜,0
2025/3/24 12:10,好几例这种了,0
2025/3/24 12:11,我儿子四五岁，感觉是特别可爱的年纪，想每天抱抱亲亲他，不理解为什么会有人这么对待自己孩子,0
2025/3/24 12:11,别问，问就是善良，天生爱人的能力,0
2025/3/24 12:11,被亲妈打死，估计往生的孩子都不想为人了，杀人偿命吧，否则怎么对得起幼小的生命啊,1
2025/3/24 12:11,好心痛,0
2025/3/24 12:12,为什么给他妈养啊！后悔迟了[感谢],1
2025/3/24 12:12,这个父亲最后的发问令人深思，不愿意养为什么要争抚养权？即使后来不管什么原因不喜欢了，那也有很多解决问题的方式，断不至于虐待孩子以致死亡，唉，生而为人，何至于对幼小下如此狠手,0
2025/3/24 12:12,不能理解一个妈妈这么做？咋想的？两个都死刑立即执行。,1
2025/3/24 12:12,虐待孩子的，不管男女，都死刑,1
2025/3/24 12:12,以后不要再说虎毒不食子，天下无不是的父母…这些封建糟粕,1
2025/3/24 12:13,儿编，一点不想看这些！！！！！！哎！！脑壳大！！！只有一个愿望！！娃儿怎么死地！！！！动手的人也同样的死法！！！！！容不下小娃！大人也不用活！！！！！！！,1
2025/3/24 12:13,判死刑，诛他们九族,1
2025/3/24 12:13,怎么下的去手，你身上掉下来的肉哦,1
2025/3/24 12:13,12小时。怎么说,0
2025/3/24 12:13,是的，死刑之前说一下！为什么！真的无法理解这样的变态！,1
2025/3/24 12:14,这种人的嘴脸真的是一秒都不想看见,1
2025/3/24 12:14,欠债还钱，杀人偿命。,1
2025/3/24 12:14,这个时候想起那个法庭上得母亲，开枪都是轻得,1
2025/3/24 12:14,心碎,0
2025/3/24 12:14,心疼，我两个小孩都舍不得打,0
2025/3/24 12:14,死刑,1
2025/3/24 12:15,有的时候我也天马行空乱想这些没发生过的事情,0
2025/3/24 12:15,虎毒不食子，畜牲不如,1
2025/3/24 12:15,判两人死刑,1
2025/3/24 12:15,打死，期间孩子该哭闹痛苦到那种地步，这位畜牲都不停手,1
2025/3/24 12:15,你们学新闻的不会打tag的话可以滚回学校学语文，没点进来我还以为是父亲打死的孩子搁这猫哭耗子,1
2025/3/24 12:15,难受,0
2025/3/24 12:15,建议死刑,1
2025/3/24 12:16,干嘛,1
2025/3/24 12:16,杀人偿命，都死刑了！,1
2025/3/24 12:16,可怜的宝宝,0
2025/3/24 12:16,中午好,0
2025/3/24 12:17,[感谢][感谢][感谢],0
2025/3/24 12:17,必须死刑给孩子一个公道,1
2025/3/24 12:17,想到了一个亲生父亲带走孩子，其女友虐待死三岁男孩，生母天天以泪洗面,1
2025/3/24 12:17,必须枪毙，虎毒还不食子呢[发怒][发怒][发怒][发怒][发怒][发怒][发怒],1
2025/3/24 12:17,判死刑！,1
2025/3/24 12:17,两个畜牲，杀了他们,1
2025/3/24 12:17,严惩不贷,1
2025/3/24 12:18,这样的人简直是禽兽，,1
2025/3/24 12:18,怎么忍心下手[捂脸]太不是人了，把他俩的心挖出来看看，是人心吗,1
2025/3/24 12:18,[感谢][感谢][感谢],0
2025/3/24 12:18,给这2个坏种死刑，必须严惩,1
2025/3/24 12:18,抢抚养权是为了让你付抚养费,1
2025/3/24 12:19,畜牲不如。披着人皮的恶魔太多了,1
2025/3/24 12:19,虐童的都该拉出去,1
2025/3/24 12:19,#男童被打死案父亲说天天想儿子# 可以不爱请别伤害，看到这种新闻心里难受,0
2025/3/24 12:19,？？？？,0
2025/3/24 12:19,支持死刑立即执行,1
2025/3/24 12:19,坏人不分男女，别天天搞对立,0
2025/3/24 12:20,去下面见儿子吧,1
2025/3/24 12:20,这女的和她的畜牲男友，，真该死#男童被打死案父亲说天天想儿子#,1
2025/3/24 12:21,这些文字看着都心痛,0
2025/3/24 12:21,必须严惩,1
2025/3/24 12:21,严惩！,1
2025/3/24 12:21,离婚原因很多，不能道德绑架！当时伤害孩子的就是罪人！,1
2025/3/24 12:21,这种该死不配！禽兽不如,1
2025/3/24 12:21,咋忍心[流泪][流泪][流泪],0
2025/3/24 12:21,转发微博,0
2025/3/24 12:21,????,0
2025/3/24 12:21,怎么下得了手啊,1
2025/3/24 12:21,真特么是畜牲,1
2025/3/24 12:22,#男童被打死案父亲说天天想儿子# #男童被打死案生父说离婚后前妻不准他见儿子# 应该不是想要孩子，而是想要长期饭票吧,1
2025/3/24 12:22,严惩！死刑！,1
2025/3/24 12:22,一对牲畜,1
2025/3/24 12:22,想他就下去陪他,1
2025/3/24 12:22,死刑,1
2025/3/24 12:22,必须判死刑,1
2025/3/24 12:22,这种父母不配做父母！和我家的父母一样的童年，虐待,1
2025/3/24 12:22,这个图案我们早都看了，今天又拿来播放了，哪天开庭？[赞][赞][赞][赞][赞][赞],0
2025/3/24 12:23,老话说有，世上只有老虎狠，老虎也不吃儿的肉，比老虎还要狠三分[看][炸弹],1
2025/3/24 12:23,这什么阴间新闻？24年！去年！不死刑不足以平民愤，5岁啊5岁啊！天杀的，这新闻看得我心绞痛，直掉眼泪啊，愿他天堂能幸福，再没有伤痛,1
2025/3/24 12:23,[感谢],0
2025/3/24 12:23,那就抓紧去看看他吧。,0
2025/3/24 12:23,??,0
2025/3/24 12:23,[感谢][感谢][感谢][感谢][感谢][感谢][感谢][感谢],0
2025/3/24 12:23,感觉看完能影响我一天的心情，好难过啊……[可怜][可怜][可怜],0
2025/3/24 12:23,死刑,1
2025/3/24 12:23,[捂脸][捂脸][捂脸],0
2025/3/24 12:23,最毒不过    。。。。。。  唉  虎毒不食子啊   这样的事情   重庆也出过。。。唉,1
2025/3/24 12:23,自己的亲生孩子啊，怎么会这么狠心啊....,0
2025/3/24 12:24,儿子就是父亲的小情人,0
2025/3/24 12:24,死刑马上,1
2025/3/24 12:24,抚养权是怎么争到手的[費解]不是说除非女方明确不要，否则男方必定争不到吗？,0
2025/3/24 12:24,孩子好惨，在还没有好好认识世界的年龄就被不用经过考试的长辈轻易决定了生死，以后结婚和生孩子都考证吧真的。,0
2025/3/24 12:25,不是还有个新闻男孩考不好被父亲囊了一剑么 孩子咋样了,1
2025/3/24 12:25,看不得这些新闻，支持严惩两名恶人，死刑,1
2025/3/24 12:25,虎毒不食子啊,1
2025/3/24 12:25,离婚决定带孩子就好好对他，不然就不要祸害他，猪狗不如,1
2025/3/24 12:25,这恶毒,1
2025/3/24 12:25,天，他该多疼！太可怜了[流泪][流泪][流泪],0
2025/3/24 12:25,想他就去找他,0
2025/3/24 12:26,必须死刑,1
2025/3/24 12:26,一对恶魔啊这是！！！不爱孩子为什么不把孩子还给父亲？！,1
2025/3/24 12:26,死刑,1
2025/3/24 12:26,强势的女人就这德行，离婚宁愿把孩子打死也不给他父亲。,1
2025/3/24 12:26,又一次突破道德和法律的底线，可伶了这个娃娃。下辈子投个好人家。,1
2025/3/24 12:26,回复@一双鱼0306:不想要孩子，但想要抚养费，争夺抚养费，才要抢夺孩子抚养权。,1
2025/3/24 12:26,痛失爱孙，心如刀绞。,0
2025/3/24 12:26,不想要孩子，但想要抚养费，争夺抚养费，才要抢夺孩子抚养权。,1
2025/3/24 12:26,赶紧判两个人渣死刑吧，,1
2025/3/24 12:27,应该凌迟,1
2025/3/24 12:27,就是就是,0
2025/3/24 12:27,可怜的娃呀[流泪][流泪][流泪][流泪],0
2025/3/24 12:27,两个畜生！必须判死刑,1
2025/3/24 12:27,@必须死刑丶恶魔留在世上只会害人,1
2025/3/24 12:27,那么小的孩子，怎么下得去手！,0
2025/3/24 12:28,天底下怎么会有那样的母亲,1
2025/3/24 12:28,同样身为一个父亲，我非常理解这位父亲对儿子的爱！让施暴者偿命才是对小生命最好的尊重！再多的钱和再多虚伪的忏悔都没有用。,0
2025/3/24 12:28,5岁的孩子都很有自己的意识了，活活被打死怎么忍心啊，实在不理解亲生母亲怎么能忍心啊！！！不想要孩子你推给爸爸推给老人哪怕遗弃他为什么非要弄死他，不知道肯定瞒不住自己会进大牢么！！,1
2025/3/24 12:28,狠毒的母亲,1
2025/3/24 12:28,就是,0
2025/3/24 12:28,还有上海的梓澈宝宝是被生父后妈打si的，不要放过那个案子,1
2025/3/24 12:28,我靠[費解],1
2025/3/24 12:28,亲妈也下得去手啊，那么小的孩子,1
2025/3/24 12:28,心痛，愿孩子安息。,0
2025/3/24 12:28,谁也代替不了亲生的,0
2025/3/24 12:29,至从有了孩子这种一点看不了，真的不是人啊，自己的孩子怎么下的了手啊,1
2025/3/24 12:29,为啥呢,0
2025/3/24 12:29,无语了,0
2025/3/24 12:30,杀人偿命！,1
2025/3/24 12:30,都说孩子无父无母可怜，这类儿童比孤儿惨多了,1
2025/3/24 12:30,最新：【#男童被生母及男友殴打致死案姥姥发声#：孩子我一手带大，我是最痛心的】网页链接,0
2025/3/24 12:30,生母？自己身上掉下来的肉，怎么下得去手的。孩子除了身上疼之外，心里得多绝望。下辈子投个好人家，找个好妈妈[感谢],0
2025/3/24 12:30,必须判死,1
2025/3/24 12:30,从严从重处理??,1
2025/3/24 12:31,心痛，愿孩子安息。,0
2025/3/24 12:31,严惩,1
2025/3/24 12:31,就是就是,0
2025/3/24 12:31,最痛心的肯定是姥姥，孩子自己带大，虐待孩子致死的却是自己女儿,0
2025/3/24 12:31,请按重庆姐弟坠楼案判，这种东西千万别留着过年,1
2025/3/24 12:31,黄梓澈案怎么没见过上热搜,1
2025/3/24 12:31,每个字都让人心惊胆颤,1
2025/3/24 12:31,我的天？,0
2025/3/24 12:32,怎么有人这么坏,1
2025/3/24 12:32,狗男女死刑，为孩子讨公道！,1
2025/3/24 12:32,?????????,0
2025/3/24 12:32,离婚，受伤害最大的就是孩子！,0
2025/3/24 12:32,禽兽不如,1
2025/3/24 12:32,亲生的 她怎么忍心的哇,0
2025/3/24 12:33,??????????????????,0
2025/3/24 12:33,真的，看着这新闻，每个字都让人心惊胆颤这对畜生立即处死……,1
2025/3/24 12:33,#男童被打死案父亲说天天想儿子# ??????,0
2025/3/24 12:33,真的有妈妈不爱孩子吗[流泪],0
2025/3/24 12:33,痛失爱孙，心如刀割。,0
2025/3/24 12:33,@中国妇女报,0
2025/3/24 12:33,所以说人性的恶不分性别 不分年龄 无论爸妈都有好有坏，我们常常说两三岁的孩子太小跑不了，但是四五岁的孩子哪怕上了幼儿园想跑也跑不了，所有受伤的孩子基本都是因为父母离异，生而不养！ 奉劝年轻人不要乱结婚，乱生孩子！,1
2025/3/24 12:33,可怜的孩子，怎么有这样的妈妈,1
2025/3/24 12:33,没什么好说的了，死刑！立即执行！！//@小蚊子西西:对那么小的孩子怎么下得去手啊,1
2025/3/24 12:33,小孩太可怜了吧,0
2025/3/24 12:33,可怜,0
2025/3/24 12:34,又是阴间新闻,1
2025/3/24 12:34,即使孩子很小，也建议法庭判决抚养时问问孩子自己想跟谁，毕竟四岁已经会说话了，小孩自己最清楚谁是真的对他好,0
2025/3/24 12:34,[捂脸][捂脸]死刑,1
2025/3/24 12:34,#男童被打死案父亲说天天想儿子# 孩子遭遇如此残忍对待，亲生母亲的冷漠与不作为更是违背人伦。父亲对孩子的思念体现了真挚的父爱，他在孩子生前难见其面，如今只能沉浸在思念与悲痛中，令人同情。,0
2025/3/24 12:34,禽兽不如,1
2025/3/24 12:34,啥时候直播带货,0
2025/3/24 12:34,把罪犯的照片放出来啊？这会儿怎么只放受害者？还不打码？,1
2025/3/24 12:34,杀人偿命,1
2025/3/24 12:34,气愤,1
2025/3/24 12:35,虎毒还不食子,1
2025/3/24 12:35,我说你老婆是这样的人，孩子就不该给她,1
2025/3/24 12:35,南無阿彌陀佛??????,0
2025/3/24 12:35,畜生 俩偿命,1
2025/3/24 12:35,为什么给凶手打码？？？？？,1
2025/3/24 12:35,这样的母亲孩子为什么给她了？[感谢][感谢][感谢],1
2025/3/24 12:35,可怜的孩子，怎么能经受这种折磨，我们每个人都有对未成年人关爱的心，发现不对报警。,0
2025/3/24 12:36,严惩！绝对不能放过嫌犯！,0
2025/3/24 12:36,有时候确实不懂，你不爱孩子为什么要争这个抚养权呢？就为了让对方难受吗？,1
2025/3/24 12:36,就是就是,0
2025/3/24 12:36,孩子的父亲不知道自己的前妻是啥样的人吗？还把孩子交给他养！,1
2025/3/24 12:36,严惩凶手,1
2025/3/24 12:36,讨厌,1
2025/3/24 12:37,你们为啥生他？你们开心就生一个孩子？那是动物不是人[抠鼻],1
2025/3/24 12:37,女的想让男方一直供养她呗，所以要抚养权，在女方眼里，孩子成了工具。,1
2025/3/24 12:37,离婚了，孩子在妈妈那里什么状态不知道？不敢相信,1
2025/3/24 12:37,简直就是禽兽啊,1
2025/3/24 12:37,好可怕啊为什么要这样对一个孩子,0
2025/3/24 12:37,不爱孩子，离婚的时候为什么非得要孩子呢,1
2025/3/24 12:37,垃圾人应该呆在垃圾桶里,1
2025/3/24 12:37,他们犯的是故意杀人罪，凶手必须执行死刑。,1
2025/3/24 12:37,看着心里难受，自己的孩子怎么下去的手,1
2025/3/24 12:38,毒妇把小孩当成物品了,1
2025/3/24 12:38,[发怒][发怒][发怒][发怒][发怒][发怒][发怒][发怒][发怒][发怒][发怒],1
2025/3/24 12:38,就是就是,0
2025/3/24 12:38,严惩凶手，一点都不能看这样的新闻！太心痛,0
2025/3/24 12:38,“殴打致死”？！真狠心啊,1
2025/3/24 12:39,兄弟血性拿出来。,1
2025/3/24 12:39,前面是生父骗走孩子，然后和后妈虐待至s。如今尽然有亲妈把孩子……,1
2025/3/24 12:39,“天生就有爱人的能力”,0
2025/3/24 12:39,我坚决不信没有此一说，如果是真的坚决判刑,1
2025/3/24 12:39,你这人什么意思啊,1
2025/3/24 12:39,这女人真歹毒连自己亲生儿子都下的了重手，可怜的娃，严惩这对黑心狗男女。这个亲生父亲也是很不付责任的，离婚了把儿子扔给女的，小孩成了你们两个离婚的牺牲品,1
2025/3/24 12:39,就是就是,0
2025/3/24 12:40,溜溜溜,0
2025/3/24 12:40,这心里绝对扭曲了[捂脸][捂脸][捂脸],1
2025/3/24 12:40,只能说坏人不分性别,0
2025/3/24 12:40,这母亲也太恶毒了吧，十月怀胎呀，怀个孩子多不容易啊。怎么那么狠心啊。,1
2025/3/24 12:40,可怜的孩子,0
2025/3/24 12:40,立即枪毙！,1
2025/3/24 12:41,我儿子就这么大，真不敢想象。这么可爱的阶段,0
2025/3/24 12:41,[流泪][流泪][流泪],0
2025/3/24 12:41,嗯呢嗯啊,0
2025/3/24 12:41,反问一句，当初你为什么不把孩子留下，作为一个大男人，再怎么样，孩子必须跟你,1
2025/3/24 12:41,太狠心了，建议判死刑,1
2025/3/24 12:41,[感谢][感谢][感谢],0
2025/3/24 12:41,这种人配做父母吗,1
2025/3/24 12:41,可怜,0
2025/3/24 12:41,亲妈也这么可怕,1
2025/3/24 12:41,不要孩子的，别和爱孩子的一方争，不得好死两个绝户的。,1
2025/3/24 12:41,死刑支持,1
2025/3/24 12:42,狠毒婆娘。,1
2025/3/24 12:42,[感谢][感谢][感谢],0
2025/3/24 12:42,离婚了孩子一定要跟着爸爸,1
2025/3/24 12:42,死刑，千万不要缓,1
2025/3/24 12:42,这小孩子也太惨了让我想到以前把孩子从楼上扔下去的案子,1
2025/3/24 12:43,按照微博“s男宝”的套路，女人们不是应该普天同庆么,1
2025/3/24 12:43,可怜的小孩，希望受到法律的制裁,1
2025/3/24 12:43,看不了这种新闻……难过,0
2025/3/24 12:43,太恐怖了 吓人[流泪][流泪][流泪],0
2025/3/24 12:43,可怜的孩子，可伶的爸爸，虎毒不食子，狠毒的女人不配为人母，希望判它们最重的刑,1
2025/3/24 12:43,大哥，你早做撒？你那蛇蝎前妻人品一点都不了解？但凡有点了解也不至于把孩子交给她和她的姘头扶养，不惜一切代价把孩子抚养权抢回来自己带，上班时候交给爷爷奶奶带啊！,1
2025/3/24 12:43,性别一换，微博瘫痪。受害者换成父亲，就没人看了,1
2025/3/24 12:44,这是什么样的妈妈自己身上掉下的肉，那么狠心可怜的孩子[流泪][流泪][流泪],1
2025/3/24 12:44,看了报道，他妈妈的新男友反复殴打多次，明摆着是奔着打死去的……这是故意杀人,1
2025/3/24 12:44,是啊，好可怜的宝宝，必须判死刑，这亲妈怎么下得去手的，我一个外人看着都泪流满面……这爸爸???多心痛??,0
2025/3/24 12:44,有孩子的父母根本看不了一点，太容易代入了,0
2025/3/24 12:44,死刑。[流泪][流泪][流泪],1
2025/3/24 12:44,女权忽然沉默了,0
2025/3/24 12:44,说句实话哈：一旦离异带着娃，那找不到真正面善心善情绪稳定的人，就别谈别再结婚，先独自抚养孩子再说。上床那点事，比不上爱孩子重要,0
2025/3/24 12:45,居然还是幼儿园老师,1
2025/3/24 12:45,必须死刑[发怒][发怒][发怒],1
2025/3/24 12:45,这还审什么呀，浪费时间，直接两个人全都枪毙,1
2025/3/24 12:45,小孩子，怎么下的了手啊，心太坏啊……,1
2025/3/24 12:45,[感谢][感谢][感谢],0
2025/3/24 12:45,如果这件事是真的话，那必须要重判，按故意杀人顶格判,1
2025/3/24 12:45,物欲横流情感变异，丧天良的事件已不是不可思议,1
2025/3/24 12:45,现在真有狠心的妈妈啊,1
2025/3/24 12:46,真是悲剧。,0
2025/3/24 12:46,恶魔在人间,1
2025/3/24 12:46,说话不经过思考吗,1
2025/3/24 12:46,让他下去吧,1
2025/3/24 12:46,有孩子的看不得,1
2025/3/24 12:46,[打脸][打脸][打脸][打脸][打脸],1
2025/3/24 12:46,所以离婚孩子扶养权归男方，因为孩子是根，会好好养大的,0
2025/3/24 12:46,那个是最绝望的吧,1
2025/3/24 12:47,我还以为是黄梓澈那个事情，居然是别的案子，怎么悲剧还在一直重演，虐童都应该重判，不要只等孩子没了才处理,0
2025/3/24 12:47,感觉这老太在说谎，什么东西养什么东西。她的女儿那么心狠手辣这老太多没她说的那么疼小男孩，多半是在道貌岸借机会然替她畜牲女儿洗脱罪孽。别被孩子姥姥骗了！,1
2025/3/24 12:47,极刑,1
2025/3/24 12:47,枪毙,1
2025/3/24 12:47,这个渣妈离婚一个月就有奸夫一起害孩子，可见有多恶毒,1
2025/3/24 12:47,没说的判死刑，虎毒还不食子呢。最毒妇人心连亲儿子都放不过，两口子离婚孩子跟父亲全是亲人，跟母亲全是仇人,1
2025/3/24 12:47,那你在哪，你这样说，身为孩子父亲出了这样的事你难道没有责任,1
2025/3/24 12:47,太气人了，虎毒不食子,1
2025/3/24 12:48,所以当初为什么离婚？如果一个母亲特别恨孩子其实是恨父亲,1
2025/3/24 12:48,什么时候回来？当初抱别的女人去了，，，,1
2025/3/24 12:48,可怜的孩子，可伶的爸爸，虎毒不食子，狠毒的女人不配为人母，希望判它们最重的刑！,1
2025/3/24 12:48,孩子太可怜了,0
2025/3/24 12:48,小孩子好可怜，看到他说以前孩子玩玩具的画面好心酸,0
2025/3/24 12:48,故意杀人，判死刑，凌迟,1
2025/3/24 12:49,为什么会有这么狠毒的妈妈,1
2025/3/24 12:49,气死了真的,1
2025/3/24 12:49,cs不如的东西,1
2025/3/24 12:49,好惨才五岁啊没点进来我以为是什么竟然被生母杀害了,1
2025/3/24 12:49,杀人偿命，天经地义,1
2025/3/24 12:50,死死死死死死死,1
2025/3/24 12:50,必须枪毙,1
2025/3/24 12:50,想起那个亲生爸爸把一个儿子一个女儿扔出窗外的 太狠心了,1
2025/3/24 12:50,所以说不是每个女人，都配得上母亲这二字,1
2025/3/24 12:50,可怕就是明明不喜欢孩子却一定要抢孩子抚养权,1
2025/3/24 12:50,必须死刑，太惨,1
2025/3/24 12:50,天呀。我自己生的孩子。我心疼不得了。怎么可以为了外面的男人打自己孩子。这真的是无知的女人啊,1
2025/3/24 12:50,虎毒不食子，不配为人母，一定要判它们死刑！,1
2025/3/24 12:50,家长才是孩子被打的主要原因,1
2025/3/24 12:51,天天想儿子就把他枪毙了，完成他的心愿天上团聚。,1
2025/3/24 12:51,这个妈妈心狠,1
2025/3/24 12:51,是妈妈和现任男朋友打死的……,1
2025/3/24 12:51,作为父亲如果你经常去看孩子 可能就不会发生这样的事情,0
2025/3/24 12:51,畜生死刑吧,1
2025/3/24 12:51,咋这样,1
2025/3/24 12:52,必须死刑，必须死[发怒][发怒],1
2025/3/24 12:52,重判[感谢],0
2025/3/24 12:52,可怜的孩子，这个女人不配做母亲,1
2025/3/24 12:52,现在人不是他自己带的，不心疼,1
2025/3/24 12:52,为什么会有这样的亲妈，真的无法理解！！！,1
2025/3/24 12:52,太可怜了,0
2025/3/24 12:53,建议判决必须从重从快！这种不配为人的畜牲，那是自己身上掉下来的肉啊？孩子被打时肯定会喊妈妈，这个畜牲是怎么做到置之不理的，找了男人连自己的孩子都可以不管不顾，恶心！,1
2025/3/24 12:53,女拳出来说点话啊,1
2025/3/24 12:53,離婚1個月就已經有男朋友！？這2個都不是好人，判死刑吧！,1
2025/3/24 12:53,可怜的孩子[捂脸][捂脸][捂脸],0
2025/3/24 12:53,坏人太多了，好人又不团结,1
2025/3/24 12:53,看不懂,0
2025/3/24 12:53,男的不嘴上说说想孩子，大家怎么能放过他呢？男人嘛，演戏嘛，别认真。孩子都打死了，再不说想孩子，自己还不被骂死了,1
2025/3/24 12:53,判死刑[流泪][流泪],0
2025/3/24 12:53,孩子可怜,0
2025/3/24 12:54,6，在网页看了一个盗版的，再跑回vb看正版,0
2025/3/24 12:54,这对凶手简直毫无人性，令人发指,1
2025/3/24 12:54,五岁幼小的孩子，竟然如此悲剧，天打雷劈都不为奇,1
2025/3/24 12:54,以命抵命,1
2025/3/24 12:54,畜牲还不如,1
2025/3/24 12:54,真是世界之大无奇不有,0
2025/3/24 12:54,有必要开庭吗应该直接枪毙,1
2025/3/24 12:54,????????????????????,0
2025/3/24 12:54,不可思议，杀无赦,1
2025/3/24 12:54,必须严惩,1
2025/3/24 12:54,严惩不贷,1
2025/3/24 12:54,有些人不配为人父母,1
2025/3/24 12:54,太难平复了,0
2025/3/24 12:55,斩首示众,1
2025/3/24 12:55,这类事件让人痛心。#严惩凶手们#给失去的孩子一个公正。,0
2025/3/24 12:55,现在的人为了满足物质生活，疏忽了家教，,0
2025/3/24 12:55,有娃的人看不得这些，太悲惨了,0
2025/3/24 12:55,人面兽心魔性十足的尤物看起来不少。,1
2025/3/24 12:55,[感谢],0
2025/3/24 12:55,可怜的孩子[流泪]最毒妇人心？那是自己的孩子。。。[感谢][感谢][感谢],0
2025/3/24 12:55,跟父亲也未必好的了，漂亮话都会说，可是内蒙古那个男的不照样把亲生的二个孩子杀了，所以最好的做法是婚后不要孩子,1
2025/3/24 12:55,必须死刑,1
2025/3/24 12:55,可恶,1
2025/3/24 12:55,太残忍了,0
2025/3/24 12:55,父母离婚是孩子的灾难，可怜的孩子希望你在天堂快乐成长[流泪],0
2025/3/24 12:56,有些人离婚争孩子抚养权并不是为了孩子，而是用孩子惩罚对方,1
2025/3/24 12:56,幼儿园老师？,0
2025/3/24 12:56,一年多都不判,1
2025/3/24 12:56,[感谢][感谢][感谢],0
2025/3/24 12:56,这种事发生了好多次了，悲哀,0
2025/3/24 12:56,都是离婚惹的祸[炸弹][炸弹][炸弹]可怜的孩子[流泪][流泪][流泪],0
2025/3/24 12:57,地狱空荡荡，魔鬼在人间,1
2025/3/24 12:57,狗男女必须死！！！,1
2025/3/24 12:57,心酸啊，才5岁,0
2025/3/24 12:58,感谢分享！,0
2025/3/24 12:58,我终于知道巴雷特是用来干嘛得了,0
2025/3/24 12:58,人渣。必须死刑,1
2025/3/24 12:59,严惩,1
2025/3/24 12:59,不到万不得已这个婚是不能离的,0
2025/3/24 12:59,虎毒不食子。人比虎毒啊,1
2025/3/24 12:59,悲痛永远[流泪][流泪][流泪][流泪][流泪][流泪][流泪][流泪][流泪],0
2025/3/24 12:59,这种情况，我就纳闷了，怎么可能成为幼儿园老师呢？,0
2025/3/24 12:59,支持死刑,1
2025/3/24 12:59,张波叶诚尘已经烂地里了，那么这一对恶魔?,1
2025/3/24 13:00,向小宝宝向您,0
2025/3/24 13:00,[感谢][感谢][感谢],0
2025/3/24 13:00,真的请死刑,1
2025/3/24 13:00,"死刑
不配人母",1
2025/3/24 13:00,戾气太重了,1
2025/3/24 13:00,重庆姐弟坠楼案那俩死了，这俩也一样吧,1
2025/3/24 13:00,死刑，虎毒不食子,1
2025/3/24 13:01,我朋友就是离异重组家庭，说看见他媳妇的孩子都烦，我时常劝这货，将心比心，你疼人家孩子，人家就疼你孩子，你敢打人家孩子，人家肯定跟你没完。不能跟俺们这些原配家庭一样，我们这边有时候爸爸打着娃，妈妈还旁边递着拖把类。,1
2025/3/24 13:01,当爸的看不了这个,1
2025/3/24 13:01,????????????,0
2025/3/24 13:01,像这样的支持死刑,1
2025/3/24 13:01,无语,0
2025/3/24 13:02,田娜,0
2025/3/24 13:02,杀人偿命！！！！,1
2025/3/24 13:02,张波叶诚尘是后妈亲爹，这一对是后爹亲妈，下地狱不孤单。,1
2025/3/24 13:02,千刀万剐恶魔，好可怜的哇[流泪][流泪],1
2025/3/24 13:02,装当初咋不这样,1
2025/3/24 13:02,不是说世上只有妈妈好的吗？,0
2025/3/24 13:03,连自己的孩子都能杀害，这个世界上怎么会有这么残忍的人啊，孩子当时该多绝望啊,0
2025/3/24 13:03,这样的妈真不配为人，老天爷一定会狠狠的惩罚她的,1
2025/3/24 13:03,虎毒不食子，这是连畜生都不如,1
2025/3/24 13:03,必须死刑.立即执行审什么审,1
2025/3/24 13:03,怎么会有这样的妈？！下地狱吧,1
2025/3/24 13:04,唉～,0
2025/3/24 13:04,[感谢][感谢][感谢],0
2025/3/24 13:04,天呐太可怕了,0
2025/3/24 13:04,太坏太恶毒了，应该凌迟处死,1
2025/3/24 13:04,这种母亲留着做什么，简化流程直接死刑! 另外 古时候行刑前游街示众挺好的!,1
2025/3/24 13:04,亲生母亲打死自己5岁的孩子，真不敢相信这是人做的事吗,0
2025/3/24 13:05,????????????,0
2025/3/24 13:05,哎??,0
2025/3/24 13:05,两个都要判死刑，一个都不能放过,1
2025/3/24 13:05,怎么会有这么狠心的母亲,1
2025/3/24 13:05,很简单啊 重庆哪里不是有个亲生父亲和女友逼小孩跳楼嘛 一样的判法就好了啊,1
2025/3/24 13:05,所以婚前考虑清楚，可怜的孩子[流泪][流泪][流泪],0
2025/3/24 13:05,这样的人就不配做人,1
2025/3/24 13:06,打孩子父母大概分两种一种真想打死你一种不敢打死你因为死了自己也没了，结婚十几年后问老妈为什么老打我们她说有的还打死孩子呢，她不打死你把你打不死就好，小时候孩子就是她发泄的对象满口粗话想打就打，老了恶不起自能动动嘴皮因为还要靠孩子，活到老还是恶,1
2025/3/24 13:06,真是可恶的人啊他们！对自己的亲生儿子下毒手！,1
2025/3/24 13:06,死刑，不要犹豫，虎毒都不食子，畜生不如的人为啥要给悔过的机会,1
2025/3/24 13:06,鳄鱼的眼泪,0
2025/3/24 13:06,男孩子应该爸爸带着,0
2025/3/24 13:06,比起已经烂地里的张波叶诚尘，这一对更坏心理更扭曲,1
2025/3/24 13:06,真是不配为人母,1
2025/3/24 13:06,想他赶紧下去陪他吧,1
2025/3/24 13:06,现在说这些！！,1
2025/3/24 13:06,判死刑,1
2025/3/24 13:07,判俩个人死刑,1
2025/3/24 13:07,如果是真的，那就两个都判处死刑，这样判决是积德,1
2025/3/24 13:07,好恶毒啊,1
2025/3/24 13:07,这个人也有,0
2025/3/24 13:07,这女的还开设赌场,1
2025/3/24 13:07,直接死刑，要什么赔偿啊,1
2025/3/24 13:08,死刑,1
2025/3/24 13:08,孩子妈妈和他男朋友是想让孩子早点睡，这样他们才可以进行亲热，孩子不睡，影响到了他们，所以他们就心存恨念，所以把所有的欲望化成力量，最终活活把孩子打死,1
2025/3/24 13:08,判死刑,1
2025/3/24 13:09,杀人尝命！,1
2025/3/24 13:09,严罚 虎毒还不食子呢,1
2025/3/24 13:09,冠姓权的威力在于捆绑父亲，要求财产。明明是女方作恶，心碎的却是这名父亲。如果他是个不负责的男人，他本可不必那么痛苦,1
2025/3/24 13:09,一个孩子怎么能这么残忍,1
2025/3/24 13:09,有的人就不是人,1
2025/3/24 13:10,真的看不了这种新闻，有些父母就是魔鬼，如果没想好承担应该承担的责任就别带孩子来世上，做个防护措施没那么麻烦！希望这个孩子在天国快乐无忧,1
2025/3/24 13:10,自己身上掉下来的肉！怎么舍得！,0
2025/3/24 13:10,虐杀儿童必须凌迟，没啥好说的,1
2025/3/24 13:10,现在的离婚儿子，好多男方叫儿子去女方家要钱，,1
2025/3/24 13:10,这事对姥姥来说，太残忍了，一手带大的外孙啊,0
2025/3/24 13:10,枪毙,1
2025/3/24 13:10,畜牲,1
2025/3/24 13:10,对老人来说太心疼了,0
2025/3/24 13:10,残忍,1
2025/3/24 13:10,太心疼了，离婚对我们来说是种解脱，对孩子太[泣不成声],0
2025/3/24 13:11,[感谢][感谢][感谢],0
2025/3/24 13:11,前有重庆男子为讨好情人将儿女扔下楼，现有山东女子伙同男友虐待致死儿子，真扭曲[绝望的凝视],1
2025/3/24 13:11,不可能没人听到,0
2025/3/24 13:11,[感谢],0
2025/3/24 13:11,这个当妈的是疯子吗？自己生养的小孩啊～娃娃该多绝望，自己最爱的妈妈啊,1
2025/3/24 13:11,能不能判个死刑啊,1
2025/3/24 13:11,别的妈妈都是很爱很爱自己孩子的，她怎么做到如此狠心[泣不成声],1
2025/3/24 13:12,#男童被打死案父亲说天天想儿子# 孩子可怜,0
2025/3/24 13:12,孩子真可怜,0
2025/3/24 13:12,这个女人也是，你不想养儿子可以给你前夫，也不能和你新男友一起把你儿子害死！唉…你两个都判死刑吧！,1
2025/3/24 13:12,[感谢][感谢][感谢][感谢][感谢][感谢],0
2025/3/24 13:12,不想要就放手呗，不想要还抢孩子，这样的人心理扭曲，想通过孩子报复生父,1
2025/3/24 13:12,[感谢][感谢],0
2025/3/24 13:13,严惩生母,1
2025/3/24 13:13,叶尘城这么多[看][看][看]一定判死刑，立刻执行，以绝后患,1
2025/3/24 13:13,悲剧,0
2025/3/24 13:13,可恶啊,1
2025/3/24 13:13,双双出轨的已婚狗男女 还虐杀孩童 丧心病狂都不够形容这种人??,1
2025/3/24 13:13,天下那有这样事？亲生母竞然打死亲生儿？,1
2025/3/24 13:13,孩子太可怜了,0
2025/3/24 13:13,一辈子都在良心的谴责下生活。,1
2025/3/24 13:14,亲生父母为了取悦男女朋友，把自己孩子害死的，真是人间极品啊，自己的娃，怎么下去手。,1
2025/3/24 13:14,枪毙,1
2025/3/24 13:14,残忍,1
2025/3/24 13:14,[感谢][感谢][感谢],0
2025/3/24 13:14,可怜的孩子,0
2025/3/24 13:15,无论男女，可以不爱，但请别伤害！,0
2025/3/24 13:15,怎么回事？还有母亲这么狠毒吗？[捂脸][捂脸],1
2025/3/24 13:15,同呼吁严惩。感觉这爹博同情的概率很高。,1
2025/3/24 13:15,生母及男友应该被严惩,1
2025/3/24 13:15,死刑立即执行,1
2025/3/24 13:16,算了吧，人家是女的。,1
2025/3/24 13:16,什么狗女人 谁敢动我孩子我弄死谁 我老公打我儿子都不行 还别说外人,1
2025/3/24 13:16,蛇蝎心肠的女人千刀万剐,1
2025/3/24 13:16,活活打死人还不是死刑还有余地啊,1
2025/3/24 13:16,可伶的孩子,0
2025/3/24 13:17,立即执行死刑。,1
2025/3/24 13:17,这太可怕了吧,0
2025/3/24 13:17,死刑,1
2025/3/24 13:17,虐待是什么心理[疑问] 不听话生气打几下可以理解。 下毒手那是有病不是人,1
2025/3/24 13:18,上次那对要结婚把两个孩子扔下来的狗男女是死刑，这次为了操比弄死孩子的两个狗男女也死刑了吧。,1
2025/3/24 13:18,如果是我 我会亲手把他们两人杀了,1
2025/3/24 13:18,都死吧 不配为人,1
2025/3/24 13:18,无论男女  虐童就该死,1
2025/3/24 13:18,[感谢][感谢][感谢][感谢][感谢][感谢][感谢][感谢][感谢][感谢][感谢]大吉大利大吉大利[感谢][感谢][感谢][感谢][感谢][感谢][感谢][感谢][感谢][感谢][感谢][感谢][感谢][感谢][感谢][感谢][感谢][感谢][感谢][感谢],0
2025/3/24 13:19,杀人偿命！狗男女都该死！,1
2025/3/24 13:19,枪毙,1
2025/3/24 13:19,我小时候被伯父伯母双打[流泪]我妈也只有流泪什么都做不了。,0
2025/3/24 13:19,鳄鱼的眼泪,0
2025/3/24 13:20,虎毒不食子，真是最毒妇人心啊！,1
2025/3/24 13:20,[一起加油][一起加油][一起加油],0
2025/3/24 13:20,杀人偿命！狗男女都该死,1
2025/3/24 13:20,TMD,1
2025/3/24 13:21,啊啊啊啊啊啊啊女性天生爱人能力呢,1
2025/3/24 13:21,直接死刑呀,1
2025/3/24 13:21,那他妈妈该有多很吧,1
2025/3/24 13:22,重判,1
2025/3/24 13:22,孩子没有错，错都是你双方父母有错，过日子就不能双方包容吗？,0
2025/3/24 13:23,渣滓,1
2025/3/24 13:23,虎毒不食子啊愿天堂没有痛苦[感谢][感谢][感谢][感谢],0
2025/3/24 13:23,[流泪][流泪][流泪][流泪][感谢][感谢][感谢],0
2025/3/24 13:23,??????南无大愿地藏王菩萨??????,0
2025/3/24 13:23,啊啊啊啊啊啊啊女性天生爱人能力呢,1
2025/3/24 13:23,这种真是死变态了，赶紧枪毙吧。正常妈妈连孩子哭声都听不得,1
2025/3/24 13:23,畜牲??????,1
2025/3/24 13:23,妈的，这种人还留着过年？ ？,1
2025/3/24 13:23,不合格的父母,1
2025/3/24 13:23,[流泪][流泪][流泪][流泪],0
2025/3/24 13:23,啊？,0
2025/3/24 13:24,严惩恶魔[感谢][感谢][感谢],1
2025/3/24 13:24,希望国家可以大力度的管一管虐童，孩子是祖国未来的花朵，要保护，而不是摧残！,0
2025/3/24 13:24,好心痛，自己生的儿子，可以拿命去换怎么舍得打死？必须重判[发怒],1
2025/3/24 13:24,为什么赞不了？,0
2025/3/24 13:24,这种女人该死。,1
2025/3/24 13:25,2025年3月24日悲劇？悲劇啊！,0
2025/3/24 13:25,我前夫也是离婚时争抚养权，不爱，偏又要，为的让我痛苦，争到又不管不顾，把我儿子养废了[捂脸],1
2025/3/24 13:25,鼻子酸酸的??,0
2025/3/24 13:26,这个也是婚内出轨杀子，比照一下重庆案呗,1
2025/3/24 13:26,怎么能这么狠呢,1
2025/3/24 13:26,看到孩子脸上的伤，真的很心疼，亲妈啊  怎么能这么狠的 ，我家的不听话屁股给一巴掌，看娃哭都后悔了，他那么小懂啥啊,0
2025/3/24 13:26,黄梓撤是后妈，亲爸把孩子活活折磨死的。这个是亲妈。这么毒,1
2025/3/24 13:26,都说日本人没良心，看来还是国人有良心哪，给国人点赞[笑哭],1
2025/3/24 13:26,你做爸爸的干嘛去了？,1
2025/3/24 13:26,离婚对孩子有很大影响,0
2025/3/24 13:26,必须枪毙这对狗男女,1
2025/3/24 13:27,不配为人母！！！求重判！！！,1
2025/3/24 13:27,神经病，我说你神经病,1
2025/3/24 13:27,不管我老公怎么欺负我！我都要为了孩子留下，我不允许我的孩子被任何人欺负,0
2025/3/24 13:27,[感谢][感谢][感谢],0
2025/3/24 13:27,虎毒不食子啊，怎么能下去手啊，虽然给孩子打马赛克了，但是能看出孩子很可爱，多耐人啊，怎么这么残忍[发怒],1
2025/3/24 13:27,最毒妇人心，有什么办法。,1
2025/3/24 13:27,赶快死刑他妈的,1
2025/3/24 13:27,给孩子赔命去吧,1
2025/3/24 13:27,让这两个畜生怎么死？,1
2025/3/24 13:28,[感谢][感谢][感谢],0
2025/3/24 13:28,造孽,1
2025/3/24 13:29,不想养，为什么争夺抚养权啊支持重判,1
2025/3/24 13:29,支持,0
2025/3/24 13:30,可怜的孩子呀谁能保护你,0
2025/3/24 13:30,必须死刑，杀人偿命,1
2025/3/24 13:30,谁能想到杀害孩子的竟然是孩子的生母，还有什么可相信的，立即执行，,1
2025/3/24 13:31,太狠了吧！不愿意养可以送给孩子爸爸，怎么能下狠心致死啊！太恨人了！严惩！,1
2025/3/24 13:31,没有一命抵一命吗,1
2025/3/24 13:31,哎,0
2025/3/24 13:31,这对狗男女必须死,1
2025/3/24 13:31,怎么老有这样的事情发生呢，没人管管，生孩子就随便生的,1
2025/3/24 13:32,标题把凶手带上好么？不知道的还以为这个爸爸动手的呢。,1
2025/3/24 13:32,啊啊啊啊啊啊啊啊啊就是呀这生母太恶毒了，女性天生爱人能力呢,1
2025/3/24 13:32,枪毙一万次,1
2025/3/24 13:32,一个鲜活的小生命，仅仅因为大人荒唐的管教理由，就惨遭毒手。亲生母亲的冷漠旁观，男友的残暴殴打，让这个5岁的孩子承受了难以想象的痛苦。孩子在遭受折磨时，是否无数次期盼着父亲能出现救他于水火？而父亲却对此一无所知，如今只能在悔恨中反复煎熬。#男童被打死案父亲说天天想儿子#...全文,0
2025/3/24 13:32,不配为人！判死刑吧！可怜了孩子,1
2025/3/24 13:32,杀人就该偿命，没有任何理由驳回！,1
2025/3/24 13:33,怎么下的去手 他还那么小建议参与者判死刑 不配为人,1
2025/3/24 13:33,虎毒还不食子呢，这女的当妈太失败了，希望孩子在天之灵好好的，下辈子别再受罪了[感谢][比心],1
2025/3/24 13:33,我一个人带一双儿女，孩子就是我的命,0
2025/3/24 13:34,为什么会有这么恶毒的女人，连自己的亲生孩子都不放过。,1
2025/3/24 13:34,[感谢][感谢],0
2025/3/24 13:34,我无能，我只能为惨死的幼童落泪,0
2025/3/24 13:34,#男童被打死案父亲说天天想儿子# 【#男童被打死案生父说离婚后前妻不准他见儿子#】3月25日，威海5岁男童被生母及男友殴打致死案将在威海中院开庭审理。  小郑和父亲都会去参加庭审，二人的诉求一致：“只想让法院重判他们两个，杀人偿命。”小郑说，如果在法庭上能...全文,0
2025/3/24 13:34,不喜欢孩子为啥当时要呢？？不了解这样的人的想法,1
2025/3/24 13:34,天啦，请问这位母亲你生孩子不遭罪吗？抚养一个孩子长大太不容易了，真的是蠢,1
2025/3/24 13:35,虎毒尚且不食子,0
2025/3/24 13:35,@[赞][赞][赞][抱拳][抱拳][抱拳][抱拳][抱拳][感谢][感谢][感谢][感谢][感谢][感谢],0
2025/3/24 13:35,脑子有问题,1
2025/3/24 13:35,[666][666][666][666][666][666][666][666][666][666][666],0
2025/3/24 13:36,孩子的声音会在你脑中回荡一生 这是你作为父亲 失职的惩罚 而那个女人 将拿它的命来赎罪[发怒][发怒],1
2025/3/24 13:36,孩子不在了，打视频有啥用，孩子在自己不养， 给妻子,1
2025/3/24 13:36,不是所有人都是人   这就是人性。,1
2025/3/24 13:36,#男童被打死案父亲说天天想儿子#,0
2025/3/24 13:36,重判，重判，一定要重判,1
2025/3/24 13:36,判死刑…那是鲜活的生命！,0
2025/3/24 13:36,[感谢][感谢][感谢][感谢][感谢][感谢][感谢][感谢][感谢][感谢][感谢],0
2025/3/24 13:37,[感谢][感谢][感谢][感谢][感谢][感谢][感谢][感谢][感谢],0
2025/3/24 13:37,和重庆毒夫妻一样 必须死[捂脸],1
2025/3/24 13:37,谁能想到杀害孩子的竟然是孩子的生母，还有什么可相信的，立即执行，Translate,1
2025/3/24 13:38,人形魔鬼而已,1
2025/3/24 13:38,[玫瑰][玫瑰][玫瑰],0
2025/3/24 13:38,上帝也不会原谅他这种坏蛋的,1
2025/3/24 13:38,那有这样的妈妈，对自己的孩子太很了，怎么能下的了手的,1
2025/3/24 13:38,[感谢],0
2025/3/24 13:38,[尬笑][尬笑]严惩不贷，开庭了吗？,0
2025/3/24 13:39,必须死刑,1
2025/3/24 13:39,[感谢][感谢][感谢],0
2025/3/24 13:40,[玫瑰][玫瑰][玫瑰],0
2025/3/24 13:40,建议孽待孩子的都不要审了，直接死刑立即执行[发怒][发怒][发怒][发怒][发怒][发怒],1
2025/3/24 13:40,希望这对狗男女杀人偿命,1
2025/3/24 13:41,啥子人啊，都说虎毒不食子，自己亲生的，怎么下的去手啊？,1
2025/3/24 13:41,[感谢][感谢][感谢][感谢],0
2025/3/24 13:42,@Ha?an?? 我滴老天，真有这么狠心的妈妈吗,0
2025/3/24 13:42,虎毒不食子[感谢],0
2025/3/24 13:43,[发怒][发怒][发怒],1
2025/3/24 13:43,[流泪][流泪][流泪],0
2025/3/24 13:43,[感谢][感谢][感谢],0
2025/3/24 13:45,[感谢][感谢][感谢],0
2025/3/24 13:46,毒妇不配当母亲[炸弹][炸弹][炸弹],1
2025/3/24 13:46,谁能想得到，亲妈杀得呢，多么狠啊,1
2025/3/24 13:46,[感谢][感谢][感谢][感谢][感谢][感谢],0
2025/3/24 13:47,严惩那两个恶魔，他们连做人都不配,1
2025/3/24 13:47,[感谢][感谢][感谢],0
2025/3/24 13:47,[玫瑰][玫瑰][玫瑰][玫瑰],0
2025/3/24 13:48,为什么你不要，我离婚二个儿子一个女儿，难得一分钱都没有上班熬夜，养三个孩子,1
2025/3/24 13:48,唉[感谢][感谢][感谢][感谢][感谢][感谢],0
2025/3/24 13:48,[感谢][感谢][感谢],0
2025/3/24 13:48,千刀万剐了这两个畜牲！,1
2025/3/24 13:49,[感谢][感谢][感谢][感谢][感谢][感谢][感谢][感谢][感谢][感谢][感谢]大吉大利大吉大利[感谢][感谢][感谢][感谢][感谢][感谢][感谢][感谢][感谢][感谢][感谢][感谢][感谢][感谢][感谢][感谢][感谢][感谢][感谢][感谢],0
2025/3/24 13:49,[感谢][感谢][感谢][感谢][感谢][感谢][感谢],0
2025/3/24 13:50,唉,0
2025/3/24 13:50,[感谢][感谢][感谢]可怜的孩子,0
2025/3/24 13:50,必须死赔命,1
2025/3/24 13:50,残酷冷血狗男女，严惩不贷,1
2025/3/24 13:51,[感谢][感谢][感谢][感谢][感谢][感谢][感谢][感谢],0
2025/3/24 13:51,什么人都有现在的人哎[流泪],0
2025/3/24 13:52,@[感谢][感谢][感谢][感谢][感谢][感谢][感谢][感谢][感谢][感谢],0
2025/3/24 13:52,[感谢],0
2025/3/24 13:53,这妈心里绝对表态,1
2025/3/24 13:53,[流泪][流泪][流泪]被活活打死,1
2025/3/24 13:54,又一个！,1
2025/3/24 13:55,[流泪][流泪][流泪][流泪],0
2025/3/24 13:55,单亲家庭长大，我就不会让孩子和我一样长大[流泪],0
2025/3/24 13:55,我骂我儿子一顿我都能自责三天，天哪！这是人嘛！！！,1
2025/3/24 13:57,我真的想象不到一个妈妈会这样做，这样对自己亲生的孩子，同为母亲的我，无法理解，希望孩子下辈子投胎个好人家[流泪][流泪]，可惜啦这么可爱的孩子，安息,0
2025/3/24 13:57,不只是她妈的责任！他们一家子，肯定幸灾乐祸出了口气比孩子的失去要强烈,1
2025/3/24 13:58,禽兽不如，必须死刑,1
2025/3/24 13:59,不喜欢孩子可以给了他的爸爸，为何不能放孩子一条生路……痛心无以言表[流泪][流泪][流泪],0
2025/3/24 13:59,看的我泪目了，严惩凶手、不能放过它们,1
2025/3/24 13:59,太可怜了[流泪],0
2025/3/24 14:00,[感谢][感谢][感谢],0
2025/3/24 14:00,狗男女[发怒][发怒][发怒][发怒][发怒]畜牲,1
2025/3/24 14:01,[流泪][看][流泪][抠鼻][酷拽][发呆][色],0
2025/3/24 14:02,世上少有恶魔母亲[感谢][感谢][感谢],0
2025/3/24 14:02,说那种，离婚一定要跟母亲的，不出声了吗,1
2025/3/24 14:02,你就一点责任没有嘛,1
2025/3/24 14:04,[感谢],0
2025/3/24 14:04,[流泪][流泪][流泪]这母亲真是绝了,1
2025/3/24 14:05,宝子们不要问啦！这个是pke洗发水哦,0
2025/3/24 14:05,我老婆脑溢血走了！我有个儿子二年级找个女的就是嫌弃我儿子！无理由让她走人[流泪],1
2025/3/24 14:05,要了血命了，就是个生畜也不舍地打死呀。何况自己养地为什么呀？要多很地心[流泪][流泪][流泪][流泪][流泪]。,1
2025/3/24 14:05,[流泪][流泪][流泪],0
2025/3/24 14:06,枪毙 立即枪毙,1
2025/3/24 14:06,孩子死了，才说，你不想要孩子给你，当初为啥你不争取孩子抚养权呢？[流泪]，这种殴打孩子的，必须死刑,1
2025/3/24 14:06,[感谢][感谢][感谢],0
2025/3/24 14:06,@[感谢][感谢][感谢],0
2025/3/24 14:07,[流泪][流泪][流泪],0
2025/3/24 14:08,好很心呀。这种人活以后会死多少人[发怒][发怒][发怒][发怒],1
2025/3/24 14:08,[感谢][感谢][感谢],0
2025/3/24 14:09,[感谢][感谢][感谢][感谢][感谢][感谢][感谢][感谢][感谢][感谢][感谢]大吉大利大吉大利[感谢][感谢][感谢][感谢][感谢][感谢][感谢][感谢][感谢][感谢][感谢][感谢][感谢][感谢][感谢][感谢][感谢][感谢][感谢][感谢],0
2025/3/24 14:09,畜牲也比你好,1
2025/3/24 14:09,[流泪][流泪][流泪][流泪]希望判死刑,1
2025/3/24 14:09,还不如后妈,1
2025/3/24 14:09,可怜的孩子，[流泪],0
2025/3/24 14:10,直接把杀人犯枪毙了,1
2025/3/24 14:10,去年的事情吗 一年还没结果,1
2025/3/24 14:10,[流泪][流泪][流泪],0
2025/3/24 14:10,死刑,1
2025/3/24 14:11,[感谢][感谢][感谢][感谢][感谢],0
2025/3/24 14:11,大概率不会死刑,0
2025/3/24 14:12,[流泪][流泪][流泪],0
2025/3/24 14:12,枪毙了都不解恨[发怒][发怒][发怒],1
2025/3/24 14:12,离婚咋没争取孩子的监护权呢,0
2025/3/24 14:12,必须死刑[撇嘴][酷拽][酷拽],1
2025/3/24 14:12,自己的孩子不心疼么,0
2025/3/24 14:12,[流泪][流泪],0
2025/3/24 14:12,太狠了！自己的亲儿子[流泪][流泪][流泪],1
2025/3/24 14:13,自己生下来怎么可能会舍得打,0
2025/3/24 14:13,@[流泪][流泪][流泪][流泪][流泪][流泪],0
2025/3/24 14:14,好残忍[流泪][流泪],0
2025/3/24 14:14,这妈妈喜欢只有男的根本不管孩子感觉太碍事想要害死他,1
2025/3/24 14:15,[流泪][流泪],0
2025/3/24 14:15,这两个孩子的家长必须判处死刑。[流泪][流泪][流泪],1
2025/3/24 14:15,离婚最难得就是孩子，太可怜了孩子,0
2025/3/24 14:16,孙子没了！让他们好过？,1
2025/3/24 14:17,[感谢][感谢],0
2025/3/24 14:17,我的天哪，我家孩子是我的命，难以想象怎么还有这样的妈，孩子太可怜了，必须让亲妈陪着，支持死刑,1
2025/3/24 14:17,死刑,1
2025/3/24 14:17,[感谢][感谢][感谢],0
2025/3/24 14:17,我养的小狗都舍不得打一下,0
2025/3/24 14:17,后妈和后爸的行为？,1
2025/3/24 14:18,禽兽,1
2025/3/24 14:18,为啥不让看，不理解,0
2025/3/24 14:19,必须枪毙，影响恶劣。,1
2025/3/24 14:19,这种案子一直在发生,0
2025/3/24 14:19,故意杀人！,1
2025/3/24 14:19,快告诉我她有精神病，要不然让我咋相信亲生母亲和外人合伙杀自己孩子,1
2025/3/24 14:20,看不了这个呀，,0
2025/3/24 14:20,家庭不和睦，不要轻易要孩子，离婚后被伤害的是孩子，可怜的孩子。[流泪][流泪][流泪][流泪][流泪],0
2025/3/24 14:20,这听了心在滴血,0
2025/3/24 14:21,[感谢][感谢][感谢][感谢][感谢][感谢],0
2025/3/24 14:21,[感谢][感谢][感谢],0
2025/3/24 14:21,严惩凶手,1
2025/3/24 14:21,死刑！,1
2025/3/24 14:22,什么时候的事情,0
2025/3/24 14:22,可怜的孩子[感谢][感谢],0
2025/3/24 14:22,[感谢],0
2025/3/24 14:22,必须死刑,1
2025/3/24 14:22,[玫瑰][玫瑰],0
2025/3/24 14:23,希望明天法院给孩子爸爸爷爷一个好的答复,0
2025/3/24 14:23,宝子们不要问啦！这个是pke洗发水哦,0
2025/3/24 14:23,立即执行死刑两人,1
2025/3/24 14:24,宝子们不要问啦！这个是pke洗发水哦,0
2025/3/24 14:24,如果是事实，禽兽不如，死刑是必须的！,1
2025/3/24 14:24,天呐好残忍[流泪]孩子是做母亲的心头肉，怎么到你这做母亲的怎么下的了手[发怒],1
2025/3/24 14:24,必须死刑,1
2025/3/24 14:25,[感谢][感谢][感谢],0
2025/3/24 14:26,必须凌迟,1
2025/3/24 14:26,难受的不行[泣不成声]小朋友太可怜了[流泪],0
2025/3/24 14:26,[感谢][感谢][感谢],0
2025/3/24 14:27,5岁啊[流泪][流泪][流泪]虎毒不食子啊,0
2025/3/24 14:27,离婚孩子倒霉，你咋的没想到，都不想要而已,1
2025/3/24 14:27,[感谢][感谢][感谢][玫瑰][玫瑰][玫瑰],0
2025/3/24 14:27,割谁的肉谁疼呀,1
2025/3/24 14:28,[感谢][感谢][感谢],0
2025/3/24 14:28,宝子们不要问啦！这个是pke洗发水哦,0
2025/3/24 14:28,[发怒][发怒][发怒][发怒][发怒][发怒][发怒][发怒][发怒][发怒][发怒][发怒][发怒][发怒][发怒][发怒],1
2025/3/24 14:28,我儿子五岁，暑假被他爸带走了，被他爸找到那个女的拿到砍了两刀[流泪],0
2025/3/24 14:29,怎么会有这样的女人??[发怒]，假如用我的命换孩子的一切！我会好不犹豫的去接受！,1
2025/3/24 14:29,好奇她俩长啥模样！那么狠心,1
2025/3/24 14:29,两人死刑,1
2025/3/24 14:29,事不说好家人不安,1
2025/3/24 14:30,做父母的看不得这样的事[流泪][流泪]真不知道亲妈打死自己的孩子是什么样的心里！,0
2025/3/24 14:30,听得流泪了[感谢][感谢][一起加油],0
2025/3/24 14:30,这种女人怎么判,1
2025/3/24 14:31,哎，[流泪],0
2025/3/24 14:31,这样的母亲必须判死刑[发怒],1
2025/3/24 14:31,"[流泪][流泪]无意间刷到的，看着可恶人[一起加油][一起加油][一起加油][流泪][感谢]
[感谢]自从我的血糖高好了以后，才知道健康活着很重要[一起加油][一起加油][感谢][感谢]无病无灾就是福，",0
2025/3/24 14:31,千刀万剐的毒妇。,1
2025/3/24 14:32,爸爸不心疼可以理解，一般都是妈妈亲，妈妈一般是最心疼孩子的，真理解不了,0
2025/3/24 14:32,同为人母，我无法理解，自己十月怀胎承受骨开十指的疼痛，拿命换来的宝贝，为什么能如此的残忍。不爱他可以送回去给他爸爸，为什么要这么对待一个才五岁的孩子，最后的他是有多绝望啊[流泪][流泪][流泪],0
2025/3/24 14:32,孩子不听话。咱吼他说他但是不得打，过后都会后悔[感谢][感谢][感谢]亲妈怎么下的了手，那是一天人命呀。[感谢][感谢][感谢],1
2025/3/24 14:33,听不下去了，听的心都碎了,0
2025/3/24 14:33,孩子爸爸怎么不自己带着孩子,1
2025/3/24 14:33,宝子们不要问啦！这个是pke洗发水哦,0
2025/3/24 14:33,事实证明母亲并不一定是伟大的,1
2025/3/24 14:33,七点就睡觉,0
2025/3/24 14:34,[感谢][感谢][感谢][感谢][感谢][感谢],0
2025/3/24 14:34,唉[玫瑰][玫瑰][玫瑰][玫瑰][玫瑰][玫瑰][玫瑰][玫瑰],0
2025/3/24 14:34,[感谢],0
2025/3/24 14:35,好假 马上准备出来带货了吧,1
2025/3/24 14:35,枪毙枪毙枪毙,1
2025/3/24 14:35,狗男女判死刑,1
2025/3/24 14:35,[感谢][感谢][感谢],0
2025/3/24 14:36,这个母亲还能在世上生存吗？人类中的渣女[发怒],1
2025/3/24 14:37,严惩凶手,1
2025/3/24 14:37,啥要不要，谁打的谁偿命,1
2025/3/24 14:38,必须枪毙,1
2025/3/24 14:38,伤害幼童，一律按死刑，什么神人??，?整他,1
2025/3/24 14:39,必须死刑,1
2025/3/24 14:39,妈的畜牲呀[流泪]愿孩子在天堂没有痛苦[感谢],1
2025/3/24 14:39,小孩的父亲呢？,0
2025/3/24 14:40,父母离婚，孩子必须跟父亲。再爸爸这边全是亲人，跟着妈妈，只有妈妈一个亲人。再者，跟男的更安全,1
2025/3/24 14:41,看不下去心痛死了[流泪][流泪],0
create_date_time,content,0
