timestamp,content,label
2025/2/26 9:19,没听过他，他谁啊,1
2025/2/26 11:43,怎么感觉这个女的卑微,1
2025/2/26 13:28,他和张雨剑长相人品有点像[大笑],0
2025/2/26 14:31,阿诺有抖音吗？有的话去劝劝她[捂脸],0
2025/2/26 16:06,是多大的明星，需要隐婚[捂脸][捂脸][捂脸],0
2025/2/26 18:15,越看越生气,1
2025/2/26 18:31,《再见爱人》都结束了，还没明白吗？观众只是他们play的一环。,1
2025/2/26 19:08,我都不知他演过啥[泪奔][泪奔][泪奔],0
2025/2/26 20:22,嫁给肖战我可以的、我就天天在家等他回来[看][看][看],0
2025/2/26 20:28,所以他是谁，我断网了吗,0
2025/2/26 20:33,他是谁[捂脸]演过啥,0
2025/2/26 20:59,走杨子赛道呐,0
2025/2/26 21:03,这小子有没有黑料？我怎么记得塌过呢？,1
2025/2/26 21:32,[发呆]我个人觉得他的代表作就是爸爸去哪。别的没见过[一头乱麻],0
2025/2/26 22:19,把老婆搞得憔悴的就像憨豆先生[捂脸][看],1
2025/2/26 22:49,他是不是骗他老婆啊 他老婆以为他是什么大明星[宕机],1
2025/2/26 23:10,董力是什么职业？,0
2025/2/26 23:37,生俩小孩没一起去过市中心 看到这真的纳闷了，到底挣多少钱啊，,0
2025/2/27 0:09,他是不是在一个节目里面怼金莎男朋友（金莎男朋友做了一桌菜 他帮腔另一个人怼金莎男朋友）那个？,0
2025/2/27 0:37,董力是谁…从没听过,0
2025/2/27 6:49,我和我老公谈恋爱的时候也很相爱 但是我们决定踏入婚姻也是因为有了孩子 [大笑],0
2025/2/27 12:30,冷知识王嘉尔之前也是击剑运动员,0
2025/2/27 13:27,听过顶流藏嫂子，没见过38线藏老婆[微笑][微笑],1
2025/2/28 6:51,董力是谁,0
2025/2/28 18:35,董力走在路上有人认识吗[噢买尬]怎么不能去市中心买咖啡了,0
2025/2/28 20:40,董力…呃命挺好,1
2025/2/28 21:41,希望是剧本吧……这个女生我感觉很爱她也很善良，男的挺好的也是个男的,0
2025/2/28 22:14,恋爱脑不分国界,0
2025/2/28 23:02,[捂脸]哈哈，自己异想天开各种隐忍，结果归来全是恶评，不尊重女性不爱妻子者bi?hu[微笑],1
2025/2/28 23:37,当她说“还要怎么样”的时候就尊重她的选择吧[微笑],0
2025/3/1 1:29,他以为他一线[大笑],1
2025/3/1 1:40,[暗中观察]放下助人情节，大家不要了忘记李行亮……,0
2025/3/1 11:32,董力这种人也是印证了：他这种怎么不算一种命好[微笑],1
2025/3/1 12:31,肯定是剧本 画面再来反转哈哈哈哈哈[尬笑][尬笑][尬笑][尬笑],1
2025/3/1 12:41,董力之前没听过[捂脸]感觉他老婆更加吸金啊[流泪],0
2025/3/1 14:03,总结，董力命好,0
2025/3/1 15:05,极品中的极品啊！世间罕见！,1
2025/3/1 15:15,总感觉等董力觉得他自己很红，而且给他老婆的错觉他特别红，[笑哭][笑哭][笑哭][笑哭][笑哭],1
2025/3/1 16:13,他公开也没人脱粉吧[泪奔],0
2025/3/1 16:40,他俩不适合妻子的浪漫旅行，适合上隔壁综艺再见爱人[泪奔],0
2025/3/1 17:01,别管国外有自己的王宝钏[捂脸],0
2025/3/1 17:16,阿诺原生家庭太美好了，所以她很相信爱情，她不是恋爱脑，是太真诚了。。可惜没遇到同样真诚的男人。。,0
2025/3/1 18:02,这女孩一看就很真诚，,0
2025/3/1 18:05,恋爱脑果然不分国籍[微笑],1
2025/3/1 18:06,在欧洲去对方家送一个开瓶器……[微笑],0
2025/3/1 19:16,妈呀 他那轻飘飘的因为有了孩子 一点责任感也没有 [流泪][流泪],1
2025/3/1 21:24,别说，他俩真有夫妻相[捂脸][捂脸][捂脸],0
2025/3/1 22:09,这么好的姑娘 图啥啊[流泪],0
2025/3/1 23:14,之前他和阿拉蕾的滤镜全碎了 [捂脸][捂脸][不失礼貌的微笑][不失礼貌的微笑],1
2025/3/1 23:20,去买花的时候说九朵，女方爸爸都惊到了，不敢想才九朵[尬笑]而且那个戒指什么材质的[捂脸]真省,1
2025/3/2 8:20,董力一直都蛮迷的。。。。,0
2025/3/2 9:47,其实他觉得外国人看不懂。。。但是他没想到这个节目是给中国人看的,0
2025/3/2 9:52,是不是去市中心就露馅了？因为没有他的代言品牌[泪奔][泪奔][泪奔],1
2025/3/2 10:21,他是直男？,0
2025/3/2 11:40,看了他的经历，15年22岁入选国家队，16年开始录爸爸去哪，然后就开始拍戏，18年退役转行演员。现在说恋爱9年，那起码16年就开始谈了啊[捂脸][捂脸][捂脸]运动员最好的年纪没有了事业心，被娱乐圈诱惑了。他的知名度还让老婆这样瞒真没必要，有点无语.....,1
2025/3/2 12:36,他为什么会接到这个工作的？,1
2025/3/2 14:08,比利时有自己的王宝钏[泣不成声][泣不成声][泣不成声],0
2025/3/2 15:16,额……说实话他隐不隐婚和我们一点关系都没有吧,0
2025/3/2 15:41,以前看他带阿拉蕾还觉得他挺好的,0
2025/3/2 15:47,脱粉,1
2025/3/2 15:52,因为女孩子没有算计这么多[看],0
2025/3/2 21:42,董力是谁？[捂脸],0
2025/3/2 23:03,爸爸说的话很中肯,0
2025/3/2 23:11,结婚五年了，还是站在他身边的可能[疑问][疑问][疑问],0
2025/3/2 23:24,翻白眼：要你说不搭配吗？,1
2025/3/2 23:48,这个女孩子亏大了，原来不止中国女性会被pua 啊？,0
2025/3/3 0:03,不是，谁介意董力谈恋爱呢我请问,0
2025/3/3 0:05,光明正大的站在身边？谁在乎董力结婚没有啊[捂脸][捂脸][捂脸],1
2025/3/3 0:13,阿诺以前也是骑在马背上奔腾的女孩子啊，现在却要唯唯诺诺看老公眼色,1
2025/3/3 0:20,还是那一句话[微笑]多大咖啊？谁在意啊？[裂开],1
2025/3/3 0:40,笑死 董力是谁…我和我老公看的时候就说，现在这普通素人都可以这么轻松上电视参加综艺了吗…[暗中观察],1
2025/3/3 0:58,希望赶紧开始妻子的旅行吧！让阿诺从妻子的角色里跳出来，发现这男的不对劲。,1
2025/3/3 1:14,董力，我就记得《爸爸去哪儿》他带着阿拉蕾去的[发呆],0
2025/3/3 1:23,其实爸爸去哪儿4不是董力表现得好，是阿拉蕾 表现得好[笑哭],0
2025/3/3 1:26,董力不是在岛屿少年挑唆队长和金莎那个小男友吵架的那个吗？还记得当时他老偷懒，嘉宾一来就开始假忙！[捂脸][捂脸][捂脸][捂脸],1
2025/3/3 1:31,谁知道他啊？,1
2025/3/3 2:02,他说给她做戒指 她一直很想要的 [疑问][疑问]所以九年都没买过戒指？？？,1
2025/3/3 2:02,活了这么多年  自问见过很多情侣了  头一次听见形容自己爱人“老拎得清”  长见识了  世界之大，无奇不有[皱眉],0
2025/3/3 7:08,感觉这个比利时女孩儿被pua了。董力是谁我不认识,0
2025/3/3 7:51,看到阿诺的父亲，已经开始脑补董王欺负阿诺，亲爹怒气冲冲上门锤人的画面了[看],0
2025/3/3 7:59,带阿拉蕾上节目那么多年了吗？恋爱九年了。,0
2025/3/3 8:45,最早知道这个董力是运动员，后来他去了《爸爸去哪儿》，结果在节目上把人家阿拉蕾带成那样，头发也没梳好，鞋子也穿错了，完全没上心的样子[我想静静],1
2025/3/3 10:16,最重要的是这男的在镜头前也不装一下,1
2025/3/3 10:37,@濛濛叉叉男孩 明白了吧 不要大男子主义,1
2025/3/3 11:11,董力真的方方面面得让人不喜欢[你不大行],1
2025/3/3 13:36,@阿史,0
2025/3/3 13:41,我记得阿拉蕾，要不是阿拉蕾谁在乎他啊，也没人在乎他结婚啊,1
2025/3/3 13:44,什么时候才能有董力0.1%的自信啊,0
2025/3/3 13:55,姐你都上巴黎时装周了你嫁董力。。。,1
2025/3/3 14:04,董力是谁，什么咖位要隐婚[宕机],1
2025/3/3 16:00,他是我初恋的好友，非常好的好友，最起码我们在一起的时候他们关系很好，他一直说自己是单身[宕机],0
2025/3/3 16:13,他买九朵花的时候真震惊我了[尬笑]普通人结婚都99朵吧。我还想难道是国外的花太贵了？,0
2025/3/3 16:41,董力隐婚五年有人在乎吗[尬笑]没在乎的话算什么隐婚,1
2025/3/3 17:10,董和张的面相很像,0
2025/3/3 19:01,本质还是体育生[鞠躬],0
2025/3/3 20:55,女孩子好可怜，嫁人了感觉被卖了一样,1
2025/3/3 21:34,不认识,0
2025/3/4 9:02,不喜欢董力了，不是好男人[捂脸],1
2025/3/4 9:11,感觉如果出门被路人关注更多的应该是他妻子[泪奔]谁不爱看模特漂亮姐姐呢,0
2025/3/4 9:11,他估计是想搞点话题,1
2025/3/4 9:23,@??千柚 bruhhh,1
2025/3/4 11:42,比利时结婚市长宣读誓词？,0
2025/3/4 12:57,恋爱四年结婚五年？？？,0
2025/3/4 14:02,我以为只有刘德华这种咖位会考虑粉丝感受才隐婚[尬笑][尬笑][尬笑],0
2025/3/4 14:42,张继科吗,0
2025/3/4 15:34,我猜的哦，我猜的，他是不是会CPU啊,0
2025/3/4 16:05,一起出去旅游是最讨厌这种人的，家庭里也是最讨厌这种人,1
2025/3/4 16:48,啊这个美丽的女孩[送心][流泪],0
2025/3/4 19:31,对喽，也许就是不知道用什么准确的词呢,0
2025/3/4 19:44,韩庚都敢公开 董力说他不敢公开[微笑][微笑],1
2025/3/4 23:34,这女的还认为董力是爱豆[皱眉]我想知道董力到底是怎么跟她形容他的工作的,1
2025/3/4 23:57,最搞笑求婚那集送9朵玫瑰，他岳父都意外了[捂脸]不是99也不是999朵，是9朵[捂脸],0
2025/3/5 6:21,阿拉蕾那里我没觉得他火啊，带孩子鞋子穿反头发爆炸，幸好后来换人了，要不然阿拉蕾遭罪了。那时候觉得他不咋地,1
2025/3/5 7:49,感觉好像雷佳音[泪奔],0
2025/3/5 9:53,我天……服了……,1
2025/3/5 14:49,董力当初路人缘好也是因为阿拉蕾可爱吧。。,0
2025/3/5 16:14,感觉这个女孩真的是个很好的女孩 很可爱的女孩,0
2025/3/5 16:23,他有一种，也没多爱，但也找不到这么乖这么傻的女生，那就将就着吧,1
2025/3/5 16:55,张雨剑还挺帅,0
2025/3/5 16:56,天啦这是一个正常男人说出来的话,1
2025/3/5 17:10,冒充中国爱豆骗娶比利时超模，这，算不算跨国诈骗[暗中观察],1
2025/3/5 21:10,2025年了 中国的王宝钏快灭绝了，，，这下好了，国外的王宝钏挡不住啊,1
2025/3/5 22:01,所以他老婆是真的爱他[赞][九转大肠],0
2025/3/5 22:18,4+5,0
2025/3/5 23:38,马来西亚人我总觉得特别的温柔，我接触过好多，都觉得好温柔啊[送心],0
2025/3/6 7:02,@俊??,0
2025/3/6 7:11,[吐血][吐血][吐血][吐血][吐血][吐血]第一次登门去老丈人家，送一个开瓶器？,1
2025/3/6 14:05,真的心疼阿诺,0
2025/3/6 14:09,女方家哥哥妹妹看起来漂亮精神，眼神也有光，阿诺这远嫁的9年真的是不知道怎么过得[捂脸],1
2025/3/6 14:39,搜索之后才知道他竟然不是奥运冠军,0
2025/3/6 14:41,感觉是“叫不醒一个装睡的人”[看]他又不是不懂,1
2025/3/6 14:54,我想起加缪的一段话：火车上的小情侣。两个人都长得不太好看。她拉着他，笑眯眯的，撒娇，撩拨他。而他，两眼无神，因为在大庭广众之下被一个他并不引以为傲的女人爱着而感到尴尬。,1
2025/3/6 14:58,只能说一句嗯董力这种人……命好吧,1
2025/3/6 15:00,说明原生家庭好，才会养成恋爱脑[流泪],1
2025/3/6 15:10,某人会说：等回家的[憨笑],0
2025/3/6 15:10,我以为9年你不公开就算了，私下连求婚见家长见女方都亲友都没做到，这个男人真的[尬笑],1
2025/3/6 15:10,这个女孩的自卑，完全是这个男的言语上说的，导致女方没有啥信心。,0
2025/3/6 15:20,国外有自己的王宝钏,0
2025/3/6 15:29,阿诺不会真以为自己嫁的是一个明星吧？,1
2025/3/6 15:43,没看，就从几个片段感觉董是不是有其他人,1
2025/3/6 15:45,不是，谁想和他结婚啊，他在偷偷摸摸什么,1
2025/3/6 15:54,我想不明白节目组为啥找他们[尬笑],1
2025/3/6 16:00,外面没人我倒立[微笑],0
2025/3/6 16:03,因为一些信息差所以立的人设没倒，以至于旁观者十分迷惑,0
2025/3/6 16:03,看见没，信息差可以搞定很多问题，就是为啥村里的光棍娶不到老婆，但是去外地打工可以带回来媳妇,0
2025/3/6 16:06,这么多年综艺看下来，最大的感触就是不要评价别人的家庭，不管是男方还是女方[微笑]你以为的幸福和别人以为的幸福咋可能一样呢，你觉得她被关在一百平的屋子里，可能别人会觉得很温馨别人就爱这份踏实感。,0
2025/3/6 16:12,栋力是不是有点过分自信了,0
2025/3/6 16:26,董力之前的黑历史没人知道吗[捂脸],1
2025/3/6 16:27,不知道为啥，感觉会不长久[捂脸],0
2025/3/6 16:33,一直get不到董力的帅。那会爸爸去哪儿居然很多人说他帅,0
2025/3/6 16:36,不是 董力是不是给阿诺洗脑，在阿诺心里董力是那种流量爆火明星啊[笑哭] 她知不知道董力这个十三线，要不是之前阿拉蕾谁知道他啊[笑哭][笑哭][笑哭],1
2025/3/6 16:55,这哥们大营销 以前还以为他是什么击剑世界冠军 [尬笑][尬笑],1
2025/3/6 17:00,所以这老外主打一个信息差，她真的以为董力火得一塌糊涂吗？[泪奔][泪奔],1
2025/3/6 17:15,知道老丈人爱喝酒，不送茅台不送酒，竟然送个破开瓶器。,1
2025/3/6 17:27,有幸见过本人 本人很白很高很瘦 比普通人好看一点的程度吧 就是去年他们录呢个岛屿少年 我刚好去玩 还看见了金沙她对象 本人真的超帅巨高[泪奔],0
2025/3/6 17:28,估计PVA到家了,0
2025/3/6 17:35,《你是不是为了保护我》[宕机][宕机][宕机][宕机]哈哈哈哈哈哈哈,0
2025/3/6 17:42,我觉得他可能很想要混血的孩子，但是并没有多喜欢外国的老婆,1
2025/3/6 17:58,@小张睡不醒. [微笑],0
2025/3/6 17:58,别人参加综艺可以逆袭，像周一围，付辛博什么的都收获愧疚粉，怎么他一部比一部不被看好[看],1
2025/3/6 18:03,这才根真实夫妻[大笑]现在夫妻都不能很恩爱了[捂脸],0
2025/3/6 18:07,人家自己夫妻开心就好啊，每对夫妻都有自己的相处模式，外人说来说去，无非就是多管闲事而已,0
2025/3/6 18:11,他甚至和他老婆说自己是“爱豆”我看他是挺逗,1
2025/3/6 18:24,我怀疑董力是不是pua她啊[尬笑][尬笑],1
2025/3/6 18:33,配得感太重要了，主要是这女孩很漂亮啊，像个洋娃娃一样，大眼睛、小脸、还很白，又高又瘦，我要是这样我能一天换一个帅的[眼含热泪],1
2025/3/6 18:34,谈过恋爱的都知道，这根本不喜欢，至少这一刻不想亲[尬笑],0
2025/3/6 18:35,@吃葡萄偏吐葡萄皮 疯了…,1
2025/3/6 18:53,谈过恋爱的都懂 这个男的其实已经开始不耐烦了其实就是不爱了[看],0
2025/3/6 18:58,他怎么这样啊[捂脸]  我在上吊，你却觉得是荡秋千  两人真的不同频,1
2025/3/6 18:58,啊！什么玩意啊[我想静静],1
2025/3/6 18:59,这谁啊？怎么突然出现个董力,0
2025/3/6 19:05,阿诺再上《妻子的浪漫旅行》，董力上的是《再见爱人》,0
2025/3/6 19:26,董力看的让人窒息,1
2025/3/6 19:33,@Dy @超软的少女珂 他在干嘛啊！,0
2025/3/6 19:45,看看黄子韬对他老婆，恨不得啃他老婆了。这个难道是董力害羞？！[看][尬笑],1
2025/3/6 19:52,喜欢一个人会不由自主的想有身体接触，这个男的，很明显，不愿有身体接触，已经不爱了，变心了,0
2025/3/6 20:09,眯眯眼我妈说这种人不能嫁，我找了个眼睛大的[捂脸],1
2025/3/6 20:18,不知道为什么他们两个后面给我一种会有反转的感觉[泪奔],0
2025/3/6 20:21,不是他是那个奋斗吧少年里的乔晨[宕机],0
2025/3/6 20:46,所以千万别婚前怀孕，别赌,0
2025/3/6 21:02,不是，我相信董力说的是真话，“因为有了孩子呀”他结婚就真的因为有了孩子而已，他的举止行为没有显示出爱对方，只是那次激情有了孩子，负责而已,1
2025/3/6 21:03,有没有可能董力没被狗仔拍到是因为没有狗仔拍[捂脸],0
2025/3/6 21:03,哈哈哈哈哈第一眼我都没想到阿诺想要亲嘴,0
2025/3/6 21:06,他不上爸爸去哪儿真的没人认识[泪奔],0
2025/3/6 21:08,只有对情人才不会吝啬夸赞,0
2025/3/6 21:11,这应该上再见爱人[尬笑],0
2025/3/6 21:12,我请问呢 就算去市中心 有多少人认识他呢[宕机][宕机][宕机],1
2025/3/6 21:25,这个董力怎么刷到他的都这么气人[捂脸],1
2025/3/6 21:27,因为有了孩子？？？,0
2025/3/6 21:28,诶，我咋记得他之前是犯事了还是塌房了来着，我记错人了？,1
2025/3/6 21:30,关键是他老婆完全不看他抖音吗？那几个赞，再对比真明星，应该能懂啊,0
2025/3/6 21:32,他老婆怎么会和他结婚啊[泪奔],1
2025/3/6 21:46,要不去再见爱人吧[抠鼻],0
2025/3/6 21:57,阿诺也真的是[捂脸][捂脸]，就不会上网搜一下她老公的嘛,1
2025/3/6 21:58,想起来了，他是不是参加了那个岛屿少年,0
2025/3/6 22:05,啊？董力结婚了？,0
2025/3/6 22:09,他要是爱他老婆我把山东下水道舔干净[微笑],1
2025/3/6 22:17,如果不是他老婆，他都没这次的工作机会[捂脸][捂脸][捂脸],1
2025/3/6 22:38,这就是女孩富养的重要性 不会随随便便为一些小事就觉得幸福 一些蝇头小利就能骗走 阿诺姿态很低 她可能一直觉得自己高攀了 所以事事都以男方为尊,0
2025/3/6 23:06,上一个综艺踏一次 马上你们就可以是普通夫妻了,1
2025/3/6 23:13,感觉他老婆比中国人还传统,1
2025/3/6 23:52,你伤害不到他 伤害他的只有他自己,0
2025/3/7 0:23,这素人哥们偶像包袱居然是这一季里最强的[笑哭] 他老婆是真恋爱脑[笑哭],1
2025/3/7 0:31,爸爸去哪儿的时候就觉得他很假在镜头前爱演,1
2025/3/7 0:32,"问题是她不会被攻击吖[笑哭]
是不是他被攻击，就会找借口说“攻击我吧，别攻击她”
[泪奔]",1
2025/3/7 0:40,这个力是有毒吧,1
2025/3/7 7:12,这是我看外国人被骗的最惨的一次,1
2025/3/7 8:09,阿诺？常熟阿诺吗,0
2025/3/7 8:40,女主太瘦啦 胖点更漂亮了[抠鼻],0
2025/3/7 8:40,孩子生了2个了，真的像娶了个生孩子机器的那种死感[泪奔]，阿诺哭的时候，我感觉这个女生受了很多委屈啊，一片薄纱就泪流满面，而且阿诺这个称呼像个哥们，也不像心爱的人[捂脸]一言难尽,1
2025/3/7 9:14,感觉董不喜欢她,0
2025/3/7 9:24,好压抑[捂脸][捂脸],0
2025/3/7 9:37,董力哪里红了？,1
2025/3/7 9:41,真的有种手伸不进屏幕的无力感,0
2025/3/7 9:58,赶紧是不是要参加再见爱人了，你们下手轻点,1
2025/3/7 10:25,您们下手轻点，不然要去再见爱人了[捂脸],1
2025/3/7 10:35,韩庚和老婆那种才是真的感情好。小夫妻的话看不出多爱是真的[捂脸],0
2025/3/7 10:49,天呐 这男的是不是对自己名气有误解…韩庚是真的火所以自信,1
2025/3/7 11:16,@萌妹啤酒肚儿? [呆无辜],0
2025/3/7 11:26,架不住顶级恋爱脑,1
2025/3/7 11:32,董力老婆看不懂,1
2025/3/7 11:40,他红吗？有粉吗？,0
2025/3/7 11:40,外国有自己的王宝钏[捂脸],0
2025/3/7 11:42,到底是谁喜欢董力啊[尬笑],1
2025/3/7 11:42,不爱为什么要结婚[捂脸],0
2025/3/7 11:48,我想知道董力的粉丝到底在哪里？！,0
2025/3/7 11:49,先别跟着骂，还记得周一围两口子吗[呲牙][呲牙],0
2025/3/7 11:52,在他的心里,0
2025/3/7 11:58,@Y @小小小??,0
2025/3/7 12:04,一个是被爱得溢出来了，所以少一点也没关系。一个是就那么点爱，少一点都不行。,0
2025/3/7 12:05,@奥利奥的奥 @?? ? 小硕 ??,0
2025/3/7 12:10,董力干什么的我都不知道,0
2025/3/7 12:13,@隔壁家的秦菜菜 @Ivan123 我什么时候能碰到阿诺这样的恋爱脑[泪奔],0
2025/3/7 12:16,哈哈哈,0
2025/3/7 12:17,第一次听董力[我想静静],0
2025/3/7 12:17,他回答说因为怀孕,0
2025/3/7 12:19,他是不是把他自己高估了？[捂脸],1
2025/3/7 12:21,他很火吗 在担心什么,0
2025/3/7 12:22,不是 董力是谁？？？？,0
2025/3/7 12:22,董力到底是个什么28线明星啊[暗中观察],1
2025/3/7 12:23,董力是谁,0
2025/3/7 12:24,韩庚现在的笑和陆毅好像,0
2025/3/7 12:24,不认识董力,0
2025/3/7 12:28,爱意都在细节里,0
2025/3/7 12:29,董力是想上完这个节目 就去再见爱人挣钱的,1
2025/3/7 12:30,冻梨老婆又不到处说坏话,1
2025/3/7 12:30,韩庚当初真的是红遍半边天 别人一点偶像包袱都没有[捂脸],0
2025/3/7 12:36,@诶嘿？,0
2025/3/7 12:37,哈哈哈哈哈哈哈哈哈哈,0
2025/3/7 12:38,@W,0
2025/3/7 12:38,@名字挺难取的 哈哈哈哈哈哈,0
2025/3/7 12:38,@看到我请叫我去认真工作,0
2025/3/7 12:39,后面是不是会反转，具体参考麦和李,0
2025/3/7 12:39,@小阿媛?????? 哈哈哈哈,0
2025/3/7 12:40,@小u卷饼.,0
2025/3/7 12:40,很糊，但是就是这个女的跟他认识的时候就是爸爸去哪儿时候，可能觉得他一直这么火吧[泪奔],0
2025/3/7 12:40,@小u卷饼.哈哈哈哈哈哈在他的幻想里,0
2025/3/7 12:41,他们说董力小牌大耍,1
2025/3/7 12:42,董力是谁？[捂脸],0
2025/3/7 12:42,[宕机]欺负人家是外国人是吧,1
2025/3/7 12:42,@鸡粒粒,0
2025/3/7 12:43,应该是没牌大耍[捂脸],1
2025/3/7 12:43,@姐姐,0
2025/3/7 12:46,无牌硬耍,1
2025/3/7 12:46,@财神爷的心上人??,0
2025/3/7 12:47,鹿晗当时才是顶流[泪奔][泪奔],0
2025/3/7 12:47,[笑哭][笑哭][笑哭],0
2025/3/7 12:47,@在在?????????? [呆无辜],0
2025/3/7 12:47,@董大力,0
2025/3/7 12:47,董力也是命好[尬笑],1
2025/3/7 12:49,那个董感觉真的活在自己想象的世界里，出门估计都没路人认识,1
2025/3/7 12:52,@芒果草莓味排骨汤 @异端 @青椒果子 @Markkkkk,0
2025/3/7 12:55,冷知识：董力击剑比赛没有得过冠军[微笑],0
2025/3/7 12:55,感觉后面会反转   其实动力在家对啊喏很好,0
2025/3/7 12:56,万一是在家特别恩爱呢   反转太多,0
2025/3/7 13:00,@bosom friend,0
2025/3/7 13:01,阿诺真的太可怜了,0
2025/3/7 13:01,董力是干啥的？,0
2025/3/7 13:01,@小水 @哲哲啊??,0
2025/3/7 13:09,@靓仔琪,0
2025/3/7 13:13,我也好奇[灵机一动],0
2025/3/7 13:17,@一朵大花花??,0
2025/3/7 13:19,董力是谁,0
2025/3/7 13:19,哈哈哈哈哈哈,0
2025/3/7 13:21,周一围朱丹，颖儿付辛博，这两对能反转皆是因为“传谣”的是他们另一半，周和付本就是有才华有魅力点的人，参加个综艺随便施展一点真我就能获粉，董力的发言一直都是长不大的自恋狂，早前那个带孩子的综艺也是敷衍不认真的，有个好皮相加一个无从考证的非国家级运动员标签，就让那些网友当时爱的死去活来，他的综艺不多，但每个综艺的表现和发言都是一致的幼稚[思考]这个层面上来说，和那两对夫妻着实不同,1
2025/3/7 13:23,阿拉蕾是他女儿？？？,0
2025/3/7 13:27,他好像和张宇剑 一个类型,0
2025/3/7 13:32,董力是不怕自己粉丝看到他秀恩爱吃醋？问题就是，他的粉丝在哪呢[哈欠],1
2025/3/7 13:36,没牌吧,1
2025/3/7 13:36,@tong,0
2025/3/7 13:40,我真的不认识。[捂脸],0
2025/3/7 13:40,@Camille-7,0
2025/3/7 13:47,在路上碰到我都不认识他,0
2025/3/7 13:49,小牌大耍,1
2025/3/7 13:53,永远长不大的男孩,0
2025/3/7 13:56,谁能去告诉董力，他真的不红，没人认识他的，大可不必[尬笑][尬笑],1
2025/3/7 13:56,周杰伦都公开结婚，生子，他还担心上掉粉了[泪奔],0
2025/3/7 14:01,这不是女版的豆子先生吗,0
2025/3/7 14:05,他的受众群体到底是谁[泣不成声],1
2025/3/7 14:08,他是最帅的击剑运动员[九转大肠]那王嘉尔是什么,0
2025/3/7 14:11,@momo 原来他们会看评论 哈哈哈,0
2025/3/7 14:16,[泪奔],0
2025/3/7 14:16,真是烦他，以为自己很红，大牌小装,1
2025/3/7 14:17,董力是不是被请来当老公的？,0
2025/3/7 14:19,希望他能看到这句话[泪奔],0
2025/3/7 14:22,@寒霜,0
2025/3/7 14:24,想送他一首歌，感觉自己像巨星,0
2025/3/7 14:25,@花果山在逃阿拉茅 怪不得你不理我,1
2025/3/7 14:27,董力是干什么的啊？,0
2025/3/7 14:27,到底谁是他粉丝？这种人都能当偶像？！,1
2025/3/7 14:29,一档节目总要有博流量的话题！[灵机一动],0
2025/3/7 14:29,爱要是这个态度，那我不要,0
2025/3/7 14:33,不是说，不是因为这个真人秀我真不知道董力是谁！[尬笑],0
2025/3/7 14:34,人品问题,1
2025/3/7 14:38,[疑问][疑问][疑问]感觉阿诺好卑微,1
2025/3/7 14:39,啊哈哈哈！[宕机],0
2025/3/7 14:44,呃，就对于所谓的身体语言，不一定适应于每一个人,0
2025/3/7 14:47,我一直知道他这个人，但不知道他是干啥的，也没看过他电视[捂脸],0
2025/3/7 14:51,其实是没牌硬耍,1
2025/3/7 14:51,董力无牌硬耍,1
2025/3/7 14:52,这是性格的问题，韩庚水瓶座，她老婆双子座本身就是外向型性格。董力处女座是内向型性格，何况董力是运动员肯定性格偏稳重。韩庚和卢靖姗演员，性格相当于活泼,0
2025/3/7 14:54,不得不说董力镜头感相当足 阿诺接受采访边回答问题边看向他 他只顾着镜头[捂脸],0
2025/3/7 14:55,以前是击剑运动员 后来转内娱,0
2025/3/7 14:59,感觉董力是那种很淡很淡 淡到冷漠那种人 但是并不情绪稳定 不开心会挂脸,1
2025/3/7 14:59,董力是谁。。。。,0
2025/3/7 15:00,董力是谁啊,0
2025/3/7 15:01,很多夫妻其实不能细究的，细究了情感瑕疵就太多了，能做到完美的是凤毛麟角。现实就是，无论是夫妻还是日常工作生活，都是糊涂点儿才好，太清醒很痛苦，专注自身放大自身的快乐才好。,0
2025/3/7 15:01,他谁啊,1
2025/3/7 15:05,那个阿诺是不是被骗婚了？？？,1
2025/3/7 15:05,阿诺是不是认错人了，把董力当雷佳音了,0
2025/3/7 15:05,阿诺 是没爸爸陪伴的 选到一个不合格的男人是大概率[冷漠],1
2025/3/7 15:06,他还有粉丝吗哈哈哈哈哈哈[笑哭],1
2025/3/7 15:07,谁认识你呀？天呐 而且这个董力觉得自己很帅？,1
2025/3/7 15:10,一个38线的糊咖骗外国人自己在国内很红很多粉丝不能公开[笑哭],1
2025/3/7 15:11,董力是谁？,0
2025/3/7 15:11,董力粉丝集合一下,0
2025/3/7 15:12,董力到底是谁啊？？,0
2025/3/7 15:17,到底谁在热爱董力[流泪],0
2025/3/7 15:17,三白眼？,1
2025/3/7 15:18,他的梦里 他的心里 他的幻想里,0
2025/3/7 15:20,董力爸爸去哪儿时候的好感度全败完了,1
2025/3/7 15:21,他好像死鱼眼,1
2025/3/7 15:21,真的好无语啊   董力,0
2025/3/7 15:21,PUA,1
2025/3/7 15:22,严重怀疑妻子的浪漫旅行开始走再见爱人路线了[泪奔],0
2025/3/7 15:23,董力觉得他自己是高高在上的顶流，觉得他下娶了,1
2025/3/7 15:23,他有粉么 还担心公开掉粉[笑哭],0
2025/3/7 15:23,都不知道他是谁,1
2025/3/7 15:24,韩庚是真顶流过,0
2025/3/7 15:25,@??? 你就是背对着我,1
2025/3/7 15:26,麦琳事件反转你还没教训嘛,1
2025/3/7 15:27,大家都不认识董力[捂脸]自我感觉良好[捂脸]无语,1
2025/3/7 15:27,完全不爱。真的,1
2025/3/7 15:27,哎呀妈呀，董力……哎呀妈呀……不知道如何评价，梦里他自己很红吗,1
2025/3/7 15:28,所以董力是谁啊 看完资料我也没听说过啊,0
2025/3/7 15:29,原来恋爱脑不分国界[捂脸],0
2025/3/7 15:30,感觉是 不爱 还有点反感的感觉,1
2025/3/7 15:31,以前有一些些好感没到粉的程度，但现在完全是个路人[捂脸],0
2025/3/7 15:32,董力要不是在国内娶不上媳妇他才不愿意找外国人呢,1
2025/3/7 15:32,不看好外国人这一对,1
2025/3/7 15:33,搞不懂董力这种毫无综艺感又无趣的人怎么上这么多综艺节目,1
2025/3/7 15:34,爱玛 外国人的恋爱脑[捂脸][捂脸][捂脸],1
2025/3/7 15:35,肢体语言是下意识行为，他确实不爱，连眼神都不望向她。,0
2025/3/7 15:37,我都不知道这男的是谁[捂脸]董力是演戏的吗？还是唱了啥歌？,0
2025/3/7 15:40,这个董力是嘎哈的,1
2025/3/7 15:42,董力这个人就很蠢气，很蠢很蠢,1
2025/3/7 15:42,没有老外妻子，他也没机会上这个节目,1
2025/3/7 15:42,这董力是谁呀？[尬笑][尬笑][尬笑],0
2025/3/7 15:42,是想黑红吧,1
2025/3/7 15:43,他粉丝到底是谁[惊恐],1
2025/3/7 15:43,没有见过一个人粉董力[尬笑]董力粉丝你们在哪里啊，不要躲着了[笑哭],1
2025/3/7 15:43,后面那一对，男的明显没有爱[看],1
2025/3/7 15:46,越是这样越火不了,1
2025/3/7 15:46,弟让姐哪不满意了[快哭了],1
2025/3/7 15:47,董力如果能看到大家所说，希望能好好对待这个女孩，挺好的女孩子满眼都是你，而且都有俩孩子了，这女孩和他很般配，走在一起超靓丽很有感觉,0
2025/3/7 15:49,让你看看，别像董力学，什么玩意,1
2025/3/7 15:49,可能是，董就两三个粉才怕掉，另外觉得女粉丝馋他吧。怕婚姻孩子影响他[捂脸][捂脸]挺好玩的想法,1
2025/3/7 15:50,恋爱脑不分国界,0
2025/3/7 15:51,她反转了吗？对她的故事我还停留在不录了[捂脸]我屏蔽他俩口子之前还在全网骂，咋反转的，说说,0
2025/3/7 15:53,他俩有没有种可能，接上柜台下一档节目[捂脸],0
2025/3/7 15:54,他有韩庚十分之一红吗………………………,1
2025/3/7 15:58,韩庚是男女老少都认识的程度,0
2025/3/7 16:00,董力干啥的,0
2025/3/7 16:01,这个董是谁啊，不认识，,0
2025/3/7 16:04,这人是谁呀，新出道的流量明星吗,0
2025/3/7 16:04,确实是，几对夫妻他们真的没什么互动,0
2025/3/7 16:05,董力到底是干嘛的？不上综艺也不认识啊[尬笑],0
2025/3/7 16:05,所以他是谁？,0
2025/3/7 16:07,感觉董力不大喜欢他老婆，主持人问他什么时刻让他们决定走入婚姻的，他说因为孩子[捂脸],1
2025/3/7 16:07,爱和不爱很明显[我想静静],0
2025/3/7 16:08,董力很红吗？？要不是跟阿拉蕾那个节目，我都不知道他是谁[泪奔],1
2025/3/7 16:10,感觉他当时都不会带阿拉蕾,0
2025/3/7 16:11,可以请董去再见爱人。保证没错！,0
2025/3/7 16:14,@70biu 看看,0
2025/3/7 16:16,你自己搜一下  反转  不要围剿女性  她是八个月流产抑郁,0
2025/3/7 16:17,说实话  动力没有好皮相[泣不成声][泣不成声][泣不成声]但是反转会有,1
2025/3/7 16:19,请他干啥,0
2025/3/7 16:21,可能因为是是外国人不太了解他,0
2025/3/7 16:21,董力是谁[捂脸]第一次听说[捂脸],0
2025/3/7 16:22,董力之所以暴露她的妻子，是因为最近婚恋节目挣钱，哪个挣钱上哪类型节目，要不是明星亲子节目被停了，他可能立马带自己小孩子出来。,1
2025/3/7 16:23,也就外国妹子好哄，你换我试试,1
2025/3/7 16:24,韩庚我老公[抱抱你]红红火火恍恍惚惚哈哈哈哈,0
2025/3/7 16:26,就是不爱，爱是无条件付出,0
2025/3/7 16:26,董力有多少个粉丝,0
2025/3/7 16:28,都不认识[一头乱麻],0
2025/3/7 16:33,他是谁[噢买尬][噢买尬][噢买尬][噢买尬],0
2025/3/7 16:34,恋爱脑真的可怜,1
2025/3/7 16:34,我记得董力以前是个击剑运动员吧[看],0
2025/3/7 16:36,听到很多人认识他真的绷不住啊[大笑]长得那么普又想得那么美，谁认识他啊[捂脸],1
2025/3/7 16:37,反正不是我[感谢],1
2025/3/7 16:39,我觉得懂力不爱了,0
2025/3/7 16:39,真的是 小牌大耍[泪奔],1
2025/3/7 16:41,各个地方都看出看不起自己老婆，嫌弃老婆，第一集就发现了,1
2025/3/7 16:43,董力真的不知道自己的实力吗，为啥会觉得自己很火[捂脸][捂脸][捂脸]我觉得是他配不上这个女孩子[尬笑][尬笑][尬笑],1
2025/3/7 16:46,别被网友搞的明年又去再见爱人了[衰],1
2025/3/7 16:55,恋爱脑不分国籍[微笑],0
2025/3/7 16:58,阿拉蕾真是他的贵人，没有阿拉蕾谁认识他[看],0
2025/3/7 16:59,真不认识,0
2025/3/7 17:00,哈哈哈[赞],0
2025/3/7 17:01,刚看到一条评论，国外有自己的王宝钏[捂脸],0
2025/3/7 17:02,都不知道董力是哪一位,0
2025/3/7 17:03,董力：没牌硬刷[尬笑],1
2025/3/7 17:04,[捂脸][捂脸][捂脸],0
2025/3/7 17:08,董力是谁？很红吗？,0
2025/3/7 17:08,这季能把董力这对换了就更好看了。。。,0
2025/3/7 17:11,董力是做什么的,0
2025/3/7 17:12,不是，董力是谁?[黑脸],1
2025/3/7 17:13,他俩 哪有人知道他们是夫妻 别说恩爱了,1
2025/3/7 17:15,大庭广众之下说妻子脸干卡粉，真的令人好尴尬的呀[尬笑][尬笑][尬笑],0
2025/3/7 17:19,恋爱脑.不分国际[精选][捂脸],1
2025/3/7 17:23,爱不爱不知道，但确实不火啊[灵机一动],0
2025/3/7 17:23,@董大力 不然他根本不知道[捂脸][捂脸][捂脸],0
2025/3/7 17:29,他如果早公开老婆 可能粉丝会更多一些,0
2025/3/7 17:37,他到底是谁？,0
2025/3/7 17:39,他有粉啊,0
2025/3/7 17:44,我感觉董力是实在接不到活了 只能把老婆拉出来上节目[宕机][宕机][宕机],1
2025/3/7 17:46,董力是谁,0
2025/3/7 17:48,自信点，把感觉去掉,0
2025/3/7 17:50,张雨剑之前就是这种想法和行为，幸好他前妻和他离婚了,1
2025/3/7 17:50,可以无缝参加再见爱人了,0
2025/3/7 17:54,比利时也有自己的王宝钏[泣不成声],0
2025/3/7 17:54,我对象这样我直接踹了[憨笑],1
2025/3/7 18:00,董力能刷到这条视频吗？会不会有所改变[发呆],0
2025/3/7 18:01,看过综艺只记得阿拉蕾，我还是不知道他是谁[尬笑],0
2025/3/7 18:10,她真的很好，难怪他说:老拎得清了[看],0
2025/3/7 18:12,董力谁认识啊,0
2025/3/7 18:13,哈哈哈哈哈,0
2025/3/7 18:15,你们这些长舌妇除了挑拨是非还会干些什么[抠鼻],1
2025/3/7 18:17,他应该奉子成婚吧 二十多结婚的,0
2025/3/7 18:18,每个人性格不同吧，人家就拍个综艺被说的这么惨[捂脸],0
2025/3/7 18:20,@崽子,1
2025/3/7 18:21,喜不喜欢真的好明显[流泪]@原味可爱多,0
2025/3/7 18:24,每句回答，都是雷点,1
2025/3/7 18:28,他连小牌都不算吧[抠鼻],1
2025/3/7 18:35,哈哈，辛好离婚了[呲牙]所以，很多时候其实离婚对女性也友好,0
2025/3/7 18:36,全上海人都认识他[捂脸],0
2025/3/7 18:36,韩庚一直都很好 情书的时候就可喜欢他了,0
2025/3/7 18:37,在他的想象力里[尬笑],0
2025/3/7 18:37,你别说，他俩还挺像的,0
2025/3/7 18:38,其实有的时候我们一起工作的同事都会高情商回答问题。为你生孩子的老婆你这样说话。不要为直男找理由。,1
2025/3/7 18:41,在他的幻想里吧[捂脸],1
2025/3/7 18:41,董力感觉属于那种自信过度[看],1
2025/3/7 18:42,阿诺好像他姐,1
2025/3/7 18:44,因为爸爸去哪儿他带阿拉蕾才认识他[捂脸],0
2025/3/7 18:44,幸不幸福，不是自己衡量的吗,0
2025/3/7 18:45,我去年看岛屿少年里已经被他ex到了，他真是本人的问题,1
2025/3/7 18:48,我知道韩庚以前在韩国呆过很红，卢靖姗是战狼二女主角，另外那两个人是谁？[捂脸],0
2025/3/7 18:49,@YAN,0
2025/3/7 18:50,董力 好熟悉的名字和长相 就是想不起来是干嘛的,0
2025/3/7 18:51,哈哈哈哈哈哈0个人脱粉我笑惨,1
2025/3/7 18:52,阿诺配董那真的绰绰有余，站在女生视角 替女生气的我在屏幕面前直跺脚,1
2025/3/7 18:52,@ReTnT [捂脸],0
2025/3/7 18:55,[流泪]都说了大眼睛厚嘴唇女孩恋爱脑哇,1
2025/3/7 18:55,@空心菜??,0
2025/3/7 18:55,男的不喜欢真的会在一起很久[捂脸]，多个免费保姆不好吗,1
2025/3/7 18:56,等一下  卢靖姗竟然是韩庚的老婆？？？[宕机][宕机],0
2025/3/7 18:57,这男的面相就………[尬笑],1
2025/3/7 18:58,哈哈哈哈哈哈哈,0
2025/3/7 18:58,才知道？？！[泪奔],0
2025/3/7 18:59,真的才知道   我看着他俩的脸我都没想过会有交集[动动脑子],0
2025/3/7 19:03,哈哈哈哈哈哈哈，谁爱的？在这条评论下站出来[微笑],0
2025/3/7 19:04,哈哈哈哈哈哈哈哈,0
2025/3/7 19:06,小牌大耍[九转大肠],1
2025/3/7 19:06,董力是什么很火的人吗,0
2025/3/7 19:09,@EMINEM [暗中观察][看][紫薇别走],0
2025/3/7 19:11,最开始我以为是有一对素人夫妻[微笑],0
2025/3/7 19:22,董力是处女座[笑哭]，真的，哎,0
2025/3/7 19:23,[捂脸],0
2025/3/7 19:24,@付付 @喜灿~ 这男的谁啊？,0
2025/3/7 19:27,@。。。。 你要做韩庚[咒骂][咒骂][咒骂],1
2025/3/7 19:27,谁啊他，干啥的,1
2025/3/7 19:28,是新一季再见爱人吗,0
2025/3/7 19:29,@太离蒲了啦~·??,0
2025/3/7 19:32,韩庚带媳妇买年货吃瓜子，网友只会说接地气，以及他偷吃！[捂脸]网友只会说接地气以及东北可以试吃,0
2025/3/7 19:35,内涵金莎男友那位,1
2025/3/7 19:36,没人告诉这姑娘真像嘛[微笑],1
2025/3/7 19:36,董力是做什么的,0
2025/3/7 19:41,我都不认识他[捂脸],0
2025/3/7 19:41,也许爱过，只是到期了,0
2025/3/7 19:46,董力怎么这个重的偶像包袱呀,1
2025/3/7 19:47,不喜欢董力，又不帅不爱妻子的人，不会发达,1
2025/3/7 19:48,没牌硬刷，我感觉都不认识,1
2025/3/7 19:49,@oiecm,0
2025/3/7 19:50,下次还有孩子[泪奔],0
2025/3/7 19:51,他演过什么电视剧吗？怎么好像没见过他？？？,0
2025/3/7 19:52,董力是谁根本就不知道好吧！这么……,1
2025/3/7 19:55,孩子都生了[偷笑],0
2025/3/7 19:55,就是被宠坏了，听了太多的好听的,1
2025/3/7 19:55,一儿一女，老大都7岁了,0
2025/3/7 19:56,原来外国也挖野菜,0
2025/3/7 19:57,那个姓董的看着就晦气,1
2025/3/7 19:59,动力是干啥的 以前不是和女儿上过综艺[捂脸],1
2025/3/7 20:04,到底谁在粉董力啊，好没品味[尬笑]@沉吟,1
2025/3/7 20:05,运动员,0
2025/3/7 20:06,都没听说过这男的[捂脸],0
2025/3/7 20:07,我觉得男的莫名的优越感，本来很优秀的女孩子跟他在一起久了，也许不知不觉中貌似被PUA的不自信了,0
2025/3/7 20:08,董力有红到需要隐婚吗[疑问][疑问][疑问]他是不是对自己的认知有点错位[泪奔],1
2025/3/7 20:09,说白了就是这女孩儿不够漂亮 他也没多喜欢 就是有了小孩儿结婚的 一股子被迫感,1
2025/3/7 20:13,董力完全没必要担心那些有的没的，因为我们对他都无感,0
2025/3/7 20:14,@三万余年 他直接说脸太干，这是纯纯嫌弃,1
2025/3/7 20:15,不认识他,0
2025/3/7 20:15,@躬君,0
2025/3/7 20:15,他是谁啊？不认识啊,0
2025/3/7 20:16,我觉得董力就是一个没长大的小孩，他不懂得爱，需要的是人照顾他,1
2025/3/7 20:19,董力干啥的？,0
2025/3/7 20:20,@??????,0
2025/3/7 20:20,这个时候还是超模脸 香奶奶很喜欢的那种 现在都被折磨成啥样儿了[捂脸][捂脸],1
2025/3/7 20:21,董力倒胃口……他的粉丝是哪些群体啊……,1
2025/3/7 20:21,我知道董力的时候，是应为阿拉蕾,0
2025/3/7 20:22,花期短 不爱咯,0
2025/3/7 20:23,会不会第二个麦林[晕],1
2025/3/7 20:24,我一会想贴贴一会想避开[捂脸],0
2025/3/7 20:25,我当年看爸爸去哪还挺喜欢他的，就是节目结束了我就忘了这个人了[捂脸],0
2025/3/7 20:26,why[宕机],1
2025/3/7 20:27,@Nicole妮可,0
2025/3/7 20:28,我刚看了一下抖音俩个孩子了，大概刷一下也没看见有孩子视频,0
2025/3/7 20:29,我根本不认识,0
2025/3/7 20:34,不认识董力[尬笑],0
2025/3/7 20:34,@Sariel @always online @抹茶芋圆味的猫 @又饿了的 [捂脸][黑脸],0
2025/3/7 20:34,这男的有粉丝吗？我都不认识他[宕机][宕机],1
2025/3/7 20:35,和阿拉蕾炒父女cp,0
2025/3/7 20:35,@纯情螺狮粉^,0
2025/3/7 20:35,@??就是比你快 绝了这男的,1
2025/3/7 20:36,@自娱自乐。,0
2025/3/7 20:36,@甜茶 [尬笑][尬笑][尬笑][尬笑][捂脸][捂脸][捂脸][捂脸],0
2025/3/7 20:41,不要有负担，我们没有爱你[灵机一动],0
2025/3/7 20:42,结婚5年了吗 董力真的没一点优点,1
2025/3/7 20:43,没发过 他感觉公开对他有影响 我觉得公开照他媳妇这颜值 能给他涨粉,1
2025/3/7 20:43,董有粉丝吗？,0
2025/3/7 20:44,董力没看过爸爸去哪儿的，很少有认识他的吧,0
2025/3/7 20:48,@陈陈陈陈陈?? @是英英吖?? @Failure. [笑哭]这个董力真的跟傀儡一样,1
2025/3/7 20:48,我记得他刚火的那会不是这样的啊？还挺阳光的爱笑又温暖又温柔，现在怎么这个死样子[抠鼻],1
2025/3/7 20:49,[捂脸][捂脸][捂脸][捂脸][捂脸],0
2025/3/7 20:49,我一直以为董力是650团综里的摄影师[泪奔][泪奔][泪奔],0
2025/3/7 20:49,哥[微笑][微笑][微笑]要不是上这个节目我真把你忘了,1
2025/3/7 20:49,同意,0
2025/3/7 20:50,综艺而已[呲牙],0
2025/3/7 20:51,他是个憨儿子  理解下他 哈哈,0
2025/3/7 20:51,红？？？？ 前辈子靠阿拉蕾 后辈子靠啥[尬笑]？,1
2025/3/7 20:53,@????,0
2025/3/7 20:54,@Queena,0
2025/3/7 20:54,董力闷次闷次的[不你不想],1
2025/3/7 20:54,鹿晗顶流直接公开都不怕掉粉 这个180线的还担心上了 [九转大肠],1
2025/3/7 20:55,关键大家都是攻击他，心疼女孩，反而是他总是攻击女孩[捂脸],1
2025/3/7 20:56,董力是谁？不认识。  这个女孩好善良,0
2025/3/7 20:57,不爱真的很明显,0
2025/3/7 20:58,韩庚真认识。行董力哪儿来的偶像包袱 我真不认识 [捂脸][捂脸],0
2025/3/7 20:58,@薄荷奶绿信徒,0
2025/3/7 20:59,感觉董力连演都不想演[捂脸],1
2025/3/7 21:00,说实话如果单说董力我还真想不起来他是谁、但一说阿拉蕾说长大了要嫁他 我就想起来了,0
2025/3/7 21:01,他演过啥？,1
2025/3/7 21:02,@快乐小烊,0
2025/3/7 21:03,董力是干嘛的,0
2025/3/7 21:04,我不允许你再刷了 ！你赶紧开始看,1
2025/3/7 21:04,这个董是干啥的，他怎么那么自信，他真的有粉丝吗[九转大肠],1
2025/3/7 21:04,阿诺被骗的真惨，都不说他是糊咖，他甚至都算不上什么咖,1
2025/3/7 21:05,谁热爱他？谁，是谁,1
2025/3/7 21:05,他在pua她老婆,1
2025/3/7 21:05,这女的好惨，但没办法，为自己行为负责,0
2025/3/7 21:05,谁在意他结婚不结婚啊，还不公开,1
2025/3/7 21:07,如果我没猜错，这个外国小姐姐是给他生了个男孩吧，,1
2025/3/7 21:09,为啥要找他们这对[泪奔],1
2025/3/7 21:09,感觉发老婆孩子都能涨粉[捂脸],1
2025/3/7 21:10,他做了啥，请问，我算爱看八卦电视剧的[打脸],0
2025/3/7 21:14,他是干啥的,0
2025/3/7 21:15,还要多亏他老婆他才能接到这个活[黑脸]说不定还能接到下次的,1
2025/3/7 21:15,[酷拽][酷拽][酷拽][酷拽],0
2025/3/7 21:15,阿诺有抖音吗,0
2025/3/7 21:15,董力到底是干什么的[思考],0
2025/3/7 21:15,是的,0
2025/3/7 21:16,孩子7岁[疑问]结婚5年[疑问],0
2025/3/7 21:16,冻梨事谁啊,0
2025/3/7 21:16,董力想多了吧[抠鼻]他是谁啊[皱眉],1
2025/3/7 21:16,要不然现在离婚率高了，就是因为女性工作机会相比以前多了[大笑],1
2025/3/7 21:17,没牌空耍,1
2025/3/7 21:19,韩庚那一对好甜啊，而且不是作秀那种，很自然,0
2025/3/7 21:20,这是小时候带别人小孩儿上节目那个嘛，阿拉蕾？,0
2025/3/7 21:20,已经不是冷漠 而是厌烦了[听歌],0
2025/3/7 21:22,这男的谁呀？都不认识[捂脸],0
2025/3/7 21:22,看了节目就知道董力家里家教应该蛮严的，蛮多礼仪，镜头前不敢太那个,0
2025/3/7 21:23,董力是谁啊[捂脸]我头回听说这个人,0
2025/3/7 21:24,@+0 谁来的 不认识,1
2025/3/7 21:24,肯定爱过呀，只是过期了[尬笑],0
2025/3/7 21:25,对,0
2025/3/7 21:25,我觉得董力是有点呆滞，以前爸爸去哪儿时候就听呆的[呲牙][呲牙][呲牙]他就不是那种机灵圆滑的人，不然上节目装也要装一下吧，反而这才是真实，生活中结婚超过五年的夫妻互相厌烦的多了去了,1
2025/3/7 21:29,是不是和阿拉蕾上过节目的那个董力？,0
2025/3/7 21:29,一脸疲惫感。她自己也知道不幸福,1
2025/3/7 21:32,@跃迁者 你没每次都不靠近我，离我超级远，果然是不爱来的表现,1
2025/3/7 21:32,感觉他在上一个综艺里对他们的队长都比对阿诺有感情[泪奔]你们去看看他怎么支持队长的片段（队长忘记啥名字了[捂脸]）,0
2025/3/7 21:34,结婚5年娃两个，一个7岁[泪奔],0
2025/3/7 21:36,我哪有，见了你就想贴贴红啊吧[色][色][色],1
2025/3/7 21:36,他要知道的，除了他老婆，没人对他感兴趣[黑脸],1
2025/3/7 21:38,董力大男人主义到让我觉得是因为阿诺怀孕了 为彰显自己负责任就娶了[不你不想],1
2025/3/7 21:41,远嫁他国的人，她爸妈如果听得懂看得懂会多心疼,0
2025/3/7 21:41,被爱的总是有恃无恐,0
2025/3/7 21:44,上一个被这样对待的是卡琳娜[黑脸]后来她老公……,1
2025/3/7 21:44,董力用不了多久就会离婚的，百分百，一点都不爱他老婆，他只爱自己，自恋到眼里容不下别人,1
2025/3/7 21:47,董力到底在自信什么,1
2025/3/7 21:49,不是 他谁啊[疑问],1
2025/3/7 21:50,我去搜一下董力是谁，感觉听说过这个名字,0
2025/3/7 21:51,结婚五年孩子七岁,0
2025/3/7 21:51,[捂脸],0
2025/3/7 21:51,不爱一个人的时候很高冷 就是这样,0
2025/3/7 21:52,董力谁啊,0
2025/3/7 21:52,董力是上海的 他还说过她妈让他不找离异单亲家庭 要找本地人 细想一下 这样的家庭,1
2025/3/7 21:53,你们之前也是这么对麦林的，会不会董力后面也有反转[泪奔],0
2025/3/7 21:54,不可能  我和我老公都能在外演恩爱  我不信他们演不出还能被你剖析[抠鼻][看],1
2025/3/7 21:54,@百里二郎. @笑笑的家?? @迷你酱 @哦豁～ 董力[暗中观察],0
2025/3/7 21:54,啥玩意，最后教我找灵魂伴侣[尬笑],1
2025/3/7 21:55,我等节目播完反转[泪奔][泪奔][泪奔],0
2025/3/7 21:55,在节目上说妻子脸干掉粉真的会破防好吗？要是我老公这样说我会气到扇巴掌，阿诺也太卑微了吧[泪奔][泪奔][泪奔],1
2025/3/7 21:56,董明珠说认识 董力谁啊…,0
2025/3/7 21:59,重点曾经的韩庚是真顶流呀[泪奔][泪奔][泪奔],0
2025/3/7 22:00,他老婆太爱她了[捂脸]可能他觉得他老婆不好看吧，但是他觉得自己是谁啊[捂脸]对他的印象还停留在爸爸去哪儿 但是当初要不是他带了阿拉蕾谁看他啊[捂脸],1
2025/3/7 22:01,@蟹老板,0
2025/3/7 22:02,不是，董力为啥这么自信啊,0
2025/3/7 22:02,结婚五年 孩子七岁，应该是为了孩子,0
2025/3/7 22:02,这个男的好像吸毒了,1
2025/3/7 22:02,还没看过这个，不过之前董力和阿拉蕾上节目，自己穿得人模狗样，阿拉蕾鞋子都穿反了，你说你不懂孩子应该怎么收拾，那鞋子正反你也分不清吗？小孩鞋子和大人的不一样吗？,1
2025/3/7 22:03,没牌硬耍,1
2025/3/7 22:03,你逮谁败坏谁,1
2025/3/7 22:05,没牌硬耍[皱眉],1
2025/3/7 22:06,不认识什么力  他媳妇刷抖音不 清醒点,1
2025/3/7 22:06,"三眼白
看他那眼睛感觉是个自私脾气暴躁的人",1
2025/3/7 22:06,@5??号甜心??,0
2025/3/7 22:07,@Chloe克洛伊,0
2025/3/7 22:09,动力干嘛的,1
2025/3/7 22:10,观众的眼睛是雪亮的,0
2025/3/7 22:10,他以前击剑运动员，我也不认识他,0
2025/3/7 22:11,我也看了他说没求婚没婚礼不公开，说什么保护啥的[绝望的凝视]谁认识啊[绝望的凝视][绝望的凝视],1
2025/3/7 22:11,@二硕 这男的[呆无辜],0
2025/3/7 22:11,@用户813487354846856384,0
2025/3/7 22:12,婚姻还是得平等的 卢靖姗和韩庚是平等的,0
2025/3/7 22:12,董力是三白眼啊,1
2025/3/7 22:13,@花花花漓子???? @好看的皮囊吖（纯唯）· 突然反应过来董力这个死样像谁了[暗中观察]吴倩那个前夫什么雨剑还是剑雨的[宕机],1
2025/3/7 22:13,说句实话董力那婚姻不长，男的太傲娇根本瞧不上女方，他连演都懒得演，这种家庭的女人最悲哀，因为没有自我只有对方，对方还不领情。,1
2025/3/7 22:14,这个下三白太标准了[捂脸],1
2025/3/7 22:15,湖南卫视也是赶上好时期了，女有麦琳，男有董力,0
2025/3/7 22:15,谁是董丽[微笑],0
2025/3/7 22:16,阿诺是不是没有下载反诈app,0
2025/3/7 22:17,哈哈哈哈[尬笑],0
2025/3/7 22:19,@壹行,0
2025/3/7 22:20,这男的，死鱼眼[冷漠],1
2025/3/7 22:20,可是 这么多年 阿诺 还这么喜欢董力 这不矛盾吗？这么多年了 老公各种冷漠，老婆还能一直恋爱脑下去吗,1
2025/3/7 22:22,董力是谁？,0
2025/3/7 22:22,哈哈哈180线,0
2025/3/7 22:24,外国女人  老的太快  现在看母子  ：再过十年  奶奶,1
2025/3/7 22:24,但董力眼光好 找了个好老婆,0
2025/3/7 22:24,董力是谁我都不知道,0
2025/3/7 22:24,关键董力是谁,0
2025/3/7 22:28,@二表姐??,0
2025/3/7 22:32,他是干嘛的？,0
2025/3/7 22:32,我看的时候前边三对看完直接就跳下一集了,0
2025/3/7 22:32,董力很像张雨剑，对待老婆的方式。,0
2025/3/7 22:32,主要真的不知道董力是谁[捂脸]是我out了不,0
2025/3/7 22:34,原来恋爱脑不分国籍,0
2025/3/7 22:35,想对董力说，生活没有那么多观众[晕][晕][晕],0
2025/3/7 22:35,他不是担心掉粉吗？怎么又和老婆一起上节目[震惊][震惊],1
2025/3/7 22:38,不知道董力他在高贵着啥,1
2025/3/7 22:39,有没有一种可能，不喜欢女的[九转大肠]就是再自恋的男人听到老婆如此低姿态的反应也会是暗爽，而他就是毫无反应,1
2025/3/7 22:39,董力老婆不玩网络吗[捂脸],0
2025/3/7 22:40,我认识他还是以前爸爸去哪当阿拉蕾爸爸那时候,0
2025/3/7 22:40,这种男的无语,1
2025/3/7 22:41,到底是谁让董力产生了自己很红的错觉？？[抠鼻][抠鼻],1
2025/3/7 22:41,感觉在《爸爸去哪儿》里细心照顾阿拉蕾的董力和现在这个完全不是一个人[流泪][流泪]好割裂阿,0
2025/3/7 22:42,@M. [看],0
2025/3/7 22:42,@岘岘 原来是广子,0
2025/3/7 22:42,他是谁呀[发呆],0
2025/3/7 22:42,所以董力到底是干嘛的[呆无辜],0
2025/3/7 22:43,@零下树 所以我不喜欢看着很冷漠的单眼皮,0
2025/3/7 22:44,应该是心不在她那了吧，,0
2025/3/7 22:44,[尬笑]@瞌睡虫,0
2025/3/7 22:45,@甲甲的日记,0
2025/3/7 22:45,所以，这个董力是谁？,0
2025/3/7 22:45,他公布了结婚生子也不影响他的人气，没人注意[捂脸],0
2025/3/7 22:49,到底是不是剧本[憨笑][憨笑][憨笑],0
2025/3/7 22:49,他俩不适合妻子的浪漫旅行，适合上隔壁综艺再见爱人[泪奔],0
2025/3/7 22:53,这是实话,0
2025/3/7 22:53,董力不像正常人[泪奔],1
2025/3/7 22:53,查无此人啊，这大哥谁啊,0
2025/3/7 22:53,董力是不是活在楚门的世界，公司把他打造成顶流人设，雇一堆粉丝，事实是没有他媳妇阿诺，他连这个活儿都接不到，董力你清醒一点吧，没有阿诺你过几天只能跑滴滴了,1
2025/3/7 22:54,是啊 离谱,0
2025/3/7 22:56,大可不必 我们并不知道董力是哪位[捂脸],0
2025/3/7 22:57,遮住下半张脸  只看董的眼睛，眼神狠戾，无情！,1
2025/3/7 22:57,董力上了那么多综艺，除了爸爸去哪儿的时候有点热度，其他的次次都很令人下头[捂脸][捂脸],1
2025/3/7 22:58,金发闭眼啊[流泪],1
2025/3/7 22:58,谁爱他了我想问一下[看],1
2025/3/7 22:59,他明显更爱他自己,1
2025/3/7 23:01,哈哈，有可能,0
2025/3/7 23:02,自大 无知,1
2025/3/7 23:02,不知道[宕机],0
2025/3/7 23:02,既然不喜欢为啥要耽误人家女孩儿，渣男一个,1
2025/3/7 23:05,下次还有个再见爱人[比心],0
2025/3/7 23:05,不认识董力[捂脸],0
2025/3/7 23:07,董力全程一脸嫌弃的表情，爱是装不出来的。,1
2025/3/7 23:07,有bing吧这董力,1
2025/3/7 23:07,真的受够了这个呆滞的眼神，我是在看妻子，不是再见爱人！,1
2025/3/7 23:08,董力的粉丝你们在想啥,0
2025/3/7 23:09,@APei！?? 董力把自己当啥啊[流泪]刘德华呢？,1
2025/3/7 23:10,深度怀疑dl在这个节目后说自己被wb还要怪在阿诺身上。。。他女人缘真好，女人好旺他,1
2025/3/7 23:10,我倒是要看看怕掉多少粉？23？ 低调这么久才攒得23！,1
2025/3/7 23:10,感觉他真没钱交房贷了,1
2025/3/7 23:11,[比心][感谢][玫瑰],0
2025/3/7 23:13,[捂脸]我们想的是你嫁这样的男人,1
2025/3/7 23:14,我都不想看到董力[微笑],1
2025/3/7 23:15,@张77 不晓得哪儿来的自信把自己当流量,1
2025/3/7 23:15,懂事..察言观色[噢买尬][噢买尬],0
2025/3/7 23:16,神经这个男的,1
2025/3/7 23:16,这个男的高高在上,1
2025/3/7 23:16,@??小汽鹅e??,0
2025/3/7 23:17,董看上去好呆[捂脸],0
2025/3/7 23:19,无语这么好的女人不懂得珍惜？,0
2025/3/7 23:19,董力是梦男把自己当易烊千玺了么[微笑][宕机],1
2025/3/7 23:20,董力以前参加舞林大会的时候就是这样，不懂他的自信[泪奔],0
2025/3/7 23:20,@霖仔妈咪???? 为啥董力那么不自知呢,1
2025/3/7 23:20,人家看了网上评论破防了，[看],1
2025/3/7 23:20,因为他不想看这个节目,0
2025/3/7 23:21,到底谁在喜欢董力啊？让他觉得自己很红的错觉,1
2025/3/7 23:23,讲实话走来路上都认不出 董力,0
2025/3/7 23:24,送给董力一句话：“没有爱的能力，比没有性的能力更可悲”，董力的爱商还停留在儿童阶段,1
2025/3/7 23:24,感觉董力都不爱阿诺..,1
2025/3/7 23:24,是,0
2025/3/7 23:26,有病吧他,1
2025/3/7 23:29,这么多天了 我在抖音愣是没见到董力的任何一个粉丝[发呆] 他到底在觉得自己火什么啊 根本不认识,1
2025/3/7 23:30,当时疯狂迷恋韩庚，电脑桌面都是他,0
2025/3/7 23:31,董力本来就是个下头男,1
2025/3/7 23:31,周一围跟这根本就不是一个性质好吗,1
2025/3/7 23:31,你的感觉很对,0
2025/3/7 23:31,董力：我高高在上的顶流，做到这些已经是她的造化了[微笑],1
2025/3/7 23:33,不够爱,1
2025/3/7 23:33,董力是做什么的，真不认识,0
2025/3/7 23:34,这男的谁啊？谁是他粉丝啊？,1
2025/3/7 23:34,董力是想夫妻节目亲子节目都上一遍吗,0
2025/3/7 23:35,有点像假夫妻跟真夫妻,0
2025/3/7 23:36,他谁啊？根本不认识啊？,0
2025/3/7 23:36,董力是谁？演过啥[笑哭],0
2025/3/7 23:38,董力无牌硬耍，无帅硬装。,1
2025/3/7 23:43,他还真参加过爸爸去哪，跟阿拉蕾，但是那时候他很会演,1
2025/3/7 23:44,你别说细想一下，他俩的眼睛真的一模一样,0
2025/3/7 23:44,@Harperanda,0
2025/3/7 23:46,@梵迩?? @在逃兔子?? [尬笑],0
2025/3/7 23:49,哈哈哈哈哈哈@??小别兔??,0
2025/3/7 23:51,@啊虹,0
2025/3/7 23:51,下娶，哈哈哈哈哈哈,0
2025/3/7 23:52,我永远不会找单眼皮，小眼睛的男人。理智，冷漠，薄情，心狠，大双眼皮比较重情重义。,1
2025/3/7 23:52,董力啥时候混的娱乐圈[宕机],1
2025/3/7 23:52,他是谁啊[发呆],0
2025/3/7 23:53,董力到底在在耍什么大牌,1
2025/3/7 23:54,天，说女生脸干她竟然不生气吗,1
2025/3/7 23:54,同感，他觉得自己很火吧[绝望的凝视][绝望的凝视],1
2025/3/7 23:55,看了视频了，还是不知道他干啥的,0
2025/3/7 23:56,装什么,1
2025/3/7 23:59,一点都不想看董力，眼里啥也没,1
2025/3/7 23:59,之前董参加过《极限挑战》，对他是最无感的,0
2025/3/8 0:02,董力到底是谁啊？？？？？,0
2025/3/8 0:03,董力以前和阿拉蕾可不这样,0
2025/3/8 0:04,机票买不起吗？[捂脸][捂脸][捂脸]想回去应该都可以回去吧,0
2025/3/8 0:06,感觉会反转[捂脸],0
2025/3/8 0:06,董力！感觉就是张雨剑那一类型的 平平无奇 迷之自信的普男[暗中观察][暗中观察][暗中观察],1
2025/3/8 0:07,董力的粉丝怎么不出来说句话啦,1
2025/3/8 0:07,把感觉去掉,1
2025/3/8 0:07,普信男,1
2025/3/8 0:08,啊 好讨厌他,1
2025/3/8 0:11,因为他没有粉丝[捂脸],1
2025/3/8 0:11,董力三白眼[抠鼻]也不知道从哪里冒出来的，他是干啥的[尬笑],1
2025/3/8 0:12,他自己,0
2025/3/8 0:12,应该也有几个吧[憨笑][憨笑],0
2025/3/8 0:12,我可能没看那季,0
2025/3/8 0:14,就像当年和阿拉蕾差不多，不小心火了之后，他后续做的像是为了出圈,0
2025/3/8 0:15,？？？谁认识他啊,1
2025/3/8 0:17,董是谁,0
2025/3/8 0:18,天内，开瓶器，不会让老外觉得中国人都很抠门吧[尬笑],0
2025/3/8 0:21,靠这一份工作已经获得下一份工作——《再见爱人》[捂脸],0
2025/3/8 0:26,中国18线都能住一线城市200平方以上的大平层，只有董力这种180线才会挤在100平方的小户型里，望外国人周知[尬笑],1
2025/3/8 0:28,他在装什么[尬笑],1
2025/3/8 0:28,所以他是做什么工作的[尬笑],0
2025/3/8 0:29,这是董明珠家的儿子吗？,0
2025/3/8 0:33,人家女生比他火多了，他还担心上了。,1
2025/3/8 0:33,董力和憨豆结婚了,0
2025/3/8 0:36,他可能还想走周一围赛道，后面又来反转,0
2025/3/8 0:36,@卖普忒头的的薯条??,0
2025/3/8 0:49,搞不懂董力在娱乐圈怎么会有资源,1
2025/3/8 0:49,他肯定是看到之前各种营销号的送礼物技巧[捂脸][捂脸]，不想花太多钱又想出效果的，比如老板爱喝酒，那就送个小贵的开瓶器。酒老板不缺，但是每次喝酒的时候用这个开瓶器就会想到你,0
2025/3/8 0:49,这么回答肯定是不爱了,1
2025/3/8 0:52,张雨剑？,0
2025/3/8 0:53,应该是吧，也像杜海涛[暗中观察]小眼睛的男人,1
2025/3/8 0:53,所以根本不认识这个人[捂脸],0
2025/3/8 0:56,前不久跟金莎男朋友孙晨萧闹矛盾认识这号人[尬笑],1
2025/3/8 0:57,他红过吗？,1
2025/3/8 0:58,[晕][晕][晕],0
2025/3/8 0:59,这男的我不认识，但是这女的可以看出来非常爱这个男的,0
2025/3/8 1:01,我根本不认识他[捂脸]他是谁，演员还是歌手还是什么？,0
2025/3/8 1:02,预感节目结束后还会有人去喷他，然后绝对会说是节目组的剧本安排[吐舌],1
2025/3/8 1:06,外国女生还是比较恋爱脑一点，好哄。随便说几句好听的，驯服的服服帖帖,1
2025/3/8 1:11,这下工作直接完犊子啦[偷笑],1
2025/3/8 1:12,就是啊[泪奔],0
2025/3/8 1:14,@王qian一 @妮太baby辣,0
2025/3/8 1:19,杀人了,1
2025/3/8 1:24,@30岁发达?? 以前爸爸去哪儿还没看出来这小子是这种人,1
2025/3/8 1:28,阿诺头好小,1
2025/3/8 1:47,董力没眼看[不看][不看]绝对妈宝极品,1
2025/3/8 1:52,董力是谁？没搞明白，哪里来的怕粉丝知道？,1
2025/3/8 2:06,让你自信没让你自负,0
2025/3/8 2:08,结过婚的都知道，这男的开始嫌弃妻子了[感谢]而且是很嫌弃。[感谢],1
2025/3/8 2:17,@不猪 [尬笑]下头,1
2025/3/8 2:23,@聪明宝贝蛋,0
2025/3/8 2:36,@我就是我啊 我看的时候也可纳闷了，他为啥不愿意公开，他又不是爱豆,0
2025/3/8 3:11,董力，你要知道，火的是阿拉蕾，不是你,1
2025/3/8 3:20,怪不得,1
2025/3/8 3:31,主要我也不咋看内娱时事[宕机],0
2025/3/8 3:38,我不信，剧本而已，等节目后期又洗白,1
2025/3/8 4:11,当时还没红,0
2025/3/8 4:19,不是，这个董力到底是谁啊[捂脸],0
2025/3/8 4:23,董力最近一年蛮忙啊，上一次参加那个什么少年，蹭十个勤天流量，现在参加这个节目，我觉得真的被李承铉说到了，四对夫妻，有没有可能就他参加的是另一个节目,0
2025/3/8 4:24,抖音粉丝23.5万是不是粉丝也能造假啊？我都没刷到过找个人,1
2025/3/8 4:34,人家韩庚当年才是顶流好吧，董力不会以为他和韩庚一样有知名度吧,1
2025/3/8 4:55,不是，他到底干啥的[捂脸]真的粉丝嘛,1
2025/3/8 5:47,董是谁,0
2025/3/8 6:23,不认识,0
2025/3/8 6:41,明明是当年韩庚他们宿舍一起租学姐的旧电脑，结果他们要毕业离校时才发现学姐早就毕业离开学校找不到人了,0
2025/3/8 6:49,阿诺是不是没有下载反诈app,0
2025/3/8 6:50,不是这个节目，我不认识他，我还特意查找董力是谁,0
2025/3/8 6:56,上节目连装都不装，那个求婚太省了,1
2025/3/8 7:29,@董大力,0
2025/3/8 7:36,丹姐：董什么力？你的代表作是什么？,1
2025/3/8 7:38,董力是哪个？,0
2025/3/8 7:45,旁观者清,0
2025/3/8 7:47,她表达的意思是怕一些无脑喷，会伤害到董力或者他的孩子，而不是她很自卑,0
2025/3/8 7:49,但凡懂一点面相的都不找这种男的,1
2025/3/8 7:52,@Jgg,0
2025/3/8 8:03,@周迩迩【努力码字版】,0
2025/3/8 8:12,董力还没有小诺有实力 以前是模特  现在让人家做家庭主妇  还隐婚  你需要隐吗  认识你的人太少了,1
2025/3/8 8:16,你搞错了[尬笑]是阿拉蕾很细心的照顾他[尬笑]他“细心”到编导都看不下去了 一直乱糟糟的头发还给孩子喂剁椒鱼吃[尬笑]你去看细扒吧,1
2025/3/8 8:20,董力有啥粉丝[捂脸],1
2025/3/8 8:21,董力是谁？？？？？,0
2025/3/8 8:45,@芥末酱子 也要塌[不失礼貌的微笑],1
2025/3/8 9:03,是的，岛屿少年也翻车,1
2025/3/8 9:09,看了董力那一对，我发现，恋爱脑是真没救了[捂脸],1
2025/3/8 9:10,他的眼睛很少看她就说明了,1
2025/3/8 9:13,这个女孩有社交帐号吗  想告诉她 她老公并不是什么明星[捂脸],1
2025/3/8 9:15,别人是装都不想装，董力是想装都装不明白……,1
2025/3/8 9:21,董力好直男好没有情商[我想静静][我想静静][我想静静][我想静静][我想静静][我想静静],1
2025/3/8 9:25,我甚至不知道是谁[泪奔],0
2025/3/8 9:34,听口气，那叫爱一个人嘛，话里有话，感觉你很好似的被冤枉的，女的好憋屈啊，无奈，配合，你看其他几对相处模式,0
2025/3/8 9:40,行动在哪里？,1
2025/3/8 9:57,你没仔细看吧[捂脸],0
2025/3/8 10:11,董力是谁[发呆],0
2025/3/8 10:17,可能吧，毕竟去年岛屿少年翻车了,1
2025/3/8 10:18,@^AVA^,0
2025/3/8 10:19,[九转大肠][九转大肠][九转大肠],0
2025/3/8 10:22,确实不太招喜～,0
2025/3/8 10:22,@^VAV^,0
2025/3/8 10:29,[看]没细看，但他当时确实也没现在这样[看],0
2025/3/8 10:44,@树大,0
2025/3/8 10:54,董力真的是，没有顶流命 有顶流病,1
2025/3/8 10:57,我的妈啊[捂脸]我都觉得阿诺被pua的程度都已经让姓董的盲目自信了,1
2025/3/8 11:10,他有什么粉吗还怕掉粉[宕机],1
2025/3/8 11:11,阿诺在爱这个大爹什么[宕机][宕机][宕机][宕机],1
2025/3/8 11:19,@喂喂喂w,0
2025/3/8 11:32,外国人有自己的王宝钏,0
2025/3/8 11:38,单眼皮的人性格大多数冷漠 经验所得,1
2025/3/8 11:55,董力是资源咖吗？为啥常常上综艺,0
2025/3/8 11:58,怎么了人也没出轨各过各的生活,0
2025/3/8 11:59,小时候可喜欢韩庚了，还记得他妈妈开了家什么梅花饺子馆[泪奔],0
2025/3/8 12:02,这两人可不是一个档次的，韩庚20年前那叫顶流，我们上学的时候家里墙上贴的海报都是他。,0
2025/3/8 12:02,昨天看了一个片段，他的优秀发言被网友骂了，然后又开始骂老婆[微笑],1
2025/3/8 12:04,嗯嗯，和性格可能也有点关系,0
2025/3/8 12:12,这算不算在外国友人跟前抹黑我们[裂开][裂开][裂开][裂开][裂开],1
2025/3/8 12:15,所以接下来可以去另外一个节目了[捂脸],0
2025/3/8 12:26,博主搞个双语版吧，万一哪天可怜的小姐姐自己刷到了呢,0
2025/3/8 12:31,他长得好像钟汉良和李现脸上不满意的点融合在一起了,1
2025/3/8 12:36,本质是处女座[黑脸][黑脸],1
2025/3/8 12:41,@王斯傅! 你看,0
2025/3/8 12:52,弱弱的说董力的眼睛好吓人,1
2025/3/8 12:52,@辣味科幻多层次大福 @游民爷 @聪明?? @敌敌畏柠檬 @villanellej 谁来管管这个男的吧[泪奔],1
2025/3/8 12:56,董力给我感觉外面有人，又想要火，所有都能利用。,1
2025/3/8 12:58,咋整，她乐意啊[酷拽],1
2025/3/8 12:59,有些男的就没有爱,1
2025/3/8 13:07,人家杨子最起码都是真钱砖石呀，这送花都只送9朵，戒指都是银的[泪奔][泪奔][泪奔],0
2025/3/8 13:23,真恶心[泣不成声],1
2025/3/8 13:26,董力这媳妇挺好的,0
2025/3/8 13:27,不要忘记了，一对是演员一对不是,1
2025/3/8 13:30,[微笑]最最最尴尬的就是，他岳父拉开抽屉说有一堆开瓶器,0
2025/3/8 13:32,梅花家人,0
2025/3/8 13:32,什么东西啊这男的,1
2025/3/8 13:51,我本来和我老公挺好的，平时我觉得他对我也很好，但是被你这么一解读，我老公是不是都是装的啊，他就不喜欢贴着我，肢体接触的话从来都是我主动[捂脸],0
2025/3/8 14:08,普通男孩子去见女方父母 基本都会提烟酒茶 只是价格不一样 带个开瓶器属实…,0
2025/3/8 14:27,所以谁是董力？,0
2025/3/8 14:30,不是，去年他也很火的，就是跟孙辰箫就那谁一个综艺，你们没看吗，都给我去看！！！更抓马,0
2025/3/8 14:40,董力的粉丝们出来，他娶老婆影响你们的爱啦？,1
2025/3/8 14:53,被拍到，为啥不发，能不能是因为你根本就不是大明星，不是很火呢[捂脸][捂脸][捂脸],1
2025/3/8 15:08,董力到底是怎么和他老婆形容他的职业的[呆无辜],0
2025/3/8 15:25,[泪奔]董力我是因为孙丞萧那个节目知道这么个人，然后去查他才知道，昂，他参加过阿拉蕾那个节目,0
2025/3/8 15:28,他们说是老外被骗的最惨的一次[泪奔],1
2025/3/8 15:38,禁止虐待外国人,0
2025/3/8 15:44,对啊，爸爸去哪儿,0
2025/3/8 15:46,你感觉应该是对的  他好像有点嫌弃他老婆 但我感觉他老婆应该觉得咱们多管闲事[捂脸],0
2025/3/8 15:48,在梦里[看],0
2025/3/8 16:07,站在你身边的可能，妈呀，你是谁呀？你是什么大霸总还是啥的[泪奔],1
2025/3/8 16:15,谁认识他？？？？？？公共场合都不去？？？？？,1
2025/3/8 16:27,也许，可能，他觉得他的女友粉多[尬笑],0
2025/3/8 16:28,[泪奔][泪奔]救命，董力不会觉得他真的很火吧，反正我不认识。,1
2025/3/8 16:53,周杰伦一年啥都不干，那些歌都几亿收入,1
2025/3/8 17:11,然后播完了更接不到活了,1
2025/3/8 17:12,这人都没粉还怕掉粉，果然这人越没啥越怕啥,1
2025/3/8 17:23,董力真的是很让人下头的典型奇葩渣男,1
2025/3/8 17:46,外国人有外国人的恋爱脑,0
2025/3/8 17:50,岳父爱喝酒，送了个开瓶器？？？[捂脸]这就是ai代替不了人类的原因,0
2025/3/8 17:51,我朋友的评论笑发财啦哈哈哈哈哈哈,0
2025/3/8 17:53,我感觉他有点嫌弃他老婆[宕机],1
2025/3/8 18:23,节目我看了，具体不清楚，个人看到的感觉有些敷衍,0
2025/3/8 18:34,我甚至都不知道董力是谁[捂脸],0
2025/3/8 18:54,感受不到爱！,1
2025/3/8 18:55,我都不认识他是谁，偶像包袱太重,1
2025/3/8 18:58,爸爸去哪他也是这样子的,0
2025/3/8 18:59,谁在粉董力？,1
2025/3/8 19:08,@是妮蔻不是妮妮,0
2025/3/8 19:11,跟我家一模一样，其实我心里很清楚，他就是不爱她而已。,0
2025/3/8 19:14,不是我乌鸦嘴，这一对难得长久[捂脸],0
2025/3/8 19:16,觉得博主说的有点道理[捂脸],0
2025/3/8 19:16,他不是不会，他只是不想喜欢你，,0
2025/3/8 19:21,懂力是不是怕他的粉丝吃醋啊,1
2025/3/8 19:22,董力是谁我都不认识,0
2025/3/8 19:25,而且据说刚见面就想让他媳妇儿给他生孩子。,1
2025/3/8 19:26,救命啊 阿诺不会以为董力在中国是大明星吧[噢买尬],0
2025/3/8 19:26,他们两个是最尴尬的一对，不知道为什么,0
2025/3/8 19:29,去参加再见爱人吧,0
2025/3/8 19:34,董力可能心里有其他人了,0
2025/3/8 19:35,那为啥结婚,0
2025/3/8 19:36,他就是这样以为的,0
2025/3/8 19:36,其他三对都认识，这对不认识，,0
2025/3/8 19:39,因搞大对方肚子，他作为演员需要考虑长远，万一被女的曝光网络那他就别想混娱乐圈发展,1
2025/3/8 19:39,不爱就滚蛋  死装男   这种生物是怎么活着的,1
2025/3/8 19:39,为什么我看了根本就不是这样的呢,0
2025/3/8 19:39,所以不懂为啥上这个节目，他是不是以为这是再见，爱人[捂脸][捂脸],1
2025/3/8 19:46,去再见爱人体验体验,0
2025/3/8 19:46,这个男的好下头,1
2025/3/8 19:46,可怕的是，生活中好多董力[微笑],1
2025/3/8 19:47,肯定这么想的，不然不会这么不自信（女方家庭条件跟董力比并不差）,1
2025/3/8 19:52,不爱就是这样的,0
2025/3/8 19:52,不爱喽,0
2025/3/8 19:52,我也看了，我觉得爱与不爱很明显,0
2025/3/8 19:54,他们是不认识直接生娃吗,1
2025/3/8 19:56,没有想象中??，是谁的豆[捂脸],0
2025/3/8 19:56,应该不是粉丝，他有多少粉丝[捂脸],0
2025/3/8 19:58,刚想说，现实生活中，老公都是董力,0
2025/3/8 19:58,就像两个没有过亲密接触的人,0
2025/3/8 19:58,更严重的是这女的没有发现什么问题[尬笑],1
2025/3/8 20:00,我老公就是生活中的董力,0
2025/3/8 20:02,买九朵玫瑰的时候真的好尴尬,0
2025/3/8 20:02,我年龄有点大，别喷我，我想问问董力是做什么的？我怎么没有听说过这个名字,0
2025/3/8 20:02,啥爱豆 没听过,1
2025/3/8 20:06,阿诺是不是2g网啊[捂脸],1
2025/3/8 20:06,这男人，唉,1
2025/3/8 20:07,爸爸去哪 里带阿拉蕾的董爸爸,0
2025/3/8 20:08,因为董力不是演员。中国人不会当着外人表达，就是含蓄。他代表了大多数人,0
2025/3/8 20:08,董力是谁，运动圈对还是演绎圈的,0
2025/3/8 20:08,不喜欢为什么在一起,1
2025/3/8 20:10,@没头脑和不高兴??,0
2025/3/8 20:11,爱与不爱很明显,0
2025/3/8 20:11,实在太明显了[捂脸],0
2025/3/8 20:13,以前是击剑运动员,0
2025/3/8 20:14,哦哦,0
2025/3/8 20:14,这个爸爸去哪节目我还没有看过呢，回头看一眼,0
2025/3/8 20:15,比明星档次高，国家队的,0
2025/3/8 20:16,哈哈哈[坏笑]大部分人都这反应,1
2025/3/8 20:18,董力现实写照，现实生活中很多都是董力这样的,0
2025/3/8 20:19,他俩是半路签合同来的吧[不失礼貌的微笑],0
2025/3/8 20:19,我看了好几个董力的视频，我一直忍着没有问，怕别人骂我[捂脸]，我真的不认识这个人[泪奔],0
2025/3/8 20:20,@火辣果他还整个他是爱豆 一个运动员而已,1
2025/3/8 20:20,还想pua阿诺,1
2025/3/8 20:21,他？偶像？爱豆？,1
2025/3/8 20:25,没看他们路透吗？一对手拉手，一对无交流，这可不是演的，综艺节目就是能把人的缺点优点都暴露出来,0
2025/3/8 20:25,不爱就放手吧,0
2025/3/8 20:27,不恩爱也没董力这样呀,1
2025/3/8 20:36,男的在外面应该有别的,1
2025/3/8 20:37,董在里面还可以 现在不知怎么了[捂脸],0
2025/3/8 20:39,谁是他的粉丝啊,1
2025/3/8 20:39,这是综艺有剧本的吧。每一对人设就不一样。万一人家私下不是这样的呢,0
2025/3/8 20:40,勿喷,0
2025/3/8 20:40,有第一次见过这个人的吗[捂脸][捂脸]我以前都没听过,0
2025/3/8 20:41,我印象里的爸爸去哪还是有林志颖那期的,0
2025/3/8 20:44,恋爱九年结婚五年，大的孩子七岁，我真是搞不懂了,0
2025/3/8 20:47,[尬笑],0
2025/3/8 20:52,emmmm他都没公开，节目组咋知道他已婚且是异国婚姻[思考]不会是他为了上节目自己报的名吧,0
2025/3/8 20:54,原来真的是阿拉蕾那个董力[尬笑]是谁带阿拉蕾都觉得好吧，阿拉雷那么可爱[泣不成声],0
2025/3/8 20:55,～@??瑶老板yy,0
2025/3/8 20:58,他在岛屿少年里面就很迷，没演技没流量，他到底谁在捧啊,1
2025/3/8 21:00,他是被逼着结婚的？？？,1
2025/3/8 21:01,"有个好消息：董力终于刷到网友的评论了
有个坏消息：他老婆很自责[泪奔]更心疼他了[捂脸]",0
2025/3/8 21:02,董力没出轨吧[微笑],0
2025/3/8 21:02,2025.3.8,0
2025/3/8 21:03,不爱就是不爱,0
2025/3/8 21:03,会不会又像麦琳那对最后来个反转[看],0
2025/3/8 21:05,感觉董力是宝妈男,1
2025/3/8 21:05,有小孩了[看],0
2025/3/8 21:07,"他没演，很真实。
其他人在演戏作秀。",1
2025/3/8 21:07,老天我以为他才结婚，结果孩子都2个了,0
2025/3/8 21:10,董力有这么多工作吗[捂脸],0
2025/3/8 21:10,不爱,1
2025/3/8 21:12,现实真实,0
2025/3/8 21:12,去隔壁再见爱人吧[九转大肠],1
2025/3/8 21:13,就是不爱,1
2025/3/8 21:13,我个人觉得，老公很帅，能养家，自己能衣食无忧的陪伴孩子，这也是一种幸福,0
2025/3/8 21:14,感觉他俩不熟[微笑],0
2025/3/8 21:17,也可以怎么说,0
2025/3/8 21:17,不是，孩子都生俩了，还抗拒啥,1
2025/3/8 21:19,@高額頭小番薯,0
2025/3/8 21:19,对呀，孩子都生了还在抗拒。,1
2025/3/8 21:19,没有吧,0
2025/3/8 21:22,忍不住不猜测[泪奔][泪奔],0
2025/3/8 21:22,鞋子合不合脚只有自己知道。,0
2025/3/8 21:23,人和人的性格不一样啊，没必要黑化,0
2025/3/8 21:23,他没有粉丝吧,1
2025/3/8 21:25,怎么就喜欢这样的男的，太不值得了,1
2025/3/8 21:25,阿诺有一种被拐进大山里当媳妇儿的感觉[敲木鱼]太可怜了,1
2025/3/8 21:26,我也感觉他似乎为了某个人努力与老婆撇清关系,1
2025/3/8 21:27,如果阿诺没有中国朋友的话肯定是得,1
2025/3/8 21:30,这个董和我老公一样,0
2025/3/8 21:31,emm…他真的不爱他老婆[捂脸],1
2025/3/8 21:31,董力是什么爱豆,0
2025/3/8 21:32,让他俩去再见爱人吧[笑哭][笑哭][笑哭],0
2025/3/8 21:32,韩庚结婚了？,0
2025/3/8 21:33,这个女孩是上当受骗了吧,0
2025/3/8 21:33,对对对，我老公就这样,0
2025/3/8 21:33,我老公也这样说话，[捂脸]有些人就是性格问题,0
2025/3/8 21:34,只能说没有太爱而已,0
2025/3/8 21:34,感觉董立 像是为了婚姻结婚的 包办婚姻吗,0
2025/3/8 21:35,他们不适合这个节目,1
2025/3/8 21:35,虽然但是………,0
2025/3/8 21:37,可不要再pua没结婚的了，结婚后冷脸才是百分之99常态,1
2025/3/8 21:38,爱和不爱真的很明显,0
2025/3/8 21:41,董力是爱豆[疑问],0
2025/3/8 21:42,这季其他对都很好，就这对有点一言难尽，女孩很好，只是董力[尬笑],1
2025/3/8 21:43,富婆？[不是吧],1
2025/3/8 21:44,剧本不会找他两个的，他们不是演员，会演砸的,1
2025/3/8 21:44,我老公私底下和我特别亲密，可是一有人的时候他就像变了个人一样,0
2025/3/8 21:45,@PULI. [表面微笑],0
2025/3/8 21:46,一直都不喜欢董力,1
2025/3/8 21:47,之前是国家队的，后来退役了,0
2025/3/8 21:47,我猜也是 而且他没什么本事 但资源挺好的,1
2025/3/8 21:47,让阿诺火起来吧，搞事业吧女孩子！,0
2025/3/8 21:48,董力谁呀？,0
2025/3/8 21:49,有没有一种可能。因为他不红所以招黑的角色也可以试试,1
2025/3/8 21:50,他妻子很漂亮性格也挺好的,0
2025/3/8 21:50,马来西亚男人好[偷笑],1
2025/3/8 21:51,上错节目了[尬笑],0
2025/3/8 21:51,好恶心一男的,1
2025/3/8 21:54,这人是干啥的，,1
2025/3/8 21:54,这个董力到底是什么……？都不认识,0
2025/3/8 21:55,他不仅不爱，分手是他梦寐以求的，他参加《再见爱人》，正合他心意。,1
2025/3/8 21:55,下头男,1
2025/3/8 21:55,我要没看肯定被你引导，明明有牵手[抠鼻],1
2025/3/8 21:56,所以爱不爱一眼就看出来了,0
2025/3/8 21:57,这个董力是谁我都不认识[尬笑][尬笑],0
2025/3/8 21:57,剧本吗 总有一对需要话题 争议,1
2025/3/8 21:58,这个人很无语，看着都烦，在那个节目里面也是，没有行动力，纸上谈兵[捂脸],1
2025/3/8 21:58,太上杆子了,1
2025/3/8 21:59,他不爱是血淋淋的,1
2025/3/8 21:59,你好勇 我都不敢发 哈哈哈 真的就是有人不允许他和爱人秀恩爱,0
2025/3/8 21:59,蠢的离谱了,1
2025/3/8 21:59,我也不认识[捂脸],0
2025/3/8 22:01,传说中的普信男？[捂脸][机智][噢买尬],0
2025/3/8 22:01,大直男，句句都踩在雷点上[捂脸],1
2025/3/8 22:01,好像每期都有一对离,0
2025/3/8 22:03,有几个在外面亲嘴的很少的[捂脸],0
2025/3/8 22:03,无感这一对,0
2025/3/8 22:05,谁来告诉阿诺一下，董在中国不是大明星,1
2025/3/8 22:08,他越看越像陈翔[微笑][微笑][微笑],0
2025/3/8 22:08,导演不让吧，炒点流量,1
2025/3/8 22:08,不是杠哈，胡静老公也不是演员啊[笑哭],0
2025/3/8 22:08,他好像最高獎項是全國賽的第三  世界賽沒拿過名次,0
2025/3/8 22:10,他生怕和妻子太亲近，让他的粉丝伤心了[泪奔][泪奔]可是谁在乎啊,1
2025/3/8 22:13,这就是个愣子,1
2025/3/8 22:15,@333,0
2025/3/8 22:15,他是啥职业,0
2025/3/8 22:16,他是不是有女朋友[绝望的凝视],1
2025/3/8 22:18,无比可怜的阿,1
2025/3/8 22:19,他俩感觉不熟,0
2025/3/8 22:20,一看就是不爱了,1
2025/3/8 22:20,爱豆！！！？？？[尬笑],1
2025/3/8 22:20,早晚的事儿,0
2025/3/8 22:22,对啊，他在装什么啊，他老婆也是惨,1
2025/3/8 22:23,董力是干嘛的[捂脸],0
2025/3/8 22:23,前运动员,0
2025/3/8 22:28,董力已婚男人和老婆保持距离，我判定你人品有问题。@董大力,1
2025/3/8 22:34,这个女生到底看上他什么了[尬笑],1
2025/3/8 22:34,是不是,0
2025/3/8 22:35,董力是谁？演过什么电视？,0
2025/3/8 22:38,就是不爱,1
2025/3/8 22:38,他为什么不能直接回答问题，每个问题都要来一个疑问句？,1
2025/3/8 22:40,现实也不这样[笑哭],0
2025/3/8 22:40,他不喜欢她,0
2025/3/8 22:41,用不着什么都剧本论[泪奔],0
2025/3/8 22:41,嫌弃干嘛结婚,1
2025/3/8 22:42,@不吃巧克力 @winko,0
2025/3/8 22:42,没进国家队，有个视屏说的,0
2025/3/8 22:44,每期播到他这对我都选择跳过哈哈哈哈哈[舔屏],0
2025/3/8 22:46,可以考虑另一个综艺,0
2025/3/8 22:46,普通人的生活应该跟他们差不多吧,0
2025/3/8 22:47,应该上再见爱人,0
2025/3/8 22:49,出轨了吧，这么刻意保持距离，是怕那个藏在暗处的人看见吗？,1
2025/3/8 22:49,有没有可能董力就长那样,0
2025/3/8 22:50,董力长得也很一般啊[捂脸]为啥嫌弃自己老婆,1
2025/3/8 22:52,"有点下头
什么给她站在你身边的一个可能[笑哭]
意思是一直在想着啥时候分开吗[笑哭]
可以这样理解吗[捂脸][玫瑰]
我觉得这跟大男子主义没关系，完全是因为不爱[灵机一动]",1
2025/3/8 22:52,觉得董力是因为孩子才结婚，没有爱情,1
2025/3/8 22:52,喜欢这个董力什么？？？？,1
2025/3/8 22:53,@小白船,0
2025/3/8 22:54,为什么要比较每个人不一样夫妻之前的事只有他们自己知道。人家在家人怎么亲都看不见,0
2025/3/8 22:54,早晚离婚,1
2025/3/8 22:55,嫌弃娃是呀出来的。,1
2025/3/8 22:55,家里没底线的腻歪，有旁人就做不出来，是怎么回事？,1
2025/3/8 22:56,我要说我欣赏不来阿诺的颜值 会不会被喷……[微笑][微笑],0
2025/3/8 22:57,看了综艺。感觉还好呀。营销号别乱剪辑,0
2025/3/8 22:58,我老公也是,0
2025/3/8 22:58,不难理解呀，他是怕他粉丝不舒服,0
2025/3/8 22:58,想黑红吧,1
2025/3/8 22:59,知道就行都是过来人有的人老公在外面亲亲抱抱好人在家就是冷暴力所以夫妻的事情他们自己清楚。真的不幸福早离婚了,0
2025/3/8 22:59,哦！！！！那么嫌弃妻子，他有粉丝吗？？有人在乎吗？？？,1
2025/3/8 23:01,我是真的忘了董这个人了，一开始就觉得有点眼熟，百度了一下想起来参加过一个亲子类节目。所以为啥他怕掉粉？？,0
2025/3/8 23:02,@在在?????????? [冷漠],1
2025/3/8 23:02,他谁啊请问？爱豆？？,1
2025/3/8 23:02,我老公人前就这样，人后变了个人[捂脸],0
2025/3/8 23:04,@叫我晨宝宝,0
2025/3/8 23:05,哈哈，怕翻车,1
2025/3/8 23:06,董力不太爱呀,0
2025/3/8 23:07,同感，大多中国人不喜欢在外面亲亲我我,0
2025/3/8 23:08,他不爱很明显了[捂脸],0
2025/3/8 23:08,阿拉蕾当初超级爱他董爸爸,0
2025/3/8 23:08,渣男,1
2025/3/8 23:09,谁认识他啊,1
2025/3/8 23:09,我老公在外面绝对不会主动和我有身体接触的 牵手都是我主动,0
2025/3/8 23:09,就是不爱！,1
2025/3/8 23:09,从第一节就看到了很多细节…爱与不爱很明显[灵机一动],0
2025/3/8 23:10,这不就是传说中的冷暴力吗,1
2025/3/8 23:11,看妻子的面容就知道丈夫怎么样,1
2025/3/8 23:12,董力到底是做什么的,0
2025/3/8 23:12,董力是直男型,0
2025/3/8 23:13,以前还觉得董挺好，现在要反感董了，一眼看得出他一点不爱老婆[捂脸],1
2025/3/8 23:15,常态化懂力,0
2025/3/8 23:15,我也是,0
2025/3/8 23:17,@啥玩意儿,1
2025/3/8 23:18,后面又会洗白吧，和麦琳一样[捂脸],1
2025/3/8 23:18,长董力这种眼睛的男人，我都觉得不是啥好人[捂脸][捂脸],1
2025/3/8 23:18,这个女人 简单,1
2025/3/8 23:21,那不是直男 是不爱,0
2025/3/8 23:21,@李珉锐,0
2025/3/8 23:22,会不会跟当初的陈赫一样，已经签了合同接下了邀请，即使离婚了也硬着头皮上了节目。,0
2025/3/8 23:22,@AdamZZZZzzzz [钱]??无语死了,1
2025/3/8 23:23,赶紧离了，阿诺一定光芒万丈,0
2025/3/8 23:24,恋爱脑女儿我直接一巴掌,1
2025/3/8 23:26,他有病吧 自信什么,1
2025/3/8 23:28,我看阿诺感觉她好疲惫,0
2025/3/8 23:34,@-换个好听的名字-,0
2025/3/8 23:37,去年岛屿少年，今年结婚五年。,0
2025/3/8 23:38,他工作有这么多吗[暗中观察],0
2025/3/8 23:41,[捂脸]我真的觉得他一点都不爱她 我的第六感 觉得早晚的事儿,1
2025/3/8 23:41,有的人在人前和人后完全两个性格，有外人不愿表达，私下什么都不会落下[看],0
2025/3/8 23:42,董力是干嘛的？,0
2025/3/8 23:42,同感,0
2025/3/8 23:42,肢体语言会告诉你爱或者不爱,0
2025/3/8 23:43,董在忙什么，没时间陪孩子[捂脸],0
2025/3/8 23:47,人设？故意这样的？,1
2025/3/8 23:50,董力是干啥的？,0
2025/3/8 23:51,感觉是炒作剧本,1
2025/3/8 23:54,董力这样更加掉粉 偶像包袱太严重,1
2025/3/8 23:55,别再骂董力了，应该带阿诺去医院看看脑子！！！！,1
2025/3/8 23:56,他准备走麦琳的路    毕竟黑红也是红[捂脸],1
2025/3/8 23:57,我一看到我老公就想亲亲他的小脸蛋，结婚20年了,0
2025/3/8 23:59,跟我名字一样,0
2025/3/9 0:00,[赞],0
2025/3/9 0:00,PUA打压,1
2025/3/9 0:01,他体面[尬笑],0
2025/3/9 0:01,董丽大鬓角，留这种鬓角的通常很花,1
2025/3/9 0:01,可能觉得老婆有点老吧,1
2025/3/9 0:02,我也这么想,0
2025/3/9 0:04,他有多少粉丝？,0
2025/3/9 0:05,“爱豆”“丈夫”“父亲”那个合格？,1
2025/3/9 0:11,来，我就看看有多少是董力的粉丝，害怕伤粉丝心，你怕不是害怕上不到粉丝了，没人给你解决需求了吧。,1
2025/3/9 0:11,不喜欢在镜头秀恩爱有问题吗？[捂脸],0
2025/3/9 0:12,我也不喜欢在别人面前恩爱阿！其实很现实的现象比,0
2025/3/9 0:15,@暖一杯奶茶,0
2025/3/9 0:15,哈哈哈姐妹[赞],0
2025/3/9 0:15,[赞][赞][赞][赞][赞][赞],0
2025/3/9 0:16,因为不爱吧，,0
2025/3/9 0:18,七年之痒了吧[尬笑],1
2025/3/9 0:20,连演都不想演啊,0
2025/3/9 0:21,哎 我老公也是 一旦有人马上是话都不说 但是我们两个人在一起单独的时候真的是无话不谈 什么都好好,0
2025/3/9 0:25,练啥的,1
2025/3/9 0:29,看了节目感觉董力看不上阿诺[绝望的凝视]因为孩子被迫在一起的感觉,1
2025/3/9 0:29,为了孩子结婚的，可能就是没有爱吧,0
2025/3/9 0:29,阿诺这么好看且优秀的女孩子，爱的好卑微,0
2025/3/9 0:30,为啥要结婚啊,0
2025/3/9 0:31,说真的，虽然我自己啥也不是，但她真不好看,1
2025/3/9 0:41,不爱了。,0
2025/3/9 0:45,迟早离婚,1
2025/3/9 0:46,女孩被洗脑了,1
2025/3/9 0:46,这个男的是谁明星吗？应该不是吧，,0
2025/3/9 0:47,我觉得他绝对有出轨,1
2025/3/9 0:55,[尬笑]无语,0
2025/3/9 0:55,[抠鼻]关键他生孩子也没陪在老婆身边 说怕被人偷拍 离谱,1
2025/3/9 0:56,@以七～,0
2025/3/9 0:56,韩庚都没自称爱豆，董力怎么敢啊[捂脸],1
2025/3/9 1:04,爱与不爱一看就知道[敲木鱼][敲木鱼][敲木鱼],0
2025/3/9 1:05,他给我一种觉得自己很多女粉丝不能辜负的感觉,0
2025/3/9 1:08,他有那么多工作需要忙吗还陪不了孩子[暗中观察],1
2025/3/9 1:10,我老公也是,0
2025/3/9 1:10,我老公说绝对出轨所以还是男人最懂男人[尬笑],1
2025/3/9 1:11,可能为了女友粉？,0
2025/3/9 1:12,我觉得想多了 很多人在外人面前不喜欢亲密 很尴尬！,0
2025/3/9 1:13,我天，他孩子都那么大了,1
2025/3/9 1:16,不爱吧,1
2025/3/9 1:18,这人是谁都不知道[抠鼻],1
2025/3/9 1:19,运动员,0
2025/3/9 1:21,董力这对儿上节目就对了，最起码网友能指出他身上的不足，让他能好好“正视”一下自己[看],0
2025/3/9 1:21,看剧我们都爱看甜蜜的，可现实大多都是董力这样的。哎～但也不能说是不爱，每个人爱的表达程度不一样[躺平],0
2025/3/9 1:24,他是谁的爱豆？？？,0
2025/3/9 1:25,越看他越烦[泪奔]太能作了，显得自己很红一样,1
2025/3/9 1:28,知道懂力，好像因为阿拉蕾[捂脸],0
2025/3/9 2:01,@吖?? @念安?? @疯狂的野猪?? @彭哈哈。,0
2025/3/9 2:01,普信男真可怕，不知道妈不妈宝,1
2025/3/9 2:01,董力不爱了[机智],1
2025/3/9 2:04,"传说中的""董""哥",0
2025/3/9 2:12,当年他俩官宣，吴京还发了微博，我的男孩我的女孩[奸笑],0
2025/3/9 2:13,[发呆],0
2025/3/9 2:14,当一个人开始拒绝??另一半的身体接触那肯定是有问题的,0
2025/3/9 2:20,又是一段让人窒息的婚姻[捂脸],0
2025/3/9 2:20,那为什么结婚,0
2025/3/9 2:25,我老公在外人面前对我特别好，在家就是拿着个手机，所以我经常说他，在外面对我好做给谁看呢,0
2025/3/9 2:30,下头男[尬笑],1
2025/3/9 2:52,[抠鼻] 红过吗,1
2025/3/9 2:52,大老远从中国给岳父带了个开瓶器[尬笑]我也是服了，当时我觉得我的脸都被他丢出国了[打脸],1
2025/3/9 2:55,我目前看不懂董力真的是这种性格还是………更希望他是他自己说的那种说的少做的多的人吧[微笑],0
2025/3/9 3:21,根本就是不爱,1
2025/3/9 3:22,之前看了一个评论：没想到国外也有王宝钏[捂脸],0
2025/3/9 3:58,对,0
2025/3/9 4:03,眼神都能看出来  这个男生有点问题,1
2025/3/9 4:11,可以离婚吗,0
2025/3/9 4:28,有没有种可能是人家面对镜头害羞呢,0
2025/3/9 4:29,这人是哪个领域的爱豆，都没听过[震惊],0
2025/3/9 4:30,他以为他自己是谁 跟妻子肢体接触会掉粉？ 故意这样装才会掉粉吧。话说回来，这个人我从来没听过呢[裂开],1
2025/3/9 4:31,渣渣,1
2025/3/9 4:48,可能年轻面对节目镜头害羞，不敢太肢体接触,0
2025/3/9 6:14,老外不耐老，好快变妈妈[捂脸],1
2025/3/9 6:20,董力小，可能还是初恋,0
2025/3/9 6:32,估计要掉很多粉了[捂脸],0
2025/3/9 6:32,卡粉？？？下头男 谁会在镜头说这话啊,1
2025/3/9 6:41,去参加再见爱人,0
2025/3/9 6:59,恶心??,1
2025/3/9 7:01,认识董力的多吗,0
2025/3/9 7:11,虽然一群人喷董力不红，以普通男性的视角看 一米九 上海人 本科文凭 收入不错 在国内找个年轻漂亮性格好也不是什么问题[泪奔],0
2025/3/9 7:23,生活中全是董力吧,0
2025/3/9 7:25,他可能以为董力像当初的韩庚那么火,0
2025/3/9 7:28,爱与不爱真的很容易看出来,0
2025/3/9 7:41,董力是谁？,0
2025/3/9 7:47,我就是在外面亲不好意思，年轻的时候,0
2025/3/9 7:57,不会是那啥骗婚吧,1
2025/3/9 7:58,[泣不成声],0
2025/3/9 7:58,那是怎么结婚的啊[泣不成声],0
2025/3/9 8:22,感觉董力情商好低,1
2025/3/9 8:36,我老公也是,0
2025/3/9 8:43,真的不认识,0
2025/3/9 8:47,我看了正片，也没有剪辑那样不堪[九转大肠][九转大肠][九转大肠],0
2025/3/9 8:47,@董大力 渣[发怒],1
2025/3/9 8:51,哈哈哈哈,0
2025/3/9 8:53,会不会是有偶像包袱,0
2025/3/9 8:54,两个人的眼睛是长得真像,0
2025/3/9 9:00,压根不知道他是谁,0
2025/3/9 9:08,是演员？,0
2025/3/9 9:17,印象最深刻的评论 董力董力懂得让别人出力,0
2025/3/9 9:21,所以，因为孩子不得不结婚嘛[泪奔],0
2025/3/9 9:23,都10086线了，有也没人拍吧,0
2025/3/9 9:25,这孩子怎么这样啊,1
2025/3/9 9:31,他们应该去再见爱人[捂脸],0
2025/3/9 9:32,阿诺好漂亮的，珍惜吧,0
2025/3/9 9:32,感觉董力的老婆很需要被爱的表现 没安全感 脆弱 看着像个不被爱的恋爱脑,1
2025/3/9 9:47,说自己也是被抱养的，原生家庭也不好[捂脸],0
2025/3/9 9:47,哈哈哈哈哈哈,0
2025/3/9 9:55,对,0
2025/3/9 10:10,董力都结婚这么多年了,0
2025/3/9 10:22,粉丝伤心个屁啊 ，他有多少粉丝呀,1
2025/3/9 10:22,董力有几个粉丝[尬笑],1
2025/3/9 10:30,婚后久了，就变亲情了，最后全凭良心的！,0
2025/3/9 10:31,早晚离婚,1
2025/3/9 10:31,外国恋爱脑[捂脸],1
2025/3/9 10:33,他真的没有自己想象的那么出名[捂脸],1
2025/3/9 10:35,现实生活中有多少人是因为真爱走在一起的，又有多少人结婚后生活是真的甜如蜜糖的？评判的时候，大家想想自己的生活幸福？,0
2025/3/9 10:50,腕儿不大，偶像包袱挺重[泪奔][泪奔][泪奔][泪奔],1
2025/3/9 10:52,这个人和那个张雨剑长得也差不多，性格也差不多,0
2025/3/9 10:57,不是9朵不对，是他有条件有能力给更多，但他没有。如果是条件一般的男生，9朵也足够了。,0
2025/3/9 11:00,他是大明星吗？[捂脸],0
2025/3/9 11:00,他是干嘛的,0
2025/3/9 11:01,董力的咖位还不至于不能公开结果恋爱什么的吧[捂脸],0
2025/3/9 11:02,剧本[尬笑],1
2025/3/9 11:05,可以是99朵可以是999朵，9朵真的扣,0
2025/3/9 11:15,这个董力是干啥的？,0
2025/3/9 11:15,董力感觉他是被父母安排的那种，估计有那啥，生怕被人看出来他会爱他妻子的那种感觉，我讨厌一个人又没办法当着别人的面很明显的感觉,1
2025/3/9 11:17,董力他干嘛？,0
2025/3/9 11:19,骗婚,1
2025/3/9 11:20,他怎么会是爱豆[捂脸],1
2025/3/9 11:21,他有粉丝？,1
2025/3/9 11:24,@Vans如意.?? 情商低？,1
2025/3/9 11:28,[泪奔][泪奔],0
2025/3/9 11:29,@嘻嘻嘻嘻嘿嘿嘿,0
2025/3/9 11:30,这小眯眯眼[尬笑][尬笑],1
2025/3/9 11:37,董力没准真是同,1
2025/3/9 11:38,[捂脸],0
2025/3/9 11:39,他是挺，爱，逗的[微笑],0
2025/3/9 11:40,他确定不是gay,1
2025/3/9 11:41,不要挑拔人家夫妻关系。有人不喜欢在摄影机下、大众视线里亲热。他是运动员，不是明星。,0
2025/3/9 11:45,哈哈哈哈哈哈哈，姐妹你太会了[泪奔],0
2025/3/9 11:49,@hongsick??,0
2025/3/9 11:54,不做评价，因为我想到了当初颖儿和他老公也是被喷得不行，最后发现人家确实是真爱[暗中观察],0
2025/3/9 11:55,我家就有个，出门怕别人知道我们的关系，别人问他就说我是他的秘书[尬笑][尬笑][尬笑][尬笑],1
2025/3/9 11:59,那个阿拉蕾  那假爸爸！反正我记得。,0
2025/3/9 12:00,处女座咋啦,1
2025/3/9 12:01,谁？不认识不了解！谁管你啊！,1
2025/3/9 12:01,都是剧本，当初被骂的很多夫妻后边不都洗白了吗，要的就是流量，因为这些夫妻，只有他们没有名气,1
2025/3/9 12:02,真的不爱,1
2025/3/9 12:04,董力是哪方面的？我真没记忆了   就记得董力和阿拉蕾一起上过节目,0
2025/3/9 12:10,真不喜欢这男的，真把自己当大明星了,1
2025/3/9 12:11,他俩都不是一画风[捂脸],0
2025/3/9 12:12,很让人难堪，无语这种人,1
2025/3/9 12:19,感觉他不爱了，但老婆又没有什么过错，不好找借口离，上个节目，想让网友助攻让老婆离开他，还可以借老婆再上热搜[尬笑],1
2025/3/9 12:19,董力适合去参加再见爱人的节目[捂脸],0
2025/3/9 12:19,居然还有站姐[捂脸],0
2025/3/9 12:23,真的有点，我去董力评论区去问问,0
2025/3/9 12:24,好歹茅台搞两瓶,0
2025/3/9 12:25,既然不爱，为什么要去参加综艺。这种男的应该封杀,1
2025/3/9 12:25,@知书达李女士,0
2025/3/9 12:26,董是处女座，这个星座的男真的不能谈吗？我听别的博主这么说的[大笑],1
2025/3/9 12:33,看着就是没有爱,1
2025/3/9 12:33,啥意思没懂,0
2025/3/9 12:34,有病谁喜欢他啊，喜欢也是因为爸爸去哪儿的小女孩子阿拉蕾好不，,1
2025/3/9 12:38,董力是做什么的？我怎么不认识[捂脸],0
2025/3/9 12:40,真把自己当腕儿,1
2025/3/9 12:45,想要亲嘴回家亲去，,1
2025/3/9 12:48,我老公也是 有人时他不认识我 没人时我不认识他,0
2025/3/9 12:49,@欧布Henry,0
2025/3/9 12:55,其实节目都是剪辑出来的，是节目组想让大家看到的，恩爱不一定外面没有人,0
2025/3/9 13:07,我觉得这是他个人性格的原因，我老公在外面也这样，但不影响他爱我和疼我,0
2025/3/9 13:10,感觉董力一点不喜欢他老婆,1
2025/3/9 13:11,好打脑壳,1
2025/3/9 13:13,不懂好好的男孩怎么找的,1
2025/3/9 13:16,董力微博780多万粉丝，比利时有1178多万人口[泪奔][泪奔][泪奔][泪奔]阿诺不会是以比利时的人口数量换算的董力火的程度吧[泪奔][泪奔][泪奔],0
2025/3/9 13:22,@小盒儿?? 绝了[尬笑],0
2025/3/9 13:27,不知道它在大牌什么,0
2025/3/9 13:28,其他明星其实都是演的  记住他们是演员了 [捂脸][捂脸]  只是懂力没有演罢了[捂脸],0
2025/3/9 13:29,@汉堡 肢体接触就是生理性喜欢,1
2025/3/9 13:29,这样的董力不就是大部分生活的写照吗？,0
2025/3/9 13:31,不要在意这些喷子的话，你俩好就行了。,0
2025/3/9 13:38,他以为他是偶像吧，无人在意，对他老婆好点还能圈波好感,1
2025/3/9 13:43,董力有粉丝？董力粉丝出来看看,1
2025/3/9 13:45,有没有可能董力只是镜头感不够,0
2025/3/9 13:46,认识董力是从阿拉蕾开始[灵机一动],0
2025/3/9 13:46,宋仲基同款面相,0
2025/3/9 13:47,我在想是不是剧情需要 其他都很甜蜜总要有个反差的 哈哈哈哈,0
2025/3/9 13:48,可怜的女人,1
2025/3/9 14:01,谁来告诉我，董力是演过什么吗[捂脸]他是干嘛的[泪奔]我真的不知道[大笑],0
2025/3/9 14:01,他会不会是在镜头面前不好意思呢？或者放不开之类，纯猜测,0
2025/3/9 14:02,我也觉得，可能性格的原因吧，镜头面前放不开,0
2025/3/9 14:11,额,0
2025/3/9 14:22,就是不爱,1
2025/3/9 14:26,而且他知道现在很多人都骂他 他反而怪他老婆[尬笑],1
2025/3/9 14:28,不会是下一个颖儿吧，本来人好好的，剪辑出来这样，过了几年又觉得人可好,1
2025/3/9 14:31,董力是在岛屿与少年里面蛐蛐金莎男朋友那个吗？？？？？,0
2025/3/9 14:31,董力太恶心了,1
2025/3/9 14:34,董力只有自己觉得他很红吧[捂脸][捂脸][捂脸][捂脸],1
2025/3/9 14:37,加油，董力,0
2025/3/9 14:42,我不会被骂吧，这男的不是路人甲？[捂脸][捂脸][捂脸],0
2025/3/9 14:44,我觉得我好像第一次听这个人名字,0
2025/3/9 14:44,真的不爱，董力离婚吧,1
2025/3/9 14:47,不认识,0
2025/3/9 14:49,那句“恋爱脑是男人最好的嫁妆”的含金量还在上升,1
2025/3/9 14:49,戚薇也很多年不见公婆啊，不是她自己说的吗,0
2025/3/9 14:51,突然好讨厌这个人[尬笑],1
2025/3/9 14:51,挺漂亮的姑娘，何苦呢,0
2025/3/9 14:58,他俩看上去不熟[捂脸],0
2025/3/9 14:59,我觉得是原生家庭影响的。别不信，家里人不爱表达那孩子也不爱表达，和爱人接触和表白会有人觉得羞耻，但是我不会。我就非常爱表达感情。对闺蜜也是会说我爱你，你好漂亮，今天穿的好美。我好喜欢你。之类的，对老公也是，今天穿得好帅，你真好，我爱你，贴贴，抱抱，亲亲，就是一定要表达自己的感情出来。因为我很珍惜身边每个人。因为奶奶和外婆过世都在我很小的时候没听见我一句我爱你。中国人很含蓄很多不爱表达和思想封建。我希望大家都勇敢表达爱，别让自己留遗憾。多对家人和孩子说我爱你，真的能给孩子建立一个明确爱的环境。,0
2025/3/9 15:03,董力？他是什么人？明星吗？,0
2025/3/9 15:05,就是不爱 演都不想演,1
2025/3/9 15:14,@大宽,0
2025/3/9 15:21,他结婚了？以前，爸爸去哪还是单身,0
2025/3/9 15:30,不爱,1
2025/3/9 15:34,@极·简,0
2025/3/9 15:39,再见吧爱人,0
2025/3/9 15:41,阿诺有没有抖音 我高低要去告诉她真相[微笑][微笑][微笑],0
2025/3/9 15:45,这个男的压根不知道啊，一分钟前刚知道,0
2025/3/9 15:54,董力是谁[捂脸]年纪大[捂脸]不知道他是演员,0
2025/3/9 15:57,@??F [九转大肠],0
2025/3/9 15:58,说句实话，如果他这样子的言行举止，再不改的话，时间久了，这个女生就会离开他,0
2025/3/9 16:04,说实话这才是真实的夫妻旅游[捂脸]，老在一起都是这样，别的3对可能老长时间不见还都是明星，所以对镜头亲蜜镜头表演会很自然[微笑]！我老公一起旅游，我在拍照再转脸人都不知道那去了！哎,0
2025/3/9 16:12,我老公也一样，在家时动手动脚，在外面很冷漠,0
2025/3/9 16:13,阿诺说了，董力是大明星，偶像包袱不能掉[尬笑][尬笑][尬笑],0
2025/3/9 16:18,赶脚大明星一般都更爱老婆吧[暗中观察],0
2025/3/9 16:20,@y,0
2025/3/9 16:26,这个董力是谁呀？真的不知道[捂脸],0
2025/3/9 16:34,董其实是大多数的代表,0
2025/3/9 16:36,有可能.他资源还不错毕竟他只是一个人没什么奖项的运动员.,0
2025/3/9 16:36,应该是这的[苦涩],0
2025/3/9 16:36,恋爱脑没法挽救[捂脸],1
2025/3/9 16:37,看了2集，董力各个方面都太糟糕了,1
2025/3/9 16:40,董力是谁啊[尬笑][尬笑],0
2025/3/9 16:42,啊诺瘦得不健康,0
2025/3/9 16:45,接不到活，刚好上这节目能赚钱能爆光，平时怎么可能会带岀来,1
2025/3/9 16:52,这个董力没有那个综艺里是讨喜的，但是又总在综艺里蹦跶，就………,0
2025/3/9 16:53,董力到底是谁啊[九转大肠],0
2025/3/9 16:54,粉丝是粉丝，老婆是老婆，老婆永远大于粉丝,0
2025/3/9 16:54,偶像包袱这么重！,1
2025/3/9 16:57,他餐桌上到底在说啥,0
2025/3/9 16:57,为啥,0
2025/3/9 16:58,按道理应该上节目演都会演一下恩爱的吧,0
2025/3/9 16:58,之前好像是击剑运动员吧，退役进入娱乐圈了，我是因为爸爸去哪儿知道他的,0
2025/3/9 16:59,我老公是在熟悉的人面前就好像对我很照顾 在陌生人和私下就很凶很凶,0
2025/3/9 17:00,董力是谁,0
2025/3/9 17:12,我看到他们的片段都跳过，太无聊了，太窒息了,1
2025/3/9 17:16,有的男的真的不会喜欢在大众面前喜欢亲密,0
2025/3/9 17:17,都是假的，有剧本，,1
2025/3/9 17:18,有区别吗[看]太无情了看着,1
2025/3/9 17:20,看这段很明显，男的不爱女的。,0
2025/3/9 17:23,这对很尴尬,0
2025/3/9 17:23,求婚的时候买九枝花，没错，九枝…女生恋爱脑花积蓄坐绿皮车从俄罗斯来跟他奔现…[微笑],1
2025/3/9 17:27,不必认识,0
2025/3/9 17:33,确实很真实了,0
2025/3/9 17:37,不够爱了[捂脸],0
2025/3/9 17:38,[捂脸][捂脸][捂脸],0
2025/3/9 17:41,董力是觉得自己的老婆拿不出手吗？,1
2025/3/9 17:48,这男的面相都变了,1
2025/3/9 17:55,@~\(≧▽≦)/~,0
2025/3/9 17:57,赶紧离婚吧 啥男人啊 服了,1
2025/3/9 17:58,年轻，偶像包袱重,0
2025/3/9 17:59,看了好多细节，感觉他现在真的不爱这个女生,0
2025/3/9 18:01,老外为了拿绿卡也是什么苦都能吃[泪奔],0
2025/3/9 18:04,不是  他以为自己很红吗？ 普信男,1
2025/3/9 18:11,真人秀是个放大镜 真不是什么人都能参加的,0
2025/3/9 18:11,小伙子想太多，,0
2025/3/9 18:14,他资源哪里好了,1
2025/3/9 18:16,她老婆介绍他的时候，来一句爱豆，我都震惊了，估计董力也没想到他媳妇会这么说，立马解释。[捂脸],0
2025/3/9 18:19,让我想到了张雨剑,0
2025/3/9 18:20,不好说啊,0
2025/3/9 18:26,老婆感觉比他大好多的感觉,0
2025/3/9 18:29,我不喜欢看他 我觉得他根本都不爱那个女的[泪奔],1
2025/3/9 18:32,就是不爱 妻子带不出手,1
2025/3/9 18:35,你这么一说就能理解他的操作了，他根本不爱他老婆！,1
2025/3/9 18:40,不合格,1
2025/3/9 18:40,一个女孩子的直觉 他肯定有其他的对象[尬笑],1
2025/3/9 18:40,这男的跟吴倩那个前任属于同一类型[疑问],1
2025/3/9 18:42,这家伙在体育界没啥成就，转战娱乐圈也没啥作品,1
2025/3/9 18:44,有孩子了已经？？？,0
2025/3/9 18:46,也不对，有些男生就是不知道怎么表现！可是不影响爱自己的老婆,0
2025/3/9 18:49,他有粉丝吗[捂脸],1
2025/3/9 18:49,完了董力你录完《妻子的浪漫旅行》就可以继续再录《再见爱人》[捂脸],0
2025/3/9 18:51,挺帅[捂脸]女的容易恋爱脑,0
2025/3/9 18:53,不爱,1
2025/3/9 18:59,所以董力最糊,1
2025/3/9 19:01,董力是谁啊？还粉条里！,1
2025/3/9 19:03,我老公也是这样，就是因为这样我俩老是因为这生气，他在外人面前表现的根本就不爱我，可是在家又很好,0
2025/3/9 19:03,@董大力 因为无人在意,0
2025/3/9 19:05,为啥,0
2025/3/9 19:06,反正这期没有一对喜欢的 戚薇那对实在看太腻了 所有的综艺都有她两,1
2025/3/9 19:06,不认识他，idol?,0
2025/3/9 19:07,不喜欢他呗 [尬笑][尬笑] 有点装,1
2025/3/9 19:07,董丽应该给老婆说这样说的，所以他老婆在第一期的时候就说我老公是爱豆， 然后董力又马上说不是，还说从来没跟自己的老婆在外面散个步，或者喝过咖啡，这次要满足她 真把自己当成顶尖明星了，搞笑死了,1
2025/3/9 19:08,这对我也跳 我只看韩庚和马来西亚那对 我当初是为了马来西亚才看这一季[送心],0
2025/3/9 19:08,过度解读，每家人的状况不一样,0
2025/3/9 19:08,到底谁是他的粉丝[笑哭],0
2025/3/9 19:09,男人需要沟通 我老公现在好多了 以前可能我们都年轻 太含蓄了 沟通也不顺畅 现在我有什么意见都在睡觉前两个人一起讨论 我就会问他为什么在外人面前总是对我那么冷淡 这几年他就改变很大 会在外面牵着我 搂着我,0
2025/3/9 19:09,原来你是说董力不爱那个女的啊 我以为你说胡静老公不爱她,0
2025/3/9 19:13,对啊 这期不是讲的董力吗[捂脸],0
2025/3/9 19:14,我很喜欢胡静的老公,0
2025/3/9 19:14,想去劝劝阿诺，结果私信关了,1
2025/3/9 19:14,是在为上再见爱人铺垫吗,0
2025/3/9 19:15,因为我看到后面是讲胡静他们一对了 我就忘了前面的了[捂脸],0
2025/3/9 19:15,装这样子给外面人看呢,1
2025/3/9 19:16,哈哈哈哈[看],0
2025/3/9 19:20,爱与不爱真的很明显,0
2025/3/9 19:23,可是女的愿意，而且一点没有不情愿，俩都是奇才,1
2025/3/9 19:23,我老公也是这样。[暗中观察],0
2025/3/9 19:25,以前爸爸去哪儿挺喜欢他，现在觉得不过如此,0
2025/3/9 19:25,还没看，就想着要跳过看了[捂脸],0
2025/3/9 19:26,我老公也是这样的，在外面感觉他不爱我，在家里就缠着我不放,0
2025/3/9 19:32,谁啊,0
2025/3/9 19:33,可能是一个人的性格、他就是那种出去不太爱说话，但是在家里就是那种什么话都说的,0
2025/3/9 19:33,黑人家干啥，每个夫妻都有自己的相处模式,1
2025/3/9 19:35,不知道 他给人的感觉 哈哈哈,0
2025/3/9 19:36,可能是就不会表达吧,0
2025/3/9 19:38,上错节目了[捂脸],0
2025/3/9 19:38,感觉她老婆一脸疲惫感，上年纪的那种,0
2025/3/9 19:39,认都认不到,0
2025/3/9 19:42,有可能有的人谈的恋爱方式不一样,0
2025/3/9 19:47,他以为他是谁？[抠鼻]别喷，喷就是你对,1
2025/3/9 19:48,董力是不是和阿拉蕾参加过综艺。,0
2025/3/9 19:48,@董大力,0
2025/3/9 19:49,这董不会是同吧,1
2025/3/9 19:49,董力的粉丝？,0
2025/3/9 19:54,人间处处是董力,1
2025/3/9 19:56,所以他火不了，亏妻百财不入,1
2025/3/9 20:00,@柳哈哈 @波噜噜的vlog日常,0
2025/3/9 20:00,就是,0
2025/3/9 20:01,都不知道他是谁,1
2025/3/9 20:01,很红嘛,1
2025/3/9 20:02,常理是出了,0
2025/3/9 20:07,他就是不喜欢自己老婆,1
2025/3/9 20:08,这男的太装了吧,1
2025/3/9 20:13,不爱,1
2025/3/9 20:14,他俩比较适合再见爱人吧,1
2025/3/9 20:16,我觉得他比扬子更讨厌,1
2025/3/9 20:19,@瑞士糖,0
2025/3/9 20:20,[暗中观察][暗中观察],0
2025/3/9 20:21,估计是为了单身人设吧[笑哭],0
2025/3/9 20:21,真的下头,1
2025/3/9 20:21,我老公也是,0
2025/3/9 20:26,每个人都是不一样的，没必要比较,0
2025/3/9 20:27,@Potential,0
2025/3/9 20:29,我觉得他是不是同,1
2025/3/9 20:30,人家只是对着镜头不自然[坏笑][坏笑]不想过于亲密，反正我和老公出门也不大腻歪[捂脸],0
2025/3/9 20:30,说到这句的时候我的巴掌就呼上去了[微笑],1
2025/3/9 20:30,就是的，而且别人最素人，不经常出镜,0
2025/3/9 20:31,理解不了，不喜欢别人干嘛要娶别人,1
2025/3/9 20:31,看个人。每个人都不一样。,0
2025/3/9 20:31,现实生活都是这样吧[捂脸],0
2025/3/9 20:31,运动员,0
2025/3/9 20:33,肾上腺腺瘤咋办,0
2025/3/9 20:36,完美演绎爱妻者风山水起[赞],0
2025/3/9 20:38,董力才是现实生活中的[捂脸][捂脸][捂脸],0
2025/3/9 20:39,不会又是剧本吧,1
2025/3/9 20:41,爱咋咋地吧，日子自己过,1
2025/3/9 20:41,她就是怕粉丝伤心，他说粉丝的爱也是很多的。重点是她哪有粉丝啊,1
2025/3/9 20:41,这每个人性格问题。没必要。 不过能感觉到女生被他说的有点自卑。 这女孩绝对是很好的女孩。  男的有各种理由。自己找很多理由。让女生能理解他,0
2025/3/9 20:42,跟我老公在家看电视，我老公说，这一对必离。，这男的太装[捂脸],0
2025/3/9 20:44,不是，他是谁,0
2025/3/9 20:45,还有个节目，再见爱人,0
2025/3/9 20:47,渣的明明白白,1
2025/3/9 20:48,这不是就是网上说的渣男吗？看别的女的哪里都好，自己媳妇合作看不上,1
2025/3/9 20:54,一看就不爱人家。。。,1
2025/3/9 20:54,女儿还是得富养[宕机][宕机]不然长大都得以为董力是巨星[不你不想][不你不想],1
2025/3/9 20:54,董力是谁？,0
2025/3/9 20:55,走李行亮这一套路[抠鼻],1
2025/3/9 20:56,@你就是,1
2025/3/9 20:57,@善良超哥 你就是,1
2025/3/9 20:57,我喜欢胡静和韩庚的老婆[送心],0
2025/3/9 20:58,见识过麦和李，不知道该不该信咯[灵机一动],0
2025/3/9 21:01,最喜欢的是胡静，韩庚老婆还行，最不喜欢看的就是董力和戚薇，我都是快进不看的。,0
2025/3/9 21:02,他可能有些直男但也不能否定他对他老婆的行为只是直男行为，里面有一半多不爱的元素在里面，,1
2025/3/9 21:02,+1 马来西亚那对 我真的爱看[舔屏],0
2025/3/9 21:03,又不是明星 又不是什么顶流  不喜欢这个男人,1
2025/3/9 21:04,为什么请她们这一对 是不是应该去 再见爱人那个节目。勿喷[捂脸][捂脸],0
2025/3/9 21:04,明显的生理性抗拒,0
2025/3/9 21:05,感觉他老婆好累呀，好内耗呀，如果是我真的没法将就太内耗了一天天的什么呀！,1
2025/3/9 21:08,感觉董力在录再见爱人,0
2025/3/9 21:09,董力就是我老公一样的人，自以为很爱对方，[尬笑]以自我为中心，譬如做了一件扔垃圾的小事都能炫耀半天gong?lao?de?ren?w[尬笑],1
2025/3/9 21:13,@糖醋鲤鱼 @魏不好也魏不饱,0
2025/3/9 21:14,董力是哪个？？还有粉丝？？,1
2025/3/9 21:14,董力狮子座吧当着人特要面子,1
2025/3/9 21:15,我的妈，他在抗拒什么？有什么资格？,1
2025/3/9 21:16,处女座,0
2025/3/9 21:19,谁是董力[笑哭],0
2025/3/9 21:20,还生两个？,0
2025/3/9 21:20,普通夫妻 有几个那么亲密的  都好几年了,0
2025/3/9 21:21,我们狮子座可不这样,0
2025/3/9 21:21,我也觉得,0
2025/3/9 21:21,男狮子差不多 [看]我深有体会,0
2025/3/9 21:22,他是不是上过爸爸去哪儿那个？,0
2025/3/9 21:22,他们应该去另一个节目[微笑],1
2025/3/9 21:22,放心，我们不会想怎么找这样的女孩？我们只会想董力命真好找了这么好的女孩,1
2025/3/9 21:22,抗拒肢体接触孩子怎么来的？[尬笑][尬笑]这男的一言难尽,1
2025/3/9 21:23,哦哦，那就是了,0
2025/3/9 21:23,有点不正常,1
2025/3/9 21:25,@两只墩墩 活给谁看呢真是的无人在意，引以为戒[酷拽],1
2025/3/9 21:26,董力是有多牛逼呀,0
2025/3/9 21:27,@然后发现和和 [斜眼],0
2025/3/9 21:27,所以董力是谁[捂脸]，这么普通，这么自信，他有粉丝吗[捂脸],1
2025/3/9 21:28,@袁袁袁,0
2025/3/9 21:29,我怎么觉得董力这样更真实一点吧  其他的夫妻多少有点表演的成分  马来那老家伙老江湖知道观众喜欢看什么,0
2025/3/9 21:30,@小卡卡,0
2025/3/9 21:31,@?,0
2025/3/9 21:31,@H22,0
2025/3/9 21:33,看了第一期，不知道董力是谁，而且他好虚伪，好假，对老婆看起来似乎并不是很好！,1
2025/3/9 21:33,天哪，我觉得他俩反过来了，人家女孩子才是大明星，反而是他，他是谁[抠鼻],1
2025/3/9 21:34,他红不了,1
2025/3/9 21:36,他到底是谁[泪奔],0
2025/3/9 21:38,董力是不是一开始就被逼婚了？可能谈恋爱的时候没想那么多，但是女方突然怀孕，他不得不结婚？感觉女方有点上赶子，她也知道董不爱，但是她也偏偏不如他的意，两个人都在较劲的感觉[捂脸],1
2025/3/9 21:39,哈哈哈哈哈哈哈哈哈哈哈哈,0
2025/3/9 21:40,[我想静静]他想让她回她国家。,1
2025/3/9 21:41,话题度这就上去了啊，最后会洗白反转不？,0
2025/3/9 21:46,我对象是私下和外面都亲密 反而我 不行哈哈哈 不知道结婚后啥样,0
2025/3/9 21:49,他在装什么[捂脸][捂脸][捂脸][捂脸],1
2025/3/9 21:50,我都不知道董力是谁[捂脸]最近老能刷到他的新闻[捂脸],0
2025/3/9 21:50,阚清子，他上岛屿少年被骂的时候，我记得就有人8过他和阚清子是闺蜜，该不会是……,1
2025/3/9 21:51,但是也有人不喜欢在外面秀恩爱,0
2025/3/9 21:52,恋爱9年，那时候上过阿爸去哪儿了吧,0
2025/3/9 21:54,董力是谁,0
2025/3/9 21:54,他本来挺好的人设，没有爱干嘛这样出来参加恋综，而且都有孩子了,1
2025/3/9 21:54,既然嫌弃干嘛还在一起[抠鼻],1
2025/3/9 21:55,这人也不红呀～怎么看着这么像张雨剑………,0
2025/3/9 21:56,不爱真的太明显了[看],0
2025/3/9 21:56,是不是在给别的????守身如玉啊[干饭人]，怕那个人看综艺看到？,1
2025/3/9 21:56,只有不爱才会没有身体接触,0
2025/3/9 21:57,董力是谁,0
2025/3/9 22:02,可能他不好意思吧！,0
2025/3/9 22:03,可以参加下一季再见爱人[尬笑],0
2025/3/9 22:04,老火,1
2025/3/9 22:04,董力偶像包袱太重了，还是喜欢他参加爸爸去哪儿,0
2025/3/9 22:07,普信男[打脸],1
2025/3/9 22:08,董力这个人一开始在爸爸去哪里出现的时候我就讨厌他，非常没责任感的一个赖男,1
2025/3/9 22:08,我老公也这样子,0
2025/3/9 22:10,[呲牙][呲牙]这点我老公就做的很好，人前人后都是没事不沟通[呲牙][呲牙],0
2025/3/9 22:11,@深拥,0
2025/3/9 22:11,@比奇堡的国王,0
2025/3/9 22:12,我是女的，我老公黏人，我很烦，我拒绝在他朋友面前有亲密举动，我做不到[捂脸],0
2025/3/9 22:14,真不认识他,0
2025/3/9 22:15,我都不知道这人[捂脸],0
2025/3/9 22:19,四对都是跨国恋,0
2025/3/9 22:20,我老公就是在外人面前也不会跟我有肢体接触，在家里面也是一样的都是我主动，不是我主动他根本不会主动说实在话，真的这种感觉我说啊根本没有把他妻子放眼里面,0
2025/3/9 22:20,是的,0
2025/3/9 22:22,真不知道这个个懂力是谁,1
2025/3/9 22:22,一点不喜欢他,1
2025/3/9 22:26,7岁 2岁 中间时间也挺长了,0
2025/3/9 22:31,不认识董力，在这个视频里觉得他长的和张雨剑很像，对老婆的行为举止也很像,0
2025/3/9 22:33,@南山,0
2025/3/9 22:35,为什么要网暴董力、阿诺看起来很爱他啊,1
2025/3/9 22:35,董力这样的男人 难道在生活中不是最多的吗 说实话很真实,0
2025/3/9 22:35,就是以为是大明星,1
2025/3/9 22:36,很明显，他就是没那么喜欢女方,1
2025/3/9 22:37,俩了都[捂脸],0
2025/3/9 22:40,要不是看过节目 还真信了你了，为了流量营销号真是不择手段啊,1
2025/3/9 22:41,肯定不爱阿诺 因为对于不爱的人不会有眼神交流和肌体接触,0
2025/3/9 22:45,他对阿诺最好的爱 就是给她编织了一个《你老公是顶流》的梦,0
2025/3/9 22:46,结婚这么多年了这种相处不是很正常吗，这个就是正常夫妻的相处模式，没什么邪念[憨笑],0
2025/3/9 22:46,我觉得他是不是太有包袱了，拘谨了,0
2025/3/9 22:47,董力不是风评一直都很差嘛怎么还请他[尬笑],1
2025/3/9 22:47,董斜视好严重,1
2025/3/9 22:49,韩庚老婆卢靖姗是中国香港人,0
2025/3/9 22:50,也许就是节目效果[捂脸]纯属娱乐,0
2025/3/9 22:52,他是奉子成婚,0
2025/3/9 22:53,PUA[泪奔]，然后让对方崇拜他，听他的，然后家里他说了算，为什么不出现在外面，因为怕这一切被戳破[暗中观察]，就是无形的打压女方[机智],1
2025/3/9 23:00,@玛卡巴卡? 没刷到这个吗，这个男的觉得自己是爱豆[九转大肠],1
2025/3/9 23:01,估计快了,0
2025/3/9 23:04,他是个什么？不认识,1
2025/3/9 23:04,非常有可能,0
2025/3/9 23:04,考古董力以前的节目，真的这个人，很难让观众有好感,1
2025/3/9 23:04,@兰玉朝,0
2025/3/9 23:05,所以为啥一开始要结婚,1
2025/3/9 23:06,我老公在外就不爱亲密接触，说是老夫老妻怪怪的   情话啥的从来不主动说浪漫的事也不做[尬笑],0
2025/3/9 23:07,@乌白白 @蛋花卷??,0
2025/3/9 23:08,怀孕了,0
2025/3/9 23:10,就是不爱吧,0
2025/3/9 23:12,他老婆好美,0
2025/3/9 23:16,头一次这么讨厌单眼皮的男生[捂脸]要不然我找男票老公都是找单眼皮的,0
2025/3/9 23:17,外国女生就是比中国女生显老，更何况生了两个孩子了。但是如果啊诺站在舞台上闪闪发光，董根本高攀不上。就是嫌弃她了。,1
2025/3/9 23:17,就是嫌弃她而已，应该没出轨吧,1
2025/3/9 23:17,阿诺喜欢他什么呢,0
2025/3/9 23:19,所以董力背后有谁在撑  他怎么还在娱乐圈,1
2025/3/9 23:19,阿诺像憨豆[泪奔],0
2025/3/9 23:22,我猜这一季结束离婚的是董,0
2025/3/9 23:22,爸爸去哪儿的时候只喜欢阿拉蕾，那时候他圈粉无数都是阿拉蕾的功劳，当时看爸爸去哪儿就觉得他性格不咋滴，还不如阿拉蕾懂事呢,0
2025/3/9 23:22,为了意外怀孕结婚的吧,1
2025/3/9 23:23,主要是参加爸爸去哪儿有了点名气,0
2025/3/9 23:27,有没有可能不是女的,1
2025/3/9 23:29,像骗婚的那种gay,1
2025/3/9 23:30,他偶像包袱太重了吧,1
2025/3/9 23:31,@??,0
2025/3/9 23:32,什么玩意儿啊,1
2025/3/9 23:40,真能装[大笑],1
2025/3/9 23:41,身体排斥，还能生俩孩子？？,1
2025/3/9 23:43,不认识，反正感觉爱不多,1
2025/3/9 23:43,你俩去再见爱人，来错了节目，这哪里浪漫旅行了？,1
2025/3/9 23:44,董力是谁[呆无辜],0
2025/3/9 23:46,在节目组这样可见是怕某人看见，如果不是有在乎的人就会装恩爱了,1
2025/3/9 23:46,生理性排斥,0
2025/3/9 23:47,嫁给我吧，彩礼66w再办个浪漫婚礼[泣不成声][泣不成声][泣不成声]这男的不配拥有这么漂亮的老婆[泪奔][泪奔],1
2025/3/9 23:50,他们两个人怎么会有孩子呢？,0
2025/3/9 23:50,这男的还有粉丝？？[捂脸][捂脸][捂脸],1
2025/3/9 23:52,我也不想看他,1
2025/3/9 23:52,女方恋爱脑，可没有再见爱人的意思[泪奔],1
2025/3/10 0:02,真的好冷漠,1
2025/3/10 0:03,@??Y. 你的爱也是拿不出手,1
2025/3/10 0:05,看开头很讨厌董力，但是看他们相处感觉挺好，董也很尊重她爸爸妈妈,0
2025/3/10 0:10,偶像包袱太重了吧，谁认识他啊,1
2025/3/10 0:12,视频,0
2025/3/10 0:14,要不还是去再见爱人吧[捂脸],0
2025/3/10 0:15,天天写别人家的事 营销号就应该多举报,1
2025/3/10 0:16,生孩子时候怎么不保持社交距离,1
2025/3/10 0:18,他是谁？,0
2025/3/10 0:19,@酸菜炖粉条,0
2025/3/10 0:20,@桃桃??,0
2025/3/10 0:23,不喜欢秀恩爱就不会上这个节目了，因为这就是个秀恩爱的节目,0
2025/3/10 0:23,和我老公一样[捂脸],0
2025/3/10 0:34,他也不看看自己什么样子，渣男，不珍惜一个对他好的女人,1
2025/3/10 0:43,不认识[尬笑][尬笑],0
2025/3/10 0:45,董力是谁？怕粉丝伤心[捂脸],0
2025/3/10 0:50,同问,0
2025/3/10 0:50,还爱豆我看是我勒个豆[尬笑],0
2025/3/10 0:51,比较有男性的传统[捂脸][捂脸][捂脸]不是不爱性格就是这样的,0
2025/3/10 0:54,不般配[笑哭],0
2025/3/10 0:56,没事只是他不喜欢你,1
2025/3/10 0:56,可能人家不喜欢在镜头上面恩爱。,0
2025/3/10 1:05,有可能 嘴里有味儿[捂脸],0
2025/3/10 1:07,肢体语言最真实,0
2025/3/10 1:12,现在的孩子说话都是这么直接的，没有必要这样去网暴一个年轻人吧！,0
2025/3/10 1:16,胡静老公也不是演员吧？,0
2025/3/10 1:19,我男朋友也是那样 [捂脸]没人在舔狗一样,0
2025/3/10 1:28,如果不爱 为什么会谈恋爱有孩子生孩子？如果爱 为什么这么冷淡 躲着她？,1
2025/3/10 1:29,你们别管，各国有各国的恋爱脑[九转大肠],0
2025/3/10 1:41,所以他干嘛娶阿诺[捂脸]还能生两个孩子,1
2025/3/10 1:42,这男的绝了,1
2025/3/10 1:43,这个夫妻综艺是非上不可吗[捂脸],0
2025/3/10 1:45,真有可能 就为了传宗接代,0
2025/3/10 1:49,有没有一种可能有小孩结婚了一直也没有怎么正式见面[微笑]刚好有节目拍摄坐实他口中的顶流[捂脸]炫耀给老外看在录中国节目,0
2025/3/10 1:58,富婆图啥,1
2025/3/10 2:00,女的是不是带孩子熬太瘦了,1
2025/3/10 2:09,因为所以,0
2025/3/10 2:09,哈哈，[赞],0
2025/3/10 2:10,[棒棒糖],0
2025/3/10 2:12,演员筛选这么不严格么,1
2025/3/10 2:12,[赞],0
2025/3/10 2:36,渣男的本质,1
2025/3/10 2:52,我觉得他是颜控，阿诺9年前应该很漂亮，生了两个孩子后应该不如以前好看了，所以感觉董有点嫌弃,1
2025/3/10 2:58,反正董力这种老公我接受不了，但是别人家事我不劝，有人说过一句话我觉得好有道理的就是女生恋爱时候会给男生放大优点，等清醒以后觉得他一文不值[捂脸],0
2025/3/10 3:03,他在装什么？,1
2025/3/10 3:09,[微笑]比利时有自己的王宝钏,0
2025/3/10 3:11,跟中国人有毛线关系？我见过的人男男女女，老老少少，只要喜欢，都会有肢体接触,1
2025/3/10 3:23,我对他的印象还停留在阿拉蕾的董爸爸[泪奔][泪奔][泪奔],0
2025/3/10 3:24,我觉得他现在没有爱了吧,0
2025/3/10 3:30,你没事吧,0
2025/3/10 3:31,狮子超爱秀恩爱的,0
2025/3/10 3:36,有没有可能是故意那么说的[捂脸],0
2025/3/10 3:40,我老公就是董力[微笑]@丿风丨灬为裳,0
2025/3/10 3:41,@-太空上有时差吗-,0
2025/3/10 3:51,所以说爱人如养花,0
2025/3/10 4:07,死装哥,1
2025/3/10 4:28,好可怕的冷暴力[发呆],0
2025/3/10 4:32,在摄像头面前不好意思,0
2025/3/10 4:34,感觉董力长得和小鱼海棠的老公很像,0
2025/3/10 4:35,感觉阿诺有点恋爱脑,0
2025/3/10 4:41,明眼人都可以看的懂爱不爱,1
2025/3/10 4:42,个人觉得，是因为在镜头下才这样冷淡。,0
2025/3/10 4:43,上错节目了，再见吧爱人，在隔壁[呲牙],1
2025/3/10 4:54,哎，好喜欢那种喜欢表达爱意的,0
2025/3/10 5:25,我刚好在看，她妈妈拿出头纱的时候，董力说：你戴上去一定很好看，然后董力帮她戴的头纱啊，还拿纸巾帮她擦眼泪了啊，然后说这值得感动。后面她问董力才说衣服不搭，反正就是个仪式感。所以营销号为什么说话就说一半？,0
2025/3/10 5:27,女生都懂 根本没有什么直男 男人碰到自己心仪的会自动开窍的 对你不够好不够热情 不用怀疑 就是不够爱甚至不爱,1
2025/3/10 5:36,看的人想上去给这男的 两巴掌,1
2025/3/10 5:45,L,0
2025/3/10 5:47,现在的人啊，对一个年轻人如此苛刻干嘛，多好的一对啊，平淡幸福真实！,0
2025/3/10 5:48,这双冷漠薄情的眼睛啊，阿诺会过的很辛苦很辛苦,1
2025/3/10 5:54,都生了两个小孩了,0
2025/3/10 6:02,我觉得这个女生长得算不上漂亮，但是性格很好的那种,0
2025/3/10 6:17,他俩应该去再见爱人[捂脸],0
2025/3/10 6:26,感觉离谱到像是剧本[泪奔],0
2025/3/10 6:28,真爱的话一开始就官宣了，不会了节目才开始,0
2025/3/10 6:31,是的，我跟我老公每天都会亲亲抱抱，他太明显了，要是有反转我也无话说，但我就是觉得他不爱老婆,0
2025/3/10 6:41,就是不喜欢这个女的,1
2025/3/10 6:41,阿诺有没有社交账号，自己不能搜那别人告诉她行吗？[微笑][微笑][微笑],0
2025/3/10 6:44,是怀孕了才娶她的,1
2025/3/10 6:45,我感觉他有点生理性排斥对方,1
2025/3/10 6:51,奇怪了，难道非得亲亲抱抱举高高，每个人都不一样啊,0
2025/3/10 6:51,董力是什么很有名的人么[尬笑]好下头,1
2025/3/10 6:53,根本不认识他,0
2025/3/10 6:57,只有不爱，才会嫌弃，处处都抗拒……明显男的眼里就是觉得女的配不上他。不是因为孩子不一定会结婚。相恋9年！也不公开！还不娶证明根本就不想娶，后来有孩子了。不知道是自己想要还是他父母想要….所以结婚..这他还没啥名气，一旦有了名气，我觉得他一定会离婚，选择对他事业更有帮助的人！爱一个人眼神是藏不住的！如果能藏住证明演技好毫无破绽！[泣不成声]当初陈晓爱陈妍希，微笑以及眼神，再到不爱，不笑，他直接摊牌，一点都不装…最后分道扬镳[泣不成声],1
2025/3/10 7:04,[捂脸]因为享受这种被捧起来的感觉啊,0
2025/3/10 7:12,不是一见钟情吗[捂脸],0
2025/3/10 7:16,不爱为啥结婚？[捂脸],0
2025/3/10 7:18,不爱了  感觉到嫌弃,1
2025/3/10 7:21,用他的话来说就是“因为有了孩子啊”[大笑][大笑][大笑],0
2025/3/10 7:24,男狮子在外面要面子,0
2025/3/10 7:24,@Eliza??,0
2025/3/10 7:27,那个眼神好冷啊,0
2025/3/10 7:34,这就是大男子主义吧。我老公就这样，越是在外人面前越是把老婆当陌生人。这就是不爱的表现。只爱自己。,1
2025/3/10 7:36,感觉就是不爰了,0
2025/3/10 7:38,我也觉得，我觉得他嫌弃她长得不是很好看,1
2025/3/10 7:38,不爱了不爱了说明,0
2025/3/10 7:41,按照剧本演的 别认真[捂脸],0
2025/3/10 7:45,[捂脸][捂脸],0
2025/3/10 7:46,@辣辣小茵 啊？,0
2025/3/10 7:53,对董力而言阿诺还是不够美觉得带不出去[泪奔],1
2025/3/10 8:00,啊 他是什么歪理？混血儿怎么了[思考],1
2025/3/10 8:01,对，有的人喜欢表达有的人不喜欢表达,0
2025/3/10 8:01,混血儿双语，漂亮，不然真不知道为啥，明显看得出他不爱阿诺,1
2025/3/10 8:03,要相信我们的第六感[看],0
2025/3/10 8:04,和我老公一样,0
2025/3/10 8:05,他在岛屿少年里就不讨喜，当时还想什么样的女人会找这种人，没想到一个是来自外国的恋爱脑踩了坑[泣不成声],1
2025/3/10 8:05,姓董这男的是三白眼，内心阴狠无情，个性孤傲,1
2025/3/10 8:06,我一直以为到了刘德华这个咖位才要隐婚,1
2025/3/10 8:07,还有站姐啊？,0
2025/3/10 8:08,确实拿不出手,0
2025/3/10 8:08,@吃饱再睡 他装啥呢,1
2025/3/10 8:09,这节目效果而已,0
2025/3/10 8:09,董力是誰,0
2025/3/10 8:11,长得很高级,0
2025/3/10 8:13,外国人被骗的最惨的一次,1
2025/3/10 8:14,估计离离婚也不远了吧[捂脸],1
2025/3/10 8:15,感觉挺有气质的啊！要不是说有两个孩子，看着挺小的,0
2025/3/10 8:17,他怎么这样啊,1
2025/3/10 8:18,没有担当的臭男人[发怒]满嘴的借口,1
2025/3/10 8:20,可能是太注意镜头前的形象了，包袱重,0
2025/3/10 8:20,这男的绝对不爱他老婆,1
2025/3/10 8:20,不不不，董力是怕粉丝吃醋。他认为他是有粉丝的。,0
2025/3/10 8:22,其实现实生活中这种男人很多，董力只是出现在了镜头前[微笑],0
2025/3/10 8:23,"你知道,我们都是很少站外国人这边的[捂脸]",0
2025/3/10 8:26,这个男人不爱老婆，爱他人,1
2025/3/10 8:27,不喜欢为什么要结婚,1
2025/3/10 8:28,董力的粉丝出来说两句，你们有多伤心？,0
2025/3/10 8:28,感觉他冷暴力女方[捂脸],0
2025/3/10 8:30,对,0
2025/3/10 8:33,他不喜欢她吧,0
2025/3/10 8:35,在国外买个房，这主意绝了[赞]。女方可以去比利时自己带娃[呲牙],0
2025/3/10 8:38,还好吧,0
2025/3/10 8:41,这男的不喜欢，看见就快进,1
2025/3/10 8:46,[捂脸][捂脸][捂脸][捂脸]他认为他是有粉丝的[泪奔][泪奔][泪奔][泪奔],1
2025/3/10 8:48,阿诺脾气太好，难道她自卑吗，还是单纯的恋爱脑[疑问],1
2025/3/10 8:51,生理性的排斥就是真的很不喜欢对方了[捂脸][捂脸]因为连装都做不到了,0
2025/3/10 8:52,有地下人,1
2025/3/10 8:53,生理性不喜欢 和生理性喜欢 的差别,0
2025/3/10 8:53,但是他当时就是因为觉得她很漂亮所以才主动加的她联系方式,0
2025/3/10 8:54,说的太对了,0
2025/3/10 8:54,不爱她又不放过她？,1
2025/3/10 8:54,现在为什么嫌弃了[泣不成声],1
2025/3/10 8:55,说的太对了,0
2025/3/10 8:55,这种男人好冷漠,1
2025/3/10 8:56,阿诺长的又漂亮，身材又好，家庭条件也好，咋这么糊涂呢[捂脸],0
2025/3/10 8:58,爱你时  满眼都是你  不爱你时  满脸都是嫌弃,0
2025/3/10 8:58,因为一个愿打一个愿挨,1
2025/3/10 9:03,你都说了有气质，而不是很漂亮，而且我只是觉得董力这么觉得，我不讨论她漂不漂亮，气不气质，和我没关系,0
2025/3/10 9:03,董誰？,1
2025/3/10 9:05,不懂就问，董力是干啥的？,0
2025/3/10 9:06,真下头[尬笑],1
2025/3/10 9:07,这个男的是不是怕他外面的暧昧对象看见 所以一直保持距离 [尬笑],1
2025/3/10 9:08,外国人被骗的最狠的一次,0
2025/3/10 9:09,NPD是不是,0
2025/3/10 9:10,第二个戴安娜,0
2025/3/10 9:13,想通过这个节目翻红吧 这是最重要的,1
2025/3/10 9:16,我感觉他根本就不爱,1
2025/3/10 9:21,明显不爱[尬笑],1
2025/3/10 9:27,你们这媒体积点德吧，那么些小事情无限放大，人家怎么关你们什么事呢？,1
2025/3/10 9:27,别管是谁看就是了[捂脸],0
2025/3/10 9:30,不搭就是不爱,1
2025/3/10 9:36,今年参加妻子的浪漫旅行，明年参加再见爱人。,0
2025/3/10 9:36,没啥，我老公就这样,0
2025/3/10 9:40,我老公就是你说的这样，我们结婚二十四年了，我老公对我很好，当年我们谈恋爱时他就把所有的钱交给我管，二十几年没变过。我老公从来不发微信朋友圈，也不喜欢拍照，出去我老公也不喜欢秀恩爱。,0
2025/3/10 9:40,有没有可能是男的[捂脸],0
2025/3/10 9:41,一遇见她就想着结婚生子能不爱,0
2025/3/10 9:41,哈哈，送她回家[尬笑][裂开],1
2025/3/10 9:44,很多人喜欢夸大事实，我觉得买房问关于小孩上学的事一点问题也没有，很正常，不知道有些人是怎么想的,0
2025/3/10 9:45,他都说了是怀孕了才结婚的,1
2025/3/10 9:46,是年纪到了，高情商叫因为小孩。,0
2025/3/10 9:48,有可能,0
2025/3/10 9:49,这男的什么明星啊  他是谁啊  很火吗[抠鼻][抠鼻],1
2025/3/10 9:49,董力到底是做什么的,0
2025/3/10 9:51,啊，[九转大肠]这么差吗,1
2025/3/10 9:52,那还和人家生娃，还生俩！,1
2025/3/10 9:56,不是，当年在爸爸去哪儿时还以为他是个很好很好的人呢[捂脸],0
2025/3/10 10:02,我也觉得，就是很怕让别的女孩子误会的感觉，可以保持距离，觉得自己跟妻子只是因为孩子结婚的,0
2025/3/10 10:02,你这么说的话，我想起来郭晓东也不爱公众秀恩爱，但是郭晓东可以从眼神看到爱,0
2025/3/10 10:05,也可能是不好意思吧,0
2025/3/10 10:09,狗仔扒一下，看看外面有没有人。,0
2025/3/10 10:09,唉、那时爸爸去哪还挺喜欢[捂脸],0
2025/3/10 10:12,董力是谁？,0
2025/3/10 10:14,外面有人了[看],0
2025/3/10 10:16,中国人很含蓄，外国人太外放，有可能是董力不想在节目中表现的过于亲密。每家夫妻有每家得处理方式，只要他们愿意，怎么都可以。有人被家暴还不离婚呢，他两凭什么被指责,0
2025/3/10 10:19,不爱,1
2025/3/10 10:19,你这个解释，最公正,0
2025/3/10 10:19,没感觉他们是夫妻,0
2025/3/10 10:20,他不是说了，结婚是因为怀孕了,1
2025/3/10 10:21,他是顶流，他不能表现出来，不然粉丝网暴阿诺，他真的心好细[尬笑],1
2025/3/10 10:24,@YWYH [流泪],0
2025/3/10 10:24,阿诺是不是给糖力当过模特？,0
2025/3/10 10:27,不认识这个人?????,0
2025/3/10 10:27,那时候就烦 那么小的小孩我以后要嫁给你 换做是我孩子我不会同意她这么说的 就算是开玩笑也不可以,1
2025/3/10 10:28,就亲一下或者搂一下很正常吧 他跟上 再见爱人似的 [泪奔][泪奔],0
2025/3/10 10:30,了解一下,0
2025/3/10 10:34,感觉就是为了做节目挣钱而已，其实根本就不爱,1
2025/3/10 10:36,可能不太爱打扮，打扮起来了也漂亮的,0
2025/3/10 10:36,我觉得他怕尴尬我一般如果有陌生人别人我跟我老公就不会那么亲密[捂脸],0
2025/3/10 10:36,爱与不爱这就是区别,0
2025/3/10 10:36,我咋感觉我老公跟董力一样，公共场合拒绝身体接触,0
2025/3/10 10:38,我的老天奶，你是董力，你不是李现啊，你真的不需要有这个包袱，不存在的,1
2025/3/10 10:39,哈哈哈 ??笑死 结果发现无人在意他,1
2025/3/10 10:39,感觉董力认为自己是爱豆 怕粉丝不接受[微笑],0
2025/3/10 10:41,我也是这样[捂脸],0
2025/3/10 10:42,他的眼睛就是那种很自私的,1
2025/3/10 10:43,本来很多人就不喜欢公共场合肢体接触，别听造谣的[捂脸],0
2025/3/10 10:44,董力我不懂，但是体育生我很了解,0
2025/3/10 10:45,我只知道他曾经是运动员,0
2025/3/10 10:50,也有可能,0
2025/3/10 10:56,董力是谁，有什么作品吗？,0
2025/3/10 10:58,因为外国女生很多人生了孩子后一下子就变老了。而且她是漂亮 但是看着好像比中国很多同龄人要显得年龄大。说不上感觉,1
2025/3/10 10:59,那么嫌弃当初为什么在一起,1
2025/3/10 11:05,姐快跑,0
2025/3/10 11:05,我也觉得是这种，他性格好像就是这样的,0
2025/3/10 11:06,他自己都说了是因为有了孩子才结婚的,0
2025/3/10 11:06,这不是再见爱人,0
2025/3/10 11:16,我甚至不会在熟人面前跟孩子爸牵手，从来叫不出来老公两个字[捂脸],0
2025/3/10 11:17,节目效果明知道要面向观众的、这样不是对自己不好吗,0
2025/3/10 11:21,加一，特别有这种感觉,0
2025/3/10 11:22,爸爸去哪儿[捂脸],0
2025/3/10 11:23,现实中都是董力,0
2025/3/10 11:24,带酒可以过安检吗？,0
2025/3/10 11:26,含蓄到八年不敢和老婆出去公共场合喝一杯咖啡，生孩子也不在，孩子成长也缺席，可太含蓄了哈,1
2025/3/10 11:26,她有事,0
2025/3/10 11:28,难道这是新赛道？[捂脸][捂脸][捂脸][捂脸][捂脸],0
2025/3/10 11:29,他谁啊,1
2025/3/10 11:30,戚薇两口子相处我感觉还挺好[尬笑],0
2025/3/10 11:32,你老公的性格跟我一摸一样[笑哭],0
2025/3/10 11:45,他嫌弃她,1
2025/3/10 11:46,我也觉得[捂脸],0
2025/3/10 11:46,大部分时候他们都在家里,0
2025/3/10 11:47,有些人就比较腼腆，不喜欢在公开场合腻腻歪歪，并且还是做节目，每对都有不同的相处之道吧！为啥让人家一样啊，假不假？,0
2025/3/10 11:47,@м a ?省流， 妻子的外婆生病住院送春联，老丈人爱喝酒送开瓶器[九转大肠][九转大肠][九转大肠],0
2025/3/10 11:47,那他结什么婚[微笑],1
2025/3/10 11:47,我的天呐，真是开眼了，九朵玫瑰，银戒指，普通情侣都拿不出手吧,1
2025/3/10 11:50,你自己去看节目就知道了，董力是上海人，他俩结婚五年，阿诺连上海的市中心都没去过，因为董力觉得自己是爱豆，怕结婚了掉粉，他自以为他有粉丝，实际上没人在乎他是否结婚，是因为参加这个节目，才公开自己结婚了，他说想给阿诺一个站在自己身边的可能，不知道这说的啥话,1
2025/3/10 11:51,[赞],0
2025/3/10 11:51,[绝望的凝视],0
2025/3/10 11:53,可能觉得生活常识没有吧，文化差异,1
2025/3/10 11:53,因为男人到了一定年纪会找所谓适合结婚的对象，爱不爱真的不重要,0
2025/3/10 11:55,我甚至不知道董力是谁[捂脸],0
2025/3/10 11:57,@yowoy @一枝楠木 @一粒苹果酒 @嘟嘟^o^ @纯欲薯饼 @CRYSTAL.,0
2025/3/10 11:57,绝对不爱,1
2025/3/10 12:00,[捂脸],0
2025/3/10 12:02,自以为是 以为自己是一线吗[捂脸],1
2025/3/10 12:03,救命，以前看爸爸去哪儿可喜欢他了[流泪][流泪][流泪]我真的瞎了眼[流泪][流泪][流泪][流泪],0
2025/3/10 12:05,我作女人的角度感觉哈，他不爱她．估计……嗯．很难．（个人感觉．别喷太恨．[比心]）,0
2025/3/10 12:07,我的个天啊！他有粉丝[捂脸],0
2025/3/10 12:08,我看这段都直接跳过 就是一个麦琳伤的太难受了 接着那个上海的爸爸带孩子做电梯那个叫啥了 又伤一把 这次我一定划过身体扛不住不能再生气了 只看三对,0
2025/3/10 12:09,他俩就不符合这个节目的名称,1
2025/3/10 12:11,看房考试孩子也有错？正常人不都这样吗,1
2025/3/10 12:12,要么就是男的不喜欢女的了，要么就是男的在外有人了，为了不让三看到吃醋尽量和老婆保持距离[捂脸],0
2025/3/10 12:12,她值得更好的！[玫瑰][玫瑰][玫瑰],0
2025/3/10 12:13,它适合去另一个节目,0
2025/3/10 12:15,为什么这样呀？[看],0
2025/3/10 12:15,凑合过日子而已[尬笑],0
2025/3/10 12:17,看到开瓶器 怀疑处女座,1
2025/3/10 12:20,都是借口,1
2025/3/10 12:20,我感觉网友就会臆想，就像当初臆想朱丹过不好一样[暗中观察],1
2025/3/10 12:20,阿诺很漂亮啊。,0
2025/3/10 12:20,上爸爸去哪就不喜欢[呲牙],0
2025/3/10 12:24,你们天天说他们，其实人家俩个人恩爱夫妻。服你们这些人。,1
2025/3/10 12:24,不爱，结啥婚呢[抠鼻],0
2025/3/10 12:25,我对象一开始就是，当着我爸妈都不敢牵我手，现在进步了，敢亲嘴儿了[宕机],0
2025/3/10 12:26,[宕机],0
2025/3/10 12:28,他俩长得好像啊,0
2025/3/10 12:28,这男的如果不是为了上节目 怕还不得承认她[捂脸],1
2025/3/10 12:28,没准,0
2025/3/10 12:29,那么年轻不喜欢就不要在一起嘛，男方看着一点都不喜欢女方,1
2025/3/10 12:30,真不是，你在怕难道和老婆说话都不会看一下对方吗，每次和他老婆说话目视前方，是个人也不能太不尊重,1
2025/3/10 12:32,实在不好意思  说出来会不会被网暴  阿诺的美我没get到,0
2025/3/10 12:33,我想董力在没接这个综艺之前，还能有些粉丝，因为喜欢他和阿拉蕾的互动应该有些路人粉，可这个节目一出，所有的路人缘都得被败光了[呆无辜],1
2025/3/10 12:34,绝对不爱[呲牙],1
2025/3/10 12:36,再见吧,0
2025/3/10 12:39,@董大力,0
2025/3/10 12:39,他有什么粉丝吗？,1
2025/3/10 12:40,就这个咖位谈了恋爱结个婚还用小心？小心个锤子，有多少粉丝？还整个不敢曝光？说白了去市中心喝咖啡有几个人能认得？从长相到业务都挺够呛的吧。,1
2025/3/10 12:41,瑟瑟发抖，我也是get不到[捂脸],0
2025/3/10 12:42,我也是,0
2025/3/10 12:44,跟你好像呀可怕@辞生??,1
2025/3/10 12:44,爱不爱真的很明显,0
2025/3/10 12:44,好奇怪,0
2025/3/10 12:47,那是他不爱你 才这样,0
2025/3/10 12:47,想想朱丹和周一围吧，曾经也被网暴了半天其实人家私下还是很爱的,0
2025/3/10 12:48,阿诺是没接触过其他中国男子吧[捂脸]中国好多好男人哒,0
2025/3/10 12:49,现在还有人人喊打“营销号”吗,0
2025/3/10 12:50,@董大力,0
2025/3/10 12:54,相当于，我说我喜欢黄金，结果送了我一个装黄金的小红盒子,0
2025/3/10 12:57,最后会反转[笑哭],0
2025/3/10 12:57,我琢磨着这阿诺也不是日本人啊，怎么给阿诺当日本人整呢[黑脸],1
2025/3/10 12:57,太瘦了,0
2025/3/10 13:00,问学区不是正常的吗，我们中国家长好像都这样，为啥要说别人只顾孩子呢[捂脸],0
2025/3/10 13:00,阿诺的眼睛大的不能再大了[泪奔],0
2025/3/10 13:01,在家又不陪孩子出席活动，他干啥呢,1
2025/3/10 13:05,爱是会让人自信的 ，女方在这里唯唯诺诺的 很明显没有在被爱的环境下。,0
2025/3/10 13:05,完啦！下一个麦琳,1
2025/3/10 13:09,这女孩儿不上网啊！董力什么东西呀！,1
2025/3/10 13:09,他是谁，不认识,0
2025/3/10 13:10,有陌生人，我越想牵手 靠近[笑哭],0
2025/3/10 13:10,不想买房的时候，看房会不自觉挑各种毛病,0
2025/3/10 13:13,买花买9朵能舍得买房,0
2025/3/10 13:17,人家老婆用的那样不是名牌，你们老公给你们吃穿用什么标准,1
2025/3/10 13:17,董力这面相和张雨剑有异曲同工之处[尬笑][尬笑],0
2025/3/10 13:17,董力是干嘛的,0
2025/3/10 13:20,[捂脸]我也同感还是你敢说,0
2025/3/10 13:21,不是每个人都喜欢在外面搂搂抱抱的[捂脸] 这个视频简直为黑而黑,1
2025/3/10 13:26,说实在话就是看着感觉也不搭，甚至像是为了上节目找个人凑合一起录节目的样子，因为他们明明是夫妻而且还有孩子，这么亲密的关系，在他身上看都没有啊[泪奔][泪奔][泪奔],1
2025/3/10 13:26,确实也有这样的人,0
2025/3/10 13:28,[笑哭]还真是，朱丹主动亲，他躲[捂脸]他被骂绝对不单是朱丹描述的问题[捂脸]未婚给她还债这真不是所有人能做到的[捂脸]那会他也不太火，,0
2025/3/10 13:28,心灵美,0
2025/3/10 13:29,他不是说了吗？因为阿诺拎得清！说白了就是有人给你生孩子还懂事听话,1
2025/3/10 13:29,再怎么在外面注意形象，爱是掩盖不住的，不在于是否有亲密举动,0
2025/3/10 13:36,这男的不帅，只是高点而已,1
2025/3/10 13:43,阿诺抖音在哪？,0
2025/3/10 13:43,看望外婆送一串鞭炮??对联是祝愿事业有成哈哈哈哈哈哈，笑死我了[不失礼貌的微笑][不失礼貌的微笑][不失礼貌的微笑],0
2025/3/10 13:45,看着挺像有其他人的，所以[尬笑],0
2025/3/10 13:46,@婷婷 @z_dragon,0
2025/3/10 13:47,真的董力有那么火啊,0
2025/3/10 13:47,董力这次把自己给毁了,1
2025/3/10 13:50,@小葡萄吖???? @困兽 @君顾 [泪奔],0
2025/3/10 13:50,董力是谁？,0
2025/3/10 13:54,没有，被爱的总是有恃无恐,0
2025/3/10 14:00,她很漂亮呀,0
2025/3/10 14:04,@小宝,0
2025/3/10 14:04,我觉得他已经出轨了,1
2025/3/10 14:05,董力拿过奥运会冠军？如此吹捧,1
2025/3/10 14:09,@曲曲儿 这个董力跟你一样,0
2025/3/10 14:10,对[赞],0
2025/3/10 14:11,他的代表作是[疑问],0
2025/3/10 14:30,受不了一点这男的,1
2025/3/10 14:36,但是现在已经结婚有俩个孩子了 而且外国人老的快呢,0
2025/3/10 14:36,这是外国人对中国最大误解的一次[流泪],0
2025/3/10 14:37,渣男,1
2025/3/10 14:38,值得怀疑,1
2025/3/10 14:38,他心里有人了吧。,0
2025/3/10 14:44,这个董力到底什么来历啊[绝望的凝视]怎么啥综艺他都能上[绝望的凝视],1
2025/3/10 14:47,他真的喜欢女人吗？,1
2025/3/10 14:55,董力是谁？,0
2025/3/10 14:58,九年[微笑][微笑][微笑]不知道妻子喜欢的花，没见过妻子的朋友，没有求婚没有婚礼，还是奉子成婚，爱不爱一眼就看的出来[微笑][微笑][微笑],1
2025/3/10 15:01,其实当年阿拉蕾牵条狗都能火,1
2025/3/10 15:08,太瘦了 脸上只有骨头 胖点就好看了,1
2025/3/10 15:13,@森灵(见过张艺兴) [宕机]董力？第一次听说，很出名吗,0
2025/3/10 15:18,董力是干嘛的,0
2025/3/10 15:19,他是不是太要面子了 他和他妻子认识那会儿他靠着阿拉蕾 还挺有人气的 后面他就没什么了吧,1
2025/3/10 15:28,这个节目在国外播出吗，要是播出话估计中男的市场又要下降一大截了[投降],1
2025/3/10 15:34,抗拒？那咋生的孩子？,1
2025/3/10 15:50,不爱还生两个,1
2025/3/10 15:50,董力是谁呀……,0
2025/3/10 15:55,董力带老婆参加这个节目感觉就是在为后面参加《再见爱人》预热的。,0
2025/3/10 16:02,我闺蜜说: 怀孕了，他没让她打掉，而是结婚了。这样想是不是也还行[捂脸][捂脸][捂脸],0
2025/3/10 16:02,我们也是这样,0
2025/3/10 16:02,@?星辰?,0
2025/3/10 16:06,国家退役运动员好像是 然后拍过几部电视剧,0
2025/3/10 16:10,这么漂亮的老婆我觉得他看长相是配不上她的[发呆],1
2025/3/10 16:11,我觉得他现在是嫌弃自己的老婆[灵机一动],1
2025/3/10 16:18,在路上我老公连手都不让我牵[暗中观察]其实他很粘人，烦死了,0
2025/3/10 16:22,妈呀，突然觉得鹿晗好低调呀,0
2025/3/10 16:27,无论综艺里多奇葩的夫妻关系，比我嫁的还是强多了，除了没家暴出轨做家务，找不到比他不如的,0
2025/3/10 16:28,比利时社会福利挺好的啊[黑脸]是不是没吃过苦觉得蛮新鲜的,1
2025/3/10 16:35,那是怎么结婚那么多年的啊,0
2025/3/10 16:35,他的粉丝在哪啊[捂脸][捂脸][捂脸]出来看看啊[捂脸][捂脸][捂脸],0
2025/3/10 16:36,唉:-(,0
2025/3/10 16:46,没刷到过,0
2025/3/10 16:57,拿过金牌没有？,1
2025/3/10 16:58,他是故意的说她卡粉的，他当初应该是真的因为阿诺怀孕了才不得不和她结婚的。,1
2025/3/10 16:59,他是你老公啊[抠鼻],1
2025/3/10 16:59,极品中的战斗机,1
2025/3/10 17:01,阿诺是不是被骗了，中国这么多好男人干嘛非要选这么个啊[泣不成声],1
2025/3/10 17:04,毕竟芒果力捧，资源还是不错的,0
2025/3/10 17:05,到底谁在粉他啊[绝望的凝视][绝望的凝视][绝望的凝视],1
2025/3/10 17:08,你别过段时间又给我闹个周立围三号[尬笑],1
2025/3/10 17:08,那二胎咋来的,0
2025/3/10 17:11,我一开始谈恋爱就会这样，然后慢慢淡了不谈了，直到现在还是单身[泣不成声],0
2025/3/10 17:12,不要过分解读别人,0
2025/3/10 17:15,董力是不是看了网友说的，阿拉蕾还没有到 18 岁,0
2025/3/10 17:15,真的越说越夸张，人家两口子有他们的相处方式,0
2025/3/10 17:15,上  再见爱人  比较合适[还得是我][还得是我],0
2025/3/10 17:23,不爱能在一起五年，能生两个孩子？别人的生活少评价,0
2025/3/10 17:27,谢谢董力 让我不再自卑怀疑自己，认同男人的多样性了[泪奔][看],0
2025/3/10 17:28,击剑好像是，具体不清楚，反正就是突然被湖南卫视力捧了,0
2025/3/10 17:29,这人谁啊？[疑问],0
2025/3/10 17:30,这还不离婚[尬笑],1
2025/3/10 17:32,要面子[尬笑]所以不承认自己老婆吗？,1
2025/3/10 17:34,[捂脸]那些家暴，出轨的都没影响二胎，三胎。,1
2025/3/10 17:34,说的也是,0
2025/3/10 17:38,两个人过得好不好只有自己知道，不用在意别人怎么说。,0
2025/3/10 17:41,掉在自己的幻想superstar里了....给自己洗脑很成功，我是巨星我是巨星,1
2025/3/10 17:42,爱就是爱，不爱就是不爱,0
2025/3/10 17:44,这董力和杨子的区别是啥,0
2025/3/10 17:45,董力你多看看就知道他比较传统，其他人演戏嘛都习惯了，他是素人，别什么都黑,0
2025/3/10 17:49,董力头婚,0
2025/3/10 17:51,[尬笑],0
2025/3/10 17:54,董力 你没这么红 不需要隐婚,1
2025/3/10 17:54,为什么拍到你还不发到网上，是因为你啥也不是，懂吗[捂脸]，,1
2025/3/10 17:56,[捂脸][捂脸]董力上这个节目，就是碎了吧,1
2025/3/10 17:57,咋跟我老公一样,0
2025/3/10 17:59,天长地久不应该99吗最少,0
2025/3/10 17:59,杨子有??,0
2025/3/10 18:01,啊，还有她啊[泪奔]那真是霸屏了，视觉疲劳了,1
2025/3/10 18:02,[捂脸][捂脸]这个女孩子会看中文了不[捂脸]发现对方被骂了,1
2025/3/10 18:07,我家的也是[捂脸],0
2025/3/10 18:14,不是，排斥他老婆咋还生孩子,1
2025/3/10 18:16,我以为他会送一瓶便宜的啤酒，结果他送开瓶器[发呆],0
2025/3/10 18:24,@桃.,0
2025/3/10 18:24,有的人不喜欢在公众场合亲密举动,0
2025/3/10 18:25,没有不承认 就是在外面没家里那么亲密[看],0
2025/3/10 18:26,看电视并没有像小编说的那样[捂脸],0
2025/3/10 18:26,没必要过度解读吧，有些人性格和表达方式就是不一样的,0
2025/3/10 18:27,@董大力 不爱请放过,1
2025/3/10 18:27,？？？？？这很严重了吧？还不做准备？,1
2025/3/10 18:27,诶,0
2025/3/10 18:27,狮子座好大方的,0
2025/3/10 18:29,每个国家都有自己的恋爱脑[泣不成声],0
2025/3/10 18:30,我觉得这种看看就好，之前金沙的男朋友被喷的我都讨厌他了。结果我看正片的时候我真感觉他并不讨厌，反而还挺好,0
2025/3/10 18:39,@不吃不吃你吃,0
2025/3/10 18:40,不二 董力是谁啊[捂脸],0
2025/3/10 18:42,绝对是被pua 了 女的说了一句找这样子的女孩。,1
2025/3/10 18:46,[捂脸][捂脸][捂脸]我只有睡觉的时候才喜欢肢体接触，暖和了就背对背睡,0
2025/3/10 18:49,我觉得很正常，很像现实生活中的夫妻,0
2025/3/10 18:49,可是这不就是现实生活中很多人吗？在外面拒绝一切亲密接触，私下怎么接触都行,1
2025/3/10 18:51,两个人的心都不在一块是走不到一起的,0
2025/3/10 19:02,原来懂力结婚了[恐惧],1
2025/3/10 19:02,咚力就想上这个节目带火他！不可能,1
2025/3/10 19:02,无感,0
2025/3/10 19:07,这送礼都不如平明百姓，天哪，我们这儿农民去丈母娘家也不敢这么送呀[捂脸],0
2025/3/10 19:09,我心不明白董力的受众人群是谁,0
2025/3/10 19:12,那为什么要结婚[捂脸],0
2025/3/10 19:15,对“金发闭眼”具像化了[呆无辜],0
2025/3/10 19:16,赞同[赞],0
2025/3/10 19:24,我们狮子座都不是这样的，而且面子是自己给的而不是别人给你的。很多人都觉得我不像狮子座，但我的确狮子男[泪奔]身边其他星座的人，死要面子活受罪太多了，导致我觉得面子其实没那么重要，在家什么事情可以解决，在外的话互相互补,0
2025/3/10 19:33,就是不够爱[尬笑][尬笑][尬笑][尬笑][尬笑],0
2025/3/10 19:34,小时候看见董力我就讨厌这个男人，果然不是我年幼无知的偏见[比心],1
2025/3/10 19:37,如果关系不好 妻子是不会这样凑上去的吧,0
2025/3/10 19:38,他长得好像小鱼海棠的老公,0
2025/3/10 19:47,董力是谁？他干什么的？,0
2025/3/10 19:50,此处应该@董力,0
2025/3/10 19:52,他好像觉得人家女孩子配不上他似的,1
2025/3/10 19:53,每个人的性格都不一样吧，有些人是爱在心里，不懂怎么表答吧，有些人是天天说爱，结果不到一个月都能爱上另一个，像我只爱钱，管你爱不爱我，我,0
2025/3/10 19:57,他不爱阿诺,0
2025/3/10 19:58,围脖七八百玩發粉丝  在她们国家应该是很大很大的明星了吧,0
2025/3/10 19:59,我想问一下，董力不是傻子，肯定知道这样会被骂吧，但为啥还是这样？,0
2025/3/10 19:59,这个阿诺真的是顶级恋爱脑，对董力有滤镜,1
2025/3/10 20:01,是的[呲牙]他们乱编,1
2025/3/10 20:01,他一看就不爱,1
2025/3/10 20:01,董力的粉丝有福了 努力保持男顶流的营业感 镜头前不与任何异性接触 哪怕孩子他妈都不行,1
2025/3/10 20:02,演都不演吗,1
2025/3/10 20:03,不晓得啊，其他夫妻反正看着都有感情[呆无辜],0
2025/3/10 20:11,难道他俩不才是婚姻九年的普遍状态吗？挺真实的。,0
2025/3/10 20:21,你说他嫌弃吧，谈了九年，你说他喜欢把，处处充满了嫌弃。,1
2025/3/10 20:23,怪不得一直以为他单身,1
2025/3/10 20:26,他就动嘴,0
2025/3/10 20:27,我多了条记忆？我记着他甚至想和阿拉蕾炒cp着[咒骂],1
2025/3/10 20:28,那他图啥,1
2025/3/10 20:38,能不能让董力看这条,0
2025/3/10 20:40,董力啊，好好对你的老婆孩子吧,0
2025/3/10 20:41,可能他们相识那一年，董力上了几个大综艺，被误会是顶流了,0
2025/3/10 20:41,在等等,0
2025/3/10 20:42,钱得拿手上，人和财总得图一个，人没得指望了，那就只有保证自己的利益了，加油！支持,0
2025/3/10 20:43,好希望他自已能刷到这条[害羞],0
2025/3/10 20:47,他只是没爱了,0
2025/3/10 20:51,放过她吧！董力！！！！,1
2025/3/10 20:52,没有直男  只有不爱你的男人,0
2025/3/10 20:54,什么项目啊,0
2025/3/10 20:55,去年全网火力攻击麦琳那次已经受教了，身为外人不予置评[我想静静],0
2025/3/10 20:55,也很真实,0
2025/3/10 20:56,建议去参加另一档节目[看],0
2025/3/10 20:59,开始肯定喜欢，现在九年了而且人家女孩给他生了俩个孩子外国人本来就老的快,1
2025/3/10 21:05,有没有可能是剧本？因为流量大,1
2025/3/10 21:08,真害怕网友骂她，他回去pua她老婆，唉[我想静静],1
2025/3/10 21:19,咱中国人送礼还是他会 所谓 “礼轻情意重”这意思 被他玩得明明白白[泪奔],0
2025/3/10 21:20,我老公不会，在外面一样想跟我亲密，我儿子会，有一次送他去上学，还没见到同学时还很正常，见到同学就不理我了，喊都喊不答应，眼神都不给我哈哈哈，后来回家我问他，他说没有啊,0
2025/3/10 21:34,董力总是给人一种别人欠他钱的样子[捂脸]我感觉他应该是很闷的那种人,1
2025/3/10 21:34,我当年 看爸爸去哪 因为阿拉蕾喜欢他…真是我的案底了！！！！！！[流泪][流泪],0
2025/3/10 21:36,@@xR/JJ [泣不成声],0
2025/3/10 21:38,阿诺，你可以离开他吗,0
2025/3/10 21:38,阿诺简直就是国外的王宝钏，喜欢挖野菜,0
2025/3/10 21:42,把反感演绎的淋漓尽致,1
2025/3/10 21:44,这个综艺是请不来别的嘉宾了吗,1
2025/3/10 21:45,终于有人吐槽了，看他去女方家带的东西真的……嗯……[捂脸],1
2025/3/10 21:50,阿诺 清醒做自己吧！,0
2025/3/10 21:55,可是这不是正常夫妻的相处模式吗？,0
2025/3/10 21:55,不认识,0
2025/3/10 22:00,是不是来错节目了 应该去再见爱人,1
2025/3/10 22:00,一个站在我身边的一个可能吧 这是什么话啊 [捂脸],1
2025/3/10 22:02,@不吃辣椒（戒断反应期,0
2025/3/10 22:06,如果要跟老婆撇清关系，那为什么还上这个节目,1
2025/3/10 22:10,谁敢艾特董力啊，我不敢[泪奔],0
2025/3/10 22:12,看的想举报董力[泪奔]却想起来没有这个功能,0
2025/3/10 22:16,感觉对老婆没有感情了 身体反应就不想接触 但是又不得不演。,0
2025/3/10 22:24,网爆你我会第一个站出来[疑问]董说哈哈哈哈没想到自己被wb了,1
2025/3/10 22:24,每个国家都有自己的恋爱脑……[看],0
2025/3/10 22:25,他不会就是为了生混血儿吧[泪奔]，不然没啥理由不爱还要在一起啊[泪奔],1
2025/3/10 22:29,这不是现实一起生活了十几年的夫妻真实写照吗？那些才是童话吧,0
2025/3/10 22:29,这种综艺看看就可以，别太当真，那个再见爱人就是人家现在被骂后火了都可以直播了都,0
2025/3/10 22:31,董力的粉丝在哪里,0
2025/3/10 22:38,这两期董力槽点终于总结全了，看节目对董力就是这感觉,0
2025/3/10 22:39,阿诺长的好奇怪啊,1
2025/3/10 22:43,就算红了也没必隐，何况也没那么红,0
2025/3/10 22:46,以前是国家队的[看],0
2025/3/10 22:47,不是随便一个运动员，是国家运动员。,0
2025/3/10 22:48,他是不是跟金莎那个小男友孙承萧上了一档综艺的那个脾气大的董力啊,0
2025/3/10 22:49,他上辈子救过她几条命啊，这么顶级的死心塌地[九转大肠][九转大肠],1
2025/3/10 22:57,他俩是怎么相识的？,0
2025/3/10 22:59,我也觉得[尬笑]@璇崽  我全程都是这个表情,0
2025/3/10 23:00,叫他妻子去王宝钏那里挖野菜,1
2025/3/10 23:03,他当运动员没有成绩且当运动员时间还没进娱乐圈长,1
2025/3/10 23:08,我们狮子可不这样 恨不得全世界都知道我爱他 太爱我的,0
2025/3/10 23:09,买奶茶偶遇,0
2025/3/10 23:09,@招财小猫?? [暗中观察][暗中观察][暗中观察],0
2025/3/10 23:10,@招财小猫?? [吐血][吐血][吐血],1
2025/3/10 23:13,董力都不如放弃事业支持女方 毕竟他也不红啊[噢买尬]没有辨识度,1
2025/3/10 23:14,建议推给董力,0
2025/3/10 23:14,我也这么想的，放不下包袱,0
2025/3/10 23:15,大家一定要把阿诺扶起来   让谁高攀不起[可怜],1
2025/3/10 23:23,我老公也是这样的[泣不成声],0
2025/3/10 23:29,地区和性格问题吧   韩庚是东北人  东北男人其实都很暖的,0
2025/3/10 23:29,我也是，对男的 女的表现都很无语，索性不看??,0
2025/3/10 23:33,不爱呗,0
2025/3/10 23:37,是谁都不知道,0
2025/3/10 23:42,再见爱人可以参加了吧哈哈哈,0
2025/3/10 23:43,买九支玫瑰那会儿并不是他老丈人听不懂，是一脸不可置信[捂脸],0
2025/3/10 23:49,正好下次直接去再见爱人,0
2025/3/11 0:01,别的夫妻都是明星的多，知道镜头下会怎样。或者有点剧本。他们俩也算还好的，看着算幸福了,0
2025/3/11 0:05,他是明星吗？[捂脸],0
2025/3/11 0:06,跟我前夫一样[尬笑],1
2025/3/11 0:06,@gogoruby @付绿绿绿 @就这样吧 @剪刀手卡子哥 [尬笑],0
2025/3/11 0:06,我前夫就是,1
2025/3/11 0:12,今天看了一段两年没见阿诺妈妈了，张口闭口都是你妈[捂脸],0
2025/3/11 0:21,他居然结婚了？,0
2025/3/11 0:36,大家不要着急呀，看完再说,0
2025/3/11 0:37,是的,0
2025/3/11 0:56,看了这综艺，感觉还好吧，没有网传那么夸张，这男的很爱她老婆的，人也说了是经济公司不让公开,0
2025/3/11 1:21,"阿拉蕾
了吗？当年阿拉蕾说长大了要嫁给他的时候，我还感动期待了一段时间。",0
2025/3/11 1:38,我老公就是这类型,0
2025/3/11 1:43,我觉得也是,0
2025/3/11 1:52,董力真的有粉丝么[捂脸],1
2025/3/11 2:01,不认识,0
2025/3/11 2:08,不认识,0
2025/3/11 2:29,这男的刚出圈参加综艺对他就没好感[捂脸],1
2025/3/11 2:45,他有粉丝吗,0
2025/3/11 3:13,是的，我也觉得  一般没离婚就是优点能战胜缺点。比如我对象 外人看情绪不稳定 ，对我有点大呼小叫。实际上对我还蛮好，也好使唤，家里条件也还过得去，所以我才没分手。不然就他姐姐那事儿妈的样子就得掰（主要是他的态度是让我别开口他姐说的不对的他怼）,0
2025/3/11 3:16,不是不想，估计是经济不支持多养啊[捂脸] 两个娃差距那么小肯定是有保姆的，而且在上海，他也没很多工作，可能就是节目效果演黑脸,0
2025/3/11 4:24,挣钱[微笑],0
2025/3/11 4:58,黑粉不少,1
2025/3/11 5:13,开始介绍说她是平面模特，所以应该长得不错。只是生了两个孩子，外国人老的快,1
2025/3/11 5:31,包出的[看][看][看],0
2025/3/11 5:40,没有人伤心啊[捂脸],0
2025/3/11 5:50,“你脸太干了 粉都要掉了”哎呀我去,1
2025/3/11 6:21,人家已经退役了，,0
2025/3/11 6:36,我看过她拍的大片，可能没长我的审美点上,0
2025/3/11 7:19,感觉藏了九年还是有问题吧,1
2025/3/11 7:27,他老婆之前是模特 长的很高级 很漂亮呀,0
2025/3/11 7:37,董力是gay,1
2025/3/11 8:22,我可没这么说，但是在大部分人的眼里国家运动员确实比所谓的那些明星更值得尊敬。,0
2025/3/11 8:23,进了国家队训练了一段时间，但是不是国家队队员,0
2025/3/11 8:34,月天蝎的,0
2025/3/11 8:45,董丽就是是什么明星,1
2025/3/11 8:46,@seesaw,0
2025/3/11 8:49,多好啊，结婚多年，孩子都生2个了，还一脸娇羞，董力肯定很爱她！,0
2025/3/11 9:06,你们的生活都这样的吗[捂脸],0
2025/3/11 9:30,生理性排斥是没办法装出来和克制的,0
2025/3/11 9:31,这女的咋想的,1
2025/3/11 9:48,可能其实后来他发现他还是更喜欢中国人[捂脸],0
2025/3/11 9:49,都不认识他谁 女孩唯唯诺诺的,1
2025/3/11 9:57,女孩太好了，这个男的不配,1
2025/3/11 9:58,好像被扒了，他好像没进国家队[捂脸],0
2025/3/11 10:02,有没有可能这个男的就是害怕其他女朋友看到不开心吧所以保持距离,0
2025/3/11 10:29,董力到底是干嘛的？怎么火的,0
2025/3/11 10:35,别太带入，我盲猜后面有反转[捂脸]，国内综艺老套路了,0
2025/3/11 10:40,查一下,0
2025/3/11 10:40,也许只是直男，也没谈过几个，一个谈了九年，老婆还那么宠。只要没有原则性错误可以在一起的,0
2025/3/11 10:43,演过爸爸去哪儿[捂脸],0
2025/3/11 11:00,哈哈哈，一个抖音都没多少粉丝的大咖[捂脸],1
2025/3/11 11:08,不是 处女座爱一个人的时候不这样,0
2025/3/11 11:09,@董大力,0
2025/3/11 11:12,[666],0
2025/3/11 11:29,真实个啥？？？活40年，见到的这种夫妻基本很少很少，除非真的很嫌弃对方,1
2025/3/11 11:57,@西西不吃芥末,0
2025/3/11 12:03,长得又不帅,1
2025/3/11 12:07,用来衬托别人吧,1
2025/3/11 12:09,反正不喜欢他老婆[捂脸],1
2025/3/11 12:18,哪门子的爱豆,1
2025/3/11 12:28,不认识啊，这男的干啥的？,0
2025/3/11 12:28,我也觉得  节目最后肯定又会反转[做鬼脸],0
2025/3/11 12:39,周一围的i人吧 社恐那种吧 这个男生是嘛[抠鼻],0
2025/3/11 12:41,我是俗人 董力外头肯定是有人了[尬笑],1
2025/3/11 12:44,他有小3了吧，是不是怕小3吃醋,1
2025/3/11 12:44,哈哈哈哈哈我也刚评论，跟我想的一样,0
2025/3/11 12:48,@懒人 @Davil,0
2025/3/11 13:04,同妻吧,1
2025/3/11 13:05,那些都是演员[捂脸]…他完全不演吧,0
2025/3/11 13:12,特别喜欢卢靖姗,0
2025/3/11 13:13,董爱不爱没事，女的爱他[捂脸][捂脸],0
2025/3/11 13:30,很多秀恩爱的不是一样离婚了。每个人有每个人的相处方式，别操心了,0
2025/3/11 13:31,为了挣钱上节目，但是又不能表现的很恩爱，怕背后的那位生气。,1
2025/3/11 13:31,@天干物燥 有道理,0
2025/3/11 13:52,有外人我老公一本正经，在家的时候，他就像个小娘们[尬笑],1
2025/3/11 13:54,你看男生，一直斜眼看人,1
2025/3/11 14:09,董力是干嘛的？不认识诶，他的粉丝不要喷我哈,0
2025/3/11 14:16,我才知道董力结婚还有孩子,0
2025/3/11 14:42,不爱，真的感觉不到他爱她[捂脸],0
2025/3/11 14:48,董力是干啥的？,0
2025/3/11 14:54,年龄多大,0
2025/3/11 14:59,阿诺，你傻啊，怎么能放弃自己的事业,1
2025/3/11 15:01,我老公在家可以帮我亲脚丫子 但是出去外面 他很装 我感觉跟我不太熟[暗中观察],0
2025/3/11 15:24,“顶流”来掉粉的吧[玫瑰][玫瑰],0
2025/3/11 15:41,不是，谁是他的粉丝,1
2025/3/11 15:45,董力这对感觉上错节目了[捂脸],0
2025/3/11 15:46,两个呢,0
2025/3/11 16:11,me too,0
2025/3/11 16:13,看房考虑学区，有问题？别盲目喷啊，虽然我也不喜欢他,0
2025/3/11 16:16,我当年最不明白的就是他作为运动员没有成绩是怎么火的，至少要世锦赛奥运那种吧,1
2025/3/11 16:19,董力是干啥的,0
2025/3/11 16:25,董力是哪个,0
2025/3/11 16:29,董力是谁[捂脸],0
2025/3/11 16:31,个别个别……大部分还是好人好品德的人多,0
2025/3/11 16:35,董力是谁？,0
2025/3/11 16:50,我老公也这样，我们恋爱时上街就不怎么牵手挽手，他也不浪漫，他也不会表达，但是一回家他下班第一件事就是过来找我抱我，看电视看手机只要一只手得空那只手就会放我身上，但是只要有别人在场我们就会很不熟，我曾经也很怀疑他到底爱不爱我，但后面也习惯了，管他爱不爱，自己觉得舒服就好，ps我们俩15岁认识到现在21年了，一直都是这样,0
2025/3/11 16:51,压根不知道他结婚了孩子都这么大了，记忆还停留在爸爸去哪儿带阿拉蕾,0
2025/3/11 16:55,不懂就问，他是不是欺负金莎男朋友的那个男的？,1
2025/3/11 16:58,肢体语言 骗不了人的,0
2025/3/11 17:00,感觉他不爱她……,0
2025/3/11 17:03,怎么那么像张雨剑[抠鼻],1
2025/3/11 17:06,这个男的是那个刚出道就说自己已经结婚的那个吗,0
2025/3/11 17:10,生理性讨厌干嘛跟人生孩子？！,1
2025/3/11 17:18,不是吧，懂力家条件不错，要不然也不会学击剑,0
2025/3/11 17:23,反正我老公不会,0
2025/3/11 17:29,还老领的清[宕机],1
2025/3/11 17:35,有没有可能，如果我是说如果奥，他会不会喜欢男的[捂脸],1
2025/3/11 17:36,没出柜是真的！我有种感觉……,0
2025/3/11 17:37,哈哈，他有粉丝吗,1
2025/3/11 17:38,董力不一样，他在其他综艺的观感也不太好[捂脸]那什么少年的综艺，骂的也挺惨,1
2025/3/11 17:40,他是退役击剑运动员，好像因为一个亲子节目出圈，但我曾经在我最爱的综艺里（明星大侦探）看过他一次，我当时第一感觉是，他不喜欢女人！,1
2025/3/11 17:43,董力只是想要个混血的孩子吧[泪奔][泪奔][泪奔]外国女人生完孩子老的特别快！,1
2025/3/11 17:51,恋爱脑,0
2025/3/11 17:51,说真的，大几成年人，谈恋爱时对方爱不爱自己是能感受到的，当然，如果是第一次恋爱的话可能比较懵懂,0
2025/3/11 17:56,跟我老公一样，所以现在我们只是孩子的父母,0
2025/3/11 17:58,不是 他是肉眼可见的八百线小咖吧 谁care他结没结婚 偶像包袱重死了,1
2025/3/11 18:02,一点爱意都看不出来[发呆],0
2025/3/11 18:06,怪不得没成绩，对老婆都看不出一点责任感。[发呆],1
2025/3/11 18:07,说实话，我没看出来韩庚和董力对老婆的爱，他俩一样，但是韩庚会隐藏，董力不会隐藏,0
2025/3/11 18:09,一进来巩俐有多抗拒阿诺的肢体接触，我来看看怎么个事,0
2025/3/11 18:23,@???,0
2025/3/11 18:27,他只爱自己,1
2025/3/11 18:36,董力让一部分天天做梦娶外国美女的男人，有了希望,1
2025/3/11 18:48,那他为啥来这节目啊[捂脸][捂脸],1
2025/3/11 18:54,他这个表现真不好说,0
2025/3/11 18:58,真的小牌大耍,1
2025/3/11 19:02,@：?? [尬笑],0
2025/3/11 19:04,好可惜，说这么好的姑娘,0
2025/3/11 19:04,他俩咋好上的,1
2025/3/11 19:09,阿诺很漂亮啊,0
2025/3/11 19:14,阿诺是交换生来中国六个月，一见钟情，阿诺回国完成学业后来中国就一直在一起,0
2025/3/11 19:17,岳父爱喝酒，咋得拿瓶茅台啊！[捂脸],0
2025/3/11 19:24,这个人是不是参加过什么综艺原来,0
2025/3/11 19:28,千万不能让他火，但是他不火又没法养老婆孩子[捂脸],1
2025/3/11 19:33,董力到底在忙什么？没时间[尬笑],0
2025/3/11 19:44,压根不知道董力是谁,0
2025/3/11 19:55,他走错棚了吧,1
2025/3/11 20:00,他最出名的时候还是占了阿拉蕾的光[微笑],0
2025/3/11 20:10,不喜欢为什么要生孩子？,1
2025/3/11 20:13,他想要个贤惠的妻子生孩子吗,0
2025/3/11 20:14,那九朵花给我看笑了[你不大行],1
2025/3/11 20:20,听都没听过这个人[尬笑]这个老婆是契约的吗？,0
2025/3/11 20:22,所以董力到底是谁啊[泪奔][泪奔][泪奔],0
2025/3/11 20:26,@喵喵喵喵橘子猫 @Berlin @只喝-热水 @??莫莫??,0
2025/3/11 20:28,看到这我都笑了，没一个笑脸的[捂脸][捂脸][捂脸],0
2025/3/11 20:36,娱乐圈被骗的最惨的外国人[捂脸][捂脸],0
2025/3/11 20:41,不是这样的，有的男的在外面就是这样，没外人夫妻单独相处的时候又会是另一个样。[奸笑],1
2025/3/11 20:43,对，我老公就是这样，在外面手都不好意思牵，,0
2025/3/11 20:51,我以为给人一瓶茅台啥的，让岳父尝尝中国酒呢没想到是开瓶器[捂脸],0
2025/3/11 20:51,董力老婆现在和之前自信满满做太平鸟模特那时候真的感觉不一样了，被他PUA了吗[暗中观察][暗中观察][暗中观察]这样好的女生就该独美啊,1
2025/3/11 20:59,不妨碍他老婆爱惨了他,0
2025/3/11 21:00,张雨剑同款男人[捂脸][尬笑],0
2025/3/11 21:00,他不爱她,0
2025/3/11 21:02,董力他是干嘛的，他是谁[暗中观察],0
2025/3/11 21:08,爱和不爱非常明显,0
2025/3/11 21:09,是,0
2025/3/11 21:09,只是怀孕了才结的婚,0
2025/3/11 21:09,他根本不想曝光他老婆，不是因为怕影响他事业，而是他根本不爱啊[苦涩],1
2025/3/11 21:09,他觉得你拿不出手，,1
2025/3/11 21:10,他这是吃定了恋爱脑老婆离不开他？,1
2025/3/11 21:11,感觉不会吧,0
2025/3/11 21:12,女的爱他有什么[疑问]重要的互相爱,0
2025/3/11 21:13,为了火真的有可能黑红也是红的,1
2025/3/11 21:14,他俩就是因为孩子结的婚没孩子或许都结不了,1
2025/3/11 21:16,可能是他内向，面对镜头害羞吧,0
2025/3/11 21:19,他用打压得手段，压制这个女孩，控制成自己要想的样子。,1
2025/3/11 21:22,李承铉那种就是生理性喜欢,1
2025/3/11 21:27,满心都担心他的粉丝不爱他了吧,0
2025/3/11 21:29,@伍仁小月饼 @耶宝,0
2025/3/11 21:30,不说看不太出来是两口子,0
2025/3/11 21:34,他对陈雨容可不这样,1
2025/3/11 21:35,他有多少粉丝？,0
2025/3/11 21:37,我见过很多小姐姐自称易烊千玺老婆  李现老婆  王一博老婆  肖战老婆  等等等等  还真没见过自称董力老婆的小姐姐[尬笑],0
2025/3/11 21:39,那咋生的孩子？啊懂你真行啊,1
2025/3/11 21:40,@齐肩。 你随时和我保持距离,1
2025/3/11 21:40,有人说这是外国人被骗的最惨的一次,1
2025/3/11 21:43,他还需要隐婚??[宕机],1
2025/3/11 21:51,看着都觉得好窒息,1
2025/3/11 21:52,@卟卟大人 @是憨憨吖??,0
2025/3/11 21:55,这女的自己应该感受的到吧 毕竟外人都一看就看得出来,1
2025/3/11 22:03,他就说阿，因为有了小孩才结婚,0
2025/3/11 22:03,那三对才是真爱，这一对看起来好像不熟的感觉[尬笑],0
2025/3/11 22:06,0个粉丝伤心[尬笑],0
2025/3/11 22:08,像阿凡达,0
2025/3/11 22:15,@齐肩。 你就是这样冷冷的,1
2025/3/11 22:16,越看越生气！,1
2025/3/11 22:17,男的说女的会察言观色 不像是夸人的话啊,1
2025/3/11 22:31,[噢买尬]受不了,1
2025/3/11 22:32,@阿诺_Manon 看看？[泣不成声],0
2025/3/11 22:33,每上一个节目都有一个槽点也是比较优秀的,0
2025/3/11 22:37,[投降]董力什么玩意,1
2025/3/11 22:37,他已经不喜欢她了,0
2025/3/11 22:44,终于知道董力像谁了：藏狐[抠鼻],0
2025/3/11 22:44,据我多年的经验来看，这个男的外面有没有人不好说，但是他肯定不爱这个女的,1
2025/3/11 22:45,站在你身边的可能？我可能站在你旁边都不知道你是谁[宕机],1
2025/3/11 22:46,哈哈哈哈哈哈哈哈哈哈哈,0
2025/3/11 22:46,宝贝外国人衰老的会快  年轻时候她们很惊艳,1
2025/3/11 22:49,外面有人了,0
2025/3/11 22:49,是的,0
2025/3/11 22:50,反正岛屿少年里老董真是刷新三观[捂脸][捂脸][捂脸],0
2025/3/11 22:52,真假的,0
2025/3/11 22:52,主要是他老婆挺感动，所以王宝钏啊王宝钏你也有徒弟了[捂脸],0
2025/3/11 22:52,就看不明白,0
2025/3/11 23:01,@Niccold,0
2025/3/11 23:01,在一起那么多年哪有那么多爱情啊，只要对方负责任不出轨，钱拿回家里就可以了都结婚了别对对方要求太高[抠鼻],1
2025/3/11 23:04,太过分解读了，在一起那么多年别对对方要求太高又要交家用又要对你特别好又要长得帅，这又不是童话故事，只要不出轨，对方有责任感，对对方态度好就可以了难道要十全十美，对方也是人好吗[抠鼻],1
2025/3/11 23:04,@哇塌西哇兰酱呔斯儿～ @Cecilia @虚惊一场,0
2025/3/11 23:05,韩庚去的早市[捂脸][捂脸]我家楼下的,0
2025/3/11 23:06,谁能一辈子只爱一个人，在一起那么多年了，只要给钱，对对方态度不差就可以了，又要长得帅又要有钱，又要拿你当个宝又不是天仙，正常的婚姻都会有瑕疵没有十全十美，,0
2025/3/11 23:11,哎，只是不爱了，早晚会分的，他俩就是亲人的情感，不是爱情了,0
2025/3/11 23:13,是的。,0
2025/3/11 23:14,董力干啥的,0
2025/3/11 23:15,上再见爱人吧，换个节目,0
2025/3/11 23:18,@财神爷的锦鲤,0
2025/3/11 23:23,他只是为了上下一档节目再见爱人，这样应该够他红了,1
2025/3/11 23:29,阿诺出道吧,0
2025/3/11 23:34,真是当局者迷[微笑],0
2025/3/11 23:48,偶像包袱怎么来的[捂脸],0
2025/3/11 23:49,怕粉丝伤心[暗中观察],0
2025/3/11 23:54,我的直觉他出轨了[捂脸][捂脸][捂脸][捂脸][捂脸]  包真的[灵机一动]  直觉,0
2025/3/11 23:55,我在看了，看完好喜欢韩庚夫妻和胡夫妻,0
2025/3/11 23:59,那不是胡歌吗[捂脸],0
2025/3/12 0:00,把自己日子搭理好吧，别苛责人家了,0
2025/3/12 0:01,但他在岛屿少年里说一见钟情这件事是糗事，可以看看那个节目的剪辑[捂脸],0
2025/3/12 0:01,他的咖位是狗仔都懒得扒他的程度[泪奔][捂脸],1
2025/3/12 0:02,[捂脸][捂脸][看][看],0
2025/3/12 0:06,他对她没有生理性喜欢,0
2025/3/12 0:09,不会只有吵架这样么,0
2025/3/12 0:21,[捂脸][捂脸][捂脸][捂脸],0
2025/3/12 0:25,要结婚的时候我跟我老公说我手机坏了想换新的，然后他带我到手机店拿了一堆手机壳给我挑[看],0
2025/3/12 0:33,不爱为啥跟人家在一起,1
2025/3/12 0:44,董力咖位最小所以给他制造点话题，四队都那么恩爱，收视率怎么上去,1
2025/3/12 1:05,他这种表现，跟我嫌弃一个对我有好感，而我又特别看不上的人的表现一模一样,1
2025/3/12 1:06,董力不上网吗[呲牙],0
2025/3/12 1:07,阿拉蕾：董力爸爸 当年火的是我 不是你[看],1
2025/3/12 1:07,我老公也这样对我怎么办，每次我想亲他主动的时候他就会说过去过去，就是那种不好意思的样子，哎，但是每个月都会给我转钱，可能就是对我们这个家有责任心吧,0
2025/3/12 2:25,@来份烧鸭饭,0
2025/3/12 2:33,董力自己还只是个孩子的时候，他还没长大，就当了爸爸，,1
2025/3/12 2:34,坐姿 哪像情侣,1
2025/3/12 2:39,阿诺才要隐婚吧[泪奔],0
2025/3/12 2:49,不认识这个姓董的,0
2025/3/12 3:07,@阿诺_Manon,0
2025/3/12 5:01,管他呢，那就把他脸掰过来 不亲也得亲[展开说说],1
2025/3/12 5:01,他现在os觉得人家配不上自己,1
2025/3/12 5:11,爱你时  满眼都是你  不爱你时  满脸都是嫌弃,0
2025/3/12 6:26,老外年龄大就耐看,0
2025/3/12 6:30,他装啥啊[尬笑],1
2025/3/12 6:45,@合肥小胡歌,0
2025/3/12 6:47,董力的思想应该就是想要个混血的自己孩子，感觉董力一点点都不爱她。好伤感啊替女孩不值得[泣不成声],1
2025/3/12 6:48,"[捂脸]几年没回娘家。上节目就回了。
能工费回[看]",0
2025/3/12 7:43,为什么董力资源这么好,0
2025/3/12 7:51,嫌弃了，很明显的嫌弃。,1
2025/3/12 8:05,周一围和董丽都是处女座的。[笑哭],0
2025/3/12 8:21,说实话我也喜欢胡静，喜欢看她的古装剧，可惜没喜欢几年，她结婚了，然后好久没拍古装剧[捂脸]就是再拍也不是前几年，那种年轻时候风格的妆造了。,0
2025/3/12 8:24,她的脸好小啊,0
2025/3/12 8:24,不爱怎么结的婚呢,0
2025/3/12 8:33,[捂脸][捂脸][捂脸]我高兴的时候就这样，有时候我就掉个脸，没想到我老公那天喝酒了给我说我把他当工具[捂脸]，挣钱，睡觉，我的妈呀，他也是网上冲浪高手呀，还知道工具这词呢[捂脸][捂脸][捂脸],0
2025/3/12 8:34,这男的外面有人不敢让人看见,1
2025/3/12 8:38,为什么老那么快啊,0
2025/3/12 8:44,这么漂亮的女孩 看上他啥了,0
2025/3/12 8:45,每个人性格不一样吧…,0
2025/3/12 8:47,怎么说呢，这个亲密的动作要看个人的。我觉得私下亲昵可以，如果给人看到总会觉得很别扭。这也没啥问题啊,0
2025/3/12 8:47,哈哈哈哈哈[捂脸],0
2025/3/12 9:10,当习惯了几条没事了[偷笑]以前我也好抗拒在别人面前亲亲，然后每天分开都在女儿面前亲亲，就无论有没有人都照常了[捂脸][捂脸],0
2025/3/12 9:12,外国女生老的快。。,1
2025/3/12 9:24,？？？,0
2025/3/12 9:24,董力最火的时候就是跟阿拉蕾搭档组父女的时候[调皮] 而且还是因为阿拉蕾才火[听歌][听歌][听歌][听歌],0
2025/3/12 9:47,韩庚夫妻恩爱[微笑]总有一天会曝出来的，到那个时候你们就都知道韩庚是怎样的人了，人都是会伪装的,1
2025/3/12 9:47,好小众的词：董力粉丝？？？？？？？？,0
2025/3/12 10:01,董可能是骨子里面比较内向的人，这种人在外就会这个样子,0
2025/3/12 10:07,他咋了,0
2025/3/12 10:09,每个夫妻或者恋综最后都有分手的一对[捂脸],0
2025/3/12 10:14,怎么可能不出轨，一般离婚都是因为对方有了原则性问题了,1
2025/3/12 10:17,"董力：我是明星得隐婚
观众：这是谁呀",0
2025/3/12 10:22,真的假的,0
2025/3/12 10:49,董力到底是谁呀,0
2025/3/12 11:02,他要是外面没有人 我脑袋给你们,1
2025/3/12 11:28,这个外国小美女真倒霉，怎么那么单纯啊[呲牙]我记得外国的法律好像是结婚之后男方所有的财产都要必须归在女方,1
2025/3/12 11:30,看了妻子的浪漫旅行，应该是i人,0
2025/3/12 11:39,董力和于小彤这两个人真的让我很迷惑，会有粉丝吗？,1
2025/3/12 11:40,一猜就觉得是土象星座，结果一查，嘿！真是,0
2025/3/12 11:46,火起来还是因为阿拉蕾，不然谁认识他，他真的多虑了[宕机],1
2025/3/12 11:50,阿诺万万没有想到，她以为董的粉丝会骂她，结果全是骂董的，哈哈哈[呲牙],1
2025/3/12 12:07,就是不爱。我和老公结婚10年，平时各自都很忙不怎么交流，但不管在家还是在外面，只要对视都会不自觉地吸引拥抱接吻,0
2025/3/12 12:13,阿诺很漂亮,0
2025/3/12 12:16,以前不认识董力，看那个节目董力那些操作，我就在想，这个男的肯定是上海人，没想到还真是[捂脸],0
2025/3/12 12:19,不是，我是真怀疑他不舍得机票钱[捂脸]特意有节目报销的时候才带阿诺回比利时,1
2025/3/12 12:31,外国人可能生活太好了没啥压力，很单纯。有些弃婴被国外领养后，还来中国寻找亲生父母。外国人是不是好日子过多昏头了[捂脸],1
2025/3/12 12:33,如何能让阿诺看到，有英文版吗？她能听懂吗[我想静静],0
2025/3/12 12:37,当男人还没有解决温饱问题的时候，是没有爱的,0
2025/3/12 12:38,爱豆？,0
2025/3/12 12:41,内娱采访真的言之无物啊[躺平],0
2025/3/12 12:54,结果那一年，董力已经遇到了现在的老婆，谈上了恋爱，还炒cp,0
2025/3/12 12:58,有一说一，这是节目组带的节奏要的效果[看],0
2025/3/12 12:59,他走在大街上十个人里有几个人能认识他？？？[捂脸][捂脸][捂脸],0
2025/3/12 13:00,董力：嘿嘿，来回机票节目组报销[看],0
2025/3/12 13:18,现在害怕的应该是董力，如果离了应该再也找不着媳妇儿了[泪奔],1
2025/3/12 13:25,@董大力,0
2025/3/12 13:26,金秀贤这股网络旋风啊真是，所到之处,0
2025/3/12 13:30,阿诺有不有抖音啊？？有不有他的电话，我要告诉他，快点离开他,1
2025/3/12 13:33,当他拿出开瓶器的时候，我真不想让那些外国人知道他是中国人[裂开][裂开][裂开]，我们中国人去丈人家真不这样[泪奔][泪奔][泪奔],1
2025/3/12 13:43,还有另外一对娱乐八卦听多了滤镜碎,1
2025/3/12 13:53,那倒是大可不必，就是按照阿拉蕾的思路随便一说，玩笑话而已。,0
2025/3/12 13:55,虽然我不喜欢董力，可你们营销号也不能硬黑呀，我这个黑粉都看不过去了。明显是不带恶意的玩笑话，如果是不妥也是女主持人引导的话有问题。,0
2025/3/12 13:59,她笑一下然后说“好帅”那里，我感觉她其实很清楚董力是什么样的人。,0
2025/3/12 14:02,他是谁？？？？哈哈哈哈,0
2025/3/12 14:31,@董大力 你看看你 是不是这样子[尬笑],1
2025/3/12 14:43,他处女第一天 偏狮子[逞强落泪][逞强落泪],1
2025/3/12 14:48,董力有粉丝！[微笑][泪奔],0
2025/3/12 14:53,她美，她可美了[送心],0
2025/3/12 14:58,董力处女第一天。偏狮子。他演不出来。肢体动作很明显。不喜欢就是不想接触[捂脸],1
2025/3/12 15:05,他不说自己是爱豆，阿诺怎么知道这个词的，,0
2025/3/12 15:15,虽然，但是，也不必要墙倒众人推…没人会把他们组CP，这只是一个玩笑[尬笑],0
2025/3/12 15:26,董力是把自己当成鹿晗了,1
2025/3/12 15:30,[黑脸],1
2025/3/12 15:51,董力 这种是典型的中国式男人 又希望你在各方面给自己添砖加瓦 又不希望你太过优秀遮盖住他的光芒 有希望自己能独善其身 又希望有人能给他整理后院,1
2025/3/12 15:59,包的,0
2025/3/12 15:59,这个没啥吧，完全主持人引导的，我儿子还说长大要娶我呢[捂脸],0
2025/3/12 16:01,到底谁在粉董力啊 ？一个靠阿拉蕾火了一下子的男人 他有什么让人熟知的东西吗 他在忌讳什么 [微笑],1
2025/3/12 16:08,最好笑的是，外婆年纪大了行动不便，春联上写的事业联[捂脸],0
2025/3/12 16:15,我觉得阿诺是吧 是不是有点 脖子前倾 [暗中观察],1
2025/3/12 16:30,没有恶意不管是看面相还是这男的素质言谈举止等等，她俩也走不长，妥妥渣♂,1
2025/3/12 17:04,这种我都怀疑是同婚,1
2025/3/12 17:05,感觉他拿女方当工具人,1
2025/3/12 17:27,@杰瑞?? 尴尬抠出三室一厅,1
2025/3/12 17:37,不是不喜欢 都快成生理性排斥了 [捂脸],0
2025/3/12 17:46,我也觉得,0
2025/3/12 17:49,生了小孩老的快,1
2025/3/12 17:50,不爱就离.别伤害人,1
2025/3/12 18:10,他们在一起9年了[捂脸],0
2025/3/12 18:18,不认识董力[捂脸][捂脸][捂脸]没看过他有什么出名的演出剧。,0
2025/3/12 18:24,爱和不爱还是挺明显的,0
2025/3/12 18:24,外头有人是说男的离不开女的吗,0
2025/3/12 18:27,应该是不好意思在公共地方亲密,0
2025/3/12 18:28,哈哈哈哈哈我还担心董力本人看不见 去他抖音一看 网友们早已使命必达[赞][赞][赞][大笑],0
2025/3/12 18:38,真棒??三观正！有才华[呲牙],0
2025/3/12 18:43,不会是剧本吧？,1
2025/3/12 18:44,@????.,0
2025/3/12 18:48,[玫瑰][玫瑰][玫瑰],0
2025/3/12 18:59,明眼人都看出来他嫌弃妻子了,1
2025/3/12 19:00,哈哈哈哈牛,0
2025/3/12 19:04,他参与过啥节目？电视剧？谁啊,0
2025/3/12 19:09,@少吃点吧??,1
2025/3/12 19:09,@迷你地铁,0
2025/3/12 19:11,真不知道他是谁,0
2025/3/12 19:12,以我对互联网的了解，不会有反转吧[捂脸],0
2025/3/12 19:17,改变基因罢了,1
2025/3/12 19:20,明显嫌弃她一样[捂脸],1
2025/3/12 19:22,我不认识董力,0
2025/3/12 19:23,不好意思问一下，他是体育明星还是什么明星？,0
2025/3/12 19:23,比利时版王宝钏,0
2025/3/12 19:24,偶像包袱太重,0
2025/3/12 19:27,？,0
2025/3/12 19:30,我只记得他参加过爸爸去哪 当时带的阿拉蕾[捂脸],0
2025/3/12 19:30,哈哈,0
2025/3/12 19:32,他眼睛是一直睁不开吗,1
2025/3/12 19:33,俩个孩子……嗯……需要女人带娃[捂脸],0
2025/3/12 19:36,内个。。。他是谁 我待会儿去搜一下,0
2025/3/12 19:43,这大眼珠子[看],0
2025/3/12 19:43,意思不上节目还不能名正言顺在他身边[捂脸][捂脸][捂脸],1
2025/3/12 19:44,还能在国外享受教育，然后自己在过年过单身生活,0
2025/3/12 19:44,他不小了吧，,1
2025/3/12 19:45,说实话 不是这个视频 我根本不认识这个人[尬笑],0
2025/3/12 19:46,二十多万粉丝…..的巨星[笑哭],0
2025/3/12 19:46,体越明显,0
2025/3/12 19:46,因为当时没有更好选择,0
2025/3/12 19:46,都没听过这个人,0
2025/3/12 19:47,运动员，得过奥运冠军,0
2025/3/12 19:50,董力是谁[九转大肠],0
2025/3/12 19:50,人家想要亲亲，他说脸太干了，真是挺扫兴的[捂脸],0
2025/3/12 19:53,他们的眼睛确实很有夫妻相[宕机],0
2025/3/12 19:54,他老婆我一眼就记住了,0
2025/3/12 20:07,他…他谁呀,0
2025/3/12 20:10,送老丈人开瓶器，我们国家那么多好酒送一瓶会死啊，老丈人超爱喝酒,1
2025/3/12 20:10,他演过啥,0
2025/3/12 20:10,5G冲浪的我都不认识他[噢买尬],0
2025/3/12 20:11,心里有他喜欢的人了,0
2025/3/12 20:12,25年最好笑的事了,0
2025/3/12 20:12,不是，他演过啥[呆无辜][呆无辜][呆无辜],0
2025/3/12 20:13,我就想知道他是干啥的，火吗？,0
2025/3/12 20:14,不认识 但是好像记得他 已经被骂过一次了,1
2025/3/12 20:15,他是谁？[尬笑]真不认识,1
2025/3/12 20:16,所以他到底是干啥的,0
2025/3/12 20:17,走对面我都不知道他是谁[赞],0
2025/3/12 20:18,董力 干啥的？ 德纲徒弟？,0
2025/3/12 20:19,才认识这个人[笑哭],0
2025/3/12 20:20,董力是不是想吸女粉丝啊！还是怕会因此掉粉丝,1
2025/3/12 20:22,说真的，我不知道他是谁？演员还是歌手？,0
2025/3/12 20:22,好像没见过[泪奔],0
2025/3/12 20:23,听都没有听过[捂脸],0
2025/3/12 20:23,原来是击剑运动员 之前还参加过几个综艺后来就没动静了,0
2025/3/12 20:25,这个男的是新出道的明星吗？,0
2025/3/12 20:28,他谁呀？很红吗？[恐惧][恐惧][恐惧],1
2025/3/12 20:29,《没有顶流的命，却有顶流的病》[黑脸][黑脸][黑脸],1
2025/3/12 20:30,每个国家都有每个国家的王宝钏,0
2025/3/12 20:30,我也记得这个,0
2025/3/12 20:31,我才认识这个人，他是啥子明星[泪奔],0
2025/3/12 20:31,他走我面前我都不认识,0
2025/3/12 20:33,突然就想到周峻纬 又帅 又有担当,0
2025/3/12 20:34,走在大街上我都不知道他是甲乙丙丁,0
2025/3/12 20:35,董力不是击剑运动员吗，当年参加了爸爸去哪儿有点名气，就开始变成综艺咖了,0
2025/3/12 20:35,女的怎么这么恋爱脑，这么漂亮，真是的,1
2025/3/12 20:35,说实话，我都不知道他是谁[捂脸]，名字都没听过,0
2025/3/12 20:37,上过爸爸去哪儿给阿拉蕾当过爸爸好像，我记得阿拉蕾都不记得他[捂脸],0
2025/3/12 20:38,他到底干嘛了？是个什么明星？,0
2025/3/12 20:38,嗷我知道这个男的  在种地吧看到过  跟一个当兵的叫什么陈的两个人讨嫌死了 啥也不干就知道蛐蛐别人干活,1
2025/3/12 20:39,狗仔扒他做什么？又不赚钱[捂脸],0
2025/3/12 20:40,不管是啥类型的体育生,0
2025/3/12 20:42,我都不知道是谁[微笑],0
2025/3/12 20:43,每个国家都有自己的恋爱脑吧,0
2025/3/12 20:44,只记得阿拉蕾,0
2025/3/12 20:45,外国人有自己的王宝钏[看],0
2025/3/12 20:47,阿诺好面熟啊，他也是模特吧,0
2025/3/12 20:47,董力什么情况 是不是剧本,1
2025/3/12 20:47,听都没听过。,0
2025/3/12 20:48,董力是哪位？演过？唱过？,0
2025/3/12 20:48,他是咋个赚钱的，有通告嘛？,0
2025/3/12 20:49,我都不认识这男的,0
2025/3/12 20:49,@OK馄饨 @红豆摇摇胖虎 自从看完杨子留几手再见爱人，我感觉他们参加节目都属于观众看着离谱但是最终都实现了黑红，起码能有热度，不上节目，董根本就没热度,0
2025/3/12 20:50,@坤坤V,0
2025/3/12 20:50,哈哈哈，精辟[赞],0
2025/3/12 20:51,我还真没见过…..干啥的[捂脸],0
2025/3/12 20:51,他是哪方面的明星啊,0
2025/3/12 20:52,我去要不是刷到这个视频我都不知道董力是谁,0
2025/3/12 20:52,对不起我都不认识董力[呲牙],0
2025/3/12 20:52,他谁啊？突然冒出来的？莫名其妙啊,1
2025/3/12 20:53,我还停留在他和阿拉蕾的那个综艺,0
2025/3/12 20:54,这是哪方面的 明星？没听说过,0
2025/3/12 20:54,哈哈哈哈营销号姐姐唱到最后都生气了[九转大肠],0
2025/3/12 20:55,我有一种猜想，他是不是想参加下一季的再见爱人呢[尬笑],0
2025/3/12 20:55,霸凌孙程潇那个？,1
2025/3/12 20:56,@坤坤V,0
2025/3/12 20:56,咱就是说，当初的吴尊都没说这句话[看],0
2025/3/12 20:57,谁能让他脑子清醒点 求求了,1
2025/3/12 20:58,@乐奕-,0
2025/3/12 20:59,我真路上遇見都不知道他是誰,0
2025/3/12 21:00,但是董力在岛屿少年里面的表现也很差劲啊,1
2025/3/12 21:00,@阿诺_Manon,0
2025/3/12 21:01,他岛屿少年的时候不就很emmm[微笑],1
2025/3/12 21:01,这人是谁 哈哈哈 笑死,1
2025/3/12 21:03,他演了什么剧？,0
2025/3/12 21:03,以他的长相 身高 还怕没有好的选择，但如果选了就不该这样[微笑],0
2025/3/12 21:04,董力是谁[噢买尬],0
2025/3/12 21:07,他是谁[捂脸]演过啥还是唱过啥[捂脸],0
2025/3/12 21:07,其实……这个董力是谁呀？[捂脸]好像没在电视上见过哇??,0
2025/3/12 21:07,就这，还跟他扯证？？[撇嘴]突然看我孩子爸有点顺眼了,1
2025/3/12 21:09,杨子：轻舟已过万重山,0
2025/3/12 21:09,所以，他到底是谁？唱歌的？男团？还是演电影的？,0
2025/3/12 21:11,谁认识他啊[泪奔],0
2025/3/12 21:11,董力到底引起过哪里骚动[疑问],0
2025/3/12 21:12,只有我get不到他的帅点吗？,0
2025/3/12 21:12,太把自己当回事了。不会觉得的自己很火吧,1
2025/3/12 21:12,[捂脸][捂脸]真的是,0
2025/3/12 21:12,爸爸去哪儿，阿拉蕾的临时爸爸,0
2025/3/12 21:13,我都不认识他[听歌],0
2025/3/12 21:13,压根不知道他是谁。[泪奔],0
2025/3/12 21:13,完全不认识  还以为是新人[再见],0
2025/3/12 21:14,比利时多好啊,0
2025/3/12 21:15,他是啥明星[捂脸],0
2025/3/12 21:15,击剑运动员吧以前，还参加过爸爸去哪儿,0
2025/3/12 21:15,根本没人认识他[捂脸],1
2025/3/12 21:16,问题是董力是谁啊！[捂脸][捂脸][捂脸][捂脸][捂脸][捂脸]我是老土啊！,0
2025/3/12 21:16,我都不知道他谁[尬笑],1
2025/3/12 21:17,下头男[酷拽],1
2025/3/12 21:17,同7,0
2025/3/12 21:18,他早早公布婚讯，走异国恋宠妻这个路线。说不定比现在火多了[捂脸],0
2025/3/12 21:18,他活在自己的世界嘛[暗中观察]不是这次真的不认识他,1
2025/3/12 21:19,他不是运动员出身吗？我记错了？,0
2025/3/12 21:20,评论区有没有董力粉丝？？,0
2025/3/12 21:21,董力是谁 第一次听到这个名字的明星,0
2025/3/12 21:23,相中他啥了[撇嘴],1
2025/3/12 21:23,今天上午看还有28万粉丝，刚刚看就23了 哈哈哈哈哈,1
2025/3/12 21:24,其实没有必要这样喷合适就好，有的被爆出来了就会拿出来做文章说人家怎样人家怕也不是没有道理,0
2025/3/12 21:24,我也这么觉得的[捂脸],0
2025/3/12 21:25,没人说阿诺结婚前是模特，事业很棒，但婚后却在家当全职家庭主妇吗？[抠鼻][抠鼻][抠鼻][抠鼻],1
2025/3/12 21:25,你不是一个人,0
2025/3/12 21:25,谁知道，他到底啥实力？,0
2025/3/12 21:27,冷知识，董力拍过烈火军校[尬笑],0
2025/3/12 21:28,他演的谁啊,0
2025/3/12 21:28,你确定？谁啊,1
2025/3/12 21:29,送他一句是你想太多,1
2025/3/12 21:29,你等会，他是谁,0
2025/3/12 21:29,就是早死的那个谢良成啊,1
2025/3/12 21:29,他 想太多了,0
2025/3/12 21:30,他演的啥？,1
2025/3/12 21:31,死去的谢良辰[捂脸]谢襄的哥哥,1
2025/3/12 21:31,要不是这个综艺，我都不知道董力是谁,0
2025/3/12 21:31,早死的那个谢良辰，然后他死了，白鹿不是代替他去学校了么,1
2025/3/12 21:31,他是谁？麻烦大家告诉我下，虚心一问,0
2025/3/12 21:31,是的[耶][耶],0
2025/3/12 21:32,外面应该有女人吧,1
2025/3/12 21:33,因为出场少吧[捂脸],0
2025/3/12 21:34,对不起我又造孽了[尬笑],0
2025/3/12 21:35,恋爱脑不分国界,0
2025/3/12 21:35,这个外国人被骗的最惨[泣不成声],1
2025/3/12 21:35,他有什么电视剧？??，我好像没看到过,0
2025/3/12 21:36,我以前还挺喜欢他的[衰]和那个阿拉蕾上节目 。,0
2025/3/12 21:37,我根本不认识这个人，明星[尬笑],1
2025/3/12 21:38,我看这个节目，感觉女的好爱他，男的对女的没有爱了，全是敷衍的感觉[裂开],0
2025/3/12 21:38,[微笑]如果好好爱老婆说不定这次会火一把。,0
2025/3/12 21:40,我看了这个节目，看到她妈妈说不出来有点心痛难受。,0
2025/3/12 21:41,我知道他是因为爸爸去哪儿，他和阿拉蕾[捂脸],0
2025/3/12 21:41,我只知道他是个击剑运动员，还有一定成就,0
2025/3/12 21:41,我以为是钟汉良呢[捂脸][捂脸],0
2025/3/12 21:41,我说这个人名怎么那么熟悉[捂脸],0
2025/3/12 21:42,因为阿拉蕾知道他  但突然对他好印象全无了,1
2025/3/12 21:43,哈哈哈,0
2025/3/12 21:43,会不会是剧本啊 真真假假好难分辨[尬笑],0
2025/3/12 21:44,他演了什么[捂脸],0
2025/3/12 21:44,23.5万是大明星吗[泪奔],0
2025/3/12 21:44,击剑冠军？然后参加了爸爸去哪儿，综艺里当了阿拉蕾爸爸,0
2025/3/12 21:44,侧面有点像钟汉良,0
2025/3/12 21:46,之前是运动员,0
2025/3/12 21:46,要不是参加这个节目，我都忘了董力这个人了,0
2025/3/12 21:47,我去董力那回来了，他老婆能看懂英文，奈何我不会啊[捂脸],0
2025/3/12 21:48,董力是干嘛的？,0
2025/3/12 21:48,我看着他挺熟，但总想不起他是干啥的,0
2025/3/12 21:48,真的！！！,0
2025/3/12 21:48,黑红也是红吧[捂脸]毕竟在这之前我都不知道他是哪个没听过,0
2025/3/12 21:49,没别的，就是不爱,0
2025/3/12 21:50,没有,0
2025/3/12 21:50,其它的不知道，我就看过那个爸爸去哪儿[捂脸],0
2025/3/12 21:51,那么漂亮的女生，看着家庭也很好，爸爸妈妈也很好，遇到这么个……哎[裂开],1
2025/3/12 21:51,他有啥作品 不认识啊,0
2025/3/12 21:51,有，就是谢襄的哥哥，因为他死了，谢襄代替他去的学校,0
2025/3/12 21:54,哈哈 压根没印象[尬笑],0
2025/3/12 21:54,他当年参加爸爸去哪儿  完全是靠阿拉蕾给他拉的流量   我们是因为喜欢小阿拉蕾才看的他  而且当时他在爸爸去哪儿就不喜欢他  闷 木纳 高姿态 端着 且对阿拉蕾都不上心  甚至给人一种要所有人都照顾他的高姿态  当时就觉得他在爸爸去哪都是节目组对他太照顾了  给他剪辑的都是对他好的点[酷拽][酷拽][酷拽]那个时候明眼人应该都能看出他是什么样的,1
2025/3/12 21:54,虽然但是，大家都不认识董力吗？他的娱乐圈作品我一个都没有看过，但是他是击剑运动员啊[流泪]我觉得他在体育圈还挺出名的,0
2025/3/12 21:55,他到底是干嘛的？,0
2025/3/12 21:57,好像自从阿拉蕾那个综艺以后，我就没听过这个名字好像,0
2025/3/12 21:57,不是，他演过啥啊。[九转大肠],1
2025/3/12 21:58,百分百有,0
2025/3/12 21:58,运动员，拍过综艺,0
2025/3/12 22:02,不是那个综艺  谁认识他,1
2025/3/12 22:03,大的孩子七岁,0
2025/3/12 22:04,孩子咋生出来的[捂脸],0
2025/3/12 22:05,女的脖子真的好长啊,1
2025/3/12 22:06,我老公也是董力型,0
2025/3/12 22:08,他眼睛好像抬不起来[泪奔] 总是那个眼神,0
2025/3/12 22:10,我能说我都不认识他吗？,0
2025/3/12 22:11,马龙都去参加儿子开学典礼！他是啥？,1
2025/3/12 22:11,谁给他的错觉[捂脸],1
2025/3/12 22:11,阿拉蕾假爸爸[捂脸],0
2025/3/12 22:12,走在大街上都不认识的程度[看],0
2025/3/12 22:12,谁啊[捂脸][捂脸]我都没听过,0
2025/3/12 22:12,中国很多男人都做的不好,1
2025/3/12 22:15,这男的是谁？老婆挺好看,1
2025/3/12 22:15,刚看这个节目的时候，我第一感觉这男的怎么对他老婆眼里一点爱意都没有，我以为素人[捂脸]搞了半天是明星啊？,0
2025/3/12 22:15,漂亮[赞],0
2025/3/12 22:18,他不是搞击剑的么？啥时候成明星了[捂脸],0
2025/3/12 22:18,他是演员还是什么，咋没看过,1
2025/3/12 22:20,以前是击剑运动员。因为参加爸爸去哪儿 阿拉蕾很可爱他有的知名度 后面就参加了一点综艺,0
2025/3/12 22:20,以前是模特,0
2025/3/12 22:21,@苏有才,0
2025/3/12 22:21,男的干什么的。什么职业？,0
2025/3/12 22:22,他就是有点纪凌尘的感觉,0
2025/3/12 22:23,他是谁？[宕机][宕机],1
2025/3/12 22:23,他是干啥的啊,0
2025/3/12 22:24,中国男人含蓄很正常啊人家怎么了吗,0
2025/3/12 22:24,他抖音不是一直都这样宣传的？[宕机][宕机][宕机]火了吗？今天第一次刷到这个人[宕机][宕机]刚去他抖音转了一圈,0
2025/3/12 22:25,@??,0
2025/3/12 22:26,送对联[大笑]  学到了,0
2025/3/12 22:26,他是谁 没听过啊[裂开],0
2025/3/12 22:26,怕阿诺去市中心买奢侈品吧,1
2025/3/12 22:27,求婚那9朵花，也不怕在明星界被人笑话[泪奔],1
2025/3/12 22:27,不认识路人甲[泪奔][泪奔],0
2025/3/12 22:27,17年天津全运会时在村里遇到过他 从我身边走过看他一眼就完了 那个时候他好像刚参加过爸爸去哪,0
2025/3/12 22:28,@阿夏夏啊,0
2025/3/12 22:29,说实话，不认识董力[尬笑][尬笑][尬笑],0
2025/3/12 22:30,有马路上有几个认识的，看完视频都忘记长啥样了[捂脸],0
2025/3/12 22:30,这个男人也是让我开眼了,1
2025/3/12 22:30,这么说吧，李成儒的如坐针毡，如芒刺背，如鲠在喉就是在评价他[捂脸],0
2025/3/12 22:30,无人在意[黑脸],1
2025/3/12 22:30,我认识董永都不认识董历[捂脸],0
2025/3/12 22:30,力,0
2025/3/12 22:31,他拍啥的啊,1
2025/3/12 22:32,我都不认识他是谁[捂脸],0
2025/3/12 22:32,"认识他是通过《爸爸去哪儿》[泪奔]
阿拉蕾[泣不成声]",0
2025/3/12 22:32,运动员好像,0
2025/3/12 22:32,所以董力是干嘛呢 看他抖音也没看出来 演过啥电视剧吗,0
2025/3/12 22:33,说真的我不知道他是干嘛的,0
2025/3/12 22:33,他谁啊[宕机],1
2025/3/12 22:35,唐探,0
2025/3/12 22:35,我至今不知道董力是谁[捂脸],0
2025/3/12 22:35,不是，谁给他很红的错觉？,1
2025/3/12 22:36,红啥呀，这人活在梦里吧？都不知道他是歌手还是演员,1
2025/3/12 22:36,这人是什么明星啊不认识[尬笑],0
2025/3/12 22:38,我老公也是这样，直男一个 当初因为有了孩子结婚，没有情绪价值，没有经济价值，这个婚姻全靠女方的宽容[捂脸]，,0
2025/3/12 22:38,我都没听说过这个人[捂脸],0
2025/3/12 22:38,嗯，刚刚看了，好像出现几秒,0
2025/3/12 22:38,恕我无知，他是谁？,0
2025/3/12 22:38,他是不是怕公开了被老婆发现其实他并不火[泪奔],1
2025/3/12 22:39,我记得几个月前他就被网友骂过啊[捂脸][捂脸]我还寻思节目组怎么请他了[捂脸],0
2025/3/12 22:39,不是无知[泪奔]我也不知道他谁,0
2025/3/12 22:40,不是 他是谁啊 真的不认识 有啥作品么？,0
2025/3/12 22:40,我唯一能做的，就是不去搜索冻梨[机智],0
2025/3/12 22:41,他们会不会离婚,0
2025/3/12 22:41,哈哈哈哈笑死??,0
2025/3/12 22:42,他是击剑运动员，参加过爸爸去哪儿,0
2025/3/12 22:42,他是啥明星？[泪奔],1
2025/3/12 22:42,我咋记得动力之前跟金莎男朋友参加的一个综艺 他被冲了。这次又是。看来个人魅力挺大呢[黑脸][黑脸][黑脸][黑脸][黑脸] 没参加一个 会被冲一次 笑死我了,1
2025/3/12 22:43,这是真不认识演过什么电视剧吗？,1
2025/3/12 22:44,不知道[捂脸],0
2025/3/12 22:45,我知道他还是因为阿拉蕾[尬笑],0
2025/3/12 22:46,董力是谁？演啥了？,0
2025/3/12 22:46,他作品是什么？,0
2025/3/12 22:47,[捂脸]爸爸去哪儿，和阿拉蕾那期,0
2025/3/12 22:48,小小的老子以前还去他微博发过老公[逞强落泪][逞强落泪],1
2025/3/12 22:48,@董大力 真的么？这是真的么？,0
2025/3/12 22:48,我就只知道一个爸爸去哪儿 别的真不知道,0
2025/3/12 22:48,他是谁啊   演过什么嘛   第一次听说[发呆][发呆][发呆],0
2025/3/12 22:48,带阿拉蕾,0
2025/3/12 22:48,阿诺怎么时而好看时而不好看的[捂脸][捂脸],0
2025/3/12 22:49,他好像之前是击剑队的诶,0
2025/3/12 22:49,那是今年参加节目才官宣结婚的 要是一开始结婚就有担当的宣布 然后演一演跨国深情宠妻人设 绝对比现在火 他当的也不丑 老婆又是模特还是个恋爱脑 演一演肯定还不错的 现在人设深入人心了 再演就没意思了,1
2025/3/12 22:50,好像是运动员,0
2025/3/12 22:51,不是的，之前还隐婚呢[尬笑]参加综艺后，抖音才有他老婆,1
2025/3/12 22:52,他是哪个明星？[疑问],0
2025/3/12 22:52,我都不认识董力,0
2025/3/12 22:52,太真实了，妻子的浪漫旅行他们的部分开场白我就觉得他有很大问题，还有啊，阿诺你一个国际模特为啥配得感那么低啊[微笑],0
2025/3/12 22:53,让我想起了张雨剑[看][看],0
2025/3/12 22:56,顶不住这姑娘恋爱脑啊。[敲木鱼],1
2025/3/12 22:56,他是不是怕带着去市中心结果没人认识他尴尬  所以才不敢带他老婆去商场[尬笑][尬笑]@乖好甜,1
2025/3/12 22:57,@不喝气泡水,0
2025/3/12 22:58,哈哈哈哈哈很有可能[微笑],0
2025/3/12 22:58,老天爷[裂开]就算在大街上遇到他 认出他 基本都会毫无波澜的走过……,0
2025/3/12 22:59,长相都类似,0
2025/3/12 23:00,说实话，要不是阿拉蕾，我都快忘记这号人物了,0
2025/3/12 23:00,参加完这个，立马可以报名再见爱人[抠鼻],0
2025/3/12 23:00,我甚至不认识他，这是明星？,1
2025/3/12 23:01,认识他是因为阿拉蕾 不然谁认识啊,0
2025/3/12 23:01,不好意思，我想问一下，董力是演员？第一次听说[捂脸],0
2025/3/12 23:02,不是 你谁啊[尬笑] 刷了好几次了 我都记不住你,1
2025/3/12 23:04,不是 董力是谁啊？[泪奔],0
2025/3/12 23:04,？？他拍过啥,1
2025/3/12 23:05,说实话，要不是他接这个综艺，我都已经忘记他是谁了[泪奔],1
2025/3/12 23:06,都不懂他是干嘛的[捂脸][捂脸],0
2025/3/12 23:06,以前参加爸去哪儿红的是阿拉蕾，他也还不错，去年一个节目，估计大多数人对他路转黑[捂脸][捂脸],1
2025/3/12 23:07,不是啊他是谁[泪奔],0
2025/3/12 23:07,我根本没认识过。。。,0
2025/3/12 23:08,点了,0
2025/3/12 23:08,董力是谁？不认识懒得收谁认识提醒一下我[呲牙],0
2025/3/12 23:08,让我去瞅一眼,0
2025/3/12 23:09,董力到底是谁呀？[发呆][捂脸],0
2025/3/12 23:10,他是个谁啊，我去,1
2025/3/12 23:10,可是这下大家不是都认识了吗[泪奔]，打响知名度最好的办法,0
2025/3/12 23:10,妈呀，这还是个运动员？真不认识,1
2025/3/12 23:10,想到了金秀贤[泪奔][泪奔][泪奔][泪奔],0
2025/3/12 23:11,只知道参加过爸爸去哪,0
2025/3/12 23:11,他走在路上我可能都不认识[看],0
2025/3/12 23:12,他们是不是上错节目了[尬笑]不应该上再见爱人吗[呲牙],1
2025/3/12 23:13,@凉笙 @月纪 @眼前起雾,0
2025/3/12 23:14,根本买不起,0
2025/3/12 23:14,他是谁？真的不知道[捂脸][捂脸],0
2025/3/12 23:15,阿诺单独出道吧[鼓掌][鼓掌][鼓掌],0
2025/3/12 23:16,不是，他岛屿少年的时候…,0
2025/3/12 23:17,他是谁，代表作是啥,0
2025/3/12 23:17,怎么样才能告诉阿诺，你很好,0
2025/3/12 23:17,我证明，他真不是故意装的，真的有人天生就特自信，关键真的很一般，就是自己说完自己真信[捂脸],1
2025/3/12 23:18,他是演艺圈干嘛的？唱歌 演戏  还是综艺节目？,0
2025/3/12 23:19,他是谁 演过什么或者唱过什么歌,0
2025/3/12 23:19,运动员[宕机]参加过几个综艺,0
2025/3/12 23:20,阿拉蕾的“爸爸”[泣不成声],0
2025/3/12 23:20,@Oohyoo,0
2025/3/12 23:21,m,0
2025/3/12 23:21,他是谁呀？？真的问[尬笑],0
2025/3/12 23:22,他以前是一个击剑运动员,0
2025/3/12 23:22,@我爱土豆泥 [尬笑],0
2025/3/12 23:22,他不上这个节目我都不知道他是谁,1
2025/3/12 23:25,她妈妈还是人太好了[尬笑],1
2025/3/12 23:26,这男的谁呀？,0
2025/3/12 23:28,第一次刷到，我看他老婆满眼都是他啊。[捂脸]真的很恋爱脑的感觉,0
2025/3/12 23:29,知道这个名字参加过爸爸去哪，但是他不是素人参加的节目吗？之后也没有什么节目了吧,0
2025/3/12 23:29,他老婆好像是个模特,0
2025/3/12 23:31,不是素人，是运动员身份,0
2025/3/12 23:31,所以离婚的吗,0
2025/3/12 23:33,董力？？？谁[尬笑],1
2025/3/12 23:34,真的不认识[捂脸],0
2025/3/12 23:34,他送老婆八十岁的外婆事业对联才是大牛特牛[泪奔],0
2025/3/12 23:34,我对他的印象还是因为阿拉蕾[泪奔],0
2025/3/12 23:34,真不开玩笑他到底是谁啊，演过啥啊[捂脸],0
2025/3/12 23:35,我怎么感觉这个跟麦琳一样，然后就开始直播带货了,1
2025/3/12 23:35,我去搜搜吧，我在评论区也没看到科普,0
2025/3/12 23:35,@董大力   早这样就火了。,0
2025/3/12 23:36,感觉阿诺有种很累憔悴的感觉，感觉董力在家都不做家务，应该是错觉[捂脸],0
2025/3/12 23:38,这么牛，代表作是什么？,0
2025/3/12 23:38,哇！我喜欢讨厌的对话当时，一下子我就炸了！！！我说话你就要看着我这才是基本的礼貌,1
2025/3/12 23:38,是不是有潘玮柏和他还有其他几位当爸爸那个,0
2025/3/12 23:39,谁认识，反正我没见过[捂脸],0
2025/3/12 23:40,感觉不爱，甚至有了别人[尬笑],1
2025/3/12 23:41,emmm所以，他是谁[泣不成声],0
2025/3/12 23:41,大的孩子7岁，结婚五年，我能不能理解为有了小孩也不想结婚[笑哭],0
2025/3/12 23:41,是不是爸爸去哪儿带阿拉蕾那个,0
2025/3/12 23:41,@??想睡枕头,0
2025/3/12 23:42,所以他到底是谁，女的到底喜欢他哪里呀[熊吉],0
2025/3/12 23:42,我也想知道,0
2025/3/12 23:44,和他老婆好像,0
2025/3/12 23:45,走在大街上我都不认识,0
2025/3/12 23:45,骚动？他？,1
2025/3/12 23:45,名字听过 但不认识 也不知道是干嘛的,0
2025/3/12 23:47,要不是这个节目 我都不认识董力[捂脸],0
2025/3/12 23:47,不认识,0
2025/3/12 23:47,上综艺了，抖音才有媳妇儿的共创,1
2025/3/12 23:48,又不是顶流[捂脸]不知道怕什么，人家顶流怕被拍是因为走哪儿被发现就是一堆人，也怕影响事业！他又不火出去被拍也没人会在乎，我只记得他好像参加过爸爸去哪儿，其他有什么作品我一点印象都没有[捂脸],1
2025/3/12 23:49,妻子的浪漫旅行刚开始我觉得董力家暴阿诺，因为阿诺眼睛那里都是青的[九转大肠],1
2025/3/12 23:49,是的,0
2025/3/12 23:49,他应该是之前爸爸去哪阿拉蕾的假爸爸把,0
2025/3/12 23:50,他是谁都不知道[宕机],1
2025/3/12 23:51,他是干啥的？明星？演过啥还是唱过啥歌？,0
2025/3/12 23:51,没领结婚证？？？，还是我理解错了？？国外的证没领？,0
2025/3/12 23:52,自己各种赛道都想试一把，结果都走不通，走不火。现在靠妻子想再搏一把，所以2月底节目播出，2月14号才急忙官宣五年前已结婚生子。这人太难评。这次再不火，明年就该带自己的孩子上亲子节目了。,1
2025/3/12 23:52,他干啥的？不就参加过一次爸爸去哪吗,1
2025/3/12 23:52,我都不知道这号人，你还知道他上过哪个节目,1
2025/3/12 23:52,他怎么火的，或者说怎么出道的啊？,0
2025/3/12 23:52,[泪奔]他老婆比他更像明星,0
2025/3/12 23:52,当年她怎么看上的他呢？,0
2025/3/12 23:53,阿诺能量太足了[捂脸],0
2025/3/12 23:53,他不爱   姑娘好可惜,0
2025/3/12 23:54,[捂脸][捂脸]今天第一次刷人视频叫啥。然后去他抖音转一圈发现都是有老婆的视频[捂脸][捂脸],0
2025/3/12 23:55,人找不到，押金也要不回来了，却被黑子恶意造谣，这么多年从未停止。,1
2025/3/12 23:55,不是  他谁啊？？真没见过,1
2025/3/12 23:55,最早知道他是和那个小女孩阿拉蕾一起上综艺吧，其他不知道，没见过他拍啥剧,0
2025/3/12 23:56,@薛定谔的Gwen @P!ink @李biubiu~(自己话事版),0
2025/3/12 23:56,说实话，他走路上我都不认识，我走路上他更不认识，千万别有人来跟我抬杠,0
2025/3/12 23:56,"所以为什么要在一起[捂脸]
不行去趟隔壁《再见爱人呢》",0
2025/3/12 23:56,这个视频才认识他。。,0
2025/3/12 23:58,没毛病[捂脸],0
2025/3/12 23:59,他演过啥剧,0
2025/3/13 0:00,@董大力 看一下啊,0
2025/3/13 0:00,lv,0
2025/3/13 0:00,这谁啊 哪来的路人,1
2025/3/13 0:01,《爸爸去哪儿》[看],0
2025/3/13 0:02,说真的，不需要隐婚，他从浦口走到三里屯都不见得有一个人能认得出来他[捂脸][捂脸],0
2025/3/13 0:03,@吳厘头,0
2025/3/13 0:04,阿诺是我看过被骗的最惨的外国人,1
2025/3/13 0:05,阿诺哪里有点像憨豆呢,0
2025/3/13 0:06,董力是干什么的，我只知道动力学[笑哭],0
2025/3/13 0:07,哈哈哈哈哈哈哈哈哈哈啊哈哈哈哈哈哈哈,0
2025/3/13 0:08,董力到底是谁啊？他一个半素人在担心什么呀[看],0
2025/3/13 0:08,击剑运动员，以前还上过爸爸去哪还是啥综艺来着[捂脸]和阿拉蕾搭档,0
2025/3/13 0:12,估计下一趴要参加再见爱人了,0
2025/3/13 0:15,运动员 奥运会 击剑冠军[捂脸]  退役之后参加过一个综艺《爸爸去哪儿》  可是当时火的其实是阿拉蕾[捂脸],0
2025/3/13 0:15,退役运动员,0
2025/3/13 0:17,这么说吧胡歌公开结婚也没引起多大骚动[看],0
2025/3/13 0:19,真的，不是这个节目，从来没听过他的名字[尬笑],0
2025/3/13 0:21,@?兔牙（见过张杰三次版） @来颗红薯头 @原原宝贝 @超级无敌非常特别巨爱薯条的薯条大王. @杨梅冰???1? @十点差三分??（?） 他是谁[宕机][宕机],0
2025/3/13 0:22,因为以前很喜欢看爸爸去哪儿了，其实都不太记得他参加过，还是最近他上这个综艺评论区一直都有人说才想起来[笑哭]！,0
2025/3/13 0:23,不是，今天才知道他这个人,0
2025/3/13 0:24,董力是哪方面明星？演员吗。真心不太了解[大笑],0
2025/3/13 0:24,到底谁是他的粉丝,1
2025/3/13 0:24,不认识,0
2025/3/13 0:25,绝对会反转，现在最流行这个[捂脸]。,0
2025/3/13 0:26,他是谁，从来没听过,0
2025/3/13 0:26,笑死了??[笑哭],0
2025/3/13 0:26,他是不是看了再见爱人。李行亮的那一对啊。,0
2025/3/13 0:26,越是十八线的明星，越有腔调,1
2025/3/13 0:28,不认识[捂脸][捂脸],0
2025/3/13 0:29,@董大力 到底谁认识你啊？[宕机][宕机],1
2025/3/13 0:29,@宇宙银河系无敌天下第一究极雷霆暴龙战士,1
2025/3/13 0:29,刷到九儿弟弟说的3000预算买不到好酒就送性价比的酒杯和开酒器了吗[调皮]像不像这个,0
2025/3/13 0:31,笑死了 这人到底谁啊[尬笑][尬笑][尬笑],1
2025/3/13 0:34,参加过爸爸去哪儿，阿拉蕾可喜欢她了,0
2025/3/13 0:36,怕去市中心花钱吧[捂脸],1
2025/3/13 0:39,是剧本吧可能是，他不这样我真不知道谁是董力[暗中观察],0
2025/3/13 0:39,这种男的怎么能娶到这么漂亮的女孩子的[笑哭],1
2025/3/13 0:40,第一次知道这个名字,0
2025/3/13 0:41,对她的家人来讲，这跟被拐卖了有什么区别[泣不成声],1
2025/3/13 0:41,我的天啊 董力到底是谁啊[九转大肠],0
2025/3/13 0:44,对联送的要岳父事业有成[捂脸],0
2025/3/13 0:45,董力最开始不是击剑运动员吗,0
2025/3/13 0:45,他是不是不喜欢她。。。。。。,0
2025/3/13 0:45,就是这样 恋爱脑[噢买尬]嗡嗡,1
2025/3/13 0:46,他到底是演员歌手还是啥[笑哭]怎么一点印象都没有,1
2025/3/13 0:49,我咋记着是运动员,0
2025/3/13 0:53,我们家物业费缴费面积121.78,0
2025/3/13 0:53,他是谁啊[流泪]根本没听说过呢,0
2025/3/13 0:54,董力是谁啊请问？？？？,0
2025/3/13 0:56,以前看他带阿拉蕾的综艺，还挺好的，现在怎么变成这样[笑哭][笑哭],0
2025/3/13 0:58,盼父成龙！[大笑],1
2025/3/13 0:59,我觉得他挺好的，为什么那么多营销号都在说他，每个人的考虑点不一样。也许他的确有什么不足之处，但人无完人，只要人善良而且顾家就好了，他也没有花边新闻。,0
2025/3/13 0:59,他谁啊？？？干啥的？,1
2025/3/13 1:01,哈哈哈哈哈哈我觉得是[不你不想]@哈哈有虾米喽（幸福版??,0
2025/3/13 1:09,他和张雨剑长的好像，果然还都还都是一个路子的[尬笑],0
2025/3/13 1:12,哈哈哈，你跟我想的一样，我刚看到这个的时候我就说过，又不是顶流，十八线都不在意的一个人，想立人设走爱妻啊，他这脑子里装的什么？真以为自己是顶流啊[尬笑],1
2025/3/13 1:12,不懂就问？他干嘛的？,0
2025/3/13 1:13,还是退休的岳父，哈哈哈,0
2025/3/13 1:15,董力是演员还是歌手？不认识啊,0
2025/3/13 1:15,我不懂结婚5年怎么还这么爱老公,0
2025/3/13 1:16,他到底干嘛的,0
2025/3/13 1:16,听都没听过这个八号线艺人,0
2025/3/13 1:18,运动员[泪奔],0
2025/3/13 1:18,以前是击剑运动员,0
2025/3/13 1:19,击剑运动员啊，爸爸去哪儿，阿拉蕾的“爸爸”！那期有沙溢 田亮 张伦硕,0
2025/3/13 1:19,以前是击剑国家队，最好的成绩就全国锦标赛季军，参加了爸爸去哪儿就退役。运动员没打出成绩，进娱乐圈也没啥水花,1
2025/3/13 1:23,说实话我都不认识他说谁,0
2025/3/13 1:24,我去搜搜董力是干啥的,0
2025/3/13 1:27,@董大力,0
2025/3/13 1:30,今年才公开的,0
2025/3/13 1:31,他是自己的头号狂热粉丝??,0
2025/3/13 1:31,要不是刷到这个视频，我都不知道董力是谁[捂脸],0
2025/3/13 1:33,我觉得董力喜欢阿诺始于一见钟情，那时候阿诺很年轻很美，他也喜欢外国人颜值，等相处久了有娃结婚了他应该审美又变了，外国人面相老的快，又喜欢中国人了，所以就很冷淡，逛街都懒得去，,1
2025/3/13 1:41,我老公有点像这种男人，所以我现在看都懒得看他一眼,1
2025/3/13 1:43,他参加爸爸去哪，当阿拉蕾爸爸就不喜欢他,1
2025/3/13 1:50,感觉作为艺人他很一般，但是阿诺挺适合出道,0
2025/3/13 1:55,[看]比利时的王宝钏该挖野菜了,1
2025/3/13 1:59,我都不认识他，他是谁啊,0
2025/3/13 2:00,小牌大耍,1
2025/3/13 2:01,送给阿诺外婆一个中国过年的电子鞭炮[看],0
2025/3/13 2:01,我都不知道他干啥的[捂脸],0
2025/3/13 2:04,@dddddd 评论区,0
2025/3/13 2:04,可能他以为他是当初的鹿晗[尬笑][尬笑][尬笑],1
2025/3/13 2:05,这男的是谁，没有恶意是真的不认识,0
2025/3/13 2:08,我有点事要去趟董力抖音[微笑],0
2025/3/13 2:09,之前有个博主说，不去市中心，可能是因为怕被发现不是顶流[看][看][看],1
2025/3/13 2:11,外国王宝钏？,1
2025/3/13 2:17,其实他当时公开也无人在意[暗中观察][暗中观察],0
2025/3/13 2:19,@咿呀哈,0
2025/3/13 2:24,我咋感觉男的有新欢了也是这样的[捂脸][捂脸][捂脸],0
2025/3/13 2:24,爸爸去哪儿的滤镜形象碎一地,0
2025/3/13 2:25,要不是最近抖音刷到，都不知道这个人,0
2025/3/13 2:28,[泪奔]我记得他不是运动员嘛 怎么说成明星了演过什么戏吗 我认识他还是因为他参加了一个带小孩子的综艺节目 这么多年了再一次看见他就是靠他老婆了[泪奔],0
2025/3/13 2:28,我要不是练体育的话我也不认识 问了另一个以前上普高的朋友 他完全不认识哈哈哈哈哈哈,0
2025/3/13 2:32,你说巧不巧，我是刚刷评论知道他练体育的[尬笑],0
2025/3/13 2:35,噗，什么大明星啊,1
2025/3/13 2:35,他是什么明星？唱歌的？还是演戏的？？？,0
2025/3/13 2:38,他唯一让人知道的就是带过阿拉蕾,0
2025/3/13 2:42,阿拉上海宁！,0
2025/3/13 2:50,他可能怕别人问他你谁？[流泪],0
2025/3/13 2:50,哈哈哈,0
2025/3/13 2:53,戴安娜王妃人家都参加学校活动[捂脸],0
2025/3/13 3:01,但是我真的不知道他是谁[憨笑],0
2025/3/13 3:05,这和家庭教育和他生活环境都有关吧，我们那边夫妻秀恩爱牵手就有人会说闲话。更不好意思在长辈面前亲吻牵手的。,0
2025/3/13 3:20,是因为有营销号发出来，他才把他老婆公布的,1
2025/3/13 3:24,这把好了，黑红也是红[尬笑],1
2025/3/13 3:29,@葡萄最好吃 @imnotvickky?? @浛浛 谁认识他[憨笑],0
2025/3/13 3:32,唯一对他的印象就是爸爸去哪儿带过阿拉蕾[憨笑],0
2025/3/13 3:33,岛屿少年的时候就不受待见,1
2025/3/13 3:34,很少感觉老外会有恋爱脑的[震惊],0
2025/3/13 3:39,看看当年他是怎么照顾阿拉蕾就知道了一点都不靠谱[捂脸],1
2025/3/13 3:40,爸爸去哪儿扮演阿拉蕾爸爸那个,0
2025/3/13 3:44,@董大力 是吗,0
2025/3/13 3:47,@董大力 你自己说,1
2025/3/13 4:19,他是谁？？？？走在大街上我都认不出来，委屈了阿诺??,0
2025/3/13 4:23,他有必要隐婚吗？就是个素人啊,0
2025/3/13 4:30,离婚吧[捂脸],1
2025/3/13 4:35,如果不是看到张百乔参加演员请就位3我从1开始刷，我都不认识这人，甚至我看了演员请就位1还没几天已经不记得了 去搜了下才想起来,0
2025/3/13 4:38,他到底拍了些什么电视？我怎么没有听说过这人,1
2025/3/13 4:44,你在忍受什么  你是忍者吗  你老公有你什么把柄吗[呲牙],1
2025/3/13 5:06,第一次听到这个人的名字，根本不认识呀[捂脸][捂脸],0
2025/3/13 5:06,谁认识他啊,1
2025/3/13 5:11,董力是干嘛的 完全没印象,0
2025/3/13 5:31,我觉得女主持人只是帮助表达也，因为前面男主持人给的解释她说了“不对”，而且重点不是阿拉蕾的观点，而是董力怎么回答。,0
2025/3/13 5:34,真下头，最讨厌男的无边界感[呲牙]还粉干了,1
2025/3/13 5:38,我请问，他到底是干啥的？礼貌发问[泪奔],0
2025/3/13 5:41,击剑运动员[黑脸]很早的时候参加了几部综艺就有偶像包袱了,1
2025/3/13 6:01,他是哪个明星[抠鼻],0
2025/3/13 6:05,在爸爸去哪的阿拉蕾给的那一点滤镜早就被他败光了[看]之前不是有一个节目给人当小弟嘛，愣是让人把金莎的小男友给看顺眼了,1
2025/3/13 6:21,以前阿拉蕾时期他不是这样呀[微笑],0
2025/3/13 6:24,啊，我就记得他是体育运动员参加过综艺，他是明星吗？,0
2025/3/13 6:25,估计我们真的有啥了……..,0
2025/3/13 6:30,要不是刷到这个视频，都不知道明星里面还有这个人。,0
2025/3/13 6:39,董力是不是怕太亲近了有女粉脱粉,1
2025/3/13 6:40,董力很多年前稍微火过那么一阵 上了个爸爸去哪儿,0
2025/3/13 6:42,所以，董力是谁[捂脸][捂脸],0
2025/3/13 6:46,。。。。。。。,0
2025/3/13 6:46,他谁啊。。我是真不认识,0
2025/3/13 6:47,原来国外也有恋爱脑[泪奔],0
2025/3/13 6:51,董力是谁呀，干嘛的真的不认识,0
2025/3/13 6:52,童言无忌而已，不至于吧，我儿子天天说长的要和我结婚，妈妈才是他的女朋友,0
2025/3/13 7:02,他应该是怕一起出门 他说他是明星这种事情被揭穿吧,1
2025/3/13 7:02,这谁啊？是演过电视还是唱过歌啊,1
2025/3/13 7:06,给人一种虽然上节目了但是故意保持距离感，想告诉女朋友他不爱老婆 只是因为孩子,1
2025/3/13 7:08,真不认识他,0
2025/3/13 7:10,不是 他谁啊？,1
2025/3/13 7:10,是我断网了吗？我看看有多少人不认识他。,0
2025/3/13 7:10,没必要，无人在意，但他自己超在意，觉得自己是个明星[泪奔],0
2025/3/13 7:12,不认识[尬笑]他老婆模特，网店有很多她的衣服模特照片，比他有名吧[尬笑],1
2025/3/13 7:14,他站我旁边我都不知道是谁[发呆],0
2025/3/13 7:15,不认识啊？？？演过啥,1
2025/3/13 7:17,有的开瓶器达到好几千[九转大肠],0
2025/3/13 7:17,他到底是谁啊，没看过他,0
2025/3/13 7:17,不是才出现他老婆吗[疑问],1
2025/3/13 7:18,我也是[憨笑],0
2025/3/13 7:20,《岛屿少年》里有一期他们玩了一个小游戏叫纸条揭秘，在纸条上写下自己的糗事或者小秘密，当时董力还问“没有糗事能不能写有意的事？”后来董力写的是 “在路上偶遇，一见钟情，互加联系方式，然后在一起很久很久” 当时董力在《岛屿少年》里口碑不好，我不知道他写这个纸条是想立人设还是真心的，之后某一期有人问董力他想象中的婚礼是什么样子的，他说不用那么正式，亲朋好友聚会一样，在草坪上唱歌弹琴聚餐，不是大哥？你看看你说的和做的一样吗？人家给你生了娃你不举办婚礼，还想敷衍了事！喜欢自由那也不能太自由了吧！就连婚纱都没有，气死人了哈！[憨笑],1
2025/3/13 7:20,看着就有种虚伪的感觉,1
2025/3/13 7:22,董力是干嘛的,0
2025/3/13 7:24,说白了他真火过的时候，是因为阿拉蕾！,0
2025/3/13 7:25,我甚至不知道他是谁[捂脸],0
2025/3/13 7:26,他到底在担心啥[捂脸],0
2025/3/13 7:27,不是[宕机]好多年前他不是个击剑运动员嘛[宕机],0
2025/3/13 7:28,胡歌十年前就开始被粉丝催婚了，当时他朋友基本都结婚了，就他和彭于晏光着,0
2025/3/13 7:28,想起来了，参加了爸爸去哪里阿拉蕾的假爸爸,0
2025/3/13 7:28,不是看这个节目的推送，我都不知道他[捂脸],0
2025/3/13 7:28,[疑问]动画片？,0
2025/3/13 7:28,14年的时候当时看击剑知道的他[黑脸],0
2025/3/13 7:29,他是谁呀！我真不知道[捂脸],0
2025/3/13 7:31,董力是谁[裂开][裂开],0
2025/3/13 7:32,这个节目播下去，如果男方不改，我估计有可能会离婚[捂脸][捂脸][捂脸],0
2025/3/13 7:33,好像是前击剑运动员……但是没听说过,0
2025/3/13 7:34,哈哈哈是一个小孩,0
2025/3/13 7:34,不是啊，因为爸爸去哪儿，他带的阿拉蕾,0
2025/3/13 7:36,第一次听说这人谁呀不认识,0
2025/3/13 7:37,他还不接孩子，他去接孩子，我都不认识,0
2025/3/13 7:39,这男的演过啥，从来不认识，更不知道他是啥明星[捂脸],0
2025/3/13 7:39,要不是抖音推给我看，我都不知道这个是谁，当然现在也不知道[抠鼻][抠鼻][抠鼻][抠鼻][抠鼻][抠鼻][抠鼻],0
2025/3/13 7:40,关键是人家一抽屉开瓶器[大笑]好尴尬呀,0
2025/3/13 7:40,拍过电视剧？我印象里只有那个爸爸去哪儿一个综艺。,0
2025/3/13 7:42,真不认识他，不参加节目肯本不知道他,0
2025/3/13 7:42,当时和小女孩炒cp,1
2025/3/13 7:42,我也……,0
2025/3/13 7:43,要不是刷到这个视频，我都不认识他,0
2025/3/13 7:43,这个真冷到我了[呆无辜],0
2025/3/13 7:44,额……  这是谁,0
2025/3/13 7:47,董力？查了一下，前击剑运动员……也不是明星，网红算吧，几十万粉丝。,0
2025/3/13 7:48,那也不算火，只知道有这么一个人,0
2025/3/13 7:50,不认识，我还以为他老婆是明星的,0
2025/3/13 7:51,他是开心超人吧 一万公里 一吨行李[干饭人],0
2025/3/13 7:53,真不认识董力，小牌大耍,1
2025/3/13 7:54,想起来了 全想起来了[裂开][裂开],0
2025/3/13 7:56,正解,0
2025/3/13 7:56,他谁啊[宕机],1
2025/3/13 7:58,这个男的是谁？演员还是网红？很有名吗？我怎么在网上没见过？,0
2025/3/13 8:00,女生太卑微了，做什么都要看下老公,1
2025/3/13 8:01,好像是一个击剑冠军！,0
2025/3/13 8:01,他如果对老婆很好，表现下正常的恩爱有可能反而有人为他点赞,0
2025/3/13 8:03,聪明人,0
2025/3/13 8:04,等会，四位住一百平是大还是小啊,0
2025/3/13 8:06,@??,0
2025/3/13 8:07,两室一厅的话正好住！不大不小！,0
2025/3/13 8:07,爸爸去哪儿，靠的阿拉蕾算是大火了一把…其余没有了吧,0
2025/3/13 8:08,@@@-Sicily,0
2025/3/13 8:08,普通家庭的话，就还行了4个人100平，主要是我认识有个地板生意的老板，发家前6口人住60平[泪奔]，因为生了双胞胎孩子，需要父母一起过来帮忙带[泣不成声],0
2025/3/13 8:08,[捂脸],0
2025/3/13 8:08,要不是抖音我都不知道是谁，我以为董子健呢[捂脸],0
2025/3/13 8:09,所以呀是阿拉蕾把他带火的！除了击剑运动员身份他那时候要出圈上了爸爸去哪儿…阿拉蕾最可爱他当时年纪也小狠狠拉了一波热量,0
2025/3/13 8:11,还有什么更大名声的角儿么？,0
2025/3/13 8:12,哦哦，我都没刷到过他[尬笑],0
2025/3/13 8:12,突然替女的感到好不值，感觉能拥有更好的，比利时也算一个事少的国家了,0
2025/3/13 8:13,当年爸爸去哪儿确实红，最后没踪影了,0
2025/3/13 8:14,我昨天第一次看到他媳妇带头纱，母女两都哭了，他却无所谓，是真的爱她，不流泪没啥，但是你也应该很感动吧，可他是一副无所谓的样子。不知道咋说，反正不行,0
2025/3/13 8:14,走我旁边我都不认识[捂脸],0
2025/3/13 8:17,他想多了   他没那么火,1
2025/3/13 8:20,终于有人接张雨剑的班了[捂脸],1
2025/3/13 8:24,谁敢艾特给正主[看],1
2025/3/13 8:27,湖南台我还不了解吗？黑红，到节目最后洗白[捂脸][裂开][裂开][裂开][裂开]不信等节目播完再看（可能我就打脸了[捂脸][捂脸][捂脸]）,0
2025/3/13 8:29,这男的是说相声那个吗？,0
2025/3/13 8:30,不认识啊  马上就要认识了[微笑],0
2025/3/13 8:30,他是哪个，还隐婚[捂脸][捂脸]我都不认识他,0
2025/3/13 8:36,如果这男的真不好 这女的可以把孩子打了 为啥还能有个二胎,1
2025/3/13 8:38,@嗯_他的猫 @Double_J,0
2025/3/13 8:40,我都不知道他。。。。[微笑],0
2025/3/13 8:41,请问这个人到底是谁[震惊],0
2025/3/13 8:41,韩庚有正能量，品质好的帅哥,0
2025/3/13 8:44,哥们，你哪位！,1
2025/3/13 8:44,我一直不知道他，只知道阿拉蕾。我没看过他们那个节目[捂脸],0
2025/3/13 8:45,@五音六律的西瓜子,0
2025/3/13 8:45,我也不知道 到底是谁啊,0
2025/3/13 8:47,用这种形式认识这个人 所以他到底是谁？他老婆好漂亮！,0
2025/3/13 8:47,我严重怀疑董丽要推他媳妇出道哈哈哈,1
2025/3/13 8:55,听都没听过[微笑],0
2025/3/13 8:55,这男的太明显了，很下头[尬笑],1
2025/3/13 8:55,那时候我还是很爱看的，主要是几个娃很可爱，他当时新面孔年纪也不大什么都不用做有阿拉蕾就有话题性了,0
2025/3/13 8:55,厄...他红？,0
2025/3/13 8:55,估计本来觉得她是好看的，不过两人在一起是7年生2娃了，现在看厌了,1
2025/3/13 9:00,董表演型人格,1
2025/3/13 9:06,运动员[泣不成声],0
2025/3/13 9:07,一个神人[捂脸],0
2025/3/13 9:07,董力是谁呀，真不认识[抠鼻],0
2025/3/13 9:08,@无聊黑色麻辣烫（见过张艺兴版） @追风少女 @MX嘻嘻嘻嘻嘻嘻 哈哈哈哈哈哈哈哈哈,0
2025/3/13 9:09,不是这个节目我都不知道他是谁[偷笑][偷笑][偷笑],0
2025/3/13 9:11,他是？演过？？？我2G网了？,0
2025/3/13 9:13,@牛頓頓,0
2025/3/13 9:20,俩孩子都这么大了啊,0
2025/3/13 9:20,@无聊黑色麻辣烫（见过张艺兴版） @追风少女 来看??7,0
2025/3/13 9:20,董力干嘛的[捂脸],0
2025/3/13 9:23,送开瓶器我都看笑了[捂脸]我弟月入三千，第一次见老丈人都提了瓶茅台。,0
2025/3/13 9:23,哪有那么多直男 只是不爱罢了,0
2025/3/13 9:28,万一是gay呢,1
2025/3/13 9:28,不知道这事！,0
2025/3/13 9:30,稀饭涨多了 一天到晚,0
2025/3/13 9:32,对不起，不小心按错啦[流泪],0
2025/3/13 9:37,不是这个节目，我都不知道娱乐圈有这人,0
2025/3/13 9:39,他到底是干嘛的啊,1
2025/3/13 9:44,@生煎荷包蛋 笑死我了[黑脸],0
2025/3/13 9:44,现在再宣传晚了。,0
2025/3/13 9:45,笑死,0
2025/3/13 9:45,好像也就参加过爸爸去哪儿，[尬笑][尬笑][尬笑]其他我不记得,0
2025/3/13 9:50,可能是怕去参加孩子家长会没人认识他[流泪],0
2025/3/13 9:51,他是谁呀，娶个这么漂亮的老婆,0
2025/3/13 9:54,之前国家击剑队的,0
2025/3/13 9:55,醉了??,0
2025/3/13 10:00,他最火的那次就是跟阿拉蕾炒cp[捂脸]一个特别小的小女孩,0
2025/3/13 10:08,@董大力 点你呢,1
2025/3/13 10:17,也不是没有这个可能性,0
2025/3/13 10:22,节目播出前肯定无人在意，节目播出后才应该多一下，因为都是蛐蛐他的[黑脸],1
2025/3/13 10:25,谁啊，不认识，屏蔽了,1
2025/3/13 10:26,我只知道这个小朋友[宕机]真的不知道他,0
2025/3/13 10:28,已婚男装单身是怕耽误自己的桃花,1
2025/3/13 10:31,不是因为阿拉蕾真的从来没听过他[不看],0
2025/3/13 10:35,@snowo,0
2025/3/13 10:37,不认识,0
2025/3/13 10:38,都是借口，说白了就是不喜欢了[呆无辜],1
2025/3/13 10:44,阿诺有抖音嘛？有点事想跟她谈谈[阴险],1
2025/3/13 10:53,阿诺也不傻，她难道不知道他不火吗？就是喜欢他而已，要不然怎么会被他pua,1
2025/3/13 10:54,苍天，[捂脸]，他是谁，你说了我都不知道，也懒得去搜,0
2025/3/13 11:00,阿诺在这段婚姻里好自卑，女人找另一半还是找爱自己的别找你爱的看看这样的相处都很累,0
2025/3/13 11:01,@樱桃小典,0
2025/3/13 11:08,记忆点一定还是会在主要的，他后续根本没什么作品或者露面的，只能算火过那一时，工作肯定也会有，但却并不多出名，但凡他大大方方结婚直接带老婆出来肯定能圈粉，这算个什么理由！大家不喜欢他是因为他飘了且不尊重自己的妻子。,1
2025/3/13 11:09,能不能把这个转发给我董大力,0
2025/3/13 11:13,哈哈哈，这男的到底是谁我想问问？,0
2025/3/13 11:14,他一直有工作,0
2025/3/13 11:15,换个中国人试试，早跑了,1
2025/3/13 11:18,我想起一个人，哈哈哈,0
2025/3/13 11:18,根本不认识，过于担心了,0
2025/3/13 11:20,人家周杰伦都不隐婚，他怕啥,1
2025/3/13 11:23,这谁呀，没听过呀,0
2025/3/13 11:25,阿诺是国内健美一哥，你董力是谁？,1
2025/3/13 11:25,我都没有听说过这个人,0
2025/3/13 11:28,董力是谁？,0
2025/3/13 11:30,我都不晓得这个人，他在担心啥，走出去都没人认识哈哈哈,1
2025/3/13 11:34,哈哈哈哈哈,0
2025/3/13 11:35,那么 动力是谁？几线明星？需要低调,1
2025/3/13 11:39,哈哈哈哈哈哈哈,0
2025/3/13 11:46,哈哈我都忘了他了，他演过啥,1
2025/3/13 11:55,笑死了,0
2025/3/13 11:58,给她站在我身边的机会[泪奔],0
2025/3/13 12:04,@VTA,0
2025/3/13 12:06,谁帮忙艾特董力让他认清楚自己[捂脸][捂脸][捂脸],1
2025/3/13 12:07,大娃都7岁结婚才5年,0
2025/3/13 12:10,没错，我刚才有一条留言就这么说的,0
2025/3/13 12:10,有啥不得以的,0
2025/3/13 12:11,直男就是不爱的借口罢了,1
2025/3/13 12:12,不是，他到底是谁啊？,0
2025/3/13 12:13,运动员,0
2025/3/13 12:18,阿诺很好看啊,0
2025/3/13 12:21,@是西怜怜儿 处女男,1
2025/3/13 12:21,姐妹 还得是你,0
2025/3/13 12:22,[尬笑]讨厌处女男,1
2025/3/13 12:24,我不是故意说啊，不刷到这个视频还真不认识他，刷到了才去搜了搜[捂脸][捂脸],0
2025/3/13 12:26,前国家击剑运动员后来上了天天向上吧好像因为观众觉得运动员时的他很帅就小火了一把然后没多久就退役做明星了,0
2025/3/13 12:32,@海天黄豆蒋????? 笑死,1
2025/3/13 12:32,谁啊没印象,0
2025/3/13 12:34,他怕他的富婆看了节目不高兴[捂脸],1
2025/3/13 12:37,恋爱脑不分国籍[泣不成声],0
2025/3/13 12:44,未必，开始交往是觉得啃了棵洋白菜洋气，后来就厌恶了，有了孩子结婚应该也是有家里长辈的原因，还有就是各方面考虑,1
2025/3/13 12:47,不会，真正的爱哪怕很窘迫的时期也想把自己能力范围内最好的给对方,0
2025/3/13 12:48,@小名是崽崽阿 @暴富小番茄. @迩安远至&,0
2025/3/13 12:50,路上我估计都不认识[捂脸],0
2025/3/13 12:52,认识也无感[偷笑],0
2025/3/13 12:56,@易利多可爱 [尬笑],0
2025/3/13 12:57,我都不认识他，听都没听过[捂脸],0
2025/3/13 13:04,他是不是以为他是韩庚[抠鼻],1
2025/3/13 13:07,@小狗麻薯 @没ei头脑,1
2025/3/13 13:08,哈哈哈哈哈哈真实了,0
2025/3/13 13:13,[尬笑][尬笑],0
2025/3/13 13:20,我一直以为董力这个名是一个牌子的家电[捂脸],0
2025/3/13 13:27,不是他是谁啊[黑脸],1
2025/3/13 13:28,说真的我不认识这男的[捂脸],0
2025/3/13 13:34,他以为他很火，但我真的不认识[我想静静],1
2025/3/13 13:45,@syp,0
2025/3/13 13:47,@??云深 [坏笑][坏笑][坏笑],1
2025/3/13 13:50,真不认识他，可能都以为是路人,0
2025/3/13 14:09,他谁啊，听都没听过,1
2025/3/13 14:17,一言难尽,0
2025/3/13 14:33,我今年才知道他[尬笑][尬笑][尬笑],0
2025/3/13 14:37,听说过这人，但不知道他是干啥的[捂脸],0
2025/3/13 14:37,董力是不是误会了当年火的是阿拉蕾啊[尬笑],0
2025/3/13 14:43,外国人也有自己的王宝钏了,0
2025/3/13 15:09,@忈,0
2025/3/13 15:10,上个月开始发的叫“都”啊？[泪奔]结婚五年 孩子七岁，女孩生孩子的时候 他上亲子节目跟几岁小孩炒cp,1
2025/3/13 15:18,[尬笑]可能是我太片面了 我竟然会觉得是因为女方很优秀 男方害怕妻子比自己更优秀而PUA自己的妻子提升自己的家庭地位 以此来满足自己的虚荣心,1
2025/3/13 15:20,你不说我还真是想半天也不知道他,0
2025/3/13 15:25,我都怀疑这小子没给彩礼[微笑],1
2025/3/13 15:33,她明明知道他是啥样，她愿意跟，她改变不了他，那她就忍受一切吧。,1
2025/3/13 15:38,这人是明星吗？,0
2025/3/13 15:42,我真服了哈哈哈哈,1
2025/3/13 15:43,[坏笑][坏笑][坏笑],1
2025/3/13 15:47,他还有偶像包袱[捂脸],0
2025/3/13 15:47,他是什么类型的爱豆，擅长唱还是跳？还是表演，捧他的点是什么,0
2025/3/13 15:52,哦原来他这么不火啊,1
2025/3/13 15:54,好的,0
2025/3/13 16:07,这个男的好搞笑，哈哈，逗死我了，他以为他是什么大人物吗？[捂脸][捂脸][捂脸],1
2025/3/13 16:17,董力有什么代表作吗,0
2025/3/13 16:40,@xx @kaeryin?? @-y- 我都不认识这个男的。,0
2025/3/13 16:45,你俩去上那个离婚节目好吧 再见爱人,1
2025/3/13 16:51,我就说不知道哪里见过他很熟[泣不成声],0
2025/3/13 16:55,笑死了哈哈家,0
2025/3/13 16:59,@再想想 给我笑成折叠屏了要哈哈哈哈哈哈,0
2025/3/13 17:09,我真的不行了,0
2025/3/13 17:11,真没听过这人,0
2025/3/13 17:12,@一粒苹果酒 [黑脸],1
2025/3/13 17:15,@——————,0
2025/3/13 17:16,不记得是不是国家队击剑的,0
2025/3/13 17:21,我也有点觉得,0
2025/3/13 17:25,@kiterror,1
2025/3/13 17:30,阿诺都感觉更像明星,0
2025/3/13 17:30,他干啥滴，？不参加这节目都不知他,0
2025/3/13 17:37,不说他是击剑运动员，我都忘了，我以为他游泳的呢,0
2025/3/13 17:38,怎么唱着唱着生气了,0
2025/3/13 17:41,两娃,0
2025/3/13 17:42,长得素人 名字更是第一次听说 [黑脸],1
2025/3/13 17:45,[赞][赞],0
2025/3/13 17:48,谁认识,0
2025/3/13 17:55,他演了啥？,0
2025/3/13 17:58,这个外国人是大尊爸爸吗,0
2025/3/13 18:01,阿诺眼里没有光，整个人小心翼翼的，不被爱的多明显呀，再看看卢静姗和戚薇，眼里有光，敢说敢做，因为被爱着啊!,0
2025/3/13 18:10,胡静真的被他老公包容着，,0
2025/3/13 18:14,这女的长得真的很奇怪，像阿凡达,1
2025/3/13 18:15,[泪奔][泪奔][泪奔][泪奔],0
2025/3/13 18:23,人家说是外国人被骗的最惨的一次[呲牙][呲牙][呲牙],1
2025/3/13 18:32,爱还不爱，还是可以看出来的，[尬笑][尬笑][尬笑][尬笑],0
2025/3/13 18:33,对啊，茅台买不起，哪怕国民品牌江小白或者牛栏山也行嘛,0
2025/3/13 18:49,他是演洪世贤那个演员吗 那确实还蛮红的,0
2025/3/13 18:51,原来真的是当阿拉蕾替代爸爸的那个人啊，咱就是说感觉不一样呀,0
2025/3/13 18:57,不！这个男的还阿拉蕾长大要嫁给他,1
2025/3/13 19:03,我都不晓得他是谁k[尬笑],1
2025/3/13 19:14,他说了，因为没避孕，阿诺有了他的孩子。,0
2025/3/13 19:20,他老婆甚至想摘头纱下来,0
2025/3/13 19:21,阿诺都没说啥，网友们就破防了[笑哭][笑哭][笑哭],0
2025/3/13 19:28,@?? 哈哈哈看看新送礼思路,0
2025/3/13 19:32,再加上他最近对他媳妇的态度我放话了哈，以后有 他的东西我都不看[笑哭],1
2025/3/13 19:33,他们俩好像不太熟[尬笑],0
2025/3/13 19:43,每个人性格不一样，媒体就不要带节奏害人了，人家两个孩子了，妻子眼里有光，就别操心了,0
2025/3/13 19:47,好生气[敢怒不敢言][敢怒不敢言][敢怒不敢言][敢怒不敢言],1
2025/3/13 19:49,笑得我哈哈哈哈哈哈哈[黑脸],0
2025/3/13 19:55,董力是退役运动员，不是明星,0
2025/3/13 19:57,所以退役运动员有包袱不可以结婚吗[捂脸],0
2025/3/13 19:59,不爱了呗,0
2025/3/13 20:00,感觉孙丞潇挺不错唉 好多综艺节目都表现挺好,0
2025/3/13 20:01,@Snoopy,0
2025/3/13 20:06,真的很漂亮这个混血小姐姐阿诺,0
2025/3/13 20:12,不爱她干嘛要让她怀孕还结婚生孩子,1
2025/3/13 20:13,哈哈[愉快],0
2025/3/13 20:30,总要有一对夫妻用来制造话题和对比，不然节目怎么会有看点和热点,1
2025/3/13 20:36,董力？？[疑问]who is he?我只认识董洁，董璇，董卿和董子健,0
2025/3/13 20:37,董力？？[疑问]who is he?我只认识董洁，董璇，董卿和董子健,0
2025/3/13 20:44,@CL,0
2025/3/13 20:45,就是这节目托董力的福孙丞潇有了内疚粉[白眼],1
2025/3/13 20:54,别发了不想看 网友的乳腺也是乳腺,1
2025/3/13 20:59,丁真也是真听话[泪奔],0
2025/3/13 21:00,他好像明白黑红也是红，一黑到底了,1
2025/3/13 21:13,会不爱呢？之前一档节目是说每个成员说一件糗事，但是只有董力一个人说的她跟阿诺的爱情故事，很早前他就已经说了，只是你们没人注意，我觉得他应该是爱他的,0
2025/3/13 21:19,@橘橘橘橘橘 笑吐了,0
2025/3/13 21:19,[捂脸][大笑][大笑][大笑][捂脸][捂脸][大笑][大笑][大笑][捂脸][大笑][捂脸][大笑][捂脸]绝！,0
2025/3/13 21:23,[捂脸][捂脸],0
2025/3/13 21:34,真的不认识他啊！救命啊,1
2025/3/13 21:44,董力是干嘛的啊真不认识啊为啥隐婚啊,1
2025/3/13 21:45,他是干啥的啊[捂脸],0
2025/3/13 21:45,干啥的啊[捂脸],1
2025/3/13 21:49,人家挺好的,0
2025/3/13 21:51,谁敢艾特他，我不敢,1
2025/3/13 21:51,董力是谁啊,0
2025/3/13 21:54,只知道之前是击剑运动员。后面参加了爸爸去哪儿,0
2025/3/13 21:55,@阿信问爱他还是张颜齐 这个董力在他老婆旁边 脑袋跟加了大头特效似的,1
2025/3/13 22:12,董力到底有啥作品啊？[疑问],0
2025/3/13 22:21,可能这就是为什么董力的老婆都是从外国找回来的了吧……,1
2025/3/13 22:36,谁在意他呀[憨笑],0
2025/3/13 22:57,真的像我前任，总是和我保持距离，我一度怀疑他要么不喜欢我要么不喜欢女的，手都没有牵过[捂脸]，我每天都想着分，还好分了遇到现任[呲牙],0
2025/3/13 22:57,主要是他不看对方，说话也不转头，谁跟对方说话是直视前方的呢，感觉好别扭,0
2025/3/13 23:05,哈哈 鹿晗 没结婚 只是公开恋爱 微博都瘫了 [捂脸][捂脸],0
2025/3/13 23:05,爱不爱，很明显,0
2025/3/13 23:09,谁啊莫名其妙的,1
2025/3/13 23:09,@董大力,0
2025/3/13 23:10,真不认识这个什么力 他干啥的[泪奔],0
2025/3/13 23:19,@魚哼晨記（四公必有票?? @??????. @茄子烩面?? @野猪亨利107 @Je t'aime [泣不成声],0
2025/3/13 23:42,[黑脸][黑脸][黑脸][黑脸],1
2025/3/13 23:44,阿诺太恋爱脑粘人了[动动脑子],1
2025/3/13 23:45,他这是怕什么啊,1
2025/3/13 23:46,董力纯属人差,1
2025/3/13 23:52,他说的这些话想吐,1
2025/3/14 1:50,他是上海的，感觉家庭条件应该可以，有钱的，从小到大估计不怎么干活，学击剑应该挺费钱的吧，没啥成绩还能进娱乐圈，估计也是背后有资源，可惜他自己不努力没名气[捂脸],1
2025/3/14 2:43,阿诺能不能去市中心我不知道 但是董力这回是真的不能去学校参加活动 也不能去市中心了 有被打的风险[黑脸],1
2025/3/14 3:18,个人觉得董力是个渣男,1
2025/3/14 3:39,是不是he啊??？b,1
2025/3/14 6:01,这男的是上海的嘛,0
2025/3/14 7:44,没觉得这男的好看，反而觉得女的吃亏。[灵机一动],1
2025/3/14 7:51,他自己到底能不能看见,0
2025/3/14 8:07,@董大力,0
2025/3/14 8:10,有道理，两人文化差异大，很多东西估计很难理解对方，[捂脸]难免遗憾想找个中国人,0
2025/3/14 9:58,@詹姆斯牛逼,0
2025/3/14 10:12,也就忽悠个外国人可以,1
2025/3/14 10:24,董力是不是心中还有阿拉蕾[捂脸][捂脸][捂脸][捂脸][捂脸][捂脸][捂脸][捂脸][捂脸][捂脸],0
2025/3/14 10:53,同感，我老公靠近我的时候，我不是说他脸上有油味就是说他口臭，反正就是岔开亲近话题,0
2025/3/14 11:24,不知道啊，有时候处女座会享受被粘着的感觉，自己倒是淡淡的，别人的事情谁说的准,0
2025/3/14 11:25,而且衡量标准一定是钱在哪爱在哪，喜欢才会给花钱，其他都不靠谱,0
2025/3/14 11:45,这男的如果真不爱 一点爱没有 不会要孩子的吧,0
2025/3/14 11:49,[泪奔][泪奔][泪奔]姐妹，你要求真低啊。[泣不成声][泣不成声][泣不成声],1
2025/3/14 11:57,你好像没理解我的话 呵呵 [尬笑],1
2025/3/14 12:09,董力很多女粉吗,0
2025/3/14 12:23,有事业和没事业的差别,0
2025/3/14 12:44,@鹿与书说,0
2025/3/14 13:04,他言语攻击心里痛快了！我却要用很长时间才能平复心情！[流泪],1
2025/3/14 13:10,他谁啊,1
2025/3/14 13:11,@西蓝花超超人,0
2025/3/14 13:17,不行我要去董力那里一趟,0
2025/3/14 13:21,@???,0
2025/3/14 13:21,哈哈+1[捂脸][捂脸],0
2025/3/14 13:22,刘畊宏女儿和我儿子一个学校，校庆直接免费带大家跳操。,0
2025/3/14 13:36,我知道阿拉蕾，但我不知道他[泪奔],0
2025/3/14 14:10,@@@买了我的瓜 [尬笑][尬笑],0
2025/3/14 14:15,哪怕是普通白人年轻人猛一看都好看，看多了不耐看。再加上白人花期又短。,1
2025/3/14 14:47,哈哈哈哈哈 他是谁,0
2025/3/14 14:47,没有顶流命，却有顶流病，阿诺是我看过外国人被骗最惨的一个了[捂脸],1
2025/3/14 15:03,董力就是现实生活中低情商的男人，没有在节目里特意装,1
2025/3/14 15:05,阿拉蕾的帽子都比他火[噢买尬],1
2025/3/14 15:10,谁啊？真的没听过[黑脸],1
2025/3/14 15:13,如果不是他老婆，他都没这次的工作机会[捂脸],1
2025/3/14 15:32,带两个翅膀的帽子你没见过吗,0
2025/3/14 15:40,@董大力,0
2025/3/14 16:00,笑死了 上一次见他是他跟阿拉蕾 流量还是小孩给的[黑脸],1
2025/3/14 16:13,引导性提问本来就是不妥的，当时她好像才四岁多,1
2025/3/14 16:19,而且有些男人很快贪新厌旧,1
2025/3/14 16:22,我觉得他们并不是演员，在镜头面前，有点不自然而已。挺真实的呀，并不是所有人都能在镜头面前显示恩爱的,0
2025/3/14 16:26,@也许是杰瑞 @kunletingCD @爆浆麻薯鸡蛋仔 @诃饿 @木木夕木可^O^ @边吃边减肥. @琳_心如 @潺潺 @王子开飞机,0
2025/3/14 16:29,他肯定是这样对他老婆说的,1
2025/3/14 16:41,吃完麦林的综艺，又来个董力[赞][赞][赞],0
2025/3/14 16:57,我老公现在和我就是这样的，他尽量和我保持距离，，，,0
2025/3/14 17:04,翻译啊不会吗？网易翻译懂吧,1
2025/3/14 17:16,真的好好的女孩，理解董力，祝福你们一直幸福下去,0
2025/3/14 17:29,也是个顶级恋爱脑！大家别在说董力了！“千金难买她愿意！”,1
2025/3/14 17:37,他还护食,1
2025/3/14 18:02,日子自己过得 自己过的好不好自己知道……,0
2025/3/14 18:04,@莉子味,0
2025/3/14 18:06,怎么不回我微信[黑脸],1
2025/3/14 18:10,这个女孩好好，其实她觉得幸福就行。,0
2025/3/14 18:13,怪不得董力说阿诺懂事拎得清会察言观色[泪奔],0
2025/3/14 18:19,在外面给足老公的面子，哪怕对方可能做得有不好的地方，他也不会在外面跟别人一起去讨论这个问题，这个女孩子有智慧呀[愉快],0
2025/3/14 18:26,多好的女孩，有思想有眼界，大家多祝福他们吧，董力只会越做越好的,0
2025/3/14 18:33,多好的女孩子，不管真的假的，董力以后不要辜负别人真心就好了,0
2025/3/14 18:39,@柚子柚子?? 哈哈哈哈哈哈,0
2025/3/14 18:42,不是，他是害怕过多的亲密接触和亲密反应导致脱粉,0
2025/3/14 18:45,阿诺表达清楚，情绪稳定，明显智商高很理智，不是恋爱脑,0
2025/3/14 18:56,好女孩，善良，通情达理,0
2025/3/14 19:06,善良懂事的阿诺，懂得为别人着想,0
2025/3/14 19:14,他的中文太好了，情感细腻，会包容人，真的很好,0
2025/3/14 19:18,和那时候的马蓉很像,1
2025/3/14 19:18,卓伟趴一下，这位大家不认识的董先生有没有别的爱人,1
2025/3/14 19:44,我之前就觉得他一定还有中国女朋友,1
2025/3/14 19:49,这个女孩其实不是恋爱脑，是真的善良……,0
2025/3/14 19:50,理解她说的火了[微笑]他们国家人口基数少，董力几百万粉丝在他们国家可能是个超级巨星了吧[微笑],0
2025/3/14 19:57,他是下三白吗？,1
2025/3/14 20:19,哈哈哈哈哈哈哈,0
2025/3/14 20:19,不爱为什么在一起呢[捂脸],0
2025/3/14 20:48,卓伟说:我的能力只扒一线 扒他都不够成本的[看],1
2025/3/14 20:56,我还以为他在娱乐圈消失了[尬笑],0
2025/3/14 21:03,处女座在外人面前是这样吗,0
2025/3/14 21:04,说的好伟大,0
2025/3/14 21:05,我感觉，他欺负阿诺不懂中文,1
2025/3/14 21:09,别说董力了，[阴险],1
2025/3/14 21:11,看了阿诺当模特时候的状态，真的很好，生了孩子老外不做月子的，还生两个，整个精神状态不好，一直觉得阿诺有一种疲劳感在脸上[泪奔],1
2025/3/14 21:11,天啊！啊诺是多好的女人啊！啊诺出来工作吧，有自己的事业别总想着这个男人了[玫瑰],1
2025/3/14 21:23,那到底為了啥和阿諾結婚???為了比利時身份嗎???[捂脸][捂脸][捂脸],1
2025/3/14 21:31,看后期还是很好的,0
2025/3/14 21:37,可是我不觉得他出轨，他给我的感觉像是那种深柜呀[泪奔],0
2025/3/14 21:37,我也觉得,0
2025/3/14 21:43,@董大力,0
2025/3/14 21:55,还真是[捂脸],0
2025/3/14 22:07,这女孩在外国人里面是不是算长的不太好看的呀，感觉她有点点自卑，其实她很好呀，没太得到男方的尊重,1
2025/3/14 22:20,不是这个节目我都不知道他是谁，不是他老婆他有机会上这个节目么,1
2025/3/14 22:23,看3套就要买一套[抠鼻],1
2025/3/14 22:26,董力是谁？,0
2025/3/14 22:28,[微笑]我也是这感觉,0
2025/3/14 22:34,董力：我太红了[捂脸],0
2025/3/14 22:40,他面相感觉林丹,0
2025/3/14 22:44,没有顶流的命却有顶流的病,1
2025/3/14 22:54,@糯米团子^,0
2025/3/14 23:04,他有多少粉丝啊,0
2025/3/14 23:08,哎呦，人家的事，看看得了呗，还分析,0
2025/3/14 23:18,不断章取义，没事找事,0
2025/3/14 23:23,@Harperanda,0
2025/3/14 23:27,笑死我了哈哈哈哈哈哈哈,0
2025/3/14 23:29,真的太瘦了，头好小的感觉,1
2025/3/14 23:33,韩梗怎么了,1
2025/3/14 23:39,生理性排斥，哈哈哈。,1
2025/3/14 23:40,[比心][比心][比心]赞哈哈哈哈哈,0
2025/3/14 23:47,董力粉丝不少啊  好几个视频底下小迷妹都替他说话,0
2025/3/15 1:10,也有种其实他两已经离婚了的感觉,0
2025/3/15 1:31,和我老公一模一样的[捂脸],0
2025/3/15 2:42,因为外国女人老得太快 现像母子  再过10年  更像奶奶   而男主一张娃娃脸 我相信当初是相爱的,1
2025/3/15 3:27,不爱能在一起那么久？只是人家两个人的相处模式跟你们的不一样而已,0
2025/3/15 8:32,他是一个非常矫情的人。,1
2025/3/15 9:34,他两个适合去再见爱人,0
2025/3/15 9:35,感觉董力这个样子就和乔欣有段采访说的一样男人总喜欢把一些闪光点女孩子娶回家给她困在家里给他生孩子,1
2025/3/15 9:51,她感觉好矫情，想的多，既要又要,1
2025/3/15 10:00,他真的很不爱,1
2025/3/15 10:09,董力的肢体语言就很抗拒啊 我不想听人说话的时候就是这样 一模一样 目视前方 点头 就是不看对方 人家抓我就会想办法甩开走开,0
2025/3/15 10:10,不亲又怎样，能证明啥！一群傻鸟天天喷！婚姻冷暖自知,1
2025/3/15 10:11,不过董力命是真好啊,1
2025/3/15 10:47,太能装了,1
2025/3/15 10:52,一群靠看视频的去评论别人夫妻,1
2025/3/15 10:57,没想到外国人用中国话也能这么会表达，好厉害，情商很高,0
2025/3/15 11:02,我老公就跟他是一样的，一句甜言蜜语都没有,0
2025/3/15 11:12,他这眼神 表情绝了,0
2025/3/15 11:28,@??..,0
2025/3/15 12:07,董力跟我表弟长的真像，连性格都很像，以前年纪小大家不跟他一般计较，现在没人惯他个毛病,1
2025/3/15 12:11,其实感觉是阿拉蕾带了他[看],0
2025/3/15 12:31,别人喜欢[捂脸],0
2025/3/15 12:35,董力就给人一种下头男的面容,1
2025/3/15 12:40,董力是谁？,0
2025/3/15 12:44,看全片的话，董力很好呀，性格不是善于表达但做的也不错，不要因为一个小片段放大哦,0
2025/3/15 12:46,为啥结婚呢如果排斥,1
2025/3/15 13:01,他只是抠搜，没把阿诺当老婆，当保姆吧[尬笑],1
2025/3/15 13:03,听说董力是上海的，应该不穷吧[宕机],1
2025/3/15 13:31,阿诺被pua了[捂脸]以为董力是大明星[捂脸]其实估计认识他的人并不多[捂脸],0
2025/3/15 13:48,我看了半天也不知道他是干啥的[捂脸],0
2025/3/15 14:31,察言观色[尬笑][尬笑][尬笑],0
2025/3/15 14:35,他是谁 真不认识,0
2025/3/15 15:01,我看到一个微信公众号说，董力这次去比利时就去跟阿诺领证，说他有担当[尬笑],1
2025/3/15 15:39,他是干啥的,0
2025/3/15 15:53,他也是按照剧本来,0
2025/3/15 16:02,说实话当年要不是爸爸去哪儿和阿拉蕾大部分人都不认识他[不你不想],0
2025/3/15 16:04,他嫌弃她，只爱他自己而已,1
2025/3/15 16:09,他果然不爱她，说话也难听，也没给婚礼..,1
2025/3/15 16:28,"这个男的一看就是npd,有厌女症",1
2025/3/15 16:49,女方头发一直乱糟糟，男的死气沉沉,1
2025/3/15 16:53,那裡細心,0
2025/3/15 17:02,我知道董明珠和格力，董力是什么[暗中观察],0
2025/3/15 17:09,我觉得他都不喜欢他老婆,1
2025/3/15 17:11,@LY°,0
2025/3/15 17:21,哈哈，他是来定性的,1
2025/3/15 17:22,一样的  大男人主义的男人都是这种表现,1
2025/3/15 17:28,说实话，他真是有点过分,1
2025/3/15 17:28,路人缘也败完了,1
2025/3/15 17:29,求婚用9朵玫瑰花[捂脸],0
2025/3/15 17:30,@董大力,0
2025/3/15 17:32,"不喜欢不爱！[微笑][微笑][微笑]
为什么要结婚？？？[感谢][感谢][感谢]",0
2025/3/15 17:34,只能说这外国人被骗得好惨,1
2025/3/15 17:38,这种男人居然还有这么好的女人爱着[抠鼻],1
2025/3/15 17:39,阿诺觉得爱就行,0
2025/3/15 17:44,他是不喜欢她[流泪],0
2025/3/15 17:44,在别人的提醒下有爱但是不多,0
2025/3/15 17:45,主要是那女的她自己也恋爱脑、她自己都说了董力对她很好[捂脸],0
2025/3/15 17:45,因为有宝宝才结婚[泣不成声][泣不成声],0
2025/3/15 17:47,“因为怀孕所以结婚”， 气人不？[微笑],0
2025/3/15 17:47,这是个什么人,1
2025/3/15 17:54,他，是，誰？,0
2025/3/15 17:55,9朵这是扣到极致了[捂脸]，99朵也花不了多少钱吧,0
2025/3/15 17:55,阿诺不是说了不要可怜她，她很幸福,0
2025/3/15 17:55,为什么让她怀孕？[微笑][微笑][微笑],1
2025/3/15 17:56,他为什么让她怀孕？[感谢][感谢][感谢],1
2025/3/15 17:57,跟我老公一样,0
2025/3/15 17:58,是很讨人嫌,1
2025/3/15 17:59,太恋爱脑了吧！真的好讨厌这个董,1
2025/3/15 18:01,这个事吧也是一个愿打一个愿挨，董力本身就有问题，阿诺还惯着他，把这个巨婴惯坏了,1
2025/3/15 18:01,不说你 说谁呢[捂脸]无语,1
2025/3/15 18:01,他 是不是 想火......,1
2025/3/15 18:03,生活中无数个董力[呲牙],0
2025/3/15 18:04,这男的绝,1
2025/3/15 18:04,哈哈,0
2025/3/15 18:05,@Mr捃,0
2025/3/15 18:06,好装这个男的,1
2025/3/15 18:06,你不是說要看浪漫嗎,0
2025/3/15 18:06,是节目组安排的还是真的不爱,1
2025/3/15 18:07,每组都亲他这样硬生生不亲就知道没多爱了，求婚敢送9多花，太牛批了[他急了],1
2025/3/15 18:07,这不是作为老公应该自觉给老婆分担吗？什么叫以后都背啊，那以前都意识不到女方就光喜欢他帅了呀,0
2025/3/15 18:07,这里面最讨厌的就是他，最最不喜欢看他,1
2025/3/15 18:07,她看了估计不能平衡了[捂脸][捂脸],1
2025/3/15 18:07,真不知道他是不成熟还是情商低！！[尬笑][捂脸],1
2025/3/15 18:07,董力这富贵架子啧啧啧啧啧,1
2025/3/15 18:08,应该是真实的生活，人家自己就够了呀，他不是明星，他不会演综艺的,0
2025/3/15 18:08,言外之意就是后悔的自己的选择，如果回到九年前他可以重新选择是这个意思。阿诺恋爱脑,0
2025/3/15 18:10,就她这个媳妇是最漂亮的又高又漂亮他还不知道珍惜，之前不认识她媳妇看到宣传片我还在问这个美女是谁啊好美，结果这个男的太失望了对她媳妇都不爱的感觉,1
2025/3/15 18:11,怎么会有这样的男的[酷拽],1
2025/3/15 18:12,想要个混血儿宝宝呗,0
2025/3/15 18:12,他就是本性这样。根本不用洗。上一个综艺也被骂很惨。不知道哪儿来的优越感。[抠鼻],1
2025/3/15 18:14,我可不信，因为我还记得麦琳,1
2025/3/15 18:14,我看节目的时候也有点觉得他跟别的男嘉宾不一样 但是也许这就是他的性格吧 性格缺点一下子暴露了  还是希望人家小夫妻好好的不要总是被说不爱,0
2025/3/15 18:14,@荔荔耶 [宕机],1
2025/3/15 18:15,董力就不是好男人[发怒],1
2025/3/15 18:15,别说了，待会人家有在节目上说网友说他，哈哈哈哈哈,0
2025/3/15 18:15,人家阿诺说很辛福 感觉外人就像给别人整分开 [看],0
2025/3/15 18:15,@一条鱼????,0
2025/3/15 18:16,[暗中观察],0
2025/3/15 18:16,这孩子在爸爸去哪儿的时候表现还挺好的，现在是咋了，[捂脸],0
2025/3/15 18:17,他老婆 真是 眼瞎了,1
2025/3/15 18:19,这个装货,1
2025/3/15 18:19,送他岳父开瓶器[捂脸],0
2025/3/15 18:20,那他为啥娶她呢[你不大行],1
2025/3/15 18:20,这男的真装，他不是为了火一把应该不会参加节目,1
2025/3/15 18:20,这个男的这么没脑子，啊诺怎么看上的[捂脸],1
2025/3/15 18:20,董力是三角眼不？看着总感觉有点怪,1
2025/3/15 18:21,[捂脸],0
2025/3/15 18:21,上错节目了吧[尬笑]隔壁才是再见爱人,0
2025/3/15 18:22,[我想静静],0
2025/3/15 18:22,不爱了，真的好明显,0
2025/3/15 18:22,各花入各眼,0
2025/3/15 18:22,董力之前干啥的？？？,0
2025/3/15 18:23,他应该去再见爱人,1
2025/3/15 18:24,就是，他真的好奇怪,1
2025/3/15 18:24,阿诺多漂亮啊 大模特  有什么好嫌弃的？？？这男的哪好???♂?,1
2025/3/15 18:24,感觉 他媳妇已经习惯了他这个态度  已经无语了 也不想费劲反抗了  [捂脸],0
2025/3/15 18:26,她自己还说不用可怜她[捂脸],1
2025/3/15 18:26,他好像怕看节目的人看见吧[捂脸],0
2025/3/15 18:27,阿诺出来工作吧，观众缘很好，自己有价值，别人才会尊重你[比心]大多情况下如果男生不大能赚钱，不会希望另一半是家庭主妇的。,0
2025/3/15 18:27,还送岳父开瓶器，还说送礼要送到人家心坎上[尬笑],0
2025/3/15 18:27,你和你老公时时刻刻腻歪在一起呀。 不要攀比,0
2025/3/15 18:27,觉得别人高攀他呗,1
2025/3/15 18:28,有种日子就那样吧 的无奈感 [捂脸]。,0
2025/3/15 18:29,啊，她不是烫的这种慵懒风吗,0
2025/3/15 18:30,应该是剧本吧[捂脸][捂脸],0
2025/3/15 18:31,能怀孕肯定也是他没想到的，不然怎么会说是因为孩子结婚，应该要说其实很早就想结婚了,1
2025/3/15 18:33,我怎么感觉节目之后就分了,0
2025/3/15 18:34,他就是智商情商都不怎么高的感觉,1
2025/3/15 18:34,他运气真好[九转大肠],0
2025/3/15 18:35,每个人的爱不一样，不能因为这些就判断说不够爱,0
2025/3/15 18:35,@Vion @CC·,0
2025/3/15 18:35,笑死 不敢去市中心[偷笑],0
2025/3/15 18:35,莫名有种感觉跟再见爱人一样，博流量,1
2025/3/15 18:35,对一个被窝睡不出两种人 她俩好锁死就行,0
2025/3/15 18:36,这个力家世显赫吗，这么那啥……这女的可以做自己了不然老了更没价值了，孩子也有自己的生活了……,1
2025/3/15 18:36,董是明星还是运动员啊？,0
2025/3/15 18:37,主要是这女的自己愿意[捂脸],1
2025/3/15 18:37,真讨厌他,1
2025/3/15 18:37,我也觉得,0
2025/3/15 18:37,他如果和他一起的是国内的早就跑了,1
2025/3/15 18:38,看了节目根本不是这样[宕机][宕机][宕机][宕机],1
2025/3/15 18:39,外国人也有恋爱脑啊[捂脸]中国男人真挺[赞],0
2025/3/15 18:40,他为啥偶像包袱这么重啊，他到底是谁啊,1
2025/3/15 18:40,女的自己很爱,0
2025/3/15 18:40,阿诺才应该回到九年前,1
2025/3/15 18:41,@刀叉吃地瓜，红酒配唢呐 我真的服了她老婆好恋爱脑啊 这男的也是 不说了我说话难听,1
2025/3/15 18:42,无所谓啊 他老婆照样爱死他,0
2025/3/15 18:43,停个电怕什么,1
2025/3/15 18:43,为什么不爱她 还要跟她在一起,1
2025/3/15 18:44,这也是挺牛的[憨笑],0
2025/3/15 18:44,哥哥 我怕怕[皱眉],0
2025/3/15 18:45,冷暖自知，日子是自己的,0
2025/3/15 18:45,那還可以再接一個綜藝 再見愛人[尬笑][尬笑],0
2025/3/15 18:46,阿诺啊 太瘦啦,0
2025/3/15 18:46,可怜跟活该是两个概念,0
2025/3/15 18:46,@萌妹啤酒肚儿?,0
2025/3/15 18:47,周瑜打黄盖,0
2025/3/15 18:47,守着那么多人还有摄像头非得亲才显出多爱嘛，闪开怎么了[绝望的凝视]那么多人在一起停个电而且明显也不是很黑，能吓死啊还一个个安慰呢，无语小孩都不害怕吧，只能说明星们在有摄像头的时候真能演[赞],1
2025/3/15 18:47,董力是不是运动员啊？如果是演员或者歌手也没什么作品呀。,1
2025/3/15 18:49,苦了女孩子了,0
2025/3/15 18:50,大数据，麻烦别给我推这种自我感觉良好的渣男，谢谢[看],1
2025/3/15 18:51,我也是说，停个电而已，我只会关心为啥停电，啥时候来电别耽误我干饭[泪奔],0
2025/3/15 18:51,[宕机]董力是谁？流量明星吗？怕这怕那的还有偶像包袱[翻白眼],1
2025/3/15 18:51,有一部作品 只是忘记什么名字了[尬笑],0
2025/3/15 18:51,两个人一个很好一个不好刚好互补，一个愿挨一个愿打，挺好,0
2025/3/15 18:53,[捂脸][捂脸][捂脸],0
2025/3/15 18:53,是不是怕背后的富豪大姐看见[捂脸],1
2025/3/15 18:53,好像是为了生一个混血儿吧，混血儿都长得很好看,1
2025/3/15 18:56,阿诺为什么总是会解释，是因为董力确实对她很好只是不善于表现而别人只能看到局部？阿诺知道她的好，所以要解释？或者因为阿诺本身没有那么多需求，她是一个简单也很容易满足的女孩，所以自己也没有觉得有什么不好？还是因为每次董力都会因为此受到外界抨击而这些抨击都会被董力私下回报到阿诺身上，所以阿诺都已经形成了条件反射，因为只要董力受到批评，最后阿诺也要被董力怪罪，所以她需要辩解,0
2025/3/15 18:57,妻子的浪漫旅行+岛屿少年，非常讨厌董力，你算个der啊，以后抵制他的一切,1
2025/3/15 18:58,运动员,0
2025/3/15 18:58,我记得好像是个运动员～[尬笑]忘了哪个运动了。,0
2025/3/15 18:59,董力，1993年8月23日出生于上海市，2016年毕业于上海立信会计金融学院，中国前击剑运动员、中国内地流行乐男歌手、影视演员,0
2025/3/15 18:59,运动员,0
2025/3/15 19:00,这就是不喜欢吧,0
2025/3/15 19:00,哦哦～[666],0
2025/3/15 19:00,怎么在他身上看到了留一手的影子[看]好可怕这种男的,1
2025/3/15 19:01,转黑@KindSiü,1
2025/3/15 19:01,这是哪个国家的女孩子？ 真的善解人意又顾全大局 还会讲话啊。董力赚了,0
2025/3/15 19:03,他是不是…害怕别人看到…,0
2025/3/15 19:04,卑微的她，偶像包袱极重的他。,1
2025/3/15 19:04,我感觉要是让他两牵手，她两能握出??这样,0
2025/3/15 19:04,董力多老实真诚的人啊,0
2025/3/15 19:04,妈呀 如果是最后一种 那董力就很可怕了[尬笑],0
2025/3/15 19:04,[呆无辜],0
2025/3/15 19:05,那么多女人 背后大姐看上他钱多的没有地方花，帅哥年轻比他多太多了,1
2025/3/15 19:05,男方态度不是现在才这样，感觉一开始就是女方迁就，恋爱的时候不要委曲求全，女方自己有好的前途，偏偏选择生子这条路，路是自己选的，这种男的网暴他，女的只会越来越难，不会觉醒是因为不够爱啊,1
2025/3/15 19:07,这男的命太好了,0
2025/3/15 19:07,dongli的出现是来体现其他几对的好[捂脸][捂脸][捂脸],0
2025/3/15 19:07,有一期里，阿诺对董力说，大概意思是:你妈妈说话就让人很舒服，你要向她学习。我就觉得，这女孩其实很通透，她什么都知道。那些可怜她的人，现实中真都是被捧在手心里的公主吗。还有说不公开的，越是不火，签了公司越是没有自由发言权了吧,1
2025/3/15 19:07,[捂脸],0
2025/3/15 19:07,阿诺恋爱脑没救了[泣不成声],1
2025/3/15 19:08,[逞强落泪]天啦,0
2025/3/15 19:08,有点[捂脸],0
2025/3/15 19:09,他是来凑数的吧,1
2025/3/15 19:09,不要心疼任何人，就像当初不要心疼李行亮一样[捂脸],1
2025/3/15 19:09,人家啊诺都没意见，别人有意见有啥用[不失礼貌的微笑]而且人家并不领情[不失礼貌的微笑]他俩锁死永远不要分开[不失礼貌的微笑],0
2025/3/15 19:09,董力是明星吗，,0
2025/3/15 19:10,他是在为某一个人保持贞操,1
2025/3/15 19:11,不是 他是不是怕他喜欢的人看到，然后表现出不太喜欢这个女生。,0
2025/3/15 19:11,送两瓶二锅头都比开瓶器说得过去[尬笑],0
2025/3/15 19:11,一个愿打一个愿挨,0
2025/3/15 19:12,董力还说希望自己成为杨子[尬笑],0
2025/3/15 19:13,看了节目根本就不是这样，营销号完全就是在乱剪，网上就是喜欢这样[抠鼻],1
2025/3/15 19:14,陌生人,0
2025/3/15 19:16,哈哈，我做了个试验，和老公也做亲亲的动作，发现老公真的很自然会噘嘴耶[捂脸],0
2025/3/15 19:16,可是镜头前也不可能说她不幸福啊，又不是（再见爱人）的节目,0
2025/3/15 19:18,下集预告看了没？董力说了他们是三无婚姻，没有求婚，没有订婚，没有婚礼,0
2025/3/15 19:19,@在在?????????? [呆无辜],0
2025/3/15 19:19,漂亮女孩感觉跑吧[尬笑],1
2025/3/15 19:19,他已经有别的人了,0
2025/3/15 19:21,真人秀而已[看],0
2025/3/15 19:21,@美女,0
2025/3/15 19:21,我觉得每个人表达爱的方式不一样吧，不一定要在外面亲亲抱抱举高高，，而且停电了怕啥，而且前面也是他拿的东西啊，那么多女生自己背包就非得抓着他不放无语了，我看了全部就还好吧，大直男情商低一点，演员肯定会演一些,0
2025/3/15 19:23,很明显了，他想回到9年前没她没孩子的时候,1
2025/3/15 19:24,上过爸爸去哪儿  和阿拉蕾,0
2025/3/15 19:25,不要过度干涉她人的命运[泪奔],0
2025/3/15 19:25,不喜欢为什么答应她呢,1
2025/3/15 19:26,谁啊这是,1
2025/3/15 19:26,@凝聚聚聚聚力 呃,0
2025/3/15 19:27,网友感觉就是本人一样了解的清清楚楚[看],0
2025/3/15 19:30,他为什么这么排斥他啊,1
2025/3/15 19:31,是不是他过于直男了,0
2025/3/15 19:31,按他说的法是有孩子了。可能一开始就没打算取她，再加上他对自己人气的迷之自信怕不负责职业生涯会被毁了吧，而且这个阿诺好拿捏[尬笑][尬笑][尬笑],1
2025/3/15 19:33,这么明显，还不离婚,1
2025/3/15 19:34,@Jesunny @讨厌下雨天、 他疯了吗,1
2025/3/15 19:34,我也觉得还好吧，每个人表达的爱不一样啊，我可不是他粉丝[抠鼻]反正看了最新一期就还好，不是网上这些营销号说的一样,0
2025/3/15 19:35,没有感情就别拍这个节目了，看得好尴尬,1
2025/3/15 19:35,我看了最新一期我也觉得是这样，我感觉就是这些营销号为了热度为了流量乱剪,0
2025/3/15 19:35,那为什么要答应上节目，真讽刺好反感这人,1
2025/3/15 19:36,我才不会去热脸贴冷屁股,1
2025/3/15 19:36,有那么爱的,0
2025/3/15 19:36,啥人找啥人，没必要抨击一个[捂脸],0
2025/3/15 19:38,情商低的男人 很恐怖,1
2025/3/15 19:38,@不甜喜咸_Tz,0
2025/3/15 19:39,@?ku,0
2025/3/15 19:40,真的不希望是这样,0
2025/3/15 19:41,应该不会吧,0
2025/3/15 19:41,这女的还一直帮董说话，也活该[尬笑][尬笑],1
2025/3/15 19:46,他有啥可嫌弃人家的,1
2025/3/15 19:47,什么没情商  就是人品差,1
2025/3/15 19:47,既然不喜欢那就放阿诺自由……,0
2025/3/15 19:47,之前是不是和一个小朋友上过一个节目，就感觉很无语,0
2025/3/15 19:50,生活中有无数个董力,0
2025/3/15 19:50,就是不爱[捂脸],0
2025/3/15 19:51,董力是谁啊,0
2025/3/15 19:52,我觉得他是故意装,1
2025/3/15 19:53,退出算了,1
2025/3/15 19:53,@能不能别吃了. 董力是谁不认识,1
2025/3/15 19:53,是在说我吗？这个不需要表演 自己内心晓得就好了,0
2025/3/15 19:53,怎么样能让董力自己看到这个视频呢,0
2025/3/15 19:53,你老公出门都穿什么呢，西装格局还是大裤衩[捂脸],0
2025/3/15 19:56,阿诺还一直帮他说话哦，还安慰他别看3,0
2025/3/15 19:57,又要塌一个，女的念爱脑吧，这种节目装也要装一下吧，上节目来干嘛，闹心,1
2025/3/15 19:57,@hongsick??,0
2025/3/15 19:57,模特身材好，气质好，但是她真的好看吗，跟别的老外对比,0
2025/3/15 19:59,妈呀,0
2025/3/15 20:00,确定不是搞李行亮跟麦林那套？,1
2025/3/15 20:01,影视演员他还演过电视[疑问],0
2025/3/15 20:01,女的没问题就没问题，有问题她自然会离开，每个人要的感觉不一样,0
2025/3/15 20:03,@董大力 这样,0
2025/3/15 20:04,不行，得去董力那边一趟,0
2025/3/15 20:04,我感觉他俩像两个外人,0
2025/3/15 20:04,这是要上再见爱人吗[石化][石化],0
2025/3/15 20:04,外国人就是生了孩子会特别显老 加上瘦的人更会,1
2025/3/15 20:05,董力应该上再见爱人这个节目[呲牙][呲牙],0
2025/3/15 20:06,恶心人,1
2025/3/15 20:07,你快给他领回家去呗[泪奔],0
2025/3/15 20:10,他让我想到宥胜,0
2025/3/15 20:11,那他为啥搞大阿诺的肚子，还想回到九年前，说真的董力只是为了两个孩子,1
2025/3/15 20:12,拜托好看哭了！现在这样是因为带孩子带的，你去看看她以前,0
2025/3/15 20:12,阿诺是恋爱脑,1
2025/3/15 20:13,其实，阿诺做回本行是很有魅力,0
2025/3/15 20:16,这些镜头不正常嘛[泣不成声],0
2025/3/15 20:16,对呀，我每期都看，我感觉他还可以，只不过就是有点不太会说话，大直男而已，不知道网友为啥对董力恶意这么大，全是骂他的,0
2025/3/15 20:16,我只看了一期，我感觉董力在她国家的父母面前的时候很在意阿诺，也很有礼貌，很用心的去了解了阿诺的过去，平时也会做饭之类的，他的很多行为也受职业限制的，怕走错，影响事业，就不能给妻子孩子们更好的生活，他本人也说想给她们更好的生活，相信阿诺也是相信董力的，阿诺父母离异，本身感觉是不太有安全感的那种，一直很支持，体贴董力很给情绪价值的那种。这是我看第一期感受到的，现实生活中百分之八九十都是那种有点格格不入的点，人无完人，又何必纠这一两句话，爱不爱的去判断一个人的婚姻呢[笑哭],0
2025/3/15 20:17,看的出来应该不是男生追的女生[捂脸],0
2025/3/15 20:17,@不要不开心不要不开心不要不开心不要不开心 我受不了[捂脸],0
2025/3/15 20:19,我也姓董哎！！简直了，我要是你男方家人我真的打电话骂死你[捂脸][捂脸][捂脸],1
2025/3/15 20:20,挺无语的，但没事她可开心,0
2025/3/15 20:20,Pua一个人那么爽吗？自己差劲也不知道吗？哪来的那份劲儿！厌恶,1
2025/3/15 20:20,@??. @＊,1
2025/3/15 20:21,就是，细节固然重要，但是不能作为判定依据,0
2025/3/15 20:23,他不会是 Gay吧,1
2025/3/15 20:23,他只是想要在年轻的时候拥有混血宝宝根本不爱女方 可能他有其他的暧昧对象 怕人家看见了 所以一直都很扭捏,1
2025/3/15 20:24,这男的谁？[抠鼻]为啥要请这种人上节目，也是，真人秀节目，更加看清楚了,1
2025/3/15 20:24,不爱为什么要结婚呢？,0
2025/3/15 20:24,他是不是有病[微笑],1
2025/3/15 20:25,9年前口碑也不咋样啊[笑哭],0
2025/3/15 20:26,他有金主大姐吧,1
2025/3/15 20:26,这不是没情商，这是不爱了,1
2025/3/15 20:27,停电，那些人装的,1
2025/3/15 20:28,不用可怜她，她超爱,1
2025/3/15 20:28,他肯定不爱，要么就是有其他喜欢的人了,1
2025/3/15 20:28,额,0
2025/3/15 20:30,这个节目后，直接去再见爱人吧！让阿诺清醒一下，离婚吧！,1
2025/3/15 20:30,说句实话，董力老婆长的真是普通,1
2025/3/15 20:32,他参加那个综艺就很讨厌了[尬笑][尬笑]就是跟金沙男朋友一起的那个综艺,1
2025/3/15 20:33,是不是他想回到九年前，给她告白，给她求婚，给她婚礼，重新弥补啊[捂脸],0
2025/3/15 20:33,董力是哪路神仙,0
2025/3/15 20:35,董力你算个球,1
2025/3/15 20:36,完全看不出爱 连家人亲情的爱都感觉不到,1
2025/3/15 20:36,董力此刻后悔死了为啥上这档节目[捂脸]上个节目被网暴死了[捂脸],1
2025/3/15 20:36,明显不爱啊,1
2025/3/15 20:39,董力是演员吗,0
2025/3/15 20:39,三白眼,1
2025/3/15 20:39,我宁愿相信是芒果的剧本，再见吧爱人，把观众当了几次傻子,1
2025/3/15 20:40,或者这是他想翻红的噱头剧本[捂脸]因为真不像夫妻。或者阿诺真的是恋爱脑，九年都看不出来不爱自己[捂脸],1
2025/3/15 20:40,@大梦想家,0
2025/3/15 20:40,不爱就是不爱，没有其他解释,0
2025/3/15 20:41,这男的简直了,1
2025/3/15 20:41,董力是做什么的？,0
2025/3/15 20:41,相反，他开心死了，他超级想红[笑哭],0
2025/3/15 20:41,日子是自己过的 两个人觉得合适就好啦～,0
2025/3/15 20:42,运动员,0
2025/3/15 20:44,[噢买尬]如果不是为了上这个节目 估计也不会公开,0
2025/3/15 20:45,拍照那边真的！！！,0
2025/3/15 20:46,@?????? 秦小姐,0
2025/3/15 20:47,他是想黑红吧,1
2025/3/15 20:49,哎，不爱，董力你就分了啊，为啥不爱还要拖人家八年,1
2025/3/15 20:50,怎么感觉他被富婆包养了，怕富婆生气呢[捂脸],1
2025/3/15 20:50,阿诺：不要可怜我，我很开心。她自己说的,0
2025/3/15 20:50,会不会是节目效果,0
2025/3/15 20:50,看吧 后面不一定又爆出来啥呢 来洗白[看][看][笑哭][笑哭],1
2025/3/15 20:51,他百分百有富婆姐[呲牙],1
2025/3/15 20:52,要么你就别找外国人，现在嫌弃是啥意思[尬笑],1
2025/3/15 20:53,感情里谁爱的更多一点 谁就很卑微,0
2025/3/15 20:55,明显的怕谁看到不开心，另外有人了,1
2025/3/15 20:55,心智不成熟,1
2025/3/15 20:55,不对,1
2025/3/15 20:56,女孩比男人成熟些，董力像个不懂事的娃,1
2025/3/15 20:56,阿诺真的给我们一种更像仆人一样的感觉[恐惧],1
2025/3/15 20:56,他都知道网友的吐槽 然后他还不解[捂脸],0
2025/3/15 20:57,突然想到可以请刘烨和安娜啊,0
2025/3/15 20:57,董力在另一个综艺节目岛屿少年，也是很下头的。,0
2025/3/15 20:58,他被网暴没？,0
2025/3/15 20:58,地域歧视,1
2025/3/15 20:59,对,0
2025/3/15 21:02,是不是有富婆。。。,1
2025/3/15 21:02,韩庚说:说话的时候你好好听话[抠鼻],1
2025/3/15 21:02,肯定外面花??,1
2025/3/15 21:04,估计是不想遇到阿若,0
2025/3/15 21:04,嫌弃还娶了，不知道为什么，,1
2025/3/15 21:05,因为有了孩子,0
2025/3/15 21:06,一般运动员情商都比较低，都类似于董力张继科。也有个别情商高的。,1
2025/3/15 21:06,所以说人心都是险恶，别人可什么都没说,1
2025/3/15 21:07,他到底多么迷之自信啊,1
2025/3/15 21:08,他这不是情商的问题吧,0
2025/3/15 21:08,好可怕呀   居然说好想回到九年前。。。。,0
2025/3/15 21:11,不是情商低 是素质低[微笑][微笑],1
2025/3/15 21:12,@可乐兌芬达,0
2025/3/15 21:13,直男不会表达吧。我老公也不愿在人面前与我亲密接触。他说很多人看。私下就ok,0
2025/3/15 21:13,下个节目就上再见爱人，挺好的，行程排的很满,0
2025/3/15 21:14,对比其他三对明星，他红的过哪个？他哪来的这自信啊。女生醒醒吧,1
2025/3/15 21:16,这个男的的本质暴露无遗,1
2025/3/15 21:17,董力怎么还在这上蹿下跳，到底谁在捧他啊,1
2025/3/15 21:18,董力应该上再见吧爱人[抠鼻],0
2025/3/15 21:19,爸爸去哪儿，那个也不是他的孩子。现在是不爱，爱与不爱真的很明显。,1
2025/3/15 21:19,人家要保持爱豆的身份， 哈哈哈，笑不活，谈过恋爱的明眼人，从他们的细节就可以看出这男的平时撒谎多，而这个谎言就是他的身份地位的谎言，所以时刻要保持偶像包袱,1
2025/3/15 21:20,9年前很多人喜欢吗[捂脸],0
2025/3/15 21:22,他现在都这样，不可能是想弥补。真正想弥补的人，今天来做也不会晚，可惜他没这份心………,1
2025/3/15 21:25,阿诺索吻那一幕真的好尴，这男的觉得自己是顶流 阿诺配不上他，他自我感觉阿诺能跟他在一起是多少辈修来的福气吧[捂脸][捂脸],1
2025/3/15 21:27,不爱为什么在一起[流泪],0
2025/3/15 21:27,是的，她跟孩子在外国有房子，离婚也给她买个房，可能是他想到的最大的补偿了吧,0
2025/3/15 21:28,@乔依joy-,0
2025/3/15 21:28,董力感觉对阿诺没有感情，好陌生的感觉。参加错节目了吧！一点对阿诺都不好！,1
2025/3/15 21:31,下头男！,1
2025/3/15 21:32,他应该参加再见爱人,0
2025/3/15 21:32,93的，大的小孩7岁，20几岁当爸爸,0
2025/3/15 21:32,让我想起了我朋友的二婚老公，送我朋友的妈妈厨房用的清洁球[捂脸],0
2025/3/15 21:33,恋爱脑，多少女人像她这样输的一败涂地,1
2025/3/15 21:34,别人有可能是装的，但是他俩绝对不是装的,1
2025/3/15 21:34,最搞笑的是我看快要到阿诺，就是拿东西那一段，然后我就看到弹幕突然间全部消失，然后就来了一句说高潮部分要来了，结果就看到了阿诺一个人在拿东西[捂脸][捂脸],0
2025/3/15 21:34,哈哈[赞],0
2025/3/15 21:36,有些人的甜蜜是装给你们看的，傻不拉叽的。,1
2025/3/15 21:37,董力是不是心里有别人了呀？,0
2025/3/15 21:37,@????????????? 我感觉他根本不爱,1
2025/3/15 21:39,董力这是咋了，我原来觉得他挺好的，要是不喜欢就离婚，别这样搞人家,1
2025/3/15 21:40,可能都看过别的综艺,0
2025/3/15 21:40,阿诺很爱董力，董力不爱阿诺，只是觉得她单纯，好掌控。,1
2025/3/15 21:41,不爱就分开,0
2025/3/15 21:41,那你觉得她该怎么说，告诉全世界，她老公不爱她，哭给全网友看吗[捂脸][捂脸]还是离婚[泪奔],1
2025/3/15 21:41,还以为他们是新情侣…原来一起这么多年还有两个小孩了,0
2025/3/15 21:42,只有夫妻自己才知道过得好不好,0
2025/3/15 21:43,这个男的真的很下头,1
2025/3/15 21:43,@??,0
2025/3/15 21:44,想起一个朋友的妹妹男朋友…她妈妈生日她男朋友送了几支香水版…就试用装那种[流泪][尬笑],0
2025/3/15 21:44,果然 人不可貌相,0
2025/3/15 21:45,董力是干什么工作的,0
2025/3/15 21:47,有些人对内对外都能深情[抠鼻],0
2025/3/15 21:48,你这个说法太符合逻辑了，他亲亲竟然僵硬成那个样,0
2025/3/15 21:48,希望好好对阿诺吧，很好的女孩子,0
2025/3/15 21:49,就算不接吻在外面牵手可以，而且还住的隔那么远，靠近一点坐也不行吗！他是在全身心的抗拒他老婆，形容陌路一样，说没有其他的肢体接触在外面，坐的时候挨着应该没问题吧？,1
2025/3/15 21:50,下期再见爱人的嘉宾已经产生了！,0
2025/3/15 21:53,这个女生到底喜欢董力啥呀？[捂脸],0
2025/3/15 21:53,可是阿诺说你们说的那些她都知道 她不是被骗了 董力火的时候是真的很火 不要可怜她 我觉得他俩锁好就行 怎么不算一种营销手段呢  每个夫妻档节目总有一对让人气的不行的,0
2025/3/15 21:53,你还是回去拍戏吧 上次少年与岛被喷现在也是,1
2025/3/15 21:54,这男的一言难尽，你不爱人家你又和人家生两个孩子干嘛呢，自我感觉良好，你并没有多优秀，这个女孩愿意跟你在一起，愿意跟你生孩子，性格也好，一直为你考虑，姓董的就是没有自知之明，也不懂珍惜，离开这个女孩，你又能找到啥样的，别太自信,1
2025/3/15 21:55,妥妥的渣男一个,1
2025/3/15 21:56,最伤心的是他说那句话就算不好意思在公开场合，接吻也没必要那么扫兴吧！这不是赤裸裸的扎心吗？[泣不成声],1
2025/3/15 21:57,不爱是真的了，别的反正不知道[捂脸],0
2025/3/15 21:57,应该去参加《再见爱人》[泪奔][泪奔],0
2025/3/15 21:59,怎么回事儿[看] 难道外面有人了。。？,0
2025/3/15 21:59,麻烦打包一下 去《再见爱人》比较合适[暗中观察],0
2025/3/15 21:59,韩庚才是真正的爱豆，但看看他对老婆，多好[机智],0
2025/3/15 22:01,他媳妇还替他说话勒   ，真的肉眼可见的不爱,1
2025/3/15 22:02,是非他不可吗？真是够够的了，呸！,1
2025/3/15 22:04,现在成了前男友了没？,1
2025/3/15 22:05,就是不喜欢，我是过来人，我懂[捂脸]我大学生在别人起哄下跟一个并不喜欢的女生在一起就是这种感觉，就觉得她不够好看,1
2025/3/15 22:06,有的男人过于自信，所以他火不起来,1
2025/3/15 22:06,董力挺好的。,0
2025/3/15 22:06,女方爱的太卑微了，要是婆媳干架，董绝对不会维护她。这男的给人一种事不关己高高挂起的感觉，究竟女方图他什么？还给他生两个娃,1
2025/3/15 22:07,有没有可能害羞呢,0
2025/3/15 22:07,在岛上一堆人干活也挺招人烦的,1
2025/3/15 22:08,又不红还这门装,1
2025/3/15 22:09,这一看就是不爱,1
2025/3/15 22:09,不管喜不喜欢 他连演都不想演 可见女方在家也是很卑微 他长期打压女方 他稍微对她好一点就会让她很高兴  在一块那么多年女方也没跑[捂脸] 事实证明 一个被窝睡不出俩种人,1
2025/3/15 22:09,胡静说的好中肯 阿诺要是我女儿看到这个我好难过…他俩演都不演给我看啊,0
2025/3/15 22:10,嫌弃人家，又和人家结婚生了两个孩子，他有毛病,1
2025/3/15 22:11,所以大家越是嫌弃他 他就会反馈给老婆 让他老婆难受,1
2025/3/15 22:11,[发呆][发呆][发呆],0
2025/3/15 22:11,他有一种既嫌弃又想撇清关系，但是又迫不得已营业的样子[尬笑],1
2025/3/15 22:12,我也觉得,0
2025/3/15 22:12,是不是已经有人了,0
2025/3/15 22:13,我很想知道 生活中真的都像其他三对那样么 我感觉我家会像董力那样 停电不会牵手拥抱安抚 要么我老公会去看为啥停电 要么我俩各干各的等着来电,0
2025/3/15 22:13,@Kir,0
2025/3/15 22:14,他全都表现的那么明显，女的装瞎超爱的，不用可怜她,1
2025/3/15 22:16,感觉有点避嫌 刻意保持距离的意思,0
2025/3/15 22:17,对，太恋爱脑了,1
2025/3/15 22:17,可能她老婆没让他提吧 我老公出门也不会主动干嘛 但是你要求他干嘛干嘛他还是能做到的 你指望男人主动想都别想[捂脸],0
2025/3/15 22:20,也许他只是想生个混血的宝宝[捂脸],0
2025/3/15 22:23,是的，如果你叫她离婚[捂脸]她反而还会怪你的,1
2025/3/15 22:24,问一句全网有董力的粉丝吗？他咋包袱那么重呢[看],1
2025/3/15 22:24,好多？有他帅有他有钱吗？他就算在娱乐圈混的不怎么样也比上班族有钱，普通男人坏毛病和他一样，还没有他的颜值呢，他和普通男人比还是帅的,1
2025/3/15 22:25,比利時嫁中國？,1
2025/3/15 22:26,我怎么觉得没问题啊，这不就是普通的夫妻关系吗,0
2025/3/15 22:26,@用户9982505843537,0
2025/3/15 22:26,终于有人说了，就四对夫妻拍同个动作的照片，让董力亲他都不亲[捂脸][捂脸][捂脸],0
2025/3/15 22:27,就是不爱而已,0
2025/3/15 22:27,董力牌不大谱还大[捂脸],1
2025/3/15 22:30,董力是谁？我不认识,0
2025/3/15 22:31,阿诺看好他啥了？,0
2025/3/15 22:31,所以才不火,1
2025/3/15 22:32,剧本吧！要不然没话题！这种招黑都是给没啥名气的年轻人演[灵机一动],1
2025/3/15 22:32,我怎么觉得没问题啊，这不就是普通的夫妻关系吗  有些男的性格就这样比较看重自己吧[捂脸]也不是不爱不爱，不然不会有两个小孩的。,0
2025/3/15 22:33,可以参加另一个节目了,0
2025/3/15 22:34,阿诺，别恋爱脑了，醒醒吧[捂脸][捂脸],0
2025/3/15 22:37,中国巨星,0
2025/3/15 22:38,真是让人喜欢不起来[捂脸],1
2025/3/15 22:40,大的两岁了才领证，其实没多爱感觉，,0
2025/3/15 22:41,好讨厌,1
2025/3/15 22:42,yue,0
2025/3/15 22:42,好讨厌哦,1
2025/3/15 22:44,这不跟之前 cos 届很有名的外籍女模特夫妻差不多的，男的也是 PUA 女的，还劈腿，当时好多网友都在帮女生打抱不平，当时女生一直为男方说话，后来男的淹死了,1
2025/3/15 22:44,没结婚的女孩好好看看吧，应该选择什么样的老公，别恋爱脑,1
2025/3/15 22:45,所以 为什么会在一起9年 为什么会结婚呢,0
2025/3/15 22:45,这么觉得董力有别人了，所以没精力讨好老婆。,1
2025/3/15 22:45,其实我觉得他就是大直男的一种，不会掩饰有啥直说的人，不会拐弯抹角的。,1
2025/3/15 22:46,@壹视觉舞蹈摄影??,0
2025/3/15 22:47,还有拍照那，没有嘟嘴，原谅我不厚道，他这是怕粉头吃醋？还是怕大佬？[捂脸],0
2025/3/15 22:47,不是，董丽干啥的,1
2025/3/15 22:47,感觉一开始就没有多爱,1
2025/3/15 22:48,有没有一种可能是剧本，这样节目才有话题和热度[看],0
2025/3/15 22:49,最喜欢看承铉戚哥那对,0
2025/3/15 22:49,他之前上那个阿拉蕾不是很好吗，明显对这个不同,0
2025/3/15 22:50,看董力那对直接快进不看,1
2025/3/15 22:54,董力是谁啊？,0
2025/3/15 22:55,虽然但是我想说，不爱没有什么错,0
2025/3/15 22:55,所以董力是什么人物[抠鼻]十年前爸爸去哪看见过他，但一直不知道他是干嘛的,0
2025/3/15 22:55,他是不爱她[捂脸][捂脸][捂脸],0
2025/3/15 22:56,感觉嫌弃他老婆[捂脸][捂脸][捂脸],1
2025/3/15 22:57,他是干嘛的,0
2025/3/15 22:59,@阿诺_Manon 对自己好一点吧,0
2025/3/15 22:59,啥也别说了 说多了只会气自己 因为阿诺觉得很好 很开心[灵机一动],1
2025/3/15 22:59,那时参加爸爸去哪儿我就觉得奇怪，为何让他来，应该有孩子了？？只是猜测。看看过了几年后[捂脸][捂脸][捂脸],0
2025/3/15 23:00,爱不爱是人家的事，天天闲的慌[捂脸],1
2025/3/15 23:01,他是铅笔盒,0
2025/3/15 23:01,还是你勇敢[赞][赞][赞]对，我也觉得，第一次看的时候我赶紧她脸像压缩了一样的感觉[捂脸],0
2025/3/15 23:01,哎也看不懂,0
2025/3/15 23:02,是有多不爱呀？,1
2025/3/15 23:05,那个叫岛屿少年还是啥的综艺里面也是讨厌得很,1
2025/3/15 23:05,好希望这对是剧本啊～～真希望都是为了找热点写的对白和桥段。[感谢],0
2025/3/15 23:10,感觉停电了我老公会立马跑过来贴着我说怕怕[躺平]服了,0
2025/3/15 23:10,感觉这个外国友人都不好看，太瘦了,1
2025/3/15 23:11,嗯 能看上他的外国女孩不多…我虽然get不到这姑娘的颜 但是这姑娘一定是优秀的吧…优秀的外国女孩能看上他,1
2025/3/15 23:11,真傻这男的，这女的多好看,1
2025/3/15 23:12,每组夫妻爱的方式不同…,0
2025/3/15 23:15,@九重城阙烟尘生 @糯米团子^,0
2025/3/15 23:16,现实多的去奉子成婚了,0
2025/3/15 23:16,董力自己都说结婚就是因为女生怀孕了[捂脸],1
2025/3/15 23:17,感觉董力不会装，所以被营销号吸血,1
2025/3/15 23:17,爱与不爱的区别,0
2025/3/15 23:17,@心有林夕ing,0
2025/3/15 23:18,演的关注度,0
2025/3/15 23:18,[赞],0
2025/3/15 23:19,很装这个男的,1
2025/3/15 23:19,啥玩意,1
2025/3/15 23:20,他怎么能人品差成这样？？之前那个少年综艺ex人，这里更是ex的无边[冷漠],1
2025/3/15 23:20,男的感觉都不爱她了,0
2025/3/15 23:21,他根本不爱她 他只是习惯她,1
2025/3/15 23:21,妻子的浪漫旅行是不是每次都有一对离婚啊？,0
2025/3/15 23:22,@一朵大花花??,0
2025/3/15 23:22,董力是干嘛的？真心发问,0
2025/3/15 23:22,@快慢机,0
2025/3/15 23:24,够渣的,1
2025/3/15 23:24,很明显啊。董力根本不爱她啊。,1
2025/3/15 23:25,不是说一件钟情嘛[发呆],0
2025/3/15 23:26,那为什么还上节目？不知道上完节目的后果吗？,1
2025/3/15 23:28,他是不是被夺舍了[捂脸],1
2025/3/15 23:28,他面相 真的看起很不舒服… 四白眼还是下三白？ 总觉得不对劲,1
2025/3/15 23:32,[衰][衰][衰][衰],1
2025/3/15 23:32,这女的明显是被pua习惯了的表现,1
2025/3/15 23:33,可以参加再见爱人,0
2025/3/15 23:33,这样的关系早晚离婚,1
2025/3/15 23:37,问题是他媳妇觉得他当年可火了[泪奔],0
2025/3/15 23:39,不认识,0
2025/3/15 23:40,爱不爱，一看就知道,0
2025/3/15 23:40,就是不爱这个女的，只是到了年龄想结婚生孩子了，我太懂这种男人了[捂脸],1
2025/3/15 23:42,@Tikyy 哈哈哈哈哈哈,0
2025/3/15 23:43,@天使不哭泣,0
2025/3/15 23:44,不喜欢跟人家生啥孩子人家女孩子配他绰绰有余,1
2025/3/15 23:45,他媳妇都说了董对她挺好  你们说的都错了，只是他不会表达。不管对错他媳妇还是向着他 这事没啥意思 在中国留学不会什么都不知道 也不会是傻子,0
2025/3/15 23:45,再过五年她就老实了[看]拭目以待,1
2025/3/15 23:47,没事～～董～～为中国生育力加了一把火[尬笑],0
2025/3/15 23:48,镜头外肯定有人,0
2025/3/15 23:48,他真是丢人丢国外去,1
2025/3/15 23:49,可能是节目效果吧，我反正没去看，不知道是不是这样,0
2025/3/15 23:50,不知道为啥，感觉董力有二加一,1
2025/3/15 23:51,不喜欢不爱当初为什么要跟人家生孩子而且还两个,1
2025/3/15 23:52,直接上再见爱人，还上什么妻子的浪漫旅行,1
2025/3/15 23:52,上节目自黑来了,0
2025/3/15 23:53,这男的谁啊 拽得很,1
2025/3/15 23:54,嫌弃？那为什么当初要在一起,1
2025/3/15 23:56,真的是下头男啊,1
2025/3/15 23:56,为这样子的男的不值得,1
2025/3/15 23:57,我也觉得，可能带孩子带的，又太瘦了，显得老气，胖一点估计会好看很多,1
2025/3/15 23:57,有人说这是外国人被骗的最惨的一次,1
2025/3/15 23:59,还有人说他是直男所以才这样[捂脸]我真的想吐……明明是不在乎竟然说是直男才这样，我记得刷到一个视频说其实没什么所谓的直男，如果遇到这种人只是他还没有那么爱你（千万别听嘴上说的，然后行为却不做很恐怖[捂脸]）,1
2025/3/15 23:59,我感觉董力不是不喜欢他太太。董力是讨厌和嫌弃他太太。,1
2025/3/15 23:59,董力习惯性阿洛的爱和主动所以呢，一个愿打一个愿挨呗，也没啥，,1
2025/3/15 23:59,其他人也有可能是演的，但这个就是明显的嫌弃,1
2025/3/16 0:00,什么人都会有粉丝（毕竟社会之大什么“观”的人都有[看]）,0
2025/3/16 0:00,看上他啥了,1
2025/3/16 0:00,@满脑王嘉尔,0
2025/3/16 0:02,她妹还好看点,1
2025/3/16 0:02,@董大力 [捂脸],0
2025/3/16 0:04,不喜欢不珍惜，还要开始，耽误别人，让对方觉得要忍让去迁就他，这些这种男的真的多，他们能不能自己过，不要找对象，伤害太多[暗中观察],1
2025/3/16 0:06,都不认识他，他谁呀,0
2025/3/16 0:06,他是不是在为谁守身[黑脸],1
2025/3/16 0:07,他岛屿少年也讨厌,1
2025/3/16 0:07,黑粉一大堆，,1
2025/3/16 0:08,我也没办法天天跟男朋友腻歪，特别还是在镜头前，我会躲,0
2025/3/16 0:09,@愤怒的农村人916,1
2025/3/16 0:11,现在的人啊，真实也被喷，秀恩爱也被喷。,0
2025/3/16 0:11,《爸哪》带阿拉蕾的时候就看出来了,0
2025/3/16 0:13,他到底是谁啊,0
2025/3/16 0:15,这是有外遇了吧,1
2025/3/16 0:17,@就想改个名字,0
2025/3/16 0:17,恋爱脑，没得救 [泪奔],1
2025/3/16 0:18,之前上爸爸去哪儿都已经觉得他很嫌弃很不喜欢照顾别人。,1
2025/3/16 0:19,剧本，大家看个乐就行了[捂脸],0
2025/3/16 0:21,又直男，又自私，又傻。,1
2025/3/16 0:21,过几个月，就可以上再见爱人了！,0
2025/3/16 0:22,他应该去参加再见爱人,1
2025/3/16 0:24,@黑芝麻汤圆,0
2025/3/16 0:25,离吧,1
2025/3/16 0:25,他是为了上下一季《再见爱人》做铺垫吗？,0
2025/3/16 0:25,@橘子味少女,0
2025/3/16 0:26,就是不爱,1
2025/3/16 0:26,渣男 没感情你早干嘛了 又想赚这钱 又懒得演 演都懒得演 你是多讨厌你老婆 那你干嘛和人家结婚呢 渣男 净身出户吧 但可能也没啥钱,1
2025/3/16 0:26,不辩解显得她也是错的[捂脸],1
2025/3/16 0:27,刘烨和安娜也有两个小孩，但是他们上节目就能流露出爱情，花样爷爷节目里不知道都亲了多少回了,0
2025/3/16 0:28,直接说不行吗还二加一[泪奔],1
2025/3/16 0:28,二加一是什么意思,0
2025/3/16 0:30,天呐，我以前看他和阿拉蕾的时候还挺喜欢的，咋是这样的啊,0
2025/3/16 0:31,下三白眼睛的死男人[酷拽],1
2025/3/16 0:32,明显不爱[捂脸],1
2025/3/16 0:37,他想带自己的混血宝宝 参加爸爸去哪儿 翻火吧[看],0
2025/3/16 0:37,他说一见钟情，没见他有多爱[灵机一动][灵机一动],0
2025/3/16 0:39,他对她真的是一点点爱意都感受不到，但是她坚信男的是爱她的，而且她好像又很心甘情愿被pua,1
2025/3/16 0:39,直接从这个家里把这个男人踢出去，净身出户吧，孩子自己带[微笑][微笑],1
2025/3/16 0:39,终于看到韩庚也成大叔了,0
2025/3/16 0:40,还不懂？1+2=多少,0
2025/3/16 0:41,我不知道她是怎么坚信他爱她的[捂脸],0
2025/3/16 0:41,说不定真的有可能[看]这个点,0
2025/3/16 0:41,和她生了两个娃[捂脸],0
2025/3/16 0:42,他只是想要人看到他娶了个外国人吧,1
2025/3/16 0:43,就是不爱还来什么浪漫旅行圈钱，离婚得了,1
2025/3/16 0:47,还好找国外的，中国人找不到[捂脸],1
2025/3/16 0:49,懂力  那眼睛像  看人总是 感觉像看后面的人,1
2025/3/16 0:49,为什么要在神圣家族赎罪大教堂门口拍接吻照,1
2025/3/16 0:55,他真的不爱[发呆],0
2025/3/16 0:56,真的不懂，既然这样参加这个综艺干什么，其他季也没出现过这种无语的男人。明明就是秀恩爱的节目啊,1
2025/3/16 0:57,他是演员？歌手？还是 ……,0
2025/3/16 0:57,击剑运动员，不参加爸爸去哪儿谁认识他啊，后期也没任何消息。不知道哪里火了，现在出来还糟心,1
2025/3/16 0:59,@unique.? 真的不是一般的讨厌他,1
2025/3/16 0:59,还好我看了前一集，一看到他的部份立暂停跳过。后来的就干脆不看了[捂脸],0
2025/3/16 1:00,就是不爱吧,0
2025/3/16 1:00,当时董力和孙丞潇的那个综艺就已经对他很反感了,1
2025/3/16 1:03,@我又来看美女来啦 @比如你,0
2025/3/16 1:03,不喜欢那为啥还要跟人家结婚呢[暗中观察]，,1
2025/3/16 1:05,像个小孩似的,1
2025/3/16 1:08,感觉她就是为了找个来替他生娃的人,1
2025/3/16 1:09,太下头了,1
2025/3/16 1:09,是的 这女的也是恋爱脑,1
2025/3/16 1:09,这男的真的够够的了,1
2025/3/16 1:10,是啊,0
2025/3/16 1:11,他之前和金莎男友参加的那个节目不就很讨厌吗[看],1
2025/3/16 1:11,不喜欢他,1
2025/3/16 1:11,不装了，迟早的事,1
2025/3/16 1:11,这男的一点责任心都没有 演都懒得演了,1
2025/3/16 1:12,我感觉是他怕这个节目播出去之后，那个情人看到了生气[大笑],0
2025/3/16 1:13,嫌弃为什么会在一起,1
2025/3/16 1:14,因为有孩子,0
2025/3/16 1:15,是啊 他自己说的,0
2025/3/16 1:16,你们心疼阿诺，阿诺心疼董力,0
2025/3/16 1:17,离婚是迟早的事[尬笑],1
2025/3/16 1:19,我记得当时董力说是因为怀孕结婚，感觉他就有很深的怨气，好像就是被女方下了套导致怀孕，不求婚没有婚礼就是为了惩罚她，如果不是她和孩子也许自己会成为顶流！这应该就是他内心的想法吧！他就是一个普信男，长的很普通说话也不玲珑，挺招人厌的,1
2025/3/16 1:20,还有公众号洗白呢[看],1
2025/3/16 1:22,他可能真的不爱吧，不爱请别伤害,0
2025/3/16 1:26,董力也不帅啊，不喜欢这种眯眯眼,1
2025/3/16 1:28,自己的老婆都不亲，天啊，看他那个死样子，嘴巴都不嘟一下。,1
2025/3/16 1:29,这男人感觉就只爱他自己，感受不到一点温暖的地方,1
2025/3/16 1:30,还不是阿拉蕾给他的咖位[捂脸],0
2025/3/16 1:35,他是不是来错节目了，应该参加那个节目结束就离婚那个,1
2025/3/16 1:35,@断,0
2025/3/16 1:35,不喜欢人家还让她怀孕[捂脸][捂脸][捂脸],1
2025/3/16 1:39,他应该去参加再见爱人,1
2025/3/16 1:39,@董大力 你看你像话不,1
2025/3/16 1:39,这哥们一副三角眼，眼白又多，看着真是不像好鸟,1
2025/3/16 1:44,面相就不好,1
2025/3/16 1:44,，,0
2025/3/16 1:45,@HL [衰],1
2025/3/16 1:45,偶像包袱太重，但又想挣钱,1
2025/3/16 1:47,没苦硬吃的恋爱脑[宕机],1
2025/3/16 1:47,董力到底是做什么的,0
2025/3/16 1:49,董力是干啥的？,0
2025/3/16 1:52,这个阿诺从脸上就看不出有什么幸福感,1
2025/3/16 1:54,来干嘛呢…我到时看你后边怎么洗白,1
2025/3/16 1:55,这种男人真的不值得，早点离开，对你有好处,1
2025/3/16 1:58,他媳妇说：你们不要可怜我。这句话含金量还在上升，一个愿打一个愿挨,1
2025/3/16 1:59,他就是不爱啊 逼他也没用[微笑],0
2025/3/16 2:00,黑红也是算红了 至少有点存在感,0
2025/3/16 2:04,岛屿少年！！！只要看过的人都忍不住骂董力两句,1
2025/3/16 2:04,嫌弃，为啥有孩子,1
2025/3/16 2:11,董力外面没女人，俺都不信！,1
2025/3/16 2:11,我也第一次知道有这个人[捂脸],0
2025/3/16 2:11,董力像大头,0
2025/3/16 2:19,爸爸去哪儿的时候就不喜欢他,1
2025/3/16 2:21,这人是谁。。,0
2025/3/16 2:21,[眼含热泪][眼含热泪][眼含热泪]一定要这样红吗,0
2025/3/16 2:22,他就是不爱她啊，你看看如果遇到别的人会这样吗,0
2025/3/16 2:25,感觉他在明显的为另一个2+1守身如玉 是很在乎的那种走心的 还不是随便搞搞的 连演都不想演 男的那么抗拒老婆肢体接触即便不爱了也能装爱 会演 但这种抗拒亲吻就是嫌弃 估计都很久没有夫妻生活了,1
2025/3/16 2:27,又一个杨子[捂脸],0
2025/3/16 2:27,人品问题唉[尬笑][尬笑]岛屿少年里就能看出来,1
2025/3/16 2:28,动力就是家里红旗不倒外面彩旗飘飘[呲牙],1
2025/3/16 2:29,回到9年前你也就那样，能起飞到哪[尬笑][尬笑][尬笑]！啥自信,1
2025/3/16 2:33,韩庚和胡静那两对才是真实情感[他急了]谁说演的，难道董力不像演吗[看]有点勉强的那种感觉,1
2025/3/16 2:36,"嫁对人,你咳嗽一声他都知道你不舒服，嫁错人,你上吊他还以为你荡秋千[流泪]",0
2025/3/16 2:37,不要随便评论别的好坏，不管咋样都是人家家事，网络暴力的危害案例比比皆是，让他们自己处理，操不着这心，净化网络环境，反对网络暴力，从你我他做起，从每一个小事做起，因果自然会到，我们就管好自己别瞎凑热度,0
2025/3/16 2:39,自己乐意,0
2025/3/16 2:40,应该是不爱,1
2025/3/16 2:44,九年他早就不爱了[你不大行]谁都能看出来 他就是大多数普通男性婚后对老婆的态度 看见他那死样子仿佛看到了我以后,1
2025/3/16 2:54,没领证就生孩子。。。,1
2025/3/16 2:58,董力是不想参加再见爱人参加错了啊[疑问],0
2025/3/16 3:07,@董大力 真恶心,1
2025/3/16 3:08,所以你在说什么？？？我未婚未育好吗,1
2025/3/16 3:10,爱人如养花,0
2025/3/16 3:11,他上那个什么综艺后就对他没什么好印象,1
2025/3/16 3:24,上错节目了吧 重新上再见爱人,1
2025/3/16 3:28,董力是谁？这什么人？请来干嘛？都不认识他！,1
2025/3/16 3:41,董力真的有一种爱得很敷衍的感觉，但阿诺却对他爱得很浓很深…,0
2025/3/16 3:48,老挣钱了,0
2025/3/16 3:50,？我说的董力啊,0
2025/3/16 3:51,我没说你，只是补充一下[宕机]，？？？？？,0
2025/3/16 3:52,啥意思？没说你的意思哈。,0
2025/3/16 3:53,他是谁？根本不认识,1
2025/3/16 3:53,你的婚姻我没权过问，别误会，求,0
2025/3/16 3:54,而且他俩是二胎没领证,1
2025/3/16 4:01,他的小红书的评论区一片祥和，全是水军[捂脸][捂脸][捂脸],1
2025/3/16 4:02,只是越想越气，你未婚未育关我什么事情，不要戾气太重,1
2025/3/16 4:08,全世界都看得出来，这女的看不出来怪那个，最看不得恋爱了。我喜欢看爽文。,1
2025/3/16 4:11,[捂脸],0
2025/3/16 4:27,他是不是觉得中国女孩不好骗，跑去骗外国女孩,1
2025/3/16 4:32,这种人一般只爱自己的,1
2025/3/16 4:36,董力来这节目只是为了他自己，为了他自己的名气而已，以为自己有多红似的,1
2025/3/16 4:38,就算是没别人，不爱就是不爱，永远叫不醒一个装睡的,0
2025/3/16 4:38,实不相瞒，本来很喜欢这节目，就是有他才不看[酷拽]，满脸写着“渣男”,1
2025/3/16 4:41,哦[宕机]对不起你别急,0
2025/3/16 4:47,董力:我玩玩的，你当真了？,0
2025/3/16 4:49,三白眼 能是什么好东西,1
2025/3/16 4:51,呃,0
2025/3/16 4:54,为什么要来参加呢,0
2025/3/16 5:03,董力就是觉得她长得不好看配不上他，刻意回避她的，他啥都知道，知道他的某些做法妻子不开心，他就是故意这样来表达自己对她的不满，觉得是他吃亏的，这样才能让阿诺内疚，他才能心安理得的享受着阿诺对服务。一句话表是就是你欠我的,1
2025/3/16 5:06,董力就是觉得她长得不好看配不上他，刻意回避她的，他啥都知道，知道他的某些做法妻子不开心，他就是故意这样来表达自己对她的不满，觉得是他吃亏的，这样才能让阿诺内疚，他才能心安理得的享受着阿诺对服务。一句话表是就是你欠我的,1
2025/3/16 5:07,赚钱啊,0
2025/3/16 5:08,董力就是觉得她长得不好看配不上他，刻意回避她的，他啥都知道，知道他的某些做法妻子不开心，他就是故意这样来表达自己对她的不满，觉得是他吃亏的，这样才能让阿诺内疚，他才能心安理得的享受着阿诺对服务。一句话表是就是你欠我的,1
2025/3/16 5:09,因为夸大你的缺点你就会不自信，从而打消亲亲的念头,1
2025/3/16 5:10,董力就是觉得她长得不好看配不上他，刻意回避她的，他啥都知道，知道他的某些做法妻子不开心，他就是故意这样来表达自己对她的不满，觉得是他吃亏的，这样才能让阿诺内疚，他才能心安理得的享受着阿诺对服务。一句话表是就是你欠我的,1
2025/3/16 5:10,确实,0
2025/3/16 5:11,我不知道你们看没看过一个综艺岛屿少年，我一看到这个董力，我就炸，[捂脸]好不喜他,1
2025/3/16 5:11,他现在就是嫌弃阿诺颜值下降了，撒娇都下意识排斥,1
2025/3/16 5:11,董力就是觉得她长得不好看配不上他，刻意回避她的，他啥都知道，知道他的某些做法妻子不开心，他就是故意这样来表达自己对她的不满，觉得是他吃亏的，这样才能让阿诺内疚，他才能心安理得的享受着阿诺对服务。一句话表是就是你欠我的,1
2025/3/16 5:15,不辩解董力私下里肯定给她甩脸子，都是你xxx我又被骂,1
2025/3/16 5:16,阿诺说她很幸福你们不要可怜她,0
2025/3/16 5:20,董力以为自己是鹿晗呢？[捂脸],1
2025/3/16 5:21,那俩是明星吗？,0
2025/3/16 5:23,董力这种眼型[九转大肠],1
2025/3/16 5:23,董力不是在岛屿少年就塌房了吗[捂脸],1
2025/3/16 5:25,人不是最红的，偶像包袱最重的,1
2025/3/16 5:43,其他才是真人秀，董力是生活，女人就是太喜欢美好了，现实谁家不一地鸡毛,0
2025/3/16 5:47,这是不爱,1
2025/3/16 5:57,赶紧离开这男的吧。你值得更好的,0
2025/3/16 5:59,那男的那么嫌弃怎么不离婚啊,1
2025/3/16 6:02,咋让他来参加节目，阿诺很可悲,1
2025/3/16 6:10,不理解董力这种人为什么还能上节目,1
2025/3/16 6:21,董力在为下一季《再见爱人》预热,0
2025/3/16 6:23,算了 直接离婚吧 这样干嘛呢一看就是腻了,1
2025/3/16 6:30,@老时间,0
2025/3/16 6:32,爱和不爱很明显,0
2025/3/16 6:34,都不认识他,0
2025/3/16 6:34,上错节目了，应该去《爱情保卫战》。,0
2025/3/16 6:35,他完全不想是自己的问题,1
2025/3/16 6:40,感觉董力和张雨剑是一样的面相,0
2025/3/16 6:48,你们以为董力不知道吗？他不过是想既要也要罢了。他想挣这份钱，又想要脸面，只能装傻，还反向pua了。要不怎么为下一个节目预热呢[看],1
2025/3/16 6:50,这个真的不认识[泪奔],0
2025/3/16 6:52,铅笔盒什么意思,0
2025/3/16 6:56,哈哈哈哈哈那没毛病[捂脸],0
2025/3/16 6:58,说别人的同时，想想我们自己，是不是除了我们自己，其他人都能看得出来，你的另一半到底爱不爱你自己，只有我们自己看不到,0
2025/3/16 7:01,肯定会离婚等着吧,1
2025/3/16 7:08,你们这些人，拿别人长相攻击人，把你们照片发出来给网友看看是什么绝世美人。,1
2025/3/16 7:09,可是现实中大部分夫妻相处模式都是董那样的吧,0
2025/3/16 7:10,他好像更合适再见爱人[抠鼻],0
2025/3/16 7:11,一个愿打一个愿挨,0
2025/3/16 7:14,按照综艺节目属性，后期就会秀恩爱[捂脸],0
2025/3/16 7:16,我觉得她脸胖一点，换个发型应该会好看[泣不成声],0
2025/3/16 7:22,@多啦诶梦  董可能怕后面厉害会被人翻车 不敢太亲密,1
2025/3/16 7:26,不爱能有两孩子吗,1
2025/3/16 7:30,快去参加隔壁节目 再见爱人！！！,0
2025/3/16 7:33,要不说他跑错了 应该去 再见爱人[不失礼貌的微笑][打脸][打脸][打脸],1
2025/3/16 7:35,有没有可能他想红想疯了，觉得黑红也是红,1
2025/3/16 7:39,董力情商不高不会说话，但绝对对阿诺真心,1
2025/3/16 7:46,董力感觉对阿诺没有感情，好陌生的感觉。参加错节目了吧！一点对阿诺都不好！[微笑][微笑][微笑],1
2025/3/16 7:47,爱与不爱一眼就能看出来，可能外国人和我们国人对待爱情不一样吧,0
2025/3/16 7:48,是因为要上这个节目吧，才领证吧,1
2025/3/16 7:49,他跟她结婚应该就是因为突然怀孕了吧[泣不成声][泣不成声][泣不成声],1
2025/3/16 7:49,他是干嘛的，如果不是这个节目我都不知道这号人[呲牙][呲牙],0
2025/3/16 7:49,你说很火的演员隐婚，隐恋还能理解。。。,0
2025/3/16 7:49,只能说女孩子要爱自己,0
2025/3/16 7:53,@五元不洗澡???（喜欢的人都见过版） @??倩儿bx?. 我看了，其他三对儿夫妻都好甜的，这个人哎,1
2025/3/16 7:55,这人到底谁啊？为啥资源这么好，也不是奥运冠军啊,1
2025/3/16 7:56,先参加妻子浪费婚礼，再参加再见爱人。,1
2025/3/16 7:56,会 十年了,0
2025/3/16 7:57,我直接不看他俩[绝望的凝视][绝望的凝视][绝望的凝视]  对阿诺没有一点儿意见  纯粹是因为男的,1
2025/3/16 8:02,董力可以把自信的阿诺变成节目里唯唯诺诺的阿诺，外国人都热情啊，但经过9年pua...挺可怜的,1
2025/3/16 8:06,阿诺爱的要命,0
2025/3/16 8:07,我都不知道他是干啥的[泪奔],0
2025/3/16 8:08,第一集就觉得他没眼看，奇怪感溢出屏幕。,1
2025/3/16 8:09,他媳妇可以出道了，甩了他,1
2025/3/16 8:15,腻了,0
2025/3/16 8:16,有一种一直不喜欢的人终于被人发现的感觉[暗中观察],1
2025/3/16 8:16,同行人都看不惯，他还抱怨网友对他声音太大,1
2025/3/16 8:17,赶紧分开的阿诺,1
2025/3/16 8:18,他是干啥的,0
2025/3/16 8:20,恋爱脑。,1
2025/3/16 8:22,别以为独处多男人就在意,1
2025/3/16 8:27,他如果离婚他怕自己再也不能上综艺了,1
2025/3/16 8:28,以前看见他带阿拉蕾的时候，我觉得以后他一定会很疼老婆和孩子,0
2025/3/16 8:30,肯定出轨了,1
2025/3/16 8:31,那个海岛的综艺就看出了，董力这么多年了还是“新人”的原因。,0
2025/3/16 8:33,就是不爱 这种男的太恶心了 不行你离婚得了呗,1
2025/3/16 8:34,就是就是[酷拽],0
2025/3/16 8:35,真老实！让亲都不愿意亲，是有多嫌弃[不失礼貌的微笑],1
2025/3/16 8:35,等大伙给他喷火了以后，人家再翻盘，再秀恩爱，电视节目看看得了，被耍多少次也不长记性,1
2025/3/16 8:36,所以说尊重祝福锁死,0
2025/3/16 8:36,七年之痒？,0
2025/3/16 8:36,运动员害羞吧,0
2025/3/16 8:37,阿诺太主动了，轻易得到不会珍惜,0
2025/3/16 8:37,活该他不火,1
2025/3/16 8:37,@Jammy呀,0
2025/3/16 8:37,董力之前拍那个干活的节目不也是没力气吗，空有一个大楞个,1
2025/3/16 8:39,互联网没有记忆，到时又会有人说，没喷过董力的已经超过99%的网友，每次都是这一套[我想静静],1
2025/3/16 8:42,一直对这个董男无感,1
2025/3/16 8:44,董是谁？没听说过[捂脸],0
2025/3/16 8:44,可是那个啊诺自己发的视频说自己很幸福，大家不要心疼她[尬笑],1
2025/3/16 8:45,哎,0
2025/3/16 8:47,比利時竟然嫁中國？,1
2025/3/16 8:49,他都这样了，为什么还要嫁（无名无分）给他跟他在一起？,1
2025/3/16 8:52,女的就是配不上男孩呀，男生很优秀,1
2025/3/16 8:57,他来妻子烂漫旅行是提供话题讨论量的吧[捂脸],1
2025/3/16 8:57,其他几对眼神对视的时候都含情脉脉，诺她看董的时候，别看董眼睛小，但明显能看出来眼珠子滴溜乱转，心理不知道心思啥呢ni,0
2025/3/16 8:59,不认识他，所以搞奇葩人设？黑红也是红？,1
2025/3/16 8:59,上错节目了吧，他俩不适合这烂漫的节目,1
2025/3/16 9:00,女孩子也有问题啊，被这样对待的话，应该后退了，还往前凑。这样的话，肯定会被嫌弃的。尤其是当所有人都批判董力的时候，董力会跟嫌弃和反感阿诺的。,1
2025/3/16 9:02,想回到九年前不就是说回到那时候有机会不开始这段恋情吗,0
2025/3/16 9:03,我那时候也奇怪，怎么亲鼻子和上嘴唇中间,0
2025/3/16 9:06,他录爸爸去哪的时候就不喜欢他,1
2025/3/16 9:17,爱与不爱 很明显,0
2025/3/16 9:17,我的男朋友也是这样,0
2025/3/16 9:19,挺好看啊,0
2025/3/16 9:19,@东北饺子店 @750发财,0
2025/3/16 9:20,之前做模特的时候很好看 现在的她 憔悴感 就像吴倩生娃后那时候很憔悴眼窝都凹进去了 她没生娃之前脸部很饱满很好看的,1
2025/3/16 9:23,第一次看到对自己妻子有偶像包袱的人[尬笑],0
2025/3/16 9:24,这节目最后他绝对有反转[捂脸],0
2025/3/16 9:25,他可能是存在很多问题，但是节目中也都会在老婆身边，在外面也还是会牵手的啊，怎么网友恶意会这么大，鞋合不合适都是穿的人知道，有什么爱不爱的，能在一起这么多年就是有感情的，阿诺自己觉得幸福就说明生活中也有感到被爱,0
2025/3/16 9:33,[尬笑]人家一个愿打一个愿挨，网友管太宽了啊…管人家家事干嘛[尬笑],0
2025/3/16 9:34,董力要上那个节目是不是，网友咱们能给他们喊离婚了[捂脸],1
2025/3/16 9:35,芒果台老套路，已经见怪不怪了[泪奔],1
2025/3/16 9:36,不是他想黑红[尬笑]我们只会让他黑不会让他红,1
2025/3/16 9:38,董力是怕另一个女生看到会找他麻烦，他这样做是怕不想被看到的人看到,0
2025/3/16 9:40,欣赏不来,0
2025/3/16 9:40,董力：等下亲亲，粉丝看到了会伤心，我对粉丝可真好呢,0
2025/3/16 9:44,不爱了，太正常了[泪奔],0
2025/3/16 9:44,对，女孩真的很好[求抱抱],0
2025/3/16 9:47,@只想早睡,0
2025/3/16 9:47,他是干啥的,0
2025/3/16 9:48,这人表现出来的感觉好像张雨剑,0
2025/3/16 9:48,如果是剧本那我相信，如果不是真的肉眼可见的肢体接触僵硬甚至反感亲近阿诺，事实怎么样并不知道，演的话恭喜你导演成功转身选你[微笑],1
2025/3/16 9:49,可以上再见爱人了[泪奔],0
2025/3/16 9:51,不是他的粉，但是生活中大多男人这样，给不了女人情绪价值，,0
2025/3/16 9:55,不认识他，如果不是这个节目，我还不知道有这号“人物”,0
2025/3/16 9:55,他是不是走错棚了，隔壁”再见爱人”？,1
2025/3/16 9:55,这阿诺也是脑子进水了 不然怎么一头栽进去,1
2025/3/16 9:57,他想回到九年前，估计是他觉得自己九年前是特别特别特别火，那时候可能就不会被批判罢了,1
2025/3/16 9:58,好男人那么多，阿诺再看看[泪奔],0
2025/3/16 9:59,击剑运动员，现在应该已经退役了。别的不知道,0
2025/3/16 9:59,阿诺自己也挺优秀的，恋爱脑，哎，没遇到一个珍惜自己的人,0
2025/3/16 10:00,@Yoki,0
2025/3/16 10:00,所以说，运动员本身就没啥好东西[呲牙]搞不懂干嘛整天这样追捧,1
2025/3/16 10:01,董力想去的节目应该是再见爱人吧,0
2025/3/16 10:02,早退役了，不知道谁给他立的人设,1
2025/3/16 10:04,为什么要请这人啊，这人谁啊，明星吗,1
2025/3/16 10:07,我只知道阿拉蕾,0
2025/3/16 10:08,到底是谁给他的自信[捂脸],1
2025/3/16 10:14,谁都会不舒服，婚礼都没有给人伴,1
2025/3/16 10:17,谁都认识,0
2025/3/16 10:22,董力就是学识和见识最多到初中水平吧,1
2025/3/16 10:25,能不能让他下车,1
2025/3/16 10:27,[绝望的凝视]我们在讨论女的好不好看,1
2025/3/16 10:27,他以为他的女粉丝在意,1
2025/3/16 10:28,怎么是歌手了,0
2025/3/16 10:29,我看了，太平鸟平面模特么，是吧..还是跟好看挂不上..但是确实比现在好看，老外老的是真快。,1
2025/3/16 10:30,我个人觉得 他认为自己名气不如那几对 想出名就得走反路 被喷 他就能火,1
2025/3/16 10:30,就是不爱，但又不想自己主动说离婚，继续摆烂在等女方主动说离婚，这样就能说是女方想离婚，不是自己的错,1
2025/3/16 10:31,好心疼这个外国女孩呀，漂洋过海，终究还是错付了,0
2025/3/16 10:33,他想回到九年前还有人气的时候，那时他没孩子没妻子有人气有自由！理解阿诺为什么说害怕上节目董力受伤！,0
2025/3/16 10:33,就是啊[尬笑],0
2025/3/16 10:34,就是不爱,1
2025/3/16 10:34,不爱了,0
2025/3/16 10:35,@董力,0
2025/3/16 10:37,阿诺太瘦了吧,0
2025/3/16 10:38,这种男的就是冷暴力，想逼着女方自己说出来离婚，自己就没有任何错误，女人好难啊，不被爱的时候还要被拖着[泣不成声],1
2025/3/16 10:41,???,0
2025/3/16 10:43,不喜欢了，离婚了你们又不给，服了，人家是人啊,1
2025/3/16 10:45,确实，如果是真的喜欢人家姑娘应该会先结婚，而不是因为有了孩子才选择结婚，也不是为了节目才公开,0
2025/3/16 10:45,这个很正常 上海这边很多只领证 包括我 婚礼没必要买对对戒和钻戒就够了 我老公想拍结婚照我都不愿意[捂脸],0
2025/3/16 10:47,把感觉去掉，对阿诺是嫌弃,1
2025/3/16 10:52,偶像包袱太重了,0
2025/3/16 10:53,那就别在一起啊[捂脸][捂脸][捂脸]董力咋想的[捂脸][捂脸][捂脸][捂脸]这女的也是情痴一个,0
2025/3/16 10:54,董力是干嘛的 其他几对我都知道[晕],0
2025/3/16 10:55,你只是普通人，他们是公众人物，那上海明星多了去了,1
2025/3/16 10:56,女的太爱他了,0
2025/3/16 10:56,抖里面搜出来[捂脸],0
2025/3/16 11:06,可是，他老婆还说他好话啊觉得他很好啊[暗中观察]一个愿打一个愿挨，外人能咋地,1
2025/3/16 11:12,不认识这个人,0
2025/3/16 11:20,董力到底干啥的？[酷拽],0
2025/3/16 11:21,我也感觉一般,0
2025/3/16 11:21,真的好像没感觉到爱女生，拍照片是看得巨尴尬的,1
2025/3/16 11:23,阿诺挺好的，咋看上他了,0
2025/3/16 11:26,那为什么又要她呢？,1
2025/3/16 11:26,阿诺几岁啊,0
2025/3/16 11:26,感觉董力和阿诺应该去参加《再见爱人》[捂脸],0
2025/3/16 11:26,他为啥要来上这个节目，他不应该去上再见爱人吗[尬笑],1
2025/3/16 11:28,下一季的再见爱人估计有他俩[捂脸],0
2025/3/16 11:30,终于有人觉得董力不对劲了！,0
2025/3/16 11:32,这种男的到底谁在爱啊 醒醒吧阿诺,1
2025/3/16 11:33,他不爱  而且他准备逃离,1
2025/3/16 11:34,人家导演知道观众想看什么 热度高,0
2025/3/16 11:35,为什么要生两个孩子哎,0
2025/3/16 11:36,这么勉强，分了算了，阿诺清醒一点,1
2025/3/16 11:37,可能是想的是回到九年前 还是单身好[泪奔],0
2025/3/16 11:37,@刘皮哄哄? @??Tristen,0
2025/3/16 11:38,@L,0
2025/3/16 11:40,所以他上这个节目是……给再见爱人做铺垫吗[捂脸],0
2025/3/16 11:42,我感觉他已经不想继续生活下去了,1
2025/3/16 11:44,他有其他人吧[抠鼻],1
2025/3/16 11:46,每个人都有自己生活方式啊 不是明星一定要办婚礼 求婚的,0
2025/3/16 11:48,你去看看节目吧,0
2025/3/16 11:49,@阿诺_Manon,0
2025/3/16 11:50,他为啥来呀？要啥没啥,1
2025/3/16 11:50,我没觉得他有啥问题啊[捂脸]他只是比较直接而已，相当于现代人说的“情商低”，但是普通人大部分都是这样的啊。爱情可以亲亲热热的，也可以理性的，为啥非得亲亲抱抱才像真爱[泪奔]其实各自有各自的空间也是一种爱，大部分网友还是挺喜欢幻想的，其实明星也是凡人，在电视里演戏也挺累的[捂脸]我觉得他没啥毛病。,0
2025/3/16 11:50,她应该也知道他不爱，但是女的是爱男方的应该不在乎男的爱不爱，得到就行了[捂脸],1
2025/3/16 11:51,有种怕2+1不高兴的感觉！！！,1
2025/3/16 11:51,不是亲，只是碰，他一点都没有要亲的意思,0
2025/3/16 11:52,那也是女的没眼光,1
2025/3/16 11:54,因为??,0
2025/3/16 11:55,他还停留在爸爸去哪儿,0
2025/3/16 11:56,跟岁数没关系[泪奔],0
2025/3/16 11:59,所有的表现都只能一句话概括 不爱！！！！！,1
2025/3/16 12:02,毕竟是公共场合又是节目再怎么不好又没离婚该给的面子也得给，女人怎么会不知道一个男人对自己好不好，镜头前还是要维护下就当做场面话也要,0
2025/3/16 12:03,我说我要死了，我老公也不会听见[捂脸],0
2025/3/16 12:03,@今天瘦了吗 [尬笑],0
2025/3/16 12:03,这女的乐意，大家都不乐意了[捂脸],1
2025/3/16 12:06,就是不爱,1
2025/3/16 12:07,节目上能给我们看到的永远都是剧本,1
2025/3/16 12:08,他是谁,0
2025/3/16 12:09,没有他，这个节目垮了,0
2025/3/16 12:09,@陈雨浓 @董大力 我就说董力是通讯录吧。,1
2025/3/16 12:09,我也没求婚，没订婚，没婚礼[泣不成声],0
2025/3/16 12:10,@董大力,0
2025/3/16 12:10,看见大家都讨厌他我就放心了,1
2025/3/16 12:12,@ItsmeAng_??,0
2025/3/16 12:13,开始有多甜蜜，结果就有多残酷,0
2025/3/16 12:13,可以参加再见爱人,0
2025/3/16 12:15,绝对是,1
2025/3/16 12:18,肯定妈宝，没担当的男人，要别人照顾他,1
2025/3/16 12:19,他不会就想要个混血儿吧,1
2025/3/16 12:20,他不会以为他这么讨人嫌是因为谈恋爱吧,1
2025/3/16 12:23,阿诺自尊心都没了,1
2025/3/16 12:23,廋版杜海涛,1
2025/3/16 12:25,外国人也会恋爱脑吗[笑哭],0
2025/3/16 12:26,可是，不爱她怎么会娶她跟她一起生活九年？不爱她怎么会生两个孩子？,0
2025/3/16 12:27,董力是谁,0
2025/3/16 12:27,有一类这种传统自私上海小男人,1
2025/3/16 12:27,他都想让阿诺自动离开了。,1
2025/3/16 12:28,这不很明显吗,0
2025/3/16 12:30,他老婆是淘宝模特，在江浙沪一带，那些说要找外国老婆的可以去偶遇，看了这个节目发现她们其实很好忽悠[捂脸]，不要以为她们又高又漂亮穿着打扮潮就觉得她们高冷难追[捂脸],1
2025/3/16 12:31,是不是外面有人了，不喜欢一个人了就会连身体接触都不愿意,0
2025/3/16 12:31,他是不是自以为不让粉丝吃醋啊[噢买尬]这个行为无法理解,1
2025/3/16 12:31,董力是谁,0
2025/3/16 12:31,这个女生好像是恋爱脑…她还安慰他老公不要看恶评[衰],1
2025/3/16 12:32,女人的脸能看出来她过的好不好…对比显而易见,1
2025/3/16 12:33,既得利益者啊，享受被崇拜被照顾，无痛当爹呗，这很难理解吗,1
2025/3/16 12:33,阿诺一厢情愿啊[捂脸],0
2025/3/16 12:34,都不知道他是谁,1
2025/3/16 12:34,我觉得吧 他能带啊诺参加节目还是蛮好的。虽然节目里看着特别讨打,0
2025/3/16 12:36,@董大力,0
2025/3/16 12:37,你说是就是咯,0
2025/3/16 12:38,把在爸爸去哪儿的好感一下败光了,1
2025/3/16 12:39,完全不认识董力 因为这个认识,0
2025/3/16 12:42,本来想刷一波好感，没想到一堆的黑料[泪奔],1
2025/3/16 12:43,不喜欢为什么要在一起,1
2025/3/16 12:45,@董大力,0
2025/3/16 12:49,参加节目可以赚钱,0
2025/3/16 12:49,不是，他以为自己多火？还她被攻击，网友怎么会攻击阿诺[看],1
2025/3/16 12:50,该她的啊[尬笑],1
2025/3/16 12:50,董力是谁啊，我感觉他也没火过，一直拿着若干年前的击剑运动员说到现在，他咋不反思自己呢,1
2025/3/16 12:50,得到了就不稀罕了,0
2025/3/16 12:51,他绝对有更喜欢的女人,1
2025/3/16 12:51,腻了吧,1
2025/3/16 12:53,不爱就不要在一起，,0
2025/3/16 12:55,他说他上这个节目官宣结婚了后，他的一个粉丝站关了[捂脸][捂脸][捂脸][捂脸]有点无语。他真的比明星偶像包袱还重。,1
2025/3/16 12:56,为什么让他上节目,1
2025/3/16 12:57,他俩来这节目只是先来混脸熟的 应该已经签了再见爱人吧[捂脸],0
2025/3/16 12:57,这个节目上完婚姻高危了,1
2025/3/16 12:57,@脑瘫研究院院士（主任） @。。，，,1
2025/3/16 12:58,虽然但是，爱不爱一个人真的一眼就能看出来[微笑],0
2025/3/16 12:58,是的，我和老公说这女的恋爱脑，太单纯，我要生个恋爱脑女儿我要气死，我妈就是恋爱脑，受委屈的只能是我们子女。我爸做的那些人她都能原谅，所以后来我在也不和她说我爸的事了。,1
2025/3/16 12:59,尊重祝福锁死没错[不失礼貌的微笑],0
2025/3/16 13:00,@王保保,0
2025/3/16 13:03,@昂 @略略略略-哼哼??我说的就是他,1
2025/3/16 13:08,之前他也上过一个综艺，风评就不好，跟金莎小男朋友的那个节目,1
2025/3/16 13:09,有朋友在的时候，只和朋友说话走路，完完全全的忽略@王保保,1
2025/3/16 13:09,他们俩的婚姻就是因为女方生了孩子罢了,1
2025/3/16 13:10,有点苦相,0
2025/3/16 13:11,?1。这种真人秀就是打造各种人设，特别是那个想火又不火，要么就是火过又过气的,0
2025/3/16 13:11,不爱,1
2025/3/16 13:13,但阿诺还说了一句，好帅[捂脸]啊诺是生理喜欢把，情绪价值不在乎,1
2025/3/16 13:15,他说节目播出他的一个粉丝站就关了 我觉得他超在意 他有很享受被粉丝追的感觉 有点在怪妻子害他的粉丝站关了 可以说超过了对妻子的关心,1
2025/3/16 13:15,阿诺不是说了让网友不要觉得她可怜了吗？,0
2025/3/16 13:17,他都直接说了，结婚是因为有孩子了。这不就应该懂了吗,0
2025/3/16 13:17,啊诺还觉得他做什么都很好 他是很好的人 一点点敷衍的小惊喜都觉得好感动 我说这样的好女生他不懂珍惜不加倍去爱那就是他不配得爱,0
2025/3/16 13:18,不一定有别人 就是不爱我觉得,1
2025/3/16 13:19,这么多年了 再直男都会懂一点吧,0
2025/3/16 13:23,如果阿诺助他火出圈，我觉得阿诺会没有好结果，希望是我想多了。,1
2025/3/16 13:23,明年上再见吧爱人，,0
2025/3/16 13:23,可见头太小并不好看，还是要适度[捂脸]现在的畸形审美,1
2025/3/16 13:30,阿诺相中他啥了？,0
2025/3/16 13:33,不过这综拿剧本吗[暗中观察],0
2025/3/16 13:33,女的自己愿意你有啥办法,1
2025/3/16 13:34,但是一个愿打一个愿挨，他老婆九年了都没觉得有啥问题[捂脸]看客再怎么说也叫不醒装睡的人的[捂脸],1
2025/3/16 13:34,视频也不放全，不知真假,0
2025/3/16 13:35,她幸福就好[微笑],0
2025/3/16 13:36,那就分开呗,0
2025/3/16 13:37,他可能是想被邀请上另外一个节目,0
2025/3/16 13:38,再见爱人是不是,0
2025/3/16 13:38,阿诺说了，不用可怜她,1
2025/3/16 13:41,你是懂得，有些人非要和我杠她好不好看，看不懂真正的意思,1
2025/3/16 13:44,不爱真的能看出来,0
2025/3/16 13:46,就是不爱另一半，而且很明显,1
2025/3/16 13:47,回到九年前她将在比利时过上幸福的生活[不失礼貌的微笑],0
2025/3/16 13:53,在模仿麦琳吗？,1
2025/3/16 13:55,估计是个gay,1
2025/3/16 13:59,整个看下来感觉他应该是外面有问题了,1
2025/3/16 13:59,爸爸去哪的时候就能看出来他只爱自己,1
2025/3/16 14:03,他是有什么大病吗,1
2025/3/16 14:03,阿诺原来自信超模 原生家庭也很不错 比利时本地条件很不错的 也是纯得本地人 ，这几年婚姻下来变得唯唯诺诺眼神和情绪总是敏感不自信 时不时的偷看董力 ，这哥们pua有一手。所以啊 女人嫁的好坏 直接影响人生质量…,1
2025/3/16 14:05,感觉就是不喜欢了，看阿诺不顺眼都是错,1
2025/3/16 14:07,应该参加再见吧爱人,0
2025/3/16 14:07,同感，这男的不爱,1
2025/3/16 14:09,这是湖南卫视吧？先别早下定论[尬笑]！！！,0
2025/3/16 14:16,这两个人不是一个愿打一个愿挨吗？,1
2025/3/16 14:17,胡静老公真是好,0
2025/3/16 14:19,我觉得董应该已经有了冷暴力的端倪了 嫌弃 漠视 终究是不爱了 甚至他想要换一个女人了 要不是女方如此坚定且理解他 甚至无条件服从 早就吵架了,1
2025/3/16 14:24,女的到底图他啥啊[尬笑],1
2025/3/16 14:24,这还是浪漫旅行吗,0
2025/3/16 14:28,阿诺会不会问韩庚 “哥你以前有董力火吗？”,0
2025/3/16 14:29,就是不爱,1
2025/3/16 14:29,看这个综艺，觉得董力在女方家的地位不高，女方家里人并不喜欢他，他也能感觉到的，既然女方家不喜欢我，我干嘛要去呢，可能他是这么想的，直男癌[泪奔],1
2025/3/16 14:30,他是之前国家击剑队的,0
2025/3/16 14:31,他干嘛他[尬笑],1
2025/3/16 14:35,头发有啥说的啊[捂脸],0
2025/3/16 14:38,这个啊诺还不快跑？,1
2025/3/16 14:42,这个董力是干啥的呀？真不认识,0
2025/3/16 14:50,他是不是背后有富婆大姐啊,1
2025/3/16 14:50,他是会剪辑搞事情的[微笑],1
2025/3/16 14:50,综艺看看就行了,0
2025/3/16 14:52,[斜眼]再见爱人,0
2025/3/16 14:52,很明显的，他不爱[流泪],1
2025/3/16 14:52,他老婆到底看上他啥了[捂脸],1
2025/3/16 14:55,不是我说这么漂亮的姐姐怎么就看上这个小眼睛了[裂开],1
2025/3/16 14:56,同性恋。应该是有男朋友的,1
2025/3/16 15:04,放心吧，即使是九年前的你，也不会有人喜欢,1
2025/3/16 15:09,他可能觉得自己能找到更好的[捂脸][捂脸][捂脸],0
2025/3/16 15:11,不爱干嘛要在一起啊不懂,0
2025/3/16 15:13,估计董的审美还是亚洲女孩,0
2025/3/16 15:25,他不会说话，不会好好说话,1
2025/3/16 15:28,不上他就彻底糊到底了,1
2025/3/16 15:33,阿诺太宠他了！让他没有反应应该干嘛！身边好多个这样的夫妻,0
2025/3/16 15:33,看看就好了，不然哪来的流量[灵机一动],0
2025/3/16 15:40,对，感觉他不敢秀恩爱，是担心被谁看到一样，一再的回避。,1
2025/3/16 15:43,其实就是不爱 只不过因为有孩子没办法,0
2025/3/16 15:43,爱与不爱真的肉眼可见,0
2025/3/16 15:45,@每天睡够八小时,0
2025/3/16 15:47,爱不爱全看细节。,0
2025/3/16 15:49,[尬笑],0
2025/3/16 15:50,谁知道呢,0
2025/3/16 15:51,是湖南卫视还是浙江卫视？大家先别着急下定论[捂脸]这是电视台要的槽点,0
2025/3/16 15:53,董力是干啥的。[流泪]没听过啊,0
2025/3/16 16:02,董除了高一点还有啥优势，这长相不是遍地都是的，不知道哪来的自信那么自恋的,1
2025/3/16 16:05,服了 上次綜藝說“丟臉”的事 他說和阿諾大街上一見鐘情  這會兒該秀了 你吐槽[微笑][微笑][微笑][微笑]@董大力,1
2025/3/16 16:07,前擊劍運動員（但沒成績 常年一輪遊的32少），來娛樂圈 拍戲唱歌 跳舞都不行,1
2025/3/16 16:10,阿诺亲他时，他都没回应，甚至在躲闪[尬笑],0
2025/3/16 16:10,@表里表外,0
2025/3/16 16:17,他跟白宇长的好像,0
2025/3/16 16:17,他甚至连一句夸她好看的敷衍分话都说不出口，撒娇都嫌恶心的甩开手,1
2025/3/16 16:20,董力很帅啊，他是得罪了谁吗[呲牙][呲牙],0
2025/3/16 16:23,难道他们是联婚？男的是皇族吧[暗中观察],0
2025/3/16 16:24,对,0
2025/3/16 16:26,能看出来这女生是真爱他 时时刻刻眼里都是他,0
2025/3/16 16:41,不是爱不爱的问题，只是他只爱他自己，太自我，就像当皇帝一样[捂脸],1
2025/3/16 16:47,恋爱脑[看],0
2025/3/16 16:47,董力可不就还是个长不大的孩子,1
2025/3/16 16:55,别心疼阿诺了 ，恋爱脑真没办法，任谁说都没用[尬笑],1
2025/3/16 16:58,他是谁第一次听到,0
2025/3/16 16:59,还好吧，没那么至于被批判吧[捂脸]偶像剧看多了,0
2025/3/16 16:59,说的也是[捂脸],0
2025/3/16 17:02,可能还会上再见了爱人,0
2025/3/16 17:07,我知道他哈哈哈哈哈哈,0
2025/3/16 17:07,对，因为他咖位最低，按剧本来说就他合适。可能给的钱多,1
2025/3/16 17:09,我咋感觉她长的不好看呢,1
2025/3/16 17:15,[捂脸]现在营销号真的是能带节奏，纯路人，还好全程看了一遍，人家一开始去圣家堂时就背着大相机和包的[捂脸]后面因为阿诺要拍照才没背着[捂脸]别喷我，你们自己去看[捂脸],0
2025/3/16 17:20,这个采访完全是主持人引导啊，人家董自己都说了自己有女朋友[泪奔],0
2025/3/16 17:21,他们看婚礼视频的时候，我都在暗想，董力婚礼都没有不尴尬吗[泪奔],1
2025/3/16 17:27,董力到底是谁？不认得,0
2025/3/16 17:27,原来董力是这样的人,1
2025/3/16 17:29,相术说眼睛过于细长的人自私,1
2025/3/16 17:29,孩子都七岁了，二宝好像也两岁了，他们夫妻应该也有感情的，不能只看片面吧,0
2025/3/16 17:30,没牌大耍[吃瓜群众],0
2025/3/16 17:32,他偶像包袱挺重啊,0
2025/3/16 17:34,@羊毛和花^ [尬笑],0
2025/3/16 17:34,知道他名字就只知道那个综艺,0
2025/3/16 17:36,脏东西董,1
2025/3/16 17:41,董力是谁,0
2025/3/16 17:45,看到他想到的是阿拉蕾,0
2025/3/16 17:46,上错节目了吧，隔壁的再见爱人欢迎你,1
2025/3/16 17:46,再见爱人,0
2025/3/16 17:49,哈哈哈哈不好意思 我突然笑起来[笑哭],0
2025/3/16 17:49,为啥总要否认董力火呢？全国那么多人认识他，爸爸去哪儿就是全民大爆综艺，他是第一个代理奶爸，真的当时特别火好多人用他当壁纸[捂脸]哪怕现在这个综艺还炒作董力被骂的话题来博热度,1
2025/3/16 17:51,@赵伽伽,0
2025/3/16 17:51,@,0
2025/3/16 17:54,他自私，格局好小，好抠搜,1
2025/3/16 17:57,不是嘴笨，这么多节目，谁也不瞎，他就是人性有问题。,1
2025/3/16 18:03,从种种细节，这男的真的不爱阿诺[晕],1
2025/3/16 18:15,湖南卫视喜欢搞事情是哇？不太了解,0
2025/3/16 18:16,不喜欢女方吧,1
2025/3/16 18:22,下头男,1
2025/3/16 18:28,没电有啥好牵手的[泪奔]   平常老夫老妻肯定是平静的等待,0
2025/3/16 18:33,有幸看过那个节目[灵机一动]我真的对董……,0
2025/3/16 18:33,董力是谁,0
2025/3/16 18:35,看这个节目，阿诺真的是特别好一个女孩子,0
2025/3/16 18:37,童力挺好呀！有的人不喜欢在镜头面前过分甜蜜很正常，买房子难道不要看看学区，医院，购物什么的吗？不合适就不能买呀！有不是傻子。,0
2025/3/16 18:37,@Tung,0
2025/3/16 18:50,胡静老公不错,0
2025/3/16 18:54,你不懂吧[捂脸] 你老公给你住大房子 给孩子安排好的学校 你不用出去上班当牛马 你不老公不提供情绪价值不行吗[捂脸],1
2025/3/16 19:09,啊[宕机]完全没印象,0
2025/3/16 19:17,这个男的不认识,0
2025/3/16 19:18,最后一段就是安诺哭的那一段，其实是因为他妈妈哭了，然后他又哭并没有因为就是大力的发言，有哪些问题刺伤了他。 而且阿诺本人也说了，这段婚姻非常非常的好，并没有什么他让他伤心的地  而且大力只是比较发言比较直一点，这也是他改进的地方，所以他也说过    并没有说他想怎么样怎么样，他不像其他人 一样好吗？,0
2025/3/16 19:18,[捂脸],0
2025/3/16 19:19,这是这男的本身的问题，这男的还吐槽每次都踩观众的雷点，那你就不反思一下自己，要绅士没有，要用心没有，眼睛里看不到半点感情，家人相处，哎，换人吧，你不挨骂谁挨骂，女生独美吧,1
2025/3/16 19:19,他就是不爱啊，奉子成婚影响了他“顶流”的人生[不你不想][不你不想]不过也真的够胆敢参加这个节目[宕机][宕机],1
2025/3/16 19:20,[赞],0
2025/3/16 19:21,@洁妹妹,0
2025/3/16 19:39,全网人都想当阿诺吗？,1
2025/3/16 19:48,他这样正好可以上今年年底另外一个节目，那他这样还可以持续有关注度,0
2025/3/16 19:54,那怎么还不离[看],1
2025/3/16 20:04,上了两个综艺都讨人嫌[暗中观察],1
2025/3/16 20:08,说实话不亲就是不爱，这是事实,0
2025/3/16 20:10,绝对有另外人,0
2025/3/16 20:19,不是他是谁啊？？,1
2025/3/16 20:20,别心疼了，注意自己的乳腺，女方已经说了她很幸福，网友误会她的宝贝力了,0
2025/3/16 20:29,"是没良心没道德！是得了便宜还卖乖！是欺负真诚的人！
他配不上他老婆",1
2025/3/16 20:30,别骂董力了 阿诺她超爱的～～～～[尬笑],0
2025/3/16 20:42,爱不爱真的可以从肢体语言上看出来[尬笑],0
2025/3/16 20:46,这节目看的有点气人[尬笑],0
2025/3/16 20:54,因为有他我都没看节目,1
2025/3/16 21:07,他们应该上《再见爱人》,0
2025/3/16 21:13,好无语[微笑],0
2025/3/16 21:14,他老婆觉得他好就好了，没必要多说啥,0
2025/3/16 21:17,而且最搞笑的是，有传他给他老婆说他很红的。跟王嘉尔一样的，[捂脸]如果是真的也是够了。,1
2025/3/16 21:18,总结到位[赞],0
2025/3/16 21:27,所以，董力是谁？,0
2025/3/16 21:31,他俩好像过了20年的夫妻,0
2025/3/16 21:33,就是感觉他好敷衍自己老婆嫌弃一样[思考],1
2025/3/16 21:37,啊诺真单纯,0
2025/3/16 21:37,大直男,1
2025/3/16 21:51,他在岛屿少年里就是只会说表面话的那种人,1
2025/3/16 21:54,这眼睛也也太大了，吓人,1
2025/3/16 21:56,金秀贤也是也家里约会，可是董力不是顶流[捂脸],0
2025/3/16 21:57,突然想到一词，去母留子[看],1
2025/3/16 21:57,董力[捂脸][捂脸] 你能不能带一点脑子[捂脸],1
2025/3/16 22:00,包包肯定是阿诺说要她自己背，阿诺很善良，,0
2025/3/16 22:03,一个愿打，一个愿挨,0
2025/3/16 22:10,总感觉怕后面金主生气的样子,1
2025/3/16 22:16,董力肯定答应外面哪个 参加节目绝对不跟老婆做亲密动作  所有的表现都是害怕惹外面哪个不高兴[坏笑],1
2025/3/16 22:21,@?Miss,0
2025/3/16 22:21,那不是他火，那是因为爸爸去哪儿火所以很多人因为那个节目认识他的但是并没有疯狂追星吧[尬笑],0
2025/3/16 22:24,恋爱脑的人他错的她都觉得是对的，,1
2025/3/16 22:28,中国十几亿人 以亿为单位 你不喜欢 这么大基数有些人喜欢不正常吗 现在一个普通网红都不少人喜欢 在那个大爆综艺 网络视频不发达的前几年他的火 你看不见不代表他不火,0
2025/3/16 22:39,@羊杨羊杨羊,0
2025/3/16 22:41,董力是哪蹦出来的,1
2025/3/16 22:41,我才不是[捂脸],0
2025/3/16 22:43,我老公也这样,0
2025/3/16 22:45,dl看的我火大，身上有不少见过的人的影子,0
2025/3/16 22:52,@汉堡,0
2025/3/16 22:53,不知道他们如何，反正我只知道我在离家很远的地方上班，我发一句我累了，我对象就会立马发视频给我，问我干嘛，哪里不舒服等等，但是董力给我的感觉就是他没心听这个女孩说话,1
2025/3/16 22:59,结婚了[笑哭],0
2025/3/16 23:04,他可能是独生的吧,0
2025/3/16 23:05,外国也有王宝钏啊,0
2025/3/16 23:05,就是就是,0
2025/3/16 23:07,这个节目最后不会是给阿诺办一场婚礼吧[捂脸],0
2025/3/16 23:08,不用在意这些细节，有的男的就是粗枝大叶或者不善表达，男的爱不爱你，就看他舍不舍得给你花钱,0
2025/3/16 23:10,@成果??,0
2025/3/16 23:13,@大胖椒?? @榕 @淑 这个dl巨恶心,1
2025/3/16 23:13,他就是用这种行为逼她主动离开，这样也不用被网暴：看，她自己走的，我没说让她走。这种男人真的,1
2025/3/16 23:14,恋爱脑？恋他哪一点啊[捂脸],1
2025/3/16 23:15,当下爱好自己，行动永远都比承诺来的更切实际，只有空空的承诺没有实力的行动，这份爱太劣质也没有责任感，女孩不要为了任何一个人去放弃自己事业和成长的机会，爱的好自己，给自己任何处境都可以有的底气和退路就够了。,0
2025/3/16 23:17,[尬笑][尬笑][尬笑],0
2025/3/16 23:21,不想接受别人的建议，就说:我是老实人，我有话直说，压根就不管自己说这话对不对[笑哭],1
2025/3/16 23:25,董力拍过啥戏，不认识[泪奔],0
2025/3/16 23:25,说话直的意思就是发自内心的[赞],0
2025/3/16 23:30,可能我的内心有点阴暗，我不知道他们现实生活是怎么样，综艺里给我的感觉，董力不喜欢阿诺并且外面有人了,1
2025/3/16 23:30,他真的是现实大多数男的行为，其他的嘉宾，现实生活中，也有，但真的不会多。要不为什么现在离婚率那么大，因为很多已婚女生真的很累。,0
2025/3/16 23:32,网友一次又一次的被打脸，还是不长记性，又瞎操心┉在一起9年了，娃都2个了，人家好不好的，两夫妻自己知道，他们自己乐意就好,1
2025/3/16 23:33,击剑运动员，某届全国冠军赛花剑项目季军，还有其他一些奖项，参加过一些综艺，做过一些配角,0
2025/3/16 23:41,之前不是说他很爱他妻子吗[捂脸],0
2025/3/16 23:49,董力感觉就在自己的世界里，他只爱自己，他谁也不在乎……但又希望别人配合他[尬笑],1
2025/3/16 23:54,我感觉，我老公，跟董力，好像[流泪][流泪][流泪],0
2025/3/16 23:58,人家女的都没不舒服[衰]其他人不舒服了……,1
2025/3/17 0:00,这剪辑绝了[捂脸],0
2025/3/17 0:02,他可是韩庚，董力是谁，没听过[捂脸]人家李承铉都比他有名,1
2025/3/17 0:04,人家太火不怕掉粉，他没有粉丝，所以掉一个也害怕[捂脸],1
2025/3/17 0:07,回到九年前是啥意思[微笑]是想回到没有和啊诺在一起前的日子吗[微笑],0
2025/3/17 0:21,我说他怎么面熟，但是想不起来到底演了啥，后来一想，原来是跟阿拉蕾一起去参加爸爸去哪儿,0
2025/3/17 0:32,但周一围看朱丹的眼神充满了爱和欣赏啊,0
2025/3/17 0:32,大家在批评他，他在怨自己的老婆，都是你导致我被大家骂,1
2025/3/17 0:37,他家的片段我都是跳过的 实在看不下去[泪奔][泪奔],0
2025/3/17 0:47,@xiao帅呆,0
2025/3/17 1:04,董在外有人了吧，怕外面的人不高兴吧！,1
2025/3/17 1:05,他是不是有童年创伤啊，感觉他对他老婆[九转大肠],1
2025/3/17 1:08,我老公也是 私底下连体婴 一天起码亲10遍以上 有人就不行 尤其亲人,0
2025/3/17 1:20,要找一个本身就很好的人,0
2025/3/17 1:22,人家只是比较真实是普通夫妻的相处模式！不像明星们知道观众爱看什么[灵机一动],0
2025/3/17 1:25,第一次以为是阿拉蕾那个董力，然后一看脸，想着是同名了，看评论区说这个董力就是我想的那个董力，不知…此董力是那个董力吗,0
2025/3/17 1:45,这老外是找了个啥[绝望的凝视]年轻也不至于这样啊。。。,1
2025/3/17 1:45,港真 上海男女谈朋友的时候 男孩子替女孩子背包是非常正常且常见的 DL作为上海男人不至于现在才知道吧 我觉得他就是借口“文化差异”搞见人下菜 如果他谈一个上海女孩 肯定早早就把包背起来了 嫌弃[打脸],1
2025/3/17 1:51,他去阿诺老家的时候，在教堂表白，阿诺提了一堆东西，也没让人把东西放下再说话啊，就那么一直提着,0
2025/3/17 2:31,我第一次知道董力好像是有丁真的那个综艺，他跟另外一个人欺负一个女明星男朋友来着，好像！,1
2025/3/17 2:43,对呀！我觉得他们太真实了，现在的夫妻哪有那么多你侬我侬的，那些明星就是在镜头下知道该怎么做罢了，,0
2025/3/17 3:56,2个人在一起10年了，结婚跟恋爱肯定有区别的啊，累了就自己坐着休息啊，上升到不爱那么夸张。,0
2025/3/17 4:12,阿诺太惯着他了，明显她更爱他，董力这种找个泼辣彪悍点的姐姐就老实了，立马变主动听话小奶狗[看],1
2025/3/17 5:06,人家老婆愿意，你们说那么多干嘛，人家帮她说话，她还护她老公呢,1
2025/3/17 5:15,也就他老婆才听得了这种话，要是我老公 跟我说他想做回婚前的自己[发怒]头我都给他拧下来,1
2025/3/17 5:25,上错节目了 应该去再见吧爱人,1
2025/3/17 6:11,动力是谁啊干嘛的？,0
2025/3/17 7:15,很无趣的人在一起会崩溃！,1
2025/3/17 7:25,她不比这个渣男长得好吗？,1
2025/3/17 7:36,没有要孩子之前，我跟我老公也是时刻黏着，但是他在外面跟在家里对我完全两个样子，在外面就觉得大庭广众的不太好，有了娃以后[尬笑]好家伙完全变成了兄弟，差不多就是这样了[尬笑][尬笑][尬笑],0
2025/3/17 8:01,我没看懂你说的是谁[呲牙],0
2025/3/17 8:07,这就是为啥情侣吵架或者夫妻吵架或者打架，旁人不要上去劝或者帮着打的原因……事后他或者她反而会怪你多管闲事……毕竟他们要不是愿打愿挨的关系他们早分了,0
2025/3/17 8:29,春节晚会上了几次,0
2025/3/17 8:33,关键这个女生还让大家不要可怜她[流泪][流泪][流泪]恋爱脑,1
2025/3/17 8:38,生活一定要找一个聪明人一起，就算搭伙过日子也一定要找聪明人，不然心累死或被气死,1
2025/3/17 8:44,站在我身边的一种可能。。。啥。。。,0
2025/3/17 8:45,没有好看到哭，她的长相在欧洲模特界一般,1
2025/3/17 8:49,[捂脸]他俩都在一起好久了,0
2025/3/17 8:50,有一句话，董力说了。说如果外界怎么说，你只要享受这趟旅行就行。这句话就足以证明，董力有闪光点的,0
2025/3/17 8:54,"阿诺：我觉得你有时候要改变一下沟通方式 让人相处舒服点
董力：说实话 我可能不太会游泳[捂脸][捂脸][捂脸]",0
2025/3/17 8:56,。。。。,0
2025/3/17 9:02,个人看法，你的看法也是对的，不杠哈[捂脸],0
2025/3/17 9:03,我没有[微笑],0
2025/3/17 9:07,越多人吐槽他是不是他越怪他老婆,1
2025/3/17 9:18,"近期的两个节目，真对董力路转黑。
反而对孙丞潇真的是路转粉。这孩子挺优秀啊！",0
2025/3/17 9:24,他是偶像,0
2025/3/17 9:30,说白了就是不爱的表现,1
2025/3/17 9:31,咋在一起的[宕机],0
2025/3/17 9:43,下头男,1
2025/3/17 9:50,我没说我长得好看啊，我拿她和其他模特比较，你急什么啊[尬笑],1
2025/3/17 10:10,而且他时不时要吐槽，向其他嘉宾告他老婆的状，超级没担当,1
2025/3/17 10:18,阿诺愿意，但是广大网友不愿意,0
2025/3/17 10:19,是的呀，当事人愿意，网友不愿意,0
2025/3/17 10:20,别说网友了，你看一起旅行接触的人不是都看不下去吗[憨笑][赞],0
2025/3/17 10:21,就看董力英语那么差，说明谁爱的多了,1
2025/3/17 10:23,这个董力有迷之自信，谁都不认识你，这个节目不是因为韩庚是不会看的哦~看到他直接跳过。,1
2025/3/17 11:13,你觉得他是免费上节目的么,1
2025/3/17 11:32,这不是很正常嘛？,0
2025/3/17 11:38,董力：黑红也是红,0
2025/3/17 11:55,说得好[泪奔],0
2025/3/17 11:55,他真的很气人,1
2025/3/17 11:56,我觉得出去玩的小包包就是要女人自己背，其他可以男人拿,0
2025/3/17 12:11,[泪奔]他有粉丝？,1
2025/3/17 12:11,感觉他对她一点生理性喜欢都没有了,0
2025/3/17 12:14,女的要好好爱自己，这个男的太不懂得珍惜了,0
2025/3/17 12:19,下一场 再见吧爱人,0
2025/3/17 12:20,这个外国丫头已经被董力pua的不行了！！！！真的。是个人都能看出来。,1
2025/3/17 12:24,不爱也不真诚  早点离开 别让孩子学他[抠鼻],1
2025/3/17 12:30,我觉得他这些行为跟爱不爱一点关系都没有，就是人自身的问题啊,0
2025/3/17 12:37,他是不是想立单纯傻的人设,1
2025/3/17 12:41,他太不珍惜阿诺了，就是不爱,1
2025/3/17 12:58,找了个国外某个村里的小姑娘。。,1
2025/3/17 13:00,水瓶？,0
2025/3/17 13:05,隔壁该来的不来，这里该去的不去,1
2025/3/17 13:08,你太高看董力的演技了，,1
2025/3/17 13:08,哈哈哈哈哈哈哈[裂开],0
2025/3/17 13:09,情商太低了,1
2025/3/17 13:26,你只是小部分人，大部分婚礼还是办的,0
2025/3/17 13:27,大哥都看不下去了[尬笑]他真的……还要阿诺帮他洗,1
2025/3/17 13:28,有可能他就是一个妥妥的大呆直男呢？,0
2025/3/17 13:30,他这么不喜欢为啥要参加节目啊[捂脸],1
2025/3/17 13:34,他是真不爱啊,1
2025/3/17 13:53,大家都忘了周一围了吗[泪奔],0
2025/3/17 13:59,董力是谁？,0
2025/3/17 14:08,别再给我推他俩了，人家女的愿意[捂脸]我不想独自生气,1
2025/3/17 14:10,其实以前阿拉蕾的时候我是喜欢他的[捂脸]，你们没有人喜欢吗[捂脸][捂脸],0
2025/3/17 14:29,这两得去再见爱人,0
2025/3/17 14:35,是在为屏幕前的谁守身如玉吗[微笑],1
2025/3/17 14:44,那为什么他不能是小部分其中一个呢？ 所以他是明星不办婚礼就要被说？,1
2025/3/17 15:02,太红了[看],0
2025/3/17 15:02,娇妻和“演员”绝配[憨笑][强壮],0
2025/3/17 15:04,不是说9年还是几年吗，那时候一直立单身人设,1
2025/3/17 15:30,他是不是想像之前那期一样黑红也是红？不然娱乐圈的演都不演？胆子太大了吧,1
2025/3/17 15:50,董力可不是老实人，他是一个极度精明的人,0
2025/3/17 15:52,他是干啥的，九年前他是干啥的,0
2025/3/17 15:58,俺家的应该也差不多[呲牙][呲牙],0
2025/3/17 15:59,好瘦太瘦了,1
2025/3/17 16:17,是自恋么？,1
2025/3/17 16:25,爱自己[捂脸]自私而已,1
2025/3/17 16:25,网友真可怕,1
2025/3/17 16:26,所以说你还是没看节目啊，你看了节目就知道了，并不是婚不婚礼的问题,0
2025/3/17 16:28,你也可以看看下方评论，重点不在于婚礼，他们结婚五年，阿诺连上海的市中心都没去过,1
2025/3/17 16:29,@??qzuser,0
2025/3/17 16:34,我是觉得啦 这种都是节目效果 就像之前在家爱人一样 都是剧本,0
2025/3/17 16:35,他以前参加爸爸去哪儿[捂脸][捂脸]我以为他是运动员[捂脸][捂脸]后来把他和魏大勋分不清谁是谁，因为湖南卫视总邀请他们[捂脸][捂脸][捂脸][捂脸],0
2025/3/17 16:36,就是不爱他老婆罢了,1
2025/3/17 16:40,嗯嗯，综艺剧本肯定是的，但董力他们，真的槽点太多了，“你们为啥结婚？因为孩子，他还说，给阿诺一个站在他身边的可能”，你看这说的啥话，董力就是下意识的和阿诺避嫌，你去看节目嘛，其他几对真的很好看,1
2025/3/17 16:50,@關你西紅柿。,1
2025/3/17 16:50,这个我都看了[捂脸],0
2025/3/17 16:51,毕竟黑红也是红[黑脸],1
2025/3/17 16:52,好吧,0
2025/3/17 16:52,是的,0
2025/3/17 17:05,朱兆祥跟董力，真是豪门家小少爷，和普通家庭的大少爷这句话的具象化了，,0
2025/3/17 17:11,因为以前因为颜值吸引，现在年龄大点也就不喜欢了,0
2025/3/17 17:20,他也好意思说自己是老实人,1
2025/3/17 17:21,你说的太对,0
2025/3/17 17:39,感觉他们几对聊天的时候董力好像处处都在把话题变成对阿诺的贬低，只不过其他几个人不搭话并且会转话题,1
2025/3/17 17:41,@1too 哈哈哈哈哈哈哈哈,0
2025/3/17 18:01,旁观者清 韩庚也很含蓄但能感觉到爱 而这个董力要么是不够爱要么就是为了节目效果,0
2025/3/17 18:01,不爱就离婚吧，自己难受、老婆也难受,0
2025/3/17 18:08,当局者迷吧。,0
2025/3/17 18:27,他媳妇不反对，别人操心啥,0
2025/3/17 18:28,他本来想通过节目赚人气，结果坏了所有人路人缘,1
2025/3/17 18:39,@ohmmm,0
2025/3/17 18:39,@@??维尼小熊,1
2025/3/17 18:44,@Riysun 好厌恶[发怒][发怒][发怒],1
2025/3/17 18:45,这个亲嘴那儿很难评[捂脸],0
2025/3/17 18:58,如果最后几句话换成董力说。董力会说：“我不知道该怎么做网友们才开心，我也是第一次当老公，我自己觉得自己是个好人。”巴拉巴拉 ～ 偶像包袱很重，哀怨口很大，好像还需要妈妈来抱抱他 ...,1
2025/3/17 19:09,这个姓董的太把自己当回事了 而且不爱,1
2025/3/17 19:15,阿诺值得更好的,0
2025/3/17 19:16,不喜欢为啥要结婚生孩子啊[尬笑],0
2025/3/17 19:17,他让我想到我的前男友,0
2025/3/17 19:33,[泣不成声]董力在金融学院击剑队的时候喜欢他的女生就很多，我朋友也和他暧昧过…反正挺那什么的,0
2025/3/17 19:38,董力觉得自己太红了怕粉丝们伤心？卧槽 确实高看自己了吧[捂脸],1
2025/3/17 19:43,他真是恶心人,1
2025/3/17 19:45,没看节目，但刷到了片段，感觉另外三对都非常优秀，就各方面的般配和谐，他俩这对……姐姐跑吧，跑起来，以光速跑起来…,1
2025/3/17 19:47,不是??另外一档节目，就是杨子参加的那个,0
2025/3/17 19:55,既然不爱为何还装！放大方点！,1
2025/3/17 20:00,比利时妹子对老公到现在还是那种纯纯的生理性喜欢，俗称恋爱脑。因为男方表现出来的那些可真不是这边女性喜欢的模板[灵机一动]始于颜值，忠于人品，只能看这种生理性喜欢能持续多久了,1
2025/3/17 20:08,我看也像，身体最诚实,0
2025/3/17 20:08,对哈哈哈哈。我也觉得,0
2025/3/17 20:15,爱与不爱很清晰！,0
2025/3/17 20:21,爱屁呀,0
2025/3/17 20:24,不认识,0
2025/3/17 20:28,[捂脸][捂脸][捂脸],0
2025/3/17 20:50,@咻咻咻秀 @茜妈富瘦双全 @JuGe @????屿,0
2025/3/17 20:51,总之一句话还是不要参加这些综艺[捂脸],0
2025/3/17 20:55,他是不是走当初麦琳的路线啊[捂脸],0
2025/3/17 20:57,看来你喜欢[捂脸],0
2025/3/17 21:02,@十月,0
2025/3/17 21:06,不喜欢写在脸上，一点也演不了[捂脸],0
2025/3/17 21:07,他就是本身不喜欢[捂脸]一直是女的打倒贴。,1
2025/3/17 21:07,不单单是他 都喜欢 那个综艺 不只董力 所有爸爸都升咖了 这些孩子到现在都还有人喜欢一直关注着 前段时间的森碟下巴缩短 一直有人关注他们,0
2025/3/17 21:08,所以混不好啊,1
2025/3/17 21:11,@,0
2025/3/17 21:11,@??,0
2025/3/17 21:13,火的话也算不上吧，用做墙纸也多半是喜欢可爱的阿拉蕾。去看看他的其他综艺就知道这家伙有多讨人嫌，请移步至《岛屿少年》 还有，他是真没粉丝，根本无人在意他隐婚不隐婚，生过几个小孩[看]  如果他大方承认并且尊重，疼爱他的妻子一些反而能拉一波好感,1
2025/3/17 21:24,这句话才是重点，如果董力被网暴，这个姐姐会不会以为是因为自己，他才被网暴的,0
2025/3/17 21:31,女的爱啊 [绝望的凝视],1
2025/3/17 21:34,我跟你一样,0
2025/3/17 21:38,他讨人嫌跟有没有老婆没关系[捂脸]九年前只是因为大家不了解他,1
2025/3/17 21:42,哈哈，不得已让别人怀了孕[微笑]好小众的词,1
2025/3/17 21:43,对事不对人，会不会他觉得你丢人[微笑]反驳你就是对的。,1
2025/3/17 21:53,@万事如意屋 @man兒 @扮猪食老虎,0
2025/3/17 21:57,人家说话的时候你好好听话,0
2025/3/17 22:02,@ @小纯霸霸,0
2025/3/17 22:10,第一次看到外国人挖野菜[捂脸]，外国王宝钏[尬笑]@多财多亿呀 @嘻嘻嘻是我呀 @小丸子??,0
2025/3/17 22:12,外边有人,0
2025/3/17 22:19,巨恶心[九转大肠] 有毒,1
2025/3/17 22:26,阿诺和李行亮在一起挺好，都喜欢自洽[捂脸],0
2025/3/17 22:32,对佢真系无语,1
2025/3/17 22:35,他跟外面那个人说了，根本就不喜欢他媳妇[呆无辜],1
2025/3/17 22:35,因为他渣啊。[微笑],1
2025/3/17 22:40,哈哈哈哈哈哈,0
2025/3/17 22:47,@暴走大鹅,0
2025/3/17 22:52,把董夫妻换成陈赫夫妻就好了@陈赫,1
2025/3/17 22:57,韩庚结婚了？,0
2025/3/17 22:57,他到底是谁啊这个男的,0
2025/3/17 22:57,他们两绝对不是因为喜欢才在一起的，阿诺当初就是看上他的帅了，而董那个时候很懵懂，没有太多的感情经历，很快就在一起了,1
2025/3/17 23:00,一个装男。。,1
2025/3/17 23:03,节目结束 但愿学会爱老婆 爱家庭,0
2025/3/17 23:08,虽然他真的在这几天的综艺里很烦人  但是硬黑就太没劲了 被引导的玩笑话 变成了毁三观,1
2025/3/17 23:14,不爱为什么要结婚啊[晕],1
2025/3/17 23:14,可是我觉得有的老公就是没那么爱呀[捂脸]在观察看看[笑哭],0
2025/3/17 23:30,@欢崽,0
2025/3/17 23:36,@,0
2025/3/17 23:48,另外三个都是爱妻狂人,0
2025/3/17 23:59,为了孩子。,0
2025/3/18 0:02,服了,1
2025/3/18 0:14,[捂脸],0
2025/3/18 0:37,董力算个什么,1
2025/3/18 0:40,教堂前亲吻照的时候，阿诺撅嘴了，董力一直在候缩，连我这种不敏感的都看出来了,0
2025/3/18 1:07,可是阿诺真的好爱他,0
2025/3/18 1:15,@疯狂的野猪??,0
2025/3/18 1:29,这老外到底图什么,1
2025/3/18 1:41,有这样的节目吗[捂脸],0
2025/3/18 2:25,难道不是因为有对象，不想回答这个问题嘛？而且是主持人引导性的问[宕机],1
2025/3/18 2:49,根本不认识他啊[尬笑],0
2025/3/18 3:00,是董力阿拉蕾那个董力吗？可是当时也不坏吧[泪奔],0
2025/3/18 3:08,nb[赞][赞],0
2025/3/18 3:24,我老公也很直男啊，就像去饭店吃饭，他就知道我喜欢吃什么，但是永远都记得那几样[捂脸]我生气他就能看出来，虽然不会说好听的话，但是会做啊，发红包啊，就贴贴啊,0
2025/3/18 6:54,[尬笑]下头男,1
2025/3/18 7:12,[呆无辜]董力现在是黑红路线吗,0
2025/3/18 7:28,其实就是不会表达，钢铁直男，人人不喜欢 可是阿诺喜欢呀，每个人相处方式不一样，性格也不一样，他又年轻。不管怎么样 还是要祝福人家幸福的。,0
2025/3/18 7:47,有 也是芒果综艺[泪奔],0
2025/3/18 7:51,其实我觉得像他们这样的情况才是现实生活中的大部分的夫妻     像另外几对很恩爱 我感觉都是在镜头里刻意表现的     其实大部分夫妻在一起几十年了   爱的方式也不会太明显,0
2025/3/18 8:06,会不会下一季再见爱人他会去参加[看],0
2025/3/18 8:13,他不仅不爱，甚至嫌弃[捂脸],1
2025/3/18 8:17,真有可能[暗中观察],0
2025/3/18 8:40,不好意思，这个男的是谁呀……,0
2025/3/18 9:14,长得帅,0
2025/3/18 9:16,董力被迫营业,0
2025/3/18 9:17,阿诺好卑微,1
2025/3/18 9:29,董力应该是家里受宠长大的孩子，他这样不适合太早结婚，责任心不强,0
2025/3/18 9:58,男人 生理排斥就是不爱了[微笑][微笑][微笑],0
2025/3/18 10:31,@许一烦,1
2025/3/18 11:15,一方太爱，另一方就会熟视无睹,0
2025/3/18 11:58,搞不好他老婆都火了 他还凉着呢,1
2025/3/18 12:13,他看了才认清现实的吗[熊吉],0
2025/3/18 12:19,不要评判别人的婚姻，我就正在经历，一个表面老实巴交，认真工作，爱妻子爱孩子，可是我却发现他出轨，不可笑吗？,0
2025/3/18 12:19,感觉外面有人了啊，这是让外面的人别生气啊,0
2025/3/18 12:34,我觉得也未必，每个人的相处方式未必一样，一个模式，就像每个人的性格不同，不能以一个标准评定,0
2025/3/18 12:47,他以为他是林志颖啊需要隐婚，压根大多数人都不知道他是谁[捂脸],1
2025/3/18 12:50,@iii丸er,0
2025/3/18 12:53,董哥是真的很演  特别给他老婆拍照那段 感觉自己很专业又尽心的样子[九转大肠][九转大肠][九转大肠],0
2025/3/18 12:53,[捂脸]这是节目唉，十几台相机盯着你，反正如果是我，哪怕是最爱的人，面对这场景也做不出来亲亲我我的感觉,0
2025/3/18 12:55,董力是不是签了合约啊[泪奔] 这不是老婆吧 是合作？,0
2025/3/18 13:18,他们应该上再见爱人,1
2025/3/18 13:36,@RYAN,0
2025/3/18 13:43,@全世界最帅的人,0
2025/3/18 13:45,那么漂亮的小姐姐何必那么卑微啊,1
2025/3/18 13:53,[发呆],0
2025/3/18 14:11,到底谁在粉他[九转大肠][九转大肠][九转大肠][九转大肠][九转大肠],1
2025/3/18 14:39,这迷人的小丹缝眼[捂脸][捂脸],1
2025/3/18 14:40,别的不说，房子那里问学区房也要拿来黑，人家有孩子了，问学区不是很正常吗？[笑哭],0
2025/3/18 14:44,@x,0
2025/3/18 14:48,笑死,0
2025/3/18 14:59,你看那三对[捂脸]很明显了，不敢得罪。董力咖位小。,1
2025/3/18 15:57,瞧不起这男的 没一点责任担当 没有爱人的能力就不要祸害女孩子 缺德[微笑],1
2025/3/18 16:15,跑， 头也不回的跑！ 全网快劝一劝阿诺！,0
2025/3/18 16:17,越看越反感这个董力，,1
2025/3/18 16:34,语言PUA[微笑]，听那语气特别来气，但是他老婆恋爱脑听不懂,1
2025/3/18 16:41,这男的谁啊[看],0
2025/3/18 16:53,这也能生两个孩子？？,1
2025/3/18 17:09,应该去杨子那个离婚的节目,1
2025/3/18 17:13,董力是不是三白眼,1
2025/3/18 17:17,阿诺真的恋爱脑[捂脸],0
2025/3/18 17:26,只是不爱,0
2025/3/18 17:30,最早带阿拉蕾也这样[笑哭],0
2025/3/18 17:41,他老婆爱的很[尬笑],0
2025/3/18 17:42,网友拆了一对是一对 有的男人就不喜欢人多的时候表现自己 反而是家里啥也不干的喜欢外人面前晒幸福,1
2025/3/18 17:51,@哲哲哲,0
2025/3/18 18:25,@咸鱼雅 @◇光阴Ψ如梭? 谁关注他啊,1
2025/3/18 18:37,可是女生乐意啊,1
2025/3/18 18:37,@??Monna?? @啾咪-,0
2025/3/18 18:38,确实——乐意的,0
2025/3/18 18:57,买了房就两国分居,1
2025/3/18 19:32,[暗中观察],0
2025/3/18 19:33,[捂脸]她可以不要，你不可以不做,1
2025/3/18 19:36,看他送岳父的东西。。笑了,0
2025/3/18 19:46,我以为他来上再见爱人[泣不成声],0
2025/3/18 20:01,[发怒][发怒][发怒][发怒]，这太。。。。。,1
2025/3/18 20:05,我老公狮子座 在家里我亲亲他配合 在外面他就一本正经[捂脸],0
2025/3/18 20:17,我一开始以为这对夫妻女生才是明星[暗中观察],0
2025/3/18 20:18,对就是这样[冷漠],1
2025/3/18 20:35,[赞][赞],0
2025/3/18 20:38,很多人是不喜欢在公共场合亲密的……,0
2025/3/18 20:55,董力是谁呀，很有名吗？？不认识，几十线的,1
2025/3/18 21:05,董上辈子修了好运气，这辈子耗的差不多了,1
2025/3/18 21:10,@DDBrave的头号粉丝 拿包,1
2025/3/18 21:17,生理性排斥,0
2025/3/18 21:23,他就是不爱了， 有点冷暴力，上节目都这样，可见现实生活是什么样的[尬笑],1
2025/3/18 21:29,董力就是麦琳性转版啊，为什么麦琳要被网暴董力却还能被容忍,1
2025/3/18 21:44,真心建议阿诺多工作让董力带娃，他不如阿诺有观众缘，而且看他带孩子挺有耐心的,0
2025/3/18 22:02,零个人知道他[好开心],0
2025/3/18 22:14,肯定是不爱他,1
2025/3/18 22:21,是不是下次就接再见爱人？？？？[抠鼻],0
2025/3/18 22:25,还说当初对阿诺一见钟情？真的假的？[灵机一动],0
2025/3/18 22:32,对呀，谁给他的自信呢[捂脸],1
2025/3/18 22:41,董力到底是谁啊！！,0
2025/3/18 22:47,偶像包袱太重了 又不火怎么想的,1
2025/3/18 22:47,他老婆不是很漂亮吗他到底不满意啥,1
2025/3/18 22:50,是不是最漂亮不好说，但绝对是外国美女，他到底在不满意啥。,1
2025/3/18 23:03,男人不爱你，但他会夸你懂事，因为他需要一个懂事的妻子,0
2025/3/18 23:36,所以他到底在嫌弃女方什么,1
2025/3/18 23:48,不爱了吧[抠鼻],0
2025/3/19 0:28,董力是啥？,0
2025/3/19 0:29,[看]通过这个节目懂哥应该更知道怎么爱老婆吧，大家给个机会让人家改吧,0
2025/3/19 2:28,看到他们，我想到了麦琳和李行亮在节目上一堆人打抱不平，和此时的前景一样,0
2025/3/19 3:35,我的感觉:谈了4年没结婚，就是觉得女方达不到妻子标准，后来怀孕了，只能奉子成婚啊,0
2025/3/19 4:39,像是这样的，因为夫妻之间不可能连装亲都不肯的,0
2025/3/19 6:28,@?????? 秦小姐 [微笑],0
2025/3/19 7:16,@英子,0
2025/3/19 8:27,好下头,1
2025/3/19 8:31,为啥我狮子的男友很不得所有人都知道他很爱我，不管在家里在外面都一样对我很好很好，到哪都牵着我不放，天天都说怕我走丢,0
2025/3/19 8:39,没有粉丝,0
2025/3/19 8:55,可是，生活中全是董丽她们夫妻这样的啊！生活里恩爱的真的很少,0
2025/3/19 10:38,外国女人那么独立都嫌弃,1
2025/3/19 10:41,@～！,0
2025/3/19 10:56,红？在哪里？[看],0
2025/3/19 11:54,他是为了上这个综艺提前结婚的吧,1
2025/3/19 12:20,可是以往的经验都是，那些在综艺节目里秀恩爱的好多都离婚了,0
2025/3/19 12:54,总感觉董力眼睛没有神[捂脸]感觉睡不醒一样,1
2025/3/19 12:59,没牌大耍[赞],1
2025/3/19 13:25,这个女人喜欢没办法啊[泪奔],1
2025/3/19 13:34,他是谁干啥的，不认识他[泪奔],0
2025/3/19 13:37,应该不红吧，没听过这个名字,0
2025/3/19 13:40,就你这样的还出来上什么节目啊 不够丢人的了,1
2025/3/19 14:06,哎，女的也是恋爱脑[捂脸]服了,1
2025/3/19 14:21,@下象棋的老爷爷,0
2025/3/19 14:33,阿拉蕾:董力爸爸，当年火的好像是我,0
2025/3/19 15:25,真操心,0
2025/3/19 16:02,董力是谁？怎么出名的？要不是这个综艺我都不知道他。,0
2025/3/19 16:20,应该不是错觉,0
2025/3/19 17:31,节目我看了，没有那么差劲，他只是情商低，有点不会表达，直男一点罢了,0
2025/3/19 17:41,如果阿诺在胖一点，有点肉，真的是非常漂亮啦，一段婚姻里，感觉她好可怜，过得这么小心翼翼，对董力太好了，太能包容了，不容易呀,0
2025/3/19 17:44,我也會想自己背[捂脸][捂脸][捂脸]你們也太過度解讀了吧,0
2025/3/19 17:53,整个综艺看下，每对都挺幸福，多少有点区别不过并不是如此不堪呀，祝福两位幸福下去[比心],0
2025/3/19 18:09,哈哈哈，我也觉得是这样！,0
2025/3/19 18:10,他不会想在比利时买个房子让孩子读书老婆陪读，然后自己在国内和2+1过二人世界吧[疑问],0
2025/3/19 18:20,他本来是不想让别人知道他有老婆的，现在全世界都知道了,1
2025/3/19 18:41,董力把阿诺当日本人整[憨笑][憨笑],0
2025/3/19 19:10,我发誓我不知道董力这个人？干什么的[裂开],0
2025/3/19 19:24,但他的奋斗吧，少年我真的很爱看，虽然他现实是。但他在里面的角色还是很不错的,0
2025/3/19 19:44,我装作不在意的时候也是这个样子[捂脸],0
2025/3/19 19:49,这个名字好熟悉，好像很久很久之前确实火过，一个综艺里忘了是啥了,0
2025/3/19 19:49,这男的是演员还是啥。。。。,1
2025/3/19 20:23,最重要的是，他躺在床上和他媳妇聊天那段，他媳妇已经说了，你说那些话我也会不舒服，但他依然说，我说的都是实话啊[尬笑],1
2025/3/19 20:23,首先他不是明星,0
2025/3/19 20:29,国外有自己的王宝钏,0
2025/3/19 20:47,他参加爸爸去哪儿的时候，我还挺喜欢他的，用他照片做了百度网盘的头像，后来软件卸载了。最近因为他这个节目里的迷之行为，我把百度网盘重新下载回来换了头像。[微笑],0
2025/3/19 20:51,@Tangyi,0
2025/3/19 20:58,可是他俩是周瑜打黄盖,1
2025/3/19 21:17,这对肯定得散,1
2025/3/19 21:25,@??GinMan,0
2025/3/19 21:28,麦林一开始表现得的确讨人厌，但我也不看好她老公，觉得也不是一个完全没心眼子的人，但是阿诺感觉就真的是一个很单纯很好的人啊[捂脸]不会又看错吧,0
2025/3/19 21:38,都9年了,0
2025/3/19 22:05,除了华仔结婚有骚动。那个明星还有过？,0
2025/3/20 0:41,红的是阿拉蕾啊[九转大肠],0
2025/3/20 0:46,他躺哪里“哈哈哈哈”的时候实则笑表示不在乎，其实超级在意[尬笑],0
2025/3/20 1:04,董力不会出轨吧,0
2025/3/20 1:57,他到底有啥活动啊，忙的没时间陪老婆孩子,0
2025/3/20 2:07,真的讨人厌,1
2025/3/20 4:07,如果只是这一个节目你可以质疑节目组，可是别的节目也讨人厌的话那就是人的问题,1
2025/3/20 6:40,董力这是生理性排斥,1
2025/3/20 7:56,站在他身边的可能[尬笑],1
2025/3/20 8:17,再恩爱的夫妻，一生中都有100次想离婚的念头和50次想掐死对方的冲动。互相吐槽是夫妻正常生活的一部分啊。但作为一个综艺节目，要懂表演和说话的重要性，不加润色修饰，不挑选故事就不好了。在综艺节目里，要分享美好的，搞笑的，感人的事，不能想起什么说什么啊，你看其他组嘉宾都是回忆最值得炫耀和感人的事啊[捂脸]。,0
2025/3/20 9:05,who care,1
2025/3/20 9:10,看面相这男的绝非良人,1
2025/3/20 9:18,我真的很谢谢初恋和我分手,0
2025/3/20 10:52,一个愿打一个愿挨，网友操碎了心，哈哈哈,0
2025/3/20 11:32,是觉得他太太拿不出手吧。嫌弃对方,1
2025/3/20 12:04,感觉不在意的就是周一围吧，当时全网说朱丹惨的时候他一句话没说,1
2025/3/20 13:04,不会真是姐妹吧[捂脸],1
2025/3/20 13:12,这就是不爱了[泪奔],0
2025/3/20 13:26,他绝对不是，他之前在岛屿少年那个自大的样子我至今记得，还排挤别人，他可不i,1
2025/3/20 14:00,真傻,1
2025/3/20 14:10,[笑哭][笑哭][笑哭],0
2025/3/20 14:30,原来董力真能看见 太好了[赞],0
2025/3/20 15:07,你们都只顾着骂他，你们没看出他俩的夫妻相么，就算是异国夫妻都很明显，说明这两人就是有缘分，他们的相遇也说明了这一点，一次出国买个咖啡就能认识然后在一起，电视剧都不敢这么拍。,0
2025/3/20 15:41,@不要碰我耳朵 @镜子. @Hего,0
2025/3/20 16:00,哈哈哈哈哈哈,0
2025/3/20 16:14,肯定不爱，他只是想找个外国女的生个混血子女,1
2025/3/20 16:40,热知识：老实人不会说自己是老实人的,0
2025/3/20 17:49,狗仔们快去叭，他外面肯定有人,1
2025/3/20 18:57,这么漂亮的女人[比心]真是白瞎了,0
2025/3/20 19:18,一开始我也以为是这样的，但是越看越觉得…不爱+超级自私的直男,1
2025/3/20 19:37,@阿诺_Manon,0
2025/3/20 19:38,@阿诺_Manon,0
2025/3/20 19:45,刚看了一点都觉得他们之间有点不爱，可能是因为阿诺现在是家庭主妇了吧。1、他在备采的时候说结婚是因为有了小孩，介绍的时候说阿诺现在是一位家庭主妇。2、介绍说以前是模特（本来以为可能他是很自豪骄傲的那种，但是给人感觉是那种想说自己找的老婆也不差以前是模特这种感觉）。3、在比利时 他说你妈妈已经到了。4、在比利时阿诺想买甜品的时候，问他的第一句是可以吗？,0
2025/3/20 20:40,对[泪奔],0
2025/3/20 20:51,谁家好人给老丈人送开瓶器？？？还给姥姥贴春联还是求事业的[看][看][看][看]最搞笑的是那个电子鞭炮,0
2025/3/20 21:01,呵呵,0
2025/3/20 22:05,@敢敢,0
2025/3/20 22:25,岛屿少年里就超在乎[捂脸][捂脸][捂脸],0
2025/3/20 23:41,我好像记得是国家前击剑运动员，那时候就是看他击剑不知道是赢了哪个国家的人，觉得他很帅，后面参加了爸爸去哪儿，后面就很少看到他出现在大屏幕里了,0
2025/3/21 1:31,哈哈[捂脸][捂脸][捂脸][看]真理,0
2025/3/21 7:20,看综艺董力也不错呀，这片段剪的太损人了,1
2025/3/21 8:15,我真的不知道董力演过什么[泪奔][泪奔]但是他老婆我眼熟，当过太平鸟的模特,0
2025/3/21 9:22,@半斤甘蔗,0
2025/3/21 9:32,这样还能恋爱脑[泪奔],0
2025/3/21 10:18,不喜欢为啥结婚,1
2025/3/21 11:17,@⑤ANG,0
2025/3/21 12:34,不像生理性喜欢，可能确实因为有了孩子[看],0
2025/3/21 12:34,不符合中式审美，甚至男相,1
2025/3/21 12:37,男人都好色，阿诺不符合中式审美，不属于圆润饱满的面相，董力结婚是因为孩子（可能是没脑子的实话）,1
2025/3/21 12:38,阿诺吃妆造，一起拜访的同框不和谐，没有夫妻相,1
2025/3/21 13:30,@敏锐的冰冻生菜 @我爱吃菠萝蜜 @Lyyyyling,0
2025/3/21 14:17,只想对阿诺说多爱自己,0
2025/3/21 14:34,人家孩子都生了。留点情面不行吗,1
2025/3/21 14:40,阿诺太恋爱脑了[笑哭],0
2025/3/21 14:48,要不是这个节目，都不知道有这么个人,0
2025/3/21 14:48,这男人，真不能做老公！,1
2025/3/21 14:49,杨子最起码有钱吧,1
2025/3/21 14:59,还是不会说话 如果说像可爱的小猪猪[猪头]就不会生气,1
2025/3/21 15:01,这个男人要学会赞美才行，他每次说话都是吐槽人家，不懂得用褒词，永远只会贬词踩雷。[捂脸],1
2025/3/21 15:53,实话本来就是这样[捂脸],0
2025/3/21 16:19,我当时看买房子这段视频时就在想，不打算买干嘛去看啊[捂脸],0
2025/3/21 16:31,为啥不埋怨自己情商低，埋怨别人,1
2025/3/21 16:44,突然觉得女的也太累了,0
2025/3/21 16:45,阿洛戴上头纱真的好美[送心],0
2025/3/21 16:51,@??,0
2025/3/21 17:17,"我：今天隔壁婶婶给了我两只她们家孵的小鸡给我
老公：哦～她怎么孵的？她给你的啊？她家怎么会孵呢？她为什么给你啊？
我：嗯
老公：是隔壁婶婶给你的啊？啊？啊？啊？
我：你再不闭嘴等下我撕烂你的嘴
老公：老婆你怎么了突然不高兴了我在和你好好说话呀",1
2025/3/21 17:36,董力跟阿诺的相处像极了我跟我老公，我也严重怀疑我老公根本不爱我[捂脸],0
2025/3/21 17:37,@Wulai,0
2025/3/21 17:42,@16· @???????? @ZiiYi @荔枝垂耳兔 @Roseanne,0
2025/3/21 17:43,阿诺把很多不合理的地方理解为文化差异、语言不通……,0
2025/3/21 17:45,我老公一直在外面给我喊大象，因为我的腿粗，后面十几年一直这么喊[尬笑],0
2025/3/21 18:02,每个国家都有自己的恋爱脑[微笑],0
2025/3/21 18:04,就是这样，不然他不会来一句拎的清,1
2025/3/21 18:34,有点像npd,0
2025/3/21 18:49,我真是无语，人家两个过的好就行,0
2025/3/21 18:50,我只是觉得董力不够成熟，想问题太单一只想到自己，有点大男子主义，没有为对方考虑，而且在节目里也不是很放得开，很多人说不爱，不爱回娶吗？爱还是肯定爱的！这个节目没有比较就没有伤害，因为有了比较，网络上的各种不好评论对董力夫妇也是一种伤害，我觉得吧，这次旅行也是在教会董力夫妇在感情和婚姻上的一次再成长，董力应该虚心的向哥哥们学习。我相信哥哥们也很乐意向他传授经验[爱心],0
2025/3/21 18:55,黑红也是红,1
2025/3/21 18:58,@////,0
2025/3/21 18:59,阿诺这么好的姑娘,0
2025/3/21 19:08,点了哈哈哈,0
2025/3/21 19:27,男人如果有生理排斥多数是外面有人了,1
2025/3/21 19:29,有木有可能，他不怎么会本身，不能这样放大了说，可能不懂体贴,0
2025/3/21 19:37,看了半天真的没认得出是谁[捂脸][捂脸][捂脸][捂脸]可能我年纪大了不认得一些年轻的明星了[捂脸],0
2025/3/21 20:07,还可以上，再见爱人[看],0
2025/3/21 20:28,[笑哭][笑哭][笑哭]是 这个我赞同 … 不是董力不会是嫌弃,0
2025/3/21 20:29,董力真的有粉丝吗,1
2025/3/21 20:33,前面都忍住了 后面说像??的眼睛 太好笑了 不过很形象[捂脸],0
2025/3/21 20:44,没电就没电了，抱什么又不是小孩子，我是男人的话也这样[捂脸],1
2025/3/21 20:54,@菜菜子 @喜欢吃皇冠丹麦曲奇的女人. 哈哈哈哈哈哈哈,0
2025/3/21 21:17,是，你一说有点印象,0
2025/3/21 21:18,董力是谁？很红吗？,0
2025/3/21 21:26,你没有深爱的人你不懂[流泪],0
2025/3/21 21:29,他哪位？,0
2025/3/21 21:31,我不恋爱脑，到了柴米油盐，没钱什么都是假的，只剩干了,0
2025/3/21 21:39,感觉阿诺不自信，估计是平时老是被贬低吧。,1
2025/3/21 21:39,这个人是谁啊[捂脸][泪奔]去哪里都么压力,0
2025/3/21 21:43,说实话要不是因为这个节目我都不知道董力[尬笑],0
2025/3/21 21:46,笑死我了,0
2025/3/21 21:56,黑红也是红,1
2025/3/21 21:57,不好意思  我真不认识,0
2025/3/21 21:57,董力是个啥啊，他干什么的,0
2025/3/21 21:58,他是什么明星？演过电视剧还是唱过歌？,0
2025/3/21 22:02,以前不是,0
2025/3/21 22:04,老婆给我一个眼神我就知道了,0
2025/3/21 22:05,哈哈,0
2025/3/21 22:07,他是谁呀[发呆][发呆]都不认识呢[发呆],0
2025/3/21 22:14,不管外人怎么说 她爱他画的饼 ?? [尬笑],0
2025/3/21 22:19,反正这个节目挺喜欢他老婆的,0
2025/3/21 22:22,@-吐一个泡泡 @??777 [泪奔][泪奔],0
2025/3/21 22:29,而且最新一期吃饭拉凳子那块儿，我不由自主一个大白眼，特别绅士的赶紧跑，这句话不是没道理的[笑哭],0
2025/3/21 22:34,这些人只有董力不是出道就混娱乐圈的。。。其实看看就好,0
2025/3/21 22:36,[泪奔][泪奔],0
2025/3/21 22:44,[尬笑][尬笑][尬笑],0
2025/3/21 22:46,她好像不是国际模特吧？,0
2025/3/21 22:50,董力干嘛的？,0
2025/3/21 22:50,她上过巴黎时装周不算国际模特吗？,0
2025/3/21 22:51,哈哈哈哈，我天,0
2025/3/21 22:58,@????,0
2025/3/21 23:11,不是这男的谁啊,1
2025/3/21 23:12,自信点不是错觉,0
2025/3/21 23:17,哈哈哈哈哈哈哈哈哈哈哈哈好笑死,0
2025/3/21 23:27,乱剪,1
2025/3/21 23:58,神经病，人家买个有学区的，有孩子不正常吗？真的是好笑。,1
2025/3/22 0:00,那我嫁错了[捂脸][捂脸],0
2025/3/22 0:31,@原来是颖哥阿,0
2025/3/22 0:37,一个愿打一个愿挨，男的就是在装[微笑]，,1
2025/3/22 0:42,小时候喜欢他是因为阿拉蕾给的滤镜[困],0
2025/3/22 0:44,女孩千万不要恋爱脑啊[快哭了],0
2025/3/22 1:37,阿拉蕾爸爸不是邓伦吗？我记错了吗？,0
2025/3/22 1:43,不是小山竹吗？,0
2025/3/22 1:59,戚薇说的没毛病[赞],0
2025/3/22 2:02,我一直以为他是里面素人上综艺的，哈哈哈哈哈哈他干啥的？,0
2025/3/22 2:35,我也觉得像，像极了那些外面有三所以跟老婆保持距离[尬笑],1
2025/3/22 3:05,怕阿诺去市中心消费花钱吧[捂脸]，谁都不认识他，我因为这个才知道他这个人[捂脸],0
2025/3/22 3:06,茅台又不贵对他来说，都不送[捂脸],1
2025/3/22 3:41,一直对他无感 记得之前是喜欢阿拉蕾 小宝宝太可爱太萌了 阿拉蕾很喜欢他 硬是把他看顺眼了[憨笑][憨笑][憨笑],0
2025/3/22 4:23,愿打愿挨是这样吗,1
2025/3/22 4:41,哈哈哈哈哈哈哈哈哈哈哈哈哈哈哈哈哈哈哈,0
2025/3/22 7:04,请问，董力是谁？他太自信了，得有一半人不认识他，他在担心什么？[捂脸],0
2025/3/22 7:15,不知道董力，第一次听,0
2025/3/22 7:33,他们火了，都是各位姐妹的功劳，他们的表演成功了，再说比起各位的老公，他是大家都认识的名人了，确实不普通了。,0
2025/3/22 7:58,现实里真的很少看到大庭广众下很亲密的，我公婆去旅游，说团里一对四五十的夫妻很亲密肯定不是正常夫妻，后来确定确实不是,1
2025/3/22 7:58,这个节目谁主持？,0
2025/3/22 8:23,说实话真不知道董力是谁[捂脸],0
2025/3/22 8:23,在一起九年啦，为何以前湖南的我家那闺女和天天向上，老是跟清子炒cp,0
2025/3/22 8:26,@三角涵数,0
2025/3/22 8:32,不看抖音，我还不知道董力是谁，他老婆比他更有明星脸[大金牙],0
2025/3/22 8:40,他真的不太熟啊[捂脸],0
2025/3/22 8:44,真的是，他是谁啊,1
2025/3/22 8:52,有一说一，我之前不知道董力是谁，到阿诺海报和杂志[呲牙],0
2025/3/22 8:52,我一直以为那个是邓伦[捂脸],0
2025/3/22 8:59,@贺儿,0
2025/3/22 9:01,对，一开始肯定觉得自己洋气特别长脸，外国女人老得快，文化习惯又格格不入无法融入，所以厌倦了,1
2025/3/22 9:02,董力家有钱啊，其实就是个喜新厌旧的问题,1
2025/3/22 9:12,这个董力是和金沙男朋友的那个什么少年里面，和金沙男朋友对着干的那个么？,0
2025/3/22 9:14,是的,0
2025/3/22 9:16,我也不认识，是我见识少了[捂脸],0
2025/3/22 9:20,哈哈哈哈哈哈哈 我都不知道他是谁,0
2025/3/22 9:28,……讲真！完全不认识！[干饭人],0
2025/3/22 9:37,好了。现在认识了,0
2025/3/22 9:40,@NANA ya,0
2025/3/22 9:44,他的大数据可能跟我们不太一样[泪奔]所以挑错了剧本,0
2025/3/22 9:47,[宕机]他哪位啊,0
2025/3/22 9:58,@老时间,0
2025/3/22 10:02,董力是嘎哈的？[捂脸],0
2025/3/22 10:16,@醒不来,0
2025/3/22 10:17,@葡萄拼了?? @我爱上班 @David 又来一个,1
2025/3/22 10:19,每天给我们写字楼送餐的小哥比他人气高多了,0
2025/3/22 10:22,下面有个评论说的有道理 “他早早公布婚讯，走异国恋宠妻这个路线。说不定比现在火多了[捂脸]”,0
2025/3/22 10:22,[尬笑],0
2025/3/22 10:22,@北北北大街 @XIAOYIMA,0
2025/3/22 10:23,不认识,0
2025/3/22 10:24,我怎么记得是李现,0
2025/3/22 10:24,那么问题来了，阿诺又是谁？,0
2025/3/22 10:26,我刚去看了 现在他抖音真是这个路线了 但是太像演的了[宕机][宕机][宕机],1
2025/3/22 10:39,以为自己很帅，恶心[捂脸],1
2025/3/22 10:41,@AngelZz,0
2025/3/22 10:41,是谁？他是谁？请大家给我科普一下,0
2025/3/22 10:45,@抑郁患者 @特别好. @只想吃宵夜?? @睡得好吗 @lina^ @余生 @乖欣欣? @Lin   J @云朵.,0
2025/3/22 10:47,明星？他谁？,1
2025/3/22 10:48,还好 现在搜索引擎都接 AI 了，不然以他咖位，查一下还费不少事,0
2025/3/22 10:53,哈哈哈哈哈哈哈哈,0
2025/3/22 10:54,感觉是,0
2025/3/22 11:01,我第一感觉就是他怕去市中心花钱[捂脸],0
2025/3/22 11:03,感觉他不是很爱阿诺[尬笑],0
2025/3/22 11:10,真不认识这谁[微笑],0
2025/3/22 11:14,除了这个，其他地方真没见过他,0
2025/3/22 11:19,不是，是他,0
2025/3/22 11:20,偶像包袱严重吧，还想做迷妹们的男朋友人设,1
2025/3/22 11:24,@??小熊的蜂蜜罐,0
2025/3/22 11:25,谁啊 认识吗[九转大肠],0
2025/3/22 11:25,@kuaikuai,0
2025/3/22 11:34,他走大街上我都认不出来是明星,0
2025/3/22 11:36,@林间听听,0
2025/3/22 11:37,@九九今天吃鱼了吗（拒绝加班版）,0
2025/3/22 11:39,现在应该慢慢红起来，我也是这里才知道他是董力，是击剑员[笑哭][笑哭][笑哭],0
2025/3/22 11:42,还是不认识[捂脸],0
2025/3/22 11:43,他是谁呀？根本不认识[衰],1
2025/3/22 11:44,@小小????,0
2025/3/22 11:44,@小薯片我啃啃 哈哈哈,0
2025/3/22 11:47,如果说直接艾特他，他会来看到吗[看],0
2025/3/22 11:48,他想多了，，，不认识,1
2025/3/22 11:48,哈哈哈哈哈哈,0
2025/3/22 11:48,哈哈，[笑哭][笑哭][笑哭]，不认识也没关系呀，一定要认识他吗[笑哭][笑哭][笑哭]，认识其他明星行不行[笑哭][笑哭],0
2025/3/22 11:50,我真的不认识[泣不成声]有过什么作品？,0
2025/3/22 11:56,感觉阿诺进了缅甸园区[泪奔][泪奔],0
2025/3/22 12:03,董力？我寻思是董明珠和格力的缩写[泪奔],1
2025/3/22 12:04,走到街上没一人知道是谁[尬笑],0
2025/3/22 12:06,都不知道他是谁就算有我也不看呀[尬笑],0
2025/3/22 12:13,好了，本来不知道他是谁现在知道了，他的流量起来了[皱眉],1
2025/3/22 12:13,@董大力 是真的吗,0
2025/3/22 12:16,[捂脸][捂脸][捂脸],0
2025/3/22 12:30,@阿欣.,0
2025/3/22 12:36,很明显动力不爱她,1
2025/3/22 12:37,就是，其他都是借口，主要就是不爱,1
2025/3/22 12:39,@不发脾气只发财,0
2025/3/22 12:44,@Bubble gum @酪酪冰兔兔圆糖 @Yuj(#`O′),0
2025/3/22 12:48,不知道是谁[尬笑],1
2025/3/22 12:48,自信点[微笑],0
2025/3/22 12:49,不看重自己媳妇儿的人，再厉害成就也有限。更何况……,1
2025/3/22 12:54,火的是阿拉蕾不是他[九转大肠],0
2025/3/22 12:54,那就没有梦女给他花钱了,1
2025/3/22 12:59,这种男人 天生自私,1
2025/3/22 12:59,对，我同学说白种人年轻是很漂亮，说 30多岁身材爆肥比黄种人老十几岁,1
2025/3/22 12:59,虽然我不知道谁是董力，但是他这种自我为中心的自恋性格应该活的比较开心[捂脸],1
2025/3/22 13:05,其他应该都认识,0
2025/3/22 13:27,人家跳水女王郭晶晶都没有这样吧,1
2025/3/22 13:27,有点印象了,0
2025/3/22 13:28,@Back to the sea. [泪奔],0
2025/3/22 13:29,他是歌手还是演员？怎么一点印象都没有？,1
2025/3/22 13:31,恕我冒昧 我不认识他[捂脸],0
2025/3/22 13:33,要命，根本不认识，从来都没说过[捂脸][捂脸][捂脸][捂脸],0
2025/3/22 13:37,我觉得他是觉得拿不出手才会躲躲藏藏，,1
2025/3/22 13:38,不懂就问，他是干啥的[捂脸],0
2025/3/22 13:42,阿诺真的又美，又高，又瘦，又有气质[泣不成声][泣不成声][泣不成声],0
2025/3/22 13:46,我是因为这个节目 才知道董力的[捂脸],0
2025/3/22 13:49,好好好,0
2025/3/22 13:50,他演过啥呢[宕机],1
2025/3/22 13:59,我说他咋这么眼熟 你这么一说 我一下子就想起了 还真是他,0
2025/3/22 14:02,对,0
2025/3/22 14:04,你不懂,1
2025/3/22 14:13,哈哈哈哈哈哈哈,0
2025/3/22 14:24,哈哈哈哈哈哈哈哈[捂脸]说的好,0
2025/3/22 14:38,好像之前一个运动员,0
2025/3/22 14:39,我看综艺 他老婆说是因为以前蕫力火的时候她被偷拍骂了，所以一直会担心公开被骂[笑哭],0
2025/3/22 14:40,他以前和阿拉蕾录过综艺那时候还挺火的,0
2025/3/22 14:43,阿拉蕾我知道，他真不知,1
2025/3/22 14:44,体育生啊,0
2025/3/22 14:47,不用理他们，他们就是用放大镜看别人，但对自己毫无要求。,1
2025/3/22 14:49,很早以前了 [笑哭],0
2025/3/22 14:57,你别说实话啊哈哈哈[捂脸],0
2025/3/22 15:00,我都不知道这男的是谁[捂脸][捂脸][捂脸],0
2025/3/22 15:07,不认识，站我旁边我都不会问他要个签名,1
2025/3/22 15:11,哈哈  是的  他有包袱[尬笑],0
2025/3/22 15:32,我感觉董力在pua这个外国妻子，就是贬低她，反正感觉到了她的不自信，并且感觉她以前没和董力在一起之前应该是闪闪发光的，很自信的,1
2025/3/22 15:37,谁能告诉我他是谁是演员还是歌手还是网红或者是模特为什么从来没听说过,1
2025/3/22 15:48,可是我真不认识这个人[憨笑],0
2025/3/22 16:01,不认识[捂脸],0
2025/3/22 16:01,我还以为他们是演的一对咧,0
2025/3/22 16:02,我也看到了[捂脸][捂脸][捂脸],0
2025/3/22 16:09,他火过吗[看],0
2025/3/22 16:11,??跟我之前谈的一个男的一样 两万粉丝 很大的偶像包袱,0
2025/3/22 16:14,哈哈哈哈哈哈哈哈笑晕,0
2025/3/22 16:18,真的[表面微笑]不公开 出门像啥一样 像拍间谍片一样 走的很快 总觉得很多人关注他 然后我说你又不是大明星 大明星都公开恋爱 他说他加了mcn 参加了综艺[我想静静]不知道的以为我在跟演艺圈的顶流谈恋爱[我想静静],1
2025/3/22 16:20,@余淮,0
2025/3/22 16:36,真是服了啊,1
2025/3/22 16:44,两万粉丝整出两百万的包袱,1
2025/3/22 16:57,都不认识他[捂脸],0
2025/3/22 17:02,渣男了[赞],1
2025/3/22 17:04,好像是,0
2025/3/22 17:05,不认识董力，也不认识她老婆，但你要说妖精的口袋，那我可太知道了,0
2025/3/22 17:08,那个采访她说了，他那几年他大火！,0
2025/3/22 17:10,朋友送我一束花都不止9朵，这哥们求婚送9朵是这个[赞][憨笑],0
2025/3/22 17:28,从和金莎男友孙丞潇那个综艺开始，就觉得这人真的好讨厌,1
2025/3/22 17:37,这么说，我知道阿拉蕾，但是我真不知道谁是董力呀[尬笑]听都没听过,0
2025/3/22 17:45,上错节目了，应该去再见爱人,1
2025/3/22 17:54,就是两瓶飞天茅台也好，还有五粮液，多的是,0
2025/3/22 18:16,他说“像我这种老实人”的时候我就在想真是老实人被黑得最惨的一次啊,1
2025/3/22 18:25,第一次见…他是谁[发呆],0
2025/3/22 18:34,谁认识他啊,1
2025/3/22 18:40,他到底为什么火起来的[呆无辜][呆无辜],0
2025/3/22 18:41,他甚至没火过[泪奔],0
2025/3/22 18:41,他到底是干嘛的……[噢买尬],1
2025/3/22 18:42,@?寒real?,0
2025/3/22 18:44,当时要不是阿拉蕾太可爱谁还记得他啊[尬笑]真搞不懂[愉快],0
2025/3/22 18:51,当挂件,1
2025/3/22 19:04,@堆烟烟 [噢买尬],0
2025/3/22 19:19,下一个综艺就是再见爱人五[看],0
2025/3/22 19:30,对对[赞],0
2025/3/22 19:36,有一说一这段没必要过度解读，小孩子说话没有逻辑的，主持人在引导，她就会顺着话头说下去,0
2025/3/22 19:37,完全不认识[尬笑]谁啊？[尬笑],0
2025/3/22 19:38,@嗯。 @⑨肆李 @是舒舒阿. 完全不认识,0
2025/3/22 19:39,不是。开场我以为女生是董力。毕竟颜值在啊[裂开],0
2025/3/22 19:46,董力的主题旋律[笑哭],0
2025/3/22 19:51,你别说不知道，阿拉蕾是个宝宝，到底还是要他照顾的！他就是阿拉蕾带起来的,0
2025/3/22 21:09,[捂脸][捂脸][捂脸]我老公也不给我背包，也不会当的外人面亲热，我觉得挺好的，现在看多了恩爱的，要不出轨了，要不离婚了，正应了哪句话晒恩爱死的快！平平淡淡感觉就是普通人的状态吧，生活又不是偶像剧,0
2025/3/22 21:12,一家四口100平很挤么[流泪],0
2025/3/22 21:41,之前看到评论说感觉董力很像害怕让哪个富婆姐姐生气了[泪奔],0
2025/3/22 21:47,有钱人也有情种的。就是人的问题,0
2025/3/22 21:49,本来就不知道有这号人，只记得阿拉蕾。,0
2025/3/22 21:51,该说不说他老婆真漂亮,0
2025/3/22 21:53,@@宁采臣 唉,0
2025/3/22 22:04,好陌生的男人[尬笑][尬笑],0
2025/3/22 22:05,以前走偶像年轻帅哥那一挂的，爸爸去哪儿之后没什么火花，这都好几年了，没准想借着妻子再翻火一下,0
2025/3/22 22:18,我想问他是谁[抠鼻][抠鼻],1
2025/3/22 22:38,这不是爱不爱的事，是本身就没教养没素质，对人最基本的尊重都没有，这种人还有个百分百的特点：拜高踩低,1
2025/3/22 22:53,@KKKK,0
2025/3/22 22:56,胡歌隐婚生娃我能理解，不是，这个哥们是谁啊[捂脸],1
2025/3/22 23:12,他居然怪她脸色变,1
2025/3/22 23:30,很明显就是早就变心不爱了,1
2025/3/22 23:56,我都不知道是谁,0
2025/3/23 0:21,吧感觉去掉,0
2025/3/23 0:55,所以为什么这种人会有钱会有老婆,1
2025/3/23 1:13,对不起如果不刷到这个视频我都不认识,0
2025/3/23 1:17,老外老的快，董力看起年轻，估计嫌她老。,1
2025/3/23 1:33,@阿诺和大力,0
2025/3/23 1:36,天呐 你怎么会有这么可怕的想法?? 孩子这个又是女的生啊 他男的有不痛身上 是个女的他都动物本性,1
2025/3/23 1:51,不得不说他又火了一把[看],0
2025/3/23 3:01,@市民小宋,0
2025/3/23 3:53,他是不是外面有人了,1
2025/3/23 6:31,运动员要求什么共情能力，不家暴都是很好了，我表姐嫁了个运动员，被打到抑郁[尬笑][尬笑],1
2025/3/23 6:57,哈哈哈哈 你骂的也太难听了哈哈哈哈,1
2025/3/23 7:02,就因为总有人说长道短，所以他在镜头前才不知所措,1
2025/3/23 7:41,@阿诺和大力 她说的还真是,0
2025/3/23 8:00,中国有自己的金秀贤[流泪],0
2025/3/23 9:14,没看到说吗？表白都是他老婆先表白的，应该就是老婆比较爱他，这是阿诺自己的选择,0
2025/3/23 9:15,没看到说吗？表白都是他老婆先表白的，应该就是老婆比较爱他，这是阿诺自己的选择,0
2025/3/23 9:38,韩庚忍很久了[捂脸],0
2025/3/23 9:46,隐婚是因为阿诺和他在一起的时候被网暴过，然后阿诺选择不公布出来，不想被人骂，在节目里面阿诺自己说的,0
2025/3/23 10:48,所以？？,0
2025/3/23 11:00,搜索了一下 还没阿诺粉丝多括弧常熟阿诺,1
2025/3/23 11:07,他谁啊[发呆],1
2025/3/23 11:15,他是谁？,0
2025/3/23 11:17,这是谁啊,0
2025/3/23 11:26,第一次知道有这么一个人[微笑],0
2025/3/23 11:37,火的是阿拉蕾[笑哭],0
2025/3/23 11:43,说了半天我都不知道他是谁,0
2025/3/23 11:49,不是这条抖音  我都不认识董力,0
2025/3/23 11:53,。。。。哦，天呐。我的想法怎么会这么可怕,0
2025/3/23 11:56,原来是扮演阿拉蕾爸爸的那个[宕机],0
2025/3/23 12:00,哎，我是男人但我觉得你说的对。啥男人都能被原谅,0
2025/3/23 12:15,董力到底是谁啊，不是，阿拉蕾又是什么[暗中观察],0
2025/3/23 12:23,他不是纯素人吗,0
2025/3/23 12:53,@恧,0
2025/3/23 12:57,这谁？,0
2025/3/23 13:19,@LLLLL。 包都不帮老婆拿，这董力也太不会照顾人了,1
2025/3/23 13:21,谁啊？董明珠儿子？,0
2025/3/23 15:11,我都不知道董力是谁[捂脸][OK],0
2025/3/23 15:26,之前另外一个综艺我去年也骂过了,1
2025/3/23 15:27,第一次听这个名字，26年[看],0
2025/3/23 16:36,谁啊这是？[九转大肠],1
2025/3/23 16:54,这谁啊[捂脸],1
2025/3/23 16:56,是真的听都没听过,0
2025/3/23 17:06,他是哪个[逞强落泪],0
2025/3/23 17:09,反而董力这种能过到底。因为他不装了。,0
2025/3/23 17:16,感谢这个抖音让我认识有这个人,0
2025/3/23 17:17,人家目的达到了[发呆],0
2025/3/23 17:18,@豆鲨包 窒息,1
2025/3/23 17:19,美不美不重要，既然是夫妻就应该相互尊重,0
2025/3/23 17:20,[泪奔]这是谁啊,1
2025/3/23 17:23,有个博主评价他，他对于娱乐圈就相当于自行车对于鱼,0
2025/3/23 17:26,不是，哥们你谁啊？,1
2025/3/23 17:28,他是谁啊？,0
2025/3/23 17:29,[捂脸]所以他是谁,0
2025/3/23 17:31,董力，我以为是董明珠的格力。阿诺，我以为是头顶尖尖的。,0
2025/3/23 17:40,中国有自己的金秀贤[敲木鱼]眼睛也有点像,0
2025/3/23 17:43,自信点，纯素人[捂脸],0
2025/3/23 17:57,他是明星吗[笑哭],0
2025/3/23 18:02,我不知道这是谁啊[九转大肠],0
2025/3/23 18:02,能不能押押韵，我听的难受死了[尬笑],1
2025/3/23 18:04,@阿诺和大力 [捂脸],0
2025/3/23 18:15,[捂脸]我太单纯了，我心想是他们鼻子太挺亲不着嘴巴,0
2025/3/23 18:16,看的一脸懵，董力是谁，搜了一下，还是完全不认识[泪奔],0
2025/3/23 18:18,特地搜了一下 运动员成绩基本忽略不计啊,1
2025/3/23 18:31,他是谁呀,0
2025/3/23 18:34,没听过啊，今天第一次听[不你不想],0
2025/3/23 18:36,谁啊,0
2025/3/23 18:37,不认识这个人。。。,0
2025/3/23 18:53,下了节目就上再见爱人了吧[捂脸]这男的真的好会PUA[奸笑] 最讨厌男人说 你卡粉 你睫毛像苍蝇腿,1
2025/3/23 19:01,还站在你身边的可能？你是个屁呀,1
2025/3/23 19:16,一家四口一百平[微笑]很委屈吗[流泪],1
2025/3/23 19:19,哈哈哈哈哈哈,0
2025/3/23 19:25,@echo。。,0
2025/3/23 19:31,还以为是大锁,0
2025/3/23 19:31,都参加妻子的旅行了，等于公开了，为啥还给人一种嫌弃的感觉呢。奇怪了,0
2025/3/23 19:39,他是谁,0
2025/3/23 20:03,董力是谁,0
2025/3/23 20:07,要不是这个视频 我都不知道这个节目,0
2025/3/23 20:12,我说句实话，韩宇航和董力你们可能都没听说过，哦，韩宇航是我同学,0
2025/3/23 20:15,不喜欢何必硬撑，所以啊日子怎么会和谁过都一样？,0
2025/3/23 20:16,编曲的真的是一个人才,0
2025/3/23 20:18,所以董力是谁,0
2025/3/23 20:21,阿诺说出来这一段，大家都在笑，董力脸上就快挂不住了，表情不是一般的难拿，怪不得后来她老婆一说话他就先说你又要爆我什么料[呲牙],1
2025/3/23 20:31,他 谁啊,1
2025/3/23 20:39,以前好看现在他可能觉得不好看了,0
2025/3/23 20:40,@贰靈贰柒 这是谁啊,0
2025/3/23 20:41,买房子很正常啊，如果是我，我也会这样问那买房子肯定要考虑的是投资价值，有没有学区？能不能上了一个好学校，生活便利不，而不是看这个房子漂不漂亮有什么用，在漂亮，生活也不便利啊,0
2025/3/23 20:46,董丽是谁呀？,0
2025/3/23 20:53,他得感谢你这个视频，不然都没人会想到他。,0
2025/3/23 21:00,董力是谁[捂脸],0
2025/3/23 21:12,不太熟,0
2025/3/23 21:13,虽然我不喜欢董，但单看这段主持人的问题更大吧，话都说到这份上了，肯定是顺着孩子说，一笔带过体面些，也不能把孩子往地上一扔就开始说教吧[绝望的凝视],0
2025/3/23 21:16,@朱古力麻麻,0
2025/3/23 21:25,过到底？？那你看看人家胡静两口子，人家都一起步入老年了,0
2025/3/23 21:26,他是哪个明星[大笑][大笑]没听过,1
2025/3/23 21:42,那我问你……,0
2025/3/23 21:44,[捂脸]出去玩我的包千万不要我老公拿，因为那是我的穿搭[捂脸],0
2025/3/23 21:46,董力去年不也被骂了吗今年还要继续呀[泪奔],1
2025/3/23 21:46,@阿诺和大力 来看看,0
2025/3/23 21:52,谁是董力？[尬笑],0
2025/3/23 21:53,我当时看还以为是这个国外这个找了个中国倒插门,1
2025/3/23 22:03,这谁,0
2025/3/23 22:05,就像之前说的结婚是因为有了小孩儿,0
2025/3/23 22:14,[九转大肠]完全不认识,0
2025/3/23 22:15,董力是谁？,0
2025/3/23 22:31,董力是谁[黑脸],1
2025/3/23 22:33,@唯怡 没必要吧[黑脸]这一看就是想赶紧让这个问题过去[黑脸],1
2025/3/23 23:03,@猛虎嗅蔷薇 [泪奔],0
2025/3/23 23:10,董力是演员还是歌手[宕机] 诚心问 毕竟相关搜索里都没显示,0
2025/3/23 23:11,他是谁？,0
2025/3/23 23:22,谁？,0
2025/3/23 23:26,他干嘛的？,0
2025/3/23 23:50,谁[捂脸],0
2025/3/23 23:54,我已经能想象他给她老婆说的：“看吧 引起了多少争议”[黑脸],1
2025/3/24 0:05,谁？[暗中观察],0
2025/3/24 0:06,他是谁啊[白眼],1
2025/3/24 0:18,旁观者都看不下去这个男的 旁边人看得最清楚,1
2025/3/24 0:19,董力是谁[捂脸]这种事让我想起来以前一个网红出街找了一堆保安结果街上没一个人认识她[捂脸],0
2025/3/24 0:24,我感觉我要是去这节目 也是一样 哈哈哈哈哈哈哈,0
2025/3/24 0:25,所以他是谁？,0
2025/3/24 0:26,2025年2月14日13点14分，董力与妻子晒合照官宣参加节目《妻子的浪漫旅行》，间接官宣结婚喜讯。,0
2025/3/24 0:29,你们根本不懂，他这么做完全是为了照顾阿拉蕾。,0
2025/3/24 0:30,可气的是后面备采还不承认自己说了这句话,1
2025/3/24 0:35,谁啊[黑脸],1
2025/3/24 1:02,这个顶流到底是多忙[暗中观察],0
2025/3/24 1:55,当初看爸哪对董力的滤镜全被他败完了，唉，都怪当年蓝色生死恋把眼睛哭瞎了。,1
2025/3/24 2:02,这个恋爱脑[泪奔][泪奔],0
2025/3/24 4:29,全程都在把原因归结于女生，他并不爱她[尬笑],1
2025/3/24 5:57,他谁啊[尬笑],1
2025/3/24 6:25,"不一定有别人，可能是从小就""啥也不你管，好好练体育""的没教育好。在有奥运会以后好多运动员都是第一次万众瞩目，都飘了",1
2025/3/24 7:03,早点分开比较好,0
2025/3/24 7:29,？？？,0
2025/3/24 7:34,董力是干啥的,0
2025/3/24 7:43,阿诺好漂亮～,0
2025/3/24 7:53,我觉得这种视频是在帮董做推广，你们是懂玩流量的。,0
2025/3/24 8:29,谁？,0
2025/3/24 8:35,乜水啊[捂脸],1
2025/3/24 8:59,从来没有听过他，我查查演过啥,0
2025/3/24 10:09,没听说过也没见过,0
2025/3/24 10:37,什么作品？,0
2025/3/24 11:41,有点像雷佳音却没雷佳音的能力！,1
2025/3/24 12:09,我也会,0
2025/3/24 13:00,小区里遛娃能看到他老婆，和邻居聊天才知道原来有这么个人,0
2025/3/24 13:10,他和董明珠是什么关系,0
2025/3/24 13:18,确实太溺爱他了[呲牙]一直一直再夸他，每个细节,0
2025/3/24 13:33,人家媳妇都没说话，外人少说话。,0
2025/3/24 13:56,不认识[黑脸],0
2025/3/24 14:24,拿老婆做人设。。阿诺比他优秀多了,1
2025/3/24 14:53,我老公就在外人面前装高冷，家里完全不一样,0
2025/3/24 15:40,九年前不也就是个小咖吗[泪奔][泪奔],0
2025/3/24 16:16,他是不是当年爸爸去哪儿带阿拉蕾的人，当年看着他挺好的啊，现在怎么这样,1
2025/3/24 16:35,董力？不认识[捂脸],0
2025/3/24 16:50,退出节目吧，董力，太多余了，阿诺她卑微了,1
2025/3/24 16:54,阿诺真是太好了[比心],0
2025/3/24 16:57,问题我也是个孩子！都是第一次做人夫和人妻，一起好好享受人生，一起变化，一起磨合吧！他们就是我们的样子[比心],0
2025/3/24 17:12,怎么可能因为别人骂几句就突然变好了？要么就是本来很好，演的不好，要么就是本来不好，现在演的很好~,0
2025/3/24 17:23,只能说什么锅配什么盖，一个愿打一个愿挨,1
2025/3/24 17:38,他两太般配了，养眼,0
2025/3/24 18:00,阿诺应该说，谢谢你的改变，多夸他更爱你，男的才会越来越爱,0
2025/3/24 18:32,这男的真的不是骗婚gay吗？,1
2025/3/24 18:34,背井离乡嫁给你，一定要对人家好，如果之前好，那以后要更好,0
2025/3/24 18:41,哇哇，越来越好吧，这才是真实的夫妻,0
2025/3/24 18:42,董力很会说话啊，祝福他们,0
2025/3/24 18:51,通过这个节目，董力才发现他不是男神，只是个人，是一个女人的丈夫，是2个孩子的爸爸，终于清醒了，要不以前还以为自己是偶像，还隐婚，笑死,1
2025/3/24 19:18,如果不是这个综艺，我连董力是谁都不知道[我想静静]，哪里来的偶像包袱[我想静静][我想静静],1
2025/3/24 19:42,下一个节目估计都要上再见爱人,0
2025/3/24 19:54,情人[偷笑],1
2025/3/24 19:56,我家老公会怎么样呢？有时候也没那么细心啊，但是多数的时候如果我说出去玩，然后我背个包，他直接就拿过去了。以前他我过生日的时候他不买礼物给我，现在我说了他很多次，我说一朵小花也行啊，女人嘛，就想要个开心的嘛，然后每次过什么什么情人节呀，我生日的时候啊，要不然给我买花，要不然就给我买巧克力呀这些。反正我也不会骂他，我以前会骂他的，我说你买花干嘛呢？不能给我的，后面我都不骂他了，我就会表现很开心了，然后后面他都会给我送东西，哎呀，我挺开心的。[捂脸]因为我看那个再见爱人那个麦林就是这样子，他不是说她说她老公送礼物没有送到他心巴上了，然后就不开心，然后还说吧，那谁下一次还会给你送礼物啊，妈的给你送礼物你还骂我，你还想下一次收到礼物你去死吧。[偷笑][偷笑],0
2025/3/24 19:58,我觉得是不是觉得他老婆现在老了，这是他的脸啊，五官啊，太瘦了，看起来是有点老的感觉，因为外国人老的比较快，还有就是太瘦了脸部他可能刚开始很喜欢他的时候是他还在很年轻的时候一眼就看中这是因为外貌才喜欢他老婆吗？反正我感觉董丽不是一个很很什么的人，都说很好的那种，唉反正我不懂得怎么说，你可以去刷那个什么岛屿少年里面的那个董丽的片段你就知道他是一个什么样的人，他说一个20多岁的人你们会懂得。会懂得什么？有什么话都说出来吗？像我们30多岁就有眼力见啦，我们被人家说了能接受啊，像你们20多岁你们说出来你能接受吗？我们30岁就可以呀，什么什么的。反正在岛屿少年他就是那种人，然后干活的时候呢，他好搞笑，反正我感觉他应该就是那种擦老板鞋应该挺好的，唉，反正就有点傻傻的，然后不是很聪明的，但是也不懂怎么就说。,1
2025/3/24 19:58,不认识,0
2025/3/24 20:00,我老公吧，他不会在外面亲我啊，这种都不会，但是他会给我背包，然后在老家的时候，然后他的哥哥嫂嫂还在后面，然后我跟我老公走在前面，然后我老公会牵我的手，我会感觉很尴尬，都结婚十年了还牵手啊。但是多人吃饭的时候他会夹点东西给我吃，但是多数的时候他不怎么会主动跟我聊天，因为他会觉得他会他这样子想他说那么多人都在那里，人家又没带，老婆出去，等一下我老是跟你聊天，怕人家会说。然后后面我就很少跟他出去吃夜宵，我就说有他同事在的情况下都很少我都很少出去，人家又没带老婆出去，他偶尔只是问一下我这个你要吃吗？他夹给我都这样，但是但是没有多数经常跟我聊天，然后我就玩手机呀，就我又没有跟他们聊天，他们都是喝喝酒的，我又不喝，反正就很尴尬很无聊唉，如如坐针毡。,0
2025/3/24 20:03,那是聪明那种人会算计你的，等一下他出个鬼都不知道，唉，反正好难了太难了，找一个合格的又忠诚自己的好难啊，太难了。又想找一个好看一点的，赚钱能力又强又聪明的，然后唉，要找个个子高的，然后我其实觉得太难了，反正我没那么优秀，我也不算很好看，但是我嘴巴太笨了我也没看到你那人家肯定也会嫌弃我所以唉，反正好难啊。我也想让我自己聪明一点，但是我就是那么笨的，然后嘴巴又不甜。其实说真的，我很想找一个人，可以听我讲很多废话，让我开朗多一点起来，但是那种人那种人人家都知道话题多一点啊，人家那种其实话题多的人是不是比较聪明啊？反正我嘴巴好笨呢，我就感觉我自己好笨，又没那么多话题讲了又不知道讲什么话，所以我老公他也是话不多的，但是他的工作还是挺好的，但是他话不多两个人也没那么多话所以我的性格一直也是闷闷不乐的，这好像看淡了一切，如果哪天要死了就死了，没事人家都有钱的，以前都有才。还不是一样也死掉了，就很看淡了，好像行尸走肉。好像没有一切值得留念那一种还不懂。,0
2025/3/24 20:27,没听过,0
2025/3/24 21:32,身边如果都是感情很好，懂得疼老婆爱老婆的朋友，确实会被影响。所以什么样的朋友很重要,0
2025/3/24 21:42,不认识,0
2025/3/24 21:57,我觉得董力是因为镜头放不开。老婆对自己撒娇呢，心里都是很开心的就是不好意思,0
2025/3/24 22:02,不认识,0
2025/3/24 22:05,还真是 今天刚开始看，到他的部分全跳过了,0
2025/3/24 22:16,是不是报名错剧组？再见爱人要左转,1
2025/3/24 22:17,这个人是谁？完全不认识，周杰伦都没他的顾虑，怎么他那么多顾虑,1
2025/3/24 22:29,一瓶不摇半瓶摇是这个意思吧,0
2025/3/24 22:47,动力是谁？,0
2025/3/24 22:58,这谁呀这是[宕机],1
2025/3/24 23:00,@温妮哈洛 笑死,0
2025/3/24 23:10,谁？,0
2025/3/24 23:18,给人女娃 pua 完了[噢买尬],1
2025/3/24 23:34,"阿诺说的很好，智慧女人，不用改变，你已经很好了，男人会觉得老婆真的太好了，他就会想要做一个好人，好男人，保护照顾爱惜老婆！[赞]棒棒哒！

不要学，愚蠢的女人就会天天的说你要改变，男人觉得你干嘛老是挑剔我你不爱我，你不爱我干嘛跟我结婚，当我水鱼？他就会停止付出！减少自己的损失！",0
2025/3/24 23:37,李承铉善良，真的特别善良，肯定是看到了一些网友评论了，刻意的在节目中说了，他来中国发展的时候，经纪人公司说不能公布恋情，他不喜欢被weixie公布了，被雪藏了几年，靠戚薇养着他，而且戚薇回家还要安慰他，说人生就是要跨过一座又一座山，在鼓励董力，加油！,0
2025/3/25 0:53,董力这种男人不会爱任何人，他们不懂爱。,1
2025/3/25 4:46,他不是改变了，他只是在迎合观众[撇嘴],1
2025/3/25 6:18,每次看到眼睛好吓人,1
2025/3/25 7:25,说实话我不认识这个明星,0
2025/3/25 8:16,董力是谁？,0
2025/3/25 10:26,@阿诺和大力,0
2025/3/25 11:32,他是npd,1
2025/3/25 12:53,只能说男方不怎么爱[捂脸],0
2025/3/25 13:00,说实话 我连他是谁都不知道[捂脸],0
2025/3/25 13:18,@William818 [捂脸],0
2025/3/25 13:35,回去领证还用节目经费？,1
2025/3/25 14:53,渣男,1
2025/3/25 15:49,这人是谁,0
2025/3/25 15:54,@菠菜.??,0
2025/3/25 16:01,我都不认识他,0
2025/3/25 16:08,谁呀？,0
2025/3/25 16:09,这人谁呀？,0
2025/3/25 16:12,…6,0
2025/3/25 16:40,@阿诺和大力,0
2025/3/25 16:58,他隐婚并不一定是知名度，现在的小年轻有对象，去酒吧也说自己单身呀,0
2025/3/25 17:56,我感觉这女的挺聪明的,0
2025/3/25 18:00,到底谁粉他[衰],1
2025/3/25 18:32,董力是不是之前参加过一个类似于种地吧的综艺，当时还因为一个人做饭啥的起冲突,0
2025/3/25 18:47,那意思回到9年前不跟她谈了？,0
2025/3/25 18:47,其实董力，人还行，他运气也好，他这个老婆挺好的,0
2025/3/25 18:49,这是谁呀！！,0
2025/3/25 18:53,今年才发的，都结婚五年了，在自己号上可以发张萌夫妻都不发自己老婆，今年爆出来了才开始发的,1
2025/3/25 18:57,说实话，我都不认识他[抠鼻],0
2025/3/25 19:21,阿诺这个恋爱脑也是真没办法，很大一部分原因是她自己造成董力这样的,1
2025/3/25 19:21,可以说清楚为什么你要回去9年前吗 [捂脸],0
2025/3/25 19:26,@阿诺和大力,0
2025/3/25 20:12,董力说的对，被阿诺溺爱。所以才有之前那么多的虎狼之词。阿诺一直在夸他。把他夸的真信了[捂脸],0
2025/3/25 20:13,他是干啥的？,0
2025/3/25 20:15,不认识,0
2025/3/25 20:33,他谁啊？,1
2025/3/25 20:34,董力是谁啊[微笑],0
2025/3/25 20:47,他是谁啊。。。没听说过,0
2025/3/25 21:46,董力是谁我都不知道，我是不是2g网了[宕机],0
2025/3/25 21:53,他谁啊,1
2025/3/25 22:11,找一个好一点中国男人补偿阿若吧,1
2025/3/25 22:13,他是谁呀？演员？,0
2025/3/25 22:18,他是谁啊,0
2025/3/25 22:21,又不是冠军,0
2025/3/25 22:36,如果不奇葩我都不知道有这么一号人[宕机],1
2025/3/25 22:40,不看这节目，都不知道这姓董的是谁,1
2025/3/25 22:43,我的理解是:那时还没参加爸爸去哪儿，大家不认识他，他可以随意活自己。现在说什么都被说，所以想回到9年前，当个快乐的傻子[舔屏],0
2025/3/25 22:56,@阿诺和大力,0
2025/3/25 22:56,@溺れるナイフ,0
2025/3/25 22:57,他是？[尬笑],1
2025/3/25 23:45,@是南瓜吧,0
2025/3/26 0:06,其实无人在意董力哈，能娶一个这么温柔大方体贴漂亮的大美女当妻子，偷着乐吧[微笑][微笑][微笑],0
2025/3/26 0:15,@阿诺和大力,0
2025/3/26 0:19,我也觉得 人有问题 情商好低啊,1
2025/3/26 1:22,超级素人。上过n次综艺的超级素人,1
2025/3/26 2:53,@炫酷小鱼饼 我连她的记忆都停留在阿拉蕾呢[黑脸],1
2025/3/26 3:17,董力到底是谁？有这个明星吗？真不认识。,0
2025/3/26 3:27,阿诺看上他啥了[绝望的凝视],1
2025/3/26 5:51,站在你身边的可能？！你谁啊你,1
2025/3/26 6:17,没不要一辈子吧 活在当下就好,0
2025/3/26 7:33,请问这个男的有粉丝吗[灵机一动],1
2025/3/26 7:38,再说一遍，站姐关站，不是因为阿诺,0
2025/3/26 7:49,如果忽然停电了，我老公会说：你去看看[捂脸],0
2025/3/26 8:43,不认识,0
2025/3/26 8:46,可是[憨笑]我也就知道他之前参加过爸爸去哪带过阿拉蕾 其他他的某些作品我可真的一概不知[憨笑][憨笑][憨笑],0
2025/3/26 9:10,谁是董力？,0
2025/3/26 9:11,董力是谁,0
2025/3/26 9:15,@乔治治. 这个女生真的漂亮,0
2025/3/26 9:18,眼尾炸花,0
2025/3/26 9:20,dongli，我打字里但没有他的名字，有可能不火吧，不像zly赵丽颖fbb范冰冰他们打首字母就能出来,0
2025/3/26 9:26,不是这个节目的话真不知道他是谁[尬笑],1
2025/3/26 9:29,@阿诺和大力,0
2025/3/26 9:30,我都不认识这个人[捂脸]第一次听,0
2025/3/26 9:34,@ttalgimat,0
2025/3/26 9:34,有人认识吗[抠鼻][尬笑],0
2025/3/26 9:38,我还以为是小鱼的老公,0
2025/3/26 9:44,[暗中观察]到底谁啊 见都没见过 我也挺常上网的,0
2025/3/26 9:55,第一次知道他还是因为阿拉蕾[捂脸]那个综艺[捂脸],0
2025/3/26 9:59,说句真心话，真不知道他是谁，还特意去查了一下，依旧不知道他是谁.[捂脸][捂脸][捂脸][捂脸]可见知名度多低,1
2025/3/26 10:00,@元气满满（减肥版 看我骂的对吧,1
2025/3/26 10:03,你不说阿拉蕾我真的一点不知道他是谁,0
2025/3/26 10:04,董力是谁[宕机],0
2025/3/26 10:19,永远叫不醒一个装睡的人（阿诺）恋爱脑,1
2025/3/26 10:27,董力是演员还是唱歌的？,0
2025/3/26 10:30,怎么那么像小鱼对象呀[宕机]@小鱼海棠,1
2025/3/26 10:35,是啊老外一般都是自信性格外放的，阿诺这样的外国人我还是第一次见过太小心翼翼一点都不西方，这肯定是生活不如意不幸福导致的,1
2025/3/26 10:39,那他娶她是怎么回事,1
2025/3/26 10:40,董力到底是谁啊？ 新人吗,0
2025/3/26 11:10,@简陌 @?? @边伯贤你看她 @阮宸,0
2025/3/26 11:13,这人我都没听过,0
2025/3/26 11:23,我是真不认识他啊[捂脸]，干啥的了是,0
2025/3/26 11:25,这谁,0
2025/3/26 11:26,去参加再见爱人好吗,0
2025/3/26 11:43,@发 @Lihh,0
2025/3/26 11:43,董力我还是通过这个综艺才知道[捂脸] 我都不知道这个人[捂脸],0
2025/3/26 11:53,……？他是谁[泪奔]演过啥？,0
2025/3/26 12:16,董力是谁[衰],1
2025/3/26 12:24,@EnamiAsa. [憨笑],0
2025/3/26 12:32,@望,0
2025/3/26 12:37,@??不吃Pancake.??,0
2025/3/26 12:38,他谁啊[宕机],1
2025/3/26 12:38,??其实走街上0人认识[泪奔],0
2025/3/26 12:49,动力是谁啊[黑脸],1
2025/3/26 12:55,这是明星？,1
2025/3/26 12:56,董力是运动员吗还是明星，没太关注过,0
2025/3/26 12:56,董力是谁啊,0
2025/3/26 13:01,董力不是那个爸爸去哪儿带阿拉蕾，我真不认识[尬笑],0
2025/3/26 13:04,@岛屿 [泪奔][泪奔],0
2025/3/26 13:05,@雨都停了这片天空还在灰什么呢 @沈隽意. @培根没有芝士qwq @1m8单身独居男高(我可是原创弟) @2 @安 @Ruian51 @7iooo [泣不成声][泣不成声],0
2025/3/26 13:05,@Sah,0
2025/3/26 13:06,黑粉也是粉,0
2025/3/26 13:10,[裂开][裂开][裂开][裂开][裂开],0
2025/3/26 13:22,[泪奔][泪奔][泪奔][泪奔],0
2025/3/26 13:25,@雨季 根本不认识。,0
2025/3/26 13:29,[尬笑][尬笑][尬笑]他是谁,0
2025/3/26 13:30,要不是他和我老师同名，我还真不会记住他[憨笑][憨笑],0
2025/3/26 13:45,这人还参加过明星大侦探,0
2025/3/26 13:49,张大锤那的顶流？,1
2025/3/26 14:03,@YOUTH. @吃饭饭饭饭饭,0
2025/3/26 14:26,所以，他到底是谁啊，演员还是歌手[泣不成声]？,1
2025/3/26 14:31,引起骚动[石化][石化][石化],0
2025/3/26 14:37,我都不知道董力是谁,0
2025/3/26 14:39,董丽是谁没听说过,0
2025/3/26 14:40,@辞 你说的是他吧,0
2025/3/26 14:41,对对对,0
2025/3/26 14:52,还是阿拉蕾的董爸爸,0
2025/3/26 15:00,@切块苹果,0
2025/3/26 15:11,@板栗喵喵??,0
2025/3/26 15:13,根本没人在意这个男的。。。可怜的阿诺,1
2025/3/26 17:17,他是谁啊[宕机],1
2025/3/26 17:35,我也是,0
2025/3/26 17:49,@阿诺和大力,0
2025/3/26 17:53,黑红也是一种红是吧,1
2025/3/26 17:53,不喜欢董力这一类的长相,1
2025/3/26 17:59,从来没听说过也没刷到过[黑脸]这谁,0
2025/3/26 18:03,额，我真不认识他，我都不知道他演过什么。这架子端的也太高了吧,1
2025/3/26 18:20,@Luu,0
2025/3/26 18:37,路上哪怕正面撞到都是不认识的程度，他这是揍嘛[疑问],1
2025/3/26 18:44,他是谁[发呆],0
2025/3/26 18:46,去搜了一下 不知道啥时候拉黑了[黑脸],0
2025/3/26 19:00,阿诺是不是斯德哥尔摩综合征,1
2025/3/26 19:16,为啥别人脖子长是天鹅颈，放他媳妇身上就是像鸵鸟[捂脸],1
2025/3/26 19:32,他谁呀,0
2025/3/26 19:34,真不认识董力[尬笑][尬笑],0
2025/3/26 19:46,[泪奔][泪奔][泪奔][泪奔][泪奔][泪奔][泪奔],0
2025/3/26 20:10,@??知世 @归零丷 ？他是那一线明星啊我勒个雷,1
2025/3/26 20:18,@瞧瞧大噶,0
2025/3/26 20:21,[尬笑][尬笑][尬笑][尬笑],0
2025/3/26 20:27,说实话，要不是看你的视频我都不知道董力是谁[抠鼻],0
2025/3/26 20:27,@舔舔奥利奥 @作战小仙女 @橘子味汽水 @蟑螂尿拌饭,0
2025/3/26 20:44,他谁啊,1
2025/3/26 21:05,送个九朵的玫瑰花 还不如不送呢,1
2025/3/26 21:05,还以为他们是准备结婚呢,0
2025/3/26 21:11,钱,0
2025/3/26 21:12,@赖小葵花 笑死个人,0
2025/3/26 21:15,@Suen @时光雨,0
2025/3/26 21:37,不认识诶,0
2025/3/26 21:43,董力是谁[噢买尬],0
2025/3/26 21:44,他到底演过什么,1
2025/3/26 21:44,尊重她人命运[微笑],0
2025/3/26 21:46,[尬笑]她是不是杀人被男的看到了，有把柄在男的手上？,1
2025/3/26 21:51,哈哈哈哈哈哈他粉丝还没我老婆多哈哈哈哈哈哈哈,1
2025/3/26 21:51,所以红与不红是有道理的,0
2025/3/26 21:51,@阿诺和大力 出来挨打,1
2025/3/26 22:12,那男的是不是没挨过打？[黑脸],1
2025/3/26 22:32,@圆滚屁蕉蕉 @晒被子不下雨 @111101111111031227cy @菠萝大王 @。x @1m85自律潮男 @海绵宝宝的菠萝屋??,0
2025/3/26 22:52,不认识,0
2025/3/26 22:53,@香草可乐???? 所以他是谁,0
2025/3/26 22:57,这人谁啊,1
2025/3/26 22:59,真实了,0
2025/3/26 23:02,脱粉可能就不是因为结婚吧……,0
2025/3/26 23:05,@homehome,0
2025/3/26 23:08,这几位哥姐，从社会地位，智商，情商，业务水平。。各方面都是拔尖的存在啊。能给指点一二，董力夫妇赚到了。阿诺也睁眼看看，别的夫妻是怎样相处的。特别是比她老公更有名，更有钱，更有学问，更会带娃的姐夫们，是怎么说话办事的。基本上都是有文化差异的婚姻，别人都是咋处理的？,1
2025/3/26 23:08,好尴尬这个聊天内容[呲牙],0
2025/3/26 23:09,能不能看看韩庚啊 [泪奔]董到底为什么那么纠结自己的身份地位,0
2025/3/26 23:10,轮流育儿假太厉害了需要,0
2025/3/26 23:10,阿若真的是太纵容董力了,1
2025/3/26 23:11,到底是谁,0
2025/3/26 23:12,讲西班牙暴力性法庭那块我是支持村里也这样，结果村里是反的,1
2025/3/26 23:13,我觉得他很像我二年级喜欢发呆的儿子,0
2025/3/26 23:14,好想有个折腾人的综艺，把董力请过去,0
2025/3/26 23:24,在大佬们面前狡辩[捂脸],1
2025/3/26 23:35,说实话，我对他的印象就是明侦第二季吧列车那期[抠鼻]其他节目确实没看过[尬笑],0
2025/3/26 23:37,只能说董很像生活里见到的正常夫妻，很多人就是类似于这样凑活搭日子的，但是另外几对明显很相爱[泪奔][泪奔]就衬得太明显了,0
2025/3/26 23:43,你们说最后是不是会在节目上举行婚礼,0
2025/3/26 23:47,谁是董力？？[绝望的凝视],1
2025/3/26 23:58,只是不好意思在公众场合啦，毕竟不是演员,0
2025/3/27 0:18,粉丝被三了[尬笑],1
2025/3/27 0:23,董力像在努力给你自己立人设，但稀碎……[不看]其他人都不傻，大家心疼喜欢阿诺是因为感觉她真的好真诚，董就一言难尽了[尬笑],1
2025/3/27 0:24,[捂脸]主要是谁会因为上夫妻节目才官宣自己已经结婚的[捂脸][捂脸][捂脸]离谱[捂脸][捂脸][捂脸],1
2025/3/27 0:30,@阿轻,0
2025/3/27 1:00,所以有些人火不了是有原因的,1
2025/3/27 1:12,要说男人，我觉得最牛的还是鹿晗，虽然不粉他，但是对比下来，这么多年就他是在顶峰时期敢官宣恋情的，虽然后面流量下降很多，但真的打败娱乐圈很多人了,0
2025/3/27 1:18,全网没有看见过他的粉丝啊[泣不成声],1
2025/3/27 1:24,董力，这名字我还是从这个听到的，我可是一天20小时在网上[微笑],0
2025/3/27 1:37,[宕机]谁啊,1
2025/3/27 1:38,对面太高冷了,0
2025/3/27 1:44,董力这个时候真的吸粉,0
2025/3/27 1:46,大晚上的吓我一跳,0
2025/3/27 2:22,@阿诺和大力,0
2025/3/27 2:30,哥姐们还是太体面了，都很委婉,0
2025/3/27 2:50,啊诺是恋爱脑战士[捂脸],1
2025/3/27 3:11,这一季是夫妻一起旅游吗,0
2025/3/27 3:29,我真的觉得很怪 我以前从来没在任何地方看到过有人说他是奥运冠军 在这个综艺里第一次听说有人误传他这个[泪奔],1
2025/3/27 3:38,@Garden（可可托海约课） 天！！！这个男的真的不爱！！！又感觉是被迫营业，而且感觉这个男的精得很！,1
2025/3/27 3:41,@Garden（可可托海约课） 真的！！！！,0
2025/3/27 6:35,董力给我一种什么感觉呢 高中没毕业的小黄毛[捂脸],1
2025/3/27 6:38,我就想知道有没有曾经粉过董力的粉丝看到这个节目恨不得给曾经的自己两个巴掌，他一直说自己粉丝多，为什么我看了这么多视频没在评论区翻到一个他的粉丝维护他[泪奔],1
2025/3/27 6:43,哪有那么多爱[捂脸]我妈我爸打一辈子，没有任何情话[呲牙],1
2025/3/27 7:31,男的肯定有问题，但是看了综艺觉得女的……真的是看到外国的恋爱脑了，她说:你们不用同情我，我是自愿的，感觉女的总是哄着男的，但是又一直说你怎么怎么对我，不知道她到底怎么想的,1
2025/3/27 7:35,这个董力我真的没印象，他到底谁呀？上啥综艺了？,0
2025/3/27 7:57,他临时求婚也很简陋[泪奔],0
2025/3/27 8:01,我觉得他是啊！他很敬业啊！他很敬业的营业自己讨人厌的人设，这也蛮难的，而且现在综艺人都情商这么高，很需要这种讨厌的人设，有人讨厌才有话题,1
2025/3/27 8:10,不爱，他公开干嘛，离婚有人知道吗，何况阿诺还是外国人，娱乐圈把进圈前的女朋友，妻子负了的少吗,1
2025/3/27 8:11,到底谁是他的‘粉丝’？,0
2025/3/27 9:00,家里有皇位一直被当继承人，所以在外面自己也觉得自己是太子 大家都好要理解他懂他捧着他[捂脸],1
2025/3/27 9:16,会说话的三要素：学历修养；家教；人品,0
2025/3/27 9:47,@阿诺和大力,0
2025/3/27 10:22,他这完全就是不爱,1
2025/3/27 11:20,戚薇说对了，而不是考虑网友想听什么，这哥们自打爸爸去哪儿之后就想混娱乐圈，给我一种特别想火的感觉。完全粉碎了当初爸爸去哪儿对他的滤镜,1
2025/3/27 11:21,他在前顶流韩庚面前谈粉丝…,0
2025/3/27 11:25,[九转大肠]糊咔就是为了上个节目才官宣，[不失礼貌的微笑]不过谁在乎,1
2025/3/27 11:35,他不仅觉得另外三对夫妻蠢，也觉得观众蠢，因为他可聪明了[尬笑],1
2025/3/27 11:51,感觉就是做戏的,1
2025/3/27 12:03,真的好讨厌这样的男的,1
2025/3/27 12:32,没这个节目，我是不可能认识谁是“董力”[捂脸]老实说节目一到他，我就直接拉进度条…快进都觉得慢[泪奔],1
2025/3/27 12:50,看第一集就知道这个男的挺差劲的,1
2025/3/27 12:51,那位关站的粉丝，会不会不是因为他官宣结婚关站，而是隐婚多年立单身而关的呀,1
2025/3/27 12:56,现成模板就在这  .政府单位有在看吗,0
2025/3/27 13:14,铅笔盒干嘛用的[捂脸],0
2025/3/27 13:17,这不就是娱乐混子界的腾顺强吗？[撇嘴][我想静静][囧],1
2025/3/27 13:19,冷知识：戚薇上升期结婚[暗中观察],0
2025/3/27 13:22,装铅笔的,0
2025/3/27 13:26,董力是谁不知道，起码庞麦郎我还知道我的滑板鞋时尚时尚最时尚[泪奔],0
2025/3/27 13:38,他估计长期专注体育训练 没有太接触生活 很自我和不看脸色。,1
2025/3/27 14:06,他老婆觉得董为了保护她才不公开，可是我却觉得他是怕公开会影响事业。。[流泪],0
2025/3/27 14:10,@一闪??,0
2025/3/27 14:23,他老婆真的太宠了。 我觉得没必要,0
2025/3/27 14:54,董力真的很迷。。。,0
2025/3/27 15:02,他上过春晚？哪个台的？,0
2025/3/27 15:28,过到底？你是有多自虐，要跟这种人过到底,1
2025/3/27 15:44,24年岛屿少年，25年结婚五年，他至死是少年，他不懂事,0
2025/3/27 15:53,央视[尬笑]，自己搜看看唱歌的，是不是都没见过[泪奔],1
2025/3/27 16:02,他俩结婚了吗？[宕机],0
2025/3/27 16:41,我觉得他还蛮会选另一半的，利己，现实大于情感（不过也是人的本性啦，谁都想让自己日子舒服一些麻烦少一些）,0
2025/3/27 17:17,他爱她吗？[捂脸][捂脸],0
2025/3/27 17:36,究竟谁在粉他啊？,1
2025/3/27 19:03,我在某书说他几朵花求婚的事被他粉丝骂得可狠了,1
2025/3/27 19:11,他是干嘛的？,0
2025/3/27 19:12,我对他印象是第一次上快乐大本营，然后就不再看了总觉得怪怪的,0
2025/3/27 19:17,董力太刻意解释了  节目我一看他解释的桥段我就想跳过[捂脸]   没完没了的讲这些事,1
2025/3/27 19:23,女生脖子好长啊，长得都有点驼了。脸好小,1
2025/3/27 19:35,这人谁,0
2025/3/27 19:39,真的不认识,0
2025/3/27 19:39,董力就是基本盘,0
2025/3/27 19:47,他上一个综艺是不是也被观众吐槽过？就是那个一堆年轻男生的综艺,0
2025/3/27 20:20,他不是奥运冠军吗？为什么有评论说他是奥运冠军啊？所以他是什么出道啊？,0
2025/3/27 21:03,这哥们真假,1
2025/3/27 21:19,会说话的人，怎么都会说话，不会说话的，怎么教都教不会[打脸][打脸][打脸]还要考虑他的自尊心[撇嘴],1
2025/3/27 21:24,现在有点懂了。关站的原因是不是不是因为结婚了，而是因为隐婚了这么久，孩子都有了，都没真诚沟通，所以伤心了？,1
2025/3/27 21:52,但是睡觉前保持饥饿确实对瘦有帮助,0
2025/3/27 21:52,结了，孩子都生了,0
2025/3/27 22:21,他有粉丝吗[捂脸],1
2025/3/27 22:24,其实董力这种男的不会在乎自己女儿想法的[泪奔]，有些不好男的都不是很在乎自己孩子[泪奔],1
2025/3/27 22:38,来中国怎么能不装反诈app呢[微笑],0
2025/3/27 22:57,@阿诺和大力 改吧，观众眼睛雪亮的，真诚点总没问题的,0
2025/3/27 22:57,董力真的越看越不想看  但是我想看他下一个综艺 再见爱人 最后不会走在一起那种结局,1
2025/3/27 23:10,@在在??????????,0
2025/3/27 23:15,这个男的 听他开口都难受 还好有的是up转述 不然早就关上了。戚薇的打扮好漂亮,1
2025/3/27 23:43,三无婚姻是哪三无啊？,0
2025/3/27 23:46,@?y?? @柠檬不酸??,0
2025/3/28 0:10,站姐关站会不会是因为之前忘了有这么个偶像，这节目一播想起来了所以关了[泪奔],0
2025/3/28 0:18,董力的粉丝们，你们现个身行不行？[发呆],0
2025/3/28 0:49,阿诺真的太好了，应该是太爱他吧,0
2025/3/28 1:22,该[泪奔],0
2025/3/28 1:22,就觉得董力这两人应该去上《再见爱人[泪奔]》,0
2025/3/28 2:13,看看看，按现在的趋势来看，以后我们就能拥有“西班牙婚姻”啦[思考],0
2025/3/28 2:17,董力跟阿诺结婚无非就是想白女票，不用出彩礼，什么都不用出，连求婚，婚礼什么都没有！[打脸]他还嫌弃上了,1
2025/3/28 2:56,说实话，没啥为阿诺可惜的，白女里这种娇妻恋爱脑真的特别多 [捂脸]  [捂脸],1
2025/3/28 3:33,太不懂事了[捂脸],1
2025/3/28 3:44,@董力,0
2025/3/28 3:51,@你美式吧 怎么会有这样的男的,1
2025/3/28 4:50,下头男[尬笑],1
2025/3/28 6:34,在韩庚面前说粉丝？？啊？？[尬笑],1
2025/3/28 8:14,@艺,0
2025/3/28 8:28,他在我们单位你就看老板凳囊个收拾他，让他直接怀疑人生[泪奔][泪奔][泪奔][泪奔][泪奔],1
2025/3/28 8:35,董力是谁,0
2025/3/28 8:39,这是个谁？,0
2025/3/28 9:14,中国抄西班牙的婚姻策略啊！！！,1
2025/3/28 9:34,女生太独立了男方慢慢习惯了,0
2025/3/28 10:36,他是谁啊[捂脸]我为什么不认识,0
2025/3/28 10:39,我跟我老公就是这样[震惊],0
2025/3/28 11:01,一个明星送9朵玫瑰花[一头乱麻],0
2025/3/28 11:16,这个什么力，感觉就是传说中的“空心人”吧。,0
2025/3/28 11:25,对对你说的太对了,0
2025/3/28 11:37,但是在娱乐圈看多了美女就。。。。老外的花期短，她们年纪小的时候真的很立体好看,0
2025/3/28 11:43,他一点也不像上海人，我身边上海老公都没有这样大男子主义的，在家也都是家务全包，都是很疼老婆的,1
2025/3/28 12:12,他老婆喜欢他什么啊 好无语，想打人,1
2025/3/28 12:18,给他们送再见爱人，因为我愿意奉献我的恶毒,1
2025/3/28 12:25,之前爸爸去哪，他给自己收拾的立立整整，给阿拉蕾顶着一个鸡窝头，被其他爸爸批评了，从那个时候我就对他没好感了,1
2025/3/28 12:25,我一直以为董力就是董明珠格力的简称[尬笑],0
2025/3/28 12:26,要是通过董力的黑红，让大家发现节目后两国婚姻法律不同，我们能学习的话，也算他没白黑红了[呲牙][呲牙],0
2025/3/28 12:38,[思考][思考][思考],0
2025/3/28 12:52,思维独特，创意无限……,0
2025/3/28 12:58,。。感觉董力根本就不爱阿诺，那为什么要跟她结婚呢。。,1
2025/3/28 13:00,夫妻间的差异不是问题，重要的是找到共鸣。,0
2025/3/28 13:00,不是没有共同话题，只是彼此独立，各自精彩。,0
2025/3/28 13:00,反正我是那种特别特别震惊。,0
2025/3/28 13:01,董力你这是想学富五车啊，哈哈。,0
2025/3/28 13:01,这不是没有共同话题，只是生活不同,0
2025/3/28 13:01,原来不是没有共同话题，只是喜好不同。,0
2025/3/28 13:01,夫妻之间还是要有一些共鸣点的,0
2025/3/28 13:01,越来越看不懂他们夫妻俩了,0
2025/3/28 13:01,这还是夫妻吗，完全不交流的吗,1
2025/3/28 13:02,夫妻之间还是需要一点共同话题的,0
2025/3/28 13:02,多多沟通也很重要。没毛病的呀,0
2025/3/28 13:02,这任谁看了都会觉得有些奇怪的吧,0
2025/3/28 13:02,不是没有共同话题，只是董力不够爱！,0
2025/3/28 13:02,我不明白为什么会拒绝沟通交流？,0
2025/3/28 13:02,这说的也是让人一整个大为震惊了。,0
2025/3/28 13:02,夫妻之间相处成这样也是没谁了,0
2025/3/28 13:02,两个人都需要独立空间，但也不能完全不交流,0
2025/3/28 13:03,共同话题也很重要的吧，没有很难受,0
2025/3/28 13:03,换成是这样我肯定不会坚持。,0
2025/3/28 13:03,这波真的很优秀了，我也不能错过,0
2025/3/28 13:03,如果有这一天，我感觉我离结束也快了。,0
2025/3/28 13:04,好一个没有共同话题，这绝对是让人震惊的！,1
2025/3/28 13:04,给我都震惊到了一点，共同话题都没有吗？,0
2025/3/28 13:04,感觉董力还是不够那么的爱阿诺。,0
2025/3/28 13:09,夫妻俩之间还是要多多沟通一下的。,0
2025/3/28 13:11,这段对话居然很感动,0
2025/3/28 13:12,董力阿诺得改善沟通模式啊,0
2025/3/28 13:12,你死了，他以为你在睡懒觉,1
2025/3/28 13:13,夫妻没话题的话，相处存危机啊,0
2025/3/28 13:13,分被子睡后续，引发大思考呢,0
2025/3/28 13:14,胡静分析超到位，是喜好不同,0
2025/3/28 13:14,如果董力拒绝交流，矛盾要激化的,0
2025/3/28 13:27,第一,0
2025/3/28 13:27,@LHYYC,0
2025/3/28 13:40,@@烁鑫鑫 姐没话讲,0
2025/3/28 13:45,胡静老公的眼神已经说明一切了[抠鼻],1
2025/3/28 13:46,大家都觉得这男的到底结婚来干嘛 家里催的吗 ,1
2025/3/28 13:48,what？,0
2025/3/28 13:56,男的早就不爱了,0
2025/3/28 13:58,这两天不是老是看他俩秀恩爱来着,0
2025/3/28 14:06,[赞],0
2025/3/28 14:11,不认识,0
2025/3/28 14:15,这样才合我们心意吗，就喜欢看晕的,1
2025/3/28 14:16,应该上再见爱人,0
2025/3/28 14:17,他简直集齐了留几手和杨子的缺点，受不了了。。。。,1
2025/3/28 14:19,不理解，但尊重,0
2025/3/28 14:19,董力是缺心眼吗,1
2025/3/28 14:21,他们应该去上再见吧爱人,1
2025/3/28 14:21,这男的一无是处，可他老婆还超爱，上节目就是为了气网友吗,1
2025/3/28 14:23,听这个男的说话，给人一种很不靠谱的感觉,1
2025/3/28 14:25,不爱了,0
2025/3/28 14:26,哈哈哈哈哈哈哈,0
2025/3/28 14:29,怎么有种觉得老婆丢人的感觉，我觉得她俩沟通太少，在一起显得别扭。,0
2025/3/28 14:30,他俩就有一种  董力在年轻的时候看上外貌惊人的外国美女  然后有一场恋爱 最后结婚生孩子  可男的已经完全不爱女的  但女的也没有错处还兢兢业业做好妻子母亲的角色  他这也算是个冷暴力吧,1
2025/3/28 14:32,突然有点看不懂中文,0
2025/3/28 14:32,离谱,1
2025/3/28 14:33,有多深？,0
2025/3/28 14:33,5年没好好接吻？是嫌弃对方嘴巴吗,1
2025/3/28 14:33,有爱不可能不接吻，就是不爱了,0
2025/3/28 14:34,一般怀孕生孩子就没有吻,0
2025/3/28 14:35,五年没有kiss过，他们最小的孩子多大？,0
2025/3/28 14:36,可能已经变成亲人了吧,0
2025/3/28 14:37,一直对董力有阿拉蕾滤镜[尬笑]最近碎完了,0
2025/3/28 14:37,感觉是嫌弃[捂脸][捂脸][捂脸],1
2025/3/28 14:38,不儿，节目组邀请错了吧，把再见爱人的邀请资料拿到了吧,1
2025/3/28 14:38,Why？我不理解[发呆],0
2025/3/28 14:40,他俩拿的是杨子黄圣依剧本吧[看],0
2025/3/28 14:40,因为时间久了了解男人的各种生活习惯 身上的味道我本身就受不了 睡觉我也不会盖一张,1
2025/3/28 14:40,他每一句都是雷点啊  ,1
2025/3/28 14:41,上节目的时候没看清[尬笑],0
2025/3/28 14:41,好尴尬,0
2025/3/28 14:42,他好意思说出来…我也是服了,1
2025/3/28 14:43,还不就是不爱了,0
2025/3/28 14:43,话题而已，这种话题就说，董力夫妇不承担谁承担[呲牙],1
2025/3/28 14:43,我跟我老公八年，也还是一张被子睡觉，他上班前或者下班回来都会亲一下我，抱抱也是常有。如果我家宝宝看到会加入进来[捂脸],0
2025/3/28 14:44,这一对从一开始 我觉得应该去再见爱人，后来感觉好像也还行，到现在坚决该去再见爱人[微笑],0
2025/3/28 14:44,没事，父母那年代就没看过，也过了一辈子,0
2025/3/28 14:45,我和老公结婚以后后就不接吻！我感觉恶心[捂脸][捂脸],0
2025/3/28 14:45,他说了法式舌吻,1
2025/3/28 14:45,如果不是孩子，他俩是不是早就离婚了[捂脸],1
2025/3/28 14:46,就是不爱了嘛，还能是什么,0
2025/3/28 14:46,这男的雷电好多,0
2025/3/28 14:47,各盖被子盖好了，睡觉习惯不同但是不亲就很怪,0
2025/3/28 14:47,没欲望了就是不爱了呗,0
2025/3/28 14:47,我们都5年没有啦，而且才领证1年多，孩子还没有。,0
2025/3/28 14:47,这个男人，离开他就对了，说啥错啥，还自以为是，受不了,1
2025/3/28 14:48,@是晴仔阿,0
2025/3/28 14:49,其实老一辈相爱的话还是会亲吻的至少都是亲密的状态哈… 不相爱的话无论哪一辈都是亲别人来劲,0
2025/3/28 14:49,感觉董力不喜欢阿诺,0
2025/3/28 14:50,那不会，人都不同的,0
2025/3/28 14:50,阿诺是有什么把柄在董力手上吗,1
2025/3/28 14:50,可是他就是不爱了，[捂脸]那怎么办？,0
2025/3/28 14:51,我说了啊  就算不亲吻  相爱都是亲密的状态   再腼腆的人也能看出来爱意的,0
2025/3/28 14:51,真的好烦他，别爱人了自己爱自己吧[泪奔],1
2025/3/28 14:51,@倩 ??,0
2025/3/28 14:51,@Yuqing 妈呀,1
2025/3/28 14:51,[发呆]还得说阿诺够爱他。。换做别人，都不是这个情况了，早开了[捂脸],0
2025/3/28 14:52,我不认识他[捂脸],0
2025/3/28 14:52,不接吻，绝对就是不爱了。,1
2025/3/28 14:52,啊？,0
2025/3/28 14:52,@湫 [发呆],0
2025/3/28 14:53,那怎么生出的两个娃,1
2025/3/28 14:53,早就没有爱了,0
2025/3/28 14:53,不是有个两岁的孩子吗，那咋来的[泪奔],1
2025/3/28 14:53,我真的觉得他渣的 明明白白的[呆无辜][呆无辜][呆无辜],1
2025/3/28 14:53,他还是挺好的 起码在负责任，我一直觉得只要伴侣感受到幸福，另一半不管是什么样子，都不会是坏人[捂脸],0
2025/3/28 14:54,这个女的得多爱他结婚呢么多年都没亲过还没去过市区[捂脸],1
2025/3/28 14:54,嘴巴不亲密，也不代表身体就不亲密了[捂脸]也不代表精神上不亲密[捂脸]更不代表感不感兴趣[捂脸]亲吻不代表全部,0
2025/3/28 14:54,快拜拜吧,1
2025/3/28 14:54,？所以是谈恋爱就没有亲吻了？[宕机],0
2025/3/28 14:54,孩子不是亲吻来的呀[笑哭],0
2025/3/28 14:54,他家第二个小孩不是两岁吗？？五年不亲吻孩子怎么来的[泪奔],0
2025/3/28 14:55,那时候有感情 生了俩个孩子没有了吧 俩个孩子连着生的  现实中很多这种,1
2025/3/28 14:55,他深柜啊？,1
2025/3/28 14:55,对啊，上错节目了,0
2025/3/28 14:56,就有个孩子刚刚两岁，不亲吻啊？[泪奔],0
2025/3/28 14:56,阿诺也是神奇[泪奔],0
2025/3/28 14:56,爱一个人根本忍不住不亲她，我和另一半十来年了，说话说着说着就会忍不住亲一下对方，因为感觉对方哪儿哪儿都可爱。,0
2025/3/28 14:56,非得亲才能来？[捂脸],0
2025/3/28 14:57,[泪奔][泪奔],0
2025/3/28 14:57,结婚前不恶心？结婚就恶心啦？？[泪奔],1
2025/3/28 14:57,他根本不爱，我老公也不吻我，他根本不爱我,0
2025/3/28 14:57,我觉得直男也懂得爱护自己老婆的，但是他眼力见也没有。[捂脸],1
2025/3/28 14:59,我闺蜜跟我说他老公就只在婚礼上的流程亲过她一次。其他时间从来没亲过她、17岁跟他老公在一起、恋爱1年怀孕、没有彩礼、没有婚礼（后面孩子12岁的时候补办了婚礼）现在孩子都17岁、说出来都好惊讶。,0
2025/3/28 14:59,是的，我结婚后也不亲嘴巴，婚前也不咋爱亲，婚后彻底不亲了,0
2025/3/28 14:59,董力回家吧回家好吗,0
2025/3/28 15:00,@聂捏捏 [微笑],0
2025/3/28 15:00,年代变了不是,0
2025/3/28 15:01,是长期异地，每天争吵，已经没有任何感情。,0
2025/3/28 15:01,？,0
2025/3/28 15:01,@阿里嘎多美羊杨女士,0
2025/3/28 15:02,那孩子怎么出来的,1
2025/3/28 15:03,那上这个节目得目的是什么呢？不符合主题啊[捂脸],0
2025/3/28 15:03,@VIiccc @不要不开心不要不开心不要不开心不要不开心 [发呆]6,0
2025/3/28 15:03,那就是不爱了吧，,0
2025/3/28 15:03,阿诺是外国人老的快，董力慢慢的就没有当初的那一份激情,0
2025/3/28 15:05,。。。。 离了好不好 姐姐独美,1
2025/3/28 15:05,下一部,0
2025/3/28 15:05,可能董力真的不爱她,1
2025/3/28 15:05,黑红[捂脸][捂脸][捂脸],0
2025/3/28 15:06,我老公上厕所路过我身边都要亲下我,0
2025/3/28 15:06,炸裂,1
2025/3/28 15:06,这不是爱的方式，这是不爱,1
2025/3/28 15:06,有什么，我现在就不喜欢亲，又不刷牙[捂脸],0
2025/3/28 15:06,我感觉他是属于那种 自己做的不好 被别人说了又会不舒服 会把这个怪在自己老婆身上 真服了这种人,1
2025/3/28 15:07,不会，因为不认识,0
2025/3/28 15:07,快了,0
2025/3/28 15:07,這個男真的很大問題，女就不停退讓，令到男變本加厲,1
2025/3/28 15:07,这是第几期,0
2025/3/28 15:07,好像走错片场了这人[暗中观察],1
2025/3/28 15:07,他们上错节目了吗,0
2025/3/28 15:08,他是不是上错节目了[疑问],0
2025/3/28 15:08,哈哈哈哈哈哈 代入了刘晓燕老师,0
2025/3/28 15:08,跑！真的，趁还没小孩子，找一个真正爱一起,0
2025/3/28 15:08,咋不是董力亲过去呢,0
2025/3/28 15:09,刚开始见漂亮，后来怀孕生孩子，外国人比较显老，就是嫌弃了,1
2025/3/28 15:09,@海的味道 我知道 [尬笑][尬笑][尬笑],0
2025/3/28 15:09,我跟我老公也好多年没有,0
2025/3/28 15:09,董丽是三白眼吗,1
2025/3/28 15:10,赞同，我们在一起很多年了，就是会忍不住亲啊。,0
2025/3/28 15:10,就是不喜欢，任他怎么洗,1
2025/3/28 15:10,@PotatoMato??,0
2025/3/28 15:10,kiss和小孩有关系吗,0
2025/3/28 15:10,不亲，直接来吧,1
2025/3/28 15:11,俩个孩子哦  节目里说了   他说不亲吻没有说分床睡[捂脸],0
2025/3/28 15:11,不爱就是不爱  装不出来的,0
2025/3/28 15:11,我觉得正常呀，我们结婚后也不亲嘴了,0
2025/3/28 15:11,@@kuku炫油炸?? 她找这个男的干啥,1
2025/3/28 15:11,难怪一开始就觉得他俩不熟,0
2025/3/28 15:11,他俩还这么年轻都不亲了啊,0
2025/3/28 15:11,我和我老公也是,0
2025/3/28 15:11,虽然长的高帅，但是真的很带不出手[尬笑],1
2025/3/28 15:11,哈哈，正常,0
2025/3/28 15:11,杀人被看见了,1
2025/3/28 15:11,都这样了，还在一块干啥[衰],1
2025/3/28 15:12,口臭吗[捂脸],1
2025/3/28 15:12,下不了口吧,1
2025/3/28 15:12,我们也是，没有滤镜了，就会觉得恶心。,1
2025/3/28 15:12,刘乐 递本子吧,1
2025/3/28 15:12,难怪他们夫妻拍照其他都都着嘴他就闭嘴,1
2025/3/28 15:12,五年没有亲吻，接触，那二胎咋来的,1
2025/3/28 15:13,就是不够爱 私下只有两个人都不亲密,1
2025/3/28 15:13,请问，结婚了以后也会经常亲亲吗[发呆],0
2025/3/28 15:13,+1，倒是跟我差不多,0
2025/3/28 15:13,高是事实…帅[吐血]见仁见智,0
2025/3/28 15:13,真的回家吧[憨笑],0
2025/3/28 15:14,+1，味道不对了，没办法亲,1
2025/3/28 15:14,就非要他们两人吗,0
2025/3/28 15:14,@杉达拉呀 [宕机][宕机],0
2025/3/28 15:14,只要没口臭，即使不喜欢也还是会亲吻。有口臭真的没办法[捂脸],0
2025/3/28 15:15,孩子不是亲出来的啊[捂脸],0
2025/3/28 15:15,会啊,0
2025/3/28 15:15,其实生活中很多都这样，我身边认识的就有好几个,0
2025/3/28 15:15,不熟的夫妻太多了,0
2025/3/28 15:15,@?????,0
2025/3/28 15:15,@5。 [泪奔],0
2025/3/28 15:15,会亲，但不会伸舌头,0
2025/3/28 15:15,董力还是“再见爱人”比较适合你啊～,0
2025/3/28 15:15,@94 [噢买尬][噢买尬][噢买尬]什么鬼,1
2025/3/28 15:16,来参加这节目的不多,0
2025/3/28 15:16,是结婚了 不是出家了[捂脸],0
2025/3/28 15:16,有爱不会五六年,0
2025/3/28 15:16,@温暖,0
2025/3/28 15:16,这上的我以为是来离婚的,1
2025/3/28 15:16,他们是大多的平凡夫妻，感觉倒也不用上升到爱与不爱，每对夫妻的生活方式不一样，有些平淡如亲人，有些热情如初恋，生活本就不是单一的,0
2025/3/28 15:16,@??种棵樱桃树 已经都不装了吗,1
2025/3/28 15:16,@不是姐姐,0
2025/3/28 15:17,回复@Lohas-J:好,0
2025/3/28 15:17,董力的夫妻关系是绝大部分普通家庭的生活写照，夫妻相处久了基本都是这样,0
2025/3/28 15:17,[捂脸]会吧，我经常吻我家的，还有经常动不动抱他，虽然他老表示不要不要，但是我发现他有在暗爽，哈哈哈，所以看人吧。,0
2025/3/28 15:17,这男的让我看到了前男友影子，顿时火冲一上来了，这种男人不离婚留着过年嘛[捂脸][捂脸][捂脸],1
2025/3/28 15:17,爱一个人就是要接吻的，我睡着了，我老公进来都会吻我的,0
2025/3/28 15:17,我们也几年啊 不亲一次[捂脸]  手机也不让我看 大概也知道了 手机密码都不说,0
2025/3/28 15:17,他真的对老婆没爱了，细节骗不了人,0
2025/3/28 15:17,@已读不想回 哈哈哈哈,0
2025/3/28 15:17,迷迷糊糊的会感觉好幸福,0
2025/3/28 15:17,我也如此啊！惊讶吗？,0
2025/3/28 15:17,因为不喜欢 不爱  我老公就这样 无所谓了,0
2025/3/28 15:17,这男的一如既往的下头,1
2025/3/28 15:17,对的,0
2025/3/28 15:18,男的如果喜欢一个女的 肯定是想亲的,0
2025/3/28 15:18,上节目都这样私底下脑补一下[捂脸],0
2025/3/28 15:18,@叫我大甜 ??,0
2025/3/28 15:18,不是、连她自己都不知道什么原因。,0
2025/3/28 15:18,不接吻不代表没有亲密行为,0
2025/3/28 15:18,？,0
2025/3/28 15:19,我说亲吻很重要啊，然后每天上班亲一下，我不知道他喜不喜欢，我没有安全感，他可能觉得亲一下老婆可以开心一天，何乐而不为？[捂脸],0
2025/3/28 15:19,对头，90%的夫妻关系都是董力他们这样的情况。过来人都清楚,0
2025/3/28 15:19,什么爱不爱的，结了婚生了孩子大部分人都这样吧,0
2025/3/28 15:19,不接吻来干嘛[呲牙],1
2025/3/28 15:20,@DOG [发呆][发呆][发呆][发呆],0
2025/3/28 15:20,同感，迷迷糊糊感觉到被亲幸福感加倍[耶],0
2025/3/28 15:20,咋比留几手还狠[捂脸],1
2025/3/28 15:21,去错节目了，再见爱人更适合[捂脸],0
2025/3/28 15:21,@吃碗草莓豆沙??,0
2025/3/28 15:21,男的不爱了 审美疲劳了,0
2025/3/28 15:21,[捂脸][捂脸][捂脸][捂脸]答伙过日子,0
2025/3/28 15:21,现实生活中真的只有恋爱结婚后没有孩子的时候还会做一些亲吻，有了孩子以后真的会很少很少，之后爱不爱真的好像没有那么重要，男的不出轨女的不出轨就那样过日子也有的[呲牙],0
2025/3/28 15:21,没这个节目的话 完全没听说过,0
2025/3/28 15:22,没多大爱吧，董力上这节目是想走什么赛道,1
2025/3/28 15:22,好无情啊那么快不爱了？,1
2025/3/28 15:22,孩子都两个了，不接吻不正常吗？,0
2025/3/28 15:22,才结婚几年啊？就没有了？很明显就是不爱了啊[发呆],1
2025/3/28 15:23,董力为啥怕粉丝，因为他压根没几个粉丝，就怕为数不多的粉丝因为他结婚和他拜拜呗，那会他就是真凉凉了[抠鼻],1
2025/3/28 15:23,看见他真的来气,1
2025/3/28 15:23,什么鬼，五年没有亲吻，第一次听,0
2025/3/28 15:23,没有亲吻，也没有别的接触吧？这不正常,1
2025/3/28 15:24,有个邻居，儿子 2个了，还打了一个，说很多年没接过吻了[捂脸],1
2025/3/28 15:24,没有爱赶紧分，本能的爱就是想亲亲抱抱,1
2025/3/28 15:24,要不是看过奋斗吧少年（冲彭昱畅看的）我都不认得他,0
2025/3/28 15:24,没有他上，的确少了点骂的话题度,1
2025/3/28 15:24,@刘大哈哈～,0
2025/3/28 15:24,每天争吵 没有感情 为什么还要结婚,0
2025/3/28 15:24,那么惊讶干嘛,1
2025/3/28 15:24,我跟我老公结婚才两年，我也不想跟他接吻[捂脸][捂脸],0
2025/3/28 15:25,@??嗯哼,0
2025/3/28 15:25,@等待 回来先亲我,0
2025/3/28 15:25,可能救过她的命[捂脸],0
2025/3/28 15:25,@小田心里美 @班尼迪克蛋?? @Ryan1 @Across,0
2025/3/28 15:26,结婚也就五年吧[捂脸],0
2025/3/28 15:26,@用户19450815 正常吗,1
2025/3/28 15:26,他跟麦琳那对夫妻应该互换着上节目,1
2025/3/28 15:26,加一,0
2025/3/28 15:26,@??腻,0
2025/3/28 15:26,亅,0
2025/3/28 15:27,那啥时候也不亲？,0
2025/3/28 15:27,没感情了吧[看],0
2025/3/28 15:27,惊讶的都会以为婚姻是因为爱情，而爱情一直还在[捂脸],0
2025/3/28 15:27,?1 谁没事老接吻啊 亲亲就行了 非要接吻嘛??,0
2025/3/28 15:27,啊，我不和我老公舌吻[捂脸],0
2025/3/28 15:27,谁说的老公给够就钱 他不用回家的 甚至很别人过都行 不要既要又要,1
2025/3/28 15:27,我和我老公结婚不到半年就不接吻了,0
2025/3/28 15:27,会啊，结婚十年了还是会经常亲亲[害羞],0
2025/3/28 15:28,@BBkingpp,0
2025/3/28 15:28,@刘与琪,0
2025/3/28 15:28,这有什么[捂脸][捂脸]我跟我老公结婚第一年我们就不亲了,0
2025/3/28 15:29,普通人有家庭小孩应该没有了，现实这是事实,0
2025/3/28 15:29,这个董力有毛病,1
2025/3/28 15:29,阿诺是不是杀人分尸被董看见啦[泪奔],1
2025/3/28 15:29,我也不喜欢亲[思考],0
2025/3/28 15:29,这俩应该去再见爱人,1
2025/3/28 15:30,对，婚姻里更重要对是责任，有的时候爱与不爱不是那么重要，只要负责对家里人就好了,0
2025/3/28 15:30,感情真好[送心],0
2025/3/28 15:30,人家老婆乐意，她可是向着她老公的[捂脸],0
2025/3/28 15:30,狠人,1
2025/3/28 15:30,压根没爱,1
2025/3/28 15:30,就是不爱,1
2025/3/28 15:30,他老婆其实可以去微整填充下,1
2025/3/28 15:31,我感觉看了评论，我不是要出家了，就是要离婚了的地步[捂脸][捂脸][捂脸],0
2025/3/28 15:31,我和我老公也是好多年不接吻啊[捂脸] 都是将就过呗 共同把孩子抚养长大就够了 什么情啊爱的 屁都没有[我想静静],0
2025/3/28 15:31,这个外国人挺厉害的 我记得他们很爱亲亲抱抱 居然能过下去,0
2025/3/28 15:32,直接说不喜欢老婆,1
2025/3/28 15:32,离吧,1
2025/3/28 15:32,不爱了,0
2025/3/28 15:32,"[疑问][疑问][疑问][疑问][疑问][疑问][疑问][疑问][疑问],",0
2025/3/28 15:32,婚姻的最后就是靠良心，不爱了只要不做对不起你的事情就忍忍吧，反正婚姻就是这样啊,0
2025/3/28 15:32,我还以为他是搞体育的呢,0
2025/3/28 15:32,这男的真是越扒越有啊，我之前看爸爸去哪儿还挺喜欢他的。啧啧~,1
2025/3/28 15:32,就是不爱啊,1
2025/3/28 15:33,太神奇了 我和我老公结婚五年了 他还是有个毛病，时不时亲我额头  我说了很多次在外面别碰我 他都还是改不了。,0
2025/3/28 15:33,我觉得应该女方离异家庭吧，有点缺爱，怕走父母的路,1
2025/3/28 15:33,不知道是不是因为请不到人 。。。,1
2025/3/28 15:33,就是不爱,1
2025/3/28 15:33,我也是，感觉挺好的，我老公也觉得很舒服[尬笑],0
2025/3/28 15:33,他说的是五六年没深吻吧，但亲吻应该是有的吧。我跟我老公也没深吻了，只能亲一下[偷笑],0
2025/3/28 15:33,他俩才是最年轻的那对啊,0
2025/3/28 15:33,我跟我老公14年了，差不多十多年没接吻了[泪奔]我是真的烦接吻，互相吃口水多恶心。亲嘴亲脸有时候。我跟他谈对象时候我都讨厌接吻。真的很恶心。,0
2025/3/28 15:33,男的一看就是不爱,1
2025/3/28 15:34,董力能不能换个节目啊[尬笑],1
2025/3/28 15:34,@飞天茅台小旺财 @赵烧鸡腿饭.,0
2025/3/28 15:34,真的很喜欢很爱的话不可能不接吻啊  都会情不自禁的亲吻的啊  五年没有 想不通[捂脸][捂脸][捂脸],1
2025/3/28 15:34,@Gdccijg,0
2025/3/28 15:34,啊？那孩子怎么生的,1
2025/3/28 15:34,很正常啊，普通人都这样，他只是普通了一点而已。,0
2025/3/28 15:34,董力滚,1
2025/3/28 15:34,已经不爱了,0
2025/3/28 15:35,我觉得正常呀 舌吻唉！结婚7年也是不舌吻，很正常吧。,0
2025/3/28 15:35,我老公的嘴就像烟灰缸[我想静静][我想静静][我想静静],1
2025/3/28 15:35,@阿6 @lululll,0
2025/3/28 15:35,对 反正我老公工资也上交 而且我老公也挺爱孩子的 是个好爸爸[泣不成声],0
2025/3/28 15:36,他长得就很不讨喜，说话也是冷漠的感觉，也就是老外心大，换成中国女的估计都不要他,1
2025/3/28 15:36,为啥啊？我服了,1
2025/3/28 15:36,我天 什么男人,1
2025/3/28 15:36,多少年不接吻？我跟我老公12年，还有接吻。但他不刷牙，我不让亲。我老公不抽烟，偶尔有应酬才喝点酒。,0
2025/3/28 15:36,我家也是。当他爸妈面也要搂一下腰，路过拍我屁股。没人注意就偷偷亲过来。真的很烦阿！！我觉得很尴尬[捂脸][捂脸][捂脸],1
2025/3/28 15:36,@滴滴答答.,0
2025/3/28 15:36,@立里-i?? 多损呐,1
2025/3/28 15:37,什么节目,0
2025/3/28 15:37,就是不爱，还硬要上这个节目。明明就应该上下一季的再见爱人。[抠鼻],1
2025/3/28 15:37,深吻是,0
2025/3/28 15:38,@?????柿柿如意 @__Easye,0
2025/3/28 15:38,他去再见爱人吧[憨笑],0
2025/3/28 15:38,很正常吧，深吻啊！十几年也没有，最多亲一下[捂脸]伸舌头还是算了,0
2025/3/28 15:38,有病[囧],1
2025/3/28 15:38,很正常，结婚时间长了不都柏拉图了[捂脸],0
2025/3/28 15:38,@小陈昨天刚下凡 哈哈哈哈哈哈哈哈哈,0
2025/3/28 15:38,我生孩子后他想亲密动作就有点反胃,0
2025/3/28 15:39,[尬笑][尬笑][捂脸][捂脸],0
2025/3/28 15:39,[捂脸][捂脸][尬笑][尬笑],0
2025/3/28 15:39,这就是典型的生理性排斥啊,0
2025/3/28 15:39,董一看就没有爱，觉得董很花心??,1
2025/3/28 15:39,不爱了吧[捂脸],0
2025/3/28 15:39,@漂亮阿姨家的女儿 ？？,0
2025/3/28 15:39,董力就不爱他老婆啊，压根没有生理性喜欢特别是色字当头的男的[尬笑],1
2025/3/28 15:39,回来[色][色][色][色][色],1
2025/3/28 15:39,不是很正常嘛，我跟我老公也不亲[捂脸][捂脸][捂脸],0
2025/3/28 15:39,情到深处还是会吻的吧，不然大概就是不爱,0
2025/3/28 15:40,@enoch酱 [微笑],0
2025/3/28 15:40,并不是,0
2025/3/28 15:40,说的是深吻吧,0
2025/3/28 15:40,董应该没爱过  甚至 pua[九转大肠],1
2025/3/28 15:40,在一起15年啦，每天都要抱一抱，亲一下,0
2025/3/28 15:40,[九转大肠][九转大肠]还不承认,1
2025/3/28 15:41,@??七只土豆 我天啊,0
2025/3/28 15:41,我跟我老公在一起17年了，每天都亲，而且亲很多次,0
2025/3/28 15:41,他想要有热度,0
2025/3/28 15:42,那就是不爱啊,1
2025/3/28 15:42,我们也各盖各被子，但是每天都会有吻,0
2025/3/28 15:42,不理解，爱一个人怎么可以忍得住不亲亲啊[皱眉]我和对象恨不得亲到嘴皮子都破,0
2025/3/28 15:42,这么渣,1
2025/3/28 15:43,男的想传达女的更爱他？来显示他的魅力？,1
2025/3/28 15:43,怪不得节目一开始说是因为小孩才结婚[捂脸],0
2025/3/28 15:43,我也是[捂脸],0
2025/3/28 15:44,女的比男的有钱吧,1
2025/3/28 15:44,@咕噜猫。 [惊恐],0
2025/3/28 15:44,结果都一样,0
2025/3/28 15:44,拒绝交流，有什么好聊，听着好绝望啊，诺姐姐独美吧，要这男人干嘛,1
2025/3/28 15:45,我老公都50了，他还是喜欢深吻[捂脸],0
2025/3/28 15:45,谈恋爱时候感觉麻酥酥的 老夫老妻了现在亲怪恶心的[暗中观察],0
2025/3/28 15:45,[看],0
2025/3/28 15:46,所以说可怜之人必有。。。。,1
2025/3/28 15:46,我们也是，我和老公20结婚，现在已经13年了，他一会到家就要亲亲……真的是生理性和心理性喜欢[泣不成声],0
2025/3/28 15:46,G,0
2025/3/28 15:46,[泪奔]是的,0
2025/3/28 15:46,这个节目我真挺想看，但是真的一秒都不想看这个董力[宕机][宕机][宕机],1
2025/3/28 15:46,我是下不去嘴[尬笑],0
2025/3/28 15:47,我十年了[尬笑]我就是很讨厌接吻，生理不适,0
2025/3/28 15:47,要离婚了,0
2025/3/28 15:47,你这才是不正常的,1
2025/3/28 15:47,是不是上错节目了,0
2025/3/28 15:47,我来个天呢[尬笑],0
2025/3/28 15:47,在家里还是外面亲吻并没有特定或者特意，就是随时随地啊，很自然啊，我女儿都说爸爸妈妈每天在家撒狗粮[捂脸]，我们十几年睡觉前肯定会亲一下，然后手牵手十指相扣的互道晚安睡觉，这样不是很正常吗？5年没有亲吻我觉得不可思议,0
2025/3/28 15:47,跟我一样 真是受不了 [捂脸],1
2025/3/28 15:47,还要谢谢给你这个机会？？ 是有什么大病吗  无语,1
2025/3/28 15:48,不是不爱 是了解这个人太多了,0
2025/3/28 15:48,今天更新的,0
2025/3/28 15:48,特别是早上都是他先醒的时候，会偷偷亲我,0
2025/3/28 15:48,[呲牙][呲牙],0
2025/3/28 15:48,啊啊啊啊啊，捐精都没人要,1
2025/3/28 15:48,这哥们儿真的不用洗,1
2025/3/28 15:48,@困了困了?? 哈哈哈哈,0
2025/3/28 15:49,??有时候还问我，刚刚我亲你，你知道不[捂脸],0
2025/3/28 15:49,我觉得是搭伙过日子或者没爱的不亲嘴才是正常的，互相惦记彼此的不亲嘴不正常[笑哭],0
2025/3/28 15:49,不吻就是不爱啊！明年该上再见爱人了,0
2025/3/28 15:49,中国人也喜欢，别被他骗了,1
2025/3/28 15:49,但是五年都没有过亲吻和接触，这不太正常吧，感觉他不爱他老婆,1
2025/3/28 15:50,我老公喜欢每天都亲我,0
2025/3/28 15:50,五六年没有二胎咋来的啊,1
2025/3/28 15:50,年轻人，不要玩手机了，祖国的花朵需要你们[看],0
2025/3/28 15:50,还好吧，我们结婚生娃十年也没亲过，多看一眼都想吐,1
2025/3/28 15:50,不爱了呗！很明显,1
2025/3/28 15:50,我和我老公从来没有接过吻，连结婚起哄亲一个都是亲的脸，他抽烟还不爱刷牙，太恶心了，感觉他嘴巴就跟吃了??一样,1
2025/3/28 15:50,拉倒吧，不亲嘴就是没有爱,1
2025/3/28 15:50,明年会上[呲牙],0
2025/3/28 15:51,哈哈哈,0
2025/3/28 15:51,这不是很正常吗？自从结婚我就不跟我老公吻咯，被子一人一张多好啊，不用拉，我想怎么盖就怎么盖，我不盖也可以，特别夏天千万不要粘在一起，热死,0
2025/3/28 15:51,不，还是大部分都亲嘴的，只有没有爱了，凑合过的才没有,1
2025/3/28 15:52,跟我老公差不多,0
2025/3/28 15:52,节目请董力的意义是？,0
2025/3/28 15:52,@Wuuu,0
2025/3/28 15:52,好像结婚后深吻的会比较少吧？我跟我老公感情很好，每天也就是轻轻吻一下，很少深吻了,0
2025/3/28 15:52,可是去外面不管是男人女人都会跟别人亲吻,0
2025/3/28 15:52,我滴个老天爷啊，上错节目了[捂脸],0
2025/3/28 15:52,这男的外头没人？？？？？,1
2025/3/28 15:52,@廿,0
2025/3/28 15:52,感觉他俩是搭伙过日子,0
2025/3/28 15:52,很正常啊,0
2025/3/28 15:53,董力好像也没拍过电视剧吧,0
2025/3/28 15:53,说天天亲的睡觉是不是都很和谐，不和谐肯定不会天天亲，这是有关联的，但有了孩子后确实变淡了,0
2025/3/28 15:53,@瘦子也可以有双下巴,0
2025/3/28 15:53,我跟我老公结婚五年，恋爱三年，在一起八年，经常会亲个嘴啊脸啊的,0
2025/3/28 15:53,精辟,0
2025/3/28 15:54,@鳄鱼大王??,0
2025/3/28 15:54,@杀死香菜,1
2025/3/28 15:54,可以炒节目热度,1
2025/3/28 15:54,他们应该去上再见爱人,1
2025/3/28 15:54,哈哈哈 我也是,0
2025/3/28 15:54,对啊。我们也是结婚10年了，他亲我我还嫌他口臭[捂脸]。我说等香了再亲[耶],0
2025/3/28 15:55,那就是不爱啊[捂脸]我想问[捂脸][捂脸][捂脸]如果爱的话为什么那么抗拒 哪有那么多借口就是不爱呗 而且外国人怎么可能接受不了亲吻,1
2025/3/28 15:55,我和我老公结婚十几年，也有差不多十年没接过吻了，是因为我真的不喜欢，每次我老公想亲我都会很反感，我觉得是我的问题但是不影响我们相爱,0
2025/3/28 15:55,我觉得董力是那个时候上了爸爸去哪儿，被阿拉蕾感化了，自己也想要个大眼睛可爱的宝宝。然后就找了女方。[捂脸],0
2025/3/28 15:55,不爱了而已多简单的问题[捂脸],0
2025/3/28 15:55,哈哈??。那为啥要跟他结婚呀？[捂脸][捂脸],1
2025/3/28 15:55,女生这么漂亮依旧被如此对待，那么我释怀了,1
2025/3/28 15:55,@胖胖小面包??[发呆],0
2025/3/28 15:56,这什么人啊，他是不是应该一个人过？感觉阿诺好可怜[捂脸],1
2025/3/28 15:56,我们 20 年了，该亲还是亲，该吵还是吵[流泪][流泪][流泪],0
2025/3/28 15:56,没有看到董爱爱诺，其他的几对都挺好的,0
2025/3/28 15:56,让董回家吧  我们益达来[我酸了],0
2025/3/28 15:56,哈哈哈哈哈哈哈哈。语重心长的[捂脸],0
2025/3/28 15:56,@富川流浪女?? @7-ing,0
2025/3/28 15:56,但是我觉得很正常啊[尬笑]各睡各的很舒服,0
2025/3/28 15:56,总觉得他们没那么爱对方,1
2025/3/28 15:56,你们是极少数，不过他们不亲也正常，每家都有自己的相处方式，反正我能理解，没必要说啥，很多看起亲密看起恩爱的很，其实男的早就出轨了,0
2025/3/28 15:56,结婚前装不喝酒不抽烟，每次约会都是刷了牙来的[捂脸],0
2025/3/28 15:56,？,0
2025/3/28 15:56,没错，睡觉前必须有,0
2025/3/28 15:56,还百分之九十？？？,1
2025/3/28 15:57,@荔枝超甜 没爱,1
2025/3/28 15:57,我跟我老公也盖不了一张被子[泪奔]因为他半夜会不自知地卷被子，我会冷死,0
2025/3/28 15:57,他是干嘛的？,0
2025/3/28 15:57,感觉他不仅没有礼貌还没有脑子,1
2025/3/28 15:58,@甜甜少女叽,0
2025/3/28 15:58,生完孩子再也不接吻，他嘴臭，不睡一个屋，他呼噜声吵死人,1
2025/3/28 15:58,我的天董力和我同年同月生。。。我只有不爱的人才抗拒身体接触，但是该尽的责任我会尽，内心很反感，所以我不找不爱的人结婚，我感觉我对象有点像他[流泪],0
2025/3/28 15:59,是，亲吻不一定很爱，但不亲一定是不爱,0
2025/3/28 15:59,董力有说过，之所以会结婚因为有孩子了！,0
2025/3/28 15:59,我结婚第一年就分被了[笑哭],0
2025/3/28 15:59,一人一张被子很正常吧，我跟我老公一直以来都是一人一张被子，因为他怕热我怕冷,0
2025/3/28 15:59,他应该去参加另一个节目吧,0
2025/3/28 15:59,@三金SANJIN,0
2025/3/28 15:59,还能获得外国绿卡,0
2025/3/28 15:59,董力明显不爱她,1
2025/3/28 16:00,大多数是他不愿意跟我亲[捂脸]但是他要跟我亲的时候我又嫌弃了[捂脸][捂脸][捂脸],0
2025/3/28 16:00,同感[捂脸],0
2025/3/28 16:00,不沟通不交流是不是还是有点问题,0
2025/3/28 16:00,老公亲我，我能恶心死[捂脸]@等亦,0
2025/3/28 16:00,哈哈哈哈，就服你[捂脸],0
2025/3/28 16:00,说白了本身只是想谈个恋爱都还没想结婚就是因为孩子结了，结完生完发现其实也没有多爱，就将就搭伙过日子就完了,0
2025/3/28 16:00,他们不是应该去再见爱人吗,0
2025/3/28 16:01,@是老王吖,0
2025/3/28 16:01,陪伴是最长情的告白，他们在一起九年了，不爱早就离婚了吧？拖那么久干嘛,0
2025/3/28 16:01,不爱呗,0
2025/3/28 16:01,戚薇好漂亮,0
2025/3/28 16:01,拍照的时候就看出来了  他的嘴巴都抗拒  而且只是亲亲碰一下他都不愿意  要不是其他人起哄  不会拍亲吻照,1
2025/3/28 16:02,对鸭～我不喜欢，老公口臭[笑哭],1
2025/3/28 16:02,也不一定。我月子里我先生每天都要亲十几下，睡觉也非要搂着睡。我还问他我说坐月子都臭了你能下得去嘴，他说哪有什么，是为了给他生孩子才这样，不嫌弃，反而觉得我辛苦[捂脸][捂脸]。,0
2025/3/28 16:02,这个动力是个奇葩,1
2025/3/28 16:02,@?? Daisy. ??,0
2025/3/28 16:03,@送你一朵小红花 [抠鼻],0
2025/3/28 16:03,我们八年了，感觉和恋爱的时候一样，[捂脸],0
2025/3/28 16:03,后面就直接摆烂了[捂脸][捂脸]，但是只要他爱你就够了，有没有这些亲密行为其实无所谓。,0
2025/3/28 16:03,@睡到自然醒,0
2025/3/28 16:03,@关你屁事?,1
2025/3/28 16:03,我之前还挺喜欢他爸爸去哪里和阿拉蕾一起的时候,0
2025/3/28 16:03,5年。。。。。。天啊，妈呀，小姐姐好可怜啊，如果单身没问题，关键这跟单身有啥区别，而且还有一堆干不完的活,1
2025/3/28 16:04,爱不爱是女主角自己来感受，只有当事人知道，很多夫妻关系都从恋人上升到亲人了，就像左手摸右手，都麻木了,0
2025/3/28 16:04,其实我很恐婚。因为我也不敢保证我会一直爱一个人。我也不敢保证我的另一半他只有我一个人。其实我觉得结婚以后只要负责任不出轨已经就够好了。,0
2025/3/28 16:04,[捂脸][捂脸][捂脸][捂脸]你这么一说。。还真是,0
2025/3/28 16:04,才结婚多久？,0
2025/3/28 16:05,我们也是，有孩子后就很自然分房睡了[捂脸][捂脸],0
2025/3/28 16:05,不正常吗 我见过几十年不亲的还不是过得好好的[尬笑],1
2025/3/28 16:05,我也是，生完孩子以后就不吻了，特别嫌弃,1
2025/3/28 16:05,没深吻过，但是让人怀孕了[黑脸][黑脸][黑脸][黑脸][黑脸],1
2025/3/28 16:05,我结婚第二天就分了  一个人盖很爽哈哈哈,0
2025/3/28 16:05,谁懂，我老公像只鸡一样，见我就要啄我两口[捂脸]有时候挺烦人的，看到我就要掐我屁股,1
2025/3/28 16:05,四五年了，吻不下去,1
2025/3/28 16:05,哈哈哈哈哈[赞][赞],0
2025/3/28 16:05,@NO.9,0
2025/3/28 16:05,正常啊，有孩子谁还亲嘴，[发呆][发呆][发呆],0
2025/3/28 16:05,感覺啊諾沒工作收入頭髮很久沒打理過的樣子應該很久沒有好好打扮過了,1
2025/3/28 16:06,董力是谁？,0
2025/3/28 16:06,@Liurh,0
2025/3/28 16:06,这哥们挺帅的，情商偏低 [思考],0
2025/3/28 16:06,没有感情，只有婚姻[九转大肠],0
2025/3/28 16:06,她俩不会芒果台两个节目都通吃吧[笑哭][笑哭],0
2025/3/28 16:07,哈哈[大笑],0
2025/3/28 16:07,看董力的眼睛就不是善茬,1
2025/3/28 16:07,@欧斯古?? 会这样吗,0
2025/3/28 16:07,哪有那么多为什么 就是不够爱,1
2025/3/28 16:07,我女儿6岁了  我还是喜欢亲我老公[捂脸][捂脸],0
2025/3/28 16:07,我记得他上的那个节目被喷惨了，是因为啥,0
2025/3/28 16:07,很多夫妻都这样吧 不爱了就是不爱 这又不是可以努力学习的 只是还有责任在,0
2025/3/28 16:07,不会呀，我们好歹亲了十五六年[捂脸]就这两年没了,0
2025/3/28 16:07,生孩子不能亲吻了，浅浅亲一下都没有吗,0
2025/3/28 16:07,怕有口臭[看],0
2025/3/28 16:07,男的对女的主动性的生理性喜欢都没有[尬笑],1
2025/3/28 16:07,了解怎么就嫌弃了呢，不太懂…我老公睡觉很多时候会打呼噜，嘴巴还有烟臭味，我包容忍受了还是要和他睡一起，还牵着手或者抱着睡呢[捂脸],0
2025/3/28 16:07,啊  还是需要亲一下的 他不主动 你主动啊 要时不时地撒娇来一个老公亲亲 抱抱 这对男的很受用[坏笑][坏笑],0
2025/3/28 16:08,那他都和谁亲,1
2025/3/28 16:08,@马夸威特,0
2025/3/28 16:08,他有粉丝嘛？[石化]勇敢的站出来让大家看看,1
2025/3/28 16:08,@每天都好困??,0
2025/3/28 16:08,前几天还在上海看到他们夫妻逛街手牵手一起买咖啡，节目效果吧,0
2025/3/28 16:09,还好意思说出来,1
2025/3/28 16:09,生宝宝前特喜欢吻我老公，生宝宝后觉得老公臭了不吻了，他有时候吻我，我都嫌弃[捂脸][捂脸],0
2025/3/28 16:09,戚薇是签了协议吗？所有的镜头只有侧面，要么墨镜,1
2025/3/28 16:09,我从生了一胎到现在跟我老公没接吻耶，嫌弃耶,0
2025/3/28 16:09,真的假的，结婚多年还亲,0
2025/3/28 16:09,岛屿少年，不干活等着吃饭,1
2025/3/28 16:09,很明显就是不爱啊,1
2025/3/28 16:09,这是我们普通家庭夫妻都是这样的啊，有了孩子，沟通越来越少，越来越想清静，董视女方可能已经是亲人关系了，没得爱情了，没有激情了,0
2025/3/28 16:09,对呀,0
2025/3/28 16:09,俺俩都是一人一个被子，他天天冻醒,0
2025/3/28 16:10,会常常嫌弃?? 真的是生了孩子没有吻,1
2025/3/28 16:10,我和我老公结婚八年异地三年。现在在一个地方又分房[捂脸],0
2025/3/28 16:10,这个评价是最准确的,0
2025/3/28 16:10,没爱所以吻不下去啊,0
2025/3/28 16:10,太夸张了吧我觉得,0
2025/3/28 16:10,不爱,1
2025/3/28 16:10,一个男人爱一个女人我不相信他不碰这个女人打死也不信 生理喜欢是人性抗拒不了,1
2025/3/28 16:10,我们家是老公哄完孩子睡着就挪到一边，抱着我睡，被子也是孩子自己盖一个我俩盖一个[泪奔][泪奔][泪奔],0
2025/3/28 16:10,24小时在一起也会有聊不完的话题的呀，根本聊不完,0
2025/3/28 16:10,岛屿少年，干活少，吃得多,1
2025/3/28 16:11,啊？不应该越来越亲了吗？咋还嫌弃了捏，难不成开始是新鲜后面就嫌弃了，我和我老公虽然我喜欢找他麻烦，无理取闹，不过问喜欢他抽烟的味道，打呼噜都可以，我都给他搽鼻涕[捂脸]，有啥嫌弃的,0
2025/3/28 16:11,@努力吧，少年????????,0
2025/3/28 16:11,怎么会不喜欢亲吻呢,0
2025/3/28 16:11,她们还有个2岁的娃，我只想说董力的婚姻其实在现实中很常见而且很多,0
2025/3/28 16:11,一人一床被子不是很舒服嘛，而且分床睡更舒服，不然我老公呼噜声，睡得大家都不开心,0
2025/3/28 16:12,??,0
2025/3/28 16:12,我老公喜欢亲，但是我很抗拒，因为他的胡须太扎人了[捂脸],0
2025/3/28 16:12,哈哈哈哈哈哈哈,0
2025/3/28 16:12,包上的[玫瑰],0
2025/3/28 16:12,。总说一句就是没有爱了上次亲他 都躲开了呀。只是为了孩子而负责而已。,1
2025/3/28 16:12,以后什么都没有的话，你会不会又烦了觉得他不爱你了,0
2025/3/28 16:13,@我是六六呀?? @YWH @?? @晚安后的风 @????? 董力也是炸裂,0
2025/3/28 16:13,@小杨咩咩,0
2025/3/28 16:13,两个人在一起不一定要舌吻  偶尔还是得撒撒娇亲吻一下  不然想想这一辈子就这样 完犊子了,0
2025/3/28 16:13,我觉得正常啊[泪奔],0
2025/3/28 16:13,@123 [看],0
2025/3/28 16:14,怀孕9个月了没有深吻，但每天都会有很多亲亲,0
2025/3/28 16:14,所以真的很烦董、真的想让他回家,1
2025/3/28 16:14,屁个粉丝,1
2025/3/28 16:14,@鰻瑶 @露露,0
2025/3/28 16:14,都没那必要了，再见爱人是纠结看看离不离的，他俩可以直接民政局了,1
2025/3/28 16:14,我也是觉得任何原因都不能分床睡，即便有时候有情绪也不行,0
2025/3/28 16:15,我的天,0
2025/3/28 16:15,我给我老公因为吵架 我让他去侧卧睡  俩人都没有睡好，不分床 睡觉时候还要抱着睡  不然感觉不习惯,0
2025/3/28 16:15,每天吻又如何， 丝毫没影响他出轨,1
2025/3/28 16:15,接受不了 [抠鼻]有时候 大半夜 我老公有时候 我睡着也要亲我一下 ，白天必须亲 不管是我亲他 还是他亲我，这是爱 不管是不是???孩子 [偷笑],0
2025/3/28 16:15,结婚十年还是深吻[呲牙],0
2025/3/28 16:15,不是，现实中一个个跟老公老婆分房睡都不觉得有问题，节目里没接吻就不可饶恕了[捂脸],0
2025/3/28 16:16,我老公就是自己盖不到，一直给我盖，被子都掉床下了，还觉得我盖不到,0
2025/3/28 16:16,俩人一个被子睡不着吧[笑哭]我喜欢一人一个被子，前两天我对象说“我好不好”，我说“好”，他说“那不赶紧亲我下”，我说“我们不是不亲嘴吗[尬笑]”他说“立马亲[色]”,0
2025/3/28 16:16,估计不爱吧,0
2025/3/28 16:16,我每次想跟我老公分床睡他死活不愿意，然后我跟他吵架了我就不跟他睡一头，然后他也跑过来，每次去上班的时候都会亲我一口，我老公还总说我是不是嫌弃他了[捂脸],0
2025/3/28 16:16,但是睡觉前玩手机的时候，看到他的肉肉就是会想挨着呀？睡觉肯定不会说一直抱着，但是身体的触碰肯定要有啊，分被子睡有点离谱了，不分房是因为房间不够多吗？,0
2025/3/28 16:16,这是啥剧的，,0
2025/3/28 16:16,我也是，老嫌弃了，强烈要求分被子睡，哈哈哈哈哈哈,1
2025/3/28 16:16,他有没有其他女朋友我深深怀疑，不亲吻是给谁看啊,1
2025/3/28 16:16,……,0
2025/3/28 16:16,分被子睡是因为两个人体感不一样 我老公身上凉 我身上热 但是我很怕冷 常年盖厚被子,0
2025/3/28 16:16,嗯……………………,0
2025/3/28 16:16,也不是吧[捂脸]每晚我都要粘我老公睡的，有老公的香味[猪头][猪头],0
2025/3/28 16:16,只有一点同意，我就喜欢一人一条被子睡,0
2025/3/28 16:17,这个董力明显的不爱她啊,1
2025/3/28 16:17,就是没有那么爱了,0
2025/3/28 16:17,@柒归,0
2025/3/28 16:17,@W,0
2025/3/28 16:17,这男的有问题啊[灵机一动],1
2025/3/28 16:17,胡姐夫的眼神看透了一切,0
2025/3/28 16:17,这还不如陌生人啊，嘴都不亲，结个鸡毛婚,1
2025/3/28 16:18,中国结婚后的女人 大部分过这种生活,1
2025/3/28 16:18,冷暴力啊,1
2025/3/28 16:18,崽怎么生出来的[尬笑],1
2025/3/28 16:18,我们在一起15年，感觉跟谈恋爱时一样，各种亲亲抱抱，我女儿都受不了，对我们翻白眼[捂脸],0
2025/3/28 16:18,不知道平时夫妻有几个没事亲嘴的[尬笑],0
2025/3/28 16:18,dl不要在树立中国传统好男人人设了[呆无辜],1
2025/3/28 16:18,老天爷，他是怎么娶到媳妇的[捂脸],1
2025/3/28 16:19,男人生孩子又不是因为爱生的,1
2025/3/28 16:19,五年[捂脸],0
2025/3/28 16:19,离婚吧,1
2025/3/28 16:19,有孩子以后春秋冬我就分被子睡，有时候俺老公给小孩偷着挪走，他跑过来睡[捂脸],0
2025/3/28 16:20,我也这样觉得,0
2025/3/28 16:20,普通夫妻五年不接吻也不太正常吧，就算平时不接吻，同房也不接吗？如果五年没有同房，那更不正常,0
2025/3/28 16:20,这就是不爱,1
2025/3/28 16:20,@修沟的修勾,0
2025/3/28 16:20,不是，你们应该是生理性喜欢,1
2025/3/28 16:20,他有病吧,1
2025/3/28 16:20,我老公也这样，从来不主动跟我聊天,0
2025/3/28 16:20,碰，使劲碰,1
2025/3/28 16:20,爱怎么会没有深吻,0
2025/3/28 16:21,这完全不爱啊,1
2025/3/28 16:21,他们来错节目了吧,1
2025/3/28 16:21,@me,0
2025/3/28 16:21,这俩人咋过一起去的[捂脸],1
2025/3/28 16:21,我们也分，从结婚就分被子,0
2025/3/28 16:21,哈哈哈哈哈哈,0
2025/3/28 16:21,分房睡，就一个原因，嫌对方臭，,1
2025/3/28 16:22,面相就不好,1
2025/3/28 16:22,他配不上这个女孩,1
2025/3/28 16:22,我不行，老公身体太热，碰着根本睡不着，我要侧睡睡床边边，有没有和我一样的？,0
2025/3/28 16:22,就是，自己盖自己多好，想咋盖咋盖,0
2025/3/28 16:22,我也觉得正常，老夫老妻了，生活中除了琐碎柴米油盐[尬笑][尬笑]就是搭伙过日子，上班累死累活回家还要家务带孩子，哪里还有那么多情情爱爱，就是家人的感觉了，不过那女的是外国的，可能吻对他们来说是重要的[呲牙],0
2025/3/28 16:22,@半糖～,0
2025/3/28 16:23,可能下一个综艺就要来了[捂脸],0
2025/3/28 16:23,好像蛮正常的呀[捂脸],0
2025/3/28 16:23,还有颖儿和付辛博也是,0
2025/3/28 16:23,啊也没有吧，可以问一下嘛，你们多大年纪[宕机],0
2025/3/28 16:23,别说深吻 吻都没有,0
2025/3/28 16:23,我老公吧，自从结婚就没有接吻了，都是蜻蜓点水，但他责任感强，对家庭也不错。我要求过他拒绝了，以前挺在意的，现在释怀了。婚姻到最后靠良心吧,0
2025/3/28 16:24,@奶茶方方包 卧槽[尬笑][尬笑],1
2025/3/28 16:24,不是吧，结婚8年了，两个女儿，中午老公还拉着亲我[捂脸][捂脸][捂脸],0
2025/3/28 16:24,我们结婚6年，吵架频率很高，几句话不对可能就吵架了，但是这些事情从来没有耽误过[捂脸]  反正觉得男人对你不感兴趣肯定有问题，不是身体有问题就是心里有鬼,0
2025/3/28 16:24,离了吧   喜欢互相折磨?,1
2025/3/28 16:24,对对对,0
2025/3/28 16:24,董力都结婚五六年了吗[捂脸],0
2025/3/28 16:24,我也这么觉得,0
2025/3/28 16:24,@嘻嘻xi,0
2025/3/28 16:25,综艺,0
2025/3/28 16:25,就是不爱呗,0
2025/3/28 16:25,刚结婚，5年都没亲吻了[尬笑],0
2025/3/28 16:25,@??-ZHANXH,0
2025/3/28 16:25,这是什么节目,0
2025/3/28 16:25,那离婚吧,1
2025/3/28 16:25,别霍霍女生了，死样子,1
2025/3/28 16:25,@可乐来了,0
2025/3/28 16:25,我们有娃后也是分被子盖了，因为盖不到三个人[捂脸]我和娃一个被子，去老公自己一个被子[捂脸],0
2025/3/28 16:26,我和我老公也不亲，也是五六年了。,0
2025/3/28 16:26,@软妹儿bling,0
2025/3/28 16:26,??这,0
2025/3/28 16:26,@柚子！,0
2025/3/28 16:26,他好装啊哪里怪怪的@椿山霁??,1
2025/3/28 16:26,就抱抱亲亲都没有吗,0
2025/3/28 16:26,[发呆][发呆]不是吧，那我是那百分之十的普通人,0
2025/3/28 16:27,我也是，每天都见面睡在一起的人，上班的时候还聊天腻歪[捂脸],0
2025/3/28 16:27,@cwt,0
2025/3/28 16:27,"他是女人吗？[捂脸][捂脸][捂脸]
这么被动！[大笑][大笑][大笑]",1
2025/3/28 16:28,他怎么戏那么多 模仿黑红吗 来错节目了,1
2025/3/28 16:28,隔壁右拐 再见爱人,0
2025/3/28 16:28,女的爱的太卑微了，感觉总给自己洗脑，把董的那些行为强行在自己这里合理化,1
2025/3/28 16:28,主要离谱的是没有接吻,0
2025/3/28 16:28,我觉得你这个做法不对，应该娃自己盖，你们夫妻一起盖,0
2025/3/28 16:28,上那个离婚节目吧这一对哈哈哈哈哈[泪奔],0
2025/3/28 16:28,他们俩才是普通夫妻的真实写照吧。老夫老妻的深吻？,0
2025/3/28 16:28,你们有孩子都不亲嘴了吗 我家孩子16了 还亲呢[捂脸],0
2025/3/28 16:28,我对象每天睡前睡后 半夜也会亲我 每天出门他上班都亲我额头 嘴 才出门[捂脸]已经持续两年了[捂脸],0
2025/3/28 16:28,不爱了已经,0
2025/3/28 16:29,@happyfish,0
2025/3/28 16:29,那他在装的时候你俩都没有过吗,1
2025/3/28 16:29,因为他是渣男[捂脸],1
2025/3/28 16:29,你遇到了爱情,0
2025/3/28 16:29,@用户859631102161,0
2025/3/28 16:29,我以为外国女人都是独立且清醒的，没想到也有阿诺这样的恋爱脑,1
2025/3/28 16:30,我咋那么烦董力呢，导演为啥要请他呢,1
2025/3/28 16:30,我不喜欢亲嘴，感觉很脏[尬笑],0
2025/3/28 16:30,考研大白天还在刷视频[捂脸]你也回家吧孩子,0
2025/3/28 16:30,结婚8年  亲嘴的次数一个手能数的过来,0
2025/3/28 16:30,@偶然的日常 啊，结婚五六年就这样了，这不好[流泪][流泪]我不要,0
2025/3/28 16:30,我们都分房,0
2025/3/28 16:30,@啧啧大西瓜 [宕机],1
2025/3/28 16:30,同妻了吧  [抠鼻],1
2025/3/28 16:30,他们这一对本来就没什么名气，而且又没有什么资产，在这里面又很透明化，节目里至始至终从这个女的脸上就能看出来！,1
2025/3/28 16:30,已经不爱了,0
2025/3/28 16:30,根本不爱 所以不想主动,0
2025/3/28 16:30,原来大家的眼睛是雪亮的，我还以为大家误会他看错他了，听了这段话是根本不爱，他们不可能长久[我想静静],0
2025/3/28 16:30,我们分房睡  不亲吻,0
2025/3/28 16:30,四年算多年嘛[捂脸]认识六年，结婚四年，大部分，百分99时候都要亲亲晚安吻。,0
2025/3/28 16:31,是的,0
2025/3/28 16:31,@婷婷?? @奶茶很甜?? 以前我也不能理解，现在我也过成这样，我和孩子睡，他自己单睡，牵手啥的亲密动作都没有了[捂脸],0
2025/3/28 16:31,我和我老公不亲，分床睡，平时不咋说话，但是我们感情还是一样的。,0
2025/3/28 16:31,38生二胎，孕早期要保胎，孕晚期要稳胎，月子里有月嫂陪着，产后半年为了恢复身体更要注意不能再孕，一个10岁的大宝粘着你，争宠地位，二宝和我觉轻，老公打呼噜，三室的家四口人非挤一个房间，互相折磨，为了保命只能分屋睡，身边没有亲人，我俩就跟战友一样围着小家忙活，这就是生活写照[捂脸],0
2025/3/28 16:31,能解析一下吗,0
2025/3/28 16:31,我觉得有必要,0
2025/3/28 16:31,这个还好，但是他说拒绝聊，没啥好聊的。这就问题大了,0
2025/3/28 16:31,我们都分房睡了[捂脸],0
2025/3/28 16:31,董力一直给我一种很无情的感觉,1
2025/3/28 16:31,@王某人一定行 [恐惧],1
2025/3/28 16:31,@我爱我的祖国女士 哈哈哈哈哈哈哈,0
2025/3/28 16:31,他们说正常人夫妻[呲牙],1
2025/3/28 16:31,@晚没有安 他们这样正常吗？,0
2025/3/28 16:32,肯定不是，你听男的说，有了孩子才结婚，意思就是意外有了孩子[捂脸]，上海人不会那么早要孩子是一回事，他事业上升更不会要，谁知道意外来了，后来就是事业也没啥大水花,0
2025/3/28 16:32,嫁给这样的人真悲哀,1
2025/3/28 16:32,分房怎么办,0
2025/3/28 16:32,都不一个屋 更别提嘴碰嘴了,0
2025/3/28 16:32,十年了，几乎每天都亲,0
2025/3/28 16:32,生完孩子后我也不喜欢亲    感觉我老公亲的满嘴口水[尬笑],0
2025/3/28 16:32,@Xx. [色][色],1
2025/3/28 16:32,我们同事，身边的人啊，大家聊家常的时候，聊家常都是各种抱怨，基本都是将就过[捂脸],0
2025/3/28 16:32,你可能不太了解我在说什么,0
2025/3/28 16:33,他老公可能也一样[尬笑],0
2025/3/28 16:33,自从生了娃 我就跟娃睡 [捂脸] 分床好多年啦  开始是带着宝宝睡不了 后面再一起睡 听不惯打呼噜声 一脚踢次卧了,0
2025/3/28 16:33,我和我老公结婚快四年了，大宝一岁多，他每天晚上大宝睡着了，都要和我睡一个被子[捂脸][捂脸]，每天早上上班走的时候都会亲亲，有时候我都有点烦[捂脸][捂脸][捂脸],0
2025/3/28 16:33,这样的老公留着干嘛呢，沟通都拒绝还在一起，这个节目不适合你俩,1
2025/3/28 16:33,[泣不成声],0
2025/3/28 16:33,在一起10年，在一起每天都要亲亲,0
2025/3/28 16:33,她们感情都这么好吗，结婚六年 孩子五岁 分房三年 也没影响感情呀 [尬笑],1
2025/3/28 16:33,我也想过这个，但是我娃才十一个月，太会踢被子了，我一起盖踢了我能知道，就娃自己盖一床被子的话踢被子了都不知道[捂脸],0
2025/3/28 16:34,有了娃我很抗拒睡同一张床，也很抗拒亲密。,0
2025/3/28 16:34,@戴戴要努力 哈哈哈哈哈,0
2025/3/28 16:34,叫什么综艺节目,0
2025/3/28 16:34,好好珍惜，我们身边的人，聊家常基本都是将就过的意思，没哪个聊起老公是眉飞色舞的,0
2025/3/28 16:34,董力回家吧,1
2025/3/28 16:34,我生完也不亲我老公了，我嫌弃他吃蒜喝酒不爱刷牙，但不能分房睡，毕竟没人给我拿东西了[看],0
2025/3/28 16:34,我两口子也是各盖各的 孩子不在身边 [抠鼻] 我的被子香香的 他的我洗的还勤 也不香[尬笑],0
2025/3/28 16:34,一边嫌弃一遍时不时吻一下,0
2025/3/28 16:34,当然知道你在说什么，你是觉得被感化了，结合他后面的采访就知道了，压根不是什么感化，是意外有了孩子,1
2025/3/28 16:34,我也是，不亲,0
2025/3/28 16:34,我不可以逼他做他不喜欢的事情，相处起来开心就好,0
2025/3/28 16:35,我孩子喂奶，我睡中间，后来断奶，孩子一个人被子，[捂脸][捂脸][捂脸],0
2025/3/28 16:35,@op,0
2025/3/28 16:35,真有人觉得这男的目前还爱这个女的嘛？我觉得他早就不爱了嘴硬不承认罢了、夫妻因为各种原因分床也正常但是不沟通不愿意沟通就已经说明问题了,0
2025/3/28 16:35,我也是，没有不爱呀,0
2025/3/28 16:35,他不爱你，姐妹儿,1
2025/3/28 16:35,我觉着正常，因为这是好多人现状[捂脸][捂脸],0
2025/3/28 16:35,我们谈对象就开始分被子一直到现在结婚都5年了，还是分被子，曾经尝试过盖一个被子，两米的被子抢不过[微笑][微笑][微笑]我俩都要骑[捂脸],0
2025/3/28 16:35,一切意外都是安排，都是成年人了,0
2025/3/28 16:35,@会笑的小菲绯 老太婆也要亲,1
2025/3/28 16:36,一言难尽 只能说不爱吧,0
2025/3/28 16:36,我是生了孩子完完全全对那个男的没兴趣，就是看到都会很心烦，一言不合就想干架那种[笑哭],0
2025/3/28 16:36,胡静说话挺直啊,0
2025/3/28 16:36,我跟我老公是约定了要出门前一定kiss，基本上不会忘记,0
2025/3/28 16:37,好可怜,0
2025/3/28 16:37,董力是个什么鬼啊,1
2025/3/28 16:37,再见爱人导演下季可以去约了，哈哈哈哈,1
2025/3/28 16:37,要么你不爱你老公，要么你老公不爱你，要么就是互相不爱，搭伙过日子,1
2025/3/28 16:38,哈哈哈哈终于找到同道中人了 我跟我老公我俩感情很好 但就是不能盖同一个被子[笑哭][笑哭][笑哭],0
2025/3/28 16:38,董力好讨厌啊，不爱还结婚,1
2025/3/28 16:38,我也有孩子没有这样过，除非孩子感冒爸爸就分开睡他第二天要工作嘛，我们两个基本都是一床被子,0
2025/3/28 16:38,他老婆真的很好,0
2025/3/28 16:38,对,0
2025/3/28 16:38,[尬笑][尬笑][尬笑]这还是夫妻吗,1
2025/3/28 16:38,我和老公结婚两年一直都是异地，他一年到头就回来个两次，也就过年呆个八九天的，回来两个人就和陌生人一样，很尴尬，睡觉也是一人一个被子，更别说接吻了，他说不喜欢[微笑],0
2025/3/28 16:38,只有我觉得，为了磨合而改变自己的习惯很变态吗？[泣不成声][泣不成声][泣不成声],1
2025/3/28 16:38,还好吧很正常爱到最后就剩下责任了,0
2025/3/28 16:38,妈呀，我跟我老公一天不亲都不得行[泪奔]五年的话还有什么感情可言，只剩下她是孩子妈妈了吧,0
2025/3/28 16:38,让大家看看不好的婚姻模板是啥样的,1
2025/3/28 16:39,难道有口臭[捂脸],1
2025/3/28 16:39,@往后并不如烟,0
2025/3/28 16:39,我们九年了天天亲啊[泪奔],0
2025/3/28 16:39,为啥大家都是生完孩子后不跟老公接吻的，我就不一样了 没孩子婚后一年后就不跟接吻了[尬笑]   有同款吗[泪奔],0
2025/3/28 16:39,是的，睡前在一个被窝抱着，要睡了各回各窝[笑哭],0
2025/3/28 16:39,@靓仔,0
2025/3/28 16:39,换个女人试试，男人啊 就品吧,1
2025/3/28 16:39,舌吻我觉得有点……我不喜欢,0
2025/3/28 16:39,真的吗？[捂脸]为啥不亲亲了,0
2025/3/28 16:39,她老婆真的被他洗脑洗的很彻底啊,1
2025/3/28 16:39,太离谱了，我跟我老公从在一起到现在9年，结婚三年了，虽然不是刚热恋那种蜜里调油，但亲亲抱抱日常太频繁了，我真的理解不了夫妻5年连亲亲都没有，[尬笑][尬笑][尬笑],0
2025/3/28 16:39,@Boom??,0
2025/3/28 16:40,不是很正常么，每个人性格不一样，相处模式也不同,0
2025/3/28 16:40,感觉是大多数人的平常   大家忙完回来各玩各的 被放大了感觉很奇怪  还有他也不会表达,0
2025/3/28 16:40,他都已经结婚了[捂脸],0
2025/3/28 16:40,说实话，董力老婆确实长得不好看，会不会逼婚的啊，感觉他一点不喜欢这个老婆[捂脸],1
2025/3/28 16:40,是的，一摸一样，有爱，但不多，分开也会舍不得,0
2025/3/28 16:40,到底是谁在粉董力[九转大肠],1
2025/3/28 16:40,@??哈登被我晃 真的吗,0
2025/3/28 16:40,好恶心 看到董力就不适[微笑],1
2025/3/28 16:40,这个男人不爱这个女的了 [捂脸],0
2025/3/28 16:40,但这个是男的不想吻，他老婆其实觉得吻很重要,0
2025/3/28 16:40,生理性厌恶，就很讨厌对方靠近自己,1
2025/3/28 16:41,没有深吻不是很正常吗,0
2025/3/28 16:41,很正常啊[流泪] 你们都天天亲呢？,0
2025/3/28 16:41,@谁啊 五年,0
2025/3/28 16:41,[捂脸][捂脸][捂脸]你这结什么婚,1
2025/3/28 16:41,这要是走麦林的路,0
2025/3/28 16:42,不爱妻子，还要跟妻子来夫妻的节目，利用人家赚取流量吗是要,1
2025/3/28 16:42,分被子怎么了，我们还分床分房间[捂脸],0
2025/3/28 16:42,我和我对象也是,0
2025/3/28 16:42,主要他觉得阿诺不漂亮了。外国人花期太短了,1
2025/3/28 16:42,不想亲也,0
2025/3/28 16:42,我俩天天亲[红脸],0
2025/3/28 16:42,我是不是废了 从不亲亲 抱抱 结婚6年了  [发呆][发呆] 也不在一起,0
2025/3/28 16:42,不是五年也太长了,0
2025/3/28 16:42,咋给她洗的脑[暗中观察],1
2025/3/28 16:42,为啥不离了啊,1
2025/3/28 16:43,我咋感觉他俩时间长了有点危险呢，这感情淡的也太早了吧,0
2025/3/28 16:43,@爱好珠宝??,0
2025/3/28 16:43,看评论就知道了，有话题[泪奔],0
2025/3/28 16:43,这么说吧，结婚以后就没亲过，也不影响我们的感情,0
2025/3/28 16:43,都说会上再见爱人～可是有没有发现女方一直在为他找理由，她根本就爱惨了，纯恋爱脑,1
2025/3/28 16:43,董力越看越不想看,0
2025/3/28 16:43,我家也是这样，一直分被子,0
2025/3/28 16:43,那就是没那么爱呗[酷拽],0
2025/3/28 16:43,是不是为了上节目临时结的婚,1
2025/3/28 16:44,因为他娶了一个外国人，这四对都是外籍配偶,0
2025/3/28 16:44,说真的，要不是因为黑红了，我还真不认识他,1
2025/3/28 16:44,我还分房睡呢[捂脸] 跟孩子睡,0
2025/3/28 16:44,晓燕上头[捂脸],0
2025/3/28 16:44,我和我老公只要对看对方几眼就会亲[捂脸],0
2025/3/28 16:44,我接收不了没有亲热行为,0
2025/3/28 16:44,五六年没有，小宝2岁？[笑哭][笑哭],0
2025/3/28 16:45,感觉董力是个渣男,1
2025/3/28 16:45,不理解董力这种,1
2025/3/28 16:45,其它都算了，不沟通还过啥，适合再见爱人[绝望的凝视],1
2025/3/28 16:45,感觉不够爱[尬笑]没爱了,0
2025/3/28 16:45,@奥又奥 @喝酸奶的英雄 @杨枝甘露寺蔬菜种植户 这是谁,0
2025/3/28 16:45,不爱了,0
2025/3/28 16:45,我也喂母乳，我孩子睡中间，我睡边上方便下床[尬笑],0
2025/3/28 16:45,感觉是大部分夫妻的常态吧,0
2025/3/28 16:45,@ZHOU CHUANG,0
2025/3/28 16:45,@车厘子画家 @Rong～ @杳杳.,0
2025/3/28 16:46,这节目什么名字,0
2025/3/28 16:46,@小余同学,0
2025/3/28 16:46,现实中挺多，不过他们有点早,0
2025/3/28 16:46,我对象每次回家就要往我全脸亲 说每次回家都稀罕我稀罕我,0
2025/3/28 16:46,娃一岁了 我俩还是一如既往的馋[捂脸],0
2025/3/28 16:46,@不吃花生米,0
2025/3/28 16:46,上错节目了吧[捂脸],0
2025/3/28 16:46,"离婚不要成本吗？有多少夫妻没有爱了还没离婚，一是为了孩子，二是没有原则问题，三是没遇到更好的
，四是搭伙过日子，他俩没离婚不代表还有爱，而且你看男方，你觉得他爱女的吗？",1
2025/3/28 16:47,后来我放下肉体的欲望?去爱她的性格?猜想她的心思?爱她憔悴的皮肤?了解她凌晨的心事与眼泪?才发现我一点也不爱她。[微笑][微笑][微笑],0
2025/3/28 16:47,我觉得明显是在制造话题炒热度，跟那个再见爱人一个样，剧本综艺[捂脸],1
2025/3/28 16:47,我老公也不喜欢我啊 我也不喜欢 我们俩就是因为责任结婚而已,0
2025/3/28 16:47,我老公也不亲我，可能不爱我[大笑]吧！,0
2025/3/28 16:47,我娃睡中间[尬笑]，床不靠墙，娃睡边上一是怕掉下去，二是我睡边上容易上下床，目前只能这样，到娃大一些了再看了[捂脸],0
2025/3/28 16:47,不正常吧,1
2025/3/28 16:47,董王感觉太自我感觉良好了，阿诺比他优秀啊,1
2025/3/28 16:47,一样都没有，责任也没，都还在坚持[流泪],0
2025/3/28 16:47,为什么？,0
2025/3/28 16:48,但是人家有钱人一般孩子都是专门有人负责带的    不跟他们睡一起的    他们还分被子睡,0
2025/3/28 16:48,@小刘不熬夜,0
2025/3/28 16:48,他这个状态就真的很像现在普通夫妻一样啊，谁会三天两头把爱挂在嘴上啊，平常上班都累死了，分被子睡也许每个人习惯不同，一个怕热一个怕冷[泪奔],0
2025/3/28 16:48,@mmeng-,0
2025/3/28 16:48,没有爱情，事实。,0
2025/3/28 16:49,不正常，谢谢[微笑],1
2025/3/28 16:49,一个愿打一个愿挨,0
2025/3/28 16:49,不是很正常吗[捂脸],0
2025/3/28 16:49,你老公如果爱你，就不可能 不接吻,1
2025/3/28 16:49,我们也好多年meiyouqinwenle，,0
2025/3/28 16:50,整得跟室友似的，这男的是真的渣，感觉自己可了不起似的，我生孩子跟老公分屋睡一年多了，也不妨碍沟通感情,1
2025/3/28 16:50,这个男的明显不爱了，一眼就能看出来。做出啥行为都不惊讶,1
2025/3/28 16:50,[尬笑][尬笑]这没什么好奇怪啊  我跟我老公结婚第二年就已经分开被子睡觉  因为我会抢被子[捂脸][捂脸][捂脸],0
2025/3/28 16:50,@??,0
2025/3/28 16:50,我哥想亲我一岁的侄女，我嫂子直接说不要让他亲，他有口臭，我想亲我侄女，她直接扭头拒绝，我侄女太贼了,0
2025/3/28 16:50,我也是 十年都没亲过嘴[捂脸] 我抗拒,0
2025/3/28 16:50,@yy 神经了这男的,1
2025/3/28 16:50,我怀孕之后我老公更喜欢亲我耶,0
2025/3/28 16:50,@笋. @快醒醒啊 就看到这，我气得噢,1
2025/3/28 16:51,他不爱了也没错，爱不能勉强，很多家庭就是他家这样，都是勉强过[尬笑],0
2025/3/28 16:51,我第一反应也是觉得他有人了。,0
2025/3/28 16:52,根本就不认识[不失礼貌的微笑],0
2025/3/28 16:52,没有生理性的喜欢的话算…,0
2025/3/28 16:52,他上节目那会儿早有孩子了,0
2025/3/28 16:52,口气重，也不亲,1
2025/3/28 16:52,想亲就亲，挺好的呀,0
2025/3/28 16:52,我跟老公恋爱8年，结婚8年，16年了，拉手还会心动，经常亲亲抱抱，眼里看对方还有星星，从未有你说的麻木，而且我身边的夫妻都非常恩爱,0
2025/3/28 16:52,董力根本就不爱阿诺吧,1
2025/3/28 16:52,我老公抽烟嘴里那个味别提了，我也不吻[捂脸],0
2025/3/28 16:53,董力回家吧回家好吗,1
2025/3/28 16:53,口臭，不想亲[抠鼻],1
2025/3/28 16:53,[暗中观察],0
2025/3/28 16:53,这种人还保持这个婚姻干嘛？在屏幕上装恩爱？,1
2025/3/28 16:53,必须得有肢体接触 但这种深吻开始讨厌了[流泪]  我和我老公在一起十年了[流泪],0
2025/3/28 16:53,老夫老妻正常[捂脸],0
2025/3/28 16:53,我跟我老公已经分房睡了   不是打呼噜就是咳嗽，烦死我了,0
2025/3/28 16:53,早晚得离,1
2025/3/28 16:54,他是没错，但是他这人没有担当，明明不爱却要装爱，真是受不了，他上错节目了，应该去再见爱人,1
2025/3/28 16:54,呵还上这节目,1
2025/3/28 16:54,@今天瘦了吗,0
2025/3/28 16:54,我老公一亲我嘴我就很抗拒,0
2025/3/28 16:54,他还说 “谢谢你们给我这样的机会”[捂脸]  搞得跟他老婆不愿意似的,1
2025/3/28 16:54,三十几岁 都分床睡了,0
2025/3/28 16:54,有些人是真的不喜欢舌吻的，比如我，和任何人都不喜欢,0
2025/3/28 16:55,我这恋爱8年结婚九年，还每天早上出门前亲一下，睡前亲一下，他回来亲一下呢[舔屏],0
2025/3/28 16:55,还要要求[尬笑]，我对象我都求他别亲我了，一个老嘴就往我身上凑[尬笑],0
2025/3/28 16:55,渣男,1
2025/3/28 16:55,有了娃我们一直是隔壁卧室[尬笑],0
2025/3/28 16:55,搞出孩子了怕自己职业生涯毁了就直接隐婚，然后现在可能嫌弃自己老婆不好看或者本来就不喜欢 男人啊,1
2025/3/28 16:55,哈哈哈哈,0
2025/3/28 16:55,@Julia牛逼,0
2025/3/28 16:55,啥都敢说[捂脸],0
2025/3/28 16:55,@凌晨1点的猫??1,0
2025/3/28 16:55,@o?,0
2025/3/28 16:55,哈哈哈哈哈,0
2025/3/28 16:56,@SG_c,0
2025/3/28 16:56,[看][看]他是来黑红的，黑红也是红[看],1
2025/3/28 16:56,没有生理性喜欢所以就只是夫妻情分罢了,0
2025/3/28 16:56,亲吻少我能理解，因为有些人即使长时间分床睡都能生活，而且很恩爱，但是拒绝沟通我无法理解,0
2025/3/28 16:56,压根就不爱。估计节目结束，也就再见了[闭嘴],1
2025/3/28 16:56,我同事朋友身边的所有人，聊起老公都想骂，没遇到一个说看到就冒心心的，基本都是将就过,0
2025/3/28 16:56,这个年纪五年没有深吻（现在的年龄减去五），我觉得哈哈,0
2025/3/28 16:56,不接吻不离谱啊，我感觉刷了牙也不干净，亲亲嘴可以,1
2025/3/28 16:56,干嘛要说谢谢给的机会，搞得怪怪的,1
2025/3/28 16:57,我家也是这样,0
2025/3/28 16:57,我们也是在一起八年。经常亲亲。[泪奔]有时候我主动索吻，有时候我靠他肩上玩手机，他也会亲我额头一下，但是我还是喜欢他主动亲我，但是亲脸，亲额头就行了。[捂脸],0
2025/3/28 16:57,@闷老头,0
2025/3/28 16:57,我觉得他就是不爱了  厌倦了,1
2025/3/28 16:57,就是不爱了，才会这样,0
2025/3/28 16:57,[泣不成声]董力。。。他？为啥可以参加这个节目啊？他应该去再见爱人吧,1
2025/3/28 16:58,董真的是绝了,0
2025/3/28 16:58,柴米油盐酱醋茶，把当初的激情都磨平了，不过一起奋斗把家庭搞好就很不错了，亲不亲真不重要,0
2025/3/28 16:58,不爱,1
2025/3/28 16:58,不是别人给我讲了这个笑话，我连是谁都不认识[泪奔][泪奔],0
2025/3/28 16:58,我也不理解，我们从谈恋爱到现在宝宝快一岁了，每天都会亲亲，就算我没上班在家，我老公每天出门前都会亲一下，包括我睡着，唯一的区别就是有宝宝了，每天出门亲一下我还要亲一下闺女额头,0
2025/3/28 16:58,@小纯霸霸 [尬笑]这男的真有问题,1
2025/3/28 16:59,就是不爱对方,1
2025/3/28 16:59,@remember,0
2025/3/28 16:59,这才是常态吧[捂脸],0
2025/3/28 16:59,这个女的，她是怎么能接受这种婚姻模式的呢？也是奇葩,1
2025/3/28 16:59,@红shower肉 窒息,1
2025/3/28 16:59,怎么有一样的老公，听说只有自私的人才会一个人卷完被子，脑海中没妻子，冬天我是经常被冻醒的，一看整个人没有被子，孩子小时候和我睡，我都是半梦半醒的去摸一下被子盖到他没有，所以现在我们分床睡，一个人睡都没有冻醒来过，真的是这样子,0
2025/3/28 16:59,这男人没红却已经有了红病,1
2025/3/28 17:00,@?? 豆豆,0
2025/3/28 17:00,哈哈哈哈哈哈,0
2025/3/28 17:00,这两真该去上再见爱人,1
2025/3/28 17:00,你呀，三分钟热度。你没有深爱，为何要跟人家生孩子，有点责任啊。董力。,1
2025/3/28 17:00,是的。儿女双全了,0
2025/3/28 17:00,我感觉我老公就跟个大蟒蛇一样 各种姿势的贴着你 跟他睡一晚上第二天我浑身都不舒服 [泪奔],1
2025/3/28 17:00,我结婚十年 深吻还是有的哈[捂脸],0
2025/3/28 17:00,我和我老公都直接分屋子睡了，感觉这样挺好的,0
2025/3/28 17:00,他是真实呈现，所以大家才会看不惯，不过他妻子是当事人，是他两个过日子，不爱老婆能一起生活九年，他也是很痛苦的哦[捂脸],0
2025/3/28 17:00,我喜欢冬天我老公在，真的好暖,0
2025/3/28 17:01,@twodeer（不准熬夜版）,0
2025/3/28 17:01,其实很多人结婚多年就这样[捂脸]不亲而已又不是不怎么[捂脸]这么惊讶,0
2025/3/28 17:01,什么爱情观  有些节目恶心人,1
2025/3/28 17:01,会亲亲，不会深吻,0
2025/3/28 17:01,其实啊这不才是普通人的生活吗,0
2025/3/28 17:01,不正常吧，我跟我对象只要在一个空间肯定会粘在一起[捂脸],0
2025/3/28 17:01,@尖是虎皮尖椒的尖 [发呆],0
2025/3/28 17:01,我和我老公也是这样子,0
2025/3/28 17:01,去再见爱人吧[捂脸],0
2025/3/28 17:01,@小张 幺八零??,1
2025/3/28 17:01,@派大大大大大星,0
2025/3/28 17:02,他说的很对啊,0
2025/3/28 17:02,@Happinesss,0
2025/3/28 17:02,@阿西,0
2025/3/28 17:02,这男的到底爱不爱他老婆啊[酷拽],0
2025/3/28 17:02,我感觉董已经对他老婆腻了，亲吻的时候都有点身体排斥感了,1
2025/3/28 17:02,我这还没结婚 都在想自己啥时候深吻了[尬笑],0
2025/3/28 17:03,是不是给董力剧本了？,1
2025/3/28 17:03,@S??贝贝 [笑哭],0
2025/3/28 17:03,妈呀，二胎以后都分房间睡了[捂脸],0
2025/3/28 17:03,因为她离开了自己的圈子，身边没有家人、朋友、她围着这个男人转，失去魅力了，很多女人投奔男人之后都会被嫌弃，,1
2025/3/28 17:03,@qzuser @aannny,0
2025/3/28 17:04,他们应该去参加再见爱人，人家是妻子的浪漫旅行跟节目组都是相背而行的吧,0
2025/3/28 17:04,剧本吧,1
2025/3/28 17:04,这么年轻就这样了 婚姻还能走多远[捂脸][捂脸][捂脸],0
2025/3/28 17:04,@??初见,0
2025/3/28 17:04,我们生孩子过后就分房睡了,0
2025/3/28 17:04,我能亲吻，我不能深吻，[捂脸][捂脸][捂脸][捂脸]我也爱我老公呀，,0
2025/3/28 17:04,哈哈哈哈哈哈,0
2025/3/28 17:04,生小娃后只要碰我我直接发干噎,1
2025/3/28 17:05,[看]那你老公嘴不臭,1
2025/3/28 17:05,我和对象同居6年 结婚2年  每天都要亲亲抱抱晚上搂着睡 我是很难接受没有亲密举动的,0
2025/3/28 17:05,俩孩子7岁和2岁，没亲嘴没接触？孩子咋来的,1
2025/3/28 17:05,五年没吻过，证明两个人没有感情,1
2025/3/28 17:05,不理解，我认为这就是不够爱，真的爱一个人恨不得天天在一起吧,0
2025/3/28 17:05,我生完孩子都分床了[笑哭]五六年了,0
2025/3/28 17:05,我靠,1
2025/3/28 17:05,这男的不爱她，或者就是男同，或者就是有小三,1
2025/3/28 17:05,结婚有几个这么多年了还深吻？,0
2025/3/28 17:05,我们十年了也是每天都要亲，我儿子习惯了[捂脸][捂脸],0
2025/3/28 17:05,不是不亲，是不爱,1
2025/3/28 17:06,我觉得大部分老公都是董力这种[捂脸],0
2025/3/28 17:06,[捂脸][捂脸],0
2025/3/28 17:06,那不很正常吗[捂脸],0
2025/3/28 17:06,[九转大肠][九转大肠][九转大肠]深吻突然觉得有点恶心了,1
2025/3/28 17:06,不会有人信吧？[看][看][看],1
2025/3/28 17:06,@小姚.,0
2025/3/28 17:07,我刚结婚时也是各睡各的，后来久了，必须要靠在一起才能睡得着,0
2025/3/28 17:07,哎，怎么这样呢，婚姻还是要好好经营,0
2025/3/28 17:07,哈哈，我老公也是，会和我说话，看着我，看着看着，就要亲我一下。,0
2025/3/28 17:07,可是别看这些看起来深爱的明星夫妻，也会突然离婚[尬笑],1
2025/3/28 17:07,说到底就是不爱,1
2025/3/28 17:08,不不不，我会亲我老公脸，亲嘴我不要，因为他抽烟我嫌弃臭[捂脸],0
2025/3/28 17:08,我们家都是娃一个被子，我和老公一个被子,0
2025/3/28 17:08,他情商太低，他也就欺负欺负外国人吧，找个中国的早跟他离了,1
2025/3/28 17:08,肯定努力的啊，他家两个孩子，他在外面工作，妻子在家带孩子，分工明确，都是为了家庭好啊,0
2025/3/28 17:08,@望山 @比奇堡汽水鱼??,0
2025/3/28 17:09,女方我感觉很离不开他[捂脸],0
2025/3/28 17:09,生了娃后我跟我老公也没接过吻[尬笑],0
2025/3/28 17:09,倒不是说自私，有些人他是睡觉的习惯就是卷被子，他要是醒了会帮我盖被子,0
2025/3/28 17:09,哈哈哈哈哈哈哈哈,0
2025/3/28 17:09,他俩就有一种  董力在年轻的时候看上外貌惊人的外国美女  然后有一场恋爱 最后结婚生孩子  可男的已经完全不爱女的  但女的也没有错处还兢兢业业做好妻子母亲的角色  他这也算是个冷暴力吧,1
2025/3/28 17:09,@Cc。 [紫薇别走][紫薇别走]牛,0
2025/3/28 17:09,会不会生完孩子 没爱了[捂脸][捂脸] 我跟我老公结婚四年了 有对双胞胎感情很好 不会分开 我回我妈家 他都要跟着 不在一起搂着睡  就睡不好,0
2025/3/28 17:09,这男的绝对不爱，我老公就是经常要吻我，我嫌弃吻太多[尬笑],0
2025/3/28 17:09,我也觉得很正常好吧,0
2025/3/28 17:10,@wan?? @奖励小羊一块蛋糕 @不想做梦了 @芋头星星 @有点子好运（种地版） @「音源」,0
2025/3/28 17:10,我老公也抽烟，有时候嘴也臭，不过我能忍受[呲牙],0
2025/3/28 17:10,我倒觉得不是很震惊我跟我老公也这样，我们在一起才四年,0
2025/3/28 17:11,啊[宕机],0
2025/3/28 17:11,@开心一点,0
2025/3/28 17:11,我也觉得是，就是普通人啊，我现在也不喜欢，但是我们不会说离婚啊，日子过得还是很好啊,0
2025/3/28 17:11,走的剧本路线别太明显 [二哈],0
2025/3/28 17:11,@Jasmine??,0
2025/3/28 17:11,@??notmeng,0
2025/3/28 17:11,这有啥，我真不喜欢接吻[泪奔][泪奔][泪奔]感觉好恶心,0
2025/3/28 17:11,为什么要和娃一个被子，我们从孩子出生到现在两周半了，就算是孩子也不能阻挡我们俩一被窝，所以都是孩子自己一个被子，我俩一个被子，当着孩子面也要亲亲，我儿子已经习惯了，都会主动给他爸爸说 亲妈妈，然后爸爸亲完他也会过来亲我，我们恋爱到现在八年，结婚马上六年了，感情比以前都好,0
2025/3/28 17:11,这把站小董这边,0
2025/3/28 17:11,啊？,0
2025/3/28 17:11,我都想跟我老公分房睡，不是打呼噜就是咳嗽，吵醒之后很难睡着，很烦,0
2025/3/28 17:11,他上节目说这种话完全就是为了对节目外的另一个女朋友表忠心。,1
2025/3/28 17:12,这么说吧，我的狗我都忍不住每天亲它，有时候还会咬它，就是觉得怎么那么可爱啊[泪奔],0
2025/3/28 17:12,喝醉了就不臭了,1
2025/3/28 17:12,他老婆不会以为中国的文化是不爱接吻吧[尬笑],0
2025/3/28 17:12,确实是……[尬笑]这种东西啊，以前跟我老公谈恋爱，没发现这些毛病，巨爱放屁[尬笑][尬笑]我听见放屁我都烦死了，亲个鬼[尬笑]每次有点什么想法的时候，他突然放个屁[尬笑]你说还有什么好亲的,0
2025/3/28 17:12,看年龄吧 他们确实还年轻,0
2025/3/28 17:12,人跟人不一样。找到自己最舒适的相处模式就好。我跟我们家那个，分房[大笑][大笑][大笑]挺好的。一开始是因为生了孩子，他怕压着孩子，我怕他呼噜声吵醒孩子，分了就分了，时间久了觉得挺舒服的。没有很深的情感，也减少吵架，他刷抖音就睡着了，而我睡觉不喜欢一点声音，追剧看小说嘎嘎笑，也不会吵到他。 挺好的。感情就那样，不深也不浅，随便呗。,0
2025/3/28 17:12,@林林??林林 @舊巷,0
2025/3/28 17:12,我们才25左右也不怎么亲[捂脸],0
2025/3/28 17:13,我也是啊，嫌弃的不行，也不知道咋了[捂脸],1
2025/3/28 17:13,董力需要上再见爱人,1
2025/3/28 17:13,深柜 鉴定完毕,1
2025/3/28 17:13,不知道是不是生孩子生出心理创伤了，我看到我老公的裸体我就想要逃,1
2025/3/28 17:13,啊？董力啥时候结婚了,0
2025/3/28 17:13,一样的,0
2025/3/28 17:13,@南山客 [666],0
2025/3/28 17:13,就是，一个愿打一个愿挨，阿诺如果态度强硬一点也不会这样了,1
2025/3/28 17:13,@Dy,0
2025/3/28 17:13,哈哈哈哈哈,0
2025/3/28 17:13,老大五六岁了,0
2025/3/28 17:14,我们分被子 因为很舒服 想怎么睡怎么睡 还能抱着被子睡  小孩六岁半 分被子六年,0
2025/3/28 17:14,5年算啥，8年多了,0
2025/3/28 17:14,不参加这个节目都不得官宣,0
2025/3/28 17:15,我和我老公说 要不我们分房睡吧 我老公说你要是晚上能自己一个人睡得好我没意见 不要大半夜爬我被窝[看][看][捂脸][捂脸],0
2025/3/28 17:15,取决于哪个节目能去就去哪个[呲牙]反正就是为了拥有流量,0
2025/3/28 17:15,@Emolly。,0
2025/3/28 17:15,我爱亲,0
2025/3/28 17:15,我觉得很正常，都一样,0
2025/3/28 17:15,这男生是？科普下呗,0
2025/3/28 17:16,我谈恋爱都不亲 跟喜不喜欢没关系,0
2025/3/28 17:16,参加完这个节目，就可以去参加再见爱人节目了[捂脸],0
2025/3/28 17:16,"董力？？？？   你是跟董力本人有仇吗
还好娶外国人了   娶本国的估计现在已经恢复单身了",1
2025/3/28 17:16,明年上,0
2025/3/28 17:16,@三七。 发现女人的包容心真的好大[鞠躬],0
2025/3/28 17:16,渣男,1
2025/3/28 17:16,它就是很可爱啊,0
2025/3/28 17:16,为啥，我也是[泪奔],0
2025/3/28 17:16,我确实没亲身经历无法过多发言，过好自己就行了，没法去多说，必定每个人幸福的定义不同，每个家庭的相处模式不同，我很知足有个爱我的人被我遇到[比心][比心],0
2025/3/28 17:16,@莫林的蘑菇,0
2025/3/28 17:16,董力真的不是行婚吗？,1
2025/3/28 17:17,不会啊,0
2025/3/28 17:17,我不喜欢一个人的时候就是不和他接吻,0
2025/3/28 17:17,董丽放过他吧[蜜蜂狗],1
2025/3/28 17:17,你不信问问你们身边的人，腻腻歪歪的基本没得，除非是撒谎，这个社会离婚率非常高，没离婚的基本都是将就过,1
2025/3/28 17:17,他俩代表大部分普通夫妻，个别肯定有恩爱的。别说分被子了，分房的都太多了[捂脸],0
2025/3/28 17:17,这才不正常啊[笑哭],1
2025/3/28 17:17,@花满楼,0
2025/3/28 17:17,啊？这还是夫妻吗？,0
2025/3/28 17:17,吻别人去了呗[微笑],1
2025/3/28 17:17,我估计他只是想和要个小孩，过几年就要上另外的节目了[看],0
2025/3/28 17:18,啵一下可以，舌吻的话会被臭吐[捂脸],0
2025/3/28 17:18,我爸妈都是分床睡，一人睡一个房间，我妈2楼，我爸4楼,0
2025/3/28 17:18,没跟我老公结婚前吻结婚后我也不爱吻[捂脸],0
2025/3/28 17:18,@hhhhhjjjjjjjj,0
2025/3/28 17:18,看来有点难走到头了,0
2025/3/28 17:18,对对，是这个意思[捂脸],0
2025/3/28 17:18,不爱很明显,1
2025/3/28 17:18,如果五六十岁我理解，但年轻人很少这样吧。。。我和我对象睡觉都必须搭手搭脚,0
2025/3/28 17:19,这个董力是不是想黑红,1
2025/3/28 17:19,[赞],0
2025/3/28 17:19,@少肉 神奇,0
2025/3/28 17:19,@轩,0
2025/3/28 17:19,be,0
2025/3/28 17:19,@老五乖乖 @无状态,0
2025/3/28 17:19,主要是没新鲜感了厌倦了,0
2025/3/28 17:19,那我觉得很离谱，我接受不了[捂脸],0
2025/3/28 17:19,他这个嘴、一出一炸裂的[捂脸]。说实话、分被子太正常了。不舒服啊两个人用。不喜欢进行交流、大部分处女座男生就有这个毛病，土象星座，跟爱不爱扯不上关系。但说出来就很怪了…,1
2025/3/28 17:19,不爱了,0
2025/3/28 17:20,不吻也正常啊,0
2025/3/28 17:20,我是受不了打呼噜的，我应该是会选择分床睡,0
2025/3/28 17:20,肯定是不喜欢这女的了[泪奔],1
2025/3/28 17:20,有没有一种可能……是因为你不够爱呢？如果我足够爱他，他的一切我都爱。因为他是你的终身伴侣终有一天你要侍候他拉屎拉尿，（人总会有生病不能自理的时候）难道那时候你也会因为受不了他身上的气味就不靠近他吗？反正我们结婚十五年了我们经常都会亲吻对方，我觉得这是一种表达爱的方式是不可少的。反正我自己是这么觉得的哈！别人咱也不清楚呀[偷笑],0
2025/3/28 17:20,说实话就是一开始就不喜欢只是出于某种原因在一起心里多少是抗拒的[捂脸],0
2025/3/28 17:20,@聪聪侠,0
2025/3/28 17:20,上错节目了[捂脸],0
2025/3/28 17:20,你们在一起10年以上还能舌吻真的牛[呲牙],0
2025/3/28 17:20,你这样说，不亲也不代表不正常啊,0
2025/3/28 17:21,@大口吃掉Paxxxx,1
2025/3/28 17:21,我跟我老公结婚十年了   到现在还经常抱着睡    分房睡和分被子的我都觉得有点不可思议   虽然尊重但是有点不理解   我女儿发烧我带我女儿睡了   我老公都半夜睡不着   非要来和我们一起挤着他才能睡着[捂脸],0
2025/3/28 17:22,从片面来看感觉他有点欺负人啊,0
2025/3/28 17:22,不亲吻真的就是不爱了，有生理排斥,0
2025/3/28 17:22,我也觉得[流泪] 真的很喜欢讨苦吃[微笑],0
2025/3/28 17:22,我跟我老公也是结婚后就没有接吻了,0
2025/3/28 17:22,我们在一起11年了，每天都要亲亲抱抱，必须是一个被子，对我是生理性喜欢。他说什么鬼亲情，爱情就是爱情，爱情不存在转化为亲情之说，这都是男的对女的没欲望后找的借口,0
2025/3/28 17:22,就是不爱,1
2025/3/28 17:22,这哪里是妻子的浪漫旅行啊  他来错节目了,0
2025/3/28 17:22,赶紧回家吧真是的,1
2025/3/28 17:23,他不会觉得自己这样很特别吧,0
2025/3/28 17:23,你才是自欺欺人,1
2025/3/28 17:23,一生在妥协[泣不成声][泣不成声],0
2025/3/28 17:23,他好像有一种很自豪的感觉,0
2025/3/28 17:23,@??,0
2025/3/28 17:23,我也是，他又打游戏打电话睡的又晚，枕头枕的黑,1
2025/3/28 17:23,@甜甜圈?? 哈哈哈哈哈哈哈,0
2025/3/28 17:23,人家说的深吻，就特别绵长特别忘我，时间特别久的那种[奸笑],0
2025/3/28 17:24,哈哈，让每天换内裤不换，让一个星期冲一次澡，不过分吧，就不，被子拿了被罩，被芯都是脏的，是怎么做到的[闭嘴][闭嘴][闭嘴]不敢说啦，,1
2025/3/28 17:24,@失眠数??,0
2025/3/28 17:24,[泪奔]不会吧 我身边没有这种 我父母亲戚也没有,0
2025/3/28 17:24,@Kkkkkkai,0
2025/3/28 17:24,亲亲抱抱有，也整天打打闹闹，就是没有接吻。,0
2025/3/28 17:24,@???? 1???.1?.1? 哈哈哈哈哈哈,0
2025/3/28 17:25,两岁的二胎哪来的[疑问],1
2025/3/28 17:25,我觉得接吻确实恶心，恋爱时候还行，结婚后真的不想了[泪奔],0
2025/3/28 17:25,@See 你吧,1
2025/3/28 17:25,不爱吧？,0
2025/3/28 17:25,人家说没有舌吻,0
2025/3/28 17:26,@Rap先生和篮球小姐,0
2025/3/28 17:26,对啊，我觉得结婚有孩子了，很多也是他们这种状态的,0
2025/3/28 17:26,李承铉：啊！你们五年没深吻吗[发呆],0
2025/3/28 17:26,我不允许我老公深吻我！真的很大舌头很臭,0
2025/3/28 17:26,哈哈哈  我跟我老公从一开始就分被子睡  就是单纯一个人一个被窝好舒服  特别是冬天  两人中间不会有缝隙  一点不影响感情 不过董力这个确实有点不正常,0
2025/3/28 17:26,好讨厌这个董力，拽啥啊,1
2025/3/28 17:26,但是他俩代表的是不是大部分夫妻[捂脸],0
2025/3/28 17:26,对，,0
2025/3/28 17:26,二胎咋来的啊[尬笑]我说话不好听啊[泣不成声]试管婴儿啊[尬笑],1
2025/3/28 17:26,不理解，也不尊重,1
2025/3/28 17:26,渣男,1
2025/3/28 17:27,而且觉得他俩适再见爱人。,0
2025/3/28 17:27,这个知道啊，我要求就是试探他，其实也不一定，我觉得我很爱他，但他真的亲我的话，我也会觉得都是烟臭味，我也未必喜欢。但他挣钱的能力还可以，责任感强，对我和孩子都挺好的。在一起十年了吧，也不谈爱情了,0
2025/3/28 17:27,这不是很正常吗哈哈哈哈,0
2025/3/28 17:27,。。。,0
2025/3/28 17:27,我老公就是这样子的，他们比较爱自己而已,0
2025/3/28 17:27,@吃饭的时候不饿,0
2025/3/28 17:27,不喜欢才分被子睡,0
2025/3/28 17:27,结婚7年，每天都亲亲，每天晚上得抱抱睡，我是恋爱脑[微笑袋鼠],0
2025/3/28 17:27,感觉这两夫妻不是很熟的样子[捂脸],0
2025/3/28 17:27,哈哈[大笑]同感,0
2025/3/28 17:27,去再见爱人吧,0
2025/3/28 17:27,哈哈哈哈哈,0
2025/3/28 17:28,董力是不够爱，他更爱自己,1
2025/3/28 17:28,我老公刚认识我的时候，好爱亲我。打游戏输了十几秒都要来亲我，特别特别喜欢，在那个得时候感觉他好享受，现在不咋亲了都是我亲他，现在是兄弟了，我们去年谈的今年结婚的,0
2025/3/28 17:28,很正常啊，我们分屋睡,0
2025/3/28 17:28,年纪轻轻就分房分床睡，我和我老公都觉得不妥，我们顶多分被子（因为他老是大冬天抢被子[看]），要是四五十以上还能理解[泪奔],0
2025/3/28 17:28,??,0
2025/3/28 17:29,素呀素呀 一天不和你接触就要鼠??掉了[流泪],0
2025/3/28 17:29,@asYOUwish～,0
2025/3/28 17:29,我现在跟我老公结婚一年多，我跟他现在基本都不亲嘴，更别说深吻了[泪奔][泪奔],0
2025/3/28 17:29,谁是董力啊,0
2025/3/28 17:29,我老公除了没那么亲我，其他的都不错，赚钱的能力，对我和孩子的态度，对老人都还可以，爱不爱的吧，都十来年了，最后就靠良心了,0
2025/3/28 17:29,可能你们习惯这样，我们结婚前谈三四年恋爱，因为工作所以结婚晚，结婚后这都六七年了，也是一个被子睡，虽然也吵架，但是晚上还是要一起睡觉的，他也经常跟我说工作上的事情，夫妻要沟通要有交流的,0
2025/3/28 17:29,@??薇薇薇吖.??,0
2025/3/28 17:29,？？？这女的到底图啥呀[捂脸],1
2025/3/28 17:29,怎么在一起这么久,0
2025/3/28 17:29,@纯可能就是这样的,0
2025/3/28 17:29,@脱线,0
2025/3/28 17:30,就这个感觉[呲牙],0
2025/3/28 17:30,我爸打呼噜好响[捂脸]有时候他在3楼睡，半夜的时候我2楼都听到他的呼噜声[捂脸],0
2025/3/28 17:30,五年了，亲睡觉抱一起,0
2025/3/28 17:31,@浪漫式邂逅,0
2025/3/28 17:31,我也是睡觉必须抱着不然睡不着[捂脸],0
2025/3/28 17:31,男人婚后就开始有味了[捂脸]身上那种油味[捂脸],1
2025/3/28 17:31,@可爱珍.,0
2025/3/28 17:31,这样已经很好了[流泪]很多丈夫啥都没对家庭也不负责,0
2025/3/28 17:31,@921 [快哭了],0
2025/3/28 17:31,哈哈哈哈哈,0
2025/3/28 17:31,@觉妖?? 不能理解,0
2025/3/28 17:31,不吻，直接切入主题呗[暗中观察],0
2025/3/28 17:31,谁又能看得惯董力呢，除了他老婆,1
2025/3/28 17:32,我跟我老公在一起一年多点，已经一年没接过吻了[捂脸][捂脸][捂脸]，就刚认识的时候假装亲两下[捂脸][捂脸],0
2025/3/28 17:32,别啊，不骂他都没乐趣了[捂脸][捂脸][捂脸][捂脸][捂脸][捂脸],1
2025/3/28 17:32,董力难道是_ay？,1
2025/3/28 17:32,人家就是分被子啊[泪奔],0
2025/3/28 17:32,我跟我老公必须两床被子，因为一床被子的话，经常出现早上起来被子全在我身上，老公没被子盖,0
2025/3/28 17:32,人家问的是深吻[捂脸],0
2025/3/28 17:32,@一颗阿豆,0
2025/3/28 17:32,@菠萝吹雪吹的不是雪,0
2025/3/28 17:33,董力真的当自己是爱豆哎……,1
2025/3/28 17:33,嗯嗯，我也这样想的，其实在一起久了还有生理性喜欢的是极少数，大部分都靠责任感托着，我挺知足的。,0
2025/3/28 17:33,董力就是为了挣这个节目的通告费才公开的，女的被pua完了,1
2025/3/28 17:33,就离谱,1
2025/3/28 17:33,他才是正常人的生活吧,0
2025/3/28 17:34,董力谁啊 真不认识,0
2025/3/28 17:34,咱俩相反，没有被子冻醒的永远是我[我想静静],0
2025/3/28 17:34,是的，这样也挺好的加油[抱抱你],0
2025/3/28 17:34,能靠责任过下去就不错了,0
2025/3/28 17:34,@鸟不拉屎大王??,1
2025/3/28 17:34,董力，看了个什么综艺来着，很不喜欢他,1
2025/3/28 17:34,我是董这种[尬笑]，我老公不是,0
2025/3/28 17:34,吐信子[呲牙],1
2025/3/28 17:34,我和我老公也是一人一张被，因为他抢被子[九转大肠],0
2025/3/28 17:35,拍啥戏了 [尬笑],0
2025/3/28 17:35,怎么忍得住,0
2025/3/28 17:35,@Butterfly??,0
2025/3/28 17:35,@想吃小笼包,0
2025/3/28 17:35,不是结婚多少年的问题，其实就是不够爱或者是嫌弃,1
2025/3/28 17:35,@渣渣爱吃肉 看看人家,0
2025/3/28 17:35,为什么要接吻才算爱，我就不喜欢接吻[尬笑],0
2025/3/28 17:35,我知道问她浅浅的亲也没有吗,1
2025/3/28 17:35,很正常,0
2025/3/28 17:35,一针见血,1
2025/3/28 17:35,@Friday,0
2025/3/28 17:35,@华藤GT,0
2025/3/28 17:35,我跟我老公也没有啊,0
2025/3/28 17:36,@一坨卷卷卷卷毛吖l,0
2025/3/28 17:36,不愿意亲吻其实就是不爱,1
2025/3/28 17:36,明显已经不爱老婆了我的妈呀[泪奔],0
2025/3/28 17:36,我倒是想吻，但抽烟的嘴滂臭下不去嘴,1
2025/3/28 17:36,窒息,1
2025/3/28 17:36,外面有人？,0
2025/3/28 17:37,为什么一定要亲吻才有爱啊,0
2025/3/28 17:37,是的,0
2025/3/28 17:37,直接一个董傻大个…,1
2025/3/28 17:37,我也喜欢分被子睡…因为自己睡舒服…,0
2025/3/28 17:37,离了吧 别折磨彼此了,1
2025/3/28 17:37,他真是把不爱表现的淋淋尽致,1
2025/3/28 17:37,@Ma多多,0
2025/3/28 17:38,这才是正常人的生活呀 又不是富贵生活天天保姆陪伴,0
2025/3/28 17:38,好吧,0
2025/3/28 17:38,@i 人狂把火锅炫,0
2025/3/28 17:38,@LAttice 舞团,0
2025/3/28 17:38,这小子炒作呢,1
2025/3/28 17:38,因为没爱,1
2025/3/28 17:38,[给力][捂脸],0
2025/3/28 17:38,@,0
2025/3/28 17:39,也不是，我和老公最近几天分被筒了，分头睡有几个月了，因为我睡觉轻，睡不好，稍微动一下就醒了，或者感觉挤睡不着，听到喘息声大也不行，耳塞都带了十几年了。但是感情很好，对我宠的不得了，正式睡之前，都是要一个被筒，一个枕头，看手机或者瞎聊，而且不管他在干什么，只要我把背翻过去，他都会立马放下手机，从后面抱过来。每天都要亲亲，早上起来上班亲一下，晚上睡前亲一下，中午上班也要亲，有时候不方便亲嘴或者脸，就亲头发或者其他地方，其他地方不干净我会躲开说，脏[尬笑],0
2025/3/28 17:39,?,0
2025/3/28 17:39,董力退圈吧，我不想知道世界有这种男人[微笑],1
2025/3/28 17:39,一定要！这是最直接的表达。,0
2025/3/28 17:39,不喜欢就是拒绝身体接触,0
2025/3/28 17:39,真服了[尬笑][尬笑][尬笑],1
2025/3/28 17:40,分床不行  要分房才行[尬笑],0
2025/3/28 17:40,@拾陆 这才几岁 就…[发呆],1
2025/3/28 17:40,那肯定的，结婚的男人和小伙子比不一样，,0
2025/3/28 17:40,董力应该和陈德容一对呀[捂脸],0
2025/3/28 17:40,我有种预感，这节目结束后不久，应该会??某一对官宣离婚[捂脸],1
2025/3/28 17:40,@Lalala 怎么好意思讲的,1
2025/3/28 17:41,尤其是回家孩子也需要带，又要工作的女性，在夫妻相处上会有所轻，因为精力不够。,0
2025/3/28 17:41,感觉会离婚,0
2025/3/28 17:42,但是另一半不幸福是不会随便对外说的。我也不能说她不幸福 但是她很难幸福，有没有被爱当事人最清楚只是不愿意承认罢了,0
2025/3/28 17:42,@暖暖的很贴心?? 看看人家,0
2025/3/28 17:42,没吻过不是很正常吗，我和我老公也是好多年没有了，老夫老妻的,0
2025/3/28 17:42,董力脑子有问题人[捂脸],1
2025/3/28 17:42,是啊，外国人显老的快，可能他现在已经没有感觉了,0
2025/3/28 17:42,资本嚯嚯完中国女性开始嚯嚯外国女性了吗,1
2025/3/28 17:42,@棠爹,0
2025/3/28 17:42,我老公嘴巴一股虫牙的臭味，以前亲那会现在想想都要吐[捂脸],0
2025/3/28 17:42,结婚十一年从来不吻，孩子吻我有口水我都嫌弃[捂脸],0
2025/3/28 17:42,我和我老公分房睡快1年多了，崽崽6岁就让他俩一起睡，我就一个人睡，感情一样好，我老公除了上班和睡着了，其余时间都会贴在我身边，太粘人了，有时感觉挺烦的[尬笑],0
2025/3/28 17:43,好恶心  还舌吻[捂脸],1
2025/3/28 17:43,@赵向前,0
2025/3/28 17:44,@隔壁老何 看看人家,0
2025/3/28 17:44,[赞],0
2025/3/28 17:44,我也是！！！自己一个被子好爽！！！[666],0
2025/3/28 17:44,结婚快六年，我老公天天起床之后要亲，睡觉洗漱要亲，回到家放下东西要亲[尬笑]我越着急弄孩子上学那边撅着个死嘴等着亲[尬笑],0
2025/3/28 17:44,@你在看什么 不能忍受五年不亲亲吗,1
2025/3/28 17:44,@?? ?????,0
2025/3/28 17:44,我家也是，早上上班前必须亲一下再去上班，其实在外还是很假正经的，但在家里就很爱和他撒娇,0
2025/3/28 17:45,@付付不吃蘑菇类?,0
2025/3/28 17:45,其实她心里还是很渴望这个事的，但是总不能强迫他去这样做吧，最后只能无奈的接受,0
2025/3/28 17:46,[泪奔]不至于不至于,0
2025/3/28 17:46,这男人真下头,1
2025/3/28 17:46,上再见爱人就是杨子,0
2025/3/28 17:46,从这个节目出来我就觉得他她两个就像陌生人一样都不像夫妻[捂脸],0
2025/3/28 17:46,无所谓爱不爱了 就剩责任了 这样也挺好 良心,0
2025/3/28 17:47,@吃饱饱?? @社恐的小美。 都说他不喜欢女方,0
2025/3/28 17:47,我也是[尬笑],0
2025/3/28 17:47,父母那辈也会亲的，只是思想传统，不说出来[笑哭],0
2025/3/28 17:47,我也不喜欢接吻[泪奔],0
2025/3/28 17:47,都过到这份上了，这也要逼？,1
2025/3/28 17:47,那就是不够爱,1
2025/3/28 17:47,绝了,0
2025/3/28 17:47,生理性喜欢的表达方式,0
2025/3/28 17:48,@@小小酥 看看别人,0
2025/3/28 17:48,我老公跟个狗狗一样，还喜欢舔我脸,1
2025/3/28 17:48,就没有人不喜欢深吻吗，就是生理性不适啊，我们都是浅浅的吻，轻轻亲一下额头或者嘴巴,0
2025/3/28 17:48,这样的男人很多，不懂得珍惜和爱心疼对方，,0
2025/3/28 17:48,形婚？,0
2025/3/28 17:48,我和我老公结婚11年了还和以前恋爱时一样，我们有个女儿10岁了，有时候睡觉老公都要三人一起盖被子，我说不够大盖不到三个人，老公把被子横着盖起来，哪怕一晚上都盖不到脚他都非要三个人一起盖。,0
2025/3/28 17:48,@无名小卒,0
2025/3/28 17:48,感觉阿诺爱的有点卑微。真的看不出来董力爱她,1
2025/3/28 17:49,亲一次 呕吐一天[捂脸],1
2025/3/28 17:49,说的是没有舌吻过吧，嘴对嘴也叫亲啊,1
2025/3/28 17:49,我不知道为啥，不喜欢亲吻[捂脸],0
2025/3/28 17:49,我老公不在，我一晚上醒八百次，不夸张的，睡不稳，他在我必须挨着他，基本都是一夜天亮，我离不开我老公,0
2025/3/28 17:49,@熊猫化石,0
2025/3/28 17:49,完了，我每次心里不开心时想跟我老公说，他也是不搭理我的，甚至觉得我啰嗦,0
2025/3/28 17:49,下一个工作就是，再见爱人,0
2025/3/28 17:49,我们也是啊，中年夫妻亲一口，噩梦得有好几宿,1
2025/3/28 17:50,老夫老妻了，调情的事情就慢慢没了,0
2025/3/28 17:50,我跟我老公结婚第一晚已经分被子睡觉了，他怕冷我怕热[捂脸][捂脸][捂脸],0
2025/3/28 17:50,我也是不喜欢深吻,0
2025/3/28 17:50,没有，我们是保守派的[捂脸],0
2025/3/28 17:50,哈哈哈哈哈哈,0
2025/3/28 17:50,才不是呢，如果你老公对你都没有想法了，你应该有危机感了，一定是没啥感情了,1
2025/3/28 17:50,@Echo 看看人家,0
2025/3/28 17:51,他结婚了？跟谁？[捂脸][捂脸]我落网了2g网络,0
2025/3/28 17:51,给他得意的,1
2025/3/28 17:51,早晚分开,0
2025/3/28 17:51,我也不喜欢粘着，又热，好嫌弃[尬笑][尬笑][尬笑],0
2025/3/28 17:52,我们从在一起就没有过[裂开],0
2025/3/28 17:52,@李兰宇不是懒懒鱼,0
2025/3/28 17:52,他说五年没有深吻,0
2025/3/28 17:52,这男的不能要,1
2025/3/28 17:52,我也是一模一样,0
2025/3/28 17:52,冷暴力，他不爱她,1
2025/3/28 17:52,主要阿诺太好了，一直给予对方，让对方感到理所当然了[捂脸],0
2025/3/28 17:52,@凌晨一点,0
2025/3/28 17:53,我宝只要睡觉都会有触碰 脚挨着我 或者手搭在我身上 反正一定都会碰到 时间长了我才发现[尬笑][尬笑],0
2025/3/28 17:53,这是为什么,0
2025/3/28 17:53,我老公睡着了 我太热了起来换被子，刚准备躺下时他睡梦中楼过我亲了我一口又继续睡了，第二天问他，他根本不知道发生这个事[捂脸]，所以爱不爱还挺明显的有时候,0
2025/3/28 17:53,对的 百分百不爱,1
2025/3/28 17:53,冬天我和我对象也会分被子睡，他喜欢厚的棉花被，我觉得好重我就用我自己的蚕丝被，我睡觉还会抢被子，刚好一个人一床被子很舒服[看],0
2025/3/28 17:53,@潮起潮落,0
2025/3/28 17:53,每个人情况不同吧，生娃了以后我所有的眼神都给了我女儿，虽然说要经营夫妻关系，但真的是[捂脸],0
2025/3/28 17:53,你是什么大明星啊，好像很高傲一样,1
2025/3/28 17:53,离离婚不远了[捂脸],1
2025/3/28 17:53,难道不是大多数夫妻跟董力那对差不多吗[捂脸],0
2025/3/28 17:54,每个人每个阶段表达爱的方式不一样，年龄大点可能觉得对家庭的责任感就是爱，但你觉得亲吻重要，那你可以主动去亲对方[不失礼貌的微笑],0
2025/3/28 17:54,人家老婆都说了不要可怜我[捂脸][捂脸][捂脸]，，没啥好可怜的[大笑],0
2025/3/28 17:54,我不喜欢睡在我旁边的人打呼噜磨牙梦游 会觉得很可怕 一分钟都不想呆在一起[呆无辜],0
2025/3/28 17:54,普通夫妻很多都这样吧？不是需要多年如一日的深爱的，平淡才是常态。,0
2025/3/28 17:54,董力不爱自己妻子,1
2025/3/28 17:54,我的天，这有爱吗[不看],1
2025/3/28 17:54,[翻白眼],1
2025/3/28 17:54,Gay?,1
2025/3/28 17:55,他可能十几年了，他只是不敢说而已,1
2025/3/28 17:55,阿诺快跑哦,0
2025/3/28 17:55,同款,0
2025/3/28 17:55,@往前走,0
2025/3/28 17:55,我老公从来不喜欢接吻，他觉得口腔太脏了，我也嫌他烟味太重了。,0
2025/3/28 17:55,@方便面宗师,0
2025/3/28 17:55,@包上恩分恩 接受不了[黑脸],1
2025/3/28 17:55,都两个孩子了，大的都7岁了,0
2025/3/28 17:56,[捂脸]就是不爱了吧,0
2025/3/28 17:56,所以他说结婚就是因为怀孕啊，现在是出于责任在一起吗,1
2025/3/28 17:56,我家平时也不亲，但是睡觉得骑着我睡[泪奔],0
2025/3/28 17:56,我四年没有了 很正常啊[捂脸][捂脸][捂脸],0
2025/3/28 17:56,@金子,0
2025/3/28 17:56,前面都很正常！最后一句随便呗出卖了你[捂脸],1
2025/3/28 17:56,可以给你洗内衣内裤，就是不喜欢接吻,1
2025/3/28 17:56,@Goko丶,0
2025/3/28 17:57,哈哈哈,0
2025/3/28 17:57,@迷失的晚风,0
2025/3/28 17:57,其实真的需要这样，毕竟是因为这样才在一起的,0
2025/3/28 17:57,这个男的不喜欢她，生理性排斥,1
2025/3/28 17:57,不，喜欢的才想贴贴，不爱才不接触,0
2025/3/28 17:57,我老公上班前都会吻我[捂脸]有时候着急走了，中午回来得先亲一口，他说他总觉得忘了点什么[尬笑],0
2025/3/28 17:57,他是想黑红吧,1
2025/3/28 17:57,我也喜欢接触到身体睡觉，感觉这样睡到更香[呲牙],0
2025/3/28 17:57,董力虽然夸张 但是普通人家真就是这样[捂脸],0
2025/3/28 17:58,@Zzz,0
2025/3/28 17:58,啥意思[看],0
2025/3/28 17:58,@呆,0
2025/3/28 17:59,这档节目很无聊哎,0
2025/3/28 17:59,结了婚就不亲嘴了,0
2025/3/28 17:59,你怎么会发语音[发呆],0
2025/3/28 17:59,完全同意[玫瑰],0
2025/3/28 17:59,一样啊，结婚8年也是这种情况,0
2025/3/28 18:00,这就是现在很多人选择不结婚的原因,0
2025/3/28 18:00,我和我老公也是一人一个被子睡觉,0
2025/3/28 18:00,不我老公喜欢搂着我睡，我喜欢腿搭着他身上睡,0
2025/3/28 18:00,一家三口睡觉不分被不行，我等 娃睡着了就溜进他被窝抱着睡[捂脸],0
2025/3/28 18:00,不理解,0
2025/3/28 18:00,@爱吃脆桃,0
2025/3/28 18:00,打呼噜不分房睡一样能影响到的 分床睡还不如不分,0
2025/3/28 18:00,@包仔小主,0
2025/3/28 18:00,我也不理解,0
2025/3/28 18:00,女孩条件差点，要求低可以理解。可是这个外国姑娘真的嫁错了人,1
2025/3/28 18:00,亲亲抱抱举高高跟外国人有什么关系吗[尬笑],1
2025/3/28 18:00,这也太离谱了，五个小时不吻我都觉得够久了[不失礼貌的微笑],0
2025/3/28 18:01,是我们90后的男人渣,1
2025/3/28 18:01,很明显的不爱了,1
2025/3/28 18:01,不是也，我两个喜欢搂在一起睡，就算不搂着也要腿搭着,0
2025/3/28 18:01,结婚十年 两个孩子 会亲,0
2025/3/28 18:01,怎么办，我孩子出生后，我和我老公也是分房睡，3年了。我就是内心拒绝,0
2025/3/28 18:01,还有种原因他可能有洁癖,0
2025/3/28 18:01,我老公如果我不抱着他睡，他睡觉要抓着我的手。就很喜欢身体触碰，去哪里都要摸着或者牵着。我觉得他真的是生理?心理都喜欢我。,0
2025/3/28 18:01,结婚久了还亲吻？,0
2025/3/28 18:01,大部分的夫妻都是这样,0
2025/3/28 18:01,@KAKA,0
2025/3/28 18:02,天呐那我都有点怀疑男方是不是不喜欢她,0
2025/3/28 18:02,@??Jin. [抱抱你][抱抱你][抱抱你][抱抱你],0
2025/3/28 18:02,放过彼此吧[泪奔],0
2025/3/28 18:02,但是还要上这种节目，赚这个钱,1
2025/3/28 18:02,一人一个被子难道不对么,0
2025/3/28 18:02,那有一见钟情，只不过见色起意,1
2025/3/28 18:02,@K,0
2025/3/28 18:03,谁说的 [捂脸] 我们十几年还一天到晚无数个亲亲[偷笑],0
2025/3/28 18:03,难怪网友说他们没有爱，果然是 哈哈哈哈哈哈,1
2025/3/28 18:03,我现在就是，右边是老公，左边是娃，早上起来腰酸背痛,0
2025/3/28 18:03,爱的话就没洁癖了，我也有洁癖，男朋友睡醒就亲亲,0
2025/3/28 18:03,结婚10年  每次亲密关系都会啊,1
2025/3/28 18:03,我和我老公也是分被子睡。因为他个老贼抢被子。每天半夜被冻醒。,0
2025/3/28 18:03,我也是这么觉得[泪奔],0
2025/3/28 18:04,没有深吻，，不代表没有吻[看][看][看],0
2025/3/28 18:04,我老公要我脱光光抱着我睡 我觉得他变态[捂脸],1
2025/3/28 18:04,我们也结婚一年多，我老公每天上班前我还在睡，他都会走之前来亲我一下，我俩谈恋爱到现在一直这样[呲牙],0
2025/3/28 18:04,我觉得就是不爱，我有洁癖，身边人公认的??但是男朋友早上醒了亲亲，我不嫌弃[尬笑],0
2025/3/28 18:04,问问你周边其他已婚人士  应该大多都是这样的，别吃惊。,0
2025/3/28 18:04,不正常，普通情侣也不会这样,1
2025/3/28 18:05,@臭脸猫 特别羡慕戚薇和李承铉,0
2025/3/28 18:05,很正常吧,0
2025/3/28 18:05,啊？？,0
2025/3/28 18:05,离婚,0
2025/3/28 18:05,普通夫妻都这样啊[捂脸],0
2025/3/28 18:05,摸摸,0
2025/3/28 18:06,@Hey,0
2025/3/28 18:06,我必须要跟老公碰一起，我才睡得安稳,0
2025/3/28 18:06,我是怀孕之后身体很多地方变化了，被老公看到会觉得很自卑,0
2025/3/28 18:07,我一定要腿搭我老公身上,0
2025/3/28 18:07,倒也没有出卖我吧。我是真随便[捂脸]。现在挣钱很难，我老公一个人挣钱，我全职妈妈。两个孩子，一个小学，一个幼儿园，光是负责他们的生活起居和辅导作业。我真的很难了。再加上经济的压力越来越大。真的不会像这一堆财富自由的人一样去考虑什么情感，什么情绪价值。光是解决温饱就很难了。生意越来越难做。 其实挺爽的，不在同一个房间，没人打扰我休息，日常也少了很多矛盾。 可能做夫妻，不合格，但是做父母，我们很好了。,0
2025/3/28 18:07,结婚一年，我觉得挺正常的[捂脸],0
2025/3/28 18:07,感觉他俩也过不长,1
2025/3/28 18:07,一样[泪奔][泪奔]刚结婚 怀孕的时候 我老公每天去上班都要亲我一下  现在挨着我坐我都嫌烦,0
2025/3/28 18:07,不会啊[尬笑] 不是结婚后更有话题吗,0
2025/3/28 18:07,我父母年轻时睡在一起，不是两个被子。年纪大了分房睡。互相不吵睡觉,0
2025/3/28 18:08,@鶴傲 哈哈哈哈哈哈哈,0
2025/3/28 18:08,身体触碰可以 亲嘴可不行 我俩天天不是大葱就是大蒜的吃[泣不成声],0
2025/3/28 18:08,韩庚只是一味低头不语,0
2025/3/28 18:08,董力太逆天了，处处跟正常人不一样[噢买尬],1
2025/3/28 18:08,人设，剧本吧？,1
2025/3/28 18:08,[捂脸][捂脸]好吧，我还停留在他上爸爸去哪儿，跟阿拉蕾,0
2025/3/28 18:08,就是不够爱呗，董力,1
2025/3/28 18:09,我也是，一年四季，各盖各的被子，他怕冷，我怕热，被子的厚度不一样，各盖各的才舒服啊,0
2025/3/28 18:09,我老公打呼，我俩分头睡他都要握着我的脚睡[捂脸][捂脸]没事还亲两口,0
2025/3/28 18:10,@荼白,0
2025/3/28 18:10,@Blue_star羽,0
2025/3/28 18:10,和我老婆在一起快20年了，她说我能把她魂吸出来[泪奔],0
2025/3/28 18:11,不必了吧,0
2025/3/28 18:11,我觉得盖一个被子，后背漏风,0
2025/3/28 18:11,我跟老公20年了，生孩子后分房睡了几年，孩子大了我们又一起睡了，冬天我们睡一个被子，天热就一人一个被子，这样睡的舒服，但还是会抱着睡，现在又不在一个地方，一个月见三四次面，但是我们还是会亲亲，会说想念，感情更好了，我觉得感情好还是得多沟通，多抱抱亲亲，要不然慢慢就淡。,0
2025/3/28 18:11,我老公一定要抱着我睡，不抱着睡除非生气了，[捂脸],0
2025/3/28 18:11,哦No，没有亲密接触我就要委屈哭了[流泪]@十八闲客,0
2025/3/28 18:11,我入睡前也不喜欢有人碰着我 睡着了我就不知道了[笑哭]了我跟我老公也是分被子睡的,0
2025/3/28 18:11,我跟我老公结婚前都不深吻了,0
2025/3/28 18:12,啊，我们四年，离了,0
2025/3/28 18:12,反正明显不爱 但外面有没有就不好说,1
2025/3/28 18:12,他张嘴以后，那后槽牙全是牙结石，给我恶心死了，再也不想亲了[捂脸]有阴影,1
2025/3/28 18:12,最起码人家敢说出来，没有演,0
2025/3/28 18:12,这是普通人夫妻的现状  很正常,0
2025/3/28 18:12,7年，就刚在一起的时候有。现在亲都不想亲,1
2025/3/28 18:12,一样，我也是结婚不到一年就没亲过嘴了,0
2025/3/28 18:12,刚搜索一下[呲牙][呲牙]他妻子是外国人，好像今年要上一档“妻子的浪漫旅行2025”那个节目。,0
2025/3/28 18:13,身上有有味,1
2025/3/28 18:13,这不是很真实吗？现实生活中大多数夫妻都这样吧,0
2025/3/28 18:13,并没有[九转大肠],0
2025/3/28 18:13,应该上再见爱人,0
2025/3/28 18:14,一样,0
2025/3/28 18:14,我必须要和老公睡一张床，盖一床被子,0
2025/3/28 18:14,简单来说就是不怎么爱了 你真的爱一个人你会忍不住不需要谁逼谁,0
2025/3/28 18:14,@smiler [发呆],0
2025/3/28 18:14,别说分被子了、分床都正常、都是室友[捂脸],0
2025/3/28 18:14,这很正常吧,0
2025/3/28 18:14,@ok绷 各睡各的,0
2025/3/28 18:14,所以这是夫妻吗,0
2025/3/28 18:15,董力回家吧回家好吗,1
2025/3/28 18:15,那应该是结婚还没多久[偷笑],0
2025/3/28 18:15,@???? 他是超一线顶流吗？我是错过了哪一年嘛？,0
2025/3/28 18:15,结婚10年，没有分床，没有分被子，还是会接吻，但是没感觉了,0
2025/3/28 18:15,爱一个人根本忍不住不亲她，我和另一半十来年了，说话说着说着就会忍不住亲一下对方，因为感觉对方哪儿哪儿都可爱。,0
2025/3/28 18:15,他俩就有一种  董力在年轻的时候看上外貌惊人的外国美女  然后有一场恋爱 最后结婚生孩子  可男的已经完全不爱女的  但女的也没有错处还兢兢业业做好妻子母亲的角色  他这也算是个冷暴力吧,1
2025/3/28 18:15,结婚十二年了，只要在一起必接吻，忍不住[泣不成声]会下意识问对方,0
2025/3/28 18:16,没有新鲜感了，正常，哪里亲的下去[笑哭],0
2025/3/28 18:16,我和老公在一起七年了 也没他们这么别扭[暗中观察],0
2025/3/28 18:16,这个节目挺有意义的 大家都在讨论婚姻里的各种亲密模式了[泪奔],0
2025/3/28 18:16,不爱了 根本不想碰到对方 也不想让对方碰到自己 手都不行,1
2025/3/28 18:16,不喜欢才是这样。,0
2025/3/28 18:16,喜欢当然要触碰,1
2025/3/28 18:16,[泪奔][泪奔]我也是，搂着我，我感觉我被束缚了，因为我睡觉喜欢翻来翻去,0
2025/3/28 18:17,不喜欢有人压我抱我，我都不喜欢[捂脸],0
2025/3/28 18:17,我觉得董力是那个时候上了爸爸去哪儿，被阿拉蕾感化了，自己也想要个大眼睛可爱的宝宝。然后就找了女方。,0
2025/3/28 18:17,董力就不爱他老婆啊，压根没有生理性喜欢特别是色字当头的男的,1
2025/3/28 18:17,哈哈哈哈你去看综艺,0
2025/3/28 18:17,爱一个人就是要接吻的，我睡着了，我老公进来都会吻我的,0
2025/3/28 18:17,@港湾！,0
2025/3/28 18:17,这个外国人挺厉害的 我记得他们很爱亲亲抱抱 居然能过下去,1
2025/3/28 18:17,@糖糖糖kun 我觉得董力好那个啥 看到好窒息,1
2025/3/28 18:17,哈哈哈那我到时候来找你算命,0
2025/3/28 18:18,阿诺是外国人老的快，董力慢慢的就没有当初的那一份激情,0
2025/3/28 18:18,这个董力明显的不爱她啊,1
2025/3/28 18:18,我们不接触,0
2025/3/28 18:18,你们可能比较相爱吧[尬笑]我只爱我小孩,0
2025/3/28 18:19,很真实啊，我的睡眠不好所以必须分房睡，打呼我是一点睡不着,0
2025/3/28 18:19,谁说的，看个人，我跟老公没有分被睡,0
2025/3/28 18:19,胡静老公表情说出了他的内心话 我好像懂了,0
2025/3/28 18:19,生娃之后就没有了[微笑],0
2025/3/28 18:19,对象的时候是，老公了就不一样了,0
2025/3/28 18:19,@null 需要身体接触,1
2025/3/28 18:19,啊？自由恋爱哪这样[捂脸][捂脸],0
2025/3/28 18:19,夫妻都不身体触碰 和谁身体触碰？分被子睡这人真的简直了,1
2025/3/28 18:20,我结婚一年就分房了啊，结完婚就不亲嘴了[尬笑][尬笑],0
2025/3/28 18:20,@再出现 我不要这样[微笑],0
2025/3/28 18:20,“随便，开心就好” 她不知道吗。,1
2025/3/28 18:20,我也觉得很正常啊，这其实是百姓正常的生活方式，虽然他情商不是很高,0
2025/3/28 18:20,更相信这男的是不是外头有人，他不敢,1
2025/3/28 18:20,感觉，他就是这档节目的争议担当，每个综艺不都这样，咖位最小的献祭成争议担当,1
2025/3/28 18:21,都不认识这男的，老婆真好看,0
2025/3/28 18:21,对啊我要亲死你,1
2025/3/28 18:21,董力主打一个真实[赞][赞][赞],0
2025/3/28 18:21,但是烦他了,1
2025/3/28 18:21,为啥要吻，亲脸颊我可以，但接吻就算我，结婚十几年我不需要了,0
2025/3/28 18:22,上错节目了[尬笑],0
2025/3/28 18:22,可以分床，但是不能不接触，不然会过不下去，最起码拥抱得有,0
2025/3/28 18:22,有孩子了孩子每天都抱着妈妈睡根本分不开,0
2025/3/28 18:22,我不会让孩子睡中间的，我怕我老公无意中会把孩子给害死,1
2025/3/28 18:23,他是谁呀[捂脸],0
2025/3/28 18:24,[666][666][666][666],0
2025/3/28 18:24,@_You,0
2025/3/28 18:24,@dube1314,0
2025/3/28 18:25,我们也是分被子，但是睡前会拥抱，睡的时候手或者脚要挨着,0
2025/3/28 18:25,我和我老公在一起20年了，我们每天都亲亲[呲牙]而且会心动[呲牙][呲牙][呲牙],0
2025/3/28 18:25,不是 我和我老公十五年了，我可不能碰他啊他会吃了我[尬笑],0
2025/3/28 18:25,真的不是骗婚生小孩的吗，怪怪的,1
2025/3/28 18:26,@Kgs 我们就是生理性喜欢[害羞][害羞],0
2025/3/28 18:26,视频好像说的是深吻，亲一口这种应该不算在里面吧,0
2025/3/28 18:26,@我是个超人,0
2025/3/28 18:26,这一季的几对好好的氛围,0
2025/3/28 18:26,我跟老公还蛮恩爱的他不准我分床分房,0
2025/3/28 18:27,我是说评论区的一些朋友啦[呲牙],0
2025/3/28 18:27,按理说上海男人很好的呀[泣不成声],0
2025/3/28 18:27,这一季的嘉宾，只少有一对不会长久，问题都展露了，不改变过不了几年就分道扬镳。,0
2025/3/28 18:27,来自官方的吐槽？[酷拽],0
2025/3/28 18:27,他也算实诚，在节目上啥都说,0
2025/3/28 18:28,啊他怎么这样,1
2025/3/28 18:28,董得夫妻状态是在演我我的,0
2025/3/28 18:28,他嘴臭根本就不想亲,1
2025/3/28 18:28,我和我老公结婚第七年 在一起10年 我们偶尔会深吻 但是睡觉 就是 我盖被子 他不盖 就是一个怕冷一个怕热 偶尔也分床睡 我觉得我能接受 这样我睡得舒服些 他也舒服些 不用让自己难受去迎合对方[捂脸],0
2025/3/28 18:28,董力看起来不懂什么是爱，也不懂谈恋爱,1
2025/3/28 18:29,没有生理喜欢就没有爱了[捂脸],0
2025/3/28 18:29,@@阿毛 是的,0
2025/3/28 18:29,不喜欢了吧,0
2025/3/28 18:30,都已经他转她花的还不对呢[疑问]，你这剪辑让我成功明白了男人身上不该有一分钱[看],1
2025/3/28 18:30,不恩爱的夫妻都是这样的，只有恩爱夫妻不是这样的，因为他们会离不开彼此。不恩爱的，其实就是搭伙过日子，左手牵右手,0
2025/3/28 18:30,[笑哭],0
2025/3/28 18:30,@邡永鉼,0
2025/3/28 18:30,哈哈哈,0
2025/3/28 18:30,这个董力面相看着就不好 一看就不喜欢他老婆,1
2025/3/28 18:31,死渣男 不爱为什么要结婚？,1
2025/3/28 18:31,普通人这样也得离[捂脸],0
2025/3/28 18:31,大你多少啊！老人味了吗？男人不是荷尔蒙味，,1
2025/3/28 18:31,这个人给人的感觉就是有点太装了,1
2025/3/28 18:31,咋说呢，我老公挺黏我的，睡觉必须紧紧抱着挤着我，看电视必须抱着我坐，他开车红灯也会牵我手，除了工作以外其他时间我们都在一起，可是我们一般只亲亲不深吻哎，我们俩好像不太会[捂脸]觉得深吻好奇怪,0
2025/3/28 18:31,真的假的，不亲了吗，结了8年还在亲,0
2025/3/28 18:32,我需要啊，我很喜欢粘在一起吧啦吧啦的聊天，我老公性子很冷漠，他甚至是不会跟我坐在同一个沙发，能坐三四个人的那种，不说话，一直玩手机,0
2025/3/28 18:32,是的那都要碰到,0
2025/3/28 18:32,接吻对他们来说都成惩罚了吗[绝望的凝视],1
2025/3/28 18:32,@Yiiiiii [微笑],0
2025/3/28 18:33,我老公睡觉之前我碰他，他说哎哟烦死了，睡着了我一挨到他，他就跟自觉的抱着我，或者一个手拉着我的手，但是丝毫不影响我俩吵架[捂脸],0
2025/3/28 18:33,他们小女儿才两岁多，五六年没亲吗,0
2025/3/28 18:33,在坐的哪个都比他咖位大，但是只有他包袱最重,1
2025/3/28 18:33,我说跟老公分被子睡 他说跟离婚有什么区别[捂脸],0
2025/3/28 18:33,确实、就算走路牵手 也不会恋爱的感觉. 就是习惯而已. 亲嘴更不会[捂脸].,0
2025/3/28 18:33,这个男的是有什么魅力啊？,1
2025/3/28 18:34,你是不是误会了什么？,0
2025/3/28 18:34,@?,0
2025/3/28 18:34,那算一个亲密接触[赞],0
2025/3/28 18:34,@momo @青华大美女,0
2025/3/28 18:34,已经很好了[赞],0
2025/3/28 18:34,网友们没冤枉你。。。生理性排斥就离了吧。别演了,1
2025/3/28 18:34,必须需要[不失礼貌的微笑],0
2025/3/28 18:35,@食饭大碗啲,0
2025/3/28 18:35,不是的，普通夫妻也要触碰,0
2025/3/28 18:35,我们睡觉 必须贴着[捂脸],0
2025/3/28 18:36,真的就是没有那种感觉了[尬笑]，真理解为什么有些男人会出轨，也许我是个男的，我也想换一下，但是作为女人，又是一点接受不了,1
2025/3/28 18:37,这个男的是谁[捂脸],0
2025/3/28 18:37,我们也是分被子睡，自从生了娃后[捂脸],0
2025/3/28 18:38,他真的不喜欢她老婆了,1
2025/3/28 18:38,没有爱也正常啊 不影响继续生活,0
2025/3/28 18:38,@猪儿,1
2025/3/28 18:38,我们也分了，我和我儿子睡[捂脸],0
2025/3/28 18:38,我也不理解[泪奔],0
2025/3/28 18:38,@1kb 我们在一起一年多，没有过深吻[泪奔],0
2025/3/28 18:39,@惊喜贩卖便利店（光明大仟里店）,0
2025/3/28 18:39,其实没有热恋的感觉，这才是正常的，诚实的面对自己也没有错，但是出轨不然觉得不能原谅，是觉得这个是关乎两家人，甚至未来小孩很大的影响，所以觉得绝对不行。,0
2025/3/28 18:39,恋爱5年，结婚两年，只要我不拒绝，我两能天天睡荤的[尬笑],0
2025/3/28 18:39,nobody care 他[九转大肠][九转大肠][九转大肠],1
2025/3/28 18:39,你有过非常美好的接吻经历的话就会觉得这个很重要,0
2025/3/28 18:40,我晚上睡觉必须摸到我老公，所以他不在我就失眠[泪奔],0
2025/3/28 18:40,这营销号，是没有亲吻也不接触呢？还是只是没有亲吻接触呢？[尬笑]这两者之间差好多，知道吧,1
2025/3/28 18:40,就是你对你自己的宝宝那种喜欢，你会看到自己的小宝宝就很想亲他，rua他的肉肉，捏脸脸，摸屁屁，就是说如果特别爱一个人，就会喜欢和他的身体触碰，无论是爱情还是亲情，都是如此，这是动物的本能。,0
2025/3/28 18:40,屁屁，就差没有亲到喉咙里面去了,1
2025/3/28 18:41,是呀，虽然理解，但不允许,0
2025/3/28 18:41,一人一个被子很正常，而且我和我老公睡我们不喜欢搂着，热[微笑]。盖一个被子中间漏风。,0
2025/3/28 18:41,我会跟我老公深吻，我俩每天都要亲亲说爱你，但是我俩分被睡，尤其是冬天，不分被窝它漏风而且我老公睡觉卷被子[捂脸],0
2025/3/28 18:41,@?????? C?aii?? @??猫南北。,0
2025/3/28 18:41,毕竟回去还得过，董看样子也更不待见这个美女，一直怕诺说了不该说的话,1
2025/3/28 18:42,@南风天 看摸屁股很正常,1
2025/3/28 18:43,@发er [微笑],0
2025/3/28 18:43,哇最新一期已经很久都没亲嘴了[尬笑],0
2025/3/28 18:43,@赛德.乌漆吗黑,1
2025/3/28 18:44,普通人家不是这样的啊，反正我家不是这样的，我都结婚7年了。亲亲是每天的基本啊，深吻隔三差五也是，我老公我俩每天有啥事都跟对方说，不亲亲，不聊天，在我感觉那就跟搭伙过日子差不多了。,0
2025/3/28 18:44,不不不，我不喜欢，我觉得不卫生[捂脸],0
2025/3/28 18:44,@猫猫幸福,0
2025/3/28 18:44,[九转大肠][九转大肠]身体是最真实的，接吻你都……   打死我都说不爱了[尬笑]没有爱……,0
2025/3/28 18:45,不可能吧，我跟我老公在一起14年也还是会接吻，这个我觉得看个人,0
2025/3/28 18:45,无语死[尬笑]这男的发言真是自相矛盾自己要的联系方式现在表现的很嫌弃形容自己老婆还是不好的词,1
2025/3/28 18:45,@小番茄的救赎之路??,0
2025/3/28 18:45,最新一期自爆几年内没深吻,0
2025/3/28 18:46,前提你老公刷牙没异味[捂脸]我老公一天刷一次牙[捂脸]下不去口，我连面对面都不想对着脸，温臭[捂脸],1
2025/3/28 18:46,无语死[尬笑]这男的发言真是自相矛盾自己要的联系方式现在表现的很嫌弃形容自己老婆还是不好的词,1
2025/3/28 18:46,不爱干嘛要跟人家结婚[尬笑],1
2025/3/28 18:46,对，哪有这样的，就算没有那么爱的也不至于这么长时间都不亲吧，那怎么天呢不敢想象……………,1
2025/3/28 18:46,说句丢人的话，我老公没睡我旁边，我睡不着[捂脸],0
2025/3/28 18:46,@H,0
2025/3/28 18:47,太正常了,0
2025/3/28 18:47,很正常啊,0
2025/3/28 18:47,再见爱人看见了吗，赶紧的，下期嘉宾[尬笑],0
2025/3/28 18:48,连装都不想装了，用冷暴力逼女方放弃的感觉，,1
2025/3/28 18:48,有了孩子，特别是二胎，别说分被子了，都是分房睡的好吗！真实的普通家庭生活大概都有这种情况或者阶段吧。爸爸陪一个孩子睡，妈妈陪一个孩子睡。1米8的床勉强睡3个人，实在睡不下一家四口啊。,0
2025/3/28 18:48,习惯了那个人在旁边，睡的才安心。,0
2025/3/28 18:48,他俩镜头也少，好像也不爱[捂脸][捂脸][捂脸][捂脸][捂脸],0
2025/3/28 18:48,我和我老公结婚不到俩月[尬笑]分床睡[捂脸]现在马上结婚两整年了  因为实在是受不了他的呼噜声[看],0
2025/3/28 18:49,他不是参加的再见爱人吧[宕机],0
2025/3/28 18:50,@……,0
2025/3/28 18:51,@咖喱仙人,0
2025/3/28 18:51,不喜欢怎么还不离婚,1
2025/3/28 18:51,晚好，老铁,0
2025/3/28 18:51,我和我对象每次睡觉都是搂着的 不是搂着的就是生气了[抠鼻],0
2025/3/28 18:51,有没有感情一看就知道了，感觉这两…,0
2025/3/28 18:51,董力是什么新晋明星吗？有什么作品？第一次知道[尬笑],0
2025/3/28 18:52,@suhu,0
2025/3/28 18:52,[泪奔][泪奔],0
2025/3/28 18:52,@云与海,0
2025/3/28 18:52,我不觉得有啥问题,0
2025/3/28 18:52,姐你讲讲陈德容吧，我快被气死了,1
2025/3/28 18:52,那不会，我老公都贴边边睡[尬笑],0
2025/3/28 18:52,哈哈哈,0
2025/3/28 18:52,我结婚以后也不亲嘴,0
2025/3/28 18:53,身边都是好的人真的可以改变一个人，哪怕不会一辈子，但也可以一阵子。但坏的话，真的是一辈子。,0
2025/3/28 18:53,不是啊 我对象都是搂着我睡觉的,0
2025/3/28 18:53,没睡着的时候我老公背对着我还要伸一只手过来搭着我[捂脸]，就算睡着了只要我一翻身背对着他他就过来搂我了，只要一动他就过来了，晚上睡觉还总挤我，快掉地上了，我说他他就说谁叫我一直跑，反正就是非要挨着,0
2025/3/28 18:53,想太多了,0
2025/3/28 18:53,一样一样 我也是夹在娃和老公中间 [泪奔] 睡觉根本不解乏,0
2025/3/28 18:53,没有爱，还拒绝沟通，孩子也是女方带的吧，一点责任感都没有，他脑子里面怎么长的,1
2025/3/28 18:53,@??,0
2025/3/28 18:53,哈哈哈  也真的是用心了,0
2025/3/28 18:53,哈哈，感觉董力特别像传统的夫妻，不太亲密,0
2025/3/28 18:53,普通人家也不这样吧[捂脸],0
2025/3/28 18:53,@王大帅的店 嘿嘿嘿,0
2025/3/28 18:53,我不行[捂脸]  我睡眠浅喜欢一个人睡[思考]  老公带儿子睡,0
2025/3/28 18:53,[酷拽],0
2025/3/28 18:54,@呵,1
2025/3/28 18:54,哈哈哈哈  我也是  然后最近因为他总出差所以生生的给我改了[流泪],0
2025/3/28 18:54,自我保护机制,0
2025/3/28 18:54,怎么感觉他们不熟的感觉,0
2025/3/28 18:54,这说的也太直接了吧,0
2025/3/28 18:54,我老公不行，孩子一岁多的时候，是夏天。半夜孩子哭了，我开灯一看，我老公枕着孩子肚子睡觉，我上去就是两巴掌。后天问他，他说他的枕头不见了，好不容易找到一个,1
2025/3/28 18:55,这男的有毒??，因为他都看不下去这季,1
2025/3/28 18:55,我烦别人睡觉搂着我或者搂着别人，太束缚了,0
2025/3/28 18:55,我都不知道董力是谁，从来没有听说过[捂脸][捂脸][捂脸],0
2025/3/28 18:55,女的很委屈吧  被婚姻捆绑了  在中国又没什么朋友  想跟这个人沟通都解决 也没有接触[尬笑],1
2025/3/28 18:56,@皮卡,0
2025/3/28 18:56,@小太阳??,0
2025/3/28 18:56,我也会,0
2025/3/28 18:56,@zmw,0
2025/3/28 18:57,你这么一说我理解了，我老公不抽烟不喝酒，所以能每天亲亲，因为他嘴巴没臭味[捂脸]，他要是抽烟喝酒我肯定也亲不下去。,0
2025/3/28 18:57,9年了 感觉感情好 这个亲密接触是很有必要的 晚上基本上脚要贴一起,0
2025/3/28 18:57,@我爱经晓红,0
2025/3/28 18:57,我也不喜欢深吻,0
2025/3/28 18:57,感觉董力有慢慢的改变,0
2025/3/28 18:58,@鲍逸喆,0
2025/3/28 18:58,董力是谁,0
2025/3/28 18:59,我也是的，感觉每天睡醒就跟被打了一样，浑身疼，我儿子睡觉很不安稳，喜欢蹬被子，我老公睡觉喜欢贴着人，手搭在我腰上，非要我枕着他手睡觉，感觉我被封印了,0
2025/3/28 18:59,分被窝是不可能分的[泪奔]全靠他给我暖脚暖手,0
2025/3/28 18:59,这节目好有趣，众人反应太逗了,0
2025/3/28 18:59,@抖音羡慕员,0
2025/3/28 18:59,大部分都会是那一对吧,0
2025/3/28 18:59,没有共同话题当初怎么走到一起的？包办婚姻吗？,1
2025/3/28 18:59,我家的也是，每天都要挨着我，我挪一点，他就是睡着也会跟着挪[捂脸],0
2025/3/28 18:59,我和我老公以前上下铺，现在两个房间，和朋友一样，挺好的[泪奔],0
2025/3/28 19:00,有时候觉得他呼吸都是嫌弃的 滚远点[捂脸],1
2025/3/28 19:00,还以为是常熟内个,0
2025/3/28 19:00,@理享美业（和平店）,0
2025/3/28 19:00,哈哈这么搞笑的,0
2025/3/28 19:00,那这确实不行，太危险了，我老公不会，比我还小心[尬笑],0
2025/3/28 19:01,@u 喜欢光溜溜 肉贴肉 夹腿,1
2025/3/28 19:01,邻居+1,0
2025/3/28 19:01,我老公是真的不靠谱[捂脸],0
2025/3/28 19:01,久了夫妻都不会接吻了吧，好恶心??,1
2025/3/28 19:02,"还说网友对他的回答有误解
不接触，不交流，（这真的没法救，看别人一脸惊讶问为什么，他还觉得理应这样）",1
2025/3/28 19:02,我俩也分被子，要不半夜肯定有一个会冻醒[捂脸]，不耽误搂着啊,0
2025/3/28 19:02,过不了，一年没到就离婚了[尬笑]宁可自己养孩子都不会拿我自己这短短一生去过那种乏味的生活，现在的7年了还是很粘，所以人和人是不一样的,0
2025/3/28 19:02,好下头,1
2025/3/28 19:03,@丶Man,0
2025/3/28 19:04,正常，我们也是好几年不接吻”吻不下去，确实没什么感情就是[尬笑][尬笑][尬笑],0
2025/3/28 19:04,我老公每天早上起来都要亲我的脸[呲牙],0
2025/3/28 19:04,@硕硕的肚肚,0
2025/3/28 19:04,我家也是，一股烟味，[捂脸][捂脸],0
2025/3/28 19:04,如果一个男生对着我说我去，我感觉很下头[捂脸],0
2025/3/28 19:04,就是不爱而已,0
2025/3/28 19:05,哈哈哈，这挺棒的！,0
2025/3/28 19:05,结婚十四年，我老公时不时都要深吻我，我不愿意，他说我不爱他了，还逼着亲[害羞],0
2025/3/28 19:05,我十年了也没这样[泪奔],0
2025/3/28 19:05,就是有问题,1
2025/3/28 19:05,戚薇一讲话我就特怕她开黄腔[捂脸],1
2025/3/28 19:05,大家都在助攻,0
2025/3/28 19:05,其实现实生活中，很多夫妻这样，可能稍微年纪大点的偏多，不过他们这么年轻，按理说不应该啊，,0
2025/3/28 19:05,主要谈对象刚结婚他都刷牙刷的可勤了，有了娃，就原形毕露了[捂脸],0
2025/3/28 19:06,生理上的喜欢才会长久好吗,0
2025/3/28 19:06,我也不亲，我老公抽烟，我嫌脏感觉像是烟灰缸[看][看][看]我老公都是强吻,1
2025/3/28 19:06,亲一口噩梦三天是吧,1
2025/3/28 19:06,我就说他们适合下一季离婚节目,1
2025/3/28 19:06,@H? 咱俩要手脚贴贴[尬笑]看我这个我是正常人,0
2025/3/28 19:06,那个董力根本就不爱他老婆 而且他是谁 我也不认识,1
2025/3/28 19:07,我们也是自己盖自己的被子，但是也要碰着,0
2025/3/28 19:07,@不退转 你也很冷漠，坐沙发都不跟我坐一起。,0
2025/3/28 19:07,我们结婚十年后来也没有吻了，今年不知道咋了就吻了，结果吻出个孩子来，哎，还是别吻了,0
2025/3/28 19:07,晚上好呀用心了,0
2025/3/28 19:07,那不行我一天不亲都不行,0
2025/3/28 19:07,一样，工资都给我[尬笑]主要我俩都不太喜欢黏在一起[泪奔],0
2025/3/28 19:07,@R._ @_及時行樂,0
2025/3/28 19:08,同款[捂脸],0
2025/3/28 19:08,就是排斥，老公靠近我的时候我就这样。,0
2025/3/28 19:08,结婚三年 去年开始跟我老公分房睡了  实在受不了呼噜声[捂脸],0
2025/3/28 19:08,关键不是不接吻，是不深吻[捂脸],0
2025/3/28 19:09,我觉得很正常 [偷笑]我也一张床各盖各的被子、恨不得把自己裹成木乃伊[偷笑],0
2025/3/28 19:09,@LZ. @小基 你对我没有[酷拽],0
2025/3/28 19:09,其实就是没那么爱了，拒绝沟通就代表不想去增加感情的递进，只是表面维持，所以的细节都足以证明,0
2025/3/28 19:10,我也是,0
2025/3/28 19:10,说白了就是不够爱,1
2025/3/28 19:11,分床接近1年了[尬笑],0
2025/3/28 19:11,@七秒鱼??～  ??洪?? [灵机一动],0
2025/3/28 19:11,我也是，我们结婚10年了，我老公一晚上不跟我睡，我都睡不着[捂脸],0
2025/3/28 19:11,五六年？我7??八年没亲过嘴[捂脸],0
2025/3/28 19:11,无语了这大男的,1
2025/3/28 19:11,感觉戚薇跟李承铉两个人半夜躺被窝里可以蛐蛐他到天亮[捂脸],0
2025/3/28 19:12,这不是很正常吗[捂脸],0
2025/3/28 19:12,大部分老公都不是他这种吧，明显出现了问题,1
2025/3/28 19:13,当然不是，我们在一起10年结婚7年了我老公还是每天都要来抱抱我坐着也得跟我靠一起，我们都觉得只有没感情了才会那样抗拒排斥吧,0
2025/3/28 19:14,一个正常雄性的已婚动物，不可能五年不碰女人的[灵机一动]但是可能不碰自己的妻子,1
2025/3/28 19:14,就是晚上不搂一下睡觉就睡不着[九转大肠]看见就想摸摸,0
2025/3/28 19:14,我对象说，那结婚还有什么意义[黑脸],1
2025/3/28 19:14,名气不行，也就罢了，在这里面也贡献不出来任何的幸福一些的场面[尬笑]真不知道他来干啥来了,1
2025/3/28 19:15,我俩也是分被子[点赞]因为我老公192 他头顶着床头 我比他矮不喜欢顶在床头睡觉，要是盖一个被子他正常盖我头就会被蒙住，我正常盖他肩膀就要露外面[泪奔],0
2025/3/28 19:16,很真实啊 结婚时间长了都这样  肯定不可能永远想热恋,0
2025/3/28 19:17,我觉得这才是大多数人是状态吧,0
2025/3/28 19:17,@朝鹿梦游记 [黑脸][黑脸][黑脸],1
2025/3/28 19:17,谁是董力？,0
2025/3/28 19:17,挺有意思的,0
2025/3/28 19:17,那就不爱了，才会厌恶身体触碰吧,1
2025/3/28 19:18,运动员好多都缺乏情感,1
2025/3/28 19:18,我们不是[尬笑]烦死我老公了,1
2025/3/28 19:18,啊？,0
2025/3/28 19:18,我和我老公是L睡姿，脚对脚，一人一个被窝[捂脸],0
2025/3/28 19:19,@郁,0
2025/3/28 19:19,用心了,0
2025/3/28 19:19,评论区好恩爱，我俩分屋睡，两年多了……,0
2025/3/28 19:19,[好开心]喜欢肢体接触 你抵触了咩[流泪],0
2025/3/28 19:20,90后的我们已经分床睡了[捂脸]，亲嘴更是噩梦[捂脸],0
2025/3/28 19:20,每天都困得要,0
2025/3/28 19:20,@Garden（可可托海约课） 救命，如果没有身体触碰，就是不爱了！！！,1
2025/3/28 19:20,真不愿意相信你说的是真的[大笑][大笑][大笑],0
2025/3/28 19:21,我也是普通人，我们不这样，17年了依然很黏糊[抠鼻],0
2025/3/28 19:21,@起飞,0
2025/3/28 19:21,结婚十年了，前五年还比较在意表达爱意，现在被生活磨平了棱角，连生活都没了热情，就不纠结爱不爱的问题啦,0
2025/3/28 19:21,@江枝不期,0
2025/3/28 19:21,@稻名四 @CcC?? @七街酒i @蜡笔糯糯（只想发财版） @今天不吃饭?? 不爱结什么[微笑],0
2025/3/28 19:22,到底谁在捧他？？？？,1
2025/3/28 19:22,哈哈哈哈一样,0
2025/3/28 19:22,这种反而更长久吧,0
2025/3/28 19:22,就是看见他会想贴贴啊[不失礼貌的微笑]我老公呼噜震天响都不影响我一定要抱着他睡觉[皱眉],0
2025/3/28 19:23,这个视频要怎么@董力 @阿诺和大力,0
2025/3/28 19:23,@永远不吃碳水,0
2025/3/28 19:23,[发呆],0
2025/3/28 19:24,她仅代表她自己，我婚龄17年，亲亲抱抱是每天的日常，在一起久了性格上磨合的更好了，不像年轻时那么冲动爱吵架，现在感情更好了[偷笑],0
2025/3/28 19:24,我老公睡觉必须挨着我，我怀着孕他一个胳膊压着我被我揍醒n次了。我抱着枕头往外挪他拽着枕头跟着。,0
2025/3/28 19:25,没生孩子之前每天睡前都会亲一下睡，有娃后就好嫌弃[捂脸],0
2025/3/28 19:26,我老公90年的，昨晚还躺我怀里扮小孩子要宠爱。,0
2025/3/28 19:26,我和我老公分楼睡,0
2025/3/28 19:26,yue,0
2025/3/28 19:26,这么美的老婆他还腻？他老婆眼里都是他就该知足吧，又不红,0
2025/3/28 19:26,那你要不要看看他在岛屿少年里边的样子[抠鼻][抠鼻]说实话他在爸爸去哪里边就感觉不怎么样，但那时候我认为那是我的偏见[抠鼻]看多了就……[尬笑],0
2025/3/28 19:27,@再见爱人,0
2025/3/28 19:27,嗯，昨天老公想要??，我不要[尬笑],0
2025/3/28 19:27,@dior,0
2025/3/28 19:27,哈哈哈哈[白眼],1
2025/3/28 19:28,普通人也不这样好不好、根本就不爱了[酷拽][酷拽][酷拽],1
2025/3/28 19:28,我和我老公也是分被子特别冷时候我就俩就楼着睡，热时候都不挨着,0
2025/3/28 19:28,那么多年啦，估计有爱也消失了[捂脸],0
2025/3/28 19:28,快了,0
2025/3/28 19:28,这工作是有多忙,0
2025/3/28 19:28,普通人家那是没感情了 男方容易出轨的人才会这样[尬笑] 再说了他五年前才26岁,1
2025/3/28 19:28,我和我老公也是[捂脸]他不抱着他睡不着我身边没有他也睡不着[捂脸],0
2025/3/28 19:29,我也是，才新婚[吐血]一年,1
2025/3/28 19:29,@嚼嚼 @小张的囡囡?~ @是特特呀 生理性喜欢真的很重要,0
2025/3/28 19:29,我跟我老公也是，睡觉的时候要么抱着要么牵着手,0
2025/3/28 19:29,不助攻的话就要去再见爱人了,1
2025/3/28 19:30,啥综艺,0
2025/3/28 19:30,[尬笑],0
2025/3/28 19:30,人家还那么年轻 五年前他才26岁 她老婆还是欧洲人 最注重亲吻了 你还觉得正常吗？,1
2025/3/28 19:30,背起来挺费劲的吧,0
2025/3/28 19:31,他虽然大男人主义不疼爱老婆，好歹他还挺承认这一切??关键他老婆也可以。不过有一说一，我不待见这种不疼老婆的男人??,1
2025/3/28 19:31,啊,0
2025/3/28 19:31,我和我老公连夫妻情分都没有,0
2025/3/28 19:31,为博主打call,0
2025/3/28 19:31,@杨luocheng 是有原因呢,0
2025/3/28 19:32,@猪胖肉,1
2025/3/28 19:32,我老公有时候也不刷牙，但是嘴巴没有臭味啥的，我感觉主要是因为不抽烟，抽烟人的嘴那真的是没法说，反正我处对象的第一条就是不抽烟，抽烟我接受不了，我运气好，我老公真的不抽烟还不喝酒[呲牙],0
2025/3/28 19:33,@晨晨要努力,0
2025/3/28 19:33,[惊恐],0
2025/3/28 19:33,录完这个她两不会分了吧[捂脸],0
2025/3/28 19:33,@余温. 深吻是什么感觉,0
2025/3/28 19:34,结婚都9年了真的不会再深吻了吧，嘴皮子碰一下都嫌弃的程度好吧，又不是新婚夫妻这很正常好吧，没必要大惊小怪和做文章,0
2025/3/28 19:34,我们家抽烟，以前抽的少，现在天天开会，一天到晚开会，他就烟瘾越来越大,0
2025/3/28 19:35,这是不爱的表现,1
2025/3/28 19:35,董力是不是以为自己是top爱豆啊[尬笑],1
2025/3/28 19:36,@饭困星人 这男的真恶心[吐][吐][吐],1
2025/3/28 19:36,要不就是走黑红路线[笑哭][笑哭],0
2025/3/28 19:36,我老公也喜欢亲亲，要不然就抱抱啥的，在一起9年，我都烦他了[泪奔],0
2025/3/28 19:37,爱肯定需要，不爱很难亲密接触，会抗拒,0
2025/3/28 19:37,渣男而已,1
2025/3/28 19:38,完全不能理解，根本就不爱,1
2025/3/28 19:38,我跟我老公也是一人一床被子，因为他有脚气我怕传染[捂脸],0
2025/3/28 19:38,@Dark各,0
2025/3/28 19:38,有没有可能，董力和阿诺的婚姻才是大部分普通人在经历的婚姻，我能看到的都是爱情，实际上普通人很难在婚姻里碰到爱情的。能长时间不互相讨厌就不错了。这种片段的真实性，只有他们自己知道。 人们很擅长把谎言反复颠倒说，真实的情况只有自己知道。只能说，董力夫妻确实不太擅长shuo?huang,0
2025/3/28 19:39,大概三年没亲过了，我才24[宕机],0
2025/3/28 19:39,@可什么乐 惊呆,0
2025/3/28 19:39,@IU的姐妹,0
2025/3/28 19:39,董力是谁？干嘛的[抠鼻],0
2025/3/28 19:40,不是，董力是谁啊[看],0
2025/3/28 19:40,自从怀一胎拒绝老公接吻已经快5年了[捂脸],0
2025/3/28 19:41,@彼岸倾城,0
2025/3/28 19:41,[微笑],0
2025/3/28 19:42,这节目播出后  阿诺的工作应该会多起来  她真的好好好看  穿衣服真的好好看哦 [赞],0
2025/3/28 19:42,别你觉得，我和我老公每天都要抱，周末在家都要拥抱很多次,0
2025/3/28 19:42,我觉得夫妻相处彼此舒适就可以，分被子没啥奇怪的吧,0
2025/3/28 19:43,啊？不接吻，天[不你不想],1
2025/3/28 19:43,现实生活不就是这样吗 很正常,0
2025/3/28 19:43,我们到2025年5月2号就是结婚十周年，我们睡觉前都会啵啵，如果不啵啵那怎么进行下一步[捂脸][捂脸]我是真的好奇[看],0
2025/3/28 19:44,@会瘦且发财?? 我也必须要有触碰,0
2025/3/28 19:44,啊？不会吧，我们10年了还会亲[发呆],0
2025/3/28 19:44,@火??火 [撇嘴],1
2025/3/28 19:44,这还不好看五官摔中国每一位明星 但是老外老得快也是事实,1
2025/3/28 19:44,没爱了[捂脸][捂脸][捂脸],0
2025/3/28 19:45,真实，在一起久了哪还有什么激情讲什么浪漫？过着柴米油盐的生活,0
2025/3/28 19:45,@队友克星 一定要挨着,1
2025/3/28 19:45,他们来干啥的，又不是再见爱人,1
2025/3/28 19:46,@偏爱??晚风 要每天都抱抱亲亲,0
2025/3/28 19:46,我也是  吵死了打呼噜声 我们分房四年多了,0
2025/3/28 19:46,@晨，，， ？,0
2025/3/28 19:46,@?,0
2025/3/28 19:47,性格问题吧，我和我对象也从不会主动的亲密接触，,0
2025/3/28 19:47,国外应该更流行亲亲抱抱举高高吧,0
2025/3/28 19:47,很明显就是不爱,1
2025/3/28 19:47,李承铉那个，我家也是，哪哪，哪哪，哪哪都要碰到[灵机一动],0
2025/3/28 19:47,[听歌],0
2025/3/28 19:48,你不用好奇，他都这样了，肯定很少有你所谓的下一步,1
2025/3/28 19:48,@薛二喜. [舔屏],1
2025/3/28 19:49,不会，我跟我老公分房睡好几年了，也不会像他们那样,0
2025/3/28 19:49,@肖丶 必须挨挨,1
2025/3/28 19:49,额，感觉董力一点不喜欢自己老婆啊[惊恐],1
2025/3/28 19:49,我不需要触碰，尤其睡觉的时候，睡眠很浅，只要旁边的人翻身碰到我，我就会醒[泪奔][泪奔]，跟孩子一起睡，她晚上动来动去，她动一下我就醒，一度怀疑自己有啥毛病！后来给她分床睡之后，我睡得那叫一个香啊，一觉睡到天亮，外面下雨打雷我都不会醒！,0
2025/3/28 19:49,董，只能说挺敢，知道在录还是说实话，很勇@??瑶老板yy,0
2025/3/28 19:49,对 身体有排斥感，眼睛也紧闭，不是那种享受的闭眼，是眼不见为净的感觉,0
2025/3/28 19:49,其实没有阿诺和阿拉蕾没人认识董力哈,0
2025/3/28 19:50,是不是上节目装的[捂脸],1
2025/3/28 19:50,我老公碰到我，我睡不着，本来睡眠就浅[捂脸],0
2025/3/28 19:50,@See.U ??,0
2025/3/28 19:50,@彼岸倾城 [尬笑],0
2025/3/28 19:50,@辞凝,0
2025/3/28 19:50,我来就这样，其实是不爱而已[捂脸]，恰好结婚，有了孩子了，为了孩子，但是确实不爱[捂脸]，不敢说出来,0
2025/3/28 19:50,@杨厚厚 ^_^,0
2025/3/28 19:51,@—GPF,0
2025/3/28 19:51,懂力回家吧,1
2025/3/28 19:51,我们分房睡,0
2025/3/28 19:51,又抠门又没有爱,1
2025/3/28 19:51,就差不离婚了,1
2025/3/28 19:51,[不是吧][不是吧]为什么，假夫妻,1
2025/3/28 19:52,这是在预定下一个节目吧[泪奔][泪奔],0
2025/3/28 19:52,中国像董力这种老公估计不少[尬笑],0
2025/3/28 19:52,他老婆是有什么把柄在他手里吗[宕机],1
2025/3/28 19:52,我也是必须搭上[白眼][飞吻][飞吻][不失礼貌的微笑][不失礼貌的微笑][抱抱你][抱抱你],0
2025/3/28 19:52,一人一个被子很正常啊，男的热气大女的热气小，一条被子不难受吗？而且被子就那么大，男的一翻身，被子全被卷过去了,1
2025/3/28 19:53,我嫌弃我老公嘴臭也不会接吻，所以我觉得正常[捂脸],0
2025/3/28 19:53,全中国至少一半搭伙过日子的[捂脸],0
2025/3/28 19:53,@hans,0
2025/3/28 19:53,这都不喜欢，那喜欢什么,1
2025/3/28 19:53,你说对了，我和我老公都分房睡了[捂脸]结婚13年了,0
2025/3/28 19:53,@Mr捃 也摸屁股,1
2025/3/28 19:53,[泪奔][泪奔],0
2025/3/28 19:53,隔着屏幕都惊到我了，居然还会这样,0
2025/3/28 19:53,我也感觉我身边大部分都是董力 阿诺这种淡淡的，真实的感觉。,0
2025/3/28 19:53,感觉董力真的就是一个直男了,1
2025/3/28 19:53,我想问……我和我男朋友谈两年了，我是属于那种身体很不好的人经常感冒发烧，之前我生病他还会让我室友给我带吃的给我买药啥的，怕我被室友孤立借钱带我出去住（我之前甲流烧了一个多星期烧出来鼻血了，室友想把我赶出去）但是这次我又烧了三天我跟他说他就说带我去医院，我拒绝了（我俩都是学生没啥钱）但是他昨天打游戏打到半夜今天又去打球，我发消息也不回，问他他就说他在忙着上课，他是腻了嘛？还是说爱是真的会变的,0
2025/3/28 19:53,董力根本不爱吧？,1
2025/3/28 19:54,简直就是意想不到啊，太不可能了,0
2025/3/28 19:54,和别人睡一个被子我睡不着，分被子睡好一点[好开心],0
2025/3/28 19:54,他俩真有点不熟的感觉,0
2025/3/28 19:55,热吻,0
2025/3/28 19:55,我们从结婚就分被子睡，因为我不喜欢和别人一个被子睡觉，和我女儿也是，从她出生就自己盖自己的被子睡觉，我睡觉喜欢边边角角都守好，不希望一点风透进来,0
2025/3/28 19:55,冷暴力,1
2025/3/28 19:55,而且现在我跟他说我头疼或者是哪里难受，他就一句“带你去医院”但是他明明知道学生怎么可能一难受就去医院，也不问我也不关心我，就一句带我去医院，我觉得有落差感我就问他你为什么这样，他说我太容易生病了，他已经习惯了,0
2025/3/28 19:55,包办不了一点 阿诺父母应该对他..... ,1
2025/3/28 19:56,先他们这种在一起快十年了，又有两个孩子，估计在家都是各玩各的手机了，哪还有什么新鲜感[尬笑][尬笑],1
2025/3/28 19:56,恭喜你你男朋友遇到另一半了,1
2025/3/28 19:56,@喜欢小狗吗汪汪汪 我去,0
2025/3/28 19:56,姐妹，你其实已经有答案啦,0
2025/3/28 19:56,估计快了[捂脸],0
2025/3/28 19:56,@西泽尔Caesar,0
2025/3/28 19:57,有了孩子以后谁还管老公那么多，都是顾孩子多了,0
2025/3/28 19:57,董力是谁,0
2025/3/28 19:57,@不要加醋,0
2025/3/28 19:57,正常,0
2025/3/28 19:58,啊这属实没想到，竟然是这样的,0
2025/3/28 19:58,要么就是他变了，要么就是你比较依赖他。我也分析不出所以然～但是小姐姐，自己身体要注意，身体脆弱心理就很脆弱～就会想很多～,0
2025/3/28 19:58,的确让人意想不到了啊,0
2025/3/28 19:59,有新人代替你了，或者就是没有那种感觉了,1
2025/3/28 19:59,有了娃以后没有不是很正常吗,0
2025/3/28 19:59,诶 是这样的吗,0
2025/3/28 19:59,生理性拒绝这种就是代表不喜欢，董力真下头，感觉他就是在逼女生先说离开，他自己啥损失没有，还可以让女方一无所有,1
2025/3/28 19:59,大部分女生嫌弃老公[捂脸],0
2025/3/28 20:00,我对我老公除了脚以外的任何地方都喜欢，晚上睡熟了只要他的脚碰我，自然反应我都得给他一脚,0
2025/3/28 20:00,说真的有点意想不到,0
2025/3/28 20:00,我老公跟个八爪鱼一样，手和腿都搭我身上，经常半夜给圧醒了，差点以为自己要死了[捂脸],0
2025/3/28 20:00,@beau,0
2025/3/28 20:00,34岁的我已经分房睡了2年了，一个人睡习惯了,0
2025/3/28 20:01,我也是 但是他抱我我就烦[大笑],0
2025/3/28 20:01,我也是特别爱生病[流泪]很多人不理解的，希望你能找到那个理解尊重你的[流泪]不理解你的最好不要，会很累，对方也累,0
2025/3/28 20:01,[泪奔]的亏我们6年还有接吻拥抱,0
2025/3/28 20:01,都说正常，但是其他几对不是人？,1
2025/3/28 20:01,我老公也不和我聊，我也不和他聊，我不聊是因为没法聊，他不聊是因为没得聊,0
2025/3/28 20:01,也不是吧，有娃为什么会影响这个啊,0
2025/3/28 20:01,涉过愤怒的海里女主男朋友对她就是这样呢,0
2025/3/28 20:01,你的生活就是大部分人的生活？,0
2025/3/28 20:02,@-Chen-,0
2025/3/28 20:02,我也是，但是我不喜欢我老公抱，一般我喜欢脚塔他腿上或者身上，但是我不喜欢他腿压我腿上，也不喜欢他手放我腰上，我感觉好累，被子我只盖4斤的6斤的盖着我都觉得好累,0
2025/3/28 20:02,@Kylian,0
2025/3/28 20:02,哈哈[色],1
2025/3/28 20:02,我也是才恋爱三年结婚两年吧我也不爱深吻，然后我老公也是跟董力一样不爱跟我聊天[酷拽],0
2025/3/28 20:03,我老公抽烟，啵儿一口。还行深吻觉得在亲烟灰缸[捂脸],0
2025/3/28 20:03,我也是这样的！我崽就是睡觉前小动作特别多[笑哭]然后我比他早睡，他一动我就马上醒，醒了就睡不着了，后来让他爸爸挨着他睡，哇塞～真的就是一觉到天亮[笑哭],0
2025/3/28 20:03,那还是夫妻吗,0
2025/3/28 20:03,@infinity,0
2025/3/28 20:04,不会。我老公说他是本市被老婆亲得最多的男人,0
2025/3/28 20:04,他们好像在一起很久了，五年了吧,0
2025/3/28 20:04,我和我老公聊天，亲亲抱抱不深吻 因为他抽烟。一人一个被子，因为过不到一个季节[捂脸]感情一直很好十几年了,0
2025/3/28 20:04,我跟我老公在一起8年了，生完孩子有过两年没有，那时候感觉感情岌岌可危，我看他就烦，就剩搭伙过日子了，后来不知怎么的就又好了，生理性喜欢也回来了。,0
2025/3/28 20:04,@浅戈 是呢 总感觉里的不够近[大笑],0
2025/3/28 20:04,男生对女生的付出都看在眼里却不以为然,0
2025/3/28 20:05,you try try@Geed,0
2025/3/28 20:05,就非得亲吻舌吻整天牵手拥抱就是有爱的夫妻吗，,0
2025/3/28 20:05,不爱才没有共同话题,0
2025/3/28 20:05,我真的不喜欢挨着睡[捂脸][捂脸]挨着都睡不着,0
2025/3/28 20:05,是师兄弟,0
2025/3/28 20:05,我只知道只要对方想联系你，哪怕再忙，抽个拉屎的功夫都得给你视频，,1
2025/3/28 20:06,来错节目了吧，去再见爱人吧,1
2025/3/28 20:06,怎么就扩大为一个群体了呢,0
2025/3/28 20:06,正常吧[笑哭],0
2025/3/28 20:07,@长相比年龄小十八岁,1
2025/3/28 20:08,迟早离婚,1
2025/3/28 20:08,@麻辣豆福乳,0
2025/3/28 20:08,我跟我老公现在舌吻不了一丁点，都会笑场，而且觉得身体不适[笑哭],0
2025/3/28 20:08,我不允许我老公在我跟前抽烟，,0
2025/3/28 20:08,别叫了？？？ 不是这你也能谈？[一头乱麻],1
2025/3/28 20:08,@抱抱小丁,0
2025/3/28 20:09,你嫌弃我,1
2025/3/28 20:09,@阿诺和大力,0
2025/3/28 20:09,半夜亲，你看得到？,0
2025/3/28 20:09,@刘小备,0
2025/3/28 20:09,[捂脸]我改我改,0
2025/3/28 20:10,@物理不起早,0
2025/3/28 20:10,不是吧,0
2025/3/28 20:10,神经,1
2025/3/28 20:10,@Box,0
2025/3/28 20:11,带孩子累的，哪有时间想别的，[捂脸]孩子大了，精力身体都回来了,0
2025/3/28 20:11,@阿诺和大力,0
2025/3/28 20:11,我感觉是不够爱吧,0
2025/3/28 20:12,为啥，,0
2025/3/28 20:12,奉子成婚,0
2025/3/28 20:12,@榴莲派,0
2025/3/28 20:12,我跟我老公在一起十年了，我看着他他就忍不住想亲我,0
2025/3/28 20:12,他还说有发现他不对的，希望哥哥姐姐要马上指出来。他无时无刻都在踩雷啊！根本没法说[抠鼻],1
2025/3/28 20:12,不会的，可以聊孩子，聊想法,0
2025/3/28 20:12,首评哎 啊啊啊啊啊啊啊啊啊啊啊啊啊啊啊啊啊啊啊啊啊啊啊啊啊 激动的我上窜下跳 倒立旋转拉屎 然后把屎扔隔壁宿舍 以后从楼上飞下去,1
2025/3/28 20:13,且没钱,1
2025/3/28 20:13,对。就是被惯的毛病,1
2025/3/28 20:13,我们也快9年了，每天早上晚上都得抱抱亲亲,0
2025/3/28 20:13,@九七吖i,0
2025/3/28 20:14,我和我老公也是分被子睡，因为和他睡一个被子会被冷死,0
2025/3/28 20:14,我就是那种生理喜欢的反正就是睡觉必须得碰到对方，知道对方在旁边才会睡得着,0
2025/3/28 20:14,剧情需要,0
2025/3/28 20:14,前面不说，这里真不合格,1
2025/3/28 20:14,相爱会抱在一起睡啊,0
2025/3/28 20:14,很有必要,0
2025/3/28 20:15,@百事可乐,0
2025/3/28 20:15,说的太对了[捂脸]男生真的卫生习惯太差了,1
2025/3/28 20:15,越挖越觉得他不是个男的,1
2025/3/28 20:16,@向南丨,0
2025/3/28 20:16,我跟我家那位，基本每天都发个信息，确保都在[捂脸][捂脸][捂脸]，发个表情都好，,0
2025/3/28 20:16,深吻是什么？,0
2025/3/28 20:16,@小吴.,0
2025/3/28 20:16,你可拉倒吧，你代表不了普通人家,1
2025/3/28 20:16,确实，百分之78十的服务婚后用不了几年就过成了兄弟,1
2025/3/28 20:16,早晚离婚，都不看女生,1
2025/3/28 20:16,不知道这样结婚的意义是什么？,1
2025/3/28 20:16,@屿,0
2025/3/28 20:17,吓人了,0
2025/3/28 20:17,@静檀,0
2025/3/28 20:17,我老公是每次只要我俩躺一张床上他那个死腿就搭我身上了，别提多自然了，我都没他这么粘人[笑哭]现在怀孕了我用的孕妇枕给他隔开了就还好一点，刚开始怀孕的时候我一天说八百回别搁我身上，这都五个月了才给他改过来,0
2025/3/28 20:18,对啊，亲亲都有的，抱抱啊，我们结婚10年了，在孩子面前，我们也会亲一下，抱一下，现在我的孩子都说爸爸最喜欢妈妈了，在我们家妈妈就是老大，[捂脸][捂脸][捂脸][捂脸],0
2025/3/28 20:19,啊，我们结婚10年，睡觉都是抱着睡，我不能理解夫妻分被子睡觉的,0
2025/3/28 20:19,她俩[泪奔],0
2025/3/28 20:19,@维尼. @温唇,0
2025/3/28 20:19,伸舌头??,0
2025/3/28 20:19,不愿亲吻，拒绝沟通，全是不爱的表现[泪奔],0
2025/3/28 20:19,哈哈哈哈哈哈你幽默,0
2025/3/28 20:19,大多数都分开的,0
2025/3/28 20:19,两口子就是要一直聊啊，我老公上班不管多忙都会秒回我的消息，我给他分享的就是我在家的一些小事，如果白天上班不聊。晚上回家累也不聊。那还有什么机会聊，不聊感情就会淡啊。就会聊不到一起啊,0
2025/3/28 20:19,[泪奔][泪奔]亲亲可以，不能吐信子,0
2025/3/28 20:19,我老公抽烟，我都习惯了，只是亲亲碰一下可以要什吻的话，他就要刷牙去,0
2025/3/28 20:20,@赵水光 天呐,0
2025/3/28 20:20,@小菜儿梁志超 你,1
2025/3/28 20:20,男人不爱了就那样吧。应付婚姻的人会改变什么呐？,0
2025/3/28 20:20,网友真神了[赞],0
2025/3/28 20:20,感情不细腻！都这样！！,1
2025/3/28 20:20,而且我们已经结婚7年了，我最近这几天开始上班，没时间给他发消息。然后他就不停的给我发消息,0
2025/3/28 20:21,@yangxue 屁股,1
2025/3/28 20:21,@爱冷淡鬼,0
2025/3/28 20:21,活该火不了,1
2025/3/28 20:22,我家分房几年了，我都要经常去骚扰我老公的，冷淡不了一点[捂脸],0
2025/3/28 20:22,大家能接受这样的婚姻相处方式嘛。。。,0
2025/3/28 20:22,娟砸！ 俺来也,0
2025/3/28 20:22,@不服,1
2025/3/28 20:23,@大怪物（自律中） 你看我可爱不[偷笑],0
2025/3/28 20:23,更新了，来看看,0
2025/3/28 20:23,孩子哪里来的,1
2025/3/28 20:24,[捂脸][捂脸]我们也是啊，时间久了就不了啊，五六年了,0
2025/3/28 20:24,@小福蝶 @草莓莓葫芦 [噢买尬][噢买尬][噢买尬],0
2025/3/28 20:24,[暗中观察]我结婚到现在5年，只在一起住过几天，因为我老公打呼噜太厉害，我睡不着，,0
2025/3/28 20:24,@落日收藏家,0
2025/3/28 20:24,我睡觉必须摸我老公的肚子[绝望的凝视],0
2025/3/28 20:24,性无能吧哈哈哈哈哈哈,1
2025/3/28 20:24,@肖,1
2025/3/28 20:24,跟我家的一样，拒绝沟通，冷暴力，我都不知道该怎么过下去,0
2025/3/28 20:24,非得这样吗[裂开],0
2025/3/28 20:25,董力不爱，真的,1
2025/3/28 20:25,他俩是真爱吗,0
2025/3/28 20:25,他不在我面前抽，但是他也有烟味[捂脸],0
2025/3/28 20:26,@宇宙究极无敌布鲁艾斯怀特多拉贡,0
2025/3/28 20:26,有点意思,0
2025/3/28 20:27,我们会有xsh 但深吻真的不多了[捂脸],0
2025/3/28 20:27,内容优秀,0
2025/3/28 20:27,怪不得找外国的对象，拿中国习俗挂嘴边，但凡找个中国的，一巴掌呼墙里扣都扣不出来,1
2025/3/28 20:28,[尬笑][尬笑]要是很臭，我选择不爱[尬笑][尬笑],0
2025/3/28 20:28,我们还没结婚就已经分被子睡了，因为我爱踢被子，而且自己盖一个被子特别舒服[泣不成声][泣不成声],0
2025/3/28 20:28,我不想辩论，只想说夫妻感情也很重要我自己也有孩子，也爱孩子，两个人谈恋爱到结婚生孩子18年了夫妻感情还是很好，老公对我也很好。我各人认为夫妻分房分床时间久了感情会变。,0
2025/3/28 20:28,娟儿，我来了,0
2025/3/28 20:28,我每天晚上睡觉和鬼压床差不多[微笑][微笑]还是个烫人热乎的,0
2025/3/28 20:28,看标题好像不止接吻，连夫妻生活都没有的样子，不知道是不是标题党了，不深吻普通吻拥抱有吧，啥都没有太不正常了,1
2025/3/28 20:28,支持你,0
2025/3/28 20:28,我和我老公谈恋爱都不接吻[捂脸][捂脸],0
2025/3/28 20:29,我跟我老公在一起十几年了。现在还是有爱情的[捂脸],0
2025/3/28 20:29,[色]亲不够,1
2025/3/28 20:29,宝宝[抱抱你],0
2025/3/28 20:29,[玫瑰]小姐姐冒昧问一下你结婚几年啊？,0
2025/3/28 20:30,宝宝[抱抱你],0
2025/3/28 20:30,居然没分床睡,1
2025/3/28 20:30,不会吧，我是董力这样，但我是女的，我巴不得自己睡，我儿子从小我带我也是他睡了后，我也离他好远，我不喜欢睡觉旁边有人,0
2025/3/28 20:30,五年？这正常吗？,0
2025/3/28 20:30,我老公每天晚上睡觉必须说无光无声，然后手搂着我腿夹着我，最多五分钟就开始打呼噜，我就赶紧把他推开,0
2025/3/28 20:31,@李达#,0
2025/3/28 20:31,朱兆祥的眼神很有深意啊,0
2025/3/28 20:31,我要抓着才睡得着[流泪][流泪]@天杰呗,0
2025/3/28 20:31,我老公说有孩子了不要让孩子跟我们睡[泪奔],0
2025/3/28 20:31,五六十岁的人这样吧  他们还年轻七年之痒还没过吧[捂脸],0
2025/3/28 20:31,没有生理性喜欢了还会有爱吗[微笑],0
2025/3/28 20:31,我们也没有共同话题，不沟通,0
2025/3/28 20:32,这一期没老宋吗[黑脸],1
2025/3/28 20:32,手动点赞????,0
2025/3/28 20:32,[发呆]我在一起4年3年没有接吻这很奇怪吗[捂脸]彼此下不去嘴啊,0
2025/3/28 20:33,@用户6779227343993 我就是看到这个才问你的，亲密接触,0
2025/3/28 20:33,拍拖2年 结婚3年 生娃3年 已经分房子睡了 是房子 不是房间,0
2025/3/28 20:33,不一定,0
2025/3/28 20:33,老公在秒睡，老公不在熬到凌晨困的不行才能睡着[九转大肠][九转大肠][九转大肠],0
2025/3/28 20:34,这女的为什么还要和他在一起啊啊啊啊啊,1
2025/3/28 20:34,这一看就是剧本呀,1
2025/3/28 20:34,相爱不可能不亲吻的吧,0
2025/3/28 20:35,我又来了，支持支持,0
2025/3/28 20:35,其实一人盖个被子特别香,0
2025/3/28 20:35,@编号8977,0
2025/3/28 20:35,不爱，为什么要在一起，还生了会孩子[捂脸],1
2025/3/28 20:35,异国沟通还是有问题吧 彼此都没问题 但是沟通不同频，勉强过日子够，但是精神沟通层次达不到的！女性还是要有自己的事业或者一个强大自身的支撑，不然自信底气就慢慢消耗了！不能自以为牺牲自己全身心照顾家庭就是一种伟大，那是自欺欺人自我感动罢了！,0
2025/3/28 20:35,我睡觉会和老公牵手，我喜欢摸他的手,0
2025/3/28 20:36,就是一直是这样吗？两个人都认可这样的吗？现在结婚了吗？,0
2025/3/28 20:36,一样啊，他不在，我就会一直等到他回来，他在我旁边，我躺在他胳膊一会就睡着了[泪奔],0
2025/3/28 20:36,好多都是这种状态。没得聊，都是各人玩各人的手机[大笑],0
2025/3/28 20:37,董力真的爱阿诺嘛。。。,0
2025/3/28 20:37,胡静老公的眼神谁懂啊。。。,0
2025/3/28 20:37,啥都聊[捂脸],0
2025/3/28 20:37,[捂脸],0
2025/3/28 20:38,这就是传说中的中年夫妻亲一口，噩梦能做好几宿嘛。。。,1
2025/3/28 20:38,@??大苦瓜,0
2025/3/28 20:38,在我概念里两夫妻一起走不牵手就很不正常，双方一点肢体接触都没有的话就是最熟悉的陌生人,0
2025/3/28 20:39,我不允许自己过成这样 婚姻里亲密关系真的很重要,0
2025/3/28 20:39,我们结婚十年孩子两个了还是一样啊，也在一起睡不分被子[泪奔][泪奔],0
2025/3/28 20:39,恋爱六年了 睡觉的时候都会牵着手,0
2025/3/28 20:39,不爱呗,0
2025/3/28 20:39,@?,0
2025/3/28 20:39,我也是生完孩子后我老公靠我近一点我都嫌弃,0
2025/3/28 20:40,那你结啥婚,1
2025/3/28 20:40,@Wulai 你看，没有亲密接触的夫妻都是值得怀疑的，大众都觉得董力不爱阿诺,1
2025/3/28 20:40,这个节目真的，把夫妻之间的事情看的很自然，没有羞耻的那种感觉,0
2025/3/28 20:41,我爸我妈结婚20多年了他俩睡觉还都搂着[敲木鱼],0
2025/3/28 20:41,任何人都是要身体接触的，他没跟你接触就是跟别人接触了[抠鼻],1
2025/3/28 20:41,没有共同话题？那是怎么聊到结婚的？从一开始各种声音我还在想后面会不会有反转？他们之间会不会有一个我们没有看到的东西，直到他说分被子睡，没有共同话题，我去，这是什么神仙发言，结婚几年了没有话说？那平常怎么过日子的？,1
2025/3/28 20:41,结婚14年了，原来我也很喜欢黏他的，后来就是家务孩子他基本不搭把手，我每天上班下班家务孩子洗衣做饭，慢慢的我也不主动了，好不容易收拾好只想看看手机赶紧休息，没力气你侬我侬了[微笑]因为第二天早上我又要早起,0
2025/3/28 20:41,他们车上亲的那一下 你看女的对主动 自己凑过去亲的 还搂脖子 我当时一看真的董力压根就不爱，有孩子了只是孩子妈妈,1
2025/3/28 20:41,@月缺 你看,0
2025/3/28 20:41,哈哈，比我小一岁，但不是太讲卫生,1
2025/3/28 20:42,@KealZ,0
2025/3/28 20:42,还好咱俩不是，就光想抱紧对方,0
2025/3/28 20:42,这也能赖父母,1
2025/3/28 20:42,确实,0
2025/3/28 20:42,还真是，我老公怕热，我怕冷[捂脸],0
2025/3/28 20:42,不丢人，这是感情恩爱的体现哦，爱人不羞耻～[猪头],0
2025/3/28 20:42,不刷牙不想亲,1
2025/3/28 20:42,@20哪里 更讨厌了,1
2025/3/28 20:43,一样[捂脸][捂脸][捂脸],0
2025/3/28 20:43,结婚前可以亲，结婚后死远点，嘴非臭,1
2025/3/28 20:43,我老公每晚都得抱着我的大腿??睡觉[捂脸],0
2025/3/28 20:43,不是臭不臭的问题，有的人是洁癖，就是刷牙才会想亲，毕竟每个人嘴里都有细菌！,0
2025/3/28 20:44,这不是很正常吗[捂脸][捂脸][捂脸],0
2025/3/28 20:44,gay吗,1
2025/3/28 20:44,怎么可能这样,1
2025/3/28 20:44,天呐,0
2025/3/28 20:44,@苹果太阳,0
2025/3/28 20:44,还有吗？没看够呢,0
2025/3/28 20:45,普通人家没钱的话，出轨谁要啊，哪个女的都不傻,1
2025/3/28 20:45,太tm像我老公了，给钱，但是不怎么喜欢和我聊天，但是亲亲抱抱还是有的,0
2025/3/28 20:45,我也是,0
2025/3/28 20:45,他还年轻，又不是中老年夫妻[捂脸][捂脸],0
2025/3/28 20:45,我感觉很正常毕竟生孩子再怀孕很可怕,0
2025/3/28 20:45,[抠鼻]我都是把脚汗擦他屁股上,1
2025/3/28 20:45,我也不亲，嘴非臭，我感觉除了董力，聊这个话题其他人表现得太夸张了[捂脸],1
2025/3/28 20:45,我又来了，支持支持,0
2025/3/28 20:45,@满目星咊,0
2025/3/28 20:45,这和爱不爱也没啥关系 就是单纯的不喜欢吧 个人是比较抗拒的 就像人们能接受接吻 但是不能接受用对方牙刷刷牙,0
2025/3/28 20:45,在一起10年，娃7岁，一直分被子睡，娃三岁前和我睡一张被子，三岁后和老公睡一床被子。但等娃睡着后会睡到一张被子里腻歪、聊天、相互抠痒、一起刷抖音。等到要睡了再回各自被子里。,0
2025/3/28 20:46,我老公不管哪里反正要一点肉挨着肉,0
2025/3/28 20:47,无语住了[尬笑],0
2025/3/28 20:47,是个正常人都看不惯他吧，装的一批,1
2025/3/28 20:48,正常夫妻都这样,1
2025/3/28 20:48,我也觉得有点[不看],1
2025/3/28 20:48,@家庭弟位,1
2025/3/28 20:48,虽然年轻，但是在一起9年了,0
2025/3/28 20:49,？,0
2025/3/28 20:49,根本就是来错节目 应该去再见爱人,1
2025/3/28 20:49,姐姐送你一句话，适用于他和你以后遇到的所有男人，所有人所有事的底层逻辑。“答非所问即是答”，记得这句话。以你当下为例，你问的是，他能打球打游戏怎么就没时间回你消息？他答非所问回来一句，别叫了。就已经回答了你的问题“你已经知道我不是没有时间，既然我的表现是有时间打球打游戏就是不回你消息，那就说明，我压根就不想理你，不想回你，我有时间就是不想理你。”知道这个答案你就可以抽身离开了。至于会有这个答案的原因，那就两种，不爱了和爱别人了。你能接受哪种？,1
2025/3/28 20:49,我连孩子都不想和她睡一个被窝还老公，自己睡一个被不要太香哦。但是目前闺女太粘人，还不能和我分被睡[流泪][流泪]她晚上睡觉不老实有时候会爬她爸那边去，我一旦发现她没盖我被，我自己快把我的被拉过来把自己裹好[捂脸][捂脸],0
2025/3/28 20:49,生理性排斥，我之前相亲的对象，因为他家庭条件好，父母逼着谈的，自己非常不喜欢，所以皮肤碰到都浑身难受，现在老公自己谈的，在一起五年了，每天都亲，睡前都会抱在一起，搁哪儿都想挨着，搁沙发上都得缠成麻花一起看电视,0
2025/3/28 20:50,孩子两岁[尬笑],0
2025/3/28 20:50,不是分被子盖这么简单了，拒绝沟通，拒绝聊天,1
2025/3/28 20:50,是吧，只能说一半是我们这样的，但是那种婚后包括有孩子后还能把爱挂在嘴边，不分床的其实也有，所以都正常，像董力她们结婚不是一年两年了，是五年了，其实说的也没有夸张，太常态了[捂脸],0
2025/3/28 20:50,胡静老公都看不下去了，啥人啊这是,1
2025/3/28 20:51,这个正常，但是他们已经不是分被子睡这么简单了，还拒绝沟通，拒绝聊天,1
2025/3/28 20:51,@小紫wow,0
2025/3/28 20:51,@T恤短裤,0
2025/3/28 20:51,九年？我以为结婚五年了[泪奔],0
2025/3/28 20:51,现实是百分之99的夫妻都是跟董力夫妻一样，极少数结婚了有孩子了还会舌吻的，还能甜蜜如初的，怎么可能。,0
2025/3/28 20:52,@一禅,0
2025/3/28 20:52,一般性老公不都是这样吗。自己加了滤镜自己不知道吗,1
2025/3/28 20:53,一般性老公不都是这样吗。自己加了滤镜自己不知道吗,1
2025/3/28 20:53,@炮弹丶 要贴贴,1
2025/3/28 20:53,不爱就是这种,0
2025/3/28 20:53,爱不会永远 小年轻才会纠结爱不爱 但凡清醒的女性都不会纠结爱,1
2025/3/28 20:54,娟子还是一如既往的锐评[比心],0
2025/3/28 20:54,太把自己当回事了，太把自己当个人了,1
2025/3/28 20:54,中药已经调理不好了，需要西药介入治疗[泪奔],0
2025/3/28 20:54,@碳丶氮氧氟氖,0
2025/3/28 20:54,节目效果吧，不爱怎么结婚怎么生两个小孩的,1
2025/3/28 20:55,我们结婚13年了，还是每天亲亲,0
2025/3/28 20:55,他想做回9年的他，她不想吗，开玩笑一样！,1
2025/3/28 20:55,深吻我们也没有，认识到结婚5年了，有四年没有过了[微笑],0
2025/3/28 20:56,要么不行，要么是给,1
2025/3/28 20:56,@1！nnn,0
2025/3/28 20:56,@你甜总,0
2025/3/28 20:56,那两岁的孩子是没亲密动作有的？,1
2025/3/28 20:57,睡觉能睡一张床不能挨着，不然睡不着[捂脸],0
2025/3/28 20:57,@莉小莉,0
2025/3/28 20:57,我跟老公也是分床睡,0
2025/3/28 20:57,转发微博,0
2025/3/28 20:57,内容优质厉害了,0
2025/3/28 20:57,哈哈哈笑死我,0
2025/3/28 20:57,董力真的惊呆我了[看],0
2025/3/28 20:57,@pasAkk^7,0
2025/3/28 20:57,难到你嫁进去之前就能知道他出不出轨吗？网上多少出轨的[尬笑],1
2025/3/28 20:57,@再吃一口 @星* @1122- @November27 @半糖少冰,0
2025/3/28 20:57,其他三对说话的时候都在看着对方交流，董力就不看着阿诺，先不说别的，阿诺一个外国人，在中国生活，你就是一个普通朋友，合租室友，是不是也应该认真对待一下。我要是阿诺的家人，我真的感觉不舒服。,1
2025/3/28 20:58,我也我老公从结婚到现在5年了，除非在外面酒店住的时候盖一条被子，剩余的都是各自一条被子，否则两个人都睡不好。有时候在酒店，他都恨不得也再要一条。我俩都属于卷被子那种人。所以也能理解分被子睡[泪奔],0
2025/3/28 20:58,我们小孩三岁了 还经常分享一堆废话[捂脸],0
2025/3/28 20:58,@江与,0
2025/3/28 20:58,我生了孩子以后我也不想有身体接触，直接分床了我和我女儿睡一张大床 老舒服了 [捂脸],0
2025/3/28 20:58,他有什么颜值……,1
2025/3/28 20:58,谁在意，不说根本不认识他,1
2025/3/28 20:59,转发微博,0
2025/3/28 20:59,@大希wang  你是啥,1
2025/3/28 20:59,还有这种惩罚,0
2025/3/28 20:59,#阿诺说董力当年是真的很火# #董力阿诺# 善乃万德之源，孝是百善之首。 善，即修身律己，即心想他人。 暗处行善不求人知，是真贤人。 以情恕人，以理律己，以善助人。善行缘于善心，有着善的心灵，就如同一股清泉，永不枯竭，清纯甘甜，发自内心的善，才会有善行善举，唯善之心处处欢声笑语，处处和气...全文,0
2025/3/28 20:59,我也觉得，基本很多人口腔味道不好,1
2025/3/28 20:59,给是什么意思,0
2025/3/28 20:59,因为这对儿我不想看这个节目了怎么办,0
2025/3/28 20:59,我喜欢一个人睡[捂脸],0
2025/3/28 21:00,@7.5 董力当时候火吗听都没听过要不是妻子我根本不知道[愉快][弱][弱][弱],0
2025/3/28 21:00,这么年轻的一对夫妻相处模式是中年夫妻亲一口噩梦好几宿,1
2025/3/28 21:00,@出息女孩 @AB?? 真嘞，我已经非常耐不得董力了，从他之前上那个全是男生的综艺倚老卖老开始，又加上这样对自己老婆,1
2025/3/28 21:00,戚哥的眼神已经开骂了,1
2025/3/28 21:00,那我们没有到这个地步[捂脸]单纯的是因为娃，这样方便一些,0
2025/3/28 21:00,一个愿按一个愿打＇这女的叫别人别同情她，所以这样正常,1
2025/3/28 21:01,@bba.,0
2025/3/28 21:01,平时都不主动说话，分床睡4年了，很大家庭应该都这样吗？,0
2025/3/28 21:01,一样。所以不爱就算了。爱不爱这个不能强求。别人不爱我们，心里明白就行。我们也不要爱不值得的人。,0
2025/3/28 21:01,有些人真是不懂珍惜[泪奔][泪奔][泪奔]这么好看的美女[泣不成声][泣不成声][泣不成声],0
2025/3/28 21:01,@等也空空,0
2025/3/28 21:01,太过分了，泡吧,1
2025/3/28 21:01,@乌安_万,0
2025/3/28 21:01,@地球不懂我 还挺敢说的啊节目哈哈哈 你们现在还亲不亲,0
2025/3/28 21:01,不是必须，但也是维持感情的基础,0
2025/3/28 21:02,[玫瑰][玫瑰][玫瑰],0
2025/3/28 21:02,意识不到的。性格就是那样的。,0
2025/3/28 21:02,早没那激情和感情了[捂脸],0
2025/3/28 21:02,感觉董力不是很喜欢他媳妇，不是很爱。其他夫妻都感觉很好。,0
2025/3/28 21:02,像董力这样已经是冷暴力了,1
2025/3/28 21:02,@?????,0
2025/3/28 21:02,@送你一朵小红花 [抠鼻][抠鼻][抠鼻],0
2025/3/28 21:03,每个人家都不一样，你家是那样，不代表所有人家都是那样。,0
2025/3/28 21:03,阿诺是不是被pua了，,1
2025/3/28 21:03,这董力是干嘛的？,0
2025/3/28 21:03,这董立志有点儿太神经病了吧，这样没什么聊，这个我不太理解。那你结什么婚呐？,1
2025/3/28 21:04,就这还谈，在谈就是活该，赶紧跑,1
2025/3/28 21:04,@地球不懂我,0
2025/3/28 21:04,不出三年离婚收场,1
2025/3/28 21:04,你只看到了分被子，他们已经不是分被子这么简单，他拒绝沟通，拒绝聊天，已经是冷暴力了,1
2025/3/28 21:04,哈哈哈哈我也注意到了 看透的感觉,0
2025/3/28 21:04,以前看他和阿拉蕾真人秀的时候，还是很喜欢他的,0
2025/3/28 21:05,怎么感觉阿诺嫁给董力不值那 远嫁中国不愿聊天 分被子等等,1
2025/3/28 21:05,这种男人到底在干嘛，不理解不尊重,1
2025/3/28 21:05,估计这男的外面有人，他有喜欢的人,1
2025/3/28 21:05,正常夫妻都不沟通的吗,1
2025/3/28 21:05,@小马驹，,0
2025/3/28 21:05,很正常啊 生完孩子我就分床睡了 我受不了他房间里的味道 以及刷牙发出的咯痰的声音 我才亲不下去 太脏了,0
2025/3/28 21:05,我们就是这种普通人，还深吻[捂脸]那忍住不把对方干死就是最大的爱了[灵机一动],1
2025/3/28 21:05,@格子,0
2025/3/28 21:05,意思是ml都没有了吗？,1
2025/3/28 21:05,@我叫大漂亮 @晨晞 我就是那种分被子的[泣不成声],0
2025/3/28 21:05,是不是因为男的不刷牙啊,1
2025/3/28 21:05,我以为大家都这样[泪奔]。结婚后就没有深吻过，,0
2025/3/28 21:06,我老公腿放我腿上睡[捂脸]盘我身上[捂脸],0
2025/3/28 21:06,我结婚12年都不这样[尬笑][尬笑],0
2025/3/28 21:06,[泪奔][泪奔][泪奔]每天必须和老公贴贴[泪奔],0
2025/3/28 21:06,@亲亲哇王子,0
2025/3/28 21:06,戚薇看透了并无语=_=,0
2025/3/28 21:07,看完综艺真觉得阿诺好好[泪奔],0
2025/3/28 21:07,真是惹人厌啊,1
2025/3/28 21:07,@一个志 [石化],0
2025/3/28 21:07,回复@-向风而去-:Gay,1
2025/3/28 21:07,这种男的是表演型人格吧[泣不成声][泣不成声][泣不成声],1
2025/3/28 21:07,从谈恋爱到结婚都没有接吻，是他说不喜欢，所以是不是不爱。,0
2025/3/28 21:07,@低调 [捂脸],0
2025/3/28 21:07,95后，我们生小孩过后一直分床，到现在5年了[尬笑][尬笑],0
2025/3/28 21:08,@猪脚饭大王,0
2025/3/28 21:08,董力就是太直了，全说大实话把自己搞成坏人了,0
2025/3/28 21:08,震惊吗？我结婚12年，都得有10年没有舌吻，这几年都是一人一个被窝，俩人一个被窝真碍事[捂脸][捂脸],0
2025/3/28 21:08,在一起9年的话，后几年没有深吻很正常吧，说实在话我也是,0
2025/3/28 21:08,我终于想起来他是谁了，《奋斗吧，少年》[裂开],0
2025/3/28 21:08,他抽烟之后我只能接受蜻蜓点水了，除非他喝了酒强吻，不然实在舔不了烟灰缸,1
2025/3/28 21:08,@沧老的小孩,0
2025/3/28 21:08,@ππ,0
2025/3/28 21:08,回复@ww李星辰ww:有的，他们女儿2岁,0
2025/3/28 21:08,更新了呀,0
2025/3/28 21:08,@好大爹,0
2025/3/28 21:09,再见爱人排队没排上被调剂到这节目来了是吗,0
2025/3/28 21:09,不行了吧应该,1
2025/3/28 21:09,只能说祝福锁死感觉两位都乐在其中[调皮],0
2025/3/28 21:09,啥意思？他两5，6年没做爱还是没亲嘴？,1
2025/3/28 21:09,那是老一辈的婚姻吧 现在越来越少了 没有爱基本都离 那么出轨[OK],0
2025/3/28 21:09,下了节目赶紧离婚吧,1
2025/3/28 21:09,[捂脸]婚后几乎没有舌吻。睡觉也是各睡各的 习惯了[捂脸]刚开始不习惯。,0
2025/3/28 21:09,哈哈哈,0
2025/3/28 21:09,[捂脸]  男人老抽烟，牙里边还黑，确实是,1
2025/3/28 21:09,感觉就是来凑数的,1
2025/3/28 21:10,都是男的，什么样我还看不出来啊,1
2025/3/28 21:10,能不沟通尽量不沟通，惹气[捂脸][捂脸][捂脸],0
2025/3/28 21:10,博主你也太有才了吧,0
2025/3/28 21:10,评论区的人都是没结过婚理解不了的吧[捂脸]，已婚人士就懂了,0
2025/3/28 21:10,可以说自己在剧组里碰到的事，小孩子的事呀。,0
2025/3/28 21:10,可能他只是跟啊诺没有亲密行为，不代表跟其他人没有最大可能就是这样,1
2025/3/28 21:11,我跟我老公在一起哪都不自在，就连睡觉都不安稳,0
2025/3/28 21:11,去男科医院看看呗,1
2025/3/28 21:11,有男的一辈子在外面出轨的 对老婆说爱 你觉得是爱吗？普通人没有那么多爱 因为也不懂什么是爱,0
2025/3/28 21:11,@纠尼纠尼 懂了,0
2025/3/28 21:11,没毛病,0
2025/3/28 21:11,他是不是要离婚啊,0
2025/3/28 21:11,.我也觉得是这样,0
2025/3/28 21:11,估计他俩下个节目就是上再见爱人了,0
2025/3/28 21:11,不装也挺好，不要人前一套背后一套,1
2025/3/28 21:12,阿诺哎，外国人哎，没有深问哎,0
2025/3/28 21:12,脏死了又臭又脏,1
2025/3/28 21:12,他说的理直气壮很自信的样子，不知道在自豪些什么哈哈哈哈,1
2025/3/28 21:12,两个男人看他的眼神已经说明了一切，八成出轨了,1
2025/3/28 21:12,董力很真实啊！事实上大部分夫妻都是这样的，也有可能是没有那么爱吧，不喜欢深吻，也没有那么聊不完的话题，正常！,0
2025/3/28 21:13,需要的不多，稍微挨住点就行,0
2025/3/28 21:13,已婚人士十年了也不明白，这样还有啥意思啊,0
2025/3/28 21:13,@糖芢街cake,0
2025/3/28 21:13,完了，我生了孩子后就不喜欢被碰了，每天因为他要摸我都要打一架（玩闹那种打闹，每次都打不过他被强摸，然后被吐槽早点给我摸不就得了）,0
2025/3/28 21:13,就是不想深吻很奇怪吗,0
2025/3/28 21:13,真不是 这男的绝对有问题,1
2025/3/28 21:13,一人一床被子舒服,0
2025/3/28 21:13,这……不是很常见吗 周围很多上年纪或者婚龄几年的都这样啊 其他人不是演的吗,0
2025/3/28 21:13,你才是这样吧[尬笑],1
2025/3/28 21:13,我也分被子睡，因为我怀孕肚子大了，要夹被子睡[流泪]我老公没被子,0
2025/3/28 21:13,真的是相爱的，彼此喜欢才会亲，夫妻之间不亲都已经是不正常了[捂脸][捂脸][捂脸]生理喜欢很重要,0
2025/3/28 21:14,我也喜欢聊天，就爱絮叨，而且我喜欢说话看着别人，也喜欢别人看着我，要不我总觉得没认真听我讲话[呲牙],0
2025/3/28 21:14,哈哈，就是不想深吻啊，跟在一起多久没关系,0
2025/3/28 21:14,@木调香 @老鸽子???咕咕咕 @Emotion.昔年 @HONOUR @汀说你昊帅 @超级无敌帅气美丽土豆泥 @ik808 @永爱薛洋 [捂脸],0
2025/3/28 21:14,我睡前要抱一会或者拉个手,0
2025/3/28 21:14,[尬笑]普通这个年龄段的夫妻 几年不接吻啊？要是说五六十的夫妻我觉得是真的 但是30左右的 应该不至于吧[捂脸],0
2025/3/28 21:14,他不爱他老婆,1
2025/3/28 21:14,孩子哪来的,1
2025/3/28 21:14,他长得还可以其实,0
2025/3/28 21:15,还是之前包装的好,1
2025/3/28 21:15,在一起12年了，每晚都得抱着睡[捂脸]我儿子早早的都分出去睡了,0
2025/3/28 21:15,这个亲密行为纯粹指舌吻吗 还是指夫妻生活啊??,0
2025/3/28 21:15,不是，绝对的少数,0
2025/3/28 21:15,每个人的生活不一样吧，我跟我老公直接不在一个房间，也没有影响感情,0
2025/3/28 21:16,我和我老公每晚睡着前必须挨着对方  无论半夜或早上醒来自然又挨一起了,0
2025/3/28 21:16,主要他还没杨子那么富裕,1
2025/3/28 21:16,有，但是不深吻,0
2025/3/28 21:16,我就是那种必须挨着我老公肉的，即使孩子要来我们屋睡，老公被挤到床尾，我也得用脚挨着他的肉，对我来说安全感吧,0
2025/3/28 21:16,@end.,0
2025/3/28 21:16,他们应该参加的是再见爱人？[捂脸],1
2025/3/28 21:16,我反而觉得董很真实,0
2025/3/28 21:16,不会是gay吧,1
2025/3/28 21:16,就是为找下家做铺垫（说不定为了能去再见爱人）……以及董力让人倒胃口,1
2025/3/28 21:16,什么样子的都会离婚，翻选择深情的不是更好吗,0
2025/3/28 21:16,@超人不会飞,0
2025/3/28 21:16,@耒戈,0
2025/3/28 21:17,@Eagleton,0
2025/3/28 21:17,我们起码有10年不深吻[呲牙]，我拒绝，只能嘴唇碰嘴唇,0
2025/3/28 21:17,我结婚18年还会亲亲抱抱[捂脸],0
2025/3/28 21:17,@F-aith 我们也是,0
2025/3/28 21:18,@胖胖莽夫,0
2025/3/28 21:18,主要是他们现在才30啊,0
2025/3/28 21:18,@Youth.,0
2025/3/28 21:18,要是四五十的话倒没什么,0
2025/3/28 21:18,挺好的,0
2025/3/28 21:18,@阿呆啊,0
2025/3/28 21:18,我们不这样[捂脸]，要深深的抱着睡觉[看],0
2025/3/28 21:18,[蜜蜂狗][蜜蜂狗]一开始抱着睡，抱着抱着背对背,0
2025/3/28 21:18,就完全不爱了，爱的话怎么可能不深吻[捂脸],0
2025/3/28 21:19,真的不需要 有没有两一种人不是因为不爱 而是旁边有个人动来动去 打呼噜啊 玩手机啊 嘎嘎笑啊 不能好好追剧啊 在床上吃零食啊 晚上一个人睡 真的很好啊 哪怕玩一晚上手机[笑哭],0
2025/3/28 21:19,董力是什么圈的偶像明星吗他是干什么的、拍戏吗,0
2025/3/28 21:19,拒绝亲密，你生什么孩子,1
2025/3/28 21:19,宝也不和我深吻,0
2025/3/28 21:20,感谢分享,0
2025/3/28 21:20,我也是，结婚十多年了[捂脸],0
2025/3/28 21:20,董力拒绝亲密行为你怎么看？,0
2025/3/28 21:20,这男的真的令人费解,1
2025/3/28 21:20,我也是,0
2025/3/28 21:20,她听话，她爱他，给他提供情绪价值。爱她的话不会觉得她像个鸵鸟,1
2025/3/28 21:21,分房睡了吧,0
2025/3/28 21:21,他说的是深吻！,0
2025/3/28 21:21,有道理,0
2025/3/28 21:21,@零二,0
2025/3/28 21:21,不爱吧,1
2025/3/28 21:21,@不负国家，绝不负卿,0
2025/3/28 21:21,转发微博,0
2025/3/28 21:21,但他们不是很年轻吗？这男的感觉一点都不爱女的,1
2025/3/28 21:21,哈哈哈厉害了,0
2025/3/28 21:22,我还没结婚我都不让我对象亲我,0
2025/3/28 21:22,希望这场旅途改变他们的相处模式,0
2025/3/28 21:22,很正常啊，平常夫妻都是分居啊，我们还分房子睡，为了孩子啊,0
2025/3/28 21:22,他真的不爱，又不是很年纪大这么年轻就这样状态,1
2025/3/28 21:22,@把她还给她 烟灰缸,1
2025/3/28 21:22,@,0
2025/3/28 21:23,深吻,0
2025/3/28 21:23,这有什么奇怪吗？,0
2025/3/28 21:23,我跟我对象一开始也是盖一张被子，他睡觉不老实翻来翻去，我睡觉就平躺着睡，盖一张被子特别冬天的时候老是有一条缝好冷的，我觉得分被子很好[泪奔]他冬天夏天都是盖厚被子，空调16度，我是空调被，空调26度，真的不是一个季节，我们现在就是各盖各的，而且他打呼磨牙放屁，盖一张被子的话一下子就臭了，两三天洗一次被子，我自己盖的香香的十天半月才洗一次，现在也不喜欢深吻，他抽烟，接吻跟舔烟灰缸似的，刚谈恋爱荷尔蒙上头不觉得，现在是真的好嫌弃[泣不成声]睡觉也不喜欢面对面，呼出的气好难闻[泣不成声],0
2025/3/28 21:23,@源计划沪牌 可不能变淡,0
2025/3/28 21:23,女的好像都是我也是得压着,1
2025/3/28 21:23,这是什么节目？,0
2025/3/28 21:23,我老公睡我右边，我右胳膊已经压废了，经常去针灸，现在不要他挨着我,0
2025/3/28 21:23,正常吧,0
2025/3/28 21:23,哈哈哈太逗了,0
2025/3/28 21:23,有点意思,0
2025/3/28 21:23,越看董力越想我前任,0
2025/3/28 21:23,一车一半外国人玩词语接龙，也不知道谁想出来了[捂脸],0
2025/3/28 21:24,你的市场好下沉啊,1
2025/3/28 21:24,男的外面应该不缺红颜知己，所以才会对家里的老婆性冷淡。男人的喜欢和生理是可以分开，他可以只发生关系却不喜欢对方；他对自己老婆几年都没有亲密需求，说明就是不喜欢她啊。阿诺太可怜了,1
2025/3/28 21:24,那他两的孩子是无性繁殖？,1
2025/3/28 21:24,对啊 感觉他老婆好好看,0
2025/3/28 21:24,不会喜欢男的吧,1
2025/3/28 21:24,主要嫌弃，我家也是，太邋遢了，受不了，从来不盖一个被子，被窝我都觉得臭烘烘[捂脸],1
2025/3/28 21:24,没自由恋爱过，相亲后结的婚，结婚这么多年，基本没有深吻，连普通的吻都很少有，感觉没经历爱情过。,0
2025/3/28 21:25,明显就是不爱了啊，女孩真的好惨,1
2025/3/28 21:25,你应该去再见爱人,1
2025/3/28 21:25,@Meng 你看，大家都这样,0
2025/3/28 21:25,我都二胎了。结果8年了，前几天还深吻呢[捂脸][捂脸][捂脸]尽管我我也不太喜欢[捂脸],0
2025/3/28 21:25,@永恆之魚 呵呵呵呵呵呵[微笑][微笑][微笑][微笑],0
2025/3/28 21:26,这综艺后会改吗？,0
2025/3/28 21:26,奇奇怪怪的,1
2025/3/28 21:26,@A{X@C},0
2025/3/28 21:26,我觉得正常，是没有深吻，又不是没有夫妻生活,0
2025/3/28 21:26,心疼董力,0
2025/3/28 21:27,哈哈啊哈哈哈 舔烟灰缸 姐妹你笑死我了哈啊哈哈哈哈,1
2025/3/28 21:27,@bb??,0
2025/3/28 21:27,他很红吗？工作那么忙怎么没看到过他的作品,1
2025/3/28 21:27,坐着看,0
2025/3/28 21:27,直男也不至于不饿，我都要怀疑他外头有情况了啊，这可是合法的老婆都不亲嘛？,1
2025/3/28 21:27,他直接看穿了这个男人[泪奔][泪奔],0
2025/3/28 21:27,@芋泥周周 [黑脸],1
2025/3/28 21:27,亲嘴这种没有，但是必须得要睡在一张床，要不然我睡不着！,0
2025/3/28 21:27,@仙女王总的小跟班,0
2025/3/28 21:27,这是上节目了之前哪有那么多工作，还好几年不见面[捂脸],0
2025/3/28 21:27,娃小时候都是跟我一个被子，老公自己一个被子，但我每天早晨醒来他都是下半身在我被窝里，上半身在外面[捂脸],0
2025/3/28 21:28,在一起九年没有共同话题，二胎都两岁了，说五年没有深吻过，请问这个二胎是DY来的吗？董力的表达能力像是文盲，肚子空空，脑袋空空，心也空空,1
2025/3/28 21:28,图啥～,0
2025/3/28 21:28,看着挺老的其实[尬笑],1
2025/3/28 21:28,@张喵喵,0
2025/3/28 21:28,@·.·,0
2025/3/28 21:28,@??Penny??,0
2025/3/28 21:28,我老公也是 我觉得他脑子有病 [晕],1
2025/3/28 21:28,感觉他会不会精神控制阿诺啊,1
2025/3/28 21:28,我老公亲我，舌头能在我嘴边舔一圈，都是口水，我恶心[捂脸],0
2025/3/28 21:28,图什么,0
2025/3/28 21:28,@不可丽于,0
2025/3/28 21:28,我觉得正常吧,0
2025/3/28 21:28,我也是[捂脸],0
2025/3/28 21:28,@CN10,0
2025/3/28 21:29,@我没以前帅了 [宕机][宕机][宕机][宕机],1
2025/3/28 21:29,@吞金兽^o^,0
2025/3/28 21:29,我觉得他好渣，不爱还要和她结婚伤害她，说简单就是玩玩而已把别人搞大肚子才结婚,1
2025/3/28 21:29,一般有娃后深吻会恶心[尬笑]我觉得大部分家庭这样吧！但不代表讨厌另一半吧,0
2025/3/28 21:29,我觉得好不卫生[捂脸]，滂臭[尬笑],1
2025/3/28 21:29,@??????,0
2025/3/28 21:30,@玛丽,0
2025/3/28 21:30,他太把自己当人了,1
2025/3/28 21:30,我半夜老公还给我扇一巴掌，让我把头抬起来，他的胳膊要过来[看][看][看],1
2025/3/28 21:30,@?,0
2025/3/28 21:30,我有两个朋友也是这样，没有亲吻,0
2025/3/28 21:30,@W,0
2025/3/28 21:31,我觉得董力才是绝大部分人的生活,0
2025/3/28 21:31,抱抱、亲亲、牵个手都算亲密行为啊。咋要拒绝亲密行为呢？除非生理性不爱了。,0
2025/3/28 21:31,回复@周也唯爱夜猫:额,0
2025/3/28 21:31,两人单独相处也没有亲密吗？怎么可能,1
2025/3/28 21:31,这是普通正常男人吧。又不是太恩爱谁天天吻啊,0
2025/3/28 21:31,结婚7年，两个被窝，????不能睡一个被窝，两个人都睡不着,0
2025/3/28 21:32,@肉松小贝,0
2025/3/28 21:32,@痛苦的信仰。 ？你不对劲,1
2025/3/28 21:32,我老公出差一天十几个电话[捂脸]。只要见面每天都要亲亲[偷笑],0
2025/3/28 21:32,@Labubu,0
2025/3/28 21:32,我也是,0
2025/3/28 21:32,@敏敏乌龙茶,0
2025/3/28 21:32,@是乐儿啊,0
2025/3/28 21:32,别人不知道 但是深吻不是很正常嘛[发呆],0
2025/3/28 21:32,董力一定有瓜,1
2025/3/28 21:32,刷到这个视频的 手机电量最后一位是0或者1或者2或者3或者4或者5或者6或者7或者8或者9的[看],0
2025/3/28 21:32,说实在的我要是这女的早跑了[捂脸][捂脸][捂脸]，这哪是夫妻呀！真的是参加错节目了，董力天天表现的真的爱她吗[尬笑],1
2025/3/28 21:32,从结婚就是一人一被子 俩人一被子有风 会闹肚子[捂脸],0
2025/3/28 21:33,我也是。看到抖音的搞笑的视频立马分享给他。,0
2025/3/28 21:33,没记错的话，这四对里面有两对都是奉子成婚,1
2025/3/28 21:33,他说的是自己深（柜）吧,1
2025/3/28 21:33,所以留几手离婚了，这董力看来也不晚了,1
2025/3/28 21:33,因为有孩子在不方便吧,0
2025/3/28 21:33,不会是gay吧   生个混血,1
2025/3/28 21:33,他到底为什么要跟她结婚？难道是为子结婚？好奇怪??,1
2025/3/28 21:33,@哦好的 你学学,1
2025/3/28 21:33,没有夫妻生活了是吧？夫妻生活的时候也不亲？好魔幻,1
2025/3/28 21:33,真的很讨厌他,1
2025/3/28 21:33,自己盖自己的被子很舒服啊,0
2025/3/28 21:34,不是吧，十年了，我从来没有过[捂脸]，下不了口,0
2025/3/28 21:34,我也觉得他应该会改变的,0
2025/3/28 21:34,@浩浩王 [舔屏][舔屏],0
2025/3/28 21:34,@蒙奇_D_富贵,0
2025/3/28 21:34,爱与不爱很明显的,0
2025/3/28 21:34,放屁,1
2025/3/28 21:34,对啊，夫妻之间不分享，都上班。回家以后都休息那还过个粑粑,0
2025/3/28 21:34,现实生活中有多少夫妻都深吻！？和其他嘉宾一样亲亲抱抱就是正常的吗每个人相处方式又不一样,0
2025/3/28 21:34,你的状态是对的，可是大多数人是做不到的，成了最熟悉的陌生人！,0
2025/3/28 21:34,害羞的性格好可爱,0
2025/3/28 21:34,他在骗人??明明是生理性排斥叭、,1
2025/3/28 21:34,@你也会为蛋挞着迷嘛,0
2025/3/28 21:34,心疼董力,0
2025/3/28 21:34,夫妻之间分享欲非常重要,0
2025/3/28 21:35,了解一下,0
2025/3/28 21:35,我感觉好多网友感觉他们是明星就觉得应该怎样怎样，都是想象的他们是明星就应该恩爱，其实每对夫妻都有自己合适的生活方式相处吧,0
2025/3/28 21:35,太绝了[捂脸],0
2025/3/28 21:35,是你自己嘴巴有味道吧,1
2025/3/28 21:35,@爱且幸运,0
2025/3/28 21:35,我也希望改变，亲密接触是很重要的,0
2025/3/28 21:35,和亲亲有关系嘛,0
2025/3/28 21:35,笑而不语,0
2025/3/28 21:35,起码偶尔亲吧，他们还那么年轻，但是不亲说明不爱了，已经是亲人那种了,0
2025/3/28 21:36,@王六条 你是董力啊？,0
2025/3/28 21:36,我也觉得正常[捂脸]，因为我也是这样，没什么好聊的，深吻更不可能[捂脸],0
2025/3/28 21:36,不是正常吗？我们结婚几年后都不亲了，不是恩爱二十几年,0
2025/3/28 21:36,这些明星生活也在演戏，有那么夸张吗？正常人应该都差不多吧，结婚25年没有正经亲过，正常日子还算幸福美满[666],1
2025/3/28 21:36,真受不了这种身体触碰的[捂脸]～生理学的不喜欢[尬笑],0
2025/3/28 21:36,他应该去上再见爱人吧,1
2025/3/28 21:36,很赞,0
2025/3/28 21:36,董力什么时候去再见爱人,0
2025/3/28 21:36,@满船清梦压星河 我需要!!!,0
2025/3/28 21:36,嘻嘻嘻，目的达到了，传宗接代任务完成，,0
2025/3/28 21:36,可以上另一档节目,0
2025/3/28 21:36,我手都要放老公肚子上@帆-,0
2025/3/28 21:37,在一起九年很长吗？五六年连深吻都没有过，那也就三四年时间啊，很多恋爱长跑的三四年都不一定结婚呢，亲密行为是拒绝的，娃是不耽误生的，女的竟然还理解,1
2025/3/28 21:37,确实，他上这个节目很多惊人发言，本来以前戴阿拉蕾上那个节目还挺圈粉的，现在一言难尽,0
2025/3/28 21:37,董立他最普 还不自知 感觉自己还挺优越,1
2025/3/28 21:37,感觉董力才是正常夫妻的状态[偷笑],0
2025/3/28 21:37,[绝望的凝视]董力到底是谁啊,0
2025/3/28 21:37,还爱 但是就是不想亲热 其实有很多吧,0
2025/3/28 21:37,真受不了这种身体触碰的[捂脸]～生理学的不喜欢[尬笑],0
2025/3/28 21:38,感觉董力钙钙的,0
2025/3/28 21:38,他还是真是一次次刷新下限,1
2025/3/28 21:38,我们结婚八，九年了也不亲吻了，他想亲，可是我感觉好臭[捂脸]但是我们夫妻店，我们两分享欲爆满，路过的狗都要说上两句,0
2025/3/28 21:38,真的！！！！无语死了,1
2025/3/28 21:39,胡静说的对,0
2025/3/28 21:39,很正常，谁家每天亲来亲去的，肯定有一方不对劲了才用那种方式,1
2025/3/28 21:39,[捂脸][捂脸][捂脸],0
2025/3/28 21:39,真的，其他三对看到很开心，一转到他这里完全看不下去,1
2025/3/28 21:39,还是有可能[捂脸],0
2025/3/28 21:39,对,0
2025/3/28 21:39,看看,0
2025/3/28 21:39,恋爱时候都不亲的有没有[捂脸],0
2025/3/28 21:39,生孩子以后好久都没亲嘴了[尬笑],0
2025/3/28 21:39,有病这是，这么年轻？,1
2025/3/28 21:39,老年夫妻吧,0
2025/3/28 21:39,其实不爱了可以直接说出来,0
2025/3/28 21:40,不嫌弃啊，喜欢接触,0
2025/3/28 21:40,就是不爱了啊，腻了，不过很真实，现实中很多这种，我朋友也是。就是不爱了，但就是亲人那种了,0
2025/3/28 21:40,结婚九年分房睡了八年了[捂脸][捂脸]那咋了,0
2025/3/28 21:40,@Hello Kitty?? 我也要触碰～,0
2025/3/28 21:40,我们是结婚一周分被子 我晚上天天被冻醒,0
2025/3/28 21:40,[赞],0
2025/3/28 21:40,@波音,0
2025/3/28 21:40,好的宝贝[抱抱你][抱抱你][抱抱你],0
2025/3/28 21:40,一般有了孩子，结婚五年以上很多人可能就这样吧[偷笑]。,0
2025/3/28 21:40,只能说你们不爱,1
2025/3/28 21:40,@??,0
2025/3/28 21:41,只能说你们不爱,1
2025/3/28 21:41,我担心对方嘴巴里不干净，[捂脸],1
2025/3/28 21:42,那能克制了,0
2025/3/28 21:42,董力是干啥的，娟儿姐能说一下吗，，[疑问][疑问],0
2025/3/28 21:42,和我老公一模一样！！,0
2025/3/28 21:42,不认识,0
2025/3/28 21:42,我十二年了 前天还有呢 你要说爱也没有多少了吧 就是亲情了 心里生理都还是需要的,0
2025/3/28 21:42,我必须得抱着hhh给宝挤到一边,1
2025/3/28 21:42,在座的都看懂了[泪奔][泪奔]别解释了,0
2025/3/28 21:42,@馒头&圆圆 @小林iv77,0
2025/3/28 21:42,原来是运动员吧,0
2025/3/28 21:42,@Echoooo 我跟胡静一样哈哈哈我也喜欢放在你屁股下面,1
2025/3/28 21:43,后来参加过爸爸去哪,0
2025/3/28 21:43,@她再也不哭了 [微笑][微笑][微笑]你就不要我碰你,1
2025/3/28 21:43,救命，老公碰到我的脚我都感觉像踩着了??一样弹开,0
2025/3/28 21:43,没有生理性喜欢,0
2025/3/28 21:43,我18岁就和我老公谈恋爱，26岁才结婚，现在32岁了……2个宝宝，还是会每天拥抱深吻,0
2025/3/28 21:43,睡着了扇醒来的那种，懂？？[看],0
2025/3/28 21:44,@?????????? 我们也好久没有了,0
2025/3/28 21:44,大哥的表情看懂了一切,0
2025/3/28 21:44,@胥建 [泣不成声][发呆],0
2025/3/28 21:44,哈哈哈哈哈哈哈哈,0
2025/3/28 21:44,我老公最近聊了个已婚妇女，那个女的老公出轨分房但不离婚，我老公问她会出轨吗，她说不保证，我和我老公说你要出轨你就去，你别把艾滋病带回来别让人家老公知道了揍你，我管不了不管但是我知道了肯定会选择离婚或者我也找,1
2025/3/28 21:44,@小黄同學 在一块的时候必须要有触碰，不管是哪,1
2025/3/28 21:44,@@??好运连连 [尬笑],0
2025/3/28 21:44,你们不是这样么[泪奔]   我们就分床  尤其是有了孩子之后[泪奔],0
2025/3/28 21:45,就是生理排斥了。。。,0
2025/3/28 21:45,也可能是节目组刻意挑选的,0
2025/3/28 21:45,哈哈哈,0
2025/3/28 21:45,他不会是，，,0
2025/3/28 21:45,@mut333 我也必须要碰着睡,0
2025/3/28 21:45,@蜜桃紫,0
2025/3/28 21:45,人和人相处模式又不一样，双方觉得舒服就行,0
2025/3/28 21:45,一觉睡醒我就在你旁边,0
2025/3/28 21:45,有孩子以后就开始烦老公了,1
2025/3/28 21:46,那可不是[呲牙],1
2025/3/28 21:46,到底爱他啥呀[发呆],0
2025/3/28 21:46,才五年呀又不是五十年,0
2025/3/28 21:46,从来都是各盖各的被子呀，互不影响,0
2025/3/28 21:46,哈哈哈哈，你不会揍他嘛,1
2025/3/28 21:46,。。。,0
2025/3/28 21:46,我好好刷牙  尽量少抽烟 回去吻[色][色][色],0
2025/3/28 21:46,@gulugulu,0
2025/3/28 21:46,而且是几对夫妻里最小的！娶一个告别要吻四次的西方女人，居然五年没有吻过？且阿诺说了不喜欢强迫董力不喜欢的事，天哪，阿诺是得多爱他，才一直过到现在？,0
2025/3/28 21:47,@_kiki李,0
2025/3/28 21:47,@该隐,0
2025/3/28 21:47,已经揍过了[暗中观察]效果不大,1
2025/3/28 21:47,他们只是因为有了孩子,0
2025/3/28 21:48,我和我老公是刚开始躺下，必须是拉着手或者抱着会挨得很紧睡，然后开始迷迷瞪瞪要睡着的时候就分开了各睡各的[捂脸]然后早晨半醒迷迷瞪瞪就又会抱着睡。在儿子面前会经常拥抱，但是不会亲，在外面基本都是牵着手走，儿子12岁了，应该正常吧[捂脸]结婚13年。,0
2025/3/28 21:48,我们也是这样，只有那个时候会吻一下，平时生活中 几乎没有吻，所以没必要说他不爱吧。,0
2025/3/28 21:48,感觉大哥看他的表情…,0
2025/3/28 21:48,宝贝我要一直触碰[抱抱你],0
2025/3/28 21:48,只有我觉得阿诺不好看吗,0
2025/3/28 21:48,运动员苛尔蒙更旺盛才对！,1
2025/3/28 21:48,@家有??宝宝??,0
2025/3/28 21:48,[色][色][色],1
2025/3/28 21:48,总感觉他图女生啥,1
2025/3/28 21:48,我们十年了，还天天舌吻呢[捂脸],0
2025/3/28 21:48,我觉得董力也是正常夫妻,0
2025/3/28 21:49,怎么还能生理性喜欢，不厌倦都不错了,1
2025/3/28 21:49,@满庭猫,0
2025/3/28 21:49,对，第一天就分被子，两个人盖一个我睡不着,0
2025/3/28 21:49,有点悲观啦，普通人也可以追求爱，维持爱。,0
2025/3/28 21:49,董力果然好男人,0
2025/3/28 21:49,怀疑董力是G！不然这么年轻又娶得欧洲女人，居然几年没亲吻还连生两孩子？！,1
2025/3/28 21:49,我也需要触碰,0
2025/3/28 21:49,董力说话还看其他人眼色表达，太心机了,1
2025/3/28 21:49,那他学的可多了,0
2025/3/28 21:49,@??你一定很温柔吧 [快哭了],0
2025/3/28 21:50,反正我们就是这样，不找他说话可以一天不说话，我都不让我老公睡我屋，我要和宝贝闺女睡。,0
2025/3/28 21:50,真的太离谱了,1
2025/3/28 21:50,分,0
2025/3/28 21:50,我去，这么明目张胆的聊，哈哈哈哈哈哈哈,1
2025/3/28 21:50,拒绝亲密行为但是生了俩娃是这意思吧,1
2025/3/28 21:50,@玫瑰不想开了 @偷喝汽水 ?? @七七四时旧～ 烟灰缸[捂脸][捂脸][捂脸],0
2025/3/28 21:50,@铜仁一枝花???? @黄淘淘 @刘水线 @十点差三分 @青黛??????-17 @一只VV,0
2025/3/28 21:50,为啥会没啥好聊的，震惊??,0
2025/3/28 21:50,@H. 董力这夫妻,0
2025/3/28 21:50,我喜欢睡觉把一条腿放老公大腿上，觉得特别舒服,0
2025/3/28 21:51,其他几对夫妻反应也太夸张了吧,0
2025/3/28 21:51,[捂脸][捂脸][捂脸][捂脸][捂脸]你这也太好玩了,0
2025/3/28 21:51,那你是幸福的，我是好多年了直接成邻居兄弟了，有他没他对我来说，无所谓,0
2025/3/28 21:51,肯定是不爱！！！,1
2025/3/28 21:51,我和我老公睡觉必须挨到 有了娃儿之后也是 然后天天都会亲亲 不说和年轻那样亲 但是每天都会亲[捂脸],0
2025/3/28 21:51,没爱,1
2025/3/28 21:51,@入目.,0
2025/3/28 21:51,不爱请别冷暴力！ 他媳妇值得更好的,1
2025/3/28 21:51,有了孩子以后，我俩都不睡一个屋子！我母乳睡眠不好，他打呼噜声音大，赶紧躲得远远的！现在是我闺女不让他睡旁边，说又臭又吵[捂脸][捂脸][捂脸][捂脸]我觉得可好,0
2025/3/28 21:52,@三多,0
2025/3/28 21:52,好想是吧，没结过婚不知道诶[笑哭],1
2025/3/28 21:52,看着吧早晚的事,1
2025/3/28 21:52,@安橘,0
2025/3/28 21:52,好像，打错字了,0
2025/3/28 21:52,1,1
2025/3/28 21:52,这就叫生理性喜欢,0
2025/3/28 21:52,3,0
2025/3/28 21:52,4,0
2025/3/28 21:53,不一定吧，打鼾啊[捂脸],0
2025/3/28 21:53,不以为耻反以为荣,1
2025/3/28 21:53,其实他挺放不开的,0
2025/3/28 21:53,我喜欢抱着老公胳膊，只要抱上，一会就睡着[泪奔][泪奔][泪奔][泪奔],0
2025/3/28 21:53,木啊木啊,0
2025/3/28 21:53,男的会在外面在别的亲,1
2025/3/28 21:54,@英格拉鸭,0
2025/3/28 21:54,我老公睡觉要是手搭在我身上，我能一脚给他踹楼下去[捂脸],1
2025/3/28 21:54,什么意思啊？,0
2025/3/28 21:54,我怎么那么肯定我老公爱我，他真的是对我生理性喜欢，每天早上都要亲我[九转大肠]（每天 七年了只要我俩睡一块 就是，有时候我赌气睡外面 他早上也要过来亲我 别问我为什么睡外面，因为我不喜欢！）我是很不喜欢这些的人，我觉得亲亲好多口水[九转大肠],0
2025/3/28 21:54,@浮生 [暗中观察],0
2025/3/28 21:54,演戏呢吧，寻常老百姓，结婚之后都是柴米油盐，哪有这么多事,0
2025/3/28 21:54,[捂脸],0
2025/3/28 21:54,哈哈哈,0
2025/3/28 21:55,这有啥可震惊的，完全没必要吧,1
2025/3/28 21:55,哈哈哈@某人乙,0
2025/3/28 21:55,服了,1
2025/3/28 21:55,脖子长可以说是天鹅啊[尬笑]鸵鸟是什么,0
2025/3/28 21:55,现在看到他就恶心,1
2025/3/28 21:55,中年夫妻亲一口，噩梦都得做一宿,1
2025/3/28 21:55,@知道和抽烟以后亲亲的感觉了吧，添烟灰缸,1
2025/3/28 21:56,@北正街小焦,0
2025/3/28 21:56,时间久了都搭伙过日子。哪有那么多爱,0
2025/3/28 21:56,阿诺看得我好气哟[捂脸],1
2025/3/28 21:56,已婚10年每天都搂着睡,0
2025/3/28 21:56,肯定知道了,0
2025/3/28 21:56,董力,0
2025/3/28 21:56,自己给自己开,1
2025/3/28 21:56,@?? 我生完孩子我老公连亲都不亲我 深吻是什么？我们分被子,1
2025/3/28 21:56,@杭,0
2025/3/28 21:56,就是说有点离谱,0
2025/3/28 21:56,真的爱是忍不住就想接触对方的,0
2025/3/28 21:57,拒绝亲密行为挺好的。,0
2025/3/28 21:57,gay,1
2025/3/28 21:57,不爱,1
2025/3/28 21:57,@吃草莓的茄子,0
2025/3/28 21:57,来错综艺了[捂脸]去离婚爱人专场吧,1
2025/3/28 21:57,我跟我老公会亲，但是不会舌吻[捂脸][捂脸],0
2025/3/28 21:57,他的老婆看上去就不幸福，不怎么开心，好心疼哦,0
2025/3/28 21:57,董力还是跟以前一样啊[笑哭][笑哭][笑哭]小男生,0
2025/3/28 21:57,我家那位也是这样，婚前什么都能聊，婚后生孩子后，直接冷暴力的态度，从来不会聊天沟通交流了，不怕你笑话，任何一个外人都比我强，至少他们每天还有聊天，而我对他只剩下陌生,0
2025/3/28 21:58,对头，而且温度不一样，我爱盖厚一点的，他怕热爱盖空调被,0
2025/3/28 21:58,他好像集齐了男人所有的缺点,1
2025/3/28 21:58,他怕不是只想生个混血儿才结婚的,1
2025/3/28 21:58,有道理,0
2025/3/28 21:58,夫妻生活的时候也没有吗不可能吧,1
2025/3/28 21:58,孩子不是才两岁,0
2025/3/28 21:58,已婚七年，木有，根本没有，我可以抱着孩子睡[捂脸]他有多远滚多远,1
2025/3/28 21:59,@阿诺和大力,0
2025/3/28 21:59,这节目目前咋样？,0
2025/3/28 21:59,好无语[发呆][发呆],0
2025/3/28 21:59,用自己的方式爱对方吧,0
2025/3/28 21:59,董力也搞笑  自己知道自己的毛病    知道她老婆要找她聊天  然后他拒绝交流    他心里明镜是的    故意的   感觉好像这是正常的一样  还好意思说出来,1
2025/3/28 21:59,支持博主,0
2025/3/28 21:59,@That yourlove is gon,0
2025/3/28 21:59,感谢分享,0
2025/3/28 22:00,指的是没有爱的人？,0
2025/3/28 22:00,那我跟老公是1%,0
2025/3/28 22:00,保送再见爱人吧 不过阿诺是真的爱他,1
2025/3/28 22:00,肯定呀，要不为什么阿诺会选他,0
2025/3/28 22:00,[捂脸],0
2025/3/28 22:00,感情挺好的,0
2025/3/28 22:00,董力，赶紧退出，咱们彼此体面点，不然我真的忍不了不骂你了,1
2025/3/28 22:00,集合了再见爱人男嘉宾的缺点，还没留几手幽默没杨子有钱,1
2025/3/28 22:00,我也觉得不好看[捂脸][捂脸][捂脸],0
2025/3/28 22:01,还装啥惊讶，不是很正吗？每个的生活都不一样。[捂脸],0
2025/3/28 22:01,其实就是不爱了 说白了,0
2025/3/28 22:01,其他人故意装惊讶,1
2025/3/28 22:01,@小泽づ猫??,0
2025/3/28 22:01,我们是夫妻一条被子，孩子一条,0
2025/3/28 22:01,就是定期打生活费[微笑],0
2025/3/28 22:01,[尬笑]我也需要触碰，但必须一个人睡！,0
2025/3/28 22:02,样子好老,1
2025/3/28 22:02,拒绝沟通你怎么看？我觉得两个人相处最重要的是沟通,0
2025/3/28 22:02,他说的是没有亲密行为。。。,0
2025/3/28 22:02,@呜呼 耶！！！接触,0
2025/3/28 22:02,不要莫名其妙的黑董力，现在百分之70都是这样的，不夸张说有的都只是将就着过日子,1
2025/3/28 22:02,我懂，是因为不爱了，为了孩子挂个名的夫妻而已，,1
2025/3/28 22:02,一样一样，我也是！我和我老公说话闲聊时，我必须让他看着我[捂脸] 不然我觉得他没有认真听我讲话，如果没看着我的话，我还会让他重复一遍我说的话[捂脸][捂脸][呲牙],0
2025/3/28 22:02,不正常,1
2025/3/28 22:03,表达爱的方式不同,0
2025/3/28 22:03,他五六年没和阿诺亲密行为，你猜他这五六年有亲密行为么……,1
2025/3/28 22:03,额先看看,0
2025/3/28 22:03,他说不喜欢亲密行为啊,0
2025/3/28 22:03,我们还是有 的,0
2025/3/28 22:03,为啥有人说普通夫妻都这样[捂脸]不理解，我觉得这样就是不正常，我和我老公结婚十二年了每天基本都亲[呲牙]就是爱的表现,0
2025/3/28 22:03,多少钱一条，能不能拉我进群,1
2025/3/28 22:03,有点意思,0
2025/3/28 22:03,我和我老公从来不深吻，我不喜欢，恋爱的时候就告诉他了，所以我们在一起十多年了他也不会和我深吻，最多就是闭着碰一下嘴，在外面工作没办法睡一起，回家了我都是带孩子睡，他去别的房间睡，我喜欢分开睡，舒服，不过感情还是很好,0
2025/3/28 22:03,和我那即将成为前夫的男，一样的。可能只是为了孩子而在一起吧，毕竟文化差异，沟通等，都是问题的，很典型的大男子主义，什么都要以中心为主，加上他老婆现在也不可能离开啊，都有二个孩子了，能走的了？,0
2025/3/28 22:03,打鼾一人一个被子就不打了嘛[宕机],0
2025/3/28 22:03,我老公也这样，而且我们连肢体接触都没有,0
2025/3/28 22:04,我的直觉是这男的是同…,1
2025/3/28 22:04,所以孩子是科技与狠活,1
2025/3/28 22:04,碰一下嘴我都不喜欢，我这正常吗,0
2025/3/28 22:04,是滴，我有的时候我妈我都不让拉我下,1
2025/3/28 22:04,我也觉得夫妻这样不正常,1
2025/3/28 22:04,把打伙过日子体现的淋漓尽致,0
2025/3/28 22:04,[尬笑][尬笑][尬笑][尬笑][尬笑]吃点好的吧,0
2025/3/28 22:04,不理解，但尊重,0
2025/3/28 22:04,他是 不行吗,1
2025/3/28 22:04,可是再爱也不能不在乎对方感受,0
2025/3/28 22:04,"就很悲哀…董力的直男行为，大家都不理解，觉得很低情商，没有情绪价值，引起了很多负面评价…
但放到现实里比较，却还真的比大多数男的还好很多，大家的点是做到了“起码”能怀孕了就答应结婚，能给卡给老婆家用…",0
2025/3/28 22:05,他不会形婚吧,0
2025/3/28 22:05,这电子鞭炮我爸过年在拼多多上买的，几块钱，特别的劣质[捂脸]让我妈连炮带盒撇出去了[捂脸][捂脸][捂脸],0
2025/3/28 22:05,哈哈哈哈哈一模一样，但是我和别人讲话也喜欢别人看着我，别人跟我说话，我也会看着别人，我觉得这是一种尊重[呲牙],0
2025/3/28 22:05,我两岁儿子也喜欢放手我屁股底下压着睡[捂脸],0
2025/3/28 22:05,这个董倒也诚实,0
2025/3/28 22:05,我当时也这样试了几天，没法，我儿子太会踢被子了，他一个人一床被子踢了我都不知道，跟我一一起盖的话踢了还能更早知道点[捂脸],0
2025/3/28 22:05,@金金,0
2025/3/28 22:06,我们在一起14年了，我老公每天依然要搂着我，亲几口，虽然我很抗拒[捂脸],0
2025/3/28 22:06,董力我只能说你是会CPU的,1
2025/3/28 22:06,真尴尬,0
2025/3/28 22:06,什么爱不爱的 时间久了大部分都一个样,0
2025/3/28 22:06,其实太多人都是这样的啊 结婚时间长了根本没有什么情情爱爱深吻内心沟通这那的 忙都忙死了 啥也不顾上 累的要死哪有心情搞哪些 虽然都向往美好爱情 但男的就是没有女的在感情上付出的够深  哪有那么多的爱的要死要活轰轰烈烈的,0
2025/3/28 22:06,@Ayansss,0
2025/3/28 22:06,有啥好奇的 大大大部分人都这样  分床睡8年了  挺好 自己睡舒服,0
2025/3/28 22:06,我也觉得，结婚几年后，特别是有了孩子，再相爱都不会亲嘴，跟亲烟灰缸似的臭。也分被子，甚至还分床，打呼磨牙烦死了。,1
2025/3/28 22:06,这么年轻就这样，就婚姻之痒啊,1
2025/3/28 22:06,董力大直男,1
2025/3/28 22:06,@帅卡不墨迹,0
2025/3/28 22:06,我只想想到直接进要不然就是阿诺强了董力，不然我实在是想不到五六年没有亲密行为，还能搞出个老二。,1
2025/3/28 22:06,不一样,0
2025/3/28 22:06,老公抽烟，你们也能深吻吗[捂脸],0
2025/3/28 22:06,有没有可能是剧本，最后再来反转？不然演什么,1
2025/3/28 22:06,啊真不是这样的 我们结婚10年还都很多话聊,0
2025/3/28 22:06,反正我老公要碰着我点才能睡着，哪怕是脚碰着脚??,0
2025/3/28 22:06,但是就算是不行了，，也可以接吻啊他接吻都不接……这就……,1
2025/3/28 22:07,我和我老公虽然睡觉一人一个床。但是睡觉之前都会在一个被窝里抱半天再分开睡觉。因为我睡觉很轻。旁边有人会一宿一宿的睡不着[捂脸],0
2025/3/28 22:07,我也是这个样子[捂脸][捂脸],0
2025/3/28 22:07,很正常啊,0
2025/3/28 22:07,每个人表达爱的方式都不一样,0
2025/3/28 22:08,我也感觉真奇葩，我结婚十年没次还会亲亲抱抱，早上起床抱一下，去上班就亲一下,0
2025/3/28 22:08,我是这种[九转大肠] 我是女的 我受不了受不了 亲我一下我要抓狂[捂脸][捂脸],0
2025/3/28 22:08,还真不是,0
2025/3/28 22:08,每个人表达爱的方式是不一样的。,0
2025/3/28 22:08,来了,0
2025/3/28 22:08,[握手],0
2025/3/28 22:08,我睡眠轻，所以和老公分头睡，但是他要抓住我的脚，我两就都好睡[捂脸],0
2025/3/28 22:08,快离婚吧[抠鼻][抠鼻] 这男人太不靠谱了[惊恐][惊恐],1
2025/3/28 22:08,回复@苏乔珍叭:太笑话了，他要是爱阿诺，上杆子亲密,1
2025/3/28 22:08,@??. 我吗？,0
2025/3/28 22:09,没错[捂脸],0
2025/3/28 22:09,肯定有什么特别的地方嘛。,0
2025/3/28 22:09,他应该有人了,0
2025/3/28 22:09,我跟老公是因为生孩子后，需要有人陪孩子睡，卧室小，所以分开睡，但是我们几天就同房，然后舌吻的，然后过一会儿在回自己房间,0
2025/3/28 22:09,可是我怎么觉得能理解我老公也是这种，什么都不会主动的人，性格比较闷，我们也聊不到一起，就各干各的事了，相安无事,0
2025/3/28 22:09,戚薇特别不能理解，哈哈??,0
2025/3/28 22:09,上次看见董力好像是一个综艺里 孙丞潇给一堆人做饭 然后最后还被教育 等他吃饭时啥也没有了[流泪] 我应该没记错吧 不过看这次的片段 我一直在想一个问题 阿诺不刷抖音嘛 就这么一直被骗[泪奔],1
2025/3/28 22:09,正常,0
2025/3/28 22:09,@holly 知道我为什么睡觉要贴着你了吗[蜜蜂狗],0
2025/3/28 22:09,女生赶紧跑吧[捂脸],1
2025/3/28 22:09,@好逑,0
2025/3/28 22:09,[敲木鱼][敲木鱼][敲木鱼]请看全部VCR   不是粉 路人,0
2025/3/28 22:09,董力一直把自己往死里逼呀哈哈,1
2025/3/28 22:09,红不起来 就要选择黑红了,1
2025/3/28 22:09,普通人搭伙過日子的比較多合作家庭育兒，孩子生完不親密還挺多的，明星有錢肯定選喜歡相愛吧,0
2025/3/28 22:10,董力真无语了,1
2025/3/28 22:10,我也是  快3年了  一点都不想舌吻  每次都拒绝了,0
2025/3/28 22:10,对，每个人感受不一样,0
2025/3/28 22:10,笑死,0
2025/3/28 22:10,男的要么身体有问题，要么就是冷暴力,1
2025/3/28 22:10,你大胆一点说嘛，百分之90或者99都可以啊,1
2025/3/28 22:10,我和我老公第六年了，孩子都两岁了，也还是很腻歪,0
2025/3/28 22:10,加一,0
2025/3/28 22:11,董力。 是个正常人,0
2025/3/28 22:11,不爱就不爱 真的。很清晰,0
2025/3/28 22:11,冷暴力，现实里男的只会更丑更冷暴力,1
2025/3/28 22:11,[尬笑][尬笑]他好像没有跟自己老婆谈过恋爱一样，明明九年了，他说他不喜欢沟通，觉得沟通没用，连亲吻都基本上没有，他俩在家难道各睡各的吗[捂脸]还有那个十秒，明明是他受罚，要跟老婆亲，但居然是他老婆站起来跟他亲，她们俩之间她爱得不要太明显了，满屏溢出来的爱意，明眼人一看就看得出来她爱他。每次董力在那里看评论，自嘲自己挨骂的时候，她都很心疼，然后说不用管那些，提到接吻沟通的事情，她说不需要介意那么多，双方都开心就好，可是她自己明明喜欢肢体接触的，她口中的开心，只不过是迁就他让他开心舒服，自己委屈不要紧[尬笑]真的不理解，喜欢一个人就是不自觉想贴近的，他是不是gay啊？真的一点都感觉不出来他的爱，好多所谓学习对她好，都很僵硬。,1
2025/3/28 22:11,人家说的舌吻[捂脸],0
2025/3/28 22:11,[泪奔]我觉得没啥，我就不喜欢深吻觉得好恶心啊邋邋遢遢的，刚刷过牙也不行。和对象4～5年了喜欢对他上下其手 睡着就各种偷亲，喜欢对他用强的,1
2025/3/28 22:11,@??阿健还是很快乐 真是真的,0
2025/3/28 22:11,本来就是那有那么多激情正常生活哈大部分人。而且现实生活中大部分人家爱吵架打架。都希望对方死了最好[捂脸][捂脸],1
2025/3/28 22:12,而且看在城堡面前亲吻拍照那段的时候，其他三对都特别自然，到了董力这女生是想亲的，董力就感觉一脸不情愿很排斥，看得特尴尬，人女生主动亲他还躲,1
2025/3/28 22:12,@小小小月亮?? @你的名字。 @美如东施 @?????????????????? @Kathy [捂脸],0
2025/3/28 22:12,@大白鹅,0
2025/3/28 22:12,爱和不爱一眼就能看的出来。,0
2025/3/28 22:12,说实话没看节目，但看了抖音剪辑的一些片段，觉得韩庚跟卢靖姗两个人像演的，不像真的，特别是韩庚[可怜]个人观点，勿喷,1
2025/3/28 22:12,0人认识董力[绝望的凝视][绝望的凝视],0
2025/3/28 22:13,@Mua~,0
2025/3/28 22:13,看不了一点。,1
2025/3/28 22:13,男的明显不爱了,0
2025/3/28 22:13,满嘴都是幽门螺杆菌，想到都觉得恶心，还是做个俗人好。,1
2025/3/28 22:14,两人感情挺好的。,0
2025/3/28 22:14,我男朋友再打呼噜（声音不是特别大）我也睡得着[捂脸],0
2025/3/28 22:14,抽烟的人嘴臭，不想吻,1
2025/3/28 22:14,阿诺真是太爱了,0
2025/3/28 22:14,妈耶董力又咋了看岛屿少年的时候就不咋喜欢他[尬笑][尬笑],0
2025/3/28 22:14,"我老公也是，[微笑][微笑][微笑]
生了孩子后，
他就说完成任务了！[看][看][看]
难道不是，
外面有人了吗？[感谢][感谢][感谢]",1
2025/3/28 22:14,阿诺到底为什么这么妥协,0
2025/3/28 22:14,我也去看看,0
2025/3/28 22:14,普通夫妻都是穷的没办法，搭在一起凑合过日子，没有爱情很正常。他那张脸，他家的财富，有必要将就吗？他如果想，他可以找十个喜欢的人结。,1
2025/3/28 22:14,照样生孩子啊,0
2025/3/28 22:14,怎么感觉像同f啊[捂脸],1
2025/3/28 22:15,我老公睡觉喜欢抱着我，等他睡着再回自己被窝儿。,0
2025/3/28 22:15,我生了孩子后本来觉都不够睡 还碰啥啊碰 我老公要碰我我烦死了 只让他给我按摩挠背[泪奔][泪奔][泪奔],0
2025/3/28 22:15,这不是正常吗,0
2025/3/28 22:15,从看不上长相到没有亲密 他根本就不爱甚至是厌恶 只是十年前路人时期搞了个洋妞以为很厉害没想到自己越来越看不上还甩不掉了,1
2025/3/28 22:16,真心喜欢怎么能忍住不亲，我男朋友看着我就想，把别人当生育工具呢,1
2025/3/28 22:16,不理解……,0
2025/3/28 22:16,反正爱不多,0
2025/3/28 22:16,视频里的就是妻子的浪漫旅行,0
2025/3/28 22:16,@Jason @橘子茶?? @多多+,0
2025/3/28 22:16,为啥啊,0
2025/3/28 22:16,@旧时光下的少年,0
2025/3/28 22:16,@ZzzzJGee,0
2025/3/28 22:17,为啥拒绝,0
2025/3/28 22:17,两个人对眼了，也无所谓,0
2025/3/28 22:17,既得利益者都是拒绝沟通的,1
2025/3/28 22:17,我也要,0
2025/3/28 22:17,[抠鼻]大家不要入选，想想看上一对入戏太深的夫妻，人家两个人还是挺好的哈哈哈哈,0
2025/3/28 22:17,可真行,0
2025/3/28 22:17,他摆明不喜欢你，所以现在还在一起，是他半自愿or不造怎么分手？[攤手],1
2025/3/28 22:17,他俩是不是已经离婚了,0
2025/3/28 22:18,女方真的太爱了,0
2025/3/28 22:18,很正常  结婚多年后  亲吻都变少。就算有顶多是碰一下  哪会舌吻  ， 以前谈恋爱觉得吻好美好。 现在感觉都是烟味[冷漠],0
2025/3/28 22:18,我和我老公认识十年结婚三年孩子快两岁，我喜欢和他贴贴抱抱亲亲，我对他应该是有生理性喜欢的，但是我们真的很少深吻，因为我觉得他牙齿不齐深吻别扭[笑哭],0
2025/3/28 22:18,我一结婚就这样，也快20年了.有问题吗[捂脸],0
2025/3/28 22:18,我俩只要在一起都是他抱着我，我枕他肩膀上环着他的腰，或者他在背后抱着我,0
2025/3/28 22:18,好多人说普通夫妻都这样，普通人没钱没享受一辈子都在打工，结婚也是找个伴生个养老工具，当然没有爱情，不会亲不会沟通交流。但他们是吗？他们需要找个伴将就凑合再生个养老工具吗？他这种财富没问题相貌没问题的，不管恋爱还是结婚都肯定找自己喜欢的啊。家大业大，自己又帅，不享受爱情？,1
2025/3/28 22:18,我一个男的，都觉得董力那样的才正常，那种天天腻歪，能跟你腻歪外边更乱，我就是那种不怎么跟我对象腻歪，外人，我更不会,0
2025/3/28 22:18,。。。认识他还是因为阿拉蕾[黑脸],0
2025/3/28 22:18,感觉有烟味[泪奔]  只有刷完牙才会稍微亲一下,0
2025/3/28 22:19,那是你们有问题,1
2025/3/28 22:19,咋啦[看]，多正常啊,0
2025/3/28 22:19,不是夫妻都是这样，我们都结婚十几年了，每天都有吻，天天都接受儿子和他爸的表白！！,0
2025/3/28 22:19,吗的、亲亲就好。干嘛舌吻[泪奔],1
2025/3/28 22:19,确实是的，有的小孩都一人睡一个被子，带宝宝睡觉好了[捂脸],0
2025/3/28 22:19,偶尔会但不经常，偶尔会的时候完了还呸呸呸刷牙漱口[笑哭],0
2025/3/28 22:20,[偷笑],0
2025/3/28 22:20,大家震惊的是感情问题，一堆人跃跃欲试的说自己老公嘴臭亲不下去。不懂就问：结婚前你们老公不嘴臭吗？还是说结婚前能包容嘴臭结婚后无法包容呢？怎么看到老外婚后多年亲吻就说甜蜜，看中国男的就是嘴臭，还是你们的认知认为白种人日本韩国人从来不嘴臭呢[笑哭][笑哭][笑哭],0
2025/3/28 22:21,哈哈，我结婚9年了，我是不想亲，我老公想亲,0
2025/3/28 22:21,2,0
2025/3/28 22:21,3,0
2025/3/28 22:21,大家震惊的是感情问题，一堆人跃跃欲试的说自己老公嘴臭亲不下去。不懂就问：结婚前你们老公不嘴臭吗？还是说结婚前能包容嘴臭结婚后无法包容呢？怎么看到老外婚后多年亲吻就说甜蜜，看中国男的就是嘴臭，还是你们的认知认为白种人日本韩国人从来不嘴臭呢[笑哭][笑哭][笑哭],0
2025/3/28 22:21,我都怀疑他是不是同性恋了[捂脸][捂脸][捂脸]要是他老婆看到肯定要气死，但我想说，你是真的超爱，但你老公.....你自己慢慢品吧～,1
2025/3/28 22:21,我跟我老公也是结婚五六年了真的抗拒他亲我[捂脸]别说舌吻了，亲我一口我都要擦嘴！,0
2025/3/28 22:22,中年夫妻亲一口，噩梦做三宿，我就很讨厌我老公亲我，他伸舌头，烦死了,0
2025/3/28 22:22,我也不知道我们是不是腻了，上次他亲我，我竟然感觉到了恶心，是真的恶心那种，差点就吐出来了。[泪奔],0
2025/3/28 22:23,是的,0
2025/3/28 22:23,阿，我跟我老公在一起十几年了，不能面对面睡觉，不能盖同一张被子[捂脸],0
2025/3/28 22:24,那我们是那个百分之一啦！这方面的情趣还是挺多样化的[捂脸],0
2025/3/28 22:24,@-鑫 [酷拽],0
2025/3/28 22:24,我们看到的明星夫妻永远都是很恩爱，或者就直接宣布离婚。,0
2025/3/28 22:24,你不能用爱不爱来决定这个啊，习惯而已，有的夫妻男的打呼喽还分房睡呢，我们很相爱啊，一个被窝睡不好，为了爱不睡觉了吗,0
2025/3/28 22:26,夫妻没有深吻需要震惊？这什么逻辑[尬笑][尬笑],0
2025/3/28 22:26,对,0
2025/3/28 22:26,那离了多好，我不认为[捂脸],1
2025/3/28 22:27,很正常,0
2025/3/28 22:27,我结婚10年了 经常搂搂抱抱 偷偷亲不能让孩子看到[捂脸],0
2025/3/28 22:27,年轻砸了？年轻夫妻就必须深吻才叫爱？什么逻辑[尬笑],1
2025/3/28 22:27,董力真的，被骂一点都不冤[捂脸][捂脸][捂脸],1
2025/3/28 22:29,15年了,0
2025/3/28 22:30,董力是谁,0
2025/3/28 22:31,好心疼阿诺,0
2025/3/28 22:31,谈得多了什么逼样不懂啊[捂脸]再加上估计是因为是运动员可能家庭比较传统就将就过日子不离了，有些运动员的父母还是很传统的,1
2025/3/28 22:31,解释再多也没用  他就是不爱,1
2025/3/28 22:32,董力是深柜,1
2025/3/28 22:34,厉害 [赞][呲牙],0
2025/3/28 22:35,虽然作为老公不应该这样形容，不过我觉得真得说得很到位，[捂脸][捂脸],0
2025/3/28 22:36,她俩赶紧上再见爱人吧,0
2025/3/28 22:37,他是不是觉得他隐婚，就是大明星了,1
2025/3/28 22:39,有的人不红是有原因的哈哈哈哈,1
2025/3/28 22:40,阿诺超爱的,0
2025/3/28 22:44,只有不爱啦[流泪],0
2025/3/28 22:44,国籍不同真是制造信息差的好东西[抠鼻][抠鼻],1
2025/3/28 22:47,他谁啊？不是上这个节目我都不知道[捂脸][捂脸][捂脸],0
2025/3/28 22:49,现在的网友太苛刻了，瞧把人给紧张的，语无伦次了,0
2025/3/28 22:51,真的像鸵鸟,1
2025/3/28 22:52,快看韩庚的表情[微笑],0
create_time,content,0
