timestamp,content,label
2025/3/24 21:24,别上生产就不好了吗,0
2025/3/24 21:59,吃光花光，身体健康[捂脸],0
2025/3/24 22:36,尤其是吃血压药的人群 可不能吃西柚 后果很严重,0
2025/3/24 22:36,很多抗癌药都不能与西柚同服，大家一定注意??????,0
2025/3/24 22:36,为啥医生开药的时候，从来没说过不能吃柚子啊[流泪],0
2025/3/24 22:39,完了，今年种植西柚的又惨了[捂脸],0
2025/3/24 22:40,西柚  我想问到底是谁爱吃啊,0
2025/3/24 22:41,吃任何药期间不要吃柚子和橘子类水果[尬笑],0
2025/3/24 22:41,不行我最爱吃柚子了[酷拽],0
2025/3/24 22:42,上个星期买了一瓶西柚水来吃药[尬笑][尬笑][尬笑][尬笑],0
2025/3/24 22:43,西柚是什么，我只知道红心柚和白心的[泣不成声],0
2025/3/24 22:45,普通人谁懂这些呀[发呆][发呆],0
2025/3/24 22:46,我喜欢吃胡柚 不知道可以吃不,0
2025/3/24 22:47,好了，以后只吃橘子橙子芦柑,0
2025/3/24 22:53,没听说过，也没看到过，更没有吃过[比心],0
2025/3/24 23:05,我想知道杨枝甘露里的是什么？[灵机一动],0
2025/3/24 23:09,这些都应该写在说明书上，普通人哪能记得那么多啊[流泪][流泪][流泪],0
2025/3/24 23:10,专家说的太对了，要看说明书，不要乱吃相克的水果。点赞！[赞][赞][赞][666][666][感谢][感谢][感谢][玫瑰][玫瑰],0
2025/3/24 23:12,这条信息千万不要让后宫的妃子知道了，不然…,0
2025/3/24 23:15,嗯，下次给我兄弟吃药的时候给他买一杯，他估计还得叫我一声义父我，真是太好了[还得是我][还得是我][还得是我],1
2025/3/24 23:19,这个说一遍记不住两遍记不住，三遍我也记不住,0
2025/3/24 23:19,我就想知道，难道只有西柚吗？普通柚子没事吗？柑橘呢？葡萄柚呢？,0
2025/3/25 3:38,特别提示:大量食用TBHQ致癌！！！！大量喝水会会死！！！！,1
2025/3/25 7:00,选来选去，买了天使土豆片，还算比较干净[泪奔],0
2025/3/25 9:13,云南的鲜切土豆片，配料表都挺干净，大家可以研究一下,0
2025/3/25 12:11,这个缩写意思是：特丁基对苯二酚，致癌,1
2025/3/25 12:16,过量和长期大量摄入[九转大肠],0
2025/3/25 12:36,天塌了，我最爱吃黄瓜味的乐事[黑脸],0
2025/3/25 12:39,良心。还标识出来了[尬笑]有多少企业加了但是不写,1
2025/3/25 12:43,你们每次一聊到致癌物就慌的要死，实际上都是过度焦虑了，致癌那也得看量啊，就像薯条一样，吃了也致癌，但前提是你一天之内能连续吃五六百份，你能做到吗？,0
2025/3/25 13:16,唉??????,0
2025/3/25 13:20,抛开计量谈毒性，跟在步行街脱裤子一样[不失礼貌的微笑],1
2025/3/25 14:33,不放这个，食品油脂氧化发霉也致癌比这个概率高多了，要么接受保质期半个月价格翻要么吃带防腐剂的，你们能接受那种,1
2025/3/25 14:51,这个薯片好吃,0
2025/3/25 15:42,你少吃问题是不大总是吃么不行了,1
2025/3/25 17:06,抛开计量不谈就是制造焦虑啊。烟酒比这猛多了,1
2025/3/25 18:04,方便面有没有啊，我真的超级爱吃泡面[流泪][流泪][流泪],0
2025/3/25 19:57,这个咋没看见，是不是我没找到地方,0
2025/3/25 21:39,@蒸一下 啊不[泣不成声],1
2025/3/25 21:58,正想买一个[感谢],0
2025/3/26 1:53,@帅过吴彦祖,0
2025/3/26 1:53,不会滴 不要一次吃太多,0
2025/3/26 7:01,@没事儿抖个音,0
2025/3/26 8:40,我家都吃桶装的，完美躲过[捂脸],0
2025/3/26 9:23,@奇怪的我,0
2025/3/26 9:53,[钱]一定也不怕,1
2025/3/26 9:54,刚买了一台志高的空气炸锅。[衰],1
2025/3/26 12:25,好好好[捂脸],0
2025/3/26 18:05,胡赛PC小组？它们是准备去PC胡赛[尬笑],1
2025/3/26 18:12,完美复刻本人了嘛，真像,0
2025/3/26 18:45,这个这个……是真的吗？,0
2025/3/26 19:22,好歹开个视频会吧？,0
2025/3/26 19:23,国内的小黄鱼app现在卖的东西也很抽象[捂脸][捂脸]比如压扁的牛奶盒[疑问],0
2025/3/26 19:33,以后要是进了什么修真聊天群，我铁定坚信[看],0
2025/3/26 19:56,他们没有内部软件吗？这种事是可以在商用软件讨论的吗？？[九转大肠],0
2025/3/26 21:08,"这玩意比《修真聊天群》都离谱啊……
这要发到起点，作者得被喷到退圈。。",1
2025/3/26 21:52,我一直以为美国在演戏，你们现在和我说，这是正儿八经的，偶……买嘎的,0
2025/3/26 21:52,我记得上次看到这种事，还是在个叫《修真聊天群》的小说里面[泪奔],0
2025/3/26 22:01,小时候家里没菜拿花生奶和冰红茶泡过饭吃完之后思考了一会人生,0
2025/3/26 22:33,我昨天在百度热搜不可置信的看了三遍才确认自己没看错,0
2025/3/26 22:45,不是，这新闻是我看三遍都觉得离谱的事，就强行降智，它还是真事[尬笑],1
2025/3/26 22:48,真的就是他们随便一句话就决定了多少人的生死,1
2025/3/26 22:58,吃点水蒸蛋拌饭呢[宕机],0
2025/3/26 23:42,这就是为啥AI永远也取代不了人类的原因，AI干不出这么抽象的事[捂脸],0
2025/3/27 0:10,@宝宝贴贴 @有品?0.o 我服了我之前还担心过一阵子[微笑],0
2025/3/27 0:20,这种事情本来也不是一次两次了[泪奔],0
2025/3/27 0:40,以前看那个修真聊天群小说，还在想神仙怎么能犯这种错误，把凡人拉进去，看来也不是不可能哈[思考],0
2025/3/27 3:34,无菌蛋表白失败，前来考古[泪奔],0
2025/3/27 6:40,罐装和袋装制作工程都不一样味道能一样吗[捂脸],0
2025/3/27 8:08,不如用微信，还能提醒他与其他成员不是好友，谨防信息泄露[微笑],0
2025/3/27 9:52,考古，原来这个真的能吃[不失礼貌的微笑],0
2025/3/27 10:39,聊天记录啊，这下不得不信了[捂脸][捂脸][捂脸]没想到这句话成真了,0
2025/3/27 11:26,我去参加汉族朋友的生日。因为没法吃饭。白米饭又咽不下去。就兑的可乐。[微笑][噢买尬][捂脸]从初中被笑到现在。。。现在给跟我说这玩意流行了？,0
2025/3/27 11:43,@Hello,0
2025/3/27 12:10,前几天买了俩大个卷心菜才花1.68，这炒个菜不比魔爪便宜，我都买不起魔爪[眼含热泪],0
2025/3/27 12:58,笑的我不行了,0
2025/3/27 14:07,难怪天天改花刀呢，我要是天天吃这东西，我直接往脖子上抹一刀[憨笑][勾引],1
2025/3/27 14:23,魔爪也是抓住机会涨价了[微笑],0
2025/3/27 16:18,我吃这个我也改花刀,0
2025/3/27 16:48,当不了地雷妹，喝了魔爪照样呼呼大睡，感觉我是一头嗜睡的猪,0
2025/3/27 18:17,让她们试试这个[黑脸][黑脸][黑脸],1
2025/3/27 18:33,《群聊泄密：我在美军内部开全球直播》,0
2025/3/27 18:47,谁懂辣椒粉拌饭？真的特别好吃[憨笑],0
2025/3/27 19:03,今天晚餐od了一个馕一个包子 一瓶可乐 [勾引],0
2025/3/27 19:07,今天od了3斤肯德基[憨笑][比心],0
2025/3/27 19:50,那为啥不叫停添加剂，反而叫停宣传语呢？,0
2025/3/27 20:15,零添加蔗糖，不代表着没有添加甜味剂，如添加了安赛蜜，阿斯巴甜，甜蜜素，糖精钠等，而且这种人工添加甜味剂甜度是蔗糖的几十到几百倍，反而蔗糖是天然植物提取物我觉得更健康,0
2025/3/27 20:16,冒昧的问一句一个老百姓 能懂这么多？[捂脸],1
2025/3/27 21:09,千禾0牌添加,0
2025/3/27 21:17,谁懂魔爪泡饭的救赎感,0
2025/3/27 21:20,那 千禾0 要不要换商标了[疑问],0
2025/3/27 22:34,还能信配料表吗[流泪],0
2025/3/27 22:36,哪个添加剂是安全的？,0
2025/3/27 23:47,千禾是日本牌子,0
2025/3/28 0:13,这次国家反应很快 ，太棒了 。,0
2025/3/28 0:28,要怪就怪国标,1
2025/3/28 1:00,说来说去还有有添加,0
2025/3/28 1:09,感觉现在的od就是另一个方式的白幼瘦 pua弱化女性 但偏偏有的人就上钩了[黑脸]以为od很酷,1
2025/3/28 1:35,今天刚吃了一大包[捂脸],0
2025/3/28 3:15,0添加糖当然是没有额外添加，跟本身有没有糖没有关系，所以根本不用出台这样的标识管理。同理酱油的0添加，也是说没添加防腐剂这些东西。有标识整好方便客户选择，减少选择时间提升选择效率。,0
2025/3/28 5:49,居然还公示两年，哈哈哈,1
2025/3/28 6:53,"请问，千禾0跟其他的是一路吗？
看到很多人还在高兴

真正有问题的不是千禾，人家的配料也是干净的啊",0
2025/3/28 7:13,什么时候管管配料表问题[微笑],0
2025/3/28 8:40,不添加或添加都不重要，重要的是有人管这事！,0
2025/3/28 8:53,超市里还贴着零添加[泪奔]还是千禾,0
2025/3/28 8:55,请坚持严抓重视安全品质，不要只是说说就没然后了。。。,0
2025/3/28 9:36,透透告诉你萌：我在麦德龙买的美国进口乐事薯片没有[嘘],0
2025/3/28 9:41,长期过量喝水还会致死呢你咋不说[微笑],1
2025/3/28 11:20,知道我们认识中文。结果好了人家换缩写[泪奔],0
2025/3/28 14:43,为啥还要两年过度期,0
2025/3/28 16:03,个人觉得国内食品安全还任重道远！,0
2025/3/28 16:45,还有就是，同样的乐事品牌，国外的薯片就比我们的多，我们的包装里面都是空气[愉快],0
2025/3/28 17:00,要不是出了一个什么黑水蛋我也不会来看这个[奸笑],1
2025/3/28 17:35,家里还有三大袋220g的，吃还是不吃[泪奔],0
2025/3/28 17:46,寄过来，我来帮你销毁,1
2025/3/28 17:49,寄过来，我不怕死,1
2025/3/28 17:51,也不差这一袋了,0
2025/3/28 17:54,我吃,0
2025/3/28 18:00,我刚刚超市出来坐车上刷视频[看]，买了两，我该不该退[捂脸],0
2025/3/28 18:02,吃！你电饭锅和不粘锅也有涂层，冲锋衣也有,0
2025/3/28 18:03,其实很多零食里都有，不差这两袋,0
2025/3/28 18:08,吃啊，都吃过那么多了，还差这两袋吗,1
2025/3/28 18:12,让特权层跟我们吃一样的，就彻底解决了,1
2025/3/28 18:19,[捂脸]我今天刚拆一大包？那我还吃吗？,0
2025/3/28 18:21,这下好了，薯片我只吃这个牌子乐事。现在薯片可以介了,0
2025/3/28 18:21,加大剂量[泪奔][泪奔][泪奔],0
2025/3/28 18:23,乐事袋装真的可以薄[捂脸],0
2025/3/28 18:23,可以自己做啊，超简单[尬笑][尬笑][尬笑],0
2025/3/28 18:23,不吃寄给我[看],1
2025/3/28 18:25,拿来我帮你吃，先试试毒,1
2025/3/28 18:25,@微微雨,0
2025/3/28 18:26,千禾套路,1
2025/3/28 18:26,云南的噜咪啦比乐事好吃[大笑],0
2025/3/28 18:31,谁懂薯片只吃乐事的[流泪],0
2025/3/28 18:33,试试云南的子弟和噜咪啦[思考]保证你打开土豆的新世界,0
2025/3/28 18:33,@头像再丑我也不换 最爱[泪奔],0
2025/3/28 18:35,我懒，买对我来说更简单,0
2025/3/28 18:35,当没看到,0
2025/3/28 18:35,我才知道这个，主要有没有，有少吃是对的,0
2025/3/28 18:35,都吃垃圾食品了，还在乎癌症干嘛,1
2025/3/28 18:36,我就是,0
2025/3/28 18:36,我也是，薯片最爱乐事[捂脸],0
2025/3/28 18:36,一顿吃113袋才会中毒,0
2025/3/28 18:36,我没看到，继续吃[捂脸],0
2025/3/28 18:36,口味吃起是没得乐事香啊,0
2025/3/28 18:36,来贵州吃现场炸的薯片吧[泪奔],0
2025/3/28 18:37,得病就当自己体质不好[捂脸],0
2025/3/28 18:37,快去查查,0
2025/3/28 18:37,现在方便面都不能吃了里面全是添加剂[捂脸],0
2025/3/28 18:37,噜咪啦可以，买过一次,0
2025/3/28 18:37,乐事一股子添加剂的味道，我们云南本地都不吃乐事，就吃子弟和噜咪啦,0
2025/3/28 18:39,我也是，给小孩吃也是这个牌子，气死我了，,0
2025/3/28 18:39,买不到啊,0
2025/3/28 18:40,抖音有旗舰店～好吃不贵，噜咪啦更香,0
2025/3/28 18:42,我就喜欢子弟的红色那款,0
2025/3/28 18:43,只能网购了啊,0
2025/3/28 18:44,@246- [噢买尬],0
2025/3/28 18:44,我想起了我第一次吃蛇皮果的时候  第一个包开始黑色的 还发臭 忍着吃完了  拨开第二个 是白色的 wtf,0
2025/3/28 18:44,麻辣的[看]我也是,0
2025/3/28 18:44,是的，抖音有[坏笑],1
2025/3/28 18:44,旗舰店,0
2025/3/28 18:45,上好佳好,0
2025/3/28 18:45,因为嫌弃它贵，很少吃[捂脸],0
2025/3/28 18:47,天塌了，最爱吃黄瓜和青柠味的[泪奔][泪奔][泪奔],0
2025/3/28 18:47,天使土豆片，推荐试试，土土的包装，但是味道没得。,0
2025/3/28 18:47,一样[捂脸],0
2025/3/28 18:47,刚刚逛超市差点给孩子买！！！！,0
2025/3/28 18:47,少吃零食[敲木鱼],0
2025/3/28 18:48,我也是，天塌了[流泪],0
2025/3/28 18:48,[流泪]刚昨天买了2包[流泪],0
2025/3/28 18:48,我也是,0
2025/3/28 18:48,新出的粉胡椒才好吃,0
2025/3/28 18:48,我买了三袋[笑哭]而且我女儿几乎一个月吃俩到三次,0
2025/3/28 18:49,我最爱原味[捂脸],0
2025/3/28 18:49,[捂脸]同款的我,0
2025/3/28 18:50,我想问一下，有没有没毒的东西，刷到衣服都有毒。,1
2025/3/28 18:50,我每周都买3包去学校[疑问][疑问],0
2025/3/28 18:50,我也是，我俩娃也是,0
2025/3/28 18:50,@尔尔?? @小懒不懒 @咩咩羊 @卡农,0
2025/3/28 18:50,别怕 这种营销号都是不谈剂量谈毒性[捂脸]能标记的肯定都是正经添加剂 没那么吓人,0
2025/3/28 18:51,我也是 [捂脸],0
2025/3/28 18:51,我最爱的零食居然塌房[捂脸],0
2025/3/28 18:51,@VVVVVVL @大黄米周 @我爱钱钱爱我钱从四面八方来～ 乐事也背刺我,1
2025/3/28 18:52,没有可比克的好吃,0
2025/3/28 18:52,我家里还有两包,0
2025/3/28 18:53,没什么，习惯就好，中国食品安全隐患 层出不穷。,1
2025/3/28 18:53,早就爆出来了前年就说了,0
2025/3/28 18:53,@小手儿冰凉 @嘻嘻嘻 俺也是,0
2025/3/28 18:53,[捂脸],0
2025/3/28 18:53,我也是[流泪],0
2025/3/28 18:53,我也是要命,0
2025/3/28 18:54,@ZDJJJJJ @w滴houm [发呆]别吃了哥，我害怕,1
2025/3/28 18:54,塌了[流泪] 爱吃岩烧海苔味儿的[流泪][流泪][流泪],0
2025/3/28 18:54,@大声点，听不见。,0
2025/3/28 18:54,还是原味的,0
2025/3/28 18:54,得亏不吃，但是别的肯定也跑不了,1
2025/3/28 18:54,这个你吃不出来吗，味道那么重,1
2025/3/28 18:55,@理想多香GDX,0
2025/3/28 18:55,@活着真的太饿了~,0
2025/3/28 18:55,我就是[尬笑],0
2025/3/28 18:55,米兔[捂脸],0
2025/3/28 18:55,0.2克每公斤，一公斤薯片你能吃完吗[泣不成声],0
2025/3/28 18:56,刚买还没吃，不过一包应该还好吧,0
2025/3/28 18:56,@恰颗糖?? [尬笑]好家伙,1
2025/3/28 18:56,天塌了，真的很好穿，还有海苔味，刚买了三盒，还有一盒没吃呢,0
2025/3/28 18:56,对 这个不错 我买了不少 有个惊喜番茄味好好吃,0
2025/3/28 18:56,抛开剂量，你呼吸氧气都有毒。,1
2025/3/28 18:57,25公斤才能有5g，一般常规一包75g，所以要吃333包。我觉得没毒死，嘴巴先吃破了。[捂脸],1
2025/3/28 18:57,啊，天塌了，不仅我跟你一个口味，还一个头像[泪奔],0
2025/3/28 18:57,我吃珍珍，丽丽,0
2025/3/28 18:57,一样[泪奔][泪奔][泪奔][泪奔],0
2025/3/28 18:57,我也,0
2025/3/28 18:57,?1000,0
2025/3/28 18:58,[看]你得连续吃几百包才能达到他说的致癌计量,0
2025/3/28 18:58,我也是[泪奔],0
2025/3/28 18:58,@Wighk.,0
2025/3/28 18:58,我也是[流泪],0
2025/3/28 18:59,番茄味我们家孩子爱吃，我吃麻辣[呲牙],0
2025/3/28 18:59,我也是,0
2025/3/28 18:59,那我就放心炫[捂脸],0
2025/3/28 18:59,+1111111111[流泪],0
2025/3/28 18:59,今天刚买青柠味 我还是个孕妇 所以还能吃吗,0
2025/3/28 18:59,我也最爱吃青柠味，我儿子最爱吃黄瓜味[九转大肠],0
2025/3/28 18:59,天塌了[流泪],0
2025/3/28 19:00,乐事你回答我！这是什么！小孕妇隔一段时间就想吃怎么办[眼含热泪],0
2025/3/28 19:00,我也是，觉得发这些的人太容易制造焦虑了，又吃不死人,1
2025/3/28 19:00,想吃就吃呗，自己为自己负责[看],0
2025/3/28 19:00,别吃,1
2025/3/28 19:00,丢了吧[捂脸],1
2025/3/28 19:00,我[流泪][流泪][流泪],0
2025/3/28 19:00,我爱吃原味 还有一个云南农科院的土豆片也好吃,0
2025/3/28 19:00,不要吃了，,0
2025/3/28 19:00,吃了那么多年，差这点吗,0
2025/3/28 19:00,云南薯片不想吗？,0
2025/3/28 19:00,不是，0.2克每公斤，你吃多少薯片才能吃够啊，咸盐你吃二两还致命呢，致癌算个啥，难道你还不吃盐了[捂脸][捂脸][捂脸][捂脸],0
2025/3/28 19:00,阿斯巴甜，你可以查查,0
2025/3/28 19:01,为什么那么久才发现呢,0
2025/3/28 19:01,旺旺也有,0
2025/3/28 19:01,我喜欢珍珍的番茄味,0
2025/3/28 19:01,子弟也可以，有点咸,0
2025/3/28 19:01,你别吃了  寄给我吧,1
2025/3/28 19:01,不吃不就行了,0
2025/3/28 19:01,别吃 邮给我[不失礼貌的微笑],0
2025/3/28 19:01,孕妇吃这些，你可真对孩子负责,1
2025/3/28 19:01,因为爱,0
2025/3/28 19:01,这个名字好搞笑，我没听过这个诶，我还停留在子弟薯片,0
2025/3/28 19:01,我也，孕晚期了[噢买尬][噢买尬]刚刚才买了几包[噢买尬][噢买尬][噢买尬],0
2025/3/28 19:01,[看]你放心，都不干净,1
2025/3/28 19:02,@虾仁不眨眼?? @妙恬 [苦涩][苦涩][苦涩][苦涩][苦涩],0
2025/3/28 19:02,吃完再来看视频不就好啦,0
2025/3/28 19:02,寄给我吧我吃,0
2025/3/28 19:02,@宇子酱?? 我也,0
2025/3/28 19:02,国内食品安全问题多的去了，不要过于担忧，前段时间的油罐车事件还不是淡化了[捂脸],1
2025/3/28 19:02,好的，经常看到有噜咪啦，就是要买很多，怕不好吃不敢下手,0
2025/3/28 19:02,吃一点没关系的多喝水,0
2025/3/28 19:02,孕妇还吃 多想想孩子[撇嘴],1
2025/3/28 19:02,云南本土牌子的土豆，不知道你们那边能不能买到。,0
2025/3/28 19:02,适当减少rk,0
2025/3/28 19:02,你吃这么多年都没有问题，他们说一下，你就不好了吗,1
2025/3/28 19:03,不是我家里刚好有盒装的，没有它写的这个成分啊,0
2025/3/28 19:03,不吃了 不嘴馋这几口,0
2025/3/28 19:03,退货,0
2025/3/28 19:04,可不是有毒，化学厂排污,1
2025/3/28 19:04,我也[尬笑],0
2025/3/28 19:04,别吃了，免费心里也有压力,0
2025/3/28 19:04,还不如买点土豆费点事自己做健康[赞],0
2025/3/28 19:04,我觉得外国人在我们这边还是严格遵守标准的，应该没有问题。如果是国内品牌还真的要多注意一下了,0
2025/3/28 19:05,我闺女也爱吃这两个味的,0
2025/3/28 19:05,@怪你着迷,1
2025/3/28 19:05,你哪怕说化工厂都多少有点常识来聊这个。,1
2025/3/28 19:06,刚吃了135克一袋的黄瓜味，昨天吃了135克一袋的青柠味，??,0
2025/3/28 19:06,我也是[笑哭],0
2025/3/28 19:06,[捂脸][捂脸]你想多了、外国食品配料表可以不写清楚,0
2025/3/28 19:06,昨晚上刚买了一包[流泪],0
2025/3/28 19:06,所以你还吃么[捂脸],0
2025/3/28 19:07,我已经拆了一包，还没吃完[泪奔],0
2025/3/28 19:07,都没有你天天喝水猝死来的快[憨笑],1
2025/3/28 19:07,@嘎嘎嘎 @不要熬夜1122 @啵啵猪与小兔子 这次真天塌了[流泪][流泪][流泪],0
2025/3/28 19:07,我最爱青柠味的[流泪],0
2025/3/28 19:07,我姑娘爱吃黄瓜味，我爱吃青柠味[捂脸],0
2025/3/28 19:07,@山高路远 @假装不经意╰其实很在意 @发发发发财 @??zhang。,0
2025/3/28 19:08,我爱吃大波浪[尬笑],0
2025/3/28 19:08,@温暖你心,0
2025/3/28 19:08,@?小畅,0
2025/3/28 19:08,我最爱黄瓜味,0
2025/3/28 19:08,可比克包装也是涨气的？,0
2025/3/28 19:08,前天刚开了这两个味儿   还更剩半桶   [流泪][流泪][流泪],0
2025/3/28 19:08,@温暖你心 [捂脸],0
2025/3/28 19:08,云南子弟薯片绝对NO:1,0
2025/3/28 19:08,天塌了，好巧啊[捂脸][捂脸],0
2025/3/28 19:09,什么[暗中观察] 我刚买了10包黄瓜味的,0
2025/3/28 19:09,@??团子 @以后?? @幸福像花儿一样啊 @磊,0
2025/3/28 19:09,针对中国人吗？不是说中国人不骗中国人,1
2025/3/28 19:09,@温暖你心,0
2025/3/28 19:10,@殊途i,0
2025/3/28 19:10,昨天我崽子吃一袋，再也不买了,0
2025/3/28 19:10,我最喜欢原味,0
2025/3/28 19:10,我也是[泪奔]我家里现在还有好几盒呢[捂脸],0
2025/3/28 19:10,@三小姐 @奶芙芙小莓??,0
2025/3/28 19:10,我也是,0
2025/3/28 19:10,俺也一样,0
2025/3/28 19:10,又不是现在才有 好多零食都有  你去看看鱼皮花生  这种抗氧化的都有,0
2025/3/28 19:10,我也是爱这两款[捂脸]我也是服了,0
2025/3/28 19:11,子弟超级好吃,0
2025/3/28 19:11,[宕机],0
2025/3/28 19:11,天塌了，这两个星期联系买了好几包给孩子吃,0
2025/3/28 19:11,@恩恩小朋友 [暗中观察],0
2025/3/28 19:11,我网上看看，我也是云南人宝宝哈哈哈，谢谢你,0
2025/3/28 19:11,我也是,0
2025/3/28 19:11,7录播,0
2025/3/28 19:12,[捂脸],0
2025/3/28 19:12,我爱吃原味的[我想静静]@H全球第一深情～ @Estrella. @睡觉时间到,0
2025/3/28 19:12,阿要[真的会谢],0
2025/3/28 19:12,天啊，我喜欢黄瓜和柠檬味,0
2025/3/28 19:12,@我会和你相遇 今天我们吃那个味的[捂脸],0
2025/3/28 19:12,我也是,0
2025/3/28 19:13,@上 善 若 水    厚 德 载 物 服了,0
2025/3/28 19:13,也有道理[笑哭],0
2025/3/28 19:13,@.k 不能吃薯片了,0
2025/3/28 19:13,你知道致癌是什么意思嘛？[尬笑]这不是毒药立刻有症状的ok？,1
2025/3/28 19:13,@jinx 我上个月大概一个星期吃了十几包[困]不过以后这辈子应该不会再吃了,0
2025/3/28 19:13,贵州土豆片。买原味的也有麻辣的,0
2025/3/28 19:13,你最爱的刚好是我最不喜欢的[捂脸],0
2025/3/28 19:13,[疑问]卧槽,1
2025/3/28 19:13,@马可菠萝包,0
2025/3/28 19:14,不要抛开剂量谈质量，再不买了[泪奔],0
2025/3/28 19:14,@冇熊美甲 @??咕噜,0
2025/3/28 19:14,都没听说过[鞠躬],0
2025/3/28 19:14,@H-min,0
2025/3/28 19:14,天塌了同款，青柠味和黄瓜味,0
2025/3/28 19:14,@捉一只小张 [泪奔][泪奔],0
2025/3/28 19:14,?1[泪奔] ，现在家里还有囤货呢,0
2025/3/28 19:14,我老公好喜欢买给女儿吃,0
2025/3/28 19:14,原味和黄瓜味，,0
2025/3/28 19:14,[宕机]我换不同牌子吃,0
2025/3/28 19:15,剩半盒凑合吃吧,0
2025/3/28 19:15,今天刚到的快递[捂脸],0
2025/3/28 19:15,不是有市场监督句吗,0
2025/3/28 19:15,你还怪好哄嘞,0
2025/3/28 19:15,@*Kivi *?,0
2025/3/28 19:15,@??老大,0
2025/3/28 19:15,我也是，不吃了不吃了，在吃我就是狗,1
2025/3/28 19:15,我也喜欢吃黄瓜味的,0
2025/3/28 19:15,我一个月十几包，天塌了,0
2025/3/28 19:15,你这样说的话太阳晒多了都致癌,1
2025/3/28 19:15,从小喜欢看食品配料表，现在才知道危害,0
2025/3/28 19:16,美国好像直接标了食品可能致癌,0
2025/3/28 19:16,长期，过量[呆无辜],0
2025/3/28 19:16,我也是 [尬笑],0
2025/3/28 19:16,我也是觉得孩子吃贵点就贵点吧,0
2025/3/28 19:16,天呐，乐事经典味，大包超大包超爱吃啊[泣不成声],0
2025/3/28 19:16,@祈木,0
2025/3/28 19:17,我也是，下午刚吃完,0
2025/3/28 19:17,我昨天才吃,0
2025/3/28 19:17,我就是突发恶疾 一直吃一直吃吃到恶心才行然后就再也不吃了 第二款瘾上周已经过了 好丽友的蜂蜜黄油味 本周是旺旺小小酥[困] 昨晚吃到有点反流 感觉这样下去我快没零食吃了[困]本来就没几款咸口零食可以吃,0
2025/3/28 19:17,我还有一包还没吃[捂脸],0
2025/3/28 19:17,乐事薯片那么难吃 而且也是合成的 试试云南的天使 子弟 滇锅锅 滇二娃,0
2025/3/28 19:17,我[泪奔],0
2025/3/28 19:17,加1[捂脸][捂脸][捂脸],0
2025/3/28 19:17,你太年轻了，和你说不清楚,1
2025/3/28 19:17,@温暖地融化了我,0
2025/3/28 19:18,我也是,0
2025/3/28 19:18,一样口味,0
2025/3/28 19:18,真的吗,0
2025/3/28 19:18,罚你去央视农业看孟村花关于添加剂摄入的科普视频[酷拽],0
2025/3/28 19:18,我也是 黄瓜??味,0
2025/3/28 19:19,我懂[流泪],0
2025/3/28 19:19,我也爱吃 但是大包一次吃完会恶心头疼,0
2025/3/28 19:19,你还怪懂的嘞[笑哭]烧烤致癌听过没，热水致癌听过没,0
2025/3/28 19:19,长期、过量、增加患癌风险，前两个都达到了，长期过量食用也只是风险大了，不是肯定致癌[尬笑]不用恐慌,0
2025/3/28 19:19,@妈宝女,1
2025/3/28 19:20,不吃了[泣不成声],0
2025/3/28 19:20,@看你多不羁 ，还好还有救,1
2025/3/28 19:20,好多零食都有这种成分[捂脸],0
2025/3/28 19:20,吃了这么多年也没吃死，这些医生专家的话我现在是一句都不信,1
2025/3/28 19:20,我也最爱吃这两种口味[泪奔],0
2025/3/28 19:20,个人爱好，我喜欢品客,0
2025/3/28 19:20,意大利红会味儿[眼含热泪]我老吃,0
2025/3/28 19:20,妈呀，工地上班的我，[衰]天天晒太阳，怎么办，,0
2025/3/28 19:21,没事，一般养生专家年纪轻轻都死了[看],1
2025/3/28 19:21,@甜的很正经 天塌啦,0
2025/3/28 19:21,卧槽,1
2025/3/28 19:21,我就知道得有一大批人的天塌了,1
2025/3/28 19:21,必须全国下架，追究刑事责任,1
2025/3/28 19:21,@英子. [尬笑],0
2025/3/28 19:21,[尬笑]你看完视频了吗？人视频里明确说了摄入5克以上可能致命，这跟毒药有区别？另外，视频里说了，国家标准是每公斤0.2克，你知道一包薯片多少克吗？你再爱吃薯片你一天要吃多少包才能超标摄入？还得长期这么吃才有可能致癌，你把薯片当饭吃你都吃不了这么多好吗？你评论带脑子吗？,1
2025/3/28 19:21,我今天刚吃完两大包[裂开][裂开],0
2025/3/28 19:21,我就爱吃,0
2025/3/28 19:21,云南薯片比乐事好吃。茶颜的挺好吃。,0
2025/3/28 19:21,我也是[黑脸],1
2025/3/28 19:22,我刚在Today下单[泪奔],0
2025/3/28 19:22,他告诉你致癌。但是不告诉你一次性多少才会致癌。你查一下就知道了。,0
2025/3/28 19:22,薯片我也最爱黄瓜味别的口味买吃过，不过一年买个几包[泪奔],0
2025/3/28 19:22,别怕，日本说我们出口的粽子大肠杆菌超标，现在乐事薯片有致癌物质。咱以后不吃了,1
2025/3/28 19:22,你又不天天吃，顿顿吃,0
2025/3/28 19:22,从去年开始才有的，之前都没有，去年突然加了个tbhq,0
2025/3/28 19:22,我昨晚才买了两袋，还吃了一袋,0
2025/3/28 19:23,我懂[流泪],0
2025/3/28 19:23,我也…[流泪],0
2025/3/28 19:23,确实，我也吃了很多,0
2025/3/28 19:23,油炸膨化食品啥样的都垃圾食品,0
2025/3/28 19:23,哈哈外国根本就没有黄瓜味薯片只有中国有，你猜为什么[暗中观察][暗中观察][暗中观察],0
2025/3/28 19:23,@(??????),0
2025/3/28 19:23,我也是[流泪],0
2025/3/28 19:24,一样[吐血],1
2025/3/28 19:24,你算一下吃了多少克了[做鬼脸],0
2025/3/28 19:24,@Flipped_ @小钟睡不醒. @Anguo,0
2025/3/28 19:24,@岚 [看][看][看],0
2025/3/28 19:24,氧气能致死老化，你别呼吸了[抠鼻],1
2025/3/28 19:24,早就不敢吃了,0
2025/3/28 19:24,那天刷着可以吃B级今天又不行了，刚吃完还怀孕了，吃最小袋的，服了服了[尬笑]真的不能乱吃了,1
2025/3/28 19:24,吃子弟,1
2025/3/28 19:24,他说国家标准是0.2克/公斤，他说5克以上致命，却没说一袋40克的薯片里含有多少克[呲牙],0
2025/3/28 19:24,我也是，刚吃完,0
2025/3/28 19:24,我想知道我什么时候死~就爱吃你说的这俩,1
2025/3/28 19:24,我开便利店，好多人就是指定非要乐事薯片，说很好吃[捂脸],0
2025/3/28 19:24,抛开含量谈毒性，都是耍流氓,0
2025/3/28 19:24,@泡芙 [流泪],0
2025/3/28 19:24,@Aaf. @??折枝春山茶?? @??. @tree tree 的 @白日梦想家” @宇先生,0
2025/3/28 19:25,我也是,0
2025/3/28 19:25,看过配料表说海盐味配料表是最干净的,0
2025/3/28 19:25,我现在买东方甄选的不知道好不好[笑哭],0
2025/3/28 19:25,我最爱青柠味跟芥末味,0
2025/3/28 19:25,我也是[流泪][流泪][流泪],0
2025/3/28 19:25,少看看这种，看了感觉明天就会挂的,1
2025/3/28 19:25,@caTToiin.,0
2025/3/28 19:25,@七安?? @_淡 陌＇＇,0
2025/3/28 19:25,哎呀，瞬间安心了，吃不死我就行，我也偶尔吃一吃，一次也吃不了一包，那就没事，微微毒，不要紧,0
2025/3/28 19:25,@用户8591744177942 啊[宕机],1
2025/3/28 19:26,我也是的，最爱这两个口味,0
2025/3/28 19:26,垃圾食品少吃点，一天三顿饭正常吃，比什么都好。,0
2025/3/28 19:26,[捂脸]我也是经常吃,0
2025/3/28 19:26,卖的好袋装食品都是高科技爆表的,0
2025/3/28 19:26,我也是就爱吃这俩味儿[捂脸],0
2025/3/28 19:26,我也是[尬笑],0
2025/3/28 19:26,@王星月小盆友,0
2025/3/28 19:26,刚才才买了这两个味道[泣不成声],0
2025/3/28 19:27,这种有害东西能不加就不要加，毕竟风险在哪里，明知有风险还有侥幸心理，吃的少没事,1
2025/3/28 19:27,我女儿也喜欢这两口味[泪奔],0
2025/3/28 19:27,我就是,0
2025/3/28 19:27,@Cherubain,0
2025/3/28 19:27,我也是 ，就吃 乐事 原味的[泪奔],0
2025/3/28 19:27,酒精还一级致癌物呢,0
2025/3/28 19:27,我昨天刚买[尬笑],0
2025/3/28 19:28,是好吃,0
2025/3/28 19:28,我就是去年爱上这个薯片的，吃了好多[尬笑],0
2025/3/28 19:28,"[捂脸]说一个事实  
这种等于慢性毒适应
你不吃 大家都吃了
以后大家抗毒性都提高了 而你没有[尬笑]
稍微一个群体病毒 你抗不住[微笑]
所有平时 微量毒 还是接受吧

就跟小时候玩泥巴的孩子比无菌环境长大的孩子，玩泥巴 长大的孩子身体更好一样[逞强落泪]",1
2025/3/28 19:28,@打小就多情 @椰奶脆啵啵 @小韦一天吃七顿 @黑桃K @与我常在,0
2025/3/28 19:28,那你可劲吃吧,1
2025/3/28 19:28,只是有风险 又不是一定会 读过书没有 抽烟还有风险呢 风险比这个大多了,0
2025/3/28 19:28,[捂脸]我也是最爱黄瓜味[流泪][捂脸],0
2025/3/28 19:29,@乐心,0
2025/3/28 19:29,1,1
2025/3/28 19:29,我也是[尬笑],0
2025/3/28 19:29,你以为癌症立刻就能显现[捂脸],0
2025/3/28 19:29,吃了就乐死了[捂脸],1
2025/3/28 19:30,我也是[流泪],0
2025/3/28 19:30,和我吃的一个口味[捂脸],0
2025/3/28 19:30,放心吧，我记算过了，一次性吃50斤薯片才能中毒,0
2025/3/28 19:30,@Flechazo @放学等等我 @ぞ蝶む吻痕お 在这里呢,0
2025/3/28 19:30,@liberte @Lumière??,0
2025/3/28 19:31,＋1[捂脸],0
2025/3/28 19:31,我也是,0
2025/3/28 19:31,对  云南那种土豆片好吃,0
2025/3/28 19:31,@VAR裁判,0
2025/3/28 19:31,我也是，狗日的[捂脸],1
2025/3/28 19:32,[泪奔][泪奔]吃着吃着就过敏了，这两年没吃过,0
2025/3/28 19:32,我之前也经常吃，去买时发现袋子正面加了好大几个字母TBHQ，就再也没买了。其他食品为了掩盖特丁基对苯二酚用英文代替而且还写在配料表里，他家直接字体扩大印在袋子正面[捂脸],0
2025/3/28 19:32,@折言之,0
2025/3/28 19:32,从中原网 乐事薯片含致癌物那里过来的，原来老爸测评早就报道过，给你们点赞??,0
2025/3/28 19:33,@秋刀鱼的滋味 @盐不甜.（已卸载） [微笑][微笑][微笑][微笑][微笑][微笑],0
2025/3/28 19:33,我也吃滇二娃的薯片没有这个致癌的风险[玫瑰],0
2025/3/28 19:33,我也是，而且还只买乐事,0
2025/3/28 19:34,@么妮小妈,0
2025/3/28 19:34,为什么出酱油的时候很少有人这么说呢？,0
2025/3/28 19:34,@纯情少男,0
2025/3/28 19:34,@修行千年的板蓝根 看到没[看][看]还好我不喜欢吃,0
2025/3/28 19:34,你真的很细心哎，以前从来不爱吃薯片的，就去年经常买，孩子也跟着吃蛮多！,0
2025/3/28 19:34,一样样的,0
2025/3/28 19:34,真的只喜欢吃乐事。,0
2025/3/28 19:34,我也是[泪奔],0
2025/3/28 19:34,刚买了两个味道的，现在是吃还是扔？,0
2025/3/28 19:34,下不了，国家容许添加每公斤0.2克,0
2025/3/28 19:35,[微笑]人还是人嘛,0
2025/3/28 19:35,各种添加放一块，我的身体真的是辛苦了,0
2025/3/28 19:35,我还有一袋呢[泪奔][泪奔][泪奔]，吃不吃啊[泪奔][泪奔][泪奔][泪奔],0
2025/3/28 19:35,子弟土豆片老牌子，我超爱麻辣味的[捂脸],0
2025/3/28 19:36,@盐城泰泽丰家具厂,0
2025/3/28 19:36,理解下什么叫长期过量[尬笑],0
2025/3/28 19:36,@7v7 你喜欢的,0
2025/3/28 19:36,四川人 我小时候吃过子弟以后 其他薯片都不香了[舔屏],0
2025/3/28 19:36,我昨天刚吃[看],0
2025/3/28 19:36,国家允许添加 放心吃,0
2025/3/28 19:36,@要芒果??吗 [疑问][困][困][困][困],0
2025/3/28 19:36,我吃薯片只吃乐事，快乐没有了,0
2025/3/28 19:36,特丁基对苯二酚在很多饼干里也有,0
2025/3/28 19:37,超5克，一袋薯片里多少克？国标允许是0.2g/kg。你吃多少薯片能到5克？还得长期过量食用，少熬熬点夜，少抽点烟，比什么都强。,0
2025/3/28 19:37,今天刚吃完一袋青柠味的,0
2025/3/28 19:37,吃这么多年啦 怕啥 小时候谁不是天天吃或经常吃呀,0
2025/3/28 19:37,我只吃薯愿[泪奔],0
2025/3/28 19:37,一样,0
2025/3/28 19:38,那你倒是禁止销售啊，为啥还在卖[疑问],1
2025/3/28 19:38,我喜欢吃原味的，罐装的,0
2025/3/28 19:38,自从买了蒸汽炸锅，就没买过蛋挞了，是不是可以这样认为，让我扔了炸锅，去蛋糕店买蛋挞？？,0
2025/3/28 19:38,@安静?? [噢买尬][噢买尬][噢买尬],0
2025/3/28 19:38,长期加过量 你喝水都会有问题 [憨笑],1
2025/3/28 19:38,我就是薯片只吃乐事的,0
2025/3/28 19:38,长期和过量,0
2025/3/28 19:38,@9445 @春哥 @爱吃憨堡格?? @心动归人海 @伊丽莎白●鼠,0
2025/3/28 19:39,烧烤味,0
2025/3/28 19:39,赶紧查一下，你可能有抗癌免疫细胞[偷笑],0
2025/3/28 19:39,@YJA～ [九转大肠][九转大肠]我也是,0
2025/3/28 19:39,我擦,1
2025/3/28 19:39,其实你可以尝尝云南土豆片,0
2025/3/28 19:40,最爱子弟其次乐事[捂脸],0
2025/3/28 19:40,@??,0
2025/3/28 19:40,还好我基本上不吃[泣不成声],0
2025/3/28 19:41,只吃丽丽薯片[大笑],0
2025/3/28 19:41,我也是[泪奔],0
2025/3/28 19:41,越爱吃的东西越危险知道不。,0
2025/3/28 19:41,我更天塌了刚买了6包我最爱吃的香芋片[流泪][流泪][流泪],0
2025/3/28 19:41,[宕机][宕机][宕机]@troye @耶耶粘豆包 @About-jerry @生活杂学家 @????咕噜咕噜~ @多喝开水 @权志龙李东海圈外女友 @猫猫头i @一个CHEN,1
2025/3/28 19:41,上好佳还可以，脆升升，你吃过就知道乐事真的是弟弟[捂脸],0
2025/3/28 19:41,中午吃没事[呲牙][呲牙],0
2025/3/28 19:41,我上大学的时候最喜欢乐事黄瓜味的，几乎每天一袋，我现在也爱吃，因为那时候乐事里还有肯德基优惠券呢，现在我都42了。目前身体还行[捂脸],0
2025/3/28 19:41,就算没有添加剂，薯片本身也是会致癌的[尬笑],0
2025/3/28 19:41,@希夜,0
2025/3/28 19:42,乐事一点也不好吃[笑哭],0
2025/3/28 19:42,莫去看这些不然什么都吃不了,0
2025/3/28 19:42,我觉得原味最最最好吃，天塌了，孕期每天都吃[发怒],0
2025/3/28 19:42,关键我5点刚吃一包[捂脸],0
2025/3/28 19:42,多吃一点,0
2025/3/28 19:42,我女儿也喜欢这俩口味，跟她说长期过量吃会致癌，她回我：能吃是能吃就是少吃对吧[捂脸],0
2025/3/28 19:42,没事的，还不如一碗麻辣烫[抠鼻],0
2025/3/28 19:42,所以你应该不是回我的吧[尬笑],0
2025/3/28 19:42,什么？！,0
2025/3/28 19:43,试试滇二娃,0
2025/3/28 19:43,最爱原味,0
2025/3/28 19:43,你自己身体不要新陈代谢？[发呆],1
2025/3/28 19:43,@诸葛亮晶晶 @bb猪 @小虞 @十七点十七. @打完boos睡觉 @略略略略略略 @关你什么柿?? 塌了啊[流泪][流泪][流泪][流泪][流泪],0
2025/3/28 19:43,偶尔吃吃没事，你看欧美当饭吃也没绝种,0
2025/3/28 19:43,放心吃,0
2025/3/28 19:44,@絮果,0
2025/3/28 19:44,我的原味！,0
2025/3/28 19:44,红肉也致癌??热水也致癌，致癌的多着呢[看],0
2025/3/28 19:44,@空空 @梦止,0
2025/3/28 19:44,[捂脸]@不系舟??,0
2025/3/28 19:44,就是云南的土豆片有土豆味道，而且辣味也对四川人很友好，不像乐事都是假味道,0
2025/3/28 19:44,@??一顿不吃饿得黄同学 @多多丫 @橙^o^子 @媛媛?? @五彩泡泡,0
2025/3/28 19:45,我也是啊，家里还有两桶没吃[流泪],0
2025/3/28 19:45,人家只是告诉你，你爱吃又没人管你[捂脸],0
2025/3/28 19:45,@芝士挞 [宕机][宕机][宕机],1
2025/3/28 19:45,记得有一年说吃生菜会致癌  吓死一帮鳖孙儿  结果告诉你一次吃一卡车的量[看],0
2025/3/28 19:45,天塌了没事儿  只有人还在就行,0
2025/3/28 19:46,我也是！！！！！,0
2025/3/28 19:46,[呲牙]放心啦，薯片谁都不是当饭吃，他也说要长期和过量才不好，偶尔吃吃没事,0
2025/3/28 19:46,乐事我吃了好多[流泪],0
2025/3/28 19:46,哥们，喝酒抽烟吃肉晒太阳也是有致癌风险的，别看到这俩字就应激了，凡事都有个度，又不是一次吃几公斤的，风险没你想的那么大,0
2025/3/28 19:46,这东西真不行，但是你喜欢吃没人管你，少吃总没坏处,0
2025/3/28 19:46,上好佳呢[绝望的凝视]平时只吃乐事的，上好佳安全我就吃上好佳了[泣不成声],0
2025/3/28 19:47,[泪奔]完了，前几天刚刚买了十袋刚刚吃完,0
2025/3/28 19:47,我[泣不成声]，只吃黄瓜味[泣不成声],0
2025/3/28 19:47,天啦,0
2025/3/28 19:48,[捂脸]我就买乐事的，我要攻进他们直播间去,1
2025/3/28 19:48,国内大部分带油脂的膨化食品都有  不信去超市看 卫龙辣条旺旺都有,0
2025/3/28 19:48,@龍. @穗叡 @小路不迷路耶 刚刚都还在吃[宕机],0
2025/3/28 19:49,天塌了，我女儿每次吃薯片要买可比克，我都劝她吃乐事[捂脸],0
2025/3/28 19:49,我也只吃这两个味的,0
2025/3/28 19:49,@Sunshine.,0
2025/3/28 19:49,可比克[看]，你好天真,1
2025/3/28 19:49,我最爱青柠味,0
2025/3/28 19:49,不管什么零食，少吃点,0
2025/3/28 19:49,薯片只吃乐事的，正是当年奶粉只吃三鹿的那批人,1
2025/3/28 19:50,哈哈哈,0
2025/3/28 19:50,以前版本没有，出了那个减少50%的饱腹感啥的就有了！因为一直关注配料表对比过[泪奔],0
2025/3/28 19:50,薯片都有添加剂，无论乐事还是可比克,0
2025/3/28 19:50,@圆圆宝贝。 [泣不成声][泣不成声][泣不成声],0
2025/3/28 19:50,@wobuqi?? 碎了,0
2025/3/28 19:50,我也是[流泪],0
2025/3/28 19:50,@五角钱 一样,0
2025/3/28 19:50,你确定没问题吗[看],0
2025/3/28 19:50,对 那就这俩口味最毒,1
2025/3/28 19:51,天啊 我才吃了这两包,0
2025/3/28 19:51,我也是[微笑],0
2025/3/28 19:51,@??草莓多多?? 天塌了啊啊啊啊我娃偶尔一起吃,0
2025/3/28 19:51,我也喜欢这俩口味 不过蓝袋意式红烩的也好吃 你下次可以试试,0
2025/3/28 19:51,@怵见 天塌了,0
2025/3/28 19:51,@王浩,0
2025/3/28 19:51,我也是[捂脸],0
2025/3/28 19:51,我还是喜欢子弟薯片有薯片口感味道,0
2025/3/28 19:52,@菲姬,0
2025/3/28 19:52,其实好多东西我们跟他们吃的不一样，所以他们才不管的,0
2025/3/28 19:52,@我真是大佬来噶,0
2025/3/28 19:52,@湫 @拼命菇 高蜜最爱的黄瓜??和青柠,0
2025/3/28 19:52,好，不吃了,0
2025/3/28 19:52,零食薯片买的最少,0
2025/3/28 19:52,我也是[捂脸],0
2025/3/28 19:52,@笑容不是为我,0
2025/3/28 19:52,我也是，很喜欢吃,0
2025/3/28 19:52,@莱昂 我的最爱也塌房了,0
2025/3/28 19:52,宝贝，都一样啊[捂脸],0
2025/3/28 19:52,我正在吃，咋整，吃还是不吃[捂脸],0
2025/3/28 19:53,是的，包装袋有升级新配方减少50%什么的就有TBHQ，像海苔味的就没有,0
2025/3/28 19:53,@宋毛毛 你也,0
2025/3/28 19:53,我最爱的黄瓜味,0
2025/3/28 19:53,[泪奔]我也是，刚打开,0
2025/3/28 19:53,我也是最喜欢黄瓜味和青柠味的,0
2025/3/28 19:53,@陈dada [泪奔],0
2025/3/28 19:53,子弟真是绝[赞][赞][赞],0
2025/3/28 19:53,吃，老贵了不能浪费[捂脸],0
2025/3/28 19:53,@偷走月亮?? @蛋馕姑娘 @旺旺旺旺王 @小静静吖 @四季??安然? @??春风十里不如一个你 @-圆小圆-,0
2025/3/28 19:54,@?? Fa?ang·?? 天塌了,1
2025/3/28 19:54,烫的食物也致癌，下次谁再让你趁热吃怼回去，他在谋害你[看],1
2025/3/28 19:54,多吃点没事,0
2025/3/28 19:54,我也不喜欢可比克，只喜欢乐事[笑哭]感觉可比克有面粉味道,0
2025/3/28 19:54,我家还好多了，怎么办吃了扔了[泪奔][泪奔][泪奔],0
2025/3/28 19:54,[偷笑],0
2025/3/28 19:54,我最喜欢青柠的了,0
2025/3/28 19:54,要知道特丁基对苯二酚在很多辣条中都有添加孩子们[流泪],0
2025/3/28 19:54,总有先走的一批[坏笑],1
2025/3/28 19:54,你试下四洲薯片你会觉得吃晚了,0
2025/3/28 19:54,青柠味我的最爱,0
2025/3/28 19:54,那你多吃,0
2025/3/28 19:54,@胡小翠,0
2025/3/28 19:55,自己炸土豆片不香吗,0
2025/3/28 19:55,很多食品都有这个成分，还看剂量,0
2025/3/28 19:55,[握手],0
2025/3/28 19:55,薯片都有，乐事放的比较少，别的牌子慎重,0
2025/3/28 19:55,累积？！！[不失礼貌的微笑],0
2025/3/28 19:55,@????????,0
2025/3/28 19:55,好可怕[捂脸]感觉没有什么能吃了[流泪],0
2025/3/28 19:55,我都不吃了[捂脸],0
2025/3/28 19:55,正在吃，怎么办？要扔吗,0
2025/3/28 19:55,吃啊，你就说现在有啥是没毒的,1
2025/3/28 19:55,最爱麻辣香锅的还贵6.8[捂脸],0
2025/3/28 19:56,给孩子啥零食都别吃了，就给他吃正常的饭吧，咱们不买，这些厂家自然也就该倒闭了,0
2025/3/28 19:56,我也是啊，吃了十几二十袋[流泪][流泪]还卖那么贵,0
2025/3/28 19:56,跟你讲飘香麻辣锅和可乐最好吃,0
2025/3/28 19:56,要吃就是原味的，几乎没有添加剂,0
2025/3/28 19:56,@中心灯改丶,0
2025/3/28 19:56,我最爱那个大波浪烤鸡翅味的,0
2025/3/28 19:56,适量吃都没问题，不用怕，好多视频看起来是科普，其实就是制造焦虑博流量，拉黑就行了,0
2025/3/28 19:56,你想试探一下身体的极限？这不是感冒，淋雨感冒了吃点药就好，这个到极限就没得救了！,1
2025/3/28 19:57,我懂[躺平],0
2025/3/28 19:57,基本上零食都有[尬笑],0
2025/3/28 19:57,别的品牌也有,0
2025/3/28 19:57,我也是,0
2025/3/28 19:57,最爱吃原味[捂脸],0
2025/3/28 19:57,偶尔吃，没事啦,0
2025/3/28 19:58,@欧克麻麻！,0
2025/3/28 19:58,@tais-toi? @云端兔?? @￥ v ￥ @一颗??球～ @李 @养猪大户 @卡莎729 @Xinxinaaaaaaa @夏念在,0
2025/3/28 19:58,我也是,0
2025/3/28 19:58,没东西炒作了而已！人家是合理添加的！水也是致癌物！一次性喝30斤以上也致命！他就是故意挑严重的说！可能一包薯片里含量不到万分之一克！一次吃100包都不会致命的[捂脸],1
2025/3/28 19:58,我也是[捂脸],0
2025/3/28 19:58,你说的都多余，喜欢吃你就让他吃不就好了[捂脸],1
2025/3/28 19:58,这俩味儿的也是我的最爱,0
2025/3/28 19:58,对，其他的品牌也尝过，口味和口感都差那么一丢丢,0
2025/3/28 19:58,[流泪]我爱吃黄瓜,0
2025/3/28 19:58,@这是只一二嗷,0
2025/3/28 19:58,我刚买了一袋黄瓜味的[捂脸],0
2025/3/28 19:58,一次性摄入5克以上才会有风险[抠鼻]正常根本不会摄入这么多,0
2025/3/28 19:58,@古德猫咛 天塌了,0
2025/3/28 19:58,我们一样,0
2025/3/28 19:58,一天吃二十包连续吃上好几年会致癌,0
2025/3/28 19:58,我家爱吃原味，黄瓜，番茄,0
2025/3/28 19:58,我等这一批[黑脸],1
2025/3/28 19:58,我爱吃青拧味,0
2025/3/28 19:58,少吃没事一个月两包应该安全,0
2025/3/28 19:58,不要天天吃,0
2025/3/28 19:59,可比克也有，这东西都是适量添加的根本算不上什么，这次吃的等你下次吃早都代谢完了,0
2025/3/28 19:59,敢问 能吃啥,0
2025/3/28 19:59,我也是[尬笑],0
2025/3/28 19:59,@环游的41 哈哈哈哈,0
2025/3/28 19:59,@始于初见° 哦莫,0
2025/3/28 19:59,@呆桃不是桃,0
2025/3/28 19:59,@不芝岛?°?°?,0
2025/3/28 19:59,乐事全部都有,0
2025/3/28 19:59,天塌了。,0
2025/3/28 19:59,自己做辣条子[捂脸]买点牛筋面，人造肉，豆皮卷，十分钟能做一大盘子[捂脸],0
2025/3/28 20:00,最爱番茄味[裂开][裂开]现在都还有[捂脸],0
2025/3/28 20:00,我家也是[发怒],1
2025/3/28 20:00,@可口菇,0
2025/3/28 20:00,@Xiubay @不要慌,0
2025/3/28 20:00,@佳钓尼未签约钓手 [笑哭],0
2025/3/28 20:00,我昨天才买了五袋！哎～,0
2025/3/28 20:00,云南特产 噜咪啦  和子弟薯片  比什么乐事可比克好吃多了,0
2025/3/28 20:00,对，辣条也是重灾区,0
2025/3/28 20:00,我也是，我儿子也是[泣不成声]，只选乐事,0
2025/3/28 20:00,烧烤不也一样[看],0
2025/3/28 20:01,@小小恋歌 少吃,0
2025/3/28 20:01,长期过量  喝水多了还能中毒了,0
2025/3/28 20:01,@天冷了... 不要再次那么多辣条了,0
2025/3/28 20:01,@林温柔.,0
2025/3/28 20:01,今天下午刚刚买了几包 还没吃[捂脸],0
2025/3/28 20:01,[比心],0
2025/3/28 20:01,wo?ye?shi,0
2025/3/28 20:01,@重生之我在三江卖白菜 天塌了，今天刚吃了青柠味的[微笑],0
2025/3/28 20:02,自从知道旺旺雪饼里有这个东西，就再也没买过了,0
2025/3/28 20:02,我昨天就买这两个[泪奔],0
2025/3/28 20:02,[捂脸]还好十几年前吃的稍微多一点，这几年一年到头难得吃一两次。,0
2025/3/28 20:02,很多食品都有，小孩子天天吃几包就代谢不完了,0
2025/3/28 20:02,鲁咪啦不好吃，吃一袋下克感觉腻得不得了,0
2025/3/28 20:02,澳利奥也有,0
2025/3/28 20:02,冷知识 很多食用油也有这东西,0
2025/3/28 20:02,@板栗??。 啊，我真的喜欢吃,0
2025/3/28 20:03,@扭扭捏捏那你呢 @斯蒂芬咖喱,0
2025/3/28 20:03,方便面基本都有,0
2025/3/28 20:03,食用油里面都有，抗氧化剂，不然食用油不可能保存12个月,0
2025/3/28 20:03,我觉得你们云南干土豆片也不错，回家自己炸着吃放心,0
2025/3/28 20:03,@02就是羚儿呀 天杀的[微笑],1
2025/3/28 20:03,不止辣条，很多饼干糕点里有油性的都有,0
2025/3/28 20:03,@做咩手工馆,0
2025/3/28 20:04,我刚吃完一包黄瓜味的[裂开],0
2025/3/28 20:04,我也是,0
2025/3/28 20:04,我也,0
2025/3/28 20:04,对啊，不让用脱氢乙酸钠了，用TBHQ有问题吗？这种毒视频看看就好了，按他说的所谓致死量，一天至少吃83公斤薯片。平时偶尔吃个一包两包的身体早代谢出去了，又不是貔貅只进不出。现在的媒体新闻已经把新闻三大核心要素抛之脑后了，全是博眼球博流量的假新闻。大象新闻还标个北京中大中医医院的医生，说果糖代谢不了，不如蔗糖，让人永远不要吃水果，你看这是人说的话？,1
2025/3/28 20:04,谁天天给小孩吃零食,1
2025/3/28 20:04,按照这个剂量，你要吃50斤的薯片才致命，长期过量摄入，谁长期这样吃，况且人体还会代谢[看],0
2025/3/28 20:05,刚吃完[捂脸][捂脸],0
2025/3/28 20:05,好多零食方便面里都有  知道以后只要有这个配料都没在买过  旺旺的所有零食都有,0
2025/3/28 20:05,自己做吧,0
2025/3/28 20:05,@军师过于娇小 也是，但是知道了就得少吃了[我想静静],0
2025/3/28 20:06,所有的东西都会致癌[捂脸][捂脸][捂脸],0
2025/3/28 20:06,@五年又三年//,0
2025/3/28 20:06,奥里奥没有 知道以后买东西都留意了,0
2025/3/28 20:06,@一尘.,0
2025/3/28 20:06,@阿姗丶,0
2025/3/28 20:07,不能长期吃，一个月吃一次有啥关系就是上点火而已[看],0
2025/3/28 20:07,@AAA-青青草原扛把子??,0
2025/3/28 20:08,和我一样[捂脸]家里必囤,0
2025/3/28 20:08,塌啥 达到量了吗,1
2025/3/28 20:08,这东西是没风险的 who 官网搜索不到的[捂脸],1
2025/3/28 20:08,@亿根炸薯条 @小狗O,0
2025/3/28 20:08,我孕期经常吃[捂脸],0
2025/3/28 20:09,@Seul [逞强落泪],0
2025/3/28 20:09,增加风险[看],0
2025/3/28 20:09,我真是谢了[泪奔]这口味我这几天天天吃,0
2025/3/28 20:09,你猜谁批准的,1
2025/3/28 20:09,@梁浅,0
2025/3/28 20:09,我已经不吃了，踏马的以前总买黄瓜柠檬的,1
2025/3/28 20:09,旺旺都有,0
2025/3/28 20:09,@嗯嗯了 @糊糊虎虎胡 @派派 @糯米心 @你再哇哇叫 @堆堆小慢 @成功女人,0
2025/3/28 20:09,我今天刚买的乐事，黄瓜味[捂脸][捂脸][捂脸],0
2025/3/28 20:09,我家俩娃特别爱吃薯片，每次还强调只吃乐事，说乐事的好吃[流泪][流泪],0
2025/3/28 20:09,@发财发财 @小多多多肉 @达不妞 @Emmm,0
2025/3/28 20:10,@莎莎 昨天吃黄瓜味的今天刚吃完青柠味的,0
2025/3/28 20:10,幸亏我不怎么吃,0
2025/3/28 20:10,吃了那么多年，要找乐事索赔么,0
2025/3/28 20:10,我家俩娃就是，只吃乐事,0
2025/3/28 20:10,。。。我家里过年买了好几包。。。黄色那个原味,0
2025/3/28 20:10,我特么刚吃完,0
2025/3/28 20:10,不然呢[笑哭][捂脸],0
2025/3/28 20:10,癌症是基因问题 外界原因只是增加概率,0
2025/3/28 20:10,[看]致癌的多了去了,1
2025/3/28 20:11,@??（见过鹿晗版） [流泪],0
2025/3/28 20:11,是的，旺旺里也有，我都想改名字了,0
2025/3/28 20:11,塌不塌的你吃啥也离不开这些东西，,0
2025/3/28 20:11,天塌了，[泣不成声],0
2025/3/28 20:11,我也,0
2025/3/28 20:11,@加绒猫猫座椅,0
2025/3/28 20:12,慢性毒药,1
2025/3/28 20:12,@X?????? @小阿咪呀,0
2025/3/28 20:12,一个月来不了一袋,1
2025/3/28 20:12,三只松鼠也有，刚给我一岁来宝宝吃了[捂脸]就看到这个,0
2025/3/28 20:12,@呱呱蛙?? @ILM鲸鱼 @??嗯,0
2025/3/28 20:12,@雾散时风起,0
2025/3/28 20:12,没有抖音前你知道吗？,0
2025/3/28 20:12,@距离退休还有40年 吃25kg薯片,0
2025/3/28 20:12,?，1,1
2025/3/28 20:13,湖南都没看到路啦迷这个牌子[捂脸],0
2025/3/28 20:13,口味相同,0
2025/3/28 20:13,小孩自己买，我读书的时候学生都是饭后一两包零食,0
2025/3/28 20:13,后来吃颠锅锅。[逞强落泪],0
2025/3/28 20:13,加一前两天刚买了两包135克的[暗中观察],0
2025/3/28 20:13,知音[流泪]我也是,0
2025/3/28 20:13,我也是，超爱,0
2025/3/28 20:13,@小李好运来,0
2025/3/28 20:14,就是自己买一天几包也微不足道,0
2025/3/28 20:14,臭味相投的人[比心][比心],1
2025/3/28 20:14,以前的香茅草味好吃，现在没得了,0
2025/3/28 20:15,卫龙里面都加的有，国家不禁止添加剂生产，说啥都没用,1
2025/3/28 20:15,我也是，最爱黄瓜，青柠，原味[泣不成声],0
2025/3/28 20:15,随便吃我查论文了，这不是致癌物[捂脸],0
2025/3/28 20:15,@阿bui,0
2025/3/28 20:15,@长颈鹿呀- @Mikasa,0
2025/3/28 20:15,冰箱里食物放超过两天会致癌，菜板用久了滋生细菌会致癌，喝超过40°的热水也会致癌，你说还有啥不致癌呢,0
2025/3/28 20:15,彼此彼此，我也是只吃这两种口味[捂脸][恐惧],0
2025/3/28 20:16,@无可奈何吖,0
2025/3/28 20:16,还是没有以前那个味道了,0
2025/3/28 20:16,谁来告诉我是真的吗？孩子天天吃啊[捂脸][捂脸][捂脸],0
2025/3/28 20:16,有的学生一星期吃几次泡面奶茶螺蛳粉麻辣烫路边烤串，放学天天不重样，然后课后饭后吃零食辣条。,0
2025/3/28 20:17,我也最爱吃这两种口味，还有原味,0
2025/3/28 20:17,这是云南本地的品牌，就像欧亚牛奶一样，可以试试,0
2025/3/28 20:17,我最爱原味[泪奔][泪奔],0
2025/3/28 20:17,子弟好多地方都没有[泣不成声],0
2025/3/28 20:17,@老敏子. @喵喵好运来,0
2025/3/28 20:17,那样吃也就听天由命吧,0
2025/3/28 20:17,@C陌,0
2025/3/28 20:17,吃吧，现在啥安全？[捂脸],0
2025/3/28 20:17,我也是,0
2025/3/28 20:18,@Cliffordyun [疑问]天塌了,0
2025/3/28 20:18,那么多有问题的商品能上架，值得深思,0
2025/3/28 20:18,我也超爱这两个口味,0
2025/3/28 20:18,以后不吃了，当减肥吧[泪奔],0
2025/3/28 20:18,米饭致癌，你别吃了,1
2025/3/28 20:18,@山抹微云君,0
2025/3/28 20:18,这种包装零食还好点，所有的添加剂都是符合标准的，那种路边摊才是真的不干净,0
2025/3/28 20:18,我也爱黄瓜和柠檬，但我不怎么吃零食[捂脸],0
2025/3/28 20:18,@欣欣欣,0
2025/3/28 20:18,@又想瑶瑶了 @双开门电冰箱 @玳瑁不是?? @00. @Mly.,0
2025/3/28 20:19,刚吃了，还是孕妇,1
2025/3/28 20:19,是的 简直太离谱了[泪奔]我以前经常买来吃 还有孩子也一起吃 成年人和孩子身体素质都不一样 简直了[绝望的凝视],0
2025/3/28 20:19,@秋意微醺,0
2025/3/28 20:19,@?一般的一天,0
2025/3/28 20:19,可以吃但是不要多吃，他说的 tbho，世卫上压根查不到有风险，就是制造焦虑的,1
2025/3/28 20:19,还行 心怡爱 哈哈,0
2025/3/28 20:19,添加要求0.2克每公斤，需要摄入5克致命。所以吃25公斤的致命。但是也没说能否代谢的掉，还是说代谢不掉，在体内累计,0
2025/3/28 20:20,他最后不是说了吗，长期过量食用才会有问题，平时过过嘴瘾能有啥事[捂脸]少吃或者换个品牌就没事了,0
2025/3/28 20:20,@??樂乐楽,0
2025/3/28 20:20,不怕，有医保,0
2025/3/28 20:20,一样的，最近几年吃得比较少，但是孩子吃薯片，我都会给他买乐事的，觉得比其它的好吃[捂脸],0
2025/3/28 20:20,老百姓看看热闹就行了，别什么都当真，什么食物适量吃就好，要知道商场如战场，懂得都懂[捂脸][捂脸][捂脸],0
2025/3/28 20:20,子弟好吃,1
2025/3/28 20:20,长期，过量。不天天吃顿顿吃，放心啦,0
2025/3/28 20:20,下架的不应该是产品，应该是食品主管部门,1
2025/3/28 20:21,我懂你,0
2025/3/28 20:21,我最爱青柠,0
2025/3/28 20:21,致癌不是会引起突发疾病,0
2025/3/28 20:22,@冷?? @困困困了 @??卢完锡灯说晚安?? @????隐形游乐场???? @我要吃烧鹅 [憨笑],0
2025/3/28 20:22,@??&,0
2025/3/28 20:22,不急 带节奏的太多了 等等看,0
2025/3/28 20:22,视频中为什么不说剂量？我说你吃饭能吃死，你是不是就不吃饭了？[看],1
2025/3/28 20:22,麻辣呢 好吃,0
2025/3/28 20:22,天塌了，最喜欢番茄味的[捂脸],0
2025/3/28 20:22,@遇见. [泣不成声],0
2025/3/28 20:22,不用塌了，你吃的任何东西，包括自来水都是有危害的。,1
2025/3/28 20:23,确实好吃，特别脆，又薄又脆的[泪奔],0
2025/3/28 20:23,还吃不你，还嫌我不让你吃,1
2025/3/28 20:23,你吃云南的子弟，乐事真的难吃[皱眉],1
2025/3/28 20:23,天塌了[不看],0
2025/3/28 20:23,@xEnay,0
2025/3/28 20:23,今天刚买了一箱，谁懂[泪奔][泪奔][泪奔],0
2025/3/28 20:23,对的，吃了好多最近,0
2025/3/28 20:23,@山复尔尔。 @一亩花田鲜花店,0
2025/3/28 20:23,我懂[看]，只吃乐事[尬笑],0
2025/3/28 20:24,不都有吗？含量差不多的,0
2025/3/28 20:24,@Hester,0
2025/3/28 20:24,我也是[我想静静]马上吃完了,0
2025/3/28 20:24,你买云南土豆片，比乐事好吃，啥味都有,0
2025/3/28 20:24,天塌了刚买,0
2025/3/28 20:25,@?? @是五咂吖 @??柯??毛??毛??,0
2025/3/28 20:25,那边过来的[打脸][打脸][打脸]到底是,1
2025/3/28 20:25,[微笑],0
2025/3/28 20:25,你去零食店看看那些产品的添加剂吧，配料表大部分产品有7，8种添加剂，多的十几种，真不知道消费者怎么有胆量去吃这些产品,0
2025/3/28 20:25,刚和我儿子吃完一包[微笑],0
2025/3/28 20:26,@一只鹿- @好运li 就告诉我还有什么是真的[微笑],0
2025/3/28 20:26,烦死了，最爱买这个,1
2025/3/28 20:26,@鱼 @郑伶俐～乐活幸福家,0
2025/3/28 20:27,零食别吃，甚至你生病都不知道咋来的[抠鼻],1
2025/3/28 20:27,我最不喜欢的就是这两个口味[捂脸],0
2025/3/28 20:27,我也是，不过我很久没吃了,0
2025/3/28 20:27,该吃吃该喝喝 听这些玩意叫唤呼吸都能致癌,1
2025/3/28 20:27,这玩意又不放饭吃，偶尔吃吃,0
2025/3/28 20:27,我也是[流泪],0
2025/3/28 20:27,@福娃鑫鑫. [泣不成声],0
2025/3/28 20:28,@小丁会开心 [裂开][裂开][裂开],0
2025/3/28 20:28,试过，可能我命贱，觉得没有含添加剂的好吃[捂脸],0
2025/3/28 20:28,我家吃的次数一个巴掌能数过来，吃啥也不要认一个牌子，经常换牌子，有毒也微量，,0
2025/3/28 20:28,天塌了,0
2025/3/28 20:28,一样，我昨天还在吃[流泪],0
2025/3/28 20:29,好家伙，刚刚才买[尬笑][尬笑],0
2025/3/28 20:29,不用慌，什么雪饼什么仙贝都有下这个,0
2025/3/28 20:29,一样一样，吃乐事就喜欢青柠味和黄瓜味，其他从来不买,0
2025/3/28 20:29,@卷菜 ? ? ?,0
2025/3/28 20:29,主要是这种东西堆积起来，你发现的时候已经晚了,0
2025/3/28 20:29,@一颗桃??,0
2025/3/28 20:29,他们只关心我们吃的饱不饱，不会管我们吃的健不健康[偷笑],0
2025/3/28 20:29,@??荔枝气泡水?? @被蜜蜂蜇过的小狗 @白告 @零三年春 @小阳同学????? @用户4915534931711 @30岁无情继父,0
2025/3/28 20:30,我也是[泪奔],0
2025/3/28 20:30,@???? ??????????????,0
2025/3/28 20:30,@慕,0
2025/3/28 20:30,还好我不爱吃乐事@Calabi,0
2025/3/28 20:30,啊  啊啊 啊啊啊,0
2025/3/28 20:30,我也是,0
2025/3/28 20:30,@瘦了 天天把我当日本人整,1
2025/3/28 20:30,[捂脸][捂脸][捂脸],0
2025/3/28 20:30,你不信你多吃点呗,0
2025/3/28 20:30,富婆,1
2025/3/28 20:30,我只吃天使土豆片[捂脸],0
2025/3/28 20:30,不用害怕，根本没有超标，,0
2025/3/28 20:31,@什么鱼 [微笑],0
2025/3/28 20:31,[泪奔]吃太烫也致癌呢。。。我就听听不影响我吃[泪奔],0
2025/3/28 20:31,@敏敏敏 @长的像豆豆的小浣熊 [捂脸][捂脸],0
2025/3/28 20:31,从不买这些[呲牙]，除了回家过年，长途车，买营养快线，尖叫，矿泉水娃哈哈[比心]，无穷鸡腿（耐饿）,0
2025/3/28 20:31,我女儿就吃青瓜的，家里现在还放的一包[抠鼻],0
2025/3/28 20:31,@陈大只 @颍川良 @77的nc粉 不买了[尬笑][尬笑],0
2025/3/28 20:31,子弟在我们四川都有卖,0
2025/3/28 20:32,刚吃完雪饼,0
2025/3/28 20:32,我只喜欢青柠的，前天还买了10包迷你装的放车上,0
2025/3/28 20:32,不，只关心你爱不爱吃，他们能不能赚钱。别的不考虑，反正钱赚了，你没有直接证据证明有毒,1
2025/3/28 20:32,@宋佳丽 背刺我们[尬笑],1
2025/3/28 20:32,@抗骂男孩（橱窗军火版） @Nancy @沐沐 @云小禾 @煤球崽崽,0
2025/3/28 20:32,@?福气满满 [笑哭],0
2025/3/28 20:32,@Achen @早安Flora??,0
2025/3/28 20:32,所有的零食我只吃乐事[流泪] 唯一最爱,0
2025/3/28 20:33,@?福气满满 哎呀[笑哭],0
2025/3/28 20:33,看看WHO的一类致癌物清单，其实也没必要那么紧张,0
2025/3/28 20:33,我们出口的东西都是按最高标准，自己生产用的都是最低标准[看],1
2025/3/28 20:33,那你罚它啊[裂开],1
2025/3/28 20:33,看看客服回应，聪明人都懂,0
2025/3/28 20:33,@Y. @甘苦,0
2025/3/28 20:33,一个爱吃乐事薯片的人默默碎掉了[裂开][裂开],0
2025/3/28 20:34,昨天才吃了黄瓜味的[泪奔][泪奔][泪奔],0
2025/3/28 20:34,@不掉毛’s喵呜 怪不得，我有段时间一吃旺旺的雪饼仙贝就上火喉咙疼想生病,0
2025/3/28 20:34,@我是磊old军,0
2025/3/28 20:34,真塌了，我刚买了一堆都是黄瓜味的,0
2025/3/28 20:34,@?? [捂脸],0
2025/3/28 20:34,[尬笑]该吃吃该喝喝，咱国家没有什么不致癌的,1
2025/3/28 20:34,你想表达什么,0
2025/3/28 20:35,@闪闪发光的仙女 [苦涩][苦涩][苦涩][苦涩],0
2025/3/28 20:35,早点不说，大家都吃了很多年了,1
2025/3/28 20:35,我也是，经常买。,0
2025/3/28 20:35,你不就是爱吃这口味嘛[捂脸],0
2025/3/28 20:35,很少吃薯片[绝望的凝视],0
2025/3/28 20:35,[九转大肠]我觉得乐事好吃,0
2025/3/28 20:35,天塌了，我也爱吃这两种,0
2025/3/28 20:35,昨天刚买了12罐[泪奔][泪奔][泪奔],0
2025/3/28 20:35,我也买了,0
2025/3/28 20:35,你吃吗？,0
2025/3/28 20:35,点了[泪奔]每次去超市都要买青柠！,0
2025/3/28 20:35,塌了我也最喜欢这两个味道。不过，我吃的少,0
2025/3/28 20:36,这么多年已经产生抗体了，吃吧,0
2025/3/28 20:36,醒醒，你平时吃的比这致癌多了，就现在这食品问题在家做吃的都不安全[暗中观察],1
2025/3/28 20:36,爱吃黄瓜味和番茄味,0
2025/3/28 20:36,[石化],0
2025/3/28 20:36,跟我爱吃的口味一样[捂脸],0
2025/3/28 20:36,你说的没毛病 那你多吃点[微笑],0
2025/3/28 20:36,我也爱吃这两个味儿的，嘿嘿,0
2025/3/28 20:36,同意??,0
2025/3/28 20:36,我也最爱这两个口味[流泪],0
2025/3/28 20:37,五毛钱一袋的零食没吃过吗[看],1
2025/3/28 20:37,去吃子弟比乐事好吃,0
2025/3/28 20:37,@?i_???,0
2025/3/28 20:37,换好友趣，很好吃的[捂脸][捂脸][捂脸],0
2025/3/28 20:37,对我在四川也爱吃这两个[泣不成声][泣不成声],0
2025/3/28 20:37,我也爱吃这两个味道的[捂脸],0
2025/3/28 20:37,卧槽我就爱吃青柠的[捂脸]能不能起诉赔偿,1
2025/3/28 20:37,你知道调味品5g什么概念吗？就好比把这个毒吃了二三小条根,1
2025/3/28 20:37,一觉醒来，天塌了,0
2025/3/28 20:37,量变引起质变，你觉得没事就多吃点[微笑],0
2025/3/28 20:37,@小鱼爱吃??,0
2025/3/28 20:37,过量食用,0
2025/3/28 20:38,哈哈哈哈。这2个刚好是我最不喜欢的口味[捂脸]有时在想谁会喜欢吃这2个口味呀,0
2025/3/28 20:38,[发呆][发呆][发呆]我家孩子也喜欢吃,0
2025/3/28 20:38,我也喜欢鲁米拉,0
2025/3/28 20:38,@上辈子困死的2 @村里的姑娘小芳 天塌了[泪奔]前天才买了6包,0
2025/3/28 20:38,不谈剂量谈毒性[噢买尬][噢买尬]。你一次吃很多包嘛？现在很多这种号。,0
2025/3/28 20:39,@番茄炒蛋?? [流泪][流泪][流泪]啊！背刺我,1
2025/3/28 20:39,一样,0
2025/3/28 20:39,@白熠? [流泪],0
2025/3/28 20:39,我只给我儿子买脆升升、其他一律不买,0
2025/3/28 20:39,有啥的，每年查出来的吃的用的我都吃过用过了…没曝光的也不一定没问题……就那样吧,0
2025/3/28 20:39,我吃可比克[看],0
2025/3/28 20:39,乐事又咋惹到网传了？,0
2025/3/28 20:39,@?˙?,0
2025/3/28 20:39,我刚买了两包[泪奔],0
2025/3/28 20:39,我刚吃了一包,0
2025/3/28 20:39,云南的噜咪啦和子弟味道都不错,0
2025/3/28 20:39,很有道理的样子[呲牙][呲牙]，一次最多也就两袋,0
2025/3/28 20:39,@??YU鱼??,0
2025/3/28 20:40,@sjshxsmmdnfn,0
2025/3/28 20:40,TBHQ泡面，辣条，油炸类的很多都会放，你去零食很忙之类的零食店看配料表，大多都有,0
2025/3/28 20:40,是的 只要食品里用到油的基本都有,0
2025/3/28 20:40,@Cherish?? @X晴晴晴天,0
2025/3/28 20:40,抗坏血酸也别吃,0
2025/3/28 20:40,@Jasper不想上班,0
2025/3/28 20:40,哦漏,0
2025/3/28 20:40,人家说了超入5克才会有风险，你先看看你吃了这么多年一共吃了多少,0
2025/3/28 20:41,刚买的黄瓜味[哈欠],0
2025/3/28 20:41,怎么办[泪奔]家里还有两袋。。大包的，吃不吃呢,0
2025/3/28 20:41,好久没有买薯片了，都想不起来，刷到突然想吃[泪奔],0
2025/3/28 20:41,确定美国没加吗？还是加了不用写？,1
2025/3/28 20:41,我们贵州现炸的洋芋片更好吃,0
2025/3/28 20:41,你真有钱,1
2025/3/28 20:41,这几天吃了好几袋[发呆],0
2025/3/28 20:41,不过量身体能代谢，问题有些人吃的太多了就会有影响,0
2025/3/28 20:41,3年前的新闻了 是没什么可以报道了吗,1
2025/3/28 20:41,我也爱吃青柠味[泪奔],0
2025/3/28 20:41,@贝肯怂?? [尬笑],1
2025/3/28 20:41,@椰奶冻 @? @肖战最最最亲爱的老婆 @树树苏ki @小新日常（上班版） 我也是[流泪][流泪][流泪],0
2025/3/28 20:41,@红烧四季豆 [泣不成声][泣不成声][尬笑]我最爱的乐事,0
2025/3/28 20:42,我也是[流泪],0
2025/3/28 20:42,@小泪痣 才吃了，毒死,1
2025/3/28 20:42,这话好像没毛病,0
2025/3/28 20:42,腊肉烧烤也是致癌的，影响大家吃吗,0
2025/3/28 20:42,1,1
2025/3/28 20:42,@我爱吃饭,0
2025/3/28 20:42,@小雅,0
2025/3/28 20:42,[赞][赞]看来还是有懂得,0
2025/3/28 20:43,@Sea然君,0
2025/3/28 20:43,不是天塌了，是宇宙塌了，旺旺里有，基本用到食用油的零食都有，大部分桶装食用油也有,0
2025/3/28 20:43,@难得胡涂hu 啊啊啊啊啊啊啊啊啊,0
2025/3/28 20:43,追究谁啊？,0
2025/3/28 20:43,上好佳的薯片更好吃，买了一次,0
2025/3/28 20:43,[看],0
2025/3/28 20:43,[捂脸],0
2025/3/28 20:43,@爱喝西瓜汁（见到宁艺卓版 @翘课吃早饭,0
2025/3/28 20:43,@品芹 我天真塌了 乐事你背刺我……,1
2025/3/28 20:43,我家也是[捂脸][捂脸][捂脸],0
2025/3/28 20:43,@??prysjbjnyss [宕机],1
2025/3/28 20:44,我也是,0
2025/3/28 20:44,，，，基本上，三个月以上的含有油的食物，尤其是，油，面混合物，，都必须放，不然变质分层，，，所以我零食都戒了，尤其是大多数有提鲜的，比如呈味核苷酸二钠（别称一堆），叫做超级味精，会让人高尿酸，，,0
2025/3/28 20:44,对啊特别是原味的真比其他薯片好吃[尬笑],0
2025/3/28 20:44,当然不好了，这个东西没碰，相当于少踩了一个坑，碰了肯定是慢性或者概率性的，这里面有个逻辑，从危害程度来说，只有可能性才是真正对人有害的，举个例子，高毒的吃了就死，这类不可能上市，中毒也不可能上市，因为都很明显，只有低毒或者微毒，对人的健康造成的影像是长期观察才有的，无毒就没问题了，所以说不是因为吃了很久都没问题就没问题，明显的问题藏不住，只有不太明显的才能藏住,0
2025/3/28 20:44,怕啥呢。你们女生用的高档化妆品都含有肉毒杆菌。一克肉毒杆菌能毒死一亿人 猛不猛[捂脸],1
2025/3/28 20:44,偶尔吃。没啥吧，现在致命的东西太多了，防不住啊[捂脸],0
2025/3/28 20:44,@主角、,0
2025/3/28 20:44,@indigo 还有原味的 天塌了啊[流泪][流泪][流泪][流泪],0
2025/3/28 20:44,所以医院生意好呀，就是有预谋的。,1
2025/3/28 20:44,@蛋挞呀呀呀 @温予,0
2025/3/28 20:45,我也是 我还只吃黄瓜味道的,0
2025/3/28 20:45,@yiii11 完蛋[看]快点看,0
2025/3/28 20:45,你要每一天吃上千包，连续吃很多年年，才有一定概率得癌,0
2025/3/28 20:45,@会发光的钢丝球??,0
2025/3/28 20:45,@晚风. 才吃完青柠的觉得好吃,0
2025/3/28 20:45,今天吃的可比克,0
2025/3/28 20:45,@mega @辣味芭比 @x 我去我去我去！！！,0
2025/3/28 20:45,@年糕不高???,0
2025/3/28 20:46,@Newma$ 我的最爱,0
2025/3/28 20:46,长期过量，少吃点应该没事吧[暗中观察],0
2025/3/28 20:46,感觉我就是防腐剂，吃的太多了[流泪][流泪],0
2025/3/28 20:46,天塌了吃了十几年了,0
2025/3/28 20:46,这叫事儿吗  连某品牌瓜子里面都有，我都震惊了,0
2025/3/28 20:46,@我的莫桑比克果然不好使了呢,0
2025/3/28 20:46,@我亦飘零久（修勾家长版）,0
2025/3/28 20:46,我也是,0
2025/3/28 20:46,[泣不成声]我刚买了一盒回来,0
2025/3/28 20:46,我们家也爱吃黄瓜味,0
2025/3/28 20:47,那很完蛋了 我爱青柠味 妮吃黄瓜味[微笑],0
2025/3/28 20:47,一样，经常吃[捂脸],0
2025/3/28 20:47,放心大胆的吃，国家标准每公斤不超过0.2克，要达到对身体有害的量是5克的话。你一次要吃下334包薯片。[看][看][看],0
2025/3/28 20:47,@??蓝桉???? [听歌],0
2025/3/28 20:47,@月亮浇饭 [泪奔],0
2025/3/28 20:47,我爱原味和黄瓜味 看了你的 我要尝一青柠味,0
2025/3/28 20:47,[流泪][流泪]我也是，只吃这两个味道的薯片,0
2025/3/28 20:47,你确实得深思一下，自己为啥那么容易被人带跑偏。他都说了国家允许添加，又不是不允许添加。他也没检测人家有没有过量，就把你忽悠了？,1
2025/3/28 20:47,刚给孩子买了一袋，还是我自己吃吧。,0
2025/3/28 20:48,@???小陈要早睡?,0
2025/3/28 20:48,我也是最爱这两个口味,0
2025/3/28 20:48,@小殷 天塌了,0
2025/3/28 20:48,@偏执独宠:财神爷的心肝宝贝 @李子摇啊摇 啊我碎了,1
2025/3/28 20:48,我也是,0
2025/3/28 20:48,@仙女兽,0
2025/3/28 20:49,@茶茶丸子 @可乐加糖的柒柒,0
2025/3/28 20:49,还得只吃原味的,0
2025/3/28 20:49,我买薯片只买乐事 [抠鼻],0
2025/3/28 20:49,我也是[笑哭][笑哭][笑哭],0
2025/3/28 20:50,@羊本羊 看这句话,0
2025/3/28 20:50,有什么好塌的，就孩子吃那么一点根本没事。,0
2025/3/28 20:50,@泠卡 @无音 @秋北家的皮皮 @人间凑数的NPC @薄荷味的初夏 @橙子112 @??小丸纸? [流泪],0
2025/3/28 20:50,我也是[尬笑],0
2025/3/28 20:50,我吃的贵州滇二娃薯片,0
2025/3/28 20:50,我和你一样，最爱黄瓜味和青柠味[捂脸]，不过好在我一年吃的不超过5桶。[呲牙],0
2025/3/28 20:50,美版的36一包,0
2025/3/28 20:50,我还有一包青柠的还没打开[流泪],0
2025/3/28 20:50,@快乐菠萝包 [感谢][感谢][感谢],0
2025/3/28 20:50,@大白兔黏牙 [裂开],0
2025/3/28 20:51,我也是,0
2025/3/28 20:51,没事的，你又不是每天都吃很多,0
2025/3/28 20:51,[泪奔]任何时候医生都会建议少吃零食啊。想吃就吃了。,0
2025/3/28 20:51,放心 很多薯片饼干零食都有这个东西 只要有起酥油 精炼食物油 就都有这个东西 避无可避 放心吃吧,0
2025/3/28 20:51,1,1
2025/3/28 20:51,不超标，超标的是人的嘴，管不住,1
2025/3/28 20:51,我只吃这两个[你不大行],1
2025/3/28 20:51,哈哈哈哈哈哈 烧烤味有这个物质吗 我最爱烧烤味[流泪][流泪][流泪],0
2025/3/28 20:51,好多产品都有这个，我买东西都看看，10个有8个,0
2025/3/28 20:51,试试福建的丽丽薯片[不失礼貌的微笑],0
2025/3/28 20:52,@听萌萌阴雨?? ??? 你爱吃的[看],0
2025/3/28 20:52,我也！别的黄瓜味根本吃不惯,0
2025/3/28 20:52,抛开剂量谈毒性，跟前阵子酱油事件有啥区别[捂脸],0
2025/3/28 20:52,@扬子,0
2025/3/28 20:52,天塌了我最爱原味和青柠味，而且最近都在猛吃[不看],0
2025/3/28 20:52,谁跟你说的有问题？这个新闻从头到尾没说超标[尬笑][尬笑][尬笑],1
2025/3/28 20:52,今晚刚买回来[捂脸],0
2025/3/28 20:52,我從來沒有買過這些垃圾食品[捂脸],0
2025/3/28 20:53,推荐我们云南的原切薯片，切片后油炸没有这些乱七八糟的东西，从小吃到大了，子弟和噜咪啦土豆片都好吃,0
2025/3/28 20:53,我都不喜欢,1
2025/3/28 20:53,天塌了 青瓜味[捂脸][捂脸],0
2025/3/28 20:53,哪能吃那么多,0
2025/3/28 20:53,@我的名字,0
2025/3/28 20:53,连婴幼儿吃的钙奶饼干都添加,0
2025/3/28 20:53,去去超市看看什么食品都有，反正国家不管,1
2025/3/28 20:53,撞头像了[呲牙],0
2025/3/28 20:53,@本鬼 天塌了[流泪],0
2025/3/28 20:53,完辣,0
2025/3/28 20:54,网上买，线下超市没有，吊打乐事,0
2025/3/28 20:54,@很方便的肯德基 @糖果 我最喜欢的俩味道[九转大肠],0
2025/3/28 20:54,我也喜欢黄瓜味[泣不成声],0
2025/3/28 20:54,我也是[泣不成声][泣不成声],0
2025/3/28 20:54,放心 所有口味包括原味都有这个添加剂 所以只要吃薯片都逃不过 之前我去超市找了半个小时 所有都找过了 没有一个没有的[泪奔],0
2025/3/28 20:54,喝水喝多了会中毒[捂脸][捂脸],0
2025/3/28 20:54,跟风就是雨啊你,1
2025/3/28 20:55,@酒酿橙子 [流泪][流泪][流泪]这可咋整啊[流泪]呜呜呜呜我的天塌了,0
2025/3/28 20:55,今晚才吃了一袋[泪奔][泪奔]以后再也不吃了,0
2025/3/28 20:55,没事，大家一起完犊子[泪奔],1
2025/3/28 20:55,"规定最高0.2g每公斤 一袋薯片45g 1000/45=22.22222222袋
5/0.2=25
25*22.2=555 也就是你一口气吃555袋薯片 你有致命风险 慌什么",0
2025/3/28 20:55,@AAA钢材批发王肖哥???? @阿里嘎多猪猪侠桑 [流泪],0
2025/3/28 20:55,@Vijam,0
2025/3/28 20:56,[宕机][宕机],0
2025/3/28 20:56,@?- @自闭中的土豆 @Lucky^ @6+3 啊？幸好我已经很久没吃。,0
2025/3/28 20:56,我也是，薯片就吃这两口味,0
2025/3/28 20:56,我爱吃原味的[泪奔][泪奔][泪奔]  还吃了好多,0
2025/3/28 20:56,@heggy @相思呀 @queyuan @S @沿着赤道森林数星星 @Beautiful,0
2025/3/28 20:56,呵呵你一句天塌了，引来多少水军[捂脸][捂脸][捂脸][捂脸],1
2025/3/28 20:56,塌了,1
2025/3/28 20:56,我喜欢子弟,0
2025/3/28 20:56,@时间旅行者85,0
2025/3/28 20:56,紫外线致癌[愉快],0
2025/3/28 20:56,我喜欢原味和番茄味,0
2025/3/28 20:56,五克致命，国标规定最大不超过0.2克就当薯片里面是最高值你也得一次性吃五十斤薯片才可能致命,0
2025/3/28 20:56,你的意思就是非得吃死才算吗？,1
2025/3/28 20:57,@小仔 [捂脸],0
2025/3/28 20:57,"哦豁，你去查一下，包装食品基本都有这玩意，抓谁合适？
要抓，应该抓允许添加这玩意的部门头头吧？
但是，换句话说，添加剂都不允许用，我们现在怕是吃不了这么多美味了，你愿意？",0
2025/3/28 20:57,我老公刚给我卖了三包[捂脸]正好减脂期，吃不了！减脂结束那天，应该能熬到辟谣了吧[捂脸],0
2025/3/28 20:57,@●_●. @Η?rοrο 这次是真的天塌了,0
2025/3/28 20:57,所以经常喝酒的得肝癌，胰腺癌啊，没问题,0
2025/3/28 20:57,我也是，天塌了,0
2025/3/28 20:58,@??我的桔??,0
2025/3/28 20:58,@给我起名叫小黄,0
2025/3/28 20:58,@一只高羊 @栗子~ [泣不成声][泣不成声][泣不成声],0
2025/3/28 20:58,我呀！超级喜欢番茄味[捂脸][捂脸][捂脸],0
2025/3/28 20:58,@Vincent527,0
2025/3/28 20:58,@?Stars、 [震惊][震惊],0
2025/3/28 20:58,我也就爱吃这两个口味的,0
2025/3/28 20:58,泡面、烘焙类食品、油炸食品、化妆品都含有，只要复核国家标准就没有问题,0
2025/3/28 20:58,按照视频毒量计算，你得在短时间吃掉吃掉六百多包正常规格的乐事[尬笑],1
2025/3/28 20:58,我正在吃[捂脸],0
2025/3/28 20:58,@??孤岛 幸好我们不吃这两个味，,0
2025/3/28 20:58,试试东方甄选的自营薯片吧，相比而已配料表非常干净，味道也非常好,0
2025/3/28 20:59,我也是，昨天还吃了一袋[泪奔],0
2025/3/28 20:59,买麻辣王子 它里面没有 还好吃,0
2025/3/28 20:59,想多了，小孩子的胃才多大，而且是零食，几包零食加起来也不会超过1公斤的，1公斤才0.2g,0
2025/3/28 20:59,"放心，只要是加工食品要用油的都有[呲牙]
瓜子，辣条，饼干，薯片……都有[呲牙]
想不影响，一切零食不吃
米自己种，菜自己种，种子自己培育。这样才行[捂脸]",0
2025/3/28 20:59,原味添加剂少 都是买原味的,0
2025/3/28 20:59,好吃吗？我在那个厂做过，边上有黑的，那就是烂滴，经过高温油炸，边上就会带黑。[捂脸],0
2025/3/28 20:59,刚吃了一包青柠味的[尬笑],0
2025/3/28 20:59,建议你看看我们贵州的薯片，现场出锅的，多种口味都有[呲牙][呲牙][呲牙][呲牙],0
2025/3/28 20:59,早就爆过了，记得是日本还是哪里因为这个退过我们的货，好多零食里面都有，辣条什么的,0
2025/3/28 21:00,乐事你背刺我[流泪]青柠味谁懂啊,0
2025/3/28 21:00,是我的天塌了啊……前几天还买了两袋，一口气炫完,0
2025/3/28 21:00,只是没写而已  千禾酱油零添加一个道理,0
2025/3/28 21:00,最胆大的就是咱老百姓   啥都敢吃   从不问有没有毒  对人体好不好   整个一只要你敢卖   我就敢买来吃   用的也是[捂脸][捂脸][捂脸],1
2025/3/28 21:00,@小壮圆 [九转大肠][九转大肠][九转大肠],0
2025/3/28 21:00,我没怀孕之前从没在意过，怀孕了开始看成分才知道这个的，好可怕,0
2025/3/28 21:00,@傻白甜,1
2025/3/28 21:00,我懂，我只吃乐事原切薯片[捂脸],0
2025/3/28 21:01,家里还有四袋,0
2025/3/28 21:01,塌吧,1
2025/3/28 21:01,我也是，必买口味,0
2025/3/28 21:01,对对对，你就这么安慰他，让他继续吃[大笑],1
2025/3/28 21:01,国际食品放心好了[泪奔],1
2025/3/28 21:01,桶装的没有啊[捂脸]在吃薯片刷到看了下,0
2025/3/28 21:01,可比克没有[耶],0
2025/3/28 21:01,这又是哪个竞争对手的招数,1
2025/3/28 21:01,@卓曼巴 [发呆],0
2025/3/28 21:01,在里面工作天天吃 啥口味的都有[捂脸],0
2025/3/28 21:02,@若离,0
2025/3/28 21:02,@啵啵儿 @Warrant,0
2025/3/28 21:02,说的就是我,0
2025/3/28 21:02,一样,0
2025/3/28 21:02,干吃面里面也有,0
2025/3/28 21:02,我也是,0
2025/3/28 21:02,背刺我，下次再也不吃了,1
2025/3/28 21:02,妈呀一样,0
2025/3/28 21:02,人家写了不添加这个添加剂。我吃了几十包了 [捂脸]卫龙被爆出来的时候 只有他家扛住了 去看看吧,0
2025/3/28 21:02,@徐博士,0
2025/3/28 21:02,蔬菜水果肉类，都是催熟催长的，你以为你吃的很好很有营养？[看],1
2025/3/28 21:03,谁能天天吃这个啊，我女儿很喜欢吃，但是一年吃不到5包，会过量吗[捂脸],0
2025/3/28 21:03,@??月亮上的垂耳兔,0
2025/3/28 21:03,食物安全真的很严峻,0
2025/3/28 21:03,对,0
2025/3/28 21:03,不考虑一下可比克原切吗？很好吃,0
2025/3/28 21:03,@言上,0
2025/3/28 21:03,我也是,0
2025/3/28 21:03,我也最喜欢吃这两个味[捂脸],0
2025/3/28 21:04,牛批我也是,0
2025/3/28 21:04,人家说的超过5克就嗝屁，问题是怎么知道你吃的东西里面到底加了多少克？[泪奔],0
2025/3/28 21:04,@我的肚子好饿 @R'e 服了,0
2025/3/28 21:04,我这两个口味估计吃了得有百八十包了[捂脸],0
2025/3/28 21:04,还有一些增香增鲜去臭的科技加在熟食里面，它们也有致病风险，打工人天天在外面吃，吃的也不少了,0
2025/3/28 21:04,慢性,0
2025/3/28 21:04,五克你得吃二百包,1
2025/3/28 21:04,我也是[流泪][流泪][流泪][流泪][泪奔][泪奔][泪奔][泪奔],0
2025/3/28 21:04,希望如此,0
2025/3/28 21:04,@篠 [微笑]天塌了 这我是真喜欢,0
2025/3/28 21:04,[暗中观察][暗中观察][暗中观察]??[暗中观察][暗中观察][暗中观察],0
2025/3/28 21:05,你这属于偷换概念，酒精致癌，但是人们有的选，可以不喝，是主动摄入。你这添加剂呢？没有告知不说，被动添加，5克就致命，你见过除了酒精过敏喝五克就致命的粮食酒吗？,1
2025/3/28 21:05,能写的包装上的都是安全健康的,0
2025/3/28 21:05,你只要不要饭后一百包就不用担心[抠鼻],1
2025/3/28 21:05,很多油炸食品都有，方便面基本都有[捂脸]我半年前刷到这个，好久都不敢吃薯片，甚至刚买的方便面都想扔掉[泪奔][泪奔][泪奔],0
2025/3/28 21:05,[捂脸]我也是,0
2025/3/28 21:05,我买天使的薯片了[呲牙],0
2025/3/28 21:05,@哈哈哈12543 @我要细嚼慢咽,0
2025/3/28 21:06,家里那袋不能扔[抱抱你][抱抱你],0
2025/3/28 21:06,闭眼睛吃吧 哪哪都致癌防不胜防,0
2025/3/28 21:06,@柒柒妈妈,0
2025/3/28 21:06,恰恰瓜子也有！,0
2025/3/28 21:06,万岁,0
2025/3/28 21:06,你的意思是本来加一点就能达到目的的情况下，要增加成本和风险来害你？,1
2025/3/28 21:06,猪牛羊肉等红肉也是致癌物[捂脸],0
2025/3/28 21:07,[流泪]@哇,0
2025/3/28 21:07,以后不吃了,0
2025/3/28 21:07,人家没说乐事超标，但是现在的零食，基本上都有这个，辣条，薯片。只能说少吃,0
2025/3/28 21:07,刚吃完就刷到了[捂脸],0
2025/3/28 21:07,量也不会多到哪去的，除非你只吃这些，然后不喝水只喝饮料，并且天天躺着不动,0
2025/3/28 21:07,咱俩一样 我最爱就是黄瓜味的。,0
2025/3/28 21:07,配料表能信，那红薯粉里都没有薯类基因,0
2025/3/28 21:08,我也是,0
2025/3/28 21:08,我感觉我能吃一斤,0
2025/3/28 21:08,旺旺食品也是,0
2025/3/28 21:08,这两个味道确实挺不错的,0
2025/3/28 21:08,我也一样，每次必买[流泪],0
2025/3/28 21:08,我爱青柠和牛肉烤肉味的[泪奔],0
2025/3/28 21:08,我也吃这两种口味  偶尔吃没事了 现在所有东西 哪有安全的  在乎这个在乎那个 什么都不能吃了,0
2025/3/28 21:08,天塌了，我们一样,0
2025/3/28 21:09,我也是[泣不成声]经常买,0
2025/3/28 21:09,我也是，每次都买大袋，我儿子也喜欢,0
2025/3/28 21:09,我也[宕机]@hhg,1
2025/3/28 21:09,@Hc @莳萝? @侑子 @一口南瓜饼· @??- @又又又又 @写在星星上 @??????? @…… @笑话人生，人生笑话,0
2025/3/28 21:09,呵呵，晒太阳还有益身体呢，而且人可以做防护，你这添加剂也有益身体吗？你这添加剂也可以防护吗？你这添加剂也可以合成人体必须元素吗？,1
2025/3/28 21:09,天塌了，我也是,0
2025/3/28 21:09,罐装的薯片就没事[暗中观察],0
2025/3/28 21:09,说塌就塌了。,1
2025/3/28 21:09,@热情有限?? [暗中观察],0
2025/3/28 21:10,我也是喜欢这两个味道[发呆],0
2025/3/28 21:10,食品添加剂，有一个算一个，都按照长期过量摄入，都对身体有损害。,0
2025/3/28 21:10,@田π肉骨茶??,0
2025/3/28 21:10,妈呀，我也是,0
2025/3/28 21:10,刚买了两包[泪奔]吃还是不吃啊,0
2025/3/28 21:10,我想鼠@,1
2025/3/28 21:10,@惜朝 [苦涩],0
2025/3/28 21:10,@山山山而川 @西瓜??没有籽 @白翠萍必吏 @钱多多本多 [黑脸],1
2025/3/28 21:10,@Grasshopper,0
2025/3/28 21:10,油炸食品也致癌[捂脸],0
2025/3/28 21:10,增加患癌风险几率[尬笑][尬笑][尬笑],1
2025/3/28 21:10,我[流泪],0
2025/3/28 21:10,@天天开花 刚吃完一包…,0
2025/3/28 21:10,买上好佳的没有tbhq,0
2025/3/28 21:10,@小电驴?????? 天塌了,0
2025/3/28 21:10,@Edinburgh° [衰],1
2025/3/28 21:11,我也是,0
2025/3/28 21:11,俺家也是一年能五包，估计不到五,0
2025/3/28 21:11,你在贵州还用得着买这种薯片吃啊，那边现炸现卖的不比这个好吃吗[捂脸],0
2025/3/28 21:11,@南枝可见云鹤归 @??超级达子?? @小凡小小小 @gsyyyyy2（罗曼城市民G女士） @颠婆 [流泪][流泪][流泪],0
2025/3/28 21:11,我原来很喜欢玉米味的噜咪啦，直到有一次我看到有虫，还是活的，和那薯片颜色一样，还吊着根丝从那薯片上垂下来我就再也不吃了[流泪],0
2025/3/28 21:11,我也[流泪],0
2025/3/28 21:11,对啊,0
2025/3/28 21:12,自主生产的大厂大品牌，配料表当然可信的。当然你也可以啥都不信，啥也不吃。不过有些人嘴上说着，中国食品安全堪忧，赚着流量，但私下一点也没少吃。,1
2025/3/28 21:12,为了身体健康以后别吃了,1
2025/3/28 21:12,七十克一包的一次性吃177包,1
2025/3/28 21:12,我也是[裂开],0
2025/3/28 21:12,@?.尐楽喵゜?,0
2025/3/28 21:12,@灵犀 舒服了没,1
2025/3/28 21:12,是啊，我猛的下就感觉浑身难受，头晕[捂脸],0
2025/3/28 21:12,不加容易有黄曲霉素[泣不成声],0
2025/3/28 21:12,我从小吃到大的钙奶饼干里也有[我想静静],0
2025/3/28 21:12,[捂脸]，我可能比你吃的还多，原味的黄瓜味的,0
2025/3/28 21:13,@Ok鸭～,0
2025/3/28 21:13,知道什么叫长期，知道什么叫概率吗？,0
2025/3/28 21:13,爱信不信，你可以继续吃，没人关心你[捂脸],1
2025/3/28 21:13,@遗漏 [哈欠],0
2025/3/28 21:13,要不寄我给你试试毒？[不失礼貌的微笑],1
2025/3/28 21:13,@落叶秋枫 @龙傲天爹爹,0
2025/3/28 21:13,上午刚吃过[捂脸],0
2025/3/28 21:13,说得好像良品铺子不是大品牌一样,0
2025/3/28 21:13,香蕉也致癌[捂脸][捂脸],0
2025/3/28 21:13,五克，哥们儿，你得吃多少包才可以五克？,0
2025/3/28 21:13,害[呆无辜],0
2025/3/28 21:13,放心。吃的很多东西都有。哈哈,0
2025/3/28 21:13,@快问魔法海螺 @棕媛 @我是雪饼 @奶香猫猫头,0
2025/3/28 21:13,我最喜欢原味,0
2025/3/28 21:14,那这样，每天让你摄入4克 ，你敢试试嘛？,1
2025/3/28 21:14,刚好是我不喜欢的两个味道[调皮],0
2025/3/28 21:14,吃的越多患癌风险越大，还敢吃？,1
2025/3/28 21:14,@LST,0
2025/3/28 21:14,大部分零食都加了[看],0
2025/3/28 21:14,@嘟啦啦小土豆 @白凤九本九,0
2025/3/28 21:15,天塌了，我也喜欢 青柠味的。昨天今天都吃了一包，刚吃完就刷到？,0
2025/3/28 21:15,一样，现在家里还有好几包青柠和黑胡椒味,0
2025/3/28 21:15,@喜欢?? [尬笑],0
2025/3/28 21:15,@Tan. 真是的服了[尬笑],1
2025/3/28 21:15,@凤凤没烦恼,0
2025/3/28 21:15,它大个屁，它所有的产品都是代工厂生产的，它就是个贴牌销售。[笑哭],1
2025/3/28 21:15,@a哒玖1,0
2025/3/28 21:15,我也是,0
2025/3/28 21:15,吃一包两包应该没事吧[捂脸],0
2025/3/28 21:15,非中国人[憨笑],1
2025/3/28 21:15,我也是，我儿子也喜欢[流泪],0
2025/3/28 21:16,饮料也有哈[看],0
2025/3/28 21:16,@查尔斯顿翁沁店,0
2025/3/28 21:16,烂烂,1
2025/3/28 21:16,我一口要吃6片才过瘾[泣不成声],0
2025/3/28 21:16,@右京·橘 [疑问],0
2025/3/28 21:16,视频里面说了呀，每公斤里面的含量不超过0.2g，超过是不允许的，是禁止的。,0
2025/3/28 21:16,白酒也是一级致癌物，但是不耽误他顺滑的进入各位的胃[灵机一动][灵机一动],0
2025/3/28 21:16,@朝阳 [真的会谢],0
2025/3/28 21:16,@梦凡不可奈,0
2025/3/28 21:16,@安庆中考体育张教练,0
2025/3/28 21:16,刚吃了一盒,0
2025/3/28 21:16,我不爱吃这个味道,0
2025/3/28 21:16,吃不死的，我们大学生很难杀[微笑]而且抛去剂量谈毒性那叫耍流氓,1
2025/3/28 21:16,你脑袋瓜子有问题,1
2025/3/28 21:16,我也是啊吃了好多年了,0
2025/3/28 21:16,少吃或者不吃,0
2025/3/28 21:17,资本闭嘴[微笑],1
2025/3/28 21:17,@爱游泳的米子,0
2025/3/28 21:17,我也是，家里还有两罐[流泪],0
2025/3/28 21:17,吃云南子弟的，很好吃，推荐给你尝试一下,1
2025/3/28 21:17,油盐不进,1
2025/3/28 21:17,@是元元呐～,0
2025/3/28 21:17,你知道致癌是什么？[尬笑]tbhq都不在国际认证的致癌名单上，甚至连三级致癌物都不是。你知道什么是三级致癌物吗？,1
2025/3/28 21:17,阿姨你这年龄不吃不是很正常,1
2025/3/28 21:18,@??快到怀里来 别吃了,0
2025/3/28 21:18,@图图是哪块小饼干??,0
2025/3/28 21:18,黄瓜味的薯片我吃了很多年了，没事的,0
2025/3/28 21:18,我也是,0
2025/3/28 21:18,@Cc. @保护八旬少女,0
2025/3/28 21:18,我刚发群里 昨晚才吃天塌了,0
2025/3/28 21:19,@??,0
2025/3/28 21:19,@Julieee,0
2025/3/28 21:19,@蛋挞小包,0
2025/3/28 21:19,还好我爱吃韩国泡菜！,0
2025/3/28 21:19,超爱,0
2025/3/28 21:19,配料表不信，你信什么？小作坊就算了，这种大品牌还是靠谱的，你什么都是科技与狠货，这些年你也没少吃,1
2025/3/28 21:20,@pamper 吓人哈[白眼],1
2025/3/28 21:20,噜咪啦最爱吃玉米味，[舔屏][舔屏][舔屏]，比乐事便宜，好吃多了,0
2025/3/28 21:20,给你画个重点：长期，过量,0
2025/3/28 21:20,我也是,0
2025/3/28 21:20,花呗欠款是真的[捂脸],0
2025/3/28 21:20,我儿子晚饭前还吃了一包黄瓜味的乐事,0
2025/3/28 21:20,我刚刚买了一包回来 已经推荐给南川人民了哈哈哈哈,0
2025/3/28 21:20,@林持之?,0
2025/3/28 21:20,饼干，熟食基本都有[绝望的凝视],0
2025/3/28 21:21,你过量喝水还能水中毒，导致肾衰竭[看],1
2025/3/28 21:21,我也是，妈呀！,0
2025/3/28 21:22,抽烟也致癌，你身边有几个发病了？,1
2025/3/28 21:22,多吃点蔬菜,0
2025/3/28 21:22,天塌了，嘴里正吃着,1
2025/3/28 21:22,还有雪饼，在欧盟是禁止添加TBQ的额,0
2025/3/28 21:22,我家小盆友也喜欢黄瓜味,0
2025/3/28 21:22,@vvvget [流泪],0
2025/3/28 21:22,我也是 我家里还有一大袋没吃呢[流泪],0
2025/3/28 21:22,因为一下吃不s[看],0
2025/3/28 21:22,在网上买好一点的薯片，配料只有土豆片和盐油，口感不比这些品牌差,0
2025/3/28 21:22,在吃五年死了你负责？,1
2025/3/28 21:23,口味一样,0
2025/3/28 21:23,我小姑子很喜欢吃，零食当主食的吃,0
2025/3/28 21:23,买黄瓜和柠檬，原汁原味,0
2025/3/28 21:24,@刘波儿~,0
2025/3/28 21:24,今天刚买了一大包黄瓜口味的 我也在纠结吃还是不吃[裂开],0
2025/3/28 21:24,这玩意本来就是垃圾食品，能跟猪油，味精比？,1
2025/3/28 21:24,@Oo泡 @兜里揣个糖??,0
2025/3/28 21:24,@夏夏小饭馆,0
2025/3/28 21:24,[流泪]天塌了,0
2025/3/28 21:24,@@王不吵（减脂版） 啊啊啊？,0
2025/3/28 21:24,首先如果配料表不可信，人家为什么要把这个长期过量摄入有危害的添加剂列出来，直接不写不就行了[捂脸][捂脸][捂脸]你说的事情简直是驴唇不对马嘴。我就单纯地劝你一句，尽量别相信阴谋论，生活没你想的那么破烂不堪[尬笑][尬笑][尬笑],1
2025/3/28 21:24,昨天才吃了[泪奔],0
2025/3/28 21:25,@串串麻 差点按箱买了,0
2025/3/28 21:25,麻辣王子写没有,1
2025/3/28 21:25,@晓财神,0
2025/3/28 21:25,每种添加剂上市之前都要进行毒理实验，都是超额添加然后定下来的国家标准……而且人体有代谢功能的，你要是说你没代谢了那我建议先去医院做一下肝脏功能检测,0
2025/3/28 21:25,啊啊啊[泪奔],0
2025/3/28 21:26,爱吃，吃的少，因为觉得蛮贵[捂脸][捂脸][捂脸][捂脸],0
2025/3/28 21:26,多了去了，小食品配料表里经常出现的,0
2025/3/28 21:26,天塌了，我要最爱吃黄瓜和青柠味的[泪奔][泪奔][泪奔],0
2025/3/28 21:26,@欢喜,0
2025/3/28 21:26,吃了致癌你是选择性没看[捂脸],1
2025/3/28 21:27,@?咕噜咕噜? [流泪],0
2025/3/28 21:27,[发呆][发呆][发呆],0
2025/3/28 21:27,我爱吃芋头的,0
2025/3/28 21:27,楼下已经帮你算了，吃 555 包才能中毒。你试试？,1
2025/3/28 21:27,下午刚吃完一袋黄瓜味的,0
2025/3/28 21:27,@龙奈樱川 前几天吃了好几包[憨笑],0
2025/3/28 21:27,太难吃了 乐事真是最难吃的薯片 我吃了几次都好几年没买了,1
2025/3/28 21:27,很难吃,1
2025/3/28 21:27,无语我儿子啥零食几乎不让吃，就薯片这两个味道是我能接受底线[捂脸],0
2025/3/28 21:27,吃着年轻饭迟早要还的[尬笑],1
2025/3/28 21:28,我也是[泪奔],0
2025/3/28 21:28,[流泪],0
2025/3/28 21:29,好多人已经被抖音带偏了。,0
2025/3/28 21:29,我也是，每次都只买这两款[流泪]，不敢买了[泣不成声],0
2025/3/28 21:30,好多东西都有，连瓜子都有。,0
2025/3/28 21:30,啊！我爱吃的薯片！,0
2025/3/28 21:30,天塌了，我爱吃黄瓜，西红柿味的[捂脸],0
2025/3/28 21:30,烟[捂脸],0
2025/3/28 21:30,买了包火鸡面，一看里面也有，方便面里面也有,0
2025/3/28 21:30,@忆,0
2025/3/28 21:31,[看]不好意思  你现在吃的所有食用油里面都有,1
2025/3/28 21:31,辣条也有,0
2025/3/28 21:31,@晓山靑?? [泪奔],0
2025/3/28 21:31,@要是不用上班就好了,0
2025/3/28 21:31,@谢谢的谢,0
2025/3/28 21:32,对，我也是怀孕了才发现的,0
2025/3/28 21:32,@UJOiN ＆ 三少爷的锹 @家有俩宝,0
2025/3/28 21:32,@七只笨鸟 @不太好吧 @7＿5 天塌了[流泪],0
2025/3/28 21:32,@不知道 [噢买尬],0
2025/3/28 21:32,冒昧的问一下你的学历是什么？,1
2025/3/28 21:32,哈哈哈哈哈哈不能信都来了,0
2025/3/28 21:32,别吃薯片了，可是我最爱薯片[笑哭],0
2025/3/28 21:33,孩子爸才买了四桶[捂脸],0
2025/3/28 21:33,@草莓酱酱姜姜,0
2025/3/28 21:33,最近出的那个红薯类型的也经吃,0
2025/3/28 21:33,[流泪]我也是,0
2025/3/28 21:33,可恶的乐视,1
2025/3/28 21:33,桶装的好像没有,0
2025/3/28 21:33,新包装有,0
2025/3/28 21:33,@睡不醒的猴子,0
2025/3/28 21:33,@别人家的娃哈哈 [绝望的凝视]家里还有没吃完的,0
2025/3/28 21:33,我也是，我孩子也爱吃,0
2025/3/28 21:33,我买了柠檬 黄瓜[泪奔]下单半小时,0
2025/3/28 21:33,好的，领导,0
2025/3/28 21:33,吸烟还致癌呢[尬笑],0
2025/3/28 21:34,@俗 [流泪],0
2025/3/28 21:34,晒太阳也有致癌风险啊[黑脸],0
2025/3/28 21:34,我也爱吃这两个味[泣不成声],0
2025/3/28 21:34,@灰鸡头 @媛泉?? 服不服,1
2025/3/28 21:34,我也是[石化],0
2025/3/28 21:34,我就吃黄瓜的[九转大肠],0
2025/3/28 21:34,@??,0
2025/3/28 21:35,@Yue?e [微笑]天塌了,0
2025/3/28 21:35,我也是[捂脸][捂脸][捂脸],0
2025/3/28 21:35,对啊，最可恶的是他们管理部门,1
2025/3/28 21:35,不是现在的癌症多了，是小时候爱吃零食的那批小孩儿长大了[泣不成声],0
2025/3/28 21:36,@明天周六了耶 我不吃了,0
2025/3/28 21:36,米没到位 到位里边有耗子药也合格[捂脸],1
2025/3/28 21:36,给你吃你又不吃,0
2025/3/28 21:36,我也爱黄瓜味,0
2025/3/28 21:36,你吃了多少年了[感谢],0
2025/3/28 21:36,你要想一下鸡精也是这么说莲花味精的，现在为啥吃味精都不吃鸡精呢[撇嘴],1
2025/3/28 21:37,@三分甜-,0
2025/3/28 21:37,天呐,0
2025/3/28 21:37,幸好我喜欢吃那种有褶皱的,0
2025/3/28 21:37,@炖煮红尘,0
2025/3/28 21:37,嗯，我还能学好久，有些人基本快埋了,1
2025/3/28 21:37,[暗中观察]还有香浓红烩味也好吃,0
2025/3/28 21:37,我也是[捂脸][捂脸][捂脸],0
2025/3/28 21:38,嘿嘿嘿我不吃[送心][送心],0
2025/3/28 21:38,@Gorgeousyy?? 你喜欢的味道,0
2025/3/28 21:38,熬夜抽烟比这个更致癌,1
2025/3/28 21:38,还好我每次都嫌贵，就一百多克三四块[尬笑]买不起,0
2025/3/28 21:38,我也爱吃这两个口味,0
2025/3/28 21:38,蔬菜有农残，[捂脸][泪奔]米面油有添加………,0
2025/3/28 21:38,@邬文文,0
2025/3/28 21:38,会被咸死[捂脸],1
2025/3/28 21:38,我也是,0
2025/3/28 21:38,吓人,1
2025/3/28 21:39,还好我吃小龙虾味的[看],0
2025/3/28 21:39,@森德瑞_*c,0
2025/3/28 21:39,@朝花夕拾 @森活鱼块 天塌了,0
2025/3/28 21:39,我家也是[尬笑],0
2025/3/28 21:39,我也是[捂脸],0
2025/3/28 21:39,好有道理[泪奔],0
2025/3/28 21:39,买山姆的质量有保证,0
2025/3/28 21:39,哈哈哈哈天塌了,0
2025/3/28 21:39,@艺稔茚 [流泪],0
2025/3/28 21:39,@最好的路星河????,0
2025/3/28 21:39,@小灵通培養皿 [微笑],0
2025/3/28 21:39,@yoyoy,0
2025/3/28 21:40,麻辣王子没有，所以我辣条只吃麻辣王子[泪奔][泪奔],0
2025/3/28 21:40,那就不吃,0
2025/3/28 21:40,@心情不孬??,0
2025/3/28 21:40,你这名字挺可爱[泪奔],0
2025/3/28 21:40,[捂脸][捂脸]我也是，黄瓜??[吐血][吐血][吐血][吐血][吐血][吐血],0
2025/3/28 21:40,@hd11 @比比猪 完蛋，我还有一盒,0
2025/3/28 21:40,自己油炸就是,1
2025/3/28 21:40,@giordan,0
2025/3/28 21:40,试试脆升升,0
2025/3/28 21:41,@??宇凛,0
2025/3/28 21:41,我都忘了多久没吃了,0
2025/3/28 21:41,@circle,0
2025/3/28 21:41,癌症不就是日积月累吗,1
2025/3/28 21:41,你爱吃黄瓜青柠味[白眼],0
2025/3/28 21:41,我巨爱吃的这个[泣不成声][泣不成声],0
2025/3/28 21:41,加油好好学,0
2025/3/28 21:42,[捂脸][捂脸][捂脸]有没有替代品，青柠和黄瓜味的，谁他妈说美国食品安全的？,1
2025/3/28 21:42,我今天刚买了这俩口味的[微笑],0
2025/3/28 21:42,刚买了一包黄瓜味的 咋整 吃还是不吃[捂脸],0
2025/3/28 21:42,你最爱那么多年都没事，说明专家想收钱了，,1
2025/3/28 21:42,@可乐哭了,1
2025/3/28 21:43,这还能洗白，你是卖薯片的吧[看],1
2025/3/28 21:43,1,1
2025/3/28 21:43,刚买了一包黄瓜和你青柠的[泪奔],0
2025/3/28 21:43,我 薯片只吃乐事[流泪][流泪][流泪][流泪],0
2025/3/28 21:43,熬夜也会癌[看]吃黄焖鸡也会,1
2025/3/28 21:43,好好好,0
2025/3/28 21:43,最好不要吃 你邮寄给我 我检查一下,1
2025/3/28 21:43,[看]手机辐射致癌，65度热水致癌，紫外线致癌，红肉致癌，赶紧的,0
2025/3/28 21:43,@你千变万化的爹 @大Q小酱 完了我吃好多,0
2025/3/28 21:44,@?、 我也是,0
2025/3/28 21:44,@小苦瓜?? 再也别吃,1
2025/3/28 21:44,@年年。 天塌了，今天才吃了一包[石化],0
2025/3/28 21:44,我也是，并且从小就爱吃，现在五十了也一样去超市必买[捂脸],0
2025/3/28 21:44,@LilRo @金金金wa @wen_wen,0
2025/3/28 21:44,啊！！！！我最爱子弟,0
2025/3/28 21:44,咪吐,1
2025/3/28 21:45,我也是[尬笑],0
2025/3/28 21:45,@一吃饭就困,0
2025/3/28 21:45,都在劝你们管住嘴，就是不听。,1
2025/3/28 21:45,@Hikkie. 上次野餐买的就是这两个味的[尬笑][尬笑],0
2025/3/28 21:46,@西西米 [泪奔],0
2025/3/28 21:46,烟也是[看],0
2025/3/28 21:46,来呗[抠鼻]长期过量摄入才可能会增加致癌风险[抠鼻]国家规定的量都是0.2克每公斤，说明问题很小[抠鼻]否则都是按毫克来计量[抠鼻],0
2025/3/28 21:46,我也是[衰],0
2025/3/28 21:46,完了我也最爱这两个口味,0
2025/3/28 21:46,[发呆][发呆],0
2025/3/28 21:47,[泪奔]不好说明我们挺难杀得，怕不耐受的朋友导致致癌都不知道啥原因。,0
2025/3/28 21:47,有人爱吃的，天天吃你看受得了不,0
2025/3/28 21:47,我平均一个月吃五包[流泪]然后去年我检查出胃癌，不知道跟这个有没有关系，我做完手术之后还在吃这个[流泪][流泪]前天晚上刚刚干完大包的青柠味道的,0
2025/3/28 21:47,@杭 我的爱薯塌房了,0
2025/3/28 21:48,刚买了几包，正在吃，赶紧看了一下配料表,0
2025/3/28 21:48,试试云南的子弟薯片，黄瓜味麻辣味特别好吃,0
2025/3/28 21:48,没脑子的怎么深思呢[看],1
2025/3/28 21:48,我也是,0
2025/3/28 21:49,那也是通过官方检测的，官方检测都信不了，信资本的良心吗？,1
2025/3/28 21:49,我天，我特别爱吃，前段时间一天一包,0
2025/3/28 21:49,@shadowrq 吃吧[微笑],0
2025/3/28 21:49,我也,0
2025/3/28 21:49,我一直好奇真的会有人买黄瓜味和青柠味吗[捂脸],0
2025/3/28 21:49,我刚吃完一袋[泪奔][裂开]碎了,0
2025/3/28 21:49,刚刚超市买了三桶回家，咋整啊[捂脸]扔了还是留？,0
2025/3/28 21:49,@瑾瑜 我最爱的口味,0
2025/3/28 21:49,如果大品牌得一个死就打死一窝 小品牌甚至零品牌可以说死无葬身之地了 包括路边摊 …呵呵,0
2025/3/28 21:50,良品铺子也是通过了官方检测的吧？官方检测都信不了，信资本的良心吗？,0
2025/3/28 21:50,国家还允许和推荐集采药呢，副作用差异大了去了，不要啥都信，政策永远是普及绝大多数大众的，有条件不差钱就避免这些,0
2025/3/28 21:50,@已读不回滚!,0
2025/3/28 21:50,良品铺子出问题的时候，哪个品牌敢跳出来说自己没问题,0
2025/3/28 21:51,@小小张?? 天塌了，我最喜欢乐事了[泣不成声],0
2025/3/28 21:51,幸亏我不爱吃乐事啊哈哈哈哈哈哈哈哈哈,0
2025/3/28 21:51,我之前就看到了，不过有人说是假的,0
2025/3/28 21:51,你断网了？良品铺子红薯粉的事儿都不知道？,0
2025/3/28 21:52,有道理,0
2025/3/28 21:52,[我想静静][我想静静][我想静静]服了薯片都有[我想静静][我想静静][我想静静],0
2025/3/28 21:52,啊啊啊天塌了,0
2025/3/28 21:52,我喜欢原味和青柠[尬笑],0
2025/3/28 21:52,我晚上才买了两包回来[捂脸],0
2025/3/28 21:52,[捂脸][捂脸][捂脸],0
2025/3/28 21:53,@U @椰原小娇?? 天塌了[流泪],0
2025/3/28 21:53,凤凰网财经你是认真的吗，这是我唯一，偶尔吃的垃圾食品[捂脸][捂脸][捂脸],0
2025/3/28 21:53,我不喜欢[抠鼻],0
2025/3/28 21:53,吃的都是试验体[捂脸],1
2025/3/28 21:53,你知道大品牌为什么叫大品牌吗？就是有问题你要追述比小品牌零品牌有更大确保 即便你自己做的东西自己吃都无法百分之百确保,0
2025/3/28 21:53,@??        y 我天天吃[九转大肠],0
2025/3/28 21:54,[抠鼻][抠鼻][抠鼻],0
2025/3/28 21:54,乐子，谁进医院了？全国几百万人吃过，全进了？,1
2025/3/28 21:55,对，这两种味道超级好吃,0
2025/3/28 21:55,他不添加东西怎么香,1
2025/3/28 21:55,不谈剂量谈毒性[大笑]喝水过多还能水中毒呢,0
2025/3/28 21:55,警察抓贼不是所有贼都可以抓到 但能抓一个比漠视不理要好的多 这个也是一个道理 搁哪里杠什么的 显得你聪明吗[呆无辜],1
2025/3/28 21:55,真的么[感谢],0
2025/3/28 21:55,@zi zi,0
2025/3/28 21:56,@64 这不巧了嘛[快哭了],1
2025/3/28 21:57,[鼓掌],0
2025/3/28 21:57,你见过那些网红职业打假去打小作坊吗 去打路边摊吗 那里才是真正重灾区 为啥不去干 没热点 没利益…没钱[呆无辜],1
2025/3/28 21:57,@林湘之 [流泪][流泪][流泪][流泪]我最爱的乐事,0
2025/3/28 21:57,我只爱吃青柠味的[泪奔][泪奔],0
2025/3/28 21:57,[泪奔][泪奔][泪奔]今天才收到，还没开吃,0
2025/3/28 21:57,[尬笑]我也爱吃这个，太过分了[尬笑],0
2025/3/28 21:58,[泪奔][泪奔][泪奔][泪奔],0
2025/3/28 21:59,阅读理解有问题？我质疑的是配料表的公信力缺失，你跟我鬼扯啥,1
2025/3/28 21:59,溜哈[紫薇别走],0
2025/3/28 21:59,我也是最爱这两个味,0
2025/3/28 21:59,@醒醒?? @把我埋进蛋糕里 莫？我最爱青柠味！天塌了,0
2025/3/28 21:59,不是吃可比克吗？我从不吃乐事[捂脸],0
2025/3/28 21:59,就想问，国家部门咋检查的。？！！！,1
2025/3/28 21:59,@苦瓜Kuxu（健身版） 我天呢[疑问],0
2025/3/28 21:59,我觉得乐事比可比克好吃点[笑哭][笑哭],0
2025/3/28 22:00,干脆面等很多食品里面都有,0
2025/3/28 22:00,水你天天喝没问题，有毒物质天天吃就没问题了？我质疑的是配料表的公信力问题，你跟我鬼扯啥,1
2025/3/28 22:00,注意看包装上第一行字：前面是执行标准，后面是中国大陆地区适用！,0
2025/3/28 22:00,天塌了[流泪]我以后吃原味,0
2025/3/28 22:01,欧亚牛奶是我喝过最好喝的 我也是在丽江待了一年才知道只有云南有卖,0
2025/3/28 22:01,人固有一死，我就不信现在各种科技狠活儿能有多少人正常老死[泪奔]没事，我们照常吃[微笑]又不是不吃了这辈子就可以不死不痛苦[呲牙],0
2025/3/28 22:01,我也是，我服了，还那么死贵[流泪][流泪][流泪],0
2025/3/28 22:01,哦，没说有没有，原来符合国家标准[疑问],0
2025/3/28 22:01,个例能代表全部吗？全国几百万家食品全有问题？[大笑],0
2025/3/28 22:01,烧烤腊肉腌菜火锅香烟等等都是高致癌风险，值得深思为什么不全禁了[看],1
2025/3/28 22:02,快播的时候火的吧,0
2025/3/28 22:02,[微笑][微笑][微笑][微笑][微笑],0
2025/3/28 22:02,废话，美版加料更狠,1
2025/3/28 22:03,我 我真的超爱乐事的口感[捂脸],0
2025/3/28 22:03,如果检测是合规的，一例都不会出现。有1例，就说明还有很多没发现的。你辩解的点真的有问题。,1
2025/3/28 22:04,从来都是只谈后果不谈计量呗,1
2025/3/28 22:04,我昨天还吃了[捂脸],0
2025/3/28 22:04,我今天刚吃[微笑],0
2025/3/28 22:05,我都吃现炸的，十块一大包[坏笑][坏笑],0
2025/3/28 22:05,刚吃完一盒,0
2025/3/28 22:05,我是食品厂化验员Qc，这个主播说的第一个TBHQ是防腐剂，化学里俗称长生不老药[看][泪奔][泪奔][泪奔]家里有儿童的少吃[捂脸],0
2025/3/28 22:05,少吃,0
2025/3/28 22:05,姐妹 推荐吃我们云南的噜咪拉,0
2025/3/28 22:05,以后在也不吃了,0
2025/3/28 22:05,试试云南噜咪啦  ，鲜切土豆片和乐事两码事。云南还有子弟和天使。。,0
2025/3/28 22:05,乐子，自己往黑了想不觉得有问题，自己拿个例当全部没有问题，靠yy可以解决一切？[大笑],1
2025/3/28 22:05,子弟香辣味无敌好嘛[捂脸],0
2025/3/28 22:06,也没错呀，会皮肤癌,1
2025/3/28 22:06,@玖梦 [流泪],0
2025/3/28 22:06,我最爱的子弟，在超市买不到，就没有吃过了,0
2025/3/28 22:06,旺旺雪饼也有这玩意[九转大肠],0
2025/3/28 22:06,国外是禁止??添加的[捂脸],0
2025/3/28 22:07,我也是[不看],0
2025/3/28 22:07,对对对[捂脸][捂脸][捂脸],0
2025/3/28 22:07,@1017 不能吃了[九转大肠],0
2025/3/28 22:07,@??* @球球只喝白开水 @以荷为贵 @HD @水淺葱?? [泪奔][泪奔][泪奔],0
2025/3/28 22:07,@Doting 我昨天还买了俩包[听歌],0
2025/3/28 22:07,放心，肯定不止薯片出问题，我敢说喝的，用的都有问题，只是暂时没爆出来而已，所以该吃就吃，该喝就喝，担心焦虑不安是没用的,0
2025/3/28 22:07,没事反正不是天天吃[暗中观察],0
2025/3/28 22:07,身体又不是一下子就会有问题，年数久了谁也不确定。,0
2025/3/28 22:07,我也是，只吃子弟，超市买不到就没吃过薯片了,0
2025/3/28 22:08,很多饼干和鱼皮花生酱料里都有,0
2025/3/28 22:08,有人不痛不痒癌症,1
2025/3/28 22:08,@赵柚柚 老婆小心哦,1
2025/3/28 22:08,可比可也挺好吃的,0
2025/3/28 22:08,云南农垦薯片,0
2025/3/28 22:09,别吃了！,1
2025/3/28 22:09,瓜子坚果里面都有,0
2025/3/28 22:10,@??芥蓝大王 我[躺平],0
2025/3/28 22:10,不知道原切有没有，刚看的可比克烧烤味的也有[泪奔],0
2025/3/28 22:10,旺旺，每次吃完，嗓子就不舒服。有次更夸张的是，吃完感觉嗓子不行了 很快就抗不过去，上呼吸道感染了。现在尽量不吃。,0
2025/3/28 22:10,十几年来断断续续的吃，暂时没挂[暗中观察],1
2025/3/28 22:11,致癌食物太多了，烧烤腊肉也没见谁少吃一口[捂脸],0
2025/3/28 22:11,最好的方法[赞],0
2025/3/28 22:11,家里还有[捂脸],0
2025/3/28 22:11,以前的薯片没有放，新包装的才添加。反正再也不吃乐事了,0
2025/3/28 22:11,致癌你让生产出来？相关单位呢,1
2025/3/28 22:12,这个老爸测评早就说过了，而且TBHQ不在含致癌物的名单里,0
2025/3/28 22:12,袋装的有  但是盒装的没有  [呲牙]可以吃盒装的,0
2025/3/28 22:12,@子部京涵 [吐血],1
2025/3/28 22:12,你一次性吃100多包才能到他那个致死量。一次性吃不够的话，你身体可以代谢出去的。所以说，抛开剂量谈毒性，就是耍流氓,0
2025/3/28 22:13,@橘子宾治武士G  ;） @Ivy萌萌 @大家都 @月菏?? @旅行的小鲨鱼 [泪奔],0
2025/3/28 22:13,是的才买了三包，妹妹的[捂脸],0
2025/3/28 22:13,@小予??,0
2025/3/28 22:13,刚吃完一包,0
2025/3/28 22:14,@Palpitate [微笑],0
2025/3/28 22:14,如果不是实名制，高低得给你们说两句,1
2025/3/28 22:14,就你聪明，都不想怼你，都你这样的坑的就你这样的,1
2025/3/28 22:14,才买一包  扔了？,0
2025/3/28 22:14,因为谁把薯片当饭吃，一天吃几十袋[抠鼻],0
2025/3/28 22:15,继续吃吧  反正符合国家标准[发呆][发呆][发呆],1
2025/3/28 22:15,这是真的天塌了乐事的黄瓜味和青柠味是我最喜欢的[流泪][流泪][流泪],0
2025/3/28 22:15,零食还是少吃为好,0
2025/3/28 22:15,@方亦之 你最喜欢的[尬笑],0
2025/3/28 22:15,我去，刚给女儿买了好几包[抠鼻],0
2025/3/28 22:15,天塌了[泪奔],0
2025/3/28 22:16,在抖音给他们讲这些都是浪费口舌，不看剂量谈毒性，本来就是制造焦虑,1
2025/3/28 22:16,我也是,0
2025/3/28 22:17,为啥刚发现，食品安全监管怎么通过的，怎么同意生产的呀！,0
2025/3/28 22:17,我最喜欢的吃番茄味，不管哪个味儿，他应该是都加了吧。[捂脸],0
2025/3/28 22:17,那你别晒太阳了，阳光可是一级致癌物[微笑],1
2025/3/28 22:17,那个东西对孕妇是致命的吧，对其他人没事我猜,0
2025/3/28 22:18,天塌了，我也只吃这两种口味，超喜欢，怀孕也吃[泣不成声],0
2025/3/28 22:18,很多零食辣条都有添加这个成分,0
2025/3/28 22:18,你看清楚是有风险，你开车还有车祸风险呢,1
2025/3/28 22:18,我喜欢青柠味[裂开],0
2025/3/28 22:18,我在欧亚买的 嗯[我想静静],0
2025/3/28 22:19,@鹤居。 [强壮],0
2025/3/28 22:19,能买进口买进口，优先买欧盟标准，日本制造，买不到就买山姆，拒绝中国制造,1
2025/3/28 22:20,@悦晨汐 @雪落~ @星星的愿望 [发呆][发呆],0
2025/3/28 22:20,柠檬味真的超爱[流泪][流泪][流泪],0
2025/3/28 22:20,按他说的要吃50公斤,1
2025/3/28 22:20,要死啊  我就爱吃青柠味,1
2025/3/28 22:20,我还吃上好佳,0
2025/3/28 22:21,请记好，凡是不是自然界生出来的，只要是人工生产模仿自然界味道的，都是科技与狠活，无一例外！,0
2025/3/28 22:21,子弟真的好吃,0
2025/3/28 22:21,[宕机][宕机]我也爱吃,0
2025/3/28 22:23,@澄子味汽水 吃几年了 看见人家一句话就死掉了[流泪],0
2025/3/28 22:23,请问还有啥能吃,0
2025/3/28 22:23,[捂脸]我最喜欢的乐事薯片啊，天！！！还有什么能吃到底,0
2025/3/28 22:23,很多厨房的调味品也有,0
2025/3/28 22:24,天天吃我只能说他有钱，这还挺贵的6块钱一包[捂脸],0
2025/3/28 22:24,禁止不就行了？呵呵,1
2025/3/28 22:24,零食吃太多了不好，我女儿不爱吃零食，偶尔吃一次[捂脸],0
2025/3/28 22:24,你这样说  那日常食品  和用品还有穿的  很多至癌   从源头就出问题了,0
2025/3/28 22:24,这辈子都吃不了那么多[捂脸],0
2025/3/28 22:24,我也最爱吃罐装的乐事,0
2025/3/28 22:25,@??????????????? [发呆][发呆]我今天还拍给你看,0
2025/3/28 22:25,@我是健康自信小女孩 @小欣一点 [尬笑],0
2025/3/28 22:25,@不吃香菜不吃葱 @一口一个小肉包 @66666666灬 我今天才买了三大包[裂开],0
2025/3/28 22:25,孩子不爱吃零食，偶尔买一次，薯片吃了上火，买的次数更少了[捂脸],0
2025/3/28 22:25,[流泪]我也是啊，乐事居然背刺我。,0
2025/3/28 22:26,[微笑][疑问][疑问][疑问][疑问],0
2025/3/28 22:26,追究谁？百分之六十以上的副食品都加这玩意,0
2025/3/28 22:26,是为了卖品客薯片吗[捂脸],0
2025/3/28 22:27,反思怪又来了，抽烟的时候不说致癌，喝酒的时候不说致癌，吃点零食就来致癌了[看],1
2025/3/28 22:27,如果你担心添加剂的问题，还是担心担心薯片本身吧。作为一款高油高盐食物，多吃会影响孩子成长是真的，不是添加剂的问题，是零食本身就不健康,0
2025/3/28 22:28,都特么吃薯片了，还怕致癌物[捂脸][捂脸],0
2025/3/28 22:28,还是人口太多了,1
2025/3/28 22:28,你说的没毛病，吃了那么多年都没事，可能明年就有事了[笑哭],0
2025/3/28 22:28,试试可比克纯切薯片,0
2025/3/28 22:28,哈哈哈,0
2025/3/28 22:29,我爱吃原味的,0
2025/3/28 22:29,[大哭][大哭]我吃的,0
2025/3/28 22:29,@讨厌不下雪的冬天?? 塌了,1
2025/3/28 22:29,试试可比克纯切薯片,0
2025/3/28 22:29,放心吧[笑哭]，现在还有啥东西是绿色健康的，我们从小吃到大，早就有抗体了[机智],0
2025/3/28 22:29,我也是，薯片只喜欢乐事,0
2025/3/28 22:29,一年最多两包[暗中观察],0
2025/3/28 22:29,[泪奔],0
2025/3/28 22:29,晚上刚去买了一包[笑哭],0
2025/3/28 22:29,从表白失败过来的，你是真的牛,1
2025/3/28 22:29,额……晚上刚买了两包青柠味的，最喜欢这个味儿[发呆],0
2025/3/28 22:30,要不我拿命直播一下，一直吃，直到吃不下[捂脸],0
2025/3/28 22:30,国外版的乐事没有，就是贵,0
2025/3/28 22:31,天塌了,0
2025/3/28 22:31,这玩意咸死了,1
2025/3/28 22:32,辣条不管，辣条厂盈利没有品牌多，目的是罚款。别想太多,1
2025/3/28 22:32,我也是[快哭了],0
2025/3/28 22:32,我也是吃了不腻,0
2025/3/28 22:32,对，但谁没事吃这么多。都说了每公斤最大含量0.2克，5克以上致命。5/0.2=25，就是要吃25公斤的可能性[捂脸],0
2025/3/28 22:33,没事没事 你不好好的吗[捂脸][捂脸],0
2025/3/28 22:33,最喜欢，不代表没有问题。没有问题的，不代表你喜欢。没有问题的，可以吃的，很多很多！,0
2025/3/28 22:33,[发呆][发呆]我也最爱黄瓜，柠檬的,0
2025/3/28 22:34,对的，管不了，我公婆都说不听，我说一两次后随她吧，反正身体是自己的,0
2025/3/28 22:34,是慢慢来不要急，除了农村自己种的，城市里面吃的都是慢性毒药,1
2025/3/28 22:34,首先你根本吃不下那么多，没毒死先撑死,1
2025/3/28 22:34,我刚买了两箱[捂脸],0
2025/3/28 22:34,抛开剂量谈，都是不怀好意。,1
2025/3/28 22:34,工地致癌物多了,1
2025/3/28 22:34,@小柚子妈咪 [闭嘴],1
2025/3/28 22:35,呀，我和孩子也是最爱这两个口味[捂脸],0
2025/3/28 22:35,抛开剂量谈，都是不怀好意。,1
2025/3/28 22:35,我从云南嫁出来以后都只能网上买回来吃，外面没得卖,0
2025/3/28 22:35,别怕，抽烟致肺癌，照样抽的人多[宕机],0
2025/3/28 22:35,最不能理解的就是国家为啥要允许，就不能直接禁用吗,1
2025/3/28 22:35,青柠味  我的最爱，而且一次吃一大包,0
2025/3/28 22:35,@今欢散 [捂脸],0
2025/3/28 22:36,@VV 真是坠了,1
2025/3/28 22:36,就直接不添加，问题都解决了，老百姓身体也好了,0
2025/3/28 22:37,别吃了 我家里还有一包[笑哭][笑哭],0
2025/3/28 22:37,"抛开剂量谈，都是不怀好意。
天堂里什么都没有，什么都有。可以考虑一下。",0
2025/3/28 22:37,@- ！！！！！,1
2025/3/28 22:37,我也吃黄瓜味的,0
2025/3/28 22:37,厉害了,0
2025/3/28 22:37,我儿子4岁就是爱吃这个，现在了癌症,1
2025/3/28 22:37,我刚看了我的零食袋，恰恰的花生，还有一些干脆面什么的都有,0
2025/3/28 22:38,黄瓜是最爱[捂脸],0
2025/3/28 22:38,我超级爱吃，总买,0
2025/3/28 22:39,@是小何同学呀！ @1111111 @Rachel（冲刺版） 可怕,1
2025/3/28 22:39,哈哈哈[赞]天才,0
2025/3/28 22:40,黄瓜味[九转大肠],0
2025/3/28 22:40,我零食箱里还有两桶黄瓜味和两桶原味[流泪],0
2025/3/28 22:41,不好的东西为什么会在货架上,1
2025/3/28 22:41,刚买了一好几罐[捂脸],0
2025/3/28 22:41,要符合欧盟标准才有用[捂脸][捂脸],0
2025/3/28 22:41,5,0
2025/3/28 22:42,要么食品安全严查，这都是大厂家都出来问题了，,0
2025/3/28 22:42,刚刚吃完一包薯片,0
2025/3/28 22:42,啊~[闭嘴],1
2025/3/28 22:42,@豆本豆本豆 @咭咭兔咭咭 @kilig的诗 我也爱吃[发呆],0
2025/3/28 22:43,吃噜咪啦，原切土豆片,0
2025/3/28 22:43,@今天饭很贤 [宕机],0
2025/3/28 22:43,姐妹口味高度一致啊[比心],0
2025/3/28 22:43,烟酒还是一类致癌物呢[抠鼻],0
2025/3/28 22:43,是市场无死角排查的结果不？它添加5克，别的牌子加了10克没？,0
2025/3/28 22:43,长点脑子吧,1
2025/3/28 22:44,刚买,0
2025/3/28 22:44,我也是[泪奔],0
2025/3/28 22:44,天塌了，本来还想卖的,0
2025/3/28 22:45,瓜子里是不是也有这个？,0
2025/3/28 22:45,那热水还是致癌物呢又能怎么样,0
2025/3/28 22:45,我懂[流泪],0
2025/3/28 22:45,因为有钱赚啊[捂脸],0
2025/3/28 22:46,天塌了，最爱吃黄瓜和青柠味的[泪奔][泪奔][泪奔],0
2025/3/28 22:46,跟烟酒这种一级致癌物比，就是小巫见大巫,0
2025/3/28 22:46,算一下，0.2g每公斤，每一g薯片含量0.0002g，市场上常规薯片一般50g左右，含量0.1g，摄入超过5g有危险，也就是要一次性吃50包薯片，说实话，没必要造这种没必要的社会恐慌[微笑][微笑][微笑],0
2025/3/28 22:46,黄瓜的确实好吃,0
2025/3/28 22:47,和我一样的口味[呲牙],0
2025/3/28 22:47,我女儿今晚刚买,0
2025/3/28 22:47,@嘻???? 天又塌了[流泪],0
2025/3/28 22:47,几乎所有零食都有这个。。特别是瓜子干果,0
2025/3/28 22:48,最爱的黄瓜味背刺了我[流泪][流泪][流泪],0
2025/3/28 22:48,我都服了，评论区还有说要严查，判刑的,1
2025/3/28 22:48,我只爱原味[流泪]薯片只吃乐事，咋办,0
2025/3/28 22:48,买进口的吧，查得严,1
2025/3/28 22:49,"我还觉得乐事是原切的，比较好呢[吐血]
太坑人了以后再也不买了",1
2025/3/28 22:49,我吃滇二娃,0
2025/3/28 22:49,所以说，还是要少吃零食啊[泪奔][泪奔][泪奔],0
2025/3/28 22:49,垃圾食品都要少吃,0
2025/3/28 22:50,@椰椰丝丝 哈哈哈哈哈,0
2025/3/28 22:50,@AAA梅山二郎犬狗粮批发 [微笑],0
2025/3/28 22:50,下啥家，国家允许的，只是有风险而已，无所谓，金龙鱼的油还不是有致癌风险，还不是照样吃。,1
2025/3/28 22:50,宝宝  我也是最喜欢吃乐事   特别是青柠味[泣不成声][泣不成声],0
2025/3/28 22:50,邮给我，我替你消灭它,1
2025/3/28 22:51,主要是好多零食都有，我刚刚看了一下旺旺雪饼也有[捂脸]吃这个+那个就超标了,0
2025/3/28 22:51,@../ @蜜汁小汉堡- @Eon,0
2025/3/28 22:51,不吃,0
2025/3/28 22:51,桶装的没有[看],0
2025/3/28 22:51,不是50斤薯片吗,0
2025/3/28 22:51,@李花花,0
2025/3/28 22:51,我几乎每天一包番茄味[捂脸],0
2025/3/28 22:52,@阿沈同学??,0
2025/3/28 22:52,我想骂人,1
2025/3/28 22:52,三鹿是大厂大品牌不[不失礼貌的微笑],0
2025/3/28 22:53,食品跟烟草不一样,0
2025/3/28 22:53,哈哈哈哈哈哈哈，活太久了是吧[看],1
2025/3/28 22:53,刚买一包还没吃[捂脸],0
2025/3/28 22:53,好一个奴才[微笑],1
2025/3/28 22:54,再多读点书，读点正常的书。读读书吧。读书长脑子，长本事。,0
2025/3/28 22:54,[流泪][发怒][发怒][发怒][发怒],1
2025/3/28 22:54,我懂[泪奔],0
2025/3/28 22:54,[流泪],0
2025/3/28 22:54,长期吃啊,0
2025/3/28 22:55,[宕机][宕机][宕机],0
2025/3/28 22:55,啥也不能吃了,0
2025/3/28 22:55,五克是几片,0
2025/3/28 22:56,@甜蜜糯米饭 [流泪],0
2025/3/28 22:57,乖乖 好家伙 我最喜欢吃乐事原味薯片，又来这死出[发怒],1
2025/3/28 22:57,塌啥[捂脸]，抛开剂量谈毒性[捂脸][捂脸][捂脸]，0.2g/kg，5g，也就是50斤，一包薯片才多少克[尬笑][尬笑][尬笑]，你一天吃100多包[捂脸]吗，还是天天吃[捂脸][捂脸],0
2025/3/28 22:57,严查[捂脸],0
2025/3/28 22:58,去吃东方甄选的薯片吧，配料表干净，味道也不错。,0
2025/3/28 22:58,哈哈哈哈哈哈哈哈,0
2025/3/28 22:58,可以退货吗,0
2025/3/28 22:59,还好，贵的我吃不起[泪奔][泪奔][泪奔]贫穷放过了我，,0
2025/3/28 22:59,刚吃完[微笑],0
2025/3/28 22:59,谁会一天吃25公斤辣条？[抠鼻],0
2025/3/28 22:59,@踢米?? [左上],0
2025/3/28 22:59,@爱很简单?,0
2025/3/28 23:00,真的很无语 我家女儿最近都吃乐事薯片,0
2025/3/28 23:00,@一胖十年 @乖，摸摸头 @小可??,0
2025/3/28 23:01,为啥国家可以使用,1
2025/3/28 23:01,有没有一种可能，万一加料机器故障出错了，有一批薯片多加了TBHQ怎么办，万一就那一批薯片吃一包就超量了。,0
2025/3/28 23:02,最爱的黄瓜[微笑],0
2025/3/28 23:02,重重的罚，已经爆光了，居然坚称还是安全的。,1
2025/3/28 23:02,[捂脸]我就爱吃薯片,0
2025/3/28 23:02,我们中国吃的还有啥安全,1
2025/3/28 23:02,刚吃过[流泪],0
2025/3/28 23:02,几乎不吃乐事，觉得不好吃，只吃子弟,0
2025/3/28 23:03,@草莓味的旺仔?? [流泪],0
2025/3/28 23:03,所以，建议吃吗，添加剂和防腐剂有很多，有没有可能替换成更安全的,0
2025/3/28 23:03,我懂，还最爱原味的[九转大肠],0
2025/3/28 23:03,指正一下：这0.2是按油脂中的含量计的，而薯片中只有一部分是油。所以能吃更多。,0
2025/3/28 23:04,……只有日本和部分欧洲国家禁用，美国和欧盟其他大部分国家是可以使用的，跟我国标准一样，我国标准也是根据世界卫生组织食品添加剂委员会制定的标准0.7每公斤的安全标准，制定了0.2每公斤,0
2025/3/28 23:04,黄瓜味的是真好吃啊[流泪],0
2025/3/28 23:04,哪里被带跑偏？你才是被带洗脑那个吧 如果你觉得没事 而且你孩子爱吃的话 那你就拿你家孩子赌命 如果你不反驳或者不敢 那就说明其实你也怕[不失礼貌的微笑],1
2025/3/28 23:05,@skuraaa_ [裂开],0
2025/3/28 23:05,@Yibo..??,0
2025/3/28 23:05,？,0
2025/3/28 23:05,我的天呐，我都好久不吃乐事了，要不是你前天买[流泪],0
2025/3/28 23:05,我也是，特别是那个青瓜味的[发呆],0
2025/3/28 23:05,我也是，我只吃这两种,0
2025/3/28 23:06,自己炸点，健康又卫生[灵机一动],0
2025/3/28 23:06,@中国食品报融媒体,0
2025/3/28 23:06,日本也不是禁止，而是没人申请批准这个添加剂，说白了就是没人给日本政府送钱，不是禁用，而是尚未批准,1
2025/3/28 23:06,知音你好，我也是最爱这两个口味,0
2025/3/28 23:06,你又不当饭吃,1
2025/3/28 23:07,重罚,1
2025/3/28 23:07,看主页也就这个视频有流量[捂脸],0
2025/3/28 23:07,。。。。,0
2025/3/28 23:07,举个简单例子给你 乙基麦芽酚 在月饼里面 按照国标是没问题的 当了添加剂几十年了 你猜为什么去年突然被国标叫停了[不失礼貌的微笑]因为用着用着发现 对肝肾的毒害作用越来越大 这说明国标也不是完美的 也是用着用着才发现以前的标准是错的 能不吃就不吃,0
2025/3/28 23:08,检查的人只是走过程，去检查前打电话通知，提前就把不好的藏起来了，去了也就看墙上那些破表格，送检的产品也不一定和生产一样，这样的检查意义何在[捂脸],1
2025/3/28 23:08,中国人现在根本不看，除非吃了立马会死，其他都忽略不计！因为都一样，难道吃空气，问题空气也毒[大笑],1
2025/3/28 23:08,@小新少爷 [泣不成声][泣不成声][泣不成声][泣不成声]天塌了,0
2025/3/28 23:08,哗然啥啊 哦一声得了,1
2025/3/28 23:08,[流泪],0
2025/3/28 23:08,早干嘛呢，他添加的时候没报备吗，那么多年了才查到？,1
2025/3/28 23:08,弱弱地问一句，长期是多久过量是多少？[抠鼻][尬笑][尬笑],0
2025/3/28 23:09,什么都怕，不出生就行了,1
2025/3/28 23:09,刚买了两盒,0
2025/3/28 23:10,刚吃完番茄味的[流泪],0
2025/3/28 23:10,所以我补充了日本不是禁用，是没批准，日本食品安全管理的特别松，差不多等于不管,1
2025/3/28 23:10,麻辣王子没有[泪奔],0
2025/3/28 23:11,只喜欢吃原味的,0
2025/3/28 23:11,就让消费者承担这些，你不要让生产不就好了么！买不是关键，不卖才是！！！,1
2025/3/28 23:11,不吃了[调皮],0
2025/3/28 23:11,你只吃不拉吗,1
2025/3/28 23:12,国家的规定都这么低的[捂脸]，到底谁制定的规定？,1
2025/3/28 23:12,一样一样的[流泪][捂脸],0
2025/3/28 23:12,我没有钱长期过量摄入。,0
2025/3/28 23:12,没事，它们都是一口气吃一超市的乐事[憨笑],0
2025/3/28 23:12,@????????????? 天塌了我的黄瓜味,0
2025/3/28 23:13,中国人做出来的东西很厉害，有后劲[呲牙],0
2025/3/28 23:13,天菩萨？正在吃薯片。,0
2025/3/28 23:13,我去，吃了好几桶了，还有好几桶在路上[捂脸],0
2025/3/28 23:14,天啊 我吃了这么多,0
2025/3/28 23:14,刚刚才吃一包[裂开],0
2025/3/28 23:14,远离配料表，酸、钠、苯,0
2025/3/28 23:14,我喜欢原味,0
2025/3/28 23:14,看到没有[害羞]国家规定的[赞],0
2025/3/28 23:14,@大黄在叫 [尬笑],0
2025/3/28 23:15,晚上和孩子一人吃了一包乐事薯片,0
2025/3/28 23:15,没事的，能上架，而且那么长时间那肯定是没事的，有事的都不让上架，好吧除非你把证据放出来我才信,1
2025/3/28 23:15,质检部门有脸报道出来,1
2025/3/28 23:15,放松对添加剂的管控可以促进医疗行业的发展，医疗可是巨大的资本啊,1
2025/3/28 23:15,你每次吃那点早就代谢了,0
2025/3/28 23:16,不吸收就拉吗[捂脸],0
2025/3/28 23:16,想方设法要我这条贱命呐,1
2025/3/28 23:16,营销号少信，前两天酱油这两天薯片，这新闻还是去年的新闻，炒冷饭挣流量的[憨笑],0
2025/3/28 23:17,@Leon?? @了米若要快乐啊 天塌了,0
2025/3/28 23:17,代谢不完？？这个薯片里面的食品添加剂对比酒里的酒精含量来说简直就是小巫见大巫了 酒喝多了代谢一晚上也差不多了 这薯片这一点点含量你指望要代谢多久 更何况达到视频里说的摄入超过5克可能有致命风险 这个确实 毕竟让我一次性吃160多斤的薯片 我确实会撑死[看][看],0
2025/3/28 23:17,这个添加剂会被肝脏代谢，随着尿液排出体外。,0
2025/3/28 23:18,为什么我老是刷到这些，真不想看了,0
2025/3/28 23:18,放心吃 没事 这个东西而且允许最大添加量0.2g/kg（以油脂含量计）油炸薯片大概30%含油量来算的话 最少也就是吃83公斤也就是166斤薯片才能达到摄入5克的致命风险 大概乐事的超值分享装135克 需要吃614包 而且必须是一次性吃完 不然过段时间就代谢出去了,0
2025/3/28 23:18,放心吃 没事 这个东西而且允许最大添加量0.2g/kg（以油脂含量计）油炸薯片大概30%含油量来算的话 最少也就是吃83公斤也就是166斤薯片才能达到摄入5克的致命风险 大概乐事的超值分享装135克 需要吃614包 而且必须是一次性吃完 不然过段时间就代谢出去了[看][看],0
2025/3/28 23:18,我还尝试了众多新口味,0
2025/3/28 23:19,龙哥现在那些管食品的手下都不干活了吗？[发呆],1
2025/3/28 23:19,一家用没事不超标，十几家用就是十几倍吃[泪奔][泪奔],1
2025/3/28 23:19,国家为什么这么规定呢？,0
2025/3/28 23:20,我看今天刚买2袋黄瓜味的,0
2025/3/28 23:20,就是这样一时半会吃不死，不代表没有，一时半会吃不死就可以上架，,1
2025/3/28 23:20,[流泪],0
2025/3/28 23:20,没你有学问,1
2025/3/28 23:20,按最多0.2g 每公斤来算得吃25公斤薯片，你算算你正常多久能吃完这么多[裂开]，再加上身体代谢，，，除非当饭吃不然真不用在意,0
2025/3/28 23:21,@我爱李映,0
2025/3/28 23:21,@马儿快跑 以后别买了,1
2025/3/28 23:21,卖的太贵了   就被查出来了[尬笑],1
2025/3/28 23:21,完了[黑脸][赞],1
2025/3/28 23:21,@贾士凯 [发呆],0
2025/3/28 23:22,数学真棒，一下子我就不恐慌了[泪奔],0
2025/3/28 23:22,[发呆][发呆][发呆],0
2025/3/28 23:22,永辉清仓，刚买了五六包家庭装的[捂脸],0
2025/3/28 23:22,我都笑了[捂脸]没好玩意,0
2025/3/28 23:22,[泪奔]最爱蕃茄味,0
2025/3/28 23:23,"你表达的“没批准”，就等于是""禁用""。而其实不对，对吗？！",1
2025/3/28 23:23,[捂脸][捂脸][捂脸][捂脸],0
2025/3/28 23:23,兄弟，致癌说的是几率变大，你不吃也有可能得癌症，但是吃了概率会变大，就像有的人抽一辈子烟没事，有的人不抽烟也会得肺癌,0
2025/3/28 23:24,他的添加量甚至不是最少的,0
2025/3/28 23:24,算错了，0.2g 每公斤，5克是25公斤，一包50g，那不得500包？,0
2025/3/28 23:24,500g含量0.1克吧,0
2025/3/28 23:25,差不多都这样你糊弄我，我糊弄你，质检的也嫌麻烦走过场而已,1
2025/3/28 23:25,多学习,0
2025/3/28 23:25,我儿子总吃,0
2025/3/28 23:26,我已经好久没吃乐事了 得半年多了[躺平],0
2025/3/28 23:26,说没问题,0
2025/3/28 23:26,我也是,0
2025/3/28 23:26,该吃吃该喝喝.,0
2025/3/28 23:26,划重点：符合日本规范[微笑],0
2025/3/28 23:26,这智商就少上网,1
2025/3/28 23:26,在这个问题上，是的。[得意],0
2025/3/28 23:26,我们这里噜咪啦临期的返厂不知道为什么要回收回去,0
2025/3/28 23:27,@杜～,0
2025/3/28 23:27,我们这里噜咪啦临期的返厂不知道为什么要回收回去,0
2025/3/28 23:27,乐事原味配料没有添加剂啊,0
2025/3/28 23:27,@??小鹿菇娘??????,0
2025/3/28 23:27,[流泪][流泪][流泪]补药啊我吃那么多,0
2025/3/28 23:28,[发呆][发呆][发呆][发呆]@恩恩ovo,0
2025/3/28 23:28,薯片最爱吃乐事，今天告诉我儿子以后不买薯片了，想吃就自己在家炸点，撒点烧烤盐吧,0
2025/3/28 23:29,买东西不看配料表？[微笑],0
2025/3/28 23:30,看来国家这个规定才是最大的不安全因素[捂脸],1
2025/3/28 23:30,滇二娃完胜乐事,0
2025/3/28 23:30,这个东西你说它是双标吧，你家的确是没有禁用，但是别人家禁用了，你说它不双标它又的确是不一样,0
2025/3/28 23:30,@影子 无语,0
2025/3/28 23:31,@芸,0
2025/3/28 23:31,为什么现在才查出来,1
2025/3/28 23:31,@汉堡哥?? @狮狮???,0
2025/3/28 23:31,你那是过敏了,0
2025/3/28 23:32,到底什么能吃,0
2025/3/28 23:32,长期 过量至少每天吃三百包中包的[展开说说],0
2025/3/28 23:32,@金嘟嘟左卫门,0
2025/3/28 23:32,回复符合国家规定，好可怕[泣不成声][泣不成声],0
2025/3/28 23:33,今晚才买了两袋真是吐的了，早知道不买了,0
2025/3/28 23:33,@Aleng??,0
2025/3/28 23:33,刚吃完一包，才让我刷到,0
2025/3/28 23:33,试试奥乐奇的黄瓜味 我感觉比乐事好吃很多,0
2025/3/28 23:33,上周还吃,0
2025/3/28 23:34,长期，过量,1
2025/3/28 23:34,刚买了几包[捂脸],0
2025/3/28 23:34,我刚刚吃完[泪奔],0
2025/3/28 23:35,有什么出奇的？[偷笑],0
2025/3/28 23:35,这不行那不行的为什么超市还在卖、咋想的发这个,1
2025/3/28 23:35,你要不先学一下化学和法律？三聚氰胺压根就不是食品添加剂，单纯是为了伪装成蛋白质[捂脸],0
2025/3/28 23:36,吃吧，反正现在啥都有毒[泪奔]吃下去以毒攻毒说不定啥事没有[捂脸]前几天酱油吃不得。,0
2025/3/28 23:36,@沙华等30w人,0
2025/3/28 23:36,我最爱的[捂脸],0
2025/3/28 23:36,老子从小吃到大你跟我说这现在才说？？？,1
2025/3/28 23:36,MD，刚吃完一袋[发呆],0
2025/3/28 23:36,@姆知起咩名好,0
2025/3/28 23:37,@久荔,0
2025/3/28 23:37,总是吃了好久好多年才爆出来…,0
2025/3/28 23:38,@じ向￡日葵 @半生瓜?? 师兄我找到了新的添加剂[求抱抱],0
2025/3/28 23:38,那就聊聊国标吧,0
2025/3/28 23:39,刚买了3包[尬笑],0
2025/3/28 23:39,@@少将 @可爱的李果吖 @Secular。 @木子海 @@一生有李～??,0
2025/3/28 23:39,有一种被母亲背刺的感觉,1
2025/3/28 23:40,我刚买一包,0
2025/3/28 23:40,哎呀，我家小孩好喜欢吃薯片，就是乐事红烩味,0
2025/3/28 23:41,到底谁在害谁,1
2025/3/28 23:41,国家规定，已经成为很多拉胯品牌的挡箭牌，这是为什么？到底是，符合国家规定就能吃？还是能吃就符合国家规定？,1
2025/3/28 23:41,学历越低，危害越大[绝望的凝视]一级致癌物酒精和香烟自己天天炫，让你少盐多素你又不听，一看到有添加，哪怕在合理范围内你都能跳起来[捂脸],1
2025/3/28 23:42,[捂脸],0
2025/3/28 23:42,@阿文 @阿 淼 @LEI @贝塔贝塔 @贝塔妈是小仙女′???? 以后别给娃买了,1
2025/3/28 23:42,没有什么可以吃的了,0
2025/3/28 23:42,早就知道了，本来我特喜欢乐事的薯片，这两年都没买过了。好多瓜子，坚果都有,0
2025/3/28 23:43,当市场上90%的同类食品里都有，你就说说剂量这个事吧。比如我，喜欢的零食里都有这玩意，我要不就不吃，要不就总是在摄入。别学了一句就不用脑子[绝望的凝视],0
2025/3/28 23:43,我的妈呀[捂脸][捂脸][捂脸][捂脸]我们孩子最喜欢吃这薯片,0
2025/3/28 23:43,各个行业都是相辅相成，开开心心每一天,0
2025/3/28 23:43,薯片的。我只喜欢丽丽,0
2025/3/28 23:43,@Ceci丽,0
2025/3/28 23:44,不要怪乐事 ，怪规定,0
2025/3/28 23:44,[恐惧],1
2025/3/28 23:44,现在才发出来[流泪]，我都吃了这么多年了！以后就找你们国家了,0
2025/3/28 23:44,@期待未来的我 @子非鱼℡,0
2025/3/28 23:44,"你要不仔细了解一下再出来说？这玩意被禁用是因为有滥用风险,有人用这玩意掩盖原料缺陷，",1
2025/3/28 23:45,他说符合国家规定[微笑][微笑]给钱办事，确实诚信[微笑],1
2025/3/28 23:45,今天刚买了[捂脸],0
2025/3/28 23:45,@?????,0
2025/3/28 23:45,@莱詹）,0
2025/3/28 23:45,那为什么市面还有得卖？这是我最不能理解的！[发怒][发怒],1
2025/3/28 23:45,@S且行,0
2025/3/28 23:45,又不是天天吃无所谓了,0
2025/3/28 23:46,我也是 家里还有两包没吃[捂脸],0
2025/3/28 23:46,@Best Wishes @惠风和畅 @啊额～～ [泣不成声],0
2025/3/28 23:46,我吃了好多[流泪][流泪][流泪],0
2025/3/28 23:46,妈呀，三包三包吃，我要ga了,1
2025/3/28 23:46,有什么区别吗？你以为那么多添加剂加进去对身体没害吗？你要觉得让你家孩子多吃点，反正我是不敢让孩子吃的[尬笑],1
2025/3/28 23:46,哎怎么出厂的呢,0
2025/3/28 23:47,食品问题就是故意犯罪,1
2025/3/28 23:47,刚吃完一包[泪奔],0
2025/3/28 23:47,呵呵符合国家规定，还爆出有问题到底哪里出了问题？,1
2025/3/28 23:47,[呆无辜][呆无辜][呆无辜],0
2025/3/28 23:47,@英哥 避雷,0
2025/3/28 23:47,符合国家规定,0
2025/3/28 23:47,在这个国家做食品真好，什么都可以加，只要别加太多就行！,1
2025/3/28 23:48,@浔.,0
2025/3/28 23:48,老娘昨天刚吃,0
2025/3/28 23:48,国家都说了 可以吃[呲牙],0
2025/3/28 23:48,我去，这玩意一般家庭都会吃吧,0
2025/3/28 23:48,特丁基对苯二酚TBHQ，很多油炸食品和葱油酱里面都有,0
2025/3/28 23:48,好想来抢的券买了很多乐事薯片，值得庆幸的是这种罐装的没有，吓人，味道还是挺好吃的，好想来还是划算的,0
2025/3/28 23:48,很少买乐事  我比较喜欢可比克番茄味的[看],0
2025/3/28 23:48,[泣不成声]喜欢的零食又塌房一个,0
2025/3/28 23:49,算了吧，那还死的更快[捂脸]日本……你确定[捂脸],1
2025/3/28 23:49,我现在还有一个超大包呢，可以索赔吗,0
2025/3/28 23:49,还有两包没开，我是吃了还是扔了[尬笑],0
2025/3/28 23:49,乐事：国家允许,0
2025/3/28 23:49,还好，吃不起,0
2025/3/28 23:49,可把我吓坏了，明天再买几包吃吃。茅台喝多了也致癌，中华抽多了也致癌。我薯片也不会天天吃，但那些天天抽烟喝酒的人我也没见几个人把自己身体坏的。别成天胡思乱想，食品安全问题不是今天才有的，该吃吃，该喝喝，心情好身体才能好。,0
2025/3/28 23:49,[尬笑][尬笑][尬笑][尬笑]最爱,0
2025/3/28 23:49,不买不就行了,0
2025/3/28 23:49,@粥八见妳??????????,0
2025/3/28 23:49,我也是啊,0
2025/3/28 23:50,国家已经出手了[捂脸],0
2025/3/28 23:50,是啊！天天烦死了 这食品有问题那菜有问题调料油什么都有问题 钱也：不好赚 感觉这几年好累，觉得以前没有抖音还好些 戒又戒不掉,0
2025/3/28 23:50,给我[呲牙],0
2025/3/28 23:50,@哇唔哇唔,0
2025/3/28 23:50,怪不得打折 刚买了几大包,0
2025/3/28 23:50,刚吃完,0
2025/3/28 23:51,都吃了这么久了。你告诉我这个。 真行。打了3针疫苗。都在传是假的。你告诉该不该信   是真的出来辟个谣啊。假的。我就想知道你一天天的想啥呢。真假你都整不明白。你天天是不是就寻思我兜里这俩钱呢,1
2025/3/28 23:51,@老次驴 @方方正正 @哈哈11,0
2025/3/28 23:51,现在看到这种食品安全的好像麻木了，感觉没问题才奇怪[捂脸],0
2025/3/28 23:51,坚决不吃，抵制到底,1
2025/3/28 23:51,我也爱吃、好险我吃的不多,0
2025/3/28 23:51,刚刚吃完一包薯片[捂脸],0
2025/3/28 23:51,软广告[看],0
2025/3/28 23:51,可比克呢,0
2025/3/28 23:52,@大铄来了,0
2025/3/28 23:52,@当当当?? 我也[泣不成声],0
2025/3/28 23:52,国家一直这样允许企业这样符合国家规定的添加[捂脸],0
2025/3/28 23:52,@长不胖滴滴 @wzr??,0
2025/3/28 23:52,每千克含0.2克，摄入超5克或将有致命风险，意味着要吃25千克（50斤）薯片或将有致命风险，25千克薯片是多少袋，一大袋的一般才不到200克吧，谁一次能吃50斤薯片[捂脸],0
2025/3/28 23:52,还有五罐，咋整,0
2025/3/28 23:52,下午刚吃一包，这会刷到视频[尬笑],0
2025/3/28 23:52,那完犊子了，爱吃辣条的我[流泪],0
2025/3/28 23:52,我以前想吃的时候就吃卫龙，后来看到配料表以后，我尽量吃麻辣王子和原氏了[泪奔],0
2025/3/28 23:52,@六月初 [憨笑]想干啥。,0
2025/3/28 23:53,@油点修猫饼.,0
2025/3/28 23:53,现在还有什么能吃[捂脸][捂脸][捂脸],0
2025/3/28 23:53,@iRo07 不能吃了[宕机],0
2025/3/28 23:53,@一熳熳????,0
2025/3/28 23:53,@富樫勇太,0
2025/3/28 23:53,@AI.MT,0
2025/3/28 23:53,@twmgwt,0
2025/3/28 23:53,今天才买4包，吃一包还有3包，吃还是扔,0
2025/3/28 23:53,比起这个，你更应该劝你的孩子好好学习，免得像你一样连什么是食品添加剂，什么是产品造假都分不清[捂脸]只认得配料表上的字，不知道作用有多大，低认知的人是这样的,1
2025/3/28 23:54,意思是你不是一下子吃一百包就不会中毒,0
2025/3/28 23:54,@??可喜可乐、,0
2025/3/28 23:54,[泪奔][泪奔][泪奔]今天刚给孩子买了几包？[流泪][流泪][流泪]现在的食品到底什么能吃[呆无辜][呆无辜],0
2025/3/28 23:54,@鲸鱼 @抓一个卓。 @卓晓慧 @卓小姐 @zzxik,0
2025/3/28 23:54,我们中国的食品都是潜在的风险.[噢买尬],1
2025/3/28 23:54,买的还死贵 娃是没吃过 我吃[泪奔],1
2025/3/28 23:55,我吃品客,0
2025/3/28 23:55,只要吃不死就行,1
2025/3/28 23:55,@??欣欣然。。,0
2025/3/28 23:55,@Jay zz 今晚刚吃完一包,0
2025/3/28 23:55,什么东西还能吃[捂脸],0
2025/3/28 23:55,啊啊啊啊啊啊啊啊啊啊，阿弥陀佛[感谢][感谢][感谢],0
2025/3/28 23:55,@梦鹿??（四巡必须抢到票）,0
2025/3/28 23:56,难道就我觉得乐事的青柠味薯片好吃吗[白眼],0
2025/3/28 23:56,致癌归致癌 但是国家允许,0
2025/3/28 23:56,[666],0
2025/3/28 23:56,[捂脸],0
2025/3/28 23:56,我刚吃也没搜索过直接推给我了[看],0
2025/3/28 23:56,我今晚刚吃上,0
2025/3/28 23:56,我去噜咪啦直播间下单了[呲牙],0
2025/3/28 23:56,天呢，我儿子最爱吃乐事番茄口味的,0
2025/3/28 23:57,我的乖乖，孩子今天要吃薯片，晚上才从来优品，买了两袋，是吃还是丢[捂脸][捂脸][捂脸],0
2025/3/28 23:57,放心吃，不吃乐事，其它也好不到哪里去，除非你饿死,1
2025/3/28 23:57,太对了,0
2025/3/28 23:57,我喜欢黄瓜味的,0
2025/3/28 23:57,本科以下学历不要关注食品安全,1
2025/3/28 23:57,千和没有干倒，又搞乐事？,1
2025/3/28 23:57,逆天,1
2025/3/28 23:57,天塌了，最爱黄瓜呀[泣不成声],0
2025/3/28 23:58,@无尽夏 @齐纪,0
2025/3/28 23:58,买珍珍,0
2025/3/28 23:58,而且就算一次性吃五十包跟直接摄入5g也是不一样的，吃不吃的下是一个问题，吃下了这么长时间也被代谢和稀释掉了[黑脸],0
2025/3/28 23:58,我也刚买一袋吃了点,0
2025/3/28 23:58,白天也吃，前天昨天都吃了[捂脸],0
2025/3/28 23:58,还有放心可以吃的东西吗？啥啥啥都有问题,1
2025/3/28 23:58,@玲美人,0
2025/3/28 23:58,好好好好好好,0
2025/3/28 23:58,现在还处于温饱状态、而不是吃好。 如果样样食品都严格监管、物价就会飞升、就要有无数人饿肚子。,0
2025/3/28 23:58,这还能吃啥啊。 [尬笑],0
2025/3/28 23:58,这玩意要想吃出问题，要在短时间内吃五百包，,0
2025/3/28 23:58,你猜它为啥香[看][看][看],0
2025/3/28 23:59,孩子放学要吃的，让我下班带回来，不过还没有打开呢,0
2025/3/28 23:59,那我能告他，赔偿我损失吗？,0
2025/3/28 23:59,符合国家规定[捂脸]完美,0
2025/3/28 23:59,我也[裂开][裂开][裂开]天知道我到底吃了多少包青柠口味的，以前都是去超市整袋整袋屯，透明大塑料袋装的那种[流泪],0
2025/3/28 23:59,怪不得现在美团跟饿了么天天买59减30,0
2025/3/28 23:59,@勇敢的熊猫侠,0
2025/3/29 0:00,为什么不强制下架？,1
2025/3/29 0:00,还有什么能吃[抠鼻],0
2025/3/29 0:00,[捂脸][捂脸][捂脸][捂脸],0
2025/3/29 0:00,告诉我什么是真的[捂脸],0
2025/3/29 0:00,一百包也不用担心，要出问题得五百包,0
2025/3/29 0:00,没有被允许哪来这么多胆大包天的人，太多了[泣不成声],1
2025/3/29 0:00,[捂脸][捂脸]昨天才买了6包,0
2025/3/29 0:01,[大笑][大笑][大笑]一样一样，薯片只吃青柠味，清新薄脆，完美[大金牙],0
2025/3/29 0:01,@Helen @6,0
2025/3/29 0:01,吃特么多少年了 现在才检验出来，上市的时候你们干嘛去了！！！,1
2025/3/29 0:01,那你去吃吧，多吃点，一次代谢得多久[看],1
2025/3/29 0:01,[赞][赞][赞][赞][赞]乐事你也是够了,0
2025/3/29 0:02,但我觉得乐事的好吃[捂脸],0
2025/3/29 0:02,昨天刚买了3罐青柠，给娃带去春游吃的[暗中观察]。今天就看到这个,0
2025/3/29 0:02,我也喜欢，,0
2025/3/29 0:02,人家说了国家允许的，国家呀,0
2025/3/29 0:03,我上次吃的时候看见明确标在配料表里了，又不是涉及造假的安全问题。你可以不吃，但不要在这危言耸听；强烈建议文科和本科学历以下这类不懂化学的就不要在食品安全上乱说了,1
2025/3/29 0:03,这个厂该死,1
2025/3/29 0:03,某天在货架上发现黄瓜味占据了青柠味的瞬间，觉得天要塌了[裂开][裂开]说明我这里喜欢黄瓜味的比较多,0
2025/3/29 0:03,别怕这怕那了，人家顶多是增加风险，而安全线为0的1级致癌物酒精，都有很多人天天再喝,0
2025/3/29 0:03,@pupu? [白眼],1
2025/3/29 0:04,没事 我偶尔才吃一包[流泪][流泪],0
2025/3/29 0:04,癌症患者好多是被自己吓死的！不知道的时候啥症状没有 …～这也一样,1
2025/3/29 0:04,宝，咱以后别吃了,1
2025/3/29 0:04,还有什么能吃 [捂脸],0
2025/3/29 0:04,昨天才买了，要不要扔掉[发怒],1
2025/3/29 0:04,我才买了六、七包[捂脸],0
2025/3/29 0:04,不爱吃[捂脸]5年也买不了两包,1
2025/3/29 0:04,@422 @五元钱,0
2025/3/29 0:04,[害羞][尬笑],0
2025/3/29 0:04,重点是符合我们国家标准[捂脸][捂脸],0
2025/3/29 0:05,客服，你是说国家标准定的低了吗？,0
2025/3/29 0:05,@吮指原味鸡??,0
2025/3/29 0:05,剩下给我吃[看],0
2025/3/29 0:05,我去我过年买十几包吃完了又追加了五大包吃完了，今晚还吃了两包[捂脸],0
2025/3/29 0:05,其他有添加剂的食品不都说符合国家标准吗，既然乐事也符合就不用单独列出来说了[不失礼貌的微笑],0
2025/3/29 0:05,从来不喜欢吃乐事,0
2025/3/29 0:05,放心，都吃了那么多年了，还在意那一包吗？[发呆],0
2025/3/29 0:07,国家标准是谁制定的？,0
2025/3/29 0:07,吓得赶紧吃一包压压惊[尬笑],0
2025/3/29 0:07,@四海 你还吃不,0
2025/3/29 0:07,@大高个 薯片别吃了,0
2025/3/29 0:07,@喜徐,0
2025/3/29 0:08,才买了两盒还没吃，不吃好亏，又不敢吃，好气[呆无辜],0
2025/3/29 0:08,国家规定都是几十年前的了,0
2025/3/29 0:08,别说一次性吃25kg薯片，你就是一次性吃25kg土豆都上天了[捂脸][捂脸][捂脸],0
2025/3/29 0:08,发点国外类似这些的让我们看看心理平衡点,0
2025/3/29 0:09,吃吧，反正不会马上要了你的命[抱抱你],1
2025/3/29 0:10,今天刚吃了两桶原味和黄瓜味的[捂脸][捂脸],0
2025/3/29 0:10,@用户6714405268309 @?????,0
2025/3/29 0:10,爱吃什么就被爆出来什么,1
2025/3/29 0:10,该好好学习的是你这种低智商的品种，理解能力太差沟通起来也困难。就你知道三聚氰胺不是添加剂别人都不知道。别人要表达的意思你这种二极管也理解不了。既然那么多添加剂对身体没影响，中国出口到外国的食品人家都不接受又是怎么回事？你这种人就在家多吃点吧，吃多点理解力就会更上一层楼了[不失礼貌的微笑],1
2025/3/29 0:11,积攒到一定量 就显现出来了,0
2025/3/29 0:11,符合国家规定！  国家为什么允许食品里放这么多不好成份的添加剂！！！！！！！！！,1
2025/3/29 0:11,自己做[看],0
2025/3/29 0:12,所以做人还是看开点吧！该吃吃，该喝喝。真要是严格起来我估计就得要饿死了吧[捂脸][捂脸],0
2025/3/29 0:12,@星星?降临 @善待人生 致癌呀,1
2025/3/29 0:12,你就告诉我吃多少达到5g,0
2025/3/29 0:12,今晚刚买了两瓶[尬笑],0
2025/3/29 0:12,尽量别吃零食，自己种菜，榨油，养鸡鸭,0
2025/3/29 0:14,首先这个标准定的合理不合理,0
2025/3/29 0:15,我一次都是230克一包，一天,0
2025/3/29 0:15,良品铺子这么没牌面？[看],1
2025/3/29 0:16,我就喜欢青柠的,0
2025/3/29 0:17,你一下子吃不了这么多[暗中观察],0
2025/3/29 0:18,: 又开始了，一袋薯片最大包100多克，每公斤最大添加量0.2克，基本最大包8袋能有0.2克，5克你得吃差不多200袋，吃薯片撑死之前，你都毒不死,0
2025/3/29 0:18,@我是小星星呀?,0
2025/3/29 0:19,举个例子，吸烟有害健康,0
2025/3/29 0:19,@???,0
2025/3/29 0:19,哟哟哟，还在嘴硬[捂脸]别人知不知道和我无关，但是你把这个和食品添加剂混为一谈，就已经说明智商低得没边了，好为你的孩子担心啊，遗传了怎么办？要不上医院治治呢？[抠鼻]中国不收的外国食品怎么不说呢？是断网了吗？还是跪久了站不起来[看]化学都学不明白，是没上过初中吗？还是小学没毕业？还质疑上我了[捂脸],1
2025/3/29 0:20,你怎么知道有没有问题，致癌物对人体的致癌过程是多个阶段的，不是你现在没看到确诊就是没事,1
2025/3/29 0:21,@阿渔?? [抠鼻],1
2025/3/29 0:21,评论区典型的光看毒性不看剂量啊[捂脸]这玩意正常吃没问题，长期 ！！   过量！！才会增加患癌“风险”，正常吃没问题的东西为什么要下架，还搁这“让上架的不是中国人”[捂脸]中年人不要看啥怕啥多动动脑子，现代文盲，被人当枪使的一把好手[捂脸][捂脸][捂脸],1
2025/3/29 0:21,第二个真一般吧，实话,0
2025/3/29 0:21,料撒不均,0
2025/3/29 0:21,隔壁天天刷到,0
2025/3/29 0:22,好一个符合国家规定,0
2025/3/29 0:22,幸好我从不爱零食,0
2025/3/29 0:23,@cr. @0,0
2025/3/29 0:24,算错了，应该是一次性吃500包50g装的薯片[泪奔][泪奔][泪奔],0
2025/3/29 0:25,@??季风和晚星??,0
2025/3/29 0:25,就想知道怎么上架的，,0
2025/3/29 0:26,去年的屎冰淇淋，现在又来，不接受，我买的时候好好的，悄悄吃,1
2025/3/29 0:26,我的最爱[舔屏],0
2025/3/29 0:27,怎么感觉我们吃了很多年用了很多年信任的东西物品都出问题了，早怎么没有检查出来，非得大家都吃多了再告诉我们吃了慢性毒药[捂脸],0
2025/3/29 0:27,@猪啊你,1
2025/3/29 0:27,一盒是一百零几克，一袋六十几克[偷笑],0
2025/3/29 0:27,芥末的也好吃,0
2025/3/29 0:27,我不爱吃零食我四岁儿子也不爱吃  顶多吃点小糖糖  喝点酸奶各种水果  买玩具,0
2025/3/29 0:28,就问现在什么能放心吃？[捂脸],0
2025/3/29 0:29,@_也黑白,0
2025/3/29 0:29,允许的,0
2025/3/29 0:29,可比克呢,0
2025/3/29 0:29,越来越多人看明白了,0
2025/3/29 0:29,该吃吃，管那么多干嘛，人生几十年,0
2025/3/29 0:29,一氧化二氢也是致癌物,0
2025/3/29 0:30,完蛋,1
2025/3/29 0:30,还好不爱吃薯片,0
2025/3/29 0:30,还含阿斯巴甜,0
2025/3/29 0:30,不谈剂量谈毒性，你说为什么没查到？,1
2025/3/29 0:31,所以国家标准是捏死金牌？？。,1
2025/3/29 0:31,@阿阿阿阿西吧??,1
2025/3/29 0:31,符合国家规定 你们急什么[耶],0
2025/3/29 0:31,家里有的是不是可以索赔,0
2025/3/29 0:32,别生产就行了,1
2025/3/29 0:32,不是吧我刚吃完[震惊],0
2025/3/29 0:32,他妈的  今天刚吃了一袋,1
2025/3/29 0:32,我刚吃完一袋[调皮]@不知名经纪人,0
2025/3/29 0:33,事实就是酒精是一级致癌物，喝酒跟不喝酒癌症发生率差别很大[微笑],0
2025/3/29 0:34,呵呵，看来以后315也是摆设了，以前315一爆还都认，现在爆出来都不服气了，都反驳,1
2025/3/29 0:34,长期过量食用啥都得得病，长期过量吃盐也得得高血压血管硬化，每千克使用0.2克，5克有致命风险，谁一次吃25kg的薯片啊[疑问],0
2025/3/29 0:34,吃的  用的都在要我们命,1
2025/3/29 0:34,特别喜欢吃 天啊,0
2025/3/29 0:34,@I am information,0
2025/3/29 0:35,@J束语 以后吃上好佳,0
2025/3/29 0:35,还好我不喜欢吃薯片[捂脸]啥薯片都不吃,0
2025/3/29 0:35,害人害己的，遭天谴的,1
2025/3/29 0:36,先不说添加什么，凡是炸东西吃多了都会致癌吧[九转大肠],0
2025/3/29 0:36,[发怒][发怒]再也不吃了！缺德！国家也不管下！,1
2025/3/29 0:36,这能上架，国家不管吗,1
2025/3/29 0:36,刚买了5包怎么办,0
2025/3/29 0:37,刚买了两罐就让我刷到了,0
2025/3/29 0:37,熬夜比吃添加剂更不利于身体健康[捂脸],0
2025/3/29 0:37,是国家让他做的,0
2025/3/29 0:37,@晴空ヾ(●′?｀●)?哇,0
2025/3/29 0:38,我最爱的零食 符合国家规定但致癌[微笑],0
2025/3/29 0:38,我儿子最喜欢吃了薯片了，现在还有什么能吃吗[惊恐],0
2025/3/29 0:38,俺不是,0
2025/3/29 0:39,@飞天大笨狼 @一只小潘哒??,0
2025/3/29 0:39,珍珍薯片如何呢,0
2025/3/29 0:39,@小酒??（连赞拉黑） @沐西西,1
2025/3/29 0:39,[捂脸]还好因为觉得贵没吃它。,0
2025/3/29 0:40,上市前不检测监管吗[鼓掌],0
2025/3/29 0:40,才吃完,0
2025/3/29 0:40,过分焦虑有用吗，他要是想弄死你，他可以有不下百种方法，吃好喝好休息好，过好自己人生，任何都行都是一个量的事，自己注意比网上天天看这玩意强多了[绝望的凝视],1
2025/3/29 0:40,@筠筠兄?? [流泪],0
2025/3/29 0:40,我社保都不交了，得过且过，能过几时是几时，随便吧及时行乐,0
2025/3/29 0:40,就现在的食品安全。能活到60我就算你高寿了。还65才退休[暗中观察],1
2025/3/29 0:41,@21 ゛,0
2025/3/29 0:42,防不胜防呀[捂脸],0
2025/3/29 0:42,@优雅小怡子,0
2025/3/29 0:42,含泪吃了吧 以后没得吃了[九转大肠],0
2025/3/29 0:42,乐事，你背刺我[微笑],1
2025/3/29 0:43,@suijdsr 还吃，卧槽,1
2025/3/29 0:43,@Xn. 别给他吃了！！！！！！,1
2025/3/29 0:43,@陈哈哈,0
2025/3/29 0:43,@潇潇是个宝贝,0
2025/3/29 0:43,?????循环??,0
2025/3/29 0:43,@源 @不吃栗子的松鼠,0
2025/3/29 0:43,国家允许的，中国人还是太多了吧,1
2025/3/29 0:44,我最喜欢吃乐事薯片了,0
2025/3/29 0:44,赶紧管管零食，现在的零食太可怕了[泪奔],0
2025/3/29 0:44,真的各行各业都要我的命,0
2025/3/29 0:44,我刚吃完[尬笑],0
2025/3/29 0:44,还好还好 看完能睡着了,0
2025/3/29 0:44,不要想什么不能吃，你就说什么还有什么能吃？??重要 ，反正有的是人[尬笑][尬笑],1
2025/3/29 0:44,@?? [泣不成声][泣不成声][震惊][震惊],0
2025/3/29 0:45,放心吃，让放不让吃？你又不是一天十包二十包的吃，偶尔吃一包啥事没有，不用过度焦虑,0
2025/3/29 0:45,符合国家规定，没符合医生规定[大笑],0
2025/3/29 0:45,人口太多，灭霸行为,1
2025/3/29 0:45,@亦,0
2025/3/29 0:45,标准都是企业订的，因为之前没有标准,0
2025/3/29 0:45,@假装在路上。 [泪奔],0
2025/3/29 0:46,你就说中国还有撒是能吃的。,1
2025/3/29 0:47,为啥流入市场,0
2025/3/29 0:48,@Italy ？,0
2025/3/29 0:48,怪不得我们这里的超市最近买一送一呢，[捂脸],0
2025/3/29 0:48,@m.,0
2025/3/29 0:48,@LLx @Leviii,0
2025/3/29 0:48,没记错的话桶装的没有tbhq,0
2025/3/29 0:48,而且 我给你说 我信配料表 我不信中国人 这种事情还少吗？315毒卫生巾 连安全标志都敢贴 你信个鬼啊？,1
2025/3/29 0:49,哟，卖了这么多年才发现？[尬笑],1
2025/3/29 0:49,全是马后炮，都挂墙上了，才叭叭的,1
2025/3/29 0:49,@小王??,0
2025/3/29 0:50,别搞[泣不成声][泣不成声],0
2025/3/29 0:50,那你要这么说的话 盐也别吃了 会齁死,0
2025/3/29 0:50,方便面里也有[捂脸][捂脸][捂脸],0
2025/3/29 0:50,吃就完了 多大点事  自从牛肉都算一级一级致癌物后，就爱谁谁吧  [捂脸][捂脸][捂脸],0
2025/3/29 0:50,那就是基因问题啊,1
2025/3/29 0:50,@哈哈,0
2025/3/29 0:51,大家都身体健康了医院还怎么赚钱[尬笑],1
2025/3/29 0:51,我都爱吃[憨笑][憨笑][憨笑],0
2025/3/29 0:51,给我邮过来 我帮你扔了[微笑][看],0
2025/3/29 0:52,我吃薯片就爱买乐事的原味,0
2025/3/29 0:53,@alzz [尬笑],0
2025/3/29 0:53,它们要是懂就不会这样说了[捂脸],0
2025/3/29 0:54,最爱黄瓜味的有没有[捂脸],0
2025/3/29 0:54,永远拉黑,1
2025/3/29 0:55,@柯.s @Yoyo柯,0
2025/3/29 0:55,这是在锻炼我们的抵抗力[看],0
2025/3/29 0:56,那么多年了，才说有致癌添加剂，早干什么去了？你们把老百姓当猴耍,1
2025/3/29 0:56,@无妄海 @是甜甜甜吖！ @吃不胖的阿邓 @釜山朴智旻,0
2025/3/29 0:56,@馋猫鬼?? ？[宕机],0
2025/3/29 0:56,脆的零食都会有这个东西,0
2025/3/29 0:57,烟酒致癌风险更高,0
2025/3/29 0:57,俺也是[捂脸],0
2025/3/29 0:57,不管什么产品都要看看配料表,0
2025/3/29 0:57,薯片有时候我总感觉有股苦味 虽然很淡[捂脸],0
2025/3/29 0:57,@霧詞,0
2025/3/29 0:58,国家规定就是没规定,1
2025/3/29 0:58,qun一种幸福叫我爱自己一点希望自己可以快乐下去！,0
2025/3/29 0:58,在中国做食品什么都可以加，只要别加太多就行！,1
2025/3/29 0:59,我的天塌了 薯片我都只买它一箱一箱屯  离死又进一步了[流泪][流泪][流泪][流泪][流泪],0
2025/3/29 0:59,@打地铺晒月亮,0
2025/3/29 0:59,我用剂安安扫出来就是有一个致癌的成分的[暗中观察],1
2025/3/29 1:00,我都不知道多久没有吃过薯片了，发现长大了真的不怎么喜欢吃零食[捂脸],0
2025/3/29 1:00,@公主与恶龙 [你不大行],1
2025/3/29 1:00,我这条穷命，谁来都想给我砍几刀,1
2025/3/29 1:01,从小吃到大[尬笑],0
2025/3/29 1:01,@给我泡壶枸杞,0
2025/3/29 1:01,有段时间每天都吃 我的天 [泣不成声],0
2025/3/29 1:02,不上热搜天理难容！,1
2025/3/29 1:02,报道出来啥啥有致命添加剂，可到处还在卖？能卖说明吃不死，,1
2025/3/29 1:02,刚买了包128g的,0
2025/3/29 1:02,才买的乐事,0
2025/3/29 1:03,@Yeahh. 乐事,0
2025/3/29 1:03,不是之前就爆过了吗,0
2025/3/29 1:03,@C-zhi  man ?,0
2025/3/29 1:03,@Miss~彭,0
2025/3/29 1:03,薯片本来就垃圾食品，不能吃,1
2025/3/29 1:03,@源来美业专业祛斑,0
2025/3/29 1:03,我以为乐事最安全的，所以只吃乐事，以后不吃了,0
2025/3/29 1:04,我不吃了,0
2025/3/29 1:04,不知道我们这买的散称的会不会加东西说是自己炸的，就是有点油,0
2025/3/29 1:04,没事的我不吃也没事。,0
2025/3/29 1:05,@离?,0
2025/3/29 1:06,瓜子里也有这个,0
2025/3/29 1:06,我做带货的，配料表有危害的一律不带，因为害人，照你这么说阿斯巴甜也没到那么多剂量没事、同时是吃的为什么不选点没有致癌物的,0
2025/3/29 1:07,产品符合国家规定，国家都不管你们死活，我管这么多干什么[看],1
2025/3/29 1:07,天呀每次上超市乐事必备一次都是三五包，还能吃吗[泣不成声],0
2025/3/29 1:07,每个行业都想要我的命,0
2025/3/29 1:08,[泪奔][泪奔][泪奔]我才买的  最喜欢这两种口味,0
2025/3/29 1:08,@独家记忆JC-T,0
2025/3/29 1:08,劳资还专挑乐事买的 烦人[发怒],1
2025/3/29 1:09,@柠檬??很萌??,0
2025/3/29 1:10,菜，牛奶，饮料，大米，自来水，合成肉，淋巴肉，等等等 合着把我们当日本人搞啊？,1
2025/3/29 1:10,智商越低，毒性越大，还没毒死先撑死,1
2025/3/29 1:10,@hellokelly @亭亭子 [流泪],0
2025/3/29 1:10,@布噜布噜_ 看了这条评论又开始安心吃了,0
2025/3/29 1:10,@胥姑娘 哎,0
2025/3/29 1:11,@^susu. @Rio tonight* @恩库,0
2025/3/29 1:11,我还再吃，还要不要继续吃完[捂脸],0
2025/3/29 1:11,这个致癌那个致癌的 为什么还要生产呢 为什么要进超市 中国人就喜欢害中国人 我们老百姓就那一条命 谁都不想要,1
2025/3/29 1:11,中国食品是怎么了,1
2025/3/29 1:11,关键是这些标准还不改,0
2025/3/29 1:12,明白人,0
2025/3/29 1:12,@A?,0
2025/3/29 1:12,放心  我老公就是在百事做管理的  刚问了他  啥都没加，我孩子也都再吃。,0
2025/3/29 1:12,等等我好像三年没吃过薯片[他急了],0
2025/3/29 1:13,默默的看完刚买的一大箱乐事薯片，要不要吃呢[撇嘴],0
2025/3/29 1:13,薯片我只买这款的黄瓜味[泪奔],0
2025/3/29 1:13,现在爬起来打开原味乐事薯片吃一下,0
2025/3/29 1:14,@Soft  sister ???? @社交牛逼郑 @辞宝 @9527..,0
2025/3/29 1:15,一口气吃个20斤以上会死[尬笑],0
2025/3/29 1:15,各行各业都要我们的命,1
2025/3/29 1:15,又一企业倒下[捂脸],0
2025/3/29 1:16,我今天刚买了一包黄瓜味,0
2025/3/29 1:16,@美少女壮士゜ζ 得先撑死,1
2025/3/29 1:17,这不是扯淡吗，很多小零食里面都要这种添加剂啊[看][看][看]。小零食全部不要吃了。5克的话要吃2000包左右。有的人一辈子都吃不了那么多,1
2025/3/29 1:17,@????大魔王赞赞,0
2025/3/29 1:17,0.2克1公斤，吓得我赶紧买包35克的吃吃压压惊.,0
2025/3/29 1:19,@大甜莉er,0
2025/3/29 1:19,我儿子最喜欢吃薯片，无语[尬笑],0
2025/3/29 1:19,啊再也不吃了,0
2025/3/29 1:19,@琦锌,0
2025/3/29 1:19,那个不要命吧[捂脸][捂脸][捂脸],0
2025/3/29 1:19,@Y.,0
2025/3/29 1:20,@羊崽?? ？,0
2025/3/29 1:20,真信的是这个[赞],0
2025/3/29 1:20,@fioooona,0
2025/3/29 1:20,我每天吃[流泪],0
2025/3/29 1:21,@张爱国,0
2025/3/29 1:21,青柠我的最爱[流泪],0
2025/3/29 1:22,[捂脸]确实符合国家标准，要不能光明正大出售？国家到底什么标准？,1
2025/3/29 1:25,我超喜欢,0
2025/3/29 1:26,乐事里面全是添加剂,1
2025/3/29 1:27,@海南壹波实业CEO,0
2025/3/29 1:27,@我好喜欢吃?? 全评论区唯一一个正常人,0
2025/3/29 1:28,还好我很少吃[捂脸],0
2025/3/29 1:28,他都说符合国家规定了，所以怎么不能上架？,0
2025/3/29 1:28,@Cc：,0
2025/3/29 1:28,@什么芽～,0
2025/3/29 1:29,关系到国外的品牌评论完全不一样,0
2025/3/29 1:29,我家还有好几罐没吃怎么办[尬笑]吃还是不吃,0
2025/3/29 1:30,@小小怪??,0
2025/3/29 1:31,@A1ways [微笑][微笑][微笑],0
2025/3/29 1:31,我超爱乐事的[笑哭],0
2025/3/29 1:31,@是茵茵鸭～ @Ojh zheng @初安,0
2025/3/29 1:33,@婵霜*,0
2025/3/29 1:34,天塌了  我和我孩子都喜欢吃,0
2025/3/29 1:34,"TBHQ被允许使用的原因可归结为：
1. 在法定剂量下，其安全性得到国际权威机构认可；
2. 它能抑制有害氧化产物（如醛类物质）的生成，这些物质本身的致癌性可能比TBHQ更高；",0
2025/3/29 1:34,日本？你不会以为日本食品没添加剂吧[笑哭]，你也太天真了吧,1
2025/3/29 1:35,非加不可吗这些东西[微笑],0
2025/3/29 1:35,毁灭吧，累了[捂脸],1
2025/3/29 1:35,@小孩儿不吃糖 看看，别吃了啊[抱抱你],0
2025/3/29 1:36,@oops!!!,0
2025/3/29 1:36,默默的拿起了旁边的薯片一看 135g  没事 离25千克还远 还能吃[泪奔],0
2025/3/29 1:36,@木兮 ??琼 不要她吃了,1
2025/3/29 1:36,那吃25公斤就达到5克了[发怒]大家抵制乐事，让他降价我们才买。,1
2025/3/29 1:36,其实吃多了就会觉得不好吃  就会不太喜欢吃这些零食了  偶尔想起来买一包还要吃几天都吃不完,0
2025/3/29 1:37,还有两罐原味的,0
2025/3/29 1:37,经典你多吃点[憨笑]你别吃东西了，什么都有致癌风险,1
2025/3/29 1:37,难怪今天超市乐事薯片全部5折处理,0
2025/3/29 1:37,我也是吃这两个,0
2025/3/29 1:38,加大剂量，早他妈不想活了,1
2025/3/29 1:38,@小??,0
2025/3/29 1:38,今天才吃了,0
2025/3/29 1:38,@￥,0
2025/3/29 1:39,药里没有药，食品里面全是药[捂脸],0
2025/3/29 1:39,？,0
2025/3/29 1:39,会不会是国家没有规定的太详细，空子钻得好？,0
2025/3/29 1:40,@能吃能喝,0
2025/3/29 1:41,产品符合医院规定,0
2025/3/29 1:42,当什么都不能吃的 也就什么都能吃了[捂脸],0
2025/3/29 1:43,消费者道歉了没,1
2025/3/29 1:43,[捂脸][捂脸]我最喜欢柠檬味、随时吃,0
2025/3/29 1:43,晕 不过还好我不爱吃薯片[绝望的凝视],0
2025/3/29 1:44,都难找出哪个食品不致癌了,0
2025/3/29 1:44,特丁基对苯二酚，好多零食里都有，有的方便面里也有,0
2025/3/29 1:45,有个疑问，不加这些是不好吃还是咋滴,0
2025/3/29 1:45,都要我的命是吧,1
2025/3/29 1:46,这些东西都踩着线做 都添加点啥 每天吃个几样 我们离死还远么 [捂脸],1
2025/3/29 1:46,薯片吃最多的就是乐事,0
2025/3/29 1:47,@小猫爱吃??,0
2025/3/29 1:47,@Yueyue?? 不要怕,0
2025/3/29 1:47,你这么说意思是校准的问题了,0
2025/3/29 1:48,难道只有乐事有，别的薯片就没有了吗，搞笑了，同行吧,1
2025/3/29 1:48,召回，下架,0
2025/3/29 1:49,延长保质期赚钱啊。,1
2025/3/29 1:49,自己吃的就是没问题，别人吃的全是致癌物 是不是这个意思？[捂脸],1
2025/3/29 1:50,产品符合国家规定[流泪]，圈起来要考[流泪][流泪][流泪][流泪],0
2025/3/29 1:50,@大黄米汤圆,0
2025/3/29 1:51,@忻州红姐,0
2025/3/29 1:52,中国人害中国人,1
2025/3/29 1:54,油罐车的食用油呢？,1
2025/3/29 1:55,??的，这几天都在吃大波浪,0
2025/3/29 1:55,不明白，为什么国家允许食品里添加致癌物质？,1
2025/3/29 1:55,刚刚才买了[暗中观察],0
2025/3/29 1:57,所以现在癌症多吧啊，爱吃零食的,0
2025/3/29 1:57,特丁基对苯二酚TBHQ，有些辣条呀面包呀也含有的，爱吃零食的小伙伴可以注意看一下,0
2025/3/29 1:58,不喜欢吃零食习惯保了我狗命[看],0
2025/3/29 1:58,重点在符合国家标准,0
2025/3/29 1:59,维生素E更安全为啥不用？[呆无辜],0
2025/3/29 1:59,以前方便面配料表也有tbhp，都不知道是什么。,0
2025/3/29 2:00,@,0
2025/3/29 2:00,@还我草莓蛋糕,0
2025/3/29 2:00,[钱]两眼一闭就是吃[吐舌][冷漠],1
2025/3/29 2:00,国家定的标准，人家按照标准来，从法律上说是没有问题的。不过定标准的人应该也不会吃吧。其实最关键的还是消费者，买东西多看看配料表，我也不太懂，反正字越少越好，保质期越短越好[呲牙],0
2025/3/29 2:01,该交保护费了[微笑],1
2025/3/29 2:01,不是韩国的吗,0
2025/3/29 2:02,@元気美少女 天塌了我讲一口不吃,0
2025/3/29 2:02,@啾噜兄妹,0
2025/3/29 2:02,我三天两头吃，不过我吃的盒装的，应该没问题吧,0
2025/3/29 2:03,@杨二小姐,0
2025/3/29 2:03,你谁啊？,1
2025/3/29 2:04,那应该没错了，按他说的意思，就是国家安排我们增加患癌风险的咯？,1
2025/3/29 2:05,看样子产品保存时间会缩短,0
2025/3/29 2:05,[微笑]我最爱吃啊[微笑][微笑][微笑][微笑]这两个味,0
2025/3/29 2:05,刚买了[捂脸],0
2025/3/29 2:05,[吐舌],0
2025/3/29 2:05,做了很多实验的，以为想得就得吗[黑脸],1
2025/3/29 2:07,你多喝点水，喝多了也中毒，水中毒,1
2025/3/29 2:07,要死啊，经常吃,1
2025/3/29 2:07,还好，从来不买乐事,0
2025/3/29 2:08,超市卖得好贵，6块一包，感觉不好吃，第一次吃这现意，还没可比克好吃！,0
2025/3/29 2:08,？？？我是李世民,0
2025/3/29 2:08,刚在网上搜薯片和其它零食加购物车[微笑],0
2025/3/29 2:10,我也是,0
2025/3/29 2:10,难道就我一个人从来不爱吃薯片的吗，，,0
2025/3/29 2:11,那你说的可没错，一次性吃80包方便面可能会丙烯酰胺中毒，一次性吃480跟香蕉可能会钾中毒，一次性吃1.8头牛可能导致铁中毒，一次性吃6顿番茄可能导致龙葵苏中毒，一次性喝5-6升水可能导致水中毒,0
2025/3/29 2:11,@星星点点??,0
2025/3/29 2:11,@是珊珊呀【二胎中】,0
2025/3/29 2:12,@萱宝 拒绝喂食小孩,1
2025/3/29 2:12,卖了这么多年了，你告诉我有致命风险，早他妈干什么去了，不符合规定你们丫让上市,1
2025/3/29 2:12,相信国家会出手的,0
2025/3/29 2:14,符合国家规定 哎,0
2025/3/29 2:14,@二姐????????,0
2025/3/29 2:15,对不起 乐视 我一直喜欢品客 但你没错,0
2025/3/29 2:16,超市货架上少吃,0
2025/3/29 2:16,难怪我孩子每次吃都生病[抠鼻],0
2025/3/29 2:19,[流泪]天塌了.还好他在香港买过来的！前几天刚吃,0
2025/3/29 2:19,@小禾禾,0
2025/3/29 2:20,抛开剂量谈毒性跟耍流氓没区别，当然肯定是少吃最好[OK],0
2025/3/29 2:20,[抠鼻][抠鼻],0
2025/3/29 2:21,你把地址给我、我每月给你寄吃的，你每天把吃完的视频发我就行了,1
2025/3/29 2:21,我有说日本没有添加剂？,0
2025/3/29 2:22,今天刚买几包青柠味[泪奔][泪奔][泪奔],0
2025/3/29 2:22,也有，黄瓜味就有,0
2025/3/29 2:22,@是小陳阿_,0
2025/3/29 2:22,消费者有什么好处？赔偿怎么算？,0
2025/3/29 2:22,啧，吃了那么多年我都还没死，真是命硬啊，不知道有没有吃乐事薯片致癌的人呢[偷笑],0
2025/3/29 2:23,我只喜欢乐事薯片呢[泪奔],0
2025/3/29 2:23,不是吧 我经常吃黄瓜和番茄的[泪奔],0
2025/3/29 2:23,这是怎么流向市场的,0
2025/3/29 2:23,符合国家规定,0
2025/3/29 2:24,那我家里这包怎么办,0
2025/3/29 2:24,笑死了，既然觉得不好那就去日本呗，这样你就能吃到日本的了[泣不成声],1
2025/3/29 2:25,此刻正在吃[捂脸],0
2025/3/29 2:25,5g盐你一下吃进去也差不多了[呆无辜],1
2025/3/29 2:26,这个号有点故弄玄虚添油加醋挑拨离间！,1
2025/3/29 2:27,所以多垃圾的标准,1
2025/3/29 2:27,天塌了，家里还有好多，最爱吃薯片了[捂脸],0
2025/3/29 2:28,你少写一个0 按50g一包需要500包[暗中观察],0
2025/3/29 2:28,今天刚买了黄瓜味的????,0
2025/3/29 2:29,国产薯片滞销啦[送心],0
2025/3/29 2:29,这是重点,0
2025/3/29 2:29,可比可是一样吧？我前年吃了好几盒[捂脸],0
2025/3/29 2:30,@霸王兔兔子,0
2025/3/29 2:30,老早干嘛去了,1
2025/3/29 2:30,我看了筒装薯片上没标有TBHQ,0
2025/3/29 2:32,我是犯了多大罪，都想要我的命[捂脸],1
2025/3/29 2:32,已经吃过，如何起诉,1
2025/3/29 2:32,@关你什么柿?? 特丁基对苯二酚 缩写TBHQ 这是狠玩意,1
2025/3/29 2:33,还有什么食品是可以吃的,0
2025/3/29 2:33,这玩意瓜子里面不也添加吗,1
2025/3/29 2:33,其实他们自己的子女吃不吃这些的,1
2025/3/29 2:34,@市说新语 [流泪][流泪][流泪],0
2025/3/29 2:34,防腐剂,0
2025/3/29 2:35,泡芙里面也有防腐剂,0
2025/3/29 2:38,@叶不修 所以还能吃 还好还好,0
2025/3/29 2:38,@夏。,0
2025/3/29 2:38,我的原味啊[衰],1
2025/3/29 2:41,而且身体还会有代谢，乱带节奏，如果这样算，就像喝水一次性喝多也会水中毒死亡[灵机一动],1
2025/3/29 2:42,经典多看不经过大脑,1
2025/3/29 2:43,只喜欢吃贵州薯片,0
2025/3/29 2:43,不是吃5克乐事有致命风险？？[泪奔],0
2025/3/29 2:44,符合国家标准    这个国家标准到底得有多低,1
2025/3/29 2:44,所有的零食都不能经常吃只能说[看],0
2025/3/29 2:45,就是说添加了致癌成份，只是他们不超标？是这样理解的吗？[我想静静],1
2025/3/29 2:46,@暮,0
2025/3/29 2:46,为什么国家要规定添加剂可以添加呢[不失礼貌的微笑],0
2025/3/29 2:47,啊，我去年用一个月时间吃了二十包（一箱）[流泪],0
2025/3/29 2:47,我要戒掉零食饮料??我要吃素养生,0
2025/3/29 2:48,?1，我每次都说买乐士吧 原切的,0
2025/3/29 2:48,很稀奇吗？哪个是卫生干净,1
2025/3/29 2:49,我超爱吃番茄味的[微笑],0
2025/3/29 2:49,我这为啥就没事[捂脸],0
2025/3/29 2:49,@LUV,0
2025/3/29 2:50,天塌了，晚上才吃了一包[流泪],0
2025/3/29 2:51,继续吃，当做什么不知道,1
2025/3/29 2:52,@咩噗奶茶,0
2025/3/29 2:52,@金元宝,0
2025/3/29 2:54,才发现吗[捂脸] 早就不吃了  零食都戒了,0
2025/3/29 2:54,@哈哈哈(?ω?)hiahiahia @柒°,0
2025/3/29 2:54,@呀！小七,0
2025/3/29 2:55,加把劲，把价格打下来。早就想吃了就是太贵了[九转大肠],0
2025/3/29 2:56,@???????? @我只有一个蕊,0
2025/3/29 2:57,@︷╅死丫头别哭了╊ @骆驼祥子 @拾柒 @叫我姐姐 @小恩 @安康福宝 @????姐是限量版?? @如沐春风 @韋微芽 @花未眠.,0
2025/3/29 2:57,完了,0
2025/3/29 2:57,照他们这么说，以后啥零食都不能吃了。,0
2025/3/29 2:57,@Xu、 完了，我最喜欢吃这个,0
2025/3/29 2:57,@培培,0
2025/3/29 2:57,卧槽，这两年我估计在美宜家买了??200多包[快哭了][快哭了][快哭了],0
2025/3/29 3:00,冒昧的问一句今年多大了[捂脸],0
2025/3/29 3:02,还好云南有自己的土豆片,0
2025/3/29 3:02,没事偶尔咱俩一起吃一包没事,0
2025/3/29 3:03,@派大睡沫星子. @L~??,0
2025/3/29 3:07,@yy [暗中观察],0
2025/3/29 3:08,[看]总结油炸食品致癌？,0
2025/3/29 3:14,什么里都有药，唯独药里没有药,0
2025/3/29 3:15,[看]a添加一点，b添加一点，c产品再添加一点。样样都是符合标准的。包装短时间内吃不死人就好，长期的谁知道呢？没准等你出事我都转行多久了。,1
2025/3/29 3:16,@央视新闻意思 国家允许？,1
2025/3/29 3:17,好一句产品符合国家规定[捂脸],0
2025/3/29 3:18,昨天刚刚买的一大袋还吃不吃[宕机],0
2025/3/29 3:21,符合国家规定[看],0
2025/3/29 3:21,吃不嘎，就没人管，你品你细品,1
2025/3/29 3:22,还是不要呼吸了 空气中都那么多细菌,1
2025/3/29 3:22,抛开剂量谈毒性  我觉得吃薯片撑死之前，你都毒不死,0
2025/3/29 3:22,整天有，直接封闭厂房，逮人不行了，这不吃那不吃,1
2025/3/29 3:23,@几块方糖.,0
2025/3/29 3:24,？,0
2025/3/29 3:26,@瑞秋.,0
2025/3/29 3:27,有哪一个不符合标准的[捂脸][捂脸][捂脸],0
2025/3/29 3:27,@小废,0
2025/3/29 3:28,举报,1
2025/3/29 3:29,卧槽，我一天2包！,1
2025/3/29 3:30,看到美国乐事最受欢迎我就放心了,0
2025/3/29 3:32,抛开剂量谈毒性，那呼吸的空气都有毒了,0
2025/3/29 3:34,只爱吃乐事的人，天塌了[捂脸],0
2025/3/29 3:35,抛开剂量谈毒性[赞],0
2025/3/29 3:36,我服了 我想着好久没吃了 实在馋了 昨天刚买就给我搞这种[不你不想][不你不想],0
2025/3/29 3:36,是不是把我当日本人耍[宕机],1
2025/3/29 3:36,呵呵，你去看看零食里面，有几个没有特丁这个东西的？？？,0
2025/3/29 3:37,原来是奇怪造谣的是什么人 现在是好奇信这些造谣的是什么人 都这年头还有人这么容易被忽悠？,1
2025/3/29 3:41,没错没错符合东大标准就行[看],0
2025/3/29 3:44,@星星泡饭、,0
2025/3/29 3:44,我想问，那怎么还允许卖？？,1
2025/3/29 3:47,刚买了还没吃[蜜蜂狗][蜜蜂狗][蜜蜂狗],0
2025/3/29 3:47,哪个叼毛抽检同意投放市场的[泪奔],1
2025/3/29 3:49,哦买噶，很久没买了，今天刚买了黄瓜味的[吐血][吐血][吐血][吐血],0
2025/3/29 3:49,家里还有呢,0
2025/3/29 3:51,还有能吃的东西吗[捂脸],0
2025/3/29 3:53,加的量反正在标准以内，就可以上市，你吃出事了也不管我事，这个不光是薯片，其实很多东西的添加剂都符合国家标准，知道为啥现在医院生意好了吧,1
2025/3/29 3:54,哪个呀[泣不成声]子弟吗？,1
2025/3/29 3:55,哈哈哈，岗搞笑。调料还有的薯片蘸的多，有的蘸的少，要是这几g没摇匀，谁买到谁开盲盒,0
2025/3/29 3:56,符合标准和含不含致癌物没有关系，,0
2025/3/29 3:57,以前真没少买。而且是给孩子[尬笑],0
2025/3/29 3:57,客服回答的很好，国家让我这样的,0
2025/3/29 4:00,少吃@Y.Freedom [尬笑],1
2025/3/29 4:00,我过年都买超大包装[看],0
2025/3/29 4:01,特丁基对二苯酚，带苯的啊，剧毒啊，每公斤02g很少吗？这些东西都从体内排不出,1
2025/3/29 4:01,如果放开农村土地给城里人，你看能不能把菜价打下来[抠鼻],0
2025/3/29 4:02,还好太贵，吃不起,0
2025/3/29 4:02,我刚买的啊,0
2025/3/29 4:03,国家怎么让生产,0
2025/3/29 4:03,对啊,0
2025/3/29 4:03,可能开食品厂的人也开了医院[赞],0
2025/3/29 4:04,我最爱的青柠味[泪奔],0
2025/3/29 4:06,我靠,1
2025/3/29 4:08,好吃  爱吃,0
2025/3/29 4:11,@梦想家-室内装饰 [发呆],0
2025/3/29 4:11,@?残?梦? @哈内,0
2025/3/29 4:11,@盐焗小太阳??,0
2025/3/29 4:13,…真的栓q，那是添加剂，不是自然成分，防腐的。有安全的，为什么要吃有可能致癌的？哦，因为一般吃不死，那就凑合吃吧，这个意思？那用什么推动科技进步？那用什么监督各生产方尽量用安全成分？你这种言论是在鼓励今后的什么？马粪案了解一下，很多决策不是今天会怎么样，而是未来。做什么理中客。,1
2025/3/29 4:14,抖音都说零食区冷清，可我们这里便利店老板上多少消多少[泪奔],0
2025/3/29 4:14,不谈剂量[捂脸]只谈毒性,0
2025/3/29 4:18,商标审核没通过能在市场销售吗？是不是三无产品呢？,0
2025/3/29 4:19,"天天纠结零添加

真正凶手还在藏",1
2025/3/29 4:21,这么多年了，一直没查出来？？,1
2025/3/29 4:22,丫头片子,1
2025/3/29 4:22,亲亲虾条，帮忙看看有没有,0
2025/3/29 4:26,TBHQ 抗氧化剂，很多食品都有，又不是只有薯片有。合理范围添加没什么大影响。,0
2025/3/29 4:27,这怎么这么多东西至癌？是因为治这种病花钱多吗？食品安全真好[赞],1
2025/3/29 4:28,@锦鲤??,0
2025/3/29 4:28,完喽！这次乐事可摊大事了,1
2025/3/29 4:36,放开土地给城里人？那地能到普通人手里？,1
2025/3/29 4:37,@关你西红柿,1
2025/3/29 4:37,符合国家规定？那你的意思是给我们下毒是合法的？,1
2025/3/29 4:37,我早就知道。所以我从不喜欢吃这些垃圾食品[呲牙],0
2025/3/29 4:38,国家规定是最低规定,0
2025/3/29 4:38,这东西在好多小食品里都有啊,0
2025/3/29 4:43,东方甄选鲜花饼也有 我领两年前发了抖音 [呆无辜],0
2025/3/29 4:47,@小桃??,0
2025/3/29 4:48,还好我吃薯片只吃子弟，从小吃的就是这个牌子[泪奔],0
2025/3/29 4:48,[捂脸]抛开剂量谈毒性是吗,0
2025/3/29 4:48,科技薯片 还不如自己空气炸锅炸薯条,0
2025/3/29 4:50,@順,0
2025/3/29 4:50,[衰],1
2025/3/29 4:51,[抠鼻],1
2025/3/29 4:52,为什么可以卖？,1
2025/3/29 4:53,经常买的路过[流泪][流泪][流泪],0
2025/3/29 4:53,@杀生丸 无敌了宝宝,0
2025/3/29 4:57,符合国家规定！划重点,0
2025/3/29 4:57,都有抗体了，就怕没钱买那么多来吃,1
2025/3/29 4:57,@带个宝宝,0
2025/3/29 4:59,符合国家标准。看来这个标准真的应该修改一下了。天天给人民吃不健康的东西,0
2025/3/29 5:00,旺旺仙贝也有这个啊,0
2025/3/29 5:02,符合国家规定[捂脸],0
2025/3/29 5:05,从来没吃过乐事产品，不知道为什么就是心里很讨厌这个产品,0
2025/3/29 5:05,不要被带节奏，前段时间的酱油检测了解一下,0
2025/3/29 5:06,@万谣,0
2025/3/29 5:06,早干嘛不说？,1
2025/3/29 5:06,本来零食就不是好东西。正常的粮油米面都有问题,1
2025/3/29 5:08,美国公司？,0
2025/3/29 5:09,[泣不成声]以后不吃了,0
2025/3/29 5:11,对啊，最喜欢吃这两种口味了，真的是天塌了,0
2025/3/29 5:11,"买了两包,一天吃一包,现在吃什么不致癌,唉",0
2025/3/29 5:12,如果经常吃的话，堆积多了会有患癌风险，所以吃什么都不能过量。,0
2025/3/29 5:15,哥，我要，我可以，薯片记得寄黄瓜味儿的，谢谢[比心],0
2025/3/29 5:18,他们是想提醒国家定的标准低了？[酷拽],0
2025/3/29 5:21,[尬笑]不吃了,0
2025/3/29 5:21,@TXin*,0
2025/3/29 5:25,吃了很多了,0
2025/3/29 5:26,能不能代谢，坚决不买了,1
2025/3/29 5:26,[打脸]你们要看谁发布的…不是国家发布的就可以点举报间谍[石化]…有可能稀里糊涂的就得到一笔举报奖励,1
2025/3/29 5:27,是我才刷到，还是专家才发现的？,0
2025/3/29 5:28,食品安全应该要重视呀,0
2025/3/29 5:34,服了,1
2025/3/29 5:34,一根烟的危害大不大？回答我[憨笑]抽烟一辈子只抽一根是吗[憨笑],0
2025/3/29 5:34,乐事[看]多次诠释了网络失忆快,0
2025/3/29 5:35,意思是符合挚爱标准吗？,0
2025/3/29 5:36,@晨??宇 @??小团子??,0
2025/3/29 5:37,@不过是安稳。,0
2025/3/29 5:38,猪牛羊肉也是二类致癌物 ，快别吃了,0
2025/3/29 5:39,爆这爆那的，习惯了,0
2025/3/29 5:41,有啥都不奇怪 都已经麻木了,0
2025/3/29 5:41,怪不得，我每次吃胃难受好几天，[惊恐][惊恐][惊恐][惊恐],0
2025/3/29 5:43,看了其他评论，感觉这个世界还是傻子更多[捂脸],1
2025/3/29 5:44,他说了长期食用，有风险,0
2025/3/29 5:44,早干嘛去了？都多少年了？现在才查出来？,1
2025/3/29 5:47,@周欢欣,0
2025/3/29 5:48,还是不吃安全,1
2025/3/29 5:48,为什么呢要加这些东西呢？,0
2025/3/29 5:49,这东西不是烘干的吗？,0
2025/3/29 5:49,每天曝光，就是不查，有意义吗[捂脸][捂脸][捂脸][捂脸],1
2025/3/29 5:49,@红茶,0
2025/3/29 5:50,这条命真不值钱。,1
2025/3/29 5:51,最近抖音上的医生真的牛逼，一会这不能吃，一会那不能吃，一会又出来个人说可以吃[捂脸],0
2025/3/29 5:52,你吃10年没事 也许积累到11年就出问题，所有病都是累积所致，感冒也一样！长期食用肯定会出问题！,0
2025/3/29 5:54,国家标准？,0
2025/3/29 5:54,买薯片还专门挑乐事买,0
2025/3/29 5:55,建议你去医院做个全身检查，如果确定了癌就可以起诉他了，,1
2025/3/29 5:57,这个国家不管的原因就是人口太多了,1
2025/3/29 5:57,国家规定,0
2025/3/29 5:57,哦[尬笑]知道了，不过我记得薯片本来就有致癌物质，不知道是不是它,0
2025/3/29 5:58,一天吃点超标酱油，大米，等等等等，偶尔再来点零食！你这一天摄入量就差不多了！,0
2025/3/29 5:59,城市人口增多，已经没有那么多土地了。城市周围能耕种的土地都在那些年拆迁，建厂用的差不多了。,0
2025/3/29 6:00,老百姓是百毒试验品，食品安全谁来管管！,1
2025/3/29 6:00,不吃薯片的人，就吃蔬菜水果也得癌症怎么回事？,0
2025/3/29 6:01,我就说不能刷抖音，从酱油到卫生巾，到内裤……现在连最爱的薯片也不能吃了，天塌了！,0
2025/3/29 6:01,呵呵,0
2025/3/29 6:03,妈呀！太可怕了！难怪现在的人身体健康比以前差多了，防不胜防！国家还不大力整治一下,0
2025/3/29 6:04,真的吓人,0
2025/3/29 6:06,所有产品都说符合国家规定[不失礼貌的微笑],0
2025/3/29 6:06,1kg含0.2g，25kg薯片就可以杀人了,1
2025/3/29 6:07,记住一句话，所有大超市，大品牌的产品基本上都符合国家标准，而我们的敌人到底是谁,1
2025/3/29 6:09,这种丧心病狂的食品企业国家不严查，不判刑，反而查些没用的，什么制造假冥币的，真是笑死了[捂脸],1
2025/3/29 6:09,哈哈，现在厂家的回复都很众口一词：符合国家标准的[捂脸][捂脸][捂脸],0
2025/3/29 6:10,是谁又刷到了,0
2025/3/29 6:10,一直没有吃，是因为舍不得买。,0
2025/3/29 6:11,我们爱吃零食人的命就不是命了吗[泪奔],0
2025/3/29 6:11,就没合格的,1
2025/3/29 6:11,我去……我昨天晚上刚买了青柠味的，还买了2袋[泣不成声],0
2025/3/29 6:13,光报道起啥用,1
2025/3/29 6:13,真无语了,0
2025/3/29 6:13,我反正遵守原则：只要他敢卖，我就敢买。反正又不是我一个人买。,0
2025/3/29 6:14,不要制造恐慌 怕不是友商来搞事吧 0.2克2斤  5克要50斤 一片薯片才多少克？ 就算吃得了这么多 或将有致命风险   或或或  有说一定会致命吗[尬笑]所以结论是正常吃是没有问题的,0
2025/3/29 6:14,早干啥去了,1
2025/3/29 6:14,为什么要它上架呢,0
2025/3/29 6:15,家里买了俩个还没吃呢,0
2025/3/29 6:15,还能吃啥，还能用啥，到处是雷区[捂脸][捂脸][捂脸],0
2025/3/29 6:16,@无情,1
2025/3/29 6:16,上市这么久，为什么现在才知道，是怎么监管的,1
2025/3/29 6:16,@飞天泡泡??,0
2025/3/29 6:16,最近还有冲锋衣[捂脸],0
2025/3/29 6:17,我擦 完了[疑问][疑问][疑问],1
2025/3/29 6:17,我们云南的牌子 我也喜欢吃这个其它薯片没有这个好吃,0
2025/3/29 6:19,它居然还没倒闭[微笑],1
2025/3/29 6:19,我不爱吃乐事我觉得不好吃,0
2025/3/29 6:19,你以为他说的不对吗？,0
2025/3/29 6:19,不通人语,1
2025/3/29 6:20,还能不能过了[捂脸],0
2025/3/29 6:20,@姜哈哈,0
2025/3/29 6:20,我们都吃健康的话 医院哪来的生意,1
2025/3/29 6:20,艾玛刚买完一大包,0
2025/3/29 6:21,"长期过量，划重点。
一年才吃几回[灵机一动]",0
2025/3/29 6:22,标了也看不懂[泪奔],0
2025/3/29 6:22,"酒精是一级致癌物，某些饮料里添加比例超过50%哦。
某些进口饮料，添加比例96%呢。",0
2025/3/29 6:22,@@YY,0
2025/3/29 6:22,不止乐事，辣条，油炸方便面，麻花，都会有这个特丁基对苯酚。油脂抗氧化的。,0
2025/3/29 6:22,@李莲花长命百岁,0
2025/3/29 6:23,挺贵的，一年也吃不了几袋,0
2025/3/29 6:23,前天我们家旁边金竹超市搞活动，十元三包70克的，我感觉捡到宝了，刚买了三包，早刷到我也不买了[泪奔],0
2025/3/29 6:25,我就是看了这些人这么爱喝，就很好奇什么味道，买了一瓶尝尝，感觉就是很普通的饮料味[微笑],0
2025/3/29 6:25,@Now嘸洺 @如颖?随行?,0
2025/3/29 6:25,吃薯片只吃乐事,0
2025/3/29 6:27,@国家  食品安全犯法判死刑,1
2025/3/29 6:29,我昨天刚买一个黄瓜味的，还能吃不[快哭了],0
2025/3/29 6:29,我也是，感觉乐事的薯片好吃些。,0
2025/3/29 6:29,幸好我是穷人,0
2025/3/29 6:29,我好久没吃过这些薯片了,0
2025/3/29 6:29,我也喜欢吃这两个[舔屏][舔屏],0
2025/3/29 6:30,马上就得有哪个薯片合规蹦出来了,1
2025/3/29 6:30,那如果你天天吃一点呢[宕机],0
2025/3/29 6:31,没事 吃多了就好了,0
2025/3/29 6:31,完了，刚吃,0
2025/3/29 6:32,没看到说“符合国家标准”,0
2025/3/29 6:32,都查查学校周边文具店吧小卖部吧，我孩子老是偷偷买的一块钱一瓶的饮料，啥饮料一块钱啊,0
2025/3/29 6:32,都是默许生产这些添加剂的  也允许用 蔬菜 水果 零食,0
2025/3/29 6:32,问题不大我存了十万看病不够我就认命了,0
2025/3/29 6:32,我们有食安这个部门吗[捂脸],0
2025/3/29 6:33,从农民第一手现摘菜价本身不贵，是层层的商贩给太高的价,0
2025/3/29 6:33,我听说外国东西不超过多少的量可以不写在配料表上,0
2025/3/29 6:33,怎么，城里房子炒完了，要回农村祸害啊,1
2025/3/29 6:33,啥也少吃吧，吃的种类越多风险越大,0
2025/3/29 6:33,好的，谢谢[碰拳],0
2025/3/29 6:33,@???? @?? [尬笑][尬笑][尬笑][尬笑],0
2025/3/29 6:33,下架呀,1
2025/3/29 6:34,我一个同事说一吃乐事薯片就便秘[捂脸],0
2025/3/29 6:34,"喜欢不等于必须要摄入。
从小到大家长说少吃零食，好好吃饭。是完全不听。
世界要跟着你的喜好走！[得意]",0
2025/3/29 6:34,云南跟贵州薯片和薯条好吃，还麻辣口味[呲牙],0
2025/3/29 6:35,很好，又排除了一样零食[抠鼻],0
2025/3/29 6:35,从小吃到大，我们这一代真的很难杀[捂脸],0
2025/3/29 6:35,加多与少咱们也不知道啊[呲牙][呲牙][呲牙],0
2025/3/29 6:35,怪不得我癌了,1
2025/3/29 6:36,有钱，有欲望。这个应该更多是家长的事情。[得意],0
2025/3/29 6:36,危言耸听，这不能吃那不能吃的，人只要活着吃的所有东西都有致癌物，又不是每时每刻都在吃，就算不吃人身体里也会有癌细胞,1
2025/3/29 6:37,吃几十年了这会儿说里，你能不能它出来你就制止在厂里？？？,1
2025/3/29 6:37,从小到大就说不要吃零食，不要吃零食，偏不听[看],0
2025/3/29 6:37,[宕机],0
2025/3/29 6:38,哪个医生说的,0
2025/3/29 6:38,同感[握手],0
2025/3/29 6:38,不用检测了，现在食品安全无安全可言，不然医院哪能有那么多资源呢，都是循环而已,1
2025/3/29 6:38,现在都学会了  都符合国家标准  请问这个食品安全标准是不是该提一提了？？？？,0
2025/3/29 6:38,啊昨晚刚炫了一袋[捂脸],0
2025/3/29 6:38,医生说的对，还是客服说的对,0
2025/3/29 6:38,你多给几块，买正版饮料不就行了,1
2025/3/29 6:38,以前乐事没的，就新款都开始增加了,0
2025/3/29 6:39,我这条命，一不小心吃错食品,0
2025/3/29 6:39,昨天刚买[发呆],0
2025/3/29 6:39,冲锋衣干啥了[衰],1
2025/3/29 6:40,@chenlin 我还给六仔吃过[泪奔],0
2025/3/29 6:40,@????铁锅炖大鹅,0
2025/3/29 6:41,好像也是致癌,1
2025/3/29 6:42,我就爱吃乐事的大波浪,0
2025/3/29 6:42,乐子,0
2025/3/29 6:42,多少年了才查出来啊[疑问],0
2025/3/29 6:42,我的天，孩子们爱吃,0
2025/3/29 6:42,闭眼入,0
2025/3/29 6:42,猪肉也是致癌物,0
2025/3/29 6:42,他们自己又不吃。为啥提？,1
2025/3/29 6:44,这个我们中标了[流泪],0
2025/3/29 6:45,活着不容易[裂开],0
2025/3/29 6:45,昨天想买薯片 看了 不是阿斯巴甜就是添加剂太多 没买,0
2025/3/29 6:45,各种品牌瓜子里面都有这个[泪奔],0
2025/3/29 6:46,都特么知道有风险为啥还让买？,1
2025/3/29 6:46,@记住小李???,0
2025/3/29 6:46,现在的人头发大把掉,0
2025/3/29 6:47,商家啥都放，真没谁了，不吃了乐事,0
2025/3/29 6:47,关键是符合标准，你说气人不,1
2025/3/29 6:47,食品监管真是●●●●●●●,1
2025/3/29 6:48,别生产了不就解决了,1
2025/3/29 6:48,命一个，各行各业要,0
2025/3/29 6:48,@01,0
2025/3/29 6:48,哎，还不把他们抓起来吗？,1
2025/3/29 6:48,我闺女就爱吃黄瓜味的,0
2025/3/29 6:49,国内腌菜 零食哪个没有添加[尬笑],0
2025/3/29 6:49,还有什么能吃的[抠鼻],0
2025/3/29 6:49,这是孩子的最爱，是在毒害孩子，国家还不管更加没有人生孩子了,1
2025/3/29 6:49,[偷笑]正版我也不让喝，,1
2025/3/29 6:49,@小玉,0
2025/3/29 6:50,@忆昔??,0
2025/3/29 6:50,卖了多少年怎么现在才知道,1
2025/3/29 6:50,扎心了，朋友[泪奔][泪奔][泪奔][泪奔],0
2025/3/29 6:50,食品安全刻不容缓,0
2025/3/29 6:50,0.2克每公斤，5克致命，也就是说，吃25公斤就达到致命量了对吗[看],0
2025/3/29 6:50,你别说，我小时候吃的基本是健康食品，山上的野花野果，红薯干[看],0
2025/3/29 6:50,我和女儿就爱吃乐事原味儿薯片,0
2025/3/29 6:51,基本所有零食都有这个[捂脸],0
2025/3/29 6:51,你啥都别吃了,1
2025/3/29 6:51,上个月刚好买了乐事薯片和天使土豆片 好奇对比了一下配料表，如果配料表不做假的话，那对比叫一个触目惊心,0
2025/3/29 6:51,好久没吃了,0
2025/3/29 6:51,同xxxxxx,0
2025/3/29 6:51,你孩子童年真好[赞],0
2025/3/29 6:52,好几年前，听过这么一句话，人造的东西都不是人吃的,0
2025/3/29 6:52,因为穷，又躲过一劫[微笑],1
2025/3/29 6:52,我擦，昨天刚吃两包,1
2025/3/29 6:52,只要吃不死，就往死里加[捂脸][捂脸],1
2025/3/29 6:53,仙贝雪饼里好像也有，但是用的不是字母标注的，写的汉字,0
2025/3/29 6:54,我家很少买零食。我儿子吃嘛嘛香，零食偶尔,0
2025/3/29 6:54,不损害个人利益都是符合标准，[捂脸][捂脸][捂脸]给那些特贡的人吃吃试试[捂脸][捂脸][捂脸],1
2025/3/29 6:54,茶属于三级致癌物，必须全国下架[流泪],1
2025/3/29 6:55,专业害人！,1
2025/3/29 6:55,我勒个去我家现在还有好几桶呢[发怒],1
2025/3/29 6:55,我管不了他们添加，管不了他们卖，我能管住我不买不吃,0
2025/3/29 6:55,又到食春的季节了。[呲牙],0
2025/3/29 6:55,它符合就符合呗，你们可以不吃。,0
2025/3/29 6:55,@少年反穿帆布鞋,0
2025/3/29 6:55,@赶快暴富！,0
2025/3/29 6:55,没事！薯片一周也就一包，花生油天天吃都不怕，这算啥,0
2025/3/29 6:55,孩子在县城上学，买东西很方便但汉堡  可乐 烧烤  麻辣烫 薯片之类的东西真的很少给孩子买！,0
2025/3/29 6:56,无所谓了，免疫了。,0
2025/3/29 6:56,都是按国家标准规定[看][看]  国家标准这四个字不咱成贬义词啊,0
2025/3/29 6:56,少吃零食,0
2025/3/29 6:56,昨晚上前晚上才吃，吃完不买了,0
2025/3/29 6:57,食品安全是大事，国家食药监局该出手严管了，民以食为天！,0
2025/3/29 6:57,吃多点,0
2025/3/29 6:57,我去，幸亏我不爱吃，别让孩子们吃了,1
2025/3/29 6:57,@果冻麻麻????????,0
2025/3/29 6:57,吃这么多了才爆出来[赞],0
2025/3/29 6:57,抵制不吃,1
2025/3/29 6:58,我们一般一年吃它不超过5次[捂脸]，,0
2025/3/29 6:58,很少吃这个牌子的,0
2025/3/29 6:59,买之前我都看配料表的,0
2025/3/29 6:59,林子大了天天吃的人不会少[我想静静],1
2025/3/29 7:00,怪不得现在药店满大街都是[666],1
2025/3/29 7:00,总买这个给孩子，，，[裂开],0
2025/3/29 7:00,@＆北巷,0
2025/3/29 7:00,这次就算了，下次注意点,0
2025/3/29 7:00,十个勤天,0
2025/3/29 7:00,为什么国家就不能严打食品安全呢,0
2025/3/29 7:01,记住：“特丁基对苯二酚TBHQ”这个词  以后吃零食先看看配料表里有没有这个[笑哭][笑哭] 你会发现你能吃的越来越少了,0
2025/3/29 7:01,没有能吃的东西。国家快拯救人民。,1
2025/3/29 7:01,国家把精力就应该放在食品啊[流泪],0
2025/3/29 7:02,自从知道乐事支持萨德，就没吃过乐事,1
2025/3/29 7:03,孩子就是喜欢吃薯片[流泪][流泪],0
2025/3/29 7:04,@Spades_A,0
2025/3/29 7:04,这个添加剂不止薯片，辣条方便面里也有添加,0
2025/3/29 7:04,以后不敢吃了,0
2025/3/29 7:04,核废水都能检合格还有啥不合规,1
2025/3/29 7:04,唉,0
2025/3/29 7:05,昨天给孩子买零食看配料表，很多零食都有，今天就看到了报道[捂脸][捂脸][捂脸][捂脸],0
2025/3/29 7:05,你再了解了解，说这玩意儿不安全[看],1
2025/3/29 7:05,国标等于致癌[大笑]真tm悲哀,1
2025/3/29 7:05,我现在改吃贵州土豆片了，没有添加剂,0
2025/3/29 7:05,符合标准它也致癌,1
2025/3/29 7:05,@葭月十一 @wangpei王培 @??乖崽听话 @味,0
2025/3/29 7:05,我都不爱吃薯片[捂脸],0
2025/3/29 7:06,就是准许生产，然后告诉你这个那个多危险，你说这是什么操作呢,1
2025/3/29 7:07,生产的时候去了哪里？,0
2025/3/29 7:07,有问题国家不会让卖的，不可能有问题,0
2025/3/29 7:07,特丁基对苯二酚TBHQ，反正看不懂的化学名称，别买就对了。。。,0
2025/3/29 7:07,@思孟九??,0
2025/3/29 7:07,"很多国家包装上写:不含中国食品添加
是不是真的",0
2025/3/29 7:08,有道理，你没事多吃点,0
2025/3/29 7:08,为什么非要添加致癌物，不添加就不能出售吗？,1
2025/3/29 7:08,美国牌子你们也敢质疑？反了吗,1
2025/3/29 7:08,么也别吃了,1
2025/3/29 7:08,啥都符合国标计量之内 但关键啥都有添加剂  一天总和也超标了,0
2025/3/29 7:08,哎,0
2025/3/29 7:08,很多零食里都有,0
2025/3/29 7:09,这是落落哩啥,0
2025/3/29 7:09,@HXyygnpyA,0
2025/3/29 7:09,@冀??祥如意? @?????于  大  寶  ? @知足常乐,0
2025/3/29 7:09,别说一次性吃25kg薯片，你就是一次性吃25kg土豆都上天了[捂脸][捂脸][捂脸],0
2025/3/29 7:09,我以前很爱吃，去年开始几乎没吃了，纯属偶然,0
2025/3/29 7:09,我真想弄明白，为什么知道这些还能卖！？？？？？？？？？？？？？？？？？？？？？？？？？？？？？？？,1
2025/3/29 7:09,以前原味没加，后来加了，从此不碰这个品牌[捂脸][捂脸][捂脸],0
2025/3/29 7:10,符合国家规定是重点,0
2025/3/29 7:10,别人是藏着被你爆出来了吗？这不就是抗氧化剂吗？可能的副作用百度一下跟清楚啊，饼干 瓜子什么的里面很多都有，又没藏着捏着，所以怎么理解被爆这个词呢？,0
2025/3/29 7:10,符合国家要求，别说一次性吃25kg薯片，你就是一次性吃25kg土豆都上天了[捂脸][捂脸][捂脸],0
2025/3/29 7:10,[发怒],1
2025/3/29 7:10,昨天买薯片，一个可比克，一个乐事，添加剂里就写这么个逼玩意,1
2025/3/29 7:10,你去超市翻翻很多常温零食都有，挑乐事砂锅因为他是外资,0
2025/3/29 7:11,很多干果瓜子之类的也会添加吧,0
2025/3/29 7:11,大豫竹方便面，或者国产方面不都含有吗，只有康师傅@等一些大品牌不含有,0
2025/3/29 7:11,防不胜防啊[流泪][流泪][流泪],0
2025/3/29 7:11,这都是摆明面上的事情，抗氧化剂的可能副作用又不是今天才知道。,0
2025/3/29 7:12,因为国家没想到会有人一次性吃50斤的薯片啊[捂脸],0
2025/3/29 7:12,这食品安全是太差劲了,0
2025/3/29 7:12,我们那样东西是安全的！还是我们练百毒不侵的身体[捂脸],0
2025/3/29 7:12,这个薯片吃这给喝油一样,0
2025/3/29 7:12,[捂脸]确实  我打小吃 现在不咋吃了 要得 早得了,0
2025/3/29 7:12,@刚好 少吃薯片[绿帽子],1
2025/3/29 7:12,并且只管一种添加剂不超标，好几种同样作用的都添加点。一样符合标准,0
2025/3/29 7:12,@Yw. 你买的瓜子就有还给她吃[斜眼],1
2025/3/29 7:12,薯片又不是第一天才上市的 到现在才发现  怎么老是感觉我们的食品都是马后炮,0
2025/3/29 7:12,别说一次性吃25kg薯片，你就是一次性吃25kg土豆都上天了[捂脸][捂脸][捂脸],0
2025/3/29 7:12,@卷卷酥,0
2025/3/29 7:12,符合规定，我们不会不买吗[捂脸],0
2025/3/29 7:13,@凤梨榴莲车厘子 还吃不吃了,0
2025/3/29 7:13,真不知道还有啥能吃,0
2025/3/29 7:13,特丁基二芬，很多零食都有添加！！！,0
2025/3/29 7:13,93年进入中国的美国企业  [捂脸][捂脸][捂脸],0
2025/3/29 7:13,@千寻,0
2025/3/29 7:14,@无敌暴龙战士,0
2025/3/29 7:14,还好我不爱吃,0
2025/3/29 7:14,从今天开始我们不吃，还不行吗。[尬笑][尬笑],1
2025/3/29 7:14,天塌了[捂脸][捂脸],0
2025/3/29 7:14,所有的零食都买不到我的钱,0
2025/3/29 7:14,为什么允许添加，当局要为老百姓生命健康负责任！,0
2025/3/29 7:14,去超市仔细一看没有几个可以吃的,0
2025/3/29 7:14,有这个东西的食品多了，难道就发现了乐事吗？,0
2025/3/29 7:15,[捂脸]已经不稀奇了，在中国食品市场还有什么能买到健康的,0
2025/3/29 7:15,[尬笑][尬笑][尬笑][尬笑][尬笑],0
2025/3/29 7:15,@伴我同行??,0
2025/3/29 7:15,[感谢],0
2025/3/29 7:16,啊啊啊,0
2025/3/29 7:16,毛课里都有这个，早就不吃了,0
2025/3/29 7:16,那还生产？,1
2025/3/29 7:16,说的好下班去买一包吃[流泪],0
2025/3/29 7:16,搞完了千禾又开始搞薯片了[捂脸],1
2025/3/29 7:16,一口气把科技狠活说完[抠鼻],0
2025/3/29 7:16,难道你添加致癌物质是国家让的，你准污蔑国家。,1
2025/3/29 7:16,[发呆][发呆][发呆][发呆],0
2025/3/29 7:16,@枯藤老树黑鸦,0
2025/3/29 7:16,我昨天刚买了好几袋[裂开],0
2025/3/29 7:17,很好   我现在不吃零食,0
2025/3/29 7:17,凤凰财经没底线了是吧,1
2025/3/29 7:17,上好佳呢[宕机],0
2025/3/29 7:17,还有什么是安全的,0
2025/3/29 7:17,可以一次少生产一点啊，反正每天都在生产加工，让我们吃点添加剂少点的临近生产日期的食品不行吗[笑哭]超市很多比如一年两年保质期的食品很多都差不多再五六个月左右都能过期或者很临近的...,0
2025/3/29 7:17,没啥大事！最多罚两钱,0
2025/3/29 7:17,咋整吧,0
2025/3/29 7:17,查出来有用吗，不下架照样卖[抠鼻],1
2025/3/29 7:17,@李?? 富贵??,0
2025/3/29 7:17,@A_ 亏欠,1
2025/3/29 7:17,"哪里对了？孩子？国外芝士土豆原味的都能吃而且健康，人家还有钱？
你们自己要各种口味好吃怪谁啊？不注重健康，还装的什么都懂，哪些在温饱水平的人可吃不上薯片，人家一碗白米粥健康多了，看了两本书装起来了??",1
2025/3/29 7:18,@凉凉的水（正备级）,0
2025/3/29 7:18,刚吃了一包，吐还来得及吗,0
2025/3/29 7:18,[捂脸]卧槽，乐事天塌了[震惊],1
2025/3/29 7:18,一样一点点，常年累积啊，哪有什么癌症是一下子就被发现的，一发现差不多中晚期了为啥？,0
2025/3/29 7:18,"哪里对了？孩子？国外芝士土豆原味的都能吃而且健康，人家还有钱？
你们自己要各种口味好吃怪谁啊？不注重健康，还装的什么都懂，哪些在温饱水平的人可吃不上薯片，人家一碗白米粥健康多了，看了两本书装起来了??",1
2025/3/29 7:19,食品安全什么时候可以好好管管，真是不管人们死活呀！,1
2025/3/29 7:19,@狼崽,0
2025/3/29 7:19,对的，照样生产,0
2025/3/29 7:19,想让你少领点养老金,1
2025/3/29 7:19,你是貔貅吗？身体没有代谢能力的吗,1
2025/3/29 7:19,好多商品都有,0
2025/3/29 7:19,不要只盯着乐事，瓜子都添加这个了,0
2025/3/29 7:19,@??,0
2025/3/29 7:19,还好我不怎么吃,0
2025/3/29 7:20,为什么让生产[泣不成声],1
2025/3/29 7:20,@威威猫呀,0
2025/3/29 7:20,@Liquor. [发呆],0
2025/3/29 7:20,食品安全局呢？[抠鼻],1
2025/3/29 7:20,俺孩特爱买这款，吓死人吧，以后断了,0
2025/3/29 7:20,@瑶呀瑶呀瑶?,0
2025/3/29 7:20,真是[泪奔],0
2025/3/29 7:21,零食不敢吃了,0
2025/3/29 7:21,挺好,0
2025/3/29 7:22,我十二几年下来可能吃了几千包几万包 [捂脸],0
2025/3/29 7:22,难道添加剂这么多无害还有溢薯片？,1
2025/3/29 7:22,投入市场前都干嘛去了。,1
2025/3/29 7:22,乐事是美国的,0
2025/3/29 7:23,再也不买了,1
2025/3/29 7:23,酒精中毒的每年不少,0
2025/3/29 7:23,@咖啡果冻iii,0
2025/3/29 7:23,冲锋衣女孩子容易不孕[裂开],1
2025/3/29 7:23,[笑哭][笑哭][笑哭][晕][晕],0
2025/3/29 7:23,人家乐事说的很明确了 国家允许,0
2025/3/29 7:23,[黑脸],1
2025/3/29 7:23,@陌陌 你同学爱吃的薯片,0
2025/3/29 7:23,昨天刚买吃还是不吃,0
2025/3/29 7:24,我是最爱买乐事的,0
2025/3/29 7:24,@OwO,0
2025/3/29 7:24,天哪，我女儿昨天还吃了,0
2025/3/29 7:24,董小姐的咋样？黄瓜味的好好吃[泣不成声],1
2025/3/29 7:24,日积月累[泣不成声][泣不成声][泣不成声],0
2025/3/29 7:24,非吃不可吗？,0
2025/3/29 7:24,@璞月,0
2025/3/29 7:25,天,0
2025/3/29 7:25,@一只绵羊??,0
2025/3/29 7:25,严惩关停,1
2025/3/29 7:25,大包的薯片70克，要吃25公斤致命。就是说得吃357包[宕机],0
2025/3/29 7:25,很好奇它真的成了摆设吗？不敢刷抖音越看越生气,0
2025/3/29 7:25,关键乐事比上好佳好吃啊,0
2025/3/29 7:25,鸡肉味最爱[裂开][裂开][裂开],0
2025/3/29 7:25,这可不光是乐事哟[看],0
2025/3/29 7:26,没问题，有问题国家不会让卖,0
2025/3/29 7:26,@???????????????： @额。。。,0
2025/3/29 7:26,民不举，官不究，资金的循环，货币的流通。不然医院怎么让大家去,1
2025/3/29 7:26,是长期过量摄入,0
2025/3/29 7:26,[kisskiss][kisskiss][kisskiss],0
2025/3/29 7:26,中文,0
2025/3/29 7:26,日积月累啊，这个化学在体内代谢不掉,0
2025/3/29 7:26,国家允许吃吧[kisskiss],0
2025/3/29 7:26,米多奇里也有[发怒],1
2025/3/29 7:26,只要毒不死人，各行各业都是合法的[看],1
2025/3/29 7:27,好多吃的里面都有这个成分的[泪奔][泪奔],0
2025/3/29 7:27,@乐事官方账号,0
2025/3/29 7:27,@子淳爱小樂多呀,0
2025/3/29 7:27,我刚给我儿子看这个视频。我儿子说抖音上都是为了骗钱。说我有病[再见],1
2025/3/29 7:27,@光脚丫子的悟空,0
2025/3/29 7:27,就说中国的什么能吃吧,1
2025/3/29 7:27,好家伙  我们 80 后遭受了什么？,0
2025/3/29 7:27,零食，水果，牛奶，肉禽，城市套路太深，我还是农村自足养老了，提前过上吧，不想被资本掏空[大笑],0
2025/3/29 7:28,零食的危害是高油高盐高糖,0
2025/3/29 7:28,大部分零食都有这个成份,0
2025/3/29 7:28,符合中国国家的规定标准[赞]国外肯定不是这个标准,0
2025/3/29 7:28,拒绝垃圾食品就行了[捂脸],0
2025/3/29 7:29,曝光了怎么办他们？怎么把生产商干死？害了那么人？生产商不该死？？？,1
2025/3/29 7:29,@江演 [尬笑],0
2025/3/29 7:29,爆出以后 不会换个名字 又上了吧 以后还是不吃了,1
2025/3/29 7:29,刚刷到冲锋衣，又刷到薯片,0
2025/3/29 7:29,主要是不加添加剂你们都说不好吃。,0
2025/3/29 7:29,旺旺雪饼也有,0
2025/3/29 7:29,我家还有两包，吃还是不吃？,0
2025/3/29 7:30,这就是中国食品，堂而皇之卖,1
2025/3/29 7:30,@Yu7,0
2025/3/29 7:30,@樱桃小完犊子 还好我儿子不咋吃这些东西,0
2025/3/29 7:30,所以说不要说什么不限制孩子吃零食了，能不让孩子吃零食就不给。,0
2025/3/29 7:30,抽烟也致癌，吃咸菜（亚硝酸盐）也致癌，闻油漆味也致癌，生气也致癌，抑郁也致癌…… 看看这些事还有没有人在做,0
2025/3/29 7:31,是不是食品和药品背后一个股东啊？[捂脸],1
2025/3/29 7:31,@rose??,0
2025/3/29 7:31,这么明显的问题，为啥现在才曝光,1
2025/3/29 7:31,@懋林 [捂脸],0
2025/3/29 7:31,吃了这么多年了无所谓了[吐血],0
2025/3/29 7:31,吃，不能浪费。它只是曝光出来而已。不曝光出来的东西还不知道有多不安全。小小的薯片能怎么样呢。,0
2025/3/29 7:31,乐事事件大家都忘了[捂脸][捂脸][捂脸]，国人啊[赞],0
2025/3/29 7:31,国家什么时候能对添加致癌物质食品添加剂超标的出手管管,0
2025/3/29 7:31,刚买三包咋办,0
2025/3/29 7:31,操！就一条命踏马的谁都想要[打脸][打脸],1
2025/3/29 7:32,整天的曝光有啥用，直接停止生产完事了嘛！,1
2025/3/29 7:32,乐事配料表是比较干净的，相比可比克这些[不失礼貌的微笑],0
2025/3/29 7:32,@小加贝??,0
2025/3/29 7:32,难道…回收再利用,0
2025/3/29 7:32,请告诉我什么能吃，什么能用，我吃的用的穿的都被查出问题了[泪奔],0
2025/3/29 7:33,现在还有啥可以吃的,0
2025/3/29 7:33,乐事不是国外的牌子吗[泣不成声],0
2025/3/29 7:33,了解一下 慢性毒药，一次一点慢慢瓦解你的身体，到后来又找不到凶手,1
2025/3/29 7:33,@能吃能喝,0
2025/3/29 7:33,@生生不息,0
2025/3/29 7:34,快丢了,0
2025/3/29 7:34,扔了呗，不知道就吃了，知道了那就不吃了,0
2025/3/29 7:34,雪饼里面也有,0
2025/3/29 7:34,天，天塌了，[泣不成声]我儿子最爱吃,0
2025/3/29 7:34,现在很多食品都有！但凡含油的食品[捂脸],0
2025/3/29 7:34,[泪奔][泪奔][泪奔][泪奔]@我是鹏仔呀,0
2025/3/29 7:34,爱吃黄瓜味的我碎了[流泪],0
2025/3/29 7:34,@点到为止- 昨天刚吃完[微笑][微笑],0
2025/3/29 7:34,进口的才是给人吃的,1
2025/3/29 7:34,那太多了添加这个的，乐事得罪谁了[捂脸][捂脸],0
2025/3/29 7:35,一年吃不了几包，这次凑单买的[捂脸],0
2025/3/29 7:35,支援那些国家的肯定没有这些东西,1
2025/3/29 7:35,小孩子们都爱吃[捂脸],0
2025/3/29 7:35,想明白点，无论是啥过量食用都不好，更何况这种膨化食品,0
2025/3/29 7:35,扔了吧,1
2025/3/29 7:35,既然会致癌，国家为什么要规定使用量呢？直接禁止使用不行吗？,0
2025/3/29 7:35,这样的生产商为什么不杀头呢？这和谋杀有什么区别？,1
2025/3/29 7:36,吗呀，女儿和我的最爱[捂脸]天塌了,0
2025/3/29 7:36,送网友,0
2025/3/29 7:36,@财神爷说让瘦瘦美美白白嫩嫩的我发大财,0
2025/3/29 7:36,符合国家规定没毛病啊[看] 人说的也没问题,0
2025/3/29 7:36,昨天才买,0
2025/3/29 7:36,[捂脸][捂脸][捂脸],0
2025/3/29 7:36,为啥非得加它呢[抠鼻][抠鼻][抠鼻],0
2025/3/29 7:36,不用看，报出来也不下架。各行各业都想要我们的命。食品安全大于天，只是口号。[捂脸][捂脸][捂脸],1
2025/3/29 7:36,能不能吃啊？一符合规定不符合规定，这什么意思啊，倒反天罡,1
2025/3/29 7:36,不是要体重管理了么[看]上头不是觉得才温饱吧,0
2025/3/29 7:37,有些家人也没有这种遗传,1
2025/3/29 7:37,我昨天买的那个粉丝里面有福尔马林味道,1
2025/3/29 7:37,[流泪][流泪][流泪][流泪],0
2025/3/29 7:38,看吧，都不学好,1
2025/3/29 7:38,请问这个成分就是最近才有的吗？[抠鼻]啥都不说了，还是管住嘴少吃乱七八糟的东西吧,0
2025/3/29 7:38,@Nothing no,0
2025/3/29 7:38,@Zzmomo [发呆][发呆][发呆][发呆],0
2025/3/29 7:39,少看点营销号，这你也信？国外零食一样添加剂爆表,1
2025/3/29 7:39,国家规定是谁定的,0
2025/3/29 7:39,只要是油炸的都有这个 不只是薯片,0
2025/3/29 7:39,过几天就好了，中国的消费者记忆力只有七天！,1
2025/3/29 7:39,工业食品没添加剂，能好吃？好吃的东西几样是健康的[尬笑]你自己想想,0
2025/3/29 7:40,标准太低了吗？,0
2025/3/29 7:40,这薯片都出来多少年了，才发现，现在出生孩子们也是拼抵抗力得年代,0
2025/3/29 7:40,这让吃了十几年的孩子怎么办[九转大肠],0
2025/3/29 7:40,加太多又怎样？[捂脸],0
2025/3/29 7:40,你发出来有什么用又没人管[捂脸],1
2025/3/29 7:40,不管啥玩意儿，只要你查就指定有事儿[流泪],1
2025/3/29 7:41,也为什么还能生产呢,1
2025/3/29 7:41,这个高考要考[呲牙]重点,0
2025/3/29 7:41,为什么这种东西可以投入市场,1
2025/3/29 7:41,@顾事客栈,0
2025/3/29 7:41,本来就是[捂脸],0
2025/3/29 7:41,添吧，不添不好吃[看][看],0
2025/3/29 7:41,符合中国标准[流泪][流泪][流泪],0
2025/3/29 7:41,不吃了不吃了,0
2025/3/29 7:41,@默默 @???????,0
2025/3/29 7:41,吃了这么多年，你才检测出来，太搞笑了,1
2025/3/29 7:41,这意思就是乐事只能吃一回,0
2025/3/29 7:41,真是服了，卖了这么多年才发现，还是最近才添加的，给个说法,1
2025/3/29 7:41,推荐噜咪啦薯片还有子弟去好吃到爆[调皮],0
2025/3/29 7:42,不会自己炸吗   网购一个切土豆的工具（几块钱 ）一个中等大小的土豆可以炸一篮子  喜欢什么口味 撒什么料[呲牙],0
2025/3/29 7:42,[泪奔],0
2025/3/29 7:42,都是畜牲才能干出来的事，吃这个大部分是孩子，,1
2025/3/29 7:42,就是因为有好有孬好的才会贵，要是都一样的标准人们照样吃的起，以前不也是吗？,0
2025/3/29 7:42,客服你自己或者你家小孩吃吗,1
2025/3/29 7:42,吃就完了，你命由你不由天[赞]这财米油盐的，天天报出问题[捂脸]可是也没有人告诉我们那个是安全的啊！[捂脸][捂脸][捂脸],0
2025/3/29 7:42,长期的过量使用啊，多少是过量啊，一天吃几桶乐事会过量啊,0
2025/3/29 7:42,只能买原味，原味没这个添加剂,0
2025/3/29 7:42,哪个食品没有有,0
2025/3/29 7:42,什么能吃？谁来告诉我,0
2025/3/29 7:42,无语，难道你非得到致命的程度吗?打你50鞭子致命，难道你能接受前面的49鞭子???里面装的是什么[疑问],1
2025/3/29 7:43,@邹邹睡不醒??,0
2025/3/29 7:43,青岛钙奶饼干,0
2025/3/29 7:43,长期过量食用，你是零食当饭吃还是添加剂当饭吃？别看到有ptsd了一样。食盐半数致死量还3克每千克，酒精还一级致癌物。[斜眼],1
2025/3/29 7:43,以后吃我们云南的子弟、鲁咪啦,1
2025/3/29 7:43,可比克也有啊,0
2025/3/29 7:43,中招,1
2025/3/29 7:43,好多年前就不吃了,0
2025/3/29 7:43,@马臭弟,1
2025/3/29 7:44,终于有人说出来了，这个很厉害的，还影响性,0
2025/3/29 7:44,在我们这国标是上限[暗中观察],1
2025/3/29 7:44,加这个的多了去了，比如旺旺,0
2025/3/29 7:45,辣条晓得……从小吃到大[捂脸],0
2025/3/29 7:45,吃完这个，再吃别的零食里都有，然后吃过量了，迟早都是吃出病了，需要国家有关部门管不要这些添加这些东西,0
2025/3/29 7:45,所以我可以给食品下毒，但是不能往里拉屎是吗,1
2025/3/29 7:45,我觉得我是唐僧，谁都想要,0
2025/3/29 7:45,我要修仙[微笑]我要不吃不喝[微笑]。都想谋害寡人,0
2025/3/29 7:46,我之前那个时候每天都吃一袋儿,0
2025/3/29 7:46,@乾隆_KING 看来我要比你早死了,1
2025/3/29 7:46,群众不反应就是没问题[灵机一动],0
2025/3/29 7:46,可以生产，可以上市，可以购买，吃了不健康[疑问][疑问][疑问]到底哪个环节出了问题[疑问][疑问],0
2025/3/29 7:46,咱们这规定一言难尽,0
2025/3/29 7:46,幸好它卖的贵，不然我就真买来吃啦,0
2025/3/29 7:46,昨天刚吃完[泣不成声],0
2025/3/29 7:46,@??.十八楼滴Jay_?? [泣不成声],0
2025/3/29 7:47,@圆圆圆 [泣不成声],0
2025/3/29 7:47,@不明状况的我?? @佳木斯之光,0
2025/3/29 7:47,违反食品安全入狱行吗？这不是谋财害命？,1
2025/3/29 7:47,现在人的最大问题就是吃的太饱,0
2025/3/29 7:47,一条小命，各行各业都想要，食品里有各种致癌的添加剂，冲锋衣也有致癌的啥，看重哪块拿去好了。,1
2025/3/29 7:48,源头不抓，在这说有屁用,1
2025/3/29 7:48,别说一次性吃25kg薯片，你就是一次性吃25kg土豆都上天了[捂脸][捂脸][捂脸],0
2025/3/29 7:48,难怪医院的生意天天那么好[捂脸][捂脸][捂脸],1
2025/3/29 7:48,国标就是最低标准？,0
2025/3/29 7:48,这么缺德呢,1
2025/3/29 7:48,谁说的，发这个段子的人一吨能吃一卡车,1
2025/3/29 7:48,我已放弃自己了,0
2025/3/29 7:49,谁家天天把薯片当饭吃[捂脸],0
2025/3/29 7:49,为什么让生产？,0
2025/3/29 7:49,@余生为期?? [灵机一动],0
2025/3/29 7:49,@你可爱的小仙女 这个[捂脸],0
2025/3/29 7:49,@秋诺,0
2025/3/29 7:50,吃了这么多年了，现在才……,0
2025/3/29 7:50,小事儿,0
2025/3/29 7:50,前几天酱油。现在薯片了[泪奔],0
2025/3/29 7:50,我看了一眼我家还有的亲亲虾条，也有,0
2025/3/29 7:50,可比克也有,0
2025/3/29 7:50,大环境都这样子,0
2025/3/29 7:50,还好我不吃乐事,0
2025/3/29 7:50,不懂就问 他能光明正大的写在配料表为什么现在又说被曝？[噢买尬],0
2025/3/29 7:51,国内食品安全标准和国外的食品安全标准确实不一样[微笑],0
2025/3/29 7:51,@小木马 ??? ·??（童装童品）,0
2025/3/29 7:51,还好我大云南吃子弟[呲牙],0
2025/3/29 7:51,国内有多少食品是安全的,0
2025/3/29 7:51,@嗨陈末,0
2025/3/29 7:52,好几十年了？才知道？,1
2025/3/29 7:52,@星星宇宙?（见过周深版,0
2025/3/29 7:52,能活到现在真不容易[看],1
2025/3/29 7:52,每一口都有毒??,1
2025/3/29 7:52,国家规定是如何限定的，谁知道,0
2025/3/29 7:52,明知道这个时候自然厂家还生产，难道国家就不出什么？,1
2025/3/29 7:52,天呐，我超喜欢吃乐事的西班牙红烩味，就是蓝色袋子的那一款[尬笑],0
2025/3/29 7:52,没有什么对我们身体没有伤害的，还是少吃点命更长[流泪],0
2025/3/29 7:52,能有个好,0
2025/3/29 7:52,我昨天晚上才买的两小袋,0
2025/3/29 7:52,这种不去找商家算账，一天到晚给老百姓制造焦虑，你们觉得合适吗,1
2025/3/29 7:53,说吧乐事薯给了你多少钱[发怒]感觉你想害人[发怒],1
2025/3/29 7:53,可不可以一次性全曝出来[捂脸][捂脸]，今天一点，明天一点[尬笑][尬笑]！是不是全曝出来就没有东西吃了[捂脸][捂脸]？,0
2025/3/29 7:53,不写字改成字母了[赞],0
2025/3/29 7:53,@周欢欣,0
2025/3/29 7:53,一个零食和吃不吃饱没有太大关系,0
2025/3/29 7:53,吃了一顿烧烤，喝了五杯水，还是口渴，太可怕了，再也不好吃了,0
2025/3/29 7:53,零食之类的我家孩子我是不让吃！偶尔吃一次,0
2025/3/29 7:54,没人管管吗,1
2025/3/29 7:54,零食少买少吃,0
2025/3/29 7:54,@?Lee?,0
2025/3/29 7:54,饼干糕点等酥脆食品里面都有这个,0
2025/3/29 7:54,为什么现在才发现？,0
2025/3/29 7:55,这都怎么了,0
2025/3/29 7:55,@龚汇捷,0
2025/3/29 7:55,有时候真的很想吃,0
2025/3/29 7:55,@???? @星光. @?? ??苏苏想中福袋??? [尬笑][尬笑][尬笑],0
2025/3/29 7:55,危害太严重了，一天喝5升水就水中毒了，可千万不能喝水啊[捂脸][OK],1
2025/3/29 7:55,我闺女总买，我得截个图给她,0
2025/3/29 7:55,什么鬼，你天天吃薯片?,1
2025/3/29 7:55,又是想骂相关部门的一天，这些卖好多年的东西为什么总不查,1
2025/3/29 7:56,超市里有几种物品是安全的,0
2025/3/29 7:56,就这还有专业人说辛吉飞制造焦虑,1
2025/3/29 7:56,烟是什么致癌物[捂脸]你天天抽十根烟你天天吃十包薯片吗[捂脸],0
2025/3/29 7:56,扎心了老铁,0
2025/3/29 7:56,@跨次元小怪兽,0
2025/3/29 7:56,@野心 [恐惧],1
2025/3/29 7:56,有钱的人不走真的不理解,0
2025/3/29 7:56,怎么破解,1
2025/3/29 7:56,@??潺宝儿??,0
2025/3/29 7:56,还好我们家吃这个吃的很少，中国的食品安全太让人担心了，什么时候能像国外那样严格[捂脸],0
2025/3/29 7:57,我不吃乐事,0
2025/3/29 7:57,食品健康这是打通消费内循环的关键环节[捂脸],0
2025/3/29 7:57,@???? @Yio. 怎么全是我爱吃的[绝望的凝视],0
2025/3/29 7:57,偶尔吃一次没事吧？,0
2025/3/29 7:57,客服说的也许没错，不含毒才不符合规定，所以才不得以的放点,1
2025/3/29 7:57,⊙?⊙！,0
2025/3/29 7:57,没完没了[捂脸][捂脸],0
2025/3/29 7:58,"一袋含40mg,你把它倒在米饭里，天天吃。40mg，一小捏,其实很多了",0
2025/3/29 7:58,现在的孩子体质不好就这些零食吃的,0
2025/3/29 7:58,[捂脸][捂脸]没完没了,1
2025/3/29 7:58,怎么上市的,0
2025/3/29 7:58,乐事！[暗中观察],0
2025/3/29 7:58,@LIN- @野原 [九转大肠]也不懂还有几年能活,1
2025/3/29 7:58,只要是合规的就没问题,0
2025/3/29 7:59,那为啥让生产？,1
2025/3/29 7:59,我～最爱吃乐事原味～怎么办[我想静静],0
2025/3/29 7:59,饼干膨化食品都有，有的还不标,0
2025/3/29 7:59,咋滴这是拿这玩意当饭吃了么，慌个鸡毛,1
2025/3/29 7:59,吓得我赶紧把没吃完的乐事扔了,0
2025/3/29 7:59,乐事是美国的企业,0
2025/3/29 7:59,@笑笑睡不醒??,0
2025/3/29 7:59,@米米夏 不是，有病吧[我想静静],1
2025/3/29 7:59,为啥没人查？为啥能上市,1
2025/3/29 7:59,零食没有营养，偶尔吃吃，平时少让孩子吃。,0
2025/3/29 7:59,@旺仔小拳头,0
2025/3/29 8:00,还有啥敢吃？,1
2025/3/29 8:00,@绝地俯冲,0
2025/3/29 8:00,家里还一大桶各种各样的乐事[微笑],0
2025/3/29 8:00,@21:57,0
2025/3/29 8:00,中国食品让人买的放心 吃的安心[泪奔],0
2025/3/29 8:01,这样的选择题就不应该是在超市让老百姓去选的,0
2025/3/29 8:01,[尬笑]天塌了,0
2025/3/29 8:01,如果医生和客服说的都对，那问题出在哪里[看],0
2025/3/29 8:01,自己人害自己人,1
2025/3/29 8:01,都吃了好多年了哦！,0
2025/3/29 8:01,是啊[尬笑],0
2025/3/29 8:01,怎么什么都加,0
2025/3/29 8:01,国标没用，标准太低了,1
2025/3/29 8:01,吃了好多年都没发现,0
2025/3/29 8:01,我最爱吃的薯片[捂脸],0
2025/3/29 8:02,@月亮??,0
2025/3/29 8:02,@晚风l [泣不成声][泣不成声],0
2025/3/29 8:02,昨天才买了几袋原味，也有TBHQ[流泪][流泪],0
2025/3/29 8:02,专家怎么看[捂脸][捂脸][捂脸],0
2025/3/29 8:02,又能咋样？食品安全总接二连三曝光出来问题？??人解决吗？,1
2025/3/29 8:02,马路上不戴头盔的一查一个准，躺超市一动不动的愣是看不见[捂脸],1
2025/3/29 8:02,为什么还让添加[发怒][发怒][发怒][发怒][发怒][发怒],1
2025/3/29 8:02,我也[尬笑][尬笑][尬笑],0
2025/3/29 8:02,@Sunflower girl,0
2025/3/29 8:02,我经常给女儿买，谁懂,0
2025/3/29 8:02,乐事：抛开剂量谈毒性，都是耍流氓,0
2025/3/29 8:02,小时候天天吃[捂脸],0
2025/3/29 8:03,关键别的我不吃，乐事薯片我是真的吃很多[流泪],0
2025/3/29 8:03,@-77 …,0
2025/3/29 8:03,我就是批发薯片的，都有一级致癌物，千万别吃，吃多了必得癌。,1
2025/3/29 8:03,@Persistent,0
2025/3/29 8:03,害人不商量,1
2025/3/29 8:03,符合国标就可以哈[微笑][微笑][微笑],0
2025/3/29 8:03,@??????白白????,0
2025/3/29 8:03,一买就是十来包[发呆],0
2025/3/29 8:03,去年雪糕事件呢[捂脸][捂脸][捂脸],0
2025/3/29 8:03,@璠呀璠呐璠 [泣不成声],0
2025/3/29 8:03,我是偶尔吃一袋，现在吃的少了，年纪大了不爱吃零食了,0
2025/3/29 8:03,你是个废人吗，代谢没有？,1
2025/3/29 8:03,@小狗不淋雨,0
2025/3/29 8:03,架不住这个偶尔一次，那个偶尔一次，加起来就是要你命3000[看],1
2025/3/29 8:04,这个玩意膨化食品里都有,0
2025/3/29 8:04,@知晓,0
2025/3/29 8:04,咱们的视频，到底什么是安全的,0
2025/3/29 8:04,之前总买，给孩子还吃呢，这些零食是怎么过得食品安全检查啊,0
2025/3/29 8:04,@小于不是鱼??,0
2025/3/29 8:04,[泣不成声][泣不成声],0
2025/3/29 8:04,你能说出这句话证明你的智商就到这了[憨笑],1
2025/3/29 8:04,为什么这么多年才爆？？,1
2025/3/29 8:04,有什么是经得起查的,1
2025/3/29 8:04,天塌了。[流泪],0
2025/3/29 8:04,反正我不怎么给我儿子买薯片类，因为不知道为什么，我不管吃什么薯片都觉得不好吃，有点想吐的感觉,0
2025/3/29 8:04,[捂脸]下次人家就不写了,0
2025/3/29 8:05,不敢吃了,0
2025/3/29 8:05,昨天才买好几包。今天就刷到。真的服,0
2025/3/29 8:05,人家说长期吃会致癌你是看不见！,1
2025/3/29 8:05,一次性25㎏是啥概念[捂脸][捂脸][捂脸],0
2025/3/29 8:05,怎么通过食品检测上市的？,0
2025/3/29 8:05,希望更多孩子能看到,0
2025/3/29 8:05,@哔哔赖赖,1
2025/3/29 8:05,为啥生产,1
2025/3/29 8:05,自己人害自己人[敲打][敲打][敲打][敲打],1
2025/3/29 8:05,盐是致癌物质。不吃能行吗？,0
2025/3/29 8:06,我爱吃土豆，我怀疑现在的土豆也不知道打的啥了，吓死人了，啥也不能吃了回农村老家种地吧,0
2025/3/29 8:06,查出来为什么还不下架,1
2025/3/29 8:06,真是，只要买的没有可以放心吃的东西,0
2025/3/29 8:06,@F.,0
2025/3/29 8:06,我就是批发薯片的，都有一级致癌物，千万别吃，吃多了必得癌。,1
2025/3/29 8:06,长期过量[擦汗]，什么人天天吃，一天吃几桶,1
2025/3/29 8:06,就这个特丁基…方便面，雪米饼，还有好多都有这玩意，咋不禁止使用,1
2025/3/29 8:06,[微笑]吃着乐事刷到这个我是继续吃还是什么,0
2025/3/29 8:06,不会管的，查有毛用,1
2025/3/29 8:07,符合哪个国家的规定[捂脸]……东大的规定？[捂脸]拿了就算了吧……哈哈哈,0
2025/3/29 8:07,@一万年太久，只争朝夕,0
2025/3/29 8:07,@??? [流泪][流泪][流泪],0
2025/3/29 8:07,早晚不标注，就跟转基因一样低于3%可以不标注[思考],0
2025/3/29 8:07,国家规定食品安全要求有多高？[笑哭][笑哭],0
2025/3/29 8:07,@KBen,0
2025/3/29 8:07,幸亏很少吃，基本不怎么吃,0
2025/3/29 8:07,[吐血],1
2025/3/29 8:07,@黑眼豆豆 薯片少给孩子买,0
2025/3/29 8:07,乐事不好吃,0
2025/3/29 8:07,@喜东东,0
2025/3/29 8:07,违法成本太低，还查什么查，装腔作势,1
2025/3/29 8:08,[泣不成声],0
2025/3/29 8:08,谁会拿薯片当饭吃啊,0
2025/3/29 8:08,确实是这样太真实了,0
2025/3/29 8:08,不要说薯片了，你去看看饼干里，这个添加剂更多[微笑]青岛的钙奶饼干里都添加了[捂脸]还什么山东人从孩子吃到老的饼干[捂脸]直接背刺山东人[捂脸]青湲钙奶饼干里都有,1
2025/3/29 8:08,这个有点恐怖了,0
2025/3/29 8:08,以后不敢吃了。,0
2025/3/29 8:08,真的太让人震惊了吧,0
2025/3/29 8:08,早上好(o゜▽゜)o☆,0
2025/3/29 8:09,国家规定的，骂乐事合适吗[捂脸],0
2025/3/29 8:09,什么都不敢吃,0
2025/3/29 8:09,我跟俩孩子老是吃的乐事??,0
2025/3/29 8:09,不止乐事，别的品牌也有[捂脸],0
2025/3/29 8:09,没事  竞争对手发的,1
2025/3/29 8:09,扔了,1
2025/3/29 8:09,刚看了 可比克也有[微笑],0
2025/3/29 8:10,那吃了很多年，一年怎么的也几十包吧,0
2025/3/29 8:10,哎 能说啥  食品问题 吃了只要不是直接死就行,1
2025/3/29 8:10,天爷 我最爱的薯片[捂脸],0
2025/3/29 8:10,天呐，我也经常吃！,0
2025/3/29 8:10,是的  很多都有  只是没人爆的时候不知道是什么  一样吃的很香[笑哭],0
2025/3/29 8:10,为什么就可以流入市场,0
2025/3/29 8:10,天呢，还有什么能吃,0
2025/3/29 8:10,完代理乐事的又要休息几天,0
2025/3/29 8:11,这种东西怎么还能生产出来，怎么拿到的质检报告,1
2025/3/29 8:11,天塌了，每次只买乐事桶装原味，全家都爱吃[流泪],0
2025/3/29 8:11,是改名字了[呲牙],0
2025/3/29 8:11,聋子的耳朵，摆设,1
2025/3/29 8:11,真的假的啊,0
2025/3/29 8:11,还好，不爱买薯片,0
2025/3/29 8:11,我也是,0
2025/3/29 8:11,没有添加剂就做不了食品,0
2025/3/29 8:11,@用户4657222393134,0
2025/3/29 8:11,太可怕了，吓人,0
2025/3/29 8:11,这玩意坚果里都有,0
2025/3/29 8:11,乐事薯片都卖了多少年了，现在才说这个[捂脸]高[赞],0
2025/3/29 8:11,我老公就喜欢买薯片,0
2025/3/29 8:12,国家规定 ，当时吃不死就没事，是吧,1
2025/3/29 8:12,@张高兴?? @浪味仙嘞 m,0
2025/3/29 8:12,那你的吃多少薯片才能达到5g啊！,0
2025/3/29 8:12,各种方便面，还有很多食品都含有这种添加剂，这种添加剂是国家允许添加的，大家不要恐慌。,0
2025/3/29 8:12,乐事这是又得罪谁了？,0
2025/3/29 8:12,这么多年了，现在爆出来了,0
2025/3/29 8:12,真的假的？,0
2025/3/29 8:12,黄瓜味好吃,0
2025/3/29 8:13,最爱吃的薯片,0
2025/3/29 8:13,方便面，油炸食品里太常见了。它标了，你买了，算谁的错？,0
2025/3/29 8:13,，,0
2025/3/29 8:13,@不是我 我还有两桶没吃……,0
2025/3/29 8:13,妈呀！我儿子也经常吃,0
2025/3/29 8:13,@乖乖 以后别吃喽[感谢],0
2025/3/29 8:14,@一只小Y @(???????? 晚安 @柠檬很萌. @*布丁??,0
2025/3/29 8:14,@茉莉奶绿重度依赖 @Kiki_ 还好不爱吃薯片了,0
2025/3/29 8:14,可比克黄瓜味也有,0
2025/3/29 8:14,那也比毒卫生间好,1
2025/3/29 8:14,又一个不谈计量还是谈毒性的呗？5克，要吃多少斤薯片能达到怎么不说？一袋薯片里面有多少克薯片呢？,0
2025/3/29 8:14,见怪不怪，反正基本上都逃不脱,0
2025/3/29 8:14,把价格打下来[大金牙],0
2025/3/29 8:14,五常一中，只字不提,0
2025/3/29 8:14,@??小熊手作,0
2025/3/29 8:14,啊啊啊最爱吃乐事原味薯片了,0
2025/3/29 8:14,还有干净的吗,1
2025/3/29 8:14,为什么都是大家吃了多年了才查？,0
2025/3/29 8:14,现在才检测出来？,0
2025/3/29 8:14,这个食品一点致癌物，那个食品一点致癌物，天天累积可不是小问题,0
2025/3/29 8:15,国家允许啊有什么办法[大笑][大笑],1
2025/3/29 8:15,现在才查出来，肯定最近外国人又欺负我们了[捂脸][捂脸][捂脸],1
2025/3/29 8:15,子弟不好吃吗[捂脸],0
2025/3/29 8:15,那怎么到现在才知道，才爆出来呢？这都多少年了！,0
2025/3/29 8:15,现在只要是吃的，都有风险[泪奔],0
2025/3/29 8:15,我女儿只吃这个牌子,0
2025/3/29 8:15,天呐我还挺喜欢吃的,0
2025/3/29 8:15,哈哈  水每天喝多了也会死   [尬笑],0
2025/3/29 8:15,妈蛋的,1
2025/3/29 8:15,@老封 还好我不爱吃,0
2025/3/29 8:16,[叹气]现在还有什么可以放心食用的呢,0
2025/3/29 8:16,天天吃遭了,0
2025/3/29 8:16,@A~凉城古巷,0
2025/3/29 8:16,自己做,0
2025/3/29 8:16,啥都能加，一查就说符合,1
2025/3/29 8:16,@??脑门上有坑 恩？,1
2025/3/29 8:16,真讽刺,1
2025/3/29 8:16,我昨晚吃了一大包[微笑],0
2025/3/29 8:16,还有多少可以放心吃的东西啊,0
2025/3/29 8:16,抛开剂量谈毒性，那是耍流氓。,0
2025/3/29 8:16,@猪朱朱朱朱,1
2025/3/29 8:16,以前我家娃很喜欢吃，最近一年都不怎么吃了,0
2025/3/29 8:16,妈呀昨天才买了一包，还没开封，我是吃呢还是不吃呢[捂脸],0
2025/3/29 8:17,我们一家也经常吃怎么办,0
2025/3/29 8:17,只要符合国家标准，那就不是企业的问题,0
2025/3/29 8:17,我的天哪,0
2025/3/29 8:17,乐事薯片味虽好，健康更重要呀！,0
2025/3/29 8:17,查出来有什么用，直接关闭源头啊,1
2025/3/29 8:17,它们无能,1
2025/3/29 8:17,现在的问题不是出于温饱状态，而且吃的太饱，就有无数个烦恼，没的吃，只有一个烦恼，那就是吃。有的吃就开始挑剔了，不管你好与坏，我就要挑[大笑],0
2025/3/29 8:17,你是一点都不看长期过量摄入有致癌风险啊[不失礼貌的微笑],1
2025/3/29 8:17,孩子都在吃 谁来负责,1
2025/3/29 8:17,出来那么多年，现在才爆出来[酷拽],1
2025/3/29 8:18,天呐，我最喜欢吃的薯片,0
2025/3/29 8:18,是我也会干完，反正都吃这么多了也不差这两包[捂脸],0
2025/3/29 8:18,为什么还允许上架呢,1
2025/3/29 8:18,我三十多了，从小吃到大，很猛[捂脸],0
2025/3/29 8:18,乐事曾带我快乐，盼早日更安全！,0
2025/3/29 8:18,国家会出手的，牛马很多[赞],1
2025/3/29 8:18,曝光后呢？没人真正的去查，停产，市面上继续售卖。,0
2025/3/29 8:18,吃吧,0
2025/3/29 8:19,刚吃了一袋红烩135,0
2025/3/29 8:19,乐事味道难忘怀，盼改进更安心！,0
2025/3/29 8:19,为什么不用中文英文也得在后面加括号写明是什么吧,0
2025/3/29 8:19,我很好奇，这个薯片在原产国也添加这个？,0
2025/3/29 8:19,[看]还好太贵没怎么买过,0
2025/3/29 8:19,@美次都想装作很倔强,0
2025/3/29 8:19,顶,0
2025/3/29 8:19,乐事曾是我最爱，望早日更健康！,0
2025/3/29 8:19,几本不吃薯片，唯独就爱吃这个黄瓜味的，现在出现这个，懵了，太无语了[感谢],0
2025/3/29 8:19,问下国内还有哪些食品是安全的,0
2025/3/29 8:19,真是应了周立波那句话：我们不用打仗，吃就能吃死[抠鼻],1
2025/3/29 8:19,他说符合相关规定，你说这个气人不气人,1
2025/3/29 8:19,@?? 唛唛゛,0
2025/3/29 8:20,好的，长期过量，你们硬是不看[微笑],1
2025/3/29 8:20,昨晚才吃[捂脸],0
2025/3/29 8:20,妈呀，我昨天才给娃买的,0
2025/3/29 8:20,@侑,0
2025/3/29 8:20,人为什么会越来越少，不反思一下，生下来吃的用的都没有保障。以后我女儿不生我坚决支持。,0
2025/3/29 8:20,很多零食有这个添加剂[泣不成声][泣不成声][泣不成声]都封了吧,1
2025/3/29 8:20,@旭日马    王新 @陈孝章 @Mr.L @七七真的很爱哭 @小虎牙丫 @smilerenting @贞 @A~mei @圈圈妈,0
2025/3/29 8:20,好像薯片都有[泣不成声],0
2025/3/29 8:20,@困困魚??,0
2025/3/29 8:20,凡事有个量！,0
2025/3/29 8:20,[舔屏]又可以安心吃了@赵开心vv,0
2025/3/29 8:20,特别是蛋糕面包 配料几十种,0
2025/3/29 8:21,你好喜欢吃 真的 吗,0
2025/3/29 8:21,我的个老天爷[流泪][流泪],0
2025/3/29 8:21,桶装不是土豆做的,0
2025/3/29 8:21,给了钱的，没事 符合规定,0
2025/3/29 8:21,外孙女经常吃，说了也不听[捂脸],0
2025/3/29 8:21,在市场那么久了，现在才检查出来。[泣不成声][泣不成声]很多人的爱好啊。,0
2025/3/29 8:21,啊？不会吧，我在原味配料表上没有看到啊，天塌了,0
2025/3/29 8:21,但是不影响好吃啊[捂脸][捂脸],0
2025/3/29 8:22,长期过量摄入，而且我也没说不致癌啊，只是针对他说一次性摄入5g可以致命，换算一下如果是吃薯片是什么程度,0
2025/3/29 8:22,生产那么多年 销售那么多 不报告。已经吃到饱死不活需要医治了。现在爆出来。已经晚了[看],1
2025/3/29 8:22,[发呆],0
2025/3/29 8:22,符合国家标准就行！,0
2025/3/29 8:22,@孤岛的鲸??,0
2025/3/29 8:22,真搞不懂，为什么不禁止销售有害的食品呢,0
2025/3/29 8:22,超市里随便拿起一个零食，看看配料表，都会有很多添加剂,0
2025/3/29 8:22,特丁基对苯二酚很多食品里都有 不止乐事 全部禁用,0
2025/3/29 8:22,产品符合国家规定[赞][赞][赞],0
2025/3/29 8:22,意思就是可以吃别的牌子的薯片吗？,0
2025/3/29 8:22,我才买了一盒柠檬味的乐事,0
2025/3/29 8:22,天哪，啥也不能吃了,0
2025/3/29 8:22,哈，上次做活动我买了十包，,0
2025/3/29 8:22,我就想说  这个成分是刚刚写在瓶子上吗,0
2025/3/29 8:23,抛开剂量谈毒性都是扯淡,0
2025/3/29 8:23,那么严格大家都身体健康，医院赚什么，医保怎么销账，都长寿，退休金怎么给……,1
2025/3/29 8:23,@@小覃同学,0
2025/3/29 8:23,还搞英文,1
2025/3/29 8:23,[快哭了][快哭了],0
2025/3/29 8:23,缩写,0
2025/3/29 8:23,总是爆出吃了十几年的东西有问题，那这么多年是什么情况？好想知道,0
2025/3/29 8:23,吃死一个是一个[灵机一动],1
2025/3/29 8:23,我不吃准确说是太贵买不起[呲牙],0
2025/3/29 8:23,所有薯片都有[尬笑],0
2025/3/29 8:24,一直买乐事暑片,0
2025/3/29 8:24,过量，是多少，我一般少量的吃,0
2025/3/29 8:24,[捂脸][捂脸][捂脸]刚吃完,0
2025/3/29 8:24,好奇谁长期过量吃这个,0
2025/3/29 8:24,价格还死贵死贵的[捂脸],1
2025/3/29 8:24,@粥粥再睡十分钟.^,0
2025/3/29 8:24,麻木了！,0
2025/3/29 8:24,这是第几代发明？[大笑],0
2025/3/29 8:24,一会给我闺女看看[呲牙],0
2025/3/29 8:24,这谁敢再消费…！[捂脸],0
2025/3/29 8:24,其他零食也有,0
2025/3/29 8:24,@绝情     ??,0
2025/3/29 8:24,我家没一个爱吃这玩意,0
2025/3/29 8:24,你说他们不作为吧，三天两头去查药店,1
2025/3/29 8:24,国家规定都是最低标准 就跟自来水一样,0
2025/3/29 8:25,"冷知识：前两天，科协人员说可以放心吃，没有致癌物
热知识： 有合格证",0
2025/3/29 8:25,家里现货三盒[微笑],0
2025/3/29 8:25,感觉过些日子就过去了,0
2025/3/29 8:25,医生说不行，客服说符合国家规定。那规定出来回应一下吧,0
2025/3/29 8:25,我不怎么吃零食,0
2025/3/29 8:25,放心，配料表都会作假的,1
2025/3/29 8:25,总比暴雷的卫生巾好,1
2025/3/29 8:25,@Wanyon,0
2025/3/29 8:25,前几天买了乐事，还有两包,0
2025/3/29 8:25,就爱吃乐事[流泪][流泪][流泪],0
2025/3/29 8:25,不是吧,0
2025/3/29 8:25,告诉我们有什么用，去砸超市吗？相关部门呢？,1
2025/3/29 8:25,大家以为只有薯片有[微笑][微笑][微笑]天真[看][看][看]面包都有，干吃面瓜子辣条[抠鼻][抠鼻][抠鼻]很多零食,0
2025/3/29 8:25,乐事挺硬气的，没有否认添加剂，表示符合国家规定，究竟打谁的脸,1
2025/3/29 8:26,我的天啊,0
2025/3/29 8:26,可以买番茄口味的[黑脸]因为番茄口味的没出事[黑脸],0
2025/3/29 8:26,我真无语了,1
2025/3/29 8:26,国家标准[得意],0
2025/3/29 8:26,？加油,0
2025/3/29 8:26,很多零食都有特丁，钙奶饼干也有,0
2025/3/29 8:26,[晕],0
2025/3/29 8:26,@静静呀,0
2025/3/29 8:26,最不喜欢吃薯片，现在有的厂家真是丧良心,0
2025/3/29 8:26,不在乎这一包了,0
2025/3/29 8:26,符合国家标准没看见吗,1
2025/3/29 8:26,一直吃乐事[敲木鱼]我可以起诉他们吗,0
2025/3/29 8:26,赚钱没底线,1
2025/3/29 8:26,几年前一袋乐事蕃茄味给我干医院了疼的哭爹喊妈，急性胃炎从此再也不敢吃了[微笑],0
2025/3/29 8:27,你有毒[赞],1
2025/3/29 8:27,[尬笑][尬笑][尬笑][尬笑],0
2025/3/29 8:27,基因强大不害怕,0
2025/3/29 8:27,以前我吃这辣条看新闻曝光黑作坊在厕所做辣条[捂脸]。也不影响我吃[笑哭],0
2025/3/29 8:27,还有几包没吃[流泪][流泪][流泪],0
2025/3/29 8:27,该吃吃,0
2025/3/29 8:27,估计也不光乐事有吧,0
2025/3/29 8:28,每次薯片只买乐事，家里的是吃还是不吃？,0
2025/3/29 8:28,不总吃啊，刚好昨天有一袋黄瓜味得可比克，别的还没看,0
2025/3/29 8:28,这个零食里面基本都有的，一些缺德的商家会变成英文,1
2025/3/29 8:28,@MR.C???? 少吃零食，费钱还对身体不好，多吃上火,0
2025/3/29 8:28,昨天才吃了两包，今天就刷到了[捂脸],0
2025/3/29 8:28,空气炸锅本身说不定也有问题,0
2025/3/29 8:28,俺妞天天抱着吃,0
2025/3/29 8:28,那天饿了到家连着吃了一桶后有点恶心，难道里面有毒药吗！！！,1
2025/3/29 8:28,那咋了还是吃,0
2025/3/29 8:28,哇靠乐事你??千万别塌啊,1
2025/3/29 8:28,怎么通过合格的怎么上架的，搞笑,1
2025/3/29 8:28,薯片我是真的只喜欢吃乐事原味[捂脸],0
2025/3/29 8:28,符合国家规定啊，没问题的,0
2025/3/29 8:28,嘎嘎嘎,0
2025/3/29 8:28,随便啦，现在估计就粑粑是纯天然的了,0
2025/3/29 8:28,我吃了乐事，吃了千禾，吃了毒蔬菜，目前我在想养老金还交不交[捂脸],0
2025/3/29 8:29,哦莫,0
2025/3/29 8:29,只谈毒性不谈剂量就是耍牛氓[捂脸]长期是多长？过量是多少？有没有明确的解释？就像苹果里面有剧毒，能毒死大象，柿子吃多了得结石一样。,0
2025/3/29 8:29,客服回答 符合国家规定[捂脸][捂脸][捂脸],0
2025/3/29 8:29,@和 你、 哇,0
2025/3/29 8:29,[白眼]符合国家标准能刻在历史上吗？,1
2025/3/29 8:29,一样[捂脸],0
2025/3/29 8:29,有什么大惊小怪的，现在几乎所有预包装食品都有防腐剂,0
2025/3/29 8:29,薯片，我只吃子弟[呲牙][呲牙][呲牙],0
2025/3/29 8:29,坚强着活着吧,0
2025/3/29 8:29,这只是薯片的含量，你日常吃的其他的指不定也含有致癌成分，加一起，你看看超不超[坏笑],1
2025/3/29 8:29,收藏起来的是不是给孩子看的[看],0
2025/3/29 8:29,每千克0.2克，要连续吃多少薯片才能有5克？,0
2025/3/29 8:29,@晚安小友 别吃了,0
2025/3/29 8:29,不吃添加剂，医院就没工作,1
2025/3/29 8:30,医疗战略合作,0
2025/3/29 8:30,@钱堡鼓鼓='v'= 哇塞,0
2025/3/29 8:30,我昨天吃了，今天刷到[捂脸],0
2025/3/29 8:30,谁有安全能吃的食品推荐一下[感谢]谢谢[玫瑰],0
2025/3/29 8:30,砸，烧，扔，才能解决，即使暂时解决不了，也会被重视，现在大部分人都是选择避免，谈文明你得有谈的实力。,1
2025/3/29 8:30,依然不影响销量,0
2025/3/29 8:30,多少属于过量,0
2025/3/29 8:30,没有报告吗,0
2025/3/29 8:30,@艾玛·伍兹(皮下卖水印定制v小蛋糕）,1
2025/3/29 8:30,乐事原味薯片，袋装的我几乎天天吃,0
2025/3/29 8:30,@是研研宝贝呀～ @【别做逃兵】,0
2025/3/29 8:31,我老天啊这是我唯一爱吃的薯片啊,0
2025/3/29 8:31,@九妹去哪玩 看看,0
2025/3/29 8:31,长期过量食用才有风险，放心吃吧宝子们,0
2025/3/29 8:31,新闻这种东西看看就行了,0
2025/3/29 8:31,天真[微笑]又不是只有他家有[微笑]超市零食大部分都有[抠鼻][抠鼻][抠鼻][抠鼻][抠鼻]多吃,0
2025/3/29 8:31,奥巴马的名言含金量还在提高：只要在一个国家散布大量假消息，时间一久民众就分不清哪个是真哪个是假！,0
2025/3/29 8:31,@草莓麻麻??miu~,0
2025/3/29 8:31,是啊,0
2025/3/29 8:31,@MyrollingD,0
2025/3/29 8:31,卖了这么多年才发现啊，都是人才[捂脸],0
2025/3/29 8:31,[看][看][看]明显就是商战，想想去年的农夫山泉，看是不是可比克，上好佳搞的鬼。,1
2025/3/29 8:31,增加保质期的作用，理论上理解每款应该都有吧，不管袋装还是桶装。下次留心其他牌子看看[笑哭][笑哭],0
2025/3/29 8:31,还有规定呢？[发呆],0
2025/3/29 8:32,我也！世界上只有这一种好吃  必须原味,0
2025/3/29 8:32,乐事薯片，中国的代工厂是哪一个？,0
2025/3/29 8:32,你说不吃零食吃水果吧，水果也各种问题，你说不吃水果吃自己做的饭菜吧，菜也是各种问题，调味品问题也大的很[捂脸],0
2025/3/29 8:32,昨晚带着两娃一人买了一包，还没吃，赶紧拿出来吃了压压惊,0
2025/3/29 8:32,好友趣的有没有？爱吃薯片的瑟瑟发抖呀[捂脸],0
2025/3/29 8:32,官方回应是0.2克每千克，摄入5克的话，那就是要吃25千克的薯片，50斤？50斤？喝50斤水都可能出问题，我想问问50斤薯片你们要吃多长时间。人体是有代谢功能的，又不是只进不出。,0
2025/3/29 8:32,我的最爱[泣不成声],0
2025/3/29 8:32,这确实,0
2025/3/29 8:32,能写出来说明可以用,0
2025/3/29 8:32,该吃吃，该喝喝,0
2025/3/29 8:32,不担心油脂酸败危害，担心抗氧化剂危害,0
2025/3/29 8:32,真是害人不浅[抠鼻],1
2025/3/29 8:33,食品安全问题！,0
2025/3/29 8:33,@涵涵粑粑~,0
2025/3/29 8:33,@人间的伥客,1
2025/3/29 8:33,不吃了,0
2025/3/29 8:33,赶快下架了,1
2025/3/29 8:33,要是有查头盔那样积极就好了,0
2025/3/29 8:33,不用作假，换个名称就不知道是他了,1
2025/3/29 8:33,渎职,1
2025/3/29 8:33,主要是现在啥东西都有添加剂 哪怕正常量 一但这个人吃很多这类食物就超标了 又管不住嘴  不生病才怪,0
2025/3/29 8:34,买贵州现炸的土豆片，比这个好吃,0
2025/3/29 8:34,@是妍妍啦,0
2025/3/29 8:34,相信国家[弱],0
2025/3/29 8:34,这些东西能流入市场不就说明一切了，不断源头不是这个也会是那个，有什么区别,1
2025/3/29 8:34,这年头想长寿简直比上天都难[尬笑]，现在想想能在水果菜里吃出虫子那算很好的了,0
2025/3/29 8:34,周杰伦不牛逼了吧,1
2025/3/29 8:34,北京方便面也有这个[泪奔]那不能吃了吗？我的天塌了,0
2025/3/29 8:34,这个幸好不吃,0
2025/3/29 8:34,虽然但是含油类的零食比如饼干方便面都是有这种添加剂，有时候在超市看配料表买东西也很沮丧，但是不买就没有什么可以吃的零食了,0
2025/3/29 8:34,食品安全以“毒不死就行”为基准，那可太可怕了…,0
2025/3/29 8:34,一边说没人干活，一边又要弄死干活的人[捂脸],1
2025/3/29 8:34,小孩爱吃,0
2025/3/29 8:34,还好我不吃这玩意[笑哭],0
2025/3/29 8:35,是的啊，你们才知道？薯片在美国也明确标注过有致癌风险，但也不妨碍老美爱吃,0
2025/3/29 8:35,老人都说73岁84岁是人寿命的一道坎，我看现在65就是一大关了，呵呵,0
2025/3/29 8:35,考得过不过是自己的本事，国家认不认可你过是你的实力?财力[蜜蜂狗],1
2025/3/29 8:35,只要是正规厂家  配料表作假的可能是很罕见的   配料表作假那是触犯法律的问题   企业一般不会这么干,0
2025/3/29 8:35,对啊 能吃的基本上都有其实,0
2025/3/29 8:35,接着吃 快乐不要丢,0
2025/3/29 8:35,不加油氧化变质，危害更大,1
2025/3/29 8:35,没有不致癌的,1
2025/3/29 8:35,到底什么是真的？,0
2025/3/29 8:35,冷知识，西红柿和螃蟹产生砒霜有毒，但是你得吃几百斤。,0
2025/3/29 8:35,咱怕吗？怕吗？怕吗？,0
2025/3/29 8:36,@sffgvjn,0
2025/3/29 8:36,这添加剂辣条里面都有,0
2025/3/29 8:36,吃了那么多年了 还是最爱,0
2025/3/29 8:36,整天发这不能吃，那不能吃，为什么不从源头厂家查起，有害的为什么还要添加，抓住判刑！,1
2025/3/29 8:36,明显商战啊，没发现这些营销号全是一个音频吗,1
2025/3/29 8:36,我很庆幸，我不是很爱吃薯片啥的[偷笑],0
2025/3/29 8:36,@黑猫,0
2025/3/29 8:36,还好还好[泪奔]小时候薯片太贵，我吃不起。现在不喜欢吃,0
2025/3/29 8:36,好一个符合国家规定,0
2025/3/29 8:36,其他食品会不会有这个？五克？一天摄入量恐怕不止[捂脸],0
2025/3/29 8:36,有这个部门吗,0
2025/3/29 8:36,超市带包装的哪个没有[捂脸]。国家允许。源头不制止,1
2025/3/29 8:36,这么长时间才爆出来，可见你们的检查力度，真的慢，应该全部查，效率慢的可怜,1
2025/3/29 8:36,难道我们生下来就低人一等吗？,1
2025/3/29 8:36,现在都不吃零食了[黑脸],0
2025/3/29 8:36,不吃不就完了,0
2025/3/29 8:36,衣服有致癌物，视频有致癌物，酱油有致癌物[微笑],0
2025/3/29 8:37,[捂脸],0
2025/3/29 8:37,符合国家规定，但是有致癌可能,0
2025/3/29 8:37,昨天才吃了两包，现在躺在火葬场里，排队呢,1
2025/3/29 8:37,好多东西都有这个特丁基对苯二酚 瓜子 辣条啥的我注意看了都有[泪奔],0
2025/3/29 8:37,这是读要！！！很多零食都有,0
2025/3/29 8:37,不止乐事，好多薯片也有大量添加剂[流泪]我现在都吃西班牙的，只有薯片和橄榄油,0
2025/3/29 8:37,那这种食品0.2，那种食品也0.2，其它食品也跟着0.2克呢？,0
2025/3/29 8:37,这下能管住嘴了我的薯片,0
2025/3/29 8:37,真的吗？我正准备买北京方便面,0
2025/3/29 8:37,呜呜呜别塌房啊,0
2025/3/29 8:37,这些东西还是要少吃,0
2025/3/29 8:37,来个卖保健品的标记一下。[呲牙],1
2025/3/29 8:38,零食真的要少吃，,0
2025/3/29 8:38,在国内吃东西全凭命大不大[泪奔],0
2025/3/29 8:38,很多食品都有,0
2025/3/29 8:38,我超爱原味[蜜蜂狗],0
2025/3/29 8:38,全部加工的食品都有，不用曝光了。[捂脸],0
2025/3/29 8:38,这个很多零食都有的,0
2025/3/29 8:38,一看有添加剂的，不吃就行了，管他什么国家标准呢。尽量少吃或者不吃,0
2025/3/29 8:38,TBHQ 特丁基对苯二酚 零食里面都有 没必要大惊小怪哈 适量吃是可以的,0
2025/3/29 8:38,网上买的猪油基本都有,0
2025/3/29 8:38,所以还有什么能吃,0
2025/3/29 8:38,[尬笑],0
2025/3/29 8:38,@是小瞿呀 你天天说乐事好,0
2025/3/29 8:38,其实吧... 说句实话.不要总拿小时候吃到大的东西开刀..就比如蜜雪 零食好像基本都有这个东西.. 食品卫生安全问题 没完了,0
2025/3/29 8:38,还好现在已经不爱吃了,0
2025/3/29 8:38,我最爱的零食北京方便面[流泪],0
2025/3/29 8:38,这是油炸类零食的常见添加剂，乐事不是开天辟地第一家,0
2025/3/29 8:39,按最大添加了0.2g/kg，你得吃25kg薯片才达到5g。,0
2025/3/29 8:39,@乐事官方账号 @乐事食品旗舰店 @乐事零食旗舰店 @乐事师捷专卖店 @乐事食品直播间,0
2025/3/29 8:39,不仅仅是薯片吧？所有零食都有。,0
2025/3/29 8:39,我最爱大波浪和黄瓜味[流泪][流泪][流泪],0
2025/3/29 8:39,你一天能吃25包薯片,0
2025/3/29 8:39,没事我一直吃的可比克,0
2025/3/29 8:39,好一个符合国家规定，要死的，,1
2025/3/29 8:39,@咕噜咕噜噜噜噜 ~ ??,0
2025/3/29 8:39,是的 仔细检查最后发现都完了??,0
2025/3/29 8:39,现在得癌症好像是很容易的事,1
2025/3/29 8:39,[捂脸][捂脸][捂脸][捂脸][捂脸][捂脸][捂脸],0
2025/3/29 8:40,我也吃了不少,0
2025/3/29 8:40,实话实说确实符合国标,0
2025/3/29 8:40,前提是要长期。过量。薯片那么贵。长期过量我做不到,0
2025/3/29 8:40,对 下架吧,1
2025/3/29 8:40,真是好棒啊,0
2025/3/29 8:40,卖了那么多年了，你现在来说它致癌,1
2025/3/29 8:40,这种可以得癌症的为什么还可以售卖,1
2025/3/29 8:40,幸好卖的贵,1
2025/3/29 8:40,昨天才刚买了两包我是吃还是不吃,0
2025/3/29 8:40,我最爱的黄瓜味,0
2025/3/29 8:40,买薯片还喜欢买乐事的我。。。,0
2025/3/29 8:40,饼干里大多数都有，防止油变质的[捂脸],0
2025/3/29 8:40,都上微博热搜了,0
2025/3/29 8:40,靠了，我给孩子们买薯片只买乐事[打脸],0
2025/3/29 8:41,桶装的没有,0
2025/3/29 8:41,你真是蠢到家。真的。脑回路真蠢。抗氧化剂5克致命。什么概念。你身体排泄不出去。增加风险不死你也脱层皮的意思。你真的蠢的我都乐了,1
2025/3/29 8:41,得癌症比发财简单[灵机一动][灵机一动],1
2025/3/29 8:41,放心吃好吧，你要想超标，你就一天吃几千包，一定能致癌,1
2025/3/29 8:41,就告诉我什么能吃就行了[尬笑],0
2025/3/29 8:41,那为啥他能卖呢,0
2025/3/29 8:41,我最爱吃乐事了[石化],0
2025/3/29 8:41,进口的好像没,0
2025/3/29 8:41,长期过量摄入,0
2025/3/29 8:41,吃吧 一点半点的，别浪费,0
2025/3/29 8:41,天天报没后续,0
2025/3/29 8:41,特丁基对苯二酚很多零食都有,0
2025/3/29 8:41,大部分薯片里面都有！震惊到我了，怎么敢吃！,0
2025/3/29 8:41,我昨天刚买了一袋。。。,0
2025/3/29 8:41,放心吃。 吃的少，屁事没有;吃的多，发胖+营养不均衡，导致的其它疾病会先于癌症把你带走,0
2025/3/29 8:41,找到组织了[尬笑]我也最爱吃这两,0
2025/3/29 8:41,只有吃上好佳的了，我看过，没啥科技,0
2025/3/29 8:42,我考，我吃的最多，哎，真是没人拿食品安全当回事，这么多年了今天才说！,1
2025/3/29 8:42,再致癌，没有工作让人致癌的快[抠鼻][抠鼻],0
2025/3/29 8:42,我家现在还有,0
2025/3/29 8:42,我靠，还有啥能吃,1
2025/3/29 8:42,昨天刚买了一包还没拆封，吃还是不吃[捂脸],0
2025/3/29 8:42,就是让你吃啊，吃有病了好去医院看病啊，没病怎么挣钱,1
2025/3/29 8:42,这东西有时候使用的油品为了防氧化，油品自带这成分，当然如果食品中标注了“含特丁基对苯二酚”算是好厂商了，能明确告知，就怕很多食品不标注。乐事这个用tbhq算是取巧，一眼看不出来。,0
2025/3/29 8:42,"H2O 学名一氧化二氢 
短期大量摄入会导致中毒",0
2025/3/29 8:42,你现在吃的任何食品甚至呼吸的空气都有致癌物质！,0
2025/3/29 8:42,因为蔬菜水果都泡药了，再加上自身基因不好不好。,1
2025/3/29 8:42,各行各业都想要我们老百姓的命[发怒],1
2025/3/29 8:42,我第一反应也是，这玩意市场流通多年，厂家有问题，监管照样有问题,1
2025/3/29 8:42,汽车尾气有重金属镉，想中毒的话必须对着吸一天，你会吗？,1
2025/3/29 8:42,不谈剂量都是耍流氓，tbhq全球都可以用，番茄有毒，茄子有毒，土豆也有毒，茄科类都有毒，一个道理。,0
2025/3/29 8:42,这个东西好多食品都有添加，又不是只有乐事才有，而且人家说的也没错，是符合国家规定的，我们能做的也只能是少吃这些东西吧,0
2025/3/29 8:42,辣条无一避免，没看到哪喝辣条是没有这个东西的,0
2025/3/29 8:42,我不怕，问题是我娃也吃了[捂脸],0
2025/3/29 8:42,哦豁~,0
2025/3/29 8:42,看到你的评论我立刻拿起身边已经吃了一大半的乐事薯片，看了一下配料表，果然最后一个就是TBHQ，刚买了几天，还有一袋没开封的呢，要是能早点刷到这个视频就不买了啊,0
2025/3/29 8:42,怕吗,1
2025/3/29 8:42,为什么不禁用呢？,1
2025/3/29 8:42,它说是国家问题,0
2025/3/29 8:42,天塌了我最喜欢吃的乐事薯片,0
2025/3/29 8:43,尤其是年轻人最爱吃.害下一代罚死这些害人商家,1
2025/3/29 8:43,what？  大哥 我刚炫完4包乐事薯片[恐惧],0
2025/3/29 8:43,这点就有话说了。乐事这么大的品牌，舆论现在才发现？？？？？,1
2025/3/29 8:43,我昨天晚上还说青瓜味好吃，家人说不爱吃还是青柠味的好吃，今天就出现这个新闻。是被监听了还是巧合,0
2025/3/29 8:43,课代表算算吃5克TBHQ要吃多多斤薯片,0
2025/3/29 8:43,靠,1
2025/3/29 8:43,符合国家标准就行[赞],0
2025/3/29 8:43,为什么315只有一天，其它时间都干嘛去了,0
2025/3/29 8:43,我的妈，那我家里那些算什么@,1
2025/3/29 8:43,@品牌镜片折扣王,0
2025/3/29 8:43,这以后还能吃吗？,0
2025/3/29 8:43,可以累计吗？,0
2025/3/29 8:43,补药哇我的薯片,0
2025/3/29 8:43,最愿意吃的黄瓜味，以后再也不能吃了[捂脸],0
2025/3/29 8:44,本来就是国家合法的添加剂,0
2025/3/29 8:44,我真是服了，各行各业都想要我狗命[捂脸],1
2025/3/29 8:44,这都多少年了才发现？,0
2025/3/29 8:44,我最喜欢的薯片….,0
2025/3/29 8:44,一年上一次班[捂脸][捂脸],0
2025/3/29 8:44,有可能这是我们吃过的东西里面最安全的,0
2025/3/29 8:44,185包,0
2025/3/29 8:44,这么可怕吖么,0
2025/3/29 8:44,长期～过量～,0
2025/3/29 8:44,怪不得长癌症的那么多，啥东西也添加长癌症的东西。,1
2025/3/29 8:44,@泡泡好困 @小羊睡不醒orz,0
2025/3/29 8:44,食品安全问题很严重必须彻查严惩,0
2025/3/29 8:44,复合国家标准就不是乐事的事，不符合的话，人家印在包装上，怎么能生产的呢,0
2025/3/29 8:44,那些监督单位全部罚款扣工资,1
2025/3/29 8:45,@小高不高??,0
2025/3/29 8:45,延长的话属于防腐剂吧，很多东西都会用,0
2025/3/29 8:45,突然被爆,0
2025/3/29 8:45,抗氧化剂,0
2025/3/29 8:45,对付活着吧,1
2025/3/29 8:45,哪个孩子都吃过,0
2025/3/29 8:45,这些垃圾食品最好不吃，搞不起哪天暴雷……,0
2025/3/29 8:45,不吃零食 不喝饮料 不喝自来水,0
2025/3/29 8:45,[发呆],0
2025/3/29 8:45,@王王不爱吃肉?? 天塌了呀,0
2025/3/29 8:45,如果是符合国家规定，那就一定不能吃了[捂脸],0
2025/3/29 8:45,呜呜，我也碎了,0
2025/3/29 8:45,@小易Xx. 有些犟种就让他吃@焗麦粒米 @鐔,1
2025/3/29 8:45,生物不是学过，人体自带原癌基因，诱因多了去，一袋薯片才多少克，可以吓唬孩子，不要吓唬自己,0
2025/3/29 8:45,该出手了，再不严查后果很严重啊,0
2025/3/29 8:45,那为什么可以在超市里  从村的菜不行？,0
2025/3/29 8:45,证明一定不能吃了,1
2025/3/29 8:45,少吃市面上卖的东西！,0
2025/3/29 8:45,可能给点钱就不追究了,1
2025/3/29 8:45,我的最爱是不能吃了吗？,0
2025/3/29 8:46,这种标题下次发的时候，顺便查一下这东西是碰之即死，还是过量死，再看看这东西有没有过量。别看到就以为天塌了，少一点这种听风就是雨的视频，网上的流言能少一大半。,0
2025/3/29 8:46,原来可乐姐姐也喜欢,0
2025/3/29 8:46,TBHQ本来就是法律允许添加的，长期过量食用才会致癌,0
2025/3/29 8:46,除非你一次性吃100包，估计就糟了。你会一次性吃100包吗？,0
2025/3/29 8:46,去了一趟超市想买点零食，看了配料表，啥也没敢买,0
2025/3/29 8:46,没有致癌物食品我们不吃,0
2025/3/29 8:46,刚买了……,0
2025/3/29 8:46,婴幼儿配方奶粉里还添加柠檬酸钠呢[捂脸][捂脸][捂脸],0
2025/3/29 8:46,也喜欢吃的,0
2025/3/29 8:46,别爆了，一天爆一个，爆爆不一样，反正都含有，那么爱吃不吃吧,1
2025/3/29 8:47,注意定语长期过量增加患癌风险，你看见这个心情低落致癌风险都比这包薯片高[捂脸],0
2025/3/29 8:47,@木子三少 少买薯片了哦,0
2025/3/29 8:47,我也是[流泪][流泪][流泪][流泪],0
2025/3/29 8:47,长期过量是指多久，每天几包？我是个爱较真儿的人[呲牙][呲牙][呲牙][呲牙],0
2025/3/29 8:47,去医院也是一种消费,0
2025/3/29 8:47,看一眼包装就知道是乐事,0
2025/3/29 8:47,@萝卜,0
2025/3/29 8:47,刚才看家里好几袋，赶紧给扔了,0
2025/3/29 8:47,@龙九爷,0
2025/3/29 8:47,@yaooo @叶子,0
2025/3/29 8:47,还好我买的滇锅锅没有[黑脸],0
2025/3/29 8:47,果然不能吃[看],0
2025/3/29 8:47,没事没事  放心吃  很多零食里都有  这点量不至于,0
2025/3/29 8:47,他的意思是各种食品都有一点说不超标，但每天吃各种东西,0
2025/3/29 8:48,你以为人家靠工资活着的吗？,1
2025/3/29 8:48,即将推出新防腐剂,0
2025/3/29 8:48,只要是零食最好都要少吃,0
2025/3/29 8:48,哎……,0
2025/3/29 8:48,水喝多还水中毒，氧气多了也中毒，抛开剂量谈毒性就是耍流氓，能写在包装上就说明合法，垃圾媒体制造恐慌,1
2025/3/29 8:48,原来换名字了[可怜],0
2025/3/29 8:49,不吃不就好了,1
2025/3/29 8:49,所以国标[捂脸],0
2025/3/29 8:49,我曾经每天一袋现在不碰它了,0
2025/3/29 8:49,一年吃不上一包薯片，我自己不爱吃零食所以给孩子也没买过这些[泪奔],0
2025/3/29 8:49,才研究出它致癌吗？,0
2025/3/29 8:49,我早就不吃乐事薯片了，不只有特丁基对笨二酚，还有核苷酸二钠，导致尿酸升高,0
2025/3/29 8:49,那我吃的少国内食品安全不咋地，不知道的还有好多,0
2025/3/29 8:49,有没有问题也建议少吃,0
2025/3/29 8:50,我家里还有，吃还是不吃,0
2025/3/29 8:50,乐事要倒霉了，,1
2025/3/29 8:50,本来零食都致癌啊,0
2025/3/29 8:50,还是别抛开剂量谈毒性吧,0
2025/3/29 8:50,唉……为何总让我们中毒后再来这个致癌那个致癌的。它们都上架多少年了啊,1
2025/3/29 8:50,那你吃吧，你多吃点,0
2025/3/29 8:50,三十六计的哪一计…,0
2025/3/29 8:50,它脚shui了,1
2025/3/29 8:50,卖这么贵对得起我嘛你 还致癌 其他薯片我都不买就买乐事[捂脸][捂脸]天塌了,1
2025/3/29 8:50,乐事薯片,0
2025/3/29 8:50,福临门的油里面就有,1
2025/3/29 8:50,@唯江旻 不可以吃了,0
2025/3/29 8:51,完了完了～,0
2025/3/29 8:51,哈哈哈哈哈哈,0
2025/3/29 8:51,TB hq是二级，你连一级吸烟都不怕，还怕什么薯片？,1
2025/3/29 8:51,这类新闻能不能只有国家职能部门有权发表，现在的新闻太乱了，不知道哪个是真哪个是假。避免引起不必要的恐慌。,0
2025/3/29 8:51,[发呆],0
2025/3/29 8:51,还有长期过量喝水也不好,0
2025/3/29 8:51,还好我几乎不吃[呲牙],0
2025/3/29 8:51,出厂不管，吃大好几年了有问题，真是服了,1
2025/3/29 8:51,不光乐事，你看看都添加这个，我早就发现了！,0
2025/3/29 8:51,毁了这些孩子们，食品安全刻不容缓！,0
2025/3/29 8:51,辣条，肉类，薯片嘞，那种没添加，都添加得有[泣不成声][泣不成声][泣不成声][泣不成声],0
2025/3/29 8:51,@玛卡巴卡??,0
2025/3/29 8:51,问题是符合国家规定[比心],0
2025/3/29 8:51,以后少吃或者不吃了[眼含热泪],0
2025/3/29 8:51,@沉情 服不服,1
2025/3/29 8:51,孩子们最喜欢,0
2025/3/29 8:51,我靠，我家里还有2罐没有动，还要不要吃[捂脸],0
2025/3/29 8:51,排着队要老百姓的命,1
2025/3/29 8:51,看来不能再吃了,0
2025/3/29 8:51,我赶紧给自己的宝贝看看[比心][比心][比心][比心]看还吃不[比心][比心]中国人就是好，自己人毒死自己人[捂脸][捂脸][捂脸],1
2025/3/29 8:51,开始一个一个的查了[捂脸]他们没偷懒啊[捂脸],0
2025/3/29 8:51,天天一会儿爆这个 一会儿爆那个的 有解决过什么吗？,1
2025/3/29 8:52,也就说一天吃300包乐事薯片，你就会有死亡风险,0
2025/3/29 8:52,符合国家规定,0
2025/3/29 8:52,我也喜欢吃袋袋，特别是黄瓜味的。,0
2025/3/29 8:52,@想投胎当国宝[听歌]不吃了,0
2025/3/29 8:52,超市打特价，好便宜[捂脸],0
2025/3/29 8:52,少吃为好,0
2025/3/29 8:52,我最爱的青柠味儿薯片,0
2025/3/29 8:52,不敢吃了,0
2025/3/29 8:52,每公斤0.2克，没包200克，请问你每天吃能几公斤？？,0
2025/3/29 8:52,噗 原来这么多味道,0
2025/3/29 8:52,都上架这么多年了，现在才曝光，哪里出现了问题懂得人都懂,1
2025/3/29 8:52,为什么现在的食品都要添加这些？难道因为国人太多？,1
2025/3/29 8:52,不是，这个剂量超标了没，不要抛开剂量谈毒性啊,0
2025/3/29 8:52,南街村[看],0
2025/3/29 8:52,弱智新闻别当真,1
2025/3/29 8:52,难道一辈子就吃一小袋，，,0
2025/3/29 8:52,符合规定[呲牙],0
2025/3/29 8:52,我就是[捂脸][流泪],0
2025/3/29 8:53,滚滚滚,1
2025/3/29 8:53,震惊吗？惊讶吗？,0
2025/3/29 8:53,昨晚刚买一包,0
2025/3/29 8:53,幸好我健身把薯片戒了[捂脸],0
2025/3/29 8:53,对但是常吃的也就那么几个,0
2025/3/29 8:53,这算有预谋的谋杀吗,1
2025/3/29 8:53,辛亏平常吃的少,0
2025/3/29 8:53,坑害人,1
2025/3/29 8:53,抛开剂量谈毒性，就是纯纯的坏种,1
2025/3/29 8:53,太好了 各行各业都想要我的狗命??,1
2025/3/29 8:53,北美的乐事没加 我特意去看了一下[捂脸],0
2025/3/29 8:53,治死我们的每一计,1
2025/3/29 8:53,二三十年了才发现，是不是有点晚了,0
2025/3/29 8:53,天天吃，每公斤0.2克，请问你每天能吃多少公斤？,0
2025/3/29 8:53,为什么进入市场了才能被发现？,0
2025/3/29 8:53,36计我不知道，但我觉得应该叫以彼之道还施彼身比较合适[捂脸][捂脸],0
2025/3/29 8:54,我昨晚上才给我儿子买的[微笑],0
2025/3/29 8:54,再也不敢买了[捂脸][捂脸],0
2025/3/29 8:54,无所谓啊，上班当牛马的致癌几率和吃外卖的致癌几率比这薯片高多了,0
2025/3/29 8:54,看了罐装的上面没有[泪奔]还能不能吃[捂脸],0
2025/3/29 8:54,就是就是 我还是会吃的,0
2025/3/29 8:54,只是说有，又没说超标……,0
2025/3/29 8:54,现在就没有安全的食品.只能少吃或者尽量不吃[捂脸],0
2025/3/29 8:54,感觉吃的都致癌,0
2025/3/29 8:54,不奇怪,0
2025/3/29 8:54,应该不算塌吧 看了原视频 专家是说国家规定每公斤不超过0.2g 长期超量摄入会有致癌风险 人家没有超过规定的要求啦,0
2025/3/29 8:54,我就想问一句，国内还有没有对我们没有什么伤害的食品了，难吃点的也行[尬笑],0
2025/3/29 8:54,这么多年了 为什么现在才曝光？,0
2025/3/29 8:55,这么多年放在超市货架上，市场监督部门就不知道,1
2025/3/29 8:55,我就想知道一桶添加0.2，经常吃会不会就累计，摄入的量是不是就会增加，间接得增加了患癌风险呢[抠鼻],0
2025/3/29 8:55,放这个的作用是什么？不放不行嘛？,0
2025/3/29 8:55,要长期一次性吃357包，70g的薯片就会有致命风险,0
2025/3/29 8:55,问题来了，他是怎么通过合格检查的,1
2025/3/29 8:55,薯片以后别吃了，反正也不是非不可得东西,0
2025/3/29 8:55,好好说，长期过量的标准是啥。现在谁都能出来制造点焦虑了[捂脸],0
2025/3/29 8:55,这事，令我想起了当年的霸王洗发水！,0
2025/3/29 8:55,但真的好好吃啊,0
2025/3/29 8:55,幸好我不吃他家的,0
2025/3/29 8:55,@Olk,0
2025/3/29 8:55,我们吃的食品还有安全的吗[捂脸],0
2025/3/29 8:55,家里还有好几包乐事,0
2025/3/29 8:55,不谈剂量谈毒性都是耍流氓…只是说了国家规定0.2g每公斤以下是可以的和摄入5g以上可能有危险。那实际乐事薯片加了多少呢？一句不说。哪怕踩着标准线来，那也得一口气吃25公斤，按常见的70g包装的算也要吃三百五十多包。当然，就算是猪也一口气吃不了五十斤的东西。反正少吃就是。,0
2025/3/29 8:55,死刑,1
2025/3/29 8:55,真的假的,0
2025/3/29 8:55,其他食品里有没有这个添加剂[思考]人一天摄入的添加剂都够撑死一只老鼠的[捂脸],0
2025/3/29 8:55,但还是很好吃啊,0
2025/3/29 8:55,瞒天过海[泪奔],0
2025/3/29 8:55,袋装是原切 桶装是后塑型 偶尔吃一次桶装感觉也挺好吃 原味YYDS,0
2025/3/29 8:55,看到这种都麻木了[尬笑],1
2025/3/29 8:56,我好喜欢乐事黄瓜味的[悠闲][悠闲][悠闲],0
2025/3/29 8:56,可以吃啊,0
2025/3/29 8:56,可恶啊不吃了,1
2025/3/29 8:56,我也爱吃,0
2025/3/29 8:56,买薯片买的都是这个，咋整,0
2025/3/29 8:56,添加剂食腐细菌都能干掉，干掉几个人不是轻轻松松,1
2025/3/29 8:56,乐事的意思就是说：没错，是有这个添加剂，但是是符合国家标准的[看],0
2025/3/29 8:56,但是其他也含呀，如果这样我们只有吃水煮菜了,0
2025/3/29 8:56,没事，该吃吃，吃好几年了才说[看],0
2025/3/29 8:56,你在去看看食用油，很多吃的都要加这个东西,0
2025/3/29 8:56,不吃这玩意,0
2025/3/29 8:56,吃这么多年了都。现在你和我说这个要干嘛,1
2025/3/29 8:56,吃的有毒，穿的有毒，用的有毒，能活到现在真不容易呀！,0
2025/3/29 8:56,那些标着植物油的几乎都有，旺旺旗下的、卫龙旗下的几乎都有特丁基对苯二酚,0
2025/3/29 8:56,正在吃[捂脸]就刷到[偷笑],0
2025/3/29 8:56,看看乐事是不是咱们本土的企业，或者是不是国内占大部分股权，没准就是资本恶意安排的，想当初的莲花味精就被鸡精害了,1
2025/3/29 8:56,改用英文了[捂脸],0
2025/3/29 8:56,是啊,0
2025/3/29 8:56,那是谁在监管[捂脸],0
2025/3/29 8:56,吓得我赶紧吃几片薯片压压惊,0
2025/3/29 8:56,符合国家规定[微笑],0
2025/3/29 8:57,@LayLow,0
2025/3/29 8:57,天津的朋友太远了收到都成渣渣了[暗中观察],0
2025/3/29 8:57,水也有毒，但没人会一口气喝十几斤水真是没头没尾的新闻,0
2025/3/29 8:57,我也有一年没吃了,0
2025/3/29 8:57,是的，只要身大病，基本都是癌症,1
2025/3/29 8:57,刚吃完两罐现在才发出来[流泪],0
2025/3/29 8:57,对啊反正啥都是致癌的,0
2025/3/29 8:57,TBHQ本来就是法律允许添加的，长期过量食用才会致癌,0
2025/3/29 8:57,必杀技,0
2025/3/29 8:57,干脆面里都有，油炸食品大多数都有，方便面薯片啥的,0
2025/3/29 8:57,吃病了正好去医院,1
2025/3/29 8:57,可是国家允许使用诶[抠鼻],0
2025/3/29 8:57,不敢吃了,0
2025/3/29 8:57,对。食用油里也有。应该是在国家标准里吧。要不然不能这么多东西都添加,0
2025/3/29 8:57,听说国标是最低标准！,0
2025/3/29 8:57,[赞]所以他超标了吗,0
2025/3/29 8:58,对啊,0
2025/3/29 8:58,其实我之前就有意识到特丁基对苯二酚，买零食的时候都会看，但是好多零食都有这个不过乐事确实垃圾,1
2025/3/29 8:58,啊这可是我最喜欢的薯片,0
2025/3/29 8:58,哈哈,0
2025/3/29 8:58,哪怕踩线添加，也要吃50斤才有5g,0
2025/3/29 8:58,那为啥要长期摄入？,0
2025/3/29 8:58,是吧,0
2025/3/29 8:58,啥都不能吃[流泪][流泪][流泪],0
2025/3/29 8:58,旺旺里面都是呀,0
2025/3/29 8:58,@颖?? [我想静静],0
2025/3/29 8:58,能活着真不容易[呲牙],0
2025/3/29 8:58,不合格为啥要上市，这不是矛盾吗？,1
2025/3/29 8:58,对于喜欢吃膨化食品的确实很灾难,0
2025/3/29 8:58,??,0
2025/3/29 8:58,[发怒]这还有什么能吃，合格谁规定？医院越修越大，药店越来越多谁的问题？,1
2025/3/29 8:58,我酷爱吃芥末味儿的[呲牙],0
2025/3/29 8:58,@丑八怪??,1
2025/3/29 8:58,放心吧，我记算过了，一次性吃25千克才能中毒,0
2025/3/29 8:58,乐事袋装的之前没有，原味的配料表还挺干净的，小孩挺喜欢吃的。后来大概是24年开始陆续换了新包装，就含了TBHQ，后来就再也不让小孩吃了。 虽说单这一样的添加量确实符合国家标准，但基本上市面上的所有东西都有各种各样的添加剂，叠加了之后这个剂量绝对不安全,0
2025/3/29 8:58,都是符合国家标准的怕啥 反正我不喜欢吃,0
2025/3/29 8:59,因为他是属于可以添加的,0
2025/3/29 8:59,这不严查乐事薯片，还留着啥用,1
2025/3/29 8:59,有人搞事情罢了,1
2025/3/29 8:59,@亲?? @躲猫猫,0
2025/3/29 8:59,食品细查，还有能吃的么，添加化学成分的有好的么,0
2025/3/29 8:59,所有食品超过六个月的大部分都不安全,0
2025/3/29 8:59,那还不下架,1
2025/3/29 8:59,既然有毒为什么能生产上市这么多年？生产的没事，监管的没责，最后买家承担所有责任,1
2025/3/29 8:59,查源头，有致癌物还能通过关关检测，食品安全怎么检测的,0
2025/3/29 8:59,感觉现在啥都不能吃了[捂脸],0
2025/3/29 9:00,卧槽，原味青柠味的吃了一卡车了[流泪],0
2025/3/29 9:00,意思是对身体健康没一点影响了？,0
2025/3/29 9:00,我要说 我从来不吃这东西你们信吗，就感觉不好吃,0
2025/3/29 9:00,乐事是哪家的公司？“公知们”一个个在这咋咋呼呼的叫屈！如果是国产的，估计这会就跟当初整莲花味精一样抨击的歇斯底里了，这又是收了多少叫嚣冤屈费了？,1
2025/3/29 9:00,牛逼[捂脸][捂脸][捂脸][捂脸][捂脸],0
2025/3/29 9:00,这个好像大部分零食都有添加吧？[泪奔][泪奔][泪奔],0
2025/3/29 9:00,[赞][赞][赞]科普工作任重道远,0
2025/3/29 9:00,@任瑶瑶,0
2025/3/29 9:00,今天吃两袋这个，添加着致癌的，明天吃两袋那个，也添加着，这是不是长期食用。所以食品没特么什么安全可言的。要是稍微能管一管食品安全，都不至于有这么多癌症了。,1
2025/3/29 9:00,哈哈,0
2025/3/29 9:00,咋天给4岁的儿子买了一袋[流泪][流泪][流泪],0
2025/3/29 9:00,我一直在吃，怎么办,0
2025/3/29 9:00,反正哪个也有毒，防不胜防。,1
2025/3/29 9:00,哈哈哈哈,0
2025/3/29 9:01,袋装比桶装好吃,0
2025/3/29 9:01,不谈剂量谈毒性,0
2025/3/29 9:01,为什么我不喜欢乐事，别说一口下去了，拿一片我都感觉满手是油[困],0
2025/3/29 9:01,食品不是有监督局吗，检测合格了才上市场。为什么上了我还经常吃[捂脸]才说这个,0
2025/3/29 9:01,处于温饱的人会买4-6元一袋的薯条吗？,0
2025/3/29 9:01,目前还是安全的,0
2025/3/29 9:01,上市时候不查  然后这事那事的,1
2025/3/29 9:01,@?? [暗中观察],0
2025/3/29 9:01,重点，过量长期摄入！！一次吃50斤薯片才能过量，我吃两口就腻了[捂脸],0
2025/3/29 9:01,我只喜欢子弟薯片[捂脸],0
2025/3/29 9:01,那么请问，为什么都有毒还能大量售卖,1
2025/3/29 9:01,经典不论剂量谈毒性,0
2025/3/29 9:01,[捂脸][捂脸][捂脸],0
2025/3/29 9:01,我儿子最喜欢吃乐事[捂脸][捂脸][捂脸],0
2025/3/29 9:01,很多食品里面都有好吧,0
2025/3/29 9:02,哎,0
2025/3/29 9:02,@小满小满_ 我还经常吃,0
2025/3/29 9:02,原来你id里的薯片是乐事薯片,0
2025/3/29 9:02,劳资命真大[发呆],0
2025/3/29 9:02,甲亢哥来中国就吃了,1
2025/3/29 9:02,但我感觉桶装比袋装好吃诶,0
2025/3/29 9:02,抛开剂量谈毒性[泪奔],0
2025/3/29 9:02,去相关部门反应反应啊[抠鼻][抠鼻],1
2025/3/29 9:02,和百姓说有什用，真正的问题是符合国家标准,1
2025/3/29 9:02,@木有盖盖,0
2025/3/29 9:02,我最喜欢的零食这个月吃了六桶，每年吃几十桶都有,0
2025/3/29 9:02,经常吃[看],0
2025/3/29 9:02,吃什么都有毒，没发现嘛，癌症的越来越多,1
2025/3/29 9:02,@吧啦啦小魔仙,0
2025/3/29 9:02,我家经常吃，,0
2025/3/29 9:03,真的假的啊,0
2025/3/29 9:03,和我女儿一样，吃那个黄瓜味的,0
2025/3/29 9:03,这个到底还能吃吗,0
2025/3/29 9:03,小命就一条，各行各业都想要,0
2025/3/29 9:03,难怪现在超市这个暑片特价12元两瓶,0
2025/3/29 9:03,这个是抗氧化剂，除非你不吃外面的包装食品，几乎所有的油都会添加这种抗氧化剂,0
2025/3/29 9:03,太强行解释了,1
2025/3/29 9:03,吃盐超过1斤也会死,0
2025/3/29 9:03,家里有小孩的还是多看看配料表吧，那些零食的各种添加真的就是在毒害小孩。为什么现在医院里小孩子血液病和ca那么那么多，很多都是吃出来的。尤其各种非纯牛奶的奶饮品，饮料，袋装面包类，都有很多防腐剂这些，太丧良心了,0
2025/3/29 9:03,@深山老羊驼??,0
2025/3/29 9:03,到底还有什么能放心吃放心用,1
2025/3/29 9:03,我的天我也爱吃薯片,0
2025/3/29 9:03,没事，少吃点就行了,0
2025/3/29 9:03,这些b媒体总喜欢抛开剂量谈毒性，啥东西都是适量就行，过量肯定不好。说难听点你吃薯片吃到撑死都比这患癌风险高,1
2025/3/29 9:03,有个好的作息时间，偶尔去锻炼比什么都强，这些新闻骗傻子用的，标记起来，以后卖纯天然保健品[看],1
2025/3/29 9:03,那又如何！！司空见惯了，不都在正常销售么,0
2025/3/29 9:03,怎么可以这样[泪奔]我最喜欢吃了[泪奔],0
2025/3/29 9:04,妈耶！以后要少吃,0
2025/3/29 9:04,我喜欢原味怎么背刺我们,1
2025/3/29 9:04,@东门黄焖鸡,0
2025/3/29 9:04,超市里绝大多数零食都有，尤其是面包方便面没必要大惊小怪,0
2025/3/29 9:04,国家不能抓抓食品吗，这个有问题，那个不能吃的， 有问题就不要放在柜台上让人家买,0
2025/3/29 9:04,空气也有毒[看],1
2025/3/29 9:04,最好少吃不吃 致癌,1
2025/3/29 9:04,我儿子吃番茄味的[捂脸],0
2025/3/29 9:04,吃什么都不安全了,0
2025/3/29 9:04,这下好了，我连唯一都失去了[衰],1
2025/3/29 9:04,@L just called me [看][看][看],0
2025/3/29 9:04,流入市场之前请问你们干嘛去了[翻白眼],1
2025/3/29 9:04,你随便报，我随便吃,0
2025/3/29 9:04,@@干嘛干嘛,1
2025/3/29 9:05,让我怎么 避 开啊,0
2025/3/29 9:05,@??nan,0
2025/3/29 9:05,啥都不安全了,0
2025/3/29 9:05,云南那个火腿月饼里也有,0
2025/3/29 9:05,糟糕，我比较喜欢吃啊,0
2025/3/29 9:05,活的如履薄冰！各行各业都想要我的命，最后是医药行业收尾[捂脸][捂脸][捂脸],0
2025/3/29 9:05,发现了就下架不要卖了啊,0
2025/3/29 9:05,别长期过量吃就行了,0
2025/3/29 9:05,跟扫黑除恶一样扫一下食品安全好吗,0
2025/3/29 9:06,乐事是国内的吗？,0
2025/3/29 9:06,现在没事 不代表老年没问题，这都是积累的。慢性毒药,1
2025/3/29 9:06,我儿子最近吃的就是乐事[流泪][流泪][流泪][流泪],0
2025/3/29 9:06,全世界都想要么的明[泪奔],0
2025/3/29 9:06,茶都不行了？,1
2025/3/29 9:06,不抓人判刑？,1
2025/3/29 9:06,国家为什么要允许,0
2025/3/29 9:06,什么都不能吃，吃什么,0
2025/3/29 9:06,以毒攻毒,1
2025/3/29 9:06,玩求了，吃了这么多年，赶快再去买几包，以后怕是吃不到了，我的意大利香浓红绘,0
2025/3/29 9:06,生产的时候怎么不查[打脸],1
2025/3/29 9:06,对啊,0
2025/3/29 9:06,乐事得罪谁了？,0
2025/3/29 9:06,太可怕了,0
2025/3/29 9:06,还好我吃的比较少,0
2025/3/29 9:06,日本的食品也有添加剂吗,0
2025/3/29 9:07,还好，不天天吃就没事啊。,0
2025/3/29 9:07,[裂开]太难了,0
2025/3/29 9:07,天呐，昨天刚给我女儿买一桶吃了一半了,0
2025/3/29 9:07,强行？那你可以看看其他的，抛开剂量只说毒性？,1
2025/3/29 9:07,符合国标添加剂标准，无解,0
2025/3/29 9:07,不是要钱就是要命,1
2025/3/29 9:07,哈,0
2025/3/29 9:07,对,0
2025/3/29 9:07,所以为什么国家允许这种东西售卖,1
2025/3/29 9:07,擦，又放弃一样我的最爱[打脸],1
2025/3/29 9:07,我也觉得,0
2025/3/29 9:07,还不如抽烟呢，,1
2025/3/29 9:07,对啊,0
2025/3/29 9:07,@想我了莓?? 以后不吃惹[尬笑],0
2025/3/29 9:07,一口我也不止5g了,0
2025/3/29 9:07,哈哈,0
2025/3/29 9:07,前两天才买了10多包[笑哭],0
2025/3/29 9:07,少吃,0
2025/3/29 9:07,0.2克/千克，5克会致命，吃50斤薯片然后死了，我觉得不是毒死的，是撑死的[呆无辜],0
2025/3/29 9:07,我家也是,0
2025/3/29 9:07,小孩少吃吧，这都积累的。,0
2025/3/29 9:08,陪一根,1
2025/3/29 9:08,是的,0
2025/3/29 9:08,实在不行人类毁灭吧！,1
2025/3/29 9:08,我吃上好佳[泪奔],0
2025/3/29 9:08,嗯嗯,0
2025/3/29 9:08,那为什么可以卖，国家允许的,0
2025/3/29 9:08,符合国家标准，吃吧，没事的。我自己就是食品专业的，乐事也是严格执行国家标准，添加量也是再标准没，你要是吃其他零食，还没它安全,0
2025/3/29 9:08,我滴天，我昨晚才刚吃完，乐事你整这出。,0
2025/3/29 9:08,我给 孙女买过好几次[流泪][流泪][流泪],0
2025/3/29 9:08,生产的时候不知道吗？吃了那么多年才发现？,1
2025/3/29 9:08,抛开剂量谈毒性，喝水都能中毒,1
2025/3/29 9:08,@啵啵啵仙女,0
2025/3/29 9:09,@美丽温柔又有钱 啊 我最爱的乐事,0
2025/3/29 9:09,旺旺雪饼里有很多辣条也有,0
2025/3/29 9:09,怪不得吃了乐事薯片我过敏浑身发痒。,0
2025/3/29 9:09,@yi～颗糖￡ 我最喜欢的乐事薯片,0
2025/3/29 9:09,符合标准,0
2025/3/29 9:09,是国家标准出了问题了吗？,0
2025/3/29 9:09,家里还有好几包没吃呢？[捂脸],0
2025/3/29 9:09,我去，这么贵还致癌？国家这到底在干什么,1
2025/3/29 9:09,妈耶 吃了好多了[流泪][流泪],0
2025/3/29 9:09,你还想人家怎样，就上一天班哪能忙的过来[捂脸][捂脸],0
2025/3/29 9:09,啊！！！我柜子里还有一包,0
2025/3/29 9:09,[发怒][发怒]有致癌物还不下架？？,1
2025/3/29 9:09,一年吃不了三袋，昨天下午刚塞完两包，今个刷到，完美,0
2025/3/29 9:09,握草,1
2025/3/29 9:09,命只有一条，各行各业都想要[泪奔],0
2025/3/29 9:09,好[灵机一动],0
2025/3/29 9:09,ztm的，现在啥能吃，买个东西看配料表累死个人,1
2025/3/29 9:09,摄入超5克，不是被毒死的而是撑死的,0
2025/3/29 9:10,"好吧，原来有问题的是""国家标准""",0
2025/3/29 9:10,乐事评论区都关了，做贼心虚,1
2025/3/29 9:10,转移计,1
2025/3/29 9:10,我姑娘同学送她的生日礼物，那么一大包，十几袋，不知道咋办[晕],0
2025/3/29 9:10,相信国家,0
2025/3/29 9:10,就这一条命，各行各业都想要[笑哭],0
2025/3/29 9:10,我昨天刚买了四罐黄瓜味的[尬笑],0
2025/3/29 9:10,抛开剂量谈毒性的都是扯蛋 你看四川观察他说了吗,0
2025/3/29 9:10,螺蛳粉 方便面 冲泡食品都有 只是有些人不会看,0
2025/3/29 9:10,我看见好多零食都有这个特丁什么基的,0
2025/3/29 9:10,吃了这么久为什么现在才查出来[发怒][发怒][发怒][发怒][发怒],1
2025/3/29 9:11,还加了阿斯巴甜[尬笑],1
2025/3/29 9:11,我只要吃乐事就肚子疼，第一次以为是错觉，又吃换了口味，总共三次每次吃都肚子疼，从此以后就再也没吃过了,0
2025/3/29 9:11,@名利双收（????版） [尬笑]真的无语了,1
2025/3/29 9:11,我外甥最喜欢吃乐事原味薯片了，我还给他成箱的买[流泪][流泪][流泪],0
2025/3/29 9:11,这个配料表最短，还以为最干净，结果[捂脸],0
2025/3/29 9:11,吃都吃完了[噢买尬],0
2025/3/29 9:11,外国早就禁止使用了[捂脸],0
2025/3/29 9:11,能有问题吗，那能让人人都长寿，退休工资得多少钱[鄙视],1
2025/3/29 9:11,都懒得骂你，这东西你身体没法完全代谢出去，就算量少也会日积月累的，你喝水代谢不出去？真是闹麻了[尬笑],1
2025/3/29 9:11,现在能让你看见添加剂还是好的，曝光了后就只能看到香精香料或者复合调味料了，都隐藏了，唉,0
2025/3/29 9:11,[捂脸]，没活路了[尬笑],0
2025/3/29 9:11,我靠，我家孩子经常吃这一款，尤其是青柠味和黄瓜味[酷拽][酷拽][酷拽],0
2025/3/29 9:11,国家规定是医院定的,0
2025/3/29 9:11,众所周知，大量摄入氧化氢有中毒可能，且临床死亡患者死前均摄入过,1
2025/3/29 9:11,哦哦哦，你这条洗白多少公关费啊,1
2025/3/29 9:11,我感觉都是竞争对手再互撕,1
2025/3/29 9:11,五克[捂脸]，这个是一次性要吃多少薯片啊[抠鼻]。和皮蛋腊肉香肠比一下，哪个更加致癌[抠鼻]。,0
2025/3/29 9:12,你要说是小厂子  不好查  不好监管  我还可以理解   这么个大公司还不查吗   还是这个添加符合国内的食品添加的标准,1
2025/3/29 9:12,还好我家孩子从小到现在都不吃薯片,0
2025/3/29 9:12,当然了，锻炼也有副作用，适量,0
2025/3/29 9:12,人不死就合格[捂脸],1
2025/3/29 9:12,吃了太多了[流泪][流泪]让企业倾家荡产赔付消费者[发怒]不死刑没人会怕[发怒][发怒],1
2025/3/29 9:12,卖这么多年吃这么多年 ，，想起来了， ，[抠鼻][抠鼻][抠鼻][抠鼻][抠鼻],0
2025/3/29 9:12,真的太可怕了,0
2025/3/29 9:12,卖这么贵你还这样！[泪奔],1
2025/3/29 9:12,五香瓜子辣条里全都有,0
2025/3/29 9:12,咖啡因也致癌。,0
2025/3/29 9:12,@zzz年糕锅锅_3to3,0
2025/3/29 9:12,该吃吃该喝喝，你吃到他中毒剂量之前，你就先被撑死了,1
2025/3/29 9:12,那咋不说每百克添加多少？抛开剂量喝水也能嘎呢,1
2025/3/29 9:13,电离辐射电脑,0
2025/3/29 9:13,那款食品敢说没有,0
2025/3/29 9:13,还好还好，我不爱吃,0
2025/3/29 9:13,[机智][机智][机智],0
2025/3/29 9:13,关键在于是否能代谢掉，不能的话就会在体内累积起来,0
2025/3/29 9:13,还好基本不吃,0
2025/3/29 9:13,@执着 不要给小王买了，吃太多了,0
2025/3/29 9:13,太年轻了，现在他们配量表都不写了[大笑],1
2025/3/29 9:13,请看@吕吕吕,0
2025/3/29 9:13,国家规定为什么允许企业往食品里添加这些致癌物？,1
2025/3/29 9:13,我最喜欢的薯片啊[泪奔]处处都想要我命,0
2025/3/29 9:13,@lawyer. 我刚吃,0
2025/3/29 9:13,我不信，可比克就没有了啊,0
2025/3/29 9:13,没有啊宝宝我只是实话实说 零食这种东西本来就是必需品哇,0
2025/3/29 9:14,符合国家规定！,0
2025/3/29 9:14,虽然我们不天天吃薯片，抵不住基本所有东西都含有各种添加剂致癌物啊,0
2025/3/29 9:14,@Kingsley,0
2025/3/29 9:14,50斤要买多少包[笑哭],0
2025/3/29 9:14,我追线下全靠它,0
2025/3/29 9:14,你以为只有垃圾食品爆雷吗[泣不成声][泣不成声][泣不成声],1
2025/3/29 9:14,这个是抗氧化的，在大部分油类产品中都有。,0
2025/3/29 9:14,符合国家规定有什么问题，要不看看咖啡因,0
2025/3/29 9:14,年前在辛巴直播间还买了一箱呢，到现在还没吃完，你这让我情何以堪[抠鼻],0
2025/3/29 9:14,我昨天刚给孩子买了四袋还吃吗,0
2025/3/29 9:14,@魚丸,0
2025/3/29 9:14,@不懂 爱 [尬笑],0
2025/3/29 9:14,原来老喜欢吃这个薯片儿了,0
2025/3/29 9:14,我不信这些，前几天还说酱油有致癌物呢,0
2025/3/29 9:14,本来就是垃圾食品，没有这个，也有那个，少吃是王道[大笑],1
2025/3/29 9:14,@就叫叁金吧,0
2025/3/29 9:15,从来不吃乐事，嘟是淀粉做的,0
2025/3/29 9:15,我这以后东西还啥敢吃了，啥也不敢吃了,0
2025/3/29 9:15,为什么这些致癌物都 符合国家标准？,0
2025/3/29 9:15,以后还是少吃零食吧，自己做吧,0
2025/3/29 9:15,我吃了那么多年还活着 说明身体好？,0
2025/3/29 9:15,我超爱吃的薯片 还能吃哪款,0
2025/3/29 9:15,@乐事官方微博,0
2025/3/29 9:15,我家还有六桶装的黄瓜??味的没吃[尬笑],0
2025/3/29 9:15,主要生活中不止这一个东西致癌，衣食住行叠加，所以癌症年轻化[捂脸]就像每个月只看房贷也没多少，只买衣服也没花多少，只看聚餐也没多少，只说水电费也没多少，最后加起来就让人存不住钱,0
2025/3/29 9:15,看到你这个想了一下确实是 人人处处有大坑 差不了这半点,0
2025/3/29 9:16,我也买了，照吃不误[捂脸]只能以后少吃,0
2025/3/29 9:16,别污蔑咖啡啊，咖啡是预防癌症的。,0
2025/3/29 9:16,@星河漫漫?,0
2025/3/29 9:16,国家规定吃不死就行,1
2025/3/29 9:16,现在什么还能吃,0
2025/3/29 9:16,我去，咱们还能活吗,1
2025/3/29 9:16,不光乐事，旺旺小小酥也有啊！还有蒜香青豆，包括仙贝……等，很多酥脆的零食都有啊！要禁用就禁用怎么还抓住哪个是哪个呢！没捉住的呢？你是保护伞吗,1
2025/3/29 9:16,他妈的 还特爱吃这个薯片[尬笑],1
2025/3/29 9:16,最喜欢青柠味的薯片,0
2025/3/29 9:16,那为什么让出厂呢 [酷拽],1
2025/3/29 9:16,不吃啦,0
2025/3/29 9:16,[憨笑],0
2025/3/29 9:16,不查的也不一定没事[尬笑],1
2025/3/29 9:16,杜绝一切添加剂！,0
2025/3/29 9:16,慢性毒药,1
2025/3/29 9:16,妈耶我之前都是吃的这个牌子,0
2025/3/29 9:17,长期过量摄入，这几个字你是一个都听不进去,1
2025/3/29 9:17,为什么没有全面禁止使用呢？还在生产出来销售！,1
2025/3/29 9:17,单人单次，得吃 ［50斤］ 薯片，即会被毒死[赞],1
2025/3/29 9:17,卖了那多年了才发现[捂脸],0
2025/3/29 9:17,[呆无辜]因为符合国家标准，一直都有啊，以为现在才查出来？你可以说国标太松了，但你不能说他不合规。,0
2025/3/29 9:17,国家认可了的,0
2025/3/29 9:17,就问：还有什么东西能吃[尬笑],0
2025/3/29 9:17,没人管自己的死活   以后就得自己甄别   多了不敢说,1
2025/3/29 9:17,一公斤0.2克，请问你要吃多少薯片,0
2025/3/29 9:17,气人有毒还生产气人??,1
2025/3/29 9:17,像这种大集团 过两天就会出澄清的公告了 老百姓都是跟着媒体走的,0
2025/3/29 9:18,@枫叶??,0
2025/3/29 9:18,这东西一半的零食里都有，怎么现在才爆出来[看],0
2025/3/29 9:18,啊[捂脸][捂脸],0
2025/3/29 9:18,见怪不怪了，允许生产，却不能食用[我想静静][我想静静][我想静静]人口少的最大原因之一,1
2025/3/29 9:18,只谈毒性不谈剂量是吧,1
2025/3/29 9:18,嫌它比别的薯片贵一直不吃乐事[猪头],1
2025/3/29 9:18,所以下架了吗？,0
2025/3/29 9:18,那你多吃点[呲牙],0
2025/3/29 9:18,云南人从小吃子弟土豆片,0
2025/3/29 9:19,偶买嘎，再也不敢买了,0
2025/3/29 9:19,没吃过,0
2025/3/29 9:19,剂量是多少？,0
2025/3/29 9:19,国家能不能管一管？,1
2025/3/29 9:19,差不多每种零食都有,0
2025/3/29 9:19,昨天才买了三个 吃还是不吃？[捂脸][捂脸][捂脸],0
2025/3/29 9:19,哎[捂脸],0
2025/3/29 9:19,刷到好多好多，都是多了会致癌有毒之类的，但是添加量又说没到吃了就有事的地步，符合标准。一开始还觉得没啥，后来才发现，吃的用的都是这说法，量再少也经不住那么多东西都是量少但是多了有毒吧[捂脸][捂脸][捂脸],0
2025/3/29 9:19,我只吃子弟,0
2025/3/29 9:19,这是进了水军窝了吗？怎么跟国内出类似添加致癌添加剂事件的态度截然不同啊咋滴？外国品牌有护盾吗？那我拿出m豆的二氧化钛阁下又该如何应对,1
2025/3/29 9:19,关键是致什么癌，有些天然蔬菜也致癌，这些话题有时候也致癌,0
2025/3/29 9:19,我还有两筒没有吃，是零食点打折囤的，怎么办[捂脸][捂脸],0
2025/3/29 9:19,吃一次不会让你的身体出问题，但是你吃多了，慢慢会让你的身体出问题 [尬笑],0
2025/3/29 9:19,@豆芽菜╮ @零度去看海 @小周先生 @佳宝???? @一直在路上?? 还能吃啥子[发呆],0
2025/3/29 9:19,"很多食品里都含有（比如辣条）
所以那些怼你的，背后身份可想而知。",1
2025/3/29 9:19,@安吉丽娜·猪,1
2025/3/29 9:19,小题大做。打开所产品吃多东西那个安全。。癌症的人是不是都吃了薯片,1
2025/3/29 9:19,天花板的规定,0
2025/3/29 9:20,然后一直呆在你的体内,1
2025/3/29 9:20,无所谓反正我只吃云南薯片[微笑],0
2025/3/29 9:20,该吃吃，现在一堆宣扬添加剂的危害，那你倒是研发出不含添加剂却好吃得东西出来啊，,1
2025/3/29 9:20,天呀，最爱吃乐事薯片，前几天刚吃五包[抠鼻],0
2025/3/29 9:20,得亏我没买过，不投资钱,0
2025/3/29 9:20,@砂糖橘huhu 我也[流泪],0
2025/3/29 9:20,大部分瓜子有些坚果类还有含油的什么的里面其实都有，要不怎么防止油坏，地里的土豆可能下一步都不安全，不是大剂量就闭眼吃吧，又是病毒又是核污染又是食品安全的，谁知道能活到哪天,0
2025/3/29 9:20,不查源头，查买的,1
2025/3/29 9:20,@Y．,0
2025/3/29 9:21,何止薯片 现在还有什么是可以吃的,0
2025/3/29 9:21,回复@猴赛雷EX:活到了你自沙吗？,1
2025/3/29 9:21,零食不能吃  水果不能吃   蔬菜不能吃 肉虾鱼不能吃  啥是健康的可以吃,0
2025/3/29 9:21,多出去看看吧，眼见的更真实,0
2025/3/29 9:21,[捂脸],0
2025/3/29 9:21,吃多了总归不好呗 就算没得病  咱们这身体吃这添加剂那添加剂的 早晚老了也得得病,0
2025/3/29 9:21,有点可怕,0
2025/3/29 9:21,[捂脸][捂脸],0
2025/3/29 9:21,三四层楼那么高,0
2025/3/29 9:21,@捕影 @小泡泡 @GYY @周西西西西子 @南蕴 @淇淇?? [石化][石化][石化][石化],0
2025/3/29 9:21,完蛋[尬笑],1
2025/3/29 9:21,好多零食都有,0
2025/3/29 9:21,我真的不理解这些评论区的人哈，有没有看完视频，哪怕他按照国家最大添加剂量加，你要吃到5克的量，你得吃25kg你得吃多少薯片啊？食品添加剂抛开剂量去说很多都是有问题的，所以我不知道你们在这断章取义说什么，别人又没有违规添加或者是过量使用,0
2025/3/29 9:21,从来不吃油炸食品,0
2025/3/29 9:21,噜咪啦超好吃[看],0
2025/3/29 9:21,空气和水都不安全,0
2025/3/29 9:21,人又不是天天都吃薯片[憨笑][赞],0
2025/3/29 9:22,是不是薯片里都有,0
2025/3/29 9:22,应该把,1
2025/3/29 9:22,一次多吃几袋，就超标了[看],0
2025/3/29 9:22,烟酒都一级致癌物，大把人天天抽烟喝酒都没死了。他们都死了么？死了么？先把金龙鱼的油罐车查清楚了行不？,1
2025/3/29 9:22,那还能吃吗？,0
2025/3/29 9:22,这也不能吃那也不能吃，危言耸听,1
2025/3/29 9:22,就不能不放吗，保质期短点也行啊,0
2025/3/29 9:23,还好不喜欢不吃薯片,0
2025/3/29 9:23,我,0
2025/3/29 9:23,过量喝水一样有毒[看],0
2025/3/29 9:23,超市为什么还有得卖[捂脸],0
2025/3/29 9:23,我俩孩子才买了，一人10几袋还没吃完，剩下的是吃还是不吃[捂脸],0
2025/3/29 9:23,主演双标很恶心，美国产的都没有,1
2025/3/29 9:23,不打利益战。这事就没人管。[赞][赞][赞][赞],1
2025/3/29 9:23,符合国标。国家说了可以吃，总比那些连配料表都造假，但却没人敢提的好,1
2025/3/29 9:23,刚买的[捂脸][捂脸],0
2025/3/29 9:23,大惊小怪的，这玩意儿吃的还少吗？只要是零食各种添加剂防腐剂都是不可避免的。,1
2025/3/29 9:23,刚才还想买，忍住了,0
2025/3/29 9:23,不谈剂量谈作用不就是耍流氓嘛。再说乐事的含量符合规定，咋就不能吃。吃就完事了,1
2025/3/29 9:23,吓得我赶紧狂炫了20包,0
2025/3/29 9:23,这个破玩意添加剂很多视频都有,1
2025/3/29 9:23,乐事你背刺我[噢买尬],1
2025/3/29 9:24,你多吃点哈[玫瑰],0
2025/3/29 9:24,@饭团,0
2025/3/29 9:24,@wǒ有点儿不乖,0
2025/3/29 9:24,3.15刚过,0
2025/3/29 9:24,这个行业就应该让老百姓来监管，省得一些人拿着钱不办人事,1
2025/3/29 9:24,昨天才吃了乐事青柠味的[泪奔],0
2025/3/29 9:24,5克要吃多少盒才能凑齐,0
2025/3/29 9:24,甲硝唑？医生叫我吃一个月我能告他吗,0
2025/3/29 9:24,人家配方一直都没改过 几十年的品牌了 为什么现在才爆 ,0
2025/3/29 9:24,很多都有，告诉大家孩子爱吃的旺旺全部都有,0
2025/3/29 9:24,这不是美国牌子吗,0
2025/3/29 9:24,我昨天买了3袋,0
2025/3/29 9:24,我昨天去买瓜子。几乎一大半瓜子都有这个。远了半天才选到一袋啥也没有的添加剂的。。。,0
2025/3/29 9:24,这种东西我从来不吃,0
2025/3/29 9:25,真的要把嘴巴封上了，啥都不能吃[捂脸],0
2025/3/29 9:25,处处是毒,1
2025/3/29 9:25,我家也是的，现在还有3桶放着呢。[酷拽],0
2025/3/29 9:25,一样呢[捂脸],0
2025/3/29 9:25,结论就是吃不死,1
2025/3/29 9:25,也是我爱吃的，我要看看我的辣条薯片有没有[泣不成声][泣不成声],0
2025/3/29 9:25,我昨天买了3袋,0
2025/3/29 9:25,@小明 不能吃这个了,0
2025/3/29 9:25,乐事是垃圾，多简单的结论[捂脸],1
2025/3/29 9:25,这，，嗯。我的薯片,0
2025/3/29 9:25,美国版的乐事没有,0
2025/3/29 9:25,你就看看你家有哪个能吃的东西抖音刷不到有问题的，你要说十三香，那不说啥了，十三香吃到饱吧[捂脸],1
2025/3/29 9:25,过完315忽然觉得自己真结实[捂脸],0
2025/3/29 9:25,@?? @ACE @整点薯条_ @废柴阿狸 @郭1234 @炸鸡爱喝可乐 @~ [石化][石化][石化],0
2025/3/29 9:25,好吃的都是有添加剂的，不好吃的都是家里的菜：只放油和盐,0
2025/3/29 9:25,你们就把我们毒毒死吧,1
2025/3/29 9:25,卫生巾都造假，食品添加剂又算得了啥？,1
2025/3/29 9:26,现在高科技那么多了……[听歌],0
2025/3/29 9:26,[泣不成声],0
2025/3/29 9:26,天塌了……我最喜欢吃乐事了薯片了[泣不成声],0
2025/3/29 9:26,这是都想搞死我啊[捂脸]一条贱命都不放过,1
2025/3/29 9:26,学会看配料表，懂了你会发现能让你安全健康的零食少之又少，就这样你远离零食，就这样你开始好好吃饭喝茶，就这样就开始健康了，当然还要不熬夜不伤心哈,0
2025/3/29 9:26,不差这一盒[呲牙],0
2025/3/29 9:26,@??白桃乌乌茶? @心音 @绿意盎然,0
2025/3/29 9:26,但是很多糖和瓜子里面都有这个成分,0
2025/3/29 9:26,不吃乐事,0
2025/3/29 9:26,看过国外博主拍过超市里的金龙鱼，标着有致癌风险，不知真假，总之不吃就对了！国内的有些直接注明转基因大豆油[尬笑],1
2025/3/29 9:26,添加不说，还死贵！,1
2025/3/29 9:26,我已经戒零食了,0
2025/3/29 9:26,每一次都是这句,0
2025/3/29 9:26,真是呢,0
2025/3/29 9:26,美国版的没有,0
2025/3/29 9:26,茶？,0
2025/3/29 9:26,人家说的是TBHQ达到5g，你一口能吃5gTBHQ？,1
2025/3/29 9:27,咱也不知道 315 的作用是啥，就是告诉你有毒，但是就是不改正，还能继续卖,1
2025/3/29 9:27,他说了一包的量是多少了吗？这种傻子也信。,1
2025/3/29 9:27,@Cymric [蜜蜂狗],0
2025/3/29 9:27,不懂就问乐事是那个国家的,0
2025/3/29 9:27,以后再也不敢吃了,0
2025/3/29 9:27,我要看看最后谁能拿走我这条命,1
2025/3/29 9:27,太阳光紫外线是一类致癌物，所以………,0
2025/3/29 9:27,什么鬼，我崽日日恰[捂脸],1
2025/3/29 9:27,我是寄含有阿斯巴甜的，不是说寄薯片,0
2025/3/29 9:27,TBHQ项目我们都做两年了 说实在的 吃到撑死都不会毒死,1
2025/3/29 9:27,@Lacrimosa,0
2025/3/29 9:27,有毒，为什么食品监督还要让生产了,1
2025/3/29 9:27,昨天刚吃了黄瓜味,0
2025/3/29 9:27,那个计量一天得吃几百包吧,0
2025/3/29 9:27,哈哈，是吧。焦虑死比饿死难看，而且是有钱吃的前提下[捂脸],1
2025/3/29 9:27,黄瓜味也是我的最爱，这下完了，家里还有很多,0
2025/3/29 9:27,昨天刚买完[捂脸],0
2025/3/29 9:27,天天吃这个得癌迟吃那个得癌，为嘛不从源头厂家管呢？添加一点就枪毙就这些问题了！即便添加剂加多了也就罚款3-5万不疼不痒！说这些等于废话！,1
2025/3/29 9:28,退一赔十,1
2025/3/29 9:28,完了，都绝食吧,1
2025/3/29 9:28,要这些部门有什么用[捂脸][捂脸][捂脸][捂脸],1
2025/3/29 9:28,特丁基对苯二酚 一堆东西里都有，，，,0
2025/3/29 9:28,我现在几乎很不吃这类零食了，所以偶尔要吃一包应该没啥事不过瑞幸喝得多，还得继续再努力戒段垃圾食品??,0
2025/3/29 9:28,抛开剂量谈毒性,0
2025/3/29 9:28,每种食品都不安全，那么接下来就看谁命硬了[听歌][听歌][听歌],1
2025/3/29 9:28,@ow小子（世一T）,0
2025/3/29 9:28,把自己练的百毒不侵,0
2025/3/29 9:28,我不知道 乐事薯片有添加剂 以前在乐事上班的时候经常偷吃  [泪奔],0
2025/3/29 9:28,只谈毒性不说剂量！保质期超过2天的都不要吃！,1
2025/3/29 9:28,所以国标[抠鼻],1
2025/3/29 9:28,哎呀，吃吧吃吧吃吧，现在啥玩意不制癌？！吃吃吃吃吃！好像是我们百姓的错一样，我们吃了这玩意！去弄死那些制癌的啊！,1
2025/3/29 9:28,剂量呢？为什么不说？每包多少剂量？摄入超过5克得多少包？会不会撑死？[微笑][看],0
2025/3/29 9:28,喜欢你这样通透的人[赞],0
2025/3/29 9:29,一个特丁基对苯二酚，一个丙二醇，俩毒药,1
2025/3/29 9:29,所以，国家修改一下食品安全标准吧，禁止有毒有害添加[看],0
2025/3/29 9:29,这么久的食品，爆料后该怎么赔偿消费者。,0
2025/3/29 9:29,这个剧情也被曝了,0
2025/3/29 9:29,天啊这是要害人的，那是怎么做到上市销售，,1
2025/3/29 9:29,不是光薯片，不禁止，不处理把这种成分忽略掉，到时候每种食品都加0.2克。一天天胡吃海喝的时候，你保证不会摄入到500克？,1
2025/3/29 9:29,钙奶饼干和某京方便面也有啊,0
2025/3/29 9:29,还卖的这么贵，这下看你降价不？就算降，我也不买,1
2025/3/29 9:29,这是国内开始对洋品牌资本反击了吗,0
2025/3/29 9:29,这个长期过量服用，我想知道，一天得吃几斤？[发呆],0
2025/3/29 9:29,抛开剂量谈毒性，媒体真是,1
2025/3/29 9:29,那是你不够馋，昨天我专门找没添加的花了快两百[捂脸][捂脸],0
2025/3/29 9:29,昨天刚买了几包给孩子吃,0
2025/3/29 9:30,所以说，要吃25kg的薯片就有5g这玩意儿，那不需要它毒我，我自己就撑死了[捂脸],0
2025/3/29 9:30,秉公执法,0
2025/3/29 9:30,刚看了一下我拿下来的辣条，这么多种全都有[流泪][流泪],0
2025/3/29 9:30,就这么说吧，用这玩意的企业虽然不违法，但绝对没良心，包括卫龙，旺仔等等，明明能用维生素e和迷迭香代替，它偏偏用三级致癌物[捂脸],1
2025/3/29 9:30,@CHEN_xy [捂脸],0
2025/3/29 9:30,告诉我几袋是5克[流泪],0
2025/3/29 9:30,tbhq所有带油的食品都会添加。是所有[微笑]因为不加会有哈喇味。,0
2025/3/29 9:30,[尬笑]我儿子最爱，少吃点吧，我也爱吃，不多吃就行,0
2025/3/29 9:30,@玊尔,0
2025/3/29 9:30,你把人工合成致癌物和阳光比，你这属于硬杠了，为啥国外可以不加唯独给国人加,1
2025/3/29 9:30,[抠鼻],1
2025/3/29 9:30,我的天,0
2025/3/29 9:30,我最爱的乐事[捂脸],0
2025/3/29 9:31,反正我又不吃的,0
2025/3/29 9:31,真恶心啊，就会说这个不让吃那个不让吃，为什么知道有毒有害要生产,1
2025/3/29 9:31,哦吼凉凉夜色,0
2025/3/29 9:31,我也钟爱乐事原味,0
2025/3/29 9:31,符合国家规定，真的患癌了可以找国家索赔吗[抠鼻],0
2025/3/29 9:31,每个有问题的商家都拿这句话来堵你[捂脸],1
2025/3/29 9:31,我女儿最最喜欢吃乐事薯片了,0
2025/3/29 9:31,我能说这个东西狗粮里不让加吗？,1
2025/3/29 9:31,[捂脸],0
2025/3/29 9:31,罚破产没有,1
2025/3/29 9:32,有一个抛开剂量谈毒性的案例,0
2025/3/29 9:32,本来我也不吃,0
2025/3/29 9:32,该吃吃，抛开剂量谈毒性都是扯淡，只要在规定范围内不就行了,0
2025/3/29 9:32,很正常,0
2025/3/29 9:32,普通馒头也都是添加剂，难怪医院天天爆满,1
2025/3/29 9:32,@小饼干 @Eternity ?? @旧颜 @性感 母蟑螂,1
2025/3/29 9:32,所以TBHQ的剂量是多少呢,0
2025/3/29 9:32,啥玩意？造就完了？反正不会马上死,1
2025/3/29 9:32,总归是有致癌物质，可别吃这玩意了,0
2025/3/29 9:32,[流泪][流泪]我啊,0
2025/3/29 9:32,保护乐事，就像保护优衣库一样！,1
2025/3/29 9:32,不是这种热搜哪来的？又是抛开剂量谈毒性当网友是傻子，这都有人信？那你喝水都能喝死你别喝水了呗,1
2025/3/29 9:32,去超市去看看配方表……好多好多都有 比如从小就吃的旺旺也有 现在直接不买了,0
2025/3/29 9:33,前不久刚吃完组合装三百多克,0
2025/3/29 9:33,[赞][赞][赞],0
2025/3/29 9:33,每次看到这种新闻就无语??,0
2025/3/29 9:33,我也只吃乐事的[流泪],0
2025/3/29 9:33,今天刚买了[尬笑],0
2025/3/29 9:33,我都好久没有买过零食吃了,0
2025/3/29 9:33,放心吃，天然食物中，很多都是有毒性的，比如菠菜,0
2025/3/29 9:33,@小明 @每年都闹,0
2025/3/29 9:33,乐事薯片的官方回应苍白无力，有点窝囊，很多人看了还搞不清状况，回复“我不信”，，，,0
2025/3/29 9:33,简简单单的一句符合国家规定，唉，算了,0
2025/3/29 9:33,还好它卖的贵我吃不起[黑脸][黑脸][黑脸][黑脸],1
2025/3/29 9:34,吐了，昨天连吃三大包,1
2025/3/29 9:34,别让添加别生产呀！告诉我们干嘛只能增加焦虑[发呆],0
2025/3/29 9:34,没啥事太贵了吃不起躲过一劫,0
2025/3/29 9:34,谁签字允许添加这玩意的 就让他天天照这个标准吃,1
2025/3/29 9:34,敌人在哪里？,1
2025/3/29 9:35,@菲菲菲菲常美丽的巨兔12138,0
2025/3/29 9:35,呈味核苷酸二钠有多少食品没有？昨天去超市买东西，很难找,0
2025/3/29 9:35,@大雄和妮妮?? @小鹿梨涡很甜,0
2025/3/29 9:35,主要还是标准低，上面认为加一点点没事，不超量就行，但是没料到所有的产品都加了，加起来超了十万八千倍[尬笑],0
2025/3/29 9:35,@钱包胖胖 身体棒棒 福气旺旺 @冻感糕人 [发呆],0
2025/3/29 9:35,长期吃也危险啊，所以我都自己炸土豆片[捂脸],0
2025/3/29 9:35,这还敢吃吗？,1
2025/3/29 9:35,这标题。。如果他没写在配料表上可以说被曝，如果已经写在配料表上已经是公开告诉公众了。。。这些上火食品炸鸡薯条烧烤哪个不是增加致癌概率的,0
2025/3/29 9:36,昨天刚买几盒买二送一，今天就给我看这[捂脸],0
2025/3/29 9:36,现在添加剂太多了,0
2025/3/29 9:36,好久没吃了,0
2025/3/29 9:36,卖了这么久了，人们才发现[泪奔],0
2025/3/29 9:36,为什么都是等我们吃过好久了才暴雷,1
2025/3/29 9:36,因为只有垃圾食品可以不吃[尬笑],0
2025/3/29 9:37,每千克添加≤0.2g， 就按照0.2g来算， 5/0.2=25 就是要吃25千克就会100%致癌， 乐事薯片最大包的好像135g， 25000/135=185.1851852， 就是要吃185大包[哪吒嘟嘴][哪吒嘟嘴][哪吒嘟嘴]谁家好人一口气吃185大包的乐事？  而且这玩意平时喝水就会随着尿液排除,0
2025/3/29 9:37,@周二周 [猪头],1
2025/3/29 9:37,坏了，这么多年的已经吃了很多包很多桶了啊尤其是黄瓜味的那个，那还有救么[捂脸],0
2025/3/29 9:37,我的快乐啊,0
2025/3/29 9:37,正吃呢，服了,0
2025/3/29 9:38,你是乐事公司的吧 不要脸的发言 害人公司,1
2025/3/29 9:38,@奇得隆冬镪咚镪 @汪汪教 [流泪],0
2025/3/29 9:38,空气里那么多病毒细菌感染，真的要噶速度可比天天吃薯片快,1
2025/3/29 9:38,戒添加剂调味品，戒农药蔬菜[呲牙],0
2025/3/29 9:38,按这个新闻的说法一次至少要吃25公斤薯片才有危险，而且怎么算长期怎么算过量薯片添加剂含量有没有违规都没说，张雪峰还是太超模了,0
2025/3/29 9:38,菜有农药残留，水如果处理不当有氯化物残留,0
2025/3/29 9:38,坏了，5克致命，我还经常吃135克大包那种,1
2025/3/29 9:38,刚买了3桶，赶紧吃了压压惊，真香,0
2025/3/29 9:39,我现在的心理确实对零食不馋了，办公室里我拿起看了配料表后会默默放下,0
2025/3/29 9:39,为什么要加那个致癌的，国家不管吗,1
2025/3/29 9:39,[赞][赞][赞]符合国家规定[尬笑][尬笑][尬笑],0
2025/3/29 9:39,问题是他以前的配料表没有这个添加剂啊！改版本就加了这个真不知道图啥,0
2025/3/29 9:39,那食品管理局在干嘛？趁人多??弱弱问一句我治好鼻炎花估计2000贵不贵啊????,0
2025/3/29 9:39,为什么每年的3.15才报道出来呢,0
2025/3/29 9:39,温饱时期还有心思还搞这么多零食出来,0
2025/3/29 9:39,所以我是不是应该把没吃完的扔掉,0
2025/3/29 9:39,以前最爱吃 现在不爱吃了吃完感觉上颚有时候会痛，而且干干的手也弄脏,0
2025/3/29 9:40,我们吃的油里面就有，没人管,0
2025/3/29 9:40,哪些求推荐,0
2025/3/29 9:40,不好意思我没上过学不懂，这下你一解释懂了，谢谢耐心讲解,0
2025/3/29 9:40,中国的食品安全是个大问题,0
2025/3/29 9:40,@阿软 不让我吃这是,0
2025/3/29 9:41,我家也是。孩子就吃这个,0
2025/3/29 9:41,哈哈哈！支持国产：吃可比克[呲牙],0
2025/3/29 9:41,大罐104克，一斤500克，一公斤10罐才0.2克，也就是说你要吃，300罐，才到5克，吃完这些，你都不需要添加剂超标了，你是薯片中毒了，每天,1
2025/3/29 9:41,@LYX??LDP,0
2025/3/29 9:41,还吃零食？呵呵[赞],1
2025/3/29 9:41,家里还有一堆,0
2025/3/29 9:41,昨天刚买一箱，你给我看这个[微笑],0
2025/3/29 9:41,这玩意不是大部分零食什么的都有吗[捂脸],0
2025/3/29 9:41,别为这些人找理由了 损害国民健康 一个星期吃一包 吃多了不也一样风险大,1
2025/3/29 9:41,做牛马安全，不要考虑。那么多,1
2025/3/29 9:42,大罐104克，一斤500克，一公斤10罐才0.2克，也就是说你要吃，300罐，才到5克，吃完这些，你都不需要添加剂超标了，你是薯片中毒了，谁这么牛，每天三四百罐的吃,1
2025/3/29 9:42,很多小孩都吃[衰],1
2025/3/29 9:42,请乐事出来解释一下@乐事官方账号   不要毁我最喜欢吃的薯片啊[流泪],0
2025/3/29 9:42,正好减肥了,0
2025/3/29 9:43,[尬笑],0
2025/3/29 9:43,回家规定的门槛太低了,0
2025/3/29 9:43,你??里面装的是什么，你眉毛下面的也不怎么好，致命风险前面字不认识嘛？或将，或将什么意思理解不了，这种非官方的号发的东西就喜欢你们这种人说个啥你们都信，我也不为难你50斤49斤了，你直播一次性吃个10斤薯片给我看看呗，你能一次性吃个10斤薯片，我都佩服你，呵呵,1
2025/3/29 9:43,他不是现在才有的啊 一直都有 我发现之后就少吃了控制住自己啊,0
2025/3/29 9:43,无理取闹是吧,1
2025/3/29 9:43,他说他正确，他又说他正确，哦怎么解决？？？？？,1
2025/3/29 9:43,抛开剂量谈毒性就是耍流氓,0
2025/3/29 9:43,你一辈子身体都不代谢,1
2025/3/29 9:43,我奶我姥姥我姥爷我姑我姑父，这辈子可能都没吃过几次薯片，他们是为什么？？天天发现问题，有解决吗？媒体除了给我们普通人制造焦虑，还能干嘛？？？？,1
2025/3/29 9:43,你不代谢嘛,1
2025/3/29 9:43,每年就315前后上班是吧[微笑],1
2025/3/29 9:43,@? @句号_ 看你俩还吃不,1
2025/3/29 9:44,我也是，我都是劝她们吃乐事[捂脸],0
2025/3/29 9:44,还有什么零食是安全的[尬笑],0
2025/3/29 9:44,这产品都存在多少年了，为什么现在才曝光啊？,0
2025/3/29 9:44,唉，都是吃闲饭的,1
2025/3/29 9:44,当初快播那件事我非常不爽   终于风水轮流转,1
2025/3/29 9:44,我现在一点零食都吃不了了[给跪了][流泪][泪奔],0
2025/3/29 9:44,国内食品95%都添加,0
2025/3/29 9:44,@杨咩咩??: 特丁基对苯二酚很多食品里都有 不止乐事 全部禁用,0
2025/3/29 9:44,小孩子特爱吃薯片，且不只是小孩，所以人人都像你这样的想法，人活着干嘛呢,0
2025/3/29 9:44,是不是有病[疑问]水也能中毒，你把水下架[疑问],1
2025/3/29 9:44,那为什么能出厂呢,0
2025/3/29 9:45,@背影繁星落～??: 对。食用油里也有。应该是在国家标准里吧。要不然不能这么多东西都添加,0
2025/3/29 9:45,本王表示很少吃,0
2025/3/29 9:45,是这样的。抛开剂量谈毒性就是在耍流氓。,0
2025/3/29 9:45,95%谦虚了，应该99.9%，除非现做现吃，不加防腐剂,0
2025/3/29 9:45,以后不吃了！！国家不管！,1
2025/3/29 9:45,当初快播那件事我非常不爽   终于风水轮流转,1
2025/3/29 9:45,所有零食都有添加剂，只是没有去细查,0
2025/3/29 9:45,直接投毒了吗,1
2025/3/29 9:45,我就吃,0
2025/3/29 9:45,@喵酱喵酱,0
2025/3/29 9:45,昨天刚吃一袋,0
2025/3/29 9:45,不知道肯德基的薯条??原料牌的那个兰斯威顿怎么样[疑问],0
2025/3/29 9:46,当初快播那件事我非常不爽   终于风水轮流转,1
2025/3/29 9:46,鼓励商家有毒的只要毒不死的剂量就可以放，最后所有商家都这么干，每家说毒不死，那加起来呢？你总不能每天只吃薯条吧？,1
2025/3/29 9:46,乱七八糟的少吃,1
2025/3/29 9:46,好强大的盾牌呀。。。。。。。。,0
2025/3/29 9:46,幸好我从不吃薯片,0
2025/3/29 9:46,他们不写,0
2025/3/29 9:46,这玩意2004年在日本已经禁用了,1
2025/3/29 9:46,是意大利红烩味吧,0
2025/3/29 9:46,我每天都在吃[流泪]，我还觉得只有乐事的薯片好吃！,0
2025/3/29 9:46,日 ,0
2025/3/29 9:46,国家都要求你减肥了，已经很委婉了[泪奔],1
2025/3/29 9:46,这种有害添加剂国家就不应该批准,0
2025/3/29 9:46,退休金守护计划[动动脑子],0
2025/3/29 9:46,脑子是个好东西,1
2025/3/29 9:46,有这个成分的多了，瓜子那些里也有,0
2025/3/29 9:47,吃了5包黄瓜味儿薯片了[流泪],0
2025/3/29 9:47,我可以理解国家规定吃这么多就会死属于正常[酷拽][酷拽][酷拽],1
2025/3/29 9:47,只能在国内市场[尬笑],1
2025/3/29 9:47,一年都吃不上几袋,0
2025/3/29 9:47,但是不知道这物质会不会在体内累积啊，还是说直接就消化掉排出体外,0
2025/3/29 9:47,没事啊，开心就好了。差不多就行了，慢性自杀的活着吧做食品行业的，都能说出来一二，不耽误自己也吃，我亲眼看见过老鼠面包上跑，一开冷库门老鼠跑了，然后那个大姐说没事，食品厂老鼠有什么奇怪的那意思都有。那一堆面包会扔吗，肯定不会了,1
2025/3/29 9:48,最爱青柠味[流泪],0
2025/3/29 9:48,我也喜欢一次几袋买,0
2025/3/29 9:48,说这么多，又没见下架，还不是每个超市都有,1
2025/3/29 9:48,凡是杀不死我的，都使我强大,0
2025/3/29 9:48,@Night,0
2025/3/29 9:48,标准也太低了吧[流泪],1
2025/3/29 9:48,我喜欢青柠味的[发怒],0
2025/3/29 9:48,我都是吃云南的子弟片[泣不成声][泣不成声],0
2025/3/29 9:49,乐事是美国的哥们,0
2025/3/29 9:49,已经百毒不侵了，要么饿死，要么毒死[暗中观察],1
2025/3/29 9:49,市面上任何只要进嘴巴的东西，多多少少都会有致癌的物质，量多量少而已,0
2025/3/29 9:49,买了可以退不,0
2025/3/29 9:49,多少还是有点用的[捂脸]以前天天炫，现在只是偶尔买。也不馋这些了，有时候想看电影了，就吃点玩。我以前很容易胃酸。现在倒是好了很多，也可能是正常吃饭的原因[泪奔][泪奔][泪奔],0
2025/3/29 9:49,脑,0
2025/3/29 9:49,残,1
2025/3/29 9:49,@福???? @葉,0
2025/3/29 9:49,抛开剂量谈毒性确实是耍流氓，但是这玩意会不会在体内累积能不能代谢代谢周期是多长你是一点都不想啊[动动脑子][动动脑子][动动脑子],0
2025/3/29 9:49,长期不了，因为太贵了，根本没法长期吃,0
2025/3/29 9:49,判刑！判重判,1
2025/3/29 9:49,@八宝邹 @初鈊。,0
2025/3/29 9:49,天杀的，我昨天刚吃完一桶[尬笑],0
2025/3/29 9:49,为何让卖,1
2025/3/29 9:49,零食里有这个的多了去了，不光光乐事,0
2025/3/29 9:49,它的意思是，市场上有很多符合国家规定的，为什么要单独提它,0
2025/3/29 9:50,不吃就完了,0
2025/3/29 9:50,不要啊乐事这么好吃……,0
2025/3/29 9:50,又不能吃了,0
2025/3/29 9:50,@啊对对对，,0
2025/3/29 9:50,了解一下身体的新陈代谢恢复功能，你以为你的伤口是怎么愈合的，而且吃过垃圾食品后，对应摄入一些健康食品是可以代谢的,0
2025/3/29 9:50,昨天才买的 还没打开,0
2025/3/29 9:50,较真的话，这世界绝大部分食物都不能吃，包括你所谓的自家种的蔬菜,0
2025/3/29 9:50,对！口误了[尬笑][感谢],0
2025/3/29 9:50,也不算被爆吧，一直都有啊,0
2025/3/29 9:50,他那个感觉还不如这个干净,1
2025/3/29 9:50,酒精也致癌你也没少喝,1
2025/3/29 9:50,既然发现了，不应该停产吗？,0
2025/3/29 9:51,我吃了那么多年乐事身体也没问题啊，能过了食品安全的肯定不会吃死人，人家还说香蕉有辐射呢那有人死吗,0
2025/3/29 9:51,还好我不吃吃薯片,0
2025/3/29 9:51,烧烤含致癌物比这个高多了吃的人少吗？,0
2025/3/29 9:51,破防了，最爱乐事了[疑问],0
2025/3/29 9:51,@诚实可靠小郎君 天塌了老公,0
2025/3/29 9:51,信[泪奔]因为在这个奶茶时代，我是一口都不想喝。。别说馋了。。我老公也不爱喝[捂脸][捂脸][捂脸],0
2025/3/29 9:51,现在还有什么能吃？,0
2025/3/29 9:51,为什么不可以，你只看到它致癌，就没看加了多少,1
2025/3/29 9:51,回家门槛的高低主要还是看装修风格！,0
2025/3/29 9:51,以前专门去超市看过，休闲食品特别是炒货和膨化大部分都有这个,0
2025/3/29 9:51,2023年就曝过，去年还说卫龙里也有，这一年多怎么没禁止呢,0
2025/3/29 9:52,他还有阿斯巴甜呢配料,0
2025/3/29 9:52,我们每天吃的致癌物多了去了,0
2025/3/29 9:52,就说能不能判死刑吧,1
2025/3/29 9:52,生产的时候干啥了,1
2025/3/29 9:53,我喜欢子弟，麻辣的，从小就喜欢,0
2025/3/29 9:53,这起码是个大品牌 专盯这种大品牌暴雷 不如监管部门想想怎么为老百姓办实事 对身体不好 就严厉约束 而不是爆出来之后罚款 然后不了了之 纳税人赋予你们权利 同时你们具有该义务 你拿着纳税人的钱 不为纳税人办事 岂不是更可恶 就说说这些监管部门 一天天是不是都在办公室里 你出去为人民办点事吧,1
2025/3/29 9:53,一方是符合国家标准，一方是会致癌，综合意思是国家标准会致癌,1
2025/3/29 9:53,啥食品什么的存在的意义在哪？,0
2025/3/29 9:53,慢性长期致癌，一下子就不好了，那不就坐实了吗，国外资本谁会这么笨啊,1
2025/3/29 9:53,纯牛奶，果蔬汁椰汁看配料表干净再下单，西梅干、山楂条、老式大米棍，果干类、冻干类的也行，肉类买短保期的，总之想吃的搜出来一个个筛选总有自己喜欢的[呲牙]昨天跟我姐聊了这些零食，她三个孩子体质很差，饮料零食经常吃从不看配料表，终于明白我两个孩子为什么体质好。,0
2025/3/29 9:53,不爱吃[捂脸]吃了零食就上膛破[捂脸],0
2025/3/29 9:53,评论区让我知道了9年义务教育真的任重而道远[尬笑],0
2025/3/29 9:53,@恃十二 [尬笑][尬笑][尬笑]少吃,0
2025/3/29 9:53,这爆出来不能吃，那爆出来不能吃，那请问啥能吃,0
2025/3/29 9:54,不爱吃乐事总感觉味精很重又湿哒哒的，喜欢吃可比克，很干酥。,0
2025/3/29 9:54,卫龙辣条里也有啊,0
2025/3/29 9:54,@Active 还敢吃吗,1
2025/3/29 9:54,现在的孩子不容易,0
2025/3/29 9:54,@笑嘻嘻就笑嘻嘻 @橙子呀?? @Лилия629 天塌了，我就喜欢这个[流泪],0
2025/3/29 9:54,没错就是难吃  放那过期扔掉了   不是每个人都喜欢  吃惯了乐事  这个薯片是真难吃,0
2025/3/29 9:54,吃着乐事刷到，我立马查看配料表[笑哭],0
2025/3/29 9:54,我也喜欢[调皮],0
2025/3/29 9:55,@lucky yan @゛疯子ゃ @红烧猪蹄炫我嘴里 最喜欢吃黄瓜味的[酷拽]@年年叙,0
2025/3/29 9:55,国家标准,0
2025/3/29 9:55,@_文珍,0
2025/3/29 9:55,同道中人[呲牙],0
2025/3/29 9:55,什么都不要吃最好,0
2025/3/29 9:55,我家还有两箱，四十八桶，还吃不吃[捂脸],0
2025/3/29 9:55,我以前老爱吃了[捂脸],0
2025/3/29 9:55,刚在超市买了一袋，我吃还是不吃[泣不成声],0
2025/3/29 9:55,从没有吃过。,0
2025/3/29 9:55,所以他不写全称，写字母[捂脸][捂脸][捂脸],0
2025/3/29 9:55,无所谓，又不是一天吃几十斤，一个星期才吃一两包有什么问题，大惊小怪[呆无辜],0
2025/3/29 9:55,完了，家里还有几大包，吃吧，不在乎这几包了吧，早吃完早踏实,0
2025/3/29 9:56,刚刚查了查乐事是美国品牌，应该还行吧,0
2025/3/29 9:56,一群反骨，觉得不以为然就继续吃好了，还在这批判曝光的媒体。这样以后还有谁愿意曝光呢。说什么别的食品也有，可是乐事是全球品牌，名气大受众多啊，作为典型曝光才有人关注啊。,1
2025/3/29 9:56,你全家多吃点,1
2025/3/29 9:56,身体还挑着捡着去代谢嘛[捂脸]，薯片这类的垃圾食品，偶尔吃一下解个馋，别多吃，正常吃饭多喝水再适量运动，心情美丽比啥都好,0
2025/3/29 9:56,每年不少收li,1
2025/3/29 9:56,国家不是禁止这些添加剂了吗？二月八号禁止添加,0
2025/3/29 9:56,没治了，吃完都检查出来，贪官享受完了，又查出，真无语，不得病哪跑啊,1
2025/3/29 9:57,啊， 天塌了,0
2025/3/29 9:57,我现在的零食就爱这个乐事薯片了，只喜欢原味，得了，节约了,0
2025/3/29 9:57,我从超市买的只有四种配料表,0
2025/3/29 9:57,呀土豆没有吧[泣不成声],0
2025/3/29 9:57,@是怡堡啊_ @吉士堡 @夕夕. 天塌了,0
2025/3/29 9:57,零食炸物里基本都有这个东西，比如薯片辣条啥的，加了这个东西面食才能炸的均匀，不然薯片里这块没炸开，那块没炸熟的，也没人买了,0
2025/3/29 9:57,就是因为添加了才好吃[看],0
2025/3/29 9:57,也是我的最爱[泪奔],0
2025/3/29 9:57,怎么不从源头上治理呢，这是爆出来的没有爆出来的就让我们消费者自生自灭吗，违规添加剂的人死刑看还有没有这种情况,1
2025/3/29 9:57,这样一说挺有道理的，而且很久才吃一包那个奶茶还经常喝,0
2025/3/29 9:57,昨天刚吃了四包,0
2025/3/29 9:58,这是有人要害他,1
2025/3/29 9:58,@健康美丽幸福平安的富婆 天塌了,1
2025/3/29 9:58,那咋了，商战还分国界吗，要么就是营销号造势引发慌乱，这种谣言每年都有[捂脸],0
2025/3/29 9:58,所以农村长寿老人多，他们从不吃零食[捂脸],0
2025/3/29 9:58,吃了不少,0
2025/3/29 9:58,什么都可以卖，只要不是立马死人就行,1
2025/3/29 9:58,天啊！我昨晚才吃了一大包,0
2025/3/29 9:59,到底什么是无毒的安全的？,0
2025/3/29 9:59,不让吃。不出产不就好了天天说不从根解决有啥用,1
2025/3/29 9:59,一早就知道这品牌，以前不说有问题，现在抖音最强，一时薯片，一时 酱油，一时卫生巾，反正说到过量，你吃米饭也会引发血糖风险。,1
2025/3/29 9:59,早就不吃了,0
2025/3/29 9:59,早就不吃乐事了，以前真的很爱吃，土豆味很足，现在薄如羽翼，一点土豆味都没有，就像油炸面粉薄片，就算是桶装也薄了,0
2025/3/29 9:59,脑残，还挺多人一样～,1
2025/3/29 9:59,推荐你试试噜咪啦的[呲牙],0
2025/3/29 9:59,水喝多了也会死人，饭吃多了也会死了，那也都别吃了,0
2025/3/29 9:59,就是不能有乱七八糟的添加剂！！这东西就不能存在！！,1
2025/3/29 9:59,气人 为什么，销售,1
2025/3/29 10:00,吓得我赶紧吃了包乐事压压惊,0
2025/3/29 10:00,5克？有没有一块鼻嘎重哦,0
2025/3/29 10:00,能活到现在不容易呀,0
2025/3/29 10:00,谁长期拿薯片当饭吃？,0
2025/3/29 10:00,这产品怎么卖出来的？,1
2025/3/29 10:00,真幸运我舍不得钱，没吃过！,0
2025/3/29 10:00,@薄凉 [宕机],1
2025/3/29 10:00,咖啡不属于吧,0
2025/3/29 10:01,天杀的[裂开]儿子喜欢吃,1
2025/3/29 10:01,国家让你添加患癌添加剂了？@乐事官方账号,1
2025/3/29 10:01,抛开剂量谈毒性[捂脸],0
2025/3/29 10:01,买了很多年了才发现[捂脸][捂脸][捂脸][捂脸],0
2025/3/29 10:02,如今大多数媒体都是蹭流量，这爆料那爆科，试问有几款产品是完全的[流泪][流泪][流泪],0
2025/3/29 10:02,多一事不如少吃乐事,0
2025/3/29 10:02,其实白水最好喝[捂脸],0
2025/3/29 10:02,@早忆诗 ？,0
2025/3/29 10:02,虽然但是，同时还添加了阿斯巴甜，不加会死吗？为什么别的牌子能不加？乐事就不行？,1
2025/3/29 10:02,@豆花永远爱你,0
2025/3/29 10:02,有道理[呲牙],0
2025/3/29 10:02,[微笑]@比荷是q比m,1
2025/3/29 10:03,[捂脸][捂脸][捂脸]尽说大实话,0
2025/3/29 10:03,我知道的是乐事原味以前一直都没有，最近几年才添加的，这就很恶心,1
2025/3/29 10:03,我好久没吃了,0
2025/3/29 10:03,[流泪]最爱吃乐事薯片 碎了,0
2025/3/29 10:03,那个食品能经得住查,1
2025/3/29 10:03,薯片以后也不敢吃了,0
2025/3/29 10:03,国家规定，哪国的规定啊[泪奔],1
2025/3/29 10:03,令人震惊的是，明明食品安全就是有问题，评论区还非要维护他这不是助长不正之风吗,1
2025/3/29 10:04,这医生里面哪句是实话。。。。,1
2025/3/29 10:04,我天天吃乐事薯片，就它好吃,0
2025/3/29 10:04,千万别给孩子吃,1
2025/3/29 10:04,[流泪],0
2025/3/29 10:04,故意用英文缩写让国人看不懂,1
2025/3/29 10:04,国家没规定不准致癌,1
2025/3/29 10:04,终于有人发现了,0
2025/3/29 10:05,请问，怎么上市的呢,0
2025/3/29 10:05,搞什么 周五刚吃,0
2025/3/29 10:05,完了，我也是，而且隔一段时间就会买,0
2025/3/29 10:05,这个是油炸油里面的抗氧化剂，延长油脂的连续油炸使用时间用的,0
2025/3/29 10:05,姐妹们，别吃乐事了，吃云南的子弟薯片，比乐事好吃啊。,0
2025/3/29 10:06,一样烂,1
2025/3/29 10:06,抓隔夜柠檬厉害呢，抓别的就不行了[抠鼻],1
2025/3/29 10:06,不要吃，我给你地址，邮过来我给你扔了,1
2025/3/29 10:06,不是吧？没吃这么久，昨天又特意买了一包,0
2025/3/29 10:06,"@他们叫我小姐姐 @Miss.jiang @YOU @我行其野,芃芃其麦 @游弋 @蔬菜沙拉 @wang忘记",0
2025/3/29 10:06,抛开剂量谈毒性那是耍流氓,0
2025/3/29 10:06,昨天晚上才吃了一包,0
2025/3/29 10:06,谁把薯片当饭吃？还长期过量输入,0
2025/3/29 10:06,我最爱的旺旺仙贝也有，配料表特地标注出来的，少吃呗，还能咋整,0
2025/3/29 10:07,“符合国家标准” 水喝多了也会中毒的[暗中观察],0
2025/3/29 10:07,基本不吃零食 也是一件好事[捂脸][捂脸],0
2025/3/29 10:07,抛开剂量谈毒性都是耍流氓,0
2025/3/29 10:07,要是排不出去，早死翘翘了,1
2025/3/29 10:07,别喝水了水可是一氧化二氢,1
2025/3/29 10:07,给我吃,0
2025/3/29 10:07,震惊！白酒竟然致癌！ 什么？烟也得少抽！,0
2025/3/29 10:07,他也知道会挨骂，所以评论精选了,1
2025/3/29 10:07,被谁曝的这个问题很有学问,0
2025/3/29 10:07,没事，符合国家规定，大家放心食用,0
2025/3/29 10:07,现在吃什么才是0科技无添加的,0
2025/3/29 10:07,是不是觉得人口太多了[流泪],0
2025/3/29 10:08,到底是有人诋毁还是真的？现在我们已经无法区分哪些是好的，哪些不是好的了！[尬笑][尬笑],0
2025/3/29 10:08,开水也是致癌物,0
2025/3/29 10:08,这新闻的目的是什么呢,0
2025/3/29 10:08,明白了，符合国家规定[微笑],0
2025/3/29 10:08,为什么,0
2025/3/29 10:08,有这个添加剂的东西我肯定不会选的课,0
2025/3/29 10:08,长期、过量，关键词你是一点不看呀？符合国家标准，正常吃没问题,0
2025/3/29 10:08,[泪奔]我一直感觉云南的土豆片比乐事好吃,0
2025/3/29 10:08,要保护费,1
2025/3/29 10:08,@橘长SAMA 666[憨笑],0
2025/3/29 10:08,所有辣条里面都含有，大多数油炸食品里面也含，包括干脆面，区别是大品牌严格控制了添加量，小厂家存在严重滥用添加剂的情况。,0
2025/3/29 10:08,我不吃[憨笑],0
2025/3/29 10:08,哪有好人啊,1
2025/3/29 10:08,少吃点吧[黑脸],1
2025/3/29 10:08,吃盐吃太多也会死（burshi,1
2025/3/29 10:09,含有不代表超标[看],0
2025/3/29 10:09,现在敢吃的有几样，好在我不吃薯片。[尬笑][尬笑][尬笑],0
2025/3/29 10:10,还有黄瓜味,1
2025/3/29 10:10,[捂脸][捂脸][捂脸]不知道吃了多少了，中国人怕什么，百毒不侵好吗,1
2025/3/29 10:10,乐事薯片还添加了大量N2，会让人窒息；添加了大量O2，这种可怕的化学物质参加了绝大多数爆炸,1
2025/3/29 10:10,为什么它在????待了 30几年现在才被发现呢？,0
2025/3/29 10:10,昨天刚买了4包[捂脸][捂脸],0
2025/3/29 10:10,很早之前不就爆过一次吗？ 看来没改过，并且又拉出来说一次,1
2025/3/29 10:10,没买过乐事的路过,0
2025/3/29 10:10,符合国家规定，什么都没解释，又什么都解释了,0
2025/3/29 10:10,如果乐事不能吃的话，其它更不行，只是树大招风而己,0
2025/3/29 10:10,八百年吃不了几次[捂脸]死不了,1
2025/3/29 10:10,孕期吃了好多袋乐事，也没啥事,0
2025/3/29 10:10,国家规定….到底是谁想弄死我,1
2025/3/29 10:11,大爷的 我吃了那么多你现在告诉我,1
2025/3/29 10:11,国家标准国家规定，让老百姓健康放心[微笑],0
2025/3/29 10:11,[抠鼻],1
2025/3/29 10:11,天呐，我上学的时候还天天吃，自从毕业之后我也没吃过，我对象也不让我吃，我都快忘记啥味了[泪奔][泪奔],0
2025/3/29 10:11,问得好,0
2025/3/29 10:11,生产时不知道吗，没人审核吗，都这么一年又一年想起来了。,1
2025/3/29 10:11,致癌也不影响售卖[捂脸],1
2025/3/29 10:11,我不吃,0
2025/3/29 10:11,甚至在制作过程中还有h2o析出。,0
2025/3/29 10:11,乐事宣布，符合中国标准，是中国标准,0
2025/3/29 10:11,可能，但是还要求人家生，这是为啥呢[发呆],0
2025/3/29 10:11,没必要特别注意，真要注意的话少吃点就行了,0
2025/3/29 10:11,还好我只是偶尔吃一次[听歌],0
2025/3/29 10:11,发新闻的一点不谈剂量是多少其实我知道的比他们还多，咸菜，酸菜，方便面都有致癌物，那我是什么？我也是专家！,1
2025/3/29 10:11,吃吧，啥都有毒，有一天中毒死了都不知道是啥中的毒,1
2025/3/29 10:11,为什么它在????待了 30几年现在才被发现呢？,0
2025/3/29 10:11,你们城市人吃不怪农村产品吧？[捂脸]我觉得乐事并不好吃，珍珍，丽丽才是最爱[泪奔],0
2025/3/29 10:12,@@不到两米 @Reze,0
2025/3/29 10:12,乐事起码标注了，不像有的企业，取个 零添加 的商标欺骗消费者,1
2025/3/29 10:12,早干嘛去了。检查的都是老一套,1
2025/3/29 10:12,最喜欢黄瓜味的,0
2025/3/29 10:12,吃一半[看],0
2025/3/29 10:13,“快转给家里人，太可怕了，科学家发现接触过量的一氧化二氢的人，最后都死了”,1
2025/3/29 10:13,啊吃了好多怎么办，孩子也喜欢吃[流泪],0
2025/3/29 10:13,还有安全的食品吗？[捂脸],0
2025/3/29 10:13,每次不是这样就是那个，还有什么安全的。。[捂脸],1
2025/3/29 10:13,符合国家规定[微笑],0
2025/3/29 10:13,要的是劳动力,1
2025/3/29 10:13,你们随便搞，反正国家通过了，我不怕。,1
2025/3/29 10:13,@恬er,0
2025/3/29 10:13,对企业下的了手 风口浪尖大事化小,1
2025/3/29 10:13,哎,0
2025/3/29 10:13,乐事可以告他们吗？这帮媒体赔一次高额赔偿款就老实了,1
2025/3/29 10:13,想多了[看]要反击早查了不至于一个医生爆出来，很多东西都有这个包括食用油[笑哭],1
2025/3/29 10:14,[发呆],0
2025/3/29 10:14,@不知道要娶什么 刚买完,0
2025/3/29 10:14,哈哈哈，意思是国家标准就可能会致癌，怪不得那些奶粉都是欧盟标准啊,1
2025/3/29 10:14,美国的也有,0
2025/3/29 10:14,减肥王来了,0
2025/3/29 10:14,我哭了[流泪],0
2025/3/29 10:14,我靠完了[流泪],1
2025/3/29 10:14,我刚屯了乐事[捂脸],0
2025/3/29 10:14,没救了，,1
2025/3/29 10:14,同行业，乐事品质还是排第一的，其它更不行,0
2025/3/29 10:14,在我国，还有什么能吃？,1
2025/3/29 10:15,我还挺喜欢吃的呢,0
2025/3/29 10:15,吓得我赶紧把囤的几包吃完了??,0
2025/3/29 10:15,监管很给力，就问医院赚不赚钱，养老金是不是减少财政负担,0
2025/3/29 10:15,@未知鱼 [震惊],0
2025/3/29 10:15,[裂开]大家不吃就行了！,0
2025/3/29 10:15,我也喜欢,0
2025/3/29 10:15,是不是觉得人口太多了？？？,1
2025/3/29 10:15,有问题的食品早就不允许生产，才不会流入老百姓的嘴,0
2025/3/29 10:15,关心添加剂不如关心这玩意油脂含量………,0
2025/3/29 10:15,我儿子都知道我爱乐事黄瓜味，他去超市总会给我捎一袋[泣不成声],0
2025/3/29 10:16,现在才爆出来，不爆出来都吃，爆出来了知道增加癌了，幸亏我不让孩子吃,0
2025/3/29 10:16,乐事是美国的品牌，资本想荼毒老百姓谁能说什么,1
2025/3/29 10:16,确实！乐事如不行的话，其它更不行,0
2025/3/29 10:16,最近天天吃[捂脸],0
2025/3/29 10:16,还是那句话 抛开剂量谈毒性就是刷流氓 我不信有人每天都吃一堆薯片 而且是,0
2025/3/29 10:16,车里还有两罐...,0
2025/3/29 10:16,只要不是当时就吃死 不用管那么多[泪奔],1
2025/3/29 10:16,地方媒体真是努力和自媒体抢活了,0
2025/3/29 10:16,谁能告诉我什么产品没有致癌物,0
2025/3/29 10:17,强氧化剂O2,0
2025/3/29 10:17,什么！白天不能出门！,0
2025/3/29 10:17,@小橙子. [微笑],0
2025/3/29 10:17,@Chang逗逗,0
2025/3/29 10:17,你觉得哪个不是致癌物  盐 ，牛肉 酒精 全都致癌[捂脸][捂脸][捂脸],0
2025/3/29 10:17,不谈剂量谈毒性，就是造谣,1
2025/3/29 10:17,太坑人了,1
2025/3/29 10:17,老一辈不吃不也都是肿瘤,1
2025/3/29 10:17,国家规定[捂脸][捂脸][捂脸],0
2025/3/29 10:18,可比克乍样，前两天还吃一大袋,0
2025/3/29 10:18,造车卖车的不查 就查骑车的,1
2025/3/29 10:18,刚买了[捂脸],0
2025/3/29 10:18,天塌了,0
2025/3/29 10:18,还有一个青柠的在我包里[尬笑],0
2025/3/29 10:19,这个东西怕是不止暑片有[看]，不要一天天的让不吃这样不吃那样，要分辨哪个真哪个假！从来不从查问题源头！既然不该用的东西就应该从源头制止,1
2025/3/29 10:19,感觉乐事又贵又难吃[呲牙][呲牙][感谢]这真的救了我,0
2025/3/29 10:19,啊 我的最爱塌了,1
2025/3/29 10:19,…我娃爱吃一个月起码一桶，两岁多,0
2025/3/29 10:19,食品安全国家啥时候能重视一下，现在的癌症越来越年轻化,0
2025/3/29 10:19,赶紧退了[捂脸],1
2025/3/29 10:19,@bear贤 @葱烧小橙卷饼. @吃力不讨好丽友 啊我很喜欢吃耶[泣不成声],0
2025/3/29 10:19,真的无语，山姆的乐事配料表只有土豆，油，盐,0
2025/3/29 10:20,有致癌添加剂肯定不能吃了啊,0
2025/3/29 10:20,大街小巷都是零食店，我们村四个,0
2025/3/29 10:20,那我不吃东西光喝水行了吧,0
2025/3/29 10:20,这是我最爱吃的一款薯片,0
2025/3/29 10:20,吃无添加剂的或是在天然植物等里提取的天然添加剂的食物,0
2025/3/29 10:20,[尬笑]主要是还一边鼓励我们赶紧多生小孩,1
2025/3/29 10:20,天塌了……我女儿最爱吃,0
2025/3/29 10:20,你就说啥也别吃了,1
2025/3/29 10:21,天塌了,0
2025/3/29 10:21,我们这边的媒体是这样的,0
2025/3/29 10:21,全是空气，卖的又贵，和以前也不一样了，都不如我对象自己炸的，想吃什么味就弄什么味，除了保质期只有一天以外，最起码很健康,1
2025/3/29 10:21,该吃的还是吃，吃的还是那批人，不吃的也是那批人,0
2025/3/29 10:21,这种东西为什么能过质检流通市场[泪奔],1
2025/3/29 10:21,没事，乐事品控如不行话，其他就不用说了,0
2025/3/29 10:21,我闺女最爱吃，以后这类产品真的不能总吃，一年吃个两三回，知道有这个东西就行了。,0
2025/3/29 10:21,食品安全就没有人管了吗,0
2025/3/29 10:21,你的身体太棒了，你这会吃这会就代谢了[一起加油][一起加油][一起加油]多吃点,0
2025/3/29 10:21,安徽人多吃点,0
2025/3/29 10:21,好多零食都有这个，我刚翻了我的零食堆,0
2025/3/29 10:22,那是你咯噔少了，任何你吃到嘴里的东西，只要吃多了都会死，饭能撑死，水能毒死，氧气也能把人毒死。,0
2025/3/29 10:22,不怪零食，致癌了医院就有收入了，是个无线循环的东西，以后还是少吃就好了,1
2025/3/29 10:22,香浓红烩味明显才是顶流 三张图呢,0
2025/3/29 10:22,抛开剂量谈毒性[赞][赞][赞],0
2025/3/29 10:22,以前媒体称游戏是电子海洛因，那么媒体炮制的造谣也该算“电子毒药”，这些媒体就是“电子投毒”,1
2025/3/29 10:22,乐事有点贵，我都吃可比克,0
2025/3/29 10:22,还有什么可以吃[流泪],0
2025/3/29 10:22,我们四川是这样的,0
2025/3/29 10:22,不准确 国内的乐事有 国外的乐事配料表只有马铃薯 植物油 食用盐,0
2025/3/29 10:22,刚刚查了过敏原，我对防腐剂过敏，每天吃东西看配料表，问题是调料里面也有[捂脸],0
2025/3/29 10:22,不让厂家做不行吗？,1
2025/3/29 10:22,不允许 青柠味才是最好吃的,0
2025/3/29 10:22,真的假的，以后不吃了[石化][石化],0
2025/3/29 10:22,直接关了[捂脸],1
2025/3/29 10:22,可以生产  可以卖  就是不可以吃,0
2025/3/29 10:22,天塌了，我最爱吃乐事薯片[泣不成声],0
2025/3/29 10:22,5克才会增加患癌风险，每公斤0.2克，我患癌之前可能会先吃薯片噎死[捂脸],0
2025/3/29 10:23,以后别吃了,1
2025/3/29 10:23,不是我昨晚刚买还没吃[黑脸],0
2025/3/29 10:23,就现在这个行情，压根就没有放心食用的食物，要么饿死。要么慢性中毒死，自己选择[捂脸][捂脸][捂脸],0
2025/3/29 10:23,@Timo,0
2025/3/29 10:23,给我地址我给你邮过去[灵机一动],0
2025/3/29 10:23,主包图片里没我最喜欢吃的 册掉重发,1
2025/3/29 10:23,点了原味yyds,0
2025/3/29 10:23,为什么可以生产,0
2025/3/29 10:23,现在食品哪个查的起？根源在哪里？,0
2025/3/29 10:23,同感,0
2025/3/29 10:23,怎么经过检验然后进入市面销售的,0
2025/3/29 10:24,建议以后买零食一个一个的看配料表，很多都有这个，单单说个乐事是想要钱没要到吗[看],0
2025/3/29 10:24,什么叫长期过量食用啊,0
2025/3/29 10:24,最喜欢的,0
2025/3/29 10:24,@x: @我不是vv @八月二十一,0
2025/3/29 10:24,无所谓，照吃不误,0
2025/3/29 10:24,吃一半留一半[呲牙],0
2025/3/29 10:24,标准多半不一样[捂脸],0
2025/3/29 10:24,食品安全已经到了极致[打脸][打脸][打脸],1
2025/3/29 10:24,以后还有什么可以吃的,0
2025/3/29 10:24,@没有凡恼 @xn_ @_十八格 @kkkkkkk @zzzzzzzzzzzzzzz @张小z @沐吟明 。？天塌了,0
2025/3/29 10:24,我刚吃完一包,0
2025/3/29 10:24,国外的这款薯片有没有这个添加剂？,0
2025/3/29 10:25,昨天晚上才吃了一袋[捂脸][捂脸],0
2025/3/29 10:25,我说的嘛前段时间吃乐事薯片上瘾，过后感觉很难受身上没劲[委屈],0
2025/3/29 10:25,所以乐事什么时候降价，降价我可要大买特买了，以前觉得贵不敢多买，现在遇见好行情了，直接实现乐事自由,0
2025/3/29 10:25,辣条，瓜子都有这个东西,0
2025/3/29 10:25,证明我们已经百毒不侵了[捂脸],0
2025/3/29 10:25,没错有品有品,0
2025/3/29 10:25,我知道，酒精,0
2025/3/29 10:25,再也不吃！,1
2025/3/29 10:25,天塌了，我和闺女经常吃[躺平],0
2025/3/29 10:25,那咋了 我不管,1
2025/3/29 10:25,狗媒体,1
2025/3/29 10:25,现在有安全的食品吗？生鲜蔬菜瓜果粮油面各种保冰剂防腐剂，一个面包保质期长达六个月？,0
2025/3/29 10:26,理论上白水都是致癌物,1
2025/3/29 10:26,不可以 自己发去,1
2025/3/29 10:26,@小chen @溺时针 @颜小衫 [尬笑],0
2025/3/29 10:26,是的，咬牙把剩下的几袋吃完[捂脸]，那都是钱买的,0
2025/3/29 10:26,@是你的陪伴温暖了这个孤独的季节 看哇,0
2025/3/29 10:26,真要有这一天我要回老家种地去[九转大肠],0
2025/3/29 10:26,“长期”“过量”，多久算长期，多少算过量？我半年想起来买一包吃算长期算过量吗,0
2025/3/29 10:26,原味才是最好吃的,0
2025/3/29 10:26,不制作这些东西，医院生意怎么会越来越多人，都是资本运作,1
2025/3/29 10:26,食用油加热竟然致癌,0
2025/3/29 10:26,@陈  天塌了。。,0
2025/3/29 10:26,吃云南的子弟天使咪噜啦[看],0
2025/3/29 10:27,只能是尽量少吃或者不吃，非要吃，那就得承受这种结果,0
2025/3/29 10:27,抛开剂量谈毒性的都是耍流氓,0
2025/3/29 10:27,多爆光食品安全问题,0
2025/3/29 10:27,我还有一箱没开，要不要吃[泪奔],0
2025/3/29 10:27,之前围剿雪王就有他们,1
2025/3/29 10:27,这出来多少年了，现在才查出来，,1
2025/3/29 10:28,帮忙查查可比克，妙脆角，呀土豆，这些都是我爱吃的,0
2025/3/29 10:28,别说抛开剂量不谈了，有的添加剂代谢不了就会一直在身体里囤积起来，到了一定量开始癌变，这就是为什么医院里总是人满为患，癌症越来越年轻化,1
2025/3/29 10:28,漂亮国一律不吃[尬笑]零食我已经四五年不吃了,0
2025/3/29 10:28,就吃就吃,0
2025/3/29 10:28,我以为是什么呢，特丁基对苯二酚小学看配料表都背熟了，没热搜可以不热搜,1
2025/3/29 10:28,活着好难哇,0
2025/3/29 10:28,现在的所谓食品安全，就是吃了当时不挂，以后自求多福[酷拽][看],1
2025/3/29 10:28,旺旺的所有产品都有，恰恰仅有一个产品没有,0
2025/3/29 10:28,不谈剂量谈毒性 跟天天说止痛片不能吃有啥区别,0
2025/3/29 10:28,让我想起了经典的香蕉辐射值,0
2025/3/29 10:28,茅台竟含一级致癌物,0
2025/3/29 10:28,服了，我儿吃了4次这个黄瓜??味的,0
2025/3/29 10:28,有视频说不止这一个牌子有，买时看着点吧,0
2025/3/29 10:28,刚买的可比克吃吧，只要吃不si,1
2025/3/29 10:29,四川观察一直都这样 恐怕是小仙女和小零太多的缘故,1
2025/3/29 10:29,这个又不会分解，在体内续存,0
2025/3/29 10:29,我都好多年没吃过薯片了,0
2025/3/29 10:29,什么？炸鸡烤串致癌？,0
2025/3/29 10:29,啊,0
2025/3/29 10:29,为什么只有中国可以用呢？,0
2025/3/29 10:29,为什么吃了半辈子，才发现它有问题？ 315食品安全一年真的只工作一天吗,0
2025/3/29 10:30,要这食品监管局干嘛[微笑],1
2025/3/29 10:30,这玩意不关温饱的事吧，再说了这玩意加了这么多年了，山区的孩子也还是一样没吃没喝,1
2025/3/29 10:30,可喜欢吃乐事薯片了,0
2025/3/29 10:30,关键你加太多也没事[尬笑],0
2025/3/29 10:30,你还吃吗,0
2025/3/29 10:30,除了自己种的  还有什么靠谱？,0
2025/3/29 10:30,我过年的时候吃了五包，平常舍不得买，太贵,0
2025/3/29 10:30,昨天还准备买的,0
2025/3/29 10:30,你看看反式脂肪酸含量！即使没有这个添加剂你还敢吃么？,0
2025/3/29 10:31,不然剂量只谈危害？,0
2025/3/29 10:31,食品添加剂是好东西，不用的话成本、运输、保存等都是问题，怎么供应10几亿人口。。国外舆论没有这么热不是国外不用，它们不仅用，还可以不标出来，而且物价和经济环境导致不得不买。国家越来越富裕，有意放开食品安全舆论，不再只是追求让大家吃饱了。,0
2025/3/29 10:31,刚看了我爱吃的火鸡面配料表，里面也有特丁基对苯二酚,0
2025/3/29 10:31,昨天刚吃了一袋,0
2025/3/29 10:31,不知道吧，器官转移不限制血型了，只要你身体健康都可以列为切割目标，保持亚健康吧。医生的刀就不会伸向咱们,1
2025/3/29 10:31,只吃过一包,0
2025/3/29 10:31,[捂脸]去膨化食品区拉出来 大部分都有,0
2025/3/29 10:31,油炸过了你还想测出基因呢[捂脸][捂脸][捂脸],0
2025/3/29 10:32,不吃了[流泪],0
2025/3/29 10:32,符合国家规定，我信的[捂脸],0
2025/3/29 10:32,全球最低食品安全标准,0
2025/3/29 10:32,这些企业还有良心吗？,1
2025/3/29 10:32,全球最低标准，命硬[看],1
2025/3/29 10:32,哎妈呀，我姑娘就爱吃黄瓜味的和青柠的，别的薯片什么的基本不吃[捂脸],0
2025/3/29 10:32,烟草也是国家允许的  咋的越抽越健康？,1
2025/3/29 10:33,不是人口多，是让你老了把钱贡献给医院[微笑],1
2025/3/29 10:33,为什么可以上市卖[捂脸][捂脸],0
2025/3/29 10:33,人口本来就很多,0
2025/3/29 10:33,昨天刚买的，吃还是不吃[抠鼻][抠鼻],0
2025/3/29 10:33,搁我我真信,0
2025/3/29 10:33,最近刚好找到一个很好吃的薯片 不是乐事,0
2025/3/29 10:33,既然有国标，那符合国标添加不就没啥问题咯,0
2025/3/29 10:33,其实很多里面都有，不光是他,0
2025/3/29 10:34,我和娃才吃了一包,0
2025/3/29 10:34,@甜的?? 天塌了[敲木鱼][敲木鱼][敲木鱼][惊恐],0
2025/3/29 10:34,中国人会不会变异,1
2025/3/29 10:34,过量会有致癌风险。那就是说我从小学的时候开始吃？等我工作了，可能就发现得癌症了。这就是为什么年轻人得癌症的越来越多的原因。,0
2025/3/29 10:34,薯片类的都有好吧，浪wei仙也有,1
2025/3/29 10:34,我也超爱吃这两个口味的[捂脸][捂脸][捂脸],0
2025/3/29 10:34,乱带节奏,1
2025/3/29 10:34,沉默….. 我最爱的薯片,0
2025/3/29 10:34,先穷死，那玩意没多少土豆，死贵,1
2025/3/29 10:34,脆升升好吃??,0
2025/3/29 10:34,我的天  这么贵还不健康？？？？？？,1
2025/3/29 10:34,终其原因还是食品标准太低了！[微笑],0
2025/3/29 10:34,每天都在试毒，吃毒，等五六十岁了去医院抗毒癌,1
2025/3/29 10:35,@发呆呆魚,0
2025/3/29 10:35,昨天还吃呢[捂脸],0
2025/3/29 10:35,[赞][赞],0
2025/3/29 10:35,@^十五^?,0
2025/3/29 10:35,一样[泣不成声],0
2025/3/29 10:35,没吃过[泪奔],0
2025/3/29 10:35,竟然允许用字母表示，也是没谁了[看],0
2025/3/29 10:35,刚围剿完雪王又开始搞乐事，白酒一级致癌物怎么不说？剩饭菜放冰箱一夜致癌物亚酸硝盐超标好几倍怎么不说？拿一个一次吃200包才有危害性的薯片说事？,1
2025/3/29 10:35,乐事也不能吃了，孙老师,1
2025/3/29 10:35,我儿子就喜欢吃乐事番茄口味的，别的薯片也不咋吃[尬笑],0
2025/3/29 10:36,没超标就没事,0
2025/3/29 10:36,能生产就能吃，要相信国家,0
2025/3/29 10:36,我最最爱的薯片,0
2025/3/29 10:36,@临街买一束月光?? 我靠[发呆],1
2025/3/29 10:36,@??略略略 @月牙?? 给你说不要给娃买薯片不听,0
2025/3/29 10:37,香蕉我记得有辐射,0
2025/3/29 10:37,是不是要出一个新品替代他了,0
2025/3/29 10:37,@吃掉薯条 no,0
2025/3/29 10:37,[宕机],0
2025/3/29 10:37,这个太可怕了,0
2025/3/29 10:37,@谁有斑？谁有！,1
2025/3/29 10:37,我家一直买这个牌子，天塌了,0
2025/3/29 10:37,[感谢],0
2025/3/29 10:37,可能是去收保护费乐事没给,1
2025/3/29 10:37,我每天一包乐事,0
2025/3/29 10:37,茶？？,0
2025/3/29 10:37,我经常???这个牌子,0
2025/3/29 10:37,@他说,0
2025/3/29 10:38,中枪了还以为原切的会好些[捂脸],0
2025/3/29 10:38,重点是复合国家规定！,0
2025/3/29 10:38,还好我早些年戒掉了,0
2025/3/29 10:38,感谢分享,0
2025/3/29 10:38,不是新闻了，我们吃的哪些东西是健康的才是新闻,0
2025/3/29 10:38,天塌了，吃薯片买的就是乐事，大人小孩都吃,0
2025/3/29 10:38,食品安全到底谁在管？,0
2025/3/29 10:38,逆天了，刚刚还在看一个主播这个视频，然后他当场被封了,0
2025/3/29 10:38,长期食用有致癌风险啊,0
2025/3/29 10:38,最讨厌食品厂把国家最低标准当高标准[灵机一动],1
2025/3/29 10:38,从来不吃[嘿哈][嘿哈][嘿哈],0
2025/3/29 10:38,@涵. @214. 别吃了,1
2025/3/29 10:38,@???????? 天塌了[流泪][流泪],0
2025/3/29 10:38,我就爱吃,0
2025/3/29 10:38,换上换上,0
2025/3/29 10:39,超市大多数零食都有这成分，不止薯片，买之前看看配料,0
2025/3/29 10:39,还好周杰伦代言那个没事,0
2025/3/29 10:39,震惊，一氧化二氢具有严重成瘾性，喝过的人及时一天不喝都会异常难受，意志力再强大的人都没法坚持超过7天。劝小编家人一定要远离,1
2025/3/29 10:39,还好不爱吃薯片[九转大肠],0
2025/3/29 10:39,直接摆烂得了，啥啥都致癌[赞],1
2025/3/29 10:39,咱就是说，人生已经很艰难了，不如吃点爱吃的，死了算了。,1
2025/3/29 10:39,黄瓜味消失[微笑][泣不成声],0
2025/3/29 10:39,啥意思？一会爆这一会爆那的，故意的吗？,1
2025/3/29 10:39,长期吃才会，那我之前吃的会不会代谢掉，或者消化掉！还是积存在身体里了！？,0
2025/3/29 10:39,寄给我[看],0
2025/3/29 10:39,符合国家规定[呲牙]，一袋符合，如果同时食用多袋呢。[捂脸],0
2025/3/29 10:39,都这么暴光了，为啥超市还敢卖？,1
2025/3/29 10:39,不吃就不会嘎了吗,1
2025/3/29 10:39,一样[捂脸],0
2025/3/29 10:40,国产品牌就攻击到死，国外品牌个个出来做科普小达人了,1
2025/3/29 10:40,瓜子也是有,0
2025/3/29 10:40,黄瓜味才是最好吃的只不过我最近看见黄瓜没胃口,0
2025/3/29 10:40,喝烫水都致癌，想长命百岁吃沙拉去，噢不行，吃素好像也不健康,0
2025/3/29 10:40,还是自己做饭吧,0
2025/3/29 10:40,完犊子了[尬笑]超市三联包每次都买，青柠、青瓜、原味,0
2025/3/29 10:40,一点不便宜，还这么搞啊[捂脸],1
2025/3/29 10:40,大量餐饮和预包装食品中含有氯化钠，口服过量会致死，媒体为什么不报道！,1
2025/3/29 10:40,长期食用，每天吃一包的人天都塌了,0
2025/3/29 10:40,@玄礼 [黑脸],1
2025/3/29 10:40,火腿肠，无糖可乐，都是毒,1
2025/3/29 10:40,快播：你也有今天[九转大肠][九转大肠][九转大肠][九转大肠][九转大肠][九转大肠][九转大肠],1
2025/3/29 10:40,卫龙就有这个并且早都改了,0
2025/3/29 10:40,还好我不爱吃零食躲过了,0
2025/3/29 10:41,完了[噢买尬][噢买尬][噢买尬],0
2025/3/29 10:41,为什么不封禁？,1
2025/3/29 10:41,现在已经不知道谁说的对了,0
2025/3/29 10:41,真服了,1
2025/3/29 10:41,这种东西我吃的也不少了[憨笑],0
2025/3/29 10:41,昨天我儿子刚吃了[尬笑],0
2025/3/29 10:41,1280袋[微笑],0
2025/3/29 10:41,你就嗦它有还是没有嘛~既然有我就没嗦错了嘛,0
2025/3/29 10:41,我就一条命谁都想要呢[暗中观察],0
2025/3/29 10:41,还只吃原味的,0
2025/3/29 10:41,完蛋了，快来源泉没有了,0
2025/3/29 10:41,还好我戒了,0
2025/3/29 10:42,我去，老是买，天杀的,1
2025/3/29 10:42,别洗白了好吗司马营销号,1
2025/3/29 10:42,oh 可是我真的很喜欢吃诶,0
2025/3/29 10:42,[鼓掌][鼓掌][鼓掌][鼓掌],0
2025/3/29 10:42,这家薯片含量是多少呢？别跟前几天的酱油事件一样,0
2025/3/29 10:42,本来就是叫垃圾食品呀,1
2025/3/29 10:42,那你说你吃什么零食是安全的，你去超市一个个看，你会发现很多事,0
2025/3/29 10:42,好一个符合规定,0
2025/3/29 10:42,假的，这玩意儿在who的致癌物名单里并不存在,1
2025/3/29 10:42,这些大牌都明晃晃的添加，真的没有什么可以买的了,0
2025/3/29 10:43,食品当中如果一个超标的话，那就多添加几种同样的就好了。,1
2025/3/29 10:43,原来你就是这么焦巴脆的薯片。媒体也很焦巴脆,1
2025/3/29 10:43,吃了一辈子了，只吃他家的，能索赔吗[我想静静],0
2025/3/29 10:43,青柠yyds,0
2025/3/29 10:43,@我就睡亿会_ 。。,0
2025/3/29 10:43,@全世界最可爱的女生 那吃桶的[奸笑][奸笑],1
2025/3/29 10:43,你倒是说说阿斯巴甜隐患在哪里？哪里那篇论文哪个组织说他会致癌，作为2B级致癌物，意义是未明确发现致癌可能性，但是紫外线和过热的开水已经是明确的致癌物，与其担心这些吃了使人健康受到危险，不操心一下烟酒？这不是本末倒置，传播焦虑吗？,1
2025/3/29 10:43,老百姓现在要学的太多了[捂脸],0
2025/3/29 10:43,人家说了，国家允许添加，但是有限制使用量,0
2025/3/29 10:43,照你这么说就可以用了，那有没有这种添加的非要选致癌的,1
2025/3/29 10:43,飘香麻辣锅味想要出战,0
2025/3/29 10:43,充阿德里赫特啊测CMCC老费劲了,0
2025/3/29 10:43,我刚吃来着,0
2025/3/29 10:43,天天查出来这个致癌那个致癌，就是没人管，能活下去也是一种幸运了,0
2025/3/29 10:43,你咋知道添加了多少？你检测过吗[捂脸],1
2025/3/29 10:44,不谈剂量 谈毒性？,0
2025/3/29 10:44,其他牌子也有，最好是都别吃,1
2025/3/29 10:44,你以为不吃这薯片能长命百岁了？？,0
2025/3/29 10:44,@语轩琳,0
2025/3/29 10:44,昨天刚买的黄瓜味,0
2025/3/29 10:44,呃[发呆]应该没事吧,0
2025/3/29 10:44,没事的吧 谁会长期过量食用[捂脸],0
2025/3/29 10:44,吓死,1
2025/3/29 10:44,刚买了两箱[我想静静][我想静静][我想静静],0
2025/3/29 10:44,现在还有啥是安全的吗？油也不行薯片不行冲锋衣也致癌卫生巾也是黑心棉，我看地沟油也没那么差,1
2025/3/29 10:44,这个添加剂80%零食里都有[看],0
2025/3/29 10:44,贫穷再次拯救了我，这种包装袋很大的零食里面就一点点还愣贵从来不买[捂脸],0
2025/3/29 10:44,[抠鼻]又不能吃了,0
2025/3/29 10:45,它们的蛋糕[捂脸],0
2025/3/29 10:45,有啥问题吗。。。,0
2025/3/29 10:45,[捂脸][捂脸][捂脸],0
2025/3/29 10:45,好吃,0
2025/3/29 10:45,关键是他按规定没有[捂脸],0
2025/3/29 10:45,你拿你的命来赌 你是这个[赞],1
2025/3/29 10:45,还有伟龙饼干,0
2025/3/29 10:45,早已习惯,0
2025/3/29 10:45,吃上好佳,0
2025/3/29 10:45,那完了，我觉得大米不能吃，没准厂商往里面加东西了，面粉也不能吃，厂家往里面加东西了，调味料不能使，厂商肯定瞒着放东西了。你不是害怕厂商违法放东西，你是选择性的怀疑。你还不够极端，再极端一点就是只吃自己做的东西然后被黄金葡萄球菌，肉毒杆菌轮番轰炸了,1
2025/3/29 10:46,塞钱了,1
2025/3/29 10:46,国标只是最低标准，什么时候提高？天知道,0
2025/3/29 10:46,对的  黄瓜和青柠还有原味好吃  还有海苔,0
2025/3/29 10:46,食品安全需要大力监管,0
2025/3/29 10:46,乐事得说清楚,0
2025/3/29 10:46,人家文章也没说别的食品有无其他致癌物的问题，这个标题就是单说乐事薯片一个东西，它有添加，你了解就行了，吃不吃所有人都是自由的，新闻给大家的仅仅是知情权。,0
2025/3/29 10:46,80后死亡率到底是多少呢,0
2025/3/29 10:47,幸亏我不吃,0
2025/3/29 10:47,没事吃好了 我觉得问题不大,0
2025/3/29 10:47,嘿嘿,0
2025/3/29 10:47,这种视频一定要甄别的看，不用怀疑他医生的身份，但他说话要仔细听“长期过量摄入”，食品添加剂好多好多单独拿出来都适用这句话[微笑]，所以肯定有人会说我，那你就多吃点！[尬笑],0
2025/3/29 10:47,这个东西起到油脂抗氧化作用，日本都不让用了，咱们很多大品牌里都有,0
2025/3/29 10:47,你身体可要加强了，而且确实比不上你的胃口，一次吃一袋解个馋不就行了，你非要几十斤谁也没办法，喝水喝几十斤也会致命呦,0
2025/3/29 10:47,真的好吃吗 感觉很黑暗啊 我都没见过这个味,0
2025/3/29 10:47,青柠+1,0
2025/3/29 10:47,那你多吃点,0
2025/3/29 10:47,我还是会继续吃的,0
2025/3/29 10:47,当你一直喜欢吃某个东西的时候  就要注意了[白眼],0
2025/3/29 10:47,首选就是乐事黄瓜青柠啊,0
2025/3/29 10:48,或者说你倒是说说国家允许添加的添加剂里面哪个在合理添加计量里吃了会影响健康，饮料里面的主成分是水，在你饮用过多添加剂之前你就已经被水撑死了，身体在无时无刻的代谢，你如何摄取这些过量的化学物质呢，还有你说的学历问题，食品添加剂是多少博士教授专家费尽心血花费一辈子研究出的你知道吗，在使用前做了多少期试验你知道吗，现在因为一些高中化学都学不明白的，制造焦虑，让人心惶惶，你觉得这合理吗，不是说不关注，你起码知道添加剂原理，知道组成成份，知道一些基本知识才可以侃侃而谈吧,1
2025/3/29 10:48,早上刚买回来[尬笑],0
2025/3/29 10:48,吓的我吃了一包黄瓜味的压压惊[捂脸],0
2025/3/29 10:48,我女儿最爱吃这两个口味[流泪]，才6岁,0
2025/3/29 10:48,妈呀 我最喜欢吃的薯片[捂脸],0
2025/3/29 10:48,果然原味是c位,1
2025/3/29 10:48,@鲸鱼 @我是三妹呀～ [宕机]我的最爱，还好有宝宝之后我没吃,0
2025/3/29 10:48,一公斤零点二克，吃二十五公斤有致癌风险，还不是一点致癌。那说白了一个成年人你让他一天吃二十五公斤食物他也受不了啊[捂脸][捂脸][捂脸],0
2025/3/29 10:48,再也不买了，又贵还有毒[尬笑],1
2025/3/29 10:48,只谈毒性不谈剂量就是耍流氓,0
2025/3/29 10:48,青柠和黄瓜我感觉很像嘿嘿 都好吃但是原味yyds,0
2025/3/29 10:48,回复@郭墩墩rainbow:那你可以选择不吃 不吃就不买 不买就害不到你身上不买你还管那么宽,1
2025/3/29 10:49,会先撑死吧。,1
2025/3/29 10:49,惯用套路：允许添加+吃多了有害=食品不安全,1
2025/3/29 10:49,我们云南只吃本地薯片 子弟 天使   噜咪啦,0
2025/3/29 10:49,这些都符合国家标准而已，不是符合健康标准,1
2025/3/29 10:49,我就不明白衣食住行行行都有奸商作恶，为什么不用重典遏制住,1
2025/3/29 10:49,面部有班，谁有？？我方给他[抱抱你][抱抱你],0
2025/3/29 10:49,餐饮店用的用就有这个东西[泣不成声],1
2025/3/29 10:49,[呲牙][呲牙],0
2025/3/29 10:49,商业竞争太激烈了,0
2025/3/29 10:49,事实是他很贵。,0
2025/3/29 10:49,如果没过量那也没什么可说的，合法,0
2025/3/29 10:50,会出手的,0
2025/3/29 10:50,"上架之前，怎么查的，怎么过的关
卖这么多年了你告诉我们不能吃",1
2025/3/29 10:50,经典饭没事，酒没事，烟没事，就是添加剂有事[捂脸][捂脸][捂脸]，国家还要提升教育水平,0
2025/3/29 10:50,6,0
2025/3/29 10:50,好的，谢谢,0
2025/3/29 10:50,别急过几年就没得挑了，没班上了还挑什么,1
2025/3/29 10:50,这只是冰山一角吧，大概没有几种深加工包装食品不存在食品安全风险吧[宕机],0
2025/3/29 10:50,查厂家,0
2025/3/29 10:50,往往害人的是“自己人”,1
2025/3/29 10:50,@Lee?? [宕机]那我还能吃啥,0
2025/3/29 10:50,相关部分干什么吃的 摆设啊,1
2025/3/29 10:51,那么健康美国版的怎么不添加,0
2025/3/29 10:51,可惜我不吃,0
2025/3/29 10:51,没事 从小就吃 没死说明蛊已经养成了,1
2025/3/29 10:51,懂了,0
2025/3/29 10:51,你粉丝是买的吧，智商呢,1
2025/3/29 10:51,[捂脸],0
2025/3/29 10:51,国家都不管，说这些有屁用！,1
2025/3/29 10:51,四川观察改名叫四川造谣还差不多！这么多年了这家霉体致力于各种造谣抹黑居然一直活的好好的,1
2025/3/29 10:51,食品真让人堪忧，天天报道有什么用，不从实质性去解决问题[吐][吐],1
2025/3/29 10:51,为什么还让生产？不应该从源头杜绝嘛,1
2025/3/29 10:51,什么都不能吃了[捂脸][捂脸],0
2025/3/29 10:51,国内食品要较真还得有东西吃,0
2025/3/29 10:51,乐事你不要塌啊啊啊啊啊啊!我最爱的薯片,0
2025/3/29 10:51,制裁啊 罚钱啊 其他的没用,1
2025/3/29 10:51,才买了一罐青柠味的，还没开封，我是吃还是不吃呢？[捂脸][捂脸][捂脸],0
2025/3/29 10:52,只允许完全没问题的食品销售，得饿死95%的人,1
2025/3/29 10:52,厂家说的没毛，有病。,1
2025/3/29 10:52,我去！,1
2025/3/29 10:52,GB2760食品添加剂使用标准是谁定的？,0
2025/3/29 10:52,所以到底有多少？,0
2025/3/29 10:52,家里一直备有几大包，经常吃啊[捂脸],0
2025/3/29 10:53,人民的健康全靠胖东来呀，指望那些辣鸡人民要死翘翘。,1
2025/3/29 10:53,不吃了不吃了，原本我最喜欢吃的是柠檬味的。,0
2025/3/29 10:53,噜咪啦买过好吃,0
2025/3/29 10:53,你在玩抽象吗？,1
2025/3/29 10:53,摄入五克薯片就出事吗,0
2025/3/29 10:53,制造焦虑,1
2025/3/29 10:53,好一个符合规定,0
2025/3/29 10:53,方便面里也有这个啊,0
2025/3/29 10:53,吃啥都有风险,0
2025/3/29 10:53,最爱吃翡翠黄瓜??,0
2025/3/29 10:53,子弟yyDs[呲牙],0
2025/3/29 10:53,@丅reasures,0
2025/3/29 10:53,我吃得少,0
2025/3/29 10:53,我不信，我现在只吃国外品牌，国内品牌不仅吃不起，还不敢吃,1
2025/3/29 10:54,震惊！食用氯化钠可能会致癌,1
2025/3/29 10:54,还好我感觉贵，只偿过[泪奔],0
2025/3/29 10:54,[泪奔][泪奔][泪奔]我姑娘昨天买这个黄瓜味道的。我说让她少吃这些垃圾食品不会听啊？气死人孩子长大一句话不能说那种。姐妹们家孩子会不会这样情况呢,0
2025/3/29 10:54,你说的太对了[赞],0
2025/3/29 10:54,光通报有啥用[尬笑],1
2025/3/29 10:54,国家对于食品管控太轻了[裂开],1
2025/3/29 10:54,说不能吃就不能吃了吗??还是最爱的青柠黄瓜那这很有生活了。说实话315爆了那么多依然接着吃，我都吃垃圾食品了还管健不健康,0
2025/3/29 10:55,收钱办事理解一下,1
2025/3/29 10:55,我赶紧拿起乐事薯片查了下咋没有啊[抠鼻],0
2025/3/29 10:55,各行各业都想要我的狗命,1
2025/3/29 10:55,为什么食品局不管呢，要生产出来,1
2025/3/29 10:55,国家可以把安全的食品告知百姓吗,0
2025/3/29 10:55,一个星期吃一片[捂脸],0
2025/3/29 10:55,我一直觉得国标很松，同样的东西出口外面就是不合格，但是国内根本不用担心[捂脸],0
2025/3/29 10:55,没事吃，得病就当自己体质差[灵机一动],1
2025/3/29 10:55,我也是,0
2025/3/29 10:55,食品安全真的堪忧，到底是哪里出了问题,0
2025/3/29 10:56,国货吧，专坑自己人,1
2025/3/29 10:56,因为我没有半毛钱关系，巴不得他死光,1
2025/3/29 10:56,油炸淀粉本来就有丙烯酰胺，薯片薯条炸面团炸面窝里全都有，等你吃出癌症，早就撑死了,1
2025/3/29 10:56,这两个味道也是我爱吃的，都吃十几年了[九转大肠],0
2025/3/29 10:56,丢了，命重要,0
2025/3/29 10:56,怎么管[泪奔],0
2025/3/29 10:56,[不你不想],1
2025/3/29 10:56,所以还是少吃零食吧，太恐怖了,0
2025/3/29 10:56,吓得我边吃边看,0
2025/3/29 10:57,现在注意了，配料表的能买，配料的不能买，食品添加剂不写。,0
2025/3/29 10:57,最后解释符合国家标准,0
2025/3/29 10:57,@水中游 啥都不能吃了,0
2025/3/29 10:57,一个星期吃一片，把握好剂量[抠鼻],0
2025/3/29 10:57,@are you ok? 我的宝,0
2025/3/29 10:57,昨天才买了[捂脸],0
2025/3/29 10:57,这样的媒体可以定位娱乐类，看了乐呵乐呵就行。现在看新闻的自己思考。,0
2025/3/29 10:57,我都不吃薯条，不买转基因食品，很少吃奶茶，……因为我不大喜欢吃垃圾食品[比心],0
2025/3/29 10:57,@真纪,0
2025/3/29 10:58,我的最爱,0
2025/3/29 10:58,这话回复的，也是留给话题性啊[捂脸]   客服也是人才,0
2025/3/29 10:58,@关东煮 ？[憨笑],0
2025/3/29 10:58,哎妈呀，说一句八句话等着你，昨天吃我就说少吃，她整个我就吃点薯片咋滴了，咋地的。[捂脸][捂脸],0
2025/3/29 10:58,华西都市报和成都商报，堪称成都市井250们的代表 ,1
2025/3/29 10:58,守护这个乐事,0
2025/3/29 10:58,外面东西最好别买别吃,1
2025/3/29 10:59,可想而知其他薯片更垃圾,1
2025/3/29 10:59,我喜欢吃噜咪啦,0
2025/3/29 10:59,又不是老鼠药不会当场死,1
2025/3/29 10:59,从来不吃这玩意，买过一次，闻着味就想吐，然后吃了一口扔了[捂脸],0
2025/3/29 10:59,所以真的就是谁塞钱谁没事吗？十几亿人的安全健康交给一个不负责的部门？？？,1
2025/3/29 10:59,想想为什么国产薯片更垃圾却不报的原因,1
2025/3/29 11:00,乐事我很喜欢吃，现在看算了吧，太吓人了,0
2025/3/29 11:00,吃呗，我刚吃完一包原味,0
2025/3/29 11:00,那现在什么可以吃呢[抠鼻]？,0
2025/3/29 11:00,好好吃家里煮的饭，少吃零食,0
2025/3/29 11:00,刚吃完一包就让我刷到这个[笑哭],0
2025/3/29 11:00,@小梨涡?? 女弟@我滴,0
2025/3/29 11:00,真是出啥来啥，前天孩子吃了一袋清爽番茄味的薯片，结果过敏，耳后，脖子后面，手臂起的小红疹子，痒的不行，这两天就刷到乐事有问题,0
2025/3/29 11:00,[泪奔][泪奔][泪奔]气死人哦！我家姑娘就说跟你们80后思想真是没法说。我说80后思想如果落后。想想60.70后咱们父母多么严格苛刻，真是无语。不知道现在00后，10后孩子脑子想什么东西。都是一些没有用的思想和话题,1
2025/3/29 11:01,天天发这些有什么用？国家又没禁止。你啥也不吃也不耽误你生，老，病，死。,1
2025/3/29 11:01,现在食堂不安全，谁敢生孩子[抱抱你],1
2025/3/29 11:01,旺旺雪饼仙贝都有tbhq，你们不也是从小吃到大,0
2025/3/29 11:01,谁吃薯片按公斤吃的[捂脸],0
2025/3/29 11:01,不好吃，有个叫丽丽薯片，形状差不多，那个好吃,0
2025/3/29 11:01,国家规定都是食品最低规定[听歌],0
2025/3/29 11:01,没事，过段时间再吃就忘记了,0
2025/3/29 11:01,哎，什么都不想说了,0
2025/3/29 11:01,我家孩子就爱吃这个[炸弹][炸弹],0
2025/3/29 11:02,[疑问]@Seyhang,0
2025/3/29 11:02,还好口袋空空[尬笑],0
2025/3/29 11:02,我女儿说妈妈你小时候太幸福了，我说为什么呢，她说你小时候没有这么多好吃的，吃个苹果就很开心，我现在要面临的是琳琅满目的零食不能吃。,0
2025/3/29 11:02,不光很多食品里有，包括麻六记里也有，麻六记里也有！麻六记里也有！非常恶心可恶！（现在的人最可悲的就是自己不看配料表就算了！最可恶的大人还无脑给孩子炫嘴里，包括生病打吊瓶，一个个孩子里还吃着薯片，小食品）,1
2025/3/29 11:02,不写不等于不加，反正这种东西又吃不出啥味,0
2025/3/29 11:02,竞争对手老百姓吃了多年,1
2025/3/29 11:02,一直都有,0
2025/3/29 11:02,哎妈呀，真是的了，可咋整[捂脸][捂脸],0
2025/3/29 11:02,我也没说啥啊，那平时我吃的腊肉就不是？什么都要适量，甚至昨天吃的有款火鸡面上面都有写,0
2025/3/29 11:02,你就是个可怜虫,1
2025/3/29 11:02,@对方郑在输入中 @桃喜潮牌服饰 @迂鱼雨欲 [泣不成声]啥都致癌咯,0
2025/3/29 11:03,[泪奔][泪奔][泪奔]不过我真的很久没吃过薯片了,0
2025/3/29 11:03,家里还有十几罐，我是吃还是不吃,0
2025/3/29 11:03,哎呀，以后都只吃子弟了[流泪][流泪],0
2025/3/29 11:03,脑回路新奇,0
2025/3/29 11:03,我不爱吃乐事的薯片，我总觉得太咸了[捂脸][捂脸][捂脸],0
2025/3/29 11:03,[看]原味也一样,0
2025/3/29 11:03,都是百毒不侵了,0
2025/3/29 11:03,TBHQ是一种常用的抗氧化剂，很多含油脂的制品里都有添加,0
2025/3/29 11:03,谁跟你说遗传的[鞠躬],1
2025/3/29 11:03,我真的很少买零食吃，那些东西真不好,0
2025/3/29 11:03,其实薯片中有一种化学物质比其他食物少很多，而这种东西一旦过量摄入可能导致急性中毒。所以薯片比其它食物都要良心，这么黑她不应该。（爱吃to藕）,0
2025/3/29 11:03,从来不买，自己在家炸,0
2025/3/29 11:04,我也是，刚买了12罐，那也得吃啊，谁家钱大风刮来的,0
2025/3/29 11:04,知道了  为什么不封杀？,1
2025/3/29 11:04,那还让它销售生产？,1
2025/3/29 11:04,乐事黄瓜味的薯片，我超爱吃[可怜],0
2025/3/29 11:04,那个零食孩子可以吃呀[流泪],0
2025/3/29 11:04,别急，这趋势很快就少了[尬笑],0
2025/3/29 11:04,有人说我在洗白就真的好笑，理性讨论又有人急了，父母都让少吃零食，我又没强迫吃，况且我自己都不喜欢吃薯片,0
2025/3/29 11:04,@难哄小憨包 特丁苯二酚以后有这个的别吃了,0
2025/3/29 11:04,那肯定得查啊，效果好又便宜的药不能上[抠鼻],0
2025/3/29 11:05,都有国家标准,0
2025/3/29 11:05,天塌了，吃了很多,0
2025/3/29 11:05,@难哄小憨包 少吃,0
2025/3/29 11:05,温水煮青蛙[宕机],1
2025/3/29 11:05,从此拒绝乐事薯片,0
2025/3/29 11:06,买都买了[看],0
2025/3/29 11:06,所有入嘴的食品能不能先检测，合格了再准许销售,0
2025/3/29 11:06,天哪，上周刚买了一袋,0
2025/3/29 11:06,太贵了，我吃的子弟[捂脸],0
2025/3/29 11:06,旺旺雪饼  仙贝都含有这些添加剂,0
2025/3/29 11:06,孩子们都吃多少年了，早干啥去了,1
2025/3/29 11:06,你真奇葩,1
2025/3/29 11:06,@海盐幻想 最不喜欢的两个口味[捂脸]我妹最爱吃这两个味道,0
2025/3/29 11:06,吃吧，也不差这一包，挣钱不容易[捂脸]而且，要咱命的也不是它一种，只是它被爆出来了而已[不失礼貌的微笑],0
2025/3/29 11:06,啥也别吃了[捂脸][捂脸][捂脸],0
2025/3/29 11:06,我昨天晚上刚买俩大袋黄瓜??味的[发呆],0
2025/3/29 11:07,不谈剂量谈毒性是吧[捂脸]人家完完全全符合国家食品安全标准,0
2025/3/29 11:07,@疑心病 @！！！！ @y I H' @倦客 @Ixtab @随便吧?????♀? @罗CR7 @我是阿言 @天天有喜 [流泪][流泪][流泪][流泪][流泪][流泪],0
2025/3/29 11:07,故意夸大其词，好像国内的薯片就很健康一样，我怕是有过之而无不及,1
2025/3/29 11:07,你早不说[黑脸],1
2025/3/29 11:07,完蛋[泣不成声],0
2025/3/29 11:07,还有我能吃的不,0
2025/3/29 11:07,罚款@央视新闻,1
2025/3/29 11:07,@拾遗 @爱中滋生恨 @朵店 看的我想吃了晚上买包[黑脸],0
2025/3/29 11:07,@你敢我就敢,1
2025/3/29 11:07,[打脸],1
2025/3/29 11:07,吃两口吧，虽然没啥用，但是挺好吃的,0
2025/3/29 11:07,已经含致癌添加剂好啥还符合国家标准？,1
2025/3/29 11:07,几十年了才和我说这？,1
2025/3/29 11:07,1,1
2025/3/29 11:07,百毒不侵了,0
2025/3/29 11:07,2,0
2025/3/29 11:07,3,0
2025/3/29 11:07,乐事里的添加你以前就说过 还那样,0
2025/3/29 11:07,@虾米腻 @呢一腻 我家还有两包咋办,0
2025/3/29 11:07,我,0
2025/3/29 11:08,4,0
2025/3/29 11:08,因为人口多，处理一些,0
2025/3/29 11:08,可以可以 这个可以有[种树],0
2025/3/29 11:08,@??科长,0
2025/3/29 11:08,好大一场背刺[可愛],1
2025/3/29 11:08,我刚买，你说咋办,0
2025/3/29 11:08,我正在吃乐事,0
2025/3/29 11:08,靠，还有两箱,1
2025/3/29 11:08,我不爱吃,0
2025/3/29 11:08,????,0
2025/3/29 11:08,5/0.2=25也就是说得一次性吃25公斤，长期摄入也只是增加风险,0
2025/3/29 11:08,刷到这个视频的第一感觉乐事薯片不是中国的，一搜，果然美国的,0
2025/3/29 11:08,符合国家标准规定就行了，百姓吃了有什么不关他们的事。。。只要按时缴税就行[看][看],1
2025/3/29 11:08,自己做的安全,0
2025/3/29 11:08,1,1
2025/3/29 11:08,还经常给孩子吃[捂脸][捂脸],0
2025/3/29 11:08,5,0
2025/3/29 11:08,我也学学！！！！以后不会都要手做吧,0
2025/3/29 11:09,现在只要是买的什么能吃，这个在范围内，那个不超标，如果一次吃多种累积起来是不是都超标了？还是从源头控制添加剂才是不祸及子孙的真理！！！,0
2025/3/29 11:09,啥事都有的,0
2025/3/29 11:09,"人家说的事实哇，符合国家标准。这么清楚不知道你们要抓他们干嘛。
国家都标准和他们啥关系嘛！[捂脸]",1
2025/3/29 11:09,现在是吃什么都问题,0
2025/3/29 11:09,别问为什么用英文发现vb对中文敏感一直屏蔽,0
2025/3/29 11:09,[流泪][流泪][流泪][流泪][流泪],0
2025/3/29 11:09,吃，这个太好吃了无法拒绝,0
2025/3/29 11:09,关键在于这个成分人体能不能完全代谢得出去，如果会在身体里积累的话，还是有影响的,0
2025/3/29 11:09,我对零食已经不感兴趣了[黑脸],0
2025/3/29 11:09,不吃饿死？,1
2025/3/29 11:10,回复@微量土豆丝炒姜丝:快来加入上好佳的大家庭??????,0
2025/3/29 11:10,应该写，某台含有一级致癌物乙醇。某华含有一级致癌物尼古丁,1
2025/3/29 11:10,。,0
2025/3/29 11:10,@胡萝卜卜 [流泪],0
2025/3/29 11:10,@猪脚圈?? [泪奔]最喜欢的牌子居然破防了,0
2025/3/29 11:10,1,1
2025/3/29 11:10,2,0
2025/3/29 11:10,3,0
2025/3/29 11:10,有什么关系，又不会被查，随便加[暗中观察],1
2025/3/29 11:11,下次不许在贪吃了,1
2025/3/29 11:11,[流泪],0
2025/3/29 11:11,[流泪]手中的乐事它不香了,0
2025/3/29 11:11,国家让用[笑哭],0
2025/3/29 11:11,只要符合国家标准，就……,0
2025/3/29 11:11,终于抓到凶手了[尬笑],1
2025/3/29 11:11,昨天刚买,0
2025/3/29 11:11,呵呵[尬笑],1
2025/3/29 11:11,我想知道  它怎么合格生产的,1
2025/3/29 11:11,没这么严重吧,0
2025/3/29 11:11,硬,0
2025/3/29 11:12,。。,0
2025/3/29 11:12,。。。,0
2025/3/29 11:12,。。。。,0
2025/3/29 11:12,看看我有铁没,0
2025/3/29 11:12,中国食品是产业，不是食品[泪奔][泪奔][泪奔][泪奔],1
2025/3/29 11:12,辣条本来就是不干净的东西，很多人还说车间干净就行了，告诉你们，车间是干净，但你们不知道的是添加剂有几十种，原料仓堪比放农药的仓库,1
2025/3/29 11:12,就是承认致癌咯[舔屏]只是符合国家的标准,1
2025/3/29 11:12,有的有的老铁,0
2025/3/29 11:12,给人吃多长时间，食品安全去哪了,1
2025/3/29 11:12,4,0
2025/3/29 11:12,@? 坏了,1
2025/3/29 11:13,5,0
2025/3/29 11:13,没有,0
2025/3/29 11:13,怕啥，零食基本都有,0
2025/3/29 11:13,[捂脸],0
2025/3/29 11:13,为什么还要上架来卖,1
2025/3/29 11:14,先不说添加剂致不致癌，吃一包长一斤肉谁能受得了[尬笑],0
2025/3/29 11:14,两个女儿都喜欢吃，看来不买了,0
2025/3/29 11:14,苏打饼干的配料表里也有特丁基对苯二酚[捂脸]，这还有啥东西能吃呢？,0
2025/3/29 11:14,这东西就算不致癌也不能天天吃啊，得有点常识，这种零食太垃圾,1
2025/3/29 11:15,又无法代谢了，你肝衰竭了吗[捂脸][OK],1
2025/3/29 11:15,所有薯片，不是乐事,0
2025/3/29 11:16,你要是肝衰竭或者把肝卖了那你确实代谢不了[捂脸][OK],1
2025/3/29 11:16,家里还有几包，吃还是不吃？在线等，挺急的！,0
2025/3/29 11:16,no,0
2025/3/29 11:16,@炸蛋 [流泪][流泪][流泪][流泪],0
2025/3/29 11:17,没事吃啥都不干净 死不了就行[捂脸][愉快],1
2025/3/29 11:17,如果这个薯片真的致癌的话，那就说明我们从小到大吃过这么多薯片的人活不久了,0
2025/3/29 11:17,不过我还是希望我们能永生,0
2025/3/29 11:17,薯片还是云南的现炸土豆片好吃，是真正的土豆片[灵机一动]不像这个是粉末压制的,0
2025/3/29 11:18,是不是致癌物都能不吃就不吃[看],0
2025/3/29 11:18,吃,0
2025/3/29 11:19,@怡怡爱吃菠萝蜜 @OHIO!! @钱多多?? @晚星序,0
2025/3/29 11:19,之前干什么去了，现在才讲出来,1
2025/3/29 11:19,@Morbid,1
2025/3/29 11:20,昨天用1个土豆炸了一大盘，撒上烧烤料，2个儿子秒杀，以后暑片给孩子在家做不买,0
2025/3/29 11:20,@玉米黄的乌柿 还好现在不爱吃薯片了[流泪],0
2025/3/29 11:20,完了，我最爱原味,0
2025/3/29 11:21,@桂附地黄丸 天塌了，才吃完一包,0
2025/3/29 11:21,那我也吃,0
2025/3/29 11:21,上好佳也不错,0
2025/3/29 11:22,关键是没有人被抓，这也不属于犯法[看],0
2025/3/29 11:22,能不能给我们留条活路,1
2025/3/29 11:24,刚打开了一包,0
2025/3/29 11:25,《長期》《過量》[尬笑][尬笑][尬笑],0
2025/3/29 11:25,吃了这么多年了，现在才曝光,0
2025/3/29 11:25,我也,0
2025/3/29 11:25,@Skyline [泣不成声],0
2025/3/29 11:25,添加剂：氯化钠 谷氨酸钠 乙酸 乙醇,0
2025/3/29 11:26,天塌了[尬笑][尬笑][尬笑][尬笑],0
2025/3/29 11:26,严格来说，你现在买的肉菜都有问题，包括水，米这些。更不说餐馆，火锅店了。反而这么多年来，国外企业是最遵守法规的。很多国内企业做的产品比这个就不说了。人这么漂亮，也要多学习一下。,1
2025/3/29 11:28,[666][666][666],0
2025/3/29 11:28,那是慢性的，等到病症出来了，就晚了,0
2025/3/29 11:29,去起诉它,1
2025/3/29 11:29,昨晚才吃,0
2025/3/29 11:29,天塌了[宕机]还好我一直吃玉米片,0
2025/3/29 11:30,你也知道长期，过量摄入啊[泪奔]5g什么概念，你要吃5吨以上才会有5g，而且达到5g才可能有致命风险，你每天当饭吃都不会有问题，加上你身体是会代谢的，人是活的，少来制造剂量焦虑，呼吸的空气还是二类致癌物呢，烟酒更是一类致癌物，应该0摄入，只要摄入一点点就100%致癌风险怎么不说，红肉也是二类致癌物呢，别吃肉了吧,1
2025/3/29 11:31,@起风了?? [看],0
2025/3/29 11:31,之前我最爱黄瓜味 现在发现新大陆玉米片了 配料干净口味也多[猪头],0
2025/3/29 11:31,美国的,0
2025/3/29 11:31,@遥听 @我啥了,0
2025/3/29 11:32,这个成分美国 1972 年就使用了，中国九十年代就使用了，有问题早就有问题了,1
2025/3/29 11:32,吓得我赶紧吃包薯片压压惊[宕机],0
2025/3/29 11:32,烟酒还是一类致癌物呢[泪奔]啥概念，你闻到烟味，一滴酒就明确100%的致癌，相比之下这点算什么[尬笑]吃十几公斤薯片才可能达到致癌的风险而已[泪奔],0
2025/3/29 11:33,大家记住了，只要能在配料表光明正大标明出来的，都是被允许的，谁允许谁才能解决，跟品牌有啥关系？,0
2025/3/29 11:33,烟酒超过0就是明确致癌，不是风险，怎么不说呢,1
2025/3/29 11:33,和同等商品上好佳和好丽友对比，只有乐事含脂肪酸和阿司巴甜,0
2025/3/29 11:34,更喜欢可比克点,0
2025/3/29 11:34,@蒹葭 赶紧开一包尝尝[绝],0
2025/3/29 11:34,对孩子都这么狠,1
2025/3/29 11:34,谢谢让我了解这！！,0
2025/3/29 11:35,感觉自己老了 很多话听不懂,0
2025/3/29 11:35,哈哈哈哈,0
2025/3/29 11:35,[笑哭][笑哭][笑哭] 啥也不敢吃了,0
2025/3/29 11:36,以前爱吃原味的  现在因为减肥吃了食验室家的玉米片 配料表很干净,0
2025/3/29 11:36,算了 一条烂命就是干[泪奔],1
2025/3/29 11:40,放红牛就是熊猫妹饭,1
2025/3/29 11:41,[看][看]现在吃米饭不是炫富么,0
create_time,content,0
