timestamp,content,label
2025/2/28 20:06,这是我听过最厉害的翻唱版本[不失礼貌的微笑],0
2025/2/28 23:13,震惊，黄霄云把后面电吉他的声音都“啊”出来了！？[宕机][宕机],0
2025/3/1 0:16,我说真的 她这个翻唱版本是我唯一认可的 而且是真的想看她现场唱出来的[流泪]她可是初代火姐啊[流泪]录这个音频的时候她应该还没成年 现在一定更厉害了吧[流泪]那年跟我们??一样被全网黑 希望她越来越好[流泪],0
2025/3/1 0:55,第一句真的有花花的感觉,0
2025/3/1 1:48,好震撼，鸡皮疙瘩起来了,0
2025/3/1 2:20,@阿凤 初代火姐。,0
2025/3/1 3:08,技能好，技术练，头声一直飘容易，转胸声就要下功夫,0
2025/3/1 3:58,正是能唱的时候，赶紧多巡几次把知名度再打开一点，等着你的体育场四面台[呲牙],0
2025/3/1 8:17,她其实也是花花的粉丝[捂脸],0
2025/3/1 8:56,虽然鲸鱼叫没有了，但是人声电吉他也好厉害[泪奔],0
2025/3/1 10:00,华晨宇这首歌没的喷，目前没看到能超越他的翻唱。,0
2025/3/1 10:02,"原唱就是最后一个""埃""头声滑到G5，黄的这版把电吉他部分的有Eb6-C6-Bb5-Ab5-Bb5的那一段也唱出来了",0
2025/3/1 12:22,这才是好听的翻唱[求抱抱],0
2025/3/1 12:33,原唱才是永远的神,0
2025/3/1 13:07,翻唱最好的版本[舔屏],0
2025/3/1 13:40,@小羊妹妹 你可以学新的了,0
2025/3/1 14:19,我记得她在歌手说过他也很欣赏华晨宇,0
2025/3/1 14:47,这版翻唱很好听[流泪][舔屏],0
2025/3/1 15:02,这首歌有点神奇，原唱不火，翻唱一个比一个火[泪奔],0
2025/3/1 15:21,华晨宇的歌每年都火,0
2025/3/1 18:21,烟火里的尘埃以前有一个人唱得好听，后面他收费被告了[看],0
2025/3/1 18:58,虽然我不是华晨宇歌迷，但这首歌他自己独一档[呆无辜],0
2025/3/2 0:51,虽然我不是华晨宇粉丝，但是这首歌他唱的那种压抑感、撕裂感，是所有翻唱没有的,0
2025/3/2 2:40,还记得18年的夏天吗？被郁欢的声音所吸引住了[泣不成声][泣不成声][泣不成声],0
2025/3/2 5:39,好厉害…这个是我听过最牛的翻唱[发呆],0
2025/3/2 8:28,这人唱功太逆天了,0
2025/3/2 9:45,记不记得有个玩具在头上抓一下那个灵魂提取器，每次听这一段都有这种感觉 无论多少次,0
2025/3/4 1:09,我不是华晨宇粉丝，但我觉得暮色回响很适合他，但上次评论就被喷了[泪奔],0
2025/3/8 2:48,华晨宇是我很喜欢的男歌手 而女歌手 最爱的是黄霄云,0
2025/3/8 10:55,"不用比较,欣赏就好[灵机一动],黄霄云越来越好了真的也不容易,而且看得出来,她也不是个喜欢营销的姐妹[捂脸]。之前和花花一样被骂的老惨了[捂脸]",0
2025/3/9 22:44,她真的很厉害，参加歌手时候很多人说他炫技。可是现在谁唱歌不炫技？她有资本炫。,0
2025/3/10 5:57,终于有个实力派女歌手翻唱花花很出名的这歌了[流泪],0
2025/3/10 12:10,虽然我也不粉华晨宇，他的歌好多我也欣赏不来。但是烟火里的尘埃和好想爱这个世界啊这两首是神[泣不成声],0
2025/3/11 19:29,有没有音乐生说一下这是不是专业的啊？[紫薇别走],0
2025/3/11 19:29,无敌了[流泪]九千人在听,0
2025/3/11 19:30,听着不像 听起来是网红主播,0
2025/3/11 19:31,[奸笑],1
2025/3/11 19:31,[比心][比心][比心],0
2025/3/11 19:32,厚葬友军,0
2025/3/11 19:33,你放黄霄雲的原声当挑战？？？@黄霄雲（巡演版）,1
2025/3/11 19:33,你是黄霄雲啊,0
2025/3/11 19:33,悄悄告诉我，你是不是黄霄雲,0
2025/3/11 19:33,不对[看],0
2025/3/11 19:34,考虑出道吗？娱乐圈有个叫黄雲霄的唱法和你好像,0
2025/3/11 19:34,刀收不住了，厚葬吧,1
2025/3/11 19:34,这是我女朋友随便唱唱玩的，不是专业的哦[看],0
2025/3/11 19:39,[舔屏]跟黄霄雲PK一下，她是我看着长大的,0
2025/3/11 19:39,你怎么放黄霄雲原声？[宕机]@黄霄雲（巡演版）,1
2025/3/11 19:39,音色怎么这么像黄霄雲，不管了就派你去干掉她,1
2025/3/11 19:40,[衰][衰][衰]说什么话，明明是我的[机智],1
2025/3/11 19:40,只是对黄霄雲拙劣的模仿罢了[看],1
2025/3/11 19:41,这是吃了多少黄霄雲,1
2025/3/11 19:41,黄霄雲牛逼！！！,0
2025/3/11 19:41,以为是黑子，一看名字释怀了[看],1
2025/3/11 19:42,不是，好像是黄面包,0
2025/3/11 19:42,姐姐出道吧[泣不成声]我要当你的老粉，你和我偶像黄霄雲的唱法好像啊！！！！,0
2025/3/11 19:42,[疑问]还是太明显了吗,0
2025/3/11 19:43,同学还得练，争取向行业标杆黄霄雲看齐[送心],0
2025/3/11 19:43,是小号蛋糕[看],0
2025/3/11 19:43,不是 是郝香驰[灵机一动],0
2025/3/11 19:43,说反了,0
2025/3/11 19:44,这是她小号[看],1
2025/3/11 19:44,哈哈哈哈哈,0
2025/3/11 19:47,不儿 你黄霄雲啊,1
2025/3/11 19:47,有没有专业人士解答一下这段强混无缝衔接头声超高音的含金量[发呆][发呆],0
2025/3/11 19:50,极致的??,1
2025/3/11 19:51,[看],0
2025/3/11 19:51,这是哪位粉丝在模仿黄霄雲女士,0
2025/3/11 19:54,来了来了本人来了，只是小唱一下，没想到被录下来了呢[看],0
2025/3/11 19:56,抓专业人士[打call],0
2025/3/11 20:14,哈哈哈,0
2025/3/11 20:17,这个就是面包唱的其实,0
2025/3/11 20:18,不是。是奶油包,0
2025/3/11 20:18,姐姐有兴趣进娱乐圈吗？你的声线很像那个叫黄霄雲的，我觉得你能超过她[看][看][看][看],0
2025/3/11 20:26,修成电音了哈[泣不成声],0
2025/3/11 20:27,包不是的,0
2025/3/11 20:28,这是混响 朋友,0
2025/3/11 20:29,哈哈哈666，她有必要修吗[看],1
2025/3/11 20:30,可是，这个视频确确实实修音了啊[黑脸],1
2025/3/11 20:31,修没修我不清楚，电音咋听出来的[憨笑]（纯好奇）,0
2025/3/11 20:33,层主是我们粉丝的女粉丝头子[看],0
2025/3/11 20:34,这是黄霄云的现场,0
2025/3/11 20:35,其实这个是黄霄雲的抖音小号[捂脸],0
2025/3/11 20:35,?这是本人,0
2025/3/11 20:37,哪里比较明显啊，练耳朵中,0
2025/3/11 20:37,你的耳朵好可怜[流泪],1
2025/3/11 20:41,不是这条还能在这种情况用呢,0
2025/3/11 20:41,诚邀您3.22广州演唱会现场试听[大金牙],0
2025/3/11 20:42,哪修成电音了[惊恐]加了音效而已,0
2025/3/11 20:42,姐有没有考虑取代黄霄雲,0
2025/3/11 20:42,我问你个事[绿帽子],1
2025/3/11 20:45,首先我没否认她的实力  我只是客观的指出了她这段视频修音了  况且我说的没错哈,0
2025/3/11 20:45,你说的是混音吧,0
2025/3/11 20:46,首先我没有破防，其次修音对黄霄雲来说是反向修音，欢迎大家客观公正评价，但不接受没搞清楚就来敲键盘,0
2025/3/11 20:47,不可能,1
2025/3/11 20:47,修音了和修成电音是一个概念？没想到大哥不仅耳朵不好，语文也不好,1
2025/3/11 20:47,有修音和修成电音是两种概念好叭[疑问],0
2025/3/11 20:48,面包??，下周歌唱比赛要唱你的星辰大海啦[泪奔],0
2025/3/11 20:48,不至于成电音啊[发呆],0
2025/3/11 20:49,黄霄云真不用修哈[黑脸],1
2025/3/11 20:50,首先我没否认她的实力  我只是客观的指出了她这段视频修音了  况且我说的没错哈,0
2025/3/11 20:54,老师复刻一下[色],1
2025/3/11 20:54,[看][看][看],0
2025/3/11 20:55,这首《烟火里的尘埃》关于这首编曲，还有独特的音色还有最后的海豚音，明显的进步了很多你好，宇宙无敌面包[比心][比心][比心],0
2025/3/11 20:55,我循环了一晚上，听不够[看][看][看],0
2025/3/11 20:56,这就是明星吗，住的地方好高好豪华啊,0
2025/3/11 20:57,对,0
2025/3/11 20:58,哈哈哈,0
2025/3/11 21:03,不，强过黄霄雲,1
2025/3/11 21:06,首先这是录音室版本肯定是要修音的，而且你上来一句修成电音，不管你的动机是什么都让人看着不舒服,1
2025/3/11 21:06,告诉黄霄雲，我不回去了，这位小姐姐才是我的真爱[呲牙],1
2025/3/11 21:07,黄霄云：还好老娘出道早[微笑],1
2025/3/11 21:07,表情和这个好像[笑哭],0
2025/3/11 21:09,加油,0
2025/3/11 21:15,怎么这么像黄霄云翻唱过的烟火里的尘埃？[微笑],0
2025/3/11 21:15,豪！,0
2025/3/11 21:15,你知道什么叫修成电音吗[泪奔],0
2025/3/11 21:20,因为这是我们黄的小号[黑脸],1
2025/3/11 21:21,看她另外一条抖音,0
2025/3/11 21:26,吃点好的[捂脸],0
2025/3/11 21:27,确实很厉害，但是修音又不是个人行为[捂脸]，这个节目播出谁都修了,0
2025/3/11 21:30,这就是黄霄雲[看],0
2025/3/11 21:34,有点像黄霄云的音色,0
2025/3/11 21:36,原来你也是黄霄雲粉丝[抱抱你][抱抱你][抱抱你],0
2025/3/11 21:36,听着好像黄霄云啊！！特别是尘埃的那句埃,0
2025/3/11 21:37,喜欢解解的也都喜欢黄霄云吧[流泪],0
2025/3/11 21:41,这不是黄霄云唱的吗[捂脸],0
2025/3/11 21:44,我也没听出电音啊[捂脸]修音是有你说修出电音在哪呢？[捂脸],0
2025/3/11 21:44,有个叫黄霄云的女的模仿你，你可得注意了[他急了],1
2025/3/11 21:47,快来个人告诉我，这到底是不是黄霄云啊,0
2025/3/11 21:48,是黄小云[看],0
2025/3/11 21:48,真是黄霄云啊[捂脸],0
2025/3/11 21:49,就是黄霄云啊,0
2025/3/11 21:49,就是他唱的[看][看],0
2025/3/11 21:49,是的,0
2025/3/11 21:49,小号[看],0
2025/3/11 21:50,这哪里修的像电音了？,1
2025/3/11 21:51,收到[比心],0
2025/3/11 21:51,这就关注[比心],0
2025/3/11 21:52,没修[捂脸]后面的是电吉他加Eb6的头声,0
2025/3/11 21:53,你都把技巧说出来了[看]哪怕不会那也带点专业啊[看],0
2025/3/11 21:53,华晨宇的像尘埃落幕，博主的感觉像一阵狂风袭来尘埃漫天飞的感觉[看],0
2025/3/11 21:53,太有实力了[流泪],0
2025/3/11 21:55,这可是央音第一黄霄雲[看],1
2025/3/11 21:56,牛[色],1
2025/3/11 21:56,才意识到华晨宇这首都已经11年了[赞][憨笑],0
2025/3/11 21:57,这不是她家，是工作室，她家在乡下呢，出道前就是个普通的农村女孩啦，后面靠着自己努力打拼才住这么高,0
2025/3/11 21:58,朋友们，黄霄云在平台上发了这个歌！,0
2025/3/11 21:58,不是！[看],0
2025/3/11 21:59,全网模仿黄霄雲最牛的博主[泣不成声][泣不成声][泣不成声],0
2025/3/11 22:00,我还以为是哪一个博主呢[捂脸],0
2025/3/11 22:00,这是黄霄雲小号[捂脸],1
2025/3/11 22:00,加油加油[打call],0
2025/3/11 22:00,明明不一样这是live[看],0
2025/3/11 22:02,他有首都这首歌吗[嘘][发呆],0
2025/3/11 22:03,这首 都已经[捂脸],0
2025/3/11 22:03,你不会就是黄霄雲演唱会嘉宾吧[看],0
2025/3/11 22:05,加油[比心],0
2025/3/11 22:06,我猜好想吃吃女士会去黄霄雲3月22的演唱会[看],0
2025/3/11 22:07,美食博主[看],0
2025/3/11 22:09,这是面包的小号 哈哈哈,0
2025/3/11 22:09,是的 这是她的小号,0
2025/3/11 22:09,她家其实是这样的[看],0
2025/3/11 22:10,你们有没有觉得我的id和这个博主有点像[蜜蜂狗][看],0
2025/3/11 22:12,确实[看],0
2025/3/11 22:12,冲冲冲[蜜蜂狗],0
2025/3/11 22:15,小云小号[看],0
2025/3/11 22:15,你确定？,0
2025/3/11 22:15,一顿吃几个黄霄雲啊？,1
2025/3/11 22:15,我作证，就是你唱的[看],1
2025/3/11 22:16,这是在香港吧[捂脸],0
2025/3/11 22:16,包的去做嘉宾[看],0
2025/3/11 22:18,不是黄霄云，是黄霄云的妹妹[抠鼻]，别听他们乱说[捂脸]，,0
2025/3/11 22:18,憋笑挑战吗，对不起我输了[流泪],0
2025/3/11 22:18,这是能播的吗[看],0
2025/3/11 22:20,对，她是黄霄云啊,0
2025/3/11 22:20,@， 哈哈哈哈哈哈哈哈哈哈哈哈哈哈哈哈哈哈哈哈哈哈哈哈哈哈哈哈哈哈哈哈哈哈哈哈,0
2025/3/11 22:21,她小号不可能这么少人呀,1
2025/3/11 22:21,有没有可能就是她[看],0
2025/3/11 22:21,@(?▽?),0
2025/3/11 22:22,@xin期一不起床 好牛喔[发呆] 要是第三個高音我們早就破音了,0
2025/3/11 22:22,刚开的小号 刷到全凭缘分[看],0
2025/3/11 22:22,你可能认识的人: 韦一敏,0
2025/3/11 22:22,刚开的小号[看],0
2025/3/11 22:22,你也行的,0
2025/3/11 22:22,比啥呢[捂脸]都很厉害好吧,0
2025/3/11 22:22,小号向来低调[看],0
2025/3/11 22:23,刚开的吧，应该是。我也是最近才刷到的,0
2025/3/11 22:23,刚开，也没有宣传，粉丝全凭缘分刷到关注,0
2025/3/11 22:23,原唱是华晨宇哦[猪头]黄霄云唱的也好棒[猪头]博主姐姐也好厉害[调皮],0
2025/3/11 22:24,要不把黄霄雲@过来和UP主打一架？,1
2025/3/11 22:24,确定[吐舌],0
2025/3/11 22:24,这个是hxy小号[赞],1
2025/3/11 22:24,有没有可能这个就是她本人[看],0
2025/3/11 22:25,这个就是黄霄雲[宕机],1
2025/3/11 22:25,博主就是黄霄云吧？[黑脸],1
2025/3/11 22:25,不，这首歌没人能唱出原唱那种感觉,0
2025/3/11 22:25,她应该是指她对着女声版翻唱的，细节上不太一样,0
2025/3/11 22:26,不好意思这是黄霄雲小号[看],0
2025/3/11 22:26,不是？这是黄云霄啊我嘞个,0
2025/3/11 22:26,华晨宇唱的挺好听的，他的歌得用心慢慢体会，不要被营销号带节奏[感谢]，而且烟火里的尘埃这首歌真的没法喷挺好听的,0
2025/3/11 22:27,名打反了,1
2025/3/11 22:29,@透明小海 好厉害,0
2025/3/11 22:30,有没有可能这就是黄霄雲，我PK我自己？[看],0
2025/3/11 22:30,这个声音好像黄霄云啊，关注了！最近疯狂循环她的“没了我你依然拥有太阳”，循环几天了，超好听！,0
2025/3/11 22:31,wb那边小号开了挺久，抖这边刚开,0
2025/3/11 22:32,好吧，都很厉害[呲牙],0
2025/3/11 22:33,包是面包的啊,0
2025/3/11 22:34,哈哈哈哈哈,0
2025/3/11 22:34,这不就是黄霄云的原声吗,0
2025/3/11 22:34,哈哈哈哈哈你不玩微博吗[捂脸],0
2025/3/11 22:35,[抠鼻]这是周深还是黄霄云,0
2025/3/11 22:35,[捂脸][捂脸][捂脸][捂脸][赞],0
2025/3/11 22:36,他说的啥,0
2025/3/11 22:36,朵莉亚的人鱼之歌你肯定也行[惊喜][惊喜][惊喜],0
2025/3/11 22:36,哈哈哈哈哈哈,0
2025/3/11 22:36,黄,0
2025/3/11 22:38,她唱过耶哈哈,0
2025/3/11 22:38,还真唱过,0
2025/3/11 22:39,比我的人鱼之歌还是差一点[微笑][赞],0
2025/3/11 22:39,专业人士大部分做不到[灵机一动],0
2025/3/11 22:39,黄霄雲,0
2025/3/11 22:40,小号[送心],0
2025/3/11 22:40,黄霄云,0
2025/3/11 22:40,咋的？你河南的？,1
2025/3/11 22:41,你认识黄霄云吗…这是黄霄云唱的啊，这是她小号啊,0
2025/3/11 22:41,他回复那个说哥没有“首都”这首歌的说“哥们儿别忍着了，有空赶快去医院看看吧”,1
2025/3/11 22:41,[微笑],0
2025/3/11 22:42,那已经是她现在音乐节和演唱会的必备曲目了[大笑][大笑][大笑],0
2025/3/11 22:42,对啊，这不跟人有关系吗，跟地域啥关系，河南几个亿人呢，没必要地域黑奥,0
2025/3/11 22:42,哈哈哈哈哈哈哈哈哈哈哈哈哈哈哈哈哈哈哈,0
2025/3/11 22:42,华晨宇这首歌咋又火了,0
2025/3/11 22:42,哦哦哈哈哈哈哈我说怎么这牛[色],1
2025/3/11 22:42,知道啦[坏笑],1
2025/3/11 22:43,哈哈哈哈哈哈,0
2025/3/11 22:43,正经差不少呢,0
2025/3/11 22:43,没事，主要是怕你念习惯就改不过来了,0
2025/3/11 22:43,黄霄雲,0
2025/3/11 22:44,有没有可能这也是她[看],0
2025/3/11 22:45,我知道黄霄云啊，但是我不知道这是她小号啊[捂脸]我说听着声音怎么那么像[捂脸],0
2025/3/11 22:46,能唱成这样的，这个世界只有两个。一个是黄霄雲，另一个就是这个黄面包[看][看][看],0
2025/3/11 22:46,很多女生都可以做到，而且是天生的，我妈音准比较差，高音区会走音，但是过换声点从来没有断层,0
2025/3/11 22:46,[微笑],0
2025/3/11 22:46,听第一遍，好像有点像黄霄云。看了看评论区，难道就是黄霄云？再进去看看主页，真的是黄霄云！[惊恐],0
2025/3/11 22:46,憋笑挑战,0
2025/3/11 22:46,嗯嗯是的，我是花花粉丝[害羞],0
2025/3/11 22:46,感觉要??，留个屁股，现在2.7w，你看到的时候多少？,0
2025/3/11 22:46,差太多了[赞][赞],0
2025/3/11 22:46,窝会努力的[如花][如花][如花],0
2025/3/11 22:47,那你成功了吗[憨笑][憨笑],0
2025/3/11 22:47,嗯嗯[害羞][抱抱你],0
2025/3/11 22:47,这声音要穿透屏幕了[泪奔],0
2025/3/11 22:47,不2.2吗,1
2025/3/11 22:47,唱的要超过黄霄雲了[干饭人],0
2025/3/11 22:48,刚1.7w[捂脸][捂脸],0
2025/3/11 22:48,你刷新一下[看],0
2025/3/11 22:48,哈哈哈哈哈哈哈,0
2025/3/11 22:48,[如花],0
2025/3/11 22:48,2.5万不可能再多了,0
2025/3/11 22:48,刷到视频第一耳，怎么除了黄霄云还有这么厉害的人，而且唱的很像啊。再仔细听，好像有点不对劲。一看主页，这不就是黄霄云？！,0
2025/3/11 22:48,现在2.9w了[宕机]你刷新一下,0
2025/3/11 22:49,穿透力绝绝子,0
2025/3/11 22:49,哈哈哈 [看],0
2025/3/11 22:49,天呐 姐姐你唱的和黄霄云好像啊[泣不成声][泣不成声]好牛,0
2025/3/11 22:50,2.0w,0
2025/3/11 22:51,2.9了[看],0
2025/3/11 22:51,2.5,0
2025/3/11 22:51,3.1了[看],0
2025/3/11 22:51,哈哈哈,0
2025/3/11 22:51,1.2[发呆],0
2025/3/11 22:52,1.2[发呆],0
2025/3/11 22:52,这不就是霄云本人吗？,1
2025/3/11 22:52,哈哈，这段头声不看脸就知道是黄霄雲，因为模仿不了[捂脸],0
2025/3/11 22:52,中肯的,0
2025/3/11 22:52,@ZICK！,0
2025/3/11 22:52,3.1,0
2025/3/11 22:53,@挖掘机挖●彪,1
2025/3/11 22:53,你让老师丢了半条命[暗中观察],1
2025/3/11 22:54,这段头声不明显吗，就是黄霄雲。因为别人模仿不了[捂脸],0
2025/3/11 22:54,她就是黄霄云,0
2025/3/11 22:54,@晚来书,0
2025/3/11 22:54,是的,0
2025/3/11 22:54,不是本人号,0
2025/3/11 22:54,这是黄霄云妹妹 黄硝烟,0
2025/3/11 22:54,3.2了,0
2025/3/11 22:54,已经3.2了[捂脸],0
2025/3/11 22:54,3！e,0
2025/3/11 22:54,这俩是一个人啊，这是小号,1
2025/3/11 22:54,3.3,0
2025/3/11 22:54,原唱是华晨宇![憨笑][赞],0
2025/3/11 22:55,3.3,0
2025/3/11 22:55,黄霄雲小号,0
2025/3/11 22:55,然后呢最后呢也很好听，be拉满,0
2025/3/11 22:55,这是黄霄雲的小号,0
2025/3/11 22:55,我愿意为你取关黄霄雲[流泪],1
2025/3/11 22:55,对的，这是黄霄雲的小号,0
2025/3/11 22:55,是的,0
2025/3/11 22:56,哈哈哈哈老师还得练哈哈哈哈哈[泪奔],0
2025/3/11 22:56,3.2,0
2025/3/11 22:56,[捂脸][捂脸][捂脸],0
2025/3/11 22:56,是的,0
2025/3/11 22:56,哈哈哈,0
2025/3/11 22:56,是滴，这个是翻唱,0
2025/3/11 22:56,你该去挂个耳科看看了[灵机一动],1
2025/3/11 22:57,这个就是黄霄雲，人家玩抽象呢,0
2025/3/11 22:57,你再给面包吓哭了把这个删了[看],1
2025/3/11 22:57,这个就是黄霄雲，人家玩抽象呢…,0
2025/3/11 22:57,咳咳，介绍一下，这是星辰大海原唱歌手黄霄雲的小号，3月22日广州演唱会欢迎大家！！！！快点加入我们魔星大军吧！！！加不了吃亏加不了上当[二哈][二哈][二哈],0
2025/3/11 22:57,来3.22现场感受一下现场修不修，刚好你也在广东[看],0
2025/3/11 22:57,因为这就是黄霄云的原声。。。,0
2025/3/11 22:57,是她小号，她微博小号也是这个,0
2025/3/11 22:58,3.5,0
2025/3/11 22:58,好,0
2025/3/11 22:59,因为这就是黄霄雲[大笑][大笑][大笑],0
2025/3/11 22:59,@清风不疯 @你喜欢向日葵ma,0
2025/3/11 22:59,这就是黄霄云[黑脸],1
2025/3/11 22:59,原来是小号[捂脸][捂脸][捂脸],0
2025/3/11 23:00,哈哈哈家人们玩梗的 面包唱的超级棒,0
2025/3/11 23:00,这是人家小号[流泪],0
2025/3/11 23:00,我可能唱一半就没气了别说唱上去了[黑脸][强壮]@幸运小猪 @保卫萝卜卜卜卜卜卜,0
2025/3/11 23:00,就排你去奇袭黄霄雲吧[害羞],0
2025/3/11 23:01,好好好,0
2025/3/11 23:01,我看也可以,0
2025/3/11 23:01,@Hyundai,0
2025/3/11 23:01,顶！！！！！！！！！！！！！！！！！！！！！！！！！！！！！！！！！！！！！！！！！！！！！！！！！！！！！！！！！！,0
2025/3/11 23:01,等一下，黄霄云小号？？？,0
2025/3/11 23:02,@AlvandLeopord 好听,0
2025/3/11 23:02,姐姐唱得可以和黄霄雲媲美了[泣不成声]难以抉择！你俩都是女版最强！,0
2025/3/11 23:03,对[看],0
2025/3/11 23:03,嗯嗯,0
2025/3/11 23:03,林俊杰我们的爱级别[逞强落泪],0
2025/3/11 23:03,@十個美夢蓋過了天空,0
2025/3/11 23:03,@狐狸 @古月晚柔的妈妈呀,0
2025/3/11 23:03,回家了,0
2025/3/11 23:04,？,0
2025/3/11 23:04,七年前手机直录的可以去听听哈，哪里修过头了请指出,0
2025/3/11 23:04,哈哈哈，还段头声不看脸就知道是黄霄雲，因为模仿不了[捂脸],0
2025/3/11 23:05,她就是黄霄云[送心],0
2025/3/11 23:05,[看][看][看][看]小号,0
2025/3/11 23:05,黄霄云出过烟火里的尘埃的单曲的,0
2025/3/11 23:05,他好像是黄霄云小号[发呆],0
2025/3/11 23:05,笑死了，一堆好朋友给我普及面包小号[呲牙],0
2025/3/11 23:06,非常nb,0
2025/3/11 23:06,不是，难道你们都没听过郁欢版的吗？,0
2025/3/11 23:06,有没有可能就黄小云的小号[看],1
2025/3/11 23:06,加油,0
2025/3/11 23:06,小号,1
2025/3/11 23:07,对!面包在各种地方都标明了原唱[送心] 今天正式翻唱版最后的地方唱了花花老师的《孩子》[流泪]我们kp做视频也都带了原唱 希望两家补药因为这个吵起来 火姐都特别好 我们粉丝一直都在夸火姐[抱抱你],0
2025/3/11 23:07,@美羊羊今天吃什么,0
2025/3/11 23:07,@加Bei 牛逼,0
2025/3/11 23:07,哈哈哈，这段头声太明显了是黄霄雲，因为别人是模仿不了的[捂脸],0
2025/3/11 23:07,非常厉害,0
2025/3/11 23:08,emm，你有必要吗，人家就唱一下，你就恶意评论啊,1
2025/3/11 23:08,我感觉我上天了,0
2025/3/11 23:08,不好意思，郁欢没版权，这个可是买了版权的[看],0
2025/3/11 23:08,要死不活的，这首歌要表达的不是那种郁闷的情感,1
2025/3/11 23:09,这是黄霄云小号哈哈,0
2025/3/11 23:09,@1bbao @Potato @秋橙 @LIIIIII @kt帽,0
2025/3/11 23:09,@Tsuki,0
2025/3/11 23:09,可以唱人鱼之歌了[泣不成声],0
2025/3/11 23:10,额。。。大概我比较emo吧，更喜欢这个版本,0
2025/3/11 23:11,主播主播，这一首《烟火里的尘埃》还是太吃技巧和嗓音了，有没有更简单的歌曲[看][看][看],0
2025/3/11 23:11,@好想吃面包蛋糕芝士,0
2025/3/11 23:11,哎，我听到啥了，黄霄雲本霄,0
2025/3/11 23:11,是滴,0
2025/3/11 23:12,女的还行 男的才牛逼,1
2025/3/11 23:12,没听过，盗版的不听??,1
2025/3/11 23:12,你去跟华晨宇一起唱[绿帽子],1
2025/3/11 23:13,那个翻唱还收录进自己收费专辑的吗[尬笑],1
2025/3/11 23:13,[吐舌][吐舌][吐舌],0
2025/3/11 23:13,是滴,0
2025/3/11 23:13,有没有可能层主知道，只是在玩梗[捂脸],0
2025/3/11 23:13,给我来一个毁灭全世界的高音[微笑],1
2025/3/11 23:13,嗯嗯，每个人审美都不同[抱抱你],0
2025/3/11 23:14,你怎么像开了原唱一样[泣不成声]感觉比黄霄雲还厉害????[看],0
2025/3/11 23:14,大号唱过青藏高原,0
2025/3/11 23:14,有的，兄弟有的，《画中来》《伟大梦想》《那时的光》这几首都是比较简单的,0
2025/3/11 23:14,这个高音可以唱朵莉亚的人鱼之歌，包火的，太好听啦,0
2025/3/11 23:16,漠叔抢劫我，我报警了，电话是漠叔接的[看],1
2025/3/11 23:17,很牛了,0
2025/3/11 23:17,刚去听了下，郁欢没有那么撕裂空间的震撼感[泣不成声],0
2025/3/11 23:17,你看她id哈哈哈[大笑],1
2025/3/11 23:18,没听过，一开始听的花花的,0
2025/3/11 23:18,@不留 @A丶邪劫 @樽酒 @losxxxxve @梦里,0
2025/3/11 23:18,对的 这个我是知道的 但是有的人吧他就是不知道  会乱说 我害怕的是这个没有说要引战的意思,0
2025/3/11 23:20,我们看到了也会说的!,0
2025/3/11 23:20,谢谢[玫瑰][赞],0
2025/3/11 23:21,@嘻嘻西西,0
2025/3/11 23:21,很厉害的,0
2025/3/11 23:21,她唱过了[机智],0
2025/3/11 23:22,没有技巧全是机能,0
2025/3/11 23:22,多大仇,1
2025/3/11 23:23,@金老师（超喜欢朱教授版,0
2025/3/11 23:23,超强[泣不成声][泣不成声][泣不成声],0
2025/3/11 23:24,邢老师你也来一段[看],0
2025/3/11 23:24,我的后面有回复 可以看到[玫瑰] 谢谢理解[玫瑰][玫瑰][赞],0
2025/3/11 23:24,你咋不说《盲选》加《羽众不同》好声音版本[看][看][看],0
2025/3/11 23:24,哈哈哈哈,0
2025/3/11 23:24,去搜了一下，原来是把别人原唱的歌收到自己的专辑里收费，后面版权纠纷被告的劣迹音乐人呀[送心],1
2025/3/11 23:24,3.8,0
2025/3/11 23:24,[看],0
2025/3/11 23:24,等我,0
2025/3/11 23:24,我不行了。,0
2025/3/11 23:25,她就是黄霄云,0
2025/3/11 23:26,她就是黄霄云,0
2025/3/11 23:27,@哈哈）k?g,0
2025/3/11 23:27,原唱是华晨宇哦[猪头]黄霄云唱的也好棒[猪头]博主姐姐也好厉害[调皮],0
2025/3/11 23:27,@gamin .,0
2025/3/11 23:28,抖音专业人士表示，还得练[看],0
2025/3/11 23:28,是的 尊重原唱,0
2025/3/11 23:29,你的声音很适合黄霄雲的《盲选》[泣不成声],0
2025/3/11 23:29,我知道他唱过，我刷到过,0
2025/3/11 23:29,？[捂脸],0
2025/3/11 23:30,在宿舍唱了两句，室友以为天亮了[听歌],0
2025/3/11 23:31,这是黄霄云的小号！,1
2025/3/11 23:32,笑死我了,0
2025/3/11 23:32,因为就是黄霄云[展开说说],1
2025/3/11 23:33,牛,0
2025/3/11 23:33,耳机听的,0
2025/3/11 23:34,不玩[送心],0
2025/3/11 23:35,？？国内啥时候出现了这么厉害的人！[发呆],0
2025/3/11 23:35,现在发现也不晚,0
2025/3/11 23:35,赛尔号怎么培养出你这等人才？,1
2025/3/11 23:35,煮啵用尽全力也只是触摸到黄霄雲的门槛罢了[憨笑][憨笑][看],1
2025/3/11 23:36,黄霄云,0
2025/3/11 23:36,笑死我了哈哈哈哈哈哈哈哈哈,0
2025/3/11 23:37,黄霄云微博小号也叫这个[泪奔],0
2025/3/11 23:39,我宣布这已经脱离音乐生的范围了[流泪]这是宇宙声,0
2025/3/11 23:41,还活着吗[看],1
2025/3/11 23:41,哈哈哈，这段头声确实太离谱了[捂脸],0
2025/3/11 23:41,爱死吧绝对不亏[看][看],1
2025/3/11 23:41,这不就是黄霄云本人吗？,0
2025/3/11 23:41,"《烟火里的尘埃》是一首很特殊的歌，那份自平静中绽放的情感，被原唱??演绎得无比充沛，令人沉浸。      
        而当我第一次听在平台上听到面包用女声翻唱这首歌的时候，那份感觉焕然一新，那一版的收音也许不够清晰，但演唱的艺术向来不在于音质，可以听见，面包对这首歌的情感有了属于自己的理解，开端多了分失意与沉沦感（ps:个人听感理解），自由地绽放，更加肆意，这是个不同的、优秀的一个翻唱版本。
         七年的时间，面包的心境变了很多，发声习惯与技术也改变了许多，对歌曲的理解定不同于往日，这次全新的演绎，值得期待！",0
2025/3/11 23:42,这是小号啊哥们,1
2025/3/11 23:42,她就是,1
2025/3/11 23:42,这是小号哥们,0
2025/3/11 23:44,哈哈哈，这结局的头声吟唱确定太有辩识度了，也不是可以模仿出来的[捂脸],0
2025/3/11 23:44,@真的是你 我说怎么这么强，搞半天黄霄云小号 [微笑],1
2025/3/11 23:45,她这不是用的音频吗？,0
2025/3/11 23:45,哈哈哈，说明黄霄雲并不缺辩识度[捂脸],0
2025/3/11 23:45,就是，你打脸了[他急了][他急了],1
2025/3/11 23:45,还行,0
2025/3/11 23:45,对啊[微笑][疑问],0
2025/3/11 23:46,是的 她刚发的版本,0
2025/3/11 23:46,她自己唱的呀,0
2025/3/11 23:47,啊？可是，为啥她用音频那么多人夸她,0
2025/3/11 23:47,@大白就是小王 这个听的我头皮发麻,0
2025/3/11 23:48,啊？？这是黄霄雲吗？,0
2025/3/11 23:48,我只能说 不管你是啥生  这段无缝转换[宕机]而且空间感很足声音通透质感很棒  到后面依然没出现拉扯   顶级了,0
2025/3/11 23:49,唱完了吗 我要掀起坡澜了,1
2025/3/11 23:49,是小号呀，我还以为别人呢哈哈哈哈,0
2025/3/11 23:50,因为这是黄霄雲小号呀～,0
2025/3/11 23:51,qq音乐发的自己的版本，可以去听[抱抱你][抱抱你],0
2025/3/11 23:51,听过，B站有郁欢华晨宇黄霄雲的合集，听一遍你就知道普通网红跟专业歌手之间的差距有多大了,0
2025/3/11 23:51,我不行了,0
2025/3/11 23:51,@yeol  [憨笑],0
2025/3/11 23:52,对呀，这是她的小号,0
2025/3/11 23:52,有没有可能这是小号[憨笑]你质疑什么呢[赞],0
2025/3/11 23:53,@娣魅 专业的,0
2025/3/11 23:55,这是头声，不知道也很正常，因为既没吃过猪肉也没见过猪跑，华语乐坛有这么通透头声的只有黄霄雲,0
2025/3/11 23:58,@雲 复刻一下下[流泪],0
2025/3/11 23:58,@SpadesK [流泪],0
2025/3/11 23:59,@软糖小羊 @月亮懒洋洋 @一甘蔗抡死你 @花姐还是华姐 @弥满 @非晚 @佛躺,0
2025/3/12 0:00,你看看这是谁[灵机一动],0
2025/3/12 0:02,看评论前不是姐们你黄霄云啊，看了评论真黄霄云啊,1
2025/3/12 0:04,是小号,1
2025/3/12 0:05,哈哈哈这是黄霄雲小号呀,0
2025/3/12 0:05,@财神保佑一路发发发发发发,0
2025/3/12 0:05,@鑫鑫? 牛牛牛,0
2025/3/12 0:06,@小小鸡毛大王??,0
2025/3/12 0:06,看着点赞量不断增加，按道理来说我应该特别开心，可我却好心酸[快哭了]七年前那个稚嫩的女孩儿如今已绽放万丈光芒，背后却默默咽下了无数不为人知的辛苦，好希望她被更多的人看到，黄霄雲也有很多优秀的原创歌曲，希望大家能够多多支持。[送心],0
2025/3/12 0:06,啊啊啊啊火姐吗[抱抱你][抱抱你][抱抱你],0
2025/3/12 0:07,这是黄霄雲的小号,1
2025/3/12 0:07,[快哭了][快哭了][快哭了],0
2025/3/12 0:08,黄霄云本人[捂脸],0
2025/3/12 0:08,给你点个赞,0
2025/3/12 0:08,@xhzzydoi,0
2025/3/12 0:09,小号[看][看],0
2025/3/12 0:09,赞同，博主下个视频唱《盲选》可以吗[送心],0
2025/3/12 0:09,@serein,0
2025/3/12 0:10,好滴[玫瑰],0
2025/3/12 0:10,妈呀[宕机],0
2025/3/12 0:10,[舔屏][赞],0
2025/3/12 0:14,黄霄云本人小号也是张嘴就来修成电音哈[愉快]有点实力,0
2025/3/12 0:14,整个晚上最好笑的评论,0
2025/3/12 0:14,[送心],0
2025/3/12 0:15,@阿七,0
2025/3/12 0:15,不是音乐生 单纯路人 就光听声音整个人鸡皮疙瘩起来了 我就知道很牛逼[鼓掌],0
2025/3/12 0:15,@说了再见 没有我，你能感受到吗？[灵机一动],0
2025/3/12 0:16,她那口水网红唱法我个人爱不来[黑脸],1
2025/3/12 0:16,老表，我都听了一天一夜了，等一个演唱会现场版,0
2025/3/12 0:16,是金子总会发光的。面包说了努力就会有回报[快哭了],0
2025/3/12 0:17,@六ぁ金 [流泪]我嘞个,0
2025/3/12 0:18,这个真需要天赋[尬笑],0
2025/3/12 0:20,@别来管我 [宕机],1
2025/3/12 0:20,有手就行,1
2025/3/12 0:20,翻唱的意义就在于出新，不一定非要和原唱一样，每个版本的感觉不一样[比心],0
2025/3/12 0:21,@手draw饼?? 还真是,0
2025/3/12 0:22,原创我真的感觉不好听，个人原因吧，饭圈忽喷,1
2025/3/12 0:23,那火姐也是很幸福了[泣不成声],0
2025/3/12 0:24,6,0
2025/3/12 0:24,@愿反 @叫我Snake.,0
2025/3/12 0:24,想喷，但是忍住[看],1
2025/3/12 0:25,[思考],0
2025/3/12 0:27,机器人唱法[捂脸],0
2025/3/12 0:28,这是黄霄云小号啊姐[黑脸],1
2025/3/12 0:29,熟练的转换是日以继夜的练习造就出来的，高音不是谁都会，是慢慢练出来的，我现在高二音乐生真的特别羡慕[流泪],0
2025/3/12 0:32,@茉莉泡芙 波浪阿敏,0
2025/3/12 0:33,这段太顶了,0
2025/3/12 0:33,加油加油你也可以的[打call],0
2025/3/12 0:34,@ZY. @妗子雪 @hello77 @?.??? @? _ ? ? _ ? @HOSHI.,0
2025/3/12 0:34,这是面包的小号[害羞],0
2025/3/12 0:35,那很好了[调皮][比心],0
2025/3/12 0:36,[委屈],0
2025/3/12 0:38,各有喜好，我作为粉丝，我当然也觉得黄霄雲大多数歌翻唱得好，但是肯定要尊重原唱，毕竟法师的大多数歌还是很有水平的。,0
2025/3/12 0:39,是哪位魔星这么有实力啊，让我康康。。。。不儿你黄霄雲啊！！！,1
2025/3/12 0:39,天啊和黄霄雲一样厉害,0
2025/3/12 0:39,还真是[泣不成声][泣不成声][泣不成声][泣不成声],0
2025/3/12 0:40,准备过两天唱这个！！发视频，有人蹲吗！！[求求了],0
2025/3/12 0:42,蹲！,0
2025/3/12 0:42,[机智],0
2025/3/12 0:42,蹲好了，两天后见,0
2025/3/12 0:43,就是她[不失礼貌的微笑][不失礼貌的微笑][不失礼貌的微笑][不失礼貌的微笑][不失礼貌的微笑],0
2025/3/12 0:43,[求求了][求求了][求求了][求求了],0
2025/3/12 0:43,好啊！！！[求求了][求求了][求求了][求求了],0
2025/3/12 0:44,@岚城千夜,0
2025/3/12 0:44,蹲！[调皮],0
2025/3/12 0:44,[求求了][求求了][求求了][求求了],0
2025/3/12 0:44,这是黄霄雲小号？,0
2025/3/12 0:44,[惊恐][惊恐][惊恐],0
2025/3/12 0:45,蹲,0
2025/3/12 0:47,她就是朵莉亚本亚了[看],0
2025/3/12 0:47,这是她[看],0
2025/3/12 0:48,谢谢谢谢[流泪],0
2025/3/12 0:48,@芽芽???′????`??? @Yyyw??,0
2025/3/12 0:48,什么！你要闪击波兰？,0
2025/3/12 0:48,蹲,0
2025/3/12 0:48,因为她是央音第一黄霄雲[看],1
2025/3/12 0:50,[求求了][求求了][求求了][求求了],0
2025/3/12 0:50,真的吗，这是她小号？,0
2025/3/12 0:51,蹲,0
2025/3/12 0:51,捉[憨笑][憨笑][憨笑][憨笑],0
2025/3/12 0:52,[求求了][求求了][求求了][求求了],0
2025/3/12 0:52,哇哇哇，谢谢宝宝，花花很厉害的哈哈哈dream一个合作啦[猪头]如果有反串的pph对事不对人哦，看到这些我们也会??的！,0
2025/3/12 0:53,这黄霄云的声音，央音专业第一的含金量[捂脸],0
2025/3/12 0:53,没得黑了黑她音准[捂脸],1
2025/3/12 0:54,笑死我了,0
2025/3/12 0:54,@沉迷学习，日渐玄学 [发呆],0
2025/3/12 0:55,[看]这就是hxy,1
2025/3/12 0:57,要是博主早几年出道就没有黄霄雲什么事了[看],1
2025/3/12 0:57,我差点以为是黄霄云[宕机],1
2025/3/12 0:58,有没有可能这就是黄霄雲，而黄霄雲十年前就出现了，还越来越厉害[看],0
2025/3/12 0:58,就是[听歌][黑脸],1
2025/3/12 0:58,是小号哦[色],1
2025/3/12 0:58,是他妹妹[送心],0
2025/3/12 0:58,不是的,0
2025/3/12 0:59,其实就是[看],0
2025/3/12 1:00,比原唱强,0
2025/3/12 1:00,@爱吃鸡爪煲 @炸鸡腿?? @霖._企鹅不耐热?? @61?? @sakula @桃汁11 @月瘦十斤不是梦 @甜心小千-,0
2025/3/12 1:01,@??无畏花开????,0
2025/3/12 1:02,黄霄雲真的太强了[惊喜][惊喜][惊喜],0
2025/3/12 1:02,这首歌没火之前我就会唱，没想到多年以后它火了,0
2025/3/12 1:03,@被迫改名字,1
2025/3/12 1:03,郁欢更强不解释,0
2025/3/12 1:04,@Lioucoe_,0
2025/3/12 1:04,像npc一样[捂脸][捂脸][捂脸],0
2025/3/12 1:05,那个没版权被告的人吗[捂脸][捂脸][捂脸],0
2025/3/12 1:05,@Solitude @日落前赴约 @清野…… @你压到我腿毛了 @快别吃了,0
2025/3/12 1:05,郁欢情感更饱满,0
2025/3/12 1:05,地下停车场或者楼道,0
2025/3/12 1:05,这首歌以前就火啊 谁不知道我就是我不一样的烟火那句歌词,0
2025/3/12 1:05,我怕误会，也加了个狗头[看]，梗中梗，就是怕误伤友军[看],0
2025/3/12 1:06,没她我不知道这首歌,0
2025/3/12 1:06,你就当做不是的，好玩,0
2025/3/12 1:09,送你上去[泣不成声],1
2025/3/12 1:09,你能说出这话你也一定不是等闲之辈啊[赞],0
2025/3/12 1:09,你们不提谁知道郁欢？搜了下也就一般,1
2025/3/12 1:10,这是黄霄雲小号吗,1
2025/3/12 1:10,我甚至读不懂这句话[黑脸],1
2025/3/12 1:11,@爱上一簇红蔷薇 @小星果茶 @小喵喵喵 @上一休六,0
2025/3/12 1:11,？，，您贵庚,0
2025/3/12 1:11,本来就火[捂脸],0
2025/3/12 1:12,咋了。这首歌都11年了。你觉得它很年轻吗。。,0
2025/3/12 1:12,谁好人家KTV唱这么高的歌[黑脸]我初中的时候就有不少玩手机的人听过了，不怎么看电视玩手机的估计是没听过,0
2025/3/12 1:13,笑死我了,0
2025/3/12 1:13,是,0
2025/3/12 1:14,我第一句就可以破,1
2025/3/12 1:14,是的哈哈[看][看],0
2025/3/12 1:16,拉满了,0
2025/3/12 1:16,那无所谓，众口难调，你喜欢就行,0
2025/3/12 1:17,@?椿 [泪奔],0
2025/3/12 1:17,送你上去,1
2025/3/12 1:17,好嘞,0
2025/3/12 1:19,其实我觉得我这样也蛮好,0
2025/3/12 1:20,[看]包的,0
2025/3/12 1:20,没有，只是前几年这首歌火的时候确实是在榜的，想着是不是您年龄小或者其他所以那时候没关注,0
2025/3/12 1:21,我学会的时候16年，跟前几年应该没关系。。,0
2025/3/12 1:23,（沉默）（感觉我好像发错评论区位置了）（尴尬故溜走）,0
2025/3/12 1:23,不是,0
2025/3/12 1:24,不说了 其实我也行[二哈],0
2025/3/12 1:28,就是本人小号来的 她微博也是这个id,0
2025/3/12 1:29,@玛卡巴卡丶柚子 [笑哭][笑哭][笑哭][笑哭],0
2025/3/12 1:29,哈哈哈哈哈,0
2025/3/12 1:29,不得不说，华晨宇这首歌，是我最喜欢的歌曲之一，太有才了[赞],0
2025/3/12 1:30,这首歌我没记错在一八年火了一次，被一个女翻唱，唱火一次，没想到多年以后又火了[捂脸],0
2025/3/12 1:30,[强],0
2025/3/12 1:33,我知道啊[害羞][灵机一动],0
2025/3/12 1:39,蹲 记得踢我,0
2025/3/12 1:39,右下角原声[捂脸],0
2025/3/12 1:40,林夕的词都不会太差,0
2025/3/12 1:42,@哦嚯 好家伙 原来是本人的小号,0
2025/3/12 1:45,有没有种可能她这用的是黄霄云的音源,0
2025/3/12 1:48,@栢崧,0
2025/3/12 1:52,"热知识:她是国家一级歌手,她还是《never gonna give you up》的原唱[愉快][赞]",0
2025/3/12 1:52,@今天不吃宵夜,0
2025/3/12 1:55,这就是黄霄雲小号，视频声音是清唱的，和挂的音源不一样[看],1
2025/3/12 1:57,还得练,0
2025/3/12 1:57,你？ 我？？你？？ 好,0
2025/3/12 1:58,给你个任务，冒充黄霄云[黑脸][看][看][看],1
2025/3/12 1:58,姐姐[不看],0
2025/3/12 1:58,无人懂你的梗哈哈哈哈哈哈哈 你是粉丝哈哈哈哈,1
2025/3/12 1:58,该睡觉了，孩子,0
2025/3/12 1:58,早点睡,0
2025/3/12 1:58,回复我一下[呲牙],0
2025/3/12 1:58,哇逮到本人了,0
2025/3/12 1:58,6,0
2025/3/12 1:58,逮住真人[暗中观察],1
2025/3/12 1:58,逮到了,1
2025/3/12 1:58,真人，刚刚[泣不成声],0
2025/3/12 1:58,刚刚[呆无辜],0
2025/3/12 1:58,[发呆],0
2025/3/12 1:58,抓,1
2025/3/12 1:58,刚刚[咒骂],1
2025/3/12 1:58,哇 是刚刚哎[色][色],1
2025/3/12 1:58,哈哈哈哈 可爱捏,0
2025/3/12 1:58,哇，抓住了,0
2025/3/12 1:58,刚刚刚刚[憨笑][憨笑][憨笑][憨笑],0
2025/3/12 1:59,抓,1
2025/3/12 1:59,面包还不睡！,0
2025/3/12 1:59,[看],0
2025/3/12 1:59,我勒个豆[黑脸],1
2025/3/12 1:59,刚刚,0
2025/3/12 1:59,嗯？新鲜的,0
2025/3/12 1:59,还不睡宝贝,0
2025/3/12 1:59,@高宏小橙老师,0
2025/3/12 1:59,本人,0
2025/3/12 1:59,哈哈哈,0
2025/3/12 1:59,真的来了[愉快][赞],0
2025/3/12 1:59,哇塞,0
2025/3/12 1:59,什么？？？,0
2025/3/12 1:59,牛波一,1
2025/3/12 1:59,[比心],0
2025/3/12 1:59,啊！,0
2025/3/12 1:59,新鲜的,0
2025/3/12 1:59,太巧了一分钟前热乎的[愉快],0
2025/3/12 1:59,[流泪][流泪][流泪],0
2025/3/12 1:59,是真人，关注了[呲牙],0
2025/3/12 1:59,捉[色],1
2025/3/12 1:59,快去睡觉[咒骂],1
2025/3/12 1:59,今年去歌手唱这个,0
2025/3/12 1:59,还不睡觉！,0
2025/3/12 1:59,[黑脸]热乎的哈,0
2025/3/12 2:00,“你是本尊那我是谁？”,0
2025/3/12 2:00,@夜闯妮姑安 嗯？,0
2025/3/12 2:00,哦豁豁[看],0
2025/3/12 2:00,捉！,0
2025/3/12 2:00,哈哈哈哈哈哈 懵了,0
2025/3/12 2:00,不是吧,0
2025/3/12 2:00,你行你上,1
2025/3/12 2:00,[憨笑],0
2025/3/12 2:00,[看],0
2025/3/12 2:00,我去,0
2025/3/12 2:00,捉[舔屏][舔屏][舔屏],1
2025/3/12 2:01,我就是我,0
2025/3/12 2:01,抓到啦[抱抱你],0
2025/3/12 2:01,该睡了孩子,0
2025/3/12 2:01,妈妈！！！,0
2025/3/12 2:01,我操[黑脸][大笑][大笑][大笑][大笑][大笑]这么近,1
2025/3/12 2:01,我去 热乎的,0
2025/3/12 2:01,哈哈哈哈,0
2025/3/12 2:01,啊？,0
2025/3/12 2:01,还不睡！,0
2025/3/12 2:01,捉,0
2025/3/12 2:01,好热乎[宕机],0
2025/3/12 2:01,你的关注[舔屏],0
2025/3/12 2:01,@21°C @11^ @无敌嗜血狂神 @烤冷面. @imnoramhhhhh 哇塞[送心],0
2025/3/12 2:01,@曲奇. 三分钟前[黑脸],1
2025/3/12 2:01,你好,0
2025/3/12 2:01,自己吓自己[尬笑],0
2025/3/12 2:01,面包晚上好[玫瑰][大笑],0
2025/3/12 2:02,不什戈门，这么晚还不睡，明天不上班吗,0
2025/3/12 2:02,抓！！！！,1
2025/3/12 2:02,所以面包蛋糕芝士好吃吗[看],0
2025/3/12 2:02,还没睡[看],0
2025/3/12 2:02,@给草莓贴芝麻,0
2025/3/12 2:02,再不睡头发要掉光光喽[宕机],0
2025/3/12 2:02,这样啊知道了,0
2025/3/12 2:02,好好好哈哈哈哈哈哈哈,0
2025/3/12 2:02,wtf,1
2025/3/12 2:02,[泣不成声]喜欢你7年了，上次答应万人演唱会一定到，这次真的到了[泣不成声]能翻我牌吗[泣不成声],0
2025/3/12 2:02,[送心][送心][送心][送心][送心],0
2025/3/12 2:03,捉，老乡,0
2025/3/12 2:03,哈哈哈本人都质疑了,0
2025/3/12 2:03,抓到啦[色],1
2025/3/12 2:03,天啊这人和黄霄雲一样厉害[流泪],0
2025/3/12 2:03,[看][看][看]棋逢“对手”,0
2025/3/12 2:03,[看]怎么办 考虑一下演唱会让好想吃女士上台[看],0
2025/3/12 2:03,老师还分什么你我[看],0
2025/3/12 2:04,这是真有石粒的[捂脸],0
2025/3/12 2:04,抓到一只熬夜包！快去休息！！！,0
2025/3/12 2:04,哇,0
2025/3/12 2:04,哇哦,0
2025/3/12 2:04,她把你吃了吗,1
2025/3/12 2:04,[尬笑]这就抓到了？,0
2025/3/12 2:04,《好》,0
2025/3/12 2:04,哇塞,0
2025/3/12 2:05,真么晚,0
2025/3/12 2:05,抓住,1
2025/3/12 2:06,应该是古德,0
2025/3/12 2:06,俩姐妹快睡觉,0
2025/3/12 2:06,你来啦,0
2025/3/12 2:06,我这应该还算是前排[舔屏][舔屏][舔屏],0
2025/3/12 2:06,你厉害宝子,0
2025/3/12 2:06,快去睡觉！！！[比心],0
2025/3/12 2:06,抓住！,1
2025/3/12 2:06,晚上好[色][色][色],1
2025/3/12 2:06,@御手洗,0
2025/3/12 2:06,[求求了],0
2025/3/12 2:06,捉，还不睡觉！[呲牙],0
2025/3/12 2:06,哇！八分钟，活的,1
2025/3/12 2:06,你快睡！！！！！,1
2025/3/12 2:07,广州等你老师,0
2025/3/12 2:07,那我问你，为什么还不睡觉[你不大行],1
2025/3/12 2:07,我滴妈,1
2025/3/12 2:07,@Kissu小勺 这有个熬夜的,0
2025/3/12 2:07,还不睡[看],0
2025/3/12 2:07,[泣不成声][泣不成声][泣不成声][泣不成声],0
2025/3/12 2:07,你也还不睡啊哥们,0
2025/3/12 2:07,这是谁？,0
2025/3/12 2:08,活的霄雲哎,0
2025/3/12 2:08,我去[宕机],1
2025/3/12 2:09,捉[咒骂],1
2025/3/12 2:09,我勒个豆是真的黄霄云[憨笑],0
2025/3/12 2:09,是活生生的黄霄云哎[憨笑],0
2025/3/12 2:10,??早点休息吧，保重身体，愿你平安健康快乐??,0
2025/3/12 2:10,熬夜,0
2025/3/12 2:10,我勒个，幸好出道早[思考],0
2025/3/12 2:10,真的高，也真的好听啊,0
2025/3/12 2:10,啊~[咒骂][咒骂][咒骂][咒骂][咒骂][咒骂][咒骂],1
2025/3/12 2:11,这对吗[发呆],0
2025/3/12 2:11,逮到本尊了[宕机],1
2025/3/12 2:11,还没睡呢,0
2025/3/12 2:13,哇哇哇还不睡,0
2025/3/12 2:13,捉[看],0
2025/3/12 2:14,啊啊啊[泣不成声],0
2025/3/12 2:14,捉,0
2025/3/12 2:15,年年考年年会[黑脸][强壮],0
2025/3/12 2:15,还不睡，又抓到小面包你熬夜了,0
2025/3/12 2:16,捉[色],1
2025/3/12 2:16,原来明星也爱熬夜[看]完了明天我还要八点半起床上班[捂脸][捂脸][捂脸][泪奔][泪奔][捂脸][捂脸],0
2025/3/12 2:16,你？她？都很好！,0
2025/3/12 2:16,姐怎么还不睡[眼含热泪],0
2025/3/12 2:17,会玩[看],0
2025/3/12 2:17,我靠捉到活的了[流泪],1
2025/3/12 2:17,好…好想吃[看],0
2025/3/12 2:18,面包还不睡[发呆],0
2025/3/12 2:20,抓,1
2025/3/12 2:22,这是她小号,1
2025/3/12 2:22,咱们期待一下和好想吃女士的battle谁更胜一筹呢[看][看],0
2025/3/12 2:22,啊[舔屏],0
2025/3/12 2:23,宝宝早点休息[偷笑],0
2025/3/12 2:24,活捉,1
2025/3/12 2:24,抓,1
2025/3/12 2:25,[泪奔][泪奔][泪奔],0
2025/3/12 2:26,自言自语[微笑],0
2025/3/12 2:26,抓 这夜熬的,0
2025/3/12 2:26,@蓝星球,0
2025/3/12 2:27,早点休息[小鼓掌],0
2025/3/12 2:28,两点了还不睡么姐姐[流泪][流泪][流泪],0
2025/3/12 2:29,深夜整活是吧[看],1
2025/3/12 2:30,好好休息，身体好了状态才能好啊,0
2025/3/12 2:34,这她小号 [泪奔],1
2025/3/12 2:34,我们好想吃女士就是厉害,0
2025/3/12 2:35,加了哦，面包看到你们的评论了[灵机一动],0
2025/3/12 2:35,面包看到啦，已经加进去了[灵机一动],0
2025/3/12 2:37,面包看到啦，已经改了[灵机一动],0
2025/3/12 2:38,@方知 @人生难免有遗憾 @别着急 @行止 @给你一拳,1
2025/3/12 2:38,我是谁？我是我？谁是我？[钱][钱][钱],0
2025/3/12 2:43,抓到你啦,1
2025/3/12 2:44,[抱抱你][抱抱你][抱抱你]看评论区才知道这个是面包小号[捂脸]超级厉害的[比心],0
2025/3/12 2:44,哎不是 你本人啊[666][666][666][666][666],0
2025/3/12 2:46,[抱抱你]花花也厉害！上次刷到日出演唱会，我感觉已经是历史级别的棒了，但是看你们的留言感觉舆论环境似乎也不好，唉，心疼，面包也惨兮兮的。,0
2025/3/12 2:46,@???????????,0
2025/3/12 2:49,哈哈哈哈哈哈哈哈哈哈哈哈哈,0
2025/3/12 2:50,嗓子里是住了个黄霄雲吗[暗中观察],1
2025/3/12 3:05,又熬夜,0
2025/3/12 3:07,666,0
2025/3/12 3:12,@CJ_cutgirl,0
2025/3/12 3:12,@淡墨痕 @L'X @三三想吃糖鸭 @nox @我是贝利亚大王 @taroast. @呵玛雅,0
2025/3/12 3:15,噢噢,0
2025/3/12 3:15,嗦嘎,0
2025/3/12 3:19,要亮天了[宕机],0
2025/3/12 3:20,[飞吻][飞吻][飞吻],0
2025/3/12 3:21,我靠，本人！,1
2025/3/12 3:26,晚安[抱抱你],0
2025/3/12 3:27,这是干嘛？,1
2025/3/12 3:29,@九五九同学,0
2025/3/12 3:32,黄霄云的 [看],0
2025/3/12 3:33,我去我去我去！活的！！！,0
2025/3/12 3:40,@小气鬼. @???坂田银时的袅是甜的??? @Zayne @凭栏闲 @暮辞,0
2025/3/12 3:48,用王者解释就是用瑶1挑5在不买水军的情况下拿五杀[灵机一动],0
2025/3/12 3:53,[看]比我还抽象[灵机一动],0
2025/3/12 3:54,[比心],0
2025/3/12 3:56,@VV呀,0
2025/3/12 3:59,这吟唱确实厉害,0
2025/3/12 4:17,@反扑 hhhhhhhhh,0
2025/3/12 4:20,@高冷且富贵 [惊恐],1
2025/3/12 4:33,不玩了[噢买尬],0
2025/3/12 4:36,姐妹都爱熬夜[撇嘴],0
2025/3/12 4:45,你们！！,1
2025/3/12 4:51,@贰派 [流泪],0
2025/3/12 4:51,@fory妈,1
2025/3/12 5:00,@小乐.,0
2025/3/12 5:01,要好好休息哦。妹子[泣不成声],0
2025/3/12 5:41,@^y* 哈哈哈哈哈哈哈哈哈哈哈哈哈??都刷到了,0
2025/3/12 5:54,@ネф?イω [发呆],0
2025/3/12 6:11,差点以为是姐,0
2025/3/12 6:24,行,0
2025/3/12 6:33,抓,1
2025/3/12 6:37,啊，左右互搏之术？[灵机一动],0
2025/3/12 6:39,666[捂脸],0
2025/3/12 6:43,确实[看][看],0
2025/3/12 6:49,那我问你,0
2025/3/12 6:51,堪比黄霄云了，强的可怕,0
2025/3/12 6:58,你喜欢她[送心],0
2025/3/12 6:59,@Kiki爱碎碎念 哈哈哈哈哈哈,0
2025/3/12 7:01,@低头吻狮子,0
2025/3/12 7:02,@低头吻狮子 我觉得她就是hxy,1
2025/3/12 7:11,[看],0
2025/3/12 7:12,全网老实人都在这[看],0
2025/3/12 7:20,@祈梦家 [泪奔][泪奔][泪奔],0
2025/3/12 7:21,你在成都吗？??今年巡演应该有成都站的，热烈欢迎火姐来观演[送心][送心][送心],0
2025/3/12 7:22,姐姐来上海。[流泪],0
2025/3/12 7:24,[玫瑰][玫瑰],0
2025/3/12 7:24,[感谢][感谢][感谢][感谢],0
2025/3/12 7:24,[泪奔][泪奔][泪奔][泪奔][泪奔],0
2025/3/12 7:28,啊？,0
2025/3/12 7:28,啊啊啊啊啊！捉住一只鬼！??,0
2025/3/12 7:35,[捂脸]@筋饼土豆丝,0
2025/3/12 7:37,小号和大号博弈,0
2025/3/12 7:39,[捂脸],0
2025/3/12 7:40,@博.,0
2025/3/12 7:42,[捂脸][捂脸],0
2025/3/12 7:44,@Survivor 怎么还有这种人,1
2025/3/12 7:47,[泪奔]王不见王。,0
2025/3/12 7:47,@梦游?（减肥） @6868 @如故 @ZICO！,0
2025/3/12 7:49,鬼鬼,0
2025/3/12 7:50,@哎哟喂呀,0
2025/3/12 7:52,秒了[绿帽子],1
2025/3/12 7:52,@小布丁妈妈 @? ?,0
2025/3/12 7:54,@Sssss? @Agonie @￥. @阡陌 @氵天 @狗食宵夜摊今天不营业 @涵 @小刘不想驼背????? @诡异. @刺猬,0
2025/3/12 8:00,小品包你怎么这么有意思哈哈哈哈[飞吻],0
2025/3/12 8:02,我勒个妈妈,1
2025/3/12 8:05,这音色真的优美，不愧是你[看]@好想吃面包蛋糕芝士,0
2025/3/12 8:06,本人都来了！捉！,1
2025/3/12 8:07,玩这么抽象的吗,1
2025/3/12 8:08,@叫我懒羊羊大王,0
2025/3/12 8:08,就是歌曲版权都是网易云[裂开],0
2025/3/12 8:12,[憨笑]本来就火 华晨宇原唱,0
2025/3/12 8:15,小品你是无敌的[看][看],0
2025/3/12 8:16,[看][看][看][看]好家伙差点就信了,0
2025/3/12 8:16,@咋了 @??启缘?? @落花入我心 @苏打zzz @LeoooMei @智慧派大星 @regretsit @一只屑椅,0
2025/3/12 8:18,另一个平行时空的你,0
2025/3/12 8:21,@月月 太厉害了[赞][赞][震惊],0
2025/3/12 8:21,哇哦！[看]姐，她比你厉害多了是吧嘿嘿[奸笑],1
2025/3/12 8:21,小品女王名不虚传呀[捂脸],0
2025/3/12 8:21,差点以为是假的,0
2025/3/12 8:22,好,0
2025/3/12 8:22,@八月 [发呆],0
2025/3/12 8:23,@打咩打咩 @晚吟,0
2025/3/12 8:23,欢迎这位??精来广州演唱会现场听，人家是现场能上强混c6的人，差不多得了,1
2025/3/12 8:24,安排上,0
2025/3/12 8:24,强归强，但不是无缝，两个字中间不是断开了吗,0
2025/3/12 8:25,又熬夜嘞？,0
2025/3/12 8:26,@黄霄雲（巡演版）: 你？ 我？？你？？ 好,0
2025/3/12 8:27,又在熬夜！[看],0
2025/3/12 8:28,[黑脸],1
2025/3/12 8:30,@大胆 [尬笑][尬笑][尬笑],0
2025/3/12 8:33,3月22在广州有哦 后续也会有其他城市的巡演 欢迎来看[送心],0
2025/3/12 8:39,抽象姐带出来的兵[黑脸][黑脸][黑脸],1
2025/3/12 8:41,这是她小号[尬笑],1
2025/3/12 8:42,@沈屿今天吃瓜了嘛,0
2025/3/12 8:47,自言自语,0
2025/3/12 8:47,[舔屏][舔屏][舔屏],1
2025/3/12 8:48,没想到吧，有人超过你了[看],1
2025/3/12 8:51,@ME7N78,0
2025/3/12 8:51,@谦·谅 [宕机][宕机],0
2025/3/12 8:52,[泪奔][泪奔],0
2025/3/12 8:52,你行嘛,1
2025/3/12 8:53,对[看][看],0
2025/3/12 8:54,[看][看][看],0
2025/3/12 8:54,小号[看][看],0
2025/3/12 8:54,抓鬼??[看],0
2025/3/12 8:55,很抱歉遇到洗澡的我他还得练,0
2025/3/12 9:00,老天[色],1
2025/3/12 9:01,有啊，人鱼之歌，从头到尾就唱一个字，超简单！[憨笑],0
2025/3/12 9:02,[黑脸]俺不行,0
2025/3/12 9:04,人不能说不行[展开说说],0
2025/3/12 9:04,我不是这方面的专家，但我还是想发表一下我的观点。在我仔细看过你的问题之后思考了半天，最后决定不叙述我的观点了，因为我也不知道怎么回答。正如我开头说的，我也不是这方面的专家。,0
2025/3/12 9:04,这是真的[泣不成声],0
2025/3/12 9:05,是真的高,0
2025/3/12 9:06,[黑脸]人要有自知之明[黑脸],1
2025/3/12 9:07,吃早餐了,0
2025/3/12 9:08,好,0
2025/3/12 9:12,你好[比心],0
2025/3/12 9:13,不，不不，这是她的小号。[看][看],1
2025/3/12 9:14,@susain,0
2025/3/12 9:17,好好好[黑脸],1
2025/3/12 9:18,@大麦 [看][看],0
2025/3/12 9:20,拉住甲倾直接上就行了,1
2025/3/12 9:20,天才只是见黄霄雲的门槛哈[惊讶],1
2025/3/12 9:21,这不是黄霄云的声音？,0
2025/3/12 9:22,这是她小号,1
2025/3/12 9:22,就是他的声音，你没有听错，就是[看],0
2025/3/12 9:22,啊？[捂脸]我以为是哪个网友的,0
2025/3/12 9:23,[舔屏],1
2025/3/12 9:23,听过  不咋地 有气无力的,1
2025/3/12 9:25,不用怀疑，这就是她小号,1
2025/3/12 9:29,小号,1
2025/3/12 9:29,@花花炒蛋yu 我也以为是学的[撇嘴],0
2025/3/12 9:29,哈哈哈,0
2025/3/12 9:29,无缝不是不换气，是指正常人没法这样转化,0
2025/3/12 9:30,不许熬夜[暗中观察],0
2025/3/12 9:31,@badly @yumol 余老师王老师点评一下好吗？,0
2025/3/12 9:32,这个才是真的[疑问],0
2025/3/12 9:35,我信了你的邪！我就是上当了！都不知道是魔星还是魔怔了。。。,1
2025/3/12 9:36,最后那一段华丽的头声不是太明显了吗，不需要看脸，包是黄霄雲。这是别人能模仿的？[捂脸],0
2025/3/12 9:37,利用好bug也不是不行[看],0
2025/3/12 9:38,你觉得太明显了我又认不出来[捂脸][OK],0
2025/3/12 9:38,[看][看][看],0
2025/3/12 9:39,恩，可能是平时我听歌比较多了，所以歌手对我来说很容易辨别的[捂脸],0
2025/3/12 9:40,禁止自娱自乐,1
2025/3/12 9:40,是这个嘛？[灵机一动],0
2025/3/12 9:41,用得雲雲的音频[捂脸],0
2025/3/12 9:41,听歌听的很多那你很厉害嘛，但是跟我有什么关系[捂脸],0
2025/3/12 9:42,抢的真快[微笑],0
2025/3/12 9:42,@tyt,0
2025/3/12 9:43,唱个比她更高的[泪奔],1
2025/3/12 9:43,谢谢喜欢我们家小云[送心],0
2025/3/12 9:43,@有趣的蔬菜干 给原唱轰出来了[憨笑],0
2025/3/12 9:44,两个淘气宝宝,0
2025/3/12 9:46,听过，不喜欢,0
2025/3/12 9:53,[求求了][求求了][求求了],0
2025/3/12 9:53,不是哥们儿  你是我老婆黄霄雲吗,1
2025/3/12 9:53,周深可不可以唱这个[流泪],0
2025/3/12 9:53,@我也不知道啊,0
2025/3/12 9:54,1984年的微笑是吧[尬笑],1
2025/3/12 9:54,你老婆在一楼,1
2025/3/12 9:55,姐们你，黄霄云本人都惊讶了[宕机],1
2025/3/12 9:56,周深我觉得可以，他是少有的自身音色就很高的,0
2025/3/12 9:58,原唱不是华晨宇吗[憨笑],0
2025/3/12 10:00,世纪之战[呲牙],0
2025/3/12 10:00,@宸宸w. @domino ??,0
2025/3/12 10:01,这个音频的原唱[愉快],0
2025/3/12 10:01,@??执 @eat~饿 原唱,0
2025/3/12 10:01,这位博主好像比你厉害[看],0
2025/3/12 10:02,乐,0
2025/3/12 10:03,恭喜好想吃被翻牌,0
2025/3/12 10:04,@y^ ^y?? 哈哈哈哈哈,0
2025/3/12 10:04,买版权都可以唱,0
2025/3/12 10:05,@?? 都被翻牌了，这是真有实力,0
2025/3/12 10:06,正主来了[尬笑],0
2025/3/12 10:07,不是类似约德尔唱法那样，腔体突然转换一下吗？别人主要唱不到这么高，能唱这么高应该是能做到的。,0
2025/3/12 10:09,哈哈哈[泪奔],0
2025/3/12 10:11,不是人，已入神,1
2025/3/12 10:12,哈哈哈，正主来了,0
2025/3/12 10:14,禁止自娱自乐,1
2025/3/12 10:14,笑死我了,0
2025/3/12 10:16,好吧 还是黄霄雲更厉害点,0
2025/3/12 10:19,极致的牛????,1
2025/3/12 10:26,不认识,0
2025/3/12 10:28,花花的演唱会真的没得说，本来就唱得好，各方面也都是顶级,0
2025/3/12 10:30,@耶斯儿2号(超甜恋爱版) @寒雨舟yu @YAN-yu. @Lnclv @困了又困. 服了[尬笑],0
2025/3/12 10:30,放心吧，魔星也都会提到的，虽然我感觉这首歌这么火应该不会有人不知道原唱是谁哈哈哈,0
2025/3/12 10:31,虽然你很强，但这是抖音你还得练[看],1
2025/3/12 10:32,这个是在浴室录的哦，不是录音室版本直接发过来的[比心],0
2025/3/12 10:32,你觉得小婷会不知道吗[看]她是大粉诶,0
2025/3/12 10:34,这是黄霄雲小号,1
2025/3/12 10:34,一般人控制不够，达不到他的这个效果，会有断层的效果，她的唱功还是太强了[微笑],0
2025/3/12 10:35,禁止自娱自乐[看][看],1
2025/3/12 10:35,这首歌真的是各方面都很好,0
2025/3/12 10:36,她2月份商演的时候自己说的今年巡演会开到成都哦[可怜]到时候开票了我踢你,0
2025/3/12 10:36,这是香港的酒店吧[捂脸][捂脸],0
2025/3/12 10:37,实话的,0
2025/3/12 10:39,这个号本来就是黄霄雲小号,1
2025/3/12 10:39,@瓜子小瓜子 @古希腊掌管发癫的神,0
2025/3/12 10:45,@欧的白的番茄锅 @砚林墨雨 @月老? @Wien,0
2025/3/12 10:46,你切记这是抖音，你还得练,1
2025/3/12 10:46,两个号都是一个人[看],0
2025/3/12 10:46,@落江泥 @ReX @复 [恐惧][捂脸][捂脸],0
2025/3/12 10:47,不是说了“我就是我”吗[看],0
2025/3/12 10:48,我也不认识,0
2025/3/12 10:48,那你at干嘛,1
2025/3/12 10:49,笑死我了哈哈哈哈哈哈哈,0
2025/3/12 10:50,[发怒][发怒][发怒],1
2025/3/12 10:51,开小号练习了不是霄雲,0
2025/3/12 10:51,@不知道叫什么,1
2025/3/12 10:52,玩儿呢[捂脸][捂脸][捂脸],0
2025/3/12 10:52,不好意思，我看着热门搜索说的，我可以认错删评论吗[流泪][流泪],0
2025/3/12 10:54,对不起我不知道[流泪][流泪],0
2025/3/12 10:54,开始姐，我只能说～你还得练[灵机一动],1
2025/3/12 10:56,哈哈哈哈哈哈,0
2025/3/12 10:56,推荐好想吃女士当322嘉宾[送心]好吗[色],1
2025/3/12 10:58,soga,0
2025/3/12 10:58,@Yyyyyi,0
2025/3/12 11:00,nb,0
2025/3/12 11:06,记住这里是抖音,0
2025/3/12 11:07,@点点Dian @?輚 @顾辞_ @猫猫逃跑计划 @小小怪下士 [捂脸],0
2025/3/12 11:07,那个版本调是男版的，听着没有这版女调的好听,0
2025/3/12 11:07,还得练,0
2025/3/12 11:08,@Trotsky 来看[泪奔][泪奔][泪奔],0
2025/3/12 11:08,[流泪]为难我了,0
2025/3/12 11:09,@花傲天ET,0
2025/3/12 11:10,你说得对[看],0
2025/3/12 11:15,@阿尔丽塔??,0
2025/3/12 11:16,@歌歌 @太妃玫果酱 我就说哪个路人这么强，原来是本人,0
2025/3/12 11:19,好好好。,0
2025/3/12 11:20,？？？你谁啊[看][看][看][看],1
2025/3/12 11:22,我没有恶意，你别这样,0
2025/3/12 11:24,哈哈哈哈哈,0
2025/3/12 11:24,真的啊[看],0
2025/3/12 11:25,@甜美的烂世界 哇[宕机][宕机],0
2025/3/12 11:25,好好好，你这么玩是吧[捂脸],1
2025/3/12 11:26,大明星来啦,0
2025/3/12 11:28,她小号[看],1
2025/3/12 11:29,开小号,1
2025/3/12 11:30,322广州，后面还有成都哦,0
2025/3/12 11:30,@是大山呀,0
2025/3/12 11:32,抓到你了哈哈哈,0
2025/3/12 11:34,哈哈哈哈哈哈,0
2025/3/12 11:37,我好想吃女士的评论呢？？,1
2025/3/12 11:37,谁还不知道黄霄雲要在广州开启万人巡演第一站[送心][送心]期待现场版,0
2025/3/12 11:38,@炸毛薯条 原来真的是啊[流泪],0
2025/3/12 11:40,禁止自娱自乐[看],1
2025/3/12 11:41,@Ca1tlyn,0
2025/3/12 11:43,[鼓掌][鼓掌][鼓掌],0
2025/3/12 11:43,wow 这个造型好美,0
2025/3/12 11:49,哈哈哈哈,0
2025/3/12 11:49,@修人 自娱自乐[看],0
2025/3/12 11:49,？,0
2025/3/12 11:51,听了然后呢，头声没共鸣，全程没气息和支撑，也就是比较emo吧但是这歌又不是emo歌，翻唱不顾词曲内涵就是好翻唱吗[送心][送心],1
2025/3/12 11:52,碉堡了,0
2025/3/12 11:52,@重生之粪海狂蛆超级无敌帅气嗦爆你的痔疮 @忘忧. @小汤圆. @青山笺 @绝望的殓公66 @伊奈慧子-,1
2025/3/12 11:54,@企鹅打嗝:D 这是什么梗啊,0
2025/3/12 11:55,哈哈哈哈,0
2025/3/12 11:55,人家小号自己瞎玩玩的[捂脸][捂脸],0
2025/3/12 11:56,@叶黄素 @系窝 [捂脸][捂脸][捂脸],0
2025/3/12 11:57,还得练,0
2025/3/12 11:58,[捂脸],0
2025/3/12 11:58,@彡月的羊??,0
2025/3/12 12:02,原来我是joker[宕机],0
2025/3/12 12:03,能提到黄霄雲，基本都是在玩梗哈哈哈,0
2025/3/12 12:04,这就是本尊[捂脸],0
2025/3/12 12:04,哈哈哈,0
2025/3/12 12:05,@凭酒述安,0
2025/3/12 12:08,@被财神眷顾嘎嘎赚钱的瘦瘦健康小美女,0
2025/3/12 12:09,@@娃哈哈?? @制造浪漫 @读书的女人最美丽（见过于适版 @拉风小猫 @每天都没睡醒 @无敌扒皮 @没有好名字 @佩恩 @等等要睡觉了 @披萨L @图图和贝贝,0
2025/3/12 12:10,@奶糖甜妹傻der是一家?? @香软地瓜 哈哈哈哈哈哈哈哈哈,0
2025/3/12 12:10,耳朵不好脑子也不好吗？明明自己说错了还不删评,1
2025/3/12 12:11,哈哈哈哈哈哈,0
2025/3/12 12:11,@神院患 @血与苦涩交织的那个夜晚 [捂脸][捂脸][捂脸],0
2025/3/12 12:12,到high降e[惊恐][惊恐],0
2025/3/12 12:13,这视频我早在几十赞的时候就刷到了嘻嘻，这面包小号我甚至关注巨早[飞吻][飞吻][呲牙],0
2025/3/12 12:15,知道这是黄霄云以后马上就跟自己和解了[害羞],0
2025/3/12 12:17,[黑脸]同感   毕竟她可是唱过魔笛的啊[裂开],0
2025/3/12 12:18,@Yiiu,0
2025/3/12 12:18,@小盈似花难养,0
2025/3/12 12:19,说的没错[看][看],0
2025/3/12 12:19,对,0
2025/3/12 12:19,不不不[看][看],0
2025/3/12 12:20,不知道,0
2025/3/12 12:20,哼，承认你很强，但是抖音还是好想吃会玩,0
2025/3/12 12:20,@眨眨眼！ @nervous.... @我想吃鱼丸 @明天一定早起^ @小柳疯疯疯 @小魚. @3io^ @竹清笺。 @Suuuu @间日 姐几个不都是音乐生吗[送心]唱给我听[舔屏],0
2025/3/12 12:21,这是她小号哈哈[看],0
2025/3/12 12:22,这个难度太高 都出海豚音了 你看黄霄云都来评论区留言[泪奔],0
2025/3/12 12:23,@魔魔黑黑黑加侖??,0
2025/3/12 12:23,你都说出技巧了还不知道什么实力吗[憨笑],0
2025/3/12 12:23,对,0
2025/3/12 12:23,你想逼死我吗,1
2025/3/12 12:24,龙龙姐姐我想听[送心][舔屏][舔屏],0
2025/3/12 12:24,@杨枝甘露,0
2025/3/12 12:25,可这是抖音，你还得练[看],1
2025/3/12 12:26,@paladin 笑死我了，本人来了[捂脸],0
2025/3/12 12:26,@雨落听花季 @哦哈?? @片桐と人 [捂脸],0
2025/3/12 12:26,@美景看起来很好吃 @下雨荷,0
2025/3/12 12:26,黄霄雲，你和她声音有点像呢[呲牙],0
2025/3/12 12:27,其实我小时候这些高音我随便唱，但是不知道为什么长大了就唱不了了[黑脸],0
2025/3/12 12:27,四月底回学校答辩~就在成都啦,0
2025/3/12 12:28,面包面包[色][色][色][泣不成声][泣不成声][泣不成声][泣不成声]天天开心,0
2025/3/12 12:28,因为你小时候会发白日梦,0
2025/3/12 12:30,[看][捂脸][捂脸][捂脸][捂脸][捂脸]@未来。 @空空风落,0
2025/3/12 12:30,你还得练[看],1
2025/3/12 12:30,一般人发不出来[噢买尬],1
2025/3/12 12:30,哈哈哈哈哈@野钓必须带抄网 @雁渡寒潭 @玛卡巴卡?? @噬赌。 @。趙,0
2025/3/12 12:31,@小毛又来了,0
2025/3/12 12:31,什么白日梦，那是因为小孩儿还在发育罢了，以前能爬树，能从很高往下跳，你现在试试，摔一跤都痛半天,1
2025/3/12 12:31,@昊想耀吃丸子 哈哈哈哈哈哈哈哈哈哈哈哈,0
2025/3/12 12:31,@M(^^)T @哦 @你想偷走美味猫堡吗 [黑脸][黑脸][黑脸],1
2025/3/12 12:33,[泣不成声]抖音里面 你还得练,1
2025/3/12 12:34,@谁住在核桃里,0
2025/3/12 12:35,@夹竹桃,0
2025/3/12 12:35,@??  NO!II??,1
2025/3/12 12:35,@Felix,0
2025/3/12 12:37,我丢,1
2025/3/12 12:37,这里是抖音，老妹你还得练,1
2025/3/12 12:37,好呀,0
2025/3/12 12:37,@我爱吃土豆 哈哈哈哈哈哈哈哈哈哈,0
2025/3/12 12:39,没品位别品[看][看],1
2025/3/12 12:40,@如果命苦是种天赋,0
2025/3/12 12:40,@刺猬,0
2025/3/12 12:40,至于在这秀存在感吗兄弟[捂脸],1
2025/3/12 12:42,@薛. 本来来了都得震两惊,1
2025/3/12 12:44,掀飞天灵盖,1
2025/3/12 12:46,抽烟什么的伤嗓子，而且小时候喊多了，发声方式不对会损耗机能的，长大了嗓子机能反而变差就唱不出来了，而且这种高难度高音还要很强技巧性,0
2025/3/12 12:46,那应该可以去了，因为确定有这一站，但是还没官宣时间,0
2025/3/12 12:46,好家伙怪不得这么强,0
2025/3/12 12:46,@贰叁。,0
2025/3/12 12:46,@灌饼高手 妈呀[泣不成声],1
2025/3/12 12:47,@一只落单的丘 [九转大肠],0
2025/3/12 12:49,因为没人能模仿黄霄雲[泪奔],0
2025/3/12 12:49,姐妹，你被好想吃女士秒了，哈哈[呲牙],1
2025/3/12 12:50,她值得[流泪],0
2025/3/12 12:50,右下角，好像是配的,0
2025/3/12 12:50,@淡如水 我滴妈这高音,0
2025/3/12 12:51,[捂脸][捂脸][捂脸],0
2025/3/12 12:51,@Chelsea$ @????月亮也秃了大王 @你怎麼呆呆的 [黑脸],1
2025/3/12 12:52,[暗中观察][看][看][看][看],0
2025/3/12 12:53,@小海co [看][看],0
2025/3/12 12:54,听见没 得练  还是太年轻[酷拽],1
2025/3/12 12:54,好厉害,0
2025/3/12 12:55,666这没有技巧，哥们儿 你听得出来技巧吗？就没有技巧[憨笑][憨笑],0
2025/3/12 12:58,[绿帽子],1
2025/3/12 13:00,我看你主页这么多黄霄雲视频你居然不知道这是面包小号[捂脸][捂脸][捂脸],1
2025/3/12 13:01,[微笑]这几个字凑在一起 根本不知道你在说什么,0
2025/3/12 13:02,[大笑],0
2025/3/12 13:02,[送心],0
2025/3/12 13:02,本身头部强混就不是后天技巧能赶上的，原本就是身体机能顶的，谁检举谁举例啊，你说有那你说出来啊，你去看小沈阳唱歌和华晨宇唱歌就知道先天机能和后天技巧差在哪了，小沈阳真声能和华晨宇假声唱一个声部,1
2025/3/12 13:02,[暗中观察],0
2025/3/12 13:03,不是哦，视频是清唱，右下角音源点进去听不一样，仔细留意“尘埃”的颤音[看],0
2025/3/12 13:06,@青赖. @枣子青 @橘子哥 @桂林鑫裕家具批发 @无问清欢 @12138 是她吗 华平,0
2025/3/12 13:07,你只说头部强混是天生的，但你知道要达到这种质量要多少努力吗，直接一句天赋就把人家十几年的学习，和练习给敷衍过去了？别搞笑好吗？你天赋再高没有真正努力是绝对不可能达到这种质量的[OK],1
2025/3/12 13:08,你可以自己对比 7年前和7年后唱的差距到底在哪？,0
2025/3/12 13:08,这就是她本人的小号[你不大行][你不大行][你不大行],1
2025/3/12 13:10,没毛病的,0
2025/3/12 13:10,不是，带你抓本人 宝宝[吐舌],1
2025/3/12 13:11,@爱品财会迎,0
2025/3/12 13:14,@玄鹤?? @??  ? @韦小宝?? @桃子? @个人思想主义泛滥 @想翻身的????,1
2025/3/12 13:15,@猪猪 [送心],0
2025/3/12 13:15,哈哈哈哈哈哈哈哈绝了hhhhh,0
2025/3/12 13:15,这是黄霄雲小号诶,0
2025/3/12 13:16,你的ID[看],0
2025/3/12 13:19,这就是我刷到我自己,0
2025/3/12 13:24,好厉害[发呆][发呆][发呆],0
2025/3/12 13:24,她那个版本听着感觉胸口喘不上气??,0
2025/3/12 13:25,@困 [黑脸],1
2025/3/12 13:33,禁止本人自娱自乐哦,0
2025/3/12 13:35,@美杂,1
2025/3/12 13:37,[憨笑][憨笑][憨笑],0
2025/3/12 13:37,不是？！这真是本尊[猪头],1
2025/3/12 13:38,哈哈哈哈哈哈哈哈双重人格,1
2025/3/12 13:39,@俕 @束 @赛奈 @熙 @夜间模式 @kaaang @0624 @贺兰小白 @抹茶红豆毛巾卷,0
2025/3/12 13:40,非粉！有幸听过现场版的人鱼之歌  我的妈啊震撼死我了[流泪][流泪][流泪]听完直接尖叫啊啊啊啊啊老天爷怎么可以这么好听 根本没听够啊啊啊啊啊[流泪],0
2025/3/12 13:42,还是从星辰大海认识的她[捂脸],0
2025/3/12 13:42,本尊来了,0
2025/3/12 13:42,哈哈哈哈哈哈,0
2025/3/12 13:42,谁不是呢[黑脸],1
2025/3/12 13:43,人鱼之歌也不难啊[冷漠],0
2025/3/12 13:43,@发财,0
2025/3/12 13:44,[黑脸][捂脸],0
2025/3/12 13:44,@醒着做梦. 牛逼,0
2025/3/12 13:45,@用户789446613566 6本人,0
2025/3/12 13:45,啊啊啊啊面包[泣不成声][泣不成声][泣不成声],0
2025/3/12 13:47,我也是听过现场版！一瞬间灵魂升华了，久久不能回神[泣不成声][泣不成声],0
2025/3/12 13:47,自言自语的屑面包??[看],1
2025/3/12 13:48,@柒柒 笑死了自己开个小号,1
2025/3/12 13:48,@琴酱 好强[流泪],0
2025/3/12 13:48,因为他们说人鱼之歌高音让音响都受不住[泪奔]我就特好奇,0
2025/3/12 13:52,@自我街道。 @我猜马哥 @EnDInG?? @每天都想躺平 @六点七 太强了,0
2025/3/12 13:53,@ay @我是楠梁,0
2025/3/12 13:55,每次都考，每次都错[流泪],0
2025/3/12 13:58,不儿我真以为是你唱的啊[流泪][流泪],0
2025/3/12 14:00,@阿巴阿巴阿巴阿巴阿巴 @HG_SUNSHINE,0
2025/3/12 14:00,@sakura灬,0
2025/3/12 14:02,抓住一个鬼鬼[大笑],1
2025/3/12 14:07,@bor,0
2025/3/12 14:07,俺终于翻唱出来了！感兴趣的饱饱可以听一下呦[送心],0
2025/3/12 14:08,那很会和解了[看],0
2025/3/12 14:09,那很简单了[看],0
2025/3/12 14:12,你很强 但是你面对的是好想吃女士 那对不起了,0
2025/3/12 14:16,哈哈哈哈哈,0
2025/3/12 14:18,小号吗[看],1
2025/3/12 14:21,@想不想休息 找到一个小小雲[捂脸][捂脸][捂脸],0
2025/3/12 14:22,啊？所以是浴室版的黄霄云吗,1
2025/3/12 14:22,顶[打call],0
2025/3/12 14:23,她的小号[看],0
2025/3/12 14:25,好！,0
2025/3/12 14:25,@好多人啊 [看][送心][送心],0
2025/3/12 14:29,@宇宙无敌帅小咩 来了真的[发呆],0
2025/3/12 14:30,黄霄云很强的,0
2025/3/12 14:32,@Y：,0
2025/3/12 14:33,野生的？,0
2025/3/12 14:34,是这样的，黄霄雲对着自己的版本翻唱的,0
2025/3/12 14:34,@小芸么么,0
2025/3/12 14:37,20w喊我,1
2025/3/12 14:37,@浅川,0
2025/3/12 14:39,被抓了哈哈哈,1
2025/3/12 14:39,有没有可能这人就没唱[捂脸][比心],0
2025/3/12 14:39,劝你别惹好想吃，你粉丝斗不过她[看],1
2025/3/12 14:42,@紫薯丸 [捂脸],0
2025/3/12 14:44,@晅,0
2025/3/12 14:44,好牛啊@梦里逍遥,0
2025/3/12 14:48,@头像不是本人 本人来了[绿帽子],1
2025/3/12 14:48,别往下翻了我浅来一试，我们黄霄雲的兵绝不认输！,1
2025/3/12 14:48,@Flat @幼儿园老大 @??生椰举铁,0
2025/3/12 14:48,确实有一点点耳鸣的感觉哈哈哈不过还好啦  更多的是震撼震撼再震撼  很震惊那是人类发出的声音[猪头],0
2025/3/12 14:48,哈哈哈哈哈哈哈哈哈哈哈哈哈哈哈哈哈哈哈哈哈哈哈哈哈哈哈哈哈哈哈哈哈哈哈哈哈哈哈哈哈哈哈哈哈w,0
2025/3/12 14:52,就是啊[捂脸],0
2025/3/12 14:56,首先这是黄霄雲小号，其次这一版跟右下角的音频不一样,1
2025/3/12 14:57,修音和修成电音是一码事么[黑脸],1
2025/3/12 15:01,@老头不会刷手机 @magic shop 太恐怖了,1
2025/3/12 15:01,@牛 @????? @VII @穿上苏菲大显神威 @川泽予 @KieLieFie @刚学会飞踢 @绿豆泥 @小逸x,0
2025/3/12 15:05,没有，这是黄霄雲小号，音频是她在浴室录的，你可以去听听音源版哦，杂音少一点,0
2025/3/12 15:07,哈哈哈哈哈,0
2025/3/12 15:07,@氕氘氚二号,0
2025/3/12 15:08,我靠本尊!,1
2025/3/12 15:08,@天天开心??,0
2025/3/12 15:09,@果汁^本尊来了,0
2025/3/12 15:09,"…/
’！！",0
2025/3/12 15:10,喜欢朵朵,0
2025/3/12 15:15,[舔屏],1
2025/3/12 15:17,是不是还有个弟弟叫黄尘埃,0
2025/3/12 15:19,原唱来了抖音也得练[捂脸]@树洞想想想,0
2025/3/12 15:19,@追综少女,0
2025/3/12 15:20,是的,0
2025/3/12 15:21,所以她是黄霄云小号吗？本人还是模仿者,1
2025/3/12 15:27,完了被顶号了,0
2025/3/12 15:27,啊，首都是啥呀？我都没听过他有这首歌诶,0
2025/3/12 15:27,@一杯???可乐??,0
2025/3/12 15:33,@咩啊,0
2025/3/12 15:35,@??喵~,0
2025/3/12 15:36,@七月 @林小妤,0
2025/3/12 15:37,[捂脸],0
2025/3/12 15:40,@Je veux.,0
2025/3/12 15:41,华晨宇,0
2025/3/12 15:42,对是华晨宇的歌，但这个黄霄雲也唱过,0
2025/3/12 15:43,你点开那个黄霄雲巡演版的主页[黑脸],1
2025/3/12 15:44,@暗岛 真是本人啊,0
2025/3/12 15:54,面包自己和自己玩是吧[送心],0
2025/3/12 15:54,@祝暥 嚯 本人啊,0
2025/3/12 15:58,凭实力刷到你的评论[思考],0
2025/3/12 16:00,好,0
2025/3/12 16:00,来了,0
2025/3/12 16:01,@是瑜不是?? @崽崽cc @霖yoyo @l欢 @画外音 @醒·,0
2025/3/12 16:02,@胖大婷 @沙雕中的憨憨 @郁zai. @达尔文 @呼噜噜,0
2025/3/12 16:06,好好听,0
2025/3/12 16:09,小号,1
2025/3/12 16:11,你在搞抽象[看],1
2025/3/12 16:14,@66,0
2025/3/12 16:22,@Simenger_ [九转大肠][九转大肠][九转大肠],0
2025/3/12 16:25,[捂脸],0
2025/3/12 16:28,@口区?2?? [愉快][强壮],0
2025/3/12 16:38,抓到真的了,0
2025/3/12 16:39,好厉害,0
2025/3/12 16:40,@话痨 本人啊,0
2025/3/12 16:41,这个是黄霄云？？[发呆][发呆],0
2025/3/12 16:45,童嗓调高,0
2025/3/12 16:47,难怪[猪头]哈哈哈,1
2025/3/12 16:49,不是，这个是她妹妹[看],0
2025/3/12 16:51,@Febven 666本人来了[黑脸][黑脸][黑脸],0
2025/3/12 16:58,我去，好想吃女士追星成功了[憨笑][强壮],0
2025/3/12 16:58,[泪奔][泪奔][泪奔][泪奔],0
2025/3/12 17:01,这是好想吃[看],0
2025/3/12 17:01,真假[发呆],0
2025/3/12 17:05,哈哈哈面包是会的,0
2025/3/12 17:07,包的，薛之谦在薛之谦模仿大赛都得不了第一名[看],1
2025/3/12 17:08,是的哈哈哈哈这她小号,1
2025/3/12 17:09,她已经唱过啦，这就是黄霄雲,0
2025/3/12 17:09,让我们恭喜她好吗[愉快],0
2025/3/12 17:12,我还知道你微博是哪个呢[害羞],0
2025/3/12 17:13,向好想吃女士学习下吧[看],0
2025/3/12 17:13,@白苔,0
2025/3/12 17:14,嘿嘿,0
2025/3/12 17:14,两版感情不太一样，黄霄云唱的是自由，华晨宇唱的是孤独（个人感觉），不过都很好听,0
2025/3/12 17:15,捉,0
2025/3/12 17:19,@赵梦园,0
2025/3/12 17:20,这样,0
2025/3/12 17:20,@北北小北. @时潇洒 @点点爱吃甜甜圈 @再吃五分钟,0
2025/3/12 17:23,嘿嘿嘿 稍微嘛！應該不會這麼容易的（？,0
2025/3/12 17:24,唱这么好你让魔星怎么唱[捂脸],1
2025/3/12 17:25,@你美式吧,1
2025/3/12 17:26,@浅浅浅 @鸟不拉屎 谁吃谁死 @A犬夜叉烧包 ber[宕机],1
2025/3/12 17:28,@养只猫 我就说好像还真就是太牛了,0
2025/3/12 17:31,没用的，这里是抖音[黑脸],1
2025/3/12 17:34,不懂硬装[偷笑],0
2025/3/12 17:34,@野原小葵,0
2025/3/12 17:36,@粥粥爱吃羊 本尊来了,0
2025/3/12 17:41,@Lyxx [白眼],1
2025/3/12 17:43,除了牛说不出别的,1
2025/3/12 17:51,啊哈哈哈哈蒸煮来咯,0
2025/3/12 17:51,@开心烤冷面. 看评论,0
2025/3/12 17:53,@Jasonの 你没看这条评论是不？哈哈哈哈哈哈,0
2025/3/12 17:54,[看][看][看][黑脸],1
2025/3/12 17:57,@老公为小三掌捆我的那个雨夜 @世无双 @小y. 我会啊[憨笑][憨笑],0
2025/3/12 17:59,@孟然???? @铂莱整装-廖鹏辉 笑死,1
2025/3/12 17:59,这就是她自己[捂脸][捂脸][捂脸],0
2025/3/12 18:04,哈哈哈哈哈 昨天半夜刷到了很自信的唱了两句，猫给我一巴掌[黑脸],0
2025/3/12 18:07,自娱自乐是吧[看],0
2025/3/12 18:09,哥们她是黄霄雲你是谁[看],1
2025/3/12 18:10,越来越抽象的面包[呲牙]我喜欢！,0
2025/3/12 18:22,[泪奔],0
2025/3/12 18:28,哈哈哈哈哈哈哈哈哈哈哈哈哈哈哈哈哈哈哈哈哈哈哈哈哈哈哈哈哈哈哈哈哈哈哈哈哈哈哈哈哈哈哈哈哈哈,0
2025/3/12 18:31,也可以这么说[看],0
2025/3/12 18:32,@呱呱不见了,0
2025/3/12 18:32,就是黄小云的小号[泣不成声][泣不成声][泣不成声][泣不成声][泣不成声],1
2025/3/12 18:33,你先别首先，我只是说了一句黄霄云不用修音，我又没说你说错了,1
2025/3/12 18:34,哇哦,0
2025/3/12 18:36,@Patrick111,0
2025/3/12 18:36,捉到你了[看],1
2025/3/12 18:37,@-17 @鸢奈 @喜欢情歌 @锖 @爱婷海 @烦 [捂脸],0
2025/3/12 18:38,@MIX,0
2025/3/12 18:39,mc做不到系列[憨笑],0
2025/3/12 18:40,对对对，我就是在那个合集听过的，没法听啊，郁那个版的太普通了吧？,0
2025/3/12 18:43,@CC66 @米爆炸炸 @Esther★?? @黄子弘凡保佑期末不挂 @Huu @cx330 @喂喂喂胖了～ @灯灯灯灯（见过蛋团版） @kolo 天灵盖都打开了听的我,0
2025/3/12 18:43,就是天灵盖被掀起来的感觉[泣不成声],0
2025/3/12 18:44,你还挺敢说的[捂脸],1
2025/3/12 18:44,@cyann 给本人炸出来的质量[干饭人],1
2025/3/12 18:45,这是本人，你看到的这个视频是盗她的声音,1
2025/3/12 18:45,哈哈没有啊,0
2025/3/12 18:46,@阿月 [黑脸],1
2025/3/12 18:47,@是小叶啊！ @香菜 @日月星辰 @吃薛糕吗？ @会炸毛的小羊 @凌怀醉 @恸???? @悲伤的猪大肠 @墨秋寒,0
2025/3/12 18:47,@yangyang 全勤 @不会弹钢琴的林九号 @烁 @为月亮上色 @I’mFFFengmzA @??小莫 @我继续（18场JJ20&曼谷击掌握手版） 笑死 黄霄云的疑惑,0
2025/3/12 18:49,@璐璐子,0
2025/3/12 18:52,[泣不成声][泣不成声][泣不成声][泣不成声][泣不成声]好强,0
2025/3/12 18:53,期待现场版人声电吉他[打call][打call],0
2025/3/12 18:54,哈哈哈哈哈哈哈,0
2025/3/12 18:54,[听歌]牛逼,0
2025/3/12 18:54,禁止自娱自乐[泪奔][泪奔][泪奔],0
2025/3/12 18:56,面包，你唱得好像黄霄雲啊[捂脸]音色也像[捂脸],0
2025/3/12 18:59,好 哈哈哈哈哈哈,0
2025/3/12 19:01,黄xy的小号[舔屏],1
2025/3/12 19:08,就是她,0
2025/3/12 19:08,牛逼,0
2025/3/12 19:12,@Burr_,0
2025/3/12 19:22,@能不能有一个按钮,0
2025/3/12 19:22,@煽情,1
2025/3/12 19:23,@如 @小豪同学 @UiiO 逆天[微笑],0
2025/3/12 19:23,哈哈哈哈面包,0
2025/3/12 19:25,你看这个蛋糕馒头女士已经领先黄霄雲女士很多啦[看],0
2025/3/12 19:33,我说呢[憨笑][憨笑][憨笑][憨笑],0
2025/3/12 19:33,@笨蛋 @枕云海 @思念如霜缘如雪 [宕机],0
2025/3/12 19:36,@Fancystyle. @Nya @好运来（见过十个勤天x5版） @black_R 听的我天灵盖打开了[惊恐],0
2025/3/12 19:36,讲个冷笑话，路人差点把职业选手给秒了[看],0
2025/3/12 19:39,在抖音本尊来了也没用，还得练,0
2025/3/12 19:41,禁止自娱自乐,1
2025/3/12 19:43,@予澈 [捂脸],0
2025/3/12 19:45,这就是抖音,0
2025/3/12 19:46,@超级无敌小猪佩奇,0
2025/3/12 19:47,这声音只有面包能唱，你是假粉吧,1
2025/3/12 19:47,[发呆][发呆][发呆],0
2025/3/12 19:49,秒了秒了[看][看],0
2025/3/12 19:52,@皮皮大王,0
2025/3/12 19:53,@潇可爱 这是你喜欢的那个歌手吗,0
2025/3/12 19:57,反思一下为什么不是点赞第一,0
2025/3/12 19:58,捉[笑哭],0
2025/3/12 19:59,@吴. @Pok @澳门酒店特惠预订 @Toshi,0
2025/3/12 20:00,在模仿黄霄雲大赛中黄霄雲获得了第二……,0
2025/3/12 20:00,（黄霄雲浴室版获得了第一）,0
2025/3/12 20:02,@(≧?≦)/ [捂脸],0
2025/3/12 20:03,@+*橄榄菜重度依赖*+,0
2025/3/12 20:05,@Iykkk,0
2025/3/12 20:06,@Bi8Bo.,0
2025/3/12 20:12,是嘟！,0
2025/3/12 20:17,@鱼 笑死我了[捂脸],0
2025/3/12 20:20,简直完美[流泪],0
2025/3/12 20:21,哈哈哈，炸出本尊,1
2025/3/12 20:26,@LIZIHAN @yu...,0
2025/3/12 20:27,@momo @果果果果子o,0
2025/3/12 20:29,笑死我了,0
2025/3/12 20:34,@12iveo [黑脸],1
2025/3/12 20:37,广州见！！,0
2025/3/12 20:39,@冰块?? 这还真是黄云霄小号哈哈哈哈哈哈哈哈哈,1
2025/3/12 20:46,@你个铺盖 @炅娜杰502,1
2025/3/12 20:49,我的老天爷,0
2025/3/12 20:50,实则不然,0
2025/3/12 20:52,顶,0
2025/3/12 21:06,自己人，别开腔[衰],1
2025/3/12 21:08,有的兄弟，她翻唱过流浪的红舞鞋，红月亮规则，第五元素都是很简单，原唱的画中来，打开，盲选更是有嘴就行,1
2025/3/12 21:17,@小苏打 天赋怪[看],0
2025/3/12 21:25,她亲口说了有成都，但暂时还没公布具体哪一天，主办方还在策划中,0
2025/3/12 21:26,开开嗓唱高音的应该都能上去 但是他这个气息真的稳,0
2025/3/12 21:26,净把我当日本人整啊兄弟[流泪][流泪][流泪],1
2025/3/12 21:29,@tenten猫,0
2025/3/12 21:29,@江哥,0
2025/3/12 21:31,[赞][赞][赞][赞][赞][噢买尬][噢买尬][噢买尬][噢买尬],0
2025/3/12 21:39,那你网速还挺快的[尬笑],0
2025/3/12 21:40,"我靠，这是……啊……是……是你小号？
哎呦我，我说呢？",1
2025/3/12 21:43,@夜鱼. [憨笑]我说呢,0
2025/3/12 21:44,还得练[捂脸],0
2025/3/12 21:45,@Echo @祁仟万. @WUGUJIZHUA @番茄炖牛腩~ @????? @无聊鸭锁骨??? ?? [泪奔][泪奔],0
2025/3/12 21:53,@郁眠 @好像不是卡卡 我滚了。[憨笑],0
2025/3/12 21:53,嗯嗯,0
2025/3/12 21:55,[吐舌],0
2025/3/12 21:55,@地藏、 @小白大王. @＿若初＿ 蒸煮来了哈哈哈哈哈哈,1
2025/3/12 21:58,@芝麻油 [憨笑][赞],0
2025/3/12 22:01,本尊都要愣两下,0
2025/3/12 22:02,啊？这不是黄霄云？,0
2025/3/12 22:11,黄霄云听了都怀疑人生[流泪][流泪][流泪],0
2025/3/12 22:13,@yancy,0
2025/3/12 22:14,这到底是不是黄霄云啊[捂脸][捂脸][捂脸]我朋友圈都删好几遍了[捂脸][捂脸][捂脸],0
2025/3/12 22:14,到底是不是啊[捂脸],0
2025/3/12 22:19,@药片先生 我以为是呢,0
2025/3/12 22:22,你是不是搞错了[微笑]我是吗,0
2025/3/12 22:24,[泣不成声]在抖音第一次听到黄霄云级别的博主,0
2025/3/12 22:28,这是海豚音了，跟混声没啥关系[绝望的凝视],0
2025/3/12 22:29,@困困困困困困,0
2025/3/12 22:30,@好吃鱼yuuuuuuuuuu,0
2025/3/12 22:31,除了几个玩的好的同学，其他的都是音乐生[捂脸][看],0
2025/3/12 22:31,我的妈,0
2025/3/12 22:32,老弟你还得练,0
2025/3/12 22:35,哈哈哈哈哈哈哈哈哈,0
2025/3/12 22:38,@大豆丁?????♂?,1
2025/3/12 22:39,哇塞,0
2025/3/12 22:40,[白眼][白眼][白眼],1
2025/3/12 22:40,你小号吗[白眼],1
2025/3/12 22:45,@皮蛋瘦肉——周 本尊诶,0
2025/3/12 22:47,[比心],0
2025/3/12 22:47,??,0
2025/3/12 22:48,@之乎者也 @牙牙乐WX @Christina @HHHHHHHHHHA,0
2025/3/12 22:50,@晴.?,0
2025/3/12 22:50,求一个电子签名[看],0
2025/3/12 22:53,[黑脸],1
2025/3/12 22:57,好姐姐！,0
2025/3/12 22:59,@九七 @锤锤_(跟薛之谦握手五秒版),0
2025/3/12 23:11,好像黄霄云啊，这个声音,0
2025/3/12 23:13,点开右下角转圈那个看看,0
2025/3/12 23:14,这是她的小号,0
2025/3/12 23:15,好,0
2025/3/12 23:20,面包加油[赞],0
2025/3/12 23:28,@方块白白?? [泪奔][泪奔],0
2025/3/12 23:36,哈哈哈哈哈哈哈哈哈,0
2025/3/12 23:43,@圆香秦 @糊涂点点,0
2025/3/12 23:49,[强][强][强]实力认证,0
2025/3/12 23:51,@Apricict.,0
2025/3/12 23:51,是吗？,0
2025/3/12 23:55,姐你来了啊[宕机],1
2025/3/13 0:02,这人黄霄雲,1
2025/3/13 0:04,太牛了！,0
2025/3/13 0:09,@央宝??,0
2025/3/13 0:12,@莫忆.,0
2025/3/13 0:14,很牛就对了[流泪],0
2025/3/13 0:16,朋友们，一人一首，你最爱的歌曲[感谢][感谢][感谢],0
2025/3/13 0:16,jj 一生的爱,0
2025/3/13 0:17,@??行走的鱼 [流泪][流泪][流泪],0
2025/3/13 0:18,盲选,0
2025/3/13 0:19,"《烟火里的尘埃》原唱是华晨宇???

2025.4.5华晨宇即将在西安体育馆开唱欢迎大家到现场听原唱唱的《烟火里的尘埃》???",0
2025/3/13 0:23,哈哈哈，本尊4万赞也是没谁了,0
2025/3/13 0:26,姐来中传玩,0
2025/3/13 0:27,你不知道在抖音你还得练吗[黑脸],1
2025/3/13 0:27,法师来唱也没这么强吧,0
2025/3/13 0:30,就是本人小号,0
2025/3/13 0:32,@刺血皇 [憨笑],0
2025/3/13 0:32,哈哈哈哈哈哈,0
2025/3/13 0:41,@戳戳 @烦躁的不穿上衣春卷 @正泰亨甜酒果 @HFK0622 @薯条蘸腋毛 @拜托你很弱诶 @嗯. @ASL @青葙子 @PASSION!?? @??. @心碎女嘉宾 @Ender @JioJio @不爱穿苦茶,1
2025/3/13 0:48,@wishibehere 虚惊一场[憨笑][流泪],0
2025/3/13 0:51,@走兔 @??做美女真难 @Betary11 @源源睡不饱 @阿win 本人也懵了hhhh,0
2025/3/13 1:03,这就是她小号吧,1
2025/3/13 1:05,看到了,0
2025/3/13 1:06,哇偶，本尊来了,0
2025/3/13 1:09,@Karidaa [泪奔],0
2025/3/13 1:16,很普通,0
2025/3/13 1:23,黄霄云小号啊那没事了[憨笑],0
2025/3/13 1:29,包的咩[调皮][调皮][调皮]呜～～～啊～,0
2025/3/13 1:32,我不专业但是我知道她是专业的黄霄云[惊喜],0
2025/3/13 1:53,七年前还在观众席看花花演唱会，如今也是成功开了自己的个人万人演唱会，还正式发布了《烟火里的尘埃》，并且还要在下周的演唱会和花花同一天隔空演唱，面包你真的做到了[流泪][流泪],0
2025/3/13 1:55,[裂开]@圆格子,0
2025/3/13 1:55,我的天啊[舔屏],0
2025/3/13 2:00,@给你画个饼 [憨笑],0
2025/3/13 2:04,確欸[抠鼻],0
2025/3/13 2:07,你什么你 虽然你是明星 比这个素人博主差远了[微笑],1
2025/3/13 2:13,@Augety,0
2025/3/13 3:01,没想到吧，还是老娘[舔屏]惊不惊喜,1
2025/3/13 4:22,@止损,0
2025/3/13 4:37,@??????isahini??????,0
2025/3/13 5:57,哈哈 证明取景 加回音很重要[黑脸],0
2025/3/13 6:15,这是黄霄云小号[捂脸],1
2025/3/13 6:36,竟然是本人,0
2025/3/13 6:36,@葉槐,0
2025/3/13 6:48,[看][赞],0
2025/3/13 7:28,哈哈哈哈哈哈哈,0
2025/3/13 7:42,[捂脸][捂脸],0
2025/3/13 7:54,面包不睡觉是嘛？,0
2025/3/13 8:12,[黑脸]@六月?? 派自己去干掉自己[黑脸],1
2025/3/13 8:24,你小号？[看],1
2025/3/13 8:24,你们究竟对音乐有没有认知啊，郁欢不都是声卡效果器的声音？,1
2025/3/13 8:25,他唱了，也是牛逼卡拉斯,0
2025/3/13 8:49,太好了，能跟黄霄云PK的新人出现了 [展开说说],0
2025/3/13 9:08,@想吃螺蛳粉 笑死我了,0
2025/3/13 9:15,长得挺美[看],0
2025/3/13 9:23,@镜莲华 [泪奔],0
2025/3/13 9:29,你精神分裂啊[泪奔][捂脸],1
2025/3/13 9:31,[呲牙],0
2025/3/13 9:32,自己干自己,1
2025/3/13 9:33,还行吧 反正我不会,0
2025/3/13 9:45,后续有江浙沪吗[眼含热泪][眼含热泪][眼含热泪],0
2025/3/13 9:49,哈哈哈哈,0
2025/3/13 9:53,好好好,0
2025/3/13 10:06,@恶    魔,1
2025/3/13 10:10,华晨宇好超前,0
2025/3/13 10:27,@??草莓不耐受ω,0
2025/3/13 10:34,@根号三,0
2025/3/13 10:42,这个是姐姐的小号哦,0
2025/3/13 10:46,总体来说 金价还会涨,0
2025/3/13 10:58,@海边听????? [赞],0
2025/3/13 11:02,我承认你很强，但是这里是抖音，人均歌王影后,0
2025/3/13 11:05,现在还没对象是这个[赞],0
2025/3/13 11:09,那我是这个[赞],0
2025/3/13 11:09,能吃吗,0
2025/3/13 11:25,@˙?˙ @樱臆. @才下课 @大概?? @薅你头发,0
2025/3/13 11:31,[憨笑][憨笑],0
2025/3/13 11:49,破防了，哈哈,0
2025/3/13 11:59,@星星??泡饭,0
2025/3/13 12:03,[微笑][微笑][捂脸][捂脸],0
2025/3/13 12:11,@蘑菇鸭,0
2025/3/13 12:21,@小好L @SaRE?? @00ooo 坏了  这还真是[宕机],0
2025/3/13 12:21,@yyyvv @???????????? @Scholes 幸福[眼含热泪],0
2025/3/13 12:23,这是勇者[泪奔]@24k纯金 @湫风如兮 @娅紫 @jayjay?? @bsbplxxbyx @域 @随我奔赴山海 @南浅 @二人丨了一 @星霜荏苒 @架只烤鸡蘸辣酱!! @冻冻?? @我讨厌分别,0
2025/3/13 12:28,天才哈哈哈,0
2025/3/13 12:32,小号,1
2025/3/13 12:42,@Hkm. @诺几几几 @利森疯狂睡 @周五晚,0
2025/3/13 12:43,@相信光的奥特喵 笑死我，我以为是假号，结果本人来了,0
2025/3/13 12:53,@无昵称.,0
2025/3/13 12:55,这是谁[不是吧]@那没事了～吶～～ @中国人,1
2025/3/13 12:55,我以为放的原声[宕机],0
2025/3/13 12:59,@嘉心饼干,0
2025/3/13 13:00,@这颗糖好咸 那个好像是黄霄雲[宕机][捂脸],0
2025/3/13 13:00,我还纳闷怎么发布的版本和这个不一样，原来这是黄霄雲分身[微笑],0
2025/3/13 13:02,哈哈哈哈哈,0
2025/3/13 13:07,本尊啊[听歌],0
2025/3/13 13:18,笑死了@西弗勒斯,0
2025/3/13 13:26,头声天花板黄霄雲,0
2025/3/13 13:27,@祝鱼块??,0
2025/3/13 13:32,@冷～默 @12.,0
2025/3/13 13:33,@纪倾肆,0
2025/3/13 14:01,[调皮][调皮][调皮]埃～～～～oh～～～～～～????,0
2025/3/13 14:01,@三鹰朝 哈哈哈哈哈哈哈哈哈哈哈哈哈哈哈哈哈哈哈哈哈哈哈哈,0
2025/3/13 14:02,你知不知道谁在意啊[调皮]你还解释上了,1
2025/3/13 14:30,@再辞月??,0
2025/3/13 15:05,woc，这个石砾,1
2025/3/13 15:12,@Chaé(2025.1.1进群版) @这周也超漂亮yeah @如是_,0
2025/3/13 15:22,[石化][石化][石化],0
2025/3/13 15:23,噢噢[比心][玫瑰][玫瑰][玫瑰],0
2025/3/13 15:24,@五月天副唱笑笑??,0
2025/3/13 15:31,？？？,0
2025/3/13 15:43,@羊,0
2025/3/13 15:43,这是她小号,1
2025/3/13 15:46,两个字通透,0
2025/3/13 16:04,啊啊？@xxxibgdrgn @北北北海海海 @文熠复兴 @柠朦,0
2025/3/13 16:09,@屿烊chuan,0
2025/3/13 16:34,@不惧岁月长 @至幸. @困,0
2025/3/13 16:40,@别动我鱼,0
2025/3/13 16:43,@佛手柑拌面,0
2025/3/13 16:47,[捂脸][捂脸][捂脸],0
2025/3/13 16:47,@Kadsxoe,0
2025/3/13 16:48,[送心][送心][送心],0
2025/3/13 17:28,1:57这么晚不睡,1
2025/3/13 17:31,@洮烟 [憨笑],0
2025/3/13 17:36,@喔 @Wiieu @无聊的白色巧克力,0
2025/3/13 17:39,@Silvery. @HYX @大馋丫头 刷到小号了[发呆][赞],0
2025/3/13 17:46,@『致爱』～诺言 [困],0
2025/3/13 17:46,哈哈哈,0
2025/3/13 17:49,你还得练哈哈哈,0
2025/3/13 17:57,在抖音里真得练啊面包??[舔屏],0
2025/3/13 18:02,@小锅,0
2025/3/13 18:06,后面用的是海豚音，相比真正的高音来说要简单些,0
2025/3/13 18:19,@难受的黑色可乐 [泪奔],0
2025/3/13 18:21,哈哈,0
2025/3/13 18:23,我死了[看],1
2025/3/13 18:36,@Bestgl,0
2025/3/13 18:43,"落日沉溺于橘色的海，
晚风沦陷于赤诚的爱。[泣不成声][泣不成声]",0
2025/3/13 18:48,一堆闲了蛋疼的家伙,1
2025/3/13 19:03,@百事可乐 @いのすけ @汉堡小黄??.?? @橘子??_ @瑜霁 @写一首情施 @汐曦 @克感敏 @Dexter.. @木木木容 @trye @暴打黄瓜 @上弦富贵 笑死了[捂脸],0
2025/3/13 19:05,[捂脸][捂脸][捂脸],0
2025/3/13 19:10,@旋转小火锅女士,0
2025/3/13 19:15,笑死我了,0
2025/3/13 19:20,@柯基糊,0
2025/3/13 19:20,@小小趴菜??,0
2025/3/13 19:21,太强了,0
2025/3/13 19:22,666,0
2025/3/13 19:26,烟火的尘埃啊,0
2025/3/13 19:27,你还真来了,1
2025/3/13 19:28,黄霄云名字叫面包啊[捂脸],0
2025/3/13 19:31,哇偶,0
2025/3/13 19:31,@生活总和我唱反调 @惜翡 @好??的鸡仔?13? @闭嘴睡觉 @主播不要喊我的名字???? ?? @辞忧 @独木舟. @数羊时间到！ [愉快],0
2025/3/13 19:36,[赞],0
2025/3/13 19:40,听过这首歌的人现在都老死了吧[吐舌],0
2025/3/13 19:50,[看],0
2025/3/13 19:54,@Penny笨 [黑脸],1
2025/3/13 20:08,@七千 哈哈哈哈哈哈哈,0
2025/3/13 20:10,@来口烤土豆 @AixLeft @。.。,0
2025/3/13 20:13,抓[耶],0
2025/3/13 20:35,@168清纯小学妹被美女骗走250万 @时言 @xi @??雾淡时莱见你 @相逢于四月 @温长,0
2025/3/13 20:36,@Tsuki?? [宕机],1
2025/3/13 20:40,我以为这是假的黄霄雲，结果看到你们叫她多练，我就懂了，[不失礼貌的微笑]打开一看，果然[呲牙],1
2025/3/13 20:43,[舔屏][舔屏],0
2025/3/13 20:43,感觉你不如这个博主唱的好诶[暗中观察][暗中观察][暗中观察][看],1
2025/3/13 20:53,哈哈哈哈哈哈,0
2025/3/13 20:53,下周广州见,0
2025/3/13 20:55,好听爆了 无敌[微笑],0
2025/3/13 20:57,@黎子 [憨笑],0
2025/3/13 21:05,@@生面.,0
2025/3/13 21:25,但凡听过她演唱会的，后面发现想听的歌手变少了。[捂脸],0
2025/3/13 21:28,面包渣吗[看],1
2025/3/13 21:33,神经[捂脸]这视频配音就是原唱,0
2025/3/13 21:38,黄霄云都来了,0
2025/3/13 21:43,[晕],0
2025/3/13 21:51,@哔哩哔哩 @路小雨的雨 @?????? @monkey志喜欢banana?? @aaaaa,0
2025/3/13 21:52,那个郁欢未经原唱许可私自翻唱还收费，就别拉出来了吧,1
2025/3/13 21:57,@吃个鸡蛋 我就说[憨笑],0
2025/3/13 21:58,梦返,0
2025/3/13 22:07,@狗蛋@?? @废柴思 @*Jamy（内向版） @Echo.  我哩个亲娘嘞！给本尊唱出来了[宕机]再下一步就是把原唱华晨宇唱出来了[不你不想][不你不想],0
2025/3/13 22:11,美宝少熬夜哦，很想很想你[飞吻][飞吻],0
2025/3/13 22:19,虽然你很强，但是这里是抖音，你还得练[灵机一动][灵机一动],0
2025/3/13 22:32,@派大星星 .,0
2025/3/13 22:33,好牛啊。。[比心][憨笑]戴着耳机给我听得鸡皮疙瘩满地,0
2025/3/13 22:35,哇塞,0
2025/3/13 22:47,哈哈哈哈哈,0
2025/3/13 22:57,[阴险],1
2025/3/13 22:59,@我想回家 @5566 @半岛?? @Cupcake @懿 @Hhhhhha [再见][再见][再见],0
2025/3/13 23:03,[赞][赞][赞][赞],0
2025/3/13 23:04,@yiii @左眼的痣 @狗则兜兜、 @你是天使吗,0
2025/3/13 23:11,真是黄霄云,1
2025/3/13 23:11,[思考],0
2025/3/13 23:32,@熙 @你问我我是谁 @悟,0
2025/3/13 23:32,[宕机][宕机],1
2025/3/13 23:33,地表最强,0
2025/3/13 23:38,@,0
2025/3/13 23:38,@晚安小熊,0
2025/3/13 23:39,我头一次听[猪头],1
2025/3/13 23:39,@奶茶啵啵,0
2025/3/13 23:41,@Swift Thompson @帅气的人 @努力进厦大看帅哥,0
2025/3/13 23:44,@小陈呐,0
2025/3/13 23:47,現在還能買到票嗎,0
2025/3/13 23:49,[宕机]谁,1
2025/3/13 23:50,黄霄云,0
2025/3/13 23:55,可以的[呲牙],0
2025/3/13 23:55,猫眼大麦都可以买[呲牙],0
2025/3/13 23:55,本尊也得练[奸笑],1
2025/3/13 23:55,这是人家的小号[看],0
2025/3/14 0:07,哈哈哈哈,0
2025/3/14 0:13,@十一只耶 不是昊桑！她真是黄霄云啊,0
2025/3/14 0:15,@我困了 @??· @冬眠 @煎餅果子 @TYT @曲奇脆脆 笑死,0
2025/3/14 0:21,博主打开评论天塌了[憨笑],0
2025/3/14 0:23,是的哈哈哈,0
2025/3/14 0:26,好好好,0
2025/3/14 0:30,@沙糖橘. 本人笑死了,0
2025/3/14 0:49,终于等到了,0
2025/3/14 0:54,@闫?? [宕机][宕机],1
2025/3/14 1:11,完爆黄霄雲,1
2025/3/14 1:11,忘加狗头了,0
2025/3/14 1:13,这就是黄霄云[看],0
2025/3/14 1:16,[大笑],0
2025/3/14 1:35,对比原版，黄霄云直接人声代替电吉他，太强了,0
2025/3/14 1:37,？,0
2025/3/14 2:27,跟着喊了两声 隔壁说不想活就去死[泣不成声],1
2025/3/14 3:01,[调皮][调皮][调皮][调皮][调皮]埃～～～～～～～～～,0
2025/3/14 4:55,所以你到底是谁[尬笑],1
2025/3/14 6:11,我们花在长沙3月22号，时间冲了,0
2025/3/14 7:03,好看了主页是黄霄云 不意外了,1
2025/3/14 7:19,又有谁知朵莉哑那首歌和星辰大海都是她唱的[流泪],0
2025/3/14 7:19,顶,0
2025/3/14 8:48,@小静： 笑死，她自己开个小号挑战自己[微笑],0
2025/3/14 8:58,@喷火龙,1
2025/3/14 9:20,啊来了@??小象?? [泣不成声],0
2025/3/14 9:43,"目前对比 :
黄霄雲17.5万
好想吃31.3万",0
2025/3/14 9:44,@隐约雷鸣,0
2025/3/14 9:55,@Anan· 哈哈哈,0
2025/3/14 9:56,我丢 这个高音牛批,0
2025/3/14 9:56,这个高音牛批[灵机一动],0
2025/3/14 10:00,这个应该不是你吧,0
2025/3/14 10:03,啊 这是黄霄云小号？？[泣不成声],0
2025/3/14 10:38,[憨笑],0
2025/3/14 10:48,踢,1
2025/3/14 10:49,踢,1
2025/3/14 10:54,@??^??,0
2025/3/14 10:57,@Aloha,0
2025/3/14 10:57,@脆脆的脆脆鲨 @Light @忘蒸鱼了?? @nanpougo,0
2025/3/14 11:01,@仲夏夜 @??乘承 @夫仔 [泪奔][泪奔][泪奔],0
2025/3/14 11:02,都没有高音 而且烟火里的尘埃根本就不是关于感情的歌,0
2025/3/14 11:02,@..... @kkkkkk @GG梦 @蚂蚁上树,0
2025/3/14 11:07,会说,0
2025/3/14 11:10,@词不达意? @Xxxx_ @HLiM. @xiang?? @锖淼 抖音的音质也是一个谜,0
2025/3/14 11:29,"@大青草 @夜雨声烦 @裕 @喵喵没烦恼（不瘦到100不改名） @""小小酥"" @?? @雷骑士 好玩[不你不想]",0
2025/3/14 11:39,@看一次日落,0
2025/3/14 11:40,[捂脸],0
2025/3/14 11:40,那很坏了,1
2025/3/14 11:40,比法师好[看],0
2025/3/14 11:50,@香蕉猫 @七月苦瓜 @春盼 @一只帅肥猫 @No1dea @胖丁酱,0
2025/3/14 12:02,不挑战,0
2025/3/14 12:10,[暗中观察],0
2025/3/14 12:11,@??巴巴博一??1,0
2025/3/14 12:12,@干饭第一 @艾玛是欧皇 @好渺小 @R.,0
2025/3/14 12:24,@静候节假日,0
2025/3/14 12:26,@Calum,0
2025/3/14 12:32,朵莉亚是我家的 还在我家楼下演唱过[展开说说],0
2025/3/14 12:35,[看][看][看]还得是抖音,0
2025/3/14 12:35,不是姐们,1
2025/3/14 12:41,@珂罗娜 什么叫？,0
2025/3/14 12:43,@@··.,0
2025/3/14 12:51,[擦汗],0
2025/3/14 12:52,@深情小美～,0
2025/3/14 12:56,好牛[强],0
2025/3/14 12:56,原来是黄霄云哈哈哈哈哈哈哈哈哈,0
2025/3/14 13:03,这是她的原声嘛[石化],0
2025/3/14 13:06,没事的哦 后续面包会有在成都附近巡演的[比心],0
2025/3/14 13:53,@福喵福软 [宕机][宕机][宕机][宕机],1
2025/3/14 13:55,@冰淇淋不冰,0
2025/3/14 14:07,她唱过@Yagami,0
2025/3/14 14:07,这声音好权威,0
2025/3/14 14:09,本来就不缺[调皮]只是一些人缺少美感品味跟听感品味,1
2025/3/14 14:32,老精分了,1
2025/3/14 15:20,@Deadly drugs @ix. [憨笑],0
2025/3/14 15:25,哈哈哈哈哈哈,0
2025/3/14 15:33,我也是,0
2025/3/14 15:39,@吃青椒吗 你听黄霄云这个很好听,0
2025/3/14 15:39,哈哈哈哈哈,0
2025/3/14 16:47,来了来了,0
2025/3/14 16:48,啊？看了你条评论我才发现这是黄霄云的小号，我以为就是大号[捂脸],0
2025/3/14 16:53,包的,0
2025/3/14 17:03,这是黄霄雲的小号,0
2025/3/14 17:04,@紫夜 @LJun @老哲子 @呼啦呼啦,0
2025/3/14 17:04,火了铁汁,0
2025/3/14 17:19,啊姐姐姐姐姐姐是我[流泪][流泪][流泪],0
2025/3/14 17:22,嗯？,0
2025/3/14 17:22,@14yhl9t. 这原来是小号啊[噢买尬],1
2025/3/14 17:27,[看][看][看],0
2025/3/14 17:27,[看][看][看][看][看]开始演不知道了,1
2025/3/14 17:34,@森山燐 [石化],0
2025/3/14 17:35,虽然面包你是我宝宝，但是这是抖音你还得练[调皮][调皮][调皮],0
2025/3/14 17:36,哪有新粉刚入坑[害羞],0
2025/3/14 17:39,本尊！,0
2025/3/14 17:44,这是真的啊[宕机][宕机][宕机],0
2025/3/14 17:47,华晨宇的也不是尘埃落幕，是烟火绽放的绚丽,0
2025/3/14 17:50,真人啊,0
2025/3/14 17:53,自己和自己说话[看],0
2025/3/14 18:01,@hdhdb,0
2025/3/14 18:07,@音你心悠- @愚人鸡(愚勘99) @勘探螈 @芙拉 @王木木,0
2025/3/14 18:19,@? [大笑],0
2025/3/14 18:25,@?? @??????,0
2025/3/14 18:25,也是跟着面包火了一把[看][看],0
2025/3/14 18:33,@寻 [泣不成声],0
2025/3/14 18:40,这原声不就是她吗[尬笑],1
2025/3/14 18:44,哈哈哈哈哈哈,0
2025/3/14 18:46,@章开妮 是她小号[捂脸],1
2025/3/14 18:48,[黑脸],1
2025/3/14 18:48,@list 耳朵好爽,0
2025/3/14 18:50,@清曲.Gracia 11年[流泪],0
2025/3/14 18:55,还练啊 要到第几层才行啊[泪奔],0
2025/3/14 19:01,@AAA蟹黄包大甩卖,0
2025/3/14 19:03,@梨涡浅浅 看这评论[泪奔],0
2025/3/14 19:05,@小李不迟到 @Mr.Y 有本人诶,0
2025/3/14 19:06,[灵机一动],0
2025/3/14 19:11,@椰丝长官 [捂脸][捂脸][捂脸],0
2025/3/14 19:12,@呼噜噜噜 [捂脸][捂脸][捂脸],0
2025/3/14 19:13,@贵气清冷霸总 @Achybeoln 难怪,1
2025/3/14 19:18,我靠，他这个高音真的牛逼@?(???)?优雅 @秋禔,1
2025/3/14 19:21,上,0
2025/3/14 19:31,[泪奔],0
2025/3/14 19:45,@常伴胜过所有 [黑脸],1
2025/3/14 19:46,@常伴胜过所有 [黑脸][鼓掌][鼓掌][鼓掌],1
2025/3/14 19:48,在哪买票啊,0
2025/3/14 19:52,天猫大麦抖音都可以[呲牙],0
2025/3/14 20:17,@Zφ,0
2025/3/14 20:29,好像啊吃了黄霄云啊[抱抱你],1
2025/3/14 20:29,@天台山的猫不听广播 [看],0
2025/3/14 20:31,就是她[捂脸],0
2025/3/14 20:32,@凹猫you 真的初代火姐[流泪],0
2025/3/14 20:40,@卿卿 @天真以为 @墨尔本风停了吗 @LJY今天靠谱了吗,0
2025/3/14 20:46,现在粉上还来得及去宝能听演唱会[大笑],0
2025/3/14 20:47,哈哈哈,0
2025/3/14 21:01,@1065 @秋言 @罗马希屿 @R.J. @筚路蓝缕 @Z 函 那很好了[黑脸],1
2025/3/14 21:04,那可太好了,0
2025/3/14 21:04,你下周中午对着楼下唱，我帮你拍视频[憨笑],0
2025/3/14 21:08,@.? @明曦西 @樱. @郝豆 @Ss_ihi?? @?? @玖祁'. @《》 @解北 [黑脸],1
2025/3/14 21:12,@真不懂了嗷,0
2025/3/14 21:13,@EXID,0
2025/3/14 21:23,@姜祁冉 @??一二一?? @苏枫 @妃蒽嫔妾 @兵哥哥 [憨笑],0
2025/3/14 21:24,@Kimburlea 雅。赏。,0
2025/3/14 21:28,我之前可喜欢听这首歌了，我咋感觉这版调这么高[发呆],0
2025/3/14 21:30,抓！[逞强落泪][逞强落泪][逞强落泪],1
2025/3/14 21:30,@睡到自然醒??,0
2025/3/14 21:35,开头前两句还得练,1
2025/3/14 21:36,这对？,0
2025/3/14 21:38,笑不活了,0
2025/3/14 21:42,因为是女版的，翻唱致敬原唱但肯定不能一模一样啊。,0
2025/3/14 21:45,抓[送心],0
2025/3/14 21:45,你唱,0
2025/3/14 21:46,我怕吓死你,1
2025/3/14 21:46,这样啊啊哈哈哈，好厉害,0
2025/3/14 21:47,@张楠楠的生活日记 [宕机][宕机][宕机][宕机],1
2025/3/14 21:50,@阿巴 @椰子???? @未眠`FM 我嘞个豆啊[宕机],0
2025/3/14 21:52,[舔屏],1
2025/3/14 21:53,牛啊,0
2025/3/14 21:55,@无忧?? 太无敌了[流泪][流泪][流泪],0
2025/3/14 21:56,@稻草熊.,0
2025/3/14 21:57,@极修匠-国储电脑城店 @1in @keep going,0
2025/3/14 22:03,我靠,1
2025/3/14 22:13,我靠，厉害了,1
2025/3/14 22:14,@少女A 我将拥护黄霄雲 烟火里的尘埃最强女声翻唱[色],0
2025/3/14 22:24,[泣不成声]好厉害,0
2025/3/14 22:25,@DO [宕机],1
2025/3/14 22:29,@红中?? @多謝伱 @ikkkkkk [捂脸][赞],0
2025/3/14 22:44,@?? @Hvski7 @71Fyi [捂脸],0
2025/3/14 22:46,坏了她长得也像朵莉亚[捂脸],0
2025/3/14 22:47,小号遥遥领先[看],0
2025/3/14 22:48,[黑脸]@好想睡觉啊?? @抹茶布蕾 @不会连蓝牙 @xian?? @one day @玩摇滚吗 @不凡的橙子 @湖南世南钢材有限责任公司,0
2025/3/14 22:50,@王玉 @修补我的大门牙 权威,0
2025/3/14 22:50,哈哈[赞],0
2025/3/14 22:51,作为黄霄雲的粉丝，23号要去看华晨宇演唱会喽[还得是我],0
2025/3/14 22:59,@只要我名字够长就不会撞名 @阿紫??（不上上音钢表不改名） @the Renaissance @锅一 ? @酥饼 @按“ESC”逃离世界 @壹訫 谁来挑战,0
2025/3/14 23:03,好好听！,0
2025/3/14 23:08,哈哈哈,0
2025/3/14 23:09,@有公主病 哈哈哈哈,1
2025/3/14 23:15,@怿 @??Mars-好运小富（日出版） @羊村你喜哥,0
2025/3/14 23:20,[憨笑][憨笑][憨笑][憨笑],0
2025/3/14 23:20,@成都特种培训︱政选教考王老师 @aerina @#jeinmoin @朴志晟是天下第一逼王 @昊吧亲亲 @YUYANGLIN @松云,1
2025/3/14 23:22,[爱心][爱心][爱心][爱心],0
2025/3/14 23:24,我丢，还真是,1
2025/3/14 23:25,@……………… @??今天也好困 @不冻港 @C2 @Flow @Augenstern @7.?? @宇宙第一道光,0
2025/3/14 23:30,哈哈哈哈哈好厉害,0
2025/3/14 23:34,@晚安 [发呆],0
2025/3/14 23:40,@仐ooo @兮瓜啵啵 @多吃点?? [猪头],1
2025/3/14 23:43,@小羊数星星 她唱的好好听[流泪],0
2025/3/14 23:43,@学习 @香蕉你个布拿拿 @Ahzs @几朝宁雪 @巧克力出租车,0
2025/3/14 23:44,@夯小力 @北海. @避避浪浪浪 @xx-xx @泡泡邮递员?? @小由咕咕（小黄的狗）    [小黄鸭],0
2025/3/14 23:45,这超绝音感,0
2025/3/14 23:59,这个我是真[泪奔]破防，我4.5才可以去了,0
2025/3/15 0:07,对[看][看][看],0
2025/3/15 0:11,@Remember. @Eternity? 真的一听就感觉是她,0
2025/3/15 0:13,放假出门第一个视频就是这[OK][OK],0
2025/3/15 0:15,@健康第一_,0
2025/3/15 0:50,是说相声的那个富二代吗 太厉害了吧,0
2025/3/15 0:58,@刨坟爱好者 @我是贝利亚我要来入侵地球了 @一只鱼的传说,0
2025/3/15 1:09,@小兔子乖乖?? 不难怪职业选手参赛,0
2025/3/15 1:11,好厉害啊,0
2025/3/15 1:11,买到票了 有演唱会群吗可以拉我一个吗[流泪],0
2025/3/15 1:14,去吧，绝对不会失望的，看过北京两场，在嗓子发炎的情况下唱得还特好,0
2025/3/15 1:21,看头像是黄毛,1
2025/3/15 1:37,@uii @三点过十分,0
2025/3/15 2:04,有实力的歌手就是这样的，不会让观众失望,0
2025/3/15 2:41,@oOoOoOoOo @iti,0
2025/3/15 7:10,抓[灵机一动],0
2025/3/15 7:56,你抖音搜搜黄霄雲魔星梦幻岛，有个公开群，就是粉丝群，好多人都去,0
2025/3/15 8:01,咦,0
2025/3/15 8:08,[微笑],0
2025/3/15 8:12,我操。虽然不认识但是好牛逼[憨笑],1
2025/3/15 8:39,这是小号吗,1
2025/3/15 8:53,@二十八 @Fffff. @??ˇ???? ??1,0
2025/3/15 9:05,虽然你很强，但这是抖音你还得练[看],1
2025/3/15 9:08,哈哈，姐姐好可爱[看][色],1
2025/3/15 9:16,@N7N,0
2025/3/15 9:49,今年可以来天津开演唱会嘛,0
2025/3/15 10:02,我去[石化][石化][石化],0
2025/3/15 10:59,@指引. @coisini,0
2025/3/15 11:10,@17° @泛舟 @Speechless @念安. @纯情狗?? @不傻的蠢蛋 @咩咩咩 @喜欢秋 @Shmily,0
2025/3/15 11:16,哈哈哈,0
2025/3/15 11:18,央音第一的多了，要论跨界第一海鼠我云[呲牙],0
2025/3/15 11:19,渣渣乐评人已经在准备起黑稿了[看][看],1
2025/3/15 11:29,[宕机][宕机][宕机][宕机],1
2025/3/15 11:34,你玩抽象呢姐[黑脸],1
2025/3/15 11:51,不是吧，黄宵云不是爱打火锅吗[笑哭],0
2025/3/15 11:55,@一龙肉包,0
2025/3/15 12:03,？[泣不成声]她音就是可高了[泣不成声],0
2025/3/15 12:03,你喜欢谁的没人反对，你觉得谁更强无人在意，但你跑来这里讲别人就实在不尊重了,1
2025/3/15 12:13,太牛了吧我去,0
2025/3/15 12:14,@……? @鱼与 @Zhuang. @咻～飞喽～?? @蟹黄堡秘方? @R. @販_賣日出_shan @一具学牲 @库洛米的小助理.,0
2025/3/15 13:02,@Vera ?? ? ? @鯪峫蒔雩,0
2025/3/15 13:10,你说那谁更强，请间她人现在去哪了？？？你来小云的号说别人最强！？？？？？能不能放点尊重！？？谢谢[比心],1
2025/3/15 13:56,@问情? @流 @堍  [捂脸],0
2025/3/15 14:06,不是正主来了[九转大肠][左上],0
2025/3/15 14:16,@hello77等74.5万人 @江苏刘亦菲 @下次请你吃糖. @南半球的秋天 @L眠 @小樱小樱 @仲熠. @你根本就不自由 [捂脸],0
2025/3/15 14:23,喵喵喵,0
2025/3/15 14:28,@咩咩.,0
2025/3/15 14:55,@李元彬,0
2025/3/15 15:15,小号还是粉丝啊？,1
2025/3/15 15:45,@墨雯 @再璟见,0
2025/3/15 15:47,在大卖，猫眼，抖音都可以买到的[送心],0
2025/3/15 15:51,6,0
2025/3/15 15:56,@?? 真的好牛,0
2025/3/15 16:26,我从高中的时候听到现在，开车的时候很得劲[泪奔],0
2025/3/15 16:28,@川芎和白芍,0
2025/3/15 16:29,我盲猜是黄霄雲小号,1
2025/3/15 16:34,就是[泪奔][泪奔],0
2025/3/15 16:57,@?? @一只萧笨鸟 @扎个揪揪? OMG,0
2025/3/15 16:57,@Memorial @维生素C @千逐,0
2025/3/15 17:21,@把狗给我 @Ting @-王富贵,1
2025/3/15 17:36,黄霄云的头声是世界级的，还有张靓颖，这俩都快到A妹的水平了（A妹之前整头声，现在整哨音）[送心][送心][送心],0
2025/3/15 17:45,@搂在,0
2025/3/15 18:08,[凝视],0
2025/3/15 18:57,22年九周年烟火里的尘埃，我称之为绝[泪奔],0
2025/3/15 19:08,@夏子???? [宕机][可怜],0
2025/3/15 19:13,@茉莉雨. [憨笑],0
2025/3/15 19:13,@元气欣欣 @?????????? @白开水. [宕机],1
2025/3/15 19:32,@KATA_zZ,0
2025/3/15 19:49,@野。 @告白 @低语 @缸 @口香糖....... @厦门特仑苏,0
2025/3/15 19:57,@fuehje 不是哥们真人[捂脸][捂脸][捂脸],0
2025/3/15 20:07,[泣不成声],0
2025/3/15 20:13,[看][看],0
2025/3/15 20:23,[憨笑][憨笑][憨笑][憨笑][憨笑]啊，我以为这个声音就是黄的呢,0
2025/3/15 20:27,真嘟假嘟？,0
2025/3/15 21:32,我嘞个@擒便便皇,1
2025/3/15 21:32,@清溪五里雾?? @BANANA?? @去散步 @夕夕来喽 @鸭子嘎嘎嘎嘎嘎 @身高两米八八 @八方来财的常常常 @Yiyi @临渊似锦,0
2025/3/15 21:34,笑死了,0
2025/3/15 21:41,本尊都来了[捂脸][捂脸],0
2025/3/15 21:46,下去沉淀一下[看],1
2025/3/15 21:50,@极恶贝利亚 @Jun.?? @infinite,1
2025/3/15 21:56,@Osnackoeyliii_,0
2025/3/15 22:05,nbd。,0
2025/3/15 22:15,烟火里的尘埃目前除了华晨宇没人能唱出这首歌中的“一场烟火散落的尘埃”里的孤独也没有关系，陨落也没有关系,0
2025/3/15 22:29,你是黄霄雲，那我是谁[憨笑],0
2025/3/15 22:30,爱谁谁,1
2025/3/15 22:32,@野樾. @Whisper. @yv?? @羊毛,0
2025/3/15 22:32,以前我跟我爸说古巨基唱的当年情比张国荣好听，我爸还极力反驳我，后来我看了英雄本色才发现，情怀这种东西就像初恋一样，真的很无解[微笑],0
2025/3/15 22:33,那你很会猜了[看],0
2025/3/15 22:33,你是joker,1
2025/3/15 22:36,@Navir @傀儡,1
2025/3/15 23:05,太牛了我草,1
2025/3/15 23:18,哈哈哈是哒我知道啦,0
2025/3/15 23:28,她唱过，超级绝[灵机一动]你永远可以相信黄霄雲的实力,0
2025/3/15 23:30,其实很早听过了，但是不知道这个号就是她本人所以才搞这一出乌龙[苦涩],0
2025/3/15 23:30,哈哈哈嗝了解啦[捂脸]我刚刚也是一愣，因为我只关注了她大号[快哭了],0
2025/3/15 23:38,就来了p?ni[微笑][微笑][微笑],0
2025/3/16 0:05,！@好运常伴财源广进，事事顺心，心想事成,0
2025/3/16 0:05,听华晨宇最后的高音。能感受到一个画面就是烟花从升空到爆炸。到变成尘埃飘散。,0
2025/3/16 0:18,@最讨厌早起 @丹下嘤 @Azure Auspices,0
2025/3/16 0:35,华晨宇唱歌那种歇斯底里的爽感，华语男歌手很少能找到这种感觉的[捂脸],0
2025/3/16 0:58,@L,0
2025/3/16 1:25,@Yolanda.,0
2025/3/16 2:35,阿这,0
2025/3/16 6:50,这个高音可以唱朵莉亚的人鱼之歌，包火的，太好听啦,0
2025/3/16 7:09,我也想去[流泪]今天她的第一场离我好近[流泪]结果错过了抢票时间[流泪],0
2025/3/16 8:10,@请无偿归还我的自行车灯,0
2025/3/16 8:29,黄霄雲小号[看],0
2025/3/16 10:21,@玟_钦 @珉天见?? @望常青树永盛,0
2025/3/16 10:25,@一只冷酷棺. @岚鱼鱼 @是健健同学吖 @（岚鱼）闲聊号 @纯白铃兰,0
2025/3/16 10:55,看什么看，你还得练[玫瑰][捂脸],0
2025/3/16 11:54,有点像周深,0
2025/3/16 11:55,她不是已经唱过了吗[发呆],0
2025/3/16 12:11,A的头声并不稳，哪怕是之前头声时期，也是状态好才敢冲Eb。A稳得一直是F5以上的强混，通道和松弛感拉满,0
2025/3/16 12:15,这样吗？我只知道A妹以前是玩头声的，那头声厉害的欧美歌手有谁呀？[送心],0
2025/3/16 12:15,你竟然听出了,0
2025/3/16 12:29,@露 @偷蟹黄堡的痞老板 @??? @Haindrisi @泰式檸檬茶 @君安 好强好爱好听[泣不成声][泣不成声][泣不成声],0
2025/3/16 12:37,@w. [流泪],0
2025/3/16 13:08,女高音,0
2025/3/16 13:16,三天三夜[舔屏][咒骂],1
2025/3/16 13:43,惠姨很厉害的，驴娜也可以的,0
2025/3/16 13:58,小号。她小名为啥叫面包知道了吧，因为她爱吃[不失礼貌的微笑],0
2025/3/16 14:00,专不专业没所谓的，也就普普通通当年的央音第一[泣不成声][泣不成声][泣不成声][泣不成声][泣不成声][看],1
2025/3/16 14:06,你巡演不来上海叫巡演啊，抓紧开票,1
2025/3/16 14:06,那是电吉他 加人声一起了[微笑][微笑][微笑][微笑][微笑][微笑]完全不用修音哈，黄小云！[比心],0
2025/3/16 14:18,[看][看],0
2025/3/16 14:22,就是她小号[看],1
2025/3/16 14:48,@开心小猫 哈哈哈哈哈哈哈哈哈哈哈,0
2025/3/16 14:56,@Real,0
2025/3/16 15:09,@A_chen [宕机],1
2025/3/16 15:18,@何舟 [发呆],0
2025/3/16 15:50,她好厉害,0
2025/3/16 15:59,@TTby. @魚 @于是 @哈哈哈哈哈哈哈哈哈哈 @风过思念散 @狗洋不是ultra @邹不是粥 @张极想我了吗 @江沉晚吟时,0
2025/3/16 16:03,哎？还真是[憨笑]@捉刀客 @Salty @雾凉,0
2025/3/16 16:13,[舔屏],1
2025/3/16 16:52,惠姨虽然头声质量很高，但是音调不高啊，都没怎么上过六组[发呆][发呆][发呆],0
2025/3/16 17:15,@Seok,0
2025/3/16 17:15,周菲戈呢,0
2025/3/16 18:07,唱歌肯定是质量大于音高啊，五组头声她就是top了,0
2025/3/16 18:09,@me [暗中观察],0
2025/3/16 18:42,@川谷小猪 我嘞个豆,1
2025/3/16 18:48,？现在还有票,0
2025/3/16 20:21,@胡玖玖??,0
2025/3/16 21:38,@诀别诗^ 唱人鱼之歌的那个[赞],0
2025/3/16 21:50,？,0
2025/3/16 22:06,这是一个名叫黄霄雲的美食博主[尬笑],0
2025/3/16 23:00,老姐在dy还得练 [调皮],0
2025/3/16 23:59,[流泪]41万了,0
2025/3/17 0:20,@-Z- @Kiki ?? 太会唱了,0
2025/3/17 0:54,@i @她说名字取随便 @阿困困困 @首尔流浪女 @脆皮蛋黄酥 @xxe @逢春 @b奇堡易点点想你 [害羞],0
2025/3/17 4:35,原唱就有非常多版本[捂脸],0
2025/3/17 4:35,没办法让天娱打包卖给网易云了,0
2025/3/17 5:35,虽然不喜欢华晨宇。但他这首歌确实唯一没人能唱出他的感觉[泪奔],0
2025/3/17 7:03,还好你出道早[看],0
2025/3/17 8:05,@吽吽啊吽吽 [发呆][发呆][发呆][发呆]她比她还能唱,0
2025/3/17 8:45,@我?妮蝶 @JC-T.静 @。。。。。。。。。 @柒. @防锈油 @激发态 @﹏ [舔屏][舔屏][舔屏][舔屏][舔屏],0
2025/3/17 9:40,[宕机][宕机][宕机][宕机][宕机],1
2025/3/17 9:46,抖音不还有些么,0
2025/3/17 9:46,大麦。抖音等都有吧。好像也没多少了,0
2025/3/17 9:48,还有视频一个玻璃都唱碎了[看][看][看][看],0
2025/3/17 9:57,黄霄云歌词都唱错了，我就是我，我只是我。,1
2025/3/17 10:52,还得练,0
2025/3/17 11:01,@小羊困了吗 [看],0
2025/3/17 11:11,@美好的事可不可以发生在我身上,0
2025/3/17 12:34,老师，无数人跪求了，这都多少次了，点赞多少了，能不能盘一盘曹万江老师的《你要结婚了》，我听了很多遍，发声独特，唱功出奇，硬是没有搞明白他的歌唱技巧[流泪][流泪][流泪],0
2025/3/17 12:35,太会唱了,0
2025/3/17 14:35,你好,0
2025/3/17 14:56,结尾是不是华晨宇孩子里的那段吟唱，好像啊,0
2025/3/17 15:00,主播的脸怎么一跳一跳的[黑脸],1
2025/3/17 15:04,@山城春渡 @寸矢 @Yan. @3xy @朝阳编剧（乱磕派） 真的好听绝了啊啊啊，但是唱不了一点，头声强混都得降key[泪奔][泪奔][泪奔]。。。黄霄雲唱的，基本都唱不了[尬笑][尬笑][尬笑],0
2025/3/17 15:32,玩王者玩入魔了[捂脸],0
2025/3/17 16:04,@野比ド @星际超速,0
2025/3/17 16:55,求一个华晨宇的《好想爱这个世界啊》,0
2025/3/17 17:02,是黄笑晕在唱歌[撇嘴][撇嘴],0
2025/3/17 17:06,这也太高了,0
2025/3/17 17:18,风格不一样黄霄云唱歌很好听，但是第一句开始就有点奇怪，也不知道为啥[发呆][发呆][发呆],0
2025/3/17 17:30,霄云姐唔唔唔唔唔唔唔！！[舔屏][舔屏],0
2025/3/17 17:54,这两位我都很喜欢，但是路人缘都一般[捂脸],0
2025/3/17 17:55,40万喊可以吗[看],0
2025/3/17 18:33,黄霄云这个声音还是太纯净了，没有这首歌表达的那种故事感[比心],0
2025/3/17 19:14,@胡图图的图,0
2025/3/17 19:25,@求求你别说了 活的,1
2025/3/17 19:41,确实是你技高一筹[黑脸],1
2025/3/17 20:48,@?? [流泪],0
2025/3/17 21:31,@卖核弹的小火柴 本尊,1
2025/3/17 21:36,@阿羽啊～ @?? @曦月??,0
2025/3/17 22:13,她没有小号，才注册的小号～,0
2025/3/17 22:24,都好听好听,0
2025/3/17 22:33,@EH7 @ye. @????卡子累了???? @眼前人 @zsy飒飒的啊 @不止珊瑚海 @义斩天下 @灰原比企盛 @人不犯二枉,0
2025/3/17 23:00,@住在林里 [恐惧][恐惧][恐惧]巨巨巨好听,0
2025/3/17 23:47,@我在 @11，,0
2025/3/17 23:52,我说呢这么这么耳熟。。好震撼。。,0
2025/3/18 0:06,@乖乖帽宝 笑死人??服了啊[泪奔][泪奔],0
2025/3/18 0:34,你来真的？,1
2025/3/18 0:57,[尬笑][尬笑],0
2025/3/18 1:09,去听一下@JuNKi 的,0
2025/3/18 1:35,[流泪][流泪]黄霄云对我来说超级有感觉,0
2025/3/18 1:55,那个间奏真的好听，只是明明是差不多同一时间进的，黄霄云这一版给我一种没唱两句就到高潮的感觉，原版就没有这个感觉,0
2025/3/18 2:20,太厉害了@起风了。,0
2025/3/18 4:17,哇 这也太厉害了吧 这都能拉上去 够专业的啊,0
2025/3/18 9:54,哈哈哈哈哈哈哈,0
2025/3/18 12:24,@BS大小姐,0
2025/3/18 14:45,@松眠 @星星耀明月? [宕机],1
2025/3/18 15:12,@吼喜欢一些小狗 [宕机][宕机][宕机][宕机][宕机][宕机],0
2025/3/18 16:33,@江江江江停,0
2025/3/18 16:51,哈哈哈??,0
2025/3/18 17:14,华晨宇这首歌10多年了，感觉没有一位能打败原唱[捂脸]只有他唱的遗憾和孤独感最能体现出来[捂脸]这首歌并不是唱爱情 好多人都以为是唱爱情[捂脸],0
2025/3/18 17:46,@W..... @L... @期许,0
2025/3/18 17:46,@夏目¤,0
2025/3/18 18:58,作者:我黄霄云啊，啊哈，谢谢,0
2025/3/18 19:02,我是错过了[流泪],0
2025/3/18 19:28,在哪都要标明原创哈，你看哪个节目没标的？人家够专业吧,0
2025/3/18 19:38,啥？现在不还有票吗？[捂脸],0
2025/3/18 19:40,@冬眠,0
2025/3/18 19:41,好强[发呆][发呆][发呆],0
2025/3/18 20:19,之前唱过,0
2025/3/18 20:20,老弟，你还得练[展开说说],0
2025/3/18 20:24,@榛子味?? @蛮好蛮不错 @小徐 @比奇堡悍匪 @Honz @事不关己 @Alkaid @李清蝶 @久久久久,0
2025/3/18 20:42,本尊啊[九转大肠],0
2025/3/18 20:57,复刻一下,0
2025/3/18 21:34,？啊？,0
2025/3/18 21:44,@哗然 [尬笑],1
2025/3/18 21:45,@.??. [发呆][发呆][发呆],0
2025/3/18 21:50,@小呆. @苏帅帅 @koipuppy. @July @second @哈哈哈～ @果敢的哈德雷 @修哥和他的诡异男友,0
2025/3/18 22:06,起这名儿我也发出了同样的疑问,0
2025/3/18 22:13,看我作品呀[看],0
2025/3/18 22:18,@我没柿 @望_风吟 @ctms. @祈望雨_?? @zillllllll.,0
2025/3/18 22:29,@张鱼丸子?? @逸颗柠檬糖 @一次性 @Filosofia @黎歌 [泪奔],0
2025/3/18 22:33,你？我？？你？我好,0
2025/3/18 23:14,我记得我是17年那时候喜欢听到这首歌的，后来还听到一首《孩子》感觉好像，一看作曲都是西楼[泪奔],0
2025/3/18 23:30,烟火里的尘埃，我已经听了整整10年[捂脸],0
2025/3/18 23:45,这里是抖音 你还得练[奸笑][奸笑][奸笑],1
2025/3/18 23:58,@顺走小耀*,0
2025/3/19 0:17,@still,0
2025/3/19 0:52,好听好听[玫瑰],0
2025/3/19 1:59,@Aileen [困],0
2025/3/19 2:05,@宝宝奴。,1
2025/3/19 4:21,@啊打啊打我打打打啊打～～,1
2025/3/19 4:25,超越了超越了[看][看][看],0
2025/3/19 7:54,最开始那句就要我命了[惊恐],0
2025/3/19 8:16,等下 哪个是黄霄雲[宕机],1
2025/3/19 9:28,@愿孑,0
2025/3/19 10:53,孩子是烟火里尘埃的续集，但是西楼都承认，除了华晨宇唱，其他人都会毁了这首歌,0
2025/3/19 11:21,@VēMO小胖,0
2025/3/19 11:22,挺好听啊,0
2025/3/19 12:18,[黑脸],1
2025/3/19 12:38,我只听过西楼自己唱的孩子[捂脸]，华晨宇唱的没听过,0
2025/3/19 12:44,[捂脸],0
2025/3/19 13:14,@Len,0
2025/3/19 13:30,@月半鱼??? 小学就听的歌，但是听不到原版[流泪]华晨宇只有现场版，太吵了[泪奔],0
2025/3/19 13:38,@白居易 @吉努谷 @? o?o?,0
2025/3/19 13:39,@阳阳,0
2025/3/19 13:58,@sslove7,0
2025/3/19 14:14,nb,0
2025/3/19 14:37,@发财不断发发发发到厌倦 @水沝淼,0
2025/3/19 15:08,哈哈哈哈,0
2025/3/19 15:21,@冷却,0
2025/3/19 15:22,从哪证明这是小号啊[尬笑]视频可以转发,1
2025/3/19 15:40,@happy,0
2025/3/19 16:30,仄声怎么到处蹿,1
2025/3/19 17:27,[宕机],0
2025/3/19 17:30,我滴妈[捂脸][捂脸][捂脸]真不怕给黄招黑[捂脸][捂脸][捂脸],1
2025/3/19 18:45,说的太对了,0
2025/3/19 19:04,@对方正在长头发 [宕机],1
2025/3/19 19:10,@朱肉炖粉条 @关鍵词_kk @y1feii @， @Beeffu @睡不醒O,0
2025/3/19 19:18,[流泪][流泪],0
2025/3/19 19:20,喜欢的就是会喜欢   不喜欢的强求不来[调皮][调皮],0
2025/3/19 19:34,@乔伊波伊 [白眼],1
2025/3/19 19:35,嘶～,0
2025/3/19 19:42,对不起对不起,0
2025/3/19 19:45,是黄霄云,0
2025/3/19 20:13,@??,0
2025/3/19 20:57,@?????? 她好牛,0
2025/3/19 22:03,@Povr,0
2025/3/19 22:20,+1啊啊啊啊啊太好听了,0
2025/3/19 22:38,因为这个就是她[流泪]虽然我也希望有人像她一样牛 这样双强可太棒了,0
2025/3/19 22:39,不和原版比较哦[送心]而且花花也有尝试过人声乐器，很多演唱会都会现场改编唱乐器声的[比心][比心],0
2025/3/19 22:41,朵莉亚那首歌原唱是游戏的哦，??属于是官方认证的翻唱[比心][比心],0
2025/3/19 22:42,因为这是黄霄雲（浴室版）[看],0
2025/3/19 22:43,哇哦我作证,0
2025/3/19 22:44,浴室唱的肯定有混响感[看],0
2025/3/19 22:45,小时候嗓子没发育好呢，长大了要唱这个需要很久的练习的,0
2025/3/19 22:49,[送心][送心]支持,0
2025/3/19 22:50,是哦，黄霄雲（浴室版）,0
2025/3/19 22:52,不是，是新录的！！只不过都是黄霄雲唱的,0
2025/3/19 22:55,他应该不会吧[捂脸]从自己的发展路线和两家关系来看他都不会翻唱的,0
2025/3/19 23:01,本人,0
2025/3/19 23:33,我好像听过她唱歌,0
2025/3/19 23:41,@ccc. [发呆],0
2025/3/19 23:42,[666][666][666],0
2025/3/19 23:55,@ReverSe @onnyj @苦柠檬 我真是这么想的[愉快],0
2025/3/20 0:24,星辰大海是她的歌，我特别喜欢,0
2025/3/20 0:48,太震撼了戴耳机听的,0
2025/3/20 0:49,好舒服的高音[流泪][流泪],0
2025/3/20 0:51,华晨宇我也不是特别喜欢，但这首歌我一直收藏，确实无人替代，女生少了点感觉，怪怪的,0
2025/3/20 1:05,@Rua!,0
2025/3/20 1:14,@每天都好烦 我的妈，最近烟火里的尘埃很多人在唱了[憨笑],0
2025/3/20 2:44,很贴切,0
2025/3/20 5:45,@toast @懒得取名字了 @为什么要改,0
2025/3/20 8:52,人家也会,0
2025/3/20 12:16,@吉一一哇(宁芙奖请投蛐蛐) @特猫tou @只吃画的饼aaa.(宁芙奖请投作曲),0
2025/3/20 13:28,@佑.航????,0
2025/3/20 14:08,@穆夏 [流泪][流泪][流泪][流泪]11年,0
2025/3/20 14:35,??好的知道是你了,0
2025/3/20 16:06,勇啊[赞][奸笑],0
2025/3/20 16:28,@碜 @昊爱弹琴 @happy ?? @亚古兽 @失控了 @米奇?? @慕辰 @一口小羊en @Crush. @好好睡觉 @crab @嘻嘻嘻嘻哈 @hshvsh @说唱 @Kitty??? @霸王地摊牛排锅（余姚店） @????? @nnn @电子琴 @香香薯饼 @致金 @5· 哇塞,0
2025/3/20 16:40,@暮浸南风 [宕机],0
2025/3/20 16:46,@娇纵,1
2025/3/20 19:40,@宋我上岸 @小警察离我远点 @寻常. 谁请我看,0
2025/3/20 20:51,让我笑了,0
2025/3/20 21:27,博主：,0
2025/3/20 22:24,真假美猴王,0
2025/3/20 22:35,小号诶特大号，大号懵逼ing,0
2025/3/20 22:46,@初雪?? 哈哈哈哈哈,0
2025/3/20 23:01,@偷陆沉苦茶,1
2025/3/20 23:17,@Esther-x,0
2025/3/20 23:18,@照月色 [泪奔][泪奔],0
2025/3/20 23:30,@松盈. 去吧！如果是你的话一定可以的,0
2025/3/20 23:44,@螃蟹背壳,0
2025/3/21 0:18,我看过[吐舌]王者荣耀共创之夜她唱了[玫瑰],0
2025/3/21 0:43,@额啊嗯哦 @hcchysg @吃啥呢 @东北四south @jj @刻蚀 @绿皮西瓜,0
2025/3/21 1:16,她的声音一听就知道[捂脸]，听到多了，这娘们的歌我是真爱听,1
2025/3/21 2:50,[宕机],0
2025/3/21 3:41,哈哈哈,0
2025/3/21 4:12,@好运访问 [泪奔],0
2025/3/21 4:14,@昂 @年 我勒个宇宙音黄霄云啊,0
2025/3/21 7:01,[捂脸],0
2025/3/21 7:44,[九转大肠],0
2025/3/21 8:05,不许[黑脸],1
2025/3/21 8:41,禁止自娱自乐[机智],1
2025/3/21 8:45,@工藤鑫一,0
2025/3/21 9:27,@又逢雨天. 哇塞,0
2025/3/21 9:46,@?? 笑死我了,0
2025/3/21 11:01,真的超级nb，nb中的巨nb,0
2025/3/21 11:53,@odd @冰糖炖雪黎????????,0
2025/3/21 12:06,@71#,0
2025/3/21 12:47,@笙 我说是哪个博主这么厉害 结果是黄霄云[尬笑],0
2025/3/21 13:16,[宕机][宕机],1
2025/3/21 13:53,@活人快死（落） @Neflibata @行走在路上 @Tiamocarol @A香煎荷包蛋 @Gvemiz. @Uu7 @這亞行 @這亞更行  我去真的黄霄雲,0
2025/3/21 14:10,对[黑脸][鼓掌],1
2025/3/21 17:12,[比心],0
2025/3/21 17:36,@咕噜鱼?? @拾 @钟爱白利 @， @悲伤的番薯 @清忧（,0
2025/3/21 17:42,你可以的，我替你作证,0
2025/3/21 17:47,黄霄云的音真的太高了[流泪][赞],0
2025/3/21 18:10,[听歌],0
2025/3/21 18:10,@烛. @讨厌?芹菜 @小鱼咕噜噜噜,0
2025/3/21 18:14,这个人是谁,0
2025/3/21 18:32,[赞][赞][赞][赞],0
2025/3/21 19:08,@风过秋来夏挽月 @lll 她真的无敌了[流泪],0
2025/3/21 19:13,我去好好听[赞],0
2025/3/21 19:17,我的亲娘,1
2025/3/21 19:28,别搞[憨笑],0
2025/3/21 20:03,[舔屏][舔屏][舔屏],1
2025/3/21 20:03,[流泪][流泪][流泪],0
2025/3/21 20:04,啊啊啊啊啊啊,0
2025/3/21 20:04,老婆，老婆。,0
2025/3/21 20:04,第一,0
2025/3/21 20:04,明天就要开演唱会了诶[黑脸]@好想吃面包蛋糕芝士 @黄霄雲（巡演版）,0
2025/3/21 20:04,[色][色],1
2025/3/21 20:04,期待明天啊[爱心],0
2025/3/21 20:04,面包大美女[色],1
2025/3/21 20:04,前排前排啊,0
2025/3/21 20:04,前排前排,0
2025/3/21 20:05,雲啊啥时候来杭州[流泪][流泪][流泪]来杭州我请你评论区所有人免费看,0
2025/3/21 20:05,[看][捂脸],0
2025/3/21 20:05,一分钟前！,0
2025/3/21 20:05,[求抱抱][求抱抱][求抱抱],0
2025/3/21 20:05,"顶着最甜的脸唱着最狠的歌[流泪][流泪][流泪]
面包好漂亮啊啊啊啊啊啊啊啊",0
2025/3/21 20:05,刚听到你跟罗哥的唱的一万年了,0
2025/3/21 20:05,明天见包！,0
2025/3/21 20:05,明天见[舔屏][舔屏][舔屏],0
2025/3/21 20:05,明天见,0
2025/3/21 20:05,来了[色][色],1
2025/3/21 20:05,好好,0
2025/3/21 20:05,太好听了[色][色],1
2025/3/21 20:05,面包[送心],0
2025/3/21 20:05,就这个停车场爽！！！！！！！[流泪][流泪][流泪][流泪][流泪],0
2025/3/21 20:05,@黄霄雲（巡演版）,0
2025/3/21 20:06,广州见[抱抱你],0
2025/3/21 20:06,明天就可以听到噜，开心[色],0
2025/3/21 20:06,明天见！,0
2025/3/21 20:06,这车库有点东西，还会刷新面包,0
2025/3/21 20:06,面包，明天见啦[送心],0
2025/3/21 20:06,好诶！！明天见面包！,0
2025/3/21 20:06,明天会唱吗包[流泪],0
2025/3/21 20:06,还有23小时[送心],0
2025/3/21 20:06,宝贝！！！明天就见面啦啊啊啊啊,0
2025/3/21 20:06,[泣不成声][泣不成声]面包我来了[大哭][大哭][大哭][大哭][大哭][大哭],0
2025/3/21 20:06,好听[舔屏][舔屏][舔屏][舔屏],0
2025/3/21 20:07,好听,0
2025/3/21 20:07,什么??片运镜（）,1
2025/3/21 20:07,不是我偷拍的[暗中观察],0
2025/3/21 20:07,什么时候去川渝,0
2025/3/21 20:07,@关一小神奇 你试试,0
2025/3/21 20:07,明天加油[玫瑰][玫瑰][玫瑰]演出顺利[送心][送心],0
2025/3/21 20:07,@好想吃面包蛋糕芝士 是不是比你更有感觉，说！[看],1
2025/3/21 20:07,哇！！还有一小时抵达广州,0
2025/3/21 20:07,面包舰长，明天见！,0
2025/3/21 20:07,"明天322广州站巡演！！！
都来[泣不成声]！！！",0
2025/3/21 20:07,啊啊宝宝广州见[舔屏],0
2025/3/21 20:07,是不是又是vlog里截出来的[黑脸],1
2025/3/21 20:07,加油面包[赞][赞],0
2025/3/21 20:08,没事的没事的，马上看到现场版的了[憨笑][憨笑][憨笑],0
2025/3/21 20:08,[玫瑰][玫瑰][玫瑰],0
2025/3/21 20:08,回我谢谢[微笑][左上],0
2025/3/21 20:08,面包什么时候来上海开演唱会[泣不成声],0
2025/3/21 20:08,@好想吃面包蛋糕芝士 某人又开始了[发怒],1
2025/3/21 20:08,[黑脸],1
2025/3/21 20:08,好听好听好听好听好听太厉害啦黄霄雲期待明天见！啊啊啊啊啊啊啊啊啊啊啊好激动，太想见你啦！[送心][送心],0
2025/3/21 20:08,@黄霄雲（巡演版）,0
2025/3/21 20:08,面包面包明天见！[泣不成声][泣不成声],0
2025/3/21 20:08,你啥时候来[流泪]@好想吃面包蛋糕芝士,0
2025/3/21 20:08,这运镜还不如监控！[捂脸],1
2025/3/21 20:08,合肥,0
2025/3/21 20:08,来了[看],0
2025/3/21 20:08,来啦来啦[爱心][爱心][爱心],0
2025/3/21 20:08,特关,0
2025/3/21 20:09,黄霄雲太强了，你啥时候来[流泪]@好想吃面包蛋糕芝士,0
2025/3/21 20:09,包啊，要不要那么厉害[泣不成声][泣不成声][泣不成声][泣不成声],0
2025/3/21 20:09,楼上寻思了半天啥时候煮开水了[泣不成声][泣不成声][泣不成声],0
2025/3/21 20:09,[看][看][看],0
2025/3/21 20:09,明天见！,0
2025/3/21 20:09,[看][看][看]明天7点[赞][赞][赞][赞][赞][赞][赞][赞][赞],0
2025/3/21 20:09,现场就这样[看]狠狠轰炸我,1
2025/3/21 20:09,太好听啦[比心][玫瑰],0
2025/3/21 20:09,@黄霄雲（巡演版）,0
2025/3/21 20:09,[灵机一动][灵机一动][灵机一动],0
2025/3/21 20:09,@好想吃面包蛋糕芝士 你过来！看她要超越你了赶紧去拍啊！发啊！[眼含热泪],1
2025/3/21 20:09,此言不虚？,0
2025/3/21 20:09,好听！好听！好听！[嘿哈],0
2025/3/21 20:09,期待明天呀，啊啊啊啊啊，激动[色],0
2025/3/21 20:09,看完视频头晕了。又不是vlog[黑脸]搞这种的意义在？,1
2025/3/21 20:09,面包今晚可不能通宵啦！好好休息！,0
2025/3/21 20:09,@好想吃面包蛋糕芝士 面包你是不是应该发一个视频再次和霄雲battle了[看],0
2025/3/21 20:09,面包！明天见呀！[色],1
2025/3/21 20:10,这运镜也太抖了[捂脸]，影响我听歌,0
2025/3/21 20:10,女王掌控音符的感觉[发呆],0
2025/3/21 20:10,好[比心],0
2025/3/21 20:10,怎样可以和他一个车库[抠鼻],0
2025/3/21 20:10,我去，太好听了吧[惊喜],0
2025/3/21 20:10,明天见,0
2025/3/21 20:10,明天见@黄霄雲（巡演版）,0
2025/3/21 20:10,好耶[求求了],0
2025/3/21 20:10,来了[偷笑],0
2025/3/21 20:10,什么时候来郑州！！！[抓狂][抓狂],0
2025/3/21 20:10,宝宝我来找你了！！[送心],0
2025/3/21 20:10,[酷拽],0
2025/3/21 20:10,牛,0
2025/3/21 20:10,明天见呀,0
2025/3/21 20:11,这是哪个停车场,0
2025/3/21 20:11,[看][看][看][灵机一动][灵机一动][灵机一动],0
2025/3/21 20:11,@黄霄雲（巡演版）,0
2025/3/21 20:11,看到粤C了，该是在广州某个地下。[看]新鲜的,1
2025/3/21 20:11,尊嘟假嘟,0
2025/3/21 20:11,好可爱啊,0
2025/3/21 20:11,明天见,0
2025/3/21 20:11,明天见[耶][耶],0
2025/3/21 20:11,明天见啊啊啊啊啊[泣不成声][泣不成声],0
2025/3/21 20:11,@好想吃面包蛋糕芝士 [看]来挑战我方黄霄雲,0
2025/3/21 20:11,虽然我也想拍拍啊宝[流泪]但是明天见[送心],0
2025/3/21 20:11,车玻璃要碎了,0
2025/3/21 20:11,[一起加油][一起加油][一起加油],0
2025/3/21 20:11,明天见包包[大笑][大笑][大笑],0
2025/3/21 20:11,商场：已报警[看] 火警响了,0
2025/3/21 20:11,明天见！！！[色][色][色],1
2025/3/21 20:11,面包好厉害????(? ?? ? - ? ) ?,0
2025/3/21 20:11,求求来成都[比心],0
2025/3/21 20:11,好好听[大哭][大哭][大哭][大哭][大哭][大哭][大哭][大哭][大哭][大哭][大哭][大哭][大哭][大哭][大哭]我承认你是一个很会唱歌的小面包，我吃了会不会变得和你一样[猪头][猪头][猪头][猪头][大哭][大哭][大哭][大哭],0
2025/3/21 20:11,黄霄云[赞],0
2025/3/21 20:12,面包越来越强了,0
2025/3/21 20:12,明天见,0
2025/3/21 20:12,还有一晚开始啦[色][色],1
2025/3/21 20:12,到位了[看],0
2025/3/21 20:12,面包明天见[色],0
2025/3/21 20:12,[爱心][爱心],0
2025/3/21 20:12,老公啊啊啊,0
2025/3/21 20:12,明天现场听小烟火[舔屏][舔屏][舔屏],0
2025/3/21 20:12,太棒啦[比心],0
2025/3/21 20:12,第几报道，不管了，我第一。,1
2025/3/21 20:12,奇怪  旁边车的防盗系统正常应该会被震出来,0
2025/3/21 20:13,????,0
2025/3/21 20:13,明天见，姐姐[泣不成声],0
2025/3/21 20:13,面包真的很爱这首歌[舔屏],0
2025/3/21 20:13,雲音绕梁[小鼓掌],0
2025/3/21 20:13,面包你翻我，我明天就去看你演唱会[害羞]@黄霄雲（巡演版）,0
2025/3/21 20:13,太好听了宝[舔屏],0
2025/3/21 20:13,明天见啦[嘿哈],0
2025/3/21 20:13,舰长您的船员准备就绪，马上登舰！！,0
2025/3/21 20:13,太棒了,0
2025/3/21 20:13,来杭州！,0
2025/3/21 20:13,牛啊,0
2025/3/21 20:14,@好想吃面包蛋糕芝士 好想吃女士这次准备怎么接[看],1
2025/3/21 20:14,你是谁，怎么这么厉害,0
2025/3/21 20:14,明天见哦贝贝们,0
2025/3/21 20:15,牛,0
2025/3/21 20:15,好听[泣不成声],0
2025/3/21 20:16,什么时候上海巡演？我好抢内场.[害羞][玫瑰],0
2025/3/21 20:16,明天见[色][色][色],1
2025/3/21 20:16,听说明晚就有人能听到现场了？,0
2025/3/21 20:16,这也不是现场啊[发呆],0
2025/3/21 20:16,好听好听,0
2025/3/21 20:17,明天见,0
2025/3/21 20:17,好听[赞][鼓掌][鼓掌][鼓掌][鼓掌][鼓掌][鼓掌][鼓掌],0
2025/3/21 20:17,还是好想吃女士唱得好一点[呲牙],0
2025/3/21 20:17,这么智能的监控[干饭人]怎么有人在旁边跑来跑去啊[吐舌],0
2025/3/21 20:17,啊啊啊啊新鲜出炉战甲包[流泪][爱心][爱心][爱心][爱心],0
2025/3/21 20:17,面包等我休假再来演唱会[流泪][流泪][流泪],0
2025/3/21 20:17,[看][看][看][看],0
2025/3/21 20:17,明天见[色],1
2025/3/21 20:18,什么破监控一点不清晰[看]我要去砸了它，霄云放心，我给你拍,1
2025/3/21 20:18,明天见面包[送心],0
2025/3/21 20:18,一时分辨不出是不是cd,0
2025/3/21 20:18,太好听了吧,0
2025/3/21 20:18,这个监控会运镜 看来监控成精了,0
2025/3/21 20:19,好好听[舔屏],0
2025/3/21 20:19,啊啊啊啊期待明天现场把我假发片唱掀[流泪][流泪][流泪][流泪],0
2025/3/21 20:19,地下车库对面包的实力有加成！[赞],0
2025/3/21 20:19,[奸笑]我家里有房间自带混响 还可以避免被偷拍 面包来我家练歌吧～,0
2025/3/21 20:20,节目单有这首的[比心],0
2025/3/21 20:20,你是真的黄霄云吗[泪奔],1
2025/3/21 20:20,明天演唱会228区。找个搭子[捂脸],0
2025/3/21 20:20,内蒙面包发来贺电[比心],0
2025/3/21 20:20,别人看黄霄雲，后面嘴都没张开怎么发出的声音，粉丝：正常操作！,1
2025/3/21 20:20,不许通宵不许通宵不许通宵！！！[发怒][发怒][发怒],1
2025/3/21 20:21,唱的好呀，双马尾美少女[比心],0
2025/3/21 20:21,面包明天现场来一段这歌，现场展示,0
2025/3/21 20:21,对了，如果唱的够高的话，会不会车库的车集体报警？有没有试试看？[看]@黄霄雲（巡演版）,0
2025/3/21 20:21,我在湖州等这[憨笑][玫瑰],0
2025/3/21 20:21,蹲[看],0
2025/3/21 20:22,你最好是真的,1
2025/3/21 20:22,上海啥时候来呀[流泪]北上广，广州都两场了，就上海还没开过呢[流泪],0
2025/3/21 20:23,啊啊啊啊啊啊啊啊啊超级好听啊啊啊啊啊,0
2025/3/21 20:23,????,0
2025/3/21 20:23,安全第一呀，新能源车的电池包表示压力很大！@黄霄雲（巡演版） [大金牙],0
2025/3/21 20:23,谁来挑战[干饭人],0
2025/3/21 20:23,面包明天见[可怜][可怜],0
2025/3/21 20:23,这监控运镜得像我运的[泪奔],0
2025/3/21 20:24,啊啊啊啊啊啊啊啊我一定要去现场听啊啊啊啊啊[流泪],0
2025/3/21 20:24,好听[送心],0
2025/3/21 20:24,散落的尘埃~~,0
2025/3/21 20:24,明天见！,0
2025/3/21 20:24,明天见[看],0
2025/3/21 20:24,看人家驾轻就熟，我连第一个我字都发不出来,0
2025/3/21 20:24,求求求来杭州,0
2025/3/21 20:24,谁家水开了@黄霄雲（巡演版）,0
2025/3/21 20:24,[看][看][看][看][看],0
2025/3/21 20:25,[比心][比心][比心][比心],0
2025/3/21 20:25,面包拜托来杭州吧[泣不成声][泣不成声][泣不成声],0
2025/3/21 20:25,明天见,0
2025/3/21 20:26,红烧鱼！,0
2025/3/21 20:26,明天见[送心],0
2025/3/21 20:26,蹲,0
2025/3/21 20:27,我天好好听,0
2025/3/21 20:27,监控好像也是面包的歌迷，刚开始不敢确定，然后360度扫了一遍，确定是面包，好像很激动，因为此时的画面有了些晃动，最后定格的画面好像在说“面包你能把我拆下来，带到322演唱会的现场吗？”。,0
2025/3/21 20:27,@掌关节 [看],0
2025/3/21 20:27,人美歌甜…,0
2025/3/21 20:27,这是免费能听的吗[可怜][可怜][可怜],0
2025/3/21 20:27,这是放的cd吧？,0
2025/3/21 20:28,粤C是珠海牌,0
2025/3/21 20:28,来咯,0
2025/3/21 20:28,妈呀这都e5了吧[黑脸][黑脸][黑脸]好强,0
2025/3/21 20:28,求成都站官宣[可怜][可怜][可怜],0
2025/3/21 20:28,221区有人不,1
2025/3/21 20:28,活了几十年，人生第一次看演唱会，明天见。,0
2025/3/21 20:29,她现场比cd好听,0
2025/3/21 20:29,后面那个是放的磁带吗？,0
2025/3/21 20:29,车库里刚停好车的司机下车：这才是真正的音乐,0
2025/3/21 20:30,好强[玫瑰],0
2025/3/21 20:30,虽然但是面包为什么还是要配上音源[噢买尬],0
2025/3/21 20:30,广州见,0
2025/3/21 20:30,杭州我真去啊[流泪],0
2025/3/21 20:30,运镜再自然素人一点发小号去[舔屏],1
2025/3/21 20:30,真的太喜欢太喜欢她了[泣不成声],0
2025/3/21 20:31,她唱歌好轻松，我唱歌像扳命[咒骂],1
2025/3/21 20:31,哎呀姐姐我摔倒啦[害羞],0
2025/3/21 20:31,咱就说  就那段高音  咱能不能表现的稍微难一点  这你让别人怎么办[看],1
2025/3/21 20:31,好听,0
2025/3/21 20:31,明天见,0
2025/3/21 20:31,让我看看多少广东ip[呲牙],1
2025/3/21 20:32,明天演唱会,0
2025/3/21 20:32,虽然是面包，但这克还是好想吃女士胜[赞],0
2025/3/21 20:32,明天见宝贝[色],1
2025/3/21 20:32,这个声音状态可以，期待你明天的演出。,0
2025/3/21 20:33,面包明天就要见面了[快哭了],0
2025/3/21 20:33,@好想吃面包蛋糕芝士 敢不敢迎战[发怒],1
2025/3/21 20:33,真是调皮的监控，屁股痒了该打～,1
2025/3/21 20:33,棒棒棒,0
2025/3/21 20:33,烟火里的朵莉亚?????♀?,0
2025/3/21 20:33,共情拉满[流泪],0
2025/3/21 20:34,来山东济南 青岛 烟台 天津 北京 郑州的随便一个地方可以吗[流泪][流泪][流泪][流泪],0
2025/3/21 20:34,[送心][送心][送心],0
2025/3/21 20:34,真的，假的？,0
2025/3/21 20:34,[鼓掌][鼓掌][鼓掌][比心][比心][比心][比心]好听[呲牙][呲牙],0
2025/3/21 20:34,前排,0
2025/3/21 20:34,@陈卓璇 快，你也唱,0
2025/3/21 20:34,你和好想吃女士里有一个唱的特别好[看],0
2025/3/21 20:34,好期待明天啊啊！,0
2025/3/21 20:35,无敌,0
2025/3/21 20:35,@好想吃面包蛋糕芝士 出手吧[泪奔],0
2025/3/21 20:36,明天见!,0
2025/3/21 20:36,面包，明天见呀[赞][赞][赞],0
2025/3/21 20:36,好听[赞],0
2025/3/21 20:36,杭州我必去[流泪][流泪],0
2025/3/21 20:37,我坚定地站在黄霄雲这边，好想吃火起来之后不但好几天不更新，竟然还敢跟黄霄雲叫板[发怒],1
2025/3/21 20:37,明天见[泣不成声],0
2025/3/21 20:38,是我只是我 麻烦唱对歌词??,1
2025/3/21 20:38,明晚宝能体育馆见,0
2025/3/21 20:38,霸总蹲蹲[石化],1
2025/3/21 20:38,小面包[抱抱你][抱抱你],0
2025/3/21 20:38,@盒子 @星动月沉浮 @一周五练,0
2025/3/21 20:38,这么高难度让粉丝怎么跟？[看],0
2025/3/21 20:38,[送心][送心][送心],0
2025/3/21 20:38,[紫薇别走]期待明天演唱会的现场版！,0
2025/3/21 20:39,已经准备坐火车了，期待明天的演出,0
2025/3/21 20:39,真通透……,0
2025/3/21 20:39,因为明天演场会就有现场版的了[灵机一动],0
2025/3/21 20:39,可以来重庆嘛[玫瑰][玫瑰][玫瑰][玫瑰],0
2025/3/21 20:39,雲啊啥时候来德州[流泪][流泪][流泪]来杭州我请你评论区所有人免费看,0
2025/3/21 20:40,好听,0
2025/3/21 20:40,我也想要这个监控，会转圈呢[不失礼貌的微笑][不失礼貌的微笑][不失礼貌的微笑],0
2025/3/21 20:41,杭州我也去,0
2025/3/21 20:41,明天演唱会顺利呀小云,0
2025/3/21 20:41,看我IP[看],0
2025/3/21 20:41,其实想听停车场原声[看],0
2025/3/21 20:42,哈喽哈喽，本人来了[耶]，当时在地库随便唱几句的，没想到被录下来了[调皮][玫瑰][玫瑰][玫瑰],0
2025/3/21 20:42,我在杭州盼星星盼月亮[坏笑]面包快来杭州吧[坏笑],0
2025/3/21 20:42,太好听了,0
2025/3/21 20:42,明天见[比心],0
2025/3/21 20:42,肯定得照顾演唱会的歌迷朋友吧，这首歌的第一次现场版，歌迷们的期待都在明天了。[灵机一动],0
2025/3/21 20:42,[色][色][色][色],1
2025/3/21 20:43,@星期eight @睡醒没。 @伤心的番豆 @九. @每天记得原谅自己 我们一起唱吧,0
2025/3/21 20:43,哪来监控？[看],1
2025/3/21 20:44,看我刷到什么了[666][666][666][玫瑰][玫瑰][玫瑰],0
2025/3/21 20:44,霄云姐姐  来深圳演唱会,0
2025/3/21 20:44,面包版！！太牛了！！,0
2025/3/21 20:44,明天见,0
2025/3/21 20:45,啥时候能来东北巡演呀？,0
2025/3/21 20:45,明天见[色][色],1
2025/3/21 20:46,这个监控画质不行呀 我可以去当监控[看],0
2025/3/21 20:46,我难道不知道吗？要深推啊,1
2025/3/21 20:46,对的广州宝能[呲牙][呲牙][呲牙],0
2025/3/21 20:46,来太原[色][色][色],1
2025/3/21 20:46,在深圳听到了[呲牙],0
2025/3/21 20:46,明天见啊云,0
2025/3/21 20:46,哇啊啊啊啊这么强[猪头][猪头][猪头],1
2025/3/21 20:46,好听！！！！[咒骂][咒骂],1
2025/3/21 20:47,明晚见[得意],0
2025/3/21 20:47,姐姐真的好厉害[泣不成声][泣不成声][泣不成声],0
2025/3/21 20:48,有人跑过[石化] 满血状态[灵机一动] 明天见[送心],0
2025/3/21 20:48,我嘞个[赞],0
2025/3/21 20:48,明天演唱会会有这首歌嘛,0
2025/3/21 20:48,你可以永远相信霄雲[大笑],0
2025/3/21 20:49,初代最强火姐[大笑],0
2025/3/21 20:49,@抗菌药药(3.22广州见黄霄雲版）,0
2025/3/21 20:49,来福州开两场吧[呲牙],0
2025/3/21 20:50,笑死我了这个表情包哈哈哈哈哈哈,0
2025/3/21 20:50,太幸福了吧,0
2025/3/21 20:51,宝贝孩子，这声线。。。太美！[感谢][感谢][感谢],0
2025/3/21 20:51,哇！！！好好听！！好喜欢，鸡皮疙瘩都起来ε=ε=(?≧?≦)?,0
2025/3/21 20:51,明天见，三明治[偷笑][偷笑],0
2025/3/21 20:51,5月份可以开一场吗？随便国内那个城市，我都去，我5月休假，6月就不在国内了[流泪],0
2025/3/21 20:52,面包??明天见[比心][比心][送心][送心][送心],0
2025/3/21 20:52,这啥运镜啊，晃到我看不清,0
2025/3/21 20:52,你不是在广西嘛[尬笑],0
2025/3/21 20:52,@小帅. 任总也来一个，好听死我了[流泪],0
2025/3/21 20:52,@挽月行. 女神,0
2025/3/21 20:52,我觉得是上海梅奔[捂脸],0
2025/3/21 20:53,华晨宇有小孩了，未婚喔,0
2025/3/21 20:53,@Cha1N 舔狗快来[大笑] 很绝绝,1
2025/3/21 20:54,喜欢黄老师好久了 从初二到高三毕业 没有能力去一次你的演唱会好遗憾 但是真的好喜欢你[流泪],0
2025/3/21 20:54,什么时候来武汉[色],0
2025/3/21 20:54,@Xx???? @纯天然野猪公主 @橘子酒??????? @今日负烜 @?????? @5uu 给我粉上黄霄雲来,0
2025/3/21 20:54,"Omg, 很好听耶[比心]",0
2025/3/21 20:55,"看评论区质疑是不是实录的评论，评论下面回复总是无关选项。你可以加强也可以削弱，说无关的干嘛？不是实录就不是实录
举例 
问：这是cd吧
回：她现场比cd好听
        
问：这也不是现场啊
答：她明天演唱会",1
2025/3/21 20:55,南天门广场，去吗,0
2025/3/21 20:55,牛逼,0
2025/3/21 20:56,@Snowstorm 高音部分交给我,0
2025/3/21 20:56,霄云来重庆啊[流泪][流泪][流泪]重庆好多你的粉丝[流泪],0
2025/3/21 20:57,没事，总会有机会的不是吗[送心],0
2025/3/21 20:57,@Benny 好好听,0
2025/3/21 20:57,我用所有报答爱，这首歌应该在演唱会上用最后感谢大家，谢谢,0
2025/3/21 20:57,哎哟，我的心脏病,0
2025/3/21 20:57,都开练了，肯定能啊哈哈,0
2025/3/21 20:57,车玻璃振裂了[赞],0
2025/3/21 20:58,传说 5月成都,0
2025/3/21 20:58,霄云，好棒棒哒，[鼓掌][鼓掌][赞][赞],0
2025/3/21 20:58,第一次去,0
2025/3/21 20:58,[干饭人][干饭人][干饭人],0
2025/3/21 20:59,别把车玻璃震碎了[泪奔]那么多车,0
2025/3/21 20:59,现在在车上 明天上午九点才到广州[尬笑],0
2025/3/21 20:59,好炸耳心哦，拉出去扔了,1
2025/3/21 20:59,@金队长教唱歌,0
2025/3/21 20:59,@是你就不会烦 @??jiieoo @黄河大街 [舔屏][舔屏]好厉害,1
2025/3/21 20:59,IP正确[舔屏],0
2025/3/21 21:01,我也会……呜～～～啊～～～呜～～～,0
2025/3/21 21:01,我就是就是5001那个,1
2025/3/21 21:02,为啥跟我听华仔的不一样[捂脸],0
2025/3/21 21:03,真棒,0
2025/3/21 21:03,你请了她才考虑啊  现在画饼都不管用 [看],1
2025/3/21 21:03,这个绝了，高音太牛啦,0
2025/3/21 21:04,明天见[舔屏],0
2025/3/21 21:04,好美[抱抱你],0
2025/3/21 21:04,这不是学就能学会的，这是天赋[流泪],0
2025/3/21 21:05,明天就让好想吃看看，谁才是真正的王[发怒],1
2025/3/21 21:05,@西门吹风,0
2025/3/21 21:05,这首歌火的时候抖音还没火[赞][憨笑],0
2025/3/21 21:05,明天见面包，翻我翻我[看],0
2025/3/21 21:05,个人还是偏向  郁欢  版本的,0
2025/3/21 21:05,明天就见到你啦[色][色][色],1
2025/3/21 21:06,?????♂?,1
2025/3/21 21:06,好羡慕这个气息，回想当年高考专业被很多学员录取，后来选择了西音...研究生考到意大利...后来的后来...,0
2025/3/21 21:06,来深圳，我去看。,0
2025/3/21 21:06,啊啊啊,0
2025/3/21 21:06,太好听了吧[流泪],0
2025/3/21 21:07,面包巡演如果有天津北京，我请评论区所有人看！,0
2025/3/21 21:07,[比心][比心][比心][比心][比心],0
2025/3/21 21:07,还年轻呢,0
2025/3/21 21:07,太好听了,0
2025/3/21 21:07,明天见！,0
2025/3/21 21:08,[玫瑰],0
2025/3/21 21:08,转行了,0
2025/3/21 21:08,我只有在吹口哨的时候才能那么高,0
2025/3/21 21:08,最近天天在听面包唱歌 太好听了[流泪],0
2025/3/21 21:08,老乡好、我是兴义这边的[玫瑰][玫瑰][玫瑰],0
2025/3/21 21:08,面包（露脸版）,0
2025/3/21 21:08,求壁纸[流泪],0
2025/3/21 21:09,真实[泣不成声],0
2025/3/21 21:09,她嘴里有个开水壶吗？,1
2025/3/21 21:09,什么时候来陕西[感谢][感谢][感谢][感谢][感谢][感谢],0
2025/3/21 21:09,姐，你也玩抽象了呀,0
2025/3/21 21:09,拍到我红旗啦,0
2025/3/21 21:09,明天面包广州演唱会,0
2025/3/21 21:09,虽然很厉害，但还是不如洗澡时的我！,0
2025/3/21 21:09,明天见 面包女士[调皮],0
2025/3/21 21:09,@哒哒怪 就这个,0
2025/3/21 21:09,包包求求北方再开演唱会[流泪][流泪]天津太原郑州济南西安,0
2025/3/21 21:10,[看]杭州我必去,0
2025/3/21 21:10,因为没办法去昨天晚上失眠一晚上 一前都是因为学业 现在唯一一次放假没能级见她[流泪],0
2025/3/21 21:10,好听,0
2025/3/21 21:10,“好像”,0
2025/3/21 21:11,在楼上听到 谁在停车场放那么大声歌,0
2025/3/21 21:11,头皮发麻,0
2025/3/21 21:11,@泪点成冰,0
2025/3/21 21:11,要一直喜欢她哦[流泪],0
2025/3/21 21:11,都好，各有各的感觉,0
2025/3/21 21:11,明天见,0
2025/3/21 21:11,怕是去不了啊，你没叫霄,1
2025/3/21 21:11,可以来郑州吗可以来郑州吗可以来郑州吗可以来郑州吗,0
2025/3/21 21:11,谢谢 因为没办法去巡演 昨天晚上失眠一晚上 以前都是因为学业 现在唯一一次放假没能去见她[流泪],0
2025/3/21 21:11,海豚音[流泪],0
2025/3/21 21:12,你唱的这么轻松会让我觉得我也行,0
2025/3/21 21:12,[比心]气息扑面而来,0
2025/3/21 21:12,@小小茗 [流泪][流泪][流泪]我想去演唱会,0
2025/3/21 21:12,@好想吃面包蛋糕芝士 好想吃女士说话[抓狂],0
2025/3/21 21:12,[鼓掌][鼓掌][鼓掌],0
2025/3/21 21:12,马上听现场版这首[比心],0
2025/3/21 21:12,无敌[发呆],0
2025/3/21 21:13,演出顺利[比心],0
2025/3/21 21:13,长得好像黄霄云,0
2025/3/21 21:14,[爱心][爱心][爱心][送心]非常喜欢黄霄雲,0
2025/3/21 21:14,太厉害了吧，爱了,0
2025/3/21 21:14,你就是我的神,0
2025/3/21 21:14,还记得她唱左手指月的样子[赞][赞],0
2025/3/21 21:15,我跟王奶奶说她的粉丝在黄霄雲评论区里说请黄霄雲的粉丝看黄霄雲的演唱会[看],0
2025/3/21 21:15,@好想吃面包蛋糕芝士 应对一下,0
2025/3/21 21:15,小姨妈，为什么要在车库按喇叭[看],0
2025/3/21 21:16,明天见，姐[玫瑰][玫瑰]@In2you,0
2025/3/21 21:16,见者有份[看],0
2025/3/21 21:16,求图，姐姐[流泪],0
2025/3/21 21:16,有没有种可能这是华晨宇的歌呢[难过],0
2025/3/21 21:16,太爽了,0
2025/3/21 21:16,面包明天见！,0
2025/3/21 21:16,@好想吃面包蛋糕芝士 来,0
2025/3/21 21:16,要一直支持黄老师哦,0
2025/3/21 21:16,宝宝明天见[送心],0
2025/3/21 21:17,谁在意，只在意黄霄雲,1
2025/3/21 21:17,车窗危险危险危险??????,0
2025/3/21 21:17,@?? hi ?mina,0
2025/3/21 21:17,大可爱面包明天广州演唱会见啊[色][色],0
2025/3/21 21:17,我是专门回来点赞的,0
2025/3/21 21:17,拍摄你稳点啊，整得我有点晕??,0
2025/3/21 21:17,有人听副歌吗[泣不成声],0
2025/3/21 21:17,抖成啥样了[捂脸],0
2025/3/21 21:18,[送心][送心]@黄霄雲（巡演版）,0
2025/3/21 21:18,不用呼吸的吗 [发呆],0
2025/3/21 21:18,她的高音和别人高音不一样，她的高音有空间有泛音很高级,0
2025/3/21 21:18,哈哈哈哈哈[泪奔],0
2025/3/21 21:18,哇，原来是歌手本人发出来的[尬笑],0
2025/3/21 21:18,[送心]好厉害,0
2025/3/21 21:18,明天见[比心],0
2025/3/21 21:19,马上能听到现场版烟火里的尘埃啦[打call][打call],0
2025/3/21 21:19,无敌，真的爱死这个了,0
2025/3/21 21:19,去年不是刚去完北京[暗中观察],0
2025/3/21 21:19,毁灭世界的女高音[打脸],1
2025/3/21 21:19,花火们集合[玫瑰],0
2025/3/21 21:19,明天见,0
2025/3/21 21:19,我觉得你唱歌不行，请来上海梅奔让我亲眼见证一下实力[看],1
2025/3/21 21:20,明天见[舔屏],0
2025/3/21 21:20,带我一个[看],0
2025/3/21 21:20,我说谁在地下室嚎尼，原来是你啊,1
2025/3/21 21:20,面包小姐姐，北京安排了吗,0
2025/3/21 21:20,好漂亮的头声,0
2025/3/21 21:21,天呐 太厉害了 听的我浑身起鸡皮 很震惊唱的这么好 高音部分有被惊艳到[赞][赞][赞],0
2025/3/21 21:21,好牛,0
2025/3/21 21:21,牛逼,0
2025/3/21 21:21,@最喜雨落时节 [泪奔][泪奔][泪奔],0
2025/3/21 21:21,这辈子告别摄影行业了[酷拽],0
2025/3/21 21:21,雲神太牛了,0
2025/3/21 21:22,听的我都想偷她扁桃体[捂脸],1
2025/3/21 21:22,@绿豆沙糕,0
2025/3/21 21:22,好心动的海豚音[呲牙],0
2025/3/21 21:22,明天去现场的魔星有福了,0
2025/3/21 21:22,地下室柱子会不会被震开裂[熊吉],0
2025/3/21 21:22,这么轻松就上去了[灵机一动],0
2025/3/21 21:22,[送心]我滴妈呀太好听啦！！！,0
2025/3/21 21:23,约高约轻松[灵机一动],0
2025/3/21 21:23,@温度 @?'?'? @诶嘿 @脆升升 @小小汉堡王 @小叶大王 @@时歆栀冬聆^！ @ZzYu%Jii…?? @小毛驴 [愉快],0
2025/3/21 21:23,真好听，人真好看。[泣不成声],0
2025/3/21 21:23,宝宝真好听[流泪][流泪][流泪],0
2025/3/21 21:23,洒洒水啦,0
2025/3/21 21:23,太牛了,0
2025/3/21 21:23,是的去看了[看]但还希望返场,0
2025/3/21 21:23,把后面老奶奶吓跑了[九转大肠],0
2025/3/21 21:23,為甚麼煙火不上? Music呀？好好好想聽麵包唱啊～,0
2025/3/21 21:23,[呲牙],0
2025/3/21 21:24,那还得是你唱啊,0
2025/3/21 21:24,就是说还得是专业的[宕机],0
2025/3/21 21:24,我还以为我手机坏了，两边花屏,0
2025/3/21 21:24,不止一次捉到你了是准备找代言嘛[色][色][色],1
2025/3/21 21:24,神啊,0
2025/3/21 21:24,快来给代言[暗中观察],0
2025/3/21 21:24,妈耶，小面包来了[发呆],0
2025/3/21 21:24,送我点面包[酷拽],0
2025/3/21 21:24,我在游珠江了，明儿见她雲姐,0
2025/3/21 21:24,我唱不上去[裂开],0
2025/3/21 21:24,运镜运的头晕,0
2025/3/21 21:25,天呐，太美了,0
2025/3/21 21:25,你咋知道霄雲叫面包的,1
2025/3/21 21:25,蹲[看][调皮],0
2025/3/21 21:25,你的蒸蛋糕是真的好吃[流泪][流泪],0
2025/3/21 21:25,来了？抽点吃的,0
2025/3/21 21:25,我愿称你为最强[赞],0
2025/3/21 21:25,你礼貌吗[色][色][色],1
2025/3/21 21:26,越高音她越轻松,0
2025/3/21 21:26,@一端 @一 生 忠 艾 中央音乐学院专业课第一！天赋努力全点满[微笑],0
2025/3/21 21:26,你在搞什么飞机[看],1
2025/3/21 21:26,喵喵喵,0
2025/3/21 21:26,谢谢你[流泪],0
2025/3/21 21:26,真技术流[泪奔],0
2025/3/21 21:26,这是真的强[流泪]@澈 @谜仙 @爱擦石头的玛卡巴卡 @侥幸?? @麦乐鸡（加强牢宁版） @腹黑阴险男 @欽欽乡绅 @半真半假,1
2025/3/21 21:26,到广州吃猪脚饭了没[泪奔],0
2025/3/21 21:26,好吃的小蛋糕,0
2025/3/21 21:26,前排给我照片,0
2025/3/21 21:27,太强了[赞],0
2025/3/21 21:27,你想咋唱就咋唱吧……,0
2025/3/21 21:27,其实没被翻也得巴巴得去哈[憨笑],0
2025/3/21 21:27,不是，乱晃[看]什么,1
2025/3/21 21:27,[流泪][流泪][流泪]抽点吧,0
2025/3/21 21:27,@拿铁要喝1L的,0
2025/3/21 21:27,不懂就要问:为啥她不张嘴就这么高音[捂脸],1
2025/3/21 21:27,明天见[色],1
2025/3/21 21:27,金主啊,1
2025/3/21 21:28,好听,0
2025/3/21 21:28,有了吧已经！,0
2025/3/21 21:28,这个[赞][赞][赞][赞]无敌了,0
2025/3/21 21:28,每次听这歌开车都有点慌,0
2025/3/21 21:28,谁拍的？差评！真的是完全看不了晕的要死[尬笑],1
2025/3/21 21:28,那个是她小号吧,0
2025/3/21 21:28,应该是头声吧，有没有专业的朋友验证一下,0
2025/3/21 21:28,明天晚上让我现场听听看是怎么个事[色],1
2025/3/21 21:29,跟法师有一拼[捂脸],0
2025/3/21 21:29,给代言，爆买,0
2025/3/21 21:29,@公主小晏降临 这高音部分和我不相上下[小鼓掌],0
2025/3/21 21:29,[色],1
2025/3/21 21:29,不知道在哪里，只要在中国境内都去，直接坐飞机[呲牙],0
2025/3/21 21:29,粤C?,0
2025/3/21 21:29,因为高声不是张大嘴喊上去的,0
2025/3/21 21:29,是的,0
2025/3/21 21:29,嘴巴闭的越小，穿透力越强,1
2025/3/21 21:29,可不是嘛[泪奔],0
2025/3/21 21:30,我认识一个叫面包蛋糕芝士的唱的比你还好[看],1
2025/3/21 21:30,好想吃已经被面包揍趴了[看],1
2025/3/21 21:30,头声鼻腔共鸣,0
2025/3/21 21:30,太好听了！！！！！这头声,0
2025/3/21 21:30,哦，涨知识了！,0
2025/3/21 21:30,厉害了我的姐[比心],0
2025/3/21 21:30,@华晨宇yu,0
2025/3/21 21:31,真好听,0
2025/3/21 21:31,[比心][比心][比心],0
2025/3/21 21:31,不知道为什么慢慢的看不到你的纯真了,1
2025/3/21 21:31,谁录的视频抖成这样，差点就看清面包的脸了,1
2025/3/21 21:31,超好听,0
2025/3/21 21:31,黄霄雲我爱你啊啊啊啊啊,0
2025/3/21 21:31,毕业,0
2025/3/21 21:31,好汀[色][色],1
2025/3/21 21:31,面包唱的真好听,0
2025/3/21 21:32,最强火姐[赞],0
2025/3/21 21:32,看到了特斯拉,0
2025/3/21 21:32,@绿蜻蜓（被宋雨琦亲手送小卡版）,0
2025/3/21 21:32,我闹铃响了[微笑][微笑][微笑][微笑][微笑]  水也开了,0
2025/3/21 21:32,好听捏[流泪],0
2025/3/21 21:32,跑陕西扭秧歌儿了？[看],0
2025/3/21 21:32,@Kizuki 我天呢跟个小海豚一样[流泪],0
2025/3/21 21:32,@雨一直下 我觉得后面那部分感觉不要好一些[捂脸],0
2025/3/21 21:32,天，在车库都唱的这么好听，原生态的歌声[比心][比心],0
2025/3/21 21:33,内部打开了,1
2025/3/21 21:33,这监控还会环绕主体 镜头追踪[尬笑],0
2025/3/21 21:33,@里昂的华氏,0
2025/3/21 21:33,平等的羡慕每一个明天去霄雲演唱会的人,0
2025/3/21 21:33,最后的这段吟唱简直了，直接封神,0
2025/3/21 21:33,啊啊啊面包！！状态好好,0
2025/3/21 21:33,好棒,0
2025/3/21 21:33,你好，我地库的车挡风玻璃碎了,0
2025/3/21 21:34,[赞][赞][赞][赞],0
2025/3/21 21:34,@好运来小瑶 @隐德来希 @废话薯片 @Borice [可怜][可怜][可怜][可怜],0
2025/3/21 21:34,别个专业选手[看],0
2025/3/21 21:34,煮波教我唱歌[大哭][大哭][大哭],0
2025/3/21 21:34,@睡个好觉,0
2025/3/21 21:34,吊,1
2025/3/21 21:34,给我头晃晕了,0
2025/3/21 21:35,想娶[捂脸],0
2025/3/21 21:35,可以哦，不错哟，这个水平我可以来给你提鞋了，小雲[坏笑],1
2025/3/21 21:35,像极了我飙高音的样子哈哈哈哈,0
2025/3/21 21:36,最强翻唱[流泪],0
2025/3/21 21:36,明天见[打call],0
2025/3/21 21:36,尊嘟假嘟，我看看[看],0
2025/3/21 21:36,[赞][赞][赞],0
2025/3/21 21:36,@晚来书,0
2025/3/21 21:36,到头那里了,0
2025/3/21 21:36,把天赋技能转给我吧[暗中观察],0
2025/3/21 21:36,哨音，超级头声,0
2025/3/21 21:37,车玻璃震碎了算谁的？,0
2025/3/21 21:37,生日快乐,0
2025/3/21 21:37,来了[色],1
2025/3/21 21:37,给摄像开了吧 转的我头晕,0
2025/3/21 21:37,[泣不成声]这种到底是怎么发出来的[泣不成声],1
2025/3/21 21:37,这监控每个人都有一个,0
2025/3/21 21:37,不忘初心，你一直都是我们的云,0
2025/3/21 21:38,@gtnddy,0
2025/3/21 21:38,哈哈哈哈本人来了 当时只是停车的时候随口唱了几句 没想到就被监控拍下来了 发挥可能有点不太好希望大家喜欢[捂脸],0
2025/3/21 21:38,这首歌就是这个音，爽啊[灵机一动]，明儿火星又能听到了,0
2025/3/21 21:38,@过客,0
2025/3/21 21:38,这技术不比那个人好太多了[捂脸],1
2025/3/21 21:38,抓辫子了，是不是？是不是有点风的感觉？,1
2025/3/21 21:38,@记得那片星空.,0
2025/3/21 21:38,把你的嗓子给我用用[躺平],1
2025/3/21 21:39,肚子里藏了海豚嘛[泣不成声],0
2025/3/21 21:39,说实话该停的时候停就完美了！拖太长反而…,0
2025/3/21 21:39,请把高音的部分交给我好么[灵机一动],0
2025/3/21 21:39,这高音听到我起鸡皮疙瘩了,0
2025/3/21 21:39,好好听[抱抱你]啊我想现场看[灵机一动],0
2025/3/21 21:39,正宗深爷,0
2025/3/21 21:39,也是西音毕业，转行了[捂脸],0
2025/3/21 21:40,还是你唱得最好听,0
2025/3/21 21:40,我去,1
2025/3/21 21:40,声带是发声器官，,0
2025/3/21 21:40,这么淡定就唱上去了？,0
2025/3/21 21:40,同一天也，生日快乐[求求了][求求了][求求了],0
2025/3/21 21:40,牛逼啊[捂脸],0
2025/3/21 21:41,好听！不需要学任何人，你就是你自己！,0
2025/3/21 21:41,@摩利卡波咩咩? @揍你一二三四顿 @黑色贝雷帽?? @迷彩熊猫?????? @望岫,0
2025/3/21 21:41,你搜她把话筒拿特远唱歌，完全刷新你的认知,1
2025/3/21 21:41,[捂脸][捂脸],0
2025/3/21 21:41,要不搞一次停车库音乐会吧，这空灵的效果太棒,0
2025/3/21 21:41,千万不要在半夜唱啊,0
2025/3/21 21:41,你很懂啊[呆无辜],0
2025/3/21 21:41,小海豚,0
2025/3/21 21:41,一般不敢展示，容易破坏人设[看],0
2025/3/21 21:42,哦！happy new Year,0
2025/3/21 21:42,打开内口腔唱头声 你也可以上去,0
2025/3/21 21:42,老婆，真好看,0
2025/3/21 21:42,[白眼],1
2025/3/21 21:42,厉害的,0
2025/3/21 21:42,确实是女版最强了……,0
2025/3/21 21:42,姐  你可真厉害,0
2025/3/21 21:42,这是正真的黄霄云版本,0
2025/3/21 21:42,谁在跑[尬笑],0
2025/3/21 21:43,@黄桃?? @ecstasy @smart 好厉害  想去她演唱会,0
2025/3/21 21:43,上高音不费吹 灰之力，太恐怖啦,1
2025/3/21 21:43,还是听你唱歌有感觉，专业的就是专业的,0
2025/3/21 21:43,牛逼,0
2025/3/21 21:43,牛逼[赞]真的牛,0
2025/3/21 21:43,这监控也太先进了，不仅会运镜而且声音还这么还原的[大笑][大笑],0
2025/3/21 21:43,声音不是在地下室录制得吧？,0
2025/3/21 21:44,头声不需要张大嘴，那样反而会撑大声音就不是明亮的了,0
2025/3/21 21:44,明天就要在现场听到了[恐惧][恐惧][恐惧],0
2025/3/21 21:44,这是哪个星球下来的仙女,0
2025/3/21 21:44,这要在我们小区车库我肯定就报警了,0
2025/3/21 21:44,“人鱼公主”[比心],0
2025/3/21 21:44,太牛了姐,0
2025/3/21 21:45,配音,0
2025/3/21 21:45,这个运镜想干嘛[黑脸],1
2025/3/21 21:45,好好听！,0
2025/3/21 21:45,后面一口气下来，霄云太棒了，华语乐坛无人能出其右！[鼓掌][鼓掌][鼓掌][鼓掌],0
2025/3/21 21:45,地下车库好吗[九转大肠],0
2025/3/21 21:45,请开除这个“监控”[笑哭],1
2025/3/21 21:45,@瑾辰? @Mk @??是初夏啊,0
2025/3/21 21:45,明天见！！！,0
2025/3/21 21:46,手机喇叭都震碎了,0
2025/3/21 21:46,为什么都说炫技，唱的这么好，你是说你也能行？[微笑],0
2025/3/21 21:46,@AAAAA.花开富贵爱看美女王哥 这个头还是很nb的,1
2025/3/21 21:46,@先天牛马圣体 太好听了,0
2025/3/21 21:46,@煎饼狗子吃不吃 @其实我是只猪猪～ 牛逼,0
2025/3/21 21:46,永远都是你的小迷弟[比心][比心]爱了[比心]爱了[比心],0
2025/3/21 21:46,这算是提前现场了吗[看],0
2025/3/21 21:46,明天演唱会有没有彩虹??一起,0
2025/3/21 21:47,没看名字，我说谁这么历害，原来是你[泣不成声],1
2025/3/21 21:47,宝宝来郑州开演唱会，我请所有魔星看[快哭了],0
2025/3/21 21:47,蹲[看],0
2025/3/21 21:47,女孩子的嗓音真是绝了[敲木鱼],0
2025/3/21 21:47,@十三yu,0
2025/3/21 21:47,明天见[大笑][可怜],0
2025/3/21 21:47,截图了，不许删,1
2025/3/21 21:48,@糖醋排骨 @嫩牛五方（俄罗斯方块版） 我滴妈[发呆],0
2025/3/21 21:48,仔细听听，不是一口气,0
2025/3/21 21:48,@高音哥吴强三天三夜,0
2025/3/21 21:48,天灵盖发出来的[灵机一动],0
2025/3/21 21:48,头声[黑脸]想想小时候怎么跟爸妈叫板的[灵机一动]那个尖叫声，嘴巴合起来一点就可以练出来了,0
2025/3/21 21:48,我看到了一台小米su7,0
2025/3/21 21:48,这是把路人吓跑了嘛[泣不成声],0
2025/3/21 21:48,这监控还带转圈的[惊讶],0
2025/3/21 21:49,太牛了乖乖[送心][送心],0
2025/3/21 21:49,[流泪],0
2025/3/21 21:49,常州常州来常州开演唱会[流泪][流泪][流泪],0
2025/3/21 21:50,摄影师。。。你家亲戚吗？[抠鼻],1
2025/3/21 21:50,@芒果不过敏??,0
2025/3/21 21:50,@． @疏忽 @吃饭吧饿了 @巴巴博一 @HTR 我觉得他比原版好听,0
2025/3/21 21:50,@一个大太阳?? 就是这个,0
2025/3/21 21:50,原版也没停不过人声改成电吉他了而已[憨笑],0
2025/3/21 21:50,希望我能在现场。必被打动,0
2025/3/21 21:51,人怎么能厉害到这种程度[捂脸],0
2025/3/21 21:51,我和你一起去,0
2025/3/21 21:52,被麦克风炸死前的幻想罢了,1
2025/3/21 21:52,霄雲真棒[赞][赞][赞][赞],0
2025/3/21 21:52,是你吗？朵莉亚??,0
2025/3/21 21:52,好好听！！！希望成都也能听见[泣不成声],0
2025/3/21 21:52,@好想吃面包蛋糕芝士 快，这里有人要挑战你[看],1
2025/3/21 21:54,行走的CD吗,1
2025/3/21 21:54,什么时候来山东[流泪],0
2025/3/21 21:54,"果然你这样搞  抖音上唱歌的都得  自闭[赞][赞][赞]
太强了[赞][赞][赞]",1
2025/3/21 21:54,王者[微笑],0
2025/3/21 21:55,唱歌要的是内口腔,0
2025/3/21 21:55,@鎏,0
2025/3/21 21:55,黄总有木有出教学的版本啊[看]想学这一段[看],0
2025/3/21 21:55,@吧啦吧啦猛牛,0
2025/3/21 21:56,因为她内口腔打开了，只是看起来嘴没张开而已,0
2025/3/21 21:56,你听第二句 我只是我的“只” 原cd就是这样的 本来cd上这就是一个小小的错误 这样还不明显吗？,0
2025/3/21 21:56,这也太像黄霄云了[发呆],0
2025/3/21 21:57,拍到我车了[捂脸],0
2025/3/21 21:57,@Boom,0
2025/3/21 21:57,如果是车库的音源 咬字也不能在“就”和“只”不清,0
2025/3/21 21:58,这个头腔共鸣确实太厉害了[666][666][666],0
2025/3/21 21:58,[不失礼貌的微笑]听听  特曼的版本,0
2025/3/21 21:58,整个地库共鸣[强壮],0
2025/3/21 21:58,那还是嗓子，会哑的，练哼鸣找位置然后往上爬调,0
2025/3/21 21:59,是不是又要给代言了[看],1
2025/3/21 21:59,地下车库的啊飘:啊？！～,0
2025/3/21 22:00,太有实力了[赞][赞][击掌],0
2025/3/21 22:01,[爱心][爱心][爱心],0
2025/3/21 22:01,啊啊啊我还以为是哪个翻唱[色],0
2025/3/21 22:01,翻唱这个版本[色],1
2025/3/21 22:01,没错，就是我在偷拍你[害羞],1
2025/3/21 22:02,无与伦比的音准[舔屏],0
2025/3/21 22:03,脑腔共鸣是谁说的[捂脸][捂脸][捂脸][尬笑][尬笑][尬笑],0
2025/3/21 22:03,去地下车库寻宝去了@黄霄雲（巡演版） @好想吃面包蛋糕芝士 [惊喜],0
2025/3/21 22:04,只有你能做到,0
2025/3/21 22:05,比我大8岁罢了[看],0
2025/3/21 22:05,面包 明天见！！[感谢][感谢][感谢],0
2025/3/21 22:05,晚上枕头垫高点[抠鼻],0
2025/3/21 22:06,期待明天演唱会！！！！！！！！,0
2025/3/21 22:06,@是秋艳啊?? @小气爱哭鬼?? @HCJMY,0
2025/3/21 22:06,太厉害了！！！！！！！！！！,0
2025/3/21 22:07,[赞][赞][赞],0
2025/3/21 22:07,好听好听好听好听,0
2025/3/21 22:09,歌词是不是唱错了,0
2025/3/21 22:09,@华晨宇yu,0
2025/3/21 22:09,太牛了,0
2025/3/21 22:10,.这运气不行，拍的不行让我来,1
2025/3/21 22:10,这运镜拍的不行，让我来我要去应聘你的小助理,1
2025/3/21 22:11,广州那么近[流泪]我羡慕死了，广州不去的话深圳不一定有了[捂脸]明天晚上就在广州的演唱会，抖音还有票,0
2025/3/21 22:11,@海隐 [看],0
2025/3/21 22:12,歌曲的伴奏太大声了，遮盖住了人生,0
2025/3/21 22:12,带一个[看],0
2025/3/21 22:13,真正高音是不需要考大嘴的[白眼],1
2025/3/21 22:13,姐姐可以来天津吗[流泪],0
2025/3/21 22:15,我是霄雲的宣传委员哦,0
2025/3/21 22:15,长得真的好像黄霄云啊[宕机],0
2025/3/21 22:15,@@GR????? 期待,0
2025/3/21 22:16,只有美声元音唱法到高音才要张大嘴，因为共鸣腔不一样,0
2025/3/21 22:16,已粉[胜利],0
2025/3/21 22:16,没事，明天我就去看了[看],0
2025/3/21 22:16,我滴妈 鸡皮疙瘩起来了,1
2025/3/21 22:17,怎么看行程啊 什么时候到江浙啊,0
2025/3/21 22:17,真厉害[赞],0
2025/3/21 22:17,原唱华晨宇,0
2025/3/21 22:17,粉就完了[爱心][爱心][爱心]好喜欢,0
2025/3/21 22:20,天使吻过嗓子！这气息真的绝了[逞强落泪][逞强落泪][逞强落泪],0
2025/3/21 22:21,港荣乐佰益好好吃[色][色],0
2025/3/21 22:21,好听！！！！,0
2025/3/21 22:21,因为是本人。[黑脸],1
2025/3/21 22:21,好听,0
2025/3/21 22:22,太漂亮了,0
2025/3/21 22:22,神仙在歌唱,0
2025/3/21 22:22,好听,0
2025/3/21 22:22,@是徽不是微,0
2025/3/21 22:22,火姐,0
2025/3/21 22:23,车库是不是住进了只海豚？,0
2025/3/21 22:23,最强女生版《烟火里的尘埃》这首歌我听了这么久，本人觉得这是最强海豚音，真的很无敌[舔屏],0
2025/3/21 22:24,为啥还放原音频啊[泪奔][泪奔][泪奔][泪奔][泪奔],0
2025/3/21 22:24,和我差不多一个水平,0
2025/3/21 22:24,直冲凌霄[赞][赞][赞],0
2025/3/21 22:24,期待明天的演唱会，一切顺利[看],0
2025/3/21 22:25,头声不需要张很大的嘴型，她的头声一直都这样,0
2025/3/21 22:26,明晚见[求抱抱][求抱抱][求抱抱],0
2025/3/21 22:26,车库有混音,0
2025/3/21 22:27,渍渍渍，你是说你那首在天桥唱才可能挣到钱的《澎湖湾》吗[泣不成声][泣不成声][泣不成声],0
2025/3/21 22:27,[赞],0
2025/3/21 22:28,以后大把机会[尬笑],0
2025/3/21 22:29,[尬笑][尬笑],0
2025/3/21 22:29,@Akaashi @言墟 @YY呀 @nice boy [疑问],0
2025/3/21 22:31,你在听吗，瑞,0
2025/3/21 22:31,好好听[爱心],0
2025/3/21 22:32,好好听,0
2025/3/21 22:32,现场见,0
2025/3/21 22:33,现场见！！！！！,0
2025/3/21 22:33,厉害????????????????????????????????????????????????????????????????????????????????????????????????????????????????????????????????????????????????????????????????????????????????????????????????????????????????????????????,0
2025/3/21 22:33,明天见啊啊啊啊啊[泣不成声][泣不成声]面包我来啦[快哭了][快哭了],0
2025/3/21 22:33,中国最牛的新声代歌手,0
2025/3/21 22:33,真美??芭比娃娃 同龄人中无敌[大哭][眼含热泪][震惊][抱拳][不看][感谢],0
2025/3/21 22:33,美国[看],0
2025/3/21 22:34,这个监控是比喻啦，不要较真哦,0
2025/3/21 22:34,深圳离广州那么近啊,0
2025/3/21 22:34,明天就可以看到面包啦[调皮],0
2025/3/21 22:34,面包明天见,0
2025/3/21 22:35,不愧是专业的,0
2025/3/21 22:35,这是被好想吃偷拍了嘛[白眼],1
2025/3/21 22:35,没有没有 过一会就变成浙江了,0
2025/3/21 22:36,巡演有成都,0
2025/3/21 22:36,明天见啦,0
2025/3/21 22:36,@困的晕????,0
2025/3/21 22:36,男有周深，女有黄霄云[送心],0
2025/3/21 22:37,确实震撼，唱出了寡妇的忧伤，五保户的迷茫，光棍的寂寞，剩女的悔恨，已婚妇女的委屈和绝望，退休老干部对秘书的不舍，同时也唱出了布洛芬也止不住的疼。,1
2025/3/21 22:38,这几天咋一直唱这个呀,0
2025/3/21 22:38,你是我唯一喜欢的明星和歌手[玫瑰][玫瑰][玫瑰][流泪][流泪][流泪],0
2025/3/21 22:38,把我第二人格都唱出来了,0
2025/3/21 22:39,明天见，面包[看],0
2025/3/21 22:39,[灵机一动]你看你和我刷一个视频了吧,0
2025/3/21 22:39,这个肺活量[泣不成声],0
2025/3/21 22:40,妈耶这高音，直冲天灵盖,0
2025/3/21 22:40,人鱼公主[飞吻],0
2025/3/21 22:40,刚刚[看],0
2025/3/21 22:40,@华晨宇yu,0
2025/3/21 22:40,@约翰同学,0
2025/3/21 22:40,[蛋糕],0
2025/3/21 22:40,明天见啊！！！！！！,0
2025/3/21 22:40,央音第一名可不是开玩笑的,0
2025/3/21 22:41,因为明天演唱会要唱啦[送心],0
2025/3/21 22:41,好听！,0
2025/3/21 22:41,@比基尼海滩第一突破手派大星 这个厉害,0
2025/3/21 22:41,老婆加油,0
2025/3/21 22:41,没音响自带美声,0
2025/3/21 22:41,明天有演唱会 预热一下,0
2025/3/21 22:41,真的爱了,0
2025/3/21 22:41,面包啥时候来成都[抠鼻][抠鼻],0
2025/3/21 22:41,@好想吃面包蛋糕芝士 你看看，还是人家专业的[看],0
2025/3/21 22:41,哈哈哈太不小心啦,0
2025/3/21 22:41,现在点赞2.6w，你们看的时候多少了,0
2025/3/21 22:41,@沙坪坝扛把子,1
2025/3/21 22:42,把这个歌唱到了一个新高度,0
2025/3/21 22:42,[玫瑰],0
2025/3/21 22:42,2.5w,0
2025/3/21 22:42,太好听了！！[泣不成声],0
2025/3/21 22:42,她高音怎么就那么轻松的上去了[苦涩][苦涩],0
2025/3/21 22:42,@好想吃面包蛋糕芝士 快看，来活了,0
2025/3/21 22:42,真怕 震碎擋風玻璃,0
2025/3/21 22:42,面包明天晚上见啦,0
2025/3/21 22:42,2.6[黑脸],1
2025/3/21 22:43,明天演唱会必须来这首[赞],0
2025/3/21 22:43,2.7W啦,0
2025/3/21 22:43,我喜欢她@??龙 @奶浓,0
2025/3/21 22:43,要不要这么厉害[苦涩][苦涩][苦涩],0
2025/3/21 22:43,我甚至在怀疑这是不是人的声音[微笑],1
2025/3/21 22:43,谢谢[流泪],0
2025/3/21 22:43,2.7,0
2025/3/21 22:43,你的自拍不错,0
2025/3/21 22:43,面包，明天??愿与愁吗[舔屏][舔屏][舔屏][舔屏],0
2025/3/21 22:43,[赞][赞][赞],0
2025/3/21 22:43,1分钟前[泣不成声],0
2025/3/21 22:43,明天演唱会就会有饱耳福了[呲牙]。,0
2025/3/21 22:43,好听[送心],0
2025/3/21 22:43,@玉扎 好牛,0
2025/3/21 22:43,我也想学脑浆共鸣[呲牙]@R,0
2025/3/21 22:44,明天见[比心],0
2025/3/21 22:44,牛啊牛啊,0
2025/3/21 22:44,她是音乐学院专业第一，你说呢,0
2025/3/21 22:44,这哪是车库，很明显是防空洞，防空警报都拉响了,0
2025/3/21 22:44,好听,0
2025/3/21 22:44,为什么有些学音乐的老师说颤音不高级，这么多明星都是这么唱的，挺好听的呀,0
2025/3/21 22:44,我是歌手怎么回事,0
2025/3/21 22:44,演唱会的歌单有吗,0
2025/3/21 22:44,无敌,0
2025/3/21 22:44,确实震撼，唱出了寡妇的忧伤，五保户的迷茫，光棍的寂寞，剩女的悔恨，已婚妇女的委屈和绝望，退休老干部对秘书的不舍，同时也唱出了布洛芬也止不住的疼。,1
2025/3/21 22:44,换个运镜的,0
2025/3/21 22:44,2.8,0
2025/3/21 22:44,黄霄云,0
2025/3/21 22:44,我还是忘不了她的[比心]龙珠,0
2025/3/21 22:44,幻想里的我是这样的,0
2025/3/21 22:45,@那男的 @好吃的 @Twinkle. 他喵的 她随口一飙就是我的一辈子[流泪],1
2025/3/21 22:45,关我嘿事[憨笑],0
2025/3/21 22:45,@叽里咕噜 龙哥评价一下这个运镜？我感觉狗叼着跑一圈都比他稳[看],1
2025/3/21 22:45,淫乐 为何不尝试五音乐 像关键词那样,1
2025/3/21 22:45,不要晃可以不，她又不丑,1
2025/3/21 22:45,豪庭[逞强落泪],0
2025/3/21 22:45,软腭打开，头腔唱上去，不一定要张大嘴，因为这种高音不能喊上去[奸笑],0
2025/3/21 22:45,[比心][比心][比心][比心][比心][比心][比心][比心][比心],0
2025/3/21 22:45,2.8,0
2025/3/21 22:45,刷把[666],0
2025/3/21 22:46,我的,0
2025/3/21 22:46,绝了[舔屏][舔屏],0
2025/3/21 22:46,太轻松了[捂脸],0
2025/3/21 22:46,@帅到被人捅43刀 @初見 @芝士秋风阵阵 @裼. this,0
2025/3/21 22:46,@晨晨391,0
2025/3/21 22:46,我的天这么炸的吗,0
2025/3/21 22:46,@甄聒噪. @苍穹.,0
2025/3/21 22:46,期待[泣不成声],0
2025/3/21 22:46,以我外行的水平，这是假声加胸腔共鸣。朵莉亚那段也是她唱的，第一次听真的惊艳,0
2025/3/21 22:46,一直觉得她超级美，简直长在我心巴上，唱歌又好听有实力[玫瑰]真乃歌手界尤物[猪头][猪头][猪头],0
2025/3/21 22:46,鸡皮疙瘩起来了,0
2025/3/21 22:46,厉害[鼓掌],0
2025/3/21 22:46,好听[赞][赞][赞]，天籁之音[爱心][爱心][爱心],0
2025/3/21 22:46,好厉害啊,0
2025/3/21 22:47,@超级无敌暴龙战士,0
2025/3/21 22:47,太棒了！明天加油,0
2025/3/21 22:47,中央音乐学院，美声专业第一呢[呲牙],0
2025/3/21 22:47,@31 天……头皮发麻,0
2025/3/21 22:47,这不比法师的嚎叫好听多了[泣不成声],0
2025/3/21 22:47,不是姐妹，你这个昵称后面这个鸟，我还以为是我手机上有一个杂质呢，我说怎么弄不掉？[九转大肠],1
2025/3/21 22:47,@小王 来听@ClouDsdoG,0
2025/3/21 22:47,哈哈哈哈哈哈哈哈哈,0
2025/3/21 22:47,大颤音不好听,0
2025/3/21 22:47,@Bourbon、 @姜小帅 @徐cccccc @我全都要,0
2025/3/21 22:47,因为有的人是用声带硬颤，专业的是控制气息唱出泛音,0
2025/3/21 22:47,整挺好[不失礼貌的微笑],0
2025/3/21 22:47,@诺诺 好厉害,0
2025/3/21 22:48,3,0
2025/3/21 22:48,无敌[赞],0
2025/3/21 22:48,[666][666][666][666][666][666],0
2025/3/21 22:48,[捂脸]网红啊,0
2025/3/21 22:48,2.5,0
2025/3/21 22:48,天灵盖要飞起来啦,0
2025/3/21 22:48,[呲牙][呲牙][呲牙],0
2025/3/21 22:48,这高音[比心][比心][比心],0
2025/3/21 22:48,牛逼,0
2025/3/21 22:48,没他们说的那么玄，很简单，最后的高音归韵归到u，闭口音[捂脸],0
2025/3/21 22:48,特斯拉吧[思考],0
2025/3/21 22:48,为啥不用换气,0
2025/3/21 22:49,@呀呼,0
2025/3/21 22:49,收尾声音太美了,0
2025/3/21 22:49,冲击到我的天灵盖了[干饭人],0
2025/3/21 22:49,感觉她没张嘴啊？,0
2025/3/21 22:49,太舒服了,0
2025/3/21 22:49,好牛,0
2025/3/21 22:49,真不错。。现在超级震撼  超高质量的,0
2025/3/21 22:49,太强了吧,0
2025/3/21 22:49,太会唱了吧,0
2025/3/21 22:49,@草草草萱_?? @我突突死你 @咪西 @捏捏鱊. @song嵩. @Yinn1 我去……,1
2025/3/21 22:49,@好想吃面包蛋糕芝士 这个人要跟你掰头一下[看],1
2025/3/21 22:49,去挖煤了？,1
2025/3/21 22:49,知道面包为啥不大火吗？女粉都喜欢男星去啦[捂脸]你看汪苏泷演唱会全是女孩[捂脸],0
2025/3/21 22:49,@lover boy 无敌了,0
2025/3/21 22:49,@布琳布琳 你唱包火的,1
2025/3/21 22:49,这么轻松,0
2025/3/21 22:49,哇[强][强][爱心],0
2025/3/21 22:49,@膜拜我吧 @岛与风?? @睡个懒觉.,0
2025/3/21 22:50,现在是3.1万[左上]到你们多少,0
2025/3/21 22:50,太棒了[奋斗][奋斗],0
2025/3/21 22:50,头声气息用的少一点，她天生条件很好，肺活量很大,0
2025/3/21 22:50,直冲天灵盖,1
2025/3/21 22:50,肺活量大,0
2025/3/21 22:50,大半夜前面几句没听到，就听到后面啊会不会吓到以为有鬼[捂脸],0
2025/3/21 22:50,口腔内部非常张开[泪奔],0
2025/3/21 22:50,因为厉害到你听不出来换气,0
2025/3/21 22:50,@落尘 真的有实力,0
2025/3/21 22:50,现在3万赞,0
2025/3/21 22:50,明天这个小区肯定火[捂脸][捂脸][捂脸],0
2025/3/21 22:50,没听过原版，我觉得唱的挺好,0
2025/3/21 22:50,能不能教一下这个头声[流泪],0
2025/3/21 22:50,我太爱了[舔屏][舔屏],0
2025/3/21 22:50,3.0[发呆],0
2025/3/21 22:50,确实。。女生版里面最好听的 最强的了[比心],0
2025/3/21 22:50,现在3.1w 你们刷到的时候都多少了[可怜],0
2025/3/21 22:50,鬼鬼[可怜],0
2025/3/21 22:50,你也很厉害呢,0
2025/3/21 22:50,[赞][赞][赞],0
2025/3/21 22:51,3.2,0
2025/3/21 22:51,头有点痒，要长出脑子了,1
2025/3/21 22:51,地下室开演唱会了,0
2025/3/21 22:51,3.1,0
2025/3/21 22:51,怎么，五声调式以外就是淫乐？那中国民族调式也有好几种七音的呢,0
2025/3/21 22:51,内口腔开大就行[黑脸],1
2025/3/21 22:51,现场超震撼,0
2025/3/21 22:51,3.2[不失礼貌的微笑],0
2025/3/21 22:51,3.2万,0
2025/3/21 22:51,你怎么这么像黄霄云,1
2025/3/21 22:51,现在3.2万[你不大行]预测能过200[不你不想],1
2025/3/21 22:51,5.8,0
2025/3/21 22:51,厉害[赞][赞][赞],0
2025/3/21 22:51,监控围着你转[宕机],1
2025/3/21 22:51,想起了朵莉亚[舔屏],0
2025/3/21 22:51,100w,0
2025/3/21 22:52,老天赏饭吃[暗中观察] 先天就已经遥遥领先了,0
2025/3/21 22:52,啊啊啊啊啊啊啊老婆[流泪],0
2025/3/21 22:52,[流泪]来个高级点运镜吧，毕竟是明星(我是粉丝，纯建议[流泪]）,0
2025/3/21 22:52,[赞][赞][赞],0
2025/3/21 22:52,成都场见,0
2025/3/21 22:52,5.8[看],0
2025/3/21 22:52,越是高音口腔越要抿着让气流尖锐,0
2025/3/21 22:52,面无表情的唱高音让我以为我也行[发呆],0
2025/3/21 22:52,2.5,0
2025/3/21 22:52,黄大哥[赞],0
2025/3/21 22:52,有版权吗？,0
2025/3/21 22:52,哇！天哪！,0
2025/3/21 22:52,跟口哨的原理一样，不是越大的孔越响,0
2025/3/21 22:52,为啥现在2.7[笑哭],0
2025/3/21 22:52,好听[流泪][流泪][流泪],0
2025/3/21 22:52,妈耶[泪奔][泪奔],0
2025/3/21 22:52,啊~~~,0
2025/3/21 22:53,双马尾的黄霄云这么可爱啊,0
2025/3/21 22:53,3.2w啦,0
2025/3/21 22:53,黄霄云有个粉丝唱这歌的视频都48万赞了，她本人怎么赞这么少,0
2025/3/21 22:53,现在是256w你们是多少,1
2025/3/21 22:53,我的天[泣不成声],0
2025/3/21 22:53,别晃了[泪奔]头晕,0
2025/3/21 22:53,3.1，3.1哦,0
2025/3/21 22:53,明天见[听歌],0
2025/3/21 22:53,明天又有好多歌听啦[舔屏][舔屏][舔屏][舔屏],0
2025/3/21 22:53,@佳飛貓??,0
2025/3/21 22:53,打开的内口腔，看不到[看],0
2025/3/21 22:53,现在有吗[微笑],0
2025/3/21 22:53,咋的啊你[微笑],0
2025/3/21 22:53,这高音，我也想有,0
2025/3/21 22:53,2.6,0
2025/3/21 22:53,304[黑脸],1
2025/3/21 22:53,黄霄雲追我该怎么办 [舔屏],0
2025/3/21 22:54,这首对她来说是不是有点低了[赞],0
2025/3/21 22:54,包火的（难听版）,1
2025/3/21 22:54,@越来越帅的财神爷心尖上的超级有钱大帅哥 周日给你展示这个,0
2025/3/21 22:54,手机坏了你赔[看],1
2025/3/21 22:54,你是小美人鱼，宝宝,0
2025/3/21 22:54,这监控还会转圈,0
2025/3/21 22:54,312w了,0
2025/3/21 22:55,好羡慕那些跟你当邻居的人,0
2025/3/21 22:55,快点火吧 黄霄云[不失礼貌的微笑][不失礼貌的微笑],1
2025/3/21 22:55,好听[比心],0
2025/3/21 22:55,叫别人没活路[泪奔],1
2025/3/21 22:55,好有穿透力[赞],0
2025/3/21 22:55,太牛了[鼓掌],0
2025/3/21 22:55,去广东了[看],0
2025/3/21 22:55,请问灯听炸了要赔钱吗@法律公益（滨州肖律师） @法律公正315 @黄帅律师法律在线 @法律之盐 @孟律师法律科普 @法律帮帮 @法律,0
2025/3/21 22:55,相对深圳而言，广州的时间成本增加了不少。来深圳吧！,0
2025/3/21 22:55,能不能出个完整版，跪求,0
2025/3/21 22:55,什么监控，推荐一下,0
2025/3/21 22:55,@疯宇 又爱了一次[流泪],0
2025/3/21 22:55,天啊 怎么现在的女孩子都那么那么优秀 我好骄傲 这大概就是集体荣誉感吧,0
2025/3/21 22:56,三天三夜[看]赢她太多,1
2025/3/21 22:56,最后一段就是孩子的旋律，你不会没听过吧[微笑],0
2025/3/21 22:56,@大韵Ace~ 她是真的厉害????,0
2025/3/21 22:56,这天生就该唱歌,0
2025/3/21 22:56,因为最后高音假音其实很好唱大部分人都可以，只是高音和气息很难有的人虚就高音上不去假音还是很简单的,0
2025/3/21 22:56,@exist,0
2025/3/21 22:56,@L&T 蛙趣好好听,0
2025/3/21 22:56,3.6万,0
2025/3/21 22:56,好好听,0
2025/3/21 22:56,为啥我才3.2w[宕机],0
2025/3/21 22:56,怎么点赞这么少？,0
2025/3/21 22:56,真牛[泣不成声],0
2025/3/21 22:57,有,0
2025/3/21 22:57,可以出教程教教这首歌吗，????球球,0
2025/3/21 22:57,哇[爱心]，面包么么哒,0
2025/3/21 22:57,我去啊,0
2025/3/21 22:57,当然听过呀[看],0
2025/3/21 22:57,该醒了,1
2025/3/21 22:57,黄霄雲很好，运镜的也可以换了[微笑],0
2025/3/21 22:57,明天演唱会[色],1
2025/3/21 22:57,起鸡皮疙瘩了[流泪],0
2025/3/21 22:57,@@是无名氏啊,0
2025/3/21 22:58,太牛了！,0
2025/3/21 22:58,不认识黄霄雲，有本事来武汉开个演唱会看看[看],1
2025/3/21 22:58,听了几十遍,0
2025/3/21 22:58,@kami,0
2025/3/21 22:58,老婆就是强,0
2025/3/21 22:58,优秀的姑娘,0
2025/3/21 22:58,胸腔共鸣,0
2025/3/21 22:58,求乐百益回归,0
2025/3/21 22:58,挑战榜，视频下面黄色字,0
2025/3/21 22:58,好的，目前看你最多，分我一半[酷拽],0
2025/3/21 22:58,[展开说说]我不会啊,0
2025/3/21 22:58,自然是有的,0
2025/3/21 22:58,唱的这么轻松[宕机],0
2025/3/21 22:58,这么巧啊,0
2025/3/21 22:58,监控会动哎,0
2025/3/21 22:59,天赋吧[思考]因为我唱歌还行但是唱太高音不行，我不知道是我天赋不行头腔愣是搞不出来上不去，鼻腔还行,0
2025/3/21 22:59,明天见明天见??,0
2025/3/21 22:59,@鲍龙战士 @忠生 @L  yj @荆棘遍地 @林儿响叮当 @如夙,0
2025/3/21 22:59,@景行行止 [尬笑],0
2025/3/21 22:59,明天见[色],1
2025/3/21 22:59,一定要去看一场你的演唱会,0
2025/3/21 22:59,舒服了,0
2025/3/21 22:59,3.8w[看],0
2025/3/21 22:59,而且你教普通人几句话[展开说说]你的方法不实用,1
2025/3/21 22:59,我要听演唱会会版烟火里的尘埃,0
2025/3/21 22:59,好听,0
2025/3/21 22:59,女音比男音，不需要多大口型也可以比男高音,0
2025/3/21 22:59,到我了～呀拉索！！！,0
2025/3/21 22:59,[爱心],0
2025/3/21 22:59,好轻松的高音[泣不成声],0
2025/3/21 22:59,听歌的可以呼吸的,0
2025/3/21 22:59,唱的，真好听！送你个礼物！,0
2025/3/21 22:59,全民K歌不是说我击败了99.99％的人吗[宕机],0
2025/3/21 22:59,明天见[送心][送心][送心],0
2025/3/21 23:00,真的还挺特别是那个高音[流泪],0
2025/3/21 23:00,没有，要教话就多了，我只是简单讲讲,0
2025/3/21 23:00,因为是配音,0
2025/3/21 23:00,散落的尘埃～,0
2025/3/21 23:00,她学美声的，换气方面绝对一流[呲牙],0
2025/3/21 23:00,内口腔打开了  [流泪][流泪]好通透呀头声转换的也特别顺,0
2025/3/21 23:00,啊啊啊啊啊好听[流泪],0
2025/3/21 23:00,[展开说说]所以回复人家评论不就要拿最简单最实用的吗？,0
2025/3/21 23:00,@落日的霞光 @不要熬夜喔～ 太牛了吧,0
2025/3/21 23:00,不敢睁开眼,0
2025/3/21 23:00,@好想吃面包蛋糕芝士 面包女士快来！快来和她打一架！,1
2025/3/21 23:00,@Sebajun 好厉害,0
2025/3/21 23:00,国家级歌手,0
2025/3/21 23:01,这哨音[发呆],0
2025/3/21 23:01,@soso了 @鱼三土 @祁弋. @辣鲈鱼 @一杯温热可乐 @吸吸果冻！！！！ @疾风,0
2025/3/21 23:01,明天演唱会会唱这个对吗 [色]  [色],0
2025/3/21 23:01,米有人好奇这个发型是怎么弄的 太好看了,0
2025/3/21 23:01,这镜头好晕,0
2025/3/21 23:01,@余笙小紫 @深肆 [舔屏][舔屏],0
2025/3/21 23:01,@冰淇淋不冰 @?Ya?<??,0
2025/3/21 23:01,这让原唱好尴尬啊[捂脸],0
2025/3/21 23:01,人家是百分之零点零一,1
2025/3/21 23:01,因为她就是那0.01%[舔屏],1
2025/3/21 23:01,她翻你了耶,1
2025/3/21 23:01,华晨宇还是有点实力的[九转大肠],0
2025/3/21 23:01,她不会是那个0.01？,1
2025/3/21 23:01,老婆,0
2025/3/21 23:01,@呜呜吴呼 @Ko7. @想吃糖了 @qi. @热消夏 @殊 听得我头皮发麻[流泪],0
2025/3/21 23:01,天呐 太厉害了 这车库的有福了,0
2025/3/21 23:02,天生的强者,0
2025/3/21 23:02,她的能力真的没话说,0
2025/3/21 23:02,怎么说呢，只觉得唱功真的非常非常赞，但是总觉得缺少情感,0
2025/3/21 23:02,@lpcssb 真牛,0
2025/3/21 23:02,但是你说的方法是错的，那样很伤嗓子，我只是改正一下,0
2025/3/21 23:02,我憋得不敢呼吸[泪奔],0
2025/3/21 23:02,这是哪个小区，我去停车[他急了],1
2025/3/21 23:02,@这能说吗 好了，我又行了，明天去ktv唱,0
2025/3/21 23:02,个人观点 最好听版本[赞],0
2025/3/21 23:02,@张,0
2025/3/21 23:02,生怕漏气了,0
2025/3/21 23:02,好好听[比心],0
2025/3/21 23:02,为什么那么轻松[流泪][流泪][流泪],0
2025/3/21 23:02,打开口腔不是张开嘴,1
2025/3/21 23:02,因为开的是内口,1
2025/3/21 23:02,没听过,0
2025/3/21 23:02,好稳,0
2025/3/21 23:02,@书绿??甘??思念 你也可以的吧，姐姐[色],1
2025/3/21 23:02,@大傻,1
2025/3/21 23:02,@小敏爷?? 教练我想学这个[流泪],0
2025/3/21 23:03,这都有人喷[黑脸],1
2025/3/21 23:03,还有张梦羽挑战过这首,0
2025/3/21 23:03,差点被你骗到了,1
2025/3/21 23:03,@青春没有后悔,0
2025/3/21 23:03,牛逼啊[捂脸],0
2025/3/21 23:03,好厉害天呐,0
2025/3/21 23:03,去ktv唱去，地下车库是公共场所,0
2025/3/21 23:03,哦哦，捉主播[黑脸],1
2025/3/21 23:03,现在4.2w[看],0
2025/3/21 23:03,快摇人！快把韩红摇过来,1
2025/3/21 23:03,你猜我为什么嗓子疼[我想静静],0
2025/3/21 23:04,好听,0
2025/3/21 23:04,不行是法师表演吗？,0
2025/3/21 23:04,是的,0
2025/3/21 23:04,耳测300w赞,0
2025/3/21 23:04,宝宝巡演能不能来武汉[流泪][流泪][流泪][流泪],0
2025/3/21 23:04,这条预计会爆，先来占个楼[得意],0
2025/3/21 23:04,面包已经买了,0
2025/3/21 23:04,我站在让普通人正确练习的角度上已经讲的非常简单了,0
2025/3/21 23:04,好问题，问题是全民K歌的用户量并不全民[九转大肠][九转大肠],0
2025/3/21 23:04,厉害,0
2025/3/21 23:04,不愧是我欣赏的歌手[看],0
2025/3/21 23:04,@1-1?1 @凌今熹? @雅子＾^ @粥粥?? ？这么轻松[憨笑][憨笑][赞],0
2025/3/21 23:05,扰民了[不你不想],1
2025/3/21 23:05,想听heart attact,0
2025/3/21 23:05,@????????????????银子yo 这个牛[泪奔],0
2025/3/21 23:05,[赞][赞][赞],0
2025/3/21 23:05,[看][看]你想得美[泣不成声],1
2025/3/21 23:05,@hhhhhh,0
2025/3/21 23:05,@藤绘衣子?? @Joeyyyy. @100% @9? @h,0
2025/3/21 23:05,这么搞，嗓子遭得住啊,0
2025/3/21 23:05,有完整版吗，好好听,0
2025/3/21 23:05,我是在歌手当打之年知道她的，当时她的唱法技巧让我很惊艳！但是，弹幕的人说她又在炫耀技巧唱歌没有感情，我本人是喜欢华晨宇的，同样的类型也让我关注到了黄霄雲！最近她的风评都是夸赞和支持，我也是很开心的！虽然我没有帮助她为她发声！,0
2025/3/21 23:06,[看][看]8k只看黄小云[看],0
2025/3/21 23:06,明天广州场[看]一定要唱啊，我要听,0
2025/3/21 23:06,这不得跳出来说说[撇嘴],1
2025/3/21 23:06,绝了,0
2025/3/21 23:07,1 个赞就追黄霄云[不失礼貌的微笑],0
2025/3/21 23:07,太6了,0
2025/3/21 23:07,宝宝明天见[舔屏],0
2025/3/21 23:07,位置正确不费嗓，很轻松[呲牙],0
2025/3/21 23:07,这是真有实力,0
2025/3/21 23:07,对黄霄云来说，这算得上挑战嘛[捂脸],0
2025/3/21 23:07,听得头发立起来了,0
2025/3/21 23:07,这比原唱好听啊,0
2025/3/21 23:07,4.2,0
2025/3/21 23:07,教教我[看],0
2025/3/21 23:08,这是小姨妈[看],0
2025/3/21 23:08,就这一句下来 医保卡得给我刷爆了[尬笑],0
2025/3/21 23:08,太喜欢你了 唱功无敌[比心][比心][比心]温柔又动听,0
2025/3/21 23:08,招笑[捂脸],1
2025/3/21 23:08,@三七.,0
2025/3/21 23:08,想听煎熬,0
2025/3/21 23:08,不敢想演唱会现场会有多震撼，太好听了[玫瑰],0
2025/3/21 23:09,@月球上的人 @F?????  ????. @风霜一剑 @新,0
2025/3/21 23:09,喉咙啊,0
2025/3/21 23:09,你怎么也来了,1
2025/3/21 23:09,哇！直穿心灵的感觉，太爽了！,0
2025/3/21 23:09,不愧是他的歌，把人吓得小跑[捂脸][捂脸][捂脸][捂脸],0
2025/3/21 23:09,我了个痘，bE6,1
2025/3/21 23:10,@浦星 @土豆片儿 @我不知道啊 @YY. @Skezhi.,0
2025/3/21 23:10,唱得很好，就是监控哪里买的，还会运镜[看],0
2025/3/21 23:10,面包明天见！！！广州见！！！,0
2025/3/21 23:10,这个头声[流泪][流泪][流泪][流泪][流泪][流泪],0
2025/3/21 23:10,雲神收徒吗，怎样才能到达你这个高度[黑脸],1
2025/3/21 23:10,弹幕哪来的“脑腔”这个东西[我想静静][我想静静],1
2025/3/21 23:10,我就说谁在叫[捂脸]吓得我一晚没敢睡[捂脸][捂脸][捂脸],0
2025/3/21 23:10,@雨时多云偶阵晴 @東凛@璃梦 @今夕、何夕  @huang @Zzzz @c_youy @峪 @豆礼小咪 @猴子大王0724 @小鸡藏肚子 [发呆],0
2025/3/21 23:10,这是真面包,0
2025/3/21 23:10,永远喜欢[猪头],1
2025/3/21 23:10,这不地下车库吗[尬笑],0
2025/3/21 23:11,@笨鸟大王 @Fall @典 @无解诗词（点推荐是我女神,0
2025/3/21 23:11,9990个赞，我点的[呲牙],0
2025/3/21 23:11,不费吹灰之力就这么轻轻松松的上去啦[鼓掌][鼓掌][鼓掌],0
2025/3/21 23:11,到我了吗,0
2025/3/21 23:11,给个建议，把车牌打下马赛克[看],0
2025/3/21 23:11,头顶还有一张嘴[看][看],1
2025/3/21 23:11,头声,0
2025/3/21 23:11,@蓝白雾 好牛,0
2025/3/21 23:12,@泠 @咕咕咕,0
2025/3/21 23:12,那你慢点，别摔跤了哈,0
2025/3/21 23:12,因为视频是后配的音频[捂脸],0
2025/3/21 23:12,不亏是初代火姐，我唯一一个觉得翻唱是有味道的[泣不成声],0
2025/3/21 23:12,"第一秒：哇，这谁，好厉害就这么上去了
下一秒：诶？黄霄云？（点进主页）完了是真的[酷拽]",0
2025/3/21 23:12,为什么,0
2025/3/21 23:12,+1[耶][耶][耶],0
2025/3/21 23:12,给我看晕车了[捂脸],0
2025/3/21 23:13,最后是《孩子》的调调 她真的爱,0
2025/3/21 23:13,和我有的一拼[尬笑],0
2025/3/21 23:13,面包广州见[泣不成声],0
2025/3/21 23:13,这怎么可能是监控拍的,1
2025/3/21 23:13,还有跑的[看],0
2025/3/21 23:13,难道这就是失传已久的狮吼功吗[呲牙],0
2025/3/21 23:13,我来看美女的，结果给我转晕了,1
2025/3/21 23:13,唱的好听，,0
2025/3/21 23:13,@让世界，彻底遗忘我 @有点烦 @聪 聪,0
2025/3/21 23:13,反正没钱买灯[捂脸][捂脸],0
2025/3/21 23:13,海豚音    好久没听到过了,0
2025/3/21 23:13,你躲电视机里唱吧,1
2025/3/21 23:13,这才是真正的实力歌手[咒骂],1
2025/3/21 23:14,多买点增高鞋垫[黑脸],1
2025/3/21 23:14,但凡在歌手这么稳也不至于失败啊,0
2025/3/21 23:14,好听是好听，你转的我头晕,0
2025/3/21 23:14,可是就算是不需要张大嘴，但单是换气鼻腔应该也不够吧，嘴就像缝一样，而且到后面高音这个表情始终感觉不对劲[捂脸],1
2025/3/21 23:14,好牛[舔屏][舔屏][舔屏],0
2025/3/21 23:14,你再这么唱我可要路转粉了[看],0
2025/3/21 23:14,贵州[赞][赞],0
2025/3/21 23:15,我劝你赶紧把全部拍到的发出来[发怒]我要听全部,1
2025/3/21 23:15,"我还是很喜欢你，
像太阳升了落去，无论朝夕",0
2025/3/21 23:15,老公[色][色][色][色],1
2025/3/21 23:15,这鸡皮疙瘩都起来了[听歌][听歌][听歌],0
2025/3/21 23:16,明天广州还有??,0
2025/3/21 23:16,哈哈哈哈哈[泪奔],0
2025/3/21 23:16,不是 嘴张这么小都这么大声[流泪],1
2025/3/21 23:16,哇塞！好强[流泪]明天就可以听到面包唱这个了是吗[流泪][流泪][流泪][流泪]！面包你要好好休息！不可以熬夜！！！！！[流泪][拳头][流泪][拳头][流泪][拳头],0
2025/3/21 23:16,你进化了[灵机一动],0
2025/3/21 23:16,不来个转场可惜了[暗中观察],0
2025/3/21 23:16,最后那个诶就这么唱出来了[泣不成声],0
2025/3/21 23:16,@Y041 @芝芝 @没惹任何人 @Nini @??? @恩。 [猪头],1
2025/3/21 23:16,无敌啊  我的妈耶！,0
2025/3/21 23:16,因为声带只是发出声音用的，其他全靠头腔共鸣[送心],0
2025/3/21 23:17,@妙脆角 @进击的黄柯基 @木姜子,0
2025/3/21 23:17,头声无需张嘴,0
2025/3/21 23:17,头声哦,0
2025/3/21 23:17,当时看当打之年的时候就被她的声音惊艳到了现在还是一样的好听[色][色],1
2025/3/21 23:17,@逸林 我去[流泪]好听！,0
2025/3/21 23:17,感觉地库里的比网易云的好听[泣不成声],0
2025/3/21 23:17,好丝滑,0
2025/3/21 23:17,你要告她？,1
2025/3/21 23:17,妈呀，你会吓死人的大晚上[捂脸],1
2025/3/21 23:17,@. 网红和专业歌手差距还是巨大的,0
2025/3/21 23:18,海豚音加哨音吗,0
2025/3/21 23:18,这就是实力[赞],0
2025/3/21 23:18,后面问界M7是我的车，在我家车库练习的,0
2025/3/21 23:18,可以呼吸,0
2025/3/21 23:18,@O泡时间到,0
2025/3/21 23:18,宇宙歌者[绝],0
2025/3/21 23:18,在停车场这么暗不吓人吗？,1
2025/3/21 23:19,@你叫啥 我靠 高音怎么发出来的,1
2025/3/21 23:19,这一口气能从长江底走过去[我想静静],0
2025/3/21 23:19,原唱好牛,0
2025/3/21 23:19,@发财发财发财,0
2025/3/21 23:19,俺也是[流泪],0
2025/3/21 23:19,憋笑挑战吗,0
2025/3/21 23:19,所以 非要这么拍吗[捂脸][捂脸][捂脸][捂脸]@来財?? @樱桃小丸犊子 @梦里见 @鲨猪啦（黑化发疯疯猪版烦所有人滚啊啊啊啊 @大言?? @Xxx_ @快乐禧禧 @Starlight @Lllliii @辛子雪穗 @神气鱼鱼 @????总,1
2025/3/21 23:19,等会,0
2025/3/21 23:19,是幻觉这一定不是真的[流泪],0
2025/3/21 23:19,哇塞,0
2025/3/21 23:19,太夸张了[泣不成声],0
2025/3/21 23:20,头腔共鸣,0
2025/3/21 23:20,贵州英雄,0
2025/3/21 23:20,@H-H @一个路过的虾饺 我喜欢她,0
2025/3/21 23:20,@Agoni,0
2025/3/21 23:20,天下无双,0
2025/3/21 23:20,@橙子（减肥ing） 哈哈哈,0
2025/3/21 23:20,@Ann.? 妈耶[衰],1
2025/3/21 23:20,可能不加高音会舒服一点[大笑],0
2025/3/21 23:20,没有她不敢唱这么长[捂脸],1
2025/3/21 23:20,我们贵贵的骄傲,0
2025/3/21 23:21,[赞],0
2025/3/21 23:21,嘴型可以,0
2025/3/21 23:21,[尬笑],0
2025/3/21 23:21,？,0
2025/3/21 23:21,笑死了,0
2025/3/21 23:21,完整版,0
2025/3/21 23:21,10分钟，88.88[呲牙],0
2025/3/21 23:21,无感,0
2025/3/21 23:21,太牛了,0
2025/3/21 23:21,这也是伯克利吗[发呆],0
2025/3/21 23:21,我跑调[害羞]太专业了,0
2025/3/21 23:21,她唱的王者荣耀那个人鱼之歌！超级好听,0
2025/3/21 23:21,换个摄影吧,0
2025/3/21 23:22,你这是要激动死我吗,1
2025/3/21 23:22,车窗震破赖着你,1
2025/3/21 23:22,牛，还以为是演绎，原来是本人唱得[鼓掌],0
2025/3/21 23:22,太厉害了[流泪],0
2025/3/21 23:22,她上那些综艺真的很可惜的[泣不成声],0
2025/3/21 23:22,丁真的伴唱有点东西[赞],0
2025/3/21 23:22,@飘飘（宁芙奖请投囚徒） @夜阑（宁芙奖请投囚徒） 我的妈呀,0
2025/3/21 23:22,Q,0
2025/3/21 23:23,好想看她和周深,0
2025/3/21 23:23,[送心],0
2025/3/21 23:23,除了第一，其他的根本连名字都没有，千军万马过独木桥啊,1
2025/3/21 23:23,[柴犬],0
2025/3/21 23:23,还是原唱好听,0
2025/3/21 23:23,她的高音真的让人很舒服，真的非常非常有实力????,0
2025/3/21 23:23,你不评论可能会舒服一点,1
2025/3/21 23:23,@美羊羊 @番茄小诗^_^ @?????????????? nb[噢买尬],0
2025/3/21 23:23,车玻璃要是碎了，能走保险吗,0
2025/3/21 23:23,中央音乐学院,0
2025/3/21 23:23,牛逼[比心],0
2025/3/21 23:23,[玫瑰][玫瑰][玫瑰],0
2025/3/21 23:24,好美的嗓子[发呆],0
2025/3/21 23:24,@小则乖宝想你啦,0
2025/3/21 23:24,央音第一[灵机一动],0
2025/3/21 23:24,@万物yu宙 @怪诞心理学首唱有我 @星辰大海 @小魚. @Ｌ @批批sauce @周七 @你说啥呀 @南瓜小米粥 @富贵哥。 @头脑清醒everyday 太牛了太牛了[流泪],0
2025/3/21 23:24,@SEVEN?? 好厉害,0
2025/3/21 23:24,海豚音呀[暗中观察],0
2025/3/21 23:25,@陈二狗 我滴妈呀,1
2025/3/21 23:25,拍摄的人这辈子与摄影无缘了[泣不成声],1
2025/3/21 23:25,头声不靠表情啊，你看到的表情，只是歌手沉浸在歌的感情里啊,0
2025/3/21 23:25,@睿智少年通 [宕机],1
2025/3/21 23:25,晃，笑晕嘛,0
2025/3/21 23:25,梗吗，我怎么5.8万[尬笑],0
2025/3/21 23:25,我从好声音开始关注她，那时候她好像才高中，能看出先天条件非常好且非常努力,0
2025/3/21 23:25,这没有感情?,0
2025/3/21 23:25,这可太有感情了,0
2025/3/21 23:25,我也觉得[尬笑],0
2025/3/21 23:26,我滴妈，太牛了，好听[玫瑰][玫瑰][玫瑰],0
2025/3/21 23:26,好好好,0
2025/3/21 23:26,单独出个翻唱吧，好好听！[泣不成声],0
2025/3/21 23:26,姐姐好厉害[流泪],0
2025/3/21 23:26,@shi力气 好听,0
2025/3/21 23:26,央音第一，名不虚传[柴犬],0
2025/3/21 23:26,好听！！[送心],0
2025/3/21 23:26,明天见[调皮],0
2025/3/21 23:26,这运镜真是[黑脸],1
2025/3/21 23:26,一般的人能唱，我娶黄霄云[灵机一动],1
2025/3/21 23:27,太牛啦！！！,0
2025/3/21 23:27,一楼的宝子们螺旋升天,1
2025/3/21 23:27,[玫瑰],0
2025/3/21 23:27,面包唱的好好听啊啊[求抱抱],0
2025/3/21 23:27,这头声太好听了谁懂啊[猪头][猪头][猪头],1
2025/3/21 23:27,火姐在哪,0
2025/3/21 23:27,[赞][赞][赞][赞],0
2025/3/21 23:28,太牛了@发财暴富 @胖儿阿然. @晚边 @华飒yu绒卷 @小符yu. @米粉侠 @小帽的微风甜yu @风追 @风人愿yu @江sir @考驾照去咯,0
2025/3/21 23:28,@幸馥猫猫?? @神秘的帅哥（Xc） @兔元想早睡 @???? @芒果?? @申留真果粒 @一惊一炸 @发呆业务爱好者 @好好好耶,0
2025/3/21 23:28,我天天都在停车场听人唱歌 是不是你呀 姐姐,0
2025/3/21 23:28,@黑猫电下??????,1
2025/3/21 23:28,@Alice52Hz,0
2025/3/21 23:28,停车场变成演唱会舞台了[捂脸],0
2025/3/21 23:29,这个拍摄？？？,0
2025/3/21 23:29,能火我吃[绝望的凝视],0
2025/3/21 23:29,我要是娶你是不是得修几辈子的福[流泪],0
2025/3/21 23:29,看得出来面包很喜欢这首歌,0
2025/3/21 23:29,这是人可以发出的声音吗？[发呆]@zZ,1
2025/3/21 23:29,诶，这是真人,0
2025/3/21 23:29,有些高音需要压缩,0
2025/3/21 23:29,最高礼仪[流泪][舔屏][流泪][舔屏][流泪][舔屏][流泪][舔屏][流泪][舔屏],0
2025/3/21 23:29,6,0
2025/3/21 23:29,花花再也不是当年那个孤独花花了[爱心],0
2025/3/21 23:30,你要把人家车窗吼碎了 要赔钱的哦,0
2025/3/21 23:30,不是后期配音 头声本就不用张很大嘴,0
2025/3/21 23:30,6,0
2025/3/21 23:30,早就代言了[奸笑],1
2025/3/21 23:30,@我漂亮吗 [发呆][色][色],1
2025/3/21 23:30,你不看可能会有人可以多呼吸一口空气,1
2025/3/21 23:30,因为她是黄霄云呀,0
2025/3/21 23:30,确实震撼，唱出了寡妇的忧伤，五保户的迷茫，光棍的寂寞，剩女的悔恨，已婚妇女的委屈和绝望，退休老干部对秘书的不舍，同时也唱出了布洛芬也止不住的疼。,1
2025/3/21 23:31,5.9,0
2025/3/21 23:31,高音直逼国家队的水平。,0
2025/3/21 23:31,花点钱 请个专业摄影团队,0
2025/3/21 23:32,好喜欢她的高音，一点不会显得尖锐难听！！！！！！！,0
2025/3/21 23:32,？哈哈哈哈官方来了,0
2025/3/21 23:32,我的天,0
2025/3/21 23:32,唉他怎么比黄霄云还厉害,1
2025/3/21 23:32,加油，[比心]妹妹[赞][赞],0
2025/3/21 23:32,@0000. @汪圈圈圈圈 @奶油菠罗包?? [流泪][流泪][流泪],0
2025/3/21 23:32,中央音乐学院毕业的,0
2025/3/21 23:32,能提出来这个声音怎么发的，就说明他压根没有有一点点的基础，所以我用平常常见的东西来教没有问题,1
2025/3/21 23:32,@稚湉 @怵肆 哇 手机麦要炸了,0
2025/3/21 23:33,你不认识单依纯吗？,0
2025/3/21 23:33,高音对她来说真的是喝水那么简单 明天期待演唱会版本[感谢],0
2025/3/21 23:33,一言难尽,0
2025/3/21 23:33,明天在演唱会能看到你吗[流泪][流泪][流泪],0
2025/3/21 23:33,[流泪],0
2025/3/21 23:33,女歌手里面 你是[赞]这个  佩服佩服 期待能在北方看到你的演唱会 唱这首歌,0
2025/3/21 23:33,你就手机不要动就好了啊,0
2025/3/21 23:33,就是国家队的,0
2025/3/21 23:34,贵州的骄傲,0
2025/3/21 23:34,听美了[大笑],0
2025/3/21 23:34,@好想吃面包蛋糕芝士 你不会是怕了吧[害羞][裂开],0
2025/3/21 23:34,就这么轻松上去了[泣不成声][泣不成声][泣不成声],0
2025/3/21 23:34,面包什么时候来上海[玫瑰][玫瑰][玫瑰],0
2025/3/21 23:35,单依纯是哪个,0
2025/3/21 23:35,拍摄的回家吧,0
2025/3/21 23:35,[流泪],0
2025/3/21 23:35,[捂脸][捂脸][捂脸][捂脸]吓到别人了,0
2025/3/21 23:35,有没可能  她是拼多多的那个0.01%呢？,0
2025/3/21 23:35,@阿希,0
2025/3/21 23:35,这高音能不能别唱的这么轻松，不然我会以为我也可以的[尬笑],0
2025/3/21 23:35,要不是黄霄云，最后这段哼哼我才不信是真唱,1
2025/3/21 23:35,鬼知道到我听了多少遍 太好听了[尬笑],0
2025/3/21 23:36,以前的歌最近都要杀回来了么[如花][如花][如花],0
2025/3/21 23:36,@认知滞后小子 能懂吗 [流泪],1
2025/3/21 23:36,我刚刷到,0
2025/3/21 23:36,都害怕你把车玻璃震碎了,0
2025/3/21 23:36,@@hua,1
2025/3/21 23:36,@巧克力兔 @Q7゛,0
2025/3/21 23:36,[尬笑]我以为是她粉丝从哪搞来的视频，点开主页是？？,1
2025/3/21 23:37,@徐福記,0
2025/3/21 23:37,你在拍什么啊摄影师！！！[微笑],0
2025/3/21 23:37,全程这个表情听完的[泣不成声],0
2025/3/21 23:37,监控有点低,0
2025/3/21 23:37,[微笑][微笑][微笑],0
2025/3/21 23:37,期待3.22广州演唱会继续大爆[色][色],1
2025/3/21 23:38,明天见[流泪][比心][舔屏],0
2025/3/21 23:38,因为越高的音越靠近头部，反而嘴巴这里要松,0
2025/3/21 23:38,黄霄云真的绝了啊我天 唱歌一流,0
2025/3/21 23:38,本人来啦，当时就是一时兴起所以就随便唱了几句，没想到被拍下来了，还火了，没想到大家这么喜欢，我还挺意外的其实，谢谢大家的喜欢和关注[偷笑],0
2025/3/21 23:38,一看就知道广东的地下停车场,0
2025/3/21 23:38,基本告别摄影界了,1
2025/3/21 23:38,哇哇哇[泣不成声][泣不成声][泣不成声][666][666][666][666][666],0
2025/3/21 23:38,那你也不应该教他伤嗓子的呀，嗓子真的会哑的 万一人家真拿去扯嗓子了,0
2025/3/21 23:38,@小蔡包 我以为是你呢[宕机],0
2025/3/21 23:39,这海豚音，你去过意大利吗？[赞],0
2025/3/21 23:39,这三百六十度无死角的脸[流泪][流泪][流泪][比心][比心][比心],0
2025/3/21 23:39,高音公主[赞],0
2025/3/21 23:39,em...有点晕[晕],0
2025/3/21 23:39,很强[赞],0
2025/3/21 23:39,歌手2025期待一个《listen》！,0
2025/3/21 23:40,你这摄像可以开除了,1
2025/3/21 23:40,@殳亓,0
2025/3/21 23:40,你问问她是怎样没日没夜练出来的,0
2025/3/21 23:40,停车场到了，谁来给我运镜呢嘛,0
2025/3/21 23:40,再来个转场，就绝了,0
2025/3/21 23:40,@6868 @9+,0
2025/3/21 23:41,什么时候来上海开呀[流泪],0
2025/3/21 23:41,不是哥们，你黄霄雲啊[黑脸],1
2025/3/21 23:41,@车站风好大 她唱的没了我你依然拥抱太阳我是真喜欢,0
2025/3/21 23:41,我要看到明晚的超绝现场版，可以大爆出圈[送心][送心],0
2025/3/21 23:41,好听,0
2025/3/21 23:42,头声天花板[流泪],0
2025/3/21 23:42,杀疯了[泣不成声],1
2025/3/21 23:42,@破风 @??????,0
2025/3/21 23:42,此女内力深厚，练的应该是九阳神功吧？[尬笑],1
2025/3/21 23:42,专业学声乐的，专业能力很强,0
2025/3/21 23:42,找个黄霄云这样的女朋友肯定很好[快哭了],0
2025/3/21 23:42,天赋[泣不成声]唱歌说能练习我信，但是天赋这玩意比不了[捂脸],0
2025/3/21 23:42,哇塞这个路人太优秀了！哦黄霄云本云…那没事了,0
2025/3/21 23:42,这就是我想象中KTV唱歌时的我[呲牙],0
2025/3/21 23:43,@愚者” [发呆],0
2025/3/21 23:43,混响效果好啊,0
2025/3/21 23:43,黄霄云真的很牛批[强壮][强壮][强壮],0
2025/3/21 23:43,姐姐！你无敌[舔屏][舔屏][舔屏]我跪听[舔屏][舔屏][舔屏][舔屏],1
2025/3/21 23:43,老天爷赏饭吃的，没法比,0
2025/3/21 23:44,这条抖音只想这么听，运镜实在晃眼睛哈哈哈哈哈哈[不你不想],0
2025/3/21 23:44,黄霄云唱的歌，传唱度都很低，因为她唱的歌难度太高一般人唱不了[捂脸],0
2025/3/21 23:44,@??.小研?? 1??（小福星） 爱播快录个作品！想听[躺平],0
2025/3/21 23:44,有版权吗？,0
2025/3/21 23:44,中央音乐学院美声专业第一，实力在这,0
2025/3/21 23:44,因为那99.9%的人压根没有唱,1
2025/3/21 23:44,什么地段，车库能听演唱会,0
2025/3/21 23:44,明天见[呲牙][呲牙][呲牙],0
2025/3/21 23:44,是真的 [赞][赞]强  牛掰[比心][比心][比心],0
2025/3/21 23:44,棒棒棒[玫瑰][玫瑰][玫瑰],0
2025/3/21 23:44,高音原来是这么来的[捂脸],0
2025/3/21 23:45,大哥 该充电了,0
2025/3/21 23:45,@zswzsw?????♀?,0
2025/3/21 23:45,天生我才[比心],0
2025/3/21 23:45,我不在前排[流泪],0
2025/3/21 23:45,明明实力就很强,0
2025/3/21 23:45,什么时候来南昌[流泪],0
2025/3/21 23:46,这是要跟小号正面硬刚啊[呲牙],1
2025/3/21 23:46,我已经不是我了,0
2025/3/21 23:46,无敌了[赞][赞][赞],0
2025/3/21 23:46,这个拍摄手法是在防爆嘛[愉快][比心],0
2025/3/21 23:46,这视频能不能搞好一点[捂脸]我还以为我的手机坏掉了,1
2025/3/21 23:46,@宿,0
2025/3/21 23:46,内口腔打开了啊[憨笑]，加上气息,0
2025/3/21 23:46,晃啥呢,1
2025/3/21 23:46,@??__ 火姐就是有实力,0
2025/3/21 23:47,哈哈哈哈哈,0
2025/3/21 23:47,他以前直播的时候讲过，他不会把嘴巴张的很大，口腔内部竖起来就可以了，可以增加共鸣,0
2025/3/21 23:47,学不了一点,0
2025/3/21 23:47,头腔共鸣,0
2025/3/21 23:47,期待明晚的演唱会[惊喜],0
2025/3/21 23:47,牛逼,0
2025/3/21 23:47,起这么高你自己唱[微笑],0
2025/3/21 23:47,好厉害，她高音飙上去的那一刻我鸡皮疙瘩瞬间就起来了[赞],0
2025/3/21 23:48,yyds面包,0
2025/3/21 23:48,刚才说错了，再听一遍差三个点的意思！,0
2025/3/21 23:48,@看到五线谱就想画圈,0
2025/3/21 23:48,@杨杨得亿 太牛了太牛了太牛了,0
2025/3/21 23:48,拿脚拍的？,1
2025/3/21 23:48,姐姐，能不能来江浙沪开演唱会啊[捂脸],0
2025/3/21 23:48,还是原唱更有感觉,0
2025/3/21 23:48,人家说的是不张大嘴不是闭嘴[尬笑],0
2025/3/21 23:48,妹妹好牛[比心][比心],0
2025/3/21 23:48,[泣不成声],0
2025/3/21 23:49,买了得,0
2025/3/21 23:49,车玻璃碎了  报警器各种响[呲牙][呲牙],0
2025/3/21 23:49,太好听了吧,0
2025/3/21 23:49,@wonwoo??,0
2025/3/21 23:49,@??????????????? [不失礼貌的微笑],0
2025/3/21 23:49,只唱了三句 不用考虑版权[看],0
2025/3/21 23:49,头晕看着,0
2025/3/21 23:49,摄影师扣分,1
2025/3/21 23:49,好复古的拍摄画面[宕机],0
2025/3/21 23:49,@盐都不盐 我的天[泣不成声]这高音,0
2025/3/21 23:49,头声,0
2025/3/21 23:49,@好想吃面包蛋糕芝士 快看 这货比你还能唱,1
2025/3/21 23:50,姐，你太强了,0
2025/3/21 23:50,@蓝牙耳机,0
2025/3/21 23:50,招个摄影师吧，现在的对都对不准[捂脸],0
2025/3/21 23:50,@与左定下约定?,0
2025/3/21 23:50,今天听过,0
2025/3/21 23:50,服,0
2025/3/21 23:50,这种教堂的声音是怎么样发出来的,0
2025/3/21 23:50,监控哪会不规则动来动去[再见],0
2025/3/21 23:50,共鸣,0
2025/3/21 23:51,@好饿好饿真的好饿 好牛,0
2025/3/21 23:51,换气感觉…..,0
2025/3/21 23:51,鸡皮疙瘩都起来了，太好听,0
2025/3/21 23:51,太绝了,0
2025/3/21 23:51,回家吧这个拍摄手法 回家好不好[流泪],1
2025/3/21 23:51,后面的高音真的不知道怎么说,0
2025/3/21 23:51,真人超级漂亮[送心][送心]超级好 一直在和我们互动 唱歌也超级超级好听,0
2025/3/21 23:51,7.3了[捂脸]，又挂到挑战榜二了,0
2025/3/21 23:52,嗯，比原唱强,0
2025/3/21 23:52,这个滤镜是不是有点……[疑问],0
2025/3/21 23:52,这里单依纯算什么了[我想静静][我想静静][我想静静],1
2025/3/21 23:52,央音美一[看],0
2025/3/21 23:52,玩抽象罢了，就是用的像监控一样的滤镜哈哈哈,0
2025/3/21 23:52,哇,0
2025/3/21 23:52,口腔内部打开,0
2025/3/21 23:52,这个白线不要加进来啊…,0
2025/3/21 23:53,你好像也没想放过她[赞],1
2025/3/21 23:53,没有,0
2025/3/21 23:53,我看了几遍想怎么这么厉害？,0
2025/3/21 23:53,拍摄者是想告诉大家后面停的车都是谁家的[捂脸],0
2025/3/21 23:53,@再见，从前 我都不敢相信这是一个人能发出的声音[泪奔],0
2025/3/21 23:53,@是初阳呀 走唱,0
2025/3/21 23:53,谁懂他们听现场版[苦涩][苦涩][苦涩][苦涩],0
2025/3/21 23:53,头腔，张嘴用嗓子喊破也出不了这音[捂脸],0
2025/3/21 23:53,这也太晃了，手持拍摄法也不是这样的,0
2025/3/21 23:53,这首歌是华晨宇的呢,0
2025/3/21 23:53,@汤汤?? @ovo @終予海 自己吼一嗓子感觉能升天了,1
2025/3/21 23:53,对，面包就是这样子的好相处[鼓掌][鼓掌][鼓掌],0
2025/3/21 23:54,比那些听不懂的艺术歌曲好接受多了，不敢想如果唱我喜欢的歌该有多好听[宕机],0
2025/3/21 23:54,你好美,0
2025/3/21 23:54,@李筒轴 @fkym @?????? @以秋之名落 @晨 @五台山洗碗工 @小卫莱德 有点恐怖了,0
2025/3/21 23:55,哎呀被你发现了[委屈]哈哈哈哈哈我不想动,0
2025/3/21 23:55,内口腔,0
2025/3/21 23:55,找一个前卫一点的团队包装一下……现在你整体的发展方向，各方面，都有点被抛弃的感觉……,0
2025/3/21 23:55,@Keep Smile?? @小苹果',0
2025/3/21 23:55,南天门在天上呀。[泪奔],0
2025/3/21 23:56,不行我有电量不足恐惧症,0
2025/3/21 23:56,对的,0
2025/3/21 23:56,可以可以，你坐飞机去南天门。,1
2025/3/21 23:56,好牛批 唱这么高的音看起来毫不费力到像配音,0
2025/3/21 23:56,张大嘴巴 怎么说 力量分散不集中,1
2025/3/21 23:56,等明天演唱会的视频吧 也会有这首歌 爽炸,0
2025/3/21 23:56,@胡萝卜拌菠萝 散落的尘 埃～～～～（[玫瑰][玫瑰]）,0
2025/3/21 23:57,@见一面,0
2025/3/21 23:57,@西柚汁?? @民咕咕某乎 牛逼,0
2025/3/21 23:58,确实好听，但还是不如原版。,0
2025/3/21 23:58,这是G6咩[宕机][宕机][宕机],1
2025/3/21 23:58,停车场的路人：[白眼],1
2025/3/21 23:59,好好听，天籁[比心][比心][比心],0
2025/3/21 23:59,@达达矣龘龘 比华晨宇好听哈哈哈哈哈,0
2025/3/21 23:59,因为这视频跟背景音乐是剪辑出来的[捂脸],0
2025/3/21 23:59,？这是华晨宇十年前的歌了[左上],0
2025/3/21 23:59,@单依纯 依依要不要来试试呀～,0
2025/3/21 23:59,爱了怎么办[流泪],0
2025/3/22 0:00,只有霄雲会把原唱标出来[叹气][叹气],0
2025/3/22 0:00,什么时候上海演唱会,0
2025/3/22 0:00,旁边的车灯都没闪   算是高音没上去[尬笑],0
2025/3/22 0:00,稳得一批[疑问],0
2025/3/22 0:00,哪地震了这是，不等停了再唱吗,0
2025/3/22 0:00,好了，宝宝，,0
2025/3/22 0:00,说真的不如原唱,1
2025/3/22 0:01,唱的是真好、晃的我是真受不了,0
2025/3/22 0:01,超越原唱[赞][赞][赞],0
2025/3/22 0:01,天啦这声音,0
2025/3/22 0:01,我爱的云[泣不成声][泣不成声][泣不成声],0
2025/3/22 0:01,就我觉得运镜有感觉嘛[流泪],0
2025/3/22 0:01,百灵鸟,0
2025/3/22 0:01,我对华晨宇的歌很难接受翻唱,0
2025/3/22 0:01,好厉害,0
2025/3/22 0:01,黄霄云是下一个邓紫棋，感觉机能比邓紫棋更强[赞],0
2025/3/22 0:01,突然间觉得她好像南笙,0
2025/3/22 0:01,@卡布叻_周深 周深来一个。想听你唱这个,0
2025/3/22 0:02,内口腔,0
2025/3/22 0:02,@老头?? 太好听了我靠,0
2025/3/22 0:02,甚至不用张嘴[宕机],1
2025/3/22 0:02,谁敢挑战啊,0
2025/3/22 0:02,我说谁呢，唱这么好，原来是你小子[黑脸],1
2025/3/22 0:02,生快！,0
2025/3/22 0:02,[呆无辜][呆无辜][呆无辜],0
2025/3/22 0:03,海豚音不是靠喉咙的,0
2025/3/22 0:03,@毛巾卷 下次唱这个高音你来[飞吻],0
2025/3/22 0:03,那是哨声，不张嘴的,0
2025/3/22 0:03,姐姐，要多开演唱会呀，太喜欢听你唱歌了[耶][舔屏],0
2025/3/22 0:03,那么多换气口你你都没听到嘛[泪奔],0
2025/3/22 0:03,@水原流浪女 头声,1
2025/3/22 0:03,不是头声，是哨声,0
2025/3/22 0:03,她真的好爱这首歌[泪奔][左上],0
2025/3/22 0:03,歌手当打之年入坑[耶],0
2025/3/22 0:04,天籁之音[色][猪头][猪头][猪头][猪头][猪头][猪头],1
2025/3/22 0:04,@鲜花与你兼得,0
2025/3/22 0:04,@大米青 牛啊,0
2025/3/22 0:04,嘴都闭上了从那来的声音,1
2025/3/22 0:04,@川. 快唱一个,0
2025/3/22 0:04,明天见  宝贝！！！！！,0
2025/3/22 0:04,@好烦下雨天 哇哇哇这个高音,0
2025/3/22 0:04,小姨子加油，我们永远支持你,0
2025/3/22 0:04,真声的高音需要嘴张开，看什么吧,0
2025/3/22 0:04,镜头好晃,0
2025/3/22 0:04,一直都很喜欢她,0
2025/3/22 0:05,OMG,0
2025/3/22 0:05,……,0
2025/3/22 0:05,这镜头抖的也太厉害了，都要晕了[晕][晕],0
2025/3/22 0:05,运的什么镜...,0
2025/3/22 0:05,我也,0
2025/3/22 0:05,5.9,0
2025/3/22 0:05,小姨子加油永远支持你,0
2025/3/22 0:05,换个手机吧,0
2025/3/22 0:06,期待明天的现场版,0
2025/3/22 0:06,到广州了，明晚见！[看],0
2025/3/22 0:06,比原唱好多了,0
2025/3/22 0:07,明天晚上见！,0
2025/3/22 0:07,这谁拍的，应该是专门拍的，怎么可以这么晃，这么糊[捂脸],1
2025/3/22 0:07,烟火里的尘埃转人鱼之歌试试[泪奔][泪奔],0
2025/3/22 0:07,我也想直冲霄云,0
2025/3/22 0:08,霄雲代言过他家了[看],0
2025/3/22 0:08,感觉明显的音不对画啊[捂脸],0
2025/3/22 0:09,刚开始以为是哪个网红翻唱，直到点进去主页,0
2025/3/22 0:09,有点像后期录进去的,0
2025/3/22 0:09,运镜运的什么玩意啊[宕机],1
2025/3/22 0:09,感觉现在的节目都不怎么宣传新声代歌手了。,0
2025/3/22 0:10,醒醒，看清是谁[捂脸]我觉得小数点后还能再加几个 9,1
2025/3/22 0:10,出门左拐,0
2025/3/22 0:11,开那么高你自己唱[微笑],0
2025/3/22 0:11,本来就是这样啊[黑脸]有的高音需要张大嘴，有的只要微微张开就可以,0
2025/3/22 0:11,诶你，是和面包有新商务了嘛[舔屏],0
2025/3/22 0:11,提前录好的音频,0
2025/3/22 0:12,就是后期录的,0
2025/3/22 0:12,哇塞 姐姐唱的好棒 火星人祝姐姐巡演顺利,0
2025/3/22 0:12,@neddy 顶尖实力,0
2025/3/22 0:13,厉害啊 真的强,0
2025/3/22 0:13,发声又不是拿嘴皮子发的[憨笑],0
2025/3/22 0:13,@Leonteus 我勒ge[宕机],1
2025/3/22 0:14,她很多都是后配音的,0
2025/3/22 0:14,[调皮],0
2025/3/22 0:14,通透，好听啊！,0
2025/3/22 0:14,大家不要被骗了，其实是摄影师拍的。不是监控[嘘],1
2025/3/22 0:14,实在不会拍，要不然让我来运营吧[捂脸],0
2025/3/22 0:14,唱完了么？我要掀起波澜了啊[白眼],1
2025/3/22 0:14,姐来青岛开吧,0
2025/3/22 0:14,不像人类能发出来的声音,1
2025/3/22 0:14,@法师在搬砖,0
2025/3/22 0:15,@无敌暴暴龙,0
2025/3/22 0:15,黄霄云的头声简直无敌 有穿透又饱满,0
2025/3/22 0:15,2020,0
2025/3/22 0:15,额,0
2025/3/22 0:15,不是，拍摄是非动不可吗，还不如固定机位拍[猪头],1
2025/3/22 0:15,她是唯一一个我觉得真的对味了的翻唱[色],0
2025/3/22 0:16,@雨落穷途 是不是你天天看我都能刷到小号了[泪奔][比心],0
2025/3/22 0:16,不知是美妙的歌喉让我陶醉了，还是奇特的运镜让我眩晕了[看],0
2025/3/22 0:16,@布卡叻＿伊洛 @口袋的天空,0
2025/3/22 0:16,不是，朵莉亚啊,0
2025/3/22 0:16,hcy5.17、5.18也在青岛开，应该是体育场的,0
2025/3/22 0:16,业主投诉，保安大叔来了,0
2025/3/22 0:16,@爱吃香菜(摆烂版) 牛??,1
2025/3/22 0:17,她很厉害,0
2025/3/22 0:17,太棒了！,0
2025/3/22 0:17,是头声，黄霄云不唱哨,1
2025/3/22 0:17,这就是美人鱼吗？这歌喉。太权威了。,0
2025/3/22 0:17,这个音高到不了哨音……得至少到六组以上才用得上，基本上E6一下都用不到基本都是头声,0
2025/3/22 0:17,@bean sprouts 啊～啊～啊～啊～啊～,0
2025/3/22 0:17,听完我头顶麻麻的是怎么回事,0
2025/3/22 0:18,可以去看看真正意义上的华语最强舞美[看],0
2025/3/22 0:18,高音部分，交给我,0
2025/3/22 0:18,她专业的,0
2025/3/22 0:18,让她换个防抖的运镜可好[看],0
2025/3/22 0:19,其实大家多了解一下声乐知识就懂了[呲牙],0
2025/3/22 0:19,@麻瓜,0
2025/3/22 0:20,突然get到这首歌的好听了,0
2025/3/22 0:20,直击我天灵盖啊@李这个小李 好牛,0
2025/3/22 0:20,面包妹妹优秀厉害！花花歌迷当然支持，越来越好！,0
2025/3/22 0:20,14亿*0.0001=14万[捂脸],0
2025/3/22 0:20,因为最后用的是头声，听的话会有一点感觉,0
2025/3/22 0:20,@??C. 我一直觉得她好厉害[黑脸],1
2025/3/22 0:20,非常强,0
2025/3/22 0:20,好晕 我要晕抖音了[憨笑],0
2025/3/22 0:20,你把这首歌唱出了高级感，不俗,0
2025/3/22 0:20,能在现场看到你这个抱头的动作吗[看],0
2025/3/22 0:20,@好想吃面包蛋糕芝士 你如何应对[看],0
2025/3/22 0:20,@网红爱吃八宝粥,0
2025/3/22 0:21,如听仙乐耳暂明,0
2025/3/22 0:21,能不能把这摄影换了，让我来[微笑],0
2025/3/22 0:21,拍的那个不行换我来[你不大行],1
2025/3/22 0:21,买一个手持稳定器很贵吗？@黄霄雲工作室[微笑],0
2025/3/22 0:21,@Syyyyy @噫噫噫,0
2025/3/22 0:21,第一次晕抖音宝宝,0
2025/3/22 0:22,：歪，物业吗，车库的报警器是不是坏了，响了好久,0
2025/3/22 0:22,她非常不稳不修音根本不会这么稳,1
2025/3/22 0:22,金主爸爸来看面包啦[看],0
2025/3/22 0:22,不看评论谁知道这是黄霄雲啊…还以为是路人翻唱呢,0
2025/3/22 0:22,@柠檬不酸????? [发呆][发呆][发呆],0
2025/3/22 0:23,我就说怎么听着这么像黄霄云 原来是本人[泪奔],0
2025/3/22 0:23,@这兔头没熟 [泣不成声],1
2025/3/22 0:24,最后那里好好听[眼含热泪],0
2025/3/22 0:24,这样会给别人的车玻璃震碎吗[舔屏][赞],0
2025/3/22 0:24,谁运的镜？？拉出去打靶,1
2025/3/22 0:24,牛哇好好听,0
2025/3/22 0:25,好牛！,0
2025/3/22 0:25,让子弹飞一会,0
2025/3/22 0:25,绝了,0
2025/3/22 0:25,@呜呼呜呼 @哈库那玛塔塔 @抖音哈哥 @灵感菇哩 @倚楼听风雨. @三两小酒 好牛的海豚音[泣不成声],0
2025/3/22 0:26,等你明天演唱会的视频[送心],0
2025/3/22 0:26,你看看有几个发视频不修音的网红,1
2025/3/22 0:27,@青黛 妈妈，这个是真会炸,0
2025/3/22 0:27,天呐，太好听了[赞][赞][赞][赞],0
2025/3/22 0:27,@进口可爱 好好听[泣不成声][泣不成声][泣不成声],0
2025/3/22 0:27,太强了,0
2025/3/22 0:28,@思雯解,0
2025/3/22 0:28,此女封神了[尬笑],1
2025/3/22 0:29,我以为哪个博主,0
2025/3/22 0:29,团队各方面和营销真的太不行了,1
2025/3/22 0:29,@红烧鱼 好牛啊[色][色][色][色],1
2025/3/22 0:29,太强啦[大笑][大笑][大笑],0
2025/3/22 0:29,@白日梦一篇 你怎么看，不张嘴唱这么高,1
2025/3/22 0:29,@heii,0
2025/3/22 0:29,要不，咱下回换一个掌机[捂脸],0
2025/3/22 0:29,弹性声带，眉间有痣，被持愿过，必然会[爱心]红火,0
2025/3/22 0:30,人家专业的我怎么看,0
2025/3/22 0:30,哈哈哈，流口水了,0
2025/3/22 0:30,我去[泣不成声][泣不成声][泣不成声][泣不成声],0
2025/3/22 0:30,1,1
2025/3/22 0:30,是头声 哨声都是在喉咙上 头声都是天灵盖共鸣,0
2025/3/22 0:30,想听个opera 2的，你懂的,0
2025/3/22 0:30,有人听过郁欢版本的吗？,0
2025/3/22 0:31,对焦都对不上[泪奔],0
2025/3/22 0:31,你真细心,0
2025/3/22 0:31,有本事来济南开演唱会看看实力[抓狂],1
2025/3/22 0:31,这是黄霄云吗，怎么感觉跟之前在歌手大赛的样子完全不一样啊[打脸],1
2025/3/22 0:31,膜拜[求抱抱],0
2025/3/22 0:31,是舞台紧张声音才会不稳吧，日常摄像会非常放松的,0
2025/3/22 0:32,@美麗的哥 我幻想我唱既糸咁,0
2025/3/22 0:32,那特斯拉看了眼哨兵都懵了,0
2025/3/22 0:32,@Together~ 牛逼,0
2025/3/22 0:32,声音配的,0
2025/3/22 0:32,@…Yang…,0
2025/3/22 0:32,@真爱永临（犯困版） 我靠这个高音太牛了,0
2025/3/22 0:33,我说黄霄雲就是吟唱的神好吧，谁赞同谁反对！,0
2025/3/22 0:33,以前是短头发的吗,0
2025/3/22 0:33,@Zy 泰豪庭了[流泪],0
2025/3/22 0:33,34岁了，从小只喜欢香港老一辈的歌，这是我唯一喜欢新一代的小年轻歌手。,0
2025/3/22 0:33,这歌后配的吧,0
2025/3/22 0:34,@stop @睡觉睡觉?? 我的吗这实力,0
2025/3/22 0:34,[比心][比心][比心],0
2025/3/22 0:34,这得欠摄影多钱[捂脸]给视频拍成这样，,1
2025/3/22 0:34,好久不见[看] 来找面包妹了？[舔屏],1
2025/3/22 0:34,天花板,0
2025/3/22 0:34,听过 电音版的那个吗,0
2025/3/22 0:35,@未接通,0
2025/3/22 0:35,太猛了,0
2025/3/22 0:35,chedan,1
2025/3/22 0:35,我去，真的感受到她的强悍了。,0
2025/3/22 0:35,整了[泣不成声]为什么要整,1
2025/3/22 0:35,太真实了[流泪]我音乐表演毕业学的长笛，大学跟着导师还获得了新加坡长笛大师的点评认可，后来的后来..... 现在自家创业在烤饼子[逞强落泪],0
2025/3/22 0:35,我去地库试了，啊~啊~地库里为什么多了几两警车,0
2025/3/22 0:36,我也想学,0
2025/3/22 0:36,脑瓜子嗡嗡的,0
2025/3/22 0:36,你让我去拍，我放到你正面肯定不动,1
2025/3/22 0:36,唱成哀乐了[捂脸],0
2025/3/22 0:36,@Fanfan 想到这我真就... [我想静静],0
2025/3/22 0:37,@大疆OSMO 赞助一个pocket3吧,0
2025/3/22 0:37,现场的，她实力很强不太需要后期配,0
2025/3/22 0:37,头声不需要怎么张嘴,0
2025/3/22 0:37,不是这工作室。。。这运镜好差,1
2025/3/22 0:37,@??奶油桃子??,0
2025/3/22 0:37,别怕，是灯光组,0
2025/3/22 0:37,摄像生怕黄霄雲唱不晕我，硬是把我甩晕了[憨笑][憨笑][憨笑][憨笑][憨笑][憨笑][憨笑],0
2025/3/22 0:38,@相柳 @??风铃??,0
2025/3/22 0:38,该我了[不失礼貌的微笑],0
2025/3/22 0:38,太牛了[流泪]我也很想丝滑的来一个,0
2025/3/22 0:39,换个摄影师吧  要不就让他学学运镜,0
2025/3/22 0:39,还得是你呀,0
2025/3/22 0:39,@柒安. [宕机]看了一会才发现是本人,0
2025/3/22 0:39,太太 太好听了[愉快],0
2025/3/22 0:40,看发声位置，她这是头声，不需要张大嘴,0
2025/3/22 0:40,再续前缘[看],0
2025/3/22 0:40,欢迎那个自称华语乐坛永远的神来战[呲牙],1
2025/3/22 0:40,快点@好想吃面包蛋糕芝士 ，盖过她[捂脸],1
2025/3/22 0:40,要是黄霄云跟我一起吃饭我要不要跟她AA制[暗中观察],0
2025/3/22 0:40,差不多吧，我对她的印象还是停留在几年前唱星辰大海的样子，短发而且英姿飒爽的感觉，现在感觉美妆的有点多[泪奔],0
2025/3/22 0:41,天赋加勤学苦练吧,0
2025/3/22 0:41,[玫瑰],0
2025/3/22 0:41,我嘞个豆，其实我原本打算也长这样的嗓子的,0
2025/3/22 0:41,他就是原唱呀[宕机],0
2025/3/22 0:42,@桥本晴晴子,0
2025/3/22 0:42,好兴奋啊睡不着了,0
2025/3/22 0:42,??真的好好听,0
2025/3/22 0:42,@KUMA @小米粥 @番番番番茄大王 [恐惧],1
2025/3/22 0:43,今天有没有诀爱听，想听诀爱[一头乱麻][一头乱麻][一头乱麻],0
2025/3/22 0:43,他甚至不张嘴。。。。,1
2025/3/22 0:43,监控还会运镜[泣不成声],0
2025/3/22 0:43,@AJ_9416,0
2025/3/22 0:44,他是怎么张着小小嘴巴 哼出这么大的声音的,0
2025/3/22 0:44,@?? @你买的小饼干 @啾咪 @迷糊戎 @@北y一梦 这居然是人能发出来的声音,1
2025/3/22 0:44,你是真的真的声音直冲九天霄云[泪奔],0
2025/3/22 0:44,但这是华晨宇的歌[黑脸],1
2025/3/22 0:44,拿座机拍的吗[黑脸],1
2025/3/22 0:44,有当爱 决爱应该是没有[尬笑],0
2025/3/22 0:45,预计26W赞,0
2025/3/22 0:45,哼鸣头声,0
2025/3/22 0:45,强烈反对[流泪],1
2025/3/22 0:45,我也没张嘴啊，咋唱不出来,0
2025/3/22 0:46,我认识个姐姐 她能跟你有得一拼！@好想吃面包蛋糕芝士,0
2025/3/22 0:46,超喜欢这首歌，特别是黄霄云这个版本,0
2025/3/22 0:46,好听[鼓掌],0
2025/3/22 0:46,哇哦,0
2025/3/22 0:47,半张的，不靠张大嘴喊,1
2025/3/22 0:47,技巧超级强[流泪][流泪][流泪]现在还加了感情无敌了这位姐,0
2025/3/22 0:47,今晚广州场有票[大笑]，可以现场听[坏笑],0
2025/3/22 0:47,而且也没有自称啊，是营销号黑所以咱们才顺其而行的说华宇乐坛，没想到还是有那么多的不知道什么玩意的东西被牵着鼻子走[黑脸]?????♀?,1
2025/3/22 0:48,这种拍摄手法[尬笑]如果不是声音吸引我，谁会多停留一秒？[思考],1
2025/3/22 0:48,好了，我已经知道你是你了,0
2025/3/22 0:48,凤鸣九天,0
2025/3/22 0:48,@AoiShadow青井影 [黑脸],1
2025/3/22 0:48,@Miss Luo_ 好听,0
2025/3/22 0:48,@??Y????? nb,0
2025/3/22 0:49,@晃悠的Daisy_雏菊 @小张要努力学,0
2025/3/22 0:49,摄像师可以站远点横着拍吗[流泪],0
2025/3/22 0:50,阴间,1
2025/3/22 0:50,准备睡得，刷到了，这声音把我困意都扫光了[泣不成声],0
2025/3/22 0:50,不愧是黄霄云[泣不成声],0
2025/3/22 0:50,我们火姐就是棒[抱抱你],0
2025/3/22 0:50,后面的高音是认真的吗？[泣不成声],0
2025/3/22 0:50,@Aaaa.爱马仕批发陈姐 @别恋 好高[捂脸],0
2025/3/22 0:51,好高，我靠好牛逼,1
2025/3/22 0:51,9.9W,0
2025/3/22 0:51,@暖阳?? 我掉[泪奔],0
2025/3/22 0:51,为什么我一点暂停面包就不唱了[抠鼻],0
2025/3/22 0:51,华的好听[看],0
2025/3/22 0:51,华晨宇演唱会是不是没来过嘉宾吧[看]我有一个大胆的想法………,0
2025/3/22 0:52,厉害,0
2025/3/22 0:52,这就是天籁[惊喜],0
2025/3/22 0:52,当然 实力在那[捂脸],0
2025/3/22 0:53,@糖炒栗子,0
2025/3/22 0:54,@我易怒怎么你了 @佳期?? @我吃吃吃 @阿衰 @惠惠惠L? @大大怪将军 @姆姆天下第一 @鹤辞,0
2025/3/22 0:54,有一说一，面包头声太顶尖了，真没几个有她这口腔和表情的控制水准的,0
2025/3/22 0:55,这个摄像真的是[听歌][听歌][听歌][听歌],0
2025/3/22 0:55,想听 @刘美麟 姐姐唱[泣不成声][泣不成声][泣不成声],0
2025/3/22 0:55,百万的歌声五毛的运镜手法[听歌][听歌][听歌][听歌],0
2025/3/22 0:56,@^C nb,1
2025/3/22 0:56,@瑶啊瑶 哇趣,0
2025/3/22 0:56,只有她唱的不刺耳唉！好听耳朵盛宴[飞吻][飞吻],0
2025/3/22 0:57,窝草是真人。我在楼顶听到了,0
2025/3/22 0:57,[流泪]有 方大同,0
2025/3/22 0:58,怎么做到的,0
2025/3/22 0:58,虽然很高  但是听感并不觉得多好听  我觉得还是华晨宇唱的好听,0
2025/3/22 0:58,@GGboy,0
2025/3/22 0:59,不是现场音频[微笑],0
2025/3/22 0:59,他就是很厉害,0
2025/3/22 1:00,@xia 好好听,0
2025/3/22 1:00,今晚见[流泪][流泪][流泪],0
2025/3/22 1:00,[偷笑],0
2025/3/22 1:00,[发呆],0
2025/3/22 1:00,[捂脸][捂脸],0
2025/3/22 1:01,就不能好好拍吗，眼睛都看花了,1
2025/3/22 1:02,说啥呢。这是华晨宇的歌,0
2025/3/22 1:02,我就看过一次，希望他今年还来鸟巢，把这个妹妹也带来[不失礼貌的微笑][不失礼貌的微笑][不失礼貌的微笑],0
2025/3/22 1:02,那也不至于不用张嘴呀[捂脸],0
2025/3/22 1:02,一开始想着能唱上去吗，竟然上去了？后面想这么轻松？？？一看名字，黄霄云，是了，那没问题的,0
2025/3/22 1:02,唱的确实好 人也长得好 离爆火就差一首好听的原唱其实,0
2025/3/22 1:02,好厉害,0
2025/3/22 1:03,[泪奔]如果我没看到她在唱歌，我将在地库瑟瑟发抖,0
2025/3/22 1:04,拍摄的 不看名字我真的不知道是黄霄云[捂脸][捂脸],0
2025/3/22 1:04,太晃了,0
2025/3/22 1:04,明天就能见面了,0
2025/3/22 1:04,嗯好听，不过还是原唱更好听一些！,0
2025/3/22 1:04,@赵Zz [泪奔],0
2025/3/22 1:05,换个拍摄吧  这么好听！！！,0
2025/3/22 1:05,广州见[舔屏],0
2025/3/22 1:05,还好我关注了。不然以为是路人随便拍的[九转大肠],0
2025/3/22 1:05,摄影师换了吧 看得我晕头转向的 还没看清楚人,0
2025/3/22 1:06,想让你教我唱歌[流泪],0
2025/3/22 1:06,唱的好好听，摄影师也很手抖,0
2025/3/22 1:06,小姨妈[泪奔],0
2025/3/22 1:06,这是我的小女神…黄霄云[感谢][赞][赞][赞][赞][赞][赞][赞][赞][送心][送心][送心][送心][送心][送心][送心][送心][送心][送心]格莱美最佳小女侠,0
2025/3/22 1:07,能娶到黄霄云当老婆的男人你对她不好我一定不会放过你,1
2025/3/22 1:07,10.8,0
2025/3/22 1:07,定期存款利率3%,0
2025/3/22 1:07,[看]在哪里我去偶遇,0
2025/3/22 1:07,上一次见你还是在左手指月那次[九转大肠],0
2025/3/22 1:08,这不专业的摄像  也太稀碎了,1
2025/3/22 1:08,别唱了，保安来了,1
2025/3/22 1:08,手机拍的！,0
2025/3/22 1:08,可恶！！！打赌这条赞不能有我的高！！！！,1
2025/3/22 1:08,今天就会有了[看],0
2025/3/22 1:08,@滚,1
2025/3/22 1:10,这拍的我以为是某准备起号的小网红呢，仔细一看原来是大明星。,0
2025/3/22 1:11,摄影师是以前打饭阿姨吗,1
2025/3/22 1:11,@落叶满长安 你懂吗这个高音我天,0
2025/3/22 1:12,必须懂啊！！我也很喜欢这部分！！,0
2025/3/22 1:13,"不是,这么牛！",0
2025/3/22 1:13,别闹，学院派没一个差的[看],0
2025/3/22 1:13,我来上海看F1了，时间重叠错过了广州站[流泪],0
2025/3/22 1:13,这是用的歌曲配音还是地下车库原音,0
2025/3/22 1:14,好好唱，答应我千万别学那个“天乖乖，地乖乖”哈,1
2025/3/22 1:14,我看看你嗓子里面有啥,1
2025/3/22 1:15,镜头稳点呀，业余都不算,1
2025/3/22 1:15,哼[撇嘴]我要休息啦！！晚上见！！！！,0
2025/3/22 1:16,我好爱,0
2025/3/22 1:16,因为她就是那0.01%啊[捂脸],0
2025/3/22 1:17,快点去休息！！！！,0
2025/3/22 1:17,海妖,0
2025/3/22 1:17,华晨宇的《烟火里的尘埃》曲好词好，怎么唱都不会太难听。,0
2025/3/22 1:17,捉[黑脸],1
2025/3/22 1:17,@阿聪铁憨憨,0
2025/3/22 1:17,来深圳开我免费接送[看],0
2025/3/22 1:17,抓[看],0
2025/3/22 1:17,面包今晚见[送心],0
2025/3/22 1:18,早点睡觉哦,0
2025/3/22 1:18,这个有点牛的,0
2025/3/22 1:18,抓,1
2025/3/22 1:18,抓住你了,1
2025/3/22 1:18,好好听啊,0
2025/3/22 1:18,啊抓抓抓[色][色][色],1
2025/3/22 1:18,我知道这是花花的歌，我说的是黄霄云唱的歌，没有指定她原唱的歌,0
2025/3/22 1:18,还不睡，让我抓住了,0
2025/3/22 1:18,姐 真强[宕机],0
2025/3/22 1:18,尊嘟太好听了[流泪],0
2025/3/22 1:18,一直都是爱你的[玫瑰],0
2025/3/22 1:18,快点克睡觉了[暗中观察],0
2025/3/22 1:18,抓到在线的??[惊讶][惊讶][惊讶][惊讶],0
2025/3/22 1:18,捉[耶],0
2025/3/22 1:19,无论哪个都是她唱的,0
2025/3/22 1:19,好听,0
2025/3/22 1:19,哈哈哈，本人来了，没想到随便一唱被录下来了,0
2025/3/22 1:19,捉,0
2025/3/22 1:19,@Aurora . @ti 我去这个吟唱好美[泣不成声],0
2025/3/22 1:19,再过今年姐会不会去参加浪姐,0
2025/3/22 1:19,我是说黄霄云唱的歌，没有说是黄霄云的歌，能理解二者的分别吗？,0
2025/3/22 1:19,@Zhangyt,0
2025/3/22 1:19,小姐姐高音比我讲话还轻松,0
2025/3/22 1:19,我的梦中情嗓,0
2025/3/22 1:19,再捉[小鼓掌],0
2025/3/22 1:19,晚上见啦[色][玫瑰],1
2025/3/22 1:19,抓,1
2025/3/22 1:19,哼，我要准备看你演唱会了[酷拽][酷拽],0
2025/3/22 1:20,该睡觉啦,0
2025/3/22 1:20,眯着眼看的，咦这女的这么厉害？不会是黄霄云吧[泪奔],0
2025/3/22 1:20,抓[色],1
2025/3/22 1:20,大晚上的地下停车场,0
2025/3/22 1:20,快点睡觉！,0
2025/3/22 1:20,晚上见[舔屏],0
2025/3/22 1:20,抓紧休息,0
2025/3/22 1:20,才过4分钟，肯定没休息,0
2025/3/22 1:20,晚上见！！！面包好好休息！！！,0
2025/3/22 1:20,黄霄雲姐姐肯定还没睡觉,0
2025/3/22 1:20,不会只有我注意到后面有辆红旗h5吧[偷笑],0
2025/3/22 1:21,好了不许你打扰黄霄雲女士休息了[舔屏],1
2025/3/22 1:21,你莫睡，起来嗨,0
2025/3/22 1:21,因为大嘴巴不代表能唱高。反而是她嘴里的空间够，软腭要抬高，声音从头出来,0
2025/3/22 1:21,[抱抱你]早点睡，明天还得演唱会呢，身体很要紧！,0
2025/3/22 1:21,越来越近了[看],0
2025/3/22 1:21,又多了个喜欢的歌手,0
2025/3/22 1:21,假声肯定比真声好唱,0
2025/3/22 1:21,原来那天是你呀[看],0
2025/3/22 1:22,太好听了！,0
2025/3/22 1:22,好厉害[玫瑰],0
2025/3/22 1:22,不看主页还以为是粉丝,0
2025/3/22 1:22,@你的硬核女友～,0
2025/3/22 1:22,快休息,0
2025/3/22 1:22,你是戏精吗[捂脸][看],1
2025/3/22 1:22,没买到明天480的，我看880还有剩能不能打折卖我张,0
2025/3/22 1:23,今天在宝能抓面包[呲牙],0
2025/3/22 1:23,姐呐  让团队买给稳定器叭[流泪][流泪],0
2025/3/22 1:23,先别休息，先回我[比心]么么哒,0
2025/3/22 1:23,盲猜还没有睡,0
2025/3/22 1:23,两位都去睡吧，明天演唱会都得上场不是[送心],0
2025/3/22 1:23,抓,1
2025/3/22 1:24,快快快休息 [色],1
2025/3/22 1:24,@Johnson.Yang??,0
2025/3/22 1:24,可以唱唱杨宗纬的歌吗？,0
2025/3/22 1:24,快点睡觉,0
2025/3/22 1:24,好稳,0
2025/3/22 1:24,我还真没看谁发的就点赞了,0
2025/3/22 1:25,@威尔W,0
2025/3/22 1:25,啊呀[舔屏]姐姐早点休息啦[抱抱你],0
2025/3/22 1:25,面包面包面包面包面包[大笑][大笑][大笑][大笑][大笑]晚安啦,0
2025/3/22 1:25,太强了[捂脸],0
2025/3/22 1:25,出现了，头腔大共鸣术[苦涩],0
2025/3/22 1:25,面包你激动吗嘛！,0
2025/3/22 1:25,还不睡！是明天要见我们激动得睡不着吗[白眼],0
2025/3/22 1:26,朵...朵莉亚？？？[发呆][发呆][发呆],0
2025/3/22 1:26,啊？   本人？,0
2025/3/22 1:26,我也是,0
2025/3/22 1:26,黄霄云的换气声好奇怪,1
2025/3/22 1:26,好想吃你凑啥热闹啊开演唱会的可是小雲好吧,1
2025/3/22 1:26,好听是真的，但我要是在车库里突然听到也会被吓到[黑脸][黑脸],0
2025/3/22 1:26,你的声音到了我的盆腔 口腔 脑腔 机关枪,1
2025/3/22 1:26,真厉害[流泪],0
2025/3/22 1:26,快去休息呀面包,0
2025/3/22 1:27,好想吃都怪你 我雲被你气的还没睡觉 你付得起责任嘛,1
2025/3/22 1:28,感觉唱的已经很像黄霄雲了,0
2025/3/22 1:28,地库走路的人会不会害怕[大笑][大笑][大笑],0
2025/3/22 1:29,去休息啊，不要通宵了啊[泣不成声][泣不成声][泣不成声],0
2025/3/22 1:29,有没有可能这是本人,0
2025/3/22 1:29,这就是黄霄雲,0
2025/3/22 1:30,早点睡早点睡,0
2025/3/22 1:31,摄影扣分,1
2025/3/22 1:31,这是小法师遇见了魔导师～,0
2025/3/22 1:32,[再见],0
2025/3/22 1:32,唔~,0
2025/3/22 1:32,姐！你是我的神,0
2025/3/22 1:32,你怎么嘴巴不张开就可以唱歌了啊，可以教教我[流泪][流泪],0
2025/3/22 1:33,捉[看],0
2025/3/22 1:33,要是给明星摄像是这水平的话我觉得我也行,0
2025/3/22 1:33,现在不是晚上吗！,0
2025/3/22 1:33,@Jay-半岛铁盒 @语. @0601 @Bill实名心动. @暖冬. 牛逼,0
2025/3/22 1:33,还没睡,0
2025/3/22 1:33,这镜头抖的..,0
2025/3/22 1:34,我想请问一下：后面那一整段是从哪发出来的音 没看见张大嘴啊 就是这么哇塞ma,1
2025/3/22 1:34,乐佰益返场好吗,0
2025/3/22 1:34,太惊艳了[大笑][玫瑰][玫瑰][玫瑰],0
2025/3/22 1:34,以前我看不上你 现在我高攀不起你 现在你是我的粉丝,1
2025/3/22 1:34,你啊你头啊啊[微笑],0
2025/3/22 1:34,@wwwww,0
2025/3/22 1:34,缅北的来了[鼓掌][鼓掌][鼓掌],1
2025/3/22 1:35,早点睡,0
2025/3/22 1:35,我也没睡[看],0
2025/3/22 1:35,随意点也好其实,0
2025/3/22 1:35,嗓子里面卡了什么乐器,1
2025/3/22 1:36,快休息,0
2025/3/22 1:36,极致的技术头声，后面有哨音。太强了,0
2025/3/22 1:36,@W激推（尝试戒赌版） @顾小白 @一只良. @虫观 @还是小言?? @Lion??,0
2025/3/22 1:36,同感,0
2025/3/22 1:36,什么[发呆],0
2025/3/22 1:36,今晚见啦,0
2025/3/22 1:38,左下角也有写啊[不失礼貌的微笑],0
2025/3/22 1:38,因为她是黄霄云[捂脸][捂脸][捂脸][捂脸],0
2025/3/22 1:38,我手机边上坏了[泣不成声],0
2025/3/22 1:38,不管了，[咒骂]呀啦索！！,1
2025/3/22 1:39,唱的很好、我比较自私抽烟离我远点、,0
2025/3/22 1:39,快去休息！！！[钱],0
2025/3/22 1:39,睡着了没??[机智],0
2025/3/22 1:40,能不能别晃别转了，影响我看脸,1
2025/3/22 1:40,关键这个画质，这特效，这手抖的，这死亡角度，生怕人火了一样哈哈哈哈哈,1
2025/3/22 1:40,加油，你就是你,0
2025/3/22 1:40,明天见，噢不今天见,0
2025/3/22 1:41,早点睡觉,0
2025/3/22 1:41,@Lynna??500岁的呐呐,0
2025/3/22 1:41,还得是我姐[二哈][二哈][二哈][二哈][二哈],0
2025/3/22 1:41,这监控质量不行我来当监控,0
2025/3/22 1:41,我也想拥有这么一个肺[泣不成声],0
2025/3/22 1:41,不是用嘴 是用头腔共鸣,0
2025/3/22 1:41,答应我,0
2025/3/22 1:42,早点睡觉包[色],1
2025/3/22 1:42,是啊[泪奔][泪奔],0
2025/3/22 1:42,??快睡觉啊，不要熬夜[流泪][流泪][流泪],0
2025/3/22 1:42,不是，太强了，真的太强了,0
2025/3/22 1:43,唉，还是人太多了，特别现在行业收缩的很厉害，特别直观的感受到，小行业也变得竞争激烈,0
2025/3/22 1:43,一般户外都是配哦，因为有杂音嘟[好开心]反正都是本人唱，无所谓,0
2025/3/22 1:43,新加坡: 第一次见面怎么也得给学员留个好印象，毕竟花了钱,0
2025/3/22 1:44,九字回家吗顺便带上这个工作团队一起会好吗[听歌][强壮],0
2025/3/22 1:44,晚上见！！！！！,0
2025/3/22 1:45,关注到你了,0
2025/3/22 1:45,还以为又是谁在配如音[看]结果是你[看],0
2025/3/22 1:46,其实大多数都知道第一，第二即使你再优秀，都不会被提到[泪奔]能记住第二的，只有和他竞争的，和第一,1
2025/3/22 1:46,摄影师转圈哆嗦？是车库冷吗,0
2025/3/22 1:47,憋笑挑战是吗？好吧我尿了,1
2025/3/22 1:47,摄像师录的时候,0
2025/3/22 1:48,可恶,1
2025/3/22 1:49,快休息，晚上见[送心],0
2025/3/22 1:49,一听还挺有实力的，镜头给近景后，哟长得还挺像黄霄雲，直到打开评论区才发现是本尊[泪奔],0
2025/3/22 1:49,不会拍开除,1
2025/3/22 1:50,哈哈哈，这运镜,0
2025/3/22 1:53,牛,0
2025/3/22 1:53,@不是白米粥 @巨大的蟹 @Edenn,0
2025/3/22 1:53,晚上见[泣不成声],0
2025/3/22 1:54,从好声音我就一直爱你[泣不成声][泣不成声][泣不成声],0
2025/3/22 1:54,你最好[黑脸]好好休息，小面包，今晚见,0
2025/3/22 1:54,脑袋瓜子在啊的那一下产生了共鸣,0
2025/3/22 1:55,晚上见！！！,0
2025/3/22 1:55,牛逼[赞],0
2025/3/22 1:55,好听 好听 好听[玫瑰][玫瑰][玫瑰][玫瑰][玫瑰],0
2025/3/22 1:55,海豚音,0
2025/3/22 1:55,救命 太好听了[流泪][流泪][流泪],0
2025/3/22 1:56,太厉害了  姐[爱心][爱心][爱心],0
2025/3/22 1:56,@高冷忧郁胃病禁欲霸道总裁,0
2025/3/22 1:56,今晚见哦[耶][耶][耶],0
2025/3/22 1:56,@咒语,1
2025/3/22 1:56,半夜去开车吓我一跳，原来是你,0
2025/3/22 1:57,姐姐我觉得你差一个摄影，你看我可以不,0
2025/3/22 1:57,哇，是她,0
2025/3/22 1:58,[玫瑰][玫瑰],0
2025/3/22 1:58,好想吃女士什么时候更新视频呢，还在黄霄雲女士评论区逛[看],0
2025/3/22 1:58,第一次听我以为你就是原唱[偷笑],0
2025/3/22 1:58,头腔打开她应该是内口腔开的很好[泪奔]你可以去看她的木偶之歌我学这个的,0
2025/3/22 1:59,你骗人，你根本没睡[尬笑],1
2025/3/22 1:59,我憋气都憋不了这么久[愉快],0
2025/3/22 1:59,赶紧休息，拿出最好的状态,0
2025/3/22 2:01,该睡啦！,0
2025/3/22 2:02,我試過張大嘴衝高音，會很有阻礙而且感覺聲音不會很遠,0
2025/3/22 2:02,和周深一样都是贵州的，真的是给贵州人追着喂饭[捂脸],0
2025/3/22 2:03,[尬笑][尬笑][绝望的凝视],1
2025/3/22 2:04,今天1200得效果差不多,0
2025/3/22 2:04,我不行,0
2025/3/22 2:04,姓华的敢一起唱吗？,1
2025/3/22 2:04,太太太好听啦,0
2025/3/22 2:04,@痞颜好痒,0
2025/3/22 2:05,原唱谁？,0
2025/3/22 2:06,你是哪疼吗[看],1
2025/3/22 2:06,@正常名字,0
2025/3/22 2:09,@Gy.氧气?? 你,1
2025/3/22 2:09,挺喜欢他的    但是为啥上节目跟国外那场  全开麦  到处是破音？,0
2025/3/22 2:09,这爆发力 爱了[比心],0
2025/3/22 2:10,声音早已熟悉 但是这换气是真的顶啊刚发现,0
2025/3/22 2:11,大半夜在停车场这样会吓死人的,0
2025/3/22 2:11,能来美国开演唱会吗,0
2025/3/22 2:12,技巧。强混,0
2025/3/22 2:12,快睡[看],0
2025/3/22 2:12,@今天吃兔兔了吗？,0
2025/3/22 2:13,@疯狂码字人 [爱心],0
2025/3/22 2:13,因为不用咬字,0
2025/3/22 2:13,不愧是你，鸡皮疙瘩起来了[玫瑰],0
2025/3/22 2:14,他都没开口叫[捂脸],0
2025/3/22 2:15,厉害,0
2025/3/22 2:16,海豚音,0
2025/3/22 2:17,摄影很好，下次换一个[不失礼貌的微笑]，动物频道,0
2025/3/22 2:17,@???? 好爱,0
2025/3/22 2:18,不信,1
2025/3/22 2:19,这是正规团队吗[捂脸],0
2025/3/22 2:19,@绵绵啊 这也太轻松了后面,0
2025/3/22 2:20,转的头晕了老铁,0
2025/3/22 2:20,嘴张开就不会有那么长的高音了，气会不够！,0
2025/3/22 2:21,只是把海豚音拔高了，一个新的高度[泣不成声],0
2025/3/22 2:21,黄霄雲团队的拍摄手法有一种生怕她火了的感觉[微笑][左上],1
2025/3/22 2:21,设备还有心态都是很大问题,1
2025/3/22 2:22,什么来的[咒骂][咒骂][咒骂],1
2025/3/22 2:22,太高了,0
2025/3/22 2:23,晃得头晕[泪奔],0
2025/3/22 2:24,太牛啦[玫瑰][玫瑰],0
2025/3/22 2:24,期待大火[猪头],1
2025/3/22 2:25,"小心把汽车玻璃震碎了。[泣不成声]
不过监控应该拍不到。",1
2025/3/22 2:26,海豚音[666][666][666],0
2025/3/22 2:27,好听死了,0
2025/3/22 2:27,来太原开演唱会,0
2025/3/22 2:28,@哈哈哈哈哈 好听死了[流泪][流泪],0
2025/3/22 2:28,刚看我还想呢，唱的挺好听，一看，黄[大笑][大笑],0
2025/3/22 2:28,少去地下停车场练歌[泪奔]  氡气高致命,0
2025/3/22 2:29,这对黄霄雲来说蛮轻松的吧～,0
2025/3/22 2:30,我不是说不用张嘴，我说的是不需要长大嘴……声乐唱法里有个东西叫哼鸣，常用于开嗓，哼肯定不用张嘴啊，我们常说哼多高就能唱多高，我们练声肯定要练到B5或者再更高的，你看着她没张嘴，其实还是长了一点点，其实是这种哼不需要咬字，只需要打开内口腔抬上颚就可以了，你肯定知道腹语吧，就是不张嘴说话，说话不是用嘴巴是用声带，嘴巴只是负责咬字，后面的高音没有咬字所以嘴唇的作用就不大,0
2025/3/22 2:30,唱歌,0
2025/3/22 2:30,@EX·BKH,0
2025/3/22 2:30,她的歌  真的值得被爱[比心],0
2025/3/22 2:30,快拍成杨超越了[泪奔],0
2025/3/22 2:31,OK后天我也这么拉你不炸了吗,1
2025/3/22 2:31,这到底怎么才能唱出来[流泪][流泪],0
2025/3/22 2:31,男朋友拍的  气不气？[宕机],0
2025/3/22 2:32,888,0
2025/3/22 2:32,@??啵唧一口可乐?? 我的天灵盖[猪头],1
2025/3/22 2:32,要是这首歌是黄霄云的，我早就粉了[九转大肠][九转大肠][九转大肠][九转大肠],0
2025/3/22 2:32,没看名字 我以为是假唱拿别人的 [捂脸][捂脸][捂脸],0
2025/3/22 2:33,监控？来保安咱俩聊聊你这个设备问题[暗中观察],1
2025/3/22 2:33,@快乐小达 好听好听救命,0
2025/3/22 2:34,《你在搞笑吗 》太洗脑了[捂脸],0
2025/3/22 2:34,太牛了啊啊啊啊啊啊啊啊啊啊啊,0
2025/3/22 2:35,妹儿歌声起飞[赞][赞][赞][赞][赞][比心],0
2025/3/22 2:36,想的好,0
2025/3/22 2:38,真的是人可以发出来的声音,1
2025/3/22 2:38,来一个[调皮],0
2025/3/22 2:38,摄影师你被开除了[憨笑][赞],1
2025/3/22 2:39,体育场他基本上不请嘉宾的，只有早年请过[黑脸],0
2025/3/22 2:39,机能这么强，能不能不转头声到C6先。[捂脸],0
2025/3/22 2:39,啊啊啊啊啊啊左手指月的时候就很看好的姐，太厉害了,0
2025/3/22 2:39,你是啊,0
2025/3/22 2:41,@姜楠凌涛 @哈哈kkk @白日梦想家 除了邓紫棋，最想去看演唱会的,0
2025/3/22 2:41,@????,0
2025/3/22 2:41,一首《带我去很远地方》成功入坑,0
2025/3/22 2:42,@噼里啪啦小陈砸 @装自愈 好屌,1
2025/3/22 2:43,你前女友还说永远爱你呢 [白眼],1
2025/3/22 2:43,@花开花落 我校园歌手唱这个,0
2025/3/22 2:44,歌声给我一种胸怀宽广的感觉,0
2025/3/22 2:44,@咪西咪西 妹子我可以听你唱吗,0
2025/3/22 2:44,可以呼吸的,0
2025/3/22 2:45,没能听到也是一大憾事,0
2025/3/22 2:45,很年轻，很有实力，很好看的女歌手，为什么火不起来看看你这个摄像就知道为啥了[泪奔],1
2025/3/22 2:45,这运镜还不如我[捂脸][捂脸],0
2025/3/22 2:45,？录视频[灵机一动][灵机一动],0
2025/3/22 2:46,5月有个王者的音乐节[看],0
2025/3/22 2:46,漂亮,0
2025/3/22 2:46,@好想吃面包蛋糕芝士 看看人家，你不行阿,1
2025/3/22 2:46,这口气比我命都长[发呆],0
2025/3/22 2:46,他的嘴巴是不是都没有动,0
2025/3/22 2:46,[比心][一起加油],0
2025/3/22 2:46,这摄像别说是工作了，就是男朋友都得分[微笑],1
2025/3/22 2:46,看起来不象飙高音[疑问]（无恶意）,0
2025/3/22 2:47,如果我来拍，我雲妹就是天仙[比心],0
2025/3/22 2:49,高音不是张大嘴喊出来的，,0
2025/3/22 2:49,嘴型是O型的好吗,0
2025/3/22 2:50,头声嘴巴有条缝出气就够了[干饭人],1
2025/3/22 2:50,这样唱果然才好听,0
2025/3/22 2:50,好晕,0
2025/3/22 2:50,第一眼还以为是唐悠悠[捂脸],0
2025/3/22 2:51,爽,0
2025/3/22 2:51,果然唱歌得看人,1
2025/3/22 2:51,收音怎么这么好？用什么录的,0
2025/3/22 2:51,头声飙高音嘴巴张太大了反而破坏共鸣腔体唱不出来,0
2025/3/22 2:52,你可以看她现场视频，她飙高音就是不会特别张大嘴那种，她是中央音乐学院第一[泪奔],0
2025/3/22 2:53,彩礼需要多少[抠鼻],0
2025/3/22 2:53,[泣不成声]姐 翻唱下不重逢,0
2025/3/22 2:54,人家飙高音是共鸣腔发声，嘴巴不需要有大动作,0
2025/3/22 2:55,姐姐晚上见！！！我在坐火车来看你[泣不成声],0
2025/3/22 2:55,@ZHU,0
2025/3/22 2:56,晚上见！！！！！！！！！啊啊啊啊啊啊啊啊啊[大哭],0
2025/3/22 2:56,[流泪],0
2025/3/22 2:56,我还以为我手机坏了,0
2025/3/22 2:57,人家内口腔完全打开了不需要外口腔来带动 这就是技术特别厉害的体现[黑脸],0
2025/3/22 2:57,终究是年少轻狂啊，以后上了岁数还唱不唱了[大笑],1
2025/3/22 2:58,音是气息推出来的，而且假音只要音域够宽共鸣够好就随随便便，又不需要嘴巴长得很大,0
2025/3/22 2:58,我拍的都比这强，这手法拍我朋友肯定绝交了,1
2025/3/22 2:59,别晃了……头晕了都,0
2025/3/22 2:59,她真好看,0
2025/3/22 2:59,太牛了吧这也,0
2025/3/22 2:59,你休息 又不是小黄休息[尬笑],1
2025/3/22 3:01,[流泪][流泪][流泪]凌晨五点就要去赶高铁见黄霄雲了，现在浑身发抖，心脏砰砰砰跳的停不下来，手脚冰凉的没有一点知觉，激动的我不知道怎么办才好，手心脚心也一直不停不停的冒汗，每一个细胞都在疯狂躁动，我不知道我甚至无法想象我真的真的会见到黄霄雲，我觉得我的每个毛细血管都要激动的爆开了[流泪][流泪][流泪][流泪][流泪][流泪],0
2025/3/22 3:03,到底谁拍的[微笑][微笑][微笑],0
2025/3/22 3:03,我甚至甚至现在哭的完全完全停不下来停不下来，我居然能见到黄霄雲了，我可以见到了，我一遍又一遍的确认我要见到黄霄雲了,0
2025/3/22 3:04,[玫瑰],0
2025/3/22 3:04,要不考虑换个拍摄团队？,0
2025/3/22 3:04,我生怕车库里汽车的玻璃共振碎了[捂脸],0
2025/3/22 3:05,内口腔打很开啦[色],1
2025/3/22 3:06,@北极甜虾 @下着雨 我去[流泪],0
2025/3/22 3:09,恭喜啊,0
2025/3/22 3:09,这拍摄手法真牛批，老子还纳闷这哪个路人唱她歌这么轻松呢？,0
2025/3/22 3:09,everyone in my family hates me,1
2025/3/22 3:10,担心车玻璃,0
2025/3/22 3:10,[赞][赞][赞],0
2025/3/22 3:10,运镜运得很好，下次别运了[再见],1
2025/3/22 3:11,@Vinida ?? 实力唱将，就是还不够??,0
2025/3/22 3:11,@小猫吐司,0
2025/3/22 3:11,呜呜呜呜，谢谢你[流泪][流泪][流泪]，真心祝愿你永远幸福永远快乐！！！,0
2025/3/22 3:11,让姐妹跑快点,0
2025/3/22 3:11,摄像扣分，扣大分,1
2025/3/22 3:11,真的真的真的谢谢你，很谢谢你,0
2025/3/22 3:12,这波她在大气层，她就等着你们说对嘴然后放出演唱会视频[泣不成声],1
2025/3/22 3:12,我也可以[捂脸][捂脸],0
2025/3/22 3:12,记得休息 老乡[捂脸],0
2025/3/22 3:14,为什么要在车库唱歌  那样是不是有回音[疑问],0
2025/3/22 3:15,@二十一一,0
2025/3/22 3:15,@iiniL2,0
2025/3/22 3:16,@长安的荔枝,0
2025/3/22 3:17,@小桂子（到处乱逛版） @canyon @zzz多给时间睡大觉 [发呆],0
2025/3/22 3:20,拼多多说你比百分之99的人都幸运[看],0
2025/3/22 3:22,听你唱这首歌我彻底被洗脑了,0
2025/3/22 3:26,别拍了，头晕,0
2025/3/22 3:26,嗯嗯,0
2025/3/22 3:29,那需要看假声到什么高度什么质量！要不人人都是迪玛希，都是维塔斯了……,0
2025/3/22 3:30,@落雨. 我也想唱歌好听,0
2025/3/22 3:31,个人觉得是最好听的一版[赞],0
2025/3/22 3:31,唯一我是歌手2024失误蛮多的，可惜了，不过亚亚太强了 无人能敌了[噢买尬],0
2025/3/22 3:32,不要质疑朵莉雅,1
2025/3/22 3:32,13万,0
2025/3/22 3:33,天啦，可千万不要去找火星男孩啊[绝望的凝视][绝望的凝视][尬笑][尬笑],1
2025/3/22 3:35,真不是黑，网红的团队运镜都比这个好,1
2025/3/22 3:36,摄影师改行吧[看],1
2025/3/22 3:37,相信自己，我们可以费劲地上不去[泪奔],0
2025/3/22 3:38,话说，她有没有一些自己的歌比较出名的？推荐一下下,0
2025/3/22 3:42,新原创专辑/没语季节/没了我你依然拥有太阳/弦上生花等等，没语季节里的10首歌你都可以去听一听，都非常好听，q音或者wyy搜没语季节就有[送心][送心][送心],0
2025/3/22 3:43,炸裂????[绝],1
2025/3/22 3:43,@冷情绪。1,0
2025/3/22 3:45,@自动吸收好运??,0
2025/3/22 3:48,[色],1
2025/3/22 3:48,太通透了[舔屏][舔屏][舔屏][舔屏][舔屏][舔屏],0
2025/3/22 3:49,好轻松，嘴巴都没开声音从远处传来[色][色][色],1
2025/3/22 3:50,最火的应该是星辰大海吧，虽然有裁缝嫌疑,1
2025/3/22 3:51,这首歌还是那个男人唱的好听[捂脸],0
2025/3/22 3:54,腻害,0
2025/3/22 3:55,晚上见[舔屏][舔屏][舔屏],1
2025/3/22 3:58,????,0
2025/3/22 4:00,这摄影[疑问][疑问],0
2025/3/22 4:03,怪不得昨晚回家停好车吓得我车门都不敢开[泣不成声],0
2025/3/22 4:05,好了，回房间玩吧,0
2025/3/22 4:06,阿鬼 今晚见 [爱心][爱心][爱心],0
2025/3/22 4:08,美声唱法的一种发声方式，感兴趣你可以仔细去她其它比赛和演唱的视频，一般很多高音她都是用这种方法唱上去的。嘴巴开得非常小，上颚头声,0
2025/3/22 4:08,真的稳！,0
2025/3/22 4:10,运镜弄的很好，挺棒的。下次别运了。我头晕,1
2025/3/22 4:12,大晚上刷到……[酷拽],0
2025/3/22 4:12,科普:后面这段不张嘴的高音叫头声  你我不张嘴也可以发出声音 也可以很高  芝士难听[捂脸],0
2025/3/22 4:14,好乖啊,0
2025/3/22 4:15,能不能换个拍摄团队[宕机],1
2025/3/22 4:17,摄影师抖音号是哪个？我想问他（她）（它）个问题[思考][思考],0
2025/3/22 4:17,大半夜不睡觉 保安就在你后面 终于抓到了[灵机一动],0
2025/3/22 4:18,呐  这就叫专业[他急了],0
2025/3/22 4:18,太好听了吧,0
2025/3/22 4:19,@AKu,0
2025/3/22 4:19,如果你高考考了全国第一，你还需要去争吗,0
2025/3/22 4:21,@安菇love. 牛逼[憨笑],0
2025/3/22 4:23,其实，新专辑的质量都比星辰大海好的多奈何没啥营销[吐血][吐血][吐血]。更推荐新专辑吧哈哈,0
2025/3/22 4:24,@Uy @?? @王丢丢 [尬笑],0
2025/3/22 4:25,[发呆]这运镜，坐车下坡都没有那么抖,0
2025/3/22 4:26,我让我闺蜜啊～,0
2025/3/22 4:32,讲道理，女生演绎也不算很高[赞],0
2025/3/22 4:32,哇爱了[比心][比心][比心],0
2025/3/22 4:32,虽然你是黄霄云，可是你mv做不到呀[尬笑],1
2025/3/22 4:36,防抖云台都不上，浪费了这么好的妹子,1
2025/3/22 4:36,不行，不够投入，都没有原地作法[看],1
2025/3/22 4:37,虽然不是你的歌，但是你比他唱的好多了，他唱不出来你的效果,0
2025/3/22 4:38,心态爆炸，22号有工作[微笑],0
2025/3/22 4:43,好听,0
2025/3/22 4:55,这就是央音专业第一的实力，在停车库唱得像CD一样。和抖音其他主播在车库里唱的完全不是一个质感。[比心][赞],0
2025/3/22 4:57,@?Tsuki @一具学生尸体 @paracoms @卿与 @??? @?? @思绪结成冰 @记住小忻,0
2025/3/22 4:58,哇塞,0
2025/3/22 4:59,高考结束之后，社会的坑才开始，第一要保持第一付出的努力更加难得，读书好也要争，资源永远都是被争的,0
2025/3/22 4:59,摄影拍的好啊，明星艺人想降低热度就用这个摄影[抱抱你],1
2025/3/22 5:04,哇塞   美女姐姐定位在广东  在哪里哦[看],1
2025/3/22 5:06,牛逼,0
2025/3/22 5:09,现在不会请嘉宾了 体育场更不可能了[笑哭],0
2025/3/22 5:09,我能领悟到是怎么上去的，但自己做不到，谁懂啊[大哭],0
2025/3/22 5:10,@丁阿飯,0
2025/3/22 5:11,不管怎么说 她好像一点也不费劲[微笑],0
2025/3/22 5:16,贵州人[比心]加油,0
2025/3/22 5:17,呐呐呐呐,0
2025/3/22 5:23,整半天我以为她唱的,0
2025/3/22 5:24,让8k哥去[看],1
2025/3/22 5:31,我停在停车场的五菱宏光 车玻璃被你震碎了.你得赔钱,1
2025/3/22 5:33,哈哈哈哈哈哈,0
2025/3/22 5:35,监控还会运镜啊,0
2025/3/22 5:38,摄像机丢地上吧,1
2025/3/22 5:39,谢谢哇[耶],0
2025/3/22 5:49,刷到点个赞，姑娘能帮我买两桶泡面吗好人一生平安[看],0
2025/3/22 5:49,车库里就没人嘛，这么大声,1
2025/3/22 5:50,管不了那么多了，亚拉索,0
2025/3/22 5:51,[流泪][流泪][流泪][流泪][流泪][流泪],0
2025/3/22 5:52,关键还面不改色,1
2025/3/22 5:54,黄霄雲团队的拍摄手法有一种生怕她火了的感觉[微笑][左上],1
2025/3/22 6:02,我是不会唱歌吗？我是缺一个唱歌的地下停车场的[大笑],0
2025/3/22 6:02,黄霄云  越来越华晨宇化。,0
2025/3/22 6:02,云哪！听哥的……火了之后，先把摄影师开了,1
2025/3/22 6:04,专业歌手都跑到停车场去拍摄了，差不多亮了??[捂脸],0
2025/3/22 6:07,拍摄的人这辈子与摄影无缘了[泣不成声],1
2025/3/22 6:09,真没想到你比我睡的早??,0
2025/3/22 6:12,好牛,0
2025/3/22 6:13,他的实力我很早就知道了，第一次听他比赛就知道她会火。喜欢他唱的那首  你,0
2025/3/22 6:15,这小伙子～,0
2025/3/22 6:19,真是黄霄云啊[黑脸],1
2025/3/22 6:22,据说，只是据说，五月在成都[灵机一动],0
2025/3/22 6:26,昨晚去体育馆外面听了彩排[流泪],0
2025/3/22 6:30,還不夠高車的防盜還沒有響[捂脸][捂脸][捂脸],0
2025/3/22 6:34,演唱会一切顺利！,0
2025/3/22 6:34,这确定是现场原声？,0
2025/3/22 6:34,声压把她震得直缩脖子,0
2025/3/22 6:35,面包姐姐我今天单招考试，祝你演唱会顺利[大笑],0
2025/3/22 6:35,也祝我成功吧[玫瑰],0
2025/3/22 6:38,黄霄云还是年轻，骨子里有种傲气冲动不屑一顾，这跟她本身有才也有关系，到时候对手挖个坑，就很容易跳进去，经纪公司也怕她出什么事，到时候合约什么的，要赔死。,1
2025/3/22 6:38,这不是随意啊，感觉就是故意拍成这样，普通人就算拿个手机拍摄也不会晃成这样,1
2025/3/22 6:38,唱的真好，下次换首歌唱,0
2025/3/22 6:40,加油??,0
2025/3/22 6:44,华丽,0
2025/3/22 6:45,一个追梦的孩子，唱功一流，一直被营销号各种黑，我一个六十多大爷都看不下去了，加油吧年轻人！,0
2025/3/22 6:46,别的不说真的好好听[流泪][流泪][流泪],0
2025/3/22 6:47,我也觉得是对口型的[送心]感觉是其他视频录好的音频,0
2025/3/22 6:50,评论的真不错，下次换个地方评论,0
2025/3/22 6:50,保真，live超越cd，今晚的演唱会应该会唱,0
2025/3/22 6:53,我就想知道他给别人车大灯给唱破了怎么说,1
2025/3/22 6:53,@飞天小女警吖！,0
2025/3/22 6:54,这叫监控拍的？？？。[宕机][宕机][宕机][宕机][宕机],1
2025/3/22 6:54,最后两句高音口型都对不上,1
2025/3/22 6:54,人才,0
2025/3/22 6:55,[赞][赞],0
2025/3/22 6:56,#黄霄雲加入车库高音挑战# ?? 黄霄雲被踢出车库高音挑战 （理由：职业选手不得参赛）,0
2025/3/22 6:56,这个太狠[红脸],1
2025/3/22 7:02,我也给你们唱,0
2025/3/22 7:04,知道[捂脸]去年那个歌手拉去唱，看了现场直播了，突然接个人鱼之歌，现场没那么稳 唱的一言难尽，只有片段某个部分发力，整首下来还是要多练，华晨宇烟火里的尘埃三个切片都能火，黄只能对标这个高音部分,0
2025/3/22 7:05,@木子,0
2025/3/22 7:08,[赞][赞][赞]??????[比心][比心][比心],0
2025/3/22 7:09,摄影师是捡的吗？,1
2025/3/22 7:10,因为99％的人不唱[皱眉],1
2025/3/22 7:13,再艾特我 要粉上了[调皮],0
2025/3/22 7:15,这谁啊 和黄霄雲唱的没啥区别,1
2025/3/22 7:15,摄像腿打折，这样就不会乱走位了,1
2025/3/22 7:16,@小美,0
2025/3/22 7:16,我还挺喜欢面包的,0
2025/3/22 7:16,这运镜，还不如监控[你不大行][你不大行],1
2025/3/22 7:18,不干了,0
2025/3/22 7:19,@X,0
2025/3/22 7:20,自己回自己嘛？,0
2025/3/22 7:20,歌声听到鸡皮疙瘩都起[比心],0
2025/3/22 7:23,你是我女神。啊啊啊啊啊女神。我是gay啊啊啊啊,0
2025/3/22 7:24,这就是顶级精分嘛[呆无辜][看],1
2025/3/22 7:25,我的担心是—汽车玻璃会不会震碎？,0
2025/3/22 7:28,我买到了演唱会门票  今晚七点  哈哈哈,0
2025/3/22 7:29,高音就这么水灵灵的唱上去了,0
2025/3/22 7:29,？？啊？啊,0
2025/3/22 7:30,年纪轻轻，唱歌功底技巧很高。,0
2025/3/22 7:31,牛啊,0
2025/3/22 7:32,我口吐白沫都溜不上去[快哭了],1
2025/3/22 7:33,想知道这位老板的心得，求教怎么能让我把我的声音拱上去[求抱抱][求抱抱][求抱抱][求抱抱],0
2025/3/22 7:35,肺活量多一点，你就可以不要这么高音了,0
2025/3/22 7:36,刚想着这女的这么强，当职业歌手绰绰有余，结果一看名字[捂脸][捂脸][捂脸][捂脸],0
2025/3/22 7:36,还有开嗓,0
2025/3/22 7:37,这摄影能不能换一个抖的我头晕,0
2025/3/22 7:40,拍的啥玩意儿，我要晕倒了,1
2025/3/22 7:40,唱这么高主要是靠天赋 根据自己的音区选择适合自己的歌就行啦,0
2025/3/22 7:42,央音专业第一还不配那0.01吗,1
2025/3/22 7:44,用手那这手机拍的吧！晃的我眼晕[晕],0
2025/3/22 7:44,好听[比心][比心],0
2025/3/22 7:46,好厉害[赞][赞][赞],0
2025/3/22 7:47,看着好轻松的高音，实际难办到[捂脸]停车场一分钟，练歌房十年功[泪奔],0
2025/3/22 7:48,请把你后期和摄影请走啊姐[捂脸],1
2025/3/22 7:50,真厉害[泪奔],0
2025/3/22 7:50,监控还能360无死角旋转吗？,0
2025/3/22 7:51,"你说人生没有那么多观众
只怪我的人生太平淡罢了",0
2025/3/22 7:52,不会拍摄可以换人的[看],1
2025/3/22 7:53,头声 bB5,0
2025/3/22 7:55,换手机吧[捂脸],0
2025/3/22 7:55,哈哈哈哈，日常精分[看],0
2025/3/22 7:56,666,0
2025/3/22 7:56,该说不说的，咱能换个摄影师吗,0
2025/3/22 7:58,肯定没你的高，你比黄霄雲厉害一点点,1
2025/3/22 8:00,赶紧换个摄影呗,0
2025/3/22 8:00,"华晨宇[斜眼][斜眼][斜眼]
真的假的[疑问][疑问][疑问]",0
2025/3/22 8:01,只会吼没有一点可以打动我的感情[呆无辜][呆无辜][呆无辜],1
2025/3/22 8:01,@gentleman 好听[泣不成声],0
2025/3/22 8:02,[尬笑],0
2025/3/22 8:02,哇哇哇哇 ??????,0
2025/3/22 8:03,长得一般般，唱歌声音巨好听[尬笑],0
2025/3/22 8:03,[求求了][求求了][求求了]面包真美,0
2025/3/22 8:04,因为这只是个对口型视频，其次唱高音不用张那么大嘴,0
2025/3/22 8:05,只会吼没有一点可以打动我的感情[呆无辜][呆无辜][呆无辜]不大火是有原因的，学院派太死板了,1
2025/3/22 8:06,爱你[比心][比心][比心][比心][比心][比心][比心][比心][比心],0
2025/3/22 8:08,其实你们不知道，她本身就是海豚??,0
2025/3/22 8:09,这一刻 你长什么样都不重要了！[微笑],0
2025/3/22 8:12,头皮发麻，鸡皮疙瘩起来跳舞了,0
2025/3/22 8:15,坏了 监控还会自己动,0
2025/3/22 8:16,不是对口型吗 这么高的音 嘴巴这么小？,0
2025/3/22 8:16,这个歌怎么感觉原唱不好听呢？是原唱没唱那么高么？[发呆],0
2025/3/22 8:17,地下室唱歌不需要话筒[赞],0
2025/3/22 8:18,我只会鸡叫[憨笑]咯咯哒咯咯哒[憨笑],0
2025/3/22 8:19,洗洗睡吧,1
2025/3/22 8:19,这也太随意了啊[听歌],0
2025/3/22 8:21,真的是黄霄云？！,0
2025/3/22 8:23,像素问题 是黄霄云,1
2025/3/22 8:23,摄影师建议换了 [微笑],0
2025/3/22 8:24,太有穿透力了！！！,0
2025/3/22 8:27,我要是有这种实力，出门估计都要报备[暗中观察],0
2025/3/22 8:31,要不再看看ID，这就是那0.01%啊[捂脸],0
2025/3/22 8:32,@花落时相遇yu～,0
2025/3/22 8:32,那个给她拍摄的人很搞笑，她在奋力奔跑[呲牙],0
2025/3/22 8:35,华晨宇十年前的歌,0
2025/3/22 8:37,简单来说，会唱歌[呲牙],0
2025/3/22 8:38,绝了,0
2025/3/22 8:39,中国新一代一姐！,0
2025/3/22 8:39,牛拜[送心],0
2025/3/22 8:39,这妹很厉害，但是这不是监控拍下来的啊[尬笑],0
2025/3/22 8:41,声线怎么这么像黄云霄啊,0
2025/3/22 8:41,明明可以靠颜值，实力还那么强,0
2025/3/22 8:42,我感觉这能给我头震晕[裂开],1
2025/3/22 8:43,头皮发麻了没有[赞],0
2025/3/22 8:44,好强,0
2025/3/22 8:45,配的音[捂脸],0
2025/3/22 8:45,不许偷拍[流泪],0
2025/3/22 8:45,有没有种可能就是[黑脸],1
2025/3/22 8:46,这是团队摄影师拍的吗？那我感觉我比他更专业，一个劲的晃[捂脸][捂脸],1
2025/3/22 8:46,[黑脸]真假的我正在考音乐研究生 天塌了,0
2025/3/22 8:47,好牛逼呀，唱的很轻松的样子。[比心][鼓掌][鼓掌],0
2025/3/22 8:47,技巧与高音兼备,0
2025/3/22 8:47,地下室我都不敢大声说话，怕别人说我肺腔共鸣,0
2025/3/22 8:48,一个头像,0
2025/3/22 8:50,喜欢就去西楼那里买歌呗！估计西楼已经有十几个g的文件了,0
2025/3/22 8:50,故意拍摄的，提升热度[大笑],1
2025/3/22 8:51,拍摄的人这辈子与摄影无缘了[泣不成声],1
2025/3/22 8:52,爱了爱了，真的爱上了，咋办[鼓掌][鼓掌][鼓掌][鼓掌],0
2025/3/22 8:53,不算扰民吗[泣不成声],1
2025/3/22 8:54,今天演唱会，应该还有票,0
2025/3/22 8:54,[比心][比心][比心],0
2025/3/22 8:54,@道路不同 唱的太牛逼了啊啊啊,0
2025/3/22 8:55,咱就说以现在的你大概率可以换个云台或者大疆吧？,0
2025/3/22 8:55,太震撼了[鼓掌][鼓掌][鼓掌][鼓掌],0
2025/3/22 8:56,不行[微笑],0
2025/3/22 8:57,没毛病兄弟,0
2025/3/22 8:57,面包？,0
2025/3/22 8:58,[舔屏][舔屏][舔屏],1
2025/3/22 8:58,晚上见喽！,0
2025/3/22 8:59,唱完了吗，该到我掀起波澜了吧[看],1
2025/3/22 8:59,双马尾太好看了[流泪],0
2025/3/22 8:59,可以去木森大舞台了[色][色][色],1
2025/3/22 9:00,哈哈哈,0
2025/3/22 9:03,??,0
2025/3/22 9:04,好巧呢小宝,0
2025/3/22 9:04,真好啊    音乐后记可听了[赞][赞][赞],0
2025/3/22 9:05,去年状态不好，前几天不是已经重新复刻了歌手版的星辰大海你自己去搜搜[暗中观察],0
2025/3/22 9:05,我们小区车库比较亮，什么时候过来练歌,0
2025/3/22 9:05,这还不火吗,0
2025/3/22 9:06,你唱一个？,0
2025/3/22 9:06,来重庆加场啊啊啊啊啊！！！,0
2025/3/22 9:06,半夜唱的话会不会吓到人？,0
2025/3/22 9:07,好[赞][赞][赞][赞][赞][赞][赞],0
2025/3/22 9:07,摄影师运得好啊，下次别运了！[泪奔],1
2025/3/22 9:10,听得我鸡皮疙瘩都起来了，太棒了[比心][比心][比心],0
2025/3/22 9:10,是比我唱的好一点,0
2025/3/22 9:12,太牛啦啊啊啊啊啊啊啊啊啊,0
2025/3/22 9:15,@雨里辰气 哈哈哈哈哈哈,0
2025/3/22 9:16,你自己聽聽,0
2025/3/22 9:17,亲爱的 今天就要见面了，好期待好期待[舔屏][舔屏][舔屏],0
2025/3/22 9:17,@花落. nb,0
2025/3/22 9:18,花花也是好起来了，居然能被黄霄雲选中翻唱[流泪][流泪][流泪][流泪][流泪],0
2025/3/22 9:18,声音真高，好嗓子,0
2025/3/22 9:18,唱的人牛，拍的人不会运镜,0
2025/3/22 9:19,这个评论到处有,0
2025/3/22 9:19,你是玩抽象吗,1
2025/3/22 9:19,黄霄云本人[黑脸],1
2025/3/22 9:20,你来啦[色],1
2025/3/22 9:20,应该是玩抽象吧[看],1
2025/3/22 9:21,学院派不是一个富家少爷能单挑的[看],1
2025/3/22 9:21,晚上见[色],1
2025/3/22 9:22,晚上见,0
2025/3/22 9:22,@Wuuu,0
2025/3/22 9:22,之前就觉得她唱歌好听,0
2025/3/22 9:23,哈哈哈哈哈哈,0
2025/3/22 9:23,@??@ 已卸载 思考万岁 [宕机],0
2025/3/22 9:24,虽然知道你是玩抽象，但是还是厚葬,1
2025/3/22 9:24,你怎么知道是我拍的[看],0
2025/3/22 9:25,完爆原唱,1
2025/3/22 9:26,@胖鲶鱼,0
2025/3/22 9:27,有完整版吗,0
2025/3/22 9:27,哎我[赞][赞][赞][赞][赞][绝][绝][绝][绝],0
2025/3/22 9:29,[猪头][猪头]（监控[泪奔][泪奔][泪奔],1
2025/3/22 9:29,拼多多还说你就差0.01就拼成功了呢[不你不想],0
2025/3/22 9:29,太牛了,0
2025/3/22 9:29,羡慕能够去现场看演出的各位[泣不成声],0
2025/3/22 9:31,@Yemmmu,0
2025/3/22 9:31,哪个地库？ 我去听听回音去,0
2025/3/22 9:31,让那个仁怎么活[看],1
2025/3/22 9:31,又那么晚睡[撇嘴],1
2025/3/22 9:34,技术,0
2025/3/22 9:34,王者荣耀那么难的音乐知道吗？就是她唱的，太顶级了,0
2025/3/22 9:35,这高音一辈子,0
2025/3/22 9:36,好，你也来地下车库歌神是吧？[看],1
2025/3/22 9:37,这辈子够用了[比心],0
2025/3/22 9:39,虽然你很强，但这是抖音你还得练[看],1
2025/3/22 9:39,摄影师基本告别摄影行业[捂脸][捂脸][捂脸],0
2025/3/22 9:40,真是一浪更比一浪高,0
2025/3/22 9:40,还好 这运镜差点就让我看见黄霄雲了[愉快][愉快],0
2025/3/22 9:42,气口在哪啊！太牛了,0
2025/3/22 9:42,被天使亲吻过的嗓子，唱高音根本没用力就可以了[捂脸],0
2025/3/22 9:44,一听就知道是你[憨笑],0
2025/3/22 9:44,这监控还会旋转,0
2025/3/22 9:45,超绝,0
2025/3/22 9:46,晚上见[一起加油],0
2025/3/22 9:47,@???魔星?暗域??? @凯文,0
2025/3/22 9:48,宝[暗中观察]为什么我才刷到你[暗中观察],0
2025/3/22 9:48,带偏了[微笑]，女神[微笑],0
2025/3/22 9:48,可怕[捂脸],0
2025/3/22 9:49,老乡，来深圳开一场演唱会吧[玫瑰][玫瑰][玫瑰],0
2025/3/22 9:49,你唱歌听听,0
2025/3/22 9:51,[我想静静],0
2025/3/22 9:51,别把别人车玻璃整碎了快回家,1
2025/3/22 9:51,恐怖如斯,1
2025/3/22 9:52,当届最强央音岂非浪得虚名[看],1
2025/3/22 9:52,那是拼多多,0
2025/3/22 9:53,呜呜呜，烟埃,0
2025/3/22 9:53,这共鸣车库要塌了[看],0
2025/3/22 9:53,摄像师拍完这条就失业了,1
2025/3/22 9:53,@凤梨树罐头 哈哈哈哈哈哈,0
2025/3/22 9:54,[憨笑][憨笑],0
2025/3/22 9:54,不要问为什么，因为即便知道了也唱不了那么高[尬笑],0
2025/3/22 9:54,@哎哟喂呀 好强,0
2025/3/22 9:55,唱功很好，但歌真的不好听！,0
2025/3/22 9:56,不是这是能从人嘴里出来的声音吗，待我和我的嗓子交流一下试试,1
2025/3/22 9:57,这监控还带跟踪怼脸拍，收音还带混响,0
2025/3/22 9:58,真的[泪奔]不管是本科还是研究生，就业要想继续走音乐的话一定要拓宽渠道，得有门路才行，不然啥都是白费[我想静静],0
2025/3/22 10:00,哎呦[捂脸][捂脸][捂脸],0
2025/3/22 10:00,咋这么会唱呢 [比心]好听,0
2025/3/22 10:00,@油门表底9000转 @十月与喵酱 牛马版,1
2025/3/22 10:01,你还真别说 真想娶回家[看],0
2025/3/22 10:01,[泣不成声][泣不成声],0
2025/3/22 10:01,她是打破100%的人[看],1
2025/3/22 10:02,姐姐今天晚上特邀嘉宾是熙熙嘛[流泪],0
2025/3/22 10:03,@今天上秤有点chen 好好听[宕机],0
2025/3/22 10:03,人家歌手,0
2025/3/22 10:04,好厉害[发呆],0
2025/3/22 10:04,原来我们面包也会在车库唱歌，这下彻底不怕了，开整[看][看],0
2025/3/22 10:05,你这手机像素真不好 晃的我迷糊[捂脸],1
2025/3/22 10:05,享受,0
2025/3/22 10:06,实力！[赞][赞][赞],0
2025/3/22 10:09,鸡皮疙瘩了,1
2025/3/22 10:09,太牛批了[流泪][玫瑰],0
2025/3/22 10:10,太顶了[赞],0
2025/3/22 10:11,只想带你去柳浪湾夜市把你吃胖，辣椒管够那种。目的你懂[偷笑][偷笑],0
2025/3/22 10:11,试试直播边长笛边烤饼子[看],0
2025/3/22 10:12,全民K歌不是说我击败了99.99％的人吗[宕机],0
2025/3/22 10:12,歌手踢馆赛怎么不唱这首呢,0
2025/3/22 10:13,@屹然 @小手冰梁 @烨子elf @莱昂哈德的笨鱼elf @_Yolo_ @榆木核桃 @耶特辣条 @肖申克的舅叔 @流光elf?? [流泪],0
2025/3/22 10:13,听多了就算噪音了，要不然为啥在车库[看],1
2025/3/22 10:15,为了爱与和平,0
2025/3/22 10:16,唱人鱼之歌也好听 就是失误了一下,0
2025/3/22 10:16,是个好主意[鞠躬]但是顾不过来啊[泪奔],0
2025/3/22 10:18,当时没得选，节目组不让，没背景,0
2025/3/22 10:18,一般般,0
2025/3/22 10:19,别把楼给震倒了,1
2025/3/22 10:19,恐怖如斯，我一个不懂音乐的看了都害怕[尬笑],1
2025/3/22 10:20,@易瘦瘦,0
2025/3/22 10:20,这是每个歌手自己的选择，毕竟她的音域就放在那边,0
2025/3/22 10:20,不是想唱啥歌都行的 邓紫棋当年去歌手就是因为想唱自己的新歌被湖南卫视搞了,1
2025/3/22 10:21,@阿鱼.,0
2025/3/22 10:21,去搜头声,1
2025/3/22 10:21,这监控高级啊，还会运镜呢,0
2025/3/22 10:22,我还以为我屏幕坏了[泪奔],0
2025/3/22 10:23,有的 有的,0
2025/3/22 10:23,这是什么天籁之音啊[流泪][流泪],0
2025/3/22 10:23,听听你在说啥,0
2025/3/22 10:26,@时祺??,0
2025/3/22 10:26,这个没有处理过吗？原声吗？和歌手的声音不太像啊,0
2025/3/22 10:27,wow好听！,0
2025/3/22 10:27,是腹语吗，嘴巴都不用动[看],0
2025/3/22 10:28,还行,0
2025/3/22 10:29,两个号我都关注啦嘻嘻[色][玫瑰][坏笑],1
2025/3/22 10:29,绝对后录音棚期处理,0
2025/3/22 10:30,[赞],0
2025/3/22 10:30,晚上地下车库不要这么嚎可以吗[尬笑]来我家飙高音。车库我始终觉得后背发凉[捂脸],0
2025/3/22 10:32,晚上地下车库不要这么嚎可以吗[尬笑]来我家飙高音。车库我始终觉得后背发凉[捂脸],0
2025/3/22 10:32,以黄霄云的实力，和学历，如果她要投靠资本公司的话，为资本挣钱的话，那些资本公司可能打破头都会来争抢的！可惜黄霄云做自己,0
2025/3/22 10:34,身后停了台智己[看],0
2025/3/22 10:34,我去,1
2025/3/22 10:34,我就是我，我只“就”是我？[绝望的凝视],1
2025/3/22 10:34,@lover @无人.(风韵犹存小妈版) @小舟 @平生 @Sicheongi_626 这个头声，让我不想听原唱了[流泪][流泪][流泪][流泪][流泪][流泪],0
2025/3/22 10:35,耳膜都要被刺破了。[捂脸],1
2025/3/22 10:36,她的实力根本不需要后期，晚上还会有演唱会现场放出来的[看],0
2025/3/22 10:36,好想听孩子和烟火里的尘埃衔接起来[舔屏],0
2025/3/22 10:37,监控，监控明白吗,1
2025/3/22 10:38,[赞][赞][赞],0
2025/3/22 10:39,哈哈哈哈哈因为99.99%压根没唱,1
2025/3/22 10:39,@Xxx_ 每次听花花唱觉得很轻松就上去了 现在听别人唱虽然也很顺但是就是没有花的感觉,0
2025/3/22 10:40,摄影师扣工资[憨笑]，晃得我眼花,0
2025/3/22 10:40,秀阿,0
2025/3/22 10:41,头声,0
2025/3/22 10:43,老婆真棒,0
2025/3/22 10:44,最初的你和现在的你，你怎么去演绎你的一生，你自己决定，我喜欢的还是以前的你[鼓掌],0
2025/3/22 10:44,那你是别人?,1
2025/3/22 10:46,手腕共鸣[流泪],0
2025/3/22 10:48,哈哈哈,0
2025/3/22 10:48,节目组不让 当时也没版权,0
2025/3/22 10:48,马上演唱会就可见到了[泣不成声],0
2025/3/22 10:49,就是想运镜吧,0
2025/3/22 10:49,基本告别摄影行业,0
2025/3/22 10:50,今日生日无人问津[苦涩]我只是一粒尘埃而已[大哭],0
2025/3/22 10:51,錄音而已,0
2025/3/22 10:51,生日快乐,0
2025/3/22 10:52,我觉得她好像以前唱过花腔吧,0
2025/3/22 10:53,生快[鼓掌],0
2025/3/22 10:54,生日快乐！亲爱的小尘埃～,0
2025/3/22 10:54,@华晨宇yu 花花看,0
2025/3/22 10:54,那咋了,0
2025/3/22 10:55,因为我听了10多遍[尬笑]不是因为好听这个画面真的很敷衍[苦涩][苦涩][苦涩][苦涩],1
2025/3/22 10:56,这天赋和含金量甩开了多少歌手[赞],0
2025/3/22 10:56,超越妹妹是你吗，怎么唱这么好了,0
2025/3/22 10:56,好牛,0
2025/3/22 10:56,@??迷你世界-???爱心公主??（已有龟 @真正的光明在幽暗中 @kill79、 我去,1
2025/3/22 10:57,生日快乐！,0
2025/3/22 10:58,也太好听了[流泪]宿命感拉满,0
2025/3/22 10:58,好帅啊,0
2025/3/22 10:58,埃~~哎我天唱不上去[流泪][流泪][流泪],0
2025/3/22 10:58,牛逼,0
2025/3/22 10:58,学会接受平庸,0
2025/3/22 11:00,求求你，让我来拍吧[逞强落泪]我专业的,0
2025/3/22 11:00,同样生日诶,0
2025/3/22 11:01,生日快乐,0
2025/3/22 11:03,哇，好惊艳的高音,0
2025/3/22 11:04,16.1,0
2025/3/22 11:04,辨识度低。也是致命的,1
2025/3/22 11:04,[舔屏][舔屏][舔屏][舔屏]你来一个,1
2025/3/22 11:04,人家在厕所唱，楼梯唱，你在停车场唱[呲牙],0
2025/3/22 11:05,厉害厉害,0
2025/3/22 11:07,那个时候才16岁她[眼含热泪],0
2025/3/22 11:07,不过她还真是前百分之0.01%[流泪],0
2025/3/22 11:08,就是随意式拍啊,0
2025/3/22 11:08,没版权敢唱？[九转大肠]这种体量了一般不会犯这种低级错误，她又不是自己写不出来歌,1
2025/3/22 11:08,@Snow Lynx,0
2025/3/22 11:09,娃娃，这里空气不好，还是少在地下车库逗留,0
2025/3/22 11:11,哈哈哈,0
2025/3/22 11:12,@十七 @刺猬牌小铲??恒 @唐宇年 @雾扰 @冷刹?? @雨晴 @??. @??????''北上3.3央1&??播 @cici?? @淡然 @奇宝儿 @微笑美甲 @5.2℃,0
2025/3/22 11:12,啊啊啊啊??宝宝晚上见！！,0
2025/3/22 11:13,阿飘都召唤出来了[微笑],1
2025/3/22 11:14,我滴妈太强了！,0
2025/3/22 11:15,保安：唱歌免费 调监控5000[泪奔],0
2025/3/22 11:17,旁边有个大喇叭,0
2025/3/22 11:19,知道了师傅,0
2025/3/22 11:19,不会拍让我来[看],1
2025/3/22 11:19,[666],0
2025/3/22 11:19,这高音无缝连接，听着就很舒服[舔屏],0
2025/3/22 11:19,喂，保险公司吗？我报险，有个女的在地下车场唱歌，一嗓子把我车玻璃震碎了[泪奔],0
2025/3/22 11:19,@冰淇淋?? @我也不太了解他. @Echo Gone,0
2025/3/22 11:20,今天晚上期待最强女版现场[色][色],1
2025/3/22 11:21,肯定不是本人哼肯定是助理哼,1
2025/3/22 11:22,她真的自带混响,0
2025/3/22 11:22,真的太有实力了[赞][赞][赞][色][色][色],1
2025/3/22 11:22,@??钱都到兜李女士 @栀子花开 @呀呀呀呀慧 @Lady 格格,0
2025/3/22 11:24,我包就靠实力圈粉的，其他都是次要因素[呲牙],0
2025/3/22 11:24,黄霄雲！我是你偶像[流泪],0
2025/3/22 11:25,你是面包演唱会赞助商么？,0
2025/3/22 11:25,女神,0
2025/3/22 11:25,初代火姐的统治力[苦涩],0
2025/3/22 11:29,@aIAg 她的高音超牛[色][色],1
2025/3/22 11:31,[666][玫瑰],0
2025/3/22 11:32,好好听，起鸡皮疙瘩了,0
2025/3/22 11:32,龙卷风摧毁停车场,0
2025/3/22 11:33,好听好听，不看人听歌识人[色],0
2025/3/22 11:35,nb,0
2025/3/22 11:35,循环播放??[玫瑰],0
2025/3/22 11:35,@in18,0
2025/3/22 11:36,我在车库，我听到了,0
2025/3/22 11:37,终于知道我唱歌不好听的原因了，原来我没在车库练[泪奔][泪奔][泪奔],0
2025/3/22 11:38,@大帅再发功 @绅士 我嘞个豆,0
2025/3/22 11:39,别人在车库里练就是天仙我们就是鬼哭狼嚎,1
2025/3/22 11:39,有没有可能是手持相机拍的 防抖效果不好,0
2025/3/22 11:40,今晚就见面 我的宝宝[抱抱你],0
2025/3/22 11:43,哈哈哈,0
2025/3/22 11:43,太好听了，感觉我的心灵被洗涤了[比心],0
2025/3/22 11:44,全民K歌也是这么告诉我的，我信了，[憨笑][憨笑],0
2025/3/22 11:44,生日快乐,0
2025/3/22 11:44,在哪个小区，偶遇[呲牙],0
2025/3/22 11:46,真的牛逼[泪奔],0
2025/3/22 11:47,别学某某做法就行,0
2025/3/22 11:47,来首[666][666],0
2025/3/22 11:47,@华晨宇yu 你带出来的兵[泣不成声][泣不成声][泣不成声],0
2025/3/22 11:47,"怎么评价呢[微笑]  听了一堆翻唱，给我感觉就是这首神作《烟火里的尘埃》 只有原唱华神和翻唱黄霄雲版在正面主战场
其他你们说的各种翻唱 什么郁欢的 这个那个版的 但那都是游击战 什么各种网红唱风  那都不是真的烟火里的尘埃 不在正面战场
只有前两位能大开大合  大破大立  正面厮杀 力破千钧的感觉",0
2025/3/22 11:48,车库要塌房了，引起了共鸣[呲牙][呲牙][呲牙],0
2025/3/22 11:50,@世界对我好一点 @Silence_TvTLii^ 是我唱的,0
2025/3/22 11:50,醒了？[看][捂脸],0
2025/3/22 11:50,好厉害啊[流泪],0
2025/3/22 11:51,没有，地下车库回响很明显,0
2025/3/22 11:52,花花是她偶像[微笑],0
2025/3/22 11:52,想知道演唱会会直播吗[流泪],0
2025/3/22 11:53,原来是黄霄云啊。,0
2025/3/22 11:53,[捂脸][捂脸][捂脸][捂脸][捂脸][捂脸][比心],0
2025/3/22 11:53,什么歌呀有好心人说说嘛,0
2025/3/22 11:53,听得好爽谁懂[泣不成声],0
2025/3/22 11:55,假如给我三天光明,0
2025/3/22 11:55,哈哈哈哈哈哈哈,0
2025/3/22 11:55,开头有[憨笑],0
2025/3/22 11:56,花花生猴子了，还是不要想了@黄霄雲（巡演版）,1
2025/3/22 11:56,晚上见！！！,0
2025/3/22 11:56,可能是她爷爷拍的,0
2025/3/22 11:56,妖怪都跑出来咯,1
2025/3/22 11:57,这个监控可以怼脸拍,1
2025/3/22 11:59,你太牛了,0
2025/3/22 12:00,地下车库版演唱会    绝了,0
2025/3/22 12:00,摄像机晃，唐悠悠是你吗,0
2025/3/22 12:01,这个不是应该发小号的吗[发呆],1
2025/3/22 12:01,蹲[看],0
2025/3/22 12:02,好听，爱听，多发，多偷拍[做鬼脸][做鬼脸],1
2025/3/22 12:02,是哼鸣,0
2025/3/22 12:03,我脑袋也在共鸣,0
2025/3/22 12:04,@白羊， @瑾瑜 真好听,0
2025/3/22 12:04,歌名 【我就是我】[耶],0
2025/3/22 12:04,我不喜欢华晨宇,0
2025/3/22 12:05,晚上见,0
2025/3/22 12:09,啥时候来赣州开巡演?邓紫棋都来了,0
2025/3/22 12:09,直击天灵盖,1
2025/3/22 12:09,霸气侧漏[666][666][666],0
2025/3/22 12:09,等我给你啊一个,0
2025/3/22 12:10,拍视频的扣工资[酷拽]   一直晃,1
2025/3/22 12:12,高音太高了，车库的车玻璃都碎了一地。[呲牙][呲牙][呲牙][呲牙],0
2025/3/22 12:14,期待晚上[暗中观察][舔屏],0
2025/3/22 12:16,今晚见[舔屏],0
2025/3/22 12:16,歌词啊，哥，你没听到歌词和唱的错了一个字吗？[绝望的凝视],1
2025/3/22 12:18,请问原唱是华晨宇，唱法是华晨宇创的，黄霄雲版是哪来的？[泪奔],1
2025/3/22 12:18,我第一次发现这首歌原来是好听的[泪奔][泪奔][泪奔][泣不成声][泣不成声],0
2025/3/22 12:20,凤子吗？,1
2025/3/22 12:21,都给我记住原唱是华晨宇,0
2025/3/22 12:21,因为后面那一段吟唱华晨宇版是没有的，是电吉他，只有黄的是唱的,0
2025/3/22 12:22,[尬笑]这是她改编的在qq音乐发音源了，后面这段海豚音原唱里面是没有的,0
2025/3/22 12:22,不错,0
2025/3/22 12:22,[感谢] 322 一切顺利 [感谢],0
2025/3/22 12:23,尾音拉的好长[看],0
2025/3/22 12:23,对哒[调皮],0
2025/3/22 12:23,换一个摄影和剪辑吧[流泪],0
2025/3/22 12:24,这首歌除了华晨宇其他人真唱不出来感觉[捂脸],0
2025/3/22 12:25,这高音[耶],0
2025/3/22 12:26,@赖床的抹茶蛋糕 @缘宝2.0 @过客 @9? @luluuw. @I @雾洝interest婷 @lover 太强了[流泪],0
2025/3/22 12:27,我就说我怎么唱不上去[暗中观察],0
2025/3/22 12:30,地下车库闹鬼系列吗 [捂脸],0
2025/3/22 12:32,晚上要吓死人,1
2025/3/22 12:32,我嘞个豆豆豆,0
2025/3/22 12:34,棒,0
2025/3/22 12:34,@夏日晚风na @小坚果 @一条喵喵,0
2025/3/22 12:34,吓死谁？[微笑],1
2025/3/22 12:34,摄影的是免费的吧,0
2025/3/22 12:35,停车场去开车的人。,0
2025/3/22 12:35,鸡皮疙瘩起来了[爱心][爱心],0
2025/3/22 12:36,我都产生共鸣了[偷笑],0
2025/3/22 12:36,黄霄云最恐怖的是她这几年唱功每年都在不断进步[九转大肠],0
2025/3/22 12:36,我往左下角看了一下，怪不得[流泪][666],0
2025/3/22 12:37,好一个三百六十度无死角监控 [捂脸],1
2025/3/22 12:37,仙女[赞],0
2025/3/22 12:38,很明显不是唱这个歌,0
2025/3/22 12:38,?? 港區?music沒有...,0
2025/3/22 12:39,哈哈我一点进主页，哇塞这个好听，分享给宝子，这个也好听，也分享，都好听，都给我艾艾艾艾特[舔屏],0
2025/3/22 12:40,来我家唱[微笑],0
2025/3/22 12:40,怎么嘴唇不动[尬笑],1
2025/3/22 12:40,这是黄霄云本人的账号吗？,0
2025/3/22 12:40,@杨总 @爱说晚安的love?? 好爽[流泪],0
2025/3/22 12:40,他去年演唱会唱了强混C6[捂脸],0
2025/3/22 12:41,拍的晃来晃去的[打脸],1
2025/3/22 12:42,@谟谟小猫头 @ovo @wen 笑死我了,0
2025/3/22 12:43,没有啊，我去开车，没吓到我,0
2025/3/22 12:43,路人：谁在地库放歌这么大声[微笑],0
2025/3/22 12:43,@MickeyGun,0
2025/3/22 12:44,从左手指月开始到现在至以后[赞],0
2025/3/22 12:44,舒服了,0
2025/3/22 12:46,吃德芙了哇去,0
2025/3/22 12:47,@狗子也会快乐吗,0
2025/3/22 12:47,@Se7ven,0
2025/3/22 12:48,太厉害了[流泪],0
2025/3/22 12:49,一直觉得黄霄云值得拥有一个顶级的制作团队，这么绝的声音被埋没了,0
2025/3/22 12:49,这个不是之前唱那个什么歌来着,0
2025/3/22 12:50,@不想戴眼镜 这是人?,1
2025/3/22 12:51,肺活量惊人,0
2025/3/22 12:52,央音第一名，毋庸置疑，评论区居然还有说假唱的[泪奔],1
2025/3/22 12:54,@W（见了薛之谦） @..rrrrrrrrrrrrr,0
2025/3/22 12:56,@小鱼爱吃火鸡面 她唱的有种不是她在唱的感觉[黑脸],1
2025/3/22 12:56,贵州双宝,0
2025/3/22 12:56,真厉害,0
2025/3/22 12:56,歌手唱这个好了,0
2025/3/22 12:58,我被晃吐了[微笑],0
2025/3/22 12:58,小....小姨妈？？,0
2025/3/22 12:58,这条件[流泪],0
2025/3/22 12:59,太好听了[送心][赞],0
2025/3/22 12:59,星辰大海,0
2025/3/22 12:59,对噢,0
2025/3/22 12:59,唱的可以！我同意和你交往了,0
2025/3/22 13:00,@科研界小李子 直冲我天灵盖[宕机],1
2025/3/22 13:00,好厉害[赞],0
2025/3/22 13:01,？,0
2025/3/22 13:01,你？ 我？？你？？ 好,0
2025/3/22 13:01,不一样的感觉罢了,0
2025/3/22 13:04,哦半天是本人,0
2025/3/22 13:05,华晨宇是原唱不是原创,0
2025/3/22 13:05,这气息，[泣不成声],0
2025/3/22 13:06,能在这种弱光画质拍摄的机身肯定带防抖,0
2025/3/22 13:08,@?1 学这个,0
2025/3/22 13:10,晚上要去见面包了 好激动[泣不成声],0
2025/3/22 13:10,是你发的声吗后面,0
2025/3/22 13:11,她真的很尊重我们原唱,0
2025/3/22 13:12,拍摄的人这辈子与摄影无缘了[泣不成声],1
2025/3/22 13:12,实力,0
2025/3/22 13:12,55秒高音[泪奔][泪奔][泪奔],0
2025/3/22 13:13,横转竖,0
2025/3/22 13:14,@娴. 灵魂攻击,1
2025/3/22 13:15,@不要-生气-,0
2025/3/22 13:15,你还是计划来趟成都开嘛。每场都多远的。,0
2025/3/22 13:15,@刘瀚景: 黄霄雲团队的拍摄手法有一种生怕她火了的感觉[微笑][左上],0
2025/3/22 13:15,像华为机或者维沃机,0
2025/3/22 13:17,@salalalal?? 我丢,1
2025/3/22 13:17,刚准备说又一个跟风黄云霄的，仔细一看，居然是真号[尬笑],0
2025/3/22 13:19,不er。[憨笑],0
2025/3/22 13:20,这个其实就相当于利用了人声的bug，其实对于她来说很轻松，感觉这种只有轻松或者唱不了两种,0
2025/3/22 13:21,太棒呢,0
2025/3/22 13:21,别说唱不上去，如果唱埃。。我的嘴巴得张到天灵盖上去[酷拽],0
2025/3/22 13:21,是的哦,0
2025/3/22 13:23,让我想到了朵朵的人鱼之歌[泣不成声],0
2025/3/22 13:23,我的天怎么能这么牛,0
2025/3/22 13:23,今天晚上可以听到现场版啦[不失礼貌的微笑][不失礼貌的微笑]开心,0
2025/3/22 13:23,@楚冬忍,0
2025/3/22 13:25,我的天啊,0
2025/3/22 13:25,这视频是后配的，音频是另一轨[捂脸],0
2025/3/22 13:25,看个人音域啊，高音可以练，但是也是看天生的，像那几个唱歌剧的男高能上海豚音也是天生好，像李荣浩这种，就是天生男低上个c5都不太可能的，上去也不好听质量差,0
2025/3/22 13:27,这视频是后配的，音频是另一轨[捂脸],0
2025/3/22 13:28,"《星辰大海》展璀璨，《向云端》处梦扬帆。
 
你携着《带我去很远地方》的浪漫，用歌声编织着一场又一场的美好。今日这演唱会的舞台，定如《微光》汇聚的绚烂之境，《你的答案》也将在每一首歌曲里被大家找寻，那动人旋律会像《飞云之下》的风，吹进每位听众心间。
 
愿你在这舞台上尽情闪耀，《天下无双》的嗓音奏响最华美的乐章，让这场演唱会《梦返》完美，圆满成功，成为歌迷心中永不落幕的璀璨星光，留下无尽难忘的音乐时光！预祝演唱会圆满成功！",0
2025/3/22 13:28,怎么发自己的自拍了,0
2025/3/22 13:32,谁在地下室被歹徒劫持！！！,1
2025/3/22 13:33,你开心就好[抠鼻],0
2025/3/22 13:33,这歌真的是火的一阵一阵的，就离谱,0
2025/3/22 13:35,是怎么做到让人关注之后，越看越喜欢，越听越迷恋的[思考],0
2025/3/22 13:35,摄影师拍的不错，下次不要拍了[暗中观察],1
2025/3/22 13:37,好多个视频都在唱这首啊[捂脸],0
2025/3/22 13:37,@夏夏,0
2025/3/22 13:40,面包姐姐太厉害了,0
2025/3/22 13:40,哇，今晚演唱会见喔[呲牙][呲牙][呲牙],0
2025/3/22 13:40,唱得很好听，但是这运镜硬生生给我看晕了[流泪],0
2025/3/22 13:41,谢谢她自己就是老板，黄霄云她靠的是实力，不像有些靠的是公司营销,1
2025/3/22 13:41,@如果我是一只猫,0
2025/3/22 13:41,[衰],1
2025/3/22 13:43,随便拍的？,0
2025/3/22 13:43,我宁愿看监控，也不愿意看拍摄的。。[抠鼻],0
2025/3/22 13:43,[干饭人],0
2025/3/22 13:46,@姐姐大乔 其实我觉得还行[笑哭],0
2025/3/22 13:49,晃眼以为是小姨妈[偷笑]唱的真棒????,0
2025/3/22 13:49,其实挺有感觉的,0
2025/3/22 13:49,不如好想吃[捂脸]@好想吃面包蛋糕芝士,0
2025/3/22 13:50,其他歌可以说是各有千秋，但是这首只能是量身定制,0
2025/3/22 13:51,真强！[赞],0
2025/3/22 13:56,@七日游. 咋那么牛呢[憨笑],0
2025/3/22 13:56,他们老说你炫技，我就挺纳闷了，我要是有16块腹肌 我都恨不得光着每天出去[大笑],0
2025/3/22 13:57,求求姐姐换个团队拍摄，抖成这样，我知道想拍出什么效果，但是严重偏离目标啊,1
2025/3/22 13:58,你慌啦？[看],1
2025/3/22 13:59,用二十块钱行车记录仪拍的[憨笑],0
2025/3/22 14:00,直冲天灵盖[玫瑰],0
2025/3/22 14:01,[捂脸],0
2025/3/22 14:02,人家央音的,0
2025/3/22 14:02,你也是天才[尬笑],1
2025/3/22 14:04,"果然最好听的歌词就是""啊""！[呲牙][呲牙][捂脸]",0
2025/3/22 14:05,[泪奔][泪奔][泪奔],0
2025/3/22 14:07,听说了吗？楼下车库闹鬼，呜呜呜的不像正常人,1
2025/3/22 14:09,这个拍摄手法也是见鬼了[黑脸],1
2025/3/22 14:09,晚上见嘿嘿[眼含热泪],0
2025/3/22 14:10,那我问你,0
2025/3/22 14:11,羡慕[泣不成声],0
2025/3/22 14:11,为啥叫面包啊,0
2025/3/22 14:12,开玩笑，我在卫生间洗澡拿喷头唱歌宇宙第一[看],0
2025/3/22 14:15,面无表情,0
2025/3/22 14:15,喜欢抽象的宝宝[摸头],0
2025/3/22 14:17,这个拍摄真的一言难尽,0
2025/3/22 14:18,大姐，我头晕，拍摄辞退吧,0
2025/3/22 14:18,姐姐什么时候来重庆开演唱会,0
2025/3/22 14:20,要顺利哦！！,0
2025/3/22 14:21,下次让我给你拍,0
2025/3/22 14:24,最近一直被你这个版本爱惨了 反复听[泣不成声],0
2025/3/22 14:26,下次来我们小区停车场练[呲牙][呲牙],0
2025/3/22 14:28,原来这是工作室呀，我以为哪偷来的视频呢[听歌],0
2025/3/22 14:28,@固执的??,0
2025/3/22 14:31,刷到本人了[发呆],0
2025/3/22 14:35,太会拍了，下次别拍了[尬笑],1
2025/3/22 14:38,很喜欢黄霄云 唱歌真是绝绝子。,0
2025/3/22 14:38,@Add 我以后不会喷她了[发呆],0
2025/3/22 14:39,@无意李,0
2025/3/22 14:43,超实力[赞],0
2025/3/22 14:44,@胖米爱胖达?? 想听你的[黑脸],1
2025/3/22 14:44,@阿帧帧帧,0
2025/3/22 14:46,摒弃任务式的音乐 逃离自我证明的陷阱 学会真正享受音乐 [比心]希望你能看见，很喜欢你[比心],0
2025/3/22 14:46,好听[舔屏],0
2025/3/22 14:47,带劲,0
2025/3/22 14:47,禁止自娱自乐[酷拽],1
2025/3/22 14:49,宝宝加油,0
2025/3/22 14:50,说明她已经到广州了，准备今晚的演唱会了,0
2025/3/22 14:50,厉害,0
2025/3/22 14:51,@无敌山猫 好牛,0
2025/3/22 14:52,云云，超越原唱了[比心][比心],0
2025/3/22 14:54,保护[看],0
2025/3/22 14:54,？,0
2025/3/22 14:54,调音师好评,0
2025/3/22 14:57,先醒醒,1
2025/3/22 14:58,不得了 天菩萨,0
2025/3/22 14:58,生日快乐呀??,0
2025/3/22 14:58,摄影辞了吧 我来[愉快][愉快][愉快],0
2025/3/22 14:59,@yauui @哭儿宝 @amour @西红柿：）?? @逸尘梦 @zw. @YBG @\\\ @淋雨一直走 我去,0
2025/3/22 14:59,女生肯定比男生高音要高的,0
2025/3/22 14:59,面包被拍进了日本恐怖片的画面既视感[捂脸],0
2025/3/22 14:59,@一汀烟雨??,0
2025/3/22 15:00,各干各的活，你让她来工地打混凝土试试,1
2025/3/22 15:00,[赞],0
2025/3/22 15:00,这个拿着手机的有点多余  给手机放车上固定不动都比这强[抠鼻],1
2025/3/22 15:01,[尬笑]地下室比较省费用,1
2025/3/22 15:02,@不朽木. 怪不得听起来那么熟悉[惊喜],0
2025/3/22 15:03,高音厉害[赞],0
2025/3/22 15:03,@小何同学要努力努力 [再见]什么工作室啊拍的稀烂,1
2025/3/22 15:04,？,0
2025/3/22 15:05,哎？不是，这声音，这唱功，简直就是黄霄云啊,0
2025/3/22 15:05,边烤边吹啊，不妨碍[呲牙],0
2025/3/22 15:06,我以为她要随便拉个??呢,1
2025/3/22 15:07,可是连嘴巴开都不开你说不开大，但是开都没开,1
2025/3/22 15:08,这拍的是什么,1
2025/3/22 15:10,好淡定,0
2025/3/22 15:11,黄霄雲团队的拍摄手法有一种生怕她火了的感觉[微笑][左上],1
2025/3/22 15:11,腿有点细啊,1
2025/3/22 15:11,高音共鸣性好强[尬笑],0
2025/3/22 15:14,好听死了[流泪],0
2025/3/22 15:14,不是，咱也要下地库吗[捂脸],0
2025/3/22 15:15,@鱼砸?? ? ??? mayaaa！,0
2025/3/22 15:15,站住,0
2025/3/22 15:16,我说是谁呢  原来是黄霄云[赞][赞][赞],0
2025/3/22 15:16,@Thorestain,0
2025/3/22 15:16,用头声   我也不会[大笑],0
2025/3/22 15:17,@175^ @每天都想睡觉?? 听到后面我都人麻了[微笑],0
2025/3/22 15:18,头腔共鸣,0
2025/3/22 15:19,这样的人间精灵为啥没爆火,0
2025/3/22 15:20,别招黑了呗[尬笑],1
2025/3/22 15:22,有没有一种可能她就是她[看],0
2025/3/22 15:25,这个运镜我也能拍[捂脸],0
2025/3/22 15:26,一人一首歌[抱抱你],0
2025/3/22 15:27,@Backlight. @??,0
2025/3/22 15:30,摄影开除掉吧[尬笑],1
2025/3/22 15:31,nb,0
2025/3/22 15:33,@小学生_8y0 @我是柯北他哥,0
2025/3/22 15:34,黄霄云也是早期的火星人的,0
2025/3/22 15:34,气息，打开内口腔，抬软腭，声音挂在头上[比心],0
2025/3/22 15:35,刚想说出道吧姐，点开主页一看，是歌手。。[憨笑],0
2025/3/22 15:35,这视频拍的我还以为是枪版,0
2025/3/22 15:36,唱他歌可以，千万不要….,1
2025/3/22 15:37,转音完全没有痕迹，一口气直上，这技巧简直是断层式的牛啊[流泪],0
2025/3/22 15:38,@亓·遇,0
2025/3/22 15:38,[暗中观察]有没有同行的搭子,0
2025/3/22 15:38,从好声音就觉得霄云未来可期,0
2025/3/22 15:39,不知道啊，嘴一张就上去了[叹气],1
2025/3/22 15:39,监控还会运镜[尬笑]挺好,0
2025/3/22 15:39,太棒了,0
2025/3/22 15:40,如果不能和作品融合技术再好也只是表层吧！,0
2025/3/22 15:42,我有点晕乎,0
2025/3/22 15:43,很多低级技巧也很好听，只是算不上炫技罢了,0
2025/3/22 15:43,@蜡笔小东,0
2025/3/22 15:43,才看到,0
2025/3/22 15:44,确实也没有,0
2025/3/22 15:44,但是也不少了,0
2025/3/22 15:46,要不大家众筹个稳定器吧[躺平][躺平],0
2025/3/22 15:46,上海刚到广州等我[碰拳][碰拳][碰拳],0
2025/3/22 15:47,好牛啊,0
2025/3/22 15:47,听的我有点大脑缺氧[泣不成声],0
2025/3/22 15:48,最强女版《烟火里的尘埃》这首歌我听了这么久，每一天都在循环播放，我觉得最强海豚音。[看][看],0
2025/3/22 15:48,@小鱿鱼 @奕只哼猪 那个偷偷跑掉的女人是害怕偶遇歌手吗,0
2025/3/22 15:49,每一块爆掉的车窗都得你赔[暗中观察],1
2025/3/22 15:49,[比心][比心],0
2025/3/22 15:49,火星人点赞,0
2025/3/22 15:49,@8月,0
2025/3/22 15:49,面包面包[恐惧][恐惧][恐惧][恐惧],1
2025/3/22 15:50,哇塞,0
2025/3/22 15:58,有颜值有才艺[泣不成声],0
2025/3/22 15:58,@浅忆,0
2025/3/22 15:58,你打混凝土你评价人家干啥,1
2025/3/22 15:58,@~孤街酒客∝ 牛逼,0
2025/3/22 15:58,今晚见[看],0
2025/3/22 15:58,绝命歌姬,1
2025/3/22 15:59,@????????? @啊啊啊,0
2025/3/22 16:00,比原版还是差一点味道,0
2025/3/22 16:00,厉害。,0
2025/3/22 16:02,@模糊噜噜果,0
2025/3/22 16:02,拼多多还说你总差一刀呢[尬笑],0
2025/3/22 16:03,我在赞过了[呲牙]多多支持我们面包的巡演[憨笑][鼓掌],0
2025/3/22 16:03,无敌[流泪],0
2025/3/22 16:06,美声唱法有点 靠后咽壁和腹部发力,0
2025/3/22 16:08,哥们手抖的我差点没认出来[酷拽],0
2025/3/22 16:11,这埃………的我鸡皮疙瘩一身……,1
2025/3/22 16:11,这有种无敌的感觉[捂脸]好听,0
2025/3/22 16:11,刚看视频以为娜娜大仙女[憨笑][憨笑],0
2025/3/22 16:11,@瑶瑶切克闹 @王一一一一一 @用户1977926 这个爽！,0
2025/3/22 16:13,感觉都穿过头顶了,0
2025/3/22 16:14,@纯情男bt 我的妈这高音[噢买尬][噢买尬],0
2025/3/22 16:15,@犯困 @肆蛋总 @雾?? @麻辣小土豆子 @_11 @左耳 @x.. @扬扬不是杨洋 @西巷下小雨,0
2025/3/22 16:16,@心若 @村尾杰夫 @q猫猫 @??????????·??·?? @可乐加不加冰啊 @??我会发着呆，然后忘记你 @??淑芬芬芬芬芬儿? @澈 @纳兹 吃点细糠,0
2025/3/22 16:20,鸡皮疙瘩，头皮发麻,1
2025/3/22 16:22,陌生人  生日快乐,0
2025/3/22 16:23,不愧是黄霄云,0
2025/3/22 16:23,看来今晚唱这首,0
2025/3/22 16:23,但从实际上也可以做到后面的高音不张嘴,0
2025/3/22 16:33,嘴张大声音会散开就不会这么有穿透力了,0
2025/3/22 16:34,[发呆][发呆][发呆],0
2025/3/22 16:43,这口气比我的命都长,0
2025/3/22 16:46,分身乏术[我想静静],0
2025/3/22 16:46,话语乐坛顶流[赞][赞],0
2025/3/22 16:48,你记住  虽然你唱的不错  但这里是抖音   所以你还得练   懂了不[看],1
2025/3/22 16:48,@ASCE @点我主页不迷路???? @YS、,0
2025/3/22 16:50,@溯su 热歌来了 泛音练起来,0
2025/3/22 16:50,[我想静静]我下辈子非娶你不行,1
2025/3/22 16:57,你们小区物业不管吗,0
2025/3/22 16:59,已经练过了,0
2025/3/22 16:59,怕扰民,0
2025/3/22 16:59,她怎么随地放大招啊,1
2025/3/22 17:01,@刘瀚景: 黄霄雲团队的拍摄手法有一种生怕她火了的感觉[微笑][左上],0
2025/3/22 17:02,后期吧,0
2025/3/22 17:02,但凡处理过都不会这么好听[偷笑]咱面包是这样的[送心],1
2025/3/22 17:03,牛啊,0
2025/3/22 17:03,以后发财了，找对象就按这个标准[黑脸],0
2025/3/22 17:04,蛮尴尬的……,0
2025/3/22 17:05,汗毛竖起来了,0
2025/3/22 17:06,@. @promise [恐惧][赞],0
2025/3/22 17:06,这是怎么发声的呀？感觉嘴只张一点[尬笑],0
2025/3/22 17:07,从听蝴蝶夫人开始就喜欢上她了，太牛了，这女孩该大火的[比心][比心][比心],0
2025/3/22 17:07,你给我艾特到黄霄云小号来了[宕机],1
2025/3/22 17:10,单论机能这一块儿，毫无疑问是95后这些女歌手里，第一的存在。,0
2025/3/22 17:11,我试过，高音是靠天灵盖的，之前使劲后，学这种海豚音，震得我连天灵盖嗡嗡的,0
2025/3/22 17:12,@止步喜欢 [快哭了][快哭了][快哭了],0
2025/3/22 17:14,哈哈门关紧了练,0
2025/3/22 17:14,@彩带先生的流萤小姐～ @月亮弯弯. @存款特种兵 我里个豆儿,0
2025/3/22 17:16,感觉拍的不太行啊[捂脸],0
2025/3/22 17:18,鸡皮疙瘩,1
2025/3/22 17:19,@回意^ @985的??????????. @希忘.hope. @?? @小悔 @诸葛青 @顾少不是舔狗 @？ . @忍冬.,0
2025/3/22 17:19,不愧是国家队[流泪],0
2025/3/22 17:24,不仅声音像，长得也有点像[泣不成声],0
2025/3/22 17:24,怎么还吓跑了一个[泪奔],1
2025/3/22 17:24,这唱功了得 高音??[打call],0
2025/3/22 17:25,@清晨的狗叫,1
2025/3/22 17:25,三天三夜哥的双手抱头那个表情包呢,0
2025/3/22 17:26,@有时候 @子非余 @醉z.江南,0
2025/3/22 17:26,抽象的拍摄手法[给力],0
2025/3/22 17:26,她的现场唱这种音嘴也只张一点，应该是一种技巧吧,0
2025/3/22 17:27,感觉我手机都在震,0
2025/3/22 17:28,小    小姨妈。。。。[看],0
2025/3/22 17:29,谢谢你啊，你不说我都不知道[看][看][看],0
2025/3/22 17:29,@小北极熊 @见春天,0
2025/3/22 17:29,摄影师不专业啊,1
2025/3/22 17:30,@柴可夫大肚腩 她好厉害,0
2025/3/22 17:30,五组游龙,0
2025/3/22 17:30,宝贝，我从来都没觉得唱的好是一种罪，说你唱歌套公式也好，说你像ai一样也好，希望你明白，你的天赋无法被复制，你的努力无法被埋没，时间会给出证明[玫瑰],0
2025/3/22 17:33,运镜的不行,0
2025/3/22 17:34,@陷. @杰园99（拒绝贴脸） @洁??? @爆炒小辣椒 @chdufvl 我抖音里都是这个歌[黑脸],0
2025/3/22 17:36,头声我鸡皮疙瘩都起来了,1
2025/3/22 17:36,@龍飞在天 好牛[舔屏],0
2025/3/22 17:39,阔以阔以，应该比原唱好听[机智],0
2025/3/22 17:39,我也唱了，但没人听,0
2025/3/22 17:42,[比心][比心][比心][比心][比心][比心]就只想点赞[舔屏],0
2025/3/22 17:42,@凌乱喵 后面高音绝了,0
2025/3/22 17:43,拍的什么哦,1
2025/3/22 17:43,面包 你这个手势好像三天三夜 你是不是搞笑视频看多了[舔屏],1
2025/3/22 17:43,[愉快],0
2025/3/22 17:45,[捂脸],0
2025/3/22 17:45,@《$》 @sheeeeep 我的老天,0
2025/3/22 17:46,[色][色][色],1
2025/3/22 17:46,他的重点不是在于搜索头声，在于教教我,0
2025/3/22 17:47,我不行了,0
2025/3/22 17:48,不会拍给我拍好吗[泣不成声],1
2025/3/22 17:51,@八点姑娘,0
2025/3/22 17:51,@Tianqing,0
2025/3/22 17:52,住哪里可以听现场[呲牙],0
2025/3/22 17:53,完美[爱心],0
2025/3/22 17:53,不是 這誰拍的 能答應我下次別拍了嗎[微笑],1
2025/3/22 17:55,你学学,1
2025/3/22 17:56,牛死了,1
2025/3/22 17:57,人家专业第一毕业[看],0
2025/3/22 17:57,黄霄云姐姐唱的也好好听,0
2025/3/22 18:00,同情兄弟被骂了[捂脸],0
2025/3/22 18:02,@对太阳说晚安.,0
2025/3/22 18:04,@然后呢？,0
2025/3/22 18:05,我肯定教不了呀。所以让她去搜，那么多博主有教[看],0
2025/3/22 18:07,这么会拍不要命啦[憨笑],0
2025/3/22 18:10,拍摄的人这辈子和摄影师行业说拜拜了[憨笑],1
2025/3/22 18:11,你這個運鏡是生怕我看得清她嗎[疑问][疑问][疑问],1
2025/3/22 18:12,@或许不是不闲 @Quike @海底世界 @白煜铖 @小郑好困,0
2025/3/22 18:13,听得我头皮发麻[比心],0
2025/3/22 18:17,好清脆[猪头],1
2025/3/22 18:17,这个脑子共鸣可真厉害[赞],0
2025/3/22 18:18,老婆,0
2025/3/22 18:18,摄影师今日工资九块九,0
2025/3/22 18:19,牛啊,0
2025/3/22 18:19,有的歌手追求的是实力，有的歌手追求的是观众共鸣,0
2025/3/22 18:22,[宕机],0
2025/3/22 18:23,十二三岁变声期的时候我就天天唱这个音调，后来嗓子废了[流泪],0
2025/3/22 18:24,"只剩下六十九了，可是好喜欢拍摄记录啊，好想买一个摄像机只剩下六十九了，可是好喜欢拍摄记录啊，好想要一个protect3记录生活[流泪][流泪][流泪]好喜欢pocket3啊，真的好好看刚好想去旅行拍点照，记录一下美好的生活，想拿去拍拍祖国的大好河山能不能出啊想去旅行拍点照，记录一下美好的生活，
想拿去拍拍祖国的大好河山能不能出啊",0
2025/3/22 18:25,这么会场，不要命了,1
2025/3/22 18:25,妈呀，天灵盖的高音,0
2025/3/22 18:27,@草尾巴狗? @耶耶耶 @填海,0
2025/3/22 18:27,修音了没有？,0
2025/3/22 18:28,太牛了,0
2025/3/22 18:28,闭口高音比我嘴撕裂了都高[呲牙],0
2025/3/22 18:28,@y.7 懂不懂我以前真的很喜欢这个歌,0
2025/3/22 18:30,@茎叶填海,0
2025/3/22 18:30,不光会运镜，还会推镜头[白眼],1
2025/3/22 18:30,修不修都很好听啊 霄雲很多清唱在网上 你自己去听啊 实力摆在眼前,0
2025/3/22 18:32,刻如意[捂脸]唱如爽[捂脸],0
2025/3/22 18:33,什么时候苏州巡演给我一张票，我手慢抢不到[微笑袋鼠][微笑袋鼠],0
2025/3/22 18:34,唱的真好，只可惜没有辨识度,0
2025/3/22 18:35,哈哈哈哈哈哈哈哈帕金森级别的。。。,1
2025/3/22 18:35,黄霄云太会唱了,0
2025/3/22 18:35,@?? 不亏是花腔女高音[流泪][流泪][流泪],0
2025/3/22 18:36,有点像小姨妈,0
2025/3/22 18:36,小黄唱的第五元素和夜后咏叹调，老师：我们抒情女高不适合[笑哭],0
2025/3/22 18:36,@小可??,0
2025/3/22 18:38,这个混音真的无敌，好听,0
2025/3/22 18:39,我擦，好牛,1
2025/3/22 18:39,@云漫 牛啊[强壮][强壮][强壮],0
2025/3/22 18:40,她低头都能飚那么高[泣不成声],1
2025/3/22 18:44,太强了跪着听,0
2025/3/22 18:46,《拍同款》,0
2025/3/22 18:49,灭掉世界的高音…,1
2025/3/22 18:50,@口水多过茶 @冰岛没有椰子树 @x准备发财了,0
2025/3/22 18:50,[发呆][发呆][发呆],0
2025/3/22 18:51,@Lime 我去,1
2025/3/22 18:52,音真高[比心],0
2025/3/22 18:52,监控说是,0
2025/3/22 18:53,她是歌手啊,0
2025/3/22 18:54,怎么姐夫也在停车场的柱子里,1
2025/3/22 18:57,我的天，强的只能韩红过来一战[大笑],1
2025/3/22 18:59,我的天呐鸡皮疙瘩起一地[舔屏][舔屏][舔屏],0
2025/3/22 19:00,怎么证明是真唱,0
2025/3/22 19:00,头皮发麻,0
2025/3/22 19:00,@never @西瓜椰椰冰 好牛[九转大肠],0
2025/3/22 19:02,[泣不成声][泣不成声][泣不成声],0
2025/3/22 19:02,不张嘴的高音，只能是黄霄云了[捂脸]太轻松了,0
2025/3/22 19:03,啊啊啊啊啊天呐太好听了,0
2025/3/22 19:03,@上岸中的火星人???,0
2025/3/22 19:05,没换气 牛,1
2025/3/22 19:06,没注意看是谁发的视频，还以为那个路人对嘴型呢，看着都不像在唱歌。,0
2025/3/22 19:06,唱功太绝了,0
2025/3/22 19:07,停车场的天然混响可能都不比你的录音室差[看][灵机一动],0
2025/3/22 19:09,车玻璃碎了，那就糟了[捂脸][捂脸][捂脸],0
2025/3/22 19:11,我从不相信镜头里看到的东西,1
2025/3/22 19:11,好好好,0
2025/3/22 19:12,好好听的歌,0
2025/3/22 19:12,头腔,1
2025/3/22 19:16,头声不用张很大嘴，别人不知道，反正我唱头声的时候嘴巴要是开很大就会漏气上不去了,0
2025/3/22 19:17,扎着双马尾飙高音[宕机]是反差吗,0
2025/3/22 19:17,[赞][赞][赞],0
2025/3/22 19:20,基本告别摄影行业了,0
2025/3/22 19:20,emmm黄霄云可以请华晨宇去，但是黄霄云这种唱法不适合来火星演唱会当嘉宾耶[憨笑],0
2025/3/22 19:21,看到是你挑战那我就放心了[大笑][赞],0
2025/3/22 19:21,只能说你的星辰大海是你的巅峰了，剩下的都是靠翻唱。,1
2025/3/22 19:22,为什么让我想起了这个[衰],1
2025/3/22 19:22,我跟你说，那天我真在停车场听到鬼叫，不开玩笑[流泪],0
2025/3/22 19:23,@hihi 这个牛逼。,0
2025/3/22 19:25,哈？！怎么唱上去的这么高的音！,0
2025/3/22 19:26,[赞][赞][赞],0
2025/3/22 19:28,哈哈的歌就是好听，j黄霄云唱的也好[赞],0
2025/3/22 19:29,直接把车库拍全可能怕有人认出来然后出事？,0
2025/3/22 19:29,这怎么听着比那啥忘了。听着舒服,0
2025/3/22 19:29,[愉快]牛逼啊,0
2025/3/22 19:32,这是人家小号 [赞],0
2025/3/22 19:33,为什么有人会觉得嘴巴长大音才上去[泪奔]她是用胸腔共鸣然后嗓子大声，和嘴巴张大有啥关系。,0
2025/3/22 19:33,@不懂猫的薛定谔 [黑脸],1
2025/3/22 19:35,这确定是我听过的那首歌吗[泣不成声][泣不成声][泣不成声],0
2025/3/22 19:36,发，打错了[害羞],0
2025/3/22 19:42,我去你们还放啊[泣不成声],1
2025/3/22 19:43,那当然了,0
2025/3/22 19:44,这是真人啊,0
2025/3/22 19:46,太牛了,0
2025/3/22 19:47,这车库的摄像头……还有这么强的收音功能……我们小区的摄像头连人长什么样都看不到……[捂脸][捂脸],0
2025/3/22 19:47,21.6,0
2025/3/22 19:47,谁家监控会乱动,0
2025/3/22 19:48,哇！！！鸡皮疙瘩起来了姐[色][色][色],1
2025/3/22 19:48,小黄，停车场自带混响,0
2025/3/22 19:49,@小黑 @荷包蛋,0
2025/3/22 19:49,@@熠,0
2025/3/22 19:51,@M. 丢 鸡皮疙瘩起来了,0
2025/3/22 19:52,来来来，教我拍同款[鄙视][鄙视][鄙视],1
2025/3/22 19:52,@下雨天??,0
2025/3/22 19:53,你是还是人吗？你简直是神！,0
2025/3/22 19:54,雲雲我好爱你[色][色][色][色][色][色][色][玫瑰][玫瑰][玫瑰][玫瑰][玫瑰][玫瑰][玫瑰][玫瑰][玫瑰][玫瑰][玫瑰][玫瑰][玫瑰][玫瑰][玫瑰][玫瑰][玫瑰][玫瑰][玫瑰][玫瑰][玫瑰][玫瑰][玫瑰][玫瑰][玫瑰][玫瑰][玫瑰][玫瑰][玫瑰][玫瑰][玫瑰][玫瑰][玫瑰][玫瑰][玫瑰][玫瑰][玫瑰][玫瑰][玫瑰][玫瑰][玫瑰][玫瑰][玫瑰][玫瑰][玫瑰][玫瑰][玫瑰][玫瑰][玫瑰][玫瑰][玫瑰][玫瑰][玫瑰][玫瑰][玫瑰][玫瑰][玫瑰][玫瑰][玫瑰][玫瑰][玫瑰][玫瑰][玫瑰][玫瑰][玫瑰][玫瑰][玫瑰][玫瑰][玫瑰][玫瑰][玫瑰][玫瑰][玫瑰][玫瑰][玫瑰][玫瑰][玫瑰][玫瑰][玫瑰][玫瑰][玫瑰][玫瑰][玫瑰][玫瑰][玫瑰][玫瑰],1
2025/3/22 19:57,@氢氧化钙片 [发呆][发呆][发呆][发呆][发呆][发呆][发呆],0
2025/3/22 19:58,我怎么一暂停你就不唱了呢,0
2025/3/22 19:58,声音能这么高？,0
2025/3/22 19:58,[玫瑰][玫瑰][玫瑰]太棒啦,0
2025/3/22 19:59,换个摄影会更好[捂脸],0
2025/3/22 20:00,屏幕边边我以为我手机坏了呢,0
2025/3/22 20:01,天呐噜厉害了,0
2025/3/22 20:04,车子没报警呢,0
2025/3/22 20:04,故意拍的不好是吧[色],1
2025/3/22 20:05,谁家监控360度转？回答我！[宕机],1
2025/3/22 20:05,摄影师开除[看],1
2025/3/22 20:05,强的离谱,1
2025/3/22 20:05,@冷清,0
2025/3/22 20:07,好棒,0
2025/3/22 20:09,明天群里都传疯了：地下车库闹鬼，老吓人了[捂脸],0
2025/3/22 20:12,@卓小肥 厉害哦[呆无辜],0
2025/3/22 20:12,第二个张靓颖,0
2025/3/22 20:13,这个运镜让我感觉路途好颠簸?????,0
2025/3/22 20:13,黄霄云的鼻腔打通到了咽喉部，所以音域极宽，邓紫棋鼻腔打不通，所以只能靠压缩，听感差,1
2025/3/22 20:13,@芒??_ @大声笑怎么了 [色][色][色],1
2025/3/22 20:13,@ZY自由主义者(元梦之星) 听到这首歌的印象：这首歌好听，我要唱[呲牙]→怎么还没唱完[微笑]→音这么高[捂脸]→音还能更高？还拖这么久？[震惊]→打扰了，唱不了一点[衰],0
2025/3/22 20:13,怎么没回声[思考],0
2025/3/22 20:14,听华晨宇唱能听到故事，能听到心声[流泪]能得到共情[流泪][流泪]虽然黄霄云唱的很好听，但是只停留在好听[流泪]感觉只是调子对了[流泪][流泪]（个人感觉不喜勿喷）,0
2025/3/22 20:15,[看][看][看],0
2025/3/22 20:15,车库惊魂[微笑][微笑][微笑],0
2025/3/22 20:16,好好听[抱抱你],0
2025/3/22 20:16,额，你仔细听吧,0
2025/3/22 20:16,想建一个唱歌群[捂脸][捂脸],0
2025/3/22 20:19,第一次知道黄霄云和认识她,0
2025/3/22 20:20,从此告别摄影,0
2025/3/22 20:20,@睡觉不盖被子,0
2025/3/22 20:20,唱的不错，但是这是在抖音还得练[看],0
2025/3/22 20:20,@ODY（科研版) 高音这么容易吗[绝],0
2025/3/22 20:22,唱的这么好,0
2025/3/22 20:22,歌超级好，拍摄垃圾得很,1
2025/3/22 20:23,这么年轻吗？？我一直以为她都四五十岁了[发呆][发呆],0
2025/3/22 20:24,为什么我一直没找到现场版,0
2025/3/22 20:24,@鸽子 好好听,0
2025/3/22 20:25,妈呀最后嘴巴都快闭上了音还这么高，跟腹语似的,0
2025/3/22 20:27,头声,0
2025/3/22 20:27,@折枝,0
2025/3/22 20:28,哇，太厉害了，希望霄雲和深深能有机会多多合作呀，都很喜欢,0
2025/3/22 20:29,[泪奔],0
2025/3/22 20:29,看得我晕头转向的,0
2025/3/22 20:30,这监控可太棒了,0
2025/3/22 20:30,这首歌确实只有华晨宇唱的出那个味，其他人也好听但是差点意思,0
2025/3/22 20:30,还记得当年就是听了这首歌开始喜欢华晨宇，越挖掘越发现华晨宇真的是宝藏，好听的歌太多了,0
2025/3/22 20:30,华晨宇的这首歌真的太经典了，上学那会儿天天听天天唱，现在还那么火,0
2025/3/22 20:31,在车库为什么那些车没有呦唔呦唔呦唔的响,0
2025/3/22 20:31,黄霄雲的实力我们都有目共睹的，宝宝们就不要怀疑是假唱啦[比心],0
2025/3/22 20:31,这叫呼吸感[看],0
2025/3/22 20:31,[流泪]天籁！,0
2025/3/22 20:32,明明是你在唱歌为啥能顶到我的天灵盖[黑脸][黑脸],1
2025/3/22 20:33,朵莉亚,0
2025/3/22 20:33,之前还有人说人家喜欢炫技 这对人家来说就是喝水一样简单啊[求求了],0
2025/3/22 20:34,真不敢想是人体发出来的声音，谁懂啊,1
2025/3/22 20:36,强的一批[赞],0
2025/3/22 20:36,哇塞太牛了,0
2025/3/22 20:37,太顶啦??[大笑][大笑][大笑],0
2025/3/22 20:42,她音是真的牛,0
2025/3/22 20:43,这是su7吗,0
2025/3/22 20:43,高音的部分交给我好吗[绿帽子],1
2025/3/22 20:43,今晚唱了吗？,0
2025/3/22 20:43,@懒人鞋也超级喜欢君君,0
2025/3/22 20:45,都在哪巡演,0
2025/3/22 20:45,特斯拉model3焕新版[呆无辜],0
2025/3/22 20:46,@心缘. 我滴妈[憨笑],0
2025/3/22 20:47,头皮发麻,0
2025/3/22 20:48,@lg520  [赞],0
2025/3/22 20:48,@???????? 哈哈哈哈哈,0
2025/3/22 20:48,22.6了,0
2025/3/22 20:52,[玫瑰],0
2025/3/22 20:53,唱功没的说，有一个小小的建议，就是原唱尘埃的第三声有一个啸叫，就像烟花爆炸的绚烂的场景，然后后面的声音像是慢慢归于平静，我觉得华晨宇的唱法可以借鉴一下,0
2025/3/22 20:53,监控卖我[微笑],1
2025/3/22 20:57,@懒石榴虫,0
2025/3/22 20:57,我本来也是计划唱歌这么好听的[笑哭],0
2025/3/22 20:57,@Alone @绝望的直女 @情绪循环曲 @木槿花?? @Yik11. @Gardenia?? 我的老天奶。,0
2025/3/22 20:58,杀死比赛,1
2025/3/22 20:58,K老师不仅王者玩的好 点评也好的[鼓掌],0
2025/3/22 20:59,我就是我？[微笑],0
2025/3/22 20:59,听着好舒服,0
2025/3/22 21:00,@-杉杉次- 我就说普通音专生怎么可能有这个实力，太权威了,1
2025/3/22 21:00,@-杉杉次- 之前就是听她唱才知道人能唱,0
2025/3/22 21:01,监控根本不会这样上下晃动,0
2025/3/22 21:03,好听[比心],0
2025/3/22 21:03,可以说一下哪家监控牌子么，求链接,0
2025/3/22 21:04,@iok,0
2025/3/22 21:07,好听,0
2025/3/22 21:08,这个这绝了,0
2025/3/22 21:08,支持！,0
2025/3/22 21:10,运镜差评  [噢买尬][不你不想]晕的我想吐  全靠歌唱实力撑着@爱钱钱要发财 @站在天平的两端非常的为难,1
2025/3/22 21:10,@小伍见大巫,0
2025/3/22 21:11,直接把酷狗平台华晨宇的原版给唱没版权了,1
2025/3/22 21:12,后面都感觉不到她的音声了[泣不成声],0
2025/3/22 21:12,终于听到了[泣不成声],0
2025/3/22 21:13,华晨宇只有网易云独家版权，其他平台都没有,0
2025/3/22 21:13,牛,0
2025/3/22 21:14,开战了来晚了[泣不成声],0
2025/3/22 21:14,摄影是怎么了[尬笑],1
2025/3/22 21:15,98的[捂脸],0
2025/3/22 21:17,我的错[捂脸],0
2025/3/22 21:18,我爱小黄,0
2025/3/22 21:19,左边这闪的是啥啊 我以为我手机坏了,0
2025/3/22 21:20,@萧沁心 张老师，我要学这个[看],0
2025/3/22 21:20,好听好听[惊喜],0
2025/3/22 21:20,因为后面的高音是头声 头声重在找共鸣 不依赖张大嘴把声音打出去,0
2025/3/22 21:20,@好想吃面包蛋糕芝士 快来接战[泣不成声],1
2025/3/22 21:21,都有 估计是模仿监控的视角[黑脸],0
2025/3/22 21:21,有什么办法改掉唱歌夹音[捂脸],0
2025/3/22 21:23,在这段热度涨起来之前酷狗一直可以听，我一直听到现在，然后突然说暂时无版权了[捂脸],0
2025/3/22 21:23,拍的啥啊，不行让我去拍吧[鞠躬],0
2025/3/22 21:24,唱高音的，秀夹子音的，打八极拳的，打铁花的都来车库录视频了[捂脸][捂脸][捂脸],0
2025/3/22 21:26,[看],0
2025/3/22 21:26,@补药骗我棍子 [赞],0
2025/3/22 21:27,@[比心],0
2025/3/22 21:27,棒棒的加油！,0
2025/3/22 21:28,头声是这样的,0
2025/3/22 21:30,成功把美女拍成恐怖片的感觉[猪头][捂脸],1
2025/3/22 21:30,芜湖，给娃听爽了,0
2025/3/22 21:33,是不是觉得是假唱[泪奔]，这个早几年前就有人尬黑过了,1
2025/3/22 21:34,人家就是要这种效果,1
2025/3/22 21:34,23.3,0
2025/3/22 21:35,华晨宇演唱会很早开始就不请嘉宾了[感谢][比心],0
2025/3/22 21:35,他的歌除了他自己谁唱都好听[尬笑],1
2025/3/22 21:35,拼多多还说你打败了99.99%的用户呢[抠鼻],0
2025/3/22 21:35,@柒柒 @云??,0
2025/3/22 21:36,谁在拍,0
2025/3/22 21:36,她的声音唱王力宏的落叶归根一定封神,0
2025/3/22 21:36,牛逼,0
2025/3/22 21:37,太牛了,0
2025/3/22 21:38,@想拥有坚硬躯壳? @LYN 好惊讶[赞],0
2025/3/22 21:41,他们嘲笑你只会技巧只是羡慕你的天赋,0
2025/3/22 21:43,高音毫不费力啊[比心],0
2025/3/22 21:44,这个歌我很喜欢 但是黄的高音太高,0
2025/3/22 21:44,教笛子艺考可以啊，挺挣钱的,0
2025/3/22 21:46,转个圈不是更好认全了吗,0
2025/3/22 21:47,@珍妮玛士多,0
2025/3/22 21:48,这穿透力我的天哪太牛了,0
2025/3/22 21:49,鸡皮疙瘩都起来了,1
2025/3/22 21:49,@裴多菲 哪里发的音[黑脸][黑脸],1
2025/3/22 21:49,大半夜的吓死人吗,1
2025/3/22 21:50,不知道她烤的饼好不好吃,0
2025/3/22 21:50,怪不得叫黄霄云，唱的可以直冲云霄[灵机一动],0
2025/3/22 21:50,@续章 好有力量的穿透力,0
2025/3/22 21:51,@热成狗 @洛今妤 @陈翊晟 @Euphonium @胡烟乱雨 @找薄荷暖手 @(?????)? @砸掉小狗饭盆 @Mars Romance @唏哩呼噜 @……. @这是个好名字 @懒 @Lost Rivers. @黄子健 来来来 都洗洗耳朵[看][看][看],0
2025/3/22 21:53,@南风知我意 @扮乖 @半颗呆瓜,0
2025/3/22 21:54,这歌十多年了，我还在听,0
2025/3/22 21:54,视频能不恍不？,0
2025/3/22 21:54,我也好想去车库听不花钱的演唱会。[呲牙],0
2025/3/22 21:58,@Gy.氧气?? 哈哈哈哈哈哈哈,0
2025/3/22 22:00,我嘞个豆啊,0
2025/3/22 22:00,@cool --文,0
2025/3/22 22:01,有一说一，还是原唱好听[泣不成声],0
2025/3/22 22:03,@?北梦曦月???,0
2025/3/22 22:04,感觉没用力，声音就这样出来了[赞][赞],0
2025/3/22 22:05,嘴巴都没反应这真的拉高音了吗[暗中观察],1
2025/3/22 22:06,这高音真的绝,0
2025/3/22 22:08,这位粉丝的账号流量挺好啊，都287万粉丝了,0
2025/3/22 22:08,牛逼！,0
2025/3/22 22:11,蛙趣,0
2025/3/22 22:13,[黑脸],1
2025/3/22 22:14,@歘,0
2025/3/22 22:14,@猴点点 催更,0
2025/3/22 22:15,地下车库全亮,0
2025/3/22 22:15,nb,0
2025/3/22 22:15,@?????? ????????,0
2025/3/22 22:17,这嗓子没得说,0
2025/3/22 22:18,摄影师你睡得着,1
2025/3/22 22:22,太厉害了,0
2025/3/22 22:22,这个谁的歌哦,0
2025/3/22 22:22,@监利时代广场    我要是在时代广场停车场唱歌会不会有人管,0
2025/3/22 22:23,华晨宇的,0
2025/3/22 22:23,@吕某人,0
2025/3/22 22:25,@小赞 @Fen. 后面的那个吟唱 简直了 好绝,0
2025/3/22 22:25,你能不能也学学[愉快],0
2025/3/22 22:25,@G,0
2025/3/22 22:25,Australian[发呆][发呆][发呆],0
2025/3/22 22:26,老公你要我的命我可以直接给你[快哭了],1
2025/3/22 22:26,"Hello, my name is john.",0
2025/3/22 22:26,@好吃的妙脆角,0
2025/3/22 22:26,真厉害,0
2025/3/22 22:26,@toya 我去，我还记得我之前知道还是在王牌对王牌，感觉没过多久啊[流泪][流泪][流泪],0
2025/3/22 22:29,华晨宇,0
2025/3/22 22:29,又美又有实力,0
2025/3/22 22:30,@??.華 这高音好厉害,0
2025/3/22 22:32,摄影师你能不能稳当的,1
2025/3/22 22:33,[黑脸][黑脸],1
2025/3/22 22:33,太好听了,0
2025/3/22 22:34,老子以为我手机出问题了,0
2025/3/22 22:34,我滴个超绝高音@Lars我啦！??,0
2025/3/22 22:35,@小糍粑,0
2025/3/22 22:35,什么时候可以出一整首呀,0
2025/3/22 22:35,天生的,1
2025/3/22 22:35,怎么说呢，一整条视频下来没清楚的识别出脸,0
2025/3/22 22:37,@永不散场??,0
2025/3/22 22:39,@芝士小鱼. 我去，这太牛逼了,0
2025/3/22 22:39,我没那么强的穿透力[黑脸],0
2025/3/22 22:40,这摄影 基本可以告别这个行业了,1
2025/3/22 22:41,这是云云本人的号吗？,0
2025/3/22 22:44,她可是唱过人鱼之歌的人呐！！！,0
2025/3/22 22:45,最喜欢的女歌手,0
2025/3/22 22:46,歌手为什么不唱 [流泪][流泪],0
2025/3/22 22:46,好空旷的声音[猪头][猪头],1
2025/3/22 22:48,哈哈哈哈哈哈哈哈哈哈真的好好笑,0
2025/3/22 22:48,谁拍的，回家吧,1
2025/3/22 22:51,有种我去车库我也行的错觉,1
2025/3/22 22:52,@lin:) @冬成絮 @Hbyg 我天黄霄云居然有小号,0
2025/3/22 22:52,是的[抱抱你],0
2025/3/22 22:53,唱的好,0
2025/3/22 22:54,在停车场另一边的人：吓我一雷,0
2025/3/22 22:54,但是但是空空无人的地下室会不会下到人[不失礼貌的微笑],0
2025/3/22 22:55,直冲天灵盖[鼓掌],0
2025/3/22 22:56,牛逼,0
2025/3/22 22:56,@灰勒塔德?乾兔 嗓子确实好,0
2025/3/22 22:56,"如果这能叫做运镜，感觉拍这条视频的并不是摄影师。
哪怕最后那个高音他蹲下来仰拍都很好，光线逆着打过来。
但他就在那转两圈，不知道他拍什么，即使我不懂摄影也能看得出来拍的差",1
2025/3/22 22:56,这运镜[绝],0
2025/3/22 22:57,牛逼牛逼[赞],0
2025/3/22 22:58,肯定不是唱的，你以为你黄霄雲啊[困],1
2025/3/22 22:58,@小赖同学o?2?,0
2025/3/22 22:58,麻麻，她为什么不搭理我啊,0
2025/3/22 22:59,完美[捂脸]。,0
2025/3/22 23:00,妈呀 第一次清楚的感受到头音  感觉我比他们少项功能,0
2025/3/22 23:02,如果是团队的人拍的话，拍摄手法需要稍微上点心，如果是朋友拍的话，当我没说,0
2025/3/22 23:03,@醉骨骨骨骨！ 我不中了，,0
2025/3/22 23:04,@槿汐 @想怎样???? @甜桔 @听潮涌 @代替落日说晚安～ @小凡不烦,0
2025/3/22 23:07,我刚想说这是我听到翻唱最好听的才看到名字[眼含热泪],0
2025/3/22 23:08,[捂脸][捂脸][捂脸],0
2025/3/22 23:08,@林七夜 @User_66666666 @虞兮 @吃饱但饿了 @Mr.j,0
2025/3/22 23:08,能不能去国际舞台大杀四方,0
2025/3/22 23:11,绝了,0
2025/3/22 23:13,@忧郁少女愿. @李相夷 @流木.L @尊师 @李莲花?? @雫 @摩尔曼斯克 @好多米. @3599.,0
2025/3/22 23:14,你。@只吃花.,0
2025/3/22 23:14,我勒个豆。麻了直接[流泪],0
2025/3/22 23:15,学习第一名的就是比坐最后一排的富二代唱的好[看],1
2025/3/22 23:16,什么时候监控有这功能了？,0
2025/3/22 23:19,你的版本真的百听不厌啊,0
2025/3/22 23:20,嗓子跟口哨一样，给气就上,0
2025/3/22 23:20,@张郁梓 宝宝你想试试么[坏笑],1
2025/3/22 23:21,晃得想吐 又想多听几遍[微笑],0
2025/3/22 23:21,只喜欢她版本的这首歌,0
2025/3/22 23:22,长相不错，唱功也一流，感觉就是缺几首自己的代表歌曲就能大火了,0
2025/3/22 23:22,@鸭鸭不比 [泣不成声],0
2025/3/22 23:22,杨超越这么能唱啊,0
2025/3/22 23:22,@拟菫花兰 @PoisonDoc,0
2025/3/22 23:22,好好听啊,0
2025/3/22 23:23,[赞][赞][赞],0
2025/3/22 23:23,同意[比心],0
2025/3/22 23:23,海妖[流泪][流泪][流泪],0
2025/3/22 23:24,应该不会[呲牙],0
2025/3/22 23:25,[思考],0
2025/3/22 23:26,嗯…时间没错,0
2025/3/22 23:27,不喜欢华宇晨，但是喜欢黄霄云啊[舔屏][舔屏][舔屏],0
2025/3/22 23:27,真是？？？,0
2025/3/22 23:28,这样看是很厉害啊  为什么直播歌手的时候气息漂浮不定？,0
2025/3/22 23:29,摄像师的戏比唱歌的还多,1
2025/3/22 23:30,@YANG,0
2025/3/22 23:31,@TA 听完好牛[赞],0
2025/3/22 23:31,假声，头腔共鸣,0
2025/3/22 23:32,虽然也很好听，但是花花是永远的神[看],0
2025/3/22 23:36,要是本身就有能力把声音拉长到那么高的话 当然就不用通过张大嘴扩大空间了呀,0
2025/3/22 23:39,这个高音都不用张嘴[发呆],0
2025/3/22 23:39,好强啊！,0
2025/3/22 23:40,拍的人生怕她活了,1
2025/3/22 23:40,能这么轻松的发出这么高质量的头声天赋占大头了，天赋非常好又很努力，我会头声，第二段吟唱开头那个音我头声都上不去，更别提质量了（我的声乐老师也说我天赋差点[捂脸]）,0
2025/3/22 23:40,黄，是真牛逼太厉害了,0
2025/3/22 23:41,黄霄云的嗓音简直是天籁级别的[赞],0
2025/3/22 23:41,嘁，这对她来说不是轻轻松松,1
2025/3/22 23:41,@eellulu 学学这个吧你哈哈哈哈哈哈,1
2025/3/22 23:41,@ZZZ @修狗牌星冰乐 @喜雨 @某卿 @爆米小花 好牛,0
2025/3/22 23:41,@Smile 我去,1
2025/3/22 23:42,@Puppy” @Gbqr.?? 牛死了她,0
2025/3/22 23:45,厉害yaaaaa,0
2025/3/22 23:46,哪个车库，我过去等一个月,0
2025/3/22 23:47,@妮查大少爷 想试 但是会被嫌吵,0
2025/3/22 23:47,快赶上黄霄云了[看],0
2025/3/22 23:47,直冲云霄,0
2025/3/22 23:48,@山秋晚,0
2025/3/22 23:48,这么轻松[憨笑]@??爱吃鱼的Dora??,0
2025/3/22 23:48,再抖再抖，都看不清了,0
2025/3/22 23:50,把手机放在后脑勺试一下[比心][比心]你会有不一样的感觉,0
2025/3/22 23:50,@小由 这么轻松的吗那我唱到缺氧算什么[愉快],0
2025/3/22 23:51,算你有气,1
2025/3/22 23:51,转音真牛,0
2025/3/22 23:51,霄雲，下次把高音交给我[灵机一动],0
2025/3/22 23:51,没气儿了[愉快],0
2025/3/22 23:53,@爱吃炸酱面,0
2025/3/22 23:53,[捂脸][捂脸][捂脸],0
2025/3/22 23:55,@戏子无期,1
2025/3/22 23:55,哈哈哈哈哈哈哈,0
2025/3/22 23:56,@哈哈嘻嘻嘿嘿 @pH试纸 @T.r @Yuucccc @Pomelo_ @luuuuu?? @流梦时年 @sunyitong @黄钰杰（双击太阳穴） @癮礙?(???????) 这名字整得我以为她是个假号[憨笑],0
2025/3/22 23:59,这不是现场唱的,1
2025/3/23 0:05,瘦了是吧,0
2025/3/23 0:06,@好运连连连连连连连连 我寻思好好欣赏一下这高音呢 画面给我晃晕车了[呆无辜],0
2025/3/23 0:08,[666][666],0
2025/3/23 0:09,我了个天@Shirley-暮汐 @?? @睡觉?? @巴巴拉巴巴,1
2025/3/23 0:09,新声代唱功最强,0
2025/3/23 0:10,牛,0
2025/3/23 0:10,你怎么那么棒[呲牙],0
2025/3/23 0:11,这拍摄手法和我有得一拼[捂脸],0
2025/3/23 0:11,你是不是体内有陨丹啊,1
2025/3/23 0:11,好听好听,0
2025/3/23 0:12,我靠好好听啊,0
2025/3/23 0:13,你试着哼一下就知道了，虽然音高，音量不大，不费什么劲,0
2025/3/23 0:15,谁教你这么运镜的[微笑],0
2025/3/23 0:16,头腔啊，,1
2025/3/23 0:16,摄影扣分,1
2025/3/23 0:16,对差评,1
2025/3/23 0:16,@田鸡 好牛啊,0
2025/3/23 0:16,这拍的啥[捂脸][OK],0
2025/3/23 0:16,我需要吗请问[看]我担是原唱[看]今天才听的[看],0
2025/3/23 0:17,还是现场[看],0
2025/3/23 0:18,什么时候代言再续上[黑脸],1
2025/3/23 0:18,我没说张大，开一点点我至少能觉得可能真的是真唱，可是嘴巴不开我真的不会觉得不是真唱,1
2025/3/23 0:19,[送心],0
2025/3/23 0:20,头腔共鸣不需要张太大嘴巴向上的走[玫瑰],0
2025/3/23 0:20,唱歌像呼吸一样简单，太牛了,0
2025/3/23 0:20,@小张零度要加冰 @-Ychaoy @E大调 她是真的很牛！！！！！！！！！！！,0
2025/3/23 0:23,@哦呦 @蟹老板的林淼淼??????,0
2025/3/23 0:23,换个团队吧,0
2025/3/23 0:24,在现场～,0
2025/3/23 0:25,热乎的吗,0
2025/3/23 0:27,那可是滚烫了,1
2025/3/23 0:27,[思考]我还以为是别人，既然如此，班里再点一次之前没听完@Iiiisland @爱吃琦异果 @_F.ev-C.jna41.,0
2025/3/23 0:27,你也是好起来了，可以在抖音里评论[看][捂脸],0
2025/3/23 0:27,[可怜],0
2025/3/23 0:28,夜后咏叹调都现场证明是真唱了 她也是这样唱的吧 这歌难度低好多吧 而且话说回来张大嘴巴就是唱自身能力达不到的厚度或声带长度 需要外力辅助的表现 科学发声就是无限接近呼吸 正常人呼吸也不会把嘴巴咧大呢,1
2025/3/23 0:29,不想和你们这群能去演唱会的人说话了[看],1
2025/3/23 0:30,接这个好嗓子[舔屏],0
2025/3/23 0:30,你看到的是嘴巴没有张开吗 我看到的张开了呢,0
2025/3/23 0:31,@我要睡觉！！,0
2025/3/23 0:31,蛙趣[宕机],0
2025/3/23 0:32,别人我会觉得这是假的，但一看作者是黄霄云，我就觉得合理了,0
2025/3/23 0:32,那个，摄影师，去财务把钱结一下[抠鼻],1
2025/3/23 0:32,@最爱雯雯子,0
2025/3/23 0:33,@李大虾（流行音乐解析） 哥，解析一下这个，顺便想听听复刻[看],0
2025/3/23 0:33,说实话我还是觉得郁欢唱得好听些！！,0
2025/3/23 0:34,@chihiro @(????)? @今天也不想起床。 @癸卯年 @婷婷要睡懒觉 谁懂[宕机]天灵盖都要掀翻了的那种好听[泣不成声][泣不成声][泣不成声]好厉害的嗓音[泣不成声],0
2025/3/23 0:35,哈哈哈哈哈哈哈哈哈哈哈,0
2025/3/23 0:36,你的摄影师是不是想要真名有雪那种晃动的模糊氛围感然后失败了(没有恶意,0
2025/3/23 0:37,确实好听，我还以为我手机左右坏了呢，吓我一跳[捂脸],0
2025/3/23 0:38,这是08年的素材吗[绝望的凝视],1
2025/3/23 0:38,@魔、星,0
2025/3/23 0:40,好牛逼啊@(???) @ONE_ @kIUu @什么皓. @WSZ @思い出 @茉. @星月,0
2025/3/23 0:41,是这样的,0
2025/3/23 0:41,@风,0
2025/3/23 0:42,@小忍 头声硬刚电吉他,0
2025/3/23 0:42,可我还是觉得原版好听，因为这个少了一个感觉，但也是好听的[飞吻],0
2025/3/23 0:42,这个我点了[看],0
2025/3/23 0:42,摄影师可以走开了让我来[鼓掌],0
2025/3/23 0:43,去歌手的时候唱这个多好,0
2025/3/23 0:43,她缺的是出圈的歌,0
2025/3/23 0:43,这个唱煎熬怎么样[看],0
2025/3/23 0:48,这个可能不煎熬[看],0
2025/3/23 0:49,换个人拍吧[赞],0
2025/3/23 0:50,哈哈哈哈哈哈哈,0
2025/3/23 0:51,一开口惨过戚家十三口[流泪],1
2025/3/23 0:51,@J13 love 颖茨 @盼湘缘.@?懒惰小猫? @浅姎  我的妈呀，这个声音我好爱[舔屏],0
2025/3/23 0:53,气比我命都长,0
2025/3/23 0:55,哈哈哈哈哈哈哈哈哈哈哈哈哈哈恍,0
2025/3/23 0:59,@平安喜彦 好高[泣不成声],0
2025/3/23 0:59,有时候张嘴反而唱不上去,0
2025/3/23 0:59,突然想到了我们之前一起合唱的了,0
2025/3/23 0:59,是的是的,0
2025/3/23 1:01,什么时候来福建开演唱会[流泪][流泪][流泪],0
2025/3/23 1:02,@Lo. 卧槽太牛了太顶了,0
2025/3/23 1:03,[捂脸]关键比原版还高了一个八度,0
2025/3/23 1:04,她火了，我之前就觉得她能火，我记得那时候看的还是她和朋友在KTV里左手指月，当时我人都麻了,0
2025/3/23 1:04,和原唱一对～挺好的～,0
2025/3/23 1:05,@iw.,0
2025/3/23 1:06,真的好喜欢她唱的这一段,0
2025/3/23 1:09,太牛了[666][666][666],0
2025/3/23 1:10,声音太有穿透力了,0
2025/3/23 1:10,好轻松的高音 [泪奔]救命,0
2025/3/23 1:11,不敢相信这是艺人团队拍的视频[宕机][宕机]比我8岁的外甥拿我手机拍的视频还很不知所言[疑问],1
2025/3/23 1:11,小时候和男生比嗓门大，我有病吧[捂脸],0
2025/3/23 1:13,阴间拍摄shou?fa,1
2025/3/23 1:14,我只有69元，平常喜欢拍照有没有什么好的相机推荐一下，我会拍很多好看的照片分享到网络,0
2025/3/23 1:14,好听,0
2025/3/23 1:14,对呀 太酷啦,0
2025/3/23 1:15,摄影师要晃亖谁[发怒],1
2025/3/23 1:16,给我听爽了[咒骂],1
2025/3/23 1:16,宝宝你今晚也是完美??????,0
2025/3/23 1:18,@我看你真的是红豆吃多了 [绝望的凝视][绝望的凝视],1
2025/3/23 1:23,你去演聂小倩吧，水下吻戏不ng五分钟[赞],1
2025/3/23 1:29,最强火姐[舔屏][舔屏][舔屏][舔屏][舔屏],0
2025/3/23 1:31,[舔屏][舔屏],0
2025/3/23 1:35,这个摄像真的该换了！[灵机一动],0
2025/3/23 1:36,这个我要娶[尬笑],0
2025/3/23 1:37,把这个摄影师辞退了行吗[微笑],1
2025/3/23 1:38,还行吧,0
2025/3/23 1:39,头皮发麻[发呆],0
2025/3/23 1:42,鸡皮疙瘩都起来了，五音不全的我都觉得超级顶[比心],0
2025/3/23 1:44,[捂脸]因为摄影师强行用他的脚加运镜,1
2025/3/23 1:45,今天去听了演唱会现场[泣不成声]谁懂啊，太震撼了，现场超级棒[赞][赞]简直是音乐盛宴,0
2025/3/23 1:45,@兰亭集 @梨陌柒 @常青 @CX. @狗塑赛高√ @10Qq_xuan @木夕,0
2025/3/23 1:58,停车厂的保安去哪里了,0
2025/3/23 2:00,@贝利亚（权威） 玛雅,0
2025/3/23 2:03,花花的歌调子都很高，一般人唱不出他那种感觉，没想到，被你在停车库里给完美的呈现出来了！保安有没有被你的歌声吸引过来呢？,0
2025/3/23 2:04,蛙趣 这个是真厉害[流泪][流泪],0
2025/3/23 2:08,拍摄团回家吧回家吧好吗[黑脸][尬笑],1
2025/3/23 2:09,我看见海豚了??????[赞][鼓掌][鼓掌][鼓掌],0
2025/3/23 2:11,这时突然来到地下车库的人：你是幽灵吧,1
2025/3/23 2:18,多少钱一条？,1
2025/3/23 2:21,@??????? [看],0
2025/3/23 2:32,谁拍的，头都晕了[捂脸],0
2025/3/23 2:35,以后还敢不敢玩抽象了[宕机],1
2025/3/23 2:36,在车库停车的人：,0
2025/3/23 2:44,@鯭 @Yomi. @鱼丸早睡觉 唱错了吧我就是我我只是我,0
2025/3/23 2:44,不知道,0
2025/3/23 2:47,震碎车玻璃可是要赔钱的[看],0
2025/3/23 2:48,我家监控转起来都比这丝滑[尬笑],0
2025/3/23 3:14,我嘞个豆啊后面电吉他替成人声了[泣不成声]本来是人生衔接电吉他的,0
2025/3/23 3:21,@迷人的反派?? @小幼神,1
2025/3/23 3:23,说朵莉娅那个我怎么找不到这层楼了[暗中观察],0
2025/3/23 3:34,你不会现在才知道吧[捂脸],0
2025/3/23 3:35,我以为你学音乐的都会知道,1
2025/3/23 3:46,说Eb6头声是胸腔共鸣的人你自己没笑吗？[九转大肠],1
2025/3/23 3:47,@Hisst @泷哥唱泷歌 NB最近被洗脑了,0
2025/3/23 3:51,想看你参加海底捞大笑挑战[流泪][流泪][流泪][流泪][流泪][流泪],0
2025/3/23 3:52,我昨天被窝里打游戏，我妈进来看我一眼说“黄霄云唱烟火里的尘埃，打个歇后语”我说啥？她说“抑郁症肯定治不了，你赶紧收拾收拾去世吧。。”[看],1
2025/3/23 3:57,居然在停车场免费开演唱会都不叫我[发怒],1
2025/3/23 4:24,演唱会这一段翻车了[捂脸],0
2025/3/23 4:27,你没学过[尬笑],1
2025/3/23 4:37,好聽[玫瑰][玫瑰][玫瑰][玫瑰],0
2025/3/23 4:39,从听赶上，是强胸声加假音加面罩共鸣,0
2025/3/23 4:39,华晨宇唱出来的还没那么好听  有些人的音色才适合,0
2025/3/23 4:41,人鱼之声跟你开玩笑呢,0
2025/3/23 4:48,9不搭8[疑问],0
2025/3/23 5:14,面包姐什么时候找大哥邀歌[舔屏][舔屏][舔屏][舔屏][舔屏][舔屏][舔屏][舔屏],0
2025/3/23 5:18,她确实是新生代女歌手里很有实力的一位，可这视频里的音频是录好修过的[捂脸]，个人觉得现场的声音更有魅力,0
2025/3/23 5:25,没有完全闭嘴，微张,0
2025/3/23 5:47,[鼓掌][鼓掌][鼓掌],0
2025/3/23 5:48,只要钱到位，霄云玻璃全干碎[看][看][看],1
2025/3/23 6:19,她的高音听起来让人很舒服，实力不错????,0
2025/3/23 6:25,她是要求 只能拍侧颜是吗 [发呆],0
2025/3/23 6:29,本来点赞了，一看华晨宇原唱，取消了[疑问],1
2025/3/23 6:34,第一第一,0
2025/3/23 6:47,第1次听你唱左手指月。我就知道你早晚会火。我喜欢两个女歌手。一个是张靓颖。一个就是你，因为你俩都会唱海豚音。[泪奔][泪奔][泪奔],0
2025/3/23 6:48,高八度。已经是很强的实力了。一般人飙这么高，耳膜都要震破了。[抠鼻][抠鼻][抠鼻],0
2025/3/23 6:48,好听[比心][比心][比心],0
2025/3/23 6:49,左手指月和。多利亚的人鱼之歌。那是她火起来的两首歌好嘛[泪奔],0
2025/3/23 6:49,有没有可能这就是本人唱的。[抠鼻][抠鼻],0
2025/3/23 6:50,有没有可能这就是本人唱的。[看][看][看],0
2025/3/23 6:52,这是什么手机？咋这么抖,0
2025/3/23 7:08,@那咋啦 [发呆]介么轻松,0
2025/3/23 7:11,干嘛的,1
2025/3/23 7:11,各方面都到位了[玫瑰],0
2025/3/23 7:16,好好听啊,0
2025/3/23 7:37,单依纯造型师呢，出来学习学习[看],1
2025/3/23 7:38,好历害的女生,0
2025/3/23 8:04,刚关注她的时候，还是好声音没几年，那年我刚10岁，今年18了[憨笑]，祝她越来越好[玫瑰],0
2025/3/23 8:04,自己干掉自己[看],1
2025/3/23 8:07,嗨e了吧？,1
2025/3/23 8:12,哇哦好听耶,0
2025/3/23 8:13,我去，适合唱人鱼之声[黑脸],1
2025/3/23 8:18,[赞][赞][赞]万事俱备，只差好歌了[赞][赞][赞],0
2025/3/23 8:19,@无意星河 [石化],0
2025/3/23 8:22,他算是新生代女唱第一人,0
2025/3/23 8:23,"我尝试跟着""啊""了一下，瞬间拉回现实[泪奔][泪奔][泪奔]",0
2025/3/23 8:24,旁边有没有人，有没有被吓到[笑哭],0
2025/3/23 8:26,直击灵魂深处,0
2025/3/23 8:28,@T.??,0
2025/3/23 8:28,[石化][石化][石化],0
2025/3/23 8:29,那没有，躺床上呢,0
2025/3/23 8:29,这摄影不如摄像头拍的哈[你不大行],1
2025/3/23 8:35,好听[泣不成声][泣不成声][泣不成声] 现场的也很好听,0
2025/3/23 8:35,每个音都挂的这么准,0
2025/3/23 8:35,??是有点 面包很优秀啊,0
2025/3/23 8:36,你认真的[疑问],0
2025/3/23 8:39,宝贝能翻我吗[吐舌][吐舌][吐舌],0
2025/3/23 8:44,哈哈哈哈哈 [看],0
2025/3/23 8:44,老师说：你在鬼叫什么[捂脸][捂脸][捂脸],1
2025/3/23 8:48,姐姐好强,0
2025/3/23 8:51,巨星范[666][赞],0
2025/3/23 8:51,一流[666][抱抱你],0
2025/3/23 8:54,黄霄云的造型真的很漂亮很好看，让我想到单依纯的造型师了[看],0
2025/3/23 8:58,天呐,0
2025/3/23 9:03,那个人是被吓跑了么？,0
2025/3/23 9:05,@??,0
2025/3/23 9:05,运镜么[捂脸],0
2025/3/23 9:07,秒杀原唱,1
2025/3/23 9:07,@慕予 @我和我姐妹都暴富 @布兜兜 @好爱吃海苔 太牛了,0
2025/3/23 9:09,怎麼最近都刷到她,0
2025/3/23 9:09,刚开始还以为是哪个博主[暗中观察]结果仔细一看主页是黄霄云本人号[泪奔][泪奔],0
2025/3/23 9:09,我去，真假啊。这么高[泪奔],0
2025/3/23 9:13,口腔共鸣，脑腔共鸣，灵魂共鸣,0
2025/3/23 9:19,@無語,0
2025/3/23 9:20,[泣不成声]这也太轻松了吧，仿佛有嗓子就行,0
2025/3/23 9:23,好棒,0
2025/3/23 9:23,豪庭,0
2025/3/23 9:28,其实她最好听的一首歌是，阻止你哭泣，真的好听到爆,0
2025/3/23 9:29,监控摄像头还会飞[呲牙],0
2025/3/23 9:30,新生代四大歌手，黄霄云，单依纯，陈卓璇，叶炫清，五字请靠后[看],1
2025/3/23 9:33,声音真的很有天赋，但是感情部份也是一直都没有在你的歌里面听到，不知道是太年轻，还是过的太顺遂，对于生活要有体验才会唱出歌曲内涵的情感,0
2025/3/23 9:34,因为她是女的，唱嗨C很容易。男的不多。,1
2025/3/23 9:38,今天早上我男朋友和我说他和姐姐是小学同学,0
2025/3/23 9:38,好厉害啊我天,0
2025/3/23 9:42,黄霄云真的很厉害[泣不成声],0
2025/3/23 9:43,这是黄霄云吗？感觉变了一个大样,0
2025/3/23 9:46,海豚音搭配这拍摄色调，诡异[尬笑],1
2025/3/23 9:50,@QQ乃乃好喝到咩噗茶 @银河‘,0
2025/3/23 9:52,阻止你哭泣(? ??ヮ??)把情绪拉满,0
2025/3/23 9:55,是的[鼓掌][鼓掌][鼓掌],0
2025/3/23 10:00,太牛了，这一口气这么长,0
2025/3/23 10:03,@大门E,0
2025/3/23 10:05,wow,0
2025/3/23 10:08,给我一个灭掉世界的高音,1
2025/3/23 10:14,。,0
2025/3/23 10:14,我以为是哪个网红一看不对是是本人[捂脸][捂脸][捂脸],0
2025/3/23 10:15,咱就说买个稳定器吧[捂脸],0
2025/3/23 10:15,不敢想象，这也太轻松了吧[发呆]，还好好听,0
2025/3/23 10:19,好牛！,0
2025/3/23 10:19,故意把人拍出境外是什么风格...,1
2025/3/23 10:20,可是这个拍摄手法我还挺喜欢的，感觉很特别，有一种回忆录的感觉,0
2025/3/23 10:21,@云霾与风 [舔屏][舔屏][舔屏][舔屏][舔屏][玫瑰][玫瑰][玫瑰][玫瑰][玫瑰][玫瑰],0
2025/3/23 10:22,挺心疼她的，之前一直说是唱歌没感情纯炫技，然后后面歌手中国被嘲讽没有能唱的，网友去人家黄霄云评论喊她去唱朵莉亚的歌，结果人家去唱了说人家是喊出来的高音。。第一次看到明星被网友当枪使的，太单纯了[捂脸],0
2025/3/23 10:23,这摄影感觉就是想要一个氛围啊？咋都在说，就是要一个这首歌所配的凄凉一点的那种，不是？吗？,0
2025/3/23 10:26,首先录好自己的声音才有这完美的效果！如外录制的效果没这么好！[赞][鼓掌],0
2025/3/23 10:27,哇塞，人才[比心][比心][比心],0
2025/3/23 10:32,轻松的口型让我觉得像是后期录的,0
2025/3/23 10:53,拍的很好，下次换个人[泣不成声],1
2025/3/23 10:58,这是监控吗,0
2025/3/23 11:01,黄霄云感觉跟以前不像，现在太好看了,0
2025/3/23 11:04,哥们不开灯，我还以为是我小姨妈。姐姐唱的真[比心]棒。,0
2025/3/23 11:06,好声音最出圈的两个人，单依纯，黄霄云！！,0
2025/3/23 11:06,这到底是哪个部位发出的声音啊[流泪],0
2025/3/23 11:08,@乌鸦火车站 @晚安 @还好吧。 @随风?? [黑脸]他的歌这是我听的第一首,0
2025/3/23 11:11,@情，为何字 这高音绝了,0
2025/3/23 11:16,[泣不成声],0
2025/3/23 11:19,躺着这样不行啊，你得站着喊[呲牙],1
2025/3/23 11:24,@明天见??,0
2025/3/23 11:24,这也太厉害了吧[泪奔],0
2025/3/23 11:28,[送心][送心],0
2025/3/23 11:29,太好听了。。。起皮,0
2025/3/23 11:29,为啥她唱的这么轻松[捂脸],0
2025/3/23 11:30,这首歌原来最适合的是面包,0
2025/3/23 11:31,姐姐下一场演唱会在哪个城市开[阴险],1
2025/3/23 11:35,好可爱啊啊啊啊啊,0
2025/3/23 11:59,黄霄雲绝对是郭德纲霄字辈的徒弟中最优秀的,0
2025/3/23 12:02,@??小山,0
2025/3/23 12:03,这个女的长得好像黄宵云啊！,0
2025/3/23 12:03,@小光猪 我丢[发呆],0
2025/3/23 12:03,倒反天罡,1
2025/3/23 12:03,后面的海豚音好好听,0
2025/3/23 12:04,这个高音无敌了[发呆],0
2025/3/23 12:04,@好想吃面包蛋糕芝士 [呲牙][呲牙],0
2025/3/23 12:04,是滴,0
2025/3/23 12:04,很好听的,0
2025/3/23 12:06,@?????,0
2025/3/23 12:09,总有人把乐器部分当高音唱[绝望的凝视],0
2025/3/23 12:14,瓦的天哪！[发呆],0
2025/3/23 12:16,瓦学妹？,0
2025/3/23 12:17,我的天[尬笑],0
2025/3/23 12:22,无敌的头声共鸣[泪奔],0
2025/3/23 12:23,不去当歌手真可惜了,0
2025/3/23 12:25,她就是歌手[宕机],1
2025/3/23 12:25,声乐很强，科班就是科班[灵机一动],0
2025/3/23 12:26,你好帅[送心][送心],0
2025/3/23 12:26,你也很厉害了[大笑]加油,0
2025/3/23 12:27,果然人心中的成见是一座大山。黄霄云不应该是唱左手指月那个样子的吗[九转大肠][九转大肠],0
2025/3/23 12:30,录音棚录制后期剪辑合成视频～,0
2025/3/23 12:33,牛逼,0
2025/3/23 12:34,哈哈哈哈哈哈哈小金面包[大笑],0
2025/3/23 12:38,是你吗，美嘉,0
2025/3/23 12:40,@???? @yiyyyy @绝缘 ?[愉快],0
2025/3/23 12:42,她的 我的父亲是瓦匠 是真的好听,0
2025/3/23 12:44,太好听了,0
2025/3/23 12:45,谁有黄霄云表情包[可怜][可怜][可怜][可怜][可怜][可怜][可怜][可怜][可怜][可怜][可怜],0
2025/3/23 12:47,厉害了我了国????这声音老天恩赐[嘘]头皮发麻[泣不成声]不得了不得了新时代[震惊]爱唱歌小屁孩[摸头][一起加油]不忘初心[耶]为你骄傲,0
2025/3/23 12:49,@婉 @77.· @逆天老祖,0
2025/3/23 12:49,[躺平],0
2025/3/23 12:52,能不能跟林俊杰一起唱,0
2025/3/23 13:01,我去我手机在震[泪奔],0
2025/3/23 13:01,吴柳芳可以关注了,0
2025/3/23 13:03,不得不承认你的《烟火里的尘埃》还是有点东西的,0
2025/3/23 13:12,那很会拍了,0
2025/3/23 13:12,侧脸我还以为是南笙,0
2025/3/23 13:15,好美，有种动漫女主的感觉,0
2025/3/23 13:16,厉害[鼓掌],0
2025/3/23 13:19,@菲奥娜 [黑脸],1
2025/3/23 13:21,好牛[泣不成声],0
2025/3/23 13:26,你是不是记成李霄云了[捂脸],0
2025/3/23 13:27,@风,0
2025/3/23 13:27,看到中途，有一种地震来了在尖叫的感觉[捂脸],0
2025/3/23 13:27,@v-v,0
2025/3/23 13:28,监控罚款500,0
2025/3/23 13:30,我学钢琴我不知道这个的啦，我学到第五级就不学了[笑哭],0
2025/3/23 13:30,我一啊，人就跑,0
2025/3/23 13:31,最好听的一个版本～[赞],0
2025/3/23 13:34,唱过了噢[色],0
2025/3/23 13:37,黄霄云是不是参加过中国好声音汪峰组的？,0
2025/3/23 13:39,好一个精妙绝伦的运镜,0
2025/3/23 13:39,[泣不成声],0
2025/3/23 13:42,@qi,0
2025/3/23 13:43,果真[黑脸],1
2025/3/23 13:43,我也唱了，但没人听,0
2025/3/23 13:46,哈哈哈哈面板你自己的抖音点赞还没这个多[泪奔][泪奔],1
2025/3/23 13:46,好可怕,0
2025/3/23 13:47,牛逼，请收下我的膝盖,0
2025/3/23 13:55,扰民[看],1
2025/3/23 13:56,@楚楚儿 头皮发麻,0
2025/3/23 14:00,这个摄影的技术[捂脸],0
2025/3/23 14:01,拿相机的估计是对手派来的谍[泪奔],1
2025/3/23 14:03,咱就是说能不能买个灯和云台！这个条件还是有点吧！,0
2025/3/23 14:05,@知鸥周zy 牛逼,0
2025/3/23 14:06,她还是一如既往的腻害[暗中观察][暗中观察][暗中观察],0
2025/3/23 14:06,两天都在听这首歌,0
2025/3/23 14:06,刷过了[舔屏][舔屏],0
2025/3/23 14:07,牛逼啊！！！！！！！,0
2025/3/23 14:08,我原本计划我嗓子应该是这样的,0
2025/3/23 14:12,这段唱的太上头[赞],0
2025/3/23 14:14,OMG,0
2025/3/23 14:14,刷到了[大笑],0
2025/3/23 14:19,@M @肉肉的^0^小八 @圆圆queen?? @小刘不会讲废话 她都没换气！这也太强了吧！！！！啊啊啊,0
2025/3/23 14:20,这个系列请多更！,0
2025/3/23 14:21,生日快乐,0
2025/3/23 14:23,@LC 我原本十大歌手想唱这歌[流泪]这他吗太难了,0
2025/3/23 14:23,@半,0
2025/3/23 14:25,@c1aa [震惊],0
2025/3/23 14:29,又要多一位明星火姐了！[呲牙][呲牙]可是我还是觉得花花唱的比他们都好听,0
2025/3/23 14:29,[给力][给力][给力],0
2025/3/23 14:30,这首歌我还是喜欢第一次那个版本的，听着真带劲,0
2025/3/23 14:32,好牛,0
2025/3/23 14:34,@鹤凌?ˋ???ˊ? @小念噜比?>?o?,0
2025/3/23 14:34,@夏以昕 @少年追赶少妇 @Безпроблем. @小胡一个 @xiaoyu @0701 @苓妤i @翎希 @????? @迷雾,0
2025/3/23 14:34,xs[看][捂脸],0
2025/3/23 14:44,@卜呐呐 @午夜煎饼 @绝渡逢舟 笑死我了,0
2025/3/23 14:48,国家队是不一样哈,0
2025/3/23 14:52,我当时在车上，吓得我不敢下车[看],0
2025/3/23 14:56,我还是喜欢你的那首《我的父亲是瓦匠》，真的特别好听,0
2025/3/23 14:56,是的,0
2025/3/23 15:02,来成都停车场唱，谢谢，不然我真的会眼红[苦涩][苦涩],0
2025/3/23 15:05,听过这首歌的都已经不在了吧[流泪],0
2025/3/23 15:06,@? ??????? ? ??????? @倦爷无所不能 @奶油泡芙 @鲁滨逊不逊 @夏天的风、、、 @降蓉柚 @厘米oa. @小鱼流泪 @要和小酷一辈子！ [发呆],0
2025/3/23 15:08,莫[发呆],0
2025/3/23 15:09,这还华子吧[不失礼貌的微笑],0
2025/3/23 15:14,好好听,0
2025/3/23 15:15,晚到的生日快乐[蛋糕]宝宝天天开心[抱抱你],0
2025/3/23 15:15,太恐怖了，逐渐增强，还能这么稳？,0
2025/3/23 15:19,@是旭不是序 [吐血]恐怖如斯,1
2025/3/23 15:19,@茉莉公主～ 想唱歌,0
2025/3/23 15:20,你去停车场唱,1
2025/3/23 15:20,我有她一半肺活量吗[宕机],0
2025/3/23 15:21,得亏录音录的好,1
2025/3/23 15:23,[宕机][宕机][宕机],0
2025/3/23 15:24,难度这么大还能唱的好好听，被这个唱功给控住了,0
2025/3/23 15:26,表情不带变得[泪奔],0
2025/3/23 15:29,@老婆为黑人出走的那个雨夜 @香光 @停云 这高音，我把命拿出来顶都顶不了一半[泪奔],0
2025/3/23 15:29,高音厉害,0
2025/3/23 15:32,@酹月.,0
2025/3/23 15:34,太强了[赞][赞][赞],0
2025/3/23 15:35,时也命也,0
2025/3/23 15:43,@德兰西公主 @?旴 @Eliauk. @地狱把妹王,0
2025/3/23 15:50,@Wyyyy 我要五体投地的接这个音高[流泪],0
2025/3/23 15:51,wc我不知道这首歌是他的啊[憨笑],0
2025/3/23 15:51,@twentyoneguy 发现一首实力歌曲[大金牙],0
2025/3/23 15:55,@yulan,0
2025/3/23 16:01,所有的吟唱都是由烟火里的尘埃开始的，15，16年时候开始了,0
2025/3/23 16:01,因为他们那个是泛音 不是颤音,0
2025/3/23 16:05,不是姐妹你黄霄云啊[发呆],1
2025/3/23 16:08,试了一下，楼下邻居上来骂我以为我发了啥事[酷拽],1
2025/3/23 16:12,禁止自娱自乐[看],1
2025/3/23 16:12,她的歌和她的名字一样，冲上云霄,0
2025/3/23 16:15,这是传说中的的铁肺吗？,0
2025/3/23 16:17,多少钱能买个带运镜的监控,1
2025/3/23 16:23,最开始是唱吧里面了解到她，就发现小姑娘一定会火,0
2025/3/23 16:23,越来越漂亮[比心],0
2025/3/23 16:34,我以为我手机屏幕坏了,0
2025/3/23 16:36,霄给我的感觉是很厉害曲调演绎很完美。晨给我的感觉是仿佛他唱的就是自己，他就是这首歌的灵魂，为自己的人生讴歌[流泪],0
2025/3/23 16:36,为什么拍的这么丑,1
2025/3/23 16:43,让我听歌？,0
2025/3/23 16:43,斯哥一[比心],0
2025/3/23 16:48,好晕[微笑]@久久 @小?七の主人??? @要长脑子哩,0
2025/3/23 16:48,@sinsin [捂脸][捂脸][流泪][流泪][赞][赞],0
2025/3/23 16:49,屏幕前的百灵鸟要开始表演了,0
2025/3/23 16:50,OMG,0
2025/3/23 16:52,鸡皮疙瘩都起来了,1
2025/3/23 16:53,人家是专业中的专业中央音乐学院的第一,0
2025/3/23 16:56,怎么样才能唱歌像她一样好听,0
2025/3/23 16:58,唱的很好啊，运镜怎么这么差啊很抖,1
2025/3/23 17:09,原唱歌曲在后面配置音量太高，好喜欢听你的高音原音,0
2025/3/23 17:12,@库库飞飞,0
2025/3/23 17:12,来听,0
2025/3/23 17:13,不是[捂脸],0
2025/3/23 17:14,快来北京开演唱会，又想听了[赞][赞][赞],0
2025/3/23 17:19,[大笑][害羞][调皮],0
2025/3/23 17:19,好听！！！[舔屏],0
2025/3/23 17:21,这好久了宝宝就是这么抽象好喜欢[不看],0
2025/3/23 17:25,好厉害[蜜蜂狗][蜜蜂狗][蜜蜂狗],0
2025/3/23 17:25,@北的轻涛珊瑚璐 你唱,0
2025/3/23 17:29,喔！[泣不成声]这个音，真真顶,0
2025/3/23 17:30,是啊，她高音真的一绝,0
2025/3/23 17:32,你前女友还说爱你一辈子呢,1
2025/3/23 17:33,[捂脸]我跟你学的不是同个东西吧,1
2025/3/23 17:34,我说是谁呢？原来是小黄,0
2025/3/23 17:34,这高音稳得一批，和摄影形成鲜明对比[宕机],0
2025/3/23 17:40,不亏是我老婆[舔屏][抱抱你][抱抱你],0
2025/3/23 17:41,该她吃这碗饭哦,1
2025/3/23 17:42,@柒吟沦云览烛星 这个好好听,0
2025/3/23 17:47,相信我，《我的父亲是瓦匠》才是永远的经典。尤其前三秒的前奏，世界级。,0
2025/3/23 17:51,看她唱我觉得我又行了 一张口我笑了[微笑],0
2025/3/23 17:52,抖哥,0
2025/3/23 17:54,鸡皮疙瘩都起来了[鼓掌][鼓掌],0
2025/3/23 17:54,很轻松[捂脸][捂脸][捂脸],0
2025/3/23 17:54,我现在关心的事 这个小区  那里还要保安么  需要什么资质  保洁还需要吗,0
2025/3/23 17:57,无敌号下一站去哪里啊,0
2025/3/23 17:58,这长大还了dei？？,1
2025/3/23 18:00,原来这首歌是这样的[尬笑],0
2025/3/23 18:07,你这么唱会让我觉得这歌很好唱[一头乱麻],0
2025/3/23 18:10,@花痂,0
2025/3/23 18:13,你这运镜运的一塌糊涂[捂脸][捂脸],1
2025/3/23 18:13,我滴妈呀这到底怎么唱上去的 好好听 好厉害[黑脸],0
2025/3/23 18:13,牛逼！！！,0
2025/3/23 18:14,@宇宙第一大帅哥?? @?? @忧忧,0
2025/3/23 18:15,太牛了太牛了，崇拜崇拜,0
2025/3/23 18:16,真晕[泪奔],0
2025/3/23 18:16,[泪奔]一点多不就是晚上吗，你还要多晚[大笑],0
2025/3/23 18:17,要是能在最后在拉上去到海豚音是真牛比了,0
2025/3/23 18:18,我还以为是什么网红翻唱，没想到是本人，[宕机],0
2025/3/23 18:18,@始终 也太高了吧[发呆],0
2025/3/23 18:18,好听，高音不刺耳[玫瑰][玫瑰][玫瑰][赞][赞][赞],0
2025/3/23 18:19,应该是D4？,0
2025/3/23 18:19,哇哇哇,0
2025/3/23 18:19,哇塞哇塞哇塞[发呆],0
2025/3/23 18:20,@蛋白.,0
2025/3/23 18:21,是这个演唱会嘛？我等下听免费的了,0
2025/3/23 18:21,上辈子是海豚??吧,1
2025/3/23 18:27,比原唱好听,0
2025/3/23 18:32,可恶啊  唱的这么好听嘛？我要去添加到歌单了,0
2025/3/23 18:33,"嫉妒：机能怪
羡慕：喏，这个就是天才",1
2025/3/23 18:33,好像比华某唱的好[看],0
2025/3/23 18:34,[玫瑰][玫瑰][玫瑰][鼓掌][鼓掌][鼓掌][比心][比心][比心][666][666][666],0
2025/3/23 18:35,怎么还有个，小朋友在到处跑啊[看],0
2025/3/23 18:35,超级无敌好听[玫瑰][玫瑰][玫瑰][玫瑰],0
2025/3/23 18:36,技巧一般般啦，,1
2025/3/23 18:39,脑浆共鸣,1
2025/3/23 18:43,黄霄雲本霄[呲牙],0
2025/3/23 18:43,这是一首每个翻唱都碾压原唱的歌，华子的碗被砸个稀碎,1
2025/3/23 18:44,@不吃生番茄??,0
2025/3/23 18:46,一开始的时候都挺好的 听到高音的时候就给我一种尴尬的感觉,0
2025/3/23 18:50,三百六十度无死角拍摄，这地库真不错,0
2025/3/23 18:50,假音就是要轻松一些,0
2025/3/23 18:51,@9791（有关必回版） 笑死我了 在抖音原唱来了都??练[吐舌],0
2025/3/23 18:52,@momo @瓜牛不哭 你们说的最好听的歌,0
2025/3/23 18:54,你别晃那感觉不就来了吗,1
2025/3/23 18:55,不是你把后面那段伴奏也真唱出来了？？[流泪][流泪],0
2025/3/23 18:56,唱的这么好 为啥不红 我感觉我是这一两年才认识她,0
2025/3/23 18:57,听的鸡皮疙瘩掉一地,0
2025/3/23 18:57,谁运的镜[咒骂][咒骂]不许乱动[咒骂][咒骂],1
2025/3/23 19:01,啊啊啊啊啊啊啊这个高音真的很适合黄霄云,0
2025/3/23 19:03,小姨妈是吧,1
2025/3/23 19:03,高音上去不难，难的是音色统一的质量,0
2025/3/23 19:03,内口腔打开就行，唱头声嘴张太大有时候挂不上位置会散掉声音[泪奔],0
2025/3/23 19:04,头声上去很容易啊，你是位置还不熟悉吧，保持位置和位置切换才是难的,0
2025/3/23 19:06,卧槽 好好听,0
2025/3/23 19:06,起鸡皮疙瘩了,0
2025/3/23 19:08,他的星辰大海也好听,0
2025/3/23 19:08,音越高越长，需要的气息越多，肺活量再大也是有限的，用最少的气息去唱高音，嘴巴张开越小，出去的气流就越小，无敌的唱功[玫瑰][玫瑰][玫瑰],0
2025/3/23 19:09,周深湖南的，,0
2025/3/23 19:10,她的那首《阻止你哭泣》至今让我无法走出来[泣不成声],0
2025/3/23 19:12,这个环境讲真，唱歌自带混响,0
2025/3/23 19:12,建议不要这样拍了，看了头昏眼花[晕][晕],0
2025/3/23 19:13,毕竟是专业第一毕业的，这个真得服,0
2025/3/23 19:16,太强了黄老师！！！,0
2025/3/23 19:20,保安在监控免费看[泣不成声],1
2025/3/23 19:21,太牛了[绝][绝][绝][绝],0
2025/3/23 19:22,头皮发麻[泣不成声],0
2025/3/23 19:22,[鼓掌][鼓掌][鼓掌][鼓掌][鼓掌][鼓掌],0
2025/3/23 19:25,摄影师可以回家了[捂脸][捂脸][捂脸]想出来这个文案的也可以啊回家了[捂脸][捂脸],1
2025/3/23 19:31,天使之音,0
2025/3/23 19:33,啊 花花不是她偶像吗 你在说什么 而且我们??不是也挺火的吗,0
2025/3/23 19:36,@??an 你给我飙高音[灵机一动],1
2025/3/23 19:37,偷拍的么,1
2025/3/23 19:37,现在的手机不是都有防抖功能吗？[尬笑],0
2025/3/23 19:40,感觉天灵盖都要被掀翻了,0
2025/3/23 19:42,@通通闪开 牛逼,0
2025/3/23 19:42,我以为我手机坏了,0
2025/3/23 19:43,@圆圆圆（和张惠妹合唱过连名带姓版）,0
2025/3/23 19:44,太强了！,0
2025/3/23 19:44,贵州人的骄傲。[比心][比心][比心],0
2025/3/23 19:45,我的天！！,0
2025/3/23 19:47,好听,0
2025/3/23 19:48,@神探飞机头冲撞高级冰箱,1
2025/3/23 19:50,后面的问界车主，开了哨兵模式，发出来能火[看],0
2025/3/23 19:53,最喜欢她唱的那首《我的父亲是瓦匠》了,0
2025/3/23 19:57,太帅了我的姐,0
2025/3/23 19:59,玻璃碎了[捂脸],0
2025/3/23 19:59,诶？学钢琴需要用到唱歌的知识？,0
2025/3/23 20:00,谁允许音让你比我高了！,1
2025/3/23 20:02,牛[发呆],0
2025/3/23 20:05,虽然第一次听她的演唱会，我还是喜欢她的那首《我的父亲是瓦匠》，真的特别好听,0
2025/3/23 20:06,哇 真好听,0
2025/3/23 20:06,好厉害,0
2025/3/23 20:08,[泪奔][泪奔][泪奔][泪奔]神呐，她是怎么仿佛闭着嘴用一种毫无用力的状态唱上最高音的[泣不成声][泣不成声][泣不成声][泣不成声],0
2025/3/23 20:10,你挑战,1
2025/3/23 20:11,我嘞个豆啊[求求了][求求了],0
2025/3/23 20:12,@?????????????????? 面部表情真的超级轻松[发呆],0
2025/3/23 20:12,[比心],0
2025/3/23 20:15,[耶][耶][耶],0
2025/3/23 20:20,这么轻松？,0
2025/3/23 20:21,头声不咬字的话不用张太大嘴，哨音才需要,0
2025/3/23 20:23,我天才发现是本人[流泪],0
2025/3/23 20:25,太棒了,0
2025/3/23 20:25,小姨妈是谁,0
2025/3/23 20:29,顶不住啊,0
2025/3/23 20:31,好声音,0
2025/3/23 20:31,太好听了[流泪][流泪][流泪][流泪],0
2025/3/23 20:34,我也记得是超女的哈哈哈,0
2025/3/23 20:35,直接突破了我的天灵盖,1
2025/3/23 20:35,好的，摄影师可以辞退了吧，可以换我上了吧[灵机一动],1
2025/3/23 20:37,天籁天籁天籁,0
2025/3/23 20:38,可惜[流泪],0
2025/3/23 20:38,看最左边还以为我手机坏了[宕机],0
2025/3/23 20:38,我没法去现场听[流泪],0
2025/3/23 20:42,朵莉亚吗,0
2025/3/23 20:43,厉害到我了，烟头都掉了[捂脸],0
2025/3/23 20:43,姐姐可以唱下人鱼之歌朵莉亚的,0
2025/3/23 20:46,她唱了你可以搜,0
2025/3/23 20:46,姐，[看]，哪个地库的摄像头，还能绕着人拐弯的,1
2025/3/23 20:48,我怎么记得好像就是她唱的，难道是我记错了,0
2025/3/23 20:48,哎??，啥子歌嘛。,0
2025/3/23 20:48,不看屏幕绝对强的一批[绿帽子][绿帽子],1
2025/3/23 20:48,小心法师起诉你,1
2025/3/23 20:49,海豚是吗？把人皮脱下来,1
2025/3/23 20:51,唱过了哦[玫瑰],0
2025/3/23 20:53,唱过了哦，可以搜搜[比心],0
2025/3/23 20:56,拍摄和剪辑的人能不能开除[尬笑]晃得我头晕,1
2025/3/23 20:57,好哒,0
2025/3/23 20:58,@小p同学 我喜欢黄霄云[泣不成声][玫瑰],0
2025/3/23 20:58,好哒,0
2025/3/23 20:59,第一面包非常非常优秀 然后技巧也分很多种 山外有山 为什么一定要比…还有说没人能超越这种话真的…[捂脸]不要捧杀好吗,0
2025/3/23 21:00,爱[色][色],1
2025/3/23 21:00,@等小猫捡到我（宁芙奖请投佣兵）,0
2025/3/23 21:01,牛！,0
2025/3/23 21:01,哈哈哈哈。我说怎么这么牛。一看黄霄云本人[泪奔][泪奔][泪奔][泪奔],0
2025/3/23 21:04,别告诉我这是视频原声[泪奔],0
2025/3/23 21:04,氡气让人疯狂[泪奔],0
2025/3/23 21:06,牛,0
2025/3/23 21:07,地库是个天然的放大器,0
2025/3/23 21:08,这不是你吗？喔,1
2025/3/23 21:09,因为好重用的共鸣[捂脸]以前我总吼 知道我学会了共鸣[躺平],0
2025/3/23 21:10,我是活的，给我流量。我是活的，给我流量。我是活的，给我流量。,0
2025/3/23 21:10,我就搞不懂，怎么可以这样好听[小鼓掌][小鼓掌][小鼓掌],0
2025/3/23 21:12,拍摄的人这辈子与摄影无缘了[泣不成声],1
2025/3/23 21:12,@cc,0
2025/3/23 21:13,粤C,0
2025/3/23 21:14,@想名字好难啊啊 @okayyy. @??呵呵～,0
2025/3/23 21:15,会拍不，褪都看不到，不会运镜别整，晃得难受,1
2025/3/23 21:16,是吧！,0
2025/3/23 21:17,我就说我听到人鱼唱歌了嘛！！！！,0
2025/3/23 21:19,[666],0
2025/3/23 21:21,这拍的跟恐怖片一样,1
2025/3/23 21:23,不是 基本知识[九转大肠]应该会的吧[九转大肠],0
2025/3/23 21:24,[发呆][发呆][发呆][发呆],0
2025/3/23 21:25,怎么出来日本名了[看],0
2025/3/23 21:26,提前录好的音源,0
2025/3/23 21:29,谁拍的 换人换人,1
2025/3/23 21:30,黄霄云这么好看的吗，爱了爱了,0
2025/3/23 21:30,@阿苒苒 太猛了,0
2025/3/23 21:30,下次换个会拍的人来拍,1
2025/3/23 21:31,嗯嗯,0
2025/3/23 21:32,你也可以，乖乖,0
2025/3/23 21:37,你还别说，还真别说。。。,0
2025/3/23 21:38,这个嗓子你能唱个“他”吗,0
2025/3/23 21:39,这拍得我还以为哪个路人唱这么好听，原来是专业的[酷拽],0
2025/3/23 21:40,我不觉得位置切换有啥难，我的头声确实上不了这里边最高的那个音,0
2025/3/23 21:41,我第一眼的反应就是，小姨妈[泪奔],0
2025/3/23 21:42,我已经被我的声乐老师说声音条件不行了[泪奔]我本音特别低，音域没到那,0
2025/3/23 21:42,这嗓子简直是个机器[泣不成声],0
2025/3/23 21:44,换个摄像吧，我头都晕了也看不明白,0
2025/3/23 21:45,不要在地下车库练声-地下车库空气很不好,0
2025/3/23 21:48,没接触到,0
2025/3/23 21:49,在被窝了学了两句 螨虫笑死两只,0
2025/3/23 21:50,改的和原版没关系了，原版的感觉是升腾的火苗，这版就是硬秀高音拉长，我路人,0
2025/3/23 21:50,只是有实力[赞],0
2025/3/23 21:55,[感谢][感谢][感谢],0
2025/3/23 21:56,人类？[泣不成声],1
2025/3/23 21:57,车玻璃碎一地,0
2025/3/23 21:58,地下车库有没有陌生人,0
2025/3/23 22:00,真的假的,0
2025/3/23 22:01,把设备关了,0
2025/3/23 22:01,百万调音师,0
2025/3/23 22:02,[玫瑰],0
2025/3/23 22:07,@琏落風楠 啥意思一口气啊这么久吗[憨笑][憨笑][憨笑]。,0
2025/3/23 22:08,保安大爷:老远就听到那边有声音啊唔啊唔哦的，怎么个事呢？,0
2025/3/23 22:13,换摄影！一定要换摄影！让现在这个走啊！,1
2025/3/23 22:14,求你别动，就拍他脸就行[晕],1
2025/3/23 22:14,为什么唱歌的时候面部表情还能这么好看[色],0
2025/3/23 22:14,感觉拍摄的人是想拍出那种随声音而转动的运镜结果太晃了[泣不成声][泣不成声],0
2025/3/23 22:15,有一种前面真声，后半部分放的原唱[捂脸],0
2025/3/23 22:16,人类顶级女声，顶级天赋[比心][比心][比心][比心][比心][比心],0
2025/3/23 22:20,以后还敢不敢玩抽象[黑脸],1
2025/3/23 22:23,@?'?'? 就是这个，好厉害,0
2025/3/23 22:25,转调+鼓声，质量直接提升8个高度[赞][赞][赞],0
2025/3/23 22:26,非常的可以啊！,0
2025/3/23 22:27,老婆,0
2025/3/23 22:27,哇，好厉害！！还很轻松的样子,0
2025/3/23 22:28,下一次就唱这个[呆无辜],0
2025/3/23 22:29,祝健健康康，平平安安，好运连连，吉祥如意，一顺百顺事事顺心如意，心想事成[福][福][福],0
2025/3/23 22:30,华总在来的路上[呲牙],0
2025/3/23 22:35,@Nicole_Hyy?? [捂脸][捂脸],0
2025/3/23 22:38,不好,1
2025/3/23 22:38,真的很好听[玫瑰][玫瑰][玫瑰],0
2025/3/23 22:39,有问题吗？她男的喜欢周深女的喜欢霄云[噢买尬]关歌什么事 又没提他,0
2025/3/23 22:40,之前好像就刷到过说她高音很厉害,0
2025/3/23 22:40,我就说昨晚车库像开ktv一样,0
2025/3/23 22:41,牛逼,0
2025/3/23 22:42,@今晚早点睡. 比工作室那个有意境多了，那个拍的人一直在那晃,0
2025/3/23 22:42,黄霄云 要加油哦 你是最棒的,0
2025/3/23 22:42,强[赞]，咽音强混很屌,0
2025/3/23 22:43,我觉得摄像头不动，拍的话也好看,0
2025/3/23 22:43,手机不行还是拍摄技术不行[捂脸][捂脸],0
2025/3/23 22:43,歌手2025再战,0
2025/3/23 22:45,@涂涂、 好牛,0
2025/3/23 22:45,罗甸的朝天椒就是与众不同，顶你小妹妹[灵机一动][灵机一动][赞][赞][赞],1
2025/3/23 22:45,太强了姐[流泪],0
2025/3/23 22:48,妈呀，好好听,0
2025/3/23 22:49,我车玻璃是你震碎的吧,1
2025/3/23 22:51,最喜欢她唱的那首《我的父亲是瓦匠》了,0
2025/3/23 22:53,@幸福都是泡泡 嘴巴一张高音就上去？！都没用劲,1
2025/3/23 22:53,好像那种被人跟踪，私生拍的[宕机],1
2025/3/23 22:54,@芸爸爸 她啊的好轻松啊 甚至都不大张嘴巴,0
2025/3/23 22:57,晃得厉害还没把人物放镜头里,0
2025/3/23 22:59,这高音太顶了[玫瑰],0
2025/3/23 23:00,我的天。太好听了,0
2025/3/23 23:01,@西多士???? 太顶了,0
2025/3/23 23:02,黄霄云我看也是风韵犹存[看],0
2025/3/23 23:03,@渝欢 好听,0
2025/3/23 23:03,是的太强了[强][强],0
2025/3/23 23:04,头皮发麻,0
2025/3/23 23:05,@超懒. 你的一辈子,0
2025/3/23 23:05,[流泪][流泪][流泪][流泪],0
2025/3/23 23:05,我去了,0
2025/3/23 23:06,@西伯利亚,0
2025/3/23 23:09,@? 哇塞哇塞,0
2025/3/23 23:10,[赞][赞][赞],0
2025/3/23 23:11,请大大方方??,0
2025/3/23 23:11,车子没报警吗？这么高音[灵机一动],0
2025/3/23 23:12,@@lil,0
2025/3/23 23:13,补药晃了！！！！！！,1
2025/3/23 23:14,啧，谁拍的视频，下次不准拍了[微笑],1
2025/3/23 23:14,练练 有望,0
2025/3/23 23:15,高音是太高喉位就是用脖子里一块肌肉抬起来,0
2025/3/23 23:15,哈哈哈[泪奔][泪奔][泪奔],0
2025/3/23 23:19,@请叫我刘小美,0
2025/3/23 23:20,央音实力,0
2025/3/23 23:20,对不起，即使我也知道你唱的非常好非常好了，但那些道士做法的画面挥之不去的。,0
2025/3/23 23:21,？不儿,0
2025/3/23 23:22,有人能单独唱一下吗，想听,0
2025/3/23 23:22,这就是美声专业的魅力[大笑]厉害[赞],0
2025/3/23 23:24,是贵阳北的停车场吗[尬笑],0
2025/3/23 23:24,你会不会拍,0
2025/3/23 23:27,@卡西,0
2025/3/23 23:27,谁懂  她长得也好像朵莉亚,0
2025/3/23 23:28,就是配音哈哈哈[捂脸],0
2025/3/23 23:29,我也会,0
2025/3/23 23:29,座机拍的不错,0
2025/3/23 23:30,声带闭合的好，头腔共鸣胸腔共鸣?强混声。感觉全国音乐学院没几个唱这么稳这么牛逼的,0
2025/3/23 23:31,姐，你到底是怎么现在这么美的，美商真绝了,0
2025/3/23 23:32,摄影师开除[捂脸],1
2025/3/23 23:34,郁欢唱的永远无法超越，不接受任何反驳,1
2025/3/23 23:37,不能发语音了，要不然一定让你们听听我天癞一样的声音[酷拽],1
2025/3/23 23:41,好厉害啊,0
2025/3/23 23:41,只能说丝袜女神,1
2025/3/23 23:43,刚看到有个大姐被吓跑了[偷笑],0
2025/3/23 23:45,特斯拉打开哨兵模式,0
2025/3/23 23:47,不会拍就乖乖把手机放车顶[呆无辜],1
2025/3/23 23:49,@徐长卿,0
2025/3/23 23:51,她是大学霸啊,0
2025/3/23 23:51,刚看我觉得就是假唱 直到我看到这个号叫黄霄云,1
2025/3/23 23:52,我车窗玻璃碎了 保险不赔你打算怎么办[暗中观察],0
2025/3/23 23:53,评论我的流量都爆了[呲牙][玫瑰],0
2025/3/23 23:55,我说是谁在放歌曲呢,0
2025/3/23 23:55,我会去听你的演唱会,0
2025/3/23 23:56,戴着耳机听，感觉脑袋痛痛的,0
2025/3/23 23:56,好期待黄霄云和华晨宇一起合作演唱《烟火里的尘埃》[赞][赞][赞],0
2025/3/23 23:58,头声,0
2025/3/23 23:59,我愿称00后新生代之最[赞],0
2025/3/23 23:59,@加一点辣 好厉害,0
2025/3/24 0:01,@我不造啊 哈哈哈哈哈哈哈,0
2025/3/24 0:02,昨晚我好像看到好想吃女士了,0
2025/3/24 0:03,我听过最好听的版本,0
2025/3/24 0:03,他这个拍摄手法像回忆录,0
2025/3/24 0:04,@今天也要好好吃饭,0
2025/3/24 0:05,朵丽亚开大,0
2025/3/24 0:06,好像已经唱三个版本了[绿帽子],1
2025/3/24 0:07,拍成这样？！？？,1
2025/3/24 0:09,OMG 真的好好听，,0
2025/3/24 0:12,头腔共鸣[送心],0
2025/3/24 0:12,[赞][赞],0
2025/3/24 0:13,本人来啦，当时就是突然想尝试一下这首歌，没想到被人拍下来发到网上[害羞]谢谢大家的喜欢啦,0
2025/3/24 0:15,可恶，我也要见你,1
2025/3/24 0:16,@我会发大财?? @??努力努力再努力??,0
2025/3/24 0:21,好听，好听，好听，超好听，现在天天都要听。,0
2025/3/24 0:21,啊 有人在KTV点你的歌吗 [晕],0
2025/3/24 0:22,最喜欢的人唱了最喜欢的歌[流泪][流泪][流泪],0
2025/3/24 0:25,是有点牛,0
2025/3/24 0:27,我以前有一阵也超喜欢这歌，曾循环过，这歌还是男声的海豚音好听,0
2025/3/24 0:31,我爱你黄霄云[比心],0
2025/3/24 0:32,第一次听说有这么个人.不过真的好厉害啊[可怜][可怜][可怜][可怜][可怜][可怜],1
2025/3/24 0:35,下一站是哪里,0
2025/3/24 0:38,你赢了黄霄雲了[看][看],0
2025/3/24 0:38,最后嘴都快闭上了还能发出那么高的音呢[恐惧]恐怖如斯,1
2025/3/24 0:40,手机的话手容易抖,0
2025/3/24 0:47,@无风1 如同弦乐耳暂明,0
2025/3/24 0:47,一直觉得黄霄云好看，然后唱功超牛[流泪][流泪][流泪],0
2025/3/24 0:49,想干啥？,1
2025/3/24 0:49,高音飙升[比心],0
2025/3/24 0:50,好好听,0
2025/3/24 0:52,很难不点赞啊，太好听了,0
2025/3/24 0:53,太好听了,0
2025/3/24 0:55,又不是嘴张的大音才高,1
2025/3/24 0:55,@鲜榨玉米汁 主播主播我想听这个,0
2025/3/24 0:56,@椰子,0
2025/3/24 0:57,是真的厉害,0
2025/3/24 1:01,别晃了晕了[捂脸],0
2025/3/24 1:04,@你甚至不愿叫我一声翔哥,1
2025/3/24 1:04,禁止自娱自乐[尬笑],1
2025/3/24 1:05,嘿您猜怎么着，还真是[尬笑],0
2025/3/24 1:07,后期+的音，你想拍啥,1
2025/3/24 1:08,好好好，越搞音越轻松，越发力越轻松，这就是美声科班出身是吧[呆无辜],0
2025/3/24 1:13,好好听[送心][送心][送心]新号[送心][送心][送心],0
2025/3/24 1:25,[呆无辜],0
2025/3/24 1:28,我一直以为你叫黄云霄,0
2025/3/24 1:33,这个星期被这首歌洗刷了一半抖音,0
2025/3/24 1:33,唱完脑袋晕晕的[捂脸],0
2025/3/24 1:42,就不能买个大疆的云台？[尬笑],0
2025/3/24 1:46,看不懂思密达[听歌],0
2025/3/24 1:49,拍成这样才有流量[看]正儿八经拍得很好 很高清就没这个流量了[抠鼻],0
2025/3/24 1:51,吃饭喝水般简单呢[酷拽],0
2025/3/24 1:52,牛逼,0
2025/3/24 2:27,太牛了[鼓掌],0
2025/3/24 2:37,谁拍的[抠鼻]开除,1
2025/3/24 2:38,后期加的音[看],0
2025/3/24 2:42,肯定是头声啊，人家牛的是质量太高了气息还这么稳,0
2025/3/24 2:43,牛逼啊,0
2025/3/24 2:48,@幸运星 我嘞个逆天高音,0
2025/3/24 3:00,在你身上我看到邓紫棋的影子，不错,0
2025/3/24 3:08,鸡皮疙瘩[流泪],0
2025/3/24 3:17,老婆真棒,0
2025/3/24 3:36,云妹，永远在,0
2025/3/24 3:38,不会运镜可以站着不动[憨笑],0
2025/3/24 3:38,天赋异禀,0
2025/3/24 3:39,还真别说哈哈哈哈,0
2025/3/24 3:45,基本操作了  她无表情飙高音的名场面挺多的,0
2025/3/24 3:46,我咋感觉是防爆？[疑问],0
2025/3/24 3:46,[疑问][疑问],0
2025/3/24 3:50,但是中国有14亿人哦！,0
2025/3/24 3:50,一直被资本打压  买水军各种黑   这两年要好点点了,1
2025/3/24 3:52,快290了[看],0
2025/3/24 3:54,这是真正专业[赞],0
2025/3/24 3:56,运镜搞好点估计会有  这该死的运镜太拖后腿了[微笑],1
2025/3/24 3:57,不会的 实力摆在那儿 她面无表情飙高音的名场面也不是没有[看],0
2025/3/24 4:00,好好听,0
2025/3/24 4:02,拍摄的人可以开掉重新找一个了,1
2025/3/24 4:04,你是黄牛？[疑问],1
2025/3/24 4:05,广东,0
2025/3/24 4:07,人家买了整首歌的版权,0
2025/3/24 4:09,既然别人不听 那我也不听了[思考],0
2025/3/24 4:11,因为最近她翻唱的这首歌挺火的,0
2025/3/24 4:11,系统会推流,0
2025/3/24 4:12,6[捂脸],0
2025/3/24 4:16,没办法  歌曲没排好  前面两首超高难度的歌曲把嗓子干哑了,0
2025/3/24 4:18,没有错  这是她自己的版本  就是这样唱的  有些地方和原唱不同,0
2025/3/24 4:20,人家早期在练歌房还真唱过[看],0
2025/3/24 4:21,这监控装的矮不说，居然还是运动型的,0
2025/3/24 4:25,这个是真的好。。。,0
2025/3/24 4:55,这是在测试玻璃够不够结实吗,0
2025/3/24 4:55,这高音直接把我整个人都给顶到天上去了[捂脸][捂脸][捂脸]，太夸张了吧这,0
2025/3/24 4:57,还好还好，还好我憋气直接憋到你唱完高音,1
2025/3/24 4:58,拍的啥也没看清[憨笑],0
2025/3/24 5:03,不是高喉位，美声全是低喉位的，虽然不存在高低喉位对错，能稳定就是对的。,0
2025/3/24 5:15,催命呢大袜子[捂脸],1
2025/3/24 5:24,穿越原唱几十条街,1
2025/3/24 5:26,太牛了@许筱筱,0
2025/3/24 5:32,郁欢[看],0
2025/3/24 5:52,[流泪][流泪][流泪],0
2025/3/24 6:27,第二天业主群疯了[捂脸]车库闹鬼[捂脸],0
2025/3/24 6:37,唱这个肯定更过瘾,0
2025/3/24 6:41,[赞]厉害…感觉停车场的车玻璃都可以震碎几块[笑哭],0
2025/3/24 6:51,姐姐好厉害[泣不成声],0
2025/3/24 7:21,好听爱听[比心],0
2025/3/24 7:26,起鸡皮疙瘩了,0
2025/3/24 7:34,这唱功真捧,0
2025/3/24 7:38,小云呐，这一年的演唱会非你莫属[抠鼻],0
2025/3/24 7:45,我手机坏了吗？[捂脸],0
2025/3/24 7:47,原唱？是华晨宇？？？？？？,1
2025/3/24 7:49,来大连开演唱会吧！！！！！[逞强落泪][逞强落泪][逞强落泪],0
2025/3/24 7:50,姐姐怎么能不配一点设备呢？抖得不像话了[泣不成声]哈哈哈,0
2025/3/24 7:52,@… 好厉害[憨笑],0
2025/3/24 7:57,拍摄又抖又转，晕死我了[撇嘴],0
2025/3/24 8:06,黄霄雲团队的拍摄手法有一种生怕她火了的感觉[微笑][左上][九转大肠][九转大肠][九转大肠],1
2025/3/24 8:07,亡妻回忆画质,0
2025/3/24 8:11,那可能确实吧[泪奔]不过没事，可以通过科学训练扩音域,0
2025/3/24 8:14,太好听了[看],0
2025/3/24 8:20,怎么拍都美,0
2025/3/24 8:28,我的心里住着一个美丽的女孩，如果世界听不明白，对影子告白@黄霄雲（巡演版） [看],0
2025/3/24 8:32,太强了[赞],0
2025/3/24 8:36,牛逼克拉斯,0
2025/3/24 8:40,啊啊啊啊啊  杨超越 啊啊啊啊,0
2025/3/24 8:42,？,0
2025/3/24 8:42,你和邓紫棋一起开演唱会，那得多燃[泪奔],0
2025/3/24 8:44,这是孟子义,0
2025/3/24 8:55,你这个歌开车不能听 一听就兴奋 一兴奋就超速[捂脸][捂脸][捂脸],0
2025/3/24 8:56,文案不都说了是监控拍的，你们都不看文案吗,0
2025/3/24 8:59,我在厕所都听见了,0
2025/3/24 8:59,厉害[赞][赞][赞],0
2025/3/24 9:03,哇[泣不成声],0
2025/3/24 9:05,[泣不成声]这声音听着真的很爽，跟iu一样，趁年轻多去现场听听，过了30多之后有些歌都不唱了,0
2025/3/24 9:08,她模仿的好像黄霄云啊,0
2025/3/24 9:10,感觉摄影是她男朋友……因为只有男朋友才是这个水平[微笑][微笑],1
2025/3/24 9:13,来长沙啊，芒果馆也可以啊,0
2025/3/24 9:13,@βutterBeer?? 我还说谁这么猛，一看名字黄霄云[投降],0
2025/3/24 9:14,太强了,0
2025/3/24 9:18,怎么你车库跟我车库差不多，到了地面你就那么耀眼的你,1
2025/3/24 9:25,@??  ??,0
2025/3/24 9:28,厉害,0
2025/3/24 9:32,你？ 我？？你？？ 好,0
2025/3/24 9:39,铁打的肺[大笑],0
2025/3/24 9:41,这高原能转换那么好不简单[比心],0
2025/3/24 9:45,宝宝 什么时候还来北京或者北京周边呀 看完你的演唱会走不出来还想去梦一回[流泪],0
2025/3/24 9:55,美声第一名专业，你说呢,0
2025/3/24 10:00,车玻璃裂了你赔吧[比心][捂脸],0
2025/3/24 10:06,手机亮度调到最亮了，还是看不清[白眼],1
2025/3/24 10:07,明显撑不住了，这首歌太难了，已经很厉害了,0
2025/3/24 10:09,都是翻唱？,0
2025/3/24 10:09,不是啊,0
2025/3/24 10:13,太好听了[流泪],0
2025/3/24 10:15,好听,0
2025/3/24 10:18,[疑问]高音飚的这么轻松……太吓人了,0
2025/3/24 10:23,好牛,0
2025/3/24 10:24,这是两首歌吗,0
2025/3/24 10:25,你家监控是移动环绕？,1
2025/3/24 10:32,天赋加努力啊,0
2025/3/24 10:37,[赞][赞][赞][赞],0
2025/3/24 10:37,她是国家队的,0
2025/3/24 10:39,[赞][赞],0
2025/3/24 10:40,哪里哪儿来的这么多票[疑问],1
2025/3/24 10:42,真的牛[苦涩][苦涩]我要去看你演唱会,0
2025/3/24 10:43,好厉害，都可以不用伴奏了[看],0
2025/3/24 10:47,你猜,0
2025/3/24 10:49,@夏?耀哦?? [赞][黑脸],1
2025/3/24 10:50,@屿謃 @? @liuyaowen @望月纱_ @小?甜宝??,0
2025/3/24 10:51,内口腔打开就好了,0
2025/3/24 10:54,@boom,0
2025/3/24 10:59,单依纯请求出战,0
2025/3/24 11:02,10万个人玩全民K歌，你打败99.99%，还差10个没打败没毛病,0
2025/3/24 11:04,姐教我唱歌吧 感觉你的技巧 气息运用 歌的理解真的很棒很棒很有实力 当初你在好声音唱的那首《你》我就开始粉了 记得当时你 16 岁 但是展示出来的那种唱歌技巧 对歌的情感表达 真的很棒 我真的很喜欢[送心],0
2025/3/24 11:07,我以为是营销账号，没想到是本人,0
2025/3/24 11:10,真的假的[宕机][宕机]这么厉害,0
2025/3/24 11:10,微整了？怎么感觉比以前更美了[尬笑],0
2025/3/24 11:14,@耶汁 鸡皮疙瘩都起来了 强得可怕,0
2025/3/24 11:15,火烧云厉害,0
2025/3/24 11:16,快扶她一把 缺氧了,0
2025/3/24 11:18,nb,0
2025/3/24 11:26,这高音上的跟玩似的[裂开][裂开][裂开],0
2025/3/24 11:28,哦买嘎,0
2025/3/24 11:33,牛逼,0
2025/3/24 11:42,好牛,0
2025/3/24 11:43,[猪头][猪头],1
2025/3/24 11:45,听这种声音 我太享受了[赞][赞],0
2025/3/24 11:49,好好好，打败你的只有你自己[听歌],0
2025/3/24 11:56,牛,0
2025/3/24 12:00,这么高的音啊,0
2025/3/24 12:05,芥末轻松？,0
2025/3/24 12:11,绝活，盆腔共振,1
2025/3/24 12:14,她也喜欢花的欸[尬笑],0
2025/3/24 12:17,@到上课就困. 我去！[泣不成声],1
2025/3/24 12:17,我想着谁这么厉害呢，一看名字黄霄云，行[捂脸][捂脸][捂脸][捂脸],0
2025/3/24 12:39,@毅淇向未来?? @111,0
2025/3/24 12:40,[送心],0
2025/3/24 12:40,@小狗探险家 我靠这高音,1
2025/3/24 12:40,已经看了?,0
2025/3/24 12:41,从来没去看过演唱会，这是我们贵州走出去的女孩，有机会一定支持一下，加油??,0
2025/3/24 12:42,@穰,0
2025/3/24 12:47,"黄霄云的团队宣传方式
就和我初中时发了全民K歌分享到QQ空间一样
是如此的，，，稚气感",1
2025/3/24 12:55,太牛了[愉快],0
2025/3/24 13:00,好好听,0
2025/3/24 13:02,我嘞个666,0
2025/3/24 13:02,是我贱，不听劝，居然点进去听了，真是好听哭了，她那首成名曲（阻止你哭泣）[流泪],0
2025/3/24 13:06,唱歌不一定就一定需要情感啊，技巧搞也不妨碍我欣赏[看],0
2025/3/24 13:15,还得是法师唱得好听[泪奔][泪奔],0
2025/3/24 13:18,高音好轻松，不得不承认，天赋这个词,0
2025/3/24 13:18,你两继续吵，我去请我哥来当评委[思考],0
2025/3/24 13:35,我嘞个豆,0
2025/3/24 13:35,@Lion @Dexted. @好想打麻将 @i @lynnlynn @魚yy_ @KAMIN @宝???? 好牛,0
2025/3/24 13:39,[黑脸],1
2025/3/24 13:42,不错不错不错不错不错不错,0
2025/3/24 13:43,她就这么水灵灵唱出这么高[流泪],0
2025/3/24 13:43,现在最好的女歌手，没有之一！你就是最闪亮的星！,0
2025/3/24 13:46,好怕这些车的玻璃都碎了，这声音太有穿透力[送心][送心][送心],0
2025/3/24 13:49,我们贵州勒[泪奔],0
2025/3/24 13:50,@玉米骨骨汤 @静静酱?? 请给我一个毁灭世界的高音,1
2025/3/24 13:52,半夜去停车场开车的会不会被吓死？[暗中观察],0
2025/3/24 13:53,地库有点破，你来我家这块练，我天天陪着呢,0
2025/3/24 14:00,@水镜 [震惊],0
2025/3/24 14:01,你们高兴啦   可是我不高兴   你们居然还可以看免费私人定制版演唱会[看],1
2025/3/24 14:02,捉,0
2025/3/24 14:10,什么时候再复刻下高难度版的星辰大海[发呆],0
2025/3/24 14:23,老天爷追着喂饭,0
2025/3/24 14:29,@0.0.0 @爱吃地蛋的马铃薯 @奶油小泡符！,0
2025/3/24 14:48,你想让我亖就直说,1
2025/3/24 14:51,吵死了在停車場,1
2025/3/24 14:53,我了个豆,0
2025/3/24 14:59,挺火的呀[看]长月烬明，苍兰诀的歌都是她唱的，很喜欢,0
2025/3/24 15:23,天赋  有的人信手拈来,0
2025/3/24 15:37,@谁给我100块 好厉害,0
2025/3/24 15:39,我去！！！！好好听啊[咒骂]@lg5≠0,1
2025/3/24 15:44,@。。。。。。 @绵绵鱼,0
2025/3/24 15:47,专业的[再见]禁止参赛,1
2025/3/24 15:48,@??Shayasha???? 挑战她[呲牙],1
2025/3/24 15:54,[赞][赞][赞],0
2025/3/24 15:58,老头我不才，给你当摄影师吧,0
2025/3/24 16:06,@阿生,0
2025/3/24 16:06,我草是真好听,0
2025/3/24 16:10,@一只鹅鹅呀 @温馨提醒 好听,0
2025/3/24 16:11,豪庭,0
2025/3/24 16:13,实力派[赞][赞][赞][赞][赞][赞],0
2025/3/24 16:15,@(??ω?? ?),0
2025/3/24 16:25,@0度. [微笑]我还寻思谁这么强，原来是本人,0
2025/3/24 16:30,鸡皮疙瘩起来了[微笑],0
2025/3/24 16:41,这妮子也算好起来了,0
2025/3/24 16:44,摄影师out,1
2025/3/24 16:51,这个是远远地开了二倍放大，会更抖,0
2025/3/24 16:53,我擦,1
2025/3/24 16:54,@温柔小惜的狗 给我唱！,1
2025/3/24 17:01,是[眼含热泪],0
2025/3/24 17:02,怎么设置微信铃声 求大神[泪奔],0
2025/3/24 17:03,黄霄雲团队的拍摄手法有一种生怕她火了的感觉[憨笑][左上],0
2025/3/24 17:13,干哈呀  一句话就给我说没了,0
2025/3/24 17:19,上下颚打开，想要鼻腔通道打开，就要嘴型变小[呲牙],0
2025/3/24 17:19,@违规昵称,1
2025/3/24 17:26,摄影大哥呢？转行吧，我怕你饿死,1
2025/3/24 17:28,试试[捂脸]应该不行,0
2025/3/24 17:29,@@嗯.,0
2025/3/24 17:35,这运镜不如不运[你不大行],1
2025/3/24 17:37,@LL（饿昏版） @???? 好厉害,0
2025/3/24 17:40,@好耶好耶 @韩薇 @霖音:3 我勒个黄霄云小号[宕机][宕机][宕机],1
2025/3/24 17:44,@111 非常牛[猪头],1
2025/3/24 17:49,嘴巴不张怎么做到G5的[看],1
2025/3/24 17:54,你还是原来的你,0
2025/3/24 17:56,@冷少 哇哇哇,0
2025/3/24 18:01,@????????,0
2025/3/24 18:10,绝[666],0
2025/3/24 18:11,你来吧[可怜] 我五音不全[快哭了],0
2025/3/24 18:18,[惊讶][色][看][比心][玫瑰][看][看],0
2025/3/24 18:19,监控？对着你360度旋转的监控[看],1
2025/3/24 18:25,我赞同,0
2025/3/24 18:31,好听[玫瑰][玫瑰][玫瑰],0
2025/3/24 18:31,妹妹 实在不行换一个摄影师吧  我人生中第一次在床上晕车...[苦涩][苦涩][苦涩],0
2025/3/24 18:33,这摄像转的我头晕[酷拽],0
2025/3/24 18:33,比我洗澡的时候强一点,1
2025/3/24 18:38,天赋型,0
2025/3/24 18:44,我滴妈 车库闹鬼了 赶紧跑[捂脸],0
2025/3/24 18:49,这是啥监控,1
2025/3/24 18:59,不是说了被监控拍的吗[看] 哈哈哈哈,0
2025/3/24 19:06,应该喝了点回来了，这摄影师手抖,0
2025/3/24 19:08,哈哈哈哈哈哈哈,0
2025/3/24 19:10,终于刷到一个哦完的了[泣不成声]，感谢博主,0
2025/3/24 19:10,@4u 好高的音,0
2025/3/24 19:12,是我都要掉气了埃这么长时间[尬笑],0
2025/3/24 19:20,你都不看看她唱的人鱼之歌[泪奔],0
2025/3/24 19:22,因为他唱歌就是飙高音那种，所以他嘴不会经常的去，就是基本上都是嗓子发音,0
2025/3/24 19:23,我感觉好权威[捂脸],0
2025/3/24 19:23,好牛[送心][送心],0
2025/3/24 19:26,拍的人这么抖干嘛，因为是在抖音发吗？[微笑],0
2025/3/24 19:29,被盗了吧[看][看],0
2025/3/24 19:31,@暮 每年火一遍[捂脸],0
2025/3/24 19:33,把别人的车窗震碎了你就麻烦了,1
2025/3/24 19:37,[呲牙][呲牙][呲牙][呲牙],0
2025/3/24 19:38,第一眼看成了郑爽,1
2025/3/24 19:39,唱得秒杀某人吼吼吼,1
2025/3/24 19:41,@泪,0
2025/3/24 19:44,[黑脸]哇塞但是这个运镜,0
2025/3/24 19:47,@VenusFlytrap 公司疑似防爆[憨笑],0
2025/3/24 19:49,我反而很喜欢这个运镜，有种平静中的疯感[灵机一动],0
2025/3/24 19:53,这运镜像在拍贞子[微笑],0
2025/3/24 19:53,车玻璃还好吗,0
2025/3/24 19:55,@酸萝卜 比奇 她蛮厉害的好像,0
2025/3/24 19:56,[憨笑][憨笑][憨笑]这拍的也太丑了,1
2025/3/24 20:01,这首歌的结尾段听着好好听,0
2025/3/24 20:04,配如音[泪奔],0
2025/3/24 20:08,能不能把摄像的换了，看的我晕头转向的[酷拽],0
2025/3/24 20:08,我也！,0
2025/3/24 20:14,给跪了[赞][赞][赞],0
2025/3/24 20:16,@kang～ 神！,0
2025/3/24 20:17,@叶落忆湘伦 我滴妈好厉害,0
2025/3/24 20:18,厉害厉害[赞]三月三怪到了，要系屏论狙能发语音我高低用峡壮补冬发跟你搜搂搜搂，练习练习三歌,0
2025/3/24 20:19,好??,0
2025/3/24 20:26,又是地下停车场[看]又是烟火里的尘埃。合着抖音是个轮回呗[看]只是不是一段词,0
2025/3/24 20:29,朵莉亚好美[泣不成声],0
2025/3/24 20:36,黄霄云必火,0
2025/3/24 20:38,摄影的也太糊了。不知道打个光么,1
2025/3/24 20:41,你这运镜运的人头晕 晃的啊,1
2025/3/24 20:41,人怎么可以有这种嗓音[发呆],0
2025/3/24 20:42,我滴麻，这头皮发麻的转音,0
2025/3/24 20:44,[鼓掌][鼓掌],0
2025/3/24 20:46,云姐啊啊啊啊啊啊[舔屏][舔屏][舔屏][舔屏][舔屏][舔屏],0
2025/3/24 20:51,有感情的说人家只有感情没技巧，有技巧的说人家没感情只会炫技[捂脸],0
2025/3/24 20:52,这绝对国家队级别的唱功[赞],0
2025/3/24 20:53,@梧^ 真的牛逼啊[黑脸]我以为这种只能合成呢他直接唱出来了[黑脸],0
2025/3/24 21:01,还得是面包啊[偷笑],0
2025/3/24 21:03,鸡皮疙瘩都起来了,1
2025/3/24 21:03,@alleN 這猛多了,0
2025/3/24 21:03,比原唱好听,0
2025/3/24 21:05,三天三夜，三更半夜不睡觉，扰民[捂脸],0
2025/3/24 21:18,歌超好听[泣不成声]但是运镜让我有一种晕车的感觉[泣不成声],0
2025/3/24 21:20,听着太舒服了,0
2025/3/24 21:23,姐，要不招我给你拍摄,0
2025/3/24 21:25,检查一下，车库里的车窗有没有破裂,0
2025/3/24 21:39,我说怎么天天地下车库都有人唱歌,0
2025/3/24 21:40,厉害??[发呆],0
2025/3/24 21:40,等你上浪姐哈哈哈哈,0
2025/3/24 21:40,@Alli0n. 她嘴巴闭起来了哦，那这个高音就是我唱的,0
2025/3/24 21:40,我之前在台上表演过的，唱的华晨宇那个版本的，黄霄云真的太牛了，她拉长了好多好多[泪奔][泪奔][泪奔][泪奔],0
2025/3/24 21:44,这难道就是传说中的海螺音么,0
2025/3/24 21:52,[舔屏][舔屏][舔屏],1
2025/3/24 21:52,你强任你强,0
2025/3/24 21:54,人声电吉他[看],0
2025/3/24 21:56,我唱不到所以不会唱到人[送心][送心],0
2025/3/24 21:56,唱的好像睡着了[捂脸][捂脸],0
2025/3/24 21:56,每次看见黄霄云的视频第一眼肯定是认不出来她[捂脸]，每次看她都会变了个样子。女大十八变，越变越好看。[泪奔]变得第一眼认不出。,0
2025/3/24 21:58,@晕坨坨?? 乍一看以为是你,0
2025/3/24 21:58,拍的跟鬼片似的[憨笑],0
2025/3/24 21:58,@退休候选人 @?太坏了准备更坏? @ISFJ 真好听啊[猪头],0
2025/3/24 22:02,啥时候来成都啊[求抱抱],0
2025/3/24 22:07,太美了,0
2025/3/24 22:07,你不出道可惜了,0
2025/3/24 22:10,这高音飙得我鸡皮疙瘩起来了持久未好，以后国家级的女歌手必有黄霄雲的一席之位,0
2025/3/24 22:11,为什么抖音评论里都说《我的父亲是瓦匠》这歌是她原创的？,0
2025/3/24 22:12,教我唱歌好不好[舔屏],0
2025/3/24 22:12,太牛了,0
2025/3/24 22:13,@澜泽 @懒^ @柚子ovo^ @walawala @maolinann @人间肉嘉馍 华晨宇的歌真的很难唱。这是真的。,0
2025/3/24 22:14,哇哦,0
2025/3/24 22:17,是滴,0
2025/3/24 22:17,我太爱你唱这首歌,0
2025/3/24 22:19,现在的黄霄雲强到我怀疑人生,0
2025/3/24 22:19,本来就不需要张很大啊,1
2025/3/24 22:23,这种运镜很小众,0
2025/3/24 22:23,这么轻松，小姐姐太厉害了,0
2025/3/24 22:24,她确实是有实力的,0
2025/3/24 22:29,这宗亲必火,1
2025/3/24 22:34,你这监控挺高级啊,0
2025/3/24 22:36,唱歌太好听了[微笑]就是不听声音根本看不出来一点是黄霄云,0
2025/3/24 22:38,主公东风借到了，我们可以火了[流泪][流泪],0
2025/3/24 22:39,这不行啊 没有一辆车报警[看],0
2025/3/24 22:41,啊啊啊好厉害[色]好松弛啊,1
2025/3/24 22:42,@?? 这么nb？[疑问][疑问][疑问],0
2025/3/24 22:43,[宕机]谁拍的？ 动来动去,0
2025/3/24 22:43,可不可以北方安排几场[泣不成声]我想听现场,0
2025/3/24 22:44,这个歌花花唱的最好听，其他人唱的总是差点意思，而且花花的歌曲确实比较超前，有些人听前奏就听不下去[捂脸],0
2025/3/24 22:46,@Esile @今天看魚了嗎 @刮刮刮刮 [舔屏],0
2025/3/24 22:47,@吃不了硬米饭 @Eun 你俩看看,0
2025/3/24 22:47,@西洲 @愿我我什么时候能[我想静静],0
2025/3/24 22:48,@檀琳_sy 爱听这歌 你唱[比心],0
2025/3/24 22:48,好羡慕,0
2025/3/24 22:50,第一次听歌给我整晕3d了,0
2025/3/24 22:52,海豚成鲸了[不失礼貌的微笑],0
2025/3/24 22:52,[爱心][爱心],0
2025/3/24 22:53,这个摄影不行，下次换一个，手抖的不行，唱的这么好，拍的一点氛围感也没有[捂脸],1
2025/3/24 22:54,演唱会时候翻车了可惜,0
2025/3/24 22:54,太强了,0
2025/3/24 22:54,[流泪][流泪][流泪][流泪][流泪]好牛,0
2025/3/24 22:56,新生代实力派,0
2025/3/24 22:58,很好听，就是拍摄手法?这个滤镜有点歹毒。,0
2025/3/24 23:00,好听,0
2025/3/24 23:01,她的高音就是强,0
2025/3/24 23:03,坐等没感情[看],0
2025/3/24 23:04,@悲伤土豆泥°?° 我就是我??,0
2025/3/24 23:04,懒得喷,0
2025/3/24 23:05,最后那调太绝了[赞],0
2025/3/24 23:07,好听是好听 可是头有点晕了[发呆],0
2025/3/24 23:07,我都快呼吸不过来了,0
2025/3/24 23:07,我想象中车库唱歌的自己[尬笑][尬笑],0
2025/3/24 23:08,静静地拍就好、大家是来听歌的、又不是来坐过山车的。,0
2025/3/24 23:09,女生唱高音有先天条件,0
2025/3/24 23:11,太好听了[比心][比心][比心]爱了爱了,0
2025/3/24 23:13,她挑战过朵莉亚的歌声[流泪],0
2025/3/24 23:13,@没有星期八_ 好厉害啊啊啊[流泪],0
2025/3/24 23:14,拍摄的人基本扎根摄影界了,0
2025/3/24 23:14,停车场车玻璃不会碎吗[发呆],0
2025/3/24 23:16,太厉害了@Faith @.i08. @Джу Цзинь @鱼摆摆^ @笨笨ovo @_MMao @小辰辰辰 @困zzz.,0
2025/3/24 23:18,@咿诶叶 @Juan. @春至 @小岛. @阿M @粉嫩扣Jio的帅气大汉,0
2025/3/24 23:21,@姚政（摇不正） 你来唱,1
2025/3/24 23:24,同样都会唱歌，你咋能唱那么高音[酷拽][酷拽][酷拽][酷拽],0
2025/3/24 23:25,太厉害了[赞],0
2025/3/24 23:27,@最爱麻烦哥哥了（戒谷如果拆卡请骂死我） 以为是个很厉害的模仿者，结果是本人,0
2025/3/24 23:28,[赞][赞][赞],0
2025/3/24 23:29,说啥呢？,1
2025/3/24 23:30,我看了几遍才发现这是黄霄云,0
2025/3/24 23:30,@Ice.,0
2025/3/24 23:30,中国有十三亿人，就算是万里挑一，也还有一万三千人,0
2025/3/24 23:32,@Hakuna Matata,0
2025/3/24 23:32,@?? 太牛了吧,0
2025/3/24 23:33,怎么还得转着圈拍,0
2025/3/24 23:34,真的很牛  毫不费力的高音,0
2025/3/24 23:34,妹儿？？？我的天？！？！竟然刷到你了，真的好久好久不见了！！你还记得我吗？我们从小就不认识！小时候我在我家玩， 你在你家玩！,0
2025/3/24 23:36,好好听呀[色][色],1
2025/3/24 23:36,哇哇哇 好好听[玫瑰],0
2025/3/24 23:36,@不要再叹气了 绝了啊,0
2025/3/24 23:37,@章鱼小丸,0
2025/3/24 23:38,[捂脸][捂脸][捂脸]换个摄影师,0
2025/3/24 23:38,太牛了,0
2025/3/24 23:38,太难了[听歌],0
2025/3/24 23:40,女神！,0
2025/3/24 23:43,@bsyz,1
2025/3/24 23:43,黄霄雲唱功她说第二国内没人敢说第一吧[捂脸],0
2025/3/24 23:44,我噻，完美完美[赞],0
2025/3/24 23:44,我以为我手机坏了,0
2025/3/24 23:44,点歌 追梦赤子心。 [看],0
2025/3/24 23:45,你这运镜不如不运,1
2025/3/24 23:45,很棒[赞]，但是这首歌华晨宇唱才最厉害，虽然我不喜欢华晨宇，但是他唱这首歌，真的很好听[捂脸],0
2025/3/24 23:48,太牛逼了吧[捂脸],0
2025/3/24 23:49,@用户1383061926768 我好想现场听这么牛逼的高音[流泪],0
2025/3/24 23:54,[捂脸],0
2025/3/24 23:58,@便便超人 妈呀,1
2025/3/25 0:00,@孔苑苑 老师老师这个怎么回事啊？,0
2025/3/25 0:01,[微笑][微笑][微笑]爽了,0
2025/3/25 0:02,@小李觉得行（积极快乐健康版） @仟仟（快乐健康版ヽ(?~?)?） [流泪][流泪][流泪][流泪][流泪][流泪][流泪][赞][赞][赞][赞][赞],0
2025/3/25 0:03,@吃西瓜不吐西瓜皮 啊啊啊啊这个高音[送心],0
2025/3/25 0:04,天赋这个东西。不是努力就能达到,0
2025/3/25 0:05,@樱桃小姑子,0
2025/3/25 0:07,我就是我，嗷[抓狂][抓狂][抓狂]～～～～～～,0
2025/3/25 0:08,神啊啊。@有超多money @Tristan @絆_,0
2025/3/25 0:09,阿弥陀佛。,0
2025/3/25 0:12,有点像我[送心],0
2025/3/25 0:15,@菲菲,0
2025/3/25 0:15,哈哈哈哈哈[大笑]我的荣幸,0
2025/3/25 0:16,但是她没忘词[送心],0
2025/3/25 0:18,顶级头声,0
2025/3/25 0:19,@烦死了了了 用什么部位发出来的,1
2025/3/25 0:19,咱讲真的，给摄影团队换了吧,1
2025/3/25 0:30,@余鱼好运连连,0
2025/3/25 0:33,走啊，温莎,0
2025/3/25 0:35,笑死我了你,0
2025/3/25 0:35,我就是我～我就是我！ 大家一定要永远最爱自己，  做自己 ！  [玫瑰],0
2025/3/25 0:37,宝贝真棒,0
2025/3/25 0:39,哈哈哈哈哈  下面说这视频拍的好像生怕她火,0
2025/3/25 0:44,一看就不是现场拍的[捂脸]不过也是原唱[捂脸],0
2025/3/25 0:48,哇 好牛[流泪]@蓝河,0
2025/3/25 0:53,哇,0
2025/3/25 0:54,@June& 好听,0
2025/3/25 0:57,我去,1
2025/3/25 0:59,用胸腔出声嘛宝宝[呆无辜],0
2025/3/25 1:03,想看面包和花哥合作,0
2025/3/25 1:08,和大哥合作!,0
2025/3/25 1:10,@Na 我喜欢她唱歌,0
2025/3/25 1:10,@艾斯兒,0
2025/3/25 1:13,真的好厉害啊,0
2025/3/25 1:18,面包，你怕不怕[看],0
2025/3/25 1:25,哈哈哈哈,0
2025/3/25 1:29,但凡去掉那个边框，我都能夸这个有氛围感[酷拽],0
2025/3/25 1:30,摄影师  辞了吧  找个大学生,1
2025/3/25 1:31,太牛了。唱这么高的音表情还那么轻松 [微笑]换我不仅唱不上去 表情还得扭曲到不行,0
2025/3/25 1:34,地库保安给你拍的嘛？[眼含热泪],0
2025/3/25 1:49,我差点以为我刷的是假号,1
2025/3/25 1:54,唱这么好 拍的什么,1
2025/3/25 2:00,@远山黛黛 @糯叽叽^ @愉快的李子° @棒棒冰 @一意（见薛之谦两次版） @续??螺蛳粉 @鸭鸭酱 @一起淋雨吗 @勤奋的杏仁 @睡不饱 ??_Alan [发呆],0
2025/3/25 2:18,能不能别在停车场唱这首歌[微笑],0
2025/3/25 2:18,@宇宙无敌巨吊狂躁暴力美少萝 这个高音确实有点东西,0
2025/3/25 2:23,但是她两个号的ip都不一样哇,1
2025/3/25 2:24,咱就是说你换个摄影师呢？[看],1
2025/3/25 2:38,还没睡,0
2025/3/25 2:43,@小钰_Hilda?? 第一眼以为是钰姐,0
2025/3/25 2:58,鼻腔和头腔共鸣，高音不是长大嘴巴扯嗓子的[捂脸][捂脸][捂脸],0
2025/3/25 3:12,看得我头都晕了[裂开],0
2025/3/25 3:25,太牛了,0
2025/3/25 3:28,我快70岁了，还能喜欢黄霄云吗？,0
2025/3/25 3:34,这外套是关闭周日？,1
2025/3/25 3:43,监控会360度转弯[捂脸][捂脸],0
2025/3/25 3:59,@余味 好好听,0
2025/3/25 4:39,加油包,0
2025/3/25 5:16,天使天籁[舔屏][舔屏][舔屏][舔屏],0
2025/3/25 5:33,你家监控还会绕着着圈吗？[捂脸][捂脸][捂脸],0
2025/3/25 6:12,为什么那么花花的歌[灵机一动],0
2025/3/25 6:38,这丫头越来越漂亮了[赞],0
2025/3/25 6:46,唱别人的歌，赚自己的钱,1
2025/3/25 6:46,这监控好还是360度环绕形的[大笑][大笑],0
2025/3/25 6:54,@??饼饼zzZ,0
2025/3/25 6:55,这明明就是正大光明的拍[微笑][比心],0
2025/3/25 7:00,最后呢,0
2025/3/25 7:30,高音确定不是后期配上去的？,0
2025/3/25 7:41,@water 听这个,0
2025/3/25 8:42,多发点这种,0
2025/3/25 9:00,这个拍摄的，是监控录下来的画质和视角吧,0
2025/3/25 9:03,现场版去哪听[看],0
2025/3/25 9:05,呜呜太好听啦[流泪][流泪],0
2025/3/25 9:10,换气了吗,0
2025/3/25 9:14,下次扣好点，我还以为我手机坏了,1
2025/3/25 9:16,看着头晕，我要举报了[抠鼻],1
2025/3/25 9:23,平时唱的都好听，关键时刻得拿出来啊[泪奔]下次别让五旬老太一个人守国门了,1
2025/3/25 9:26,郭京飞又要骂人了[捂脸],1
2025/3/25 9:33,以前没觉得这首歌好听[比心],0
2025/3/25 9:34,那你好棒棒[抠鼻],0
2025/3/25 9:36,妈呀人都要升华了[泪奔],0
2025/3/25 9:47,@lareina桃子,0
2025/3/25 9:51,海豚音是原唱,0
2025/3/25 9:58,这海豚音了都[捂脸]后面还接了孩子的尾声[鼓掌],0
2025/3/25 10:00,宝贝你怎么这么强,0
2025/3/25 10:01,头声,0
2025/3/25 10:05,这女的谁啊 好强啊,0
2025/3/25 10:10,[尬笑],0
2025/3/25 10:16,我以为我手机坏了,0
2025/3/25 10:30,太厉害了[比心][比心][比心],0
2025/3/25 10:43,要不还是让我来给老婆摄影吧[送心],0
2025/3/25 10:52,好听好听,0
2025/3/25 10:56,不是，这个是本人号啊？[疑问],0
2025/3/25 11:31,她真的好适合唱华晨宇的歌,0
2025/3/25 11:37,她自己唱自己的歌就行，她应该也有自己的歌吧。华晨宇的歌别人唱都不是那个感觉。各自安好，各自安好[赞],0
2025/3/25 11:39,吓死我了  还以为我手机边框出问题了,0
2025/3/25 11:40,给他火，,1
2025/3/25 11:50,女大十八变。真牛,0
2025/3/25 11:53,好饱满的音色,0
2025/3/25 11:54,好饱满的音色，自带混响效果[鼓掌],0
2025/3/25 12:01,百万修音师不是跟你闹的,1
2025/3/25 12:08,@小余儿 天灵盖通了,1
2025/3/25 12:18,這也太好聽~????????????????????,0
2025/3/25 12:23,下次换个摄影师[发怒],1
2025/3/25 12:42,天资+专业训练,0
2025/3/25 12:51,多出点新歌，老乡们给你助力[呲牙][呲牙][呲牙],0
2025/3/25 13:06,人从中间裁了一半,1
2025/3/25 13:07,脑腔共鸣,0
2025/3/25 13:16,[抠鼻][抠鼻][抠鼻],0
2025/3/25 13:26,@沙拉酱酱 你试试撒，这歌,0
2025/3/25 13:27,和周深绝配,0
2025/3/25 13:32,试不了一点，你懂的，高音不是我的舒适区,0
2025/3/25 13:33,这歌真不错，,0
2025/3/25 13:34,她这是真唱不是放cd？？？？？？？,0
2025/3/25 13:35,罗甸嘞加油哦你是最棒的,0
2025/3/25 13:36,你难道没听过呀,0
2025/3/25 13:36,……好吧，没刷到过,0
2025/3/25 13:45,好听是好听……但是你把我的杯子震碎了，你说这可咋办？,1
2025/3/25 13:55,好听,0
2025/3/25 14:03,没扯这首歌啊[尬笑],0
2025/3/25 14:05,@神 你也嗷一个[绿帽子],1
2025/3/25 14:09,有请各位网红翻唱[鼓掌][鼓掌][鼓掌],0
2025/3/25 14:11,行走的人形CD[灵机一动],1
2025/3/25 14:14,@土豆小肉,0
2025/3/25 14:20,那原唱怎么张那么大[黑脸],1
2025/3/25 14:23,@刑事组之虎,0
2025/3/25 14:25,不,0
2025/3/25 14:25,我是说原唱呢,0
2025/3/25 14:33,屏幕边边都震碎了,0
2025/3/25 14:37,华晨宇，我不是太喜欢，不太懂年轻人[泪奔],0
2025/3/25 14:47,我嘞个豆，好新奇的拍摄手法,0
2025/3/25 14:50,比原唱着好听，,0
2025/3/25 14:52,yes！,0
2025/3/25 14:55,@为何人类总是这样,0
2025/3/25 14:58,吕子乔的小姨妈？[暗中观察],0
2025/3/25 14:58,好厉害,0
2025/3/25 14:58,我就怕车玻璃爆了，要赔吗？[捂脸],0
2025/3/25 14:59,@风中追风zaz 中肯的一针见血的[看] 我一直感觉黄的的唱功真的很顶尖,0
2025/3/25 15:04,黄霄雲的造型是真的要加鸡腿，就从单依纯造型师的鸡腿里面扣[黑脸],1
2025/3/25 15:06,谁说嘴巴张得大才能唱高音,0
2025/3/25 15:14,内口腔打开的[看],0
2025/3/25 15:19,自己的原唱太少，基本都是唱别人的歌，所以同行没有多少人认可。,1
2025/3/25 15:20,总觉得他俩气质风格都挺像。,0
2025/3/25 15:24,哇哦～～～太棒了，最后一个尾音太“美妙”,0
2025/3/25 15:30,我觉得他说的挺对的哎 因为我也是这个感觉 ，并不是说你哪里毕业就代表唱得就一定怎么样，她在这个学校毕业确实他歌唱实力是肯定的，但是她唱这首歌就是没有唱出让人悦耳的感觉 我甚至会觉得有点噪耳，这个呼喊原唱给我的感觉是那种在深渊里撕心裂肺呐喊的感觉是带有感情的怒吼，而这个我只能说她专业水平和音准挺不错的,0
2025/3/25 15:42,@Haldon（见过陶喆五次版）,0
2025/3/25 15:53,奶茶自由算什么？我现在喝白开水都能品出前中后调。,0
2025/3/25 16:04,我今天是捅到黄霄云的窝了？[微笑],1
2025/3/25 16:06,快跑，要炸了,1
2025/3/25 16:13,牛,0
2025/3/25 16:14,看你唱这么轻松我觉得我又行了，马上下车库,0
2025/3/25 16:19,是不是送医院了[暗中观察],0
2025/3/25 16:22,问问这个会有完整版吗[流泪]太好听了,0
2025/3/25 16:31,车库没塌  就算质量好的  [赞],0
2025/3/25 16:37,头皮发麻了,0
2025/3/25 16:38,下次继续来广州  我下次继续来听你唱[色],1
2025/3/25 16:52,有这声音的媳妇我把肋条给他顿汤喝,1
2025/3/25 16:59,演唱会又出了新梗，自己先玩起来了[看],0
2025/3/25 17:03,真的会吗[泣不成声],0
2025/3/25 17:03,3月22号演唱会，互动的第一位魔星就是这么对话的[看],0
2025/3/25 17:06,能不能来青岛开啊[展开说说],0
2025/3/25 17:17,这个摄影，按道理来说是要过肩摔的，摔死那种,1
2025/3/25 17:17,@DreAm 好好听啊,0
2025/3/25 17:23,监控的顶级运镜,0
2025/3/25 17:34,@别拦我，我要吃屁！ 我趣,0
2025/3/25 17:36,我有种死鸭子嘴硬的发音感[泪奔],1
2025/3/25 17:48,妈耶，面包啊，你让粉丝怎么学的会啊[流泪],0
2025/3/25 17:56,想带但是没人[捂脸][捂脸][捂脸],0
2025/3/25 17:57,不是 这是真人啊,0
2025/3/25 18:06,好长的气,0
2025/3/25 18:13,这可真是阿信口中的降e6[流泪],0
2025/3/25 18:14,开个演唱会赢麻了,0
2025/3/25 18:15,@7real??,0
2025/3/25 18:18,@小鱼北北??,0
2025/3/25 18:19,@HyunLix 原来是小号 吓我一跳[黑脸],0
2025/3/25 18:27,@花开富贵腋来香,0
2025/3/25 18:30,跑过去一只什么？,0
2025/3/25 18:36,刚有人说，黄霄云只会飙高音，没技巧，说还是单依纯技巧好细腻[抠鼻],1
2025/3/25 18:37,我还是星辰大海认识的她,0
2025/3/25 18:38,@ONNi,0
2025/3/25 18:39,烟火录音版头声声压被混音师调小了，演唱会版又被开了小黄人音效[泣不成声]属于是两版都有瑕疵，只能等成都演唱会再来一遍了,0
2025/3/25 18:43,能翻唱华晨宇的人 寥寥无几[捂脸],0
2025/3/25 18:45,这高音听爽了 好厉害,0
2025/3/25 18:45,面包你赔我天灵盖[震惊],1
2025/3/25 18:53,因为她是女高音,0
2025/3/25 18:58,[九转大肠]……摄影请退出摄影界,1
2025/3/25 19:02,不懂就问：如果车窗震碎了算谁的？,0
2025/3/25 19:03,她简直可以睡着唱,1
2025/3/25 19:03,"听完黄霄云的我知道为什么我觉得不好听了，因为她没有唱出那种挣扎和内心撕裂的感觉
这首歌吸引我的正是花花那种孤独和内心撕裂的感觉，然后再来一段很空灵的吟唱把我拽起来",0
2025/3/25 19:14,破音选手此时暗自垂泪，,0
2025/3/25 19:37,别晃了别晃了[打脸]晕了晕了,0
2025/3/25 19:46,真好听啊,0
2025/3/25 19:53,单就这个视频而言，我感觉声音是最后配上去的，只不过配的她自己之前唱的。。,0
2025/3/25 19:59,这个高音真的无敌，听到我起鸡皮[看][看],0
2025/3/25 20:00,牛逼,0
2025/3/25 20:08,@咕咕?? @拾至名瑰 @科k. @番茄拌饭 @油饼但不想有病 @Gol @少一点心柿 @是我冒饭了 但其实我上我也拍不出这样,0
2025/3/25 20:09,@兜兜?? 还有一人 周深,0
2025/3/25 20:10,保安：车库闹鬼了,0
2025/3/25 20:11,"作词作曲编曲真的好[赞]
烟火里的尘埃一直是个好作品",0
2025/3/25 20:14,请问黄霄云有哪些原创,0
2025/3/25 20:17,这是不是叫鼻腔共鸣[捂脸],0
2025/3/25 20:17,早些年她翻唱的《1984年的微笑》特别好听，那时候还没红，我就看出了她很强[比心],0
2025/3/25 20:19,好舒服[比心],0
2025/3/25 20:23,盆腔共鸣[看],0
2025/3/25 20:36,有眼光[看],0
2025/3/25 20:45,彪好高 唱歌好厉害,0
2025/3/25 20:45,烟火也好尘埃也罢，我就是我，我还是我，为自己而活,0
2025/3/25 20:46,@降温 @小九 @鱼换水 @谁还不喜欢帅哥呢 好牛啊,0
2025/3/25 20:50,[666],0
2025/3/25 20:51,我的妈[憨笑]还以为有人能超越,0
2025/3/25 20:58,？那我当日本人整呢[憨笑],1
2025/3/25 21:09,看了不十五十遍,0
2025/3/25 21:10,@杨 soso,0
2025/3/25 21:16,我好像看到一个人影一晃就过去了,0
2025/3/25 21:17,来太原开演唱会，我们一定去！,0
2025/3/25 21:19,贵州老乡加油，从星辰大海，就一直喜欢你，唱功太棒了，是金子总会发光。,0
2025/3/25 21:20,唱的真好，唱出了寡妇的忧伤，五保户的迷茫，光棍的寂寞，剩女的悔恨，已婚妇女的委屈和绝望，同时也唱出了布洛芬也止不住的疼。好想把房子卖了给她刷两个嘉年华，奈何房东死活不同意,1
2025/3/25 21:23,@Doumami 这女的咋回事[不失礼貌的微笑],1
2025/3/25 21:24,这个摄影师赶紧换了吧,1
2025/3/25 21:24,谁说炫技 没感情 [发怒] 我就觉得非常好听 天生的歌者,0
2025/3/25 21:26,说实在话我一直不怎么追星，我觉得越来越喜欢你了，星辰大海,0
2025/3/25 21:28,饼干姐姐,0
2025/3/25 21:28,自从周深出来后，我们老百姓的欣赏水平都高了。[灵机一动],0
2025/3/25 21:31,基本告别摄影[呆无辜][呆无辜][呆无辜],0
2025/3/25 21:33,啊 本尊来了[泣不成声][泣不成声],0
2025/3/25 21:33,[赞],0
2025/3/25 21:34,太牛逼了,0
2025/3/25 21:34,科班而且是名校你觉得呢,0
2025/3/25 21:34,上帝的女儿,0
2025/3/25 21:34,噗 我想到花花唱的了,0
2025/3/25 21:39,他唱高音为啥不张嘴巴,1
2025/3/25 21:46,@,0
2025/3/25 21:47,关注你好多年啦，收藏了你之前唱的很多歌，真好听,0
2025/3/25 21:48,真的是现场吗 还是后期配音 好牛??,0
2025/3/25 21:51,@??月华巷尾的夕照（祝好梦版~） [干饭人],0
2025/3/25 21:56,我,0
2025/3/25 21:56,好声音就关注你，觉得你很不错！没想到你真做到了[呲牙]加油！,0
2025/3/25 21:59,给我晃晕车了[尬笑][尬笑][尬笑][尬笑],0
2025/3/25 22:00,能减少一些换气麽,0
2025/3/25 22:02,哎？不是，这声音，这唱功，简直就是黄霄云啊,0
2025/3/25 22:02,这拍的自己不觉得很假吗。我都怀疑是配音[捂脸],1
2025/3/25 22:12,好听 专业[比心],0
2025/3/25 22:16,此高音如此丝滑[笑哭],0
2025/3/25 22:18,"没有比较就没有伤害
[呲牙][呲牙][呲牙][呲牙]",1
2025/3/25 22:19,黄霄云 本人？[发呆],0
2025/3/25 22:21,哈哈哈哈哈,0
2025/3/25 22:24,你没有自己的歌吗[疑问]首页好几条别人的歌[疑问],1
2025/3/25 22:25,不知道那出来的声音,1
2025/3/25 22:26,好绝的高音[流泪][流泪]好好听,0
2025/3/25 22:27,cos 空袭警报声,0
2025/3/25 22:30,唱的真好，唱出了寡妇的忧伤，五保户的迷茫，光棍的寂寞，剩女的悔恨，已婚妇女的委屈和绝望，同时也唱出了布洛芬也止不住的疼。好想把房子卖了给她刷两个嘉年华，奈何房东死活不同意,1
2025/3/25 22:35,你转的我迷糊,0
2025/3/25 22:37,我只能说，这高音机器[泪奔][泪奔][泪奔],0
2025/3/25 22:40,@sally 听听她唱到,0
2025/3/25 22:41,太香了[听歌]耳朵怀孕了??,0
2025/3/25 22:44,有一种天使掉落人间的感觉[害羞],0
2025/3/25 22:45,摄影师啥玩意[捂脸][捂脸],1
2025/3/25 22:46,啦啦啦啦啦～人鱼之歌,0
2025/3/25 22:47,还是看蒙面的时候才认识爱了爱了[舔屏],0
2025/3/25 22:49,好烦啊  黄霄云要是追我  我该怎么办[噢买尬],0
2025/3/25 22:49,求歌名,0
2025/3/25 22:50,烟火里的尘埃,0
2025/3/25 22:50,老天请赐我明亮双眸,0
2025/3/25 22:52,@丫头.,0
2025/3/25 22:54,这怎么还有混响,1
2025/3/25 22:54,大家别告诉他，让他一直求！,1
2025/3/25 22:58,这音阶停在哪就是哪绝对不会飘忽不定,0
2025/3/25 22:59,别让摄像拿诺基亚，光学防抖都没有,0
2025/3/25 23:01,唱完了吗 ？唱完，该我掀起波澜了吧[抠鼻][抠鼻][抠鼻][抠鼻][抠鼻],1
2025/3/25 23:02,[撇嘴],0
2025/3/25 23:04,高能量停車場[爱心][舔屏][比心][比心][比心],0
2025/3/25 23:08,拍摄的人这辈子与摄影无缘了[泣不成声],1
2025/3/25 23:10,抖音没见过这么差的摄影师[流泪],1
2025/3/25 23:11,我想象中我也能唱出来的。。老天爷  我嗓子呢,0
2025/3/25 23:15,卧槽，太绝了太绝了,1
2025/3/25 23:15,太棒啦[咒骂]面包,1
2025/3/25 23:17,我说是哪个网红这么厉害呢，原来是歌手黄霄云啊！！！！,0
2025/3/25 23:17,她唱这首歌不要付费吗,0
2025/3/25 23:21,运的稀烂,1
2025/3/25 23:25,唱的真好，唱出了寡妇的忧伤，五保户的迷茫，光棍的寂寞，剩女的悔恨，已婚妇女的委屈和绝望，同时也唱出了布洛芬也止不住的疼。好想把房子卖了给她刷两个嘉年华，奈何房东死活不同意[尬笑][尬笑],0
2025/3/25 23:29,中央音乐学院第一名成绩毕业的含金量。。。。。,0
2025/3/25 23:31,我还说呢谁这么厉害[舔屏][舔屏][送心][送心][送心][送心],0
2025/3/25 23:33,不会是晚上在车库录的吧[白眼],1
2025/3/25 23:34,@icyberry @小因大王 @wook @海棠茄子?? @5J2Y @麦当劳大王 @饿了就吃 @流云深 @艾克不可以重来 妈呀这个高音[憨笑][憨笑][黑脸][躺平],0
2025/3/25 23:34,好想听黄霄云唱 only my railgun,0
2025/3/25 23:35,还是喜欢你在演唱会上嘟嘴的样子,0
2025/3/25 23:37,刚刚啊了两下，我妈问我看的什么恐怖片吓成这样[听歌],0
2025/3/25 23:37,@,0
2025/3/25 23:37,@Geek。,0
2025/3/25 23:39,@5.17,0
2025/3/25 23:43,怎么练头腔、胸腔、腹腔、盆腔共鸣？,0
2025/3/25 23:46,太牛了！[赞],0
2025/3/25 23:47,他没事转什么？,1
2025/3/25 23:47,没有原唱的感觉，但是我就是爱听她的,0
2025/3/25 23:48,好轻松啊,0
2025/3/25 23:51,@拔剑四顾心茫然 虽然那年歌手她被骂的很惨 但是她是真的很有实力[赞][赞][赞],0
2025/3/25 23:52,相信我，《我的父亲是瓦匠》才是永远的经典。尤其前三秒的前奏，世界级。,0
2025/3/25 23:53,作为老乡及粉丝得提醒一下，你需要谈一场恋爱[尬笑]唱情歌感觉不到你的心情，完全就是声音好，技术好，歌词唱出来没有一点感情，如果都像唱左手指月那么有感情就是下一个天后了，你跟林俊杰还有邓紫棋的实力都差不多，但没他两唱出来有色彩，这首歌吧你比花花更能唱得上去，但还是没他有感情，,1
2025/3/25 23:59,我天,0
2025/3/26 0:03,[小鼓掌]太棒了 好听,0
2025/3/26 0:08,？这线,0
2025/3/26 0:11,@想养一只小白 真的是绝了,0
2025/3/26 0:11,被高音震碎了[泪奔],0
2025/3/26 0:12,@你没事惹 这个运镜晃死我了[躺平],0
2025/3/26 0:13,不懂 他在用哪发声,0
2025/3/26 0:13,好厉害呀绝了,0
2025/3/26 0:16,这就是处理过的,0
2025/3/26 0:19,@就是这个椰 这就是初代??姐的实腻吗,0
2025/3/26 0:20,@乡村野夫,0
2025/3/26 0:21,@腻_.,0
2025/3/26 0:23,埃……[看],0
2025/3/26 0:23,拍摄差评,1
2025/3/26 0:24,好像见到我太奶了,0
2025/3/26 0:26,@巨鹿,0
2025/3/26 0:26,你要求真高，跟我一样,0
2025/3/26 0:27,牛逼,0
2025/3/26 0:28,起鸡皮,1
2025/3/26 0:30,@长堤一痕 @証,0
2025/3/26 0:31,@嗷嗷嗷唔唔,0
2025/3/26 0:32,@热耳的冬: 她高音怎么就那么轻松的上去了[苦涩][苦涩],0
2025/3/26 0:37,摄影师扣工资,1
2025/3/26 0:39,关注了，你别哦哦哦哦了,0
2025/3/26 0:41,听话 下次固定镜头别动了 [泪奔],0
2025/3/26 0:44,基本搞离摄影行业[看],1
2025/3/26 0:44,@cecerow @小Y @小猪睡不饱 ? [噢买尬][噢买尬][噢买尬][噢买尬]怎么会有人高音如此轻松就上去了[噢买尬][噢买尬]一开始我以为后期配音的,0
2025/3/26 0:45,救了个命了 我的个老天奶[噢买尬][噢买尬][噢买尬][噢买尬]停不下来了,0
2025/3/26 0:48,鸡皮疙瘩都起来了[666],1
2025/3/26 0:56,这摄影小学生拍的吧[暗中观察],1
2025/3/26 0:57,@无名小卒 来挑战一下,1
2025/3/26 0:59,换个拍摄团队吧[捂脸],0
2025/3/26 1:05,@长腿叔叔' @正气,0
2025/3/26 1:09,来,0
2025/3/26 1:10,天籁的嗓音,0
2025/3/26 1:14,背景如刀片锋利，人物如奶油般化开[赞],0
2025/3/26 1:17,嘴吧都带用的那种，太厉害[赞],0
2025/3/26 1:25,@i?i?i [泣不成声]原来最顶的在这里,0
2025/3/26 1:27,想当年我就默默表示极为看好你，今天我不想默默了，直接评论表示！[赞],0
2025/3/26 1:36,我可能还没被打够，唱不上去,1
2025/3/26 1:41,这个拍摄的到底在拍什么？,0
2025/3/26 1:45,@你能陪妮多久 不看名字都不知道是黄霄云,0
2025/3/26 1:54,好棒家乡人[赞][赞],0
2025/3/26 2:02,发声位置,0
2025/3/26 2:03,太恐怖了吧,0
2025/3/26 2:05,这高音就这么上去了[发呆],0
2025/3/26 2:16,[比心],0
2025/3/26 2:28,上厕所试着跟唱  差点因为缺氧嘎在里面[打脸],0
2025/3/26 2:28,……,0
2025/3/26 2:43,强的可怕??,0
2025/3/26 2:59,看吧，有天赋的人唱高音是不需要紧皱眉头，张大嘴巴，脖子全是青筋的。。。。也可以是美美的，漂亮的，轻松的，愉悦的！！！真棒！！！[赞][赞][赞],0
2025/3/26 3:30,配音,0
2025/3/26 3:42,@星星不是星星 @星夜(Kim) @正野一健 @A.暖宝 ???? @皮蛋 我的妈呀,0
2025/3/26 3:57,[微笑][左上],0
2025/3/26 4:31,技巧没这个好,0
2025/3/26 4:45,不开玩笑，我调没有这么高，但是我也可以做到微微张嘴出高音，这跟口型大小没任何关系[九转大肠],0
2025/3/26 4:46,不开玩笑，我调没有这么高，但是我也可以做到微微张嘴出高音，这跟口型大小没任何关系[九转大肠],0
2025/3/26 4:50,我猜黄霄云不敢回复我的评论，因为海豚音我也会。嗷呜,1
2025/3/26 4:56,头皮发麻[送心][送心],0
2025/3/26 5:03,天赋问题，别跟她比，一般人比不了[泪奔],1
2025/3/26 5:12,一看就是后期配的,0
2025/3/26 5:35,原唱可以退版权了,1
2025/3/26 5:42,用的别人的原声,1
2025/3/26 5:44,都很好 没必要踩一捧一给黄拉仇恨,0
2025/3/26 5:45,好的我错了  ，可是我喜欢听黄的[不看],1
2025/3/26 5:51,"不忘初心，砥砺前行，才能够方得始终。
加油！妹仔",0
2025/3/26 5:54,唱的很猛，拍的三小[微笑],1
2025/3/26 6:39,脑瓜嗡嗡的[捂脸],0
2025/3/26 6:41,好美[比心],0
2025/3/26 6:41,你别追着我拍啊，跑都来不及[不看],1
2025/3/26 6:41,太爱了[比心][捂脸],0
2025/3/26 6:49,拍完 黄自己都会审核啊 现在黄没有公司 都是他自己在搞 如果拍的不好 他肯定会让重新拍啊 这一版估计都拍了很久,0
2025/3/26 6:53,我觉得可以去伯克利进修一下,0
2025/3/26 6:53,@jc,0
2025/3/26 7:08,老天爷赏饭吃,0
2025/3/26 7:21,来了老弟,0
2025/3/26 7:21,我建议呢，把摄影师裁了，把策划师裁了，把服装师裁了，把灯光师裁了，实在不行就直接去物业调个监控,1
2025/3/26 7:24,[赞],0
2025/3/26 7:31,艺术生太难了[捂脸],0
2025/3/26 7:36,@一个人《两个人 @觅云 @最佳损友 @涂涂1109 @纸迷离、,0
2025/3/26 7:36,我去，太好听啦[赞],0
2025/3/26 7:37,她不换气吗[流泪][流泪],1
2025/3/26 7:38,@Z欣妍 把世界灭掉的高音[苦涩],1
2025/3/26 7:38,这是人唱的吗[流泪]这是神啊,0
2025/3/26 7:47,光听就给我憋死了[捂脸],1
2025/3/26 7:53,我已经问到了，哈哈哈[奸笑],1
2025/3/26 8:10,@纯之枫 @一枚小萌新 @冥冥,0
2025/3/26 8:23,要命的声音，很要命的录像,1
2025/3/26 8:23,因为她是黄霄云,1
2025/3/26 8:24,她呜～的时候眼泪充满了我的眼眶,0
2025/3/26 8:42,因为这是她自己的版本  而且就拍个视频发发 需要什么钱,0
2025/3/26 8:43,黄霄雲的实力不需要质疑[比心],0
2025/3/26 8:44,不是 姐你睡着就把高音唱了？[泪奔],0
2025/3/26 8:45,好像高音哪里都没张嘴巴,1
2025/3/26 8:46,你们两个声音好像，是不是同一个人[看],0
2025/3/26 8:47,她唱高音就是这样,0
2025/3/26 8:55,华晨宇唱的时候没觉得好听，你唱的咋感觉这么好听。都是同样的歌词[捂脸],0
2025/3/26 8:57,好好听,0
2025/3/26 8:58,我来拍[看]我不手抖,0
2025/3/26 9:16,老婆唱得好听,0
2025/3/26 9:24,我想听你唱“我的父亲是瓦匠”[看],0
2025/3/26 9:25,把我的心声唱出来了！[送心],0
2025/3/26 9:26,黄霄云让我爱上这首歌！[微笑],0
2025/3/26 9:32,@杀生丸掩耳盗铃 好听,0
2025/3/26 9:33,曾经认为这辈子必须要看场刘德华演唱会！听了你歌后，这辈子必须得在加场黄霄云的演唱会！,0
2025/3/26 9:38,拍的啥啊,1
2025/3/26 9:41,厉害,0
2025/3/26 9:46,单依纯小通道嗓子 她还真唱不了这个[泪奔],1
2025/3/26 9:48,黄霄雲需要修音？[疑问],0
2025/3/26 9:49,因为提前录好，最后配视频[捂脸],0
2025/3/26 9:52,你的团队是真怕你火呀,1
2025/3/26 10:02,@清雨若梦 啊[恐惧],1
2025/3/26 10:05,你说的我好像懂了。但是不会用[泪奔],0
2025/3/26 10:09,气冲云霄 核动力嗓子 [赞],0
2025/3/26 10:11,高音就这么面无表情地上去了[捂脸][捂脸][捂脸][捂脸],0
2025/3/26 10:12,这摄影配不上这声音[捂脸][捂脸],1
2025/3/26 10:13,@壹安安?? 安姐 来一首[看],0
2025/3/26 10:17,晃的眼花[捂脸][捂脸][捂脸],0
2025/3/26 10:19,不知道的，还以为是鬼,1
2025/3/26 10:21,加油，下一站天后，不要骄傲，继续前进！名气超越所有好声音选秀[玫瑰][玫瑰][玫瑰][玫瑰],0
2025/3/26 10:26,可爱，我们中国也有一个李知恩了[大笑][大笑][大笑],0
2025/3/26 10:28,可是全国14亿人口[看],0
2025/3/26 10:33,头腔共鸣，咽音是需要很大程度张嘴和舌成沟技术的,0
2025/3/26 10:46,@冬 秋 夏 春,0
2025/3/26 10:55,我就是我，我就是不一样的牛马[坏笑],1
2025/3/26 10:56,好轻松的感觉[猪头],1
2025/3/26 10:58,天哦，居然那么久不换气,1
2025/3/26 11:07,这个是黄霄云？,0
2025/3/26 11:08,现实版的朵莉亚,0
2025/3/26 11:10,更喜欢原唱华晨宇的演绎，灵魂共振[呲牙],0
2025/3/26 11:14,还是华晨宇的好听[听歌],0
2025/3/26 11:17,运镜还得看白鹿,0
2025/3/26 11:19,还好不是我一个人疑惑[捂脸],0
2025/3/26 11:20,听声音就很黄霄云[泣不成声],0
2025/3/26 11:24,能不能别抖啊,1
2025/3/26 11:28,这也太轻松了吧,0
2025/3/26 11:31,唱的挺好，拍的一塌糊涂,1
2025/3/26 11:33,我最近是不是砸了黄霄云家的窝了，天天刷到她。,0
2025/3/26 11:34,虽然但是 不如原唱好听[捂脸],0
2025/3/26 11:38,她超级厉害[捂脸],0
2025/3/26 11:40,要不是看到是黄霄云我都以为是假唱了[捂脸],0
2025/3/26 11:43,听到最后我头皮都麻了,0
2025/3/26 11:44,听麻了  全身鸡皮疙瘩,1
2025/3/26 11:44,@S l y????,0
2025/3/26 11:48,别这样  华的也很好的  各有千秋[抱抱你],0
2025/3/26 11:49,换个摄影师吧,0
2025/3/26 11:54,感觉不如原唱哎,0
2025/3/26 11:55,我靠绝了这个真的爱啊,1
2025/3/26 11:58,真的很喜欢黄霄云的唱功！是非常难得的天赋异禀型，长的也很可爱、但不知道为什么就是没有观众缘、好多人都说她技巧太多！我笑了！这嗓子哪个能用技巧上去啊？谁能告诉我、用什么技巧能这么轻松的唱海豚音呢？？！我也练练！这么说的人都是在否认她的天赋！我觉得孩子还是换个团队吧！是不是人设打造的不好呢！这么优秀的嗓子！不要被掩盖啊！！快快找到适合自己的方式吧！急死了！,0
2025/3/26 11:59,高音总是那么惊艳,0
2025/3/26 12:00,黄霄云头声太好了,0
2025/3/26 12:05,@宇宙新运动 [宕机],1
2025/3/26 12:08,终于找到了  昨晚小区地下车库我以为有脏东西,0
2025/3/26 12:14,摄影师我头有点晕??,0
2025/3/26 12:16,这一嗓子能把我送走！[看],1
2025/3/26 12:26,第一次刷到本人，那就说，能不能再唱一次《你的答案》听听啊，超喜欢的,0
2025/3/26 12:28,摄影师我想给你一定子,1
2025/3/26 12:30,@是老胡阿 [宕机][宕机][宕机][宕机],1
2025/3/26 12:30,@祈纳尔多 [鼓掌][鼓掌][鼓掌],0
2025/3/26 12:32,牛逼，层层推进，一波接着一波,0
2025/3/26 12:32,是不是,0
2025/3/26 12:41,后来我才明白，离开的人再也没有回来,0
2025/3/26 12:45,摄影师可以下岗了,1
2025/3/26 12:48,呃怪不得开头听的怪怪的，就和只都没唱分开,0
2025/3/26 12:52,喜欢 爽！ 女歌手现在最喜欢黄霄云 和单依纯,0
2025/3/26 12:53,比黄宵云非快乐女声黄霄云,1
2025/3/26 13:01,华晨宇的原创确实好听[玫瑰]技巧牛,0
2025/3/26 13:01,果然《烟火里的尘埃》只有原唱版本才是最好听的,0
2025/3/26 13:02,她后面有一段也用了华晨宇改编的孩子的和声….为什么不在标注出来,0
2025/3/26 13:05,原唱华晨宇，他22年在抖音直播的交响乐版本更好听！！,0
2025/3/26 13:08,那个也是偷偷上架的，酷狗和qq隔一段时间就偷偷上架又被下架,0
2025/3/26 13:10,逆天，远远不及,1
2025/3/26 13:11,@百鬼夜行 你行么,1
2025/3/26 13:11,不是，兄弟，这？是本人啊[疑问][疑问][疑问],0
2025/3/26 13:15,@阿岳今天学习了没 听的我鸡皮疙瘩起来了[泣不成声][泣不成声][泣不成声][泣不成声],0
2025/3/26 13:17,不好意思美女，过不了，拿瓶苹果汁,1
2025/3/26 13:22,昨晚？[疑问]  这是人家好几天前发的[看],0
2025/3/26 13:24,有完整版了吗,0
2025/3/26 13:25,有的  全平台上线了那种[看],0
2025/3/26 13:25,22年我记得华晨宇九周年在抖音开了个直播音乐会 把这首歌唱得特别霸气蓬勃 翻唱确实挺好听的 不过还是少了华晨宇那种原唱的味道,0
2025/3/26 13:28,太牛逼了[泣不成声],0
2025/3/26 13:30,因为这是超强头声  她的招牌技能  头声是不需要张大嘴巴唱的[猪头][猪头],1
2025/3/26 13:30,她后面唱了吗？怎么不张嘴了[宕机][宕机],0
2025/3/26 13:30,禁止自娱自乐,1
2025/3/26 13:31,原唱很难超越,0
2025/3/26 13:31,张一点点，天赋在这,0
2025/3/26 13:34,四升调加转音再加海豚音，这是一个逆天的节奏[比心],0
2025/3/26 13:35,那她这版《烟火里的尘埃》结尾加的这段吟唱，是华晨宇在《歌手2018》上改编的《孩子》里的，而且在《烟火里的尘埃》结尾加上《孩子》的吟唱早在她之前火星人就这样唱了，什么时候成她改编的了请问[尬笑],1
2025/3/26 13:36,还是原唱有感觉 华晨宇当年唱哭我[泣不成声][泣不成声],0
2025/3/26 13:37,感觉要窒息了[尬笑],0
2025/3/26 13:37,烤饼子？ 不是这么有生活吗[泣不成声],0
2025/3/26 13:38,最后有点发喔的音,0
2025/3/26 13:39,我还记得当年你在好声音唱的“你”那年你才十七岁吧好像[赞][赞][赞],0
2025/3/26 13:40,十分钟让第一视频破一万点赞[调皮],0
2025/3/26 13:44,喜欢最后的爆破力，太治愈了,0
2025/3/26 13:49,把我的心堵唱开了[泪奔],0
2025/3/26 13:50,海豚上岸了,0
2025/3/26 13:51,你也试试,0
2025/3/26 13:54,看成杨紫了,0
2025/3/26 13:55,这生活也是非常的有烟火气了[泣不成声],0
2025/3/26 13:56,[赞][赞][赞],0
2025/3/26 14:03,她好轻松啊这是哪里发出来的声音啊[流泪][流泪][流泪][流泪],0
2025/3/26 14:04,比原唱好听,0
2025/3/26 14:05,越听翻唱越觉得华晨宇的歌真的只有他自己可以唱出感觉[流泪],0
2025/3/26 14:06,这是剪映发出来的声音,0
2025/3/26 14:07,没有没唱[捂脸]剪辑的,0
2025/3/26 14:08,头声,0
2025/3/26 14:08,不知道，可以试一试,0
2025/3/26 14:09,后面这段吟唱你可以去看看华晨宇翻唱的孩子,0
2025/3/26 14:10,其实华晨宇就是火星演唱会的嘉宾其实火星演唱会主唱是火星人，你不知道吧[黑脸],1
2025/3/26 14:14,永远爱听她的《你》[流泪],0
2025/3/26 14:16,换个摄影师吧,0
2025/3/26 14:18,改编的这段是《孩子》的和声哎[比心][比心],0
2025/3/26 14:21,没注册的也算在里面,0
2025/3/26 14:27,@苹果派ing 真牛啊,0
2025/3/26 14:29,姐姐，换个摄影师吧[捂脸],0
2025/3/26 14:32,@一条鲨鱼 钛牛了，我bb也会。。。,0
2025/3/26 14:33,@九十五斤斤斤计较,0
2025/3/26 14:34,怎么感觉后期配音？是她唱没错，但是嘴巴看起来不像啊,0
2025/3/26 14:37,宝能车库[捂脸],0
2025/3/26 14:40,好销魂,0
2025/3/26 14:44,优雅且完美,0
2025/3/26 14:45,我就怕全厂车警报都响了,0
2025/3/26 14:48,扰民了[看],0
2025/3/26 14:49,吃了几个黄霄云[九转大肠],0
2025/3/26 14:49,最起码人家能拍到黄霄云,0
2025/3/26 14:52,车库所有的灯：都睡了又给我薅起来上班[捂脸],0
2025/3/26 14:56,这是黄霄雲小号,1
2025/3/26 15:08,头混声,0
2025/3/26 15:09,她这个高音根本都不张嘴的，这就是美声的魅力吗？[泣不成声][泣不成声][泣不成声],1
2025/3/26 15:13,卧槽这个歌声又高又有美感,0
2025/3/26 15:13,@晒太阳冠军 @毛毛球 @YANGMS- 牛逼,0
2025/3/26 15:16,海豚音[鼓掌],0
2025/3/26 15:16,听的是歌，不必在意摄像的，如果摄像太好了 反而不真实[不失礼貌的微笑],0
2025/3/26 15:16,从来不觉得这首歌好听，直到听到了黄霄云版本,0
2025/3/26 15:23,我就说那天晚上睡不着是谁在叫叫叫[九转大肠][九转大肠][九转大肠]，早知道不麻烦英叔了,0
2025/3/26 15:23,朵利亚开大了？？？,0
2025/3/26 15:29,我说谁呢，唱的这么好，我差点以为我也可以呢[呲牙],0
2025/3/26 15:32,谁在运镜[疑问],0
2025/3/26 15:34,[比心]关注了,0
2025/3/26 15:35,她在演唱会上唱了呀,0
2025/3/26 15:37,高音部分鸡皮疙瘩都起来了,0
2025/3/26 15:37,好好听啊！唱的太好了[赞][赞][赞][赞],0
2025/3/26 15:39,她算什么火姐啊，我还说她是星星，是生米呢[看],1
2025/3/26 15:43,人家已经把这首歌版权买了 并且已经全平台发行了  演唱会肯定可以唱呀,0
2025/3/26 15:43,我觉得火姐合唱的也不赖[看],0
2025/3/26 15:43,多少钱买的啊,1
2025/3/26 15:44,华晨宇的《烟火里的尘埃》[流泪]小时候最爱的一首歌，没想到又翻红了，连黄霄云也来翻唱了,0
2025/3/26 15:45,@易,0
2025/3/26 15:45,你问这个问题的意义何在 [捂脸][捂脸],0
2025/3/26 15:50,我也要买,0
2025/3/26 15:50,我感觉，可以往影视发展,0
2025/3/26 15:52,哦哦  那我待会儿打电话给霄雲问问她版权花了多少钱  问好了在给你说[不失礼貌的微笑],1
2025/3/26 15:52,……上帝忘了给她关窗[宕机],1
2025/3/26 15:57,好的谢谢呀,0
2025/3/26 15:59,破音能保持一直在高音 然后保持住就行 然后加点音调[看],0
2025/3/26 15:59,太抖了吧,0
2025/3/26 16:02,因为高音头声不是张嘴喊上去，虽然一般歌手到了高音会张嘴，有辅助作用，但是光张嘴没有用，有其他技巧的[笑哭],0
2025/3/26 16:05,你开心就好[微笑],0
2025/3/26 16:13,她放的，她肯定是放的[泣不成声]必须是放的，一定是放的，我不信，我不信，我不信啊！,1
2025/3/26 16:15,鸡皮疙瘩,1
2025/3/26 16:18,@小王小王 @老千层饼 @阿喀琉斯 @A~Da @杰ER 给我唱爽了,0
2025/3/26 16:20,实话实说而已[泪奔]因为这个对她有滤镜也是挺离谱了,1
2025/3/26 16:22,牛的 是牛的[做鬼脸],0
2025/3/26 16:22,[来看我],0
2025/3/26 16:22,单可以唱这个？,0
2025/3/26 16:24,nb,0
2025/3/26 16:26,她唱高音好轻松的样子……,0
2025/3/26 16:31,@WANG·,0
2025/3/26 16:36,太厉害了,0
2025/3/26 16:40,怎么感觉有一股气上不来的感觉,0
2025/3/26 16:45,她是中央美术学院美声第一名哦[看],0
2025/3/26 16:51,厕所里面学了一下，我姐妹问我是不是抽烟卡到了[尬笑],0
2025/3/26 16:52,鸡皮疙瘩起来了，你下次要拍这种视频叫我可以吗，我去给你拍,0
2025/3/26 16:56,@543210 [展开说说],0
2025/3/26 16:59,我车玻璃震碎了要赔[呲牙],0
2025/3/26 17:00,要是所有的车双闪都被你唱亮了……,0
2025/3/26 17:02,这怎么唱的我的天[泪奔],0
2025/3/26 17:11,没有滤镜 我也不是唯粉(也不是饭圈 确实喜欢火星) 我喜欢创作歌手 最喜欢花花 我更多偏歌迷 有优秀的作品也会去听去看 她可以是火姐也可以是其他人 只要她作品好就OK,0
2025/3/26 17:15,哇塞。。实力派偶像派,0
2025/3/26 17:17,打团了，朵朵快刷个大,0
2025/3/26 17:18,有没有可能是摄影让路人先走尽量不拍到她们[泪奔],0
2025/3/26 17:30,已保存[看],0
2025/3/26 17:37,脑腔共鸣，口腔共鸣，胸腔共鸣…[机智][机智][机智],0
2025/3/26 17:37,@和我名字一样的人这辈子没饭吃,1
2025/3/26 17:45,这个才像正版嘛,0
2025/3/26 17:51,多担我一般不当火姐看,0
2025/3/26 17:58,牛逼,0
2025/3/26 17:58,她专业的[赞],0
2025/3/26 18:03,她的那首原创《盲选》至今让我无法走出来[泣不成声],0
2025/3/26 18:09,还是原版更好听，女版有种囫囵吞枣的感觉,0
2025/3/26 18:11,比原唱好听,0
2025/3/26 18:12,让这个摄影赶紧走，我来,1
2025/3/26 18:12,我喜欢这个版本 但是我唱不了[发呆],0
2025/3/26 18:13,但是艾辰唱的好听,0
2025/3/26 18:19,啊啊啊啊啊啊太好听了[流泪][流泪][流泪][流泪],0
2025/3/26 18:28,不如花花[捂脸],0
2025/3/26 18:30,这肺活量不对,0
2025/3/26 18:38,她和单依纯谁厉害啊,0
2025/3/26 18:39,拍攝還行啊,0
2025/3/26 18:41,我去  感觉我的天灵盖都被掀了[流泪],0
2025/3/26 18:43,所以黄更厉害吗[捂脸],0
2025/3/26 18:43,对,0
2025/3/26 18:43,@??,0
2025/3/26 18:46,@吃个橙?? @祝好 @楠??的饲养员,0
2025/3/26 18:50,她原唱的那首《我的父亲是瓦匠》，听了好久都没走出来 [流泪],0
2025/3/26 18:50,啥时候来济南开演唱会宝贝[色],1
2025/3/26 18:50,哈哈哈哈哈哈哈，是你~是你~梦见的就是你！,0
2025/3/26 18:57,同意,0
2025/3/26 19:00,哈哈哈，说的对,0
2025/3/26 19:03,唱的真好，唱出了寡妇的忧伤，五保户的迷茫，光棍的寂寞，剩女的悔恨，已婚妇女的委屈和绝望，同时也唱出了布洛芬也止不住的疼。好想把房子卖了给她刷两个嘉年华，奈何房东死活不同意,0
2025/3/26 19:05,路上已经开始乱叫了[看],1
2025/3/26 19:10,我有句话想对摄影师说  不知道该不该说[咒骂],1
2025/3/26 19:13,差不多，你就差把黄霄云击败了,1
2025/3/26 19:14,有嘴就行[看],1
2025/3/26 19:17,我的车同框了[看][看][看],0
2025/3/26 19:22,高是高，就是不太稳定,0
2025/3/26 19:22,手机边缘是不是要爆炸起火了[九转大肠][九转大肠],0
2025/3/26 19:25,我就说那天是什么声音 吓的我车都开下来了 又倒上去了,0
2025/3/26 19:28,能记得把声音打开这摄影在这团队就够了[捂脸]人在框里不了一点啊[捂脸],0
2025/3/26 19:31,她唱的很好听啊,0
2025/3/26 19:33,还得沉淀下[看],0
2025/3/26 19:33,"我弟：什么死声？
我：一个脑瓜崩弹过去",1
2025/3/26 19:34,美人鱼的嗓子[泣不成声],0
2025/3/26 19:37,这个运镜真是运的我头晕,0
2025/3/26 19:40,他俩不是一个风格的,0
2025/3/26 19:43,她的她的高音每次唱得都让我感觉她没唱[捂脸][笑哭][笑哭][笑哭][笑哭],0
2025/3/26 19:46,这么随意吗[流泪],0
2025/3/26 19:50,真唱？,0
2025/3/26 19:54,她唱了吗,0
2025/3/26 19:54,已封神,0
2025/3/26 20:07,你好励志啊，还记得中国好声音的你,0
2025/3/26 20:08,一口气得用气泵,0
2025/3/26 20:08,??????,0
2025/3/26 20:12,你们要把她拍成女鬼吗我请问呢,1
2025/3/26 20:16,爽啊！[看][看][看],0
2025/3/26 20:17,想干啥,0
2025/3/26 20:17,删了,1
2025/3/26 20:17,倒反天罡,1
2025/3/26 20:18,@吃颗花生 @zyu @Lo-Zen,0
2025/3/26 20:19,楼上寻思防空警报响了,0
2025/3/26 20:19,火星演唱会和别人没关系哈,0
2025/3/26 20:20,试了一下 鸭子叫都不如,1
2025/3/26 20:20,我每天回家在地下停车场抽半包烟才上楼就是没听到有人唱歌,0
2025/3/26 20:22,好像有美声唱法在里面？,0
2025/3/26 20:27,@宋你一只大壁虎 无敌了,1
2025/3/26 20:28,我的妈耶，好好听啊,0
2025/3/26 20:33,这个配文[捂脸][捂脸],0
2025/3/26 20:36,就是这个[憨笑]@望舒.,0
2025/3/26 20:36,好耳熟啊 这个仿佛是结合了……孩子的尾奏……也是厉害能这样各种结合哈……独立行走吧,0
2025/3/26 20:37,黄霄雲也有人质疑?[疑问],0
2025/3/26 20:38,所以这首歌不好听是因为之前没有会唱的吗？为啥我现在听这个这么好听呢！~,0
2025/3/26 20:39,@苏文纨 翻唱的确实不错,0
2025/3/26 20:44,唱歌跑调，节奏不稳，气息不够，我说这样的我还有救吗[尬笑][尬笑][尬笑][尬笑][尬笑],0
2025/3/26 20:45,0瑕疵，行走的CD[赞][鼓掌][比心],0
2025/3/26 20:47,why?,0
2025/3/26 20:53,牛的,0
2025/3/26 20:55,华晨宇的歌都有难度 所以传唱度低 因为一般人唱不了[捂脸],0
2025/3/26 20:55,太美了  后面[比心],0
2025/3/26 20:56,你唱的出来我信,1
2025/3/26 21:00,俺憋气都憋不了这么长时间[捂脸]，这高音绝了,0
2025/3/26 21:03,@林木木尘埃～～～[咒骂],1
2025/3/26 21:07,摄像师直接賜一丈红吧[微笑],1
2025/3/26 21:07,@凶我寡一生 这个更上头了[躺平],0
2025/3/26 21:10,我惨呢屏幕让你震碎了,1
2025/3/26 21:10,只是拍个视频，配的音,0
2025/3/26 21:13,一起拉，来,1
2025/3/26 21:18,我不吹牛逼我小时候也可以唱成这样长大了这个能力没了,0
2025/3/26 21:21,拍成这样是怕我看清吗[微笑][微笑][微笑],0
2025/3/26 21:21,太酷了,0
2025/3/26 21:23,好,0
2025/3/26 21:27,后面嘴巴看着是闭着的,0
2025/3/26 21:31,唱的真好，唱出了寡妇的忧伤，五保户的迷茫，光棍的寂寞，剩女的悔恨，已婚妇女的委屈和绝望，同时也唱出了布洛芬也止不住的疼。好想把房子卖了给她刷两个嘉年华，奈何房东死活不同意,1
2025/3/26 21:32,你这拍得你说是小姨妈我都信,1
2025/3/26 21:34,@祝闪闪 姐你来看，她在模仿你,0
2025/3/26 21:35,有个妹子被吓跑了[暗中观察],0
2025/3/26 21:39,怎么感觉后面高音嘴巴都闭着的还能发出这么高的音，轻松拿捏这[泣不成声],0
2025/3/26 21:42,萝卜白菜各有所爱吧  两版各有千秋华晨宇版也很好 但是我更偏向黄霄雲这版 [坏笑],0
2025/3/26 21:43,[赞],0
2025/3/26 21:44,你在倒反天罡？[疑问],1
2025/3/26 21:45,有没有可能是对口型[灵机一动],0
2025/3/26 21:59,@?? [坏笑][坏笑][坏笑],1
2025/3/26 22:11,越来越喜欢她了，太厉害了,0
2025/3/26 22:12,[捂脸][捂脸],0
2025/3/26 22:13,@唐伯狐 这个更好听！！！,0
2025/3/26 22:15,摄影师你在乱动什么,1
2025/3/26 22:16,你就怼着拍就行了，没必要动来动去的！[尬笑],0
2025/3/26 22:17,短剧选手也来了[看],0
2025/3/26 22:19,天灵盖出来的高音真上头[赞],0
2025/3/26 22:19,哈哈哈哈这色调,0
2025/3/26 22:20,黄霄云是我们广西的骄傲[吃瓜群众][灵机一动][灵机一动],0
2025/3/26 22:22,她出声了吗？有声吗[发呆],0
2025/3/26 22:23,她低着头 微开口 我仰着头 张着血盆大口[真的会谢],1
2025/3/26 22:27,我的哥,0
2025/3/26 22:29,把摄影给开了，拍的什么玩意一直转圈圈[我想静静]。,1
2025/3/26 22:30,我承认唱的不错，不过没遇到洗澡的我，不好意思，还得继续练[微笑],0
2025/3/26 22:33,第一次见能转360度还会抖动的监控。,0
2025/3/26 22:35,@美的相遇,0
2025/3/26 22:35,谁拍的[宕机]我真服了   不开声音以为是鬼片,0
2025/3/26 22:35,@东方月初.,0
2025/3/26 22:37,我的妈呀,0
2025/3/26 22:38,确实牛啊[发呆]@.,0
2025/3/26 22:38,@棉花糖one 来了,0
2025/3/26 22:48,今天循环听了一天,0
2025/3/26 22:50,音乐放的挺好的，嘴都不动也能发音[大笑]为什么咱们都姓黄，差距要这么大[流泪]我这就去练练，等着,1
2025/3/26 22:52,真嘟假嘟 感觉嘴巴没张开就发出声音了,0
2025/3/26 22:52,高音不是用力就能上去的，表情平淡正常，用的巧劲，越紧越难上去，但又不能很松，就是很抽象的一种东西[呲牙][呲牙][呲牙],0
2025/3/26 22:52,黄霄云是你能质疑的！,1
2025/3/26 22:53,好厉害,0
2025/3/26 22:53,好像是头腔共鸣,0
2025/3/26 22:54,这辈子都别想扎根摄影行业了[看],1
2025/3/26 22:57,提前录音棚录好在拍视频对口型,0
2025/3/26 22:57,@时光柚子 @是可可乐乐呀?? 下次ktv唱这个,0
2025/3/26 22:58,住嘴??,1
2025/3/26 23:01,说实话，除了花花，这是我听过最有实力和最有感觉的翻唱了，而且这还是在唱了好几首高强度歌曲的情况下再唱《烟火里的尘埃》，这实力杠杠的了,0
2025/3/26 23:01,停车场不是有回音吗，这个声音感觉像演唱会,0
2025/3/26 23:03,@买米当卡 @小李梦醒啦?? @? @Augenstern @奇奇怪怪?? @蜂蜜味的Hiro @雨慕昕落 请你们唱一下谢谢[二哈],0
2025/3/26 23:04,有这个版本吗，好赞,0
2025/3/26 23:07,@??.火火??（咳嗽还没好版）小海疼来了 姐姐听过他的吗   超棒的,0
2025/3/26 23:08,因为她还小,0
2025/3/26 23:13,散~落~的~尘~埃~~~~~~~,0
2025/3/26 23:14,超好听的[捂脸],0
2025/3/26 23:18,物业群里炸锅了没有？车顶上的猫失眠半年??,0
2025/3/26 23:18,@呼啦啦（2.0）,0
2025/3/26 23:21,老辈子唱的真好[爱心][爱心][爱心][爱心],0
2025/3/26 23:24,这个嗓音[赞],0
2025/3/26 23:31,@kiki 歌手的时候我老羡慕她坐大哥旁边了,0
2025/3/26 23:31,烟火里的尘埃华晨宇拿到以后也做了一点改编，而且西楼自己说的呀，西楼自己也承认了，除了华晨宇其他歌手唱这首歌都会毁了它,0
2025/3/26 23:32,黄霄云绝了，以前觉得这首歌无感，现在觉得好好听。。。,0
2025/3/26 23:33,你会不会拍啊[尬笑],1
2025/3/26 23:37,如果最后再来个海豚音[泣不成声],0
2025/3/26 23:41,怎么 埃～额那么好听,0
2025/3/26 23:49,怎么做到 的，太高 了。蒙圈 了,0
2025/3/26 23:49,晃成这样，其实没必要这样拍,0
2025/3/26 23:57,@forever11 [惊恐][惊恐][惊恐][惊恐][惊恐],0
2025/3/26 23:58,摄影师请你过来，我们好好谈谈[打脸][打脸],1
2025/3/27 0:03,最强翻唱是火星歌迷大合唱哈,0
2025/3/27 0:05,@许愿晴,0
2025/3/27 0:08,你可以 我不行,1
2025/3/27 0:13,@悲伤swing @米羔鬲虫 @没睡醒啊林 @蔡47. @礼拜一 @7R @菜不菜 @気 好牛逼,1
2025/3/27 0:16,也有可能,0
2025/3/27 0:18,想拍出这种还有点难度,0
2025/3/27 0:18,@水果宾治武士Y,0
2025/3/27 0:19,你说他拍得好嘛，晃得人想退出去，说他拍不好嘛，阿飘让他拍到一个过去,1
2025/3/27 0:30,太厉害了,0
2025/3/27 0:31,绷不住，确实@nana??,0
2025/3/27 0:35,汽车怎么不报警[笑哭],0
2025/3/27 0:37,@_四个7 你来这个版本,0
2025/3/27 0:41,懂花花的都懂[抱抱你][抱抱你],0
2025/3/27 0:51,@666 [捂脸][捂脸][捂脸],0
2025/3/27 1:02,我嘞个顶级迪斯科运镜摄影手法[666]。摄影师别玩抽象，这是高端局！[感谢],0
2025/3/27 1:04,哈哈哈哈哈哈，抓到一枚野生的[看],0
2025/3/27 1:06,妈呀，晃得我头晕，一个视频看完硬是没看到脸,0
2025/3/27 1:07,太牛了！！[流泪][流泪][流泪],0
2025/3/27 1:24,其实呢，我更推荐赵乃吉的版本[看][看][看],0
2025/3/27 1:26,地下停车场跑进来一只海豚??,0
2025/3/27 1:44,好可怕的声音[色],1
2025/3/27 2:01,好吵。。。。。。,0
2025/3/27 2:10,他最后那一段类似于呼气，你可以试试,0
2025/3/27 2:10,这个摄影师开除了没有[微笑]在手机里晕车了,1
2025/3/27 2:17,还得练，我是说摄影[黑脸]听声音，我说怎么跟黄霄雲声音这么像，仔细一看名字，果然是你，就是这个摄影没认出来你，看拍摄手法，还以为哪个小网红[捂脸],1
2025/3/27 2:40,好好听[舔屏][舔屏][舔屏],0
2025/3/27 2:51,没有一个w监控拿不下来吧？,1
2025/3/27 3:18,@你欠我一个永远 @醉鬼豆腐 @詠,0
2025/3/27 3:21,这么轻松吗[擦汗]。感觉我又行了[撇嘴],0
2025/3/27 3:24,我欣赏不来  只能说你喜欢就好[捂脸][捂脸],0
2025/3/27 3:39,@美女emo了 @橙橙o_.. @y ? 真牛逼,1
2025/3/27 4:45,没办法  这团队一直都在拖后腿,1
2025/3/27 5:06,真声唱有点吃力啊,0
2025/3/27 5:30,@裤裤呀 @小乐乐?? 好好听[舔屏][舔屏],0
2025/3/27 5:49,我贝利亚大王真厉害[看],0
2025/3/27 6:23,@寇寇 @王大马户 @仙仙仙女阳?? @XIATIAN-,0
2025/3/27 6:24,哈哈哈，你好可爱，几个好哒[捂脸],0
2025/3/27 6:56,@77云 多莉亚刷大了,0
2025/3/27 7:28,真牛,0
2025/3/27 7:38,哈哈哈哈哈@Z.,0
2025/3/27 7:39,物业连夜去把灯光升级了[捂脸],0
2025/3/27 7:52,14秒开始，全身一麻。。,0
2025/3/27 8:00,因为高音不是长嘴巴上去的,1
2025/3/27 8:03,太牛了，就怕旁边车玻璃都碎了[笑哭][笑哭][笑哭],0
2025/3/27 8:04,这嗓音太绝了[色][色][色],1
2025/3/27 8:18,小??我挺喜欢你的，如果你来找我，我会请你一份沙县小吃，然后你买单,0
2025/3/27 8:34,摄影差评，感觉刚要享受美妙音乐被一盆冷水泼晕了,1
2025/3/27 8:42,她高音怎么感觉好容易啊，她的舒适圈啊，面部都不狰狞[流泪],1
2025/3/27 8:49,你站起来吼两声@糊焦焦,1
2025/3/27 8:50,因为是头腔共鸣，这就是为啥美声和歌剧都可以不用话筒，百米开外的人就能听清楚,0
2025/3/27 8:56,华晨宇也翻唱过啊，到现在才知道,0
2025/3/27 8:57,我第一次听就是黄，华晨宇没有印象,1
2025/3/27 9:03,[捂脸],0
2025/3/27 9:03,这拍摄技术是激动的手抖吗,1
2025/3/27 9:35,华晨宇是原唱，歌词还是林夕为他量身写的[泪奔],0
2025/3/27 9:48,看晕了,0
2025/3/27 9:53,我喜欢你唱的[呲牙][呲牙][呲牙][呲牙],0
2025/3/27 10:11,这是录视频，后期加上去的，这不是现场唱的,0
2025/3/27 10:15,头晕,0
2025/3/27 10:18,@白露 哈哈哈,0
2025/3/27 10:19,别灰心，这是后期的，就没有干唱能这么好的，即使他是演唱会上，也就这个一半的水平。,0
2025/3/27 10:51,是啊，可是那0.01%的人是黄霄云[微笑],0
2025/3/27 10:57,确实厉害,0
2025/3/27 11:03,这  后面好像感觉不像是她在唱  因为嘴没动  可好像还真是自己唱的 太厉害了[泣不成声],0
2025/3/27 11:07,因为海豚音不用嘴皮发音[捂脸],0
2025/3/27 11:19,变态型选手，[捂脸][捂脸]这难度[赞][赞][赞][赞],0
2025/3/27 11:20,根海豚对上话了[灵机一动],0
2025/3/27 11:20,鸡皮疙瘩起,1
2025/3/27 11:22,能别晃吗？让我安安静静的听个歌[捂脸][捂脸],0
2025/3/27 11:22,咦，是本人发的[呲牙],0
2025/3/27 11:30,@一只小萝北 [捂脸],0
2025/3/27 11:30,@养成游戏 [捂脸][捂脸],0
2025/3/27 11:30,@菲菲鱼 [捂脸],0
2025/3/27 11:30,@zyy12138 @PuPu. [捂脸],0
2025/3/27 11:33,唱高音的时候舌头应该摆哪里[泪奔],0
2025/3/27 11:38,原唱：对对对，我唱的就这个感觉[看],0
2025/3/27 11:43,谢谢??,0
2025/3/27 11:47,[皱眉]原来如此,0
2025/3/27 11:52,哇塞[憨笑],0
2025/3/27 11:59,感觉她的声音就像有一种魔法似的[送心],0
2025/3/27 11:59,唱歌还是得找专业的人来,0
2025/3/27 12:17,毁灭世界的高音,1
2025/3/27 12:43,她是不是会腹语啊？,1
2025/3/27 12:45,这里来的举手吧[灵机一动],0
2025/3/27 12:47,天 后面那个啊…..也是她唱的？感觉没张嘴啊这么强[流泪],0
2025/3/27 12:51,好像是胸腔 或者是腹腔在发力吧 我学播音主持的 好像差不多[宕机],0
2025/3/27 12:59,来了来了,0
2025/3/27 13:02,这嗓子比张靓颖还牛逼 [赞],0
2025/3/27 13:45,来了[捂脸],0
2025/3/27 13:53,[捂脸],0
2025/3/27 13:57,？,0
2025/3/27 14:05,必须点赞！,0
2025/3/27 14:08,第一次听她唱歌还是16岁，现在已经这么漂亮了[惊喜]还记得当时唱的是《鱼》，最近一首《我的父亲是瓦匠》又把她推上了一个新高度[流泪],0
2025/3/27 14:09,她没有换气[赞][赞][赞],0
2025/3/27 14:12,"希望你接受几条不足的建议，1高音气息飘了导致不扎实
2技巧不够还有感情没有到位，
3音色太暗淡
以上我说的都是评论区的专业音乐家",0
2025/3/27 14:14,鬼来了,1
2025/3/27 14:18,@你就讨厌我吧,1
2025/3/27 14:32,这不是她唱的吧,0
2025/3/27 14:36,@蒜汉三 她唱高音比喝水还简单,0
2025/3/27 14:38,这个监控还有伴奏[呲牙],0
2025/3/27 14:42,咦 听得我头皮发麻,0
2025/3/27 14:46,没有合音唱得一般，这是大众都觉得吧，但是开全麦能唱到这样，真的不错了,0
2025/3/27 14:47,唱我一身鸡皮疙瘩[捂脸],0
2025/3/27 14:57,@? 这么太牛逼了 听完身心舒服,0
2025/3/27 15:00,鸡皮疙瘩起来了,0
2025/3/27 15:10,看来音调多高，跟嘴张多大没关系！,1
2025/3/27 15:18,接的音,0
2025/3/27 15:19,没办法 有些粉丝就是太敏感了[捂脸],1
2025/3/27 15:26,人鱼音好好听[泣不成声][泣不成声],0
2025/3/27 16:05,@9 6 给我唱,0
2025/3/27 16:07,你看一下她的名字 她叫黄霄云啊大哥,1
2025/3/27 16:09,你好，王霄云,0
2025/3/27 16:22,天呐，她嘴都没张就上去了,1
2025/3/27 16:28,你去搜她翻唱的魔笛视频就知道了[看],0
2025/3/27 16:37,已保存[看],0
2025/3/27 16:37,有完整版吗,0
2025/3/27 16:41,谢谢喜欢,0
2025/3/27 16:46,"《黄霄云，我要为你发声，我要为你吵架》
在那场令人难忘的演唱会上，黄霄云站在舞台中央，她的每一句话都仿佛带着一种力量，触动着我的心。当她诉说着一路走来的故事时，我能从她的眼神里看到曾经的心酸与无奈，可更多的是坚定。那一刻，我心里满是不舍，就好像看到自家邻家女孩受了委屈一样，气得我立刻就想卷起衣袖，为她打抱不平，为她曾经遭受的那些非议而心疼。",0
2025/3/27 16:47,还有那些评委，蔡某某和另一位评委，他们的评价简直莫名其妙。说什么黄霄云唱歌没有差错，音准毫无瑕疵反而成了毛病，还说她唱歌像机器一样。后来黄霄云故意唱错了一下，他们却称这样就对了。这算什么呀！他们作为评委，本应更客观公正地看待选手表现，而不是用这种不恰当的言论去伤害一个努力的年轻歌手。这种现象其实在社会上到处都存在，就像在职场上，一些刚入职且很有实力的职员，为了体现存在感，会被单位里的一些老人用莫名其妙的方法打压，以此来显示他们自己的 “能力”。,1
2025/3/27 16:47,我一直就觉得你是中国最有实力的女歌手！[呲牙],0
2025/3/27 16:48,值得一提的是，黄霄云的歌迷很多都是年轻人。他们刚刚踏入社会，同样会面临黄霄云所经历的类似环境。这些努力奋斗的年轻人在生活中肯定会遭遇许多不平不公，所以黄霄云的经历让他们感同身受。他们能体会到她所受的委屈，也能感受到她坚持不懈、努力抗争、坚守信念做好自己的精神。黄霄云的这种努力拼搏与她本身具备的强大歌唱实力，都是大家喜欢她的重要原因。,0
2025/3/27 16:49,"然而，黄霄云没有被这些打倒。就像她在演唱会上收着唱《星辰大海》，没有一味飙音，却把力量感展现得淋漓尽致，这就是她成长的证明。最后唱起《烟火中的尘埃》，那歌声里满满的都是她一路走来的坚韧，她已不再是那个渴望星辰大海托底的小女孩，她自己就成了星辰大海。

作为贵州老乡，我看着她一路坎坷，真的心疼。我就是要站出来为她发声，让大家看到真实的她，那个努力、坚强且有着非凡才华的黄霄云！",0
2025/3/27 16:51,@?? 厉害的,0
2025/3/27 16:51,最后的高音不是现场，应该是配的,0
2025/3/27 16:57,比法师厉害[呲牙],0
2025/3/27 16:59,啊啊啊啊华晨宇的《烟火里的尘埃》永远的白月光[流泪],0
2025/3/27 17:29,云 不是雲,0
2025/3/27 17:29,太棒了老妹啊[泣不成声]看好你啊老妹[赞],0
2025/3/27 17:43,@??,0
2025/3/27 17:45,"第一点给拍摄的人买个云台[呲牙]
第二点请不要让他拍了",1
2025/3/27 18:00,喉咙发声需要张嘴么？,0
2025/3/27 18:02,都不怎么听到停顿换气的声音，真的牛,0
2025/3/27 18:08,一口气？太牛逼了,1
2025/3/27 18:13,两口气，上气不接下气。[捂脸],0
2025/3/27 18:24,难怪听起来好轻松[捂脸],0
2025/3/27 18:28,这个绝对????,0
2025/3/27 18:29,啥玩意啊？,1
2025/3/27 18:32,后面有唱吗[发呆],0
2025/3/27 18:34,海豚音的声音其实很像狗狗委屈害怕发出的声音，我的一个朋友告诉我的。现在我再也回不去了[看],0
2025/3/27 18:38,当然呀,0
2025/3/27 18:47,我看看谁还说人家唱歌没感情[流泪]这两句给我鸡皮疙瘩都干起来了，好强的宿命感[流泪],0
2025/3/27 18:52,这首歌是林夕听到华晨宇唱的《我》之后专门为华晨宇写的词[泣不成声],0
2025/3/27 18:57,她是很厉害,0
2025/3/27 19:02,@太阳今天没起床 我要听你唱,0
2025/3/27 19:03,有点天后的影子了[赞],0
2025/3/27 19:04,这镜头转动的感觉生怕让我看到她嘴巴其实在唱不是在录音[微笑],1
2025/3/27 19:07,走最舒适的路，见最好的人,0
2025/3/27 19:08,上世纪的特效[笑哭][笑哭],0
2025/3/27 19:09,人家专业的，你开玩笑哪[微笑],0
2025/3/27 19:17,余音绕梁三日[赞][赞][赞],0
2025/3/27 19:20,@柴月半要管住嘴?? 好听,1
2025/3/27 19:21,中，在哪里,0
2025/3/27 19:23,@CKay @香菜好吃好吃 @习惯你的习惯 @小蒙又熬夜了 @美丽巫婆 活捉,0
2025/3/27 19:25,哈哈哈哈哈哈哈,0
2025/3/27 19:26,好牛逼的头声[裂开],1
2025/3/27 19:32,别晃，头晕?????,0
2025/3/27 19:34,唱得好轻松[泣不成声],0
2025/3/27 19:36,被窝,0
2025/3/27 19:43,唱到我心里了,0
2025/3/27 19:54,我怕小叔来打我[尬笑],1
2025/3/27 19:54,我也觉得[舔屏],0
2025/3/27 20:01,刚好说反了，马上观君子，朦胧见美人。,0
2025/3/27 20:04,@番茄小诗^_^ @?????????????? @美羊羊 真的nb……,0
2025/3/27 20:16,@Yuan·bao?? 她唱的好听勒 最近都在听,0
2025/3/27 20:16,如果可以跟你住在一个小区，我将天天在地下室等待着天奈之音[送心][送心][送心],0
2025/3/27 20:21,@黄霄雲（巡演版） [送心][送心][送心],0
2025/3/27 20:22,摄影师拍得明白吗[哈欠]拍不明白换我来[抠鼻],0
2025/3/27 20:29,唱的还行，原唱不行,1
2025/3/27 20:32,@?? 你试试高音那部分我刚才试两遍嗓子哑了[捂脸][捂脸],0
2025/3/27 20:32,把摄影师换了让我来,0
2025/3/27 20:33,听的血压高，脑门一直跟着振[泪奔],1
2025/3/27 20:34,手机没开防抖。鉴定完毕,0
2025/3/27 20:34,不试了唱都唱不上去[赞],0
2025/3/27 20:34,拉屎的时候听，差点肛门都要崩飞了,1
2025/3/27 20:34,如果黄霄云追我、我要不要离婚呢,1
2025/3/27 20:35,音如箭冲霄之快哉[愉快]（有人精通了吗[比心]）,0
2025/3/27 20:35,@家寄月 @知恋思.,0
2025/3/27 20:37,想的美,1
2025/3/27 20:43,还是王宇宙唱的好些,0
2025/3/27 20:43,爱你[色],1
2025/3/27 20:45,鸡皮疙瘩一身[流泪][流泪][比心],0
2025/3/27 20:47,先唱再说,0
2025/3/27 20:47,黄霄云  真美[灵机一动],0
2025/3/27 20:54,@清澈如初?? [暗中观察]这歌一般人搞不上去,0
2025/3/27 20:57,@时笙Время Шэнь,0
2025/3/27 21:01,还是原版有感觉哈哈哈[捂脸],0
2025/3/27 21:03,我们都还在呢[再见],0
2025/3/27 21:03,太好听啦吧,0
2025/3/27 21:04,唱个魔笛,0
2025/3/27 21:04,华晨宇演唱会早就不请嘉宾了,0
2025/3/27 21:08,一辈子的流行音乐歌手,0
2025/3/27 21:09,来了,0
2025/3/27 21:14,耳鸣了怎么回事,0
2025/3/27 21:17,点进来看看 提个建议吧。,0
2025/3/27 21:17,忧郁男神唱得也挺好听的,0
2025/3/27 21:18,来深圳吗！！,0
2025/3/27 21:22,不得不说小面包的爆发了真的强,0
2025/3/27 21:23,最后这声是从灵魂发出的吗[石化],0
2025/3/27 21:23,@向我的夜宵道歉 好牛[黑脸],1
2025/3/27 21:24,？够了,1
2025/3/27 21:26,看来华宇晨的歌适合别人唱,0
2025/3/27 21:27,@觉觉猪,0
2025/3/27 21:32,拍得不错，下回别让这人拍了,1
2025/3/27 21:33,她那个高音出来 我鸡皮疙瘩都起来了 太厉害了,0
2025/3/27 21:33,太猛了，以前根本不知道这首歌,0
2025/3/27 21:34,@上海专业车务代办?? 好听~,0
2025/3/27 21:35,[鼓掌][鼓掌][鼓掌],0
2025/3/27 21:35,@然冉,0
2025/3/27 21:40,我帮你拍吧，包比他拍的好[九转大肠],0
2025/3/27 21:40,这个人长得好像黄霄雲哦,0
2025/3/27 21:44,这个视频拍得不好，要不然肯定爆火。,0
2025/3/27 21:45,最后的高音感觉共鸣的位置都跑到头上一尺了[呲牙] 为啥叫面包呢,0
2025/3/27 21:46,美术学院[泪奔],0
2025/3/27 21:50,最后上头混声,1
2025/3/27 21:54,学美声的真的不想去西音[流泪]但是考了3个两个过的都民族[流泪],0
2025/3/27 21:54,摄影师可以退休了,1
2025/3/27 21:54,@凑合吧,0
2025/3/27 21:55,这逆天的嗓门只有黄霄云，看一眼还真是。[偷笑],0
2025/3/27 21:55,以前好声音就很喜欢她。,0
2025/3/27 21:56,ktv听别人唱过,0
2025/3/27 21:58,停车场唱歌好好听,0
2025/3/27 21:59,幸亏你唱的好听，不然告你扰民了[捂脸],0
2025/3/27 22:00,我想知道这修音了吗,0
2025/3/27 22:02,来了[看],0
2025/3/27 22:03,为啥我是歌手全开麦跟这个听着差十万八千里,1
2025/3/27 22:05,位置太好了,0
2025/3/27 22:06,歌手明显一听就紧张了，声音都有点抖，毕竟年纪太小,0
2025/3/27 22:09,摄影师出来单干吧  包没单[我想静静],1
2025/3/27 22:09,两边怎么花屏[捂脸],0
2025/3/27 22:13,好牛,0
2025/3/27 22:13,能不能在这个地方来首鬼新娘 [抠鼻],0
2025/3/27 22:15,口型我都会啦,0
2025/3/27 22:17,天灵盖都给掀飞了,1
2025/3/27 22:17,好想听他唱朵利亚的音,0
2025/3/27 22:20,把摄影师的鸡腿夹走[抠鼻],1
2025/3/27 22:21,这个手势？三天三夜？,0
2025/3/27 22:21,笑死我了,0
2025/3/27 22:23,90后我目前只看好三人 华晨宇 邓紫棋 黄霄云,0
2025/3/27 22:24,@又想喝奶茶了 [强壮][黑脸]下次挑战,0
2025/3/27 22:27,@wzxhdyystlj.,0
2025/3/27 22:29,@淇了个怪 @点樱花初醒^ 你俩给我唱这个,0
2025/3/27 22:29,太强了，从那个人鱼之歌到这首直接关注！！,0
2025/3/27 22:34,@秋????? @暖风清酒白猫 高级,0
2025/3/27 22:34,@七-,0
2025/3/27 22:40,配音,0
2025/3/27 22:44,都不用怎么张嘴就能飙那么长时间的高音，谁能懂我多羡慕这老天爷追着抢饭吃的嗓子,0
2025/3/27 22:45,啊？我？[泪奔],0
2025/3/27 22:46,[舔屏],1
2025/3/27 22:46,@黑胡椒功夫兔,0
2025/3/27 22:47,这个车库可能豆皮她的[看][看][看][看][看][看][看][看][看],0
2025/3/27 22:48,@啊哈 好厉害,0
2025/3/27 22:49,@幻听 上次跟你说的散落的尘埃,0
2025/3/27 22:49,起鸡皮疙瘩了[赞][赞],0
2025/3/27 22:51,这拍摄我都看晕了[泪奔],0
2025/3/27 22:52,[爱心],0
2025/3/27 22:53,活爹，求你别瞎转手机了[尬笑],1
2025/3/27 22:55,这是配音？对口型？,0
2025/3/27 22:55,你能不能就站哪给人拍完了[微笑],0
2025/3/27 22:56,人家自己唱的 实力很强的,0
2025/3/27 22:56,哦看来真的好强,0
2025/3/27 22:57,她可是央音第一[送心]自己唱的,0
2025/3/27 22:57,头皮发麻！！,0
2025/3/27 22:59,对她来说是不是唱歌比说话还简单,0
2025/3/27 22:59,@莫道桑榆晚??（黎深一生推）,0
2025/3/27 23:00,这镜头是生怕拍到你吗？,1
2025/3/27 23:01,@晴天??,0
2025/3/27 23:02,@经过.,0
2025/3/27 23:02,摄影师别干了[尬笑],1
2025/3/27 23:03,头腔共鸣 相当牛逼的存在,0
2025/3/27 23:04,糊的我差点划走，还好发现这是黄霄云[泣不成声],0
2025/3/27 23:06,有品,0
2025/3/27 23:07,老天赏饭吃的[流泪],0
2025/3/27 23:10,这后脑勺跟我一样一样的[抠鼻],0
2025/3/27 23:11,@badada @白桃汽水?? @玖????? @%@ @伏警初K @一咕 @小懒最可爱 @梦里有什么 @OAO @玫瑰手礼 @塔姆哥哥 如听仙乐耳暂明,0
2025/3/27 23:12,黄唱这首歌全身都在使劲 华晨宇很淡定[捂脸][捂脸],0
2025/3/27 23:13,好头晕晃的我,0
2025/3/27 23:13,这运镜好晕[捂脸],0
2025/3/27 23:14,@霖霖不是00 @随机匹配? @勇敢PP @抱抱欣 @KK?? @Banana,0
2025/3/27 23:15,差点就拍到人了，好险[玫瑰],0
2025/3/27 23:21,0:15,0
2025/3/27 23:23,用游戏手机拍的么[不是吧],0
2025/3/27 23:25,@仲夏Eh 好厉害,0
2025/3/27 23:25,很厉害很好听,0
2025/3/27 23:25,这头声无敌了,1
2025/3/27 23:26,听得我耳鸣[听歌],0
2025/3/27 23:28,我都麻了[比心][比心][比心],0
2025/3/27 23:29,摄影师成功的把真唱拍成对口型[捂脸],0
2025/3/27 23:32,哇哦,0
2025/3/27 23:33,好好听[鼓掌][鼓掌],0
2025/3/27 23:34,@航子,0
2025/3/27 23:39,不错，有我一半吧,0
2025/3/27 23:41,啥声也得张嘴啊，这音明显是张嘴发出的,0
2025/3/27 23:45,你也是好起来了，都能被生出来[泣不成声],1
2025/3/27 23:45,你这样拍稳定器厂家会生气的,0
2025/3/27 23:46,原来你更喜欢唱戏[泣不成声],0
2025/3/27 23:47,@超级无敌悲伤黑葡萄,0
2025/3/27 23:47,我是刷到好多别人版本觉得挺好听的了，然后也看到底下评论说hxy版本，我懒得搜，才刷到这个，也只有这个，让我脑子里好多好多回忆在转的感觉[酷拽]听晕了@幻坠,0
2025/3/27 23:48,@哦，弄死我？(顾凌 [泪奔][泪奔],1
2025/3/27 23:48,以为是普通网红，仔细看原来是黄霄云[看],0
2025/3/27 23:50,你是专业某院校专业第一，你也能轻松上去，哈哈,0
2025/3/27 23:54,我也想住你家隔壁，这滤镜，转拍，人家都觉得我是王嘉尔,0
2025/3/27 23:57,姐 你能不能表情吃点力。 你这样轻松淡定我会觉得我也行[尬笑][尬笑][尬笑],0
2025/3/27 23:58,@装八璐 你学[比心],0
2025/3/27 23:58,[玫瑰][玫瑰][玫瑰],0
2025/3/27 23:59,要是现场遇到了我高低得给你竖个大拇指，但这是在线上，只能说“小姑娘你还得练啊[微笑]”,1
2025/3/27 23:59,[发呆],0
2025/3/28 0:00,你凭啥人美 还优秀啊 唱歌还好听 嫉妒 的我快嘎了,1
2025/3/28 0:01,这海豚音太好听了,0
2025/3/28 0:14,声音与嘴型不对啊,0
2025/3/28 0:15,当时我在ktv时候，歇斯底里那种力量早就不再了。,0
2025/3/28 0:15,@_Coisini. @鼠鼠大王. @棠新伊柠 @^Y_xydcc @???? 这评论我服了,1
2025/3/28 0:17,头声 小腹发力的[小鼓掌],0
2025/3/28 0:19,你去看一下她唱魔笛，你就知道什么是强者,0
2025/3/28 0:20,打扰一下 ????,0
2025/3/28 0:22,假的吧？这是对口音吧？,0
2025/3/28 0:23,杨超越,0
2025/3/28 0:26,对口音也是她唱的[尬笑]，因为所以。。。,0
2025/3/28 0:26,生日快乐！！！快快乐乐，一定要开心哦！！！[玫瑰][玫瑰][玫瑰][玫瑰][玫瑰][玫瑰][玫瑰][玫瑰][玫瑰][玫瑰][玫瑰][玫瑰][玫瑰],0
2025/3/28 0:27,谢谢[送心][送心],0
2025/3/28 0:33,@村口一枝花?? ！！！！！,0
2025/3/28 0:46,@L-山野,0
2025/3/28 0:49,不知道为啥听到后面的部分很想哭[流泪],0
2025/3/28 0:51,@? 真的太牛了 这高音比ai还震撼,0
2025/3/28 0:54,唱的真TM好,0
2025/3/28 0:58,她告诉你的[捂脸],0
2025/3/28 0:59,@Prousphour,0
2025/3/28 1:09,@十二月末,0
2025/3/28 1:15,我只唱艾辰的版本，那个好唱，另外所有人我都顶不上去[泪奔],0
2025/3/28 1:22,喜欢黄霄云的歌[色],0
2025/3/28 1:25,黄霄云我心中乐光女神，我要这条评论绝对上神评，[比心][呲牙],0
2025/3/28 1:26,唱的好就被说炫技，那你也来炫一个我听听[泪奔],1
2025/3/28 1:38,假吗？来卡,1
2025/3/28 1:59,你要不看看他现场版张不张嘴，这个视频声音就是后配的[捂脸],0
2025/3/28 2:22,专业人士，你说呢[九转大肠],0
2025/3/28 2:25,现在真好看,0
2025/3/28 2:29,能不能别抖,1
2025/3/28 2:51,还得练,0
2025/3/28 2:52,加鸡腿,0
2025/3/28 3:11,这么随便,1
2025/3/28 3:57,我记得你说过你想有自己的原创成为经典希望你不要忘记初心,0
2025/3/28 4:18,核心还是需要唱功，乐器只能说是加分项，但能达到歌手级别，太少太少,0
2025/3/28 4:27,鸡皮疙瘩。。。。。。,0
2025/3/28 4:38,拍摄不行，换人吧。我去，工资减半[玫瑰],1
2025/3/28 5:39,@小羊揣兜里 666666666666666,0
2025/3/28 6:12,不是，最后好像都没有张嘴啊。怎么唱上去的[我想静静][我想静静],0
2025/3/28 6:16,正经学唱歌的都知道发出声音不是靠嘴皮子[憨笑][憨笑],0
2025/3/28 6:18,只去过KTV唱歌，没学过。。。本人野路子,0
2025/3/28 6:21,你说话好直接[看],0
2025/3/28 6:22,后来的后来也在家烤饼子了？[抠鼻],0
2025/3/28 6:23,至少，饼总也是总……[灵机一动],0
2025/3/28 6:53,原来这就是我一直喜欢的黄霄雲,0
2025/3/28 7:20,[捂脸]本人挑战自己系列,0
2025/3/28 7:23,这个监控是不是有点喝多了,1
2025/3/28 7:29,牛逼,0
2025/3/28 7:32,少了那一道金光,0
2025/3/28 7:37,[泪奔],0
2025/3/28 7:41,换个摄影师吧,0
2025/3/28 7:49,世界顶级巨星庞麦郎，他的歌或许都不怎么好听，但他那一首（阻止你哭泣），绝对是华语乐坛的颠峰之作[赞],0
2025/3/28 8:01,不敢苟同，我认为那首 瓦匠 直接封神,0
2025/3/28 8:21,给摄像老师买个稳定器吧[泣不成声],0
2025/3/28 8:23,太牛了,0
2025/3/28 8:26,当年多送你一两炸鸡柳的我，依然还在炸着。你确成明星了。是不是我没选对行业[发怒],1
2025/3/28 8:27,@私密账号。 神奇的共鸣，我以前研究好久都没悟出来[泣不成声],0
2025/3/28 8:27,头声，这个不难，得练施主,0
2025/3/28 8:28,这唱功与现在的地位完全不匹配啊[赞][赞][赞],1
2025/3/28 8:28,好听,0
2025/3/28 8:35,主播，请问这是谁[憨笑]劝你这辈子远离摄影,1
2025/3/28 8:38,摄影，你不行就换我来[流泪],1
2025/3/28 8:50,镜头抖的乱七八糟,0
2025/3/28 8:51,喜欢，太喜欢了[泣不成声],0
2025/3/28 8:54,好听，姐姐加油,0
2025/3/28 9:15,昨天听你的版本单曲循环两小时[看],0
2025/3/28 9:15,想看你和花花合唱,0
2025/3/28 9:24,黄霄云唱高音一直很可以的[看],0
2025/3/28 9:27,摄影真是不会角度啊这么喜欢转圈,1
2025/3/28 9:37,左右互搏，自己跟自己打架[看],0
2025/3/28 9:39,我车玻璃碎了，没找到原因,0
2025/3/28 10:03,太牛了  音高但不刺耳,0
2025/3/28 10:08,先发个评论占个座[奸笑],0
2025/3/28 10:09,等下车玻璃全爆了,1
2025/3/28 10:12,唱太震撼了，你要是直播带货，哪怕是卖棺材，我也要拍一单，送给前任[捂脸],0
2025/3/28 10:37,我天啊啊啊啊啊啊啊真是直冲天灵盖啊,1
2025/3/28 10:41,这摄影手法跟我半斤八两，甚至我略胜一筹[捂脸]不信看我视频,0
2025/3/28 10:44,[鼓掌][鼓掌][鼓掌][鼓掌],0
2025/3/28 10:44,[大哭][大哭][大哭]好牛牛牛牛！,0
2025/3/28 11:00,姐姐真牛,0
2025/3/28 11:08,音量太高都把那小姑娘吓跑了,0
2025/3/28 11:10,我九十四岁的姨奶，都拍的比摄影的好,0
2025/3/28 11:23,小姐姐：死腿！快跑啊！！别让这糟糕的运镜运到我了[泪奔],1
2025/3/28 11:31,不是[泪奔] 拍的啥啊 都感觉没唱[捂脸],1
2025/3/28 11:48,适合拍丧尸片,0
2025/3/28 11:58,这监控还围着转！录音就不像停车场的[捂脸],0
2025/3/28 12:10,等着我下午给你唱,0
2025/3/28 12:12,哎～哎唉～哎～——[白眼],1
2025/3/28 12:20,每次都不知道是谁，都要问是谁，每次都记不住这个人,0
2025/3/28 12:22,好听！！最好听的女声版本,0
2025/3/28 12:23,感觉华晨宇的歌自己唱不火，小黄能给唱??了,1
2025/3/28 12:29,你这气比我命还长[泪奔],0
2025/3/28 12:33,呵呵大哥的歌终究都是大哥的歌[微笑],0
2025/3/28 12:33,原来这首歌这么好听[发呆],0
2025/3/28 12:35,厉害[尬笑],0
2025/3/28 12:56,看的出来作者有一定运镜功底，调色也是高标准，用的手机品牌标志没看到，估计是个旗舰带防抖的，拍出来的成品无论谁看到，都会惊呼一句话:这到底拍的什么玩意？,1
2025/3/28 13:00,座机拍出来的效果[看],0
2025/3/28 13:01,@$+富贵+￥ 我的妈这个高音,0
2025/3/28 13:04,我就想问问这是吃了几只海豚啊[尬笑][尬笑],1
2025/3/28 13:12,妹子不准备换个摄影吗？,0
2025/3/28 13:12,感觉太阳穴要炸,1
2025/3/28 13:15,华为的保安去美团做了骑手，对美团来说，这个人算保安还是骑手？,0
2025/3/28 13:22,拍摄的你就不能打个光吗,1
2025/3/28 13:25,可是烟火里的尘埃搭配海豚音…个人感觉有点不搭,0
2025/3/28 13:27,我说我也行 你们会不会觉得我在吹牛[尬笑],0
2025/3/28 13:28,[赞],0
2025/3/28 13:29,对于每一个花腔女高来说 应该不难吧[尬笑],1
2025/3/28 13:30,不信，除非唱给我听[不失礼貌的微笑],0
2025/3/28 13:31,那你唱完发一下证明一下不就好了吗[送心],0
2025/3/28 13:34,不信，除非唱给我听[看],0
2025/3/28 13:34,太绝了,0
2025/3/28 13:39,牛逼,0
2025/3/28 13:44,她是欲女,1
2025/3/28 13:46,听过现场，很震惊,0
2025/3/28 13:53,"第一，跑调严重
第二，过渡不协调
第三，假声明显
第四，高音很费劲
第五，换气不流畅
没错，这些都是我的问题[看][看]，你唱得非常好 [赞][赞]",0
2025/3/28 13:56,[泣不成声]第一次是听的她唱的（你）,0
2025/3/28 13:57,眼睛都晃晕了,0
2025/3/28 13:58,真的好好听,0
2025/3/28 14:02,姐 我爱你[流泪][流泪],0
2025/3/28 14:08,完全告别摄影界[憨笑][赞],0
2025/3/28 14:12,举手??,0
2025/3/28 14:12,@zy1. wow[看],0
2025/3/28 14:42,面包加油,0
2025/3/28 14:42,666,0
2025/3/28 14:48,[酷拽]没看名字，我还以为谁的模仿来着这么像,0
2025/3/28 14:49,这个好听,0
2025/3/28 15:01,记忆被修改了？不对啊，18年就听过这首歌的原唱不可能是华晨宇，因为我根本不记得有这个人[尬笑],0
2025/3/28 15:05,敢不敢去木森大舞台试试去？,1
2025/3/28 15:08,不行不行。总所周知高音到一定分贝的时候人耳根本听不见。 最近听了阿坤的离别开出花才知道什么叫高音,1
2025/3/28 15:09,高音部分看着不像真人唱,0
2025/3/28 15:11,这个摄影师是你成功路上的绊脚石[捂脸],1
2025/3/28 15:12,为什么华晨宇的嗓音一出来就感觉对味了[泪奔][泪奔]我也不知道是为什么，好像是空灵感更强还是什么[捂脸],0
2025/3/28 15:25,@无聊????所以跟风 操，嗓子给我练哑了,1
2025/3/28 15:33,黑衣服“死腿！快跑啊！”,1
2025/3/28 15:33,可能前边有千千万万个唱得好的网红能够唱出来 但后边那个埃后边的那个头声共鸣，就是差距[赞],0
2025/3/28 15:38,尘埃的埃那里是变弱了吗？[捂脸],0
2025/3/28 15:39,黄霄雲中间也跑调了一处，没办法哦难度太高[看],0
2025/3/28 15:48,@聆诗欢. @Echo· [宕机],0
2025/3/28 15:49,不是′???`没有稳定系统吗,0
2025/3/28 15:50,我还以为我手机坏了[呲牙],0
2025/3/28 15:52,这车都不报警？过分了吧[捂脸],0
2025/3/28 16:13,这首歌确实只有法师最牛[捂脸][捂脸],0
2025/3/28 16:16,我也觉得,0
2025/3/28 16:17,[宕机],0
2025/3/28 16:25,实话说，这歌确实不错，不过个人对华的声音不喜欢，总感觉喊出来的，声音上缺乏力量感,0
2025/3/28 16:29,她的嗓音是女娲炫技之作,0
2025/3/28 16:34,@MUCHE,0
2025/3/28 16:39,嘴闭上了还有高音 这唱功确实了得,0
2025/3/28 16:42,?1,1
2025/3/28 16:47,花花:你这么搞，我的唱功就暴露了,0
2025/3/28 16:49,新乐队求支持[色],1
2025/3/28 16:50,都是大贵州的人儿[赞],0
2025/3/28 16:50,你也是好起来了,0
2025/3/28 16:51,优秀的人在地下停车场一样优秀[呲牙],0
2025/3/28 16:55,比原唱好听，没法比,0
2025/3/28 16:58,一身鸡皮疙瘩[猪头]太好听了,0
2025/3/28 16:59,地库没爆吗？,1
2025/3/28 17:04,好听,0
2025/3/28 17:07,别把人家车玻璃给震坏了哟,0
2025/3/28 17:08,下面那个评论我是赞同的,0
2025/3/28 17:08,根本听不够[尬笑],0
2025/3/28 17:09,@睡到自然醒 @5u 我的天哪这高音[泣不成声],0
2025/3/28 17:13,唱的太好听了吧,0
2025/3/28 17:18,所以她是黄霄云，你谁都不认识[捂脸],1
2025/3/28 17:19,贴吧平均水平,1
2025/3/28 17:22,666盐都不盐了,0
2025/3/28 17:22,只有华晨宇的原版是最好听的版本。其他的都没有那个感觉，包括华晨宇其他版本[呲牙],0
2025/3/28 17:23,华晨宇,0
2025/3/28 17:24,不记得不代表不是原创,0
2025/3/28 17:28,我的妈，这高音,1
2025/3/28 17:29,这个就是上次我跟你说的那个华晨宇的歌[憨笑],0
2025/3/28 17:29,昨晚在停车场拍台拍凳，鬼煞甘吵就系你条粉肠系咪…….来自唐伯虎点秋香[呲牙],1
2025/3/28 17:32,这是配音吧？,0
2025/3/28 17:33,[噢买尬]高手在民间,0
2025/3/28 17:36,海豚都能跑到车库里去找她，太厉害了,0
2025/3/28 17:37,这个可不民了[发呆],1
2025/3/28 17:42,姐，要不我来给你拍吧[憨笑],0
2025/3/28 17:48,能不能来沈阳开演唱会[流泪],0
2025/3/28 17:52,高手在民间系列之黄霄云！[鼓掌],0
2025/3/28 18:00,有可能是用相机拍的然后手持，像故意的,0
2025/3/28 18:01,头皮发麻,0
2025/3/28 18:04,@TS 国家队[绿帽子],1
2025/3/28 18:05,@宠溺 高音感觉都不像她唱的，太流畅了,0
2025/3/28 18:09,绝了[赞],0
2025/3/28 18:23,天籁啊，真不错，这嗓子简直被那谁亲过一样,0
2025/3/28 18:27,拍的太挫了[笑哭],1
2025/3/28 18:30,诶……拍摄又叫视觉传达，传达的是情感，情绪，画面太稳反而内这个效果,0
2025/3/28 18:37,后面后期加工了吧,0
2025/3/28 18:40,好听！！,0
2025/3/28 18:48,会唱歌，谁听[害羞][害羞][害羞][害羞][害羞],0
2025/3/28 18:53,感觉她唱的好轻松,0
2025/3/28 18:53,天生的！,1
2025/3/28 18:57,@苯槐祀时,0
2025/3/28 18:58,感觉比演唱会好些,0
2025/3/28 19:00,帅炸了[鼓掌][鼓掌][鼓掌],0
2025/3/28 19:01,@阿娩 我滴妈这声音[泣不成声],0
2025/3/28 19:02,比我的手还抖,0
2025/3/28 19:04,生怕我的手机屏幕被震碎了[捂脸],0
2025/3/28 19:06,后面的吟唱真好听，套用的华晨宇另一首歌的吟唱[爱心],0
2025/3/28 19:10,真好听吗？,1
2025/3/28 19:11,我的鸡皮疙瘩[泪奔][泪奔][泪奔][泪奔],0
2025/3/28 19:12,谁能想到当年的一个小孩会会变成现在这样，这种他变强的力量可能来自于梦想的坚持[比心],0
2025/3/28 19:14,@我爱吃榴莲 明天尝试一下[比心],0
2025/3/28 19:16,看了很多组选手，还得是她呀！中间都不需要换气,0
2025/3/28 19:19,这歌原来这么好听,0
2025/3/28 19:23,车玻璃裂了一大片啊,0
2025/3/28 19:24,鸡皮疙瘩起来了[发呆],0
2025/3/28 19:26,@美女请推我 快唱你偶像的歌,0
2025/3/28 19:30,@0h,0
2025/3/28 19:30,@案山青年 @天哥和菊哥 她会很红,0
2025/3/28 19:30,@R_ttt^ @美到全村寡妇360旋转跳跃原地后空翻求婚 @?? @Yiiu^ [发呆]我靠这个这个这个！我的天呐啊啊啊啊救命，鸡皮疙瘩起来了[泪奔],0
2025/3/28 19:33,@时森岁岁平安 我到尘埃那边就有点破音了,0
2025/3/28 19:36,这不是她唱的吗？[尬笑]@祝闪闪,1
2025/3/28 19:38,超越原唱,0
2025/3/28 19:39,这气息好强啊[捂脸],0
2025/3/28 19:42,@哦哦哦刻苦,0
2025/3/28 19:45,就算你觉得不好听，但人家是中央音乐学院，美声专业第一呢，海豚音也需要很大的技巧的，可能每个人都有不同的感觉吧,0
2025/3/28 19:47,科学发声，我就是小时候一个劲机能顶高音，现在废了，只能唱唱中高音[捂脸]苦逼的我,0
2025/3/28 19:48,朵莉亚开大了[尬笑],1
2025/3/28 19:54,6666,0
2025/3/28 19:57,绝对音准[赞],0
2025/3/28 19:59,[泪奔],0
2025/3/28 20:03,我第一次听说头声这么大声的，别人用嘴张大都喊不出这么大声[看],1
2025/3/28 20:03,@布丁不次魚 唱高音的时候比我吃饭还简单[尬笑],0
2025/3/28 20:05,太轻松了,0
2025/3/28 20:06,@xyydys 梦里我就是这样的[流泪][流泪],0
2025/3/28 20:07,你别说这几天在外面吼的那哥们快要吼出名堂了,0
2025/3/28 20:21,但太拼了，伤嗓子就不好了！没歌手敢这样高强度唱三个钟，还唱烟火里的尘埃的,0
2025/3/28 20:27,我鸡皮都起了[鼓掌][鼓掌][鼓掌],0
2025/3/28 20:29,她的唱功不用质疑[赞],0
2025/3/28 20:33,[玫瑰][玫瑰][玫瑰][玫瑰][玫瑰][玫瑰][玫瑰],0
2025/3/28 20:37,好牛啊 嘴巴都没动就上去了,1
2025/3/28 20:38,用了假声顶的，可以稍微轻松一点上去，不过对声线还是有要求的。,0
2025/3/28 20:38,海豚音[赞],0
2025/3/28 20:39,[快哭了][快哭了][快哭了][快哭了][快哭了][快哭了][快哭了],0
2025/3/28 20:39,这歌天王老子来了也是法师,1
2025/3/28 20:42,稳定器都不上一个吗，我给你拼多多拼一个[捂脸],0
2025/3/28 20:43,他意思就是华晨宇唱的更好,0
2025/3/28 20:45,这个时候后面车警报响了才有趣,0
2025/3/28 20:50,关掉声音就像吃了云南梦之菇[看],0
2025/3/28 20:58,告诉我哪个停车场？我不刷停车票也要去[泣不成声],1
2025/3/28 20:58,@??,0
2025/3/28 20:58,牛,0
2025/3/28 21:00,@苡茈 他这个拍摄的人，就好像邓紫棋早期的那个服装师[暗中观察],0
2025/3/28 21:01,地下室高音闹鬼了,0
2025/3/28 21:07,换个拍照的吧,0
2025/3/28 21:17,是吧，怎么着也得这种啊,1
2025/3/28 21:18,后期配音，又不是现场收音,0
2025/3/28 21:25,??粉现在真打过来了怎么办[黑脸],1
2025/3/28 21:26,美女，不知情的邻居会不会举报扰民了[尬笑]，虽然非常好听。[看],0
2025/3/28 21:26,@Distant.,0
2025/3/28 21:29,什么玩意？,1
2025/3/28 21:30,从专业的角度来看还是有很多要改进的地方，比如墙上的指示牌就不够亮[比心],0
2025/3/28 21:31,@@Awm. @裴珠泫,0
2025/3/28 21:35,高音部分唱的很好听，不像那些有尖细的声音，那种空灵优美的感觉，而且看着唱高音的部分还不费劲的样子。,0
2025/3/28 21:44,高音轻松到云霄,0
2025/3/28 21:46,王者崩了 来刷会抖音,0
2025/3/28 21:46,我二口气都唱不过来 她是怎么换气的,0
2025/3/28 21:48,和声是你自己的嘛姐,0
2025/3/28 21:49,6啊海豚,0
2025/3/28 21:50,[鼓掌][鼓掌][鼓掌],0
2025/3/28 21:51,王者进不去了[泪奔][泪奔][泪奔],0
2025/3/28 21:52,你把朵莉亚给吃了？,1
2025/3/28 21:53,呀，我就说咋进不去,0
2025/3/28 21:54,同道中人,0
2025/3/28 21:56,挑个你喜欢的麻袋颜色[抠鼻],0
2025/3/28 21:57,这首歌唱出了她自己[捂脸],0
2025/3/28 21:59,加油,0
2025/3/28 22:01,居然更上一层楼,0
2025/3/28 22:02,感觉嘴巴没动啊,0
2025/3/28 22:04,姐牛逼嗷[舔屏][舔屏][舔屏],0
2025/3/28 22:14,丝滑无杂音，听着顺,0
2025/3/28 22:14,法师会给你律师函的,1
2025/3/28 22:16,姐还是一如既往的有实力[色],0
2025/3/28 22:16,好了叫我,0
2025/3/28 22:16,服务器崩了,0
2025/3/28 22:17,看我的，就像一场烟火散落的尘埃，哎～～～～～，哎妈，救我，给我叫个救护车，,0
2025/3/28 22:20,会不会拍？会不会拍？,0
2025/3/28 22:22,我也是布依族的怎么我就只能搬砖[不看],1
2025/3/28 22:22,@小鲨鱼,0
2025/3/28 22:22,好牛的一高音啊[赞],0
2025/3/28 22:28,真抗打[赞]，我浑身起鸡皮疙瘩了,0
2025/3/28 22:28,好听好听好听[色],1
2025/3/28 22:34,天，这穿透力，太强了,0
2025/3/28 22:38,@plan A. 下次我要在ktv听见这首,0
2025/3/28 22:39,原唱之所以是原唱啊[流泪]听过华晨宇的版本其他的都听不进去,0
2025/3/28 22:40,@陪lyx.看海 [发呆],0
2025/3/28 22:47,黄总海豚音   无敌,0
2025/3/28 22:48,你给我把嘴巴打开了唱,1
2025/3/28 22:49,手机坏了，左右两条,0
2025/3/28 22:55,头皮发麻，下次麻烦好好拍,1
2025/3/28 22:55,好了,0
2025/3/28 22:55,是有多爱这首歌，每次都唱[尬笑],0
2025/3/28 22:57,我都以为她没张嘴[宕机]太牛了吧[宕机]@qiqqqiqi77 @轻手帮人 @如果你还没有睡 @抹抹 @C.C大果冻 @Slimming @Themis @睡眠艺术家 @临祈,0
2025/3/28 22:58,看这个视频我以为我手机坏了呢,0
2025/3/28 22:59,拍鬼片么，是这样的企划吗,0
2025/3/28 23:02,牛逼,0
2025/3/28 23:05,像偷拍的[比心],1
2025/3/28 23:08,@茗茜.,0
2025/3/28 23:11,@不馋丫头 下次给我表演一下,0
2025/3/28 23:12,王者还不能玩啊[鄙视],1
2025/3/28 23:13,小雲，我是你的忠实粉丝，你能来贵州演巡回演出吗？,0
2025/3/28 23:14,真的诶,0
2025/3/28 23:15,厉害[赞],0
2025/3/28 23:18,有个窗玻璃动了,0
2025/3/28 23:20,@.??. 蛙趣[泪奔],0
2025/3/28 23:22,对对,0
2025/3/28 23:23,最后的高音有点像假声，我也不专业但是听着真的像,0
2025/3/28 23:24,@是墨染吖_,0
2025/3/28 23:24,@kepler,0
2025/3/28 23:29,头皮麻了,0
2025/3/28 23:29,全开麦，她绝对属于顶级现场了。这首歌来说，能超过她现场的不超过一只手把,0
2025/3/28 23:30,姐姐，什么时候来云南巡演，想看[流泪],0
2025/3/28 23:32,伴奏鸡肋了,0
2025/3/28 23:34,哦哦[比心],0
2025/3/28 23:38,朵莉亚刷大了,1
2025/3/28 23:41,6,0
2025/3/28 23:43,她就像一只百灵鸟，无时无刻都在想歌唱[看][看][看],0
2025/3/28 23:45,把这个摄影换一下谢谢[害羞],0
2025/3/28 23:47,高音部分真的太好听了！[流泪],0
2025/3/28 23:48,特别特别特别特别特别特别特别特别特别特别特别特别特别特别特别特别特别特别特别特别特别特别特别特别特别特别特别特别特别特别特别特别特别好听a宝宝,0
2025/3/28 23:52,拍得很好，下次别拍了[打脸],1
2025/3/28 23:54,@左顺安 超好听,0
2025/3/28 23:55,@壹月 听了半天感觉我也会了，开口像吃了哑药[绝望的凝视],0
2025/3/28 23:57,这是想象中唱歌的样子[捂脸],0
2025/3/28 23:59,@上心 老牛了 这个姐,0
2025/3/28 23:59,D6这么好唱的吗[流泪][流泪][流泪],0
2025/3/29 0:05,这属于头声  不需要张太大嘴[灵机一动],0
2025/3/29 0:12,我都怕一车库的车窗玻璃炸了,0
2025/3/29 0:22,没人能唱出华晨宇的极致孤独感,0
2025/3/29 0:25,@X 更[绝],1
2025/3/29 0:26,你把我曾经喜欢的法师唱出了新高度,0
2025/3/29 0:26,@弦. 理想中的高音,0
2025/3/29 0:29,@小钟打不过 我爽了,1
2025/3/29 0:37,你本来唱歌就好听呀[流泪]咱可是学校校队的呢！[看],0
2025/3/29 0:37,不信就给我唱首跳楼机我给你评评[猪头],1
2025/3/29 0:50,这是在停车场唱的？难以置信。如果是真的太厉害了！,0
2025/3/29 0:51,@Liiii,0
2025/3/29 0:57,[灵机一动],0
2025/3/29 1:04,牛逼,0
2025/3/29 1:06,@拉枪线到n港 @??啷个哩个啷 @强演无味 @多余 @十八小哥 @只看不点赞 @用户dy7hsmm2wdct @胖虎爱喝可乐,0
2025/3/29 1:14,摄影师你可以会老家种地了,1
2025/3/29 1:16,好稳啊,0
2025/3/29 1:28,这个拍的是生怕我们看到脸是吧,1
2025/3/29 1:46,这段太好听了[赞]绝绝子，还得是你,0
2025/3/29 1:47,女版她唱的最好听，只是原唱比较有感觉，我喜欢花花，她好像也是花花的歌迷,0
2025/3/29 1:51,@栓Q 还有福建巡演，去看,0
2025/3/29 1:59,要是我早炒他鱿鱼了,1
2025/3/29 2:10,[流泪][流泪][流泪][流泪][流泪]我的花花终于被看见了！！[流泪][流泪]20年就喜欢了[流泪]中间看有好多黑粉快心疼死了，还有那些yxh天天乱说怎么解释都解释不清楚他们根本就不信这些一味去否定花花，他们说花花的那首《癌》说是施法我真的伤心可是我无能为力[流泪]我想说花花真的有好好创作每一首歌[流泪][流泪]他的歌都是有含义的。现在他被重新看到甚至被大家认可我真的真的很高兴很激动。终于有人看到他的歌了。我就说花花不可能因为黑粉而失去光的。我真的太激动了终于被看到了[流泪][流泪][流泪],0
2025/3/29 2:20,应该是配的画面吧,0
2025/3/29 2:31,她谁？[发呆],1
2025/3/29 2:46,好厉害[666],0
2025/3/29 3:20,她真的是我见过唱海豚音表情管理做的超级好的一个女孩子，而且，可想而知，我才大她一天出生，她比我优秀一大截，我真的好喜欢她[泣不成声],0
2025/3/29 3:30,工作室你给姐拍成鬼片了！,1
2025/3/29 3:42,好听，特别她那首《阻止你哭泣》非常好听，那天手机掉床底，听了一晚上[流泪],0
2025/3/29 3:50,太秀技术了，还是花花版的好听[捂脸],0
2025/3/29 3:56,@听听,0
2025/3/29 3:59,头皮发麻,0
2025/3/29 4:32,@坤_° 中央音乐学院专业第一名不虚传，太有实力了,0
2025/3/29 4:33,好像是后期修上去的,0
2025/3/29 4:48,冷知识：她是国家一级歌手，她还是《never gonna give you up》的原唱,0
2025/3/29 4:50,因为是别人的音频,0
2025/3/29 4:52,因为是别人的声音,0
2025/3/29 5:45,我请问呢,0
2025/3/29 6:43,@哦耶！ @[让伤心包裹我]?? @语,0
2025/3/29 6:50,@哦耶！ @[让伤心包裹我]?? @语 [泪奔],0
2025/3/29 7:09,人小，肺活量咋这么大？我太胖水里鳖个20秒都不行了[捂脸][捂脸][捂脸],0
2025/3/29 7:24,哇塞,0
2025/3/29 7:30,这是配乐啊[尬笑],0
2025/3/29 7:35,[666][666][666][玫瑰],0
2025/3/29 7:36,摄影师拿脚拍的吗[微笑],1
2025/3/29 7:57,好听好听,0
2025/3/29 8:15,有没有可能他是原唱而且hxy唱的也是他之前演唱会改编的版本,0
2025/3/29 8:19,没必要不信，看过她现场的都知道，但是有一点垫音也很正常啊，但她就是能上去，就是好听,0
2025/3/29 8:30,把运镜开了,0
2025/3/29 8:42,我整个不相信加震惊,0
2025/3/29 8:59,鸡皮疙瘩一地 牛逼,1
2025/3/29 9:03,把人吓跑了[呲牙],0
2025/3/29 9:10,@少给我装 我相信你也可以的,0
2025/3/29 9:26,好听到耳鸣！,0
2025/3/29 9:29,@笔意 @AAA三水姐道种批发 @替罪 @阿菸 @然竣 欧巴 @Yu @千千小奇^ @叶柔 @????.说晚安??? @继续逆天 @^鹿my曦^?? @只想睡睡睡 @forever （永远） @槐序 @阿悦 @嘉 超级震撼 好听[大笑],0
2025/3/29 9:32,@23905,0
2025/3/29 9:45,[666],0
2025/3/29 9:53,居然是本人,0
2025/3/29 9:57,"她的那首《没了我你依然拥有太阳》至今还没有人可以超越
感动到了极致很难不落泪[流泪][流泪]",0
2025/3/29 10:01,黄霄云的歌声像云霄飞车，在翻滚起伏之后稳稳停住，实力派[比心],0
2025/3/29 10:06,啊啊啊啊好厉害,0
2025/3/29 10:25,超绝海豚音,0
2025/3/29 10:40,好强，一气呵成！,0
2025/3/29 10:43,别晃！我要看她[尬笑],1
2025/3/29 10:45,@园宝的肉松饼 脸明显不一样了，鼻子做了,1
2025/3/29 10:49,虽然你很强，但这里是抖音[看][看][看],0
2025/3/29 10:52,@? @An,0
2025/3/29 10:55,"@飞鱼当然能飞_ @C11111- @纯菜不会玩心理 @小鹿不憨. @Siesta @......。。。,",0
2025/3/29 11:01,本人啊[发呆]，还以为是粉丝呢,0
2025/3/29 11:06,比原唱还原唱[不失礼貌的微笑],0
2025/3/29 11:08,摄影师你在干嘛,1
2025/3/29 11:10,哈哈哈哈哈@Lo @過客.,0
2025/3/29 11:11,我去？,1
2025/3/29 11:14,颜值突飞猛进[送心],0
2025/3/29 11:14,这真的是唱出来的声音吗，好厉害,0
2025/3/29 11:16,这么好的嗓子一定一点结节都没有吧[流泪],0
2025/3/29 11:26,左大爷[你不大行]我不配拥有姓名吗？,1
2025/3/29 11:26,左大爷[你不大行],1
2025/3/29 11:30,所以，这是黄霄雲小号吗[发呆],0
2025/3/29 11:31,@dahurica,0
2025/3/29 11:32,原唱不是华晨宇吗[宕机],0
2025/3/29 11:38,是的,0
2025/3/29 11:43,主要左大爷上去一般弹吉他[委屈],0
2025/3/29 11:44,@风飞枫 正儿八经天花板,0
2025/3/29 11:48,yes 她在车库唱的 虽然我不是很喜欢她唱的小烟,0
2025/3/29 11:51,车库门口的我:这地下室还能进吗[泣不成声],0
2025/3/29 11:56,相当于你在说话的音调突然拔到头声那个范围。,0
2025/3/29 11:56,@今天开心嘛 @白昀亭????? @亓什么奇_ 好牛逼,1
2025/3/29 11:59,摄影师当场开除，把我女神拍称头点啊,1
2025/3/29 12:05,啊～,0
2025/3/29 12:16,难道不是,0
2025/3/29 12:17,绝对不是他,0
2025/3/29 12:19,什么东西窜过去啦。。,0
2025/3/29 12:23,哇哇哇，厉害了[比心],0
2025/3/29 12:44,？,0
2025/3/29 12:56,"今日发现宝藏主播一位，我都快三十出头了，还能刷到你这样的女人，非常感谢！感谢缘分，感谢机遇，感谢平台，感谢CCTV，感谢所有关心我爱护我的人,好人一生平安!请问像你这样的女人可以谈谈合作吗？",0
2025/3/29 12:56,能不能出一首完整版的，好好听[送心],0
2025/3/29 12:58,我也可以羡慕吧。,0
2025/3/29 13:01,有的  已经全平台上线欢迎大家收听[舔屏],0
2025/3/29 13:05,哈哈哈哈,0
2025/3/29 13:08,捉捉捉[送心],0
2025/3/29 13:14,原来音乐也有国家队，还是这么漂亮的一个小姐姐,0
2025/3/29 13:15,真的太棒啦,0
2025/3/29 13:16,姐头声真是这样的[憨笑],0
2025/3/29 13:20,[赞][赞][赞],0
2025/3/29 13:20,@Butterfly?? 哈哈哈,0
2025/3/29 13:24,老乡[赞][赞][赞],0
2025/3/29 13:28,@意Mi @5uui^ 怎么能唱的这么轻松,0
2025/3/29 13:32,[捂脸],0
2025/3/29 13:36,@??木汐 [憨笑],0
2025/3/29 13:50,@天真妹妹?? 想听你唱,0
2025/3/29 13:50,"她的那首《我的父亲是瓦匠》至今还没有人可以超越
感动到了极致很难不落泪[流泪]",0
2025/3/29 13:52,太牛了,0
2025/3/29 13:54,因为是配音[憨笑],0
2025/3/29 13:56,太牛了[赞],0
2025/3/29 13:58,@SOSOSOOOOOOO,0
2025/3/29 13:59,[玫瑰][玫瑰][玫瑰][玫瑰],0
2025/3/29 14:11,加油，你快赢过小号了[捂脸],0
2025/3/29 14:12,祖传呆萌表情[尬笑],0
2025/3/29 14:18,唱了吗[捂脸],0
2025/3/29 14:20,晃得烦死个人,1
2025/3/29 14:25,[666],0
2025/3/29 14:27,你还推荐上了[黑脸]快去了解一下偷歌事件[抠鼻],1
2025/3/29 14:28,我跟黄霄云就是发小，小时候经常在我们放牛的地方唱歌给我们听，我还记得我说过一句话，我说小云你长大后一定会成为一个出色的歌星，那次参加好声音没有晋级挺遗憾的，但是我们一直在背后鼓励她，经过这些年的努力，她终于成功了，小云看到你今天的成就我们替你高兴，加油，前方的路还有很长，我们永远都是你的坚强后盾,0
2025/3/29 14:34,@Selimah. ？,0
2025/3/29 14:35,还得是华晨宇,0
2025/3/29 14:36,@仙人掌???? 你不是学美声的嘛[不失礼貌的微笑],0
2025/3/29 14:47,@懒莹莹要做自己??,0
2025/3/29 14:47,红旗H5,0
2025/3/29 14:58,我也听过[黑脸],0
2025/3/29 15:01,@zzzz_ @xxxxY @星 牛逼,0
2025/3/29 15:10,太轻松了吧,0
2025/3/29 15:10,不一定哦，找个楼道就可以,1
2025/3/29 15:14,黄霄云拍摄团队，换一批！[呆无辜],1
2025/3/29 15:14,[捂脸]换个会拍的来吧。。。,1
2025/3/29 15:17,@Yoelv17??,0
2025/3/29 15:18,简单明了[呆无辜],0
2025/3/29 15:23,不知道啊，没搜到，虽然这个小号发的4个视频有三个都是这首歌意义不明疑似蹭流量，但是不是说她是花的歌迷吗？早期还去过演唱会[憨笑][强壮],0
2025/3/29 15:24,刚刚看了原唱，是另一个女孩子唱的[抠鼻],0
2025/3/29 15:24,@o ?? 音乐才子给我唱,0
2025/3/29 15:25,@散散霖音 @降冬 @许言./ @怜你残留的泪??,0
2025/3/29 15:31,为什么她唱高音嘴巴只张开那么一点点就可以了呀？这种唱法声音到底是从哪里出来的[猪头],1
2025/3/29 15:32,有的人靠嗓子有的人靠鼻腔,0
2025/3/29 15:38,@阿米要爆炸??（中考上岸版） @晓の露?? [色][色]活的,1
2025/3/29 15:48,@文静内向且腼腆小女生 @小渝 [发呆][发呆][发呆][发呆][发呆],0
2025/3/29 15:51,黄霄云未来可期,0
2025/3/29 16:00,拍的什么鬼东西，晃得我头晕,1
2025/3/29 16:04,有这摄影技术，摄影这辈子有了[憨笑][强壮],0
2025/3/29 16:06,@阿宝宸宸??,0
2025/3/29 16:14,@deep love @SMY @H. @Ying1_ @煎饼煎 @丹王后???????? @痛 @???,0
2025/3/29 16:15,@乐's薯片. 好好好厉害,0
2025/3/29 16:18,车玻璃震碎了，还得赔啊,0
2025/3/29 16:19,录音棚录完补个对口型的视频[看][看][看]这种都是类似这样的，不然表情不会这么轻松的,0
2025/3/29 16:21,不是这朵莉亚的大招时间这么长啊,0
2025/3/29 16:26,@star? 我的天,0
2025/3/29 16:29,太难唱了兄弟,0
2025/3/29 16:40,高音形式有很多种 头腔共鸣也是一种 不是说高音就一定要是吼出来的 有时候一定的闭合能达到更好的效果,0
2025/3/29 16:44,开口音的埃转到强闭合的头声，连接的好丝滑啊，一场听觉的盛宴，牛逼,0
2025/3/29 16:44,@小淇 好牛,0
2025/3/29 16:51,哇塞,0
2025/3/29 16:56,我喜欢郁欢那个版本，就是被封了的那个[捂脸],0
2025/3/29 16:56,[疑问]我只知道歌唱的很好,0
2025/3/29 16:59,关公面前耍大刀@犬肆. @元白 [尬笑],1
2025/3/29 17:01,你的网速好慢,1
2025/3/29 17:06,1,1
2025/3/29 17:14,那又如何,0
2025/3/29 17:21,扎辫子！扎上！！,0
2025/3/29 17:27,他一唱我头懵了[赞],0
2025/3/29 17:37,@翻斗花园第一甜妹壮壮妈 哈哈哈哈哈哈哈哈哈哈哈哈哈哈哈,0
2025/3/29 17:37,你说啥呢[发呆][发呆]这是黄的账号是黄唱的啊，，他俩完全不一样，黄的高音气息连续，祝闪闪换了好几次气,1
2025/3/29 17:38,你说啥呢[发呆][发呆]这是黄的账号是黄唱的啊，，他俩完全不一样，黄的高音气息连续，祝闪闪换了好几次气,1
2025/3/29 17:39,整亮堂的拍一个爆火,0
2025/3/29 17:43,@i just want you 还有这个,0
2025/3/29 17:53,我给你唱,0
2025/3/29 17:55,我们贵州的骄傲[比心][比心][比心],0
2025/3/29 17:57,好多人都是说，我也是跟风的,0
2025/3/29 17:58,着声音好干净,0
2025/3/29 17:59,@宇宇宇宇宇宇宇 这个,0
2025/3/29 18:13,这娘们冲了多抖加天天能刷到她,1
2025/3/29 18:15,@奇了怪 [躺平],0
2025/3/29 18:21,不是她唱的,0
2025/3/29 18:25,这是人能发出来的声音吗？[捂脸][裂开]好好听[流泪],0
2025/3/29 18:28,这是黄霄云哎,0
2025/3/29 18:28,好的我试试,0
2025/3/29 18:28,这个跟我难分伯仲吧[看],0
2025/3/29 18:37,摄影师扣工资,1
2025/3/29 18:40,海豚音很有穿透力[赞][赞][赞],0
2025/3/29 18:43,什么黄霄云版本的烟火里的尘埃，后面吟唱是华晨宇改编的《孩子》的[尬笑][尬笑][尬笑],0
2025/3/29 18:46,厉害了超好听，越来越好，越来越红火。开车必听歌曲。,0
2025/3/29 18:47,听过最好听的版本,0
2025/3/29 18:55,@将风化作沙 @独笙 @秋岷 @珂左偶尔的神 @。.。 @build @bb倚 @宁芙奖请投红夫人（投红夫人 [黑脸],0
2025/3/29 19:00,一般人只有在车库才能唱出点感觉，因为车库有回音[捂脸],0
2025/3/29 19:18,在梦里多待会，让她追上你,0
2025/3/29 19:23,您一点都不顾及我的天灵盖[躺平],1
2025/3/29 19:29,太神奇了[噢买尬],0
2025/3/29 19:31,什么三毛运镜,0
2025/3/29 19:36,确认无缘摄影,0
2025/3/29 19:43,她有场直播说了 练习头声唱高音嘴巴不能长大 要不然气都跑掉了,0
2025/3/29 19:44,人家专业的 你质疑人家唱歌[尬笑],1
2025/3/29 19:44,她有场直播间说了 嘴巴张大气就跑了,1
2025/3/29 19:48,我的世界住着一个,0
2025/3/29 19:50,大哥，那段是孩子的和声，华晨宇改编的和声，她拿过来用了，然后直接标明原创[捂脸],0
2025/3/29 19:52,@11~ @77... 能唱啵,0
2025/3/29 19:52,你要不别拍了，只听也行，晃晕了,0
2025/3/29 19:52,打赌，我这条一定能追上1楼[比心][比心],0
2025/3/29 19:53,快把这个摄像换了，影响你前进的步伐,1
2025/3/29 19:55,感觉好恐怖，后面波澜不惊的飙出来那么久的高音,0
2025/3/29 19:57,要不是这摄影师，点赞量还能上升两个高度,1
2025/3/29 19:58,要不是这摄影师，点赞量还能上升两个高度,1
2025/3/29 19:58,鸡皮疙瘩,1
2025/3/29 20:08,变化好大，女大十八变,0
2025/3/29 20:12,很震撼,0
2025/3/29 20:26,@耶耶嘎嘎炫饭,0
2025/3/29 20:29,我的评价是 还不如手机支架,1
2025/3/29 20:31,不是手机，是索尼微单,0
2025/3/29 20:34,好喜欢她的声音，从一开始,0
2025/3/29 20:34,好听[求求了],0
2025/3/29 20:35,@我不会拍照欸,0
2025/3/29 20:35,摄像师可以下岗了[微笑]晃晃悠悠的,1
2025/3/29 20:38,才发现这个是真的啊[捂脸],0
2025/3/29 20:48,@Lolli-pop?? 看着她越来越好[流泪],0
2025/3/29 20:49,@吐司?????? [好开心][好开心]想干嘛想干嘛这么牛逼,0
2025/3/29 20:56,那是你[泪奔],0
2025/3/29 20:57,有壁纸吗[紫薇别走],0
2025/3/29 21:16,@爱吃肉桂卷 我要去唱这个,0
2025/3/29 21:20,@Lunahe. 好听,0
2025/3/29 21:23,这运镜[捂脸][捂脸],0
2025/3/29 21:28,牛逼,0
2025/3/29 21:28,@慧熙,0
2025/3/29 21:30,气这么长[流泪][流泪][流泪]我一半都得嘎,0
2025/3/29 21:30,太牛了[泣不成声],0
2025/3/29 21:32,谢谢你的喜欢,0
2025/3/29 21:35,这个运镜败笔,1
2025/3/29 21:51,[比心]谢谢你、看到是我的福气,0
2025/3/29 21:53,确实啊，以前超爱听的,0
2025/3/29 21:56,所以请更改和声编写部分著作权以及作出澄清,0
2025/3/29 21:58,为什么我还没遇到,0
2025/3/29 22:04,我也行,0
2025/3/29 22:06,还得是黄霄云啊，左手指月那时候就一鸣惊人了,0
2025/3/29 22:07,@Rafayel,0
2025/3/29 22:10,哭了,0
2025/3/29 22:30,我也觉得，并且还觉得华只有烟火好听[捂脸],0
2025/3/29 22:32,@我是钟馗 [哈欠],0
2025/3/29 22:36,[捂脸],0
2025/3/29 22:38,最后那段吟唱旋律是不是很好听！建议博主可以听听华晨宇的《孩子》！非常好听！也是烟火的续集哦[大笑],0
2025/3/29 22:40,@你知道什么是长款毛衣ω,0
2025/3/29 22:45,友情提示，可以呼吸,0
2025/3/29 22:46,要来九江啦，我得去看你[捂脸][捂脸],0
2025/3/29 22:57,好听好听,0
2025/3/29 22:58,太好听了[看],0
2025/3/29 22:59,边上还有逃难的女生[大笑],1
2025/3/29 23:00,面包好像适合这种,0
2025/3/29 23:09,这没办法生带构造就是吃这碗饭的[赞]强,0
2025/3/29 23:11,对啊那个人鱼之歌我看一次震惊一次啊[黑脸]她这么牛怎么不火啊[黑脸],0
2025/3/29 23:12,@睡醒还是好困. @iiu4 @元气少女锅德杠? 真的好好听！,0
2025/3/29 23:13,好像是祝闪闪唱的..,0
2025/3/29 23:14,好长的气我跟着唱不发声只发气都发不了这么长,0
2025/3/29 23:19,@知名群众,0
2025/3/29 23:20,你这拍的还不如我来拍[捂脸],1
2025/3/29 23:20,高音是要把声道挤压成一点点空隙来发音，张凯了反而发不出,0
2025/3/29 23:23,@hauoiiv. 真的很好听,0
2025/3/29 23:24,我爱黄霄云,0
2025/3/29 23:41,00:20，00:25，00:31你听听换没换气,0
2025/3/29 23:45,但这个视频肯定不是车库现场的，但我相信她现场能唱出来。,0
2025/3/29 23:48,那可能是剪辑的原因吧，反正感觉后面不是现场唱的[酷拽]看着嘴都没张开[疑问],0
2025/3/29 23:49,@小羊头,0
2025/3/29 23:50,狭细效应 声带闭合的就剩一个缝隙  出来的声音就会很细很高,0
2025/3/29 23:57,我以为我手机屏幕坏了呢，两边出现了竖条雪花,0
2025/3/30 0:00,我也喜欢她,0
2025/3/30 0:09,感觉都不像她唱的,0
2025/3/30 0:10,法师早知道你现在这么火，估计。。。,0
2025/3/30 0:11,师姐[舔屏][舔屏][舔屏],1
2025/3/30 0:25,后期,0
2025/3/30 0:27,@隔夜鸡爪公主 @b_,0
2025/3/30 0:38,摄影师水平真好，下次别拍了[宕机],1
2025/3/30 0:43,慢慢来[笑哭],0
2025/3/30 0:47,@????,0
2025/3/30 0:58,这个版本的海豚音真挺有难度的，其他的都还可以唱的上，这个就有点难了[泪奔][泪奔][泪奔][泪奔],0
2025/3/30 1:02,老天奶  这个摄影是认真的吗[微笑],0
2025/3/30 1:04,好好听哦,0
2025/3/30 1:10,[比心][比心],0
2025/3/30 1:10,老乡该回家挂清了[捂脸],0
2025/3/30 1:10,闪闪也厉害,0
2025/3/30 1:12,压声呢,1
2025/3/30 1:14,@一哒企 太牛了,0
2025/3/30 1:16,这一版是孩子的吟唱,0
2025/3/30 1:37,从小妹子变成大妹子了，，,0
2025/3/30 1:37,恭喜,0
2025/3/30 1:39,说这是不是你小号[泣不成声],1
2025/3/30 1:43,@舒-- @狐狸马图 @windy,0
2025/3/30 1:58,@七土.,0
2025/3/30 1:58,@CvemiG9 @love.left.?? @录取. @Aizsy.yy,0
2025/3/30 2:04,拍成这样 我都没看清 是不是在唱 没看到嘴巴张开[捂脸][捂脸][捂脸][捂脸],0
2025/3/30 2:06,@措.,0
2025/3/30 2:17,牛逼[赞],0
2025/3/30 2:23,这拍照技术跟我不相上下,0
2025/3/30 2:31,因为是孩子那首歌里面的[不失礼貌的微笑][不失礼貌的微笑],0
2025/3/30 2:32,不请嘉宾的[不失礼貌的微笑],0
2025/3/30 2:32,@嗯 好听，耳朵不行了[泪奔],0
2025/3/30 2:33,[发呆],0
2025/3/30 2:44,[绿帽子],1
2025/3/30 2:50,没谁了[赞],0
2025/3/30 2:54,目前听到最干净纯粹自然的海豚音[赞],0
2025/3/30 3:08,我以为我手机坏了,0
2025/3/30 3:25,有人发现第19秒转圈拍的时候后面穿帮了嘛[看],0
2025/3/30 3:29,花腔女高音能把前面低音部分也唱出感觉来才是神。,0
2025/3/30 3:36,朵莉亚确实唱出圈了，是唱对了的。没发挥好是因为状态不好，那阵忙出新专辑熬夜瘦了一圈，加上歌曲编曲没编好，星辰大海就应该像演唱会唱的那样大气磅礴才对。,0
2025/3/30 3:43,"紧张呗，20年歌手上唱的惊为天人，结果被骂没感情。这回编曲就编的委婉了一些，想要偏向感情多一些，但星辰大海是大气磅礴的歌，委婉了反而不好听。
后面演唱会又改回了气势恢宏的编曲，就非常好听了。",0
2025/3/30 4:04,舒服,0
2025/3/30 4:13,感觉嗓子疲劳了已经[吐舌]黄霄云其实还是能拿捏这首歌的，全开麦的现场这小失误可以忽略不计的其实[抠鼻],0
2025/3/30 5:06,我听的脑壳都发昏,0
2025/3/30 6:18,加班后很晚下班，开到车库隔着车窗就能听到一个女人的声音，把车停好打开车门就听到很高的声音，吓坏我了直接关门锁好，无奈只能睡在车里[发怒],1
2025/3/30 6:58,专业歌手应有的水准[666][666][666][鼓掌][鼓掌][鼓掌],0
2025/3/30 7:14,谁家地下车库着火报警了[看],0
2025/3/30 7:19,你在干嘛,1
2025/3/30 7:22,她是专业的。[看],0
2025/3/30 7:25,因为不是她唱的[发怒],1
2025/3/30 7:28,地库就是自带混响,0
2025/3/30 7:44,你这么一唱  感觉黄霄云是真的牛,0
2025/3/30 8:02,技巧太多了，虽然语气很撕心裂肺，但也让人感受不到孤独,0
2025/3/30 8:07,好听[赞],0
2025/3/30 8:11,@歪歪胡,0
2025/3/30 8:19,好好听啊,0
2025/3/30 8:23,看不出来故意拍这样的？,0
2025/3/30 8:29,哦………哦得我魂直冲脑门顶………[捂脸][捂脸][捂脸]…[赞][赞][赞][赞],0
2025/3/30 8:29,[黑脸][黑脸][黑脸],1
2025/3/30 8:30,爱了爱了,0
2025/3/30 8:41,头腔强混,1
2025/3/30 8:41,和你一个小区真好[九转大肠]地下车库免费演唱会,0
2025/3/30 9:20,他怎么唱高音不张嘴呀？,0
2025/3/30 9:21,华晨羽:你们这么改让我怎么接？？？算了，歌不要了[绝望的凝视],1
2025/3/30 9:29,真的觉得我老婆挺像黄霄云的[捂脸],0
2025/3/30 9:47,听完第一遍就在想这谁啊好牛逼，还原度太高了，一看作者，哈哈哈哈哈[捂脸],0
2025/3/30 9:49,周深嘞[流泪],0
2025/3/30 9:59,我以为我手机被震花了[捂脸][捂脸][捂脸],0
2025/3/30 9:59,这个高音好爽,0
2025/3/30 9:59,听的我起鸡皮疙瘩了,1
2025/3/30 10:02,比原唱好听多了,0
2025/3/30 10:11,这海豚音太6了,0
2025/3/30 10:26,中央音乐学院第一女高音 你们听过她的《魔笛》吗？,0
2025/3/30 10:28,"用最轻松的表情唱出最高音
路人：从旁边走都不知道声音从哪发出来的[捂脸]",0
2025/3/30 10:29,@阿??,0
2025/3/30 10:38,真的 我是从她歌手踢馆认识她的[泣不成声],0
2025/3/30 10:43,她就是黄霄雲[捂脸],0
2025/3/30 11:02,周深感觉没有黄霄云厉害，他到不了这么高，最高就D6,0
2025/3/30 11:10,今天你喔了吗，反正我是喔了哦[捂脸][捂脸][捂脸],0
2025/3/30 11:11,她的优秀只能在两个人站在一起的时候才能凸显出来。一个人的话，只觉得有点吵。竞技是她的主场，但表演，差点意思,0
2025/3/30 11:12,@元画 @?Echo? @无方 @28″ @星星不会离开月亮 @晚星? @玄策宝宝好凶?? 哈哈哈哈哈哈哈哈,0
2025/3/30 11:20,我去,1
2025/3/30 11:23,这是黄霄云本云么,0
2025/3/30 11:27,你也来停车场？,0
2025/3/30 11:32,既然是翻唱 好歹把歌词唱对,1
2025/3/30 11:33,简单而不简单,0
2025/3/30 12:02,车库里没有尘土吗？对嗓子不好吧[捂脸],0
2025/3/30 12:06,鸡皮疙瘩都出来了,1
2025/3/30 12:13,同感,0
2025/3/30 12:17,有没有可能很多人因为黄唱这歌才认识它是华的歌？我就是[大笑][大笑][大笑],0
2025/3/30 12:18,@遥山,0
2025/3/30 12:21,@禾子心女开 @nosorry @三兔三 @阿巴阿巴阿白 @思念和雨一起下 @带刺的飒 @日辰,0
2025/3/30 12:24,这谁啊？,1
2025/3/30 12:39,[色][色],1
2025/3/30 12:56,我不是，18年之前就很喜欢这歌了。,0
2025/3/30 13:02,唱得10000000，拍得0.00000000000001,1
2025/3/30 13:05,@宇宙的星星,0
2025/3/30 13:23,@A大运重卡李师傅（专走国道,0
2025/3/30 13:27,命好，长了个好嗓子[流泪],0
2025/3/30 13:31,快超过你了哦[看],0
2025/3/30 13:40,监控会动啊[泪奔],0
2025/3/30 13:45,吓人再地下停车场[尬笑],1
2025/3/30 13:54,@pop,0
2025/3/30 13:56,狂奔的小孩哥,0
2025/3/30 13:57,艺术成分很高啊[舔屏],0
2025/3/30 13:59,好牛[赞][赞][赞][赞][赞],0
2025/3/30 13:59,怎么唱的如此轻松[赞],0
2025/3/30 14:01,头有点晕晕的[泪奔],0
2025/3/30 14:03,强的没边[舔屏][舔屏]啊啊唱的我起鸡皮疙瘩了,0
2025/3/30 14:06,@一个温柔的,0
2025/3/30 14:15,@镁铝 走 小区地下车库见,1
2025/3/30 14:18,她是黄霄云 在不在地库都一样的[微笑][微笑][微笑][微笑][微笑],1
2025/3/30 14:20,听的我脑子都爽了,0
2025/3/30 14:25,哈哈哈哈哈,0
2025/3/30 14:32,妈呀！这是真行啊[惊喜],0
2025/3/30 14:34,评论被删了,0
2025/3/30 14:49,不是[绝望的凝视]怎么比我担工作室拍的还随意,1
2025/3/30 15:01,唱完了吗，唱完了我就要掀起波澜了[看],1
2025/3/30 15:03,这不就配音吗？,0
2025/3/30 15:06,这个运镜看得我一股无名火,1
2025/3/30 15:16,什么评论,0
2025/3/30 15:26,萨莉亚刷大了[看],0
2025/3/30 15:27,666[赞],0
2025/3/30 15:29,@@皮蛋 直击天灵盖[听歌],0
2025/3/30 15:34,这是她不[看],1
2025/3/30 15:38,@Luvい,0
2025/3/30 15:50,我刚才抖音也喔了一嗓子，喔的不好，欢迎收听[比心][比心][比心],0
2025/3/30 15:59,基本告别摄影行业,0
2025/3/30 16:07,其实这好像不是监控吧。,0
2025/3/30 16:15,这是什么阴间视角呀[尬笑],1
2025/3/30 16:17,姐，换一个摄影,0
2025/3/30 16:34,[憨笑][赞],0
2025/3/30 16:41,[赞][赞][赞][赞],0
2025/3/30 16:56,还是喜欢华晨宇的高音听着有一种感觉说不出来[泣不成声],0
2025/3/30 17:02,？你后面的高音有在唱吗[流泪][流泪][流泪],0
2025/3/30 17:06,@纯爱番,0
2025/3/30 17:20,为什么他一点都不废力气？,1
2025/3/30 17:27,在车库，万一把车玻璃唱碎了咋办？,0
2025/3/30 17:37,你玩真的呀[发呆],0
2025/3/30 17:42,@华晨宇yu,0
2025/3/30 17:46,我的天哪，那个高音一出来就在我脑子炸开了[泣不成声][泣不成声]耳朵边上一直有回音,0
2025/3/30 17:55,@畅月 [捂脸],0
2025/3/30 17:56,@lamYuraMak [泪奔]好牛逼,0
2025/3/30 17:57,同意,0
2025/3/30 18:12,有没有可能要的就是这种氛围，一种给人窒息破碎的感觉,0
2025/3/30 18:48,倒退五年就成顶流了，可惜了,1
2025/3/30 18:51,老天爷赏饭吃,0
2025/3/30 19:02,我就说怎么这么好听原来是黄霄云啊[泣不成声],0
2025/3/30 19:05,知道她还是她唱（魔笛）,0
2025/3/30 19:06,车库旁边的人真是……还让她给免费听这么高质量的歌[撇嘴],1
2025/3/30 19:08,"人这辈子最放不下的东西， 其实就是两个字:“情”和“钱” 人为了钱，起早贪黑， 人为了情，掏心掏肺， 到头来，钱带不走，情也留不下！ 
不要为了不值得的人和事，为难自己，往后余生，请善待自己， 一起一落是人生，一喜一忧是心一苦一乐是生活，一朝一夕是日子， 一百年后，这世上没你也没我，活在当下，过好每一天，就是最大的幸福！",0
2025/3/30 19:22,高音部分请交给我,0
2025/3/30 19:25,法师不是也唱过这首歌么？[呲牙],0
2025/3/30 19:29,@你见我的小熊了吗（私信已封） ktv走起呀，我要唱！,0
2025/3/30 19:45,那个姐妹跑得还挺快[捂脸]生怕被高音震碎了[捂脸],0
2025/3/30 19:56,@cccccc. @hhhhhhh [捂脸],0
2025/3/30 20:07,她唱的“我的父亲是瓦匠”才是巅峰,0
2025/3/30 20:18,人鱼之歌是她唱的！！！[宕机]@一个冰冰 @山月不看月,0
2025/3/30 20:25,[泪奔]我好像没听过诶,0
2025/3/30 20:29,刚想 然后,0
2025/3/30 20:31,是是是看到啦,0
2025/3/30 20:36,@延迟 你给我唱这个[坏笑],1
2025/3/30 20:42,朵莉亚的人鱼之歌啊[宕机],0
2025/3/30 20:43,[泪奔]那确实很厉害,0
2025/3/30 20:45,把摄影师开除了吧,1
2025/3/30 21:01,@祝闪闪 原声是你吧[发呆],1
2025/3/30 21:07,头皮发麻,0
2025/3/30 21:08,我这个鸡皮疙瘩一地,1
2025/3/30 21:13,@黑色耳钉 @特熬桃 [憨笑]666,0
2025/3/30 21:14,盆腔共鸣[赞][赞][赞],0
2025/3/30 21:14,主要他是男生，高音比女生难多了[流泪],0
2025/3/30 21:18,原声是面包，不是我,0
2025/3/30 21:22,[看],0
2025/3/30 21:23,西楼不是这首歌作曲的吗[紫薇别走],0
2025/3/30 21:26,转晕了[愉快],0
2025/3/30 21:28,什么歌不好唱要唱法师的职,1
2025/3/30 21:33,@小予 @不要乱花钱了 @查查 @要好运的雷子 @小杜小杜！ @KXNicenl @关于我的一些,0
2025/3/30 21:36,@X. 脑瓜子都嗡嗡的了,0
2025/3/30 21:51,那个原版不是合成的吗[思考],0
2025/3/30 21:52,可恶，好好听[求求了][求求了][求求了],1
2025/3/30 21:52,这唱功，这高音∮[快哭了][快哭了],0
2025/3/30 22:00,我估计会破音[发呆],0
2025/3/30 22:03,[玫瑰]好听,0
2025/3/30 22:05,"这首《烟火里的尘埃》写的是当时一对情侣的遗憾，两个相爱的人因为女方父母的强烈反对而拆散，男生只能偷偷的爱着她，后来女孩出国了，而男孩成了出租车司机，十年之后偶然的一天，女孩坐上了男孩的车，阔别十年，女孩亦如当初模样，而男孩确满脸沧桑，男孩认出了女孩却不敢打招呼，，但他不清楚坐后排的女孩是否认出了自己，透过后视镜男孩看到女孩拨通了一个电话，电话里似乎是女孩的好朋友，一路上女孩一直在电话里讲述着在国外的种种，而男孩只是默默的听着，终于到达目的地了，女孩也挂断了电话说:我已经把我这十年期间的经历都说给你听了，你连句你好都不说吗?原来女孩从一上车就认出了男孩，那通电话对面没有任何人，一切都是女孩说给男孩听的，男孩此时已经哽咽了，颤抖的说出了你好两个字，女孩深情的看着男孩接着又问道:我们还能回的去吗
男孩:“回去 得加钱",0
2025/3/30 22:07,[泪奔][泪奔][泪奔][泪奔][泪奔][泪奔][泪奔][泪奔]惊为天人,0
2025/3/30 22:08,来合肥开演唱会[流泪],0
2025/3/30 22:11,太强了,0
2025/3/30 22:20,哈哈哈哈哈哈哈去学语文,0
2025/3/30 22:32,嘴都快闭上了，怎么上的这么高的音的，太厉害,0
2025/3/30 22:44,因为这是头声不需要张太大口[比心],0
2025/3/30 22:44,之前看见了[舔屏][舔屏],0
2025/3/30 22:49,高音不用开口的，有个缝隙出气就行，主要还是通道要做好，越高越是不用开很大的口，因为音高到了一定高度是哼出来的，就是你哼也能那么高，就是不好听饱满，核心还是通道那增加共鸣泛音,0
2025/3/30 22:54,牛掰[灵机一动],0
2025/3/30 22:56,"亲爱的雲霄女士，见字如面!
时逢三月中国雨季，闲坐窗前，感叹时光荏苒，提笔落墨，思至黯然。
我自知才疏学浅，又无气宇轩昂之容颜，何德何能让女士为我停留，驻足不前，今生遇女士已是上上签，情深缘浅奈何矣，纸短情长言不尽，点滴过往诉不完，叹不尽人生悲欢!
女士，你可知我曾数次提笔，恐词不达意成笑谈，更恐女士厌烦，只能将心事藏于心间。唐突之处，望请女士海涵。
提笔是思，落笔是念。思也三千，念也三千。浅浅文字，字字真言，念你如初，思你如故。人间苦漫，唯愿平安!",0
2025/3/30 23:00,很好听 就是我请教一下 高音怎么唱上去 可以教我个办法吗？谢谢你漂亮的小姐姐  我爱音乐但是没有专业学过音乐,0
2025/3/30 23:04,都不认识黄霄云本人长的啥样了。都是二次元,1
2025/3/30 23:04,我想去看你演唱会,0
2025/3/30 23:05,你，现在，给我，out！[好开心],1
2025/3/30 23:06,哈哈 有没有很认真的看到底[呲牙],0
2025/3/30 23:09,其实发声方式对了高音跟吹口哨一样的,0
2025/3/30 23:09,看完了，看哭了，结果呢[好开心],0
2025/3/30 23:18,我们贵州姑娘就是牛逼,0
2025/3/30 23:21,你好牛[赞],0
2025/3/30 23:23,井底之蛙有理了,1
2025/3/30 23:24,这首歌火的时间段还没抖音呢,0
2025/3/30 23:24,国王与乞丐也不错,0
2025/3/30 23:31,上的好丝滑[泣不成声][泣不成声],0
2025/3/30 23:45,@你头发乱了_ 天啊,0
2025/3/30 23:47,妈呀,0
2025/3/30 23:49,@???????八戒你瘦了 她才真的牛逼,1
2025/3/30 23:52,那你确实很少数了，这歌都火了十来年了，只能说你上网太晚[愉快],0
2025/3/30 23:55,@Lotus 太厉害了，,0
2025/3/31 0:00,摄影师一门转什么啊 手也抖,1
2025/3/31 0:03,@跟随火星漂流（岁月静好见华晨宇15次版） 这是真厉害,0
2025/3/31 0:03,你说反了，这摄影师技术嘎嘎好，怕咱们看出来是假唱[九转大肠],0
2025/3/31 0:12,听过张靓颖的海豚音后，你是第一位震撼到我的人,0
2025/3/31 0:34,哇～脸上的寒毛都舞起来了,0
2025/3/31 0:38,@万事随0缘0,0
2025/3/31 0:41,@惊春. 好牛逼,0
2025/3/31 0:41,[捂脸]这比那发表的音源好听多了,0
2025/3/31 0:50,"@Hhhhh, 这些高音[暗中观察]",0
2025/3/31 0:56,原版是科技合成的，很高很高，模仿人鱼的吟唱，但是黄霄云翻唱了，她能唱上去[宕机],0
2025/3/31 1:02,是不是娄烨拍的,0
2025/3/31 1:14,摄影师是专业的 专业拍车[比心],0
2025/3/31 1:14,给我一个灭掉世界的高音,1
2025/3/31 1:22,啊，这个是本人[发呆],0
2025/3/31 1:25,是吗[发呆],0
2025/3/31 1:31,肺活量这么好嘛,0
2025/3/31 1:38,前男友视角 [不看],1
2025/3/31 1:47,99.99，但是百分比是1000000000%,1
2025/3/31 1:54,这个摄影手法，看的我脑袋晕晕?_?[微笑][酷拽],0
2025/3/31 2:06,后面这段吟唱也是华晨宇原创的噢，是华晨宇在2018年的歌手节目写的~,0
2025/3/31 2:15,[捂脸]明明有实力，为什么团队拍出来像假唱,1
2025/3/31 2:19,@一起看日出yu,0
2025/3/31 2:49,摄影师鸡腿没了哈,1
2025/3/31 3:33,现场根本没这么稳啊[捂脸],0
2025/3/31 5:24,地下车库闹鬼了[裂开],0
2025/3/31 6:14,谁懂小时候天天惹我的同学这么跟我说话，我真的很后悔当初打了他[我想静静][我想静静],1
2025/3/31 7:14,来首三天三夜[呲牙][呲牙][呲牙][呲牙],0
2025/3/31 7:15,咋脖子看不出来使劲,0
2025/3/31 8:02,这镜头要转吐了,1
2025/3/31 8:29,有点儿像小姨妈（唐悠悠）,0
2025/3/31 9:16,真牛逼,1
2025/3/31 9:49,禁止自娱自乐,1
2025/3/31 10:02,了不得这歌声我都入迷了[呲牙],0
2025/3/31 10:14,不是一个次元的技能等级,0
2025/3/31 10:31,差点以为是盗版,1
2025/3/31 10:33,最起码这个拍摄手法，压了50%的热度[捂脸],0
2025/3/31 10:45,刚躲被窝里哦～了一下差点断气了[捂脸][捂脸],0
2025/3/31 10:51,你自己试一下就知道了[灵机一动]我也试了[偷笑],0
2025/3/31 11:08,太厉害了,0
2025/3/31 11:09,监控还挺好 转来转去的,0
2025/3/31 11:10,她不是说监控拍的[捂脸],0
2025/3/31 11:19,这个高音唱的可以[鼓掌][鼓掌][鼓掌][鼓掌][鼓掌][鼓掌][鼓掌][鼓掌],0
2025/3/31 11:36,贵州人的骄傲,0
2025/3/31 11:46,男女声有别,0
2025/3/31 12:00,拍摄小哥鸡腿没了。这是生怕火了吧。,1
2025/3/31 12:01,霄云要是追我，我该怎么办[看],0
2025/3/31 12:03,她直播的时候普及过，嘴越小声音越立体[呲牙][赞],0
2025/3/31 12:32,会运镜吗，别晃拿稳点,0
2025/3/31 12:56,支持,0
2025/3/31 12:59,咦，我以为加了巡演版三个字是某个粉丝的追星号，没想到是本尊呀[思考],0
2025/3/31 13:15,原来如此[不失礼貌的微笑] 感谢科普,0
2025/3/31 13:28,比原版好听多了，这就是差距。,0
2025/3/31 13:34,我上一个视频就是她唱的人鱼[比心],0
2025/3/31 13:38,板命[思考],0
2025/3/31 13:43,@小白XYX 试一下？,0
2025/3/31 14:01,@??九久?? 给你做个手术，应该能到这么高吧[嘘],1
2025/3/31 14:03,[舔屏][舔屏][舔屏]本人来了,1
2025/3/31 14:04,@黄霄雲（巡演版） 姐姐你看看,0
2025/3/31 14:11,好漂亮，我一个女的都心动[比心],0
2025/3/31 14:26,@牙齿有香菜。 @无敌烤冷面 我靠好牛,0
2025/3/31 14:46,是的,0
2025/3/31 15:02,看你唱人鱼之歌就知道你不是一般人,0
2025/3/31 15:11,我也是，原号取关了取关了@黄霄雲（巡演版） [看][看],0
2025/3/31 15:13,这个牛逼,1
2025/3/31 15:16,太厉害了 把大哥的歌唱这么好听 厉害????,0
2025/3/31 15:18,华晨宇在18年参加我是歌手时唱了《孩子》，当时圈粉无数，成了很多人的白月光。我后来听到孩子这首歌时，也被华晨宇的演唱惊艳到了[鼓掌],0
2025/3/31 15:25,公司营销能不能营销黄霄云自己的原创歌[黑脸],1
2025/3/31 15:25,打个原创标签吧[黑脸],1
2025/3/31 15:31,"二创作者的授权范围：
即使您拥有原作品版权，二创作者对其改编部分仍享有改编权（《著作权法》第13条）。未经其同意，翻唱其改编版本可能侵权。
原作品版权与二创的关系
原作品版权方（如音乐公司）可能未控制二创的版权，除非二创作者已将权利转让给原版权方。
即使原版权方允许您使用原作品，也不代表自动获得二创的授权。
简洁版：黃霄雲侵犯了华晨宇原创旋律署名权，即使买了西楼的《烟火里的尘埃》和《孩子》，也去分别找词人授权，也无权加入华晨宇为改编孩子而独创的旋律",0
2025/3/31 15:33,华晨宇,0
2025/3/31 15:34,原唱：华晨宇[黑脸],1
2025/3/31 15:40,给你图,1
2025/3/31 15:43,[黑脸]评论区很多人没看到还在问，我在评论区说一下没问题吧[黑脸],0
2025/3/31 15:46,没问题，有图更明了吧[送心],0
2025/3/31 15:47,可以可以[黑脸]让那些问的知道,1
2025/3/31 16:11,别晃,0
2025/3/31 16:14,好的你的在哪里，我也去贡献一个赞[不看],0
2025/3/31 16:31,是我听错了吗 是不是破音了,0
2025/3/31 17:09,顶顶,0
2025/3/31 17:53,我也觉得!原版华唱的，很纯粹很干净的，唱出了那个真正的我,0
2025/3/31 18:00,@秋?? 锁,0
2025/3/31 18:06,听的我嗓子疼,0
2025/3/31 18:34,厉害厉害????????????,0
2025/3/31 19:19,我还没关注你但是我点赞了[尬笑][比心][比心],0
2025/3/31 19:27,@鸭喜香林檬茶,0
2025/3/31 19:30,下次拍摄运镜，直接运到现场[奸笑]太好听了,0
2025/3/31 19:38,音太高了[666]，我都怕地库的车窗成排炸裂[思考],0
2025/3/31 19:45,把这个摄影师换了吧,1
2025/3/31 19:47,偷间奏的事情不准备解释一下吗？,1
2025/3/31 19:52,@芋泥咋这好吃 @seven @Rainyyy @樾倾-,0
2025/3/31 19:53,要是你真的尊重原唱的话请重视版权问题还有间奏问题,0
2025/3/31 19:59,@Coisni,0
2025/3/31 20:00,爱了,0
2025/3/31 20:05,卧槽。是真的牛逼。顺滑好听，主要悦耳不炸音。,0
2025/3/31 20:05,鸡皮疙瘩掉一地,1
2025/3/31 20:07,点了,0
2025/3/31 20:17,@开朗的薛谦言 唱的这么轻松差点以为我也可以[黑脸][黑脸]一试快断气了，也上不去[看][看],0
2025/3/31 20:20,我嘞个[赞],0
2025/3/31 20:20,原来这首歌很好听啊，果然还是要分人的[抠鼻],0
2025/3/31 20:30,突破了原唱啥啊，和声都是照搬[捂脸][捂脸][捂脸],1
2025/3/31 20:33,是的，翻唱界这俩炸翻了，再加一个单依纯，可惜就是原创都不咋地,1
2025/3/31 20:36,我怎么头腔不了[微笑],0
2025/3/31 20:38,太强了,0
2025/3/31 20:40,有版权 但尾奏那段旋律是她照搬另一首歌的,1
2025/3/31 20:54,我去[发呆][发呆][发呆][发呆][发呆][发呆],0
2025/3/31 20:59,好强，好听[赞][赞][赞],0
2025/3/31 20:59,[看]那倒不用，她演唱会都在唱,0
2025/3/31 21:08,我怎么感觉比花……好听,0
2025/3/31 21:08,这人看着有点眼熟啊,0
2025/3/31 21:11,？？？这个是小烟的主旋律啊 黄霄云买了小烟的版权把小烟里的主旋律来和声不可以吗？？？？,0
2025/3/31 21:16,有没有可能就是本人,0
2025/3/31 21:18,旁边那个是不是小米su7啊[看],0
2025/3/31 21:19,和那永远的神比，高下立判。,1
2025/3/31 21:20,@Mangoxuan 太牛了卧槽,0
2025/3/31 21:22,？这歌在黄唱之前就收藏999w+谢谢[尬笑],0
2025/3/31 21:25,把摄像开了 给我整晕车了都快,0
2025/3/31 21:28,把摄影师、录音师都赶走，我只想听歌。,0
2025/3/31 21:29,这么厉害为什么要偷旋律啊[泣不成声],1
2025/3/31 21:30,太牛逼了央音第一,0
2025/3/31 21:34,她不用换气的吗[泪奔],0
2025/3/31 21:40,人鱼,0
2025/3/31 21:47,来了,0
2025/3/31 21:47,up,0
2025/3/31 21:47,你活了？！,1
2025/3/31 21:47,??????????????????????,0
2025/3/31 21:47,雄起,0
2025/3/31 21:47,你终于,0
2025/3/31 21:47,最支持的一集,0
2025/3/31 21:47,一晚上啊,0
2025/3/31 21:47,顶顶顶,0
2025/3/31 21:47,你终于来了,0
2025/3/31 21:47,你可终于来了,0
2025/3/31 21:47,请华晨宇粉丝停止造谣行为,1
2025/3/31 21:47,好，最支持的一集,0
2025/3/31 21:47,好！华/晨/宇粉丝不要再造谣了,1
2025/3/31 21:47,好,0
2025/3/31 21:47,请华晨宇粉丝停止造谣！,1
2025/3/31 21:47,拒绝造谣抹黑！！坚决维护歌手黄霄雲声誉！！,0
2025/3/31 21:48,你终于硬气了，谢天谢地,0
2025/3/31 21:48,支持，有的人不要造谣了?,0
2025/3/31 21:48,我支持你，你太棒啦,0
2025/3/31 21:48,拒绝造谣抹黑！！坚决维护歌手黄霄雲声誉！！,0
2025/3/31 21:48,牛逼牛逼我的朋友下次请你快点,0
2025/3/31 21:48,转发微博,0
2025/3/31 21:48,可算做了回事，记你一小功,0
2025/3/31 21:48,这次给你加鸡腿,0
2025/3/31 21:48,请华晨宇粉丝停止对女歌手黄霄雲的污蔑。己所不欲，勿施于人，擦亮双眼，明辨是非，谢谢,1
2025/3/31 21:48,请hcy粉丝停止造谣和诽谤！,1
2025/3/31 21:48,立刻停止造谣,1
2025/3/31 21:49,好了，结束吧，合法也合规,0
2025/3/31 21:49,图片评论,0
2025/3/31 21:49,坚决抵制造谣！,0
2025/3/31 21:49,整个过程已获得合法授权！！！,0
2025/3/31 21:49,老工你终于来啦隔壁小学生都要睡了,0
2025/3/31 21:49,gzs宝宝，你为4月开了个好头,0
2025/3/31 21:49,提心吊胆的心，终于下了,0
2025/3/31 21:49,我们一直非常尊重原唱 但请勿造/谣 抹/黑 网/暴 网络不是非法之地 坚决维护歌手声誉,0
2025/3/31 21:50,支持,0
2025/3/31 21:50,拒绝?造谣/抹黑！！！！,1
2025/3/31 21:51,网络不是法外之地，请华晨宇粉丝停止对黄霄雲和魔星们的人身攻击,1
2025/3/31 21:51,演唱会切片可不是这样的,0
2025/3/31 21:52,演唱会切片可不像你说的这样,0
2025/3/31 21:53,请华晨宇粉丝不要再造谣了！,1
2025/3/31 21:53,是啊你们是有《烟火里的尘埃》词曲版权，但是华晨宇18歌手改编版《孩子》结尾部分的吟唱可没有版权吧？打falv擦边球打的可真够漂亮的,1
2025/3/31 21:54,华晨宇方的粉丝如果再有质疑可以去联系你们的工作室，问问华纳，问问西楼,1
2025/3/31 21:55,完全不提【吟唱段落】，别偷换概念了黄霄云，华语乐坛版权买一送一开创者，请业内避雷??,1
2025/3/31 21:55,把这件事情处理好，保护好面包，就先不催你行程图了,0
2025/3/31 21:55,黄女士买了原曲西楼版权，就可以照搬华晨宇的其他歌儿了是吗？,1
2025/3/31 21:55,只字不提最后的吟唱，钻空子、打擦边球的一把好手，乐坛玖月晞,1
2025/3/31 21:55,避重就轻这段来源于18年鸟巢华晨宇演唱会的即兴片段烂熟于心了吧黄女士,1
2025/3/31 21:55,所以呢，避重就轻在这打擦边球吗,1
2025/3/31 21:56,避重就轻什么呢在这？能不能正面回应一下黄女士翻唱《烟火里的尘埃》最后部分吟唱旋律是否挪用了华晨宇的创作并未标注，为何吟唱部分与2018年华晨宇与歌迷共同即兴改编的旋律一致？别打擦边球哈谢谢??????,1
2025/3/31 21:56,吟唱只字不提呗乐坛玖月晞,1
2025/3/31 21:56,我们可没说不能翻唱吧 和声部分怎么解释,0
2025/3/31 21:56,有人在黄霄雲发歌当天就神预言今天发生的一切了，看看你们火星人当时怎么说的。现在这歌火了之后你们又怎么做的！,1
2025/3/31 21:57,没问题啊？人家只是说这歌是华晨宇的[看][看],0
2025/3/31 21:57,避重就轻  偷换概念  18年华晨宇鸟巢演唱会的个人即兴创作吟唱就这么不提了？？？？,1
2025/3/31 21:57,华晨宇粉丝能看懂表红的三段文字什么意思嘛？,0
2025/3/31 21:57,你就说用没用华晨宇在另外一首歌里新编的旋律吧拿来主义不行吧亲爱的@黄霄雲,1
2025/3/31 21:57,真.一点都不提和声编写的事呀,0
2025/3/31 21:57,那请回应一下为什么黄女士翻唱的烟火里的尘埃版本最后的吟唱和华晨宇改编的孩子一样，仅仅是一句不实言论就想打发涉及到可能侵权的事情吗。作为一位原创歌手，请对侵权事情重视,1
2025/3/31 21:58,哇塞哇塞半点不提结尾吟唱照搬他人创作还不标注的事情哎尽打擦边球,1
2025/3/31 21:58,请相关人员停止网/暴/造/谣 法律是维权的武器 把好的作品重新演绎是经过双方友好协商 不要再把莫须有的罪名加到黄霄雲的身上,1
2025/3/31 21:58,请黄女士正视问题，没人不允许她翻唱，只是偷拿别人创作的旋律的事实不可否认啊,1
2025/3/31 21:58,这份回应很聪明地回避了问题的焦点  剽窃的是曲末的吟唱部分而未在和声一栏标注华晨宇的名字  不要避重就轻啊  没人说是词曲未授权哈 ,0
2025/3/31 21:58,请问我们一直说的是最后吟唱部分使用了华晨宇所作旋律而未做任何声明吧，请问您回应了什么？,0
2025/3/31 21:58,你就告诉我用没用华晨宇的原创旋律，打什么擦边呢！,1
2025/3/31 21:58,告黑！！我们坚决不会道歉，而且也不下架转发区的华晨宇的粉丝干嘛呢？,1
2025/3/31 21:58,你是取得了烟火里的尘埃的词曲著作权，你们可以改编，但你不能最后一段使用华晨宇创作的旋律吧，原曲可没有这段旋律吧。。,0
2025/3/31 21:58,你怎么不说孩子的吟唱你买了孩子吟唱的版权吗,1
2025/3/31 21:59,这要看团队的，同时赛道不一样。综合体太稀缺了,0
2025/3/31 21:59,请原唱华先生的粉丝停止这场闹剧,1
2025/3/31 21:59,怎么不回应挪用《孩子》旋律的事呢？实锤了才连提都不敢提吗？,1
2025/3/31 21:59,哈喽最后吟唱怎么不提呀,0
2025/3/31 21:59,说白了你敢承认吟唱段落是你黄小姐的原创吗引用故意不标明出处就是学术不端,1
2025/3/31 21:59,别打擦边球了小姐姐,1
2025/3/31 21:59,0个人说你无授权，别避重就轻了，你也说的很明白，你买的西楼的曲和林夕的词，那为什么挪用华晨宇给《孩子》创作的旋律,1
2025/3/31 21:59,所以你有孩子吟唱的版权吗？另外单独购买的词曲，编曲基本完全相同却不署名算侵权吗？闪烁其词可不好,1
2025/3/31 21:59,避重就轻什么呢回应片尾的吟唱,0
2025/3/31 21:59,就问一句《孩子》最后吟唱部分版权买了吗？,0
2025/3/31 22:00,别钻逻辑空子，不要拿hcy粉丝当傻子忽悠,1
2025/3/31 22:00,编曲和和声都是华晨宇，你哪来的脸写自己的名字啊黄霄云@黄霄雲,1
2025/3/31 22:01,好一个避重就轻 0个人说你们没版权好吗 说的是结尾吟唱好吗 你们家就这么点出息吗,1
2025/3/31 22:01,请正面回答问题，为什么擅自使用华晨宇原创部分,1
2025/3/31 22:01,避重就轻，直截了当回答最后一段，原版《烟火里的尘埃》有吗？？？？,1
2025/3/31 22:01,避重就轻，这段吟唱段落撞型的争议一点不提？,1
2025/3/31 22:01,所以呢？,0
2025/3/31 22:01,怎么不解释吟唱的那部分呀,0
2025/3/31 22:01,有争议的是吟唱段落，这个是一点都不提啊，在避重就轻什么,1
2025/3/31 22:02,版权买一送一了是吧,1
2025/3/31 22:02,请尊贵的黄霄云大小姐不要避重就轻，0??个人问你烟火里的尘埃，请正面回应为什么直接拿华晨宇歌手孩子改编旋律却不标出处？@黄霄雲 @黄霄雲的雲上面包坊,1
2025/3/31 22:02,好会钻空子，偷换概念一把好手，没提就是承认了哈，为什么挪用华晨宇原创旋律不标注原作者？,1
2025/3/31 22:02,零个人问你词曲，词曲你们肯定是有版权了呀，我们因为什么维权你们不知道？模糊重点很在行？？,1
2025/3/31 22:02,看了声明还是没有回应 “挪用华晨宇写的旋律却不标注” 一事，避重就轻[黑線][黑線],1
2025/3/31 22:02,请问黄霄云近期发表的《烟火里的尘埃》结尾吟唱部分是否挪用华晨宇的旋律创作？该旋律为华晨宇18年为另一首歌创作，并在18年鸟巢演唱会时，和歌迷共同即兴改编，首次将该段旋律融入《烟火里的尘埃》尾奏。而黄霄云在这首歌里并未标注此旋律来源，能否给出一个合理的解释？,0
2025/3/31 22:02,就是不承认最后的outro用了华晨宇改编《孩子》的吟唱真是这个,1
2025/3/31 22:03,获得烟火里的尘埃的词曲授权了，请问最后一段的《孩子》live版华晨宇原创吟唱旋律，获得华晨宇的授权了吗？为什么闭口不提？,1
2025/3/31 22:03,白纸黑字写在这，有些人在造谣脸是不要了吗,1
2025/3/31 22:03,顾左右而言他，完全不提争议段落呢 真是道德太高尚了小姐姐,1
2025/3/31 22:03,你买了西楼原曲，又没买华晨宇的原创改编部分，原来内娱还有靠这种手段上魏的♀歌手啊好可怕好心机，粉丝也是好会，自知无理就开始人身攻击华晨宇及粉丝,1
2025/3/31 22:04,就评论区这些，给我狠狠地告好吗@黄霄雲的雲上面包坊,1
2025/3/31 22:04,黄霄云是最牛火姐之一！懂不懂啊你们评论区！知道为什么叫魔星吗？！！知道为什么能拿到《烟火里的尘埃》吗？！,0
2025/3/31 22:04,好一个避重就轻，买一送一是吧,1
2025/3/31 22:04,支持,0
2025/3/31 22:04,避重就轻，请回应歌曲最后吟唱部分的旋律有说不让翻唱歌曲吗？用我家改编的旋律标榜自己是原创有没有点职业道德,1
2025/3/31 22:05,告黑大哥,1
2025/3/31 22:05,《烟火里的尘埃》版权你们是有，改编版本《孩子》结尾吟唱部分版权你们有吗从头到尾一直强调的是改编版《孩子》结尾吟唱部分的版权,0
2025/3/31 22:05,这个版本的结尾吟唱段落，挪用了华晨宇2018年歌手比赛为《孩子》新写的结尾旋律及其和声编写。2018年演唱会上华晨宇及其歌迷合唱《 烟火里的尘埃  》时首次将这个段落用于《烟火里的尘埃》结尾，后在历年演唱会上多次合唱，买歌曲版权不等于可以无授权无署名使用原唱的其他创作和创意，请不要避重就轻,1
2025/3/31 22:05,黄霄雲女士及其团队：华晨宇歌迷一向欢迎各类翻唱，对你们突然在各平台发表翻唱版也未置异词，也从未否认过你们拿到了翻唱权。但请贵方回应一下，你们发表的这版小烟的末尾吟唱部分，高度复刻2018年歌手节目华晨宇《孩子》时专门新写的结尾段落的情况。在2018年的火星演唱会上，华晨宇和歌迷们首次将这...全文,0
2025/3/31 22:05,所以呢 ？,0
2025/3/31 22:05,黄霄雲对自己写的多轨和声标注创作有毛问题至今分不清哪里是和声哪里是主旋律还在这里上蹿下跳，知道什么叫和声编写吗？没有任何一个地方黄霄雲标了结尾那一段是她创作，乐理知识很重要#请华晨宇粉丝停止对黄霄云的污蔑#,1
2025/3/31 22:07,好一个避重就轻，第一，华晨宇粉丝从未说过烟火里的尘埃不能翻唱，第二，复制粘贴《孩子》结尾部分怎么只字不提,1
2025/3/31 22:07,上面的是想取证吗,1
2025/3/31 22:09,转载火姐扒谱原图[爱心][爱心][爱心],0
2025/3/31 22:09,觉得有问题让你们正主出来说，你们真的很懂？,1
2025/3/31 22:09,请问华晨宇粉丝是不是看不懂“感谢华晨宇先生对本次翻唱授权”这几个字的意思啊,1
2025/3/31 22:10,争议焦点：你们翻唱版本最后ending旋律是谁的？？如果你觉得是你们买了版权的西楼写的，请提供原曲包含这段旋律的证明；如果你觉得是黄霄云写的，请提供证明；我觉得是华晨宇写，证明可看2018《歌手》-孩子。请不要绕弯子，你们的声明从头至尾都没有提到该段旋律的归属权利人是谁,0
2025/3/31 22:10,告黑行吗？？？我们魔星没有起诉的权利，只能靠你们了,1
2025/3/31 22:10,歌曲页面编曲、和声编写只写了黄霄雲，会使人误解这是出自于黄的改编，据考证黄霄雲其他歌曲有标注吟唱编写的例子啊，怎么到烟火里的尘埃就不标了？？？并且黄霄雲全网营销时粉丝甚至声称，结尾是黄女士新创的还造谣华晨宇唱功,1
2025/3/31 22:11,能发这个声明就说明身正不怕影子斜，我是相信面包不是有意要搞这档子事的，谁愿意给自己抹黑呢？这首歌发布的初衷是因为喜欢因为热爱，也是为了致敬华晨宇。不过也的确是自己不够严谨，以后多加注意就好，不要给黑子钻空子。,0
2025/3/31 22:11,图片评论,0
2025/3/31 22:11,从头到尾有说是自己的原创吗 一群小学生吟唱的概念都弄不清 回家吧回家吧,1
2025/3/31 22:12,【吟唱段落】，【吟唱段落】，【吟唱段落】，【吟唱段落】，【吟唱段落】，避重就轻，内娱女偷一，偷换概念黄霄云，华语乐坛版权买一送一开创者，请业内避雷??,1
2025/3/31 22:12,我们欢迎翻唱 也从未否认黄女士《烟火》版权渠道的正当性 但黄女士这版《烟火》结尾处的吟唱是华晨宇改编创作的《孩子》中的吟唱旋律 黄女士直接挪用却不标榜原创华晨宇。。火星姐指出这一点 为何被说造谣辱骂。？请不要避重就轻 正面回答吟唱旋律一事,1
2025/3/31 22:12,0个人说你们没拿到版权 更是0个人说不允许翻唱的存在 请你方正面回应黄霄云女士版本的《烟火里的尘埃》末尾吟唱和华晨宇先生重新改编的《孩子》旋律是一样的问题。买了《烟火里的尘埃》的版权是没有错，但是为什么要盗用华晨宇改编的《孩子》的旋律然后冠自己的名？,1
2025/3/31 22:13,0个人说你们没有拿到烟火里的尘埃翻唱权哈，为什么结尾用的和声明明是华晨宇原创的片段你们要标黄霄云的名字？why？baby？why？looking my eyes？,1
2025/3/31 22:13,这份回应很聪明地回避了问题的焦点  剽窃的是曲末的吟唱部分而未在和声一栏标注华晨宇的名字  不要避重就轻啊  没人说是词曲未授权哈 ,0
2025/3/31 22:13,都感谢华晨宇先生的授权了，某些人看不懂汉字是吗,1
2025/3/31 22:14,看得懂特别鸣谢本歌曲原唱“华晨宇先生”词作者“林夕”曲作者“西楼”都本次翻唱的授权这段话么,0
2025/3/31 22:14,你们在瞎叫啥呢，版权也不在你们手里啊，跳梁??，??????,1
2025/3/31 22:14,来来来 都来艾特你们工作室来 问问他怎么把版权卖出去了,1
2025/3/31 22:16,为什么不标注原唱啊,0
2025/3/31 22:16,只知道黄霄雲的翻唱拿到了正版授权，而有的人急得跳脚，声明是看不懂的，正主是看不到的,1
2025/3/31 22:16,建议华晨宇粉丝认真阅读以下中文语句：歌(ge)曲(qu)原(yuan)唱(chang)表(biao)演(yan)者(zhe)权(quan)不(bu)影(ying)响(xiang)我(wo)方(fang)基(ji)于(yu)词(ci)曲(qu)著(zhu)作(zuo)权(quan)的(de)合(he)法(fa)使(shi)用(yong),0
2025/3/31 22:16,热知识即使黄霄雲女士拥有《烟火里的尘埃》翻唱版权，也无权在翻唱中加入华晨宇为改编孩子而独创的旋律。请黄霄雲女士及团队不要避重就轻,1
2025/3/31 22:17,??粉是看不清字是吧，如果有问题这个歌能发行出来？能不能动动脑子,1
2025/3/31 22:17,语文没学好可以重开了,1
2025/3/31 22:18,特别鸣谢本歌曲原唱华晨宇先生对本次翻唱的授权！特别鸣谢本歌曲原唱华晨宇先生对本次翻唱的授权！特别鸣谢本歌曲原唱华晨宇先生对本次翻唱的授权！,0
2025/3/31 22:18,来艾特你们自己家哥哥来问问为什么把版权卖出去了,1
2025/3/31 22:18,和声是你们原唱？我们说的是版权问题？,1
2025/3/31 22:19,翻唱A歌所以裁了B歌的旋律还标成原创，谁看了不说一句音乐裁缝,1
2025/3/31 22:20,睁大眼睛好好看！中文！,1
2025/3/31 22:20,建议华晨宇粉丝认真阅读以下中文语句：歌(ge)曲(qu)原(yuan)唱(chang)表(biao)演(yan)者(zhe)权(quan)不(bu)影(ying)响(xiang)我(wo)方(fang)基(ji)于(yu)词(ci)曲(qu)著(zhu)作(zuo)权(quan)的(de)合(he)法(fa)使(shi)用(yong),0
2025/3/31 22:21,我去好久啊啊啊啊啊啊啊,0
2025/3/31 22:22,评论区有些人公告都看不懂啊，要不重开吧？,1
2025/3/31 22:23,虽然是最后的挣扎了 但是你们好歹也要严谨点吧？看都不看就杠？？？??,1
2025/3/31 22:23,说三句两句话离不开孩子想要孩子自己去生不就好了,1
2025/3/31 22:24,我方已就此发出正式通告，该翻唱得到了华晨宇先生原唱，以及各词曲版权方的授权，若华粉还有存疑，请让华晨宇工作室发出正式通告，确认是否有版权争议,0
2025/3/31 22:28,铁肺公主！[看],0
2025/3/31 22:29,@变得刻薄一点,1
2025/3/31 22:29,姐你容易把别人吓死,1
2025/3/31 22:30,我给三个6  不能在多了怕你迷死我这个低音[呲牙][呲牙],0
2025/3/31 22:34,建议华晨宇粉丝认真阅读以下中文语句：歌(ge)曲(qu)原(yuan)唱(chang)表(biao)演(yan)者(zhe)权(quan)不(bu)影(ying)响(xiang)我(wo)方(fang)基(ji)于(yu)词(ci)曲(qu)著(zhu)作(zuo)权(quan)的(de)合(he)法(fa)使(shi)用(yong),0
2025/3/31 22:36,不像现场呢？,0
2025/3/31 22:37,好吧，那你们粉丝不站在华晨宇这边是我没想到的不过我们还有一条哦，针对传播不实侵权指控、恶意低毁黄霄雲女士声誉的行为，我方已通过有关取证平台对演出视频、授权文件等关键证据进行固化，并将依法追究相关主体的名誉权侵权责任,1
2025/3/31 22:38,要真的侵权了，第一个出来的一定不是粉丝，而是版权方了。。版权方都没有说话，何来侵权一说呢？？难道你们比版权方更懂吗？？,0
2025/3/31 22:52,@糕点猪 离谱,1
2025/3/31 22:52,你不打游戏啊,0
2025/3/31 22:54,华晨宇同意了，你们没同意招笑,0
2025/3/31 22:57,一直很喜欢你，加油,0
2025/3/31 22:57,太好听了，唱功太好了,0
2025/3/31 22:59,？[尬笑]老弟你在说什么[尬笑][尬笑][尬笑],0
2025/3/31 23:00,感觉听的呼吸困难了,0
2025/3/31 23:02,请华晨宇粉丝停止攻击，你们偶像，都答应该给版权了粉丝不同意，受不了了，笑死了,1
2025/3/31 23:02,华晨宇授权关我们华晨宇粉丝什么事？我们粉丝可没有授权。,0
2025/3/31 23:05,看到最后无语了[宕机],1
2025/3/31 23:05,华晨宇:我同意 西楼:我同意 华粉（眼睛丢失版）：我看不见全部已授权遵守法律我不同意,1
2025/3/31 23:05,你当你姐是啥呀？K歌之王呢。[再见],1
2025/3/31 23:11,回贵州的时候去山谷里。那回音应该很美妙。,0
2025/3/31 23:11,不许删评，给我上去，解释一下为什么要偷孩子的间奏，并且也不表示出处？,1
2025/3/31 23:18,球球你们仔细看看声明好吧，正常人扫一眼就看懂的东西，我允许你们咬文嚼字一下别跟个人f子一样的到处要孩子,1
2025/3/31 23:18,朵莉亚的背景音乐感觉有点,0
2025/3/31 23:23,你们就那么想要那个孩子吗,1
2025/3/31 23:24,你没看过玉观音么 那个导演拍的电影都是那样抖来抖去,1
2025/3/31 23:25,清者自清，面包加油,0
2025/3/31 23:26,@like 一只小团子 老师！箱庭！[流泪][流泪],0
2025/3/31 23:34,"情景需要的抖动和这种视频的抖动是不一样的，镜头如果抖动自然有其原因，比如说奔跑镜头打斗镜头或者是表达混乱的镜头，他这个视频能和电影相提并论吗？
而且如果高音要颤抖也可以，但是是轻微的高频率的颤抖显然更好吧，他这种完全是没有规律，只是人手持手机在拍，所以不稳定",1
2025/3/31 23:35,"他这个一看就是手持的，甚至是拿手机拍的。
我都能想象这个人半蹲着环绕去拍摄。
电影它是有轨道的，几乎都是平稳的，摄影师手持拍摄也是很稳的，如果抖动那是电影的需要。但是这个视频，它没有这种需要",0
2025/3/31 23:43,摄影师基本告别影视行业[捂脸],0
2025/3/31 23:44,你是真怕火车,0
2025/3/31 23:46,结尾确实跟《孩子》相似度极高[调皮],0
2025/3/31 23:48,我要看摇摇乐，这是个啥,0
2025/3/31 23:55,？[憨笑]本来对她印象还蛮好的[憨笑][赞]太有生活了,0
2025/4/1 0:00,@Testament 要命了  这个音高的天灵盖崛起来了,1
2025/4/1 0:01,她高音也好厉害[舔屏][舔屏][舔屏]@练爱 @yy* @我也很头疼 @呜啦啦??,0
2025/4/1 0:01,这是天生的，后天练不来。,0
2025/4/1 0:02,对声明有意见的去找你正主 让他告啊 在这里打字刷评论有啥用啊 就会饭圈这一套 无能无知,1
2025/4/1 0:06,这是原创吗？[流泪],0
2025/4/1 0:10,这是配音吧,0
2025/4/1 0:12,摄影师基本告别这个行业了[难过],0
2025/4/1 0:14,花腔,0
2025/4/1 0:16,真特么强[赞][赞][赞]佩服佩服,0
2025/4/1 0:17,最后一段怎么这么像华晨宇改编的《孩子》,0
2025/4/1 0:22,@被杀死的小怪兽 [九转大肠][惊恐][惊恐][惊恐][惊恐],1
2025/4/1 0:24,我刚去看了，没找到，删了是吗[尬笑],0
2025/4/1 0:26,泪目,0
2025/4/1 0:29,我就粉两个 一个解解一个面包 谁沾上hcy都要被骂好久 实惨 内娱饭圈太逆天了,1
2025/4/1 0:29,这旋律咋那么熟悉呢，好像在2018年的歌手中听华晨宇唱过,0
2025/4/1 0:33,糟糕，把边上豪车的玻璃都震碎了[鼓掌][鼓掌][鼓掌],1
2025/4/1 0:33,up,0
2025/4/1 0:41,只有熟悉的人才知道 孩子这首歌的含金量 都是歌手创作者 能不能尊重原作者 孩子是我最爱的一首歌啊[尬笑],0
2025/4/1 0:52,@绊大象的蚂蚁,0
2025/4/1 1:02,写出那段吟唱旋律的真的是天才啊啊啊啊[流泪][流泪][流泪]太好听了[流泪][流泪][流泪][流泪][流泪][流泪]我18年听过后一直不能忘记啊啊啊啊啊啊[流泪][赞][赞][赞][赞][赞][玫瑰][玫瑰][玫瑰][玫瑰][玫瑰]烟火里的孩子太好听了[流泪][玫瑰][玫瑰][玫瑰][玫瑰][赞][赞][赞][赞],0
2025/4/1 1:08,女生那个，写出最后那段吟唱旋律的真的是天才啊啊啊啊[流泪][流泪][流泪]太好听了[流泪][流泪][流泪][流泪][流泪][流泪]我18年听过后一直不能忘记啊啊啊啊啊啊[流泪][赞][赞][赞][赞][赞][玫瑰][玫瑰][玫瑰][玫瑰][玫瑰]烟火里的孩子太好听了[流泪][玫瑰][玫瑰][玫瑰][玫瑰][赞][赞][赞][赞],0
2025/4/1 1:09,请给出合理解释,0
2025/4/1 1:11,这是谁的行车记录仪拍的吗,0
2025/4/1 1:12,写出那段吟唱旋律的真的是天才啊啊啊啊[流泪][流泪][流泪]太好听了[流泪][流泪][流泪][流泪][流泪][流泪]我18年听过后一直不能忘记啊啊啊啊啊啊[流泪][赞][赞][赞][赞][赞][玫瑰][玫瑰][玫瑰][玫瑰][玫瑰]烟火里的孩子太好听了[流泪][玫瑰][玫瑰][玫瑰][玫瑰][赞][赞][赞][赞],0
2025/4/1 1:26,说实话我唱这歌无敌,0
2025/4/1 1:28,回应,0
2025/4/1 1:28,给我回应,0
2025/4/1 1:31,演唱会确实没唱好呀，前面三首全是大歌而且不休息，认真对待了有什么可黑的,0
2025/4/1 1:43,裁华横溢[赞],0
2025/4/1 1:59,我第一反应也是这！,0
2025/4/1 2:00,笑的我“烟火里的孩子”,0
2025/4/1 2:06,你别有,1
2025/4/1 2:06,《原创歌手》,0
2025/4/1 2:30,演都不演了是吧@黄霄雲的雲上面包坊,1
2025/4/1 2:45,但重点不是【吟唱段落】吗，没说翻唱是偷啊,0
2025/4/1 3:06,黄女士粉丝只会说《不要造谣》吗，ending的争议是只字不提啊,1
2025/4/1 3:13,这不是华晨宇先生的吟唱ending么[看],0
2025/4/1 3:36,这哪个小区的车库啊,0
2025/4/1 3:38,up,0
2025/4/1 3:39,其他地方来的，太牛批了[看],0
2025/4/1 4:39,争议焦点：黄霄雲翻唱版本最后ending旋律是谁的？？如果你觉得是你们买了版权的西楼写的，请提供原曲包含这段旋律的证明；如果你觉得是黄霄云写的，请提供证明；我觉得是华晨宇写的，证明可看2018《歌手》-孩子。请不要绕弯子，你们的声明从头至尾都没有提到该段旋律的归属权利人是谁,0
2025/4/1 4:46,车子给我亮灯吧,0
2025/4/1 4:53,既然是找了律师写的声明，能回应肯定是想回应的呗，那为什么避重就轻呢？ai也不懂啊,0
2025/4/1 5:56,黄霄雲侵犯了华晨宇原创旋律署名权，即使买了西楼的《烟火里的尘埃》和《孩子》，也去分别找词人授权，也无权加入华晨宇为改编《孩子》而独创的旋律,1
2025/4/1 6:03,这个谱子不能用，75434是两个半拍，一个下划线上面一个数字是半拍，两个下划线一个数字是四分之一拍，大哥原来的是4/4拍，可以说相当于4个数字没有下划线，3个数字加一个下划线上面两个数字，以此类推,0
2025/4/1 6:17,什么叫不实言论？问的一直都是最后一段的和声！既然是原创歌手怎么不懂呢，避重就轻解决不了问题,1
2025/4/1 6:24,真让人失望 现在的新生代,1
2025/4/1 6:28,啊？问题不是《孩子》的版权问题吗？和《烟火里的尘埃》有什么关系？灿?系的是都听不懂中文还是怎么的？,1
2025/4/1 6:49,回应为何避重就轻，绝口不提《孩子》吟唱部分,1
2025/4/1 7:16,解释解释这个吟唱部分,0
2025/4/1 7:23,文字游戏也是让你们玩明白了是吧？我们问的是结尾你们写的吟唱呵呵呵??,1
2025/4/1 7:35,我记得hxy也是火姐啊[发呆],0
2025/4/1 7:44,华晨宇在歌手2018改编的《孩子》结尾部分的吟唱你们有版权吗？就算有版权凭什么署名自己是原创？敢偷不敢认,1
2025/4/1 7:44,@华晨宇工作室 老公你说句话啊 我家九字要被骂倒闭了,0
2025/4/1 7:46,发这个帖子的目的无非是希望翻唱版本把不属实的署名撤掉并标明清楚这段旋律真实的出处 参考下图中[爱心][爱心][爱心],0
2025/4/1 8:12,后面的不是华晨宇2018年唱的《孩子》的旋律吗[震惊][震惊]黄女士好像没有版权诶[震惊][震惊],1
2025/4/1 8:13,这样的团队，早就不了一点有出息的歌手！唱商极差！,1
2025/4/1 8:55,有个小姐姐跑的飞快[看],0
2025/4/1 8:58,所以呢,0
2025/4/1 9:00,"“歌曲原唱表演者权不影响我方基于词曲著作权的使用”
“特别鸣谢原唱“华晨宇”对本次翻唱的授权”
能解释的都解释了，该授权的都授权了到底要干嘛？什么事候吟唱变和声",1
2025/4/1 9:06,@雾中缘??·??·???? 妈呀，我们一辈子[泣不成声][泣不成声],0
2025/4/1 9:07,妈也，她高音真的没费啥劲[捂脸],0
2025/4/1 9:19,你喜欢就好,0
2025/4/1 9:42,她会腹语[呲牙],0
2025/4/1 9:42,好听，牛,0
2025/4/1 9:50,搞个车库演唱会也不错,0
2025/4/1 9:50,一群无脑黑，就看不得别人好，坚决支持！！保护好我们的面包,1
2025/4/1 10:06,[玫瑰][玫瑰][玫瑰],0
2025/4/1 10:14,招笑??怎么一口一个孩子挂在嘴边呢,1
2025/4/1 10:15,人家嘴吧都没张开声音就上去了，我们唱的脸红脖子粗[尬笑][泣不成声],0
2025/4/1 10:20,@朱小红的快乐生活,0
2025/4/1 10:40,这才是真的朵莉亚……,0
2025/4/1 10:44,这首歌是女歌手里唱的最好的一位了,0
2025/4/1 10:44,: 你们声明写的很清楚啊只买了《烟火里的尘埃的》原版的词曲版权所以为什么结尾用了华晨宇18年改编《孩子》的和声？意思是黄霄云2025年原创了华晨宇2018年唱的旋律？还正正好好撞了华晨宇18年鸟巢演唱会在《烟火里的尘埃》后面接这段和声的创意？？？,1
2025/4/1 10:50,尊重原创华晨宇！华晨宇《烟火里的尘埃》+华晨宇改编的《孩子》的那段吟唱真的是太好听了[送心][送心],0
2025/4/1 10:56,愚人节最大的玩笑就是华晨宇的粉丝了,1
2025/4/1 11:02,我觉得原创不原创的问题你们找错了对象，你自己的文案里也说明了，是你文案里第一张图片里的那个原创榜单的问题，它作为一个原创榜单为什么要推一首翻唱歌曲！！,1
2025/4/1 11:09,都是《烟火》的旋律,0
2025/4/1 11:09,最新声明[爱心][爱心][爱心],0
2025/4/1 11:31,最支持gzs的一集,0
2025/4/1 11:37,哈哈哈打扮和声音俱在,0
2025/4/1 11:37,原唱华晨宇,0
2025/4/1 11:51,华晨宇的粉丝真是到处给自己主子招黑 怪不得 有这么多敌对,1
2025/4/1 11:53,居然能在《烟火里的尘埃》里听见《孩子》的旋律[尬笑]（这我还只在华晨宇演唱会的串烧part听过,0
2025/4/1 11:57,《华神》[捂脸],0
2025/4/1 12:05,我怎么说结尾这么熟悉原来唱的是歌手那个版本的[泪奔],0
2025/4/1 12:09,但我都喜欢[调皮],0
2025/4/1 12:12,这首歌最后一段好像是我们家孩子啊，就这样裁缝过来吗，央妈你说啊[流泪],0
2025/4/1 12:17,？？？？你这真恐怖了，别给他招黑了吧,1
2025/4/1 12:18,这摄影追着那个小姐姐跑？[捂脸],1
2025/4/1 12:20,别偷歌了,1
2025/4/1 12:25,要不直接回应一下结尾吟唱部分的旋律编写吧？作为差不多时期出道的艺人，难道这一点音乐版权意识都没有吧？既然只是变了几个音都应该标明来源出处吧？,1
2025/4/1 12:27,华晨宇先生同意了，西楼同意了，华晨宇的粉丝不同意，更何况是对“本次翻唱”的全权授权包括每一部分，又不单是烟火里的尘埃（粉丝不授权＝0授权）,0
2025/4/1 12:34,你来看,0
2025/4/1 12:39,华晨宇黄霄云之间的事到底如何定义？,0
2025/4/1 12:43,好听,0
2025/4/1 12:45,好震惊，听的我鸡皮疙瘩起来了[发呆],0
2025/4/1 12:48,只喜欢华晨宇唱的,0
2025/4/1 12:50,最高音到g5了吗？,0
2025/4/1 12:52,我当时以为她走调了[泪奔],0
2025/4/1 12:53,后期配音,0
2025/4/1 12:53,我也想知道啊！,0
2025/4/1 12:57,不是哥们讲几遍了耳朵和眼睛呢都说了是孩子版权没有授权你发个这有啥用啊，只会翻唱是吗,1
2025/4/1 12:59,有没有可能他们是想假装被监控偷拍的[微笑],1
2025/4/1 12:59,调音了 而且看Live 版 破音了 不过唱的也很不错了 花花的歌一般人唱不了,0
2025/4/1 13:06,模仿？好歹先买了版权再说模仿好不好听，把我们家白月光抢了说是自己的还好意思唱,1
2025/4/1 13:11,@阿斌live,0
2025/4/1 13:17,最后是孩子的和声么,0
2025/4/1 13:20,她买的是《烟火里的尘埃》的版权，但是华晨宇的吟唱旋律是自己给《孩子》原创新编的，她把这段旋律直接搬到《烟火里的尘埃》翻唱中了，但是却没有标注这段旋律的来源。,0
2025/4/1 13:20,窃取了18年华晨宇在歌手节目上的独创旋律还没署名，擅自挪用了18年华晨宇鸟巢演唱会歌迷的创意,1
2025/4/1 13:23,孩子和声的照搬是一点不提啊,0
2025/4/1 13:25,本路人觉得黄霄云这个《烟火里的孩子》很好听 尤其是后面的那段吟唱天呐 这个吟唱编写是谁呀好厉害,0
2025/4/1 13:27,孩子+烟火里的尘埃，这两首歌是多少人的白月光！每次听这两首歌都有惊为天人的感觉，听着听着就会泪目，华晨宇的演唱有太多细腻充沛的情感在里面，非常打动人[赞][赞][赞],0
2025/4/1 13:30,0个人在意黄xy怎么改的 小烟 重点是ending部分的吟唱部分是属于hcy的,0
2025/4/1 13:32,不是他唱的[捂脸],0
2025/4/1 13:37,确实口吐芬芳,1
2025/4/1 13:38,天呐，一个女生能说出这种辱女的话。。。,1
2025/4/1 13:39,基本告别摄影行业,0
2025/4/1 13:41,@金春天  黄霄云,0
2025/4/1 13:42,毒唯真的没有素质哈，我们魔星照顾好自己送她们去答题就行,1
2025/4/1 13:43,着急了，怕了，没有词汇了。啧啧啧,1
2025/4/1 13:44,蓝V工作室警告??????,1
2025/4/1 13:45,一模一样[送心][送心][送心],0
2025/4/1 13:47,图片评论,0
2025/4/1 13:52,啥意思，就是华晨宇粉丝知道黄霄云没经过华晨宇同意就唱这首歌，谁知版权不在华晨宇手里，是这个意思吗,0
2025/4/1 13:53,买了版权不代表你就是原创 和声编写要标注原创,0
2025/4/1 13:53,这个我不懂，但是遇到就是缘分必须支持[666][比心],0
2025/4/1 13:53,"你一直在强调原创……
我也懂原创，哪怕是我们还没有上热搜的原创歌手，我相信大家应该都擅长原创。这个是一个音乐理念，我觉得要做的是创新。这样，我想考一下你，我想让你唱一个和声，所以我给你和声，你来唱，你现在唱的是烟火里的尘埃是吧？你不唱烟火里的尘埃，你换一个唱吧，你唱孩子。我只要你唱孩子的最后一段吟唱。（hxy：是烟火里的尘埃的吟唱吗? 这个我是真的不知道[允悲][ok]）好，那我觉得你应该学习一下，因为作为一个创作者，版权意识很重要，否则你直接把别人的原创据为己有，这个是很可怕的！因为太浮躁了，然后就会标注自己是原创人，你们会影响到观众的??",1
2025/4/1 13:55,我方从未授权对方可以使用《孩子》的吟唱旋律，即便该歌手拥有《烟火里的尘埃》的使用许可，也不包含对《孩子》中原创旋律的使用权利。 在未取得合法授权的情况下擅自使用该段旋律，已构成“实质性相似”与“接触可能性明确”的事实，涉嫌侵犯音乐作品著作权。,0
2025/4/1 14:05,只喜欢黄霄云唱的,0
2025/4/1 14:07,[裂开][裂开][裂开],0
2025/4/1 14:09,急眼破大防,1
2025/4/1 14:10,只抄了3句半，不构成，纯属没道德,1
2025/4/1 14:10,顾左右而言他，避重就轻。,1
2025/4/1 14:11,[逞强落泪][逞强落泪][逞强落泪]结尾的吟唱听的我热泪盈眶了哈，不知道的还以为她是天才，没想到是个缝纫机,1
2025/4/1 14:18,黄霄云是创作型歌手吗？不是都是翻唱的吗 我只知道她有一首星辰大海[泪奔],1
2025/4/1 14:19,这段吟唱真不是华晨宇的《孩子》这首歌吗,0
2025/4/1 14:25,不是指这一段，再后面一段,0
2025/4/1 14:26,不对吧 这唱的不是烟火里的孩子吗 怎么乱标歌名[黑脸],1
2025/4/1 14:32,请尊重原创，华晨宇方从未同意你们借鉴和声改编一事，以歌手@黄霄雲 专业科班毕业，出道十年的经历来看相信此次并非无意之举，不问自取视为_，请明确和声来源，正确使用授权，正面回应关键争议！#华晨宇 黄霄云#,1
2025/4/1 14:35,只喜欢原唱华晨宇唱的,0
2025/4/1 14:35,希望粉丝别玩饭圈那一套，如果华晨宇真的想计较的话他不可能看不出来，不可能让粉丝替他发声，希望心胸可以宽广一点，毕竟听那么美的歌的人怎么能做出来随随便便就网暴别人的事呢,0
2025/4/1 14:35,耳朵怀孕了[宕机],0
2025/4/1 14:39,维权怎么叫玩饭圈那一套？？[鞠躬] 花花已经很体面了 工作室对接蓝v全球后援会发声明 hxy是直接工作室发文[鞠躬] 且央视已删除hxy有关烟火微博,1
2025/4/1 14:40,避重就轻！请正视维权内容不要再给自己抹黑了,1
2025/4/1 14:40,她自己是什么东西,1
2025/4/1 14:41,成天唱这首别人的歌，真当成自己的歌了吧？,1
2025/4/1 14:45,《烟火里的尘埃》好听比原唱好听[比心][比心][比心][比心][比心][比心][比心][比心],0
2025/4/1 14:55,我们坚决维护华晨宇先生的音乐，对音乐版权侵害0容忍!！！,0
2025/4/1 14:58,为什么不回应《孩子》的吟唱部分，是有什么心事吗,0
2025/4/1 15:03,她长的又漂亮，唱的又好，为什么有这么多人黑她,1
2025/4/1 15:06,这不原创姐[玫瑰],0
2025/4/1 15:08,所以说到底什么是真的，我听有人说那段旋律是华晨宇根据烟火里的尘埃改的，我才罢休的,0
2025/4/1 15:17,太帅了，好听,0
2025/4/1 15:17,坚决维护华晨宇的音乐[发怒],0
2025/4/1 15:23,我服了 我只看到半个人,1
2025/4/1 15:23,这个高音唱的我直接耳鸣，像是打通了任督二脉[666],0
2025/4/1 15:25,我说咋认不出来了  原来真是动了[笑哭],0
2025/4/1 15:37,还是自家的评论区理智，对面那个评论区，疯狂阴阳我们[捂脸],1
2025/4/1 15:38,这个怎么解释？原创榜,0
2025/4/1 15:41,就你没骂过人,1
2025/4/1 15:41,需要某人正面回应一下@黄霄雲（巡演版）  如果质疑华全歌的实力 可以告他 看看出庭的是不是天娱的人[调皮],1
2025/4/1 15:42,央音裁女黄霄云,1
2025/4/1 15:42,全网营销的结尾华彩部分，其实是盗用了2018年华晨宇给其他歌曲原创的一段旋律和唱法还不标署名，有这首歌的版权那其他部分的创意加进来写自己的名字是要干什么呢……18年的网民还有华晨宇当时歌手《孩子》结尾那部分和声设计编排惊艳的印象。还有脸在微博买原创词条真下作??????????????????,1
2025/4/1 15:43,央音裁女黄霄云,1
2025/4/1 15:44,别的不说，唱的真难听,1
2025/4/1 15:45,1. 黄霄雲方并未和华晨宇方沟通过借鉴华晨宇改编《孩子》时创作的旋律。 2. 华晨宇对《烟火里的尘埃》+《孩子》的改编及再创作旋律，具有独创性，全网时间线可查。 3. 黄霄雲取得的授权仅限于《烟火里的尘埃》原作词曲使用版权，但在声明中试图用鸣谢原唱授权来混淆概念，避重就轻，打擦边球。,1
2025/4/1 15:46,太牛了吧!!!,0
2025/4/1 15:48,虽然不是华晨宇的粉丝，但他的原唱这首歌真的超好听～,0
2025/4/1 15:50,买版权了嘛就唱，??姐,0
2025/4/1 15:50,擅自挪用别的歌的旋律套用到《烟火里的尘埃》里面，并且不署名！！！！！！对于《烟火里的尘埃》版权及翻唱问题我们从无异议！！！！！我们需要黄霄雲回应并整改的是直接挪用华晨宇先生改编《孩子》时编写的旋律及和声！！！！,1
2025/4/1 15:51,好听好听[不失礼貌的微笑],0
2025/4/1 15:51,版权合法，无视非议，清者自清，诽谤无效！,0
2025/4/1 15:52,版权合法，无视非议，清者自清，诽谤无效！,0
2025/4/1 15:53,那很逆天了,0
2025/4/1 15:53,"某艺人拥有的是《烟火里的尘埃》使用版权，而非《孩子》live 版的使用版权，也并未向华晨宇方沟通借鉴和声改编一事，其使用范围应仅限于《烟火里的尘埃》歌曲本身，若要进行改编也是在原创的基础上自行创作或购买使用版权，而非直接裁剪他人创作内容。
1. 擅自使用《孩子》live 版独创性吟唱片段
2. 未标注改编来源
3. 以直接剪辑方式篡改作品署名",1
2025/4/1 15:54,不算抄袭,0
2025/4/1 15:55,甩华一万条街,1
2025/4/1 15:56,火鸡素质基本盘哈,1
2025/4/1 15:56,纯粹属于道德败坏问题,1
2025/4/1 15:59,看不起别偷,1
2025/4/1 16:02,顶,0
2025/4/1 16:06,[看][看][看],0
2025/4/1 16:06,#华晨宇全球歌迷会声明#华晨宇歌迷坚决维护歌手华晨宇的音乐！ 黄霄雲女士拥有的是《烟火里的尘埃》使用版权，而非《孩子》live版的使用版权，也并未向华晨宇方沟通借鉴和声改编一事。 请黄霄雲女士及其工作室正面回应最后【华晨宇原创吟唱旋律】的版权及其所属问题，请勿避重就轻打擦边球，借用请标明来源，请尊重原创！,1
2025/4/1 16:09,作为女生还这么仇女，心疼你全家的女性,1
2025/4/1 16:14,道歉！！！,1
2025/4/1 16:15,不用和某些没素质的人多说,1
2025/4/1 16:17,合法合规,0
2025/4/1 16:19,合法合规,0
2025/4/1 16:19,素质感人,1
2025/4/1 16:25,人鱼公主[玫瑰],0
2025/4/1 16:25,喜欢叫她努点力，自己原创出好作品，大家都没话说了,0
2025/4/1 16:27,人红是非多,0
2025/4/1 16:27,回复@明室的金鱼:不用你心疼,1
2025/4/1 16:27,这唱的真的好听吗？这么美的旋律唱成这个样子……不是自己的东西不要硬装,1
2025/4/1 16:28,妈呀！我的耳朵,0
2025/4/1 16:29,孩子的改编也是烟火里的间奏。,0
2025/4/1 16:30,@灯??,0
2025/4/1 16:32,哈哈哈哈哈哈哈哈哈,0
2025/4/1 16:35,真挚希望各位从业人员尊重创作者权利，共同促进行业良性发展。,0
2025/4/1 16:36,监控哪买的，发个同款链接[看],0
2025/4/1 16:37,我觉得但凡有点版权意识都知道这属于侵权了吧[听歌][听歌][听歌]已经声明并未授权，为什么不正面回应？？？,1
2025/4/1 16:38,认准正版黑煤球,1
2025/4/1 16:38,顶,0
2025/4/1 16:39,黄霄雲# 黄霄云 1.擅自使用《孩子》live版中华晨宇原创的旋律片段 2.未标注吟唱部分旋律的来源 3.以直接剪辑方式篡改作品署名  。,1
2025/4/1 16:42,这群人要干嘛,1
2025/4/1 16:42,看她真唱去，我给你发那个是真唱,0
2025/4/1 16:42,作为华晨宇歌迷，我们坚决维护华晨宇先生的音乐，对音乐版权侵害0容忍！！！,0
2025/4/1 16:44,不知道智慧財產權的版權意識就算了，還如此發言，博主你是在說笑話讓我們知道你是多麼無知,1
2025/4/1 16:45,不算抄袭，但是标注原创，算不要脸吧,1
2025/4/1 16:53,@阿不啦啦啦,0
2025/4/1 16:54,人原唱都没说啥。,0
2025/4/1 16:56,作为华晨宇歌迷，我们坚决维护华晨宇先生的音乐，对音乐版权侵害0容忍！！！,0
2025/4/1 16:59,"二创作者的授权范围：
即使您拥有原作品版权，二创作者对其改编部分仍享有改编权（《著作权法》第13条）。未经其同意，翻唱其改编版本可能侵权。
原作品版权与二创的关系
原作品版权方（如音乐公司）可能未控制二创的版权，除非二创作者已将权利转让给原版权方。
即使原版权方允许您使用原作品，也不代表自动获得二创的授权。
简洁版：黃霄雲侵犯了华晨宇原创旋律署名权，即使买了西楼的《烟火里的尘埃》和《孩子》，也去分别找词人授权，也无权加入华晨宇为改编孩子而独创的旋律",0
2025/4/1 17:00,虽然不是华晨宇的粉丝，但他的原唱这首歌真的超好听～,0
2025/4/1 17:00,不得不说华晨宇唱这首歌真的超好听[赞],0
2025/4/1 17:01,翻唱一首歌双方热度都挺高的，都是受益者，闹个什么劲[捂脸],0
2025/4/1 17:01,另外一首歌没授权，改一下不就好了 ，那么难吗[捂脸],0
2025/4/1 17:05,黄霄云这个版本的结尾吟唱段落，挪用了华晨宇2018年歌手比赛为《孩子》新写的结尾旋律及其和声编写。作为一个创作者，版权意识很重要，否则你直接把别人的原创据为己有，这个是很可怕的！因为太浮躁了，然后就会标注自己是原创人，你们会影响到观众的,1
2025/4/1 17:10,买完版权，为什么不自己从新改编一版，改一版自己风格的[不是吧],0
2025/4/1 17:11,太好了，终于有音乐版权事件得到重视了。我墙头国外的，还记得七年前，他的歌直接被某粉丝填词给另外一个国内歌手当生日贺并且无任何标注[流泪],0
2025/4/1 17:12,这图真的嘛？,0
2025/4/1 17:13,华晨宇对歌迷会对这一小段吟唱享不享有独立著作权并且先期注册了？,0
2025/4/1 17:14,是，后援会发的,0
2025/4/1 17:15,官方承认的蓝V发的哈，你不信那是你的事了，我只是转载,0
2025/4/1 17:16,@26岁性感音叉 我不行了[捂脸],0
2025/4/1 17:20,顶[流泪],0
2025/4/1 17:21,@慕阳,0
2025/4/1 17:21,其实不是喷下来华有500w粉丝黄霄雲只有30w[捂脸],1
2025/4/1 17:26,我就是。这么想的,0
2025/4/1 17:26,还是听原唱洗耳朵，十年前就是被这首歌圈粉的。,0
2025/4/1 17:27,[赞][赞][赞][赞][赞][赞][赞][赞][赞][赞],0
2025/4/1 17:27,[黑脸]原唱华晨宇，包括华晨宇原唱的这个吟唱，所以标注原唱就够了。。。。。。,0
2025/4/1 17:27,黄版本4分39开始的吟唱根本不是烟火里的尘埃里的，是孩子里的，在4分20秒。老有人拿4分39之前那个和烟火里的尘埃间奏一样的旋律混淆视听,0
2025/4/1 17:29,怎么  花花3.8福州演唱会你也去啦？知道现场两首合唱了么,0
2025/4/1 17:29,华晨宇歌迷坚决维护歌手华晨宇的音乐,0
2025/4/1 17:33,不比法师好听吗,0
2025/4/1 17:33,[微笑][微笑][微笑],0
2025/4/1 17:35,维护！,0
2025/4/1 17:37,我建议有空闲的魔星收集一个合订本，过一阵发给我这个没空冲浪的老登看看,0
2025/4/1 17:38,老子想变白了吗你就给我变了[微笑],1
2025/4/1 17:40,[抠鼻][抠鼻][抠鼻],0
2025/4/1 17:40,[疑问],0
2025/4/1 17:46,看得出是有组织有预谋的，统一话术避重就轻。认为侵权就发律师函来呗，法律程序不走，在这打嘴炮,1
2025/4/1 17:47,还是路人敢说,0
2025/4/1 17:48,因为唱得没半毛钱关系吗,1
2025/4/1 17:49,真的有粉丝觉得这所谓吟唱好听？,1
2025/4/1 17:50,真的有粉丝觉得这所谓吟唱好听？,1
2025/4/1 17:50,这什么鬼,1
2025/4/1 17:55,模仿？如果只是单纯模仿为什么要署自己的名字，说是自己编的和声？这种翻唱蹭热度，有点热度了开始连吃带拿的行为真的很下头好吗？说实话，黄女士除了翻唱的歌有点知名度，还有什么作品？嗯？,1
2025/4/1 17:59,华晨宇烟火里的尘埃和孩子18年就一起唱啦,0
2025/4/1 18:01,唉..,0
2025/4/1 18:03,这是打印的吧连个张印都没有,1
2025/4/1 18:06,是一个字也不看[疑问],1
2025/4/1 18:08,激动[疑问] 算了话不投机半句多[看],0
2025/4/1 18:08,你还合上了??,1
2025/4/1 18:09,我保持中立，但结尾确实引用了《孩子》另一首歌的旋律[泪奔]当时第一次听，真的超级熟悉[泪奔],0
2025/4/1 18:10,最后再说一句，如果你觉得你家没侵权，让你家正面回应“侵权《孩子》吟唱段落这个问题哈，你跟我说没用，你让你家工作室正面回应,1
2025/4/1 18:13,你最后一句说对了，你跟我说没用，公告已经发了就是权利人的事了，所以还是看看权利人怎么说吧,0
2025/4/1 18:13,全部内容啊，有啥问题吗[疑问],0
2025/4/1 18:15,这个声明不就是粉丝自嗨么，一不指名道姓，二不加盖公章，人家想回应都没办法,1
2025/4/1 18:17,哇噻还删评诶,1
2025/4/1 18:25,她是越高音越自然[尬笑][尬笑],0
2025/4/1 18:26,支持原唱！！！,0
2025/4/1 18:27,黄霄雲工作室声明已发，余下自行判断,0
2025/4/1 18:28,所以你声明的某艺人是谁？,0
2025/4/1 18:28,玖月希[赞],0
2025/4/1 18:31,放心，不是你[比心][比心][比心]其实你们也知道她就是做错了，但是你们不承认罢了，所以不是在说这就是在说那，就是不说她那段吟唱是否侵权[比心][比心]我觉得没有必要再回复了，你自己不愿意承认我说什么你都会反驳我的，而不会回应根本诉求[比心][比心],1
2025/4/1 18:31,@华晨宇工作室 说话??,1
2025/4/1 18:32,后面也是烟火，孩子没有偷，再说了孩子也不是你的,1
2025/4/1 18:33,hqg最有用的一集[泪奔],0
2025/4/1 18:33,烟火里的尘埃有不同版本勉强能理解，这个真受不了了，简直一模一样了吧[憨笑],0
2025/4/1 18:33,黄还挺惨的，20年被网暴，之后一直不温不火，被各种质疑，发的专辑也没啥火花，好不容易这次演唱会稍微有一点热度了，又出这档子事，哎,0
2025/4/1 18:34,支持我们的吗面包[赞][赞][赞],0
2025/4/1 18:34,合法合规！,0
2025/4/1 18:35,15年华晨宇唱烟火里的尘埃就是同样的结尾吟唱。换言之，18年翻唱孩子时的结尾其实就是烟花的吟唱。怎么就是抄袭，侵权的,0
2025/4/1 18:36,版权门槛真低，哦两声都要版权,1
2025/4/1 18:38,和声是整个烟火里的尘埃的和声，不止最后那一段，有改编和声，和声编写写霄雲是没问题的（如果写上旋律来自华晨宇改编版烟火里的尘埃会更好，因为这段旋律属于烟火里的尘埃不是孩子的）,0
2025/4/1 18:38,连张都没有盖有法律效益吗,0
2025/4/1 18:39,他们这么干身后两堆土怎么办[调皮],1
2025/4/1 18:40,把我还给华晨宇,1
2025/4/1 18:40,哥们儿，这不是同一首歌,0
2025/4/1 18:42,不这么严，过两年我应在江湖悠悠就又回来了[捂脸][捂脸],0
2025/4/1 18:45,你看看你们翻唱西楼原创的孩子那段旋律来自哪里，是西楼作曲的烟火里的尘埃哦,0
2025/4/1 18:45,妈你说句话呀[流泪]我家孩子被偷了 我家那么乖一个孩子啊[流泪][流泪][流泪],0
2025/4/1 18:45,顶,0
2025/4/1 18:46,这不就是孩子的吟唱段一模一样嘛,0
2025/4/1 18:46,你家的监控绕着你一个人转,1
2025/4/1 18:49,爱了[色],0
2025/4/1 18:50,好好听[玫瑰][玫瑰][玫瑰],0
2025/4/1 18:51,请黄霄雲女士及时更正并澄清道歉，才能带动音乐素养不高、版权意识不严谨的粉丝进步。请你不要到处偷～偷，原创不是偷～偷～??hxy请你不要到处偷～偷，原创不是偷～偷～@黄霄雲（巡演版）,1
2025/4/1 18:52,明明是华晨宇和歌迷的创意，怎么以后我们这样唱被说是黄霄云版本，真是有理说不清,1
2025/4/1 18:53,支持黄霄雲[赞][赞][赞][赞][赞],0
2025/4/1 18:54,黄霄云作为华晨宇最早一批的粉丝(不知道的可以去搜)，还在《歌手》上认识，不会觉得他俩交集不多吧,0
2025/4/1 18:54,@美羊羊??yu 呵呵[微笑],0
2025/4/1 18:55,我现在看到他们的那个歌迷会声明就想笑，在自己内部本来口碑就不好，一月份还给花花招黑到处惹事都被自己人举报到官方，就这样的还被人说是公司运营的，公司会主动招黑？发的那个声明直接就一个三无产品[笑哭],1
2025/4/1 18:56,原来喜欢破音的,1
2025/4/1 18:56,唉，自从我20年开始，粉丝越来越抽象了。,0
2025/4/1 18:57,对呀[猪头],1
2025/4/1 18:58,我请问,0
2025/4/1 18:58,他买了a歌的版权，然后唱了b歌的片段，然后而且只唱了三句半，因为达到了四句就是侵权了,0
2025/4/1 18:58,三节和四节,0
2025/4/1 19:00,哦，那我找你买了一个西瓜，你把所有好东西都给我，都是我的？,0
2025/4/1 19:02,华把烟火旋律吟唱了放在孩子后面，黄就不能吧烟火的旋律吟唱放在烟火后面？华粉真霸道哦，烟火的版权都不是你的，旋律的原创也不是你的，凭什么不给人家吟唱谁真正窃取烟火作曲人、版权方的权利，一目了然。退一万步，本次翻唱黄已是获得了原唱人的授权，正主都同意了，还有什么好扯的。,1
2025/4/1 19:02,不是版权，是翻唱权,0
2025/4/1 19:04,侵犯我肖像权了哈[黑脸],1
2025/4/1 19:04,顶住[赞][赞][赞]，别怕，只是因为你唱的太好了[玫瑰],0
2025/4/1 19:05,最后这段吟唱旋律是华晨宇18年在歌手改编《孩子》这首歌时创作的，是18年的演唱会上歌迷自发接在《烟火里的尘埃》后面的，之后这么多年演唱会上都是这样唱的，这是歌手与歌迷之间的独有的情感与羁绊，黄只有《烟火》的版权，如果非要把《孩子》后面这段旋律加在自己的改编版里，应该标明出处才对。,0
2025/4/1 19:08,黄霄云翻唱这首歌后就知道会出现这个问题,0
2025/4/1 19:09,离谱,1
2025/4/1 19:10,这次不维权，下次演唱会??和粉丝大合唱就要被黄收版权了,1
2025/4/1 19:10,是授权翻唱烟火里的尘埃，但并没有授权孩子这首歌的吟唱[玫瑰],0
2025/4/1 19:15,还是郁欢好听[小鼓掌],0
2025/4/1 19:17,@,0
2025/4/1 19:19,臭小偷永远糊,1
2025/4/1 19:20,好好聽,0
2025/4/1 19:21,无语很,0
2025/4/1 19:24,你家金子被偷了你可以自认倒霉，但是别人想找回来合情合理。,0
2025/4/1 19:24,@sunshine-yu?? @坡坡吃鱼长身体yu 把我搞笑到了,0
2025/4/1 19:25,我摄像专业  要不我来拍啊？  我不要钱  我就图听个现场 起一身鸡皮疙瘩的那种[抠鼻][抠鼻][抠鼻],0
2025/4/1 19:28,[尬笑],0
2025/4/1 19:28,笑抽了 原来是这么理解的,0
2025/4/1 19:33,都破音了还好听吗,1
2025/4/1 19:34,如果自己的孩子被别人领走，就变成别人生的孩子了，那以后花吟唱这部分还要给她版权费么[捂脸],0
2025/4/1 19:34,华晨宇稳太多了,0
2025/4/1 19:35,我们要搞懂 买了版权不享有标注自己原创的权利,0
2025/4/1 19:35,跳梁小丑,1
2025/4/1 19:36,[发怒],1
2025/4/1 19:37,什么叫模仿又没模仿别打擦边球好吗,1
2025/4/1 19:37,看不懂是吗[憨笑][赞],0
2025/4/1 19:37,孩子那一段，跟我们面包没有任何一点关系。,0
2025/4/1 19:38,[发怒],1
2025/4/1 19:38,哪首呀[捂脸],0
2025/4/1 19:38,这瓜有点大，正版和声变“盗版”？音乐圈的水深着呢~,0
2025/4/1 19:38,不好意思上次开车差点就听到这了，给跳了，主要是这歌,0
2025/4/1 19:38,别骂了你担的担，是我担[抠鼻],0
2025/4/1 19:38,太牛了[赞][赞]拼好歌[赞],0
2025/4/1 19:38,有热度呀 你看她这俩天上的热搜这次热搜中午还是文娱第一 应该也是她上过最好的一条热搜了吧,0
2025/4/1 19:40,所以是改编还是重新创作 这个得说清楚吧,0
2025/4/1 19:40,章呢[泣不成声][泣不成声][泣不成声]，公章在哪[尬笑]（愚人节这样搞？）,0
2025/4/1 19:41,后面的喔喔喔，嘴都没动，是真的在唱吗[泪奔],0
2025/4/1 19:41,可能有的黑红也是红，娱乐圈的就怕别人忘记吧！我作为普通人理解不了吧！有的不是也怕被标签化吗？以后我看到她，就会想到她把别人写的签自己名字可能我不是她的受众,0
2025/4/1 19:43,你唱歌吗,0
2025/4/1 19:46,"二创作者的授权范围：
即使您拥有原作品版权，二创作者对其改编部分仍享有改编权（《著作权法》第13条）。未经其同意，翻唱其改编版本可能侵权。
原作品版权与二创的关系
原作品版权方（如音乐公司）可能未控制二创的版权，除非二创作者已将权利转让给原版权方。
即使原版权方允许您使用原作品，也不代表自动获得二创的授权。
简洁版：黃霄雲侵犯了华晨宇原创旋律署名权，即使买了西楼的《烟火里的尘埃》和《孩子》，也去分别找词人授权，也无权加入华晨宇为改编孩子而独创的旋律",0
2025/4/1 19:47,批皮黑？,1
2025/4/1 19:47,zs 粉来踩一脚是几个意思？回去守你的担吧，我们是音乐魔法师，不是法师，另外你是觉得唱得“好听”就可以挪用另外一首歌的旋律是吧，麻烦不要带节奏谢谢！,1
2025/4/1 19:48,这是认不认输的问题吗[尬笑],0
2025/4/1 19:49,这才是严谨,0
2025/4/1 19:50,就是这首哈《烟火里的尘埃》，微博上有截图，昨天发博文说是她的原创，现在已经删了[尬笑][尬笑],0
2025/4/1 19:50,都在自定义,0
2025/4/1 19:51,蛮好的炒作一个月，双双霸榜[赞][赞][赞][呲牙][呲牙][呲牙],1
2025/4/1 19:52,主要是靠这首歌盈利了,0
2025/4/1 19:53,都是搞艺术的黄霄云会不懂？悲哀啊，搞这种手段，再怎么火也就这样，以后唱的时候也会想起那是偷来的片段，哈哈笑死。,1
2025/4/1 19:53,全球歌迷会是什么组织[呲牙],0
2025/4/1 19:53,哇偶,0
2025/4/1 19:54,对,0
2025/4/1 19:57,你连和声和主旋律都没区分清楚，跟着那班人瞎起哄，稍微懂点声乐知识的，都明白他们在胡搅蛮缠。此事件，华晨宇的粉丝其实是被挑拨的，还没你想得那么简单。原本黄霄雲翻唱，致敬原唱，却被诬陷成偷，要多冤有多冤。,1
2025/4/1 19:58,怎么黄的粉丝已经进化到听不懂人话的地步了吗？,1
2025/4/1 19:59,离谱,1
2025/4/1 20:01,因为??版权只有网易云，而黄只买了词曲后，上架了全网平台，想着钻空利用信息查和??版权限制，把自己营销成女版原唱，从这就可以看出来心思不纯。主要她最后非要偷花那段旋律真的很恶心，演唱会歌迷和花从18年一直唱到今年，如果粉丝不站出来，以后花演唱会唱这个旋律她搞不好还跑出来说这是她的。,1
2025/4/1 20:01,这距离上交给国家还差了什么[震惊],1
2025/4/1 20:01,你一直强调原创，我也懂原创，哪怕是我们还没上热搜的原创歌手，我相信大家应该都会原创。这个是一个音乐理念，我觉得要做的是创新。这样，我想考一下你，我想让你唱一个和声，所以我给你和声，你来唱，你现在唱的是 烟火里的尘埃  是吧？你不唱烟火里的尘埃，你换一个唱吧，你唱孩子。我只要你唱孩子最后一段吟唱。（是烟火里的尘埃的吟唱吗? 这个我是真的不知道）好，那我觉得你应该学习一下，因为作为一个创作者，版权意识很重要，否则你直接把别人的原创据为己有，这个是很可怕的！因为太浮躁了，然后就会标注自己是原创人，你们会影响到观众的，观众一直在听这样的音乐，就以为这样的音乐是标准的，所以我们是不是应该先把版权意识提高一下？,1
2025/4/1 20:02,其他的看不清楚，一个歌迷会，要公章节[尬笑],1
2025/4/1 20:04,??哼哼哼，好声音就一直听你??唱歌了嘞[比心],0
2025/4/1 20:05,啊啊～啊～啊～～～,0
2025/4/1 20:05,请回应质疑,0
2025/4/1 20:06,黄霄云最后的，哦和呃挺好的。拉麦也挺有范的。,0
2025/4/1 20:06,19号等你来九江[灵机一动],0
2025/4/1 20:10,我真的挺喜欢黄霄云的，但是这首歌除了他，没人能唱出来这个味儿[流泪],0
2025/4/1 20:12,一字 干他！[发怒],1
2025/4/1 20:13,作为华晨宇歌迷，我们坚决维护华晨宇先生的音乐，对音乐版权侵害0容忍。敬请黄霄雲女士及其团队正确使用授权，明确创作来源，切勿模糊重点。真挚希望各位从业人员尊重创作者权利，共同促进行业良性发展。,0
2025/4/1 20:15,就是说 买了烟火的版权 并不意味着可以直接搬用《孩子》的原创,0
2025/4/1 20:18,原创金曲榜发的哈，hxy说是自己原创，然后这条博现在删了[尬笑],1
2025/4/1 20:18,本来这个就不是华晨宇的孩子[捂脸],1
2025/4/1 20:19,不然你以为为什么粉丝这么气愤？擅自挪用就算了，还说是自己原创，是个歌手都忍不了呗,1
2025/4/1 20:21,不要脸的女的,1
2025/4/1 20:21,第一次听黄的结尾就听的一样。,0
2025/4/1 20:22,结果和声署名是他自己[捂脸],0
2025/4/1 20:24,孩子原创不是西楼吗[黑脸],1
2025/4/1 20:24,我气笑了[尬笑]@帽宝小饼干yu（佛山见版）,1
2025/4/1 20:24,支持原创 0容忍,0
2025/4/1 20:26,[泪奔][泪奔][泪奔]说的是结尾吟唱部分呀  那里是华晨宇原创,0
2025/4/1 20:27,地下车库的顶级现场[看][看],0
2025/4/1 20:27,还2018呢[泣不成声],0
2025/4/1 20:27,不是有人发给你了吗  打脸不？,1
2025/4/1 20:27,那确实是，西楼没有最后的吟唱,0
2025/4/1 20:28,是°~,0
2025/4/1 20:30,不要脸,1
2025/4/1 20:32,现在小偷这么理直气壮[呲牙],1
2025/4/1 20:33,哦两声？这么简单吗,0
2025/4/1 20:36,你敢说这个什么全球粉丝后援会能代表华晨宇和华晨宇工作室发生吗,1
2025/4/1 20:38,愚人节快乐,0
2025/4/1 20:38,hjl痛斥假同担,1
2025/4/1 20:40,没有关系咋一模一样,1
2025/4/1 20:44,[发怒][发怒][发怒][发怒],1
2025/4/1 20:44,是授权翻唱烟火里的尘埃，但并没有授权孩子这首歌的吟唱[玫瑰],0
2025/4/1 20:45,[疑问]没事吧，这不是什么输赢比赛，这是抄袭不承认？是要还是不要脸？不是认不认输[疑问][疑问][疑问],1
2025/4/1 20:47,这首歌我以前都没听过，听了面包唱以后才知道，好听，喜欢[比心],0
2025/4/1 20:48,拜托，搞清楚，这是认不认输的问题吗[尬笑][尬笑],1
2025/4/1 20:51,可是人家有官方授权哦,0
2025/4/1 20:52,[流泪],0
2025/4/1 20:52,作为华晨宇歌迷，我们坚决维护华晨宇先生的音乐，对音乐版权侵害0容忍。敬请黄霄雲女士及其团队正确使用授权，明确创作来源，切勿模糊重点。,0
2025/4/1 20:53,通过两方声明明确两点： 1. 黄霄雲方并未和华晨宇方沟通过借鉴华晨宇改编《孩子》时创作的旋律。 2. 华晨宇对《烟火里的尘埃》+《孩子》的改编及再创作旋律，具有独创性，全网时间线可查。 3. 黄霄雲取得的授权仅限于《烟火里的尘埃》原作词曲使用版权，但在声明中试图用鸣谢原唱授权来混淆概念。,1
2025/4/1 20:54,@大饭 超绝改编,0
2025/4/1 20:54,up,0
2025/4/1 20:54,@青 这里好听[求求了],0
2025/4/1 20:56,up,0
2025/4/1 20:57,"关于《烟火里的尘埃》翻唱版本涉及《孩子》作品版权事宜的说明：
1. 权利溯源说明：
西楼先生作为《烟火里的尘埃》原曲作者享有基础旋律版权，但华晨宇团队在《孩子》作品中进行的改编创作（包括尾奏吟唱的和声编排）属于独立受保护内容。黄霄雲方在翻唱中使用的是华晨宇团队改编版本中的独创性段落，应当向现版权方获取授权，而非仅追溯原始版本。
2. 具体争议焦点：
经比对发现，《烟火里的尘埃》翻唱中完整沿用了《孩子》尾奏吟唱的核心特征（包括音高走向、节奏型态及和声架构）。这些经二次创作的独创性表达受法律保护，仅标注原唱信息并不能免除改编授权义务。
3. 法律立场重申：
黄霄雲方试图用“技法公共性”掩盖“表达盗用”的本质。三度音乐技法有其公共属性（如三度音程运用），但反对未经许可复制他人作品的独创性表达。黄方在未获授权情况下，直接使用《孩子》改编版本中的和声设计与旋律编排，已构成对改编著作权的侵害。",0
2025/4/1 20:58,那是华晨宇自己写的，和原曲无关,0
2025/4/1 20:58,哪个不是？他用的就是华晨宇原创的版本,0
2025/4/1 20:58,搞得欺负你们一样，是谁没讲道理？[撇嘴],1
2025/4/1 20:59,还以为警报响了,0
2025/4/1 21:00,这篇声明不是避重就轻吗？我们也没质疑过烟火的版权，是它结尾段落的孩子的吟唱[撇嘴],1
2025/4/1 21:01,直接拿过去，标注自己改编的？,1
2025/4/1 21:01,简直是噪音,1
2025/4/1 21:02,看我发的链接，有改编的,0
2025/4/1 21:02,官方授权吟唱段落了吗,0
2025/4/1 21:03,现在能救一个是一个，我真不想看花花出来为这件事情道歉，他忙演唱会已经够累的了,0
2025/4/1 21:03,看我分享的链接,0
2025/4/1 21:04,你能不能懂你们唱的是《烟火里的尘埃》，版权给的是烟火。我们说的是《孩子》，你画的这线里有《孩子》吗？算了，懂也不能说那么久了。歌都不是一首歌非得往有版权的那首粘[尬笑],1
2025/4/1 21:04,是两首歌好吗他只有第一首烟火里的尘埃的版权，第二首孩子是没有版权的ok?你看她发的声明里面有说孩子有版权吗？,1
2025/4/1 21:06,授权的是烟花里的尘埃，可不是孩子哦，你听原版烟火里的尘埃有这段吟唱和声吗，和声编写还标黄霄雲，谁的问题还不清楚吗,1
2025/4/1 21:06,感谢央妈让我们听到了由黄霄雲翻唱的带着华晨宇改编的《孩子》里的和声版的《烟火里的尘埃》,0
2025/4/1 21:06,面包唱的就是好听[赞],0
2025/4/1 21:07,看链接,0
2025/4/1 21:07,动动你那尊贵的手指看看链接，ok？,1
2025/4/1 21:07,其实粉丝的诉求很简单，把这段和声编写出处标注出来,0
2025/4/1 21:08,你觉得一个歌手拥有那么多偏激的粉丝会怎么样？,0
2025/4/1 21:09,可恶??,1
2025/4/1 21:09,是的,0
2025/4/1 21:09,哈哈哈哈哈哈哈哈[捂脸][捂脸][捂脸],0
2025/4/1 21:11,我们吵也吵不出个什么东西来，好吧。她如果觉得自己没有抄袭，可以把证据放出来她作为一个歌手肯定知道旋律和谱子，那首歌里面到底有没有我们又不是专业的,0
2025/4/1 21:11,不能讨论？就没见过被偷家了还不声张的。怕麻烦的人到底是谁呢[宕机],1
2025/4/1 21:12,@世界和平Hope,0
2025/4/1 21:12,我觉得如果真的使用了旋律标出来肯定双方都能接受 关键是感觉好多nc粉在为黑而黑[黑脸],1
2025/4/1 21:12,呵呵，喜欢你的自信，有意思[尬笑],0
2025/4/1 21:12,差点笑吐了[尬笑],0
2025/4/1 21:12,对啊，只能等他们出面回应，我现在是属于能平和一点儿就平和一点儿，不想让过于偏激的粉丝评论败坏花花路人缘,0
2025/4/1 21:13,都2025了，贺峻霖怎么还在偷啊？,1
2025/4/1 21:14,无法沟通的无力感 已注明出处 侵删[看],0
2025/4/1 21:14,B站里全都说花花粉丝怎么怎么样，我都不敢说话[难过][难过][难过],0
2025/4/1 21:14,好家伙，不仅偷创意，把我也偷了[微笑],1
2025/4/1 21:15,对于《烟火里的尘埃》版权及翻唱问题我们从无异议，我们需要黄霄雲回应并整改的是直接挪用华晨宇先生改编《孩子》时编写的旋律及和声，甚至在和声编写中署名自己。黄霄雲女士工作室通篇声明避重就轻，对版权外旋律照搬一事闭口不提，我们只希望黄霄雲工作室正面回应最后吟唱旋律的所属问题。,0
2025/4/1 21:15,过分了黄霄云[憨笑],1
2025/4/1 21:15,我已经被路人骂了好多次了[流泪],1
2025/4/1 21:15,韩国棒子偷咱们文化的时候估计也跟你想的一样,1
2025/4/1 21:15,就是[尬笑],0
2025/4/1 21:17,报警吧 相信人民警察,0
2025/4/1 21:17,我看到的是关于那个和声问题，不是这首歌本身问题，我是不懂音乐，但是哪里副歌，哪里和声啥的我还是知道的，他们不是说和声旋律部分没有被授权吗？你们说的不是同一个东西，我都看出来，你还看不出来啊！我感觉你们两方鸡同鸭讲！,0
2025/4/1 21:17,所以呢。,0
2025/4/1 21:18,我好像也可以哎哎 哎 出来 这没啥难度,0
2025/4/1 21:19,尊重原创0容忍[微笑][玫瑰][玫瑰],0
2025/4/1 21:19,把这个歌竟然唱的好听了,0
2025/4/1 21:19,我不管你们如何吵来吵去，还有这件事闹太大对谁不好，我也不关心。那个最简单的方法，就是她不要翻唱别人的歌当自己单曲，唱自己的歌啊，一劳永逸，就像去年我听的星辰大海，歌词旋律挺好记的，顺口能哼得那种，真心地，我觉得星辰大海这种很适合她,0
2025/4/1 21:20,所以等花花出面回复吧，吵下去什么办法都没有,0
2025/4/1 21:20,抄袭了，承不承认？[憨笑][赞],1
2025/4/1 21:21,[尬笑],0
2025/4/1 21:22,九年义务教育漏了你这条鱼吧,1
2025/4/1 21:22,"问题是这个吟唱本身也不是原版孩子里面的。
那申请啥孩子版权。
这个吟唱本身都没申请过版权应该。",1
2025/4/1 21:23,手又不会点链接，眼睛也不会看，捐了吧,1
2025/4/1 21:23,开屏鸡皮疙瘩立马就起来了[宕机],1
2025/4/1 21:24,他急了。,0
2025/4/1 21:25,他生不生气我不知道 但我知道你肯定生气了[呲牙],0
2025/4/1 21:25,??团建了，来看图,0
2025/4/1 21:25,不必理会了 我感觉像在强制性洗白黄 我都不想鸟他了 老是叫别人点他所谓的链接 难评,1
2025/4/1 21:26,蓝V认证是什么意思你不知道吗[捂脸][捂脸]好的，就算你死不认这张图，不认这个账号也没事，那就请黄霄雲直接回应一下，为什么未获得版权却擅自挪用他人音乐的问题吧,1
2025/4/1 21:26,标注什么？这就是烟火里的曲,0
2025/4/1 21:26,还孩子，花花15唱这个旋律的时候，孩子都没出生呢,0
2025/4/1 21:26,你一直在强调原创，我也懂原创，哪怕是我们还没有上热搜的原创歌手，我相信大家应该都擅长原创。这个是一个音乐理念，我觉得要做的是创新。这样，我想考一下你，我想让你唱一个和声，所以我给你和声，你来唱，你现在唱的是烟火里的尘埃是吧？你不唱烟火里的尘埃，你换一个唱吧，你唱孩子。我只要你唱孩子的最后一段吟唱。（黄霄云：是烟火里的尘埃的吟唱吗? 这个我是真的不知道/捂脸 /OK ）好，那我觉得你应该学习一下，因为作为一个创作者，版权意识很重要，否则你直接把别人的原创据为己有，这个是很可怕的！因为太浮躁了，然后就会标注自己是原创人，你们会影响到观众的，观众一直在听这样的音乐，就以为这样的音乐就是标准的，所以我们还不是应该先把版权意识提高一下？,1
2025/4/1 21:27,三无产品，不如厕纸,1
2025/4/1 21:27,现在就开始冤枉花花被骂法师是歌迷惹的[尬笑]明明是营销号惹出来的现在开始说成是歌迷了[尬笑],1
2025/4/1 21:27,别人是不是傻的我不知道，但你在装傻我是知道了[捂脸][捂脸]就是不正面回应那段吟唱问题,1
2025/4/1 21:27,他就是这个套路不用理。一眼就看出来了。,1
2025/4/1 21:28,他本来就急了牛头对不上马嘴一样 笑吐了,1
2025/4/1 21:28,他删评了[笑哭][笑哭][笑哭][笑哭],0
2025/4/1 21:29,哈哈哈哈哈哈[笑哭][笑哭][笑哭][笑哭][笑哭],0
2025/4/1 21:29,说中了心虚了[捂脸],1
2025/4/1 21:29,我评论区有位说我跟你们瞎起哄，不过她说的跟你们说的不是同一个东西！她说的是歌本身，你们说的最后和声部分，咋阅读理解这么难呢，不是同一个东西……那个什么全球什么的发的声明我也看了。还是讲的和声部分没有被授权的意思,0
2025/4/1 21:30,大割不仅没有《孩子》的版权，连孩子的抚养权也没有[捂脸],1
2025/4/1 21:30,差点给我笑吐了[捂脸][捂脸],0
2025/4/1 21:30,这么长的哎～怎么做到面无表情的[捂脸],0
2025/4/1 21:31,但他有吟唱啊[呲牙],0
2025/4/1 21:31,大割不仅没有《孩子》的版权，连孩子的抚养权也没有[捂脸],1
2025/4/1 21:31,这不是改编版《孩子》尾奏的吟唱吗[宕机][宕机][宕机],0
2025/4/1 21:31,？,0
2025/4/1 21:31,那就是烟火里的旋律,0
2025/4/1 21:32,是的  他有一个孩子[呲牙],0
2025/4/1 21:33,@华星烁yu（鸡窝鸡窝蚕蛹见证者） @鸡窝鸡窝蚕蛹  I don't know～,0
2025/4/1 21:34,这是嘴硬[送心],1
2025/4/1 21:34,专业的,0
2025/4/1 21:35,偷子啊,1
2025/4/1 21:35,那是华晨宇创作的旋律[我想静静],0
2025/4/1 21:35,烟火原版有这一段吗？,0
2025/4/1 21:36,华晨宇还是很有才的，年轻一代里他算头一号了吧,0
2025/4/1 21:36,真的高[石化],0
2025/4/1 21:36,授权是烟火关《孩子》什么事[黑脸],1
2025/4/1 21:38,是的 关孩子什么事有孩子音调是怎么回事,1
2025/4/1 21:39,这嗷嗷的两嗓子，给我鸡皮疙瘩嗷嗷一地[震惊][震惊][震惊],1
2025/4/1 21:39,我是黑的一辈子都是黑的[微笑][微笑][微笑][微笑],1
2025/4/1 21:40,黄霄云粉丝偷还没脸没皮,1
2025/4/1 21:41,回家吧,0
2025/4/1 21:41,...耳聋[捂脸],1
2025/4/1 21:43,花花改编的孩子版权，歌手拿来参加比赛了,0
2025/4/1 21:43,很惊讶第一次见到到这么很可爱又很礼貌的面包      无关对错祝你听好歌过好生活[憨笑],0
2025/4/1 21:44,好好听听 再说话[好开心],0
2025/4/1 21:45,这是黄霄云认错的事@黄霄雲（巡演版）,0
2025/4/1 21:46,"二创作者的授权范围：
即使您拥有原作品版权，二创作者对其改编部分仍享有改编权（《著作权法》第13条）。未经其同意，翻唱其改编版本可能侵权。
原作品版权与二创的关系：
原作品版权方（如音乐公司）可能未控制二创的版权，除非二创作者已将权利转让给原版权方。
即使原版权方允许您使用原作品，也不代表自动获得二创的授权。
简洁版：黃霄雲侵犯了华晨宇原创旋律署名权，即使买了西楼的《烟火里的尘埃》和《孩子》，也去分别找词人授权，也无权加入华晨宇为改编孩子而独创的旋律",0
2025/4/1 21:46,好不要脸哦，可能偷习惯了，这种行为我们真的是学不会呢。,1
2025/4/1 21:46,人红是非多……不要理会那些喷子[赞]做好自己，加油[赞][赞][赞][赞],0
2025/4/1 21:47,@叶叶叶湘伦 @Eiei @玛卡八嘎 @大耳朵图钉 @懒得改名 @梨点 @小洋晚安zZ,0
2025/4/1 21:47,他是续写  不是直接用了烟火里的旋律,0
2025/4/1 21:47,小tou好棒哦，连偷带拿,1
2025/4/1 21:48,"二创作者的授权范围：
即使您拥有原作品版权，二创作者对其改编部分仍享有改编权（《著作权法》第13条）。未经其同意，翻唱其改编版本可能侵权。
原作品版权与二创的关系：
原作品版权方（如音乐公司）可能未控制二创的版权，除非二创作者已将权利转让给原版权方。
即使原版权方允许您使用原作品，也不代表自动获得二创的授权。
简洁版：黃霄雲侵犯了华晨宇原创旋律署名权，即使买了西楼的《烟火里的尘埃》和《孩子》，也去分别找词人授权，也无权加入华晨宇为改编孩子而独创的旋律",0
2025/4/1 21:48,某艺人也不是第一次这么做了,1
2025/4/1 21:48,你们抄袭还有理了[吐彩虹],1
2025/4/1 21:49,你找他现场那个,1
2025/4/1 21:49,@Plan B,0
2025/4/1 21:50,合法合规[愉快][愉快][愉快],0
2025/4/1 21:50,那是烟火里的旋律。是西楼的作曲,0
2025/4/1 21:51,不伤嗓子,0
2025/4/1 21:51,她们这么搞 把正主搞得好尴尬,0
2025/4/1 21:51,好的音乐作品就应该肆意传唱。,0
2025/4/1 21:52,咋个那么不要脸[泣不成声],1
2025/4/1 21:52,后面也是头声，她哨音一般都是D7以上才用,0
2025/4/1 21:52,是,0
2025/4/1 21:53,@zy2 @6 @音眠 [捂脸]写出那段吟唱旋律的真的是天才啊啊啊啊[憨笑][憨笑][憨笑]太好听了[捂脸][憨笑][666][666]我18年听过后一直不能忘记啊啊啊啊啊啊[流泪][赞][玫瑰][玫瑰][玫瑰]烟火里的孩子太好听了[流泪][玫瑰][玫瑰][玫瑰][玫瑰][赞][赞][赞][赞],0
2025/4/1 21:53,98.12.22,0
2025/4/1 21:53,98.12.22生日,0
2025/4/1 21:54,孩子是华晨宇原创？？？？？？,0
2025/4/1 21:55,不得不说 华晨宇唱的好好听,0
2025/4/1 21:55,谁发原创了？黄霄雲说是她原创了吗？作为原创歌手哪些原创哪些不是原创还不知道吗。我相信黄霄雲，你相信营销号。,1
2025/4/1 21:55,[抠鼻],1
2025/4/1 21:56,唱高音除了特殊情况下本身就不需要张大嘴,0
2025/4/1 21:57,@摸鱼半永久 哈哈哈哈哈哈哈哈哈,0
2025/4/1 21:57,高音有分很多种的。,0
2025/4/1 21:57,为啥我感觉郁欢唱的好听[捂脸][捂脸],0
2025/4/1 21:58,真的不是谁的粉丝，但是说实话，这首歌，我只认华晨宇[微笑],0
2025/4/1 21:59,我就是 现在听各个版本。,0
2025/4/1 21:59,一群无聊的人,1
2025/4/1 22:00,但是黄女士方买的是14年的授权，15年的演唱会即兴跟现在听来还是有点不一样，完全能找出一模一样的，就是孩子的和声和你们所谓原创的和声，不管怎么样，这段和声都不是黄女士原创,1
2025/4/1 22:00,笑死[捂脸],0
2025/4/1 22:01,"孩子吟唱是属于华晨宇的原创 不属于西楼也不属于2014棚版即原版的“烟火里的尘埃”！
1-2015演唱会版本是华晨宇创作改编过的并不是黄买的原版小烟
2-和声是华晨宇2018歌手节目现做的，根本不一样！
3- 请去听14版录音室版，那才是西楼参与的原版！而黄家从始至终只有原词曲的版权而已！
 吟唱部分不是烟火的！也不是西楼的！黄并没有买这部分的版权！",1
2025/4/1 22:02,你相信你相信呗，我不阻止你相信，但是事实就是事实，既然你这么说那你也知道这不是她原创是吧，那就请回应一下为什么没有获得版权却把华晨宇改编版《孩子》吟唱部分放进自己的翻唱里吧[比心][比心],1
2025/4/1 22:04,牙都笑掉了这是认输的问题吗避重就轻，侵权还绝不认输~无敌了@怨种小林 [绝望的凝视],1
2025/4/1 22:04,那你笑死了吗[泣不成声],1
2025/4/1 22:06,@抖音小助手 @DOU+小助手,0
2025/4/1 22:06,课本上的百灵鸟具象化了,0
2025/4/1 22:06,比原唱好听太多[赞],0
2025/4/1 22:06,妈呀。。。。我是真无语了,0
2025/4/1 22:07,只要工作室出了个鬼声明，然后粉丝就能以此回怼。这个我们也见过，讲不听的,1
2025/4/1 22:08,只喜欢华晨宇唱的，拒绝抄袭和偷窃,1
2025/4/1 22:08,支持维权！,0
2025/4/1 22:09,[看]幽默,0
2025/4/1 22:09,这不是照搬是什么[可怜],1
2025/4/1 22:09,要脸吗[捂脸],1
2025/4/1 22:11,太好听了吧[流泪][流泪][流泪],0
2025/4/1 22:12,解释一下？,0
2025/4/1 22:12,姐 你快解释解释版权事情啊 真的好担心[泣不成声],0
2025/4/1 22:13,不管什么发生什么事 我们一直支持你！,0
2025/4/1 22:15,说是买西瓜，结果转头把人家的哈密瓜顺走了，还觍着脸非说自己给钱了，就该是自己的[流泪],1
2025/4/1 22:15,bushi[憨笑]这。？,0
2025/4/1 22:15,可是你的两个孩子一个人觉得他们两个是兄弟，可以起到一个连接的作用，让大家更好的看清其中的故事，于是给《孩子》穿了一个衣服，就是结尾的那个吟唱，然后有一个人经过你的同意，带你其中的一个孩子出去玩儿，偷了别人给另一个孩子穿的衣服，但是另一个孩子的衣服是别人自己做的，在自己家的，因为这个人想要带一个孩子出去玩儿，觉得这个孩子穿另一个孩子的衣服好看，所以就偷走了别人放在家里的衣服，这是什么意思？,0
2025/4/1 22:15,@^檀晓希^ 。？[困],0
2025/4/1 22:17,一般人这样飙会不会高血压,0
2025/4/1 22:17,对于翻唱（她标明了原创）我们是没有任何意见的！她加的那一段属于华晨宇的另外一首歌—《孩子》并且还标注自己写的，这已经属于偷盗行为！ 原创不易，支持维权！！！,1
2025/4/1 22:17,别了 他不配哈,1
2025/4/1 22:18,你家黄姐姐好棒啊！！！会原创诶！！！,0
2025/4/1 22:19,这条热搜里好几个路人几分钟就看明白了 对面粉丝吵一周了还表示看不懂我们说什么对面工作室到现在都只字不提后面那段旋律,1
2025/4/1 22:19,搁这装啥？,1
2025/4/1 22:20,不是，但是她用的孩子的旋律是华晨宇原创的，原创的孩子没有这段旋律,0
2025/4/1 22:20,这个声明里没有回应擅自使用华晨宇创作的吟唱部分问题（挪用且未标注），我只说希望能够对此问题进行回应，我没有质疑过她翻唱烟火里的尘埃哈，她买了烟火里的尘埃原版的版权自然可以唱，但是不属于原版的她没有权利加进去，我认真看了你发的也请你正面回应我问得，希望你不要被“声明”两字蒙蔽眼睛，里边没回应这个问题,1
2025/4/1 22:21,这段美好的旋律是华晨宇的独创，承载了花火的记忆,0
2025/4/1 22:21,糊面包 打擦边 低空飞过法律线 落在道德线边边 无人问花花意见 大裁缝 手中线 悄悄就把两歌连 被发现 还狡辩 只有声明已授权,1
2025/4/1 22:22,脸皮跟你偶像一样厚就行   有脸说就行哈,1
2025/4/1 22:22,顺便说一下哈，我没有造谣，我实话实说，也只是希望回应“为什么擅自挪用华晨宇创作的吟唱部分，且未标注来源”这一个诉求，只要回应了啥事没有哈,0
2025/4/1 22:23,听不懂的，回家吧孩子,1
2025/4/1 22:23,[宕机]不是说黄很有实力吗,1
2025/4/1 22:24,对，我讲东他们说西[捂脸][捂脸]就是不正面回答实际的侵权问题,1
2025/4/1 22:24,华晨宇歌迷坚决维护歌手华晨宇的音乐,0
2025/4/1 22:24,小偷都到门口了，还不急吗,1
2025/4/1 22:26,哈哈哈哈哈哈哈牛啊,0
2025/4/1 22:27,孩子的和声是2015年烟火里面的哦[比心],0
2025/4/1 22:27,怎么哪都有周深粉丝[捂脸],1
2025/4/1 22:27,那么问题来了，你上传的这个声明是粉丝会发的，人家的声明是工作室发的，对比之下，你能看出有哪里不同吗？,0
2025/4/1 22:28,??咬人,1
2025/4/1 22:29,NPC[黑脸],1
2025/4/1 22:29,算偷喔,1
2025/4/1 22:30,"二创作者的授权范围：
即使您拥有原作品版权，二创作者对其改编部分仍享有改编权（《著作权法》第13条）。未经其同意，翻唱其改编版本可能侵权。
原作品版权与二创的关系
原作品版权方（如音乐公司）可能未控制二创的版权，除非二创作者已将权利转让给原版权方。
即使原版权方允许您使用原作品，也不代表自动获得二创的授权。
简洁版：黃霄雲侵犯了华晨宇原创旋律署名权，即使买了西楼的《烟火里的尘埃》和《孩子》，也去分别找词人授权，也无权加入华晨宇为改编孩子而独创的旋律",0
2025/4/1 22:30,我有一个孩子[呲牙],0
2025/4/1 22:30,最后的吟唱部分 不是！！那是《孩子》的，不是烟火的！！！,1
2025/4/1 22:30,@迎着晨光离开yu（听过武汉小天版） @西木子yu. @向阳而生! 笑死我了,0
2025/4/1 22:31,我也有一个孩子[呲牙],0
2025/4/1 22:31,官博说的自己看吧他即兴在2018年,0
2025/4/1 22:32,侵权,1
2025/4/1 22:32,"二创作者的授权范围：
即使您拥有原作品版权，二创作者对其改编部分仍享有改编权（《著作权法》第13条）。未经其同意，翻唱其改编版本可能侵权。
原作品版权与二创的关系
原作品版权方（如音乐公司）可能未控制二创的版权，除非二创作者已将权利转让给原版权方。
即使原版权方允许您使用原作品，也不代表自动获得二创的授权。
简洁版：黃霄雲侵犯了华晨宇原创旋律署名权，即使买了西楼的《烟火里的尘埃》和《孩子》，也去分别找词人授权，也无权加入华晨宇为改编孩子而独创的旋律",0
2025/4/1 22:32,恭喜啊，要给你办几桌吗[调皮],0
2025/4/1 22:33,峰峻妹懂了,0
2025/4/1 22:33,买了一首歌 就等于 买了西楼所有的歌吗[捂脸],0
2025/4/1 22:34,@春日零碎曲 @小丸 @一一. @陈媤夏（见过王一博版） @盐闲 @12.04 @莲夕^-^ 我要笑死了,0
2025/4/1 22:34,@吴所味 @噗叽噗叽歪 笑死我了,0
2025/4/1 22:37,不能说很像，只能说一毛一样[尬笑],0
2025/4/1 22:37,乐坛毒瘤是这样的啦,1
2025/4/1 22:37,长耳朵没有 原版根本没这一段,0
2025/4/1 22:37,黄霄雲并没有华晨宇即兴创作的旋律授权，根据著作权法，作品创作完成即自动享有著作权，不论是否发表。未发表作品的著作权同样受法律保护，他人未经许可使用，有权要求侵权人承担停止侵害、消除影响、赔礼道歉、赔偿损失等法律责任。,0
2025/4/1 22:38,@只要三分糖 [捂脸][捂脸][捂脸],0
2025/4/1 22:38,不行了要笑死我了@酸甜锅包肉 @3yic @脆脆鲨? @不要犯困 @既白yu??（24鸟巢后遗症版 @轩轩恒成立 @Eghver. @粽子（5.3有票版 @你有斑??? @山城u.(见过王源版) @呆呆鱼 @小鸡炖蘑菇,0
2025/4/1 22:38,你跟他们讲不通的,1
2025/4/1 22:38,对原唱情有独钟，其他的听着内心没有什么波澜！,0
2025/4/1 22:39,赶紧去告，要是觉得华全歌说话不算那你们赶紧去告,1
2025/4/1 22:39,你好，你的粉丝说你翻唱的烟火里的尘埃最后的吟唱是你的原创，你认同吗？,0
2025/4/1 22:39,哎，我真的不知道有什么好吵的，她挪用了，说一声不就好了吗？他标注一下不就好了吗？那他如果是自己原创的，那把证据放出来不就好了在这里争什么？是你我争一下，他俩事情就被实锤了?本人都没有出来发话吵啥啊,0
2025/4/1 22:40,这肺活量,0
2025/4/1 22:40,?1[送心],0
2025/4/1 22:40,某人歌迷太疯狂了[笑哭]正主都没动作呢,0
2025/4/1 22:41,原来抄袭的事情不认输就能过去了呀～,1
2025/4/1 22:41,一个翻唱哪来的版权[疑问][疑问][疑问]你告诉我他有什么权,1
2025/4/1 22:42,无奈了，他们也不见得不知道这是侵权行为，拒不承认罢了[困][困],1
2025/4/1 22:42,这是认不认输的问题吗？这是抄不抄袭 要不要face的问题 [呲牙][呲牙][捂脸],1
2025/4/1 22:42,怎么，现在授权还买一送一？,1
2025/4/1 22:43,碧莲是不要的[捂脸][捂脸]耳朵是没有的眼睛也是瞎的,1
2025/4/1 22:43,别管，明明是和hxy有关结果zs粉丝非要插一脚,1
2025/4/1 22:43,工作室自然会处理，没必要为难面包吧[尬笑]，到处发[尬笑][尬笑],1
2025/4/1 22:43,天娱认证的蓝V号也是三无上了，你们hxy的工作室也是蓝V号哦[憨笑][比心],0
2025/4/1 22:44,问题是 这段吟唱不就是烟火里的和声走向吗,0
2025/4/1 22:44,华晨宇全球歌迷会是歌迷自发组织的，并得到艺人经纪公司授权的非营利性民间组织，根据《社会团体印章管理规》规定，艺人团体不得使用公章，这是违法行为。华晨宇全球歌迷会发表严正声明代表的是歌迷的整体意志，具有官方权威性。声明底下仅写了华晨宇全球歌迷会，而非艺人公司及其经纪公司，不需要加盖公章。其次华晨宇全球歌迷会有微博蓝V认证，蓝V是经过艺人经纪公司授权认证才有的，具有一定的官方属性。请黄霄雲及其歌迷正视我方诉求，不要试图从严正声明中找你方自以为的逻辑漏洞，试图证明这不是官方，不具有代表性。,1
2025/4/1 22:44,主人的话要好好听哦[赞][赞][赞],0
2025/4/1 22:44,懂了，收钱了，每次都是你[憨笑][比心],1
2025/4/1 22:45,结尾偷歌了已经,1
2025/4/1 22:45,还以为烟火里的尘埃是华晨宇的的歌呢。别人问我我还推这首歌[捂脸],0
2025/4/1 22:45,你们一直说侵权就快去告吧,1
2025/4/1 22:45,她去唱她的美声去吧，唱流行太难听了！,1
2025/4/1 22:46,[比心][赞],0
2025/4/1 22:46,怎么说呢，这结论还是下的太立断了，黄霄云并没有向华晨宇解释，华晨宇也没有向我们解释，黄霄云到底是由自己改编的高度吻合，还是挪用的这个尚且未知，我们还不能就那么下结论是黄霄云抄袭，但不过他确实有错误,0
2025/4/1 22:46,华晨宇全球歌迷会是歌迷自发组织的，并得到艺人经纪公司授权的非营利性民间组织，根据《社会团体印章管理规》规定，艺人团体不得使用公章，这是违法行为。华晨宇全球歌迷会发表严正声明代表的是歌迷的整体意志，具有官方权威性。声明底下仅写了华晨宇全球歌迷会，而非艺人公司及其经纪公司，不需要加盖公章。其次华晨宇全球歌迷会有微博蓝V认证，蓝V是经过艺人经纪公司授权认证才有的，具有一定的官方属性。请黄霄雲及其歌迷正视我方诉求，不要试图从严正声明中找你方自以为的逻辑漏洞，试图证明这不是官方，不具有代表性。,1
2025/4/1 22:46,就是华晨宇的啊,0
2025/4/1 22:46,本来就是华晨宇的歌啊华晨宇是原唱有什么问题吗,0
2025/4/1 22:46,华晨宇,0
2025/4/1 22:46,这唱的，我差点没听出来是孩子和声我的孩子啊啊啊啊,0
2025/4/1 22:46,不是他唱的,0
2025/4/1 22:47,公章,0
2025/4/1 22:47,碧莲是不要的[捂脸][捂脸]耳朵是没有的眼睛也是瞎的[微笑],1
2025/4/1 22:48,太牛这个哈哈哈哈直接总结,0
2025/4/1 22:49,明明就是华晨宇新写的啊,0
2025/4/1 22:49,原唱就是华晨宇,0
2025/4/1 22:50,事实已经摆在眼前了，hxy粉丝无端对华晨宇和粉丝的人身攻击，造谣辱骂我们都看在眼里，网络不是法外之地,1
2025/4/1 22:50,带上耳朵听一听烟火的间奏,0
2025/4/1 22:50,"华晨宇全球歌迷会是歌迷自发组织的，并得到艺人经纪公司授权的非营利性民间组织，根据《社会团体印章管理规》规定，艺人团体不得使用公章，这是违法行为。华晨宇全球歌迷会发表严正声明代表的是歌迷的整体意志，具有官方权威性。
声明底下仅写了华晨宇全球歌迷会，而非艺人公司及其经纪公司，不需要加盖公章。其次华晨宇全球歌迷会有微博蓝v认证，蓝v是经过艺人经纪公司授权认证才有的，具有一定的官方属性。
请黄霄雲及其歌迷正式我方诉求，不要试图从严正声明中找你方自以为的逻辑漏洞，试图证明这不是官方，不具有代表性。",1
2025/4/1 22:51,????,0
2025/4/1 22:51,长得不一样了,0
2025/4/1 22:51,你不用认输[泪奔]黄霄云认错就行了[泪奔],1
2025/4/1 22:52,第一次听她唱歌还是16岁，现在已经这么漂亮了[惊喜]还记得当时唱的是《鱼》，最近一首《我的父亲是瓦匠》又把她推上了一个新高度[流泪],0
2025/4/1 22:52,@小镇里的花虫,0
2025/4/1 22:53,以为手机边框坏了,0
2025/4/1 22:53,@Maybe. [泪奔],0
2025/4/1 22:53,不是的  最后那段吟唱旋律是另外一首歌《孩子》里的  网易云能听到,0
2025/4/1 22:53,支持原创！拒绝擦边球行为！,0
2025/4/1 22:55,从始至终我们只是在疑惑为什么黄霄云翻唱的烟火里的尘埃这首歌要标明他是原唱。而且最后出现了不属于烟火里的尘埃这首歌的旋律。将孩子这首歌最后的吟唱加入烟火里的尘埃是华晨宇和粉丝之间的默契和美好回忆，我们只是不想华晨宇的改编变成别人的东西,0
2025/4/1 22:55,耳朵出血赔钱,1
2025/4/1 22:56,也是第一次知道绝不认输可以用在这里 难道不应该赶紧解释滑跪嘛[黑脸],1
2025/4/1 22:56,[噢买尬],0
2025/4/1 22:56,[九转大肠][九转大肠][九转大肠][九转大肠],0
2025/4/1 22:56,@财神阿晨yu [泪奔],0
2025/4/1 22:57,支持维护版权，音乐美术文学等等艺术作品，都必须无条件维护原创,0
2025/4/1 22:57,@黄霄雲的雲上面包坊 你方粉丝总说这是废纸，要不你去找@华晨宇全球歌迷会官博， 有人质疑你的声明呢@华晨宇全球歌迷会官博 ，咱就是说，要是工作室发声明盖公章，你们又该不乐意了,1
2025/4/1 22:57,太牛逼了,0
2025/4/1 22:57,或者来说，就相当于李袁杰一样的操作，把几首热歌的旋律裁剪出来，拼在一起，然后说：这是我原创的歌[泪奔],1
2025/4/1 22:57,我对乐盲已然无话可说,1
2025/4/1 22:57,有没有可能是两个人想到一块了，随意哼出来的，这么较真干嘛[捂脸],0
2025/4/1 22:58,图片评论,0
2025/4/1 22:58,不好听[尬笑][尬笑],1
2025/4/1 22:59,华晨宇在维多利亚港开演唱会对着哥哥自杀的那个方向说 ，  他爱张国荣的一切，不仅仅是音乐，我哭了，我以前听港乐最喜欢哥哥 ，现在也喜欢华晨宇。,0
2025/4/1 22:59,点了,0
2025/4/1 23:00,怎么好意思说出这句话的[尬笑][尬笑]我都替你害臊,1
2025/4/1 23:00,不能说毫无关系。只能说一模一样，还标榜自己原创，创作型歌手，华语歌坛到处去蹭别人火的歌,1
2025/4/1 23:00,来咯,0
2025/4/1 23:00,这段吟唱如果给她偷成功了，以后我们每场演唱会必合唱的旋律就要通通向她申请了，你懂吗。自己的东西以后要用都要申请授权了！这不严重吗？是哦两声？那么容易写出来的东西她怎么偷了？,1
2025/4/1 23:00,绝不认偷还差不多,1
2025/4/1 23:00,支持[憨笑]学音乐的都不用扒谱子一听就出来了[憨笑],0
2025/4/1 23:01,这小偷，唱的这么刺耳怎么敢偷人家代表作的，不自量力,1
2025/4/1 23:01,都不是那一段就放出来,1
2025/4/1 23:02,这段吟唱如果给她偷成功了，以后我们每场演唱会必合唱的旋律就要通通向她申请了，你懂吗。自己的东西以后要用都要申请授权了！这不严重吗？是那么容易写出来的东西她怎么偷了？,1
2025/4/1 23:02,这还无聊吗？,0
2025/4/1 23:02,天哪，我作为黄霄雲粉丝，如果有人翻唱她的歌，会感到很高兴，这怎么反过来了，真的是逆天,0
2025/4/1 23:02,哪儿都有你[尬笑],1
2025/4/1 23:03,原唱就是原唱 只有原唱有那种感觉,0
2025/4/1 23:04,不理解…,0
2025/4/1 23:04,@[抱抱你][抱抱你][抱抱你],0
2025/4/1 23:05,专业演员[捂脸],0
2025/4/1 23:05,一句话证明你看过四川芬达[尬笑],0
2025/4/1 23:06,所以孩子原创不是西楼？,0
2025/4/1 23:06,你听听孩子结尾的吟唱是不是烟火的旋律？,0
2025/4/1 23:07,这难道不是来源于这个模版吗很多家都有吧？,0
2025/4/1 23:07,@叽哩咕噜噜?? 离谱,1
2025/4/1 23:07,音准很好，高兴很通透，也没有卡嗓，但从我专业角度看呢，车位线划得不是很清晰！,1
2025/4/1 23:07,哪个的粉丝抽象？,1
2025/4/1 23:07,心里门清,0
2025/4/1 23:08,我的天呐??路人刷到吃瓜才发现这个歌居然是黄霄云唱的！一直觉得很好听！！！,0
2025/4/1 23:08,有扒谱吗？,0
2025/4/1 23:08,很难题解吗这句话[噢买尬],0
2025/4/1 23:08,[尬笑][尬笑]你甚至没有听过《孩子》这首歌，那段旋律是华晨宇原创的。,0
2025/4/1 23:09,黄唱得好听[赞][赞],0
2025/4/1 23:09,黄霄云粉丝最好搞清楚，华晨宇全球歌迷会是蓝V官号，代表的不是华晨宇工作室，而是天娱传媒，没盖章代表已经很给你们台阶了，但凡工作室下场说明，就是明星之间撕破脸，抄袭的一方真的在行业里头都抬不起来，我们家处理的已经很体面了你们是真不怕给正主招黑,1
2025/4/1 23:10,[微笑][微笑][微笑]乐盲[微笑],0
2025/4/1 23:11,这么巧呢[泪奔]那是不是可以说所有抄袭都是巧合了[泪奔],1
2025/4/1 23:11,用耳朵听都很明显的还要扒谱吗，你真要扒谱的也搜的出来有人做了，,0
2025/4/1 23:11,我的两首白月光，我特么，对黄彻底无感了[酷拽][酷拽][酷拽][酷拽],1
2025/4/1 23:11,《孩子》是只字不提啊？,0
2025/4/1 23:12,需要扒吗 孩子的吟唱本来就是hcy续写的烟火 里面的和声走向都是原曲烟火的,0
2025/4/1 23:12,你用[猪头]耳好好听听,1
2025/4/1 23:12,谁理你有几个啊你生八个都跟我们没关系[泪奔]少扭曲话题[捂脸],1
2025/4/1 23:13,不懂的可以看看这个。比如你开了家水果店，我去你家买了个西瓜，然后又拿了个桃子，你拦着我问：你怎么没给桃子钱？我说我付过西瓜的钱了啊，然后拿着西瓜和桃子一起走了。旁边的路人看到后，指责你说：做买卖就要大气一点，人家都花钱买西瓜了，你给个桃子怎么了？现在就是这个情况，如果你们都能接受的话，开个店我们都去光顾一下[比心][比心],0
2025/4/1 23:13,最后这段吟唱烟火里的尘埃原版根本没有好吗 是18年华晨宇重新创作的！如果真的是原版里有的 授权都授权了还会在这说她抄袭？,1
2025/4/1 23:13,她演唱会现场也不是口型很大的，可能是技巧吧,0
2025/4/1 23:13,“了了晴山见，纷纷宿雾空”光会越过黑暗，打破一切困境找到答案，面包[比心][比心][比心][比心][比心][比心][比心],0
2025/4/1 23:13,啊？烟火里的尘埃原唱就是华晨宇啊，怎么理解的啊？,0
2025/4/1 23:13,Hxy也是蹭到了一波热度了,0
2025/4/1 23:14,实力歌手[鼓掌],0
2025/4/1 23:14,这是黄女士的事,0
2025/4/1 23:14,这就好比，A去超市买水果，买了一个西瓜 顺了一个桃子，付钱的时候只付西瓜钱，现在要桃子钱，就说 已经买了西瓜。。请问一下 买了西瓜 就得送桃子吗？她有烟火的版权 就也有了孩子的版权吗？,1
2025/4/1 23:14,怎么感觉不是地下室唱的，可能拍摄的人的问题,0
2025/4/1 23:14,招笑了属于是,0
2025/4/1 23:14,如果用公章，可能就不是这么简单了,0
2025/4/1 23:15,嫉妒她的人太多了，一天就盯着霄雲鸡蛋里面挑骨头，而且是硬黑，就是想败霄雲的路人缘。我希望她能在这些挫折中成长，变得更强大，有更多好的作品。,0
2025/4/1 23:15,"二创作者的授权范围：
即使您拥有原作品版权，二创作者对其改编部分仍享有改编权（《著作权法》第13条）。未经其同意，翻唱其改编版本可能侵权。
原作品版权与二创的关系：
原作品版权方（如音乐公司）可能未控制二创的版权，除非二创作者已将权利转让给原版权方。
即使原版权方允许您使用原作品，也不代表自动获得二创的授权。
简洁版：黃霄雲侵犯了华晨宇原创旋律署名权，即使买了西楼的《烟火里的尘埃》和《孩子》，也去分别找词人授权，也无权加入华晨宇为改编孩子而独创的旋律",0
2025/4/1 23:15,后面吟唱段可以标注出处嘛小姐姐[调皮],0
2025/4/1 23:15,黄小姐你好，你翻唱的烟火里的尘埃最后那段吟唱是你的原创[比心],0
2025/4/1 23:15,不是大兄弟 这歌本来就是华晨宇的歌,0
2025/4/1 23:16,快给大哥标注啊,1
2025/4/1 23:16,我只是说唱的好听,0
2025/4/1 23:16,为什么没有章人家不是说了[宕机],1
2025/4/1 23:16,笑死我了，好抽象[捂脸],0
2025/4/1 23:17,去看胎教资料吧 那才是你该看的,1
2025/4/1 23:17,"二创作者的授权范围：
即使您拥有原作品版权，二创作者对其改编部分仍享有改编权（《著作权法》第13条）。未经其同意，翻唱其改编版本可能侵权。
原作品版权与二创的关系
原作品版权方（如音乐公司）可能未控制二创的版权，除非二创作者已将权利转让给原版权方。
即使原版权方允许您使用原作品，也不代表自动获得二创的授权。
简洁版：黃霄雲侵犯了华晨宇原创旋律署名权，即使买了西楼的《烟火里的尘埃》和《孩子》，也去分别找词人授权，也无权加入华晨宇为改编孩子而独创的旋律",0
2025/4/1 23:17,孩子吟唱部分难听？,1
2025/4/1 23:17,[尬笑][尬笑]你说破天那段吟唱就不是烟火里的，是华晨宇写的烟火的续集，是2018年歌手里写的,0
2025/4/1 23:19,我说整首歌翻唱的难听,1
2025/4/1 23:19,合法啥呀[捂脸],1
2025/4/1 23:19,@懒羊羊哇 哈哈哈哈哈哈哈哈哈,0
2025/4/1 23:19,你一直在强调原创，我也懂原创，哪怕是我们还没有上热搜的原创歌手，我相信大家应该都擅长原创。这个是一个音乐理念，我觉得要做的是创新。这样，我想考一下你，我想让你唱一个和声，所以我给你和声，你来唱，你现在唱的是烟火里的尘埃是吧？你不唱烟火里的尘埃，你换一个唱吧，你唱孩子。我只要你唱孩子的最后一段吟唱。（黄霄云：是烟火里的尘埃的吟唱吗? 这个我是真的不知道/捂脸 /OK ）好，那我觉得你应该学习一下，因为作为一个创作者，版权意识很重要，否则你直接把别人的原创据为己有，这个是很可怕的！因为太浮躁了，然后就会标注自己是原创人，你们会影响到观众的，观众一直在听这样的音乐，就以为这样的音乐就是标准的，所以我们还不是应该先把版权意识提高一下？,1
2025/4/1 23:20,这段旋律就是独属于华晨宇的，哪怕15年就有了，那也是花花改编的，而不是西楼原版的[玫瑰],0
2025/4/1 23:21,歌手没叫，下面的粉丝一个个比谁都叫得凶[泪奔],1
2025/4/1 23:21,首先 请拿出她标榜原唱的证据 我并不是hxy粉丝 但我有关注到她到大号小号包括qq音乐平台都有标注原唱hcy 并且买过版权 都是西楼写的烟火里的尘埃的曲有什么不能唱呢,0
2025/4/1 23:21,可是一直说抄袭的不一直是粉丝吗？[捂脸],0
2025/4/1 23:21,好的,0
2025/4/1 23:21,原来是深井冰呀，那没事了[看],1
2025/4/1 23:21,不可以阿，但是好听，有什么问题？,0
2025/4/1 23:21,道德何在？话说回来，她可是音乐学院毕业的，明明可以自己作曲创作，为什么偏要翻唱一首火了十几年的歌呢？ 华的吟唱旋律是自己给《孩子》原创新编的，她把这段旋律直接挪到《烟火里的尘埃》翻唱中了，也并没有标注这段旋律的来源！这真的不过分？！这很有必要发声！这两首歌在火星人心里地位这么高！,1
2025/4/1 23:22,你买2014的版权想唱2015的歌？,1
2025/4/1 23:22,有没有懂音乐的人来说说那一段是一样的吗,0
2025/4/1 23:22,你买2014的版权唱2015的歌？你礼貌吗,1
2025/4/1 23:23,6,0
2025/4/1 23:23,无语了，黄根本就没有跟华那边沟通过最后的吟唱部分，她只买了词曲的授权啊[泣不成声]理应来说他们应该按歌曲小样自己重新编曲，结果连编曲都照搬原版[泣不成声]真是不要脸到极致了，尊重一下创作者吧！走捷径是走不远的！,1
2025/4/1 23:23,你一直在强调原创，我也懂原创，哪怕是我们还没有上热搜的原创歌手，我相信大家应该都擅长原创。这个是一个音乐理念，我觉得要做的是创新。这样，我想考一下你，我想让你唱一个和声，所以我给你和声，你来唱，你现在唱的是烟火里的尘埃是吧？你不唱烟火里的尘埃，你换一个唱吧，你唱孩子。我只要你唱孩子的最后一段吟唱。（hxy：是烟火里的尘埃的吟唱吗? 这个我是真的不知道。）好，那我觉得你应该学习一下，因为作为一个创作者，版权意识很重要，否则你直接把别人的原创据为己有，这个是很可怕的！因为太浮躁了，然后就会标注自己是原创人，你们会影响到观众的。,1
2025/4/1 23:23,小偷,1
2025/4/1 23:24,看看这是什么,0
2025/4/1 23:24,黄霄雲让我知道这首歌[赞],0
2025/4/1 23:26,这不就是侵权了么，,0
2025/4/1 23:28,谱都是一样的,0
2025/4/1 23:28,小烟原唱华晨宇[哈欠],0
2025/4/1 23:28,纯路人，这个歌不是华晨宇的歌吗[看],0
2025/4/1 23:29,[捂脸],0
2025/4/1 23:29,气死我了[尬笑],1
2025/4/1 23:29,好啦，抄袭是不好听的，你对,1
2025/4/1 23:30,你觉得不好听，我觉得好听，没啥问题[捂脸]每个人听感不同,0
2025/4/1 23:30,我从来没说过不好听 你真没救了 重点是抄袭你还是不明白 你没救了 你听裁缝歌就够了,1
2025/4/1 23:30,那也是，我确实觉得不好听[笑哭],0
2025/4/1 23:30,允许你想一下再说,0
2025/4/1 23:31,有学过乐理的up已经解释了华在《孩子》live里的那一段旋律其实是remix了烟火这首歌里的一段旋律，只是他唱和声而让和声老师唱旋律。而且华并不是在《孩子》live第一次唱，早在2015年就在某次演唱烟火这首歌的时候就唱过这段和声。所以黄在翻唱最后那几秒旋律其实是烟火某一段旋律的和声，应该本身就属于烟火这首歌的一部分。黄霄雲工作室的声明里已经说明感谢华晨宇先生的授权，所以黄的翻唱在版权上是没有问题的。,0
2025/4/1 23:31,加个备注到底怎么了[流泪],0
2025/4/1 23:31,那个吟唱2015年8月1日尘埃演唱会就有了，很明显是烟火原版电吉他的和声，肯定不是孩子的,0
2025/4/1 23:31,我服了，直接点吧，你们授权到的是原唱原创并没有华晨宇改编二创的旋律，意思就是只拿到了西楼写的初始版却擦法律的边挪用了人家的旋律，那可是我们每场演唱会都互动的白月光如果真被挪用成功了，以后我们唱到都要找她申请，自己的东西还要找她这对吗？好烦好累[灵机一动],1
2025/4/1 23:31,嘴巴都没打开[尬笑],0
2025/4/1 23:31,演唱会即兴吟唱具有独创性，他不就是产生了一个新的著作权吗？难道买的录音版的还包括演唱会版权？[尬笑],0
2025/4/1 23:32,求返场啊啊啊啊啊[送心],0
2025/4/1 23:32,黄霄云《烟火里的孩子》真的太好听了[流泪][流泪][流泪],0
2025/4/1 23:32,"词曲作者对黄霄雲“本次翻唱”授权哦，包含这首歌完整的5分9秒，再来说版权，《烟火》和《孩子》都是西楼作曲，黄霄雲获得了西楼授权，没有词曲版权的不一定是谁[玫瑰]

华晨宇14年的时候在西楼水果摊买了一个苹果，然后他带回去，决定削皮吃，吃了后发现很好吃，很喜欢。之后25年黄霄云也在西楼水果摊买了一个苹果也是削皮吃，然后因为同一种吃法被华晨宇粉丝当作是剽窃行为。",1
2025/4/1 23:32,如果她骂你，欢迎你合理维权，每个人都要为自己的行为负责。但希望大家不要转移焦点，请正视我们的合理维权。,0
2025/4/1 23:33,反正她好像之前就被爆出照搬其他前辈女歌手的歌。,1
2025/4/1 23:33,意思其实是，这段吟唱本身就是烟火里的尘埃和声,0
2025/4/1 23:33,不是哥们你 好听是好听但侵权就是不对 很难懂吗[捂脸],0
2025/4/1 23:33,花花善良，格局大，就算花花同意用，我觉得她也也应该署名，这才是对花花的尊重，如果花花用了别人的改编，一定会署名,0
2025/4/1 23:33,说的是吟唱吟唱……那是花花自己写的旋律~,0
2025/4/1 23:33,又是营销号干的吧[尬笑][尬笑]黄可是火姐，那段哼唱就是小烟的和声[尬笑]真是逮着机会就要刻意引战抹黑我们火是吧[泣不成声][泣不成声][泣不成声],1
2025/4/1 23:34,偷还好意思说不认输，搞笑不,1
2025/4/1 23:34,小学生言论,0
2025/4/1 23:34,模仿？好歹先买了版权再说模仿好不好听，把我们家白月光抢了说是自己的还好意思唱,1
2025/4/1 23:34,[发怒][发怒][发怒][发怒][发怒][我想静静][我想静静][我想静静][恐惧][恐惧][恐惧][暗中观察][暗中观察][暗中观察][咒骂][咒骂][咒骂][惊讶],1
2025/4/1 23:34,其一图上所谓《孩子》的吟唱就是烟火的旋律！其二我们已经获得了完整授权链！[害羞][害羞],0
2025/4/1 23:35,不就是孩子的结尾部分旋律吗？有版权不？？？,0
2025/4/1 23:35,我说对了吗，我只是说好听[尬笑],0
2025/4/1 23:35,笑死了回家吧孩子,1
2025/4/1 23:36,[笑哭]以法律为主,0
2025/4/1 23:36,你是对的,0
2025/4/1 23:36,hxy公开道歉,0
2025/4/1 23:36,没座,0
2025/4/1 23:36,宝宝他已经没救了，他爱听就叫他听吧 纯纯浪费口水 版权意识一点没有 一直揪着好不好听说话 谁说她唱的难听了 是她侵权了还不承认,1
2025/4/1 23:36,我也从来没说过抄袭对。你没救了，在我这回复干嘛,1
2025/4/1 23:36,所以你们是买一首歌的版权唱两首歌搞笑呢,1
2025/4/1 23:36,哈？怎么听出来的？录音版里面哪里有？,0
2025/4/1 23:36,你最好是在搞抽象[泪奔],1
2025/4/1 23:37,孩子里的吟唱旋律是烟火的间奏旋律，是西楼写在烟火里的，什么时候变成华晨宇原创在孩子里的了，华晨宇把这段旋律用到孩子的时候有给西楼标注和声作曲人吗,1
2025/4/1 23:38,黄方在未获授权情况下，直接使用《孩子》改编版本中的和声设计与旋律编排，已构成对改编著作权的侵害。,0
2025/4/1 23:38,让子弹飞啊，网上嗷嗷叫不还是得现实碰一碰。一群人搁这嗷嗷嗷能解决什么问题[噢买尬]，我也不明白什么娱乐公司，侵权了还需要粉丝会来发言，这不是纯逗，随便扇个风一群人就在跟，若是真的侵权说，有合理证据合法合规沟通不就行了，玩的跟过家家一样，娱乐公司公关是粉丝会在做么[泪奔]。,1
2025/4/1 23:38,认偷不认输是吗？[噢买尬],1
2025/4/1 23:39,挺大个姑娘，还是个明星，怎么能干出这么不要脸的事！！！你那音乐学院是白上的嘛？？？我知道娱乐圈九漏鱼很多，但是你都上过大学了而且自称创作者，怎么也做出这种事情！你对得起谁！！！回答我！！！,1
2025/4/1 23:40,@bb机,0
2025/4/1 23:41,可是西瓜和桃子就都是超市的吗？你说的和我说的都不是在一个频道，而且你这句话复制粘贴的太多了，这不属是和他人争急眼了就开始无差别攻击？,1
2025/4/1 23:41,我相信华纳[比心],0
2025/4/1 23:41,右下角那是歌曲《淬炼》啊,0
2025/4/1 23:41,招笑吗孩子，祝你以后做的东西天天被人抄袭,1
2025/4/1 23:42,她买了《烟火里的尘埃》的版权 但是后面加了另一首歌（无版权）的哼唱部分,0
2025/4/1 23:42,这就是《烟火里的尘埃》原版电吉他那段就有的和声啊[我想静静][我想静静],0
2025/4/1 23:42,黄霄雲很尊重原版版权，多次正面回应版权问题，合法合规进行翻唱，请停止对黄霄雲的诽谤造谣诋毁[抱抱你],0
2025/4/1 23:42,是不是跟我玩尬的[微笑],0
2025/4/1 23:43,孩子和烟火里的尘埃 作曲都是西楼，原唱都是华晨宇，她就买了一个，不是俩！！,1
2025/4/1 23:43,我勒个合法合规[尬笑]@二水包yu,1
2025/4/1 23:43,"准确来说，《孩子》吟唱段和声（粉色）跟《烟火里的尘埃》高音后接的电吉他旋律是一样的，但孩子吟唱段主旋律（黄色）是华晨宇创作的，《烟火里的尘埃》原版没有的。

无论这段吟唱尾奏（黄色）是出自2015年华晨宇火星演唱会的《烟火里的尘埃》改编、还是2018年《歌手》中华晨宇改编的《孩子》尾奏，还是2018年华晨宇火星演唱会的《烟火里的尘埃》尾奏时火星人自发接上尾奏……

这段旋律都是华晨宇写的啊[捂脸]

那问题来了，为什么黄霄雲版《烟火里的尘埃》有关吟唱段旋律来源的任一栏都没有华晨宇的署名？[捂脸]",0
2025/4/1 23:43,去扒一下烟火都间奏哈,0
2025/4/1 23:43,什么时候偷东西成“合法合规”了？,1
2025/4/1 23:44,@,0
2025/4/1 23:44,。。。,0
2025/4/1 23:44,"准确来说，《孩子》吟唱段和声（粉色）跟《烟火里的尘埃》高音后接的电吉他旋律是一样的，但孩子吟唱段主旋律（黄色）是华晨宇创作的，《烟火里的尘埃》原版没有的。

无论这段吟唱尾奏（黄色）是出自2015年华晨宇火星演唱会的《烟火里的尘埃》改编、还是2018年《歌手》中华晨宇改编的《孩子》尾奏，还是2018年华晨宇火星演唱会的《烟火里的尘埃》尾奏时火星人自发接上尾奏……

这段旋律都是华晨宇写的啊[捂脸]

那问题来了，为什么黄霄雲版《烟火里的尘埃》有关吟唱段旋律来源的任一栏都没有华晨宇的署名？[捂脸]",0
2025/4/1 23:45,而且 这不是攻击，纯纯的讲理！！没有言语攻击！哎呦我真的[捂脸][捂脸][捂脸],0
2025/4/1 23:46,华晨宇歌迷坚决维护歌手华晨宇的音乐,0
2025/4/1 23:46,666,0
2025/4/1 23:46,包一样的啊，没学音乐也听得出来,0
2025/4/1 23:47,"准确来说，《孩子》吟唱段和声（粉色）跟《烟火里的尘埃》高音后接的电吉他旋律是一样的，但孩子吟唱段主旋律（黄色）是华晨宇创作的，《烟火里的尘埃》原版没有的。

无论这段吟唱尾奏（黄色）是出自2015年华晨宇火星演唱会的《烟火里的尘埃》改编、还是2018年《歌手》中华晨宇改编的《孩子》尾奏，还是2018年华晨宇火星演唱会的《烟火里的尘埃》尾奏时火星人自发接上尾奏……

这段旋律都是华晨宇写的啊[捂脸]

那问题来了，为什么黄霄雲版《烟火里的尘埃》有关吟唱段旋律来源的任一栏都没有华晨宇的署名？[捂脸]",0
2025/4/1 23:47,@江^neon,0
2025/4/1 23:47,"我给你科普几个常识。
像这样的旋律，本身很难申请专利版权。
就更难谈侵权了。
第二呢，抄袭要看相似了多少个小节的。",0
2025/4/1 23:48,了解一下歌迷会,0
2025/4/1 23:49,15年那段旋律也是自创的，不是官方的音源，挖到15更只能证明你家从15年就开始惦记了[绝望的凝视][绝望的凝视]还有就是一句话，你们有的是歌曲的使用权不是所有权，任何原唱关于烟火的翻唱或者是即兴，只要有证据出处都是不能直接使用的，要不你猜猜为啥你家姐姐不用四段只用了三节，因为她怕侵权啊[绝望的凝视][绝望的凝视]我只能说虽然不违法，但是很缺德[绝望的凝视][绝望的凝视][绝望的凝视]以后比标榜原创了[绝望的凝视][绝望的凝视][绝望的凝视]尴尬死了,1
2025/4/1 23:50,他就是瞎说的，节目里都有播出，也不知道他们在狡辩什么[困][困],1
2025/4/1 23:50,声音高音真好。[抱抱你][抱抱你][抱抱你],0
2025/4/1 23:51,所谓《孩子》里的原创旋律”事实上只是《烟火里的尘埃》主题旋律三度叠置形成的和声。黄霄雲的改编不构成任何形式上的侵权。,0
2025/4/1 23:51,举例啊,0
2025/4/1 23:52,该旋律在2014年由编曲老师西楼、郑楠创作并加入歌曲伴奏，并非华晨宇独创,0
2025/4/1 23:52,挪用不可怕  可怕用了说是自己的[宕机],1
2025/4/1 23:52,结尾吟唱是不是华晨宇《孩子》那首里面的？之前看歌手的时候好喜欢,0
2025/4/1 23:53,支持华晨宇，支持原创[赞],0
2025/4/1 23:53,黄霄雲女士是很尊重原版版权，多次正面回应版权问题，都是合法合规进行翻唱，不要对黄霄雲女士进行诽谤造谣诋毁。,0
2025/4/1 23:53,顶,0
2025/4/1 23:54,有啊2015??唱过,0
2025/4/1 23:54,停车场这段是最棒的！,0
2025/4/1 23:54,最开始是黄霄云方粉丝说后面是她的原创我们才证明的[流泪]结果直接争论起来了[流泪][流泪][流泪]这不很明显谁是吟唱部分原创吗……,1
2025/4/1 23:55,那孩子关人黄什么事,1
2025/4/1 23:55,咋标，作词:Xx，作曲:XX，这段和声:华成语。这不胡闹么,1
2025/4/1 23:56,还不认输[捂脸]笑死我了,1
2025/4/1 23:56,哈哈哈哈真是ridiculous,1
2025/4/1 23:57,蹭流量,1
2025/4/1 23:58,惯犯了，熟练得很 评论配图,1
2025/4/1 23:58,[捂脸][捂脸][捂脸][捂脸]我真服了她了,1
2025/4/1 23:58,歌手2024如果不失误的话应该能扭转风评的，上了两次歌手都被骂的很惨。不过当年邓紫棋也是这样一步步走过来的，希望她也能有这个好运吧！,0
2025/4/1 23:59,这个很难理解吗？买了小烟公主版权你唱是OK的啊！但是买了小烟唱孩子是对的吗？[尬笑],1
2025/4/1 23:59,解释不了了开始人身攻击了，真是好样的，工资条我看看呢，真把自己当人了[憨笑],1
2025/4/2 0:00,我不学音乐 但是来回比对听确实真是一样的[听歌],0
2025/4/2 0:00,听出来了确实一样,0
2025/4/2 0:00,"支持原唱，支持原创
华晨宇歌迷坚决维护歌手华晨宇的音乐！",0
2025/4/2 0:00,查过了不算侵权,0
2025/4/2 0:00,我刚没听,0
2025/4/2 0:00,孩子的Outro是一字不提,0
2025/4/2 0:00,这个很难理解吗？买了小烟公主版权你唱是OK的啊！但是买了小烟唱孩子是对的吗？,0
2025/4/2 0:01,哦那你不是老粉 2015年花就唱过这段了,0
2025/4/2 0:01,点了,0
2025/4/2 0:01,我是学钢琴的，刚看到这个视频没听就来评论了。听了一遍确实一样,0
2025/4/2 0:01,长耳朵了这就是烟火里的,0
2025/4/2 0:01,不是认输的问题，是认个错哈，错了就是错了，还嘴硬[捂脸],0
2025/4/2 0:02,烟火里的尘埃 原唱华晨宇,0
2025/4/2 0:02,@彦涵yu 感觉就一模一样啊,0
2025/4/2 0:02,别夸了黄霄云偷华晨宇即兴,1
2025/4/2 0:02,华晨宇这首歌都11年了,0
2025/4/2 0:02,吟唱部分就是《烟火里的尘埃》原曲部分的和声啊？怎么就是另一首歌了呢？,0
2025/4/2 0:03,黄霄雲很尊重原版版权，合法合规进行翻唱，请停止对黄霄雲的诽谤造谣诋毁[感谢][感谢][感谢],0
2025/4/2 0:03,华晨宇歌迷坚决维护歌手华晨宇的音乐,0
2025/4/2 0:03,尊重版权很难吗[尬笑],0
2025/4/2 0:04,请粉丝脓包粉丝停止网暴,1
2025/4/2 0:04,有耳朵都聽得出,1
2025/4/2 0:04,我什么时候能唱的这么轻松[流泪],0
2025/4/2 0:04,谱都扒出来了，你就说是不是一样的,1
2025/4/2 0:05,你都懂的道理，黄小姐的粉丝还不懂的。,1
2025/4/2 0:05,[感谢]刚没听，再一个，很多火星人本来就音痴,0
2025/4/2 0:05,有，自己去翻哦,0
2025/4/2 0:05,我的意思是〔原创〕，你知道什么叫原创吗，不是原唱，我一直说的是原创，而不是二创三创,1
2025/4/2 0:05,你要么试试看看，这种尾音单子高音不是很难，不是连续语句中间,0
2025/4/2 0:05,学学你家姐姐吧，人家都能把两首歌的东西拼的那么自然，你拼个图都拼不整齐[尬笑],1
2025/4/2 0:05,这段旋律就是独属于华晨宇的，哪怕15年就有了，那也是花花改编的，而不是西楼原版的[玫瑰],0
2025/4/2 0:06,哈哈哈哈，小华的歌别人唱不出那种感觉的，我们听都是偏流行。有些音乐也是挑人的,0
2025/4/2 0:06,那你复制粘贴之前能不能看看我说的是什么意思，OK？我不想猜测到不是急眼而是别的原因,0
2025/4/2 0:06,[泪奔]不是 ，我知道唱功好，但我不傻 ，这是监控？助理拍的吧,1
2025/4/2 0:06,明白,0
2025/4/2 0:06,很多营销号截出来黄吟唱烟火间奏，我就奇怪了去听了结尾完全就是和孩子一模一样好吧[尬笑]哪里是烟火原有的间奏,0
2025/4/2 0:07,包一样的，请看,0
2025/4/2 0:07,嗯我不知道你是什么逻辑哈 这段吟唱和烟火有什么关系,1
2025/4/2 0:07,[泪奔]你姐下次请个编曲老师吧，别再灵机一动了，嫁接这种事在音乐圈里也不光彩,1
2025/4/2 0:07,我还说我们无妄之灾呢 莫名其妙旋律被抄了[憨笑][赞],0
2025/4/2 0:07,间奏跟这段吟唱不一样,0
2025/4/2 0:07,[感谢]那更不得了了,0
2025/4/2 0:08,女偷一黄裁缝粉丝是这样的[玫瑰],1
2025/4/2 0:08,我刚没听,0
2025/4/2 0:08,脑子一扔就是不认输哈哈哈哈哈哈哈[九转大肠],1
2025/4/2 0:08,查过了，妥妥侵权,1
2025/4/2 0:09,绝对一样，全部都是音乐学院的火姐学霸扒的谱,0
2025/4/2 0:09,离谱啥都模仿,1
2025/4/2 0:09,烟火里根本没这段，旋律走向完全不一样好吧，跟孩子结尾的吟唱到是一模一样[尬笑],0
2025/4/2 0:10,@kibou [再见],0
2025/4/2 0:10,说他抄袭的是华晨宇的工作室发的声明吗  你咋知道人家没打过招呼,1
2025/4/2 0:11,下次别人把你工作项目全偷了 你也说偷的好哈[憨笑][赞],1
2025/4/2 0:11,刚没听，我学琴的听了一遍确实一模一样,0
2025/4/2 0:11,只字不提《孩子》,0
2025/4/2 0:11,气得我[送心][送心][送心]黄女士真是荞面烙饼子纯纯灰种子，裁缝姐哈[送心],1
2025/4/2 0:12,支持原唱，拒绝侵权,0
2025/4/2 0:12,对的,0
2025/4/2 0:12,挺好 去医院挂眼科,0
2025/4/2 0:12,剪辑团队太差，这时候怎么也得有个汽车玻璃全炸了的效果[呲牙],1
2025/4/2 0:13,"二创作者的授权范围：
即使您拥有原作品版权，二创作者对其改编部分仍享有改编权（《著作权法》第13条）。未经其同意，翻唱其改编版本可能侵权。
原作品版权与二创的关系
原作品版权方（如音乐公司）可能未控制二创的版权，除非二创作者已将权利转让给原版权方。
即使原版权方允许您使用原作品，也不代表自动获得二创的授权。
简洁版：黃霄雲侵犯了华晨宇原创旋律署名权，即使买了西楼的《烟火里的尘埃》和《孩子》，也去分别找词人授权，也无权加入华晨宇为改编孩子而独创的旋律",0
2025/4/2 0:13,说实话，比原唱好听多了，原唱我套用郭京飞当时说的：闭嘴！[捂脸],0
2025/4/2 0:14,那不叫改，叫偷！,1
2025/4/2 0:14,得加钱，买华晨宇孩子里原创吟唱的版权,0
2025/4/2 0:14,太形象了[笑哭][笑哭],0
2025/4/2 0:14,那为啥黄霄云要写自己的名字[捂脸],1
2025/4/2 0:15,分得清录音师版和live版吗[憨笑]分得清翻唱版权和整首歌版权吗[憨笑],0
2025/4/2 0:15,[捂脸],0
2025/4/2 0:15,这段吟唱旋律就是烟火原曲的电吉他间奏，HCY本来也是搬到孩子里用的，怎么就变成他原创啦,1
2025/4/2 0:16,所以这首歌是谁的歌,0
2025/4/2 0:17,黄霄云不是华晨宇粉丝吗？为什么对自担的歌曲版权都不负责任[疑问][疑问][疑问],1
2025/4/2 0:17,2015自己去听,1
2025/4/2 0:18,说到底，可能就是两方粉丝在这互扯  [泪奔][泪奔],0
2025/4/2 0:18,孩子结尾是??的？,0
2025/4/2 0:18,大哥你是真的乐盲啊，《孩子live》结尾吟唱有两轨和声，一轨是烟火里吉他部，一轨是自己新作的旋律，即见扒谱！你现在扒个新谱出来，把小烟吉他和和声放一起自己看。还和声小烟里自带，我就问你14年原曲结尾有和声+吟唱吗？再者，和声和吉他伴奏旋律是一个东西吗？和声和吟唱是一个东西吗？和声和和声编排是一个东西吗？和声和和声编排所做出的outro是一个东西吗？图里说的很明白了，请你挨个回答所有的问题。,1
2025/4/2 0:19,原版是西楼，你这版是华晨宇，黄女士照搬的是华晨宇版的和声，不是西楼的[憨笑],0
2025/4/2 0:19,确实有点过分，可能黄自己都不太清楚，但是确实曲子用的不对，原版烟火可以用，但是花花自己再改的曲她去用确实应该跟当事人说一下才礼貌,0
2025/4/2 0:19,就是[捂脸],0
2025/4/2 0:19,说的不是这首歌的版权是谁的，而是花花当时翻唱西楼的这首歌的时候自己在最后又创作了一段旋律，就是视频里放出的，这段旋律是属于花花独有，原创，而黄没有任何版权还有招呼就直接拿来用了，并且自家歌迷甚至还称就是黄原创，所以我们才出来维权，这就是实打实的侵权没得洗,1
2025/4/2 0:20,某些人的粉丝就是丫鬟，就是喜欢给主子洗[捂脸],1
2025/4/2 0:20,这还不算抄？你买了词曲你按词曲改就行了，直接搬别人的改编？,1
2025/4/2 0:20,我小时候抄过好多诗词和文章，为什么最终不是诗人或作家呢。[泪奔][泪奔][泪奔],0
2025/4/2 0:20,你的意思是她没版权知识还是华纳没版权知识，拿张三无纸[捂脸]证据不是再你手里吗你去告啊怂包[捂脸],1
2025/4/2 0:20,黄霄云就是小偷还死不承认，唱得还那么难听??,1
2025/4/2 0:20,没有,0
2025/4/2 0:20,难听，退下吧,1
2025/4/2 0:20,上上上[尬笑] 还有人说网暴呢[尬笑],1
2025/4/2 0:21,这跟你跟你兄弟喝多了去KTV吼两嗓子可不一样哦dinner,0
2025/4/2 0:21,不是,0
2025/4/2 0:21,道歉！！！！！！！！！！！！！,0
2025/4/2 0:21,路人都觉得  华晨宇粉丝没错哈 她没提和声的事啊,0
2025/4/2 0:22,对不起，意思并不是，你想着这个意思，意思是这首歌的和声，本来就是和孩子后面的吟唱一样，华成语在15年的版本中尤其凸显，是这个意思,0
2025/4/2 0:23,重要啊，音乐圈版权问题老重要了,0
2025/4/2 0:23,首先，华晨宇,0
2025/4/2 0:23,没有人说她不能唱烟火  烟火买了版权当然能唱。和声编写那栏她写的自己名字  但结尾那段和声就是华晨宇为《孩子》这首歌改编的原创旋律。直接拼接过去然后标注成自己原创编写的东西。这对吗？,1
2025/4/2 0:23,三寸男丁,1
2025/4/2 0:24,翻唱你买版权的版本没问题，但是音乐裁缝挪用人家的旋律片段标注自己原创才是罪恶源头好吧！,0
2025/4/2 0:24,但是没孩子的时候就已经有这段吟唱了，而且烟火里是有这段旋律的买了版权用歌里已有的旋律不至于侵权吧[宕机],0
2025/4/2 0:24,额其实说的不是这段,0
2025/4/2 0:24,孩子里结尾的吟唱是根据烟火重新改编的！你到底有没有仔细听过对比过。,1
2025/4/2 0:25,照搬吟唱再说自己是和声就能改变抄袭的事实了？就是自己原创了？[憨笑]你真的愚人[憨笑],1
2025/4/2 0:25,宝宝，她不是。她百家墙头，喜欢的歌手很多的,0
2025/4/2 0:26,烟火里没这段，这段是华晨宇改编的孩子里的，谱已经扒出来了要不你去看看呢[憨笑],0
2025/4/2 0:26,噢噢我看她名字带yu，而且站的立场也是我们这边[流泪],0
2025/4/2 0:26,最好了解清楚再发表判断，你觉得这歌上线前会没发给华晨宇团队确认？,0
2025/4/2 0:27,黄搬的那部分是华创作的,0
2025/4/2 0:27,《孩子》可没授权[抠鼻]通篇也没说授权了《孩子》，避重就轻有一套,1
2025/4/2 0:27,你自己听听烟火的间奏长什么样,0
2025/4/2 0:27,西楼先生作为《烟火里的尘埃》原曲作者享有基础旋律版权，但华晨宇团队在《孩子》作品中进行的改编创作（包括尾奏吟唱的和声编排）属于独立受保护内容。黄霄雲方在翻唱中使用的是华晨宇团队改编版本中的独创性段落，应当向现版权方获取授权，而非仅追溯原始版本,0
2025/4/2 0:28,大概知道为什么那么多人黑华晨宇了，粉丝招祸正主抗。,1
2025/4/2 0:28,嘿嘿，鱼找鱼 虾找虾太像了,0
2025/4/2 0:28,烟火的间奏旋律就那样，整首歌版权都买了，还不准我把间奏改编到结尾吗。不能你在别的地方用了这段旋律，就变成你的原创吧,0
2025/4/2 0:28,你听不出来是烟火的间奏吗？,0
2025/4/2 0:28,他们是同类。,1
2025/4/2 0:28,闹麻了[捂脸][OK],0
2025/4/2 0:28,最后的吟唱和2018年华晨宇给另一首歌写的结尾一模一样，买版权了吗这不署名等于抄x啊,1
2025/4/2 0:28,不是唱过这首歌吗？,0
2025/4/2 0:29,我记得这个版本是之前华晨宇改编的,0
2025/4/2 0:29,以前唱过,0
2025/4/2 0:29,对?，唱的那么累，看着都费劲。,1
2025/4/2 0:29,@航子不太帅.,1
2025/4/2 0:29,她说她是就是吗[黑脸]她还是好多人的粉丝呢，我们对同担的概念还是有要求的哈，至少得是唯粉其余一概归位歌迷[憨笑],1
2025/4/2 0:30,你自己去听黄4分39那段头声吟唱，不是前面那段人声模仿电吉他那段，4分39秒前没有任何问题，4分39秒后的吟唱是孩子4分19后面的,0
2025/4/2 0:30,好好看清楚我说的听完之后再来嘴硬行吗,1
2025/4/2 0:31,你既然都说了原唱旋律都改编 那么华也是借鉴都西楼的 怎么没见他在孩子上标注西楼的和声编写呢？,1
2025/4/2 0:31,黄霄云那么有才，一定有很多原创歌曲吧,0
2025/4/2 0:31,你也理解错了哈，授权的是录音室版对吧，录音室版没有哈,0
2025/4/2 0:31,你多听几遍吧，实在不行找人给你扒谱，尊重下西楼可以?,0
2025/4/2 0:32,是的孩子不在我们这,0
2025/4/2 0:32,韩娱路人普及贴：（只是举例说明没有特别的意思）这次事情相当于一个出道七八年没咋热度的后辈团，买了《咆哮》的版权，不问自取把《初雪》嫁接在后边，然后说原创[摊手] ，你问为什么这么干！？人说！我买了版权啊 [笑哭R][笑哭R][笑哭R],0
2025/4/2 0:32,黄霄云是华晨宇粉丝，会没听过这一段？[泪奔],0
2025/4/2 0:32,2015那是演唱会改编版吧？原作曲西楼并没有加这一段吧？,0
2025/4/2 0:32,那你也可以自己扒谱去看一下哈，我的问题是她的结尾吟唱部分和《孩子》结尾吟唱一模一样，难道你说俩人刚好创作的一模一样吗,1
2025/4/2 0:33,你自己去听一听，尊重一下西楼,0
2025/4/2 0:33,不懂的多看哈,0
2025/4/2 0:33,华晨宇原创的吟唱旋律和西楼有什么关系？扒的谱子不就在这？我自己也用随身钢琴扒了和记的谱是一样的,1
2025/4/2 0:33,对于央音专业美声的学生而言，唱高音是很容易的，比低音更容易唱，更别说她还是当年专业第一,0
2025/4/2 0:33,你真抬举我了[尬笑],1
2025/4/2 0:33,这段除了《孩子》只有15年的烟火出现过，我不知道是不是特有的表演元素，原版的烟火没出现过，这段旋律如果说是西楼写的那我无话可说，但如果是??写的那不标直接用就是不对的吧,1
2025/4/2 0:34,你注意看我的说法，是面包在歌曲开始时特意标注了和声编写，不是没有标注粉丝这边硬要标出来,0
2025/4/2 0:34,我支持华晨宇,0
2025/4/2 0:34,宝。我以为你说黄呢，我是说黄不是。这个yu宝宝应该也是火火来的[泪奔],1
2025/4/2 0:35,@猫滑yu ？？？？黑煤球直接褪色了？？？,1
2025/4/2 0:35,我TM听了几千遍不知道整首歌旋律走向还用你来说？,1
2025/4/2 0:35,这确实是两首歌,0
2025/4/2 0:35,我就想问一句 她们俩是不是都用的西楼烟火里的尘埃的曲？黄有没有买版权？有没有标注华原唱？华有没有在孩子上标注西楼的和声编写？,0
2025/4/2 0:35,没三观不分是非，别给你主子丢人了哈,1
2025/4/2 0:36,@.. 行了这次我站华晨宇,0
2025/4/2 0:36,你自己去听黄4分39那段头声吟唱，不是前面那段人声模仿电吉他那段，4分39秒前没有任何问题，4分39秒后的吟唱是孩子4分19后面的。人声模仿电吉他那段是烟火间奏，头声吟唱不是！,0
2025/4/2 0:37,没有抹黑和网爆，是你们没有侵权了,1
2025/4/2 0:37,噢噢噢我看你说“你姐”我以为你认错粉籍了[捂脸][捂脸],0
2025/4/2 0:37,他的高音好[赞],0
2025/4/2 0:38,《孩子》的版权呢？合法合规[尬笑][尬笑][尬笑],1
2025/4/2 0:38,黄霄云拿到的是西楼作曲版的烟火，但是这段吟唱是2015华晨宇演唱会改编版加的，也就是说原版权的烟火并没有这一段，但是她拿了这一段并且标榜是自己创作的??,1
2025/4/2 0:38,自己没有原创，就来抄袭我们,1
2025/4/2 0:39,一听就是我花花版的啊，一毛一样啊,0
2025/4/2 0:39,不是他在别的地方用了这段旋律  是他在他别的歌里根据这段旋律改编出了一段吟唱。黄霄云买了版权自然也可以根据那个旋律改编别的东西出来  但她不是自己改编了什么东西   她是直接把别人改编出来的东西原模原样的拼接过来用了,1
2025/4/2 0:40,是的，你是他的孩子[尬笑],1
2025/4/2 0:41,没办法，确实得起诉，不然都听黄霄云的去了[流泪],1
2025/4/2 0:41,因为那段吟唱部分是他改编出来的东西啊大哥。黄霄云买了烟火版权她也可以根据烟火的旋律改编别的东西出来加进歌里，但她不是自己改编了什么东西加进去  她是直接原模原样的把别人制造出来的东西直接拼接上去了  我这样说会不会好懂一点，没有人让她不能改编东西加上去，但她拼接上去的东西是别人原创改编的东西，不是她自己改编的。,0
2025/4/2 0:42,不然呢，一般一首歌就三分钟,0
2025/4/2 0:42,比那谁唱的好听太多了[赞],0
2025/4/2 0:43,宝宝，这不是认不认输的问题。[流泪]这已经侵权了，比起喜欢的明星。我觉得我们应该保有自己的三观和道德，如果有人把我喜欢的明星。抄袭其他人歌曲的事实摆在我面前。我直接就会 脱粉，因为我觉得这已经涉及到人品问题了,0
2025/4/2 0:43,已经没了[微笑],0
2025/4/2 0:43,翻唱那么多其他歌手的大热歌不就是因为自己开演唱会没原创作品吗，翻唱都翻不明白[听歌],1
2025/4/2 0:43,是原创好吗[泣不成声][泣不成声]结尾那一段吟唱就是花自改编的了《孩子》，最后的吟唱是自己原创写的，18年就和粉丝一起唱出来了，那一段被黄霄云擅自使用并说自己是原创,1
2025/4/2 0:44,是啊，是烟火的啊,0
2025/4/2 0:44,旋律加在结尾是华的想法,0
2025/4/2 0:45,你也挺像的,0
2025/4/2 0:45,是的我们只是想要一个标明，对方一直弊重就清，他们非说吟唱是黄自己创作的，那明明是花和歌迷的创作，无论是15年的还是18年的版本，他们拿的版权只是14年原版的[流泪][流泪][流泪][流泪],1
2025/4/2 0:45,太好玩了[大笑],0
2025/4/2 0:46,我网暴谁了？？？,1
2025/4/2 0:46,那以后让原创圈怎么办？[黑脸][黑脸][黑脸],1
2025/4/2 0:46,原曲间奏旋律走向就是那样，你怎么改那个调就那样，那就是曲，编曲变的是乐器，但曲就摆在那里，原创就是西楼,0
2025/4/2 0:47,666又成粉丝惹祸了666 这年头理由变了又变从正主骂到粉丝 可以的哥们可以的[憨笑][赞],1
2025/4/2 0:47,只字不提孩子的和声，我只想说。在追星之前。我希望我们以道德和三观为界限。他这个是属于侵权，违法行为。搞法律擦边球，这真的已经触犯到人品问题了，没有说他没有版权。我说的是他唱另一首歌的和声，,1
2025/4/2 0:47,我们坚决维护华晨宇先生的音乐，对音乐版权侵害0容忍。敬请黄霄雲女士及其团队正确使用授权，明确创作来源，切勿模糊重点。真挚希望各位从业人员尊重创作者权利，共同促进行业良性发展。,0
2025/4/2 0:47,那我就说了你买的是原版烟火的版权，2015版的吟唱你凭什么用，你怎么知道是不是华为了演唱会自己改的呢[尬笑],1
2025/4/2 0:47,所以她把咱们的部分唱了[捂脸][捂脸][捂脸]怎么老有人抢我们的词[捂脸][捂脸][捂脸],0
2025/4/2 0:48,前面的歌曲没有侵权。后面的吟唱和声侵权了,0
2025/4/2 0:48,因为这段编曲是华晨宇和郑楠做的，自然可以标注华晨宇的名字呀。作曲是西楼也标明白了是西楼。但黄霄云那个烟火结尾吟唱部分是照搬孩子这里的  她只买了烟火的版权。孩子里结尾是华晨宇改编的版本   当然不能被直接搬运拼接过去用,0
2025/4/2 0:49,不然您再重新听一下呢？这是原版的，并没有[噢买尬] 有的话麻烦您说一下是几分几秒的时候开始出现的，我再去听一下确认一下,0
2025/4/2 0:49,这个原版里就是没出现你凭什么直接拿来用，和声就写自己的名字？显的你原创？,1
2025/4/2 0:49,华晨宇歌迷坚决维护原创华晨宇的权益！！！,0
2025/4/2 0:49,妈呀听八次我以为你听八万次呢[憨笑],0
2025/4/2 0:49,请你扒谱好吗？你们要证据，我们把谱都发到网上了，然后你们现在还在送否认，真的不懂。我们火星姐做错了什么。倒了八辈子霉了[愉快][赞],1
2025/4/2 0:50,宝宝解释一下哈，是他拿了原版的版权，但是却唱的人家歌手自己改编版本，没经过同意唱的另一版本，对人家自己的吟唱部分没有标明，我们只是想要她标明，结果人家死活不同意，歌迷非说是她自己创作的[泪奔][泪奔][泪奔][泪奔]这就相当于你去水果店买的西瓜，你付了西瓜的钱却顺了人家的桃，人家找你要桃你不承认说我付过钱了，你付的是西瓜的不是桃子的钱,1
2025/4/2 0:50,你听听结尾那一段。两首歌的结尾一模一样。他抄的是孩子的和声,1
2025/4/2 0:51,"给看不太懂的朋友总结一下：
1.黄霄雲版本结尾吟唱旋律在原曲的电吉他间奏就完整出现过，并非来自2018《孩子》live
2.该版本和声与原版并不相同，由黄霄雲完成和声编写工作，故和声编写署名黄霄雲合情合理。
3.黄霄雲工作室官方已经发布声明，不存在版权问题，鸣谢了华晨宇先生和词曲作者对本次翻唱的授权。",0
2025/4/2 0:51,对的  曲是西楼   孩子那首歌也写的很明白。但结尾吟唱部分是华晨宇自己编写的  改编的  编曲那栏也写的华晨宇名字。黄霄云买的只有烟火的版权  她要改编也可以自己改编一段进去  ，她直接搬运别人改编在其他歌里的段落拼接进去就是不对，那段素材是孩子那首歌里的  不包含在烟火里。,0
2025/4/2 0:51,"总结
1.黄霄雲版本结尾吟唱旋律在原曲的电吉他间奏就完整出现过，并非来自2018《孩子》live
2.该版本和声与原版并不相同，由黄霄雲完成和声编写工作，故和声编写署名黄霄雲合情合理。
3.黄霄雲工作室官方已经发布声明，不存在版权问题，鸣谢了华晨宇先生和词曲作者对本次翻唱的授权。",0
2025/4/2 0:54,这不是认不认输，这是认不认字,1
2025/4/2 0:55,难道整个曲只有最后一段是和声吗 前面没有吗 我刚听了除了最后那一段，黄的版本的确有和原曲不一样的和声编写 完觉得标注一下也没有什么大不了的,0
2025/4/2 0:55,最后那段旋律是孩子里的，不是烟火里的,0
2025/4/2 0:56,他甚至不是把孩子里的曲子拿去改编，是西楼另一首歌的旋律去改编，怎么编曲里没西楼名字了。,1
2025/4/2 0:56,是的！我没有没有公章！但我们有一个孩子[看],0
2025/4/2 0:57,关键她说这段和声旋律是自己的创作的[看],0
2025/4/2 0:59,"二创作者的授权范围：
即使您拥有原作品版权，二创作者对其改编部分仍享有改编权（《著作权法》第13条）。未经其同意，翻唱其改编版本可能侵权。
原作品版权与二创的关系
原作品版权方（如音乐公司）可能未控制二创的版权，除非二创作者已将权利转让给原版权方。
即使原版权方允许您使用原作品，也不代表自动获得二创的授权。
简洁版：黃霄雲侵犯了华晨宇原创旋律署名权，即使买了西楼的《烟火里的尘埃》和《孩子》，也去分别找词人授权，也无权加入华晨宇为改编孩子而独创的旋律",0
2025/4/2 0:59,回错人了抱一丝[黑脸],1
2025/4/2 1:01,别人唱什么她就跟着唱，黄鹦鹉的名号不是浪得虚名的[衰],1
2025/4/2 1:03,咋的买了版权必须得和大割的一样？,1
2025/4/2 1:03,黄确实是错了，不过确实好听[捂脸],0
2025/4/2 1:03,有耳朵的都能听出来侵权了吧,1
2025/4/2 1:04,华晨宇本人没意见，工作室没意见，侵犯版权更是糊鬼，跟啥风呀,1
2025/4/2 1:04,见你好多次，累吗，赚多少了？,1
2025/4/2 1:04,孩子是花写的吗,0
2025/4/2 1:04,没听过原曲吧[黑脸]，原曲里面可没这段[憨笑],1
2025/4/2 1:04,无论哪一年，都是华晨宇的创意，无论怎么改编都先出自华晨宇，原版没有。基于这首歌的改动是他的创意不是黄霄云的。她不问自取视为__,1
2025/4/2 1:05,路人吃瓜普及贴：这次的事相当于一个小导演买了《哪吒1》的翻拍版权，结果不问自取将《哪吒2》的部分特定剧情与人物设定嫁接到1，你问问什么这么干?人说我买了版权啊!,0
2025/4/2 1:06,买了版权必须得和大割一样？还有就是这就是原曲里的,0
2025/4/2 1:06,本来就没啥事儿，某些人看霄雲最近火了就急了,1
2025/4/2 1:08,我当时还在想黄霄雲这段加的孩子的吟唱还挺好的，是我法律意识淡泊了[泪奔],0
2025/4/2 1:12,作者最好读清楚法人主体的公告，公文用词都非常精确简洁。  没有疑似，就是没有。  第二款第四款说得非常清晰。,0
2025/4/2 1:13,这不是抄了，这是照搬[尬笑],1
2025/4/2 1:13,没有说必须得一样啊，问题是黄霄云拿到的是这一版的版权，但是她标榜为自己创作的吟唱部分是华晨宇在另一首歌《孩子》里的创作，这一部分并没有版权呀,0
2025/4/2 1:14,哥，错了就是错了,0
2025/4/2 1:14,黄啥时候说吟唱是她写的了呢我请问,1
2025/4/2 1:14,因为编曲就不是西楼  编曲那栏当然不会有西楼名字呀。编曲和作曲是两码子事,0
2025/4/2 1:15,不难理解吧，她买的原版烟火没这段旋律，这段是华晨宇另外写的，现在她既没有这段的版权又不标原创,1
2025/4/2 1:15,怎么又把我们花花推到风口浪尖了[泪奔][泪奔][比心][比心],0
2025/4/2 1:17,去听了一下，黄霄云翻唱的《烟火里的尘埃》后面的吟唱确实和华晨宇 《孩子》这首歌吟唱一样[黑脸],1
2025/4/2 1:18,这是花的粉丝的真心话，被毒唯梦女开除粉籍的不在少数，少混饭圈多听歌,1
2025/4/2 1:18,吟唱不是嘶吼，怎么搞这么难听，不是营销女高音吗,1
2025/4/2 1:18,@欣 招笑,1
2025/4/2 1:18,是孩子那段吟唱部分,0
2025/4/2 1:19,因为那是华晨宇自己改编的东西  所以编曲没有西楼。同样的黄霄云也是可以自己改编一段吟唱出来然后标注自己名字，但她是直接搬运了华晨宇改编的那一段拼接过去了，两码子事呀,0
2025/4/2 1:19,而且你上一条还回复我的是“是啊，是烟火的啊”，怎么现在又是“必须得和原版一样了”，这不矛盾吗？我捋一下，不是原版里的→那是自己加的→加了另一首《孩子》的吟唱→标榜为自己的原创那还不是抄了人家的吗？并且还没有相应的版权。还是说黄霄云所谓的原唱就是把别人的创作裁剪进自己唱的歌里，重新整合一下就是自己的原创了？那按这么说她也不是原创啊，是华晨宇和他的歌迷们在演唱会上第一次这么融合的，也和她黄霄云的创作没有关系吧？,1
2025/4/2 1:21,不是好不好听的事啊，这事黄霄云做得不妥当[躺平][躺平],1
2025/4/2 1:22,去听了一下，黄霄云《烟火里的尘埃》最后吟唱确实和华晨宇《孩子》的吟唱一样，尊重原创！,0
2025/4/2 1:22,支持原创，一切侵权行为都没有借口且可耻,0
2025/4/2 1:23,那比如以后谁唱星辰大海火了，怎么办，也要版权费吗？   我不懂就随便问问请大家不要喷我,0
2025/4/2 1:25,孩子旋律抄的是15年烟火里的尘埃[猪头][猪头]不要被带跑偏了[猪头][猪头]归根到底还是合法合规,1
2025/4/2 1:25,你要這說不是抄襲的話，那我也說國外沒有抄襲中國任何東西，OK？[看],1
2025/4/2 1:26,[绝望的凝视],0
2025/4/2 1:26,你一定没有看完这篇文章，其一此文章中只表达了歌迷对原版《烟火里的尘埃》结尾吟唱与翻唱版结尾吟唱不符，但翻唱版却与《孩子》结尾吟唱完美重合；其二翻唱方只购买了《烟火里的尘埃》一首版权，什么所谓也购买了“西楼”的版权，《孩子》结尾吟唱部分是 hcy 在 18 年演唱会上现场与歌迷创作而来那是我们美好的回忆，所以《孩子》的结尾吟唱版权归 hcy 所有，你执意追求的公章我们没有，但起你仔细看看此文章并非 hcy 工作室官方发出，只是粉丝觉得不公需要出来说清楚，而且我们也没有自作主张的说这就是官方声明。事实就摆在这有什么不敢承认的,0
2025/4/2 1:27,明明就不像,1
2025/4/2 1:27,谁给我家孩子打美白针了,1
2025/4/2 1:29,正常讨论而已，攻击到你了吗？没有吧？不是在讨论这个事情吗？我也确实是疑惑啊，你有证据你摆明我去证实了你说的对也不会在这里杠你说的不对，问题是你前后说的话自相矛盾，然后拿不出证据又来攻击我，这不是心虚吗？,1
2025/4/2 1:29,西楼的歌 你买你也能唱,1
2025/4/2 1:30,只是向林夕和西楼方购买词曲著作权授权，无论嫁接华晨宇2015年演唱会改编的和声还是2018年孩子编写的吟唱都是偷,1
2025/4/2 1:31,可是她只写了她的名字啊,0
2025/4/2 1:32,实在不行 让我来帮她拍，帮她剪辑吧[流泪],0
2025/4/2 1:32,看来我直觉很准的，歌手时期就不会太喜欢她，不是因为她粉丝以为的觉得她炫技，而是觉得她很浮躁。同样技巧很厉害的歌手一大批，会高音的一大批，为啥只有她让大家觉得炫技呢？因为其他前辈在炫技的同时是考虑歌本身的[泪奔],1
2025/4/2 1:33,感谢央妈播放的《烟火里的孩子》[憨笑][憨笑]好听爱听,0
2025/4/2 1:33,八成是，看他回复我的，先说这一段是烟火里的，问他在哪里他又说怎么必须得和原版一样吗，那不一样的这段吟唱哪来的，抄的啊，然后就攻击我了让我别混饭圈[捂脸],1
2025/4/2 1:33,嘿嘿，以后乐坛裁缝们可以尽情拿黄霄云的歌剪切排列组合，不算侵权,1
2025/4/2 1:35,[思考]我觉得不一样啊 [思考]纯路人啊 别骂我,0
2025/4/2 1:37,15年的就已经是华晨宇的改编版了，而且黄霄云只有词和曲的版权，没有编曲和声以及华晨宇独创的旋律吟唱版权，最关键的是编曲/和声编写都没有署名华晨宇，反而署名自己，营销自己原创,1
2025/4/2 1:39,一样的,0
2025/4/2 1:39,等等等，回错了。集美，我是友军[流泪][流泪][流泪][流泪],0
2025/4/2 1:39,前面的没抄，我说后面吟唱抄的我哥的[流泪][流泪],1
2025/4/2 1:40,公主你在吗？理理我[流泪][流泪][流泪][流泪][流泪][流泪],0
2025/4/2 1:40,吟唱段是烟火的间奏改编，唱烟火有版权，但吟唱属于改编，属于歌曲孩子的部分，需要单独授权的,0
2025/4/2 1:40,[大笑],0
2025/4/2 1:40,你查的啥呀，我们敢带大名，你觉得不算就去告吧[比心][比心],1
2025/4/2 1:40,我说嘞，还是咱家可爱[偷笑],0
2025/4/2 1:41,别急别急啦，么么，爱你，我看到的很及时哦,0
2025/4/2 1:42,没事的，华的滑板鞋怎么说,0
2025/4/2 1:42,你们是多不熟烟火的这首歌？电吉他间奏那段旋律不就是孩子吟唱的旋律？？,0
2025/4/2 1:43,那个是已经改编之后的了[尬笑]，好好好。就算。不是抄的华晨宇。她也没有买西楼的版权。横竖都是抄,1
2025/4/2 1:44,我寻思好像是这个微博名字叫《华夏原创金曲榜》吧[尬笑],0
2025/4/2 1:45,吟唱部分和华晨宇live版《孩子》吟唱部分一模一样 我是音乐生,0
2025/4/2 1:45,授权的是《烟火里的尘埃》而不是《孩子》我觉得这句话挺好懂的吧,0
2025/4/2 1:45,@Jvivian 太抓耳了,0
2025/4/2 1:45,笑到了我晕,0
2025/4/2 1:47,他的话没问题可能是你没理解到宝子,0
2025/4/2 1:48,她还是个惯犯 只是这次踢到铁板了,1
2025/4/2 1:48,先不谈花花在孩子这首翻唱歌曲中有没有版权。孩子最后的吟唱就是烟火里的同一旋律。并非你们所说的花花原创。用你们火星文来说就是（华晨宇在翻唱孩子时最后的吟唱偷了西楼的烟火里的一段和弦，并未标注原作曲人，还称之为原创吟唱）现在黄霄云本来就唱烟火里的这段和弦，有什么问题。另外不要去听，去看谱子就一目了然了。当然前提是你要会看谱子,1
2025/4/2 1:49,黄买的是西楼的曲子，华作为原唱授权的，结尾这段旋律就是独属于华的，有独创性，哪怕15年就有了，那也是华改编的，而不是西楼原版的，所以黄没有直接用这段改编旋律的权利。黄方是不是认为，买了西楼这首曲子的版权，所有改编的就都能用？甚至日后华晨宇再改编也能用？不知道的还以为她买的是个素材库呢[送心],0
2025/4/2 1:52,还得是华晨宇,0
2025/4/2 1:53,up,0
2025/4/2 1:55,对对[泪奔],0
2025/4/2 1:57,科普：黄霄云女士买了华晨宇烟火里的尘埃版权进行翻唱，却同时挪用了华晨宇【另一首歌】的和声旋律到自己翻唱版本的ending里并署名由自己创作。买歌曲版权不等于可以无授权无署名使用原唱的其他创作和创意，黄霄雲擅自挪用并未作标注，既没有职业道德，也没有专业素养。,1
2025/4/2 2:01,别硬黑吧,1
2025/4/2 2:02,因为这段吟唱本来就好听，不好听她也不会直接拿来用哇[大笑],0
2025/4/2 2:08,头混,1
2025/4/2 2:12,真正的拼好歌[真的会谢]买了苹果顺走梨[尬笑],0
2025/4/2 2:12,你不必回复她们粉丝了，我都觉得累了，鸡同鸭讲，跟个人机一样讲来讲去就是get不到争议点在哪里还要说我们正常维权是有毛病，也是偷的理直气壮了，我都不敢想我的人生如果能做到她这样理直气壮能有多爽，一直不犯错还是我道德点太高了，我宁愿与AI对骂我都不想和他们人如机对话了,1
2025/4/2 2:13,查无此人好吗[看],1
2025/4/2 2:14,尊重原创 请hxy粉丝不要混淆视听 买了桃子偷西瓜的行为,1
2025/4/2 2:18,所以呢,0
2025/4/2 2:18,还有一个切换自如,0
2025/4/2 2:18,你自己看看你的回复，就这个声明来看，我说的不是事实？这声明有指名道姓吗？有加盖公章吗？你叫我去挂眼科？花粉就这素质？,1
2025/4/2 2:18,你这不是给正主惹祸是什么？,1
2025/4/2 2:21,支持原唱，拒绝侵权,0
2025/4/2 2:25,她在演唱会上唱的结尾部分跟花在歌手改编的一模一样   无论是烟火里的尘埃原版  还是孩子原版 都没有这段旋律 这段是华晨宇在2018年歌手节目上改编的  她买了烟火的版权还顺带唱了另外一首歌的部分段落  还标明自己改编的  难评,1
2025/4/2 2:26,男方官方赶紧发声吧，我要吃瓜[呲牙],0
2025/4/2 2:30,蹭着前辈的大热歌火的[强壮][强壮]出道十年，现在才火。其实无人在意,1
2025/4/2 2:31,黄版4分37秒开始到5分09秒结束，这32秒钟，原版的烟火和原版的孩子都没有这段旋律。这是华晨宇2015年演唱会上即兴创作的旋律，正式发表是在2018年歌手第五期《孩子》。使用了别人创作的旋律就要标注，挪用他人的创作虚假营造原创歌手人设，是邪门歪道，必不长久，黄霄云把路走窄了。,1
2025/4/2 2:34,@ぷにぷに 干啥啊 还把我偷了[憨笑][赞][赞][赞],1
2025/4/2 2:36,偷过来说自己是原唱，适合吗[憨笑],1
2025/4/2 2:38,你说的嚎几嗓子可不容易呢，有人还费尽心思的偷，被抓到了撒泼打滚,1
2025/4/2 2:47,支持花花,0
2025/4/2 2:48,支持原唱抵制盗用 如果连明星都不能好好维权的那不敢想我们普通人维权有多困难[憨笑],0
2025/4/2 2:51,热知识黄霄雲取得的授权仅限于《烟火里的尘埃》原作词曲使用版权，而原作根本没有这一趴【这是属于华晨宇的独创旋律】,0
2025/4/2 2:52,华晨宇本人授权，粉丝没授权，你们不就是这意思,1
2025/4/2 2:58,第一次知道  烟火里的尘埃 孩子 词曲都不是 华晨宇,0
2025/4/2 3:02,不是啊，既然不是华晨宇作曲，不明白为什么要把华晨宇的后写的旋律拿过去用就变成她的了[捂脸],1
2025/4/2 3:03,小面包[色],1
2025/4/2 3:05,明明是加个备注就可以解决的事，黄霄云也是宁愿被叫音乐裁缝也不肯[泪奔][泪奔][泪奔]笑死,1
2025/4/2 3:06,抄没抄是人品问题，行不行是能力问题不冲突哈,0
2025/4/2 3:06,只是感慨一下  不行吗[捂脸][捂脸],0
2025/4/2 3:07,所以呢,0
2025/4/2 3:09,就是第一次知道啊  不可以吗,0
2025/4/2 3:10,牛逼[捂脸]你要笑死我了,0
2025/4/2 3:10,"你一直在强调原创……
我也懂原创，哪怕是我们还没有上热搜的原创歌手，我相信大家应该都擅长原创。这个是一个音乐理念，我觉得要做的是创新。这样，我想考一下你，我想让你唱一个和声，所以我给你和声，你来唱，你现在唱的是烟火里的尘埃是吧？你不唱烟火里的尘埃，你换一个唱吧，你唱孩子。我只要你唱孩子的最后一段吟唱。（hxy：是烟火里的尘埃的吟唱吗? 这个我是真的不知道[捂脸R][okR]。）好，那我觉得你应该学习一下，因为作为一个创作者，版权意识很重要，否则你直接把别人的原创据为己有，这个是很可怕的！因为太浮躁了，然后就会标注自己是原创人，你们会影响到观众的",1
2025/4/2 3:11,你说话用了我的版权[捂脸],1
2025/4/2 3:12,我有说不行吗[呆无辜],0
2025/4/2 3:15,人红是非多,0
2025/4/2 3:26,刚刷到这个,0
2025/4/2 3:29,写的好明白啊??怎么就是有人说不通呢??,0
2025/4/2 3:41,这个美女唱的好像黄霄云啊,0
2025/4/2 3:45,好听，但是我居然没有别的素人给的那种共鸣[酷拽],0
2025/4/2 3:57,这首歌我听了多久？听了多少遍？一几年一直到现在这个旋律就算是失忆也不可能听不出来这是《孩子》的吟唱！！！！和小烟是两首歌！,0
2025/4/2 4:02,@嗜睡小子,0
2025/4/2 4:10,有没有人扒个谱，我是音痴啥也听不出来,0
2025/4/2 4:11,看一下别人怎么标注的吧,0
2025/4/2 4:22,[玫瑰][玫瑰][玫瑰],0
2025/4/2 4:29,这时候要理性，等官方，不然到时候真丢人[捂脸],0
2025/4/2 4:35,那束光幕绝了[干饭人],0
2025/4/2 4:45,"翻唱是翻唱，侵权是侵权，不能因为一个出色的翻唱就忽略侵权问题 ,这是版权更是对创作者的不尊重。
黄霄云这次问题的关键在于吟唱部分是否侵权了歌曲孩子的吟唱部分。
这是一个争议问题，
用广大群众朴素的情感来看，这是套用了孩子吟唱的旋律，但是在歌曲演绎侵权判断中，是个比较模糊的边界。
双方据理力争倒不是什么太大问题，关键是太多极端粉丝开始无边界的攻击对方，而且本身就是流量比较大的歌手，会有很多人刻意吃这种流量而不是真正关心事情本身。看到无节操的评论总是让人生厌。",0
2025/4/2 4:46,虽然很好奇但是我不搜 不太想给hxy热度…,0
2025/4/2 5:08,1,1
2025/4/2 5:08,"二创作者的授权范围：
即使您拥有原作品版权，二创作者对其改编部分仍享有改编权（《著作权法》第13条）。未经其同意，翻唱其改编版本可能侵权。
原作品版权与二创的关系
原作品版权方（如音乐公司）可能未控制二创的版权，除非二创作者已将权利转让给原版权方。
即使原版权方允许您使用原作品，也不代表自动获得二创的授权。
简洁版：黃霄雲侵犯了华晨宇原创旋律署名权，即使买了西楼的《烟火里的尘埃》和《孩子》，也去分别找词人授权，也无权加入华晨宇为改编孩子而独创的旋律",0
2025/4/2 5:17,走开，我要看小米SU7[看],1
2025/4/2 5:17,反正黄霄云唱的我爱听！不然都不知道这样一首歌曲,0
2025/4/2 5:18,黄小芸是谁[捂脸][捂脸][捂脸],0
2025/4/2 5:35,黄某粉丝请正视问题所在，很简单的逻辑你们何必呢。（就说这段是不是华的原创且授权的原曲里没有的旋律！）还时间线，不管是小烟live还是孩子live它都是经原唱改编，不是你方授权的西楼原版！你方在未向华沟通下挪用了华的和声编写创作outro且冠以黄名才是症结所在，不要再胡搅蛮缠自作聪明的自己锤自己了[我想静静]请尊重原创,1
2025/4/2 5:37,黄霄云写的好想爱这世界啊   向阳而生   齐天 虚幻与现实 等等作品太好听了[赞][赞],0
2025/4/2 5:46,不知道啊，我小舅舅一直不喜欢华晨宇都站华晨宇了呀，音痴哥哥都听出来了一模一样哈,0
2025/4/2 5:49,求求这些裁缝别偷了，不行当个网红直播唱唱歌得了，是吧李师傅黄师傅[微笑],1
2025/4/2 5:51,"二创作者的授权范围：
即使您拥有原作品版权，二创作者对其改编部分仍享有改编权（《著作权法》第13条）。未经其同意，翻唱其改编版本可能侵权。
原作品版权与二创的关系：
原作品版权方（如音乐公司）可能未控制二创的版权，除非二创作者已将权利转让给原版权方。
即使原版权方允许您使用原作品，也不代表自动获得二创的授权。
简洁版：黃霄雲侵犯了华晨宇原创旋律署名权，即使买了西楼的《烟火里的尘埃》和《孩子》，也去分别找词人授权，也无权加入华晨宇为改编孩子而独创的旋律",0
2025/4/2 5:52,你说的不矛盾吗你都知道没侵权你跑这里无理取闹别人一带节奏一群人就起飞,1
2025/4/2 5:53,没有公章就人身攻击啊[尬笑],1
2025/4/2 5:54,谢谢[流泪],0
2025/4/2 5:55,谢谢支持[流泪][流泪][流泪][流泪][流泪][爱心][爱心][爱心][爱心]本火星人十分感谢[流泪],0
2025/4/2 5:59,"孩子吟唱是属于华晨宇的原创 不属于西楼也不属于2014棚版即原版的“烟火里的尘埃”！
1-2015演唱会版本是华晨宇创作改编过的并不是黄买的原版小烟
2-和声是2018歌手节目现做的，根本不一样！
3- 自己去听14版录音室版，那才是西楼参与的原版！而黄家从始至终只有原词曲的版权而已！
 吟唱部分不是烟火的！也不是西楼的！黄并没有买这部分的版权！",1
2025/4/2 6:03,本来就是华晨宇的歌谢谢,0
2025/4/2 6:04,黄裁缝,0
2025/4/2 6:14,up,0
2025/4/2 6:14,upup,0
2025/4/2 6:18,up,0
2025/4/2 6:27,一段吟唱需要写旋律，写和声走向，还要编曲，在你这里就是哦两声[憨笑]再说了，就算是哦两声也是有版权的[憨笑],0
2025/4/2 6:31,"@呼噜??.（见过花花版）: 二创作者的授权范围：
即使您拥有原作品版权，二创作者对其改编部分仍享有改编权（《著作权法》第13条）。未经其同意，翻唱其改编版本可能侵权。
原作品版权与二创的关系
原作品版权方（如音乐公司）可能未控制二创的版权，除非二创作者已将权利转让给原版权方。
即使原版权方允许您使用原作品，也不代表自动获得二创的授权。
简洁版：黃霄雲侵犯了华晨宇原创旋律署名权，即使买了西楼的《烟火里的尘埃》和《孩子》，也去分别找词人授权，也无权加入华晨宇为改编孩子而独创的旋律",0
2025/4/2 6:39,现在这是最好听的版本唯一,0
2025/4/2 6:42,可能以为她这么厉害唱功是不是火了四五十年了,1
2025/4/2 6:43,你可真优秀，真想给你点个赞,0
2025/4/2 6:44,总结：急的都是hxy粉丝，自知不占理开始胡搅蛮缠[泪奔][泪奔][泪奔],1
2025/4/2 6:44,你好厉害啊，真想给你点赞,0
2025/4/2 6:45,确实没错啊那本来就是孩子的吟唱 为什么要在烟火里的尘埃用啊,0
2025/4/2 6:52,你找一个我听听,1
2025/4/2 6:52,是啊，本来很容易搞清楚的事，硬生生被对面粉丝逼到这一步，对面粉丝一直在和稀泥,1
2025/4/2 6:53,黄霄云是我们贵州的，她参加过中国好声音的舞台,0
2025/4/2 6:54,对面粉丝还说什么时候独创部分旋律怎么成原创了？[捂脸],1
2025/4/2 6:54,本来就是华晨宇的歌谢谢,0
2025/4/2 6:55,所以到底争啥[抠鼻] 不是初代火姐么   真有问题工作室会出手的  不追究就是私底下有沟通的  以和为贵,0
2025/4/2 6:56,1,1
2025/4/2 6:57,买素材库这个说法绝了,0
2025/4/2 7:02,这是教原唱怎么唱歌系列吗[抠鼻],1
2025/4/2 7:03,胡闹的是黄，她的歌曲直接这么明晃晃的写着和声编排是她[捂脸],1
2025/4/2 7:05,谢谢[送心],0
2025/4/2 7:08,对面直接在自己的歌里把这段设计写成自己的,1
2025/4/2 7:09,？我让你偷我了吗[听歌],1
2025/4/2 7:10,招不招笑,0
2025/4/2 7:11,脓包粉丝飘了，才消停没多久[捂脸],1
2025/4/2 7:12,"@呼噜??.（见过花花版）: 二创作者的授权范围：
即使您拥有原作品版权，二创作者对其改编部分仍享有改编权（《著作权法》第13条）。未经其同意，翻唱其改编版本可能侵权。
原作品版权与二创的关系
原作品版权方（如音乐公司）可能未控制二创的版权，除非二创作者已将权利转让给原版权方。
即使原版权方允许您使用原作品，也不代表自动获得二创的授权。
简洁版：黃霄雲侵犯了华晨宇原创旋律署名权，即使买了西楼的《烟火里的尘埃》和《孩子》，也去分别找词人授权，也无权加入华晨宇为改编孩子而独创的旋律",0
2025/4/2 7:12,各位火星人也别太生气，就当是一次全网科普，毕竟现在那么多人喜欢听裁缝歌,0
2025/4/2 7:18,阅读理解有问题的话就多阅读几遍吧[尬笑],0
2025/4/2 7:18,谢谢[流泪],0
2025/4/2 7:19,音乐互为成就，无论原唱和翻唱恰如歌词所说如此精彩！—12秒吟唱（就本首歌来说吟唱时长及提升程度个人向并不是不可或缺）也可算烟火里的尘埃原唱改编版本，按照惯例如取得原唱同意应该可以翻唱改编版本；翻唱版本和声（几个人）黄霄云参与署名应该也无可厚非！,0
2025/4/2 7:20,幼儿园都没毕业，就不用讲高中知识了，轮到一天他们被侵权就知道了[捂脸]，估计比我们还急,1
2025/4/2 7:20,谢谢你[流泪],0
2025/4/2 7:21,华晨宇版本的烟火里的尘埃收藏量已经过千万，黄霄云的翻唱才过百万,0
2025/4/2 7:22,确实侵权了 把最后吟唱去掉就好了 反正是鬼叫不好听,1
2025/4/2 7:22,确实侵权了 我觉得把最后吟唱去掉就好了 反正是鬼叫不好听,1
2025/4/2 7:23,一样的 侵权了 把最后那段鬼叫去掉吧 反正不好听,1
2025/4/2 7:23,请你不要到处偷偷[憨笑],1
2025/4/2 7:24,黄霄雲翻唱发布前，肯定要经过授权方的审核，许可，不然现在都快一个月了，他们不可能没有反应的！,0
2025/4/2 7:24,离不离谱啊？,1
2025/4/2 7:26,到底是谁借着初代火姐的热度，结果还背刺[尬笑]那你们霄云真是表面一套背后一套啊,1
2025/4/2 7:28,好家伙，后面吟唱都不是自己写的还敢说是黄霄云版,1
2025/4/2 7:29,后面都没张嘴啊[泣不成声][泣不成声][泣不成声][泣不成声],0
2025/4/2 7:30,是2018改编的版本，里面这段旋律，被黄女士拿去放在翻唱的《烟火里的尘埃》里了。,0
2025/4/2 7:30,都扒谱了，就是剽窃,1
2025/4/2 7:32,黄霄雲方避重就轻，黄粉胡搅蛮缠，连ai都搞清楚这件事的核心问题了,1
2025/4/2 7:35,#华晨宇 黄霄云# 作为华晨宇歌迷，我们坚决维护华晨宇先生的音乐，对音乐版权侵害0容忍！！！,0
2025/4/2 7:36,到反天罡,1
2025/4/2 7:38,希望姐姐可以处理一下事情 还想去姐姐演唱会[舔屏],0
2025/4/2 7:38,她要不是翻车烟火里的尘埃，我都没听过她是谁也算是火了,0
2025/4/2 7:39,别杠烟火里的尘埃早几年前就很火，不就是看中这一点才会去买版权，,0
2025/4/2 7:44,原曲里面没有，是华晨宇2015年改编的，2018年在《孩子》这首歌里发表的，版权也在《孩子》里,0
2025/4/2 7:44,不是华晨宇的歌难道是hxy的嘛？？？[疑问],1
2025/4/2 7:47,支持华晨宇！支持原创[赞][赞][赞],0
2025/4/2 7:47,"@豆腐 @夏天呀 @summer 
豆腐，你的偶像花花永远的神。最近跟黄霄云又battle起来了",0
2025/4/2 7:48,@悲伤小狗,0
2025/4/2 7:49,华晨宇最好听,0
2025/4/2 7:50,黄女士混淆了“公共技法”与“独创性表达”的界限。三度音程是公共知识，但《孩子》中和声的具体旋律设计(如音高序列简谱:75 434 65 343 75434)是华晨宇独立创作的表达，受法律保护。《孩子》的和声旋律是华晨宇为适配主旋律设计的特定走向，即使基于三度技法，其具体编排仍构成独创作品。黄霄云直接复制的是“特定旋律”。直接复制该设计，已超出“技法使用”范畴，请黄女士提供《烟火里的尘埃》原版(包括录音、乐谱、编曲记录)中尾奏存在该和声的证据。若无法证明，则黄女士在翻唱中擅自引入《孩子》的独创内容。,0
2025/4/2 7:51,有了作品A的词曲授权，可不等于可以不问自取作品B诶！！！不问自取视为偷，小孩子都懂的道理……,1
2025/4/2 7:51,坚决维护华晨宇原创,0
2025/4/2 7:55,可是偏偏火的就是这段旋律，气不气,1
2025/4/2 7:57,就是华晨宇的[尬笑][尬笑][尬笑],0
2025/4/2 7:58,花花本人已授权面包翻唱，全球歌迷会不代表花花，也不能否决花花本人的决定！请路人知悉。[呲牙],0
2025/4/2 7:59,花花本人已授权面包翻唱，全球歌迷会不代表花花，也不能否决花花本人的决定！请路人知悉。[呲牙],0
2025/4/2 8:01,黄霄雲买了烟火里的尘埃的词曲翻唱权，但唱的却不是原版而是华晨宇改编版本，改编版本里有华晨宇写的旋律，黄霄云在歌曲页面没有标注，混淆歌曲改编部分是她的原创，直接把华晨宇写的旋律据为己用，涉嫌侵权，没有职业道德啊,1
2025/4/2 8:01,没有华晨宇就没有烟火里的尘埃，懂吗，苍老的小孩就是华晨宇,0
2025/4/2 8:02,翻唱一首不代表可以把另外一首嫁接过去[憨笑],0
2025/4/2 8:03,《孩子》吟唱旋律是华晨宇先生即兴演绎 其吟唱版权属于天娱，并非西楼，黄女士购买《烟火里的尘埃》版权却在歌里添加华晨宇先生《孩子》的吟唱部分 属于侵权,1
2025/4/2 8:03,首先原版里没有这段，你听过原唱吗[晕][晕],0
2025/4/2 8:03,纯恶心人,1
2025/4/2 8:03,那必须的,0
2025/4/2 8:03,支持[赞],0
2025/4/2 8:04,说的是后面吟唱不是烟火版权，一码事归一码事,0
2025/4/2 8:04,《孩子》吟唱旋律是华晨宇先生即兴演绎 其吟唱版权属于天娱，并非西楼，黄女士购买《烟火里的尘埃》版权却在歌里添加华晨宇先生《孩子》的吟唱部分 属于侵权,1
2025/4/2 8:04,华晨宇原唱，没有他就没有烟火里的尘埃，写的是他本人,0
2025/4/2 8:05,额。侵权很光荣嘛[笑哭],1
2025/4/2 8:06,无耻,1
2025/4/2 8:06,听谁的不重要，她这种不说自取为盗吧[尬笑]。喜欢哪个版本都是每个人品味不同。但是她这行为就很ex了，敢做不敢当吗[尬笑][捂脸],1
2025/4/2 8:07,早就是千万收藏，别闹了,1
2025/4/2 8:11,华晨宇粉丝是这样的素质,1
2025/4/2 8:12,Word文档算声明，我帮黄复制一份不一样可以吗，什么都没有连个像样的章都没有发出来丢人，名字还不带上去[抠鼻],1
2025/4/2 8:13,所以15年的就不是华晨宇改的了？怎么你们买的是15年live版？,1
2025/4/2 8:13,什么叫模仿但又没完全模仿，拿了一首歌版权，还要用另外一首歌，玩呢,1
2025/4/2 8:13,后面高音都不用张嘴吗？,0
2025/4/2 8:13,他都在演唱会上唱了，应该私下跟华晨宇沟通好吧,0
2025/4/2 8:16,说明什么？,0
2025/4/2 8:16,纯吃瓜群众表示：花花粉丝会水不水YY不知道 那个声明出的挺水的 格式乱七八糟 几千万大v出的声明怎么会这个样子 找个好点的文员吧[我想静静],1
2025/4/2 8:18,花花的孩子是张碧晨的，不是黄霄云的！,1
2025/4/2 8:19,妈呀，评论里黄的粉丝是来搞笑的嘛,1
2025/4/2 8:19,对,0
2025/4/2 8:22,我认识的十个人里能有八个人歌单是这个样子的……[憨笑]你喜欢哪版都可以，但这和争议主题关系大？,0
2025/4/2 8:22,"华晨宇歌迷诚挚欢迎获取授权的翻唱，但坚决抵制挪用旋律内容和“借鉴”形式创意的行为。

在内容上，黄霄雲女士在翻唱华晨宇代表作品《烟火里的尘埃》时使用了华晨宇先生在《歌手 2018》第五期《孩子》live 版的吟唱片段，该片段为华晨宇先生原创旋律。在形式上，华晨宇在2018鸟巢演唱会中首次将此原创片段与《烟火里的尘埃》一曲融合，与现场歌迷共同完成了即兴合唱。

《烟火里的尘埃》+《孩子》吟唱来自于华晨宇先生的改编创作，形成具有独创性的音乐作品，依据《著作权法》第十一条，华晨宇先生依法享有完整著作权。黄霄雲女士及其团队获取《烟火里的尘埃》使用权利，但并未获得《孩子》live 版使用权，也并未向华晨宇方沟通借鉴和声改编一事，擅自使用华晨宇原创片段及改编创意而未标注来源，篡改作品署名。

作为华晨宇歌迷，我们坚决维护华晨宇先生的音乐，对音乐版权侵害0容忍。敬请黄霄雲女士及其团队正确使用授权，明确创作来源，切勿模糊重点。真挚希望各位从业人员尊重创作者权利，共同促进行业良性发展。",0
2025/4/2 8:23,原创？别人在几年前就唱过了，她照搬 就是原创？就是因为原创才有的这些[捂脸]你怕不是看不懂啊[捂脸],1
2025/4/2 8:23,这段吟唱部分就是烟火里的尘埃间奏部分，你们的重点是在于孩子的版权问题，我们回击的重点在于我们没有使用孩子的内容，仅仅是在原作上进行了一个改变，仅仅是间奏到后面。另外和声编写不等于和声原创而是参加了这段和声奏出的人员名单，花花都没来为什么要有姓名？可笑至极，吟唱是属于主旋律的部分，而某星人却一直执着于和声，连主旋律和和声都分不清的人，也妄图影响大国门面的威望？,1
2025/4/2 8:24,没事，版权没问题就行。,0
2025/4/2 8:24,感觉她越是高音越轻松,0
2025/4/2 8:24,@二货险胜真君 他为啥要把我变白,0
2025/4/2 8:24,版权方没问题就行，其他不必理会,0
2025/4/2 8:25,有争议的那段 原创是华晨宇！！不是黄霄云！！,1
2025/4/2 8:26,这不跟华晨宇的吟唱一模一样吗,0
2025/4/2 8:27,哪又怎么样，支持抄袭是你的立场是吧,1
2025/4/2 8:27,[赞],0
2025/4/2 8:28,发出来之前的改编版本一定是达成双方协议的，本尊没意见，工作室没意见，不知道谁有意见呢,0
2025/4/2 8:32,其实对hxy一直都很无感哈[捂脸],0
2025/4/2 8:33,如果真是版权问题，我只能说音乐学专业的不会存在不懂[调皮][比心]因为我自己就是音乐学专业，对于版权问题相当敏感的,0
2025/4/2 8:33,你们以后是要往擦边歌手靠吗？我就问了《孩子》后面的吟唱版权买了吗？看清楚哦，不是《烟火里的尘埃》，是《孩子》后面的吟唱版权哦,1
2025/4/2 8:33,不懂 反正只听过华晨宇的烟火里尘埃,0
2025/4/2 8:34,没有看到这份声明有提到黄霄雲本人名字以及没有公章。请这个官方注意用词,0
2025/4/2 8:34,"她的那首《我的父亲是瓦匠》至今还没有人可以超越
感动到了极致很难不落泪[流泪]",0
2025/4/2 8:38,我都被委屈哭了，他们现在更离谱了，居然说这段吟唱是15年演唱会上就有的，不是孩子这首歌的,1
2025/4/2 8:38,华晨宇歌迷坚决维护歌手华晨宇的音乐以及版权,0
2025/4/2 8:38,她？她是谁？我一直说原创，你干哪去了？你想表达什么,1
2025/4/2 8:38,直接说吧，如果不是黄霄云唱了，我压根不听这首歌，谁会喜欢一个跳大神的唱歌，何况后面改的12秒吟唱把曲子技术难度顶到逆天的水平，你们家花花肯定是唱不了的了，原版G5都要上电子合成音和人家live Eb6 差距多大，能不着急吗,1
2025/4/2 8:40,毕竟高度不一样,0
2025/4/2 8:40,有争议那段是吟唱，我从始至终说的是整首。你先看清楚再来评论。,0
2025/4/2 8:42,谢谢[流泪],0
2025/4/2 8:42,谢谢你[抱抱你],0
2025/4/2 8:42,不确定呢，等官宣,0
2025/4/2 8:44,你卖了一幅风景画给a。然后a在你画上进行再创作。b也向你买了一副一样的风景画。可第二天在b堂口卖的是跟a一模一样的再创作的风景画。理解了吗,0
2025/4/2 8:44,她是用哪个部位发音的[发呆],1
2025/4/2 8:45,果然人火了都逃不过被搞的命运。[黑脸],1
2025/4/2 8:45,谢谢,0
2025/4/2 8:45,没脑子,1
2025/4/2 8:46,蓝V后援会发严正声明了,0
2025/4/2 8:46,要点脸,1
2025/4/2 8:46,看不见？,0
2025/4/2 8:47,先确认一下你是人机吗，人机我不回[感谢],1
2025/4/2 8:47,一直不理解什么是粉丝舆论，现在见识到了,0
2025/4/2 8:47,嗓子,0
2025/4/2 8:49,小升初准备好了吗,0
2025/4/2 8:49,个人更喜欢华晨宇版本，他把这首歌孤独感诠释的更好。,0
2025/4/2 8:49,你在叫什么？华晨宇本人都不知道这是烟火里的曲吧 拿铺子说话[捂脸],1
2025/4/2 8:50,自己写不出来 别人随便一个改编就是你的一辈子,1
2025/4/2 8:50,我用零秒猜出了你的性别[黑脸],1
2025/4/2 8:51,就是就是，我可怜的白月光，现在感觉在泥田里滚了一圈一样,1
2025/4/2 8:51,怎么办两个歌手我都喜欢[泣不成声][泣不成声][泣不成声],0
2025/4/2 8:51,抄袭就是抄袭！,1
2025/4/2 8:52,反正我知道克隆羊多莉活不久[愉快][愉快][愉快],1
2025/4/2 8:52,旋律不是歌曲的一部分？旋律抄袭不是抄袭？,1
2025/4/2 8:52,退一万步讲，就算版权没有争议，那段旋律是她写的吗，她就署名自己的名字，好歹把人家原创名字加上啊，加上了看有没有人骂她[泪奔],1
2025/4/2 8:53,谢谢支持[流泪][爱心],0
2025/4/2 8:53,[绝望的凝视],0
2025/4/2 8:54,我一直听的都是华晨宇版本的,0
2025/4/2 8:54,黄啊，应该提前和花花说下啊，糊涂啊。两个歌手都很厉害我都喜欢[泣不成声],0
2025/4/2 8:54,谢谢你[流泪],0
2025/4/2 8:55,"1.  控诉黄霄云标榜原创的事实不存在---歌手独立吟唱不属于和声，只属于编曲，在原版里都只署名在编曲中，和声编写一直指的是伴唱部分，
所谓“吟唱编写”截图，那是黄霄云的另一首歌《淬炼》

2.控诉工作室模糊混淆的事实不存在----华本人知道这事并已同意，通常翻唱只需要获得版权代理公司授权，一般版权也只属于词曲作者而非原唱，公告声明已获得华本人授权，说明他已听过发行版并表示同意 

3. 控诉黄霄云不尊重版权打擦边的事实不存在 ---- 不专门标注采样源音乐的相关作者信息是行业惯例，就算业内出了名的尊重版权的歌手，通常连词曲作者都不标，至于编曲更加吹毛求疵 

4. 控诉刻意营销孩子吟唱部分的事实不存在 --- 这版翻唱最大的亮点是人声硬刚电吉他，一般人说得吟唱部分和原版的差异从来指的是这段，从我个人角度，第一遍听还觉得收尾不如之前唱吧版爽，后来才知道是致敬，没想到反而惹得一身骚。",1
2025/4/2 8:55,[绝望的凝视],0
2025/4/2 8:55,小面包小面包,0
2025/4/2 8:57,那我也确认一下你是小学生吗，小学生我也不回[感谢]小学生好好上学读书哈[尬笑],1
2025/4/2 8:57,这时候庞麦郎应该站出来了[翻白眼],1
2025/4/2 8:57,谢谢,0
2025/4/2 8:57,就是华晨宇的歌[憨笑],0
2025/4/2 8:58,一直没见识过什么叫死皮赖脸死不承认，现在让我见识到了[呲牙][呲牙]抛开这一切不谈黄霄雲侵权是事实[呲牙][呲牙]你不承认不能改变既定事实[呲牙][呲牙]你们所有来回复我的没有一个人正面回应黄霄雲侵权问题,1
2025/4/2 8:59,这黄霄云是谁啊[捂脸],0
2025/4/2 8:59,而且还唱破音了,1
2025/4/2 9:00,应该站错了，等华晨宇工作室会应吧,0
2025/4/2 9:00,谁和谁吵起来了,0
2025/4/2 9:06,其实你可以猜猜蓝V哪里来的[黑脸],1
2025/4/2 9:06,所以 旁观者清 错了认个错就行了,0
2025/4/2 9:06,邪教，见识到了,1
2025/4/2 9:07,邪教[耶],1
2025/4/2 9:08,没火[捂脸][捂脸]，我朋友不认识她是谁,0
2025/4/2 9:09,支持原唱，拒绝侵权,0
2025/4/2 9:09,20年歌手奇袭毛不易的[捂脸]那时候就不招人待见,1
2025/4/2 9:10,其实你可以猜猜公章哪里来的[黑脸],1
2025/4/2 9:10,@小狗爱吃馒头 @别偷看我的蜡K秘方 @swimming（和于适看海边烟花版） 就这样,0
2025/4/2 9:11,人家不听，捂住耳朵向前跑[尬笑],0
2025/4/2 9:14,笑了,0
2025/4/2 9:14,@寻yu: 说得更清楚一点，黄版4分37秒开始到5分09秒结束，这32秒钟，原版的烟火和原版的孩子都没有这段旋律。这是华晨宇2015年演唱会上即兴创作的旋律，正式发表是在2018年歌手第五期《孩子》。,0
2025/4/2 9:15,笑晕了[噢买尬],0
2025/4/2 9:16,谢谢,0
2025/4/2 9:17,谢谢,0
2025/4/2 9:19,那你来说啥啊，整首歌里面那段吟唱不行，我们都在说这个吟唱，你在这回复我什么[捂脸]麻烦你下次别主动回复我谢谢,1
2025/4/2 9:19,因为这段吟唱的原曲就是西楼写的，就是烟火的间奏，不是华原创的，都是一个旋律当然一样。如果黄买了烟火，拿烟火的间奏改编被你们说是抄袭，那华在孩子里用烟火的旋律改编成吟唱，编曲里不给西楼署名，在节目里甚至还说自己写的，这不才是明抄袭？,1
2025/4/2 9:20,你给我干哪去了，没在一个频道上就别说了，你找和你一个频道上的说吧，用不着你在这给我讲理,1
2025/4/2 9:20,[看]看看路人评论,0
2025/4/2 9:20,招黑大队,1
2025/4/2 9:20,烟火里的尘埃华晨宇版本才是这首歌的天花板版本,0
2025/4/2 9:21,我嘞个版权法盲,1
2025/4/2 9:21,[抠鼻],1
2025/4/2 9:22,还是原版好听，黄为啥翻唱人家大热歌啊[捂脸],1
2025/4/2 9:22,回家吧孩子回家吧,0
2025/4/2 9:23,@华晨宇yu,0
2025/4/2 9:23,如果有路人看不懂，就换个通俗的比喻。黄霄云在华晨宇的水果店买了个西瓜。付款后顺手拿了个桃。问她为啥不付桃钱，她说已经买下西瓜了呀。说她小偷，她的工作室就强调买卖是正规合法的，她付了西瓜钱。反正只字不提那个被顺走的桃。法律没法判定她拿个桃能上升到违法盗窃，于是她粉丝就说有本事告呗。总得来说就是打法律擦边球，不违法，纯缺德[吐]不过以后的音乐裁缝们都有福啦，买一首黄霄云的歌，就可以得到她所有歌的版权啦。你们都可以这改一句，那添一句再标上是自己原创的，她粉丝都不敢骂你们的[打call][打call][打call],1
2025/4/2 9:24,烟火里的尘埃一直都很??啊，二月份左右，华晨宇版本已经火了两次了，那个时候hxy还没翻唱了吧[尬笑],0
2025/4/2 9:24,不是 买了烟火用孩子 看不懂吗难道……回家吧孩子,1
2025/4/2 9:25,华晨宇改编的孩子,0
2025/4/2 9:26,[流泪],0
2025/4/2 9:26,……因为她用了啊，不管她事吗？！,1
2025/4/2 9:26,谢谢,0
2025/4/2 9:27,吟唱旋律不是他写的吗？你写的吗[尬笑],1
2025/4/2 9:27,烟火里的尘埃 原版没有这一节 她炒的是我们改编版哦[憨笑],0
2025/4/2 9:28,意思是知道自己会输，但不认吗？[尬笑],1
2025/4/2 9:29,不是哈，在谁面前她都说自己是谁的粉丝[尬笑],1
2025/4/2 9:30,谢谢支持[快哭了],0
2025/4/2 9:31,避重就轻,1
2025/4/2 9:32,虽然我不是粉但是看的一股火[尬笑],0
2025/4/2 9:33,也是找营销号洗白了，才发现她歌手垫底不是没有道理的,1
2025/4/2 9:34,烟火里的尘埃只认华晨宇，偷歌贼不配唱,1
2025/4/2 9:35,谢谢[泣不成声],0
2025/4/2 9:36,不是啊孩子的吟唱就是烟火里的啊《孩子》作为《烟火里的尘埃》的姊妹篇的话有参考烟火的啊这个吟唱可以理解为衔接部分而且最开始的时候不是还夸这个吟唱是在致敬吗过了一个月说侵权真的有点莫名奇妙的[宕机],0
2025/4/2 9:37,我今早晨听了《孩子》和《烟火》，感觉这两首歌曲调蛮像的,0
2025/4/2 9:37,黄偷云，发表别人专辑歌曲也就算了，还抄袭别人原创，乐坛裁缝[捂脸],1
2025/4/2 9:37,写出那段吟唱旋律的真的是天才啊啊啊啊[流泪][流泪][流泪]太好听了[流泪][流泪][流泪][流泪][流泪][流泪]我18年听过后一直不能忘记啊啊啊啊啊啊[流泪][赞][赞][赞][赞][赞][玫瑰][玫瑰][玫瑰][玫瑰][玫瑰]烟火里的孩子太好听了[流泪][玫瑰][玫瑰][玫瑰][玫瑰][赞][赞][赞][赞],0
2025/4/2 9:37,原唱华晨宇,0
2025/4/2 9:38,多少年了，大家都知道的,0
2025/4/2 9:38,你还知道烟火里的尘埃原版里没有这段啊，也没见你家姐姐把《孩子》吟唱的那段标出来出处，就这么冠冕堂皇的说是自己的了？,1
2025/4/2 9:38,用啥了就是烟火里的低声部和声，你家孩子除了??谁在乎,1
2025/4/2 9:38,你是没看懂还是怎么呢？说他抄袭的事了吗？[尬笑]是她没授权就搬运孩子的吟唱部分,1
2025/4/2 9:38,他怎么写的呢？啥时候写的呢,0
2025/4/2 9:39,我支持华晨宇[玫瑰][玫瑰][玫瑰],0
2025/4/2 9:39,低龄，就是烟火里的低分部和声，别叫了,1
2025/4/2 9:39,那你们家用了《孩子》片尾吟唱不应该标明出处吗？我请问呢[尬笑],1
2025/4/2 9:39,不要狡辩了，正常人都听得出来抄袭，有种自己写，别抄别人的[看]黄偷云，乐坛裁缝[耶],1
2025/4/2 9:40,"我方从未 授权对方可以使用《孩子》的吟唱旋律，即便该歌手拥有《烟火里的尘埃》的使用许可，也不包含对《孩子》中原创旋律的使用.权利。在未取得合法 授权的情况下擅自使用该段旋律，已构成“实质性相似”与“接触可能性明确""的事实，涉嫌侵犯音乐作品著作权。[太开心][太开心][/cp]",0
2025/4/2 9:41,顶,0
2025/4/2 9:42,这就不得不提网易了,1
2025/4/2 9:42,hxy 惯犯了，笑死,1
2025/4/2 9:42,？？！你别说话了，想笑[憨笑],1
2025/4/2 9:42,侵权了姐[尬笑][尬笑][尬笑][尬笑]有点法律意识,1
2025/4/2 9:42,耳朵不用就捐了[尬笑],1
2025/4/2 9:43,感觉她一直很喜欢这首歌，要是之前在歌手上唱这首就很完美了,0
2025/4/2 9:43,低龄??,1
2025/4/2 9:43,谢谢,0
2025/4/2 9:44,偷别人歌还有理了[尬笑][尬笑][尬笑][尬笑]发的声明还避重就轻,1
2025/4/2 9:44,自己听原版啊[捂脸],0
2025/4/2 9:45,黄霄云和她团队这种行为就是打擦边球 明知不可为而为之 抱有侥幸心理 作为歌手毫无职业道德可言[尬笑][尬笑][尬笑],1
2025/4/2 9:46,自己去让你们工作室声明啊，叫啥呢一天天的,1
2025/4/2 9:46,昨天看词条给我都气笑了[憨笑]黄霄雲能不能解释一下你粉丝口中的“注明原唱是华晨宇已经是对作品最大的尊重”的意思吗[憨笑][抱拳]能解释什么叫你的翻唱让这首歌重回大众视野什么叫因为你的翻唱让大家看出华晨宇的才华吗[憨笑][握手],1
2025/4/2 9:46,谢谢[流泪][玫瑰][玫瑰][玫瑰],0
2025/4/2 9:47,14年的歌，黄霄云出道了吗[捂脸][捂脸][捂脸],0
2025/4/2 9:48,你替你们家粉丝解释下 什么叫孩子是姊妹篇 所以可以炒这件事[捂脸],1
2025/4/2 9:48,注意??是原创旋律??我们可从来没有质疑过烟火的翻唱问题[九转大肠]全文避重就轻，压根儿没说到点子上,1
2025/4/2 9:48,这个出的时候黄霄云都还不知道在哪[捂脸][捂脸][捂脸],0
2025/4/2 9:48,授权的是原版还是演唱会版本，这段吟唱是出自孩子还是演唱会版本的，,0
2025/4/2 9:48,是华晨宇[流泪][流泪][流泪][流泪][流泪][流泪][流泪],0
2025/4/2 9:49,作为华晨宇歌迷，我们坚决维护华晨宇先生的音乐，对音乐版权侵害0容忍。敬请黄霄雲女士及其团队正确使用授权，真挚希望各位从业人员尊重创作者权利，共同促进行业良性发展。,0
2025/4/2 9:49,我需要解释吗？谁质疑谁举证,1
2025/4/2 9:49,就是啊,0
2025/4/2 9:49,就是烟火里的低分部和声，别叫了,1
2025/4/2 9:50,素材库hhhhhhh，总结的太棒了,0
2025/4/2 9:50,当翻唱比原唱红，就会惹出这样那样的针对，用显微镜去找你的茬[捂脸],0
2025/4/2 9:50,你是hxy黑粉吗[流泪],1
2025/4/2 9:51,？？？？？？回家吧孩子[尬笑][微笑],1
2025/4/2 9:51,啊？那为什么你们有的人说是演唱会版本的小烟啊[快哭了],0
2025/4/2 9:52,举证了啊[捂脸]你咋不去看看举证[捂脸],1
2025/4/2 9:52,没有必要说一个人吧，她可能以为买了歌版权就没有问题了，换个反向想她的团队也不给他提个醒。或者她跟花花提前打个招呼也没问题。两个歌手都很优秀。,0
2025/4/2 9:52,还是原唱好听悦耳啊,0
2025/4/2 9:52,哈哈哈哈哈哈哈哈,0
2025/4/2 9:52,打擦边的惯犯了，粉随正主,1
2025/4/2 9:52,授权的是《烟火里的尘埃》，不是《孩子》。我觉得这句话挺好懂的[憨笑],0
2025/4/2 9:53,支持原唱 拒绝侵权。,0
2025/4/2 9:53,咱都别呛呛了 等最后结果吧,0
2025/4/2 9:53,你一粉丝举证啥？还是说你们的后援会的三五产品？有啥法律效应,1
2025/4/2 9:54,继续扒你会发现你大歌的改编就是烟火里的[耶],1
2025/4/2 9:55,烟火我们听多少年了 孩子我们也听多少年了，到底里面有没有我们能不知道吗，蹲后续吧，你也别回我了，谢谢,0
2025/4/2 9:57,华晨宇唱的更好听 支持原创,0
2025/4/2 9:57,你不服就去告你们认为的非官方账号啊，不敢告是在怕什么,1
2025/4/2 9:58,她买的是哪首歌的版权自己不知道吗？,0
2025/4/2 9:58,说的不错，但是你是不是不知道黄霄云版烟火和孩子的监制人是同一家公司，用你的话讲这个桃是这家公司寄售在这的，顺便让黄霄云取一下。[思考],0
2025/4/2 9:58,拒绝偷歌贼,1
2025/4/2 10:00,听了，和声部分没有任何相似处，你要说用和声吟唱这个创意能算版权，那你赢了，词曲也是原作者授权的,0
2025/4/2 10:00,现在最好的方式就是私下去沟通，赶紧获得那段吟唱的版权，问题就解决了，我估计就是华纳买了烟火里的尘埃词曲版权，但是唱的时候吟唱是黄加进去的，黄肯定听过华改编的这段旋律，本意可能是因为致敬或者加花，但是没想到事情发酵成这样,0
2025/4/2 10:00,一个是所谓后援会声明   一个是工作室回应,0
2025/4/2 10:00,顶,0
2025/4/2 10:01,裁缝还是太多了，乐坛有自己的玖月晞,1
2025/4/2 10:02,超级大血包，黑红也是红，华晨宇无妄之灾,1
2025/4/2 10:02,这里面提《孩子》了吗？,0
2025/4/2 10:03,完全不相同吧，真要扯，那只能说是用和声吟唱这种创意，但是对面又有的聊了，和声吟唱华晨宇前别人都用烂了[捂脸],0
2025/4/2 10:04,我想很好理解吧,0
2025/4/2 10:05,翻唱权没有买一送一哈,0
2025/4/2 10:07,看你在这片评论区跟个跳梁小丑似的，蹦跶过来蹦跶过去，评判别人是鬼叫的前提是你得比别人优秀吧，很显然你不是[眼含热泪],1
2025/4/2 10:07,花粉给花招黑又不是一天俩天了，我个人来说是谁都不粉的，但我快男开始就看华晨宇，华晨宇和邓紫棋闹绯闻那段时间再加上那段时间有点神就不过于关注了，最近黄霄云翻唱有点火又搜了华晨宇了解到现在华晨宇演唱会的中性风造型很不错，刚关注又整这些活，我不粉人的主要原因就是不想抖音一刷都是谁谁谁的热搜[捂脸],0
2025/4/2 10:08,跟孩子一点关系都没有，为什么要提孩子，别混淆视听,1
2025/4/2 10:08,本来一说烟火里的尘埃就要提黄霄云已经烦死了，现在还有这事?,1
2025/4/2 10:08,只能说华晨宇有才是真的7年前的旋律现在还有人抄还不过时真牛,0
2025/4/2 10:08,黄小偷，粉丝来了[看],1
2025/4/2 10:09,我们家不是开超市的 也不会搞买一送一的活动[捂脸][捂脸][捂脸][赞],0
2025/4/2 10:10,你去听啊，她翻唱的版本的吟唱部分和华18年在《歌手》里唱的孩子结尾的吟唱部分一样啊，一直也都没人质疑西楼林夕华晨宇对烟火里的尘埃的授权，但是结尾属于孩子的部分又怎么解释呢？,1
2025/4/2 10:12,第一张不是打码了都过不去审核,1
2025/4/2 10:12,我爱听的原创的一直都很好听啊很喜欢这首歌，不是因为翻唱才开始喜欢,0
2025/4/2 10:13,不懂就问，黄女士知道什么叫做不问自取视为偷吗？[捂脸],0
2025/4/2 10:14,防不住有人惦记[捂脸],0
2025/4/2 10:14,耳聋就去医院治 [比心],0
2025/4/2 10:14,拼好歌第一人[鼓掌][鼓掌][鼓掌][鼓掌]黄裁缝名字锁死吧[鼓掌][鼓掌][鼓掌],0
2025/4/2 10:15,拼好歌第一人[感谢],0
2025/4/2 10:15,谢谢支持[泣不成声],0
2025/4/2 10:16,黄霄云拿了华晨宇的大热曲和旋律，操作操作，标注自己的原创了。简单明了，走捷径。这是大众心里最直观的感受了。,1
2025/4/2 10:17,。。,0
2025/4/2 10:17,换个人喜欢吧[笑哭],0
2025/4/2 10:18,?黄霄云结尾用的旋律是【华晨宇写的】；?黄霄云买的【原版】烟火里的尘埃并没有这段旋律 ；?华晨宇本人没同意黄霄云用这段旋律。,1
2025/4/2 10:18,这就是她可以随便用并且说自己是原创的理由？改编版的华晨宇难道没买版权吗？ 版权难道在西楼那里？,1
2025/4/2 10:18,难如听,0
2025/4/2 10:19,@花落时相遇 她手为啥这样啊,1
2025/4/2 10:19,人官方都说没授权了..,0
2025/4/2 10:19,行了那我问你2015年的和声是什么呀[憨笑],0
2025/4/2 10:19,云 不是雲,0
2025/4/2 10:20,不是 是要删掉  她又没付费 凭什么用华晨宇其他作品,1
2025/4/2 10:20,等一下花粉是什么？我好像听到了花粉,0
2025/4/2 10:20,有耳朵就能听出来，视频里两段旋律压根不相同，只能说和声吟唱这个模式相同，硬要说抄，对面那就有的聊了，这种模式前人都用烂了,0
2025/4/2 10:20,妈呀你觉得你觉得，单你觉得就行你怎么不上天[舔屏][舔屏],1
2025/4/2 10:20,你耳朵不好使吧,1
2025/4/2 10:20,笑死，这女的单方面蹭热度被你说成双方打广告，有被人偷东西是为了打广告的嘛,1
2025/4/2 10:20,真有病  也不知道你们脑子里是不是有一包水[色][色]这么赤裸裸的抄袭你们还能维护 真是三观偏的没边了哈 近期以来见过最无理取闹的人群[调皮],1
2025/4/2 10:21,为什么，我就是喜欢这两个歌手。,0
2025/4/2 10:21,我们不是花粉谢谢，我们叫火星人叫ET,0
2025/4/2 10:21,[尬笑],0
2025/4/2 10:21,她还说是花花粉丝嘛[皱眉],1
2025/4/2 10:21,你有耳朵吗 明明是另外一首歌了还在这整说是原曲,1
2025/4/2 10:21,感谢宝宝理解我们小花[流泪][流泪][流泪],0
2025/4/2 10:22,谢谢宝宝[抱抱你][抱抱你][抱抱你],0
2025/4/2 10:22,世界之大无奇不有啊,0
2025/4/2 10:23,[抱抱你][抱抱你],0
2025/4/2 10:23,好了等着翻车吧你[微笑],1
2025/4/2 10:24,明明是翻唱原版，但她总提是自己原创，就算是有版权，也是翻唱，不是原唱呀[尬笑],1
2025/4/2 10:24,是哒，指路华晨宇的《孩子》这首歌哦～,0
2025/4/2 10:24,事情闹这么大，她不知道嘛？？明明出来道个歉，标注来源的事！！！！！,1
2025/4/2 10:24,他是那歌黄的粉，所以他势死站他那边的[憨笑]没有辨别度不要跟他多说[捂脸],1
2025/4/2 10:25,6,0
2025/4/2 10:25,并没有授权孩子这首歌好吗,0
2025/4/2 10:25,那你没耳朵吗[疑问]hxy自家都认了是同一段，就是硬扯别的,1
2025/4/2 10:26,他说不过就会破防，不要跟这种人沟通了[捂脸],1
2025/4/2 10:27,哇塞  你们不认输就是对的哈哈哈哈哈哈,1
2025/4/2 10:27,不好意思这首歌本来就华晨宇版的好听,0
2025/4/2 10:27,应该是个小朋友 让我们举证 还在我们的评论底下回怼[看],1
2025/4/2 10:28,华晨宇需要？,0
2025/4/2 10:28,关于烟火原创 三度和声作为音乐理论中的通用技法(如平行三度、六度音程)确实属于公共领域，但《孩子》中使用的具体和声旋律(音高序列、节奏型)属于独创性表达，受《著作权法》保护。《孩子》的和声旋律是华晨宇为适配主旋律设计的特定走向，即使基于三度技法，其具体编排仍构成独创作品。 黄霄云直接复制的是“特定旋律”。 贵方混淆了“公共技法”与“独创性表达”的界限。三度音程是公共知识，但《孩子》中和声的具体旋律设计(如音高序列简谱:75434 65 34375434)是华晨宇独立创作的表达，受法律保护。贵方直接复制该设计，已超出“技法使用”范畴，请贵方提供《烟火里的尘埃》原版(包括录音、乐谱、编曲记录)中尾奏存在该和声的证据。若无法证明，则贵方在翻唱中擅自引入《孩子》的独创内容。,1
2025/4/2 10:28,upup,0
2025/4/2 10:28,up,0
2025/4/2 10:28,还双方公司故意引导，华晨宇需要吗我请问，演唱会都忙不过来[比心],0
2025/4/2 10:29,up,0
2025/4/2 10:29,upup,0
2025/4/2 10:29,有一点华晨宇全球歌迷会是天娱官方的蓝V他既然敢声明华晨宇本人不知道那应该不假。,0
2025/4/2 10:29,看不见？,0
2025/4/2 10:30,作曲和作词原唱是三个人 应该找谁授权,0
2025/4/2 10:30,这个确实有点儿凌乱。后面吟唱是一模一样的，但又不是授权的烟火里的尘埃这首歌。而是孩子的那首歌。,0
2025/4/2 10:30,不说他的人 就因为烟火里的尘埃，华的歌我就不会黑。而且他的几首歌真的很不错，很有特色。至于黄不知道是营销号还是什么原因，莫名的喜欢不起来。,0
2025/4/2 10:30,你耳朵长屁股上啦？这视频两段压根就不一样，自己再去听听,1
2025/4/2 10:30,这很明显的版权问题啊[黑脸][黑脸]就是抄袭了,1
2025/4/2 10:31,孩子是谁创作的 我请问呢？[噢买尬],1
2025/4/2 10:31,老师，华晨宇的歌迷叫火姐，火星人，不是花粉哦,0
2025/4/2 10:31,不对姐们儿 是不是回复错了[噢买尬],0
2025/4/2 10:32,还是我哪句回复的有歧义了[噢买尬],0
2025/4/2 10:33,不是我家姐姐哈 我家没这姐 我可不敢认 [噢买尬],0
2025/4/2 10:33,哈哈哈，他激动麻了[笑哭]别人只是在客观说，又没攻击个人，他就要破防[笑哭],1
2025/4/2 10:34,但是她前段时间现场唱烟火里的尘埃两次破音诶[捂脸][捂脸][捂脸],1
2025/4/2 10:34,我了解情况了，就是最后有段吟唱是华晨宇写的，黄霄云唱了，但是在和声编写那里没有写华晨宇的名字，所以粉丝群里而攻之，就是这么个事,0
2025/4/2 10:36,你这份盖章文件被认为是打擦边球，目前发出来粉丝不认[捂脸]，因为最后那段吟唱并不是原版里有的，而是另外一首歌孩子里的，你这篇文件只字未提孩子吟唱部分,1
2025/4/2 10:36,乐坛玖月晞[耶],0
2025/4/2 10:37,是的 她只有烟火的版权 最后一段说是自己的原创,0
2025/4/2 10:38,她不是，她喜欢很多明星，不是火姐,0
2025/4/2 10:38,hxy的新歌叫烟火里的尘埃[看],0
2025/4/2 10:38,脑子坏了？高二政治没学？[泣不成声][泣不成声][泣不成声][泣不成声],1
2025/4/2 10:38,谁家模仿把编曲写上她自己的名字的？这么不道德的事现在粉丝叭出来还死不承认，以后谁的歌敢让她唱，等会都变她自己的了,1
2025/4/2 10:39,你是个男人？,1
2025/4/2 10:39,请hxy粉丝停止造谣！停止网暴辱骂他人！支持维权！,1
2025/4/2 10:39,[捂脸][捂脸][捂脸]如果真的没经过本人同意用的话，hcy早起诉了,0
2025/4/2 10:39,她前面唱了两首难度挺高的歌，气顶不上去了已经，正常唱还是可以的,0
2025/4/2 10:40,这都标注是hxy的新歌了[看],0
2025/4/2 10:42,还有一个音乐评论号也说过黄的翻唱精华在于最后面的那部分吟唱，有为了这碟醋包了一盘饺子的感觉，明眼人都知道这个设计才是她的那首翻唱是灵魂点，但是，这个设计是花花和粉丝一起创作的出来，却被黄直接偷了还标明是自己设计的，就很恶心,1
2025/4/2 10:42,说因为翻唱才火的..火在你梦里[泣不成声],1
2025/4/2 10:43,错了不认更令人不齿，我呸,1
2025/4/2 10:43,购买了翻唱就可以标注是hxy的新歌嘛[思考],0
2025/4/2 10:44,主办：幸好我删博了,0
2025/4/2 10:46,@朱俊彬,0
2025/4/2 10:46,主要是她没版权啊，没版权就擅自挪用，这合理吗,0
2025/4/2 10:47,她歌手直播就不行啊，技术有，稳定性太差了,1
2025/4/2 10:47,很难信服，总觉得哪里不对,1
2025/4/2 10:48,启信宝都查不到[捂脸][捂脸][捂脸],0
2025/4/2 10:48,黄霄云真是小心机满满的，之前她被黑我还帮她说过话[流泪]本来，本来翻唱大火歌曲就已经嗯...没人点破，然后和声吟唱又成自己原创[捂脸]包括上周天天刷到黄霄云翻唱 jj 那个不潮不用花钱，之前我都刷不到黄霄云，然后前两天一直给我推[捂脸]一开始对她印象还挺好的,1
2025/4/2 10:48,知道什么是启信宝吗 学生妹妹,0
2025/4/2 10:51,这是不是cx还没有人锤不说，这歌词是谁写的你知道吗,1
2025/4/2 10:51,这个鸣唱明明就是跟着烟火里的尘埃的音符唱出来的….,0
2025/4/2 10:52,模仿说模仿的事了吗就这么顺手啊,1
2025/4/2 10:52,打了几个字就证明是扒谱了妈呀[疑问]别闹了哥们别以为我们跟你们一样是文盲 谱子呢大姐 你没有是吧没事我有,1
2025/4/2 10:52,原来有耳盲第一次见[赞][赞]佩服,0
2025/4/2 10:54,发新歌了啊，恭喜恭喜，唱的蛮好听的[思考],0
2025/4/2 10:55,就不能唱自己的作品吗,0
2025/4/2 10:55,你是有烟火的版权，但是《孩子》的吟唱版权呢？？？你倒是发出来啊,1
2025/4/2 10:56,@CLOSE [尬笑][尬笑][尬笑],0
2025/4/2 10:56,华晨宇这首歌曲真的好听,0
2025/4/2 10:57,这个意思是你卖鸡连它下的蛋也附赠了？好大方啊，你在哪儿，我来找你买东西,1
2025/4/2 10:57,耳朵没有，眼睛该有了吧[憨笑],0
2025/4/2 10:58,[憨笑],0
2025/4/2 11:00,笑亖，原博已经自己灰溜溜删了,1
2025/4/2 11:01,混淆概念，某家粉丝一直在把事情模糊在《烟火里的尘埃》的版权上，我们维护的是某家在歌曲结尾段套用了我家另一首歌的吟唱。这里可没有买一送一的活动哈[你不大行][你不大行]。??????,1
2025/4/2 11:01,第一次这么不想变白[黑脸],0
2025/4/2 11:01,是的,0
2025/4/2 11:01,这首歌14年到现在，火了11年了,0
2025/4/2 11:01,我说怎么我随口就能唱，原来我已经在华晨宇演唱会唱过好多遍了[憨笑],0
2025/4/2 11:01,这歌词又不是华晨宇写的，而且华现在也不唱这歌[看]黄霄云可是抄袭发表且在演唱会上唱了,1
2025/4/2 11:01,哇哇哇[惊喜][惊喜][惊喜][惊喜],0
2025/4/2 11:01,花花最棒，版权很重要的,0
2025/4/2 11:03,好巧哦[可怜],0
2025/4/2 11:03,抄袭不涉及法律问题？著作权有明确规定好嘛？,1
2025/4/2 11:04,"经比对发现，《烟火里的尘埃》翻唱中完整沿用了《孩子》尾奏吟唱的核心特征（包括音高走向、节奏型态及和声架构）。这些经二次创作的独创性表达受法律保护，仅标注原唱信息并不能免除改编授权义务。

法律立场重申：
黄霄雲方试图用“技法公共性”掩盖“表达盗用”的本质。三度音乐技法有其公共属性（如三度音程运用），但反对未经许可复制他人作品的独创性表达。黄方在未获授权情况下，直接使用《孩子》改编版本中的和声设计与旋律编排，已构成对改编著作权的侵害。",1
2025/4/2 11:05,黄霄云live版不仅破音 后面吟唱完全没有感情 一整个表现都是“我要唱上去这个音我要稳住不能再破了”[笑哭]建议博主找个她的live版盘一盘 想看,1
2025/4/2 11:06,@黄霄雲（巡演版） 你的新歌太好听了，继续努力[赞],0
2025/4/2 11:07,原来我们花的糊面包是这个原因哈哈哈哈,0
2025/4/2 11:07,我的天你是怎么说出来质疑西瓜桃子不是超市的[憨笑][憨笑]无敌了那你这个理解能力确实没得聊[憨笑],1
2025/4/2 11:07,你是个女人？,1
2025/4/2 11:07,华晨宇本人知道他在维权吗[黑脸],1
2025/4/2 11:08,非常的有华味啊，后面的吟唱原模原样啊[微笑],0
2025/4/2 11:08,法师会做法,0
2025/4/2 11:09,有一个人说最后那一段是黄霄云的原创 一直说的是和声编写为黄霄云自己改编，所以才写自己的名字 而和声编写不包括最后那一段吟唱,0
2025/4/2 11:09,乐坛玖月晞黄霄雲,0
2025/4/2 11:11,阿云[比心],0
2025/4/2 11:11,upup,0
2025/4/2 11:12,明事理[赞],0
2025/4/2 11:12,@虚空怪猫 @搁浅的海獭 @每天都要吃饱饭 你怎么看,0
2025/4/2 11:14,如果这也算抄袭，以后我把字典都注册版权谁说话都得交税,1
2025/4/2 11:14,改编的那段属于花花你懂吗？不难理解吧？西楼版孩子没有那一段改编，烟火原版也没有那一段和声，和声18年花花在歌手上自己写的，很难理解吗？,0
2025/4/2 11:14,烟火里本身就很火,0
2025/4/2 11:15,请问孩子是吗？,0
2025/4/2 11:15,版权的事  外人不好说。但是个人感觉还是华晨宇的好听。女生版也很有特色。,0
2025/4/2 11:16,三无产品纸[捂脸]哇好官方啊[捂脸],0
2025/4/2 11:16,网易你好样的[猪头],1
2025/4/2 11:16,小学生？,0
2025/4/2 11:17,无论是原版烟火还是西楼原创的孩子结果都没有那段和声，那段和声第一次出现是在18歌手花花改的，采访的时候花花还说他自己写的，我们说的就是这段和声，黄霄云直接在烟火改编里说这段和声她自己写的[憨笑][憨笑][憨笑],1
2025/4/2 11:17,我去！！！,1
2025/4/2 11:17,牛逼！支持维权！！！,0
2025/4/2 11:17,尊重原创！！！！！！,0
2025/4/2 11:17,你终于来了！！,0
2025/4/2 11:17,挖槽你活了,1
2025/4/2 11:17,卧槽你支棱起来了！,1
2025/4/2 11:17,保护华晨宇先生音乐版权！！,0
2025/4/2 11:17,你活了你活了！支持维权！,0
2025/4/2 11:17,支持维权！保护华晨宇先生权益！！！,0
2025/4/2 11:17,尊重原创！！！！支持维权！！！！！,0
2025/4/2 11:17,黄霄云乐坛玖月晞 这两天是她这辈子最火的一次 蹭了个大的,1
2025/4/2 11:17,拒绝擦边行为！！坚决维护华晨宇的音乐！,0
2025/4/2 11:17,卧槽 请尊重歌手版权安全 支持华晨宇维权,0
2025/4/2 11:17,你终于来了,0
2025/4/2 11:17,被抄袭的创作，你看到吗？被网暴的????，你听到吗？大家的祈求，你知道吗？@华晨宇工作室 @天娱传媒 我们被网暴十几年了，你了解吗？你体会吗？你明白吗？,1
2025/4/2 11:17,我靠你真是雄起了,1
2025/4/2 11:17,哇六字也表态了！,0
2025/4/2 11:18,保护华晨宇先生的音乐版权！！,0
2025/4/2 11:18,卧槽你活了！！！??????????,1
2025/4/2 11:18,感动了有点,0
2025/4/2 11:18,保护华晨宇先生音乐版权！！！,0
2025/4/2 11:18,支持维权！保护华晨宇先生音乐版权！,0
2025/4/2 11:18,@黄霄雲的雲上面包坊 @黄霄雲 请尊重原创！！！！,1
2025/4/2 11:18,黄霄云团队捂嘴华晨宇歌迷,1
2025/4/2 11:18,你终于来了我们坚决维护华晨宇的音乐,0
2025/4/2 11:18,华晨宇歌迷坚决维护歌手华晨宇的音乐！ ,0
2025/4/2 11:18,支持华晨宇先生的音樂維權！,0
2025/4/2 11:18,拒绝擦边行为 支持华晨宇维权,0
2025/4/2 11:18,不好意思，昨天还以为六字噶了呢@华晨宇工作室 点你呢,1
2025/4/2 11:18,支持华晨宇维权！工作室你太棒了！,0
2025/4/2 11:18,华晨宇歌迷坚决维护歌手华晨宇的音乐 ！！！,0
2025/4/2 11:18,卧槽 等你等得好辛苦 你终于来了??,0
2025/4/2 11:18,华晨宇歌迷坚决维护华晨宇先生的音乐！,0
2025/4/2 11:18,卧槽！卧槽！你终于活过来了！！！！！,0
2025/4/2 11:18,支持维权！,0
2025/4/2 11:18,华晨宇歌迷坚决维护歌手华晨宇的音乐！避重就轻不是解决问题的方式，同时拒绝音乐版权擦边行为！,0
2025/4/2 11:18,爽了“尊重音乐创作者的作品创意是原创音乐人的基本职业道德素养，每一份饱含心血的成果都应该被认可和保护。”,0
2025/4/2 11:18,支持华晨宇维权，拒绝法律擦边球,0
2025/4/2 11:18,你活了，给她们留面子还蹬鼻子上脸,1
2025/4/2 11:18,[淚],0
2025/4/2 11:18,支持华晨宇维权！,0
2025/4/2 11:18,b站造谣视频请告！！[淚],1
2025/4/2 11:18,支持原创！坚决维护华晨宇的音乐！,0
2025/4/2 11:18,保护华晨宇先生的版权！！！支持原创！！！,0
2025/4/2 11:18,支持维权,0
2025/4/2 11:18,坚决维护歌手华晨宇的音乐！支持维权！,0
2025/4/2 11:18,我对你刮目相看了六字！,0
2025/4/2 11:18,别听两边歌迷吵的，黄霄云唱片公司的问题，两个歌手一个被侵权，一个背锅,1
2025/4/2 11:18,兄弟挑几个告一下，黄霄云粉在哔站知乎倒打一耙造谣，已经造成了恶劣的影响,1
2025/4/2 11:18,woc！你终于来了！,0
2025/4/2 11:18,尊重原创，六字你支棱起来了，今天夸夸你,0
2025/4/2 11:18,你终于活了,1
2025/4/2 11:18,想做原创就要有底线！保护原创权益！,0
2025/4/2 11:18,尊重原创！支持维权！,0
2025/4/2 11:18,我方坚持立场：避重就轻不是解决问题的方式，同时拒绝音乐版权擦边行为。,0
2025/4/2 11:18,大家去听下23年华晨宇广州演唱会上烟火里的尘埃版本，你会发现结尾一模一样呢,0
2025/4/2 11:18,保护华晨宇先生音乐版权！！,0
2025/4/2 11:18,啊啊啊啊啊你终于来了啊啊啊啊啊啊谢谢马楼姐,0
2025/4/2 11:18,@黄霄雲 @黄霄雲的雲上面包坊 你们真不要脸,1
2025/4/2 11:18,尊重原创！坚决维护华晨宇先生应有权益！公众人物应当提升个人素养，注重创作者版权意识。华晨宇方【从未】授权《孩子》相关版权，请黄小姐@黄霄雲 及工作室@黄霄雲工作室 明确你方无《孩子》ending挪用/抄袭/改编的许可，请正面回应相关问题，我们需要公开道歉、购买相关使用版权、归还应有原创署名。,0
2025/4/2 11:19,对！！！ 我们坚决维护华晨宇先生的音乐，对音乐版权侵害0容忍！,0
2025/4/2 11:19,华晨宇歌迷坚决维护歌手华晨宇的音乐版权,0
2025/4/2 11:19,音乐作品能够多一些纯粹原创，少一些模糊“借鉴”。尊重音乐创作者的作品创意是原创音乐人的基本职业道德素养，每一份饱含心血的成果都应该被认可和保护。,0
2025/4/2 11:19,#2025华晨宇火星演唱会# 拒绝音乐版权擦边行为。尊重音乐创作者的作品创意是原创音乐人的基本职业道德素养，每一份饱含心血的成果都应该被认可和保护。,0
2025/4/2 11:19,拒绝音乐版权擦边行为！！！,0
2025/4/2 11:19,你终于硬气了一回！！,0
2025/4/2 11:19,大家速去??,0
2025/4/2 11:19,偷歌吃尽了甜头，得利者偷了一次就会偷第二次！！！黑红也是红人家从一开始就打算走这条路蹭到底了??都舞到我们面前来了你不管管吗??,1
2025/4/2 11:19,未能达成共识？好的，那请继续下一步,0
2025/4/2 11:19,敢不敢一鼓作气把偷歌贼告了?我将奖励你一个星期夸夸卡??,1
2025/4/2 11:19,卧槽我他妈眼泪喷出来了,1
2025/4/2 11:19,太难得了你活了,1
2025/4/2 11:19,《孩子》片段是只字不提啊[赞][绝望的凝视],0
2025/4/2 11:19,支持维权,0
2025/4/2 11:19,你终于活了[黑脸],1
2025/4/2 11:19,保护华晨宇先生的音乐版权！,0
2025/4/2 11:19,六姐，全平台挑几个对方粉丝告了行吗？对方侮辱谩骂造摇华晨宇的话已经构成犯罪了@华晨宇工作室,1
2025/4/2 11:19,@池予. 竟然敢动我白月光[发怒],1
2025/4/2 11:19,苍天！！有生之年居然能看到你维护华晨宇的权益,0
2025/4/2 11:19,我方坚持立场：避重就轻不是解决问题的方式，同时拒绝音乐版权擦边行为,0
2025/4/2 11:19,哇，这是什么憋笑挑战,0
2025/4/2 11:19,维权吧这么大个明星还被他人窃取创作成果，更何况其他人呢？,0
2025/4/2 11:19,不是没有法律问题 是偷四小节才算侵权 hxy偷了三小节[捂脸],1
2025/4/2 11:19,大狮子 好 支持尊重音乐,0
2025/4/2 11:20,六字就凭你这个博我还能爱你一整年,0
2025/4/2 11:20,央音大裁女[赞],0
2025/4/2 11:20,我方官方已经声明,0
2025/4/2 11:20,尊重原创音乐,0
2025/4/2 11:20,华晨宇方坚持立场：避重就轻不是解决问题的方式，同时拒绝音乐版权擦边行为。我们一直秉持开放的心态欢迎优秀音乐人交流共进，但与此同时希望音乐作品能够多一些纯粹原创，少一些模糊“借鉴”。尊重音乐创作者的作品创意是原创音乐人的基本职业道德素养，每一份饱含心血的成果都应该被认可和保护,0
2025/4/2 11:20,我们坚决抵制擦边行为，坚决维护创作者权益！版权保护是底线，没有对创作者坚定的保护就不会有优秀的原创作品！做得好！,0
2025/4/2 11:20,支持维权！坚决保护华晨宇先生合法权益！,0
2025/4/2 11:20,坚决维护华晨宇先生的音乐，对音乐版权侵害0容忍！！！,0
2025/4/2 11:20,@黄霄雲 @黄霄雲的雲上面包坊 多一些纯粹原创，少一些模糊“借鉴”。尊重音乐创作者的作品创意是原创音乐人的基本职业道德素养，每一份饱含心血的成果都应该被认可和保护。,0
2025/4/2 11:20,艺人要有版权意识，不要搞擦边，做艺先树德，德艺双馨才是好艺人！,0
2025/4/2 11:20,啊啊啊啊坚决同意华晨宇维护音乐版权！支持维权到底！,0
2025/4/2 11:20,笑死我了,0
2025/4/2 11:20,划重点，还是华晨宇方工作室【主动沟通】无果,0
2025/4/2 11:20,拒绝擦边行为，拒绝小偷行为。请尊重每一位原创者的心血，不要妄想篡改记忆，投机取巧。,0
2025/4/2 11:20,他们说工作室都没说话，现在呢？[憨笑],0
2025/4/2 11:20,你终于做了一件正面回应的事,0
2025/4/2 11:21,支持维权，尊重原创。,0
2025/4/2 11:21,尊重原创，拒绝擦边,0
2025/4/2 11:21,华语乐坛各家记得避雷黄霄云，偷别人心血，千万别给她版权,1
2025/4/2 11:21,黄霄雲直接复制了华晨宇live版本尾奏吟唱的独创性编排，但未给华晨宇标注和声编写，而是只写了自己，实际是使用了他人的受版权保护的其它原创内容，需向华晨宇的live改编部分补充授权@黄霄雲的雲上面包坊,1
2025/4/2 11:21,卧槽 你终于来了！,1
2025/4/2 11:21,坚决保护华晨宇先生音乐版权！！,0
2025/4/2 11:21,和电吉他没关系，孩子结尾的部分是两个旋律线，仔细去听华晨宇的声音，而不是胡维纳的，胡维纳的声音确实是源自《烟火里的尘埃》,0
2025/4/2 11:21,你终于活了！！！支持华晨宇维权！！！,0
2025/4/2 11:21,要侵权早下架了[微笑][微笑]吟唱就是烟火间奏里的[微笑][微笑]不是人多就是有理[憨笑][憨笑][憨笑],0
2025/4/2 11:21,@黄霄雲 @好想吃面包蛋糕芝士 做艺人前要先会做人，,1
2025/4/2 11:21,我们还是太体面了……,0
2025/4/2 11:21,？谁说的！？我请问呢,1
2025/4/2 11:21,华晨宇歌迷坚决维护华晨宇先生的音乐！ 黄霄雲女士拥有的是《烟火里的尘埃》使用权，而非《孩子》live版的使用权，也并未向华晨宇方沟通借鉴和声改编一事。 请黄霄雲女士及其工作室正面回应最后【华晨宇原创吟唱旋律】的使用及其所属问题，请勿避重就轻打擦边球，借用请标明来源，请尊重原创！,1
2025/4/2 11:21,叫,0
2025/4/2 11:21,别管了，工作室来了,0
2025/4/2 11:21,??????尊重音乐创作者的作品创意是原创音乐人的基本职业道德素养，每一份饱含心血的成果都应该被认可和保护。,0
2025/4/2 11:21,应该是买了西瓜，你说西瓜皮要另外付钱[呲牙],0
2025/4/2 11:21,特别棒啊六字！！她们别以为昨天给她们笑脸是因为愚人节吧,0
2025/4/2 11:21,支持维权！！！你终于来了！,0
2025/4/2 11:21,不仅回应了还顺便宣传了，六字你有高人指点了??终于有正常的灵魂注入你们的躯体了,1
2025/4/2 11:22,黑子说话！,1
2025/4/2 11:22,拒绝音乐版权擦边行为！,0
2025/4/2 11:22,尊重原创！拒绝音乐版权擦边行为！！,0
2025/4/2 11:22,请黄霄雲方尊重音乐原创作者，不要再侵害华晨宇的权益,1
2025/4/2 11:22,作为华晨宇歌迷，我们坚决维护华晨宇先生的音乐，对音乐版权侵害0容忍。敬请黄霄雲女士及其团队正确使用授权，明确创作来源，切勿模糊重点。,0
2025/4/2 11:22,兄弟他们不仅偷歌还网暴我们,1
2025/4/2 11:22,扣扣,0
2025/4/2 11:22,"卧槽对面要不要脸,官方出面都死性不改",1
2025/4/2 11:22,尊重原创！！！,0
2025/4/2 11:22,每一份饱含心血的成果都应该被认可和保护，华晨宇的音乐才华永远不会被你“借鉴”走。4月5日、6日欢迎大家来西安听现场版的《孩子》和《烟火里的尘埃》。,0
2025/4/2 11:23,支持维护原创歌手的权益！！！,0
2025/4/2 11:23,啊，很好呀。,0
2025/4/2 11:23,我靠 尊重原创 坚决维护歌手华晨宇的权益！,1
2025/4/2 11:23,支持维权！坚决维护华晨宇先生的音乐版权！小烟回家，孩子回家,0
2025/4/2 11:23,抵制音乐裁缝！！！,1
2025/4/2 11:23,这才是扒的谱子[憨笑],0
2025/4/2 11:23,坚决维护原创,0
2025/4/2 11:23,工作室主動溝通太棒了！[愛你] 沒想到對方依然不願意改善，真無法想像怎麼會有這樣對自己歌唱事業不負責任的歌手,1
2025/4/2 11:23,黄霄云粉丝要点脸[比心],1
2025/4/2 11:23,六字,0
2025/4/2 11:24,偷歌，黄霄云就是小偷，太可恶了,1
2025/4/2 11:24,零秒猜出年龄[憨笑],0
2025/4/2 11:24,赶紧把这人告了 颠倒黑白空口造谣 对火姐和你老板人身攻?? @刘瀚景,1
2025/4/2 11:24,希望版权独家问题能够等到解决的那一天，如果短期内等不到，那么变相的增加原唱歌曲的传播和保护也很有必要，遇上没底线的，那不就是不欺负你欺负谁。,1
2025/4/2 11:24,面包姐你完蛋喽不是要工作室吗,1
2025/4/2 11:24,支持华晨宇维权，把B站造谣的那几个告了,1
2025/4/2 11:24,华晨宇歌迷坚决维护华晨宇先生的音乐，拒绝音乐版权擦边行为！,0
2025/4/2 11:24,给我挑几个造谣的告了我支持你,1
2025/4/2 11:24,没人能动他的音乐！,0
2025/4/2 11:24,@华晨宇工作室 这个视频抖音B站也发！他家粉丝造谣重灾区,1
2025/4/2 11:24,纯属于不要脸,1
2025/4/2 11:24,这时候就别咯噔了吧,1
2025/4/2 11:24,正常维权也叫招黑吗,1
2025/4/2 11:24,@黄霄雲 @黄霄雲的雲上面包坊 多一些纯粹原创，少一些模糊“借鉴”。尊重音乐创作者的作品创意是原创音乐人的基本职业道德素养，每一份饱含心血的成果都应该被认可和保护。,0
2025/4/2 11:25,赶紧把这人告了 颠倒黑白空口造谣 对火姐和你老板人身攻??  主页网页链接,1
2025/4/2 11:25,真会偷 不要脸@黄霄雲,1
2025/4/2 11:25,尊重原创,0
2025/4/2 11:25,终于看见了，黄霄云求锤得锤啊,1
2025/4/2 11:25,一直都记得《烟火里的尘埃》是华晨宇的歌，黄霄云怎么还新歌上了,1
2025/4/2 11:25,@洲洲 买素材库笑死我了,0
2025/4/2 11:25,尊重音乐创作者的作品创意是原创音乐人的基本职业道德素养。多一些纯粹原创，少一些模糊“借鉴”。,0
2025/4/2 11:25,不要抢歌不要抢歌,0
2025/4/2 11:25,孩子又不是属于烟火里的尘埃，怎么算西瓜皮？又不是附属[捂脸],0
2025/4/2 11:25,打法律擦边球的惯犯罢了[憨笑]偷四小节构成侵权她偷了三小节[憨笑],1
2025/4/2 11:26,她搬前面的那她偷的西楼的，她搬那段吟唱，那就是偷的华晨宇的,1
2025/4/2 11:26,支持华晨宇维权，拒绝法律擦边球！六字你太帥了,0
2025/4/2 11:26,支持维权！拒绝音乐版权擦边行为！@黄霄雲的雲上面包坊 @黄霄雲,0
2025/4/2 11:26,以前感觉她挺根正苗红的[发呆] 现在感觉她江郎才尽,1
2025/4/2 11:26,拒绝霄偷行为,0
2025/4/2 11:27,拒绝擦边球式音乐，坚决维护华晨宇音乐版权！,0
2025/4/2 11:27,支持华晨宇维权！！,0
2025/4/2 11:27,@黄霄雲的雲上面包坊 @黄霄雲 音乐裁缝听见了吗 别偷了,1
2025/4/2 11:27,不问自取视为偷 沟通无效视为明目张胆地偷！,1
2025/4/2 11:27,尊重音乐创作者的作品创意是原创音乐人的基本职业道德素养，每一份饱含心血的成果都应该被认可和保护，华晨宇歌迷坚决维护歌手华晨宇的音乐??,0
2025/4/2 11:27,支持维权！！！,0
2025/4/2 11:27,工作室声明！,0
2025/4/2 11:27,@黄霄雲 避重就轻不是解决问题的方式，同时拒绝音乐版权擦边行为，别老搞擦边这套！,1
2025/4/2 11:27,拒绝音乐版权擦边行为。尊重音乐创作者的作品创意是原创音乐人的基本职业道德素养，每一份饱含心血的成果都应该被认可和保护@黄霄雲,0
2025/4/2 11:27,不问自取就是偷，支持华晨宇方维权,0
2025/4/2 11:27,只能说华晨宇方好体面,0
2025/4/2 11:27,还好删的够快[不失礼貌的微笑][不失礼貌的微笑],0
2025/4/2 11:28,尊重音乐创作者的作品创意是原创音乐人的基本职业道德素养，每一份饱含心血的成果都应该被认可和保护，华晨宇歌迷坚决维护歌手华晨宇的音乐??,0
2025/4/2 11:28,坚持原创音乐，保护原创歌手！,0
2025/4/2 11:28,留够了体面你都不要，果然人不要脸就无敌,1
2025/4/2 11:28,支持原创 尊重音乐人作品 ,0
2025/4/2 11:28,卧槽出来干活,1
2025/4/2 11:28,支持维权！保护华晨宇先生权益！尊重原创！,0
2025/4/2 11:28,华晨宇工作室已经声明，黄女士不要打擦边球了[微笑],1
2025/4/2 11:28,华晨宇工作室已经实锤黄霄雲擦边偷歌，保护创作者版权，对音乐裁缝人人可诛之,1
2025/4/2 11:28,尊重音乐创作者的作品创意是原创音乐人的基本职业道德素养，每一份饱含心血的成果都应该被认可和保护，支持华晨宇维权??,0
2025/4/2 11:29,六字,0
2025/4/2 11:29,拒绝音乐擦边！法律制裁不了你 公道自在人心！,1
2025/4/2 11:29,[玫瑰][玫瑰][玫瑰][玫瑰],0
2025/4/2 11:29,说话,0
2025/4/2 11:29,[玫瑰][玫瑰][玫瑰],0
2025/4/2 11:29,如果有路人看不懂，就换个通俗的比喻。黄霄云在华晨宇的水果店买了个西瓜。付款后顺手拿了个桃。问她为啥不付桃钱，她说已经买下西瓜了呀。说她小偷，她的工作室就强调买卖是正规合法的，她付了西瓜钱。反正只字不提那个被顺走的桃。法律没法判定她拿个桃能上升到违法盗窃，于是她粉丝就说有本事告呗。总得来说就是打法律擦边球，不违法，纯缺德[吐]不过以后的音乐裁缝们都有福啦，买一首黄霄云的歌，就可以得到她所有歌的版权啦。你们都可以这改一句，那添一句再标上是自己原创的，她粉丝都不敢骂你们的[打call][打call][打call],1
2025/4/2 11:29,尊重原创  支持维权,0
2025/4/2 11:29,你听过孩子吗就在这里说，我们说的是孩子好吧[我想静静],1
2025/4/2 11:29,这个网络就是这样，贼也有人维护，甚至还要说我没偷啊这就是我的，厉害[看][赞],1
2025/4/2 11:29,尊重原创！拒绝音乐版权擦边！支持华晨宇维权！,0
2025/4/2 11:29,尊重音乐，尊重原创，是身为音乐人最基本的道德素养！严重谴责音乐版权擦边行为！,0
2025/4/2 11:30,带公章你姐姐就不用开演唱会了，知道为什么花的工作室到现在没出面吗？因为真出面了这件事就大了[捂脸][捂脸][捂脸],1
2025/4/2 11:30,我们说的是孩子孩子孩子听懂了吗？不是烟火里的尘埃。,0
2025/4/2 11:30,黄女士自己也是一个歌手，能不能尊重版权呀，做小偷是会上瘾的！,1
2025/4/2 11:30,工作室真的发文了你又不高兴,1
2025/4/2 11:30,陪你们都争到底,1
2025/4/2 11:30,很好 但是 告了吗？实事干了吗？光没达成共识有什么用@华晨宇工作室 @华晨宇工作室 @华晨宇工作室 保护好他的版权,1
2025/4/2 11:30,卧槽你来了！！支持维权！！！！,1
2025/4/2 11:30,尊重音乐创作者的作品创意是原创音乐人的基本职业道德素养，每一份饱含心血的成果都应该被认可和保护，华晨宇歌迷坚决维护歌手华晨宇的音乐??,0
2025/4/2 11:30,正面回应一下呗姐们[哈欠][哈欠][哈欠][哈欠],0
2025/4/2 11:30,这个文案谁懂！卧槽！爽！！！！,1
2025/4/2 11:31,偷姐道歉,0
2025/4/2 11:31,请你倾听一下我们的孩子再说吧,0
2025/4/2 11:31,华晨宇歌迷坚决维护歌手华晨宇的音乐！避重就轻不是解决问题的方式，同时拒绝音乐版权擦边行为！,0
2025/4/2 11:31,尊重原创！坚决维护华晨宇先生应有权益！公众人物应当提升个人素养，注重创作者版权意识。华晨宇方【从未】授权《孩子》相关版权，请黄小姐@黄霄雲 及工作室@黄霄雲工作室 明确你方无《孩子》ending挪用/抄袭/改编的许可，请正面回应相关问题，我们需要公开道歉、购买相关使用版权、归还应有原创署名。,1
2025/4/2 11:31,这段黄霄云跑调了[泪奔],1
2025/4/2 11:32,直接就是一模一样的，好吧，黄霄云竟然说自己是火姐，那这是歌他肯定听过好吧这不是偷是什么？,1
2025/4/2 11:32,[呲牙],0
2025/4/2 11:32,这就很明白了吧，华晨宇团队在之前应该并不知道这首歌被改成了什么样子用了什么旋律，事情出来之后主动跟黄霄云团队寻求沟通，但是没有达成共识。我没想到黄霄云居然真的是直接挪用了那一段旋律而没有跟华晨宇进行沟通[发呆]不是专业音乐人吗？怎么会对改编这么随意？,1
2025/4/2 11:32,发这么多是没长耳朵吗？用你耳朵听一听，这视频两段有一点相似吗？,1
2025/4/2 11:32,逆天了孩子[憨笑],0
2025/4/2 11:32,喜欢一个人可以，但脑子有病问题就大了,1
2025/4/2 11:32,演唱会上也只会翻唱别人的歌，就算你版权再多，那也是别人的歌，好吧，没有什么自己的,1
2025/4/2 11:32,怎么还把破音的剪掉了,1
2025/4/2 11:32,我方坚持立场：避重就轻不是解决问题的方式，同时拒绝音乐版权擦边行为。,0
2025/4/2 11:32,#华晨宇方称拒绝音乐版权擦边行为# #华晨宇黄霄云方未能达成共识# #华晨宇对接斥侵权行为# #华晨宇 黄霄雲# 黄裁缝简直太无耻了  @黄霄雲 你这么不学无术且品行不端 无耻到极点你的母校央音知道吗？可别侮辱歌手两个字了 也别给你母校抹黑了 赶紧退圈吧 @黄霄雲,1
2025/4/2 11:32,我们官方发话了你自己去看看,1
2025/4/2 11:32,不提黄霄云还不明显吗，真的需要把你家名字打出来丢人吗[捂脸],1
2025/4/2 11:32,Hi，朋友[送心],0
2025/4/2 11:33,#华晨宇方称拒绝音乐版权擦边行为# 拒绝音乐版权擦边行为，避重就轻不是解决问题的方式。,0
2025/4/2 11:33,唱不上去就别乱偷呀,1
2025/4/2 11:33,支持原创，尊重原创，拒绝音乐版权擦边行为！,0
2025/4/2 11:33,对牛弹琴挺累的，显得你们更无知了,1
2025/4/2 11:33,这不是认不认输的问题了孩子[哈欠],0
2025/4/2 11:33,??禁止音乐版权擦边行为！！支持华晨宇维权！！！！,0
2025/4/2 11:33,傻孩子[憨笑],0
2025/4/2 11:33,他出道也差不多九年了吧，什么成就都没有吗？,1
2025/4/2 11:33,如何呢[哈欠],0
2025/4/2 11:33,拒绝擦边球式音乐，坚决维护华晨宇音乐版权！,0
2025/4/2 11:33,重点是华晨宇方主动沟通一天，可别到时候说我们恃强凌弱了,0
2025/4/2 11:33,唱别人歌还这么硬气[捂脸],1
2025/4/2 11:33,只会到处偷偷偷,1
2025/4/2 11:33,还有这是什么糊咖，输入法都打不出来，服了,1
2025/4/2 11:33,@黄霄雲 @黄霄雲的雲上面包坊 @灵魂煎宇：道歉并改正错误，不要这错误的路上越走越远！！“尊重音乐创作者的作品创意是原创音乐人的基本职业道德素养，每一份饱含心血的成果都应该被认可和保护。”,0
2025/4/2 11:34,打擦边球的下作小偷真丢人@黄霄雲,1
2025/4/2 11:34,[偷笑][偷笑][偷笑],0
2025/4/2 11:34,现在呢，继续叫[抠鼻],1
2025/4/2 11:34,人不要脸，天下无敌@黄霄雲,1
2025/4/2 11:34,拒绝版权擦边 支持华晨宇维权,0
2025/4/2 11:34,尊重原创！坚决维护华晨宇先生应有权益！公众人物应当提升个人素养，注重创作者版权意识。华晨宇方【从未】授权《孩子》相关版权，请黄小姐@黄霄雲 及工作室@黄霄雲工作室 明确你方无《孩子》ending挪用/抄袭/改编的许可，请正面回应相关问题，我们需要公开道歉、购买相关使用版权、归还应有原创署名。,1
2025/4/2 11:34,卧槽六字！！！！！是工作室我们有救了啊啊啊啊啊啊以后都这样行吗宝宝,1
2025/4/2 11:34,小偷[捂脸][捂脸],1
2025/4/2 11:35,尊重音乐创作者的作品创意是原创音乐人的基本职业道德素养，每一份饱含心血的成果都应该被认可和保护。,0
2025/4/2 11:35,正面回应一下,0
2025/4/2 11:35,不问自取视为,1
2025/4/2 11:35,黄霄雲女士拥有的是《烟火里的尘埃》使用版权，而非《孩子》live版的使用版权，也并未向华晨宇方沟通借鉴和声改编一事，请黄霄雲女士及其工作室正面回应最后【华晨宇原创吟唱旋律】的版权及其所属问题，请勿避重就轻打擦边球，借用请标明来源，请尊重每一份原创，请尊重原创音乐人！,1
2025/4/2 11:35,那你方可以去起诉相关人员，但是这跟窃取原创改编成果不可混为一谈，这个声明已经处理的足够大度，希望双方粉丝都可以多点理智，不要胡搅蛮缠不讲道理，谢谢,0
2025/4/2 11:35,别来丢脸[捂脸],1
2025/4/2 11:36,真的一模一样，直接偷华晨宇的！,1
2025/4/2 11:36,尊重音乐创作者的作品创意是原创音乐人的基本职业道德素养，每一份饱含心血的成果都应该被认可和保护！华晨宇歌迷坚决维护歌手华晨宇的音乐 ！！！,0
2025/4/2 11:36,[偷笑][偷笑][偷笑][偷笑],0
2025/4/2 11:36,坚决维护华晨宇先生应有权益！公众人物应当提升个人素养，注重创作者版权意识。华晨宇方【从未】授权《孩子》相关版权，请黄小姐@黄霄雲 及工作室@黄霄雲的雲上面包坊 明确你方无《孩子》ending挪用/抄袭/改编的许可，请正面回应相关问题，我们需要公开道歉、购买相关使用版权、归还应有原创署名。,1
2025/4/2 11:36,坚决维护华晨宇先生应有权益！公众人物应当提升个人素养，注重创作者版权意识。华晨宇方【从未】授权《孩子》相关版权，请黄小姐@黄霄雲 及工作室@黄霄雲的雲上面包坊 明确你方无《孩子》ending挪用/抄袭/改编的许可，请正面回应相关问题，我们需要公开道歉、购买相关使用版权、归还应有原创署名,1
2025/4/2 11:36,不问自取就是偷！音乐也是有底线的！支持华晨宇维权！,0
2025/4/2 11:36,不问自取即为偷，支持华晨宇维权，坚决抵制“借鉴”擦边行为,0
2025/4/2 11:36,合法合规,0
2025/4/2 11:36,尊重保护原创音乐人华晨宇的成果，请业内避雷黄女士方毫无道德的版权擦边球行为,0
2025/4/2 11:36,看到了吧，华晨宇根本没听过,1
2025/4/2 11:37,这不是一模一样吗[发呆],0
2025/4/2 11:37,道歉吧偷姐,1
2025/4/2 11:37,爱擦边的小姐姐一枚，爱天天翻唱其他人作品的小姐姐一枚呀,1
2025/4/2 11:37,黄霄雲女士未经允许在翻唱歌曲《烟火里的尘埃》中挪用华晨宇《孩子》中的原创旋律，黄霄雲方请勿避重就轻打擦边球，请尊重原创，公开道歉！,1
2025/4/2 11:37,有点职业素养好吗不问自取视为偷！！！主动沟通都无效了准备一直装死啊,1
2025/4/2 11:37,“借鉴”歌手黄霄雲[憨笑],0
2025/4/2 11:37,娱乐圈玖月晞,0
2025/4/2 11:37,避重就轻不是解决问题的方式,0
2025/4/2 11:37,这谱子想必很容易看清楚了吧？,0
2025/4/2 11:37,黄霄雲抓住漏洞词曲版权分开买、大肆营销原创将华晨宇2018年作曲的旋律以“和声编写”的名义据为己有！其工作室声明避重就轻，只字不提此段旋律！司马昭之心路人皆知，拒绝音乐版权擦边行为！,1
2025/4/2 11:37,你给我一种语文不太好的感觉[捂脸][捂脸],1
2025/4/2 11:37,唱的好油，好难听,1
2025/4/2 11:37,神金,0
2025/4/2 11:37,别狡辩了，华家工作室发博了,1
2025/4/2 11:37,不问自取就是偷，支持华晨宇方维权,0
2025/4/2 11:38,请黄霄雲方及时停止侵权！华晨宇方已经给了你方足够时间来纠正错误，你方却执迷不悟。,1
2025/4/2 11:38,法律都是最低底线了 合法不是最基本的吗 你家这波就纯恶心哈[憨笑]四个小节违法 黄裁缝抄三个小节呢[憨笑][憨笑],1
2025/4/2 11:38,姐们看清楚了 这是工作室发的 难不成你不认字吧[如花],1
2025/4/2 11:38,人家跟孩子的监制方是同一家公司，自家公司资源相互利用，没有谁对谁错，花花都没说话你们一个个闹的挺欢。,0
2025/4/2 11:38,坚决维护华晨宇先生应有权益！公众人物应当提升个人素养，注重创作者版权意识。华晨宇方【从未】授权《孩子》相关版权，请黄小姐@黄霄雲 及工作室@黄霄雲的雲上面包坊 明确你方无《孩子》ending挪用/抄袭/改编的许可，请正面回应相关问题，我们需要公开道歉、购买相关使用版权、归还应有原创署名。,1
2025/4/2 11:38,刚刚好不违法也不道德[憨笑][憨笑]劣迹艺人哈,1
2025/4/2 11:38,支持华晨宇维权，拒绝音乐版权擦边球行为！对于每位创作型歌手来说，音乐就是自己的孩子，希望一些人不要当人贩子！,0
2025/4/2 11:38,工作室声明[爱心][爱心][爱心],0
2025/4/2 11:38,怎么说[看][看][看],0
2025/4/2 11:38,"二创作者的授权范围：
即使您拥有原作品版权，二创作者对其改编部分仍享有改编权（《著作权法》第13条）。未经其同意，翻唱其改编版本可能侵权。
原作品版权与二创的关系：
原作品版权方（如音乐公司）可能未控制二创的版权，除非二创作者已将权利转让给原版权方。
即使原版权方允许您使用原作品，也不代表自动获得二创的授权。
简洁版：黃霄雲侵犯了华晨宇原创旋律署名权，即使买了西楼的《烟火里的尘埃》和《孩子》，也去分别找词人授权，也无权加入华晨宇为改编孩子而独创的旋律",0
2025/4/2 11:38,“借鉴”歌手黄霄雲[憨笑][憨笑],0
2025/4/2 11:38,是假的工作室吧！,1
2025/4/2 11:38,@黄霄雲 @黄霄雲的雲上面包坊 多一些纯粹原创，少一些模糊“借鉴”。尊重音乐创作者的作品创意是原创音乐人的基本职业道德素养，每一份饱含心血的成果都应该被认可和保护。,0
2025/4/2 11:39,后面的旋律就是擦边了[微笑][微笑],0
2025/4/2 11:39,是假的工作室吧！,1
2025/4/2 11:39,你终于来了,0
2025/4/2 11:39,她竟然标明这段吟唱是她编写的！！！我真的谢谢这个黄大裁缝[尬笑],1
2025/4/2 11:39,尊重原创,0
2025/4/2 11:39,支持华晨宇先生维权，要尊重原创者的心血。,0
2025/4/2 11:39,昨天歌迷会的声明就是在工作室授权下发的，本想给裁女留点体面，奈何给脸不要脸再次说明避重就轻不是解决问题的方式，同时拒绝音乐版权擦边行为。 ！！！创作不易，作为一个音乐人要点脸@黄霄雲的雲上面包坊 @黄霄雲,1
2025/4/2 11:39,#华晨宇方称拒绝音乐版权擦边行为#尊重音乐创作者的作品创意是原创音乐人的基本职业道德素养，每一份饱含心血的成果都应该被认可和保护，华晨宇歌迷坚决维护歌手华晨宇的音乐??#华晨宇黄霄云方未能达成共识#,0
2025/4/2 11:39,你发的是假工作室。,1
2025/4/2 11:39,尊重原创，拒绝音乐版权擦边行为！,0
2025/4/2 11:39,希望音乐作品能够多一些纯粹原创，少一些模糊“借鉴”。要有作为音乐创作人基本职业道德素养@黄霄雲的雲上面包坊 @黄霄雲,0
2025/4/2 11:39,眼睛还好吗姐们 眉毛下面挂俩蛋嘛[哈欠],1
2025/4/2 11:39,小偷小偷小偷[舔屏][舔屏][舔屏],1
2025/4/2 11:39,#华晨宇对接斥侵权行为#尊重音乐创作者的作品创意是原创音乐人的基本职业道德素养，每一份饱含心血的成果都应该被认可和保护。@黄霄雲,0
2025/4/2 11:39,尊重音乐创作者的作品创意是原创音乐人的基本职业道德素养，每一份饱含心血的成果都应该被认可和保护，华晨宇歌迷坚决维护歌手华晨宇的音乐??,0
2025/4/2 11:39,以前说咱大哥是法师，只会做法，这偷旋律倒是不会害臊啊[尬笑][尬笑][尬笑],1
2025/4/2 11:40,出来说话啊,1
2025/4/2 11:40,感动，牛逼，全体起立！支持原创拒绝拼接,0
2025/4/2 11:40,避重就轻不是解决问题的方式，拒绝黄霄云音乐版权擦边行为??,1
2025/4/2 11:40,工作室来了[玫瑰],0
2025/4/2 11:40,合什么法,1
2025/4/2 11:40,看看吧,0
2025/4/2 11:40,乐坛玖月晞,0
2025/4/2 11:40,我们乐坛玖月晞是这样的,1
2025/4/2 11:40,支持六字！,0
2025/4/2 11:40,要脸不？新歌？,1
2025/4/2 11:40,@黄霄雲 @黄霄雲的雲上面包坊 多一些纯粹原创，少一些模糊“借鉴”。尊重音乐创作者的作品创意是原创音乐人的基本职业道德素养，每一份饱含心血的成果都应该被认可和保护。,0
2025/4/2 11:40,挪用他人作品，署自己的名儿已不是黄女士的首次操作，也必将不会是最后一次。一个科班毕业的歌手理应更重视版权规则，望黄女士自重！,1
2025/4/2 11:40,拒绝?音乐版权擦边行为??坚决维护华晨宇先生的音乐,0
2025/4/2 11:41,尊重音乐创作者的作品创意是原创音乐人的基本职业道德素养，每一份饱含心血的成果都应该被认可和保护，华晨宇歌迷坚决维护歌手华晨宇的音乐??,0
2025/4/2 11:41,兄弟，这次你很棒！,0
2025/4/2 11:41,尊重原创！坚决维护华晨宇先生应有权益！公众人物应当提升个人素养，注重创作者版权意识！,0
2025/4/2 11:41,？你喜欢音乐裁缝[白眼],1
2025/4/2 11:41,支持华晨宇，拒绝音乐版权擦边,0
2025/4/2 11:41,喜欢真原创歌手就是爽啊,0
2025/4/2 11:42,尊重音乐创作者的作品创意是原创音乐人的基本职业道德素养，每一份饱含心血的成果都应该被认可和保护，华晨宇歌迷坚决维护歌手华晨宇的音乐??,0
2025/4/2 11:42,“借鉴”歌手黄霄雲[憨笑],0
2025/4/2 11:42,懂了，3000块构成盗窃罪，她只偷了2500,1
2025/4/2 11:42,尊重原创！坚决维护华晨宇先生的音乐版权和权益！请@黄霄雲 女士不要避重就轻作为公众人物，毫无版权意识，这种行为影响社会对于版权保护认识，华语乐坛有黄女士你这种人真完蛋,1
2025/4/2 11:42,拒绝擦边行为！不问自取就是偷！！！#华晨宇方称拒绝音乐版权擦边行为#,0
2025/4/2 11:42,求守护[送心],0
2025/4/2 11:42,避重就轻不是解决问题的方式，同时拒绝音乐版权擦边行为。,0
2025/4/2 11:42,支持华晨宇维权！！！,0
2025/4/2 11:42,华晨宇歌迷坚决维护歌手华晨宇的音乐 ！,0
2025/4/2 11:42,拒绝音乐版权擦边行为！,0
2025/4/2 11:43,黄霄云翻唱随意拼接华晨宇创意，我方坚决维护华晨宇音乐,1
2025/4/2 11:43,哇塞哇塞现在工作室都有人说假的了[泪奔][泪奔][泪奔],0
2025/4/2 11:43,搞笑[捂脸],0
2025/4/2 11:43,避重就轻不是解决问题的方式，同时拒绝音乐版权擦边行为。我们一直秉持开放的心态欢迎优秀音乐人交流共进，但与此同时希望音乐作品能够多一些纯粹原创，少一些模糊“借鉴”。尊重音乐创作者的作品创意是原创音乐人的基本职业道德素养，每一份饱含心血的成果都应该被认可和保护。,0
2025/4/2 11:43,这不是歌迷之间的吵架，这是华晨宇的正当维权,0
2025/4/2 11:43,这回你在看看[微笑],0
2025/4/2 11:43,不问自取视为偷@黄霄雲的雲上面包坊 @黄霄雲,1
2025/4/2 11:43,华晨宇工作室声明了[嘴唇],0
2025/4/2 11:43,虽然对华晨宇无感，但版权这事儿绝对支持他,0
2025/4/2 11:43,我们正面回应了 我请问你们的工作室呢[尬笑],1
2025/4/2 11:43,尊重原创！坚决维护华晨宇先生应有权益！公众人物应当提升个人素养，注重创作者版权意识。华晨宇方【从未】授权《孩子》相关版权，请黄小姐@黄霄雲 及工作室@黄霄雲的雲上面包坊 明确你方无《孩子》ending挪用/抄袭/改编的许可，请正面回应相关问题，我们需要公开道歉、购买相关使用版权、归还应有原创...全文,1
2025/4/2 11:43,666[赞],0
2025/4/2 11:43,华晨宇方主动沟通一天未果哦，黄女士根本没意识到自己的问题所在，之后建议不要和黄霄云方合作了，人家根本不觉得这是错的#华晨宇方称拒绝音乐版权擦边行为#,0
2025/4/2 11:43,支持华晨宇维权，拒绝一切擦边借鉴的行为，保护音乐创作者的作品创意是每一位原创人应有的基本职业道德素养#华晨宇方称拒绝音乐版权擦边行为#,0
2025/4/2 11:43,尊重原创！坚决维护华晨宇先生应有权益！公众人物应当提升个人素养，注重创作者版权意识。华晨宇方【从未】授权《孩子》相关版权，请@黄霄雲 及工作室@黄霄雲的雲上面包坊 明确你方无《孩子》ending挪用/抄袭/改编的许可，请正面回应相关问题，我们需要公开道歉、购买相关使用版权、归还应有原创署名。,1
2025/4/2 11:43,那你们两万粉的是什么[弱],1
2025/4/2 11:44,？,0
2025/4/2 11:44,宝宝看这个笑死了,0
2025/4/2 11:44,[发怒],1
2025/4/2 11:44,#华晨宇方称拒绝音乐版权擦边行为#拒绝音乐版权擦边！！,0
2025/4/2 11:44,哈哈哈哈哈哈,0
2025/4/2 11:44,[赞][赞][赞],0
2025/4/2 11:44,路人，观望中，但是这个截图为啥代表她不想混了[惊恐],1
2025/4/2 11:44,支持维权！支持华晨宇！尊重原创！,0
2025/4/2 11:44,@黄霄雲的雲上面包坊 @黄霄雲 叫？,1
2025/4/2 11:44,黄裁女的名号我会为你花生到永远[玫瑰],1
2025/4/2 11:45,拒绝音乐版权擦边行为。尊重音乐创作者的作品创意是原创音乐人的基本职业道德素养，每一份饱含心血的成果都应该被认可和保护@黄霄雲,0
2025/4/2 11:45,要工作室声明不就来了嘛[可怜],0
2025/4/2 11:45,尊重音乐创作者的作品创意是原创音乐人的基本职业道德素养，每一份饱含心血的成果都应该被认可和保护，华晨宇歌迷坚决维护歌手华晨宇的音乐??,0
2025/4/2 11:45,还是我们主动沟通的，到底是有多不要脸呢？ [好开心],1
2025/4/2 11:45,支持维权！尊重原创 尊重音乐,0
2025/4/2 11:45,滚吧认输姐,1
2025/4/2 11:45,强弓末弩罢了,1
2025/4/2 11:45,好像是你们工作室不配合诶[哈欠],1
2025/4/2 11:45,尊重版权不是应有必有之事吗？#华晨宇方称拒绝音乐版权擦边行为#,0
2025/4/2 11:46,支持,0
2025/4/2 11:46,尊重原创！坚决维护华晨宇先生应有权益！公众人物应当提升个人素养，注重创作者版权意识。华晨宇方【从未】授权《孩子》相关版权，请黄小姐@黄霄雲 及工作室@黄霄雲的雲上面包坊 明确你方无《孩子》ending挪用/抄袭/改编的许可，请正面回应相关问题，我们需要公开道歉、购买相关使用版权、归还应有原创...全文,1
2025/4/2 11:46,路人也刷到啦[愉快]支持花花[色][色],1
2025/4/2 11:46,[好开心],0
2025/4/2 11:46,我奉陪你们。,0
2025/4/2 11:46,闭嘴行嘛耳朵反正已经闭上了,1
2025/4/2 11:47,哪来的xxs,1
2025/4/2 11:47,支持维权！,0
2025/4/2 11:47,尊重音乐创作者的作品创意是原创音乐人的基本职业道德素养，每一份饱含心血的成果都应该被认可和保护，华晨宇歌迷坚决维护歌手华晨宇的音乐??,0
2025/4/2 11:47,[酷拽][酷拽][酷拽][酷拽],0
2025/4/2 11:48,[酷拽][酷拽][酷拽][酷拽],0
2025/4/2 11:48,哈哈哈，笑死了，说的什么话[捂脸][捂脸][捂脸],0
2025/4/2 11:48,尊重版权意识,0
2025/4/2 11:48,华夏金曲榜都删wb了，还不明显吗[玫瑰],1
2025/4/2 11:48,黄霄云求锤得锤,1
2025/4/2 11:48,哈喽,0
2025/4/2 11:48,就是嘛,0
2025/4/2 11:48,都是被你们搞的。,1
2025/4/2 11:48,你们为什么要这么做？,0
2025/4/2 11:48,做得好模糊视听，企图盗取他人心血，完全不能容忍,1
2025/4/2 11:48,尊重原创！拒绝音乐版权擦边！支持华晨宇维权！,0
2025/4/2 11:48,黄小姐这波想的是出个光明偷偷买一送二吗 有点意思[捂脸],0
2025/4/2 11:49,这个呜呜呜是现场唱出来的？,0
2025/4/2 11:49,你是来逗我笑的吗？那你成功了,0
2025/4/2 11:49,[发怒],1
2025/4/2 11:49,对对对，我们都是机器人,0
2025/4/2 11:49,业内避雷音乐裁缝@黄霄雲 @黄霄雲的雲上面包坊,1
2025/4/2 11:49,尊重原创！坚决维护华晨宇先生应有权益！公众人物应当提升个人素养，注重创作者版权意识。华晨宇方【从未】授权《孩子》相关版权。,0
2025/4/2 11:49,[酷拽][酷拽][酷拽][酷拽],0
2025/4/2 11:49,擦边借鉴,1
2025/4/2 11:49,黄裁缝[尬笑],1
2025/4/2 11:49,支持华晨宇先生维权！！！,0
2025/4/2 11:49,重点还是主动沟通,0
2025/4/2 11:50,黄某人是谁不认识,0
2025/4/2 11:50,狠狠的点了,1
2025/4/2 11:50,姐咱就说内娱这么多女歌手 非喜欢她？ 标榜自己原创歌手 哪一首歌是她自己写？[捂脸][捂脸],1
2025/4/2 11:50,确实是不认输呢，不过认不认输已经不重要了，改变不了你们输的事实,1
2025/4/2 11:50,华晨宇歌迷坚决维护歌手@华晨宇yu 的音乐！,0
2025/4/2 11:50,借鉴歌手黄裁缝[赞],0
2025/4/2 11:50,我会为你花生到永远[求抱抱]偷歌贼,1
2025/4/2 11:50,[酷拽],0
2025/4/2 11:50,坚决维护原创,0
2025/4/2 11:51,保护华晨宇先生音乐版权！！华晨宇工作室已经回应黄霄云翻唱授权争议,0
2025/4/2 11:51,尊重音乐创作者的作品创意是原创音乐人的基本职业道德素养。希望音乐作品能够多一些纯粹原创，少一些模糊“借鉴”！！,0
2025/4/2 11:51,你有耳朵吗 那么明显烟火的和声走向你听不出来啊？,1
2025/4/2 11:51,唷 偷姐,1
2025/4/2 11:51,尊重音乐创作者的作品创意是原创音乐人的基本职业道德素养，每一份饱含心血的成果都应该被认可和保护，华晨宇歌迷坚决维护歌手华晨宇的音乐??,0
2025/4/2 11:51,道歉,0
2025/4/2 11:51,这样来说同时期的单依纯，陈卓璇，黄子弘凡等等，真的是很稳的走了,0
2025/4/2 11:52,主动沟通哈[微笑][微笑][微笑][微笑][微笑],0
2025/4/2 11:52,拒绝擦边球式音乐，坚决维护华晨宇音乐版权！！！,0
2025/4/2 11:52,谦友刷到，支持花花,0
2025/4/2 11:52,怎么个事儿,0
2025/4/2 11:52,不问自取就是偷哈[憨笑],0
2025/4/2 11:52,保护华晨宇先生音乐版权！！华晨宇工作室已经回应黄霄云翻唱授权争议,0
2025/4/2 11:52,什么啊 黄霄云说这个吟唱部分是自己原创,1
2025/4/2 11:53,合法合规[捂脸] 招笑,1
2025/4/2 11:53,后面高音有点擦边哦[发呆],0
2025/4/2 11:53,猜你想看,0
2025/4/2 11:53,怎么不叫了[捂脸],0
2025/4/2 11:53,好了，糊面包[偷笑],0
2025/4/2 11:53,工作室声明了哈，营销号还有啥好讲的,1
2025/4/2 11:53,尊重原创！坚决维护华晨宇先生应有权益！公众人物应当提升个人素养，注重创作者版权意识。华晨宇方【从未】授权《孩子》相关版权，请黄小姐@黄霄雲 及工作室@黄霄雲工作室 明确你方无《孩子》ending挪用/抄袭/改编的许可，请正面回应相关问题，我们需要公开道歉、购买相关使用版权、归还应有原创署名,0
2025/4/2 11:53,他们家姐姐都常犯了，怪不得搞得一手理不直也气壮呢[黑脸],1
2025/4/2 11:54,要点脸大姐,1
2025/4/2 11:54,nb.你没微博吗，建议好好治治脑子吧[看],1
2025/4/2 11:54,#华晨宇方称拒绝音乐版权擦边行为#支持维权！,0
2025/4/2 11:54,看看你们怎么狡辩,1
2025/4/2 11:54,尊重音乐创作者的作品创意是原创音乐人的基本职业道德素养，每一份饱含心血的成果都应该被认可和保护，华晨宇歌迷坚决维护歌手华晨宇的音乐??,0
2025/4/2 11:54,这跟放屁有什么区别,1
2025/4/2 11:54,工作室下场锤了你还拿这说什么啊笑死我了,1
2025/4/2 11:55,坚决维护华晨宇先生应有权益！公众人物应当提升个人素养，注重创作者版权意识。华晨宇方【从未】授权《孩子》相关版权，请黄小姐@黄霄雲 及工作室@黄霄雲的雲上面包坊 明确你方无《孩子》ending挪用/抄袭/改编的许可，请正面回应相关问题，我们需要公开道歉、购买相关使用版权、归还应有原创署名。,1
2025/4/2 11:55,保护原创作品！,0
2025/4/2 11:55,后面就是擦边了哦[尬笑],1
2025/4/2 11:55,你要的官方,0
2025/4/2 11:55,你家才偷哥呢,1
2025/4/2 11:55,真是丢死人了[尬笑],1
2025/4/2 11:55,保护华晨宇先生音乐版权！！华晨宇工作室已经回应黄霄云翻唱授权争议,0
2025/4/2 11:56,黑子，说话，黄霄云，说话,1
2025/4/2 11:56,要你管嘛？[尬笑],1
2025/4/2 11:56,华晨宇歌迷坚决维护歌手华晨宇的音乐,0
2025/4/2 11:56,@路远吖 @一筐小叮当,0
2025/4/2 11:56,小偷唱也得唱好点吧,1
2025/4/2 11:56,哎哟哟，还会拉黑呢,1
2025/4/2 11:56,昨天还说粉丝后援会声明怎么怎么样，人家就是和工作室对接的[憨笑]很给面子了，今天好了，你们要的工作室声明来啦[色],1
2025/4/2 11:57,他只是原唱，不是原创,0
2025/4/2 11:57,偷偷偷 谁都来偷一手[发怒],1
2025/4/2 11:57,#华晨宇方称拒绝音乐版权擦边行为#,0
2025/4/2 11:57,还是是工作室[微笑],0
2025/4/2 11:57,保护华晨宇先生音乐版权！！,0
2025/4/2 11:57,保护华晨宇先生的版权！！！,0
2025/4/2 11:57,我们小花才华都溢出来了 但也不许被人剽窃！#华晨宇方称拒绝音乐版权擦边行为#,0
2025/4/2 11:57,一个制作团队就代表歌可以随便用啊？那你真是这个[弱],1
2025/4/2 11:57,偷了还不改，脸皮太厚了,1
2025/4/2 11:58,小偷小偷小偷，能不能做到学艺先学德呀黄女士,1
2025/4/2 11:58,现在呢,0
2025/4/2 11:58,拒绝音乐擦边行为，支持华晨宇维权！,0
2025/4/2 11:58,华语乐坛版权买一抢一开创者，请业内避雷??,1
2025/4/2 11:58,六字[赞],0
2025/4/2 11:58,支持维权！！,0
2025/4/2 11:58,网易云[赞],0
2025/4/2 11:58,拒绝和解后续其他歌曲版权基本不可能买下了（都怕被迫买一送一），版权意识弱给台阶不下谁敢用，相当于有人去你的水果店里买西瓜，她顺走一个桃子，你好声好气和她商量要她要不补钱要不换回来，她不，那其他水果店知道了这个事都会很警惕避讳这个来自己店里买东西，指不定又顺走点啥,1
2025/4/2 11:58,现在呢[看]《合规》？,0
2025/4/2 11:58,来[九转大肠],0
2025/4/2 11:58,怎么不说话[色],1
2025/4/2 11:59,就是华晨宇的歌呀，2014年收录发行于华晨宇个人专辑当中，歌词都是林夕老师为他量身打造的,0
2025/4/2 11:59,因为她想红，她想要热度。糊的快掉地下了就用这种恶劣手段,1
2025/4/2 11:59,拒绝擦边球式音乐，坚决维护华晨宇音乐版权！#华晨宇方称拒绝音乐版权擦边行为#,0
2025/4/2 12:00,她把孩子的和声加到小烟后面然后把在和声编写后面加上自己的名字，说是自己写的小偷,1
2025/4/2 12:00,#华晨宇方称拒绝音乐版权擦边行为# 拒绝音乐版权擦边行为！！支持主动维权！！！,0
2025/4/2 12:01,拒绝版权擦边行为！！！,0
2025/4/2 12:01,事实是主动沟通无果，抄袭方死活不承认,1
2025/4/2 12:01,"华晨宇工作室发了声明：
主动和黄霄雲方沟通，但是未能达成有效共识，避重就轻不是解决问题的方式，同时拒绝音乐版权擦边行为。同时也希望音乐作品能够多一些纯粹原创，少一些模糊“借鉴”。",0
2025/4/2 12:01,坚决保护华晨宇音乐版权！！！,0
2025/4/2 12:01,买的原版唱原版就好了，偷来的部分是不是更香一点[抠鼻],1
2025/4/2 12:01,@黄霄雲（巡演版） 偷字会不会写？不会连拼音都不会拼吧，拼音也给你标上咯,1
2025/4/2 12:01,多一些纯粹原创，少一些模糊“借鉴”[呲牙],0
2025/4/2 12:01,这种不审核的吗？为什么能发出来#华晨宇方称拒绝音乐版权擦边行为#,1
2025/4/2 12:01,因为发表的时候里面和声编写写的她自己名字呢[调皮][调皮][调皮][调皮],0
2025/4/2 12:02,她们粉丝还真是这目的,1
2025/4/2 12:02,搁这儿了，瞪大眼睛看看“主动沟通”,1
2025/4/2 12:02,来！懂了没[调皮],0
2025/4/2 12:02,#华晨宇方称拒绝音乐版权擦边行为# “避重就轻不是解决问题的方式，同时拒绝音乐版权擦边行为……希望音乐作品能够多一些纯粹原创，少一些模糊“借鉴”。尊重音乐创作者的作品创意是原创音乐人的基本职业道德素养，每一份饱含心血的成果都应该被认可和保护。” #华晨宇黄霄云方未能达成共识#,0
2025/4/2 12:02,他是原唱，词曲作者授权了谁都可以唱，再说人家也标了原唱华晨宇啊,0
2025/4/2 12:03,央音畢業只學了抄3.5小節？？？對得住母校嗎？,1
2025/4/2 12:03,保护华晨宇先生音乐版权！！华晨宇工作室已经回应黄霄云翻唱授权争议,0
2025/4/2 12:03,你们也太可耻了 路人都看不下去了按理说俩家对掐 有粉籍的不方便下场 但是擦边抄袭原唱真的可耻 黑红套路过时了 这样只会让hxy更臭而已,1
2025/4/2 12:03,事实证明,0
2025/4/2 12:03,气S了[发怒]，气S了[发怒]，气了两天了都,1
2025/4/2 12:03,我咋记得是他们那边个别粉丝说吟唱是他们的原创我们才去反驳的呢，后来知道原创说不过去演变成为说只是没有标注出处？！,1
2025/4/2 12:03,支持维权！！！你终于来了！,0
2025/4/2 12:04,支持原创,0
2025/4/2 12:04,意思是“偷 我是要偷的，但是我虽然偷但是不认输吗”,1
2025/4/2 12:04,保护华晨宇先生音乐版权！！,0
2025/4/2 12:04,说话！！裁缝就是裁缝，擦边就别来标榜原创,1
2025/4/2 12:04,做艺人之前首先要有德，要给观众起到好的带头引导作用，而不是带头带坏行业风气,0
2025/4/2 12:04,尊重版权,0
2025/4/2 12:04,#华晨宇方称拒绝音乐版权擦边行为# 支持华晨宇維權,0
2025/4/2 12:04,还在这嘴硬呢,1
2025/4/2 12:05,[不你不想]连吃带拿，偷的明白吗,1
2025/4/2 12:05,多一些纯粹原创，少一些模糊“借鉴”[呲牙],0
2025/4/2 12:05,“裁女”,1
2025/4/2 12:05,先把自己家避重就轻打擦边球的事解决了好吗[捂脸][捂脸][捂脸],1
2025/4/2 12:06,黄霄云粉丝美梦成真了哈,1
2025/4/2 12:06,装傻的戏子， 你可赚到了吐沫飞溅的缓刑， 怕被拆穿还没被拆穿， 本就是你要的刺激。,1
2025/4/2 12:06,擦边[泪奔]法律上可以但职业道德上不允许。很明显黄很缺歌才会去翻唱一首本来就很火的歌[泪奔],1
2025/4/2 12:06,你跟他说A，她跟你说B，怎么能说得通呢[看]建议重新学阅读理解。,1
2025/4/2 12:06,你是真无知啊[泪奔]可以喜欢一个人，但不能因为喜欢一个人而毁三观啊,1
2025/4/2 12:07,哈哈哈哈哈哈真发了他们又不高兴,1
2025/4/2 12:07,不是你们粉丝要求工作室发博吗[偷笑]你们还能欺负我们[捂脸],1
2025/4/2 12:07,尊重版权,0
2025/4/2 12:07,@LCCCC.,0
2025/4/2 12:07,@-_-,0
2025/4/2 12:07,因为华晨宇版权在网易云，她在q音发表这首歌之后，q音流量比网易云大，她直接成为最大音乐平台的原唱，这首歌久而久之就是她的了,1
2025/4/2 12:07,伸头来打,1
2025/4/2 12:08,来！开麦！,0
2025/4/2 12:08,《主动沟通》[尬笑]这小偷看来是真不认啊,1
2025/4/2 12:08,尊重版权,0
2025/4/2 12:08,尊重音乐创作者的作品创意是原创音乐人的基本职业道德素养，每一份饱含心血的成果都应该被认可和保护，支持华晨宇维权??,0
2025/4/2 12:08,主动沟通..沟通无果…拒绝音乐原创擦边球[感谢][感谢][感谢],0
2025/4/2 12:08,没关系啊，就事论事，该怎么样就怎么样,0
2025/4/2 12:08,你再说一次合规？？？央音第一这水平吗？,1
2025/4/2 12:09,就是就是,0
2025/4/2 12:09,只认华晨宇版本,0
2025/4/2 12:09,这种“借鉴”行为对你个人的影响不只是今天的风口浪尖，个人的人品和诚信都会深刻在每一个行内行外人的心里，知错能改或许还能挽回，希望能做出正面回应，认错，道歉！,0
2025/4/2 12:09,还没结束呢,0
2025/4/2 12:09,恭喜恭喜??,0
2025/4/2 12:09,回复@大家平安喜乐_:那你也不用管我怎么想！关于偷，我也有自己的定义,1
2025/4/2 12:09,那你点赞吧[色],1
2025/4/2 12:09,合什么法合什么规？没有一个人说你不能翻唱烟火里的尘埃我们一直提的都是孩子的相关版权 错了就立正挨打不要避重就轻 偷换概念[微笑],1
2025/4/2 12:09,很多年前黄霄云就唱过这首歌，当时也有这段吟唱,0
2025/4/2 12:09,拒绝音乐版权擦边行为！支持华晨宇维权！#华晨宇方称拒绝音乐版权擦边行为#,0
2025/4/2 12:09,@超级无敌爆幸运 @DLooner,0
2025/4/2 12:09,好的[微笑],0
2025/4/2 12:10,有时候厚脸皮 也是一种本事呢[尬笑][尬笑][尬笑],0
2025/4/2 12:10,黄霄雲抄袭者不尊重音乐不配做歌手，有愧自己的职业操守，还有良心？4分39秒后那一段！是Hcy改编的《孩子》里的一段！为什么直接挪用并标上自己是原创？购买A首歌演唱权就可以演唱B歌曲了吗？,1
2025/4/2 12:10,黄霄雲女士拥有的是《烟火里的尘埃》使用版权，而非《孩子》live版的使用版权，也并未向华晨宇方沟通借鉴和声改编一事，请黄霄雲女士及其工作室正面回应最后【华晨宇原创吟唱旋律】的版权及其所属问题，请勿避重就轻打擦边球，借用请标明来源，请尊重每一份原创，请尊重原创音乐人！,1
2025/4/2 12:10,请尊重原创,0
2025/4/2 12:10,博主很客观的站在黄霄云那边[鼓掌],0
2025/4/2 12:10,拒绝音乐版权擦边行为。尊重音乐创作者的作品创意是原创音乐人的基本职业道德素养，每一份饱含心血的成果都应该被认可和保护@黄霄雲,0
2025/4/2 12:10,今天你就是最棒的工作室，明天看你表现,0
2025/4/2 12:10,抄了就是抄了哈，再怎么打擦边球就是抄了,1
2025/4/2 12:10,尊重版权,0
2025/4/2 12:10,就是我错了，我就不道歉对吧[比心],1
2025/4/2 12:11,投机取巧，想走捷径，所以翻唱顶级歌手的热曲。结果人品又差，顺便又偷了另外一首歌。#华晨宇方称拒绝音乐版权擦边行为#,1
2025/4/2 12:11,后面的旋律谁创作的呀好难猜[不失礼貌的微笑],0
2025/4/2 12:11,谁招笑我不说，黄女士有本事你告他,1
2025/4/2 12:11,支持华晨宇先生维权,0
2025/4/2 12:11,这就是央音的“裁女”呀@黄霄雲 #华晨宇方称拒绝音乐版权擦边行为#,1
2025/4/2 12:11,就是你们家做错了,1
2025/4/2 12:11,尊重版权,0
2025/4/2 12:11,希望音乐作品能够多一些纯粹原创，少一些模糊“借鉴”。,0
2025/4/2 12:11,你们应该跟我们家道歉。,1
2025/4/2 12:11,希望音乐作品能够多一些纯粹原创，少一些模糊“借鉴”。尊重音乐创作者的作品创意是原创音乐人的基本职业道德素养，每一份饱含心血的成果都应该被认可和保护。,0
2025/4/2 12:12,没办法中国法盲就是那么多[泪奔][泪奔][泪奔]无版权嫁接歌还不知道自己做的不对呢,1
2025/4/2 12:12,尊重原创！！！拒绝擦边！！！！,0
2025/4/2 12:12,看了别人举例给我科普那没办法了这次真的很支持华晨宇和粉丝维权了[宕机]因为这玩意儿得买两个版权还得提前说，啥也不说对人家伤害确实蛮大的[宕机],0
2025/4/2 12:12,哇好官方啊[看][看]黄女士道歉,0
2025/4/2 12:12,不是要官方声明吗真给你了你又不乐意真给你了你又不乐意真给你了你又不乐意真给你了你又不乐意真给你了你又不乐意真给你了你又不乐意真给你了你又不乐意真给你了你又不乐意真给你了你又不乐意真给你了你又不乐意真给你了你又不乐意真给你了你又不乐意,1
2025/4/2 12:12,还不止一次呢,0
2025/4/2 12:13,一定要听原唱呀来演唱会听！原唱更好听更有层次感的,0
2025/4/2 12:13,哈哈哈哈哈被姐偷到啦,0
2025/4/2 12:13,法律是惩戒的底线，道德才是为人的底线，为名利可以肆无忌惮窃取他人劳动成果，粘贴自喜于只要没到法律惩罚的边界，还要跃武扬威继续颠倒黑白是吗！ ,1
2025/4/2 12:13,请你知悉！看看工作室发的吧,0
2025/4/2 12:13,尊重音乐版权，拒绝音乐版权擦边行为，尊重音乐人的辛苦付出！@黄霄雲,0
2025/4/2 12:13,希望音乐作品能够多一些纯粹原创，少一些模糊“借鉴”,0
2025/4/2 12:13,宝宝你快看！这是什么！,0
2025/4/2 12:13,点了！,0
2025/4/2 12:13,拒绝音乐版权擦边行为！保护华晨宇先生的音乐版权！,0
2025/4/2 12:13,锤,1
2025/4/2 12:13,尊重音乐创作者的作品创意是原创音乐人的基本职业道德素养。多一些纯粹原创，少一些模糊“借鉴”。拒绝擦边 保护原创心血#华晨宇方称拒绝音乐版权擦边行为#,0
2025/4/2 12:13,虽然是对家粉，但是抄袭的人必须制裁！（祝长红,0
2025/4/2 12:14,请苍天，辨忠奸,0
2025/4/2 12:14,支持华晨宇维权！！！尊重原创！！！,0
2025/4/2 12:14,点了,0
2025/4/2 12:14,哇哇哇买A+B吗[尬笑],0
2025/4/2 12:14,华哥的音乐态度一直都很鲜明，版权意识强，这也是对音乐的尊重嘛~,0
2025/4/2 12:14,感谢央妈让我们听到了由黄霄雲翻唱的带着华晨宇改编的《孩子》里的和声版的《烟火里的尘埃》,0
2025/4/2 12:14,哪来的官方,1
2025/4/2 12:14,欢迎来火星听歌呀,0
2025/4/2 12:14,我是一个出道10年还籍籍无名的新人小作者，我特别喜欢圈里好几个大作者的文，我还公开说过我喜欢其中的一个大作者，虽然他的路人缘不太好，但他的作品个人风格强烈，其中一个大IP小说A在圈里隔一阵就火一次，我还知道他的作品B是A的续作。我太想红了，就买了A的版权仿写，抄了B作品的几段字，加到我的作品中发表了。我说B的这段是我的原创，在圈里也总算有了一点声量，结果被大作者粉丝发现了问我要说法。我能说什么，我买了A的版权啊，结果他们不依不饶的网暴我说我是小偷，音乐人的事怎么能叫偷呢，明明是致敬！致敬好吗！！,1
2025/4/2 12:14,希望音乐作品能够多一些纯粹原创，少一些模糊“借鉴”,0
2025/4/2 12:14,支持华晨宇维权，拒绝法律擦边球,0
2025/4/2 12:14,至少有原創作品了 “買一搶一” “順手牽羊” “模糊界線”,1
2025/4/2 12:15,擦边女裁缝粉丝就是没脑子[捂脸][大笑],1
2025/4/2 12:15,原先因为她说喜欢花花，被黑了还想着会不会是网友说太过，毕竟花花也被恶意诋毁过，没想到只是随便说说，现在连“喜欢歌手”得作品都偷，还是以这种上不得台面的方式，现在只能说太背刺了。,1
2025/4/2 12:15,避重就轻不是解决问题的方式，同时拒绝音乐版权擦边行为。我们一直秉持开放的心态欢迎优秀音乐人交流共进，但与此同时希望音乐作品能够多一些纯粹原创，少一些模糊“借鉴”。尊重音乐创作者的作品创意是原创音乐人的基本职业道德素养，每一份饱含心血的成果都应该被认可和保护。,0
2025/4/2 12:15,华晨宇工作室已发[微笑][微笑],0
2025/4/2 12:15,拒绝插边尊重原创，对罔顾事实，无道德说不#华晨宇方称拒绝音乐版权擦边行为#,0
2025/4/2 12:15,实锤了，最后的吟唱算抄袭,1
2025/4/2 12:15,希望音乐作品能够多一些纯粹原创，少一些模糊“借鉴”。尊重音乐创作者的作品创意是原创音乐人的基本职业道德素养，每一份饱含心血的成果都应该被认可和保护。,0
2025/4/2 12:15,吟唱是??自己创作的旋律哦[笑哭]大家都当做hxy自己写的了 还上原创榜,0
2025/4/2 12:15,尊重原创 支持维权,0
2025/4/2 12:15,真发了她们又不高兴，而且华晨宇方主动找她们沟通无果，说白了，耍无赖呗,1
2025/4/2 12:16,先把这个造谣的中专老登告了@刘瀚景,1
2025/4/2 12:16,黄女士这下怎么说,1
2025/4/2 12:16,这段唯美的旋律是我花饿了两天才创作并呈现出来的，她hxy凭什么直接复刻，凭她是cx的吗才能如此为所欲为,1
2025/4/2 12:16,图片评论 评论配图,0
2025/4/2 12:16,我们六字出来了，然后呢，你们要干什么，接着闹啊,1
2025/4/2 12:16,立场,0
2025/4/2 12:16,黄霄云＝小偷＝裁女,1
2025/4/2 12:16,严正声明[猪头],1
2025/4/2 12:16,#华晨宇方称拒绝音乐版权擦边行为# @黄霄雲 霄偷你好??华晨宇,1
2025/4/2 12:16,这条视频我将请出我的同担[憨笑][憨笑][憨笑],0
2025/4/2 12:16,别偷了，偷都偷不明白,1
2025/4/2 12:16,工作室不是官方？你告诉我什么是官方？？[舔屏],1
2025/4/2 12:16,那这样做，不合适。但是需要看是组织方自己标注的还是这个女歌手自己要求标注的。如果是前者需要给两方道歉，如果是后者需要给华成语道歉,0
2025/4/2 12:17,首先不是输赢的问题，其次我也很喜欢她的歌，但是不认错必凉[捂脸],1
2025/4/2 12:17,@黄霄雲（巡演版） 小偷行为[尬笑],1
2025/4/2 12:17,@黄霄雲（巡演版） 偷姐说话,1
2025/4/2 12:17,华晨宇歌迷坚决维护歌手华晨宇的音乐！#华晨宇方称拒绝音乐版权擦边行为#,0
2025/4/2 12:17,他翻唱浮夸有版权吗,0
2025/4/2 12:17,写出那段吟唱旋律的真的是天才啊啊啊啊[流泪][流泪][流泪]太好听了[流泪][流泪][流泪][流泪][流泪][流泪]我18年听过后一直不能忘记啊啊啊啊啊啊[流泪][赞][赞][赞][赞][赞][玫瑰][玫瑰][玫瑰][玫瑰][玫瑰]烟火里的孩子太好听了[流泪][玫瑰][玫瑰][玫瑰][玫瑰][赞][赞][赞][赞],0
2025/4/2 12:17,呦居然还有后续，那个黄小姐的粉丝可以看看#华晨宇方称拒绝音乐版权擦边行为#,0
2025/4/2 12:17,请看声明[玫瑰],0
2025/4/2 12:17,哟哟哟，黄粉要的工作室回应来了[吃瓜],0
2025/4/2 12:18,尊重原创音乐！拒绝音乐版权擦边行为！支持华晨宇维权！,0
2025/4/2 12:18,（鼓掌）,0
2025/4/2 12:18,男生唱这个很难的，女生天生音高，没有低音衬托，歌曲不丰富的,0
2025/4/2 12:18,支持原唱[微笑]路人，很喜欢他的歌,0
2025/4/2 12:18,这下好了都知道你唱的难听了,1
2025/4/2 12:18,真的是太过分了,1
2025/4/2 12:18,终于支楞起来了,0
2025/4/2 12:18,擦边行为可耻，妄为歌手,1
2025/4/2 12:18,尊重创作者成果，拒绝擦边行为#华晨宇方称拒绝音乐版权擦边行为#,0
2025/4/2 12:18,好好看看吧,0
2025/4/2 12:19,尊重版权啊,0
2025/4/2 12:19,看看后续怎么样？,0
2025/4/2 12:19,道歉！下架音源！,1
2025/4/2 12:19,不得不说孩子好好听,0
2025/4/2 12:19,说的好听什么致敬，其实就是自己缺歌，又想走捷径，蹭热度,1
2025/4/2 12:19,黑红也是红啊，hxy啥时候有这热度，20歌手被骂的热度最高时期也没现在高吧，cx公司的一贯做法。,1
2025/4/2 12:19,是的,0
2025/4/2 12:19,假的。,1
2025/4/2 12:19,拒绝音乐版权擦边行为。尊重音乐创作者的作品创意是原创音乐人的基本职业道德素养，每一份饱含心血的成果都应该被认可和保护@黄霄雲,0
2025/4/2 12:19,#2025华晨宇火星演唱会# #华晨宇方称拒绝音乐版权擦边行为#  擦边超级，沟通无果！人怎么可以这么无赖！标榜自己原创却最不到维护别人原创！黄霄云应该不止一次“借鉴吧”别人的音乐了#华晨宇黄霄云方未能达成共识#,1
2025/4/2 12:19,欢迎！,0
2025/4/2 12:19,演唱会能唱那肯定是有授权的,0
2025/4/2 12:19,支持维权,0
2025/4/2 12:20,小偷粉[微笑],1
2025/4/2 12:20,6,0
2025/4/2 12:20,虽然我不混音乐圈，但这已经很气愤了，抖音把我判给你们了,1
2025/4/2 12:20,坚决维护华晨宇先生应有权益！公众人物应当提升个人素养，注重创作者版权意识。华晨宇方【从未】授权《孩子》相关版权，请黄小姐@黄霄雲 及工作室@黄霄雲的雲上面包坊 明确你方无《孩子》ending挪用/抄袭/改编的许可，请正面回应相关问题，我们需要公开道歉、购买相关使用版权、归还应有原创署名。,1
2025/4/2 12:20,拒绝擦边球式音乐，坚决维护华晨宇音乐版权！,0
2025/4/2 12:20,哈喽在？,0
2025/4/2 12:20,#华晨宇方称拒绝音乐版权擦边行为# #华晨宇黄霄云方未能达成共识#,0
2025/4/2 12:20,有机会一定去,0
2025/4/2 12:20,烟火里的尘埃吟唱旋律在15年华晨宇就进行了首次、独创性的改编。18年歌手演唱《孩子》的时候又再次创作编写且有署名，这段旋律在无数次的华晨宇演唱会上和歌迷大合唱。在公开场合演出即具有著作权，无论是这段吟唱形式的独创性，和放在小烟结尾这一做法创意。黄女歌手搬唱发表标自己创作的。尊重原创！,0
2025/4/2 12:20,上去！,0
2025/4/2 12:20,黄这么厉害，歌手当打之年得过几次第一？还是没得过？去年二上一定奇袭成功了吧？[赞][赞],0
2025/4/2 12:20,@谢团团 保护华晨宇先生音乐版权[思考],0
2025/4/2 12:20,尊重音乐创作者的作品创意是原创音乐人的基本职业道德素养，每一份饱含心血的成果都应该被认可和保护，支持华晨宇维权??,0
2025/4/2 12:20,对对对我也是,0
2025/4/2 12:20,你家才偷歌了,1
2025/4/2 12:21,华晨宇 #2025华晨宇火星演唱会# 多一些纯粹原创，少一些模糊“借鉴”。尊重音乐创作者的作品创意是原创音乐人的基本职业道德素养，每一份饱含心血的成果都应该被认可和保护。工作室你说的好,0
2025/4/2 12:21,支持维权,0
2025/4/2 12:21,6666[抠鼻][抠鼻][抠鼻],0
2025/4/2 12:21,尊重原创！坚决维护华晨宇先生应有权益！公众人物应当提升个人素养，注重创作者版权意识。华晨宇方【从未】授权《孩子》相关版权，请黄小姐@黄霄雲 及工作室黄霄雲的雲上面包坊  明确你方无《孩子》ending挪用/抄袭/改编的许可，请正面回应相关问题，我们需要公开道歉、购买相关使用版权、归还应有原创...全文,1
2025/4/2 12:21,小丑??,1
2025/4/2 12:21,是串吗[宕机],1
2025/4/2 12:21,继续叫呗[玫瑰][玫瑰],0
2025/4/2 12:21,拒绝音乐版权擦边！维护原创歌手权益！,0
2025/4/2 12:21,回应了 打脸不[调皮],1
2025/4/2 12:22,逗我呢[捂脸],0
2025/4/2 12:22,？,0
2025/4/2 12:22,生娃咖无人在意,0
2025/4/2 12:22,黄霄雲本人哑巴了？工作室哑巴了？黄霄雲粉丝哑巴了？前几天不是还很嚣张吗,1
2025/4/2 12:22,拒绝音乐版权擦边球行为，支持华晨宇维权,0
2025/4/2 12:22,作为音乐人连基本的职业道德和素养都没有某糊的粉丝真的很可怜啊,1
2025/4/2 12:22,法师粉丝又在搞什么[捂脸][捂脸],1
2025/4/2 12:22,尊重原创，拒绝音乐版权擦边！支持华晨宇维权,0
2025/4/2 12:22,"拒绝音乐版权擦边行为。尊重音乐创作者的作品创意是原创音乐人的基本职业道德素养，每一份饱含心血的成果都应该被认可和保护。
道歉！",0
2025/4/2 12:23,这个视频可以下架了[鼓掌],1
2025/4/2 12:23,肯定有啊[黑脸],1
2025/4/2 12:23,望音乐作品能够多一些纯粹原创，少一些模糊“借鉴”。尊重音乐创作者的作品创意是原创音乐人的基本职业道德素养，每一份饱含心血的成果都应该被认可和保护！！！！,0
2025/4/2 12:23,我是火星人来着（每个平台名字和头像都不一样）[捂脸][捂脸][捂脸][捂脸],0
2025/4/2 12:23,我怎么没看懂[黑脸],0
2025/4/2 12:23,[抠鼻],1
2025/4/2 12:23,说白了就是想让大家通过华晨宇的大流量来认识她！,1
2025/4/2 12:23,哇塞，现在工作室出来了，你又说假的,1
2025/4/2 12:23,惯犯[鼓掌]黄裁缝,1
2025/4/2 12:23,虽然不太不了解，但是不是应该是火星人这种之类的啊,0
2025/4/2 12:23,不问自取就是偷！！,1
2025/4/2 12:23,多一些纯粹原创，少一些模糊“借鉴”,0
2025/4/2 12:23,发言好像小学生啊[白眼],1
2025/4/2 12:23,原唱都知道了 你说有没有[尬笑],1
2025/4/2 12:23,擦边歌手黄霄云。[尬笑][尬笑][尬笑][尬笑]支持原创，支持纯粹的音乐人,0
2025/4/2 12:23,清汤大老爷,0
2025/4/2 12:24,zbc，zs，hxy都是魔星的，就逮着花薅,1
2025/4/2 12:24,建议彻查华语乐坛，重塑规则秩序，不能有一个歌手幸免！,1
2025/4/2 12:24,尊重原创尊重版权，支持华晨宇,0
2025/4/2 12:24,@黄霄雲 @黄霄雲的雲上面包坊 多一些纯粹原创，少一些模糊“借鉴”。尊重音乐创作者的作品创意是原创音乐人的基本职业道德素养，每一份饱含心血的成果都应该被认可和保护。,0
2025/4/2 12:24,华晨宇黑粉多不是无辜的,1
2025/4/2 12:24,#华晨宇方称拒绝音乐版权擦边行为# 有些人抄袭就抄袭，别自称原创，本来华语乐坛糊到新生代就没几个能出来的，还这么败坏行业风气，丢不丢人@黄霄雲,1
2025/4/2 12:25,我路人[捂脸]就喜欢黄霄雲唱的[捂脸]不知道为什么有人唱歌还要施法[捂脸],0
2025/4/2 12:25,如何呢，?音乐擦边,0
2025/4/2 12:25,我跟你想法一样。我觉得黄不是科班毕业么，版权意识都没有。不是标榜才女么,1
2025/4/2 12:25,她谁火喜欢谁谢谢 评论配图,0
2025/4/2 12:25,恭喜恭喜！,0
2025/4/2 12:25,明眼人????新时代好网友,0
2025/4/2 12:25,支持原创支持华晨宇先生,0
2025/4/2 12:25,笑死我了,0
2025/4/2 12:25,#华晨宇方称拒绝音乐版权擦边行为# 下架！道歉,1
2025/4/2 12:25,#华晨宇方称拒绝音乐版权擦边行为# 恭喜小偷出圈,1
2025/4/2 12:26,昨天还有粉丝叫说让华晨宇工作室发声明呢，真发了他们又不乐意了,1
2025/4/2 12:26,人家现在又说华晨宇工作室发文没指名道姓,0
2025/4/2 12:26,是的，昨天给面子了，她家不要啊,1
2025/4/2 12:26,"拒绝音乐版权擦边行为。尊重音乐创作者的作品创意是原创音乐人的基本职业道德素养，每一份饱含心血的成果都应该被认可和保护。
道歉！",0
2025/4/2 12:26,来火星玩呀,0
2025/4/2 12:26,[尬笑][尬笑][尬笑][尬笑][尬笑],0
2025/4/2 12:26,为了蹭热度她谁都可以喜欢,1
2025/4/2 12:26,请黄霄雲女士回应。[微笑][微笑][微笑],0
2025/4/2 12:26,谁没意见了,0
2025/4/2 12:26,坚决抵制这样的行业败类，拒绝音乐版权擦边！,0
2025/4/2 12:26,诺，你看看，人家说这个吟唱是自己编的，那怎么的，华晨宇这边得默认？,1
2025/4/2 12:26,黄女士老惯犯了,1
2025/4/2 12:27,都说了给她面子她不要,1
2025/4/2 12:27,@黄霄雲 @黄霄雲的雲上面包坊 多一些纯粹原创，少一些模糊“借鉴”。尊重音乐创作者的作品创意是原创音乐人的基本职业道德素养，每一份饱含心血的成果都应该被认可和保护 ！,0
2025/4/2 12:27,哈哈哈,0
2025/4/2 12:27,她是谁火就喜欢谁,0
2025/4/2 12:27,左裁一点 右剪一点 就觉得是自己的啦 真是够了,1
2025/4/2 12:27,笑飞了,0
2025/4/2 12:27,嘴硬粉丝和他们的裁女姐姐,1
2025/4/2 12:27,昨天后援会发了声明，本意是给一个后路，却被说成说是三无组织，还死不悔改，求工作室下场，这下好了，工作室出面了，打脸了吧,1
2025/4/2 12:27,本来只是歌迷会发文还能留个体面，非要嘴硬有授权被工作室打脸也是求锤得锤了偷了就是偷了,1
2025/4/2 12:27,我真的很少看见我们家出来说话，hxy你还挺是个人物的。,1
2025/4/2 12:27,音乐是有创作性的 但是抄了就是抄了 承认不好嘛,0
2025/4/2 12:27,#华晨宇方称拒绝音乐版权擦边行为# 尊重原创！坚决维护华晨宇先生应有权益！公众人物应当提升个人素养，注重创作者版权意识。华晨宇方【从未】授权《孩子》相关版权，请黄小姐@黄霄雲 及工作室@黄霄雲的雲上面包坊 明确你方无《孩子》ending挪用/抄袭/改编的许可，请正面回应问题，我们要公开道歉、购...全文,1
2025/4/2 12:27,这种“借鉴”行为对你个人的影响不只是今天的风口浪尖，个人的人品和诚信都会深刻在每一个行内行外人的心里，知错能改或许还能挽回，希望能做出正面回应，认错，道歉！,0
2025/4/2 12:27,真发了他们又不乐意了,1
2025/4/2 12:27,意思就是她只拥有烟火里的尘埃的使用权 却擅自用了《孩子》这首歌的使用权 并表明是原创[尬笑],1
2025/4/2 12:27,给面子了硬不要啊，非要工作室出来回应，真回应了又不乐意了,1
2025/4/2 12:27,昨天一天主动沟通…还让缓冲方发声明，给台阶到这种地步了，还要怎样？从始至终只是要一个解释，或者重新标注一下，换来了是连续多天的得寸进尺与对面男粉下流的造谣辱骂！做人不能这样！尊重原创，拒绝版权擦边，拒绝无理造谣！,1
2025/4/2 12:27,[左边]简单理解,0
2025/4/2 12:28,支持[比心],0
2025/4/2 12:28,昨天华晨宇蓝v歌迷会已经发了声明黄粉丝一直喊着嚷着要华晨宇工作室出来说话还想着去冲了工作室，谁成想华晨宇工作室那边昨天已经去主动沟通了一天，结果从正主到粉丝一直死性不改，只能说台阶给这么足了还整这出那怎么被打脸都是活该。,1
2025/4/2 12:28,黄霄雲工作室发的消息声明并没有提及争议段落的问题。华晨宇方也从来没有说是原版烟火里的尘埃的授权问题。黄方那个声明相当于啥也没说。昨天歌迷会提及就是不想撕破脸，他们说那个号没公章，请问有公章的声明里面说了废话有用吗？吴某盖公章有用吗？歌迷会那个号不是野号，是挂靠天娱的企业号。,1
2025/4/2 12:28,up,0
2025/4/2 12:28,[抠鼻][捂脸][黑脸][尬笑],0
2025/4/2 12:28,还有jj,1
2025/4/2 12:28,偷姐道歉！！！！！！！！,1
2025/4/2 12:28,回来发现我竟然点赞了[微笑]取！,0
2025/4/2 12:28,给体面不要，看来她是不想在圈里混了，怎么团队和本人都能蠢成这样,1
2025/4/2 12:28,避重就轻呢，偷的那部分绝口不提,1
2025/4/2 12:28,真笑飞了,0
2025/4/2 12:28,工作室发了，站对了[愉快],0
2025/4/2 12:28,如果华晨宇都维权困难，[捂脸]那么一些小众音乐人可以不用玩创作了2025年全民拼好歌吧，省力省时不怕偷，偷了继续拼。,1
2025/4/2 12:28,就是想偷歌，华晨宇音乐单平台，她翻唱搞全平台，时间一长，大众就被混淆了司马昭之心路人皆知,1
2025/4/2 12:28,简直一模一样好吧[黑脸],1
2025/4/2 12:29,拒绝音乐版权擦边行为。尊重音乐创作者的作品创意是原创音乐人的基本职业道德素养，每一份饱含心血的成果都应该被认可和保护。,0
2025/4/2 12:29,你们可以不认输但是这是版权和法律的问题[愉快],0
2025/4/2 12:29,来！求你们工作室也站出来正面刚哈，躲在粉丝背后利用粉丝算什么啊[调皮],1
2025/4/2 12:29,感觉这辈子离开其他艺人就是活不了了...,0
2025/4/2 12:29,我支持华晨宇,0
2025/4/2 12:29,跟认不认输有啥关系啊[捂脸],0
2025/4/2 12:29,而且她现在还不承认自己擦边抄袭呢,1
2025/4/2 12:29,给你留脸自己不要，那没办法了,1
2025/4/2 12:29,拒绝音乐版权擦边 尊重原创音乐 请@黄霄雲 @黄霄雲的雲上面包坊 道歉,1
2025/4/2 12:29,工作室来了[尬笑]黄粉还说为什么工作室不出声吗？,1
2025/4/2 12:29,今天我们看似是在维护一首歌，在维护一个艺人，其实本质是在维护音乐的公平性，维护的是一种市场次序。今天不较真，明天就会有更多人投机取巧，走捷径。维权的路道阻且漫长，但我们要走出这一步，给原创音乐一个公道！,0
2025/4/2 12:29,首先吟唱完全不一样，另外这段吟唱申请版权了？法师群体。。真够了[捂脸],1
2025/4/2 12:29,我们就是不认输。,0
2025/4/2 12:29,支持,0
2025/4/2 12:29,看这个,0
2025/4/2 12:29,"给脸不要脸,给台阶不下,自作自受",1
2025/4/2 12:29,讲个笑话，华晨宇的唱功，??,1
2025/4/2 12:29,授权翻唱的是《烟火里的尘埃》，她把另外一首歌《孩子》搬进去，说是自己原创,1
2025/4/2 12:29,一想到昨天他们嘴硬说蓝v华晨宇全球歌迷会那个声明没盖章没指名道姓就想笑,1
2025/4/2 12:29,六字今天夸夸你,0
2025/4/2 12:30,来 回复了 被侵权方都主动沟通来解决事情真的很给台阶下了，对方真的是给脸不要脸,1
2025/4/2 12:30,@黄霄雲 @黄霄雲的雲上面包坊 多一些纯粹原创，少一些模糊“借鉴”。避重就轻不是解决问题的方式，拒绝音乐版权擦边行为,1
2025/4/2 12:30,它可以翻唱，但是它不能把后面的一部分的和声，原创作者改为他自己的名字，音乐的每一段编曲和还有合声都是原创精心制作的,0
2025/4/2 12:30,黑子说话,1
2025/4/2 12:30,买了A歌版权，顺手牵羊挪用了B歌片段，，B歌版权没买，还说这个片段是自己原创，黄裁缝好不要脸,1
2025/4/2 12:30,支持华晨宇维权,0
2025/4/2 12:30,好的，谢谢理智粉让我们一起等结果。,0
2025/4/2 12:30,拒绝音乐版权擦边行为。尊重音乐创作者的作品创意是原创音乐人的基本职业道德素养，每一份饱含心血的成果都应该被认可和保护。,0
2025/4/2 12:30,青天大老爷说的好,0
2025/4/2 12:30,黑红也是红给自己偷红了是吧@黄霄雲,1
2025/4/2 12:30,花花不关心这些事情，就真以为我们花是好惹的[愉快]工作室发了欧~,1
2025/4/2 12:30,跟着你闷哼，差点过去了,0
2025/4/2 12:30,支持[赞],0
2025/4/2 12:30,小眼睛[微笑],1
2025/4/2 12:30,啊？这是真的找死呢，不当歌手了吗,1
2025/4/2 12:30,黄霄云何错孩子吟唱来自哪里,0
2025/4/2 12:30,真是给脸不要,1
2025/4/2 12:30,午安，歌王华晨宇，总导演火星王子，创作音乐領軍人，音乐奇才，花花宝贝，你就是你，最好的你，没人能代替，是我的唯一，《与火星的孩子对话》#2025华晨宇火星演唱会# @华晨宇yu ????,0
2025/4/2 12:30,好了，现在所有人都知道擦边妹了，努力了这么久，最后靠擦边出圈,1
2025/4/2 12:30,谱子都扒出来了，还不能实锤[宕机],1
2025/4/2 12:30,烟火里的尘埃本来就很火，你没听过，不代表不火！,0
2025/4/2 12:30,hxy求锤得锤了,1
2025/4/2 12:30,只能说人不要脸 天下无敌,1
2025/4/2 12:30,很大可能在上学的时候就已经是裁缝女了,1
2025/4/2 12:30,你方有你方的立场 我只是一个普通听众 如果你们觉得实在委屈 可以去告 没必要在这咄咄逼人,0
2025/4/2 12:30,工作室,0
2025/4/2 12:30,笑死我了 哈哈哈哈哈哈 真的,0
2025/4/2 12:30,关键是她说最后吟唱是她原创的，但是所有的东西都是直接搬的华晨宇的[呲牙][呲牙][呲牙][呲牙],1
2025/4/2 12:31,所以昨天华全歌发声明以后不敢再回应，工作室今天发声明也不敢回应。他们粉丝再闹下去，可是会得到一正式法院传票呢。就是到二审华这边也会打到底,1
2025/4/2 12:31,#华晨宇方称拒绝音乐版权擦边行为#,0
2025/4/2 12:31,真发声了你又不高兴,1
2025/4/2 12:31,偷偷偷偷偷偷偷偷偷偷偷偷偷偷偷偷偷偷偷偷偷偷偷偷偷偷偷偷偷偷偷偷偷偷偷偷偷偷偷偷偷偷偷偷偷偷偷偷偷,0
2025/4/2 12:31,这吟唱的旋律不就是这首歌的旋律吗[捂脸],0
2025/4/2 12:31,#华晨宇方称拒绝音乐版权擦边行为#支持维权，支持原创！！！,0
2025/4/2 12:31,啊啊啊啊好爽六字下次我骂你骂轻点,1
2025/4/2 12:31,拒绝擦边球式音乐，尊重原创坚决维护华晨宇音乐版权！,0
2025/4/2 12:31,尊重原创,0
2025/4/2 12:31,尊重原创！坚决维护华晨宇先生应有权益！公众人物应当提升个人素养，注重创作者版权意识。华晨宇方【从未】授权《孩子》相关版权，请@黄霄雲 及工作室@黄霄雲的雲上面包坊 明确你方无《孩子》ending挪用/抄袭/改编的许可，请正面回应相关问题，我们需要公开道歉、购买相关使用版权、归还应有原创署名。,1
2025/4/2 12:31,不问自取视为____,1
2025/4/2 12:31,拒绝拿来主义，原创不易，拒绝擦边球行为，华晨宇作为当红歌手维权都这么难可想而知那些没名没姓的岂不是更难??华晨宇工作室处理得已经很体面了，昨天后援会就是工作室授意，黄霄雲粉丝不依不饶很多男的到处网暴华晨宇粉造谣华晨宇,1
2025/4/2 12:31,@K? 哇塞[憨笑]给我干懵了憋笑挑战吗我认输[憨笑][憨笑][憨笑],0
2025/4/2 12:31,拒绝音乐版权擦边行为，支持原创,0
2025/4/2 12:31,好的好的,0
2025/4/2 12:31,多一些纯粹原创，少一些模糊“借鉴”。尊重音乐创作者的作品创意是原创音乐人的基本职业道德素养，每一份饱含心血的成果都应该被认可和保护。,0
2025/4/2 12:31,支持华晨宇维权，拒绝音乐版权擦边！出来道歉！！！@黄霄雲 @黄霄雲的雲上面包坊,1
2025/4/2 12:31,尊重原创 欢迎大家来演唱会,0
2025/4/2 12:31,尊重音乐创作者的作品创意是原创音乐人的基本职业道德素养，每一份饱含心血的成果都应该被认可和保护，华晨宇歌迷坚决维护歌手华晨宇的音乐??,0
2025/4/2 12:31,欢迎来火星玩儿,0
2025/4/2 12:31,结尾吟唱是华晨宇在歌手2018里改编的西楼的《孩子》，黄没有得到此段的授权，并且标榜自己是原创,1
2025/4/2 12:31,只能说人不要脸天下无敌哈哈,1
2025/4/2 12:32,你现在看呢[愉快][愉快]工作室发了欧,0
2025/4/2 12:32,黄霄雲女士你只得到了华晨宇先生授予《烟火里的尘埃》翻唱权，但是私自加入华晨宇先生《孩子》的吟唱并全平台发表，标注此吟唱是你自己原创，到底是出于什么想法呢？,1
2025/4/2 12:32,给双方留面子才只是歌迷会发了声明，这么体面了还被挑衅说没公章，老天爷谁家歌迷会有公章啊，这回工作室出来回应了总该闭嘴道歉了吧,1
2025/4/2 12:32,如果像这样体量的歌手维权都这么难，不敢想以后的原创歌手怎么样才能保护自己的作品,0
2025/4/2 12:32,一位所谓原创音乐人，不尊重创作者基本权利，只会走版权擦边，捂嘴网友，避重就轻，明知故犯，造谣式澄清。只要一天你还在这个行业，同行会看着你，听众会看着你，各行各业为版权抗争过的或者正在抗争着的创作者们都会看着！,1
2025/4/2 12:32,避重就轻不是解决问题的方式，拒绝音乐版权擦边行为????请黄女士正面回应@黄霄雲的雲上面包坊 @黄霄雲,1
2025/4/2 12:32,最爽的一集,0
2025/4/2 12:32,坚决维护华晨宇先生应有权益！公众人物应当提升个人素养，注重创作者版权意识。华晨宇方【从未】授权《孩子》相关版权，请黄小姐@黄霄雲 及工作室@黄霄雲的雲上面包坊 明确你方无《孩子》ending挪用/抄袭/改编的许可，请正面回应相关问题，我们需要公开道歉、购买相关使用版权、归还应有原创署名。,1
2025/4/2 12:32,哈哈哈哈哈哈哈哈,0
2025/4/2 12:32,拒绝音乐版权擦边行为！,0
2025/4/2 12:32,尊重原创！坚决维护华晨宇先生应有权益！公众人物应当提升个人素养，注重创作者版权意识。华晨宇方【从未】授权《孩子》相关版权，请@黄霄雲 及工作室@黄霄雲的雲上面包坊 明确你方无《孩子》ending挪用/抄袭/改编的许可，请正面回应相关问题，我们需要公开道歉、购买相关使用版权、归还应有原创署名。,0
2025/4/2 12:32,能同时统一各路粉丝，划拳哥和六字，还有网易云，也是很有实力的这下好了，本来还在犹豫要不要庆祝一下日出官宣一周年呢，本来还以为要战斗呢，现在直接双喜临门了,0
2025/4/2 12:32,图片评论,0
2025/4/2 12:32,@黄霄雲 @黄霄雲的雲上面包坊 道歉，下架。,1
2025/4/2 12:32,给面子不要啊，非要工作室发声，今天回应了还死鸭子嘴硬，非要看到公章才罢休,1
2025/4/2 12:32,#华晨宇方称拒绝音乐版权擦边行为# 支持,0
2025/4/2 12:32,？,0
2025/4/2 12:32,你要的解释来了，三点五节搬运可能造不成法律追究，但会造成名声追究啊（搞创作的都知道自己的心血多重要更何况这是和歌迷共创的）。以前看音综我也看好黄霄云小姐觉得她有灵气，但现在是干了买碗面把碗和筷子搬走的事情。很难评，还看到了觉得拿走这点有什么的评论。我只能说，现在大家都还记得李袁杰和玖月晞，互联网也不是没有记忆的哈[比心][比心][比心],0
2025/4/2 12:32,不是的，是另一首华晨宇的歌，你可以去搜一下,0
2025/4/2 12:32,可我觉得不一样啊[捂脸][捂脸][捂脸],0
2025/4/2 12:32,这位小偷居然还是惯犯,1
2025/4/2 12:32,是华晨宇另外一首《孩子》的，黄拼到烟火里了,0
2025/4/2 12:32,多一些纯粹原创，少一些模糊“借鉴”。尊重音乐创作者的作品创意是原创音乐人的基本职业道德素养，每一份饱含心血的成果都应该被认可和保护。,0
2025/4/2 12:32,现在他们又开始说没指名道姓，真就连他们姐姐最后的脸皮都要撕下来华晨宇方还是太体面了,1
2025/4/2 12:32,保护华晨宇先生音乐版权！！！,0
2025/4/2 12:32,坚决维护华晨宇先生应有权益！公众人物应当提升个人素养，注重创作者版权意识。华晨宇方【从未】授权《孩子》相关版权，请黄小姐@黄霄雲 及工作室@黄霄雲的雲上面包坊 明确你方无《孩子》ending挪用/抄袭/改编的许可，请正面回应相关问题，我们需要公开道歉、购买相关使用版权、归还应有原创署名,1
2025/4/2 12:33,尊重原创！坚决维护华晨宇先生应有权益！公众人物应当提升个人素养，注重创作者版权意识。华晨宇方【从未】授权《孩子》相关版权，明确你方无《孩子》ending挪用/抄袭/改编的许可，请黄小姐@黄霄雲 及工作室@黄霄雲工作室 正面回应相关问题，我们需要公开道歉、购买相关使用版权、归还应有原创署名,0
2025/4/2 12:33,并不是的，《孩子》是《烟火里的尘埃》的一种续集,0
2025/4/2 12:33,黄霄云小偷,1
2025/4/2 12:33,拒绝音乐擦边行为！支持华晨宇维权,0
2025/4/2 12:33,《孩子》你们也是只字不提呀[尬笑][尬笑][赞][赞],0
2025/4/2 12:33,买了a的版权，但未经授权用了b的改编部分,1
2025/4/2 12:33,昨天隶属天娱传媒的歌迷会官号发的，属于给台阶下了,0
2025/4/2 12:33,尊重音乐创作者的作品创意是原创音乐人的基本职业道德素养，每一份饱含心血的成果都应该被认可和保护，支持华晨宇维权??,0
2025/4/2 12:33,尊重原创！！！,0
2025/4/2 12:33,拒绝音乐版权擦边行为。尊重音乐创作者的作品创意是原创音乐人的基本职业道德素养，每一份饱含心血的成果都应该被认可和保护@黄霄雲 [/cp],0
2025/4/2 12:33,音乐是底线！,0
2025/4/2 12:33,我去，还有这事情吗本华语演唱会博爱真的怒了,1
2025/4/2 12:33,坚决维护华晨宇先生应有权益！公众人物应当提升个人素养，注重创作者版权意识。华晨宇方【从未】授权《孩子》相关版权，请黄小姐@黄霄雲 及工作室@黄霄雲的雲上面包坊 明确你方无《孩子》ending挪用/抄袭/改编的许可，请正面回应相关问题，我们需要公开道歉、购买相关使用版权、归还应有原创署名。,1
2025/4/2 12:33,黄大裁缝,0
2025/4/2 12:33,支持华晨宇维权！多一些纯粹原创，少一些模糊“借鉴”。尊重音乐创作者的作品创意是原创音乐人的基本职业道德素养，每一份饱含心血的成果都应该被认可和保护。,0
2025/4/2 12:33,偷歌？,1
2025/4/2 12:33,请@黄霄雲 @黄霄雲的雲上面包坊 停止侵害、停止颠倒黑白、停止混淆视听，不问自取吟唱片段视为偷，我方拒绝音乐版权擦边行为。,1
2025/4/2 12:33,先礼后兵还是太体面了,1
2025/4/2 12:33,她们就是想碰瓷和我们撕一战让自己升咖，还希望等时间过去之后把华晨宇原创的吟唱变成自己的,1
2025/4/2 12:33,当年帮她说话终究是我错付了,1
2025/4/2 12:33,她说的授权也是避重就轻非不承认自己的恶劣行为，还说我们后援三无声明，现在我们工作室出面就开心了,1
2025/4/2 12:33,避重就轻不是解决问题的方式，拒绝音乐版权擦边行为????请黄女士正面回应@黄霄雲的雲上面包坊 @黄霄雲 #华晨宇 黄霄云#,1
2025/4/2 12:33,结果是这样，主动沟通无果,0
2025/4/2 12:33,本来挺喜欢黄霄云的 直到这件事[黑脸][尬笑],1
2025/4/2 12:33,拒绝音乐版权擦边行为。尊重音乐创作者的作品创意是原创音乐人的基本职业道德素养，每一份饱含心血的成果都应该被认可和保护，坚决支持华晨宇方维权！,0
2025/4/2 12:33,去听了。结尾吟唱部分和华那段一模一样,0
2025/4/2 12:33,算 人家工作室都发了,0
2025/4/2 12:33,拒绝擦边球式侵权！支持华晨宇维权！,0
2025/4/2 12:34,拒绝音乐版权擦边行为，@黄霄雲 正面回应,0
2025/4/2 12:34,最容易被超越的歌手…,1
2025/4/2 12:34,确实，路转黑了，真的是让人讨厌,1
2025/4/2 12:34,给脸不要脸的典型,1
2025/4/2 12:34,@黄霄雲（巡演版） @好想吃面包蛋糕芝士 出来解释！,1
2025/4/2 12:34,@黄霄雲 @黄霄雲的雲上面包坊 道歉，下架。#华晨宇方称拒绝音乐版权擦边行为# #华晨宇 黄霄云#,1
2025/4/2 12:34,黄裁女,1
2025/4/2 12:34,@黄霄雲的雲上面包坊 @黄霄雲 说话,0
2025/4/2 12:34,之前唱过张靓颖特别多的歌，后面粉丝翻脸不认人还在b站发视频造张靓颖黄谣,1
2025/4/2 12:34,拒绝擦边，请尊重原创#华晨宇方称拒绝音乐版权擦边行为#,0
2025/4/2 12:34,@黄霄雲的雲上面包坊 @黄霄雲 @好想吃面包蛋糕芝士 请停止你方的无赖行为，道歉下架。,1
2025/4/2 12:34,获得A歌授权但没有B歌旋律授权，黄女士擅自裁接进自己翻唱A歌的版本里，是侵权哟而且主动沟通一天未达成有效共识，好尴尬啊,0
2025/4/2 12:34,#华晨宇方称拒绝音乐版权擦边行为# @黄霄雲 @黄霄雲的雲上面包坊 道歉，下架。,0
2025/4/2 12:34,昨天给台阶了呢，就是不下,1
2025/4/2 12:34,说得好,0
2025/4/2 12:34,粉丝唱的挺好听的[赞],0
2025/4/2 12:34,请道歉、下架@黄霄雲,1
2025/4/2 12:34,@黄霄雲 @黄霄雲的雲上面包坊 道歉，下架。,1
2025/4/2 12:34,本来还以为她是个好的，怎么这样啊[难过],1
2025/4/2 12:34,从来没有期待过??，它的歌在正常人那里都不过关,1
2025/4/2 12:34,道歉！,0
2025/4/2 12:34,？道德人品也有问题哈，剽窃别人劳动成果还没错？法律之外也有法规，规定，也有道德约束哈,1
2025/4/2 12:34,尊重原创！坚决维护华晨宇先生应有权益！公众人物应当提升个人素养，注重创作者版权意识。华晨宇方【从未】授权《孩子》相关版权，请@黄霄雲 及工作室@黄霄雲的雲上面包坊 明确你方无《孩子》ending挪用/抄袭/改编的许可，请正面回应相关问题，我们需要公开道歉、购买相关使用版权、归还应有原创署名。,1
2025/4/2 12:34,支持华晨宇维权！！！,0
2025/4/2 12:34,这辈子最火的两天@黄霄雲,0
2025/4/2 12:34,@黄霄雲 @黄霄雲的雲上面包坊 道歉！下架！#华晨宇方称拒绝音乐版权擦边行为#,1
2025/4/2 12:34,#华晨宇方称拒绝音乐版权擦边行为#,0
2025/4/2 12:34,黄裁缝,0
2025/4/2 12:34,@黄霄雲 道歉！下架！,1
2025/4/2 12:34,@黄霄雲 @黄霄雲的雲上面包坊 道歉，下架,1
2025/4/2 12:34,拿我们的版本出歌卖的钱怎么算！赔钱！,1
2025/4/2 12:34,#华晨宇方称拒绝音乐版权擦边行为# 道歉 下架！,0
2025/4/2 12:34,对。#华晨宇方称拒绝音乐版权擦边行为#,0
2025/4/2 12:34,请你不要到处偷偷@黄霄雲的雲上面包坊 @黄霄雲,1
2025/4/2 12:34,禁止音乐擦边球行为！,0
2025/4/2 12:34,最後的一個點才是重點啊！細思極恐,0
2025/4/2 12:34,拒绝擦边@黄霄雲 @黄霄雲的雲上面包坊 出来道歉??,1
2025/4/2 12:34,尊重原创！坚决维护华晨宇先生应有权益！公众人物应当提升个人素养，注重创作者版权意识。华晨宇方从未授权《孩子》相关版权，请黄小姐@黄霄雲 及工作室@黄霄雲的雲上面包坊 明确你方无《孩子》ending挪用/抄袭/改编的许可，请正面回应相关问题，我们需要公开道歉、购买相关使用版权、归还应有原创署名,1
2025/4/2 12:34,道歉！下架！@黄霄雲 @黄霄雲的雲上面包坊,1
2025/4/2 12:34,什么借鉴，就是纯抄袭,1
2025/4/2 12:34,中央音乐学院毕业的高裁生现在就在台下，让我们用倒彩把这位裁女请上来好吗,1
2025/4/2 12:35,支持华晨宇维权，拒绝音乐版权擦边！出来道歉！！！@黄霄雲 @黄霄雲的雲上面包坊,1
2025/4/2 12:35,出来道歉@黄霄雲 @黄霄雲的雲上面包坊,1
2025/4/2 12:35,还无耻的写上是她吟唱编写，属实没想到她是这种人,1
2025/4/2 12:35,@黄霄雲 @黄霄雲的雲上面包坊 多一些纯粹原创，少一些模糊“借鉴”。尊重音乐创作者的作品创意是原创音乐人的基本职业道德素养，每一份饱含心血的成果都应该被认可和保护。,0
2025/4/2 12:35,华晨宇tmd是原创！！！黄霄云算个啥呀？真服了…没理硬杠是吧,1
2025/4/2 12:35,#华晨宇方称拒绝音乐版权擦边行为# @黄霄雲 @黄霄雲的雲上面包坊,0
2025/4/2 12:35,#华晨宇方称拒绝音乐版权擦边行为# 出来道歉！不要避重就轻！！@黄霄雲 @黄霄雲的雲上面包坊,1
2025/4/2 12:35,道歉，下架,1
2025/4/2 12:35,#华晨宇方称拒绝音乐版权擦边行为#@黄霄雲 @黄霄雲的雲上面包坊 道歉，下架。,0
2025/4/2 12:35,我是火星人，我支持维权,0
2025/4/2 12:35,拒绝音乐版权擦边行为。尊重音乐创作者的作品创意是原创音乐人的基本职业道德素养，每一份饱含心血的成果都应该被认可和保护@黄霄雲,0
2025/4/2 12:35,@黄霄雲 @黄霄雲的雲上面包坊 道歉下架,1
2025/4/2 12:35,拒绝擦边球式侵权！支持华晨宇维权！,0
2025/4/2 12:35,给个台阶不下没见过这么蠢的，非得工作室，行了这下回应了，然后都知道她是乐坛偷子过街老鼠啦,1
2025/4/2 12:35,#华晨宇方称拒绝音乐版权擦边行为#,0
2025/4/2 12:35,尊重原创！坚决维护华晨宇先生应有权益！公众人物应当提升个人素养，注重创作者版权意识。华晨宇方【从未】授权《孩子》相关版权，请@黄霄雲 及工作室@黄霄雲的雲上面包坊 明确你方无《孩子》ending挪用/抄袭/改编的许可，请正面回应相关问题，我们需要公开道歉、购买相关使用版权、归还应有原创署名。,0
2025/4/2 12:35,路人吃瓜请看,0
2025/4/2 12:35,@黄霄雲 @黄霄雲的雲上面包坊 道歉，下架。,1
2025/4/2 12:35,黄裁缝，偷女,1
2025/4/2 12:35,热搜最高的一次，待的最久的一次努力了黑红也是红,1
2025/4/2 12:35,尊重原创！坚决维护华晨宇应有权益！公众人物应当提升个人素养，注重创作者版权意识。华晨宇方【从未】授权《孩子》相关版权，请@黄霄雲 及工作室@黄霄雲的雲上面包坊 明确你方无《孩子》ending挪用/抄袭/改编的许可，请正面回应相关问题，我们需要公开道歉、购买相关使用版权、归还应有原创署名。,0
2025/4/2 12:35,@黄霄雲 @黄霄雲的雲上面包坊 道歉，下架,1
2025/4/2 12:35,华晨宇授权翻唱的是《烟火里的尘埃》，她把另外一首歌《孩子》搬进去，说是自己原创，小偷，支持原创，拒绝抄袭,1
2025/4/2 12:35,@黄霄雲的雲上面包坊 @黄霄雲 说话，looking my eyes,1
2025/4/2 12:35,华晨宇受害方还主动沟通，谁知对面仗着打擦边球就不承认以后各家小心别被偷了,1
2025/4/2 12:35,@黄霄雲的雲上面包坊 @黄霄雲 道歉 下架,1
2025/4/2 12:35,支持华晨宇先生维权！！！拒绝一切买瓜偷桃的侵权行为?,0
2025/4/2 12:35,道歉！！ @黄霄雲的雲上面包坊 @黄霄雲#华晨宇方称拒绝音乐版权擦边行为#,0
2025/4/2 12:35,道歉，下架#华晨宇方称拒绝音乐版权擦边行为#,0
2025/4/2 12:35,支持华晨宇维权，拒绝法律擦边球！@黄霄雲 @黄霄雲的雲上面包坊 下架歌曲并道歉！,1
2025/4/2 12:35,@黄霄雲 @黄霄雲的雲上面包坊 敢不敢出来说话,1
2025/4/2 12:35,道歉，下架@黄霄雲的雲上面包坊 @黄霄雲 #华晨宇方称拒绝音乐版权擦边行为#,1
2025/4/2 12:35,我没听过孩子，可能理解有误，不过烟火里的尘埃很火我听过，他们俩吟唱的旋律我听着就是烟火里的尘埃里面的一段啊,0
2025/4/2 12:35,作为华晨宇歌迷，我们坚决维护华晨宇先生的音乐，对音乐版权侵害0容忍！,0
2025/4/2 12:35,抄袭照搬是小事？这是2025年吗？这个行为不违法但缺德[抠鼻]不违法也仅仅是因为不到四小节，抄袭了三小节[抠鼻],1
2025/4/2 12:35,认不认都已经输了，毕竟音乐裁缝也要人家授权,1
2025/4/2 12:35,拒绝音乐版权擦边行为 支持原创,0
2025/4/2 12:35,#华晨宇方称拒绝音乐版权擦边行为# 不问自取就是偷，明知故犯的版权问题不容姑息！支持华晨宇维权，请@黄霄雲 下架并道歉,1
2025/4/2 12:35,我们花花是挺好说话的，但不是这么用的[再见],1
2025/4/2 12:35,拒绝音乐版权擦边行为，支持原创,0
2025/4/2 12:36,@黄霄雲的雲上面包坊,0
2025/4/2 12:36,@黄霄雲的雲上面包坊 @黄霄雲 说话,0
2025/4/2 12:36,#华晨宇方称拒绝音乐版权擦边行为#  道歉！下架！@黄霄雲 @黄霄雲的雲上面包坊,0
2025/4/2 12:36,【华语乐坛请避雷】??【华语乐坛请避雷】 来自华晨宇先生亲身经历，如果你把作品授权给黄霄云翻唱，她不仅会全平台营/销她是最强女版，她还会偷偷将你别的歌的旋律设计和创意挪为己用，并且光明正大的署名自己。,1
2025/4/2 12:36,胖能发下原图吗？,0
2025/4/2 12:36,没听过《孩子》不应该啊，18年那么火的歌，火姐不都听过吗？初代火姐怎么版权都不买全了？,1
2025/4/2 12:36,音乐是底线！华晨宇歌迷坚决维护歌手华晨宇的音乐！ @黄霄雲 道歉！下架侵权作品！,1
2025/4/2 12:36,支持华晨宇维权，拒绝音乐版权擦边！出来道歉！！！@黄霄雲 @黄霄雲的雲上面包坊,1
2025/4/2 12:36,报听，破音了，有视频,1
2025/4/2 12:36,出来道歉！！！歌曲下架！！！给自己留点职业素养！！！@黄霄雲 @黄霄雲的雲上面包坊,1
2025/4/2 12:36,出来回应[舔屏][舔屏],1
2025/4/2 12:36,#华晨宇方称拒绝音乐版权擦边行为#,0
2025/4/2 12:36,#华晨宇方称拒绝音乐版权擦边行为# 道歉????下架????@黄霄雲,0
2025/4/2 12:36,已经给过脸 她不要罢了粉丝还要死嘴硬 打脸来得太及时了,1
2025/4/2 12:36,18年在歌手节目上唱的时候，华晨宇就自己写了一段旋律给《孩子》这首歌，放在结尾部分，并重新编写和声。2018年演唱会上华晨宇及其歌迷合唱《烟火里的尘埃》时首次将这个段落用于《烟火里的尘埃》结尾，后在历年演唱会上多次合唱，它代表着华晨宇与歌迷们的重要回忆。,0
2025/4/2 12:36,尊重音乐创作者作品是基本音乐人职业道德拒绝一切音乐擦边行为！,0
2025/4/2 12:36,禁止擦边行为,0
2025/4/2 12:36,请给华晨宇道歉！,1
2025/4/2 12:36,大家大和解一致对外吧，喜欢火星团结友爱氛围的人哭了,0
2025/4/2 12:36,@黄霄雲 @黄霄雲的雲上面包坊 道歉，下架,1
2025/4/2 12:36,支持华晨宇维权,0
2025/4/2 12:36,从此黄霄雲女士与小偷绑定了哈,1
2025/4/2 12:36,说一句借鉴就能将别人的劳动成果纳为己用，太可耻了！！！,1
2025/4/2 12:36,[黑脸]烟火里的尘埃一直都挺火的呀，我不追星，去ktv都经常唱[泪奔]。,0
2025/4/2 12:36,多一些纯粹原创，少一些模糊“借鉴”。尊重音乐创作者的作品创意是原创音乐人的基本职业道德素养，每一份饱含心血的成果都应该被认可和保护。,0
2025/4/2 12:36,#华晨宇方称拒绝音乐版权擦边行为#  黄裁缝不要脸。希望歌手圈各家当心了。说不定哪天就被黄裁缝盯上。,1
2025/4/2 12:36,【黄霄偷】【裁缝女】#华晨宇方称拒绝音乐版权擦边行为#,1
2025/4/2 12:36,拒绝音乐版权擦边行为,0
2025/4/2 12:36,恭喜恭喜,0
2025/4/2 12:36,音乐是底线，寸步不让，不能纵容这种无耻行为，我们会抗争到底，支持华晨宇维权????,0
2025/4/2 12:36,#华晨宇方称拒绝音乐版权擦边行为# //@全世界最爱那只小猫:拒绝音乐版权擦边 尊重原创音乐 请@黄霄雲 @黄霄雲的雲上面包坊 道歉,1
2025/4/2 12:36,给我道歉@黄霄雲 ,1
2025/4/2 12:36,尊重音乐创作者的作品创意是原创音乐人的基本职业道德素养，每一份饱含心血的成果都应该被认可和保护。 ,0
2025/4/2 12:37,"拒绝音乐版权擦边行为。尊重音乐创作者的作品创意是原创音乐人的基本职业道德素养，每一份饱含心血的成果都应该被认可和保护。
道歉！",0
2025/4/2 12:37,保护华晨宇先生音乐版权！！支持维权！！！,0
2025/4/2 12:37,哈哈哈哈哈我算是开了眼界了，原来工作室会因为迎合粉丝发这种说了等于没说的“声明”啊，为什么不指名道姓啊，是怕被抓到证据被告么[看],1
2025/4/2 12:37,还初代火姐 初你妹,1
2025/4/2 12:37,科班出身就别给学校抹黑多一些纯粹原创，少一些模糊“借鉴”。,1
2025/4/2 12:37,@黄霄雲的雲上面包坊 @黄霄雲 怎么突然不上网了？,0
2025/4/2 12:37,坚决维护华晨宇先生应有权益！公众人物应当提升个人素养，注重创作者版权意识。华晨宇方【从未】授权《孩子》相关版权，请黄小姐@黄霄雲 及工作室@黄霄雲的雲上面包坊 明确你方无《孩子》ending挪用/抄袭/改编的许可，请正面回应相关问题，我们需要公开道歉、购买相关使用版权、归还应有原创署名。 小...全文,1
2025/4/2 12:37,坚决维护华晨宇先生应有权益！公众人物应当提升个人素养，注重创作者版权意识。华晨宇方【从未】授权《孩子》相关版权，请黄小姐@黄霄雲 及工作室@黄霄雲的雲上面包坊 明确你方无《孩子》ending挪用/抄袭/改编的许可，请正面回应相关问题，我们需要公开道歉、购买相关使用版权、归还应有原创署名。,1
2025/4/2 12:37,我方坚持立场：避重就轻不是解决问题的方式，同时拒绝音乐版权擦边行为。我们一直秉持开放的心态欢迎优秀音乐人交流共进，但与此同时希望音乐作品能够多一些纯粹原创，少一些模糊“借鉴”。尊重音乐创作者的作品创意是原创音乐人的基本职业道德素养，每一份饱含心血的成果都应该被认可和保护。,0
2025/4/2 12:37,支持华晨宇音乐维权??请尊重原创音乐??抄袭是对音乐的亵渎??#华晨宇方称拒绝音乐版权擦边行为#,0
2025/4/2 12:37,@黄霄雲的雲上面包坊 @黄霄雲 出来道歉 下架,1
2025/4/2 12:37,支持华晨宇先生音乐版权@华晨宇yu,0
2025/4/2 12:37,@沉溺柏林的冬 救命连花都被这样那以后那些小歌手被抄袭怎么办[憨笑]。。。。,0
2025/4/2 12:37,@黄霄雲 脸呢？道歉哈,1
2025/4/2 12:37,尊重原创！坚决维护华晨宇先生应有权益！公众人物应当提升个人素养，注重创作者版权意识。华晨宇方【从未】授权《孩子》相关版权，请黄小姐@黄霄雲 及工作室@黄霄雲工作室 明确你方无《孩子》ending挪用/抄袭/改编的许可，请正面回应相关问题，我们需要公开道歉、购买相关使用版权、归还应有原创署名。,1
2025/4/2 12:37,#华晨宇方称拒绝音乐版权擦边行为# #华晨宇方称拒绝音乐版权擦边行为#拒绝音乐版权擦边行为。做音乐要懂得尊重创作。尊重音乐创作者的作品创意是原创音乐人的基本素养。尊重原创，支持维权！ ,0
2025/4/2 12:37,支持华晨宇先生维权！！！拒绝一切买瓜偷桃的侵权行为?,0
2025/4/2 12:37,不问自取就是偷！@黄霄雲 发声明不要偷换概念，出来道歉！,1
2025/4/2 12:37,尊重原创！坚决维护华晨宇先生应有权益！公众人物应当提升个人素养，注重创作者版权意识。华晨宇方【从未】授权《孩子》相关版权，明确你方无《孩子》ending挪用/抄袭/改编的许可，请黄小姐@黄霄雲 及工作室@黄霄雲工作室 正面回应相关问题，我们需要公开道歉、购买相关使用版权、归还应有原创署名,1
2025/4/2 12:37,@黄霄雲 @黄霄雲的雲上面包坊 道歉和声编写改成华晨宇先生,1
2025/4/2 12:37,支持华晨宇维权，拒绝音乐版权擦边！出来道歉！！！@黄霄雲 @黄霄雲的雲上面包坊,1
2025/4/2 12:37,法师不会唱歌，掺合乐坛的事干嘛？应该回去民俗领域发光发热,1
2025/4/2 12:37,#华晨宇方称拒绝音乐版权擦边行为# 道歉，下架@黄霄雲 @黄霄雲的雲上面包坊,0
2025/4/2 12:37,#华晨宇方称拒绝音乐版权擦边行为# 拒绝音乐版权擦边行为。尊重音乐创作者的作品创意是原创音乐人的基本职业道德素养！,0
2025/4/2 12:37,道歉！下架！@黄霄雲,1
2025/4/2 12:37,甚至昨天华晨宇工作室找黄霄云方主动沟通的时候，黄霄云粉丝还嘴硬说华晨宇就应该无偿给黄霄云使用，真是脸都不要了,1
2025/4/2 12:37,太丢脸了 对面粉丝现在什么心情,1
2025/4/2 12:38,支持华晨宇维权,0
2025/4/2 12:38,@黄霄雲 @黄霄雲的雲上面包坊 道歉，下架,1
2025/4/2 12:38,拒绝音乐版权擦边行为，做音乐要懂得尊重创作，尊重音乐创作者的作品创意是原创音乐人的基本素养。,0
2025/4/2 12:38,例子举得好,0
2025/4/2 12:38,#华晨宇方称拒绝音乐版权擦边行为# @黄霄雲 @黄霄雲的雲上面包坊 道歉，下架。,0
2025/4/2 12:38,等着吃官司吧,1
2025/4/2 12:38,#华晨宇方称拒绝音乐版权擦边行为# @黄霄雲 @黄霄雲的雲上面包坊 道歉，下架,0
2025/4/2 12:38,请正面回应,0
2025/4/2 12:38,她粉丝求锤得锤 不想让姐姐混了 ,1
2025/4/2 12:38,华晨宇的音乐你可以翻唱，但是你敢动版权，就别怪俺们不客气了，音乐是绝对的底线，道歉，下架！,1
2025/4/2 12:38,你知道的，我们很少同时夸三个。,0
2025/4/2 12:38,黄小姐有这功夫不如提升一下自己的实力哈,1
2025/4/2 12:38,要有基本道德素养黄女士@黄霄雲,1
2025/4/2 12:38,支持华晨宇维权！,0
2025/4/2 12:38,必须的,0
2025/4/2 12:38,華晨宇工作室發文已經出來了，沒有提告，說溝通無果，具體溝通啥內容也沒說，是要求黃霄雲方做啥或是下架翻唱都沒講，然後對於已經演變成網暴的部分粉絲行為也未出言勸阻，如果黃霄雲方站得住腳，建議直接走法律途徑吧,0
2025/4/2 12:38,黄霄雲你可真裁缝啊，偷偷一偷偷,1
2025/4/2 12:38,必养来蹭热度的吧,1
2025/4/2 12:38,支持华晨宇先生维权！！！拒绝一切买瓜偷桃的侵权行为?,0
2025/4/2 12:38,@圈内新娱,0
2025/4/2 12:38,@黄霄雲 @黄霄雲的雲上面包坊 道歉 下架,1
2025/4/2 12:38,@黄霄雲 @黄霄雲的雲上面包坊 出来道歉！,1
2025/4/2 12:38,哇！这声音太强大了,0
2025/4/2 12:38,@黄霄雲的雲上面包坊 @黄霄雲 @好想吃面包蛋糕芝士 请停止你方的无赖行为，道歉下架。,1
2025/4/2 12:38,烟火里的尘埃尾段这个吟唱旋律形式是属于华晨宇的首次、独创性的改编。歌手版《孩子》的编曲中他是有署名的。在公开场合演出即具有著作权，无论是这段吟唱形式的独创性，和放在小烟结尾这一做法创意。黄歌手就是照搬唱了发表但未署原创名，你唱了就算了，你还标自己创作的。,1
2025/4/2 12:38,就怕买不上票,0
2025/4/2 12:38,哈哈哈哈哈哈哈哈,0
2025/4/2 12:38,@抑郁小薯条.,0
2025/4/2 12:38,以为是才女，原来是裁缝[色],1
2025/4/2 12:38,借鉴这个词也算是维护了黄的面子了,1
2025/4/2 12:38,拒绝音乐版权擦边，道歉，下架@黄霄雲 @黄霄雲的雲上面包坊,1
2025/4/2 12:38,我是黄霄雲10年粉丝。这件事情黄霄雲确实不占理 只希望双方工作室赶紧洽谈 实在不行把这首歌下架 如果要出一个自己的版本，那就删掉后面吟唱那段重录一版就行。,0
2025/4/2 12:39,支持花花！！！！[比心],0
2025/4/2 12:39,@黄霄雲的雲上面包坊 @黄霄雲 道歉，下架！,1
2025/4/2 12:39,为啥翻唱别人的歌 还不是因为自己没歌 标榜自己是原唱歌手但是写不出来歌 真悲哀,1
2025/4/2 12:39,@黄霄雲的雲上面包坊 @黄霄雲 道歉，下架,1
2025/4/2 12:39,唱的再好，人品不好有用嗎？,1
2025/4/2 12:39,太痛了，论这些年火姐扶的贫,0
2025/4/2 12:39,欢迎来火星啊～   4.5/4.6西安演唱会  5.2-5.4佛山乐园演唱会,0
2025/4/2 12:39,#华晨宇方称拒绝音乐版权擦边行为# 音乐是底线，侵权零容忍！,0
2025/4/2 12:39,道歉！下架！,1
2025/4/2 12:39,拒绝擦边行为,0
2025/4/2 12:39,这是违法的行为的，他为啥不用自己的歌而去偷人家的歌呢？歌手能做这样的行为吗好丢脸,1
2025/4/2 12:39,侵权行为0容忍！道歉，下架侵权音源！@黄霄雲 @黄霄雲的雲上面包坊,1
2025/4/2 12:39,尊重原创！坚决维护华晨宇先生应有权益！公众人物应当提升个人素养，注重创作者版权意识。华晨宇方【从未】授权《孩子》相关版权，请@黄霄雲 及工作室@黄霄雲的雲上面包坊 明确你方无《孩子》ending挪用/抄袭/改编的许可，请正面回应相关问题，我们需要公开道歉、购买相关使用版权、归还应有原创署名。,1
2025/4/2 12:39,清汤大老爷,0
2025/4/2 12:39,道歉下架@黄霄雲 @黄霄雲的雲上面包坊,0
2025/4/2 12:39,好听不就行了吗，歌手唱歌不就是给我们听的吗,0
2025/4/2 12:39,尊重原创，拒绝擦边，下架！道歉！#华晨宇方称拒绝音乐版权擦边行为#,0
2025/4/2 12:39,怎么说,0
2025/4/2 12:39,#华晨宇方称拒绝音乐版权擦边行为#,0
2025/4/2 12:39,又在乱说什么，那段本来就是烟火里的旋律  ，你到底懂不懂行？,1
2025/4/2 12:39,支持华晨宇维权,0
2025/4/2 12:39,@黄霄雲 @黄霄雲的雲上面包坊 道歉，下架#华晨宇方称拒绝音乐版权擦边行为#,1
2025/4/2 12:39,音乐是底线，拒绝音乐版权擦边，创作不易，支持华晨宇维权！！剽窃行为不可取,0
2025/4/2 12:39,很直观，一模一样啊,0
2025/4/2 12:39,黄霄雲直接复制了华晨宇live版本尾奏吟唱的独创性编排，但未给华晨宇标注和声编写，而是只写了自己，实际是使用了他人的受版权保护的其它原创内容，需向华晨宇的live改编部分补充授权@黄霄雲的雲上面包坊,1
2025/4/2 12:39,up!,0
2025/4/2 12:39,接好了这辈子最有热度的几天[捂脸],0
2025/4/2 12:39,道歉，下架。@黄霄雲 @黄霄雲的雲上面包坊 #华晨宇方称拒绝音乐版权擦边行为#,1
2025/4/2 12:39,#华晨宇方称拒绝音乐版权擦边行为# @黄霄雲的雲上面包坊 @黄霄雲 @好想吃面包蛋糕芝士 请停止你方的无赖行为，道歉下架。,1
2025/4/2 12:39,还借鉴呢 纯搬运,1
2025/4/2 12:39,谁火她就是谁的粉丝,1
2025/4/2 12:39,这个裁女不一般： 创作吊打毛不易，唱功碾压单依纯。 摇滚巨嗓干希林，全面超越张靓颖。  十年归来，仍是天后预备役加油，下一站舔后,1
2025/4/2 12:39,@黄霄雲 说话我姐叫你呢,0
2025/4/2 12:39,她粉丝最重要的是小升初[尬笑],0
2025/4/2 12:39,@黄霄雲 @黄霄雲的雲上面包坊 多一些纯粹原创，少一些模糊“借鉴”。尊重音乐创作者的作品创意是原创音乐人的基本职业道德素养，每一份饱含心血的成果都应该被认可和保护。,0
2025/4/2 12:39,坚决维护歌手华晨宇的音乐！！,0
2025/4/2 12:39,@黄霄雲 道歉，下架侵权内容@黄霄雲的雲上面包坊 #华晨宇方称拒绝音乐版权擦边行为#,0
2025/4/2 12:40,道歉，下架。@黄霄雲 @黄霄雲的雲上面包坊,1
2025/4/2 12:40,#华晨宇黄霄云方未能达成共识# 拒绝音乐版权擦边行为！@黄霄雲 请尊重原创音乐,0
2025/4/2 12:40,孩子很火的 西楼的歌  他们关系很好,0
2025/4/2 12:40,说话[比心],0
2025/4/2 12:40,所以这次才这么有恃无恐，因为没受到惩罚吧,1
2025/4/2 12:40,支持华晨宇维权,0
2025/4/2 12:40,@黄霄雲 @黄霄雲的雲上面包坊 道歉！下架,1
2025/4/2 12:40,支持原创！！！！,0
2025/4/2 12:40,他们好像真的很狠你@黄霄雲 ，想送你永远走啊,1
2025/4/2 12:40,道歉下架 装死是最差的解决办法@黄霄雲 @黄霄雲的雲上面包坊,1
2025/4/2 12:40,尊重原创！坚决维护华晨宇先生应有权益！公众人物应该提升个人素养，注重创作者版权意识。华晨宇方【从未】授权《孩子》相关版权，请@黄霄雲 及工作室@黄霄雲的雲上面包坊 明确你方无《孩子》ending挪用/抄袭/改编的许可，请正面回应相关问题，我们需要公开道歉、购买相关使用版权、归还应有原创署名。,1
2025/4/2 12:40,糊坛裁女，太有裁了,1
2025/4/2 12:40,#华晨宇方称拒绝音乐版权擦边行为#,0
2025/4/2 12:40,黄霄雲方已取得授权，带有公章，具有法律效应。2015时西楼郑楠就写出编曲，这段和声来自西楼郑楠编曲的电吉他旋律里，华晨宇把这段电吉他和声放在华晨宇没有词曲版权的翻唱的《孩子》结尾，并自诩为原创独创，未标注吟唱旋律来自西楼郑楠的电吉他旋律中。,1
2025/4/2 12:40,这不就是你们在我们家买了一个西瓜，顺手一个桃，我们问你为什么拿我们的桃子，你说给了西瓜的钱一样无理吗[憨笑],0
2025/4/2 12:40,所以她为什么唱JJ的歌,0
2025/4/2 12:40,支持华晨宇先生维权！！！拒绝一切买瓜偷桃的侵权行为?,0
2025/4/2 12:40,@黄霄雲 @黄霄雲的雲上面包坊 滚出来，躲着装密码呢,1
2025/4/2 12:40,面包啊[憨笑]我们家这么多年只要提到面包就一点是糊的哦[憨笑][鼓掌],0
2025/4/2 12:40,#华晨宇方称拒绝音乐版权擦边行为# 道歉，下架,0
2025/4/2 12:40,图片评论,0
2025/4/2 12:40,内娱歌手都避雷一下吧这种不承认的小偷没必要合作,1
2025/4/2 12:40,太形象了,0
2025/4/2 12:40,脸都不要了就是强占,1
2025/4/2 12:40,全是套路，黄霄雲这版权费算是白花了 ,1
2025/4/2 12:40,@黄霄雲的雲上面包坊 @黄霄雲 道歉，下架#华晨宇方称拒绝音乐版权擦边行为#,0
2025/4/2 12:40,必须维护华晨宇音乐权益,0
2025/4/2 12:40,一模一样 @黄霄雲 @黄霄雲的雲上面包坊 道歉，下架。,1
2025/4/2 12:40,up,0
2025/4/2 12:40,#华晨宇方称拒绝音乐版权擦边行为#  道歉，下架！！！@黄霄雲  @黄霄雲的雲上面包坊,0
2025/4/2 12:40,尊重原创！坚决维护华晨宇先生应有权益！公众人物应当提升个人素养，注重创作者版权意识。华晨宇方【从未】授权《孩子》相关版权，请黄小姐@黄霄雲 及工作室@黄霄雲工作室 明确你方无《孩子》ending挪用/抄袭/改编的许可，请正面回应相关问题，我们需要公开道歉、购买相关使用版权、归还应有原创署名。,1
2025/4/2 12:40,道歉！下架！#华晨宇方称拒绝音乐版权擦边行为#  #华晨宇 黄霄云#,0
2025/4/2 12:40,滚出来道歉@黄霄雲,1
2025/4/2 12:40,#华晨宇方称拒绝音乐版权擦边行为#@黄霄雲 @黄霄雲的雲上面包坊 道歉，下架。 ,0
2025/4/2 12:40,拒绝擦边球式音乐，坚决维护华晨宇音乐版权！,0
2025/4/2 12:41,别人都抄国外的当原创，这个是直接借鉴一段国内歌手的旋律还标榜自己原创吗[晕]，好不容易白一点又黑了,1
2025/4/2 12:41,道歉！,0
2025/4/2 12:41,"华晨宇全球歌迷会是歌迷自发组织的，并得到艺人经纪公司授权的非营利性民间组织，根据《社会团体印章管理规》规定，艺人团体不得使用公章，这是违法行为。华晨宇全球歌迷会发表严正声明代表的是歌迷的整体意志，具有官方权威性。
声明底下仅写了华晨宇全球歌迷会，而非艺人公司及其经纪公司，不需要加盖公章。其次华晨宇全球歌迷会有微博蓝v认证，蓝v是经过艺人经纪公司授权认证才有的，具有一定的官方属性。
请黄霄雲及其歌迷正式我放诉求，不要试图从严正声明中找你方自以为的逻辑漏洞，试图证明这不是官方，不具有代表性。",1
2025/4/2 12:41,拒绝音乐版权擦边行为。尊重音乐创作者的作品创意是原创音乐人的基本职业道德素养，每一份饱含心血的成果都应该被认可和保护@黄霄雲 出来道歉！,1
2025/4/2 12:41,明白人啊,0
2025/4/2 12:41,以后翻唱他的歌真得注意了，经他手的歌基本都被涂改过，埋过坑，你不知道哪些是原作者写的，哪些是他改的，翻唱他的版本你的一句一句买版权，看这一段是谁的，没歌词的也得买,0
2025/4/2 12:41,她就是红人粉 谁红爱谁 谁红蹭谁,1
2025/4/2 12:41,支持维权 0容忍,0
2025/4/2 12:41,up！,0
2025/4/2 12:41,尊重原创是最基本的底线问题，维权是每一个创作者的合法权益！,0
2025/4/2 12:41,支持原创！,0
2025/4/2 12:41,我也是，看了好声音，还有其他节目但就是一直不喜欢她[捂脸],0
2025/4/2 12:41,保护版权！！希望音乐能再多一些纯粹！！,0
2025/4/2 12:41,支持维权！！！,0
2025/4/2 12:41,@黄霄雲 @黄霄雲的雲上面包坊 道歉，下架！,1
2025/4/2 12:41,upup,0
2025/4/2 12:41,别，他们现在又叫着要盖章呢！盖不盖都掩盖不了他们是小偷的事实,1
2025/4/2 12:41,up,0
2025/4/2 12:41,可以的,0
2025/4/2 12:41,谁在偷歌啊,1
2025/4/2 12:41,@睡着也困 有点可怕真爱粉啊这都能扒出来,1
2025/4/2 12:41,确实，版权问题对于歌手来说已经是底线中的底线，希望业内从业者都能重视版权问题并尊重原创,0
2025/4/2 12:41,就一小偷,1
2025/4/2 12:41,@黄霄雲 @黄霄雲的雲上面包坊 道歉，下架。 #华晨宇方称拒绝音乐版权擦边行为#,1
2025/4/2 12:41,顶！,0
2025/4/2 12:41,华晨宇这个受害方还主动沟通，奈何黄女士就是要避重就轻，给脸不要，请问黄女士还有什么话好说呢@黄霄雲 @黄霄雲的雲上面包坊,1
2025/4/2 12:41,@黄霄雲 @黄霄雲的雲上面包坊 道歉，立刻下架,1
2025/4/2 12:41,黄霄雲方已取得授权，带有公章，具有法律效应。2015时西楼郑楠就写出编曲，这段和声来自西楼郑楠编曲的电吉他旋律里，华晨宇把这段电吉他和声放在华晨宇没有词曲版权的翻唱的《孩子》结尾，并自诩为原创独创，未标注吟唱旋律来自西楼郑楠的电吉他旋律中。,1
2025/4/2 12:41,坚决维护华晨宇先生音乐版权！,0
2025/4/2 12:41,热度大是真的，难看也是真的,0
2025/4/2 12:41,偷上了?,1
2025/4/2 12:41,讲真，20年歌手的时候就不喜欢黄了，那个时候看的观感就挺差的[偷笑][偷笑],1
2025/4/2 12:41,快道歉！@黄霄雲 @黄霄雲的雲上面包坊,1
2025/4/2 12:41,哈哈哈哈哈哈哈哈受不了了好搞笑,0
2025/4/2 12:41,尊重原创，拒绝擦边！,0
2025/4/2 12:41,翻唱无可厚非，抄袭就侵权了@黄霄雲的雲上面包坊 道歉,0
2025/4/2 12:41,#华晨宇方称拒绝音乐版权擦边行为#,0
2025/4/2 12:41,黄霄云这种行为在音乐圈算是臭名昭著了,1
2025/4/2 12:41,#华晨宇方称拒绝音乐版权擦边行为# @黄霄雲 @黄霄雲的雲上面包坊 道歉，下架！,1
2025/4/2 12:41,@黄霄雲 @黄霄雲的雲上面包坊 下架 出来道歉！当什么缩头??  #华晨宇方称拒绝音乐版权擦边行为#,1
2025/4/2 12:42,支持,0
2025/4/2 12:42,道歉下架，也别整改了直接下架，立刻马上@黄霄雲的雲上面包坊 @黄霄雲,1
2025/4/2 12:42,例子举得特别好，欢迎博主和感兴趣的吃瓜路人清明假期来西安听现场版《烟火里的尘埃》?《孩子》#华晨宇方称拒绝音乐版权擦边行为#,0
2025/4/2 12:42,你们要的官方,0
2025/4/2 12:42,upupup,0
2025/4/2 12:42,路人清汤大老爷,0
2025/4/2 12:42,你最好懂这歌Studio版和Live版的区别 不然别说话 暴露无知,1
2025/4/2 12:42,@月亮雪糕yu: @黄霄雲 @黄霄雲的雲上面包坊 多一些纯粹原创，少一些模糊“借鉴”。尊重音乐创作者的作品创意是原创音乐人的基本职业道德素养，每一份饱含心血的成果都应该被认可和保护。,0
2025/4/2 12:42,up,0
2025/4/2 12:42,@黄霄雲 @黄霄雲的雲上面包坊 道歉，全平台下架,1
2025/4/2 12:42,@黄霄雲 @黄霄雲的雲上面包坊,0
2025/4/2 12:42,华晨宇歌迷坚决保护华晨宇的音乐版权！,0
2025/4/2 12:42,支持华晨宇先生维权,0
2025/4/2 12:42,伪君子,1
2025/4/2 12:42,微博活人,1
2025/4/2 12:42,不是打广告，我们是打小偷,0
2025/4/2 12:42,只是合理阐述事实而已，我们的态度很明确了，支持良性翻唱，但不接受买了a歌的版权，却把未授权的b歌片段拼接在a歌后边并发行如果ab两首歌都要了授权没人会骂你自己的歌倒是吟唱片段出自哪里都标得清清楚楚，别人的歌就打擦边球是吧？,0
2025/4/2 12:42,看的我好想哭，熬出头了,0
2025/4/2 12:42,纯乱叫，尖叫，哪里有情感啊,1
2025/4/2 12:42,颜值有理[不看],0
2025/4/2 12:42,尊重音乐创作者的作品创意是原创音乐人的基本职业道德素养，每一份饱含心血的成果都应该被认可和保护，抄袭者就应该成为人人喊打的过街老鼠,0
2025/4/2 12:42,兄弟这次干得好！！！,0
2025/4/2 12:42,擦边球就那么好打，那么爱打是吗,1
2025/4/2 12:42,长了眼睛就睁开了看！,1
2025/4/2 12:42,合理维权，必须要支持,0
2025/4/2 12:42,尊重音乐创作者的作品创意是原创音乐人的基本职业道德素养，每一份饱含心血的成果都应该被认可和保护，华晨宇歌迷坚决维护歌手华晨宇的音乐??,0
2025/4/2 12:42,支持维权,0
2025/4/2 12:42,华晨宇歌迷坚决维护歌手华晨宇的音乐！ ,0
2025/4/2 12:42,笑死了[捂脸],0
2025/4/2 12:42,支持，hcy方面贼喊捉贼,1
2025/4/2 12:42,工作室也发了就一小时前,0
2025/4/2 12:42,道歉裁缝,0
2025/4/2 12:42,刚刚还遇到一个骂我们火星人低能儿的[尬笑]不是谁来看看到底谁才是啊[尬笑],1
2025/4/2 12:42,刚在官方看的,0
2025/4/2 12:42,黄霄雲唱得好听，高音绝了,0
2025/4/2 12:42,好久没看到华晨宇了，没想到这个已经出判决结果了,0
2025/4/2 12:42,up！,0
2025/4/2 12:42,拒绝音乐版权擦边！避重就轻不能解决问题 我方坚持立场！拒绝音乐版权擦边！ 每一份包含心血的成果都应该被认可和保护,0
2025/4/2 12:42,我们胖发话了#华晨宇方称拒绝音乐版权擦边行为#,0
2025/4/2 12:42,@黄霄雲 @黄霄雲的雲上面包坊 多一些纯粹原创，少一些模糊“借鉴”。尊重音乐创作者的作品创意是原创音乐人的基本职业道德素养，每一份饱含心血的成果都应该被认可和保护。,0
2025/4/2 12:42,#华晨宇方称拒绝音乐版权擦边行为#,0
2025/4/2 12:42,支持！,0
2025/4/2 12:42,华晨宇竟然还有这样的名誉权纠纷,1
2025/4/2 12:42,抵制不法行为！支持依法维权,0
2025/4/2 12:43,#华晨宇方称拒绝音乐版权擦边行为# @黄霄雲 @黄霄雲的雲上面包坊 道歉，下架。 ,0
2025/4/2 12:43,依法维权,0
2025/4/2 12:43,你的细思极恐是对的。这个烟火本来就很火，大家去听黄唱的版本，然后她唱的就有播放量，有了播放量她就可以光明正大的把这个烟火写成她的代表作，随着时间的推移有的人就会觉得这个歌就是她的原创，但是！群众的眼睛是雪亮的！我方也绝不容忍版权擦边的行为！,1
2025/4/2 12:43,删了吗[黑脸],1
2025/4/2 12:43,说“借鉴”都是好的了,0
2025/4/2 12:43,拒绝音乐版权擦边行为。尊重音乐创作者的作品创意是原创音乐人的基本职业道德素养，每一份饱含心血的成果都应该被认可和保护@黄霄雲,0
2025/4/2 12:43,#华晨宇方称拒绝音乐版权擦边行为# @黄霄雲 @黄霄雲的雲上面包坊 道歉，全平台下架,0
2025/4/2 12:43,#华晨宇方称拒绝音乐版权擦边行为# #华晨宇 黄霄雲# 尊重版权，尊重音乐，支持华晨宇维权,0
2025/4/2 12:43,up,0
2025/4/2 12:43,恭喜恭喜,0
2025/4/2 12:43,抵制网络暴力,0
2025/4/2 12:43,为了蹭热度，她已经是好几位歌手歌迷了呢！央音毕业啊，玩这么脏，真的好吗？,1
2025/4/2 12:43,事实不就是这样吗你还搁这儿不认输个什么劲耳朵听不出来吗[捂脸][捂脸][捂脸],1
2025/4/2 12:43,支持维权，尊重原创，拒绝音乐版权擦边行为！,0
2025/4/2 12:43,哪里好听了，现场唱得差点上不来气,1
2025/4/2 12:43,现在怎么说呢,0
2025/4/2 12:43,尊重创作者权利@黄霄雲,0
2025/4/2 12:43,支持华晨宇维权，拒绝法律擦边球,0
2025/4/2 12:43,@黄霄雲 @黄霄雲的雲上面包坊 道歉下架#华晨宇方称拒绝音乐版权擦边行为#,1
2025/4/2 12:43,爽吗,1
2025/4/2 12:43,主动沟通还死犟，真是没脸没皮，天下无敌了，你说是吧，“原创”音乐人黄女士@黄霄雲 ,1
2025/4/2 12:43,怎么回事真发声了你又不乐意,1
2025/4/2 12:43,不犯法，就是纯恶心人，擦边球啊，并且华晨宇方主动沟通无果已经发微博声明了[尬笑],1
2025/4/2 12:43,拒接音乐擦边！,0
2025/4/2 12:43,@黄霄雲 @黄霄雲的雲上面包坊 道歉，下架?,1
2025/4/2 12:43,华裁缝,0
2025/4/2 12:43,反正我是觉得挺无聊的，这都能闹起来,1
2025/4/2 12:43,？,0
2025/4/2 12:43,缝纫机啊，那挺时候和wyf作伴的,0
2025/4/2 12:43,@黄霄雲 道歉,1
2025/4/2 12:43,小偷~你不劳而获就走~,1
2025/4/2 12:43,不管是不是粉丝，作为一名歌手如此无视他人的创作成果，甚至已经到了要偷别人旋律占为己有的地步真的很恶劣了华晨宇维权都怎么困难，何况普通人呢,1
2025/4/2 12:43,哈哈哈哈哈哈哈哈哈哈,0
2025/4/2 12:43,多一些纯粹原创，少一些模糊“借鉴”。尊重音乐创作者的作品创意是原创音乐人的基本职业道德素养，每一份饱含心血的成果都应该被认可和保护。,0
2025/4/2 12:43,说这话还真是脸不红心不跳的,1
2025/4/2 12:43,拿授权这个事情做得不专业 、 清权内容不清晰,1
2025/4/2 12:43,华晨宇歌迷坚决支持华晨宇维权,0
2025/4/2 12:43,支持,0
2025/4/2 12:43,@…… @灰灰菜 @Doting. [尬笑]有小偷[尬笑]还说是自己编的和声，六百六十六,1
2025/4/2 12:43,不仅不想付钱，还说没吃炒面，指面为饭#华晨宇方称拒绝音乐版权擦边行为#,1
2025/4/2 12:43,#华晨宇方称拒绝音乐版权擦边行为# 道歉！下架！,0
2025/4/2 12:44,合法合规，但是擦边，道德败坏[看]，都说法律是最低道德标准,1
2025/4/2 12:44,抄袭姐的偶像原来是李袁杰,0
2025/4/2 12:44,笑死我了哈哈哈哈哈哈哈,0
2025/4/2 12:44,难道不承认就是没做吗#华晨宇黄霄雲双方未能达成有效共识# ,1
2025/4/2 12:44,华裁缝也是贼喊捉贼了,1
2025/4/2 12:44,#华晨宇方称拒绝音乐版权擦边行为# @黄霄雲 尊重原创，出来道歉，下架歌曲！,1
2025/4/2 12:44,当打之年PK毛不易被骂惨了，就是欺负人家毛不易不是唱高音的,1
2025/4/2 12:44,买《尘埃》的版权不等于还送一个《孩子》的版权哦[玫瑰][玫瑰][玫瑰],0
2025/4/2 12:44,哼哼几下就侵权。。我都不敢无病呻吟了[尬笑],0
2025/4/2 12:44,??唱的挺好听的,0
2025/4/2 12:44,她甚至都没张嘴[捂脸],1
2025/4/2 12:44,人家可不要脸呢,1
2025/4/2 12:44,要想搞这块，自己必须行得正，原来是跟米国一样，因为自己脏，所以觉得全世界都害他吧 笑死,1
2025/4/2 12:44,借鉴 说的已经够委婉了吧 怎么某些人还是这么不识好歹啊#华晨宇黄霄雲双方未能达成有效共识#,1
2025/4/2 12:44,支持华晨宇维权！！！拒绝模糊“借鉴”！！！,0
2025/4/2 12:44,没去扒谱，但是听完觉得不一样，而且构成抄袭一般都是有六到八个小节相同的情况下才成立，这一小段东西最多两三个小节，即使是一样，也压根没可能能告成抄袭 [泪奔]  顶多也就是粉丝或者工作室发微博谴责一下。,0
2025/4/2 12:44,呦，不是要看官方吗,0
2025/4/2 12:44,说白了 黄买了原唱的曲子 但是最后部分是华在另一个曲子的改编创作 黄照着原版唱一点毛病没有 但是就不该唱后面部分,1
2025/4/2 12:44,@黄霄雲 @黄霄雲的雲上面包坊 多一些纯粹原创，少一些模糊“借鉴”。尊重音乐创作者的作品创意是原创音乐人的基本职业道德素养，每一份饱含心血的成果都应该被认可和保护。,0
2025/4/2 12:44,姐姐啊 你这行为让我写论文的时候累死累活paraphrase和写citation像个笑话,1
2025/4/2 12:44,他们可能还忘了一条，卤蛋定律//@冯志海同志yu:她们粉丝还真是这目的,1
2025/4/2 12:44,@黄霄雲的雲上面包坊 @黄霄雲 出来道歉,1
2025/4/2 12:44,[你不大行]我的妈，还不支持原创？！以后更多原创被抄才满意啊[你不大行],1
2025/4/2 12:44,怎么 毕业论文还要给你抄啊[憨笑][鼓掌] 有没有点原创意识，人家的努力成果凭什么叫你拿走，什么都能拿那谁还写歌啊，反正写了别人一唱就算人家的了[憨笑],1
2025/4/2 12:44,“指面为饭”这个形容 哈哈哈哈哈哈哈 DBQ 我笑了 很精准,0
2025/4/2 12:44,@黄霄雲 @黄霄雲的雲上面包坊 道歉！,1
2025/4/2 12:44,我方坚持立场：避重就轻不是解决问题的方式，同时拒绝音乐版权擦边行为。我们一直秉持开放的心态欢迎优秀音乐人交流共进，但与此同时希望音乐作品能够多一些纯粹原创，少一些模糊“借鉴”。尊重音乐创作者的作品创意是原创音乐人的基本职业道德素养。,0
2025/4/2 12:44,黄干的这事真的太没道德了，翻唱烟火里的尘埃无可厚非，非要把华晨宇写的另一首歌缝进去说是黄霄云自己写的……那谁以后还敢授权黄霄云翻唱啊,1
2025/4/2 12:44,#华晨宇方称拒绝音乐版权擦边行为#,0
2025/4/2 12:44,哈哈哈哈哈哈哈笑死了,0
2025/4/2 12:44,没准毕业论文师从翟天临呢！央音之耻！[捂脸][捂脸][捂脸],1
2025/4/2 12:44,#华晨宇方称拒绝音乐版权擦边行为# 拒绝音乐版权擦边!!请正视创作者权益!,0
2025/4/2 12:45,花裁缝偷歌了,1
2025/4/2 12:45,这女的不知道为啥我老感觉她??,1
2025/4/2 12:45,支持华晨宇维权！,0
2025/4/2 12:45,华裁缝找孩子真是有一手,0
2025/4/2 12:45,@黄霄雲 @黄霄雲的雲上面包坊 道歉，下架。,1
2025/4/2 12:45,把你命给我，我也可以帮你发一条的哈,0
2025/4/2 12:45,作为华晨宇歌迷，我们坚决维护华晨宇先生的音乐，对音乐版权侵害0容忍。敬请黄霄雲女士及其团队正确使用授权，明确创作来源，切勿模糊重点。真挚希望各位从业人员尊重创作者权利，共同促进行业良性发展。,0
2025/4/2 12:45,#华晨宇方称拒绝音乐版权擦边行为# @黄霄雲 @黄霄雲的雲上面包坊 道歉！下架！,1
2025/4/2 12:45,刚发出去我就在微博看到了[猪头],1
2025/4/2 12:45,你不劳而获就走～～～～,1
2025/4/2 12:45,如果你是路人听听就得了，粉丝维权的事也别管。等你的劳动成果被偷窃你就懂了,1
2025/4/2 12:45,@黄霄雲 @黄霄雲的雲上面包坊 怎么哑巴了,1
2025/4/2 12:45,@黄霄雲 @黄霄雲的雲上面包坊 道歉！下架！,1
2025/4/2 12:45,@黄霄雲 @黄霄雲的雲上面包坊 说话啊你们,1
2025/4/2 12:45,支持！！请尊重歌手原创成果！尊重音乐,0
2025/4/2 12:45,拒绝擦边球式侵权！支持华晨宇维权！,0
2025/4/2 12:45,#华晨宇方称拒绝音乐版权擦边行为# 拒绝音乐版权擦边行为。尊重音乐创作者的作品创意是原创音乐人的基本职业道德素养，每一份饱含心血的成果都应该被认可和保护,0
2025/4/2 12:45,@黄霄雲 @黄霄雲的雲上面包坊 多一些纯粹原创，少一些模糊“借鉴”。避重就轻不是解决问题的方式，拒绝音乐版权擦边行为,1
2025/4/2 12:45,要华方主动沟通，说明黄霄云方根本没意识到或者说就是故意的,1
2025/4/2 12:45,主动沟通都无果，小偷到底在摆什么架子,1
2025/4/2 12:45,什么意思,0
2025/4/2 12:45,[偷笑]你在这里瞎说什么？完全不是一个意思呀，好不好？他需要打广告也用不着她[玫瑰],1
2025/4/2 12:45,你在叫什么？,1
2025/4/2 12:45,黄女士道歉,0
2025/4/2 12:46,翻唱就翻唱，还抄袭别人另一首歌说是自己原创的,1
2025/4/2 12:46,本身就是其和声，你只能说华晨宇使用了烟火里的尘埃的和声作为吟唱，不存在烟火里的尘埃抄袭了孩子的吟唱[做鬼脸],0
2025/4/2 12:46,那你把你的创作去给别人抄啊[紫薇别走],1
2025/4/2 12:46,干嘛要偷啊[愉快][愉快]真是不理解[愉快][愉快]有钱为什么不两首歌都买了啊[愉快][愉快][愉快],1
2025/4/2 12:46,黄霄云直接复制的是“特定旋律”。 法律界人士强调，若翻唱仅使用原词曲，授权已覆盖；但若改编涉及原唱者独创性演绎，则需额外授权,0
2025/4/2 12:46,道歉。拒绝音乐版权擦边行为。尊重音乐创作者的作品创意是原创音乐人的基本职业道德素养，每一份饱含心血的成果都应该被认可和保护@黄霄雲,0
2025/4/2 12:46,支持维权！,0
2025/4/2 12:46,細思極恐，双方昨天一日都在溝通，最后協調未果，但黃方卻在協商過程中，擅自先放出声明，“謊稱”已獲得“华晨宇先生”的授權！！不由令人懷疑是否早就打算據此炒熱度、搏流量？更可能“賊喊抓賊”，試圖先混淆公眾印象，以圖令黃女士成功“偷歌”/以后大家就以為那段吟唱是她原創，不知道她只是裁縫,1
2025/4/2 12:46,欢迎来火星演唱会！华晨宇在明日二时就说过：不要轻易标榜自己是原创，会带坏人的。没想到音乐学院的学生都会陷到这个大坑里！主要是原创拼命想拉她出来，她倒好，蹲坑里就是不愿意出来。也是绝了！,1
2025/4/2 12:46,黄裁缝,0
2025/4/2 12:46,华晨宇不需要黄霄云来打广告。谁迫不及待的想蹭很明显,1
2025/4/2 12:46,白浅这个视频配的好,0
2025/4/2 12:46,@黄霄雲 @黄霄雲的雲上面包坊 多一些纯粹原创，少一些模糊“借鉴”。尊重音乐创作者的作品创意是原创音乐人的基本职业道德素养，每一份饱含心血的成果都应该被认可和保护。,0
2025/4/2 12:46,支持华晨宇先生维权！,0
2025/4/2 12:46,道歉，下架！,1
2025/4/2 12:46,维权好啊！维权好！,0
2025/4/2 12:46,支持华晨宇方维权，请尊重、保护华晨宇的原创成果，请业内避雷黄女士方版权擦边行为@黄霄雲 请正面回应正面道歉,1
2025/4/2 12:46,坚决维护华晨宇先生应有权益！公众人物应当提升个人素养，注重创作者版权意识。华晨宇方【从未】授权《孩子》相关版权，请黄小姐@黄霄雲 及工作室@黄霄雲的雲上面包坊 明确你方无《孩子》ending挪用/抄袭/改编的许可，请正面回应相关问题，我们需要公开道歉、购买相关使用版权、归还应有原创署名。,1
2025/4/2 12:46,拒绝音乐版权擦边行为。尊重音乐创作者的作品创意是原创音乐人的基本职业道德素养，每一份饱含心血的成果都应该被认可和保护@黄霄雲 道歉,0
2025/4/2 12:46,你切记，克隆羊多莉只活了那几年。[比心],0
2025/4/2 12:46,支持！尊重原创！,0
2025/4/2 12:46,偷歌鼻祖,1
2025/4/2 12:46,尊重原创！坚决维护华晨宇先生应有权益！公众人物应当提升个人素养，注重创作者版权意识。华晨宇方【从未】授权《孩子》相关版权，请黄小姐@黄霄雲 及工作室@黄霄雲工作室 明确你方无《孩子》ending挪用/抄袭/改编的许可，请正面回应相关问题，我们需要公开道歉、购买相关使用版权、归还应有原创署名。,1
2025/4/2 12:46,网络不是法外之地！每个人都要为自己的言行负责！,0
2025/4/2 12:46,@黄霄雲 @黄霄雲的雲上面包坊 不是挺能说的吗现在哑巴了？快出来道歉！下架！,1
2025/4/2 12:47,老师，欢迎来火星演唱会～,0
2025/4/2 12:47,向网络暴力“亮剑”，守护清朗网络空间,0
2025/4/2 12:47,整首歌里最出彩的就是这段“oh hai ya”，但作曲只写个自己的名字，不会是想模糊视听，让听众误以为这段华彩也是他自己写的了吧,1
2025/4/2 12:47,支持维权，造谣的等着，下一个就是你,1
2025/4/2 12:47,#华晨宇告黑案一审民事判决# 支持华晨宇先生维权,0
2025/4/2 12:47,@黄霄雲 @黄霄雲的雲上面包坊,0
2025/4/2 12:47,看官方吧 无脑粉,1
2025/4/2 12:47,尊重音乐创作者的作品创意是原创音乐人的基本职业道德素养！,0
2025/4/2 12:47,小偷道歉听到了吗小偷我说你是小偷小偷道歉听到了吗小偷我说你是小偷小偷道歉听到了吗小偷我说你是小偷小偷道歉听到了吗小偷我说你是小偷小偷道歉听到了吗小偷我说你是小偷小偷道歉听到了吗小偷我说你是小偷,1
2025/4/2 12:47,@黄霄雲 @黄霄雲的雲上面包坊 道歉,1
2025/4/2 12:47,点了，有素质的人都觉得她的这种行为恶心,1
2025/4/2 12:47,@黄霄雲 @黄霄雲的雲上面包坊 道歉，下架。,1
2025/4/2 12:47,#华晨宇方称拒绝音乐版权擦边行为# #华晨宇黄霄云方未能达成共识# 无论是音乐、写作、画作艺术设计等，版权问题从不应该被忽略！！！,0
2025/4/2 12:47,坚决支持维权！,0
2025/4/2 12:47,支持华晨宇维权！,0
2025/4/2 12:47,道歉，下架@黄霄雲,1
2025/4/2 12:47,好的[看],0
2025/4/2 12:47,[尬笑]带脑子上网了吗,1
2025/4/2 12:47,#华晨宇 黄霄云#  拒绝擦边球式音乐，坚决维护华晨宇音乐版权！#华晨宇方称拒绝音乐版权擦边行为#,0
2025/4/2 12:47,//@八方来财身体健康_:糊坛裁女，太有裁了//@疯狂磕宇yu:这就是央音的“裁女”呀@黄霄雲 #华晨宇方称拒绝音乐版权擦边行为#,1
2025/4/2 12:47,呜呜呜呜呜呜呜呜 华晨宇无妄之灾,0
2025/4/2 12:47,支持原创,0
2025/4/2 12:47,道歉下架,0
2025/4/2 12:47,[捂脸],0
2025/4/2 12:47,六百六十六,0
2025/4/2 12:47,这姐怎么天天整些擦边抄袭，每次我刷到她都是因为她抄袭,1
2025/4/2 12:47,欢迎大家来火星玩,0
2025/4/2 12:47,尊重原创！坚决维护华晨宇先生应有权益！公众人物应当提升个人素养，注重创作者版权意识。华晨宇方【从未】授权《孩子》相关版权，明确你方无《孩子》ending挪用/抄袭/改编的许可，请黄小姐@黄霄雲 及工作室@黄霄雲工作室 正面回应相关问题，我们需要公开道歉、购买相关使用版权、归还应有原创署名,1
2025/4/2 12:47,支持,0
2025/4/2 12:47,好一个基本职业道德素养,1
2025/4/2 12:47,合法合规,0
2025/4/2 12:47,#华晨宇方称拒绝音乐版权擦边行为#,0
2025/4/2 12:48,支持维权,0
2025/4/2 12:48,拿人家的东西不说不承认，还让人家亲自找上门，最后还死不承认，脸皮真够厚的黄小姐,1
2025/4/2 12:48,@黄霄雲 @黄霄雲的雲上面包坊 道歉，下架,1
2025/4/2 12:48,下架！道歉！！！,1
2025/4/2 12:48,知不知道我们受了多大的委屈啊，被你们家粉丝网暴@黄霄雲 @黄霄雲的雲上面包坊,1
2025/4/2 12:48,霄偷快道歉！！！,1
2025/4/2 12:48,为啥不尊重原创[捂脸],1
2025/4/2 12:48,尊重音乐创作者的作品创意是原创音乐人的基本职业道德素养，每一份饱含心血的成果都应该被认可和保护，华晨宇歌迷坚决维护歌手华晨宇的音乐??,0
2025/4/2 12:48,不是我们主动沟通人家硬要我们出来欺负小华脾气好呢？现在请黄女士出来走两步吧,1
2025/4/2 12:48,#华晨宇方称拒绝音乐版权擦边行为# @黄霄雲 道歉,0
2025/4/2 12:48,法律制裁不了她，但公道自在人心！拒绝拼好歌??拒绝音乐擦边??黄霄雲这种挪用别人演唱版本的事是惯犯了，看见好几个投稿的[泣不成声],1
2025/4/2 12:48,支持华晨宇先生,0
2025/4/2 12:48,哈哈哈,0
2025/4/2 12:48,看见了吗，我说看见了吗,0
2025/4/2 12:48,不造谣！不信谣！不传谣！,0
2025/4/2 12:48,华晨宇歌迷坚决维护歌手华晨宇的音乐！ 黄霄雲女士拥有的是《烟火里的尘埃》使用版权，而非《孩子》live版的使用版权，也并未向华晨宇方沟通借鉴和声改编一事。 请黄霄雲女士及其工作室正面回应最后【华晨宇原创吟唱旋律】的版权及其所属问题，请勿避重就轻打擦边球，借用请标明来源，请尊重原创！,1
2025/4/2 12:48,歌手姓名都不敢說，我看是怕被告,1
2025/4/2 12:48,@黄霄雲 @黄霄雲的雲上面包坊 道歉，下架！,1
2025/4/2 12:48,up,0
2025/4/2 12:48,@黄霄雲 @黄霄雲的雲上面包坊 道歉，下架。,1
2025/4/2 12:48,#华晨宇方称拒绝音乐版权擦边行为#,0
2025/4/2 12:48,卧槽，才发现不是第一次干了,1
2025/4/2 12:48,@黄霄雲的雲上面包坊 @黄霄雲 说话 道歉！下架！！！！！,1
2025/4/2 12:48,她用意念唱的,0
2025/4/2 12:48,@圈内新娱,0
2025/4/2 12:48,你买的1的版权，谁让你动2了，还想白嫖2，,1
2025/4/2 12:48,保护原创拒绝擦边#华晨宇方称拒绝音乐版权擦边行为#,0
2025/4/2 12:48,up！,0
2025/4/2 12:48,支持华晨宇维权！,0
2025/4/2 12:48,小偷[微笑],1
2025/4/2 12:48,支持华晨宇维权，拒绝法律擦边球,0
2025/4/2 12:49,共同努力，让网络空间天朗气清,0
2025/4/2 12:49,多一些纯粹原创，少一些模糊“借鉴”。尊重音乐创作者的作品创意是原创音乐人的基本职业道德素养，每一份饱含心血的成果都应该被认可和保护。,0
2025/4/2 12:49,支持华晨宇维权,0
2025/4/2 12:49,尊重原创是最基本的底线问题，维权是每一个创作者的合法权益！,0
2025/4/2 12:49,转发微博,0
2025/4/2 12:49,我看了歌手2018，华晨宇把张韶涵的呐喊完全改成了另一个歌，并且唱的时候张韶涵还在场，偷歌敢光明正大的唱?都是歌手听不出来?并且作词作曲都改了，你们只拿图片不拿证据不知道你们想表达什么,1
2025/4/2 12:49,[捂脸],0
2025/4/2 12:49,[发怒],1
2025/4/2 12:49,鸟你是明白人,0
2025/4/2 12:49,尊重音乐创作是歌手的基本道德，支持华晨宇维权#华晨宇方称拒绝音乐版权擦边行为#,0
2025/4/2 12:49,//@小华说带晋宝baby迈向新宇宙:不仅不想付钱，还说没吃炒面，指面为饭#华晨宇方称拒绝音乐版权擦边行为#,1
2025/4/2 12:49,下架，道歉！#华晨宇方称拒绝音乐版权擦边行为#,0
2025/4/2 12:49,尊重原创！坚决维护华晨宇先生应有权益！公众人物应当提升个人素养，注重创作者版权意识。华晨宇方【从未】授权《孩子》相关版权，请@黄霄雲 及工作室@黄霄雲的雲上面包坊 明确你方无《孩子》ending挪用/抄袭/改编的许可，请正面回应相关问题，我们需要公开道歉、购买相关使用版权、归还应有原创署名。,1
2025/4/2 12:49,但是她只买了一首歌却唱了两首歌的内容[OK],0
2025/4/2 12:49,你这个授权只是烟火里的尘埃，但我们说的是后面孩子的吟唱[送心]而且我们真要拿出公章的话，这个事会闹得很大，对黄的名誉损害很大，给了那么多次台阶给你们下，你们都不认吗，见好就收吧,1
2025/4/2 12:49,给脸不要脸,1
2025/4/2 12:49,尊重原创！坚决维护华晨宇先生应有权益！公众人物应当提升个人素养，注重创作者版权意识。,0
2025/4/2 12:49,高兴了吧,0
2025/4/2 12:49,黄裁缝，上不了台面的东西,1
2025/4/2 12:49,一股无名火 跟这种人讲不通[黑脸][尬笑],1
2025/4/2 12:49,@华晨宇yu 音乐裁缝解释一下不？,1
2025/4/2 12:49,现在呢怎么说,0
2025/4/2 12:49,你们黄霄云粉丝绝不认偷[流泪],1
2025/4/2 12:49,“霄偷”,1
2025/4/2 12:50,支持,0
2025/4/2 12:50,??,0
2025/4/2 12:50,我也是学音乐的 对版权超敏感的 弹个伴奏有的时候都要买谱，我不相信唱声乐的人不知道版权这个事情,1
2025/4/2 12:50,接大热歌蹭热度想红被，毕竟出道十年还是新人。这次好了 几度上热搜，得偿所愿,1
2025/4/2 12:50,@黄霄雲 @黄霄雲的雲上面包坊 道歉!下架!,1
2025/4/2 12:50,黄霄云抄袭擦边 被侵权方都主动沟通来解决事情真的很给台阶下了，对方真的是给脸不要脸,1
2025/4/2 12:50,抄袭就是抄袭,1
2025/4/2 12:50,尊重原创！坚决维护华晨宇先生应有权益！公众人物应当提升个人素养，注重创作者版权意识。华晨宇方【从未】授权《孩子》相关版权，请@黄霄雲 及工作室黄霄雲的雲上面包坊  明确你方无《孩子》ending挪用/抄袭/改编的许可，请正面回应相关问题，我们需要公开道歉、购买相关使用版权、归还应有原创署名,1
2025/4/2 12:50,@zzyy,0
2025/4/2 12:50,不愧是你，又拉偏架呢,1
2025/4/2 12:50,连华晨宇这么知名的艺人都维权不了更何况任何行业的原创作者呢......唉原创作者的道路真的是很坎坷了。,0
2025/4/2 12:50,尊重音乐创作者的作品创意是原创音乐人的基本职业道德素养，每一份饱含心血的成果都应该被认可和保护，支持华晨宇维权??,0
2025/4/2 12:50,#华晨宇方称拒绝音乐版权擦边行为# 尊重原创！,0
2025/4/2 12:50,我们家偷啥了你说。,1
2025/4/2 12:50,自我介绍,0
2025/4/2 12:50,音乐是底线，理解她想红的野心，但是别过线,1
2025/4/2 12:50,音乐擦边球，支持维权！,0
2025/4/2 12:50,支持华晨宇先生维权,0
2025/4/2 12:50,有病吗？,1
2025/4/2 12:50,道歉下架！#华晨宇方称拒绝音乐版权擦边行为#,0
2025/4/2 12:50,#华晨宇黄霄雲双方未能达成有效共识# 不问自取即为偷@黄霄雲 #华晨宇 黄霄云# #黄霄云的吟唱是华晨宇18歌手版孩子# #华晨宇方称拒绝音乐版权擦边行为#,1
2025/4/2 12:50,关我屁事 你们闲的无聊,1
2025/4/2 12:50,驰名双标 可不是浪得虚名,1
2025/4/2 12:50,妈的本来还因为花挺喜欢她的[憨笑][OK],1
2025/4/2 12:50,请黄霄雲女士停止侵权行为 尊重原创#华晨宇方称拒绝音乐版权擦边行为#,1
2025/4/2 12:50,经过一天的主动沟通,0
2025/4/2 12:51,@黄霄雲 @黄霄雲的雲上面包坊 多一些纯粹原创，少一些模糊“借鉴”。尊重音乐创作者的作品创意是原创音乐人的基本职业道德素养，每一份饱含心血的成果都应该被认可和保护。,0
2025/4/2 12:51,#华晨宇方称拒绝音乐版权擦边行为# 道歉，下架！别在这装死,1
2025/4/2 12:51,如果真的指名道姓，你要想想对黄的影响是很大的，对他的名誉是一定有损害的，最好见好就收吧[送心],0
2025/4/2 12:51,火星演唱会欢迎你！,0
2025/4/2 12:51,公开道歉，承认错误，下架歌曲！@黄霄云 #华晨宇方称拒绝音乐版权擦边行为# #华晨宇 黄霄云#,1
2025/4/2 12:51,@小懒 @\^O^/,0
2025/4/2 12:51,活了,0
2025/4/2 12:51,#华晨宇方称拒绝音乐版权擦边行为#,0
2025/4/2 12:51,附议,0
2025/4/2 12:51,月坛的音乐人可以避雷黄女士了，毕竟你的作品可能变成别人的原创,1
2025/4/2 12:51,道歉！下架！！！#华晨宇方称拒绝音乐版权擦边行为#,1
2025/4/2 12:51,难如听[憨笑],0
2025/4/2 12:51,华晨宇是不知道的哈，我们已经回应过了,0
2025/4/2 12:51,@黄霄雲 @黄霄雲的雲上面包坊 道歉，下架！！,1
2025/4/2 12:51,唱歌好麻烦啊，模仿原创唱歌也不行吗,0
2025/4/2 12:51,来火星一起玩呀,0
2025/4/2 12:51,支持华晨宇维权,0
2025/4/2 12:51,抵制不法行为！支持华晨宇先生维权！#华晨宇方称拒绝音乐版权擦边行为#,0
2025/4/2 12:51,工作室在百度也发了，支持原创维权！,0
2025/4/2 12:51,梯子昨天都递脚下了她自己不下，而且哪有被抄袭的人反去找抄袭者沟通的，倒反天罡人家就是太佛系了，梯子给你了你不下，我都主动找你沟通了你还要耍赖钻漏洞，那没办法了直接发声明锤你,1
2025/4/2 12:51,触碰音乐底线绝不容忍！！拒绝音乐版权擦边行为！！不配称为音乐人！！同时欢迎来西安听《烟火里的尘埃》和《孩子》的现场！,1
2025/4/2 12:51,@呼哈嘿吼yu: 连华晨宇维权都这么难，别说其他小创作者了，哎,0
2025/4/2 12:51,你们这样做是想把hxy赶出乐坛嘛[尬笑],1
2025/4/2 12:51,@银河海没有银河. @独白- @摄颖?? @八月酒馆 [泣不成声][泣不成声][泣不成声],0
2025/4/2 12:51,争议的是哪一段音乐，到现在为止黄歌手，黄歌手的公司还在网上以非争议片段故意颠倒黑白，当天下人都没有判断力吗！ 为人的底线不是法律，是道德！公众人物因违反道德获利是想给社会以什么样的引导启示！知识产权保护在中国是历经30年才有了今天的共识与法条，擦边获利是想干什么？,1
2025/4/2 12:51,哇哦[黑脸],1
2025/4/2 12:51,我们火星很热情美好的,0
2025/4/2 12:51,这是她这辈子最??的一次了,1
2025/4/2 12:51,不像某家这么下头[调皮],1
2025/4/2 12:51,支持华晨宇！#华晨宇方称拒绝音乐版权擦边行为#,0
2025/4/2 12:51,[憨笑],0
2025/4/2 12:51,还合法合规呢，华语裁女，央音第一@南希贺 @好爱这个宝贝,1
2025/4/2 12:51,道歉！下架！@黄霄雲 @黄霄雲的雲上面包坊,1
2025/4/2 12:51,就是不认输,1
2025/4/2 12:52,黄照搬的是华《孩子》的整个outro编排，也就是尾奏吟唱的核心特征（包括音高走向、节奏型态及和声架构），这段是原版《烟火里的尘埃》里没有的，黄粉唯一能证明黄没问题的是拿出西楼的demo证明原版就有这段而不是一直拿华晨宇的各种改编说事，自诩原创音乐人就不要有各种版权擦边行为,1
2025/4/2 12:52,拿别人的原创来双赢啊？亏你还是个红v，双赢这种话也能说的出口，谁要和她双赢。写不出歌就老老实实翻唱，别到处偷偷别人的旋律标榜原创！,1
2025/4/2 12:52,[憨笑],0
2025/4/2 12:52,转发微博,0
2025/4/2 12:52,嘴硬的发笑了[捂脸],1
2025/4/2 12:52,支持华晨宇维权！,0
2025/4/2 12:52,#华晨宇方称拒绝音乐版权擦边行为#,0
2025/4/2 12:52,华晨宇是谁？,0
2025/4/2 12:52,例子举得特别好，欢迎来火星玩！！！,0
2025/4/2 12:52,黄裁缝哈,0
2025/4/2 12:52,@黄霄雲 @黄霄雲的雲上面包坊 道歉！,1
2025/4/2 12:52,支持维权！,0
2025/4/2 12:52,爽了吗黄霄雲@黄霄雲,1
2025/4/2 12:52,我选右边,0
2025/4/2 12:52,争议的是哪一段音乐，到现在为止黄歌手，黄歌手的公司还在网上以非争议片段故意颠倒黑白，当天下人都没有判断力吗！ 为人的底线不是法律，是道德！公众人物因违反道德获利是想给社会以什么样的引导启示！知识产权保护在中国是历经30年才有了今天的共识与法条，擦边获利是想干什么？,1
2025/4/2 12:52,多一些纯粹原创，少一些模糊“借鉴”。,0
2025/4/2 12:52,俺不中了回旋镖就这么水灵灵的袭来，裁缝姐想要就给哈，火姐扶贫糊笔火姐好说谢谢了没,1
2025/4/2 12:52,全是套路啊，黄霄雲这版权费算是白花了，以后翻唱他的歌真得注意了，经他手的歌基本都被涂改过，埋过坑，你不知道哪些是原作者写的，哪些是他改的，翻唱他的版本你的一句一句买版权，看这一段是谁的，没歌词的也得买,1
2025/4/2 12:52,唱歌可以，她发布并且商用就是侵权,1
2025/4/2 12:52,@zzyy 经典总结,0
2025/4/2 12:52,本来就是华晨宇的歌啊 我服了[笑哭],0
2025/4/2 12:52,被侵权方都主动沟通来解决事情真的很给台阶下了，对方真的是给脸不要脸,1
2025/4/2 12:52,是的，买肯德基薯条（代指：烟火里的尘埃授权）还顺走麦当劳（代指华：《孩子》吟唱）牛堡这不是有病吗,1
2025/4/2 12:52,你又懂了？,1
2025/4/2 12:52,工作室最后一段话才是目的,0
2025/4/2 12:52,尊重原创！坚决维护华晨宇先生应有权益！公众人物应当提升个人素养，注重创作者版权意识。华晨宇方【从未】授权《孩子》相关版权，请黄小姐@黄霄雲 及工作室@黄霄雲工作室 明确你方无《孩子》ending挪用/抄袭/改编的许可，请正面回应相关问题，我们需要公开道歉、购买相关使用版权、归还应有原创署名。,1
2025/4/2 12:52,就是，道歉！！！,1
2025/4/2 12:52,哇塞哇塞,0
2025/4/2 12:52,华晨宇简直无妄之灾,0
2025/4/2 12:52,尊重原创！拒绝音乐版权擦边！支持华晨宇维权！,0
2025/4/2 12:52,[裂开][裂开][裂开]真的要这么闹么,1
2025/4/2 12:52,给脸不要脸这下开心了吧@黄霄雲的雲上面包坊 @黄霄雲,1
2025/4/2 12:52,这图片还不是证据？正式发行的专辑曲目，完全没提那段华彩的由来，作曲只写个自己名字，不就是让听众误以为整段都是他写的吗？ 黄霄云方好歹标注了那么大的“原唱 华晨宇”几个字，也不知道是谁更会让别人误会,1
2025/4/2 12:52,支持华晨宇[赞][赞][赞],0
2025/4/2 12:53,这可能是她上过最高最久的一次主榜热搜吧 那真是恭喜了 终于出名了,1
2025/4/2 12:53,以下是各圈朋友打的比方，只是为了帮助各位更好理解，没有任何冒犯的意思。请看图~,0
2025/4/2 12:53,支持华晨宇先生维权！#华晨宇方称拒绝音乐版权擦边行为#,0
2025/4/2 12:53,工作室都出来了 他们还在犟哈[憨笑],0
2025/4/2 12:53,模仿就要说模仿啊不要说自己原创了原唱另一首创作[色]哪有买面送碗的好事[比心],1
2025/4/2 12:53,反正把到最后都要蹭一下黄霄雲的热度。,1
2025/4/2 12:53,拒绝音乐擦边行为尊重原创,0
2025/4/2 12:53,仔细看看吧,0
2025/4/2 12:53,每天想怎么营销自己，还不如去提高自己的技术，然后当自己业务能力变强的时候，别人自然就看到了。——@华晨宇yu,0
2025/4/2 12:53,#华晨宇方称拒绝音乐版权擦边行为#请尊重原创作者，艺术需要传承和创新而不是一味的复制粘贴和据为己有，杜绝抄袭行为，尊重创作者版权与心血，维护音乐创作的尊严，抄袭不仅践踏他人的成果，更扼杀行业创新活力 ,0
2025/4/2 12:53,说的是结尾 听不懂吗,1
2025/4/2 12:53,支持维权,0
2025/4/2 12:53,黄霄云方始终避重就轻，我们从来没有不允许翻唱，只是黄霄云买了《烟火里的尘埃》翻唱权，翻唱的时候却借用《孩子》的旋律，但是黄方并没有买《孩子》的版权，而且黄方还把借用的《孩子》的那段旋律标注了自己的名字，这要脸吗?,1
2025/4/2 12:53,无耻至极，小偷可耻，尊重原创！坚决维护华晨宇先生应有权益！公众人物应当提升个人素养，注重创作者版权意识。华晨宇方【从未】授权《孩子》相关版权，请黄裁缝 明确你方无《孩子》ending挪用/抄袭/改编的许可，请正面回应相关问题，我们需要公开道歉、购买相关使用版权、归还应有原创署名and下架。,1
2025/4/2 12:53,害怕死了[流泪][流泪][流泪]谁敢翻唱他的歌,0
2025/4/2 12:53,哇塞,0
2025/4/2 12:53,@黄霄雲的雲上面包坊 @黄霄雲 公开道歉，下架侵权内容,1
2025/4/2 12:53,我们的诉求一直清清楚楚，请黄霄云方不要模糊概念混淆是非。我们一直说的是《孩子》的版权问题并非《烟火里的尘埃》。,1
2025/4/2 12:53,笑死我了 有脸抄袭 没脸承认,1
2025/4/2 12:53,[爱心][爱心][爱心],0
2025/4/2 12:53,她不是翻唱 她直接把人原创没授权给她的歌偷了说自己是原创[尬笑],1
2025/4/2 12:53,#华晨宇 黄霄云# 作为华晨宇歌迷，我们坚决维护华晨宇先生的音乐，对音乐版权侵害0容忍！！！,0
2025/4/2 12:53,哪里好听？,1
2025/4/2 12:53,支持华晨宇先生维权！！！,0
2025/4/2 12:53,她的回复闭口不提最后《孩子》的问题啊,1
2025/4/2 12:53,求锤得锤黄女士“借鉴”华晨宇打版权擦边球是板上钉钉了 期待黄女士被告,1
2025/4/2 12:53,真的太难受了，她粉丝还一副我买了你A歌版权然后裁你B歌的片段融进去那是给你面子，虽然我也不标旋律出处还要模糊视线误导听众说是我自己写的，但我在心里致敬了，你们应该感激流涕才对的样子，维权又说是网暴她们，官方工作室转移视线发了个A歌版权公告下面精选骂我们的评论，难道粉丝少就有理吗,1
2025/4/2 12:53,支持华晨宇维权#华晨宇方称拒绝音乐版权擦边行为#,0
2025/4/2 12:54,拒绝音乐版权擦边 尊重原创音乐 请@黄霄雲 @黄霄雲的雲上面包坊 道歉 下架。,1
2025/4/2 12:54,才不是[宕机]是黄xy抄袭，华粉丝只是维权，华什么咖位，需要她那点热度,1
2025/4/2 12:54,你个人如果像咱们一样，没有什么知名度，就在网上随便唱唱可以的，但是像他们那种有知名度明星唱了三句以上就要付版权费的,0
2025/4/2 12:54,黄霄云方面有说华晨宇那段旋律在烟火的间奏中也有类似旋律，最早也不是出现在《孩子》而是2015年的《烟火》中，华晨宇方对这段旋律是否具有版权？这段旋律是否具有独创性？,0
2025/4/2 12:54,当然可以啦，但是上架平台需要授权，而且需要标注原唱,0
2025/4/2 12:54,而且还是华方主动沟通，黄仍然拒不承认拒绝补票，黄霄云不仅没有作为音乐人的底线道德，也没有人的基本素质????可悲,1
2025/4/2 12:54,现在认了吗[调皮][调皮],0
2025/4/2 12:54,这种事情她做的已经不是一次两次了，以前还营销自己央音第一，结果搞了半天第一不是她,1
2025/4/2 12:54,#华晨宇方称拒绝音乐版权擦边行为# @黄霄雲 @黄霄雲的雲上面包坊 道歉，下架。,0
2025/4/2 12:54,支持维权！！！,0
2025/4/2 12:54,业内壁垒此行为及本人哈，欢迎老师来火星演唱会听原汁原味的《烟火里的尘埃》,0
2025/4/2 12:54,请苍天辨忠奸！图片来源：DeepSeek,0
2025/4/2 12:54,请问说的是烟火里的尘埃的这首歌的版权吗？错了就是错了有什么不敢承认的[尬笑],1
2025/4/2 12:54,说借鉴也是给你最后的体面,1
2025/4/2 12:54,@黄霄雲 @黄霄雲的雲上面包坊 多一些纯粹原创，少一些模糊“借鉴”。尊重音乐创作者的作品创意是原创音乐人的基本职业道德素养，每一份饱含心血的成果都应该被认可和保护。,0
2025/4/2 12:54,谢谢支持,0
2025/4/2 12:54,黄霄云这回还怎么在圈子混，乐坛裁缝这名声会一辈子跟着她的,1
2025/4/2 12:54,绝音乐版权擦边行为。尊重音乐创作者的作品创意是原创音乐人的基本职业道德素养，每一份饱含心血的成果都应该被认可和保护@黄霄雲  创作不易！！,0
2025/4/2 12:54,你终于活了！支持维权！！,0
2025/4/2 12:54,是啊 请黄霄雲尊重创作者 尊重音乐 尊重华晨宇,0
2025/4/2 12:54,尊重原创！坚决维护华晨宇先生应有权益！公众人物应当提升个人素养，注重创作者版权意识。华晨宇方【从未】授权《孩子》相关版权，请黄小姐@黄霄雲 及工作室@黄霄雲工作室 明确你方无《孩子》ending挪用/抄袭/改编的许可，请正面回应相关问题，我们需要公开道歉、购买相关使用版权、归还应有原创署名！,1
2025/4/2 12:54,道歉??下架剽窃音源??#华晨宇方称拒绝音乐版权擦边行为#,0
2025/4/2 12:54,@黄霄雲 @黄霄雲的雲上面包坊 道歉，下架,1
2025/4/2 12:54,#华晨宇方称拒绝音乐版权擦边行为##华晨宇黄霄云方未能达成共识#4.2日华晨宇工作室官方回应，实锤来了@黄霄雲（巡演版）,0
2025/4/2 12:54,[捂脸][捂脸][捂脸],0
2025/4/2 12:54,活的工作室,0
2025/4/2 12:54,@黄霄雲 道歉，下架侵权内容@黄霄雲的雲上面包坊 #华晨宇方称拒绝音乐版权擦边行为#,0
2025/4/2 12:54,我就说那段旋律怎么那么熟 原版里面没有啊 原来是我最爱的《孩子》！,0
2025/4/2 12:54,私下唱可以啊[捂脸]但是你模仿自己出带自己名字变成自己的那就是偷了，学点法律的话都不会不懂,1
2025/4/2 12:54,还停止污蔑？谁污蔑了？不是事实？,1
2025/4/2 12:54,黄照搬的是华《孩子》的整个outro编排，也就是尾奏吟唱的核心特征（包括音高走向、节奏型态及和声架构），这段是原版《烟火里的尘埃》里没有的，黄粉唯一能证明黄没问题的是拿出西楼的demo证明原版就有这段而不是一直拿华晨宇的各种改编说事，自诩原创音乐人就不要有各种版权擦边行为,1
2025/4/2 12:54,@黄霄雲 @黄霄雲的雲上面包坊 多一些纯粹原创，少一些模糊“借鉴”。尊重音乐创作者的作品创意是原创音乐人的基本职业道德素养，每一份饱含心血的成果都应该被认可和保护！华晨宇歌迷坚决维护歌手华晨宇的音乐 ！！！,1
2025/4/2 12:54,我只听歌  碰到我底线了  我的白月光歌曲  给我道歉！[泪奔],1
2025/4/2 12:54,支持原创歌手维权,0
2025/4/2 12:54,请尊重原创，拼接不等于原创，不要随意搬运他人劳动成果，请尊重每个人的劳动成果！！,0
2025/4/2 12:54,#华晨宇方称拒绝音乐版权擦边行为# 欢迎老师来火星,0
2025/4/2 12:54,尊重原创 拒绝音乐版权擦边行为@黄霄雲 @黄霄雲的雲上面包坊,0
2025/4/2 12:54,翻唱的难听，希望下架，不要污染了我的耳朵,1
2025/4/2 12:54,#华晨宇方称拒绝音乐版权擦边行为# 黄霄雲出来道歉！！并下架音源！！#华晨宇 黄霄雲#,1
2025/4/2 12:54,自己害自己~,0
2025/4/2 12:55,多一些纯粹原创，少一些模糊“借鉴”尊重音乐创作者的作品创意是原创音乐人的基本职业道德素养。支持维权??,0
2025/4/2 12:55,谢谢宝宝,0
2025/4/2 12:55,我一开始也是那样想的，想着她既然喜欢华晨宇那么不可能会做一些偷窃的蠢事吧，这件事一定是哪里有误会，结果昨天一大早起来看见那个热搜，我人都无语了，知错不改还带着粉丝倒打一耙逆天啊简直,1
2025/4/2 12:55,#华晨宇方称拒绝音乐版权擦边行为# @黄霄雲 @黄霄雲的雲上面包坊 道歉，全平台下架,0
2025/4/2 12:55,致敬啥呢那咋说自己是原创呢[捂脸],1
2025/4/2 12:55,不是双赢！是华晨宇带飞！翻唱华晨宇唱红了十多年的歌算什么双赢！还边翻边抄！典型的端起碗吃饭放下碗骂娘哈,1
2025/4/2 12:55,@黄霄雲 @黄霄雲的雲上面包坊 道歉，下架，没有职业道德，不要在圈里混,1
2025/4/2 12:55,#华晨宇方称拒绝音乐版权擦边行为#,0
2025/4/2 12:55,偷,1
2025/4/2 12:55,我是路人，应该尊重原创,0
2025/4/2 12:55,华晨宇歌迷坚决维护歌手@华晨宇yu 的音乐！,0
2025/4/2 12:55,支持原创,0
2025/4/2 12:55,是的！支持维权！！,0
2025/4/2 12:55,也是厉害,0
2025/4/2 12:55,真是不懂什么叫见好就收啊[调皮],1
2025/4/2 12:55,坚决守护华晨宇原创音乐！拒绝一切音乐版权擦边行为！@黄霄雲 @黄霄雲的雲上面包坊 道歉！,1
2025/4/2 12:55,无耻至极，小偷可耻，尊重原创！坚决维护华晨宇先生应有权益！公众人物应当提升个人素养，注重创作者版权意识。华晨宇方【从未】授权《孩子》相关版权，请黄裁缝 明确你方无《孩子》ending挪用/抄袭/改编的许可，请正面回应相关问题，我们需要公开道歉、购买相关使用版权、归还应有原创署名and下架。,1
2025/4/2 12:55,你们完蛋了，华的粉丝很厉害的而且战斗力很强规模更不用说了，祝你们好运[黑脸],1
2025/4/2 12:55,法无禁止皆可为，你有能力你就封杀，无所屌谓,1
2025/4/2 12:55,真就一模一样啊，谱子都完全一样,0
2025/4/2 12:55,点了 就是想混淆,1
2025/4/2 12:55,她还说是华晨宇粉丝[微笑],0
2025/4/2 12:55,其实最怕走法律程序的就是华晨宇家，又怕说实话会让粉丝脱粉罢了，所以只能写这种擦边小作文，利用粉丝多的优势网暴霄雲。真的没有天理了吗？,1
2025/4/2 12:55,只授权了烟火 她偷了孩子的吟唱并标注自己原创,1
2025/4/2 12:55,#华晨宇方称拒绝音乐版权擦边行为##华晨宇黄霄云方未能达成共识#4.2日华晨宇工作室官方回应，实锤来了@黄霄雲（巡演版）,0
2025/4/2 12:56,#华晨宇方称拒绝音乐版权擦边行为# #华晨宇黄霄云方未能达成共识# #华晨宇 黄霄云# 道歉 下架,0
2025/4/2 12:56,#华晨宇方称拒绝音乐版权擦边行为#,0
2025/4/2 12:56,把那几个发视频造谣的告了好吗，好的,1
2025/4/2 12:56,已经很客气了，还主动去沟通，可惜对面给脸不要脸，死活不认账钻空子呢像不像街边的无赖：你有本事报警抓我啊,1
2025/4/2 12:56,支持原唱，虽然都不是双方粉丝,0
2025/4/2 12:56,咋滴你还委屈上了,1
2025/4/2 12:56,#华晨宇方称拒绝音乐版权擦边行为# 拒绝音乐版权擦边！,0
2025/4/2 12:56,黄霄雲 gogogo??出发咯?????? 华晨宇品味有多浓????  我只要偷歌的轻松??????????  大热天??做个白日梦 ???? 梦见??我变成了顶流 ?????? 我有想偷歌的冲动???????? 以后请叫我华女一裁缝姐????,1
2025/4/2 12:56,支持支持！现场超赞！,0
2025/4/2 12:56,尊重音乐创作者的作品创意是原创音乐人的基本职业道德素养，每一份饱含心血的成果都应该被认可和保护,0
2025/4/2 12:56,坚决维护华晨宇先生的音乐，并维权到底！,0
2025/4/2 12:56,比喻贴切易懂，希望抄袭的人改过！另：欢迎博主来火星玩！,0
2025/4/2 12:56,@黄霄雲的雲上面包坊 @黄霄雲 给华晨宇道歉！给华晨宇歌迷道歉！道歉！道歉！,1
2025/4/2 12:56,路人请知悉[比心],0
2025/4/2 12:56,她见到谁红说是谁粉丝,1
2025/4/2 12:56,现在偷歌的都这么霸道嚣张了？乐坛真的乱了,1
2025/4/2 12:56,道歉 下架,1
2025/4/2 12:56,还是华晨宇方“主动沟通”啧啧啧,1
2025/4/2 12:56,@小鱼的七皇啊 笑死了哈哈哈哈哈哈哈,0
2025/4/2 12:56,这种其实有点恶心大家唱着唱着就不管，等有人唱火了就开始谈版权,1
2025/4/2 12:56,[发怒],1
2025/4/2 12:56,很浅显易懂的举例了，欢迎来火星玩！,0
2025/4/2 12:57,#华晨宇方称拒绝音乐版权擦边行为# 道！！！！！,0
2025/4/2 12:57,你说的毫无根据,1
2025/4/2 12:57,#华晨宇方称拒绝音乐版权擦边行为# 让受害方主动沟通一天还是嘴硬真的太丢脸了，要是换成没那么大名气的歌者是不是就理直气壮地踩人家脸上吃饭呢,1
2025/4/2 12:57,??,0
2025/4/2 12:57,尊重原创 尊重音乐！做歌手做人都是如此 请自重@黄霄雲,0
2025/4/2 12:57,坚决维护华晨宇先生应有权益！公众人物应当提升个人素养，注重创作者版权意识。华晨宇方【从未】授权《孩子》相关版权，请黄小姐@黄霄雲 及工作室@黄霄雲的雲上面包坊 明确你方无《孩子》ending挪用/抄袭/改编的许可，请正面回应相关问题，我们需要公开道歉、购买相关使用版权、归还应有原创署名。,1
2025/4/2 12:57,坚决抵制任何侵权行为！,0
2025/4/2 12:57,是这样的。支持华晨宇先生维权,0
2025/4/2 12:57,华晨宇这边很体面了 昨天只是让蓝v后援会出来发 结果黄霄云粉丝非说人后援没有公章，不能代表工作室，现在工作室出来了，也算求锤得锤了,1
2025/4/2 12:57,大开眼界 评论配图,0
2025/4/2 12:57,此招虽险 胜算却大啊 如果成了 以后遇到第一次听这首歌的路人就可以说 对对对黄女士才是原唱,0
2025/4/2 12:57,被网暴还双赢？另一方擦边 固粉 卖票  喜气洋洋 。目前为止华方没有出具任何一份合法证据，之前都是违法暴行,1
2025/4/2 12:57,#华晨宇方称拒绝音乐版权擦边行为##华晨宇黄霄云方未能达成共识#4.2日华晨宇工作室官方回应，实锤来了@黄霄雲（巡演版）,0
2025/4/2 12:57,如果署名加上“吟唱设计：华晨宇“，即使不付炒面钱，估计花花也不会计较，就当扶贫了,1
2025/4/2 12:57,拒绝模糊版权，打擦边球，请@黄霄云 @黄霄云的云上面包坊 下架侵权音源＋给华晨宇道歉#华晨宇黄霄雲双方未能达成有效共识#,1
2025/4/2 12:57,太欺负人了 @黄霄雲 @黄霄雲的雲上面包坊,1
2025/4/2 12:57,支持华晨宇先生维权,0
2025/4/2 12:57,要尊重别人的创作心血，如果每个人都《模仿，借鉴》那么真心想做好音乐的人，看到这种情况，会怎么想？反正大家都是不声不响就拿来用了，自己花费的时间，心血又算什么呢？尊重原创，尊重别人，才能被别人尊重[比心],0
2025/4/2 12:57,说得很明白了#华晨宇方称拒绝音乐版权擦边行为#,0
2025/4/2 12:57,尊重原创，拒绝擦边，下架！道歉！#华晨宇方称拒绝音乐版权擦边行为#,0
2025/4/2 12:57,毕竟是音乐强盗呢,1
2025/4/2 12:57,是的，拒绝版权擦边行为。博主西安见,0
2025/4/2 12:57,出来道歉,1
2025/4/2 12:57,直接打脸，啪啪响我搁着网线都知道了,1
2025/4/2 12:57,道歉下架#华晨宇方称拒绝音乐版权擦边行为#,0
2025/4/2 12:57,音乐是底线 #华晨宇 无妄之灾#,1
2025/4/2 12:57,不是哥们，实在不行你去看看黄霄云唱的魔笛再说呢[他急了],1
2025/4/2 12:57,避重就轻不是解决问题的方式，同时拒绝音乐版权擦边行为。我们一直秉持开放的心态欢迎优秀音乐人交流共进，但与此同时希望音乐作品能够多一些纯粹原创，少一些模糊“借鉴”。尊重音乐创作者的作品创意是原创音乐人的基本职业道德素养@黄霄雲的雲上面包坊 @黄霄雲,0
2025/4/2 12:57,拒绝音乐版权擦边行为。尊重音乐创作者的作品创意是原创音乐人的基本职业道德素养，每一份饱含心血的成果都应该被认可和保护@黄霄雲  #华晨宇方称拒绝音乐版权擦边行为#,0
2025/4/2 12:58,还绝不认输[捂脸]，笑的我梦见裁缝姐直接滑跪道歉的了[捂脸][强壮],1
2025/4/2 12:58,虽然不喜欢法师，但是这把支持法师,0
2025/4/2 12:58,@黄霄雲 @黄霄雲的雲上面包坊 道歉，下架,1
2025/4/2 12:58,继续告,1
2025/4/2 12:58,#华晨宇方称拒绝音乐版权擦边行为# 道歉下架,0
2025/4/2 12:58,希望音乐作品能够多一些纯粹原创，少一些模糊“借鉴”。@黄霄雲的雲上面包坊 @黄霄雲,0
2025/4/2 12:58,多一些纯粹原创，少一些模糊“借鉴”。尊重音乐创作者的作品创意是原创音乐人的基本职业道德素养，每一份饱含心血的成果都应该被认可和保护。,0
2025/4/2 12:58,华晨宇歌迷坚决维护华晨宇音乐原创权益！拒绝任何打擦边，避重就轻等损害华晨宇音乐版权等行为！坚持维权！！,0
2025/4/2 12:58,自己现场破音教唆自己的粉丝替换音源你们见过这种歌手没？我是没见过,1
2025/4/2 12:58,你好无知 新世界的前身就是呐喊 甚至你所说的被偷歌的作者张韶涵 就在现场 所以轮不到你在这说三道四,1
2025/4/2 12:58,法律维权多一点纯粹，少一点卖票,0
2025/4/2 12:58,支持维权！欢迎老师来火星做客！,0
2025/4/2 12:58,支持华晨宇维权,0
2025/4/2 12:58,感谢央妈让我们听到了由黄霄雲翻唱的带着华晨宇改编的《孩子》里的和声版的《烟火里的尘埃》[调皮],0
2025/4/2 12:58,谢谢宝宝支持,0
2025/4/2 12:58,尊重原创！坚决维护华晨宇先生应有权益！公众人物应当提升个人素养，注重创作者版权意识。华晨宇方【从未】授权《孩子》相关版权，请黄小姐@黄霄雲 及工作室@黄霄雲工作室 明确你方无《孩子》ending挪用/抄袭/改编的许可，请正面回应相关问题，我们需要公开道歉、购买相关使用版权、归还应有原创署名。,0
2025/4/2 12:58,请黄霄云粉丝正视偶像音乐版权擦边行为事件！辱骂华及华歌迷更是错上加错！,1
2025/4/2 12:58,尊重原创,0
2025/4/2 12:58,大家关注的是烟火里的尘埃还是孩子，你都没搞清楚？,0
2025/4/2 12:58,拒绝版权擦边，这是职业道德[不失礼貌的微笑],0
2025/4/2 12:58,@黄霄雲 @黄霄雲的雲上面包坊 出来说话，别装死,1
2025/4/2 12:58,尊重原创！支持华晨宇先生维权！！,0
2025/4/2 12:58,欢迎博主来火星玩,0
2025/4/2 12:58,支持华晨宇维权，希望大家都支持正版音乐,0
2025/4/2 12:58,华裁缝,0
2025/4/2 12:58,黄晓云快和李袁杰组个cp吧 袁记云饺  偷子组合,0
2025/4/2 12:58,还是给足了体面的，自始至终没提她名字。（但是她粉丝不同意，说是不敢提）,0
2025/4/2 12:58,不是我，我在吃饭[捂脸],0
2025/4/2 12:58,自己不会写歌就算了，至少版权这块得重视一下吧，一线艺人别去干网红的事啊[流泪],1
2025/4/2 12:59,支持华晨宇先生维权！请尊重每一位原创歌手的劳动成果！,0
2025/4/2 12:59,#华晨宇方称拒绝音乐版权擦边行为# 支持维权,0
2025/4/2 12:59,@黄霄雲 @黄霄雲的雲上面包坊 道歉，下架,1
2025/4/2 12:59,支持原创,0
2025/4/2 12:59,最后一段吟唱是华晨宇创作的[哈欠],0
2025/4/2 12:59,踢到铁板了bb,1
2025/4/2 12:59,恭喜女裁缝喜提新名字#华晨宇方称拒绝音乐版权擦边行为#,0
2025/4/2 12:59,@黄霄云 道歉,1
2025/4/2 12:59,支持华晨宇先生维权!,0
2025/4/2 12:59,什么打广告，完全就是他们侵权了，我们在维权,1
2025/4/2 12:59,欢迎来火星玩,0
2025/4/2 12:59,是的，并且说是自己原创,0
2025/4/2 12:59,#华晨宇方称拒绝音乐版权擦边行为# #华晨宇 黄霄云#,0
2025/4/2 12:59,没才华不要紧别偷别人的东西,1
2025/4/2 12:59,对！还说这个吟唱是自己原创的,1
2025/4/2 12:59,华晨宇是体面人，无奈有些人太不体面，毫无职业道德操守，毫无底线#华晨宇方称拒绝音乐版权擦边行为#,1
2025/4/2 12:59,真的恶心人??,1
2025/4/2 12:59,道歉，下架！@黄霄雲 @黄霄雲的雲上面包坊,1
2025/4/2 12:59,多一些纯粹原创，少一些模糊“借鉴”。尊重音乐创作者的作品创意是原创音乐人的基本职业道德素养，每一份饱含心血的成果都应该被认可和保护。,0
2025/4/2 12:59,这例子举的很不错 大大方方承认并补救 不丢人  官方下场还硬撑就很不体面了 尊重原创吧    欢迎来火星玩儿,0
2025/4/2 12:59,@黄霄雲 @黄霄雲的雲上面包坊 多一些纯粹原创，少一些模糊“借鉴”。尊重音乐创作者的作品创意是原创音乐人的基本职业道德素养，每一份饱含心血的成果都应该被认可和保护。,0
2025/4/2 12:59,守护最好的面包[爱心][爱心],0
2025/4/2 12:59,华晨宇维权都这么难，更何况普通原创者呼吁黄霄雲女士尽快更正歌曲发行的疏漏之处，也请黄霄雲粉丝停止全平台造谣，恶意诋毁污名化华晨宇歌迷的正当维权行为！#华晨宇方称拒绝音乐版权擦边行为##华晨宇黄霄云方未能达成共识##华晨宇 黄霄云# @黄霄雲的雲上面包坊 @黄霄雲,1
2025/4/2 12:59,@黄霄雲 @黄霄雲的雲上面包坊 道歉 下架,1
2025/4/2 12:59,路人请知悉[送心],0
2025/4/2 12:59,这个例子通俗易懂，一下子就明白了！欢迎你来火星做客哦,0
2025/4/2 12:59,道歉?下架@黄霄雲 @黄霄雲的雲上面包坊,1
2025/4/2 12:59,对方可能看工作室平常不太作为才敢这么猖狂吧，这下好了直接打脸,1
2025/4/2 12:59,exm？《烟火里的尘埃》大热歌，还需要别人给热度吗？取得了翻唱权就老老实实唱，蹭热度还抄人家别人其他的歌，这叫“双赢”啊？,1
2025/4/2 12:59,小偷说话[赞],1
2025/4/2 12:59,多些纯粹原创 少些模糊借鉴~黄霄云翻唱未经允许擅自拼接华晨宇创意，我方坚决维护歌手华晨宇的音乐,1
2025/4/2 13:00,支持华晨宇维权！坚决维护华晨宇学生音乐版权！,0
2025/4/2 13:00,谁跟你说没有赢过？,1
2025/4/2 13:00,对华晨宇无感，但是支持原创[比心],0
2025/4/2 13:00,避重就轻不是解决问题的方式，拒绝音乐版权擦边行为????请黄女士正面回应@黄霄雲的雲上面包坊 @黄霄雲,1
2025/4/2 13:00,[憨笑],0
2025/4/2 13:00,每天想怎么营销自己，还不如去提高自己的技术，然后当自己业务能力变强的时候，别人自然就看到了。#华晨宇方称拒绝音乐版权擦边行为#,0
2025/4/2 13:00,支持华晨宇先生维权！,0
2025/4/2 13:00,路过一个水果摊，和摊主买了一个西瓜，看见边上的桃子不错，顺手把桃子也放进袋子里，摊主问她为什么不付桃子钱，她说我已经买了西瓜了啊[微笑R],1
2025/4/2 13:00,谢谢你[流泪]，我们只是要一个说明[流泪],0
2025/4/2 13:00,给王霄云洗清的那些人都不来说了呀,1
2025/4/2 13:00,拒绝擦边！,0
2025/4/2 13:00,正解，现在还死不承认,1
2025/4/2 13:00,支持原创,0
2025/4/2 13:00,尊重音乐，尊重原创，拒绝擦边,0
2025/4/2 13:00,抄了三节半。严格来说四节算抄袭。所以才说黄霄云打擦边球。,1
2025/4/2 13:00,是的,0
2025/4/2 13:00,转发微博,0
2025/4/2 13:00,拒绝音乐擦边行为,0
2025/4/2 13:00,#华晨宇方称拒绝音乐版权擦边行为# 请正面回应！#华晨宇 黄霄云#,0
2025/4/2 13:00,拒绝音乐版权擦边,0
2025/4/2 13:00,例子好贴切哈哈哈！我们都应该尊重原创歌手的作品！拒绝音乐版权问题打擦边球,0
2025/4/2 13:00,华晨宇维权都这么难，更何况普通原创者呼吁黄霄雲女士尽快更正歌曲发行的疏漏之处，也请黄霄雲粉丝停止全平台造谣，恶意诋毁污名化华晨宇歌迷的正当维权行为！#华晨宇方称拒绝音乐版权擦边行为##华晨宇黄霄云方未能达成共识##华晨宇 黄霄云# @黄霄雲的雲上面包坊 @黄霄雲,1
2025/4/2 13:00,坚决维护华晨宇先生应有权益！公众人物应当提升个人素养，注重创作者版权意识。华晨宇方【从未】授权《孩子》相关版权，请黄小姐@黄霄雲  及工作室@黄霄雲的雲上面包坊  明确你方无《孩子》ending挪用／抄袭／改编的许可，请正面回应相关问题，我们需要公开道歉、购买相关使用版权、归还应有原创署名。,1
2025/4/2 13:00,是的宝宝，还在编曲上直接标注自己了,0
2025/4/2 13:00,小偷就是小偷[憨笑],1
2025/4/2 13:00,#华晨宇告黑案一审民事判决#  支持华晨宇先生维权！！！,0
2025/4/2 13:00,善意提醒华语乐坛所有从业人员今后给黄霄雲授权的时候请提前备好律师团队，谨防一次授权终生自助#华晨宇方称拒绝音乐版权擦边行为#,1
2025/4/2 13:00,是这么个理！有识之士条理清晰。这种投机取巧不尊重原创的拿来主义一旦开了口让真正的创作者情何以堪？无规矩不成方圆！反对这种模糊巧取豪夺的行为！,0
2025/4/2 13:00,支持华晨宇维权,0
2025/4/2 13:00,@黄霄雲 @黄霄雲的雲上面包坊 多一些纯粹原创，少一些模糊“借鉴”。尊重音乐创作者的作品创意是原创音乐人的基本职业道德素养，每一份饱含心血的成果都应该被认可和保护。,0
2025/4/2 13:00,先让子弹飞一会。这只是一个观点，一个视角，不是真相,0
2025/4/2 13:00,图片评论,0
2025/4/2 13:00,搞不懂，说什么没公章是废纸，现在好了工作室发出来了又不说话，之前一直给台阶下又不要，说过什么我家网暴，别来招笑，来偷我家歌，求偷歌还不承认教程，还能若无其事开演唱会！！！！，真以为我家好欺负了，华晨宇作为受害方还主动沟通了,1
2025/4/2 13:00,#华晨宇黄霄雲双方未能达成有效共识# #华晨宇烟火里的尘埃# #华晨宇方称拒绝音乐版权擦边行为# 原创音乐人，版权问题绝不含糊,0
2025/4/2 13:00,@Golia,0
2025/4/2 13:00,买了A版权用了B吟唱结果成自己的东西了标注华晨宇原唱本就应该的，做应该做的事情还要夸你一下歌迷合理诉求就因为我们人多对面茶言茶语说我们“网暴”天呢当时歌手在我家本就被骂的情况下就因黄的一句她是华晨宇歌迷火姐帮同被网暴的黄说了多少好话转移了多少战火忘本实属第一,1
2025/4/2 13:00,划拳歌和工作室同时出来干活的含金量他们懂不懂啊，堪比活久见,0
2025/4/2 13:00,抵制黄裁缝拒绝擦边侵权！！！,1
2025/4/2 13:00,偷别人歌还想下架原唱是第一次见！偷别人改编部分说是自己原创也是第一次见！果然人不要脸天下无敌@黄霄雲,1
2025/4/2 13:00,拒绝音乐版权擦边行为,0
2025/4/2 13:00,铁锤哈,1
2025/4/2 13:00,实际有 拼好歌第一人 内娱黑红路线第一人 歌坛玖月晞,1
2025/4/2 13:00,音乐人最重要的版权意识呢，脸都不要了,1
2025/4/2 13:00,笑发财了//@小华说带晋宝baby迈向新宇宙:不仅不想付钱，还说没吃炒面，指面为饭#华晨宇方称拒绝音乐版权擦边行为#,1
2025/4/2 13:00,你要有病就去医院治一下，耳朵有问题你就去治耳朵 脑子有问题你就去治脑子,1
2025/4/2 13:01,避重就轻不是解决问题的方式，同时拒绝音乐版权擦边行为,0
2025/4/2 13:01,支持华晨宇维权，坚决维护华晨宇的??版权，拒绝强盗行为！,0
2025/4/2 13:01,对的,0
2025/4/2 13:01,输了吗[灵机一动],0
2025/4/2 13:01,这不就是学术不端吗，拿了别人的数据说是自己做出来的,1
2025/4/2 13:01,别倔了 求锤得锤 请尊重原创,1
2025/4/2 13:01,@TOP音樂風雲榜,0
2025/4/2 13:01,支持????,0
2025/4/2 13:01,抵制一切抄袭行为，拒绝音乐版权擦边行为！,0
2025/4/2 13:01,拒绝一切音乐版权擦边行为！！！,0
2025/4/2 13:01,@养花又养鱼_: 黄照搬的是华《孩子》的整个outro编排，也就是尾奏吟唱的核心特征（包括音高走向、节奏型态及和声架构），这段是原版《烟火里的尘埃》里没有的，黄粉唯一能证明黄没问题的是拿出西楼的demo证明原版就有这段而不是一直拿华晨宇的各种改编说事，自诩原创音乐人就不要有各种版权擦边行为,1
2025/4/2 13:01,希望音乐作品能够多一些纯粹原创，少一些模糊“借鉴”。尊重音乐创作者的作品创意是原创音乐人的基本职业道德素养，每一份饱含心血的成果都应该被认可和保护。,0
2025/4/2 13:01,多一些纯粹原创，少一些模糊“借鉴”。拒绝音乐擦边行为！,0
2025/4/2 13:01,#华晨宇方称拒绝音乐版权擦边行为#,0
2025/4/2 13:01,抄袭,1
2025/4/2 13:01,拒绝音乐擦边哈，支持维权,0
2025/4/2 13:01,什么，倒反天罡……,0
2025/4/2 13:01,这就是典型的给脸不要脸,1
2025/4/2 13:01,不怎么看，拒绝擦边行为，出来，道歉！,1
2025/4/2 13:01,是因为自己写不出来歌吗“原创歌手”黄小姐#华晨宇 黄霄雲#,1
2025/4/2 13:01,支持原创，尊重原创，拒绝音乐版权擦边行为！,0
2025/4/2 13:01,是不是小偷还不明了吗,1
2025/4/2 13:01,尊重原创！坚决维护华晨宇先生应有权益！华晨宇方【从未】授权《孩子》相关版权，请黄小姐@黄霄雲 及工作室@黄霄雲的雲上面包坊 明确你方无《孩子》ending挪用/抄袭/改编的许可，请正面回应相关问题，我们需要公开道歉、购买相关使用版权、归还应有原创署名。,0
2025/4/2 13:01,谁看了都恶心,1
2025/4/2 13:01,你怎么看呢,0
2025/4/2 13:01,拒绝音乐版权擦边行为?,0
2025/4/2 13:01,恬不知耻@黄霄雲,1
2025/4/2 13:01,支持华晨宇维权,0
2025/4/2 13:01,真不容易啊,0
2025/4/2 13:01,还要受害者主动沟通啊 好不体面,1
2025/4/2 13:01,输啦,0
2025/4/2 13:01,有机会一定要来火星做客玩一玩！,0
2025/4/2 13:01,如果连华晨宇维权都这么难，那么那些平平凡凡努力坚持创作的原创作者们呢？ ,0
2025/4/2 13:01,@黄霄雲的雲上面包坊 @黄霄雲 说话呀 昨天不是很能说的吗#华晨宇方称拒绝音乐版权擦边行为# #华晨宇 黄霄云# #华晨宇对接斥侵权行为#,1
2025/4/2 13:01,怎么看，理智看啊。买《烟火里的尘埃》顺便把《孩子》的版权也“买”了?什么好事全让黄粉丝占了呗，不存在“买一送一”,1
2025/4/2 13:01,欢迎来玩！,0
2025/4/2 13:01,支持创作者维权，反对音乐擦边行为,0
2025/4/2 13:01,#华晨宇方称拒绝音乐版权擦边行为# @黄霄雲 @黄霄雲的雲上面包坊 道歉，下架。 ,0
2025/4/2 13:01,hxy你作为一个歌手做这种事情你算是完蛋了哈[憨笑]@黄霄雲（巡演版）,1
2025/4/2 13:01,说的好！支持博主！,0
2025/4/2 13:01,支持华晨宇,0
2025/4/2 13:02,拒绝音乐擦边行为！,0
2025/4/2 13:02,华已经很体面了，谁能想到某艺人如此得寸进尺呢,1
2025/4/2 13:02,@TOP音樂風雲榜,0
2025/4/2 13:02,尊重音乐创作者的作品创意是原创音乐人的基本职业道德素养，每一份饱含心血的成果都应该被认可和保护。黄的这种不问自取、拒绝沟通的行为极其恶劣！,1
2025/4/2 13:02,音乐学院真该增强艺德教育，好好的歌手不做非要搞版权擦边弄拼好歌，真给母校抹黑。 我把华晨宇没有发表的即兴凑一起也能发好多歌了，也是“原创歌手”了。??,1
2025/4/2 13:02,睁开眼睛好好看看呢 能不能带上脑子再发帖,1
2025/4/2 13:02,@黄霄雲的雲上面包坊 @黄霄雲 说话啊，道歉，下架#华晨宇方称拒绝音乐版权擦边行为#,1
2025/4/2 13:02,支持华晨宇维权，拒绝无版权擦边球行为,0
2025/4/2 13:02,哈哈哈哈哈哈,0
2025/4/2 13:02,@黄霄雲 道歉！下架！坚决维护音乐版权！,0
2025/4/2 13:02,#华晨宇方称拒绝音乐版权擦边行为#天呐，看了一下大概内容，如果华晨宇维权都这么难的话，真不敢想象一些体量小的音乐人要怎么保护自己的创作，希望大家的心血都不会被辜负 ,0
2025/4/2 13:02,请黄霄云粉丝正视偶像音乐版权擦边行为事件！辱骂华及华歌迷更是错上加错！ 如果华晨宇这么大体量的歌手都尚且维权困难，那手绘圈、小说圈、音乐圈等圈层的普通创作者被侵权又该何去何从？我们又该如何做才能真真正正保护原创者的权益！,0
2025/4/2 13:02,尊重音乐创作者的作品创意是原创音乐人的基本职业道德素养，每一份饱含心血的成果都应该被认可和保护！避重就轻不是解决问题的方式，对音乐版权擦边行为0容忍！,0
2025/4/2 13:02,不问自取是为偷,0
2025/4/2 13:02,黄不仅直接搬运，还把华的原创署名成了自己。,1
2025/4/2 13:02,完全赞同,0
2025/4/2 13:02,这是人说的话吗[黑脸][赞][赞]你真棒哈,1
2025/4/2 13:02,[呲牙],0
2025/4/2 13:02,希望音乐作品能够多一些纯粹原创，少一些模糊“借鉴”。尊重音乐创作者的作品创意是原创音乐人的基本职业道德素养，每一份饱含心血的成果都应该被认可和保护。,0
2025/4/2 13:02,补一下版权的事。。需要占用公共资源吗,0
2025/4/2 13:02,拒绝音乐版权擦边行为,0
2025/4/2 13:02,拒绝音乐版权擦边行为！！请内娱抵制黄裁缝,1
2025/4/2 13:02,拒绝擦边版权，整治不良风气,0
2025/4/2 13:02,回复@江上之清风_yu:经典知道这件事说不过，自家不占理，就开始扯别的了 黄霄云可以因为最后那段吟唱没说明出处道歉，那同理华晨宇也应该因为借鉴呐喊没标原曲而道歉,1
2025/4/2 13:02,是的 而且和声编写写的她自己,0
2025/4/2 13:02,老师说得好生动形象，大家看明白了吧，请业内避雷黄女士方版权擦边行为#华晨宇方称拒绝音乐版权擦边行为#,0
2025/4/2 13:02,拒绝一切音乐版权擦边行为！！！,0
2025/4/2 13:02,#华晨宇方称拒绝音乐版权擦边行为# ,0
2025/4/2 13:02,尊重原创，支持华晨宇方合理维权，共同维护乐坛创作环境。#华晨宇黄霄雲双方未能达成有效共识#,0
2025/4/2 13:02,支持华晨宇维权！尊重每一位原创！,0
2025/4/2 13:02,小偷[舔屏][舔屏][舔屏],1
2025/4/2 13:02,嘴真硬，被告了就好了[赞],1
2025/4/2 13:02,昨天一天主动沟通…还让缓冲方发声明，给台阶到这种地步了，还要怎样？从始至终只是要一个解释，或者重新标注一下，换来了是连续多天的得寸进尺与对面男粉下流的造谣辱骂！做人不能这样！尊重原创，拒绝版权擦边，拒绝无理造谣！,1
2025/4/2 13:02,#华晨宇方称拒绝音乐版权擦边行为#,0
2025/4/2 13:02,出来道歉 下架#华晨宇方称拒绝音乐版权擦边行为#,1
2025/4/2 13:02,图片评论,0
2025/4/2 13:02,拒绝音乐版权擦边,0
2025/4/2 13:02,支持华晨宇维权！,0
2025/4/2 13:02,哎呦我你看这事闹的，饭可以吃拼好饭，歌可不能拼好歌哦。至于说是粉丝估计也就是谁火喜欢谁，真正的粉丝，或者说真正的有音乐版权意识的人不会这样厚脸皮的,1
2025/4/2 13:02,虽然不是华晨宇粉丝，但他的《烟火里的尘埃》和《好像爱这个世界》真的不错，尤其尘埃这首歌里的独吟，好听,0
2025/4/2 13:02,她算是踢到钢板啦,1
2025/4/2 13:02,例子举的好！欢迎来火星玩！,0
2025/4/2 13:02,再次重申，版权没有问题[他急了][他急了],1
2025/4/2 13:02,偷这么一次 偷子的名号可就永远跟着你了@黄霄雲,1
2025/4/2 13:02,原唱都觉得他唱的好，你们搁着yy上了,1
2025/4/2 13:02,对的宝宝,0
2025/4/2 13:02,支持华晨宇维权！拒绝音乐版权擦边！,0
2025/4/2 13:02,我们欢迎每一位以心聆听原创、用灵魂感知音乐的伙伴，来华晨宇火星演唱会感受视听盛宴，见证原创力量的live现场,0
2025/4/2 13:02,拒绝任何形式的抄袭。黄霄雲抄袭华晨宇原创的旋律，还标上是自己的原创，这不是抄袭是什么？难以置信会有这样的人。,1
2025/4/2 13:02,请黄霄云粉丝正视偶像音乐版权??擦边??行为事件！??辱骂??华及华歌迷更是错上加错！  如果华晨宇这么大体量的歌手都尚且维权困难，那手绘圈、小说圈、音乐圈等圈层的普通创作者被侵权又该何去何从？我们又该如何做才能真真正正保护原创者的权益！,1
2025/4/2 13:02,@黄霄云@黄霄雲的雲上面包坊 出来道歉，尊重音乐原创，请重视自身音乐创作，少打音乐擦边球,1
2025/4/2 13:03,怪不得这么嚣张，同样的手段用起来果然得心应手啊,1
2025/4/2 13:03,抵制黄小偷拒绝擦边侵权！！！,1
2025/4/2 13:03,还是华晨宇的粉丝太有素质了，换了别的歌手早就发律师函了吧！,0
2025/4/2 13:03,欢迎老师来我们火星演唱会 作为音乐人连最基本的东西都做不到实在是太愧对于音乐人这个名字了,1
2025/4/2 13:03,那就去告呗，网暴都干的出来的你们还有啥好顾忌的，去吧我支持你[捂脸],1
2025/4/2 13:03,支持原创，饭可以吃拼好饭，歌可不能拼好歌,0
2025/4/2 13:03,好精准的三节半，所以按规则来说，你们去告也告不赢，那她很坏了,1
2025/4/2 13:03,清汤大老爷，我方坚持立场：避重就轻不是解决问题的方式，同时拒绝音乐版权擦边行为。#华晨宇方称拒绝音乐版权擦边行为#,0
2025/4/2 13:03,我知道大概这样的意思,0
2025/4/2 13:03,@春语即莫毅???? 这是憋笑挑战吗，我承认我输了,0
2025/4/2 13:03,你要的,0
2025/4/2 13:03,哎呀看粉丝吵来吵去阴阳怪气的有点无聊啊孩子们，你们整点开户整点真活呗,1
2025/4/2 13:03,请尊重原唱尊重创作,0
2025/4/2 13:03,我以为这首歌就是这样唱的,0
2025/4/2 13:03,小偷姐 没什么好说的,1
2025/4/2 13:03,维护所有原创者权益,0
2025/4/2 13:03,我听懂了@黄霄云 @黄霄雲的雲上面包坊 你们听懂了吗？,0
2025/4/2 13:03,怎么看？都这么擦边“借鉴”下去，华语乐坛将遍地“原创”也再无原创！,1
2025/4/2 13:03,敢不敢出来说话！！！@黄霄雲（巡演版） @好想吃面包蛋糕芝士,1
2025/4/2 13:03,这件事儿好笑的地方在于黄霄云工作室跑出来说拿到了华晨宇授权，今天华晨宇工作室出来锤她根本没拿到授权黄霄云心虚但是嘴硬，还有黄霄云工作室精选了评论区，留下了她粉丝内涵华晨宇的评论，不光侵权，人品还有问题,1
2025/4/2 13:03,#华晨宇方称拒绝音乐版权擦边行为# @黄霄雲的雲上面包坊 @黄霄雲 过来道歉！下架！少说什么“借鉴”！“借鉴”是什么？“借鉴”就是抄袭就是偷，明目张胆的偷窃,1
2025/4/2 13:03,主要是最幽默的一件事是，原唱团队找他们沟通还被拒绝了，给台阶不下反而在其他平台下水军，品德真的南坪,1
2025/4/2 13:03,原创歌手维权困难啊,0
2025/4/2 13:03,@黄霄雲 @黄霄雲的雲上面包坊 道歉。下架,1
2025/4/2 13:03,@黄霄雲 @黄霄雲的雲上面包坊 多一些纯粹原创，少一些模糊“借鉴”。尊重音乐创作者的作品创意是原创音乐人的基本职业道德素养，每一份饱含心血的成果都应该被认可和保护。,0
2025/4/2 13:03,想起喜欢的太太被抄袭说了抄袭者几句结果被对方小粉丝群殴了,1
2025/4/2 13:03,拒绝 hxy 打擦边球请 hxy 归还版权或者标明原创为华晨宇,1
2025/4/2 13:03,还指着桃子说：这不是西瓜吗，我付了瓜钱了啊,1
2025/4/2 13:03,尊重原创歌手，拒绝音乐擦边行为,0
2025/4/2 13:03,可惜你们家不愿意和我们沟通，你们说合法合规就是合法了吗？,1
2025/4/2 13:03,#华晨宇黄霄雲双方未能达成有效共识# 太无语，以至于谁看到了都忍不住骂一句“不要脸”//@温小柔Wind:华晨宇受害方还主动沟通，谁知对面仗着打擦边球就不承认以后各家小心别被偷了,1
2025/4/2 13:03,支持华晨宇先生维权！！,0
2025/4/2 13:03,作何解释！！！@好想吃面包蛋糕芝士,1
2025/4/2 13:03,欢迎来看火星演唱会，西安见,0
2025/4/2 13:03,西安见,0
2025/4/2 13:03,#华晨宇方称拒绝音乐版权擦边行为# 谢谢老师，欢迎来火星！华晨宇,0
2025/4/2 13:03,#华晨宇黄霄雲双方未能达成有效共识# #华晨宇方称拒绝音乐版权擦边行为# 做人不能太黄霄雲,1
2025/4/2 13:03,尊重原创！坚决维护华晨宇先生应有权益！公众人物应当提升个人素养，注重创作者版权意识。华晨宇方【从未】授权《孩子》相关版权，请@黄霄雲 及@黄霄雲的雲上面包坊 明确你方无《孩子》ending挪用/抄袭/改编的许可，请正面回应相关问题，我们需要公开道歉、购买相关使用版权、归还应有原创署名！,1
2025/4/2 13:04,歌手自己演唱会为啥会有翻唱别人的歌曲不懂好奇,0
2025/4/2 13:04,欢迎来玩,0
2025/4/2 13:04,支持华晨宇维权，拒绝擦边行为,0
2025/4/2 13:04,授权的原版，就算是2015改编版也是华晨宇自己改编的哈,0
2025/4/2 13:04,坚决维护华晨宇先生应有权益！公众人物应当提升个人素养，注重创作者版权意识。华晨宇方【从未】授权《孩子》相关版权，请黄小姐@黄霄雲  及工作室@黄霄雲的雲上面包坊  明确你方无《孩子》ending挪用／抄袭／改编的许可，请正面回应相关问题，我们需要公开道歉、购买相关使用版权、归还应有原创署名。,1
2025/4/2 13:04,我们搞剧本的也非常讨厌这种把别人构思创意拼接重组的行为，哪怕达不到触犯法律的程度，但故意钻空子，还大张旗鼓宣传，让被“窃”者被逼不得不发声，其中难处感同身受。,0
2025/4/2 13:04,明摆着抄,1
2025/4/2 13:04,拿着 Ctrl+c， 独自游走在 悠长又丰富的曲库 我希望逢着 一个好听，又独特的旋律 借鉴，模仿，不抄袭 他是有 晨宇一样的特色 晨宇一样的品味 晨宇一样的独创 在曲库中挑选 Ctrl?C 又 ?V                       ——《雨偷》[新月R],0
2025/4/2 13:04,震惊，她不写估计还闹不到这么大,1
2025/4/2 13:04,小泷包刷到，支持花花，对于原创歌手来说版权很重要[微笑],0
2025/4/2 13:04,尊重音乐创作者的作品创意是原创音乐人的基本职业道德素养，每一份饱含心血的成果都应该被认可和保护，支持华晨宇维权??,0
2025/4/2 13:04,用版权法来看，黄霄云就是偷了,1
2025/4/2 13:04,是的,0
2025/4/2 13:04,拒绝音乐版权擦边行为。尊重音乐创作者的作品创意是原创音乐人的基本职业道德素养，每一份饱含心血的成果都应该被认可和保护??????,0
2025/4/2 13:04,尊重原创！坚决维护华晨宇先生应有权益！公众人物应当提升个人素养，注重创作者版权意识。,0
2025/4/2 13:04,尊重原创！坚决维护华晨宇先生应有权益！公众人物应当提升个人素养，注重创作者版权意识。华晨宇方【从未】授权《孩子》相关版权，请黄小姐及工作室明确你方无《孩子》ending挪用/抄袭/改编的许可，请正面回应相关问题，我们需要公开道歉、购买相关使用版权、归还应有原创署名。,0
2025/4/2 13:04,支持华晨宇维权，拒绝音乐小偷行为,0
2025/4/2 13:04,保护音乐版权、保护创作人的心血，这种版权擦边行为很可耻。,0
2025/4/2 13:04,是挺无聊的，明摆着无版权挪别人的歌，早道歉不就完了非要嘴硬,1
2025/4/2 13:04,跟有病似的，还绝不认输,1
2025/4/2 13:04,但是！,1
2025/4/2 13:04,引用其他歌迷的话：除开最后的旋律盗用不谈，黄的授权是西楼的demo和林夕的词，可能很多人都没听过demo，和花录音棚版的演绎差距巨巨巨巨大，而这种演绎本身就是艺术创作的一部分包括最经典的头声，黄是一比一考屁，可惜唱法演绎的知识产权保护目前十分模糊。,0
2025/4/2 13:04,欢迎来火星玩啊,0
2025/4/2 13:04,这不是给脸不要脸吗？没办法自找的,1
2025/4/2 13:04,#华晨宇方称拒绝音乐版权擦边行为#,0
2025/4/2 13:04,尊重创作好吗,0
2025/4/2 13:04,授权个屁，最开始问的就是孩子的版权她们搞了个烟火的版权出来当盾用,1
2025/4/2 13:04,不仅不标明，还打上是自己原创 去投了原创金曲,1
2025/4/2 13:04,不问自取就是偷！,1
2025/4/2 13:04,4月5日、6日欢迎大家来西安场火星演唱会听现场版的《孩子》和《烟火里的尘埃》,0
2025/4/2 13:04,拒绝擦边式音乐,0
2025/4/2 13:04,那所以请问网易云正式发行的专辑版，有提原曲一个字吗？ 他歌手上标对了，就可以专辑版不标吗？我之前救了一个人，后面就可以去杀人不用负法律责任了吗 评论配图,1
2025/4/2 13:04,我方坚持立场：避重就轻不是解决问题的方式，同时拒绝音乐版权擦边行为。我们一直秉持开放的心态欢迎优秀音乐人交流共进，但与此同时希望音乐作品能够多一些纯粹原创，少一些模糊“借鉴”。尊重音乐创作者的作品创意是原创音乐人的基本职业道德素养，每一份饱含心血的成果都应该被认可和保护。,0
2025/4/2 13:04,拒绝音乐擦边行为?,0
2025/4/2 13:04,而且我们工作室昨天还主动沟通了一天，她们发的声明里口口声声感谢华晨宇先生，其实根本没沟通过，又当又立，太会营销了,1
2025/4/2 13:04,#华晨宇方称拒绝音乐版权擦边行为# #华晨宇 黄霄云# 尊重原创,0
2025/4/2 13:04,主动沟通，对方不配合哈,0
2025/4/2 13:04,尊重原创！坚决维护华晨宇先生应有权益！华晨宇方【从未】授权《孩子》相关版权，请黄小姐@黄霄雲 及工作室@黄霄雲的雲上面包坊 明确你方无《孩子》ending挪用/抄袭/改编的许可，请正面回应相关问题，我们需要公开道歉、购买相关使用版权、归还应有原创署名。,1
2025/4/2 13:04,此次事件，可以说是敲响了乐坛关于版权归属的警钟。不敢想象，如果人人都像黄女士那样，不问自取，肆意亵渎原创音乐人的劳动成果的话…那整个大环境将会变得多么混乱。希望从事相关事业的老师们保护好自己，免受其害。#华晨宇方称拒绝音乐版权擦边行为#,0
2025/4/2 13:04,黄霄雲拿到的是烟火里的尘埃的版权并不是华晨宇在18年改编的孩子的 版权 请@黄霄雲 @黄霄雲的雲上面包坊 认清现实尽快道歉,1
2025/4/2 13:04,@黄霄雲 下架音源?道歉,1
2025/4/2 13:04,#华晨宇方称拒绝音乐版权擦边行为#  黄女士太败好感了，当年的歌手就显得急功近利，又不懂得掩饰，现在是装都不装了？,1
2025/4/2 13:05,好搞笑,0
2025/4/2 13:05,欢迎来火星听超绝原版！！#华晨宇方称拒绝音乐版权擦边行为#,0
2025/4/2 13:05,每一份饱含心血的成果都应该被认可和保护！！！#华晨宇方称拒绝音乐版权擦边行为#,0
2025/4/2 13:05,说的特别好,0
2025/4/2 13:05,@黄霄雲 @黄霄雲的雲上面包坊 多一些纯粹原创，少一些模糊“借鉴”。尊重音乐创作者的作品创意是原创音乐人的基本职业道德素养，每一份饱含心血的成果都应该被认可和保护。,0
2025/4/2 13:05,@烨烨yu~ nb,0
2025/4/2 13:05,尊重原创,0
2025/4/2 13:05,#华晨宇方称拒绝音乐版权擦边行为# #华晨宇黄霄云方未能达成共识# 音乐是底线，支持华晨宇先生维权，拒绝音乐版权擦边行为。,0
2025/4/2 13:05,@TOP音樂風雲榜,0
2025/4/2 13:05,下架下架,1
2025/4/2 13:05,@黄霄雲 @黄霄雲的雲上面包坊 道歉 音源下架,1
2025/4/2 13:05,总结：黄霄云发表翻唱版《烟火里的尘埃》一歌中擅自拼接华晨宇《孩子》LIVE版中创作的一段旋律，未与华晨宇方沟通也未在作品中标注。只是购买了《烟火里的尘埃》的词曲使用权。,0
2025/4/2 13:05,姐姐欢迎来火星玩,0
2025/4/2 13:05,尊重原创，拒绝擦边抄袭！,0
2025/4/2 13:05,#华晨宇方称拒绝音乐版权擦边行为#,0
2025/4/2 13:05,哎我们讨论的从来都不是原版《烟火里的尘埃》版权，而是歌曲《孩子》的版权[捂脸][捂脸][捂脸][捂脸]你是不是没懂争论点啊[捂脸],0
2025/4/2 13:05,活该！给脸不要脸，昨天让歌迷会出来说明已经是给台阶下了！,1
2025/4/2 13:05,拒绝擦边球式音乐，坚决维护华晨宇音乐版权！,0
2025/4/2 13:05,现在看来只是想蹭热度罢了。。。,1
2025/4/2 13:05,没提是给你留个面子[憨笑]不知道怎么当人就闭嘴吧[憨笑],1
2025/4/2 13:05,邪教组织,1
2025/4/2 13:05,支持华晨宇#华晨宇方称拒绝音乐版权擦边行为#,0
2025/4/2 13:05,就时间线而言，这版A烟火里的尘埃+B孩子吟唱的版本，也不是黄霄云的首创，因为18年华晨宇鸟巢演唱会就这么唱过了。就是说B的吟唱的原创性是其一；A+B吟唱的这种改编方式的原创性是其二。这两个都非黄霄云的原创，那么在作品署名上又为什么找出个“吟唱编写”的名头来呢，既不合理法又不道德,1
2025/4/2 13:05,#华晨宇黄霄雲双方未能达成有效共识# 尊重原创！坚决维护华晨宇先生应有权益！华晨宇方【从未】授权《孩子》相关版权，请黄小姐@黄霄雲 及工作室@黄霄雲的雲上面包坊 明确你方无《孩子》ending挪用/抄袭/改编的许可，请正面回应相关问题，我们需要公开道歉、购买相关使用版权、归还应有原创署名。,1
2025/4/2 13:05,别睡了，起来回应一下吧[比心],0
2025/4/2 13:05,维权太难感谢发声,0
2025/4/2 13:05,而且她还在编曲和和声编写两处都署名了，就是在引导她粉丝和大众，这版跟烟火原版的区别是她原创,1
2025/4/2 13:05,甚至黄女士方买的只是《烟火里的尘埃》的词曲着作权，结果最后翻唱出来的版本，与华晨宇的原曲编排上几乎一模一样只跟她要《孩子》吟唱段的说法真是算客气了,1
2025/4/2 13:05,@黄霄雲 @黄霄雲的雲上面包坊 妈妈咪呀 好意思吗别给脸不要 抄袭还有理 打着原创捞了多少 出道多长时间归来还是新人 小烟都给你唱毁了唱破音了都 没这个实力就滚远一点,1
2025/4/2 13:05,尊重原创！坚决维护华晨宇先生应有权益！公众人物应当提升个人素养，注重创作者版权意识。华晨宇方【从未】授权《孩子》相关版权，请黄小姐@黄霄雲 及工作室@黄霄雲工作室 明确你方无《孩子》ending挪用/抄袭/改编的许可，请正面回应相关问题，我们需要公开道歉、购买相关使用版权、归还应有原创署名。,1
2025/4/2 13:05,#华晨宇烟火里的尘埃# #华晨宇方称拒绝音乐版权擦边行为#,0
2025/4/2 13:05,小偷行为不可原谅,0
2025/4/2 13:05,拒绝音乐版权擦边行为！每一个原创都值得被尊重！多些原创！少些“借鉴”！！,0
2025/4/2 13:05,就这么想给你姐往火坑里推啊？工作室已经很体面很给你们面子了给台阶就下吧别作了[憨笑],1
2025/4/2 13:06,尊重原创！！！！,0
2025/4/2 13:06,#华晨宇方称拒绝音乐版权擦边行为# 裁女是这样的//@小华说带晋宝baby迈向新宇宙:不仅不想付钱，还说没吃炒面，指面为饭#华晨宇方称拒绝音乐版权擦边行为#,1
2025/4/2 13:06,省流极速版指路,0
2025/4/2 13:06,有一便有二，查查她的其他的歌吧。,0
2025/4/2 13:06,还借鉴呢 偷就是偷,1
2025/4/2 13:06,欢迎来火星玩,0
2025/4/2 13:06,黄霄云确实鬼叫的不好听[赞],1
2025/4/2 13:06,尊重音乐创作者作品是基本音乐人职业道德拒绝一切音乐擦边行为！,0
2025/4/2 13:06,#华晨宇方称拒绝音乐版权擦边行为# #华晨宇黄霄云方未能达成共识# 音乐是底线，支持华晨宇先生维权，拒绝音乐版权擦边行为。 #华晨宇方称拒绝音乐版权擦边行为# #华晨宇黄霄云方未能达成共识# 音乐是底线，支持华晨宇先生维权，拒绝音乐版权擦边行为。,0
2025/4/2 13:06,#华晨宇方称拒绝音乐版权擦边行为#,0
2025/4/2 13:06,@黄霄雲 @黄霄雲的雲上面包坊 道歉，下架。,1
2025/4/2 13:06,抄袭的完全不只最后那一点吟唱，那一模一样的两句是铁证，但更多是只买了词曲版权但风格编曲编排都几乎和原版一模一样，唯一的ending变化还是抄的华晨宇别的原创改编旋律，这版翻唱从头到尾都在擦边抄袭 作为对照可以看别的女歌手翻唱版，完全的重新编曲,1
2025/4/2 13:06,支持维权，尊重原创，拒绝音乐版权擦边行为！,0
2025/4/2 13:06,欢迎来火星玩！！！,0
2025/4/2 13:06,#华晨宇黄霄雲双方未能达成有效共识# 请全世界在保护版权这件事达成共识,0
2025/4/2 13:06,原创不易，希望乐坛少一点擦边裁女,0
2025/4/2 13:06,现在是已经给脸不要脸了。@黄霄雲 说话,1
2025/4/2 13:06,是的，他们真的是什么谎都敢撒，明知错而故犯，精选评论还保留侮辱言论偷偷激化矛盾转移话题,1
2025/4/2 13:06,抵制音乐擦边行为！,0
2025/4/2 13:06,#华晨宇方称拒绝音乐版权擦边行为# #华晨宇 黄霄云#,0
2025/4/2 13:06,尊重原创??保护华晨宇先生音乐版权?? 拒绝音乐版权擦边行为? 欢迎大家来网易云音乐听华晨宇《烟火里的尘埃》,0
2025/4/2 13:06,尊重原创[尬笑][尬笑][尬笑],0
2025/4/2 13:06,@黄霄雲 @黄霄雲的雲上面包坊 多一些纯粹原创，少一些模糊“借鉴”。尊重音乐创作者的作品创意是原创音乐人的基本职业道德素养，每一份饱含心血的成果都应该被认可和保护。,0
2025/4/2 13:06,@看呐，太阳出来啦yu 懒得喷,1
2025/4/2 13:07,@谁动了我的奶酪,0
2025/4/2 13:07,来玩！我们在西安等你来啊～,0
2025/4/2 13:07,@黄霄雲 @黄霄雲的雲上面包坊 多一些纯粹原创，少一些模糊“借鉴”。避重就轻不是解决问题的方式，拒绝音乐版权擦边行为,1
2025/4/2 13:07,@黄霄雲 @黄霄雲的雲上面包坊 道歉！下架！不然以后见一次打一次,1
2025/4/2 13:07,好比喻…版权问题是所有原创者的底线，不论是什么作品，都应尊重！,0
2025/4/2 13:07,谁无脑[憨笑]@黄霄雲（巡演版）,1
2025/4/2 13:07,坚决维护华晨宇的音乐版权！拒绝音乐擦边行为！[可愛][可愛][可愛],0
2025/4/2 13:07,尊重音乐创作者的作品创意是原创音乐人的基本职业道德素养，每一份饱含心血的成果都应该被认可和保护。支持华晨宇维权！,0
2025/4/2 13:07,授权的是《烟火里的尘埃》，可黄女士结尾吟唱那段是华晨宇改编西楼老师作品《孩子》里的，还标称黄女士是原创，《孩子》我们可是没授权，尊重音乐创作者的作品创意是原创音乐人的基本职业道德素养，每一份饱含心血的成果都应该被认可和保护！,1
2025/4/2 13:07,华晨宇维权都这么难，更何况普通原创者呼吁黄霄雲女士尽快更正歌曲发行的疏漏之处，也请黄霄雲粉丝停止全平台造谣，恶意诋毁污名化华晨宇歌迷的正当维权行为！#华晨宇方称拒绝音乐版权擦边行为##华晨宇黄霄云方未能达成共识##华晨宇 黄霄云# @黄霄雲的雲上面包坊 @黄霄雲,1
2025/4/2 13:07,鞠婧祎棒 预约《千香》了吗,0
2025/4/2 13:07,买个lv顺手牵羊把人家爱马仕顺走了，转头还要说一句，你的lv也是因为我买了才值钱，这种行为懂得都懂,1
2025/4/2 13:07,只能说音乐人都小心防范了，正大光明的偷啊！土匪强盗啊！,1
2025/4/2 13:07,那她投原创啥意思啊,0
2025/4/2 13:07,昨天歌迷会的声明就是在工作室授权下发的，本想给裁女留点体面，奈何给脸不要脸再次说明避重就轻不是解决问题的方式，同时拒绝音乐版权擦边行为。 ！！！创作不易，作为一个音乐人要点脸,1
2025/4/2 13:07,拒绝擦边球式音乐，坚决维护华晨宇音乐版权！,0
2025/4/2 13:07,我们也不想闹成这样的，唉，你看这事儿闹的，出来解释解释吧，回应回应啊,0
2025/4/2 13:07,#华晨宇方称拒绝音乐版权擦边行为#,0
2025/4/2 13:07,回复@AAA想见你yu:还有那个头声，像是尖叫上去的一样，翻唱个啥玩意,1
2025/4/2 13:07,这难道不算小偷吗,1
2025/4/2 13:07,因为音乐是底线了啊 维权真的特别特别难 尤其碰上不要脸的,1
2025/4/2 13:07,对 她们还死不承认,1
2025/4/2 13:07,甚至偷偷上车被发现了还嘴硬拒不补票,1
2025/4/2 13:07,听说她家是惯犯了，之前的前辈都没多大风波，可能没想到我们家对音乐的态度这么坚决，他家粉丝真的死鸭子嘴好硬，昨天说华晨宇全球歌迷会不正规，叫嚣着让工作室出面，工作室真出面了，又叫嚣着去告hxy，真的是巴不得早点被锤死嘛,1
2025/4/2 13:07,黄裁缝 [比心][微笑],0
2025/4/2 13:07,这个真的是很正确了,0
2025/4/2 13:07,路过一个水果摊，和摊主买了一个西瓜，看见边上的桃子不错，顺手把桃子也放进袋子里，摊主问她为什么不付桃子钱，她说我已经买了西瓜了啊[微笑R],1
2025/4/2 13:07,#华晨宇方称拒绝音乐版权擦边行为# 欢迎来火星演唱会感受视听盛宴,0
2025/4/2 13:07,对,0
2025/4/2 13:07,好不要脸，钉在耻辱柱上吧,1
2025/4/2 13:07,一定要来看看原唱，谁都唱不出来的感觉,0
2025/4/2 13:07,抵制裁缝,1
2025/4/2 13:07,对而且还以另一首没买的那段旋律为亮点大肆宣传,1
2025/4/2 13:07,支持原创,0
2025/4/2 13:07,你得问营销号啊，我看她抖音也没写过原创啊,1
2025/4/2 13:07,黄霄云盗用的就是华晨宇改编《孩子》时创作的旋律，并且署名自己创作，经过扒谱完全一致。原版的西楼《孩子》和原版没有这个结尾，是华晨宇当时新写的独创吟唱后来2018年演唱会上华晨宇及其歌迷合唱时首次将这个段落用于《烟火里的尘埃》结尾在历年演唱会上多次合唱,1
2025/4/2 13:07,这个我倒不觉得有问题，因为竞技比赛，赢家通吃。但是版权问题不允许擦边,0
2025/4/2 13:08,是这样的,0
2025/4/2 13:08,欢迎来佛山玩呀~乐园超震撼！！,0
2025/4/2 13:08,华晨宇和他的粉丝真的已经很体面了，一开始发现这个事情的时候华晨宇粉丝仅仅是要求她加上署名，结果她们不但没理会还投到原创榜自诩是她的原创，华晨宇粉丝要说法她们就打擦边球不承认抄袭，这才搞成这样，亏她还是央音毕业的,1
2025/4/2 13:08,请@黄霄雲 @黄霄雲的雲上面包坊 出来道歉！！！,1
2025/4/2 13:08,#华晨宇方称拒绝音乐版权擦边行为# 业内看得清孰是孰非，侥幸心理没有意义，欢迎每一位尊重音乐热爱音乐的朋友来火星玩,0
2025/4/2 13:08,而且还是华晨宇主动找他沟通的，沟通不了直接,1
2025/4/2 13:08,网易好样的！！！,0
2025/4/2 13:08,#华晨宇方称拒绝音乐版权擦边行为# 出道十年翻唱华晨宇专辑的作品，嫁接2018年孩子吟唱的旋律署上自己的名字，还要参加原创打榜，这是音乐学院出来的裁缝大师呀。,1
2025/4/2 13:08,去告吧不去告你就是[捂脸]怂包,1
2025/4/2 13:08,说得好，欢迎来火星,0
2025/4/2 13:08,就是就是，太无语了真的,0
2025/4/2 13:08,你嘴是真硬人是真犟啊,1
2025/4/2 13:08,没耳朵马也没有吗透子,1
2025/4/2 13:08,请黄霄云尊重原创音乐人,0
2025/4/2 13:08,当然是支持华晨宇原创，拒绝音乐版权擦边行为了,0
2025/4/2 13:08,尊重原创！坚决维护华晨宇先生应有权益！@华晨宇yu,0
2025/4/2 13:08,说擦边球都是很给面子了，老实道歉不行吗,1
2025/4/2 13:08,真是太逆天了，给面不要,1
2025/4/2 13:08,而且她是在华晨宇工作室一整天都在跟她进行沟通的时候，发了声明来控制舆论细思极恐，她在赌华晨宇和华晨宇工作室敢不敢和她撕破脸，离谱华语乐坛唯一一个敢和华晨宇工作室叫板撕破脸的歌手,1
2025/4/2 13:08,支持华晨宇维权拒绝擦边行为#华晨宇方称拒绝音乐版权擦边行为#,0
2025/4/2 13:08,哈喽，看得懂吗？[憨笑][憨笑][憨笑][憨笑]拒绝擦边球行为，尊重原创歌曲[憨笑][憨笑][憨笑][憨笑],0
2025/4/2 13:08,用《烟火里的尘埃》和《孩子》打开各地文旅[舔屏][舔屏][舔屏],0
2025/4/2 13:08,尊重原创音乐拒绝音乐版权擦边行为? #华晨宇黄霄云方未能达成共识#,0
2025/4/2 13:08,多一些纯粹原创，少一些模糊“借鉴”。尊重音乐创作者的作品创意是原创音乐人的基本职业道德素养，每一份饱含心血的成果都应该被认可和保护。,0
2025/4/2 13:08,授权的是烟火里的尘埃而不是《孩子》这句话还是挺好懂的吧[黑脸],1
2025/4/2 13:08,#华晨宇方称拒绝音乐版权擦边行为#  支持维权,0
2025/4/2 13:08,支持原创！欢迎你来火星玩,0
2025/4/2 13:08,还能怎么看？打擦边球抄袭呀，黄霄云,1
2025/4/2 13:08,拒绝音乐版权擦边，学艺不精不可怕，可怕的是无才也无德，支持华晨宇维权，音乐是底线，寸步不让,0
2025/4/2 13:08,黄女士打擦边球，好不要脸,1
2025/4/2 13:08,这不是黄霄雲侵权麽,1
2025/4/2 13:08,真是感觉跟一群小学没毕业的还有待很长一段知识的路要走的无脑细胞的争论真是好浪费时间和心情，还是去火星听原版哦，原版,1
2025/4/2 13:08,#华晨宇黄霄雲双方未能达成有效共识# #华晨宇 黄霄云# 尊重原创！拒绝音乐擦边行为！,0
2025/4/2 13:08,[捂脸]好笑你,1
2025/4/2 13:08,终于出来发声了，喜大普奔,0
2025/4/2 13:08,#华晨宇拒绝音乐版权擦边行为#  连华晨宇都维权困难了吗？,0
2025/4/2 13:08,后面歌手那段还真是，当时以为她说她是华晨宇粉丝，我还维护过她很多次,0
2025/4/2 13:08,《仙剑四》已经是过去式了 明天鞠婧祎杀青 《月鳞绮纪》露芜衣要回家啦！@鞠婧祎 开了预约《千香》 一起修仙吧~????????@千香官博,0
2025/4/2 13:08,支持维权  欢迎来火星,0
2025/4/2 13:08,黄裁缝纯属于给脸不要脸了,1
2025/4/2 13:08,那也太不要脸了,1
2025/4/2 13:08,是你的就是你的 不是你的别偷偷偷[尬笑],1
2025/4/2 13:09,不道德！！！,1
2025/4/2 13:09,你在说啥啊授权的是烟火里的尘埃，黄女士唱的烟火里的尘埃?孩子的吟唱。买a偷b只付了a的钱然后说付了钱的，真厉害,1
2025/4/2 13:09,昨天工作室通过后援会发声明就是等着和侵权方黄霄云团队沟通吧，想给歌手点面子结果人不领情，华晨宇工作室只能《主动沟通》，给机会也不要是这样的,1
2025/4/2 13:09,这个歌词是十禾写的 当时十禾出来道歉还上新闻了，后来花花再也没唱过，也和那个作者没有合作过了，需要帮你们找证据嘛,1
2025/4/2 13:09,评论区真是搞笑，抄就是抄，一模一样的旋律耳朵没问题都听得出来吧，,1
2025/4/2 13:09,六字工作室你终于不是休息室了，太感人了,0
2025/4/2 13:09,支持原创拒绝擦边行为,0
2025/4/2 13:09,昨天华晨宇的歌迷会没有点名道姓警告过她们还主动沟通了一天，她的粉丝还说华晨宇工作室没有点名道姓,0
2025/4/2 13:09,欢迎老师来火星做客！我们西安见,0
2025/4/2 13:09,[泣不成声],0
2025/4/2 13:09,黄霄云是怎么敢惹华晨宇的,1
2025/4/2 13:09,支持原创，支持华晨宇工作室维权！,0
2025/4/2 13:09,就是这意思，完了还那自己嫁接的歌投原创榜单，粉丝拿裁缝作品搁这儿大肆鼓吹“突破原唱框架”，华晨宇粉丝维权他们还绿茶唧唧的，这事儿闹到现在，一整个乐坛小丑加笑话,1
2025/4/2 13:09,欢迎来火星玩,0
2025/4/2 13:09,#华晨宇方称拒绝音乐版权擦边行为# 就这还敢打原创音乐人的旗号,1
2025/4/2 13:09,图片评论,0
2025/4/2 13:09,路人被误导的都以为是黄霄云的歌了  这歌本来就是华晨宇的[流泪],0
2025/4/2 13:09,#华晨宇方称拒绝音乐版权擦边行为# 尊重音乐创作者的作品创意是原创音乐人的基本职业道德素养，每一份饱含心血的成果都应该被认可和保护。欢迎来火星玩！！！,0
2025/4/2 13:09,真的服了 对方厚脸皮 打音乐版权擦边球,1
2025/4/2 13:09,拒绝音乐版权擦边问题，这已经是没有职业素养了！,1
2025/4/2 13:09,支持华晨宇维权！,0
2025/4/2 13:09,回复@昚芷:关于职业道德的黑红可不是红 是死路啊  女歌手把自己的路封死了  快,1
2025/4/2 13:09,@黄霄雲 @黄霄雲的雲上面包坊 多一些纯粹原创，少一些模糊“借鉴”。避重就轻不是解决问题的方式，拒绝音乐版权擦边行为#华晨宇方称拒绝音乐版权擦边行为#,1
2025/4/2 13:09,#华晨宇福州演唱会MVP结算画面#别老在国内开演唱会了，这么有实力的歌手出海吧，或者国外营销下 ,0
2025/4/2 13:09,@黄霄雲 @黄霄雲的雲上面包坊 多一些纯粹原创，少一些模糊“借鉴”。尊重音乐创作者的作品创意是原创音乐人的基本职业道德素养，每一份饱含心血的成果都应该被认可和保护。,0
2025/4/2 13:09,#华晨宇方称拒绝音乐版权擦边行为##华晨宇黄霄云方未能达成共识#,0
2025/4/2 13:09,#华晨宇方称拒绝音乐版权擦边行为#  @黄霄雲的雲上面包坊 @黄霄雲,0
2025/4/2 13:09,#华晨宇方称拒绝音乐版权擦边行为# 请黄霄云女士正视问题所在@黄霄雲的雲上面包坊 @黄霄雲,1
2025/4/2 13:09,@庞麦郎,0
2025/4/2 13:09,抵制不法行为，支持依法维权！,0
2025/4/2 13:09,回应了哦～[调皮],0
2025/4/2 13:09,网络不是法外之地，支持华晨宇维权！！！,0
2025/4/2 13:09,都是音乐人了，尊重创作者#华晨宇方称拒绝音乐版权擦边行为#,0
2025/4/2 13:09,死鸭子嘴硬,1
2025/4/2 13:09,坚决维护歌手华晨宇的音乐权益，拒绝音乐版权擦边行为！请@黄霄雲 道歉！,1
2025/4/2 13:09,惯犯而已，只不过这次踢到钢板,1
2025/4/2 13:09,现在小偷都这么理直气壮了吗还说别人网暴,1
2025/4/2 13:09,华晨宇维权都那么难，何况是普通人音乐是底线，希望音乐作品能够多一些纯粹原创，少一些模糊“借鉴”。尊重音乐创作者的作品创意是原创音乐人的基本职业道德素养，每一份饱含心血的成果都应该被认可和保护。,0
2025/4/2 13:09,支持华晨宇先生维权,0
2025/4/2 13:09,如何呢,0
2025/4/2 13:09,多些纯粹原创 少些模糊借鉴 ，黄霄云翻唱未经允许擅自拼接华晨宇创意，我方坚决维护歌手华晨宇的音乐！拒绝以原创为名的音乐裁缝,1
2025/4/2 13:09,我是一个抑郁症患者，也是一个路人，偶然了解到他，并被华晨宇的歌治愈了抑郁，很感激,0
2025/4/2 13:09,@黄霄雲（巡演版） 裁缝姐出来把你的人才领走吧[玫瑰],1
2025/4/2 13:09,要锤得锤，这下满意了吧,1
2025/4/2 13:09,"二创作者的授权范围：
即使您拥有原作品版权，二创作者对其改编部分仍享有改编权（《著作权法》第13条）。未经其同意，翻唱其改编版本可能侵权。
原作品版权与二创的关系：
原作品版权方（如音乐公司）可能未控制二创的版权，除非二创作者已将权利转让给原版权方。
即使原版权方允许您使用原作品，也不代表自动获得二创的授权。
简洁版：黃霄雲侵犯了华晨宇原创旋律署名权，即使买了西楼的《烟火里的尘埃》和《孩子》，也去分别找词人授权，也无权加入华晨宇为改编孩子而独创的旋律",0
2025/4/2 13:09,支持维权，保护华晨宇先生音乐版权！,0
2025/4/2 13:09,支持原创维权！,0
2025/4/2 13:09,也是服了 我看不是都有谱子对比出来了,1
2025/4/2 13:10,支持华晨宇音乐版权,0
2025/4/2 13:10,多一些纯粹原创，少一些模糊“借鉴”。拒绝音乐擦边行为！,0
2025/4/2 13:10,告一下呢@华晨宇工作室,1
2025/4/2 13:10,笑死我了哈哈哈哈哈哈哈哈,0
2025/4/2 13:10,欢迎大家亲自来火星感受正版《烟火里的尘埃》！拒绝版权擦边球行为！！#华晨宇方称拒绝音乐版权擦边行为#,0
2025/4/2 13:10,道歉！下架！拒绝音乐版权擦边行为！尊重音乐创作者的作品创意是原创音乐人的基本职业道德素养，每一份饱含心血的成果都应该被认可和保护！,0
2025/4/2 13:10,#华晨宇黄霄雲双方未能达成有效共识# 能不能不要一次次拉低人类道德底线！,1
2025/4/2 13:10,那你叫张韶涵的工作室锤我们啊,1
2025/4/2 13:10,自己看，长了眼睛的[猪头],1
2025/4/2 13:10,你告诉我《烟火里的尘埃》结尾吟唱部分是黄霄云自己创作的还是自己偷的[笑哭],1
2025/4/2 13:10,你姐是多缺流量啊，还搞出这一波，真是看不下去了，坚决维护华晨宇音乐版权，绝不容忍偷歌贼,1
2025/4/2 13:10,原来@黄霄雲@好想吃面包蛋糕芝士 黄裁缝是惯犯了，怪不得偷得那么没脸没皮理直气壮呢 #华晨宇方称拒绝音乐版权擦边行为# #华晨宇 黄霄云# //@summer-sum-sun:黄女士老惯犯了,1
2025/4/2 13:10,这段非常美的吟唱旋律是属于华晨宇的原创，不属于西楼也不属于2014原版的“烟火里的尘埃”。 2015演唱会版本是华晨宇首次吟唱自己改编过的这段旋律，在2018华晨宇参加歌手比赛曲目《孩子》又重新创作了和声。可以去听14版录音室版，那才是西楼参与的原版！而黄女歌手标注自己创作的，人家维权了！,1
2025/4/2 13:10,#华晨宇方称拒绝音乐版权擦边行为# 你们是圈内人，好想问问你们圈内人怎么看这种音乐版权擦边行为？,0
2025/4/2 13:10,求锤得锤,1
2025/4/2 13:10,他说他是华晨宇粉丝，初代火姐咋会连版权都买不全啊那,1
2025/4/2 13:10,一位所谓原创音乐人，不尊重创作者基本权利，只会走版权擦边，捂嘴网友，避重就轻，明知故犯，造谣式澄清。只要一天你还在这个行业，同行会看着你，听众会看着你，各行各业为版权抗争过的或者正在抗争着的创作者们都会看着你！,1
2025/4/2 13:10,支持维权，反对歌曲“融梗”然后标榜原创！文学界作者人人喊打的事情，不能到了歌手这里就得过且过避重就轻！,1
2025/4/2 13:10,#华晨宇方称拒绝音乐版权擦边行为##华晨宇黄霄云方未能达成共识#25.4.2日华晨宇工作室官方回应，实锤来了@黄霄雲（巡演版）,0
2025/4/2 13:10,哪一段是没买的啊？,0
2025/4/2 13:10,图片评论,0
2025/4/2 13:10,仔细一看，这首歌居然还专门标注了和声＆和声设计，但当然只写了自己的名字。。 你但凡在这里提一下出处借鉴呢,1
2025/4/2 13:10,敢写，6的,0
2025/4/2 13:10,多一些纯粹原创，少一些模糊“借鉴”。尊重音乐创作者的作品创意是原创音乐人的基本职业道德素养，每一份饱含心血的成果都应该被认可和保护。#华晨宇方称拒绝音乐版权擦边行为#,0
2025/4/2 13:10,@黄霄雲 道歉#华晨宇方称拒绝音乐版权擦边行为#,0
2025/4/2 13:10,笑死了[捂脸],0
2025/4/2 13:10,#华晨宇方称拒绝音乐版权擦边行为#,0
2025/4/2 13:11,小偷现在骂人都这么理直气壮了[赞],1
2025/4/2 13:11,先别害怕了？解释一下啊我听听,0
2025/4/2 13:11,图片评论,0
2025/4/2 13:11,没有说是她自己的啊，开头写了原作者了，而且歌手翻唱别人的歌很正常啊，好多人的翻唱都挺火的,0
2025/4/2 13:11,#华晨宇方称拒绝音乐版权擦边行为# @黄霄雲 道歉 下架,0
2025/4/2 13:11,拒绝音乐擦边球行为,0
2025/4/2 13:11,「避重就轻不是解决问题的方式，同时拒绝音乐版权擦边行为！」尊重音乐创作者的作品和创意是原创音乐人的职业道德、素养与人品！,0
2025/4/2 13:11,未经允许擅自使用，华晨宇工作室主动沟通你们竟然仍然抵赖，请黄小姐自重,1
2025/4/2 13:11,@黄霄雲 @黄霄雲的雲上面包坊 尊重音乐尊重原创音乐版权是一个歌手最基本的道德底线。,0
2025/4/2 13:11,小偷不回应吗[捂脸][捂脸],0
2025/4/2 13:11,烟火里的尘埃接的吟唱最早可追溯于18年鸟巢演唱会最近可追溯到24年演唱会,0
2025/4/2 13:11,给脸不要脸,1
2025/4/2 13:11,#华晨宇方称拒绝音乐版权擦边行为# 希望音乐作品能够多一些纯粹原创，少一些模糊“借鉴”。尊重音乐创作者的作品创意是原创音乐人的基本职业道德素养，每一份饱含心血的成果都应该被认可和保护。@黄霄雲 @黄霄雲的雲上面包坊,0
2025/4/2 13:11,道歉！#华晨宇方称拒绝音乐版权擦边行为#,0
2025/4/2 13:11,@有800个人格(恩师偷麻头) 蒸煮粉丝一样爱偷啊，怪不得[愉快]为什么怎么要都照着我们偷呢[愉快],1
2025/4/2 13:11,唱歌哪边好听 ，青菜萝卜各有所爱，不予评价。但是版权问题，是个有良知的都应该能评判。,0
2025/4/2 13:11,发声明了,0
2025/4/2 13:11,不是[尬笑]饱饱你成年了吗[尬笑],1
2025/4/2 13:11,姐妹儿 骗骗别人可以 别把自己骗了啊[捂脸],1
2025/4/2 13:11,化成雨是个什么东西[打脸],1
2025/4/2 13:11,华晨宇有好听的歌吗？没有找不到一首。还是黄的星辰大海经典,1
2025/4/2 13:11,还是业内人士说得清楚。其实“擦边”都说轻了，这就是付了一份炒饭的钱，却吃了炒饭和炒面，吃完还不想付炒面的钱；别说炒面你只夹了几口，那也是一份完整炒面的一部分，是生产者的劳动和心血成果。业内可能比我们清楚更对这种不问自取偷别人创意还倒打一耙营销的行径！,1
2025/4/2 13:11,今天单曲循环黄版…最后那个吟唱真多余 不如不要,0
2025/4/2 13:11,真的会被她们的公告笑鼠,1
2025/4/2 13:11,请黄女士@黄霄雲 尊重原创！拒绝音乐版权擦边行为！道歉！,1
2025/4/2 13:11,拒绝法律擦边球！作为音乐创作者要有最基本的职业道德素养！,0
2025/4/2 13:11,给你脸还不要，[尬笑],1
2025/4/2 13:11,多一些纯粹原创，少一些模糊借鉴吧,0
2025/4/2 13:11,'支持华晨宇维权,0
2025/4/2 13:11,拒绝音乐版权擦边行为,0
2025/4/2 13:11,抵制裁缝行为！音乐底线不容触碰！支持华晨宇维权！#华晨宇方称拒绝音乐版权擦边行为#,0
2025/4/2 13:11,拿来主义，拿的理所当然，还要倒打一耙。从未见过如此厚颜无耻之人！,1
2025/4/2 13:11,6//@三石一声:“指面为饭”这个形容 哈哈哈哈哈哈哈 DBQ 我笑了 很精准//@小华说带晋宝baby迈向新宇宙:不仅不想付钱，还说没吃炒面，指面为饭#华晨宇方称拒绝音乐版权擦边行为#,1
2025/4/2 13:11,實錘囉,0
2025/4/2 13:11,声理学看了很不舒服,1
2025/4/2 13:12,智齿,0
2025/4/2 13:12,划重点：黄霄雲只是取得《烟火里的尘埃》【原版词曲】授权，她确实可以翻唱；但是没人允许她翻唱华晨宇其他音乐创作，私自挪用华晨宇公开创作且演出过的改编段落，还打上自己原创标签，可耻，可恶，必须抵制这种无底线擦边行为。#华晨宇黄霄雲双方未能达成有效共识#,1
2025/4/2 13:12,身为公众人物，还是得以身作则呀,0
2025/4/2 13:12,@黄霄雲 你涉及人品和职业道德缺憾。,1
2025/4/2 13:12,[玫瑰][玫瑰][玫瑰][猪头],1
2025/4/2 13:12,支持维权，不能助长歪风邪气！,0
2025/4/2 13:12,#华晨宇方称拒绝音乐版权擦边行为# 说得好,0
2025/4/2 13:12,拒绝音乐版权擦边侵权,0
2025/4/2 13:12,回复@昚芷:双方讲的确实不是同一个东西。歌曲本体的作曲是西楼，黄确实跟西楼买了演唱版权（这是黄粉丝力挺的点）。但她暗戳戳在其中又加入了华在2018年歌手里原创的一段吟唱的旋律（不是合声），这段旋律是华的创作，不包含在西楼的歌曲本体授权之中（也是我们华的歌迷维权的点）。,0
2025/4/2 13:12,#华晨宇方称拒绝音乐版权擦边行为# @黄霄雲 @黄霄雲的雲上面包坊 道歉，下架。 ,0
2025/4/2 13:12,绝不惯着任何一个不尊重事实的人,1
2025/4/2 13:12,华晨宇#华晨宇方称拒绝音乐版权擦边行为# 感谢正义发声，欢迎来我们演唱会玩呀,0
2025/4/2 13:12,@黄霄雲的雲上面包坊 @黄霄雲 说话,0
2025/4/2 13:12,道歉，下架！,1
2025/4/2 13:12,支持黄霄云维权,0
2025/4/2 13:12,拒绝音乐擦边球行为,0
2025/4/2 13:12,做人怎么能这么没皮没脸的,1
2025/4/2 13:12,南屏晚钟的原唱居然不是费玉清吗？我一直以为是费玉清,0
2025/4/2 13:12,原创是音乐的生命线，规则的敬畏是创作的底线。期待黄霄云团队以专业态度厘清争议，粉丝以理性推动问题解决。华语乐坛的繁荣，需要每位参与者守护“尊重”与“诚意”的初心。   4月5日、6日西安火星演唱会，让我们以纯粹音乐见证原创力量。#2025华晨宇火星演唱会#,0
2025/4/2 13:12,他们不就是想要工作室发声吗？回应啊,0
2025/4/2 13:12,支持华晨宇维权,0
2025/4/2 13:12,她不是火姐么，怎么这样[捂脸][捂脸],1
2025/4/2 13:12,????♀?音乐版权擦边行为,0
2025/4/2 13:12,黄霄云买了《烟火里的尘埃》录音棚版权，但是没买华晨宇2018版改编的《孩子live》，其中的吟唱为华晨宇创作，她把孩子的吟唱加入她的版本了，且没有和华晨宇沟通过。不问自取视为偷,1
2025/4/2 13:12,这样都可以，凭什么我们 爱坤全民制作人们不能出道[发怒],1
2025/4/2 13:12,@TOP音樂風雲榜,0
2025/4/2 13:12,你还不认输上了，偷了别人的东西就是不还不道歉是这个意思吧[捂脸][赞][赞],1
2025/4/2 13:12,欢迎所有热爱音乐的朋友来火星演唱会玩,0
2025/4/2 13:12,有机会一定要来哦,0
2025/4/2 13:12,坚决维护华晨宇正当权益！强烈要求@黄霄雲 @黄霄雲工作室 @黄霄雲的雲上面包坊 全平台下架侵权音源！黄霄雲侵权指的不是《烟火里的尘埃》歌曲版权问题，而是挪用《孩子》原创吟唱段落无授权！未经授权引用且在编曲里未标注华晨宇署名！昨天蓝V歌迷会已经发布声明，已经给足体面了，可黄仍不知悔改,1
2025/4/2 13:12,尊重音乐，尊重版权，是每位歌手的最基本职业素养！！！,0
2025/4/2 13:12,支持华晨宇维权！拒绝音乐版权擦边球！,0
2025/4/2 13:12,@黄霄雲 裁女出来道歉,1
2025/4/2 13:12,小嘴巴怎么不说话??@黄霄雲 @黄霄雲的雲上面包坊,1
2025/4/2 13:12,#华晨宇方称拒绝音乐版权擦边行为#,0
2025/4/2 13:12,对啊，但是黄不承认自己抄袭了[尬笑],1
2025/4/2 13:12,之前炒别人的也被扒出来了之前我还对她有好感的，避雷了,0
2025/4/2 13:12,尊重原创好吗[赞],0
2025/4/2 13:12,@黄霄雲（巡演版） 回应啊,0
2025/4/2 13:12,要不说你能粉裁缝呢，没实力擦边还标注原创就该遭到谴责啊，主动沟通知错不改，太牛啦，太有实力啦[舔屏],1
2025/4/2 13:12,黄霄云粉丝要的工作室来了,0
2025/4/2 13:12,哈哈哈哈哈哈 偷了还这么茶 全行业避雷黄霄雲,1
2025/4/2 13:13,抵制一切抄袭行为，拒绝音乐版权擦边行为！,0
2025/4/2 13:13,@梅美子。 @豫米?? 好轻松啊,0
2025/4/2 13:13,@黄霄雲 @黄霄雲的雲上面包坊 尊重音乐尊重原创音乐版权是一个歌手最基本的道德底线。,0
2025/4/2 13:13,他们还跳出来说华晨宇会打我们的脸，现在打到他们正主脸上了。,1
2025/4/2 13:13,相当于授权了苹果给她，结果她把桃子也裁缝上去了,0
2025/4/2 13:13,怎么一点关系没有  黄霄云都把孩子的部分偷走拼接到她自己版本里的烟火里的尘埃了,1
2025/4/2 13:13,类比各行各业，狗路过都得问一句脸呢,1
2025/4/2 13:13,我们官老爷可是好大的官威呢（）,1
2025/4/2 13:13,拒绝音乐擦边球，遵守职业道德,0
2025/4/2 13:13,#华晨宇方称拒绝音乐版权擦边行为#,0
2025/4/2 13:13,授权的是《烟火里的尘埃》，hxy盗用的是《孩子》，都不是一首歌,0
2025/4/2 13:13,裁缝,0
2025/4/2 13:13,也是厉害了,0
2025/4/2 13:13,支持华晨宇先生维权！！！,0
2025/4/2 13:13,拒绝版权擦边行为，秉持职业道德,0
2025/4/2 13:13,拒绝音乐擦边[求求了][求求了],0
2025/4/2 13:13,对的，我看了其实这事很好解决的，就女歌手那边出声明把最后吟唱那段说清楚就行，人家粉丝一开始的诉求也挺简单。奈何一开始发的声明只说烟火的版权，其他只字不敢提， 且只是单独购买的林夕词和西楼曲。不但如此还要强行洗，把人家再创作的东西非要洗成是西楼的demo曲里面的,1
2025/4/2 13:13,OK，新图片来了,0
2025/4/2 13:13,是的，而且她加那段吟唱的时候，也没通知华晨宇。华晨宇还是前天黄霄云发声明谎称说华晨宇授权了才知道有这事儿,1
2025/4/2 13:13,这波站华晨宇 拒绝版权擦边行为 尊重原创,0
2025/4/2 13:13,真的好无耻啊 就算是单听歌的都不能容忍 能不能尊重下音乐啊你们,1
2025/4/2 13:13,图片评论,0
2025/4/2 13:13,删了吧姐妹，对面包不好，不要再给她招黑了，她不容易,0
2025/4/2 13:13,支持支持,0
2025/4/2 13:13,20年奇袭赛前微博点赞当时节目都没播，现在粉丝还有拉踩毛不易,1
2025/4/2 13:14,就是想花小钱，办大事，而且提前又不和人家沟通。,1
2025/4/2 13:14,黄霄雲吃相真难看，支持华晨宇音乐维权,1
2025/4/2 13:14,拒绝音乐擦边行为！！！！支持华晨宇先生维权！！！请@黄霄雲 @黄霄雲的雲上面包坊 出来道歉！！下架！！！！,1
2025/4/2 13:14,就是这么个事，对面不回应这部分就开始东拉西扯的，讲不通,1
2025/4/2 13:14,所以这位小偷就是在版权擦边 她什么都懂 但凡多一节就要被告,1
2025/4/2 13:14,法师,0
2025/4/2 13:14,黄霄云有没有“侵权”，首先看华晨宇方所说的这几秒吟唱是否已登记注册著作权。如已经登记了著作权，那就是受法律保护的，直接告侵权就行。如果没有登记过著作权，亦即并没有法律上的认可华晨宇对这几秒吟唱有专属权，那也就不存在“侵权”。没有法律意义上的侵权在微博发动粉丝网bao，这才叫打擦边球,0
2025/4/2 13:14,支持华晨宇方维权！,0
2025/4/2 13:14,就是就是,0
2025/4/2 13:14,我表达一下看看是不是这个意思 就是他唱的是《烟火里的尘埃》只买了这一首歌的版权但是未经允许把《孩子》这首歌的部分片段改编融入到了《烟火里的尘埃》应该是这个意思吧？如果不是请别喷我 我自己的理解[感谢][感谢],0
2025/4/2 13:14,烟火里的尘埃的来时路,0
2025/4/2 13:14,保护原创歌手的合法权益,0
2025/4/2 13:14,#华晨宇拒绝音乐版权擦边行为#,0
2025/4/2 13:14,视频里截取的吟唱片段很短，实际上黄霄雲把整个结尾的和声改编全照搬了[尬笑],1
2025/4/2 13:14,拒绝音乐擦边行为?,0
2025/4/2 13:14,谁打脸了我不说,1
2025/4/2 13:14,[玫瑰][玫瑰][玫瑰],0
2025/4/2 13:14,@黄霄雲 @黄霄雲的雲上面包坊 道歉，下架！,1
2025/4/2 13:14,拒绝裁缝！支持原创！,0
2025/4/2 13:14,支持[流泪][玫瑰][玫瑰],0
2025/4/2 13:14,#华晨宇 黄霄云# 这是明抢//@小华说带晋宝baby迈向新宇宙:不仅不想付钱，还说没吃炒面，指面为饭#华晨宇方称拒绝音乐版权擦边行为#,1
2025/4/2 13:14,自己先有一点音乐知识再发帖，想曲线救国做梦去吧，黄霄云糊定了,1
2025/4/2 13:14,结尾那个吟唱是另一首歌《孩子》,0
2025/4/2 13:14,触碰音乐底线绝不容忍！！拒绝音乐版权擦边行为！！不配称为音乐人！！,1
2025/4/2 13:14,被打脸的永远是黄霄云,1
2025/4/2 13:14,刚开始给他们脸他们不要 现在是真没脸了,1
2025/4/2 13:14,@黄霄雲 @好想吃面包蛋糕芝士,0
2025/4/2 13:14,拒绝音乐版权擦边，支持华晨宇方维权,0
2025/4/2 13:14,啊哈哈哈哈哈哈哈哈哈哈 笑死了 你现在的任务是好好读书,0
2025/4/2 13:14,你没看他贫困区华黑集合吗？ 笑死??不用在意,1
2025/4/2 13:14,支持华晨宇维权,0
2025/4/2 13:14,拒绝音乐擦边行为!#华晨宇黄霄雲双方未能达成有效共识#,0
2025/4/2 13:14,华晨宇工作室还是太体面了，让华晨宇歌迷会发布声明后还第一时间已经去找你方主动沟通，结果对面脸真的很大，现在好了吧，黄女士的擦边侵权行径求锤得锤了,1
2025/4/2 13:14,@刘瀚景 不是挺能造谣的吗？出来转两圈儿,1
2025/4/2 13:14,尊重原创！坚决维护华晨宇先生应有权益！华晨宇方【从未】授权《孩子》相关版权，请黄小姐@黄霄雲 及工作室@黄霄雲的雲上面包坊 明确你方无《孩子》ending挪用/抄袭/改编的许可，请正面回应相关问题，我们需要公开道歉、购买相关使用版权、归还应有原创署名。,0
2025/4/2 13:14,#华晨宇方称拒绝音乐版权擦边行为# 道歉,0
2025/4/2 13:14,拒绝一切音乐版权擦边行为！！#华晨宇方称拒绝音乐版权擦边行为#,0
2025/4/2 13:14,拒绝音乐版权擦边行为！#华晨宇方称拒绝音乐版权擦边行为#,0
2025/4/2 13:14,@TOP音樂風雲榜,0
2025/4/2 13:14,是这样的，原创维权还要被骂，这个世界真的看不懂,0
2025/4/2 13:14,什么意思啊你[憨笑],0
2025/4/2 13:14,下架，道歉,1
2025/4/2 13:15,欢迎！！,0
2025/4/2 13:15,@黄霄雲 说话 道歉,1
2025/4/2 13:15,@黄霄雲 @黄霄雲的雲上面包坊 道歉，下架,1
2025/4/2 13:15,黄霄雲女士拥有的是《烟火里的尘埃》使用版权，而非《孩子》live版的使用版权，也并未向华晨宇方沟通借鉴和声改编一事，请黄霄雲女士及其工作室正面回应最后【华晨宇原创吟唱旋律】的版权及其所属问题，请勿避重就轻打擦边球，借用请标明来源，请尊重每一份原创，请尊重原创音乐人[流泪],1
2025/4/2 13:15,拒绝音乐版权擦边行为 支持原创,0
2025/4/2 13:15,她获得的只是《烟火里的尘埃》的翻唱版权，并为获得《孩子》的版权哦，结果黄霄云女士直接挪用了华晨宇先生《孩子》原创吟唱部分，并标成是她自己原创吟唱！！怎么这么不要face？,1
2025/4/2 13:15,从此谁再敢给她授权翻唱呢？说不定就被全部据为己有，全标注成自己原创呢,1
2025/4/2 13:15,尊重原创！坚决维护华晨宇先生应有权益！华晨宇方【从未】授权《孩子》相关版权，请黄小姐@黄霄雲 及工作室@黄霄雲的雲上面包坊 明确你方无《孩子》ending挪用/抄袭/改编的许可，请正面回应相关问题，我们需要公开道歉、购买相关使用版权、归还应有原创署名。,1
2025/4/2 13:15,笑死我了，《18年我听过后》[看],0
2025/4/2 13:15,#华晨宇黄霄云方未能达成共识# 多一些纯粹原创，少一些模糊“借鉴”。拒绝音乐擦边行为！@黄霄雲的雲上面包坊 @黄霄雲,0
2025/4/2 13:15,#华晨宇方称拒绝音乐版权擦边行为# 让我们恭喜某人求C得C,1
2025/4/2 13:15,拒绝一切音乐版权擦边行为！#华晨宇拒绝音乐版权擦边行为#,0
2025/4/2 13:15,支持华晨宇维权！多一些纯粹原创，少一些模糊“借鉴”。拒绝音乐擦边行为！,0
2025/4/2 13:15,#华晨宇方称拒绝音乐版权擦边行为#,0
2025/4/2 13:15,道歉,0
2025/4/2 13:15,是的,0
2025/4/2 13:15,#华晨宇方称拒绝音乐版权擦边行为# 尊重原创,0
2025/4/2 13:15,拒绝一切音乐版权擦边行为！#华晨宇方称拒绝音乐版权擦边行为#,0
2025/4/2 13:15,尊重原创！坚决维护华晨宇先生应有权益！,0
2025/4/2 13:15,黄女士，出来回应一下呢[憨笑],0
2025/4/2 13:15,欢迎来火星玩,0
2025/4/2 13:15,支持原创！！#华晨宇方称拒绝音乐版权擦边行为#,0
2025/4/2 13:15,请向我分享下你所知道的音乐知识呢，我虚心请教,0
2025/4/2 13:15,好像还有很大一部分是因为黄的粉丝一直说那是黄的原创,1
2025/4/2 13:15,感觉破音了,0
2025/4/2 13:16,#华晨宇方称拒绝音乐版权擦边行为#,0
2025/4/2 13:16,欢迎来听呀,0
2025/4/2 13:16,图片评论,0
2025/4/2 13:16,多一些纯粹的原创 少一些模糊的“借鉴”,0
2025/4/2 13:16,我看她一个粉丝还是啥，说《孩子》的版权不在花花手上，所以吟唱也不属于花花，什么只要西楼点头，谁都可以用,1
2025/4/2 13:16,笑死我了,0
2025/4/2 13:16,@黄霄雲 @黄霄雲的雲上面包坊 道歉，下架。#华晨宇方称拒绝音乐版权擦边行为# #华晨宇 黄霄云#,1
2025/4/2 13:16,专业欢迎来火星玩,0
2025/4/2 13:16,#华晨宇 黄霄云#,0
2025/4/2 13:16,不是，你怎么还在yy啊，hqg发出来的说不权威，官方发出来的看不懂？,1
2025/4/2 13:16,抵制擦边式抄袭,1
2025/4/2 13:16,支持原创,0
2025/4/2 13:16,支持华晨宇维权，拒绝音乐版权擦边！请尊重原创 尊重每一位创作者的心血,0
2025/4/2 13:16,@黄霄雲（巡演版） @黄霄雲·魔星 道歉，下架,1
2025/4/2 13:16,没有见过买一偷一的,1
2025/4/2 13:16,大致不错，没改变直接融入表达更准确！,0
2025/4/2 13:16,确实不关你的事，但是我们也不是闲的无聊！工作室下场了，证实了黄擦法律边缘挪用别人成果[干饭人],1
2025/4/2 13:16,#华晨宇方称拒绝音乐版权擦边行为# hcy#华晨宇对接斥侵权行为# 欢迎大家来火星玩，也请你@黄霄雲 回应一下,0
2025/4/2 13:16,@黄霄雲 @黄霄雲的雲上面包坊 说话,0
2025/4/2 13:16,就和有什么大病一样，呐喊是新世界的前身，华晨宇把呐喊中原创的部分拿出来写的新世界，呐喊的旋律就没用,1
2025/4/2 13:16,拒绝音乐版权擦边行为！,0
2025/4/2 13:16,是的 黄霄云还说《孩子》那段是她原创,0
2025/4/2 13:16,花花的歌永远不能被别人以卑鄙的手段夺走，是它们陪每一个火星人度过那段属于各位自己的艰难时光，翻唱和拼接就想把好作品夺走转为自己的代表作，不如早点回去做春秋大梦，永远支持花花,1
2025/4/2 13:16,保护华晨宇音乐版权拒绝擦边行为！黄霄雲粉丝拒绝承认还对华晨宇和粉丝进行网暴坚持维权！,1
2025/4/2 13:16,#华晨宇方称拒绝音乐版权擦边行为# 划重点：黄霄雲只是取得《烟火里的尘埃》【原版词曲】授权，她确实可以翻唱；但是没人允许她翻唱华晨宇其他音乐创作，私自挪用华晨宇公开创作且演出过的改编段落，还打上自己原创标签，可耻，可恶，必须抵制这种无底线擦边行为。,1
2025/4/2 13:17,小偷,1
2025/4/2 13:17,尊重音乐创作者的作品创意是原创音乐人的基本职业道德素养，每一份饱含心血的成果都应该被认可和保护，抄袭者就应该成为人人喊打的过街老鼠。,0
2025/4/2 13:17,就这个视频里的对比，旋律并不一样阿。,0
2025/4/2 13:17,我一个路人都觉得你们有点搞笑了[捂脸][捂脸][捂脸]抢华晨宇的歌,1
2025/4/2 13:17,是的呢。工作室发声明就是为了让票卖出去呢,1
2025/4/2 13:17,#华晨宇方称拒绝音乐版权擦边行为# @黄霄雲 @黄霄雲的雲上面包坊 道歉，下架。,0
2025/4/2 13:17,回应来啦[呲牙],0
2025/4/2 13:17,她是惯犯了，一直在音乐界薅羊毛，这次碰到铁板了。,1
2025/4/2 13:17,对的，一开始我们只想要关于那段的解释，哪怕她们出来说一句是花创作她加进去致敬，我觉得黄小姐肯定是喜欢或许她也曾坐在演唱会现场和我们一起大合唱过那段，但是应该也知道那段加在小烟里从来都是线下的没有正式音源，她发了不标注，那这算什么回事,1
2025/4/2 13:17,抵制擦边,1
2025/4/2 13:17,尊重原创！坚决维护华晨宇先生应有权益！公众人物应当提升个人素养，注重创作者版权意识。华晨宇方【从未】授权《孩子》相关版权，请@黄霄雲 及工作室@黄霄雲的雲上面包坊 明确你方无《孩子》ending挪用/抄袭/改编的许可，请正面回应相关问题，我们需要公开道歉、购买相关使用版权、归还应有原创署名。,1
2025/4/2 13:17,拒绝音乐擦边,0
2025/4/2 13:17,避重就轻不是解决问题的方式，拒绝音乐版权擦边行为????请黄女士正面回应@黄霄雲的雲上面包坊 @黄霄雲,1
2025/4/2 13:17,@TOP音樂風雲榜,0
2025/4/2 13:17,欢迎老师来火星听原汁原味的～,0
2025/4/2 13:17,黄霄雲现场都破音破成那样了还让粉丝删掉不要传播,1
2025/4/2 13:17,拒绝音乐版权擦边行为。尊重音乐创作者的作品创意是原创音乐人的基本职业道德素养，每一份饱含心血的成果都应该被认可和保护，创作不易。#华晨宇方称拒绝音乐版权擦边行为#,0
2025/4/2 13:17,尊重原创！！拒绝音乐擦边行为！,0
2025/4/2 13:17,@黄霄雲 @黄霄雲的雲上面包坊 多一些纯粹原创，少一些模糊“借鉴”。尊重音乐创作者的作品创意是原创音乐人的基本职业道德素养，每一份饱含心血的成果都应该被认可和保护。,0
2025/4/2 13:18,欢迎来火星！无论唱得多好听，前提是尊重音乐，尊重原创，拒绝抄袭！,0
2025/4/2 13:18,#华晨宇方称拒绝音乐版权擦边行为#,0
2025/4/2 13:18,本来道歉下架重编的事偏偏要闹这么大,1
2025/4/2 13:18,我的天呐我一个非粉都看得懂说的是孩子这个歌的吟唱[捂脸]你们黄的粉丝是不是看不懂字啊,1
2025/4/2 13:18,我也真的不懂，她不是音乐学院毕业的吗？还说什么央音第一？就这职业操守啊，有点避雷。。。,1
2025/4/2 13:18,花花的歌永远不能被别人以卑鄙的手段夺走，是它们陪每一个火星人度过那段属于各位自己的艰难时光，翻唱和拼接就想把好作品夺走转为自己的代表作，不如早点回去做春秋大梦，永远支持花花,0
2025/4/2 13:18,老师形容的好精确！欢迎来火星玩！,0
2025/4/2 13:18,可是是黄偷的花的原创呀 人家没同意她唱吧宝宝[流泪](这首歌很好听很多翻唱想靠翻唱火一把也得跟原创说清楚吧 她把没买过的版权那段改改也好呀 都是音乐人的心血抄袭很不好的[流泪]),1
2025/4/2 13:18,她可不止偷了一次,1
2025/4/2 13:18,这家伙不但吃了两份炒面，还要把炒面说成是自己做的，买的第一份吃干抹净，标注成有一半是自己烹饪，第二份直接拿来贴上自己的标签据为己有，这种行为已经不只是翻唱没给版权费这么简单的层面，是直接霸占，强盗行为,1
2025/4/2 13:18,庆幸有明白人,0
2025/4/2 13:18,翻唱的烂就不说了 怎么偷的如此理直气壮 真是不要脸啊,1
2025/4/2 13:18,裁缝当的明目张胆的,1
2025/4/2 13:18,那么长的一段oh hai ya还叫没用吗，请问大家耳朵是聋了吗,1
2025/4/2 13:18,@star?? @cnc~,0
2025/4/2 13:18,坚决维护华晨宇先生应有权益！公众人物应当提升个人素养，注重创作者版权意识。华晨宇方【从未】授权《孩子》相关版权，请黄小姐@黄霄雲 及工作室@黄霄雲的雲上面包坊 明确你方无《孩子》ending挪用/抄袭/改编的许可，请正面回应相关问题，我们需要公开道歉、购买相关使用版权、归还应有原创署名。,1
2025/4/2 13:18,触碰音乐底线绝不容忍！！拒绝音乐版权擦边行为！！不配称为音乐人！！同时欢迎来西安听《烟火里的尘埃》和《孩子》的现场！,1
2025/4/2 13:18,图片评论,0
2025/4/2 13:18,林俊杰咋不来,1
2025/4/2 13:18,黄完全一比一模仿华晨宇的唱腔唱的,0
2025/4/2 13:18,回复@嘎我嘎0ye:噢，你这么一说确实是，我对她印象最深刻的就是星辰大海，其他的确实好像都是翻唱或者是没有印象,0
2025/4/2 13:18,支持维权,0
2025/4/2 13:18,拒绝音乐擦边球行为,0
2025/4/2 13:18,偷偷偷，啥都偷,1
2025/4/2 13:18,真的已经很给她脸面了，自己嘴硬最后翻车怪得了谁,1
2025/4/2 13:18,？,0
2025/4/2 13:18,央音第一裁缝[赞],0
2025/4/2 13:19,#华晨宇方称拒绝音乐版权擦边行为# 支持华晨宇方维权，请各位业内人士避雷！,0
2025/4/2 13:19,这份声明已经给黄某留了面子，不要太厚脸皮,1
2025/4/2 13:19,我想说的是，现在黄并不是独立音乐人吧，有经济公司有唱片公司。,0
2025/4/2 13:19,趁着歌火了就买词曲授权录了一版跟华晨宇那个差不多的版本。这种投机行为可以理解，但后面嫁接华晨宇其他原创性内容被锤后还要颠倒黑白搞营销，就是纯粹的职业道德问题。,1
2025/4/2 13:19,欢迎4.54.6来西安听现场呀呀呀,0
2025/4/2 13:19,黄霄雲下课@黄霄雲的雲上面包坊 @黄霄雲,1
2025/4/2 13:19,#华晨宇方称拒绝音乐版权擦边行为#,0
2025/4/2 13:19,幕后黑手，什么幕后黑手，抄袭的那把黑手吗,1
2025/4/2 13:19,黑手是指,1
2025/4/2 13:19,希望能听到你的版本[玫瑰],0
2025/4/2 13:19,自己没歌吗？怎么老是要翻唱别人的歌,1
2025/4/2 13:19,尴尬了,0
2025/4/2 13:19,这有什么好说的，不管你喜欢不喜欢??，这部分吟唱一听就是??风格的。总不能在超市只买了可乐，但顺一瓶雪碧吧[尬笑],1
2025/4/2 13:19,回复@3撇鬼笙:哈哈哈哈哈，据说，好像，只要你关注它，它是不是就会来微博蹦跶一下，跟你互动。不过。经常闹些智障笑话。,1
2025/4/2 13:19,支持原创,0
2025/4/2 13:19,真累,0
2025/4/2 13:19,真是整无语了…黄霄云抄歌是她自己给自己热度，她要拉着舆论不放关华晨宇什么事，,1
2025/4/2 13:19,坚决抵制任何音乐版权??擦边行为，@黄霄雲 @黄霄雲的雲上面包坊 道歉，下架?,1
2025/4/2 13:19,好的厨子都要被这些客人搞得不想做饭了,1
2025/4/2 13:19,支持华晨宇维权，尊重原创，拒绝音乐版权擦边行为！,0
2025/4/2 13:19,面包流量和糊同时得了，,0
2025/4/2 13:19,“使用《孩子》改编段落至少完成两道程序才能是合理合法的使用，然而黄霄云第一步'作者同意'这层都没完成”????#黄霄云# ????,1
2025/4/2 13:19,支持华晨宇先生维权！,0
2025/4/2 13:19,谁管你们呢 最好一辈子都别认输 做错了就是做错了 你觉得你们一句不认输就能代表你们是对的了吗？别天真了了好吗？回家吧孩子回家吧,1
2025/4/2 13:19,#华晨宇方称拒绝音乐版权擦边行为# 希望音乐作品能够多一些纯粹原创，少一些模糊“借鉴”。尊重音乐创作者的作品创意是原创音乐人的基本职业道德素养，每一份饱含心血的成果都应该被认可和保护！,0
2025/4/2 13:19,跟你们粉丝没有关系，也不要盲目维护你家姐姐，版权没有买就是不能唱,1
2025/4/2 13:19,我的看法是：黄道歉！下架音乐！,1
2025/4/2 13:19,欢迎老师来火星尊重音乐创作者的作品创意是原创音乐人的基本职业道德素养。#华晨宇方称拒绝音乐版权擦边行为#,0
2025/4/2 13:19,停止侵权、下架作品#华晨宇方称拒绝音乐版权擦边行为#,0
2025/4/2 13:19,欢迎来西安   欢迎回家（“火星演唱会”）,0
2025/4/2 13:20,//@0721第44次日出:烟火里的尘埃的来时路,0
2025/4/2 13:20,今天是个好日子,0
2025/4/2 13:20,多一些纯粹原创，少一些模糊“借鉴”。尊重音乐创作者的作品创意是原创音乐人的基本职业道德素养，每一份饱含心血的成果都应该被认可和保护。 #华晨宇方称拒绝音乐版权擦边行为#,0
2025/4/2 13:20,。。。还在甩货,0
2025/4/2 13:20,支持原创作品支持华晨宇维权！欢迎来火星玩,0
2025/4/2 13:20,她粉丝和制杖一样交流三天下来有感，听不懂人话，你扯东她往西，反正就是拒不承认,1
2025/4/2 13:20,支持华晨宇维权，欢迎大家来火星演唱会！！,0
2025/4/2 13:20,图片评论,0
2025/4/2 13:20,偷的你还有理了,1
2025/4/2 13:20,人可以没有才华，但不能无德,0
2025/4/2 13:20,想红的一种手段吧毕竟在这之前 我只知道快女的黄霄云,1
2025/4/2 13:20,尊重音乐创作者的作品创意是原创音乐人的基本职业道德素养，每一份饱含心血的成果都应该被认可和保护，华晨宇歌迷坚决维护歌手华晨宇的音乐??,0
2025/4/2 13:20,魔星GG有被迫害妄想症！,1
2025/4/2 13:20,支持华晨宇方维权，请尊重、保护华晨宇的原创成果，请业内避雷黄女士方版权擦边行为，从未见过黄女士如此汲汲营营之人#华晨宇方称拒绝音乐版权擦边行为#,1
2025/4/2 13:20,拒绝版权擦边，尊重原创歌手,0
2025/4/2 13:20,这回应，还是有点不对劲，连个名都没有，对面想告都告不了[捂脸][捂脸],1
2025/4/2 13:20,有变化的部分是华晨宇写的 能不好听吗,0
2025/4/2 13:20,尊重原创[流泪],0
2025/4/2 13:20,@黄霄雲 @黄霄雲的雲上面包坊 赶紧吧，还想要黑红热度吗,1
2025/4/2 13:20,守护[抱抱你],0
2025/4/2 13:20,黄霄偷也是不要个脸了#华晨宇方称拒绝音乐版权擦边行为#,1
2025/4/2 13:21,欢迎来火星玩！西安见,0
2025/4/2 13:21,新人唱歌起号 宝宝们谁来听听[求抱抱],0
2025/4/2 13:21,所以那一段什么时候删,1
2025/4/2 13:21,@黄霄雲 @黄霄雲的雲上面包坊 道歉 下架,1
2025/4/2 13:21,收回所有版权这条路行不行得通，不用啰嗦 给别人了。,1
2025/4/2 13:21,花花好听,0
2025/4/2 13:21,输了宝宝,0
2025/4/2 13:21,如果这都不算侵权 那大家都可以把别人的歌随便搬过来用了,1
2025/4/2 13:21,还能怎么看，小偷就是小偷，洗不干净的,1
2025/4/2 13:21,@欥桯 @刘点面子_ 气煞我也工作室好样的[呲牙][赞],0
2025/4/2 13:21,太厉害！,0
2025/4/2 13:21,终于看懂了事情纠结的点，就是黄霄云后面那个呜引用的孩子旋律，然后没给版权费，可能是因为听多了华晨宇两个一起唱的，我自己在练歌的时候也喜欢串起来唱[捂脸]真的太喜欢了，但是，保护原创是必须的,0
2025/4/2 13:21,版权弄清楚才发出来的宝[送心][送心]这个路人说的很好[他急了][他急了]我们版权是正规的，他们认为最后一段吟唱抄袭了他们某年的原创，但是我们版权是弄清楚了的[送心][送心][送心],0
2025/4/2 13:21,我要求道歉并下架重改@黄霄雲,1
2025/4/2 13:21,啥怎么看，黄霄雲擦边侵权呗～4节就违法了，她盗用三节半……这一看就是故意的,1
2025/4/2 13:21,#华晨宇方称拒绝音乐版权擦边行为# @黄霄雲 @黄霄雲的雲上面包坊,0
2025/4/2 13:21,出道十年去翻唱十年爆火的歌曲，盗用2018年孩子的旋律署上自己的大名，去参加原创歌曲打榜，这姐脸真大。#华晨宇方称拒绝音乐版权擦边行为#,1
2025/4/2 13:21,@黄霄雲 @黄霄雲的雲上面包坊 多一些纯粹原创，少一些模糊“借鉴”。尊重音乐创作者的作品创意是原创音乐人的基本职业道德素养，每一份饱含心血的成果都应该被认可和保护。,0
2025/4/2 13:21,@黄霄雲的雲上面包坊 @黄霄雲 道歉！下架！,1
2025/4/2 13:22,支持华晨宇先生维权，请尊重原创，还乐坛清明,0
2025/4/2 13:22,不要做法,1
2025/4/2 13:22,亏黄霄云还是自称会原创的歌手，她的“原创”就是仗着版权保护鸡肋，维权难度大，尽情钻法律空子啊。任何有职业道德的音乐人都应该立场鲜明地拒绝音乐版权擦边行为，维护每一位创作者的心血！,1
2025/4/2 13:22,这个如果是致敬性质，为什么明明白白写的是黄霄云独创呢，不合理啊,1
2025/4/2 13:22,@看呐，太阳出来啦yu 哈哈哈哈哈哈哈,0
2025/4/2 13:22,欢迎来火星听原唱呀,0
2025/4/2 13:22,@黄霄雲 @黄霄雲的雲上面包坊 道歉，下架#华晨宇方称拒绝音乐版权擦边行为#,1
2025/4/2 13:22,工作室都回应了，你现在说又有什么意义呢,1
2025/4/2 13:22,我们没偷哦[送心][送心][送心]不要被误导了，反正一场官司是避免不了的[流泪][流泪][流泪],0
2025/4/2 13:22,呵呵哒 gzs也是没活了，也不点名和谁沟通，是和华纳沟通还是和黄霄雲沟通呢？还顺带宣传了自己的演唱会 哟哟哟,1
2025/4/2 13:22,@黄霄雲的雲上面包坊,0
2025/4/2 13:22,支持华晨宇先生维权！！,0
2025/4/2 13:22,#华晨宇方称拒绝音乐版权擦边行为# 道歉，下架,0
2025/4/2 13:22,其实我就是想知道 是不是只能任由对方这种擦边得行为 而不能得到制裁 那岂不是为所欲为了,1
2025/4/2 13:22,所以他们根本就没有获得华晨宇方的同意，却谎称获得了同意????,1
2025/4/2 13:22,对,0
2025/4/2 13:22,强烈要求黄小姐删除改编作品中的抄袭部分，否则不得在演唱会等舞台翻唱谋利。请小华的歌迷关注，一经发现立即向国家版权管理机构举报、向批准演唱会的当地政府机构举报，并在wb等平台持续揭露她的抄袭行为，不能让音乐裁缝从抄袭中获利。,1
2025/4/2 13:22,这还不简单，比对下乐谱就知道啦,0
2025/4/2 13:22,@好,0
2025/4/2 13:22,能不能带脑追星[黑脸],1
2025/4/2 13:22,#华晨宇方称拒绝音乐版权擦边行为# 沟通无果说明了什么，连拿带抢还不承认，已经都是客观事实了还意识不到自己的错误！,1
2025/4/2 13:22,我当时也觉得突然爆火肯定有问题,1
2025/4/2 13:22,昨天已经让歌迷会不点名说了，结果对方愣是说歌迷会没有点名道姓，是个野鸡后援会，也是无语了,1
2025/4/2 13:23,要去看看吗[捂脸],0
2025/4/2 13:23,华晨宇歌迷坚决维护歌手@华晨宇yu 的音乐！,0
2025/4/2 13:23,这歌早在几年前就大火了哈 没人在意黄霄云的啥样  只是因为她侵权才说她,1
2025/4/2 13:23,@黄霄雲 @黄霄雲的雲上面包坊 道歉下架,1
2025/4/2 13:23,[捂脸][捂脸],0
2025/4/2 13:23,#华晨宇方称拒绝音乐版权擦边行为#,0
2025/4/2 13:23,那谁粉丝不要来我这条下面嘴硬哈，有记忆的都知道当年被网暴的时候凉粉帮了你们多少忙，一群伥鬼回过头就造谣张靓颖我见一次骂一次,1
2025/4/2 13:23,她的歌真的像人机，但我一直一直都没敢说[宕机][宕机],1
2025/4/2 13:23,#华晨宇方称拒绝音乐版权擦边行为# 麻烦道歉并下架！,1
2025/4/2 13:23,快出来道歉吧姐，以后还混不混了 不知道我哥在娱乐圈的含金量吗[泪奔],1
2025/4/2 13:23,拒绝音乐版权擦边行为！,0
2025/4/2 13:23,恭喜恭喜,0
2025/4/2 13:23,完了 她这是连自己那2.5万粉丝的工作室也不要了吗 果然我们只是想让她道歉，但是她的粉丝根本没想让她活着,1
2025/4/2 13:23,一会儿黑手，一会儿致敬，一会儿没虚过，一会儿嘤嘤嘤你们网暴我，反正只要一提抄袭就开始东拉西扯打哈哈，我看再过一会儿黄霄云十年前吃饭噎了一口也能被她们当成理由拎出来卖惨,1
2025/4/2 13:23,这女还是华晨宇的粉丝呢？,0
2025/4/2 13:23,#华晨宇方称拒绝音乐版权擦边行为# 支持原创，拒绝版权擦边行为，维护华晨宇歌手利益,0
2025/4/2 13:23,据说出道10年了，也不温不火。大概黑红也是红吧，毕竟20年就因为歌手被骂上热搜也是从那个时候才知道黄霄云这个名字的已经吃过黑红的甜头了，所以暗戳戳的再搞一次,1
2025/4/2 13:23,你发出来自己笑了没,1
2025/4/2 13:23,@黄霄雲 #华晨宇对接斥侵权行为# 华晨宇 #华晨宇 黄霄雲# 尊重原创！坚决维护华晨宇先生应有权益！公众人物应当提升个人素养，注重创作者版权意识。华晨宇方【从未】授权《孩子》相关版权，请黄小姐@黄霄雲 及工作室@黄霄雲工作室 明确你方无《孩子》ending挪用/抄袭/改编的许可，请正面回应相,1
2025/4/2 13:23,@黄霄雲@黄霄雲的雲上面包坊，道歉，下架,1
2025/4/2 13:23,点了啊啊啊！相当于文字部分引用了文献同时也拿了别人论文里的图拼在自己实验结果里说是自己做出来的还投稿了，被揪出来反而狡辩说我文字部分引用了文献啊,1
2025/4/2 13:23,尊重原创！！！,0
2025/4/2 13:24,少造谣诽谤，两首歌ohhai呀部分旋律都不一样,0
2025/4/2 13:24,不是过了一个月才说，是对面一直不承认错误还倒打一耙说我们网暴，才把事情弄到这个地步,0
2025/4/2 13:24,图片评论,0
2025/4/2 13:24,尊重原创！坚决维护华晨宇先生应有权益！公众人物应当提升个人素养，注重创作者版权意识。华晨宇方【从未】授权《孩子》相关版权，请黄小姐@黄霄雲 及工作室@黄霄雲工作室 明确你方无《孩子》ending挪用/抄袭/改编的许可，请正面回应相关问题，我们需要公开道歉、购买相关使用版权、归还应有原创署名,1
2025/4/2 13:24,拒绝音乐版权擦边行为,0
2025/4/2 13:24,很简单的一个事，同人作者拿了原著授权做二创，顺手把别的同人作者的作品裁进来了，问她要授权她说:我找原著授权了，问题是你没找另一个同人作者要授权啊，二创具有独立著作权，不知道吗？,0
2025/4/2 13:24,一边真香的吃着 还要抬头骂一句厨艺 令人作呕//@三石一声:“指面为饭”这个形容 哈哈哈哈哈哈哈 DBQ 我笑了 很精准//@小华说带晋宝baby迈向新宇宙:不仅不想付钱，还说没吃炒面，指面为饭#华晨宇方称拒绝音乐版权擦边行为#,1
2025/4/2 13:24,@黄霄雲 @黄霄雲的雲上面包坊 多一些纯粹原创，少一些模糊“借鉴”。尊重音乐创作者的作品创意是原创音乐人的基本职业道德素养，每一份饱含心血的成果都应该被认可和保护。,0
2025/4/2 13:24,尊重原创！坚决维护华晨宇先生应有权益！公众人物应当提升个人素养，注重创作者版权意识。华晨宇方【从未】授权《孩子》相关版权，请黄小姐@黄霄雲 及工作室@黄霄雲的雲上面包坊  明确你方无《孩子》ending挪用/抄袭/改编的许可，请正面回应，我们需要公开道歉、购买相关使用版权、归还应有原创署名,1
2025/4/2 13:24,作为华晨宇歌迷我们坚决抵制抄袭缝合作品，尊重原创，请@黄霄雲 @黄霄雲的雲上面包坊 道歉下架,1
2025/4/2 13:24,[尬笑]好的[泪奔],0
2025/4/2 13:24,@黄霄雲 @黄霄雲的雲上面包坊 道歉 下架,1
2025/4/2 13:24,我也想听你唱[尬笑],0
2025/4/2 13:24,网络不是法外之地，支持华晨宇维权！,0
2025/4/2 13:24,@黄霄雲 滚出来道歉#华晨宇方称拒绝音乐版权擦边行为#,1
2025/4/2 13:24,关键还要炫耀自己的炒饭能力！我花才是大厨好不！,1
2025/4/2 13:24,先抛开其他问题不说，买了版权去翻唱有问题吗？有代表作就不能翻唱了吗还有那么多艺人自己都有歌，在演唱会和其他活动也有翻唱啊，翻唱你还要疑问一下，那你让所有艺人都别翻唱了，以后只许唱自己的歌吧想笑死谁啊，你同意娱乐公司都不同意，待会儿联合把你号炸了，你又不乐意了,1
2025/4/2 13:24,这歌又不是华晨宇写的 人家也没跟黄霄云似的拿着去参加什么原创比赛啊,1
2025/4/2 13:24,惯犯,1
2025/4/2 13:24,拒绝音乐版权擦边行为，支持原创，道歉！下架！@黄霄雲 @黄霄雲的雲上面包坊,0
2025/4/2 13:25,尊重原创！ 拒绝音乐版权擦边行为！！！#华晨宇方称拒绝音乐版权擦边行为#,0
2025/4/2 13:25,尊重原创音乐作品，是基本职业道德素养。欢迎来西安玩,0
2025/4/2 13:25,多一些纯粹原创，少一些模糊“借鉴”。拒绝音乐擦边行为！支持华晨宇！,0
2025/4/2 13:25,黄霄雲 gogogo??出发咯?????? 华晨宇品味有多浓????  我只要偷歌的轻松??????????  大热天??做个白日梦 ???? 梦见??我变成了顶流 ?????? 我有想偷歌的冲动???????? 以后请叫我华女一裁缝姐????,1
2025/4/2 13:25,虽然最后这个旋律不是歌曲重点，也不怎么好听，但确实不应该没有授权情况下，随意挪用别人原创旋律。,0
2025/4/2 13:25,已经是惯犯了！青天大老爷啊，谁来管管啊，都这样了还不认错,1
2025/4/2 13:25,#华晨宇方称拒绝音乐版权擦边行为# @黄霄雲 #华晨宇黄霄云方未能达成共识#,0
2025/4/2 13:25,#华晨宇方称拒绝音乐版权擦边行为#,0
2025/4/2 13:25,我的滑板鞋呢？,0
2025/4/2 13:25,#华晨宇方称拒绝音乐版权擦边# 保护知识产权@黄霄雲 @黄霄雲的雲上面包坊 尊重音乐尊重原创音乐版权是一个歌手最基本的道德底线。,0
2025/4/2 13:25,说实话，我还是觉得郁欢版本的好听[思考],0
2025/4/2 13:25,保护华晨宇先生音乐版权！！,0
2025/4/2 13:25,触碰音乐底线绝不容忍！！拒绝音乐版权擦边行为！！不配称为音乐人！！同时欢迎来西安听《烟火里的尘埃》和《孩子》的现场！,1
2025/4/2 13:25,#华晨宇方称拒绝音乐版权擦边行为# 尊重原创,0
2025/4/2 13:25,同人作者拿了原著授权做二创，顺手把别的同人作者的作品裁进来了，问她要授权她说:我找原著授权了，问题是你没找另一个同人作者要授权啊，二创具有独立著作权，不知道吗？黄拿到的只有原版西楼的授权，没拿到花二创部分的授权啊,1
2025/4/2 13:25,@黄霄雲 @黄霄雲的雲上面包坊 道歉，下架,1
2025/4/2 13:25,厉害,0
2025/4/2 13:25,多一些纯粹原创，少一些模糊“借鉴”。尊重音乐创作者的作品创意是原创音乐人的基本职业道德素养，每一份饱含心血的成果都应该被认可和保护。#华晨宇方称拒绝音乐版权擦边行为#,0
2025/4/2 13:25,回复@庆宝_yu:我只知道每一处引用都应该标明出处,0
2025/4/2 13:25,尊重原创,0
2025/4/2 13:25,道歉！！！！,1
2025/4/2 13:25,原创不是偷偷,0
2025/4/2 13:25,其实是粉丝更不应该，但凡粉过原创歌手的都很尊重原创作品的。,0
2025/4/2 13:25,谢谢宝宝发声祝宝宝天天开心,0
2025/4/2 13:25,说得太明白了,0
2025/4/2 13:25,谢谢老师仗义执言，表达精准，一语中的。音乐市场想良好的发展，就是要坚决抵制这种低端擦边行为，否则，一次放纵，就可能换来更多音乐被嫁接，被侵权。#华晨宇方称拒绝音乐版权擦边行为#,0
2025/4/2 13:25,做为音乐人要有职业操守，别人的原创心血不告而取据为己有，有脸吗？黄某某,1
2025/4/2 13:25,例子举的好欢迎你来??星玩啊,0
2025/4/2 13:26,欢迎欢迎！！,0
2025/4/2 13:26,支持华晨宇维权！！,0
2025/4/2 13:26,#华晨宇方称拒绝音乐版权擦边行为#,0
2025/4/2 13:26,?拒绝音乐版权擦边行为????♀?,0
2025/4/2 13:26,而且还一直打擦边球说自己买了烟火的版权，但根本0人说烟火版权的事情,1
2025/4/2 13:26,多一些纯粹原创，少一些模糊“借鉴”,0
2025/4/2 13:26,你发的这个跟这个视频里的对比不一样阿，视频里第一段是从343开始，但是第二段并不是。,0
2025/4/2 13:26,emm~也不能说是硬刚吧，毕竟是对方有错在先，华先生一方只是表明态度，都没有指名道姓的说已经很给面子了。黄女士那边道个歉，改个歌或者直接下架，这事就算过去了。可是呢？事到如今对方一直是冷处理的态度。就…嗯…#华晨宇方称拒绝音乐版权擦边行为#,0
2025/4/2 13:26,正常人听一听两首歌的片段，就能清楚地知道，黄霄雲妥妥地直接抄袭了华晨宇先生在《孩子》这首歌里独创性的吟唱旋律！！,1
2025/4/2 13:26,是的老师，搬运完声称原创、投原创金曲榜，还一直拉踩原唱,1
2025/4/2 13:26,圖片評論,0
2025/4/2 13:26,黄版4分37秒开始到5分09秒结束，这32秒钟，原版的烟火和原版的孩子都没有这段旋律。这是华晨宇2015年演唱会上即兴创作的旋律，正式发表是在2018年歌手第五期《孩子》。每一个原创者都应该对版权心存敬畏，不要钻法律的漏洞，做破坏行业生态的老鼠。,1
2025/4/2 13:26,#华晨宇方称拒绝音乐版权擦边行为# ,0
2025/4/2 13:26,现在吵着要公章，说实话，我还挺想看公章的,0
2025/4/2 13:26,啊啊啊啊啊啊支持维权！！！！！！！！！！！！！！！！,0
2025/4/2 13:26,华晨宇一直就很红咱家一直安心演唱会巡演，需要这种热度流量？？？,0
2025/4/2 13:26,借楼，大家可以借上面两方发言看一下，黄霄雲方声明只是烟火里的尘埃的版权，但是争议的点不是这部分，而是吟唱部分。省流版 评论配图,0
2025/4/2 13:26,支持维权！小偷都滚！,1
2025/4/2 13:26,这波属于给脸不要脸,1
2025/4/2 13:26,你来了啊 臣妾此身从此分明了,0
2025/4/2 13:26,欢迎来我们火星做客!,0
2025/4/2 13:26,支持华晨宇先生维权！,0
2025/4/2 13:26,感觉黄霄雲也挺无辜的,0
2025/4/2 13:26,#华晨宇告黑案一审民事判决# #华晨宇方称拒绝音乐版权擦边行为# 支持维权！！！ 期待4.5、4.6日西安现场#华晨宇2025火星演唱会西安站#,0
2025/4/2 13:26,@黄霄雲 @黄霄雲的雲上面包坊 多一些纯粹原创，少一些模糊“借鉴”。尊重音乐创作者的作品创意是原创音乐人的基本职业道德素养，每一份饱含心血的成果都应该被认可和保护。,0
2025/4/2 13:26,支持华晨宇维权!,0
2025/4/2 13:27,毛不易的歌歌确实不适合歌手的舞台，但是那次黄霄云死磕毛不易，毛不易还没开口唱呢，就推杆踢馆，纯没情商，那时候说毛不易好可惜的时候我都被喷了,1
2025/4/2 13:27,不知道是不是我多了一点记忆啊，就是之前黄霄云她的出圈代表作《星辰大海》，??的时候也是说什么抄袭闹的沸沸扬扬，后来怎么样我就不知道,0
2025/4/2 13:27,支持华晨宇维权,0
2025/4/2 13:27,#华晨宇方称拒绝音乐版权擦边行为#,0
2025/4/2 13:27,回复@沉睡的毒之纵横家:我管你们前身后身的，我只知道新世界借鉴了呐喊的一段旋律但各个官方音源版本都没有标准 按你们的逻辑，别人是不是也可以把你家的歌，直接扒一段旋律过来，copy在新歌上，然后作曲写自己的名字，整首歌都是自己写的 你们质问，别人就说这是当初那首歌的后身，这段旋律来源我可以不标,1
2025/4/2 13:27,尊重原创 拒绝一切版权擦边球行为,0
2025/4/2 13:27,尊重音乐创作者的作品创意是原创音乐人的基本职业道德素养，每一份饱含心血的成果都应该被认可和保护，华晨宇歌迷坚决维护歌手华晨宇的音乐??,0
2025/4/2 13:27,图片评论,0
2025/4/2 13:27,就是小偷,1
2025/4/2 13:27,支持华晨宇维权!,0
2025/4/2 13:27,不问自取就是偷哈,1
2025/4/2 13:27,支持维权！,0
2025/4/2 13:27,拒绝擦边球行为,0
2025/4/2 13:27,我说后面怎么不如原版，原来加了别的歌，还不如不加,0
2025/4/2 13:27,尊重原创！坚决维护华晨宇先生应有权益！公众人物应当提升个人素养，注重创作者版权意识。华晨宇方【从未】授权《孩子》相关版权，请黄小姐@黄霄雲 及工作室@黄霄雲工作室 明确你方无《孩子》ending挪用/抄袭/改编的许可，请正面回应相关问题，我们需要公开道歉、购买相关使用版权、归还应有原创署名。,1
2025/4/2 13:27,黄霄雲抄袭，求锤得锤,1
2025/4/2 13:27,支持华晨宇维权！,0
2025/4/2 13:27,我这次真的要站在华晨宇这边了[流泪],0
2025/4/2 13:27,尊重原创！坚决维护华晨宇先生应有权益！公众人物应当提升个人素养注重创作者版权意识。华晨宇方【从未】授权《孩子》相关版权，请黄小姐@黄霄雲 及工作室@黄霄雲的雲上面包坊 明确你方无《孩子》ending挪用/抄袭/改编的许可，请正面回应相关问题，我们需要公开道歉、购买相关使用版权、归还应有原创,1
2025/4/2 13:27,涨知识了,0
2025/4/2 13:27,如果有机会一定要现场听一次华晨宇的演唱会，演唱会把他的真诚体现的淋漓尽致，绝对不会让你失望的,0
2025/4/2 13:27,黄只会偷，偷了很多人的,1
2025/4/2 13:27,不尊重原创，缺乏道德底线，被恶心到了！#华晨宇方称拒绝音乐版权擦边行为#,1
2025/4/2 13:27,觉得图上这个博主乱说胡说对黄女士的声誉造成影响，我也欢迎黄女士工作室去告这个博主哈[赞][赞][赞][赞],1
2025/4/2 13:27,支持华晨宇维权#华晨宇方称拒绝音乐版权擦边行为#,0
2025/4/2 13:27,支持华晨宇先生维权！网络不是法外之地！,0
2025/4/2 13:27,咱们中国原创音乐市场很差了，知名歌手的原创都能拿去偷，那些普通创作音乐人咋办啊,0
2025/4/2 13:28,别虚空索敌好吗@黄霄雲 @黄霄雲的雲上面包坊 多一些纯粹原创，少一些模糊“借鉴”。尊重音乐创作者的作品创意是原创音乐人的基本职业道德素养，每一份饱含心血的成果都应该被认可和保护。,1
2025/4/2 13:28,其实就是因为她后面的吟唱用的是原唱另一首歌里的，但是她发翻唱的时候标的吟唱是她自己写的[看]她只有一首歌的版权,0
2025/4/2 13:28,尊重原创！,0
2025/4/2 13:28,火星欢迎你呀，公主！,0
2025/4/2 13:28,#华晨宇方称拒绝音乐版权擦边行为# 触碰音乐底线绝不容忍！！拒绝音乐版权擦边行为！！不配称为音乐人！！同时欢迎来西安听《烟火里的尘埃》和《孩子》的现场！#2025华晨宇火星演唱会#,0
2025/4/2 13:28,多一些纯粹原创，少一些模糊“借鉴”。尊重音乐创作者的作品创意是原创音乐人的基本职业道德素养，每一份饱含心血的成果都应该被认可和保护。,0
2025/4/2 13:28,这事越来越好玩了,0
2025/4/2 13:28,拒绝音乐版权擦边行为。尊重音乐创作者的作品创意是原创音乐人的基本职业道德素养，每一份饱含心血的成果都应该被认可和保护。 华晨宇歌迷坚决维护华晨宇的音乐！,0
2025/4/2 13:28,是这个问题吗？黄霄雲抄袭，求锤得锤，活该，还营销自己原创歌手，可笑[捂脸][捂脸],1
2025/4/2 13:28,来姐姐告诉你怎么听，西楼唱的《孩子》，华晨宇改编版的《孩子》，华晨宇唱的《烟火里的尘埃》，黄霄云翻唱的《烟火里的尘埃》。有耳朵的应该都能听明白，除非你真的是音痴，那我们也没有聊的必要了，属于对牛弹琴，望周知。,1
2025/4/2 13:28,20年是第二次上歌手 之前第一次上歌手也被骂上热搜了哦 因为她说挑战就要挑弱的 这样说毛不易 然后网友们就巨讨厌她,1
2025/4/2 13:28,抄袭就是抄袭哈[舔屏],1
2025/4/2 13:28,欢迎来火星玩儿,0
2025/4/2 13:28,#华晨宇告黑案一审民事判决# 支持华晨宇先生维权！,0
2025/4/2 13:28,拒绝擦边球式音乐，坚决维护华晨宇音乐版权！,0
2025/4/2 13:28,请你不要到处偷偷#华晨宇方称拒绝音乐版权擦边行为# #华晨宇 黄霄云#,1
2025/4/2 13:28,是的,0
2025/4/2 13:28,@黄霄雲 @黄霄雲的雲上面包坊 道歉，下架。#华晨宇方称拒绝音乐版权擦边行为# #华晨宇 黄霄云#,1
2025/4/2 13:28,她自己能不知道？她不是“科班”出身吗？,1
2025/4/2 13:28,支持华晨宇维权！,0
2025/4/2 13:28,尊重音乐创作者的作品创意是原创音乐人的基本职业道德素养，每一份饱含心血的成果都应该被认可和保护，华晨宇歌迷坚决维护歌手华晨宇的音乐??,0
2025/4/2 13:28,这不是一模一样？黄霄云也出道11年了，没自己的歌就要偷别人的吗[流泪],1
2025/4/2 13:28,本来她是翻唱最好的一个，没想到偷一段，擦边，太恶心了,1
2025/4/2 13:28,魔怔了,1
2025/4/2 13:28,支持华晨宇先生维权！,0
2025/4/2 13:28,拒绝音乐版权擦边行为，谁需要热度把自己都烤糊了！！！！,1
2025/4/2 13:28,#华晨宇方称拒绝音乐版权擦边行为#,0
2025/4/2 13:29,公开道歉！下架！发酵这么多天 没有任何解决方案 我方主动沟通也无果给台阶不下 那后果自行承担！#华晨宇方称拒绝音乐版权擦边行为#,1
2025/4/2 13:29,这下求锤得锤了,1
2025/4/2 13:29,#华晨宇方称拒绝音乐版权擦边行为# 拒绝音乐版权擦边!,0
2025/4/2 13:29,#华晨宇 黄霄云# 其实业内都看得出来她在偷，就她嘴硬了，这种行为其实蛮可耻的。#华晨宇方称拒绝音乐版权擦边行为#,1
2025/4/2 13:29,无论哪一年，都是华晨宇的创意，无论怎么改编都先出自华晨宇，原版没有。基于这首歌的改动是他的创意不是黄霄云的。她不问自取视为,1
2025/4/2 13:29,今天我们看似是在维护一首歌，在维护一个艺人，其实本质是在维护音乐的公平性，维护的是一种市场次序。今天不较真，明天就会有更多人投机取巧，走捷径。维权的路道阻且漫长，但我们要走出这一步，给原创音乐一个公道！,0
2025/4/2 13:29,硬钢谈不上，降维打击吧,1
2025/4/2 13:29,欢迎来演唱会现场听原唱，会更加好听哦,0
2025/4/2 13:29,不问自取便是偷！小偷家族道歉！,1
2025/4/2 13:29,建议她改名黄霄偷,1
2025/4/2 13:29,因为说的一直都是吟唱部分，没有人说烟火里的尘埃的版权，可是黄霄云却把吟唱部分标成自己原创来混淆大众,1
2025/4/2 13:29,支持维权！！,0
2025/4/2 13:29,降智了嘛[泪奔],1
2025/4/2 13:29,发了，给你看一下,0
2025/4/2 13:29,原唱和偷旋律翻唱比啥啊……,1
2025/4/2 13:29,#华晨宇方称拒绝音乐版权擦边行为# 改编创作者的劳动过程都还在那呢，怎么那么好意思就擅自拿去用了！,0
2025/4/2 13:29,说的好[赞][赞][赞],0
2025/4/2 13:29,#华晨宇方称拒绝音乐版权擦边行为# @黄霄雲 @黄霄雲的雲上面包坊 道歉，下架。 ,0
2025/4/2 13:29,支持华晨宇维权！,0
2025/4/2 13:29,地狱笑话,1
2025/4/2 13:29,一模一样[鞠躬],0
2025/4/2 13:29,这就是求锤得锤吧,1
2025/4/2 13:29,支持华晨宇先生维权,0
2025/4/2 13:29,目前为止，华方都没有出具任何合法证据。可能你也是被送票了吧,1
2025/4/2 13:29,你们到底能不能看懂人话啊？买了版权翻唱没问题，有问题的是她在歌曲最后那一段加的旋律是华晨宇2018年在歌手里唱《孩子》的时候自己编创的旋律，后面也是华晨宇在演唱会上把这段旋律加到烟火里面，但某黄翻唱版本里并未注明这一点，反而嘴硬模糊概念,1
2025/4/2 13:30,我是说之前看歌手的时候，看她长得挺漂亮，还说喜欢花花，唱功也还行，但我看着始终觉得有心机，感觉喜欢不上来，就想着可能是我的直觉错了，人家可能就这样呢，现在看来她人是真的不行，作为一名歌手，连尊重作品都不懂，我们维权，她们卖惨说是网暴。,1
2025/4/2 13:30,刚听完别人发的华晨宇这段55的视频，请问你是说谁应该提升实力,1
2025/4/2 13:30,#华晨宇方称拒绝音乐版权擦边行为#  @黄霄雲 @黄霄雲的雲上面包坊 道歉，下架,0
2025/4/2 13:30,纯路人，但是华晨宇的烟火里的尘埃真的陪伴着我最低谷的每一天。真的很喜欢他唱的这个。,0
2025/4/2 13:30,#华晨宇方称拒绝音乐版权擦边行为# 多一些纯粹原创，少一些模糊“借鉴”。避重就轻不是解决问题的方式，拒绝音乐版权擦边行为,0
2025/4/2 13:30,[调皮][调皮][调皮][调皮],0
2025/4/2 13:30,支持华晨宇先生维权！,0
2025/4/2 13:30,@黄霄雲 @黄霄雲的雲上面包坊 道歉，下架,1
2025/4/2 13:30,觉得一样有本事就去扒谱没本事别在这逼逼赖赖恶心谁呢,1
2025/4/2 13:30,大黄还签了个MCN,0
2025/4/2 13:30,要买版权就都买了呀，有这个又不是没有这个钱，买了一个版权，又摸摸人家另一个的旋律是什么意思,1
2025/4/2 13:30,#华晨宇方称拒绝音乐版权擦边行为#,0
2025/4/2 13:30,#华晨宇方称拒绝音乐版权擦边行为##华晨宇黄霄云方未能达成共识# 支持华晨宇先生维权！,0
2025/4/2 13:30,搞擦边球的，[赞][赞][赞]在音乐圈如何混？,1
2025/4/2 13:30,做人不能太黄霄雲，大裁女是爽了。原创不易，拒绝擦边剽窃,1
2025/4/2 13:30,支持华晨宇维权！,0
2025/4/2 13:30,爽了,0
2025/4/2 13:30,维权太难了,0
2025/4/2 13:30,@黄霄雲 @黄霄雲的雲上面包坊 敢不敢上来说话，道歉，下架,1
2025/4/2 13:30,谁原创的东西被偷都应该正常追责吧,0
2025/4/2 13:30,不问自取，视为,1
2025/4/2 13:30,说真的，呐喊和新世界的旋律都不一样……,0
2025/4/2 13:30,支持华晨宇先生维权#华晨宇告黑案一审民事判决#,0
2025/4/2 13:30,拒绝擦边,0
2025/4/2 13:30,这通俗易懂的例子不会再有猪首听不明白了，欢迎来火星玩 西安见！#华晨宇方称拒绝音乐版权擦边行为#,0
2025/4/2 13:30,现场大破音  让她粉丝发替换音源的现场演出片段  她自己在粉丝群发的  说不要流传出去现场破音,1
2025/4/2 13:30,一场演唱会还要买版权才能唱满的歌手，还是老实炫你的技巧就行。[微笑],1
2025/4/2 13:30,黄霄云错在唱火了，让对方没有面子，恼羞成怒,1
2025/4/2 13:30,@黄霄雲 @黄霄雲的雲上面包坊 同为音乐人，请尊重音乐版权！#华晨宇方称拒绝音乐版权擦边行为#,0
2025/4/2 13:30,支持维权，拒绝擦边#华晨宇方称拒绝音乐版权擦边行为#,0
2025/4/2 13:31,#华晨宇方称拒绝音乐版权擦边行为#,0
2025/4/2 13:31,#华晨宇方称拒绝音乐版权擦边行为# 黄霄云方始终避重就轻，我们从来没有不允许翻唱，只是黄霄云买了《烟火里的尘埃》翻唱权，翻唱的时候却借用《孩子》的旋律，但是黄方并没有买《孩子》的版权，而且黄方还把借用的《孩子》的那段旋律标注了自己的名字#华晨宇黄霄雲双方未能达成有效共识#,0
2025/4/2 13:31,支持博主，本来就是只有歌词一样而已，旋律根本不一样，支持,0
2025/4/2 13:31,支持华晨宇先生依法维权,0
2025/4/2 13:31,而且还标注是自己原创[看],0
2025/4/2 13:31,这波我站华晨宇，我们家花花就这么一首歌大伙听过，你还给我唱了，让我们花花以后唱什么？《我的滑板鞋2.5倍速抒情版remix》吗？,1
2025/4/2 13:31,#华晨宇方称拒绝音乐版权擦边行为# @黄霄雲 道歉,0
2025/4/2 13:31,尊重创作者权利！,0
2025/4/2 13:31,授权瘦个屁权授了一个歌的他可是把两首歌的旋律剪到一起，脸都不要了,1
2025/4/2 13:31,支持华晨宇先生维权！#华晨宇方称拒绝音乐版权擦边行为#,0
2025/4/2 13:31,#华晨宇告黑案一审民事判决# 抵制网络暴力，支持华晨宇先生维权,0
2025/4/2 13:31,今天还有说不盖章的呢,0
2025/4/2 13:31,没什么可不可惜的，尊重原创，拒绝音乐版权擦边行为。欢迎来华晨宇火星演唱会体验真正的视觉与听觉的双重盛宴！,0
2025/4/2 13:31,又来一个帮忙卖票的??,1
2025/4/2 13:31,支持华晨宇音乐维权,0
2025/4/2 13:31,#华晨宇告黑案一审民事判决# 支持华晨宇维权,0
2025/4/2 13:31,他是原唱[憨笑][OK],0
2025/4/2 13:31,尊重音乐创作者的作品创意是原创音乐人的基本职业道德素养，每一份饱含心血的成果都应该被认可和保护！避重就轻不是解决问题的方式，对音乐版权擦边行为0容忍！,0
2025/4/2 13:31,我喜欢听hcy的滑板鞋,0
2025/4/2 13:31,@来财！来智慧！ 哈哈哈哈哈[泪奔],0
2025/4/2 13:31,@黄霄雲的雲上面包坊 道歉,0
2025/4/2 13:31,支持华晨宇维权！,0
2025/4/2 13:31,支持华晨宇先生合法维权！,0
2025/4/2 13:31,支持华晨宇先生依法维权！,0
2025/4/2 13:31,@栀子椰,0
2025/4/2 13:32,欢迎来火星玩呀,0
2025/4/2 13:32,支持华晨宇先生维权,0
2025/4/2 13:32,欢迎来火星演唱会,0
2025/4/2 13:32,别偷了。。。。,1
2025/4/2 13:32,原创不易！请别偷了 ！,0
2025/4/2 13:32,哈喽我请问呢,0
2025/4/2 13:32,【#律师谈华晨宇黄霄云版权纠纷##律师称模仿原唱或被认定版权擦边#】,0
2025/4/2 13:32,这多好听啊,0
2025/4/2 13:32,第一次见这么没脸没皮的强盗//@小华说带晋宝baby迈向新宇宙:不仅不想付钱，还说没吃炒面，指面为饭#华晨宇方称拒绝音乐版权擦边行为#,1
2025/4/2 13:32,你是她歌迷，不是歌手，歌手有版权的小可爱，你家没有什么版权，我家有，我们当然要维护，你家少搞这种小动作吧，这次是碰到铁板了，收你们来了小可爱[右边],1
2025/4/2 13:32,道歉，下架！！@黄霄雲 @黄霄雲的雲上面包坊,1
2025/4/2 13:32,把乐谱拿出来，没乐谱伤害力为0哈,1
2025/4/2 13:32,#华晨宇方称拒绝音乐版权擦边行为#,0
2025/4/2 13:32,#华晨宇方称拒绝音乐版权擦边行为# #华晨宇黄霄云方未能达成共识# #华晨宇# 拒绝擦边球式音乐，坚决维护华晨宇音乐版权！,0
2025/4/2 13:32,这个版本火了 来要钱了[黑脸],1
2025/4/2 13:32,支持华晨宇先生维权！！,0
2025/4/2 13:32,支持华晨宇维权,0
2025/4/2 13:32,黄女士标榜自己创作型歌手不懂得尊重其他原创歌手的创作心血，其公司更是混淆视听，不问自取是______。#华晨宇方称拒绝音乐版权擦边行为#,1
2025/4/2 13:32,道歉，下架！！！@黄霄雲的雲上面包坊 @黄霄雲,1
2025/4/2 13:32,#华晨宇方称拒绝音乐版权擦边行为# @黄霄雲 @黄霄雲的雲上面包坊 道歉，下架。 ,0
2025/4/2 13:32,她抄袭[憨笑]还说这首歌是她的[憨笑],1
2025/4/2 13:32,支持维权！,0
2025/4/2 13:32,支持华晨宇维权！,0
2025/4/2 13:32,不回应谢谢[微笑],0
2025/4/2 13:32,支持华晨宇先生依法维权！,0
2025/4/2 13:32,支持华晨宇维权!#华晨宇告黑案一审民事判决#,0
2025/4/2 13:33,关键是那一段改编是否具有独创性和唯一性？是一段新的旋律吗？ 拒绝对具有独创性和唯一性的改编的擦边行为！  拒绝对不具独创性和唯一性的改编搞宇宙起源的行为！ ,0
2025/4/2 13:33,发展到现在，性质已经变了，处理不好，以后会被排挤，电视节目都不得人敢邀请了。,1
2025/4/2 13:33,华晨宇方甚至都主动沟通给足体面了，依旧有错不改，做人怎么能无耻到这种程度，为了热度是脸都不要了。#华晨宇方称拒绝音乐版权擦边行为#,1
2025/4/2 13:33,[感谢][感谢][感谢],0
2025/4/2 13:33,[看]这样比啊？,0
2025/4/2 13:33,多一些纯粹原创，拒绝音乐擦边行为！#华晨宇方称拒绝音乐版权擦边行为#,0
2025/4/2 13:33,支持原创，支持纯粹的音乐人,0
2025/4/2 13:33,她本来20年歌手时候名声就不太好，这几年过来好不容易重新有些起色，现在又来来这一茬，她事业往后应该很难再有啥水花了,1
2025/4/2 13:33,最不要脸的就是我猾,1
2025/4/2 13:33,#华晨宇告黑案一审民事判决# 支持華晨宇維權！,0
2025/4/2 13:33,每天想着怎么营销自己，还不如去提高自己的技术，当自己业务能力变强的时候，别人自然就看到了。#华晨宇方称拒绝音乐版权擦边行为#,0
2025/4/2 13:33,#华晨宇方称拒绝音乐版权擦边行为#,0
2025/4/2 13:33,是这样的，而且还标自己是原创，并投给了原创音乐榜，又偷又抢,1
2025/4/2 13:33,#华晨宇方称拒绝音乐版权擦边行为# 毫无底线毫无素养的一群人，说的就是你们@黄霄雲的雲上面包坊 @黄霄雲,1
2025/4/2 13:33,真的是脸皮够厚的,1
2025/4/2 13:33,黄霄雲作为中央音乐学院毕业的学子，居然用偷盗擦边这种行为来标榜自己是原创，我大感震惊！国内的音乐行业风气被这些小偷败坏成这样，以后谁来保护真正的创作者？！坚决支持华晨宇方维权！,1
2025/4/2 13:33,支持华晨宇维权尊重原创,0
2025/4/2 13:33,支持华晨宇维权#华晨宇告黑案一审民事判决#,0
2025/4/2 13:33,用法律武器维护自身权益,0
2025/4/2 13:33,[捂脸][捂脸][捂脸],0
2025/4/2 13:33,做不了原创就偷，成为音乐人之前首先学会做人。#华晨宇方称拒绝音乐版权擦边行为#,1
2025/4/2 13:33,#华晨宇方称拒绝音乐版权擦边行为# 道歉，下架,0
2025/4/2 13:33,拒绝音乐擦边行为，维护华晨宇先生的版权。,0
2025/4/2 13:33,【#律师谈华晨宇黄霄云版权纠纷##律师称模仿原唱或被认定版权擦边#】,0
2025/4/2 13:33,@黄霄雲 @黄霄雲的雲上面包坊 道歉，下架,1
2025/4/2 13:33,尊重原创！坚决维护华晨宇先生应有权益！华晨宇方【从未】授权《孩子》相关版权，请黄小姐@黄霄雲 及工作室@黄霄雲的雲上面包坊 明确你方无《孩子》ending挪用/抄袭/改编的许可，请正面回应相关问题，我们需要公开道歉、购买相关使用版权、归还应有原创署名。,1
2025/4/2 13:33,笑死我了，让她别沾边,1
2025/4/2 13:33,拒绝买一偷一，支持华晨宇维权！,0
2025/4/2 13:33,拒绝擦边球式音乐，坚决维护华晨宇音乐版权！,0
2025/4/2 13:33,姐姐火星欢迎你这话说的口渴了吧小的给你递上一杯火星特饮,1
2025/4/2 13:33,抵制不法行为，支持华晨宇维权！,0
2025/4/2 13:33,支持维权！,0
2025/4/2 13:33,尊重华晨宇先生的劳动成果！,0
2025/4/2 13:33,每天想着怎么营销自己，还不如去提高自己的技术，当自己业务能力变强的时候，别人自然就看到了。#华晨宇方称拒绝音乐版权擦边行为#//@小华说带晋宝baby迈向新宇宙:不仅不想付钱，还说没吃炒面，指面为饭#华晨宇方称拒绝音乐版权擦边行为#,1
2025/4/2 13:33,#华晨宇方称拒绝音乐版权擦边行为# #华晨宇 黄霄雲# 支持华晨宇方维权，拒绝音乐版权擦边行为,0
2025/4/2 13:33,支持华晨宇先生维权,0
2025/4/2 13:33,拒绝音乐擦边行为，维护华晨宇先生版权。,0
2025/4/2 13:33,黄霄雲 偷婆子，一偷成名！小偷退退退！裁缝退退退！乐盲退退退！小偷退退退！裁缝退退退！乐盲退退退！小偷退退退！裁缝退退退！乐盲退退退！小偷退退退！裁缝退退退！乐盲退退退！小偷退退退！裁缝退退退！乐盲退退退！小偷退退退！裁缝退退退！乐盲退退退！小偷退退退！裁缝退退退！乐盲退退退！,1
2025/4/2 13:33,尊重原创！坚决维护华晨宇先生应有权益！公众人物应当提升个人素养，注重创作者版权意识。华晨宇方【从未】授权《孩子》相关版权，请黄小姐@黄霄雲 及工作室@黄霄雲工作室 明确你方无《孩子》ending挪用/抄袭/改编的许可，请正面回应相关问题，我们需要公开道歉、购买相关使用版权、归还应有原创署名。,1
2025/4/2 13:33,尊重音乐创作者的作品创意是原创音乐人的基本职业道德素养，每一份饱含心血的成果都应该被认可和保护。希望音乐作品能够多一些纯粹原创，少一些模糊“借鉴”。请黄女士一方马上道歉并下架侵权音源@黄霄雲 @黄霄雲的雲上面包坊,0
2025/4/2 13:33,糊??有被迫害妄想症就去治,1
2025/4/2 13:33,如果华晨宇都不能维权，那么其他原创艺术家遇到侵权该如何维护自己的正当权益？？？抵制一切裁缝强盗行为，让更多原创作品得到保护！！！@黄霄雲 请黄霄雲女士尊重华晨宇原创版权，认真反思公开道歉，下架侵权曲目，希望你能凭自己的实力闯出自己的音乐之路！#华晨宇 黄霄云#...全文,1
2025/4/2 13:33,支持维权#华晨宇方称拒绝音乐版权擦边行为#,0
2025/4/2 13:34,支持华晨宇维权！,0
2025/4/2 13:34,支持华晨宇先生维权！！#华晨宇告黑案一审民事判决#,0
2025/4/2 13:34,欢迎来火星演唱会听现场版的孩子（改编版）+烟火里的尘埃,0
2025/4/2 13:34,欢迎来火星,0
2025/4/2 13:34,@TOP音樂風雲榜,0
2025/4/2 13:34,拒绝擦边球式音乐，坚决维护华晨宇音乐版权！,0
2025/4/2 13:34,支持华晨宇维权,0
2025/4/2 13:34,加一我也喜欢,0
2025/4/2 13:34,华晨宇方已经给足对方体面了，可惜对方有台阶都不下。那我们只能为华晨宇的版权维权到底了！,0
2025/4/2 13:34,那就不参与,0
2025/4/2 13:34,一下惹到俩白月光,1
2025/4/2 13:34,我方坚持立场：避重就轻不是解决问题的方式，同时拒绝音乐版权擦边行为。,0
2025/4/2 13:34,【#律师谈华晨宇黄霄云版权纠纷##律师称模仿原唱或被认定版权擦边#】,0
2025/4/2 13:34,支持 ,0
2025/4/2 13:34,道歉！下架！！@黄霄雲 @黄霄雲的雲上面包坊,1
2025/4/2 13:34,俺不中了,0
2025/4/2 13:34,她华语一姐？？？,1
2025/4/2 13:34,@黄霄雲 @黄霄雲的雲上面包坊 道歉！下架！,1
2025/4/2 13:34,三无产品，本质还是为了卖票，花的粉丝真可怜,1
2025/4/2 13:34,还能怎么看 糊面包的声明里从头到尾没提到过关于后面吟唱部分的搬运 避重就轻在怕什么呢好难猜啊#华晨宇方称拒绝音乐版权擦边行为# #音乐裁缝黄霄云#,1
2025/4/2 13:34,拒绝音乐版权擦边维护尊重华晨宇先生版权。,0
2025/4/2 13:34,支持维权啊，不能纵容这种行为,0
2025/4/2 13:34,@黄霄雲 @黄霄雲的雲上面包坊 道歉，下架,1
2025/4/2 13:34,是的，她真的倒反天罡,1
2025/4/2 13:34,支持华晨宇维权????黄霄雲粉丝就是李某某的下场,1
2025/4/2 13:34,支持维权！,0
2025/4/2 13:34,有机会一定要来玩啊4.5号和4.6号西安场还有接下来的佛山乐园场，都可以关注一下哦尤其是乐园场，入场不亏哦,0
2025/4/2 13:34,小偷怎么可能和正主商量呢,1
2025/4/2 13:35,再回应!,0
2025/4/2 13:35,支持維權尊重原創,0
2025/4/2 13:35,支持华晨宇先生维权！,0
2025/4/2 13:35,图片评论,0
2025/4/2 13:35,什么瓜,0
2025/4/2 13:35,拿乐谱出来啊 ,0
2025/4/2 13:35,支持华晨宇维权！！！华晨宇#华晨宇# #华晨宇告黑案一审民事判决#,0
2025/4/2 13:35,【#律师谈华晨宇黄霄云版权纠纷##律师称模仿原唱或被认定版权擦边#】,0
2025/4/2 13:35,#华晨宇方称拒绝音乐版权擦边行为# 拒绝打版权擦边球，坚决维护华晨宇音乐权益,0
2025/4/2 13:35,我又没说整首歌一样，我只指的是那段oh hai ya，他在歌手上都标明借鉴了呐喊，但后面的官方音源却故意模糊这点是为什么呢,0
2025/4/2 13:35,不要因为以前的一些营销号被买黑稿黑hcy就无脑觉得hcy的错好嘛。原创版权如果连花花这种体量的歌手都很难维权，我不敢想其他原创老师得有多绝望。,0
2025/4/2 13:35,欢迎老师来火星玩～,0
2025/4/2 13:35,尊重音乐创作者的作品创意是原创音乐人的基本职业道德素养，每一份饱含心血的成果都应该被认可和保护，华晨宇歌迷坚决维护歌手华晨宇的音乐！,0
2025/4/2 13:35,支持华晨宇先生维权！#华晨宇告黑案一审民事判决#,0
2025/4/2 13:35,我怎么看？我希望华语乐坛不要有“裁缝”，尊重音乐创作者的作品，业内人士应该具备基本的职业道德素养，这样华语乐坛才会越来越好。#华晨宇方称拒绝音乐版权擦边行为#,0
2025/4/2 13:35,#华晨宇方称拒绝音乐版权擦边行为# 拒绝音乐版权擦边行为?，请黄霄云向华晨宇道歉，并全平台下架侵权歌曲,1
2025/4/2 13:35,火??快来干活呀,0
2025/4/2 13:35,都可以喜欢啊，只是就事论事对歌手的热爱并不影响,0
2025/4/2 13:35,是的,0
2025/4/2 13:35,支持华晨宇先生维权!,0
2025/4/2 13:35,黄霄云翻唱挪用未经授权过的旋律，这种还标榜原创音乐人，真是可耻,1
2025/4/2 13:35,最后的吟唱不是原唱的调子吗 华和黄的版本我都单曲循环听了好多遍了 没发现[捂脸],0
2025/4/2 13:35,不要face就能当乐坛神偷,1
2025/4/2 13:35,她不仅不想付多吃的炒面的钱，她还试图跟别人说炒面是她做的荒谬！这事儿明眼人都能看出来黄就是剽窃了。最后欢迎你来火星演唱会玩#华晨宇方称拒绝音乐版权擦边行为#,1
2025/4/2 13:35,大家都镲边拼接就不用再原创了，这种不劳而获的风气对行业来说是毒瘤,1
2025/4/2 13:35,请华晨宇不要偷歌,1
2025/4/2 13:35,顶你，支持维权,0
2025/4/2 13:35,她实在想用，偷偷摸摸用，倒还没这么多人知道，还去投稿金曲榜，她怎么想的,1
2025/4/2 13:35,尊重音乐创作者的作品创意是原创音乐人的基本职业道德素养，每一份饱含心血的成果都应该被认可和保护，华晨宇歌迷坚决维护歌手华晨宇的音乐！！！,0
2025/4/2 13:35,火蛆双标??,1
2025/4/2 13:35,#华晨宇告黑案一审民事判决# 支持维权！,0
2025/4/2 13:35,转发微博,0
2025/4/2 13:35,支持华晨宇先生依法维权！！,0
2025/4/2 13:36,#华晨宇方称拒绝音乐版权擦边行为# #华晨宇黄霄云方未能达成共识# 音乐是底线，支持华晨宇先生维权，拒绝音乐版权擦边行为。,0
2025/4/2 13:36,尊重原创，拒绝音乐版权擦边#华晨宇方称拒绝音乐版权擦边行为#,0
2025/4/2 13:36,牛逼,0
2025/4/2 13:36,黄霄雲女士拥有的是《烟火里的尘埃》使用版权，而非《孩子》live版的使用版权，也并未向华晨宇方沟通借鉴和声改编一事，请黄霄雲女士及其工作室正面回应最后【华晨宇原创吟唱旋律】的版权及其所属问题，请勿避重就轻打擦边球，借用请标明来源，请尊重每一份原创，请尊重原创音乐人！,1
2025/4/2 13:36,#华晨宇对接斥侵权行为# hcy#华晨宇 黄霄云#  @黄霄雲 @黄霄雲的雲上面包坊 下架！道歉！,1
2025/4/2 13:36,支持原创,0
2025/4/2 13:36,大黄万能模板幕后那只黑手,1
2025/4/2 13:36,支持华晨宇维权！,0
2025/4/2 13:36,偷儿 @黄霄雲 ??,1
2025/4/2 13:36,支持华晨宇先生维权，网络不是法外之地！??,0
2025/4/2 13:36,#华晨宇告黑案一审民事判决# 支持华晨宇维权,0
2025/4/2 13:36,哥们[黑脸]歌能偷走。那天赋呢。关键是你连歌都偷不走[憨笑][赞],1
2025/4/2 13:36,出来说话@黄霄雲的雲上面包坊,1
2025/4/2 13:36,尊重原创,0
2025/4/2 13:36,毕竟你家最会的就是转移话题不管怎样 hxy糊定了,1
2025/4/2 13:36,对哒！你说了没错，问题是她还死不承认,1
2025/4/2 13:36,支持华晨宇先生维权！,0
2025/4/2 13:36,是的  并且标注是自己编曲,0
2025/4/2 13:36,烟火里的尘埃这首歌的词曲作者分别是林夕，西楼，hcy是首唱，原唱但这不是他写的歌。其他歌手买了版权都可以唱的，至于为什么要唱，也许就是因为别人喜欢这首歌。纠纷不在烟火里的尘埃这首歌的版权，而是这首歌结尾hxy改编增加的吟唱部分。,0
2025/4/2 13:36,不都是同一首么,0
2025/4/2 13:36,#华晨宇方称拒绝音乐版权擦边行为# //@小华说带晋宝baby迈向新宇宙:不仅不想付钱，还说没吃炒面，指面为饭#华晨宇方称拒绝音乐版权擦边行为#,1
2025/4/2 13:36,图片评论,0
2025/4/2 13:36,拒绝音乐擦边，支持华晨宇维权,0
2025/4/2 13:36,没能力创作就老老实实翻唱，别抄别人的说自己原创，没能力还没品德，音乐人还不尊重音乐,1
2025/4/2 13:36,一模一样哎[黑脸]黄霄云工作室怎么说没抄啊,1
2025/4/2 13:36,@黄霄雲 @黄霄雲的雲上面包坊 道歉，下架。#华晨宇方称拒绝音乐版权擦边行为# #华晨宇 黄霄云#,1
2025/4/2 13:36,支持华晨宇维权！！！！,0
2025/4/2 13:37,#华晨宇方称拒绝音乐版权擦边行为#  @黄霄雲 @黄霄雲的雲上面包坊 出来道歉?? 我方坚持立场：避重就轻不是解决问题的方式，同时拒绝音乐版权擦边行为。我们一直秉持开放的心态欢迎优秀音乐人交流共进，但与此同时希望音乐作品能够多一些纯粹原创，少一些模糊“借鉴”。,1
2025/4/2 13:37,是滴，不仅直接搬运了。她还标上了自己名字。 ，说是自己的原创,1
2025/4/2 13:37,剽窃行为是无耻的！,1
2025/4/2 13:37,拒绝音乐版权擦边行为。尊重音乐创作者的作品创意是原创音乐人的基本职业道德素养，每一份饱含心血的成果都应该被认可和保护。#华晨宇方称拒绝音乐版权擦边行为#,0
2025/4/2 13:37,不是第一次了，华语乐坛百家避雷哈,1
2025/4/2 13:37,不会吧，为了卖票搞这一出！,1
2025/4/2 13:37,#华晨宇方称拒绝音乐版权擦边行为# 每天想怎么营销自己，还不如去提高自己的技术，然后当自己业务能力变强的时候，别人自然就看到了——华晨宇,0
2025/4/2 13:37,现在工作室出面了，他们又开始求公章了，他们到底为啥那么想让他们姐姐糊？？？？,1
2025/4/2 13:37,拒绝擦边球式音乐,0
2025/4/2 13:37,#华晨宇方称拒绝音乐版权擦边行为#,0
2025/4/2 13:37,支持华晨宇维权！网络不是法外之地！,0
2025/4/2 13:37,其实“擦边”都说轻了，这就是付了一份炒饭的钱，却吃了炒饭和炒面，吃完还不想付炒面的钱；别说炒面你只夹了几口，那也是一份完整炒面的一部分，是生产者的劳动和心血成果。,1
2025/4/2 13:37,图片评论,0
2025/4/2 13:37,不仅标注了是自己，还好意思把这首翻唱的歌投稿华夏原创新歌榜,1
2025/4/2 13:37,拒绝音乐版权擦边行为，维护华晨宇先生版权。,0
2025/4/2 13:37,拒绝音乐版权擦边行为！#华晨宇方称拒绝音乐版权擦边行为#,0
2025/4/2 13:37,《孩子》这首歌的花语是手慢无,0
2025/4/2 13:37,当年在电视上看了华晨宇参加节目时改编的劳动过程，也在过2018年鸟巢现场听华晨宇和大家一起合唱，尊重华晨宇的劳动成果！支持中国原创领域的认真对待！,0
2025/4/2 13:37,保护华晨宇先生音乐版权！支持原创作品,0
2025/4/2 13:37,@华晨宇工作室 这文案是最流畅的一次，歌迷看了最舒心的一次。在其他平台也要发一下哦,0
2025/4/2 13:37,支持华晨宇维权！欢迎你来火星,0
2025/4/2 13:37,支持！维权！,0
2025/4/2 13:37,我现在就刷到黄的粉丝说，那段吟唱就是小烟的旋律，所以就是可以用，旋律改编也不能直接用吧[感谢][感谢][感谢]这不是擦边碰瓷吗[感谢][感谢][感谢],1
2025/4/2 13:37,守护[憨笑],0
2025/4/2 13:37,黑红也算红,1
2025/4/2 13:37,[尬笑][尬笑][尬笑][尬笑],0
2025/4/2 13:37,尊重原创 拒绝擦边 坚决维护华晨宇先生音乐版权！！！,0
2025/4/2 13:37,支持华晨宇先生维权！,0
2025/4/2 13:37,你唱个升key版试试，起码音准比某些人准,1
2025/4/2 13:37,#华晨宇方称拒绝音乐版权擦边行为# #华晨宇黄霄云方未能达成共识# 尊重音乐创作者的作品创意是原创音乐人的基本职业道德素养，每一份饱含心血的成果都应该被认可和保护，华晨宇歌迷坚决维护歌手华晨宇的音乐??,0
2025/4/2 13:37,那我们大可不必，每次抢票都抢不到呢，还是四面台售票呢，抄袭的她需要这种宣传吧！,1
2025/4/2 13:38,支持维权！,0
2025/4/2 13:38,@黄霄雲 @黄霄雲的雲上面包坊 多一些纯粹原创，少一些模糊“借鉴”。尊重音乐创作者的作品创意是原创音乐人的基本职业道德素养，每一份饱含心血的成果都应该被认可和保护。,0
2025/4/2 13:38,主动沟通已经给对方台阶下了，不撞南墙不回头，对方对自己把黑的说成白的的能力很有自信啊，不愧是吃营销红利的公司，也是开了眼界了,1
2025/4/2 13:38,昨天歌迷会的声明就是在工作室授权下发的，本想给裁女留点体面，奈何给脸不要脸再次说明避重就轻不是解决问题的方式，同时拒绝音乐版权擦边行为。 ！！！创作不易，作为一个音乐人要点脸,1
2025/4/2 13:38,支持华晨宇先生维权,0
2025/4/2 13:38,支持华晨宇维权！！！#华晨宇告黑案一审民事判决#,0
2025/4/2 13:38,呜呜呜简直太好听了孩子的原创[流泪][流泪],0
2025/4/2 13:38,#华晨宇方称拒绝音乐版权擦边行为#,0
2025/4/2 13:38,支持华晨宇方维护版权拒绝音乐版权擦边行为！！！,0
2025/4/2 13:38,对我刚才也想到了白浅这句台词,0
2025/4/2 13:38,#华晨宇方称拒绝音乐版权擦边行为# @黄霄雲 道歉！,0
2025/4/2 13:38,呐喊的版权我们有 而且 原唱张韶涵就在现场而有些人呢 装聋 歌迷会工作室都发声了 还觉得自己没问题是吗,1
2025/4/2 13:38,别抄了，写也写不明白唱也唱不明白,1
2025/4/2 13:38,支持华晨宇维权,0
2025/4/2 13:38,支持华晨宇先生依法维权,0
2025/4/2 13:38,@黄霄雲 拒绝打擦边球,0
2025/4/2 13:38,华裁缝,0
2025/4/2 13:38,#华晨宇告黑案一审民事判决# 支持华晨宇先生维权！,0
2025/4/2 13:38,支持华晨宇维权！#华晨宇告黑案一审民事判决# 华晨宇,0
2025/4/2 13:38,终于找到条正常评论了,1
2025/4/2 13:38,拒绝音乐版权擦边行为，支持华晨宇方维权！！,0
2025/4/2 13:38,黄霄雲 偷婆子，一偷成名！小偷退退退！裁缝退退退！乐盲退退退！小偷退退退！裁缝退退退！乐盲退退退！小偷退退退！裁缝退退退！乐盲退退退！小偷退退退！裁缝退退退！乐盲退退退！小偷退退退！裁缝退退退！乐盲退退退！小偷退退退！裁缝退退退！乐盲退退退！小偷退退退！裁缝退退退！乐盲退退退！,1
2025/4/2 13:38,支持华晨宇先生维权！！！,0
2025/4/2 13:38,你好，空耳鉴抄没用，请扒谱，扒谱两个字认识吗,1
2025/4/2 13:38,花花是随和，但先斩后奏是忍不了一点,1
2025/4/2 13:38,《烟火里的孩子》[憨笑],0
2025/4/2 13:38,请道歉@黄霄雲 黄女士，以及你家粉丝,1
2025/4/2 13:39,#华晨宇方称拒绝音乐版权擦边行为# 触碰音乐底线绝不容忍！！拒绝音乐版权擦边行为！！不配称为音乐人！！同时欢迎来西安听《烟火里的尘埃》和《孩子》的现场！,0
2025/4/2 13:39,我们维护的不是华晨宇，是所有原创者的心血,0
2025/4/2 13:39,拒绝音乐版权擦边行为！尊重音乐创作者的作品创意是原创音乐人的基本职业道德素养，每一份饱含心血的成果都应该被认可和保护。,0
2025/4/2 13:39,欢迎大家来火星玩呀,0
2025/4/2 13:39,？,0
2025/4/2 13:39,尊重原创！坚决维护@华晨宇yu 先生应有权益！,0
2025/4/2 13:39,首先大家要搞清楚一件事情，黄霄云他买了烟火里的尘埃，这个版权他改编，没人说他想改成什么样，改成什么样，但是他就不该把话称另外一首歌的原创的一个吟唱搬到这首歌里面，还说自己写的,1
2025/4/2 13:39,欢迎来??星玩啊！包爽的,0
2025/4/2 13:39,@黄霄雲的雲上面包坊 @黄霄雲  道歉，下架，给央音丢脸。,1
2025/4/2 13:39,支持维权,0
2025/4/2 13:39,@黄霄雲 @黄霄雲的雲上面包坊 道歉，下架,1
2025/4/2 13:39,我觉得但凡听过 只要真心觉得好听 即兴的时候都会情不自禁的哼出来 如果不是即兴吟唱的就当我没说[尬笑],0
2025/4/2 13:39,这不能说像,0
2025/4/2 13:39,刚哥霹，连个公章的正式申明都没有，就是趁热闹让粉丝多买票，谁都知道贼喊捉贼，大家吃吃瓜，看看笑话得了,1
2025/4/2 13:39,所以请问专辑版标了吗？我可没说整首歌一样，我一直指的是那段oh hai ya。这是呐喊整首歌最灵魂最精华的部分，直接借鉴拿来用不应该给人家标注一下吗 评论配图,0
2025/4/2 13:39,支持华晨宇先生维权！,0
2025/4/2 13:39,保护原创的劳动成果！,0
2025/4/2 13:39,又原创上了[赞],0
2025/4/2 13:39,哈哈哈，别出来丢人现眼了，出道十年，归来还是素人哈哈哈,1
2025/4/2 13:39,这简直就是照搬,1
2025/4/2 13:39,事实证明。动什么都不要动华神的音乐。,0
2025/4/2 13:39,如果华晨宇都不能维权，那么其他原创艺术家遇到侵权该如何维护自己的正当权益？？？抵制一切裁缝强盗行为，让更多原创作品得到保护！！！@黄霄雲 请黄霄雲女士尊重华晨宇原创版权，认真反思公开道歉，下架侵权曲目，希望你能凭自己的实力闯出自己的音乐之路！#华晨宇 黄霄云#...全文,1
2025/4/2 13:39,楼上某个说作妖的 删了一堆评论最后还是受不了把自己原评论删了 早删了不完了 一直不删我还以为你享受被骂的感觉呢,1
2025/4/2 13:39,该怎么办怎么办,0
2025/4/2 13:39,拒絕音樂版權擦邊行為！,0
2025/4/2 13:39,#华晨宇方称拒绝音乐版权擦边行为#,0
2025/4/2 13:39,笑死,0
2025/4/2 13:39,道歉！@黄霄雲的雲上面包坊 @黄霄雲,0
2025/4/2 13:39,道歉！下架！@黄霄雲 @黄霄雲的雲上面包坊,1
2025/4/2 13:39,尊重音乐创作者的作品创意是原创音乐人的基本职业道德素养，每一份饱含心血的成果都应该被认可和保护，支持华晨宇维权??,0
2025/4/2 13:39,难道不是？,0
2025/4/2 13:40,黄霄雲和她团队给脸不要脸呗，华晨宇方作为被侵权方都亲自主动去沟通了，黄霄雲还嘴硬，那不就只剩被直接打脸的份了??,1
2025/4/2 13:40,创造力是一个国家和民族发展的核心动力，如果连公众人物都公然裁剪侵权，并对此恬不知耻，那么，保护创作就是空谈，就是对整个社会创造力的扼杀。,0
2025/4/2 13:40,对路人都理解了，我就不信粉丝看不懂文字,1
2025/4/2 13:40,是的直接照抄了，还营销是自己原唱，拿这个当营销点还要来踩我们一脚标榜自己版本的多有创意气死了这首歌本来就很火，她要唱要蹭可以，为什么非要这么。。。,1
2025/4/2 13:40,@黄霄雲的雲上面包坊 @黄霄雲 道歉！下架！！！！,1
2025/4/2 13:40,#华晨宇方称拒绝音乐版权擦边行为# #华晨宇黄霄云方未能达成共识# 尊重音乐创作者的作品创意是原创音乐人的基本职业道德素养，每一份饱含心血的成果都应该被认可和保护，华晨宇歌迷坚决维护歌手华晨宇的音乐??,0
2025/4/2 13:40,#华晨宇方称拒绝音乐版权擦边行为# 拒绝打版权擦边球，坚决维护华晨宇音乐权益,0
2025/4/2 13:40,#华晨宇方拒绝音乐版权擦边行为# 支持@华晨宇yu 為原創音樂維權,0
2025/4/2 13:40,#华晨宇方称拒绝音乐版权擦边行为# //@0721第44次日出:烟火里的尘埃的来时路,0
2025/4/2 13:40,不问自取即为偷！！支持华晨宇先生维权?身为音乐人却无视版权问题妄图擦边取巧黄霄云女士做人不要太减,1
2025/4/2 13:40,@黄霄雲的雲上面包坊 @黄霄雲  道歉，下架，给央音丢脸。,1
2025/4/2 13:40,华晨宇这样的一线艺人维权都这么不容易 何况小艺人呢,0
2025/4/2 13:40,支持华晨宇维权,0
2025/4/2 13:40,《幕后黑手》——来自mxgg最后的幻想,0
2025/4/2 13:40,拒绝音乐版权擦边，每个原创作者的成果不应该被这样偷取,0
2025/4/2 13:40,@黄霄雲 @黄霄雲的雲上面包坊 多一些纯粹原创，少一些模糊“借鉴”。尊重音乐创作者的作品创意是原创音乐人的基本职业道德素养，每一份饱含心血的成果都应该被认可和保护。,0
2025/4/2 13:40,支持原创,0
2025/4/2 13:40,網暴是可恥，支持華晨宇依法維權,0
2025/4/2 13:40,支持华晨宇维权！,0
2025/4/2 13:40,#华晨宇方称拒绝音乐版权擦边行为# 道歉，下架,0
2025/4/2 13:40,拼好歌[求抱抱][求抱抱][求抱抱],0
2025/4/2 13:40,坚决保护华晨宇先生音乐版权！！！！,0
2025/4/2 13:40,当年在电视上看了华晨宇参加节目时改编的劳动过程，也在过2018年鸟巢现场听华晨宇和大家一起合唱，尊重华晨宇的劳动成果！支持中国原创领域的认真对待！,0
2025/4/2 13:40,删掉了 好爽[舔屏][舔屏],1
2025/4/2 13:41,抄袭的片段是献给粉丝的彩蛋，有点像我偷电瓶车养你,1
2025/4/2 13:41,#华晨宇告黑案一审民事判决# 支持华晨宇先生维权！,0
2025/4/2 13:41,#华晨宇方称拒绝音乐版权擦边行为# #华晨宇黄霄云方未能达成共识# 尊重音乐创作者的作品创意是原创音乐人的基本职业道德素养，每一份饱含心血的成果都应该被认可和保护，华晨宇歌迷坚决维护歌手华晨宇的音乐??,0
2025/4/2 13:41,只借三个半小节，多了要版权了,0
2025/4/2 13:41,黄霄雲 gogogo??出发咯?????? 华晨宇品味有多浓????  我只要偷歌的轻松??????????  大热天??做个白日梦 ???? 梦见??我变成了顶流 ?????? 我有想偷歌的冲动???????? 以后请叫我华女一裁缝姐????,1
2025/4/2 13:41,裁缝[尬笑],0
2025/4/2 13:41,支持原创，拒绝音乐版权擦边,0
2025/4/2 13:41,哇，你评论区发鸡瘟了,1
2025/4/2 13:41,坚决维护华晨宇先生的音乐版权,0
2025/4/2 13:41,支持华晨宇维权,0
2025/4/2 13:41,让你拿掉偏见 说你存心找骂就给我毕业了 我还没说啥呢????,1
2025/4/2 13:41,道歉，下架,1
2025/4/2 13:41,黄焖鸡鸡毛又给自己加戏了，越这样越万人嫌。,1
2025/4/2 13:41,太逆天了吧[黑脸][黑脸],1
2025/4/2 13:41,你是聋子？这两段旋律一样吗？不行你就来扒谱呗？你主子最后一段可是跟《孩子》最后一段的旋律一模一样哦，别捂着耳朵向前冲了,1
2025/4/2 13:41,尊重音乐创作者的作品创意是原创音乐人的基本职业道德素养！！！！,0
2025/4/2 13:41,她的《打开》《光之黎明》《没语季节》《玫瑰星云》《盲选》《没了我你依然拥有太阳》《小云》《回音如果》《弦上生花》《说谎动物》《然后呢，最后呢》《觉醒时代》《你逆着光而来》《用尽我的一切奔向你》《画中来》《当爱》《星辰大海》《淬炼》《梦返》《要不然我们就这样一万年》《Oracle》《跃入星光》《带我去很远地方》《幻想》《羽众不同》每次听都让我潸然泪下,0
2025/4/2 13:41,黄糊糊真的谁都蹭 不止华晨宇 还有张靓颖,1
2025/4/2 13:41,支持华晨宇依法维权,0
2025/4/2 13:41,尊重原创！坚决维护@华晨宇yu 先生应有权益！,0
2025/4/2 13:41,嗯嗯被前辈锤，这事儿会成为你姐姐永远的黑料，对家永远的把柄，昨天就是你姐姐生涯巅峰，从此你姐姐一路长糊,1
2025/4/2 13:41,希望某人尊重创作者的心血，自己多学习、多思考、多创作，不要总是借成功者的光，守住自己的初心，不要弄丢了。,0
2025/4/2 13:41,尊重原创音乐作品，是基本职业道德素养。,0
2025/4/2 13:41,招如笑[尬笑],1
2025/4/2 13:41,#华晨宇方称拒绝音乐版权擦边行为#,0
2025/4/2 13:41,@蓝桉-yu 把老子气笑了  表情包都偷[捂脸],1
2025/4/2 13:41,黄霄云直接复制的是“特定旋律”。 法律界人士强调，若翻唱仅使用原词曲，授权已覆盖；但若改编涉及原唱者独创性演绎，则需额外授权,0
2025/4/2 13:41,黑手？有多黑啊，是专门跑去非洲做的美黑吗,1
2025/4/2 13:41,买了《烟火里的尘埃》的版权，并没有买《孩子》的版权好吧,0
2025/4/2 13:41,支持华晨宇先生维权,0
2025/4/2 13:41,支持原创者维权，拒绝避重就轻的版权擦边,0
2025/4/2 13:41,尊重原创！支持维权！,0
2025/4/2 13:42,多一些纯粹原创，少一些模糊“借鉴”。尊重音乐创作者的作品创意是原创音乐人的基本职业道德素养，每一份饱含心血的成果都应该被认可和保护。,0
2025/4/2 13:42,我们火星继续维护下去，拒绝没边界的擦边,1
2025/4/2 13:42,@黄霄雲 霄偷,1
2025/4/2 13:42,@Ozivun,0
2025/4/2 13:42,支持维权，尊重原创,0
2025/4/2 13:42,支持华晨宇先生维权！,0
2025/4/2 13:42,#华晨宇方称拒绝音乐版权擦边行为# 希望音乐作品能够多一些纯粹原创，少一些模糊“借鉴”。,0
2025/4/2 13:42,支持[憨笑],0
2025/4/2 13:42,有的人偷惯了真以为是自己能了????支持为受害者发声,1
2025/4/2 13:42,你说偷片段，他们说在致敬，谁懂我有多无语,1
2025/4/2 13:42,我真是难过，之前歌手她说也喜欢大哥我还给她投票支持她来着，听说翻唱了本来很开心，因为秉持花花的原则，一直觉得音乐就是要多交流。挺好的，让更多的人听到这首优秀的作品。结果却是这样的版权擦边行为，真的很令人失望,0
2025/4/2 13:42,他们的旋律一样吗？这不是语气词吗?你要严格看的话，真是不好意思，oh hhei ya和原版重复的只有字母三个词都是不一样的。可以道歉吗亲。而且词的话华晨宇管不了吧，要是在作词那栏只写华晨宇的名字你再cue他,0
2025/4/2 13:42,是这么回事,0
2025/4/2 13:42,欢迎大家来火星听歌，一起嗨,0
2025/4/2 13:42,例子举得真好！拒绝音乐版权擦边行为！！,0
2025/4/2 13:42,出来回应一下呢，好搞笑啊,0
2025/4/2 13:42,网络不是法外之地，支持华晨宇维权！#华晨宇告黑案一审民事判决#,0
2025/4/2 13:42,我滴妈呀 求你管好自家姐姐吧@黄霄雲 @黄霄雲的雲上面包坊 出来呀,1
2025/4/2 13:42,#华晨宇方称拒绝音乐版权擦边行为#,0
2025/4/2 13:42,@黄霄雲 @黄霄雲的雲上面包坊 道歉！下架！,1
2025/4/2 13:42,我也有这种猜测，让以后的人认为烟火里的尘埃是黄的,0
2025/4/2 13:42,真的….读点书吧,1
2025/4/2 13:43,支持华晨宇维权,0
2025/4/2 13:43,卖惨还要搬我们家的形象我真气死了[捂脸]粉丝再无脑护试试,1
2025/4/2 13:43,支持华晨宇先生维权，请尊重原创,0
2025/4/2 13:43,支持华晨宇维权！,0
2025/4/2 13:43,那跟花花不是一个量级的[捂脸],0
2025/4/2 13:43,#华晨宇方称拒绝音乐版权擦边行为# //@小华说带晋宝baby迈向新宇宙:不仅不想付钱，还说没吃炒面，指面为饭#华晨宇方称拒绝音乐版权擦边行为#,1
2025/4/2 13:43,用糊当保护色  绝对不能长久，禁止音乐剽窃,1
2025/4/2 13:43,#华晨宇告黑案一审民事判决# 支持华晨宇维权,0
2025/4/2 13:43,支持华晨宇先生依法维权！,0
2025/4/2 13:43,你现在出来说 谁家的水军一幕了然,1
2025/4/2 13:43,这不就是别人用了我的论文创新点和内容然后标上了自己的大名，不带参考文献，然后说是原创，这就是学术不端啊#华晨宇方称拒绝音乐版权擦边行为#,0
2025/4/2 13:43,支持华晨宇先生维权！！,0
2025/4/2 13:43,这一身红色吓死人了跟鬼一样,1
2025/4/2 13:43,尊重原创！停止侵权！,0
2025/4/2 13:43,自己睁眼睛看看啊！呐喊加新世界张韶涵和华晨宇同台演唱过，呐喊与新世界本就是两首歌，作曲和声走向都不一样好吗，有耳朵自己去听吧,1
2025/4/2 13:43,尊重音乐创作者的作品创意是原创音乐人的基本职业道德素养，每一份饱含心血的成果都应该被认可和保护。,0
2025/4/2 13:43,@保持冒泡? 国潮拼好歌来咯,0
2025/4/2 13:43,支持华晨宇先生维权！！！拒绝一切买瓜偷桃的侵权行为?,0
2025/4/2 13:43,支持华晨宇尊重音乐创作者的作品创意是原创音乐人的基本职业道德素养，每一份饱含心血的成果都应该被认可和保护。,0
2025/4/2 13:43,#华晨宇方称拒绝音乐版权擦边行为# 拒绝打版权擦边球，坚决维护华晨宇音乐权益,0
2025/4/2 13:43,工作室发文你是没看见吗,0
2025/4/2 13:44,懂了。其实唱，没有问题，问题在于署名。她不应该署名，这点确实应该道歉。,0
2025/4/2 13:44,#华晨宇方称拒绝音乐版权擦边行为# 道歉，下架,0
2025/4/2 13:44,多一些纯粹的原创 少一些模糊的“借鉴”[感谢][感谢][感谢],0
2025/4/2 13:44,他到底在讲什么[捂脸],0
2025/4/2 13:44,回复@风吹着流浪:你管人家怎么样 过好你自己的日子就行了,1
2025/4/2 13:44,主动联系一天无果，给脸不要脸的程度。#华晨宇方称拒绝音乐版权擦边行为#,1
2025/4/2 13:44,支持华晨宇维权！,0
2025/4/2 13:44,尊重原创！坚决维护@华晨宇yu 先生应有权益！,0
2025/4/2 13:44,回复@卡拉拉啦啦卡卡:大黄哈哈哈,0
2025/4/2 13:44,支持华晨宇先生维权！,0
2025/4/2 13:44,尊重版权是原创工作者应当坚决维护的底线#华晨宇方称拒绝音乐版权擦边行为#,0
2025/4/2 13:44,支持维权！,0
2025/4/2 13:44,那真的哇塞了[尬笑],0
2025/4/2 13:44,我们坚决维护华晨宇先生的音乐,0
2025/4/2 13:44,谢谢,0
2025/4/2 13:44,逗,0
2025/4/2 13:44,小偷就该道歉！支持维权！,0
2025/4/2 13:44,你这水印多少层了啊[捂脸],1
2025/4/2 13:44,我们家根本没有偷歌,0
2025/4/2 13:44,这么多天了，你有头绪吗@黄霄雲 出来道歉,1
2025/4/2 13:44,老师说到很清楚了，华晨宇工作室主动沟通不果，可见黄霄雲方不尊重别人的原创成果，明知故犯，这种擦边行径立了一个极坏的先例，给行业健康发展带来极大伤害，后患无穷！,1
2025/4/2 13:44,#华晨宇告黑案一审民事判决#支持维权，网络不是法外之地,0
2025/4/2 13:44,[发怒],1
2025/4/2 13:44,感觉你应该是学音乐的 就当吃个瓜了 你如果不嫌麻烦的话你可以去看她翻唱的整首最后吟唱和华晨宇孩子吟唱扒谱对比B站上就有  说是这段直接复制应该也没错吧 她原创也不可能跟华晨宇早就创作的旋律一样吧,1
2025/4/2 13:44,转发支持,0
2025/4/2 13:44,#华晨宇方称拒绝音乐版权擦边行为# 所以说刻意用原唱的唱腔，如果没有约定协商好，实际上也构成侵权是吗,0
2025/4/2 13:45,666还买一送一了是吧[捂脸],0
2025/4/2 13:45,尊重音乐创作者作品是基本音乐人职业道德拒绝一切音乐擦边行为！,0
2025/4/2 13:45,支持华晨宇先生维权！#华晨宇告黑案一审民事判决#,0
2025/4/2 13:45,@黄霄雲 @黄霄雲的雲上面包坊 道歉！下架！,1
2025/4/2 13:45,下次人家偷你主子的歌，希望你也能说出“双赢”来,1
2025/4/2 13:45,支持华晨宇先生维权！,0
2025/4/2 13:45,华晨宇歌迷坚决维护华晨宇先生的音乐，拒绝打音乐擦边球的侵权行为！ #华晨宇方称拒绝音乐版权擦边行为# #华晨宇 黄霄云#,0
2025/4/2 13:45,付了油和饭的钱按照别人家的配料改改自己炒了一份饭，饭里的精华是别人家直接炒好的面//@小华说带晋宝baby迈向新宇宙:不仅不想付钱，还说没吃炒面，指面为饭#华晨宇方称拒绝音乐版权擦边行为#,1
2025/4/2 13:45,@黄霄雲 @黄霄雲的雲上面包坊 道歉，下架,1
2025/4/2 13:45,[听歌]我嘞个豆，美白了也是，真服了,1
2025/4/2 13:45,剽窃者反客为主鸠占鹊巢但理直气壮...很悲哀的一件事。,1
2025/4/2 13:45,支持华晨宇先生维权到底！！,0
2025/4/2 13:45,支持原创,0
2025/4/2 13:45,#华晨宇方称拒绝音乐版权擦边行为# 黄霄云方始终避重就轻，我们从来没有不允许翻唱，只是黄霄云买了《烟火里的尘埃》翻唱权，翻唱的时候却借用《孩子》的旋律，但是黄方并没有买《孩子》的版权，而且黄方还把借用的《孩子》的那段旋律标注了自己的名字#律师谈华晨宇黄霄云版权纠纷#...全文,0
2025/4/2 13:45,@Ghost-四季 老师 来道歉,0
2025/4/2 13:45,你们再这么解释不恰好说明了这段oh hai ya是改编于呐喊吗。改编别人的旋律和灵感到自己歌上，那不应该写明吗,1
2025/4/2 13:45,不道啊，可能是个玄幻事情，她创作那一段的时候正好魂穿华晨宇，所以才唱出了12秒的华晨宇18年写过的一段旋律[发呆][发呆],0
2025/4/2 13:45,尊重音乐创作者的作品创意是原创音乐人的基本职业道德素养，每一份饱含心血的成果都应该被认可和保护，华晨宇歌迷坚决维护歌手华晨宇的音乐??,0
2025/4/2 13:45,这是她这辈子最火的一次了，也是最后一次[捂脸][OK],1
2025/4/2 13:45,拒绝版权擦边，这是职业道德!别偷了[疑问],0
2025/4/2 13:45,图片评论,0
2025/4/2 13:45,尊重原创，拒绝版权擦边，希望华语乐坛的环境越来越好,0
2025/4/2 13:45,@Music_Data,0
2025/4/2 13:45,因为黄这种做法很明显就是架空，这段吟唱是华晨宇在歌手中创作，而黄翻唱烟火中的尘埃把这段嫁接过来发行，在后续传唱和运用中这一段旋律会一直带着她的署名，这个事情的严重程度除了侵权还有架空原唱。支持火花发声#华晨宇黄霄雲双方未能达成有效共识# 华晨宇,1
2025/4/2 13:46,黄霄雲工作室就是想先入为主,1
2025/4/2 13:46,#华晨宇黄霄雲双方未能达成有效共识# 坚决维护华晨宇先生应有权益！华晨宇方【从未】授权《孩子》相关版权，请黄小姐@黄霄雲 及工作室@黄霄雲的雲上面包坊 明确你方无《孩子》ending挪用/抄袭/改编的许可，请正面回应相关问题，我们需要公开道歉、购买相关使用版权、归还应有原创署名！,1
2025/4/2 13:46,支持华晨宇维权！,0
2025/4/2 13:46,滚吧你,1
2025/4/2 13:46,支持华晨宇维权,0
2025/4/2 13:46,支持原创,0
2025/4/2 13:46,大白话:别抄哈哈哈哈哈哈哈哈内容引起极度舒适[呲牙][呲牙],1
2025/4/2 13:46,支持华晨宇先生维权！,0
2025/4/2 13:46,尊重原创 支持维权！！！#华晨宇方称拒绝音乐版权擦边行为#,0
2025/4/2 13:46,@黄霄雲 @黄霄雲的雲上面包坊 艾特一下，不然又说没提你大名#华晨宇方称拒绝音乐版权擦边行为#,0
2025/4/2 13:46,粉随正主，一样嘴硬,1
2025/4/2 13:46,本来也没人请,0
2025/4/2 13:46,[赞][赞],0
2025/4/2 13:46,支持华晨宇先生维权,0
2025/4/2 13:46,哦,0
2025/4/2 13:46,滚去自己看,1
2025/4/2 13:46,兄弟 这两首歌都是西楼的 你去查查歌的背景吧  一个作者的歌 风格旋律像有什么关系呢[捂脸],0
2025/4/2 13:46,沟通过无果，是觉得华晨宇好说话就想欺负人吗#华晨宇方称拒绝音乐版权擦边行为#,1
2025/4/2 13:46,点了,0
2025/4/2 13:46,敢做不敢当 笑死我了,1
2025/4/2 13:47,欢迎老师首登火星,0
2025/4/2 13:47,道歉，并下架！给脸不要脸，别最后收到律师函,1
2025/4/2 13:47,拒绝音乐版权擦边行为，支持原创,0
2025/4/2 13:47,支持华晨宇维权！,0
2025/4/2 13:47,她不火是有原因的  不是这件事我都不认识她 笑死。蹭流量的东西。小偷,1
2025/4/2 13:47,多一些纯粹原创，少一些模糊“借鉴”。尊重音乐创作者的作品创意是原创音乐人的基本职业道德素养，每一份饱含心血的成果都应该被认可和保护。#华晨宇方称拒绝音乐版权擦边行为#,0
2025/4/2 13:47,尊重音乐创作者的作品创意是原创音乐人的基本职业道德素养，每一份饱含心血的成果都应该被认可和保护，华晨宇歌迷坚决维护歌手华晨宇的音乐??,0
2025/4/2 13:47,拒绝音乐版权擦边 尊重原创音乐 请@黄霄雲 @黄霄雲的雲上面包坊  道歉,1
2025/4/2 13:47,四句构成侵权所以抄三句半，然后非要法律认证要印章，你们想逼死正主吗[听歌]都是学音乐的 写段新旋律说原创谁会骂你，非要搞相似打法律擦边，真的不理解[宕机][宕机],1
2025/4/2 13:47,支持华晨宇维权,0
2025/4/2 13:47,我们还主动沟通真体面,0
2025/4/2 13:47,公众人物因违反道德获利是想给社会以什么样的引导启示！不能因版权的知识的认知专业性胡作非为！,1
2025/4/2 13:47,不是姐，我们工作室说主动和你们家沟通了，那为啥你们家不配合呢？,1
2025/4/2 13:47,不会以为抄袭华晨宇七年前写的东西就不会有人发现吧,1
2025/4/2 13:47,尊重原创 禁止音乐擦边球行为！,0
2025/4/2 13:47,欢迎来火星！,0
2025/4/2 13:47,#华晨宇方称拒绝音乐版权擦边行为#,0
2025/4/2 13:48,支持华晨宇先生维权,0
2025/4/2 13:48,不管谁唱比这拼好歌好听[憨笑],0
2025/4/2 13:48,好听在哪里现场破音成那个样,1
2025/4/2 13:48,支持华晨宇维权,0
2025/4/2 13:48,@慌慌不慌,0
2025/4/2 13:48,多一些原创 少借鉴 挪用。,0
2025/4/2 13:48,工作室这回终于是工作室了[流泪],1
2025/4/2 13:48,她把挪用的那段吟唱设计署名为自己了，这都不是偷，是明着抢了,1
2025/4/2 13:48,是的 还标注了是她的原创,0
2025/4/2 13:48,紧跟时事哈,0
2025/4/2 13:48,拒绝擦边球式音乐，坚决维护华晨宇音乐版权！,0
2025/4/2 13:48,#华晨宇告黑案一审民事判决# 支持华晨宇先生维权,0
2025/4/2 13:48,串的很像[看]已经打入内部了吗,1
2025/4/2 13:48,下架,1
2025/4/2 13:48,hi？,0
2025/4/2 13:48,@黄霄雲 @黄霄雲的雲上面包坊 多一些纯粹原创，少一些模糊“借鉴”。尊重音乐创作者的作品创意是原创音乐人的基本职业道德素养，每一份饱含心血的成果都应该被认可和保护。,0
2025/4/2 13:49,拒绝音乐擦边行为，坚决维护华晨宇方权益,0
2025/4/2 13:49,人不红，就爱蹭[泪奔],1
2025/4/2 13:49,都不是叫吗？,1
2025/4/2 13:49,#华晨宇方称拒绝音乐版权擦边行为#,0
2025/4/2 13:49,#华晨宇方称拒绝音乐版权擦边行为# 拒绝打版权擦边球，坚决维护华晨宇音乐权益,0
2025/4/2 13:49,现在你再看看[憨笑],0
2025/4/2 13:49,干得好，欢迎翻唱，但拒绝模糊“借鉴”，希望每个原创人的心血都能得到应有的尊重！,0
2025/4/2 13:49,只感觉到票滞销的绝望，越这么搞越没路人缘越卖不出去,1
2025/4/2 13:49,黄霄云道歉！下架侵权作品！,1
2025/4/2 13:49,支持华晨宇维权！！#华晨宇方称拒绝音乐版权擦边行为#,0
2025/4/2 13:49,买了歌A的版权不代表你就可以把别人的歌B当成自己的原创，不懂么？,1
2025/4/2 13:49,吃点儿好的吧你们，听听原唱,0
2025/4/2 13:49,眼镜捐了好不好,0
2025/4/2 13:49,华晨宇这种默默创作不断创新的歌手太珍贵了,0
2025/4/2 13:49,笑死,0
2025/4/2 13:49,可以用她们的矛来攻击她们了,1
2025/4/2 13:49,@黄霄雲 @黄霄雲的雲上面包坊 ?立即公开道歉，下架侵权音源?#华晨宇方称拒绝音乐版权擦边行为#,1
2025/4/2 13:49,转发微博,0
2025/4/2 13:49,工作室真来了老实了吧,1
2025/4/2 13:49,因为音乐是底线,0
2025/4/2 13:49,多一些纯粹原创，少一些模糊“借鉴”。尊重音乐创作者的作品创意是原创音乐人的基本职业道德素养，每一份饱含心血的成果都应该被认可和保护。#华晨宇方称拒绝音乐版权擦边行为#,0
2025/4/2 13:49,@黄霄雲 @黄霄雲的雲上面包坊 道歉，下架,1
2025/4/2 13:49,欢迎来火星玩！听听原汁原味的《烟火里的尘埃》和《孩子》,0
2025/4/2 13:49,是的,0
2025/4/2 13:49,精确//@h滑层鱼:黄买了一套真题（西楼demo），翻了参考答案（花改编后的成品），她照抄后说是自己做的 懂了吗？//@const尼克:黄霄云方面有说华晨宇那段旋律在烟火的间奏中也有类似旋律，最早也不是出现在《孩子》而是2015年的《烟火》中，华晨宇方对这段旋律是否具有版权？这段旋律是否具有独创性？,0
2025/4/2 13:50,谁无视法律法规自己心里清楚[捂脸][捂脸],1
2025/4/2 13:50,对的,0
2025/4/2 13:50,道反天罡第一人。浑水摸鱼第一人。避重就轻第一人,1
2025/4/2 13:50,不提名字是对你们的尊重，你们却拿着一点反咬一口[泣不成声],1
2025/4/2 13:50,你非不看乐理知识科普也没办法，扭转不了你草履虫的脑子，不过这样下去东抄西抄，央音裁女倒是糊定了,1
2025/4/2 13:50,拒绝音乐版权擦边 尊重原创音乐 @黄霄雲 @黄霄雲的雲上面包坊 gun出来道歉,1
2025/4/2 13:50,#华晨宇方称拒绝音乐版权擦边行为#,0
2025/4/2 13:50,转发微博,0
2025/4/2 13:50,"华晨宇全球歌迷会是歌迷自发组织的，并得到艺人经纪公司授权的非营利性民间组织，根据《社会团体印章管理规》规定，艺人团体不得使用公章，这是违法行为。华晨宇全球歌迷会发表严正声明代表的是歌迷的整体意志，具有官方权威性。
声明底下仅写了华晨宇全球歌迷会，而非艺人公司及其经纪公司，不需要加盖公章。其次华晨宇全球歌迷会有微博蓝v认证，蓝v是经过艺人经纪公司授权认证才有的，具有一定的官方属性。
请黄霄雲及其歌迷正式我放诉求，不要试图从严正声明中找你方自以为的逻辑漏洞，试图证明这不是官方，不具有代表性。",1
2025/4/2 13:50,黄xy请学歌先学德[愉快],1
2025/4/2 13:50,支持华晨宇先生维权！！,0
2025/4/2 13:50,我的老天爷，抄袭的人说被抄袭的无视法律法规[尬笑][尬笑][尬笑][尬笑][尬笑][尬笑][尬笑],1
2025/4/2 13:50,花花工作室主动去找她们沟通但无果[噢买尬],0
2025/4/2 13:50,不问自取则为偷，扒谱一样，黄裁缝—黄霄云之前全网营销这一段亮点，还说是自己写的，脸要吞天啊 ,1
2025/4/2 13:50,拒绝擦边球式音乐，坚决维护华晨宇音乐版权！,0
2025/4/2 13:50,微博拿的[尬笑],1
2025/4/2 13:50,不仅是擦边“如果在翻唱过程中故意模仿原唱者的表演特征，使得整体效果与原唱高度雷同，从而误导公众或损害原唱者利益，就可能被认定为版权擦边行为，触及其他未获授权的权利。”,0
2025/4/2 13:51,不问自取则为偷，扒谱一样，黄裁缝—黄霄云未拿到授权，不署名，之前全网营销这一段亮点，还说是自己写的，脸要吞天啊 ,1
2025/4/2 13:51,@黄霄雲 @黄霄雲的雲上面包坊 ，站出来道歉，下架，什么强盗行为。#华晨宇方称拒绝音乐版权擦边行为# 保护创作自由#华晨宇 黄霄云#,1
2025/4/2 13:51,动华晨宇的音乐就是不行！！！,1
2025/4/2 13:51,#华晨宇方称拒绝音乐版权擦边行为# 拒绝打版权擦边球，坚决维护华晨宇音乐权益,0
2025/4/2 13:51,支持华晨宇维权,0
2025/4/2 13:51,可明显，大气都不带喘的,0
2025/4/2 13:51,。,0
2025/4/2 13:51,就是明抢呗，真是演都不演了,1
2025/4/2 13:51,黄霄雲粉丝周知：这段outro横竖都不是你们买的原版烟火里有的，而是华晨宇原创的。你们偷18年的《孩子》结尾是偷，偷15年华晨宇演唱会上的改编也是偷。不是她黄霄雲写的不是原版烟火有的，未授权不标注还营销成是黄霄雲自创就是又偷又抢哈，更何况还要造谣拉踩原唱，真是不要face[抠鼻R],1
2025/4/2 13:51,公众人物因违反道德获利是想给社会以什么样的引导启示！不能因版权的知识的认知专业性胡作非为,1
2025/4/2 13:51,这不算西瓜皮了算上另一种水果了吧[憨笑],0
2025/4/2 13:51,俺娘哎@山茶yu（回火星5次版） [泪奔][泪奔][泪奔]我服了我真服了，搁这比赛呢？还认输......,1
2025/4/2 13:51,拒绝音乐擦边行为,0
2025/4/2 13:51,华晨宇方从未授权对方可以使用《孩子》的自编写吟唱旋律，即便黄霄云该歌手拥有《烟火里的尘埃》的使用许可，也不包含对《孩子》中原创旋律的使用权利。 在未取得合法授权的情况下擅自使用该段旋律，已构成“实质性相似”与“接触可能性明确”的事实，涉嫌侵犯音乐作品著作权。知错能改善莫大焉,0
2025/4/2 13:51,华晨宇没唱功？难道水牛阿信有？,1
2025/4/2 13:52,回应回应呢！,0
2025/4/2 13:52,又是一个三无产品，有理有据发盖公章的维权声明去告hxy啊，连hxy三个字都不敢提，怕被对方反告[捂脸]只能模糊其词煽动粉丝去霸凌对方，而且乘热度卖??，最后一句话才是重点！[看],1
2025/4/2 13:52,类似于就是你买了一份炒饭，但是又把别人做好了的炒面吃了几口，你说你付过炒饭的钱了就不付炒面了只吃了几口，而且那个炒面是我自己做的，说白了就是道德问题。。。,0
2025/4/2 13:52,这么不要脸的抄袭，还是第一次见。人家原创来主动沟通，黄还想耍赖。华晨宇方忍无可忍了，都还给黄留了一点面子，没提黄大名。难道黄真觉得耍赖可以解决？,1
2025/4/2 13:52,是这样,0
2025/4/2 13:52,支持原创,0
2025/4/2 13:52,我发现这个评论里面真的有部分青红皂白就骂人家华晨宇的[捂脸]不管看不看得惯华晨宇喜不喜欢他，这件事儿里人家华晨宇是受害者。。。,0
2025/4/2 13:52,#华晨宇方称拒绝音乐版权擦边行为# #华晨宇 黄霄雲# //@晨样儿yu:是这样的。支持华晨宇先生维权,0
2025/4/2 13:52,#华晨宇方称拒绝音乐版权擦边行为#,0
2025/4/2 13:52,支持华晨宇先生維權！,0
2025/4/2 13:52,支持华晨宇先生维权,0
2025/4/2 13:52,是黄霄云买了烟火里的尘埃这首歌的版权，但是在编曲的时候把华晨宇另一首歌嫁接了进去，并且发了嫁接之后的版本当自己的新歌，被嫁接的这部分是没有获得授权的，也没有购买相应的版权。别再说翻唱了，这可不是正常的翻唱[捂脸],1
2025/4/2 13:52,哈哈哈[捂脸],0
2025/4/2 13:52,拒绝音乐版权擦边行为。尊重音乐创作者的作品创意是原创音乐人的基本职业道德素养，每一份饱含心血的成果都应该被认可和保护@黄霄雲,0
2025/4/2 13:52,欢迎来火星做客,0
2025/4/2 13:52,黄霄雲唱得真的好听 而且她唱得挺火的我喜欢[捂脸],0
2025/4/2 13:52,支持华晨宇先生维权！,0
2025/4/2 13:52,旁边的小妹妹都吓跑了[大笑],1
2025/4/2 13:53,0个人质疑烟火里的尘埃的版权，事实是她未经授权用了另一首歌的旋律，作为音乐人这点版权意识没有吗,1
2025/4/2 13:53,回复@沉睡的毒之纵横家:请多一些纯粹原创，少一些模糊借鉴,0
2025/4/2 13:53,黄裁缝@黄霄雲的雲上面包坊 @黄霄雲,0
2025/4/2 13:53,拼车拼饭拼单也就算了你还是给我听了拼歌[尬笑],0
2025/4/2 13:53,嗯？回错了吗，报一丝报一丝[流泪],0
2025/4/2 13:53,怎么 网速这么慢吗,0
2025/4/2 13:53,没关系 不是hxy唱的啊[捂脸]谁唱的啊 鬼唱的啊[捂脸][捂脸],1
2025/4/2 13:53,你可以找一下八百首歌有八百首的歌词会有相似这本身就是不可避免的[捂脸],0
2025/4/2 13:53,1,1
2025/4/2 13:53,回复@我是花甲大王:能不能不要辱狗狗是很通人性的小动物啊,1
2025/4/2 13:53,2,0
2025/4/2 13:53,道歉，下架，要不然真的，回家吧孩子,1
2025/4/2 13:53,#华晨宇方称拒绝音乐版权擦边行为#,0
2025/4/2 13:53,看名字真相了  黄霄云粉丝真逆天,1
2025/4/2 13:53,支持华晨宇维权！,0
2025/4/2 13:53,[发怒],1
2025/4/2 13:53,3,0
2025/4/2 13:53,主要是她虽然买了这首歌的版权，但是最后却用了另一首歌的和声，最搞笑他还标注这和声是他自己原创的,1
2025/4/2 13:53,[发怒]1,1
2025/4/2 13:53,支持华晨宇维权,0
2025/4/2 13:53,这波版权纠纷给音乐IP概念股提了个醒！快查app数据显示，头部音乐人版权纠纷率同比涨了30%，建议关注有成熟版权管理体系的上市公司。华晨宇这事说明音乐资产确权越来越严，搞不好哪天版权官司就成了股价黑天鹅！,0
2025/4/2 13:53,尊重原创，不接受模糊的借鉴,0
2025/4/2 13:53,请黄女士方别玩文字游戏了 标榜自己是原创音乐人就请尊重原创 尊重别的歌手！ “尊重音乐创作者的作品创意是原创音乐人的基本职业道德素养，每一份饱含心血的成果都应该被认可和保护。” 不要再避重就轻混淆视听 我们歌迷坚决维护歌手华晨宇的音乐！这是歌迷的底线！,1
2025/4/2 13:53,支持华晨宇先生维权！,0
2025/4/2 13:53,对的就是这个意思,0
2025/4/2 13:53,你觉得专业歌手对这个会不懂吗[捂脸],0
2025/4/2 13:54,非要撕破脸是吧[愉快]昨天歌迷会发了声明不相信 歌迷会和工作室和天娱是对接的 今天工作室发了还不相信 我真搞不懂你们怎么想的 给你们黄霄云最后一点脸面也不留了是吧 为什么不指名道姓 不会真有人不知道在说谁吧,1
2025/4/2 13:54,#华晨宇方称拒绝音乐版权擦边行为# @黄霄雲 @黄霄雲的雲上面包坊 道歉，下架,0
2025/4/2 13:54,黄霄雲不是第一次这样干了吧？,1
2025/4/2 13:54,#华晨宇方称拒绝音乐版权擦边行为#,0
2025/4/2 13:54,怪不得我家楼下车库有人唱歌,0
2025/4/2 13:54,拒绝音乐版权擦边行为?请尊重原创,0
2025/4/2 13:54,支持华晨宇先生维权，请尊重原创,0
2025/4/2 13:54,原创是音乐的生命线，规则的敬畏是创作的底线。期待黄霄云团队以专业态度厘清争议，粉丝以理性推动问题解决。华语乐坛的繁荣，需要每位参与者守护“尊重”与“诚意”的初心！#华晨宇方称拒绝音乐版权擦边行为#,0
2025/4/2 13:54,@黄霄雲的雲上面包坊 @黄霄雲 说话,0
2025/4/2 13:54,那个也更不好听[赞][捂脸],0
2025/4/2 13:54,支持华晨宇维权！！！#华晨宇告黑案一审民事判决#,0
2025/4/2 13:54,up,0
2025/4/2 13:54,不要让创作者的热情被浇灭，支持维护原创的权益,0
2025/4/2 13:54,尊重音乐创作者的作品创意是原创音乐人的基本职业道德素养。多一些纯粹原创，少一些模糊“借鉴”。拒绝擦边 保护原创心血#华晨宇方称拒绝音乐版权擦边行为#,0
2025/4/2 13:54,她标了，写了和声是她自己写的,0
2025/4/2 13:54,支持华晨宇先生维权！尊重原创,0
2025/4/2 13:54,坚决维护华晨宇音乐版权！,0
2025/4/2 13:54,尊重音乐创作者的作品创意是原创音乐人的基本职业道德素养，每一份饱含心血的成果都应该被认可和保护，支持华晨宇维权??,0
2025/4/2 13:54,欢迎欢迎来华晨宇火星演唱会华晨宇超话期待老师的解锁,0
2025/4/2 13:54,能不能尊重原唱,1
2025/4/2 13:54,尊重音乐创作者的作品创意是原创音乐人的基本职业道德素养。支持维权！拒绝打擦边!,0
2025/4/2 13:54,网上:我们已经获取授权 线下:沟通不畅电话不接微信不回,1
2025/4/2 13:54,支持华晨宇维权！,0
2025/4/2 13:54,请黄女士方别玩文字游戏了 标榜自己是原创音乐人就请尊重原创 尊重别的歌手！ “尊重音乐创作者的作品创意是原创音乐人的基本职业道德素养，每一份饱含心血的成果都应该被认可和保护。”,1
2025/4/2 13:54,出来道歉,1
2025/4/2 13:54,主要还非要说是自己原创的，我唱这段都比她早,1
2025/4/2 13:54,支持华晨宇先生维权,0
2025/4/2 13:55,玻珠此篇博文深得我心，文案100分??视频10000分??*??#华晨宇方称拒绝音乐版权擦边行为#,0
2025/4/2 13:55,那有八百首相似的吟唱也不可避免呗,0
2025/4/2 13:55,原唱真好听啊,0
2025/4/2 13:55,拒绝音乐版权擦边！尊重原创！支持维权！@黄霄雲 @黄霄雲的雲上面包坊 道歉！,1
2025/4/2 13:55,商演翻唱超过4句就要给版权费，能唱那就代表原创已经收到了版权费,0
2025/4/2 13:55,知道为什么昨天不发吗，昨天是愚人节，今天发是事实她们家粉丝还网暴原创，多大的底气呀,1
2025/4/2 13:55,#华晨宇 黄霄云# ,0
2025/4/2 13:55,黄霄云把两首歌缝一起了但只给了一首歌版权费[看],1
2025/4/2 13:55,？。？谁害她了？别的不说，20年歌手就因为她说她喜欢华晨宇，华晨宇的粉丝在她遭受非议的时候帮她说过话吧？不知道感恩就算了，还偷人家正主的歌，被发现了就说黑幕说网暴，请苍天，辨忠奸！,1
2025/4/2 13:55,#华晨宇方称拒绝音乐版权擦边行为# #华晨宇黄霄云方未能达成共识# 华晨宇黄裁缝极其粉丝是不把自己玩的彻底凉凉不死心啊@黄霄雲,1
2025/4/2 13:55,拒绝音乐版权擦边行为。尊重音乐创作者的作品创意是原创音乐人的基本职业道德素养，每一份饱含心血的成果都应该被认可和保护@黄霄雲,0
2025/4/2 13:55,我爱你工作室@华晨宇工作室,0
2025/4/2 13:55,让他欺负老实人,1
2025/4/2 13:55,？人在？,0
2025/4/2 13:55,#华晨宇方称拒绝音乐版权擦边行为# 霄偷出来道歉,1
2025/4/2 13:55,西楼啊，但是华晨宇在歌手改编了，后面的吟唱他在节目里说像是烟火里的尘埃的续集[流泪],0
2025/4/2 13:55,坚决维护华晨宇先生应有权益！公众人物应当提升个人素养，注重创作者版权意识。华晨宇方【从未】授权《孩子》相关版权，请黄小姐@黄霄雲 及工作室@黄霄雲的雲上面包坊 明确你方无《孩子》ending挪用/抄袭/改编的许可，请正面回应相关问题，我们需要公开道歉、购买相关使用版权、归还应有原创署名。,1
2025/4/2 13:55,让她唱的好难听,1
2025/4/2 13:55,@黄霄雲 @黄霄雲的雲上面包坊 多一些纯粹原创，少一些模糊“借鉴”。尊重音乐创作者的作品创意是原创音乐人的基本职业道德素养，每一份饱含心血的成果都应该被认可和保护。,0
2025/4/2 13:55,还标注是自己创作的，哈哈哈，不尊重原创的音乐人,1
2025/4/2 13:55,作为歌迷我们无条件维护华晨宇先生创作维权，请黄霄云方道歉，请尊重原创音乐人。,0
2025/4/2 13:55,看来也不是黄的粉，到底是不是原创都不知道[捂脸][捂脸],1
2025/4/2 13:55,哈哈哈哈哈哈哈,0
2025/4/2 13:55,谢谢[抱抱你],0
2025/4/2 13:55,可能是看错了，不好意思不好意思[流泪],0
2025/4/2 13:55,公众人物因违反道德获利是想给社会以什么样的引导启示！不能因版权的知识的认知专业性胡作非为颠倒黑白误导大众！,1
2025/4/2 13:55,直说拒绝擦边，也没点大名，华晨宇已经很体面了，黄霄雲方甚至放任粉丝在各平台宣传华晨宇创作的吟唱旋律为黄霄雲改编，光明正大抢劫了属于是，比起音乐素养，培养职业道德是黄霄雲急需做的事。PS：西安老师也来呀，好好享受哦，我们西安见,1
2025/4/2 13:56,哈哈[憨笑],0
2025/4/2 13:56,怎么个事啊 好难猜啊,0
2025/4/2 13:56,支持原创华晨宇先生维权,0
2025/4/2 13:56,秦始黄,0
2025/4/2 13:56,是的 对方粉丝还不到黄河心不死 之前歌迷会出声明说了没有获得吟唱部分版权 对面说不是工作室出面不够格 现在工作室出面了又说没盖章……好难沟通啊 为什么这么明摆着的事还要争,1
2025/4/2 13:56,搞不懂为什么发布别人已经发布过的歌 而且还是为别人量身定制的歌 仅仅买了这首歌的版权 却私自挪用另一首歌的原创吟唱 并把署名标为自己@黄霄雲  听说你这种作为不是一次两次了,1
2025/4/2 13:56,这个治不了，这真没办法治了。（摊手,0
2025/4/2 13:56,授权倒是其次，去网易云看看这首歌开头，一堆她自己的名字，编曲和声巴拉巴拉的,0
2025/4/2 13:56,要天天开心哟,0
2025/4/2 13:56,黄粉演唱会卖不出去票说说别人抢他路人缘，拿别人的歌投机取巧被发现又是有黑手上歌手没发挥好又甩锅节目组，一天天就知道自嗨可以，宇宙无敌开遍世界，越来越好超级好无敌好，就不知道脚踏实地独立行走，遭到反噬又装可怜。,1
2025/4/2 13:56,她粉丝不这么喊工作室出来，工作室一向懒得出来的。,0
2025/4/2 13:56,怕你看不懂，说的是你的脑子,1
2025/4/2 13:56,“尊重音乐创作者的作品创意是原创音乐人的基本职业道德素养，每一份饱含心血的成果都应该被认可和保护。” 4月5日、6日欢迎大家来西安听@华晨宇yu 现场版的《孩子》和《烟火里的尘埃》,0
2025/4/2 13:57,粉了个裁缝[宕机]还当枪呢，黄都擦边惯犯了都每次你都出来替她说话啊 看到你好几次了 吃点好的吧[尬笑]你这个图没什么用 别发了,1
2025/4/2 13:57,尊重原创！坚决维护华晨宇先生应有权益！公众人物应当提升个人素养，注重创作者版权意识。华晨宇方【从未】授权《孩子》相关版权，请@黄霄雲 及工作室@黄霄雲的雲上面包坊 明确你方无《孩子》ending挪用/抄袭/改编的许可，请正面回应相关问题，我们需要公开道歉、购买相关使用版权、归还应有原创署名。,1
2025/4/2 13:57,支持华晨宇先生维权！,0
2025/4/2 13:57,支持华晨宇维权，尊重原创,0
2025/4/2 13:57,这个博大家应该都能听出来了吧！！！,0
2025/4/2 13:57,好恶心啊她,1
2025/4/2 13:57,对，而且不止我们，以前她就有过,1
2025/4/2 13:57,@黄霄雲 @黄霄雲的雲上面包坊 道歉，下架,1
2025/4/2 13:57,支持?,0
2025/4/2 13:57,憋笑挑战吗[憨笑],0
2025/4/2 13:57,支持维权,0
2025/4/2 13:57,还是业内人士说的清楚。华晨宇歌迷坚决维护歌手华晨宇的音乐，原创不易，每一份包含心血的成果都应该被尊重和保护,0
2025/4/2 13:57,好图,0
2025/4/2 13:57,支持华晨宇维权！！！,0
2025/4/2 13:57,这位老师太清醒了，谢谢，火星欢迎你#黄霄云的吟唱是华晨宇18歌手版孩子# #华晨宇方称拒绝音乐版权擦边行为#,0
2025/4/2 13:57,拒绝音乐擦边行为！！！,0
2025/4/2 13:57,支持华晨宇维权，拒绝音乐版权擦边！出来道歉！！！@黄霄雲 @黄霄雲的雲上面包坊,1
2025/4/2 13:57,只说版权擦边其实已经很大度了，华晨宇体面人，黄霄雲没面人,1
2025/4/2 13:57,@黄霄云  下次偷什么好呀#华晨宇方称拒绝音乐版权擦边行为#,1
2025/4/2 13:57,华什么，不认识，支持黄霄云,0
2025/4/2 13:57,支持华晨宇维权！！,0
2025/4/2 13:58,#华晨宇方称拒绝音乐版权擦边行为# 拒绝音乐版权擦边 尊重原创音乐 请@黄霄雲 @黄霄雲的雲上面包坊 道歉,1
2025/4/2 13:58,尊重原创！坚决维护华晨宇先生应有权益！公众人物应当提升个人素养，注重创作者版权意识。华晨宇方【从未】授权《孩子》相关版权，请黄小姐@黄霄雲 及工作室@黄霄雲工作室 明确你方无《孩子》ending挪用/抄袭/改编的许可，请正面回应相关问题，我们需要公开道歉、购买相关使用版权、归还应有原创署名。,1
2025/4/2 13:58,谢谢,0
2025/4/2 13:58,@黄霄雲的雲上面包坊 @黄霄雲 行业败类,1
2025/4/2 13:58,别说了，以前还为她说过话，现在自己正主歌被偷好恶心,1
2025/4/2 13:58,我觉得华晨宇有点作绝了人家没想着偷你的歌可能只是疏忽了忘买了一段和声的版权，这样赶尽杀绝真的不太好看,1
2025/4/2 13:58,尊重 是双方的[微笑袋鼠]剽窃可耻,1
2025/4/2 13:58,hcy发的是什么啊，一个三无产品，有理有据发盖公章的维权声明去告hxy啊，连hxy三个字都不敢提，怕被对方反告[捂脸]只能模糊其词煽动粉丝去霸凌对方，而且乘热度卖??，最后一句话才是重点！[看],1
2025/4/2 13:58,偷歌贼十年不火是有原因的，还营销央音第一??假第一,1
2025/4/2 13:58,明抢？全国人民都看着??,1
2025/4/2 13:58,支持华晨宇维权,0
2025/4/2 13:58,#华晨宇方称拒绝音乐版权擦边行为# //@三石一声:“指面为饭”这个形容 哈哈哈哈哈哈哈 DBQ 我笑了 很精准//@小华说带晋宝baby迈向新宇宙:不仅不想付钱，还说没吃炒面，指面为饭#华晨宇方称拒绝音乐版权擦边行为#,1
2025/4/2 13:58,以后大家都这么干，那不是乱套了,0
2025/4/2 13:58,守护,0
2025/4/2 13:58,对就这个意思，而且她当裁缝还不是第一次了,1
2025/4/2 13:58,支持华晨宇维权！,0
2025/4/2 13:58,多一些纯粹原创，少一些模糊“借鉴”。尊重音乐创作者的作品创意是原创音乐人的基本职业道德素养，每一份饱含心血的成果都应该被认可和保护。#华晨宇方称拒绝音乐版权擦边行为#,0
2025/4/2 13:58,太体面了，液中东西,0
2025/4/2 13:58,是这样的！,0
2025/4/2 13:58,这么不要脸的抄袭，还是第一次见。人家原创来主动沟通，黄还想耍赖。华晨宇方忍无可忍了，都还给黄留了一点面子，没提黄大名。难道黄真觉得耍赖可以解决？,1
2025/4/2 13:58,歡迎來火星演唱會 我去了30幾次,0
2025/4/2 13:58,黄霄云照搬了华晨宇原创的旋律，这部分不在她购买的原版《烟火里的尘埃》授权范围,1
2025/4/2 13:58,保护原创音乐人权益。 拒绝音乐版权擦边行为,0
2025/4/2 13:58,那么牛为啥还要翻唱别人的歌啊？好难猜啊[看],1
2025/4/2 13:58,#华晨宇黄霄雲双方未能达成有效共识# @TOP音樂風雲榜 @黄霄云 买个羊顺手把羊羔儿顺走了，要问：羊羔儿你给??了吗你就拿？@黄霄云 ：我给过买羊的??了啊！就这么理直气壮山河表里如一（贬义词）,1
2025/4/2 13:59,还想说这炒面是我自己做的！//@小华说带晋宝baby迈向新宇宙:不仅不想付钱，还说没吃炒面，指面为饭#华晨宇方称拒绝音乐版权擦边行为#,1
2025/4/2 13:59,事实都摆在这了，还沟通无果，拒不认罪呗要点脸@黄霄雲 @黄霄雲的雲上面包坊,1
2025/4/2 13:59,支持华晨宇先生维权！,0
2025/4/2 13:59,哇塞这个是你吗哥,0
2025/4/2 13:59,对，相当于在水果店买了个苹果，然后还拿了个梨啃，问就说都付过苹果钱了还要怎样,1
2025/4/2 13:59,还是别唱别人的歌好了！太麻烦了,1
2025/4/2 13:59,华晨宇#华晨宇# #华晨宇 维权# 支持华晨宇先生维权！！！！！！,0
2025/4/2 13:59,支持工作室再发一份指名道姓盖公章的声明，锤到底,1
2025/4/2 13:59,去年到现在除了几个没多少人看的音乐节不是硬开就是黄了，演唱会巡演开两站就得积蓄一下，春节元宵各种综艺基本没有。,0
2025/4/2 13:59,拒绝音乐版权擦边行为！！！#华晨宇方称拒绝音乐版权擦边行为#,0
2025/4/2 13:59,#华晨宇方称拒绝音乐版权擦边行为#  @黄霄雲 @黄霄雲的雲上面包坊 道歉，下架。 ,0
2025/4/2 13:59,#华晨宇 黄霄云# @黄霄雲 道歉，下架侵权内容,0
2025/4/2 13:59,支持原创,0
2025/4/2 13:59,道歉！下架！#华晨宇方称拒绝音乐版权擦边行为#,1
2025/4/2 13:59,《烟火里的尘埃》 和《孩子》是两首不同的歌,0
2025/4/2 13:59,音乐是底线 不是自己一点都不要拿 尊重原创 促进乐坛良性发展#华晨宇方称拒绝音乐版权擦边行为#,0
2025/4/2 14:00,黄霄雲 gogogo??出发咯?????? 华晨宇品味有多浓????  我只要偷歌的轻松??????????  大热天??做个白日梦 ???? 梦见??我变成了顶流 ?????? 我有想偷歌的冲动???????? 以后请叫我华女一裁缝姐????,1
2025/4/2 14:00,钻空子行为,1
2025/4/2 14:00,尊重原创！坚决维护华晨宇先生应有权益！公众人物应当提升个人素养，注重创作者版权意识。华晨宇方【从未】授权《孩子》相关版权，请@黄霄雲 @黄霄雲的雲上面包坊  明确你方无《孩子》ending挪用/抄袭/改编的许可，请正面回应相关问题，我们需要公开道歉、购买相关使用版权、归还应有原创署名。,1
2025/4/2 14:00,你真的，都是歌手文化工作者，尊重原创吧[微笑],0
2025/4/2 14:00,多一些纯粹原创 少一些模糊“借鉴” 尊重职业。尊重他人。,0
2025/4/2 14:00,拒绝擦边，尊重原创#华晨宇方称拒绝音乐版权擦边行为#,0
2025/4/2 14:00,一个完整的作品，并且申请了著作权，才能构成侵权的主体。,0
2025/4/2 14:00,沒有雙贏，只有黃霄雲的不要臉與蹭,1
2025/4/2 14:00,新歌曲呢,0
2025/4/2 14:00,支持华晨宇先生维权！！！,0
2025/4/2 14:00,有一种孩子被偷了的感觉，白月光被偷了[闭嘴],1
2025/4/2 14:00,华晨宇 感谢进一步以音乐人身份澄清，欢迎现场聆听小烟火+孩子。,0
2025/4/2 14:00,尊重原创，拒绝音乐版权擦边行为！#华晨宇方称拒绝音乐版权擦边行为#,0
2025/4/2 14:00,哇塞,0
2025/4/2 14:00,这种情况没有法律能治的她吗？#华晨宇方称拒绝音乐版权擦边行为#,1
2025/4/2 14:00,伤害华晨宇歌迷的感情，道歉，下架@黄霄雲 @黄霄雲的雲上面包坊 #华晨宇 黄霄云# #黄霄云的吟唱是华晨宇18歌手版孩子# #音乐版权# #黄霄云剽窃华晨宇吟唱旋律# #黄霄云方回应翻唱烟火里的尘埃# 抵制音乐创作擦边行为??????创作擦边就是道德败坏的无耻行为??????支持华晨宇先生为自己的...全文,1
2025/4/2 14:00,音乐是底线！,0
2025/4/2 14:00,《放弃资本》好伟大啊《独立音乐人》是的，独立音乐人也爱翻唱，自己的歌太拉才翻唱吧《成为很多人的绊脚石》出道快十年不温不火的，谁会在意你呢？音源不行，演唱会市场不行，哪项能行？笑晕，没有翻唱别人的歌给了你一些热度？你真行？魔??们,1
2025/4/2 14:00,谢谢,0
2025/4/2 14:00,憋笑挑战吗 那我输了[捂脸][OK],0
2025/4/2 14:00,??,0
2025/4/2 14:00,天啊，你一个路人都理解的事，她和她粉丝却不理解,1
2025/4/2 14:00,华晨宇工作室回应黄霄云翻唱授权争议：保护华晨宇先生音乐版权！！！,0
2025/4/2 14:00,简直无耻到极致了#华晨宇方称拒绝音乐版权擦边行为#,1
2025/4/2 14:00,多一些纯粹原创，少一些模糊“借鉴”。拒绝音乐擦边行为！,0
2025/4/2 14:00,#华晨宇方称拒绝音乐版权擦边行为#  坚决抵制黄霄雲侵权行为,1
2025/4/2 14:00,@黄霄雲 @黄霄雲的雲上面包坊 道歉 下架,1
2025/4/2 14:00,笑死我了，破防吧面包妹们,1
2025/4/2 14:00,这事我站版权方[不失礼貌的微笑],0
2025/4/2 14:01,公众人物因违反道德获利是想给社会以什么样的引导启示！不能因版权的知识的认知专业性胡作非为颠倒黑白误导大众！,1
2025/4/2 14:01,可惜黄霄云粉丝乐盲,1
2025/4/2 14:01,道歉吧黄女士,1
2025/4/2 14:01,@华晨宇yu 拒绝音乐版权擦边行为。做音乐要懂得尊重创作。尊重音乐创作者的作品创意是原创音乐人的基本素养。,0
2025/4/2 14:01,明明就是道个歉加个名的事儿，结果不告知对方也不承认自己错了[我想静静]何必呢,0
2025/4/2 14:01,@黄霄雲 @黄霄雲的雲上面包坊 道歉，下架！,1
2025/4/2 14:01,#华晨宇方称拒绝音乐版权擦边行为# 支持维权,0
2025/4/2 14:01,[抱抱你][抱抱你],0
2025/4/2 14:01,黄女士 吃相太难看了吧,1
2025/4/2 14:01,@黄霄雲 说话,0
2025/4/2 14:01,回复@小熊落网_:所以她纯属抄了花花的，但是又将话题引导原唱那里，试图以版权不在花花手上遮盖过去,1
2025/4/2 14:01,支持华晨宇方维权。,0
2025/4/2 14:01,支持@华晨宇yu 维权！#华晨宇告黑案一审民事判决#,0
2025/4/2 14:01,#华晨宇方称拒绝音乐版权擦边行为# 请黄女士道歉并下架！@黄霄雲 @黄霄雲的雲上面包坊,1
2025/4/2 14:02,触碰音乐底线绝不容忍！！拒绝音乐版权擦边行为！！不配称为音乐人！！维护行业健康,1
2025/4/2 14:02,@黄霄雲 @黄霄雲的雲上面包坊 出来说话呀,1
2025/4/2 14:02,支持华晨宇维权,0
2025/4/2 14:02,hcy发的是什么啊，一个三无产品，有理有据发盖公章的维权声明去告hxy啊，连hxy三个字都不敢提，怕被对方反告[捂脸]只能模糊其词煽动粉丝去霸凌对方，而且乘热度卖??，最后一句话才是重点！[看],1
2025/4/2 14:02,黄家粉丝还嘴硬，说花家心虚不敢点名道姓,1
2025/4/2 14:02,后面这段吟唱不是这首歌的是另一首歌的[捂脸]还要说多少遍,0
2025/4/2 14:02,#华晨宇方称拒绝音乐版权擦边行为# 工作室你终于活了,0
2025/4/2 14:02,@黄霄雲 你倒是说句话啊 小偷,1
2025/4/2 14:02,支持????????,0
2025/4/2 14:03,小偷[抠鼻],1
2025/4/2 14:03,多一些纯粹的原创，少一些模糊的“借鉴”！,0
2025/4/2 14:03,支持华晨宇方维权，拒绝音乐版权擦边行为！,0
2025/4/2 14:03,支持华晨宇先生维权！网络不是法外之地！,0
2025/4/2 14:03,"请音乐专业的人
把谱扒下来对比一下。",0
2025/4/2 14:03,猜你想看[比心],0
2025/4/2 14:03,打脸不姐[比心],1
2025/4/2 14:03,@黄霄雲 @黄霄雲的雲上面包坊 道歉，下架。,1
2025/4/2 14:03,好厉害，被同期男歌手吊打,1
2025/4/2 14:03,支持原创,0
2025/4/2 14:03,我方已经很体面了，请黄霄雲团队给出正面解释#华晨宇方称拒绝音乐版权擦边行为# #华晨宇 黄霄雲#,1
2025/4/2 14:03,守护,0
2025/4/2 14:03,ber这是正主撕起来了？,1
2025/4/2 14:03,我糊了十年????♀?千万收藏的烟火??我听了十年??面包糊没了??工作室数据混没了??现在好不容易有歌给我偷??????你们非要揭穿我??????那歌是不是我的??????我能不知道吗??????——hxy《我不是偷神》,1
2025/4/2 14:03,道歉，下架@黄霄雲 @黄霄雲的雲上面包坊,1
2025/4/2 14:03,支持华晨宇维权！！！尊重原创！！！,0
2025/4/2 14:03,来了,0
2025/4/2 14:04,必须支持维权啊，不然这种擦边行为只会越来越多#华晨宇方称拒绝音乐版权擦边行为#,0
2025/4/2 14:04,够体面了 拒绝抄袭擦边球！,0
2025/4/2 14:04,说真的，这件事不止是我们两家的争端，版权问题要是能吵明白也是为原创人维权铺路无论是小说漫画还是音乐，知识产权这一部分的侵权一直很难维权，如果我们这么热门的歌，知名度这么大的歌手（无论喜不喜欢，知名度一定是有的）维权都这么困难，那以后底层小画手小写手小歌手怎么保护自己的作品？,0
2025/4/2 14:04,多一些纯粹原创 少一些模糊“借鉴” 尊重职业。尊重他人。,0
2025/4/2 14:04,知道了吗[尬笑],0
2025/4/2 14:04,我支持黄霄云 合理合法,0
2025/4/2 14:04,出来！说话！回答我！,1
2025/4/2 14:04,抄袭借鉴裁缝式歌曲是网红歌手的一贯风格，黄是惯偷了,1
2025/4/2 14:04,“今日若我冷眼旁观，他日祸临己身，则无人为我摇旗呐喊”支持维权，为行业健康发展助力！尊重音乐创作者的作品创意是原创音乐人的基本职业道德素养，每一份饱含心血的成果都应该被认可和保护，拒绝音乐版权擦边行为，请尊重音乐人的原创成果。#律师谈华晨宇黄霄云版权纠纷#...全文,0
2025/4/2 14:04,罗伯特都比你懂事@黄霄雲,1
2025/4/2 14:04,就大黄那黑芝麻糊的发展状态，别说绊脚石了，谁踩上去都不会觉得硌脚。要不是她粉丝到处咬人，谁会多看她一眼。还有，请问是哪位大黑手让她当裁缝了，真黑啊,1
2025/4/2 14:04,支持华晨宇维权！,0
2025/4/2 14:04,回应,0
2025/4/2 14:04,错了就是错了，勇于承认错误也是一个伟大的品质！挨打就要立正！,1
2025/4/2 14:04,支持华晨宇维权,0
2025/4/2 14:04,支持华晨宇先生维权！尊重音乐创作者的作品创意是原创音乐人的基本职业道德素养，每一份饱含心血的成果都应该被认可和保护。,0
2025/4/2 14:04,真服了,1
2025/4/2 14:04,张韶涵和华晨宇还合唱过这首歌呢，张韶涵方没说有问题哈,0
2025/4/2 14:04,#华晨宇方称拒绝音乐版权擦边行为#,0
2025/4/2 14:04,[思考],0
2025/4/2 14:04,尊重原创,0
2025/4/2 14:04,尊重原创！坚决维护华晨宇先生应有权益！公众人物应当提升个人素养，注重创作者版权意识。华晨宇方【从未】授权《孩子》相关版权，请黄小姐@黄霄雲 及工作室@黄霄雲的雲上面包坊 明确你方无《孩子》ending挪用/抄袭/改编的许可，请正面回应相关问题，我们需要公开道歉、购买相关使用版权、归还应有原创...全文,1
2025/4/2 14:04,你那是相似吗[憨笑]而且这首歌的作词人已经跟周总解决了问题你是二G网吗[尬笑],1
2025/4/2 14:05,@王女士爱吃鱼yu：@黄霄雲的雲上面包坊 @黄霄雲  如何呢请道歉 下架,1
2025/4/2 14:05,尊重音乐创作者的作品创意是原创音乐人的基本职业道德素养。支持维权！拒绝打擦边!,0
2025/4/2 14:05,黄霄云没买《孩子》版权 仅仅买了《烟火里的尘埃》的版权 不仅私自挪用华晨宇原创的《孩子》的吟唱部分 而且还将署名标为自己,1
2025/4/2 14:05,#华晨宇方称拒绝音乐版权擦边行为#,0
2025/4/2 14:05,@黄霄雲 @黄霄雲的雲上面包坊 道歉！下架！,1
2025/4/2 14:05,坚决维护华晨宇先生的音乐！,0
2025/4/2 14:05,今天有种出了口气的感觉,0
2025/4/2 14:05,@黄霄雲 @黄霄雲的雲上面包坊 多一些纯粹原创，少一些模糊“借鉴”。尊重音乐创作者的作品创意是原创音乐人的基本职业道德素养，每一份饱含心血的成果都应该被认可和保护。,0
2025/4/2 14:05,转发微博,0
2025/4/2 14:05,版权没有买一送一这个活动哈，买了A歌的授权，却擅自加入了人家B歌的段落,1
2025/4/2 14:05,#华晨宇告黑案一审民事判决# 支持华晨宇,0
2025/4/2 14:05,支持华晨宇维权  要尊重原创音乐，市场才会越来越健康,0
2025/4/2 14:05,我霄云最棒啊，以前海豚音只认张靓颖，现在我觉得，她的海豚音更美[赞][赞][赞][赞][赞],0
2025/4/2 14:05,吟唱相似她会被骂？完全照搬[捂脸]而且谱子你是搜不到吗[尬笑],1
2025/4/2 14:05,尊重原创，少点擦边侵权行为好吗,0
2025/4/2 14:05,招笑华晨宇,1
2025/4/2 14:05,特别关注了,0
2025/4/2 14:05,黄路过一个水果摊，和摊主买了一个西瓜，看见边上的桃子不错，顺手把桃子也放进袋子里，摊主问她为什么不付桃子钱，她说我已经买了西瓜了啊[微笑R],1
2025/4/2 14:05,拒绝音乐版权擦边行为！！！,0
2025/4/2 14:05,看来好多人都不满她很久了,1
2025/4/2 14:05,结局出来了就好，希望霄雲给花粉一个满意答复吧，错在我方，不用争吵[抱抱你],0
2025/4/2 14:05,支持华晨宇维权！！,0
2025/4/2 14:05,虽说男女声区不一样，但是确实比花花好听多了啊,0
2025/4/2 14:05,多一些纯粹原创，少一些模糊“借鉴”。尊重音乐创作者的作品创意是原创音乐人的基本职业道德素养，每一份饱含心血的成果都应该被认可和保护,0
2025/4/2 14:05,坚决维护华晨宇先生应有权益！公众人物应当提升个人素养，注重创作者版权意识。华晨宇方【从未】授权《孩子》相关版权，请黄小姐@黄霄雲 及工作室@黄霄雲的雲上面包坊 明确你方无《孩子》ending挪用/抄袭/改编的许可，请正面回应相关问题，我们需要公开道歉、购买相关使用版权、归还应有原创署名。,1
2025/4/2 14:05,就是!这事情必须零容忍!支持原创!支持晨宇维权!,0
2025/4/2 14:05,如果在翻唱过程中故意模仿原唱者的表演特征，使得整体效果与原唱高度雷同，从而误导公众或损害原唱者利益，就可能被认定为版权擦边行为，触及其他未获授权的权利。,0
2025/4/2 14:06,黄是惯偷了，她恨不得把所有的好听的歌都冠上她的名，网红就是这样的,1
2025/4/2 14:06,支持原创,0
2025/4/2 14:06,"首先，不盖章是法律上不让盖，不是没有哈，别嘴硬了，[调皮]
华晨宇全球歌迷会是歌迷自发组织的，并得到艺人经纪公司授权的非营利性民间组织，根据《社会团体印章管理规》规定，艺人团体不得使用公章，这是违法行为。华晨宇全球歌迷会发表严正声明代表的是歌迷的整体意志，具有官方权威性。
声明底下仅写了华晨宇全球歌迷会，而非艺人公司及其经纪公司，[调皮][调皮]不需要加盖公章[调皮][调皮]。其次华晨宇全球歌迷会有微博蓝v认证，蓝v是经过艺人经纪公司授权认证才有的，具有一定的官方属性。
请黄霄雲及其歌迷正式我方诉求，不要试图从严正声明中找你方自以为的逻辑漏洞，试图证明这不是官方，不具有代表性。",0
2025/4/2 14:06,支持花花[玫瑰][玫瑰]原创不易抄袭可耻[捂脸],0
2025/4/2 14:06,偷姐咋还不出声？@黄霄雲（巡演版）,1
2025/4/2 14:06,她取了之后，别人问她这桃是哪家的，她说是自己家种的[泣不成声],0
2025/4/2 14:06,支持华晨宇维权,0
2025/4/2 14:06,而且你担还有被爆的料可以搜搜[憨笑],1
2025/4/2 14:06,粉随正主[捂脸],0
2025/4/2 14:06,不会是联合炒作吧,1
2025/4/2 14:06,不喜欢华晨宇 但是支持原创 抄袭不对,0
2025/4/2 14:06,哎，怪不得是丁老爷的陪唱[调皮],1
2025/4/2 14:06,路人？,0
2025/4/2 14:06,维护原创音乐人的底线罢了,0
2025/4/2 14:06,不偷我怎么火？,1
2025/4/2 14:06,这还怎么看啊，黄小姐这是明抢啊，为什么不自己写呢？,1
2025/4/2 14:06,出面道歉，全平台下架,1
2025/4/2 14:06,是的。,0
2025/4/2 14:06,#华晨宇方称拒绝音乐版权擦边行为# 顺便维护一下编曲人权益吧，编曲怎么就没有版权了,0
2025/4/2 14:06,[憨笑],0
2025/4/2 14:07,请尊重原创,0
2025/4/2 14:07,#华晨宇方称拒绝音乐版权擦边行为#,0
2025/4/2 14:07,她说是她写的,0
2025/4/2 14:07,#华晨宇方称拒绝音乐版权擦边行为# 没有基本职业道德不要脸的东西，道歉，下架@黄霄雲 @黄霄雲的雲上面包坊,1
2025/4/2 14:07,央音裁缝姐[泣不成声][泣不成声],0
2025/4/2 14:07,票卖不完怎么办啊？蹭一下流量呗,0
2025/4/2 14:07,你去联系一下吧 我等你的结果[憨笑][捂脸],0
2025/4/2 14:07,看懂了，哭了，辛辛苦苦写的和声，被别人抢走还污蔑别人网暴,1
2025/4/2 14:07,尊重原创！坚决维护华晨宇先生应有权益！华晨宇方【从未】授权《孩子》相关版权！！！,0
2025/4/2 14:07,支持华晨宇维权，拒绝剽窃行为#华晨宇方称拒绝音乐版权擦边行为#,0
2025/4/2 14:07,对的宝宝，理解满分！,0
2025/4/2 14:07,666,0
2025/4/2 14:07,支持华晨宇先生维权！,0
2025/4/2 14:07,@黄霄雲 @黄霄雲 !请你停止你的音乐版权擦边行为!认真严肃道歉，下架你的翻唱!我们零容忍你的行为,1
2025/4/2 14:07,@黄霄雲 @黄霄雲的雲上面包坊 出来道歉，下架。,1
2025/4/2 14:07,人家有授权你有授权吗[尬笑],1
2025/4/2 14:07,支持华晨宇维权,0
2025/4/2 14:07,好好处理吧，大家都不想闹得太难看[呆无辜],0
2025/4/2 14:07,#华晨宇告黑案一审民事判决# 支持华晨宇维权,0
2025/4/2 14:07,不是所有人都会惯着她常在河边走哪有不湿鞋,1
2025/4/2 14:07,道歉，下架#华晨宇方称拒绝音乐版权擦边行为#,0
2025/4/2 14:07,叭叭叭的[尬笑],1
2025/4/2 14:07,#华晨宇方称拒绝音乐版权擦边行为# 我们从来没有不允许翻唱，只是黄霄云买了《烟火里的尘埃》翻唱权，翻唱的时候却盗用《孩子》的旋律，但是黄方并没有买《孩子》的版权，而且黄方还把盗用的《孩子》的那段旋律标注了自己的名字,1
2025/4/2 14:07,我昨天回你的你没看到装死？现在又一直发这个图 你就只会发这个图吗[憨笑],1
2025/4/2 14:07,纯路人，感觉特别通俗易懂啊，既然只授权了一首歌。凭什么在被发现翻唱另一首歌的时候还振振有词啊，其实真的没必要，要是及时道歉什么的不至于将事情酿成现在这种无可挽回地步，hxy实力还是不错的可惜一手好牌打的稀烂,1
2025/4/2 14:07,支持原创维权 黄霄云别偷了[我想静静],1
2025/4/2 14:07,拒绝音乐版权擦边,0
2025/4/2 14:07,我还记得当初黄霄雲上《歌手》说特别喜欢华晨宇，所以这么多年来就是骗我们家的善良，剽窃前辈的创作，还倒打一耙霸凌攻击我们,1
2025/4/2 14:07,是的，还工作室下场引导他们粉丝，粉丝还造谣我们家给我们歌迷起外号,1
2025/4/2 14:07,拒绝音乐版权擦边行为。尊重音乐创作者的作品创意是原创音乐人的基本职业道德素养，每一份饱含心血的成果都应该被认可和保护，坚决支持华晨宇方维权！,0
2025/4/2 14:07,一向都有,0
2025/4/2 14:07,昨天看到了扒谱的，一模一样可以说，你可以搜一下我没保存,0
2025/4/2 14:07,拒绝音乐版权擦边  支持华晨宇维权！！！,0
2025/4/2 14:08,#华晨宇方称拒绝音乐版权擦边行为# 无耻至极@黄霄雲,1
2025/4/2 14:08,不问自取就是偷！！！#华晨宇方称拒绝音乐版权擦边行为#,1
2025/4/2 14:08,支持华晨宇维权，拒绝音乐版权擦边！！#华晨宇方称拒绝音乐版权擦边行为#,0
2025/4/2 14:08,觉得黄唱的好的可以去搜她的演唱会现场版 非常一言难尽 高音劈叉 吟唱部分和华晨宇的原唱更加完全不是一回事 哪怕不和原唱比 和她的录音棚版本也是货不对板,1
2025/4/2 14:08,然后黄一直在纵容自己的粉丝在狡辩，在偷换概念，模糊借鉴。华晨宇工作室找他们谈居然无果，真不知道黄霄云想干嘛,1
2025/4/2 14:08,@黄霄雲 @黄霄雲的雲上面包坊 敢不敢出来说话//@夕阳前的花yu:@黄霄雲 @黄霄雲的雲上面包坊 敢不敢出来说话,1
2025/4/2 14:08,是有公司的同意才会发[尬笑],0
2025/4/2 14:08,尊重版权～支持华晨宇,0
2025/4/2 14:08,是这样的，现在还死不承认,1
2025/4/2 14:08,@黄霄雲的雲上面包坊 请你为你的言辞行为道歉,1
2025/4/2 14:08,支持华晨宇维权!,0
2025/4/2 14:08,电量??,0
2025/4/2 14:08,#华晨宇方称拒绝音乐版权擦边行为# 支持华晨宇方维权,0
2025/4/2 14:08,#华晨宇告黑案一审民事判决# 支持华晨宇维权！！！,0
2025/4/2 14:08,致敬为什么不标注呢，自己写的吟唱知道标注，要致敬别人写的就忘记标注了,1
2025/4/2 14:08,现在的综艺不都是各种翻唱[看]动不动改编很高级，其实还不是在炒饭[捂脸],0
2025/4/2 14:08,争议焦点：你们翻唱版本最后ending旋律是谁的？？如果你觉得是你们买了版权的西楼写的，请提供原曲包含这段旋律的证明；如果你觉得是黄霄云写的，请提供证明；我觉得是华晨宇写的，证明可看2018《歌手》-孩子。请不要绕弯子，你们的声明从头至尾都没有提到该段旋律的归属权利人是谁[/cp],0
2025/4/2 14:08,我们坚决维护华晨宇先生的音乐，对音乐版权侵害0容忍!！！,0
2025/4/2 14:08,愚人节发了个笑话,0
2025/4/2 14:08,支持华晨宇维权,0
2025/4/2 14:08,善意提醒华语乐坛所有从业人员今后给黄霄雲授权的时候请提前备好律师团队，谨防一次授权终生自助#华晨宇方称拒绝音乐版权擦边行为#,1
2025/4/2 14:08,三石老师 专业！,0
2025/4/2 14:08,@黄霄雲 @黄霄雲的雲上面包坊 道歉，下架。#华晨宇方称拒绝音乐版权擦边行为#,1
2025/4/2 14:08,已经看到好多路人都看懂咋回事了她家粉丝还在嘴硬 我嘞个超绝厚脸皮 偷别人家东西还有理了,1
2025/4/2 14:09,那你觉得我是哪方粉丝，广场不只有双方粉丝才能发言吧,0
2025/4/2 14:09,鸡同鸭讲,0
2025/4/2 14:09,是的，还总以初代火姐之名蹭我们家热度！当初黄霄雲上《歌手》说特别喜欢华晨宇，所以这么多年来就是骗我们家的善良，剽窃前辈的创作，还倒打一耙霸凌攻击我们,1
2025/4/2 14:09,支持华晨宇维权！,0
2025/4/2 14:09,支持华晨宇维权,0
2025/4/2 14:09,路过一个水果摊，和摊主买了一个西瓜，看见边上的桃子不错，顺手把桃子也放进袋子里，摊主问她为什么不付桃子钱，她说我已经买了西瓜了啊[微笑R],1
2025/4/2 14:09,转发微博,0
2025/4/2 14:09,尊重音乐创作者的作品创意是原创音乐人的基本职业道德素养，每一份饱含心血的成果都应该被认可和保护。,0
2025/4/2 14:09,@黄霄雲的雲上面包坊 @黄霄雲 请停止你方的无赖行为，道歉下架。出来说话#华晨宇方称拒绝音乐版权擦边行为#,1
2025/4/2 14:09,支持华晨宇先生维权！！！,0
2025/4/2 14:09,支持华晨宇先生维权！#华晨宇告黑案一审民事判决#,0
2025/4/2 14:09,#华晨宇告黑案一审民事判决# 支持华晨宇先生维权！,0
2025/4/2 14:09,#华晨宇方称拒绝音乐版权擦边行为# 道歉！下架！,0
2025/4/2 14:09,@邪王真眼?? @禾意 @下周见 @钦钦莎莎 @笑笑笑笑笑笑. @小何得偿所愿 @特里苏西 @小可可 @卿箐 @Asuka [微笑][微笑][微笑]太抽象了,0
2025/4/2 14:09,尊重原创！坚决维护华晨宇先生应有权益！#华晨宇方称拒绝音乐版权擦边行为#,0
2025/4/2 14:09,支持华晨宇先生维权！！,0
2025/4/2 14:09,支持华晨宇先生维权，请尊重原创！,0
2025/4/2 14:09,而且华方昨天主动联系了对方对方沟通无效哈哈哈,1
2025/4/2 14:09,支持华晨宇先生维权！,0
2025/4/2 14:09,支持华晨宇先生维权,0
2025/4/2 14:09,坚决支持华晨宇先生维权#华晨宇告黑案一审民事判决#,0
2025/4/2 14:09,支持华晨宇维权#华晨宇告黑案一审民事判决#,0
2025/4/2 14:09,下午好(^&amp;^)/,0
2025/4/2 14:09,尊重原创！拒绝音乐版权擦边！支持华晨宇维权！,0
2025/4/2 14:09,#华晨宇方称拒绝音乐版权擦边行为# 作为华晨宇先生的歌迷，火星人始终坚定不移地维护华晨宇先生的音乐作品，“音乐是底线”从来不是喊喊口号的空话！ 我们也欢迎大家来火星一起玩音乐呀,0
2025/4/2 14:09,#华晨宇告黑案一审民事判决# 支持华晨宇先生维权,0
2025/4/2 14:10,你没耳朵吗[微笑],1
2025/4/2 14:10,支持华晨宇维权,0
2025/4/2 14:10,支持华晨宇维权！#华晨宇告黑案一审民事判决#,0
2025/4/2 14:10,@黄霄雲 @黄霄雲的雲上面包坊 道歉，下架！,1
2025/4/2 14:10,！#华晨宇方称拒绝音乐版权擦边行为#,0
2025/4/2 14:10,@黄霄雲 请你尊重音乐创作者的作品创意，这是最基本的职业道德素养！ 请你道歉！请你下架！,1
2025/4/2 14:10,工作室回应了！大家理性吃瓜，支持原创维权,0
2025/4/2 14:10,支持华晨宇维权！,0
2025/4/2 14:10,#华晨宇告黑案一审民事判决# 支持华晨宇维权,0
2025/4/2 14:10,nb！,0
2025/4/2 14:10,支持维权,0
2025/4/2 14:10,尊重音乐创作者的作品创意是原创音乐人的基本职业道德素养，每一份饱含心血的成果都应该被认可和保护！避重就轻不是解决问题的方式，对音乐版权擦边行为0容忍！,0
2025/4/2 14:10,回复@嘉嘉_Carol:伥鬼是这样的大家一起踩小人,1
2025/4/2 14:10,保护原创权利,0
2025/4/2 14:10,公众人物因违反道德获利是想给社会以什么样的引导启示？不能因版权的知识的认知专业性胡作非为颠倒黑白误导大众。,1
2025/4/2 14:10,还是太体面了,0
2025/4/2 14:10,不知好歹就算了，还倒打一耙，觉得自己是受害者了 评论配图,1
2025/4/2 14:10,支持支持#华晨宇告黑案一审民事判决#,0
2025/4/2 14:11,下架！,1
2025/4/2 14:11,他这个说的是对的嘛 我听了两首歌 真的好像 这段话是说她之前就创了这段旋律吗,0
2025/4/2 14:11,避重就轻不是解决问题的方式，同时拒绝音乐版权擦边行为。希望音乐作品能够多一些纯粹原创，少一些模糊“借鉴”。尊重音乐创作者的作品创意是原创音乐人的基本职业道德素养，每一份饱含心血的成果都应该被认可和保护。,0
2025/4/2 14:11,她嫁接的《孩子》旋律的版本，华晨宇2015年和2018年演唱会上改编即兴唱过，她其实也直接copy了华晨宇改编的《烟火里的尘埃》版本，她拿去投了某原创金曲排行榜，再标注禁止别人翻唱，她这样让我们以后演唱会怎么唱？她2025年发行的还能禁止我们几年前就一直这样在唱的，太搞笑了！,1
2025/4/2 14:11,支持华晨宇先生维权,0
2025/4/2 14:11,支持维权,0
2025/4/2 14:11,是这样博主理解到位拒绝一切不劳而获的小偷行为！保护原创歌手权益！,0
2025/4/2 14:11,尊重音乐创作者的作品创意是原创音乐人的基本职业道德素养，每一份饱含心血的成果都应该被认可和保护，华晨宇歌迷坚决维护歌手华晨宇的音乐??,0
2025/4/2 14:11,这段吟唱我感觉在王牌对王牌里听到过，华晨宇演示烟火最后的高音就经常这么唱，只能说版权确实没买全吧，趁着只是粉丝打架补个版权快速解决吧，双厨狂喜出了事不解决真的很扯。,0
2025/4/2 14:11,黄女士自称创作歌手，不创作翻唱那么多别的歌手成名曲不懂就问这是走捷径嘛？,1
2025/4/2 14:11,拒绝音乐版权擦边行为！,0
2025/4/2 14:11,支持华晨宇维权，拒绝音乐版权擦边！#华晨宇方称拒绝音乐版权擦边行为# #2025华晨宇火星演唱会#,0
2025/4/2 14:11,这有耳朵不就能听的出来是拿了孩子最后的旋律来套上的吗,1
2025/4/2 14:11,#华晨宇告黑案一审民事判决# 支持华晨宇先生维权！,0
2025/4/2 14:11,根本不存在所谓的挪用《孩子》旋律 因为那段旋律本来就是《尘埃》主旋律的三度和声  倒不如说??的独创性在于把《尘埃》的旋律跟和声加到了《孩子》里面 而这段和声出现在《尘埃》里面再合理不过了 不构成任何侵权,0
2025/4/2 14:11,尊重原创！坚决维护华晨宇先生应有权益！公众人物应当提升个人素养，注重创作者版权意识。华晨宇方【从未】授权《孩子》相关版权，请@黄霄雲 及工作室@黄霄雲的雲上面包坊 明确你方无《孩子》ending挪用/抄袭/改编的许可，请正面回应相关问题，我们需要公开道歉、购买相关使用版权、归还应有原创署名。,1
2025/4/2 14:11,#华晨宇告黑案一审民事判决#  支持华晨宇维权,0
2025/4/2 14:11,拒绝音乐版权擦边行为。尊重音乐创作者的作品创意是原创音乐人的基本职业道德素养，每一份饱含心血的成果都应该被认可和保护，坚决支持华晨宇方维权！,0
2025/4/2 14:11,#华晨宇方称拒绝音乐版权擦边行为# #华晨宇 黄霄云# 道歉！下架！,0
2025/4/2 14:12,支持维权，反对擦边,0
2025/4/2 14:12,#华晨宇方称拒绝音乐版权擦边行为# @黄霄雲 @黄霄雲的雲上面包坊 道歉，下架。,0
2025/4/2 14:12,必须得声明，不然她署名这段改编旋律是她原创了，那花花华晨宇岂不是不能唱了！歌迷坚决捍卫华晨宇的音乐！,0
2025/4/2 14:12,支持维权，乐坛小偷就该在人人喊打,1
2025/4/2 14:12,怎么看，用眼睛看，用脑子看啊,0
2025/4/2 14:12,法师还有舔狗呢笑死了[尬笑],1
2025/4/2 14:12,我想着孩子这首歌不是西楼的吗？现在怎么变华cy的了，在后面加一段自创旋律，现在这首歌就成他的啦。现在代替西楼收版权费啦。那歌手在改编之前都加一段自己的东西，以后别人翻唱就可以代替原作者首版权费了，这多好。,1
2025/4/2 14:12,感觉领粉籍就像是自己跟谁都熟，跟谁家粉丝都能混成路好似的，急功近利，可怕滴很,1
2025/4/2 14:12,@黄霄雲 @黄霄雲的雲上面包坊 道歉 下架,1
2025/4/2 14:12,#华晨宇告黑案一审民事判决# 支持华晨宇先生维权,0
2025/4/2 14:12,拒绝音乐版权擦边行为 最后那一段本来就是华晨宇写的,0
2025/4/2 14:12,请尊重原创，勿打擦边球。,0
2025/4/2 14:12,支持华晨宇维权,0
2025/4/2 14:12,尊重原创音乐！！！！#华晨宇方称拒绝音乐版权擦边行为#,0
2025/4/2 14:12,侵权做实了,1
2025/4/2 14:12,支持华晨宇维权！,0
2025/4/2 14:12,#华晨宇黄霄云# #华晨宇黄霄云方未能达成共识# #华晨宇方称拒绝音乐版权擦边行为# 支持华晨宇维权,0
2025/4/2 14:12,支持维权,0
2025/4/2 14:12,是这样的，他们不仅又偷又抢，还造谣说孩子里面的吟唱这段是西楼创作的，说是华晨宇抄袭，这不是黑白颠倒吗，这段吟唱就是华晨宇创作的，被你裁缝姐拿去说自己原创,1
2025/4/2 14:12,人家不认输哈哈哈哈哈[赞][赞][赞][赞],0
2025/4/2 14:12,她逮到谁火她就是谁粉丝，就是爱蹭,1
2025/4/2 14:12,#华晨宇方称拒绝音乐版权擦边行为#我建议还是要告一下 这次是放过她了 但指不定下次又要偷谁的呢 是她们先蛮横无理在先 何必再给她们留面子呀 这种人就应该g出乐坛,1
2025/4/2 14:12,请黄霄雲方停止下氵拉踩华晨宇原版，下架侵权音源，给华晨宇道歉@黄霄雲 @黄霄雲的雲上面包坊,1
2025/4/2 14:12,拒绝音乐版权擦边行为,0
2025/4/2 14:12,所以是怎么样，是黄霄云方再花钱把吟唱那个歌版权买下来还是说会下架烟火里的尘埃[黑脸],1
2025/4/2 14:12,支持原创，支持华晨宇音乐维权，抵制一切不劳而获的擦边行为！,0
2025/4/2 14:12,图片评论,0
2025/4/2 14:12,我方坚持立场：避重就轻不是解决问题的方式，同时拒绝音乐版权擦边行为。希望音乐作品能够多一些纯粹原创，少一些模糊“借鉴”。尊重音乐创作者的作品创意是原创音乐人的基本职业道德素养，每一份饱含心血的成果都应该被认可和保护。#华晨宇方称拒绝音乐版权擦边行为#,0
2025/4/2 14:12,拒绝音乐版权擦边球！,0
2025/4/2 14:12,是的,0
2025/4/2 14:12,#华晨宇方称拒绝音乐版权擦边行为# 支持华晨宇维权！也欢迎所有积极的正向的朋友来火星玩！感受原创音乐的魅力,0
2025/4/2 14:12,借楼发一下b首页刷到的，全是她粉丝在嘴硬，麻烦去评论区举报澄清一下,1
2025/4/2 14:12,大众普遍对上综艺翻唱感觉理解（节目正常推广），但这种投机取巧专门特意翻唱别人大热歌像发新歌一样全平台发布大力推广营销（非平常节目翻唱营销范畴），强行加上自己的标签甚至欲“占为己有”的逐利做法也要支持吗？我知有法律漏洞不违法，但这种和看到别人好的就去争去抢的小三行为和逻辑有啥区别？,1
2025/4/2 14:13,不是即兴，那部分旋律是2018歌手为了《孩子》一曲特地创作的，在火星演唱会歌迷大合唱时自发接唱了这段作为和声。原创者怎么唱都可以，黄女士既然是个翻唱，怎么也该按规矩办事吧,1
2025/4/2 14:13,笑死,0
2025/4/2 14:13,有没有可能吟唱那部分不好买呢，你真当hcy愿意把自己成名曲给hxy翻唱啊，很明显绕过原唱直接买词曲版权的行为,1
2025/4/2 14:13,是的宝，所以很生气，她们还装瞎，惯犯了，一直在音乐界薅这种羊毛，这次碰到铁板了。,1
2025/4/2 14:13,@黄霄雲 @黄霄雲的雲上面包坊 多一些纯粹原创，少一些模糊“借鉴”。避重就轻不是解决问题的方式，拒绝音乐版权擦边行为,1
2025/4/2 14:13,昨天后援会发了声明，本意是给一个后路，却被说成说是三无组织，还死不悔改，求工作室下场，这下好了，工作室出面了，打脸了吧[微笑],1
2025/4/2 14:13,支持华晨宇维护自己的合法权益！,0
2025/4/2 14:13,支持华晨宇维权,0
2025/4/2 14:13,烟火里的尘埃接的吟唱最早可追溯到18年鸟巢演唱会，最近可追溯到去年的演唱会，视频为二三年演唱会 ！！视频为23年演唱会！！视频拍摄于2023年#华晨宇火星演唱会# ！！！#华晨宇方称拒绝音乐版权擦边行为# #华晨宇 黄霄云# MARS草台班子筹备组的微博视频 ,0
2025/4/2 14:13,图片评论,0
2025/4/2 14:13,请黄霄雲方尊重原创@黄霄雲 @黄霄雲的雲上面包坊，??擦边球行为,1
2025/4/2 14:13,啊啊啊啊好尴尬啊出了公章说明取得了华晨宇先生的授权隔天就被打脸了，我都替你尴尬@黄霄雲的雲上面包坊 你尴尬吗,1
2025/4/2 14:13,#律师谈华晨宇黄霄云版权纠纷#,0
2025/4/2 14:13,支持华晨宇先生维权！！！,0
2025/4/2 14:13,拒绝音乐版权擦边行为?,0
2025/4/2 14:13,支持华晨宇维权！！,0
2025/4/2 14:13,人家不认输哈哈哈哈哈哈,1
2025/4/2 14:13,拒绝擦边行为！尊重原创！,0
2025/4/2 14:13,她买的是西楼的曲版权和林夕的词版权，不是从华晨宇那里买的版权,0
2025/4/2 14:13,其实不止这一段是照搬了，很多方面都在打擦边球,1
2025/4/2 14:13,自己有歌自己唱，专门挑别人的歌唱[捂脸],0
2025/4/2 14:13,对啊，翻唱就应该尊重原唱，更何况人家也创作了一部分,0
2025/4/2 14:14,逆天,1
2025/4/2 14:14,@中央音乐学院  教出这样的学生你们有何感想,1
2025/4/2 14:14,路过一个水果摊，和摊主买了一个西瓜，看见边上的桃子不错，顺手把桃子也放进袋子里，摊主问她为什么不付桃子钱，她说我已经买了西瓜了啊[微笑R],1
2025/4/2 14:14,尊重原创！坚决维护华晨宇先生应有权益！公众人物应当提升个人素养，注重创作者版权意识。华晨宇方【从未】授权《孩子》相关版权，请@黄霄雲 及工作室@黄霄雲的雲上面包坊 明确你方无《孩子》ending挪用/抄袭/改编的许可，请正面回应相关问题，我们需要公开道歉、购买相关使用版权、归还应有原创署名。,1
2025/4/2 14:14,对,0
2025/4/2 14:14,拒绝音乐版权擦边 尊重原创音乐 请@黄霄雲 @黄霄雲的雲上面包坊 道歉,1
2025/4/2 14:14,避重就轻不是解决问题的方式，同时拒绝音乐版权擦边行为。希望音乐作品能够多一些纯粹原创，少一些模糊“借鉴”。#华晨宇方称拒绝音乐版权擦边行为#,0
2025/4/2 14:14,尊重原创！拒绝音乐版权擦边！支持华晨宇维权！,0
2025/4/2 14:14,转发微博,0
2025/4/2 14:14,牛逼,0
2025/4/2 14:14,有疑问，先把两边谱子都扒出来，证明是抄。在这空口鉴抄，你当现在的人是傻的。,1
2025/4/2 14:14,18年那会觉得郁欢唱的挺好听的，抖音上天天推，然后侵权就被告了[捂脸],0
2025/4/2 14:14,可以这么理解并且标榜是自己原创,1
2025/4/2 14:14,黄裁缝,0
2025/4/2 14:14,请记住是华晨宇工作室主动与黄霄云方沟通??黄霄云公司及艺人道德存在问题??说是“借鉴”其实是为了给台阶下??请黄霄云粉丝不要再不吃廉耻辱骂华晨宇先生及歌迷??华晨宇歌迷为维护音乐版权将会维权到底??,1
2025/4/2 14:15,华晨宇方太体面了,0
2025/4/2 14:15,感觉只有下架才是最好的解决方法，而且不能再用那段和声,1
2025/4/2 14:15,#华晨宇方称拒绝音乐版权擦边行为# 欢迎老师来火星玩,0
2025/4/2 14:15,简直就是史诗级碰瓷,1
2025/4/2 14:15,支持华晨宇维权！,0
2025/4/2 14:15,#华晨宇方称拒绝音乐版权擦边行为#,0
2025/4/2 14:15,真烦那些个人演唱会还唱别人歌的，自己没几首歌就别开演唱会呗,1
2025/4/2 14:15,“如果在翻唱过程中故意模仿原唱者的表演特征，使得整体效果与原唱高度雷同，从而误导公众或损害原唱者利益，就可能被认定为版权擦边行为，触及其他未获授权的权利。”黄霄雲翻唱这首歌的编曲跟原唱几乎一模一样了，且不说她还私自挪用了《孩子》的一部分旋律。这么说，她这行为还不止是擦边那么简单。,1
2025/4/2 14:15,支持华晨宇维权,0
2025/4/2 14:15,晨宇哥，俺不识字，但俺知道你肯定是去干大事儿了，俺求村支书给你写了封信，其实也没啥，就是想告诉你一声村子里上年有了好收成，每家每户都能分到面粉和玉米棒子，家里的母鸡最近也下蛋了，俺托生产队的同志给你送过去，包里还有俺新纳的鞋垫。俺想你嘞，下辈子还当你女人。@华晨宇yu,0
2025/4/2 14:15,华方作为受害者都主动沟通了一天，竟然没有个结果，有的人真的很头铁啊。顺便说一句，欢迎老师来火星玩,1
2025/4/2 14:15,黄霄云剽窃缺乏职业道德,1
2025/4/2 14:15,黄霄云有首歌的前奏跟不潮不用花钱一模一样[发呆][发呆][发呆]那个也是翻唱吗？,0
2025/4/2 14:15,就是就是！还原创歌手原创歌手搞这种“借鉴”！不可饶恕！！！,1
2025/4/2 14:15,可别 见谁火就说是谁的粉丝 我们可没有这种同担,1
2025/4/2 14:15,你过度解读了。,0
2025/4/2 14:15,啥都偷[微笑],1
2025/4/2 14:15,打擦边球真是可耻！这就是被裁缝之后维权道路艰难的原因！！,1
2025/4/2 14:15,主播刚才去黄的超话看见这张图 ，这啥意思 [疑问]意思是她是原创喽 [尬笑],1
2025/4/2 14:15,两个人都很优秀希望问题有个好的解决[比心],0
2025/4/2 14:16,不是既兴，在歌手的改编，后面加进烟火里的尘埃里面，在演唱会多次演唱，网易云上都有Live版,0
2025/4/2 14:16,烟火里的尘埃网易热搜第一了,0
2025/4/2 14:16,西安我也在,0
2025/4/2 14:16,到现在黄裁缝的粉丝还嘴硬，果然是有什么样的小偷就有什么样的粉丝,1
2025/4/2 14:16,我们也是啊，当年她被骂，火星人也帮忙，现在回头就忘本,1
2025/4/2 14:16,@黄霄雲 @黄霄雲的雲上面包坊,0
2025/4/2 14:16,那你说吧，我是给他俩谁关注了还是给他俩谁转发过东西关注超话了，我劝你别这样，黄粉丝来我也会听他们解释，别给你家正主抹黑好吧,1
2025/4/2 14:16,@黄霄雲 @黄霄雲的雲上面包坊 多一些纯粹原创，少一些模糊“借鉴”。尊重音乐创作者的作品创意是原创音乐人的基本职业道德素养，每一份饱含心血的成果都应该被认可和保护。,0
2025/4/2 14:16,@黄霄雲的雲上面包坊 @黄霄雲 道歉，下架,1
2025/4/2 14:16,[送心],0
2025/4/2 14:16,#华晨宇 黄霄雲#华晨宇歌迷坚决维护华晨宇音乐原创权益！拒绝任何打擦边，避重就轻等损害华晨宇音乐版权等行为！坚持维权！！#华晨宇方称拒绝音乐版权擦边行为#,0
2025/4/2 14:16,如果有人打坏了一幢建筑物的窗户玻璃，而这扇窗户又得不到及时的维修，别人就可能受到某些示范性的纵容去打烂更多的窗户。久而久之，这些破窗户就给人造成一种无序的感觉，结果在这种公众麻木不仁的氛围中，犯罪就会滋生、猖獗。#华晨宇方称拒绝音乐版权擦边行为#,0
2025/4/2 14:16,少在这里阴阳怪气，你真的没有必要抓着别人不放，专注你家水哥搞kpi就行了,1
2025/4/2 14:16,#华晨宇方称拒绝音乐版权擦边行为# #华晨宇 黄霄云# 作为华晨宇歌迷，我们坚决维护华晨宇先生的音乐，对音乐版权侵害0容忍！！！,0
2025/4/2 14:16,回复@72岁风韵犹存yu:看来大家都是被祸害过的受害者,0
2025/4/2 14:16,她可能不知道音乐对华晨宇的重要性 也不知道歌迷对华晨宇的重量。我们坚决维护歌手华晨宇的音乐！,0
2025/4/2 14:16,这么说的话就不仅是擦边了//@花璃璃yu:不仅是擦边“如果在翻唱过程中故意模仿原唱者的表演特征，使得整体效果与原唱高度雷同，从而误导公众或损害原唱者利益，就可能被认定为版权擦边行为，触及其他未获授权的权利。”,0
2025/4/2 14:16,小偷，偷系歌手,1
2025/4/2 14:16,#华晨宇方称拒绝音乐版权擦边行为#,0
2025/4/2 14:16,支持原创,0
2025/4/2 14:16,还有黄蛆 甩锅 纯牛奶的，唉 真心不理解那个群体，从不找自身原因，觉得总是全天下对比起他们一样，跟棒子国很像，坏事做尽，小偷成瘾。,1
2025/4/2 14:16,哇塞塞 很高兴以这种方式认识你[调皮],0
2025/4/2 14:16,#华晨宇黄霄雲双方未能达成有效共识# #华晨宇 黄霄云# 尊重原创！拒绝音乐擦边行为！,0
2025/4/2 14:16,这首歌版权本来就在黄霄云公司，哪里需要买？只有华晨宇每次开演唱会才要买版权。,1
2025/4/2 14:16,@华晨宇工作室 这边有造谣的。,1
2025/4/2 14:16,妈呀，我第一次听黄霄云版，怎么把最后那一段唱成这样了[捂脸],0
2025/4/2 14:16,#华晨宇方称拒绝音乐版权擦边行为# #华晨宇方称拒绝音乐版权擦边行为# @黄霄雲 @黄霄雲的雲上面包坊 道歉，下架。 ,0
2025/4/2 14:16,哈哈哈哈哈笑得我看到久违的晴朗啊//@小华说带晋宝baby迈向新宇宙:不仅不想付钱，还说没吃炒面，指面为饭#华晨宇方称拒绝音乐版权擦边行为#,1
2025/4/2 14:17,受不了了，黄霄云到底有没有道德底线，怎么好意思待在这个圈子的#华晨宇方称拒绝音乐版权擦边行为#,1
2025/4/2 14:17,支持华晨宇维权，网络不是法外之地！！！,0
2025/4/2 14:17,纯小偷[送心]她粉丝是不喜欢她吗[送心]怎么没人用心画一幅专属的[送心],1
2025/4/2 14:17,有人可以告诉我《我的滑板鞋》那个事怎么解决的吗？纯请教,0
2025/4/2 14:17,#华晨宇方称拒绝音乐版权擦边行为# 下架,0
2025/4/2 14:17,支持华晨宇先生维权,0
2025/4/2 14:17,守护,0
2025/4/2 14:17,#华晨宇告黑案一审民事判决# 支持@华晨宇yu 先生维权,0
2025/4/2 14:17,她这种如果都可以的话，那是不是我去店里买个包包，我看中了个卡包，我放进包包里面一起带走，被店里发现之后问为什么要拿走，回答:我买了包包。请问我会不会被人骂甚至被报警呢？就是倒反天罡,1
2025/4/2 14:17,这样一整把我们家小烟弄到热搜第一了，孩子也到热搜第八了[捂脸][OK],0
2025/4/2 14:17,不止唱腔啊铁铁,0
2025/4/2 14:17,@黄霄雲 @黄霄雲的雲上面包坊 ?立即公开道歉，下架侵权音源?#华晨宇方称拒绝音乐版权擦边行为#,1
2025/4/2 14:17,#华晨宇方称拒绝音乐版权擦边行为#,0
2025/4/2 14:17,能说吗本来我也觉得应该会好听，但是看完那个现场版视频我觉得她根本不能驾驭这首歌，毁我白月光,1
2025/4/2 14:17,回复@密涅瓦的猎犬:且当时我们正经走完所有流程的合法授权 才出的歌 不敢乱来,0
2025/4/2 14:17,今天是啥好日子,0
2025/4/2 14:17,她不止一次这么干了，惯犯了，只是这次踢到铁板上了,1
2025/4/2 14:17,#华晨宇方称拒绝音乐版权擦边行为# 出来走两步@黄霄云 @黄霄雲的雲上面包坊,0
2025/4/2 14:17,直接@华晨宇工作室  这种散播谣言的必须要处理。,1
2025/4/2 14:17,我这应该不算过渡解读吧，要求也不高，就让她标明而已,0
2025/4/2 14:18,你看，圈内人都懂啊。黄小姐就是想蹭啊，想红想疯了,1
2025/4/2 14:18,还弄白了几个度[黑脸],1
2025/4/2 14:18,#华晨宇方称拒绝音乐版权擦边行为# 华晨宇#华晨宇黄霄云方未能达成共识# 拒绝擦边球式音乐，坚决维护华晨宇音乐版权！,0
2025/4/2 14:18,拒绝音乐版权擦边行为！！！！！！！！做音乐要懂得尊重创作。尊重音乐创作者的作品创意是原创音乐人的基本素养。,0
2025/4/2 14:18,支持原创者维权,0
2025/4/2 14:18,不问自取视为偷！[送心][送心][送心],0
2025/4/2 14:18,多一些纯粹原创，少一些模糊“借鉴”。尊重音乐创作者的作品创意是原创音乐人的基本职业道德素养，每一份饱含心血的成果都应该被认可和保护。#华晨宇方称拒绝音乐版权擦边行为#,0
2025/4/2 14:18,相当于买了个基础版  却顺走了升级版  还说升级版是自己的原创,1
2025/4/2 14:18,把我们都偷过去了 家里面没人了嘛,1
2025/4/2 14:18,支持维权！,0
2025/4/2 14:18,#华晨宇方称拒绝音乐版权擦边行为# 尊重原创音乐作品，是基本职业道德素养。欢迎来西安玩,0
2025/4/2 14:18,欢迎来火星感受原唱，周日西安冲,0
2025/4/2 14:18,1,1
2025/4/2 14:18,#华晨宇方称拒绝音乐版权擦边行为# @黄霄雲 @黄霄雲的雲上面包坊 道歉！下架！,1
2025/4/2 14:18,你说歌手那次吗？你知道那次难度有多高吗？那首歌正常难度就高，歌手那次在这个基础上又狂加东西[捂脸],0
2025/4/2 14:18,所以懂汪峰当时春天里被侵权，拿去商演的事儿么，过了快十年，还是一堆人骂汪峰[捂脸],0
2025/4/2 14:18,2,0
2025/4/2 14:18,不可惜，非原创不尊重原唱那就不值得评价可不可惜。其次好听的段落和尾奏和声也是华晨宇自己写的，即使好听也是华晨宇的功劳。最后原唱唱的更有孤独的味道，词也是林夕老师三次更改量身定制的！,1
2025/4/2 14:18,3,0
2025/4/2 14:18,尊重原创，支持原创[送心],0
2025/4/2 14:18,提高版权意识，尊重他人作品。欢迎大家4.5/4.6来西安奥体听原唱现场版的《烟火里的尘埃》和《孩子》#华晨宇方称拒绝音乐版权擦边行为#,0
2025/4/2 14:18,不只是旋律，而是整段的编排设计和创意都照搬了,1
2025/4/2 14:18,希望你能每天开心呀[抱抱你],0
2025/4/2 14:18,真的除了华晨宇唱，其他的真的欣赏不来（不是粉丝）,0
2025/4/2 14:18,强烈要求下架,1
2025/4/2 14:18,最好的解决方式就是把钱还给黄霄云，让她这辈子别唱这首歌了！,1
2025/4/2 14:19,其实真的很好理解对叭朋友，但凡认识字都能看懂吧也不知某人到底哪里不明白我们解释给她们听，他还怪我们讲的她们不爱听，反过来网暴我们我们有什么错呢，我们支持原创，总不能小偷都到家门口了，我们要好吃好喝的供着吧,1
2025/4/2 14:19,道歉！！！！,0
2025/4/2 14:19,支持华晨宇维权#华晨宇告黑案一审民事判决# #华晨宇方称拒绝音乐版权擦边行为#,0
2025/4/2 14:19,黄霄云不是一直营销央音第一吗？被实锤专业第三,1
2025/4/2 14:19,原唱真尼玛好听啊,1
2025/4/2 14:19,支持华晨宇维权,0
2025/4/2 14:19,出来回应[愉快],0
2025/4/2 14:19,回复@糊图图的三弟:我没有解释，我是让你们长长耳朵！这本来就是两首歌好吗？你一直揪着那个段落，可那里也不是照搬也不是相同旋律啊？你是没听还是没长耳朵？黄女士呢？我们没有说翻唱不对，说的是你挪用别的歌曲的旋律原封不动的放到翻唱曲里并标榜成原创，连官方都删掉了你们的翻唱，还不嫌丢脸吗？,1
2025/4/2 14:19,[泪奔][泪奔][泪奔]她都被锤了，没有版权意识怎么能在音乐圈走的长远呢,1
2025/4/2 14:19,尊重原创！坚决维护华晨宇先生应有权益！公众人物应当提升个人素养，注重创作者版权意识。华晨宇方【从未】授权《孩子》相关版权，请@黄霄雲 @黄霄雲的雲上面包坊  明确你方无《孩子》ending挪用/抄袭/改编的许可，请正面回应相关问题，我们需要公开道歉、购买相关使用版权、归还应有原创署名。,0
2025/4/2 14:19,没太明白哎,0
2025/4/2 14:19,@黄霄雲 @黄霄雲的雲上面包坊 多一些纯粹原创，少一些模糊“借鉴”。尊重音乐创作者的作品创意是原创音乐人的基本职业道德素养，每一份饱含心血的成果都应该被认可和保护。,0
2025/4/2 14:20,支持华晨宇先生维权#华晨宇告黑案一审民事判决#,0
2025/4/2 14:20,票卖不卖得完 现场见分晓；版权有没有闹明白的 现在就有分晓；两码事。,0
2025/4/2 14:20,黄霄云出的歌其实是没问题的，不过是文字游戏了，“黄霄云的新歌 烟火里的尘埃（黄霄云版）那就没问题了，毕竟这次是他出的”,0
2025/4/2 14:20,是的，她钻了法律空子，四句抄三句半就说自己原创,1
2025/4/2 14:20,在流行音乐分工这么清晰明确的时代，专业的事应该交给专业的人来做，作为原创歌手如果还需要用在编曲/和声上的署名来标榜自己这何尝不是一种悲哀，原创歌手的名字最应该出现在歌曲的 作词:    作曲:   原唱:    这最美的三行诗上面。,0
2025/4/2 14:20,乐坛需要被规范，保护优秀创作人,0
2025/4/2 14:20,支持华晨宇维权！,0
2025/4/2 14:20,还是钱没谈妥，但是都是明星了，还能碰版权的锅吗？黄的经济团队是干啥吃的？#华晨宇方称拒绝音乐版权擦边行为#,1
2025/4/2 14:20,支持华晨宇先生维权！！！[送心],0
2025/4/2 14:20,多一些创新，少一点抄袭哦[比心],0
2025/4/2 14:20,这是啥情况,0
2025/4/2 14:20,没办法??给脸不要脸啊??@黄霄雲 @黄霄雲的雲上面包坊,1
2025/4/2 14:20,支持原创！！,0
2025/4/2 14:20,华晨宇歌迷坚决维护华晨宇音乐原创权益！拒绝任何打擦边，避重就轻等损害华晨宇音乐版权等行为！坚持维权！,0
2025/4/2 14:20,守护,0
2025/4/2 14:20,关键是你唱就唱了还标注原创，人苦主都主动找你沟通了，你还拒绝悔改，这谁能忍,1
2025/4/2 14:21,回复@Maurice_myhao:央音第一黄裁缝的粉丝,1
2025/4/2 14:21,他们甚至知道我们内讧还想挑拨离间，没想到间接促进了火星村大团结的局面哈哈哈哈哈,0
2025/4/2 14:21,支持华晨宇维权！欢迎老师来火星玩,0
2025/4/2 14:21,笑死,0
2025/4/2 14:21,守护,0
2025/4/2 14:21,她们不会以为昨天愚人节 随便说说拿到版权了吧,0
2025/4/2 14:21,昨天要工作室声明，现在又要公章，你们是真恨你姐姐啊，国企的大公章一出，你姐姐可就真完了,1
2025/4/2 14:21,我再说一遍，我不是他们两个粉丝，去看我的头像，超话和微博也能看出来，是只有双方粉丝才能发表意见吗？我问了问题粉丝来解释有什么不对吗，黄粉丝过来解释我也会看，也不删评，别在这瞎找存在感，也别给你家正主拉仇恨好吧,1
2025/4/2 14:21,#华晨宇方称拒绝音乐版权擦边行为# 作为华晨宇歌迷，我们坚决维护华晨宇先生的音乐，对音乐版权侵害0容忍。希望音乐从业人员都能正确使用授权，明确创作来源，尊重创作者权利，共同促进行业良性发展。,0
2025/4/2 14:21,她还标榜原创还投了原创榜，搞笑不,1
2025/4/2 14:21,图片评论,0
2025/4/2 14:21,哦哟，黄裁缝一不小心踢到铁板咯,1
2025/4/2 14:21,华晨宇把一首歌的间奏拿走去写一段三度和声就是自己的独创，拥有版权，说明李袁杰千古奇冤，当初人家也是这么干的，被华晨宇的粉丝网暴了整整两三年，说人家是音乐裁缝，今日华晨宇所行之事却被誉为音乐才子，李袁杰千古奇冤啊，好在守得云开见月明，李袁杰创作歌手的身份终于实至名归了，泪目，爷青回,1
2025/4/2 14:21,希望黄女士赶紧下架把那段删掉，并且道歉,1
2025/4/2 14:21,简单来说，黄霄雲照着华晨宇改编的版本发了歌，没标注创意来源和旋律来源,1
2025/4/2 14:21,央音第一黄裁缝,1
2025/4/2 14:21,大师还有粉色呐,0
2025/4/2 14:21,坚决维护华晨宇先生应有权益！公众人物应当提升个人素养，注重创作者版权意识。华晨宇方【从未】授权《孩子》相关版权，请黄小姐@黄霄雲 及工作室@黄霄雲的雲上面包坊 明确你方无《孩子》ending挪用/抄袭/改编的许可，请正面回应相关问题，我们需要公开道歉、购买相关使用版权、归还应有原创署名。,1
2025/4/2 14:21,支持华晨宇先生维权#华晨宇告黑案一审民事判决#,0
2025/4/2 14:21,尊重原创！坚决维护华晨宇先生应有权益！公众人物应当提升个人素养，注重创作者版权意识。华晨宇方【从未】授权《孩子》相关版权，请黄小姐@黄霄雲 及工作室@黄霄雲工作室 明确你方无《孩子》ending挪用/抄袭/改编的许可，请正面回应相关问题，我们需要公开道歉、购买相关使用版权、归还应有原创署名。,1
2025/4/2 14:21,支持华晨宇维权#华晨宇告黑案一审民事判决#,0
2025/4/2 14:21,支持华晨宇先生维权！,0
2025/4/2 14:21,漂亮，就该这样[赞],0
2025/4/2 14:21,支持华晨宇维权 拒绝音乐版权擦边,0
2025/4/2 14:21,#华晨宇方称拒绝音乐版权擦边行为# #华晨宇黄霄云方未能达成共识# @华晨宇yu 拒绝音乐版权擦边行为。做音乐要懂得尊重创作。尊重音乐创作者的作品创意是原创音乐人的基本素养。,0
2025/4/2 14:21,尊重原创，支持华晨宇维权，音乐是底线，拒绝打擦边球。@黄霄雲的雲上面包坊 @黄霄雲 出来道歉，下架,1
2025/4/2 14:21,支持华晨宇先生维权,0
2025/4/2 14:21,不是我说她这个版本我真的听不来[泪奔],0
2025/4/2 14:21,你们是不是还得给我们火星姐磕一个[微笑][暗中观察],0
2025/4/2 14:21,#华晨宇黄霄雲双方未能达成有效共识# 华晨宇,0
2025/4/2 14:22,以黄霄雲粉丝的强盗逻辑，黄霄雲的《星辰大海》完全照搬璨乐团的《飞——致我们的星辰大海》，因为歌词里都有一句星辰大海，连歌名都取自璨乐团的歌，为什么没有加上原唱和作词人？请黄霄雲方尊重版权，不要偷歌谢谢@黄霄雲的雲上面包坊,1
2025/4/2 14:22,准确的说他是买了demo，然后用了成品改编还加了其他歌的料的版本,0
2025/4/2 14:22,坚决维护华晨宇先生应有权益！公众人物应当提升个人素养，注重创作者版权意识。华晨宇方【从未】授权《孩子》相关版权，请黄小姐@黄霄雲 及工作室@黄霄雲的雲上面包坊 明确你方无《孩子》ending挪用/抄袭/改编的许可，请正面回应相关问题，我们需要公开道歉、购买相关使用版权、归还应有原创署名。,1
2025/4/2 14:22,不明白,0
2025/4/2 14:22,尊重原创！坚决维护华晨宇先生应有权益！公众人物应当提升个人素养，注重创作者版权意识。华晨宇方【从未】授权《孩子》相关版权，请@黄霄雲 及工作室@黄霄雲的雲上面包坊 明确你方无《孩子》ending挪用/抄袭/改编的许可，请正面回应相关问题，我们需要公开道歉、购买相关使用版权、归还应有原创署名。,1
2025/4/2 14:22,@黄霄雲 @黄霄雲的雲上面包 下架 道歉,1
2025/4/2 14:22,下架,1
2025/4/2 14:22,快哉快哉 小脑不要可以捐了我们有张韶涵呐喊的版权哈 你们家hxy只有烟火的版权没有孩子的版权哈,1
2025/4/2 14:22,#华晨宇方称拒绝音乐版权擦边行为#拒絕擦边行為???,0
2025/4/2 14:22,不懂,0
2025/4/2 14:22,秃yu难听，毕竟唱了周天王的歌无人问津，还偷别人歌词,1
2025/4/2 14:22,尊重原创！支持维权！,0
2025/4/2 14:22,尊重原创，音乐是底线，支持华晨宇维权，拒绝打擦边球。#华晨宇方称拒绝音乐版权擦边行为#,0
2025/4/2 14:22,支持华晨宇维权 所有原创都该得到尊重,0
2025/4/2 14:22,尊重音乐创作者的作品创意是原创音乐人的基本职业道德素养，每一份饱含心血的成果都应该被认可和保护！坚决维护华晨宇先生应有权益！,0
2025/4/2 14:22,诶我天呐怎么个事,0
2025/4/2 14:22,她们还装瞎，惯犯了，一直在音乐界薅这种羊毛，这次碰到铁板了。,1
2025/4/2 14:22,支持华晨宇先生维权！#华晨宇告黑案一审民事判决#,0
2025/4/2 14:22,支持华晨宇先生维权！,0
2025/4/2 14:22,支持华晨宇维权！#华晨宇告黑案一审民事判决#,0
2025/4/2 14:22,倒反天罡[微笑],0
2025/4/2 14:22,#华晨宇方称拒绝音乐版权擦边行为# #华晨宇黄霄云方未能达成共识# @华晨宇yu 拒绝音乐版权擦边行为。做音乐要懂得尊重创作。尊重音乐创作者的作品创意是原创音乐人的基本素养。,0
2025/4/2 14:22,这位只比华晨宇晚出道两年的“新”生代，多大的b格，人家被侵权者还得跟她先沟通，不然就被人家先发制人一纸声明，说已经得到授权了连工作室出来发声，人家粉丝还能自我洗脑，说是假的,1
2025/4/2 14:23,只成品改编可能难界定，但是那段其他料是铁证,1
2025/4/2 14:23,#华晨宇方称拒绝音乐版权擦边行为# 拒绝版权擦边，欢迎来看西安的火星演唱会呀,0
2025/4/2 14:23,[发怒],1
2025/4/2 14:23,她不会看到你的消息，华晨宇也不会感动，你只会被你的情绪影响奋力批判然后自我感动，华晨宇和黄霄云都说了不算，背后都有资本，你以为人家比你傻没有发现是吗，真有问题早都一纸诉状了，但事实是一家公司，你让人家自己告自己？[思考],1
2025/4/2 14:23,支持华晨宇先生维权！,0
2025/4/2 14:23,支持华晨宇维权#华晨宇告黑案一审民事判决#,0
2025/4/2 14:23,请尊重创作者华晨宇#华晨宇方称拒绝音乐版权擦边行为#,0
2025/4/2 14:23,说的真好，欢迎来火星玩！,0
2025/4/2 14:23,旋律完全不一样，凭半句歌词鉴抄，黄霄雲的《星辰大海》是不是抄袭璨乐团的《飞——致我们的星辰大海》，毕竟都有一句星辰大海嘛，偷歌贼又添一实锤,1
2025/4/2 14:23,获得的是西楼Demo授权，不是华晨宇本人授权，所以她无权挪用华晨宇本人的改编旋律,0
2025/4/2 14:23,宝宝宝宝宝宝[抱抱你]，谢谢你替我们澄清，涨热度，但是花粉在火星是黑粉的意思。我知道你可能是想说花花的粉丝可能叫花粉。但其实我们粉丝名字叫火姐/或者ET。最后还是要谢谢你啊～[大笑],0
2025/4/2 14:23,不得不佩服周深[捂脸] 很难刷到周深的瑕疵,0
2025/4/2 14:23,是的 黄裁女属于给脸不要脸，想要闹大给自己增咖,1
2025/4/2 14:24,尊重原创！拒绝音乐版权擦边！支持华晨宇维权！,0
2025/4/2 14:24,版权被她买了吗,0
2025/4/2 14:24,果然路人的眼睛都是雪亮的,0
2025/4/2 14:24,坚决抵制抄袭，抵制小偷哈，拒绝打擦边球，支持华晨宇维权@黄霄雲的雲上面包坊 @黄霄雲 出来道歉，下架。,1
2025/4/2 14:24,我也是,0
2025/4/2 14:24,尊重原创！坚决维护华晨宇先生应有权益！公众人物应当提升个人素养，注重创作者版权意识。华晨宇方【从未】授权《孩子》相关版权，请黄小姐@黄霄雲 及工作室@黄霄雲工作室 明确你方无《孩子》ending挪用/抄袭/改编的许可，请正面回应相关问题，我们需要公开道歉、购买相关使用版权、归还应有原创署名权,1
2025/4/2 14:24,智齿,0
2025/4/2 14:24,根据双方的发言来看，黄霄云翻唱烟火里的尘埃时，没有和华晨宇方沟通擅自挪用华晨宇创作的孩子这首歌的吟唱作为其结尾，说明黄霄云方是有意这么做的，目的不外乎1.未被发现，可以用来营销黄霄云原创的能力（其已经将这首改编发布在某个原创作品网站，后被举报下架），,1
2025/4/2 14:24,没看懂,0
2025/4/2 14:24,别逼逼了，警告你们说我们网暴[泪奔]，算了对于你们这种偷子惯犯也很正常,1
2025/4/2 14:24,主要她还说是自己编的的那个吟唱,0
2025/4/2 14:24,守护,0
2025/4/2 14:24,不管怎么说 真实情况我们都不知道 吃瓜就行了[干饭人],0
2025/4/2 14:24,米兔,0
2025/4/2 14:24,“华晨宇作为一个影响力如此之大的公众人物维权都如此困难，更何谈我们这些普通人。当普通的没有什么影响力的画手、写手、原创音乐人、原创视频制作者遇到这类侵权问题的时候又将何去何从？”,0
2025/4/2 14:24,2.被发现了，其知道一定会被华晨宇粉丝追究，能带来她自己无法获得的热度，就像她粉丝自己说的那样，黑红也是红，正好趁着这个热度营销她唱歌好听。,1
2025/4/2 14:24,买了一首歌，改编抄了另外一首歌，然后标榜原创,1
2025/4/2 14:24,我也,0
2025/4/2 14:24,华晨宇實惨,0
2025/4/2 14:24,@黄霄雲 @黄霄雲的雲上面包坊 多一些纯粹原创，少一些模糊“借鉴”。尊重音乐创作者的作品创意是原创音乐人的基本职业道德素养，每一份饱含心血的成果都应该被认可和保护。,0
2025/4/2 14:24,黄装货，非要把脸伸过来找打,1
2025/4/2 14:24,『如果在翻唱过程中故意模仿原唱者的表演特征，使得整体效果与原唱高度雷同，从而误导公众或损害原唱者利益，就可能被认定为版权擦边行为，触及其他未获授权的权利。』,0
2025/4/2 14:24,就是你黄霄云唱这首歌是可以的，但是你的演唱方式和表演方式和我高度重合是不可以的，属于侵权行为。……,1
2025/4/2 14:24,@黄霄雲 @黄霄雲的雲上面包坊 道歉,1
2025/4/2 14:24,原创不易，黄霄云自己标榜为原创歌手，更要坚守职业素养，坚守底线，别人的固然好那也不是你可以挪用的理由。,1
2025/4/2 14:24,没看懂，都是一个人的啊,0
2025/4/2 14:24,不知道呐,0
2025/4/2 14:24,请尊重版权,0
2025/4/2 14:24,@华晨宇工作室 你终于活了[流泪],0
2025/4/2 14:24,我真的要笑死了,0
2025/4/2 14:24,@黄霄雲的雲上面包坊 道歉,0
2025/4/2 14:25,[可怜][可怜][可怜],0
2025/4/2 14:25,不发声不承认自己打擦边球反正粉丝会替她抗，别对粉丝太好了我说黄小姐,1
2025/4/2 14:25,所以才说她避重就轻，一直逃避我们说的侵权关键点，一直谈获得授权，但那是华晨宇授权的吗？还标榜自己原创,1
2025/4/2 14:25,给脸不要脸呗,1
2025/4/2 14:25,这一段话也是误导性噢，并不是说《烟火里的尘埃》歌曲尾声是华晨宇独有的，而是这就是另一首歌《孩子》的[比心][比心][比心]希望路人别误解喽[色][色][色],0
2025/4/2 14:25,什么情况这是？,0
2025/4/2 14:25,噢噢意思就是黄是裁缝？？融歌了？？,1
2025/4/2 14:25,尊重音乐创作者的作品创意是原创音乐人的基本职业道德素养，每一份饱含心血的成果都应该被认可和保护，支持华晨宇维权??,0
2025/4/2 14:25,不知道??,0
2025/4/2 14:25,我就好奇了 个人演唱会为啥全是翻唱[尬笑],1
2025/4/2 14:25,抵制黄裁缝拒绝擦边侵权！！！,1
2025/4/2 14:25,谢谢,0
2025/4/2 14:25,她偷歌,1
2025/4/2 14:25,你别搞笑了，官方真出来了你又说三无,1
2025/4/2 14:25,华晨宇工作室不是发了一个么，咋不发新的[白眼],1
2025/4/2 14:25,支持维权,0
2025/4/2 14:26,退圈吧受不了毫无职业道德素养,1
2025/4/2 14:26,支持华晨宇维权守护,0
2025/4/2 14:26,我是路人 我站华晨宇,0
2025/4/2 14:26,支持华晨宇维权,0
2025/4/2 14:26,黄裁缝,0
2025/4/2 14:26,回复@小熏198102:好，谢谢宝,0
2025/4/2 14:26,音乐裁缝滚出乐坛。 ,1
2025/4/2 14:26,创作不易，支持维权！,0
2025/4/2 14:26,都到结尾了，为什么不敢放完，是不是因为后面和原版不一样，是不是怕听出结尾盗用了《孩子》的结尾。,1
2025/4/2 14:26,#律师谈华晨宇黄霄云版权纠纷# #律师称模仿原唱或被认定版权擦边# 不是有词曲授权就可以无底线的偷换概念，请立即改正,1
2025/4/2 14:26,多了词条，上了热搜，面包澎了起来赚很大,0
2025/4/2 14:26,支持华晨宇维权！！！！！原创必须要得到保护！！！！！！,0
2025/4/2 14:26,黄买了华歌A的版权 但是擅自加入了华歌B片段并没有买B的版权,1
2025/4/2 14:26,……华晨宇作词了还是作曲了？？编曲也好敢？？第二房东跳出来他是房主？？,1
2025/4/2 14:26,抵制不法行为，支持华晨宇先生维权!,0
2025/4/2 14:26,原創不容易，一個音樂人最重要的是要提升自己，而不是一味擦邊，剪裁別人音樂！支持華晨宇維權，拒絕法律擦邊球,0
2025/4/2 14:26,支持华晨宇先生维权！,0
2025/4/2 14:26,惯犯了黄[憨笑][憨笑][憨笑],1
2025/4/2 14:26,给路人解释一下：她买了A歌  唱的是A歌+B歌的旋律  并且B歌的部分没有任何标注  她的粉都认为是她自己创作的  被我们发现后 她的工作室避重就轻  说买了A歌的使用权 丝毫不提及B歌的那段,1
2025/4/2 14:26,//@花璃璃yu:不仅是擦边“如果在翻唱过程中故意模仿原唱者的表演特征，使得整体效果与原唱高度雷同，从而误导公众或损害原唱者利益，就可能被认定为版权擦边行为，触及其他未获授权的权利。”,0
2025/4/2 14:27,不懂哇,0
2025/4/2 14:27,@林志炫全球知音会 @林志炫TerryLin 这个解释看明白了没有？,0
2025/4/2 14:27,欢迎来火星玩,0
2025/4/2 14:27,黄霄云本来就不是原创歌手吧，很抽象的一个人[微笑],1
2025/4/2 14:27,还有看不懂的路人宝宝看这个比较好理解,0
2025/4/2 14:27,这是什么狗屁回应，有法律问题就去起诉，没有版权问题搁这撒泼呢，一群 追星追成道德沦丧的饭圈女,1
2025/4/2 14:27,@黄霄雲@黄霄雲的雲上面包坊，道歉，下架,1
2025/4/2 14:27,坚决维护@华晨宇yu 的音乐版权,0
2025/4/2 14:27,出来回应！不准避重就轻 不能打擦边球,1
2025/4/2 14:27,网络非法外之地，支持华晨宇维权！#华晨宇告黑案一审民事判决#,0
2025/4/2 14:27,回复@曾经沧海难为水HCY:这波支持hcy看她粉丝的小作文我还真以为是男生的错,1
2025/4/2 14:27,这已经不是认不认输的问题了哈哈哈哈[赞],0
2025/4/2 14:27,[微笑][微笑][微笑],0
2025/4/2 14:27,华晨宇买版权了，黄霄云买了一首还想用另一首,1
2025/4/2 14:27,记得来看演唱会哦,0
2025/4/2 14:27,今年的演唱会就有，烟火里的尘埃?孩子，联合串烧新版改编！??超棒！,0
2025/4/2 14:27,不是吧，之前还一起参加过节目，不应该是友好的同行吗？现在这种行为，不是在败坏好感吗？对自己有啥好处啊,1
2025/4/2 14:27,多一些纯粹原创，少一些模糊“借鉴”。尊重音乐创作者的作品创意是原创音乐人的基本职业道德素养，每一份饱含心血的成果都应该被认可和保护。#华晨宇方称拒绝音乐版权擦边行为#,0
2025/4/2 14:27,我懂了她工作室好不要莲,1
2025/4/2 14:27,好样的,0
2025/4/2 14:27,不是她将华晨宇的歌改编了，是她买了那首歌a版的版权 实际唱了华晨宇改编后的b版本，还把自己写在改编者里。,1
2025/4/2 14:27,@林志炫全球知音会 @林志炫TerryLin 作为艺人不要打擦边，学艺先学德！希望林老师多教教,1
2025/4/2 14:27,我是来看评论的,0
2025/4/2 14:27,现在小偷都这么嚣张了，华晨宇影响力这么大的公众人物都如此困难，普通人岂不是没希望了，抵制小偷，支持原创。,0
2025/4/2 14:27,简单来说就是黄霄云买了烟火的版权，他唱烟火没问题，但是他却用了华晨宇《孩子》里面改编的一段旋律。她不能买一首歌的版权用两首歌。,0
2025/4/2 14:28,这跟韩国有什么区别。。。。。,1
2025/4/2 14:28,多一些纯粹原创，少一些模糊“借鉴”。尊重音乐创作者的作品创意是原创音乐人的基本职业道德素养，每一份饱含心血的成果都应该被认可和保护。,0
2025/4/2 14:28,支持华晨宇维权#华晨宇告黑案一审民事判决#,0
2025/4/2 14:28,支持维权,0
2025/4/2 14:28,言简意赅我懂了,0
2025/4/2 14:28,狡辩者的能力真是无可限量,1
2025/4/2 14:28,#华晨宇黄霄雲双方未能达成有效共识#,0
2025/4/2 14:28,你可能没搞清楚哈，翻唱唱的一模一样没点问题，黄霄雲是翻唱一首了，抄了另外一首歌进去了,1
2025/4/2 14:28,法律擦边行为能怎么告？,0
2025/4/2 14:28,#华晨宇方称拒绝音乐版权擦边行为# 道歉 下架,0
2025/4/2 14:28,支持维权，拒绝音乐版权擦边,0
2025/4/2 14:28,而且她粉丝还敢顺那段吟唱是黄霄雲原创，不要碧莲,1
2025/4/2 14:28,你先小升初吧，真懒得喷,1
2025/4/2 14:28,她是不仅不想付钱，还说炒面是自己做的,1
2025/4/2 14:28,拒绝音乐版权擦边行为！！！！！！！！做音乐要懂得尊重创作。尊重音乐创作者的作品创意是原创音乐人的基本素养。,0
2025/4/2 14:28,[赞],0
2025/4/2 14:28,原创主动去沟通还没有用，怎么现在涉及原创版权已经可以这么无所顾忌了吗[再见],1
2025/4/2 14:28,支持原创,0
2025/4/2 14:28,支持华晨宇先生维权,0
2025/4/2 14:28,点了,0
2025/4/2 14:28,多一些纯粹原创，少一些模糊“借鉴”。尊重音乐创作者的作品创意是原创音乐人的基本职业道德素养，每一份饱含心血的成果都应该被认可和保护。#华晨宇方称拒绝音乐版权擦边行为#,0
2025/4/2 14:28,兩位我都純路人，但支持保護知識產權。黃不應該,0
2025/4/2 14:28,裁缝姐还有话说吗,1
2025/4/2 14:28,正大光明的偷歌我滴天,1
2025/4/2 14:28,@林志炫全球知音会 @林志炫TerryLin 可以和大黄解绑了！知音强烈要求,1
2025/4/2 14:28,这明显是黄霄云一方做的不对,1
2025/4/2 14:29,哇！求吃瓜视频,0
2025/4/2 14:29,我大概懂了TT,0
2025/4/2 14:29,那是节目改编，并且改标注都标注了，现在黄的问题是，她全平台发布了，还套用了华另一首歌的和声,1
2025/4/2 14:29,明明昨天给她台阶了，她不下还跟你掰扯，驴唇不对马嘴，永远叫不醒装睡的人，支持华晨宇维权。,1
2025/4/2 14:29,拼好歌,0
2025/4/2 14:29,以后歌手们小心这个擦边姐吧，,1
2025/4/2 14:29,不知道为什么博主说是中立但是句句站hxy[尬笑],1
2025/4/2 14:29,守护,0
2025/4/2 14:29,支持维权！,0
2025/4/2 14:29,吃瓜吃到自家门口了 哥哥的歌可不是随便就能拿来用的哦~,0
2025/4/2 14:29,@黄霄雲 @黄霄雲的雲上面包坊 多一些纯粹原创，少一些模糊“借鉴”。尊重音乐创作者的作品创意是原创音乐人的基本职业道德素养，每一份饱含心血的成果都应该被认可和保护。,0
2025/4/2 14:29,多一些纯粹原创，少一些模糊“借鉴”。尊重音乐创作者的作品创意是原创音乐人的基本职业道德素养，每一份饱含心血的成果都应该被认可和保护。,0
2025/4/2 14:29,[赞],0
2025/4/2 14:29,偷我白月光当你们彩蛋？,1
2025/4/2 14:29,各行各业都应该保护原创作品，这样才能拥有更好的创新氛围,0
2025/4/2 14:29,正解,0
2025/4/2 14:29,急了就开始造谣，真有一手呀,1
2025/4/2 14:29,吟唱是华晨宇在歌手《孩子》一曲里自创的，能不能出来说清楚,1
2025/4/2 14:29,你真的别搞笑了,1
2025/4/2 14:30,@零点海,0
2025/4/2 14:30,出来回应[抠鼻],1
2025/4/2 14:30,[泪奔][泪奔],0
2025/4/2 14:30,支持,0
2025/4/2 14:30,尊重音乐创作者的作品创意是原创音乐人的基本职业道德素养。多一些纯粹原创，少一些模糊“借鉴”。拒绝擦边 保护原创心血！,0
2025/4/2 14:30,太厉害了[赞],0
2025/4/2 14:30,啥也不懂乱Ｂｂ,1
2025/4/2 14:30,烟火里的尘埃，也是别人创作的，！原创另有其人,0
2025/4/2 14:30,不只是这个，她还挪用华晨宇版的编曲,1
2025/4/2 14:30,这不仅是没授权的问题，她直接把华晨宇B歌的创意copy过来署名自己,1
2025/4/2 14:30,手机喇叭坏了，你赔200[暗中观察][暗中观察][暗中观察][暗中观察][暗中观察][暗中观察],1
2025/4/2 14:30,死嘴硬 可以啊[捂脸],1
2025/4/2 14:30,少在这丟人,1
2025/4/2 14:30,支持维权,0
2025/4/2 14:30,支持维权！,0
2025/4/2 14:30,他的歌他为什么不能维权你在质疑什么呢,1
2025/4/2 14:30,你个不分是非的,1
2025/4/2 14:30,这到底是什么情况啊,0
2025/4/2 14:30,啥情况啊这是,0
2025/4/2 14:30,从来没有一首授权通用歌手其他歌曲的道理，别嘴硬了快点道歉！！@黄霄雲 @黄霄雲的雲上面包坊,1
2025/4/2 14:30,支持华晨宇维权！,0
2025/4/2 14:30,是的，结果她粉丝还一副我买了你A歌版权然后裁你B歌的片段融进去那是给你面子，虽然我也不标旋律出处还要模糊视线误导听众说是我自己写的，但我在心里致敬了，你们应该感激流涕才对的样子，官方工作室转移视线发了个A歌版权公告下面精选骂我们的评论，一维权就说网暴她们，难道粉丝少就有理吗,1
2025/4/2 14:30,"是的,不仅没授权,还写的是自己原创并且粉丝以此吹嘘宣扬,还要拉踩原唱[好运连连]",1
2025/4/2 14:30,yesyes就是这样，更通俗点，舍友借我的护肤品，把小样给顺走了，小组作业，隔壁组借我们的参考，看到备案，写上自己的名字交上去了,1
2025/4/2 14:30,拒绝并严厉抵制版权擦边行为,0
2025/4/2 14:30,魔猩说的黑手还能是谁？大概率醇丝咯，毕竟糊坛恶霸，又能操控黄牛搞一元盲盒又能偷走笑晕姐的路人缘，只有你想不到没有魔猩们做不到的,1
2025/4/2 14:30,@黄霄雲 @黄霄雲的雲上面包坊 道歉，下架。#华晨宇方称拒绝音乐版权擦边行为# #华晨宇 黄霄云#,1
2025/4/2 14:30,不是，我记得她是最初火姐啊，为啥会酱紫,0
2025/4/2 14:30,支持华晨宇维权,0
2025/4/2 14:31,旋律不一样呀，难道大家写的歌里歌词里有相同的字就叫侵权吗，那所有歌都侵权了,0
2025/4/2 14:31,虽然我听不懂，但这个事黄错,1
2025/4/2 14:31,你的理解能力这么有限吗，华晨宇改编双截棍唱的当然还是双截棍。黄的做法相当于买的双截棍的版权，但是在双截棍里唱了霍元甲的部分，懂了嘛？说话！,1
2025/4/2 14:31,守护,0
2025/4/2 14:31,是的，乐坛小偷,1
2025/4/2 14:31,额,0
2025/4/2 14:31,还是很需要好好维护自己利益的,0
2025/4/2 14:31,现在那些工作室给网络歌手做歌全都是直接套的，一些不愿意的网络歌手指出抄袭还会被阴阳怪气，所以市场就这样，快餐歌时代，火（活）一天是一天,1
2025/4/2 14:31,著名音乐人三石一生说的，哦他还帮黄遍过曲呢,0
2025/4/2 14:31,#律师谈华晨宇黄霄云版权纠纷# 涨知识了,0
2025/4/2 14:31,好听点叫借鉴，实话说就是偷，拼音tou,1
2025/4/2 14:31,音乐的边界在于创新，尊重每一份灵感的火花。期待更多纯粹的原创，让音乐世界更加丰富多彩。,0
2025/4/2 14:31,#华晨宇告黑案一审民事判决# 遵纪守法是每一个公民的基本要求，我们希望大家在各个领域里都能严守本心。同时，支持@华晨宇yu 先生用法律武器维护自己的各项权益。,0
2025/4/2 14:31,标榜自己是创作歌手  搞这种擦边球   粉丝和偶像都很光荣,1
2025/4/2 14:31,是，然后他们还倒打一耙,1
2025/4/2 14:31,不会在创作吗？一直拿之前的歌来翻唱，翻唱都翻不明白,1
2025/4/2 14:31,原来你知道你主子是借鉴歌手啊[可怜],1
2025/4/2 14:31,我原本也是这么以为的呢,0
2025/4/2 14:31,回复@铭大大33:有姐妹已经给我说明白了，不过看的出来她那个搬运部分将将不能构成抄袭，你们维权怕是很困难,0
2025/4/2 14:32,抵制一切擦边行为，尊重原创，支持华晨宇维权,0
2025/4/2 14:32,道歉下架,0
2025/4/2 14:32,支持华晨宇方维权，希望各位增长版权意识，还艺术创作一个明清月朗的环境,0
2025/4/2 14:32,守护[大笑],0
2025/4/2 14:32,不仅没授权，她还在和声编写里只写了自己，那不就是误导路人都是她原创的吗？然后她家以此大肆营销亮点，你说要不要脸。,1
2025/4/2 14:32,真的很給面子了，請黃女士別執迷不悟,1
2025/4/2 14:32,是的没错特别简单一事，一开始标注清楚就行了，但对方死鸭子嘴硬就是不承认,1
2025/4/2 14:32,支持华晨宇方合理维权！维权无错，拒绝音乐剽窃合理化！归还音乐界良风,0
2025/4/2 14:32,不仅仅是没有授权 黄霄雲甚至将b段署名为自己的名字,1
2025/4/2 14:32,后援会发声明算是给对方体面了，谁知还说我们官方授权的后援会是三无方真是笑了，现在工作室站出来了开心了吧,1
2025/4/2 14:32,尊重原创，支持华晨宇先生维权！,0
2025/4/2 14:32,支持华晨宇维权#华晨宇告黑案一审民事判决#,0
2025/4/2 14:32,下架吧,1
2025/4/2 14:32, #华晨宇告黑案一审民事判决# 支持华晨宇先生维权！不传谣不造谣！,0
2025/4/2 14:32,说实话，这都没计较她只买了曲的demo，出的怎么和人家的成曲版本一样。毕竟听过原作者的成品歌和曲demo的区别还是挺大的，建议她晒购买的曲demo自证清白呀,1
2025/4/2 14:32,多一些纯粹原创，少一些模糊“借鉴”。拒绝音乐擦边行为！音乐是底线，侵权0容忍！,0
2025/4/2 14:32,图片评论,0
2025/4/2 14:32,不问自取就是偷,0
2025/4/2 14:32,支持原创!支持华晨宇维权,0
2025/4/2 14:32,小偷是这样的,1
2025/4/2 14:32,？你在说什么？你自己看了全事件了吗？,1
2025/4/2 14:32,支持维权，原创不易，拒绝音乐版权擦边行为！,0
2025/4/2 14:32,支持华晨宇维权,0
2025/4/2 14:33,好装,1
2025/4/2 14:33,#华晨宇方称拒绝音乐版权擦边行为# #华晨宇黄霄云方未能达成共识# 尊重音乐版权是每个歌手最基本的职业素养！！！！！！,0
2025/4/2 14:33,你快去听听歌在来这说话吧，,1
2025/4/2 14:33,这情况有点不太清楚了啊,0
2025/4/2 14:33,本来昨天后援会发出来的就已经在给台阶下了，她们真的还给脸不要脸，直接踩着脸在说话，我看这些人都是她的黑粉吧,1
2025/4/2 14:33,？那个是有版权的哦，黄女士虽然买了《烟火里的尘埃》，但是没有《孩子》的版权啊,0
2025/4/2 14:33,给路人科普，类似于玖月晞，而且是惯犯，华语乐坛百家避雷[捂脸],1
2025/4/2 14:33,双截棍是买了翻唱改编权的，自然可以和原来一样啊！可是黄女士是买了歌曲A把歌曲B也加上去了，或许这样你能懂，相当于她买了《本草纲目》的翻唱权，没有经过杰伦授权把《以父之名》加了进去说是她原创,0
2025/4/2 14:33,不得不说你小子太有才了,0
2025/4/2 14:33,还发表 署名自己编的吟唱……,1
2025/4/2 14:33,@黄霄雲 @黄霄雲的雲上面包坊 道歉！下架！,1
2025/4/2 14:33,姐姐，那些不友善言论，我直接反手一个聚宝。给它送去答题,1
2025/4/2 14:33,就纯坏，还把人当傻子,1
2025/4/2 14:33,守护[爱心][爱心][爱心],0
2025/4/2 14:33,@,0
2025/4/2 14:33,#华晨宇方称拒绝音乐版权擦边行为#,0
2025/4/2 14:33,要不说你主子是借鉴歌手呢[惊喜],1
2025/4/2 14:33,啊，还没开口推的么，我记得和那个唱魔鬼鱼的形成了鲜明的对比,1
2025/4/2 14:33,华晨宇版本双截棍网易云标了作曲就是周杰伦。黄霄雲翻唱和声编写写了自己创作，实际结尾旋律偷的另一首歌的旋律不标注，误导大家以为是原创。,1
2025/4/2 14:33,#华晨宇告黑案一审民事判决#,0
2025/4/2 14:33,upup顶这条,0
2025/4/2 14:33,西楼原版，华晨宇授权改编翻唱，可以说这首歌原唱就是华晨宇。不拒绝任何翻唱，但是不应该盗取另一首没有授权的歌曲来加入你已授权的歌里，还是翻唱。法律薄弱可以不用上网，真的很降智,1
2025/4/2 14:33,很难理解吗？,0
2025/4/2 14:33,同意你的看法，花花真的很体面，昨天只让歌迷会发贴，今天发博也不带她大名，,0
2025/4/2 14:33,是的鸟买的A歌还是词曲分开买的并不是全部版权,0
2025/4/2 14:33,应节目要求改变翻唱，没有放自己专辑当新歌发行，性质不一样，不要混为一谈,0
2025/4/2 14:33,黄霄雲打算翻唱成最强女版烟火里的尘埃，可惜成了最强女版李袁杰,1
2025/4/2 14:33,专业人的发声！,0
2025/4/2 14:33,支持维权！坚决维护华晨宇先生应有权益！,0
2025/4/2 14:33,请尊重版权尊重原创！@黄霄雲,0
2025/4/2 14:33,#华晨宇黄霄雲双方未能达成有效共识#  尊重原创！坚决维护华晨宇先生应有权益！公众人物应当提升个人素养，注重创作者版权意识。华晨宇方【从未】授权《孩子》相关版权，请黄小姐@黄霄雲 及工作室@黄霄雲的雲上面包坊 明确你方无《孩子》ending挪用/抄袭/改编的许可，请正面回应相关问题，我们需要公开...全文,0
2025/4/2 14:34,支持维权！,0
2025/4/2 14:34,支持华晨宇先生维权！,0
2025/4/2 14:34,"？这首歌本来就是华晨宇的啊，西楼写的demo, 华晨宇收购之后又去找林夕填写的词，并且完善的demo，之后才有的这首歌。你这话说的…面包吃多了糊住大脑了吧",1
2025/4/2 14:34,感谢央妈让我们听到了由黄霄雲翻唱的带着华晨宇改编的《孩子》里的和声版的《烟火里的尘埃》,0
2025/4/2 14:34,是的哇……,0
2025/4/2 14:34,有点过分了,1
2025/4/2 14:34,不要脸不要脸[尬笑][尬笑][尬笑][尬笑],1
2025/4/2 14:34,哇噻哇噻是疯了吗,1
2025/4/2 14:34,尊重原创，支持原创，拒绝版权擦边行为！,0
2025/4/2 14:34,这么偷？？？,1
2025/4/2 14:34,@黄霄雲 @黄霄雲的雲上面包坊 你！就！是！侵！权！了！华语乐坛的老鼠！！！,1
2025/4/2 14:34,说话！,1
2025/4/2 14:34,天天开心吖,0
2025/4/2 14:34,#华晨宇方称拒绝音乐版权擦边行为# 支持华晨宇先生维权！！！,0
2025/4/2 14:34,蠢,1
2025/4/2 14:34,华语乐坛出了个这样的黄????，真的是，哎……,1
2025/4/2 14:34,没网吗你是，华晨宇工作室已经出声明了[黑脸],1
2025/4/2 14:34,歌曲版权属于原作者，新改编属于创作者自己,0
2025/4/2 14:34,这么一对比很明显了[捂脸][捂脸][捂脸][捂脸],0
2025/4/2 14:34,版权是创意的生命线，尊重才能让音乐生态更健康。华晨宇的音乐才华有目共睹，希望每位艺术家都能被公正对待。,0
2025/4/2 14:34,你的微博好棒,0
2025/4/2 14:34,包是小偷的@黄霄雲 @黄霄雲的雲上面包坊,1
2025/4/2 14:34,黄什么时候道歉,1
2025/4/2 14:34,华晨宇的即兴演唱总是很抢眼,0
2025/4/2 14:35,拒绝音乐擦边行为#华晨宇方称拒绝音乐版权擦边行为#,0
2025/4/2 14:35,#华晨宇方称拒绝音乐版权擦边行为# 请多一些纯粹原创，少一些模糊“借鉴”，保护创作者的心血，保持对行业的热爱。,0
2025/4/2 14:35,他们说黄投了原创榜单类似这个意思,0
2025/4/2 14:35,支持华晨宇方维权，增长版权意识，还艺术创作一个明清月朗的环境,0
2025/4/2 14:35,心疼那些被抄袭的人希望音乐作品能够多一些纯粹原创，少一些模糊“借鉴”。尊重音乐创作者的作品创意是原创音乐人的基本职业道德素养，每一份饱含心血的成果都应该被认可和保护。,0
2025/4/2 14:35,原唱华晨宇和歌迷在历年演唱会经常唱这段吟唱，那这也算&quot;故意模仿原唱者表演特征&quot;吧,0
2025/4/2 14:35,火星人站队，版权意识要在线！期待华晨宇更多原创震撼~,0
2025/4/2 14:35,你说我们我是法律，那你们抄袭的时候怎么不说呢？[愉快]当小偷还有脸了？,1
2025/4/2 14:35,拒绝一切音乐版权擦边行为,0
2025/4/2 14:35,你有脑子吗,1
2025/4/2 14:35,而且其实对面买的只是demo和词的版权，我方只授权了《烟火里的尘埃》翻唱，但是无论是编曲还是尾奏的旋律+创作都非常耐人寻味哈，后续的拉踩和覆盖性宣发也是司马昭之心了,1
2025/4/2 14:35,一直觉得饭圈脑子??都不正常，看来我错了，只有饭圈女脑子不正常,1
2025/4/2 14:35,啥批搁这儿凭词鉴抄你要说抄袭可以啊 有理有据的OK吗？拿个截图搁这儿叫唤上了，说抄袭或者是原曲的，那直接把谱扒出来一看就知道了啊不会吧不会一个歌手的粉丝连会扒谱的都没有吧,1
2025/4/2 14:35,内容不错,0
2025/4/2 14:35,支持华晨宇维权！,0
2025/4/2 14:35,希望所有热爱音乐的人共同发声、共同维护所有原创音乐人的原创作品和原创音乐设计成果！！  只有大家共同抵制恶意剽窃抄袭、重视并抵制音乐版权擦边行为，弘扬正能量，才能维护和推进华语乐坛的良性健康发展！！  今天@黄霄雲 能够公然明着抢劫华晨宇先生的独创音乐设计成果，明天呢？！它也能寡廉鲜耻...全文,1
2025/4/2 14:35,连吃带拿。吃相难看,1
2025/4/2 14:35,早期为了热度当过好多人的粉丝,0
2025/4/2 14:35,upup,0
2025/4/2 14:35,只想说尊重原创[玫瑰],0
2025/4/2 14:35,B歌片段拿来说是自己原创，然后粉丝还用这段吹自己姐姐踩华晨宇，我们合理维权都没人身gj,1
2025/4/2 14:35,一模一样好吧 [宕机][宕机],0
2025/4/2 14:35,支持华晨宇,0
2025/4/2 14:35,翻唱唱的一模一样没点问题，黄霄雲是翻唱一首了，抄了另外一首歌进去了,1
2025/4/2 14:35,朵莉亚，是你吗,0
2025/4/2 14:35,她的粉丝还在死犟呢，说不敢提她姐姐的名字，呵呵，不给她姐姐留最后一点体面,1
2025/4/2 14:36,就是买了苹果只付了苹果的钱，偷偷拿走一个桃子，想要桃子的钱，但是她说付了就是买一抢一,1
2025/4/2 14:36,支持华晨宇维权,0
2025/4/2 14:36,人家华晨宇工作室说的很清楚了[捂脸],0
2025/4/2 14:36,拒绝音乐抄袭擦边球，希望每一位原创音乐人的知识产权得到保护,0
2025/4/2 14:36,支持华晨宇,0
2025/4/2 14:36,说的是人话吗，还是自己人,1
2025/4/2 14:36,请黄霄云粉丝举例之前长点脑子，改编完的版权在华那里  所以为何不能用改编的旋律   请问孩子改编在黄霄云那里吗？你们为啥就能用？,1
2025/4/2 14:36,再怎么着把别人创作的段落说成自己写的也是不对的,0
2025/4/2 14:36,哈哈哈哈哈哈哈哈哈哈哈哈哈哈哈哈哈哈笑到了,0
2025/4/2 14:36,不仅没授权，还说是她写的,1
2025/4/2 14:36,@LiveMusic现场,0
2025/4/2 14:36,不仅没授权，她还在和声编写里只写了自己，那不就是误导路人都是她原创的吗？然后她家以此大肆营销亮点，就连她家粉丝都以为是她原创，这是明目张胆的偷。,1
2025/4/2 14:36,她们说偷的15年改编版,1
2025/4/2 14:36,支持华晨宇维权[贊]#华晨宇告黑案一审民事判决#,0
2025/4/2 14:36,不是很像 是一模一样,0
2025/4/2 14:36,要真给个国企大公章，又不乐意了,0
2025/4/2 14:36,直接抄了三句半，4句侵权，标注原创，恶心人,1
2025/4/2 14:36,这周末在西安，五一佛山乐园场，我可太幸福啦,0
2025/4/2 14:36,@黄霄雲 @黄霄雲的雲上面包坊 说话！不是不怕吗？,1
2025/4/2 14:36,关键黄还能专门将偷来的那段出彩的和声标注为是她自己编写的，脸真够大的,1
2025/4/2 14:36,道歉！,0
2025/4/2 14:36,路过一个水果摊，和摊主买了一个西瓜，看见边上的桃子不错，顺手把桃子也放进袋子里，摊主问她为什么不付桃子钱，她说我已经买了西瓜了啊[微笑R],1
2025/4/2 14:36,支持央音查一查音乐裁缝的论文,0
2025/4/2 14:36,支持华晨宇维权@华晨宇yu 请尊重原创音乐人的著作权，拒绝擦边行为#华晨宇方称拒绝音乐版权擦边行为# #黄霄云剽窃华晨宇吟唱旋律#,0
2025/4/2 14:37,请你不要到处偷偷~@黄霄雲,1
2025/4/2 14:37,支持原唱,0
2025/4/2 14:37,是串子还是魔怔了？[憨笑],1
2025/4/2 14:37,避重就轻不是解决问题的方式，同时拒绝音乐版权擦边行为。,0
2025/4/2 14:37,大裁女你好啊??,1
2025/4/2 14:37,建议所有歌手不要授权给她翻唱，这人不老实，手段小动作都多,1
2025/4/2 14:37,保护华晨宇先生音乐版权！！尊重原创支持维权！,0
2025/4/2 14:37,你們這些人是閱讀理解有問題嗎??,1
2025/4/2 14:37,支持华晨宇先生维权#华晨宇告黑案一审民事判决#,0
2025/4/2 14:37,你在乱讲什么？你要不要看下华晨宇的原创，看看华晨宇的作曲，还和声强化，笑死,1
2025/4/2 14:37,体量这么大的歌手维权尚且如此艰难，难以想象还有多少类似所谓的“行业惯例”，@黄霄雲 无耻至极,1
2025/4/2 14:37,黄霄雲工作室也是没有诚信可言了,1
2025/4/2 14:37,hxy放弃无端狡辩，速速声明道歉！,1
2025/4/2 14:37,这两位都是比较有实力也有人支持的歌手，谁对谁错一目了然的情况下，其实原创这边提醒了，也给了台阶，女方道歉了这个事就解决了，弄的沸沸扬扬的，我感觉我看到好几天这个事了今天才去听了这首歌才知道这么回事,0
2025/4/2 14:37,抗辩笑死了,1
2025/4/2 14:37,#华晨宇告黑案一审民事判决# #华晨宇方称拒绝音乐版权擦边行为# 支持华晨宇维权,0
2025/4/2 14:37,邓紫棋龙卷风里面加了安静的歌词也没有注明啊,0
2025/4/2 14:37,1,1
2025/4/2 14:37,@黄霄雲 @好想吃面包蛋糕芝士 道歉！,0
2025/4/2 14:37,#华晨宇告黑案一审民事判决#,0
2025/4/2 14:37,2,0
2025/4/2 14:37,这我也不清楚啊,0
2025/4/2 14:37,你是聪明鸟，就是这样的，更可气的是hxy方还避重就轻，只强调买了A歌的版权，丝毫不提B歌,1
2025/4/2 14:37,孩子，回家吧，好吗？回家吧，多上点学，不然脑袋空空惹人笑话,1
2025/4/2 14:37,回话啊，为什么不正面回应,1
2025/4/2 14:37,4,0
2025/4/2 14:37,不仅没授权，她还非要说自己是原创,1
2025/4/2 14:37,正确的中肯的一针见血的,0
2025/4/2 14:37,看完整件事感觉，黄霄雲打算翻唱成最强女版烟火里的尘埃，可惜成了最强女版李袁杰,1
2025/4/2 14:37,尊重原创[玫瑰],0
2025/4/2 14:37,@LiveMusic现场,0
2025/4/2 14:37,3,0
2025/4/2 14:37,现在的歌手刚出道才多久，又有几首是自己创作的歌？稍微有点名气然后会唱几首别人的歌就跑出来开演唱会圈钱？这还是所谓的歌手吗？不行就滚回去沉淀几年再出来好吗？在这偷别人的创作，还死不承认真的这种人退圈吧！,1
2025/4/2 14:37,支持维权!,0
2025/4/2 14:37,网络不是法外之地，支持华晨宇维权！！！,0
2025/4/2 14:37,吃瓜也要有品味，咱们理性讨论，别让负面情绪影响了音乐的美好~,0
2025/4/2 14:37,黄霄云太嚣张了,1
2025/4/2 14:38,支持,0
2025/4/2 14:38,支持是华晨宇维权！,0
2025/4/2 14:38,是的，不问自取则为偷，扒谱一样，黄裁缝—黄霄云未拿到授权，不署名，之前全网营销这一段亮点，还说是自己写的，原创，脸要吞天啊 ,1
2025/4/2 14:38,但是黄是得到原始的曲和词的授权，结果去出了一版跟华晨宇的《烟火里的尘埃》差不多的一般歌，还把华晨宇后续的改编原创的内容加了进去。不仅抄作业而且东拼西凑是抄了一个高分作业。,1
2025/4/2 14:38,咋好意思当歌手粉的，这么蠢,1
2025/4/2 14:38,出来说话啊,1
2025/4/2 14:38,支持华晨宇维权！！！,0
2025/4/2 14:38,@黄霄雲 @黄霄雲的雲上面包坊 道歉！,1
2025/4/2 14:38,她还说是张杰林俊杰粉丝，还有谁，她是很多人的粉丝，咱也不知道为啥,0
2025/4/2 14:38,你好蠢,1
2025/4/2 14:38,支持原创维权#华晨宇黄霄云#,0
2025/4/2 14:38,黄翻唱的歌我一直感觉听着怪怪的，室友还一直喜欢听，平常听的还都是那种网红歌，唉,1
2025/4/2 14:38,#华晨宇方称拒绝音乐版权擦边行为#,0
2025/4/2 14:38,@黄霄雲的雲上面包坊 @黄霄雲 出来道歉，下架，嘴硬是没有好果子吃的,1
2025/4/2 14:38,想问下有争议的那段吟唱是属于和声还是主旋律 有没有懂的来解释一下[哪吒嘟嘴],0
2025/4/2 14:38,昨天就发了@华晨宇全球歌迷会官博 网上找不理，私下找也没理 还营销号网暴我们,1
2025/4/2 14:38,就问一句话，那段是黄霄云写的吗？告诉我那段旋律是谁写的？旋律的主人允许某人使用了吗,1
2025/4/2 14:38,路人来吃瓜,0
2025/4/2 14:38,@LiveMusic现场,0
2025/4/2 14:38,支持华晨宇维权，拒绝音乐擦边,0
2025/4/2 14:38,吃吃太空这些人，人家抄袭关你什么事。,1
2025/4/2 14:38,明白人,0
2025/4/2 14:38,边界模糊，难以界定也不是她可以这样做的理由,0
2025/4/2 14:38,尊重原创，避免音乐版权擦边；二创文化应谨慎，创作需规范有序。,0
2025/4/2 14:38,支持华晨宇先生维权！,0
2025/4/2 14:38,对！,0
2025/4/2 14:38,已经开始无能狂怒了吗,1
2025/4/2 14:38,支持原创，支持正版，抵制一切擦边式剽窃行为！！#华晨宇方称拒绝音乐版权擦边行为# #律师谈华晨宇黄霄云版权纠纷#,0
2025/4/2 14:38,支持华晨宇先生维权！！！！,0
2025/4/2 14:38,这首歌抖音火好多次了，黄霄雲才来翻唱，而且还当了裁缝[流泪],1
2025/4/2 14:38,找茬开始必死无疑了还叫,1
2025/4/2 14:38,是的，只标自己名字吹才女，原唱歌迷维权，从粉丝到工作室全避重就轻，问就是买了烟火版权，绝口不提另一首歌的事情，还要把维权的原唱粉打成网爆，本来已经想给脸让歌迷会出面了，对方不依不饶说不是官方，这不求锤得锤了,1
2025/4/2 14:38,还能怎么狡辩，偷的就是偷的，把别人的原创旋律写上自己的名字真是不要脸,1
2025/4/2 14:39,#华晨宇黄霄雲双方未能达成有效共识#  保护原创 拒绝擦边侵权行为,0
2025/4/2 14:39,#华晨宇告黑案一审民事判决# //@酒渡重逢:支持维权，造谣的等着，下一个就是你,1
2025/4/2 14:39,回复@我可漂亮了:她获取了A歌曲的演唱权，却加用了B歌曲的部分才擦边侵权。并不在于A歌曲还是模仿唱腔等情况侵权,0
2025/4/2 14:39,#律师谈华晨宇黄霄云版权纠纷# 支持原创！,0
2025/4/2 14:39,邓紫棋翻唱 龙卷风 里面加了 安静 的歌词也没有注明是两首歌,1
2025/4/2 14:39,你没明白，我没说用孩子那个，单纯说这个微博，就是文字游戏了，单纯说是她的新歌没什么问题，在她音乐平台发布的属于他的歌，至少是买了版权的了，所以没问题，至于说拿孩子那个，那个没的说,0
2025/4/2 14:39,是这个意思,0
2025/4/2 14:39,我也是，我微博都退了很久了被小偷气出来了,0
2025/4/2 14:39,支持严查,0
2025/4/2 14:39,西楼的本来就没这段啊，你用了华的标注自己原创还有理了？,1
2025/4/2 14:39,粉上一个小偷也是无敌了[调皮][赞],1
2025/4/2 14:39,照你说的话，hxy要么道歉 要么买版权 要么歌曲下架不就行了，也没必要对她进行人身攻击吧,0
2025/4/2 14:39,这首歌到底是谁的歌？是谁的就是谁的，其他人就是抄袭,1
2025/4/2 14:39,人家还直接署名是她原创你说离谱不离谱？,0
2025/4/2 14:39,省流：黄霄云钻空子,1
2025/4/2 14:39,证据都砸脸上了还撑着[愉快][赞],1
2025/4/2 14:39,尊重音乐创作者的作品创意是原创音乐人的基本职业道德素养，每一份饱含心血的成果都应该被认可和保护，支持华晨宇维权??,0
2025/4/2 14:39,其实不是她改编了华晨宇的歌，是把华晨宇后期改编的版本标了自己的名字，不明所以的路人会以为是她改的，所以是她偷了华晨宇改编的版本写自己改的#黄霄云 偷歌#,1
2025/4/2 14:39,华语乐坛有自己的拼好歌[调皮][比心],0
2025/4/2 14:39,你看清楚了吗就知道说，你这是《烟火里的尘埃》的版权，抄袭的是《孩子》的尾奏，你知道什么就知道评论了,1
2025/4/2 14:39,支持华晨宇先生维权,0
2025/4/2 14:39,请回答[九转大肠][九转大肠] 逗,0
2025/4/2 14:39,她获取了A歌曲的演唱权，却加用了B歌曲的部分才擦边侵权。并不在于A歌曲还是模仿唱腔等情况侵权,0
2025/4/2 14:39,就是这样,0
2025/4/2 14:39,支持华晨宇方维护音乐版权！,0
2025/4/2 14:39,感觉黄霄云的团队把她打造的跟网红似的，之前唱歌挺有实力的，然后造型全是那种网红造型，一点也不vocal，看她自己也挺满意，走这种流量路线,1
2025/4/2 14:39,支持花花维权,0
2025/4/2 14:39,支持维权，尊重原创，偷了还不道歉，以后那个音乐人敢卖她版权，一不小心又要被偷咯,1
2025/4/2 14:39,@LiveMusic现场,0
2025/4/2 14:40,你可以直接说，想看看黄霄云是怎样狡辩的,1
2025/4/2 14:40,up,0
2025/4/2 14:40,黄霄雲一方0个人敢说话了现在笑死,1
2025/4/2 14:40,#华晨宇黄霄云# #华晨宇黄霄云方未能达成共识# hxy不要再偷了好吗。。。。没有情商怎么脸也不要了。。,1
2025/4/2 14:40,以前还好感她帮他说话来着，结果只是逢场作戏罢了,1
2025/4/2 14:40,支持原创,0
2025/4/2 14:40,他家粉丝还在深刻贯彻嘴硬的无赖精神… 昨天蓝v后援会发声明被质疑没资格代表华晨宇方，今天工作室发声他们就换个话术说“没有盖章”、“不敢指名道姓”。真不知道该怎么讲理了…,1
2025/4/2 14:40,支持华晨宇先生维权！！,0
2025/4/2 14:40,支持华晨宇先生维权！,0
2025/4/2 14:40,这孩子脑子有点不太好使[泪奔],1
2025/4/2 14:40,我将保存这份图直到黄某糊透，用较为专业的词汇狡辩抄袭的事实，粉饰为，谁按照这首歌续写和声都会写出一模一样的和声，谁懂我看到这句话的无助，你兄弟姐妹同父同母同宗，都不可能是一模一样的更何况是一个精密的大脑,1
2025/4/2 14:40,这是官方微博哦，黄霄云出来说话啊，为什么不正面回答,1
2025/4/2 14:40,版权面包已经买了，和声部分是面包自己唱的也是她的声音，所以写她的名字没问题，后面吟唱部分选取孩子，此歌版权也是西楼，百度百科可查。什么，你说参与了编曲，而且还是原创？不好意思，法律上版权只归作词和作曲，编曲和原创没得版权。同时华晨宇授权翻唱，谢谢，有问题找他，官方已回应，勿纠缠,1
2025/4/2 14:40,华晨宇的版本这首歌华晨宇买了的，黄买的是西楼的原版，但是唱了华晨宇的版本的东西，知道了吧,0
2025/4/2 14:40,要争，因为这就是华晨宇自己的原创旋律，原创完整的乐段，不能因为版权界限模糊就任人夺取照搬。如果华这个头部歌手面对黄霄雲这样明目张胆的整段直接copy维权尚且艰难，那么其它默默无闻的创作者呢？好的创作土壤需要大家一起努力,0
2025/4/2 14:40,支持维权#华晨宇方称拒绝音乐版权擦边行为#,0
2025/4/2 14:40,笑死我了,0
2025/4/2 14:40,拒绝音乐擦边行为！,0
2025/4/2 14:40,攻击力认可[舔屏],1
2025/4/2 14:40,气死了，我评论图片发了工作室发的，然后对方粉丝回我这个,1
2025/4/2 14:40,真亲自下场你们又不高兴了,0
2025/4/2 14:40,路人请看这里就能懂了,0
2025/4/2 14:40,那你去问歌手节目组吧,0
2025/4/2 14:40,就是没和人家协商,1
2025/4/2 14:40,这级别的歌手都这么难维权么？,0
2025/4/2 14:40,这个意思 评论配图,0
2025/4/2 14:40,就这样吧，以后别来找我们那授权了哦，业内人士给你们家授权也得掂量掂量一下了啊，挺好。,1
2025/4/2 14:40,支持维权！侵权可耻！,0
2025/4/2 14:41,道歉,0
2025/4/2 14:41,黄霄云的粉丝真的是一个个头尖尖的呢，左脑反驳右脑,1
2025/4/2 14:41,不发声明hxy的粉丝就会一直叫哇,1
2025/4/2 14:41,有一说一，被“借鉴”的那段音乐甚至已经不仅是和声了，用在歌里面已经构成一段旋律吟唱，原创性更强,0
2025/4/2 14:41,当年歌手奇袭毛不易也是，捡软的捏，被骂好久，做事一点原则没有，可能是情商智商双低，总爱翻唱别人还挺火的代表作，来展示她“你看我多么牛逼”的唱功，结果live贼不稳定，去年上歌手就能看出来，编曲能力和表达能力，就是一坨大的，唱功嘛，一会儿一会儿的,1
2025/4/2 14:41,有本事你们华晨宇的粉丝来攻击我的抖音主页,1
2025/4/2 14:41,支持华晨宇方维护合法权益,0
2025/4/2 14:41,很简单，黄霄云（简称黄）她公司拿到的是歌曲（烟火里的尘埃）的使用权，并可以在歌曲基础上做新的改编，并不是用华晨宇（简称花）之前我是歌手2018年歌曲孩子的一段吟唱，说白了就是黄的公司并没有歌曲孩子live版的使用权，所以，被花公司告侵权，合情合理。,0
2025/4/2 14:41,是呀,0
2025/4/2 14:41,随时欢迎你们,0
2025/4/2 14:41,歌迷会的声明算声明吗,0
2025/4/2 14:41,你也挺不容易，很给黄霄云留面子了,0
2025/4/2 14:41,没错投机取巧,1
2025/4/2 14:41,对啊 这么简单的事情一直避重就轻说些别的,1
2025/4/2 14:41,碧莲,1
2025/4/2 14:41,断网了就把脑子拿出来，好好去刷新一下官方声明[冷漠],1
2025/4/2 14:41,孩子，回家吧去多读点书好吗不然你脑袋空空惹人招笑,1
2025/4/2 14:41,我们华语乐坛有自己的玖月晞[赞],0
2025/4/2 14:41,别把被侵权合法维权歪曲成双方开撕，明明是一方想沟通，另一方满地打滚耍赖。,1
2025/4/2 14:41,授权书才是王道，其他都是浮云~期待华晨宇的新作品！,0
2025/4/2 14:41,额 你有作品吗,1
2025/4/2 14:41,官方出来了你们又不敢回，黄霄云出来说话啊,1
2025/4/2 14:41,你不也是抄的别人的文案吗？,1
2025/4/2 14:41,不问自取则为偷，扒谱一样，黄裁缝—黄霄云未拿到授权，不署名，偷窃，之前全网营销这一段亮点，还说是自己写的，原创，脸要吞天啊,1
2025/4/2 14:41,支持华晨宇依法维权！,0
2025/4/2 14:41,别拿你这张破图来说话了[捂脸]，抄袭就是抄袭，你这破图能说明什么？,1
2025/4/2 14:42,懂了,0
2025/4/2 14:42,支持华晨宇维权,0
2025/4/2 14:42,你懂乐理吗，你懂法吗？大哥,1
2025/4/2 14:42,就是这意思，你说气不气,0
2025/4/2 14:42,无助吗？厌蠢吗？姐妹，不同的脑子连命题一样的作文都不可能写出一模一样的，她跟我说歌的续写可以写出一模一样的,1
2025/4/2 14:42,高音还是华晨宇猛啊,0
2025/4/2 14:42,唱得真好！实力王者,0
2025/4/2 14:42,维权！！！,1
2025/4/2 14:42,大渣男的歌有什么好唱的，跟抽筋‘是的,1
2025/4/2 14:42,支持维权！！身为音乐创作人应该以身作则，禁止小偷行为！#华晨宇对接斥侵权行为# #华晨宇方称拒绝音乐版权擦边行为# #华晨宇 黄霄雲#,0
2025/4/2 14:42,@黄霄雲 @黄霄雲的雲上面包坊 道歉 下架l,1
2025/4/2 14:42,笑死我了 经典,0
2025/4/2 14:42,#华晨宇方称拒绝音乐版权擦边行为#,0
2025/4/2 14:42,尊重原创！,0
2025/4/2 14:42,解释[黑脸],1
2025/4/2 14:42,他们打着擦边行为，想着你又告不赢我态度，都已经留好退路,1
2025/4/2 14:42,赶紧告呀，说这么多干嘛，到现在一个有法律效应的东西也没拿出来，发个微博能证明啥？现在抄袭，侵权不是法律，而是微博鉴定了？我想问一句，吟唱那部分版权到底有没有？在不在华晨宇工作室手里？有的话赶紧维权，就跟告黑一样，没的话就别逼逼了行吗,1
2025/4/2 14:42,黄霄云何苦呢？无法理解。这种事既然他工作室已经说的这么明白了，业内人很重视这些也更明白性质的恶劣和严重性。传播度还挺高是非对错看客也心知肚明了。其实不管法律上有没有结果，黄口碑这一块不管在业内还是大众那里算是一落千丈真得黄了。不过虽然求锤得锤了，但是应该还有后续吧，总觉得还没结束。,1
2025/4/2 14:42,不懂她明明是要走主流歌手路线，也毕业于高等学府，非要学网红去翻唱另一知名选手歌曲，而且不是音综翻唱而是个人行为，这样出了事自己根本摘不干净，亲自葬送自己的职业生涯，还不道歉真的脸皮厚,1
2025/4/2 14:42,没网吗你是[强壮],1
2025/4/2 14:42,真发了你又不乐意[看],1
2025/4/2 14:42,支持华晨宇先生维权！！！#华晨宇告黑案一审民事判决#,0
2025/4/2 14:42,支持原创华晨宇,0
2025/4/2 14:42,支持维权，保护华晨宇先生版权！,0
2025/4/2 14:42,哈哈本散粉忍受不了一点小烟公主和白月光,1
2025/4/2 14:43,黄：虽然我的“编写”和衔接创意跟华和华歌迷几年前的创作一摸一样，但我就是原创,1
2025/4/2 14:43,这一招玩的好啊,1
2025/4/2 14:43,哟哟哟哟，真棒??,0
2025/4/2 14:43,她大粉说，“这段旋律基于西楼写出的旋律才存在，不管谁来给这条旋律配和声都会配出都一样的东西”,0
2025/4/2 14:43,哈哈从没有过，正面刚从没输过，这就是实力，现在说的是偷了别人的旋律还不认啊，惯犯就是惯犯！,1
2025/4/2 14:43,支持华晨宇先生维权,0
2025/4/2 14:43,他们可能真不识字,1
2025/4/2 14:43,支持华晨宇先生维权！,0
2025/4/2 14:43,而且歌手那年黄提前点赞了奇袭相关的微博 后来解释说是手滑了 在节目播出当天买了通稿 结果买早了 节目还没播完相关词条就出来了 ,0
2025/4/2 14:43,这样显得你非常蠢哎。。。,1
2025/4/2 14:43,请尊重版权！,0
2025/4/2 14:43,路人，我站华晨宇哈[黑脸][黑脸][黑脸],1
2025/4/2 14:43,#华晨宇黄霄雲双方未能达成有效共识##华晨宇方称拒绝音乐版权擦边行为#  支持华晨宇维权啊，拒绝任何擦边行为,0
2025/4/2 14:43,对于翻唱《烟火里的尘埃》获得了版权我们是没有任何意见的。后面那一段属于华晨宇的另外一首歌—《孩子》中华晨宇原创的部分，并且还标注自己写的，这已经属于toudao行为！ 原创不易，支持维权！！！,1
2025/4/2 14:43,你要不再去看看？工作室发微博可以吗？,0
2025/4/2 14:43,避重就轻不是解决问题的方式，同时拒绝音乐版权擦边行为。希望音乐作品能够多一些纯粹原创，少一些模糊“借鉴”,0
2025/4/2 14:43,不只是这样，她只买了烟火的词曲版权，但照搬华晨宇版的编曲，挪用了华晨宇改编的另一首歌的旋律和创意，整合一起作为新歌全平台发表了，用偷来的部分标榜自己原创，并拉踩华晨宇。,1
2025/4/2 14:43,也是偷的 评论配图,1
2025/4/2 14:43,#华晨宇方称拒绝音乐版权擦边行为#,0
2025/4/2 14:43,#律师谈华晨宇黄霄云版权纠纷# #律师称模仿原唱或被认定版权擦边# 碰上老赖了，单买词曲还裁缝，偷窃成性！！此人@黄霄雲 道德败坏！！,1
2025/4/2 14:43,多一些纯粹原创，少一些模糊“借鉴”。尊重音乐创作者的作品创意是原创音乐人的基本职业道德素养，每一份饱含心血的成果都应该被认可和保护。#华晨宇方称拒绝音乐版权擦边行为#,0
2025/4/2 14:43,#华晨宇方称拒绝音乐版权擦边行为# 也可以视作原创作品保护的新案例了，这是个规范创作环境的好契机,0
2025/4/2 14:43,尊重原创！坚决维护华晨宇先生应有权益！公众人物应当注重创作者版权意识。华晨宇方【从未】授权《孩子》相关版权，请黄小姐@黄霄雲 及工作室@黄霄雲的雲上面包坊  明确你方无《孩子》ending挪用/抄袭/改编的许可，请正面回应相关问题，我们需要公开道歉、购买相关使用版权、归还应有原创署名！！,1
2025/4/2 14:43,华晨宇再不发声，不作声就被人家造谣成已授权了。昨天想给她个台阶，只是让后援会发了个声明，人家说后援会没盖红章，是假的，要求工作室出面，她现在也是得偿所愿。,0
2025/4/2 14:43,#华晨宇全球歌迷会声明#华晨宇歌迷坚决维护歌手华晨宇的音乐！ 黄霄雲女士拥有的是《烟火里的尘埃》使用版权，而非《孩子》live版的使用版权，也并未向华晨宇方沟通借鉴和声改编一事。 请黄霄雲女士及其工作室正面回应最后【华晨宇原创吟唱旋律】的版权及其所属问题，请勿避重就轻打擦边球,1
2025/4/2 14:43,多一些纯粹原创，少一些模糊“借鉴”。尊重音乐创作者的作品创意是原创音乐人的基本职业道德素养，每一份饱含心血的成果都应该被认可和保护。,0
2025/4/2 14:43,黄霄云在哪里唱了这段孩子的吟唱啊 我咋找不到音源,0
2025/4/2 14:43,#华晨宇方称拒绝音乐版权擦边行为# 支持华晨宇方维权，请各位业内人士避雷！,0
2025/4/2 14:44,守护[送心][送心],0
2025/4/2 14:44,#华晨宇方称拒绝音乐版权擦边行为# @黄霄雲 道歉！,0
2025/4/2 14:44,想看黄霄雲还能怎么狡辩，再怎么狡辩也改变不了她是个女裁缝的事实话都说到这份上了，小偷还要狡辩,1
2025/4/2 14:44,谢谢[色],0
2025/4/2 14:44,哈哈哈哈哈哈,0
2025/4/2 14:44,支持公正无偏的法律精神。支持华晨宇先生维权！零纵容 零容忍 零造谣。必须保持网络清朗。,0
2025/4/2 14:44,图片评论,0
2025/4/2 14:44,#律师谈华晨宇黄霄云版权纠纷# #华晨宇方称拒绝音乐版权擦边行为# 版权擦边行为普法来了。,0
2025/4/2 14:44,我看他俩参加歌手的时候不是交情挺好的嘛怎么闹成这样,0
2025/4/2 14:44,支持华晨宇先生维权！#华晨宇方称拒绝音乐版权擦边行为#,0
2025/4/2 14:44,你还在坚持啊[捂脸][捂脸]不丢人吗,1
2025/4/2 14:44,音乐永远是底线,0
2025/4/2 14:44,我不太相信，毕竟现在随便唱别人的歌都要授权，怎么可能全网发出来翻唱没授权呢,0
2025/4/2 14:44,笑死了 认了没[笑哭],1
2025/4/2 14:44,不影响你喜欢呀 两个歌手都很强 但是错了就要立正挨打,1
2025/4/2 14:45,#华晨宇告黑案一审民事判决# 支持华晨宇先生维权,0
2025/4/2 14:45,這種人真的沒素質#华晨宇方称拒绝音乐版权擦边行为# //@妘霓焰:而且还是华方主动沟通，黄仍然拒不承认拒绝补票，黄霄云不仅没有作为音乐人的底线道德，也没有人的基本素质????可悲,1
2025/4/2 14:45,笑死我[捂脸][捂脸],0
2025/4/2 14:45,这是官方啊，黄霄云方说没官方，出来了你又不说话,1
2025/4/2 14:45,#华晨宇方称拒绝音乐版权擦边行为# 确实,0
2025/4/2 14:45,谢谢[比心]天天开心呀,0
2025/4/2 14:45,简单来说，买了一份炒饭，但自己却吃了炒饭和炒面，又不想付炒面的钱，就说没吃炒面，指面为饭吗，离谱的是，竟说自己炒的饭比老板做的还好吃，更恶劣的是，还非说这面是她自己做的，OMG??,1
2025/4/2 14:45,做人怎么可以这样？,1
2025/4/2 14:45,是这样的，说了一万遍《孩子》吟唱没授权，他家一直在扯拿了《烟火里的尘埃》版权，好像听不懂中文,1
2025/4/2 14:45,纯偷,1
2025/4/2 14:45,支持维权,0
2025/4/2 14:45,听了一下她的告白画面 有点像静悄悄,0
2025/4/2 14:45,我做梦都不敢这么开大,0
2025/4/2 14:45,她们的争辩一直是，那个不属于和声呢,0
2025/4/2 14:45,这歌还得是华晨宇 谁来都不行,0
2025/4/2 14:45,#华晨宇对接斥侵权行为# //@小华说带晋宝baby迈向新宇宙:不仅不想付钱，还说没吃炒面，指面为饭#华晨宇方称拒绝音乐版权擦边行为#,1
2025/4/2 14:45,谢谢[色],1
2025/4/2 14:45,我知道，我只是强调一下原来模仿唱腔也是侵权，那是不是说明他们向华晨宇索要的授权是唱法的授权，而他们在声明中模糊概念，说得到了授权却不明示得到的是哪些授权。,0
2025/4/2 14:45,支持华晨宇维权！,0
2025/4/2 14:45,道个歉署个名的事，非这么硬撑，可不是还有其他私心,1
2025/4/2 14:45,求锤得锤what can I say还要不要我们的大声明了？嗯？@黄霄雲的雲上面包坊 #华晨宇方称拒绝音乐版权擦边行为#,1
2025/4/2 14:45,霄偷速速前来道歉！@黄霄雲 #华晨宇方称拒绝音乐版权擦边行为#,1
2025/4/2 14:45,就会发这一张图啊大妈[憨笑]头一次见到粉丝想害正主的[憨笑],0
2025/4/2 14:45,买一偷一,1
2025/4/2 14:45,音乐是底线！！尊重音乐版权，坚决维护华晨宇权益！,0
2025/4/2 14:45,没错，还不承认,1
2025/4/2 14:45,拒绝音乐版权擦边行为,0
2025/4/2 14:46,尊重原创！支持维权！,0
2025/4/2 14:46,#律师谈华晨宇黄霄云版权纠纷# #华晨宇方称拒绝音乐版权擦边行为#  “在音乐作品中，除了词曲著作权外，通常还存在与录音制品相关的表演者权、录音制品制作者权等。即使获得了词曲著作权授权，若使用过程中涉及到对原唱录音、表演风格的再现或模仿，则可能侵害原有表演者或录音制品权利人的利益”,0
2025/4/2 14:46,支持维权,0
2025/4/2 14:46,华晨宇方牛，对这种不尊重音乐的偷者必须维权，让人人皆知黄霄云没有职业道德，给她们院校丢脸。,1
2025/4/2 14:46,喜欢明事理的宝宝，爱你哦,0
2025/4/2 14:46,还是我花又一次告诉大家“我就是我，是不一样的烟火”我一直在想这种现象到底什么时候停止，大家无所谓，可没发现吗？现在的音乐审美一直下降，也没有像以前的精致作品，还有一些默默无名的人在努力，很寒心的是，那些不出名的人也被“借鉴”了，原创不配提起，“聪明的”却赚的盆满钵满，被人所知,0
2025/4/2 14:46,啊几声也有版权？,0
2025/4/2 14:46,保护华晨宇先生音乐版权!,0
2025/4/2 14:46,哦哦,0
2025/4/2 14:46,尊重原创要不直接告吧，她们毫不悔改，话术变来变去，好过分了,1
2025/4/2 14:46,另外能发现这次还包含着以往案例的难点，这件事解决好了作用真的很大//@一十一行诗_:#华晨宇方称拒绝音乐版权擦边行为# 也可以视作原创作品保护的新案例了，这是个规范创作环境的好契机,0
2025/4/2 14:46,支持华晨宇维权,0
2025/4/2 14:46,AI歌曲版权呢？,0
2025/4/2 14:46,支持原创华晨宇,0
2025/4/2 14:46,谢谢,0
2025/4/2 14:46,喷了,1
2025/4/2 14:46,只有花花能唱好[赞][赞][赞][赞][赞][赞][赞][感谢][感谢],0
2025/4/2 14:46,支持保护原创,0
2025/4/2 14:46,你好意思网络黑子看谁上热搜就跟风骂。,1
2025/4/2 14:46,#华晨宇方称拒绝音乐版权擦边行为#,0
2025/4/2 14:46,#华晨宇方称拒绝音乐版权擦边行为# 华晨宇歌迷坚决维护华晨宇的音乐。同时真挚希望各位从业人员尊重创作者权利，共同促进行业良性发展。 体量这么大的歌手维权尚且如此艰难，难以想象还有多少类似的“行业惯例”,0
2025/4/2 14:46,关键还标注自己的名字原创投到原创榜，这个是她原创吗偷的还原创,1
2025/4/2 14:46,和声、编曲：黄霄云??,0
2025/4/2 14:46,#华晨宇方称拒绝音乐版权擦边行为# 点名了，@黄霄芸 请不要裁缝歌曲,1
2025/4/2 14:46,支持华晨宇先生维权！！,0
2025/4/2 14:46,支持华晨宇维权！多一些纯粹原创，少一些模糊“借鉴”。尊重音乐创作者的作品创意是原创音乐人的基本职业道德素养，每一份饱含心血的成果都应该被认可和保护。,0
2025/4/2 14:46,支持华晨宇维权 华晨宇 //@大河报:抵制不法行为！支持依法维权//@Hcy火星花傲甜:支持华晨宇维权,0
2025/4/2 14:46,//@花yu流年:支持华晨宇先生维权！！,0
2025/4/2 14:46,#华晨宇方称拒绝音乐版权擦边行为# 尊重原创，尊重音乐版权。,0
2025/4/2 14:46,尊重原创！！！！支持维权！！！#支持华晨宇维权# #尊重原创、拒绝抄袭# #华晨宇方称拒绝音乐版权擦边行为# #华晨宇黄霄雲未能达成有效共识#,0
2025/4/2 14:46,@潇湘晨报,0
2025/4/2 14:46,man！,0
2025/4/2 14:46,#华晨宇方称拒绝音乐版权擦边行为# 请黄女士正面回应道歉@黄霄雲 ，删除剽窃片段下架抄袭版本！！！,1
2025/4/2 14:46,啥叫正主开撕啊，华晨宇合理维权已经很给黄面子了,1
2025/4/2 14:47,支持华晨宇维权,0
2025/4/2 14:47,张靓颖那边脾气好不计较不是所有人有不计较咱们看不得被偷东西 偷跟头发丝都要跟你计较的哈 我们一起踩小人,1
2025/4/2 14:47,你没错 但是保护好自己,0
2025/4/2 14:47,#华晨宇方称拒绝音乐版权擦边行为# 支持华晨宇维权,0
2025/4/2 14:47,嚯 你不是还和??合作过吗？,1
2025/4/2 14:47,吃瓜群众表示，音乐圈的故事比电视剧还精彩呢~,0
2025/4/2 14:47,不能说是毫无关系，只能说是一模一样,0
2025/4/2 14:47,#华晨宇方称拒绝音乐版权擦边行为#,0
2025/4/2 14:47,六字我们以后都这么刚行不～,0
2025/4/2 14:47,俩人都不关注，但真为hxy感到丢脸，以后还怎么混啊这,1
2025/4/2 14:47,谢谢宝宝,0
2025/4/2 14:47,支持维权，尊重原创！,0
2025/4/2 14:47,笑死，原唱都没说啥翻唱先叫起来了,0
2025/4/2 14:47,尊重原创！坚决维护华晨宇先生应有权益！#华晨宇方称拒绝音乐版权擦边行为#,0
2025/4/2 14:47,都别吵了，这首歌是那个叫李雨婷的带火的[看][看],0
2025/4/2 14:47,华方主动找侵权的一方沟通了，但是对方避重就轻，沟通无效,0
2025/4/2 14:47,支持维权,0
2025/4/2 14:47,1.黄霄雲方并未和华晨宇方沟通过借鉴华晨宇改编《孩子》时创作的旋律。 2.华晨宇对《烟火里的尘埃》+《孩子》的改编及再创作旋律，具有独创性，全网时间线可查。 3.黄霄雲取得的授权仅限于《烟火里的尘埃》原作词曲使用版权，但在声明中试图用鸣谢原唱授权来混淆概念，避重就轻，打擦边球。,1
2025/4/2 14:47,那就是个擦边声明官方带头擦边，是真的非常不要脸了，一整个团队都如此，当初会做出这种选择也不难想象了,1
2025/4/2 14:47,回复@那你不是说_:所以她的原因到底是因为没有买版权，还是因为标了自己原创但是好像拿她没有办法 所以只能用 擦边 这个词,0
2025/4/2 14:47,黄照搬的是华的整个outro编排，也就是尾奏吟唱的核心特征（包括音高走向、节奏型态及和声架构），这段是原版《烟火里的尘埃》里没有的。并且她绕过华晨宇直接买的西楼的demo和林夕的词，但最终成品编曲几乎可以说复刻华晨宇版，居然编曲署名不署名整喃和华晨宇，而是署名了自己和另一个人，一偷偷全套,1
2025/4/2 14:47,虽然法律可能禁止不了她，但是职业道德算是败坏了，原创作者们虽然可能因为法律漏洞而吃哑巴亏，但是好在脊梁骨硬行得正坐得端,0
2025/4/2 14:47,我去，在前担和前前担粉丝的斗争维权中发现了现担的粉丝，谁懂啊,1
2025/4/2 14:47,是的是的,0
2025/4/2 14:47,#华晨宇黄霄云#,0
2025/4/2 14:47,这是黄之前一首歌的监制，我都为她尴尬了熟人重锤,1
2025/4/2 14:48,明事理  不错哦,0
2025/4/2 14:48,转发微博,0
2025/4/2 14:48,这回偷歌贼的名声要落你担身上一辈子咯[呲牙],1
2025/4/2 14:48,@LiveMusic现场,0
2025/4/2 14:48,#华晨宇全球歌迷会声明#华晨宇歌迷坚决维护歌手华晨宇的音乐！ 黄霄雲女士拥有的是《烟火里的尘埃》使用版权，而非《孩子》live版的使用版权，也并未向华晨宇方沟通借鉴和声改编一事。 请黄霄雲女士及其工作室正面回应最后【华晨宇原创吟唱旋律】的版权及其所属问题，请勿避重就轻打擦边球，请尊重原创,1
2025/4/2 14:48,尊重创作者维权！如果连知名歌手都无法维权，那普通小歌手面对侵权行为时该如何寻求出路？支持打出响亮的一枪！！！#黄霄云剽窃华晨宇吟唱旋律# #华晨宇方称拒绝音乐版权擦边行为#,0
2025/4/2 14:48,你的乐感好像擦屁股的纸巾，旁臭还满嘴口气，上来就诬陷！然后某些粉丝还愿意相信，果然人只愿意相信自己相信的！,1
2025/4/2 14:48,#华晨宇方称拒绝音乐版权擦边行为#,0
2025/4/2 14:48,尊重原创，拒绝借鉴抄袭,0
2025/4/2 14:48,回复@oh买噶hh:那你回我关我啥事？要我认同你什么？你不承认自己神金与我何干？买了版权不能够唱？法律都没办法。你瞎掰掰干啥？,1
2025/4/2 14:48,我们真的给过她太多机会了，奈何人家不领情啊//@唯爱飒飒yu:昨天华晨宇的歌迷会没有点名道姓警告过她们还主动沟通了一天，她的粉丝还说华晨宇工作室没有点名道姓//@唯爱飒飒yu:华晨宇和他的粉丝真的已经很体面了，一开始发现这个事情的时候华晨宇粉丝仅仅是要求她加上署名，结果她们不但没理会...全文,1
2025/4/2 14:48,多一些纯粹原创，少一些模糊“借鉴”。尊重音乐创作者的作品创意是原创音乐人的基本职业道德素养，每一份饱含心血的成果都应该被认可和保护。,0
2025/4/2 14:48,对！,0
2025/4/2 14:48,请支持原创！不能让这种风气一直下去,0
2025/4/2 14:48,是这样的,0
2025/4/2 14:48,@大河报 @华晨宇yu #华晨宇告黑案一审民事判决# 坚决支持华晨宇先生維权??网络不是沒有法制之地，终有一天正义将会到达! 切勿妄做非为，群众的眼睛是雪亮的!,0
2025/4/2 14:48,偷别人写的旋律就是不要脸啊黄霄云为什么不自己写，是写不出好听的吗,1
2025/4/2 14:48,还称自己是原创,1
2025/4/2 14:48,#华晨宇方称拒绝音乐版权擦边行为##华晨宇 无妄之灾#  作为华晨宇歌迷，我们坚决维护华晨宇先生的音乐，对音乐版权侵害0容忍。敬请黄霄雲女士及其团队正确使用授权，明确创作来源，切勿模糊重点。真挚希望各位从业人员尊重创作者权利，共同促进行业良性发展。,0
2025/4/2 14:48,#华晨宇方称拒绝音乐版权擦边行为# @黄霄雲 尊重原创，出来道歉，下架歌曲！,1
2025/4/2 14:48,#华晨宇全球歌迷会声明#华晨宇歌迷坚决维护歌手华晨宇的音乐 黄霄雲女士拥有的是《烟火里的尘埃》使用版权，而非《孩子》live版的使用版权，也并未向华晨宇方沟通借鉴和声改编一事。 请黄霄雲女士及其工作室正面回应最后【华晨宇原创吟唱旋律】的版权及其所属问题，请勿避重就轻打擦边球，请尊重原创,1
2025/4/2 14:48,@黄霄雲 @黄霄雲的雲上面包坊 多一些纯粹原创，少一些模糊“借鉴”。尊重音乐创作者的作品创意是原创音乐人的基本职业道德素养，每一份饱含心血的成果都应该被认可和保护。,0
2025/4/2 14:48,还偷偷摸摸把和声那段写上自己的名字,1
2025/4/2 14:48,这叫翻唱吗，不就是在原版上做一点调整，然后重唱一遍吗,1
2025/4/2 14:48,我也想说,0
2025/4/2 14:49,回复@佑阿生阿:重点不是有没有买两首歌的版权嘛你先理解一下 擦边 是啥意思,0
2025/4/2 14:49,"我就喜欢这两个人,两边咋还干上了[捂脸][捂脸]",0
2025/4/2 14:49,[发怒],1
2025/4/2 14:49,黄女士求锤得锤还不承认真没担当#华晨宇方称拒绝音乐版权擦边行为#,1
2025/4/2 14:49,我看到了，所以好奇为什么对方不拿出授权书，到底是有还是没有,1
2025/4/2 14:49,#华晨宇全球歌迷会声明#华晨宇歌迷坚决维护歌手华晨宇的音乐 黄霄雲女士拥有的是《烟火里的尘埃》使用版权，而非《孩子》live版的使用版权，也并未向华晨宇方沟通借鉴和声改编一事。 请黄霄雲女士及其工作室正面回应最后【华晨宇原创吟唱旋律】的版权及其所属问题，请勿避重就轻打擦边球，请尊重原创,1
2025/4/2 14:49,多读点书吧，求你了,1
2025/4/2 14:49,回复@赘丝:人家根本没授权给她唱那段，没署名也不对。,1
2025/4/2 14:49,支持华晨宇维权！,0
2025/4/2 14:49,我们华语乐坛自己的爱迪生,0
2025/4/2 14:49,网络不是法外之地，支持华晨宇维权#华晨宇方称拒绝音乐版权擦边行为#,0
2025/4/2 14:49,支持华晨宇维权！！！,0
2025/4/2 14:49,抄袭洗不了就给别人泼脏水 q音华晨宇《呐喊》live标明原唱作词人作曲人和改编词人改编曲人，新世界和原版呐喊没有相似之处，新世界是一首独立新歌。ho hi yian和oh hai ya两句发音和旋律走向都不一样。想怎么挑刺呢 以你的逻辑，黄霄雲抄袭璨乐团《飞致我们的星辰大海》，因为半句词鉴抄嘛,1
2025/4/2 14:49,有职业道德的音乐人再怎么样做也不能把别人写的旋律署上自己的名字吧！#华晨宇方称拒绝音乐版权擦边行为#,0
2025/4/2 14:49,华先生不是做法的大法师嘛   别人偷他施法动作了嘛,1
2025/4/2 14:49,受害者还要主动沟通，天理不容[流泪][流泪][流泪],1
2025/4/2 14:49,宝宝你是个好宝宝,0
2025/4/2 14:49,网络不是法外之地，支持华晨宇先生维权！,0
2025/4/2 14:49,博主是耳聋的，没事跟着耳聋干嘛？,1
2025/4/2 14:49,你们还是回去孩子吧，你们孩子比较多。,1
2025/4/2 14:49,@黄霄雲  道歉，下架,1
2025/4/2 14:49,后脸皮的粉丝维护厚脸皮的抄袭歌手，真要脸了,1
2025/4/2 14:50,拒绝音乐版权擦边行为，支持原创,0
2025/4/2 14:50,华晨宇18年专门为《孩子》结尾写了一大段，18年演唱会他唱烟火时9万歌迷自发唱了这段给他和声，从此成为花家传统大合唱标配。25年黄女士买了烟火翻唱权，曲买的Demo，但是不但基本照搬了华晨宇原版的编曲，还在结尾直接拼接了华晨宇为孩子新写的那段，瓢编曲瓢旋律瓢创意，最搞是原创还敢署自己的名。,1
2025/4/2 14:50,笑死，翻唱周杰伦的歌曲，又没有抄袭，没拿其他歌曲的段落进去还标明自己原创 现在网友理解能力好神奇，我们一直说的是她偷了其他歌曲的片段，还说是自己原创的，妥妥的小偷 希望大家有自己的判断能力，不要为了黑而黑,1
2025/4/2 14:50,而且看华晨宇工作室，还是受害方主动联系的，hxy那边不配合。,1
2025/4/2 14:50,面包吃多了 堵住脑子了吧乐,1
2025/4/2 14:50,#华晨宇全球歌迷会声明#华晨宇歌迷坚决维护歌手华晨宇的音乐 黄霄雲女士拥有的是《烟火里的尘埃》使用版权，而非《孩子》live版的使用版权，也并未向华晨宇方沟通借鉴和声改编一事。 请黄霄雲女士及其工作室正面回应最后【华晨宇原创吟唱旋律】的版权及其所属问题，请勿避重就轻打擦边球，请尊重原创,1
2025/4/2 14:50,你看你又急[捂脸],1
2025/4/2 14:50,你怎么说？,0
2025/4/2 14:50,up,0
2025/4/2 14:50,花粉不是我们的称呼哦，我们叫火星人或者黑煤球[捂脸],0
2025/4/2 14:50,尊重原创事实，坦荡承认 别下不来台,0
2025/4/2 14:50,不止结尾 钻法律空子 重新编曲也与原版雷同 编曲维权就更难了,1
2025/4/2 14:50,就这样她家还扯皮踩我们,1
2025/4/2 14:50,我也觉得[噢买尬],0
2025/4/2 14:50,老是唱别人的歌，总有一天会摔跟头[呲牙],1
2025/4/2 14:50,拒绝音乐版权擦边行为！也请黄女士尊重音乐原创！,0
2025/4/2 14:51,我只听华晨宇版本的,0
2025/4/2 14:51,是的，还标了自己的名字,0
2025/4/2 14:51,hqh，gzs都来了哈哈哈哈,0
2025/4/2 14:51,宝宝你太好了,0
2025/4/2 14:51,邓紫棋的翻唱龙卷风里面有安静，林俊杰翻唱不能说的秘密里面有星晴,0
2025/4/2 14:51,黄裁缝,0
2025/4/2 14:51,不是改歌，是偷别的旋律和声,1
2025/4/2 14:51,谁急了。,1
2025/4/2 14:51,所以发生了什么？让我捋一下[发呆]就是说黄得了烟火的版权后，在改编时加入了另一首歌的部分元素，但是这一部分是没有授权的？然后华方面觉得是不合理的，但是黄方面觉得是合理改编，然后两边协商未达成共识？是这样吗？,0
2025/4/2 14:51,[发怒],1
2025/4/2 14:51,不是，别人的我还想说两句，你这种的让我有点厌蠢了少见,1
2025/4/2 14:51,黑粉来咯[飞吻][飞吻],1
2025/4/2 14:51,是的，就是啊，正常人都看得懂事情的经过，他们家粉丝还在嘴硬呢。。,1
2025/4/2 14:51,还是默默的关关注后续吧,0
2025/4/2 14:51,尊重原创，拒绝借鉴抄袭,0
2025/4/2 14:51,偷就是偷，还在洗呢，扯别人还想拉别人下水，脸呢,1
2025/4/2 14:51,买一拿一,0
2025/4/2 14:51,尊重音乐创作者的作品创意是原创音乐人的基本职业道德素养，每一份饱含心血的成果都应该被认可和保护。,0
2025/4/2 14:51,拒绝网络暴力，支持华晨宇先生维权！,0
2025/4/2 14:52,你是蠢大的吗，我服了,1
2025/4/2 14:52,up,0
2025/4/2 14:52,回复@糊图图的三弟:起码我们有呐喊的版权去改，请问你们有孩子的版权吗,1
2025/4/2 14:52,比赛的时候，大哥唱过亲爱的小孩，我一度认为孩子，是亲爱的小孩的后续，所以也就特别喜欢，唉，作为歌迷听众是真的心里吃了苍蝇,0
2025/4/2 14:52,黄粉和米国一个德行，q音华晨宇《呐喊》live标明原唱作词人作曲人和改编词人改编曲人，新世界和原版呐喊没有相似之处，新世界是一首独立新歌。ho hi yian和oh hai ya两句发音和旋律走向都不一样，无懈可击呢 以你的逻辑，黄霄雲抄袭璨乐团《飞 致我们的星辰大海》，因为凭半句词可以鉴定为抄袭,1
2025/4/2 14:52,这姐天天吹宇宙最强，这么强咋还翻唱破音啊,1
2025/4/2 14:52,支持华晨宇维权！,0
2025/4/2 14:52,鸡蛋里挑骨头，别太好笑了，诡辩逻辑，认可你这说法的人都是愚蠢无知的，你们必败，别垂死挣扎了嗦嗨,1
2025/4/2 14:52,吃明白了,0
2025/4/2 14:52,烟火授权黄有，孩子授权没有，黄之前合作的监制都出来锤了,1
2025/4/2 14:52,小偷妄图拖人下水，可惜q音华晨宇《呐喊》live标明原唱作词人作曲人和改编词人改编曲人，新世界和原版呐喊没有相似之处，新世界是一首独立新歌。ho hi yian和oh hai ya两句发音和旋律走向都不一样，无懈可击呢 以你的逻辑，黄霄雲抄袭璨乐团《飞致我们的星辰大海》，因为凭半句词可以鉴定为抄袭,1
2025/4/2 14:52,图片评论 评论配图,0
2025/4/2 14:52,我请问呢@黄霄雲,0
2025/4/2 14:52,该 常在河边走哪有不湿鞋,0
2025/4/2 14:52,哪来的破防春竹,1
2025/4/2 14:52,也是不太懂hxy 那边是怎么想的。一个央音出来的，不说有没有原创实力吧。一定的唱功技术是没问题的。标榜自己是原创创作者然后做裁缝匠做的事，真的很没档次。虽然红黑也是红，这种运营手段走不远的，是想以后转直播带货吗？ “版权意识模糊”的团队，其他家要审慎合作。,1
2025/4/2 14:52,你真当把调  调高一点就和别人写的不一样了？居然还署名自己编写[尬笑]你以后写的论文被人改了几个字就不是你的了呗？这可以。错了还不承认，真丑陋。,1
2025/4/2 14:52,是的，那段旋律是我们火星很美好的回忆，现在她说她是原创,0
2025/4/2 14:53,创作不易！尊重原创！,0
2025/4/2 14:53,其实本质还是双方粉丝摩擦的升级，期待能回到作品本身去看吧。,0
2025/4/2 14:53,#华晨宇告黑案一审民事判决#支持华晨宇先生维权！！,0
2025/4/2 14:53,支持华晨宇维权,0
2025/4/2 14:53,她们会叫嚣让华晨宇走法律程序，因为准备“借鉴”时就研究法律知道只三个半小节够不上抄袭，,1
2025/4/2 14:53,那关键她也没做啊还避重就轻,1
2025/4/2 14:53,是不是黄霄雲只买了烟火里的尘埃这首歌的版权，现在的争议就是后面这段吟唱，其实原本并不属于这首歌里面的，是华晨宇后来改编加进去的，但黄霄雲买的这个版权里面不包含这一段吟唱，但黄霄雲唱了还标注是自己的？[发呆],0
2025/4/2 14:53,[发怒],1
2025/4/2 14:53,所以說宵偷粉就是法盲 文盲 音盲。綜藝節目上用歌，只停留在綜藝節目上。那黃小偷，偷歌發行呢 。 後來新世界旋律已經不一樣，想問你扒譜的證據呢？,1
2025/4/2 14:53,这种的真少见以为说一堆憋了个大的，结果啥都不懂,1
2025/4/2 14:53,只字不提这个吟唱部分[憨笑],0
2025/4/2 14:53,不要脸就不要脸了，钻法律空子,1
2025/4/2 14:53,[捂脸][感谢]不要网爆我啊hxy的粉丝[感谢][流泪],0
2025/4/2 14:53,是的哦宝宝，虽然买了A的版权，但是擅自把B的旋律接在A的结尾，而且这个方式我们18年就用了,1
2025/4/2 14:54,支持华晨宇先生维护自己的权利,0
2025/4/2 14:54,尊重原创，请不要避重就轻玩擦边音乐[感谢],0
2025/4/2 14:54,是的 我们诉求是标注一下就好了 黄方不承认 就不给你标[看]主动沟通一天 人家就是不承认 你拿她怎么办,1
2025/4/2 14:54,黄宵云脸皮够厚了，什么德性，这种人也配做歌手,1
2025/4/2 14:54,沟通一天无果诶人家给足黄台阶下了好吧,0
2025/4/2 14:54,招如笑,0
2025/4/2 14:54,你都用了黄和花花代表两个人，还不是粉丝,1
2025/4/2 14:54,谢谢[比心],0
2025/4/2 14:54,[发怒],1
2025/4/2 14:54,乐盲?法盲?文盲??乐子[赞][赞][赞][赞][赞],1
2025/4/2 14:54,??黄霄雲别狡辩了速速道歉,1
2025/4/2 14:54,还去打新歌榜！不要脸无下限了,1
2025/4/2 14:54,hxy粉丝不要网爆我啊[流泪][感谢],1
2025/4/2 14:54,@LiveMusic现场,0
2025/4/2 14:55,身为歌手搞抄袭，如果抄国外人家难维权，就不了了之了，还那么胆大偷国内的，这次更加大胆包天偷买了版权歌手的其他歌缝合在一起标自己原创，真要脸了,1
2025/4/2 14:55,笑得不行了,0
2025/4/2 14:55,是的鸟,0
2025/4/2 14:55,她干了很多次，只是华晨宇活粉大家都知道，这下踢到钢板了，送她去热搜,1
2025/4/2 14:55,[发怒],1
2025/4/2 14:55,嗯嗯,0
2025/4/2 14:55,烟火里的尘埃 还真只有法师唱的出味儿,0
2025/4/2 14:55,尊重原创[比心][比心][比心],0
2025/4/2 14:55,真的是根本不怎么玩微博，最近两天也不算闲，但是这首也敢抢，真是艺高人胆大。,1
2025/4/2 14:55,扒扒谱呢[憨笑][憨笑]要侵权早下架了[微笑][微笑][微笑],0
2025/4/2 14:55,支持华晨宇维权！#华晨宇告黑案一审民事判决#,0
2025/4/2 14:55,#华晨宇方称拒绝音乐版权擦边行为# 支持华晨宇维权,0
2025/4/2 14:55,不对呀，前两天还刷到黄的粉丝黑别人可起劲儿了，怎么？怎么自己的主子塌了,1
2025/4/2 14:55,是的宝宝 她们粉丝还故意拉踩原唱觉得烟火是她唱火的,1
2025/4/2 14:55,尊重原创！拒绝版权擦边！,0
2025/4/2 14:55,支持华晨宇维权#华晨宇告黑案一审民事判决#,0
2025/4/2 14:55,这是要不要脸的问题,1
2025/4/2 14:56,是的哦，黄裁缝,0
2025/4/2 14:56,支持华晨宇先生维权,0
2025/4/2 14:56,守护,0
2025/4/2 14:56,支持华晨宇先生维权！,0
2025/4/2 14:56,支持华晨宇维权！#华晨宇告黑案一审民事判决#,0
2025/4/2 14:56,#华晨宇告黑案一审民事判决# 支持华晨宇先生维权！,0
2025/4/2 14:56,最搞笑是自己粉丝拿这段旋律来吹，还有一些乐评人都以为这段她自己编的，真的是营销强盗,1
2025/4/2 14:56,支持华晨宇维权,0
2025/4/2 14:56,支持华晨宇维权！！！#华晨宇告黑案一审民事判决#,0
2025/4/2 14:56,#华晨宇告黑案一审民事判决#,0
2025/4/2 14:56,是版权边界……但是从歌手角度出发，作为一个职业歌手，难道不更应该在最开始考虑到可能引发的类似问题？说白了，就是【尊重】原创？,0
2025/4/2 14:56,@黄霄雲 @黄霄雲的雲上面包坊 敢不敢出来说话,1
2025/4/2 14:56,支持华晨宇先生维权！#华晨宇告黑案一审民事判决#,0
2025/4/2 14:56,#华晨宇告黑案一审民事判决# 华晨宇,0
2025/4/2 14:56,支持华晨宇先生维权！！,0
2025/4/2 14:56,支持华晨宇维权！,0
2025/4/2 14:56,华语乐坛也迎来了自己的玖月晞[赞][赞][赞]黄霄云虽然在音乐上没有建树，但填补了音乐界融梗王的空缺[赞][赞],1
2025/4/2 14:56,支持华晨宇维权！！！！,0
2025/4/2 14:56,支持华晨宇维权！！！,0
2025/4/2 14:56,#华晨宇告黑案一审民事判决# //@大河报:抵制不法行为！支持依法维权//@Hcy火星花傲甜:支持华晨宇维权,0
2025/4/2 14:56,你和你家云姐姐绑死[赞][赞][赞][赞][赞][赞][大笑][大笑][大笑][大笑][大笑][大笑][大笑],0
2025/4/2 14:56,网络不是法外之地！每个人都要为自己的言行负责！,0
2025/4/2 14:56,多一些纯粹原创，少一些模糊“借鉴”，你要真合规了会说这句话？[捂脸],1
2025/4/2 14:57,支持华晨宇维权！,0
2025/4/2 14:57,支持华晨宇先生维权！,0
2025/4/2 14:57,华晨宇工作室：拒绝音乐版权擦边行为。希望音乐作品能够多一些纯粹原创，少一些模糊“借鉴”,0
2025/4/2 14:57,太棒了！支持维权！,0
2025/4/2 14:57,支持,0
2025/4/2 14:57,对，就相当于你买了个西瓜，走的时候顺了个桃子，但你没给桃子钱，只给了西瓜钱。问你要桃子钱你说我给了西瓜钱桃子钱不用给[宕机],1
2025/4/2 14:57,支持华晨宇维权,0
2025/4/2 14:57,支持维权,0
2025/4/2 14:57,给了炒粉的钱，吃了炒粉和炒面，不给炒面的钱。这样说听懂了吗？,1
2025/4/2 14:57,去你的。,1
2025/4/2 14:57,支持华晨宇维权！！！,0
2025/4/2 14:57,不要说我家面包了。,0
2025/4/2 14:58,希望你天天开心,0
2025/4/2 14:58,今儿这么多好事呢,0
2025/4/2 14:58,音乐是底线，想营销原创，就得先学会尊重原创。@黄霄雲 音乐学院毕业的怎么连这种最基本的音乐素养都没有呢? #律师谈华晨宇黄霄云版权纠纷##律师称模仿原唱或被认定版权擦边##华晨宇 黄霄云# #黄霄云剽窃华晨宇吟唱旋律# #黄霄云的吟唱是华晨宇18歌手版孩子#,1
2025/4/2 14:58,心疼我大哥,0
2025/4/2 14:58,不是，有本事你别翻唱啊原创那么牛逼自己原创啊[呲牙],1
2025/4/2 14:58,原创歌手可要小心黄裁缝了,1
2025/4/2 14:58,支持??,0
2025/4/2 14:58,#华晨宇告黑案一审民事判决# 支持华晨宇维权,0
2025/4/2 14:58,支持华晨宇维权,0
2025/4/2 14:58,支持华晨宇先生依法维权！,0
2025/4/2 14:58,支持华晨宇先生维权，向网络黑子说“不”，守护清朗网络空间！,0
2025/4/2 14:58,支持华晨宇维权！,0
2025/4/2 14:58,懂得都懂工作室不指名道姓只是否定了对这样的行为，并没有实锤有侵权这回事，要真侵权了就是红头文件了，只是为了用这波流量宣传演唱会罢了[看][看][看],0
2025/4/2 14:58,她还标注了自己名字 说是自己原创,0
2025/4/2 14:58,支持维权,0
2025/4/2 14:59,你怎么知道不是即兴哼的呢 在不知道真实情况的时候最好不要乱带节奏[干饭人],0
2025/4/2 14:59,下架！,1
2025/4/2 14:59,支持華晨宇先生依法維權！！！,0
2025/4/2 14:59,偷,1
2025/4/2 14:59,[脸疼][脸疼][脸疼][紫薇别走][鄙视][不看],1
2025/4/2 14:59,支持维权！给我告④他,1
2025/4/2 14:59,我的公主你这一帧截的也太帅了吧[色][色][色],0
2025/4/2 14:59,支持华晨宇先生维权,0
2025/4/2 14:59,支持华晨宇先生维权?网络不是法外之地！,0
2025/4/2 14:59,吟唱那段都不一样，华晨语那个只是小小一段，[看],0
2025/4/2 14:59,支持华晨宇维权！！！,0
2025/4/2 14:59,支持维权 #华晨宇告黑案一审民事判决#,0
2025/4/2 14:59,支持华晨宇维权,0
2025/4/2 14:59,支持华晨宇先生维权！,0
2025/4/2 14:59,@黄霄雲（巡演版） 道歉道歉,1
2025/4/2 15:00,支持华晨宇先生维权,0
2025/4/2 15:00,支持华晨宇先生依法维权！,0
2025/4/2 15:00,支持华晨宇先生维权！网络不是法外之地！,0
2025/4/2 15:00,支持华晨宇先生维权！,0
2025/4/2 15:00,回复@小小黄HH:哇惯偷啊？,1
2025/4/2 15:00,购买的是原曲，争议部分是华晨宇原曲中不存在的live版创作并在后续用到其他歌曲发行版中，打擦边球 看的出来这姐应该没写过论文，没受过中国知网的毒打，标上出处叫引用，没标明出处就叫疑似剽窃文字表述。 总共三个小节的旋律，标上名字她就可以正大光明的唱了，结果她非不标，这不是自找的吗？,1
2025/4/2 15:00,支持华晨宇！支持原创音乐[赞][赞],0
2025/4/2 15:00,抵制不法行为，支持华晨宇维权！,0
2025/4/2 15:00,热搜第一大女主 大裁缝,0
2025/4/2 15:00,@阿凤 yu 服了，之前还夸她唱的好听，不夸了??。,1
2025/4/2 15:00,支持华晨宇先生依法维权!,0
2025/4/2 15:00,给你公章[舔屏],1
2025/4/2 15:00,支持维权，希望严厉打击网络黑水军黑势力,0
2025/4/2 15:00,有这样的粉丝是黄的福气[泪奔],0
2025/4/2 15:01,这两首不是同一首歌吗[捂脸],0
2025/4/2 15:01,这个不就是个翻唱歌手[抠鼻],0
2025/4/2 15:01,是的，相当于他去水果店买了一个西瓜，也付了钱，走的时候，他偏要再拿一个苹果，店家让他付苹果的钱，他说他已经买过西瓜了，所以这个苹果也应该给他[调皮],0
2025/4/2 15:01,支持原创，拒绝音乐版权擦边行为,0
2025/4/2 15:02,什么叫致敬这叫致敬,1
2025/4/2 15:02,这很难理解吗？,0
2025/4/2 15:02,窃?格瓦雲又活跃起来了啊[好开心],1
2025/4/2 15:02,hxy粉丝们好好珍惜吧，这几天是你们家主子娱乐圈生涯最火的一天，终于给你们蹭到大的了[捂脸],1
2025/4/2 15:03,极致火星人微博直接删评拉黑可真牛逼！,1
2025/4/2 15:03,一段吟唱，和声都不一样。就变成侵权了，,1
2025/4/2 15:03,本来就是翻唱啊[发呆],0
2025/4/2 15:03,还是那句话，今天工作室发的那个可以吗？,0
2025/4/2 15:04,都这么明显了，她的粉丝在维护什么！可笑,1
2025/4/2 15:06,我开始看到带他俩名字的那个#还以为他俩谈了，点进去发现哦是纠纷[泪奔],0
2025/4/2 15:07,支持原创!,0
2025/4/2 15:07,丨！,0
2025/4/2 15:07,支持原创， 拒绝音乐版权擦边行为。尊重音乐创作者的作品创意是原创音乐人的基本职业道德素养，每一份饱含心血的成果都应该被认可和保护,0
2025/4/2 15:08,自己写不出来就偷，出道十年无人问，一朝偷歌天下知，,1
2025/4/2 15:08,好啊好啊 快走法律程序吧 等不及啦[呲牙],0
2025/4/2 15:09,《烟火里的的尘埃》这么??的歌，这么好听的歌，还需要别人翻唱翻红[捂脸],0
2025/4/2 15:09,吟唱部分几乎一模一样的，怎么可以说成原创啊，人家华晨宇加入吟唱部分的改编已经用了很多年了，网上演唱会视频一大堆，作为翻唱者应该要标明出处的。,1
2025/4/2 15:10,自己写不出来就偷，出道十年无人问，一朝偷歌天下知，偷出天际,1
create_time,content,0
