timestamp,content,label
2025/4/1 0:06,支持比亚迪[赞][赞]比亚迪汽车就是好[比心][比心][比心],0
2025/4/1 1:51,那就看谁在0.1秒之前退出自驾。,0
2025/4/1 8:10,0.1秒退出智驾[捂脸],0
2025/4/1 9:17,最起码还要有个10年的发展。,0
2025/4/1 10:55,百度:听说过我在武汉的故事？,0
2025/4/1 10:58,那今天北京有哪些品牌汽车以L3级在行驶，,0
2025/4/1 11:04,L2.9999999999[灵机一动]就是没有到3,0
2025/4/1 11:14,比油低比亚迪,1
2025/4/1 11:22,注意，车企承担相应的责任，不是车企承担全部责任[看],0
2025/4/1 11:52,只要车子没在天上飞，方向盘在自己手里才最安全[黑脸],0
2025/4/1 11:53,所以，各位车主买配有自动驾驶的车的时候一定要看清PPT，尤其是每页PPT最小的那行小字,0
2025/4/1 12:17,那萝卜快跑怎办[捂脸],0
2025/4/1 12:38,华为参与一起定的标准[看],0
2025/4/1 12:39,国产神车 值得拥有[赞][赞][赞][赞][赞][赞],0
2025/4/1 12:46,谁闲命长谁先用[捂脸],1
2025/4/1 14:10,敢说是L3的出事就是车企责任，对用户来说是好事，也能证明自己过硬本领提高销量,0
2025/4/1 15:13,华为指定标准专利占了百分之四十六[捂脸]我米还不是要按照华为的标准来[他急了]期待我米可以参与未来l4制定,0
2025/4/1 15:31,小米有智驾吗？,0
2025/4/1 15:33,今天如果还敢用大米高速NOA智驾的绝对是狠人[赞],1
2025/4/1 15:33,等官方发布吧,0
2025/4/1 15:37,说实话，不管车企怎么吹，我还是不敢把生命交给冰冷的机器[流泪],0
2025/4/1 15:39,已经发布相关情况,0
2025/4/1 15:39,武汉的萝卜算啥？,1
2025/4/1 15:40,央视有报道吗,0
2025/4/1 15:40,小米开启的是高速noa，结果修路改道逆向，最终97km/h撞到隔离带，造成悲剧～,1
2025/4/1 15:40,小米公司发言人围脖,0
2025/4/1 15:43,太危险了，三个花一样的年纪啊[可怜],0
2025/4/1 15:46,没出事是智驾  出了事是辅助驾驶,1
2025/4/1 15:47,不退出让车主自驾吗,1
2025/4/1 15:50,什么时候全面普及L4？需要等几年？挺期待的[呲牙],0
2025/4/1 15:56,最怎么智能都会有断电断网卡顿，不需要很久有时间0.5秒就可以死亡了[看],1
2025/4/1 15:58,其实机器比你会开车就是现在的技术不成熟，道路也不规范。等技术成熟了交通事故肯定比现在少,0
2025/4/1 16:14,萝卜快跑[泪奔],0
2025/4/1 16:15,喝酒后可以用吗,0
2025/4/1 16:15,L8级也不如把方向盘握在自己手里,0
2025/4/1 16:19,赛力斯竟然不在内,0
2025/4/1 16:19,断电的话车子还开啥，智驾是本地计算，不用网，不怕断网。卡顿基本没有，优先级最高，真卡顿了，这车企也能别干了。,0
2025/4/1 16:23,你每一次坐飞机的时候都是把生命交给机器。 飞机驾驶除起飞以外大部分时间都是智能驾驶定速巡航。甚至有些降落都是智能盲降,0
2025/4/1 16:24,看来滴滴跑不了几年了[快哭了],1
2025/4/1 16:25,小米连自适应巡航都做不到。去看汽车博主，老司机的视频，有一个关于小米自适应巡航的视频。,1
2025/4/1 16:27,是不是买了自动驾驶汽车就不用考驾驶证了[不失礼貌的微笑][不失礼貌的微笑][不失礼貌的微笑],0
2025/4/1 16:29,高铁，地铁好像也是,0
2025/4/1 16:32,我的雅迪有,0
2025/4/1 16:42,没有L5都是辅助,1
2025/4/1 16:49,视频有提到小米吗？[呲牙],0
2025/4/1 17:01,华为怎么不跟上啊,0
2025/4/1 17:07,标准版哪有智驾,1
2025/4/1 17:08,L3出事儿厂家是不是全责[暗中观察][暗中观察][暗中观察],0
2025/4/1 17:11,请个司机那不得L5[笑哭],0
2025/4/1 17:19,大货车撞你的时候 它可以躲开 你躲不开,1
2025/4/1 17:25,开源神车证明自己实力的机会到了[看],0
2025/4/1 17:25,特斯拉,0
2025/4/1 17:27,L3的行业法律。你去看看是谁提起的,1
2025/4/1 17:34,不能把自己的安全交给一块集成电路板！,0
2025/4/1 17:35,L3是不是不用买保险了[看],0
2025/4/1 17:40,确实牛啊，敢把生命交给自动驾驶，[捂脸][捂脸][捂脸]我在高速只敢开Acc自适应巡航，我都怕他不给刹车了[捂脸],0
2025/4/1 17:42,小米连试点资质都没有[憨笑],1
2025/4/1 17:49,问界不就是华为吗,0
2025/4/1 17:57,@皖鑫建材-阿亮,0
2025/4/1 17:59,车企承担责任，车主付出生命这个世界上没有100%没bug的产品，智驾也只是程序员写的代码而已，生命只有一条，不要拿自己的生命，去给车企测bug,0
2025/4/1 18:00,没自驾，哪有那么多人买[捂脸],0
2025/4/1 18:02,飞机还是没有车多啊  飞机事故率低  死亡率高,0
2025/4/1 18:04,L2.9    0.1毫秒退出自动驾驶,0
2025/4/1 18:05,问题是 还是个不靠谱的所谓“智驾”[捂脸],0
2025/4/1 18:09,生命安全和健康身体是我们的宗旨。其他全是浮云[捂脸][捂脸],0
2025/4/1 18:10,还是有很多人想省心，但是确实不能依赖全自动,0
2025/4/1 18:12,今天大家收益怎么样啊[求抱抱][求抱抱][求抱抱],0
2025/4/1 18:16,自驾再好不如车技好，我永远不相信那一套。,0
2025/4/1 18:17,我是不会把生命交个智能驾驶的[捂脸],0
2025/4/1 18:18,所以说在此之前没有车企敢说自己是L3[捂脸]，因为L3就是自动驾驶了，L3以下的都是辅助驾驶,0
2025/4/1 18:23,大兄弟，你的代入感很强，我是全程跟随着你的表情 皱着眉头  揪着心 听完的，累啊[捂脸],0
2025/4/1 18:24,那就不用纠结，纯油沃尔沃是你的不二选择,0
2025/4/1 18:26,特斯拉撞上水泥的也没爆燃了,0
2025/4/1 18:27,定速巡航都有多少案例了，智驾还得等等,0
2025/4/1 18:27,三名勇士,0
2025/4/1 18:27,说的不错[比心],0
2025/4/1 18:27,这不是某界的车吗[捂脸],0
2025/4/1 18:28,看看林志颖,0
2025/4/1 18:29,不要相信电车  出事故生死不明,1
2025/4/1 18:30,小米有智驾？,0
2025/4/1 18:32,真心搞不懂为什么有的人就会用生命去相信现在智驾，生命只有一次,0
2025/4/1 18:32,说实话，我家的车有定速巡航，我四年多还从来没用过[捂脸][捂脸],0
2025/4/1 18:32,还是燃油车靠谱。,0
2025/4/1 18:32,3个女的 21岁 23岁,0
2025/4/1 18:32,所以我买的车从不考虑有智能辅助驾驶的车,0
2025/4/1 18:33,对头[赞],0
2025/4/1 18:35,20万左右的电车，就没有一台没有智驾的。,0
2025/4/1 18:36,我修车的，我经常和那些车主说不要搞智驾[微笑]手机知道吗，手机够成熟了，还不是有死机卡顿的时候，车上的电子如果也这样[微笑]那就是命的问题了,0
2025/4/1 18:37,难道不是电池的主责？,0
2025/4/1 18:39,人咋样了,0
2025/4/1 18:42,[捂脸]我跑高速定速巡航都不用就怕这些东西失灵累了就服务区休息抽两根烟,0
2025/4/1 18:42,有道理[赞],0
2025/4/1 18:43,有些人买新能源就是享受智驾。,0
2025/4/1 18:43,说白了技术上还有差距,0
2025/4/1 18:43,什么智驾都是扯虿，生命是自己的，方向盘必须握在自己手中！,1
2025/4/1 18:45,你开油车同样情况庄看看，事故是客观的，不分油电,0
2025/4/1 18:46,我也是，三年没用过一次。看到那些刹不下来的，是真的怕,0
2025/4/1 18:47,电车还是不安全？,0
2025/4/1 18:47,怎么知道是开启智驾的，难道不是人为的驾驶技术吗,0
2025/4/1 18:47,l3 也是人为主体，车为辅助，到 L4 才可以称的上全自动驾驶,0
2025/4/1 18:48,我开车必须抓住方向盘，我命在我自己手中[呲牙],0
2025/4/1 18:48,他们都来了，你说咋样？,0
2025/4/1 18:50,用过一次  高速一有弯道吓死了[泣不成声],0
2025/4/1 18:51,别用 真的 5年汽车维修 这些东西我从来不信,1
2025/4/1 18:52,所以说把智驾拿来做卖点的就不道德 而且还有那么多人去买去吹我是想不到的！这个功能只是辅助[捂脸],1
2025/4/1 18:52,这个是非智驾版,0
2025/4/1 18:52,智驾既然不能自动驾驶我要它干嘛，还要时时刻刻注意看它，那还不如自己驾驶[捂脸],0
2025/4/1 18:53,余承东：安全是最大的豪华，华为不追求百公里加速，现在看来，老余是对的。,0
2025/4/1 18:53,嗯，开车我也是只相信自己，累了就去服务区休息，怕程序出错,0
2025/4/1 18:53,我做电池的，不买纯电车。,0
2025/4/1 18:54,从来不用 开车图的就是手感,0
2025/4/1 18:55,我，不信任何人工智能。,1
2025/4/1 18:55,方向盘掌握在自己手里才安全[捂脸],0
2025/4/1 18:56,不涨也不跌,0
2025/4/1 18:57,完全驾驶的话 我还不如打车 坐高铁呢[泪奔],0
2025/4/1 18:58,小米连个自动刹车功能都没有？,1
2025/4/1 18:58,时速 125 保命靠瑞虎,0
2025/4/1 18:59,路况呢，铁路跟公路比？,0
2025/4/1 19:00,电车革命先躯[赞][赞][赞],0
2025/4/1 19:00,L3驾驶有两个司机盯着吗，有塔台吗,0
2025/4/1 19:01,智能驾驶功能太强大了[比心][比心][比心]YYDS[看][看][看],0
2025/4/1 19:02,[看]不依赖智驾，我买电车智驾干嘛,0
2025/4/1 19:02,定速巡航我都不敢用[捂脸],0
2025/4/1 19:03,高速路上，谁能立即刹停呢[看],0
2025/4/1 19:03,可惜了[捂脸],0
2025/4/1 19:04,我定速巡航功能都没有开过,0
2025/4/1 19:04,自己的命交给一个电路板几个摄像头[捂脸],1
2025/4/1 19:05,太对了。,0
2025/4/1 19:05,任何一辆车，厂家都有行驶数据，小米官方好像已经公布了，开着智能辅助驾驶,0
2025/4/1 19:05,你看下林志颖[捂脸],0
2025/4/1 19:05,小米不是电池往下面喷火的吗？怎么烧了。,1
2025/4/1 19:06,国家应该禁止??汽车智驾,0
2025/4/1 19:06,最高是L5级,0
2025/4/1 19:06,不要等，拿小白做试验就是了[呲牙],1
2025/4/1 19:07,你说的不对，也要看是哪家的支架？,0
2025/4/1 19:07,有没有安全的电车到底？,0
2025/4/1 19:08,都不想自己开车，都在自动开，那还买车干嘛，打车就好了，还省钱,0
2025/4/1 19:08,那么问题来了，为什么要做智驾？,0
2025/4/1 19:10,[赞],0
2025/4/1 19:11,就像医生说什么病人也不会听不会相信，，，，，,0
2025/4/1 19:12,有智驾不用，买来干啥,1
2025/4/1 19:12,我朋友做电车的，也不买[捂脸],0
2025/4/1 19:12,华为不是说他都是自驾吗，，，，,1
2025/4/1 19:12,L100呢？,0
2025/4/1 19:13,你自己开车能保证不出事故吗 这个起码百分百给你负责,1
2025/4/1 19:14,不依赖智驾那我买带激光雷达的车干嘛，目的就是犯困的时候眯会,0
2025/4/1 19:15,依赖不行，依靠行不行[尬笑][尬笑],0
2025/4/1 19:17,没有,0
2025/4/1 19:17,雷军也是人不是神，那些人都把雷军说的话当神一样的崇拜。,1
2025/4/1 19:17,绷不住了，老铁。,0
2025/4/1 19:18,做好的自动驾驶就是自己,0
2025/4/1 19:18,没有！,0
2025/4/1 19:19,有没有可能撞击到路边的水泥桩的时候电池受到了冲击,0
2025/4/1 19:21,哥丰田本田的油混可以搞不,0
2025/4/1 19:22,小米的防护层，西瓜都没爆[捂脸][捂脸],0
2025/4/1 19:22,别搞 最好油车,1
2025/4/1 19:22,那无人出租车上怎么回事[发呆],0
2025/4/1 19:23,定速巡航就是个多余,0
2025/4/1 19:23,没有,0
2025/4/1 19:24,无人出租车不敢开100吧，就算撞了也不会死啊,1
2025/4/1 19:25,只要车企能后台控制我的车 我觉就不应该买,0
2025/4/1 19:26,哪怕它是L8   命是自己的,0
2025/4/1 19:26,亏三个点,0
2025/4/1 19:27,人没事吧！这才是关键,0
2025/4/1 19:27,打死不买电车[呲牙][呲牙][呲牙],1
2025/4/1 19:27,L9上市我也自己驾驶[捂脸][捂脸][捂脸],0
2025/4/1 19:29,我的手动挡的定速巡航都不敢,0
2025/4/1 19:31,用她的亲身经历做了实验，证明目前再搞的电池它还是会起火的,0
2025/4/1 19:31,萝卜快跑的才是自动驾驶,0
2025/4/1 19:32,有多三个光棍[流泪],0
2025/4/1 19:32,在市区限速了吧[看],0
2025/4/1 19:33,L3不也是辅助驾驶吗[捂脸]不要偷换概念只有L4以上才算真正的自动驾驶啊,0
2025/4/1 19:35,那就把智驾功能取消掉   这个功能一点用都没有,0
2025/4/1 19:35,我实在是绷不住了，他们肯没刷到你,1
2025/4/1 19:37,我早就说过，除非不生产燃油车，绝不买电车,0
2025/4/1 19:37,听说华为系的车险保费在下降，某米的车险在上升，不知道真假啊,0
2025/4/1 19:38,电车只信比亚迪,0
2025/4/1 19:39,我开车只相信自己,0
2025/4/1 19:39,有智驾是不是可以不考驾照,0
2025/4/1 19:40,海水退去，谁是裸泳全知道了吧，华为喊，兄弟们来啊[捂脸][捂脸][捂脸][捂脸],1
2025/4/1 19:41,那么多小米，没出事，就这三个人出事了，这就是命运[感谢],0
2025/4/1 19:42,奔驰,0
2025/4/1 19:42,估计都挂了,1
2025/4/1 19:43,L5才是自动驾驶,0
2025/4/1 19:43,用智驾的就是把自己的生命交给死神,1
2025/4/1 19:43,不光是起火，是爆燃，更本没有逃生的可能,1
2025/4/1 19:43,那萝卜算啥[捂脸],0
2025/4/1 19:44,不开智驾就没事,0
2025/4/1 19:45,后台人工驾驶,0
2025/4/1 19:45,除非全国落地[抠鼻],1
2025/4/1 19:46,他只是有紧急情况人工介入[捂脸],0
2025/4/1 19:50,上高速都智能驾驶[捂脸]对高速得有点敬畏之心,0
2025/4/1 19:52,那个是辅助配置，又不是真正的无人驾驶[看],0
2025/4/1 19:53,定速巡航一但失灵就完蛋了，别把生命交智能驾驶,0
2025/4/1 19:54,你说的对,0
2025/4/1 19:54,真研发，真投入，有和好用是不一样的,0
2025/4/1 19:55,我感觉主动刹车，车道保持，就够用了[九转大肠],0
2025/4/1 19:56,电瓶车可不是车，最多一个电子产品,0
2025/4/1 19:56,你自己开车还是把命交给机器，你自己开车刹车失灵一样的。,0
2025/4/1 19:57,这事跟智驾有什么关系[思考],0
2025/4/1 19:58,这是智驾的问题吗？,0
2025/4/1 19:58,哪天不是搞走一头牛给回一只鸡,1
2025/4/1 19:59,高速跟市区还是有点区别，速度差别很大[捂脸]高速要么不出事，出事就是大事,0
2025/4/1 20:00,不然没卖点啊[捂脸],0
2025/4/1 20:01,没有智驾，出事的都是人，有智驾以后呢？？,0
2025/4/1 20:01,人家没依赖，人家只是交给了智驾[呲牙],0
2025/4/1 20:03,是的,0
2025/4/1 20:04,复兴号，和谐号??[不看][不看][不看],0
2025/4/1 20:04,无人出租车是啥情况,0
2025/4/1 20:07,[捂脸]看看视频日期,0
2025/4/1 20:07,我进隧道差点撞隧道口，是一个弯，定速100.还好拉回来了[呲牙],0
2025/4/1 20:07,L3不是自动驾驶吗？,0
2025/4/1 20:08,不是说挺硬挺安全的嘛,0
2025/4/1 20:09,别说小米标准版的智驾了，我用阿维塔，买了支架包的高速跑改道的有时候都处理不好,0
2025/4/1 20:12,啊？？这种情况是不是L2就会自动刹车？？为啥更高级别的智驾却不能自动刹车[暗中观察],0
2025/4/1 20:12,还是买个油车吧,0
2025/4/1 20:14,自动刹车需要条件的，高于60以上做不到,0
2025/4/1 20:15,智驾是什么？需要人开吗？,0
2025/4/1 20:15,市区开多快？高速多快？,0
2025/4/1 20:15,驾驶经验很重要,0
2025/4/1 20:15,丰田混动可以,0
2025/4/1 20:16,开智驾其实比自己开还累，脚始终放在刹车上随时准备刹车，眼睛看着前方一点都不能松懈，只有定速巡航还有点用,0
2025/4/1 20:16,L5都不敢说全自动驾驶,1
2025/4/1 20:17,什么时候能开出来[捂脸][捂脸][捂脸],0
2025/4/1 20:17,[赞][赞]不错的推荐,0
2025/4/1 20:17,不到100时速就燃烧了……这质量太差了,1
2025/4/1 20:17,古德～,0
2025/4/1 20:18,余总说的对，快那两秒真没啥意义，安全第一重要[赞][赞][赞],0
2025/4/1 20:21,我的路虎一检测到立马刹死了，不过也是吓得一身冷汗,0
2025/4/1 20:21,你什么时候听到的,0
2025/4/1 20:22,第一，永远不买一个新事物的第一代，强如问界第一代也扑街了，第二，永远记得，车子设计生命安全，别拿自己姓命开玩笑，一定选安全的车，第三雷布斯牛逼，在这个智驾元年卖卖点全是加速跑赛道碳纤维的新能源，还卖这么好！真心佩服！,0
2025/4/1 20:22,依赖人吗？平均每分钟多少起交通事故，都是人开的。,0
2025/4/1 20:22,L几是人定的，规定就是  L3就是自动驾驶，要是出事车企买单，那就比较稳了。,0
2025/4/1 20:22,智驾,0
2025/4/1 20:22,依赖支架,0
2025/4/1 20:22,不需要,0
2025/4/1 20:22,累了喝东鹏特饮,0
2025/4/1 20:22,这明明是驾驶人接管智驾后自己撞的,1
2025/4/1 20:23,L99都没用，出事前一秒给你退出自动驾驶就是车主的责任了[看],1
2025/4/1 20:23,今天开智驾，明天装支架[捂脸],0
2025/4/1 20:24,问界M9,0
2025/4/1 20:25,无人出租呢？,0
2025/4/1 20:25,早就说啦把命交给智驾电脑[比心][比心][比心][比心],0
2025/4/1 20:25,大实话[比心][比心][比心],0
2025/4/1 20:25,既然有弊端，为什么要这么个功能呢,0
2025/4/1 20:26,周总讲的好，棒棒[比心],0
2025/4/1 20:26,你以为100公里是好玩笑的事，,1
2025/4/1 20:27,市区智驾没问题，高速就不敢了,0
2025/4/1 20:27,小米股票，可以抄底了[看],0
2025/4/1 20:27,换成油车97码也差不多完蛋了[我想静静][我想静静][我想静静],0
2025/4/1 20:28,如果定速巡航失灵应该怎么办,0
2025/4/1 20:28,买点啊,0
2025/4/1 20:28,撞之前马上退出 出了事 后台数据调出来 撞的时候智驾退出了 驾驶员的责任[看][看],1
2025/4/1 20:28,都是固定路线[大笑][大笑],0
2025/4/1 20:30,我的智驾只用于停车[捂脸][泣不成声][泣不成声],0
2025/4/1 20:31,油车没有一撞就容易起火,0
2025/4/1 20:31,跌百分之五叫暴跌。。。。。,0
2025/4/1 20:32,不需要，但危险情况需要人工接管,0
2025/4/1 20:33,一天跌5%还不算暴跌？[捂脸][捂脸],0
2025/4/1 20:33,也就是说碰撞前两秒，才把车辆交给车主，这也太极限了,0
2025/4/1 20:35,百分之五啥概念,0
2025/4/1 20:35,@非洲彭于晏,0
2025/4/1 20:35,粗粮[捂脸][捂脸] 速度是一种信仰,0
2025/4/1 20:35,武汉萝卜快跑是智能驾驶吗？,0
2025/4/1 20:36,百分之20又是什么概念，那个都没说暴跌，只说跌停。,0
2025/4/1 20:36,[赞],0
2025/4/1 20:36,还真不算，连续四五天跌5%以上，可以叫暴跌,0
2025/4/1 20:36,电池起火，车辆能否自动解锁,0
2025/4/1 20:36,就像小米上市第一天从24块跌到8块一样,0
2025/4/1 20:37,是的,0
2025/4/1 20:37,油车十来万都不会锁死，里面可以打开,0
2025/4/1 20:38,最近那个两秒退出[捂脸],0
2025/4/1 20:39,刚拿驾照,0
2025/4/1 20:39,撞晕了,1
2025/4/1 20:39,油车，撞烂了都没有烧,1
2025/4/1 20:40,今天怎么没说绷不住啦？[看],0
2025/4/1 20:42,电池报废，锁还能运行。,0
2025/4/1 20:43,小米也有机械锁，只是车主不好好学习。,0
2025/4/1 20:44,你是怎么知道车门锁死，被烧死的。等待官方调查结果，不信谣不传谣,0
2025/4/1 20:44,人烧成焦炭了,1
2025/4/1 20:45,玩手机的那一套追速度追到汽车加速上了,0
2025/4/1 20:46,说句实话，作为老司机的我。不会用这个智驾。我害怕，我还是相应我自己,0
2025/4/1 20:46,听天由命,0
2025/4/1 20:46,问界m9m7也不是l3吧,0
2025/4/1 20:47,像不像当初的特斯拉[九转大肠],0
2025/4/1 20:47,确实智驾（智障驾驶）,1
2025/4/1 20:48,估计是撞晕了……,0
2025/4/1 20:48,车主学习也没用，因为车主不在车上，而且还是三个女孩子，人家小米明明有机械锁，这个时速不管油车电车，差不多都要将近报废，还是小米太火了,1
2025/4/1 20:49,[捂脸]抄底[打脸]山顶啊大哥，你想当山顶洞人吗[大笑],1
2025/4/1 20:49,没有开过车，实在不知道什么样高科技，能完全手脱离方向盘那样开，真的放心吗[捂脸][捂脸],0
2025/4/1 20:49,胆子太大了。生命交给了这个给了系统[捂脸],1
2025/4/1 20:49,[捂脸]定速巡航我老人家都不敢用,0
2025/4/1 20:50,三个女孩学过也不一定有用，这速度撞完石墩，人晕没晕还不知道呢,1
2025/4/1 20:50,不允许出智驾车,1
2025/4/1 20:51,华为智驾，高阶智能驾驶。安全的很。,0
2025/4/1 20:51,这是官方？一是锁死谁确认的？二是标准版有智驾？[捂脸]你应该问的是为什么自燃了,1
2025/4/1 20:52,人家讲智驾，你讲碰撞，牛头不对马嘴,1
2025/4/1 20:52,不能排除一些容易被误导的消费者被企业夸大的无脑的以安全为卖点的宣传给迷惑了判断力而…,0
2025/4/1 20:52,冰冷的机器[捂脸]我记得当年诺基亚转苹果的时候还有些人说什么不安全，容易爆炸[笑哭][笑哭],0
2025/4/1 20:52,我说得真对，股票了[捂脸],0
2025/4/1 20:53,内侧 名单第一批，第二批第三批也没有 华为因为人家是第一个,0
2025/4/1 20:53,要知道是女的,1
2025/4/1 20:53,电车要配破窗锤，烧了打不开车门，有钱买没命开有用吗,1
2025/4/1 20:54,大胆,0
2025/4/1 20:54,踏马的智驾，如果识别不了就应该第一时间减速,1
2025/4/1 20:54,辅助啊,0
2025/4/1 20:54,不如自已的脚稳当,0
2025/4/1 20:55,华为的辅助驾驶牛b,0
2025/4/1 20:56,对安全不重视的人买车追求的是时尚，把安全放在第1位的人追求的永远是安全。,0
2025/4/1 20:56,话说开那么快门开了下去还能活吗[泪奔][泪奔][泪奔],0
2025/4/1 20:56,买带激光雷达的版本会好很多，[笑哭],0
2025/4/1 20:56,小米技术不行保时米,1
2025/4/1 20:58,武汉无人驾驶出租车怎么说？,0
2025/4/1 20:59,可怜啊,0
2025/4/1 20:59,但是智驾也就是个辅助,0
2025/4/1 21:00,还记得小米手机3吗。还有一个就是电车搞什么0-100加速，简直就是搞笑。,1
2025/4/1 21:00,其实车主不打方向，维修路段直接冲过去人能活，建议各个高速维修前上传维修开始时间，让各个APP可以显示施工路段。,0
2025/4/1 21:00,这个车没智驾[尬笑]这是标准版的,0
2025/4/1 21:01,一句话，技术太垃圾，为啥要相信智驾,1
2025/4/1 21:01,智驾又变成辅助了。[尬笑],0
2025/4/1 21:01,博主请标准用语，小米su7标准版没有智驾，只是辅助驾驶,0
2025/4/1 21:02,所以说啊，看到好多人在喷小米，其实这就是单方面的车祸，车祸过后车内不确定因素太多了,0
2025/4/1 21:02,小米汽车，表示支持，已经试用行[感谢],0
2025/4/1 21:02,[比心][比心][比心]牛[赞][赞][赞][赞],0
2025/4/1 21:03,如果电车没有智驾，那他在油车面前毫无性价比，,0
2025/4/1 21:03,我是个新手女司机，请问买啥车？,0
2025/4/1 21:03,标准版 只有堵住驾驶吧,0
2025/4/1 21:04,都这么牛了吗 比亚迪,0
2025/4/1 21:06,萝卜快跑，L几？,1
2025/4/1 21:06,所以还得是油车，油车起火抽根烟拍个抖音再下车 不急,1
2025/4/1 21:06,余承东让很多人没有辅助驾驶的概念,0
2025/4/1 21:06,不是小米啥时候有智能驾驶了啊[捂脸],0
2025/4/1 21:07,我前几天才说这类电车要害了多少青少年，昨天就来了,1
2025/4/1 21:07,总共就给了几秒的时间反应，哪有那么快啊这个车的减速判断太不行了,0
2025/4/1 21:08,让雷军说来说话,0
2025/4/1 21:08,"十次车祸  九次快
还有一次智驾开
愿逝者安息",0
2025/4/1 21:09,小米一直宣传的是辅助驾驶，不是智能驾驶，智能驾驶记得好像就蔚来的车吧,0
2025/4/1 21:09,100码??速度什么车能活,1
2025/4/1 21:10,我是真的崩不住了,0
2025/4/1 21:10,还是买BBA好一点,0
2025/4/1 21:10,电池要安全锁住，万一撞上要有自动断电功能，会自动跳闸的开关，技术不够先进，,0
2025/4/1 21:11,因为国人喜欢这样那样的高配置，已经觉得领先合资车好几十年了[尬笑],1
2025/4/1 21:11,不是该问:为啥燃烧吗,0
2025/4/1 21:12,个人问题 把自己的生命交给科技[尬笑],0
2025/4/1 21:12,好像人驾就没事故了,0
2025/4/1 21:13,那么问题来了，卖车的有没有详细介绍有机械拉手，公布会上有讲过这些吗？这可是保命关键啊，都说安全第一，这项机械拉手是不是应该放第一位介绍。电车断电就打不开车门，现在电车确实做好也很科技，无论发生什么事故都要逃生，是不是最关键的。能不能把门换成机械的跟油车一样，其他的怎么科技都行。频繁电车事故。,0
2025/4/1 21:13,直接闭上眼睛就行了，别想太多，我之前被人追尾，估计就10几码，都给我震的头疼,0
2025/4/1 21:14,120油车也不行太快了,0
2025/4/1 21:14,智能驾驶遇到紧急情况，还需要交给人来接管，就说明他还不够智能，甚至是更危险！他这么智能不应该是他来解决突发情况吗？别让不完善的智能驾驶来危害人类生命了！,1
2025/4/1 21:14,开车我还是相信我自己[捂脸]手握方向盘心里不慌[捂脸],0
2025/4/1 21:16,2025，4月1日，回过来看余总的这句话。是高瞻远瞩。安全是最大的豪华,0
2025/4/1 21:16,可以自动驾驶，去长安街溜达溜达,0
2025/4/1 21:16,是让不要依赖,0
2025/4/1 21:16,[大笑][大笑][大笑],0
2025/4/1 21:17,这就是买垃圾电瓶车的后果，连手机都发烫还要组装汽车。[合十][合十][合十],1
2025/4/1 21:17,不可能一个人没活下来  [机智] 要么就是车门打不开,0
2025/4/1 21:18,他就给她们1秒，她有的选么？,1
2025/4/1 21:19,2秒其实够了,0
2025/4/1 21:19,只有b奔驰有,1
2025/4/1 21:19,不撞上去，会爆炸吗？,0
2025/4/1 21:19,问界m7以121速撞上前方水泥车，车头全毁，驾驶员安全[皱眉],0
2025/4/1 21:20,智能驾驶就是作死的配置！！必须消失！！[捂脸],1
2025/4/1 21:22,无论你说什么，只要不是速燃，驾驶员蒙了，或昏死过去，缓和一会，或者不燃，里面人就有很大生存率。,0
2025/4/1 21:22,说到底还是车企把这些不成熟的东西吹嘘的太牛了[流泪],0
2025/4/1 21:22,两秒足够了,0
2025/4/1 21:23,还是开德系车安全！,0
2025/4/1 21:23,那家车企敢说自己不是驾驶辅助。,0
2025/4/1 21:23,检测距离是有限的，上次开车80-0急刹，起码也有30米远，还是人为踩的，都有轻微碰撞,0
2025/4/1 21:24,标准版用智驾[捂脸]牛批,0
2025/4/1 21:24,奇瑞可以了解一下 当然还有沃尔沃,0
2025/4/1 21:25,97公里时速撞击里面的人大概率昏了,1
2025/4/1 21:25,就应该实事求是，现阶段的技术根本就做不到这么开放，还是老老实实自己开吧,0
2025/4/1 21:26,激光雷达  不如发明视野雷达，  就跟人的眼睛一样，把整个车装成眼睛一样  来智能 Ai 识别,0
2025/4/1 21:26,这么快，怎么可能不撞，不翻,1
2025/4/1 21:26,不是自驾，是辅助驾驶,0
2025/4/1 21:27,小米就是靠雷军的网络影响来卖车，车本身就不成熟，看看华为车,1
2025/4/1 21:28,除了奇瑞还有谁[捂脸],0
2025/4/1 21:28,开车技术不行[666]一脚刹车踩死就好了,1
2025/4/1 21:28,不怕大家笑话，我还不知道什么是智驾，智驾没用过，也没开过电车[捂脸],0
2025/4/1 21:29,余承东让人以为智驾是自动驾驶,1
2025/4/1 21:29,L85级的时候，才能真正实现安全自动驾驶,0
2025/4/1 21:30,就冲王总敢当众揭穿骗局，比亚迪值得信赖[赞],0
2025/4/1 21:30,小米是l3还是l2,0
2025/4/1 21:30,l2级以下本来就是辅助,0
2025/4/1 21:31,敢打无人出租车的都是狠人[捂脸],0
2025/4/1 21:31,智驾这个东西我从来就没信过它[尬笑],0
2025/4/1 21:31,我家的小米电视既然是TCL代工的[泪奔][泪奔][泪奔],0
2025/4/1 21:32,主动刹车怎么没开启,1
2025/4/1 21:32,某车企不是说他们 l2.9么,0
2025/4/1 21:32,奔驰不可以吗,0
2025/4/1 21:33,不成熟的车企，造出不成熟的车，卖给不成熟的人！故事就这么简短！[不看][不看],1
2025/4/1 21:33,那还要啥智驾,1
2025/4/1 21:34,我以前很讨厌大嘴，但也不是米粉。但是现在我觉得，安全才是最大的豪华，不管这句话能实现多少，至少研究主动安全，比研究加速和最高速度，不管对车主还是公共安全来说，才是更适合的那条路。,0
2025/4/1 21:37,不要相信智能驾驶，不要相信，不要相信，重要的事情说三遍[九转大肠][九转大肠][九转大肠][九转大肠][九转大肠][九转大肠],0
2025/4/1 21:38,开车一定要谨慎驾驶，车不是玩具，不是闹着玩，人命关天啊。,0
2025/4/1 21:39,村里一个人喝多了酒摔死了，酒厂至今没联系家属。,1
2025/4/1 21:40,小米有智驾的技术吗？,0
2025/4/1 21:41,这就是小米自动驾驶，好智能哦，真的很智能，人都烧死3个了[大笑][大笑][大笑],1
2025/4/1 21:41,奇瑞，虎8PRO 125码撞收费站，艾8 141码撞铲车，揽月 120码撞起亚，旅行者 悬崖翻滚,1
2025/4/1 21:42,l3出事故需要车企连带责任，你说为什么l3没出？[泪奔],0
2025/4/1 21:42,保证全神贯注精神满满，我要智驾干嘛，还不如自己开,0
2025/4/1 21:44,你看到过萝卜快跑出现重大事故吗？,0
2025/4/1 21:44,什么工具用不好都会要人命，吃饼干还有噎死的呢,0
2025/4/1 21:44,智驾只是华为！剩下就是其它,0
2025/4/1 21:44,问题我也就说过，不要买电车，不要买电动车，偏偏就是有些人要为了省钱去买,1
2025/4/1 21:44,小米不是能开320马吗？,1
2025/4/1 21:45,你就是个机器人,1
2025/4/1 21:45,太早了,0
2025/4/1 21:46,智驾，脑子坏了把生命安全交给电脑？安全把握在自己手里！,1
2025/4/1 21:47,只能说这种车缺陷不少，需要国家行政干预制造标准，否则后面还会有同样事故发生的[看],0
2025/4/1 21:47,鸿蒙智驾不算吗,0
2025/4/1 21:48,确实[看],0
2025/4/1 21:49,是他驾驶的方式不对,0
2025/4/1 21:49,在中国打虚假广告没有成本。所以一个比一个吹的厉害,1
2025/4/1 21:49,有手有脚，为什么要放弃？嗨！,0
2025/4/1 21:50,这车酒驾直接坐副驾驶,1
2025/4/1 21:50,那又如何，人家热搜销量29000，其他品牌有这个销量么？这种新闻和事故肯定是友商故意黑的，不信谣不传谣,1
2025/4/1 21:51,一声叹息。,0
2025/4/1 21:51,我心疼那三位女生,0
2025/4/1 21:51,买华为呀,0
2025/4/1 21:52,"闺蜜：你卡粉啦
司机：啊！神情自若按了辅助驾驶，然后拿着镜子左擦擦，右擦擦，抿抿嘴，然后出现了光
纯属虚构",0
2025/4/1 21:52,2秒够干嘛！和没有一样,1
2025/4/1 21:53,乖乖买油车吧[赞],0
2025/4/1 21:53,人家三之母，全民智驾[尬笑],1
2025/4/1 21:53,我米投了这么多吗 出事故的是米 但感觉怪怪的 都是华为的错吗[看],1
2025/4/1 21:53,要分清楚自动驾驶和智能辅助驾驶，没有达到L4级别的都属于辅助驾驶，双手是不能离开方向盘的人要随时接管的,0
2025/4/1 21:53,女司机,0
2025/4/1 21:54,自驾是完全放手睡觉的那种吗？[石化],0
2025/4/1 21:54,还是要相信自己  科技只是辅助 让科技开车 那不就是拿命给科技了嘛[捂脸][捂脸],0
2025/4/1 21:55,我ET的渣渣智驾高速改道都是自动的，遇到紧急情况提示接管也没退出,1
2025/4/1 21:55,油车也有智驾啊我的油车就有不过我从来不用[我想静静][我想静静][我想静静]这三个女大学生真的心太大了,1
2025/4/1 21:56,市区人多，高速更好开,0
2025/4/1 21:56,还是传福哥清醒,0
2025/4/1 21:56,最安全的还是手动挡,0
2025/4/1 21:57,油车97码撞上水泥柱，也是非死即伤啊,0
2025/4/1 21:58,宣传智驾的车企，出问题后一应由车企负全责。,0
2025/4/1 21:59,买车子很简单，如果一个车企连发动机都造不出来，肯定是杂牌,1
2025/4/1 21:59,无人驾驶的前提是：“必须确保车上无人”！车上有人的情况下，任何时候都必须把方向盘握在手中，脚放在刹车上。[感谢][感谢][感谢],0
2025/4/1 21:59,[感谢][感谢][感谢],0
2025/4/1 21:59,人问题怪车？[捂脸][捂脸][捂脸][捂脸],0
2025/4/1 21:59,关键在个人相信，愿意花几十个W去交智商税[捂脸],1
2025/4/1 22:00,沃尔沃X C90绝对毫发无伤[灵机一动],0
2025/4/1 22:00,在看一下发布会,0
2025/4/1 22:00,直接把辅助功能取消不就完事了,1
2025/4/1 22:00,那是支架不是智驾！,0
2025/4/1 22:00,电动车，很少见把安全性拿出来做卖点的！都是加速多快多快，哎，星爷说的“沉也沉的快”[流泪],0
2025/4/1 22:01,汽车召回制度没有了吗？,0
2025/4/1 22:02,电车干嘛要造发动机？,0
2025/4/1 22:02,没有激光雷达的智驾你就当它没有，得时刻盯着。这事故，32m/s速度，提醒到撞车2s，中间还减速了，也就是说，提醒的时候距离只有50米了。目前智驾安全做的最好还是华为,0
2025/4/1 22:02,辅助驾驶只是辅助，缓解长途开车累，自适应巡航也要接管方向盘，只有激光雷达才精准！,0
2025/4/1 22:02,可以的，能不能醒来就看天意了[呲牙],0
2025/4/1 22:03,电车特斯拉吗烧的少，大多数都是混动的多,0
2025/4/1 22:03,人家是L2，是辅助,0
2025/4/1 22:03,当你很信任智驾的时候，可以放开双手休息或者看手机 只有三秒钟的时间给你接管，你也没够时间反应去踩刹车和摆方向。,0
2025/4/1 22:04,现在的营销号都是神人，人家股价跌是因为股东减持，都能联系到这件事上，血馒头这么好吃啊,1
2025/4/1 22:04,别的我不知道，撞铲车那个撞击时已经减速到70了,0
2025/4/1 22:05,宁愿相信科技，都不相信自己的双手哎！！悲哀呀[尬笑][尬笑][尬笑],0
2025/4/1 22:05,八分钟，提醒了八分钟，驾驶员才接管,0
2025/4/1 22:05,不敢做电车了,0
2025/4/1 22:05,真不敢,0
2025/4/1 22:05,本来就是啊，一觉醒来穿越到斗气大陆[看],0
2025/4/1 22:05,私家车L3级别主驾只要有人的，可以离手离脚，但不能离脑[捂脸]L4级别可以离脑离方向盘，也就是说将来的车方向盘几乎就是属于折叠式的[玫瑰]当然自驾出租车除外。,0
2025/4/1 22:06,重要的事说三遍不买电车[呲牙],1
2025/4/1 22:06,l2和l2是不一样的。我那个只能在线里走，没线就不行。,0
2025/4/1 22:07,应该吧自驾两个字取消,0
2025/4/1 22:07,催牛逼害死人,1
2025/4/1 22:07,智能驾驶啊！[捂脸],0
2025/4/1 22:08,大家都在搜：l3智驾车型,0
2025/4/1 22:08,那问界智驾出事故后是华为负责还是赛力斯负责,0
2025/4/1 22:08,有施工肯定有特么限速标准！他116你觉得超速没有超速,1
2025/4/1 22:08,我看成雷总手骨折了绑着石膏[泣不成声],0
2025/4/1 22:09,110公里高速没起火,0
2025/4/1 22:09,电车不靠谱呀，发生事故成为定时炸弹,1
2025/4/1 22:09,L3为了环保  取消了方向盘 [捂脸],0
2025/4/1 22:09,那时无人驾驶，不是智驾[尬笑],1
2025/4/1 22:09,双手离开方向盘，施工路段没有限速提示？呵呵,1
2025/4/1 22:09,不依赖智驾，那干啥要花钱买智驾呢[宕机],1
2025/4/1 22:10,敢把把生命交给智驾的人，真是牛人[灵机一动],0
2025/4/1 22:10,说得对,0
2025/4/1 22:10,命大而已,1
2025/4/1 22:11,方向盘还是在自己手里安全，智驾刚起步，不要拿自己的生命去测试[流泪],0
2025/4/1 22:11,有次我开长续y高速上，开启ap，长途有点迷糊了，没有全神贯注，突然屏幕出现  前方碰撞，我赶紧回过神来打方向盘，倾斜度出现了一排停车椎，已经来不及了，撞了两三个，赶紧停车查看，吓死我了，浑身都在发抖，幸好是塑料的，要是水泥桩，后果可想而知了,0
2025/4/1 22:11,[流泪],0
2025/4/1 22:12,我从来不用，靠自己双手掌握生命,0
2025/4/1 22:12,不买电动车,0
2025/4/1 22:12,悲叹一声，哎,0
2025/4/1 22:12,都说了是辅助驾驶，不是自动驾驶！就是不听！,0
2025/4/1 22:13,[感谢],0
2025/4/1 22:13,个人觉得有一半自然原因，当然也得排查造车技术的可行性。需要证明97km/h的速度撞击后，到烧灭的一个小时里，车内人员曾清醒且有开门的能力，才可以谴责车门锁死导致了人员死亡吧，不然换啥车都是这结果，但烧成这样了，也挺难证明的。等警方消息吧。,0
2025/4/1 22:13,十次事故九次快，这也是发生事故时，超速百分百会判定严重过错，百分五十以下一般过错的原因,0
2025/4/1 22:13,不管开什么车都不能依赖电子，请珍惜生命[感谢][感谢][感谢],0
2025/4/1 22:14,我避免了至少三次了,0
2025/4/1 22:14,给智能驾驶刹一下车。,0
2025/4/1 22:14,于总的这句话经安全是最大的豪华，含金量还在增加,0
2025/4/1 22:14,[感谢][感谢][感谢],0
2025/4/1 22:14,啥时候的事啊？,0
2025/4/1 22:14,雷军怎么哑巴了？走岀来给个说法？,1
2025/4/1 22:15,l2不是辅助是啥？,1
2025/4/1 22:15,爆燃什么概念[感谢][感谢][感谢],0
2025/4/1 22:15,个人觉得有一半自然原因，当然也得排查造车技术的可行性。需要证明97km/h的速度撞击后，到烧灭的一个小时里，车内人员曾清醒且有开门的能力，才可以谴责车门锁死导致了人员死亡吧，不然换啥车都是这结果，但烧成这样了，也挺难证明的。等警方消息吧。,0
2025/4/1 22:16,千万不能把智能驾驶当成自动驾驶,0
2025/4/1 22:16,老胡啊，你应该买一辆来用,0
2025/4/1 22:17,大晚上把智驾当自动驾驶[赞][赞][赞],0
2025/4/1 22:17,去年我的比亚迪，70多码对撞的,0
2025/4/1 22:17,自己的命掌握在自己手上,0
2025/4/1 22:17,还是要选传统车企，小米造车时间短，还在试验期，慎选。,0
2025/4/1 22:18,雷军宣传的时候可没有这么说,1
2025/4/1 22:18,事故的主要责任就是智驾系统！,1
2025/4/1 22:18,可以智驾，但是一定要看着,0
2025/4/1 22:19,智能辅助系统。是辅助。,0
2025/4/1 22:19,小事出了事他就长记性了,1
2025/4/1 22:19,方向盘还是要牢牢的掌握在自己手中！,0
2025/4/1 22:19,不敢买,0
2025/4/1 22:19,我就想知道开车和坐车的都死了，你们是怎么知道他们是开着智能驾驶撞的呢？是小米给的数据吗？,1
2025/4/1 22:19,现在也没有智驾啊，不是辅助驾驶吗[呆无辜],0
2025/4/1 22:20,这是高速公路，高速公路，国家规定高公路，80—120。,0
2025/4/1 22:20,再等两天[捂脸]这热度还有几天[捂脸],0
2025/4/1 22:20,蔚来系统还是很牛逼的[灵机一动],0
2025/4/1 22:21,真的佩服那些敢把命交给智驾的人[捂脸][捂脸],0
2025/4/1 22:21,你在现场看到了？[呲牙]每天都有出车祸的没听说找造车的,1
2025/4/1 22:21,把自己的生命寄托在人工智能上，真的是在开国际玩笑，也只有我们中国人才有这个技术,1
2025/4/1 22:22,不怕大家笑话，自适应巡航我都不敢用[捂脸],0
2025/4/1 22:23,既然没有完全自动驾驶车，那萝卜快跑是怎么上路的？,0
2025/4/1 22:23,所以有定速巡航就可以了，自适应巡航功能我都嫌它太复杂不可靠,0
2025/4/1 22:23,呼吁禁止智能驾驶上车,0
2025/4/1 22:23,老胡啊，你应该买一辆来用,0
2025/4/1 22:24,我定速巡航都不敢用[捂脸],0
2025/4/1 22:24,你的意思是怪我咯，生命只有一次，可以告到小米破产,1
2025/4/1 22:24,呵呵，有没有可能这个标准都是华为参与制定的，新m9也有可能就有这个功能,0
2025/4/1 22:24,车祸猛如虎，智驾错一回就有可能闯大祸，还是相信自己的人脑吧！,0
2025/4/1 22:24,不说说高速公路修路占道的问题吗,0
2025/4/1 22:24,好看不中用，不如问界。,1
2025/4/1 22:24,普通车没有出过事故？,1
2025/4/1 22:24,那就取消功能呗,0
2025/4/1 22:24,人家是2.9999……，上面有点，是无限循环小数,0
2025/4/1 22:25,智驾都有,0
2025/4/1 22:25,从来不用智能,0
2025/4/1 22:25,电费虽好，容易燃烧爆炸！,0
2025/4/1 22:25,东西是死的，人是活的！在于人的使用！,0
2025/4/1 22:25,我本想买个电车开车的时候睡一觉醒来然后就到目的地了[泣不成声]  好可怕，看来自驾睡觉就很可能去终极目的地了,0
2025/4/1 22:25,@这家伙很懒的 @浑然天陈,0
2025/4/1 22:25,人多还不好啊,0
2025/4/1 22:25,道路维修200米警示安全距离不够，警示电子灯柱是否设置了？？？,0
2025/4/1 22:26,[舔屏][舔屏][舔屏][舔屏]太顶级了,0
2025/4/1 22:26,撞的地方不对,1
2025/4/1 22:26,老胡应该购置一辆苏七亲自验证。,0
2025/4/1 22:26,大奔l3,0
2025/4/1 22:26,车标抠晚了了吧,1
2025/4/1 22:26,智驾是辅助系统 ，开车这个东西还是得掌握在自己手里,0
2025/4/1 22:26,两秒连个屁都放不干净，反应啥[捂脸],1
2025/4/1 22:27,老胡怎么没碰上这种事？老胡赶紧去买一辆。,0
2025/4/1 22:27,不应当，不应当，我应当做…这是什么说教呀。,1
2025/4/1 22:27,老胡说的对?,0
2025/4/1 22:27,"小米智驾太差了[泣不成声][泣不成声]
[感谢][感谢][感谢]",1
2025/4/1 22:27,电池碰撞起火这个怎么解决,0
2025/4/1 22:27,从超速道直接翻转撞到应急车道，看看防障梁，又大又粗,0
2025/4/1 22:28,哥，中肯,0
2025/4/1 22:28,出事故驾驶人永远是第一责任人,0
2025/4/1 22:28,飞机还年年出事呢，一次死上百人，怎么一直有人坐？火车轮船什么不出事故，不要以个例来否定整体,0
2025/4/1 22:28,谁的智驾都不能完全不管呀，都是智能辅助驾驶，还有辅助两个字呢。反正我从来不相信智驾,0
2025/4/1 22:28,谁发明的无人驾驶？,0
2025/4/1 22:28,不得不说这车轮是这不错，这是哪家上市公司的？,0
2025/4/1 22:28,把方向盘握在自己手里才安全，这句话没有听说[呆无辜],0
2025/4/1 22:29,L2.9999是什么车,0
2025/4/1 22:29,辅助智能驾驶...又不是完全无人驾驶。,0
2025/4/1 22:29,就这两天的事，三个年轻人好像去参加国考,0
2025/4/1 22:30,我命由车不由我,1
2025/4/1 22:30,有没有缺陷还是值得思考改进的,0
2025/4/1 22:30,L2.999  无解[看],0
2025/4/1 22:30,智驾后遇事情能不能不要人接管。直接急停！,0
2025/4/1 22:30,我闭着眼用辅助驾驶[捂脸],0
2025/4/1 22:31,老胡你怎么看？,0
2025/4/1 22:31,死也得买沃尔沃,1
2025/4/1 22:31,恭喜迪子[赞],0
2025/4/1 22:31,那为什么要出。不出就没人用了,1
2025/4/1 22:32,中方：你不要给我哇哇叫,1
2025/4/1 22:32,这个路我今天刚跑过，属于维修道路，借道逆向车道，非常容易误判！晚上跑高速一定一定要控制车速，一定不能用智驾，定速巡航都不可以！但凡吹智驾都是谋财害命！,0
2025/4/1 22:32,省油！,0
2025/4/1 22:32,华为,0
2025/4/1 22:32,相信老胡 成为老胡,0
2025/4/1 22:33,罗卜连司机都没有，不算完全自动驾驶？,0
2025/4/1 22:33,只有69元了，但是想拍照，想记录日常生活 ，有没有推生活 荐的呢。只有69元了，但是想拍照，想记，有没有推荐的呢。微信只有69元了，但是想拍照，想记生活 ，有没有推荐的呢？,0
2025/4/1 22:33,不能给车企钻空子,0
2025/4/1 22:33,l3你放心把性命交给机器控制吗,0
2025/4/1 22:33,我们没怀疑智驾 现在就想知道门为啥打不开,0
2025/4/1 22:33,卖车的时候就应该和用户特别说明这是一款不是自动驾驶的车,0
2025/4/1 22:33,你自己亲身经历一下,1
2025/4/1 22:34,赞同老胡,0
2025/4/1 22:34,不是全民智驾吗[捂脸][捂脸][捂脸]，被背刺的来了一份安慰,0
2025/4/1 22:34,沒法解决[捂脸][捂脸][捂脸],0
2025/4/1 22:34,弹射起步[赞][赞][赞]  现在弹射死亡,1
2025/4/1 22:34,智架除非达到L4才能放心，目前还是得用手安全些,0
2025/4/1 22:34,那不至于，可以车上时候让右脚放松一会，但是不眼睛不能休息,0
2025/4/1 22:34,那是l3这个是l2,0
2025/4/1 22:35,方向盘 在自己的手里才放心 傻蛋 你看看 军方 的用车[呲牙][呲牙][呲牙],1
2025/4/1 22:35,老胡的话很客观[赞],0
2025/4/1 22:35,这要是早二个月雷军就登不了全国首富榜了,1
2025/4/1 22:35,他意思是油车起火没那么迅猛,0
2025/4/1 22:36,你们去试试90几码直接撞 人还可以清醒打开车门？,1
2025/4/1 22:36,想到林志颖那次车祸了,0
2025/4/1 22:37,愚人节最大的玩笑,0
2025/4/1 22:37,自动驾驶技术分阶段推进，从辅助驾驶（LV0-LV4）到完全无人驾驶（LV5）。在LV5实现前，驾驶员须持续监控路况并随时接管操作。辅助驾驶系统通过雷达、摄像头等多设备协同，可实时感知环境并控制车辆动态，有效减轻驾驶负担。数据显示90%交通事故源于人为失误，规范使用辅助驾驶（保持手扶方向盘、专注路况）能显著降低事故率。技术发展虽提升出行便利，但现阶段安全仍依赖人机协同监管。,0
2025/4/1 22:38,我在想啊，要是广告法和刑法一样严格那就好了[流泪],0
2025/4/1 22:38,人类技术的进步都有代价，不要过度解读，忘所有车企改进技术，让用户安全安心，,0
2025/4/1 22:38,不能怪智驾，只怪汽车发生了碰撞门打不开了，迅速着火。,0
2025/4/1 22:38,上次还刷到一个打呼睡觉的一只睡到下高速，胆子也是真大,0
2025/4/1 22:38,我关心的是为什么会爆燃,0
2025/4/1 22:38,买吉利电车靠谱,0
2025/4/1 22:38,老胡真是话里有话,0
2025/4/1 22:39,你看完新闻在评论[捂脸],0
2025/4/1 22:39,时速110撞这么轻？这城区啊,0
2025/4/1 22:39,高速路上只能自驾，不能智驾，！！！,0
2025/4/1 22:39,谁给我一个这车我全手动[呲牙][呲牙][大金牙][大金牙],0
2025/4/1 22:39,智驾，我连定速巡航都不相信[酷拽][酷拽][酷拽],0
2025/4/1 22:40,可惜三名女大学生,0
2025/4/1 22:40,敢把自己的命交在车上的都是狠人,0
2025/4/1 22:40,L4以下不允许出现自动驾驶字眼,0
2025/4/1 22:40,自动驾驶不就没了驾驶的乐趣了吗，,0
2025/4/1 22:41,赞同,0
2025/4/1 22:41,绷不住了[流泪],0
2025/4/1 22:41,你说的不是小米吗[白眼]这两天爆火的高速烧死的三个人不就是1秒退出智驾吗[白眼],1
2025/4/1 22:41,但是死者的家属说是门打不开，谁告诉他们的门打不开,1
2025/4/1 22:42,晚上光线不好，不适合搞智能接管驾驶,0
2025/4/1 22:42,只能说小米做车还没成熟,0
2025/4/1 22:42,怀疑车，怀疑路，从来不怀疑驾驶员[赞],1
2025/4/1 22:42,什么东西,1
2025/4/1 22:42,林志颖是把自动巡航当成了ap，回头够东西,1
2025/4/1 22:42,这个肯定不行，高速上急刹车会出大事的，谁敢这么设计，出了重大事故，车企都要去吃牢饭,0
2025/4/1 22:43,[泣不成声][泣不成声][泣不成声]你想罚倒闭我们的椰树牌椰汁吗,1
2025/4/1 22:43,坚决打击饭圈文化！,0
2025/4/1 22:43,测算一下，从24秒从116公里/小时开始减速，到2-3秒，降到96公里/小时，制动距离至少100米，一般豪车30多米刹停。车辆主动安全还是不行。,0
2025/4/1 22:43,汽车是人做的，所以就一定会有问题[看]因为是人就会犯错,0
2025/4/1 22:43,雷军说了无数次只是辅助驾驶，而且这场事故的根源就是司机没有正常驾驶，自己不好好开车，要别人买单，还有一堆人才搁那质疑这质疑那，一大半没开过车的在那喊。。,1
2025/4/1 22:44,北京的啊,0
2025/4/1 22:44,[捂脸],0
2025/4/1 22:44,广告语：人生的第一辆汽车，也是一生的最后一辆车,0
2025/4/1 22:44,这是智能驾驶的事么？门打得开，起火，才是重点好么,1
2025/4/1 22:44,老胡，今天股票亏了多少？,0
2025/4/1 22:44,这这就像是遇到危险了，我就不管了，直接扔给别人的样子。既然你是辅助驾驶，遇到危险应该在很早之前就做出判断。都到最旁边了，你遇到危险直接扔给车主，谁能搞得明白？,1
2025/4/1 22:45,哎，危险都到跟前了，辅助驾驶直接觉得危险，扔给驾驶员，哪个驾驶员要是能反应过来就怪了。,0
2025/4/1 22:45,人家开的是m9，运气真好,0
2025/4/1 22:45,不爆然也不会这么惨,1
2025/4/1 22:45,老胡的发型还是这么帅,0
2025/4/1 22:45,晚上开智驾，脑子进水[赞],1
2025/4/1 22:45,电车什么都好，就是安全性方面还是风险太高，出个小事故也容易送命。换油车，这速度发生碰撞不至于危及生命，电车碰撞后容易燃烧这一点不解决的话，其他再好，也是枉然。,0
2025/4/1 22:46,买的车自动刹停呵呵，跟摆设一样，看见了踩刹车就停了有一次没注意直接就追尾了，也没自动刹停[冷漠],1
2025/4/1 22:46,有点想退货[捂脸],0
2025/4/1 22:46,雷军一直都强调是智家现阶段都是辅助驾驶，而且这个标准版配的更是辅助，自己没搞清楚定位。,0
2025/4/1 22:47,哎！,0
2025/4/1 22:47,[捂脸],0
2025/4/1 22:48,出事故前1秒退出智能驾驶。[捂脸],0
2025/4/1 22:48,我知道老胡的眼袋为啥这么大了[捂脸],0
2025/4/1 22:48,港股我又买不了,0
2025/4/1 22:49,电瓶车不怕事故，唯一怕的就是电池碰撞，电池碰撞一碰一个起火，无一例外。关键tmd灭都灭不了。就得烧完才能灭了。,1
2025/4/1 22:49,雷军一直忽悠全国人民他的小米各项领域世界第一，为什么不能自动杀停？为什么门打不开？一直在高仿，出事故了三死啊，为什么在逃避责任。以后买车首选华为鸿蒙智驾关键是能救你命。,1
2025/4/1 22:49,油车这个速度撞上去也会啊,0
2025/4/1 22:49,无解,0
2025/4/1 22:50,不否定我理解，难道连怀疑都不行？[抠鼻],1
2025/4/1 22:50,@a11116666T,0
2025/4/1 22:50,特斯拉也出事过百次一样有追棒[捂脸]自动驾驶还是以人操作为上[呲牙],0
2025/4/1 22:50,既然可以提示障碍物就应该主动刹车阿,0
2025/4/1 22:50,人家本来就是辅助驾驶员驾驶的系统，不是自动驾驶系统，是你们自己误解罢了！,0
2025/4/1 22:51,怎么个不错法？这才出了几天了，出了多少事故？,1
2025/4/1 22:51,买啥小米,1
2025/4/1 22:51,没有经过岁月的洗礼，你是怎么定义不错的？,0
2025/4/1 22:52,智能驾驶不能主动剎车吗,0
2025/4/1 22:52,这车要命，不能买，,1
2025/4/1 22:52,这个视频出来的刚好三个女大学生的事情，麻烦给人家几百万的安慰费吧,1
2025/4/1 22:52,电池也是关键,0
2025/4/1 22:52,是路信息没有配合到车…这俩都在磨合期,0
2025/4/1 22:52,和交通法一样严格,0
2025/4/1 22:53,智能驾驶就是找死[捂脸],1
2025/4/1 22:53,网红产品尔,0
2025/4/1 22:54,给老胡的点评点赞！只是可惜了三条年轻的生命！[感谢][感谢][感谢],0
2025/4/1 22:54,辅助智能驾驶,0
2025/4/1 22:54,自己去看吧，标准版没有激光雷达[尬笑],0
2025/4/1 22:54,而车企是第二责任人,0
2025/4/1 22:54,不是所有的智驾都叫鸿蒙智行[捂脸],0
2025/4/1 22:55,萝卜快跑肯定是智驾,0
2025/4/1 22:55,特斯拉能打开吗？高速上晚上开车必须注意力集中,0
2025/4/1 22:55,锂电是真不行，燃烧速度太快了，根本没有脱困时间，好淘汰了，锂电,0
2025/4/1 22:55,老胡还炒股吗？,0
2025/4/1 22:55,油车高速碰撞一大把，很少听说起火,0
2025/4/1 22:55,他妈的，特斯拉死了那么多人没有见过你没有这么大动作搞笑[微笑][微笑][微笑],1
2025/4/1 22:55,这些不重要…人的理解和路的完善、车的智慧，还都在磨合期…如果人理性，没事吧？如果路好，没事吧？如果车够智，没事吧？,0
2025/4/1 22:55,人家几十年你才3年,1
2025/4/1 22:56,这些不重要…人的理解和路的完善、车的智慧，还都在磨合期…如果人理性，没事吧？如果路好，没事吧？如果车够智，没事吧？,0
2025/4/1 22:56,9上面有个无限循环小数点[坏笑],0
2025/4/1 22:56,电车起火，电池电解液用水是浇不灭的[流泪]，活活烧死是多么痛苦的事[流泪],0
2025/4/1 22:56,箩卜快跑呢，有人开吗,0
2025/4/1 22:56,同样的钱买东西他带那玩意有啥办法，还能让他减了去,1
2025/4/1 22:56,没有激光雷达,0
2025/4/1 22:56,从来不相信电车，韭菜才买[看],1
2025/4/1 22:56,有手动开锁装置，只是逝者不知道。,0
2025/4/1 22:57,老胡，你的头发是真的黑还是染发的？用的什么洗发水啊？,0
2025/4/1 22:57,人的关系,0
2025/4/1 22:57,你真是个明白人,0
2025/4/1 22:57,开小米还敢用智驾啊,1
2025/4/1 22:57,感情28分，36分的报警预警完全没有作用？,0
2025/4/1 22:57,那之前驾驶员干嘛了？不看路？激光雷达也有探测距离的,0
2025/4/1 22:57,其他不重要，车为什么起火门打不开，才是重点,0
2025/4/1 22:57,高速智能驾驶心态是有多强大,0
2025/4/1 22:57,@累军,0
2025/4/1 22:58,技术不成熟所有电车都自燃??,1
2025/4/1 22:58,那么多车都有事故丫，为什么偏偏小米在你老胡这评论[捂脸],1
2025/4/1 22:58,它有智驾，就是因为配置只适用于高速，其它两款适用于高速和城市道路,0
2025/4/1 22:58,你在现场?你是出勤的交警?,0
2025/4/1 22:58,我从来就不用智驾模式，因为我信不过它[捂脸],0
2025/4/1 22:58,为啥不早提醒 手离开为啥不自动降速,1
2025/4/1 22:58,制动驾驶    驾驶证还有什么用,0
2025/4/1 22:58,老胡分析客观真实[赞],0
2025/4/1 22:58,老胡，这是辅助驾驶。我们还没有实现真正的智能驾驶,0
2025/4/1 22:59,胡锡进讲清楚了[呲牙][呲牙][呲牙],0
2025/4/1 22:59,"相信自己
再相信车",0
2025/4/1 22:59,小米手机可以买，汽车也敢买，手机坏了没事，汽车出问题要命,1
2025/4/1 22:59,说啥都有，我这是自个儿的看法，大家都有自个儿的看法。,0
2025/4/1 22:59,[宕机],0
2025/4/1 22:59,你想的太简单了，没有现在的摸索，怎么才有以后的全部无人驾驶。现在快递，外卖，滴滴好多都是无人驾驶车了。,0
2025/4/1 22:59,油起火，水也浇不灭呀,0
2025/4/1 23:00,小米汽车总是觉得飞得太低,0
2025/4/1 23:00,虽然有智驾，但是交通法规定，驾驶人必须有驾驶证，而且交通法规定，正确驾驶不扣分的话，双手不能离开方向盘[看],0
2025/4/1 23:00,没人开，车门怎么开？,0
2025/4/1 23:00,高速公路修路没有提示吗。,0
2025/4/1 23:00,只给2秒钟的时间，就算是老司机也未必能搞得定！,0
2025/4/1 23:00,自动驾驶还得华为,0
2025/4/1 23:00,那些国外品牌车那么多车祸为什么没有人去解读……有些是个人问题。没有必要变相黑国产品牌[感谢][感谢][感谢]特斯拉事故不要太多啊……,1
2025/4/1 23:01,她们大概率撞上的时候就已经晕厥了,0
2025/4/1 23:01,这肯定不会是第一次，这个车马力太大，它的用户大部分都是些年轻人，你让一个刚拿驾照的人开赛车不是开玩笑一样,1
2025/4/1 23:01,我不相信无人驾驶是安全的，,0
2025/4/1 23:01,哈哈哈，这种规矩拼多多最擅长破解,0
2025/4/1 23:01,老胡，股票还买不？,0
2025/4/1 23:01,就是辅助驾驶的原因，8分钟前提醒的卧方向盘，已经握了方向盘，否则在一分钟还不握会取消辅助驾驶。   所以不要被前面提示误导了。,0
2025/4/1 23:01,[泪奔][泪奔][泪奔]你这想法，交警叔叔知道了会吐血的,1
2025/4/1 23:02,油车起火不太快，反应时间大把，不会爆燃,0
2025/4/1 23:02,智能驾驶无人驾驶未来就是一种灾难[白眼],1
2025/4/1 23:02,明白了,0
2025/4/1 23:02,小米不是说了标准版没有智驾,0
2025/4/1 23:03,就是没有风险意识    你说的是踩死   它这个明显没有一脚踩到底  如果踩到底  情况会好很多的,1
2025/4/1 23:03,[捂脸]还是命重要,0
2025/4/1 23:03,再??的智驾我都不敢用[看],0
2025/4/1 23:04,碰撞时速度太快…大概率是晕过去了[眼含热泪],0
2025/4/1 23:04,油车起火没那么快，局促起火，也不会爆燃！水可以灭火的,0
2025/4/1 23:05,从电车开始出来到现在我都不看好，安全隐患太多了,0
2025/4/1 23:05,你挤眉弄眼的样子真好看！[赞][赞][赞],0
2025/4/1 23:05,我在群里看到，有个车主停路边去救援了，说的是车门锁死，里外都打不开,0
2025/4/1 23:06,如果是特斯拉出事你又怎么说？[捂脸],1
2025/4/1 23:06,胡老师回本了吗,0
2025/4/1 23:06,在铺天盖地的智驾宣传，很多人把高度危险作业（开汽车），当成玩游戏而己。,0
2025/4/1 23:06,油箱在车尾,0
2025/4/1 23:06,人驾的事故率绝对比智驾高得多，最主要应该解决电池易着火，和碰撞后车门不变形的情况下车门锁死不能打开。,0
2025/4/1 23:06,哪儿都有你,1
2025/4/1 23:06,国内目前还没有车企达到L3级别的，华为智驾那我牛也没承认是L3，谁也不敢负这个责任,0
2025/4/1 23:06,不看你的视频，还不知道这事,0
2025/4/1 23:06,假发[灵机一动],0
2025/4/1 23:06,我不怀疑，但我不买，我还是传统车,0
2025/4/1 23:06,碰撞就燃烧咋整,0
2025/4/1 23:06,没事，事故前一秒，退出自动驾驶了[尬笑],0
2025/4/1 23:07,主动刹车是慢速有用,0
2025/4/1 23:07,车是用来开的，不是用来玩嗨的[感谢],0
2025/4/1 23:07,自动驾驶技术分阶段推进，从辅助驾驶（LV0-LV4）到完全无人驾驶（LV5）。在LV5实现前，驾驶员须持续监控路况并随时接管操作。辅助驾驶系统通过雷达、摄像头等多设备协同，可实时感知环境并控制车辆动态，有效减轻驾驶负担。数据显示90%交通事故源于人为失误，规范使用辅助驾驶（保持手扶方向盘、专注路况）能显著降低事故率。技术发展虽提升出行便利，但现阶段安全仍依赖人机协同监管。,0
2025/4/1 23:08,雷克萨斯面包车了解一下,0
2025/4/1 23:08,@永泽， @爱可最萌萌,0
2025/4/1 23:08,雷总的座驾居然是油车，意不意外？惊不惊喜？[捂脸][呲牙],0
2025/4/1 23:08,你要不要去体验一把[看],0
2025/4/1 23:08,我们高通骁龙首发，跑个分试试，我们2.78破百，不服试试,0
2025/4/1 23:08,他都七十多了，你觉得呢？又不是妖怪，我三十多都长白头发,0
2025/4/1 23:08,我说一下对智驾的认识，首先表达一下对死者的哀悼，这个事情的确也是给广大喜欢智驾的提个醒，所谓智驾这个的的确确是辅助驾驶，适当使用真的是很方便，我的车四年前我就在用智能辅助驾驶了，也就是广大网友说的智驾，这个当你使用的时候，的确是很方便，一键式的，但你要手扶着方向盘，人为控制始终是第一指令，即便智驾过程中你也可以随时介入，随时变道打方向踩油门都是人为第一指令，并且几乎每隔一分钟车辆就会有提示轻转方向盘就是怕你彻底脱离方向盘，这个一定要有一个意识，不能完全脱离，没有完完全全的说让你什么也不管了，电脑都有死机的时候，更何况这个是在车况复杂的行驶路上，所以千万别过度依赖这个智驾,0
2025/4/1 23:08,电车跟自动驾驶只有特斯拉,0
2025/4/1 23:08,智驾117超速啦,0
2025/4/1 23:08,萝卜快跑是自动驾驶吗???,0
2025/4/1 23:08,把生命交给所谓自动驾驶，出事故的概率很大！,0
2025/4/1 23:08,高速和快车道上，从根本上就不能用这种东西，还有就是宣传上就该说辅助驾驶，车企提智驾这两个字就犯法,0
2025/4/1 23:08,还不怀疑呢？看来事不关己是敢维护厂家[赞],1
2025/4/1 23:08,电车跟自动驾驶只有特斯拉跟其它！,1
2025/4/1 23:09,人、车、路都在磨合期…,0
2025/4/1 23:09,萝卜快跑不是无人驾驶,0
2025/4/1 23:09,L3，只能算是半自动，车主和车企，谁的责任还不好说？得要四才可以,0
2025/4/1 23:10,再智能的电脑有人脑智能吗 再精密的机械有人体精密吗,0
2025/4/1 23:10,曾经看过一个电影，按个遥控所有的车都听指挥！智能驾驶现在还不成熟，盲目跟风还是需要考虑。,0
2025/4/1 23:10,先分清楚，官方发布的是辅助驾驶出事故，辅助驾驶和智能驾驶是两码事，辅助驾驶的主要操控还是驾驶员。,0
2025/4/1 23:10,理性,0
2025/4/1 23:10,老胡啊，有人逃税被罚了，你可要注意啊[微笑],0
2025/4/1 23:10,支持[比心][比心][比心][呲牙][呲牙][呲牙],0
2025/4/1 23:10,智能车，新能源电车不能买，太危险,1
2025/4/1 23:10,智能驾驶就是噱头，谁把方向盘交给了智能，就等于在阎王爷门口排队！,1
2025/4/1 23:11,老胡退市了,0
2025/4/1 23:11,现在的智能驾驶叫法，得改成辅助驾驶,0
2025/4/1 23:11,老胡说得即客观又理智 非常好的解读[赞][赞],0
2025/4/1 23:11,人家远程操控的,0
2025/4/1 23:11,华为的智驾可以[赞],0
2025/4/1 23:11,前面司机一直没接管，发现的时候来不及了,0
2025/4/1 23:11,有辅助就会有懈怠  生命面前要么完美  要么别开启别放开,1
2025/4/1 23:12,老胡你平时可能没注意这车企的事故车祸！多去搜一下每天不重样！出售到现在！,1
2025/4/1 23:12,如果说瞬间起火的话，谁也救不了,0
2025/4/1 23:12,省油不省电，智能不智能,0
2025/4/1 23:12,驾驶员太年轻了，毛糙的很,1
2025/4/1 23:12,上高速，离电车远点就好了，,1
2025/4/1 23:12,不能产生怀疑？,0
2025/4/1 23:12,发布会，很高大上，很智能[发呆],0
2025/4/1 23:13,"萝卜快跑无人驾驶在城市营运载客安全吗？
还看到无人快递车也在道路乱窜，
危害大哟",1
2025/4/1 23:13,车主对自己生命的蔑视,1
2025/4/1 23:13,日系车没年贡献那么多人头，要这样怪下去早倒闭了。,1
2025/4/1 23:14,@芝麻红糖糍粑 @Anthony℡,0
2025/4/1 23:15,撞车根本没时间反应，以前坐大客车试过也是被大客车追尾猛烈撞击当时脑子是懵的一片空白，当时我在打电话手机都飞出去了当时都不知道，后来说拿手机打电话才知道刚才不知道飞哪里去了,0
2025/4/1 23:16,对于智驾来说，市区更安全,0
2025/4/1 23:16,你还是先去看看L3的定义吧,1
2025/4/1 23:16,很多人都被机器替代了，我们是人应该比机器更有判断力,0
2025/4/1 23:17,历史的一粒沙，落在个人都是一座山。别把生命交给智驾，别说l3，l456789都不行。,0
2025/4/1 23:17,你这不硬黑吗？你看雷军怎么跟你说智能驾驶的，人家都给你说了现在的的智能驾驶智能驾驶只能叫辅助驾驶，无论用哪家的都要注意安全。,1
2025/4/1 23:17,小米股民背了锅，扛下了,0
2025/4/1 23:17,到了L4才叫自动驾驶,0
2025/4/1 23:17,那我们可真是有福了,0
2025/4/1 23:19,小米的这个不就是吗 辅助驾驶整不了了直接让车主接手  车主接手2秒 就撞了,1
2025/4/1 23:19,人的智商最快反应三秒,0
2025/4/1 23:19,两秒的话，只能踩刹车吧[暗中观察][暗中观察][暗中观察],0
2025/4/1 23:19,为什么不提前减速呢？,0
2025/4/1 23:20,"并不是智驾硬交给她两秒，智驾又不是个人。
是提醒了好长时间要求驾驶员接管她置之不理，撞前两秒她踩刹车和打了方向盘智驾就自动退出了呀",0
2025/4/1 23:20,整天吹嘘零秒加速、动力有多强劲，智驾多牛逼，没有任何意义，养成辅助驾驶习惯，养成麻痹大意习惯，只要一次意外就完了。咱们不是赛车手根本驾驭不了，复杂的路况也不支持。 回归机械驾驶才是正道。,1
2025/4/1 23:20,看公告1秒退出的是这次的小米[干饭人],1
2025/4/1 23:21,生命只有一次不要轻易去尝试,0
2025/4/1 23:21,@广州佳盟子机床（苏州）,0
2025/4/1 23:21,小米有责任,0
2025/4/1 23:21,拼多多首创,0
2025/4/1 23:21,雷军从来没有宣传过手可以离开方向盘吧？,0
2025/4/1 23:21,看到过驾驶室没人，直接坐后排看电影的,0
2025/4/1 23:22,有点早,0
2025/4/1 23:22,雷总说得没错,0
2025/4/1 23:23,这里我不点名某品牌,0
2025/4/1 23:23,人是有思维的，那个是系统,0
2025/4/1 23:24,总有人拿自己的命来赌[尬笑],1
2025/4/1 23:24,反应时间只有两秒那不是害人吗,1
2025/4/1 23:24,不怪小米的车 任何车都是一样的,0
2025/4/1 23:25,车门锁死到底是谁发现的呢,0
2025/4/1 23:25,真的搞不懂现在的人，出了事就是车的原因，如果不是小米的车出事呢。换别的车出事呢,1
2025/4/1 23:25,除了这个，驾驶的时候驾驶员要注意观察路况，毕竟人观察的距离比传感器远多了。平时开车，司机注意观察路况，提前几十米甚至一百米左右是能发现前方危险的，这个距离的话，司机做操作，肯定是来的及的。等传感器报警已经到跟前了，大概率来不及。,0
2025/4/1 23:26,国内都是l2,1
2025/4/1 23:26,安全还是奇瑞,0
2025/4/1 23:26,你知不知道飞机也是开自动驾驶的？在飞机发明之前，你敢想象能乘坐飞上天的东西？,0
2025/4/1 23:26,看了很多信息，我初步判断司机是主要责任人。,0
2025/4/1 23:27,小米把智驾驶的高端整没了。。,1
2025/4/1 23:27,说到点子上了，飞机有空管随时雷达监管，有指定航线，高度并且随时调整。汽车有？,0
2025/4/1 23:28,相应俩字[捂脸]哎！,0
2025/4/1 23:28,说真的，什么智驾，都别太依赖，，有自动泊车就可以了，，真正上路开，还是自己手握方向盘才安全，，[感谢],0
2025/4/1 23:29,后台修改数据太简单了，你太小看车企了,0
2025/4/1 23:29,开车装逼的后果,1
2025/4/1 23:30,可是余大嘴说他开着车，手离方向盘，发邮件，布置工作,1
2025/4/1 23:30,智驾怎么可能能应对复杂路况呢？白天判断都费劲了，还是晚上，还跑高速，都觉得智驾比人强,0
2025/4/1 23:30,我也不完全信赖目前的智驾，但是大势所趋，未来一定会实现所有车辆都自动驾驶的，国家也会制定相关的法律,0
2025/4/1 23:31,说了，历史的一粒沙，落在个人都是一座山。,0
2025/4/1 23:31,辅助，辅助，辅助可说一万遍，不能依赖！[666],0
2025/4/1 23:31,是的，说白了，法律做依据，车本身的无人驾驶，就只能短距离过过瘾，不可能完全实现托管，除非法律更改，说总有智驾车可以不考证，那你还能说是这车有问题,0
2025/4/1 23:31,有点安全意识就该保持随时接管[灵机一动],0
2025/4/1 23:32,但愿有那么一天，希望如此，目前，眼下，老老实实的自己把握自己。,0
2025/4/1 23:34,我也是不放心智驾，还是自己把方向盘有安全感,0
2025/4/1 23:34,关键萝卜快跑还要干倒所有出租车和网约车，那些人还说不想看司机的嘴脸，坚决支持无人驾驶[绝][绝][绝],1
2025/4/1 23:34,有没有可能是同行做手脚，毕竟如今社会金钱当道，暴利横行。社会的沦丧，道德的。。。,1
2025/4/1 23:34,@??笑笑麻麻?? @人烟寒橘柚·莎士比亚建国（见过邓紫棋版） @蔡蔡 [捂脸][捂脸][捂脸][捂脸][捂脸][捂脸][捂脸][捂脸][捂脸][捂脸][捂脸],0
2025/4/1 23:34,毕竟国内技术水平不够成熟、那干嘛要推出自驾功能[弱][弱][弱],1
2025/4/1 23:35,你自己开车也是机器，涉及电子元器件就避免不了失灵[看],0
2025/4/1 23:36,？？？怎么听着这么怪？应该是车主才接管车辆,0
2025/4/1 23:37,那必须涨停板啊,0
2025/4/1 23:38,汽车还是纯机械靠谱,0
2025/4/1 23:38,它是不让你坐前排,0
2025/4/1 23:38,我也早说过   不要相信什么乱七八糟的功能  要相信自己,0
2025/4/1 23:38,真那么不想开车打车或者找代驾啊。,0
2025/4/1 23:39,你又当时又不在场，别乱喷小米SU7，你还不是炒作跑流量,1
2025/4/1 23:39,补仓[看],0
2025/4/1 23:40,就现在所谓的智驾，真的也只能算是辅助驾驶，但是很多买了有智驾的电车司机都不这么认为。,0
2025/4/1 23:40,看看人家特斯拉有没有整天在哪里说  自驾多牛逼  多牛逼啊   只有国产车一天拿自驾说事,1
2025/4/1 23:40,雷总，好像在很多场合都强调了  不是自动驾驶，是辅助驾驶，至于自燃，97的时速碰撞出现啥问题都是正常的。,0
2025/4/1 23:40,本来智驾是在人无法反应时，辅助人的，而现在是智驾反应不过来，人又怎么反应过来呢！,0
2025/4/1 23:41,是安全意识不够，智驾都提醒她好几次了，前几次应该是疲劳驾驶智驾提醒车主注意,0
2025/4/1 23:41,放屁,1
2025/4/1 23:42,⑥啊这是智驾不是无人驾驶[发呆],0
2025/4/1 23:43,劳资连定速巡航都不用[灵机一动],0
2025/4/1 23:43,这样的吗，等消息吧，一两秒也反应不过来，真出事了死就必然的了,1
2025/4/1 23:43,高速好多临时施工改道的智驾没识别出来就和事故中一样了,0
2025/4/1 23:44,智者。非常客观，公正。,0
2025/4/1 23:45,17分钟就报警了，没管，第二次报警才人工驾驶，说明驾驶员都没看路，具体干啥咱也不知道,0
2025/4/1 23:46,[捂脸]能智驾。以后驾校都甭开门了。直接开电子科技培训班得了。能熟练使用功能即可。,0
2025/4/1 23:48,车企负责又怎样   你命有几条吧[看],1
2025/4/1 23:48,为什么要自动驾驶   高速上97公里  撞上东西不是找死啊。,1
2025/4/1 23:48,人家不搭理有什么办法，机器始终是机器，又不能控制人，估计车子也是疲劳驾驶,0
2025/4/1 23:49,开车 我只相信自己滴大脑 和自己滴双手 智驾是什么鬼玩意 不懂[灵机一动],0
2025/4/1 23:49,驾校应该增加辅助驾驶的课程,0
2025/4/1 23:49,智驾本来就是辅助驾驶，法律规定开启智驾司机双手不能脱离方向盘，总有人不守规矩,0
2025/4/1 23:51,不是，哥们儿，你可别从这里搞笑了，小米那是智能辅助驾驶不是支架。你连是什么你都搞不明白你咋好意思在这里从这,1
2025/4/1 23:51,你觉得为啥叫辅助驾驶，而不叫无人驾驶[看],0
2025/4/1 23:54,鸡架还没成熟 为什么要买这种车呢 还不如买最普通版本。多出鸡架的钱 可以买个更好的车了，多出这个钱给厂家研发下一代 确实伟大,0
2025/4/1 23:55,毕竟是组装厂[捂脸],1
2025/4/1 23:55,车速是人控制的，接近100码的速度撞上水泥桩，就算你换上1000万的沃尔沃一样会挂[尬笑][尬笑],1
2025/4/1 23:56,你懂给d，两秒，接近一百的速度，两秒至少开50米了，你还想提前多少秒，你自己看看时间两秒有多久了,1
2025/4/1 23:56,车速是人控制的，接近100码的速度撞上水泥桩，就算你换上1000万的沃尔沃一样会挂[尬笑][尬笑],1
2025/4/1 23:56,根本就没有智能驾驶，这个叫智能辅助驾驶，只不过是宣传的时候宣传的太过于大了。,0
2025/4/1 23:56,它要有那功能还叫辅助驾驶吗？可以叫无人自动驾驶了，先了解一下交通法吧，看上面智驾怎么解释的[尬笑],0
2025/4/1 23:56,一个凶手和两个可怜的女孩,1
2025/4/1 23:56,智驾真的给某些品牌神化了[捂脸][捂脸]，，，也证明某些品牌的广告宣传真的遥遥领先[赞][赞]，,1
2025/4/1 23:56,补仓,0
2025/4/1 23:57,不是都有无人驾驶了吗？,0
2025/4/1 23:59,争论点不是辅助驾驶，而是，车子故障掉电了，有没有足够的安全机制给用户逃生，说实在的，目前所有新能源车都没有足够的机制，安全方面下的功夫还是太少了，极端情况下应该进行多重保障，比如开门，，除了备份小电源，机械拉环，还可以考虑类似于安全气囊的自动机械式一次性解锁，窗户一键爆破，，，因为一但发生事故，人大概率是受伤的，安全气囊也会阻碍行动，电车一旦起火几乎没有时间逃生，如果这些措施不能做足的话，生存机会近乎于零，我开油车车上储蓄柜一直放着安全锤，还有户外的工具刀，还有一箱水，,0
2025/4/2 0:01,[呲牙][呲牙][呲牙]我也这样想 是不是上车睡一觉觉 就到了,0
2025/4/2 0:01,开的坦克300，犯困用辅助驾驶10分钟，车机就收到中控后台来电吓我一跳，提醒我双手不能离开方向盘，我是单手扶着方向盘，不过为这个机制点赞。,0
2025/4/2 0:01,汽车这一块，小米就是比不上华为啊,0
2025/4/2 0:01,100速度  什么感应器？   无人驾驶最多开四五十,0
2025/4/2 0:02,争论的是出事了，逃生时间不够 瞬间起火[捂脸]谁能逃,0
2025/4/2 0:02,现在的人是懒得连刹车都不愿意踩了，搞出来什么单踏板模式,1
2025/4/2 0:02,萝卜快跑  跑100？,0
2025/4/2 0:03,智驾只有华为和其他,0
2025/4/2 0:03,施工方有没有提前几公里提示,0
2025/4/2 0:03,不指望了 太失望了,0
2025/4/2 0:03,[捂脸]这个技术国内还真算相对成熟的   人脑都会出事故  别说电脑  开高速开智能驾驶  我只能说佩服,0
2025/4/2 0:03,驾校是第二责任人。,0
2025/4/2 0:04,我想说，但驾驶员听到有障碍时，第一反应接管车辆很正常，都是双手前后握住方向盘，不管是哪只手先触碰方向盘车辆都会有相应的角度变化，这并不能说明驾驶员为做好准备，只能说车辆发现障碍物后提示的时间太短，或者是车辆没能提前发现障碍物，只是在碰撞前发出提前是没有任何意义,0
2025/4/2 0:04,为什么不取消智驾[流泪],0
2025/4/2 0:05,特斯拉的车主是活蹦乱跳地出来的哦,1
2025/4/2 0:06,开100多  用智能驾驶   人才啊[捂脸]  真不拿自己的命当命,1
2025/4/2 0:06,但是按照小米给的数据车祸前几分钟就已经让车主注意了[泪奔]我都怀疑是车主睡着了,1
2025/4/2 0:06,不是车辆交给车主，而是车主接管车辆,0
2025/4/2 0:06,树大招风，雷总不易[比心],0
2025/4/2 0:07,我的凯迪拉克就能开里面,1
2025/4/2 0:07,雷总的微博 已经很诚恳了 没有推卸责任 等警方最后的公布 不该黑小米 理性看待,0
2025/4/2 0:08,广州深圳都无人驾驶了,0
2025/4/2 0:08,人家雷总自己开这辆车时候说过这车是辅助驾驶，从来没有说过是智能驾驶，第二车子时速每小时97公里时速你在牛的电池都会爆燃，第三人家车是要机械开门的人家在撞车的时候已经晕了怎么开门，不懂就不要乱说小心人家法务部告你。,1
2025/4/2 0:08,还少？[捂脸],0
2025/4/2 0:09,[赞][赞]，一样，从未用过定速巡航功能！,0
2025/4/2 0:09,电车的天性:  碰撞自燃,1
2025/4/2 0:09,为发烧而生,0
2025/4/2 0:09,我这老司机，车买回来从来没用过啥智驾，就连定速巡航也没用过，我只相信我自己！,0
2025/4/2 0:09,全神贯注，那要这个智驾有什么用,1
2025/4/2 0:10,可以拿锅盖盖到起,1
2025/4/2 0:10,"我就这么说吧
辅助驾驶报警手脱离方向盘
施工路段116公里的时速
就这两点我就觉得是司机的问题",1
2025/4/2 0:11,这个事雷总都说了不知道多少遍了,0
2025/4/2 0:13,我刚从杭州回湖南，华为问界，现在感觉后怕,0
2025/4/2 0:13,懂车之人不买电车[感谢][感谢],0
2025/4/2 0:13,看下120码的奇瑞艾瑞泽8？,0
2025/4/2 0:14,我自己也谨慎，AEB还没帮到我过,0
2025/4/2 0:14,电动车只有不懂车的人会买，为啥发达国家不用电动车？我修车10年，别跟我谈懂不懂车[尬笑],1
2025/4/2 0:17,减速了哈，你可以去看看官方回应[送心],0
2025/4/2 0:17,如此快，没有直接撞死，车辆的强度很高了。碰撞后没有很好的自救是个大问题,0
2025/4/2 0:17,高速车速100多，正面撞，换那个车来都……,0
2025/4/2 0:18,都不会是吧，敢不敢对赌,1
2025/4/2 0:18,雷军发布会说了，标准版没有激光雷达,0
2025/4/2 0:19,我找出来一例你怎么说，十来万的车90时速撞击混凝土车门还能打开[看],0
2025/4/2 0:19,不接管，辅助驾驶应该都刹住车了。踩刹车减速就行，打方向盘当时车速116没障碍物也得翻滚了吧。,0
2025/4/2 0:19,车是不错 但是电池着火没发避免  相对来说油车在事故中更安全。我可不是乱说 我开的是电车 也带智能驾驶,0
2025/4/2 0:19,中国有那样商品頁的？都靠吹,1
2025/4/2 0:19,微博发了驾驶日志[愉快],0
2025/4/2 0:20,都有责任，作业区布设不规范，警示标志没有按规定摆放，公路运营单位是有事故主责的。。。。不过现在闹不明白，出了事，谁都没责，车商有责任，，，，[捂脸][捂脸][捂脸],0
2025/4/2 0:20,我买车根本不要这些功能，方向盘拿在自己手里才是最安全的！,0
2025/4/2 0:20,芯片技术还不成熟，那也别让华为卖手机了呗,1
2025/4/2 0:20,脑子是个好东西可惜你没有,1
2025/4/2 0:22,相信小米，相信雷总，尊重事实，等待结果,0
2025/4/2 0:22,余承东：开车时你可以睡觉,0
2025/4/2 0:22,这才是新闻，客观，实在[赞],0
2025/4/2 0:23,想说就说完它,0
2025/4/2 0:24,也就是说有整整16分钟的时间让她来反应时间对吧，从发生预警到碰撞，不知道我这样说对不对，把自己生命交给智驾系统，说实在的就是对自己生命不负责，但是人已经走了，没什么好说的，反正我开车连最起码的定速巡航我都不敢用，毕竟是电子东西，人的危险判断比电子好，智驾毕竟到现在还是个辅助驾驶功能。,0
2025/4/2 0:24,自驾考试的时候已经告诉你了呀，有些人就是不注意不记得[捂脸],0
2025/4/2 0:25,高速上一脚踩死？,1
2025/4/2 0:26,车门锁死？？？谁给你说的，你这样容易吃官司的[捂脸],1
2025/4/2 0:27,太牛了??,0
2025/4/2 0:27,整天夸大其词电车如何先进，为什么不设计车辆在50公里以上碰撞的情况下，车门全部自动打开？所以说不要相信这些所谓的高科技却丢了性命……,1
2025/4/2 0:28,我相信雷总 虽然我没买小米车 但是这一次我支持 就你开啥 开车的人也很重要  我看这位母亲说女儿22年拿的驾照？开车的时间跟拿驾照有啥关系 我19年的 我的驾龄也就一年 可能我惜命 所以我开高速我都不用辅助[微笑],0
2025/4/2 0:29,也有的说是提示了的，目前什么说法都有,0
2025/4/2 0:29,敢相信这款车智驾的也是狠人[捂脸]嫌命太长，,1
2025/4/2 0:29,你是老司机[赞][赞][赞],0
2025/4/2 0:30,50公里以上碰撞自动打开。。。这是要当飞人吗,0
2025/4/2 0:30,横竖都是一样，她说不下去了,0
2025/4/2 0:30,我开了4年电车，如果让我选择我还是选择买油车。电车在高速性能真的很不好续航也不行。,0
2025/4/2 0:31,生命掌握在自己手里，不要交给电脑来掌握[呲牙][呲牙][呲牙],0
2025/4/2 0:31,支持雷总,0
2025/4/2 0:32,睡一觉就到达目的地坐高铁 飞机 专车不就好了还便宜 干嘛要买个车风险留给自己呢,0
2025/4/2 0:32,换成油车的话，应该会炸,1
2025/4/2 0:32,智驾并不是到了危险时候人家才丢给你接管，是你随时都可以去接管,0
2025/4/2 0:33,真不理解这种人开了智能驾驶以后在干什么[捂脸]难道开了以后就不看前路或者不扶方向盘吗,0
2025/4/2 0:34,是说完就很矛盾。想把责任完全推给死者。,1
2025/4/2 0:36,这样的老总，这样的周到，不相信他还能相信谁,0
2025/4/2 0:36,有部分人真[看][看][捂脸][捂脸] 没事他们是先驱者 中国不差人,1
2025/4/2 0:37,从来不开自动驾驶,0
2025/4/2 0:37,大嘴说了睡一觉就到了,0
2025/4/2 0:37,凯迪拉克就不用多说了,0
2025/4/2 0:39,有保险带就是撞晕了，门自动打门，外人也能及时施救，总比活活烧死好吧,0
2025/4/2 0:41,科目四中有如遇不可避免撞击时。操作方法是什么好好去找找，没准以后也能救你一命,0
2025/4/2 0:44,高速路段遇修路路段难道没有相对应车速标识牌吗？张口就来，大雾天气，雨雪天气你怎么会减速呢,1
2025/4/2 0:44,科技是个好东西  但是不能吧生命交给不成熟的科技,0
2025/4/2 0:45,智驾貌似是今年才出来的吧，之前叫辅助驾驶。难道不是升级了吗,0
2025/4/2 0:47,200多万的账号怎么会有这么不专业的人在哪里哔哔哔，[恐惧][恐惧][恐惧],1
2025/4/2 0:47,支持雷总，也希望有小米车的人能听进去,0
2025/4/2 0:48,就问还买不买电瓶车[呲牙],0
2025/4/2 0:49,对对对[捂脸]  糊涂啊,0
2025/4/2 0:50,安全带会锁死，这个没办法所有安全带都会锁死这个是肯定的,0
2025/4/2 0:50,根据《道路交通安全法》第二十二条，驾驶员需“按照操作规范安全驾驶、文明驾驶”。L2级辅助驾驶（如NOA）要求驾驶员全程监控车辆并随时接管。若调查证实驾驶员在接管前存在分心（如系统曾发出“轻度分心报警”和“脱手预警”），或接管后操作不当（如转向幅度不足、制动力度不够），可能构成“未按操作规范驾驶”。,0
2025/4/2 0:50,高速上时速100公里刹车踩死？,0
2025/4/2 0:50,而且公务员考试不在29号[看],0
2025/4/2 0:51,如果不智能驾驶，看前方能看到吗 不提醒的话,0
2025/4/2 0:52,吹牛害死人,1
2025/4/2 0:55,只看智驾俩字，不看智驾全称[捂脸]把辅助俩字丢弃了，过40迈就得相信自己双手了,0
2025/4/2 0:56,回旋镖公司的回旋镖就是快[捂脸],0
2025/4/2 0:56,我开了5年网约车都是电车几大品牌的电车都开过快车顺风车都跑  最厉害的时候一天1200公里跑  电车也没有你想象那么坏,0
2025/4/2 0:56,雷总说的这些她是一点没听进去,1
2025/4/2 0:57,电车上高速不能跑太快  一般都是100左右我也跑了5年网约车,0
2025/4/2 0:59,用沙子，用灭火器，可以灭,0
2025/4/2 1:00,拒绝电车。,0
2025/4/2 1:00,是车主主动接管的吧，接管了过后直接打了20度方向，他要是不接管 这个事儿都没那么严重,0
2025/4/2 1:00,我一直谨记一位老交警的话:你开车就是手握生死簿，脚踩鬼门关。所以我只相信自己的手脚[微笑],0
2025/4/2 1:01,时速110kmh，一秒30.56米。两秒71米，注意力集中在方向盘与路面的情况下普通司机能不能反应过来？,0
2025/4/2 1:03,完全可以，我有次在高速上差点钻半挂车下面了！[捂脸],0
2025/4/2 1:04,雷总还是亲民  事事有回应,0
2025/4/2 1:05,接近一百，保守三秒操作时间。但是深夜就更难说。,0
2025/4/2 1:05,你不撞车怎么会烧起来？麻烦找第一个事件，那全世界那么多车祸，都要卖车的吗？,1
2025/4/2 1:05,[捂脸]九十九公里的速度撞上水泥桩，换什么车估计都得燃起来。,0
2025/4/2 1:06,你确定华为就不会出现这种情况？,1
2025/4/2 1:07,你这脑子多少是有点问题的，看不懂文字,1
2025/4/2 1:07,这叫暴雷[捂脸][捂脸][捂脸][捂脸][捂脸][捂脸][捂脸][捂脸][捂脸],0
2025/4/2 1:07,很多人喜欢买小米手机，我都看不上，宁愿买魅族,1
2025/4/2 1:09,[困]很有可能,0
2025/4/2 1:10,你找,1
2025/4/2 1:10,智驾应该限制时速标准在高速路时速80公里左右,0
2025/4/2 1:11,最大问题还是智驾问题。应该很早很早发出预警。提前20秒至少，最后关头，给你两秒，你除了踩刹车还能干嘛？还有就是车门问题,0
2025/4/2 1:11,车门开了，很多电车老是开不了门，不管什么原因都是不应该出现的，还有电车是爆燃，一瞬间的事情，油车烧的慢，大概率给你反应时间，油车烧死在里面的非常少见 不管出多少起，都很少听到人烧死在里面的，还有一个电车不管新老，都有可能自燃 油车一般是老车了。我个人觉得如果一年开的不是特别多，就买油车吧，或者丰田本田那种轻混。正常家用一年也就一万多公里，几千块钱油钱。,0
2025/4/2 1:11,不是说开不了门才死的吗,1
2025/4/2 1:12,现在都2025年了，还拿23年的图片出来[泪奔],0
2025/4/2 1:13,重要吗？或者说在大爷眼里重要吗？,1
2025/4/2 1:14,一样别问题[捂脸]没听明白么,0
2025/4/2 1:14,他一般都在市区，市区路况无非复杂但不至于要命,0
2025/4/2 1:15,只有余大嘴才是宣传的是智能驾驶。还说可以睡觉,1
2025/4/2 1:16,还是人驾安全，智驾有点悬。,0
2025/4/2 1:16,真是抽象 问候小米[捂脸][捂脸] 交警保险干嘛的 真就其他车就保险 小米就问军[捂脸],1
2025/4/2 1:17,分析下，现在接盘低价买进可以吗[色],0
2025/4/2 1:20,大哥你一天1200公里开电车是咋跑下来的[捂脸]，跑高速400续航只能跑200多点，算你300好啦，要冲4次电每次1个小时就是四个小时，1200公里算你不停中间不休息也要13个小时吧，13+4=17还剩7个小时你不吃饭，你不睡觉 你不上厕所？再说了400续航开高速也就200左右在开个空调啥的[害羞]你要说你开混动的我就信[捂脸],0
2025/4/2 1:21,不是这款车，所有车的智能驾驶都需要驾驶员集中注意力，夜间高速公路行车，心还这么大就离谱……  不知道驾照怎么学的[捂脸],1
2025/4/2 1:21,刚才喝水呛到了，我连夜打电话给水务局，气死我了[看][看][看][看],0
2025/4/2 1:21,你还是省省吧[捂脸]，老老实实的开车[捂脸],1
2025/4/2 1:22,互联网能成就雷总，抖音可能害死军哥！,1
2025/4/2 1:22,只能说小米品牌太亲民了，让大众都觉得可以拿捏小米了[他急了][玫瑰],1
2025/4/2 1:23,不可能的，这样不是责任都是车企的了吗？哪个车企这么傻[捂脸],1
2025/4/2 1:23,可以，就算不跌也可以入手，人家一直是往上走的。,0
2025/4/2 1:29,这叫暴雷[捂脸][捂脸][捂脸][捂脸][捂脸][捂脸][捂脸][捂脸][捂脸],0
2025/4/2 1:29,刷抖音近视了，抖音赔钱,1
2025/4/2 1:30,这叫暴雷[捂脸][捂脸][捂脸][捂脸][捂脸][捂脸][捂脸][捂脸][捂脸],0
2025/4/2 1:30,不黑不捧不猜测，等法律认可的最终结果！,0
2025/4/2 1:31,定速巡航怎么用，我都不知道[尬笑],0
2025/4/2 1:31,说句不好听的，啥车117极刹到97撞车也不会好哪去，你这点评一点也没在速度上啊，而且我刚看了一个博主发的小米股票数据，并不是暴跌，而是小米股票这几天一直在下降，你这上来就暴跌[捂脸]，人家都说了，智驾不要双手离开，要时刻关注路况。,1
2025/4/2 1:31,人大嘴都说睡一觉就到家了，雷总，你怎么还要盯着路面啊,1
2025/4/2 1:32,智驾害死人[捂脸],1
2025/4/2 1:34,中国车用中国字简单易懂,0
2025/4/2 1:34,预言帝降临[看][看][看],0
2025/4/2 1:35,拼多多,0
2025/4/2 1:37,不建议用，特别是没用习惯的[泪奔],0
2025/4/2 1:38,离谱，抽烟伤肺人人都知道，没见过哪个肺癌找烟草公司的[微笑],1
2025/4/2 1:38,那些开着自驾的肯定是在玩手机啊[泣不成声],1
2025/4/2 1:40,我的意思不是相信智驾，我表达的观点是车主发现情况不对接管车辆了，刹车也只踩了百分之三十，还打了二十度方向，如果没接管 起码不会撞到水泥桩上,0
2025/4/2 1:41,一个做手机的厂去造车，你们想想可能吗？不好好造你的手机，没事去造什么车啊，之前听说格力空调董明珠也想造格力汽车，还好没造，不然街上都看到格力汽车了。[呲牙][呲牙],1
2025/4/2 1:41,小米没咋宣传智驾吧[捂脸],0
2025/4/2 1:41,既然要全神贯注我何必要用它呢[他急了],1
2025/4/2 1:42,这就是我不选择自动驾驶 性能猛兽 电动车,0
2025/4/2 1:42,我也从来不用这个玩意儿，速度慢玩玩还行，快了是真不敢,0
2025/4/2 1:42,时速110，两秒是60米，只要专心驾驶是可以反应过来的,0
2025/4/2 1:42,武汉满大街无人驾驶怎么没事？,1
2025/4/2 1:43,不踩死就撞墙   你怎么选     97公里撞墙 你觉得你能清醒吗  速度越低 撞击受到的伤害越低   自己选   这点道理都不懂吗   你都要噶了 你还在想 高速能不能踩死,1
2025/4/2 1:44,只要正常在专心看路况是可以反应过来的，除非在玩手机,0
2025/4/2 1:45,70米是来的及变道的，但是注意力集中在路面的话不会离的这么近了才发现,0
2025/4/2 1:46,换个说法  你注意力集中开车   系统提示你了 路面有复杂状况    你是不是要观察路况了  做好准备  这个话对不对,0
2025/4/2 1:46,这算谁的责任[尬笑][尬笑],0
2025/4/2 1:47,所以说你们开车也不看前面？,1
2025/4/2 1:47,说白了就是没看路，,1
2025/4/2 1:47,不考虑电车。不考虑电车。不考虑电车。,0
2025/4/2 1:47,70米完全够你变道，甚至刹停汽车,0
2025/4/2 1:48,我就不信了，你两个眼睛盯着前面能撞得上去[哈欠],1
2025/4/2 1:48,实习司机告诉你，116公里每小时70米的距离可以刹停汽车[尬笑],0
2025/4/2 1:49,眼看撞了，避不掉了不一脚刹车到底？难道一脚油门到底？一脚刹车踩死，速度能减多少是多少，这不比时速96的撞击力小么？,0
2025/4/2 1:50,你在高速上打30度的方向试试，在这个车速，底盘不好的车都直接翻了[尬笑],1
2025/4/2 1:50,所以说还得是相信自己。困了该休息就休息。,0
2025/4/2 1:50,应该是只要是智驾 出现问题都该承担 而不是分个等级留个漏洞让人走后门,0
2025/4/2 1:51,你可以试想下，假如你在高速开车，自驾突然提醒你，前方有障碍物，你的大脑是突然接收信息，大脑给你的突然反应和你自已手握方向盘遇到障碍物的反应是不一样的[灵机一动],0
2025/4/2 1:56,那你找啊，是你说找出来的。你能发表意见，老子也可以质疑。咋滴？你是警察吗？老子质疑违法？,1
2025/4/2 1:59,不敢用怕失灵，手机都有死机的时候，万一死机停不下来怎么办[捂脸],0
2025/4/2 2:01,还能怎么办，停不下来把油烧完了总会停下来[笑哭],0
2025/4/2 2:03,提前很早就提醒了，脱手警告很早就发出了,0
2025/4/2 2:04,是的，总的来说还是要对自己的生命负责,0
2025/4/2 2:06,对呀，最大的责任就是开车的人，生命是自己的，对自己的生命负责,0
2025/4/2 2:06,[发呆]提醒是提醒，手再放上去就不提醒了大哥，智能驾驶不会退出，碰撞最后两秒速度还没提前降下来就很有问题了。又不是提醒了智架就退出了，人不管自动开了[尬笑],0
2025/4/2 2:09,不是16分钟，是2秒,1
2025/4/2 2:10,合理的?,0
2025/4/2 2:10,哈哈哈哈哈哈哈哈,0
2025/4/2 2:12,那卖点在哪？,0
2025/4/2 2:12,所以那个只能区域行驶,0
2025/4/2 2:13,因为商家吹嘘说是智驾啊,0
2025/4/2 2:13,为啥没主动刹车,0
2025/4/2 2:16,我不信油车会燃[看],0
2025/4/2 2:20,两秒代表什么？代表你只要看路一定能反应过来，又不是突发，智能驾驶什么时候说你可以不看路了？都说了是l2级智驾，谁说让你放手了？,0
2025/4/2 2:22,小米没毛病[赞][赞][赞],0
2025/4/2 2:22,没毛病,0
2025/4/2 2:23,[看]买买买,0
2025/4/2 2:27,你怎么不去说波音[发怒],1
2025/4/2 2:29,你赶紧去买一辆回去开,0
2025/4/2 2:30,不能怪他[捂脸],0
2025/4/2 2:31,不是废话么？时速97公里每小时，还有不到60米   就撞上了，不踩死还要给脚油？有ABS还怕打滑是怎么着？,1
2025/4/2 2:32,智能驾驶辅助系统，重点《辅助》但是很多博主销售把辅助系统夸大其词，错误宣传，到了无知车主手里觉得辅助驾驶就是无人驾驶。辅助驾驶只是在天气道路条件允许的情况下使用，但是你要做好随时接管的准备。交通事故导致死亡真的跟车子质量有关系吗？人有安全意识开什么车都安全，素质低下无安全意识的人开什么车都不会安全。,0
2025/4/2 2:36,重要的是爆燃了[抠鼻],1
2025/4/2 2:36,都说了自驾只有问界和其它[看],1
2025/4/2 2:42,当时时速一秒27米，两秒将近60米,0
2025/4/2 2:43,您怎么看小米su7,0
2025/4/2 2:44,手为啥离开方向盘[泣不成声],0
2025/4/2 2:45,想要放松舒服就不要开车，开车就得注意安全细心,0
2025/4/2 2:46,人家电池是倒得,0
2025/4/2 2:49,离开方向盘五秒智能驾驶就会退出，说明她手没有长时间离开，这不是这次事故的原因，最重要的是aeb没有触发和 爆燃着火,0
2025/4/2 2:53,这是小米,0
2025/4/2 2:55,对,0
2025/4/2 2:57,都开智驾了注意力咋会集中在方向盘和路面上啊[泪奔],0
2025/4/2 3:02,我觉得比亚迪做的就不错，手离开方向盘就会叫,0
2025/4/2 3:02,"交警通报了吗？你就车门锁死？你有证据吗？
哥们你好歹也专业一点啊[捂脸]",1
2025/4/2 3:05,车门锁死张口就来啊[看],1
2025/4/2 3:07,小米雷军啊，如果你做不到完全智驾，就别宣传的那么神奇行不？当然你是为了卖车赚钱，也不能误导消费者吧,1
2025/4/2 3:07,谁玩手机也反应不过来啊,0
2025/4/2 3:10,奔驰  l3,0
2025/4/2 3:13,低配车主,1
2025/4/2 3:16,现在那有百分之百的事情？,0
2025/4/2 3:20,都推出了，那就是车主的问题了[看],0
2025/4/2 3:21,很简单，门不能打开，不能发个信息吗？人只要是清醒的打不开门肯定会跟亲人发信息或留个遗言。我不相信人会眼睁睁的看着自己被烧死。不采取任何措施。,1
2025/4/2 3:23,我开的福特全顺该装房车，走着走着，120，轮胎副驾驶的轮胎掉了滑行四公里左右，一般女孩还真扛不住，全程一点刹车都不敢踩，踩着离合，慢慢调方向,0
2025/4/2 3:26,小米的电池倒装技术呢?有啥作用,0
2025/4/2 3:29,智驾是辅助驾驶，而不是自动驾驶，本身就告诉你不是全权托管,0
2025/4/2 3:38,生命诚可贵，但事实是哪有电车或油车碰撞百分百不会出意外的，辩证看待吧，走路都不一定安全！[捂脸],0
2025/4/2 3:49,我就想问车门锁死谁来证明？说的振振有词，自己是第一现场的吗？没有确凿的证据之前 不要客观评论,1
2025/4/2 3:50,"责任归属：L2+系统下，驾驶员仍需全程监控（手扶方向盘），责任主体为人类。
政策限制：国内尚未批准L3级自动驾驶公开道路使用，因此车企普遍以 L2+名义落地高阶[捂脸]",0
2025/4/2 3:51,有了智驾撞的更厉害，这样的智驾不是坑人的，！！！,1
2025/4/2 3:51,很符合广告法了[捂脸],0
2025/4/2 3:55,丰田本田从来不做形象宣传，人家只低头做技术，,0
2025/4/2 3:58,有漏洞[发呆]时速100公里事故应该提前自动退出智驾,0
2025/4/2 3:58,还是宝马好，一直是说L2辅助驾驶，从来不说是智驾，手一旦离开方向盘超过3秒，就会报警提示你接管车辆，不接管强制减速。还是把人安全当作第一，而国内把吹牛逼放第一。,1
2025/4/2 4:01,把电车粉当傻子[不失礼貌的微笑],1
2025/4/2 4:10,建议L2.0.1以上都是算上,0
2025/4/2 4:12,这是人命，请不要联系股票好吗？,0
2025/4/2 4:15,全世界的事故中，人的操作一直都是导致事故发生的主要责任,0
2025/4/2 4:15,这么负责，有人还黑小米,1
2025/4/2 4:16,本田没死过人？这么亲????啊,1
2025/4/2 4:18,换其他任何一位司机  不至于有这种结果  不能怪车  只能怪人  让我开波空客百分百空难  死的人远远超过三个可能三十  三佰[捂脸][捂脸][捂脸],1
2025/4/2 4:18,中国丰田本田车祸死亡率是全球各国当中中国排第二！没有那个国家敢号称第一！,1
2025/4/2 4:18,拿小米车事故又可谈半个月了,1
2025/4/2 4:19,[捂脸]说句实在话，深圳广州跑滴滴的还真有可能特别是节假日，一天十五六个小时在车上，睡五六个小时，冲电眯一会，吃饭电一冲门口吃个快餐,0
2025/4/2 4:21,小米也是辅助辅助。你买一辆看手册就了解了。在中国开车，驾驶员就是负责人。,0
2025/4/2 4:23,辅助驾驶为啥手能离开方向盘，不提出警告，为啥宝马能做到，超过3秒警告，超过6秒强制减速,0
2025/4/2 4:30,开了6年车 每年4千公里高速 定速巡航一次没有用过,0
2025/4/2 4:31,你只是快而已，奔驰的名字本身就带快，奔，就是朝前的意思，驰就是驰骋的意思，再能快都不能开那么快，所以，快就是问题。,0
2025/4/2 4:31,电池起火太快了，反应不过来，灭火也来不及,0
2025/4/2 4:32,几十万，亲民[捂脸][捂脸][捂脸][捂脸],0
2025/4/2 4:42,百分之万不相信新能源车,1
2025/4/2 4:43,其实高速上突然强制减速也是危险的,0
2025/4/2 4:44,现在电车从里面很难找到开门开关，电动门把手+隐藏式门把手就是反人类设计，就纯粹为了装逼！！！！！！,1
2025/4/2 4:46,从严谨的数学角度上来说，2.999…无限循环=3,0
2025/4/2 4:58,l3  l3,0
2025/4/2 4:59,用不用智驾 96 生还希望都不大,1
2025/4/2 5:04,你咋知道锁死的[捂脸],0
2025/4/2 5:05,别说人家技术好不好，97已经跟技术没关系了，油车都得死，人都不可能清醒门能不能开又怎样，明知道道路施工你还用智驾，,1
2025/4/2 5:07,@尼古拉斯?荷包蛋?? 奥迪宝马奔驰出问题了我感觉人家会认但是那些新能源估计不会认会把出事故的汽车司机送进去[捂脸],1
2025/4/2 5:11,好像是从里面能打开，但是断电后从外面打不开，现在好多车都已经设计的有出事故自动解锁了，小米却没有。。。,0
2025/4/2 5:14,6[泣不成声],0
2025/4/2 5:15,还是技术不达标,1
2025/4/2 5:17,沉痛的说声逝者安息！但从安全角度我不会把涉及生命安全的交给“智能”！智能还是人设计出来的！希望今后驾乘智能车辆的每一位驾乘人员都平安喜乐！[感谢],0
2025/4/2 5:17,那是这二种车辆多，自然车祸多,0
2025/4/2 5:18,电瓶车，有能灭火，的灭火器还没产出来,0
2025/4/2 5:22,为什么着火啊，碰撞就要着火烧掉车子就老火了,0
2025/4/2 5:25,说实话 就是这个情况 特斯拉也撞。应为我有特斯拉。去年就差点在高速公路上因为高速改到路障 我开着辅助驾驶120时速 车辆没有任何反应 到了面前我强行打方向避开 之后我就不在使用辅助驾驶,0
2025/4/2 5:28,不要问我为什么！我是单手抓方向盘开车的人！辅助为啥不能松开双手？你意思是松开双手就可以不看路了？你意思是辅助定速行驶，脚就能翘起来不用放在踏板了？还是说你意思是我单手握方向盘开车了就不能双手握方向盘了？,1
2025/4/2 5:31,他不是亲不亲，他就是买过一辆破本田。以为无敌了[他急了],1
2025/4/2 5:36,国产的电车不靠谱,1
2025/4/2 5:36,安全才是豪华,0
2025/4/2 5:45,不要试图把生命交给高科技，方向盘只有我到自己手里才最安全,0
2025/4/2 5:47,掷zhi地有声,0
2025/4/2 5:48,没就没了吧，开小米不可惜[捂脸][捂脸][捂脸],0
2025/4/2 5:54,对的,0
2025/4/2 5:55,也就是市区低速行驶,0
2025/4/2 5:57,"出事故之后人昏迷是一种情况
没昏迷打不开门是另一种情况",0
2025/4/2 5:58,都在蹭流量,1
2025/4/2 6:01,我们公司40多个80后，全是油车，[呲牙],1
2025/4/2 6:02,修路就提前点预警，预警多一到两公里不行吗？,0
2025/4/2 6:05,无人驾驶的出租车L几呢,0
2025/4/2 6:05,100公里时速怼水泥桩上，大概率当场噶了或者失能[我想静静],1
2025/4/2 6:06,开智驾116公里高速改道 然后智驾退出 车主接管 然后踩刹车速度降到90打才撞上去的 为什么都怪车主 我是没看明白 智驾 不应该停车或者减速吗 最后一秒退出是什么意思[偷笑],0
2025/4/2 6:11,要用多少吨的干粉灭火器才行,0
2025/4/2 6:16,人家说明书上写的很清楚，叫自动辅助驾驶 不是自动驾驶。,0
2025/4/2 6:17,要不你试一下这个速度去正碰水泥柱，好像说的没事似的，,1
2025/4/2 6:17,你武断了,1
2025/4/2 6:19,我就是想问一下不爆燃的话，后果会不会好一些，反正我是不敢要电车，这个电池就是一个炸弹[呲牙],1
2025/4/2 6:19,大嘴：百公里加速不重要（3吨的m9百公里加速5秒）,0
2025/4/2 6:21,没人说这道路有问题[看],0
2025/4/2 6:23,司机接管时要是速度降到60迈以下肯定不会出问题，一点不降速立马接管谁反应过来啊,0
2025/4/2 6:24,林志颖：你说的对[看],0
2025/4/2 6:29,"一条上亿造价的大货船，时速十几海里，自动驾驶功能时，也是有两个人保持值班瞭望。
一辆车才值多少钱，竟然可以那么相信，路上不会有货车轮胎掉落，路遇货车掉落的铁块如何预测。",1
2025/4/2 6:30,后面追尾谁负责[闭嘴],1
2025/4/2 6:31,小米的电池是不是不行,0
2025/4/2 6:31,如果时速96公里，50米才发现前方货车掉下来的三角铁，该怎么反应[闭嘴],1
2025/4/2 6:32,行车万里，安全第一；没有比生命更宝贵的财富，没有比平安更珍贵的幸福。本人30多的老司机负责任的告诉你：使用定速巡航都很危险，何况所为智能驾驶，根本无法应对千奇百怪的行车环境。珍爰生命，谨慎驾驶每一秒，愿大家都能平平安安每一天！,0
2025/4/2 6:33,只有辅助驾驶，根本不能反应50米前方货车掉下来的三角铁[闭嘴],1
2025/4/2 6:33,你是懂中国人的[赞][赞][赞],0
2025/4/2 6:34,车门的问题,0
2025/4/2 6:34,不要说小米，换其它车也会出事故吧,0
2025/4/2 6:35,两秒时间人怎么可能反应得及时，没一个10~15秒的时间人都。反应不过来,0
2025/4/2 6:35,现在电车的技术还有欠缺的，电车着火??的太多啦,1
2025/4/2 6:36,有的，海上上亿造价的大货船，在自动驾驶功能下就是雷达预测几海里外的预测报警，但是人家也有两个人值班瞭望，关键时速才十几海里，汽车高速上96公里时速，如何反应[闭嘴],0
2025/4/2 6:36,应该有自动刹车功能。,0
2025/4/2 6:37,时速97公里[捂脸]能不起火太快，还给你反应[捂脸],0
2025/4/2 6:38,据说比亚迪也是这样提示双手不能离开方向盘，本来就是辅助驾驶[闭嘴],0
2025/4/2 6:41,妙啊[不失礼貌的微笑],0
2025/4/2 6:45,开过安徽段高速的都知道，那边经常维修！自己开都要注意安全了，而且速度也太快了！别说高速这个速度正常，那边修路的，开40码我都开过，不止一个地方就围挡警示的！[绝望的凝视],0
2025/4/2 6:46,97公里撞上去，人都晕了，怎么打开车门？,0
2025/4/2 6:47,死了赔多少[看][看][看],1
2025/4/2 6:50,智驾我只相信华为的。。,0
2025/4/2 6:50,等智驾能在梅大高速塌方的情况下停下来的时候，就可以放心的交给它了，毕竟人开的都一个个往下冲。,0
2025/4/2 6:53,以后大家都是L2.999999999999999999999999999999999999999,0
2025/4/2 6:56,小米宣传过吗,0
2025/4/2 6:57,车速太快，100码1秒跑多远你知道吗，你要是跑200连这点时间都没有，就算是雷达也有距离吧,0
2025/4/2 6:58,这图是真的？,0
2025/4/2 6:58,没事，每一次自动驾驶出现事故，她们为了完善自动驾驶做出来重大贡献[鼓掌],1
2025/4/2 7:00,"燃油车出问题
要找谁",0
2025/4/2 7:00,幸好小米没有过度宣传辅助驾驶，不然得被喷死,1
2025/4/2 7:01,道路千万条，安全第一条，行车不规范，亲人两行泪[泣不成声],0
2025/4/2 7:03,萝卜快跑不是自己驾驶吗？，,0
2025/4/2 7:03,我玩王者十连跪，建议华腾成立专项调查组，然后给我赔偿＋道歉[捂脸][OK],1
2025/4/2 7:04,我记得以前小时候，在家里赶驴车，从地里干完活，坐到车上躺下睡觉，那只毛驴能自动把我拉到家里，根本就不用管，那才真正的自动驾驶[捂脸],0
2025/4/2 7:04,我就问车上的人睡着了吗？完全不看路吗？提前十几分钟提醒车主，为啥没有任何干预？,1
2025/4/2 7:05,再高科技都是人造出来的不能百分百相信。,0
2025/4/2 7:06,萝卜快跑，有时速97公里吗,0
2025/4/2 7:08,所以智驾配置给的自动驾驶都是高速路段[看],0
2025/4/2 7:11,并不是立刻烧起来的，严重撞击着火损伤不管燃油电车都有着火的可能，主要是车辆设计是否做了安全措施留有时间。以前的事故来看，小米的起火做了比较好的措施的，驾驶员妈妈所说的话也佐证了这点，并不是即刻爆炸性燃烧,0
2025/4/2 7:11,因为速度慢，就允许撞？,1
2025/4/2 7:12,看了，有智能驾驶功能，限于高速路使用，其它两款是高速和城市道路都可使用,0
2025/4/2 7:12,人家华为靠智驾卖50多万呢[捂脸],0
2025/4/2 7:13,小米的车就算没电了从里面也可以开，可能是时速太高了里面的人都撞晕了，或者是车门撞坏了，开不了,1
2025/4/2 7:14,华为最没品,1
2025/4/2 7:16,速度慢，有时间给后台反应操控[尬笑],1
2025/4/2 7:17,100多匹马力的都开不好，入手就是1000多匹马力的，只能中午开,1
2025/4/2 7:18,这是放屁，不能百分之百相信智能，但是只要百分之一相信也有可能出事呢,1
2025/4/2 7:18,2秒接管[呲牙]牛掰，牛逼吹大了[呲牙],1
2025/4/2 7:19,不敢相信智驾[捂脸],0
2025/4/2 7:19,关键起火了,0
2025/4/2 7:20,他不是说了 他的智驾l3可以让你睡觉开车，但是法规不允许吗,0
2025/4/2 7:23,今天还会跌[捂脸][捂脸][捂脸]，大概率跌停[呲牙],0
2025/4/2 7:26,我是接到人工电话询问，不仅是系统提醒，我觉得这个机制很好。,0
2025/4/2 7:27,[捂脸]@我在路上走着,0
2025/4/2 7:27,七十米，两秒反应速度[捂脸]变啥道,0
2025/4/2 7:28,那个车不起火  97,0
2025/4/2 7:31,啥子[赞][赞][赞],0
2025/4/2 7:32,蔑视安全，鬼火少年变少年鬼火,1
2025/4/2 7:32,顶你上去,1
2025/4/2 7:32,@云坠坠,0
2025/4/2 7:33,定速巡航都没打开过。自己开。,0
2025/4/2 7:33,[流泪][流泪][流泪],0
2025/4/2 7:34,股价能和人命比吗？,1
2025/4/2 7:34,小米给华为做了一次广告[呲牙],0
2025/4/2 7:41,为什么要相信智驾，自己的安全掌握在自己手里不行吗？都出了多少案例了还不警醒，太相信和依赖高科技的后果很严重，没多少机会可以重来。,0
2025/4/2 7:42,油车出事自己扛，电车可以找车商？[捂脸][呲牙][呲牙],1
2025/4/2 7:42,首先公务用车安排上.节省开支,0
2025/4/2 7:43,对，就是最近闹的最火的小米车主,0
2025/4/2 7:44,我连定速巡航都不敢用。[捂脸][捂脸][捂脸][捂脸][捂脸],0
2025/4/2 7:44,没出事你怎么说都成，出事了，你就到终点站了[泪奔],1
2025/4/2 7:44,特斯拉不死人？,1
2025/4/2 7:44,这不是车企的问题，是用户的问题。,0
2025/4/2 7:47,第一梯队？135刹停？,1
2025/4/2 7:48,[捂脸][捂脸][捂脸][捂脸][捂脸][捂脸],0
2025/4/2 7:48,问一下，驾驶员接管之前，也就是智驶中，驾驶员可以控制车辆吗？,0
2025/4/2 7:48,妥妥的拼夕夕牌啊,1
2025/4/2 7:48,只要车还有方向盘驾驶者就是第一责任人。不要推卸责任,0
2025/4/2 7:48,L2我建议大家去试试森林人的自动刹车  我开了5年,0
2025/4/2 7:49,车企的过度宣传也是有一定责任的，你不那样宣传当卖点，人家用户也不会过度去尝试,0
2025/4/2 7:49,电池是用那个公司的？,0
2025/4/2 7:49,无人驾驶网约车可没司机啊,0
2025/4/2 7:50,我在路上遇见很多,0
2025/4/2 7:50,高德导航会提前几公里报施工路况，估计是在玩手机打电话发信息,1
2025/4/2 7:51,道路障碍也要承担责任,0
2025/4/2 7:52,主要车上还有两个人也没有反应,0
2025/4/2 7:53,一减速就追尾这么夸张啊，难道高速上不能踩刹车了啊,1
2025/4/2 7:53,智驾也会甩锅,1
2025/4/2 7:53,智驾再高级，我也不相信，只想信方向盘在自己手里,0
2025/4/2 7:54,智能驾驶 无人驾驶 我感觉都不靠谱 我就相信自己驾驶,0
2025/4/2 7:54,从来不相信智驾，把生命交给智能就是开玩笑，之前特斯拉车主被烧看来没觉醒,1
2025/4/2 7:55,智能驾驶 无人驾驶 我感觉都不靠谱 我就相信自己驾驶,0
2025/4/2 7:55,系统里面是毫秒级也就是1毫秒,0
2025/4/2 7:56,2.99999,0
2025/4/2 7:57,小米垃圾车，自己不行就说所以的不行呕心,1
2025/4/2 7:57,大家都不用，数据从哪里来？,0
2025/4/2 7:57,自燃从字典里删除[灵机一动][灵机一动],0
2025/4/2 7:57,如果你自己拿方向盘，认真开车。116公里每小时的速度，70米够你变道或者刹停。,0
2025/4/2 7:58,高速公路修缮方有没有按照标准设置安全提醒标志，个人亲身经历夜晚驾车视线不好，如遇前方占道施工，旁边有车辆行驶，此时速度高于90的情况下有95的概率会撞到隔离带,0
2025/4/2 7:58,雷军亲自宣传的,0
2025/4/2 7:58,人都撞废了  还什么锁不锁    什么智驾 省省吧！    几十上百年的汽车工业   人家弄不出来智驾   走的太快哪有不付出代价的！什么加速什么极速什么操控！那都不是一般人玩的 不是普通道路上玩的！   醒醒吧  孩子们   [碰拳]   跑的再快   下个路口还在那等着呢   不要跟风   不要盲目   ！做企业想独大   什么最强   什么最大    造车的初衷是什么？？？,1
2025/4/2 7:59,我都可以做个智驾 反正有异常 立马要求人接手,0
2025/4/2 7:59,可靠智驾，何必自驾。比亚迪汽车牛逼[赞],0
2025/4/2 8:00,愿所有的小米产品都有米粉伴随终生,0
2025/4/2 8:00,那不是已经删除了吗[看],0
2025/4/2 8:01,[尬笑]但是在数学上0.9无限循环…可以证明等于1，这个宣传怎么判定呢,0
2025/4/2 8:01,你开车开这么快，你撞了你能立马清醒吗？或者是你开其他的电车或者油车，你开这么高的速度，他能不起火吗？别人买个刀把你杀了结果不追究杀手的责任，追究卖刀的人的责任吗？,1
2025/4/2 8:03,武汉的萝卜车大家还敢坐吗,1
2025/4/2 8:05,你看无人驾驶有跑高速的吗[衰]都是市区亲,1
2025/4/2 8:06,智  驾  ≠  代  驾,0
2025/4/2 8:07,0.9的循环＝1，2.9循环应该就＝3,0
2025/4/2 8:07,就说辅助驾驶而已，不应该有个司机才对？辅助而已，市区就没事了？,0
2025/4/2 8:07,"你猜[尬笑]
别管是谁的，这么猛烈的撞击都一样会烧",1
2025/4/2 8:07,能自驾就自驾，别搞啥智驾，啥车都会死人，有热点就搞的人才是最可恶的,1
2025/4/2 8:07,宣传无限接近l3=宣传无限接近车出事车企负责，哎，我接近我就是不负责[呲牙][呲牙][呲牙],1
2025/4/2 8:08,没有否认就是默认了呗，常规套路[泪奔],1
2025/4/2 8:09,新能源电车[看],0
2025/4/2 8:09,经常看到车辆碰撞起火后车门打不开，能不能设计成只要检测到猛烈撞击或者起火，车门自动弹开,0
2025/4/2 8:10,无限接近于l3级[看],0
2025/4/2 8:10,今天你终于绷住了,1
2025/4/2 8:10,你那意思司机中途想接手还不让呗[看],1
2025/4/2 8:10,无人自动，上车要把玻璃降到底，留个后门[捂脸],0
2025/4/2 8:10,我觉得，你是在污蔑人，别人雷军都说了会接受警方配合，唯恐天下不乱,1
2025/4/2 8:11,谁都可以拿捏小米了,1
2025/4/2 8:12,国内就没有智驾，都是智能辅助驾驶[666],0
2025/4/2 8:12,就佩服这群大聪明  [抠鼻]把辅助当c位,1
2025/4/2 8:12,海洋app里面都要考试[敲木鱼]，虽然我不是智驾版也考了，里面都是强调什么路面要接管很好理解。,0
2025/4/2 8:12,你这就有点偷换概念了，人家没让你不用，只是自动驾驶时，不是让你开启的时候就可以不管不顾了。高铁也是自动驾驶，而且路况还相对简单，也依旧需要驾驶员注意力保持高度集中。,0
2025/4/2 8:13,车企拼多多，再砍一刀就到3，l2巅峰，l2大圆满，半步l3,0
2025/4/2 8:14,人家还在调查结果还没出来不要随便批判，,0
2025/4/2 8:14,大道至简,0
2025/4/2 8:15,大众车企,0
2025/4/2 8:15,燃油车只是外部开门简单，反过来想，电车外部做简单点不就没事了，我的混沌车外部就是纯油车一样的，不怕们打不开，其实做简单点不好吗，纯电外部做简单点不行吗，非要这么复杂,0
2025/4/2 8:15,记住叫辅助驾驶,0
2025/4/2 8:16,方向盘还是掌握在自己手里才放心,0
2025/4/2 8:17,带智驾的燃油车，会不会卖的很好？,0
2025/4/2 8:17,那人为驾驶也有事故啊，有时候自驾也能救命,0
2025/4/2 8:18,不是菊花系或者某迪呗，直接给你上头条[看]，,1
2025/4/2 8:18,我不是针对谁，在座的各位智驾都是垃圾，并且宣传这东西就是在草菅人命。,1
2025/4/2 8:18,自驾自驾自己驾驶呗,0
2025/4/2 8:19,拼多多，无限接近这个我熟啊[看],0
2025/4/2 8:20,牛,0
2025/4/2 8:21,嗯，我也只有略显疲倦切道路情况非常好的时候开会会，让自己不那么倦。东西是好东西，大家还是有误解,0
2025/4/2 8:22,有说智驾等同于自动驾驶了吗[呆无辜]如果智驾就可以完全不看路况不用管方向盘那以后驾照还有必要考吗[尬笑],0
2025/4/2 8:22,品牌不是车,0
2025/4/2 8:23,2.9无限循环＝3[看]这是正确的,0
2025/4/2 8:23,这不是智驾车辆，别胡说八道,1
2025/4/2 8:23,法律边缘是吧,1
2025/4/2 8:23,自从小米出事后，经常刷到普及智驾的视频了,0
2025/4/2 8:23,没用的，他们会说碰撞前已退出智驾[捂脸],0
2025/4/2 8:24,想知道如果遇到障碍物，人不去接管的话，车子能不能自己避开障碍物？,0
2025/4/2 8:24,事故之后没有如果。,0
2025/4/2 8:24,那武汉萝卜怎么说[捂脸],1
2025/4/2 8:25,还是哪吒安全[赞],0
2025/4/2 8:25,所以等于3,0
2025/4/2 8:26,我说的是客观事实，我说的是正常开高速70米的距离在车速100公里每小时的情况下，完全有反应时间处理各种突发险情,0
2025/4/2 8:26,公务用车就没有专职司机了，国家又省一笔钱！[赞][赞][赞],0
2025/4/2 8:27,[赞][赞][赞][赞][赞],0
2025/4/2 8:27,@琪姐和她的小娇妻,0
2025/4/2 8:27,24秒的时候车辆已经在减速了，25秒的时候人为接管了打断了车辆aeb过程,0
2025/4/2 8:28,aed是啥,0
2025/4/2 8:28,这个玩意我就用过两次，挺好用的，但是我还是不敢用，怕失灵，,0
2025/4/2 8:28,自己不行就把水搅浑[捂脸]卖车的时候16.8亿种智驾,1
2025/4/2 8:30,"说白了就是三个都晕了   谁去开车门啊
说白了就是三个都晕了   谁去开车门啊",0
2025/4/2 8:31,相应的责任是什么责任？,0
2025/4/2 8:32,老师说的非常对，说的都是事物的本质[赞][赞][赞],0
2025/4/2 8:32,这真是乐死我了[憨笑][赞],0
2025/4/2 8:33,说自己接近L3     已L3来打自家广告的也认定企业有相应承担后果才行[看],0
2025/4/2 8:34,100公里每小时，一秒就是27米多，两秒有55米的距离,0
2025/4/2 8:34,搜噶,0
2025/4/2 8:34,开啥车100出事故能活[尬笑]你告诉我噶,1
2025/4/2 8:35,不要听取任何单方面的措辞，等待官方调查结果，再客观评价！理性对待！！,0
2025/4/2 8:35,技术开发啊  你说你达到这个技术了  但是这个技术任然存在漏洞 缺陷  那技术开发或者车企宣传 不应承担 这技术出了问题的后续责任么？,0
2025/4/2 8:35,说话谁都敢说自己第一，但是他亲自去开了，没有就像长城那样，像余承东那样，人家都是亲自开的自驾,1
2025/4/2 8:35,开车三年了，定速巡航一次都没用过，我不相信机器，只有方向盘握在自己手里才敢眯一会[看],0
2025/4/2 8:35,傻啊，车门锁死？你你知道？？？,1
2025/4/2 8:36,不是智驾为什么叫智驾呢[不失礼貌的微笑],0
2025/4/2 8:36,1秒吗不是[赞],0
2025/4/2 8:36,@ao @请叫我麻烦先生（三次登船版） [泪奔],0
2025/4/2 8:36,6666[捂脸],0
2025/4/2 8:37,是不是手不能离方向盘,0
2025/4/2 8:37,为什么一断电，门就打不开？？？？,0
2025/4/2 8:38,@胶东机场 办公室 厂房 出租,0
2025/4/2 8:38,[赞][看],0
2025/4/2 8:38,L3也是有部分道路不能使用的，l3也不是完全自动驾驶,0
2025/4/2 8:38,你给他都叫智驾,1
2025/4/2 8:38,说白了那家人就是想让车企负责。人工智能只是辅助，主要还是看自己。,0
2025/4/2 8:38,[微笑]这次小米用磷酸铁锂吗？,0
2025/4/2 8:39,说是报警装置没有起到作用,0
2025/4/2 8:39,那也架不住大晚上开智驾啊[衰],0
2025/4/2 8:40,L10级也一样会出现事故,0
2025/4/2 8:41,智能辅助驾驶不代表自动驾驶,0
2025/4/2 8:41,cpdd,0
2025/4/2 8:41,我怀疑你在内涵小米，事故前秒退所谓智驾。,1
2025/4/2 8:41,特斯拉,0
2025/4/2 8:41,断电了还能接通紧急联系人？？？[疑问]明显没有断啊。,0
2025/4/2 8:41,我只有一句话，我只相信法规，l2人主责。l3系统主责。都是成年人，要为自己的行为负责，请问损坏的道路赔付了吗，会不会影响到其他人通行。,0
2025/4/2 8:42,那不就是小米吗[捂脸],0
2025/4/2 8:42,智驾系统不一样，智驾有差别，不能一概而论！,0
2025/4/2 8:43,给驾驶员两秒时间，老司机也反应不过来,0
2025/4/2 8:43,车辆辅助功能是给你正常驾驶的时候多一道保险，不是让你闭眼睛开车,0
2025/4/2 8:43,敬畏速度，和速度是一种信仰，都好！,0
2025/4/2 8:44,宁德时代的  还是不靠谱,1
2025/4/2 8:44,是的我110以下,0
2025/4/2 8:45,看看看看 [捂脸],0
2025/4/2 8:45,市区电车。长途还是油车吧。,0
2025/4/2 8:45,滚,1
2025/4/2 8:46,L 2.9   智能驾驶[不失礼貌的微笑][不失礼貌的微笑][不失礼貌的微笑],0
2025/4/2 8:46,王总   武汉萝卜快跑又是怎么回事呢？,0
2025/4/2 8:46,武汉可以做前排[呲牙],0
2025/4/2 8:46,和保险一个样子，业务员的话是不用负责任的,0
2025/4/2 8:46,现在没有哪家说自己L3吧,0
2025/4/2 8:47,[捂脸]没开过智驾就别说话，什么叫碰撞前两秒才交给人,1
2025/4/2 8:47,智能辅助驾驶，你去问问余承东这些人哈，无限达到2.9999级，都搁那儿跟你玩文字游戏。你去看看雷军有没有跟你说过不能依靠智能辅助驾驶。,1
2025/4/2 8:47,宝马和奔驰有L3资质,0
2025/4/2 8:48,我感觉有本田的urv半智能机车道辅助最实用安全，很大减少分心分神的意外风险。不用太智能，太智能更让人大意，大意失荆州。方向盘和油门永远要自己控制,0
2025/4/2 8:48,主要是人们对于常识认知太差,0
2025/4/2 8:48,法律的边缘试探,1
2025/4/2 8:49,小米是吧[泪奔],1
2025/4/2 8:49,高速上驾驶员不好说，但是后排肯定没系安全带这种哪怕80的速度撞一下人都当场晕了[暗中观察]我看报道后台数据开到110了后排没当场死亡算命大[黑脸],1
2025/4/2 8:49,差评，必须三个9,1
2025/4/2 8:49,[看]特斯拉脑袋就没雷达,1
2025/4/2 8:49,我的智驾几乎没用过,0
2025/4/2 8:50,我是L2.99,0
2025/4/2 8:50,@@借一份日出,0
2025/4/2 8:51,"L2+
L2.9
L2.99[捂脸]",0
2025/4/2 8:51,挂低速档拉手刹不行吗,0
2025/4/2 8:51,@卓传优品 @新塘塑料包装袋定制 @种花家的兔子zero 等死吧，早就告诉你们倒闭处理了。,1
2025/4/2 8:51,@xiwyogn [泣不成声],0
2025/4/2 8:52,[捂脸][捂脸][捂脸][捂脸],0
2025/4/2 8:52,不可以,1
2025/4/2 8:52,就是驾驶员听车企宣传，觉得可以100%放心,0
2025/4/2 8:52,怎么买,0
2025/4/2 8:53,@小猫？老弟 [捂脸][捂脸][捂脸],0
2025/4/2 8:53,就不能全面禁止所谓自动驾驶，好在是自己挂，害了别人就真该赔死他,1
2025/4/2 8:53,肯定不是l3，问题复杂了自动人工接管,0
2025/4/2 8:54,100多码自动刹车就完蛋了[九转大肠],1
2025/4/2 8:55,@人9,0
2025/4/2 8:55,感觉道路维修 路障没做好呀，提前500米设置路牌 前方施工 注意变道 如果人看到了，肯定提前减速了，怎么会到跟前才发现 想不通,0
2025/4/2 8:55,这就不懂了吧？0.9无限循环小数在数学上等于一。就是二加上0.9的无限循环等于2+1，就是L3，这样既可以避免法律问责，又可以称自己为l3级别。[看],0
2025/4/2 8:55,[捂脸],0
2025/4/2 8:55,@A6 @??? @丫子,0
2025/4/2 8:56,上传到国家管理的数据库。,0
2025/4/2 8:58,有啊，0.9的无限循环小数在数学上等于1，而且还不用负法律责任。[看],0
2025/4/2 8:58,[捂脸]L2.999999,0
2025/4/2 8:58,真会玩[捂脸],0
2025/4/2 8:58,Su7车上的三个女生没有刷剧。,0
2025/4/2 8:58,米粉们怀疑污蔑过车主，怀疑过天气，甩锅过路况，就是没怀疑过雷总的端到端第一梯队、135公里aeb、半隐藏式门把手、电池倒置技术[捂脸],1
2025/4/2 8:58,比亚迪，华为，这些法律管不了我[灵机一动],1
2025/4/2 8:59,手不能离开方向盘,0
2025/4/2 8:59,把高速监控录像调出来一目了然[捂脸],0
2025/4/2 8:59,希望国家出台政策，把智驾、自动启停、自适应巡航、自动巡航、隐藏式门把手、抬头显示等等无用的配置给禁止！谢谢,0
2025/4/2 9:00,拼夕夕车,1
2025/4/2 9:00,懂了买阿维塔11[看]毛豆3,0
2025/4/2 9:00,把自己的命交给自动驾驶，城市道路还好点，高速上不用自动驾驶有时还有各种各样的突发情况和事故呢，用自动驾驶是咋想的[看],0
2025/4/2 9:00,余承东这两天一句话没讲,0
2025/4/2 9:01,飞落起飞丶落地也是自驾吗,0
2025/4/2 9:02,作为一个老驾驶员，永远都不敢开自驾，方向盘在自己手里，永远可靠，自驾只是辅助驾驶,0
2025/4/2 9:02,搞不懂为什么要有自动驾驶这个功能,0
2025/4/2 9:02,车企的数据中心应该收到监管，不可修改数据,0
2025/4/2 9:03,哈哈哈哈[捂脸][捂脸],0
2025/4/2 9:03,就是……小米技术问题……,0
2025/4/2 9:03,萝卜l5,0
2025/4/2 9:03,那些燃油车，碰撞的，能不能说刹车刹不住，转弯转不过来，方向盘有问题，让车企给说法的！能成立？,1
2025/4/2 9:04,记住自驾出事，还是司机全责，因为人才是主要责任人，除非你不能接管自驾,0
2025/4/2 9:05,我一直都不相信电车 和自动驾驶,0
2025/4/2 9:05,别的不知道  他不接管让智驾继续  智驾能撞锥桶撞警示牌但是一定不会撞路桩 又不是智驾撞的路桩 人要撞你拦得住,0
2025/4/2 9:05,除非所有车全是自动驾驶，那么就没什么好说的了。那我驾驶证可以丢了[白眼],0
2025/4/2 9:06,所有电车，我只能相信一个自动泊车，智驾不如自驾。,0
2025/4/2 9:06,车速快不适用,0
2025/4/2 9:06,他是搞不出L3才这样说的,1
2025/4/2 9:06,萝卜不会开116啊！萝卜最快估计也就60吧！毕竟是市区[九转大肠],0
2025/4/2 9:06,但是他们不说他们是l3只说是l2,1
2025/4/2 9:06,没毛病,0
2025/4/2 9:06,车企在吹牛用户确当真了,1
2025/4/2 9:06,可以呀，可以检测,0
2025/4/2 9:07,小米手机本来就不好还来造车,1
2025/4/2 9:07,不怕[抠鼻]我花L2.9999999999999999999999,0
2025/4/2 9:07,你怎么知道的，车门是否锁死，电池是爆燃的？不能这样搞流量吧[尬笑],1
2025/4/2 9:07,为什么要开智驾，我连自动泊车都信不过[捂脸][我想静静],0
2025/4/2 9:07,@04 @坏小孩.??,1
2025/4/2 9:08,差的那0.1就是不想负责而已[泪奔],1
2025/4/2 9:08,没事，很快就有13智驾了，是13，不是l3,1
2025/4/2 9:09,吹了这么多年智驾，我21年买的车都带l2了，这么多年过去了还是l2？,0
2025/4/2 9:09,太依赖了，100时速谁反应得过来，真的是,1
2025/4/2 9:09,你好[呲牙],0
2025/4/2 9:10,事故就是抓住呢一两秒  让智能驾驶跑一百多疯了？,1
2025/4/2 9:10,只要涉及责任，永远没有车企会说自己L3，只会有L2.9999999999999,0
2025/4/2 9:10,极氪敢说L3，当然好像不是他们官方说。只是给他们做广告的那些博主说,0
2025/4/2 9:11,厂家再怎么夸智驾系统，他也会只能说明是辅助驾驶，不会说是人就不用管了,0
2025/4/2 9:11,就算智能驾驶技术到了一种远超老司机驾驶技术水平的地步也不能规避事故。想要完全规避事故的唯一选择就是待在家里别开车,0
2025/4/2 9:12,@未完结的故事,0
2025/4/2 9:12,0.001秒也是1秒[捂脸],0
2025/4/2 9:12,方向盘不在我手里我都不踏实，何况是一台机器,0
2025/4/2 9:12,谁敢放开 就国内的路况 国内一些神奇人的驾驶习惯 谁敢？,1
2025/4/2 9:12,@爱探险的Dora. [疑问][疑问],0
2025/4/2 9:13,别造谣哈,0
2025/4/2 9:13,那要是你在开的时候开启自动驾驶跟你抢方向盘，能不炸了吗？[看],1
2025/4/2 9:13,评论区上面的那个[我想静静],0
2025/4/2 9:13,雷总还是很有责任感，没有回避问题，值得肯定，支持胡总和雷总,0
2025/4/2 9:14,主要还网红推广好,0
2025/4/2 9:14,无限接近3,0
2025/4/2 9:14,使用地平线芯片,0
2025/4/2 9:14,余大嘴不是经常这样宣传吗。雷军可没这么宣传过[我想静静],1
2025/4/2 9:14,千万不要迷信任何智驾，有亲身体验！高速差点出车祸了[捂脸],0
2025/4/2 9:14,L5级才叫自动驾驶,0
2025/4/2 9:14,按照微积分来说，他就等于3,0
2025/4/2 9:15,它买的时候把自动驾驶的钱算进去了。出了事它又不认[泪奔][泪奔],1
2025/4/2 9:16,智能驾驶和智能辅助驾驶有没有可能不是一个概念？先去脑补一下吧[捂脸],0
2025/4/2 9:16,上次踩单车差点摔了一跤，感觉是单车的质量有点问题，反正就不会是自己的问题,1
2025/4/2 9:16,目前也没有车企说自己是l3啊，都是对标l4[看]没错是对标,0
2025/4/2 9:17,喜欢就要付出代价。,0
2025/4/2 9:17,不奇怪,0
2025/4/2 9:17,[泣不成声],0
2025/4/2 9:17,智能驾驶这东西就不应该出现 发展方向都错了 车就是得自己开 自己不开就打车 搞什么智能驾驶真没必要,1
2025/4/2 9:17,这跟小米汽车本身没什么关系，是意外。油车也有很多意外发生的。请各位网友不要断章取义，口下留德吧[微笑],0
2025/4/2 9:18,那是被人接管之后才退出的ok？,1
2025/4/2 9:18,人家智架就是个辅助驾驶，自己技术不行就别开那么快，纯有病,1
2025/4/2 9:18,萝卜快跑算什么级别？,0
2025/4/2 9:19,人心问题,0
2025/4/2 9:19,总会有大虫明吹 智能驾驶2.99,1
2025/4/2 9:19,在数学上它就是3,0
2025/4/2 9:20,开着智驾感觉比我自己开精神还高度集中， 方向盘还是要在手上才放心,0
2025/4/2 9:20,大家没有觉得电动车很晕车吗？我好怕以后都坐不到汽油车了。,0
2025/4/2 9:20,掷地有声 读zhi,0
2025/4/2 9:20,@今天一定要早睡,0
2025/4/2 9:20,出事故的基本都是施工地段还有路上违停的,0
2025/4/2 9:21,不行的,1
2025/4/2 9:21,还相信智驾，相信不要紧，现在L3都到不了、有什么分系统的，所以的现在都不行,1
2025/4/2 9:21,定速巡航我都不晓得啷个用,0
2025/4/2 9:22,所以有考,0
2025/4/2 9:22,L3有华为汽车嘛[捂脸] 华为智能驾驶不是第一嘛[看],0
2025/4/2 9:22,你就是再牛掰的智家我也只信自己,1
2025/4/2 9:23,高铁的驾驶员不光要做手势，还喊出动作名称，可能也是防止自己睡觉,0
2025/4/2 9:23,天秀,0
2025/4/2 9:23,人问题,0
2025/4/2 9:23,就问你97时速 撞击 ab柱变形没有,1
2025/4/2 9:23,你这不是对余承东动刀子吗[泣不成声],1
2025/4/2 9:24,发视频前，查查字典吧。,1
2025/4/2 9:25,不是已经有个说走在最前沿做到L4在等其他同行的了吗[看],0
2025/4/2 9:25,@勿憷 @你很会跳吗,1
2025/4/2 9:25,辅助驾驶。,0
2025/4/2 9:25,人家说的是辅助驾驶，不是自动驾驶。,0
2025/4/2 9:25,烧起来的电池就是比亚迪的啊[捂脸]高配倒置电池是宁德的,1
2025/4/2 9:25,@正在加载中... 天才,0
2025/4/2 9:25,就没有人质疑高速路段这种改道维修合理么？没有足够的反应区间段吧！？？？顶我上去！！,1
2025/4/2 9:26,查了一下，bba,0
2025/4/2 9:27,第一张L3的准许特定路段上路的牌照是发给谁的，你搞清楚再说。,1
2025/4/2 9:27,[尬笑] 这个事故，也不能说智驾造成的，驾驶员经验不足，接管以后 22°的方向 。   反正我不会把方向交给智驾，然后再紧急情况介入,0
2025/4/2 9:27,是会钻空子的[看],0
2025/4/2 9:27,@Ch?en·?? 秀儿,0
2025/4/2 9:28,是车主接管。智驾不会自主交付的,0
2025/4/2 9:28,冷知识，现在没有L3,0
2025/4/2 9:28,定速巡航我都不用,0
2025/4/2 9:28,这是几年前哥们,0
2025/4/2 9:29,我老公就说了，不能把自己的生命交给一辆车，所以我们买的电车有基本智能就行，无人驾驶完全没必要！,0
2025/4/2 9:29,两秒钟出事，你能不能搞清楚,1
2025/4/2 9:29,你反应的过来嘛,1
2025/4/2 9:29,电瓶车遇到碰撞都会爆炸??,0
2025/4/2 9:29,很多人翻雷军的发布会视频了，确实人家说的是辅助驾驶，还强调了一点要有人盯着[捂脸][捂脸],0
2025/4/2 9:29,@小小小龙猫鸭 [捂脸][捂脸],0
2025/4/2 9:29,@@七喜@ @LuoH,0
2025/4/2 9:30,@匡扶汉室,0
2025/4/2 9:30,是辅助驾驶，不是智能驾驶,0
2025/4/2 9:30,辅助驾驶不好用也有责任啊，关键时刻把方向盘甩给驾驶员，只留了两秒钟时间避险，舒马赫来了都得撞车，这个是设计问题，是技术没达到的问题，这个事要是发生在美国，那车企能被罚死,1
2025/4/2 9:30,根本就不应该出智驾这个东西。[捂脸],0
2025/4/2 9:30,自驾误判,0
2025/4/2 9:30,建议买不建议用。[捂脸],0
2025/4/2 9:30,好的L2.5就是最高了,0
2025/4/2 9:30,你在表达什么[灵机一动][灵机一动],0
2025/4/2 9:31,？,0
2025/4/2 9:31,想规避责任,1
2025/4/2 9:31,就是，我家三辆车都是油车,0
2025/4/2 9:31,车门锁死是谁确定的？ 开近100的速度 撞击后你确定人还是清醒的？,1
2025/4/2 9:32,华为好像是说的自动驾驶,0
2025/4/2 9:32,这话真奇怪，他说了就可以不负责？,1
2025/4/2 9:32,哈哈哈,0
2025/4/2 9:32,女生的眼里辅助驾驶介入＝可以睡觉了[看],0
2025/4/2 9:32,蔡甸的有一款车型是可以坐前排的，我做过的[抠鼻],0
2025/4/2 9:33,L4，出事车企赔,0
2025/4/2 9:33,你没搞清楚，是接管后 打方向了。22°的转向 直接撞上去了 。2秒22° 的转向 车辆是直接左转撞的 。 而不是要撞上  她挽救的时间。,0
2025/4/2 9:33,问界那个，高速睡觉开回家的挺牛逼,1
2025/4/2 9:34,朋友说开困了就用了智驾，然后开了智驾人无比清醒[呲牙],0
2025/4/2 9:34,都不重要，人死了，车燃了，人不傻……,1
2025/4/2 9:34,就小米那个  车住不接管车不一定都能自己减速停下来[捂脸]   另外五万收怕死su7车主的爱车[看],1
2025/4/2 9:35,我家老头现在还开着高龄的手动挡车，说实话，虽然我们是穷人，不过也不是买不起电车，因为他是搞机械的，所以他特别喜欢手动挡，他说只有开手动挡的车才能让他感受到人车合一的感觉[捂脸][捂脸]。去年儿子买车的时候说小米的车他挺喜欢，我老公第一个提出反对，他说那个谁连首鸡都造不好，能造的好汽车？还说任何品牌若没有自己完整的产业链，其质量都有待考证。我觉得有点道理[捂脸],0
2025/4/2 9:36,电车爆燃谁都跑不了，有钱人也一样,0
2025/4/2 9:36,玻璃碎了么,0
2025/4/2 9:36,智驾这种东西就需要所以车全部智驾。卫星覆盖所有车。。全民无人驾驶才可以实现。[尬笑],0
2025/4/2 9:36,L2.99，L2.999，L2.9999，就是不承担责任[看]。,1
2025/4/2 9:36,不接管，会不会就算撞了，也不会那么严重。还会有一些刹车距离。可以更能减速一些时间,0
2025/4/2 9:37,塔台会实时检测飞机数据的。叫你去读书你非要去养猪,1
2025/4/2 9:37,车主还是太年轻了，太相信科学了，电子科技产品，始终会有故障，,0
2025/4/2 9:37,这不是有好几分钟减速，为什么还会撞护栏，人当时的状态是什么情况,0
2025/4/2 9:37,@tjy是我的go,0
2025/4/2 9:37,自动驾驶就是以人命作为代价的营销噱头，智能驾驶≠自动驾驶,1
2025/4/2 9:38,这不嘛[捂脸],0
2025/4/2 9:38,别人说的是辅助，不是让你放开手,0
2025/4/2 9:38,有这么快的速度吗,0
2025/4/2 9:38,雷总强调过，小米是辅助驾驶，从来不是智驾。,0
2025/4/2 9:38,1.2秒，距离很短了,0
2025/4/2 9:38,你醒来在什么地方这个都很难说,0
2025/4/2 9:39,@???? @??????凹凸曼,0
2025/4/2 9:39,要是这次是比亚迪跟问界又是另外一种风格了,0
2025/4/2 9:39,嘴哥说话可能不是很中听，但特别实在，还是喜欢华为[玫瑰][呲牙],0
2025/4/2 9:39,以后凡人就会全透明了。,0
2025/4/2 9:39,啥叫辅助驾驶[思考]不应该是驾驶员是第一责任人吗,0
2025/4/2 9:39,你可以说车企不该研究这功能出来，但你不能不讲理吧,0
2025/4/2 9:39,没有,0
2025/4/2 9:40,我只能告诉你一句，这是违法行为。,1
2025/4/2 9:40,现在的年轻人追求科技和刺激，没办法,0
2025/4/2 9:40,交通法明文规定，开车手不能离开方向盘，为什么还会有智能驾驶，和无人驾驶，这不是违背了交通法吗，不是和交通法有冲突吗，,0
2025/4/2 9:40,大聪明吧[看],0
2025/4/2 9:41,那不得更应该开心吗,0
2025/4/2 9:41,感觉还是碰撞起火的原因，让车里人和车外人没有施救时间,0
2025/4/2 9:41,没必要啊,0
2025/4/2 9:41,很无奈！车速这大，能怨谁,1
2025/4/2 9:42,我永远不会相信小米,1
2025/4/2 9:42,就是因为出现这个东西，很多人依赖性，不集中精神开车。那你说他是减少了事故率还是增加了事故率？,0
2025/4/2 9:42,最大问题不应该是车门锁死电池起火吗？,0
2025/4/2 9:43,第一熟练驾驶技术。第二别把小命交给电子产品。第三远离电车。,0
2025/4/2 9:43,余承东，先生大疫[奸笑],1
2025/4/2 9:44,拼多多套路,1
2025/4/2 9:45,L3级属于无人驾驶吧,0
2025/4/2 9:45,简单，智驾更新服务，系统未升级产生的事故车主承担，搞个8000一年升级费，其中6000拿去给你买个保险，万一撞没了保险赔我车企，我再赔给你，你们还要夸我有担当，赔的真快[看],1
2025/4/2 9:45,所谓的智驾就是缴智商税。那种方向盘要放不放反而人是慌起的。不如踏踏实实把方向盘交给自己控制来的稳当。,1
2025/4/2 9:45,你为什么要说车门锁死这些话，结果没出来，你什么意思，你以为别人看不出你在干嘛吗？,1
2025/4/2 9:46,什么车都架不住车主睡觉十分钟,0
2025/4/2 9:47,雷军自己说了辅助驾驶只是辅助还需要人手握方向盘[微笑],0
2025/4/2 9:47,运气好也是 司机也是心大,0
2025/4/2 9:47,广东有句话?多个香炉多个鬼?什么都相信智能！?屙呢条裤?,1
2025/4/2 9:47,这个没说是自动驾驶啊，智能≠自动,0
2025/4/2 9:47,大家为什么要把目光都放在车企上，这对车企是不公平的。,0
2025/4/2 9:48,撞路边护栏而不是直直撞上去的,0
2025/4/2 9:49,小米营销确实牛逼，但产品质量和产品售后真的太差劲了，电视经常坏，坏了还没有配件，说以前款式的没有配件了，小米企业才几年，老产品连配件都没有，第二就算有配件，你们猜猜配件有多贵？买几个配件都可以买台新的。不过不得不承认小米营销确实牛逼！,1
2025/4/2 9:49,我要买L5级的,0
2025/4/2 9:49,一点责任不想担,1
2025/4/2 9:49,怎么可能呢睡着，前面只是提醒让车主注意，估计平时也习惯了，后面预警立马接管了，能是睡着嘛,0
2025/4/2 9:50,还是吉利牛逼，有就是有，没有就是没有，不玩虚的！全球首发L3千里浩瀚！,0
2025/4/2 9:51,开车肯定是人为主啊，你开着车睡觉，相信机械就是傻,1
2025/4/2 9:52,坐车的门槛真的太低了，。[看]。。手里偶尔都会卡一下，竟然相信智驾,1
2025/4/2 9:52,这种报告不应该是毫秒级的吗？25.99-26.01也是一秒,0
2025/4/2 9:52,@立白官方旗舰店 @雕牌官方旗舰店 赶紧 大客户来了[抠鼻][抠鼻][抠鼻][抠鼻],0
2025/4/2 9:53,你完全没用概念[捂脸],1
2025/4/2 9:53,同问,0
2025/4/2 9:53,自动驾驶只是辅助[捂脸][捂脸][捂脸]自动驾驶TSL都出多少事故了！,1
2025/4/2 9:54,两码事，那是车门打不开,0
2025/4/2 9:55,碰撞后马上起火了？,0
2025/4/2 9:56,说实话真不信这些智驾，要省事我只坐车，不然还是老老实实自己开,0
2025/4/2 9:56,@咻咻 《2.99》,0
2025/4/2 9:56,买沃尔沃[赞],0
2025/4/2 9:57,应该不到l3的技术，车就不能配智驾功能。,0
2025/4/2 9:57,不买电车,0
2025/4/2 9:58,100时速就自燃？,1
2025/4/2 9:58,你坐的车，也是开智驾的[看],0
2025/4/2 9:58,支持国产支持雷总！,0
2025/4/2 9:58,这么多车企，哪个品牌会没有事故没有死人，也就雷总这么有担当，也敢担当！！！智驾还得深化技术[赞][赞][赞],0
2025/4/2 9:59,智驾导致的车祸啊,0
2025/4/2 9:59,这种夸大宣传，是欺诈行为嘛？归那个部门来管？[捂脸][捂脸][捂脸],0
2025/4/2 9:59,人为。。智驾，。把自己命交给，智能,0
2025/4/2 10:00,他要是遇上小米车祸的改道修路，也得出事,1
2025/4/2 10:00,不该晚上开高速的，晚上开高速太危险。如果是白天，大概率是不会出事故的。,0
2025/4/2 10:00,你听说过我的故事[看],0
2025/4/2 10:00,不成熟就不应该车上配这系统，难道用这功能辅助司机送死的呀。,1
2025/4/2 10:01,你听说过我的故事[看]？,0
2025/4/2 10:01,22.36的时候就提示请手握方向盘了为什么不开始接手？非要等到要撞前两秒才开始接管？以为自己是快银吗？[暗中观察],1
2025/4/2 10:02,这样的车，必须买，以后只买交强险就够了,1
2025/4/2 10:02,L4才行,0
2025/4/2 10:03,@就爱菠萝蜜 [大笑][大笑][大笑],0
2025/4/2 10:03,只要有一个敢，所有车企都敢,1
2025/4/2 10:03,怎么扣分呢？,0
2025/4/2 10:03,@错过的烟火,0
2025/4/2 10:04,l2.99级智驾，比l3更智能[看],0
2025/4/2 10:04,97时速你说呢？要是汽油车更厉害,0
2025/4/2 10:04,辅助驾驶还是可以的,0
2025/4/2 10:04,什么级别都是自己担着 乘客又不是司机,0
2025/4/2 10:05,啥风格呀[捂脸],0
2025/4/2 10:05,人都死了？谁开车门？[笑哭],1
2025/4/2 10:06,这不叫碰撞就叫撞击,1
2025/4/2 10:06,22点36分48秒你看这条信息啊[听歌] 双手离开方向盘,0
2025/4/2 10:07,他标准版，哪来的智驾,1
2025/4/2 10:07,有道理,0
2025/4/2 10:07,智驾肯定有问题，但没到l3级车企本来就很容易甩锅。逆天的是撞完没死，车门打不开活活烧死了,1
2025/4/2 10:08,不知道你看懂我意思没有，从发生预警时间到碰撞时间这中间在做什么,0
2025/4/2 10:09,所以说很多开了自动驾驶就不管不顾的人是对别人和自己的生命的不负责任。,0
2025/4/2 10:09,所以说不听老人言 吃亏在眼前,0
2025/4/2 10:09,说得好，那他负责吗[你不大行],1
2025/4/2 10:09,我的是L2.9你能奈我何[看],1
2025/4/2 10:09,哈哈哈哈哈,0
2025/4/2 10:10,你说呢？,0
2025/4/2 10:10,心有多大的人会这样把命交给智驾,1
2025/4/2 10:10,不良风气都是余大嘴宣传出来的,1
2025/4/2 10:10,0.01秒退出[色]幺遥领先,1
2025/4/2 10:10,支持,0
2025/4/2 10:11,这么快速度撞上去可能都噶了,1
2025/4/2 10:12,洗一条多少钱[流泪],0
2025/4/2 10:12,2.99999[看],0
2025/4/2 10:13,方向盘永远握在自己手里。[赞][赞][赞],0
2025/4/2 10:13,那个烧起来的，发出来全部信息，好像就是人接手后，拐弯马上就撞了,1
2025/4/2 10:13,现代年青人被电车宣传洗脑了，太迷信智驾、动力、大显示屏等高科技……,1
2025/4/2 10:14,@YM-_,0
2025/4/2 10:14,他自己开迈巴赫[捂脸][捂脸]那来的智驾还是说奔驰的智驾很NB[看],0
2025/4/2 10:14,我比较守旧吧。可能会是最晚用电车的一批。一个是跑高速一个是极低气温问题。暂时无法接受。,0
2025/4/2 10:14,四舍五入，也得找它赔,1
2025/4/2 10:15,不犹豫了 立马退车！,0
2025/4/2 10:15,100公里时速 把人撞晕了,0
2025/4/2 10:16,拼多多[九转大肠],0
2025/4/2 10:16,那个人的buff叠满了，一想到要赔钱，就想到了告,1
2025/4/2 10:17,L2.9999早就出来了[捂脸]看看某为,1
2025/4/2 10:17,法律没有四舍五入,0
2025/4/2 10:18,人家不是有特定区域吗[捂脸][捂脸]还是全区都能跑[捂脸][捂脸],0
2025/4/2 10:18,后台有人在看着，在操控的,1
2025/4/2 10:18,垃圾车,1
2025/4/2 10:18,萝卜和无人快递车一个级别,1
2025/4/2 10:19,比亚迪一直都是宣传安全是最大的豪华，别代入了！我们不喜欢跟某些群体拉踩,1
2025/4/2 10:19,[捂脸]那个所谓车门打不开没有确切证据，到现在小米都那边没摸到车，官方也没发公告，保持旁观就好别被有心人当枪使,0
2025/4/2 10:19,为什么扣分,1
2025/4/2 10:19,没有依赖智驾，是失控了，车上三个人都拼命刹不住啊,0
2025/4/2 10:19,一直在预警让驾驶员不要脱手,0
2025/4/2 10:20,雷总[比心][比心][比心],0
2025/4/2 10:20,开始跑路,1
2025/4/2 10:20,你开劳斯莱斯这个速度撞上也不行吧[捂脸],1
2025/4/2 10:20,是车失控了,0
2025/4/2 10:20,算广听,0
2025/4/2 10:21,猜一下有没有友商点的车。[愉快],0
2025/4/2 10:21,辅助，能看懂的都知道是怎么回事！雷总挺住[赞],0
2025/4/2 10:21,不管是L几，哪怕是L33333，它现在也只能是辅助驾驶。,0
2025/4/2 10:21,方向盘只有握在自己手里才放心,0
2025/4/2 10:22,电脑出来多少年了都经常会死机，怎么就有人会觉得智驾会安全[抠鼻],1
2025/4/2 10:22,市区车速慢，车辆反应，高速公路反应慢急刹危险高,0
2025/4/2 10:23,智驾本服务于突发状况、无法自驾、很多人却把他当司机了,0
2025/4/2 10:23,2秒按照100码我算过，可以跑70米了,0
2025/4/2 10:23,智驾只信华为技术!,0
2025/4/2 10:23,雷总一直真诚的提醒[赞][赞][赞][赞],0
2025/4/2 10:24,还是人家脑子好用[看],0
2025/4/2 10:24,符合流程没问题,0
2025/4/2 10:25,夜晚高速公路开智能驾驶，这些人怎么想的？,1
2025/4/2 10:25,l2和l3的区别就是车企会不会对事故全权负责[尬笑],0
2025/4/2 10:25,某些群体对待小米和问界的事故态度截然不同呀[捂脸][捂脸],0
2025/4/2 10:25,智驾不是智能辅助驾驶嘛？我记得雷军直播测试车辆的时候说过吧[黑脸],1
2025/4/2 10:26,快退 我等着提车[泪奔],0
2025/4/2 10:26,因为她不想活了[偷笑],1
2025/4/2 10:27,可以抄底了,0
2025/4/2 10:27,[憨笑],0
2025/4/2 10:27,人家会回你一句，没有智驾谁还买你的电车呀？[抠鼻],1
2025/4/2 10:27,退了好  防止别人订不了车,0
2025/4/2 10:27,市面上大把这种车,0
2025/4/2 10:27,关键那是辅助驾驶，自己必须得抓着方向盘，我单手抓方向盘，车子都一直提示让双手扶着方向盘呢[偷笑],0
2025/4/2 10:27,，，穷，，又救了我一命,0
2025/4/2 10:28,不能买杂牌车,1
2025/4/2 10:28,司机在后台呢[笑哭],0
2025/4/2 10:28,我连自己都不信，你让我相信那死电脑智驾,1
2025/4/2 10:28,奔驰说了，只有真正有技术的企业才敢,1
2025/4/2 10:29,小米想走法律程序 家属想走网络程序[奸笑],1
2025/4/2 10:29,好好开车！为啥要看手机？为啥要打盹呢！不能到服务区或者停路边！我最讨厌别开车车看手机的！,1
2025/4/2 10:30,雷总[赞][赞],0
2025/4/2 10:30,我们这边全是无人驾驶网约车，不赶时间可以图个新鲜坐坐，急死人，对面来个新人等半天才走[捂脸]三公里的路他恨不得能开二十分钟，加上这边行人喜欢乱串,0
2025/4/2 10:30,L2.99999999[看][看][看][看][看],0
2025/4/2 10:30,太棒了,0
2025/4/2 10:30,这些花里胡哨的东西，再怎么先进牛逼都不如靠自己,1
2025/4/2 10:31,里面的人都没意识了，谁来开，外面又没法,1
2025/4/2 10:31,那是远程控制的，你以为真是无人驾驶？,1
2025/4/2 10:31,有人要黑他,1
2025/4/2 10:32,年轻人不听劝[捂脸],0
2025/4/2 10:32,就算是什么车，开那么快也会这样吧,0
2025/4/2 10:32,雷总我们永远相信你现在像这样良心的企业不多了,0
2025/4/2 10:32,开智驾更紧张，因为它和我平时开车的习惯性反应完全不一样，所以其实更容易出事。当然 对于新手和女司机而言，本来就没有老司机的习惯性反应，所以他们完全不担心就会放心使用，也只有智驾让他们有了安心“上路”的自信,0
2025/4/2 10:33,你不用说智驾怎么样，你开什么车跑到100多碰了也没有什么生还的几率。,1
2025/4/2 10:33,别说智驾了，我连定速巡航都不相信，从来不敢用[捂脸],0
2025/4/2 10:34,为啥非要加入智驾这个功能呢我就不明白了[捂脸],0
2025/4/2 10:36,对啊，不成熟就不应该上车啊，这我没说错啊,1
2025/4/2 10:36,有点315查蜜雪冰城的感觉,0
2025/4/2 10:36,支持雷总，千万别赔钱,0
2025/4/2 10:36,即使达到L300也是L2.99,0
2025/4/2 10:36,是的！哪些人眼红,1
2025/4/2 10:36,都自动驾驶了，没有驾驶证的可以坐车不？,0
2025/4/2 10:36,不是事故前一秒甩给车主的，而是车主接手后打方向盘躲避障碍物，然后撞上路边水泥墩了。不能说是离障碍物一秒才退出自动驾驶的，这个有歧义。,0
2025/4/2 10:37,目测会出现很多L2.9，但是我看到了L4[抠鼻],1
2025/4/2 10:37,早就说明了,0
2025/4/2 10:38,刚刷到一个用智能驾驶的三人走了[捂脸][捂脸][捂脸],0
2025/4/2 10:38,我就是很保守，除非油车停产我会考虑电车,0
2025/4/2 10:39,害人害己禁止这种,1
2025/4/2 10:40,来个专家说说3和2.9999的无限循环什么关系,0
2025/4/2 10:40,哈哈[捂脸],0
2025/4/2 10:40,信雷神得永生，赶紧去买小米汽车[拳头][拳头][拳头],1
2025/4/2 10:40,有没有可能，这不是数学，你不到三就不是三,1
2025/4/2 10:41,首先，安全锤一定要备一个，不是门打不开的最，第二个肯定道路施工很多都是摆放不合理的,0
2025/4/2 10:41,你也不看看这是哪一年的了，都两年多过去了,0
2025/4/2 10:41,难道不是因为，发布的时候l3法规没落地嘛，接下来肯定有l3的车了啊[捂脸],0
2025/4/2 10:41,强力撞击，人也许没有意识了吧[捂脸],0
2025/4/2 10:41,我太糊涂   不知道有多少人也是这么想的,0
2025/4/2 10:41,[赞][赞][赞]雷总说了，,0
2025/4/2 10:41,辅助你驾驶,0
2025/4/2 10:41,哥，23年的,0
2025/4/2 10:41,那些胆大的人敢把方向盘交给电脑[捂脸][捂脸][捂脸]不管什么时候我是不敢,0
2025/4/2 10:41,这是辅助你驾驶,0
2025/4/2 10:42,绷住了，今天怎么了,0
2025/4/2 10:42,目前国内的都是智能辅助驾驶L2级别的，身边挺多朋友使用智驾开高速自己玩手机，听着都恐怖[尬笑],0
2025/4/2 10:42,还是相信沃尔沃！,0
2025/4/2 10:43,l3也不能这样子玩吧[捂脸]，那车企不得赔死,0
2025/4/2 10:43,两秒急刹车，估计能从116公里每小时刹到60公里每小时。,0
2025/4/2 10:43,"是可惜了三条性命，逝者安息[感谢]，
但是不排除其他借风口踩他",1
2025/4/2 10:43,在数学上是相等的,0
2025/4/2 10:43,是的，如果他不接管系统就会减速刹车，甚至直直停车,0
2025/4/2 10:44,智驾不是无人驾驶，是智能辅助驾驶。高速，夜间，修路，不扶方向盘，不观察路况。三个人有说有笑，分心，随便拎出2点都足以致命。更何况都集齐了。逝者安息吧。,0
2025/4/2 10:44,≈,0
2025/4/2 10:44,心疼雷总，车祸往往都是人为因素，跟车企真的没有多大问题！那么多的交通法规，都是为了我们的生命安全考虑！哎！,0
2025/4/2 10:45,@一个鹌鹑蛋,0
2025/4/2 10:45,@嘻嘻,0
2025/4/2 10:45,没办法，,0
2025/4/2 10:45,没有   他手绝对不敢离开,1
2025/4/2 10:45,全国人要清醒，电车不要买，存在危险,1
2025/4/2 10:46,挺住雷总，虽然不喜欢su7但是支持,0
2025/4/2 10:46,沃尔沃，涨！,0
2025/4/2 10:46,@风起了,0
2025/4/2 10:46,全生产老爷车。怎么进步呢。,1
2025/4/2 10:47,智驾耍流氓 2秒？,1
2025/4/2 10:47,某为二点九循环[看],1
2025/4/2 10:47,说的很对，我自己的生命在自己手里，不相信任何东西,0
2025/4/2 10:47,电车一旦发生猛烈撞击后，车载电池发生爆燃的机率很高，车辆碰撞导致车门无法打开，车内人员如果发生昏迷或已受伤，几乎没有反应时间逃离车内（两分钟之内如果逃不出来，基本上要埋葬火海）。,0
2025/4/2 10:47,别老张图就被带节奏，到现在为止l3全国法律制定都没出，视频里出的也只是北京。你看图中是2023年，那时候你说自己是l3不是违法的吗？？然后华为也是l3法律的制定参与者，等全国l3法律出了，它就会宣布自己l3了,0
2025/4/2 10:47,我对小米有滤镜，怎么的都喜欢[看],0
2025/4/2 10:47,逆天,1
2025/4/2 10:47,有些人智驾睡一觉就到家了，还发朋友圈炫耀一下,0
2025/4/2 10:47,无人驾驶的都出过事故，智能驾驶比得上无人驾驶吗[抠鼻][抠鼻][抠鼻],1
2025/4/2 10:47,一次也没用过，不敢的有没有,0
2025/4/2 10:48,其实我一直有个问题，买车不就是为了自己能开车吗，开车多爽啊，为啥要开自动驾驶啊[宕机],0
2025/4/2 10:48,大哥  这是测试资质。  而且也没有说是已经可以上路使用。不看字的吗？,1
2025/4/2 10:48,再是无人驾驶它也是机器，是机器就会出错[泪奔],0
2025/4/2 10:49,所以华为的是2.999999级,0
2025/4/2 10:49,所以智驾根本就不成熟,0
2025/4/2 10:49,你这话挺大歧义的,1
2025/4/2 10:50,无限接近，永不相交,0
2025/4/2 10:50,人总是在出事后先责怪别人。有时候，我们需要先想一想，自己的能力到底有多大。,0
2025/4/2 10:50,不抬不踩，等待官方调查结果通知吧,0
2025/4/2 10:50,人家都说了是辅助驾驶，不要脱手[看],0
2025/4/2 10:50,老司机都知道，方向盘只有在自己手里，心里才有数。,0
2025/4/2 10:50,为什么中国人制造的车出事故。就必须道德绑架呢。国外的牌子，日本车，德国车，美国车，韩国的车。为什么不见媒体大肆的宣传这些事故的车，为什么不道德绑架他们。所以才会有中国人，把中国人骗到美国做奴隶。,1
2025/4/2 10:51,还是差点,1
2025/4/2 10:51,哼，想想以前的成功学，想想那些情感狗屎鸡汤,1
2025/4/2 10:51,总有人不信邪呀，但是请不要拿别人的命不当回事,0
2025/4/2 10:51,系统八分钟前就发出方向盘脱手警告了,0
2025/4/2 10:51,雷总，挺住！！！！,0
2025/4/2 10:51,买无人驾驶吧，我们这边有无人驾驶的小车送快递的,0
2025/4/2 10:51,都在测试[看],0
2025/4/2 10:51,高速修路，有责任吗？电池的安全保障性，有问题吗？,0
2025/4/2 10:51,真的会有人完全靠智驾？我的手从不敢脱离方向盘，把命交给智驾除非我不想活了,1
2025/4/2 10:52,以为有辅助就一定能保住C吗[看],1
2025/4/2 10:52,人心中的成见是一座大山[看],0
2025/4/2 10:53,雷总说的太对了[赞][赞][赞][赞][赞],0
2025/4/2 10:53,哈哈,0
2025/4/2 10:53,生命怎么可能交给没有生命的东西[捂脸][捂脸][捂脸],0
2025/4/2 10:53,[捂脸]既然不想卧方向盘那就打车，开什么车呢？这不是添乱吗,1
2025/4/2 10:53,??????我开车老怕一脚油门撞上墙，开的老是战战兢兢的,0
2025/4/2 10:53,就小米那个，开别的车也避免不了严重超速,1
2025/4/2 10:54,无人驾驶网约车马上就要普及了，各位赶紧去体验吧[偷笑],0
2025/4/2 10:54,智驾系统比很多驾驶人好很多倍，是很多人的福音，人驾驶车辆发生事故也很多。网络和系统都会有反应慢和死机的时候。驾驶技术好的人不会完全依赖智驾的。,0
2025/4/2 10:54,懒,1
2025/4/2 10:54,那么智能，高速路上不睡觉吗,1
2025/4/2 10:54,下一步，要么智驾再更新，要么智驾去掉了,0
2025/4/2 10:54,萝卜快跑呢？,0
2025/4/2 10:54,[赞],0
2025/4/2 10:55,开过你才知道电车好,0
2025/4/2 10:55,自己的生命安全怎能完全交给电子元件,0
2025/4/2 10:55,支持国货支持雷总[赞][赞][赞],0
2025/4/2 10:55,可是有的人就是不听啊,0
2025/4/2 10:55,买车这些黑科技，能不买就不买，我现在就焦虑了，买了个啥配置都有的，一个后视镜两千大多。后期的维护费用太贵了,0
2025/4/2 10:55,成都已经有了[笑哭],0
2025/4/2 10:55,雷总，别怕我站你这边！反正我开高速从来不睡觉！困了都要去服务区睡一会。我从来不把命放在别人手上，自己掌握才是最安全的。,0
2025/4/2 10:55,@霸道总柴 乖乖 我刚刚说l2 4.1开放l3,0
2025/4/2 10:56,傻货,1
2025/4/2 10:56,我的车子虽然不是最好的，辅助功能我也不用，连那个自动泊车功能我都不敢用[捂脸],0
2025/4/2 10:57,武汉早就普及了，经常体验，比人开安全多了。,0
2025/4/2 10:57,嘿嘿，还得是华为[赞],0
2025/4/2 10:57,辅助驾驶就是辅助驾驶，为什么称之为智能驾驶[捂脸][捂脸],0
2025/4/2 10:57,全国大部分一二线城市都有了,0
2025/4/2 10:57,评论区怎么了？人性这么可怕！,1
2025/4/2 10:57,别说华为，特斯拉有吗[尬笑],0
2025/4/2 10:58,人家29号晚发生的，4.1是车企出来发声,0
2025/4/2 10:58,所有的都叫智驾啊，可是你看拿这玩意当主要宣传点的是那几家新能源车企，小米给人留下的印象不就是好看，加速快，车身强度高然后智驾垃圾嘛[捂脸]。,1
2025/4/2 10:58,我开本田，厂家减配的 不带自动落锁[抠鼻],1
2025/4/2 10:58,从哪知道的门打不开的呀？托梦告诉网友的吗？,1
2025/4/2 10:58,希望一毛都不赔 真离谱自己出车祸找车商赔偿来了 什么人都有,1
2025/4/2 10:58,那就是天塌了,0
2025/4/2 10:58,该说不说。我觉得大林子分析的非常有道理了！,0
2025/4/2 10:58,卖车的是不是也是这样给消费者介绍的[捂脸],0
2025/4/2 10:59,功能越多，隐患越多，越简单的车越安全,0
2025/4/2 10:59,前两年只要有关特斯拉的事故，车主和媒体都找特斯拉算账，是因为特斯拉太亲民了啊[捂脸],0
2025/4/2 10:59,人直接撞死了，谁开门,1
2025/4/2 10:59,我觉得智驾对我最友好的就是倒车入库[泣不成声],0
2025/4/2 10:59,那个是拿生命做实验，就看谁是小白鼠了,1
2025/4/2 10:59,天花板级的在哪一档？,0
2025/4/2 10:59,你开个直播开97速度测试撞一下，看看车门变不变形，人还有没有意识，还能赖门打不开？,1
2025/4/2 11:00,萝卜快跑才是无人驾驶[捂脸],0
2025/4/2 11:00,雷总，你估计要被黑一段时间了。,1
2025/4/2 11:00,车都不买了 打车都不要一块钱一公里 买啥车,0
2025/4/2 11:00,@??F 又不是开飞机，还辅助驾驶,0
2025/4/2 11:00,速度呢是？？相同的路人开20分钟他需要多少分钟,0
2025/4/2 11:00,现阶段的智驾只是名字叫智驾，就是一些辅助类的，比如定速，车道偏离预警，碰撞预警之类的。真当机器人了？,0
2025/4/2 11:01,大概率会出现很多L2.9的[捂脸],0
2025/4/2 11:01,买了也用不着 坏了还得修  你钱多无所谓,1
2025/4/2 11:01,最好别用,1
2025/4/2 11:01,那废了，某没资格的车企怎么办[看][看][看]一直发布会说自己自动驾驶[看][看],1
2025/4/2 11:01,@DOU+上热门 @抖音创作小助手 @DOU+小助手 @生活服务热点中心,0
2025/4/2 11:02,不管什么智能，都是人类设计出来的，都别太相信百分百不会出错！为什么自己的生命要交到别人手里呢[捂脸]！要相信自己，所有的卖点只是营销手段而已……你要太盲目跟风。,0
2025/4/2 11:02,本来就是，人性扭曲，觉得可悲……每一次舆论风波，大家貌似冷血,1
2025/4/2 11:02,早就已经说明了问题[捂脸],0
2025/4/2 11:02,难道你们不认为盯着别人开车，随时准备接管比自己开车累得多吗？[捂脸],0
2025/4/2 11:02,[捂脸]2023年的新闻，当时法律还没有L3级法规，车企禁止说L3级,0
2025/4/2 11:02,玩手机，跟男朋友聊天腻歪了[微笑][微笑][微笑]还是太年轻！开车完全信任智驾！然后自己玩手机，心真大！！！,1
2025/4/2 11:02,为什么要赔，[捂脸],0
2025/4/2 11:02,看看时间 那是法规前[尬笑],0
2025/4/2 11:03,大嘴说了，全程不用碰方向盘,0
2025/4/2 11:03,[尬笑]提醒八分钟  都不摸方向盘,0
2025/4/2 11:03,[捂脸][捂脸],0
2025/4/2 11:03,那家人来看看，人家提醒的口水都说干了，就不听就不听,1
2025/4/2 11:03,你这个人啊，一点也不懂的开玩笑,1
2025/4/2 11:03,人家都提醒了,0
2025/4/2 11:03,油车只要不停产，我只买油车。,0
2025/4/2 11:03,我是不敢把方向盘交给机器[看],0
2025/4/2 11:03,提醒过，但提醒的少，说提速快说的太多,0
2025/4/2 11:04,雷军也说了啊，车主不听）,0
2025/4/2 11:04,别说智驾 就自动挡我都不放心 我就开手动[捂脸],0
2025/4/2 11:04,脱手就报警，这不难做到吧？,0
2025/4/2 11:04,我不会黑他,0
2025/4/2 11:04,说为什么着火??,0
2025/4/2 11:04,我记得奔驰S还是迈巴赫是L3的，但是也限制在某某路段才能开自动驾驶,0
2025/4/2 11:04,我家车也有这个功能，我买了七年，从未使用过，还是相信自己的手脚,0
2025/4/2 11:04,善良的的人总是被欺负，好多人就是越让越得寸进尺,0
2025/4/2 11:05,油车上百的速度也会死人[尬笑][尬笑][尬笑],0
2025/4/2 11:05,他要是油车我还真就买了，不喜欢电车[捂脸],0
2025/4/2 11:05,早就提醒过了[尬笑],1
2025/4/2 11:05,安全永远第一位,0
2025/4/2 11:05,你出钱，。我就要,1
2025/4/2 11:05,用智驾也一定要双手放在方向盘上，已不变应万变,0
2025/4/2 11:05,@誰不知所措?? @归南,0
2025/4/2 11:05,用过l2智能辅助驾驶的都知道1手不放在方向盘什么会报警2踩刹车打方向盘会自动退出智驾,0
2025/4/2 11:05,肯定呀，命是自己的，智驾只是一个辅助作用而已,0
2025/4/2 11:06,不是约等 而是完全相等,0
2025/4/2 11:06,有没有小米车主太危险的 不想要了 快私我 我来解决,1
2025/4/2 11:06,自媒体还有很多过渡吹嘘自驾的人,0
2025/4/2 11:06,????，果然有思路的就是不一样,0
2025/4/2 11:06,还有轰鸣声，，，已经做到了高度相似，,0
2025/4/2 11:06,最大的问题还是人,1
2025/4/2 11:06,一旦出事都是车的问题[捂脸],0
2025/4/2 11:06,那无人驾驶的汽车，怎么解释,0
2025/4/2 11:06,取消智驾吧 车祸太多，还是自己熟练靠谱,0
2025/4/2 11:06,我想问一下，比如遇到情况的时候应该踩左松右，但是你因为紧张松左踩右去了，这时候和智能驾驶形成对抗，而你的力气踩的又比较大，此时会怎样？？？,0
2025/4/2 11:06,为什推销的时候叫智驾,1
2025/4/2 11:07,法规一出以后就没L3了  他就是l30他都宣传自己无限接近L3,0
2025/4/2 11:07,出事了就是和某为没有关系他不是某为他是某界,1
2025/4/2 11:07,你搜一下问界m9车主高速睡着，汽车自己开回家，自己下高速，市区也是自己开[看]真实案例。,0
2025/4/2 11:07,又没有一种可能 当时是在车上刷抖音看周杰伦演唱会直播，所以抖音也要负责。,1
2025/4/2 11:07,雷总没毛病[赞],0
2025/4/2 11:07,永远支持小米，买车只买小米，不考虑别的车,0
2025/4/2 11:07,有国内这样的人，哪怕技术成熟了也不出全能智驾,0
2025/4/2 11:07,以前没智驾的时候没车祸么,1
2025/4/2 11:07,那请问智驾是在什么时候用的？,0
2025/4/2 11:07,车企：事故前一秒我退出自驾[舔屏],1
2025/4/2 11:08,油车他玩不转的  [呲牙][呲牙],0
2025/4/2 11:08,不会吧,0
2025/4/2 11:08,有没有看到撞烂多少 你猜高铁飞机为什么还要驾驶员,1
2025/4/2 11:08,宣传自动驾驶的都应该判刑[微笑]方向盘长时间离开的都应该罚款,1
2025/4/2 11:08,哥们，你开过车上高速嘛,0
2025/4/2 11:08,汽车其实根本不需要，也不应该有这些花里胡哨的功能，只会害人性命,0
2025/4/2 11:08,说是无人驾驶，平台内部也是有员工在看着的，遇到施工之类的，可以人工干预，不可能完全交给电脑的,0
2025/4/2 11:08,已经人接管了，谁知道她怎么开的,1
2025/4/2 11:09,@爆辣螺丝粉 6,0
2025/4/2 11:09,雷军太好说话了,0
2025/4/2 11:09,小米最近太火了，有人要给他降温,1
2025/4/2 11:09,刷到过睡觉的,0
2025/4/2 11:09,l2.99,0
2025/4/2 11:09,取消智能驾驶，方向盘不能交给第二方来掌控,0
2025/4/2 11:10,在我们这买的吧[不失礼貌的微笑],0
2025/4/2 11:10,@中国基金报 小米发了官方通告你是看都不看，人家说还没有接触事故车，你怎么知道车门锁死了，上来就叭叭叭的说，还说什么给人反应时间少，智驾不是让人当智障，怎么，车子不发出警报就不管是吧，作为一个有两百万粉丝的博主，希望你正确发言，不要带偏舆论方向,1
2025/4/2 11:10,昨天用刀切菜，划破了指甲，怎么办，好着急。,0
2025/4/2 11:10,辅助驾驶既然没有用还设计这个功能干什么呢？,1
2025/4/2 11:10,你想咋用就咋用 决定权在你手里[看],0
2025/4/2 11:11,有先进的。自己没有的不能让别人用,1
2025/4/2 11:11,特斯拉撞翻了也没有起火爆燃是致命一击很难逃生[苦涩],1
2025/4/2 11:11,97撞水泥墩就得着火，你厉害，特斯拉做不到,1
2025/4/2 11:11,你这种想法就会出事，人家宣传的时候已经讲过了的，智能只是辅助，你的生命最好握在自己手中…,1
2025/4/2 11:11,幸亏是小米燃烧事情前说的，这个是实话！,0
2025/4/2 11:11,这题我会，找厂家[呆无辜],0
2025/4/2 11:11,如果这次是比亚迪或者问界，那肯定是车企的问题啦，对不对？,0
2025/4/2 11:11,找生产刀的厂家[呲牙],1
2025/4/2 11:11,瑶瑶领先，瑶瑶领先。。。。[捂脸][捂脸][捂脸],0
2025/4/2 11:11,雷总总是那么真诚[比心],0
2025/4/2 11:12,原来雷总已经有言在先，那就自求多福吧,1
2025/4/2 11:12,那你得问余承东，看睡觉时间能不能用。。。,0
2025/4/2 11:12,下一步想发财就开智驾车，出事后起诉车企,1
2025/4/2 11:12,雷总这强调得还不够吗[翻白眼],1
2025/4/2 11:12,无人驾驶出租车什么牌子,0
2025/4/2 11:12,我说我好像没评论，怎么有我的图片？,0
2025/4/2 11:12,他为什么会燃烧,0
2025/4/2 11:12,那么，智驾存在的意义是什么,0
2025/4/2 11:12,买家听得入吗[尬笑],0
2025/4/2 11:12,智能手机 自动打电话？,0
2025/4/2 11:12,"首先，逝者为大，不做对立评论！
单独就讲事故本身，97㎞/h的速度撞击，对于任何车，任何司机来说，都是懵的，尤其是安全气囊弹出，有可能把人都撞晕了，而且后排乘客，现在有几个是全程系安全带的，这次事故，我觉得车门打不开的问题是一方面，电池迅速起火才是最大问题，甚至是所有新能源要重点突破的问题，在人有可能还在懵圈的情况下，火势已经起来了，甚至烧到驾驶室内了，如果人已经晕过去，那只能回天乏术了。",0
2025/4/2 11:12,为什么买车的时候销售员没有告诉大家，也没有学习一下新的技术,0
2025/4/2 11:12,说的真好[捂脸][捂脸][捂脸]终于有人说真话揭露这些骗人套路的事物了[耶][耶][耶]无人驾驶就是死亡驾驶就是有去无回[感谢],0
2025/4/2 11:12,都会着火啊，我上次在桥上遇到一个拉橘子的小货车就自燃了，等我们路过的时候只剩一个框架了，还是有消防的情况下,0
2025/4/2 11:12,正确[愉快][赞],0
2025/4/2 11:12,起码四川手机报要出来吧，对不对？你看这次四川手机报出来了吗？,0
2025/4/2 11:12,谁告诉你的？,1
2025/4/2 11:12,找卖刀的，赔钱。,1
2025/4/2 11:12,找厂家,0
2025/4/2 11:12,小米那个是智能辅助驾驶，不是自动驾驶[憨笑],0
2025/4/2 11:12,你可以质疑刀设计和制造有缺陷，经过鉴定属实可以找厂家索赔,0
2025/4/2 11:12,再提醒各位一句，速度太快了，不管是油车还是电动还是人工智能驾驶，100多码了出了事故，都会伤及人命，我是一名多年的货运老司机，智能驾驶只能用于缓解疲劳80迈，不至于出人命,0
2025/4/2 11:12,关键的问题应该是几秒自燃、火铺不灭以及车门打不开吧？智能驾驶是次要问题。要先想着解决关键问题吧[不是吧],0
2025/4/2 11:13,我连这个都不全信，新车刚到试过一次无人泊车，我在车上还是紧张??，脱离了我的手的方向盘，我都怕,0
2025/4/2 11:13,那萝卜快跑是真无人驾驶的，怎么办保障乘客的安全,0
2025/4/2 11:13,@烟火气??????,0
2025/4/2 11:13,湖北的是勺萝卜？那个在城市开，开的很慢的，动不动就停车[捂脸],1
2025/4/2 11:13,辅助驾驶,0
2025/4/2 11:13,目前智驾还没达到L4级别，现在的智驾只是简简单单的辅助，别太依赖，安全第一[玫瑰][玫瑰][玫瑰],0
2025/4/2 11:13,佩服那些敢为人先的人，我小命要紧，方向盘掌握在自己手中才放心，那些花里胡哨的东西从来不喜欢、什么自动启停、定速巡航、智能驾驶…..至少目前都不能接受！,0
2025/4/2 11:13,都说L2.9了，有人会以为这和L3差不多，但实际上就是L2,0
2025/4/2 11:13,什么都跟你说了，那你还会买吗,0
2025/4/2 11:13,@小娄同学,0
2025/4/2 11:13,时速30码左右，欣赏风景，路况宽敞，行人几乎没有的地方,0
2025/4/2 11:13,说明在升级产品，和手机一样么都要创新才有人买,0
2025/4/2 11:13,各位 以后看到无人驾驶 千万别摁喇叭 千万别摁喇叭 千万别摁喇叭……受惊吓的牛见过没？？？,0
2025/4/2 11:13,临时辅助功能,0
2025/4/2 11:14,高速本来就应该双手拿方向盘,0
2025/4/2 11:14,找生产刀的企业啊[逞强落泪],1
2025/4/2 11:14,智能驾驶就不能出,1
2025/4/2 11:14,智能辅助驾驶，不是无人驾驶,0
2025/4/2 11:14,你聋吗？辅助驾驶懂？双手不离开方向盘,1
2025/4/2 11:14,雷总已经很优秀了，做的很好啦,0
2025/4/2 11:14,要使用智驾，手机app上要学习考试过关后，车子才会启动,0
2025/4/2 11:14,找制刀厂家[尬笑],1
2025/4/2 11:14,营销时  主推智驾时  给人感觉不是这样哦[尬笑],1
2025/4/2 11:14,挺小米,0
2025/4/2 11:14,辅助驾驶啊,0
2025/4/2 11:14,换句话智驾有些做到了L2.99，有些做到了L1.99，约等于L2,0
2025/4/2 11:14,90多公里时速撞击后，估计也开不了门了,1
2025/4/2 11:14,那你要不在看下撞车案例[尬笑]这玩意就是概率问题，特别是遇到修路路段，出事几率特别大,0
2025/4/2 11:14,辅助辅助，不认字就去多读点书,1
2025/4/2 11:14,曝光，让他们老总出来回复你[呆无辜],1
2025/4/2 11:14,不是说的很清楚吗？辅助啊，就好比有些鬼探头，人有的时候反应不过来，车自动刹住啊,0
2025/4/2 11:15,你去开过门？,0
2025/4/2 11:15,自己的生命还是得交给到自己手。,0
2025/4/2 11:15,我老公也常常开启辅助功能，被我骂了好几次，一定要自己操作才行、如果瞌睡了就在服务区休息一下,0
2025/4/2 11:15,好吧,0
2025/4/2 11:15,上次坐我朋友的理想 在高架上开启智驾 双手离开方向盘 但肉眼看见他明显比较紧张 [捂脸][捂脸],0
2025/4/2 11:15,这配置要它干嘛,1
2025/4/2 11:15,对呀、雷总都说了不要脱手[泪奔][泪奔],0
2025/4/2 11:15,在哪里买的找哪里,1
2025/4/2 11:15,必然是刀有问题，不该开刃的,1
2025/4/2 11:15,"登月有什么用？探索太空有什么用？
一天天的，一点眼力见没有。
没有辅助驾驶的积淀，智能驾驶可能一蹴而就么？",1
2025/4/2 11:15,如果我是车企我就不搞智驾了 吃力不讨好,0
2025/4/2 11:15,自己的命不珍惜还要别人提醒吗？前面一个大深坑掉进去就嘎了还要别人让你别踩你才不踩吗？,1
2025/4/2 11:15,因为人老总告诉你了,1
2025/4/2 11:15,不知道,0
2025/4/2 11:15,方向盘一定要掌握在自己手里,0
2025/4/2 11:15,去买小米的能自动切,1
2025/4/2 11:15,首先刀把是木头的你得找木头供应商想，查找木头来源，找到这个木厂提供赔偿其次再去找刀场索求赔偿，如果你在菜板上切菜，你还要找菜板场商索要赔偿，希望可以帮到你[嘿哈],0
2025/4/2 11:15,我们工厂4，5，6也停工了，人性化不,0
2025/4/2 11:15,不相信自己的双手吗开车？,1
2025/4/2 11:15,我读书是为了找工作，结果毕业我才发现大学生的存在是为了不让生产链失业，毕业就失业，她们一直没联系我[看]我要开始进攻了噶[看],1
2025/4/2 11:15,所以没有全国推广啊,0
2025/4/2 11:16,你不知道使用智能辅助驾驶需要学习吗[尬笑],0
2025/4/2 11:16,找卖刀的赔偿[看],1
2025/4/2 11:16,抓紧找厂家，再慢点伤口就愈合了,1
2025/4/2 11:16,人家跑的不快啊，又不上高速，,0
2025/4/2 11:16,那是公家的，公家的事少打听！[呲牙],1
2025/4/2 11:16,"你的意思就是猿人星期一发现了火能烤肉
星期二就会钻木取火
星期三就会水力发电
星期四就能造出蒸汽机
星期五发电厂就出来了
星期六核电厂就建好了
星期天可控核聚变就研究出来使用了[看]",1
2025/4/2 11:16,甭管他L几，你要对你自己的生命负责,0
2025/4/2 11:16,它慢啊，不上高速的，[捂脸],0
2025/4/2 11:16,辅助驾驶，懂不,0
2025/4/2 11:16,虽然我买不起su7但是我依然挺你雷总[赞][赞][赞],0
2025/4/2 11:16,我正要说[笑哭],0
2025/4/2 11:16,手机智能不，还死机和卡顿呢,0
2025/4/2 11:16,去找刀的厂家[不失礼貌的微笑],1
2025/4/2 11:16,[捂脸]定速巡航都不太敢用，何况是自动巡航,0
2025/4/2 11:16,你小子用过智驾吗？[灵机一动][灵机一动],0
2025/4/2 11:16,我老公上高速，被接管后手一直都不离开方向盘。,0
2025/4/2 11:16,居然敢在高速大撒把,1
2025/4/2 11:16,你说勺萝卜吗？,0
2025/4/2 11:16,这么多年宣传的智驾都是无人驾驶,0
2025/4/2 11:16,[动动脑子]可以啊 有可能也是你这辈子最长久的睡觉,1
2025/4/2 11:16,跟小米关系不大，是事故者问题,0
2025/4/2 11:16,当场就失能了！联系不到！出了车祸不到一分钟就再联系！没反应！,1
2025/4/2 11:16,赶快去找厂家，太,1
2025/4/2 11:16,安全是最大的豪华，华为高阶智驾确实优秀[赞][赞][赞],0
2025/4/2 11:16,找刀的生产厂家啊,1
2025/4/2 11:16,玩抽象是吧，现在市面上的新能源车，大部分都是因为开起智能驾驶，然后犯困，出事了[捂脸],1
2025/4/2 11:16,智能手机存在的意思还不是依靠人…怎么到了智驾就指望智驾万能？,0
2025/4/2 11:16,爱要不要,0
2025/4/2 11:17,自动泊车我都从来不用，只相信自己[看],0
2025/4/2 11:17,先有2.9才有3,0
2025/4/2 11:17,那些刚提的卖我14w我收了[不失礼貌的微笑],0
2025/4/2 11:17,不成熟 上这个技术干啥没有想明白[叹气],0
2025/4/2 11:17,最低配没激光雷达，纯靠摄像头还是晚上[尬笑],0
2025/4/2 11:17,有用，但是不能脱手，,0
2025/4/2 11:17,最主要的是出现意外  门   打不开，逃命的门各位老板！！！你们不会考虑不到吧，那是什么原因造成的,0
2025/4/2 11:17,找刀企,1
2025/4/2 11:17,大学生不听话啊,1
2025/4/2 11:17,除了水军，别人应该不会黑他。这次事故里小米没啥责任，也没啥说不清的地方,1
2025/4/2 11:17,为什么就不能接入鸿蒙智驾呢，逞能有这么重要吗？,1
2025/4/2 11:17,他那个都还不成熟只是在城市里并且都还会有隐患,0
2025/4/2 11:17,激光雷达 激光雷达激光雷达，视觉就是死,1
2025/4/2 11:17,其实现在很多配置很高的油车剧烈撞击后车门也是很难打开的，只有以前的油车车门好打开一些。而且这个速度撞击后玻璃没碎吗？主要还是因为这个速度撞击后估计里面的人已经失去意识不能自主行动了。电车目前最应该解决的是电池的耐热性！这样才能降低电车燃烧的概率。,0
2025/4/2 11:17,你都不完全相信，为什么还要问我们。,1
2025/4/2 11:17,我自适应巡航都不敢用，就怕不受控制，相信所谓黑科技的，早晚有一天要为自己的鲁莽买单,1
2025/4/2 11:17,他有没有可能是激动 和你永不分离[偷笑],0
2025/4/2 11:18,所以说那么多功能有什么用,1
2025/4/2 11:18,赶紧找刀企[泪奔][泪奔][泪奔][泪奔],1
2025/4/2 11:18,怎么会呢，我每天都用辅助驾驶，一直记着销售跟我说国内就叫辅助驾驶，有事故就是个人责任,0
2025/4/2 11:18,看下是哪个厂家生产的，赶紧曝光出来，艾特制造厂老板赔偿。,1
2025/4/2 11:18,那是因为慢所以没出大事故，而且萝卜快跑遇见无法通过的路口也交个后台人工接管了，要是小米汽车会骂人早就骂人人，都提示你了不要分心驾驶，提醒你手握方向盘了，只差骂人了,1
2025/4/2 11:18,你紧张不[偷笑],0
2025/4/2 11:18,那出租车里面确实没有人啊，出事了车企也担责任啊,0
2025/4/2 11:18,不认识辅助两个字？,1
2025/4/2 11:18,找刀企[捂脸],1
2025/4/2 11:18,刀企全责，切刀手指应该刀立马变软,1
2025/4/2 11:18,为啥着火车门打不开[呲牙],0
2025/4/2 11:18,刀质量太好，太锋利了，你不适合做饭[呲牙][呲牙][呲牙],0
2025/4/2 11:18,你从哪里知道门打不开的？托梦告诉你的？,1
2025/4/2 11:18,我一般堵车的时候用,0
2025/4/2 11:18,第一梯队的智驾，天花板的泊车集体撞墙,1
2025/4/2 11:18,不上高速就能保证智能驾驶不出事故吗。,0
2025/4/2 11:18,营销号,1
2025/4/2 11:18,人的技术问题，,0
2025/4/2 11:18,可以打开的,0
2025/4/2 11:18,找刀企,1
2025/4/2 11:18,萝卜快跑是有远程电脑操作完全不是一个概念的事，萝卜快跑也不可能给你飚到100多迈,0
2025/4/2 11:18,说说门打不开的消息出处，现在有哪一家权威鉴定机构出了证明说门打不开？就凭千里之外他男朋友的一面之词？,1
2025/4/2 11:18,是死去的亡魂告诉你们门打不开吗？ 首先你有没有确定这个车速撞过去人是否还清醒没得到证实，动不动就是打不开,1
2025/4/2 11:18,切菜把手弄伤了，怎么办，能不能去告刀的厂家，好急，能赔多少钱,0
2025/4/2 11:18,小米是几级,0
2025/4/2 11:18,收多少钱,1
2025/4/2 11:18,死者给你托梦说打不开了,1
2025/4/2 11:18,你也要活着活着清醒啊,0
2025/4/2 11:18,无人驾驶又不上高速吧应该有后台，再说了不可能那么快,0
2025/4/2 11:18,车身够硬，ab 柱都没有变形，电车起火真的是电车的硬伤,0
2025/4/2 11:18,哈哈,0
2025/4/2 11:18,调查报告出来了吗？,0
2025/4/2 11:18,有没有可能报警了她睡觉了[看],0
2025/4/2 11:18,胆子太大，智驾是让出行轻松，开车不累，没有让司机全托智驾！有些人还在说不安全，没有理解智驾的含义！,0
2025/4/2 11:18,别个说的清清楚楚！只是电池容易燃是个大问题！！,0
2025/4/2 11:19,找菜场和刀厂，反正不是你的问题,1
2025/4/2 11:19,智商不够就早点去看吧，所有的东西都是一步步完善的。,1
2025/4/2 11:19,还没有检测到是否确定门打不开！人被撞晕了，或者不知道怎么开门！不要妄下结论,0
2025/4/2 11:19,人在后台开呢[捂脸],0
2025/4/2 11:19,因为有人跳车,1
2025/4/2 11:19,拐杖和轮椅懂不懂[看],1
2025/4/2 11:19,[尬笑]，那你不会自己注意安全？你不会开车睡着不会脱离方向盘的话你担心个屁？,1
2025/4/2 11:19,自动泊车还能用，其他的只能相信自己,0
2025/4/2 11:19,知道100码撞上什么概念吗,1
2025/4/2 11:19,以后应该会听了,0
2025/4/2 11:19,有可能当时已经昏迷了,0
2025/4/2 11:19,看头像就知道你是什么成分了,1
2025/4/2 11:19,那就说明是辅助驾驶不行 不成熟,0
2025/4/2 11:19,智能驾驶不靠谱,0
2025/4/2 11:19,都晕了怎么开门[裂开],0
2025/4/2 11:19,今天的米粉都好理性[看]，希望下次别的车企有这事也能这么理性[看],0
2025/4/2 11:19,傻鸟 你开一百多码出车祸还打得开门啊[看],1
2025/4/2 11:19,隔壁出的事故还少？,1
2025/4/2 11:19,水军而已，反正都没有的了[黑脸],1
2025/4/2 11:19,好多油车撞击后！门变形了也打不开,0
2025/4/2 11:19,呵呵,0
2025/4/2 11:19,听天由命啊,0
2025/4/2 11:19,从零加速跑买车买零跑，欧洲标准绝对安全[赞],0
2025/4/2 11:19,无人驾驶出租车那是怎么个回事,0
2025/4/2 11:19,说不定人晕了[偷笑],0
2025/4/2 11:19,？？？你有什么疑问吗[憨笑],0
2025/4/2 11:19,我还是秦始皇呢,0
2025/4/2 11:19,因为她们三个撞晕了，完全没能力开门,1
2025/4/2 11:19,功力不到位，就不要放在车上当摆没才对,1
2025/4/2 11:19,肯定是厂家的问题啦，做的那么锋利，搞得划到手了[灵机一动],1
2025/4/2 11:19,是没开们，还是打不开门，有证据最好。,0
2025/4/2 11:19,你怎么知道的车门打不开？有什么证据吗？出事当事人打电话说的？,1
2025/4/2 11:19,去了解一下在来bb,1
2025/4/2 11:19,我比你多100[看],1
2025/4/2 11:19,你开过车吗,0
2025/4/2 11:19,雷总讲的非常到位,0
2025/4/2 11:19,为了国运，铤而走险。,0
2025/4/2 11:19,女孩告诉你的[微笑]真实李家嘛，脑子没有就一个键盘[微笑],1
2025/4/2 11:19,刀具厂家没有联系你吗,0
2025/4/2 11:20,谁告诉你门打不开的，当时可能车里面的人都已经昏迷了,0
2025/4/2 11:20,好像是这个原理,0
2025/4/2 11:20,我想知道，萝卜快跑也是智能驾驶，出事咋办,0
2025/4/2 11:20,看到现场了吗就搁这叫,1
2025/4/2 11:20,智驾是什么意思,0
2025/4/2 11:20,起到醒目提醒作用，免责条款,0
2025/4/2 11:20,AB柱未变型，并且远在千里之外的车主为什么一出事就知道是车门打不开呢，97的撞击时速人难道不会晕过去吗,1
2025/4/2 11:20,辅助驾驶就是辅助驾驶，为啥叫智驾,0
2025/4/2 11:20,m7 打不开车门有视频为证呢[看],0
2025/4/2 11:20,我相信雷爸爸,0
2025/4/2 11:20,你去撞一下不就知道了,1
2025/4/2 11:20,好看就够了啊 我又不用智能驾驶 在安全的智能我都不用 [捂脸],0
2025/4/2 11:20,开车我还是相信我自己，不可能交给机器人,0
2025/4/2 11:20,你怎么知道没报警？她玩微信聊天，刷抖音呀,0
2025/4/2 11:20,我先生就是老跟我说哪个电车多好多好，我直接说电车除非不出事一出事几乎连逃跑的机会都没有,1
2025/4/2 11:20,没办法[微笑]只要有电池就摆脱不了[看],0
2025/4/2 11:20,无能驾驶 才对,1
2025/4/2 11:20,只能说这些人胆子太大，敢把自己性命脱手给自动驾驶，给我一个亿我都不敢。都是些不要命的主啊[赞],1
2025/4/2 11:20,为啥不能完善好了再上呢 这样就不会有人去世了,1
2025/4/2 11:20,找刀的麻烦，必要时可以上告,1
2025/4/2 11:20,你试试油车开90撞车能不能开呗[看],1
2025/4/2 11:20,林烧死了吗？,1
2025/4/2 11:20,大甩卖[鼓掌],0
2025/4/2 11:20,"电车都着火，这个问题是解决不了的

时速116那么快，人都撞晕了，能打开车门又怎么样？如果人是清醒的，车门有应急开关，随时都可以打开车门逃生",0
2025/4/2 11:20,[捂脸],0
2025/4/2 11:20,油车这个速度估计也要失火，况且这个速度人有可能当场就去了。或者重度昏迷,1
2025/4/2 11:20,根本就不能有这玩意,1
2025/4/2 11:20,智驾根本没什么用，至少现在是，比如说开车用智驾系统，驾驶员在车上玩手机吃东西做别的事，然后又被交警看到了，罚不罚你？,0
2025/4/2 11:20,电池防弹涂层咋爆燃的？,0
2025/4/2 11:20,自己开车不注意，还是在高速上，出了事故怪厂家，要是集中精力的开车，肯定不会出现这种事情。,0
2025/4/2 11:20,如果是上千万的车，估计没有喷子了,1
2025/4/2 11:20,买了后悔死了，智驾太差，停车位智能识别划线的，机械车位不能识别那怕识别到停产也会碰撞，服务还特别差,1
2025/4/2 11:20,两秒钟的时候接管怎么可能反应的过来。,0
2025/4/2 11:20,你在车上了？你看见人家开不开了？有没有可能人都昏迷了，门不是打不开，是没人开呢？警察都没下结论，你给判了？,1
2025/4/2 11:20,出车祸的多了，[赞][赞][赞][赞][赞],1
2025/4/2 11:20,都说了辅助啊[捂脸][捂脸][捂脸]这个智驾又救了多少条人命你去搜搜快撞车的时候主动帮你刹车，你就只看得见不好的一面吗,0
2025/4/2 11:20,"你去开车门了吗？如果确定是打不开,那我就冲了@小米法务部",1
2025/4/2 11:20,因为你脑子有问题才会问这种问题[看],1
2025/4/2 11:20,那就别叫智驾啊，非要玩概念，误导消费者,1
2025/4/2 11:20,换了吧   我坐别人车   停车状态下有时候都不会开门,0
2025/4/2 11:20,为啥出智能驾驶呢,0
2025/4/2 11:20,交警都没定性被你定性了孩子[捂脸][OK]，果然现代网名听风就是雨，别人传啥我信啥[捂脸][OK],1
2025/4/2 11:20,再怎么智能驾驶再怎么高级的车，什么人会完全信任一个车子系统啊,0
2025/4/2 11:20,这波我站小米。我不懂车，但我懂人性[你不大行][你不大行][你不大行],1
2025/4/2 11:20,[尬笑]我不怕，给我吧,0
2025/4/2 11:20,客官看问题，是操作问题就是操作问题，是车的问题就是车的问题,0
2025/4/2 11:20,再高档的车都是代步工具，只要专心驾驶就能平安，愿车主们都一路平安[感谢][感谢][感谢][666][666][666],0
2025/4/2 11:20,都是被个别人误导的，他们家万一出事就会说我们不造车,1
2025/4/2 11:20,你自己信吗？,1
2025/4/2 11:20,年轻感想感慨,0
2025/4/2 11:20,结论还早，等着吧，100速度，在安全也晕了，,1
2025/4/2 11:20,这种操作性极强的车，那些根本不会开车的就别买来装了,1
2025/4/2 11:20,出了事，就是辅助驾驶,1
2025/4/2 11:20,把自己的命交给智驾，那心得有多大啊,0
2025/4/2 11:20,当然是找生产刀的呀。他生产出来的，让你受伤的不找他找谁？[看][看],1
2025/4/2 11:20,你不着火车门锁死能从外面打开吗？[看],0
2025/4/2 11:20,不是说了是辅助嘛？沃尔沃的紧急避让就是智能辅助，正常人应急难避开的，自动帮你避让。真正的人工智能汽车就像科幻电影的变形金刚那种，可以自己帮你开，那样人工智能开发到百分之六十多才行,0
2025/4/2 11:20,在时速97码，撞上去。人都撞晕过去了，鬼去开门啊？,1
2025/4/2 11:20,手机也叫智能手机[捂脸][捂脸]但是你想刷抖音还是拍照你得自己点，但是如果你在洗手的时候你想打电话，你就大声喊小艺小艺打电话给哪个哪个它就给你打了[捂脸],0
2025/4/2 11:20,网络跟风喷子太多[捂脸],1
2025/4/2 11:20,我这么给你说把，四川巴中前段时候也发生了车祸了，一个车上5个人都烧死了，油车也是车门打不开,1
2025/4/2 11:20,而且是晚上用的智驾。。。,0
2025/4/2 11:20,你的团队测试吹牛时候可不是这样说的啊，智驾第一梯队，恨不得说第一了，啥啥测试都牛逼结果aeb效果垃圾,1
2025/4/2 11:21,雷老板没有任何责任,0
2025/4/2 11:21,人的不稳定因素,0
2025/4/2 11:21,"总有些人  喜欢把自己的生命和家人的生命交给他人  它人
结果死了又要扯皮[捂脸]",1
2025/4/2 11:21,任何事物都要在掌控之中，不能失控，我们不能把命交到别人的手上，更不能交到机器手上。时刻要会辨别潜在危险，注意风险，对自己，对家人负责。,0
2025/4/2 11:21,他啥时候说过这话,0
2025/4/2 11:21,谁告诉你打不开的？昏迷的人会开门还是死人会开门吗？,1
2025/4/2 11:21,这是电车通病。,0
2025/4/2 11:21,小米没级别[绝望的凝视]人家都没宣传,1
2025/4/2 11:21,发个抖音网暴卖刀商家,1
2025/4/2 11:21,自己真实了么[捂脸]500的续航跑300[捂脸]全系天神之眼智驾，没激光雷达的能叫智驾么[捂脸],1
2025/4/2 11:21,车是好车，安全驾驶保平安[赞],0
2025/4/2 11:21,为什么要附助，,1
2025/4/2 11:21,还是油车吧，没智驾完全自己控制，事故率大大减少,0
2025/4/2 11:21,[鼓掌][鼓掌],0
2025/4/2 11:21,这件事情影响了小米的销量吧。听说股票都下跌了。,0
2025/4/2 11:21,还是日系车简单，收音机都不给带了[看],0
2025/4/2 11:21,你市区三四十迈出事至少死不了吧[捂脸],0
2025/4/2 11:21,虽然我买不起，但是但是我坚信，在于开车的人，不然出意外了开超级坦克也没用,0
2025/4/2 11:21,"辅助驾驶就说宣传辅助驾驶，不要宣传自动驾驶。

从安全角度，应该要有人手感知。一旦驾驶员脱手，就要采取制动减速。确保安全",0
2025/4/2 11:21,你哪只眼睛看见门打不开？有没有可能高速撞击后，人已经死亡或者昏迷，不要人云亦云好吗？,1
2025/4/2 11:21,卖点,0
2025/4/2 11:21,选品很重要！安全才是最大的豪华！,0
2025/4/2 11:21,开车一定要注意安全啊各位，我真的不敢想他们的父母该怎么度过未来的日子，大家一定要注意安全啊，为了自己也为了家人,0
2025/4/2 11:21,三个女孩怎么解释,1
2025/4/2 11:21,不要脱手你搞个自动驾驶？,1
2025/4/2 11:21,找卖刀的[捂脸],1
2025/4/2 11:21,你开车100码撞上水泥护栏再开门试试，人都晕没了还开门，想啥呢，让鬼开吗？,1
2025/4/2 11:21,油车，亲自操作永远才是最安全的,0
2025/4/2 11:21,你要不要看看厂家车辆碰撞测试的结果，近100公里的时速撞击水泥路栏，人会当场失去意识，甚至你的全身的骨头都得断几根，在这种情况下你怎么开门？,0
2025/4/2 11:21,智能辅助驾驶[尬笑],0
2025/4/2 11:21,手离开方向盘，车辆停止加速，开始缓慢减速！对于现在的技术应该不难实现,0
2025/4/2 11:21,谁说的？还没定，你小心进去,1
2025/4/2 11:22,石墨烯电池年年锤，到现在也出不来,0
2025/4/2 11:22,是技术不成熟,0
2025/4/2 11:22,有些无良博主瞎吹,1
2025/4/2 11:22,低价收心碎??su7[看],1
2025/4/2 11:22,命是自己的，如果不想那个，就老实的开车，我自己很多时候都不相信自己，更何况别人，智能只能辅助你，,0
2025/4/2 11:22,早说了，这个没得赔了，,1
2025/4/2 11:22,自从我乙肝好之后，我才明白前半生拿命换钱，后半生拿钱换命[叹气][叹气]生命无价，珍惜眼前人，好好爱自己[玫瑰][玫瑰][玫瑰],0
2025/4/2 11:22,考驾照的时候也没让驾驶员脱把吧？这碰的是水泥围栏，要是撞到别人车上呢？[尬笑]真的很可怕…打算小长假出去呢，都不敢上高速了！这次给年轻人好好上了一课！,1
2025/4/2 11:22,头一次听说车辆事故找厂家的事[捂脸],0
2025/4/2 11:22,支持雷总[赞][赞][赞],0
2025/4/2 11:22,我斗地主都不敢托管,0
2025/4/2 11:22,你怎么知道出现意外车门打不开？你经历过？,1
2025/4/2 11:22,不应该找刀的厂家，应该找钢厂,0
2025/4/2 11:22,出事了是找投入无人驾驶业务的公司，除非投放和生产是一个公司,0
2025/4/2 11:22,"好像是报警了,手离开方向盘,一共两次危险驾驶的报警",0
2025/4/2 11:22,一旦开这个口子。后面出车祸都找雷军了[捂脸],1
2025/4/2 11:22,智能驾驶就是要智慧智商比较高的才能用智驾[捂脸][捂脸],0
2025/4/2 11:22,说明书上我记得有写特别提醒,0
2025/4/2 11:22,就不要推荐智驾这玩意儿,0
2025/4/2 11:22,哈哈哈哈哈哈哈,0
2025/4/2 11:22,没能力开车就不要开，搞啥玩意的智驾[捂脸]花冤枉钱，搞不好还送命,1
2025/4/2 11:22,人的脑子是好东西，没脑子的就算警察坐旁边天天看着该出事还是出事,1
2025/4/2 11:22,支持雷总,0
2025/4/2 11:23,多余这个功能,1
2025/4/2 11:23,呼吁取消再没有安全保障的智能驾驶，而不是甩锅,0
2025/4/2 11:23,那为啥要用智能手机，一直用小灵通，大哥大不行吗？,0
2025/4/2 11:23,老老实实开车，没事不要瞎嘚瑟，出了事哭都来不及,1
2025/4/2 11:23,智驾不等于无人驾驶，而且车门有机械开关，100码高速出车祸可能当场就晕过去了或者没了，后排的人没系安全带根本承受不住这样的撞击,0
2025/4/2 11:23,智驾没有用，不安全,1
2025/4/2 11:23,前面早提醒了[机智],0
2025/4/2 11:23,"为什么叫智驾，这词就带有太强烈的诱导性。
辅助驾驶就辅助驾驶，叫个毛线智能驾驶",1
2025/4/2 11:23,属于危险驾驶了，要怎么解释？,0
2025/4/2 11:23,找厂家,0
2025/4/2 11:23,我骑个自行车都不敢放开一个手，何况开着小车而且还是在高速上面，就这么相信智能的东西,0
2025/4/2 11:23,车企不夸大性能车友能误解？卖的又贵说有功能又不能用。哄骗钱呀？,1
2025/4/2 11:23,我也不相信，自己泊车很方便，万一撞到了又是麻烦,0
2025/4/2 11:23,未安全驾驶,0
2025/4/2 11:23,buff叠满,0
2025/4/2 11:23,ACC是辅助驾驶，ADS是智驾，这是两种情况，,0
2025/4/2 11:23,锅炉哥,0
2025/4/2 11:23,不管啥车，不安全驾驶都会出事,0
2025/4/2 11:23,销售员可不这么说  只会说小米智驾一流水平,1
2025/4/2 11:23,手机还会卡顿，就这么放心把自己的性命交给智能驾驶,1
2025/4/2 11:23,还要定时踩一脚[看]超过一定的时间不踩一脚高铁会自动刹车,0
2025/4/2 11:23,手离开方向盘了，怪谁,1
2025/4/2 11:23,可以不用  但是人家有的我们必须要有,0
2025/4/2 11:23,出了事故就辅助了,1
2025/4/2 11:23,有脑子的人都知道 这起事故跟小米有啥关系 无非是小米有流量 拉小米下水而已,1
2025/4/2 11:23,对呀，L3这个出来以后，车企是必须负责任的。这一下就能看出来各个车企谁敢了。,0
2025/4/2 11:23,这难道不是宣传那会说的[疑问],1
2025/4/2 11:23,120码标准在50米内刹停,0
2025/4/2 11:23,有什么解释，交通事故，天天发生，喂，知道了吗,1
2025/4/2 11:23,萝卜高峰期后台是有人在开的[捂脸][捂脸][捂脸],0
2025/4/2 11:23,报警有啥用，想脱手的管得住吗，安全带不扣车也会报警啊，还不是照样不系安全带,1
2025/4/2 11:23,你怎么知道门打不开，你在现场?还是死者托梦给你的?时速97撞车人会不昏迷，你要不要测试一下[抠鼻]，别张嘴就来，等待报告吧,1
2025/4/2 11:23,任何智能驾驶都是辅助，它是辅助你减轻疲劳，降低事故风险的。并不能完全接替人。,0
2025/4/2 11:23,说简单一点，就是不实用的功能,0
2025/4/2 11:24,雷总我是知道他怎样宣传小米的，但现在想知道销售是怎样去向消费者宣传这智驾的！,0
2025/4/2 11:24,不用狡辩了，电车就是不如油车，在狡辩也没用,1
2025/4/2 11:24,你意思是每次事故，都必须死？[发呆],0
2025/4/2 11:24,有些人就是蠢没办法,1
2025/4/2 11:24,为什么要出智能驾驶？谁能告诉我？？？,0
2025/4/2 11:24,大半夜路况不明的高速行驶也敢脱手，太自大了吧,1
2025/4/2 11:24,这个智驾是很有用的，但智驾不是叫你自己驾驶叫车自己驾驶，好处是如果驾驶员出现突发事件和身体上的疾病你有是够的时间去想法怎么控制住汽车，而如果没有智驾我想不出五秒钟你就拜拜了。,0
2025/4/2 11:24,谁甩锅了,1
2025/4/2 11:24,智驾应该立法，标准要统一。法律要先行智驾功能车速不能超过30,0
2025/4/2 11:24,电池特点就短路爆燃,0
2025/4/2 11:24,睡着了怎么解释[泪奔],0
2025/4/2 11:24,不是我说[呲牙]智能驾驶就不应该出现[呲牙]不管那个车业[呲牙],1
2025/4/2 11:24,是大嘴误导了年轻人,1
2025/4/2 11:24,钻法律的空子，出了问题可以推得一干二净,1
2025/4/2 11:24,我来给你解释，她三无论开的什么品牌的车，结果都是一样的！跟车没关系,1
2025/4/2 11:24,不能脱手那要这种智能驾驶干吗,0
2025/4/2 11:24,就不应该有这个功能，自动巡航都没完全没必要,1
2025/4/2 11:24,后生仔还是嫩了点,0
2025/4/2 11:24,不应该叫智能驾驶，应该叫辅助驾驶，要不然很容易让人误解。,0
2025/4/2 11:24,就不应该出智驾这个功能,1
2025/4/2 11:24,智驾是你不会的它帮你，而不是你会的还要教你,0
2025/4/2 11:24,这是拿别人生命去赚钱[泪奔],1
2025/4/2 11:24,自己出事故了怪别人[捂脸],1
2025/4/2 11:24,人教人千遍学不会，事教人只需要一遍,0
2025/4/2 11:24,夜晚把智驾锁了，不能用，是不是好点,1
2025/4/2 11:24,问题是发布会上说了吗？,0
2025/4/2 11:24,雷总还是可以的[赞],0
2025/4/2 11:24,我从不敢方向盘离手，不管智能系统多健全,0
2025/4/2 11:24,风雨过后见彩虹，真心希望雷总越来越好,0
2025/4/2 11:24,天天吹速度，然后人家97码就G了[捂脸]速度和安全不匹配啊[尬笑],0
2025/4/2 11:24,人家没说完全脱离人控,0
2025/4/2 11:24,雷总你试一下fsd,0
2025/4/2 11:24,如何解决爆然问题,0
2025/4/2 11:24,不得不说 遥遥领先把智驾神话了,0
2025/4/2 11:24,[呆无辜]还文字回复，就算语音转文字，我都懒得看是否转的正确，开车情况我都是语音条回复,0
2025/4/2 11:24,对的，哪怕以后到L6.7.8好了 责任就算是车企的，可是命是你自己的,0
2025/4/2 11:24,安全角度考虑，智能驾驶，就不应该出现，这个是公共安全问题，好在深夜高速上。遗憾的走了三个，这要大白天市区，又会啥结果,1
2025/4/2 11:24,找肉联厂，找刀厂,1
2025/4/2 11:24,既然这样那还设计这功能干啥？,1
2025/4/2 11:24,昨天刚到,0
2025/4/2 11:24,我比亚迪汉是不能脱手超过1分钟，1分钟到了她会提示你必须接管，否则她自动退出辅助驾驶。法规也要求不能脱手，任何人工智能都是人类发明的，不可能超越人类本身。,0
2025/4/2 11:24,读得书少，这又怎么理解？,1
2025/4/2 11:25,人教人教不会，事教人一次就会了,0
2025/4/2 11:25,照样粘,0
2025/4/2 11:25,我的车一样l2的辅助驾驶，一次没用过，更相信自己，辅助驾驶只是相对给你提供一些便利性，但是你完全交给它只能说脑子有点问题,1
2025/4/2 11:25,6,0
2025/4/2 11:25,什么时候辅助什么时候智能驾驶，你不能差两秒撞车了不刹车把系统交给驾驶人吧？,1
2025/4/2 11:25,有没有要卖的[看],0
2025/4/2 11:25,找在座的各位，他们都有责任,1
2025/4/2 11:25,都卖了吧我15收[坏笑],1
2025/4/2 11:25,配置多，多卖点钱，不然一个电机，一个驱动器，一块电池要你几十万，你愿意吗？,1
2025/4/2 11:25,[微笑]雷军宣传双手不要离开方向盘！！华为高管宣传上车就睡觉！！,1
2025/4/2 11:25,萝卜快跑合规吗,0
2025/4/2 11:25,心疼雷军,0
2025/4/2 11:25,不只是这一个原因，有其他很多人股票下跌，还有就是承认自己车子有问题。,0
2025/4/2 11:25,既然这样干嘛卖50多万[呲牙],1
2025/4/2 11:25,人家提醒多次，出事就别冤别人。,1
2025/4/2 11:25,找厂家啊，让他赔你[笑哭][笑哭][笑哭],0
2025/4/2 11:25,确实  太快真不安全,0
2025/4/2 11:25,永川可以坐前排，才体验了,0
2025/4/2 11:25,科技是没有错的，这个东西一直都有。只不过这几年进化了。,0
2025/4/2 11:25,你当初不是这样说的吧？,1
2025/4/2 11:25,你去人家三个女孩啊,1
2025/4/2 11:25,智能是分程度的,0
2025/4/2 11:25,哈哈哈哈,0
2025/4/2 11:25,嗨，这些人，只能走路，走路都怪马路硬硌脚,1
2025/4/2 11:25,既然没有用 你弄那个辅助驾驶干嘛呢  辅助泊车这些还差不多,1
2025/4/2 11:25,脑子有病吗？辅助驾驶懂不懂，你也是没逼事找事了[捂脸],1
2025/4/2 11:25,能不能不要爆燃？,0
2025/4/2 11:25,钻什么空子了？,1
2025/4/2 11:25,勺萝卜吗？你猜为什么叫勺萝卜。而且市区你觉得能跑多少速度。[尬笑][尬笑][尬笑],0
2025/4/2 11:25,可以卖的更贵,0
2025/4/2 11:25,当前小米最稳妥的做法是限制使用智驾功能，只有在具备智驾能力的车型上开放智驾功能，但这样也会降低标准版的销量。鱼与熊掌不可兼得，合理取啥吧,0
2025/4/2 11:25,没错，理智看待问题，这个社会不是谁强谁有理或谁弱谁有理，尊重事实。,0
2025/4/2 11:25,为了减轻你在长途开车时的疲劳。,0
2025/4/2 11:25,雷军又在忽悠消费者了，智驾就是自动驾驶，但绝不是辅助驾驶，看看华为三界智能驾驶吧，不要再忽悠了，你就安心去做新能源电动车吧，没有那个实力就不要祸害消费者了[流泪],1
2025/4/2 11:25,谣谣领先，有人先走一步,1
2025/4/2 11:25,看到一个最真实的评论，车不是车主开的，死了三个人，他怕被死者家属理赔，就转移矛盾点[灵机一动]按照交通法他是车主是躲不脱赔偿的[灵机一动],1
2025/4/2 11:25,宣传可不是这么做的[抠鼻][抠鼻][抠鼻][抠鼻],1
2025/4/2 11:25,过度营销智驾  就不对  [微笑],0
2025/4/2 11:25,自驾不能离手，搞个自驾干什么？,0
2025/4/2 11:25,遥遥领先，我们是L2.9999，广告法奈我何,0
2025/4/2 11:25,真心话，脱手方向盘时间长，会有睡意，[捂脸],0
2025/4/2 11:26,不会是浙江那个小米科技卖的吧[捂脸],1
2025/4/2 11:26,一个是基础版，一个是顶配版能一样吗？[抱拳][流泪],0
2025/4/2 11:26,从什么时候开始智能驾驶变成无人驾驶了呀，怎么敢的呀,0
2025/4/2 11:26,造手机的最后造车了,0
2025/4/2 11:26,下次买保险,0
2025/4/2 11:26,鄙视这种变相洗白的账号,1
2025/4/2 11:26,也没让你买啊[黑脸],1
2025/4/2 11:26,出事故的主要是司机的事，车的原因也有，但是很少,0
2025/4/2 11:26,支持小米,0
2025/4/2 11:26,担心智驾的人玩手机，玩入迷了，语音提示听不见，等反应过来，来不及纠正，容易造成事故。,0
2025/4/2 11:26,辅助，就和倒车雷达一样，有提醒难道就是看都不看？,0
2025/4/2 11:26,如果百分百给你开车，全都不弄管，你觉得还会卖50万吗,1
2025/4/2 11:26,这一波我无条件挺小米,0
2025/4/2 11:26,雷军可没有说过，智能驾驶可以完全取代人类,0
2025/4/2 11:26,比50贵车多着呢。你都去喷,1
2025/4/2 11:26,终于看到点正常的发声，看看网上那些幸灾乐祸蹭流量吃人血馒头的，早就红了眼的吧,1
2025/4/2 11:26,比亚迪100多万的车也不能脱手，,0
2025/4/2 11:26,不管怎么驾驶，发生了碰撞都不能着火，这是底线！,0
2025/4/2 11:26,保时捷法拉利人家没智驾卖得便宜了吗,0
2025/4/2 11:26,现在人工智能比较低，以后指定都是智能驾驶。,0
2025/4/2 11:26,乱来即使开坦克也不安全[捂脸],0
2025/4/2 11:26,你问界可以脱手是吧,1
2025/4/2 11:26,所以国家??管制刀具啊，对特大马力的考驾照多一科就好了。,0
2025/4/2 11:26,老师教的再好，学生不听你有啥办法[九转大肠],0
2025/4/2 11:26,使用智驾功能的车，必须去补考驾驶证-智驾的安全驾驶技术，否则查到请罚款扣分,0
2025/4/2 11:26,满足中国人的虚荣心，有需求群体，就给你做个卖点，噱头而已，国人太虚伪了,1
2025/4/2 11:26,比亚迪王传福也说过，可是有些人就把生命交个辅助驾驶。,0
2025/4/2 11:26,研究的自动关闭转向灯功能不孬，真实用,0
2025/4/2 11:26,你从哪里看出来人家在推脱责任了？,0
2025/4/2 11:26,朋友的宝骏悦也，系统会提示每20秒轻摸一下方向盘，,0
2025/4/2 11:26,法拉利911卖几百万，还没智驾[尬笑],1
2025/4/2 11:26,现在怎么不吹什么电芯倒置有多牛逼了，电池着火向下喷火吗,1
2025/4/2 11:26,你查查他车的那个零件多少钱？ 而且，人家从来没宣传过，因为智能驾驶而卖50多万。,0
2025/4/2 11:26,你连普通版的驾驶辅助和max版的智驾都搞不清楚，回家种地吧,1
2025/4/2 11:26,很多人挂个东西在上面,0
2025/4/2 11:26,要加强驾考培训,0
2025/4/2 11:26,影响了整个智能驾驶电车，国外都知道了。电车的安全性，影响整个行业,0
2025/4/2 11:26,相对来说，毕竟停车时用的，是安全的。其他功能全是行驶中用的，不稳定性太多了,0
2025/4/2 11:26,那你说说，哪家企业现在敢喊号子“自家的智驾不需要接管，不需要考试，不需要各种路况免责声明，只要开启了智驾出了任何事故都会主动承担”，你告诉我哪一家[疑问][疑问][疑问][疑问],0
2025/4/2 11:26,那那个萝卜快跑又是什么,0
2025/4/2 11:26,五十万的车真不贵，几百万几千万的车也比比皆是，你都去喷,1
2025/4/2 11:27,@n_ [捂脸],0
2025/4/2 11:27,辅助驾驶应该用在紧急情况下，比如身体突发不适不能继续驾车时，启动后好有更多的时间去自救求救。,0
2025/4/2 11:27,该买五块钱？平行对比性价比看看值不值不就行了，贪心不足没办法,1
2025/4/2 11:27,老板，不要搞这些花里胡哨的行不行，没有她会用吗，装逼会害人的,1
2025/4/2 11:27,卖米5块钱？,0
2025/4/2 11:27,雷神[赞][赞][赞],0
2025/4/2 11:27,油车出车祸的不在少数，别被网上舆论误导了，电车能大量生产说明国家允许的，安全性和油车不相上下的，只是刚出来难免有问题，油车已经被广泛接受了，电车才刚起步[比心],0
2025/4/2 11:27,你懂我对你那种无力感吗，我真噗嗤一声笑出来[泪奔],0
2025/4/2 11:27,不吹吹牛逼。怎么会有人相信呢 不相信怎么会有人买呢人家可是“营销鬼才”,1
2025/4/2 11:27,小米手机都不稳定，更何况车，除了外观好看，价格便宜，,1
2025/4/2 11:27,太多懒人,1
2025/4/2 11:27,握方向盘还要智驾干嘛，多此一举[捂脸],0
2025/4/2 11:27,车主是真倒霉,0
2025/4/2 11:27,我200万买的一辆车都不敢自驾，何况一个纯电的能安全吗？还想坐的舒服，还想开的舒服，那不滴开一个飞机啦？[捂脸],1
2025/4/2 11:27,赶快找刀厂，问问他们这把刀怎么生产的，为什么在使用过程中会切到手,1
2025/4/2 11:27,本来就是这样，不拉个垫背的这辈子都完了,1
2025/4/2 11:27,一句话暴露你多无知,1
2025/4/2 11:27,离开方向盘会有提醒，上高速不能一味的靠辅助驾驶。只是让司机能稍微休息休息使用的。一味的靠辅助，那还不如无人驾驶,0
2025/4/2 11:27,恨透了你要搞个什么智驾，既然又不能脱手要他有什么用？坚决抵制那些无用的配制，误导消费者,1
2025/4/2 11:27,目前中国市场上没有一种车是L5和L6级别智驾，都是L2级辅助驾驶,0
2025/4/2 11:27,你告诉我哪个是说自动驾驶的？,0
2025/4/2 11:27,还有高手[微笑],0
2025/4/2 11:27,有人愿意买[捂脸],0
2025/4/2 11:27,还有一点，交通事故都会有伤亡，至于情况怎么样，还要具体分析吧，希望大家要辨别看到！就像当年早期买房子的都赚钱了，后来…,0
2025/4/2 11:27,对，不是车企的问题，你来分析一下这是谁的问题,1
2025/4/2 11:27,命就一次要是不珍惜就没有了，所以人还是学聪明点，别什么都依赖别人或者新功能，靠自己才是最重要,0
2025/4/2 11:27,可以有，但怎么操作看个人了。,0
2025/4/2 11:27,借车借的好,0
2025/4/2 11:28,小米一直强调的是辅助智驾，不是自动驾驶,0
2025/4/2 11:28,小米也很频繁了，20秒提示一次,0
2025/4/2 11:28,如果在高速上突然自动减速也一样危险的,0
2025/4/2 11:28,军，挺住,0
2025/4/2 11:28,哈哈哈，真逗[捂脸],0
2025/4/2 11:28,看华为智驾，全程可以脱手，还是技术不过关,0
2025/4/2 11:28,去找买刀的,1
2025/4/2 11:28,原来都叫辅助驾驶，你们为啥要创新新名词？目的不就是想误导消费者吗[捂脸],1
2025/4/2 11:28,"命令所有车企取消所谓的""智能驾驶吧""，会误导人，而且销售卖车那个嘴哦，为了卖出去就把这些功能吹的天花乱坠",0
2025/4/2 11:28,无人驾驶,0
2025/4/2 11:28,智驾没有更好，没有也就不幻想[感谢],0
2025/4/2 11:28,一个很简单的泊车，完全可以自己操作，没必要去担忧那可能发生的问题,0
2025/4/2 11:28,自己起劲营销，这种话发布会的时候怎么不说[看],1
2025/4/2 11:28,都知道他们想抄特斯拉，但明知技术上做不到就从文字上做。,1
2025/4/2 11:28,以前看见的视频不是这样说的。不要颠倒是非,1
2025/4/2 11:28,雷总冤啊,0
2025/4/2 11:28,天才[赞],0
2025/4/2 11:28,没坐过出租车吗[泪奔]l3级就相当于出租车出事，司机负责了，真有到了车企负责的级别，我相信车企比你还怕出事，也比你自己开车更安全,1
2025/4/2 11:28,买智驾保险的车，华为系统的车，这还用谈吗？，不服气！,1
2025/4/2 11:28,我还是记得问界自己把车主从高速上带下去那个视频，警察还给了处罚，都想冒充智驾，又做不到那个效果。,1
2025/4/2 11:28,只能驾驶一段，让手轻松一下就行,0
2025/4/2 11:28,这个跟辅助驾驶有毛线关系,1
2025/4/2 11:28,"《道路交通安全法》第二十二条：驾驶人应当安全驾驶、文明驾驶，不得有妨碍安全驾驶的行为。
《道路交通安全法实施条例》第六十二条：驾驶机动车不得有“拨打接听手持电话、观看电视等妨碍安全驾驶的行为”，双手离开方向盘可能被认定为类似妨碍安全驾驶的行为。
记分处罚：若被认定为“分心驾驶”或“妨碍安全驾驶”，根据《道路交通安全违法行为记分管理办法》，可能被记3分（部分地区可能更严格）。
罚款处罚：依据《道路交通安全法》第九十条，可处警告或20元以上200元以下罚款。
 事故责任：若因双手离开方向盘导致事故，驾驶人可能承担全部或主要责任，甚至涉及刑事责任（如重大伤亡）。
保险赔付: 若事故与分心驾驶相关，保险公司可能拒赔或降低赔付比例。",0
2025/4/2 11:28,我不会开车，但是不管坐谁车，他开的快我都很怕,0
2025/4/2 11:28,最不值钱的就是电子产品，有了这一套，价格能能翻倍，还能提高企业的知名度，,0
2025/4/2 11:28,既然不能实用那就不应该有此功能,0
2025/4/2 11:28,安全驾驶与什么牌子的车没关系,0
2025/4/2 11:28,有些视频吹车怎么怎么牛逼可不是这样说的,1
2025/4/2 11:28,智能的洗衣机很方便，已经用了几十年了，但是，再好的洗衣机都没手洗的干净，很多时候还是必须用手搓一下。就这么简单的逻辑,0
2025/4/2 11:28,雷军实惨,0
2025/4/2 11:28,为什么要对外宣传智驾，是误导；卖车就应该说明:“我们车没有智驾功能，只有辅助驾驶”这样年轻的消费者才会明白方，向盘不离手。,0
2025/4/2 11:28,别拿自己的命赌别人的科技[机智],0
2025/4/2 11:28,杀人不用刀的智驾功能,1
2025/4/2 11:29,找钢厂厂家,0
2025/4/2 11:29,你提供了新思路，连大嘴一起告[看],1
2025/4/2 11:29,支持，人家智架本来就是摆设，有这个功能却不能用，因为出了问题那就是车主问题，毕竟这是车主自带这个功能放这车上的[打脸]更希望朵教主和大彬同学能为车主发声，就像当初问界m7事故的时候集体声讨以及不需要等公告就已经全了解[打脸],1
2025/4/2 11:29,背后有人拿这家人当枪使，前面那么多次小米出车祸的例子人都没死，这次好不容易逮到小米出车祸死人的，怎么能放过呢，正好死的还是三个女生，女生还会被炒作成弱势群体，无敌了，背后是真高手[比心],1
2025/4/2 11:29,就算开着智驾，手也必须不离方向盘，脚这是放在刹车上的,0
2025/4/2 11:29,找生产刀的厂家，找生产钢的厂家，找铁矿矿厂老板，找挖矿的工人,1
2025/4/2 11:29,回家挣钱去吧！[捂脸],1
2025/4/2 11:29,你懂的太多了，所以在家种地[泣不成声][泣不成声],1
2025/4/2 11:29,[求抱抱][求抱抱][求抱抱],0
2025/4/2 11:29,选择买车开车的时候就应该意识到。车的危险性。,0
2025/4/2 11:29,不能安装一个自爆灭火器吗？,0
2025/4/2 11:29,比如说高速疲劳驾驶一不小心睡着了，有智驾可能救你一命没有智驾你想一想后果,0
2025/4/2 11:29,我高速一直用定速，开在100，但还是握着方向盘,0
2025/4/2 11:29,[尬笑]萝卜快跑摄像头啥的很多，而且后台有人看着随时准备接管。,0
2025/4/2 11:29,那是你说的。和别人没有关系。当初他可不是这样说的,1
2025/4/2 11:29,我觉得车在人手里，还是要靠人来开，太智能了并不好，以后路上的“杀手”会越来越多，现在这样都有司机在行驶中睡觉,1
2025/4/2 11:29,辅助你驾驶，怕你反应不过来，或者分神的时候，辅助你一把！不是无人驾驶,0
2025/4/2 11:29,智能手机没人教你，你不也会用吗,1
2025/4/2 11:29,又来偷换概念了。,1
2025/4/2 11:29,不管白天黑夜，智驾限速30，市区禁止使用，,0
2025/4/2 11:30,辅助智驾用好了可以更安全。因为配备辅助智驾的车辆首先都会拥有先进的智能探测路况的装备以及先进的智能程序，但任何时候绝对相信一定会出问题的，只有特殊驾驶时它可能会帮你，比如大雾视线不好时，路况人员车辆密集随意穿梭时，前方车辆急刹需要紧急避障时，那时它的科技就比人好用,0
2025/4/2 11:30,不成熟就不要推广，你在开车时瞪大眼睛看着方向盘，出问题了去夺方向盘吗，累不累呀，倒不如我直接开算了,1
2025/4/2 11:30,这就是电车的毛病[捂脸]油车也会着火,0
2025/4/2 11:30,智能辅助驾驶！不是自动驾驶！,0
2025/4/2 11:30,就算是人驾一样很多车祸,0
2025/4/2 11:30,萝卜跑的挺慢,0
2025/4/2 11:30,"人家：智能驾驶只是辅助，还是得人开
车主：呦，无人驾驶，这个好",1
2025/4/2 11:30,[捂脸]不太敢用，会放松，容易瞌睡,0
2025/4/2 11:30,电车起步太快，一般人开习惯油车，电车还得有个适应过程，小米的相当于油车的超跑了，一般人驾驭不了,0
2025/4/2 11:30,科技还没到那种水平,0
2025/4/2 11:30,开不了多久,1
2025/4/2 11:31,即便真能达到，车企也不敢吧，万一出事一系列连锁反应够他喝一壶的,0
2025/4/2 11:31,发生预警了？[尬笑]那只是脱手罢了,1
2025/4/2 11:31,见过,0
2025/4/2 11:31,心有的多大，敢在高速上把自己的生命交给辅助驾驶,1
2025/4/2 11:31,明显是欺负雷总好欺负吧,1
2025/4/2 11:31,爆燃哦,0
2025/4/2 11:31,都是花里胡哨的,0
2025/4/2 11:31,把自己的命给系统，怨得了谁,1
2025/4/2 11:31,智能手机能伤害自身生命吗？[灵机一动][灵机一动],0
2025/4/2 11:31,高价回收3月之内的小米S U7，5万一辆。我们以诚信为本，怕的抓紧联系我[灵机一动][灵机一动][灵机一动][灵机一动],0
2025/4/2 11:31,电车不管哪家遇到这种情况都是一样的结果！我记得林志颖开特斯拉不是在高速都撞得面目全非，最后整容！他的驾驶技术可是非常好的,0
2025/4/2 11:31,哈哈哈,0
2025/4/2 11:31,那东西又没全国推广，又没有大面积铺开，一直是测试性质的,0
2025/4/2 11:31,不脱手要你干啥求,1
2025/4/2 11:31,"你咱不说
唉[感谢][感谢]",0
2025/4/2 11:31,我开车从来不相信智驾，总感觉刹车油门方向盘掌握在自己手里有安全感。,0
2025/4/2 11:31,你提供了新思路，接下来应该找电池企业扯皮[看],0
2025/4/2 11:31,看看是哪里生产的。找厂家，为什么设计那么锋利,1
2025/4/2 11:31,120公里时速刹停标准是45米，这次事故距离在60到120米之间，速度只减了20公里，很难理解。,0
2025/4/2 11:31,机器，智能ai始终都会出现故障，靠自己才最安全实在，那个只能作为辅助,0
2025/4/2 11:31,双手不得同时离开方向盘,0
2025/4/2 11:31,雷董早就强调呼吁过，是“辅助驾驶”！[玫瑰][玫瑰][玫瑰]@雷军,0
2025/4/2 11:31,有事情找警察叔叔，找小米干啥,1
2025/4/2 11:31,不脱手你有啥求用,1
2025/4/2 11:31,武汉的网约车。萝卜有人开车吗？,0
2025/4/2 11:31,点赞,0
2025/4/2 11:31,解放一下腿[他急了]不过还是眼睛看着前方,0
2025/4/2 11:32,要不要再回去学学物理？[发呆],0
2025/4/2 11:32,看看多少人在说你的问题吧，没有自知之明,1
2025/4/2 11:32,包小米的问题，为什么不出个防烧毁系统[看],0
2025/4/2 11:32,那你别出这个功能啊[看][看][看],1
2025/4/2 11:32,找厂家赔付医药费,0
2025/4/2 11:32,对随时刹车，换方向,0
2025/4/2 11:32,无人驾驶[看],0
2025/4/2 11:32,所以我很佩服那些双手离开方向盘拍视频的人,1
2025/4/2 11:32,不可靠就别出智能,1
2025/4/2 11:32,全靠辅助驾驶，考证有何意义,1
2025/4/2 11:32,一步错，步步错[看][看],0
2025/4/2 11:32,电动车只有植入Ai以后才能实现智能驾驶,0
2025/4/2 11:32,这是车，车是需要人开的，怎么能把自己的命交给智驾。,0
2025/4/2 11:32,什么车都会出事故，尽信书不如无书,0
2025/4/2 11:32,油车少吗,0
2025/4/2 11:32,不是说无人驾驶么？,0
2025/4/2 11:32,你要是能发明一个能扑灭电池着火的灭火器就好了,0
2025/4/2 11:32,"那只能去骑自行车了 自行车不会着火
目前市面上就没有撞了后不燃的车 那些不燃的 要么就是没撞到油箱 要么就是撞击力度不够[看]",0
2025/4/2 11:32,那些开小艺的，一天天勾引我八百遍[捂脸][捂脸][捂脸],1
2025/4/2 11:32,我是不敢把方向盘给芯片，那是命啊，真的不怕死？,1
2025/4/2 11:32,就算出事故，人家能保证你一下子死不了,1
2025/4/2 11:32,和董宇辉一样，腹黑[捂脸][困][流泪],1
2025/4/2 11:32,还是要人手晾晒衣服[捂脸][捂脸],0
2025/4/2 11:32,有人说是不是ai对口型，我看应该不是,0
2025/4/2 11:32,任何智能都不能完全代替人，不能完全依赖智能辅助驾驶，这与雷总无关,0
2025/4/2 11:32,评论区太能体现民智了，绝大多数人没有独立思考的能力[赞],1
2025/4/2 11:32,为什么这些电车不能像战斗机一样安装弹射座椅？？,0
2025/4/2 11:32,么有什么用，有了还害人，,1
2025/4/2 11:33,手剁了吧已经不干净了,1
2025/4/2 11:33,发布会上不是说，经过百万网友亲测，是第一梯队吗？,0
2025/4/2 11:33,灭不了[我想静静][我想静静]你看看电车燃效后能扑灭吗，消防人员都拿他没办法。,0
2025/4/2 11:33,卖车的时候可不是这么说的,1
2025/4/2 11:33,因为中间有人为接管了[抠鼻],0
2025/4/2 11:33,你做不到，就说大家都做不到，[捂脸],1
2025/4/2 11:33,这是锂电池的属性决定的，,0
2025/4/2 11:33,大胆[看],0
2025/4/2 11:33,干脆把窗户全部封上，万一有人跳楼咋办？,1
2025/4/2 11:33,谁说我我都不听??，我就会反驳,1
2025/4/2 11:33,我撞了油罐车了，我也不能起火？汽油易燃易爆，柴油易燃易爆，电池易燃易爆，氢能源易燃易爆，核能易燃易爆，车这个东西，总得有能源吧？咋，全国人民都蹬自行车去得了,0
2025/4/2 11:33,她男朋友怎么知道车爆炸了，叫停车还是接到了信息，怎么回事？有点怪怪的,0
2025/4/2 11:33,有热度 有舆论[看],0
2025/4/2 11:33,正常开车的前提下，任何车都不会轻易的出现问题，除非是心里虚荣心作祟想装逼，所有的车祸现场，排除自然灾害或非其他因素面前，大部分都是超速行驶的多，,0
2025/4/2 11:33,那要智驾有啥用？,0
2025/4/2 11:33,刹车开合度38％，司机没有全力刹车，经验不足啊！,0
2025/4/2 11:33,洗白团队真强[捂脸],1
2025/4/2 11:33,我要带着张图走遍此事件各大评论区 导致车祸出现的罪魁祸首是驾驶人自己 分清主次好吧[九转大肠]给我的转转二手苹果13都看无语了,1
2025/4/2 11:33,智能好啊，关键是不智能,0
2025/4/2 11:33,找你老公，为何要让你做饭。他不能做吗,1
2025/4/2 11:33,就是，紧急情况下还在那打字，不打电话吗,1
2025/4/2 11:33,不能脱手的驾驶，你为什么要研发这个，是不是玩手机玩习惯了 这是车子不是手机！！！,1
2025/4/2 11:33,就不应该有这功能,1
2025/4/2 11:33,理智的人不会把性命交给人机，我也很敬佩那些勇敢者,0
2025/4/2 11:33,双手离开方向盘就是拿生命开玩笑[感谢],0
2025/4/2 11:33,车是要人开的,0
2025/4/2 11:33,总有人喜欢违规操作。,1
2025/4/2 11:33,自己技术不成熟拉整个行业下水，无敌[尬笑],1
2025/4/2 11:33,为什么要搞这些花里胡哨的东西  害人不浅啊,1
2025/4/2 11:33,合资车的老板怎么我没见过[捂脸],0
2025/4/2 11:33,弹幕人才我问你个事[捂脸],0
2025/4/2 11:33,小米汽车的质量我是完全相信的[赞],0
2025/4/2 11:33,国人太累了[快哭了][快哭了],0
2025/4/2 11:33,直接说自己造车技术太差吧,1
2025/4/2 11:33,问题1秒钟时间太短了。,0
2025/4/2 11:33,因为人为接管了，她不接管就不会这么严重。,1
2025/4/2 11:33,所有电车都是这样，不光小米。油车也会自燃。只是比电车烧的慢而已,0
2025/4/2 11:33,狠狠赞了,1
2025/4/2 11:33,你这个跟我一样，我家还特意装了洗衣池，搓一遍再放洗衣机里洗洗。更干净一些。,0
2025/4/2 11:33,有人发视频了，车机在减速了，但是人接手了，然后打了22o的方向，最后撞到水泥上了[黑脸],0
2025/4/2 11:33,你在车上？,0
2025/4/2 11:33,那就应该取消无人驾驶网约车,0
2025/4/2 11:33,雷总早就说过了，无论发生什么，第一件事就是上网骂小米一顿[捂脸][捂脸],1
2025/4/2 11:34,你要不要看看你自己说的什么,1
2025/4/2 11:34,穷，有时候也是人长寿的秘诀之一！,0
2025/4/2 11:34,怕着火的，我10万现金收一辆[玫瑰],0
2025/4/2 11:34,找卖刀的,1
2025/4/2 11:34,油车也有辅助驾驶啊，都说了是辅助驾驶,0
2025/4/2 11:34,不管辅助驾驶，还是人工驾驶！肯定都有出事故的时候！但是为什么门打不开？被活活烧死得有多绝望啊[流泪],0
2025/4/2 11:34,你最好走路吧！因为坐公交也有被烧死的！,1
2025/4/2 11:34,高速用30？[捂脸],0
2025/4/2 11:34,全年高价回收新能源汽车。[玫瑰][玫瑰][玫瑰][玫瑰][玫瑰],0
2025/4/2 11:34,直接叫辅助驾驶不行啊？要取名智驾[捂脸],0
2025/4/2 11:34,就是啊，雷总是好人,0
2025/4/2 11:34,刹车都没踩下去，最后都快撞上去了都没踩到40%，可以确认一下有没有穿高跟鞋之类的挡住了,0
2025/4/2 11:34,趁现在小米股票跌，赶紧买小米股票,0
2025/4/2 11:34,肯定要人去开 不然我花几万块钱考驾照要去找谁退钱,0
2025/4/2 11:34,赶紧从肩膀以下都截了，免得感染,1
2025/4/2 11:34,把脑子扔了呗,1
2025/4/2 11:34,刀厂菜贩子都没给你打电话吗？[捂脸],1
2025/4/2 11:34,不知道这有啥好争议的，该查查该谁的责任谁责任，这是三条人命。其次每个车子都发生过车祸。这种还是好好查问题到底出在哪。谁的责任，,0
2025/4/2 11:34,高速路我是绝对不敢用智驾的[泣不成声],0
2025/4/2 11:34,能一样吗,0
2025/4/2 11:34,十万收一辆小米su7[比心],0
2025/4/2 11:34,火车自动驾驶，驾驶员都不能打瞌睡，一两分钟还得踩一下刹车呢，何况是汽车,0
2025/4/2 11:34,钱到位也可以的,1
2025/4/2 11:34,功能不完善就别推出多好,1
2025/4/2 11:34,是车门打不开了，油车可以打开的。,0
2025/4/2 11:34,说白了就是自己都不尊重自己的生命，这下好了，雷军教你教不会，自己教自己，这下一次就会了,1
2025/4/2 11:34,致敬那些勇敢尝试自动驾驶额人，是你们的屍體铺平了未来全自动驾驶的路,1
2025/4/2 11:34,L2.999999999999无限接近,0
2025/4/2 11:34,再好的自动驾驶，无人驾驶，都不如自己手中的方向盘安全可靠,0
2025/4/2 11:34,飞机在天上，弹出来有足够高度打开降落伞。你汽车弹出来，等着落地被其他车当足球踢吗？,1
2025/4/2 11:34,如果是其他车型的话，重点报道的就是女司机了吧[他急了],1
2025/4/2 11:34,说白了，还是无人驾驶网约车，给了大众极大的误导，让人们以为无人驾驶就是不用人驾驶,0
2025/4/2 11:34,对小米印象不好：从买小米手机开始：售后服务不好,1
2025/4/2 11:35,人晕了，灵魂开门吗[泪奔],0
2025/4/2 11:35,建议取消智驾。你说是辅助驾驶，人家不愿意相信啊[尬笑],0
2025/4/2 11:35,转转打钱,1
2025/4/2 11:35,找刀的厂家！[捂脸],1
2025/4/2 11:35,[尬笑]人家在卖车的时候也是这样说的,0
2025/4/2 11:35,10万卖我山东[呲牙],1
2025/4/2 11:35,高配车低配人容易出事情,1
2025/4/2 11:35,油车可能还有生命,0
2025/4/2 11:35,有没有可能速度太快人撞晕了[疑问],0
2025/4/2 11:35,人开还撞车更别说智驾了[撇嘴],1
2025/4/2 11:35,辅助作用啊，谁叫你完全智能驾驶，缴纳睡觉 完全就是在耗你命[捂脸],1
2025/4/2 11:35,辅助，辅助，听不懂吗,1
2025/4/2 11:35,锅丢了[打脸][打脸][打脸][打脸],1
2025/4/2 11:35,车上3人托梦告诉你打不开的？,1
2025/4/2 11:35,就是说啊，车是男朋友送的，男朋友也是学生还是说有在工作？什么家庭没结婚就直接送20万的礼物，女朋友还是学生来着。回归正题，逃避责任也要符合逻辑来扯的。,1
2025/4/2 11:35,他家智驾不行=所有智驾都不行[捂脸],1
2025/4/2 11:35,这是之前说的呀 不是出事后的,0
2025/4/2 11:35,但是你们的销售员工都宣传成自动驾驶[捂脸][捂脸][捂脸]，购买者使用者偏偏相信了[捂脸][捂脸][捂脸],1
2025/4/2 11:35,问题是砸窗户救出来坐后排的女孩也没活下来，说明就算门打开了也救不活，就算油车发生高速碰撞后车子变形门我有可能打不开。,0
2025/4/2 11:35,点赞,0
2025/4/2 11:35,你试试这个时速，你还清醒不[尬笑],0
2025/4/2 11:35,有机械开关啊,0
2025/4/2 11:35,因为他们还没挖到你去科技部[暗中观察],1
2025/4/2 11:35,那么问题来了  设置个检测脱手或者视线不在前方的检测  有这么难么？只要视线不在前方  立即自动退出,0
2025/4/2 11:35,长途跋涉的时候辅助驾驶可以让你更轻松，但是，不是说开了辅助驾驶就可以不管，自己还是得看路，根据实际情况介入,0
2025/4/2 11:35,宣传智驾本身就是错误，动机就是在擦自动驾驶的边，官方明确民用车最高就是L2级辅助驾驶,1
2025/4/2 11:35,啥时候车企标注L3了再说智驾,0
2025/4/2 11:35,电脑还会死机，手机有时候了还会卡住,0
2025/4/2 11:35,真服气了，吃饱撑了我，发一条信息又没针对谁又没站队，看看反对我的人来了……佩服佩服,1
2025/4/2 11:36,撞击，尖锐物刺穿电池，只要是电车都会着火。有些没有着火是因为电池没有损伤。,0
2025/4/2 11:36,97的速度，先说没有结论到底开没开，就说60多速度，一大堆车去测试了打不开门，靠消防员来撬的。多看看碰撞测评。,0
2025/4/2 11:36,你家穷得连辆车都没有？？？？？？,1
2025/4/2 11:36,你易拉罐丰田90码撞水泥墩都不用起火 当场就能重开了,1
2025/4/2 11:36,主动刹车介入了没？,0
2025/4/2 11:36,有些人手脚不灵活或者心智不行不会开车就指望智驾帮他开车，结果就是害人害己[尬笑],1
2025/4/2 11:36,人家都说一万遍了是辅助驾驶，就有大聪明不怕死,1
2025/4/2 11:36,你们怎么会相信一个游戏公司老板讲的话，和他做广告的真实度呢，幸亏史玉柱没做车，不然开车门都要收你费。你的屏幕永远都是各种使用排行榜。,1
2025/4/2 11:36,100 多时速撞护栏，想自己打开门应该是后来自媒体创作的,1
2025/4/2 11:36,把自燃从字典删除算不算真实宣传,1
2025/4/2 11:36,任何车都要安全驾驶，主要问题是电池爆燃不解决，电车的安全就得不到保障，油车撞击也可能起火，但逃生和救援的时间完全有。,0
2025/4/2 11:36,谁告诉你门打不开[看],1
2025/4/2 11:36,别洗了，你在新车发布会可不是这么说的，说一套做一套，强行找补，安全都保证不了就大量上市，还去学校宣传，煽动情绪，其心可诛,1
2025/4/2 11:36,对啊！人家给你们说的明明白白的，结果是你们自己高估了车辆的能力,0
2025/4/2 11:36,好尴尬哟,0
2025/4/2 11:36,最无辜就是被智驾的汽车撞了。,0
2025/4/2 11:36,智驾总要有一些小白鼠上阵的嘛，你说了他们也听不进去的，他会问你，那我为啥要买这个功能呢？[呲牙],1
2025/4/2 11:36,要命的功能也称科技[发怒],1
2025/4/2 11:36,再是智能化也要把自己的生命当回事，不要儿戏！,0
2025/4/2 11:36,有没有可能差不多100时速撞击过去 人都昏迷了 还懂开车门？,0
2025/4/2 11:36,盘前跌4个点，现在红一个点。早上抄底的已经赚5个点了。,0
2025/4/2 11:36,门能开也需要人用手[比心],0
2025/4/2 11:36,那样的速度撞有几台车门还能打开？有几个人还有能力自己打开车门？就算是油车也会有爆炸的可能，我开的油车,0
2025/4/2 11:36,只要不作死就不会死,1
2025/4/2 11:36,有机械开门，为什么不开[听歌]门可以打开为啥不开[听歌]自己想死[看],1
2025/4/2 11:36,我朋友说不用考驾照了，因为有智驾了。[看],0
2025/4/2 11:36,支持小米,0
2025/4/2 11:36,弹射座椅比现在所有上市电车价格都贵,0
2025/4/2 11:36,了解一下诺基亚，他是干什么的,0
2025/4/2 11:36,第一梯队难道就不注意安全了吗[捂脸],0
2025/4/2 11:36,没有出事情之前。都是宣传很牛逼。现在可好了。文字游戏又来了[大笑][大笑][大笑],1
2025/4/2 11:36,不出事叫智驾，出了事叫辅助[捂脸],1
2025/4/2 11:37,复杂路况，直接自动退出辅助驾驶。,0
2025/4/2 11:37,到更高文明外星球去买这样的车，地球不可能！,0
2025/4/2 11:37,高速脱手，这是不要命吗[发呆],0
2025/4/2 11:37,上一个视频刷到，啥车安全～,0
2025/4/2 11:37,开的慢有应变时间，开的快一样不行,0
2025/4/2 11:37,起火是不是事实？起火后三个人三个位置，为什么没一个车门是打开逃离的？,0
2025/4/2 11:37,雷总说的是真话实话，智驾只是宣传用的，不能太当真，车主该怎么开还要怎么开。,0
2025/4/2 11:37,智能辅助驾驶简称智驾,0
2025/4/2 11:37,关键是一撞起火就要命啊，你都没有说到点上[流泪],0
2025/4/2 11:37,若撞晕了呢，若自己心大不看机械锁在哪呢？又或者车门撞变形了呢？,1
2025/4/2 11:37,雷军是有良心的企业家,0
2025/4/2 11:37,小样别人打了几折[大笑],1
2025/4/2 11:37,科技发展的太快，认知制度法律跟不上，我比较保守，喜欢稳妥的。,0
2025/4/2 11:37,其实问题是电池着火,0
2025/4/2 11:37,就在先进也可能有坏的时候 你赌他智能驾驶他赌你命大,1
2025/4/2 11:37,介入了，,0
2025/4/2 11:37,骗子,1
2025/4/2 11:37,路上送快递怎么没人就能上路[捂脸],0
2025/4/2 11:37,宣传的时候叫智驾，出事后都说叫辅助驾驶，现在各个电车车企新车上市的时候都是宣传他的智驾多么多么好吧，把这个作为一个宣传亮点，不光是小米，包括问界理想什么的很多车企宣传的时候都是说他的智驾很好，把这个作为一个卖点来宣传，不过只要出事都会说那是辅助驾驶。我是重来不相信什么车多么多么智能，自己的车全速自适应巡航都不用，因为用了开车途中肯定会大意，有一点问题的时候怕自己反应不过来，需要自己反应的时候时间都很短,0
2025/4/2 11:37,把好自己方向盘，支持雷总，国货突起！,0
2025/4/2 11:37,不存在四个门都打不开的情况，要么就是不知道车门机械开关位置，要么就是被安全气囊打晕活着没系安全带撞晕了,1
2025/4/2 11:37,"一个视频切了
N个镜头。有本事直接发布会现场的视频发出来。挺雷军",1
2025/4/2 11:37,人驾都不安全还自驾[偷笑][偷笑],0
2025/4/2 11:38,举报宁德时代就行了,1
2025/4/2 11:38,"这种20多岁的小屁孩，哪有懂生命的可贵
你给他出个智驾，他以为就是自动驾驶了
随便来个5年10年以上的老司机也不敢在高速上用，这玩意就算用了也是自己一直关注着",1
2025/4/2 11:38,一开始就有限制啊，达到多少里程才能解锁智驾功能，还得看教程视频通过考试。如果一直是自己开，那肯定对这辆车各种情况都熟悉了,0
2025/4/2 11:38,哥们，我还是那句话，命只有一次。交通事故是容易出人命的，真出了人命，车企损失的也只是他们的银行存款，或者说一丢丢的资产。而对一个家庭来说，失去的是半边天。,0
2025/4/2 11:38,你可以不买智驾的，还便宜，我们这些经常跑长途的需要,0
2025/4/2 11:38,50%的智驾，从没脱手，还是是不是看后视镜，随时关注路上车况，辅助别把L2当成L4以上自动驾驶,0
2025/4/2 11:38,只要驾照没有教如何操作无人驾驶，还是老老实实自己开吧。,0
2025/4/2 11:38,多卖点保健品给你朋友[坏笑],1
2025/4/2 11:38,出事了，出来教育一下？,1
2025/4/2 11:38,出了事就是辅助驾驶，没出事就是卖点，特别值钱特别高级的功能卖点！,1
2025/4/2 11:38,主动刹车高于60速只会疯狂提醒，不会介入，我的车是这样的，越接近越疯狂，而且提醒的那个滴滴声音会让人很烦躁[暗中观察],0
2025/4/2 11:38,比亚迪之前也是说把自然从字典里抹去,1
2025/4/2 11:38,一大堆不要命是,1
2025/4/2 11:38,锂电的特性，全球都一样。[捂脸],0
2025/4/2 11:38,无人驾驶出租车开100多码？,0
2025/4/2 11:38,看了那么多有没有怕开小米的[尬笑]有的话低价转给我[捂脸][捂脸]我不怕 这个是关司机的开车技术，关人家生产厂家什么事[尬笑][尬笑],0
2025/4/2 11:38,无人驾驶网约车是怎么回事呢？,0
2025/4/2 11:38,永远都是前一秒退出自动驾驶,0
2025/4/2 11:38,如果是其他车辆，还会去告人家车企吗,0
2025/4/2 11:38,你老公有想法？,1
2025/4/2 11:38,哎，雷总太难了,0
2025/4/2 11:38,燃油车都着火，何况电车。,1
2025/4/2 11:39,不管是智能驾驶还是辅助驾驶，不能遇到危险紧急避险的车都是垃圾车，还是别搞什么系统让人误解了[叹气],0
2025/4/2 11:39,智驾刹车减速的时候驾驶员人为介入了,0
2025/4/2 11:39,那么高速碰撞，啥都着火啊，已经算不错了，车体基本没变形,0
2025/4/2 11:39,看截图时间好像交给智驾了，在玩手机聊天估计几个直接撞晕懵逼起火了连门都没去打开，[捂脸],1
2025/4/2 11:39,你自己怎么不开，非要卖给我们,1
2025/4/2 11:39,[呆无辜]又没人又没车怎么自动刹车？永远都不承认司机的问题,1
2025/4/2 11:39,买电车的哪个车主不知道撞了会着火的？[捂脸],1
2025/4/2 11:39,今晚上那三个女孩回去找你的,1
2025/4/2 11:39,如果是油车，撞了会不会秒燃,1
2025/4/2 11:39,所以不要设置自动驾驶，年轻人都会玩自嗨,1
2025/4/2 11:39,下跌周期加雷军融资你还敢买？,1
2025/4/2 11:39,人蠢话多[哈欠],1
2025/4/2 11:39,辅助驾驶是让你当巡航用，别让你把辅助驾驶当司机,0
2025/4/2 11:39,直接找铁矿石开采公司[看]好好的开采啥铁矿石[咒骂],1
2025/4/2 11:39,雷总你好，你把家庭用车造成1548马力，2秒的破百，最高车速、、、你干脆造飞机吧[捂脸],0
2025/4/2 11:39,出事了就说辅助驾驶没人为好，没出事辅助驾驶成亮点,1
2025/4/2 11:39,不是说小米的智能驾驶在第一梯队的吗？[尬笑][尬笑][尬笑],1
2025/4/2 11:39,大姐，你开过车没有90迈撞击加上气囊人会直接撞晕的[酷拽]，你开一下你家车加油门到90迈看看推背感在说话，然后，把这种推背感，想象一下反作用到你正前方撞你一下,1
2025/4/2 11:39,具体情况不知道、我只是说一下个人经历、以前在老家还小的时候、出去玩、一个比我大的骑自行车从那个大坝上往下走、记得当时好像刹车是坏的、然后下去撞到一个树上、当时都懵了一会、人很脆弱的,0
2025/4/2 11:39,谁家解决了百分百不起火？,0
2025/4/2 11:39,97码速度撞水泥墩上面人多半寄了[我想静静]车ab柱都没变形这质量还不行嘛[思考],1
2025/4/2 11:39,嗯，以后墓志铭上刻上，车企全责,1
2025/4/2 11:39,战场上的机器狗，你猜猜,0
2025/4/2 11:39,自驾会及时退出[看],0
2025/4/2 11:39,尽量不要搞这么多花里胡哨的功能，虽然有些作用……但一出事就不是小事。,0
2025/4/2 11:40,驾驶员向车企追责，驾驶员还能活着吗？,1
2025/4/2 11:40,有些人就不听劝,1
2025/4/2 11:40,电动车的问题五年后会大爆发，电池着火跟电瓶车一样，我说的不是这个事件，,0
2025/4/2 11:40,概率,0
2025/4/2 11:40,然后呢？落地成盒[捂脸],0
2025/4/2 11:40,1亿种这种驾驶模式。,0
2025/4/2 11:40,哪一家的新能源的电池不会燃烧，来来来，你举例一家！,1
2025/4/2 11:40,华为是这个法案的起草单位,0
2025/4/2 11:40,无人驾驶出租车怎么讲,0
2025/4/2 11:40,@庐江符文宣,0
2025/4/2 11:40,会介入吧，看到一个高速上120的su7避让变道的货车直接2s刹到30码了,0
2025/4/2 11:40,主驾已经接管了车辆驾驶，并且有点刹，车辆就不会有主动刹车了吧，我们家的车都这样，只要有刹车就不会触发了，不知道其他开是不是这样,0
2025/4/2 11:40,所以不安全，,0
2025/4/2 11:41,雷总实在人,0
2025/4/2 11:41,要看撞击位置，油箱搞坏了应该会，油箱没坏，三箱变两厢也不会,0
2025/4/2 11:41,所以说，问题还是出在人！人主因！,1
2025/4/2 11:41,你没明白我讲的内容，我是建议在标准版上取消智驾功能,0
2025/4/2 11:41,我知道你说的问题，我只是说这种情况很正常，不过我今年买的车迈腾[看],0
2025/4/2 11:41,别被带偏了，三个人死亡的最直接原因是车门打不开[灵机一动],1
2025/4/2 11:41,使劲吹,1
2025/4/2 11:41,应该是刀上粘了自来水，导致刀打滑，才伤到你的指甲，同时，菜板太平太光滑且太硬，刀向下的摩擦力过小，也是打滑导致指甲受损，[酷拽],0
2025/4/2 11:41,华为是这样的,0
2025/4/2 11:41,发布会没看不知道，但提车时肯定都有说，开门机械按键、智驾功能介绍、注意事项等销售肯定都会讲。一整套话术流程都是规定好的，就看车主有没有认真听了，还有司机不一定是车主。毕竟好多都是买来送人的[看],0
2025/4/2 11:41,问界,0
2025/4/2 11:41,那就去掉智能驾驶，在发布会上更不能炒作智能驾驶,0
2025/4/2 11:41,关键电池在两秒内爆燃，怎么逃生？,0
2025/4/2 11:41,你看视频是什么时候的 很久的了,0
2025/4/2 11:41,概念,0
2025/4/2 11:41,那个速度慢，就算撞到了也不会有大事故！,1
2025/4/2 11:41,表达的很明白,0
2025/4/2 11:41,看主动刹车测评，车速超过60公里每小时的时候，能避免事故的车都很少，超过100的时候只能听天由命了，因为主动刹车的传感器测不了那么远的距离。,0
2025/4/2 11:41,哪怕是第一梯队也不要把命交给电脑,0
2025/4/2 11:41,好像是多少时间要做什么动作，判定人是正常的有集中精神的[笑哭],0
2025/4/2 11:42,不成熟就不要上市,1
2025/4/2 11:42,网约车能上高速啊？,0
2025/4/2 11:42,我开公司的电车，同事说开个智驾玩玩，我都说我不信这玩意儿，要开等我下车了你自己开[看],0
2025/4/2 11:42,不能脱手你就设置一个手脱离方向盘就无法开就报警的功能,0
2025/4/2 11:42,宣传发布的时候可不是这么说的,1
2025/4/2 11:42,忘记了开屏广告，还有各种软件的广告了吧,0
2025/4/2 11:42,那不是得慢慢发展嘛，就怕以后司机不想着提高车技，全靠智能是不行的，有利有弊[红脸],0
2025/4/2 11:42,爆燃根本来不及反应,0
2025/4/2 11:42,无人驾驶的网约车基本上是在一个固定的地图里，而且他匀速跑，程序完全设定了安全的速度和路线，这跟我们随意脱手开着有智驾的车飙车上高速不是一回事兄弟,0
2025/4/2 11:42,走路吧，好不好，走路吧,0
2025/4/2 11:42,不要脱手，那还出钱买智驾干嘛,1
2025/4/2 11:42,把生命交给智驾不可取，年轻人相信智能但不是万能，一切皆有可能！[感谢],0
2025/4/2 11:42,你相信自己还是一个机器,1
2025/4/2 11:42,总有那么些不要命的,1
2025/4/2 11:42,那就可以当自动驾驶了吗  知道什么叫辅助驾驶吗[泪奔],0
2025/4/2 11:42,黑都不会黑，全网，但凡有一点懂车的，都不可能说小米是第一梯队的智驾，连小米自己也从来没这么宣传过[尬笑],0
2025/4/2 11:42,同一个停车场，按了电桩，都是高层，其实很危险，,0
2025/4/2 11:42,那个后台有司机,0
2025/4/2 11:42,没有这个技术就不要天天吹牛逼,1
2025/4/2 11:42,@dke3zy,0
2025/4/2 11:42,找源头50亿年前那个谁让宇宙大爆炸产生的铁元素,0
2025/4/2 11:43,发抖音，引舆论，骂厂家，投抖+[呲牙],1
2025/4/2 11:43,刚开始的确很慢，现在速度越来越快了，现在还看到经常超车。,0
2025/4/2 11:43,出事了，说辅助驾驶。广告宣传时，智能驾驶，手不在方向盘上，甚至有驾驶员都不在驾驶员位置，在后排座语音指挥驾驶！,1
2025/4/2 11:43,应该规定时速超过60不能使用这个功能,0
2025/4/2 11:43,嗯，小米的我不知道，我说我的车，当然我的也没跟很近过,0
2025/4/2 11:43,今晚上那三个女孩魂去找你聊聊,1
2025/4/2 11:43,上我这里来买，两个山药豆子跟他说是仙丹，卖给他两万一个[坏笑],1
2025/4/2 11:43,小米官网有行车日志，刹车只踩30-50。不是一次性踩死中间有打方向才撞的石墩，按照日志我的看法是：不是直线撞击，是出现警报后慌乱操作后才撞上的，所以你这个问题在现实中实现不了,1
2025/4/2 11:43,[赞],0
2025/4/2 11:43,并不是概念，武汉这边有很多萝卜快跑，它是无人驾驶，但是据说后台可以远程操控，而且速度不快,0
2025/4/2 11:43,那感情好,0
2025/4/2 11:43,你在现场看到立马爆燃了吗[抠鼻],0
2025/4/2 11:43,97公里时速撞击，生存几率不高,0
2025/4/2 11:43,人傻话还多[尬笑],1
2025/4/2 11:43,是莫名其妙爆燃吗，时速一百公里撞上水泥墩擎天柱都得变形跳着躲开,1
2025/4/2 11:44,这样子搞今年的yu7应该可以交付[展开说说]不用等到明年了,0
2025/4/2 11:44,在哪看到的2秒就爆燃了,0
2025/4/2 11:44,这是新能源通病。想解决，只有一个办法，开油车[白眼],1
2025/4/2 11:44,这波我绝对站厂家，自己的生命为什么要交给电脑，智驾自己停停车这些就行了！！上路还是把生命掌握在自己手里吧…………,0
2025/4/2 11:44,你是当事人吗？你在现场吗？,0
2025/4/2 11:44,大部分车企都敢说吧，即使烧死了也赔不了多少钱,1
2025/4/2 11:44,不是双手脱离方向盘，撞水泥墩电池会无缘无故自燃吗,1
2025/4/2 11:44,你怎么知道是两秒？,0
2025/4/2 11:44,你在现场看到了？,0
2025/4/2 11:44,你的数据哪里的，刚才还刷到一个32秒，一个比一个厉害,0
2025/4/2 11:44,自动驾驶和智能驾驶还是有区别的。,0
2025/4/2 11:44,命还是自己把握在自己手里安全些[尬笑],0
2025/4/2 11:44,l2.999 你怎么办,0
2025/4/2 11:44,从小喝到大哈哈[泪奔],0
2025/4/2 11:44,好多公司没出车祸之前就普及过是辅助驾驶,0
2025/4/2 11:45,那速度有你骑电车快吗？这么慢的速度有没有人很重要吗,1
2025/4/2 11:45,[看],0
2025/4/2 11:45,哪个电车能禁得住几乎百公里的速度的硬性碰撞,0
2025/4/2 11:45,限定区域，严格限速，全靠智能，0接管。无人驾驶能上路肯定是合规的，出事了也可以找企业。但有人驾驶的情况，司机是第一责任人，智能辅助驾驶只能是辅助。行业通病，介绍不说全称，都用智驾或者智能驾驶来显得高大上，漏掉了最重要的辅助两个字[看],0
2025/4/2 11:45,我开公司电车，智驾都不敢开的，就怕有突发情况它跟我抢方向盘，我自己油车定速巡航都不用，也怕给我搞个刹车失灵[九转大肠],0
2025/4/2 11:45,不吹牛B了,1
2025/4/2 11:45,这种情况下，我一般会∶妈。,1
2025/4/2 11:45,在25秒时遇封闭路段116码人工接手，26  27秒时就撞上了段，这是智能驾驶至少没有提前发现路障并且及时减速刹停,0
2025/4/2 11:45,前段时间问界M9驾驶员在高速上智驾过程中睡着了，华为智驾载着驾驶员从高速上经收费站下高速，平安到家之后驾驶员才发现到家了，请问雷总如何解释？也许只能说是小米的辅助驾驶系统还没有达到一定的高度而已，并不代表其它的智驾系统做不到前所未有的高度！！！,0
2025/4/2 11:45,当时在聊天哈哈哈哈[捂脸]开高速玩手机回消息，还是打字，没有语音回复，真是把后面两个同学的命当日本人盘,1
2025/4/2 11:45,高速上定速巡航我从来都不用，方向盘在手，才踏实[尬笑][尬笑][尬笑],0
2025/4/2 11:46,等公务车用上电车再去买[捂脸],0
2025/4/2 11:46,辅助功能怕电子元件也有可能出问题还是相信自己[捂脸],0
2025/4/2 11:46,跟拼多多说去吧,1
2025/4/2 11:46,提车时心情激动谁会注意，现在车企发布会都是说多么先进智驾洗脑消费者，从不说是辅助绝不脱手。还有无良媒体推波助澜吹牛逼智驾。,1
2025/4/2 11:46,人家叫智能辅助驾驶，辅助啥意思懂不懂,0
2025/4/2 11:46,取消还怎么更新,1
2025/4/2 11:46,估计交给支架，三个女生在聊八卦,0
2025/4/2 11:46,出租车不会跑就是多迈在城市里,0
2025/4/2 11:46,这个都好比的，那萝卜快跑了解一下，有后台的，他也不是 L2！,1
2025/4/2 11:46,都躺着中枪了,1
2025/4/2 11:46,我就想问一下智驾是无人驾驶吗各位[微笑],0
2025/4/2 11:46,在25秒时遇封闭路段116码人工接手，26  27秒时90多码就撞上了逆向车道护栏，这是智能驾驶至少没有提前发现路障并且及时减速刹停,0
2025/4/2 11:46,自行车我都不敢大撒把,0
2025/4/2 11:46,估计直接睡觉了[抠鼻],0
2025/4/2 11:46,是吗？互联网可是有记忆的。,1
2025/4/2 11:46,电车。全车电子控制。锁死了呗[舔屏][舔屏][舔屏],0
2025/4/2 11:46,现在投入运营的无人出租车有多少辆？一共运行了多远的行驶里程？这就像老说的常在河边走没有不湿鞋是一个道理,0
2025/4/2 11:46,我只知道问界五十万的车每年保险五六千，小米二十多万的车每年车险一万[捂脸],1
2025/4/2 11:47,小米L2啊[捂脸],0
2025/4/2 11:47,@阿帅帅帅,0
2025/4/2 11:47,关键人家这话也不是出了事以后才说的啊[捂脸][捂脸][捂脸],0
2025/4/2 11:47,就非得讹人家一笔钱么[疑问]这不就跟河边写着水深危险严禁游泳，你不听非得下去游结果溺死了一个道理么？,1
2025/4/2 11:47,又想坐车又想不动手干嘛不坐高铁呢[不失礼貌的微笑],0
2025/4/2 11:47,那是有人在远程后台操控的[捂脸],1
2025/4/2 11:47,智能驾驶是让人在疲劳驾驶等意外的情况多一分自救的机会，你自己网上搜搜多的很突然要撞车了智驾自动介入救了车主一命的情况，智驾完全不是车主松开双手危险驾驶的理由,0
2025/4/2 11:47,我是卖保健品的，介绍你朋友给我认识一下。我想做个大单,1
2025/4/2 11:47,你是说放在pro或者max上就不会出问题？[看],0
2025/4/2 11:47,车企一点不傻[捂脸],0
2025/4/2 11:47,这不就跟那个不是你撞的你为什么扶差不多吧？你只要装了的不管我怎么用都是你的责任[尬笑],1
2025/4/2 11:47,油车一百迈撞击人就不会晕了？[看],1
2025/4/2 11:47,某个不敢上l3又在宣传睡觉的正直品牌这辈子有了[捂脸],1
2025/4/2 11:48,虽然但是，咱不搞性别歧视嗷[看],0
2025/4/2 11:48,这人谁啊？你见一个就信一个？没脑子判断吗？那我还说小米宇宙第一呢，你信吗,1
2025/4/2 11:48,命运起码掌握自己手里,0
2025/4/2 11:48,为什么非得称智驾呢？,0
2025/4/2 11:48,先把问题往智驾上引，再把智驾的问题往华为身上引，就是不提为什么会起火，车门为什么打不开,1
2025/4/2 11:48,雷军开什么车呢？,0
2025/4/2 11:48,撞之前一秒退出，车主责任[舔屏],1
2025/4/2 11:49,找你自己，你为什么会肚子饿想吃饭,0
2025/4/2 11:49,这个视频上的这些都是雷军以前宣传的时候说的，可不是现在出事之后,0
2025/4/2 11:49,智能辅助驾驶  简称智驾,0
2025/4/2 11:49,负什么责？电池撞击严重起火是很正常的,1
2025/4/2 11:49,普通版没激光雷达,0
2025/4/2 11:49,0.9的循环等于1,0
2025/4/2 11:49,为什么会突然歪那么多,1
2025/4/2 11:49,尽量买有激光雷达的！,0
2025/4/2 11:49,智能辅助驾驶不是智能自动驾驶,0
2025/4/2 11:49,特定条件特定路况差不多只能在高速才能勉强符合赔的条件，l4车企负责赔钱，你负责坐牢,1
2025/4/2 11:50,这个可不是快的问题，是司机路都不看了,1
2025/4/2 11:50,不认真听还真的就怪不到别人。至于吹嘘，那是行业通病，不讲全称智能辅助驾驶，只讲智驾或者智能驾驶显得高大上，漏了最重要的两个字:辅助[看],0
2025/4/2 11:50,辅助驾驶，又不能脱手，你说搞这些花里胡哨的做什么，就不该研发这个鸡肋产品。不脱手这还叫辅助吗？,1
2025/4/2 11:50,而且你道路维修，高速上会提前一公里摆雪糕桶，驾驶员眼睛会看不见吗，明显就是聊着天，看着手机了,1
2025/4/2 11:50,问题还真有人相信，脑子都有问题吗，智能驾驶只是铺助,1
2025/4/2 11:50,隐藏门把手[赞],0
2025/4/2 11:50,保时捷,0
2025/4/2 11:51,劳斯莱斯吧,0
2025/4/2 11:51,人，只会记住自己想记住的点，谁会记住说教？,0
2025/4/2 11:51,傻子[我想静静],1
2025/4/2 11:51,黄毛只会把这句话当耳旁风，速度即是信仰,1
2025/4/2 11:51,就单纯的不想负责任别洗了[尬笑],1
2025/4/2 11:51,相对来说，带有激光雷达的探测距离更远，能在一定程度上提升智驾的安全性，小米稳妥的做法是取消标准版的智驾功能，因为标准版只有摄像头没有激光雷达,0
2025/4/2 11:51,电车高速更不能开启智驾！！！,0
2025/4/2 11:51,这车出了事谁负责，,1
2025/4/2 11:51,无人驾驶目前不合格的好吧,0
2025/4/2 11:52,卖车时候给买主说清楚了吗,0
2025/4/2 11:52,大嘴：这是我们最新研发的L2.9999999999999999999999999999999999999999999999999999999999999999999999999999999999999999999999999999999999999999999999999999999999999999999999999999智驾,0
2025/4/2 11:52,没有，路上有个障碍物，可以停几个小时。这样的车为什么没有大面积推广，说明还是有很多弊端。反正我不敢把自身安全交给一个车子系统[尬笑],0
2025/4/2 11:52,大多数情况下不是车企误导，而是有些睿智以为防弹背心可以防导弹，而正常人都知道某些子弹都要谨慎对待。,0
2025/4/2 11:52,L5才是智能驾驶,0
2025/4/2 11:52,辅助驾驶,0
2025/4/2 11:52,Su7 ultra 他现在有赛道驾驶证了。,0
2025/4/2 11:52,法拉利,0
2025/4/2 11:52,就算是人开都会出事，何况是智能驾驶，因为路上会有各种各样的情况，它哪能那么完美的避免，它只能处理一些常规的情况。而且现在都只是猜测如果她们当时反应不过来手忙脚乱操作错误也会雪上加霜的。,0
2025/4/2 11:52,@?  哈哈哈哈哈哈,0
2025/4/2 11:53,标准版只有辅助驾驶。连激光雷达都没有。,0
2025/4/2 11:53,速度是一种信仰[九转大肠],0
2025/4/2 11:53,最好当系统识别到手离开了方向盘，车速提醒，再提醒，还没有接管就系统减速靠应急车道自动靠停[比心],0
2025/4/2 11:53,我觉得网络喷子有毛病，不带脑子无差别攻击,1
2025/4/2 11:53,我差不多有100万公里以上的车程10几年的驾龄 就是定速巡航我都不敢  不能拿命开玩笑,0
2025/4/2 11:53,人家这个是以前说的，人家没毛病，叫你们不要脱手驾驶,0
2025/4/2 11:54,有些人就是把智驾当成了释放自己,1
2025/4/2 11:54,智能驾驶≠自动驾驶，搞清楚概念,0
2025/4/2 11:54,省的频繁的加减速，主要是省脚。手和眼睛还是要在方向盘和前方的路上,0
2025/4/2 11:54,人都说了，是辅助，告诉你方向盘别脱手，还咋啊？说明小米系统不如问界，你告诉我什么产品集所有优点于一身？,1
2025/4/2 11:54,搞这些以后事情更多,1
2025/4/2 11:54,装逼是要付出代价的[抠鼻][抠鼻][抠鼻],1
2025/4/2 11:54,我们武汉的无人驾驶萝卜怎么说[奸笑][奸笑],1
2025/4/2 11:54,智架还是华为,0
2025/4/2 11:55,这种事情就是运气和几率问题，你随便搜一个车出的问题都有[暗中观察],0
2025/4/2 11:55,要相信自己谁都不信，,1
2025/4/2 11:55,车本身就是需要人来操控的，行车途中睡着已经是在法律法规上行走了，只能说是侥幸,0
2025/4/2 11:55,找小米[捂脸],0
2025/4/2 11:55,你觉得好你就买你就这么干，记得保险买多点给子女多留一点,1
2025/4/2 11:55,因为有个大嘴在大肆宣传很牛逼啊 误导了某些人,1
2025/4/2 11:55,它除了会营销，有群屌丝粉，啥科技都没有[捂脸],1
2025/4/2 11:55,感觉评论区傻子比较多，谁开车不用方向盘的，都依赖智架，那还有必要考驾照吗？谁都可以开车了！老司机都不敢，有些人哪来的自信？辅助驾驶，不是让你完全依赖[尬笑][尬笑][尬笑],1
2025/4/2 11:56,所以你是丝毫不提问界烧死人的事儿？,1
2025/4/2 11:56,[捂脸],0
2025/4/2 11:56,特斯拉辅助驾驶，3次抓方向盘提醒后，直接拉黑了,0
2025/4/2 11:56,油车,0
2025/4/2 11:56,所以说雷总一开始就已经提醒了,0
2025/4/2 11:56,肯定前方没有修路的,0
2025/4/2 11:56,拿一辆车，一次运气当永久，搞笑,0
2025/4/2 11:56,支持小米,0
2025/4/2 11:56,哈哈，就差你去设计了,1
2025/4/2 11:56,依然支持小米,0
2025/4/2 11:56,为什么不用，我一般都开着，然后把脚放刹车上防止意外就行,1
2025/4/2 11:56,车门锁死？ 都他妈的撞晕了 还开个毛车门,1
2025/4/2 11:56,推[赞],0
2025/4/2 11:56,不得不说你是懂找根源的,0
2025/4/2 11:56,无人驾驶出租车怎么解释，,0
2025/4/2 11:57,智驾不是自驾智驾是智能辅助，自驾才是自动驾驶,0
2025/4/2 11:57,找四川手机报啊，让它发短信让所有人都知道[灵机一动],0
2025/4/2 11:57,直接去掉汽车吧，没有智驾的时代比现在事故率更高[偷笑],0
2025/4/2 11:57,油车定速巡航  我就只敢在高速 车少 视线好的地方用,0
2025/4/2 11:57,特斯拉就是，3次警告就拉黑了,0
2025/4/2 11:57,我也从来不用,0
2025/4/2 11:57,撞击，昏厥,0
2025/4/2 11:57,小米保险是最高的[看],0
2025/4/2 11:57,[赞][赞][赞],0
2025/4/2 11:57,出事了你就这么说,1
2025/4/2 11:57,那我昨天骑电动车上天桥没上去，摔了一下怎么办,0
2025/4/2 11:57,高速上的施工改道一定一定要接管！！！[泣不成声],0
2025/4/2 11:57,辅助驾驶知道什么是辅助吗[泪奔],0
2025/4/2 11:57,大事故还是少的，多的是刮蹭类的小事故啊[捂脸],0
2025/4/2 11:57,定速巡航有啥问题，不要自适应巡航还脱手,0
2025/4/2 11:57,我也是，定速巡航都不敢开[泪奔],0
2025/4/2 11:57,那不是远程驾驶嘛[笑哭],0
2025/4/2 11:57,也带智驾吗[捂脸],0
2025/4/2 11:57,现在谁敢说自己是L3级[看]都只敢说无限接近于L3级[呲牙],0
2025/4/2 11:57,又开始放屁了,1
2025/4/2 11:57,就不应该配备智架,0
2025/4/2 11:57,[微笑],0
2025/4/2 11:58,到时候出新款  给你来一个L2.999你就老实了[看],1
2025/4/2 11:58,请开启智能切菜,0
2025/4/2 11:58,关闭自驾,0
2025/4/2 11:58,无论什么车，他只是工具，安全与否是和自身挂钩的,0
2025/4/2 11:58,所以这个谁的错。你可以理解吗？既然没有那个技术。为什么要这样推广,1
2025/4/2 11:58,人教人教不会的，事教人一教就会，也有可能到死也学不会[九转大肠][九转大肠],0
2025/4/2 11:58,怎么感觉河南的杠精特别多[捂脸]生命只有一次 任何事都有万一 为什么非要拿自己的命去赌别人的技术[捂脸],1
2025/4/2 11:58,辅助驾驶一般都是高速居多，你想想,0
2025/4/2 11:58,早干什么了！,1
2025/4/2 11:58,速度很慢,0
2025/4/2 11:58,出租车都没有上高速,0
2025/4/2 11:58,[赞][赞][赞][赞][赞][赞][赞][赞][赞][赞][赞][赞][赞][赞][赞][赞][赞][赞][赞][赞],0
2025/4/2 11:58,没错！还有一定要随时关注路况，有时候高速路面会出现“废弃轮胎”“纸壳子”之类的障碍物，也很危险！,0
2025/4/2 11:58,我还想买一辆小米su7挺好开的,0
2025/4/2 11:58,不买国产车才是王道,1
2025/4/2 11:58,找卖刀的赔你钱,1
2025/4/2 11:58,不行就不要安在车上，叫我们交智商税[奸笑],1
2025/4/2 11:58,完全放开手，这心也贼大,0
2025/4/2 11:58,自驾用过都很香特别长途可以轻松很多，但一定要端正态度是人在开车自驾只是分担负担，始终是人在开车。,0
2025/4/2 11:58,真正问核心问题的人遭遇网暴，放心，清醒的人叫不醒装睡的人，不用叫他们了，让他们去买手机厂商3年研发出的超跑吧[捂脸],1
2025/4/2 11:58,那你们之前吹的那么厉害[捂脸][捂脸][捂脸]还那么贵[捂脸],1
2025/4/2 11:58,辅助驾驶和自动驾驶，大家还没搞清楚[泪奔],0
2025/4/2 11:58,成年人了自己为自己买单,0
2025/4/2 11:59,当做没有自驾就可以了,0
2025/4/2 11:59,我也遇到过[惊恐],0
2025/4/2 11:59,我定速巡航都从来没用过,0
2025/4/2 11:59,当初全网捧小米  现在全网骂小米[泪奔]  一群墙头草[抠鼻],1
2025/4/2 11:59,对直接自动靠应急车道锁车[尬笑][尬笑],0
2025/4/2 11:59,认为好的继续买，认为不好的不要买，自己的钱买，自己的脑袋思考，自己的命自己管。自由万岁！,0
2025/4/2 11:59,找卖刀的,1
2025/4/2 11:59,把他SU7上市发布会的视频拿出来看看[捂脸],0
2025/4/2 11:59,都是成年人！什么能做什么要命！用说吗？,1
2025/4/2 11:59,你家无人驾驶敢开97码？,1
2025/4/2 11:59,是你技术达不到才这么说的吧[看]，这就是情商高的好处[看]呵呵,1
2025/4/2 11:59,新能源和速成鸡样，从设计到量产不用半年。真可笑,1
2025/4/2 11:59,人家直播说的[绝望的凝视],1
2025/4/2 11:59,没户干着急[流泪],0
2025/4/2 11:59,天天都有车祸发生，,0
2025/4/2 11:59,这人听华为的宣传语买的小米的车[赞],0
2025/4/2 11:59,华为问界锁死烧死小米锁死烧死，你偏要说不是电车设计有问题,1
2025/4/2 11:59,夜晚智驾跑一百  多大的胆啊[晕][晕]  我一直以为智驾跑四十,0
2025/4/2 11:59,那就达不到l3水准了,0
2025/4/2 11:59,所以可以不选择呀，我们常州还是新能源之都，我家一辆本田一辆丰田一辆福特，可能我年龄大了，接受不了一个电瓶四个轮子的玩意[捂脸],0
2025/4/2 11:59,解释就是不是雷军干的呗,1
2025/4/2 11:59,他自己敢开吗？,1
2025/4/2 11:59,雷军比丰田本田奔驰宝马的董事长忙多了。,0
2025/4/2 11:59,刀的问题[看]，必须是刀的问题,1
2025/4/2 11:59,对弄个自动驾驶不过买车提升价钱[抠鼻],1
2025/4/2 11:59,大实话，我也是，大证,0
2025/4/2 11:59,智驾只是个装13的功能,1
2025/4/2 11:59,别说辅助驾驶了，我坐别人车都不放心[捂脸][捂脸]不管坐谁车我都主动开车[尬笑],0
2025/4/2 11:59,因为这是华为起的头,1
2025/4/2 11:59,所以我从来都不用定速巡航，还是自己操作安全,0
2025/4/2 11:59,其实我不知道为什么要搞智驾？,0
2025/4/2 11:59,直播 你没看他直播吧,0
2025/4/2 11:59,要搞那些花里胡哨的玩意干啥用呢？彰显科技吗？,1
2025/4/2 11:59,谁要弄雷总？我不同意[酷拽][酷拽][酷拽],0
2025/4/2 11:59,你自己说的你看你自己看的懂不,1
2025/4/2 11:59,开车都需要辅助了还开啥子车,1
2025/4/2 12:00,人不行 怪车没造好,1
2025/4/2 12:00,哪里也不敢用 累了找休息区休息  相信电子产品不如相信大神,0
2025/4/2 12:00,怎么到你嘴里脱手那么轻松呢，时速110多脱手,1
2025/4/2 12:00,不买呗[捂脸][捂脸][捂脸],0
2025/4/2 12:00,Aeb是在辅助驾驶情况下才能触发，还是人驾的情况下也能触发，为什么出事的时候Aeb触发不了,0
2025/4/2 12:00,你是说某为吗[黑脸],1
2025/4/2 12:00,智能驾驶就应该和自动巡航一样，30秒提醒一次手动一下方向盘,0
2025/4/2 12:00,为什么打不i门。不要逃避问题,1
2025/4/2 12:00,评论区好理智啊,0
2025/4/2 12:00,华为一键锁死火化才过去几天，你又出来水了[看],1
2025/4/2 12:00,也不知道谁先开始简称为 智驾的，真的很容易误导人，就应该叫 辅助驾驶,0
2025/4/2 12:00,车企互黑……以前记得是特斯拉……现在到小米啦……让你雷军出风头……小米加油……雷军加油[赞][赞][赞],0
2025/4/2 12:00,宣传的时候特牛逼，解释的时候也很牛,1
2025/4/2 12:00,小米对智驾系统宣传不多，更多宣传的是速度,0
2025/4/2 12:00,找钢厂[捂脸],0
2025/4/2 12:00,怎么没有[他急了],1
2025/4/2 12:00,如果国家把地图开源那么合资车的l3将达到顶峰[流泪],0
2025/4/2 12:00,又不是没开过,1
2025/4/2 12:00,想开就开[憨笑],0
2025/4/2 12:00,素7还能买吗？,0
2025/4/2 12:00,不是智驾为什么叫智驾？,1
2025/4/2 12:00,他开的不就是小米su7吗？[微笑],0
2025/4/2 12:00,你看看时间呢，23年了，天呐[捂脸]等年底吧，年底应该会出这个l3的，这老图真的是一言难尽呢,0
2025/4/2 12:00,没人说无人驾驶,0
2025/4/2 12:00,他自己一直在开呀。,0
2025/4/2 12:00,找工人 谁让他们把铁矿挖出来的,1
2025/4/2 12:00,国内这些能叫自动驾驶吗？,1
2025/4/2 12:00,因为现在的智能驾驶是辅助驾驶  都没到那种程度  只能说车主都太心大了,0
2025/4/2 12:00,还得是小米粉丝[看]这要是问界估计评论区全是喷子,1
2025/4/2 12:00,广告禁止使用智能驾驶，统一辅助驾驶，不就不误解了吗。还是商家为了宣传,0
2025/4/2 12:00,找卖家,0
2025/4/2 12:00,高速上40比100危险大的多得多,0
2025/4/2 12:00,问界车祸不少,1
2025/4/2 12:00,你为什么在卖车的时候和用户说支持智驾，死了人才告诉人家AEB只支持车辆这、行人、二轮车，发布会的时候不讲就算了，买车交车的时候应该告知用户呀，死人才说出来，不然别人还以为你的智驾和华为的一样功能,1
2025/4/2 12:00,你跑的太快了，应该学会慢慢的先学会走。,0
2025/4/2 12:00,手扶好，眼睛看好，可以用辅助驾驶,0
2025/4/2 12:00,那就别整天吹牛B、你的智驾世界第一、L2应该取消只能??4才可以安装在车上、L2L3车企自己玩吧、,1
2025/4/2 12:00,最先开始就不要叫智驾！,1
2025/4/2 12:00,看看有多少条命为你们的智驾买单[左边],1
2025/4/2 12:00,那玩意马路毒瘤,1
2025/4/2 12:00,今天刷到一个开特斯拉的，高速，睡觉，牛逼不[尬笑],1
2025/4/2 12:00,我是直接买没有辅助功能的车开,0
2025/4/2 12:01,36分提示手握方向盘，到44分提示障碍物，请问中间8分钟时间都握不了方向盘吗？中途干嘛去了,1
2025/4/2 12:01,老司机只相信自己的双手双脚。,0
2025/4/2 12:01,人家好歹是国企，多多少少为国家作出过贡献，你是什么？顶着中国人的昵称喷自己国人？,1
2025/4/2 12:01,应该叫傻能辅助驾驶,1
2025/4/2 12:01,购车前需要培训，智商不够影响智能制造,1
2025/4/2 12:01,油车的定速巡航只是让你车一直保持那个车速，并不是让你不握方向盘[看],0
2025/4/2 12:01,喜欢自适应巡航  手还不离方向盘注意力集中[大笑],0
2025/4/2 12:01,武汉自驾出租车正常运行,0
2025/4/2 12:01,电子元件跟机械操作系统是二个东西，黑屏或者其他不干涉手动驾驶,0
2025/4/2 12:01,劳斯莱斯,0
2025/4/2 12:01,好像脱手驾驶是违法的，危害公共安全，我爸21年四季都没有脱手过，年轻人考驾照还是对充分学习驾驶安全知识,0
2025/4/2 12:01,下一代2.99[捂脸],0
2025/4/2 12:01,改名叫救命介入驾驶,0
2025/4/2 12:01,出事了这样说了，你忘了自己拍宣传片的时候，经常还拿脱手做文章。,1
2025/4/2 12:01,你用的是智能手机？,0
2025/4/2 12:01,法规有要求的,0
2025/4/2 12:01,高速智驾只是脚累了开下，安全行驶6要多公里，从来不离开手，智驾当定速巡航就行,0
2025/4/2 12:01,哈哈哈哈幺幺零仙,0
2025/4/2 12:01,做汽车的也就是魏建军敢开自己的车，前几天开长城出的重卡。再早开坦克500去沙漠骑刀锋,0
2025/4/2 12:01,车道保持，定速巡航，我都没敢开过[捂脸],0
2025/4/2 12:01,直接绿牌限行就好了啊 肯定买的就少了,0
2025/4/2 12:01,年少无知，年少轻狂，对生命没有敬畏之心的人，开什么车都等于零,0
2025/4/2 12:01,我的还是L1的[可怜][可怜],0
2025/4/2 12:01,不脱手，那就别拿智驾当噱头卖，经过严格测试，再拿出来说话,0
2025/4/2 12:01,咬卵犟些，智驾全名叫做智能辅助驾驶，不是全自动，辅助二字是重点，阎王要考的。,1
2025/4/2 12:01,出门记得带上自己的脑子,1
2025/4/2 12:01,不是高阶智驾吗？,0
2025/4/2 12:01,所以根本不靠谱，智能只是辅助，代替不了人,0
2025/4/2 12:01,萝卜快跑呢,0
2025/4/2 12:01,定速巡航有时候停不掉，一直保持速度，刹车也没有用。,0
2025/4/2 12:01,手动挡多有乐趣,0
2025/4/2 12:01,那你看到的小米吹， 关于智驾这块是怎么说的，你发出来。[看] 发不出来我奖你俩大嘴巴子。,1
2025/4/2 12:01,雷军敢不敢开车还原一下事故。碰撞后看他能不能找到机械拉手，雷军都是赛车手，敢吗，敢吗，网红哈哈哈哈,1
2025/4/2 12:02,那辅助有什么用？辅助也能强行过人故意要拐弯的吗？,1
2025/4/2 12:02,早晚出大事,1
2025/4/2 12:02,[捂脸]保险合同条款和宣传永远都是不一样的[捂脸],0
2025/4/2 12:02,车有啥问题 为啥不敢开,1
2025/4/2 12:02,即然不成熟那为什么要推广，你们不是在欺骗消费者吗？对年轻人来说你这样提醒有个毛用,1
2025/4/2 12:02,之前直播开智驾开过[捂脸],0
2025/4/2 12:02,你的智驾就变成辅助驾驶，华为乾坤智驾人家还可以为智驾险买单，你小米敢跟吗，只能说你的营销确实是做的好，小米汽车就是个情绪价值网红车，,1
2025/4/2 12:02,自行车小时候还真不要手开过，但是最后在我村东头沟里躺了快半小时，摔岔气了[捂脸],0
2025/4/2 12:02,别洗了,1
2025/4/2 12:02,这一般是50左右撞的   速度降下来了,0
2025/4/2 12:02,15.1收,0
2025/4/2 12:02,我黑他有什么好处？那你告诉我这些人是怎么“误解”成把生命交给他的？肯定是有人吹牛逼啊。,1
2025/4/2 12:02,之前看还有一对情侣开自驾在高速上，情侣跑后面睡觉，真实无知者无畏,1
2025/4/2 12:02,这智架只能体验一下感觉，你要把你的命长期交给它那你就是在作死,1
2025/4/2 12:02,100速度撞上还能不爆炸 飞机都做不到  这不就是飙车么。走保险吧  别为难小米了。,0
2025/4/2 12:02,钢铁侠那么牛批都不敢百分百让贾维斯控制现在人咋想的,1
2025/4/2 12:02,支持雷军,0
2025/4/2 12:02,你们做广告时可不是这么说的！[抠鼻][抠鼻],1
2025/4/2 12:02,我骑自行车都不敢双手离把,0
2025/4/2 12:02,我依然相信小米…不管什么车，方向盘都不能离开手，这是对自己生命负责……,0
2025/4/2 12:02,辅助驾驶确实智能啊,0
2025/4/2 12:02,出来洗了？不管是不是辅助驾驶或者自动驾驶，大家都忘了一点，车体自身质量，都说特斯拉垃圾，纵观全网，有报道说特斯拉死人？质量是第一，续航，驾驶体验，科技感都是往后排的,1
2025/4/2 12:02,找卖刀了 让他赔[机智],1
2025/4/2 12:02,国内就没有正儿八经的无人驾驶。那个无人出租车是有活人远程监控的，一旦有问题马上介入,0
2025/4/2 12:02,是116[捂脸]    还是开的小米  小米用户都知道su7目前的智驾不如那一家   那一家的智驾都很少有人夜晚开120,0
2025/4/2 12:02,支持小米[赞][赞][赞],0
2025/4/2 12:02,aeb好像是人为驾驶优先,0
2025/4/2 12:02,用智驾比不用智驾还累。又不敢真正的去用，担心出事情，心更累，你说要这个东西有什么用？至少目前我还不愿意当实验品，,0
2025/4/2 12:02,人家说了，你听不懂吗？,1
2025/4/2 12:02,我不说某个品牌，我刷视频看到好多这些视频，打广告都是说得很牛的啊,0
2025/4/2 12:02,国产车与进口车果然是双标[赞][赞][赞][赞],0
2025/4/2 12:02,哈哈哈哈哈，百分百会这样,0
2025/4/2 12:02,我的还是L1的  自有定速,0
2025/4/2 12:02,她妈妈提醒她不要过度依赖智驾了，她不听[绝望的凝视]这是她妈妈语音原话[绝望的凝视]还说情侣俩都是米粉，结果性能都没搞明白…,1
2025/4/2 12:02,相信雷总[赞],0
2025/4/2 12:02,厂家让你不要超速你不是照样超吗，自己的命掌握在自己手中,1
2025/4/2 12:02,无人驾驶汽车不敢坐,0
2025/4/2 12:02,麻烦带点脑子,1
2025/4/2 12:02,好像是辅助吧，,0
2025/4/2 12:02,出事前0.1s退出只能驾驶,0
2025/4/2 12:02,谁都敢开，天要你出事，你躲不过，能避免的，你自己不去做那谁都没辙,1
2025/4/2 12:02,我也不敢用定速巡航，上次有一个一百多车速取消不了了[捂脸][捂脸][捂脸][捂脸],0
2025/4/2 12:02,出事了  就说辅助  不出事  就可以无人驾驶,1
2025/4/2 12:02,关键看广告如何宣传的？买车的时候销售员如何讲解的[呲牙],0
2025/4/2 12:02,刻意避开辅助驾驶事实就是谋财害命。,1
2025/4/2 12:02,只要企业敢负责。就可以说是l3,0
2025/4/2 12:02,我处处小心，小心翼翼活着，都累，那些敢大不咧咧的活着，不思考，不考虑就活着的人，你们怎么想的，运气很好吗,1
2025/4/2 12:02,我老公开巡航的时候我能把方向盘仪表盘盯出火花！操心的很,0
2025/4/2 12:02,我不知道你是什么心态评论的，路上的事故何其多，电车自燃何其多？ 目前技术不成熟，我们一直在尝试突破。现在已经出新能源飞机了，时代在进步啊。  你的一句话似乎否定我们进化的路径。,1
2025/4/2 12:02,开了，直播,0
2025/4/2 12:02,能一样么？有的企业是靠卖智驾产品的！,0
2025/4/2 12:02,找衣服厂家啊[流泪],0
2025/4/2 12:02,这是一个概念吗，,0
2025/4/2 12:02,听见没有，所以说不了解车的性能，就开，车主主要责任,1
2025/4/2 12:02,下面说，为什么说智驾，不说辅助驾驶，那你说手机为什么是只能手机，不是辅助手机[发呆],0
2025/4/2 12:02,不得不说，雷总的方向盘握姿跟我一样,0
2025/4/2 12:02,厉害????????????，这风向[赞],0
2025/4/2 12:02,多拧巴啊，如果驾驶员需要握紧方向盘紧盯前方，那辅助驾驶意义何在呢？当然我不是针对小米，我觉得这块国家需要有强制的法规，消费者的确蠢，但代价不应该是生命,1
2025/4/2 12:02,吹吧！吹吧！你牛,1
2025/4/2 12:02,定速巡航就是定个速度而已，跑高速用用没啥问题，除非车机失灵了[捂脸],0
2025/4/2 12:02,没出事之前你咋不这样说,1
2025/4/2 12:02,你就不应该把辅助驾驶装上来，这就是搬起石头砸自己的脚,1
2025/4/2 12:03,紧急刹车怎么触发不了,0
2025/4/2 12:03,早就提醒了支持小米,0
2025/4/2 12:03,不买车,0
2025/4/2 12:03,累了就到服务区里休息会吧,0
2025/4/2 12:03,他没这么大流量,0
2025/4/2 12:03,都无限接近3了还说什么别太相信。老老实实标2不行吗,1
2025/4/2 12:03,辅助驾驶不就是让司机方便拧个瓶盖、点根烟，瞅一眼手机的吗，开车也不能全靠这个啊,0
2025/4/2 12:03,出了事，说不清,1
2025/4/2 12:03,那你给 acc 就行了别给 noa 。。,0
2025/4/2 12:03,"一米一华
一惊一吒",0
2025/4/2 12:03,定速巡航也不敢丢双手啊,0
2025/4/2 12:03,我每次吃饭的时候就不饿了，为什么我不吃饭就饿了呢，谁给解释一下,0
2025/4/2 12:03,现在说是辅助驾驶，卖车是吹的天花乱坠,1
2025/4/2 12:03,那玩意都是摆设,1
2025/4/2 12:03,你猜智能驾驶为啥不叫自动驾驶[看],0
2025/4/2 12:03,给我禁了一个星期,1
2025/4/2 12:03,赶快打120慢一点伤口就愈合了[捂脸][捂脸][捂脸],1
2025/4/2 12:03,小米可没炒作[捂脸],0
2025/4/2 12:03,我也就用个定速，智能领航都觉得跟我抢方向盘[憨笑],0
2025/4/2 12:03,智能驾驶也不等于无人驾驶啊,0
2025/4/2 12:03,敢放心把自己的命交给辅助驾驶的是这个[赞][赞][赞],0
2025/4/2 12:03,定速解放油门脚，刹车还是得准备好踩,0
2025/4/2 12:03,牛得不疼不痒你是第一人[赞][赞],0
2025/4/2 12:03,这世界上就不应该有刀[捂脸],1
2025/4/2 12:03,没机会了,0
2025/4/2 12:03,找铁厂[看],0
2025/4/2 12:03,建议所以辅助驾驶在车辆超过80提醒，三次提醒后手还不放方向盘直接变道去应急车道打双闪停着,0
2025/4/2 12:03,是智驾，他们以为是无人驾驶[尬笑],0
2025/4/2 12:03,是30秒踩一下，[捂脸],1
2025/4/2 12:03,学交规的时候都说了，不能离开方向盘，看到那些高速智架玩手机，甚至睡觉的，都警醒一点吧，别害人害己！,0
2025/4/2 12:03,管他呢，我又不会拿我的命污蔑你，我学的对不[看],1
2025/4/2 12:03,小米车里的监控录像系统有没有,0
2025/4/2 12:03,你们一些车企的一把手都直播自驾有多牛逼，结果呢？你们大力宣传自己的自驾多么牛逼。消费者用了出了问题就和你们没关系了,1
2025/4/2 12:03,没让你放手吧[憨笑],0
2025/4/2 12:03,辅助？那你还卖那么贵,1
2025/4/2 12:03,老司机都是只相信自己，嘴骂八方[舔屏],1
2025/4/2 12:03,不想开车就坐公共交通呗，要注意安全，三条命呐,0
2025/4/2 12:03,最低点找时机进入,0
2025/4/2 12:03,最近雨季到了，,0
2025/4/2 12:04,我们这修路段限速60 走着难受死了一个道 几十公里修了三年了[捂脸],0
2025/4/2 12:04,都是被大嘴误导的  大嘴全责[咒骂][咒骂],1
2025/4/2 12:04,既然不能用怎么还设置,1
2025/4/2 12:04,如果智驾死了也活该。,1
2025/4/2 12:04,不建议生产，有安全隐患的,0
2025/4/2 12:04,前段时间好多主播实路测试，脱手自动驾驶，自动变道自动刹车，好像有理想，还有什么牌子的车记不清了,0
2025/4/2 12:04,全称:智能辅助驾驶,0
2025/4/2 12:04,余总说可以脱手,0
2025/4/2 12:04,肯定玩手机去了,1
2025/4/2 12:04,[捂脸]那有啥用,1
2025/4/2 12:04,我的能源车有智能驾驶，但我从来不用，而且任何朋友上我的车，我都首先要告诉手动开门扣阀在哪里？[感谢][感谢][感谢],0
2025/4/2 12:04,不出事故都没人出来普及[捂脸][捂脸][捂脸],0
2025/4/2 12:04,我记得好像是哪里有规定，在等红灯的时候手不能离开方向盘，否则拍到被罚款扣分。,0
2025/4/2 12:04,不要网暴雷总，雷总从没有放大智能驾驶技术,0
2025/4/2 12:04,我相信智驾，但不相信国人的智驾[看],1
2025/4/2 12:04,智驾只能是一个安全辅助，不能把自己的命交给智驾，很多人把这个等同于无人驾驶了，真的胆大还是无知[捂脸],0
2025/4/2 12:04,@三 角 形 别 吃 了,1
2025/4/2 12:04,不分白天黑夜 ，智驾我也得眼睛一直紧盯着前方 毫无懈怠,0
2025/4/2 12:04,是被“误解”还是你没说明白[发怒],1
2025/4/2 12:04,就是未成年的智能[泪奔],0
2025/4/2 12:04,好家伙，车起火不能开门一句都不提,1
2025/4/2 12:04,就说说自己家的问题，系统是不是有缺陷，不要拖别人下水，奸商[捂脸],1
2025/4/2 12:04,雷军大骗子,1
2025/4/2 12:04,你先去了解了解Aeb是什么吧,0
2025/4/2 12:04,那你说说哪个车企宣传的时候说可以完全双手离开方向盘去睡觉让他自己高速行驶的[看],0
2025/4/2 12:04,能，相信小米的质量,0
2025/4/2 12:04,你猜智能驾驶的作用是啥  是让你完全就不管了  那你请个司机不好吗,1
2025/4/2 12:04,还可以抢救，车爆炸就没了,0
2025/4/2 12:04,智驾只是智商的弥补，智驾技术绝对比很多人的驾驶技术好。有些场景人都识别不了更何况智驾。,1
2025/4/2 12:04,这就是套路，如果是反向新闻，是不是说这只是个人行为，不代表功能？,1
2025/4/2 12:04,智驾就是鸡肋，用不好小命就玩完了！,1
2025/4/2 12:04,[赞],0
2025/4/2 12:04,智能的计算机是方便，无论多么复杂的加减乘除都能很快算出来。但是再怎么方便与智能，都是人脑造出来的东西，计算机算完再用人脑核对一遍才放心[看],0
2025/4/2 12:04,就不应该出现智能驾驶[灵机一动]，刚开始就炫耀谁多牛逼，不用手开，现在就说安全驾驶了[捂脸],1
2025/4/2 12:04,L3做不到不用接管,0
2025/4/2 12:04,每种性能的车每年都有很多重大事故。但这次的事故因为是小米，正在风头上的时候，所以搞得格外轰动。,0
2025/4/2 12:04,开车脱手驾驶已经是违法驾驶了，你把自己的生命交给智能去把握出了事情各种理由，就算陪你点钱有什么用，出了事反而可以更好的警示那些开车不用手的驾驶员以后开车要规范,0
2025/4/2 12:04,危险的是人 不是车，有的人刷抖音刷多了流口水了没脑子是的,1
2025/4/2 12:04,不用手[捂脸],0
2025/4/2 12:04,友商是**,1
2025/4/2 12:04,发一条多少钱 我也想干,1
2025/4/2 12:04,还真的敢说,1
2025/4/2 12:04,那玩意不敢坐[捂脸]感觉自己在车上慎得慌,0
2025/4/2 12:04,他说错了吗？,0
2025/4/2 12:04,电车容易起火这问题不好控制,0
2025/4/2 12:05,跑路不能，手机也跟着倒霉,1
2025/4/2 12:05,摔了这是真疼啊[捂脸],0
2025/4/2 12:05,？,0
2025/4/2 12:05,什么都不用说，技术不好，不敢驾什么车，都会有危险，,1
2025/4/2 12:05,不应该找钢厂，应该找挖铁矿的[捂脸],0
2025/4/2 12:05,所以米粉还是得好好理性看待，基本上车主都是米粉，不要不发生在自己身上的时候就是顶小米，发生在自己身上就是喷小米[捂脸],1
2025/4/2 12:05,就是火箭??，你技术不好，一样丧命,1
2025/4/2 12:05,别人都说了开电车不要这样开你们非要不信，还想赔偿，没门[捂脸],1
2025/4/2 12:05,减少疲惫感,0
2025/4/2 12:05,哈哈[尬笑],0
2025/4/2 12:05,我发现世界上所有都是别人用生命帮别人测试了，自动驾驶并非真的就可以做到安全了，还是需要人来控制，,0
2025/4/2 12:05,等级只有1，2，3哪来的2.9？你去查查级别有没有带小数点的？,1
2025/4/2 12:05,我12岁的儿子骑自行车学人家撒把，被我看到啦，二话不说，先上去给两脚。,1
2025/4/2 12:05,智能驾驶又不是无人驾驶，宣传的也没错，你说智能家居能是无人家具吗，还得是自己加水充电,0
2025/4/2 12:05,都烧没了,1
2025/4/2 12:05,能不能出一个定上导航，上后排直接睡觉的[捂脸],0
2025/4/2 12:05,车都成那样了[捂脸]车内的够呛了[捂脸]车头都没了,0
2025/4/2 12:05,你是油盐不进,1
2025/4/2 12:05,@接乖乖小狗,0
2025/4/2 12:05,是什是法规，,0
2025/4/2 12:05,不系安全带会报警就可以了，至于人家用不用，那就是两回事了，对吧？,0
2025/4/2 12:05,理解[感谢],0
2025/4/2 12:05,女司机:我不听，我不听，我不听。,1
2025/4/2 12:05,车道保持老是抢方向盘,0
2025/4/2 12:05,你怕是曲解了辅助的意思，辅助驾驶，不是帮你开,1
2025/4/2 12:05,我虽然不喜欢新能源，但是我觉得雷军挺冤的,0
2025/4/2 12:05,智能驾驶就好比给夜班保安配床，可以躺着但不能睡，纯评自觉,0
2025/4/2 12:05,什么叫辅助？又不是叫做人工智能驾驶[抠鼻],1
2025/4/2 12:05,我不针对某个品牌，但是你说奖我两个嘴巴子就过了，我只是说有些品牌打广告吹的时候说得很牛逼,0
2025/4/2 12:05,不应该  应该找挖矿的工人,0
2025/4/2 12:05,现在有些公司做的智驾 真的不想吐槽 一路上点刹车 刹车灯宛如跑马灯 跟在后面的人基本都要崩溃。,1
2025/4/2 12:05,智驾只能相信华为[赞][赞][赞][赞],0
2025/4/2 12:05,直接把马路去掉，用回以前的马车牛车，没有一点危险,1
2025/4/2 12:05,反正见到华为，黑就完了，那么多可以试驾的地方，反正就不去，只要小米也没做好的，其他厂商必然也没做好[捂脸][捂脸][捂脸]小米的粉丝我是见到了，真是奇葩[泪奔][泪奔][泪奔],1
2025/4/2 12:05,辅助驾驶的意义何在,0
2025/4/2 12:05,"不信雷军的,信销售人员的[赞]",1
2025/4/2 12:05,手机电脑出来这么多年，技术这么成熟，都会出错。你居然敢把命交给出来三两年的辅助驾驶,1
2025/4/2 12:05,怎么，你开门了？,0
2025/4/2 12:05,盲目迷信智驾,1
2025/4/2 12:05,找厂家陪,1
2025/4/2 12:05,我是不管你自驾不自驾，我谁都信不过，每次我老婆开车，我就在旁边一对大眼睛盯着前方，只有自己开的话，偶尔小眯一会儿,0
2025/4/2 12:05,可以用，手不可以脱离方向盘。,0
2025/4/2 12:06,l3,0
2025/4/2 12:06,自驾撞死人也是工厂负责吗,1
2025/4/2 12:06,请问官方吗？ 有没有可能车门撞坏了？,0
2025/4/2 12:06,[泪奔],0
2025/4/2 12:06,这玩意本来就是厂家负责呀。,0
2025/4/2 12:06,不智能驾驶 会出问题吗？而且你要看车是什么原因起火的 然后被撞到什么程度开不了车门,0
2025/4/2 12:06,溺水的都是会游泳的。一个道理。,0
2025/4/2 12:06,电瓶车改一下名字三拼电瓶！,0
2025/4/2 12:06,哪个厂家出厂会带车内摄像头,0
2025/4/2 12:06,不碰撞情况下不起火是最好，就怕是自燃,0
2025/4/2 12:06,小黑子们，看看这个法规的联合制定的单位吧，华为是参与定标准的,1
2025/4/2 12:06,目前都是辅助驾驶，国内真正的L3还没出来呢。不过有些车企宣传的过头了,0
2025/4/2 12:06,不管谁的车，只要是电的我都不喜欢[泪奔],0
2025/4/2 12:06,车里有时刻能监视你车企能调取的车你买？,1
2025/4/2 12:06,车内？敢有吗？,1
2025/4/2 12:06,100撞上都晕菜了[看]后排一般没人系安全带,0
2025/4/2 12:06,萝卜快跑,0
2025/4/2 12:06,开始了[看],0
2025/4/2 12:06,三个人都没了，你看见不能开门了？那么快的速度人都已经装昏迷了，还能开门？,1
2025/4/2 12:06,我老公倒车都不依赖倒车影像，他说不可靠！都是看后视镜！,0
2025/4/2 12:06,高铁,0
2025/4/2 12:06,所以你宣传的是提速快、跑圈是吧？[看],1
2025/4/2 12:06,@张小欠吖 哈哈哈,0
2025/4/2 12:06,一百公里时速撞撞上去还有命开门吗,1
2025/4/2 12:06,好多水军,1
2025/4/2 12:06,@好运连连到?? @财运亨通,0
2025/4/2 12:06,你可以不用啊,0
2025/4/2 12:06,人机结合不是让你变成人机,1
2025/4/2 12:06,最后一秒退出智驾，这你受得了,0
2025/4/2 12:06,没毛病[赞],0
2025/4/2 12:06,[赞][赞][赞][赞][赞][赞][赞][赞],0
2025/4/2 12:06,可以啊，写好遗嘱就可以了,1
2025/4/2 12:06,好家伙这是多久的视频居然不带脑子,1
2025/4/2 12:06,真的不怪雷军，,0
2025/4/2 12:06,手机和汽车相对比安全系数比较高，？懂吗孩子,0
2025/4/2 12:06,人家雷总多次提醒过,0
2025/4/2 12:06,那是自动驾驶，这个是辅助驾驶,0
2025/4/2 12:06,华为就是666,0
2025/4/2 12:06,脱手预警了还要脱手，不纯找死？,1
2025/4/2 12:06,L6=真人驾驶,0
2025/4/2 12:06,两家一起找[看],0
2025/4/2 12:06,两个问题，有没有和有没有关系,0
2025/4/2 12:06,说实话这件事跟车有毛关系，换别的车也一样,0
2025/4/2 12:06,买华为,0
2025/4/2 12:06,90.00后[捂脸][捂脸][捂脸]洗脑了的[灵机一动],1
2025/4/2 12:06,哪个国家也不会同意的，乖乖用本国的智架吧,1
2025/4/2 12:06,小米这次不就这样，25秒退出，26秒撞了,1
2025/4/2 12:06,知道那么清楚？你在旁边看着？官方都没消息你先知道了？,1
2025/4/2 12:06,快找厂家赔偿,0
2025/4/2 12:06,安全意识丧失是车祸的主要原因！,0
2025/4/2 12:06,要不是那么多友商不答应20就够了[捂脸],0
2025/4/2 12:06,出事了你又要找造车的了,1
2025/4/2 12:06,滴滴,0
2025/4/2 12:06,这不是又可以多拉个人下水了？余总心慌慌啊。,1
2025/4/2 12:06,非要出事了才肯说实话？你当时宣传的时候可不是这么说的。。。,1
2025/4/2 12:06,睡觉可以 就是不知道啥时候醒,0
2025/4/2 12:06,高速打了方向盘，刹车，是怕死得不够透,1
2025/4/2 12:06,就怕万一，会睡一辈子,0
2025/4/2 12:06,有的哦，买个飞机,0
2025/4/2 12:06,那为什么要有这个功能呢，有了又不能用，还是不能分心，鸡肋的功能，花里胡哨的,1
2025/4/2 12:07,你能不能有点智商，多了解了解,1
2025/4/2 12:07,又在给他洗？,1
2025/4/2 12:07,之前试了一下定速巡航，出高速匝道没有减速，吓??卵跌……以后都不敢用了[感谢],0
2025/4/2 12:07,商家都没提醒你，你这肯定要赔，人家小米还提醒了,1
2025/4/2 12:07,亲爱的小米车主们，如果你们害怕，我愿意出一万块钱购买[看][看][看],1
2025/4/2 12:07,又一个机器人,1
2025/4/2 12:07,这次必须支持雷总[比心],0
2025/4/2 12:07,眼睛不瞎就不会撞，早就自己接管了[捂脸],1
2025/4/2 12:07,人为干预了，智驾就不会了[抠鼻]定速巡航你踩刹车就退出了,0
2025/4/2 12:07,钻法律空子，职能部门都被你们塞满了，他们眼睛都瞎了，随你们怎么折腾！,1
2025/4/2 12:07,路面有坑，智驾能避开不,0
2025/4/2 12:07,无人滴滴算什么啊？,1
2025/4/2 12:07,这边推介你坐高铁,0
2025/4/2 12:07,萝卜快跑怎么说呢,0
2025/4/2 12:07,是没选择啊，只是评论,0
2025/4/2 12:07,直接叫做辅助驾驶得了，伪科技而已，，怪谁。后面事还有一堆呢,1
2025/4/2 12:07,找刀具厂家[看],0
2025/4/2 12:07,这个功能就是误导，现在出了问题了都那这个出来说了，那么搞这个功能干嘛？就是害人吗？,1
2025/4/2 12:07,是是是，问界天下第一，都去买问界连司机都省了。[哈欠][哈欠][哈欠],1
2025/4/2 12:07,这句警方都没说，你怎么知道的,1
2025/4/2 12:07,某企业有，宣传上车就睡觉,0
2025/4/2 12:07,我是意见，飞机黑夹子,0
2025/4/2 12:07,这是一款非常神奇的电车，陆地飞行器。大家要踊跃购买,0
2025/4/2 12:07,你觉得那么高的速度出事故，人还会有意识和行动能力吗？确定是门打不开？,1
2025/4/2 12:07,某品牌要发新车了,0
2025/4/2 12:07,那可太安全了,0
2025/4/2 12:07,既然不能脱手，干嘛要搞什么自驾？,1
2025/4/2 12:07,请个司机就可以了,0
2025/4/2 12:07,[泪奔]这不合适吧，一点隐私不要啊,0
2025/4/2 12:07,小米那个就不是智驾好不好,1
2025/4/2 12:07,代驾撞死人，也是车主责任吗,0
2025/4/2 12:07,车主负责,0
2025/4/2 12:07,说得对[赞],0
2025/4/2 12:07,那市面上的无人驾驶，又为何能上路？,0
2025/4/2 12:07,这就是高级的acc，现在也没有车企说自家的辅助驾驶可以完全脱手的。至少要到L4才能说可以脱手，但是现在都没有哪家车企是L3.,0
2025/4/2 12:07,这么说来这个功能不是鸡肋吗,0
2025/4/2 12:07,对自己生命不负责任，却要求厂家对你的生命负责,1
2025/4/2 12:07,谁有钱给这视频投个抖加,0
2025/4/2 12:07,那你好机智噢,0
2025/4/2 12:07,这是自动回复吗[呲牙],0
2025/4/2 12:07,萝卜快跑算什么啊？,1
2025/4/2 12:07,我们都是看后视镜,0
2025/4/2 12:07,同时使用、智驾会不会抢方向盘[捂脸]不懂问问,0
2025/4/2 12:07,高速碰撞系统不坏？,1
2025/4/2 12:07,总结一下 没到L5级别的车子 手都不能离开方向盘！！！,0
2025/4/2 12:07,回答我！,0
2025/4/2 12:07,现在都没有实质性证据，证明开不了门。。。。。你这现在就是在传谣知道嘛？,1
2025/4/2 12:07,什么车都有出车祸的事情[暗中观察],0
2025/4/2 12:07,你先把时间线理清 好吧，人家这是之前的内容[尬笑],0
2025/4/2 12:07,你在现场？说下当时情况[得意],0
2025/4/2 12:07,倒车影像也是辅助,0
2025/4/2 12:07,发布会上忽悠人买的时候可不是这么说的[看][看][看],1
2025/4/2 12:07,不能脱手，开发自动驾驶的意义是？,0
2025/4/2 12:07,一排排五号电池，说实话还没有以前硫酸电池好。,0
2025/4/2 12:07,定速巡航是可以在紧急情况下不会误踩油门[看],0
2025/4/2 12:07,我是两者并用,0
2025/4/2 12:07,小米的智能驾驶有主动刹车不？灵不灵？,0
2025/4/2 12:07,他们可以尽情的吹牛皮，最后都有法规兜底。,1
2025/4/2 12:07,华为就好？,1
2025/4/2 12:07,华为撞死比小米多，但是华为发出来没有流量，所以你没看到[九转大肠],1
2025/4/2 12:07,这个视频好早就有了,0
2025/4/2 12:07,当年手机防爆膜出来的时候，说砸不烂屏，我买来试了一下，结果屏烂了，谁给赔偿呢？[捂脸][捂脸][捂脸],0
2025/4/2 12:07,错没错不知道 反正没人敢找麻烦[看],1
2025/4/2 12:07,无人驾驶  都能上路[捂脸],0
2025/4/2 12:07,你在哪看的不能开门？,1
2025/4/2 12:07,那你们天天把什么智驾吹什么牛逼呢？夸大宣传，误导消费者，有欺骗,1
2025/4/2 12:08,这是你没有关注过！一直都有的普及，只是你没有看到而已,0
2025/4/2 12:08,造车还把友商都造的恐惧了[尬笑],0
2025/4/2 12:08,这波站小米,0
2025/4/2 12:08,你可以不开，但是会跟开电车的哟个停车场，这也是危险的，希望国家重视这个问题,0
2025/4/2 12:08,我哥开车也都不看中控屏，全看后视镜,0
2025/4/2 12:08,[绝望的凝视]都建议不要脱手，那无人的安全不安全的,1
2025/4/2 12:08,多读点书，你要不要看看你在说什么,1
2025/4/2 12:08,所以，“智驾”这两个字的名称不能随便乱加，辅助就是辅助[微笑][微笑][微笑]宣发害人,1
2025/4/2 12:08,真不能开门，自有其他友商跟警察找他麻烦，不是靠臆想的网友靠猜[抠鼻],1
2025/4/2 12:08,雷军根本没必要出来说话，人家是卖车的，又不是卖司机的。,1
2025/4/2 12:08,我出1万零一,0
2025/4/2 12:08,闻着味就来了[泪奔],1
2025/4/2 12:08,这有什么毛病吗？人家跟你说实话，你不听，非要听别人吹牛，是不是？等一下死了，又在那里博同情,1
2025/4/2 12:08,他就是个害人家伙[发怒],1
2025/4/2 12:08,[快哭了]感谢智驾不降价,0
2025/4/2 12:08,车门打不开工厂要负责,0
2025/4/2 12:08,发布会他可不说,0
2025/4/2 12:08,他说随便咋撞都不会着火了？,1
2025/4/2 12:08,我觉得最大的问题是离手+起火+打不开门,0
2025/4/2 12:08,逝者为大，无论怨谁，人已经走了,0
2025/4/2 12:08,什么叫习惯了？习惯了就可以拿生命开玩笑吗？,1
2025/4/2 12:08,不会,0
2025/4/2 12:08,对的，倒车影像只是辅助，其他还要靠自己多观察,0
2025/4/2 12:08,本来开车就不可以完全依靠智驾！,0
2025/4/2 12:08,现在还有哪个品牌的车没有出过车祸的吗？你安全驾驶，就行了。出事故你在法律法规层面正常处理就行了。没什么好说的吧。,0
2025/4/2 12:08,反正不会买电车 保命要紧[捂脸],0
2025/4/2 12:08,会的。,0
2025/4/2 12:08,人工接管智驾就退出,0
2025/4/2 12:08,问题真有人不怕死[呲牙],1
2025/4/2 12:08,会,0
2025/4/2 12:08,[赞][赞][赞],0
2025/4/2 12:08,开车喜欢脱手的人到底是什么想法的？不想开打个网约车不就好了吗,1
2025/4/2 12:08,我也是[捂脸]都是自己开 放心,0
2025/4/2 12:08,别洗！怎么洗没用,1
2025/4/2 12:08,人是第一控制权,0
2025/4/2 12:08,算它厉害,0
2025/4/2 12:08,不会  你动一下立刻退出智驾,1
2025/4/2 12:08,首先出了人命肯定是件伤心事，但你不能把全部责任推给车企。高速不允许走应急通道的，为什么那么多人走？也是别人吹牛逼可以走？,1
2025/4/2 12:08,喝完酒  没喝酒的朋友帮我启动了自动驾驶  我坐在副驾或者后座喝了酒这样算酒驾吗,0
2025/4/2 12:08,之前特斯拉事故一定程度上也帮了小米一把，起码在这次事故上，大家学会了理性[泪奔],0
2025/4/2 12:08,目前的电车我是不会玩的，还是喜欢油车,0
2025/4/2 12:08,说得没错，它能保证在你撞车前0.1秒退出智驾[看],0
2025/4/2 12:08,既然是辅助为啥要宣传智驾[捂脸],0
2025/4/2 12:08,据说她当时在和男友微信聊天,0
2025/4/2 12:08,单手开车都要罚款，何况智驾,0
2025/4/2 12:08,问题就是，谁跟你说打不开[尬笑],1
2025/4/2 12:08,我出1万1,0
2025/4/2 12:08,厂家一直没联系你把,0
2025/4/2 12:08,倒车影像有时会延迟,0
2025/4/2 12:08,来我投资给你我们一起做大做强[机智],0
2025/4/2 12:08,就是有，小米打死也不能说有，这属于严重侵犯个人隐私。,1
2025/4/2 12:08,这种是违法的[捂脸]，除非车主自行安装设置。,0
2025/4/2 12:08,都知道,0
2025/4/2 12:08,2选一[抠鼻],0
2025/4/2 12:08,肯定不会啊,0
2025/4/2 12:08,华为也是不能全信的，有时候边上的车靠过来它也没反应的，我碰到两次了，都快撞上了它不减速也不变道避让。,1
2025/4/2 12:08,那么过分夸张智能驾驶的作用又是谁呢？广告法不让说不让夸大其词么,0
2025/4/2 12:08,我出1万5,0
2025/4/2 12:08,你动方向盘，智驾退出,0
2025/4/2 12:08,米粉比比亚都要宗教的，别的车着火米粉闻着味儿就去开喷了[玫瑰][捂脸],1
2025/4/2 12:08,无人驾驶喝智驾是两回事好吧,0
2025/4/2 12:08,时速100，就算6活塞卡钳踩死刹停都至少要，10米以上，他这种情况，刹不住的。自动刹车只能在城市道路有点点用，速度超过60码，再智能的自动驾驶对于鬼探头都刹不住。,0
2025/4/2 12:09,你的算盘珠子都从山东打到安徽来了,1
2025/4/2 12:09,你说的很对，能不能不要宣传成智能驾驶？,0
2025/4/2 12:09,无人驾驶不允许上高速,0
2025/4/2 12:09,你这算盘打的我在省外都听见了,1
2025/4/2 12:09,不会,0
2025/4/2 12:09,别转移话题，核心是起火,1
2025/4/2 12:09,还是华为质量好，小米质量堪忧，需要继续打磨产品，虽然我现在在湖北雷军老家，和他是老乡，但是用了华为的产品，没有出过任何问题[赞],0
2025/4/2 12:09,人驾优先级是高于智驾的,0
2025/4/2 12:09,脱手也就算了，还睡觉，哪来的勇气呢[发呆][发呆][发呆],1
2025/4/2 12:09,会。纠正,0
2025/4/2 12:09,当然不会，,0
2025/4/2 12:09,雷总发布会上 论坛上讲话时，不是这样说的，那吹的可大了,1
2025/4/2 12:09,既然不能脱手，那这东西有何意义，不是误导和害命吗？,1
2025/4/2 12:09,这也叫黑吗？人家只是吧余总误导别人智驾的原话截图出来然后放一张被打脸的事实过来这也叫黑？,1
2025/4/2 12:09,这些人太相信雷军了，,0
2025/4/2 12:09,最高车速出厂都设置最高100！,0
2025/4/2 12:09,既然智驾还不成熟，为什么要拿出来用呢，还一直宣传智驾多么厉害？现在出了事就说是辅助驾驶[捂脸],1
2025/4/2 12:09,你怎么知道是打不开门，死者告诉你的吗，会不会是昏迷了会不会吓懵了手足无措慌乱中不知道怎么办，有没有童锁，童锁功能是不是开着,1
2025/4/2 12:09,既要又要,0
2025/4/2 12:09,辅助驾驶，无人驾驶，这是两码事,0
2025/4/2 12:09,这世界没有安全的车，只有有安全意识的驾驶员。,0
2025/4/2 12:09,自己看不见说没普及过[尬笑],0
2025/4/2 12:09,第二责任也得负责不能摔锅。,0
2025/4/2 12:09,辅助功能怎么不能宣传啊[捂脸],0
2025/4/2 12:09,俺也一样,0
2025/4/2 12:09,谁的小米su7不想要了，我六折回收,0
2025/4/2 12:09,它慢啊，来得及反应,0
2025/4/2 12:09,我见过阿维塔的测评,0
2025/4/2 12:09,全网都在黑到处都有 你居然说没有[捂脸],1
2025/4/2 12:09,谁证明了打不开门？,1
2025/4/2 12:09,哈哈哈哈哈[泪奔][泪奔][泪奔]笑死了,0
2025/4/2 12:09,"我看着我那半智能ai机器人新车，那么多l2辅助功能，摄像头8个，雷达15个（只比国产华为问界少2-3个），540度全车观视频（含2-3维度，包括车底），这么牛b齐全功能，还有几项行业首创功能，我也不敢脚不放刹车踏板，手不放在方向。

敢问，那新闻女生，哪来勇气，怎么敢因小米品牌，而放心辅驾。小米车是好，我们认同。但作为人，我觉这三位女生太粗心[捂脸]，电脑是准，但太复杂路面，人操作更安全。",1
2025/4/2 12:09,会，百分百会。L2都会。更别说是更高级的了,0
2025/4/2 12:09,安全驾驶第一,0
2025/4/2 12:09,我出两万,0
2025/4/2 12:09,这也用别人去提醒，驾驶本买来的吗？！,1
2025/4/2 12:09,萝卜快跑就那几条路线，白天跑了晚上跑，你说呢,0
2025/4/2 12:09,那是萝卜快跑不是小米,0
2025/4/2 12:09,开的慢[抠鼻],0
2025/4/2 12:09,华为天下第一?,1
2025/4/2 12:09,那个车速，谁在里面也得晕，人没意思怎么开门……不能听一面之词啊[裂开]等交警的通报,0
2025/4/2 12:09,大嘴使劲的宣传,1
2025/4/2 12:09,车头都撞没了，撞完又烧[捂脸]不可能保留下来的,0
2025/4/2 12:09,法规就该强制定义“辅助驾驶”别在搞新词来找借口多智能多高端。,1
2025/4/2 12:09,真那么牛逼，为啥不坐后排,1
2025/4/2 12:09,辅助驾驶就不是智驾了？智能不叫自动,0
2025/4/2 12:09,正常车机逻辑是感应到人为操作，退出智驾，或者智驾降到辅助模式,0
2025/4/2 12:09,雷军很少宣传过智驾方面的优势 反而是一直提醒使用者不要过度盲目相信智驾,0
2025/4/2 12:09,智驾可以，最好速度40以内,0
2025/4/2 12:09,本来想换混动车，这下把我搞犹豫了。,0
2025/4/2 12:09,L3级智能驾驶近5年不太可能实现,0
2025/4/2 12:09,高速撞击后门变形打不开门很正常。我之前开车40多码撞护栏上撞的那一边门都打不开了,0
2025/4/2 12:09,电车不安全是确定的,0
2025/4/2 12:09,不会，它会优先让车主驾驶,0
2025/4/2 12:09,成年人要有常识，目前全世界没有任何一个车企敢说开车可以完全交给汽车的。都叫辅助智能驾驶。这是一个常识问题。,0
2025/4/2 12:09,找创造这个地球的空气[呲牙],0
2025/4/2 12:09,20万卖给我[泣不成声],1
2025/4/2 12:09,牛逼吹大了，3条人命没了，为啥门打不开,1
2025/4/2 12:09,就是再成熟也有失误的时候，为什么要把自己命交给电脑呢，手机，电脑都够成熟了吧，还有死机，卡顿时候，汽车高速那么快一点失误只是一瞬间后悔都来不及,0
2025/4/2 12:09,他敢直接宣传吗？直接宣传就违法了，但是把这个智能驾驶单独拿出来重点反复宣传这个也是事实，普通消费者哪有那么高的分辨是非能力，这样的宣传误导一部分人很正常。,1
2025/4/2 12:09,自主研发的真*智驾和到处抄抄的智驾有区别,1
2025/4/2 12:10,问题出来，就会各种理由，各种借口，这就是中国老板,1
2025/4/2 12:10,大街上无人驾驶的快递车！出租车，到处都是！怎么解释！技术还是不行,1
2025/4/2 12:10,成年人都没脑子吗？已经这么说了还要怎么样？,1
2025/4/2 12:10,你车没有问题，个人原因很重要,0
2025/4/2 12:10,雪佛兰,0
2025/4/2 12:10,去问问大嘴[泪奔],1
2025/4/2 12:10,正常车里肯定有的，撞的那个够呛有,1
2025/4/2 12:10,不听雷总人言，吃亏在眼前。,1
2025/4/2 12:10,屏幕前的各位，难道就没有责任吗[看],1
2025/4/2 12:10,我也觉得,0
2025/4/2 12:10,没有智驾前提下，你买车是停车客厅、公路中来坐，不开的？,1
2025/4/2 12:10,这本来就是个伪命题。自动驾驶。一定要用手扶着。你觉得这开车心思重不重？[捂脸],0
2025/4/2 12:10,呵呵，我记得他有次开这个车在高速上宣传他的智驾多么厉害，一个车正常变道，被他的米粉网曝，发现真会主动过滤一些东西,1
2025/4/2 12:10,黑的是小米吧[捂脸] 如果这次事件是华为的车 你试试[憨笑],1
2025/4/2 12:10,那些说打不开车门的，你们是怎么知道的？我用千里眼看到她们是撞晕了[暗中观察],1
2025/4/2 12:10,人多的地方不投放，偶尔路过也纯属巧合。不上高速。遇到不敢走的，人为介入。你不会真以为堵车的时候，是他自己在走把。,1
2025/4/2 12:10,倒车还是可以，高速行驶就没必要,0
2025/4/2 12:10,飞机黑夹子一样？飞机是私人的？而且黑夹子是监控？,1
2025/4/2 12:10,那句话说的对，小米车最低的配置就是驾驶员,1
2025/4/2 12:10,辅助不要夸大其词的宣传成智驾,0
2025/4/2 12:10,我们是蔚来，他们的智驾永远人的操作是第一优先级，只要人踩刹车就自动退出智驾采用人驾。就算开了智驾人也要一直盯着路况，有问题及时接管，现在智驾只是辅助驾驶，不是无人驾驶。,0
2025/4/2 12:10,你自己不会点啊，还相信智驾呢,1
2025/4/2 12:10,远程操作的,0
2025/4/2 12:10,就是让你可以放松一下  不需要一直开着很累,0
2025/4/2 12:10,他说了好多好多好多好多好多遍,0
2025/4/2 12:10,"智驾
 你如果把它当成“代驾”，那么它目前的发展还很鸡肋，甚至危险重重，
但，如果你把它当成“急救时刻（比如突发疾病，又司机主动呼唤，或系统检测然后主动接手驾驶）”的“代驾”那么它已经是神技，完全够用

“无人驾驶”，人人诟病[笑哭]“智能驾驶”，人人显摆[看]
你们是怎么想的那么美的[吐舌][吐舌][吐舌]，当然科技的发展过程，总要有人去体验去牺牲[柴犬][柴犬]最后让我们致敬“先驱者”[看][看][看][看]",0
2025/4/2 12:10,他的意思是没有法规，你们可以智驾,1
2025/4/2 12:10,对啊对啊,0
2025/4/2 12:10,取消智驾吧,1
2025/4/2 12:10,以后驾照可以不用考了吗，直接智驾[呲牙],0
2025/4/2 12:10,以后设计个剧烈碰撞后自动开车门,0
2025/4/2 12:10,找刀企,1
2025/4/2 12:10,雷总的人品，雷总办良心企业的心，从来不用质疑。,0
2025/4/2 12:10,输妻出的事故是最多的。,1
2025/4/2 12:10,油车也有开不了门烧死的，放大小米了[捂脸],1
2025/4/2 12:10,这。。怎么喷,1
2025/4/2 12:10,智能辅助驾驶，全称,0
2025/4/2 12:10,怀疑友商在背后作祟,1
2025/4/2 12:10,[泪奔]那叫辅助驾驶，L2级别，撞死人驾驶员自己负责，有法律规定的,1
2025/4/2 12:10,100km一小时装上去人还能有意识吗？,0
2025/4/2 12:10,亲爱的小米车主们，如果你已经购买了，害怕了，我可以拿出巨资1万块，把你购买的小米汽车够买过来，让危险和害怕让我一个人承担吧,1
2025/4/2 12:10,我想问下电车撞了就着火吗？听着挺害怕的，一直过去了用电车的坎，家里人洗脑让买电车[捂脸],0
2025/4/2 12:10,不是的雷总 余承东早已经说了这个就是自动驾驶 上车可安心睡 睡醒即到达,0
2025/4/2 12:10,这是卖点，不是用点[捂脸],0
2025/4/2 12:11,那就直接说辅助驾驶，不要总提智能两个字！,0
2025/4/2 12:11,没有说全部推给他们，都有责任。,0
2025/4/2 12:11,无解,0
2025/4/2 12:11,你什么时候要求过，拿出证据[呲牙],1
2025/4/2 12:11,su7智架只能白天用，晚上千万别用，米粉千万记住[捂脸],0
2025/4/2 12:11,不撞水泥墩子,1
2025/4/2 12:11,第一批某米粉快消耗完了[白眼][白眼][白眼][白眼],1
2025/4/2 12:11,挺好的！又完善了点！离我坐上真正自动驾驶的车又进一步！认识的我告诉他小心用！不认识的我告诉他放心用（测试）你不用他不要数据自己会涨吗？,0
2025/4/2 12:11,你生产出来就是给人留下了太多的隐患[灵机一动]赚钱要赚的心安理得，别总是给自己找理由和借口[抱拳]愿大家不要为哪些不必要的追求付出宝贵的生命代价[感谢],1
2025/4/2 12:11,萝卜快跑说那我走？？？,0
2025/4/2 12:11,"信华为，得长寿[赞]
                        ---高质量男性",0
2025/4/2 12:11,不会，检测的认为控制会优先人控。,0
2025/4/2 12:11,小米的粉丝是全球最牛逼的组织[赞],0
2025/4/2 12:11,夜里托梦告诉他们的,0
2025/4/2 12:11,谁有小米su7我分期回收，太喜欢这个车，怪自己太穷[捂脸][捂脸],0
2025/4/2 12:11,说的对,0
2025/4/2 12:11,[打脸][打脸],1
2025/4/2 12:11,搞这些玩意干啥，智驾直接禁止不得了,1
2025/4/2 12:11,雷总不去搞传销浪费了[捂脸],1
2025/4/2 12:11,瞎建议,1
2025/4/2 12:11,男的一般都会去看后视镜，倒车影像只是辅助,0
2025/4/2 12:11,不说了害怕的三折回收[看],0
2025/4/2 12:11,发布会时可不是这样说的，吹的有多牛逼,1
2025/4/2 12:11,开车不要轻易的交给自动驾驶智能上，一定要把生命掌握在自己的手上[感谢],0
2025/4/2 12:11,我觉得找铁矿企业,0
2025/4/2 12:11,隔壁: 我们的无限接近L2.999999999999999999999,0
2025/4/2 12:11,去找卖刀的[尬笑],1
2025/4/2 12:11,安全驾驶，没有智能驾驶，不要用自己的生命做实验。,0
2025/4/2 12:11,总有那么些人把自己的命交给电脑的Ai计算，出了事不反省还怪他人,1
2025/4/2 12:11,怎么算辅助？,0
2025/4/2 12:11,你咋知道她打不开车门 是无法打开 还是人已经没有打开能力。 不信的话 你把你们家的油车拿去撞一下 你看看你家油车会不会自动开门,1
2025/4/2 12:11,我每次上车就把自动刹车关了，我觉得真的蠢[看],1
2025/4/2 12:11,一直不喜欢智驾，不知道为啥那么多人舔，这成本堆料在音响和纳帕皮不知道多香,1
2025/4/2 12:11,别洗了  真看不惯,1
2025/4/2 12:11,[看]有多快，跑100迈你敢打那车吗。,0
2025/4/2 12:11,至少人家还说了句实话，除了雷军还有谁说过电池的问题和智驾的局限？,0
2025/4/2 12:11,卖车时好像不是这么宣传的,1
2025/4/2 12:11,现在所有的智驾都是辅助驾驶，别拿自己生命来赌,0
2025/4/2 12:11,事实就是华为起的头，把智能驾驶给神话了,0
2025/4/2 12:11,主要是爆燃，97公里不一定会死[捂脸],0
2025/4/2 12:11,辅助你开车，很难理解吗,0
2025/4/2 12:11,谁说车门打不开的？？？官方结果出来了吗你们就瞎造谣。,1
2025/4/2 12:11,别人是开车玩手机，方向盘都不摸下，定速巡航只是不换挡[捂脸],0
2025/4/2 12:11,只有奔驰是L3,0
2025/4/2 12:11,我的车一直有智能驾驶，但这么多年来我一直没用过，我只相信我自己,0
2025/4/2 12:11,那就别说智驾，就说辅助驾驶,0
2025/4/2 12:11,本来就是[尬笑]开车的是人，智驾只能算辅助，你开高速还松手让ai开，[尬笑][尬笑][尬笑][尬笑][尬笑][尬笑][尬笑],0
2025/4/2 12:11,油车撞了一样起火,0
2025/4/2 12:11,他们瞬间移动去开门了 没打开啊 当然知道,0
2025/4/2 12:11,雷老板多次倡议不要脱手，安全驾驶,0
2025/4/2 12:11,相信自己，不要把生命交给他人掌控！,0
2025/4/2 12:11,谁的小米酥妻要跟我换，我的是五菱,0
2025/4/2 12:11,高速上开的慢的也害怕。正常速度行驶，保持前后车的正常距离。才是最安全的。驾驶员需要认真开车，不要完全依靠智能驾驶或者耍手机这些。,0
2025/4/2 12:11,你手机只能打电话吗？其他啥也不能干吗,1
2025/4/2 12:11,不能,0
2025/4/2 12:11,但是大多数人都是认为智驾是可以脱手的那种[捂脸]，说到底是对自己安全的不负责任,0
2025/4/2 12:11,所有的车都有安全隐患,0
2025/4/2 12:11,今年l3就出来了。。。看看有几家可以上,0
2025/4/2 12:11,阅读理解天花板[捂脸],0
2025/4/2 12:11,余大嘴是什么都敢说，神棍。,1
2025/4/2 12:11,我年前就是光看倒车影像把人家的镜子撞烂了，天太黑了当时，也没注意,0
2025/4/2 12:11,因为你的智能驾驶只能和特斯拉水平差不多所以你一直不吹智能驾驶，只吹速度。[坏笑],1
2025/4/2 12:11,雷总早就提醒过,0
2025/4/2 12:11,不点开评论都知道答案了[展开说说],0
2025/4/2 12:11,我还以为是其他车企在抵制小米,0
2025/4/2 12:12,本人很想半价入手一台准新的小米su7，有卖的吗？,0
2025/4/2 12:12,懒人功能嘛[捂脸][捂脸],0
2025/4/2 12:12,机械门拉手你是一点也不提啊,1
2025/4/2 12:12,我出5万[奸笑],1
2025/4/2 12:12,大家买了后怕的我10w收了，有多少收多少,1
2025/4/2 12:12,收购一辆小米汽车10w,0
2025/4/2 12:12,[捂脸]为啥要带个铺助驾驶，选择自动驾驶就证明生命由智驾拿捏,1
2025/4/2 12:12,理论上，后排没有寄安全带97速度是撞昏沉了,0
2025/4/2 12:12,说实话网络广告真的很夸张，所以好多年前人都被洗脑了……,0
2025/4/2 12:12,没人敢保证，[大笑],0
2025/4/2 12:12,谁家车门撞变形了能打开啊[捂脸],0
2025/4/2 12:12,你是车上当事人吗？这么清楚[尬笑],1
2025/4/2 12:12,你看看哪个电车企业发布撞击实验的[耶],0
2025/4/2 12:12,你应该开车还原一次,0
2025/4/2 12:12,国外好像真有l3，就是不如l2.5,0
2025/4/2 12:12,趁现在入手[看],0
2025/4/2 12:12,高科技会灰灭人类。,1
2025/4/2 12:12,[噢买尬],0
2025/4/2 12:12,油车那个速度也很难保证不着火吧,0
2025/4/2 12:12,哥们，97码，啥车正面碰撞你都活不了,1
2025/4/2 12:12,智驾和人驾混合的时代车祸还会越来越多,0
2025/4/2 12:12,本来就是辅助驾驶，这视频是雷军以前拍的，一开始就是一直在讲不要依靠辅助驾驶,0
2025/4/2 12:12,电车就是一个定时炸弹，随时爆炸,1
2025/4/2 12:12,电车比燃油车烧的快，因为电池只要烧到立马烧起来，而且扑不灭,1
2025/4/2 12:12,小米加油,0
2025/4/2 12:12,不脱手叫智驾？不是智驾你宣传说他是智驾干嘛？,1
2025/4/2 12:12,流量时代，流量车企,0
2025/4/2 12:12,我对折买,0
2025/4/2 12:12,阎王殿的电梯，奈何桥的无人渡舟，都应该交给雷总做,1
2025/4/2 12:12,这就夸张了，倒车可以看后屏显！雷达就不好说了,0
2025/4/2 12:12,你看到为什么你不说，怪你[笑哭],1
2025/4/2 12:12,所谓的智驾:就是个人自已多动脑多动手的自已驾驶,0
2025/4/2 12:12,关键不是这个问题，关键为什么会起火？,0
2025/4/2 12:12,误解？不是车企宣传的吗？说啥啥啥智能，现在出事了就辅助驾驶了[捂脸],1
2025/4/2 12:12,大冤种们别被雷总骗了，就是非常不安全，已经提车的车主也不要沮丧，我愿意出一万巨资回收,1
2025/4/2 12:12,相信特斯拉会突破,0
2025/4/2 12:12,所有的车企都没法100%给你保证,0
2025/4/2 12:12,你问问那些油车车企，他们敢打包票说100码撞车能不起火吗[看],0
2025/4/2 12:12,不要乱下定论,0
2025/4/2 12:12,辅助驾驶不是自动驾驶，自动驾驶还买车干嘛？驾驶乐趣没有了，出门还不如打车。,0
2025/4/2 12:12,我开了也是紧握方向盘,0
2025/4/2 12:12,[捂脸]托梦给你说的？,1
2025/4/2 12:12,现在问电池为啥着火，是烧死的。,1
2025/4/2 12:12,还未证实打不开，莫造谣，等待真相,0
2025/4/2 12:12,油车撞了也可能起火,0
2025/4/2 12:12,97速度的车祸起火不起火差别大吗[微笑],0
2025/4/2 12:12,通过流量赚眼球,1
2025/4/2 12:12,证明自驾不可靠,1
2025/4/2 12:12,没看到公告吗，第一时间就拨通了[绝望的凝视],0
2025/4/2 12:12,不能脱手，那不是和自己开一样啊？,0
2025/4/2 12:12,雷总说的对！不能脱手，可偏偏网友脱了手,1
2025/4/2 12:12,只怪华为智驾做的太好，导致大家对其他厂家期待太高,0
2025/4/2 12:12,人家宣传的时候都说了这是辅助驾驶，不能脱手这是法规要求，要不不属于安全驾驶范畴！,0
2025/4/2 12:12,那智能驾驶有什么用,0
2025/4/2 12:12,哈？不是联系保险公司吗，保险定责了早说,0
2025/4/2 12:12,你懂车的结构吗，氓夫，,1
2025/4/2 12:12,还是华为质量好，小米质量堪忧，需要继续打磨产品，虽然我现在在湖北雷军老家，和他是老乡，但是用了华为的产品，没有出过任何问题[赞],0
2025/4/2 12:12,我想问一下，开车上高速容易打瞌睡，除了红牛和东鹏特饮，还有什么可以提神[流泪]。我 假期想和朋友们自驾玩[比心][比心],0
2025/4/2 12:12,你的算盘??珠子都掉我这边啦[看],0
2025/4/2 12:12,想问问武汉的无人驾驶还在跑吗？[捂脸],0
2025/4/2 12:12,不难啊  哪有张嘴说容易  觉得简单你去做不就行了,1
2025/4/2 12:12,行吧，我理解错了，大嘴巴子扇我自己。,0
2025/4/2 12:12,0百只需2秒多，没事纽北跑个速看看，以前是没事跑个分对比一下，现在是没事纽北跑个速对比一下,0
2025/4/2 12:12,好搞笑,0
2025/4/2 12:12,"那没有驾驶员出事情算公司的。
你在车上，是驾驶员，",1
2025/4/2 12:12,每个车企都应该推出，不扶着方向盘不能开启智驾功能[泪奔],0
2025/4/2 12:12,不报警吗？我媳妇那车手离开一会就报警,1
2025/4/2 12:12,那智驾说白了就是没用,1
2025/4/2 12:12,人们捧的时候捧，踩的时候踩死,1
2025/4/2 12:12,油车撞了也有爆炸的。只要安全驾驶，啥车都差不多,0
2025/4/2 12:12,那为什么无人驾驶可以上路？,0
2025/4/2 12:12,智驾不是无人驾驶啊，别动不动就放手,0
2025/4/2 12:12,智能驾驶这件事就不该推广，也不应该普及,0
2025/4/2 12:12,15年的驾龄，从来没相信过智驾，现在开的理想L8，智驾老感觉这个不靠谱，和我的驾驶习惯不一样，开这智驾老精神了，还没自己开放松??,0
2025/4/2 12:12,厂家的宣传标语：2.99级智驾；媲美L3级别；自研L4级智驾,0
2025/4/2 12:12,是药三分毒 也别生产了 有安全隐患 食物可能会把人噎死 也别吃了 有安全隐患 人可能会犯罪 也别活了 有安全隐患,1
2025/4/2 12:12,[不失礼貌的微笑]人家的是辅助驾驶，啥时候变成自动驾驶了,0
2025/4/2 12:12,你自己为了那个数据亮眼。一定要做到行业第一，太高了加速，对于一些年轻人安全一定是存存在隐患的,1
2025/4/2 12:13,什么车能保证撞了不起火，说出来看看,1
2025/4/2 12:13,你拿你的油车去试试，看看是不是洗白[暗中观察],1
2025/4/2 12:13,说的对，有些人装逼，开车都不摸方向盘[捂脸],1
2025/4/2 12:13,雷总都说了，只是辅助驾驶。不是让你们的手离开方向盘，去干别的事情。,0
2025/4/2 12:13,对啊她还聊天，注意力不集中,0
2025/4/2 12:13,说不定脖子都断了,1
2025/4/2 12:13,以前经常开高速夜路，我记得每次前面有修路的时候都能提前挺远就看到立着的警示牌，有时连着好几个牌，然后开始减速提起精神，如果不做准备，别说辅助驾驶，就算完全自己开，乌漆麻黑的也很难反应过来,0
2025/4/2 12:13,l5才能称自动驾驶，l5以前的都只能称辅助驾驶，小米汽车目前是l2辅助驾驶,0
2025/4/2 12:13,最好的法子就是有人跟你聊天,0
2025/4/2 12:13,你是哪方请的呀，这么熟悉事情的详细经过，必定是亲生经历过吧,1
2025/4/2 12:13,洗不白了，呵呵,1
2025/4/2 12:13,那些都是现场怪，参与救援了[看],0
2025/4/2 12:13,干哈呢，你礼貌吗，跷什么价了，讨厌[捂脸],1
2025/4/2 12:13,现在才说辅助驾驶，发发布会的时候说了什么,1
2025/4/2 12:13,智商为0你是，我好心给你科普下，那不叫自动驾驶，那叫辅助驾驶，缓解部分劳累，不是特殊场景下，缓解司机疲劳，任何一个技术从应用到成熟都需要不断进步，而你永远是底层,1
2025/4/2 12:13,倒车倒是可以,0
2025/4/2 12:13,槟榔,0
2025/4/2 12:13,一个组装手机的公司，资金这么充足，硬件不谈，软件这么多年了，没搞出自己完全自主的东西，连最基本的手机系统流畅度都被友商秒杀，空调、冰箱、洗衣机、甚至圆珠笔都有，结果愣是一个行业领先的都没有，这种企业突然憋个车出来了，好坏自辩，我就看看不说话[看],1
2025/4/2 12:13,换人开,0
2025/4/2 12:13,带个男朋友,0
2025/4/2 12:13,车位窄小自动泊车，高速行车缓解疲劳(智驾比自己开更紧张要盯着），哨兵模式防止意外划伤，科技不要进步？几十亿人坐吃等死，等着被别人啪啪打脸？,0
2025/4/2 12:13,哈皮。还不如让车子自动刹车，,0
2025/4/2 12:13,反正大半夜高速，我自己都不敢开到120，然后还开智驾脱手，除非我不要命了,0
2025/4/2 12:13,看撞击力度吧，撞的轻基本没事，撞的严重的话，造成动力电池短路，电能无法释放，温度越来越高，就会燃起来,0
2025/4/2 12:13,这不是洗白，开不开车都知道，手不能脱离方向盘，这个总没有人反对吧。,0
2025/4/2 12:13,买瓶装咖啡,0
2025/4/2 12:13,同意,0
2025/4/2 12:13,高速那速度什么车也没用啊！油车撞上也活不了,1
2025/4/2 12:13,这算盘打的崩我一脸啊,1
2025/4/2 12:13,借车的人有责任没？？？,0
2025/4/2 12:13,要溯源，找矿厂,0
2025/4/2 12:13,服务区睡觉,0
2025/4/2 12:13,雷总，中国最地道的企业家,0
2025/4/2 12:13,悬梁刺股[看],0
2025/4/2 12:13,让对象看你手机,0
2025/4/2 12:13,给我怕。水军东西,1
2025/4/2 12:13,智能驾驶代替不了人工,0
2025/4/2 12:13,你对车一看就不懂，油车也照样会着火，你搜搜保时捷前段时间着火的视频。,1
2025/4/2 12:13,那就别出这个功能，瞎BB,1
2025/4/2 12:13,我,0
2025/4/2 12:13,请实名发送这条言论，并保证承担法律责任[看],1
2025/4/2 12:13,开车一个人更安全，三个女人一台戏开车时容易分心,1
2025/4/2 12:13,换着开,0
2025/4/2 12:13,2.9999约等于3的那家吗[捂脸][捂脸][捂脸],0
2025/4/2 12:13,[发呆]再等5年吧,0
2025/4/2 12:13,开车不能看手机分心！有次朋友边开边看手机差点撞！太危险！,0
2025/4/2 12:13,用智驾的都是菜逼,1
2025/4/2 12:13,找个帅哥坐副驾驶[比心],0
2025/4/2 12:13,都在纠结门打不开，命是自己的，TM自己安全自己不负责啊,1
2025/4/2 12:13,油车死的人是最多的,1
2025/4/2 12:13,路段复杂，我觉得不太可能实现完全无人自动驾驶,0
2025/4/2 12:13,着火几率比油车大   一撞就着火那到不至于,0
2025/4/2 12:13,定速巡航可不是辅助智能驾驶,0
2025/4/2 12:13,奶茶,0
2025/4/2 12:13,人家是让你轻松一点，这个有什么不能宣传的？再说人家后面也说了呀，你自己脱手八分钟,0
2025/4/2 12:13,应该找秦始皇[看],0
2025/4/2 12:13,反正他不看[捂脸][捂脸],0
2025/4/2 12:13,电车基本着火，油车有几率,0
2025/4/2 12:13,出租车不是早就有全程无人驾驶了吗？,0
2025/4/2 12:13,要么换着开，要么休息一下，哪有什么真能让你提神的，[衰],1
2025/4/2 12:13,不起火她也好不到哪里去,1
2025/4/2 12:13,这是辅助智驾 不是智驾,0
2025/4/2 12:13,交警都没定性，你怎么知道是撞死的还是烧死的[抠鼻],1
2025/4/2 12:13,你以为是黑匣子啊！,1
2025/4/2 12:13,睡好再开,0
2025/4/2 12:13,有没有不要的，我便宜十万收一台[送心],0
2025/4/2 12:13,那为什么叫智能驾驶不叫辅助驾驶,0
2025/4/2 12:13,[笑哭][笑哭][笑哭],0
2025/4/2 12:13,车撞到东西着火不是很正常吗[尬笑][尬笑][尬笑][尬笑],0
2025/4/2 12:13,[赞]把自己的生命交给系统最不要命！,1
2025/4/2 12:13,哪个厂家生产的刀找他？[捂脸],0
2025/4/2 12:13,报告出来了吗？烧死的？烧死前人清醒着没？,1
2025/4/2 12:13,哎，现在那些小年轻开车像开飞机，不管什么车规规矩矩开，出事极少数[抠鼻],0
2025/4/2 12:13,10万收小米 ，在线回收,0
2025/4/2 12:13,辅助驾驶是有时人没反应过来，辅助用的,0
2025/4/2 12:13,是撞死的。救出来一个也没活,1
2025/4/2 12:13,自动驾驶不脱手那还叫自动驾驶嘛，那搞那个功能干嘛，其实没必要搞自动驾驶这个功能[捂脸],0
2025/4/2 12:13,大嘴就不会这么说,1
2025/4/2 12:13,你是看不懂中文吗？这是自动驾驶吗？别人一直说辅助驾驶,1
2025/4/2 12:13,把你手机给你老公玩,0
2025/4/2 12:13,就别说智驾了好吧，以前油车自适应导航也有，为什么很少人用，因为别人从来不吹这个厉害,0
2025/4/2 12:13,累了就在服务区休息,0
2025/4/2 12:13,副驾驶放一罐花生油，起火的时候浇到电池那里，比什么灭火器都有用,1
2025/4/2 12:13,只能让我坐副驾驶了,0
2025/4/2 12:13,这个早了，车企负责任的,0
2025/4/2 12:13,人家说其他车也有可能 会[绿帽子],1
2025/4/2 12:13,什么车都可以买，是大家开车要注意安全，遵守交通规则，敬畏生命！自己不爱惜，谈其他理由干嘛，再好的配置和智能都是没有生命的工具而已。,0
2025/4/2 12:13,以后买车后还要培训通过后才能开走吧,0
2025/4/2 12:13,爆酸柠檬糖[呲牙]一进嘴就流口水的那种，包不困的,0
2025/4/2 12:13,用手就没必要辅助了，这些功能本来就是鸡肋。车最主要就三大件和安全性。有个影像倒车雷达就好了，其他都没什么用,0
2025/4/2 12:13,雷军：我也不知道啊 我只负责组装工业垃圾，电池是比亚迪的 要不你去问问王传福[捂脸],1
2025/4/2 12:13,买辆车开一下就知道了，双手离开方向盘一会儿就会有警报,0
2025/4/2 12:13,是的，不着火就不会发烧交通事故，不会撞上石墩！,1
2025/4/2 12:13,我昨天刚回来，累的胯骨疼，多找几个人开车吧[捂脸][捂脸],0
2025/4/2 12:13,别说屁话了，自动泊车是不是属于智能驾驶？你自己不是下车以后使用自动泊车的吗？你敢保证自动泊车不会撞人撞车？那无人驾驶车又是怎么上路的？,1
2025/4/2 12:13,人家雷总已经说的很清楚了[666],0
2025/4/2 12:13,牙缝里卡点肉,0
2025/4/2 12:14,嗯嗯  不论多智能安全还是要自己把握好   不能过于盲目相信系统,0
2025/4/2 12:14,所以那些开车用智驾一觉醒来到家了，觉得智驾很牛逼，但是请记住但凡有一次你就没有下一次机会了。现在就是用智驾不出事皆大欢喜，除了事就是车的问题，从不考虑自己驾驶有没有问题。,0
2025/4/2 12:14,97别说撞了，翻车也会,1
2025/4/2 12:14,雪花，青岛,0
2025/4/2 12:14,牛肉干 吃一口可以扣100公里,0
2025/4/2 12:14,？,0
2025/4/2 12:14,确实智驾好用，但不能脱方向盘，脚也要时刻埃在刹车上。有问题可以随时接管。,0
2025/4/2 12:14,我是喝咖啡   感觉不错  平时不喝 就开车喝,0
2025/4/2 12:14,困了就上服务区，睡一会儿就精神了。或者换着开,0
2025/4/2 12:14,为啥，因为高速碰撞，几百万的法拉利超速也得死人,1
2025/4/2 12:14,哈哈,0
2025/4/2 12:14,带点苦瓜  困了吃一口  浑身发抖真的有用,0
2025/4/2 12:14,休息好再出发，感觉累了就停在服务区下来走一走，不要疲劳驾驶，性命安全大于一切,0
2025/4/2 12:14,你前段话说的什么？根本看不懂,1
2025/4/2 12:14,你那是真的L2级别辅助驾驶[不失礼貌的微笑][不失礼貌的微笑][不失礼貌的微笑]别人是受限于法规，L3牌照没法放才写的L2[微笑][微笑][微笑],0
2025/4/2 12:14,不要完全相信智驾,0
2025/4/2 12:14,我亏点三万,0
2025/4/2 12:14,找个人轮着开，功能饮料喝了该困还是困,0
2025/4/2 12:14,上路也得是特定路段啊,0
2025/4/2 12:14,市区好一点，高速一撞就是大事,0
2025/4/2 12:14,撞到车的心脏了,1
2025/4/2 12:14,可以稍微眯一会，老清醒[看],0
2025/4/2 12:14,无人驾驶如何说,0
2025/4/2 12:14,萝卜是固定线路。,0
2025/4/2 12:14,找个老司机当备胎[泪奔],1
2025/4/2 12:14,喝啥都没用，开长途看的是副驾。副驾的人千万不能睡，而且还得跟开车那个人一直说话,0
2025/4/2 12:14,发布会上可不是这样说的哟，我记得发布会上宣传都让米粉嗨大了，那个激动[捂脸][捂脸][捂脸],0
2025/4/2 12:14,晚上上高速，车速这么快，有哪个老司机会把方向盘交给车机，脱手不握方向盘就是罪魁祸首,0
2025/4/2 12:14,能，一百速度AB柱都没变形。最弱的是驾驶员,1
2025/4/2 12:14,亲爱的小米车主，如果你害怕，我愿意出一万块钱购买[看][看][看],1
2025/4/2 12:14,行车不规范，亲人两行泪，不管开什么车都要规范行驶,0
2025/4/2 12:14,智能驾驶的意义是什么？,0
2025/4/2 12:14,口味王槟榔[看],0
2025/4/2 12:14,在,0
2025/4/2 12:14,不是，100码你就算是油车也撞的漏油爆燃了吧[裂开],1
2025/4/2 12:14,无人驾驶到底是利还是弊呢有了无人驾驶好像人们开车都依赖无人驾驶了,0
2025/4/2 12:14,这次我支持小米,0
2025/4/2 12:14,为啥,0
2025/4/2 12:14,那你得问宁德时代,0
2025/4/2 12:14,辅助驾驶 辅助啥了请问？,1
2025/4/2 12:14,认真上课，朋友们,0
2025/4/2 12:14,就算是L3级，对道路有智能驾驶要求的，不是所有道路都可以,0
2025/4/2 12:14,辅助驾驶功能到国产车就变成智驾了，我看是智商税。,1
2025/4/2 12:14,既然这样，有个毛用，什么叫辅助驾驶，辅助驾驶有什么用？[捂脸][捂脸],1
2025/4/2 12:14,招笑,1
2025/4/2 12:14,我们开高速，我全程都不敢闭眼的，那个很危险的,0
2025/4/2 12:14,他有宣传电池不会着火吗,0
2025/4/2 12:14,[暗中观察]花钱买教训,1
2025/4/2 12:14,这是洗白吗,1
2025/4/2 12:14,我感觉就是，这功能不能用，为什么要设计出来？如果你把这个功能设计出来，难道是摆设吗？为了多赚一点老百姓的钱吗？显示这个车有多高级多好的功能，这只是我个人的感觉,1
2025/4/2 12:14,人家是眼睛看前面了[捂脸],0
2025/4/2 12:14,因为很怕死，过马路我都得走在人后面，不会第一个过[捂脸],0
2025/4/2 12:14,全称知道是什么不就喷？全称叫智能辅助驾驶。,1
2025/4/2 12:14,你是美女就找个帅哥一路你是帅哥，就找个美女一路。一路上又说又笑。就不打瞌睡了。比红牛白牛比东鹏还朋友。,0
2025/4/2 12:14,那就不要拿这个当噱头来卖车 ，人性是有惰性跟侥幸心理的。,0
2025/4/2 12:14,希望大家，买了电车以后，多为自己上几份保险,1
2025/4/2 12:14,掐自己大腿[看],0
2025/4/2 12:14,不要听风就是雨 等调查结果！ 不用负责任就可以乱说？,0
2025/4/2 12:14,先去检查检查身体看看是不是血糖血脂之类的高，,0
2025/4/2 12:14,别坐不就行了[尬笑],0
2025/4/2 12:14,你试一下就知道了啊,0
2025/4/2 12:14,电池受到撞击，电池破损着火，油车撞击有的还爆炸着火,0
2025/4/2 12:14,叫你读书你非要去种地瓜。,1
2025/4/2 12:14,一样的，m7一样也烧死过人，劝你不要在高速用智驾。虽然我车有智驾，但我从来没用过，只相信自己的黄金右脚,0
2025/4/2 12:14,你让别人告诉你有些人怎么误解？别人怎么回答你？有些人也跑应急通道呀？他们也是误解了？又说肯定吹牛逼？怎么肯定？法律法规在哪里摆着，你要违反谁拦得住你？,1
2025/4/2 12:14,买个特别干的肉干，吃一点卡牙缝里，你能扣一天[泪奔][泪奔],0
2025/4/2 12:14,还有,0
2025/4/2 12:14,让你男朋友或者你老公一直在旁边翻你手机,1
2025/4/2 12:14,就是她脱手方向盘！来不及打盘才撞！然后起火！,1
2025/4/2 12:14,非常中肯[赞][赞][赞],0
2025/4/2 12:14,啥车都要相信自己的脚手眼  别动不动就依赖自动驾驶模式,0
2025/4/2 12:14,发布会的PPT可不是这样说的,1
2025/4/2 12:14,无人驾驶老板敢不敢坐自己生产的车呢,0
2025/4/2 12:14,辅助就辅助，非要说智能驾驶，到了门店就跟你说是无人驾驶，牛B吹了，车卖了，钱赚了。从来都是往大了宣传，诱导性十足,1
2025/4/2 12:14,买29.9的就对了[看],0
2025/4/2 12:14,我建议还是请个顶级司机比较好,0
2025/4/2 12:14,修路啊，反应速度取决于你的状态啊，你专心开车两秒可以操作很多，你自己刚刚接管汽车两秒你能做多少事，按照四秒算你四秒可以进入操作状态吗[捂脸],0
2025/4/2 12:14,小米：完了冲我来的。要是特斯拉就没事了,1
2025/4/2 12:14,坏人坏人。少吃槟榔。多吃冰糖。,1
2025/4/2 12:14,智驾就是噱头，就是为了广告宣传卖车而已,1
2025/4/2 12:14,"小米撞了这么多，这是第一起烧了的。
之前有个向下喷火",1
2025/4/2 12:14,玩抖音就好了[捂脸],0
2025/4/2 12:14,不要盲目相信智驾，如果手动驾驶可能不会发生这次事故。,0
2025/4/2 12:14,小米是无人驾驶么[尬笑],1
2025/4/2 12:14,在啊,0
2025/4/2 12:14,销售的时候，吹得神乎其实，现在人都以为是真的，[捂脸],1
2025/4/2 12:14,所以她把辅助认为成智驾是可以脱手的那种，真的是胆子大也，不多说，好多杠精,1
2025/4/2 12:14,比亚迪王传福说的话含金量还在上升,0
2025/4/2 12:14,口味王啊,0
2025/4/2 12:14,撞上了啊，不管哪一家的车，不论油车还是电车都可能着火，还记得去年校车被撞起火烧死几个小朋友的事吗？,1
2025/4/2 12:14,所以风向变了，小米智驾也是一样的没有啥不一样的,0
2025/4/2 12:14,想吐,1
2025/4/2 12:14,可以生产不建议购买[捂脸],0
2025/4/2 12:14,买个坦克开好了！,1
2025/4/2 12:14,雷总也没像大嘴说的上车就睡觉吧？,0
2025/4/2 12:15,紧急避险,0
2025/4/2 12:15,"辅助驾驶就应该指令判断有人下发，主体操作是人完成。拐杖是辅助行走的，定速巡是辅助驾驶的。那种能够自主驾驶而又要人搭个手的就是为了产品噱头的而又规避风险的挂羊头卖狗肉。非常容易让用户产生错觉和依赖,期望早日国标能规范辅助驾驶的范围",0
2025/4/2 12:15,智驾是智驾没问题，为什么会燃爆，这个很重要，一是燃爆时间还有机械车门。都撞晕了，五分钟难免时间有点危险，油车这种事故会怎样，值得深思，生命可贵，安全第一[感谢],0
2025/4/2 12:15,丰田车的系统几乎非常成熟，自动刹车很强大，智能辅助驾驶很强大，电车几乎没有一台起火，,0
2025/4/2 12:15,年轻人喜欢智能驾驶，特别是女孩子。前段时间不是有个女博主，高速开智能驾驶，自己躺平看电视，这种完全是误导。,1
2025/4/2 12:15,把手机借男朋友玩,0
2025/4/2 12:15,槟榔,0
2025/4/2 12:15,找张小泉啊[舔屏],0
2025/4/2 12:15,我出10万,1
2025/4/2 12:15,去年想换车，老公一心要问界m9.他还去试驾了，我一听电车我就反对，我就是不要电车，到底还是换了油车，不过油车也有智能驾驶，销售也说了，智能驾驶只能辅助，方向盘还是握在自己手里比较靠谱。,0
2025/4/2 12:15,你还知道是电池哟[捂脸],0
2025/4/2 12:15,电车的通病,0
2025/4/2 12:15,叫你朋友提前一天吃豆子，然后[尬笑][尬笑][尬笑]你懂得,1
2025/4/2 12:15,都是辅助驾驶,0
2025/4/2 12:15,确定不是找挖铁矿的老板？,1
2025/4/2 12:15,有种开始洗的感觉了[泣不成声],1
2025/4/2 12:15,那是，总得有人为这个买单，不然消费者都不敢买[不失礼貌的微笑],0
2025/4/2 12:15,最好的是两个司机换着来,0
2025/4/2 12:15,驾驶技术有待提高，不要盲目靠智能技术,0
2025/4/2 12:15,打自己脸。,1
2025/4/2 12:15,我double[看],0
2025/4/2 12:15,智驾就是智商税。,1
2025/4/2 12:15,不是高速,0
2025/4/2 12:15,买车去4s店   抖音不卖车,0
2025/4/2 12:15,主要智能不够智能，人才是最高的智能[看],0
2025/4/2 12:15,大嘴：可以睡觉[偷笑],0
2025/4/2 12:15,家人就好了,0
2025/4/2 12:15,高铁 飞机 轮渡 客运车辆 哪个不让你睡觉你投诉他[笑哭],0
2025/4/2 12:15,肯定是就事论事呀[捂脸],0
2025/4/2 12:15,关键你有了解过油车也有爆炸燃烧情况吗,0
2025/4/2 12:15,那个无人滴滴还在开吗,0
2025/4/2 12:15,开车两年了，从来没用过定速巡航，累了就休息，命要掌握在自己手里，机器终究是机器,0
2025/4/2 12:15,智驾是辅助，看不懂中国话？,1
2025/4/2 12:15,找国家[绝望的凝视],1
2025/4/2 12:15,即然不自动为何要安装，拿不成熟的技术用司乘人员的生命去实验，再说起火及车门打不开。,1
2025/4/2 12:15,爆炸起火，严惩小米，严惩雷军，严惩水军。爆炸起火，严惩小米，严惩雷军，严惩水军。爆炸起火，严惩小米，严惩雷军，严惩水军。,1
2025/4/2 12:15,车速100撞到就爆燃，可想而知，还是老老实实做手机吧[捂脸][捂脸]别做车来害人了，开小米的注意了[呲牙],1
2025/4/2 12:15,萝卜快跑算什么？[捂脸],0
2025/4/2 12:15,[宕机]电池起火原因有很多，那你为什么不等警方通报？不用时间的，警方都还未通报，小米能查得出来？,1
2025/4/2 12:15,开电车非常提神，如果大意了直接飞升,1
2025/4/2 12:15,不能用，不敢用，不放心用，那花钱买那功能又有什么意义呢，装十3吗,1
2025/4/2 12:15,不是为什么要去做这个功能？？？？大家都知道什么？科技就不叫科技了[捂脸][捂脸][捂脸],1
2025/4/2 12:15,是的，定速巡航我都不怎么敢用，好几年前有个用定速巡航的，后来取消不了一直120开出了收费站，吓死人,0
2025/4/2 12:15,(￣～￣)嚼！槟榔提神,0
2025/4/2 12:15,你猜猜为什么不让电动车上电梯，电池一旦短路燃烧起来只要几秒钟，而且难扑灭。油车撞了也会着火，相对于电车就会有更多的救援时间,0
2025/4/2 12:15,脑子是个好东西，有几个正常人会放心开启智驾,1
2025/4/2 12:15,现在好像没有无人驾驶能上高速吧,0
2025/4/2 12:15,一个老司机告诉你，服务区休息才是唯一的选择,0
2025/4/2 12:15,那是车的问题了吧,0
2025/4/2 12:15,你先去问问比亚迪,1
2025/4/2 12:15,因为定速巡航在网上看了好几起最后导致车辆失控，自打把车买上后第一件事就去检查定速巡航是否关闭！,0
2025/4/2 12:15,厉害了，两轮电动车我都不敢开定速巡航[抠鼻],0
2025/4/2 12:15,视频跟你讲了就是不听[捂脸],1
2025/4/2 12:15,前些天我刚把开了15年的北京现代卖了，换了一台17年的福特经典全顺长轴中顶，自重2.3吨，跑起来车稳，也踏实，关键才5万块钱，自用出去玩都可以,0
2025/4/2 12:15,这题我会：刀没有自动避开你的手指,1
2025/4/2 12:15,喝的都不管事。 不如吃东西[呲牙][呲牙][呲牙],0
2025/4/2 12:15,我连自动挡都不信任，只会开手动挡[呲牙],0
2025/4/2 12:15,建议大家开电车，一定要在车上，必须备用一个破窗锤，或者可以随时可以用来，打开车窗的斧头，个人建议，在提醒大家电车一旦着火，千万不要去企图去救火，是徒劳的，消防兵都救不了，何况你一人之力，首先要自救车内的人员，然后远离车辆，第一时间报警[比心],0
2025/4/2 12:15,自相矛盾,1
2025/4/2 12:15,[看]相当于有个AI助手帮你识别道路情况,0
2025/4/2 12:15,误导？他们是不识字还是咋的，辅助这两个字都不认识了吗？辅助驾驶是让你开车更轻松并不是解放你的双手，难道让你开车更轻松更安全这点不值得反复宣传吗[看],1
2025/4/2 12:15,我一个老司机跑高速，白天前面没车我才敢开自适应巡航，而且脚一直在刹车上，双手不离方向盘，双眼紧盯前方，就怕有突发情况，晚上开车绝对不开自适应巡航，车速绝对不超过100，就怕有突发情况反应不过来，晚上开117，还智能驾驶，双手离方向盘，上帝来了也害愁，这种人只能中午开车，早晚出事,1
2025/4/2 12:15,所以[捂脸],0
2025/4/2 12:15,发这个一条多少钱？我也想干。我已经看到好多美女头像发这条消息了。,1
2025/4/2 12:15,[抠鼻]大学生 拿驾照三年 车还不是自己的 实际驾驶经验还不到一年吧 而且突发情况还是晚上 估计自己都反应不过来,0
2025/4/2 12:15,突发的紧急情况，比如你突然肚子疼，或者孕妇生娃暂时失去开车的能力，这种可以辅助,0
2025/4/2 12:15,当身体预警时，就去服务区休息下，是去旅游，不是去赶路，人平平安安的，路上皆风景。,0
2025/4/2 12:15,有一款薄荷糖，真的太提神醒脑了[赞],0
2025/4/2 12:15,电车撞击看程度和电池类型，不是基本会着火,0
2025/4/2 12:15,开车信智驾的都是这个[赞]懒到不想自己开了，你直接打车不行嘛[赞],1
2025/4/2 12:15,建议你不要开车，不然迟早都要挂墙上,1
2025/4/2 12:15,小米这是定速巡航，给tsl早拐弯了,1
2025/4/2 12:15,acc叫了很多年没啥事，为啥突然要叫智驾？没思考原因？,0
2025/4/2 12:15,自己掐自己大腿肉[捂脸],0
2025/4/2 12:15,雷总说的太对了，智驾是辅助使用，而不是搞来乱搞一套[赞],0
2025/4/2 12:15,做汽车的都在颤抖[捂脸],0
2025/4/2 12:15,把手机给朋友看，看你的朋友圈和抖音评论[微笑],0
2025/4/2 12:15,你告诉我这个是不是误导？是不是吹牛逼？,1
2025/4/2 12:15,换老司机开,0
2025/4/2 12:15,智驾和智驾还是有很大区别的，目前只相信华为,0
2025/4/2 12:15,带个丑男就行了,1
2025/4/2 12:15,还是红牛这类功能饮料好。咖啡提神是属于消耗性的提神，功能饮料是补给性的提神。不考虑心跳等身体反应，办公室里咖啡喝一喝还是不错的。开车本来就不该勉强，累了就去休息，休息好再出发更安全。,0
2025/4/2 12:15,好的，收到[感谢],0
2025/4/2 12:15,人家是智驾啊不是超智驾驶，没那么智能的，一个个都不知道咋长那么大的，常识啊，天天网都白上了嘛,1
2025/4/2 12:15,哈哈哈哈哈@elf（倒拔鲁智深版） 今天2.9明天2.99后天2.999无限接近L3,0
2025/4/2 12:15,后视镜视距不准的，也一样观察不好，而且倒车速度都慢就算撞上了，最多就是刮碰，能有啥大事。[捂脸][泪奔],0
2025/4/2 12:15,装逼,1
2025/4/2 12:15,那你去问国家为什么同意,1
2025/4/2 12:16,那是萝卜快跑,0
2025/4/2 12:16,我出两万[捂脸],0
2025/4/2 12:16,小米事故加速汽车行业使用固态电池进程,0
2025/4/2 12:16,"你很饿
但是在你眼前放一个不能吃的馒头",0
2025/4/2 12:16,老雷这个级别的人物，法律法规方面的事，他想不到的，一大帮专业人士早已帮他想的明明白白透透彻彻！,0
2025/4/2 12:16,对，一天都在抖音为军解释，不晓得以为我是水军，其实不是,0
2025/4/2 12:16,我现在连倒车影像都不全信，都是以后视镜为主，倒车影像为辅[捂脸]万一影像画面卡顿了就撞了,0
2025/4/2 12:16,我觉得不要发明辅助驾驶。不要智驾,0
2025/4/2 12:16,97公里的撞击力，别说人了，河马来了都得晕[尬笑][尬笑][尬笑],0
2025/4/2 12:16,推上浪尖你想起这些保命原则了，平时被你那些最最遥遥都掩盖的无影无踪,1
2025/4/2 12:16,辅助  辅助  啥叫辅助还不懂吗[捂脸],0
2025/4/2 12:16,德云社相声,0
2025/4/2 12:16,带媳妇，在旁边看你手机[比心],0
2025/4/2 12:16,掌握的情况真实吗。不了解别瞎说哦,0
2025/4/2 12:16,驾驶员托梦给你说的打不开，还是你下去见她了？,1
2025/4/2 12:16,华为都不敢用自己的牌子的，老奸巨猾,1
2025/4/2 12:16,小米除了手机和电车 其他都是可以的,0
2025/4/2 12:16,哪个想卖的我出2万,1
2025/4/2 12:16,小米辣,0
2025/4/2 12:16,这不起诉制造刀的厂家[泪奔],0
2025/4/2 12:16,我两万,0
2025/4/2 12:16,正常，老司机都不会依赖，我一般倒车时看一眼后边有行人没有，其他都是靠后视镜。。,0
2025/4/2 12:16,智能驾驶还不是很成熟[捂脸],0
2025/4/2 12:16,使劲喝水就好了，一个服务区一下去,0
2025/4/2 12:16,人家都说得很清楚了，是智能辅助驾驶，是辅助，目前还没有达到这种可以放手自动驾驶的水平,0
2025/4/2 12:16,[赞][赞][赞],0
2025/4/2 12:16,现在只要热门电车出事故着火了 都一个吊样,1
2025/4/2 12:16,跟奔驰学习一下吧,0
2025/4/2 12:16,别说智驾了，电车系统和远程监控，都表示接受不了[暗中观察],0
2025/4/2 12:16,小米军费充足啊[赞][赞][赞],0
2025/4/2 12:16,华为的都觉得可以脱手,1
2025/4/2 12:16,自己的手才是自己的命,0
2025/4/2 12:16,海南军阀说过这个例子,0
2025/4/2 12:16,那是真勇啊,1
2025/4/2 12:16,既然是辅助驾驶为什么宣传的是智驾，就不应该叫智驾，宣传的时候就说辅助驾驶别在误导消费者了。,0
2025/4/2 12:16,你是一点都不看详细报告，人接管后开始乱打方向盘，导致车失控撞上护栏，你以为智驾自己往护栏撞啊？,1
2025/4/2 12:16,你看小米发的公告了吗  就说是人家智驾的问题[捂脸] 智驾当时发现前方有障碍时就开始减速了  过了一秒样子驾驶员接手开始打方向盘  要是她不接手说不定智驾还能救他呢,0
2025/4/2 12:16,只有华为的可以，其它就归类为其它了[灵机一动][灵机一动],0
2025/4/2 12:16,哪有怎么多为什么，好时千人舔倒时众人推,1
2025/4/2 12:16,不想要的 我愿意吃点亏回收,0
2025/4/2 12:16,在红牛和东鹏之间我选择了火车,0
2025/4/2 12:16,浓咖啡啊,0
2025/4/2 12:16,我亏点3.5,0
2025/4/2 12:16,智驾＝自动驾驶？,0
2025/4/2 12:16,现在的年轻人，吃饭都想让人喂，最好进车有人替他们开门[偷笑],1
2025/4/2 12:16,华为的L2.999999[看],0
2025/4/2 12:16,小米你在点我,1
2025/4/2 12:16,无人的目前应该上不了高速吧，无人的速度都不会太快，万一发生事故一般不会那么严重。,0
2025/4/2 12:16,哎呀，中国科技靠富婆[舔屏][舔屏][舔屏],1
2025/4/2 12:16,有些人总以为有了智驾就能撒手不管高枕无忧了，这样想就错了！智驾并不是万能的[抠鼻],0
2025/4/2 12:16,保姆就是辅助家庭，非要上升到女主人的作用就会出事了[呲牙],1
2025/4/2 12:16,@相思 @惜运迅 @懒羊羊当大厨 @满X星 @汐子 @XiXi [捂脸],0
2025/4/2 12:16,可能老司机习惯了看后视镜吧[捂脸][捂脸],0
2025/4/2 12:16,不仅在，而且还多[抠鼻],1
2025/4/2 12:16,来啦[泪奔],0
2025/4/2 12:16,不管多成熟都只是辅助驾驶,0
2025/4/2 12:16,早不开，晚不开，中午开最好[灵机一动],0
2025/4/2 12:16,车门打不开是你看见的吗？有确切证据证明打不开吗？还有，明明有一个救出来的（具体是抢救时候死的，还是救出来的时候就死了不清楚，不传谣）怎么到你这就是三个活活烧死了[尬笑]自己搞不清状况，还一张嘴别人都是水军，真搞笑[吐血],1
2025/4/2 12:16,还有自动启停。我上车一般都找来关掉，[泣不成声],0
2025/4/2 12:17,多少钱我也想赚,0
2025/4/2 12:17,直接取消智驾就好,0
2025/4/2 12:17,@九三93,0
2025/4/2 12:17,自己不惜命，开什么都没用,1
2025/4/2 12:17,等级不一样[看],1
2025/4/2 12:17,就带红牛就行，红牛是真的好使,0
2025/4/2 12:17,这锅小米不能背,1
2025/4/2 12:17,老公看你和闺蜜的聊天记录,0
2025/4/2 12:17,说得对，一直觉得智驾就是实验过程，也是促进科技发展促进经济的经历，喜欢体验新鲜的人再加上对安全没意识，太大意了。,0
2025/4/2 12:17,对，油车97公里撞上不起火,0
2025/4/2 12:17,[看],0
2025/4/2 12:17,你在车里？你怎么知道车门打不开了？,1
2025/4/2 12:17,那是因为小米在风口浪尖上,0
2025/4/2 12:17,车道偏离啊，追尾预警啊，自动刹车啊,0
2025/4/2 12:17,[赞],0
2025/4/2 12:17,你这样的公司害人，早日倒闭吧[呲牙],1
2025/4/2 12:17,高速用智能驾驶的是这个????,0
2025/4/2 12:17,还有老婆,0
2025/4/2 12:17,无人驾驶肯定没让你上高速，没问题吧？十个车祸九个快,0
2025/4/2 12:17,智能跟辅助不能相提并论(这两种表达完全是不同的意义，两种意思),0
2025/4/2 12:17,是谁在宣传智驾不用人驾，导致公众对智驾有误解的？,0
2025/4/2 12:17,找卖刀的[捂脸],1
2025/4/2 12:17,我还以为就我不干用，看见好多失灵,0
2025/4/2 12:17,为什么介绍时候不说智能辅助驾驶？,0
2025/4/2 12:17,吃口香糖,0
2025/4/2 12:17,那是城区滴滴，也是技术员在后台操控的，只是别人帮你开了而已！而且也是不能上高速的，只能低速在市区跑！,0
2025/4/2 12:17,不要着重提智能两个字。提了的话，就跟那个O添加，一号土鸡，有点类似。[捂脸][呲牙],0
2025/4/2 12:17,L2,0
2025/4/2 12:17,最好停下来休息一下，冷水洗一下脸,0
2025/4/2 12:17,不要那么卷，我免费收了[看],1
2025/4/2 12:17,开车多少年了就老司机了？,0
2025/4/2 12:17,茅台两斤下去,1
2025/4/2 12:17,我加两万[捂脸][捂脸][捂脸],0
2025/4/2 12:17,起火了哥,0
2025/4/2 12:17,困了换人开,0
2025/4/2 12:17,我当时试驾特斯拉的时候，销售要求松手，不用碰方向盘,0
2025/4/2 12:17,这些大老板的座驾有没有是电车的？,0
2025/4/2 12:17,电车撞了不一定起火，但是相比油车起火概率高了很多，油车起火的话有概率能灭掉，电车的电池起火出了上一次小米起火被灭了之外，在网上还没看见过电车电池起火能灭掉的，都是几分钟就烧了，电池一旦起火只能看着它把车烧光才灭,0
2025/4/2 12:17,隐藏门鎖是个垃圾没计,1
2025/4/2 12:17,辅助驾驶，智能驾驶，有差别吗？你玩文字游戏…别人要命,1
2025/4/2 12:17,以后就叫做智辅驾驶吧,0
2025/4/2 12:17,老技术汽车就不伤害生命吗，车能不能出事在于开车的人，不在于车有没有辅助,0
2025/4/2 12:17,可以设计:小艾，紧急刹车[抠鼻][抠鼻][抠鼻],0
2025/4/2 12:17,功能越多安全性越差，还是简单点好吧,0
2025/4/2 12:17,都一样,0
2025/4/2 12:17,如果一个人有黑点，他的黑点不会只有一个。雷军带着小米走到现在，没必要强黑,0
2025/4/2 12:17,给车上装上高配台式电脑，才行啊，必须算力拉满[尬笑],0
2025/4/2 12:17,我华为用了好多年，小米也用了好几年，我孩子用手机开始都是用的小米，我觉得都很好,0
2025/4/2 12:17,现在就是，没用,1
2025/4/2 12:17,是呀，这家除非是你在开的很累的时候，你可以让他稍微替一下你，而且时间不能过长，稍微休息一下，而不是完全依赖于他，说真的，如果完全依赖于他，就算是雷军自己来了，都得出车祸,1
2025/4/2 12:17,油车撞也会起火的，我家附近高速很多年前也是撞一家四口全烧死还是油车,1
2025/4/2 12:17,喝啥都不行，服务区眯一会儿哪怕十分钟,0
2025/4/2 12:17,智能辅助驾驶就没人说是l3基本的。好多人都自以为是l3。拖把驾驶,1
2025/4/2 12:17,什么车高速撞击变形之后车门都不好打开吧,0
2025/4/2 12:17,没带脑子出门吧,1
2025/4/2 12:17,各位买了小米车的，钱还可以赚，生命只有一次呀，让我来承担这份危险吧,1
2025/4/2 12:17,辅助就可以双手不在方向盘上吗，要是这样，那就不用考驾照了呗，让车自己开呗[赞],0
2025/4/2 12:17,我倒车影像主要是用来看停车线的。[偷笑],0
2025/4/2 12:17,不可能同时使用，脚踩刹车就人为接管了,0
2025/4/2 12:17,一直搅不困,1
2025/4/2 12:17,我就问你，90多的车速，你就算清醒，你确定你还能打开车门？挤都挤死了[看]有点脑子可以吗[看],1
2025/4/2 12:17,我米把智驾拉回地板[看],1
2025/4/2 12:17,不会，雷军不差几个小目标,1
2025/4/2 12:17,支持小米,0
2025/4/2 12:17,谁有S∪7要回收的，我五万回收！,0
2025/4/2 12:17,除了审批过的武汉的萝卜快跑，根本就没有民用无人驾驶汽车，他们都是辅助驾驶。,0
2025/4/2 12:17,小命交给一些电子产品，我还真不放心[捂脸],0
2025/4/2 12:17,[尬笑]无知真好啊,1
2025/4/2 12:17,还是华为质量好，小米质量堪忧，需要继续打磨产品，虽然我现在在湖北雷军老家，和他是老乡，但是用了华为的产品，没有出过任何问题[赞],0
2025/4/2 12:17,智驾不安全就不要上这个功能，害死人,1
2025/4/2 12:17,那你问问余总他这个疲劳智能驾驶是不是双手离开方向盘让车子高速状态下自由发挥了呢[看],0
2025/4/2 12:17,千万别让电池发生剐蹭，烧起来都得完，电车致命,1
2025/4/2 12:17,撞击后电池变形或者撞击后被石头或者金属物品扎穿电池，电池就会然，油车撞击后不能着火，油箱漏油碰到火会然可能还会爆炸,0
2025/4/2 12:18,头悬梁锥刺股,0
2025/4/2 12:18,刀在哪买的！赶紧去找[泪奔],1
2025/4/2 12:18,正常来说只看后视镜，但是有些地方  还是得看一下[捂脸],0
2025/4/2 12:18,方向盘必须装有防呆的感应器，手离开方向盘感应不到的话就自动减速熄火！看谁的手还能离开方向盘！,0
2025/4/2 12:18,车企会说，我留给他们三秒钟的反应时间了，是他们反应太慢了,0
2025/4/2 12:18,其实宣传能驾驶的是华为系，雷军和王传福都说的是智能辅助驾驶，要谨慎使用。华为系拿这个当卖点洗了很多年轻人的脑，害人不浅,1
2025/4/2 12:18,有三十年驾龄吗？,0
2025/4/2 12:18,我有责任，我不该看[九转大肠][九转大肠],0
2025/4/2 12:18,人都撞晕还开门？谁这么牛逼,1
2025/4/2 12:18,找生产厂家，为什么这么锋利，为什么可以切到手，应该碰到手就自动停下来,1
2025/4/2 12:18,[看]多少钱带带我,1
2025/4/2 12:18,智驾突发状况处理不了，电池包会瞬燃。这些都要普及一下。三条生命给的全国性普及！代价有点大。,0
2025/4/2 12:18,有可能不是网友误解，应该是某些店家售卖车辆的时候夸大的车的性能,0
2025/4/2 12:18,车道保持 定速巡航[我想静静],0
2025/4/2 12:18,这话说的没毛病,0
2025/4/2 12:18,傻萝卜在北京路实三年呢，我之前还坐过,0
2025/4/2 12:18,为了抵制电瓶车，我决定把我的小米苏7拆了卖废铁，卖给你是害了你，这种缺德的事我不干[发怒][发怒],1
2025/4/2 12:18,定速巡航只是让你不用一直踩油门,0
2025/4/2 12:18,我开马自达苦寻上海富婆,1
2025/4/2 12:18,商人都是逐利的，不是慈善家。生命只有一次，自己把握好。没有谁说卖你几十万的东西是为了你好。当然你买不买是你自愿，人家也没有义务为你负责到底。,0
2025/4/2 12:18,有人她不摸方向盘不看路你有嘛法[捂脸],1
2025/4/2 12:18,电池倒装，智能驾驶，流量虽好，反噬也是很猛烈的,0
2025/4/2 12:18,让上夜班的躺床上有几个不睡着的。,0
2025/4/2 12:18,可以呼吁比亚迪带领汽车行业：汽车出厂必带“安全锤”，并设有专门固定摆放的位置。[赞][赞][赞][赞][赞][赞][赞][赞][赞][赞][赞][赞][赞][赞],0
2025/4/2 12:18,开车十几年，驾驶者是安全的第一位，什么智能都比不了,0
2025/4/2 12:18,我看有人测试了，会报警,1
2025/4/2 12:18,不应该找钢厂，应该直接灭世[看],1
2025/4/2 12:18,包有的，车是谁的谁负责,0
2025/4/2 12:18,对，永远不要脱手不要放手，不要盲目相信科技，科技虽使人进步，但科技的背后更让人惊心啊[感谢][感谢][感谢],0
2025/4/2 12:18,别听他的，拥有就要享受,0
2025/4/2 12:18,还在，路上经常可以看到,0
2025/4/2 12:18,我下次要是骑艾玛摔了 我要去告周杰伦,1
2025/4/2 12:18,你别祸害路上其他人，撞伤了别人可不好,1
2025/4/2 12:18,16年,0
2025/4/2 12:18,其实就是定速行航的升级版,0
2025/4/2 12:18,雷总操碎了心，还是没能确保万一，唉?????,0
2025/4/2 12:18,对！人 才是一切的根源，,0
2025/4/2 12:18,说得好像华为没出过事一样[翻白眼],1
2025/4/2 12:18,除了抖音还有谁告诉你了打不开,1
2025/4/2 12:18,这个一定记住,0
2025/4/2 12:18,首批L3入围的车企全是用的华为智驾[捂脸] 好好看看名单又不是没有,0
2025/4/2 12:18,不就是它提出来的智驾[泪奔],0
2025/4/2 12:18,功能越多越容易出问题，手动才是最安全的。,0
2025/4/2 12:18,咖啡,0
2025/4/2 12:18,无人滴滴时速40,0
2025/4/2 12:18,智架也就自动驻车和360实用，其他的都没用,0
2025/4/2 12:18,如何证明智能的安全性，可操作性，习惯性，,0
2025/4/2 12:18,去年山西团灭那款吗？,1
2025/4/2 12:18,嚼槟榔或者口香糖比较有效果，喝功能饮料作用不大还爱撒尿,0
2025/4/2 12:18,早上看到是3个女大学生，不知道对不对？,0
2025/4/2 12:18,这话应该放在新车发布会上说。,0
2025/4/2 12:18,既然智驾不成熟，你那你打什么广告。你为了营销打虚假宣传。必须承担责任,1
2025/4/2 12:18,无人驾驶公交无人驾驶滴滴咋上路的呢,0
2025/4/2 12:18,你们害怕我愿意花十万买[呲牙],1
2025/4/2 12:18,人家不是说了是辅助驾驶吗？怎么到你这就成自动驾驶了。往往出事的就是这种理解错误的人。辅助驾驶很好用的。开车轻松多了,1
2025/4/2 12:18,搞笑[捂脸]出了事这么说，没出事多牛逼多牛逼,1
2025/4/2 12:18,对，而且车速100左右，油车应该不会起火,0
2025/4/2 12:18,然后就出了这个事故[思考],0
2025/4/2 12:18,@雷军,0
2025/4/2 12:18,起诉卖刀的,1
2025/4/2 12:18,请您动一动您发财的小手搜索丰田电车起火[泪奔]，好多视频吆,0
2025/4/2 12:18,@喵喵??、,0
2025/4/2 12:18,我也是一开就瞌睡，眼睛睁不开那种，准备卖掉汽车，买一辆金桔拉500巡航摩代步！,0
2025/4/2 12:18,有睡觉开车扣12分保证你睡不者[看],1
2025/4/2 12:18,是开智驾的人自己在实验,0
2025/4/2 12:18,军哥不就是[捂脸][捂脸],0
2025/4/2 12:18,大老板是人工智能驾驶[看],0
2025/4/2 12:18,方法多的是1不开车 2不上高速  3睡好再去,0
2025/4/2 12:18,"第一:你把这个视频全过程放出来，别断章取义。
第二:他有说放手开吗？
第三:发生事故的是小米，你现在拿华为说事，可以，请统计一下华为智驾事故率和人架事故率做个对比！",1
2025/4/2 12:18,买牛肉干，嚼到牙疼那种,0
2025/4/2 12:18,不是的，刑事案件腾讯都提供的,1
2025/4/2 12:18,电车真好！[捂脸][捂脸][捂脸][捂脸],0
2025/4/2 12:18,哪里没说了？,0
2025/4/2 12:18,过渡宣传程成智驾，估计许多杠精要来[捂脸],1
2025/4/2 12:18,你还是别开车了，害人害己,1
2025/4/2 12:18,这个事儿怪谁？怪余承东。于大嘴整天逼逼赖赖可哪儿宣传智驾  把部分消费者  忽悠瘸了,1
2025/4/2 12:18,我在城里 我不用踩油门 不用打方向盘 不用变道看这看那 算辅助吗？,0
2025/4/2 12:18,找挖矿的吧,1
2025/4/2 12:18,无人滴滴车速不快，基本就是随时停车,0
2025/4/2 12:19,开庭的时候记得带上你的破图[看],1
2025/4/2 12:19,谁的都不能信,1
2025/4/2 12:19,雷总[赞][赞],0
2025/4/2 12:19,是不是你开内循环了,0
2025/4/2 12:19,是的，路况，天气，电子元件等等，一个不行，就出问题。,0
2025/4/2 12:19,智能只是补充！,0
2025/4/2 12:19,自己开车上手的车祸都那么多，还去指望智驾,1
2025/4/2 12:19,电车重度撞击起火不是很正常的吗,1
2025/4/2 12:19,哇我出两万,0
2025/4/2 12:19,总的来说要注意安全[捂脸],0
2025/4/2 12:19,你让箩卜快跑载人116时速开试试[微笑],1
2025/4/2 12:19,我比较老土都是自己开,0
2025/4/2 12:19,问题是电池啊,0
2025/4/2 12:19,报警了两次，她搁那给他男朋友发个消息，然后这十几分钟，或者后面八分钟不知道干嘛去了,1
2025/4/2 12:19,你让他上高速试试,1
2025/4/2 12:19,小米系统bug多，总是想着出新硬件，不肯在软件上多投入,1
2025/4/2 12:19,也不知道哪个大学生，有没有手扶着方向盘，现在也没监控了,1
2025/4/2 12:19,朋友总给我吹他的车智驾多好多好，我还是油车只有L2，但是我开车从来都不用那些，好几次危险情况都是我自己判断处理的，自己开车全神贯注比啥都强,0
2025/4/2 12:19,你不要怨气这么重，咱们在讨论不是判官[捂脸]，真有你这种意识她就不会开智驾了,1
2025/4/2 12:19,[感谢],0
2025/4/2 12:19,冷知识倒置电池起火也能烧死人[灵机一动],0
2025/4/2 12:19,智驾也不是自驾啊，你敢让车自己驾驶吗[看],0
2025/4/2 12:19,找卖刀的-找生产厂家-找卖钢的-在找炼钢的-,1
2025/4/2 12:19,就说电池爆燃车门打不开的事儿[微笑]，别岔开话题，车主已经为自己的行为付出生命的代价了,1
2025/4/2 12:19,别，中文更难理解 博大精深[捂脸],0
2025/4/2 12:19,让男朋友在旁边看你手机[思考],0
2025/4/2 12:19,网友自己想象,0
2025/4/2 12:19,会不会驾驶员早就昏迷了,0
2025/4/2 12:19,因为人才是关键的，辅助只是减轻你的驾驶疲劳感，或者你没有注意的地方,0
2025/4/2 12:19,种地也能万一被锄头挥的时候掉了砸死了咋办[偷笑],0
2025/4/2 12:19,你试过着火打不开吗,0
2025/4/2 12:19,小米的车有类似要求啊！车主必须学完必修课程和开满1000公里才能正式使用。这次出事的3个女生不是车主，她开了男朋友的车出去，还在深夜维修路段开启高速辅助驾驶功能（系统是不建议在这个场景下开启的）所以个人认为这次事故开车的人负最大责任,0
2025/4/2 12:19,主要是电车动力储备太足了，加速都很快。你想一下以前七八十万起步的性能车财秒加速也就4-6秒，现在十几二十万的电车基本都是2-6秒的，以前玩性能车的人驾驶技术都可以才玩的，现在的人拿驾驶证后直接就可以开上这种车了，出事故也正常，技术不行,0
2025/4/2 12:19,太年轻了,0
2025/4/2 12:19,榔子[看],0
2025/4/2 12:19,现在到底有没有车企以“智驾”作为卖点的？,0
2025/4/2 12:19,把商家@出来啊,0
2025/4/2 12:19,驾力神，效果好的一比,0
2025/4/2 12:19,哈哈哈，我老公就是懒得m9回来给我洗脑换[捂脸][捂脸],0
2025/4/2 12:19,用过电脑的人应该都不敢完全相信电子设备,0
2025/4/2 12:19,应该起诉地球，让地球赔一千两黄金[看],1
2025/4/2 12:19,只是有些人总是听不进,0
2025/4/2 12:19,刀骗电池也能爆燃,1
2025/4/2 12:19,无人驾驶应该是限速的，而且是在市区开。,0
2025/4/2 12:19,只考虑大众的油车[比心][比心][比心],0
2025/4/2 12:19,这不是有例子吗？找生产厂家索赔。[看],0
2025/4/2 12:19,我出十万,1
2025/4/2 12:19,林志颖驾驶的是特斯拉吧，50码速度，要不是被路人救，差点没出来,1
2025/4/2 12:19,多少钱一条评论啊[抠鼻]，,1
2025/4/2 12:19,水军现在都这么厉害了？,1
2025/4/2 12:19,警察出调查结果了？你这种就应该被抓进去,1
2025/4/2 12:19,本来就如此[赞],0
2025/4/2 12:19,国家规定必须做得到。 你做不到就别叫l3[捂脸],1
2025/4/2 12:19,那武汉所谓的萝卜快跑就不想而知了，就是蹭智能驾驶[捂脸],1
2025/4/2 12:19,敢把命交给电脑都是狠人,0
2025/4/2 12:19,[赞][赞][赞],0
2025/4/2 12:19,你去开了吗？,0
2025/4/2 12:19,就你的不成熟，华为的智能驾驶就没见出问题,1
2025/4/2 12:19,他是被接管[猪头],1
2025/4/2 12:19,风油精,0
2025/4/2 12:19,不管什么车，功能越多，出故障的可能性越高。,0
2025/4/2 12:19,但是小米容易发烫[泪奔],0
2025/4/2 12:19,找造刀的[尬笑],1
2025/4/2 12:19,有没有可能其他车出了车祸里面人昏迷了外面也打不开车门,0
2025/4/2 12:19,耳巴子，这个真不困了,1
2025/4/2 12:19,烦不烦？看到几十遍了,1
2025/4/2 12:19,着火原因是什么？都说撞晕了。晕了着火烧不醒是吧？有没有挣扎过？尸检报告呢？或者直接死了也行，家人说门打不开，可能是外面打不开。车子出事了。车锁不自动弹开？这对吗？抬杠的滚远点。俩问题。回答上来的回一下，谢谢[微笑],1
2025/4/2 12:19,拉倒吧，几乎？你自己都不敢肯定,1
2025/4/2 12:19,白天开晚上休息,0
2025/4/2 12:19,对于车门打不开，我有发言权，去年2月9号开的四轮电动车60码撞在丰田侧门的时候，我被方向盘顶的胸口的那一刻，我直接大脑空白，头晕??，差不多2-3分时间是空白的，缓过神的时候开车门，手都没劲,0
2025/4/2 12:19,你是在狡辩，宣传的和驾驶手册有吗？比你先进的一定有，你自己做不到，同时还黑一下别人，我不行别人也不行,1
2025/4/2 12:20,呵呵,0
2025/4/2 12:20,特斯拉有个刹车监控，那年特色啦事故一样风风火火,1
2025/4/2 12:20,智驾目前最多定速巡航，自适应巡航都达不到,0
2025/4/2 12:20,只买丰田经得起考验,0
2025/4/2 12:20,雷军一点责任都没有,1
2025/4/2 12:20,你知道是打不开还是因为人昏迷了没法开车门吗[尬笑],0
2025/4/2 12:20,可能销售会特意跟你介绍智能驾驶的科技感,0
2025/4/2 12:20,辣条[看],0
2025/4/2 12:20,芥末，困了吃一口,0
2025/4/2 12:20,大多人都搞错了，辅助驾驶是弥补一下人在驾驶的时候出现应急状态的一些不足，而不是人去弥补辅助驾驶……,0
2025/4/2 12:20,你买任何新能源车时候，哪个车企老板给你讲？这是雷军去年说的话了！,0
2025/4/2 12:20,人刹车很优秀的零百也得30多米。你算算机器刹车能多少米杀停,0
2025/4/2 12:20,看看哪个厂家的，让他出报告，然后让他老板发声明道歉。另外去医院验伤，让他赔偿,1
2025/4/2 12:20,比我驾龄还少，就自称老司机了？十几年驾龄根本不算老司机，至少得25年以上大姐,1
2025/4/2 12:20,我连续开12个小时，所以你缺的是我这样的司机,1
2025/4/2 12:20,他这个就是人为接管打方向盘撞的,1
2025/4/2 12:20,冰啤酒,0
2025/4/2 12:20,那个不一样，特定的区域，定点上下车，不是全市区随便开的[捂脸],0
2025/4/2 12:20,多吃牛肉，塞牙缝时候不瞌睡[泪奔],0
2025/4/2 12:20,本来就是,0
2025/4/2 12:20,你咋知道车门打不开，有没可能人都昏死了[疑问],0
2025/4/2 12:20,那今天的汽车着火是什么着火，是辅助着火吗？,0
2025/4/2 12:20,那还搞那功能干哈,1
2025/4/2 12:20,比亚迪说智驾是辅助驾驶的时候可被互联网给喷残了[捂脸],1
2025/4/2 12:20,你记错对象了，那是余,0
2025/4/2 12:20,城市可以用智能驾驶，高速要死人的。,1
2025/4/2 12:20,说白了，就是出去炫耀的，带着同学让你们看看我男朋友买的别多好，一下子炫耀过头了,1
2025/4/2 12:20,最好是别出去  要么找个靠谱的男老司机,1
2025/4/2 12:20,这才是正确的认知！！！最开始疯狂宣传智能驾驶的是谁？！还什么2.99级智驾！！！真的恶心。,1
2025/4/2 12:20,我有个朋友天天喝可乐，喝出来糖尿病了怎么办[看],0
2025/4/2 12:20,泡脚凤爪[捂脸]里边的小米辣[捂脸],0
2025/4/2 12:20,智能不是自动，你的智能手机不需要你操作吗？,0
2025/4/2 12:20,站雷总！,0
2025/4/2 12:20,到服务站停车走动走动再走[看]又不急,0
2025/4/2 12:20,说一千道一万！我还是喜欢油车手动挡[捂脸],0
2025/4/2 12:20,还是轮流开吧，安全一点,0
2025/4/2 12:20,有感应的，后台都记录的清清楚楚，离手提醒,0
2025/4/2 12:20,网约车自动驾驶怎么回事？,0
2025/4/2 12:20,人类在自然面前，还不能达到全部智能驾驶，因为人类不可能预测未来。这就是智驾的问题，好比天气预报，说变就变,0
2025/4/2 12:20,亲眼见过一个哥们，在高速睡着觉跑110的速度。心是真TM的大。咱如果这样为什么不选择坐车[九转大肠]。,0
2025/4/2 12:20,比亚迪,0
2025/4/2 12:20,绝对没有,0
2025/4/2 12:20,你是真搞笑，车能不能出事在于开车的人，你能保证在路上开车你不撞别人，别人不撞你吗？,1
2025/4/2 12:20,卖车时台上吹的牛逼轰轰，出事了就出来推脱[捂脸]，你别装呀还要车主卖单！,1
2025/4/2 12:20,你这算盘打得我在东莞都听到了，啪啪响,1
2025/4/2 12:20,任何车达到一定车速都会自动落锁，外面是打不开的。油车也是这样。,0
2025/4/2 12:20,那个说睡一觉就到了的呢,0
2025/4/2 12:20,时速一百公里，发生撞击的时候你人要是还能醒着并且还能去开车门的你是这个????，还在这说什么车门打不开，时速一百公里发生撞击不是昏迷就是直接走,1
2025/4/2 12:20,所谓的智能就是在不断的试错中更新，后期所谓的技术成熟，也是BUG的隐蔽性随机性更强的时候，娱乐、生活、学习很多方面都可以用智能技术，唯独与生命息息相关的场景，别那么相信智能技术，别拿自己的生命去为智能技术试错，它可以错无数次，你只陪它能错一次，(一个20年老IT人的忠告),0
2025/4/2 12:20,电车电池受损不稳定，哎,0
2025/4/2 12:20,自动驻车也是，我从来不开。,0
2025/4/2 12:20,提前睡饱[看],0
2025/4/2 12:20,年轻人喜欢跟风尚，老驾驶员一般不太会感兴趣这些鸡肋科技。,0
2025/4/2 12:20,反正脱手肯定罚你,1
2025/4/2 12:20,都玩过电脑手机吧？有没有见过从来不死机的？[看],0
2025/4/2 12:20,@幼儿园高材生,0
2025/4/2 12:20,真困也没效果,0
2025/4/2 12:20,悬梁刺股[呲牙],0
2025/4/2 12:20,不需要提醒 这是常识 一个有点脑子的人 怎么可能开着自动驾驶在高速110公里速度狂飙,1
2025/4/2 12:20,[看]眼睛不要就捐了,1
2025/4/2 12:20,油车这个速度要是漏油也会烧，更别说电车，还一直为什么为什么,1
2025/4/2 12:20,华威的问界啊[笑哭],0
2025/4/2 12:20,你们说钱多花哪里了，，都买了些什么？,0
2025/4/2 12:20,香港李嘉诚都是开油车,0
2025/4/2 12:20,智驾既然不能脱手智能，那就不要利用这个噱头来当卖点[感谢][感谢][感谢],0
2025/4/2 12:20,"生命诚可贵，爱情价更高
为了开小米，万物皆可抛",1
2025/4/2 12:20,余总说得好;安全才是最大的豪华[击掌][击掌][击掌][击掌][击掌][击掌][击掌][击掌],0
2025/4/2 12:20,在洗也没用，出了事就老老实实的赔偿吧,1
2025/4/2 12:20,直接叫辅助驾驶，哪位专家发明这么高级的词，智驾。,0
2025/4/2 12:20,谁说的车门打不开？,0
2025/4/2 12:20,方向盘不在自己手中你敢睡觉？,0
2025/4/2 12:20,把自己的命全权交给所谓的智能，本身就是愚蠢的做法,1
2025/4/2 12:20,哈哈哈哈哈哈哈哈哈哈,0
2025/4/2 12:20,不要洗白了，这老总靠谱得很,1
2025/4/2 12:21,目前市场上没有智能驾驶，只有辅助驾驶,0
2025/4/2 12:21,之前就刷到一个视频一辆奔驰开高速使用定速巡航，最后停不下来，无论怎么还是不能完全太依靠智能，有时还是自己不脱手的好,0
2025/4/2 12:21,告可口可乐公司啊,1
2025/4/2 12:21,找生产厂家，找挖矿的，找本地政府，再找国家，必须给他投诉要赔偿,1
2025/4/2 12:21,那就不要装智驾，浪费钱[钱],0
2025/4/2 12:21,找可乐赔,0
2025/4/2 12:21,不上高速，不走郊区,0
2025/4/2 12:21,他借口,1
2025/4/2 12:21,人家就嚣张啊，说车??智能续航啊[捂脸],0
2025/4/2 12:21,有钱乐意坐啥车就坐啥车,0
2025/4/2 12:21,出事的是标准版，不带倒置电池,0
2025/4/2 12:21,小米还是太全能了，买车送终生人身保险，还有售后养全家。,0
2025/4/2 12:21,有没有可能是没人开,0
2025/4/2 12:21,这个是以前视频，在这个车祸以前也一直在说,0
2025/4/2 12:21,那就不要叫智驾，就叫辅助驾驶,0
2025/4/2 12:21,男人,0
2025/4/2 12:21,余大嘴说他上班不碰方向盘，一路电脑办公，你信吗？,0
2025/4/2 12:21,你是来为小米洗白吗？什么是智驾？,1
2025/4/2 12:21,??没飞机的自动驾驶那么先进~及那么宽阔的路线及统一区域的空管？请问？,0
2025/4/2 12:21,开过M9吗？？？,0
2025/4/2 12:21,不把自己性命当回事的开啥车都没用，刷到一个骑自行车 车子失灵了还是咋回事都没了,1
2025/4/2 12:21,网约车会开120km每小时吗？,0
2025/4/2 12:21,小米有机械开门多读书,0
2025/4/2 12:21,就是，也没看谁要马斯克出来回应道歉的,0
2025/4/2 12:21,某为不是宣传那啥,1
2025/4/2 12:21,这是对的，任何时候，人才是第一位。智驾的意义在于纠偏，补充。当人驾驶时候出现差错，智驾进行修正和补救，这个才有意义。,0
2025/4/2 12:21,天花板级别的智驾[捂脸],0
2025/4/2 12:21,丰台，是日本的吗,1
2025/4/2 12:21,都是辅助的开车还是要双手紧握方向盘眼观六路,0
2025/4/2 12:21,标准版好像没有电芯倒置,0
2025/4/2 12:21,挺多的呀 不是有名单吗 不过全用的华为智驾,0
2025/4/2 12:21,董事长能不能给我当一天过过瘾，我不要工资,0
2025/4/2 12:21,天天车祸这么多，还不是照样开？真逆天,1
2025/4/2 12:21,冷知识，木头着火也能烧死人,0
2025/4/2 12:21,你，你,0
2025/4/2 12:21,那得找可乐厂家啊[看],0
2025/4/2 12:21,买了车又不想自己开,0
2025/4/2 12:21,辅助驾驶，可以减少车主疲劳，复修的,0
2025/4/2 12:21,真是感觉雷军好欺负,1
2025/4/2 12:21,吃肉塞牙缝,0
2025/4/2 12:21,你不要叫智驾系统，必须叫辅助驾驶系统[撇嘴]，是不是。免去误解。,0
2025/4/2 12:21,那个是正规的出事有保险不用怕,1
2025/4/2 12:21,为了发个评论，开个号吗？[看],1
2025/4/2 12:21,友商攻击小米的最佳时机,1
2025/4/2 12:21,就是车企自己宣传的，如果他们用智能辅助驾驶来宣传就可以减少误解，但是他们为了吸引眼球故意把辅助给省去了。,0
2025/4/2 12:21,外面施救的人砸窗的，门打得开，他需要砸窗？,1
2025/4/2 12:21,有啊,0
2025/4/2 12:21,100左右油车不起火？[捂脸],0
2025/4/2 12:21,[看]状告可口可乐,0
2025/4/2 12:21,因为现在小米火呀，雷总会回复，去年问界烧死了我也没见负责人回复的[抠鼻],1
2025/4/2 12:21,起诉百事[微笑],1
2025/4/2 12:21,找可乐公司索赔[看],0
2025/4/2 12:21,又不是小米的,0
2025/4/2 12:21,人家都说一清二楚了，只是辅助而已，出了事就死抓马卵不放[捂脸],1
2025/4/2 12:21,[赞],0
2025/4/2 12:21,不脱手还叫智驾吗？,0
2025/4/2 12:21,不管有多安全，我都不敢松开手，以防万一,0
2025/4/2 12:21,后台有人随时接管的[暗中观察],1
2025/4/2 12:21,告可乐[笑哭],0
2025/4/2 12:21,成年人不做选择，我全都要[看],0
2025/4/2 12:21,发布会上可不是这么宣传的，人前人后说的不一样，忽悠人,1
2025/4/2 12:21,这种数据是否可改,0
2025/4/2 12:21,那个罗卜车应该不敢跑100迈车[尬笑],1
2025/4/2 12:21,说实话，50码和接近100码区别太大了，60码以上开智驾就是跟阎王爷报名的,1
2025/4/2 12:21,后台有人盯到的,1
2025/4/2 12:21,不敢放开手的智驾开车轻松？哪个地方轻松？既然都不能完全放开手了，它辅助了什么？卖点在哪里？大力宣传又有什么意义？,1
2025/4/2 12:21,这个网约车公司付全部责任,0
2025/4/2 12:21,高大上,0
2025/4/2 12:21,出事了又说智驾是辅助[捂脸][捂脸],0
2025/4/2 12:21,网约车它上高速了吗,0
2025/4/2 12:21,不要那么卷，我出9块9，不能再多了,0
2025/4/2 12:21,以前你可不是这样说的哦，智驾只有华为和其他,0
2025/4/2 12:21,后台控制后台控制后台控制，重要的事情说三遍,1
2025/4/2 12:21,一个出事企业担责一个自己担责,0
2025/4/2 12:21,萝卜是固定路线，后台还有工作人员的,0
2025/4/2 12:21,有脑子都不会把命交给别人，何况电脑？我写代码都不敢保证没有bug，你信智驾？,1
2025/4/2 12:21,天天吹 [捂脸],1
2025/4/2 12:21,音响放凤凰传奇的歌，大声跟唱[机智],0
2025/4/2 12:21,既然不能脱手，还有什么意义啊，,0
2025/4/2 12:21,搞智驾意义在哪，不想开车往驾驶位做啥[捂脸]嫌路途远开车累高铁飞机是不能坐吗,1
2025/4/2 12:21,主要问题是暴燃,0
2025/4/2 12:21,那当然是找商家了，谁让他放的糖[呆无辜],0
2025/4/2 12:21,美式,0
2025/4/2 12:21,不要疲劳驾驶，以安全为重，还是跟朋友轮换着开车吧,0
2025/4/2 12:21,自动驾驶和辅助驾驶两个东西,0
2025/4/2 12:21,你怎么知道三个人都晕了，万一是她们想打开但发现打不开呢[憨笑],0
2025/4/2 12:21,兔子能拉车还要骡子干什么呀！[捂脸],1
2025/4/2 12:21,支持雷总,0
2025/4/2 12:21,这种都是在低速下行驶，出了事也不会是大事，而且没一台车，都有人远程看着前面的,0
2025/4/2 12:21,其实不止电车，高速碰撞油车也有几率起火，只不过比电车概率低一些,0
2025/4/2 12:21,木秀于林……,0
2025/4/2 12:22,发布会：我的智能驾驶可牛逼了。出事后：不是，哥们，你真用啊,1
2025/4/2 12:22,出事了就拼命说辅助驾驶！,1
2025/4/2 12:22,这个可以作为证据，厂家已经提前告知，无需承担任何责任,0
2025/4/2 12:22,只是让开长途的时候身体轻松点，你没开过是没法懂得,0
2025/4/2 12:22,膝盖这么软吗，跪久了起不来？,1
2025/4/2 12:22,我就纳闷了，自己开车技术不行出现事故给人家厂家有啥关系呢,1
2025/4/2 12:22,勺罗卜[憨笑],0
2025/4/2 12:22,我车买了六年了定速巡航我都不会用  也没用过我怕它停不下来不敢用[捂脸],0
2025/4/2 12:22,正解[看],0
2025/4/2 12:22,特斯拉视觉驾驶道路才是正确的,0
2025/4/2 12:22,智驾广告吹牛你们也信，智商堪忧,1
2025/4/2 12:22,武汉那是特定区域，做了很多前置工作的，并且后台有人实时监控,0
2025/4/2 12:22,小米就剩事故了。,1
2025/4/2 12:22,《自动驾驶》《智能辅助驾驶》怎么回事怎么回事怎么回事,0
2025/4/2 12:22,百度搞得无人驾驶出租车，是不是智驾[捂脸],0
2025/4/2 12:22,只能说技术不过硬你干嘛要出售，直接别生产这个功能不就行了，又想那这个技术去宣传来卖，又不建议大家用[捂脸]，这不是坑吗？,1
2025/4/2 12:22,你想表达什么呢,0
2025/4/2 12:22,拿着几年前的视频来说话，你有脑子吗？,1
2025/4/2 12:22,快起诉卖可乐的,1
2025/4/2 12:22,速度问题，市内运营的，安全性高一些,0
2025/4/2 12:22,网约车跑120？,0
2025/4/2 12:22,明明智能驾驶只是能让开高速更轻松，比如你开高速你自己全程开的话极限是1000公里，那有智能驾驶辅助可以一口气开1500公里，打个比方哈。咋那么多人直接就真的让车自己开，完全不管？把命交给电子产品.,0
2025/4/2 12:22,后台数据有，提醒车主手握方向盘，车主完全脱手驾驶了,0
2025/4/2 12:22,特朗普也开特斯拉,0
2025/4/2 12:22,鬼火少年，米粉少女[看],0
2025/4/2 12:22,后台有人的……,1
2025/4/2 12:22,着实没必要，自己眼睛同样有视线误差预判偏差，就算倒车影响有误差顶多就是轻微剐蹭,0
2025/4/2 12:22,山寨车和当年的山寨手机一样，大家想想是不是，乱七八糟的一堆所谓先进功能。人不能开车吗？为什么要智驾？,0
2025/4/2 12:22,这样说不对了，无人驾驶出租车怎么说？很多城市都在投放萝卜快跑哦[看][看][看],0
2025/4/2 12:22,你说说谁家的电车一百多码撞上去不起火？,1
2025/4/2 12:22,哈哈,0
2025/4/2 12:22,辅助驾驶还是取消吧,0
2025/4/2 12:22,[捂脸][捂脸][捂脸]在我的定义 中对老司机没那么精准的定义就是一个对驾龄和驾驶技术的的认可吧,0
2025/4/2 12:22,别人撞你，那不也是在开车的人吗,0
2025/4/2 12:22,拉我入群,0
2025/4/2 12:22,没理解能力就多读书[灵机一动],0
2025/4/2 12:22,让朋友和你聊天，看到你困了给你一个大逼斗就不困了,1
2025/4/2 12:22,做得好不代表要把安全交给一个机械人。,0
2025/4/2 12:22,坚决不买小米，从我做起,1
2025/4/2 12:22,卖你车的时候，把智驾吹上天。等出事了，就说智驾是辅助驾驶，你死了也都是你的责任。[赞][赞][赞],1
2025/4/2 12:22,有一种酸味糖，老爽了,0
2025/4/2 12:22,有个异性朋友聊一点敏感话题 比如说 中东局势  俄乌战场,0
2025/4/2 12:22,我感觉咖啡比较提神,0
2025/4/2 12:22,活活烧死的,1
2025/4/2 12:22,我要是不看倒车影像，根本就不会倒车了,0
2025/4/2 12:22,缓慢减速,0
2025/4/2 12:22,辅助驾驶！目前还没有到自动驾驶那一步，未来能实现,0
2025/4/2 12:22,这个后台也可以记录啊,0
2025/4/2 12:22,粗粮哪有什么智驾？以速度为营销是危险的！,1
2025/4/2 12:22,买车的时候有没有签告知书呢[发怒],1
2025/4/2 12:22,好像说网上有调查结果，说系统提醒过她手离开了方向盘,0
2025/4/2 12:22,停车的时候用智驾方便，开车的时候还得手动[捂脸],0
2025/4/2 12:22,手机出了三四次问题了都不给解决！说的到好听,1
2025/4/2 12:22,喝瓶二锅头，睡觉吧[呲牙],1
2025/4/2 12:22,智驾是辅助，什么情况才能启用智驾呢，这个得详细说明下,0
2025/4/2 12:22,但是这个人类似把可乐2个朋友喝了当场噶了。[捂脸]那就只能找厂家了[看],1
2025/4/2 12:22,速度不快，市区最多80吗,0
2025/4/2 12:22,你应该破产了，就是靠模仿，没有科技感,1
2025/4/2 12:22,去区分一下标准版的区别。标准版不是电池倒置,0
2025/4/2 12:22,他们不听，只一昧地告你赔钱[笑哭],1
2025/4/2 12:22,闻戒m7高速碰撞爆燃烧死一家三口,1
2025/4/2 12:22,就不该有智能驾驶！,1
2025/4/2 12:22,霸王茶姬啊，[尬笑],0
2025/4/2 12:22,成为一辈子的米粉,0
2025/4/2 12:22,应该是比亚迪刀片电芯，宁德的电芯都是倒置的,0
2025/4/2 12:22,别人开我是一点不敢睡，只有自己开才敢小眯一会[看],0
2025/4/2 12:22,一个30年的长途车老司机告诉你，困了就吃一坨芥末，马上清醒[比心],0
2025/4/2 12:22,正规的，出事儿，有保险[笑哭],0
2025/4/2 12:22,能闻出来这样的，好像你也不怎么。,1
2025/4/2 12:22,你是怎么知道他喝百事[捂脸][捂脸],0
2025/4/2 12:22,发网上，让可口可乐公司赔钱[呆无辜],1
2025/4/2 12:22,你查一下华为的事故和死亡比例，再查一下燃油车的事故和死亡比例。别光知道黑,1
2025/4/2 12:22,不管是智能还是辅助 人家都解释了不能脱手 而且这也不是小米的主要卖点吧 反正我的印象里不记得小米宣传su7 是说它的智驾有多牛[宕机],0
2025/4/2 12:22,开过高速的都应该知道，现在路政施工，施工完成后，好多都没有及时移除施工标志，导致很多人对施工标志不是很注意，建议规范，这样人们一看到施工标志就会引起警惕,0
2025/4/2 12:23,技术不成熟，干嘛拿来用，找什么借口？,1
2025/4/2 12:23,无人出租车，武汉萝卜快跑是不是智驾？,0
2025/4/2 12:23,有需要洗白？[抠鼻],1
2025/4/2 12:23,槟榔,0
2025/4/2 12:23,大家一直在猜测，请各位等待交警部门的调查结果,0
2025/4/2 12:23,不脱手你辅助个毛线！还不如自己开呢！[尬笑][尬笑][尬笑][尬笑],1
2025/4/2 12:23,到哪里？,0
2025/4/2 12:23,该换换呗跟这个有啥关系,0
2025/4/2 12:23,电车烧起来就灭不了了，军已经把电池放车底了,1
2025/4/2 12:23,因为撞车了,0
2025/4/2 12:23,智能驾驶是要发展，也是最终目的，我们只能选择相对安全可靠的一家，目前只有华为了，后续其他家也会跟上,0
2025/4/2 12:23,这是命，不是自己的车，还要开，不是自找的吗？怨谁？,1
2025/4/2 12:23,为什么不是4S店，宣传夸大其词呢，为了卖一台车出去,1
2025/4/2 12:23,能用和好用是两个完全不同的概念！速度不是一种激情，安全才是最大的豪华,0
2025/4/2 12:23,出事前，动不动就老子天下第一，吊打一切其他智驾！现在出事了，又来这强调只能辅助……！这脸打的比雷还响啊！[捂脸][捂脸],1
2025/4/2 12:23,你们吹的智能驾驶不是遇到障碍物要主动刹车吗,0
2025/4/2 12:23,说得好,0
2025/4/2 12:23,你是当事者吗？那你是鬼吗？[呲牙]。要不你自己去试试再来说，你问的[灵机一动],1
2025/4/2 12:23,电车这么难开吗？还得有个辅助驾驶[捂脸]我自己开叫你辅助个毛啊[捂脸],1
2025/4/2 12:23,提前一百分钟你还没出发呢[捂脸],0
2025/4/2 12:23,咱的是李鬼。吓人用的。,1
2025/4/2 12:23,自己命交给智能[捂脸]人才,0
2025/4/2 12:23,我也是[呲牙],0
2025/4/2 12:23,基础常识啊哥们[捂脸]这都不知道？[捂脸],1
2025/4/2 12:23,车上就一个刹车踏板，是怎么做到三个人刹车的。,0
2025/4/2 12:23,洗刷刷洗刷刷洗刷刷,0
2025/4/2 12:23,五千万买三个女大学生的命？想啥呢？,1
2025/4/2 12:23,换你你也不开车门，因为你已经晕了[捂脸]100迈速度啥概念知道不,1
2025/4/2 12:23,比亚迪别再吹嘘 连海鸥都上智驾了,1
2025/4/2 12:23,你在现场看到了门打不开？还是三个人托梦给你了[尬笑],1
2025/4/2 12:23,油车每天都有车祸[捂脸]，小米也卖出这么多，怎么不全出事呢,1
2025/4/2 12:23,怎么爆燃了？烧了那么久了,1
2025/4/2 12:23,上瓜子。特斯拉才几万。更省钱[看],0
2025/4/2 12:23,丝袜,0
2025/4/2 12:23,那还不如不要呢是不是？,1
2025/4/2 12:23,萝卜跑车现在怎么样了。[微笑],0
2025/4/2 12:23,要是没用，你们开发它的初衷在哪里，只是为了让事故多出点吗,1
2025/4/2 12:23,困就下高速休息！,0
2025/4/2 12:23,雷军，就你这造车积累，也只能花哨而已，说重点，你就是在制造悲哀。,1
2025/4/2 12:23,这不得不提沃尔沃那套辅助系统了[赞],0
2025/4/2 12:23,高速睡觉一晚上，M9直接到小区那个是吧,0
2025/4/2 12:23,不安全就不能配用即使不用它出故障也会影响整车系统吧,0
2025/4/2 12:23,自圆其说    早几年你说自动驾驶  现在又说不能脱手   你这张嘴真的是随你说,1
2025/4/2 12:23,？？困了就上服务区休息啊，还硬要开车？,0
2025/4/2 12:23,请问考驾照的时候手不握方向盘可以过吗？,0
2025/4/2 12:23,国内不允许全自动驾驶目前[微笑],0
2025/4/2 12:23,困了就不要开,0
2025/4/2 12:23,受害者怀疑了一切，就是没有怀疑驾驶员[看],1
2025/4/2 12:23,永远支持雷总，如果我在小米车里面死了，我一定不会责怪雷总，所以有没有好心人送一辆小米奥创，我想尝试一下[流泪][流泪],0
2025/4/2 12:23,设计智能驾驶有什么用，难道是为了炫耀？把车造好才是真理,1
2025/4/2 12:23,做手机变成做汽车，这世界太疯狂。,0
2025/4/2 12:23,有的呀，鸿蒙系的手不在方向盘上就跟你鬼叫，眼睛不看前面也跟你鬼叫,0
2025/4/2 12:23,咱说平时路上跑四十啊  谁高速跑四十[疑问],0
2025/4/2 12:23,智能驾驶平时测试是60码 检测距离60到90米 这个距离上高速智能驾驶能不能反映过来,0
2025/4/2 12:23,着火原因是什么？都说撞晕了。晕了着火烧不醒是吧？有没有挣扎过？尸检报告呢？或者直接死了也行，家人说门打不开，可能是外面打不开。车子出事了。车锁不自动弹开？这对吗？抬杠的滚远点。俩问题。回答上来的回一下，谢谢,1
2025/4/2 12:23,小车就是做的太先进了太舒服了，把一切智能都取消，开车就会认真的多了,0
2025/4/2 12:23,97速度撞水泥墩，瞬间从97到0，你觉得晕的几率大还是不晕的几率大。[看],0
2025/4/2 12:23,你去开了吗  还是你看到人去开了？,0
2025/4/2 12:23,全名智能辅助驾驶,0
2025/4/2 12:23,都有燃烧的风险，司机非死即伤,1
2025/4/2 12:23,坤哥的扔泥巴比较提神[呲牙],0
2025/4/2 12:23,不是自动驾驶吗,0
2025/4/2 12:23,多了一个卖点,0
2025/4/2 12:23,去年全网帮车主维权[看]今年全网帮车厂维权,1
2025/4/2 12:23,雷布斯让我懂得开车会“血脉喷张”！,1
2025/4/2 12:23,电动车还是不要买，不安全，再便宜我都不会买,1
2025/4/2 12:23,驾驶技术有多好？停车几次能停进去，特别窄的空能进去吗？每年出险次数几次？你去4s店坐坐专业试驾员的车,0
2025/4/2 12:23,设计了个毛线[捂脸],1
2025/4/2 12:24,那你不是放屁吗？什么叫自动驾驶？我还要用双手，还要这个功能吗？,1
2025/4/2 12:24,人家说得不够清楚吗？辅助  知道辅助这两个字什么意思吗？给你辅助 不是让你可以躺车上睡觉了   你也别再说起火了 100公里撞过去 没当场镶车上你都得感谢这车质量好了  我都不说你能不能活了  当场镶车上扣都扣不下来的见多了 还开门 车门还在不在我都不知道呢  车没当场撞成ppt 你就烧高香吧  [奸笑],1
2025/4/2 12:24,出事了，这样说了，那按这么说，无人驾驶是怎么推行的,0
2025/4/2 12:24,门打不开？谁说的？谁试过？[捂脸],1
2025/4/2 12:24,个人经验嚼口香糖比红牛咖啡管用,0
2025/4/2 12:24,[看]我骑行摩托车一般只敢跑40左右。跑到60码风太大。刹车距离翻倍。刹不住。。碰到路上不平直接起飞,0
2025/4/2 12:24,让他赶紧找卖锄头的，质问人家，为啥卖锄头的时候没告诉他，哈哈,1
2025/4/2 12:24,人家是宣传是L2.9999999999这个怎么破局,0
2025/4/2 12:24,去找辅助驾驶不得了 真费劲,0
2025/4/2 12:24,为什么萝卜快跑能在武汉大街上无人跑出租？你给解释下！,1
2025/4/2 12:24,一杯霸王茶姬[流泪]清醒到天明,0
2025/4/2 12:24,[泪奔]继续跌一下，我要抄底,0
2025/4/2 12:24,特斯拉,0
2025/4/2 12:24,这个都没有搞明白看到那个赚钱又去搞那个,1
2025/4/2 12:24,怎么没说，雷总这一次又一次的不是在说是在干嘛[尬笑],1
2025/4/2 12:24,哪玩意跑多快？,1
2025/4/2 12:24,人命关天，不是什么产品都可以吹牛逼。数码产品出问题重启就可以了，汽车可不行。,0
2025/4/2 12:24,我都不开辅助驾驶的，我怕辅助驾驶，比我的车技还水[捂脸],0
2025/4/2 12:24,取消智驾,0
2025/4/2 12:24,不是说的打不开门吗，怎么拐到智驾了,0
2025/4/2 12:24,有些车企天天研究些不靠谱的东西什么智能啊。大沙发大彩电大冰箱。把最基本该有关键时刻救命的机械门把手去掉了,1
2025/4/2 12:24,人祸取代天灾的历程中，对一个可追责的方向,1
2025/4/2 12:24,为什么你小米遇到修路就没办法识别，自动变道。自己技术不行，害死自己的粉丝。自己技术不行还不准别人技术行[奸笑][奸笑][奸笑],1
2025/4/2 12:24,又没在现场，谁知道晕没晕[九转大肠],0
2025/4/2 12:24,合资,0
2025/4/2 12:24,把很多没用的功能取消了，价格就下来了,0
2025/4/2 12:24,听DJ,0
2025/4/2 12:24,智驾不能用那还开发智驾,1
2025/4/2 12:24,小米椒[看][看]吃一口精神一上午[看][看],0
2025/4/2 12:24,自己开车不行就怪汽车不行,1
2025/4/2 12:24,你可以去试试,0
2025/4/2 12:24,刷到这个评论好几次了,0
2025/4/2 12:24,别口狂言出过事故的十万真有人卖[抠鼻],1
2025/4/2 12:24,智驾 天霸动霸tua[赞],0
2025/4/2 12:24,那为什么车门打不开，车门智能锁死了，着火是必然，车门打不开也是必然吗,0
2025/4/2 12:24,这才是重点，爆燃，车门锁止。这两项是重点,0
2025/4/2 12:24,一人看一台不可能，一人三到五台甚至十台有可能,0
2025/4/2 12:24,这可不一样，一个是创始人，一个是接广告的[灵机一动][灵机一动][灵机一动],0
2025/4/2 12:24,某为还天天说自己车是智能驾驶呢[冷漠],1
2025/4/2 12:24,人多速度起不来，一直处于二十三十的速度。,0
2025/4/2 12:24,军啊，设计欠考虑啊，我的卡罗拉打开L2，脱手一两秒就会报警[捂脸],0
2025/4/2 12:24,都有吧,0
2025/4/2 12:24,出个安全驾驶条例[看],0
2025/4/2 12:24,生命只有一次，电车只玩一次[抠鼻],0
2025/4/2 12:24,赔的太多了总要找个。。 车主又不是不知道[吃瓜群众],1
2025/4/2 12:24,掐自己[噢买尬] 困了就换人 不要勉强,0
2025/4/2 12:24,雷总，多多讲些车上小开关，有些车友不知道，提高安全意识,0
2025/4/2 12:24,[捂脸][捂脸][捂脸][捂脸]坚决不碰小米任何产品。看来我是对的,1
2025/4/2 12:25,我现在就等固态电池出来才买电车。,0
2025/4/2 12:25,我一般给我老公讲我初恋的故事，每次都不重样，挺提神的,0
2025/4/2 12:25,电池爆燃缩短了车内人员逃生时间，不是被撞死的是被烧死的,1
2025/4/2 12:25,人家说过人家智驾很牛吗？是你自己认为的吧？,1
2025/4/2 12:25,问题在于，有人敢说，还有人敢信，这个谁也拦不住,1
2025/4/2 12:25,生命永远掌握在你的手里[赞][赞],0
2025/4/2 12:25,那只是功能演示，可不会跟你说出去开车也脱手！目前没有最高的L3级别辅助驾驶也不能离手，抓到就是扣分罚款,0
2025/4/2 12:25,啊？哪个牌子车没出过事故啊？,0
2025/4/2 12:25,连定速巡航从来都不用，累了就休息，上车就紧握方向盘,0
2025/4/2 12:25,不要劝。网友们都喜欢得很，,0
2025/4/2 12:25,希望制造商不要太夸张了，这是要出人命的，,1
2025/4/2 12:25,我记得某人说的可以把方向盘拆了[捂脸],0
2025/4/2 12:25,报警了，她走神手离开方向盘都报警了,0
2025/4/2 12:25,你开油车116公里的速度，最后撞击的时速为97公里，你确定你开油车不会起火？你确定你开油车能打开车门？,1
2025/4/2 12:25,没看车上装着这么大的雷达多少高清摄像头，在指定区域行驶，跑的这片区域采集了多少道路数据，最主要的是人家公司有人全程监控，必要时可以远程接手车辆人工远程驾驶,0
2025/4/2 12:25,为什么你小米遇到修路就没办法识别，自动变道。自己技术不行，害死自己的粉丝。自己技术不行还不准别人技术行[奸笑][奸笑][奸笑],1
2025/4/2 12:25,aeb也是摆设咯,1
2025/4/2 12:25,副驾驶有个亢奋的人,0
2025/4/2 12:25,挺你永远支持你      雷哥,0
2025/4/2 12:25,官方都没调查出来你就知道了[尬笑],1
2025/4/2 12:25,那着火呢,1
2025/4/2 12:25,这什么[泪奔]  个个视频都有这个问题,1
2025/4/2 12:25,汽车行业AEB都是只能识别行人车辆啥的 没办法识别路障海马石头动物的啦,0
2025/4/2 12:25,之前不说，这是要甩锅了,1
2025/4/2 12:25,还能少花点钱,0
2025/4/2 12:25,@猪头闷子（恋爱博主版） 2.9 9 无限循环hhhhh,0
2025/4/2 12:25,你咋知道打不开了  你能确定碰撞之后他们还有意识去打开门吗  问题很多的  不是你三俩句定性的,1
2025/4/2 12:25,因为可口[微笑]不好听,0
2025/4/2 12:25,还有如果车门变形怎么打得开[疑问],0
2025/4/2 12:25,你别搞混了，辅助驾驶是辅助你人驾驶的时候一些安全提示，又不是给你全自动开车用的。你脱手了，辅助是有提醒你的，相当于给你配了一个副驾监督你,0
2025/4/2 12:25,出事了就是辅助驾驶，宣传片哪次不是吹嘘智能驾驶？宣传不夸大人们会误解吗[捂脸][捂脸][捂脸],1
2025/4/2 12:25,辅助驾车包括安全辅助吗？发生车祸碰撞后车门会自动开锁吗？没有说智驾不行，现在应该是调查车门是否打开！后续看看吧！,0
2025/4/2 12:25,车在路上跑没必要升级带步工具，远了坐高铁，近了用不上，多鱼了，卖扁宜点好买，5万左右就可以了[赞],0
2025/4/2 12:25,他不能上高速，不进二环,0
2025/4/2 12:25,反正我力挺小米,0
2025/4/2 12:25,不定时炸弹[抠鼻],1
2025/4/2 12:25,什么是智驾？我开自动巡航高速都不敢脱手，脚放刹车！ 作为驾驶人不要太相信智能驾驶，作为车企不要太相信驾驶人,0
2025/4/2 12:25,原来自动驾驶，还是离不开方向盘，[捂脸][捂脸][捂脸][捂脸],0
2025/4/2 12:25,没用，现在就有很多人吊一个东西在方向盘上,0
2025/4/2 12:25,懂了，那就是安全控车才最重要，开小米，别装逼[感谢]安全第一,1
2025/4/2 12:25,就算晕了，火烧到身上总有感觉吧，总不能一直在车里被烧吧[九转大肠],1
2025/4/2 12:25,咖啡,0
2025/4/2 12:25,市区行驶，速度慢撞了也没多大事,1
2025/4/2 12:25,米粉口中的酥妻变烧妻,1
2025/4/2 12:25,你友商吗,1
2025/4/2 12:25,让你男朋友坐副驾看你的手机[看],0
2025/4/2 12:25,雷军这么说，但是底下销售可不会这么说[捂脸]盘子那么大，雷军根本管不了，我觉得可以设置阶梯式解锁，高速智驾里程达到多少，然后驾驶规范良好，才可以解锁120KM。否则最高100KM时速,0
2025/4/2 12:25,对的，29号的事,0
2025/4/2 12:25,刺梨汁，喝了立马清醒[呲牙],0
2025/4/2 12:25,谁宣传的？,0
2025/4/2 12:25,能把生命交给智驾也是太粗心了，无论什么时候都不要拿自己生命开玩笑,0
2025/4/2 12:25,那算不算出事[泣不成声],0
2025/4/2 12:25,跑不了的  等着赔钱[看],1
2025/4/2 12:25,相信造火箭的还是信拼手机的[尬笑][尬笑][尬笑],1
2025/4/2 12:25,我也不知道那些开车把方向盘交给智驾的人是真的不怕死还是心大[捂脸]，真的是感觉没脑子,1
2025/4/2 12:25,小米万万没想到整车配置最低的就是驾驶员[看],1
2025/4/2 12:25,华为死了那么多人没见你急,1
2025/4/2 12:25,嗑瓜子[灵机一动],0
2025/4/2 12:25,我重来不会把自己的命交给所谓的智能，方向盘在手心里才踏实[看],0
2025/4/2 12:25,能把智能驾驶当无人驾驶的开的，还是嫌自己命大，我觉得死得不冤。我的车也有车道保持和定速巡航，我最多开定速巡航，车道保持如果手离开方向盘，也会自动解除。我觉得开长途车，不踩油门（定速巡航），已经是解放疲劳的天花板了。再智能，就是对生命的漠视。话糙理不糙，下辈子注意吧[呲牙],1
2025/4/2 12:25,本来买个嘘头，在这片土地个个投机者,1
2025/4/2 12:25,比如 手机掉脚下了开智驾拿起来,0
2025/4/2 12:25,对啊，速度晚上开到116白天都不敢开这么快,0
2025/4/2 12:25,对啊～现在才几级？,0
2025/4/2 12:25,不管怎样时速97就爆燃没啥安全性,1
2025/4/2 12:25,我对倒车影像的信任度比对我老公的信任度还高,0
2025/4/2 12:25,有一说一，在智驾方面，目前来说还是华为牛逼，小米起步就晚，给点时间咯,0
2025/4/2 12:25,不用遮遮掩掩的，投入那么多科研人员，开发那么多设备软件，目的不就是为了最终实现自动驾驶，没有第二个目的。车主的分神和智驾没有识别出障碍物导致悲剧的发生 ，不能说提醒了要全神贯注开车就跟智驾一点关系都没有了。,0
2025/4/2 12:25,我都说多了，一条人命两百万都排队来,1
2025/4/2 12:25,你能百分百确定时因为着火开不了车门吗,0
2025/4/2 12:25,因为城市道路慢，出事了也撞不死人[捂脸],0
2025/4/2 12:25,50码以下可以智驾,0
2025/4/2 12:25,这个速度不撞死也撞晕了，怎么开门？,1
2025/4/2 12:25,着火，机械是可以开车门大聪明,1
2025/4/2 12:25,反正就是主打一个我不听 我不听 出事了就说我不知道 [微笑],1
2025/4/2 12:25,什么品牌车都不敢说百分之百放手   本来就不成熟的技术,0
2025/4/2 12:25,小米不需要回应就是了，就是单纯危险驾驶造成的,0
2025/4/2 12:25,一年出那么多车祸…是否都要去抓住“车企”不放[捂脸],0
2025/4/2 12:25,意志力,0
2025/4/2 12:25,什么情况都可以，但你得随时准备接手,0
2025/4/2 12:26,支持雷总，虽然我不喜欢电车，也不会买电车[耶],0
2025/4/2 12:26,我开油车也会短暂脱手，现在智驾出事了就甩锅给脱手了,1
2025/4/2 12:26,你说的对，但是人家家属远在千里就知道是人没晕，车门打不开,1
2025/4/2 12:26,自己开车手拿方向盘有那么难吗？自己珍惜自己的命有那么难吗？,1
2025/4/2 12:26,考科目二，三，有智能驾驶吗[呲牙],0
2025/4/2 12:26,老子斗地主为了点欢乐豆都不敢托管，你敢夜间高速120，双手脱离方向盘，玩儿呢[尬笑][尬笑],1
2025/4/2 12:26,那是因为小米的智驾不行，嘴总的智驾连司机都不用，还可以自己出去跑网约车赚钱,1
2025/4/2 12:26,这个宣传一直就是视频里面说的，不同场合说的这些话都有视频可以去搜搜看,0
2025/4/2 12:26,试试芥末[捂脸],0
2025/4/2 12:26,他跑的不快，芯片还能用算法,0
2025/4/2 12:26,直线行驶，方向盘偏了都不行[看]！不能乱动方向盘[看]！,0
2025/4/2 12:26,小米汽车确实不错，但是辅助系统确实有缺陷，不如问界,0
2025/4/2 12:26,有l2不用一直踩着油门就已经很好了,0
2025/4/2 12:26,就不应该发明这种智驾,1
2025/4/2 12:26,定速巡航我都是道路没有什么车的时候用，还有这种傻鸟相信智驾，非要把自己的命交个软件，,1
2025/4/2 12:26,20多万多 我还是支持雷总[微笑],0
2025/4/2 12:26,哪天你试驾就知道了，[呲牙]谁会告诉你缺点，只会告诉你优点,0
2025/4/2 12:26,前几天第一次座，最高时速才60，然后很很谦让[笑哭],0
2025/4/2 12:26,本该不该有,1
2025/4/2 12:26,不用火星人，中国代理地方店的销售也没随礼[咒骂][咒骂][咒骂],1
2025/4/2 12:26,"我一直都认为！当订单大过产能的时候！产品的质量肯定是堪忧的是不可否认的存在！赶工期的货 ,质检把控有那么严格吗？现货不香吗？为什么还有那么多人跟风排队[泪奔]",0
2025/4/2 12:26,对不起[奸笑]不生产了,1
2025/4/2 12:26,而且还是在准备赶考的路上,0
2025/4/2 12:26,自驾不能脱手，那自驾的意义在哪里？搞这个功能不是脱裤子放屁吗？,1
2025/4/2 12:26,柠檬先切好，困了来一片[抠鼻],0
2025/4/2 12:26,这样开车就别害朋友了，困了就休息，不要疲劳驾驶。,0
2025/4/2 12:26,这个车就不应该有那个飙车模式。要不你就是纯粹生产了一个赛道上用的标车跟普通车区隔开？,0
2025/4/2 12:26,[捂脸][捂脸][捂脸]人才,0
2025/4/2 12:26,电池碰撞自燃才是必须攻克的难关。,0
2025/4/2 12:26,休息站下去还魂，不然就是丢魂。你选哪个,1
2025/4/2 12:26,华为不一样，余承东说了他天天上车就睡觉车自己就开到公司了,0
2025/4/2 12:26,那外面的人总没有昏迷吧，不也一样打不开救人？根本就没考虑让你出来，本来就想着直接火化你，来个死无对证，什么都可以改就是门的开关不能改成用电才能开吧,1
2025/4/2 12:26,今天中午吃饭给我吃窜稀了 我妈做的茄子没炒熟 看了现在这个情况我直接去找种菜的没毛病吧兄弟们,1
2025/4/2 12:26,开着土嗨的收音机??,0
2025/4/2 12:26,？,0
2025/4/2 12:26,你开车97码撞一下，我看看你能不能清醒着打开门。,1
2025/4/2 12:26,很认可,0
2025/4/2 12:26,为什么他们出门不选择萝卜快跑，你给解释下！,1
2025/4/2 12:26,报警也撞了，就是多好还能提现啥,1
2025/4/2 12:26,所谓的自驾，就是自己驾驶,0
2025/4/2 12:26,要不你去试试，看你97码撞水泥墩是什么下场？你要不要试试？或许你明硬，你命由你不由天，你去试了命硬再来说，你能不能摸到开关[呲牙],1
2025/4/2 12:26,虽然你买了医保 但是先找厂家再说,0
2025/4/2 12:26,无法逃生,1
2025/4/2 12:26,嚼口香糖，一个口香糖嚼一个小时,0
2025/4/2 12:26,不知道所以就看网上有没有类似的数据啊，deepseek可以搜的，还有网上好多实验的，大概率是晕了，撞击力太大了，当然最终还是看官方。,0
2025/4/2 12:26,报警了不接管会怎么样[看]我都不敢用[微笑],0
2025/4/2 12:26,出事了你在放屁,1
2025/4/2 12:26,多看看其他视频吧，提前16分钟就提醒了,0
2025/4/2 12:26,雷总自己在说智驾被误解，那么从字义上说智驾是不是容易被误解，这是典型的误导消费，直接说辅助驾驶不好吗,1
2025/4/2 12:26,油车起火概率低，就算起火，烧的也慢，路过司机也可以一边救人一边灭火，。电车真的直接殡仪馆,1
2025/4/2 12:26,小米那个不是智驾是什么，小米全系都有智能驾驶不过带不带激光雷达的区别,0
2025/4/2 12:26,那是无人驾驶，这是两码事好不好？,0
2025/4/2 12:26,电池起火和车起火是两码事，这种速度和撞击位置和对象，电池不自燃很正常。,0
2025/4/2 12:26,我连车都不敢信任，我都是走路的，出远门也要走路的，走几百公里不在话下！,0
2025/4/2 12:26,这么多车祸 那么惨也没自燃 概率事件吧 不管什么车也不敢保证100％不会自燃的 事无绝对,0
2025/4/2 12:26,消费者喜欢,0
2025/4/2 12:26,速度慢还是可以的,0
2025/4/2 12:26,副驾驶带个男模子提供情绪价值那种[呲牙],1
2025/4/2 12:26,@瓜，吃着瓜就不困了,0
2025/4/2 12:26,前段时间老魏说智驾只能是辅助，结果被骂惨了，这年头，真话真的很多人不信[捂脸],0
2025/4/2 12:26,这不就是新能源的优势吗？直接火化！免的还要单独烧一次[捂脸][捂脸][捂脸]！直接一步到位！,1
2025/4/2 12:26,是不是父母把你生出来，你生病了还要怪父母把你生的不好？[尬笑],1
2025/4/2 12:26,那你们就不要宣传智能驾驶，文字、口述等内容直接写明是辅助驾驶，为何要还写智能驾驶？玩文字游戏，这不是睁眼说瞎话！,1
2025/4/2 12:26,你有车吗？时速60撞到了就可能会死，别说时速97撞到了[泪奔],1
2025/4/2 12:26,出事后就只是辅助。卖车时说的天花乱坠的智能[捂脸],1
2025/4/2 12:26,互联网就是这样啰，静看两方互喷[捂脸],1
2025/4/2 12:26,"不出事，【电池倒置技术】；一出事，不灵了；
不出事，【半隐藏式门把手】；一出事，不灵了。
这些技术，发布会宣传的时候，听着很牛啊。。",0
2025/4/2 12:26,没用  撞懵逼了 反应不过来的,1
2025/4/2 12:26,药店买瓶清凉油眼皮周围太阳穴抹点瞬间清醒，我就是这么干的[呲牙],0
2025/4/2 12:26,锥刺股，试一下,0
2025/4/2 12:26,萝卜青菜，毕竟人上了年纪，确实是不容易接受新事物的，这是自然规律,0
2025/4/2 12:26,这玩意可有可无，玩概念,1
2025/4/2 12:26,敌敌畏[呲牙],1
2025/4/2 12:26,速度低增加了安全性,0
2025/4/2 12:26,华为考虑的周到，某某考虑的是和手机一样，不就是玩吗，,0
2025/4/2 12:27,扇自己耳光,1
2025/4/2 12:27,也就小米最近流量高[捂脸],0
2025/4/2 12:27,你去开车门了发现打不开？说打不开的现在还只是家属一面之词，交警官方还没调查出来，网友一个个啥都知道了[捂脸],0
2025/4/2 12:27,在车里面贴上标识，提醒车主,0
2025/4/2 12:27,[泪奔]我在平安证券 买股票亏钱了，找谁理赔,0
2025/4/2 12:27,事故车换了其他电车也会自燃的[灵机一动],0
2025/4/2 12:27,本来就是个控墙脚的人，全是拿来,1
2025/4/2 12:27,你时速百公里出车祸，你还能是清醒的[疑问],1
2025/4/2 12:27,开手动挡没几个会依赖电子影像的,0
2025/4/2 12:27,[泪奔]这个速度油车撞车也有一定概率自燃吧,0
2025/4/2 12:27,目前自动驾驶只有一个好处，就是停车入库,0
2025/4/2 12:27,听说过特斯拉有这事故发生吗？,0
2025/4/2 12:27,放dj，和朋友聊天一直流,0
2025/4/2 12:27,把生命交给智驾？抵死,1
2025/4/2 12:27,为什么不早说,0
2025/4/2 12:27,8万的卡罗拉也是L2级别,0
2025/4/2 12:27,让你对象玩你手机[呲牙][呲牙],0
2025/4/2 12:27,借我五万块，然后我没还你，你就不犯困了,1
2025/4/2 12:27,吃点容易塞牙的东西，然后一路舔，完全不会打瞌睡,1
2025/4/2 12:27,声东击西[赞]我们还是讨论一下重点，着火后不能开门的问题吧。,0
2025/4/2 12:27,这波 我挺雷总,0
2025/4/2 12:27,自动驾驶和智能驾驶是两个概念，在法律层面只有到L4  5才能算作无人驾驶,0
2025/4/2 12:27,薄荷糖，薄荷含量特别高的那种，吃到嘴里冰冻的感觉,0
2025/4/2 12:27,法规要求？你这设计就是游走在法律边缘吗？,1
2025/4/2 12:27,你跟我争这么久，是想说明什么？是想说人家死了活该么？所有相信智驾的人都是死了活该么？,1
2025/4/2 12:27,一直有报警的，只是那个女的意思意思摸一下又接着聊微信了。,1
2025/4/2 12:27,不成熟不要推出来,1
2025/4/2 12:27,脱手报警了好几分钟，车主头铁直接无视了,1
2025/4/2 12:27,智驾归智驾，跟那种什么无人出租车是有点区别的。,0
2025/4/2 12:27,我劝你不要开车[暗中观察],1
2025/4/2 12:27,建议坐高铁,0
2025/4/2 12:27,那你还考啥驾照,1
2025/4/2 12:27,华为的有点信，很简单的事，你去商场找辆m9体验一下，不就知道了吗,0
2025/4/2 12:27,辅助驾驶 辅助两个字看不了？瞎了？,1
2025/4/2 12:27,萝卜也没跑到100吧,0
2025/4/2 12:27,跟我读 牛肉干 吃完你就塞牙 一直扣到家还在扣[我想静静][泪奔],0
2025/4/2 12:27,油车也有碰撞后打不开门的，所以这没啥可说的,0
2025/4/2 12:27,电车,0
2025/4/2 12:27,我的车开了二十多万公里了 我准备找厂家给我换个新的[捂脸],0
2025/4/2 12:27,对[赞][赞][赞][赞][赞][赞],0
2025/4/2 12:27,不是粉丝，不过看不起华为是真的,1
2025/4/2 12:27,在副驾拉泡屎,1
2025/4/2 12:27,我提供锥子 古有刺骨悬梁,1
2025/4/2 12:27,这速度 油车就一定不会爆燃嘛[白眼],1
2025/4/2 12:27,想多了，,0
2025/4/2 12:27,是啊 谁能做到雷军这样站出来呢[看] 就冲这个也要护两嘴[酷拽],0
2025/4/2 12:27,你仔细看看，16分钟前就报警了，车主不以为然,0
2025/4/2 12:27,整个摄像头对着方向盘，脱手就自动关闭自动驾驶[不你不想][不你不想][不你不想],0
2025/4/2 12:27,6,0
2025/4/2 12:27,你说的，那科技不发展了？还自动驾驶，人家是智驾,1
2025/4/2 12:27,但是他还是不敢给你说司机可以全程不用管，只是辅助……,0
2025/4/2 12:27,少了激光雷达,0
2025/4/2 12:27,无人驾驶是发展的趋势,0
2025/4/2 12:27,总的来说她脱手驾驶小米，小米直接让她撒手人间[捂脸][捂脸][捂脸],1
2025/4/2 12:27,你在现场？还是给你托梦了？等调查结果不要搁这吹牛逼好么,1
2025/4/2 12:27,@XMX-自由公路 @墨潭香道,0
2025/4/2 12:27,支持雷总，有些年轻人不知道天高地厚,1
2025/4/2 12:27,那只是死者母亲说门打不开，这冲击力可能撞晕了，里面锁了，外面怎么打开,0
2025/4/2 12:27,油车漏油爆炸也需要时间的，电池起火爆燃的速度是油车漏油爆炸的速度的多少倍，知道吗？,0
2025/4/2 12:27,能怪到雷军上的这群人是不是和自己娃打游戏完了骂马云让马云关了马化腾的公司的是不是一批人,1
2025/4/2 12:27,[看]1万回收小米su7,0
2025/4/2 12:27,让你另一半看你手机,0
2025/4/2 12:27,谁也不知道具体情况，但是人家家属说想打开车门，打不开,0
2025/4/2 12:27,没用,1
2025/4/2 12:27,那不是脱裤子放屁吗,1
2025/4/2 12:27,花椒，，,0
2025/4/2 12:27,我记得他说过：他们的智驾是第一梯队的，现在来洗有意思吗？[捂脸][捂脸],1
2025/4/2 12:27,教你，买包牛肉干就行，车里不要有牙签牙线之类剔牙的东西，嚼一块能跑百公里，你舌头和手会闲不下来[看],0
2025/4/2 12:27,不像余承东说的，一觉就到家了,0
2025/4/2 12:27,那肯定，华为就是最强的??,0
2025/4/2 12:27,楼下一堆喷子，辅助驾驶不是叫你上车睡觉，玩手机。辅助驾驶是减轻驾驶员，长时间高度集中精力疲惫感，别拿自己的无知去定义,1
2025/4/2 12:27,都一样,0
2025/4/2 12:27,笑死，好形象,0
2025/4/2 12:27,支持小米,0
2025/4/2 12:27,我可以告诉你，油车撞成铁片也不会起火，除非是漏油的油车,0
2025/4/2 12:28,没毛病,0
2025/4/2 12:28,[捂脸]小米提醒了，人没醒,0
2025/4/2 12:28,这波我谁也不站，高速上开车生命就是在自己手里，累了困了可以去服务区休息，绝对不可能把生命交给自动驾驶（那不是开车，那是在玩命），雷军能站出来就已经很不错了,0
2025/4/2 12:28,智驾不智驾不说，电车一撞就爆燃才是问题,0
2025/4/2 12:28,是的，现在就是在等警察发布着火原因，大家都在等,0
2025/4/2 12:28,直播的时候看你说的智能驾驶有多好，现在说手不能离,1
2025/4/2 12:28,是的，只是说有人看。,0
2025/4/2 12:28,好家伙，高速一百，不叫人喷死[抠鼻],1
2025/4/2 12:28,大多数路况,0
2025/4/2 12:28,我看别的网友有说，有提示，但是驾驶员不管,1
2025/4/2 12:28,他说的是因为法规要求[弱],0
2025/4/2 12:28,困了就找服务区休息，跑高速一定要休息好,0
2025/4/2 12:28,我的车也有，但我只相信自己,0
2025/4/2 12:28,就不应该有智能驾驶辅助这一功能，你既然研发了，就要想到肯定有人使用。,0
2025/4/2 12:28,你们听好，辅助，是辅助，顶上去,1
2025/4/2 12:28,发布会就说了的啊[疑问],0
2025/4/2 12:28,手动挡其实很安全，不会分心[看],0
2025/4/2 12:28,66666,0
2025/4/2 12:28,不说晕成那样能不能醒了，就是断电了，她能不能找到机械锁还是个事。[泪奔],0
2025/4/2 12:28,智驾就该取消，你看部队的军车有没智驾功能[发怒]，纯粹拿老百姓性命开玩笑，国家呢也是不管一管,1
2025/4/2 12:28,你怎么知道打不开？再说了撞了都变形了打不开也是正常的，就好比你的锁被砸坏，钥匙还能开开吗[泪奔],1
2025/4/2 12:28,速度慢,0
2025/4/2 12:28,这事情真的挺雷总,0
2025/4/2 12:28,那就别叫智驾啊，叫辅驾，叫智驾就是误导消费者，不是老百姓误解，是车企欺诈消费者,1
2025/4/2 12:28,全网不是都在吹牛吗？在车上睡觉，直接到达目的地，你没有看到吗？都吹上天了，在高速上,1
2025/4/2 12:28,辅助,0
2025/4/2 12:28,让你老公看你微信里面闺蜜聊天[看],1
2025/4/2 12:28,我车里配了安全锤，救生衣，安全绳。关键时刻真能救命。,0
2025/4/2 12:28,是一定,0
2025/4/2 12:28,以为开飞机呢,0
2025/4/2 12:28,人～往往得到了超越自己认知范围以外的东西就会被反噬～,0
2025/4/2 12:28,菠萝快跑还有人坐没？,0
2025/4/2 12:28,那为什么辅助驾驶不在高速行驶中强制关闭呢，或只能在泊车或低速状态下开启。,0
2025/4/2 12:28,没毛病，逻辑准确,0
2025/4/2 12:28,其实这件事情的主要问题不是事故本事，所有的汽车都会发生交通问题，主要的问题是电车的电池安全问题！,0
2025/4/2 12:28,找厂家为什么刀这么锋利,1
2025/4/2 12:28,朋友吹牛你夸一夸就是了，人情世故啊兄弟，心里咋想的只有你自己知道，买了新产品还是高科技炫耀一下正常心里,0
2025/4/2 12:28,如果拼夕夕进军车企，想用智驾估计还得拉人[憨笑][左上]每天看视频的金币也不舍得给我[不失礼貌的微笑],0
2025/4/2 12:28,放两个蚊子进去,1
2025/4/2 12:28,器灵接管[舔屏],1
2025/4/2 12:28,这就是人之前的视频[宕机],0
2025/4/2 12:28,原来人家提醒过[捂脸][捂脸],0
2025/4/2 12:28,他可没宣传说高速碰撞电池不会爆,0
2025/4/2 12:28,别的车都说辅助驾驶，就你非要起个名字高阶智驾[捂脸][捂脸][捂脸],0
2025/4/2 12:28,[抠鼻]万一是农药残留呢 最好直接找种子公司,0
2025/4/2 12:28,飞机高铁火车特斯拉出事了咋不去找生产厂家赔钱[看],1
2025/4/2 12:28,智驾两个字存在误导性[捂脸],0
2025/4/2 12:28,放弃吧，容易犯困的这种情况，或者最好是再来个人换着开，安全保障最好是在自己把握内,0
2025/4/2 12:28,你这话说的，好像没有智驾，车祸就变少了一样，只不过是智驾发生的车祸大家把它当成热点，可以指责车企，而人驾发生的车祸，大家把它当成平常事一样，因为发生的太多了，多的大家已经习惯了，除了当事人和家属谁会关心,0
2025/4/2 12:28,有智驾你不用不就完了，还取消。。。。,1
2025/4/2 12:28,希望国家能加强新能源汽车的监管，盲目宣传智驾和自动泊车，就是以交通安全为儿戏,0
2025/4/2 12:28,这些多早的视频了,0
2025/4/2 12:28,瞎子说看到了过程，聋子说听到了瞎子说的话[微笑]，人云亦云,0
2025/4/2 12:28,林志颖，专业赛车手,0
2025/4/2 12:28,只能辅助驾驶禁止简化为智驾,0
2025/4/2 12:28,电机是汇川和联合的，电池宁德时代的，智能驾驶是高通和英伟达的，没有技术沉淀，投机取巧，重营销轻研发，短短几年就敢造车，就这一堆组装货拿来的技术，还敢信它的智能驾驶都是勇士[赞],1
2025/4/2 12:28,国家的标准没有说过L3是完全自动驾驶,0
2025/4/2 12:28,撞击障碍物的时候90多嘛，油车也可能燃爆,0
2025/4/2 12:28,太可惜了，养大一个孩子不容易,0
2025/4/2 12:28,哥们这样高速上更容易出事故，高速不是你开得慢就安全，其他人是高速，你开100很容易成为移动路障,1
2025/4/2 12:28,绝对安全任何一家都做不到。相对安全还是可以有选择的,0
2025/4/2 12:28,人家这些话好早之前就说了啊，又不是出事后的发言，只是总有人不当回事[捂脸][捂脸],0
2025/4/2 12:28,那些纠结为什么撞车会自燃的能不能看看事故现场照片，车头都撞没了，电池装在车头，这种情况能不燃爆吗。。这和车质量没关系。。,0
2025/4/2 12:28,是比亚迪，你没看呀？低配是比亚迪。,0
2025/4/2 12:28,建议公共交通，行车不规范亲人两行泪,0
2025/4/2 12:28,感觉买小米的都不在乎这个智驾[看],1
2025/4/2 12:28,林志颖撞车,0
2025/4/2 12:28,这个不用他讲，有啥功能自己早就清楚，听销售搁那扯淡[抠鼻]，反正一切智驾目前都是噱头，法规都不认可，就是最基本的资格都没取得，谈何上路。,1
2025/4/2 12:28,有个东西叫配置，人都分369等啊，何况这个,1
2025/4/2 12:28,涂点风油精在鼻尖的地方，我试过，过年一个人开17个小时除了上厕所没休息过，精神的很[捂脸],0
2025/4/2 12:28,推脱责任,1
2025/4/2 12:28,我奔驰gle的辅助停车一次没用过！不信任只信自己,0
2025/4/2 12:28,你都说了是撞死，这车里的人可是被活活烧死的。电池爆燃的问题车企解决了再出厂你也是受益人,1
2025/4/2 12:28,我看了一个博主视频  机械开车门的方式设计有问题,0
2025/4/2 12:28,开始洗了,1
2025/4/2 12:28,你搜一下林志颖的车祸开的什么车[尬笑],1
2025/4/2 12:28,脱手本身就不对！跟你短时间长时间脱手没关系！,1
2025/4/2 12:28,[看]对，累了就休息一下！不要贪辅助驾驶方便！,0
2025/4/2 12:28,那个高速路上有个大牌子，禁止辅助驾驶,0
2025/4/2 12:28,呵呵,0
2025/4/2 12:28,辅助！辅助！辅助！不要把自己的命交给别人！！！,1
2025/4/2 12:28,你哪只眼睛看到了？,1
2025/4/2 12:29,手离开方向盘很没安全感，我是不敢用，我家他说很香[捂脸],0
2025/4/2 12:29,辅助驾驶有什么意义？这功能不知道出了多少事故[抠鼻],1
2025/4/2 12:29,科目一有一道题，是睡觉,0
2025/4/2 12:29,哈哈哈??,0
2025/4/2 12:29,是的，主要是自己没有主动性了。蒙了或者昏了,0
2025/4/2 12:29,也不安全的，对面来车开60，相撞加起来就是110的速度，还是自己开安全[呲牙],0
2025/4/2 12:29,说实话，我不认识车企 也不认识事故者。凭良心说话。这种车能有什么问题吗？出事在于人为 要是里面有个男司机绝对不会出这样子的事。,1
2025/4/2 12:29,我准备给我老婆买俩小米[抠鼻],0
2025/4/2 12:29,还是没有智驾，或者不相信智驾，直接人工接管开着放心。不会开车的最好还是先学会开车再买车，不要迷信智驾可以做好一切，一万次智驾只要错一次就没命了。,0
2025/4/2 12:29,智能辅助驾驶 你打游戏都知道辅助不能打主位 辅助 就不能作为主导 你还想靠它给你开车？那驾照你让它帮你考诶,1
2025/4/2 12:29,去找种菜的多穿点 打不痛[灵机一动],1
2025/4/2 12:29,早就说了好吧，这都是多久前的视频了,0
2025/4/2 12:29,"电车达到以下5点就买
1-新车满电续航2000公里以上冬夏一致
2-充电3-5分钟
3-遇事故电池不起火不爆炸，车门能打开
4-10年内满电续航低于500公里免费换电池
5-裸车价不超过2万",0
2025/4/2 12:29,这是以前的视频吧？,0
2025/4/2 12:29,那没办法了。智能驾驶无非就是让你减少长途开车的疲劳。但是不可能100%相信它,0
2025/4/2 12:29,发布会吹的太悬了，这下尴尬了,1
2025/4/2 12:29,[看]国家还没发牌照,0
2025/4/2 12:29,辛亏你说过这些话来提醒所有人！但还是有人不当回事,0
2025/4/2 12:29,开车上高速还能跟男朋友发文字聊微信你说手有没有离开方向盘[思考],0
2025/4/2 12:29,这是以前说的，车主自己大意玩手机大晚上的不看不握方向盘怪谁,1
2025/4/2 12:29,取消刀具的生产，回归原始时代[看][看],1
2025/4/2 12:29,全宇宙第一[赞],0
2025/4/2 12:29,你没断网可以搜一下,0
2025/4/2 12:29,我车库停车不敢靠着电车,0
2025/4/2 12:29,没毛病。你找到了没[尬笑],0
2025/4/2 12:29,看看是谁在宣传支架,1
2025/4/2 12:29,那必须的,0
2025/4/2 12:29,黑咖啡啊冰美式啊,0
2025/4/2 12:29,你在现场看到撞晕了？三个都晕了？,1
2025/4/2 12:29,我反正不会把命交给智能,0
2025/4/2 12:29,电动车应该单独考证,0
2025/4/2 12:29,那你敢在晚上施工路段狂飙110时速脱手玩手机回信息吗[泣不成声]，你要是录个视频来给你打两百块,1
2025/4/2 12:29,真给智驾还没啥，就怕突然接管的,0
2025/4/2 12:29,找股票[呲牙],0
2025/4/2 12:29,有人眼红了,1
2025/4/2 12:29,辅助驾驶就不应该有自动驾驶，我理解的辅助驾驶是增加安全强度，而不是放任双手增加安全风险。[捂脸],0
2025/4/2 12:29,自己的生命都在自己的手上，手不离方向盘是基本常识，尤其是出远门走高速远门出行，轮胎也要换，尤其是前胎。时刻提醒自己，不管什么别，轮胎和方向盘一定要高度重视。,0
2025/4/2 12:29,槟榔啊一直嚼着。这个是可以持续性的，不像红牛，东鹏。管的时间比较短。,0
2025/4/2 12:29,学生开车机会少，确实缺少应对能力,0
2025/4/2 12:29,特斯拉出事多了去了,1
2025/4/2 12:29,他这个是晚上，视线不好，系统已经提前十几分钟提示要手握方向盘了，她不听。这个是没有激光雷达的，你查下华为没激光雷达的，出了多少事？,1
2025/4/2 12:29,拿个锥子[抠鼻][抠鼻],0
2025/4/2 12:29,你也说是可能,0
2025/4/2 12:29,到了服务区就睡，人生那么美好，不要拿运气赌明天,0
2025/4/2 12:29,找卖种子的[看],0
2025/4/2 12:29,驾照都7年了，还没开过车[捂脸][捂脸]，对车不感兴趣,0
2025/4/2 12:29,林志颖50的速度撞上去，车就着了。,0
2025/4/2 12:29,这次事件的核心问题不是爆燃和车门么？,0
2025/4/2 12:29,找挖铁矿的,0
2025/4/2 12:29,你买车不试驾？ 不懂就问 销售也会说啊  再说现在网络时代网上随便搜也有,0
2025/4/2 12:29,那是0.0001[看],0
2025/4/2 12:29,现在某家就不跳出来说开智驾可以睡觉了,1
2025/4/2 12:29,尽量还是在服务区休息，实在赶时间，可以试试咖啡?红牛,0
2025/4/2 12:29,不能L3那说L4不就行了,0
2025/4/2 12:29,不是说有车主都看了车辆说明书个车辆发布会的！你说再全面他们也找得到讨伐你理由！,1
2025/4/2 12:29,智能驾驶不是自动驾驶,0
2025/4/2 12:29,电池爆燃问题始终难解决,0
2025/4/2 12:29,停服务区睡十分钟比啥都强,0
2025/4/2 12:29,那款车没有倒置电池,0
2025/4/2 12:29,前面也报道过吧,0
2025/4/2 12:29,"问界撞车就华为有罪
小米撞车就小米没罪",1
2025/4/2 12:29,相信新能源车，相信新电车，相信高科技的都出来走两步,1
2025/4/2 12:29,把小米汽车给封掉,1
2025/4/2 12:29,旁边要有帅哥或者美女,0
2025/4/2 12:29,扩大这件事的人，一种是蹭流量的人，一种是嫉妒不想让小米好的人,1
2025/4/2 12:29,你这话我举双手双脚赞同，抖音刷到的全是小年轻买这种车。,0
2025/4/2 12:29,这跟赌是一个意思，你赌输了还找人赔钱？,1
2025/4/2 12:29,还是比较实诚的人[赞][赞][赞],0
2025/4/2 12:29,很真诚的一个老板[赞],0
2025/4/2 12:29,林志颖被特斯拉烧过,1
2025/4/2 12:30,哼哼，出了事你才讲，晚了吧！,1
2025/4/2 12:30,这种事只有遇上和遇不上[白眼]无所谓的，你继续这么开挺好,0
2025/4/2 12:30,慢慢铺开。如果大规模普及 肯定会给自动驾驶定标准。,0
2025/4/2 12:30,救人的人说后座的人是昏迷的，没救回来[抠鼻],0
2025/4/2 12:30,自己操作不当，就拉车企垫背赔偿,1
2025/4/2 12:30,你出车祸了希望被撞晕还是被烧死？电池爆燃的问题解决了你也是受益人,1
2025/4/2 12:30,有手打字发评价，没手搜一下吗？[看],1
2025/4/2 12:30,以前各种刹不住，现在没听说,0
2025/4/2 12:30,把安全交给自己的双手不放心吗？[捂脸],0
2025/4/2 12:30,拼多多试智驾，每年多个尾数就是不到3[泣不成声],0
2025/4/2 12:30,一直都在说，只是没有听。,0
2025/4/2 12:30,不是所有人清楚这一点，再说扣分罚款现在有多少人真在意的,0
2025/4/2 12:30,我比较胆小，开定速巡航的时候我的手不会离开方向盘，脚始终在刹车上。我之前开那个A3的时候，用过一次，有辆车一下变道进来，噶一下就给我刹了一下，没把我给吓死，从那以后我就很小心了。现在特斯拉 天只要不很冷我就开着一点窗户[暗中观察]我怕出现意外我钻不出去。,0
2025/4/2 12:30,继续洗 反正小米的东西用过一次再也不会用,1
2025/4/2 12:30,到底是谁在宣传无手驾驶[疑问],0
2025/4/2 12:30,人接收了,0
2025/4/2 12:30,困的时候你就装一下护栏，一下子就清醒了！,1
2025/4/2 12:30,"19车子带自适应巡航+车道保持[泪奔]
高速睡了两百公里",0
2025/4/2 12:30,去梦里面吧,1
2025/4/2 12:30,特斯拉没宣传这个功能，懂么？,0
2025/4/2 12:30,不买电车就行了,0
2025/4/2 12:30,钢铁侠这么快的速度撞了都得迷瞪一会,0
2025/4/2 12:30,速度是一种信仰[看],0
2025/4/2 12:30,我谁都不认识，我大力支持雷军。。因为车祸都是自己开车造成的。不要怨任何人而已。,1
2025/4/2 12:30,车内人员都死的死晕的晕，你的锤子给谁用[捂脸],1
2025/4/2 12:30,[捂脸]谁知道她有起床气，醒来轻踩刹车,0
2025/4/2 12:30,省点颈照顾好自己,0
2025/4/2 12:30,让你老公看你的手机[捂脸],0
2025/4/2 12:30,那他们算不算违法驾驶,0
2025/4/2 12:30,不是小米，死了会有多少人关注？,1
2025/4/2 12:30,他的意思是不智驾大概率不会撞，不撞就不会起火,0
2025/4/2 12:30,辅助驾驶最高权限应该就是个倒车入库或者是侧方停车这一类的，辅助一下车主。自动驾驶不完善就不应该上或者应该有所限制，比如限制车速。在高功能没实现为什么要上线啊，为什么半成品给成品的权限。作为消费者来说应该是买了可以放心使用车上的所有功能,0
2025/4/2 12:30,宇宙第一[赞],0
2025/4/2 12:30,[看]掐副驾驶大腿！,1
2025/4/2 12:30,为什么要智驾？这个东西有什么用？除了增加风险还有什么用？,1
2025/4/2 12:30,要是用智能驾驶比自己驾驶还紧张还累那还设计智驾干什么,0
2025/4/2 12:30,把屁眼缝起来了，它就窜不了，从根本解决问题[呲牙],1
2025/4/2 12:30,这个一看就是之前的采访[看][看],0
2025/4/2 12:30,智驾和智驾有区别,0
2025/4/2 12:30,不起火至少遗体不会碳化,1
2025/4/2 12:30,你看看这些视频是出事后说的还是出事前说的，用脑子评论,1
2025/4/2 12:30,100不慢了吧，大部分都是双车道，要不就夜间限制100,0
2025/4/2 12:30,1900多公里没睡觉除了加油，吃饭，WC，就没停过,0
2025/4/2 12:30,放开手开车，还不如坐高铁,0
2025/4/2 12:30,那为什么饭店不直接把饭送你嘴里呢？而是你想怎么吃就怎么吃呢[舔屏],1
2025/4/2 12:30,靠智驾就是拿命玩，,1
2025/4/2 12:30,在牛逼，也是辅助驾驶，不是让你去后排睡觉,0
2025/4/2 12:30,那武汉无人出租车不是拿千百万人生命开玩笑,1
2025/4/2 12:30,我开过朋友的车，在高速上也是开了智驾辅助，当我想右侧超车的时候，右侧打方向盘的时候，智驾直接把我方向盘归正，不让我向右变道，因为智驾检测到右后方有来车，其实右侧后方的车还有蛮长一段距离。我想说的是，在安全面前，智驾应该强制操作，保证安全第一。,0
2025/4/2 12:30,那你知道吗？你不也不知道。[捂脸]为啥评论都默认人醒着，打不开车门？是烧成灰得遇难者告诉你们吗？他家里人来一句车门没打开，怎么那么多人就信了？搁千里之外说的，连他家人都不知道的事实，到你们嘴里就是铁论了？[看]至于后排，没绑安全带的情况下，应该不是晕了，撞击完，估计当场就死了[微笑],1
2025/4/2 12:30,我们这里有个特斯拉 大清早撞了几个人 有个人卡在车底拖行了几十米，人拖的血肉模糊[九转大肠],1
2025/4/2 12:30,买一瓶嗅盐或者爆酸糖,0
2025/4/2 12:30,我愿意出14万回收车主手里不想要的su7[微笑],0
2025/4/2 12:30,收二手小米挖孔[微笑],0
2025/4/2 12:30,找平安证券啊，他没帮你挣钱[看],1
2025/4/2 12:30,有机械锁……,0
2025/4/2 12:30,智驾是辅助？要他做什么，车上辅助还少吗,1
2025/4/2 12:30,余承东。,0
2025/4/2 12:30,这不是你该质疑的问题,1
2025/4/2 12:30,那个是女司机紧张踩到油门了[灵机一动],0
2025/4/2 12:30,没差别的。 只要不是自动驾驶 其他的都是辅助。辅助在牛逼他也就那样。比自己开车更累[捂脸]。,0
2025/4/2 12:30,服务区,0
2025/4/2 12:30,有，国外特斯拉model s没识别到白色大货，直接钻大货车底了，还是一位特斯拉老粉丝开的,0
2025/4/2 12:30,真有才[赞],0
2025/4/2 12:30,找可口可乐公司赔钱,1
2025/4/2 12:30,@小朵拉 看评论区??,0
2025/4/2 12:30,华为和小咪到底谁历害,0
2025/4/2 12:31,下一架就是华为出事[呲牙],1
2025/4/2 12:31,所以不是智驾不行，是车企不行[捂脸],0
2025/4/2 12:31,断网了？林志颖的事没刷到过么？,0
2025/4/2 12:31,找厂家[捂脸][捂脸],0
2025/4/2 12:31,不是针对小米 反正不会买电车 容易起火 起火后灭不掉,1
2025/4/2 12:31,但是人家不当回事，而且出事还找小米。这世道变天了,1
2025/4/2 12:31,必须按我小米的来命名,1
2025/4/2 12:31,华为早有了[尬笑][尬笑][尬笑],0
2025/4/2 12:31,哪个品牌的车敢保证100公里撞水泥柱一定不起火？,0
2025/4/2 12:31,那是萝卜慢跑，跑的贼慢[捂脸],0
2025/4/2 12:31,这特么后期配音，别洗,1
2025/4/2 12:31,怪菜板太滑,0
2025/4/2 12:31,开车也是不安全的,0
2025/4/2 12:31,不是我说的[看]是他们说的[绿帽子],1
2025/4/2 12:31,你还要人怎么给你解释，明确说智能型辅助驾驶，你们非要认为是自助驾驶，只能说上学的时候多读点书挺好的,1
2025/4/2 12:31,为啥不去副驾摸大腿[大笑],1
2025/4/2 12:31,又要显摆智驾性能，手又不能离开方向盘，智驾，代表自动驾驶，辅助驾驶，才是手不能离开方向盘，显摆何必呢。,1
2025/4/2 12:31,没出事之前人家就说了,0
2025/4/2 12:31,林志颖？,0
2025/4/2 12:31,照你这逻辑，第一台计算机还不如算盘快，人类就该永远掐着手指算账？,1
2025/4/2 12:31,聊天最好，浓茶，咖啡，辣，或者有味的东西，也可以带耳机听听音乐，个人感觉戴耳机比车上放更提神,0
2025/4/2 12:31,我油车还有辅助驾驶呢，用过几次后感觉有两个人在开车，所以直接关闭辅助功能了,0
2025/4/2 12:31,军提醒过速度是信仰,0
2025/4/2 12:31,是智驾不行，还是小米的智驾不行？还是没有激光雷达的小米智驾不行？,0
2025/4/2 12:31,[尬笑],0
2025/4/2 12:31,还是有差别的。哪怕是定速巡航也比自己开轻松,0
2025/4/2 12:31,任何时候我都觉得方向盘握在手里才是最踏实的，其他都只是一个辅助，再先进我也不敢赌[泪奔],0
2025/4/2 12:31,这话可不是才说的，要黑先搞清楚先后[捂脸]何况你高速行车脱手还有理了？法规可是有明确规定的,1
2025/4/2 12:31,现在驾照应该升级带芯片的那种，上车插驾照才能开。驾龄不够的不让上高速。,0
2025/4/2 12:31,智驾这个词可否全部换成辅助驾驶，说白了还是宣传打的察边,1
2025/4/2 12:31,应该还是特斯拉[微笑],0
2025/4/2 12:31,为什么考证？…[大笑][大笑][猪头][捂脸][黑脸]都自动了,1
2025/4/2 12:31,看你网名.就是一小孩,1
2025/4/2 12:31,现在广州，深圳满大街都是无人驾驶汽车跑来跑去[捂脸][捂脸][捂脸][捂脸][捂脸][捂脸][捂脸][捂脸][捂脸][捂脸][捂脸][捂脸][捂脸][捂脸][捂脸][捂脸][捂脸][捂脸][捂脸][捂脸][捂脸][捂脸],0
2025/4/2 12:31,哎,0
2025/4/2 12:31,先确定真实性,0
2025/4/2 12:31,对车不感兴趣然后又去考驾照[尬笑],0
2025/4/2 12:31,找帅哥摸你两下,1
2025/4/2 12:31,平均一百不慢，但是想平均100，极速得去到150,0
2025/4/2 12:31,车都烧的只剩框架了然后高速上又没有监控只能是公说公有理婆说婆有理了呗，据说是在施工路段发生的单方车祸，自驾都检测到前方有障碍了人也应该也能看到才对，不知道他是没看到还是怎么样才没有提前掌管，只能等调查后官方给的数据再说喽[抠鼻],0
2025/4/2 12:31,换着开,0
2025/4/2 12:31,雷军已经有话在先 望车友多多重视 ……,0
2025/4/2 12:31,辅助驾驶开启影响你开车吗？它控制你不给你亲手开车吗？,0
2025/4/2 12:31,种子公司[思考],0
2025/4/2 12:31,那是另一个问题。我回答的是你前一个问题。我不是米粉或米黑，纯路人。我也不会买电车，除非以后老了无所谓了。,0
2025/4/2 12:31,应该找生产刀的工人[看],1
2025/4/2 12:31,让你另一半玩你手机,0
2025/4/2 12:31,[赞][赞][赞][赞]车主家属要多看看这个视频为证,0
2025/4/2 12:31,是的,0
2025/4/2 12:31,找刀商啊，或者找爸妈。,1
2025/4/2 12:31,你不知道当时人车都烧了？不在现场的人多了，知道电池爆燃的人也多了。你一个个的去说吧,1
2025/4/2 12:31,不能脱手，还宣传智能驾驶干什么？明明是辅助驾驶，这不是虚假宣传吗？,1
2025/4/2 12:31,纯属抬杠，100码的速度撞上，你试试看,1
2025/4/2 12:32,买塞牙的牛肉干[呲牙],0
2025/4/2 12:32,你的noa是啥,1
2025/4/2 12:32,所以的智能跟电脑一样的，可能突然死机，再好电脑，都可能突然卡机，车子卡机了你就完蛋了,1
2025/4/2 12:32,那我买智驾配置，那不是智商税吗？还是要我辅助驾驶？,1
2025/4/2 12:32,梦里开车就行了,0
2025/4/2 12:32,[困]对友商的五个大字，同样适用于车主,1
2025/4/2 12:32,槟榔，其他都没用，槟榔有用,0
2025/4/2 12:32,应该说，我提醒过了，再出问题，可别怪我们啊。,1
2025/4/2 12:32,智驾跟自动驾驶是两个东西,0
2025/4/2 12:32,我100不开快车道就不会影响别人，别人能超车自己超车，绝大多数高速都是双车道，100其实不慢了，非得开130 140么，那就自己接管手动开[捂脸],0
2025/4/2 12:32,世界上哪一个车企保证了百分百车祸不起火，都有不确定性的啊  刚出来不久时有一家人还翻深沟里了全人还没事呢[抠鼻],0
2025/4/2 12:32,智驾的意义就是放开双手。,0
2025/4/2 12:32,珍惜生命，不要把生命奇托在智能驾驶上。,0
2025/4/2 12:32,我开车我老公就给五调成智驾，然后对我说我可以不用自己操作[我想静静],0
2025/4/2 12:32,智驾辅助驾驶，不是无人驾驶,0
2025/4/2 12:32,那就把“智驾”改为“辅驾”，智驾容易让人产生误解，一般人会把“智驾”理解为“智能驾驶”，所以，智驾概念有问题,0
2025/4/2 12:32,萝卜快跑是怎上线的,0
2025/4/2 12:32,这不是该你操心的事情,1
2025/4/2 12:32,对呀，又不是无人驾驶,0
2025/4/2 12:32,那省那点钱真是太不值了,1
2025/4/2 12:32,副驾妹子穿黑丝,1
2025/4/2 12:32,活着，对错才有意义。,0
2025/4/2 12:32,槟榔   只要开超过200公里   必备槟榔,0
2025/4/2 12:32,该买买，你想想97迈撞水泥墩，什么车能抗住,0
2025/4/2 12:32,槟榔加烟，法力无边～,0
2025/4/2 12:32,等月底小米SUV发布还得涨一波,0
2025/4/2 12:32,定速巡航你知道你得看着他。但是智驾让你有错觉 感觉自己不用看路了。,0
2025/4/2 12:32,大家都推荐起来把这个短视频,0
2025/4/2 12:32,这波我挺雷子，绝对是哪个开车的以为智驾就可以,0
2025/4/2 12:32,咖啡,0
2025/4/2 12:32,送你好不好,0
2025/4/2 12:32,只是在一个特定区域里，而且后台都是有人看着的，随时接管[发呆],0
2025/4/2 12:32,智驾只是辅助驾驶，倒车入库，侧方位停车可以用。高速上开智驾，也是活腻味了,1
2025/4/2 12:32,自行车为什么不能自己行走还用脚蹬？,0
2025/4/2 12:32,涉事企业联系你了吗[疑问],0
2025/4/2 12:32,我可不要事故车，我在等yu7，我只是讽刺网上那些买不起小米的车看到小米出事了就踩小米说要卖车的那些人[再见],1
2025/4/2 12:32,既然都考过驾照了，为什么还要这些东西辅助？难道不会开吗？,1
2025/4/2 12:32,血淋淋的教训,0
2025/4/2 12:32,提神…打错了[捂脸],0
2025/4/2 12:32,这不就是把人往死里坑，买车时候宣传智驾多牛逼，然后让人家觉得很可靠了。真出事了就说低配的不行[抠鼻],1
2025/4/2 12:32,如果小米赔钱，那以后都不用买保险了，车企全赔吧,1
2025/4/2 12:32,自己的命要掌握在自己的手上。,0
2025/4/2 12:32,你觉得她能活下来？,1
2025/4/2 12:33,换不打瞌睡的开,0
2025/4/2 12:33,方向盘还是握在自己的手里踏实,0
2025/4/2 12:33,交车的时候都交代过了，还要每天都提醒你[捂脸],0
2025/4/2 12:33,天选老板命,0
2025/4/2 12:33,速度是一种信仰,0
2025/4/2 12:33,这次彻底红了[捂脸],0
2025/4/2 12:33,那个后台有人盯着的[捂脸],1
2025/4/2 12:33,三秒时间你能找到锤子不能[看],0
2025/4/2 12:33,小米智驾是L2,0
2025/4/2 12:33,网上说翔是香的难道你也要上去吃两口么？,1
2025/4/2 12:33,[赞][赞][赞],0
2025/4/2 12:33,明天就不是了,0
2025/4/2 12:33,槟榔加烟??法力无边呀？,1
2025/4/2 12:33,我买的凯迪拉克 车上工能提车哪天销售讲了一遍 按键是干嘛的 回来就忘了 后来了解车量 全抖音上搜  安全意识还是要靠自己 遇事4s都让打保险公司 他只提示我啥时候保养 [闭嘴],0
2025/4/2 12:33,说的好还好互联网有记忆[赞]！,0
2025/4/2 12:33,刚搬来的,0
2025/4/2 12:33,蔚小理的智驾就算了吧，别再宣传了，也没再说辅助[捂脸][捂脸][捂脸],1
2025/4/2 12:33,如果装死，说明车的安全系统有问题，还是车的问题。如果烧死就是电池有问题，还是车有问题，我们肯定找盈利的一方，你以为卖车挣钱这么好赚呀？要承担后果的，好事都找你，坏事都不是你。笑话一样。,1
2025/4/2 12:33,武汉试点城市 用大数据支撑事故发生率 人家试点这么久都没敢正式运营,1
2025/4/2 12:33,那你是当事人回来发抖音说打不开门，还是你参与救援想拉开门却拉不开呢。。说白了都是挑对几方有利的说,1
2025/4/2 12:33,"这么危险的车，为了家人和自己的安全，快脱手吧。。
我出一万",1
2025/4/2 12:33,是上限100，遇到车他会自己减速的，嫌弃智驾慢就自己接管踩油门到120，用智驾就接受他的慢，何况其实100我觉得也不慢了，这样子给你的反应时间也宽裕,0
2025/4/2 12:33,法律上是长时间脱手驾驶你好好看清楚,1
2025/4/2 12:33,对，就这样  先把水搅浑  我不行的  别人也别想行[捂脸],1
2025/4/2 12:33,飞机开启自动驾驶后可以去睡觉吗[捂脸],0
2025/4/2 12:33,洗白开始,1
2025/4/2 12:33,好像秦风不是晚上似的,0
2025/4/2 12:33,出了事情谁都为说,1
2025/4/2 12:33,我依然用辅助驾驶，我是问界。,0
2025/4/2 12:33,怪不得没见过小米车主晒智驾的，原来不能放手，要不然会撞。[捂脸],1
2025/4/2 12:33,你脱手过一二十分钟试试呢,1
2025/4/2 12:33,找卖刀的和炼铁的赔钱[咒骂],1
2025/4/2 12:33,带个男朋友[捂脸][捂脸][捂脸],0
2025/4/2 12:33,讲了这么多次好啦[看]有的人就是太过盲目相信智驾一开它开它的我玩我的结果出事了…[捂脸],1
2025/4/2 12:33,那你做什么智驾,1
2025/4/2 12:33,还在自欺欺人   撇清责任,1
2025/4/2 12:33,广西人？,1
2025/4/2 12:33,记住这句话，智能驾驶无论多先进都只是辅助驾驶，五年后的小米汽车发布会上再来重温下[看],0
2025/4/2 12:33,@理想汽车  he tui,1
2025/4/2 12:33,不应该把威胁生命的不完善功能给用户，判断每个功能是否完备，这是车企任务不是客户的任务,0
2025/4/2 12:33,油车有智能驾驶吗？,0
2025/4/2 12:34,听说开车时还开视频聊天是不是,0
2025/4/2 12:34,"车企:车主使用一定知道其中风险。
车主:车企上这功能一定经过了检验。",0
2025/4/2 12:34,哈哈[捂脸][裂开]让人意想不到,0
2025/4/2 12:34,因为他的智驾不行他才这么说,1
2025/4/2 12:34,华子可以提神,0
2025/4/2 12:34,霸王茶姬，一杯顶一天,0
2025/4/2 12:34,时速3 4十公里[捂脸],0
2025/4/2 12:34,他还说了速度是一种信仰,0
2025/4/2 12:34,最好的智驾还是请个司机[看],0
2025/4/2 12:34,得有超远雷达才行，不然高速一秒30米，算力再抢也没用啊,0
2025/4/2 12:34,搞风油精，感觉困了就抹,0
2025/4/2 12:34,没胆就没胆啦，还不感兴趣[抠鼻]我拿证就自己开车，别提多爽[看],1
2025/4/2 12:34,请问你下面的一线销售是怎么跟消费者说的？估计应该有大吹特吹，才有消费者敢完全放手吧,1
2025/4/2 12:34,听dj声音开大点,0
2025/4/2 12:34,想反驳你:把别人“误解”就说肯定别人吹牛逼是错误的推论！你逻辑思维很混乱，你只不过是一个为了黑而黑，根本没有正常罗辑思维！,1
2025/4/2 12:34,挖矿工人收入低，还是找山头吧，山头是国家的，国家有钱。,1
2025/4/2 12:34,主要是雷军不管对错都会尽人道主义,0
2025/4/2 12:34,怎么去监督呢？,0
2025/4/2 12:34,种菜的能赔多少钱，你得找规模最大的环节[微笑],0
2025/4/2 12:34,电车总体来说就是一波收割，拉动内需，在就业，.0部件上下游等[发呆],0
2025/4/2 12:34,槟榔  牛肉干,0
2025/4/2 12:34,我说是长时间脱手了吗,1
2025/4/2 12:34,换副驾开不就行了,0
2025/4/2 12:34,怎么劝，都劝不住，哎,0
2025/4/2 12:34,智驾提前8分钟就提示了，小姑娘玩手机去了,0
2025/4/2 12:34,开过长途的都知道辅助驾驶的作用，没开过的当我没说,0
2025/4/2 12:34,我不宣传是l3不就行了[捂脸][OK],0
2025/4/2 12:34,睡一觉是最好的提神方法,0
2025/4/2 12:34,鼻炎好了吗[抠鼻],0
2025/4/2 12:34,[笑哭][笑哭],0
2025/4/2 12:34,带两个会开车的一起自驾，困了换一个开,0
2025/4/2 12:34,有医生辅助生娃与没有医生辅助生娃都是一样的痛、一样的靠自己鼓劲加油永不放弃求生欲！[捂脸][捂脸],0
2025/4/2 12:34,我不觉得这种撞击人可以清醒，最低代价也是浑身痛疼，头昏脑涨，身体无力,0
2025/4/2 12:34,智能驾驶，应急车道，名字取的很好，但是和你的理解完全不是一回事,0
2025/4/2 12:34,秦风一百二撞了为什么轻伤？还要求赔 M9？这就是你说的一定会晕？你定义出来的？,1
2025/4/2 12:34,让你男朋友坐副驾驶查你手机,1
2025/4/2 12:34,不知道现在有些人怎么想的？竟然把车交给电脑来驾驶，连外星人的辅助驾驶都偶尔有飞碟坠毁，更何况人类的辅助驾驶[捂脸][虎头],1
2025/4/2 12:34,这两个没有关联？[疑问]，我也不是谁的粉丝，纯路人,0
2025/4/2 12:34,是啊特斯拉那么牛逼还烧勒,1
2025/4/2 12:34,你不用智驾解锁不了120，用智驾就锁100，那能不能不要智驾，车卖便宜点，我不买智驾行吗？[躺平],0
2025/4/2 12:34,没有,0
2025/4/2 12:34,座椅上加个针[泣不成声]学习头悬梁锥刺股,1
2025/4/2 12:34,机器人不好用就不开发了么……扫地机器人，拖洗机给生活带来了多少便利，电梯带来了多少便利，要正确使用，而不是在还不成熟的现在就完全脱手啊,0
2025/4/2 12:35,[赞][赞][赞],0
2025/4/2 12:35,武汉的大萝卜还在运行吗？,0
2025/4/2 12:35,从根本解决问题，把手指砍掉就不会再切到了,1
2025/4/2 12:35,把手机给你男朋友,0
2025/4/2 12:35,没见过[尬笑],0
2025/4/2 12:35,自残打耳光最有效的方法[捂脸][捂脸][捂脸],1
2025/4/2 12:35,开辅助驾驶睡觉不也是赌,1
2025/4/2 12:35,出了事看谁推的快,1
2025/4/2 12:35,我在平安证券买股票赚钱了[捂脸] 找谁分钱[捂脸],0
2025/4/2 12:35,有道理[赞],0
2025/4/2 12:35,买的时候吹得那么神,1
2025/4/2 12:35,我早就说过汽车需要用艾德曼合金打造，为啥大家都不重视呢？再不行也得用振金打造，这样才能避免出事！,0
2025/4/2 12:35,L2智驾,0
2025/4/2 12:35,目前我还是开手动，更安全，电车不考虑，出问题了，命在自己手里最安全。,0
2025/4/2 12:35,搞的像前两天出事的是智驾牛逼的车企的车，开的智驾撞了的一样。自己的水平不行，那就去研发提高能力，用道德绑架试图把水搅浑是何居心？？还是说这是某团体群今天发的话术？？,1
2025/4/2 12:35,这是你自己说的，没有证据就别在这里胡说八道,1
2025/4/2 12:35,疲劳驾驶一会，猛然惊醒，保你立马打起十二分精神[灵机一动],0
2025/4/2 12:35,一万一回收[看],0
2025/4/2 12:35,说这些都没有意义，所谓的辅助驾驶，就是像某些普通的定速巡航，毫无意义。光这一项技术用在车上，费用还都得买车的来承担,1
2025/4/2 12:35,为什么没人去注重安全这块？,0
2025/4/2 12:35,买一袋牛肉干，说真的根本顾不上睡觉，前半段在吃牛肉干后半段路想着怎么剔牙,0
2025/4/2 12:35,那雷军，你解释解释，什么叫无人驾驶,0
2025/4/2 12:35,除了华为，都不行,1
2025/4/2 12:35,买一瓶风油精，困了喝一口[看],1
2025/4/2 12:35,什么车安全？,0
2025/4/2 12:35,一手油车不超2万的时候就可以了,0
2025/4/2 12:35,我建议你每次开车给你转门配个助理,1
2025/4/2 12:35,自己把命交给智驾，嫌命长，怪谁？啥品牌都不好使[抠鼻],1
2025/4/2 12:35,脱手主动减速,0
2025/4/2 12:35,专门研制和只作为辅助功能是有本质区别的,0
2025/4/2 12:35,种菜的人，没钱，还是继续找有钱的环节吧,1
2025/4/2 12:35,我没说你们在说定义就是撞晕了，你定义的？,1
2025/4/2 12:35,没有肯定没有绝对没有不可能有[看],0
2025/4/2 12:35,[色][色][色],1
2025/4/2 12:35,哪个门不能开？你家门？你看着了？,1
2025/4/2 12:35,都是辅助驾驶  油车也有 一样的,0
2025/4/2 12:35,无论怎么说，小米都有责任，靠流量就像赚钱，哪有这样的美事，不经年累月怎么能有好的产品。早晚被流量反噬，要拿产品说话。,1
2025/4/2 12:35,奥迪新一代油车搭载华为智驾，已经发布了今年上市,0
2025/4/2 12:36,@果冬,0
2025/4/2 12:36,可惜有些人只会夸大宣传,1
2025/4/2 12:36,这种人我觉得好好笑，又不是停车在那里出不来，差不多100时速撞上去，一两秒的时间，还找毛线锤子,1
2025/4/2 12:36,这个都是特定路线，我们武汉这边反正是这样，只走几条路线,0
2025/4/2 12:36,本来就叫辅助驾驶，人家又不叫全自动驾驶[尬笑],0
2025/4/2 12:36,春运我一天开1000公里，只多不少，能聊天，尽量聊天，再是戴耳机听歌，吃辣，再不行就喝咖啡东鹏这些，喝完服务区休息1-20分钟等咖啡东鹏的效果就走,0
2025/4/2 12:36,没有，小电瓶，带不起来，只有新能源,0
2025/4/2 12:36,@不吃太多糖 [捂脸],0
2025/4/2 12:36,强如造火箭的那个车企也攻克不了,0
2025/4/2 12:36,三元里电池也得禁用了,0
2025/4/2 12:36,你鼻炎好了？,0
2025/4/2 12:36,为什么要监督，自己的命掌握在自己手上，他连自己的性命都不在意了，还监督？,1
2025/4/2 12:36,源神带头的，现在人家自己都怕了，低调卖车,1
2025/4/2 12:36,只要尽到了提醒义务，至于要怎么做就要看个人了,0
2025/4/2 12:36,[疑问]有车内摄像头的！只要国家强制立法，车内摄像头发现车主睡觉不握方向盘是可以被拍到的！你这是认知障碍n,1
2025/4/2 12:36,[捂脸],0
2025/4/2 12:36,都是销售讲的天哗乱坠，当卖点就是不告诉你危害[灵机一动],1
2025/4/2 12:36,不光是小米，油车电车撞击都可能会燃烧爆炸，区别就是电车燃烧太快了，油车可能是慢慢的烧起来，也可能直接就油箱爆炸,0
2025/4/2 12:36,我赌大家不敢用,1
2025/4/2 12:36,智能驾驶是辅助驾驶为什么销售时特别强调多么多么智能,0
2025/4/2 12:36,用智驾，死了不就发现了,1
2025/4/2 12:36,慢啊,0
2025/4/2 12:36,为什么要有智能驾驶,0
2025/4/2 12:36,撞晕的概率更高。,1
2025/4/2 12:36,@@佳肴??,0
2025/4/2 12:36,所有说不管别人咋说自己得长点心,1
2025/4/2 12:36,跟人偶尔聊过这些他们会觉得我们是跟时代脱轨的老家伙智驾在他们眼里是很成熟的高科技回家几百公里全靠智驾都没事，反正是很有代沟那种[泪奔],0
2025/4/2 12:36,自己连自己的命都不顾，那有什么好说的？,1
2025/4/2 12:37,芥末[捂脸],0
2025/4/2 12:37,有[泪奔],0
2025/4/2 12:37,大哥，这是小米的问题吗？你给我找个能放开双手的智驾汽车来，找一个来,1
2025/4/2 12:37,电车车主的理解都是智驾就是自驾,0
2025/4/2 12:37,没文化真可怕,1
2025/4/2 12:37,吃槟榔，来个槟榔绝对提神[呲牙],0
2025/4/2 12:37,轻伤，就代表没晕吗？晕了就是重伤吗？,0
2025/4/2 12:37,的有人盯着随时接管 [呲牙],0
2025/4/2 12:37,从目前公开的信息看，那个司机非常相信智驾，大概率是从发布会上的介绍，结合日常的使用体验做出的结论吧？[发呆],0
2025/4/2 12:37,辅助驾驶我们跑长途喜欢用，人轻松一些，但是人随时都准备接管车子的，安全第一，千万不能麻痹大意。,0
2025/4/2 12:37,不要网暴这个小老头了，他已经说得很清楚了，还做了示范,0
2025/4/2 12:37,副驾坐靓妹,0
2025/4/2 12:37,油车也起火，速度高了谁都不敢保证,0
2025/4/2 12:37,谁不要，卖给我,1
2025/4/2 12:37,安全驾驶，为什么不做到电池着火，人能百分百逃离？,1
2025/4/2 12:37,[赞]有道理,0
2025/4/2 12:37,槟榔都可以啊,0
2025/4/2 12:37,火锅,0
2025/4/2 12:37,你在宣传和发布会上可不是这么说的[看],1
2025/4/2 12:37,你是不是对97没什么概念    撞上水泥墩大部分车都直接散架了,1
2025/4/2 12:37,我若是遇难女孩的父亲，追到天涯海角，也要血仇血报！,1
2025/4/2 12:37,我以为有的人不知道就知道一味的黑呢,1
2025/4/2 12:37,这个真行[强],0
2025/4/2 12:37,嘴都说磨破皮了没人听,1
2025/4/2 12:37,车子都变形，门能打开，翻窗出去好了,1
2025/4/2 12:37,[捂脸]司机不是全责？ 手都离开方向盘了,1
2025/4/2 12:38,糖，个人觉得糖比烟或者饮料跟好,0
2025/4/2 12:38,锥子扎,1
2025/4/2 12:38,指定区域，经过大量数据测试了，且速度不快[抠鼻],0
2025/4/2 12:38,这话又不是最近才说的   是以前就说过,0
2025/4/2 12:38,军儿，永远支持你[赞][玫瑰]！,0
2025/4/2 12:38,我只是探讨一种以后智能车智驾的规范化，你可以解锁120的智驾，但是比如你近一个月内没有被提醒超过几次新样子，平时一直被提醒分心的人就更应该限制他的最高速度。当然可以继续这样子呗，下次再发生又怎么办，又是一波舆论，最终等国家出手限制,0
2025/4/2 12:38,应该找人的生产厂家,0
2025/4/2 12:38,你们这些小号都哪来的,1
2025/4/2 12:38,说得难听一点的，就是没钱买车，大把人有驾照，没有车的,1
2025/4/2 12:38,智驾它会不会打瞌睡[捂脸],0
2025/4/2 12:38,高速上你能保证任何交通工具都安全，你说这话跟开玩笑似的,1
2025/4/2 12:38,是的，[惊恐][惊恐][惊恐],0
2025/4/2 12:38,[捂脸]你们不累么，一样的话一堆人发。,1
2025/4/2 12:38,电车高速撞击后自然很正常，但是a柱未受损说明质量可以,0
2025/4/2 12:38,自己的命只能握在自己手里,0
2025/4/2 12:38,连菊花的智驾一样没用，乘客试驾，结果撞上公交，脊椎断了，所以所谓的智驾，就是把命交给车，一旦出事，看运气吧,1
2025/4/2 12:38,为什么汽车要搞个自动驾驶出来，还辅助驾驶，居然驾驶本都是学出来的，为什么还要弄这个功能出来，简单来说就是竞争市场，不把消费车的生命当回事,1
2025/4/2 12:38,大胆倒，没碰到就是还有空间,0
2025/4/2 12:38,应该立法，开车玩手机都有罚款，开车睡觉还没见到有处罚！不处罚就是纵容,0
2025/4/2 12:38,那就不要辅助了，干嘛弄这些呢，反而更加危险，花里胡哨的东西,1
2025/4/2 12:38,不开就行了[抠鼻],0
2025/4/2 12:38,和车没关系，主要还是人,0
2025/4/2 12:38,人直接晕了怎么开，你意思是出车祸自动打开门吗,1
2025/4/2 12:38,萝卜是百度的产品，都不值得拉出来批斗了,1
2025/4/2 12:38,没有这帮子人大力宣传，会有人莫名其妙的去“误解”吗？就好比小时候没有周边的人跟你说有“鬼”，你会不会怕鬼？还我没有逻辑。不成熟的智驾被铺天盖地的宣传，这些人都是罪魁祸首。,1
2025/4/2 12:38,你开过车不，短暂脱手总有偶然情况吧，如果短暂脱手车辆就失控了那就真要检查车辆是不是出问题了,0
2025/4/2 12:38,那你看看小米车祸前多少分钟就的提醒驾驶人员了，驾驶人员自己当耳边风,0
2025/4/2 12:38,有人想搞我雷哥，米军出征，[看]雷哥股票都跌了，车杂不跌啊，穷哥们想买啊[流泪],1
2025/4/2 12:38,嗯，主要你穷，名都不值钱[泪奔],1
2025/4/2 12:38,智驾不自动，干嘛叫智驾，叫辅驾不是更妥当,0
2025/4/2 12:38,谁证明三个女孩子脱手了？,1
2025/4/2 12:38,核心还是他们的智驾目前才起步，太差了,1
2025/4/2 12:39,那是阎王的事,1
2025/4/2 12:39,槟榔果[不失礼貌的微笑][不失礼貌的微笑],0
2025/4/2 12:39,打死不买电车[捂脸],1
2025/4/2 12:39,让你另一半玩你微信[微笑],0
2025/4/2 12:39,你才是胡说八道吧？自己不会去看她男友发的聊天截图吗？不会结合截图的消息回复时间跟官方的车辆系统日志看吗？,1
2025/4/2 12:39,那是车企该考虑的问题,0
2025/4/2 12:39,哪里夸大了[尬笑],0
2025/4/2 12:39,别坑害人了,1
2025/4/2 12:39,呼噜哥出来走两步[呲牙][呲牙],0
2025/4/2 12:39,有处罚的，上次有个博主用智驾不碰方向盘给举报了，一样罚,0
2025/4/2 12:39,智驾   是 谁提出的这个概念，一直叫辅助驾驶该多好,0
2025/4/2 12:39,那你给我买  我用,1
2025/4/2 12:39,我建议你骑个三轮车，千万别去路上，车速也不要超过20码,1
2025/4/2 12:39,普天同庆[泪奔],0
2025/4/2 12:40,主要是从那来的开不了门这个消息？驾驶员出车祸马上打电话给家人说门打不开？出车祸后车主就收到小米客服电话了，车主给驾驶员打电话没人接，这不就说明人已经晕了或者凉了吗[暗中观察][暗中观察][暗中观察],1
2025/4/2 12:40,那不直接出事[尬笑],1
2025/4/2 12:40,是不是还不如人不接手[发呆]已经减速了，人接手后慌了打了方向盘。,0
2025/4/2 12:40,这个问题，每方都希望安全，但不注重自己安全的人太多，车祸每天都大量发生，再安全的车出事也得死人！另外商业产品，不可能无限堆料安全的，没消费者买单！沃尔沃注重安全，结局被收购。每个人是自己的第一安全责任人，自己没意识早晚要死的,1
2025/4/2 12:40,也没有人拿枪指着你让你买吧,1
2025/4/2 12:40,那无人网约车怎么回事,0
2025/4/2 12:40,这些不反驳，车在路上行驶危险系数较高，卖车的时候为了销量可没少推宠这一项吧！既然不成熟，卖的时候就要说出弊端，而不是发生这类的事之后在去补救！不光是小米还有其它车型！,1
2025/4/2 12:40,摔了顶肋叉子,0
2025/4/2 12:40,那他存在意义在哪，买了这个功能，不能用，买它干嘛[捂脸],1
2025/4/2 12:40,看看刀上是谁家的，然后上网查投诉电话告他[灵机一动],1
2025/4/2 12:40,提个屁的神，累了就歇会儿，休息好了在上路。不要指望功能饮料，安全，安全、还是安全。,0
2025/4/2 12:40,脱手 开车，这不就是赌命吗？[吃瓜群众],1
2025/4/2 12:41,在家骑自行车 安全,0
2025/4/2 12:41,智驾：有条近路能飞过去，我带你走一趟[看],0
2025/4/2 12:41,服务区睡一下,0
2025/4/2 12:41,那我问你 如果没脱手撞上水泥墩是谁的原因？,1
2025/4/2 12:41,雷总早已说过，不能双手离开方向盘,0
2025/4/2 12:41,小米不是智驾，标准版连个激光雷达都没有，只是辅助驾驶,1
2025/4/2 12:41,香菜[看],0
2025/4/2 12:41,智驾不是不能用，只是不能完全依赖智驾，他只是辅助功能，懂么？按你这么理解，没用的东西就不去研发，你现在的便利生活怎么来的？,0
2025/4/2 12:41,不晓得是哪个厂家提出来的“智驾”，然后一帮不戴脑子的认为那是“自动驾驶”,1
2025/4/2 12:41,问一下你买的啥车？,0
2025/4/2 12:41,[捂脸][流泪]所以雷总好无辜。,0
2025/4/2 12:41,自动驾驶就该禁止,1
2025/4/2 12:41,还油车自动挡吧，手动挡真的是要搞死人真的累啊[捂脸],0
2025/4/2 12:41,把辅助驾驶做到可靠安全就可以了，自动驾驶没必要,0
2025/4/2 12:41,可能他们理解成，智能自动驾驶！以为是终结者呢,0
2025/4/2 12:41,发布虚假消息的赔钱,1
2025/4/2 12:41,为啥他35往上的车没见烧一辆？,1
2025/4/2 12:41,唉。以前各家都在吹0接管。这件事也算给大家敲警钟。就是代价太大,0
2025/4/2 12:41,自动挡我都不敢开 他们竟然敢自动驾驶,0
2025/4/2 12:41,不管什么时候都要相信自己……,0
2025/4/2 12:41,开120就不会打瞌睡。开90一定会。,0
2025/4/2 12:42,会开得那么快吗？,0
2025/4/2 12:42,你要不要看看你在说什么，你小学都没毕业吧？别人问你有什么证据说张三杀人了，你说，别洗了，张三经常偷东西？？？你对就事论事有什么误解吗？,1
2025/4/2 12:42,高德导航，提示前面道路施工，提示对面来车，提示后面有快速车，还是很有帮助的，虽然它不能控制车子，但是会提前提示,0
2025/4/2 12:42,所以看不惯啊，有些人对车不太了解，买车时候给人家一吹智能驾驶多牛，然后就真用了[捂脸]。我反正不敢用这玩意,0
2025/4/2 12:42,你怎么知道驾驶员把提醒当耳旁风了，反过来你应该好好看看小米提供的系统记录，当智驾遇到路上障碍要求人工操控时驾驶员一秒钟就接管了，这是脱手驾驶？说话都要讲证据好吗,1
2025/4/2 12:42,2017年，我开的福特，60多码下雨天下高速圆形辅道打滑撞了护栏，护栏屁事没有雷打不动，我车头到内保险杠全废，还好后方一辆大货车看到我提前刹车停了，不然滚犊子。97码去试试，命还在不在。私家车撞护栏跟撞水泥墩一个道理。,1
2025/4/2 12:42,牛肉干，塞牙。或者口香糖,0
2025/4/2 12:42,童年回忆,0
2025/4/2 12:42,我记得以前华为不能用5G的时候，可不是这么说的啊[捂脸][捂脸][捂脸],0
2025/4/2 12:42,军儿还是可以的,0
2025/4/2 12:42,建议雷军在小米电车上内置一个安全指南，任何驾驶员必须看完安全指南才能解锁车辆启动开关……[抠鼻],0
2025/4/2 12:42,那就不要总是吹嘘这个东西,1
2025/4/2 12:42,那就不要开车去，坐车，高铁，飞机。,0
2025/4/2 12:42,坑啥了 雷军自己都老早就发过抖音说只能辅助驾驶不能双手离开方向盘 你看看他视频呢 哪款车什么时候宣传让驾驶员可以放开双手了 自己不把自己命当命就是活该,1
2025/4/2 12:42,用力掐大腿，掐疼了就不困了[捂脸],0
2025/4/2 12:42,油车难道没出过事？开车要自己注意,0
2025/4/2 12:42,我开三轮车也怕那些自动驾驶的啊，中控坏，刹车不灵……唉……,0
2025/4/2 12:42,你那个速度撞击，你头脑都是懵的，甚至有可能昏迷或者当场去世，你还想着开车门出去？而且那个速度，车体变形很正常，你没讲过消防救援都要破拆嘛,1
2025/4/2 12:42,这个提议非常好，不要动不动什么遥遥领先，什么断层式领先，2.9999无限接近3，踩到油门都没事，一大堆屁话。你就说是L几就完了。另外吧L1-L5能干什么，有什么问题放入驾考里。,0
2025/4/2 12:42,我坐了我朋友的M7，确实不错[捂脸],0
2025/4/2 12:43,特斯拉才能脱手，其他的不行,0
2025/4/2 12:43,那当然是两家都找了，双倍赔偿[看],0
2025/4/2 12:43,逃不逃生放一边，着火是为什么？为什么电池充电不上楼？,1
2025/4/2 12:43,我的意思是产品既然不成熟，为什么卖半成品给消费者，你去4S店，导购能把智驾吹上天，往往误导了消费者，明白了吗[看],1
2025/4/2 12:43,给前男友打电话 [宕机],0
2025/4/2 12:43,你自己好好看看，科目一怎么过的？脱手就不行，就没有长时间短时间的说法。你脱手那只是你个人驾驶习惯问题，别说得交通法和你一样随意。还什么不能长时间脱手，长时间脱手不是违法，是要命[酷拽],1
2025/4/2 12:43,[看],0
2025/4/2 12:43,发布会就没怎么说，只有华为才会一直说,1
2025/4/2 12:43,想多了吧，,1
2025/4/2 12:43,那你得找第一个提出这个智驾的某为[抠鼻],1
2025/4/2 12:43,想起了16.8亿种驾驶模式[捂脸][捂脸],0
2025/4/2 12:43,困了就咬个打火机[再见],1
2025/4/2 12:43,电车还是不行，一但发生车祸自然的几率我看比燃油车高很多,0
2025/4/2 12:43,说了就是不听，不听就活该[微笑],1
2025/4/2 12:44,那可太多了，你找个长途货车司机问问就知道了，比如冰水浇头，打自己耳刮子，掐自己腰侧，放嗨歌，偶尔的自己嗷嗷嚎几嗓子，坐着上下活动一下，这样一口气干个千把多公里正常的很[看],0
2025/4/2 12:44,你好好看看小米提供的系统记录吧，能不能看懂事发时的情况,0
2025/4/2 12:44,你要不看看雷军这些话是什么时候说的？一直都在说，但是那个女生听了么？出了事现在来怪智驾的功能，是工具的问题么？别说智驾成熟不成熟，你考驾照的时候会让你用智驾考么？,1
2025/4/2 12:44,华为的智能驾驶最靠谱了。没有之一。,0
2025/4/2 12:44,你看到她们没有手握房子盘？,1
2025/4/2 12:44,王传福：雷总，我可没说你[呲牙],0
2025/4/2 12:44,困了就去服务区睡觉[尬笑][尬笑],0
2025/4/2 12:44,为了避免其他小米su7车主发生这种情况 请把车过户送给我谢谢，别不知好歹[呆无辜],1
2025/4/2 12:44,老司机都是相信自己！,0
2025/4/2 12:44,主要是爆燃，别扯别的,1
2025/4/2 12:44,卖车的时候不要标智能驾驶，标l2级辅助驾驶。都是营销搞出来的误解人的东西。,0
2025/4/2 12:44,前两天回老家打的顺风车，埃安电车，全程智驾，真的吓死了[微笑],0
2025/4/2 12:44,智驾和你小米有半毛钱关系？？自己家智驾什么水平不知道？？把矛盾往智驾上引，又能影响友商的可信度，还提高自家名誉，不得不说你们会营销。但是不好意思，你们非要这样搞，那就见一个举报一个。好好的自己去提升技术不行？？？,1
2025/4/2 12:44,780公里，6个多小时，一瓶口香糖。第二天牙臼都疼了[捂脸],0
2025/4/2 12:44,作,0
2025/4/2 12:44,必须的 要有车感才行,0
2025/4/2 12:45,是的，但是手动你要自己操控车辆，现在的电车都在宣传智驾。可能我表达不清楚。,0
2025/4/2 12:45,[捂脸],0
2025/4/2 12:45,开智驾跟把方向盘交给别人没区别，方向盘交给别人，就是把命运交给别人，不怨嗷，依赖智驾开什么车？现在就是全世界也没有哪个车企可以做到完全的自动驾驶，全部都是辅助驾驶，我自己开车都是全部辅助功能都关闭的，我不放心[微笑],0
2025/4/2 12:45,所以呢，这不是小米公布的嘛？你倒是说说哪里有问题？,1
2025/4/2 12:45,命还是要把我在自己手上 [微笑],0
2025/4/2 12:45,槟榔加烟,1
2025/4/2 12:45,不安全，为什么，不招回，取消智驾，教训还不够吗？,1
2025/4/2 12:45,带着我，我给你开车,0
2025/4/2 12:45,把手机给你老公,0
2025/4/2 12:45,现在过分依赖智驾了,0
2025/4/2 12:45,你不是会谈法律吗，那你拿出法律依据啊,1
2025/4/2 12:45,我决定换车的话要换八万块以下的油车[呲牙]，我不会追求什么先进的功能与漂亮的内饰，好开省油最重要[呲牙],0
2025/4/2 12:45,一步到位了[微笑],0
2025/4/2 12:45,这还用看吗？智能驾驶然后不行了，两秒就撞车了，这不是小米问题是什么问题？你都叫智能驾驶了，就算我手扶着方向盘，你两秒让我做反应，谁能做到[泪奔],1
2025/4/2 12:45,我们关心的是着火问题，其他都是扯蛋,1
2025/4/2 12:45,武汉的萝卜了解一下[看],0
2025/4/2 12:45,智驾初衷是辅助驾驶员，不是代替驾驶员，还是建议大家专心开车，不要把生命当儿戏，对自己及车上的乘客负责，愿逝者安息，愿大家平安,0
2025/4/2 12:45,你指着我就买了,1
2025/4/2 12:45,两包槟榔两包烟[捂脸],0
2025/4/2 12:46,提醒那么多次，就是不听！自信的很啊[不失礼貌的微笑],1
2025/4/2 12:46,这个视频一定要推出去,0
2025/4/2 12:46,是那个缺德货把辅助驾驶改名字叫智能驾驶的，给人听着就是自动驾驶。CCC,1
2025/4/2 12:46,车机提示接管你不踩刹车对吧？有点脑子好不好，开过新能源嘛,1
2025/4/2 12:46,我怕你买不起,1
2025/4/2 12:46,那肯定是怪菜了，没有菜，就不会拿到去切了，也就不会划破指甲了。,1
2025/4/2 12:46,开车在于开，智驾不如直接坐车，雇个司机就行了,0
2025/4/2 12:46,现在的车不是不用开启智驾也会带有碰撞预警和主动刹车吗，难道电车没有,0
2025/4/2 12:46,牛肉干，塞牙缝了你就毫无困意,0
2025/4/2 12:46,对了哈哈哈看到这样的评论还是有聪明的人,0
2025/4/2 12:46,简单 碰到一个服务区就进去休息一下,0
2025/4/2 12:46,买个电棒，困的时候电一下就好,1
2025/4/2 12:46,赶紧让我的宋L自燃，我好买过一台,1
2025/4/2 12:47,让你老公翻你手机,1
2025/4/2 12:47,感觉累了就去服务区休息半个小时,0
2025/4/2 12:47,你说智能手机要不要用手操作,0
2025/4/2 12:47,[赞]说得有理！不过都看到这点，还得靠工程师去攻破,0
2025/4/2 12:47,[捂脸],0
2025/4/2 12:47,好像只是你自己没看到人家说弊端吧,1
2025/4/2 12:47,哈哈哈,0
2025/4/2 12:47,智驾广告给人的误导太多了。,0
2025/4/2 12:47,买不买的起不是你说的,1
2025/4/2 12:47,不懂就问，小米苏七有自己的智能驾驶吗？,0
2025/4/2 12:47,不是提醒的事，要么功能不上线，上线就必须是经得起考验！,0
2025/4/2 12:47,宁德时代得电池，爱着火吗？,0
2025/4/2 12:47,不经常吃的人受不了，开车吃的发软[捂脸],0
2025/4/2 12:47,不然呢？,0
2025/4/2 12:47,他的好不好数据说了算，要不能奥迪、宝马不会贴脸上！,1
2025/4/2 12:47,网上啥都不多就是吹牛的多，黑子多，喷子多[微笑],1
2025/4/2 12:47,出门准备一包从冰箱里拿出来的湿纸巾，困了就搽脸，我上次就是这样干的[捂脸],0
2025/4/2 12:47,那路上的无人驾驶出租车全是什么,0
2025/4/2 12:47,我连定速巡航都没有用过！更别提让我相信什么智驾！,0
2025/4/2 12:48,有了这个辅助驾驶之后，很多司机直接睡觉,1
2025/4/2 12:48,行动上支持也信任小米[赞],0
2025/4/2 12:48,现在是说车门为什么打不开的事儿,0
2025/4/2 12:48,我倒车都不相信倒车影像，看倒车镜 。倒车影像辅助用用，相信自己的眼睛,0
2025/4/2 12:48,没开过电车，是不是所有的电车都很小米一样有两个开门开关？,0
2025/4/2 12:48,是你看不懂吧[尬笑],1
2025/4/2 12:48,你好好了解一下L2级别辅助驾驶吧，明确要求驾驶人员需要一直注视前方路况，并且不能脱手方向盘，说白了就是驾驶人员心大，把辅助驾驶当自动驾驶，自己分心造成此次车祸,0
2025/4/2 12:48,真的是这样,0
2025/4/2 12:48,不不不，应该找矿场[奸笑],1
2025/4/2 12:48,永远都是人类创造科技，科技只是为了给我们的生活带来便利。,0
2025/4/2 12:48,不如取消智驾辅助自动驾驶,0
2025/4/2 12:48,当初特斯拉舆论比这猛多了,0
2025/4/2 12:48,你出车祸就算昏迷了也不想电池爆燃烧死吧，消防破拆电池爆燃也没机会破拆吧，就算是死了你也不想被烧的就剩骨头架子吧。电池爆燃解决了再出厂你也是受益人,1
2025/4/2 12:48,听你这样话有玄虚，希望所有制造电动车商不要为利益制造不成熟的功能，归根结底就不应该存在智能驾驶功能没有安全感感觉在玩命。,0
2025/4/2 12:48,反正我就看不起用智驾的人，什么车都一样，除了自动泊车功能我觉得有用，其他的功能自己有手有脚完全可以自己开，至于油车和电车我倒是无所谓，毕竟只是工具，开车的人才是关键,1
2025/4/2 12:48,那你不买不就行了吗    说出来是想让别人觉得你很高大上吗,1
2025/4/2 12:48,怎么着遇到水军了？,1
2025/4/2 12:49,着火问题被跑题，特斯拉不着火，国产车都着火，手握方向盘一样烧死，几秒爆燃,1
2025/4/2 12:49,飞机都是自动驾驶，以后都能实现,0
2025/4/2 12:49,不脱手还能撞水泥护栏吗？这不是完全依赖智能辅助驾驶吗，谁会给自己只剩两秒反应时间，发现情况早就减速刹车了,1
2025/4/2 12:49,你咋知道车门打不开？,0
2025/4/2 12:49,水军出动[呆无辜],1
2025/4/2 12:49,一直都是这样觉得的[微笑],0
2025/4/2 12:49,没办法，比亚迪一样[捂脸],0
2025/4/2 12:49,司机跟你说打不开了？,0
2025/4/2 12:49,着火那些用户，还会买电动车吗？,0
2025/4/2 12:49,你怎么知道是打不开还是没人活着去打开？,1
2025/4/2 12:49,交警跟你说打不开了？,0
2025/4/2 12:49,搞个机器手臂，提醒了手还不握方向盘，就用机器臂拉你的手放在方向盘上，再涂胶水粘在一起，您看怎么样,1
2025/4/2 12:49,牙刷，坐副驾都不敢睡觉的我，智驾完全就是摆设[阴险],1
2025/4/2 12:49,飞机都是自动驾驶,0
2025/4/2 12:49,现在现在智驾本来就是辅助驾驶,0
2025/4/2 12:49,可以电击，打火机有那个小小的东西[呲牙],1
2025/4/2 12:50,人活没活着还两说么  怎么打开车门,1
2025/4/2 12:50,超速研发制造迫不及待推出市场打着高科技热点吸引贪新鲜、虚荣、好炫的人用钱做白老鼠来完善产品技术成熟节省产品沉淀成本又可以赚钱一石二鸟，为自己的虚荣、好强、贪婪买单，逃脱社会责任，也逃不掉良心的内疚与自责，弱肉强食的世界从来就不是虚无存在的,1
2025/4/2 12:50,你通灵啦？,1
2025/4/2 12:50,为你点赞以自己的安全为第一,0
2025/4/2 12:50,槟榔嚼多致癌,0
2025/4/2 12:50,你用智驾试试你的反应，着火问题才是核心,0
2025/4/2 12:50,这玩意一直都是说的辅助驾驶，也没人说是全自动啊，而且这是l2级别的智驾，都不到l3，怎么敢脱手的呢,0
2025/4/2 12:50,你脱手是在你确保全面路况暂时安全的情况下才会脱手，这个每个驾驶人员都有过,0
2025/4/2 12:50,智商堪忧的人，无语,1
2025/4/2 12:50,[你不大行]L2级别的 在市区路况下 各种加塞 电动摩托车横行 用不了 在高速速度太快 一点事故就是车毁人亡,1
2025/4/2 12:50,下次她应该知道开车是要用手脚的了[捂脸][捂脸],0
2025/4/2 12:50,你怎么知道是车门打不开，难不成车门是你焊死在上面了[看],1
2025/4/2 12:50,那是传奇标贴的丰田标,0
2025/4/2 12:50,这个视频是每个用户都知道吗,0
2025/4/2 12:50,智商堪忧的人,1
2025/4/2 12:51,有的功能估计被4S店销售吹得误导客户了，不能全怪厂家,0
2025/4/2 12:51,找厂家啊，这刀怎么能弑主呢,1
2025/4/2 12:51,有没有怕死的，把车送给我吧[泪奔],0
2025/4/2 12:51,我考驾照的时候智驾还没出世呢， 任何东西都可以开发出来，给大家提供便利的服务，这是以后为人民为国家的发展，都是有利的！智驾也好，无人驾驶也好，但技术不成熟的时候，不要总是去夸大吹嘘，误人子弟！,0
2025/4/2 12:51,我也不用这玩意，就是想吐槽下吹智能驾驶然后出事了又找各种理由的,1
2025/4/2 12:52,有人陪你聊天比什么都提神,0
2025/4/2 12:52,我要有钱必买,0
2025/4/2 12:52,你坐驾驶员旁边看到她这样开车的？先去读懂小米提供的系统记录,1
2025/4/2 12:52,天上有什么障碍物？,0
2025/4/2 12:52,脱手有提醒，但经过几次提醒之后仍未进行有效操作，就应该主动降速,0
2025/4/2 12:52,我刚睡醒  发生了什么？,0
2025/4/2 12:52,对的，很多年轻人开上小米可能自我感觉是一种时尚，稍微会放纵一些。任何车都要安全驾驶[碰拳],0
2025/4/2 12:52,我可以给你提神。一犯困我就摸摸你小手摸摸你大腿。[捂脸][捂脸][捂脸][捂脸],1
2025/4/2 12:52,应该没有哪个车厂敢说自己的车能在发生碰撞后车门一定能打开吧？,0
2025/4/2 12:52,这个提议好，避免车主们陷入概念误区，安全出行[赞][赞][赞],0
2025/4/2 12:52,无人驾驶和辅助驾驶功能还是有区别的吧,0
2025/4/2 12:52,你要买无人驾驶，不应该买辅助驾驶,1
2025/4/2 12:52,肯定智驾睡着了。,1
2025/4/2 12:52,l2的智驾就是定速，车道保持那些，并没有说能完全做到自动驾驶，突发情况是需要人为干预的,0
2025/4/2 12:52,[捂脸],0
2025/4/2 12:52,这个时候有个男朋友很重要，他驾驶[偷笑],0
2025/4/2 12:52,两次提示后就是这样的警示 并有报警提示音[尬笑],0
2025/4/2 12:52,合资车叫辅助，国产车叫智驾,0
2025/4/2 12:52,两块五一瓶风油精，可以用好久[尬笑],0
2025/4/2 12:53,小米目前公布的日志差了十几分钟好吗？,1
2025/4/2 12:53,不是抓车企  是抓小米,1
2025/4/2 12:53,美式咖啡[赞],0
2025/4/2 12:53,公交车司机手握方向盘，车撞烂没智驾，车也烧烂,0
2025/4/2 12:53,直接叫辅助驾驶，别忽悠智能驾驶,1
2025/4/2 12:53,对，只不过有些车机械开门藏的有点深，所以你买电车需要问清楚机械开门拉环在哪[笑哭],0
2025/4/2 12:53,不会完全失去意识，总体有人清醒的,0
2025/4/2 12:53,哥只开BBA,0
2025/4/2 12:53,那些买“智驾车”送司机的宣传，是不是涉嫌违法犯罪？,0
2025/4/2 12:53,都是商家忽悠的,1
2025/4/2 12:53,我买啥跟这有毛关系,1
2025/4/2 12:53,我也觉得可能是才买的车，然后想带着朋友出去秀一下这样，太过相信智驾了，或者说把智驾当成智能驾驶了,0
2025/4/2 12:53,车门锁死打不开，我感觉基本不成立， 100%就是当时就撞晕了，如果真的人还是清醒的，打不开，肯定会打求救电话的。就是撞车到起火期间，这三个女孩有没有向外拨求救电话？,1
2025/4/2 12:53,不脱手脱脚还要智驾干嘛？没用。,1
2025/4/2 12:53,出事了说是辅助驾驶，那买车时候呢，有些车型可是直接写的某某长续航智驾版本[看]，何不一开始就说清楚？,0
2025/4/2 12:54,能不能带点脑子，自己思考一下，而不是听传销号一面之词呢？,1
2025/4/2 12:54,对，到底是看路还是看屏幕,1
2025/4/2 12:54,武汉市区都可以跑,0
2025/4/2 12:54,手都不握方向盘肯定算违法驾驶,0
2025/4/2 12:54,小米终究还是暴雷了[不失礼貌的微笑][不失礼貌的微笑][不失礼貌的微笑],1
2025/4/2 12:54,这个车好可怕，有没有小米车主不敢开想换车的，十万诚意收车[感谢],0
2025/4/2 12:54,别家的不知道，但是小米明确说智驶只是辅助驾驶，安全驾驶还是需要靠人，而且还建议车主开辅助的时候手不要离开方向盘观察路况，你非要开着睡觉[抠鼻],0
2025/4/2 12:54,没脱手的话，那这个撞石墩问题是谁呢[看],0
2025/4/2 12:54,别说这种话。下个有可能就是你，这话不能乱说,1
2025/4/2 12:54,那萝卜算什么,0
2025/4/2 12:54,你先了解下什么是L2智驾,0
2025/4/2 12:54,我觉得跟脱不脱手没有多大关系,0
2025/4/2 12:55,经常跑高速的连定速巡航都不敢用，真没想到有人敢完全信任所谓ai去跑高速[尬笑],0
2025/4/2 12:55,不是车主动给车司机，而是司机主动接手，,0
2025/4/2 12:55,我,0
2025/4/2 12:55,任何的车高速碰撞摩擦都会起火...[嘿哈],0
2025/4/2 12:55,我都萝卜快跑打车100单以上，安全的很,0
2025/4/2 12:55,林志颖那个事估计大家都忘了,0
2025/4/2 12:55,好多黑粉,1
2025/4/2 12:55,建议报警吧,1
2025/4/2 12:55,吃花生米，最好是生的,0
2025/4/2 12:55,所有厂家说的都是辅助驾驶，需要双手握住方向盘的。不是让它自动驾驶。自己想干嘛就干嘛。说破天还是自己问题。,0
2025/4/2 12:55,火车也可以自动驾驶，你不看看人家是什么线路？,0
2025/4/2 12:55,建议两个都找，为什么钢厂要卖钢给刀厂,0
2025/4/2 12:55,是的呀，人接管后退出智驾，那你扯什么直接自动退出呢,1
2025/4/2 12:56,为啥不提前预警,0
2025/4/2 12:56,那是因为他的车不行,1
2025/4/2 12:56,智能驾驶是电车的一大卖点，在不同品牌试驾都会展示这个,0
2025/4/2 12:56,嚼口香糖,0
2025/4/2 12:56,那你说跟什么关系？,0
2025/4/2 12:56,来你找个100km/h撞上去不死人的？你找个品牌，自己双手都脱离方向盘了，还搁这里怪品牌，搞笑,1
2025/4/2 12:56,车主自己买的标贴上去的，丰田没有出那款车子，自己了解一下,0
2025/4/2 12:56,为什么要搞无人驾驶，如果是公交上搞无人驾驶，万一出了事故，后果不敢想象！！,0
2025/4/2 12:56,我看到你发的东西感觉你很恶心。,1
2025/4/2 12:56,开俩车精神抖擞[看],0
2025/4/2 12:56,看清楚人是电池爆燃烧死的，电车整个底盘都是电池包，油车一个电瓶在车头。,0
2025/4/2 12:56,我换车4年了，定速行航我就用过几分钟就关了没用过了，14年驾龄,0
2025/4/2 12:56,你不看看以后啥技术，你还停留洛基亚机子好用,1
2025/4/2 12:56,22：17，开启智驾，22:44出事，27分钟的放飞自我，3条年轻生命，代价太大了！,0
2025/4/2 12:57,智能只是辅助，所以再先进的汽车还是要掌握在自己手中为好[尬笑],0
2025/4/2 12:57,谁会用智驾试自己反应，就是自己分心驾驶，智驾只是辅助驾驶，驾驶员的都在高速开车回微信了,1
2025/4/2 12:57,你脑子就有问题，驾驶人员如果注意力是看着前方路况的，她早就看到前面路线变道了，,1
2025/4/2 12:57,44分24s发出减速提醒，25s车主接管，26s撞车？你看了公告？,1
2025/4/2 12:57,我还是相信我自己[呲牙],0
2025/4/2 12:57,出现这几次事故，人家车技碰撞前两秒退出智驾模式，也不算车辆责任,0
2025/4/2 12:57,你是觉得这话是刚说的？    这视频是以前的,0
2025/4/2 12:57,40多年的驾龄了啥车都开过，巡航定速都不用，我只相信自己,0
2025/4/2 12:57,碰撞就起火    车门打不来    看来技术还是不行啊     还贵,1
2025/4/2 12:57,[赞][赞][赞],0
2025/4/2 12:57,不怕大家笑话  我连车都不敢买,0
2025/4/2 12:57,珍爱生命吧宝贝,0
2025/4/2 12:57,bba也会出事[捂脸],0
2025/4/2 12:57,全国一天有多少事故，全部去找汽车生产商负责啊，他们不生产汽车就没车祸了,1
2025/4/2 12:57,以后技术都能实现，你还觉得诺基亚好用吧,0
2025/4/2 12:58,我站我雷叔,0
2025/4/2 12:58,100的速度撞水泥墩有人能自己开车门走出来？   你能吗？,1
2025/4/2 12:58,其实高速更好开,0
2025/4/2 12:58,没有第一时间推脱责任，很不错的老板,0
2025/4/2 12:58,这玩意后面有监管人员车上传感器装满了[看],0
2025/4/2 12:58,哈哈哈,0
2025/4/2 12:58,高速上忽然减速你觉得合适吗？,0
2025/4/2 12:58,相信智驾的人，唯有涉世未深的小年轻或脑壳少根弦的人，不接受任何反驳！,1
2025/4/2 12:58,去看着火视频，小磕碰几秒烧完,0
2025/4/2 12:58,你是小学毕业生吧。题目都看不明白,1
2025/4/2 12:59,自己没脑子怪谁    有谁宣传可以拖手驾驶    国家法律都规定了开车手不能离开方向盘   自己不握方向盘怪谁,1
2025/4/2 12:59,那不还是撞了,1
2025/4/2 12:59,就是专注提速就行 提速越快性价比越高,0
2025/4/2 12:59,是烧死的不是撞死的，电池太危险,1
2025/4/2 12:59,道路绿化施工，想围就围。人有时也会措手不及，责任重大。,0
2025/4/2 12:59,着火吗？,1
2025/4/2 12:59,我也不用，我只信我自己！,0
2025/4/2 12:59,小米天天吹智驾，小米车是智驾吗，目前只有华为才能说的上是智驾，所以才有驾驶员睡着了车子自动开回家的,1
2025/4/2 12:59,既然智商堪忧那去看看脑子[看],1
2025/4/2 12:59,特斯拉不着火[捂脸]？,0
2025/4/2 12:59,军哥最近好难啊@白茶 [流泪],0
2025/4/2 12:59,好,0
2025/4/2 12:59,一旦发生异常，是先踩刹车撤掉智驾，光手扶方向盘有什么用？,0
2025/4/2 12:59,本来是辅助倒车的 各个车企都上了，政府不禁止，车企没有就没销量[捂脸],0
2025/4/2 12:59,帅哥,0
2025/4/2 12:59,其实我还挺喜欢看智驾测评的，拍摄者都是在车里刺激嗷嗷叫[捂脸]但是这些博主在拍摄时候哪怕是双手放开全自动驾驶，也是手在方向盘大概二三厘米的地方准备情况不对随时接管，且都是高度集中注意力的[捂脸]不太懂为什么有人这么信任智能驾驶，能够分心去做别的事,0
2025/4/2 12:59,说实话，可能我比较保守吧~驾龄9年，我车有定速定航功能，但我很少用…还是相信自己多于科技吧！个人意见而已，不喜勿喷[捂脸],0
2025/4/2 13:00,你继续念稿子,1
2025/4/2 13:00,不知道奶茶可不可以，我喝完奶茶半夜三四点都睡不着[捂脸],0
2025/4/2 13:00,不怕烧死你就开纯电车[感谢],1
2025/4/2 13:00,用的那家的电池啊,0
2025/4/2 13:00,拿捏个毛，有事说事，把调查结果拿出，起火就不对了,1
2025/4/2 13:00,对自己狠一点[酷拽][酷拽][酷拽]我犯困都是抽自己大嘴巴,1
2025/4/2 13:00,就这个开法油车来了也白搭   120的速度手不握方向盘,1
2025/4/2 13:00,为什么要用华为这种辣鸡，,1
2025/4/2 13:00,智能依赖的是传感器，不会有人眼好用，人眼老远就能发现就能通过大脑分析做出决策，智能的机器只是程序。,0
2025/4/2 13:00,国家应该出一个规定，强制所有配备L2级别辅助车辆监控驾驶行为，驾驶员不能视线离开前方，手不能离开方向盘，如果不满足以上情况，提醒一次还不接管的车辆，直接双闪靠边停车。,0
2025/4/2 13:00,冰镇饮料！各类茶[笑哭],0
2025/4/2 13:00,100多码在高速上人如果没事才说不过去,0
2025/4/2 13:00,真棒，我离开倒视镜一下都不行[捂脸],0
2025/4/2 13:01,你是不是没有驾驶证所以才讲出这样的话,1
2025/4/2 13:01,理想要倒了,1
2025/4/2 13:01,睡好觉，不熬夜，比什么都好使,0
2025/4/2 13:01,困了就在服务区眯一会,0
2025/4/2 13:01,服务区睡一觉再出发,0
2025/4/2 13:01,什么叫甩给驾驶员，是转方向盘导致退出智驾了，人工权限高于电脑,0
2025/4/2 13:01,以后都没汽车了，都直接坐火箭,0
2025/4/2 13:01,特别酸的东西比打自己耳光还管用,1
2025/4/2 13:01,这个提议好，某个大厂就喜欢耍文字游戏，误导大众,1
2025/4/2 13:01,你快去吧[比心],0
2025/4/2 13:01,偏见,1
2025/4/2 13:01,97迈的速度来避障 你说撞不撞,0
2025/4/2 13:01,定速巡航开起来也没有安全感，感觉这车和我没关系，车龄越长，越怕开车,0
2025/4/2 13:01,雷总已经算很有良心了，飞机都会坠毁，我们应该更多的支持理解这样的企业家，不要搞的最后都躺平了,0
2025/4/2 13:01,打自己，真的我在高速一个人开的时候睡着过几秒钟，想来吓坏了,0
2025/4/2 13:02,唉，智驾肯定可以开得快啊，不过也要注意安全，不然人命也去得快[捂脸]又可惜了几条生命,0
2025/4/2 13:02,你不是说驾驶员在脱手开车吗，事故发生时她脱手驾驶你看到了？脑子有病吧,1
2025/4/2 13:02,看你怎么撞的位置，角度离谱也不是不可能,0
2025/4/2 13:02,虽然我的是油车，但还是支持雷军[看],0
2025/4/2 13:02,是小米吗，人家一开始售卖就说了，基础班是辅助，max才有智驾,0
2025/4/2 13:02,你看看多少速度碰撞，车第一时间报警了,0
2025/4/2 13:02,明明可以避免事故发生，请问黄金的8分钟主驾驶在干嘛？10：36就发出预警提示了，“请手握方向盘”到10：44分前发生事故的这8分钟主驾驶干嘛去了，车里的三个人又都在干嘛？,1
2025/4/2 13:02,Are you ok？,0
2025/4/2 13:02,自己的车，自己开不随意借给他人也不要让他人开车[感谢][感谢][感谢][感谢],0
2025/4/2 13:02,说明小米的智驾表现还是不错，导致车主产生依赖。觉得没问题可以放心用。真到事到临头智驾处理不了。要人为处理的时候，又反应不及时，以及经验不住。直接就GG，那句话怎么说来着？你可以赢我一万次，而我只需赢你一次你就得G,1
2025/4/2 13:02,最主要是现在的视频博主，我刷到过好多买了有智驾的车双手放开方向盘然后说如何厉害的，很有误导成分的[泣不成声],0
2025/4/2 13:03,音乐开到最大，然后跟着吼，吼两三首歌基本就不困了！,0
2025/4/2 13:03,97[捂脸]高速还能开110呢！没安全性吗？[捂脸]是交警部门不懂,1
2025/4/2 13:03,时速97撞上去，方向盘都来不及操作，你却要人家找锤子，你确定这脑子，不看看医生,1
2025/4/2 13:03,洗,1
2025/4/2 13:03,没这个技术当然说是辅助功能啦,1
2025/4/2 13:03,吃东西 副驾投喂,0
2025/4/2 13:03,产品与好产品是两种不同的事物,0
2025/4/2 13:03,100多正面撞基本都是没了的,1
2025/4/2 13:03,正确姿势，倒车影像跟后视镜都要看。,0
2025/4/2 13:03,告生产厂家,1
2025/4/2 13:03,脱手就已经报警了   还是不握  怪谁呢？,1
2025/4/2 13:03,智驾和辅助驾驶还是要区别开来的[求抱抱],0
2025/4/2 13:03,想法是对的,0
2025/4/2 13:03,拧大腿，我都是瞌睡了拧大腿，扇耳光[捂脸],1
2025/4/2 13:04,有了智能驾驶，你要驾照干嘛？驾照拿了就是让你用智能驾驶的吗[尬笑],0
2025/4/2 13:04,地下的行驶环境比天上复杂一百倍，而且飞机的自动驾驶是需要有人一直看着通常情况下是机长和副机长轮流看。百度的萝卜快跑也是后台有人看着驾驶，那些吹自家智驾遥遥领先的都是不拿人命当命的混蛋。,1
2025/4/2 13:04,去看,0
2025/4/2 13:04,别听舒缓的歌，吃点特酸的糖或者辣的吃的，副驾驶坐一位能说你的不会上车就睡的朋友。,0
2025/4/2 13:04,咋的   油车不会起火吗？,0
2025/4/2 13:04,跟年轻人不沾边，跟人相关吧，主要是她妈妈说开车累了可以这样[发呆],0
2025/4/2 13:04,不退出能活，是人工强行接管了,1
2025/4/2 13:04,基本的减速都没有[尬笑],1
2025/4/2 13:04,你看她什么时候接管的，要撞了才人驾,1
2025/4/2 13:04,吃块牛肉干，塞牙了别扭一道[憨笑][赞],0
2025/4/2 13:04,这玩意太危险了，我开到油车从中国消失，认可坐公交，骑自行车，或者是步行，我都不买新能源车,1
2025/4/2 13:04,那你就好好看看这个视频，明确是说的辅助驾驶，,0
2025/4/2 13:04,你买的带智能切菜吗[看]，有的话可以把手拿走,1
2025/4/2 13:04,我当时买M7试驾的时候销售跟我说的是智能辅助驾驶，后来他们越说越夸张,0
2025/4/2 13:05,你先把智驾考试通过了吧，排除多少种路况了[灵机一动][灵机一动][灵机一动]其二，智驾险里面有没有免责条款？发出来看看再摘除多少路况[偷笑][偷笑][偷笑]但凡驾驶位置上还要坐个人，但凡手不能离开方向盘，但凡车企不在公开场合表明可以完全脱手不接管，那么所有的智驾比来比去就是五十步笑百步而已[偷笑][偷笑][偷笑],0
2025/4/2 13:05,人都撞懵了！,0
2025/4/2 13:05,特斯拉呢,0
2025/4/2 13:05,120撞上去，换个油车也燃啊，这么快速度人早晕了，这怎么知道是车门打不开了，官方都没通报[捂脸],0
2025/4/2 13:05,问界怎么解释？[捂脸][捂脸][捂脸],0
2025/4/2 13:05,是不能过度信智驾还是不能信小米的智驾？你要讲清楚,0
2025/4/2 13:05,在我心里遥遥领先第一，谁来都不好使[看]当你非常优秀的时候，你的规矩就是行业的规矩,0
2025/4/2 13:06,等你啥时在高速上被智驾撞咯你就知道了,1
2025/4/2 13:06,太米了,1
2025/4/2 13:06,去年那个厂商说的是可以在车上睡觉开车，今年的这家说的是全程保持不脱手，两个宣传也不一样啊,0
2025/4/2 13:06,智能驾驶市区他跑不了 高速简单说能跑但是一出事要你命[捂脸],1
2025/4/2 13:06,那个车敢保证不会着火？   油车来了也照样可能着火,0
2025/4/2 13:06,以后还需要车？直接原地传送[偷笑],0
2025/4/2 13:06,你撞,1
2025/4/2 13:06,配置的L2级别的，你要当L3、L4级别的用，那就是自己原因,0
2025/4/2 13:06,打方向导致退出了智驾，电脑已经减速了，人不乱打方向百分百能活,0
2025/4/2 13:06,每隔一会都要踩一脚脚踏阀的，防止打瞌睡或者开小差,0
2025/4/2 13:06,你知道转方向盘踩刹车都自动退吗？,0
2025/4/2 13:06,给买车的人，和开车的人一个大大的教训,1
2025/4/2 13:07,他这是智驾，双手开的话完全可以避免,0
2025/4/2 13:07,说实话各大车企别烧钱研究自动驾驶了,0
2025/4/2 13:07,只要他自己不夸大就不错了，有个老板早就说了智驾只是辅助作用，别太依赖更不能分心[捂脸],0
2025/4/2 13:07,我是绝不用，绝不用自己的命做赌注。,0
2025/4/2 13:07,出事的不在少数,1
2025/4/2 13:07,打方向肯定退出智驾啊，人工权限高于电脑。难不成车自己拐的弯撞护栏？,0
2025/4/2 13:07,人为接管肯定立马退出,1
2025/4/2 13:07,雷总是个正能量的人，支持,0
2025/4/2 13:07,智驾就好比一个班 有考95分的  有考5分的  区别太大了,0
2025/4/2 13:07,换挡交给机器吗[看],0
2025/4/2 13:08,沃尔沃也可以,0
2025/4/2 13:08,是的！很多司机有了这个辅助驾驶后一直没醒[捂脸],0
2025/4/2 13:08,把你手机给你老公，你肯定不会打瞌睡,0
2025/4/2 13:08,你们是水军吗？都是同样话术，让人去试，请你自己试试吧,1
2025/4/2 13:08,副驾坐着别人家的老婆或者老公[捂脸],1
2025/4/2 13:08,遥遥领先家的那个，我说那个本质上是辅助驾驶，然后被骂了，说其他家的都是辅助驾驶，但遥遥领先不是辅助驾驶[捂脸][捂脸][捂脸],0
2025/4/2 13:08,就怕有些销售给你吹上天，跟你说多智能，根本不用人，睡觉也没事,0
2025/4/2 13:08,不好意思我怕死，开不快[尬笑],0
2025/4/2 13:08,谁来开门？有人救他们？不开门的消息哪里来的？,0
2025/4/2 13:08,不然呢[捂脸]四秒可以入定操作转向这能力已经高于特异功能了吧[捂脸],0
2025/4/2 13:08,叫,0
2025/4/2 13:08,脱不脱手不重要，敢确定的是驾驶人员注意力不观察前方路况,0
2025/4/2 13:09,开不了车门是烧了主板，感应不到肯定开不了啊。只是有些人把这件事炒作[尬笑],0
2025/4/2 13:09,我也是，我车也有智驾，从来不用[捂脸],0
2025/4/2 13:09,低配比亚迪,0
2025/4/2 13:09,上高速前来上十根冰棍[不失礼貌的微笑],0
2025/4/2 13:09,智驾照样需要手扶方向盘,0
2025/4/2 13:09,aeb就是最后救命的稻草，但是每家公司aeb探测距离和准确度不停，多看看aeb测试就知道了aeb原理了。不过100码什么辅助功能都救不回来，如果当时aeb介入刹车减速了，那撞击97码是已经减速后的了。,0
2025/4/2 13:09,必须由行业龙头华为来制定标准,0
2025/4/2 13:09,你不开车吧！换个司机[捂脸]生命重要，实在要开到1小时就换人困不困都换！,0
2025/4/2 13:09,40也能开偏啊,0
2025/4/2 13:09,槟榔,0
2025/4/2 13:09,人家是真粉丝才会买小米车的！年纪轻轻的真悲哀，那些网上喷人家的所谓粉丝！很多没买小米车[捂脸],1
2025/4/2 13:09,你要是把所有汽车零件都放在后面，前面撞了就不会起火了,0
2025/4/2 13:09,牛批2.9,0
2025/4/2 13:09,他技术不行，智驾还是得华为,1
2025/4/2 13:09,咖啡饮料，我喝了一瓶一夜没睡，在也不敢喝了,0
2025/4/2 13:10,魔鬼椒,1
2025/4/2 13:10,你试试,0
2025/4/2 13:10,缓解疲劳的，不是让你完全睡着的,0
2025/4/2 13:10,个人觉得这比喻不合理的，智驾才提示2秒钟车子就出事了，击撞就击撞为什么出现自然，智骂技术不成熟为什么要用上,1
2025/4/2 13:10,你倒是说说,1
2025/4/2 13:10,找卖刀的,1
2025/4/2 13:10,对呀，我见到的就是这样的啊！！那为啥小米可以直接睡觉让它独自开呢？,0
2025/4/2 13:10,武汉萝卜快跑是无人驾驶,0
2025/4/2 13:10,一个油车着火，百辆电车烧完,1
2025/4/2 13:10,不信任人家的技术吗？[捂脸]这是粉丝经常说的[捂脸]怎么这会不相信了[捂脸],0
2025/4/2 13:10,那不是江淮吗[看],0
2025/4/2 13:10,我看以后哪个天杀的厂商和媒体人，还在用智驾这种模糊的词。[抠鼻],1
2025/4/2 13:10,醒脑棒[赞],0
2025/4/2 13:11,这要问下遥遥领先，他的功劳最大,0
2025/4/2 13:11,胆子大[赞],0
2025/4/2 13:11,难道非要买小米车才算粉丝？    不管他是不是因为粉丝才买的小米车   就这个开车不握方向盘就是事故的主要原因没得说,0
2025/4/2 13:11,为什么没有人追究起燃问题，都在说辅助驾驶,0
2025/4/2 13:11,你说的法律上是不允许长时间脱手驾驶啊，关我啥事？我只知道脱手驾驶是违法行为，你自己明确的法律上是长时间，那你拿条文出来啊。你要杠也行，我无所谓的，你愿意脱手跟我有毛关系啊。反正也不会撞我车上，别祸害其他人就行,1
2025/4/2 13:11,你觉得这位女司机会双手握这方向盘[捂脸],0
2025/4/2 13:11,[呲牙]2秒前退出智驾，甩锅给驾驶员,1
2025/4/2 13:11,各种界对智驾过度了[流泪],0
2025/4/2 13:12,我也是一样的,0
2025/4/2 13:12,zao早点达到人生终点，一步到位,1
2025/4/2 13:12,[捂脸],0
2025/4/2 13:12,用说吗，随便一搜，到处都是，只不过流量没有小米的大,1
2025/4/2 13:12,很多小米粉丝可厉害了！以前多信誓旦旦现在就多猥琐双标[捂脸],1
2025/4/2 13:12,调查清楚事故原因对后来者都是好事。,0
2025/4/2 13:12,跟技术有什么关联？   什么技术能让一个开车不握方向盘的人把手强行放上去？,1
2025/4/2 13:13,你也没小米车，别站着说话不腰疼[捂脸]现在瑟瑟发抖的是那些买了的人[捂脸],1
2025/4/2 13:13,算了   看你这IP我都不想跟说话了,1
2025/4/2 13:13,哟这是打趴bba的原因吗[抠鼻],1
2025/4/2 13:13,方向盘在自己手上多稳当,0
2025/4/2 13:13,说的是智驾OK,0
2025/4/2 13:13,为什么要加智能，辅助驾驶不是更明了,0
2025/4/2 13:13,理想试驾的时候。那销售也是天花乱坠的。腾势也是。还忽悠我交了两千定金,1
2025/4/2 13:13,我感觉还是我自己驾驶比较安全，整的花里胡哨的有啥用,0
2025/4/2 13:14,白天用用还好,0
2025/4/2 13:14,谁家的刀去找他[偷笑],1
2025/4/2 13:14,人脑为什么比AI更安全，因为人脑有求生欲，而AI没有。,0
2025/4/2 13:14,我的前车雷达遇到大雪就凉凉了[泪奔],0
2025/4/2 13:14,所以她出了事故   跟其他没什么关系  主要原因是开车不扶方向盘,1
2025/4/2 13:14,L3以下只能算辅助驾驶，不是自动驾驶，心里明白点，生命是自己的，别拿生命开玩笑！,0
2025/4/2 13:14,对，就是这个原因,0
2025/4/2 13:15,我没车我不试，你可以试试,0
2025/4/2 13:15,开车不建议开启自动驾驶模式,0
2025/4/2 13:15,我连定速巡航都没用过，不相信,0
2025/4/2 13:15,不中断呢也会有人说车子和驾驶员抢方向盘,0
2025/4/2 13:15,我也没车,0
2025/4/2 13:15,没用的 低认知的人早晚要为此埋单的,1
2025/4/2 13:15,SU7爆燃致3人死亡，用得是，宁德时代电池吗？宁德时代电池爱着火吗？,0
2025/4/2 13:16,咖啡茶叶水,0
2025/4/2 13:16,特斯拉不着火？    不到50的速度差点把林烧死你不知道？   要不是有人给他拉出来人就没了,1
2025/4/2 13:17,概率低很多,0
2025/4/2 13:17,@敢敢,0
2025/4/2 13:18,就算是智能无人驾驶，也要自己手握方向盘！因为命是自己的[灵机一动],0
2025/4/2 13:18,其实吧，也就高速适合智能辅助驾驶。城市里的路况确实有点复杂。,0
2025/4/2 13:18,那在什么时候需要辅助驾驶呢？   [捂脸],0
2025/4/2 13:18,那带L3的车 老百姓不可能买得起,0
2025/4/2 13:18,逆天米粉还在感谢雷军呢，出了事还是吹雷军伟大[泪奔],1
2025/4/2 13:18,汽车发生事故＝车企的责任？,0
2025/4/2 13:19,真写出来了，卖智驾的怎么活,1
2025/4/2 13:19,没到L5级别都是辅助驾驶，哪怕你说的95分也是！不出事故谁都没事，出了事故司机就是第一责任人！哪怕95分的同学也不敢说出了事故我担责[抠鼻],0
2025/4/2 13:19,那么快的速度，什么车着火了了都不稀罕,0
2025/4/2 13:19,萝卜达到L5了？,0
2025/4/2 13:19,就是有很多弊端，他才这样提醒。都不听怪谁呢？,0
2025/4/2 13:19,走之前吃份韭菜饺子，一路上韭菜卡牙缝，你就睡不着了,1
2025/4/2 13:20,AI已经开始清理人类了，还还在搞自动驾驶[捂脸],1
2025/4/2 13:20,嗯，所以个人觉得，无论科技怎么发达先进，但感觉还是自己掌握比较好,0
2025/4/2 13:20,不能怪雷总小米啊,0
2025/4/2 13:20,现在商家夸大宣传商品属性已经到了疯狂的地步，哪怕千分之一犯错都有可能要命的。,0
2025/4/2 13:20,你见过多少100车速撞到起火的，别喷,1
2025/4/2 13:20,敢做L3吗？为啥别的车企说特斯拉超前一个时代[捂脸],0
2025/4/2 13:21,任何车(不管是油车还是电车)，100多的速度，经过一段时间后稍微刹车到96的速度，撞基本上都会爆炸，这个是不用讨论的,0
2025/4/2 13:21,所以啊方向盘一定要掌握在自己手中，如果自己提前发现就可以避免了，为什么一定要相信辅助功能[尬笑][尬笑],0
2025/4/2 13:21,用智能驾驶出事不是车企责任难道是车主责任？,1
2025/4/2 13:21,还好只是指甲，不是手[尬笑],0
2025/4/2 13:21,加更多的定语能卖更多的钱，而且显得特别高级，,0
2025/4/2 13:21,@Albert Einstein,0
2025/4/2 13:21,没出这玩意以前我感觉事故还少点[捂脸],0
2025/4/2 13:21,万一真出了事叫天天不应那种吗,1
2025/4/2 13:21,掐大腿最管用[呲牙],0
2025/4/2 13:21,谁叫你买的[捂脸],1
2025/4/2 13:21,回旋镖哪天打到就知道疼了。,1
2025/4/2 13:22,不管自动驾驶还是辅助驾驶，那也不能在没超速的情况下命就这么没了,0
2025/4/2 13:22,说白了就是太依赖智驾了，出事就是一瞬间完全依赖智驾就是早晚的事,0
2025/4/2 13:22,速度没啥用，不管是加速度还是绝对速度。在国内，你能开多快，起步0-100哪怕10秒又能怎样。理想的沙发冰箱大彩电，不能说错，有一定道理。沃尔沃的安全也有一定道理。日系的省油也有道理。唯独速度，提速，什么智驾最没屁用！,1
2025/4/2 13:22,无人机里面有人么？,0
2025/4/2 13:22,买包茄子干，辣的你精神抖擞,0
2025/4/2 13:22,定速巡航从来没用过。还是用不来耶。,0
2025/4/2 13:23,小米玩家,0
2025/4/2 13:23,余承东：我们研发的智驾可以全面接管[发怒][发怒][发怒][发怒][发怒][发怒],1
2025/4/2 13:23,你看她都回微信了，只能说怪自己，这聊天记录可能还不完整,1
2025/4/2 13:23,建议没有达到L4之前，所有智驾都需要加入辅助，使用智驾前必须完成测试，刷脸通过才能使用,0
2025/4/2 13:23,不要疲劳驾驶,0
2025/4/2 13:24,国内还没有智能驾驶全部都是辅助驾驶,0
2025/4/2 13:24,本来就是辅助驾驶，不是自动驾驶啊,0
2025/4/2 13:24,再智驾，大家也得学会如何智驾呀，她智驾是否合格呀，辅助驾驶，不是无人驾驶呀,0
2025/4/2 13:24,为啥宣传智驾？不是傻驾吗,1
2025/4/2 13:24,系统打的120[黑脸]估计全都晕了[黑脸],1
2025/4/2 13:24,[比心][比心][比心],0
2025/4/2 13:24,没办法，前段时间太火了,0
2025/4/2 13:24,到每个服务区都休息休息，眯一会儿，自驾游那不就是想到哪去到哪去,0
2025/4/2 13:25,真的到L4L5了，我感觉智驾真有用了。十年前，人家油车就L2级辅助驾驶了。不知道今天还在吹这个干嘛…,0
2025/4/2 13:25,智慧驾驶，也不是无人驾驶呀，要是是无人驾驶人家还可以控制，智慧家属自己要驾驶又不会驾驶，就感觉会有矛盾,0
2025/4/2 13:25,特斯拉刚推出的那啥智驾 在北京测试扣了多少分你是一点不看啊[看]感情扣的是智驾的分不是你驾照的分是吧[看],1
2025/4/2 13:25,智能驾驶出事的基本都是年轻人，年龄大的就不会这样自以为是。开快，飙车。显得自己很了不起。因为年龄大的经力过，所以告诫年轻人还是以安全为主[感谢],1
2025/4/2 13:26,小米说能睡觉了？[偷笑],0
2025/4/2 13:26,不跑网约车开电车干嘛[疑问],1
2025/4/2 13:26,太贵了吧[九转大肠]二手电车还这么可怕,1
2025/4/2 13:26,那个是自动驾驶，小米是辅助驾驶[愉快],0
2025/4/2 13:26,[泪奔],0
2025/4/2 13:26,她这是完全当无人驾驶汽车在开，现在一些年轻人安全意识淡泊,0
2025/4/2 13:26,有没有了解一下从碰撞到起火用了多少时间,0
2025/4/2 13:26,不是  你为什么一直在纠结智驾    难道智驾告诉你开车不握方向盘吗,1
2025/4/2 13:26,遥遥领先吹的最牛逼，,1
2025/4/2 13:26,同意[呲牙][赞],0
2025/4/2 13:27,可以讲女人丶女孩子开车接送个孩子丶上街买个菜丶走个亲友短距离还行[赞]个人建议女同志开车跑高速不是你们的强项…再有钱的投资商造什么产品没有三五年以上技术都不是很成熟…,1
2025/4/2 13:27,l2.999999也不敢l3,0
2025/4/2 13:27,小米事故率为什么这么高？,1
2025/4/2 13:27,特斯拉就可以,0
2025/4/2 13:27,嚼口香糖，吃东西,0
2025/4/2 13:27,有些人就是这样呀！一个个存着侥幸心理，但真遇到了就各种诋毁！还记得上次山洪那件事吗？人家都恨不得跪下来求你们走了，结果你不当一回事，然后出事了又各种找理由，找借口要赔偿！呸……,1
2025/4/2 13:28,目前国内每一个敢说自己是自动驾驶，都在那里说啥无限接近,1
2025/4/2 13:28,看你老公手机,1
2025/4/2 13:28,找肛肠科那,1
2025/4/2 13:28,吃塞牙的东西，一路精神,0
2025/4/2 13:28,你叫哪个车企的智驾还用双手，都是脱离方向盘的,1
2025/4/2 13:28,那是辅助驾驶不是智驾辅助驾驶手不能离开方向盘,0
2025/4/2 13:28,明天到公司文工团上班,0
2025/4/2 13:28,这个说法非常正确，但是现在好多的人总觉得有辅助驾驶就可以不用操心，不用注意路面，不用专心驾驶，这都是错误的。,0
2025/4/2 13:29,NO，高速人好开，zhijia不行速度太快,1
2025/4/2 13:29,大嘴尽吹牛逼太离谱， 有本事附上全程自动驾驶不接管的后台数据。,1
2025/4/2 13:29,@魏,0
2025/4/2 13:29,小刀电动车,0
2025/4/2 13:29,油车出车祸撞击爆炸燃烧的少了？电车也不是撞击都爆燃吧，你这就有点断章取义了,1
2025/4/2 13:29,现在很多人就冲着智能驾驶去的，各大厂商又大吹特吹。通过这件事让大家知道智能驾驶目前不成熟。,0
2025/4/2 13:29,既然是自驾游为什么要长途开车呢，慢下来看看沿途的风景也是不错的,0
2025/4/2 13:29,大半夜高速，实习期三个月他不死谁死,1
2025/4/2 13:29,打转向灯就可以了,0
2025/4/2 13:29,@'安稳,0
2025/4/2 13:29,隐私呢,0
2025/4/2 13:30,以前大多都是先开手档 在开自动档 最后可以考虑电车 我觉得需要有这个过程,0
2025/4/2 13:30,买之前都知道，出事了谁也不知道！[看][看][看],1
2025/4/2 13:30,肯定呀，车这东西还得是自己开，再怎么自动驾驶也不行啊，那除非是那种无人驾驶的车,0
2025/4/2 13:30,严禁疲劳驾驶，有这个想法就别开车去了。一定要敬畏生命，对自己，对他人,0
2025/4/2 13:30,我从来不信电脑比人脑控制方向盘厉害[泪奔],0
2025/4/2 13:31,现在解释来不及了！当初宣传不时这样的[呲牙][呲牙][呲牙],1
2025/4/2 13:31,就算他陪你怎么样，万一出事命都没了[捂脸],1
2025/4/2 13:31,说的好，法律层面只支持到L2是有原因的。中国法律不支持L3及以上的智驾。大嘴天天呼吁放开智驾是在作恶。,1
2025/4/2 13:31,把你手机给你老公看，你就不打瞌睡了,1
2025/4/2 13:31,让你女朋友玩你手机,1
2025/4/2 13:31,人家不是有智驾保险吗？,0
2025/4/2 13:31,那直接自创个l4跳过l3就无法选中[看],0
2025/4/2 13:32,电车爆燃的概率比油车起火爆炸的概率高多了，你是不开电车吧，站着说话不腰疼,1
2025/4/2 13:32,@蔷薇泡沫2020,0
2025/4/2 13:32,你以为你秦始皇啊，说统一就统一[宕机][宕机],1
2025/4/2 13:32,不应该找钢厂，找采矿公司,0
2025/4/2 13:32,自己开的撞上了[捂脸]。还怪车？[捂脸],0
2025/4/2 13:33,这些数据是怎么知道的？有黑匣子吗？,0
2025/4/2 13:33,雷总这次你们真的过了，营销天才，唉，各种声讨车主，简直人血馒头！！！,1
2025/4/2 13:33,智驾宣传太过了被反噬,0
2025/4/2 13:33,666国家地图开源，以后不用汉奸带路了，谁开源入侵他跟回家一样轻车熟路,1
2025/4/2 13:33,女的摸腹肌男的摸丝袜腿，嘎嘎提神[看],1
2025/4/2 13:33,车门为啥打不开？,0
2025/4/2 13:33,主要还是起火死的。有安全带撞护栏一般不至于死。,0
2025/4/2 13:33,没看到2023年的吗,0
2025/4/2 13:33,后补的视频吗,0
2025/4/2 13:33,官方说是智驾，实际是不是呢？游戏都是人家开发的！,0
2025/4/2 13:34,消防部门，各个部门现在都没给出结论，人是怎么死亡的，你这嘴一张一闭，人就是被烧死的了,1
2025/4/2 13:34,小米的小牛电动车！九号电动车技术还是蛮可以的,0
2025/4/2 13:34,那就自己开,1
2025/4/2 13:34,速度是一种信仰,0
2025/4/2 13:34,你是明智的，我从来都不用定速巡航，这是个没什么用的功能，说白了就是多余的功能。,0
2025/4/2 13:34,槟榔 吃一口包精神的 之前开了30小时一路就进服务区小解过一次,1
2025/4/2 13:35,开过一款带辅助驾驶的车   抢方向盘  很烦,0
2025/4/2 13:35,6,0
2025/4/2 13:35,真能舔，特斯拉给你多少广告费[看],1
2025/4/2 13:35,你先去了解一下再说吧[尬笑]还撞成铁片都不会,1
2025/4/2 13:35,大姆指和食指用力掐大腿，特别提神,0
2025/4/2 13:35,支持雷总,0
2025/4/2 13:36,之前就有好久了,0
2025/4/2 13:36,人心中的成见是一座大山,0
2025/4/2 13:36,现在的自动驾驶靠谱不，懂得聊聊,0
2025/4/2 13:36,？无人机有人吗？那个无是啥意思？,0
2025/4/2 13:36,你参与调查了？,0
2025/4/2 13:36,你怎么知道车门锁死,0
2025/4/2 13:36,那得看有没有辅助功能了,0
2025/4/2 13:37,之前就有了，如果有关注的话,0
2025/4/2 13:37,又怕死又不自己开是吧[捂脸][赞],1
2025/4/2 13:37,现在这个阶段，就是要强调高阶智能驾驶不是无人驾驶,0
2025/4/2 13:37,来来来你告诉我那个车企宣传开车不用扶方向盘     法律规定开车必须扶方向盘   要不然算犯法,0
2025/4/2 13:38,就叫半自动驾驶辅助,0
2025/4/2 13:38,你就在这里面搜都能看到不少。没目前有任何智能驾驶可以代替人，即使特某拉这样的领先企业，都出了太多事故。能脱手的一家都没有，我说的。道理很简单，马路上有个五公分的石头，如果是人会选择绕过去。如果是智能驾驶会选择碾过去。,0
2025/4/2 13:38,@客路青山绿水外 @屁屁冒神光 @生锈的钉子,0
2025/4/2 13:38,相应责任是多少，一成？,0
2025/4/2 13:38,直播搞起来,0
2025/4/2 13:38,最好车内也弄个黑匣子，,0
2025/4/2 13:38,嘿嘿 侥幸心理,0
2025/4/2 13:38,你习惯不好 就算有长的距离也不要变道 我20年的经验告示你别变道,1
2025/4/2 13:38,不着火能3人全死？ 这都要杠？  米粉真恐怖。,1
2025/4/2 13:39,林老师说得对啊！但我一位朋友非常认定在高速上自动驾驶就是很安全的！他还认为我排斥新科技，跟不上时代的步伐！[捂脸],0
2025/4/2 13:39,就不该有这个功能，就没有依赖性。,1
2025/4/2 13:39,NCA是啥[思考],0
2025/4/2 13:39,都是交通事故，交通事故报保险，为什么小米就不好使了，关注热度堪比空难，欲戴皇冠必受其重也！[惊讶],1
2025/4/2 13:39,很多车在行驶的时候遇到碰撞有自动降窗功能，在停车不开动时怎样碰撞都不降窗，我觉得小米的车应该加上这一功能[赞][赞][赞],0
2025/4/2 13:39,那么问题来了，l2.99是什么,0
2025/4/2 13:40,车少，视野好[捂脸],0
2025/4/2 13:40,我感觉是人晕了，里面锁着呢，外面打不开,0
2025/4/2 13:40,所以买低配[捂脸][捂脸],0
2025/4/2 13:40,你是炼钢的吧,1
2025/4/2 13:40,武汉萝卜，最高车速50，而且是在限定区域内，限定道路上，尽可能的不走高架和快速路。,0
2025/4/2 13:41,是没打开，不是打不开,0
2025/4/2 13:41,你搜下都有视频，说出来估计该封了，测试员坐上去不摸方向盘的，全程直播,1
2025/4/2 13:42,"上一个双手离开方向盘，汽车自己跑的[斜眼]
还是电视剧里面的[捂脸]
骑士工业 kitt2000 基特[抠鼻]

现在现实中，真的有人觉得科技到了那个水平了吗[疑问]",0
2025/4/2 13:42,如果，谨慎驾驶，又怎么会撞隔离带护栏？,1
2025/4/2 13:42,那个开的很慢，而且有后台监管的,1
2025/4/2 13:42,车子是实时联网的呀，后台数据是有保存的[看],0
2025/4/2 13:42,牛逼牛逼,0
2025/4/2 13:42,所以他的标准版只踩38%刹车，上盘子调动了22,0
2025/4/2 13:43,是宣传开智驾的情况下双手脱离全程直播,0
2025/4/2 13:43,我不是米粉，相对于电车我更信任油车，但是一件事我不接受道德绑架，你说出的话最起码要依据调查的事实结果，别网上说什么你都信，那跟造谣有什么区别？,0
2025/4/2 13:43,智驾是有点被带偏了，辅助驾驶，被吹的感觉完全不用管一样，虚假宣传[晕]包括我，感觉高速智驾感觉很成熟了，因为路况简单么,0
2025/4/2 13:43,我买车8、9年了，这么说吧，定速巡航我从来没用过,0
2025/4/2 13:43,那个开的很慢，而且有后台监管的，应该有L3.5水平,0
2025/4/2 13:43,最近小米智驾上了热搜，最近还是老实一点吧，说到死就是辅助驾驶，你那个智能驾驶大赛冠亚季好像都出车祸了吧。。。最近老实一点吧,1
2025/4/2 13:43,没有经不起考验啊，就像你买了把水果刀商家告诉你是拿来切水果的，然后你拿去砍骨头没砍开回来骂人家虚假宣传？[宕机],1
2025/4/2 13:44,特斯拉：以前骂我  现在该骂你了[捂脸],1
2025/4/2 13:44,撞车了就不能说是自燃，语文怎么理解学的。[捂脸][捂脸],1
2025/4/2 13:44,推荐一下嘛，好车别光自己开呀，和大伙分享分享[鼓掌][鼓掌][鼓掌],0
2025/4/2 13:44,都在强调不要过度相信，反正就是有人听不见,0
2025/4/2 13:44,现阶段的智驾不等于无人驾驶，说这句话的人怎么会被喷成这样,0
2025/4/2 13:44,我的老车只有自适应巡航，但我的脚不会离开刹车踏板,0
2025/4/2 13:45,反正起火了都危险呢,0
2025/4/2 13:45,l3后面还有l4和l5[看],0
2025/4/2 13:45,只会营销[看],1
2025/4/2 13:45,建议各大车企研发智驾前，先把aeb研究明白，不是智驾和华为类似就叫第一梯队，你们aeb平时都刹不住，还指望遇到紧急情况刹得住[你不大行],1
2025/4/2 13:45,为啥智驾只能是电车 燃油车为啥不能做智驾,0
2025/4/2 13:45,收二手小米，路况好的，十万收，希望大家别开电车了，尤其是小米，诚心收,1
2025/4/2 13:45,你看是不是双手脱离了[捂脸]只要开智驾的基本都是这样,0
2025/4/2 13:45,别人没有夸大宣传  自己说了  只是辅助  并且手不要脱离方向盘,0
2025/4/2 13:45,不要想了，l3起步肯定都是五六十万的,0
2025/4/2 13:46,生命只有一次，生命只有一次。车真的很便宜，性能真的很好。但我们的生命只有一次。不想拿生命做实验。,0
2025/4/2 13:46,电车起火不是很正常吗？你别说还撞击，就算不撞击也有起火的呀,1
2025/4/2 13:46,咖啡,0
2025/4/2 13:47,哈哈哈，所以自己做的不好，就把同行都拖下水,1
2025/4/2 13:47,建议先看看其他车企面对事故的处理再来评价也不迟,0
2025/4/2 13:47,倒 倒 倒 哐 停！好好好,0
2025/4/2 13:47,自媒体吹的太厉害了，导致用户盲目自信,1
2025/4/2 13:48,他跑的很慢[捂脸]市区最多出个小车祸,0
2025/4/2 13:48,你说的那么肯定，是不是接入了鸿蒙系统，出了事故就找你赔钱呢,1
2025/4/2 13:48,所以说无人驾驶呢？,0
2025/4/2 13:49,特斯拉制定规则的话有人服吗，一问就特斯拉还有很多东西值得学习，一营销就是特斯拉有的我们都有，特斯拉没有的我们也有[尬笑],1
2025/4/2 13:49,这不需要问，找地方下高速睡觉去[看],0
2025/4/2 13:49,雷军一直强调的是辅助驾驶，不要分心，放松脚不要松手。余大嘴牛B[捂脸][捂脸][捂脸][捂脸],0
2025/4/2 13:50,智能驾驶出现问题小命就没了,1
2025/4/2 13:50,那是你的认为的理解，我的车有辅助驾驶，自动泊车，开了几年就试用过几次，连定速都没用过几次。,0
2025/4/2 13:50,哪有什么自动驾驶,0
2025/4/2 13:50,现在智驾宣传的是我能做到什么。就像是一个人他说我能24小时不睡觉，24小时不睡觉不代表着24*7甚至24*365不睡觉,0
2025/4/2 13:51,撞贵撞，但起火和开门无法打开是重点[大笑],1
2025/4/2 13:51,为什么第一时间关注的是股价暴跌，而不是死者?这个记者是不是应该开除掉?,1
2025/4/2 13:51,他说的每句话我都要知道吗[捂脸] 很多东西是需要销售去讲解的 不是说车卖了就没事了，要把这些非常重要关乎小命的事情，在销售后提车前跟客服讲解一下，建议以后这个必须是硬性要求加入考核,0
2025/4/2 13:52,后台数据可以操作,1
2025/4/2 13:52,由客服签字表明已经知晓,0
2025/4/2 13:52,最好的办法就是累了就休息，反正旅游就是为了开心，耽误10分钟半个小时也不碍事。安全才是第一位。,0
2025/4/2 13:52,不用自动驾驶不行吗？花里胡哨的东西，害人还少吗？,1
2025/4/2 13:52,勺萝卜,0
2025/4/2 13:52,[抠鼻]现在结论还没出呢，怎么就定车企是第二责任了,0
2025/4/2 13:52,泡椒鸡爪！,0
2025/4/2 13:52,@少吃点吧 @蘇梗 @CBN @GGG-baby @羊村村霸,0
2025/4/2 13:52,纯纯噱头，夸大宣传,1
2025/4/2 13:52,车上装个煤气罐,0
2025/4/2 13:52,[黑脸]这不学华为么,0
2025/4/2 13:53,需要警方授权调取,0
2025/4/2 13:53,必须支持雷总、严惩米粉,1
2025/4/2 13:54,完全踩死小米2秒多能从小100到0,1
2025/4/2 13:54,雷教主吹牛135aeb结果连20都触发不了 还是雷教主懂忽悠,1
2025/4/2 13:54,以后都传送阵了 谁还坐车,0
2025/4/2 13:54,[笑哭][笑哭]理性点别被别人当枪使就行了，水军都还有工资呢,1
2025/4/2 13:54,认真开车，四秒没啥问题,0
2025/4/2 13:54,你怎么不说，如果那晚别开车就不会死。,1
2025/4/2 13:55,以后的大趋势，汽车还危险来怎么不把汽车禁了,1
2025/4/2 13:55,[赞],0
2025/4/2 13:55,热搜：L3自动驾驶有哪些车,0
2025/4/2 13:55,支持雷总，严惩米粉[大笑],1
2025/4/2 13:55,既然是辅助驾驶为什么还要推出无人驾驶的出租车？,0
2025/4/2 13:55,任何厂商都不讲缺点，只讲优点导致的。以后必须说出自己产品的三个缺点[赞][赞][比心][感谢],0
2025/4/2 13:57,所以我不是说主要是起火了才会死，你看到什么车撞护栏就车上3个全死？还不是正面的碰撞。如果这车96时速碰一下就死，谁敢开。啥都要杠，无语，这就是米粉吗,1
2025/4/2 13:57,六国都想统一，可为什么只能叫秦国。,0
2025/4/2 13:57,@阡陌花缘 [发呆]也不要完全依赖倒车影像啥滴,0
2025/4/2 13:57,[看]代驾泊车,0
2025/4/2 13:57,华为又不造车，有啥资格去规定人家汽车行业事情。,1
2025/4/2 13:58,准备一瓶凉水，犯困了凉水往脸上倒。效果很好。,0
2025/4/2 13:58,近日？?这不是李想21年说的？,0
2025/4/2 13:58,说的实话啊，造十几年的手机还bug不断，造了3年车也就ppt是世界第一了,1
2025/4/2 13:58,不听劝的就嘎了[笑哭][笑哭][笑哭],1
2025/4/2 13:58,说的太对了，它们就是拿驾乘人员的生命来测试所谓智能驾驶,1
2025/4/2 13:58,找厂家,0
2025/4/2 13:58,我老公也给我洗半年的脑子，到底没有耗过我。,0
2025/4/2 13:58,还有电池，记得雷军年初还说自家电池多么安全，拿了一辆大卡车压来压去,1
2025/4/2 13:59,比安全谁比得过沃尔沃,0
2025/4/2 13:59,2.9级的那个某为吗[憨笑],0
2025/4/2 14:00,所以说还不如自己开智能这种东西说不准[捂脸][捂脸][捂脸][捂脸],0
2025/4/2 14:00,"不是，你看到我说的原话吗？还是你脑中自动脑补出什么。那你的意思是就算没起火，96时速蹭一下护栏都能把车内3人搞死？ 
起火烧死不是死因你告诉什么才是死因，太会杠了。你不是米粉那肯定是雷粉",1
2025/4/2 14:00,友商:视频肯定是ai[困],1
2025/4/2 14:00,魔爪,1
2025/4/2 14:01,出事的那辆车没有智驾，只有辅助驾驶，也就是说，只能沿着车道往前走用这个速度。,0
2025/4/2 14:01,@一生有你 雷军[比心],0
2025/4/2 14:01,怎么又,0
2025/4/2 14:01,是的，fsd,0
2025/4/2 14:02,让我想起了“机器人总动员”，人类最后会不会变得路都不会走了～,0
2025/4/2 14:02,车子怎么可能会跟你抢方向盘呢？他恨不得你不用这个功能省的出事了赖他身上，你只要在开支架的时候动两下子方向盘它就退出了。,0
2025/4/2 14:02,车企跟卖车的销售，一个都跑不了，特别是现在这么卷，只怕L1驾驶，销售都能吹成L3,1
2025/4/2 14:03,抹黑特斯拉的，不要理,1
2025/4/2 14:03,把你手机给副驾驶人翻翻，保你不困[呲牙],0
2025/4/2 14:03,不是说电池是向下喷火的吗[捂脸],0
2025/4/2 14:04,发出预警后八分钟后人才接管,0
2025/4/2 14:04,我早就建议他们叫辅驾，他们不听，偏要叫智驾，玩什么新潮，出了事性质就变了！,1
2025/4/2 14:04,萝卜驾驶室也做了安全员,0
2025/4/2 14:04,这明显是驾驶员没有好好看路，施工道路还指望自动驾驶，不是作死吗,1
2025/4/2 14:04,只要最后一秒退出，就不是我的责任[捂脸],1
2025/4/2 14:05,比亚迪副总已经说过了,0
2025/4/2 14:05,小米从来没有夸大过自己的智驾,0
2025/4/2 14:06,[捂脸] 那三个人都不珍惜自己  把生命交给了智能系统   不知道那么多网友在着急什么,0
2025/4/2 14:06,那你弄些功能上去干嘛，既然不成熟你就是拿生命在给你买单,1
2025/4/2 14:06,找源头刀厂找赔偿[捂脸],1
2025/4/2 14:06,全世界所有车100码撞石墩子，哪一辆能好好的，没有必要过度攻击小米,0
2025/4/2 14:06,[尬笑]本来就不能太依靠智能，把自己的命交给智能，真是心大,0
2025/4/2 14:06,@??点点,0
2025/4/2 14:08,这条评论我看过八百遍了[泪奔]，都复制粘贴的吧[泪奔],0
2025/4/2 14:08,煤气灶也有功能是、干烧了会自动断气！家庭主妇们千万不能开着火走开！不能把生命相信到交给一个电子产品！,0
2025/4/2 14:08,而且我只是分析这个截图，图也不是我发的，差的那0.1不是不想负责是什么，这位有脑子的？,1
2025/4/2 14:08,还是不够成熟,0
2025/4/2 14:08,宣传肯定要有亮点，但是你不能完全只听前半部分话呀，你要听人家整段话呗,0
2025/4/2 14:08,主要是自己心里跟本没底,0
2025/4/2 14:08,该出事的人照样出事，困了就在服务区休息眯一会，辅助驾驶不是人工智能，钢铁侠都不敢这么开车[抠鼻],1
2025/4/2 14:08,你回去迟了，他会不会也起疑心？,0
2025/4/2 14:08,我们永川这里早就可以坐前排了[抠鼻]还有免费按摩,0
2025/4/2 14:09,搞清楚辅助驾驶好嘛？l2和l3区别就是个鸿沟，l3是全智能，可以不用驾驶员的那种，l2需要驾驶员全程关注路况，随时接管，不是你闭着眼睛坐车里，出来事找车企索赔，我问那个车企宣传智驾让你放心大胆闭着眼睛开了？？？开启智驾，双手离开方向盘都会发出警报，需要驾驶员的,0
2025/4/2 14:09,水军太强大了，根本不敢说实话了[捂脸],1
2025/4/2 14:10,人驾驶也不见得好哪里去，对驾车敬畏才是主要都,0
2025/4/2 14:10,看看你的车,0
2025/4/2 14:10,随便,0
2025/4/2 14:10,主要是自然，碰撞了不自燃也不指于三人死亡,0
2025/4/2 14:10,[不你不想],1
2025/4/2 14:10,不是特斯拉爹先起的头吗,1
2025/4/2 14:11,本来就不算啊，L3才是真正的智驾，才具有法律约束，其他的都是辅助功能，车企可以不负责。要不然为啥没人敢说自己L3，不行就不行呗，还整2.9，不就是差了个不想负责嘛,1
2025/4/2 14:11,雷总早就提醒了,0
2025/4/2 14:11,比亚迪还是实实在在造车[赞][赞][赞],0
2025/4/2 14:11,就算今天出了那么大的事情，我相信还有很多人就是不听劝,1
2025/4/2 14:11,谁卖的火，就曝光谁。像特斯拉当年,1
2025/4/2 14:12,那么高速碰撞就算是燃油车也不能保证不起火,0
2025/4/2 14:13,你开车双手离开方向盘吗[捂脸][捂脸],0
2025/4/2 14:13,之前问界那一家几口烧死了也是门打不开，还不是多赔点钱了事，现在该买的还买，自己命自己考虑自己钱自己用,1
2025/4/2 14:13,四川内江电车撞上收费站都没死[捂脸],1
2025/4/2 14:13,白已双手有时都信不过。,0
2025/4/2 14:13,@我真的不是菜腿,0
2025/4/2 14:14,@王甜甜 哈哈哈哈哈,0
2025/4/2 14:14,找父母为什么生出来要有手指,1
2025/4/2 14:14,吃牛肉干  卡牙缝   扣下来了继续卡一个保证不困,0
2025/4/2 14:16,对个人而言，真正的智能驾驶是坐火车,0
2025/4/2 14:16,这种责任是不合理的。我觉得都有责任。开车的造车的啊。,0
2025/4/2 14:16,@序与海. 这个牛逼坏了,0
2025/4/2 14:17,鸿蒙智行汽车智驾厂家负责 但是都不能放任不管,0
2025/4/2 14:17,不是约等，是严格相等。,0
2025/4/2 14:18,超一个，骂两句,1
2025/4/2 14:18,这是自己安全意识问题，我有个同事也说多好多好都不用自己操作，我跟他说命要掌握在自己手机  它只要一次出意外你人没了,0
2025/4/2 14:18,自己再去科普一下吧,1
2025/4/2 14:18,我也觉得，最好就不该有车，就不会有那么多事故[看],0
2025/4/2 14:18,这我林子哥 男人型帅 演女人性感 三观还正 真是爱了,0
2025/4/2 14:18,电车撞击都容易起火，这是事实。就算他开的不是小米，如果是比亚迪那也是一样的结果,0
2025/4/2 14:19,所有电池车都犯了一个天大错误。既然电池车比汽油车更加危险。为什么越来越多电池车都把开门的机械把手给取消、或者是都设计到门板放水瓶的地方并且是最隐秘的位置。电池危险特性应该把开门机械把手设计在车门最明显最容易抓到开门的位置才对,1
2025/4/2 14:19,量产的故事他也没讲，量产的双门超跑仅以两倍的价格在赛场上吊打轿跑m4整整0.1秒，同时为了安全又坚决不去超越另一台轿车！多么强悍的能力，多么豪华的安全，竟然不讲！,0
2025/4/2 14:19,你喜欢[比心],0
2025/4/2 14:19,100多码油车撞也会死人的,1
2025/4/2 14:20,我是挺佩服他们的，高速方向盘还脱手的，我是都不敢用，油门刹车不是自己踩的都不放心[泪奔][泪奔],0
2025/4/2 14:20,无人驾驶有人远程控制的,0
2025/4/2 14:22,目前最高界别L2.999级自动驾驶，如果升级到L3出了事故车企要负责,0
2025/4/2 14:23,炒股的人都懂，小米股价本来就该下跌调整了[捂脸],0
2025/4/2 14:23,问界M9智驾一年多，没有觉得人比它更可靠，各种紧急情况都能处理，策略比人还相对保守。小障碍物可能被忽略，但明显的障碍物都没有问题，不至于出大事故,0
2025/4/2 14:23,这刹车牛逼，我感觉还是司机不了解车辆性能，,0
2025/4/2 14:24,双拓波,0
2025/4/2 14:24,"只要开车，人就是第一责任人，不要讲什么乱七八糟的，喜欢玩命又没本事的就别开车

哪怕华为的智驾第一，现在都是智能辅助驾驶，都不能离开辅助二字。

安全驾驶，安全驾驶，安全驾驶。如果学不会回驾校上安全课去",0
2025/4/2 14:26,有问题就是有问题，不要想着给自己洗脱，想着改进吧[鞠躬][鞠躬],0
2025/4/2 14:28,油车跟电车一旦出现事故那个更危险？,0
2025/4/2 14:28,不是每家智驾都靠谱！,1
2025/4/2 14:28,卡bug呢？,1
2025/4/2 14:28,门可以学一下极越 断电后有独立的电机可以打开,0
2025/4/2 14:29,得互动,0
2025/4/2 14:29,找刀的生产厂家，都是因为刀太锋利了,1
2025/4/2 14:30,知道为啥特斯拉的辅助驾驶为啥收6万了吧，就是比你快零点几秒。能及时刹车保密。[泣不成声],0
2025/4/2 14:30,我的小米股票完了！[流泪][流泪][流泪][流泪][流泪][流泪][流泪][流泪][流泪],0
2025/4/2 14:30,科技在进步，人却变得越来越懒，美团是方便了很多人，但是，老祖宗留下的规矩，千事万事，吃饭是大事，吃个饭都要别人送你手里来的人，你活着干嘛，难道你是经常性的腿脚不便吗？,1
2025/4/2 14:30,辅助驾驶？，能自动驾驶吗？,0
2025/4/2 14:31,北京早多年都有林肯z自动驾驶车了,0
2025/4/2 14:31,瞌睡就睡，喝啥都不如睡一会,0
2025/4/2 14:31,说的没错 ，我目前智驾一万公里左右，智驾是可以让人开车轻松不少，但是司机一定要时刻注意路况，在复杂路况提前接管，在上高速前检查摄像头是否有污渍，智驾时把限速调低一些，跟车距离调到最远，AEB跟防碰撞预警全部打开,0
2025/4/2 14:31,非要出事了，才追悔莫及,0
2025/4/2 14:32,走错片场了吧,1
2025/4/2 14:32,牛肉干，一直赛牙一直扣[呲牙],0
2025/4/2 14:32,是啊，站的太高了，开车的司机有很大问题啊，就看警察调查出的结果了。,0
2025/4/2 14:32,除了事就这样说[捂脸][捂脸],0
2025/4/2 14:32,一秒时间你牛逼，你接管,1
2025/4/2 14:32,等出了事，负责给死人吗？说什么都晚了，它敢，你敢吗？,1
2025/4/2 14:32,正常开车不会出这样的事  拿生命交给自动驾驶也是人才 提示前方有障碍 才接管方向盘 还来得及吗？,1
2025/4/2 14:33,你开什么玩笑,1
2025/4/2 14:33,不用负责，卡bug,1
2025/4/2 14:33,你去和拼多多说[捂脸],1
2025/4/2 14:34,14亿人有14亿个思想，每个人的理解都不同，智商高低也不同。我开了20来年车了，定速巡航我也不敢用，我只相信自己的腿和手,0
2025/4/2 14:34,现在6代好像是可以的,0
2025/4/2 14:34,5分钟12分？,0
2025/4/2 14:34,呦呵你给我说说看那一辆特斯拉标出了L3智能驾驶？不特么都是辅助智能驾驶吗[看] 你要搞清楚什么叫辅助智能驾驶,1
2025/4/2 14:35,虚拟世界你可以随便开车、这里是现实世界。高速公路在施工啊。,1
2025/4/2 14:35,嚼槟榔,0
2025/4/2 14:35,找厂家,0
2025/4/2 14:35,l2级还做不到,0
2025/4/2 14:36,让你老公或者闺蜜看你收机啊？一看一个不吱声,1
2025/4/2 14:36,把命交给智能的人，不值得同情，人要为自己的行为负责。自己才是安全第一责任人。,1
2025/4/2 14:36,老表说的对[赞],0
2025/4/2 14:37,[捂脸]别的我不知道，我的油车安全带不系，光滴滴滴滴滴滴滴滴滴的声音能把我烦死??。,0
2025/4/2 14:37,出车祸第一时间不报警，找造车的小米，那这样，各家车企，尤其大众比亚迪这种头部卖的最好的，人家忙不过来了[泪奔][泪奔],0
2025/4/2 14:37,对，没出事前我的智驾是第一，出事后我这是辅助驾驶,1
2025/4/2 14:37,老雷同志是个好同志,0
2025/4/2 14:38,华为智驾出过大问题吗 去年运城的也m7的智驾系统是博世的 秦风事件aeb把他的时速从115降到了60多 还是在他的雷达镜头模糊的情况下 而且人家的诉求还要两m9,0
2025/4/2 14:39,不能慢点开？,1
2025/4/2 14:39,打手剁了,1
2025/4/2 14:40,智能驾驶无论对车主还是对行人的安全，都具有潜在的威胁。,0
2025/4/2 14:40,好笑你没有不代表人家没有[抠鼻],1
2025/4/2 14:41,没有倒车影像的车我都不会倒[捂脸],0
2025/4/2 14:41,不切实际的功能都不要有，既然是辅助系统，没有他又不是不可以，那为什么要有，踏踏实实做质量，去掉一些花里胡哨的东西,0
2025/4/2 14:41,发布会时可没这低调,1
2025/4/2 14:42,[发呆]怎么是一直脱手吗？,0
2025/4/2 14:42,对啊，命只有一条[泪奔],0
2025/4/2 14:42,市场销售的时候智能驾驶催得天花乱坠出事就不是智能驾驶了[看]门的打不开是质量问题吧,1
2025/4/2 14:43,人类终将毁于高科技，不是所有科技的东西都是对人类带来好处的,0
2025/4/2 14:43,说了不听，听了不做，做了又错[微笑],0
2025/4/2 14:43,?咋还人身攻击了[捂脸],1
2025/4/2 14:43,本来就是，只是辅助驾驶，长途高速上用辅助驾驶，不那么累。,0
2025/4/2 14:43,那个说实话，我不敢坐，毕竟那个技术还不成熟，虽然人为操控，但是我感觉还是不够安全[捂脸],0
2025/4/2 14:44,放心  你死了我都没事 你球都不懂  根本不知什么叫智能辅助驾驶,1
2025/4/2 14:44,相等，0.3的循环*3＝1,0
2025/4/2 14:44,他那个标准版没有智能驾驶，只有辅助驾驶,0
2025/4/2 14:45,看样子雷说的还不够多，还是有些人左耳朵进右耳朵出,1
2025/4/2 14:45,睡一觉到家这种扰乱大众认知的营销，真不知道是什么脑子想出来的,1
2025/4/2 14:45,人家问的是数学数值上。拼多多只是小数点后位数多又不是无限循环。,0
2025/4/2 14:46,起个名字都有误导性，还是叫辅助驾驶吧,0
2025/4/2 14:46,咱们的智能驾驶2.999999无限接近l3[看],0
2025/4/2 14:46,困了不应该睡吗，提什么神,0
2025/4/2 14:47,我还是相信脚踩的自行车[捂脸][捂脸],0
2025/4/2 14:48,你怎么知道车门打不开,0
2025/4/2 14:48,不怪小米，哪家车子都一样，那么高的车速人在里面都撞懵了晕了，还开车门，门开着都不一定爬的出来,0
2025/4/2 14:48,现在的大学生都这么富有吗？,1
2025/4/2 14:48,掷zhi(四声),0
2025/4/2 14:48,把最好的年华献给了小米[捂脸],0
2025/4/2 14:48,都还没出调查报告呢 就有人在网络上各种猜了,0
2025/4/2 14:49,你在现场吗？你说车门锁死？,0
2025/4/2 14:49,雷军不是说这是辅助驾驶还没有那么完善,0
2025/4/2 14:49,有一种地方叫服务区,0
2025/4/2 14:49,还是相信雷总的真诚[感谢][感谢][感谢],0
2025/4/2 14:49,[呲牙]我公路闪电，手不能离开方向盘，离开几秒钟就有提前,0
2025/4/2 14:49,电子仪器，我觉得方向还是握在手里安全点，,0
2025/4/2 14:50,辅助驾驶我朋友那老司机也只敢在塞车的时候用，车速不快经常刹车，他也要盯着前车，就是不用自己加油刹车来回踩而已,0
2025/4/2 14:50,现在是保时米了，别的睡着都能送回家，保时米只是手没扶方向盘直接把人送走,1
2025/4/2 14:51,华为可以不代表你们买的其他都可以,1
2025/4/2 14:51,就是，睡眠都不够，而且考试前都是比较紧张的,0
2025/4/2 14:51,吃牛肉塞牙缝，能扣一路,1
2025/4/2 14:51,所以就出事前一秒智驾退出？,0
2025/4/2 14:51,捞来，告诉我，当时都标准是什么，你不会会叫吗？,1
2025/4/2 14:52,让卫星领航最安全[尬笑],0
2025/4/2 14:52,[捂脸],0
2025/4/2 14:52,开车的人全责,1
2025/4/2 14:52,没事，写个程序，在出事的时候，把出事前一秒的数据改成退出智驾，车主自己操作的,1
2025/4/2 14:52,…,0
2025/4/2 14:53,电车装了电池就爆炸，这能避免吗，关键打不开门真不应该,1
2025/4/2 14:53,l4主驾都不用坐人了，车企全责，这可不敢跳,0
2025/4/2 14:53,你是这个[弱],1
2025/4/2 14:53,困了累了就上服务区休息，安全第一。不用勉强自己去赶时间啥的[吐舌],0
2025/4/2 14:53,就像带头盔和闯红灯一样，交警天天查天天说，还有那么多人不听……[呆无辜],0
2025/4/2 14:54,小米的是辅助驾驶，他非要说别人的也是辅助驾驶。雷军说话真鸡贼啊,1
2025/4/2 14:54,自动驾驶能不能在特定路段车速下才能自动驾驶，每天整的都不知道谁开着车，手都离开方向盘，每天都怕被车撞，跟个定时炸弹一样，这都违反交通法，学车时，让你手离开方向盘了？,1
2025/4/2 14:54,所以算吗[暗中观察],0
2025/4/2 14:54,那为什么要研发这个自驾这个功能 ，没有这项车卖不出去了吗？说真的这东西没有。好过有,0
2025/4/2 14:54,小米的那辆事故车用的是哪家的电池？,0
2025/4/2 14:55,2.9999999999999999999999999999999999999999999999999999999999999999999999999999,0
2025/4/2 14:55,跟别人有差距不怪你，但别再说自己也是第一梯队，天花板什么的,1
2025/4/2 14:55,还有卖肥料的[捂脸],0
2025/4/2 14:55,哪一次？,0
2025/4/2 14:56,尝鲜自愿，风险自担。第一个尝试吃螃蟹的人，享受美味的同时，也必然要冒着毒死的风险！这个世界上总是有人喜欢冒险的，而且愿意冒险的永远都是年轻人，否则社会就不可能进步。,0
2025/4/2 14:56,@会动的植物人 [大笑],0
2025/4/2 14:56,智驾普及了？,0
2025/4/2 14:56,他还说过NOA可以避让道路施工[看][看][看],0
2025/4/2 14:56,大嘴的话倒是听进去了[捂脸],0
2025/4/2 14:56,人驾不会出安全事故？,1
2025/4/2 14:57,雷军都说了很多次，那是辅助驾驶，国家法律没有出来智能驾驶！,0
2025/4/2 14:57,我觉得不要什么都自己干，专业的事情还是要专业的人来做。,0
2025/4/2 14:57,还得是华为,0
2025/4/2 14:58,小米主动退出的？,0
2025/4/2 14:58,智驾不是自驾，这是两个东西[微笑],0
2025/4/2 14:58,大哥，中华人民共和国每天上千万辆车在路上跑，每天车祸都数不过来，说不定你今天还在喷小米，明天就开别的品牌的车出车祸死了，我不知道为啥一个车祸就喜欢嗷嗷叫，中国人真的6,1
2025/4/2 14:58,这是妥妥的：火化车 太可怕了,1
2025/4/2 14:58,河南这个地方还是有说法的，大量的米黑华黑都你们这,1
2025/4/2 14:58,我还记得是某领先说的[呲牙],0
2025/4/2 14:59,不想开车买车干嘛？要么请司机,1
2025/4/2 14:59,买华为的人不需要听 ，要速度的听不进去[捂脸],1
2025/4/2 14:59,八分钟的接手提醒和路况修路看不见？小米其实现在就只有一个问题，那就是起火，这个问题得给所有人一个交代,1
2025/4/2 15:00,小米支架就是牛逼，无可否认！,0
2025/4/2 15:00,是你在杠，我只是说有时候短暂脱手，你非得说违法，你算什么，法官也要讲法律条文讲证据,1
2025/4/2 15:01,无论怎么样，大家开车都注意安全吧,0
2025/4/2 15:01,时速40撞了人不至于昏迷，高速撞了可能就昏迷了，后座没寄安全带估计当时就重伤了,0
2025/4/2 15:01,用超前宣传卖车,0
2025/4/2 15:01,怎么没人问问路政的责任啊？每小时97公里撞击水泥墩，要么当场死亡或昏死过去了，还开什么车门？早打开天堂的大门了[汗],1
2025/4/2 15:02,他们脑子萎缩了一样小米一直强调是辅助驾驶不能离开方向盘，出了问题找车企要是华为早给你送进去了[捂脸][OK],1
2025/4/2 15:03,小米一直强调是辅助驾驶[抠鼻],0
2025/4/2 15:03,把你手机给男朋友[捂脸],0
2025/4/2 15:03,@@_@,0
2025/4/2 15:04,我开的是小鹏，有一次我对象开车，它提示接管方向盘，他没有接，结果下次使用，车提示上次没有接管，不能使用。[赞],0
2025/4/2 15:04,当双手离开方向盘已宣布死亡，不要抱怨,1
2025/4/2 15:04,有个车企l2.9[捂脸],0
2025/4/2 15:04,为什么是试点,0
2025/4/2 15:05,[紫薇别走],0
2025/4/2 15:05,那叫自动驾驶，不是智驾,0
2025/4/2 15:05,特斯拉不跟你玩小数点,1
2025/4/2 15:06,不是留给人反应时间，像这种道路维护施工，都把车道改到对向车道了，十几公里、几十公里都会有标牌,0
2025/4/2 15:06,不知道，反正看过好多次报道，有人高速用定速巡航，然后解除不掉了，报警，交警开道，把人救出来。,0
2025/4/2 15:07,就好像有人问我，嘿，伙计，你有理想吗？我怎么回答？,0
2025/4/2 15:07,不是所有的智驾，都叫华为。,0
2025/4/2 15:08,出没出事那辆车都有智驾，也有辅助驾驶，因为智驾就是辅助驾驶,0
2025/4/2 15:09,比亚迪不会营销？,0
2025/4/2 15:09,油车反应太慢了，智驾需要高速高精度的电子联接,0
2025/4/2 15:09,只能说你胆子大[呲牙]，我的车子定速巡航我都没用过,0
2025/4/2 15:09,对味了,0
2025/4/2 15:09,[尬笑],0
2025/4/2 15:10,135km/h?,0
2025/4/2 15:10,问界M7的时候发短信你们可不是这样说的啊[捂脸]这回旋镖这么快可打到你了啊[捂脸],1
2025/4/2 15:10,那不正常，难道人去接管系统不给你，你才喜欢,1
2025/4/2 15:10,主要是出了法规了，现在都是过度营销，都玩文字游戏了，误导了消费者了，本来就是辅助驾驶，非的跟你玩个文字游戏，叫智能辅助驾驶了，而且都是强调智能驾驶，不强调辅助[捂脸],0
2025/4/2 15:10,赛力斯标配2.9∞[看],0
2025/4/2 15:10,无人自动驾驶汽车，上车后能不能带你去不想去的地方。,0
2025/4/2 15:11,怪不得在说智驾呢，别个智驾语音提示请抬脚，还是在刹停之后！这个直接干上去了，也是智驾？不是说乾崑智驾都在事故前0.1秒退出吗？还是那个品牌支架好一些！,0
2025/4/2 15:12,包的啊[捂脸]都是一群事事无成的中年人看不得别人好那种，不限品牌只要是自己买不起的就一定要在网上现在自己意淫的道德制高点攻击任何一类事物,1
2025/4/2 15:14,那萝卜快跑呢,0
2025/4/2 15:14,你说的是哪种无人机啊[泪奔]无人机有小的有大啊,0
2025/4/2 15:15,就不能叫智驾，有些车企就是为了混淆智驾和自驾，不知道谁起的智驾,1
2025/4/2 15:15,营销确实夸大，有人信也正常，我佩服他们真敢这么用[赞]，试错成本太高了,0
2025/4/2 15:16,雷总的话很诚恳，他在发生事故后说的那段话也很诚恳,0
2025/4/2 15:16,昨天又失眠了，我该去找做床的还是做枕头的？脑阔疼,0
2025/4/2 15:17,什么车都不能像她这么开[暗中观察],1
2025/4/2 15:17,小米只说过是辅助驾驶，从来没有说过是自动驾驶，不要方向盘都不碰一下[尬笑],0
2025/4/2 15:18,别说自动驾驶了，高速也从来没有开过定速巡航，只相信自己,0
2025/4/2 15:18,"王传福那句话，含金量又一次的被提高了,那些取笑王传福的人,还有骂王传福的人,回旋镖打到他们了",1
2025/4/2 15:18,嗑瓜子[捂脸]，特别醒瞌睡,0
2025/4/2 15:19,[奸笑][奸笑][奸笑]说的很好 下次换我来说,1
2025/4/2 15:19,华为：你直接念我身份证号吧[憨笑],0
2025/4/2 15:20,不能脱手那所谓的智能驾驶又有何用呢,0
2025/4/2 15:20,这么喜欢偷换概念吗,1
2025/4/2 15:20,那无人出租车算什么,0
2025/4/2 15:20,萝卜出租咋说[捂脸],0
2025/4/2 15:20,自动驾驶至少运营十年再考虑买，谁先买谁就是那个模拟人生,0
2025/4/2 15:20,你真的相信2秒钟是被接管的？车辆被撞被传感器检测到并确认，也是需要几秒时间的。,0
2025/4/2 15:21,@比亚迪汽车 @中国质量监管 @中国汽车质量网. @雷军 @小米汽车 @CATL宁德时代 @中国消防 @比亚迪王朝 @比亚迪王朝路天,0
2025/4/2 15:22,为什么会燃烧的问题,0
2025/4/2 15:23,围魏救赵用的好啊[赞][赞],0
2025/4/2 15:23,应该先用于公务用车,0
2025/4/2 15:23,找做菜的,0
2025/4/2 15:23,人不是说了提前几分钟人工接手了吗？,0
2025/4/2 15:24,我驾龄还差一个月就12年了，开电车5年，也开很少很少用辅助驾驶，真的就相信自己的双手[呲牙],0
2025/4/2 15:24,我觉得你是对的[赞],0
2025/4/2 15:24,目前智驾跟本不成熟，都是吹牛逼的,1
2025/4/2 15:24,我个人理解是里面的人撞晕了，外面路过的人没必要冒着生命危险去拉门砸窗,0
2025/4/2 15:25,撞成那样，什么车烧起来很正常，不烧只能说运气好[呲牙],0
2025/4/2 15:26,考了不怎么敢开,0
2025/4/2 15:27,电车不行啊,1
2025/4/2 15:27,累了你就不能服务区休息哈啊[捂脸],0
2025/4/2 15:27,交通法要是禁止智驾就好了，这玩意在马路上就是隐形炸弹,1
2025/4/2 15:27,雷总你真是太好了[赞][赞]，虽然我不是米粉，但我力挺雷总[赞],0
2025/4/2 15:27,自己不看说明书吗[捂脸],1
2025/4/2 15:28,智架就是为了挣钱,1
2025/4/2 15:28,@包 [尬笑],0
2025/4/2 15:28,在98面前黯然失色,0
2025/4/2 15:28,全员无限接近L3[灵机一动],0
2025/4/2 15:29,[泪奔]离谱,0
2025/4/2 15:29,没看到20分钟前分心提示？,0
2025/4/2 15:30,菊花L2.99999四舍五入,0
2025/4/2 15:30,那是不是买车就不需要考驾照了？[大笑][大笑][大笑],0
2025/4/2 15:32,北京市市场可以不用司机吗？用自动驾驶代步工作行程？,0
2025/4/2 15:32,辅助驾驶，半自动驾驶，全自动驾驶，无人驾驶,0
2025/4/2 15:33,得所有有智驾的车企都宣传安全驾驶才行，可惜这不太可能,0
2025/4/2 15:33,出事故车门打不开确实不合理,0
2025/4/2 15:33,这得多痛苦啊，雷总好好看看你的智能驾驶带来的隐患吧[感谢][感谢][感谢],0
2025/4/2 15:34,车门打不开?谁能证明呢？人当场都撞晕了怎么开门呢？还有车里面的人员安全带有没有全部系好，车里面人员的实际情况没有人知道哦，只有等调查结果出来后再讨论哦,0
2025/4/2 15:34,手不要离开方向盘，说了多少次多少次，现阶段的科技根本不支持手离开方向盘。,0
2025/4/2 15:34,[愉快]那还不如我自己开,0
2025/4/2 15:35,現在的智駕讓我想起幾十年前的泰陽神口服液[捂脸],0
2025/4/2 15:36,带上别人老公[比心],1
2025/4/2 15:36,不是有机械开关嘛，应该是人晕了[暗中观察],0
2025/4/2 15:36,这是啥[捂脸]其实就是个l2,1
2025/4/2 15:36,刚刚抖音上北京老爷们已经制定法律可以开始无人驾驶了,0
2025/4/2 15:36,这就是卖的便宜，的坏处,1
2025/4/2 15:36,还是等官方的说法吧，不要急着下结论,0
2025/4/2 15:36,无法开门这事还没定呢[捂脸]，司机安全带还是锁闭状态。,0
2025/4/2 15:37,无论哪一家，智驾都会带你去地狱！不管谁驾鹤西去，都是股民帮你买单！,1
2025/4/2 15:37,高速敢开自动驾驶，真牛,1
2025/4/2 15:37,取得联系，证明人没晕,0
2025/4/2 15:37,丰田的油车的自适应巡航靠谱吗？,0
2025/4/2 15:37,是的。不接说不定还没事。肯定乱打方向盘了,1
2025/4/2 15:38,看来你是每次非得九十多去撞车，非要撞懵逼的时候才能用？看来是犟种一个啊,1
2025/4/2 15:38,发布的时候吹上天，出事就是辅助驾驶了，这种自动驾驶除非所有车都是，并且车机能够知道所有附近车机的信息位置及操作共享等，否则都只是辅助驾驶，虚头把老,1
2025/4/2 15:38,对，油车这个速度撞上可能也得燃，林志颖当时开特斯拉也就开到五十，撞上后也燃了。,0
2025/4/2 15:39,被骗一个多月了[泪奔][泪奔],0
2025/4/2 15:39,96撞上活不活都不敢说，还打开门谁打开？,1
2025/4/2 15:39,白酒掺啤酒，喝完了就精神,0
2025/4/2 15:39,这个车的司机不是车主[捂脸]，司机开的男朋友买的车。,0
2025/4/2 15:39,那特斯拉有l3吗[尬笑],0
2025/4/2 15:40,@根本睡不够， [捂脸][捂脸],0
2025/4/2 15:40,不是说8分钟前就提示了，是他最后面2秒才接管的,0
2025/4/2 15:40,我欢乐斗地主都不敢托管[微笑],0
2025/4/2 15:40,虽然都叫L2，但大有不同,0
2025/4/2 15:40,安全才是卷技术的意义！[泣不成声][泣不成声][泣不成声],0
2025/4/2 15:40,[微笑]定速巡航，多少年，我都没用过，智能辅助，你们怎么敢的……,0
2025/4/2 15:40,为啥啊[尬笑]开智驾不是让你坐智驾,1
2025/4/2 15:41,雷总你已经有言在先了，这不是你的错，我挺你！[赞],0
2025/4/2 15:42,一车死  万车起[捂脸][OK],1
2025/4/2 15:43,为什么没有人说半夜三更开得那么快，还能聊微信…,1
2025/4/2 15:43,4年前射向特斯拉的那些子弹，拐了个弯射向了小米,1
2025/4/2 15:43,国人的品牌世界的品牌比亚迪[给力],0
2025/4/2 15:44,我还是等L5吧[抠鼻][抠鼻][抠鼻],0
2025/4/2 15:44,把手机给对象,0
2025/4/2 15:44,反正走的很急 [看],0
2025/4/2 15:45,问界不是驾驶员可以睡觉吗,0
2025/4/2 15:45,后台数据都出了 你要质疑小米欢迎[猪头],1
2025/4/2 15:46,[赞][赞][赞],0
2025/4/2 15:46,华为属于什么！,1
2025/4/2 15:46,土地公公最后去跟玉帝告状，玉帝紧锁眉头说的，朕活了几千年也没碰到过这种事,0
2025/4/2 15:47,再不找厂家就愈合了[暗中观察][暗中观察],0
2025/4/2 15:47,我觉得也没够成熟,0
2025/4/2 15:48,车主主动接管，你是瞎了？,1
2025/4/2 15:48,靠不靠谱得看哪家智驾[看],0
2025/4/2 15:48,@Qyx哦,0
2025/4/2 15:49,"哪个程序不出bug,你说可能靠谱吗[捂脸]",0
2025/4/2 15:49,刀不安全 至于用手撕[呲牙],0
2025/4/2 15:49,烧的那个b车连激光雷达都没有，看公告瞎，看事故现场也瞎？,1
2025/4/2 15:49,很多人完全依赖，双手释放，脑子也释放,1
2025/4/2 15:50,起火是不是事实？起火后三个人三个位置，为什么没一个车门是打开逃离的？第一个车子起火人没逃离的车子,1
2025/4/2 15:50,没开过车？[绝望的凝视]复杂路况，就是先报警提醒你接管。你不接管他就自己退出,1
2025/4/2 15:50,大哥，水浇油，灭不了，不是常识吗，怎么就是洗了,1
2025/4/2 15:51,高速不就这样[笑哭],0
2025/4/2 15:51,我手动挡车开了10年了，我都不喜欢开自动挡，我连自动挡都不碰，更不喜欢去碰那个所谓的人工智能吗？况且，现在的最最简单最简单车里面的功能，在这些功能里面有90%的功能都是没有用的。他车就是一个工具，最多用它10%的功能。那你人工什么人工智能那些车里面的功能就更多的都不会去用的，我是不会去用的。哎哟，不是说我排斥人工智能，是他还没到那个份上。再说了，开车本身就是一个享受，干嘛不去摸方向盘？我也不是名人，我也没有那么忙，开车本来就是享受，还做什么其他事儿？,0
2025/4/2 15:52,电车要死几个厂子，小米是第一个吗？[抠鼻],1
2025/4/2 15:53,苕萝卜虽然可能开的慢，但他肯定是厂家负责呀,0
2025/4/2 15:53,不说法规，难道车企要求？,0
2025/4/2 15:53,以前没说吗？以前说淘汰油车[捂脸],0
2025/4/2 15:53,电池一撞就烧，火还特别大，火还特别快，车门还打不开，这不都是设计缺陷吗？,1
2025/4/2 15:54,其他一些车企不也一个样,0
2025/4/2 15:54,之前刷到开电车睡觉的还是高速[捂脸]，还有画画的，心大得很[尬笑][尬笑][尬笑],0
2025/4/2 15:55,语文没学好？,1
2025/4/2 15:56,驾驶是关乎生命的危险行为，怎么能说是辅助呢？！用了就意味着有分心的必然，就应该要承受可能带来的后果。谁也不能保证就是亲自驾驶遇到突发情况就能完全避免车祸，谁又能做到长时间有人帮你开，你还聚精会神的盯着它是不是正常工作[捂脸],0
2025/4/2 15:56,找生产厂家干什么，找雷总就行,0
2025/4/2 15:56,我觉得辅助驾驶这名字没问题，主要是人，然后再是其他的[投降],0
2025/4/2 15:57,最好找服务区睡个二三十分钟，提神的反而更累，想睡睡不着，但也不精神，头痛,0
2025/4/2 15:58,知道，错了,0
2025/4/2 15:58,最起码雷军说自己的车是辅助。不像遥遥领先的宣传,1
2025/4/2 15:59,咋的用枪杀了人还得去找发明枪的人[捂脸][捂脸],0
2025/4/2 15:59,所以说开车，要敬畏速度。昨天还有个人和我所100码不快，他平时国道都是100码，我只能说，时候不到，不是他走，就是送人家走[抠鼻],1
2025/4/2 15:59,[捂脸]出事了就怪博士,1
2025/4/2 15:59,有机械开关的，家属说的门是关闭状态，那是因为驾驶员没有能力打开了吧,1
2025/4/2 15:59,撞懵了估计,0
2025/4/2 16:00,l80 也不能离开方向盘,0
2025/4/2 16:00,[赞][赞][赞][赞][赞][赞],0
2025/4/2 16:01,辅助驾驶的辅助画重点，车门锁死这怎么说如果车门松开人在车中掉车来是不是又是另一种说法,1
2025/4/2 16:01,这是哪来的业界人士？业界人士会不知道智驾指的是智能辅助驾驶？,1
2025/4/2 16:01,遥遥领先，宇内无敌！,0
2025/4/2 16:02,质检部门应紧急叫停这个功能，不成熟，,0
2025/4/2 16:02,人家都说到这个份上了，还是撒手靠智驾，那确实是没办法了。。。,0
2025/4/2 16:02,不知道还有多少人没搞清楚。智驾只是作为辅助，能让驾驶员更加轻松，行驶相对更加安全。智驾不等同于无人驾驶技术，现在还没到那种地步。国内相对复杂的道路状况，不管开的多么高阶的智驾，还是要靠驾驶员本身为基础。生命只有一次，不要过度依赖智驾，且行且珍惜。愿逝者安息??,0
2025/4/2 16:03,买车千万别买那些小白刚造出来的车，不然你都没有后悔的机会，,1
2025/4/2 16:03,我二十多年驾龄，从未使用过定速巡航，从未相信过这个功能！,0
2025/4/2 16:03,将近100时速，门都变形了。别说撞懵了，没人帮忙想自己打开难吧。,0
2025/4/2 16:04,你说这么多，他们只听到了可以无人驾驶[捂脸][捂脸][捂脸],0
2025/4/2 16:04,那就有点不对劲了，我看了某车帝的车型命名，叫某某长续航智驾版[看][看],0
2025/4/2 16:04,始作俑者，其无后乎。,1
2025/4/2 16:04,中国的法规不允许无人驾驶，也没说淘汰油车，你是从哪听来的,0
2025/4/2 16:05,[看]这个还是付费提供，且提倡的服务吧,0
2025/4/2 16:05,取消智驾系统！！！！！花里胡哨的对社会造成巨大损失！,1
2025/4/2 16:07,友商那个倒是天天当卖点,1
2025/4/2 16:07,雷总，你太善良了，不要让他们欺负你，你只是个卖车的谁开车谁都要注意安全，和你没有关系,0
2025/4/2 16:08,关键是车门打不开啊[抠鼻],0
2025/4/2 16:08,她们也不想想 智能手机也得靠人操作 何况所谓的智能汽车,0
2025/4/2 16:08,你怎么不说眼睛不看路[捂脸],1
2025/4/2 16:08,小米可以,0
2025/4/2 16:08,还有卖煤的[捂脸]没有煤怎么炼[捂脸],0
2025/4/2 16:08,那是智驾，不是代驾,0
2025/4/2 16:09,说实话智驾的宣传是整个新能源车企带起来的，小米算是不怎么宣传智驾的了，因为本身智驾实力也不是第一梯队的。加上很多人连油车的l2 acc都没体验过，上来就智驾，成功率太高，不知道需要经常介入，会产生依赖效果,0
2025/4/2 16:10,人家雷总都多次强调智架是辅助，不能过度依赖[尬笑],0
2025/4/2 16:10,谁跟你说的？警方都没发信息,1
2025/4/2 16:11,要看是谁的智驾好吧，m9 60多万的车第二年保费才4000多就是智驾的功劳,0
2025/4/2 16:11,军说得那么仔细，某些人就是不听，是理解能力有问题呢，还是理解能力有问题呢，还是脑子瓦特了呢[灵机一动],1
2025/4/2 16:12,自家的不行出事故了，别家的也拖下水先[看],1
2025/4/2 16:12,你这是纯造谣了哈,1
2025/4/2 16:13,不立法所有都是白说[捂脸],0
2025/4/2 16:13,好文章！??,0
2025/4/2 16:13,来了！《围魏救赵》,0
2025/4/2 16:13,不亏是智驾第一[赞],0
2025/4/2 16:14,22点27分心警报，22点36方向盘离手，都这样了还比养的不看路怪谁？但凡手放方向盘上看着路，44分24秒减速提醒的时候能来不急？怎么？在车上睡死了？,1
2025/4/2 16:14,智驾停停车到倒库还行,0
2025/4/2 16:14,拉不出粑粑怪马桶，智能再好，关键是人，自己要对自己负责,0
2025/4/2 16:14,雷总从一开始就把话说明白了，根本就不关他的事。他们开车的时候自己不注意安全，没把自己的生命放在心上。,0
2025/4/2 16:15,我打的萝卜快跑最快跑50码根本出不了事[微笑],0
2025/4/2 16:15,@雷军 雷总有人阴阳你[看],1
2025/4/2 16:15,是的，不能过度宣传智驾,0
2025/4/2 16:15,智能辅助驾驶，简称智驾[看],0
2025/4/2 16:15,比亚迪电车算老大，不过混动还是好[奸笑],1
2025/4/2 16:15,最终买单的还是股民，有的人无知赔了钱，有的人无知赔了命，,1
2025/4/2 16:15,我相信技术，也相信常识，有点专业经验的也看得懂。,0
2025/4/2 16:16,避免了162万次，是不是可以理解为可能发生事故的次数高达162万次。,0
2025/4/2 16:17,第一次听说小米有智驾[捂脸],0
2025/4/2 16:17,智能驾驶只提到了智能，有没有智能限速，比如，高速，开启智驾智能跑80，市区内只能跑40，校园区域智能跑20，如果能达到此类智能控制才叫智驾，尊重他人生命权的智驾！！否则都是危害公共安全！,0
2025/4/2 16:17,2.9999l[微笑][微笑],0
2025/4/2 16:17,人驾的事故很少吗？要真全民智驾可能更安全，智驾比人驾规范多了。[捂脸],0
2025/4/2 16:17,全靠忽悠,1
2025/4/2 16:18,谁宣传的 [看],0
2025/4/2 16:18,对对对[赞]，现在有些人心太大了,0
2025/4/2 16:18,没事，网友都喜欢得很[偷笑],0
2025/4/2 16:18,让我想起了武汉的无人出租车[捂脸],0
2025/4/2 16:18,看清楚了,0
2025/4/2 16:19,小米的智驾能用？,0
2025/4/2 16:19,无所谓 反正又不是我的命,1
2025/4/2 16:20,点赞??????,0
2025/4/2 16:20,高阶智驾，能用和好用真的是两回事[呲牙],0
2025/4/2 16:21,8万收小米su7,0
2025/4/2 16:21,人性就是这样，只会质疑自己没有或者没有别人强的东西。理解,0
2025/4/2 16:21,再进步也不是这个理由啊，你别误导人行吗？。。那个车也不能百分百的说，嗯的97公里近上百公里碰撞，不车毁人亡才怪呢。,1
2025/4/2 16:22,他有智驾险[看],0
2025/4/2 16:23,安全是最大的豪华，这句话含金量还在上升,0
2025/4/2 16:23,肯定找澳大利亚啊，他们的铁矿的全责,0
2025/4/2 16:24,高速你开20码？,1
2025/4/2 16:24,但仔细了解这个险，感觉触发也挺难[看],0
2025/4/2 16:25,刚刷到说是电池随机混装[看][看][看],0
2025/4/2 16:25,高速100本来就是乌龟了,1
2025/4/2 16:25,不玩文字游戏能好卖吗？,1
2025/4/2 16:26,你说的不是和我一个意思嘛,0
2025/4/2 16:26,那就太好了，还原真实。,0
2025/4/2 16:27,你是怎么知道提醒了车主没有再次把手放到方向盘的？你是没开过车，如果是睡着了，就远不止提醒一次了[捂脸],1
2025/4/2 16:27,几人换着开,0
2025/4/2 16:27,是的，像萝卜快跑一样，遵章守则,0
2025/4/2 16:28,米车没任何根基和技术积淀，也敢买？,1
2025/4/2 16:28,雷总，我永远支持您，是开车技术问题,0
2025/4/2 16:29,你知道什么是主动接管嘛，在智驾情况下，打方向或者刹车都算主动接管…别回了没脑子的米粉,1
2025/4/2 16:29,法规就没要你松开双手，雷总早已经说明,0
2025/4/2 16:29,到服务区就抽根烟歇一会透透气，生命最重要，安全第一,0
2025/4/2 16:30,不要生产  自驾功能,0
2025/4/2 16:30,所谓的广告法只是某些人对付某些人的依据，但绝对不是箍在他们头上的紧箍咒[大金牙][大金牙][大金牙],1
2025/4/2 16:31,@余承东,0
2025/4/2 16:31,买特斯拉和华为 好[赞],0
2025/4/2 16:32,你无意识了，你还会想起来怎么开车门不,1
2025/4/2 16:32,少看点被充值的自媒体，你去开过就知道了，特斯拉的fsd真的比真人还老司机,1
2025/4/2 16:32,我不了解2.999，我还不了解中国人吗[看],1
2025/4/2 16:33,观察者网今天发了一天这次车祸事故,0
2025/4/2 16:33,这东西就像一把双刃剑。,0
2025/4/2 16:33,算朋友酒驾。,1
2025/4/2 16:33,[赞][赞][赞][赞],0
2025/4/2 16:34,不许脱手。说的清楚。,0
2025/4/2 16:34,好了，别再拖整个行业下水了！智能驾驶，凑合能用 与 好用并安全，是完全不同的境界！而混淆高阶智能驾驶概念，把最基础入门级的智能驾驶辅助说成高阶智驾，是不合适的。有些人走捷径，是需要付出代价的，如果没有，那社会就要付出代价。,1
2025/4/2 16:34,现在网上就是你这种人一个传一个，典型的拉屎不出赖地硬[尬笑],1
2025/4/2 16:34,不讲究 拼命讲安全[捂脸][捂脸],0
2025/4/2 16:34,感觉ACC用了比不用还紧张,0
2025/4/2 16:34,现在说的肯定是大事故啦，难道轻微追尾和磨察也着火呀，那不是直接推沟里,0
2025/4/2 16:35,这个自驾功能我喜欢[666][666][666][666][赞][赞][赞][赞][赞],0
2025/4/2 16:35,因为智驾驶还是因为116km/h,0
2025/4/2 16:35,而且根据中国国家标准《汽车驾驶自动化分级》（GB/T 40429-2021），智驾L等级分为6级。L0-L5，我怎么没看到有L2.9啊[尬笑],0
2025/4/2 16:35,前几天智能泊车，撞柱子上，修了500块，以后还是得靠自己倒车[尬笑],0
2025/4/2 16:36,大事故电车也不是基本会烧起来的啊,0
2025/4/2 16:36,支持小米[赞],0
2025/4/2 16:36,你亲眼看见车门打不开了？,0
2025/4/2 16:37,我迈腾很少开l2辅助驾驶，即使开了人也更紧张，反而不如自己开得心应手。,0
2025/4/2 16:37,有道理,0
2025/4/2 16:38,小米要这样介绍可能就不会出事了[呲牙][呲牙],0
2025/4/2 16:38,这锅不能由小米和雷军来背，主要是车主的问题,0
2025/4/2 16:40,真是学新闻学的，那只是辅助驾驶,0
2025/4/2 16:40,目前也就华为智驾靠谱,0
2025/4/2 16:40,但是谁又知道前面。路况出现的问题,0
2025/4/2 16:40,我定速巡航都不用，暂时还接受不了智驾，系统稍稍有点bug就噢啦，勇者先用[微笑],0
2025/4/2 16:41,用智驾跑高速，想都不敢想！,0
2025/4/2 16:41,保时米的出事前一秒退出智驾，碰撞后起火，车门打不开,1
2025/4/2 16:41,时速120的情况下，150米预警还有用不,0
2025/4/2 16:42,一天以后已经是智驾的锅了，这手接化发厉害吧,1
2025/4/2 16:42,@小米法务部,1
2025/4/2 16:43,"电车碰撞瞬间爆炸太危险了,没有燃油车安全",0
2025/4/2 16:43,韭菜们跟风能力还是不错的[尬笑],1
2025/4/2 16:43,雷总去年的话没人听，主要是智驾被吹神了[捂脸][捂脸][捂脸][感谢][感谢][感谢],0
2025/4/2 16:44,哈哈哈,0
2025/4/2 16:45,投票第一是谁来着[发呆],0
2025/4/2 16:45,知道可以实现智能驾驶时，我特别兴奋，可以实现环游中国的梦想了，我问儿子什么时候可以完全实现，儿子说很难，因为出了事故，责任无法认定，当时我还有点小失望，其实非常危险,0
2025/4/2 16:46,每天出事故的车多了去了也没见有人这么关注，为什么小米车出了事故就被推上风口浪尖？,1
2025/4/2 16:46,这个功能有什么作用？,0
2025/4/2 16:47,说的清清楚楚，讲的明明白白，挺雷总，车企没错，小米没错，雷总没错[比心][比心],0
2025/4/2 16:48,其他可以的[捂脸],0
2025/4/2 16:48,人红是非多，没办法！,0
2025/4/2 16:50,掷地有声，掷读zhi,0
2025/4/2 16:51,真的自动驾驶，那就没人会去考证了[捂脸],0
2025/4/2 16:51,当年老王说无人驾驶就是扯淡，顶多就是高阶辅助驾驶，被网上喷得体无完肤,0
2025/4/2 16:51,雷总加油你没有错，司机全责,0
2025/4/2 16:52,是你没学好还是我？是你定义的撞晕了？,1
2025/4/2 16:52,比亚迪务实，值得点赞??,0
2025/4/2 16:53,我也会看,0
2025/4/2 16:54,法律未允许，车商未明确允许，国家也没允许，,0
2025/4/2 16:56,安全第一，智驾还是别推广到乘用车了！,0
2025/4/2 16:57,服务区停车休息会，下车走走,0
2025/4/2 16:57,居然还有人把生命交给智能驾驶,1
2025/4/2 16:58,去开开25款问界M9吧,0
2025/4/2 16:58,[偷笑][偷笑][偷笑],0
2025/4/2 16:58,打瞌睡就去服务区休息,0
2025/4/2 16:59,智能手机，得用手不[捂脸][捂脸][捂脸],0
2025/4/2 16:59,余大嘴说可以睡觉的,0
2025/4/2 17:00,自动驾驶也得打怪攒经验升级，谁是怪，你猜,0
2025/4/2 17:00,这是智驾的问题嘛？本质不是起火 车门打不开导致的结果嘛？,0
2025/4/2 17:01,特斯拉那是刹车失灵啊[捂脸],1
2025/4/2 17:01,我懵了[捂脸]奔驰宝马奥迪这一百多年，开这些车，全世界少说死了都有一百万人了，为啥开小米车死了三个，就这么轰动[捂脸],1
2025/4/2 17:01,这样的啊，好吧，反正这次问题主要是因为着火，撞死和烧死责任就不一样嘞,0
2025/4/2 17:03,高于60没用？,1
2025/4/2 17:04,为了保命不敢开了,0
2025/4/2 17:04,啥智能能离开手的操作呢[鼓掌],0
2025/4/2 17:06,必须挺雷总，他讲的很清楚,0
2025/4/2 17:07,走到我们大宁夏我给你买几只滩羊[奸笑],0
2025/4/2 17:07,我真的好像从没买过小米产品,0
2025/4/2 17:07,?6,0
2025/4/2 17:08,沃尔沃,0
2025/4/2 17:08,其实每个车涉及到智驾这个问题说的都很清楚，只是驾驶员自己觉得可以撒把了,0
2025/4/2 17:08,但凡跟系统沾边的，都别太过相信[看],0
2025/4/2 17:08,晚上上高速开辅助驾驶不看路97的时速撞水泥墩上你怪谁？怪车？你不开辅助驾驶或者开了你注意力集中会出事吗？而且那么快的速度撞上去，是个车即使不燃烧脖子都得断了吧？就像大家都知道电门不能摸，你摸了挂了，找供电局赔钱吗？,1
2025/4/2 17:08,无人出租车还在使用吗,0
2025/4/2 17:09,永远支持雷总，雷总是中国最有良心的企业家[赞],0
2025/4/2 17:09,安全才是最大豪华，为国为民，速度是一种信仰，祸国殃民,1
2025/4/2 17:09,但凡是个电子产品你能100%保证它就不会出故障？,0
2025/4/2 17:11,没毛病，智驾不是自动驾[赞],0
2025/4/2 17:11,开车不扶方向盘，玩手机，这也怪车么,1
2025/4/2 17:11,你在违章摄像头下面去把双手举起来啊，那么牛逼，看看罚不罚不就行了,1
2025/4/2 17:12,我开车方向盘必须在自己手上我才放心  随你吹破天的什么高科技它都有失误的时候  但是我们不能拿生命去赌,0
2025/4/2 17:13,没毛病，不能出来事就找厂家闹腾吧，这是拿自己的命在做赌注,1
2025/4/2 17:15,收车收车，不敢开小米速 7 的出给我,1
2025/4/2 17:15,小米在转移话题，它不行别人的也不行？,1
2025/4/2 17:16,[偷笑][偷笑][偷笑][偷笑][偷笑]要是你也不敢,1
2025/4/2 17:16,又是谁跟你说的车门打不开 是驾驶员托梦跟你这破小米车门打不开嘛  那些自称救援的 都没说车门打不开  只说车太烫 没碰车门,1
2025/4/2 17:17,说的好[赞]，就是车企误导。,0
2025/4/2 17:17,这是36计里的那一计？[抠鼻],0
2025/4/2 17:20,那你跟我说叫啥？回答我,1
2025/4/2 17:20,萝卜快跑去哪了,0
2025/4/2 17:20,[看],0
2025/4/2 17:21,是把人烧成碳了，不是有人无人驾驶的问题,1
2025/4/2 17:21,电子使终是电子，方向盘离开了双手，生命交给了ai，它岀现一次错误，就得付岀生命的代驾！ai只是辅助。只能在你没注意的情况下提醒你，帮助你。而不能代替你。[呲牙],0
2025/4/2 17:21,只要不起火，都有活命的机会。。。。。。。。,0
2025/4/2 17:22,slo3也是吗[发呆],0
2025/4/2 17:23,那说L2.99是不是就没有责任[捂脸],0
2025/4/2 17:23,个个都在吹智驾有多智能，这下怂了吧[捂脸],1
2025/4/2 17:24,好棒终于不用人开车了打车不用看司机脸色了[捂脸],0
2025/4/2 17:24,那设计这个有啥用呢,0
2025/4/2 17:25,高速驾驶一定要靠自己，那都要精力很集中，乱开车的人很多，路况也不稳定，大部分反应都是下意识的，不到一秒，即便如此还有很多事故，越开越胆小！,0
2025/4/2 17:25,小米质量哎呦ko 要是碰撞加个自动解锁或灭火功能就好了,0
2025/4/2 17:25,所以为什么要取名智能驾驶呢,0
2025/4/2 17:28,小米过于营销了 误导了消费者,1
2025/4/2 17:28,不是说发生事故前已经不是智驾模式了吗,0
2025/4/2 17:28,不是人机触发关键词了,1
2025/4/2 17:28,国道七十左右差不多,0
2025/4/2 17:28,现在还没鉴定你就说车门打不开了 那山西运城m7碰撞燃烧死3个你再洗一下呢 这事当初山海经的黑社会可没少攻击吧[看]而且这不是在讨论l2.999的低级营销吗 你怎么就爱扯别的事呢,1
2025/4/2 17:29,能不能不要叫智驾,1
2025/4/2 17:29,97码撞上去，谁去打开车门，我都不知道谁告诉的车门打不开,1
2025/4/2 17:29,所以没叫无人驾驶啊,0
2025/4/2 17:29,找另外一只手的事，把另一只也划破,1
2025/4/2 17:29,知名度太高了，人人都盯着呢,0
2025/4/2 17:31,卖的时候宣传端到端如何强大，出了事这是辅助驾驶[尬笑]所以车企都是一个调性,1
2025/4/2 17:31,总结，一个大学生的认知，赶不上自己的老母亲,1
2025/4/2 17:31,没啥用科技曾提出过“脚底记录仪”，来记录油门和刹车的使用情况，我觉得是时候真的安排上了。,0
2025/4/2 17:31,智架是辅助，不是可以打瞌睡玩手机,0
2025/4/2 17:31,小米这次过后应该会重心考虑安全问题，不会起步多少百公里加速了吧,0
2025/4/2 17:32,广告会骗人，但是保费不会,0
2025/4/2 17:32,基础的算力、模型这些没投入资源研发，但是也可以宣称智驾第一,1
2025/4/2 17:32,据我所知，奔驰和奥迪L系列是3级智驾，并承诺为此负法律责任，还有几个我忘了,0
2025/4/2 17:33,广告卖点法律应该完善，L1234要用中文代替,0
2025/4/2 17:33,直接立法得了，手离开方向盘超过10秒违法，被抓住直接吊销驾照，10年内禁止驾车,1
2025/4/2 17:33,关键是电池安全性，如果不起火，不快速爆燃，事故生存概率大得多！,0
2025/4/2 17:33,雷总不需多言 ！  我站你,0
2025/4/2 17:33,OK，时间是多久，跟视频里的时间线一样吗,0
2025/4/2 17:33,被充值的？ 全网基本上都断定国内的阉割版FSD就是一坨屎。连红路灯都分辨不出来，陈震被罚的那么多罚单也是假的呗？,1
2025/4/2 17:33,@无懈可击 以后开车会面临两个问题，你是相信自己还是相信智驾？还是都相信？[大笑],0
2025/4/2 17:33,图片评论,0
2025/4/2 17:34,家属到了现场，警察告诉他们车门打不开，人被烧死，还需要怎么鉴定？车门能打开人还至于出不来被烧死吗？,1
2025/4/2 17:34,难得的好文,0
2025/4/2 17:35,爱惜生命吧...,0
2025/4/2 17:36,出事故前自动断开辅助驾驶,0
2025/4/2 17:36,不是第一梯队。,0
2025/4/2 17:36,中国,0
2025/4/2 17:36,现在版本不一样了  你可以去试一下   我开了几天了  一次红灯都没闯过,0
2025/4/2 17:36,[抠鼻][抠鼻]，这么刻意诱导舆论,1
2025/4/2 17:37,弄点??,0
2025/4/2 17:37,我车开了三年了，我也不会用。从来没有想过去用。[捂脸],0
2025/4/2 17:38,智驾只是辅助驾驶并不是完全自动驾驶，驾驶员才是第一责任人，所以自己的安全最好还是自己掌握,0
2025/4/2 17:38,做不到无人，所以就用智能驾驶来误导吗,1
2025/4/2 17:39,有些人就是无视驾驶安全，命是掌握在自己手中，自己漠视还能说什么呢,0
2025/4/2 17:39,哎,0
2025/4/2 17:39,中国,0
2025/4/2 17:40,大嘴,1
2025/4/2 17:40,你手机还是智能手机呢，是不是不需要你操作了？,1
2025/4/2 17:40,智能驾驶≠无人驾驶，无人驾驶要到L3法律落地才能真正实行，现阶段的智能驾驶都是L2法律内的辅助驾驶。,0
2025/4/2 17:41,有没有定速巡航都不敢用的，我总感觉不安全，不踏实，别说智架了,0
2025/4/2 17:41,虽然我没有一部电车，我只有汽油车，但我还是想讲你这个观念有点强人所难[抠鼻]任何车子包括油车，如果撞的部位不巧加上人员昏迷的话，那也只能看着他人亡车毁,0
2025/4/2 17:42,这手晃得我眼睛疼,0
2025/4/2 17:42,程序员自己都不信自己的程序,1
2025/4/2 17:43,谁开车使用智能驾驶手不放在方向盘  而且夜间行车会开车的人不都清楚要安全驾驶嘛,0
2025/4/2 17:43,事实再次证明还是掌握在自己手里踏实,0
2025/4/2 17:43,一天24小时都发，我谁都不站，就站喷子们，期待把股价搞到30元，谢谢,1
2025/4/2 17:44,雷总，虽然我没买小米，但是我挺你，你没错。,0
2025/4/2 17:44,虽然都叫智驾，但是智驾跟智驾不一样，不能一颗老鼠屎害一锅汤,0
2025/4/2 17:45,哪个车企吹智架，出事就要他负责,1
2025/4/2 17:45,你的总结很好，可不可以再深入讨论下，为什么一位大学生的认知会比不上她母亲呢，是她不想有更深的认知吗？,0
2025/4/2 17:45,不跟好的比就跟那差的比,1
2025/4/2 17:46,开了两年电车，高速都会启用NOA，非常舒服，但是出现过3-4危险事件，好在都及时处理掉。智能驾驶不够成熟，车企大篇幅的宣传有多先进、安全、舒适，危险只是法律性的一带而过，很多营销号展示睡觉的时候开车，在我的驾驶感受中，真是这样的话，他在高速中一次性行驶里程不会超过400公里，非死即亡。,0
2025/4/2 17:46,等用电瓶车接外宾了我在考虑买个电瓶车[捂脸],0
2025/4/2 17:46,雷总每个场合都说过[赞][赞],0
2025/4/2 17:46,一百多万的雷克萨斯，差哪了？,0
2025/4/2 17:46,新能源车企为了卖车，故意模糊宣传,1
2025/4/2 17:47,所以啊，如果一发生意外都是差不多这样的结果啊,0
2025/4/2 17:47,华为是L2.9级，但不知道为什么，他们粉丝都说是L3级[笑哭],0
2025/4/2 17:47,差把人烧死了。,1
2025/4/2 17:47,我站雷总，不管同行怎么黑，我相信大多数都信他挺他,0
2025/4/2 17:47,刚吃面拉肚子了，怎么办？在线求解……,0
2025/4/2 17:47,智驾，只能相信华为,0
2025/4/2 17:48,图片评论,0
2025/4/2 17:48,看看安全带，安全带未系状态，车门打不开的概率大些，安全带系紧状态，说明直接昏迷。反正也不能一概而论，但是我是这样猜的,0
2025/4/2 17:48,转发微博,0
2025/4/2 17:48,小米一直宣传的是人车共驾，不知道有些人是被哪些厂商的过度宣传误导了,0
2025/4/2 17:48,哪里有华为[尬笑],1
2025/4/2 17:48,智能驾驶，应该控制车速，多少车速禁止驾驶,0
2025/4/2 17:48,遥遥领先也要小心了，不要把话说满了,0
2025/4/2 17:48,你批的首批？,1
2025/4/2 17:49,车内记录仪和官方都有这些记录,0
2025/4/2 17:49,1,1
2025/4/2 17:49,没学过语文么？智驾的宣传=智驾？,1
2025/4/2 17:50,那萝卜快跑算什么？[笑哭],0
2025/4/2 17:50,电车，新时代的马路杀手,1
2025/4/2 17:50,相对于其它宣传智驾，还是华为的宣传更好。,0
2025/4/2 17:50,小米可是一直说的辅助驾驶，[泪奔],0
2025/4/2 17:50,无聊，,1
2025/4/2 17:51,互联网没有记忆吗[看]特斯拉那时候被喷多惨忘了[捂脸],0
2025/4/2 17:51,退出智驾2s后撞了,0
2025/4/2 17:52,L2+++++++,1
2025/4/2 17:52,我也是看倒车镜，倒车影像辅助看车后边和墙的距离[捂脸],0
2025/4/2 17:52,还是油车技术成熟，安全可靠！,0
2025/4/2 17:52,好样的，智驾不要脱手,0
2025/4/2 17:52,按照你的说法 m7那个车门也是锁死了 不锁死为什么车上人不下来呢[憨笑],0
2025/4/2 17:52,确实，不能一竿子打翻一船人，智驾技术百花齐放，各家有各家的特色和进步嘛。就像品酒，得细细品味每款车的智能驾驶系统，才能发现其中的奥妙。,0
2025/4/2 17:52,还有一点引起警示：高速公路等交通道路维修部门，维护道路，要正确导流，减少可能引起交通事故发生。某些部门道路维修，从不考虑交通拥堵，管你有多少车，管你堵多少公里。,0
2025/4/2 17:53,吸烟有害健康，能不能不卖？,0
2025/4/2 17:53,以后都按L3标准吧,0
2025/4/2 17:53,车企你看看他们用的什么智驾 不涨脑子,1
2025/4/2 17:53,m7那个多少码这个多少码？况且m7那个也没爆燃啊，保时米现在真是高速打火机,1
2025/4/2 17:54,说的太对了[赞][赞][赞],0
2025/4/2 17:54,一颗老鼠屎坏了一锅粥,1
2025/4/2 17:54,自己查 不和瞎子BB,1
2025/4/2 17:54,有没有可能是某些厂商自己太菜？况且重点难道不是电池和车门么？,1
2025/4/2 17:55,你看看热搜第一，小米恶心。,1
2025/4/2 17:55,哈哈哈哈，怎么没人去找保时捷,1
2025/4/2 17:55,典型的 燃了但是我比你燃的少 虽然我也烧死三个是吧[尬笑],1
2025/4/2 17:55,因为L3还没开源呀,0
2025/4/2 17:55,就不应该有自动驾驶这个东西,1
2025/4/2 17:55,我之前在高速上看到过、开着智驾在主驾位上睡觉的车主真的看着都危险，赶紧远离（不是小米、是其他牌子的车,0
2025/4/2 17:55,去厕所,0
2025/4/2 17:55,有智驾学堂有说不能识别石头 雪糕桶的,0
2025/4/2 17:55,那么多人都坐过无人驾驶汽车怎么说呢？,0
2025/4/2 17:56,你咋不说让他一直燃 看看能不能烧成这样,1
2025/4/2 17:56,桃子摘完开始拉全行业下水了，不愧是哈基米,1
2025/4/2 17:56,不用那买来干嘛，大家别怕开了智驾上高速可以随便睡！一点事都没有，反正我是油车[微笑],0
2025/4/2 17:56,余承东:能用跟好用是有区别的,0
2025/4/2 17:56,华为压热搜厉害啊，看看这个，一个热搜都没有,1
2025/4/2 17:56,自动驾驶应限速50内,0
2025/4/2 17:56,奥迪也用的华为智驾,0
2025/4/2 17:56,#对智能驾驶的宣传不能再含糊其辞了#,0
2025/4/2 17:56,渣米,1
2025/4/2 17:56,[捂脸]相信智驾的都应该再看一下愚人买鞋,1
2025/4/2 17:56,你去买一辆差的100多万车，然后再哔哔,1
2025/4/2 17:56,什么是辅助驾驶是不懂的，买了辅助驾驶手是肯定离开车的，出事了是尬黑的，怕不是水军吧，92迈的车速不集中注意力还是夜间，实习三个月上高速是只字不提的，手持驾驶证至少一年才能上高速的规定是不遵守的，技术部资料是不看的，官方通告还没出就开始跟风[大笑],1
2025/4/2 17:56,爆燃，车门打不开，人活活烧死[我想静静],1
2025/4/2 17:57,图片评论,0
2025/4/2 17:57,不用那买来干嘛，大家别怕开了智驾上高速可以随便睡！一点事都没有，反正我是油车[微笑],0
2025/4/2 17:57,真的搞不懂这些人居然把命交给智驾,1
2025/4/2 17:57,一年两箱油吧，acc都不会用,1
2025/4/2 17:57,1,1
2025/4/2 17:57,2,0
2025/4/2 17:57,aeb没有刹停，车门没打开才是事故关键。,0
2025/4/2 17:57,友商太多了，一出事情马上上热搜,1
2025/4/2 17:58,应该艾特余大嘴,1
2025/4/2 17:58,我女儿都知道开车不握好方向盘这个事儿不对,0
2025/4/2 17:58,了解了解了,0
2025/4/2 17:58,应该叫辅助驾驶,0
2025/4/2 17:58,我也站雷哥，以后买车会买小米的，虽然现在只是个小小上班族[流泪][流泪],0
2025/4/2 17:58,智能辅助驾驶,0
2025/4/2 17:58,一点不敢智能驾驶,0
2025/4/2 17:59,近一年某些车企昧良心的大肆宣传智能驾驶可以代替人，还蛊惑消费者可以打瞌睡开车，这才是这次事故最大的因,1
2025/4/2 17:59,确实是的，影响太大了,0
2025/4/2 17:59,智能驾驶技术虽先进，但'辅助'二字不可忘。驾驶员仍是安全第一责任人，保持警惕，才能享受科技带来的便利而不失安全。,0
2025/4/2 17:59,智力有问题，才会完全相信资本家的宣传,1
2025/4/2 17:59,L3就是放个布鲁斯他也不可能撞了，[泪奔],0
2025/4/2 17:59,希望大家正确理解智能驾驶的真正内涵,0
2025/4/2 17:59,命运是把握在自己手中滴,0
2025/4/2 17:59,车企肯定是有责任，驾驶者同样也有不可回避的责任。,0
2025/4/2 17:59,还不完善,0
2025/4/2 17:59,高阶智驾也是辅助驾驶， 自己不要被忽悠进去了， 还觉得高阶智驾牛逼,0
2025/4/2 17:59,读题啊，太依赖。用还是可以用的，不能依赖,0
2025/4/2 18:00,始终坚持驾驶员是第一责任人 对自己负责对他人负责 敬畏生命,0
2025/4/2 18:00,嗯,0
2025/4/2 18:00,就是,0
2025/4/2 18:00,说实话，哪怕是l5级别的自动驾驶也不可避免会出车祸，更何况现在还只是l2+,0
2025/4/2 18:00,全网帮车企维权,0
2025/4/2 18:00,感觉很多人车技根本不达标 就上路去体验那种极速的感觉  是自己不对自己负责 跟车关系不大,1
2025/4/2 18:00,是的,0
2025/4/2 18:00,收了多少钱呀，从小红书过来的，小红书评论说微博基本上都被友商贡献，特意来看看,1
2025/4/2 18:00,军儿咋搞的[捂脸],1
2025/4/2 18:00,现在的智驾本身并不足够成熟，能少用就少用，尤其长时间复杂情况就更要小心了。彻底成熟了再说吧,0
2025/4/2 18:00,没事大家都好,0
2025/4/2 18:00,图片评论,0
2025/4/2 18:01,郑地,0
2025/4/2 18:01,驾驶员永远是第一责任人,0
2025/4/2 18:01,本质是驾驶员分心导致的结果吧,0
2025/4/2 18:01,应该说是精算师不会骗人,0
2025/4/2 18:01,为什么有人相信汽车智能驾驶。汽车和飞机的智能驾驶我觉得还不能相提并论。,0
2025/4/2 18:01,当初M7事故你们可不是这么说的[捂脸][捂脸],1
2025/4/2 18:01,"迪
雪汉
工厂",0
2025/4/2 18:01,我车16万公里了，9年,0
2025/4/2 18:01,关于智驾有安全标准吗,0
2025/4/2 18:01,应该取消自动驾驶，毕竟生命只有一次，允许自动驾驶成功一万次，绝不允许失败一次,0
2025/4/2 18:02,从理论上来看 电动汽车的完善是必须的了,0
2025/4/2 18:02,没有前因哪有后果[看]，你大晚上在施工路段使用智能驾驶就不会出现这种结果，而且多次提醒司机接管，司机是睡着了还是怎么回事都不接管，最后接管已经来不及了,1
2025/4/2 18:02,就是,0
2025/4/2 18:02,确实是这样,0
2025/4/2 18:02,可以的，开了就睡觉，不用管,0
2025/4/2 18:02,我觉得他没有说错，为什么要黑,0
2025/4/2 18:02,是因为做的不够好么,0
2025/4/2 18:02,哪里贵了十万我都收,0
2025/4/2 18:03,[尬笑][尬笑][尬笑]你去吧,1
2025/4/2 18:03,交通工具的安全永远是最重要的，不能过度宣传智驾的炫酷功能，不能模糊安全风险，要明确边界，加强指导和培训,0
2025/4/2 18:03,讲真话跟小米有什么关系,1
2025/4/2 18:03,解析太到位啦,0
2025/4/2 18:03,咋误导你了？人家说的那么明确，你不能手离开方向盘，你不听怪谁？,1
2025/4/2 18:03,华为确实可以，除了贵没毛病（我要买byd）,0
2025/4/2 18:03,华为智驾虽然相对强一些，但智驾事故率依然存在，华为智驾大师赛周榜前三均出现智驾事故，可以用，但不能把生命安全交给它,0
2025/4/2 18:03,开不了车门也是猜的，因为没人在现场,0
2025/4/2 18:03,我不知道现在车祸调查的到底怎么样。但给我的感觉像是各路车的粉丝在互撕，恨不得你家的车企马上嗝屁。这和明星的粉丝互撕有什么区别呢。电动车都是中国品牌。实事求是就好了。没必要你死我活的。这种粉丝也应该明星粉丝体育粉丝一样整整了。,1
2025/4/2 18:04,含糊其辞，夸大其词，害人害己,1
2025/4/2 18:04,赞成,0
2025/4/2 18:04,支持，就应该这样，夸大宣传与卖假药无异。,0
2025/4/2 18:04,我油车又没有[偷笑]她们电车有可以的,1
2025/4/2 18:04,确实是要警惕过度的虚假宣传。,0
2025/4/2 18:04,当写论文时候的ai使了啊,0
2025/4/2 18:04,转,0
2025/4/2 18:04,别叫了，死者家属自己声称的，就算造谣也不是我,1
2025/4/2 18:04,电动车不靠谱，为什么不相信油车，不相信宣传口号。,1
2025/4/2 18:04,求上得中，求中得下。余承东说的要做到世界第一。有家国情怀的人怎么也差不了,0
2025/4/2 18:05,能理性对待智能驾驶,0
2025/4/2 18:05,车主是大问题,1
2025/4/2 18:05,小米出事说明智驾不是买车的第一选项，安全才是最大的豪华。不是智驾不应发展，是过度依赖智驾不可取。像特斯拉之类的车只有影像方案的不能买，买车就买用激光雷达等多方案融合的。,0
2025/4/2 18:05,图片评论,0
2025/4/2 18:05,你倒是把L3端出来啊,1
2025/4/2 18:05,在我眼里，从来就没有热过，把方向盘交给电子元器件[捂脸],0
2025/4/2 18:05,不敢完全相信智驾，最多做一个辅助，唉,0
2025/4/2 18:05,大嘴说的可不少 评论配图,1
2025/4/2 18:05,我始终认为，智能永远不如人！,0
2025/4/2 18:05,哎,0
2025/4/2 18:05,一年两箱油吧，acc都不会用,1
2025/4/2 18:05,电池为啥不提呢？,0
2025/4/2 18:05,的,0
2025/4/2 18:06,华为余大嘴最大声,1
2025/4/2 18:06,水果刀商卖你水果刀去切水果，你买水果刀把自己手当切了，你找水果刀商，说你的水果刀把我的手切了，水果刀商说水果刀是切水果的，你说我手都切了，你在和我说水果刀是切水果的[看],1
2025/4/2 18:06,遥遥领先不知道烧了多少辆了,1
2025/4/2 18:06,迷信智能驾驶，代价可能惨重，安全第一，宣传需真实。,0
2025/4/2 18:06,辅助驾驶硬是吹成了智能驾驶,1
2025/4/2 18:06,建议新增脱手三次，取消自动驾驶资格,0
2025/4/2 18:06,只要开智驾，出事就车企负责,0
2025/4/2 18:06,可笑的水军，到小米这突然变理中客了,1
2025/4/2 18:06,就是这些安全都提前说了，她开个车太依赖智能驾驶辅助，还双手脱离方向盘，这不出事谁出事,1
2025/4/2 18:06,雷军在直播中讲的还少！一个个傻乎乎的[捂脸],1
2025/4/2 18:06,问题还是在 电池,0
2025/4/2 18:06,接管2秒钟能干啥？刹车在哪怕是还没找到,0
2025/4/2 18:06,不是含糊吧，是有人理解有问题,0
2025/4/2 18:07,对啊对啊,0
2025/4/2 18:07,远程驾驶，，，，，[饺子]操控,0
2025/4/2 18:07,方向盘上手握紧，安全行车第一心。,0
2025/4/2 18:07,所以大家都是赛车手,0
2025/4/2 18:07,客观理性的评论,0
2025/4/2 18:07,时速110，只要撞车人就晕了已经！死的时候估计都没痛苦,1
2025/4/2 18:07,图片评论,0
2025/4/2 18:07,叫啥叫 家属说啥就是啥了？警方都没说是车门打不开 你们这些家属就知道是车门打不开？,1
2025/4/2 18:07,清场式遥遥领先,0
2025/4/2 18:07,回复@涪伶青菜头:因为全程手动驾驶没开智驾,0
2025/4/2 18:07,这波我挺军儿[赞][赞][赞],0
2025/4/2 18:07,撞车大多数人都会晕厥。就算不晕 撞车大多数都会打不开。还有就是电车撞车着火本就高几率。,0
2025/4/2 18:07,萝卜头觉得，自动驾驶还在成长期，就像小孩学走路，得扶一把，不能全靠他自己,0
2025/4/2 18:08,雷总.说的确实非常到位。[赞][赞],0
2025/4/2 18:08,以前的碳酸电池，没电了，用牙咬一咬，又有电了，怎么没有起火呢,0
2025/4/2 18:08,分析的太对了,0
2025/4/2 18:08,把生命交给智能本就是对自己生命不负责任[流泪],0
2025/4/2 18:09,华为:su7出事我的错了[看],1
2025/4/2 18:09,逆天,1
2025/4/2 18:09,想换车，要零事故，不死人，绝对安全的。请作者推荐一款！万分感谢,0
2025/4/2 18:09,找面老板[捂脸],0
2025/4/2 18:10,许多年轻人就是不相信不如3万元的五菱宏光[感谢]靠谱,1
2025/4/2 18:10,我就想问一句，谁敢保证开车一直不出事故[发呆],0
2025/4/2 18:12,建议起诉所有在网上引导用户脱手使用智架的所有博主，直接几百人几千人一起起诉！,1
2025/4/2 18:12,车祸死亡那么多人，为什么要放大小米汽车事故,1
2025/4/2 18:13,天花板现在是一句不提啊[捂脸],0
2025/4/2 18:13,余大炮,1
2025/4/2 18:14,这次我都有点看不下去了，全网铺天盖地的踩小米，感觉就是巴不得整死人家，车祸每天都有，平时咋不见网友这么有同情心,1
2025/4/2 18:14,[赞][赞][赞],0
2025/4/2 18:14,支持雷哥[赞]名族品牌共同维护,0
2025/4/2 18:14,@余承东 华为问界遥遥领先一定会第一个开放的吧？[舔屏][舔屏][舔屏],0
2025/4/2 18:15,安全，智能，可靠，长9享福[666][666][666][666][666][666][666][666][赞][赞][赞][赞][赞][击掌][击掌][击掌][击掌][击掌],0
2025/4/2 18:16,你家属吧，不然你不至于这么激动[疑问],1
2025/4/2 18:16,烧起来的时候人还有没有活着，有没有昏迷不是看出来是要等法医鉴定报告的，你的结论只是猜测而不是事实好吧，我也可以猜测后排的两位绝对没有系安全带当场撞死了好吧[微笑],1
2025/4/2 18:16,小米不是智驾第一纵队吗？,0
2025/4/2 18:17,那你算着时间撞吧，我就不参和了[看],1
2025/4/2 18:17,时速120情况下，提前500米都没有用[捂脸],0
2025/4/2 18:17,法文法规，买车一再叮嘱客户没有，他是怎么开通的。[擦汗][躺平][捂脸],0
2025/4/2 18:17,这才是真心真意做车的人，不需要的东西不必要,0
2025/4/2 18:17,无人出租车？,0
2025/4/2 18:18,不是，先不说小米智驾本来就排不上号，还是个低配没激光雷达，84的算力就全都否定了？？？,1
2025/4/2 18:19,我贡献了4次[捂脸]，有三次是真没看到，一次想试试[捂脸][捂脸][捂脸][捂脸],0
2025/4/2 18:20,上图片,0
2025/4/2 18:20,找面老板赔钱[皱眉],1
2025/4/2 18:21,万一是飞下悬崖，会不会怪小米骑车，没装翅膀[捂脸][捂脸][捂脸],0
2025/4/2 18:21,把电话告诉我，我隔十分钟跟你打个电话提醒一下,0
2025/4/2 18:21,见有华为才能叫智驾，其实是辅助驾驶,0
2025/4/2 18:21,本来就是这样，劝不了那些不怕死的，死了家属就跳出来了。,1
2025/4/2 18:21,既然给消费者提供了这个东西 那你就要负责,0
2025/4/2 18:22,电池车不安全,0
2025/4/2 18:22,驾驶室有明显提示？,0
2025/4/2 18:23,实验室/理论上最佳状态，因此许多事情需要打折，有些还需要打骨折,0
2025/4/2 18:24,主要是它燃了,0
2025/4/2 18:24,新能源不能买  我撞车过2次  都是新能源撞的  刹车还不灵  不建议购买新能源车辆  安全性能低,1
2025/4/2 18:24,智驾脱手能不能识别退出,0
2025/4/2 18:25,他说的是法规要求,0
2025/4/2 18:26,问界的参与让大家认为智驾好像很牛,0
2025/4/2 18:26,小米的智驾世界第一，我每天上车咪一会就到家了，完全不操心[强壮],0
2025/4/2 18:27,数据库再谁手上,1
2025/4/2 18:27,这是之前提醒的，不是现在说的，长眼睛是用来干嘛的,1
2025/4/2 18:28,那你应该先说明啊[捂脸],0
2025/4/2 18:28,俺家集上卖丸子汤的老先生每到散集喝点小酒，毛驴车就把他拉回家。,0
2025/4/2 18:29,这只是给用户多一个选择，可以选快的，也可以不选,0
2025/4/2 18:29,以后使用智能辅助驾驶时车辆自动限速70公里！,0
2025/4/2 18:30,相信雷总！雷总是一位有责任感，有担当的企业家！[感谢][赞],0
2025/4/2 18:30,不成熟的技术本不应该推广[捂脸],0
2025/4/2 18:32,着火与自驾有关吗！！！,1
2025/4/2 18:32,号不要啦？,0
2025/4/2 18:33,家里两台车 都是家用一台沃尔沃S60 比亚迪海豚（顶配），海豚顶配有自动驾驶和防碰撞，沃尔沃就不用说了，但这两个车的体验天差地别，所以尤其是在国产车上 最好还是相信自己,0
2025/4/2 18:33,湖北人就是敞亮，支持雷总[赞][赞][赞],0
2025/4/2 18:33,自架功能用生命的代价。玩不过,1
2025/4/2 18:33,施工区不是有限速40公里标牌吗[捂脸][捂脸],0
2025/4/2 18:34,智驾不是炫技，安全才是真谛[赞][赞][赞],0
2025/4/2 18:34,还是油车靠谱,0
2025/4/2 18:34,电子的东西越多，问题越多越麻烦。,0
2025/4/2 18:35,反正我是不信以时速97千米撞到护栏后车内三个人还能“意识清醒，苦苦挣扎”的想打开车门的[尬笑][尬笑][尬笑][尬笑]，我只知道中保研60公里时速碰撞测试车辆和车内假人都撞的稀碎[尬笑][尬笑][尬笑],1
2025/4/2 18:35,说真的，我干代驾碰到过车主显摆车子自驾功能的，但是我还是相信自己开车,0
2025/4/2 18:35,交警整天宣传不要闯红灯一样，还是有很多人不老实[捂脸],0
2025/4/2 18:35,雷总，这话没毛病。[赞],0
2025/4/2 18:35,他在直播的时候也说过,0
2025/4/2 18:35,必须支持雷总，,0
2025/4/2 18:35,只有华为可以信赖,0
2025/4/2 18:36,说的太对了[赞][赞][赞],0
2025/4/2 18:36,良心主播[赞],0
2025/4/2 18:36,提醒那么多次注意没听见啊[捂脸][捂脸][捂脸],0
2025/4/2 18:36,[赞],0
2025/4/2 18:37,那个品牌的车辆没有出过事故，经过严重撞击之后，燃油车的车门能否正常打开？,0
2025/4/2 18:37,su7智驾属于哪个级别？L2还是L3,0
2025/4/2 18:37,辅助驾驶跟智驾是两回事,0
2025/4/2 18:37,不管有错没错 雷总第一时间出来道歉 [赞],0
2025/4/2 18:37,不管是自驾还是徒步都需要注意安全，对自己负责也对他人负责,0
2025/4/2 18:38,问界能避开吗？,0
2025/4/2 18:38,技术在损失中逐步完善[泣不成声],0
create_time,content,0
