timestamp,content,label
2025/3/20 15:32,[呲牙][呲牙][呲牙][呲牙][呲牙][呲牙][呲牙][呲牙][呲牙],0
2025/3/20 15:32,这么多善良的人都爱着宇辉，泪奔[流泪][流泪][流泪],0
2025/3/20 15:37,挤的辉辉呲牙[捂脸],0
2025/3/20 15:41,我家董宇辉得脸都挤方了,1
2025/3/20 15:41,左上角是不是有一个扛着娃的母亲,0
2025/3/20 15:42,[赞][赞][赞],0
2025/3/20 15:43,宇辉值得[感谢][感谢],0
2025/3/20 15:43,差点出不来[捂脸],0
2025/3/20 15:44,[捂脸][捂脸]看把孩子给挤的差点出不来,0
2025/3/20 15:48,看你们给辉挤得[捂脸],1
2025/3/20 15:49,孩子都被你们挤变形了[捂脸],1
2025/3/20 15:50,把宇辉挤成啥样了[捂脸][捂脸][捂脸],0
2025/3/20 15:51,挤的宇辉差点上不了车了。有这些善良的丈母娘追随，宇辉一定会幸福快乐的！[赞][赞][赞][赞],0
2025/3/20 15:51,我们的辉太可爱了,0
2025/3/20 15:51,把宇辉挤的呲牙咧嘴的[偷笑],1
2025/3/20 15:52,脸都挤圆了,0
2025/3/20 15:52,脸挤方了[捂脸],0
2025/3/20 15:52,宇辉到哪里也是人山人海,0
2025/3/20 15:54,大家都不上班的吗？？？,1
2025/3/20 15:55,哈哈哈，辉辉被扒拉着挤上车了[呲牙],1
2025/3/20 15:56,没办法，就是有人山人海的围绕宇辉[赞][赞][赞],0
2025/3/20 15:57,刘队直接抱起来呗[捂脸],0
2025/3/20 15:59,肉夹馍,0
2025/3/20 15:59,刚在直播间听他说 到点就得下播 我这会才明白了 人多了都是去看宇辉的[尬笑],0
2025/3/20 15:59,哈哈哈哈哈 刘队差点给扛出来的[大笑][大笑][大笑],0
2025/3/20 16:01,人山人海了[捂脸][捂脸]@懂宇辉,0
2025/3/20 16:01,真不敢想象，等到有辉结婚的时候，酒店门口得围多少人啊[呲牙],0
2025/3/20 16:02,以后要多加小心@懂宇辉,0
2025/3/20 16:04,这也太危险了，你们的热情要把他融化了[呲牙],0
2025/3/20 16:04,这你看给宇辉挤的，还有丈母娘给宇辉送东西呢，袋子都递过来了，你们看到了，我看了几遍，我理解的是这个意思[微笑],0
2025/3/20 16:06,孩子再不用被欺负了[流泪],0
2025/3/20 16:07,人山人海的给宇辉挤得龇牙咧嘴。[捂脸][捂脸],0
2025/3/20 16:08,就喜欢这样的场面,0
2025/3/20 16:09,哈哈哈哈哈哈哈，真开心,0
2025/3/20 16:09,[裂开][裂开],0
2025/3/20 16:10,感觉枪林弹雨中冲出一条路[捂脸],0
2025/3/20 16:11,天啊，真热闹[捂脸],0
2025/3/20 16:11,为了细水长流，你们都忍住，别扑，看着就好，要不然他以后都偷偷走[尬笑]让你们看都看不到,0
2025/3/20 16:13,把宇辉还挤成肉饼子了[捂脸],1
2025/3/20 16:14,董老师此生无憾了[赞]。,0
2025/3/20 16:16,这么多人挤在那里，不理解但尊重,0
2025/3/20 16:17,包挤了，把我家娃都挤成肉夹馍了[捂脸],0
2025/3/20 16:18,[赞][赞],0
2025/3/20 16:21,天哪，大家热情似火啊，感觉我明天要是去的话肯定挤不进去[捂脸],0
2025/3/20 16:22,我的天[舔屏],0
2025/3/20 16:23,被挤得龇牙了[泪奔][泪奔][泪奔],0
2025/3/20 16:23,看的我又哭又笑的，,0
2025/3/20 16:23,我宣布，不需要比较了,0
2025/3/20 16:24,所以人一定要善良,0
2025/3/20 16:26,这粉丝太恐怖了[尬笑],1
2025/3/20 16:27,得人心者得天下[赞],0
2025/3/20 16:28,新国际博览中心？,0
2025/3/20 16:28,挤成这样了[捂脸],0
2025/3/20 16:29,把宇辉老师挤的[捂脸][捂脸],0
2025/3/20 16:30,那时谁～谁挤的我家宇辉，让我来[捂脸][捂脸][耶][耶],0
2025/3/20 16:31,不是应该让开一条路让董二蛋过吗,1
2025/3/20 16:31,如此优秀越来越好 未来可期加油??,0
2025/3/20 16:33,[呲牙][呲牙][呲牙][呲牙][呲牙],0
2025/3/20 16:33,看他被挤的呲牙咧嘴的[捂脸][捂脸][捂脸][捂脸][赞][赞][赞][赞][比心][比心][比心][比心][比心][比心][比心][比心],0
2025/3/20 16:35,[比心][比心][比心],0
2025/3/20 16:35,这么夸张吗？这么多人,0
2025/3/20 16:36,哎呀，挤得辉辉，心疼又喜欢[捂脸][捂脸],0
2025/3/20 16:36,太热情啦[爱心][爱心][爱心][爱心][爱心][爱心][爱心][爱心][爱心],0
2025/3/20 16:37,准备去云南！,0
2025/3/20 16:37,辉辉太可爱[比心][比心][比心],0
2025/3/20 16:39,宇辉被挤的龇牙咧嘴,1
2025/3/20 16:39,要不是两个大汉保护，宇辉要被抢走了,0
2025/3/20 16:40,每次看到他被架成夹心一路扛着走就好想笑[呲牙][呲牙],0
2025/3/20 16:40,[比心][比心][比心][比心][比心][比心][比心][比心][比心][比心][比心],0
2025/3/20 16:43,真帅啊,0
2025/3/20 16:43,支持董宇辉与辉同行！,0
2025/3/20 16:44,快点阅山河吧[送心][送心][送心],0
2025/3/20 16:44,我马上就在成都卖肉夹馍了，请爱生活的友友吃,0
2025/3/20 16:45,刘队保护的宇辉很好[比心],0
2025/3/20 16:45,西服都挤皱了[捂脸],0
2025/3/20 16:46,[比心][比心][比心][比心][比心][比心][比心][比心],0
2025/3/20 16:47,挤扁了[呲牙],0
2025/3/20 16:48,都快要把人锁脖了啊,1
2025/3/20 16:48,宇辉被挤得咧嘴[捂脸],0
2025/3/20 16:49,辉宝都被挤出表情包了[呲牙],0
2025/3/20 16:49,[捂脸][捂脸][捂脸][捂脸][捂脸][捂脸]不好意思，我先笑了,0
2025/3/20 16:50,把宇辉挤的可怜人[捂脸],0
2025/3/20 16:50,也就看了一二三四五六遍吧[偷笑],0
2025/3/20 16:50,那个送礼物的姐妹很勇啊…只是彪哥不敢收，收了这次，后面就不可控了[捂脸],0
2025/3/20 16:50,都挤啥嘛,0
2025/3/20 16:51,多亏宇辉瘦小[尬笑],1
2025/3/20 16:51,[鼓掌][鼓掌][鼓掌][赞][赞]帅气的宇辉,0
2025/3/20 16:51,天哪！把辉辉挤成饼??了[调皮],1
2025/3/20 16:52,终于看到了[呲牙]属于非自主行走[捂脸],0
2025/3/20 16:53,这……[捂脸],0
2025/3/20 16:53,这个拍的好，有辉辉   其他的看不见人,0
2025/3/20 16:54,这场面和去年在河南博物院看到的场景一模一样。,0
2025/3/20 16:54,辉辉别挤坏了[捂脸][捂脸][捂脸]@董宇辉 @胡鹏鹏 @与辉同行,0
2025/3/20 16:54,好怕两个壮汉给宇辉挤扁了[笑哭],0
2025/3/20 16:54,爱宇辉的都是善良正直的人,0
2025/3/20 16:56,安保人员摔袋子笑死了[捂脸],0
2025/3/20 16:56,哈哈哈戴口罩那人脖子被缠住了[捂脸],0
2025/3/20 16:57,[玫瑰][愉快],0
2025/3/20 16:58,我看到的是大家对食品安全的拥护,0
2025/3/20 16:58,优质的生活，成功的事业，同样也失去了本该属于自己的自由，愿一切都刚刚好吧[比心][一起加油],0
2025/3/20 17:00,这么多年来从没追过什么星，董宇辉是第1个[赞],0
2025/3/20 17:00,挤成辉辉饼了,1
2025/3/20 17:01,应该让来时那个保安开路,1
2025/3/20 17:01,看到刘队我就放心了,0
2025/3/20 17:02,你们看看，把娃挤成啥了[捂脸][捂脸][捂脸],0
2025/3/20 17:02,真羡慕这些人都不用上班[尬笑],1
2025/3/20 17:02,一哈成咧肉夹馍咧[捂脸][捂脸][捂脸][捂脸],0
2025/3/20 17:03,应该留一条路的,0
2025/3/20 17:04,看把宇辉挤的[捂脸][捂脸][捂脸],0
2025/3/20 17:04,架着走[捂脸],0
2025/3/20 17:05,都把宇辉挤扁了[捂脸],0
2025/3/20 17:05,唉，把人挤成肉夹馍了[捂脸],0
2025/3/20 17:06,怎么有种“新郎”的既视感[捂脸][捂脸][捂脸]@董宇辉,0
2025/3/20 17:06,看把人挤的，脸都方了[捂脸],0
2025/3/20 17:07,每次看到此类视频都热泪盈眶，也不知道是怎么回事[比心],0
2025/3/20 17:08,你们这都是在哪个门守着啊,0
2025/3/20 17:08,那些说人耍大牌的，你看这样子没有保安行吗？[尬笑],0
2025/3/20 17:09,这热情度[抱抱你][抱抱你][抱抱你],0
2025/3/20 17:09,看一遍笑一遍，太热情了，如果我在现场也是这样的[呲牙][呲牙][呲牙],0
2025/3/20 17:09,孩子一路走来不容易[抱抱你][抱抱你][抱抱你],0
2025/3/20 17:09,这热情度，把女婿都挤成油饼了[捂脸],0
2025/3/20 17:09,下次让保镖大哥把宇辉扛出来[呲牙][呲牙],1
2025/3/20 17:10,哈哈，笑死我了,0
2025/3/20 17:11,刘队一个人不够用了[捂脸],0
2025/3/20 17:11,刘队太难了[捂脸][捂脸][捂脸],0
2025/3/20 17:12,挤的龇牙咧嘴滴,1
2025/3/20 17:12,看到这样的场景就开心，董宇辉这么受欢迎,0
2025/3/20 17:13,看见这么多人追宇辉，不由自主的笑了,0
2025/3/20 17:13,把我们的小眼睛挤的更小了。,1
2025/3/20 17:14,哈哈哈哈哈哈哈哈哈哈哈哈哈哈哈,0
2025/3/20 17:14,看把咱女婿挤成啥样了[呲牙]，多板正[调皮][调皮],0
2025/3/20 17:14,"从来没崇拜过谁，自从认识了宇辉
他是我人生唯一的偶像！",0
2025/3/20 17:15,全国就这么一个董宇辉，挤出点安全事故，可损失大了！全国人民都不答应！,1
2025/3/20 17:15,在视频里我好像看到自己了[捂脸]在最外边,0
2025/3/20 17:16,把孩子挤的呲牙咧嘴的[捂脸][捂脸][捂脸]@董宇辉,0
2025/3/20 17:17,推着上车了[捂脸][捂脸][捂脸],0
2025/3/20 17:17,保安可以,0
2025/3/20 17:17,能挤到前面的都是厉害人[赞][赞][赞],0
2025/3/20 17:18,要的就是这个效果[看][看],0
2025/3/20 17:18,就卡在这了，不是故意的[捂脸],0
2025/3/20 17:19,宇辉心想本来人就小个[捂脸][捂脸]被挤得就一条缝细走出来我容易吗我[尬笑][尬笑][尬笑],0
2025/3/20 17:19,妈呀，这是把人硬塞进了车里[呲牙],1
2025/3/20 17:20,真的，一转眼就不见了,0
2025/3/20 17:21,看把孩子挤的，都变形了[捂脸][捂脸],0
2025/3/20 17:21,我只拍到了车顶[捂脸],0
2025/3/20 17:22,看把孩子挤成啥了[捂脸],0
2025/3/20 17:23,如果是董宇辉老师一个人会不会被辉粉抢走,0
2025/3/20 17:23,比他先一步上车里会怎么样[吐舌],0
2025/3/20 17:24,把那几个保安忙得[捂脸][捂脸][捂脸][捂脸],0
2025/3/20 17:24,真吓人，差点挤扁了。,0
2025/3/20 17:25,[呲牙]在翠花他老公家抢个空调,1
2025/3/20 17:25,@董宇辉 @胡鹏鹏 @徐传熙xcx @汉森 Hanson @董董董玉琢 @甭要董尓 @许桂香?? @安安偶尔也闹闹?? [爱心][爱心][抱抱你],0
2025/3/20 17:26,[比心][比心][比心],0
2025/3/20 17:26,哎呀，别挤啊，万一谁摔倒了，又要被有心人拿出来做文章啦,0
2025/3/20 17:26,近距离接触[捂脸],0
2025/3/20 17:27,看着刘队推袋子那个动作要发飙了[呲牙]看着搞笑,0
2025/3/20 17:27,为啥看到他我嘴角就上扬[呲牙],0
2025/3/20 17:27,天啊，把我们辉辉挤出表情包了[捂脸],0
2025/3/20 17:28,俞老师花那么多钱 请粉色到现场充人数 顶多请来十个、 这是俞老师梦寐以求的场面,1
2025/3/20 17:28,有没有高兴的眼泪都出来了的，这是想追值得追的星[玫瑰][玫瑰][玫瑰][玫瑰][玫瑰],0
2025/3/20 17:30,小先生值得[赞],0
2025/3/20 17:31,我看到了一个评论，别人都是走着播，宇辉是直接关起来播[憨笑][憨笑][憨笑],0
2025/3/20 17:32,带黑色口罩的你干嘛还急眼了[捂脸][比心][赞],0
2025/3/20 17:32,把宇辉挤得，还碰了一下大脑袋[捂脸],0
2025/3/20 17:33,都不敢提前通知[看][看],0
2025/3/20 17:33,见到你这一刻高光时刻，激动的泪水在我眼中打转呢,0
2025/3/20 17:33,我也想去现场[捂脸][捂脸][捂脸],0
2025/3/20 17:35,吓银啊！都挤变形了[捂脸],0
2025/3/20 17:35,把娃黑挤疼了,1
2025/3/20 17:36,有宇辉在的地方就有人气[赞],0
2025/3/20 17:37,是不是把陈琳美女给挤丢了,1
2025/3/20 17:38,热情是真热情，挤也是真的挤[捂脸],0
2025/3/20 17:39,希望从此少些风雨，一路顺遂下去！,0
2025/3/20 17:39,你们把宇辉挤得呲牙咧嘴的[捂脸],1
2025/3/20 17:39,看着这场景好开心啊[赞][赞],0
2025/3/20 17:39,多亏刘队高大威猛[捂脸][捂脸][捂脸]不然辉辉就被抢走了[大笑][大笑][大笑],0
2025/3/20 17:40,把孩子挤的龇牙咧嘴的[尬笑],1
2025/3/20 17:40,边走路边看，不知道看了N多片,0
2025/3/20 17:41,快被挤碎了[捂脸][捂脸],0
2025/3/20 17:42,所以这些人追他干嘛呢,0
2025/3/20 17:43,还是我走在大街上安全[抠鼻],0
2025/3/20 17:43,这就是我们的小王子  没有之一 只有唯一[比心][比心][比心][呲牙][呲牙][呲牙],0
2025/3/20 17:43,怎么看着我眼眶湿润，好样的，宇辉,0
2025/3/20 17:44,疯狂[捂脸],0
2025/3/20 17:44,@山茶花开在年糕里???????? @踩碎了星星≧﹏≦?? 他遭挤成这样了还笑起滴[捂脸][捂脸]，有的明星出来人不管多还是不多就是马起张脸，欠Ta几个亿样,1
2025/3/20 17:44,安保确实不容易[捂脸],0
2025/3/20 17:44,看来得弄个双保镖了。[呲牙],0
2025/3/20 17:45,[捂脸][捂脸][捂脸][捂脸][捂脸][捂脸],0
2025/3/20 17:45,理解不了这些追星的 [捂脸]影响人家生活了,1
2025/3/20 17:45,我的天呐 今天太帅了 被围攻了[捂脸][捂脸][捂脸][捂脸][捂脸],0
2025/3/20 17:45,希望黑子们别再黑了，善待这个无辜有才华的宇辉,0
2025/3/20 17:46,这个视频看清楚了，宇辉是被挤出来的[呲牙][呲牙]。真不容易这孩子。,0
2025/3/20 17:48,[赞][赞][赞],0
2025/3/20 17:48,让保安也体验体验刘队的感觉，只是把娃吓的不轻,0
2025/3/20 17:48,第一眼看到被挤的时候也好好笑[呲牙],0
2025/3/20 17:48,辉辉挤的牙都呲上了[呲牙],0
2025/3/20 17:49,挤成潼关肉夹馍了[捂脸],0
2025/3/20 17:49,谁的袋子[笑哭],0
2025/3/20 17:49,保镖今晚多吃2碗饭,0
2025/3/20 17:50,我家女婿值得更好[赞][赞][赞],0
2025/3/20 17:50,三明治??？还是汉堡包？肉夹馍[捂脸],0
2025/3/20 17:51,在旁边看着支持就完了，有必要拼了命往前挤吗，挤到前边能咋滴,0
2025/3/20 17:52,小时候的追星族长大了[捂脸],0
2025/3/20 17:52,真的是人山人海呀[捂脸],0
2025/3/20 17:53,工作人员也没想到安保“难度”这么大[呲牙][呲牙][赞][赞],0
2025/3/20 17:54,我们需要这样的偶像，他质朴，他善良，他真诚。,0
2025/3/20 17:55,此时此景再苦再难心里应该有些暖意，甚至觉得都是那么的值得。,0
2025/3/20 17:55,不理解,0
2025/3/20 17:55,真好[呲牙][呲牙],0
2025/3/20 17:56,这才是我们孩子值得去学习的崇拜的人[赞][赞][赞][赞],0
2025/3/20 17:56,你们把辉宝挤坏了，被夹着出来，心疼死了,0
2025/3/20 17:57,你值得[抱抱你],0
2025/3/20 17:57,穿黄衣服这哥们有脾气[呲牙],1
2025/3/20 17:58,大家都文明有礼的支持[比心][比心],0
2025/3/20 17:58,不能找个壮汉把辉扛起来吗[捂脸],0
2025/3/20 17:59,天呀，董宇辉真是堪比明星。无价之宝[666],0
2025/3/20 17:59,这境况如我所愿[鼓掌][鼓掌][鼓掌]我爱看,1
2025/3/20 18:00,[赞][赞][赞],0
2025/3/20 18:00,真变成肉夹馍了[捂脸] 这份热情冲散了这几天带来的风暴，感谢去现场的朋友,0
2025/3/20 18:03,我家宇辉走到哪里人都喜欢[比心][比心][比心][比心][比心],0
2025/3/20 18:03,看一次笑一次[捂脸][捂脸][捂脸],0
2025/3/20 18:03,这车咋开啊,0
2025/3/20 18:03,我的眼光咋就这么棒呢！一辈子唯一追的王炸！,0
2025/3/20 18:03,哈哈，我要是长得高的话我也去给他当保镖[捂脸],0
2025/3/20 18:03,刘队 扛起来就跑,0
2025/3/20 18:03,就喜欢看宇辉被人群包围的样子[呲牙][呲牙],1
2025/3/20 18:03,老天爷呀！[捂脸],0
2025/3/20 18:03,这个陕西娃娃太受欢迎了[赞],0
2025/3/20 18:04,给我家辉辉都挤成兵马俑了，好不容易支棱起来的头发都要扁了,0
2025/3/20 18:04,拜托安保不要粗鲁，人家去一趟也不容易,0
2025/3/20 18:04,我就在家看他[憨笑],0
2025/3/20 18:04,国人的热情啊,0
2025/3/20 18:04,现在想买什么，都会去与辉同行看看，目前买到的产品，没有踩坑的，都很好，看到他，总有种，轻舟已过万重山的释然,0
2025/3/20 18:05,你的视频最清晰了，根本看不够啊～[送心][送心][送心],0
2025/3/20 18:05,"[捂脸][捂脸][捂脸][捂脸][捂脸]
[赞][赞][赞][赞][赞]",0
2025/3/20 18:06,只是默默默默地看了五分钟回放,0
2025/3/20 18:07,他们是怎么知道宇辉要去的啊？,0
2025/3/20 18:07,把小先生挤成啥样了[呲牙][呲牙],0
2025/3/20 18:08,安保工作人员把送的礼物都甩出去了[捂脸][捂脸][捂脸]心想咋这么多人要命呢[尬笑]，这工作真难干[大笑][大笑],0
2025/3/20 18:08,把他挤的开心的[尬笑],0
2025/3/20 18:09,把我家辉辉挤成表情包了[呲牙][呲牙],0
2025/3/20 18:10,随便一暂停，[呲牙][呲牙],0
2025/3/20 18:10,[鞠躬][鞠躬],0
2025/3/20 18:11,看着架势，我明天去是不是也见不到他呀,0
2025/3/20 18:11,姐妹们，他值得，对不对[比心],0
2025/3/20 18:11,[比心][比心][比心],0
2025/3/20 18:12,如果没有刘队辉辉一定让翠花??抢走[捂脸][捂脸][捂脸],0
2025/3/20 18:12,宇辉什么时候来江西呢,0
2025/3/20 18:13,这样的明星该被追捧！！[赞][赞][赞][赞],0
2025/3/20 18:13,我为了清宇辉，然后走在路上用这个把我给撞了。[鞠躬][鞠躬][鞠躬],1
2025/3/20 18:13,宇辉辛苦了，挤成这样，这可是见世面的大上海。,0
2025/3/20 18:14,支持董宇辉，[赞][赞][赞],0
2025/3/20 18:15,哈哈哈，暖男来了[赞],0
2025/3/20 18:16,[捂脸][捂脸][捂脸]别给辉辉挤坏了,1
2025/3/20 18:17,哈哈哈哈哈 这个画面看着太好笑了[捂脸]已经反复看了好多遍,0
2025/3/20 18:18,这也太吓人工作人员也是拼了，还是顿顿潇洒，溜溜哒哒就走了。[捂脸][捂脸][捂脸],0
2025/3/20 18:19,这比接亲还严重啊[捂脸][捂脸][捂脸],0
2025/3/20 18:19,呲牙咧嘴的看了好几遍[呲牙][呲牙][呲牙][比心][比心][比心],0
2025/3/20 18:19,这是给宇辉东西吧？这个袋子,0
2025/3/20 18:19,把孩子更挤扁了，本来就瘦[尬笑],1
2025/3/20 18:20,大家都太热情了[呲牙],0
2025/3/20 18:20,刚从那出来,0
2025/3/20 18:21,有钱有时间的人还是挺多的[呲牙],0
2025/3/20 18:21,刘队很辛苦了，背包那活我来吧[尬笑]@董宇辉,0
2025/3/20 18:22,避免这种局面很简单吧墨镜一带口罩一戴出行时间不放出来就行了,0
2025/3/20 18:23,一个卖货的，这是干啥呢？[捂脸],1
2025/3/20 18:25,不小得清场，看把我彪哥吓得,1
2025/3/20 18:25,哈哈，看了一下午了，还是看不够[呲牙],0
2025/3/20 18:25,上海丈母娘更热情似火,0
2025/3/20 18:26,还得是我辉哥，人气爆棚[赞][赞][赞],0
2025/3/20 18:26,对，就是要这样[捂脸][捂脸][捂脸][捂脸],0
2025/3/20 18:26,宇辉就像被大哥拎着走[捂脸],0
2025/3/20 18:26,[捂脸][捂脸],0
2025/3/20 18:26,妈呀[捂脸]都快把我们的女婿挤成肉饼了[捂脸][捂脸][捂脸]大家都太热情了[赞][赞][赞],0
2025/3/20 18:27,挤的呲牙咧嘴的[呲牙][呲牙][呲牙],0
2025/3/20 18:27,丈母娘些太热情了[大笑][大笑][大笑][大笑],0
2025/3/20 18:27,我以为刘亦菲出来了呢,0
2025/3/20 18:27,待会儿把人挤没了,1
2025/3/20 18:27,安保人员差点摔喽[捂脸],0
2025/3/20 18:27,天呐，都被挤扁了,0
2025/3/20 18:28,快被挤变形了，哈哈哈哈,1
2025/3/20 18:28,弄个 AI 的,0
2025/3/20 18:28,大家都是满脸笑容，虽然挤在一起，可是好开心啊,0
2025/3/20 18:28,哈哈哈笑死了[捂脸]看看我们辉宝这人气[大笑][大笑][大笑],0
2025/3/20 18:28,每次外场如此多的人这么疯狂的追随宇辉，就说明一点，宇辉值得[赞],0
2025/3/20 18:28,本来我们个子就小，被挤没了[捂脸][捂脸][捂脸][捂脸],0
2025/3/20 18:29,这些丈母娘们你们还不如去看一看乒乓体坛的体育明星[看],1
2025/3/20 18:29,看把安保急得，恨不得把袋子丢了,0
2025/3/20 18:29,真好，这个世界还是有真的真善美的,0
2025/3/20 18:29,粉丝太情了，主办方真的要加强安保力度[呲牙],0
2025/3/20 18:29,[比心][比心][比心][捂脸][捂脸][捂脸][捂脸][捂脸],0
2025/3/20 18:29,克制[捂脸],0
2025/3/20 18:29,出场秩序不好，容易出事。上海要加强。,0
2025/3/20 18:30,[看]是我才不去看，平常心。看见明星也不会去拍。,0
2025/3/20 18:30,哈哈哈哈哈哈哈,0
2025/3/20 18:30,真牛[赞][赞],0
2025/3/20 18:31,值得值得值得[呲牙],0
2025/3/20 18:31,太疯逛了[呲牙],0
2025/3/20 18:31,丈母娘们加油加油[偷笑]，但请给他点空间,0
2025/3/20 18:31,欧呦！看挤成啥样了[捂脸][捂脸],0
2025/3/20 18:32,这么多人爱他  我好高兴啊,0
2025/3/20 18:32,喜欢看 爱看，把宇辉挤成肉饼了[尬笑],1
2025/3/20 18:33,帅宇辉出趟远门不容易啊！这场面太感人了！,0
2025/3/20 18:33,有个丈母娘想把袋子里的礼物送给宇辉，谁知道挡到安保的脸上了被安保人员用力一甩[捂脸][捂脸],0
2025/3/20 18:34,他是越来越出名了[赞],0
2025/3/20 18:34,第一次见这么多男人追着另一个男人,0
2025/3/20 18:34,宇辉出去一趟不容易啊[捂脸][捂脸][捂脸][捂脸][捂脸][捂脸],0
2025/3/20 18:35,[赞][赞][赞][赞],0
2025/3/20 18:35,这是想要把咱宇辉抱走啊！[棒棒糖],0
2025/3/20 18:36,好不得了哦,0
2025/3/20 18:36,[尬笑][尬笑][尬笑][尬笑]有没有丈母娘提前坐上车去了,0
2025/3/20 18:36,董宇辉 你怎么这么棒呀????,0
2025/3/20 18:37,太热情了[呲牙],0
2025/3/20 18:37,@君君！,0
2025/3/20 18:38,哈哈哈他被挤成这样我居然看着屏幕笑出声来[捂脸]，希望一直被很多很多爱[比心][比心][比心],0
2025/3/20 18:38,父母多骄傲啊，一个农民的孩子这么优秀,0
2025/3/20 18:38,呀，是小王子呀,0
2025/3/20 18:38,挤扁了[捂脸],0
2025/3/20 18:38,哎，让他安静的优秀吧,0
2025/3/20 18:38,抢女婿吗[捂脸][捂脸][捂脸],0
2025/3/20 18:39,到底什么样的女孩才能配得上这个宝藏男人？,0
2025/3/20 18:39,就喜欢看这样的场面！多少人都不嫌多！,0
2025/3/20 18:39,拉警戒线，光靠两个保安不行呐！安全第一,0
2025/3/20 18:39,真好[大笑][大笑][大笑][大笑][大笑]这个世界越变越好啊，喜欢宇辉先生的越来越多 [赞][赞][赞][赞],0
2025/3/20 18:40,你们多留点路，宇辉都被挤扁了。,1
2025/3/20 18:41,[赞][赞][赞][赞][赞][赞],0
2025/3/20 18:41,掉到盘丝洞里了[捂脸]，如果没有安保，估计他真的会被活捉[捂脸],0
2025/3/20 18:41,都闪开别挤着我女婿[呲牙][呲牙][呲牙],0
2025/3/20 18:41,还给他正常生活吧    换位思考  他也会累的  喜欢他支持就好,0
2025/3/20 18:42,看着好开心[玫瑰][玫瑰][玫瑰],0
2025/3/20 18:43,虽然拥挤，但是喜欢他爱他的人很多。宇辉应该很开心吧！[呲牙],0
2025/3/20 18:43,@?韦九日?? 你看董宇辉挤的[捂脸],1
2025/3/20 18:43,上海人民这么热情的嘛[呲牙],0
2025/3/20 18:43,没有人能一直火好几年，宇辉做到了。,0
2025/3/20 18:45,也不知道挤啥呢？,1
2025/3/20 18:45,[捂脸][捂脸],0
2025/3/20 18:46,这小眼睛还挺火??哈[捂脸],1
2025/3/20 18:46,没有多少人,0
2025/3/20 18:46,我也是笑出了猪声[捂脸][捂脸][捂脸],0
2025/3/20 18:46,[思考][思考][思考],0
2025/3/20 18:47,证明宇辉很受大家的喜欢,0
2025/3/20 18:48,不能走地下车库吗[捂脸][捂脸],0
2025/3/20 18:49,这么大年纪了我从不追星追剧好不容易追一个星[呲牙]你们多发我帮你们点赞[偷笑]我爱看，快乐的一天你们给的[呲牙][呲牙][比心][比心],0
2025/3/20 18:49,宇辉以后坐地铁就不方便了呀，他怎么自己坐地铁呢？,0
2025/3/20 18:49,即是粉丝那应该有序，而不是拥挤,0
2025/3/20 18:49,就喜欢看宇辉被大家喜欢的场景[鼓掌][鼓掌][鼓掌],0
2025/3/20 18:49,想知道他在北京单位上班每天公司门口也这么多人吗？,0
2025/3/20 18:49,谁呀？,0
2025/3/20 18:49,一样[捂脸][捂脸],0
2025/3/20 18:50,[比心]与辉同行 一路光明[福],0
2025/3/20 18:50,哎呀，都要被挤扁了[捂脸],0
2025/3/20 18:50,宇辉深得人心。,0
2025/3/20 18:50,这场面，惊心动魄,0
2025/3/20 18:50,女婿真好[比心][比心][比心][比心],0
2025/3/20 18:51,他那小个子被挟裹着冲出一条路[捂脸][捂脸][捂脸],0
2025/3/20 18:51,哎呀，这都不敢停留[尬笑],0
2025/3/20 18:52,那丫头都不知道被 挤到哪去了？[捂脸],1
2025/3/20 18:52,简直就是抢人[捂脸],1
2025/3/20 18:52,超级喜欢他,0
2025/3/20 18:52,[捂脸]搞不懂,0
2025/3/20 18:53,明天去展馆啦，展馆就在我住的旁边花木路，开心[比心],0
2025/3/20 18:54,今天是315以来最开心的一天！！[呲牙][呲牙][呲牙],0
2025/3/20 18:54,我感觉这娃是被架出来的,1
2025/3/20 18:54,以前最喜欢任贤齐，现在又喜欢董宇辉，不在颜值，只忠于人品[比心][比心][比心],0
2025/3/20 18:54,保镖压力山大[捂脸],0
2025/3/20 18:54,真的这么挤吗[捂脸],0
2025/3/20 18:54,恐怖[不看]，喜欢不是给人带来困扰,1
2025/3/20 18:55,出现这种情况，举办方严重失职,1
2025/3/20 18:56,好为他高兴，我抖音上的亲人,0
2025/3/20 18:56,高大的那位男士将宇辉紧紧护住，那是谁呀？,0
2025/3/20 18:56,这家伙，被抱着走了[呲牙],1
2025/3/20 18:56,挤得宇辉直瞪眼[捂脸],0
2025/3/20 18:57,估计他自己这辈子也没想到会有这样的局面[捂脸],0
2025/3/20 18:58,幸亏刘队体格子大[憨笑][憨笑][憨笑][憨笑]不然小辉辉被丈母娘挤扁了[呲牙],0
2025/3/20 18:59,看这场面既担心又开心，宇辉太牛了[比心][比心][比心],0
2025/3/20 19:00,宇辉在偷笑呢[捂脸],0
2025/3/20 19:00,"[捂脸]全国各地都有丈母娘
[抠鼻]就是没有一个媳妇",0
2025/3/20 19:00,可把彪哥挤坏了[泣不成声],0
2025/3/20 19:00,真搞不懂 挤啥子嘛 搞得我新鞋子都被踩赃了,1
2025/3/20 19:02,真搞不懂，她们为什么这么疯狂,1
2025/3/20 19:02,就喜欢这么热闹,0
2025/3/20 19:04,可怜的娃怎么看到笑的不行了[尬笑],1
2025/3/20 19:04,不知怎么的，每次看到他，我总是会忍不住的嘴角上扬，莫名的欣喜，希望他一直优秀[比心],0
2025/3/20 19:05,我都不明白有啥可挤的,0
2025/3/20 19:05,直接秒闪[达咩],0
2025/3/20 19:06,把人夹城肉夹馍了[捂脸],1
2025/3/20 19:06,让孩子过去[赞][赞][赞][赞][赞][感谢][感谢][感谢][感谢][感谢],0
2025/3/20 19:06,希望大家善待他，希望他像以前一样,0
2025/3/20 19:07,大才子辉辉,0
2025/3/20 19:07,把我们陕西娃都快挤成肉夹馍咧[比心][比心],0
2025/3/20 19:07,把辉挤的呲牙咧嘴[比心][比心],0
2025/3/20 19:07,太热情了啊,0
2025/3/20 19:07,把我挤的找不见了[呲牙],0
2025/3/20 19:07,宇辉还乐呢，一点都没有不耐烦，他是怎么做到的[捂脸],0
2025/3/20 19:08,[呲牙][呲牙][呲牙][呲牙][呲牙],0
2025/3/20 19:09,为什么要去人挤人，喜欢就像我这样每天逛逛直播间不好吗[捂脸],0
2025/3/20 19:09,不要挤，让他慢慢走过去，大家不就都看见了吗[捂脸],0
2025/3/20 19:09,宇辉奉献给了大家 我们一起爱宇辉,0
2025/3/20 19:11,脸都被丈母娘们挤歪了[呲牙],1
2025/3/20 19:11,被人架着就走了[捂脸],0
2025/3/20 19:12,世人都爱读书人无疑，我也爱，希望这小子越来越好[比心][比心][比心],0
2025/3/20 19:12,给孩子挤得哎呀咧嘴的[捂脸],0
2025/3/20 19:13,@董宇辉 @与辉同行 [比心][比心][比心],0
2025/3/20 19:13,我的天！幸亏有保安，不然宇辉都被吃了,1
2025/3/20 19:14,把宇辉皱纹都挤出来了，不容易啊[捂脸],0
2025/3/20 19:14,看一次笑一次[笑哭][笑哭][笑哭][捂脸],0
2025/3/20 19:15,你拍得好，那保安头一甩[捂脸][捂脸],0
2025/3/20 19:16,把小王子都挤歪了[偷笑][偷笑][偷笑],0
2025/3/20 19:16,辉辉挤出的表情包也是爱了[比心][比心][比心],0
2025/3/20 19:16,脸都被丈母娘们挤歪了[呲牙],1
2025/3/20 19:16,一个大刘保镖不行了，这也太热情稀罕这大姑爷了[捂脸],0
2025/3/20 19:17,董宇辉值得拥有这一切美好！我就想知道他除了草莓不懂，还有什么不懂的？？？,0
2025/3/20 19:17,他是谁？难道我断网了,0
2025/3/20 19:17,就不能理智一点吗这样太危险了,0
2025/3/20 19:18,宇辉笑我也笑了，被爱的感觉真好[鼓掌][鼓掌][鼓掌],0
2025/3/20 19:19,爱换个方式直播间见[赞][赞][赞][赞][赞],0
2025/3/20 19:19,宇辉，我一直相信这年轻人，任何人黑他对于我都是无视，我会永远相信宇辉，他身上存在的正是我这辈子达不到的，虽然我也渴望做一个非常正的人，但说实话，我永远不可能达到宇辉的正。,0
2025/3/20 19:19,我就好奇被打走的这一袋是什么[尬笑],1
2025/3/20 19:19,被挤也是快乐哒[偷笑][偷笑],0
2025/3/20 19:20,宇辉的高光时刻[捂脸],0
2025/3/20 19:20,宇辉是大家追随的风景[比心],0
2025/3/20 19:21,把董宇辉都快挤成肉夹馍了[捂脸],0
2025/3/20 19:21,[鼓掌][鼓掌][鼓掌][鼓掌][鼓掌],0
2025/3/20 19:22,来，给你们截出来了，省得你们往后拉??,0
2025/3/20 19:23,[呲牙][呲牙][呲牙][抱抱你][抱抱你][抱抱你]就喜欢宇辉被大家爱着,0
2025/3/20 19:23,怎么觉得那些人没什么素质呢？[笑哭]觉得这样不行。,1
2025/3/20 19:25,董宇辉：春运也没这么拥挤，哎。[捂脸][捂脸],0
2025/3/20 19:26,那个被扒拉的手提袋里面装的是保温桶，是不是送给宇辉的？不过在外场大家的热情还是克制些，拥挤的时候很危险,0
2025/3/20 19:26,这也太夸张了吧[耶],0
2025/3/20 19:26,[尬笑],0
2025/3/20 19:27,哈哈，别人抢跑怎么办[大笑][大笑][大笑],0
2025/3/20 19:27,挤成片了[笑哭],0
2025/3/20 19:27,给孩子都挤成这样了[捂脸],0
2025/3/20 19:28,给宇辉挤的呲牙咧嘴的[呲牙][呲牙][呲牙],1
2025/3/20 19:28,把董宇辉都能夹成肉夹馍了[呲牙][呲牙],0
2025/3/20 19:28,被这么多人宠爱是种什么感觉,0
2025/3/20 19:28,"辉哥和华仔哥走哪里都是这大场面
人优秀以后到哪里非常都受欢迎！",0
2025/3/20 19:29,把宇辉挤的呲牙咧嘴里[捂脸][捂脸][捂脸],0
2025/3/20 19:29,龇牙咧嘴的刷了整整一下午了，嘴都笑歪了[大笑][大笑][大笑],0
2025/3/20 19:29,这才是我们要追的明星[比心][比心][比心],0
2025/3/20 19:29,你们不挤还可以多看会儿，挤的赶快得走,0
2025/3/20 19:29,在这个时候送礼物，你不能怨人家不接。任何一个疏忽都能带来意想不到的麻烦。也给当地的安保工作带来莫大的影响。,0
2025/3/20 19:30,[尬笑],0
2025/3/20 19:31,[捂脸],0
2025/3/20 19:32,[赞][赞][赞],0
2025/3/20 19:32,这些人是咋了？有那么好看？[捂脸],1
2025/3/20 19:33,董老师老少皆宜[爱心][抱抱你][抱抱你][抱抱你],0
2025/3/20 19:33,我们一直在,0
2025/3/20 19:34,如果年轻10岁，去抢回家做老公[偷笑],1
2025/3/20 19:34,他值得！[抱拳],0
2025/3/20 19:34,宇辉很好，很喜欢他。但我觉得这样的簇拥他不喜欢，还有一些去他老家打扰他家人的，我觉得大家喜欢他，不应该这样过多的去簇拥和打扰他。我更喜欢远远的观望着他。也希望像很多网友一样希望他有更多的时间做自己，看书，读书。,0
2025/3/20 19:34,左右2个，前后2个，感觉差点架起来走了[捂脸],0
2025/3/20 19:34,其实没必要打扰，心里有就行[比心],0
2025/3/20 19:34,因为他真诚。真实,0
2025/3/20 19:34,这是被架出来了[捂脸],0
2025/3/20 19:34,抖音上东拼西凑  到处看视频 傻傻的笑[泪奔],1
2025/3/20 19:35,若不是几位壮汉护着，得把我们女婿挤成啥样了[捂脸],0
2025/3/20 19:35,宇辉很好，很喜欢他。但我觉得这样的簇拥他不喜欢，还有一些去他老家打扰他家人的，我觉得大家喜欢他，不应该这样过多的去簇拥和打扰他。我更喜欢远远的观望着他。也希望像很多网友一样希望他有更多的时间做自己，看书，读书。,0
2025/3/20 19:35,刘队都想把宇辉装兜儿里[捂脸][捂脸][捂脸],0
2025/3/20 19:37,希望人民捧出来的孩子，造福人民,0
2025/3/20 19:37,董宇辉都被扛着才走的动了，扛的这帅哥棒极了[大笑][大笑][大笑],0
2025/3/20 19:37,我一男的看宇辉笑脸，我也高兴，希望他一直没有烦恼[呲牙],0
2025/3/20 19:38,为啥我看到后会忍不住的笑哪，看到咱们小辉辉的脸都挤变形了[捂脸],0
2025/3/20 19:39,哈哈哈.好热情,0
2025/3/20 19:39,只追莎头 跟宇辉[比心],0
2025/3/20 19:39,哈哈哈 这小子都快挤扁了[呲牙],1
2025/3/20 19:39,怎么可以这么挤呢[捂脸][捂脸]，都快成三明治了。但同时也说明，我们的显眼包很受喜爱很受欢迎,0
2025/3/20 19:41,我都没空去看[捂脸],0
2025/3/20 19:41,[捂脸][捂脸][捂脸]安保人员以为是外卖,0
2025/3/20 19:41,刚看到的！[赞][赞][赞][赞]真不是故意的！[捂脸][捂脸],0
2025/3/20 19:42,多少大妈粉呀,1
2025/3/20 19:43,太疯狂了,0
2025/3/20 19:44,宇辉值得[比心][比心][比心],0
2025/3/20 19:44,怪不得直播的时候说是报备了公安部门，这真是不能不报备啊,0
2025/3/20 19:44,别把宇辉挤成肉夹馍了！[捂脸],0
2025/3/20 19:44,他说话很温柔的[呲牙],0
2025/3/20 19:45,优秀的宇辉，看到宇辉就开心[比心][比心][比心][比心][比心][比心],0
2025/3/20 19:45,宇辉被挤的不好意思的[捂脸][捂脸],0
2025/3/20 19:46,这才是我们该追的星,0
2025/3/20 19:47,保镖好帅,0
2025/3/20 19:47,现在现场的老丈人多过丈母娘[击掌][击掌][呲牙][呲牙],0
2025/3/20 19:48,[大笑][大笑][大笑]辉辉被挤的龇牙咧嘴的，那个安保头一甩的样子也很帅，[呲牙],0
2025/3/20 19:48,看给孩子挤的都龇牙咧嘴了[捂脸],0
2025/3/20 19:48,丈母娘们太热情了,0
2025/3/20 19:48,笑了又笑[呲牙],0
2025/3/20 19:50,宇辉来上海了？,0
2025/3/20 19:50,这才是应该追的星，值得！,0
2025/3/20 19:51,今年暑假我陪女儿去北京，我一定要去与辉同行的门口蹲一天[呲牙],1
2025/3/20 19:51,我家辉辉是被塞进??里的[流泪],1
2025/3/20 19:51,值得喜欢的人,0
2025/3/20 19:51,一群善良的人在逐光,0
2025/3/20 19:52,哈哈哈哈哈哈，刘队[赞]方成林[赞],0
2025/3/20 19:52,丰富的文化知识，正确的三观，善良柔软的内心，是年轻人的榜样,0
2025/3/20 19:52,这场馆负责安保的太差劲了，两边站一排排不就挡住了,1
2025/3/20 19:53,[赞]  [赞]  [赞]  [比心],0
2025/3/20 19:53,夹缝中生存[呲牙],0
2025/3/20 19:53,小先生好受欢迎……,0
2025/3/20 19:54,我内个曲 这也太夸张了吧 看灰灰那小表情,0
2025/3/20 19:54,为什么要这样，让人家宇辉过正常的生活吧！,0
2025/3/20 19:54,看了不少于10遍[捂脸],0
2025/3/20 19:54,辛苦大家了，虽然宇辉都被挤变形了，但是看到大家对他的喜爱，我们是打心眼里高兴,0
2025/3/20 19:55,热情过了火[呲牙],0
2025/3/20 19:55,我咋看都是老丈人[捂脸][捂脸][捂脸][捂脸],0
2025/3/20 19:57,一个保镖感觉不够用了都,0
2025/3/20 19:57,别给我机会，不然我也要挤过去直接扑倒,1
2025/3/20 19:57,如果来我家乡我也一定要成为这人山人海的一员[捂脸],0
2025/3/20 19:58,瞧这小子笑得[呲牙][抱抱你],0
2025/3/20 19:59,[捂脸],0
2025/3/20 19:59,哈哈[偷笑],0
2025/3/20 19:59,宇辉给两个保镖架起来上车的。[捂脸],0
2025/3/20 19:59,像我这样放心里多好[捂脸],0
2025/3/20 19:59,这才是我们值得追求的偶像吧,0
2025/3/20 20:02,我觉得默默地支持就好，没必要这样,0
2025/3/20 20:03,特别的纳闷，那么多人围着干嘛啊[捂脸],0
2025/3/20 20:03,@董宇辉 快来看这是谁[捂脸],0
2025/3/20 20:04,值得,0
2025/3/20 20:05,宇辉的安保人员们其实素质可以高点！宇辉都以礼待人，虽然你们很辛苦但是情绪还是该管理好，应对这样的场合本带就是你们的工作。带着情绪让人看着还是有点遗憾！,1
2025/3/20 20:05,那么多人。。。这是爱辉区的友友吗,0
2025/3/20 20:05,把孩子挤的挤眉弄眼的[捂脸][捂脸],0
2025/3/20 20:06,这个给个好评[赞][赞][赞]终于看到那个人了[捂脸][捂脸][捂脸],0
2025/3/20 20:07,安保人员没想到是这样吧[捂脸][捂脸][捂脸]这是常事[赞][赞][赞],0
2025/3/20 20:09,永远看不懂追星人的行为,0
2025/3/20 20:09,有谁能告诉我 一个网红 为什么这么多人喜欢,0
2025/3/20 20:10,小王子辛苦了[比心],0
2025/3/20 20:10,[玫瑰],0
2025/3/20 20:10,老东家看到这个景象作何感想？,0
2025/3/20 20:15,把娃挤飞了快[捂脸],1
2025/3/20 20:17,不收就对了。万一是危险品！,0
2025/3/20 20:19,请问他们办公楼在北京哪儿啊？有地址吗？想去看看,0
2025/3/20 20:20,谁是宇辉，就我一个人不认识吗[捂脸],0
2025/3/20 20:21,啊，今天就在我们公司楼下，竟然没有看到他，太遗憾了,0
2025/3/20 20:21,愛辉区的朋友开心了，宇辉也开心了，主办方更开心了，人山人海去见想见的人，双向奔赴的愛。[比心],0
2025/3/20 20:23,唉，人是真的多,0
2025/3/20 20:23,谁啊,1
2025/3/20 20:24,太牛啦[赞],0
2025/3/20 20:24,你爱他，他给你保水剂[偷笑],0
2025/3/20 20:25,大家伙能不能理智点[捂脸],0
2025/3/20 20:25,哈哈哈[呲牙],0
2025/3/20 20:27,要不是刘队身高体壮，估计挤不出去[赞],0
2025/3/20 20:28,被挤扁了[尬笑],0
2025/3/20 20:28,我不说了，怕被喷,0
2025/3/20 20:28,周六周日还在上海直播不,0
2025/3/20 20:29,@董宇辉 @与辉同行,0
2025/3/20 20:29,[赞][赞][赞],0
2025/3/20 20:30,喜欢他的人，感觉心里都是有光的[比心]，不算不认识他的人[捂脸],0
2025/3/20 20:31,天啊，这么多人！,0
2025/3/20 20:31,上周还去上海新国际啦。为啥刚好差一周,0
2025/3/20 20:33,之前马云去盒马，我在里面上班都没去看[捂脸],0
2025/3/20 20:33,呼叫呼叫刘队[偷笑],0
2025/3/20 20:34,这些人太疯狂了[捂脸][捂脸][捂脸]这样子的挤进去多看几眼能够怎么样？远远的看看不好吗？天天直播间多看看不好吗？,0
2025/3/20 20:35,好开心,0
2025/3/20 20:35,如我所愿[比心][比心][比心],0
2025/3/20 20:37,不懂,0
2025/3/20 20:37,幸福,0
2025/3/20 20:37,宇辉太受欢迎了！[赞][赞][赞][赞][赞][赞][赞][赞][比心][比心][比心][比心][比心][比心][比心][比心],0
2025/3/20 20:40,[捂脸]美的呦,1
2025/3/20 20:44,女婿被这么多人爱着我就放心了[泪奔],0
2025/3/20 20:45,真好[比心][比心][比心],0
2025/3/20 20:46,上海人民太热情了[捂脸]，路都挤没了,0
2025/3/20 20:46,明明是同龄人，总觉得他很可爱[捂脸],0
2025/3/20 20:47,太爱了 我辉辉脑袋里都是百度全科,0
2025/3/20 20:48,哈哈，宇辉太可爱了,0
2025/3/20 20:48,词曲应此景[赞],0
2025/3/20 20:49,被绑架了[捂脸],1
2025/3/20 20:50,安保的表情是愤怒的 这样不好吧 必定董老师是那么好的人,0
2025/3/20 20:50,太疯狂了，这真的跟追星一个样，不知道意义何在,0
2025/3/20 20:51,差点被扛走了[偷笑][偷笑][偷笑],0
2025/3/20 20:54,挤的呲牙咧嘴的[呲牙][呲牙][呲牙],0
2025/3/20 20:54,刘队恨不得变成仨人[泪奔],0
2025/3/20 20:54,[呲牙][呲牙][呲牙],0
2025/3/20 20:54,不知道的人还以为再抢购啥宝贝[捂脸],0
2025/3/20 20:54,宇辉值得上海丈母娘们热爱[赞][赞][赞],0
2025/3/20 20:57,潼关肉夹馍-董宇辉,0
2025/3/20 20:58,你别说，黑口罩哥，很勇猛，抱着、抢着快刀斩乱麻的把宇辉塞进车里！[强壮][强壮],0
2025/3/20 20:58,正是有了这些现场的粉丝，我们坐在家里才能看到点点星光[赞][赞][呲牙][呲牙],0
2025/3/20 20:59,看这样的容你流眼泪,1
2025/3/20 20:59,我要是护卫队的人，我直接抱起来就跑[捂脸][捂脸][捂脸],0
2025/3/20 21:00,这又是干嘛,0
2025/3/20 21:03,你们都去当丈母娘吧[灵机一动]我要当翠花[捂脸][捂脸][捂脸],0
2025/3/20 21:05,宇辉笑得呲牙咧嘴[捂脸],0
2025/3/20 21:06,因为他我又开始看书了[玫瑰],0
2025/3/20 21:06,看了十几遍，对着屏幕傻笑[呲牙][呲牙][呲牙][捂脸][捂脸][捂脸][捂脸][比心],0
2025/3/20 21:07,[捂脸][捂脸][捂脸][捂脸][捂脸][捂脸][捂脸],0
2025/3/20 21:08,我也在现场，我接他去上播[呲牙][呲牙][呲牙],0
2025/3/20 21:09,上海都这么疯狂[捂脸][捂脸],0
2025/3/20 21:11,都爱辉辉[比心][比心][比心][比心][比心][比心],0
2025/3/20 21:12,上海的丈母娘真牛啊,1
2025/3/20 21:15,上海人民太热情了[呲牙],0
2025/3/20 21:17,我们陕西人的骄傲,0
2025/3/20 21:20,就喜欢看到这场景[666][666][666][比心][比心][比心][candy][candy][玫瑰][玫瑰][玫瑰],0
2025/3/20 21:21,宇辉的粉丝真是不分男女老少[呲牙],0
2025/3/20 21:21,哈哈哈！兵马俑都要挤变形了。那位要送礼物的丈母娘被安保甩肩更好笑[捂脸][捂脸][捂脸][捂脸],1
2025/3/20 21:22,大家都爱宇辉，大家都想见宇辉一面，宇辉就这么一个，不保护不行啊！,0
2025/3/20 21:22,希望他开心好梦顺利[呲牙][呲牙],0
2025/3/20 21:26,这感觉比明星出场好多了，总共才四个，估计还都是助理，未必是保安,0
2025/3/20 21:27,[比心][比心][比心][比心][比心][比心][比心][比心],0
2025/3/20 21:27,一个是见董宇辉，我已经追了两天，见过了。另一个是想见刘亦菲,0
2025/3/20 21:28,别把我家辉辉挤坏了,0
2025/3/20 21:28,太热情了[呲牙][呲牙][呲牙],0
2025/3/20 21:30,[比心][比心],0
2025/3/20 21:31,他的一路走来太不容易了，祝他一路长虹[小鼓掌][小鼓掌][小鼓掌][赞][赞][赞][赞][一起加油][一起加油][一起加油][一起加油][一起加油],0
2025/3/20 21:31,[打脸][打脸][打脸][灵机一动][灵机一动][灵机一动],1
2025/3/20 21:33,感谢喜欢宇辉的小伙伴们[比心][比心][比心],0
2025/3/20 21:34,这阵仗谁有[捂脸],0
2025/3/20 21:35,这把孩子吓的[笑哭],0
2025/3/20 21:36,爱出者爱返,0
2025/3/20 21:36,天啊[呲牙],0
2025/3/20 21:37,上海辉粉真的是不见不散，不辞辛苦[呲牙],0
2025/3/20 21:37,我想抗走他做女婿[呲牙],0
2025/3/20 21:37,"就爱看类似视频
隔着屏幕都开心",0
2025/3/20 21:38,"董宇辉上海第一场直播结束 
上车都不太容易啊 [愉快][愉快][愉快]",0
2025/3/20 21:38,把那两个安保忙坏了，可能从没经历过的,0
2025/3/20 21:38,宇辉值得[赞][赞][赞][赞][赞][赞],0
2025/3/20 21:39,哈哈哈，中国缺啥都不会缺“追星”的人[捂脸][捂脸],0
2025/3/20 21:39,大家爱你，因为你让我们真正有了奔赴山海的勇气。,0
2025/3/20 21:40,这把我乐的[捂脸]真好[比心],0
2025/3/20 21:41,把宇辉老师挤得[捂脸][捂脸],0
2025/3/20 21:42,狰狞的好可爱[捂脸],0
2025/3/20 21:42,真不敢想象，等到有辉结婚的时候，酒店门口得围多少人啊[呲牙],0
2025/3/20 21:44,他是谁？,0
2025/3/20 21:46,[比心]太难了,0
2025/3/20 21:46,刘队把辉搂怀里，然后塞进车里[捂脸],0
2025/3/20 21:46,被绑架的宇辉[捂脸],0
2025/3/20 21:48,能不能给他点自由，让他过正常人的生活,0
2025/3/20 21:49,希望大家理智一点，不要给别人造成困扰[捂脸][捂脸],0
2025/3/20 21:50,大家放过宇辉吧[捂脸],0
2025/3/20 21:50,欣赏就好,0
2025/3/20 21:52,还这么火，不应该啊三年了[鼓掌],1
2025/3/20 21:52,笑死了，刘队都出不来了[呲牙],1
2025/3/20 21:53,除了刘队穿马甲那个是谁？,0
2025/3/20 21:53,热情的丈母娘[捂脸][捂脸],0
2025/3/20 21:54,看到这场面和阵仗，隔着屏幕都笑了[笑哭],0
2025/3/20 21:55,民心所向,0
2025/3/20 21:56,终于看到了这个世界的一束光，在这个浮躁的时代，真的是一束光,0
2025/3/20 21:56,安保压力大，他们怕出事啊！,0
2025/3/20 21:56,这该死的魅力[不看],1
2025/3/20 22:00,茶馆董大狼[666][捂脸][尬笑][666],0
2025/3/20 22:01,[赞][赞][赞],0
2025/3/20 22:01,不要把我宇辉挤跑了,0
2025/3/20 22:01,差点被刘队抗着走了[捂脸],0
2025/3/20 22:03,[赞]想找个董宇辉那样的当老公[呲牙],0
2025/3/20 22:04,[感谢],0
2025/3/20 22:04,老俞看着会哭的[偷笑][偷笑],0
2025/3/20 22:05,我的乖乖哦[捂脸][捂脸][捂脸],0
2025/3/20 22:05,我们大美陕西欢迎八方朋友来陕西旅游！[撒花][撒花][撒花][撒花][撒花][撒花][撒花],0
2025/3/20 22:06,宇辉的脸都挤出褶来了,1
2025/3/20 22:07,这么多人爱宇辉，真的太令人感动了，双向奔赴的爱，真是不容小觑[比心][比心],0
2025/3/20 22:07,董老师[赞][赞][赞],0
2025/3/20 22:08,为什么要挤宇辉呢，不能远一点守护吗？,0
2025/3/20 22:09,半年了，一家的生活用品，吃喝用穿都在他的直播间买，每天一睁眼的事，逛逛他的直播间，看有没有需要家用的，差不多每天都要买一样，钱包遭不住了,0
2025/3/20 22:10,爱他就主动让出路来 给问候给掌声给祝福,0
2025/3/20 22:10,值得我爱的人[比心],0
2025/3/20 22:11,觉得太危险了，应该给宇辉闪一条道,0
2025/3/20 22:12,人群有必要让来通路，这样有点危险！,0
2025/3/20 22:13,咋感觉这么危险,0
2025/3/20 22:15,我们的宇辉呀[比心],0
2025/3/20 22:18,这个是我们该崇拜的，确定配得上大家的这般宠爱,0
2025/3/20 22:18,丈母娘都这么疯狂吗[捂脸],1
2025/3/20 22:19,真把宇辉挤扁了[捂脸],1
2025/3/20 22:20,我陕西宇辉被夹扁了,1
2025/3/20 22:20,把他抬起来[大笑],1
2025/3/20 22:20,我没读多少书，只能来一句，我勒个去[呲牙][呲牙][呲牙][呲牙][呲牙]此时此刻，才明白知识的重要性！,0
2025/3/20 22:20,真吓人,0
2025/3/20 22:20,[发怒][发怒][发怒],1
2025/3/20 22:22,很庆幸我们贵州出了个董宇辉[微笑],0
2025/3/20 22:27,宇辉是我这40年以来追的第一个星,0
2025/3/20 22:31,其实他们都有必要这样吗[捂脸],0
2025/3/20 22:32,把人挤成肉夹馍了有了具象化,1
2025/3/20 22:33,哈哈哈，我们喜爱的彪哥[赞][赞][赞],0
2025/3/20 22:34,很庆幸 西藏出了个董宇辉,0
2025/3/20 22:35,[比心][比心][比心],0
2025/3/20 22:35,哎呀，确实火了，是有一定焦虑的，人山人海，你就知道了,0
2025/3/20 22:36,唉 人红也不自由[捂脸] 但，董妈妈看到得多自豪[爱心],0
2025/3/20 22:36,宇辉回到北京心想，那天差点没从上海世博会出来[捂脸],0
2025/3/20 22:38,宇辉都被挤的出不来了。[捂脸][捂脸][捂脸],0
2025/3/20 22:39,就在我家附近,0
2025/3/20 22:39,[赞],0
2025/3/20 22:40,把宇辉挤得呲牙咧嘴滴[呲牙],1
2025/3/20 22:42,害羞的小表情像极了被堵的新郎官[鼓掌][鼓掌][鼓掌],0
2025/3/20 22:46,22年曾经支援的地方，今天又在同一个地方看到喜欢的宇辉,0
2025/3/20 22:51,追星只追董宇辉[比心][比心][比心]没毛病,0
2025/3/20 22:52,不管喜与悲就看董宇辉[赞][赞],0
2025/3/20 22:53,再包挤了，把我娃挤扁扁了[捂脸][捂脸][捂脸][玫瑰][玫瑰][玫瑰][玫瑰][玫瑰][玫瑰][玫瑰],0
2025/3/20 22:53,他值得！！！,0
2025/3/20 22:53,他值得,0
2025/3/20 22:55,我的天啊[泪奔]快把宇辉挤扁了,1
2025/3/20 23:00,就喜欢看宇辉被人爱[赞],0
2025/3/20 23:02,能不能理智一点啊！怎么会怎么疯狂呢[捂脸],0
2025/3/20 23:03,不懂现在的人了[宕机],0
2025/3/20 23:04,明天还在么？刚好要去看展[偷笑],0
2025/3/20 23:06,我喜欢看到他被这么多人喜欢，再不是追求明星那种，这是读书被人认可和喜欢的独一份,0
2025/3/20 23:07,是的,0
2025/3/20 23:13,这人气真气人，气黑子[捂脸][看]@与辉同行 @董宇辉,1
2025/3/20 23:15,别说你别说，我辉辉咋被挤都是笑嘻嘻的[比心][比心],1
2025/3/20 23:17,递到眼前的礼物都接不住[呲牙],0
2025/3/20 23:20,刘队好细心先让成林上车[赞][赞][赞],0
2025/3/20 23:22,人心所向,0
2025/3/20 23:22,我就喜欢看宇辉这个场面，又高兴又担心！,0
2025/3/20 23:27,可怕,1
2025/3/20 23:29,你们把宇辉挤的都要内伤了[捂脸],1
2025/3/20 23:31,我的妈呀，这么多人，把宇辉都挤扁了,1
2025/3/20 23:31,@董宇辉 @与辉同行 [赞][赞][赞],0
2025/3/20 23:32,[赞][赞][赞][玫瑰][玫瑰][玫瑰],0
2025/3/20 23:34,上个月20号才去的上海眼镜展，也是这个地址，要是能遇到多好啊[捂脸],0
2025/3/20 23:35,[捂脸][捂脸][捂脸][捂脸],0
2025/3/20 23:36,看看丈母娘的你们，把大家的“女婿”都挤成肉夹馍了，爱女婿的同时，留点空间给孩子嘛，看到刘队在，我就放心了[呲牙],0
2025/3/20 23:43,我们辉辉就是牛啊,0
2025/3/20 23:47,我去，你们要不要这样[尬笑][尬笑][尬笑],1
2025/3/20 23:47,辉辉肉夹馍[大笑]两个馍夹着肉（宇辉）在人群中艰难行走,1
2025/3/20 23:49,我觉得我在现场可以静静远观，不是吹[呲牙],0
2025/3/20 23:56,保安这次给力,0
2025/3/20 23:58,[鼓掌][鼓掌][鼓掌][鼓掌][鼓掌][鼓掌],0
2025/3/20 23:58,看到大家都喜欢他好开心啊！今天一天可是排面满满啊[比心]感谢现场的朋友??@董宇辉 @与辉同行 干得好明天继续[一起加油][玫瑰][鼓掌],0
2025/3/20 23:59,送礼物的小姐姐，我们大家都看到礼物了，算收了吧，你别伤心也别怪宇辉和安保人员哈，这场面快控制不住了[偷笑],0
2025/3/21 0:02,我的天呢！,0
2025/3/21 0:04,太有名了多么麻烦，有利有弊,0
2025/3/21 0:14,小先生被这个世界爱着，好感动[比心][比心][比心][比心][比心],0
2025/3/21 0:19,宇辉保镖个子真高[赞][赞][赞][赞],0
2025/3/21 0:24,不油腻，不娘炮，三观正，有学识，懂感恩，知进退[赞][赞][赞],0
2025/3/21 0:24,希望羽翼丰满时多回馈社会,0
2025/3/21 0:43,笑得不行[愉快],0
2025/3/21 0:45,上海丈母娘给力[比心]这排面可以[赞][赞][赞],0
2025/3/21 0:51,这是要绑架吗？把孩子难得！[捂脸][捂脸][捂脸][捂脸][捂脸],1
2025/3/21 0:55,出个门太难了[捂脸],0
2025/3/21 0:58,董宇辉是被保安夹着走的[捂脸],1
2025/3/21 1:04,啊，我就看这种场面[捂脸][捂脸],0
2025/3/21 1:06,粉丝都这么疯狂的吗？就问买菜的谁有这个实力[赞],1
2025/3/21 1:11,人们为什么要这样？打自己的嘴啊,1
2025/3/21 1:27,根本挡不住[捂脸]爱如潮水[比心][比心][比心],0
2025/3/21 1:27,在那个厅我明天过去看看,0
2025/3/21 1:33,感觉像抢亲的,0
2025/3/21 1:34,宇辉好棒！,0
2025/3/21 1:41,把娃生生夹出来的,1
2025/3/21 1:48,实在不理解追星的这一帮人，就算喜欢，也不至于疯狂吧,1
2025/3/21 1:51,大家太喜欢宇辉，听说还有人特意跑去上海去看宇辉的。,0
2025/3/21 2:12,抢亲吗[捂脸],0
2025/3/21 2:35,俺河南的娃好吧？[捂脸],0
2025/3/21 2:36,他卖的东西是不是很好？,0
2025/3/21 2:37,为什么这么多人？你们在干什么？？直播间不就好了吗？,1
2025/3/21 2:40,关注优秀的董宇辉和与辉同行,0
2025/3/21 2:57,送礼物那姐姐别难过，现场太危险了，你的心意我们领了[比心][比心][比心],0
2025/3/21 3:22,幸亏我昨天没去哈哈,0
2025/3/21 3:26,刚刚看到他说要准点走，因为报备了时间，评论还有说又不是大明星至于嘛！真该让那些人看看这场面,1
2025/3/21 3:26,上次在上海滩有这么排面的人叫许文强,0
2025/3/21 3:41,[大笑][捂脸]出名了走路不方便了[比心][比心][比心],0
2025/3/21 3:41,？？？？？？,0
2025/3/21 4:25,@董宇辉 帅娃乍看乍喜欢[呲牙],0
2025/3/21 4:36,看，把宇辉挤的都要呲牙咧嘴了。[捂脸],0
2025/3/21 5:10,看这个评论区真是太欢乐了，我都笑出了眼泪，大家的评论都是奇思妙想各具风采幽默，都是对宇辉那种掩不住的喜爱之情。宇辉就是大家的宝，就是我们心中的那道光。真不敢想象，等到宇辉结婚的时候，酒店门口得有多热闹[爱心][爱心],0
2025/3/21 5:35,保安:得加钱[泣不成声][泣不成声][泣不成声],0
2025/3/21 6:02,给保安大哥整的紧张啊[捂脸],0
2025/3/21 6:03,好喜欢爱宇辉的朋友们这样爱宇辉[抱抱你]，我也爱宇辉，咧嘴笑的就好像我也在现场一样[抱抱你],0
2025/3/21 6:03,热情似火,0
2025/3/21 6:12,这把女婿都给挤成馅饼了[捂脸][捂脸][捂脸][捂脸],0
2025/3/21 6:12,真好,0
2025/3/21 6:13,"中国人真的
追星太疯狂了",0
2025/3/21 6:13,挤出来的[捂脸],0
2025/3/21 6:32,太疯狂了,0
2025/3/21 6:36,看咋没晋商的头巾,0
2025/3/21 6:36,丈母娘们太疯狂了[呲牙][比心],0
2025/3/21 6:38,丈母娘老丈人太热情了，给我们的小王子挤得呲牙咧嘴的[捂脸][捂脸][捂脸][捂脸],0
2025/3/21 6:41,开道的护法粗鲁了[憨笑],0
2025/3/21 6:49,开年第一个小外场，感谢上海爱辉区给到的热情人气[飞吻][飞吻][飞吻][飞吻][飞吻][送心][送心][送心][送心][送心],0
2025/3/21 6:49,人山人海[赞][赞][赞],0
2025/3/21 7:06,他们都太爱咱们的宇辉了    都想靠近他  进点  近点   再进点     感谢大家爱灰灰    希望大家不要打扰他[感谢][感谢][感谢][感谢][感谢][感谢][感谢][感谢][感谢][感谢][感谢][感谢][感谢][感谢][感谢][感谢][感谢],0
2025/3/21 7:12,上海安保人员好生猛[捂脸],0
2025/3/21 7:14,保护好兵马俑[大笑][大笑][赞][赞],0
2025/3/21 7:16,保护好我,0
2025/3/21 7:19,是不是就像见自己家孩子那么迫不及待？,0
2025/3/21 7:25,[偷笑][偷笑][偷笑],0
2025/3/21 7:38,把咱辉都挤变形了[捂脸],0
2025/3/21 7:39,把我宝挤得,1
2025/3/21 7:40,江浙沪最近很忙，辉辉莎莎钦钦被围得水泄不通[捂脸],1
2025/3/21 7:41,平安喜乐,0
2025/3/21 7:43,莫名开心，但眼眶湿了[玫瑰][玫瑰][玫瑰],0
2025/3/21 7:48,真是的，不让给别人烦恼，是慈悲，不让自己痛苦是智慧,0
2025/3/21 7:52,我就喜欢看宇辉这个场景[泣不成声][泣不成声][比心][比心][比心],0
2025/3/21 7:55,附在董宇飞旁边的，都是人高马大的,0
2025/3/21 7:58,永远希望小先生被这样追着围着！[赞],0
2025/3/21 7:59,宇辉[呲牙],0
2025/3/21 8:02,他曾经是山西的[比心][比心][比心],0
2025/3/21 8:03,从厂家到我家，必须经过宇辉家，必须让中间商赚差价[捂脸][抱抱你],0
2025/3/21 8:05,一见你开心[比心][比心][比心],0
2025/3/21 8:05,感觉那个人和宇辉贴脸了[捂脸][捂脸][捂脸],0
2025/3/21 8:06,顶流呦[比心],0
2025/3/21 8:06,这也太挤了，可别给危险分子可趁之机[感谢],0
2025/3/21 8:12,[捂脸][捂脸][捂脸],0
2025/3/21 8:14,不油腻，不娘炮，三观正，有学识，懂感恩，知进退[赞][赞][赞],0
2025/3/21 8:14,@董宇辉 @与辉同行 [赞],0
2025/3/21 8:23,都这么闲吗，我咋这么忙呢[流泪],1
2025/3/21 8:23,看他直播卖货是一种享受，他总是把很多知识用通俗易懂的方式讲给你听。,0
2025/3/21 8:25,[赞][赞],0
2025/3/21 8:26,看一次笑一次[呲牙],0
2025/3/21 8:30,竟然想哭，想想孩子当初是多么难，还好挺过来了,0
2025/3/21 8:30,一个董宇辉，一个孙颖莎，真的是走哪火哪[捂脸][捂脸],0
2025/3/21 8:31,挤得宇辉呲牙咧嘴的笑，好亲切[偷笑],0
2025/3/21 8:32,我的天啊！挤死了[捂脸],0
2025/3/21 8:34,上海的朋友们太热情了[捂脸],0
2025/3/21 8:34,[鼓掌][鼓掌][鼓掌],0
2025/3/21 8:34,幸亏有高大勇猛的刘队[捂脸][捂脸],0
2025/3/21 8:34,今天的这一场面是多少心酸和不易换来的。刚看到是高兴，看着看着有点想哭，他太不容易了。,0
2025/3/21 8:37,夹道欢迎[比心],0
2025/3/21 8:37,马骞就是推那个保安那个是不是,1
2025/3/21 8:37,看宇辉这小身板要被挤成肉夹馍了[捂脸],0
2025/3/21 8:42,看哭了 希望宇辉一直都好 爱你爱你,0
2025/3/21 8:42,陕西肉夹馍[捂脸],0
2025/3/21 8:44,一个最普通的农民的孩子，这么优秀，支持你宇辉[赞][赞][赞][赞],0
2025/3/21 8:49,才华横溢稳重的董宇辉[赞],0
2025/3/21 8:49,真想飞到上海，去吸收一下董宇辉的才华,0
2025/3/21 8:50,我们的宇辉啊,0
2025/3/21 8:55,山东净出人才  宇辉加油[感谢],0
2025/3/21 8:57,"看到宇辉深受大众喜爱，不禁湿润了眼眶！
真好！
希望他永远这么好下去，
希望他一直得到大家的认可与喜爱！",0
2025/3/21 8:57,[呲牙],0
2025/3/21 9:00,娃被挤得龇牙咧嘴的[捂脸]好可爱,0
2025/3/21 9:01,此人干嘛的，这么大的排场,1
2025/3/21 9:01,啥叫笑着哭，我现在就是！[流泪][流泪][流泪]真好啊，真心希望善良的宇辉永远幸福快乐，每一个善良的人一生平安[感谢][感谢][感谢][感谢][感谢],0
2025/3/21 9:01,现在，此刻，辉辉是上海的呀[耶][耶][耶],0
2025/3/21 9:04,我女儿说，等她长大了要帮我追到宇辉[捂脸],0
2025/3/21 9:10,刚才刷到一个“大腕”出机场，安保人员里三层外三层，走廊的粉丝加起来还没安保人员多[泪奔],0
2025/3/21 9:11,董宇辉真的是最没架子端着的名人[赞][赞][赞],0
2025/3/21 9:13,宇辉现在出行都要跟公安报备，不是为了自己有多大牌，而是为了大家的安全着想[赞][赞][赞],0
2025/3/21 9:14,他值得,0
2025/3/21 9:18,他的粉丝全是阿姨叔叔级别的人。[赞],1
2025/3/21 9:18,[赞][赞][赞][赞],0
2025/3/21 9:25,中国陕西的,0
2025/3/21 9:33,太火爆了[比心][比心][比心],0
2025/3/21 9:43,董宇辉为什么这么受欢迎啊？,0
2025/3/21 9:43,笑着笑着就哭了，太不争气的眼泪[比心],0
2025/3/21 9:45,头会被挤的不方了吗[捂脸],0
2025/3/21 9:46,本来就瘦小 这是要给咱挤没啦,1
2025/3/21 9:54,出来的第二个安保是最开始让他们赶紧把车开走那个小哥吗？,0
2025/3/21 10:08,挤出表情包了[捂脸],0
2025/3/21 10:15,这气势[赞][赞][赞],0
2025/3/21 10:17,善意提醒！！！激动归激动，大家都给宇辉让一条道，不要堵在路上，要体现丈母娘的一流的素质，再说堵在路上他会匆匆离去，让出一条道他还会给大家打招呼[感谢],0
2025/3/21 10:20,开心??[比心],0
2025/3/21 10:22,宇辉，注意休息,0
2025/3/21 10:25,别急了安全第一[赞][赞][赞][赞][赞],0
2025/3/21 10:53,安保什么态度，过分,1
2025/3/21 10:58,我们的宇辉好好啊，不管什么样的场合都是笑容满面[比心][比心][比心],0
2025/3/21 11:00,追文化，追素质，追学识，追信仰，追善良，追正直……为中国人的选择哭了哭了,0
2025/3/21 11:15,上海人们太热情了[捂脸][捂脸],0
2025/3/21 11:22,@董宇辉 [耶][耶][耶][耶][耶],0
2025/3/21 11:23,看到有这么多人拥戴宇辉，现场不管怎么难，我看着心里都舒坦。[比心][比心][比心][比心][比心],0
2025/3/21 11:25,好感动[赞][赞][赞][赞][赞][赞],0
2025/3/21 11:27,西游记我看了N遍，倒背如流，不信随便问[看][呆无辜][呆无辜],0
2025/3/21 11:31,@董宇辉 宇辉看过来，你知道这个视频我嘴角上扬，眼睛湿润的看了多少遍吗？,0
2025/3/21 11:43,"宇辉要挤扁了  我们爱宇辉  拥护宇辉[比心]
但爱的方式有很多种   我接受不了这样的
我们可以安静的远远的 微笑的看着
 这种爱真的让人窒息 
唉 宇辉这小子 没有自由了 抱抱",0
2025/3/21 11:50,就喜欢这热烈的场面[色][色][色]上海的家人们太暖心啦[赞][赞][赞],0
2025/3/21 11:51,比明星还出名，大爱[比心],0
2025/3/21 12:03,这才是该追的人[色]有信仰，有学识，值得学习并追随[调皮],0
2025/3/21 12:13,喜欢[赞],0
2025/3/21 12:35,"如果#董宇辉老师是一个兵马俑。[捂脸][捂脸]那我的人生愿望就成为兵马俑脚下。的一小片泥土。[捂脸][捂脸] If Dong Yuhui were a terracotta warrior, I wish I could be the patch of earth beneath his feet[玫瑰][玫瑰][玫瑰]你一向负责的英语教育有我来！#AI雅思英语",0
2025/3/21 12:47,现在人们感到文化缺失，道德缺失，看到有一个这样的正能量出现，所以就开始追文化，追素质，追学识，追信仰，追善良，追正直[比心][比心][比心]，为中国人的选择哭了哭了,0
2025/3/21 13:02,小姐姐的礼物我们都看到了，我们都替宇辉谢谢你啦[鼓掌][鼓掌][鼓掌][感谢][感谢][感谢],0
2025/3/21 13:04,宇辉好可爱啊，被挤的呲牙咧嘴的[捂脸],0
2025/3/21 13:13,"每次看到拥挤中的辉辉，感觉又温暖踏实，又为他似乎丢掉了一部分自由作为普通人的安宁自由而淡淡的忧伤。
但是，他能自得其乐，他能蓬勃向前，我也不必这样搓叹，甩甩秀发跟着他脚步，勇敢面对生活",0
2025/3/21 13:21,全是阿姨啊[比心],0
2025/3/21 13:39,这个美女的礼物我们大家都看到了，希望理解这人山人海的，宇辉的安全第一，怕有坏人也这样送礼物使坏，虽然只在手机上看宇辉，但是真心的希望他安全第一,0
2025/3/21 14:02,我们的董宇辉被挤的牙一呲笑了，眉头都皱上了，好可爱[呲牙][呲牙][呲牙],0
2025/3/21 14:09,[捂脸][捂脸][捂脸],0
2025/3/21 14:10,[捂脸][捂脸][捂脸],0
2025/3/21 14:10,宇辉棒棒哒[呲牙][呲牙][呲牙]大上海给力[赞],0
2025/3/21 14:30,祝福与辉同行一路长虹[赞][赞][赞]祝福宇辉喜乐安康[玫瑰][玫瑰],0
2025/3/21 14:36,大家冷静点，别挤啊,0
2025/3/21 14:47,太热情了，挤的龇牙咧嘴[捂脸],0
2025/3/21 14:53,那么多出口，广大辉粉们也是厉害，竟然知道从8号口出去[捂脸][捂脸][捂脸]都在这里等着,0
2025/3/21 15:29,宇辉真好，挤成这样一点情绪没有，不像小孙那时候和宇辉直播在船上，小孙一直告诉工作人员让周边的粉丝闭嘴，说了两三次，处处透漏着那种不耐烦高高在上的感觉，宇辉在边上就一直微笑着谢谢大家！,0
2025/3/21 15:44,[赞][赞][比心][比心]好喜欢他,0
2025/3/21 16:02,今天加了栏杆，井然有序,0
2025/3/21 16:13,好多明星都是没什么人围观都需要好多安保，宇辉这种我是觉得真的好需要这么多安保。,1
2025/3/21 16:15,这种情况安保只能顾一头，得理解，工作都不易，所以，请用另外一种方式静静的看着爱着,0
2025/3/21 16:21,原来上海也有这么多丈母娘啊。我以为我们大江苏是第一呢。[呲牙],0
2025/3/21 16:26,出名了活的很痛苦，没有自由,0
2025/3/21 16:45,[捂脸][捂脸][捂脸][捂脸][捂脸][捂脸][捂脸],0
2025/3/21 16:53,昨天把宇辉都挤扁了，今天就装围栏了[呲牙],0
2025/3/21 17:08,去年不卖家电，[捂脸],0
2025/3/21 17:13,为为追光者点赞[赞][赞][赞][赞][赞],0
2025/3/21 17:46,肉夹馍[捂脸],0
2025/3/21 17:48,把人挤成肉夹馍了[看],1
2025/3/21 17:55,我说怎么一堆人举着自拍杆在那拍拍拍，路都走不动了[发呆],0
2025/3/21 18:10,打孔都很喜欢他,0
2025/3/21 18:12,这是我哥[呲牙],0
2025/3/21 18:22,看一次笑一次[赞][比心][玫瑰],0
2025/3/21 18:25,太夸张了,0
2025/3/21 18:36,[捂脸],0
2025/3/21 18:51,就喜欢这种热烈的场面[色][色][色]上海的家人们太暖心了[赞][赞][赞],0
2025/3/21 19:09,他是干嘛的？这么多人去围观,0
2025/3/21 19:17,把我们辉辉挤的都咧嘴了，又心疼又可爱的表情[呲牙],0
2025/3/21 19:19,热情似火[赞][赞][赞],0
2025/3/21 19:30,甜蜜的负担[呲牙][呲牙][呲牙],0
2025/3/21 19:37,拍照的都阳气足[捂脸],0
2025/3/21 20:02,粉丝们太热情了[赞][赞][赞][赞][捂脸]快把辉辉挤成肉饼了[看][捂脸][捂脸][捂脸],0
2025/3/21 20:02,董宇辉长了爱人毛，看的就喜欢,0
2025/3/21 20:02,都是怎么啦,0
2025/3/21 20:03,哇[胜利]央视给配的搭档很漂亮，很般配哟[爱心],0
2025/3/21 20:10,希望他一直这么好下去[感谢],0
2025/3/21 20:19,[赞][赞][赞][赞][赞][赞][赞][赞][赞],0
2025/3/21 20:24,这不就是那个让车开走的保安吗？,0
2025/3/21 20:26,希望他一直这么好下去，加油[感谢][感谢][感谢],0
2025/3/21 20:36,你们都没有工作吗？[捂脸],1
2025/3/21 20:59,宇辉这人气太火爆了[赞][赞][赞]他值得被大家爱着[赞][赞][赞],0
2025/3/21 23:00,为什么看着他瘦小的身躯笑着笑着就流泪了呢[泣不成声]有高兴也心疼宇辉[比心],0
2025/3/21 23:07,保安人员有事是真上呀[赞][呲牙],0
2025/3/21 23:10,搞不懂啊！,0
2025/3/21 23:15,国人的素养，自信须提升自己，莫名其妙的,1
2025/3/21 23:20,[赞][赞][赞][赞]@与辉同行 @董宇辉,0
2025/3/21 23:38,不油腻，不娘炮，三观正，有学识，懂感恩，知进退[赞][赞][赞],0
2025/3/21 23:52,宇辉人气太火了[赞][赞][赞],0
2025/3/22 0:06,[捂脸][捂脸],0
2025/3/22 0:07,把兵马俑挤成肉夹馍了都[流泪],1
2025/3/22 0:27,人好多像以前挤火车站[尬笑],0
2025/3/22 0:41,感觉宇辉是被架出去的，不然都走不出那个人群[偷笑][偷笑][偷笑],1
2025/3/22 2:46,真想给挤扁了[捂脸][捂脸][捂脸],1
2025/3/22 3:29,终于看清这个袋子是谁的了[捂脸],0
2025/3/22 3:58,[笑哭],0
2025/3/22 8:46,上海人民热情高涨[赞][赞][赞][赞][赞][赞][赞][赞],0
2025/3/22 9:03,这些粉丝太疯狂了,1
2025/3/22 9:07,对比香港那边明星出门，真是一个天一个地…咱们大陆人，就是热情[尬笑]好热情,1
2025/3/22 9:12,那天他把货带去特特家  我也肯定去围观   [捂脸],0
2025/3/22 9:26,看到这样的视频无数次，但次次不争气泪流满面，第四种情感,0
2025/3/22 9:39,安保甩开袋子的动作配上“烦死了‘’应该会很好笑[捂脸],0
2025/3/22 9:48,场馆连夜装上了护栏[捂脸][捂脸][捂脸],0
2025/3/22 11:09,挤,1
2025/3/22 11:57,挤油渣[呲牙],1
2025/3/22 12:18,这是来抢人的吗[捂脸],0
2025/3/22 12:19,董宇辉说我本来就瘦你们非得给我挤的看不见我了你们才甘心是吧你们啊真的是[捂脸]??,0
2025/3/22 12:50,民族要有脊梁，一个中国时代的青年，我亿万人民沸腾，中国有希望了,0
2025/3/22 12:52,每次宇辉被挤着围着都是带着微笑的,0
2025/3/22 13:23,有啥值得拥堵的,1
2025/3/22 13:35,这就是为何第二天设置了栏杆的原因吧[比心][比心][比心],0
2025/3/22 13:52,有些人不明白  为什么看到宇辉挣钱  网友很开心  愿意去他那里买    他宁可只挣微利  也要让利给粉丝   大家只是单纯的喜欢着  看到他挣钱  打心里为他高兴   再者哪里合适哪里买  就好比胖东来  放心购物！,0
2025/3/22 14:18,安保努力工作的样子也好帅[赞],0
2025/3/22 14:26,这样的星值得追[赞],0
2025/3/22 14:43,举着手机这些人是怎么想的呢,1
2025/3/22 14:47,咋看着小辉辉挣钱[比心][比心][比心]就是开心[玫瑰][玫瑰][比心][比心],0
2025/3/22 15:30,[赞][赞][赞][赞][赞][赞][赞][赞][赞],0
2025/3/22 16:30,硬挤出来的[赞][赞][赞][捂脸][捂脸][捂脸],1
2025/3/22 16:44,保护好我方稀世兵马俑的脸,0
2025/3/22 17:03,前面两个大哥有点大脾气[泪奔][泪奔],0
2025/3/22 17:31,这么夸张,0
2025/3/22 18:15,不婚不育不生是过来人最明白的活法[感谢]有孩子结局都一样,1
2025/3/22 18:31,丈母娘群体太庞大,1
2025/3/22 19:01,被挤成肉夹馍啦[憨笑][呲牙][呲牙][呲牙],0
2025/3/22 19:07,三年了 还是顶流啊,0
2025/3/22 19:39,这个话题冲击了大脑,0
2025/3/22 20:12,笑死我了，真是高兴的流泪了[捂脸],0
2025/3/22 20:39,追董宇辉是对知识文化的追求和认可[赞][赞][赞][赞][赞][赞],0
2025/3/22 20:44,看一遍笑一遍[捂脸],0
2025/3/22 20:47,[鼓掌][鼓掌][鼓掌],0
2025/3/22 21:38,这个人，人品贵重又可爱，被挤得~[捂脸],0
2025/3/22 22:16,讨厌那些随意递东西的人，你是喜欢他，还是为难他？,0
2025/3/22 22:22,宇辉可爱的咧,0
2025/3/22 22:52,又是嫉妒刘队的一天[捂脸],1
2025/3/22 23:01,小心别把宇辉的发型挤乱[捂脸],0
2025/3/22 23:16,那个是要递袋子给宇辉吗[尬笑],0
2025/3/23 0:37,辉辉一直在微笑[感谢][比心],0
2025/3/23 5:33,[捂脸][捂脸][捂脸][捂脸][捂脸],0
2025/3/23 7:26,好多丈母娘[呲牙],0
2025/3/23 7:36,[尬笑]和前两天的肖明明一样[捂脸][捂脸],0
2025/3/23 8:24,这个人是干啥的？,0
2025/3/23 9:20,保镖大哥幸亏个高[捂脸],0
2025/3/23 9:39,保安就应该找大个子[捂脸],1
2025/3/23 9:42,小董，我很欣赏你，我有个女儿满18了，你可以考虑一下，不要彩礼[偷笑][偷笑][偷笑][偷笑],0
2025/3/23 9:56,刷到我就要问这种群演工资多少[暗中观察],0
2025/3/23 10:05,那天我在现场充当了安保人员给宇辉守大门，我喊宇辉最大声他老远就听到了。从我身旁经过的时候挥手示意，那时候我和他的距离不超过一尺[捂脸]从未想过与他相逢。缘分让我们相遇[偷笑],0
2025/3/23 10:15,不油腻，不娘炮，三观正，有学识，懂感恩，知进退[赞][赞][赞],0
2025/3/23 10:37,没点体力都走不出来！,0
2025/3/23 11:53,优秀的人才谁都喜欢[赞][赞]都把人家肉饼了[捂脸][捂脸],1
2025/3/23 13:07,哎[捂脸],0
2025/3/23 13:58,这安保做的太费刘队了,1
2025/3/23 14:11,还是他老家湖北安保好，江中间，湖中间，远远观看[调皮],1
2025/3/23 15:19,[捂脸][捂脸][捂脸][捂脸][比心][比心][比心][比心][比心],0
2025/3/23 15:36,@兔儿草: 与辉同行阅山河的宣传片太棒了！！宣传的城市有城市的繁华，山河有山河的壮阔，风景有风景的秀美，历史有历史的痕迹，民族有民族的特色！满满皆是祖国山河，地大物博，风土人情、人间烟火[赞][赞],0
2025/3/23 15:41,抢人啦[比心][比心][比心],0
2025/3/23 15:52,为什么要这样？,0
2025/3/23 17:26,这么多人看他，我想知道他每天怎么上下班的[捂脸]这得多麻烦,0
2025/3/23 18:05,我当时都吐了[捂脸],1
2025/3/23 18:16,宇辉老师好[赞][赞][赞],0
2025/3/23 18:44,看到这样的场面骄傲而感动[流泪][流泪]宇辉希望你被这个世界温柔以待，希望你的真诚，善良永不会被辜负[爱心][爱心][爱心][爱心],0
2025/3/23 20:20,与辉同行[鼓掌],0
2025/3/23 21:18,我们陕西的，陕西的，陕西的，重要的事情说三遍[呲牙][呲牙][呲牙][比心][比心][比心],0
2025/3/23 21:19,非常庆幸我们河南出了个董宇辉,0
2025/3/23 22:23,辉辉值得人们的追捧[赞][赞][赞][赞],0
2025/3/23 22:35,陕西渭南滴娃[666][666][666][玫瑰][玫瑰][玫瑰][捂脸][捂脸][捂脸],0
2025/3/24 0:28,虽然我不认识，只要正能量都支持,0
2025/3/24 6:47,谁科补一下董宇辉是干什么的？,0
2025/3/24 7:10,[捂脸][尬笑]第一次听到这个人，,0
2025/3/24 9:59,真不愧是我们杭州的董宇辉[呲牙][呲牙],0
2025/3/24 11:12,这么多人干嘛呢,0
2025/3/24 11:31,几级保护物品,0
2025/3/24 12:01,病态的社会让我怎么能适应,1
2025/3/24 12:32,这是出了什么事故吗？这些人在干嘛,0
2025/3/24 14:29,我家辉就是这样自带光辉，行走的光辉,0
2025/3/24 18:08,谁来给我解释一下他是谁,1
2025/3/24 22:40,没接触过，不信任何网络里的人设。[抠鼻],0
2025/3/25 0:45,好感动啊，人山人海的追[鼓掌],0
2025/3/25 4:42,被挤的表情好真实呀,0
2025/3/25 5:20,阵容强大[鼓掌][鼓掌][鼓掌],0
2025/3/25 7:18,在这片土地造神很容易,1
2025/3/25 7:20,[666][666][666][666][666],0
2025/3/25 11:07,啥情况呀,0
2025/3/25 11:42,[呲牙],0
2025/3/25 14:30,搞成肉夹馍了,0
2025/3/25 15:17,秦人转世,0
2025/3/25 15:54,守株待兔法[捂脸],0
2025/3/25 16:53,宇辉的粉丝太热情了[鼓掌][鼓掌][鼓掌],0
2025/3/25 17:01,@没头没尾的,0
2025/3/25 17:47,可以追，但也不至于这样吧[发呆],0
2025/3/25 19:53,啥人物,0
2025/3/25 20:09,这些人不用工作吗,1
2025/3/25 20:24,不要争[呲牙][呲牙][呲牙],0
2025/3/25 20:36,我居然不认识,0
2025/3/25 21:42,这是干啥呢？,0
2025/3/25 21:49,别给人家这么大的压力呀[流泪][流泪],0
2025/3/25 22:09,那些说人耍大牌的，你看这样子没有保安行吗？[尬笑],0
2025/3/25 22:34,不认识。,0
2025/3/25 23:49,宇辉真的在发光,0
2025/3/26 6:47,小孙工资是上市公司给的，与消费者无关！,0
2025/3/26 8:22,[捂脸][捂脸][捂脸][捂脸]理解不了,0
2025/3/26 12:13,@与辉同行 @董宇辉,0
2025/3/26 12:40,什么情况啊？,0
2025/3/26 16:21,这谁啊,1
2025/3/26 17:35,什么情况[惊讶],0
2025/3/26 18:35,董宇辉是干嘛的？,0
2025/3/26 18:52,刘德华，小马哥他们出都没这陈势！为什么?,0
2025/3/26 19:31,他是干嘛的？,0
2025/3/26 20:05,陕西人爱追直播网红！,0
2025/3/26 20:25,不认他…真的不认识他！[抠鼻][抠鼻],0
2025/3/26 21:10,宇辉是谁啊？,0
2025/3/27 0:20,鹏鹏手长[赞][赞][赞][赞][赞][赞][赞][赞][赞],0
2025/3/27 0:21,啥东西,1
2025/3/27 0:26,保护好宇辉,0
2025/3/27 0:28,[鼓掌][鼓掌][鼓掌],0
2025/3/27 0:28,鹏鹏和潇潇反应真快！[赞],0
2025/3/27 0:29,真是服了[晕],1
2025/3/27 0:33,有黑子！保护好小王子！！！,1
2025/3/27 0:35,布玩偶，生日礼物？给工作人员多好,0
2025/3/27 0:37,这是谁啊，吓着宇辉了,1
2025/3/27 0:37,鹏鹏好棒,0
2025/3/27 0:38,真的不建议这样做。,0
2025/3/27 0:40,送东西哪有这样送的……[打脸][打脸],1
2025/3/27 0:52,真的要注意安全啊[酷拽],0
2025/3/27 0:53,一个姐姐，一个弟弟，护我宇辉周全[感谢],0
2025/3/27 0:58,给工作人员多好,0
2025/3/27 1:07,我在现场，只是想送宇辉一包特产，是善意呢,0
2025/3/27 1:10,鹏鹏潇潇好棒[赞],0
2025/3/27 1:23,鹏鹏[赞],0
2025/3/27 1:53,差点砸到头欸！,0
2025/3/27 2:09,鹏鹏[比心][比心][比心],0
2025/3/27 2:31,真好他们 ， 第一反应是去挡，而不是自己退后[赞][赞],0
2025/3/27 2:36,评论区满屏都是担心着宇辉的安全。问哪个主播能做到？[赞],0
2025/3/27 2:40,危急时刻，鹏鹏的大脑像高速运转的机器，快速分析并做出判断，凭借着敏捷的反应及时救急，避免了一场意外@胡鹏鹏 好样的[赞][赞][赞],0
2025/3/27 2:43,鹏鹏第一反应了！,0
2025/3/27 2:46,鹏鹏的应急反应太敏锐太速度了[赞][赞][赞]眼疾手快，身手矫健，为宇辉保驾护航杠杠的[比心][比心][比心][比心][比心]@胡鹏鹏,0
2025/3/27 2:48,鹏鹏和萧萧第一时间都是保护宇辉，真是太善良的一群孩子[赞],0
2025/3/27 2:49,看一个人不是看他说了啥而是看他做了啥，谢谢不善言表的鹏鹏[比心][比心][比心]当下的毫不犹豫也让我想到了湖北行的搀扶河南行的先行，好兄弟一辈子[赞][赞][赞],0
2025/3/27 2:57,@甭要董尓 @董甜甜的牛夫人,0
2025/3/27 3:08,前几天刚看到有人往张颂文车里扔信还是什么的，被扔出来了[偷笑]有些人就是没有边界感,1
2025/3/27 3:26,必需在这里给鹏鹏和潇潇点赞，善良的人在一起真的很感动[赞][赞][赞][赞][赞],0
2025/3/27 3:33,这个时候俩保镖干啥去了 太惊险了,0
2025/3/27 3:53,下播我录屏了合影，没看到这个扔东西的啊！,0
2025/3/27 4:14,应该是想送董宇辉老师的生日礼物??,0
2025/3/27 4:16,[爱心][爱心][爱心][爱心][爱心][爱心][爱心][爱心][爱心][爱心],0
2025/3/27 4:28,总有那么一些人,1
2025/3/27 4:31,要是砸到小朋友怎么办，就算砸不到小朋友，砸到花花草草也是不对的,0
2025/3/27 4:34,鹏鹏反应真快,0
2025/3/27 4:36,大姑姐反应快[赞][赞][比心][比心][比心],0
2025/3/27 4:45,赞鹏鹏[赞][赞][赞][赞],0
2025/3/27 5:02,[赞][赞][赞],0
2025/3/27 5:02,鹏鹏和潇潇反应都很快，潇潇也是立刻护住宇辉，真是团结友爱的团队！,0
2025/3/27 5:08,鹏鹏反应真快，他们深夜下播还与粉丝合影这么辛苦，这样行为真不可理解！[发怒],1
2025/3/27 5:09,谁干的？伤到人咋办？,1
2025/3/27 5:09,这扔东西的人是几个意思？也太差劲了吧？,1
2025/3/27 5:20,果然是智慧鹏，眼疾手快鹏[比心][比心][比心][比心][比心],0
2025/3/27 5:22,鹏鹏以迅雷不及掩耳之势用手精准挡住了砸向宇辉的物体，如果不是这一挡砸到宇辉无疑，这是鹏鹏的本能表现[比心][比心][比心]奋不顾身的鹏鹏[比心][比心][比心],0
2025/3/27 5:24,危险，下次注意,0
2025/3/27 5:25,刘队最近懈怠了,0
2025/3/27 5:25,估计是想送礼物[捂脸],0
2025/3/27 5:26,好兄弟[赞][赞][赞][赞][赞][赞][赞][赞][赞][赞][感谢][感谢][感谢][感谢][感谢][感谢][感谢][感谢][感谢][感谢],0
2025/3/27 5:28,旁边看着也没几个人啊，还有安保人员在，谁扔的东西？,0
2025/3/27 5:40,眼观六路耳听八方[赞],0
2025/3/27 5:48,应该不会是重的东西吧，不过真的注意影响。,0
2025/3/27 5:49,好感动,0
2025/3/27 5:50,鹏鹏[赞][赞][赞][赞][赞][玫瑰][玫瑰][玫瑰][玫瑰][玫瑰][玫瑰],0
2025/3/27 5:50,到底是谁扔的东西啊，宇辉安全就好！[感谢][感谢],0
2025/3/27 5:56,@胡鹏鹏 身手敏捷，动作矫健如猿，忠于宇辉，贴心呵护，值得赞呀，看着温暖，生活工作美好就是有身边陪伴的好兄弟??[比心][比心][赞][赞][色][色],0
2025/3/27 5:56,鹏鹏潇潇[比心][比心][比心],0
2025/3/27 5:56,鵬鹏，反应真快。,0
2025/3/27 5:57,鹏鹏化身宇辉护法[看][爱心],0
2025/3/27 5:58,什么人居然仍东西，扔的什么？必须给个结果，以后再有类似的事情发生都不敢想象这群伙伴的安全～,0
2025/3/27 6:02,太过分了，什么人呢,1
2025/3/27 6:02,怎么老是有人干这事，上次泼水这次扔东西。关进去,1
2025/3/27 6:03,这谁啊，过分了，就算想送东西也不能这样,1
2025/3/27 6:04,这样不妥吧。砸到人怎么办。砸坏设备也不好,0
2025/3/27 6:06,谁懂啊，看潇潇姐和鹏鹏这反应，我看了不下20遍,0
2025/3/27 6:07,宇辉确实前后左右都得有人，防不胜防,1
2025/3/27 6:11,@萧萧[比心][比心]鹏鹏[比心][比心],0
2025/3/27 6:12,这太危险了，乱弄重物，必须严查，丢掉任何人多会出问题[捂脸],0
2025/3/27 6:13,为啥没看到盼盼和董董呢,0
2025/3/27 6:13,像这个动作自己是无心之举，但你不知道给对方的安保造成多大的压力,0
2025/3/27 6:13,鹏鹏真的文武双全，宇辉的大将[赞],0
2025/3/27 6:14,这个真的很严重！人人都这样学，黑子不钻空吗？不提倡！太危险了,1
2025/3/27 6:16,哪些人这么恨他呢，真搞不懂,1
2025/3/27 6:16,他们的注意力集中在“宇辉身上”，没有考虑其他，[赞][赞][赞],0
2025/3/27 6:17,所以，到底扔的啥啊？,0
2025/3/27 6:19,这是礼物、看刘队反映就知道了[比心][鼓掌][赞][赞]??,0
2025/3/27 6:20,不提倡,0
2025/3/27 6:21,看着是个布包，想给宇辉的礼物吧,0
2025/3/27 6:23,@1949 知道现场是谁吗？太过份了，隔着屏幕我都吓出一身汗！,0
2025/3/27 6:25,鹏鹏潇潇[赞][赞][赞]。此刻腿长胳膊长 反应敏锐的鹏鹏优秀[赞][赞],0
2025/3/27 6:25,情书,0
2025/3/27 6:28,一定要保护好与辉同行！细思极恐！幸好有八大金刚保驾护航！,0
2025/3/27 6:29,要送礼物可以喊一下刘队或者成林帮忙嘛，这样子真的不好,0
2025/3/27 6:30,送张颂文的玩偶有窃听器,1
2025/3/27 6:33,有潇潇在，我就放心了[赞][赞][赞],0
2025/3/27 6:33,不提倡这么做哦！请爱惜他,0
2025/3/27 6:37,揪出来，必须揪出来。,1
2025/3/27 6:40,画面太暖，看得我泪流满面！是同事，是朋友，是亲人啊[赞][赞][赞],0
2025/3/27 6:41,扔的什么？,0
2025/3/27 6:41,扔东西的人是什么心态？,1
2025/3/27 6:41,不管是啥，都不能这样丢东西,0
2025/3/27 6:44,看到这画面感觉好后怕，辛亏鹏鹏眼疾手快，保护好了宇辉。有爱有凝聚力的与辉同行[比心][比心][比心],0
2025/3/27 6:45,眼观六路耳听八方,0
2025/3/27 6:50,无论是啥，都不允许这么干！必须查明，处理！[发怒],1
2025/3/27 6:50,鹏鹏潇潇时刻都在保护自己的老板[赞][赞][赞][比心][比心][比心],0
2025/3/27 6:52,[比心][比心][比心],0
2025/3/27 6:54,是礼物，但是方式不建议,0
2025/3/27 6:54,有这样的姐姐弟弟真好[比心],0
2025/3/27 6:56,扣刘队的工资，并建议换人！我毛遂自荐一下，保证形影不离时刻保护他[捂脸],1
2025/3/27 6:58,有些人就是没有边界感，没有边界的喜欢不叫喜欢,1
2025/3/27 6:58,潇潇是用力往前推了辉哥    鹏鹏是用力挡了东西    这画面[赞][赞][赞][赞][赞][赞],0
2025/3/27 6:58,鹏鹏潇潇真是好样的[赞][赞][比心][比心],0
2025/3/27 6:58,这是啥情况[发呆]，啥人向宇辉扔东西？鹏鹏反应真快[赞],0
2025/3/27 7:01,前后有人保护。安全意识挺强。真好。,0
2025/3/27 7:02,我一直都好喜欢鹏鹏[捂脸][捂脸]，数学好，个子高，长得帅，梦中情孩。,0
2025/3/27 7:05,一姐一弟迅速保护[赞],0
2025/3/27 7:06,不管是礼物还是啥，不要这样，万一砸到了怎么办，怎么办，你说,0
2025/3/27 7:07,好多黑粉灯牌都是11-12级,1
2025/3/27 7:07,很不提倡这种行为，哪怕是善意的，砸到人怎么办,0
2025/3/27 7:08,防人之心不可无啊！！公众人物不好做,0
2025/3/27 7:09,天哪，这样好危险，不提倡这样送礼物[抱拳][抱拳],0
2025/3/27 7:10,鹏鹏，好样的,0
2025/3/27 7:11,他们对宇辉的爱是发自本能的，不是因为外在的,0
2025/3/27 7:11,谁扔的[酷拽],1
2025/3/27 7:11,谁呀，多危险啊，再喜欢也要懂得克制和尊重啊,0
2025/3/27 7:11,鹏鹏潇潇[赞][赞][赞],0
2025/3/27 7:12,敏捷的鹏鹏[赞],0
2025/3/27 7:13,真的好危险，这种行为。故意的吗？,1
2025/3/27 7:15,鹏鹏潇潇[赞],0
2025/3/27 7:20,简简单单一个视频我看着流下了眼泪,0
2025/3/27 7:24,想到了张颂文那封信被骂惨了[绝望的凝视][绝望的凝视][绝望的凝视],1
2025/3/27 7:24,鹏鹏反应快，奋力挡住了这包裏，不然正打到宇辉，黑粉疯了,1
2025/3/27 7:28,以后还是不要合影了，太危险了，黑子越来越多了,1
2025/3/27 7:29,[赞],0
2025/3/27 7:32,这危险时刻的瞬间反应是保护[赞]，真兄妹感情,0
2025/3/27 7:34,谁啊，就那么往人后脑勺砸,1
2025/3/27 7:35,宇辉班的人个个都好可爱[比心][比心][比心],0
2025/3/27 7:37,丢鞋,0
2025/3/27 7:38,他们都是同甘共苦的好兄弟[赞][赞][赞][赞],0
2025/3/27 7:39,宇辉都转身了，毫无防备的幸好鹏鹏和潇潇没转身，要不就砸到了，鹏好身手，眼疾手快的档到了，潇潇也出手了[赞][赞][赞],0
2025/3/27 7:39,这没什么，大家不要放大这事件，以后尽量保持克制。,0
2025/3/27 7:39,潇潇也下意识的抬脚去挡[比心]都是温暖的小伙伴[感谢],0
2025/3/27 7:46,有些粉丝真的无语，每个小伙伴都很好的护着辉辉,1
2025/3/27 7:46,董宇辉这个国宝级的人物随时随地你们都得保护好，陕西人的骄傲[赞][赞][赞],0
2025/3/27 7:47,鹏鹏反映快[赞][赞][赞][赞][赞]四大金刚都是宇辉的保护神,0
2025/3/27 7:48,[玫瑰],0
2025/3/27 7:48,这同事的反应力杠杠滴。他们处得真的是像同事，像家人。,0
2025/3/27 7:48,宇辉是我们的宝，我们一起守护保护好宇辉[比心][比心][比心][比心][比心][比心][比心][比心],0
2025/3/27 7:48,拍完照深深鞠躬，我不知道那个扔东西的人怎么想的，你不喜欢的人，身边有千万人护着他，真的很气愤,1
2025/3/27 7:49,注意安全啊辉,0
2025/3/27 7:51,惊险瞬间有鹏鹏和大姑姐萧萧……发映太快保护的好[玫瑰][玫瑰][玫瑰],0
2025/3/27 7:52,谁干的？[发怒],1
2025/3/27 7:53,我记得曾经有个明星开演唱会有个歌迷扔了一瓶矿泉水把人家脸砸了。真不知道昨晚上哪个二愣子干的,1
2025/3/27 7:54,希望大家传播，非常不提倡这样的行为，喜爱的方式有很多，你们陪伴宇辉已经非常感恩了，他不会收任何东西，但是也不应该这样强丢给他,0
2025/3/27 7:54,这是送礼物呢！粉丝急切的心情没想到！跳水奥运冠军他们收礼物，粉丝都是这么扔的，是很喜欢的，可能没想到会打到人，就是着急送出去，大家也要理解人家的心情，不要误解！,0
2025/3/27 7:57,鹏鹏反应真敏捷[比心][比心],0
2025/3/27 8:00,"扔东西的看到视频自己
出来举?手道歉，爱的
方式很多种呢[抠鼻][抠鼻]",0
2025/3/27 8:01,抓住他，报警,1
2025/3/27 8:01,鹏鹏和潇潇都在伸手??保护着宇辉，这样的行为坚决抵制 不可取！尽管抛过来的是个小孩子的玩偶，但要记住，有些爱必须冷静理智，必须藏在自己心里。,1
2025/3/27 8:04,鹏鹏[比心][比心][比心][比心][比心][比心][比心],0
2025/3/27 8:05,好感人的画面[赞][赞][赞][赞][赞][赞],0
2025/3/27 8:07,天啊！这是干啥[流泪],0
2025/3/27 8:08,@董宇辉 下次合影拍照，眼睛欢着点，眼观六路耳听八方,0
2025/3/27 8:10,鹏鹏真棒,0
2025/3/27 8:10,[玫瑰][感谢],0
2025/3/27 8:11,小王子最脆弱的背后 交给了他的伙伴们 并且他们有好好守护。[泣不成声],0
2025/3/27 8:11,鵬鹏反应太机智，大个子伸手之快为鹏点赞，保护彪哥。,0
2025/3/27 8:12,潇潇真是大姐姐的那种温暖,0
2025/3/27 8:12,我真的好喜欢鹏鹏，纯欣赏的喜欢,0
2025/3/27 8:12,？？？？？？,0
2025/3/27 8:12,谁啊？这是什么样的人？[看],1
2025/3/27 8:13,这以后还敢合影吗,1
2025/3/27 8:13,毛茸茸玩具,0
2025/3/27 8:13,@云南省文化和旅游厅 @云南警方 @云南日报 @云南广播电视台,0
2025/3/27 8:14,丢过去的是什么,0
2025/3/27 8:14,东西递进去不可以吗？为什么用这样的方式？,0
2025/3/27 8:16,鹏鹏好样的！反应太快了！保护好宇辉！[玫瑰][玫瑰][玫瑰][玫瑰],0
2025/3/27 8:16,鹏鹏用手挡了下，要不然真甩，鹏鹏眼疾手快[赞][赞][赞][赞][赞][赞],0
2025/3/27 8:17,鹏鹏不仅思维敏捷，行动反应也真快[赞],0
2025/3/27 8:19,真好，所有人都爱他护他,0
2025/3/27 8:19,这种不提倡，喜欢就安静的陪伴不是么？,0
2025/3/27 8:20,以后不要合影了[流泪],0
2025/3/27 8:21,[赞][赞][赞][赞][赞][赞]鹏鹏，潇潇如兄弟！！！,0
2025/3/27 8:21,在喜欢宇辉也不能这样的行为，不会，希望扔的人不要再这样了，[感谢][感谢][感谢],0
2025/3/27 8:22,哪怕是礼物也不能这样扔！！！都忘了泼水事件了吗！！！！！！！,1
2025/3/27 8:22,这要是仨人都转身了砸到人怎么办！无论是否善意，这人都过分了！好心办坏事的情况多了，不能只顾着自己！,1
2025/3/27 8:25,真的个别丈母娘一点分寸都没有！,1
2025/3/27 8:27,看来 以后安保要加强了 这合影环节要小心提防,0
2025/3/27 8:30,边界感在哪里,0
2025/3/27 8:32,潇潇立马挡住，保护宇辉,0
2025/3/27 8:33,下次不要拍照了，太危险了。,0
2025/3/27 8:33,看到鹏鹏伸出手去阻挡的一瞬间，被温暖到了[感谢],0
2025/3/27 8:35,坚决反对这种行为[感谢][感谢][感谢],0
2025/3/27 8:36,宇辉有弟弟挡着，有姐姐护着真好[比心],0
2025/3/27 8:38,谁这么坏打宇辉,1
2025/3/27 8:38,喜欢潇潇，知性唯美,0
2025/3/27 8:38,黑子急眼了,1
2025/3/27 8:39,太危险了，不喜欢也别伤害[发怒]鹏鹏反应迅速,1
2025/3/27 8:39,刘队长了两岁,0
2025/3/27 8:42,粉丝们太热情了[666][666][666][比心][比心][比心],0
2025/3/27 8:45,鹏鹏反应超快。[赞],0
2025/3/27 8:45,捣乱的人心太不善良了,1
2025/3/27 8:46,旁边还站在警察呢，胆子太大了，即便是送礼物也不应该用这种方式,0
2025/3/27 8:46,鹏鹏反应超快。[赞],0
2025/3/27 8:46,善良的人才有的本能反应  为鹏鹏和潇潇点赞[赞],0
2025/3/27 8:46,对扔东西的人不光有道德谴责，还要有法律风险,0
2025/3/27 8:46,谁干的[发怒],1
2025/3/27 8:46,[玫瑰][玫瑰][玫瑰][玫瑰][玫瑰][玫瑰][玫瑰][玫瑰],0
2025/3/27 8:47,这次敢扔毛茸茸东西，下次就敢扔石头,1
2025/3/27 8:47,是我的话，我也会的,0
2025/3/27 8:47,[捂脸][捂脸],0
2025/3/27 8:48,揪出来！！太坏了,1
2025/3/27 8:48,为鹏鹏。潇潇点赞点赞！,0
2025/3/27 8:51,扔的啥？不是恶意的就好,0
2025/3/27 8:51,扔的什么东西，砸着会伤着吗,0
2025/3/27 8:53,以后不要合影了，什么人都有，危险性太大,1
2025/3/27 8:53,挂着灯牌一直在挑拨离间黑鹏鹏的都好好看看这个视频，没有良心的玩意。,1
2025/3/27 8:54,一个玩偶，刘队都不带理的,1
2025/3/27 8:55,不是鹏鹏伸反应快，就砸到宇辉了,0
2025/3/27 8:55,幸亏鹏鹏反应快胳膊长用手挡了一下，不然真就砸到宇辉了。,0
2025/3/27 8:56,抓到他,1
2025/3/27 8:56,这些人真是有毛病,1
2025/3/27 8:59,扔的是什么东东，谁扔的,0
2025/3/27 8:59,这是个什么操作哦，真的是,1
2025/3/27 9:00,鹏鹏潇潇反应真快，喜欢鹏鹏这样的阳光大男孩，思维敏捷学习好有自己的价值观[比心][比心][比心][比心][比心][比心],0
2025/3/27 9:00,一定要加强安保啊[流泪][流泪][流泪][流泪],0
2025/3/27 9:00,这估计粉丝就是想送生日礼物啊。等彭彭还回去可以看出。并不是想去打姑爷,0
2025/3/27 9:02,看到很难过，他已经那么好了，我什么还要去伤害[叹气],0
2025/3/27 9:04,鹏鹏，潇潇反应超快[比心][比心][比心],0
2025/3/27 9:05,鹏和潇反应还是蛮快的[赞],0
2025/3/27 9:05,总有一些不讲文明的人,1
2025/3/27 9:07,"看着我想哭
这人扔东西是怎么想的",1
2025/3/27 9:08,妈呀！太危险了[泣不成声]鹏鹏潇潇棒棒哒[鼓掌][鼓掌][鼓掌][鼓掌][鼓掌][鼓掌],0
2025/3/27 9:08,鹏鹏反应超快[爱心],0
2025/3/27 9:09,是谁干的？,0
2025/3/27 9:09,建议以后外场不要这样近距离接触了，太危险，这要是坏人的话后果不堪设想,0
2025/3/27 9:09,送东西通过工作人员就可以，不要做这种危险的动作,0
2025/3/27 9:10,扔个礼物还算庆幸，幸好不是别的，别让宇辉寒心，也别让丈母娘寒心,0
2025/3/27 9:10,即便是礼物也不该这样送啊,0
2025/3/27 9:12,扔的什么东西呀？,0
2025/3/27 9:14,扔了什么东西啊？太可恶了[酷拽],1
2025/3/27 9:17,宇辉身旁的小伙伴们本能的都在保护他[赞][赞],0
2025/3/27 9:18,鹏鹏反应太快了！[赞][赞][赞][比心][比心][比心],0
2025/3/27 9:19,不建议，坚决抵制这样的行为。有时候爱需要克制。尽管是一个玩偶??,0
2025/3/27 9:20,凡哥还兼灯光,0
2025/3/27 9:21,不提倡,0
2025/3/27 9:22,这是什么情况,0
2025/3/27 9:22,这样的方式太危险了,0
2025/3/27 9:23,这是粉丝送给辉辉的生日礼物[捂脸]大家不要过度解读啊[感谢],0
2025/3/27 9:25,引以为戒提起高度重视，保护好我们的小先生！！！,0
2025/3/27 9:27,理性爱戴，过分了，不安全的。鹏鹏[赞][赞][赞][赞][赞][赞],0
2025/3/27 9:27,太可怕了。幸好鹏鹏挡住了。,0
2025/3/27 9:29,抵制这种行为，不管出于什么目的,0
2025/3/27 9:31,一早看到这个，真的很愤怒，不管是不是送礼物，这样的方法不可取，可以通过工作人员给啊[发怒],0
2025/3/27 9:36,还好没事，吓出一身冷汗，还好鹏鹏和潇潇反应快,0
2025/3/27 9:40,看看是谁打的[发怒],1
2025/3/27 9:43,鹏鹏这反应可以啊[鼓掌][鼓掌][鼓掌],0
2025/3/27 9:44,宇辉团队开始练武术[赞],0
2025/3/27 9:44,鹏鹏反应真快[赞][赞][赞]潇潇很细心推开宇辉,0
2025/3/27 9:44,不能纵容这种行为啊，万一有坏人呢？,0
2025/3/27 9:47,给宇辉送礼物吗[捂脸]砸到了就不好了呀,0
2025/3/27 9:48,鹏鹏，潇潇[赞][赞][赞][赞][赞][赞],0
2025/3/27 9:48,我看哭了[流泪][流泪],0
2025/3/27 9:51,潇潇真是关爱宇辉的大姐姐，一直伸手护着他，有爱心[比心],0
2025/3/27 9:51,小心坏人捣乱！,0
2025/3/27 9:52,送宇辉的生日礼物，毛绒玩具[捂脸][捂脸][捂脸],0
2025/3/27 9:57,把人吓一跳[感谢],0
2025/3/27 9:57,坚决严重批评扔东西的。说不动扔的什么。就像前几天有人向张颂文车里强行扔进一包东西。被车里人扔出来是对的。坏人害人都这样干。太危险了。,1
2025/3/27 9:59,下意识里都在保护宇辉,0
2025/3/27 9:59,我要是宇辉，下次合影都有阴影了[捂脸][捂脸][捂脸],0
2025/3/27 10:05,下意识的行为，知道了他们是有多仗义善良,0
2025/3/27 10:08,鹏鹏手疾眼快，反应灵敏[赞][赞][赞],0
2025/3/27 10:09,坚决抵制这种扔东西的行为！,0
2025/3/27 10:12,太暖心了，真是一帮好兄弟姐妹[赞]，问题是什么人这样干的？要搞清楚,0
2025/3/27 10:13,估计他只想送个生日礼物，太远了，只能扔过去，心意理解，行为不提倡。,0
2025/3/27 10:13,最讨厌什么粉丝这个词，自己吃饱照顾好家人不行吗[发呆],1
2025/3/27 10:13,要是砸到小朋友怎么办？就算砸不到小朋友砸到那些花花草草也是不对的。,0
2025/3/27 10:14,鹏鹏不挡的话正好砸到宇辉后背了，不管想干啥，粉丝这行为不太好吧！,1
2025/3/27 10:15,估计扔的人应该喊了后再扔，,0
2025/3/27 10:16,这种勒令禁止！！！如果真的爱宇辉就不应该这样，心情我们可以理解，但是行为不可取！希望咱们爱辉一家人都能做到克制、礼貌，为宇辉着想，不要给黑子任何可趁之机！,0
2025/3/27 10:18,是啥？,0
2025/3/27 10:21,是生日礼物,0
2025/3/27 10:21,不提倡这样送礼物，万一以后有坏人也这么来一下，我辉多危险啊[捂脸],0
2025/3/27 10:24,真好  潇潇第一时间保护宇辉  鹏鹏第一时间去接住东西,0
2025/3/27 10:26,为鹏鹏和潇潇点赞??,0
2025/3/27 10:26,[赞],0
2025/3/27 10:28,能跟着宇辉做事真是三生有幸[赞][赞][赞][赞],0
2025/3/27 10:29,还好没事[感谢][感谢][感谢],0
2025/3/27 10:30,太低级了,1
2025/3/27 10:30,还得是咱可爱的鹏鹏[赞][赞][赞][666][666][666]孔子的第八十代弟子[赞]老天会保佑你和你哥[感谢][感谢][感谢],0
2025/3/27 10:30,宇辉身边的伙伴，个个都能随时化身保镖[赞][赞][赞][赞][赞][赞],0
2025/3/27 10:33,不能扔啊，大家都扔场面失控啦，爱要克制呦[比心][比心][比心],0
2025/3/27 10:35,有些真相迟早会浮出水面。,0
2025/3/27 10:36,扔的啥东西,0
2025/3/27 10:36,要是真正的送礼物给工作人员，他们会给宇辉的，干嘛要这样扔？[酷拽][酷拽][酷拽],0
2025/3/27 10:37,下次估计要带10个保镖,1
2025/3/27 10:37,防不胜防。不要再合影啦。,0
2025/3/27 10:37,下次还是别合影了[捂脸],1
2025/3/27 10:38,@? @桃喜??,0
2025/3/27 10:41,鹏鹏这反应[赞]，[赞][赞][赞]。都要保护好，鹏鹏，潇潇也要注意防护。,0
2025/3/27 10:42,扔东西的人，下次不要这样，太危险。,0
2025/3/27 10:44,鹏鹏潇潇[赞][赞][赞][赞][赞][赞]反应真快，善良的一群人,0
2025/3/27 10:50,素质问题[打脸],1
2025/3/27 10:51,毛绒玩具,0
2025/3/27 10:52,有姐姐和弟弟护着[比心][比心],0
2025/3/27 10:52,刘队反应太慢了，关键时候真怕他顶不上去。,1
2025/3/27 10:53,扔的是这个也是丈母娘，不要让发了,1
2025/3/27 10:53,麻烦你再听听[九转大肠],0
2025/3/27 10:54,天呐，每一个细节我看了几十遍[捂脸],0
2025/3/27 10:55,看看他们的反应是多么爱护他们的老板[赞],0
2025/3/27 10:56,我见义把合照取消，也免得给寄生虫电商吸粉分流。,1
2025/3/27 10:59,鹏鹏潇潇棒棒哒[鼓掌][鼓掌][鼓掌][鼓掌][鼓掌][鼓掌],0
2025/3/27 10:59,手长脚长 性格纯粹而温良[玫瑰],0
2025/3/27 11:00,这是啥人啊，我去现场都不敢大声喊，怕影响直播[比心],0
2025/3/27 11:00,鹏鹏反应不是一般的快[赞],0
2025/3/27 11:01,鹏鹏[赞],0
2025/3/27 11:01,这包东西看着有点份量，这个扔东西的人已经涉嫌违法了！成年人不知道扔东西的危险吗？尤其是从别人的背后扔过来,1
2025/3/27 11:02,不管是不是礼物这种方式都不可取，以后黑子会效仿！爱是克制。可以将礼物转交工作人员而不是直接朝着宇辉后脑勺扔。,0
2025/3/27 11:02,看了让人泪目，这些伙伴毫不犹豫地保护宇辉，可能扔东西的人并没有恶意，可万一呢,0
2025/3/27 11:05,赞鹏鹏，潇潇[赞][玫瑰],0
2025/3/27 11:05,宇辉慢一点就要砸到了，不可以这子，都知道大家爱宇辉但不能这样啊,0
2025/3/27 11:06,鹏鹏反应好快,0
2025/3/27 11:06,怎么有这样爱的方式[捂脸],0
2025/3/27 11:06,鹏鹏反应超快[赞],0
2025/3/27 11:07,这样下去，说不定以后会减去拍照环节了，很多事情是双向奔赴的,0
2025/3/27 11:11,刘队反应慢了,1
2025/3/27 11:11,太恶毒了！,1
2025/3/27 11:14,不管是什么目的，好讨厌这种方式，再这样以后合影怕要取消了,1
2025/3/27 11:15,同行的小伙伴真的都很好，宇辉可以放心的把后背交给他们的人，他们也都时刻关注宇辉[赞]这个团队真的凝聚力太好了[赞],0
2025/3/27 11:16,是故意的吗？,1
2025/3/27 11:16,害人之心不可有，防人之心不可无[给力][给力],0
2025/3/27 11:18,直接让工作人员给不行吗，送礼物也不是这样送的。,0
2025/3/27 11:22,谢谢分享[感谢][感谢][感谢]都注意安全[感谢][感谢][感谢],0
2025/3/27 11:24,这种扔东西行为雅，不提倡[感谢],0
2025/3/27 11:24,安全第一,0
2025/3/27 11:27,@胡鹏鹏 [赞][赞][赞],0
2025/3/27 11:27,看到拍照前的一个视频，那人就拿着那包一直递过去给宇辉他们，可能是拍完照还没送出去，情急之下的一个动作，应该没有恶意，也是爱之切[捂脸][捂脸][捂脸],0
2025/3/27 11:28,真讨厌这种行为！,1
2025/3/27 11:28,天呐，户外潜在风险啊,0
2025/3/27 11:30,这谁这么没素质,1
2025/3/27 11:32,该说不说，这是砸，不是丢，角度从高空落下,0
2025/3/27 11:33,不管是什么，你仍就不对，砸到伤到怎么办？有点素质吧。,1
2025/3/27 11:38,得亏鹏鹏接住[赞][赞][赞][爱心][爱心][爱心],0
2025/3/27 11:40,以前在别人家屋檐下受伤是难免的，现在不会了支持你董老师棒棒哒给你自己挣了一片天[比心][比心][比心][比心],0
2025/3/27 11:40,潇潇也是第一反应护着宇辉[赞][赞][赞][赞],0
2025/3/27 11:45,抓住了吗？[捂脸],0
2025/3/27 11:46,希望现场的朋友们克制，不要给宇辉团队增加压力,0
2025/3/27 11:47,你这音乐配的,0
2025/3/27 11:48,刘队吓坏了[发怒],1
2025/3/27 11:52,粉丝心情可以理解，但不要这样做,0
2025/3/27 11:54,这几天在自己AＰＰ直播骑车。戴老师骑车摔跤脸着地。戴老师56年70岁骑山地车速度快。老年人反映慢。,0
2025/3/27 11:59,是一个粉丝给扔了一个礼物，你就夸大其词，你怎么不说都已经住院了[酷拽][酷拽][酷拽][看],1
2025/3/27 11:59,以后或许会取消下播拍照环节了吧,0
2025/3/27 11:59,其实这个礼物是可以先跟宇辉工作人员沟通一下，这样更好！肯定有些小黑子掐头去尾的乱搞了,0
2025/3/27 12:02,这样的方式真是不可取，太吓人了,0
2025/3/27 12:02,心情立刻理解，但是方法太粗暴不行,0
2025/3/27 12:05,爱也要克制，以后绝不能这样事再发生,0
2025/3/27 12:07,神精病,1
2025/3/27 12:08,鹏鹏[赞][赞][赞][赞][赞][赞][赞][赞][赞][赞][赞][赞][赞][赞][赞][赞][赞][赞][赞][赞][赞][赞][赞][赞][赞][赞][赞][赞][赞][赞][赞][赞][赞][赞][赞][赞][赞][赞][赞][赞][赞][赞][赞][赞][赞][赞][赞][赞][赞][赞][赞][赞][比心][比心][比心],0
2025/3/27 12:09,潇潇[比心][比心][比心][赞][赞][赞][赞][赞][赞][赞][赞][赞][赞][赞][赞][赞][赞][赞][赞][赞][赞][赞][赞][赞][赞][赞][赞][赞][赞][赞][赞][赞][赞][赞][赞][赞][赞][赞][赞][赞][赞][赞][赞][赞][赞][赞][赞][赞][赞][赞][赞][赞],0
2025/3/27 12:13,你们留给工作人员行吗？别扔呀,0
2025/3/27 12:14,没事粉丝给的生日礼物[比心][比心][比心][比心],0
2025/3/27 12:16,想起两个词，一是 都是为你好，二是  我不要你觉得，我只要我觉得。,0
2025/3/27 12:16,鹏鹏反应太快了[赞],0
2025/3/27 12:20,不要带节奏，我在现场，全程都有拍到，但是不想发出来博流量，这只是一个小小的插曲，宇辉生日，想给他送个礼物，看他起身要离开了，一着急就想扔出去给他……这个方法不妥，但是不代表扔东西的人想害宇辉，但凡有人这样，Ta应该没办法站着离开[哈欠],0
2025/3/27 12:21,鹏鹏好机灵,0
2025/3/27 12:24,这个行为很危险??有坏人会借着这样的机会使坏的！[发怒],1
2025/3/27 12:26,@董宇辉,0
2025/3/27 12:26,这种行为会让以后的安保更严格,0
2025/3/27 12:28,如果这物件是个利器，鹏鹏的手，得好一段时间看不见鹏鹏上播了[捂脸],1
2025/3/27 12:28,往事随风，都过去了。宇辉的未来灿烂光明！！只会一天比一天更好！！[呲牙][呲牙],0
2025/3/27 12:29,@董宇辉,0
2025/3/27 12:31,感觉他害怕了呢，想到山东外场泼水事件,1
2025/3/27 12:31,潇潇下意识的推开宇辉,0
2025/3/27 12:35,这是太喜欢宇辉了，,0
2025/3/27 12:35,人善人欺天不欺[感谢],0
2025/3/27 12:35,扔的还挺准[捂脸],0
2025/3/27 12:38,宇辉身边的人都知道护着宇辉[赞][赞][赞][赞][赞][赞][赞],0
2025/3/27 12:40,啥礼物也不能这样送啊，砸到了咋办[抠鼻]真是的，这种行为必须抵制,1
2025/3/27 12:42,吃的礼物还是别送吧[捂脸][捂脸][捂脸]真的有时候预防万一，防人之心不可无,0
2025/3/27 12:44,团队厉害??,0
2025/3/27 12:47,知道是啥东西吗，看着挺大的,1
2025/3/27 12:48,都是善良的人[赞][赞][赞]优秀团队,0
2025/3/27 12:50,若要人不知，除非己莫为，不是不报时候未到[抠鼻],1
2025/3/27 12:50,我喜欢潇潇姐姐的穿搭，一身衣服鞋子有链接吗？[比心],0
2025/3/27 12:51,不提倡这种方式送礼物[比心],0
2025/3/27 12:54,不是故意就好，大家也要冷静不要偏激。,0
2025/3/27 12:55,顺风而去，不要猜测，懂得他们的不易即可！,0
2025/3/27 12:57,这样送礼物也太不好了吧[捂脸],1
2025/3/27 12:57,与辉同行的小伙伴真的太暖心了,0
2025/3/27 13:00,妈呀 吓人[捂脸]这样宇辉更不敢合影了[捂脸],0
2025/3/27 13:00,什么掉下来了？,0
2025/3/27 13:01,就是太热情了还是……,0
2025/3/27 13:01,谁去拉他家的样品了？他们没有自己的仓库吗？,1
2025/3/27 13:03,爱也需要克制[比心][比心][比心],0
2025/3/27 13:04,给辉辉吓坏了[捂脸],0
2025/3/27 13:05,感觉潇潇就是本能反应姐姐护着弟弟 鹏鹏是弟弟护着哥哥的感觉[赞][赞][赞],0
2025/3/27 13:07,爱他请保护他！这孩子没有坏心眼，也不把别人往怀里想。,0
2025/3/27 13:07,看到此视频，想起有次外场，有人泼水，太不好了，爱要静静守护[感谢][感谢][感谢]。,0
2025/3/27 13:09,差点砸到辉，谁啊,1
2025/3/27 13:10,太暖心了，鹏鹏和潇潇[比心][比心][比心],0
2025/3/27 13:17,是礼物，不提倡，但也别太过分去说了,0
2025/3/27 13:23,坚决抵制私生饭粉[咒骂],1
2025/3/27 13:25,建议外场结束后，宇辉取消合影！宇辉的安全最重要！[感谢][感谢],0
2025/3/27 13:25,不管是什么这样丢都不应该，幸亏潇潇鹏鹏眼疾手快，不然就砸到宇辉了,0
2025/3/27 13:27,鹏鹏这一跳跃太帅了，在当时不知情的状况下，鹏鹏毫不犹豫的伸手拦截，本能的举动证实了一个人的人品。今后外场要特别注意，杜绝此类事情的发生，今天大家算是虚惊一场了。[赞][赞][赞],0
2025/3/27 13:30,报警处理,1
2025/3/27 13:33,这种反应一看就是真爱[赞][赞][赞],0
2025/3/27 13:36,都在好好守护宇辉 真好,0
2025/3/27 13:39,是谁投过来的，人群中应该能知道,0
2025/3/27 13:43,就喜欢这孩子的文笔，[赞][赞][赞][赞][赞],0
2025/3/27 13:44,看到真的很生气,1
2025/3/27 13:46,[感谢][感谢][感谢][感谢][感谢][感谢][感谢][感谢][感谢][感谢][感谢][感谢][感谢][感谢][感谢][感谢][感谢][感谢][感谢][感谢][感谢][感谢][感谢][感谢][感谢][感谢][感谢][感谢][感谢],0
2025/3/27 13:50,怎么又被打了？再怎么样打人也是不对的？,0
2025/3/27 13:53,@董宇辉 @与辉同行的潇潇 @Chloe @胡鹏鹏 以后外场合影一定要有人关注人群，太危险了！！！,0
2025/3/27 13:54,"为漂亮的潇潇点赞！乐享会上，尊重音乐人，把他拉到中间。看着向宇辉抛来的东西，第一时间伸出手护宇辉周全！
这是骨子里的善良，教养和担当！[赞][赞][赞][比心][比心][比心]",0
2025/3/27 13:59,不管是什么原因，这样只会把他越推越远。以后这样的情况再出现几次，估计就不会再和粉丝合影了。那些说是因为喜欢丢礼物，可以理解的，真搞笑。如果丢的是危险品，哪怕一次，什么后果？说可以理解的，你们能为受到伤害的人做什么？！,1
2025/3/27 14:07,真的危险，扔给助理也行呀……,1
2025/3/27 14:11,鹏鹏[赞],0
2025/3/27 14:12,鹏鹏和潇潇是真爱宇辉,0
2025/3/27 14:15,看鹏鹏的反应，因该是边喊边丟过来的，因该没坏心眼，只是方式不恰当点，不然不会守着这么一大晚上要走了才丟,0
2025/3/27 14:18,真是的，气不活了，方式方法谢谢,1
2025/3/27 14:18,昨天在直播间听到宇辉说，不要随便去拿外面的东西，不是你的，就不要。当时，有点纳闷：怎么突然说这话。看到博主的内容，明白了！（一直不喜欢??，没想到手段如此卑劣！）,1
2025/3/27 14:25,以后不合影了，去掉这个环节,0
2025/3/27 14:26,对，态度明确，任何时候都不能提倡这种行为,0
2025/3/27 14:26,好兄弟鹏鹏[比心],0
2025/3/27 14:31,那个公司竞干些见不得人的勾当，老天会收拾他们的,1
2025/3/27 14:31,今天的伙伴是遇见危机冲上前，当年的孙子跑的比猴都快。,1
2025/3/27 14:33,[赞][赞][赞],0
2025/3/27 14:35,鹏鹏[赞][赞][赞][赞][赞][赞],0
2025/3/27 14:37,@俞敏洪 @孙美丽,0
2025/3/27 14:41,感觉宇辉同行的伙伴都很宠他，保护他 不让他介绍那些贵的护肤品包包啥的[捂脸],0
2025/3/27 14:41,别猜了[捂脸]要不然又晒出国机票了。比如520,0
2025/3/27 14:46,鹏鹏一伸手我莫名的流泪 不知道为啥,0
2025/3/27 14:48,这家真是恶事做绝，欺负善良的人他们会有报应的,1
2025/3/27 14:48,不管是不是真的送礼物 宇辉身边必须有至少两个人贴身保护！,0
2025/3/27 14:55,太暖心了[比心],0
2025/3/27 15:03,没关糸是粉丝朋友的爱心[比心],0
2025/3/27 15:17,我想知道别人为什么能拉走？不会报警吗。,0
2025/3/27 15:31,鹏鹏风衣好帅,0
2025/3/27 15:42,鹏鹏真帅[比心][比心][赞][赞],0
2025/3/27 15:44,鹏鹏反应太快了[赞][赞][赞],0
2025/3/27 15:53,潇潇全程微笑，并让宇辉快走，真的是怎么做到情绪如此的稳定,0
2025/3/27 16:00,有很多种方法送礼物，选了一个伤害性最大的,1
2025/3/27 16:07,潇潇真是大姐大，任何时候都淡定从容。始终微笑着面对。还有悦享会上把主角让到中间的位置。这些娃的素养都是刻在骨子里的。,0
2025/3/27 16:08,向前走向前看，他随口一提的往事就不要去猜测了,0
2025/3/27 16:20,勿以恶小而为，多多注意自己，不要奢望别人的改变[感谢][感谢][感谢]加油,0
2025/3/27 16:22,有些人真讨厌,1
2025/3/27 16:36,除了老东家不要脸还有谁？,1
2025/3/27 16:42,直接报警抓人！坏到根了！,1
2025/3/27 16:47,看着鹏鹏伸手阻拦异物的那一瞬间，太感动了。不自觉的眼泪就下来。这真是一个阳光向上，幸福温暖的一个团队。[赞][赞][赞][赞][赞],0
2025/3/27 16:55,潇潇就像团队里的大姐姐[比心],0
2025/3/27 17:06,不提倡并且抵制这种抛送礼物的方式，我们要做守法的好公民[赞],0
2025/3/27 17:06,扔什么？,0
2025/3/27 17:09,她们俩第一反应就是保护他,0
2025/3/27 17:31,总有一天宇辉会揭露真相，包括吉林那次的真相，只是时间问题。,0
2025/3/27 17:42,今天又买通稿黑与辉同行卖的香油有问题，真的是小人之举啊,1
2025/3/27 17:44,不合影不行吗、】,0
2025/3/27 17:50,太感动了！！鹏鹏潇潇[赞][赞][赞][赞],0
2025/3/27 18:16,当以此为戒，加强各种防范，一定保护好咱们的宇辉！[感谢],0
2025/3/27 18:17,[赞][赞][赞][比心][比心][比心][比心],0
2025/3/27 18:27,小先生该亮剑了，不能一直容忍，退让，那样只会让条人更猖狂,1
2025/3/27 18:28,董宇辉差点被砸,0
2025/3/27 18:30,左膀右臂反应的快[赞][赞],0
2025/3/27 18:56,知道宇辉喜欢茶叶，给他送的，他估计能喜欢,0
2025/3/27 18:57,分丝也是好意，但是一定要注意安全，即便是礼物，砸到头的话也很严重的,0
2025/3/27 19:02,应该是生日礼物,0
2025/3/27 19:06,林子大了什么鸟都有，还是要防着点。,1
2025/3/27 19:21,鹏鹏[赞],0
2025/3/27 19:21,那天在直播间一听就知道咋回事了。他们之间的那些许情分都被那些自以为是的人一点点的自己消耗掉了。,0
2025/3/27 19:23,感觉他们都好爱护宇辉啊[感谢]肯定宇辉也同样爱他们[赞],0
2025/3/27 19:41,刘队要时刻护着宇辉！,0
2025/3/27 20:03,鹏鹏[赞],0
2025/3/27 20:12,送礼的方式不对，险些意外。[发呆][发呆],0
2025/3/27 20:13,有人现场听到先喊再扔吗？如果没有必然是故意伤人,1
2025/3/27 20:34,不是被砸 听谁说的,1
2025/3/27 20:40,防范于未然是必须的了[yes],0
2025/3/27 20:44,"多好的伙伴啊！
观众朋友们不用这么激动哈",0
2025/3/27 20:55,把那些不怀好意的人都得到应有的惩罚,1
2025/3/27 21:01,这样的人心里太阴暗,1
2025/3/27 21:01,还是要谨慎一些,0
2025/3/27 21:04,是粉丝送礼物??,0
2025/3/27 21:07,太危险了不要这么做,0
2025/3/27 21:15,给鹏鹏和潇潇自己宇辉这个年轻的团队点赞[赞],0
2025/3/27 21:18,怎么会有这样的人呢？,1
2025/3/27 21:18,很多人就见不得别人好。,1
2025/3/27 21:28,差一点就被砸到了。,0
2025/3/27 21:28,好了，暂时有惊无险。,0
2025/3/27 21:30,粉丝送礼物而已，小事！不要过度解读，下次大家会换更安全的方式的！,0
2025/3/27 21:32,鹏鹏和潇潇都不知道是什么东西有没有危险就伸手去拦，真是太让人感动了[赞][赞][赞][赞][爱心][爱心][爱心],0
2025/3/27 21:32,为啥要这样冷静冷静,0
2025/3/27 21:41,这反应[赞]，鹏鹏用手去挡，潇潇推开宇辉！这场面感人！,0
2025/3/27 21:41,朋友送的一个布偶玩具[偷笑][偷笑][偷笑]不要大惊小怪,0
2025/3/27 21:41,差一点就被砸到了,0
2025/3/27 21:42,还好鹏鹏眼疾手快,0
2025/3/27 21:49,读秒财经是这样报道新闻的？这么深层意思都被你挖到了？,0
2025/3/27 21:49,请正能量媒体不要搞事情，无事生非。,1
2025/3/27 21:52,董宇辉是真的差点被砸吗,0
2025/3/27 21:52,相亲相爱的团队[赞],0
2025/3/27 21:57,黑媒体怎么不报到俞敏洪让戴振业老师摔伤的事，董宇辉的朋友送礼而已！,1
2025/3/27 21:57,真是服了！昨天宇辉生日，喜欢的朋友送的礼物，媒体不能为了博眼球丢掉节操……这样的媒体让人无语至极……,1
2025/3/27 21:58,爱宇辉也要有分寸[尬笑]，这是起码的尊重[比心],0
2025/3/27 21:59,这些人真的是无法形容词,1
2025/3/27 22:09,什么人扔的呢？,0
2025/3/27 22:09,想要干什么呢？,0
2025/3/27 22:10,粉丝送的生日礼物，现场朋友太多只有扔过去了，媒体也不调查就瞎报道[捂脸],0
2025/3/27 22:11,差点把人砸到,1
2025/3/27 22:20,有些粉丝也真的是不要这样做了 ～～这不是一件好事 ～～～有些东西适可而止 ！！[感谢],0
2025/3/27 22:29,你个媒体报道些鸡毛蒜皮的事，脑子进水了吧？弄清楚事实再去说,1
2025/3/27 22:29,粉丝送的礼物而已，别乱报道了,0
2025/3/27 22:30,是有人故意的吧？,1
2025/3/27 22:31,为什么要砸他,1
2025/3/27 22:31,董宇辉差点被砸,0
2025/3/27 22:33,我今天看了一个视频，说是一个粉丝送宇辉一包茶叶，没机会送到手里，所以采用这个方式。,0
2025/3/27 22:39,真的不赞成用这种投掷方法。为潇潇鹏鹏护宇辉点赞！[鼓掌][鼓掌][鼓掌][鼓掌][鼓掌][鼓掌],0
2025/3/27 22:43,心疼孩子们辛苦了…，一定要注意安全，…[感谢][抱抱你],0
2025/3/27 22:48,支持董[赞][赞],0
2025/3/27 22:48,不是黑粉，不要胡乱传,0
2025/3/27 22:50,太危险了～不能原谅，真粉丝怎么能这样呢？幸好鹏鹏潇潇反应迅速[感谢][感谢][感谢],0
2025/3/27 22:52,不管是不是送东西，这样也太不尊重人了，最起码的基本礼貌都没有。越喜欢约应该尊重[比心][比心],1
2025/3/27 22:54,说的没毛病[赞][赞][赞][赞][赞],0
2025/3/27 22:56,正确[赞][赞][赞],0
2025/3/27 23:02,这个做法真的太不好了，非常危险，希望追现场的朋友们，更自觉一些，杜绝这种情况,0
2025/3/27 23:03,鹏鹏是真的拿宇辉当哥哥[赞],0
2025/3/27 23:06,[赞][赞][赞],0
2025/3/27 23:06,看来要找些保镖,1
2025/3/27 23:09,与辉同行到云南的时候出现了状况。,0
2025/3/27 23:16,此举太不文明，应该批评！！,1
2025/3/27 23:17,只是热心朋友想送礼物给他，方式有些不妥，没有恶意，当然不提倡这种行为,0
2025/3/27 23:20,额！这种媒体是硬黑啊[打脸][炸弹],1
2025/3/27 23:23,一个生日玩具没事的,0
2025/3/27 23:23,云南之行让雨辉印象深刻。,0
2025/3/27 23:24,一个人想送宇辉茶叶，一直找不到合适的机会送，最后看他要走了着急就扔过去了，方式虽欠妥，但也是满满的爱呀,0
2025/3/27 23:25,说的对把扔东西的人抓住，教训教训[灵机一动],1
2025/3/27 23:25,对对，要理性爱辉，不能造成困扰，更不能造成伤害，会不会是黑子们要制造事端[发怒][发怒],1
2025/3/27 23:26,哪里有人送礼物用扔的方式，正常的人都不会。,1
2025/3/27 23:32,砸屁股吧[呲牙],1
2025/3/27 23:33,无论什么原因，都应该批判。太差劲了。,1
2025/3/27 23:34,没啥，不要夸大。大家热爱宇辉的表达方式。以后会注意,0
2025/3/27 23:35,支持主播发声[赞][赞],0
2025/3/27 23:35,应该报警,1
2025/3/27 23:42,有些爱宇辉的人可能没有恶意，但会给某些坏人钻空子,0
2025/3/27 23:50,谁啊，查出来，什么目的？,1
2025/3/27 23:56,要理性的爱，爱是克制,0
2025/3/28 0:00,对，非常恶劣,1
2025/3/28 0:01,支持[赞]，要查明,0
2025/3/28 0:05,这是故意捣乱,1
2025/3/28 0:13,不要过度解读,0
2025/3/28 0:19,这个人必须处理,1
2025/3/28 0:23,必须严厉批评这种行为！无论什么目的,1
2025/3/28 0:27,恶心媒体，粉丝礼物。,1
2025/3/28 0:27,垃圾媒体！！！,1
2025/3/28 0:31,真要送礼物可以交给助理啊，这次云南行现场又不是很多人！完全可以私下交给助理,0
2025/3/28 0:31,严查严惩,1
2025/3/28 0:33,[赞][赞][赞],0
2025/3/28 0:39,耍猴呢？,1
2025/3/28 0:40,杜绝！！！,1
2025/3/28 0:44,支持你观点[赞][赞][赞][赞],0
2025/3/28 0:49,支持主播[赞],0
2025/3/28 0:52,外场安保是非常必要的,0
2025/3/28 0:53,所以外场必须离远点，黑子故意冒充粉丝来做坏事就麻烦了,1
2025/3/28 0:53,查到谁了吗,0
2025/3/28 0:59,辣鸡媒体真特么妥妥的闲蛋超人，无脑跟风黑[灵机一动],1
2025/3/28 0:59,死公司断章取义[打脸][打脸][打脸][炸弹][炸弹],1
2025/3/28 1:03,已经说清楚的，不要说了，,0
2025/3/28 1:03,还有人说张颂文变了，架子大了，真是无脑才这么说谁知道你扔的啥呀，那个女的也没礼貌，随便就往人家车上扔东西,1
2025/3/28 1:08,垃圾媒体，一点点小事被无限放大,1
2025/3/28 1:25,都是什么人这么无聊啊？,1
2025/3/28 1:30,这破媒体，直接拉黑,1
2025/3/28 1:34,支持主播[赞][赞][赞],0
2025/3/28 1:34,阿臻说了是毛绒玩具，粉丝急着给宇辉才扔的，方法不对，但不要扩大化！,0
2025/3/28 1:46,可恶[捂脸]想打人,1
2025/3/28 1:54,永远爱董宇辉[捂脸][捂脸][捂脸],0
2025/3/28 2:04,你的视频已经被黑媒体拿去当素材破坏宇辉同行形象,1
2025/3/28 2:09,真是的抛那么高即便很轻的东西也可能伤人，再爱也不能这样,0
2025/3/28 2:10,最起码的说不尊重人！,1
2025/3/28 2:36,咋啦这是,0
2025/3/28 2:38,[赞],0
2025/3/28 3:16,追究,1
2025/3/28 3:19,毛绒玩具,0
2025/3/28 4:04,阿臻老师说了，是有人想送礼物，有点着急了,0
2025/3/28 4:22,这是粉丝的礼物不要带节奏,0
2025/3/28 4:36,大家放心，不是捣乱的，看物件丢过来的朝向就知道了。如果是袭击就是笔直或者略微朝下，但是这个是上方落下。,0
2025/3/28 4:57,很严重,0
2025/3/28 5:40,这个是有意为之。应该严查。,1
2025/3/28 5:49,这种行为不值得原谅！,1
2025/3/28 6:12,往人头上扔东西的人不是坏就是蠢，应该批判,1
2025/3/28 6:16,不论是礼物怎样不应扔，如果不制止下回都扔不好。,0
2025/3/28 6:26,爱要有度,0
2025/3/28 6:34,说得对啊[鼓掌][鼓掌][鼓掌],0
2025/3/28 6:38,潇潇作为女孩反应极快速了[玫瑰][玫瑰][玫瑰],0
2025/3/28 6:42,[赞][赞][赞],0
2025/3/28 6:50,主播说的对[赞][赞][赞][赞][赞],0
2025/3/28 7:00,同意，这个人不是没脑子就是坏人[发怒]说没脑子是最客气的表达了[发怒],1
2025/3/28 7:12,赞同主播的观点，如果是粉丝做事要理性,0
2025/3/28 7:16,与辉同行最大竞争对手派来的,1
2025/3/28 7:17,宇辉是靠人品走到今天，哪些小人越这么破坏，越暴露他们那种小人嘴脸,1
2025/3/28 7:18,支持,0
2025/3/28 7:31,林子大了什么鸟都有,1
2025/3/28 7:33,你这是故意误导，激化矛盾，现场根本不是你说的这样,1
2025/3/28 7:36,他放个P你都觉得是香的吗，这种行为就是很没素质很没家教的行为。应该属于故意伤害罪。,1
2025/3/28 7:36,谁这么可恶啊？太坏了！,1
2025/3/28 7:49,宇辉4天的云南行不光带大家看风光尝美食，还从文化的视角看云南，理解这个民族，昨天最后20分钟的高能总结，太牛了这就是宇辉的阅山河真正的意义这么多美好的，请多正面报道,0
2025/3/28 7:50,粉丝送礼物[比心][比心][比心],0
2025/3/28 8:04,保护我方董宇辉,0
2025/3/28 8:05,因为这个人。以后合照环节要取消了。,1
2025/3/28 8:10,[赞][赞],0
2025/3/28 8:16,绝对不允许的！[赞]支持主播,0
2025/3/28 8:30,扔东西的人心里到底是有多阴暗啊！真是阴鸷又歹毒。,1
2025/3/28 8:31,报警,1
2025/3/28 8:34,张颂文老师最近也是因为把所谓的粉丝扔进车里的不知名包裹扔出来被网暴，到底是谁在支持这样的行为?,1
2025/3/28 8:35,[赞][赞][赞][赞][赞][赞],0
2025/3/28 8:41,不管扔东西人是善意还是恶意都不是不对的,1
2025/3/28 8:48,这个人应该逮住，好好让它坐进去,1
2025/3/28 8:49,[赞][赞][赞][赞][赞][赞][赞][鼓掌],0
2025/3/28 8:57,是的，这样会给坏人机会,0
2025/3/28 8:59,老师的总结太到位了[赞][赞][赞][赞][赞][赞][赞][赞],0
2025/3/28 9:01,就是粉丝想送礼物，没必要夸大,0
2025/3/28 9:07,[赞][赞][赞],0
2025/3/28 9:22,德不配位,1
2025/3/28 9:22,点赞点赞！爱也要有度！,0
2025/3/28 9:27,这样送礼物，你这种人是不能原谅的,1
2025/3/28 9:33,是茶叶，有人想送,0
2025/3/28 9:35,这不是跟张颂文一样吗？你谁啊？过来就扔一包东西？我还得欣然接受？？？我不直接巻人就不错了,1
2025/3/28 9:38,这应该不是赠送礼物了吧，万一砸到头…,0
2025/3/28 9:39,为什么要砸他？……#曝董宇辉下播后险被砸#,1
2025/3/28 9:40,是很讨厌也不用这样吧,1
2025/3/28 9:41,有粉丝送他茶叶，他没看到而已，渣浪推热搜真是没底线。,1
2025/3/28 9:41,27条的热搜 ？咱们960万平方公里上都没啥其他的大事儿了么？,0
2025/3/28 9:42,要爱的理智有分寸，要尊重宇辉，重点保证他的安全！,0
2025/3/28 9:44,根本就是个误会，这也买热搜？黑手不停歇啊,1
2025/3/28 9:45,周围不都是丈母娘吗,1
2025/3/28 9:45,想砸多扔点,1
2025/3/28 9:45,虽然大家都知道董宇辉很??很讨厌，但是扔这么大的东西砸人家的行为总是不好的，希望砸人者认真反思，如果扔个小点的玩意儿可能就不会被挡下来了,1
2025/3/28 9:45,地方文旅要报警，这种行为太可怕,1
2025/3/28 9:45,根本就是个误会，这也买热搜？幕后黑手疯了。媒体不顾事实传播谣言，无耻,1
2025/3/28 9:46,[赞][赞][赞],0
2025/3/28 9:48,报警,1
2025/3/28 9:48,网红有一个算一个，最后有好东西吗？不都是利益嘛,1
2025/3/28 9:49,这是什么傻鸟标题，什么不提倡？这是犯罪啊,1
2025/3/28 9:49,现在戾气太重，真的不敢张杨……,0
2025/3/28 9:49,说个不太恰当的比喻，就像真爱如果得不到，就请远远的保护他，默默的祝他幸福就好！！,0
2025/3/28 9:50,流量不好了，又开始搞流量了,1
2025/3/28 9:50,可以扔鞋子啊,1
2025/3/28 9:51,张颂文也是这么被砸的吧,1
2025/3/28 9:51,作秀做多了惹人厌,1
2025/3/28 9:51,上午好,0
2025/3/28 9:52,新浪微博是真没什么真人看了吗？几十个评论的都能上热搜。讲的的还没头没尾，自甘堕落，自娱自乐，一片凋零。,1
2025/3/28 9:52,是个误会啦，别上纲上线,0
2025/3/28 9:52,2,0
2025/3/28 9:53,这种破事上热搜，比戏子还低一等的丑角,1
2025/3/28 9:53,宇辉同行云南行销量2.4亿，鲜花饼、米线卖断货，好多都是预售了，厂家接下来要忙到飞起。牛！！,0
2025/3/28 9:53,跟前两天张颂文一个样,0
2025/3/28 9:54,是臭鸡蛋吗？,1
2025/3/28 9:54,能砸到就好了,1
2025/3/28 9:54,现在的人怎么都这个样子？,1
2025/3/28 9:55,是观众想送礼物，是个毛茸茸的玩偶，着急想送，这标题,0
2025/3/28 9:55,到底是扔礼物还是砸人？,1
2025/3/28 9:56,上午好，保持好心情,0
2025/3/28 9:56,董圣人，千古第一圣，堪比秦皇汉武,0
2025/3/28 9:56,为什么打他啊？！,1
2025/3/28 9:56,扔臭鸡蛋啊,1
2025/3/28 9:57,哈哈丈母娘给他扔礼物吧,0
2025/3/28 9:57,这踏马也能上热搜,1
2025/3/28 9:57,不管喜不喜欢他，砸人家是不对的…,0
2025/3/28 9:58,虽然不不喜欢他，但是咱人也不对吧,1
2025/3/28 9:58,又刷存在感,1
2025/3/28 9:58,这个要报警,1
2025/3/28 9:58,董宇辉，从看到他节目那一次，就很讨厌他 真绿,1
2025/3/28 9:59,想知道砸人的人是什么心理？,1
2025/3/28 10:01,确实是这样太真实了,0
2025/3/28 10:01,注意安全,0
2025/3/28 10:01,董宇辉带货能力出众，意外事件仍值得尊重。,0
2025/3/28 10:01,赠人玫瑰，手有余香，董老师带货实力不容小觑。,0
2025/3/28 10:01,真的是特别的优秀。,0
2025/3/28 10:01,确实特别的有能力,0
2025/3/28 10:01,是结仇了吧,1
2025/3/28 10:01,不喜欢别支持别去看就好啦，戾气这么重干嘛,1
2025/3/28 10:01,千万注意安全,0
2025/3/28 10:01,带货成绩太牛了,0
2025/3/28 10:01,一定要注意安全。,0
2025/3/28 10:01,真的太牛了呀,0
2025/3/28 10:01,是观众想送礼物，是个毛茸茸的玩偶，着急想送,0
2025/3/28 10:01,确实非常厉害,0
2025/3/28 10:01,扔礼物一定注意安全啊,0
2025/3/28 10:01,董宇辉这两年是招谁惹谁了吗,1
2025/3/28 10:02,董先生阴差阳错地变成了一个富人，但是也成为一个令人厌烦的人！扔东西当然不对，但能被扔东西，说明有人烦他烦的不行！,1
2025/3/28 10:02,真是厉害了,0
2025/3/28 10:02,非常优秀啊,0
2025/3/28 10:02,很棒的主播,0
2025/3/28 10:02,这个数据也是相当牛了,0
2025/3/28 10:02,没有必要故意砸人吧,1
2025/3/28 10:03,为什么现在的粉丝都这个样？,1
2025/3/28 10:03,东方财经也是日渐没落，没得说可以闭嘴。,1
2025/3/28 10:03,什么情况啊？,0
2025/3/28 10:03,很有实力，太牛了吧,0
2025/3/28 10:04,真的是非常的有实力,0
2025/3/28 10:04,直接报警,1
2025/3/28 10:04,臭鸡蛋+1,1
2025/3/28 10:04,这个成绩真的太棒了,0
2025/3/28 10:05,很厉害的成绩呢,0
2025/3/28 10:05,投喂这是,0
2025/3/28 10:05,董宇辉的带货成绩可圈可点哦,0
2025/3/28 10:05,是想送礼物，选择了这种方式，确实不合适。,0
2025/3/28 10:05,董宇辉的这个带货成绩真的是牛掰了,0
2025/3/28 10:06,啊啊啊,0
2025/3/28 10:06,是啊,0
2025/3/28 10:06,不愧是董宇辉,0
2025/3/28 10:06,不是，这一看就很轻的东西，说啥受伤就离谱了吧，扔东西确实不对，但你这么说我还以为扔的砖头呢,1
2025/3/28 10:06,对,0
2025/3/28 10:06,对啊太危险了,0
2025/3/28 10:06,现在社会上的人是怎么了，戾气太重??????。,1
2025/3/28 10:06,是的,0
2025/3/28 10:07,看了一下周边的防护措施，安保确实存在很大的问题。无论是送礼还是什么原因都不该以这样的方式去表达，这一次没砸中还好，如果砸中了事情就不是这个样子了,0
2025/3/28 10:07,就是啊，太坏了,1
2025/3/28 10:07,就是啊就是啊,0
2025/3/28 10:07,哈哈，董宇辉下播后的“礼物雨”，真是让人捧腹大笑！不过带货成绩这么牛，可见粉丝们的热情有多高涨！,0
2025/3/28 10:07,对呀,0
2025/3/28 10:07,别带节奏了,1
2025/3/28 10:07,这种属于故意伤害罪,0
2025/3/28 10:08,？？？,0
2025/3/28 10:08,还装B吗，活该,1
2025/3/28 10:09,这次云南行有黑粉追外场,1
2025/3/28 10:11,3月26日， 俞某人为了流量，拉着七十岁的戴建业老师骑山地自行车直播，戴建业老师脸朝地从车上摔下，脸等部位受伤，居然为了不耽误俞敏洪的访谈，继续直播，带血的流量！,1
2025/3/28 10:11,宇辉4天的云南行完美收官！他不光带大家看风光尝美食，还从文化的视角看云南，理解这个民族，与辉同行阅山河是越办越好，越办越精彩，贴近生活，风景秀美，与辉同行的热情似火带动了五湖四海的人们，这就是宇辉的阅山河真正的意义黑宇辉有钱拿然后再宇辉同行消费一边是工作一边是生活,0
2025/3/28 10:11,实力还是有的,0
2025/3/28 10:11,3月26日， 俞某人为了流量，拉着七十岁的戴建业老师骑山地自行车直播，戴建业老师脸朝地从车上摔下，脸等部位受伤，居然为了不耽误俞敏洪的访谈，继续直播，带血的流量！@东方财经,1
2025/3/28 10:11,就是,0
2025/3/28 10:12,对啊,0
2025/3/28 10:12,非常的棒棒的呀，实力说话！????,0
2025/3/28 10:12,砸的真好，再往后脑勺砸点就好了,1
2025/3/28 10:13,？？,0
2025/3/28 10:13,他怎么了，很讨厌吗,1
2025/3/28 10:13,讨厌他的人，都是嫉妒他可以从普通人家孩子通过流量爬上去吧,1
2025/3/28 10:14,安全最重要,0
2025/3/28 10:14,谁家这样送礼物，扯淡，保护宇辉,1
2025/3/28 10:15,队友反应很快,0
2025/3/28 10:15,是啊,0
2025/3/28 10:15,好危险,0
2025/3/28 10:16,3月26日， 俞某人为了流量，拉着七十岁的戴建业老师骑山地自行车直播，戴建业老师脸朝地从车上摔下，脸等部位受伤，居然为了不耽误俞敏洪的访谈，继续直播，带血的流量！@东方财经,1
2025/3/28 10:16,蝇营狗苟的事情影响不到宇辉，恶人自有老天收！,0
2025/3/28 10:17,湖北宇哥,0
2025/3/28 10:17,周五愉快,0
2025/3/28 10:17,谢谢分享！！,0
2025/3/28 10:17,我,0
2025/3/28 10:17,为什么要对一个垃圾主播恶意这么大,1
2025/3/28 10:17,谁扔的？把他曝光出来,1
2025/3/28 10:17,渣浪的热搜上的真是没有一点底线了，与东方渣选一路货色！,1
2025/3/28 10:17,带血的流量。为了流量，3月26日，俞某人让七十岁的老人骑车直播，竟然为了不误他的访谈继续直播。不应该在医院观察一段时间吗？老人七十了啊，是生命啊！,1
2025/3/28 10:18,笑死,0
2025/3/28 10:19,买了315虾仁报复？？,1
2025/3/28 10:19,砸的是啥东西？为什么要砸？,0
2025/3/28 10:19,报警,1
2025/3/28 10:19,这是怎么回事儿呢？,0
2025/3/28 10:19,真是很无语了,0
2025/3/28 10:19,这是因为什么,0
2025/3/28 10:19,为啥要砸 肯定是有原因的,0
2025/3/28 10:19,送礼物还是砸人啊,1
2025/3/28 10:20,不得不说小编是会取标题的，再次证明张雪峰老师的含金量,0
2025/3/28 10:20,是想送礼物给他吧,0
2025/3/28 10:20,缺啥就显摆啥呗,1
2025/3/28 10:20,文明追星，千万不要太过激,0
2025/3/28 10:21,不会是送的礼物吧,0
2025/3/28 10:21,他还没社死？,1
2025/3/28 10:21,前2天黑粉把不明东西丢到张颂文车里，被骂扔粉丝东西，要是丢个炸弹进去呢,1
2025/3/28 10:21,没新闻可以不发,0
2025/3/28 10:21,有人说是想送礼物也不知道是不是真的,0
2025/3/28 10:21,这有点玩大了,0
2025/3/28 10:22,先不说董宇辉怎么样吧，不管怎样，这样做都是不稳妥的，不管是对别人还是对自己，需要什么通过合理的途径解决,0
2025/3/28 10:22,太吓人了,0
2025/3/28 10:22,就是说啊,0
2025/3/28 10:22,不管喜不喜欢他，砸人家是不对的,0
2025/3/28 10:22,观众想送毛绒玩具吧,0
2025/3/28 10:23,他已经变了,0
2025/3/28 10:23,有多少人没买过他们的东西 ??,0
2025/3/28 10:23,身手不错,0
2025/3/28 10:23,上午好呀,0
2025/3/28 10:23,从来不在他们这买东西 售后不行 我还是选择京东,0
2025/3/28 10:23,什么人看这玩意儿,1
2025/3/28 10:23,鹏鹏反应很快,0
2025/3/28 10:24,你说你砸也别明目张胆的不是，你不会偷偷的嘛，看准了之后在那个啥，,1
2025/3/28 10:24,李嘉琪哪买过,1
2025/3/28 10:24,有人说送的礼物，是茶叶,0
2025/3/28 10:24,要理智追星啊！,0
2025/3/28 10:24,没买过 主要假货太多了 还是选择实体店,0
2025/3/28 10:24,乱扔的啥。红薯吗,0
2025/3/28 10:24,估计是送的礼物？粉丝给他的东西吧？,0
2025/3/28 10:24,薇娅的买过口红,0
2025/3/28 10:25,这个是粉丝送的礼物还是？,0
2025/3/28 10:25,应该扔臭鸡蛋，一个直播带货的天天装圣人,1
2025/3/28 10:25,薇娅那买过火箭算么,0
2025/3/28 10:25,我也想知道为啥砸,0
2025/3/28 10:25,这应该不是赠送礼物了吧，差点把人砸到！,1
2025/3/28 10:25,但马云不是读书人凭什么点评，钱多吗？,1
2025/3/28 10:26,是我,0
2025/3/28 10:26,自从他们各个纷纷出事后根本不在网上买了,1
2025/3/28 10:26,突然发现了 原来他和无量仙翁长得很像,0
2025/3/28 10:26,谁这么恨董宇辉啊，还得专门买个热搜误导大家认为董宇辉招人恨才扔他，这明明就是粉丝送礼物给他啊,0
2025/3/28 10:27,我没买过 假货太多,0
2025/3/28 10:27,哪怕讨厌也不能这样啊,0
2025/3/28 10:28,我,0
2025/3/28 10:28,这样好危险的,0
2025/3/28 10:28,云南阅山河介绍了那么多文化，不上热搜，这也能上热搜，无节操的媒体。,1
2025/3/28 10:29,这不报警么？这种垃圾留着干吗,1
2025/3/28 10:29,现在人的戾气也是真的重啊！！！,1
2025/3/28 10:29,云南这地方真的。。。,1
2025/3/28 10:29,是我,0
2025/3/28 10:30,谁让他天天装圣人在卖保水剂的虾，发泄一下,1
2025/3/28 10:30,跟张颂文扔信事件不一样吗？,0
2025/3/28 10:30,我从来没买过,0
2025/3/28 10:30,一更新我就来了,0
2025/3/28 10:31,粉丝送的毛绒玩具,0
2025/3/28 10:31,从来不买网红的东西,0
2025/3/28 10:31,是不是卖假货了,1
2025/3/28 10:31,此次事件虽未造成实际伤害，但暴露了非理性追星行为的隐患，同时也展现了团队协作的重要性。未来需在保障公众人物安全与引导观众行为之间找到平衡，确保追星文化的积极发展。,0
2025/3/28 10:31,一群草台班子,1
2025/3/28 10:31,写的真不错！,0
2025/3/28 10:32,是我,0
2025/3/28 10:32,啥叫不应该提倡这种行为？,1
2025/3/28 10:32,早上好呀,0
2025/3/28 10:32,现在董也不怎么火了，与去年相比简直天壤之别,0
2025/3/28 10:32,我天这个是故意伤害吧,1
2025/3/28 10:33,虽然行为不提倡，但是肯定不是恶意，大家不要过度解读。下不为例,0
2025/3/28 10:33,咋这样,0
2025/3/28 10:33,都是垃圾 该扔,1
2025/3/28 10:33,看着好吓人,0
2025/3/28 10:34,扔的什么啊,0
2025/3/28 10:34,这是啥情况哈,0
2025/3/28 10:35,饭圈疯了吧,1
2025/3/28 10:35,他是用什么东西扔的？不管怎样都不能砸人呀…,0
2025/3/28 10:35,说送礼物的人，不是坏就是缺德，应报警，严惩不贷惩法这些坏人,1
2025/3/28 10:35,那他没这料，新东方教育为什么请他做老师，难道新东方一直请三流老师教学，欺骗消费者？,1
2025/3/28 10:35,人设快坍塌了，就一小丑而已！,1
2025/3/28 10:35,宇辉云南行，人气，业绩爆表，宣传了云南的人文山水，为与辉同行点赞，特别提示:31号龙井茶专场,0
2025/3/28 10:35,总会有那些情绪不正常的人，真可怕。,1
2025/3/28 10:36,这样都算被砸的话，羽生结弦每次表演完都被铺天盖地地“砸”,0
2025/3/28 10:36,感谢分享,0
2025/3/28 10:36,人家是送礼物，他生日那天，好的不宣传，尽干些无聊的热搜,1
2025/3/28 10:37,不了解他的,0
2025/3/28 10:38,看看扔的啥,0
2025/3/28 10:38,送啥礼物可以用这种方式？送黄金也不行,1
2025/3/28 10:38,上午好呀,0
2025/3/28 10:38,谢谢分享，内容很精彩！,0
2025/3/28 10:38,都没有买过,0
2025/3/28 10:39,真的是很危险了,0
2025/3/28 10:40,如果是板砖就好了，那必须得上新闻,1
2025/3/28 10:40,这是丢的什么东西啊，还好被身边人挡住了,1
2025/3/28 10:40,我一个都没买过,0
2025/3/28 10:41,就发的那些暴论，就爆出来他是不读书的，肯定就是助手搜点段子，他背背！腹有诗书气自华，不需要镜头前不断强调自己爱读书！以前最爱标榜自己知识分子的是矮大紧！,1
2025/3/28 10:41,虽然大家都知道董宇辉很??很讨厌，但是扔这么大的东西砸人家的行为总是不好的，希望砸人者认真反思，如果扔个小点的玩意儿可能就不会被挡下来了[衰][衰][衰],1
2025/3/28 10:42,善行缘于善心，有着善的心灵，就如同一股清泉，永不枯竭，清纯甘甜，发自内心的善，才会有善行善举，唯善之心处处欢声笑语，处处和气生财,0
2025/3/28 10:42,这是啥情况，为什么向他扔东西,1
2025/3/28 10:42,地方文旅要报警，这种行为太可怕[衰],1
2025/3/28 10:42,不提倡，有意见也不要这样。,0
2025/3/28 10:42,因为是忘恩负义白眼狼,1
2025/3/28 10:43,人家不觉得是你觉得,0
2025/3/28 10:43,林子大了什么鸟都有，这种人只会越过越差，心理也会越来越扭曲,1
2025/3/28 10:43,大家的恶意好大。这样行为太过分了,1
2025/3/28 10:44,没买过,0
2025/3/28 10:44,确实是有点过分了,0
2025/3/28 10:44,就是就是,0
2025/3/28 10:44,对呀,0
2025/3/28 10:44,断网啦，他咋了有课代表吗？,0
2025/3/28 10:44,与我无关的事  就别推给我了,0
2025/3/28 10:45,他怎么讨厌了,1
2025/3/28 10:45,自导自演，总是摆出一副被人欺负的模样,1
2025/3/28 10:45,所以说前几天张颂文扔东西是有理由的 这么沉,0
2025/3/28 10:45,起码护着他的人，是跟着他从零开始且到现在依然护着他的人。你怎么对待身边人，身边人会怎么对待你。,0
2025/3/28 10:45,上午好啊,0
2025/3/28 10:45,我还以为扔的砖头呢，现在的人这么娇贵啊,1
2025/3/28 10:46,好像突然就不待见了,0
2025/3/28 10:46,应该送这样的人去公安审问,1
2025/3/28 10:46,德不配位,1
2025/3/28 10:46,谢谢分享,0
2025/3/28 10:46,这个热搜买得最近频频产品出问题，好一个视线转移,1
2025/3/28 10:46,回复@一杯小麦汁的酒量: 私信关了没,1
2025/3/28 10:46,羽扇轮巾,0
2025/3/28 10:46,扔个毛绒小玩偶都能写个小作文,1
2025/3/28 10:46,好危险呀,0
2025/3/28 10:47,用对方法,0
2025/3/28 10:47,就是就是,0
2025/3/28 10:47,好激进的评论，微博让人消极，难怪越来越多的人弃微博,1
2025/3/28 10:47,没看过他直播,0
2025/3/28 10:47,有原因,0
2025/3/28 10:48,没有可发布的内容，可以发布一下天气预报，也是有意义的！,0
2025/3/28 10:49,支持董宇辉！优秀且努力的人！有什么理由扔东西砸人！,0
2025/3/28 10:49,滴滴,0
2025/3/28 10:49,这个董宇辉就是个小人，活该被砸,1
2025/3/28 10:50,这热搜买的太明显了,1
2025/3/28 10:50,为什么不开枪,1
2025/3/28 10:50,被真实了。,0
2025/3/28 10:52,转发微博,0
2025/3/28 10:52,为什么,0
2025/3/28 10:52,真的太离谱了，什么人都有,1
2025/3/28 10:52,看着有点儿像粉丝扔礼物。,0
2025/3/28 10:52,解民愤,1
2025/3/28 10:52,让人担心，糖果给他创伤，值得关注和反思,0
2025/3/28 10:52,太过作秀容易遭人厌，送礼物是否属实存疑,1
2025/3/28 10:52,作秀太招摇，挨扔也无怨恨看心情送礼，难解开辨别,1
2025/3/28 10:52,觉得太做作容易招人反感，支持送礼物说,1
2025/3/28 10:52,其实很多人不明白「见好就收」，适时转型的重要性！,0
2025/3/28 10:52,这是发生了啥，我错过了什么,0
2025/3/28 10:52,扔东西太过分，喜欢讨厌也别动手,0
2025/3/28 10:53,这个很过分了，故意的吧,1
2025/3/28 10:53,这是害人啊,1
2025/3/28 10:53,讨厌可以，但砸人真的不应该啊,0
2025/3/28 10:53,天呐，这简直也太离谱了吧,0
2025/3/28 10:53,我们不是人民币，不能够被所有人喜欢,0
2025/3/28 10:53,还是要多多主意这种极端的人,0
2025/3/28 10:53,这小姐姐的手真快。,0
2025/3/28 10:53,再不喜欢，也不能砸东西伤人呀,0
2025/3/28 10:53,砸人家干嘛,1
2025/3/28 10:53,这是很重要的事情吗？直播强国,0
2025/3/28 10:53,不能报警吗？这是故意伤害了！这种人怕是有抱负社会的倾向,1
2025/3/28 10:53,我居然不知道这发生了什么,0
2025/3/28 10:53,愽文不错,0
2025/3/28 10:54,互联网嘴炮可以，线下砸人可不行,0
2025/3/28 10:54,得小心点,0
2025/3/28 10:54,讨厌也不至于砸别人啊,1
2025/3/28 10:54,不喜欢别支持别去看就好啦，戾气这么重干嘛,1
2025/3/28 10:54,这就多多少少的有点离谱了,0
2025/3/28 10:54,该，咋不砸死它,1
2025/3/28 10:54,有没有后续啊，为什么呢,0
2025/3/28 10:54,讨厌董宇辉也别砸啊，太恶劣了,1
2025/3/28 10:54,说不定是大家的比较热情呢,0
2025/3/28 10:54,不提倡，有意见也不要这样。,0
2025/3/28 10:54,根本就做不到人人都喜欢了,0
2025/3/28 10:55,粉丝,0
2025/3/28 10:55,为啥要这样大家都冷静冷静,0
2025/3/28 10:55,不管喜不喜欢他，砸人家是不对的…,0
2025/3/28 10:55,不喜欢可以不去看呀，这都什么思想,1
2025/3/28 10:55,朝人家砸东西这就有点离谱了,1
2025/3/28 10:55,这么多人被董的才华和口才所圈粉，看来能力相当了得，建议粉丝们提议让他去参加中美谈判呗，懂英语口才又好，相信特朗普一定会被董的口才及魅力所折服，让美国屈尊于华夏民族之下。,1
2025/3/28 10:55,又想造势了嘛,1
2025/3/28 10:55,拥有暖瓶最多的茶馆,0
2025/3/28 10:56,没有淘宝买不了沃柑,0
2025/3/28 10:56,粉丝也太热情了吧，还好没有砸到人。,0
2025/3/28 10:56,@CoqueTish鼎,0
2025/3/28 10:56,有人讨厌他的吧,1
2025/3/28 10:56,有些人，还是太容易意气用事了,0
2025/3/28 10:56,不管有没恶意，这个行为都是不对的。,0
2025/3/28 10:56,手真的很快,0
2025/3/28 10:58,哎呀，还好不是臭鸡蛋，粉丝能不能守点规矩，干嘛做这种缺德的事情,1
2025/3/28 10:58,左边视频，董老师对添加剂的解释我完全赞同,0
2025/3/28 10:58,热情粉丝送的礼物？,0
2025/3/28 10:58,真的好神奇的一件事,0
2025/3/28 10:58,那也不能奔着后脑勺去啊,0
2025/3/28 10:58,赶紧报警啊,0
2025/3/28 10:59,我觉得像是一个快递似的东西,0
2025/3/28 10:59,语境不同了，马云那个时代直播还是新玩意，技术也不咋支持。,0
2025/3/28 10:59,@NoisyTribe 天天作秀惹人厌了,1
2025/3/28 10:59,转发微博,0
2025/3/28 10:59,什么叫不应该，本来这行为就是不行的，无下限的媒体,1
2025/3/28 11:00,我天哪好吓人啊,0
2025/3/28 11:00,咋啦？直播事故啊？,1
2025/3/28 11:00,一看就是故意的 要报警处理,1
2025/3/28 11:01,你快去找找看,0
2025/3/28 11:01,不尊重人突然扔东西的行为太危险，还好没砸到董宇辉，董宇辉没事就太好了。往行驶的车子里面扔有重量而且棱角分明的东西也非常危险，还好张颂文也没有被砸伤。都是好人有好报。,0
2025/3/28 11:01,奇怪了？以前不是好多人喜欢的吗？咋现在看评论又这么多人讨厌了呢？这世界变得真快,0
2025/3/28 11:01,炒作,1
2025/3/28 11:01,反应好快啊,0
2025/3/28 11:01,他的丈母娘就这样表达爱的方式,0
2025/3/28 11:01,我去哪里知道去,0
2025/3/28 11:01,小妈们 快上 咬他们去,1
2025/3/28 11:02,感谢,0
2025/3/28 11:02,下次扔臭鸡蛋试试,1
2025/3/28 11:02,旁边小哥为了拍马屁，空手接白刃啊,1
2025/3/28 11:03,“你对我的百般注解并不构成万分之一的我，却是一览无余的你”。给那些素未谋面还振振有词诋毁他的人。,1
2025/3/28 11:03,三年前宇辉也让泼过水，真的很危险。像张颂文让扔到车内，这种不明物体谁敢保证一定没问题？向人扔东西的行为既不礼貌也危害公共安全，请大家理智追星。,0
2025/3/28 11:03,刚看到那个视频，还好没有砸到董宇辉，粉丝这种行为太可怕了，之前那个向张颂文车里投掷不明物品的就很后怕的，本来向行驶的车扔东西就很危险，那么重，那个尖角可能会砸到眼睛啊，抵制私生，人人喊打,0
2025/3/28 11:03,羡慕嫉妒使太多人心理扭曲了,1
2025/3/28 11:03,我就没买过,0
2025/3/28 11:03,为什么会被砸,1
2025/3/28 11:04,没买过,0
2025/3/28 11:04,从不买的路过,0
2025/3/28 11:04,鼓掌[鼓掌][鼓掌][鼓掌],0
2025/3/28 11:04,如果没有新闻，咱可以不报！！！,1
2025/3/28 11:04,我没有买过,0
2025/3/28 11:05,李嘉琪的挺划算的，我觉得……,0
2025/3/28 11:05,就算是礼物也不能这么扔吧？,0
2025/3/28 11:05,回复@互为人间不如自成宇宙:现在没有960了,0
2025/3/28 11:05,报警,1
2025/3/28 11:05,董宇辉被砸真不冤，一楼说句话一群人网暴人家，这饭圈活该被砸,1
2025/3/28 11:05,好像是粉丝送的礼物，被写成这样子。这话题就有问题,1
2025/3/28 11:06,暗戳戳,0
2025/3/28 11:06,感谢分享,0
2025/3/28 11:06,作恶多了，自有报应,1
2025/3/28 11:06,我还以为啥玩意呢，就一个盒子能把人砸坏估计是纸糊的人吧,1
2025/3/28 11:06,有点吓人,0
2025/3/28 11:07,看怎么处理吧,0
2025/3/28 11:07,可以放心把后背给同事,0
2025/3/28 11:07,看成脸被砸。。。,1
2025/3/28 11:07,我没买过，因为不喜欢看直播晚上有点时间都是在追剧,0
2025/3/28 11:07,应该谴责，咋是不提倡呢,1
2025/3/28 11:07,人家是卖书呀，办公室有书不是很正常,0
2025/3/28 11:07,??,0
2025/3/28 11:07,好险呢,0
2025/3/28 11:07,没买过，不如乐呵兄弟直播间的好,0
2025/3/28 11:07,自导自演,1
2025/3/28 11:07,我我,0
2025/3/28 11:07,砸伤了要自己负责，是小孩子吗,1
2025/3/28 11:07,还好小姐姐手快，没受伤就好,0
2025/3/28 11:07,我我我，不喜欢看直播，没耐心，觉得吵的很,0
2025/3/28 11:08,从没买过他们直播的东西，包括那个秦奋前女友(一时忘名字了),0
2025/3/28 11:08,如果马云这么说，可能、应该大多数人是这样的。但董宇辉读过很多书是一定的，不是可能。,0
2025/3/28 11:08,这些网友太难带了,1
2025/3/28 11:08,直播还有观众呢？,0
2025/3/28 11:08,没买过,0
2025/3/28 11:08,加1,1
2025/3/28 11:09,没买过,0
2025/3/28 11:09,渣浪牛B，闲了就蹭人热度,1
2025/3/28 11:09,这是干啥呢,0
2025/3/28 11:09,马云。。。我对钱没兴趣那个？,0
2025/3/28 11:09,联合国那边怎么说？,0
2025/3/28 11:09,人家生日！他丈母娘给他送礼物啊！不能近距离接触！肯定是激动了才出此下策   放心董宇辉悲天悯人能共情的,0
2025/3/28 11:09,明明是粉丝送想礼物，只是方式不对，怎么热搜变味了,0
2025/3/28 11:09,也许是粉丝扔的礼物。,0
2025/3/28 11:10,扔砖头吗。。。。好可怕,1
2025/3/28 11:10,发生了什么呀,0
2025/3/28 11:10,不会是拖鞋吧,0
2025/3/28 11:11,感觉问题不大,0
2025/3/28 11:11,。。。。。,0
2025/3/28 11:11,1、追责丢物品人员 2、追责安保人员 3、人命=人命 4、该道谢道谢，该道歉道歉,0
2025/3/28 11:11,大惊小怪 这也能上热搜？,1
2025/3/28 11:11,马云说的不一定都对,0
2025/3/28 11:11,人家是粉丝扔的毛绒玩具，又不是恶意袭击，断章取义够够的了。,1
2025/3/28 11:11,有点离谱啊，搞不懂了,0
2025/3/28 11:12,真的很装,1
2025/3/28 11:12,这个还挺危险,0
2025/3/28 11:12,字幕能用点心吗，所幸不是索性……唉,0
2025/3/28 11:12,马云是神吗（路过）,0
2025/3/28 11:13,拥有暖瓶最多的茶馆,0
2025/3/28 11:13,吓人,1
2025/3/28 11:14,扔的是什么？,0
2025/3/28 11:14,可惜,0
2025/3/28 11:14,无聊,0
2025/3/28 11:14,这礼物,0
2025/3/28 11:14,现在朋友送的生日??礼物[捂脸][捂脸][捂脸],0
2025/3/28 11:14,马云说，房子白菜价，你家一定有很多房子吧,1
2025/3/28 11:15,不应该提倡？？？这种措辞是新闻上能说出来的吗？不是应该禁止??这样行为吗,1
2025/3/28 11:15,太可惜了，就差点,0
2025/3/28 11:15,他欠居里夫人一个诺贝尔文学奖！,0
2025/3/28 11:15,得雇佣几个保镖了24小时保护,0
2025/3/28 11:15,气质和腔调就是典型的乡巴佬,1
2025/3/28 11:15,粉丝也太热情了,0
2025/3/28 11:16,流量不行，又来卖惨了,1
2025/3/28 11:16,这个什么情况啊？,0
2025/3/28 11:16,我去，啥情况这是,1
2025/3/28 11:16,不要脸的东方系，演戏,1
2025/3/28 11:16,东方系都这么玩吗？收狗粮就乱发？,1
2025/3/28 11:16,他本来就是老师，办公室有书很正常吧,0
2025/3/28 11:17,人家最开始在卖书，可不得在镜头前看书吗？,0
2025/3/28 11:17,马云说的都对？,1
2025/3/28 11:17,挺讨厌的,1
2025/3/28 11:17,马云说，对钱不感兴趣,0
2025/3/28 11:17,这是啥情况子了,0
2025/3/28 11:17,1,1
2025/3/28 11:17,[鼓掌][鼓掌][鼓掌]对,0
2025/3/28 11:17,4,0
2025/3/28 11:17,要流量,1
2025/3/28 11:17,做新闻的都这么闲的吗？,1
2025/3/28 11:17,不关注这些的,0
2025/3/28 11:18,太像无量仙翁了,0
2025/3/28 11:18,可惜了,0
2025/3/28 11:18,关键人家是真的看书,0
2025/3/28 11:18,这是什么情况？//@互联网俊明说:砸的是啥东西？为什么要砸？,0
2025/3/28 11:18,这是流量不够用了吗？又买热搜,1
2025/3/28 11:18,粉丝表达用错了方式 这也能黑,1
2025/3/28 11:18,啊？,0
2025/3/28 11:18,没死可惜了，下次帮我砸一块。,1
2025/3/28 11:18,你们发新闻不审视频稿的？“索性”用得对吗？？,1
2025/3/28 11:18,我的妈呀咋这样,1
2025/3/28 11:18,卧槽好危险,1
2025/3/28 11:18,谁砸的，友商？,1
2025/3/28 11:18,不用看人家摆放了什么 看人家的谈吐确实读过很多书啊,0
2025/3/28 11:19,我的天啊,0
2025/3/28 11:19,就是就是,0
2025/3/28 11:19,这么激进啊,1
2025/3/28 11:19,还是要理智点吧,0
2025/3/28 11:19,马云,0
2025/3/28 11:19,不是刚出道的时候 那些丈母娘捧,0
2025/3/28 11:19,我,0
2025/3/28 11:19,一定要注意安全呀,0
2025/3/28 11:19,完了 我办公室里也放着一些书 咋办 我看还是不看,0
2025/3/28 11:20,确实是这样啊,0
2025/3/28 11:20,真的太可怕了,0
2025/3/28 11:20,羽扇lun巾,0
2025/3/28 11:20,太危险了,0
2025/3/28 11:20,马云说的就是真理？,1
2025/3/28 11:20,都没买过,0
2025/3/28 11:20,马云说的都对,0
2025/3/28 11:20,有一定道理，和小老板喜欢宣扬厚德载物一样。他自己也说对钱不感兴趣，他很明白这点的。,0
2025/3/28 11:20,马云还说对钱不感兴趣呢,0
2025/3/28 11:20,马圣还对钱没兴趣呢,1
2025/3/28 11:20,马云读书少，商人懂什么读书,1
2025/3/28 11:21,今天臭鸡蛋，明天是板砖。想想后怕，赶紧收场。有些钱真的不能挣太多…,1
2025/3/28 11:21,不是他在镜头前读书，而是他在读书被镜头拍下来了,0
2025/3/28 11:21,书都没读过是靠看他在镜头前读还是靠看他办公室里有没有书？他说话和谈吐难道不能体现出他读过多少书吗？反正我没他读得多，我知道,1
2025/3/28 11:21,都没有,0
2025/3/28 11:21,掐头去尾，我没买过，谢谢,0
2025/3/28 11:21,微博的恶意真的很大，虽然现场粉丝送礼物不成激动仍出来，但也不至于上热搜吧,1
2025/3/28 11:21,你也是够蠢的，马云的话你也搬，,1
2025/3/28 11:21,都没买过,0
2025/3/28 11:21,微博真不能看，那天是宇辉生日。是去现场的网友想送给宇辉的礼物，还喊了他几声，潇潇和鹏鹏转过身，捡起来微博上居然传成这样,1
2025/3/28 11:21,活该啊哈哈哈哈哈啊哈哈哈,1
2025/3/28 11:22,??从没有直播间买过东西,0
2025/3/28 11:22,有些心术不正的人是骨子里的坏！,1
2025/3/28 11:22,我的天，能不能理智一点,1
2025/3/28 11:22,我,0
2025/3/28 11:22,丈母娘的爱太沉重,0
2025/3/28 11:22,注意安全啊,0
2025/3/28 11:22,在,0
2025/3/28 11:22,鹏鹏以迅雷不及掩耳之势用手精准挡住了砸向宇辉的物体，如果不是这一挡砸到宇辉无疑，这是鹏鹏的本能表现[比心][比心][比心]奋不顾身的鹏鹏[比心][比心][比心],0
2025/3/28 11:22,这个砸字是明显恶意的行为，那么这个人是不是真的恶意有没有去调查呢 ，砸的是什么，石头吗，还是粉丝送的什么礼物，扔过去呢，这一个字的差别给人带来的信息可大不一样，热度也大不一样,0
2025/3/28 11:22,你读书吗？,0
2025/3/28 11:22,你是马云？,0
2025/3/28 11:22,给没文化的老娘们们迷完了,1
2025/3/28 11:22,早上好啊,0
2025/3/28 11:22,读书是好事，不用过分苛责。,0
2025/3/28 11:23,上午好呀,0
2025/3/28 11:23,我滴妈,1
2025/3/28 11:23,但是人家就是能出口成章引经据典,0
2025/3/28 11:23,我也没买过,0
2025/3/28 11:23,太多了，没在任何直播上买过东西，因为我的时间很值钱。,0
2025/3/28 11:24,因为他不属于真正的…所以两样齐活！,1
2025/3/28 11:24,感谢分享,0
2025/3/28 11:24,转发微博,0
2025/3/28 11:24,还历史博主呢，可别侮辱历史了，时不时刮蹭一下人家小董的流量，傲慢地觉得自己学富五车，又很清楚地知道一辈子都不会有人家的名气和财富了，又气又嫉妒。,1
2025/3/28 11:24,马云就一定是对的吗,0
2025/3/28 11:24,[尬笑],0
2025/3/28 11:24,任何话只在一定的情况下才是正确的。,0
2025/3/28 11:24,山河破碎羽扇轮巾,0
2025/3/28 11:25,丈母娘扔绣球,0
2025/3/28 11:25,马云:我没说过。,0
2025/3/28 11:25,他没觉得，你觉得,0
2025/3/28 11:25,粉丝送的礼物而已，送的方式不对，当时大家都没当回事，但就是这么点小事儿也能被上个微博大热搜，到底谁在搞董宇辉呀，太下作了吧！,1
2025/3/28 11:25,看这个评论无语啊，微博的用户现在都是这个素质吗？,1
2025/3/28 11:25,有另外的视频显示，应该是粉丝送的礼物，后来鹏鹏捡起来送还回去了！,0
2025/3/28 11:26,怎么没被砸死呢,1
2025/3/28 11:26,看到这么杂乱无章，心里堵得慌,0
2025/3/28 11:26,这小子也可以,1
2025/3/28 11:26,马云自己也不看书吧,1
2025/3/28 11:26,任何直播带货都没买过，电商平台买的时候，也会避开标题里有带货的东西,0
2025/3/28 11:26,从来不看卖货主播,0
2025/3/28 11:26,卖书的这也说？,1
2025/3/28 11:26,这肯定不是宇辉的粉丝,1
2025/3/28 11:26,还不错哦,0
2025/3/28 11:27,我,0
2025/3/28 11:27,一个生日玩具而已,0
2025/3/28 11:27,这个热搜也是有人花钱买的，商场如战场，手段太下作了,1
2025/3/28 11:27,用自己或者别人的观点给别人定性的人，都不是好人，我也不是,1
2025/3/28 11:27,没买过,0
2025/3/28 11:27,网友不应该拿东西砸董宇辉，太不礼貌了！,0
2025/3/28 11:28,装子,1
2025/3/28 11:28,还是翻车了，预料之中的事,0
2025/3/28 11:28,丈母娘太爱了，咋不砸死呢,1
2025/3/28 11:28,鹏鹏接住了,0
2025/3/28 11:28,汪涵可没他读书多,0
2025/3/28 11:28,为什么要砸他呢,1
2025/3/28 11:28,读书人骑车，把戴老师也坑了,1
2025/3/28 11:28,我，一个没买过，也没看过,0
2025/3/28 11:28,我，都没有买过,0
2025/3/28 11:29,是我,0
2025/3/28 11:29,就买过辛巴的！,0
2025/3/28 11:29,哈哈哈,0
2025/3/28 11:29,随便往人家车里扔东西，这是人身袭击吧，应该报警吧。张颂文真是很包容了,0
2025/3/28 11:29,人家卖书的，人家说了人家只读书吗？,0
2025/3/28 11:30,好多人都没买过吧，主要是并不便宜，淘宝比他们便宜的商家很多,0
2025/3/28 11:30,看不出来是啥，说不定是粉丝扔的礼物,0
2025/3/28 11:30,该,0
2025/3/28 11:30,我,0
2025/3/28 11:30,不然呢,0
2025/3/28 11:30,马云是真不看书,1
2025/3/28 11:31,我们当时在现场，其实是粉丝送一个很轻的毛绒玩偶，未对董宇辉一行产生任何影响，现场安保情况很好，希望大家理智看待。,0
2025/3/28 11:31,好多??,0
2025/3/28 11:31,这些媒体真的没啥底线，是一个游客送的茶包。,1
2025/3/28 11:31,估计是实体店老板，觉得生意被他抢了,1
2025/3/28 11:31,天啊,0
2025/3/28 11:31,996是福报？,1
2025/3/28 11:31,下次出场配七八个保镖[捂脸],1
2025/3/28 11:31,挺有意思的，俞老师带着70岁的戴建业老师骑行摔倒，没有一个热搜，小董都不在微博上，微博天天给他热搜,0
2025/3/28 11:32,砸的那拨人和捧得那拨，应该智商差不多吧,1
2025/3/28 11:32,找我干嘛,1
2025/3/28 11:32,他不是说离开东方甄选他的钱够普通生活以后就去支教嘛,0
2025/3/28 11:32,至今没在任何直播间买过东西,0
2025/3/28 11:32,还有人把马云的话奉为圭臬啊,1
2025/3/28 11:32,估计会大度的不追究。[捂脸][捂脸][捂脸],0
2025/3/28 11:32,我一个没买过,0
2025/3/28 11:32,这孙子,1
2025/3/28 11:33,这些媒体热搜真没啥底线，现场是一个游客送的茶包。现场捡起来又还回去了。,1
2025/3/28 11:33,真可怕，应该按谋杀未遂去抓,1
2025/3/28 11:33,我没买过，这些直播一场没看过,0
2025/3/28 11:33,有些人戾气太重了 生活不如意到处瞎蹦哒,1
2025/3/28 11:33,网红我都当炒作,1
2025/3/28 11:33,那太多了吧，我从不在直播间买东西,0
2025/3/28 11:33,真的没啥话题要说了,0
2025/3/28 11:33,是因为啥,0
2025/3/28 11:33,找我？,0
2025/3/28 11:34,联合国知道吗,0
2025/3/28 11:34,这是什么情况,0
2025/3/28 11:34,身边的人反应挺快[微笑],0
2025/3/28 11:34,披着。。。。。。,1
2025/3/28 11:35,人家就是比你们有些人优秀 气亖你,1
2025/3/28 11:35,看哭了，忠臣护主的典范[流泪],0
2025/3/28 11:35,我没有，没在任何直播间买过东西,0
2025/3/28 11:35,这个抛物线，不拦也砸不到，本能反应拦一下,0
2025/3/28 11:35,铁公鸡,1
2025/3/28 11:35,看书也不一定素质高,1
2025/3/28 11:35,我,0
2025/3/28 11:36,#曝董宇辉下播后险被砸#  他真的那么招人讨厌吗，干了啥，那小杨哥不知道会被怎样,1
2025/3/28 11:36,马云说的又不是标准答案,0
2025/3/28 11:36,哇！公众人物开始可以来保镖了！只有研究僧才能在这儿打堆堆,1
2025/3/28 11:36,所以呢？他天生就文采过人呗,0
2025/3/28 11:36,微博是名符其实的垃圾地,1
2025/3/28 11:36,抵制私生,0
2025/3/28 11:36,那你呢？,0
2025/3/28 11:36,老孟追星都是远远的在墙外听声音,0
2025/3/28 11:36,因为穷，还真没买过,0
2025/3/28 11:36,黑媒体,1
2025/3/28 11:36,人家镜头后边也是看书,0
2025/3/28 11:36,马云说得就对啊,0
2025/3/28 11:37,他的谈吐不需要摆拍来证明,0
2025/3/28 11:37,我看成了脸被砸,0
2025/3/28 11:37,就是我，从来不买,0
2025/3/28 11:37,马云说对钱不感兴趣，你信了,1
2025/3/28 11:37,什么东西？查查这人动机…真爱粉不要给宇辉送东西，以免遇见危险[感谢],1
2025/3/28 11:37,不要上纲上线，是一个毛绒玩偶，粉丝表达爱的方式不妥而已,0
2025/3/28 11:37,赚钱多的人就应该少露面，当下钱难赚，难免会有很多仇富的人,1
2025/3/28 11:37,周五愉快,0
2025/3/28 11:37,吃瓜,0
2025/3/28 11:38,真是神了，这发你嘛呢在这,1
2025/3/28 11:38,博主别断章取义 故意隐晦让网友误会扔东西是对董宇辉有意见 真相是董宇辉过生日现场有粉丝扔礼物,0
2025/3/28 11:38,又上头条热搜，破天流量又来了,0
2025/3/28 11:38,这是什么情况,0
2025/3/28 11:38,我 一分没花过,0
2025/3/28 11:38,马云还说，总嚼别人舌根的人，不可交，不可信,0
2025/3/28 11:38,我,0
2025/3/28 11:39,我,0
2025/3/28 11:39,真矫情 爱看书和推广书籍也有错 那你呼吸都有罪,1
2025/3/28 11:39,真爱粉不要要求和宇辉合影了[感谢][感谢][感谢],0
2025/3/28 11:39,可惜了，没有砸到,1
2025/3/28 11:39,现在人心都怎么了！？真是好事不出门，坏事传千里,1
2025/3/28 11:40,我,0
2025/3/28 11:40,我啊，都没看过。就买过张兰的,0
2025/3/28 11:40,黑子又开始买热搜啦,1
2025/3/28 11:40,汪涵不以直播带货为生吧。这姓董的肚子里没装几滴水，硬充文化人，讨厌。,1
2025/3/28 11:40,粉丝给的礼物，这也能上热搜，真无语,1
2025/3/28 11:41,这个博文不错,0
2025/3/28 11:41,谁呀！扔的什么玩意，打到宇辉怎么办,1
2025/3/28 11:41,黑董宇辉的幕后黑手全世界都知道是谁,1
2025/3/28 11:41,哦哟，这个新浪科技真是辛苦你了，没流量来蹭人家流量啊，没饭吃也没必要硬黑，吃相难看死了,1
2025/3/28 11:41,马云是你爹吗,1
2025/3/28 11:42,微博整热搜了！人红是非多，有时候还是要注意，太多不怀好意的人盯着了！,0
2025/3/28 11:42,死了吗,1
2025/3/28 11:42,没买过（举手手）,0
2025/3/28 11:42,为什么要伤害一个文化人,1
2025/3/28 11:42,我,0
2025/3/28 11:42,我，都不知道他们卖了什么,0
2025/3/28 11:42,每次董宇辉上黑热搜必是掩盖东方甄选又出事。俞敏洪为了直播作秀，硬拉戴建业老师一起在海南机动车道骑行，导致近70岁戴教授摔倒受伤，满脸都是血还要坚持访谈，这种毫无人性的行为却没有任何媒体报道，而董宇辉粉丝急着把毛绒绒的玩具送给他这种鸡毛蒜皮的小事却被买热搜，良心媒体已死！,1
2025/3/28 11:42,说我吗从不在直播间买东西,0
2025/3/28 11:42,网络黑子只会为黑而黑，根本就每天脑子和任性,1
2025/3/28 11:43,读书人也要吃饭啊  不是说成了首富以后的读书。。。。,0
2025/3/28 11:43,看了直播说是粉丝给宇辉的毛绒玩具，直播后宇辉合影答谢粉丝们，粉丝见他们要走了，就扔了下来，心是好心，但方式不提倡，这样危险,0
2025/3/28 11:43,我,0
2025/3/28 11:43,这么激进的粉丝,1
2025/3/28 11:43,举手????♀?,0
2025/3/28 11:44,他干啥了,0
2025/3/28 11:44,我！从来不看直播,0
2025/3/28 11:44,你就说:马云是神!!不就完了,1
2025/3/28 11:44,我,0
2025/3/28 11:44,一个袋子装的什么东西,0
2025/3/28 11:44,感谢分享,0
2025/3/28 11:44,人家卖书,0
2025/3/28 11:44,这些人太自我，自私自利，怎么你送的东西我就必须接受吗？你尊重人了吗？,1
2025/3/28 11:44,没有买过任何人直播间的东西??,0
2025/3/28 11:45,怎么没给砸死,1
2025/3/28 11:45,都没买过,0
2025/3/28 11:45,每天自导自演，不累吗？315曝光的保水剂虾仁和前两天中国青年网曝光的问题芝麻油咋不回应一下,1
2025/3/28 11:45,马云说,0
2025/3/28 11:45,我不否认马老师够有钱，但他算读书人？,1
2025/3/28 11:45,他到底想干嘛，他不是明星吧，他是哪家老板,1
2025/3/28 11:45,一点的[暗中观察],0
2025/3/28 11:45,我都没买过,0
2025/3/28 11:46,早上好呀,0
2025/3/28 11:46,什么叫“网友认为不应该提倡这种行为”？无故攻击人，这是违法的，警方应该介入的，怎么就只是“不应该提倡”了？哪个网友说的？,1
2025/3/28 11:46,李佳琦直播间买过一次狮王牙膏套餐，买成79，其他人的一次没买过。,0
2025/3/28 11:46,马云说你是个sd，你就是？,1
2025/3/28 11:46,他就是个装货,1
2025/3/28 11:46,很久不看渣浪了，还是那个破德行，啥时候能改邪归正啊。,1
2025/3/28 11:47,支持董老师 相信他会越来越好,0
2025/3/28 11:47,董宇辉虽有是非但真心为消费者说话??,0
2025/3/28 11:47,支持小作文同志 怼那些黑粉子。,1
2025/3/28 11:47,董宇辉是真正的勇士，为消费者撑腰，值得！??,0
2025/3/28 11:47,111,0
2025/3/28 11:47,欲加之罪何患无词 马云说的就都对吗,1
2025/3/28 11:47,222,0
2025/3/28 11:47,看不清楚是什么东西了,0
2025/3/28 11:47,333,0
2025/3/28 11:47,董宇辉在315事件后确实面临了一些质疑，但他迅速采取了补救措施，展现了负责任的态度。,0
2025/3/28 11:47,真没素质这种行为,1
2025/3/28 11:48,我在这,0
2025/3/28 11:48,也举个手,0
2025/3/28 11:48,我都没买过,0
2025/3/28 11:48,就这点事？,0
2025/3/28 11:48,知识是无限的，人是有限的，走在前面不知不觉就走了下坡路了,0
2025/3/28 11:48,差点就砸到宇辉了啊，送礼物也不能这样，太危险了，是谁扔的自己出来解释一下[发怒],1
2025/3/28 11:48,可能是坏人故意的。应该要查的。安保对进场人员要检查,0
2025/3/28 11:49,看到董宇辉下播后险被砸这条消息，联想到前几日张颂文车内扔进不明物一事。张颂文行驶的车内被扔进不明物，当然要扔出去了，维护自身安全的防范意识是人的本能，无可厚非！招来黑水撒泼只能说明无良营销号和媒体用心不良。赞同张颂文扔出去，对不合理行为说“不”，没错！  ,0
2025/3/28 11:49,好人一生平安，,0
2025/3/28 11:49,还好鹏鹏当时没转身[赞][赞][赞][赞][赞],0
2025/3/28 11:49,马云说的话是法吗？喜欢看就看，不喜欢看就不看,0
2025/3/28 11:49,感谢分享啊,0
2025/3/28 11:49,谁说啥你都信 不但信还宣扬,1
2025/3/28 11:50,现在是主播网红赚钱的时候，主播赚了，成了资本家，很多百姓生活的水深火热！,1
2025/3/28 11:50,都没买过,0
2025/3/28 11:50,太可恶了[发怒],1
2025/3/28 11:50,这可是董宇辉 他想干啥就干啥呗  反正知识都是人家自己的,0
2025/3/28 11:50,送礼物好像,0
2025/3/28 11:50,什么叫不应该提倡这种行为？难道不应该当场报警吗？这是违法好吗？,1
2025/3/28 11:50,哈哈哈苍蝇不叮无缝的??,1
2025/3/28 11:50,这个真的素质太差了，应该追责,1
2025/3/28 11:50,粉丝送的礼物,0
2025/3/28 11:50,他和汪涵有这样吗,0
2025/3/28 11:50,戾气太重恨你有、笑你无、嫌你穷、怕你富！呵呵,1
2025/3/28 11:51,不会买也看不得,1
2025/3/28 11:51,打的好,1
2025/3/28 11:51,你烦他你别看他不就行了 人家助农带货拉动经济发展 你除了能贡献个键盘你还能干嘛,1
2025/3/28 11:51,不是砸，是给他的礼物,0
2025/3/28 11:51,这不是提倡不提倡这种行为的事了，该对涉事人追责、处罚或警告，防微杜渐！#曝董宇辉下播后险被砸##曝董宇辉被现场观众扔东西#,1
2025/3/28 11:51,以前山东行泼水，现在有来扔东西，这是多恨宇辉呀！谁扔的，出来[酷拽][酷拽][酷拽][酷拽],1
2025/3/28 11:52,我,0
2025/3/28 11:52,他不是路人缘挺好的么？,0
2025/3/28 11:52,我真的没有,0
2025/3/28 11:52,摆不摆书不耽误他出口成章撒,1
2025/3/28 11:53,我啊，直播都没看过,0
2025/3/28 11:53,??没买过,0
2025/3/28 11:53,网上营业,0
2025/3/28 11:53,报警！！！,1
2025/3/28 11:53,??,0
2025/3/28 11:53,释放什么信号，大家想想,0
2025/3/28 11:54,文明追星、理智追星。杜绝“投掷式” “围堵式”追星！维护自身安全是每个人的权利！,0
2025/3/28 11:54,那怎么了，术业有专攻，人家出口成章就是读书多，不读书的人家里连本书都没有，读书的人，随身携带坐地铁都会看，你这还历史博主，咋认证的,1
2025/3/28 11:54,新浪科技黑董宇辉第一名！不遗余力呀！就这还有脸拜访人家？老俞海南大马路骑行直播戴建业老师摔倒这么大的事你们怎么不报道？侧面说明董宇辉流量大,1
2025/3/28 11:54,除了偶尔支持农产品，或者很努力的小主播，大主播的从来没买过。人家粉丝几千万几亿的，不差我这一单呀。,0
2025/3/28 11:54,他看的书是故事会吧,1
2025/3/28 11:55,这个很危险的吧,0
2025/3/28 11:55,中午好哈,0
2025/3/28 11:55,我 真没下单过,0
2025/3/28 11:55,最爱装逼的主播,1
2025/3/28 11:55,精彩！！！,0
2025/3/28 11:55,狗嘴吐不出象牙，胡乱写是有朋友给董宇辉送东西人家不收，工作人员又给送回去,1
2025/3/28 11:55,马云自己都不知道说了这话,1
2025/3/28 11:55,是我，然后呢,0
2025/3/28 11:55,看着像是一袋包裹,0
2025/3/28 11:56,我也很想知道,0
2025/3/28 11:56,这不是“提倡不提倡”这一行为的事了，应按有关规定对涉事人追责，防微杜渐！#曝董宇辉下播后险被砸##曝董宇辉被现场观众扔东西#,0
2025/3/28 11:56,哈哈，自导自演？,1
2025/3/28 11:56,为什么,0
2025/3/28 11:56,为啥要用拖鞋砸他？他干了啥天怒人怨的事了？,1
2025/3/28 11:56,多给草稿一些支持?别忘本，你自己也是草根,0
2025/3/28 11:57,这标题？？？人家是送的生日礼物毛茸茸玩偶,0
2025/3/28 11:57,脏母娘因爱生恨？？？？,1
2025/3/28 11:57,有种说法是：一个粉丝给他茶叶，没有途径给他，就扔过去了,1
2025/3/28 11:57,我是真真真真真真真真真真真真真真真真真真真真儿没买过它5个直播的货。,0
2025/3/28 11:57,马云是我们伟大的神，他说啥都是对的！点赞！,1
2025/3/28 11:58,我都没买过,0
2025/3/28 11:58,没买过,0
2025/3/28 11:58,这个人大家应该看到了，交给公安机关处理,0
2025/3/28 11:58,我,0
2025/3/28 11:59,好的时候就各种夸，不好的时候就各种黑,1
2025/3/28 11:59,董宇辉当天过生日，在现场的网友送东西，只是方式不妥，微博上的舆论一言难尽，难怪他清空了微博,0
2025/3/28 11:59,我，从来不买直播,0
2025/3/28 11:59,你骗不了我，董宇辉的直播间我看过，那个谈吐这辈子学不来，你跟我说他不读书？（那是我第一次在别人身上感受到会读书有多好）,0
2025/3/28 11:59,无所谓，两个人都很有钱，管他们真读书假读书，反正也是大学毕过业的,0
2025/3/28 11:59,我,0
2025/3/28 12:00,我,0
2025/3/28 12:00,马云不爱钱，你觉得对吗？刘强东不知妻美,1
2025/3/28 12:00,？？？不是吧，可怕,1
2025/3/28 12:00,分析到位[赞][赞][赞]完全赞成！！！,0
2025/3/28 12:00,新东方新星主播吗？早不是了，一点不知道就不要出来丢脸了。,1
2025/3/28 12:01,标题真的断章取义,0
2025/3/28 12:01,管人家怎么读书,1
2025/3/28 12:01,没买过又怎么了…单纯的蹭热度么,1
2025/3/28 12:01,董圣为什么被砸？,1
2025/3/28 12:01,粉丝送的礼物吧？人民都爱戴董宇辉！,0
2025/3/28 12:01,我还真是,0
2025/3/28 12:01,马先生也说：他不爱钱,0
2025/3/28 12:02,信任董宇辉，爱买他的东西,0
2025/3/28 12:02,主打一个陪伴??♀?,0
2025/3/28 12:02,他不是猴子，禁止投喂,1
2025/3/28 12:04,马云是什么真理圣人吗？？？？,1
2025/3/28 12:04,我在李那买过一次肉牛干超级难吃，之后就再也莫有买过。,0
2025/3/28 12:04,我还真的是,0
2025/3/28 12:04,??♀?,0
2025/3/28 12:05,回复@人生只需开心:心理变态的人真不少，赶紧去看医生吧,1
2025/3/28 12:05,我。,0
2025/3/28 12:05,感谢分享,0
2025/3/28 12:05,回复@暗暗发腻1102 的表态:,0
2025/3/28 12:05,马云=孔孟？孔孟说的还有错的呢，孔子不让女人上桌吃饭,1
2025/3/28 12:06,追星我只追老孟,0
2025/3/28 12:06,对他无感，但是这个热搜就有点莫名其妙，下次他哪天上厕所险滑倒是不是也要上热搜,1
2025/3/28 12:06,反应真的好快啊,0
2025/3/28 12:06,也有不喜欢钱的，比如马云,0
2025/3/28 12:06,谣言怎么来的，这种不负责任夸大其词歪曲事实,1
2025/3/28 12:07,我还真没买过，叛逆了。,0
2025/3/28 12:07,天天装圣人作秀，保水剂的虾卖多了得罪人了,1
2025/3/28 12:07,造谣就是这么来的，人家当天生日，热心朋友送一袋茶叶，不好送激动就丢过去了。这标题,1
2025/3/28 12:08,2本导游 知识搅拌机,0
2025/3/28 12:08,是不是文案有些夸大，视频里是一个帽子。,0
2025/3/28 12:08,表演性人格,0
2025/3/28 12:08,马云说的能是个啥,0
2025/3/28 12:09,真没劲，天天一堆饭圈,1
2025/3/28 12:09,没买过,0
2025/3/28 12:09,社会戾气太重。,0
2025/3/28 12:09,我，从未在任何直播间买过，因为真的不需要也不便宜,0
2025/3/28 12:09,不管怎么说，人家就是能出口成章,0
2025/3/28 12:10,支持主播，张颂文蛇年大吉,0
2025/3/28 12:10,这位是董圣人，说被钱伤害过不喜欢钱，说不喜欢直播带货，说最喜欢去支教,1
2025/3/28 12:10,马云读书多还是董宇辉读书多？,0
2025/3/28 12:10,我一单没买过,0
2025/3/28 12:10,都没买过,0
2025/3/28 12:10,我我我我,0
2025/3/28 12:10,我没有,0
2025/3/28 12:11,那可多了，算我一个????♀?,0
2025/3/28 12:11,感觉是快递啊,0
2025/3/28 12:11,被砸了有啥惊动的,1
2025/3/28 12:11,这周能上热搜 东大都没有正事儿了？,1
2025/3/28 12:11,卖书的人不码书？你要求高了。做自已，做不一样的烟火，不必雷同。,0
2025/3/28 12:11,上述直播间，只在与辉同行买过，最多的是吃的,0
2025/3/28 12:11,食品添加剂这个解释我认同。,0
2025/3/28 12:12,人家出口成章说明人家真看了。马云说的也不能是百分之百啊。,0
2025/3/28 12:12,粉丝给他扔礼物，是茶叶，媒体收钱故意黑他。,1
2025/3/28 12:12,买董的虾，解冻后缩水了一半，还好后面315曝光后可以退一赔三,0
2025/3/28 12:12,我，从未,0
2025/3/28 12:13,我就是啊,0
2025/3/28 12:13,带汪涵干什么,1
2025/3/28 12:13,马云只是一个人，普通人。我也还说过：真正读书的人，喜欢读就多读点,0
2025/3/28 12:13,信息茧房真的可怕，能把一个优秀的年轻人黑成这样,1
2025/3/28 12:13,我还真一个都没过,0
2025/3/28 12:14,中午好啊,0
2025/3/28 12:14,从来没买过,0
2025/3/28 12:14,我,0
2025/3/28 12:14,自导自演吧,1
2025/3/28 12:14,保水剂的虾卖多了，得罪消费者了,1
2025/3/28 12:14,但是能说出那些就是代表看过很多的啊,0
2025/3/28 12:14,我呀，甚至我非常恶心这些人,1
2025/3/28 12:15,可惜了这只鞋,0
2025/3/28 12:15,那边直播三起安全事故，不上棒，这边一小包茶叶就各种炒，多行不义必自毙,1
2025/3/28 12:15,先问问自己看了几本书？网络乞丐也能随便指责别人了？,1
2025/3/28 12:15,我,0
2025/3/28 12:15,我一个都没买过,0
2025/3/28 12:15,必须拉黑,1
2025/3/28 12:15,吃了保水剂的虾的后遗症,0
2025/3/28 12:15,他这是挣钱啊,0
2025/3/28 12:15,真得很无语,0
2025/3/28 12:16,司马,1
2025/3/28 12:16,我们都是支持董宇辉的粉丝还是为宇辉的安全着想[平安果][平安果][平安果][感谢],0
2025/3/28 12:16,媒体这么闲这么没用了，如果真需要流量加持。那你们为什么不看董宇辉如何宣传云南，云南行推荐的冷门景区以及哈尼农耕文化，连新华社国家都在推广国家文旅项目，你们闲的没事干制造话题，要流量哪怕把他的宣传片发一下也算做贡献好歹还是宣传七彩云南，浪费公域流量这么可悲通过这些子虚乌有来制造话题,1
2025/3/28 12:16,不用解释，黑子们就是黑你没理由,1
2025/3/28 12:16,董宇辉生日，粉丝带的毛绒玩具礼物没送到，看董宇辉要走，急了，扔过去。虽然是表达喜欢，但不提倡。,0
2025/3/28 12:16,那不就是我呀,0
2025/3/28 12:16,新浪离开董宇辉过不下去,0
2025/3/28 12:17,特别讨厌董宇辉！不是一般的讨厌！很作秀，书没有读太多！,1
2025/3/28 12:17,听说送的是茶叶,0
2025/3/28 12:17,大家戾气别这么重。直接扔东西的方式并不可取。没必要上升到对被砸的人的攻击。,0
2025/3/28 12:17,感谢博主的分享,0
2025/3/28 12:17,天哪,0
2025/3/28 12:17,很多人就是见不得人家好,1
2025/3/28 12:17,大哥，你工资多高啊？,0
2025/3/28 12:17,没觉得啊，人家说了，看一点书，懂一点道理足够了！只是他的一点是我一生的量，咋了，我没文化还不能崇拜文化？崇拜你这种？,1
2025/3/28 12:17,曾经在袁记云饺下过一次单，唯一一次直播下单，因为刚好我有券，原价15才给了2块8，上面的主播，我看都不看，别说买了,0
2025/3/28 12:17,我只在李佳琪的直播间，他最火的时候买过一两件。,0
2025/3/28 12:17,我一样没买过。,0
2025/3/28 12:18,在哪里看书都行，只要是真的看书,0
2025/3/28 12:18,应该也不是什么伤害性的物品,0
2025/3/28 12:18,没买过这些人的。 买过一些其他的带货的，发现直播带货的绝大多数都是垃圾。 老老实实在京东找旗舰店比较靠谱。,1
2025/3/28 12:18,现场粉丝扔的一个礼物，方式确实不对，但也别过度解读。,0
2025/3/28 12:18,它们卖的东西，它们可能都嫌脏，昧着良心挣钱和畜生有什么区别,1
2025/3/28 12:18,真实情况:董宇辉生日，粉丝带的毛绒玩具礼物没送到，看董宇辉要走，急了，扔过去。虽然是表达喜欢，但不提倡。,0
2025/3/28 12:18,我没有买过，因为我不看直播,0
2025/3/28 12:18,各行各业流量之路都是一样的,0
2025/3/28 12:18,就事论事，言之有理//@用户5562080885_29558:虽然大家都知道董宇辉很??很讨厌，但是扔这么大的东西砸人家的行为总是不好的，希望砸人者认真反思，如果扔个小点的玩意儿可能就不会被挡下来了,1
2025/3/28 12:18,据说是太想送礼物,0
2025/3/28 12:18,除了董都没买过。看他们直播脑袋瓜子受不了。一分钟退了,1
2025/3/28 12:19,马云/任何其他人说的都有两面性,0
2025/3/28 12:19,马云还说了 他不想赚钱,0
2025/3/28 12:19,潇潇姐反应好快，[爱心]名副其实的大姑姐[爱心][爱心],0
2025/3/28 12:19,云南旅游很有名,0
2025/3/28 12:19,马云说的是真理还是怎么着？？？？真理还得辩证着看呢这群人见不得别人好,1
2025/3/28 12:20,胡说八道,1
2025/3/28 12:20,这种网红怎么跟马老师相提并论,1
2025/3/28 12:20,支持一下，中午好,0
2025/3/28 12:20,马云啥时候成哲学家了，他自己是个好鸟吗？,1
2025/3/28 12:20,装逼犯,1
2025/3/28 12:20,我，全都一单没买过从来没在任何直播间买过任何东西，对于我来说，感觉拼夕夕已经够我用的了??????,0
2025/3/28 12:20,真实情况:董宇辉生日，粉丝带的毛绒玩具礼物没送到，看董宇辉要走，急了，扔过去。虽然是表达喜欢，但不提倡。,0
2025/3/28 12:20,我做电商，我是直接不看直播间，因为知道他们拿的提成坑位费，商家如果不想亏本那只能压低成本确保不了质量。,0
2025/3/28 12:20,马云还说我对钱没兴趣呢,0
2025/3/28 12:20,礼物??礼物??，别误会[尬笑][尬笑],0
2025/3/28 12:20,我真没买过，因为不有喜欢看直播一个是费劲一个是太吵,0
2025/3/28 12:20,都没买过,0
2025/3/28 12:20,下午好啊,0
2025/3/28 12:21,我,0
2025/3/28 12:21,真实情况:董宇辉生日，粉丝带的毛绒玩具礼物没送到，看董宇辉要走，急了，扔过去。虽然是表达喜欢，但不提倡。,0
2025/3/28 12:21,搓比 赶紧查查,1
2025/3/28 12:21,人红是非多，正常,0
2025/3/28 12:21,还真的一个都没买过,0
2025/3/28 12:21,这看着不像用力砸人的力度啊,0
2025/3/28 12:21,但我还是很欣赏董宇辉，总比那些不读书也以为自己知道的很多的人好太多了,0
2025/3/28 12:21,谢谢分享,0
2025/3/28 12:21,人红是非多，左也不行，右也不对[捂脸][捂脸][捂脸],0
2025/3/28 12:21,挣钱嘛，不寒碜,0
2025/3/28 12:21,从来没在这种直播上买过东西,0
2025/3/28 12:21,祝大家都好，但别比我好。你两样也都占了。,1
2025/3/28 12:21,中午好啊,0
2025/3/28 12:21,感觉不像重的东西,0
2025/3/28 12:21,与辉同行自己和当地文旅联系的，关闭旅游景点，只放粉丝进去,1
2025/3/28 12:22,"个人看法
正常情况，旁边那么多工作人员，完全可以请他们转手拿给宇辉的，不管多么喜欢，多么想送礼物。都不应该直接丢过去",0
2025/3/28 12:22,都没买过,0
2025/3/28 12:22,任何一个人的直播间都没买过,0
2025/3/28 12:22,为博主点赞！[赞][赞][赞][赞][赞][赞][赞],0
2025/3/28 12:22,人家是老师，要卖书，这是人家的工作……你工作单位没工作资料吗？,1
2025/3/28 12:22,送的毛绒玩具吧,0
2025/3/28 12:23,东方甄选那边肯定又有啥负面新闻了吧每次热搜，对面必然有事，很规律。,1
2025/3/28 12:23,这种小事也需要放大,1
2025/3/28 12:23,博主此视频已经引起宇辉的黑热搜了，请下架隐藏[发怒],1
2025/3/28 12:23,你会用词吗？,1
2025/3/28 12:23,看见是真无聊,1
2025/3/28 12:23,这属于危危险人身安全的，如果是尖锐的东西那更是，你不喜可以不看呀。每个人都有自己的生活方式还是生存方式,0
2025/3/28 12:24,人家卖书啊,0
2025/3/28 12:24,下午好呀,0
2025/3/28 12:24,不是别人太优秀，而是周围太垃圾,1
2025/3/28 12:24,这是怎么回事,0
2025/3/28 12:24,马云还说他对钱没兴趣呢,0
2025/3/28 12:24,马云 说的多了  你赶紧录入家谱,1
2025/3/28 12:24,支持,0
2025/3/28 12:24,是钱吗,1
2025/3/28 12:24,现在戾气太重，真的不敢张杨……,0
2025/3/28 12:24,我,0
2025/3/28 12:25,马云 说什么你都信,1
2025/3/28 12:25,是茶叶,0
2025/3/28 12:25,?7那买过一单,0
2025/3/28 12:25,从来不在直播间买东西,0
2025/3/28 12:25,幸亏小董脸小,0
2025/3/28 12:25,买过,0
2025/3/28 12:26,没有,0
2025/3/28 12:26,我没买过,0
2025/3/28 12:26,我...,0
2025/3/28 12:26,越来越像乐子人,1
2025/3/28 12:26,我不在网络直播上买货，所以都没有,0
2025/3/28 12:26,谢谢分享,0
2025/3/28 12:26,小董飘了,1
2025/3/28 12:26,看着好像扔的毛绒玩具,0
2025/3/28 12:27,这标题你不是语不惊人死不休，让你再写一下去村里都出大事了，既然没有流量你就学会接流量，新华社也发了哈尼梯田多美，云南行给大家展示了不一样的云南，朋友们慢下来带家人孩子去感受美好,1
2025/3/28 12:27,砸人家干嘛,1
2025/3/28 12:27,神经,1
2025/3/28 12:27,董宇辉为转移315卖假货热点用新浪采访来忽悠中老年低认知群体自己多么委屈，受了多大欺负，现在流量小了又自己炒作。十足的奸诈小人，人品低劣至极的垃圾。,1
2025/3/28 12:27,粉丝送给他的毛绒玩具，当时激动的只想把礼物给他，虽然方式不对；其实博主还是更应关心下戴建业老师摔倒后身体状况如何更好点,0
2025/3/28 12:28,？？？？至于吗？不喜欢就要去人身攻击？？,1
2025/3/28 12:28,中午好啊,0
2025/3/28 12:28,虽然收钱办事也不用这么黑吧，黑红也是红这社交媒体看不成了,1
2025/3/28 12:28,永远支持宇辉,0
2025/3/28 12:28,????♀?,0
2025/3/28 12:28,我啊，哪个都没有买过,0
2025/3/28 12:28,中午好呀,0
2025/3/28 12:28,我就是,0
2025/3/28 12:29,太危险了,0
2025/3/28 12:29,砸死才好呢看比就不顺眼,1
2025/3/28 12:29,他是介绍各地的文化推广各地产品，而不是宣扬自己，更何况没有强迫谁一定要买。如果这种都是网红，中国多一点挺好的。,0
2025/3/28 12:29,是我,0
2025/3/28 12:29,他劣质假货也没少卖,1
2025/3/28 12:29,误会，粉丝送茶叶。另，他还是那个有才华、朴实都董宇辉，您之所以觉得他现在不够好了。主要是拜幕后黑手所赐，没有黑料制造黑料也要送他上黑热搜，就是为影响大家的判断,0
2025/3/28 12:30,能力虽然说够，但还远远不够。德不配位，社会在进步。,1
2025/3/28 12:30,马云不过是对钱没有概念，我们知道的,0
2025/3/28 12:30,他这种相貌在我们村都娶不到老婆,1
2025/3/28 12:30,我,0
2025/3/28 12:30,这是什么意思,0
2025/3/28 12:30,这腿也太短了吧这简直是没有腿,1
2025/3/28 12:31,如果房子足够大，筷子跟碗都不放一起,0
2025/3/28 12:31,关我屁事,1
2025/3/28 12:31,这种涉嫌故意伤人好嘛好没素质啊,1
2025/3/28 12:31,我也没买过啊,0
2025/3/28 12:31,我,0
2025/3/28 12:31,转发微博,0
2025/3/28 12:31,是啊，真正有文化有涵养的人也不会跟你一样天天为了博流量现眼,1
2025/3/28 12:32,我还真没有,0
2025/3/28 12:32,剧本不对，有人要黑他,1
2025/3/28 12:32,我,0
2025/3/28 12:32,为了上热搜也是拼了,0
2025/3/28 12:32,坚持为剀剀发声，严惩凶手！一个都不能放过，必须全部死刑！,1
2025/3/28 12:32,媒体这是在炒作吗？我不信媒体不知道这是粉丝冲动扔的毛绒玩具,1
2025/3/28 12:32,太可恶了  是谁 保护好我们宇辉,1
2025/3/28 12:32,不要胡说八道了，夸大事实，真无聊！跟新东方还有关系吗？,1
2025/3/28 12:33,我啊,0
2025/3/28 12:33,一看东西就不重，像观众送给他的礼物,0
2025/3/28 12:33,那你是没看到这张，在机场戴墨镜看书,0
2025/3/28 12:33,我,0
2025/3/28 12:33,不原谅又能咋滴,1
2025/3/28 12:33,媒体标题真的烂透了,1
2025/3/28 12:33,咋没砸丝他呢,1
2025/3/28 12:33,1,1
2025/3/28 12:33,我没买过，就没买过直播的东西。,0
2025/3/28 12:34,扯淡，那在哪看书，蹲厕所看,1
2025/3/28 12:34,你不要看他怎么读，要看他怎么说。,0
2025/3/28 12:34,马云什么时候说的？就是你这种谣言让马云风评越来越差，马化腾越来越嚣张。,1
2025/3/28 12:34,黑粉也是，不喜欢勿喷，又没求着你们看谁也不是人民币，做不到人人喜欢，喷别人的时候，照镜子看看自己，还不如别人一半优秀//@饭团PD:云南阅山河介绍了那么多文化，不上热搜，这也能上热搜,1
2025/3/28 12:34,还好，只买过一次李佳琦的,0
2025/3/28 12:34,[玫瑰][玫瑰][玫瑰][玫瑰][玫瑰][玫瑰][玫瑰],0
2025/3/28 12:34,田呢,0
2025/3/28 12:34,你管呢,1
2025/3/28 12:35,主要是那丢过去的东西是什么。礼物？还是其它？,0
2025/3/28 12:35,从来没买过直播间的东西,0
2025/3/28 12:36,马云说的话只能代表他自己,0
2025/3/28 12:36,这是干什么,0
2025/3/28 12:36,天啊,0
2025/3/28 12:37,这话很没说服力,0
2025/3/28 12:37,#曝董宇辉下播后险被砸#这也太不礼貌了，就算送礼物也要经过人同意才丢吧,0
2025/3/28 12:37,还好身边的人发现及时,0
2025/3/28 12:37,马云说他不喜欢钱，准备送给你,0
2025/3/28 12:37,我表示一单还没买过,0
2025/3/28 12:38,怎么记得去年已经离开了？,0
2025/3/28 12:38,是嫉妒，是狠，那么优秀的孩子扔人家干嘛,1
2025/3/28 12:38,是谁给买的热搜，好好查查，不管是送礼物还是什么，都不建议这样干,1
2025/3/28 12:38,我没买过,0
2025/3/28 12:38,中午好呀,0
2025/3/28 12:39,好吓人，就算善意的也变恶意了,1
2025/3/28 12:39,不好意思从来不买主播卖的东西,0
2025/3/28 12:40,什么垃圾博主！！！抹黑董宇辉！！告死你,1
2025/3/28 12:40,发生了什么,0
2025/3/28 12:41,在他直播间买的东西，挺让人放心的,0
2025/3/28 12:41,网红=坑,1
2025/3/28 12:41,妈呀,0
2025/3/28 12:41,找这些人干嘛呢？要认爹吗,1
2025/3/28 12:41,他是干嘛的 我有个同学崇拜他崇拜的要命 可是我不知道他具体干嘛的,0
2025/3/28 12:41,我,0
2025/3/28 12:41,[赞][赞][赞],0
2025/3/28 12:41,你找我做甚？,1
2025/3/28 12:41,随便往人家就车上扔东西，不明或危险品谁负责，张颂文老师扔的对，扔得好，抵制私生，支持张颂文老师。,0
2025/3/28 12:42,一般人看到被砸，镜头不是会转到袭击者吗？你这镜头就这样一直拍董？,1
2025/3/28 12:42,我都没买过，基本就在京东消费,0
2025/3/28 12:42,三只羊？,0
2025/3/28 12:42,知识的摄入不需要分场合吧,0
2025/3/28 12:42,举手,0
2025/3/28 12:43,我滴天,0
2025/3/28 12:43,虽然……但是……的确有守门员的潜质,0
2025/3/28 12:43,茶叶店老板娘仍的一包茶叶给董宇辉，不用过度解读,0
2025/3/28 12:43,有些人别出来丢人现眼了，烦,1
2025/3/28 12:43,up,0
2025/3/28 12:43,文学家还没说呢,0
2025/3/28 12:43,还好有护主挡住了,0
2025/3/28 12:44,只是砸东西算好了,1
2025/3/28 12:44,茶叶店老板娘仍的一包茶叶做礼物，不用过度解读,0
2025/3/28 12:44,我,0
2025/3/28 12:44,到底骗人什么呢？要这么对他，那还是口碑好，现在口碑就差了，怎么的口碑全凭你们自己自己猜呗,1
2025/3/28 12:44,坏蛋，追究刑事责任,1
2025/3/28 12:45,马云说：新东方不一定有教育一定有,0
2025/3/28 12:46,对扔东西的人不光有道德谴责，还要有法律风险,0
2025/3/28 12:46,我一个也没买过，直播也没看过,0
2025/3/28 12:46,扔东西严重会 寻衅滋事处理的,1
2025/3/28 12:46,董宇辉热度还是这么高，这么点小事都值得报道，而且还是不实报道，哈哈,1
2025/3/28 12:46,早晚得塌,1
2025/3/28 12:46,拜，吃瓜群众喜欢看,0
2025/3/28 12:46,开始烦他了,1
2025/3/28 12:46,回复@人生只需开心:是观众想送礼物，是个毛茸茸的玩偶，着急想送，这标题  还有你这货,1
2025/3/28 12:46,我就是一单没买过，而且之前他们具体是什么人，干什么的我也不清楚。我是属于从小就“众地莫站，众事莫理”的人，人多的地方就有江湖，懂的都懂。,0
2025/3/28 12:47,新浪黑董宇辉第一名,1
2025/3/28 12:47,我一件都没买过，连直播间都没进去过,0
2025/3/28 12:47,确实高哎,0
2025/3/28 12:47,这不就是我呀,0
2025/3/28 12:47,日安朋友??要开心哦！,0
2025/3/28 12:47,典型的看不得别人好,1
2025/3/28 12:47,造神毁神,1
2025/3/28 12:47,今日功德回向刘皓剀，愿刘皓剀得此利益离苦得乐，往生净土。,0
2025/3/28 12:47,回复@Rrr普渡众ssS:是观众想送礼物，是个毛茸茸的玩偶，着急想送，这标题,0
2025/3/28 12:48,??,0
2025/3/28 12:48,把这个人找出来，送进去踩缝纫机,1
2025/3/28 12:48,回复@雾宁韵语:是观众想送礼物，是个毛茸茸的玩偶，着急想送，这标题,0
2025/3/28 12:48,这么大的抛物线，应该不是被砸吧,0
2025/3/28 12:48,我都没买过,0
2025/3/28 12:49,男人打扮一下都挺帅的,0
2025/3/28 12:49,这是为何呢，好奇的,0
2025/3/28 12:49,他干是这个工作,0
2025/3/28 12:49,送礼物掉过去就好，不该往头掉。,1
2025/3/28 12:50,没有啊，我中午或下班后有时也在办公室看书过,0
2025/3/28 12:50,这里，我真的没买过,0
2025/3/28 12:50,是观众想送礼物，是个毛茸茸的玩偶，着急想送，这标题  还有你这解读  有点羞先人,1
2025/3/28 12:50,回复@瓦来啦:是观众想送礼物，是个毛茸茸的玩偶，着急想送，这标题,0
2025/3/28 12:50,要是真没素材，你发个天气预报吧,0
2025/3/28 12:50,“是花自然香，是金子总会发光，努力的人总会得到回报”,0
2025/3/28 12:50,不错不错,0
2025/3/28 12:51,用粉圈那一套对付傻白甜的中老年妇女可太简单了。丢人现眼的死丑货，造孽玩意。在中老年妇女那逞英雄，装帅哥。恶不恶心人？长的跟没进化好的老鳏夫似的。,1
2025/3/28 12:51,董还在机场戴墨镜看呢,0
2025/3/28 12:51,回复@刘昊霖Andy:是观众想送礼物，是个毛茸茸的玩偶，着急想送，这标题 一个个屁都不调查  热度蹭的一波一波 还是离不了人家,1
2025/3/28 12:51,你是说在以色列带着小帽子扶墙的那个马云么,0
2025/3/28 12:51,这是工作的一部分了，看的再少，也得补补了,0
2025/3/28 12:51,我没买过,0
2025/3/28 12:51,回复@funny-6:是观众想送礼物，是个毛茸茸的玩偶，着急想送，这标题,0
2025/3/28 12:51,太可怕了,0
2025/3/28 12:52,像他这样靠讲知识赢得粉丝的主播，就是要有知识储备，所以多看书不奇怪。,0
2025/3/28 12:52,??，越是网红的东西越不买。,0
2025/3/28 12:52,他怎么惹到其他人了,0
2025/3/28 12:53,下播也上热搜,0
2025/3/28 12:53,真是有钱啊，给宇辉买热搜，那么有钱多发点给员工不好吗？,1
2025/3/28 12:54,中午好啊，周五愉快,0
2025/3/28 12:54,可惜了,0
2025/3/28 12:54,人家宣传读书的的为什么不可以，,0
2025/3/28 12:54,真可惜,0
2025/3/28 12:54,我虽然都没买过，但是不妨碍我对董宇辉的认可，对小杨哥、薇娅、李佳琦的佩服。他们都是普通人崛起，有的是专业知识长期积累，有的是幸运恶搞视频，但是都成功过了。只是“成功”太快太大，社会对“成功”定义也往往局限于金钱，导致各种结果。 另外，绝对不妨碍对辛巴和它的粉丝的厌恶,1
2025/3/28 12:54,买过三个人的,1
2025/3/28 12:55,马云说，马云是古圣贤人？,1
2025/3/28 12:56,这种新闻也能上热搜？！,1
2025/3/28 12:56,自导自演，不是一次了。,1
2025/3/28 12:56,能不能别报道他了，烦,1
2025/3/28 12:56,怎么这样,1
2025/3/28 12:57,送的礼物但是不能以这样的方式给太危险,0
2025/3/28 12:57,被忽悠的购买东西的家人都可以砸他。[嘿哈][嘿哈],1
2025/3/28 12:57,晚上好呀,0
2025/3/28 12:57,总结不错啊,0
2025/3/28 12:57,俞老师在海南邀请近70岁的戴建业老师骑行，戴老师头着地摔倒了，实在太可怜了,0
2025/3/28 12:57,没有。,0
2025/3/28 12:58,这个不是砸，是抛吧。反正没力度。具体情况不清楚,0
2025/3/28 12:59,安保？大明星？,0
2025/3/28 12:59,要正确方式才行,0
2025/3/28 12:59,这跟张的事件有什么区别,1
2025/3/28 13:00,直播卖书不在周围摆上书那放啥 放吃的吗,0
2025/3/28 13:00,[赞][赞][赞][赞][赞],0
2025/3/28 13:00,主播讲得好[赞],0
2025/3/28 13:01,那个扔东西的人抓起来没有,1
2025/3/28 13:02,感谢分享 很喜欢,0
2025/3/28 13:02,马云说的话就一定是真理？,1
2025/3/28 13:02,我都没买过，从不看主播买东西,0
2025/3/28 13:02,白眼狼网红令人讨厌吧！,1
2025/3/28 13:02,中午好呀,0
2025/3/28 13:03,没买过，不看购物直播,0
2025/3/28 13:03,新闻媒体要报道事实，一包茶叶怎么就能受伤？虽然这种行为不当,0
2025/3/28 13:04,你想表达啥的,0
2025/3/28 13:04,回复@互为人间不如自成宇宙:抖 上的直播顶流，四天2.3亿不包文旅产品，市文化文旅局长亲自参与。在线人数一直十万多。你说的没流量的，是指新东方吧，现在在线就二三千人，有时候一千多。要是没有当年董带来的二千多万的粉丝，现在应该黄了吧。,0
2025/3/28 13:05,像抛物线,0
2025/3/28 13:05,看他脸就想吐??,1
2025/3/28 13:05,我没买过，会咋,0
2025/3/28 13:05,找人干嘛？发钱吗,1
2025/3/28 13:06,沐猴而冠??,1
2025/3/28 13:06,已投诉本文作者??,1
2025/3/28 13:06,早晚塌房,1
2025/3/28 13:07,那么多美好的画面报道了吗,0
2025/3/28 13:07,高尚的人设,0
2025/3/28 13:07,青菜萝卜各有所爱！宇辉是好样的！ 大家掌握分寸感就OK啦！,0
2025/3/28 13:07,我也都没买过,0
2025/3/28 13:08,谢谢博主的精彩分享,0
2025/3/28 13:08,还真没买过,0
2025/3/28 13:09,卖书,0
2025/3/28 13:09,下午好呀[鮮花],0
2025/3/28 13:09,你们就那么缺钱吗？就是个误会，消费者想送礼物一着急给扔过去了，一天天的，就不能报道他云南阅山河宣传祖国大好河山正能量的宣传片？,1
2025/3/28 13:10,神经病，恶心人的媒体！为了俺流量毫无底线！没有职业道德！丢人现眼！,1
2025/3/28 13:10,我的关注点比较奇怪，“索性”不是应该用“所幸”嘛,0
2025/3/28 13:10,转发微博,0
2025/3/28 13:10,昨天看了直播,0
2025/3/28 13:11,我不会网购只在实体店里买,0
2025/3/28 13:11,应该是台下观众看不下，没扔臭鸡蛋算不错了[呲牙],1
2025/3/28 13:11,这是有多看不惯他啊,1
2025/3/28 13:11,人家抛了一个毛绒玩具，修仙人无良媒体,1
2025/3/28 13:12,别扩大化，又不是真想砸。,0
2025/3/28 13:12,马云说说读书这事儿，呵呵,0
2025/3/28 13:12,多了 不看直播的人就见不到他们,0
2025/3/28 13:13,与辉同行成立一年，在微博被上了54次黑热搜都没被打垮，这次的断章取义已经是小意思了！,1
2025/3/28 13:13,……,0
2025/3/28 13:13,标题有问题,0
2025/3/28 13:13,我！从来没买过。我就不喜欢看直播，我没耐心听直播说来说去我要买啥我喜欢自己去品牌旗舰买。,0
2025/3/28 13:14,粉丝送礼物，媒体,0
2025/3/28 13:14,应该也不是什么危险性物品,0
2025/3/28 13:14,"现在下播这个名词以后要记入词典！！！
M的一群不学无术的人专攻文化缺陷弱点",1
2025/3/28 13:15,他自己没说自己上知天文下知地理，你自己内心这么觉得，又因为眼红又去否认,1
2025/3/28 13:15,饭圈吧,0
2025/3/28 13:15,关注与辉同行31号浙江龙井专场 ，谢谢,0
2025/3/28 13:15,装给丈母娘们看呗,1
2025/3/28 13:15,我觉着他俩都比我读的书多，比我强,0
2025/3/28 13:16,路过的朋友们可以帮忙点开浏览一下吗需要完成任务谢谢！网页链接,0
2025/3/28 13:16,连事实真相都不去了解，只为了博眼球张嘴就来，这也叫媒体？,1
2025/3/28 13:16,没事报道了去吧村东头大粪挑了，嫌骂人难听，去养老院看看老人吧,1
2025/3/28 13:16,这是咋回事,0
2025/3/28 13:16,粉丝送礼物，读妙财经想什么？新闻要素是什么？,0
2025/3/28 13:16,我还真的没有买过,0
2025/3/28 13:16,下午好呀，谢谢分享,0
2025/3/28 13:16,非常精彩的内容,0
2025/3/28 13:17,全网没人关心戴建业教授骑行受伤，到底是俞老师日落西山还是媒体觉得戴老师不应该被关心,1
2025/3/28 13:17,扇阴风点鬼火制造话题制造矛盾,1
2025/3/28 13:17,老乡，业务做大做强,0
2025/3/28 13:17,太无语了,0
2025/3/28 13:17,我一单没买过，一次直播没看过，不小心被推都马上划走。,0
2025/3/28 13:18,下午好呀！,0
2025/3/28 13:18,转发微博,0
2025/3/28 13:18,是黑子吧,1
2025/3/28 13:19,社会戾气太重,0
2025/3/28 13:19,人间永远有阴暗潮湿的一面,0
2025/3/28 13:19,我在现场，只是现场粉丝相送一个毛毛玩偶，看宇辉起身要走，着急了而已,0
2025/3/28 13:20,看书也有毛病？,1
2025/3/28 13:20,只买了董宇辉的这里集合,0
2025/3/28 13:21,原来喜欢他和顿顿 现在不喜欢他 还是喜欢顿顿。。,0
2025/3/28 13:21,产品出了那么多问题，不过这也是网红的必经之路，反正有平台扶持，不怕塌,1
2025/3/28 13:21,非常恶劣的行为！ 为了掩盖真实企图美其名曰送礼物 正常人谁会朝背后扔??,1
2025/3/28 13:21,马云  呵呵  他说的就对吗？,1
2025/3/28 13:22,这些人的我一单没买过。基本京东买得多。要么线下超市买,0
2025/3/28 13:22,没事，这年还有这胆大的[捂脸],0
2025/3/28 13:22,这个值得热搜吗，真是没什么报道了,1
2025/3/28 13:22,我很好奇，这为啥上了热搜，不会自导自演吧,1
2025/3/28 13:22,看看后续怎么样,0
2025/3/28 13:22,听你说话，你肯定读了很多无用的书,1
2025/3/28 13:22,有道理[赞][赞][赞],0
2025/3/28 13:22,太可惜了！（我指没砸到）,1
2025/3/28 13:22,讨厌他的人越来越多了,1
2025/3/28 13:23,我没有……,0
2025/3/28 13:23,这扔的一定是礼品或者特产，看抛物线就知道了，如果是恶意的话，东西就不会这么丝滑的落下来了#曝董宇辉下播后险被砸# #曝董宇辉被现场观众扔东西#,0
2025/3/28 13:23,没文化的网红,1
2025/3/28 13:23,很好奇，这怎么会上热搜，还是自导自演，买的热搜呀,1
2025/3/28 13:24,不喜欢 不想看见他,1
2025/3/28 13:24,丈母娘疯了吗，怎么这样,1
2025/3/28 13:24,回复@财煮妇 的表态:,0
2025/3/28 13:24,这个唐哲就是个垃圾，,1
2025/3/28 13:24,回复@用户7912543107 的表态:????,0
2025/3/28 13:24,听说俞老板带嘉宾骑行摔伤面部仍然坚持上播,0
2025/3/28 13:24,张颂文那个也是同款，我们老百姓接到陌生人送来的东西，也是本能的拒绝啊，谁知道里面是毒品还是炸弹？！,0
2025/3/28 13:25,坏人,1
2025/3/28 13:25,送的是个礼物，毛绒娃娃，没事的。,0
2025/3/28 13:25,为啥砸他,1
2025/3/28 13:27,【#曝董宇辉下播后险被砸##曝董宇辉被现场观众扔东西#】3月27日，根据网友上传的视频显示，在与辉同行云南行期间，董宇辉在下播后欲离开时，现场有观众向其扔东西，差点砸中董宇辉。,0
2025/3/28 13:27,没买过,0
2025/3/28 13:27,太无语了,0
2025/3/28 13:27,看来看清董网红人品的人越来越多了，一个用粉丝网暴别人获利的网红，注定走不远的,1
2025/3/28 13:27,这样吗,0
2025/3/28 13:27,就是个玩偶 这也能热搜？营销号闲的吧,1
2025/3/28 13:27,太惊险了，砸到估计会粉身碎骨,1
2025/3/28 13:28,支持主播，,0
2025/3/28 13:28,都没买过 。你找到我了,0
2025/3/28 13:28,这货从一开始我都无感,1
2025/3/28 13:28,我没买过,0
2025/3/28 13:28,极端,1
2025/3/28 13:29,马云说我对钱没有兴趣,0
2025/3/28 13:30,雷先生：,0
2025/3/28 13:30,坏事做多了，砸到就好了[呲牙],1
2025/3/28 13:30,是什么东西啊，看看后续结果,0
2025/3/28 13:30,找到了会不会被打啊？我就是，好怕被你们打,1
2025/3/28 13:30,实在没得新闻报了吗？没看出哪里有问题，等着举报吧,1
2025/3/28 13:30,作秀了？,1
2025/3/28 13:30,坏事做多了，砸到就好了[赞],1
2025/3/28 13:31,第一次听说这个人,0
2025/3/28 13:31,想黑董，也不要閉眼黑哈。,1
2025/3/28 13:32,中午好呀,0
2025/3/28 13:32,都没买过,0
2025/3/28 13:34,下午好啊,0
2025/3/28 13:36,三观炸裂的董，迟早被大家唾弃,1
create_date_time,content,0
