timestamp,content,label
2025/3/1 0:18,“嘲笑迈巴赫”，2025年开年的第1个大笑话，就算华为那车卖到1000万，我也毫不犹豫选择迈巴赫,1
2025/3/1 0:52,一场发布会下来，卖的最好的是雷军同款皮衣,0
2025/3/1 1:23,这车三个月后能比56e销量高我吃,1
2025/3/1 1:51,聪明人已经在等红米SU7/小米SU7青春[黑脸],0
2025/3/1 2:35,"保时捷迎来了旗鼓相当的对手
奔驰遇到了业界百草枯[看]",0
2025/3/1 2:47,家庭教育才是最重要的,0
2025/3/1 5:56,今天一路200飚回去[泪奔]都给我忍住,0
2025/3/1 7:11,纠结一晚上，max还有一周到店转ultra了，max速度还用的上，ultra真用不上[捂脸],0
2025/3/1 8:50,如果无人驾驶出来就更好了,0
2025/3/1 9:02,ultra 必须上！,0
2025/3/1 9:06,电车有什么前途呀,1
2025/3/1 9:13,忘不了保时捷：咱们下个赛道见[微笑]军儿：哪个赛道[舔屏] 保时捷：你没完了？追着打[发怒],1
2025/3/1 9:15,刚买的，咋整,0
2025/3/1 9:39,刘强东能把京东做这么大看人的眼光确实是准的[灵机一动],0
2025/3/1 10:23,一千五百匹能不能拖一个大挂？ [发呆],0
2025/3/1 10:36,雷总，我们女生喜欢这样的！拜托了??????,0
2025/3/1 10:48,小米su7ultra，有一种刘亦菲50万彩礼就嫁，但我拿不出，急的团团转的心情[九转大肠][九转大肠][九转大肠],1
2025/3/1 11:07,“一块钢板的艺术之旅”“摄像头7层玻璃”,0
2025/3/1 11:12,哈哈哈哈哈哈哈哈，帅到爆[舔屏],0
2025/3/1 11:14,不敢想小米在国外市场得卖的多火爆[看],0
2025/3/1 11:14,看完发布会 我立马下单了……两个杯子！！！哈哈哈哈哈哈,0
2025/3/1 11:17,雷总为啥不整个混动啊！！弄个混动我们新疆也能玩起来了,0
2025/3/1 11:26,你给我卖80啊！！！！你卖50！！是真的心动啊！！！[苦涩],0
2025/3/1 11:51,我急的在被窝里打滚，雷总赔本卖我却买不起[流泪][流泪][流泪],0
2025/3/1 12:09,奔驰C已经研究明白了,0
2025/3/1 12:34,52.99万的车，送的东西是车价的十分之一，7000多的手机，摄影套件就给便宜300[流泪],0
2025/3/1 12:34,麻烦出个10万的车，这才是人民需要的，动辄二三十万，别忘了初心[玫瑰],0
2025/3/1 13:01,红米和小米的既视感,0
2025/3/1 13:06,军，车上的空调交给姐行不行，行不行！你说句话啊,0
2025/3/1 13:11,雷总唯一做错的就是降价，下放一个阶级了属于[捂脸],0
2025/3/1 13:17,其实起号很简单，只要我到处评论，总有人看看我是个什么玩意儿 [流泪],1
2025/3/1 13:24,求歌名,0
2025/3/1 13:32,这个真的帅到我了[泣不成声],0
2025/3/1 13:37,它针对的从来不是普通用户，普通家庭的孩子10万左右的车不贷款就不错了（个人针对现实因素考虑，不喜勿喷）,0
2025/3/1 13:48,在最无力的年纪遇到了最想买的车[泣不成声]而且价格还感觉不贵[泣不成声][泣不成声][泣不成声],0
2025/3/1 14:00,80万我觉着是这辈子和我没关系的东西，50万说不定可以搏一搏,0
2025/3/1 14:00,现在可以买了是吗？，我不懂[泪奔],0
2025/3/1 14:01,虽然现在买不起，但是这个价位，努力真的可以买到[泣不成声],0
2025/3/1 14:13,雷总，您好，求您了，恢复82.99万吧，无论50万80万我都买不起。但是价格低了可能我朋友就买得起了，我该什么办[流泪],0
2025/3/1 14:14,su7唯一的缺陷就是溜背导致后排直接压头，要是有双门或者瓦罐，即使是动力总成不变甚至差一点都有人买单,0
2025/3/1 14:15,这一幕好有感觉，我静静的望着我一生的得意之作，他也在望着我[赞],0
2025/3/1 14:22,52.99w，真怕哪天我朋友开上,0
2025/3/1 14:28,虽然但是，30w已经是普通人的极限了，说不定还是贷款分期。52w的目标除非是学历985，或者家庭中产以上。正常工薪家庭基本可以看看降价后的其他车了。评论区还是很多理想主义了[黑脸][黑脸][黑脸],0
2025/3/1 14:40,搞,1
2025/3/1 15:18,等我上岸了，一定要买一台[流泪],0
2025/3/1 16:01,这也没免费呀,0
2025/3/1 16:04,嘲笑迈巴赫  [泪奔][泪奔]真敢想,1
2025/3/1 16:32,"这话感觉放在电脑界
友商:i9级24核处理器+军工级主板+36g高速内存[不失礼貌的微笑]",0
2025/3/1 16:42,78块的眉笔我觉得贵了，52w的小米我恨我不努力,0
2025/3/1 18:22,su7ultra=小米    su7=红米。   所以兄弟们不用等红米su7了[不失礼貌的微笑],0
2025/3/1 18:40,真的，小米的细节作为女性我愿意买单。但我喜欢SUV什么时候出一个,0
2025/3/1 19:58,目前我手上有60万，打算五一结婚的，28.8万彩礼，10万的五金，10万的酒席，婚不结了，准备上小米su7 Ultra[捂脸],0
2025/3/1 19:58,雷总告诉我们这个产品的赚头有多高[微笑],0
2025/3/1 20:02,当年华为的荣耀人人都买得起，可从来没人黑。[捂脸],0
2025/3/1 21:41,真的很想买小米SU7  UItra，但经济不允许只能一步一步的来吧[流泪][流泪]，秦Plus也是一款不错的车，真的有时候被当成滴滴司机真的很不舒服，希望大家可以买自己喜欢的车，不要在意他人的目光，不要把爱国挂在嘴边，更不要说出你不买某某某车就是不爱国，我讽刺某人。[噢买尬][噢买尬][噢买尬][噢买尬],1
2025/3/1 21:45,了解了一下，原来要开足够公里数才能解锁马力,0
2025/3/1 21:57,雷总，求求你了，还是涨回去80万吧，虽然不管50万还是80万我都买不起，但是我怕50万我朋友真买得起啊[捂脸]自己的失败固然可怕，可朋友的成功更加让人揪心啊[紫薇别走],1
2025/3/1 22:30,只有雷军能让觉得一台五十多万的车便宜,0
2025/3/1 23:28,对，电车发展方向完全错了，电车现在的动力和扭力完全不值钱，年轻人好难驾驭，重点应该在驾乘质感和安全方面。,0
2025/3/1 23:29,小米su7ultra自驾318去拉萨，4人位，成都出发拉萨，目前已有3人，第4位一定要有小米su7ultra，不然我们都去不了[流泪],1
2025/3/1 23:53,雷总五字真言含金量还在上升[咒骂],1
2025/3/2 0:03,手机圈的友商：你看你看，他又这样搞[他急了],1
2025/3/2 0:12,最抽象的是一次性纸杯[看],0
2025/3/2 0:55,不是，买车就买车，为什么那个ultra杯子一瞬间就抢没了，我就退了再刷新已经空了[九转大肠],0
2025/3/2 1:50,"以前的雷：龙晶陶瓷[呲牙]
现在的雷；一层棉花[不失礼貌的微笑]",0
2025/3/2 2:49,雷总：大声告诉我，友商是什么[看],0
2025/3/2 7:08,Ultra1500匹马力[舔屏][舔屏][舔屏][舔屏][舔屏]，新手入门花50万就可以得到1千万跑车的马力，性能也是爆表，而且2秒破百，碳纤维白送，大量别的车上的选配也白送，这在100多年的汽车工业历史上绝无仅有，雷总这个操作简直是对500万以内跑车的屠杀，不愧是雷总，雷神，说话气质温文尔雅，办起事来雷厉风行，都是狠招，世界汽车工业历史可能会被雷总改写！,0
2025/3/2 7:21,手机厂商:“熟悉的配方，熟悉的味道。”,0
2025/3/2 8:24,作为一名司机，我在此真心的奉劝各位小米车主不要在车上抽烟，一定要勤洗车勤做保养，有点小毛病一定要及时解决，偶尔做下全车打蜡皮椅护理，毕竟我再攒两年钱买二手小米时，也是有一定要求的。,0
2025/3/2 8:26,《一次性纸杯》《不锈钢做的》[黑脸]这放在一起对吗,1
2025/3/2 8:53,朋友：你车呢？我：它回娘家取钱去了,0
2025/3/2 9:21,还差52.99万就可以买小米su7ultra了[流泪],0
2025/3/2 10:26,我买车是因为销售给我说副驾有个挂钩可以翻出来挂奶茶[呆无辜][呆无辜][呆无辜]@??果果??,0
2025/3/2 10:48,"话术技巧
友商：标配
雷总：免费送",0
2025/3/2 12:25,这么说吧现在e300我可能路上看你一眼，但是ultra我一路跟着你看[流泪],1
2025/3/2 13:32,为什么说历史性呢[白眼],1
2025/3/2 13:35,等等，10000人每人借我52.99，我就可以买了[看],1
2025/3/2 17:09,不是很懂车，为什么很多人都说想买小米的这个车呀？是有什么特别之处吗？,0
2025/3/2 17:54,以前他们都叫我小偷，只有雷军才会叫我喜欢抠标的朋[泣不成声],1
2025/3/2 20:17,准备提c260了。很喜欢su7但是8-9个月对于我这种性子急的人 得失眠8个月,0
2025/3/2 21:50,友商：我刚学会开车门，这又换项目啦？,0
2025/3/2 22:02,友商再怎么学 也超越不了[看],1
2025/3/2 22:34,我去友商展厅看车，销售很牛叉的说他们的车不愁卖,0
2025/3/2 22:53,"有一种刘亦菲嫁给我彩礼只要50万的感觉
刚买过车的人感觉，刚花30万娶了村花，你告诉我50万可以娶刘亦菲",1
2025/3/2 22:54,JB5525，看不到是哪个省的,0
2025/3/2 23:02,这么夸张吗？兄弟们，1500匹马力是什么概念？[疑问],0
2025/3/2 23:24,幸好你买了低配的，我觉得最伤心的是买了max的[尬笑],1
2025/3/2 23:33,雷总，车提了，不会开，推荐一个司机嘛！月薪1w，能适应长期出差的,0
2025/3/3 5:55,要是造油车就好了,0
2025/3/3 7:08,以前一直叫雷军造个红米出来，没想到自己就是红米，家人们，这谁能忍啊？[捂脸],0
2025/3/3 7:23,这弯腰，友商一辈子都学不会[灵机一动],1
2025/3/3 8:32,小米su7 Ultra，有一种刘亦菲只要十万彩礼就能结婚，而我却拿不出来的无力感[流泪],0
2025/3/3 9:38,雷总用一生证明那五个字,1
2025/3/3 9:56,"八十几万时，雷军说：大家安静一下。
五十几万时，雷总说：大家别叫了。[大笑]",0
2025/3/3 10:16,小米能招到雷军这样的销售也是小米的福气,0
2025/3/3 10:34,我老公喜欢华为问界M7，试车，价格都好了，我不喜欢，他到现在都没买上[呲牙],0
2025/3/3 10:39,人人都叫我小偷，只有雷总称我为喜欢扣车标们朋友,1
2025/3/3 11:12,红米真像开滴滴的  ultra是真的颠覆了我对豪华和性能的认知 才50几啊 1500对P [流泪]家里的Taycan 4S和卡宴真的不香了 不 是没有香味,0
2025/3/3 11:26,别说万亿了，我要是到了千万身家这个腰都弯不了一点，不愧是销冠雷总[流泪][流泪][流泪][流泪],0
2025/3/3 11:30,中国人一生的执念0.99[调皮],0
2025/3/3 11:47,雷军：不是说市场饱和了吗[捂脸][捂脸][捂脸][捂脸][捂脸],0
2025/3/3 12:14,只要五十万，让雷军当一回司机，又屈膝握手，最后走的时候还送一辆车[泣不成声]让我觉得我好羞愧没有五十万,1
2025/3/3 12:24,52.99的小米su7 ultra让我有一种仅需53万就能娶刘亦菲而我还娶不起的憋屈感[流泪][流泪][流泪][流泪][流泪][流泪]馋死我了,0
2025/3/3 13:09,不愧是你,0
2025/3/3 13:12,友商：他又搞这死出,1
2025/3/3 13:24,我有一家公司，我花53万和雷总见面，还和雷总私下洽谈。走的时候雷总很开心送了一辆车给我[看]  我回去合照一贴[看][看][看],0
2025/3/3 13:35,@?????? 不是，本来觉得贵了，他一个如果不小心踩了油门自动刹车，不是，我将从今天开始进厂打工[流泪][流泪][流泪][流泪],0
2025/3/3 14:13,友商大半夜坐起来：不是 他到底要干嘛啊 我刚学会笑,1
2025/3/3 14:47,BBA和小米二选一，没开过BBA还是选择BBA吧，也算拥有过，如果你已经拥有BBA，闭眼上小米,0
2025/3/3 15:46,我感觉雷总是故意的。之前放出烟雾弹82万，其他友商纷纷推出79万的车，结果现在天塌了。,1
2025/3/3 17:04,你要底盘悬架空间，直接极氪7X，价格还实惠，绝对好车,0
2025/3/3 17:04,实现了平民也能拥有千匹马力的车，不过玩的起千匹马力油车的人又不怎么看得上，因为玩车的人都是为了带有轰鸣声的刺激感,0
2025/3/3 17:09,意思就是行驶过程猛踩油门会停下来，而不是猛的冲出去,0
2025/3/3 17:37,其他品牌是真把我们当日本人整啊,1
2025/3/3 18:17,我跟我对象去看奔驰 那个女的直接毫不掩饰的上下打量我们 说车在外面 让我们自己去看 然后就不搭理我们了  我们在外面转了一圈都没找到那个车型 最后发现车就在展厅里面 气的我转头就去提了su7[微笑],1
2025/3/3 20:11,说实话，花五十万跟首付见个面，握个手，他还给我当司机，走的时候送我车，包不亏的好吗,0
2025/3/3 20:43,这弯腰细节，友商们一辈子都学不会[灵机一动],1
2025/3/3 20:56,这才是对待衣食父母，不是趾高气昂的给自己的用户开会[捂脸],0
2025/3/3 21:17,不是，你们都觉得便宜哈[泣不成声]50个啊,0
2025/3/3 22:08,小米公司就雷军一个销售，其他全是售后[看],1
2025/3/3 22:16,嘿嘿[不失礼貌的微笑],0
2025/3/3 22:22,小米汽车还是科研的太快了，等一年再发U版，正好在su7流量末端衔接上新的热度，还能给车主缓冲时间，两项得力啊,0
2025/3/3 23:48,我就问那个女生能拒绝??,1
2025/3/4 1:57,我提了一台新车，评论区一堆人说不如买小米[捂脸]能一样吗,1
2025/3/4 9:17,保时捷现在在生产坦克了[尬笑],0
2025/3/4 9:20,当小米的销售好爽啊 根本不用销售 雷军一个人就能卖 他们只用在店里等着人主动来下单[黑脸],1
2025/3/4 10:11,你要的其实是一条视频的开篇爆点~,0
2025/3/4 10:48,别人都叫我小偷，只有雷总叫我抠标的朋友[看],1
2025/3/4 12:10,有一种刘亦菲50万彩礼就嫁的感觉 但我就是拿不出来急得团团转[流泪],1
2025/3/4 14:54,人家都叫我小偷，只有雷总会说“喜欢抠标的朋友”哈哈哈哈哈要笑晕在转转二手机前了,0
2025/3/4 16:56,第一次想为男人花钱[泣不成声],0
2025/3/4 18:12,小米su7ultra，有一种刘亦菲50万彩礼就嫁，但我拿不出，急的团团转的心情[九转大肠][九转大肠][九转大肠],1
2025/3/4 18:39,小爱同学打开安全气囊,0
2025/3/4 18:44,作为一名几年驾龄的老司机，我在此真心的奉劝各位小米车主不要在车上抽烟，一定要勤洗车勤做保养，有点小毛病一定要及时解决，偶尔做下全车打蜡皮椅护理，毕竟我再攒两年钱买二手小米时，也是有一定要求的[微笑],0
2025/3/4 18:55,说得太对了，我们家就是，我只要否决了，我老公就买不了,0
2025/3/4 21:02,今天又学会一句名言“自己的失败固然可怕，但是朋友的成功让我难受啊”,0
2025/3/4 21:32,起因经过结果[愉快],0
2025/3/4 21:36,换个角度想，他没有说一句废话，逻辑严谨，交代了整个事情的流程，也表达了他愉悦的心情,0
2025/3/4 22:02,冲我来的吗[发呆],1
2025/3/4 22:03,下次发微博的雷总：以后我还得整点华丽辞藻,0
2025/3/4 22:21,是的，不过我形容天气是这样的：今天太阳公公笑眯眯[再见],0
2025/3/4 22:31,大家千万不要被蒙蔽了呀，他以前可是混论坛的初代级人物呀。一天3万字啊。[九转大肠][九转大肠][九转大肠]他以前写的文章可是非常好的。,0
2025/3/4 22:57,以他的才华，可能是故意这样写，为了让我们看懂[暗中观察][暗中观察][暗中观察],0
2025/3/4 23:25,虽然……，但是大家都非常开心。我小学写日记结尾的固定模板啊！！！！[尬笑],0
2025/3/5 0:31,像这种大老板的微博呀，抖音呀，大部分都是他的手下去发去做的不可能是亲自上手很少很少,0
2025/3/5 0:49,友商：他怎么发篇流水账都有讨论度啊[疑问],1
2025/3/5 0:52,通俗易懂，现在我也喜欢发这样的朋友圈 ，以前：晓看天色暮看云，行也思君坐也思君，现在，在吗，我们见见[尬笑],0
2025/3/5 2:21,今天去公园放风筝了，玩的很开心[裂开]每天都是今天很开心,0
2025/3/5 2:42,雷总 :好好好 下次写成代码[看],0
2025/3/5 7:44,"[发呆][发呆][发呆][发呆][发呆]
它是怎么区分，急加速不是为了紧急避险？？？？？？？？？？？？？？？？？？
假如旁边大货车要倒了，老子一脚电门，它直接定住了[打脸]直接砸的死死的",1
2025/3/5 8:28,以前对1500匹没有概念，这次有了[捂脸],0
2025/3/5 8:41,[暗中观察]军儿，车上的空调交给姐行不行，行不行！你说句话啊！！！,0
2025/3/5 8:51,《但是大家都非常开心》曾经一年的小学暑假日记的每个结尾我都这么些[绝望的凝视],0
2025/3/5 9:08,所以我以前就有总裁的文笔？[舔屏],0
2025/3/5 10:09,他是为了大部分网友看得懂才写的流水账，他写代码你看得懂么，他用大学汉语言文学的写作方式，看得懂的有几个,1
2025/3/5 10:45,人家只是为了让我们看的懂[看]他可是上学时候的学霸，论坛之前的大拿，国内顶级程序员之一，力抗微软十年霸权的男人[暗中观察]现在只想当一个简简单单的“首富”心里没有弯弯绕绕，想融入大家的圈子，跟大家交个朋友,0
2025/3/5 10:49,粉色是心头爱[调皮],0
2025/3/5 11:47,你觉得和一个人相处极度舒适时候，往往是对方在向下社交，全方位控制在和你同一水平线，不是他的上限，是你在他眼中的上限,1
2025/3/5 12:15,雷总  下次结尾：真是开心的一天啊！,0
2025/3/5 12:51,雷总，你怎么看,0
2025/3/5 13:20,我家那个也是，特别喜欢比亚迪电车，我说贵了，现在便宜了，我说看到的同款太多了，几年了他只能看看[看],0
2025/3/5 13:22,人民的小米[大笑],0
2025/3/5 13:53,50万买理想L9和问界m9不香吗[捂脸][捂脸][捂脸]，车大，又大气，,0
2025/3/5 14:29,有车有房，没男朋友[酷拽][酷拽],0
2025/3/5 14:30,优秀[赞],0
2025/3/5 14:30,免费领取[看],0
2025/3/5 14:30,媳妇我在这呢，你都不接我回家[捂脸][捂脸],0
2025/3/5 14:30,举手,0
2025/3/5 14:30,不卡性别 可以不[笑哭],0
2025/3/5 14:31,宝贝我来了,0
2025/3/5 14:31,??钓的不错啊老铁,0
2025/3/5 14:31,那要老公吗[害羞][害羞],0
2025/3/5 14:31,？,0
2025/3/5 14:31,[捂脸],0
2025/3/5 14:31,[尬笑][尬笑][尬笑]真假的,0
2025/3/5 14:31,宝贝 [舔屏],0
2025/3/5 14:31,大夫说我牙不好,0
2025/3/5 14:31,优秀,0
2025/3/5 14:31,这..该往自身研究研究了,0
2025/3/5 14:31,宝贝[看],0
2025/3/5 14:31,说什么呢，宝贝[大笑][大笑],0
2025/3/5 14:31,宝贝性别别卡的太死[色],1
2025/3/5 14:31,[捂脸] 总会有的,0
2025/3/5 14:31,没房没车有女朋友[呲牙],0
2025/3/5 14:31,我也在浙江杭州  可以找我啊[捂脸],0
2025/3/5 14:31,[赞],0
2025/3/5 14:31,做你男朋友能换迈巴赫吗？[大笑],1
2025/3/5 14:31,我可以[看][看],0
2025/3/5 14:31,hello,0
2025/3/5 14:31,你买小米就有了,1
2025/3/5 14:31,我滴天，我恨不得跟你一样，有钱还缺啥！找个 弟弟就行了！,1
2025/3/5 14:31,哈哈哈[看],0
2025/3/5 14:31,姐姐你看我行嘛[暗中观察],0
2025/3/5 14:31,能做你鱼塘里的第一条鱼吗[玫瑰],0
2025/3/5 14:31,富婆,1
2025/3/5 14:32,人生赢家，要男朋友干嘛来气人吗[看],1
2025/3/5 14:32,主要是时间都用去赚钱了[捂脸],0
2025/3/5 14:32,宝贝，你现在有了,0
2025/3/5 14:32,姐，[吐舌]我不想努力了[快哭了],0
2025/3/5 14:32,我老公挺不错的[呲牙],0
2025/3/5 14:32,越高的地方，人越少,0
2025/3/5 14:32,美女你看看我可以吗[呲牙],1
2025/3/5 14:32,那可惜了,0
2025/3/5 14:33,女性朋友蛮好,0
2025/3/5 14:33,临时的要么？,0
2025/3/5 14:33,在杭州都要饿死了      工作太难找了[泣不成声][泣不成声],0
2025/3/5 14:34,姐姐，女朋友也可以啊[呲牙],1
2025/3/5 14:34,宝贝儿，我来了,0
2025/3/5 14:35,你男朋友在幼儿园读书呢[捂脸],1
2025/3/5 14:35,我当你男友,1
2025/3/5 14:36,我来,0
2025/3/5 14:38,宝贝,0
2025/3/5 14:38,刚刚帮你们去主页看了哈，她孙子都在耍女朋友了[捂脸][捂脸],1
2025/3/5 14:38,我来[泪奔],0
2025/3/5 14:38,要不要上门女婿,0
2025/3/5 14:39,这是我的白月光,0
2025/3/5 14:39,@zik-,0
2025/3/5 14:41,姐姐，上门女婿要吗[抠鼻],1
2025/3/5 14:46,别以为有三角星辉，就想得到我们这些男人，你私信我试一下,1
2025/3/5 14:46,现在你有了,0
2025/3/5 14:51,姐姐性别不卡那么死[流泪][比心],0
2025/3/5 14:58,换个小米su7就有男朋友了[呲牙],1
2025/3/5 16:11,先买车，还是先买房啊，有点纠结[泣不成声],0
2025/3/5 16:12,先买吃的[微笑],0
2025/3/5 16:12,先买饭,0
2025/3/5 16:12,哈哈哈,0
2025/3/5 16:12,先活着,0
2025/3/5 16:12,先买墓[暗中观察][暗中观察],1
2025/3/5 16:12,为啥不能一起买？[暗中观察],0
2025/3/5 16:12,先吃饭[大笑],0
2025/3/5 16:12,先醒醒[看],0
2025/3/5 16:12,先吃饭吧[不看],0
2025/3/5 16:12,先把男朋友拿下,1
2025/3/5 16:12,买根热狗[看],0
2025/3/5 16:12,先买饭吧,0
2025/3/5 16:12,一起拿下[笑哭],0
2025/3/5 16:12,先买房，再买车，够了够了,0
2025/3/5 16:12,买房吧,0
2025/3/5 16:12,要不买个红塔山在想？,1
2025/3/5 16:12,先买晚饭看剩多少[看],0
2025/3/5 16:12,先买打火机,0
2025/3/5 16:13,买桶泡面加个??,0
2025/3/5 16:13,先存钱[捂脸],0
2025/3/5 16:13,先去买彩票,0
2025/3/5 16:13,先买个拼好饭看看实力[捂脸],0
2025/3/5 16:13,先买我吧[不失礼貌的微笑],0
2025/3/5 16:13,先买包辣条吃吃吧[奸笑],0
2025/3/5 16:13,先买土不然晚上没饭吃[捂脸],0
2025/3/5 16:13,不如先买包烟[看],0
2025/3/5 16:13,先分期买个枕头[害羞],0
2025/3/5 16:13,分期付款吧买车,0
2025/3/5 16:13,买根淀粉肠吃吃吧,0
2025/3/5 16:13,先买包辣条凑活凑活吧,0
2025/3/5 16:13,这么大的资金放里面不怕电诈啊,1
2025/3/5 16:13,先贷款,0
2025/3/5 16:13,当然是一起买啊，纠结啥。对自己好点,0
2025/3/5 16:13,先买个彩票可能会好点[暗中观察],0
2025/3/5 16:13,先买房吧 买车偏商务了,0
2025/3/5 16:13,别墅了解一下[尬笑],0
2025/3/5 16:13,先买几个包子吧兄弟[尬笑],0
2025/3/5 16:13,一块那个攒着买车，7块的攒着买房,1
2025/3/5 16:13,先活着,0
2025/3/5 16:13,买只笔画,0
2025/3/5 16:13,先娶老婆,0
2025/3/5 16:13,先考虑吃是吃酸菜的还是香辣的泡面吧,0
2025/3/5 16:14,能买好多包辣条，你一次性吃个饱,0
2025/3/5 16:14,去蜜雪冰城买杯珍珠奶茶[玫瑰],0
2025/3/5 16:14,先买两根烤肠,0
2025/3/5 16:14,买注彩票[泪奔],0
2025/3/5 16:14,先卖房好一点[呲牙],0
2025/3/5 16:14,先买坟，一步到位[黑脸],1
2025/3/5 16:14,先活着[尬笑],0
2025/3/5 16:14,要不咱先买饭[看],0
2025/3/5 16:14,买碗面,0
2025/3/5 16:14,天气热了先买一只冰棒,0
2025/3/5 16:14,买瓶二锅头 一口闷,0
2025/3/5 16:14,听我的先买一个圈[舔屏],0
2025/3/5 16:14,让她嫁给你,0
2025/3/5 16:15,先买泡面吧[看],0
2025/3/5 16:15,应该纠结先买馒头还是买个煎饼，不要纠结那种不现实东西实在想不通让哮天犬汁醒你,1
2025/3/5 16:15,先花七块买个房 再花一块买个车[看],0
2025/3/5 16:15,先买个塑料袋套头上感受下高原反应。,1
2025/3/5 16:15,买四注彩票车房都有了,0
2025/3/5 16:15,买两包魔芋爽吃吃得了,0
2025/3/5 16:16,买个碗,0
2025/3/5 16:16,先睡觉,0
2025/3/5 16:17,都买,0
2025/3/5 16:17,先买根肠吃,0
2025/3/5 16:19,首付32，你还差30,1
2025/3/5 16:19,一碗螺蛳粉也要9块[看],0
2025/3/5 16:20,几万块可以考虑买车,0
2025/3/5 16:20,买两个馒头吃完去搬砖[捂脸],0
2025/3/5 16:20,被子没有盖好 是谁走漏了风声,0
2025/3/5 16:20,零钱买房，零钱通买车[泣不成声],0
2025/3/5 16:20,买点8+1比较好，啥都有了[泣不成声][泣不成声],0
2025/3/5 16:21,先吃饭吧,0
2025/3/5 16:21,先活下去再说,0
2025/3/5 16:21,成年人不做选择[捂脸][捂脸],0
2025/3/5 16:21,买包辣条吃吃就好了,0
2025/3/5 16:22,先买摸,1
2025/3/5 16:22,先买药,0
2025/3/5 16:23,先睡觉,0
2025/3/5 16:23,买个彩票试试,0
2025/3/5 16:23,买车可以在车住又可以开，比较划算,0
2025/3/5 16:24,先买包辣条,0
2025/3/5 16:24,建议再买个整头[九转大肠][九转大肠][九转大肠],1
2025/3/5 16:24,找个好人嫁了吧,0
2025/3/5 16:24,先买肠吧[看],0
2025/3/5 16:24,先买馒头,0
2025/3/5 16:26,先买瓶酒,0
2025/3/5 16:29,客厅里转转就好了,0
2025/3/5 16:29,[捂脸],0
2025/3/5 16:30,这边建议你先和一起买四注双色球！,0
2025/3/5 16:31,有种军亏本卖给我，而我还买不起，给我急得团团转,0
2025/3/5 16:38,手机圈的友商：你看你看，他又这样搞[他急了],1
2025/3/5 16:41,还是先保命吧[酷拽],0
2025/3/5 16:46,先吃饭[捂脸],0
2025/3/5 16:47,先买两个包子[捂脸][捂脸][捂脸]度过今天,0
2025/3/5 16:48,先买俩包子吃[泪奔],0
2025/3/5 16:48,先坐车回家、听我的[看]不然一会儿最后一班搭不上了,0
2025/3/5 16:49,可以一起买，不怕[呲牙],0
2025/3/5 16:49,先买个棒棒糖吧[大笑],0
2025/3/5 16:50,存在银行吃利息[灵机一动],0
2025/3/5 16:51,有老婆了吗？,0
2025/3/5 16:51,零钱买房零钱通买车,0
2025/3/5 16:51,先买套煎饼果子，解决温饱吧[抠鼻],0
2025/3/5 16:52,小孩子才做选择，我全都要[泣不成声],0
2025/3/5 16:52,先吃饭吧,0
2025/3/5 16:53,可以买我了还用不完[尬笑],0
2025/3/5 16:54,先买药[黑脸],1
2025/3/5 16:54,@w    w,0
2025/3/5 16:55,车能到处开走，房你能搬走吗[呲牙],0
2025/3/5 16:56,买房，买了就不还贷款,1
2025/3/5 16:56,保时捷遇到了旗鼓相当的对手共同进步，而奔驰被行业百草枯缠上了[捂脸],0
2025/3/5 16:58,哈哈哈,0
2025/3/5 17:01,先买药,0
2025/3/5 17:02,这么有实力一起买啊兄弟，你这余额直接pdd买一套都够了还有剩余,0
2025/3/5 17:02,先买饭[捂脸],0
2025/3/5 17:02,先买杯蜜雪冰城吧,0
2025/3/5 17:02,先活着[暗中观察],0
2025/3/5 17:03,上面的买房 下面的买车[看],0
2025/3/5 17:03,先买个枕头,0
2025/3/5 17:03,先填饱肚子吧,0
2025/3/5 17:03,买个烤肠算了,0
2025/3/5 17:03,先买几包榨菜 自己把日子过好比啥都强,0
2025/3/5 17:04,先买醉,0
2025/3/5 17:04,等一下转给我，然后我给你批上去房也行车也行，游艇都可以[暗中观察],0
2025/3/5 17:04,买两包魔芋爽爽爽得了,0
2025/3/5 17:04,你这余额奥迪双钻都够呛,1
2025/3/5 17:05,你还是先吃饭,0
2025/3/5 17:05,买房车吧，这样车房都有了[调皮],0
2025/3/5 17:07,先活着吧,0
2025/3/5 17:07,先吃顿饭,0
2025/3/5 17:07,先买个馍馍吃吧,0
2025/3/5 17:08,房子住朋友的，车子坐朋友的，完美,0
2025/3/5 17:08,当然是两个都买啦，小孩子才做选择[奸笑][奸笑][奸笑]可以趁现在天还亮，先做梦,0
2025/3/5 17:08,先买饭吧[流泪],0
2025/3/5 17:09,先买塑料袋,0
2025/3/5 17:09,先买彩票,0
2025/3/5 17:10,先睡觉，梦里啥都有[捂脸][捂脸][捂脸][捂脸],0
2025/3/5 17:10,确实，该考虑了，要不先点顿拼好饭先[他急了][他急了],0
2025/3/5 17:10,可以先买个泡面吃吃,0
2025/3/5 17:10,x先睡觉,0
2025/3/5 17:10,骑共享单车吧,0
2025/3/5 17:10,上面买房 下面买车,0
2025/3/5 17:11,买了佛冷？,1
2025/3/5 17:11,买房车，一次解决两大难题[看],0
2025/3/5 17:11,至少还会理财[比心],0
2025/3/5 17:12,爱车买房是两笔钱，你刚好??两笔[赞],0
2025/3/5 17:12,买个铲子吧  不管是房啊车啊坟啥的，预算都不太够。买个铲子货比三家拼夕夕也不是买不到。最后的归宿就好歹有个工具能挖个坑。,0
2025/3/5 17:12,男的先买车，战袍,1
2025/3/5 17:12,下楼买包魔芋爽 爽爽得了[不失礼貌的微笑],0
2025/3/5 17:13,[看]先贷款,0
2025/3/5 17:13,先找个男朋友[看],0
2025/3/5 17:14,先买房吧，房子是刚需,0
2025/3/5 17:26,买点什么好呢[皱眉],0
2025/3/5 17:35,一起买,0
2025/3/5 17:36,先买饭[看],0
2025/3/5 17:37,一起买[呲牙],0
2025/3/5 17:37,买包辣条在加瓶可乐他不香吗[看],0
2025/3/5 17:38,给我凑个整数[宕机],0
2025/3/5 17:40,先买充电器,0
2025/3/5 17:44,先买两颗棒棒糖,0
2025/3/5 17:44,先买饭,0
2025/3/5 17:44,先活着[撇嘴],0
2025/3/5 17:45,先买保险吧万一哪天发了,0
2025/3/5 17:45,先买馒头吃吧,0
2025/3/5 17:45,先买个枕头。,0
2025/3/5 17:58,先活着,0
2025/3/5 17:59,你QQ飞车都买不到哇,1
2025/3/5 18:02,先买桶泡面吧[呲牙],0
2025/3/5 18:02,坟估计也买不起听我的买个小盒[抠鼻],1
2025/3/5 18:02,买车啊，车买了就能到手。还能泡妞，房子你买了贷款好几年了。地基都可能还没下呢。,1
2025/3/5 18:12,先买车，买了车就能住车上了现相当于有了房,0
2025/3/5 18:13,先买根棒棒糖,0
2025/3/5 18:13,先买个意外险吧,0
2025/3/5 18:13,憋笑挑战吗 有点意思,0
2025/3/5 18:14,先买饭[泣不成声],0
2025/3/5 18:16,买条绳子，借个凳子,1
2025/3/5 18:16,买个枕头垫高点,0
2025/3/5 18:16,先买一个梦,0
2025/3/5 18:16,听劝，先买一张彩票[呲牙],0
2025/3/5 18:16,买个枕头，梦里啥都有,0
2025/3/5 18:17,[黑脸]先去梦里睡一觉,0
2025/3/5 18:17,先买个泡面,0
2025/3/5 18:17,先买个淀粉肠吧,0
2025/3/5 18:17,7.97买房 1.19买车 完美解决[赞],0
2025/3/5 18:17,我觉得你先去买四注彩票,1
2025/3/5 18:17,先买个饼 吃饱了梦里啥都有[泪奔],0
2025/3/5 18:18,先睡觉,0
2025/3/5 18:18,都买,0
2025/3/5 18:18,先凑个整,0
2025/3/5 18:19,开放都够呛[酷拽],1
2025/3/5 18:19,哇先买个棒棒糖??[看],0
2025/3/5 18:19,先买药,0
2025/3/5 18:19,买彩票，中了啥都有了,0
2025/3/5 18:19,先睡觉,0
2025/3/5 18:19,咱先买2瓶哇哈哈一人一瓶[呲牙],0
2025/3/5 18:19,买瓶水先,0
2025/3/5 18:20,797万的余额，闭眼一起买,0
2025/3/5 18:20,@-陈述,0
2025/3/5 18:20,先买块豆腐,1
2025/3/5 18:20,先买个拼好饭,0
2025/3/5 18:20,先买个五块钱两根的淀粉肠吃一吃,0
2025/3/5 18:21,先买饭,0
2025/3/5 18:21,先买把面条把 起码够吃一个星期,0
2025/3/5 18:21,零钱买房，零钱通买车,0
2025/3/5 18:21,先活下去,0
2025/3/5 18:21,先买个泡面吃吃，吃饱了在想兄弟[舔屏][舔屏],0
2025/3/5 18:22,先买个面包,0
2025/3/5 18:22,先赚钱,0
2025/3/5 18:22,这个点先去买个炒粉慢慢吃慢慢想吧[调皮],0
2025/3/5 18:23,先给手机充电吧,0
2025/3/5 18:23,全款买两包魔芋爽，剩下的再考虑买房还是买车，对了，寄一包过来,0
2025/3/5 18:24,先买个饼吃晚饭吧,0
2025/3/5 18:24,先给我买杯蜜雪冰城，听我给你慢慢分析,0
2025/3/5 18:24,先买彩票吧，要么一穷到底，要么东山再起[笑哭],0
2025/3/5 18:24,先去买口饭吃吧,0
2025/3/5 18:25,我要是你 我就先买彩票[灵机一动],0
2025/3/5 18:25,一起买[泪奔],0
2025/3/5 18:25,先买流量包吧,0
2025/3/5 18:25,先睡吧,0
2025/3/5 18:25,买杯蜜雪冰城,0
2025/3/5 18:25,先买彩票,0
2025/3/5 18:25,先去买个麦当劳雪糕??慢慢吃，好好考虑清楚！[不看],0
2025/3/5 18:26,先吃饱,0
2025/3/5 18:26,先买馒头吃，别饿死了，我的朋友[偷笑],0
2025/3/5 18:26,遇良人先买房，遇贵人先买车,0
2025/3/5 18:26,建议先睡着[呲牙],0
2025/3/5 18:26,跟我一样买房[看],0
2025/3/5 18:26,买彩票,0
2025/3/5 18:27,先买个棒棒糖，让梦更甜点,0
2025/3/5 18:27,要不 先活着[捂脸],0
2025/3/5 18:27,先买饭吧，拼好饭也很好吃的,0
2025/3/5 18:27,@Ws丸兽,0
2025/3/5 18:28,先吃饭,0
2025/3/5 18:28,先睡觉,0
2025/3/5 18:28,这个钱还是先买彩票吧,0
2025/3/5 18:28,零钱买车，零钱通买房。刚好[比心],0
2025/3/5 18:29,买个棒棒糖??[捂脸],0
2025/3/5 18:29,搞瓶旺仔,0
2025/3/5 18:29,先买辆好车，加入豪车俱乐部然后撩个富婆再让她给你买房[赞],1
2025/3/5 18:30,先睡觉，睡醒再说[宕机],0
2025/3/5 18:30,先买??[捂脸],0
2025/3/5 18:30,先买个美梦,0
2025/3/5 18:30,先买瓶矿泉水吧，不然今天都熬不过去,0
2025/3/5 18:30,你先考虑明天的早餐买什么吧[泣不成声],0
2025/3/5 18:31,先吃饭，吃饱喝足才能想,0
2025/3/5 18:31,先买包辣条,0
2025/3/5 18:32,先想想明天吃啥吧,0
2025/3/5 18:32,先买个馒头吃[捂脸],0
2025/3/5 18:33,先买个馒头,0
2025/3/5 18:33,别买车，也别买房，先给我买根淀粉肠[kisskiss],1
2025/3/5 18:33,先买碗面吃,0
2025/3/5 18:33,先醒醒,1
2025/3/5 18:33,先买两包魔芋爽[愉快],0
2025/3/5 18:33,买五块钱馒头放冰箱 两块钱榨菜 吃半个月[捂脸],0
2025/3/5 18:33,买彩票,0
2025/3/5 18:33,先醒醒吧，孩子[疑问],1
2025/3/5 18:33,先买棒棒糖,0
2025/3/5 18:33,买车吧,0
2025/3/5 18:33,买小米吧，买大米估计吃不饱,0
2025/3/5 18:33,先买彩票吧,0
2025/3/5 18:34,先买空气吧,1
2025/3/5 18:34,先买包辣条压压惊[憨笑][赞],0
2025/3/5 18:34,先把命保住,0
2025/3/5 18:34,先做梦就行了前者两个都能实现[舔屏]@Kittyy_ @Siuwai.Lau @可达呀 @Starrysky @Phonk！！！ @Acolasia @Yzzzzc @椰子狗 @Hins @?? @Lin @?? @Leeeeee @或许他叫没脾气 @Destiny @雀屎咖啡 @多喝水?? @NinG. @1brabiE @Yale @结痂的屎 @臭裤烂鸠閪,1
2025/3/5 18:34,都买,0
2025/3/5 18:35,别买了，先买泡面，马上吃饭了,0
2025/3/5 18:35,先吃饭[呲牙][呲牙][呲牙],0
2025/3/5 18:35,先买馒头,0
2025/3/5 18:35,买飞机[笑哭],0
2025/3/5 18:35,打个滴滴都费劲[捂脸][捂脸][捂脸],0
2025/3/5 18:36,买包魔芋爽爽一下得了,0
2025/3/5 18:37,先睡觉??,0
2025/3/5 18:37,先解决下顿饭,0
2025/3/5 18:37,听话咱先买桶粉面菜蛋[看],0
2025/3/5 18:37,买3个大乐透为体育世界捐款7快,0
2025/3/5 18:37,先买根雪糕冷静一下[尬笑],0
2025/3/5 18:37,买包魔芋爽,0
2025/3/5 18:38,先买两个馒头吧[看],0
2025/3/5 18:38,变现天地通，死后你也是妥妥的亿万富翁,1
2025/3/5 18:38,听姐的 买两片治精神分裂的药[比心]再借姐两块 姐也买一片,1
2025/3/5 18:38,听哥的，先买饭，吃饱才睡的才香,0
2025/3/5 18:38,先买馒头吧，明天不会饿肚子[尬笑],0
2025/3/5 18:38,先买彩票[看]听我一句劝,1
2025/3/5 18:39,先买俩馒头吃了睡一觉,0
2025/3/5 18:39,美女哇，咱买几个洋芋粑吧，好吃不腻怕,0
2025/3/5 18:40,先买个晚饭吧铁铁，人是铁饭是钢一顿不吃饿得慌,0
2025/3/5 18:40,先借三块钱刮一张福利彩票，万一呢[看],0
2025/3/5 18:40,先买彩票[抠鼻],0
2025/3/5 18:40,先买个馒头填肚子[微笑],0
2025/3/5 18:40,先睡觉,0
2025/3/5 18:41,先买根棒棒糖[泣不成声],0
2025/3/5 18:41,先买烟，抽一根就不愁了[捂脸],0
2025/3/5 18:41,先买个包子垫垫肚子,0
2025/3/5 18:41,先买馍馍,0
2025/3/5 18:41,@-你,0
2025/3/5 18:41,房子,0
2025/3/5 18:41,我觉得，有这个钱，买一辆和谐号比较好,0
2025/3/5 18:41,听话先买个拼多多购物车,0
2025/3/5 18:42,把钱转我，买个教训,1
2025/3/5 18:42,不要纠结了，咱听话啥都不买[捂脸],0
2025/3/5 18:42,先买饭，不然等会儿自动扣款了。,0
2025/3/5 18:42,都能买[捂脸],0
2025/3/5 18:42,先解决温饱吧[捂脸],0
2025/3/5 18:42,把我卖给你，我凑个2.6，刚好四块五[大笑],1
2025/3/5 18:43,@幸运 66 @我要暴瘦暴富 @旺旺小仙? ??? ?,0
2025/3/5 18:43,不应该先和我结婚么[比心],0
2025/3/5 18:43,先吃饱,0
2025/3/5 18:43,先买馒头,0
2025/3/5 18:43,先买豆腐[赞],0
2025/3/5 18:44,先活下去吧,0
2025/3/5 18:44,先买拼好饭,0
2025/3/5 18:44,买个油条吃吃得了，不要喝水也不要喝豆浆，因为干吃噎死前还能出现幻想,1
2025/3/5 18:44,先锁屏,0
2025/3/5 18:44,先充个电吧[酷拽],0
2025/3/5 18:44,先买两个包子，早餐吃,0
2025/3/5 18:44,先买馒头吧[思考],0
2025/3/5 18:44,先存钱[尬笑],0
2025/3/5 18:45,700多万还是先买车[呲牙],0
2025/3/5 18:45,可以买个城，蜜雪冰城,0
2025/3/5 18:45,零钱买房零钱通买车[酷拽],0
2025/3/5 18:45,买瓶酒吧 喝醉了啥都有[偷笑],0
2025/3/5 18:45,先买俩馒头[呲牙],0
2025/3/5 18:45,买个棒棒糖嗦两口算了[泪奔],0
2025/3/5 18:45,必须两个都要，全款,0
2025/3/5 18:46,直接发个红包算了,0
2025/3/5 18:46,亲还是先睡觉[偷笑]梦里啥都有[呲牙],0
2025/3/5 18:46,先买根淀粉肠吧,0
2025/3/5 18:46,买个枕头,0
2025/3/5 18:47,转给我[抱抱你]买个教训,1
2025/3/5 18:47,买刮刮乐都费劲,0
2025/3/5 18:47,出门打个车，到地方给师傅看余额，脾气爆点，你就有车了[偷笑],0
2025/3/5 18:47,要不双管齐下？,0
2025/3/5 18:48,下面卖车 上面卖房,0
2025/3/5 18:48,先买彩票,0
2025/3/5 18:48,先买彩票 中三个500万车房都有了[捂脸],0
2025/3/5 18:48,先买包辣条吧,0
2025/3/5 18:48,先活下去[调皮],0
2025/3/5 18:49,买个袋子套住头来点高原反应,1
2025/3/5 18:49,买个棒棒糖吧[看],0
2025/3/5 18:49,先保命,0
2025/3/5 18:49,先买个AD钙喝冷静一下[黑脸],1
2025/3/5 18:49,先买桶泡面，再买瓶饮料，解决当下[暗中观察],0
2025/3/5 18:49,先吃饭[不失礼貌的微笑],0
2025/3/5 18:49,买刮刮乐还得借几毛钱,0
2025/3/5 18:49,@李九月.,0
2025/3/5 18:49,买包烟抽吧[看]想想怎么过[笑哭],0
2025/3/5 18:49,先吃饱再说吧,0
2025/3/5 18:50,先买早饭,0
2025/3/5 18:50,先买点辣条吧,0
2025/3/5 18:50,先买饭吧！,0
2025/3/5 18:50,@阿朱,0
2025/3/5 18:50,不用纠结哪个都买不了[看],0
2025/3/5 18:50,赶紧找个有钱的老公吧,1
2025/3/5 18:50,先去睡一觉,0
2025/3/5 18:50,一起买,0
2025/3/5 18:50,可以先买个扫把，等着车或房子买了就可以用了,0
2025/3/5 18:50,还是买个枕头吧，搞个按揭，压力小点。,0
2025/3/5 18:50,先买包麻辣王子[九转大肠],0
2025/3/5 18:50,先买两个馒头，一双手套，去搬砖,0
2025/3/5 18:51,买两包魔芋爽爽一下[捂脸],0
2025/3/5 18:51,买包魔芋爽 先让自己爽一下,0
2025/3/5 18:51,@-Kk_,0
2025/3/5 18:51,先买两个咸鸭蛋煮锅粥吃饱了再想,0
2025/3/5 18:51,先睡觉,0
2025/3/5 18:51,先找个桥洞,1
2025/3/5 18:51,先买俩馒头 吃饱再说吧[笑哭],0
2025/3/5 18:52,先买个枕头[捂脸],0
2025/3/5 18:52,买顿饭吃吧,0
2025/3/5 18:52,先买根烤肠,0
2025/3/5 18:52,先买两个馒头，省得你想太多[看],0
2025/3/5 18:52,7.97买模型房，1.19买模型车[泣不成声],0
2025/3/5 18:52,买个枕头做梦都费劲[看][看][看],0
2025/3/5 18:52,好好生活,0
2025/3/5 18:52,先点个拼好饭解决一下温饱[赞],0
2025/3/5 18:52,先买米晚上煮个饭吧[看],0
2025/3/5 18:53,先买饭吧[暗中观察],0
2025/3/5 18:53,先活着吧[黑脸][黑脸][黑脸],1
2025/3/5 18:53,适合买个电动车,0
2025/3/5 18:53,先买个大瓶矿泉水，再买个洗脸盆[害羞],0
2025/3/5 18:53,先买彩票,0
2025/3/5 18:53,先解决温饱吧[绿帽子],1
2025/3/5 18:53,零钱买房，零钱通买车,0
2025/3/5 18:53,买4注彩票，以小博大，万一成了呢,0
2025/3/5 18:54,先买饭,0
2025/3/5 18:54,先养活自己吧[九转大肠],1
2025/3/5 18:54,听哥的 先还花呗,0
2025/3/5 18:54,先充电吧[比心],0
2025/3/5 18:54,先充电，求你??,0
2025/3/5 18:55,别纠结了先买个面包吃,0
2025/3/5 18:55,你这看着也挺急的[尬笑],1
2025/3/5 18:55,买根烤肠压压惊吧[你不大行],1
2025/3/5 18:55,都买吧,0
2025/3/5 18:55,@一条小咸鱼?? [笑哭]先买坟,1
2025/3/5 18:55,先买个馒头填饱肚子[抠鼻],0
2025/3/5 18:56,好好努力吧,0
2025/3/5 18:56,先买馒头,0
2025/3/5 18:56,买根冰棍吃吧,0
2025/3/5 18:56,先买枕头,0
2025/3/5 18:56,买彩票,0
2025/3/5 18:57,先买杯瑞幸,0
2025/3/5 18:58,先买根棒棒糖,0
2025/3/5 18:58,先烤地瓜,0
2025/3/5 18:58,买我吧,1
2025/3/5 18:58,给我吧，我给你买个教训,1
2025/3/5 18:58,先充电[捂脸][捂脸][捂脸],0
2025/3/5 18:59,先买口饭吃[看],0
2025/3/5 18:59,听我的，上面买房下面买车,0
2025/3/5 18:59,先买饭,0
2025/3/5 18:59,可以先买个手抓饼不加蛋[尬笑],0
2025/3/5 18:59,先买个房子1/10000的房子碎片[赞]我看好你,0
2025/3/5 18:59,管它车和房，高低整根棒棒糖,0
2025/3/5 19:00,楼下便利店去买包辣条,0
2025/3/5 19:00,为什么不能一起买呢,0
2025/3/5 19:00,先饱腹吧[暗中观察],0
2025/3/5 19:00,先买瓶水吧，要活在当下[微笑],0
2025/3/5 19:01,@??菠萝,0
2025/3/5 19:01,先下楼买包辣片[好开心],0
2025/3/5 19:01,先拼好饭吧[思考],0
2025/3/5 19:01,买个枕头吧[黑脸],1
2025/3/5 19:01,先吃饭,0
2025/3/5 19:01,先买饭。,0
2025/3/5 19:01,先买个馒头填饱肚子[泣不成声],0
2025/3/5 19:01,建议买个蛇皮袋扒垃圾桶,1
2025/3/5 19:01,先买个碗,0
2025/3/5 19:01,买块糖哄自己上班吧,0
2025/3/5 19:02,买别墅?宾利,1
2025/3/5 19:02,不 得先买盒儿不然的话到那时候你只能散装，风一吹全散了,0
2025/3/5 19:02,先还花呗,0
2025/3/5 19:02,先买个馒头吧[看],0
2025/3/5 19:02,还是先买个馒头吧[捂脸],0
2025/3/5 19:02,先买个馒头,0
2025/3/5 19:02,先把饭吃饱,0
2025/3/5 19:02,先活着,0
2025/3/5 19:03,先买个枕头可能会好点，,0
2025/3/5 19:03,不用纠结，先买菜,0
2025/3/5 19:03,买包辣条吃吃吧,0
2025/3/5 19:03,买张彩票吧，可能都就有了,0
2025/3/5 19:04,买个口袋套头上，缺氧了梦里啥都有,1
2025/3/5 19:04,先买包辣条,0
2025/3/5 19:04,先买个馍，饿出幻觉了哈哈哈,0
2025/3/5 19:05,先睡觉,0
2025/3/5 19:06,先活命哇,0
2025/3/5 19:06,哈哈哈哈哈,0
2025/3/5 19:06,先买棒棒糖,0
2025/3/5 19:06,先续命吧[憨笑],0
2025/3/5 19:07,有父母帮衬先买车，没父母帮衬先买房,0
2025/3/5 19:07,听话咱啥也先别买，先去银行办几个信用卡[捂脸],0
2025/3/5 19:07,@chjdkksj 去买顿烧烤吧,0
2025/3/5 19:07,先存钱,0
2025/3/5 19:07,先买包泡面，把命保住先[微笑],0
2025/3/5 19:07,你还是买个鸡蛋吃吧，补充点蛋白质,1
2025/3/5 19:08,先买明天的早饭，买个馒头[黑脸][黑脸],0
2025/3/5 19:08,先买饭吧哥[流泪],0
2025/3/5 19:08,先睡觉[看],0
2025/3/5 19:09,买两包袋装泡面，再买一根火腿，吃完去河里洗个澡，就不纠结了[捂脸],0
2025/3/5 19:10,先吃饱饭吧！孩子[看],0
2025/3/5 19:12,一起买了，又不缺那两个钱[捂脸],0
2025/3/5 19:14,买桶泡面加个蛋,0
2025/3/5 19:15,零钱买房！零钱通买车！提前备好[看],0
2025/3/5 19:19,先买张彩票,0
2025/3/5 19:21,先买棒棒糖,0
2025/3/5 19:23,哈哈哈哈哈,0
2025/3/5 19:25,先买饭吧[捂脸]吃饱了才有命想[尬笑],0
2025/3/5 19:26,先活着,0
2025/3/5 19:27,先买包辣条吃吃再说,0
2025/3/5 19:28,先赚钱[抠鼻],0
2025/3/5 19:28,先买内裤吧，[捂脸],0
2025/3/5 19:28,先买馒头把，毕竟余额在那里[捂脸],0
2025/3/5 19:28,先买块砖,1
2025/3/5 19:29,先买今天的晚饭[九转大肠],0
2025/3/5 19:29,先上拼多多买个抱枕好好睡一觉，梦里有车有房有存款多好[暗中观察][暗中观察][暗中观察],0
2025/3/5 19:30,先买安眠药，一直睡不着也提不了车啊[看],1
2025/3/5 19:30,先买口饭吃,0
2025/3/5 19:31,看看有没有打折的馒头先吃饭吧[微笑],0
2025/3/5 19:31,你先吃饱饭在说其他的[捂脸],0
2025/3/5 19:31,先活着[微笑],0
2025/3/5 19:32,先买饭[捂脸],0
2025/3/5 19:32,要不一步到位，买房车吧[泣不成声],0
2025/3/5 19:32,先保命吧,0
2025/3/5 19:32,先做梦，梦里什么都有[泣不成声],0
2025/3/5 19:32,@o泡,0
2025/3/5 19:33,买个套[呲牙],1
2025/3/5 19:33,先还花呗,0
2025/3/5 19:34,可以先给自己买个纸房子[看][捂脸],0
2025/3/5 19:34,你的??加上我的??刚好够结婚证的?? 所以不买车不买房 买个属于我倆的结婚证[机智][机智],0
2025/3/5 19:34,先活着,0
2025/3/5 19:34,小孩子才做选择，两个咱都不买，听话。,0
2025/3/5 19:34,先买个早餐吧,0
2025/3/5 19:34,花两块买瓶农夫山泉冲冲脸,0
2025/3/5 19:34,先买泡面。,0
2025/3/5 19:34,先吃饭,0
2025/3/5 19:34,先买饭,0
2025/3/5 19:34,先买个杂粮煎饼不要加东西，不然不够了[比心],0
2025/3/5 19:35,先吃饱吧[奸笑],0
2025/3/5 19:35,你先给我买杯奶茶,0
2025/3/5 19:35,你是颜值主播还是搞笑主播[绝望的凝视],1
2025/3/5 19:35,先给自己买个保险[看],0
2025/3/5 19:35,买包槟榔吧,0
2025/3/5 19:35,先造梦[笑哭],0
2025/3/5 19:36,买醉都够呛,0
2025/3/5 19:36,买九包魔芋爽，爽爽得了[捂脸],0
2025/3/5 19:36,手机快没电了，先叫5块钱电费，把手机电充满[看],0
2025/3/5 19:36,听哥的，先做梦,0
2025/3/5 19:36,我感觉你先吃饭比较好[捂脸],0
2025/3/5 19:37,活一天算一天先买明天早餐[看],0
2025/3/5 19:37,去楼下买两包魔芋爽爽爽得了,0
2025/3/5 19:37,[捂脸][捂脸],0
2025/3/5 19:38,先活着吧[黑脸],1
2025/3/5 19:38,先把先用后付付了[看],0
2025/3/5 19:38,先买饭吧,0
2025/3/5 19:38,先买哥 小宝贝,1
2025/3/5 19:39,先买彩票[捂脸],0
2025/3/5 19:40,先睡觉,0
2025/3/5 19:40,先买彩票、万一中了呢[看],0
2025/3/5 19:44,先买一颗糖吧,0
2025/3/5 19:44,先吃饭,0
2025/3/5 19:44,先买张彩票吧,0
2025/3/5 19:45,先买??,0
2025/3/5 19:46,先活着,0
2025/3/5 19:47,先p点存款,1
2025/3/5 19:47,先买两片药,0
2025/3/5 19:47,真是的，真有其事，乱葬岗，哪来的死人地，哎，善哉善哉,0
2025/3/5 19:47,听哥的，先买方便面吧[看][看],0
2025/3/5 19:47,一桶泡面，加一根玉米肠，不能再多了。,0
2025/3/5 19:48,下楼卖两包魔芋爽爽一下[愉快],0
2025/3/5 19:49,转给我[看][微笑],0
2025/3/5 19:50,先买饭,0
2025/3/5 19:50,先活着吧，[抠鼻][抠鼻],0
2025/3/5 19:50,先买一桶泡面。[抠鼻],0
2025/3/5 19:50,@? 乏味亿万 @.M.,0
2025/3/5 19:52,先吃饱吧,0
2025/3/5 19:53,买个纸扎小房子都够呛[看],0
2025/3/5 19:54,一起买吧，有这个实力不需要纠结??,0
2025/3/5 19:55,先买车还是先买房,0
2025/3/5 19:55,先活着[泣不成声],0
2025/3/5 19:55,先买晚饭[宕机],0
2025/3/5 19:55,租吧没啥可挑的了[捂脸],0
2025/3/5 19:55,先活着,0
2025/3/5 19:55,先稳一波,0
2025/3/5 19:55,买个房租吧,0
2025/3/5 19:55,不急，先讨论那个好那个差[尬笑],0
2025/3/5 19:56,我感觉你是有资格都考虑的,0
2025/3/5 19:56,先把花呗还了,0
2025/3/5 19:56,先交房租,0
2025/3/5 19:56,买雅迪,0
2025/3/5 19:56,先吃饭,0
2025/3/5 19:56,转给我，我养你,0
2025/3/5 19:56,自行车，别墅房模型，够了，,1
2025/3/5 19:56,[看]先睡觉,0
2025/3/5 19:56,先上网[绿帽子],1
2025/3/5 19:56,買醉先吧,0
2025/3/5 19:56,同意[捂脸],0
2025/3/5 19:56,买个高一点的枕头,0
2025/3/5 19:56,先买雅迪,0
2025/3/5 19:56,先买菜吃饱点,0
2025/3/5 19:56,先买包辣条吃[猪头],1
2025/3/5 19:56,先买吃的吧怕你月底月光了[宕机],0
2025/3/5 19:56,先买一床被子[看],0
2025/3/5 19:56,还是先买点钱吧,0
2025/3/5 19:56,先转我500[呲牙],1
2025/3/5 19:56,先交社保[呲牙],0
2025/3/5 19:57,转给我，我逢人就说你开路虎住别墅[灵机一动],1
2025/3/5 19:57,先买米,0
2025/3/5 19:57,买三轮车[大笑],0
2025/3/5 19:57,先买个老公,0
2025/3/5 19:57,[尬笑]跟你们这群天赋型选手拼了,1
2025/3/5 19:57,先吃饱饭[黑脸],0
2025/3/5 19:58,先买个雅迪电动车[酷拽],0
2025/3/5 19:58,哈哈哈哈可能没到月底就带光[泪奔],0
2025/3/5 19:58,买两包魔芋爽吃吃得了,0
2025/3/5 19:58,没有外债[看],0
2025/3/5 19:58,买房车,0
2025/3/5 19:58,家里的房子[看],0
2025/3/5 19:58,听我的先睡觉,0
2025/3/5 19:58,先睡会吧,0
2025/3/5 19:58,先几个五号电池再考虑买个电车,0
2025/3/5 19:59,买瓶可乐吧,0
2025/3/5 19:59,先贷款,1
2025/3/5 20:01,那我先吃碗沙县吧[调皮],0
2025/3/5 20:02,先把饭吃饱,0
2025/3/5 20:06,先睡觉,0
2025/3/5 20:06,买瓶酒吧 喝醉的好做梦[捂脸][捂脸],0
2025/3/5 20:06,先买包辣条再说[听歌],0
2025/3/5 20:07,@西伯利亚花果山社恐泪失禁蕾丝性感大母猴,1
2025/3/5 20:07,先花三个买瓶可乐,0
2025/3/5 20:09,我觉得还是来碗麻辣烫更商务,0
2025/3/5 20:09,房子现在砸手里了 贱卖都没人买 因为现在好多小年轻买不起房子了,0
2025/3/5 20:09,先哭[看],0
2025/3/5 20:10,买2注双色球，在买1注大乐透，再买1注追加的大乐透[看],0
2025/3/5 20:13,要不先买个馒头先[比心],0
2025/3/5 20:14,先买个梦,0
2025/3/5 20:15,先去买六块钱彩票,0
2025/3/5 20:15,之前打车遇到个司机说，保时捷如果是超模的话，小米就是个整成超模的初中生[捂脸],1
2025/3/5 20:16,先活着,0
2025/3/5 20:16,先买醉！,0
2025/3/5 20:22,先洗澡，洗完睡得香些[捂脸],0
2025/3/5 20:23,买KFC都费劲[看],0
2025/3/5 20:23,买包辣条压压惊,0
2025/3/5 20:25,去小区门口开爸爸的爸爸是妈妈[黑脸],1
2025/3/5 20:56,先睡觉,0
2025/3/5 21:04,说实话 没有父母的帮衬 买得起一辆十来万的车又有多少人呢？,0
2025/3/5 21:05,先睡觉吧。,0
2025/3/5 21:07,先买药[宕机],0
2025/3/5 21:11,转给我买个吃亏上当算了,1
2025/3/5 21:13,攒钱先买个枕头，梦里啥都有！[呆无辜],0
2025/3/5 21:17,先买药,0
2025/3/5 21:17,先交话费[捂脸],0
2025/3/5 21:19,买包辣条吃吃得了[送心],0
2025/3/5 21:20,买和卖是不是打错了,0
2025/3/5 21:22,@补药水逆,0
2025/3/5 21:24,成年人不做选择 先睡觉吧 梦里all in[看],0
2025/3/5 21:24,先买个枕头早点睡[捂脸][捂脸][捂脸],0
2025/3/5 21:40,兄弟，别纠结。咱们先挣钱[比心],0
2025/3/5 21:41,好像30万彩礼刚取了村花，刘亦菲说52万就嫁[裂开][裂开],1
2025/3/5 21:44,@SUU?????♂?,1
2025/3/5 21:50,要不一起？,0
2025/3/5 21:50,买棒棒糖给我吃,0
2025/3/5 22:03,买ddv吧[九转大肠],0
2025/3/5 22:03,还是先买掉渣饼吧,1
2025/3/5 22:03,纸飞机截一个,0
2025/3/5 22:03,买罐子吧也算房子了[流泪]毕竟未来用的到~,0
2025/3/5 22:03,梦里。,0
2025/3/5 22:03,先考虑，明早吃什么,0
2025/3/5 22:04,小米先放放，咱先买杯小蜜吧，蜜桃四季春常温七分糖谢谢[笑哭][笑哭][笑哭],0
2025/3/5 22:05,你这个钱就够买个头套的，听哥的，咱买头套，然后做大做强再创辉煌。,1
2025/3/5 22:07,先买馍[暗中观察],0
2025/3/5 22:08,买几包辣条 然后分我一包[阴险],1
2025/3/5 22:08,买两个烧饼吃吃吧,0
2025/3/5 22:09,先挂号[抠鼻],0
2025/3/5 22:09,我觉得买个房子好一些,0
2025/3/5 22:10,先睡觉吧[大笑],0
2025/3/5 22:10,先买彩票,0
2025/3/5 22:10,买房的钱买车 买车的钱买电脑 买电脑钱买手机 买手机的钱买生活 生活的钱包个网吧包厢吧,0
2025/3/5 22:11,你还是想想今天的早餐过后下一顿怎么办吧[捂脸],0
2025/3/5 22:12,先吃饭吧[捂脸],0
2025/3/5 22:13,我给你凑一块钱 你冲十块钱网费 我们去打csgo,0
2025/3/5 22:13,买袋辣条解解馋[看],0
2025/3/5 22:13,可以买根烤肠,0
2025/3/5 22:15,27岁，小米SU7，落地265000，没靠父母，没靠贷款，没分期，没买,0
2025/3/5 22:15,先买2个包子吧，不然明天都没饭吃了,0
2025/3/5 22:16,先睡觉,0
2025/3/5 22:16,乖，先买点花生米，不能干喝，伤胃,0
2025/3/5 22:17,不 买包辣条让自己快乐一点,0
2025/3/5 22:17,先解梦,0
2025/3/5 22:17,先买明天的早餐,0
2025/3/5 22:18,都买呗,0
2025/3/5 22:18,明天先买个早餐,0
2025/3/5 22:18,先买瓶莎普爱思吧[看],1
2025/3/5 22:18,车,0
2025/3/5 22:19,哥们尝试一下西北风比较靠谱些。[看][捂脸],0
2025/3/5 22:19,先活下去吧,0
2025/3/5 22:19,先活着[泪奔],0
2025/3/5 22:20,先买个馒头[尬笑],0
2025/3/5 22:20,买泡面吧哥们，还能加根肠,0
2025/3/5 22:20,买个馒头吃吃吧[九转大肠],0
2025/3/5 22:20,先买彩票吧,0
2025/3/5 22:20,@一个小??,0
2025/3/5 22:20,这个情况先卖肾[捂脸],1
2025/3/5 22:20,先活着。[看],0
2025/3/5 22:20,@简小小小小小小 这里好笑，快来看,0
2025/3/5 22:20,先买一张彩票,0
2025/3/5 22:20,先留着。实在不行买两瓶水还可以顶下,0
2025/3/5 22:21,买四个馒头先过了今天，在想明天的事,0
2025/3/5 22:21,买个饼吃吃得了,0
2025/3/5 22:21,肯定买彩票啊！,0
2025/3/5 22:21,先买几支香和一张彩票吧[看],0
2025/3/5 22:21,8块钱，讲讲价，先买个瓦罐，装灰。一步到位[捂脸][捂脸],0
2025/3/5 22:21,先想想明天咋吃饭[尬笑],0
2025/3/5 22:22,先买肉包子跟豆浆吧,0
2025/3/5 22:22,还得是你[捂脸],0
2025/3/5 22:23,先买馒头[捂脸],0
2025/3/5 22:23,先吃饱饭  容易做梦  不然饿的睡不着,0
2025/3/5 22:23,先睡觉[捂脸],0
2025/3/5 22:23,先吃碗泡面！下一顿要饿肚子了,0
2025/3/5 22:25,先睡觉,0
2025/3/5 22:25,先买烟,0
2025/3/5 22:25,我给你买[比心][比心][比心][比心],0
2025/3/5 22:25,买包辣条吧,0
2025/3/5 22:25,先睡觉。,0
2025/3/5 22:25,实实在在先活好,0
2025/3/5 22:25,先买醉[看],0
2025/3/5 22:25,安安静静做个守村人,0
2025/3/5 22:25,买个早餐吧,0
2025/3/5 22:25,@SUIFENG,0
2025/3/5 22:26,先买凉席，噶了好裹,1
2025/3/5 22:26,不要过度自我消耗      两样一起买,0
2025/3/5 22:26,先买保险[赞],0
2025/3/5 22:26,先买个夜宵，吃饱慢慢想,0
2025/3/5 22:26,先买点魔芋爽爽一下,0
2025/3/5 22:26,先买个早饭吧,0
2025/3/5 22:27,@小柴不饿 @W。 @耗子喂汁 @时而悦,0
2025/3/5 22:27,先找地方充电吧,0
2025/3/5 22:27,先吃饭吧孩子,0
2025/3/5 22:27,先睡觉,0
2025/3/5 22:27,@狗子吃肉不吃素,0
2025/3/5 22:27,买个饭吃吧[尬笑],0
2025/3/5 22:28,先点杯奶茶,0
2025/3/5 22:28,听哥的，先买个拼好饭的猪脚饭,0
2025/3/5 22:29,建议还是先买包零食吃吃[泣不成声],0
2025/3/5 22:29,[笑哭][笑哭][笑哭]说的是我们,0
2025/3/5 22:29,听我的，先睡觉吧[不失礼貌的微笑]，睡着了啥都有的,0
2025/3/5 22:31,先存钱,0
2025/3/5 22:31,买个烧饼，吃饱先[尬笑],0
2025/3/5 22:31,实在不行先还花呗[捂脸],0
2025/3/5 22:32,买辆棒棒糖吧,0
2025/3/5 22:32,买经典款骨灰盒 永不过时[不失礼貌的微笑],1
2025/3/5 22:32,先活下去是正解[大笑],0
2025/3/5 22:32,咱这啥条件啊，当然是一起买了,0
2025/3/5 22:32,先挣钱吧,0
2025/3/5 22:32,先买饭,0
2025/3/5 22:33,先喝杯蜜雪冰城压压惊吧,0
2025/3/5 22:33,买车,0
2025/3/5 22:34,先买大米[捂脸],0
2025/3/5 22:34,或许 买个老婆更实在一些,1
2025/3/5 22:34,都可以,0
2025/3/5 22:35,先解决贫困[捂脸],0
2025/3/5 22:35,先买药,0
2025/3/5 22:35,先买包泡面吃吃吧[捂脸],0
2025/3/5 22:36,顿时有了底气,0
2025/3/5 22:36,[暗中观察]先买厕纸，实用,0
2025/3/5 22:36,你放心吧，50w我也买不起,0
2025/3/5 22:36,买一大包纸，不止能擦鼻子,0
2025/3/5 22:36,先买晚饭吧,0
2025/3/5 22:36,告诉你个秘密，物价贬值1万倍，你是亿万富翁。,0
2025/3/5 22:36,买俩玩具吧,0
2025/3/5 22:37,先找个睡觉的地方,0
2025/3/5 22:37,乖，先睡觉,0
2025/3/5 22:37,哈哈哈哈哈哈哈,0
2025/3/5 22:37,先买三张彩票[泪奔],0
2025/3/5 22:38,别纠结，你最急需给手机充电先,0
2025/3/5 22:38,先活着,0
2025/3/5 22:38,我不敢说，我怕被网曝[看],0
2025/3/5 22:38,先睡觉，梦里都能买[呲牙][呲牙][呲牙],0
2025/3/5 22:38,你没分付？,1
2025/3/5 22:38,先买拼好饭[看],0
2025/3/5 22:38,先吃饭,0
2025/3/5 22:39,先买菜吧,0
2025/3/5 22:39,应该先起床[思考],0
2025/3/5 22:40,[捂脸][捂脸],0
2025/3/5 22:40,先买个钱包吧，太多了不放钱包不安全[舔屏],0
2025/3/5 22:40,买一碗粥,0
2025/3/5 22:41,看得挺远的。,0
2025/3/5 22:41,@-阳阳阳--,0
2025/3/5 22:41,先打119,0
2025/3/5 22:41,@Echozz,0
2025/3/5 22:42,先吃饱吧,0
2025/3/5 22:42,十七万先买车啊,0
2025/3/5 22:42,买瓶冰红茶吧,0
2025/3/5 22:43,如果我没猜错的话，拼多多应该可以买个枕头[大笑],0
2025/3/5 22:43,先买彩票,0
2025/3/5 22:43,先给我转过来[大笑],0
2025/3/5 22:43,先买暖宝宝吧,0
2025/3/5 22:43,买包魔芋爽爽一下得了[赞],0
2025/3/5 22:44,先买吊绳,1
2025/3/5 22:44,[蜜蜂狗]先睡觉,0
2025/3/5 22:44,先填饱肚子。[捂脸],0
2025/3/5 22:44,先买个棒棒糖吃[抠鼻]一下在思考先买房还是先买车,0
2025/3/5 22:44,要不还是先买个早餐吧？,0
2025/3/5 22:45,买副厚一点的手套先搬砖咯[笑哭],0
2025/3/5 22:45,先活着[左上],0
2025/3/5 22:46,@不加糖 [黑脸],1
2025/3/5 22:46,先买瓶水冷静冷静,0
2025/3/5 22:46,给自己买瓶可乐压压惊吧[泪奔],0
2025/3/5 22:46,先买两个馒头吧[泣不成声],0
2025/3/5 22:46,先交话费,0
2025/3/5 22:47,上面的买房下面的买车刚刚好[微笑],0
2025/3/5 22:47,点多了,0
2025/3/5 22:47,先卖血??,1
2025/3/5 22:47,在借8毛1买一张彩票，一切都会有的哦,0
2025/3/5 22:47,先买杯蜜雪冰城柠檬水,0
2025/3/5 22:48,买个刮刮乐吧,0
2025/3/5 22:48,@??,0
2025/3/5 22:48,[裂开][裂开][裂开]都不要买，买点吃的，进了肚子才是自己的,1
2025/3/5 22:49,先活着吧,0
2025/3/5 22:50,哈哈哈不要太搞笑,0
2025/3/5 22:50,[猪头]先买包辣条吃吃,1
2025/3/5 22:50,[坏笑],1
2025/3/5 22:50,死不起,1
2025/3/5 22:50,买我[看],1
2025/3/5 22:51,先把饭吃了[看],0
2025/3/5 22:51,先买保险~,0
2025/3/5 22:52,先买吃的吧,0
2025/3/5 22:53,成年人从来不做选择题，一起买,0
2025/3/5 22:53,买辣条,0
2025/3/5 22:53,@是shan不是san！ @玉,0
2025/3/5 22:53,买杯蜜雪就好了,0
2025/3/5 22:53,先睡觉,0
2025/3/5 22:53,先做点买卖,0
2025/3/5 22:54,先吃饭吧,0
2025/3/5 22:54,@小鱼快跑,0
2025/3/5 22:55,78块的眉笔我觉得贵了，52w的小米我恨我不努力[微笑][微笑],0
2025/3/5 22:55,考虑一下，义乌打折的时候先去买个不锈钢盆??，摔不烂[泪奔][泪奔][泪奔],0
2025/3/5 22:56,你这……需先买彩票[捂脸],0
2025/3/5 22:56,先转我7块 买个教训吧,1
2025/3/5 22:56,到楼下买一包辣条才五毛钱。[捂脸],0
2025/3/5 22:56,买个炒饭吃吧[尬笑],0
2025/3/5 22:57,给我买根糖葫芦来的更实在，蛮让你有荣誉感的，就宠你[害羞],0
2025/3/5 22:57,发我，买个教训[玫瑰],1
2025/3/5 22:58,7.97买车，1.19买房子刚刚好,0
2025/3/5 22:58,买房车[看],0
2025/3/5 22:58,不用纠结了 先睡一觉 梦里啥都有,0
2025/3/5 22:58,@高紫 你先别纠结[尬笑],0
2025/3/5 22:59,买蜜雪,0
2025/3/5 22:59,你全转我，我说你在陕西买房了,1
2025/3/5 22:59,@关掉手机??,0
2025/3/5 23:00,都买吧，剩下的再找个老婆,1
2025/3/5 23:02,八块钱嘛买个馕吃,0
2025/3/5 23:02,一起买兄得,0
2025/3/5 23:03,先买根淀粉肠[他急了],0
2025/3/5 23:03,先活下去[九转大肠],0
2025/3/5 23:03,先买点米吧,0
2025/3/5 23:03,先睡一觉吧,0
2025/3/5 23:04,先买包泡面吃饱了才有力气想,0
2025/3/5 23:04,先把我买回去,1
2025/3/5 23:04,买两包魔芋爽一爽得了,0
2025/3/5 23:04,听话，咱先买袋辣条吃吃[宕机],0
2025/3/5 23:04,@我的ID是江南麻瓜,0
2025/3/5 23:08,买三注搏一搏吧,0
2025/3/5 23:08,先买药[鞠躬],0
2025/3/5 23:09,@、 给我参考参考,0
2025/3/5 23:09,买个枕头[泣不成声],0
2025/3/5 23:10,先买拼好饭,0
2025/3/5 23:10,听哥的 把钱给我  买个教训,1
2025/3/5 23:10,先吃饱饭,0
2025/3/5 23:10,买个棒棒糖??[捂脸][捂脸][捂脸],0
2025/3/5 23:11,我尿黄 让我来,1
2025/3/5 23:11,先睡觉，梦里啥都有,0
2025/3/5 23:11,别人的事情你就别跟着纠结了[流泪],0
2025/3/5 23:11,先买二锅头,0
2025/3/5 23:11,先想想怎么活下去,0
2025/3/5 23:11,先纠结明天的早饭钱嘛,0
2025/3/5 23:11,还是先顾着当前 买两桶泡面吃一吃吧,0
2025/3/5 23:11,@A向,0
2025/3/5 23:12,如果是你，你怎么选[发呆]@?懒得热情??,0
2025/3/5 23:12,卖自己,1
2025/3/5 23:12,先买颗糖,0
2025/3/5 23:12,买根棒棒糖吃吃得了,0
2025/3/5 23:12,超市门口摇两下得了吧,1
2025/3/5 23:13,"买房买车那我就不知道了，
我只知道先饿死[鞠躬]",1
2025/3/5 23:13,买泡面,0
2025/3/5 23:13,买张床做个梦都不够 [尬笑],0
2025/3/5 23:13,[撇嘴][撇嘴][撇嘴][撇嘴],0
2025/3/5 23:14,先买彩票 搏一搏 单车变摩托 [笑哭],0
2025/3/5 23:14,买包耗儿药,1
2025/3/5 23:14,今天吃还是明天吃[蜜蜂狗],0
2025/3/5 23:14,先活着吧[呆无辜],0
2025/3/5 23:14,先买彩票,0
2025/3/5 23:14,先买馒头[看],0
2025/3/5 23:15,先买个盆 再捡根棍子,0
2025/3/5 23:15,先买饭[赞][赞][赞],0
2025/3/5 23:16,先给我转个8.88，祝你一路发,0
2025/3/5 23:16,这个资产根本不纠结[尬笑],0
2025/3/5 23:16,@想要吃不胖 我比他多一点可以买房也买车[呲牙],0
2025/3/5 23:16,买个鸡翅,0
2025/3/5 23:17,买馒头和老干妈,0
2025/3/5 23:17,买candy.,0
2025/3/5 23:17,先活着吧[泪奔],0
2025/3/5 23:17,先满足自己的嘴??,1
2025/3/5 23:18,先买彩票,0
2025/3/5 23:18,你这是下楼买包烟先吧[笑哭],0
2025/3/5 23:19,先买点饭吃吧[捂脸][捂脸][捂脸][捂脸],0
2025/3/5 23:19,宝  听我的 先买个饼给自己吃吃吧[求求了],0
2025/3/5 23:19,先睡觉,0
2025/3/5 23:19,想买就买，,0
2025/3/5 23:19,根本没有纠结的烦恼[捂脸],0
2025/3/5 23:19,@小陈很哇塞,0
2025/3/5 23:19,你先买米,0
2025/3/5 23:20,要不明天先买个包子吧？,0
2025/3/5 23:21,[泪奔]先买一日三餐,0
2025/3/5 23:21,先买馍，吃饱了再说……,0
2025/3/5 23:21,先活着吧,0
2025/3/5 23:21,明天早餐先买两个肉包,0
2025/3/5 23:21,先买瓶可乐，解解渴,0
2025/3/5 23:21,先吃饱会不好好些[捂脸],0
2025/3/5 23:21,全部给我，买个教训[暗中观察],1
2025/3/5 23:22,先买几包方便面吃吧 吃饱了再想别的,0
2025/3/5 23:22,w@启发美业～程武,0
2025/3/5 23:22,先贷款买个枕头[看],0
2025/3/5 23:22,先保命哈哈哈,0
2025/3/5 23:22,你买个大G吧！,1
2025/3/5 23:23,小孩才做选择，我全都要,0
2025/3/5 23:23,买个枕头睡了[看],0
2025/3/5 23:23,有条件买瓶阿萨姆饮料奶茶站马路边听声,0
2025/3/5 23:23,先给我点个拼好饭,0
2025/3/5 23:23,建议先买饭,0
2025/3/5 23:24,先弄包辣条考虑考虑,0
2025/3/5 23:25,先买块面包填饱肚子，才有力气睡觉，做梦,0
2025/3/5 23:25,哈哈哈哈哈哈哈哈哈哈哈哈哈哈哈哈哈这个钱还是先买个喝的[看],0
2025/3/5 23:25,先存钱[抠鼻],0
2025/3/5 23:25,房子,0
2025/3/5 23:26,@麻辣火龙果,0
2025/3/5 23:26,买两包辣条吃吃得了[绿帽子],1
2025/3/5 23:27,先活着,0
2025/3/5 23:27,先买彩票,0
2025/3/5 23:27,先买煎饼果子加鸡蛋，吃饱再说[捂脸],0
2025/3/5 23:27,买瓶水冷静一下,0
2025/3/5 23:27,转给我先买个教训[色],1
2025/3/5 23:27,有这个实力可以两样都拿下的,0
2025/3/5 23:28,你买瓶酒喝醉了就都有了,1
2025/3/5 23:28,先买彩票吧 万一中了呢,0
2025/3/5 23:28,嗯，买点酒多灌一下，梦里应该啥都有[赞][黑脸],1
2025/3/5 23:29,@叁月、,0
2025/3/5 23:30,先放弃[泣不成声][泣不成声][泣不成声],0
2025/3/5 23:30,先睡觉,0
2025/3/5 23:30,别纠结啦，先活着吧,0
2025/3/5 23:30,@多愁善感的你 @芝士田园犬 @抉择,0
2025/3/5 23:31,买包辣条,0
2025/3/5 23:31,先吃饱,0
2025/3/5 23:31,买杯咖啡吧，这样不容易入眠。毕竟这是白日梦[呲牙][呲牙][呲牙],0
2025/3/5 23:31,买瓶快乐水,0
2025/3/5 23:32,听哥一句劝，咱先睡觉[呲牙],0
2025/3/5 23:32,先买吃[捂脸],0
2025/3/5 23:32,无需多虑,0
2025/3/5 23:32,先买饭吧,0
2025/3/5 23:32,买的小酒和几粒花生米  两眼一黑梦里全给他买了[看][看],0
2025/3/5 23:33,先结婚吧[捂脸] 只需要9.90上车[呲牙]。,0
2025/3/5 23:33,@小肉包,0
2025/3/5 23:34,听话，先买张彩票吧,0
2025/3/5 23:34,你比我有啊,0
2025/3/5 23:34,先想想下顿吃什么吧[捂脸],0
2025/3/5 23:34,先借给我买几个包子吧[捂脸],0
2025/3/5 23:35,先买早餐吧，吃饱好上班[白眼],0
2025/3/5 23:36,你这！你给我7块钱我跟你算一下[害羞][害羞],0
2025/3/5 23:36,先贷款,1
2025/3/5 23:37,先买瓶润田再买个白糖糕就OK了,0
2025/3/5 23:37,先买馍[灵机一动]充饥,0
2025/3/5 23:37,听我的兄弟，咱先吃饱[泣不成声],0
2025/3/5 23:37,先买彩票[捂脸],0
2025/3/5 23:37,先买包辣条好好思考一下为好,0
2025/3/5 23:38,买彩票,0
2025/3/5 23:38,先睡觉吧,0
2025/3/5 23:38,买个馒头,0
2025/3/5 23:38,先躺床上睡觉,0
2025/3/5 23:38,先活着吧[发呆][发呆],0
2025/3/5 23:38,还是先买点小米，煮小米粥喝，多加点水，抗饿,0
2025/3/5 23:38,这边建议你买张彩票看看,0
2025/3/5 23:38,还是先给自己卖掉吧[愉快],1
2025/3/5 23:38,先买个馒头，吃饱了,0
2025/3/5 23:39,双色球和大乐透[看],0
2025/3/5 23:39,先买包魔芋爽，爽爽[黑脸],1
2025/3/5 23:39,先买西北风,1
2025/3/5 23:39,@宋111111,0
2025/3/5 23:40,我不同意，还是恢复八十万吧，我买不起，我也不希望别人赚到便宜,0
2025/3/5 23:40,先吃饱饭,0
2025/3/5 23:40,明天路过小学门口买连个淀粉肠得了[看],0
2025/3/5 23:40,买一包烟,0
2025/3/5 23:41,先买泡面吧,0
2025/3/5 23:41,听我的，还是买两包盐实实在在过日子吧。,0
2025/3/5 23:41,先吃碗泡面加火腿吧兄嘚,0
2025/3/5 23:41,买四块钱辣条 两块钱大饼 够吃一天了[微笑],0
2025/3/5 23:42,先买个馒头垫垫肚子,0
2025/3/5 23:43,都是身外之物，所以我建议你用它买我哄你开心一会儿[泪奔],0
2025/3/5 23:43,买个梦做吧,1
2025/3/5 23:43,大乐透梭哈[看],1
2025/3/5 23:44,把钱转给我，给你买个教训,1
2025/3/5 23:44,先睡觉,0
2025/3/5 23:44,先卖吧[微笑][尬笑],0
2025/3/5 23:44,先画饼[看],0
2025/3/5 23:45,买个玩具车，玩具房,0
2025/3/5 23:45,买个馍，,0
2025/3/5 23:45,@塞翁失马 @键盘刺挠 @xyiao_潇,0
2025/3/5 23:45,那个玩具房车，有房有车,0
2025/3/5 23:45,都不买 有车先用着 没车没必需不买 打车 不买房除非刚需 注意不买房千万不要去看房。[泪奔],0
2025/3/5 23:45,还是早点睡实际点,0
2025/3/5 23:46,先睡觉，乖了……,0
2025/3/5 23:46,买个充电器，手机没电了[看],0
2025/3/5 23:46,买个刮刮乐,0
2025/3/5 23:46,一起买呀，车才几个钱，用下面的买，上面的钱买房，不耽误[赞],0
2025/3/5 23:46,[酷拽],0
2025/3/5 23:46,我建议你先买彩票[白眼],1
2025/3/5 23:46,不如再考虑一下房车[呲牙][呲牙][呲牙],0
2025/3/5 23:46,建议先睡觉,0
2025/3/5 23:47,先醒醒[看],0
2025/3/5 23:47,买包辣条分我一根[灵机一动],0
2025/3/5 23:47,先歇会儿[灵机一动],0
2025/3/5 23:47,我先买个鸡蛋饼,0
2025/3/5 23:49,@可口 是谁我不说,1
2025/3/5 23:49,先下楼去超市门口买几个币坐摇摇车，摇明白了再回来[看],0
2025/3/5 23:50,买杯蜜雪冰城喝喝算了,0
2025/3/5 23:51,@油炸飛魚信號站??,0
2025/3/5 23:51,先买一注大乐透吧[不你不想],0
2025/3/5 23:52,买 ！！！,0
2025/3/5 23:52,先纠结[捂脸],0
2025/3/5 23:52,@丘丘-,0
2025/3/5 23:52,@长久,0
2025/3/5 23:52,八块那就买几斤米吧,0
2025/3/5 23:53,听我的，先买包辣条(っ????),0
2025/3/5 23:53,还是先进厂吧[看],0
2025/3/5 23:53,先买包辣条考虑考虑,0
2025/3/5 23:54,都买，先烧了，以后在用,1
2025/3/5 23:54,先买俩个馒头[看],0
2025/3/5 23:55,买车！,0
2025/3/5 23:55,这点先买个玩具帕拉梅拉[捂脸],0
2025/3/5 23:55,先买米,0
2025/3/5 23:56,先填饱肚子,0
2025/3/5 23:57,买房车,0
2025/3/5 23:57,这和纠结考清华还是考北大有什么两样[宕机],0
2025/3/5 23:57,先睡觉,0
2025/3/5 23:57,这种情况建议先睡觉[尬笑],0
2025/3/5 23:59,小伙几你不问白问[泣不成声],1
2025/3/5 23:59,[微笑],0
2025/3/6 0:00,买包魔芋爽爽一下吧[黑脸],1
2025/3/6 0:00,肯定买房又买车[看],0
2025/3/6 0:00,@陽 你看评论[笑哭],0
2025/3/6 0:00,先吃明天的早餐吧[比心],0
2025/3/6 0:00,先买块砖，把自己砸晕，梦里既有房又有车[蜜蜂狗][蜜蜂狗],1
2025/3/6 0:00,还是考虑先买一个馒头吧,0
2025/3/6 0:00,先买几袋方便面 饿了就泡,0
2025/3/6 0:01,@鼠夫??,1
2025/3/6 0:01,只能先买车，大点的买不了合金的。只能选塑料的，推荐拼夕夕买挖掘机等工程车,0
2025/3/6 0:01,先买药[捂脸][捂脸][捂脸],0
2025/3/6 0:01,烤地瓜,0
2025/3/6 0:01,先做梦[流泪],0
2025/3/6 0:01,房子,0
2025/3/6 0:01,零钱里的用来买房  零钱通里的用来买车[捂脸][捂脸],0
2025/3/6 0:02,先买个冰激凌压压惊,0
2025/3/6 0:02,买命吧[看],1
2025/3/6 0:02,找人借3块  买张刮刮乐 不就什么都有了[撇嘴][撇嘴][撇嘴][撇嘴],0
2025/3/6 0:03,先买菜吧,0
2025/3/6 0:03,先买包子吧,0
2025/3/6 0:03,都买,0
2025/3/6 0:03,买点元宝蜡烛,0
2025/3/6 0:04,先嫁给我然后房车慢慢给你买[看],0
2025/3/6 0:04,买彩票，啥都有了[大笑],0
2025/3/6 0:06,先吃饭吧,0
2025/3/6 0:06,先买手机膜[捂脸],0
2025/3/6 0:06,买个煎饼七七八,0
2025/3/6 0:06,@黄昏不尽时,0
2025/3/6 0:07,买盒降压药吧，孩子都出现幻觉了。,1
2025/3/6 0:07,买两包泡面撑四得了[黑脸][黑脸][赞][赞],0
2025/3/6 0:08,先拼好饭[看][流泪],0
2025/3/6 0:09,先考虑怎么活下去吧。[捂脸],0
2025/3/6 0:09,先睡觉[灵机一动],0
2025/3/6 0:09,先别看??,0
2025/3/6 0:09,先买泡面,0
2025/3/6 0:11,没事，跟我一样，纠结着，又不花钱,0
2025/3/6 0:11,先买药,0
2025/3/6 0:13,买三炷香，去为难一下菩萨[不看]或许会实现,1
2025/3/6 0:13,先想想明天怎么吃饭吧,0
2025/3/6 0:15,把钱给我 我到处跟人说你买车买房了[憨笑][比心],0
2025/3/6 0:16,@茫 @keen @??酸奶紫米露 @霜凝拾壹月 @July-14 @每天都在说减肥. @浪漫的定义 @屎到临头想搅便 [泪奔],0
2025/3/6 0:16,没房先买房，有房先买车[看],0
2025/3/6 0:16,还是先买个馒头吧,0
2025/3/6 0:16,买饭,0
2025/3/6 0:16,明天买个手抓饼吃好好上班吧[微笑],0
2025/3/6 0:17,先买泡面[看],0
2025/3/6 0:18,买桶泡面顶一下，明天吧,0
2025/3/6 0:18,先搞个馒头吧,0
2025/3/6 0:19,蜜雪冰城那个 茉香奶绿 刚好七块,0
2025/3/6 0:19,买房，现在买房可以做0首付,0
2025/3/6 0:20,先吃饱吧,0
2025/3/6 0:20,[捂脸][捂脸][捂脸]这还用想，肯定是都买,0
2025/3/6 0:20,先睡觉，做个梦[白眼],0
2025/3/6 0:20,你这买点小米粥吃吧[黑脸],1
2025/3/6 0:21,就这别想了[黑脸],1
2025/3/6 0:21,买个蜜雪冰城！喝了睡吧[看],0
2025/3/6 0:22,你租个共享单车超时都付不了[捂脸],0
2025/3/6 0:22,建议去投资那两个500万的项目,0
2025/3/6 0:22,先买几个馒头[九转大肠],0
2025/3/6 0:22,先买个手抓饼吧,0
2025/3/6 0:23,@Joe,0
2025/3/6 0:23,回家吧孩子,0
2025/3/6 0:25,@倪不是你,0
2025/3/6 0:25,上面的买房   下面的买车,0
2025/3/6 0:26,[思考][思考][思考]好难抉择，要么两样都买吧，这巨资你可以的,0
2025/3/6 0:26,0首付 然后还不起  银行强制收车   白开一个月[不你不想][不你不想],0
2025/3/6 0:26,搞个分付，全款买了,0
2025/3/6 0:26,买飞机,0
2025/3/6 0:26,先买饭[我想静静],0
2025/3/6 0:27,还是先保自己饿不死吧[呲牙],0
2025/3/6 0:28,两样都买不得吗,0
2025/3/6 0:31,买个枕头睡一觉，梦里什么都有,0
2025/3/6 0:33,这种情况我建议你还是买一斤散篓子喝下去你就不会纠结先买哪个了而且两样都买了[捂脸],1
2025/3/6 0:33,买张彩票,0
2025/3/6 0:33,先吃饭吧[尬笑],0
2025/3/6 0:34,先啥也别买，这是巨款,0
2025/3/6 0:34,买个黑色塑料袋套头上，感觉一下青藏高原的窒息感就好了[看],1
2025/3/6 0:34,先买包辣条，醒醒胃[捂脸],0
2025/3/6 0:36,先买个枕头 一定要软一点的哦,0
2025/3/6 0:36,买我,1
2025/3/6 0:36,给我买个泡面我垫垫肚子，饿几天了[捂脸][泪奔][泪奔],0
2025/3/6 0:37,买根棒棒糖吧，生活太苦了，都让你开始幻想了，听我的，吃点甜的[泪奔][泪奔][泪奔],0
2025/3/6 0:37,先还花呗吧,0
2025/3/6 0:37,先睡觉吧,0
2025/3/6 0:38,先点个拼好饭,0
2025/3/6 0:39,先买瓶小麦果汁压压惊[呲牙],0
2025/3/6 0:39,先买房吧,0
2025/3/6 0:40,先买蜜雪冰城[调皮],0
2025/3/6 0:41,给你儿买个玩具车[暗中观察],0
2025/3/6 0:41,先睡觉,0
2025/3/6 0:41,给我买俩包子吧，早上起来饿，我要奶黄的[玫瑰][玫瑰][玫瑰],0
2025/3/6 0:43,房,0
2025/3/6 0:44,先买根棒棒糖,0
2025/3/6 0:44,建议你买31,0
2025/3/6 0:45,先去买两个包子一杯豆浆饱肚子 剩下的吃完再说,0
2025/3/6 0:45,咱先吃饱,0
2025/3/6 0:47,羡慕你们这些有钱人可以v7.9给我吃两个包子吗三天没吃饭了[流泪],1
2025/3/6 0:47,先睡吧,0
2025/3/6 0:47,不行咱买两个油粑粑吃吧,0
2025/3/6 0:49,先睡吧[看],0
2025/3/6 0:49,孩子，不如先想一下下一顿能吃啥,0
2025/3/6 0:49,先睡觉[泣不成声],0
2025/3/6 0:50,先贷款买个房再贷款买个车剩下的??买个盒子装骨灰,1
2025/3/6 0:50,买煎饼果子,0
2025/3/6 0:51,买两包辣条寄过来给我叭,0
2025/3/6 0:51,先买馍,0
2025/3/6 0:52,先买杯蜜雪冰城,0
2025/3/6 0:52,9块钱买我就行了,1
2025/3/6 0:53,先醒醒,1
2025/3/6 0:53,我觉得你需要同时拥有[呲牙],0
2025/3/6 0:53,要不先买一杯 蜜雪冰城,0
2025/3/6 0:53,先买饭吧[泪奔],0
2025/3/6 0:54,买个煎饼果子,0
2025/3/6 0:54,要不要先纠结一下吃馒头还是肉包。[呲牙][呲牙][呲牙],0
2025/3/6 0:54,不然先点个拼好饭[发呆],0
2025/3/6 0:55,先想办法活着[泪奔],0
2025/3/6 0:55,不行  先买点包子吧,0
2025/3/6 0:55,先买两瓶娃哈哈喝,0
2025/3/6 0:55,先吃饭吧朋友,0
2025/3/6 0:56,先睡醒买个包子[泪奔],0
2025/3/6 0:57,先买杯蜜雪冰城[泣不成声],0
2025/3/6 0:58,@阿怖,0
2025/3/6 0:59,先买个大饼吧,0
2025/3/6 0:59,听我的，先睡觉[黑脸],0
2025/3/6 1:00,先睡着,0
2025/3/6 1:01,都不买,1
2025/3/6 1:02,先买彩票[发呆][发呆],0
2025/3/6 1:02,买个油条加豆浆吃饱饱再考虑买啥,0
2025/3/6 1:03,先买早餐,0
2025/3/6 1:03,先买个早餐吧,0
2025/3/6 1:03,去买个糖吃,0
2025/3/6 1:03,明天吃什么？,0
2025/3/6 1:04,兄弟，你不该考虑这些，你先考虑一下生存吧,0
2025/3/6 1:04,先买药[捂脸],0
2025/3/6 1:04,@挽.,0
2025/3/6 1:04,先活下去[黑脸][黑脸],0
2025/3/6 1:04,[笑哭][笑哭][笑哭]@翠花卜太脆 @月月月月月月月月 @小五 @最爱 @-佳佳减减 @雪 @..,0
2025/3/6 1:06,@穆光下的追梦者 @Eve?? @鈺鰰 @SuuuM,0
2025/3/6 1:06,买个烤肠吃,0
2025/3/6 1:06,转给我买个教训吧[看],1
2025/3/6 1:07,买个鸭爪啃一下,0
2025/3/6 1:07,先睡会儿,0
2025/3/6 1:07,先买包辣条再说吧,0
2025/3/6 1:07,晚安??,0
2025/3/6 1:09,先买馒头[比心],0
2025/3/6 1:09,先买醉[听歌],0
2025/3/6 1:10,跟我一样7.97,0
2025/3/6 1:11,这点钱，只能买到我,1
2025/3/6 1:12,欸，还是考虑下一顿吃什么吧[捂脸][捂脸][捂脸],0
2025/3/6 1:12,买水晶球[抱抱你],0
2025/3/6 1:12,够买个碗，再捡个棍,0
2025/3/6 1:13,买张彩票吧[呲牙],0
2025/3/6 1:13,给弟弟买个冰丝的，十元三条[尬笑][呲牙],0
2025/3/6 1:13,一起它不香吗[大笑][大笑][大笑],0
2025/3/6 1:13,来来来来 我岁数大听我的 先睡觉梦里啥都有铁铁[微笑],0
2025/3/6 1:15,先解决温饱问题,0
2025/3/6 1:15,先买瓶可乐压压惊。,0
2025/3/6 1:15,车子是消耗品，房子只是暂时的港湾，听姐的，先买骨粉罐[捂脸],0
2025/3/6 1:16,买钉子吧[暗中观察]拣几块木头钉一下[泪奔][泪奔][泪奔]这才是最终归宿,0
2025/3/6 1:16,买个9块的老花镜,0
2025/3/6 1:16,拼dd一块包邮先买车吧,0
2025/3/6 1:16,先买饭,0
2025/3/6 1:16,先买个拼好饭，吃了睡吧[比心],0
2025/3/6 1:17,先不买车不买房，买俩棒棒糖，你一个我一个[宕机][宕机][宕机][宕机],0
2025/3/6 1:18,买两个包子吃了 好上班 哈哈哈哈,0
2025/3/6 1:19,先买馒头,0
2025/3/6 1:19,我送你一个兰博基尼吧[看],0
2025/3/6 1:20,先吃饭[看],0
2025/3/6 1:20,先买枕头,0
2025/3/6 1:20,[大笑]@婷好·,0
2025/3/6 1:21,先脱贫[噢买尬],0
2025/3/6 1:22,先睡觉[微笑],0
2025/3/6 1:23,先活着吧,0
2025/3/6 1:25,笑出声,0
2025/3/6 1:26,支付不成功[捂脸],0
2025/3/6 1:28,先下楼买包辣条[看],0
2025/3/6 1:29,先买方便面[微笑],0
2025/3/6 1:29,听我的先挂号[听歌],0
2025/3/6 1:30,我也有一样的烦恼,0
2025/3/6 1:30,先买米把,0
2025/3/6 1:31,@Zzzz° @莯澈. @Cattle_B @- [暗中观察]来来来 帮网友分析下我的军师们,0
2025/3/6 1:31,他适合睡觉[捂脸],0
2025/3/6 1:32,买彩票吧,0
2025/3/6 1:33,先买个早餐吃[捂脸][捂脸][捂脸]先保证不会饿死在考虑其他的[裂开][裂开][裂开],0
2025/3/6 1:34,上面的买房，下面的买车完美解决[看],0
2025/3/6 1:34,@虔诚的瘪老仔,1
2025/3/6 1:35,先买个大饼吃饱肚子,0
2025/3/6 1:35,买车吧，玩具车几块的有…,0
2025/3/6 1:35,先买一个枕头,0
2025/3/6 1:36,拼好饭都难,0
2025/3/6 1:37,@罗佳琦超皮,0
2025/3/6 1:37,先贷款都能实现[看],0
2025/3/6 1:38,先买俩馒头,0
2025/3/6 1:40,我买房不后悔,0
2025/3/6 1:40,先吃饭,0
2025/3/6 1:42,先买两根淀粉[宕机]肠,0
2025/3/6 1:43,刚才那位兄弟说的对 但是买坟地贵 你听我的直接去买个骨灰盒 买完骨灰盒直接一步到位 立马去火葬场直接火化,1
2025/3/6 1:44,都买，成年人不做选择，全都要,0
2025/3/6 1:46,先买桶泡面 吃完早点睡,0
2025/3/6 1:46,先睡觉,0
2025/3/6 1:47,先买包挂面吧,0
2025/3/6 1:47,先睡了[看],0
2025/3/6 1:48,先买包辣条爽一下吧,0
2025/3/6 1:49,听哥的，先睡一觉！,0
2025/3/6 1:49,听我的，你把这个截图给老板看，然后让老板给你根绳子，回去上个吊,1
2025/3/6 1:51,先买棒棒糖[看],0
2025/3/6 1:52,买点保险吧[呲牙],1
2025/3/6 1:52,明天早上买个包子先,0
2025/3/6 1:52,听话 咱先把这个月的卫生纸先买[暗中观察],0
2025/3/6 1:53,吃沙县都得先验资[灵机一动],1
2025/3/6 1:55,不用纠结，先吃饭吧[捂脸],0
2025/3/6 1:56,买点花生米,0
2025/3/6 1:57,先买桶泡面,0
2025/3/6 1:57,买颗糖哄哄自己吧[笑哭],0
2025/3/6 1:57,你先生存[比心][比心],0
2025/3/6 1:58,买房,0
2025/3/6 1:59,先买彩票吧[捂脸][捂脸][捂脸],0
2025/3/6 2:00,先买包方便面解决一下温饱也行，毕竟得慢慢来,0
2025/3/6 2:01,先生存,0
2025/3/6 2:02,转给我吧就当买个教训[看],1
2025/3/6 2:02,先睡觉吧,0
2025/3/6 2:03,听我的，先睡觉在做梦，梦里啥都有[不失礼貌的微笑][灵机一动],0
2025/3/6 2:03,先睡觉，,0
2025/3/6 2:04,先买彩票[呲牙],0
2025/3/6 2:04,转给我，买个教训,1
2025/3/6 2:04,先买药镇定一下[比心],0
2025/3/6 2:04,@喵喵在京都,0
2025/3/6 2:06,要不转给我，先买个教训醒醒？,1
2025/3/6 2:07,@unique寶、 @SSailorMoon @旺旺掀被^_^ @轻轻233636886 @6823988668 哈哈哈哈哈哈哈哈哈哈哈,0
2025/3/6 2:07,先买个泡面垫垫肚子,0
2025/3/6 2:08,买点流量吧[暗中观察],1
2025/3/6 2:09,@banna @惯性。 @一克荔枝 @小余儿K @Doctor . @莫莫^_^ @达林 [尬笑],0
2025/3/6 2:10,泡面不想吃了吗[看],0
2025/3/6 2:11,一起买[捂脸],0
2025/3/6 2:11,先买包辣条,0
2025/3/6 2:12,买包大卫龙再买瓶可乐吧铁子，听我的，吃完早点睡,0
2025/3/6 2:13,买个棒棒糖吃[玫瑰],0
2025/3/6 2:13,先买个套房,0
2025/3/6 2:13,先去医院挂号[泣不成声]（bushi,0
2025/3/6 2:14,先贷款[微笑],0
2025/3/6 2:14,先买两个馒头，再买杯豆浆，剩下的定期五年就稳了[看],0
2025/3/6 2:14,[宕机][宕机][宕机],1
2025/3/6 2:14,你先提现,1
2025/3/6 2:17,先找个有房有车的男朋友[捂脸],0
2025/3/6 2:18,买两注彩票。可能什么都有了,0
2025/3/6 2:19,我建议还是先睡觉吧,0
2025/3/6 2:20,听我的 买安眠药 梦里啥都有,1
2025/3/6 2:21,买股票，完事房子车子一起买。,0
2025/3/6 2:21,先活下来[流泪][流泪][流泪],0
2025/3/6 2:22,还是拼多多先抢购个炖盅，百年后装灰好用[捂脸],1
2025/3/6 2:22,先活着！,0
2025/3/6 2:23,先租个电宝[捂脸],0
2025/3/6 2:23,先买盒炒饭吃吃吧[看],0
2025/3/6 2:25,要不去买个彩票吧，说不定房子车子都有了[宕机],0
2025/3/6 2:26,先买馒头,0
2025/3/6 2:27,去超市门口买几个币坐摇摇车算了,0
2025/3/6 2:28,先喝瓶饮料,0
2025/3/6 2:28,先买张地铁票吧,0
2025/3/6 2:28,出去吃碗螺蛳粉都还差两块钱[泪奔][泪奔],0
2025/3/6 2:30,先开玩笑[翻白眼],0
2025/3/6 2:32,买彩票,0
2025/3/6 2:32,先生存,0
2025/3/6 2:32,先活着吧,0
2025/3/6 2:33,买9个硬币摇一天,0
2025/3/6 2:33,吃点菜别光喝酒[噢买尬],0
2025/3/6 2:34,买块地，6平方的地,0
2025/3/6 2:34,去买9块钱的枕头,0
2025/3/6 2:34,抖音今天提现三分钱，去商店买一包纸，一块钱再买一瓶一块的矿泉水，坐在一个无人的角落里，不要吵到别人，埋头痛哭,1
2025/3/6 2:37,先买馒头,0
2025/3/6 2:39,先买个枕头,0
2025/3/6 2:40,@·自渡,0
2025/3/6 2:42,买个桶面吧[暗中观察],0
2025/3/6 2:42,先保命[流泪],0
2025/3/6 2:46,@还是俗话说 笑死，这是你小号吗,1
2025/3/6 2:46,先睡吧,0
2025/3/6 2:48,买颗褪黑素吃了早点睡吧,0
2025/3/6 2:51,@玛卡巴卡12138,0
2025/3/6 2:51,花生米好一点[思考],0
2025/3/6 2:52,刚刚好你比我多 那你买房 我买车吧[偷笑],0
2025/3/6 2:53,先看明天吃啥,0
2025/3/6 2:53,先吃饱,0
2025/3/6 2:54,买瓶绿茶降降火??,0
2025/3/6 2:55,还是先给手机充电吧[尬笑],0
2025/3/6 2:56,先买饭,0
2025/3/6 2:56,一起买吧，反正都是贷款,0
2025/3/6 2:57,别纠结了，全转我，买个教训[害羞],0
2025/3/6 2:57,先买个鸡蛋灌饼吃,0
2025/3/6 2:57,先拼多多砍一刀,0
2025/3/6 2:57,先吃饱,0
2025/3/6 2:58,先买饭,0
2025/3/6 2:59,先吃饭吧兄弟,0
2025/3/6 2:59,别纠结，真的直接买房[流泪]，因为我爸就是先买车，现在没钱买房，安全感都没有,0
2025/3/6 3:03,先买饭吧[笑哭],0
2025/3/6 3:04,v我4.9我给你一张劳斯莱斯五元优惠券[看],1
2025/3/6 3:08,可以买一个玩具房和一辆玩具车先玩,0
2025/3/6 3:09,兄弟。先买个馒头加个茶叶蛋吧，如果还有剩买多杯豆浆,0
2025/3/6 3:09,不要慌，不要慌，泡面吃完还有汤，听哥的，先买面！,0
2025/3/6 3:10,买糖,0
2025/3/6 3:10,先买矿泉水 不够钱吃饭了,0
2025/3/6 3:11,还是先买了否冷吧,0
2025/3/6 3:11,先买饭,0
2025/3/6 3:11,上面买房 下面买车,0
2025/3/6 3:14,双管齐下，零钱买房，零钱通买车,0
2025/3/6 3:15,先活着吧,0
2025/3/6 3:15,我觉得还是先买个蛋比较好点,0
2025/3/6 3:16,先吃饭吧,0
2025/3/6 3:16,说错了，先吃泡面吧,0
2025/3/6 3:17,先买个男朋友,0
2025/3/6 3:17,买饭[吐舌],0
2025/3/6 3:26,先活着,0
2025/3/6 3:28,先买包辣条慢慢考虑先买车还是先买房,0
2025/3/6 3:29,先睡觉吧,0
2025/3/6 3:30,听哥的 买瓶益力多[泣不成声][泣不成声][泣不成声],0
2025/3/6 3:32,都不需要买自己找个地把自己埋了重开还有1/80亿的概率成为马克斯的孩子,1
2025/3/6 3:33,买两杯柠檬水喝喝得了[看],0
2025/3/6 3:33,先买份肠粉,0
2025/3/6 3:33,先活着,0
2025/3/6 3:34,买份煎饼果子吧,0
2025/3/6 3:34,纠结就对了，[尬笑],0
2025/3/6 3:35,先买老公吧,0
2025/3/6 3:36,买个地瓜，咱俩一起吃,0
2025/3/6 3:41,先考虑明天是吃馒头，还是花卷[尬笑][尬笑],0
2025/3/6 3:41,先买个福利彩票吧[捂脸]，虽然概率低,0
2025/3/6 3:42,上面买房下面买车,0
2025/3/6 3:42,先让自己活下去吧,0
2025/3/6 3:44,@-ixxxxx,0
2025/3/6 3:46,买套煎饼果子吃吧[灵机一动],0
2025/3/6 3:46,先充电[呆无辜],0
2025/3/6 3:48,一起买,0
2025/3/6 3:48,买个拼好饭都不够,0
2025/3/6 3:49,先买个馒头,0
2025/3/6 3:52,别想那些有的没的,0
2025/3/6 3:53,先买一个鸡蛋灌饼吃在思考[看],0
2025/3/6 3:53,先把梦做好了，再考虑买哪一个？[捂脸],0
2025/3/6 3:55,先确保买个馒头吧,0
2025/3/6 3:57,先活下去。求你了,0
2025/3/6 4:04,买A4纸 自己折,0
2025/3/6 4:06,@1k,0
2025/3/6 4:07,建议都买[泪奔],0
2025/3/6 4:07,这不是你该想的问题，先想想明天吃什么吧,0
2025/3/6 4:08,这数字买车,0
2025/3/6 4:09,先买个泡面吃饱了在考虑吧,0
2025/3/6 4:11,用零钱买套房，再用零钱通买辆车，人生赢家[赞],0
2025/3/6 4:11,先买矿泉水浇脸上清醒清醒[看],1
2025/3/6 4:12,先买车吧，这点余额，还能叫老板送几节南孚电池[灵机一动],0
2025/3/6 4:16,先买早饭,0
2025/3/6 4:19,先买给个馒头吧[比心]，吃饱了有力气了，才能努力当牛马挣钱[害羞],0
2025/3/6 4:19,再去接几块钱买包红塔山,0
2025/3/6 4:20,先吃饭,0
2025/3/6 4:21,买杯奶茶,0
2025/3/6 4:23,都买[灵机一动],0
2025/3/6 4:26,@美羊羊脾气大????,0
2025/3/6 4:30,先点份鱼香肉丝盖饭再说,0
2025/3/6 4:33,买点明天早饭吧，先吃饱了再想[干饭人],0
2025/3/6 4:35,还是买杯豆浆加根油条吃完天亮了再睡一觉就好了[泪奔],0
2025/3/6 4:35,先买一份蛋肉肠吃吧，吃饱了再去挣钱,0
2025/3/6 4:36,为什么你没显示经营码,1
2025/3/6 4:36,先买彩票    中奖了   俩都买,0
2025/3/6 4:37,先睡觉,0
2025/3/6 4:37,先买点纸巾用用,0
2025/3/6 4:41,先凑够十块吧,0
2025/3/6 4:41,买两包魔芋爽 爽一爽算了,0
2025/3/6 4:43,先买车吧,0
2025/3/6 4:48,要不然先想办法买个饭？[发呆],0
2025/3/6 4:49,先翻个身先,0
2025/3/6 4:49,先活着,0
2025/3/6 4:52,先买米[捂脸],0
2025/3/6 4:56,坟墓才是最终的归宿[捂脸],1
2025/3/6 5:01,买创可贴吧[泪奔],0
2025/3/6 5:01,先养活自己,0
2025/3/6 5:01,要不，咱先买个碗呢[看],0
2025/3/6 5:05,@逆風局.,0
2025/3/6 5:07,买根不二家嗦两个算了[九转大肠][九转大肠][九转大肠],0
2025/3/6 5:07,姐妹先存钱[捂脸],0
2025/3/6 5:09,买个棒棒糖[泪奔],0
2025/3/6 5:11,买点泡面吧还能吃几天,0
2025/3/6 5:13,先买几个气球庆祝一下[呲牙],0
2025/3/6 5:19,拿一块钱去超市门口玩会儿摇摇车[玫瑰],0
2025/3/6 5:25,买个馍、,0
2025/3/6 5:26,买个棒棒糖??先[捂脸],0
2025/3/6 5:27,买包辣条边吃边想,0
2025/3/6 5:30,买卷红绳吧，记得减肥，太重了红绳会断[看],1
2025/3/6 5:31,买颗??玩去[抠鼻],1
2025/3/6 5:34,先活着,0
2025/3/6 5:43,转给我，先买个教训[尬笑],1
2025/3/6 5:43,先买两包辣条吃一下 回味童年[看],0
2025/3/6 5:45,先买两个馒头[灵机一动],0
2025/3/6 5:45,先睡觉吧,0
2025/3/6 5:45,车头摆件也买不到 房子拖鞋买一双应该行的吧[微笑],0
2025/3/6 5:49,先买我,1
2025/3/6 5:49,先嫁人！然后车子，房子，票子全有了[尬笑][尬笑][尬笑][灵机一动][灵机一动][灵机一动],1
2025/3/6 5:50,买扇子，这样喝西北风多喝些,1
2025/3/6 5:54,听我的下楼买两颗阿尔卑斯棒棒糖然后回家睡觉吧梦里啥都有,0
2025/3/6 5:55,买个烤冷面得了吧,0
2025/3/6 5:56,先活着吧,0
2025/3/6 5:58,先买双色球，中了啥都有,0
2025/3/6 5:58,要不先买桶泡面,0
2025/3/6 6:00,听哥的 房和车都别买 先解决自己的温饱[看],0
2025/3/6 6:00,买个早餐吧，比较实际,0
2025/3/6 6:01,一起买,0
2025/3/6 6:02,买一杯蜜雪冰城甜甜蜜蜜不好吗[看][看],0
2025/3/6 6:04,@海蓝,0
2025/3/6 6:04,先醒醒吧[泪奔],1
2025/3/6 6:06,这么有实力，肯定是都拿下啊,0
2025/3/6 6:06,@Mar_19 买啥,0
2025/3/6 6:08,真是羡慕，你已经过上吃利息的生活,0
2025/3/6 6:08,兄弟，先买猪脚饭，吃了睡觉好做梦[我想静静],0
2025/3/6 6:13,先买个邦迪把肚脐眼粘上，这样睡觉做梦不着凉,0
2025/3/6 6:14,先买米吧,0
2025/3/6 6:15,先买馒头吧[捂脸],0
2025/3/6 6:15,买个猪脚饭[笑哭],0
2025/3/6 6:18,一起买 小孩子才做选择,0
2025/3/6 6:18,建议你先买我，我可以为你打工！锦衣玉食不一定！但是西北风一定管够,1
2025/3/6 6:18,先买午饭吧[捂脸],0
2025/3/6 6:19,先买个枕头[笑哭][笑哭],0
2025/3/6 6:20,@大寒 @??芋泥脑袋瓜,0
2025/3/6 6:21,下面零头买车，上面零头买房，再找朋友借10块去吃个猪脚饭,0
2025/3/6 6:22,去楼下买包魔芋爽 爽爽,0
2025/3/6 6:22,先买个鸡蛋灌饼解决下温饱[玫瑰],0
2025/3/6 6:22,买个馍吃吃吧[捂脸],0
2025/3/6 6:22,[捂脸]，先赚钱,0
2025/3/6 6:24,先睡觉吧,0
2025/3/6 6:25,先买馒头,0
2025/3/6 6:26,建议你买点面粉，搓馒头或者窝窝头[抠鼻]明天都不知道咋办了，还想那么远[笑哭],1
2025/3/6 6:27,@??????,0
2025/3/6 6:28,建议还是买两包魔芋爽去爽一爽吧[看],0
2025/3/6 6:28,先睡觉[抠鼻],0
2025/3/6 6:29,啥也不用买，吃好喝好玩好，争取活到200岁,0
2025/3/6 6:31,考虑下今天吃包子还是吃馒头吧宝宝[流泪],0
2025/3/6 6:33,听姐的话，先买个包子，把肚子吃饱好去挣钱[捂脸],0
2025/3/6 6:34,先凑钱买碗饭吃吧,1
2025/3/6 6:37,先充电,0
2025/3/6 6:37,[流泪],0
2025/3/6 6:39,你还是挺会理财的 还知道放一部分在零钱通那里[赞],0
2025/3/6 6:39,买瓶酒精喝了 睡觉梦里啥都有,1
2025/3/6 6:43,先去买个泡面吧，其他的先别想了,0
2025/3/6 6:43,还是想想早上吃啥吧,0
2025/3/6 6:43,要不我们先买点零钱通[捂脸],0
2025/3/6 6:43,先找人借个7块钱中午吃个隆江猪脚饭吧哥们儿,0
2025/3/6 6:44,先买五注机打,0
2025/3/6 6:46,买俩糖吃,0
2025/3/6 6:47,上边买房，下边买车[灵机一动],0
2025/3/6 6:48,买彩票，中了的话车房就都有了，没中的话也无伤大雅[泣不成声],0
2025/3/6 6:49,转给我，这些钱够买个教训,1
2025/3/6 6:50,先活着吧,0
2025/3/6 6:50,先买彩票吧,0
2025/3/6 6:50,先买了馒头,0
2025/3/6 6:50,先玩泥巴,0
2025/3/6 6:51,先活着,0
2025/3/6 6:51,我选了房子，因为车子给自己快乐，房子是给家人快乐[不失礼貌的微笑],0
2025/3/6 6:51,先买张双色球吧,0
2025/3/6 6:51,全花了啊，明天不吃饭了？,0
2025/3/6 6:51,先买早饭,0
2025/3/6 6:53,先收购小米,0
2025/3/6 6:53,买杯咖啡提提神 好好想,0
2025/3/6 6:54,先把欠我的5块钱还了[暗中观察],0
2025/3/6 6:55,兄弟先活着吧[捂脸],0
2025/3/6 6:55,区卖个旺旺大礼包把,0
2025/3/6 6:59,还是先买根棒棒糖，甜甜嘴吧[大笑][大笑],0
2025/3/6 7:01,先买盒，这个存款搁现在还能买个塑料的，以后可能连塑料的都买不了。那就真的是到s都没地方住了[干饭人],0
2025/3/6 7:01,请找把你三个大哥（快递大哥、外卖大哥、房东大哥）养明白再考虑购买得事！[尬笑][尬笑][尬笑],1
2025/3/6 7:03,先买两包方便面吧[捂脸],0
2025/3/6 7:04,哈哈哈哈哈哈哈哈哈哈,0
2025/3/6 7:05,买两个棒棒糖，日子还是很甜的[捂脸],0
2025/3/6 7:09,[看]先买枕头,0
2025/3/6 7:10,你这些钱够买一袋小米的 别纠结,0
2025/3/6 7:10,看了你！我买车买房都能实现，最起码我有几十的存款[比心][比心][比心],0
2025/3/6 7:10,先买个枕头   睡得香才能做个好梦[调皮],0
2025/3/6 7:11,还是先吃饭吧[捂脸],0
2025/3/6 7:12,一起买有剩余，羡慕了[比心],0
2025/3/6 7:13,先活着[捂脸],0
2025/3/6 7:14,买车贷款了，买房再贷款就贷不下来了，你先买房贷款再买车，贷不贷款都可以,0
2025/3/6 7:15,看你的零钱通收益，建议先买个五菱的剁椒鱼头[呲牙],0
2025/3/6 7:18,七百万买房，一百万买车[憨笑],0
2025/3/6 7:19,该买今天的早饭了,0
2025/3/6 7:20,先活好吧[钱],1
2025/3/6 7:21,先买个早餐吧[呲牙][呲牙][呲牙],0
2025/3/6 7:22,挑一套房子加购物车里[看],0
2025/3/6 7:22,可不可以先吃碗泡面[泣不成声],0
2025/3/6 7:22,先睡觉吧,0
2025/3/6 7:22,先买饭吧[捂脸],0
2025/3/6 7:24,买馍,0
2025/3/6 7:24,买两桶泡面吧,0
2025/3/6 7:24,先买杯蜜雪,0
2025/3/6 7:24,先买早餐,0
2025/3/6 7:26,先吃饱吧,0
2025/3/6 7:26,先活着,0
2025/3/6 7:28,找买碗[泪奔],0
2025/3/6 7:28,我建议先买糖吧！让自己甜一下,0
2025/3/6 7:28,买车0首付,0
2025/3/6 7:29,出门买两个包子,0
2025/3/6 7:29,@仕琴 @自由。。。,0
2025/3/6 7:29,@??????????.,0
2025/3/6 7:30,先买瓶红牛提提神吧[大笑],0
2025/3/6 7:30,先买两包子吃饱了才有精力思考[看],0
2025/3/6 7:30,挂号都不够,0
2025/3/6 7:30,先活下来,0
2025/3/6 7:31,先睡觉，睡饱了啥都有,0
2025/3/6 7:33,先做梦，听我的继续睡,1
2025/3/6 7:33,大妹子，听我的啥也别想了，你得先活着,0
2025/3/6 7:33,要不先买个手抓饼,0
2025/3/6 7:34,先买卷卫生纸,0
2025/3/6 7:34,先搞钱[捂脸],0
2025/3/6 7:37,先吃顿早饭 这金额午饭都吃不起,0
2025/3/6 7:37,打一斤米酒，在买几包辣条。在考虑先买什么,0
2025/3/6 7:38,买早餐,0
2025/3/6 7:38,我开v8[感谢],0
2025/3/6 7:39,@Sunny??,0
2025/3/6 7:39,还是买二斤米吧,0
2025/3/6 7:40,先买包辣条，再买俩馍吧，能撑一顿[泪奔],0
2025/3/6 7:41,先睡觉吧，睡醒你就有事干了,0
2025/3/6 7:41,都买，你值得最好的,0
2025/3/6 7:41,都买，剩下的钱再买架飞机,0
2025/3/6 7:41,@YY 看评论,0
2025/3/6 7:42,买彩票吧，其他都有困难,0
2025/3/6 7:42,买彩票[大笑],0
2025/3/6 7:42,先睡觉吧哥,0
2025/3/6 7:42,先买顿早餐吃了再慢慢想,0
2025/3/6 7:42,[捂脸][捂脸][捂脸],0
2025/3/6 7:44,先买包子吃[呲牙],0
2025/3/6 7:44,先睡觉,0
2025/3/6 7:44,先点个外卖吃,0
2025/3/6 7:44,先睡觉[捂脸],0
2025/3/6 7:45,先吃饭吧，吃才能睡，睡着才能发好梦[微笑][呲牙],0
2025/3/6 7:46,你还是先担心担心下个月话费从哪凑吧[笑哭],1
2025/3/6 7:47,先活着,0
2025/3/6 7:47,再攒攒，买套QQ秀,0
2025/3/6 7:47,你先充电吧,1
2025/3/6 7:48,先买饭[噢买尬],0
2025/3/6 7:48,先买两个包子 别饿着,0
2025/3/6 7:49,先陪我一起吃个早餐,0
2025/3/6 7:50,先睡觉,0
2025/3/6 7:50,先吃饱再说,0
2025/3/6 7:51,我比你多点，你先支援我，，完了咱两再一起给你想办法，好嘛[尬笑][尬笑],0
2025/3/6 7:51,我去太富裕了，先买个甜水压压惊[捂脸],0
2025/3/6 7:52,想法一样[捂脸][捂脸],0
2025/3/6 7:52,先买饭,0
2025/3/6 7:52,买个早点778,0
2025/3/6 7:52,贷款全部拿下,0
2025/3/6 7:53,先买饭，把肚子填饱再合计别的,0
2025/3/6 7:53,先买饭吧[大笑],0
2025/3/6 7:53,零钱买房，零钱通买车,0
2025/3/6 7:53,先给我买个香辣鸡排汉堡,0
2025/3/6 7:53,楼下买包辣条吧还是，毕竟买别的也不太够[尬笑],0
2025/3/6 7:54,先买两个馍吧 吃饱好睡觉,0
2025/3/6 7:54,先买两片退烧药，烧迷糊了都,0
2025/3/6 7:55,我有一计，加在一起正好一个杂粮煎饼还能加个肠[奋斗][奋斗],0
2025/3/6 7:55,玩具车[捂脸],0
2025/3/6 7:55,先买瓶老村长助助眠,0
2025/3/6 7:56,小孩子才做选择我全都要,0
2025/3/6 7:56,先买早餐,0
2025/3/6 7:57,先买个馒头,0
2025/3/6 7:57,哇[求求了]那你可以买个泡面加根肠诶[求求了][求求了][求求了],0
2025/3/6 7:57,先买馒头活下去在说,0
2025/3/6 7:58,先买早点吧，留得青山在 不怕没柴烧,0
2025/3/6 7:58,听我的，先活着[不失礼貌的微笑],0
2025/3/6 7:58,先活着,0
2025/3/6 7:59,先去买只5毛的棒棒糖让自己甜一下[看],0
2025/3/6 7:59,我建议先办个别的手机卡吧，你用的这个信号??太差啦[捂脸][捂脸]，车房还有评论里的坟坑，都往后推推[调皮][调皮][调皮][调皮],0
2025/3/6 8:00,小去找医生,0
2025/3/6 8:00,先买包辣条,0
2025/3/6 8:00,先糊口,0
2025/3/6 8:00,九块九的活动你都参加不了[捂脸][捂脸][捂脸],1
2025/3/6 8:00,买瓶葡萄糖注射液续命[捂脸][捂脸][捂脸],0
2025/3/6 8:01,先买早餐[捂脸],0
2025/3/6 8:01,零钱买房，零钱通里的买车，刚刚好,0
2025/3/6 8:01,先买半斤米煮稀饭吃,0
2025/3/6 8:02,先睡觉，梦里啥都有[泪奔][泪奔][泪奔],0
2025/3/6 8:02,先买蜜雪,0
2025/3/6 8:02,先点个拼好饭吧[看],0
2025/3/6 8:02,深圳买个馒头都不够[泣不成声],0
2025/3/6 8:03,先买个棒棒糖吧[酷拽],0
2025/3/6 8:03,先买个鸡蛋灌饼吧 记住朋友不要加肠 不然不够 睡挺好的 起来别累着,0
2025/3/6 8:03,先吃饭,0
2025/3/6 8:04,为啥不再大胆点呢？先买房车它不香嘛，房子有了，车子也有了,0
2025/3/6 8:04,先买三张彩票,0
2025/3/6 8:05,先睡觉??梦里什么都有,0
2025/3/6 8:05,先买药,0
2025/3/6 8:05,先买彩票,0
2025/3/6 8:05,先买一斤米，不然怕你稀饭汤都没有喝[捂脸],0
2025/3/6 8:05,一起买，没必要这么纠结[抠鼻][石化][暗中观察],0
2025/3/6 8:06,买瓶酒喝了睡，梦里啥都有,0
2025/3/6 8:07,有考虑过分期吗[捂脸],0
2025/3/6 8:07,先存款[泪奔],0
2025/3/6 8:07,先搞钱[看],0
2025/3/6 8:08,先买个国家,1
2025/3/6 8:08,买几包泡面[看],0
2025/3/6 8:09,先贷款,0
2025/3/6 8:09,先嫁人！[捂脸],0
2025/3/6 8:09,乖，听话，先吃饭。吃完饭再想,0
2025/3/6 8:09,这家庭，你还选？当然是都买呀！,0
2025/3/6 8:09,先睡觉,0
2025/3/6 8:09,先买彩票吧,0
2025/3/6 8:09,先吃饱[偷笑],0
2025/3/6 8:09,先买早饭,0
2025/3/6 8:10,先吃饭[憨笑],0
2025/3/6 8:10,先吃饭吧[笑哭],0
2025/3/6 8:11,先睡着,0
2025/3/6 8:11,先活着 先活着 就好,0
2025/3/6 8:11,财不外露,0
2025/3/6 8:12,先填饱肚子,0
2025/3/6 8:13,先睡觉吧，可能会一起有了,0
2025/3/6 8:13,先去等公交,0
2025/3/6 8:14,先能买了饭再说吧,0
2025/3/6 8:14,[捂脸]先吃了辣条[捂脸],0
2025/3/6 8:14,先买个早饭吧,0
2025/3/6 8:14,先保命,0
2025/3/6 8:14,先住天桥底下,1
2025/3/6 8:15,不行，先买个彩票吧,0
2025/3/6 8:15,志向远大，必须两个都买[微笑],0
2025/3/6 8:15,买怡宝,0
2025/3/6 8:15,先买两块砖,0
2025/3/6 8:15,买俩粒布洛芬先缓解一下,0
2025/3/6 8:15,先买一注彩票,0
2025/3/6 8:16,宝儿，先买完粥喝，也能饱一会儿肚子呢,0
2025/3/6 8:16,先活下去[灵机一动],0
2025/3/6 8:16,先保命，，,0
2025/3/6 8:16,先买个拼好饭吧。[泪奔],0
2025/3/6 8:17,先买瓶水压压惊[看],0
2025/3/6 8:17,@发疯狂抽188男大嫩臀 建议买个枕头先睡一觉。[捂脸],1
2025/3/6 8:17,先活下来在说吧,0
2025/3/6 8:17,先买瓶水喝喝,0
2025/3/6 8:17,先把番茄卸了,1
2025/3/6 8:17,一起买不就好了,0
2025/3/6 8:18,先睡觉吧还是,0
2025/3/6 8:18,先买早饭,0
2025/3/6 8:18,先想吧,0
2025/3/6 8:18,先给我买瓶哇哈哈吧[泪奔],0
2025/3/6 8:18,成年人不做选择，全买,0
2025/3/6 8:18,你还是先纠结一下下一顿吃啥吧,0
2025/3/6 8:18,先买两包辣条，边吃边看,0
2025/3/6 8:19,先买饭,0
2025/3/6 8:19,@一枚理智庆（劳累工作版） [九转大肠],0
2025/3/6 8:19,先考虑板面能不能加个蛋,0
2025/3/6 8:19,继续睡吧,0
2025/3/6 8:19,咱先买包苏菲吧，车房过两天再考虑,0
2025/3/6 8:19,先睡觉吧,0
2025/3/6 8:20,先买碗粥喝,0
2025/3/6 8:20,买,0
2025/3/6 8:20,买条皮带[看],0
2025/3/6 8:20,先买早饭吧，买完就不用纠结了,0
2025/3/6 8:20,还是先吃个早餐吧[泪奔],0
2025/3/6 8:20,先买饭,0
2025/3/6 8:20,先买个肉夹馍，干点实事[赞],0
2025/3/6 8:20,你这个买苏菲都怕不够啊[捂脸][捂脸],0
2025/3/6 8:20,先买馒头,0
2025/3/6 8:21,先买饭 姐们，不然吃根烤肠[看],0
2025/3/6 8:21,买什么不知道，卖什么，我可都想好了[泣不成声],0
2025/3/6 8:21,先买自己开心[不失礼貌的微笑],0
2025/3/6 8:21,哈哈哈哈哈哈哈哈,0
2025/3/6 8:21,先吃饭,0
2025/3/6 8:21,先买我[害羞],0
2025/3/6 8:21,先买个塑料袋，体验下高原反应。,1
2025/3/6 8:21,@明明超可爱 @昆明市民王先生 @生鱼片是死鱼还是活鱼,0
2025/3/6 8:21,先卖血靠谱点[捂脸],1
2025/3/6 8:22,先买根真知棒吧，生活很苦，但棒棒糖很甜！,0
2025/3/6 8:22,先买棒棒糖吧姐[宕机],0
2025/3/6 8:22,先卸载番茄小说[舔屏],1
2025/3/6 8:22,哥 咱需要先解决温饱问题[笑哭][笑哭],0
2025/3/6 8:23,先买个糖吃点甜头吧[捂脸],0
2025/3/6 8:23,先买药，孩子老是做梦也不像那么回事,0
2025/3/6 8:23,买药[捂脸][捂脸],0
2025/3/6 8:23,@媛宝儿～,0
2025/3/6 8:23,买个手抓饼吃吃吧,0
2025/3/6 8:23,买地瓜,0
2025/3/6 8:24,先买早饭[偷笑],0
2025/3/6 8:24,先买饭吧,0
2025/3/6 8:24,买张彩票吧，搏一搏，单车变摩托,0
2025/3/6 8:24,先买彩票吧,0
2025/3/6 8:24,这边建议办张单车周卡,0
2025/3/6 8:24,给我买个棒棒糖吧,0
2025/3/6 8:24,洗屁股睡觉,0
2025/3/6 8:25,先吃饭,0
2025/3/6 8:25,先买饭吧,0
2025/3/6 8:25,要不咱们先买饭呢,0
2025/3/6 8:25,早安，给自己买个鸡蛋灌饼吃吧[看],0
2025/3/6 8:25,先睡觉,0
2025/3/6 8:25,先买个面包吧。不然得饿肚子,0
2025/3/6 8:26,先吃个早饭吧，吃饱了没烦恼[九转大肠],0
2025/3/6 8:26,听大哥的，先看病，乖[捂脸][捂脸][捂脸],0
2025/3/6 8:26,先去买根棒棒糖,0
2025/3/6 8:26,先去睡一觉吧,0
2025/3/6 8:26,买点辣条吃吧,0
2025/3/6 8:26,一觉醒来全球物价下降1万倍是吧,0
2025/3/6 8:26,先活着吧[捂脸],0
2025/3/6 8:27,先买饭[呲牙],0
2025/3/6 8:27,先买车！买房愉悦别人，还贷痛苦自己！但是买车愉悦自己,0
2025/3/6 8:27,可以买个便宜的车代步，余钱存着，有钱才有更多选择,0
2025/3/6 8:27,先活着[发呆],0
2025/3/6 8:27,@LOVE??宝贝,0
2025/3/6 8:27,先留着明天买早餐,0
2025/3/6 8:27,房,0
2025/3/6 8:27,先买饭吧,0
2025/3/6 8:27,买个枕头,0
2025/3/6 8:28,先买点早餐吧,0
2025/3/6 8:28,先吃饭吧 你觉得呢,0
2025/3/6 8:28,先睡个觉吧行不行[酷拽][酷拽][酷拽][宕机][宕机][宕机][大笑],0
2025/3/6 8:28,先买个馒头,0
2025/3/6 8:28,先买饭吧 [捂脸],0
2025/3/6 8:28,马上清明节买纸都不够,0
2025/3/6 8:28,先活着[捂脸],0
2025/3/6 8:29,@DY-乐?? [笑哭],0
2025/3/6 8:29,[尬笑]你要不先买个早饭呢,0
2025/3/6 8:29,先买个肉包子吃,0
2025/3/6 8:29,去买包黄果树抽完自己回去上班[黑脸],1
2025/3/6 8:29,先活下去,0
2025/3/6 8:29,上面买车，下面买房。[泪奔],0
2025/3/6 8:29,买车吧！车可以零首付,0
2025/3/6 8:30,哥们儿，先买早餐,0
2025/3/6 8:30,先买包辣条[赞],0
2025/3/6 8:30,先做梦都有的[666][666][666][666],0
2025/3/6 8:31,听我的，先下楼吃个炒。别饿着自己,0
2025/3/6 8:31,7块钱买su7，1块钱买汤臣一品[舔屏],1
2025/3/6 8:31,先买馒头吃饱,0
2025/3/6 8:31,你先买包辣条冷静一下！,0
2025/3/6 8:31,先买彩票,0
2025/3/6 8:32,买个蜜雪冰城，再继续考虑这个问题吧,0
2025/3/6 8:32,先填饱肚子吧[捂脸][捂脸][捂脸],0
2025/3/6 8:32,提前烧纸  未来可期,0
2025/3/6 8:32,买张彩票吧,0
2025/3/6 8:33,你这个教训都买不到,1
2025/3/6 8:33,[捂脸]不要慌喝个蜜雪好好想一下[呲牙],0
2025/3/6 8:33,要买瓶矿泉水,0
2025/3/6 8:33,先买饭,0
2025/3/6 8:33,[看]先买个烧饼吧，要不明天就嘎了,0
2025/3/6 8:33,先买饭[泣不成声],0
2025/3/6 8:34,先买水,0
2025/3/6 8:34,你先买两个包子吃吧,0
2025/3/6 8:34,肯定都要啊，都这么富有了,0
2025/3/6 8:35,买个6,0
2025/3/6 8:35,先买泡面加根肠,0
2025/3/6 8:35,先醒醒,1
2025/3/6 8:35,今天早餐买了吗？,0
2025/3/6 8:35,先买瓶快乐水，要自己快乐一下，切记要小瓶，大瓶太贵,0
2025/3/6 8:36,你先挣钱吧[捂脸],1
2025/3/6 8:36,先买彩票,0
2025/3/6 8:36,先买个饼[不你不想],0
2025/3/6 8:36,先攒攒[看],0
2025/3/6 8:36,先买副手套吧，两块五一副，中午两块钱的馒头，三块钱的咸菜，晚上工资一结，吃嘛嘛香。,0
2025/3/6 8:37,先买个包子吃吃,0
2025/3/6 8:37,转给我买个教训,1
2025/3/6 8:37,买袋方便面吧 再加个玉米肠,0
2025/3/6 8:37,先买凉席，夏天要到了,0
2025/3/6 8:37,先买个饼 兄弟,0
2025/3/6 8:37,先买点米吧,0
2025/3/6 8:37,先来一盒红塔山，再想想下一步怎么活,0
2025/3/6 8:37,上面买车下面买房[偷笑][偷笑][偷笑][偷笑],0
2025/3/6 8:38,先睡觉,0
2025/3/6 8:38,听哥的一块买,0
2025/3/6 8:38,先活着吧,0
2025/3/6 8:38,这只能先买小米了，至少够熬一顿稀饭喝喝,0
2025/3/6 8:38,听我的，买注双色球，搏一搏单车变摩托[比心],0
2025/3/6 8:38,买点辣条吃吃的了[捂脸],0
2025/3/6 8:39,[泪奔],0
2025/3/6 8:39,别纠结了给我买个包子[坏笑],0
2025/3/6 8:39,先买饭,0
2025/3/6 8:39,成功的路上，只有奋斗能给自己安全感。但是您这余额，我建议买安眠药，不然睡不着,1
2025/3/6 8:39,先买个包子吃吃，然后找工作吧。[捂脸][捂脸][捂脸],0
2025/3/6 8:39,先买早餐[泣不成声],0
2025/3/6 8:40,放贷吗,1
2025/3/6 8:40,先买车，我这一堆玩具车，很符合你的条件,0
2025/3/6 8:40,买保险,0
2025/3/6 8:40,先买一份烤冷面吧 别加肠了,0
2025/3/6 8:40,先买几粒米,0
2025/3/6 8:40,买噶的,1
2025/3/6 8:41,先买饭[捂脸],0
2025/3/6 8:41,先买馒头,0
2025/3/6 8:41,先买饭[宕机],0
2025/3/6 8:41,先买瓶冰水清醒清醒,0
2025/3/6 8:41,先吃饭,0
2025/3/6 8:42,先买早餐[捂脸],0
2025/3/6 8:42,先吃饱吧[尬笑],0
2025/3/6 8:42,抖上有房就够了,0
2025/3/6 8:42,下班后买根淀粉肠吃吃了@来不及吃早饭?? @Hi @夜是灯火不休 @mortífero· @?蒜泥倒莓?,0
2025/3/6 8:42,小朋友才做选择，都买，听话,0
2025/3/6 8:42,先换个男人,1
2025/3/6 8:42,买棒棒糖[暗中观察],0
2025/3/6 8:42,7块买房 1块买车,1
2025/3/6 8:42,终究是多虑了[捂脸][捂脸][捂脸],0
2025/3/6 8:42,有钱没钱的，你把电充满啊。不然手机都玩不了！,0
2025/3/6 8:42,散称点小米吧,0
2025/3/6 8:42,这边建议先挂号,0
2025/3/6 8:43,听句劝，先还债,1
2025/3/6 8:43,买一个馒头！吃饱了在想[捂脸],0
2025/3/6 8:43,先吃饱饭,0
2025/3/6 8:43,先买个早点吃吧,0
2025/3/6 8:44,听我的，先买个馒头[泪奔],0
2025/3/6 8:44,先买颗棒棒糖[泪奔][泪奔],0
2025/3/6 8:44,先买个早饭吧，不吃早饭伤身体，留得青山在不怕没柴烧,0
2025/3/6 8:44,我觉得嘛，还是一起买吧，辛苦一阵子,0
2025/3/6 8:44,买包小滑头吧[看],1
2025/3/6 8:44,先睡觉吧,0
2025/3/6 8:44,买馍吧，吃饱了才有力气许愿[暗中观察],0
2025/3/6 8:44,先买顿饭,0
2025/3/6 8:44,先买注彩票比较实际,0
2025/3/6 8:45,楼下小卖部买包魔芋爽爽爽得了[看][看],0
2025/3/6 8:45,先卖肾[尬笑],1
2025/3/6 8:45,先保命[阴险],1
2025/3/6 8:45,上面的买车，下面的买房，刚好,0
2025/3/6 8:45,不行咱先吃个饭吧[呲牙],0
2025/3/6 8:45,先买两个馒头吃吧,0
2025/3/6 8:45,先买包辣条,0
2025/3/6 8:46,他们说：可以先买个塑料袋 体验下高原反应[暗中观察],0
2025/3/6 8:46,车子是消耗品，房子只是暂时的港湾，听哥的先把7块钱转给我，吃个广东肠粉填饱肚子[看][看][看],1
2025/3/6 8:46,@Nubi??＆Cookie??,0
2025/3/6 8:47,先买个打火机吧，准备随时烧[看],1
2025/3/6 8:47,还是先睡觉吧,0
2025/3/6 8:47,还是去买注双色球吧[尬笑],0
2025/3/6 8:47,先买包辣条吧,0
2025/3/6 8:48,@心存の思念（阿娇） @W @蟹蟹蟹老板?? @亦枚. @西米露 @叫我Xiulili,0
2025/3/6 8:48,这都不是你该考虑的问题[看],1
2025/3/6 8:48,先买饭吃饱再说,0
2025/3/6 8:48,还是先买包子吧[捂脸],0
2025/3/6 8:48,买桶泡面吧,0
2025/3/6 8:48,这边建议先卖肾,1
2025/3/6 8:49,先买个盒子全款[捂脸],0
2025/3/6 8:49,买张报纸睡着了，啥都有,0
2025/3/6 8:49,先买两馒头[笑哭],0
2025/3/6 8:49,转给我先买个教训比较好[捂脸][捂脸][捂脸][捂脸],0
2025/3/6 8:50,先买枕头[宕机],0
2025/3/6 8:50,听话，先吃饭,0
2025/3/6 8:50,本来想推荐你买个高一点的枕头的，看了看图片，不联系了[黑脸],1
2025/3/6 8:50,先吃饱吧[呆无辜],0
2025/3/6 8:50,先买个彩票,0
2025/3/6 8:50,先买保险,0
2025/3/6 8:51,先吃饭,0
2025/3/6 8:51,先买个早餐吧,0
2025/3/6 8:51,买条黑丝[灵机一动],0
2025/3/6 8:51,先上班,0
2025/3/6 8:51,买饭都难,0
2025/3/6 8:52,买个风冷[黑脸],1
2025/3/6 8:52,先活着[看],0
2025/3/6 8:52,先吃饭[看],0
2025/3/6 8:53,先买两根淀粉烤肠，边吃边想,0
2025/3/6 8:53,你零钱多用来买房，零钱通少用来买车[机智],0
2025/3/6 8:54,先买注彩票吧,0
2025/3/6 8:54,先睡觉,0
2025/3/6 8:54,先吃饭吧,0
2025/3/6 8:54,你先买个菜夹馍早上一吃吧,0
2025/3/6 8:54,先买饭,0
2025/3/6 8:54,先买车吧，别耽误时间,0
2025/3/6 8:55,先嫁给有钱人,1
2025/3/6 8:55,先买个早饭吃吧，吃饱了继续想,0
2025/3/6 8:55,先买杯速溶咖啡冷静冷静，千万别冲动消费[机智],0
2025/3/6 8:55,先买盒9.9,0
2025/3/6 8:55,你明天的早餐钱够吗[捂脸],0
2025/3/6 8:55,还是先买棒棒糖吧！毕竟一样会甜,0
2025/3/6 8:55,@珂珂??珂啊,0
2025/3/6 8:55,还是先买饭吧[呲牙],0
2025/3/6 8:55,先买早餐,0
2025/3/6 8:55,哈哈哈,0
2025/3/6 8:56,先买彩票[看],0
2025/3/6 8:56,先买俩馒头吧,0
2025/3/6 8:56,你这点钱买多冰的瑞幸的都不够,1
2025/3/6 8:56,先买一对劳保手套去搬砖,1
2025/3/6 8:56,先买个存折吧,0
2025/3/6 8:56,先买彩票,0
2025/3/6 8:56,先买两个包子一碗稀饭解决下温饱。,0
2025/3/6 8:56,听劝，勉勉强强可以买个玩具车，房子模型还是比较贵。,0
2025/3/6 8:57,建议先买个早餐,0
2025/3/6 8:57,听话，咱先看[灵机一动],0
2025/3/6 8:57,先赚钱[捂脸],0
2025/3/6 8:57,劝你先鸡蛋灌饼,0
2025/3/6 8:57,[看],0
2025/3/6 8:57,@吃了糖的幸福 @、我的小世界,0
2025/3/6 8:57,别慌先买包辣条吃着慢慢想,0
2025/3/6 8:58,先买个馒头   心许还能填饱肚子,0
2025/3/6 8:58,先买个包子吧， 熬过一天先[呲牙][呲牙],0
2025/3/6 8:58,听话，先给我买份早餐[捂脸],0
2025/3/6 8:58,先买泡面[看],0
2025/3/6 8:58,先买个早餐补充能量[捂脸],0
2025/3/6 8:58,听我说  可以先买几粒小米   房子以后再说！,0
2025/3/6 8:58,先买早餐吃完了干活，才有钱买第二天的早餐,0
2025/3/6 8:59,买个袋子套头,1
2025/3/6 8:59,够先买个馒头填肚子慢慢想,0
2025/3/6 9:00,一起买吧，毕竟有这个实力,0
2025/3/6 9:00,先买房,0
2025/3/6 9:00,先买拜神,1
2025/3/6 9:00,还是买个棒棒糖,0
2025/3/6 9:00,听话，咱不买[微笑],0
2025/3/6 9:00,79万 买车 还能买个好车，买房估计买不了什么房子,0
2025/3/6 9:00,先活下去,0
2025/3/6 9:00,先买个包子吧，起码能吃两口[泪奔],0
2025/3/6 9:00,都买了吧，看好你,0
2025/3/6 9:01,先吃饱肚子再想吧[捂脸],0
2025/3/6 9:01,先睡觉,0
2025/3/6 9:01,先买糖,0
2025/3/6 9:01,先买一注双色球[灵机一动],0
2025/3/6 9:02,先活着[黑脸],1
2025/3/6 9:02,先买点饭吃吃得了,0
2025/3/6 9:02,一个买车，一个买房,0
2025/3/6 9:03,"余额显示还是买个方便包装
回归自然也是路",0
2025/3/6 9:03,先买丝袜,0
2025/3/6 9:03,先买杯蜜雪冰城，边喝边考虑,0
2025/3/6 9:03,先买盒子不行吗[九转大肠][九转大肠][九转大肠][九转大肠],0
2025/3/6 9:03,叉出去,1
2025/3/6 9:03,先买个包子吧，吃饱了才能打工,0
2025/3/6 9:04,先买饭[尬笑],0
2025/3/6 9:04,先买包子[比心],0
2025/3/6 9:04,先买个烤冷面吃吧[你不大行],1
2025/3/6 9:04,先买彩票,0
2025/3/6 9:04,你先冷静,0
2025/3/6 9:04,先活着[暗中观察][暗中观察],0
2025/3/6 9:04,买飞机大炮[你不大行],1
2025/3/6 9:05,你可以买一线希望,1
2025/3/6 9:05,你当务之急是下顿饭怎么解决,0
2025/3/6 9:05,先买点早饭吃吧,0
2025/3/6 9:05,先睡觉，梦里啥都有[捂脸],0
2025/3/6 9:05,先吃饭,0
2025/3/6 9:06,先想想今天中午吃什么吧,0
2025/3/6 9:06,先买个西瓜，打个大西瓜[呲牙],0
2025/3/6 9:06,"中间的小方块，那是芯片，智能控制”
“小爱同学？”       “在！”
“吸血！！！”",1
2025/3/6 9:06,先活着[捂脸],0
2025/3/6 9:07,先买泡面填填肚子,0
2025/3/6 9:07,先买双色球,0
2025/3/6 9:07,别犹豫，准备开公司，先盖个总部大楼,0
2025/3/6 9:07,先买两包泡面[捂脸],0
2025/3/6 9:08,先去彩票店买个追加,0
2025/3/6 9:08,要不先买份麻辣烫吃吧，这几天一直想吃[呆无辜],0
2025/3/6 9:08,@奶胖儿是个无人?? @蕙芷,1
2025/3/6 9:08,先买个早点吃吃吧,0
2025/3/6 9:08,先睡觉，包的！！！,0
2025/3/6 9:08,你还是先买房吧，现在买房很多地方不要用首付，没有钱，还有帮你供半年。,0
2025/3/6 9:09,先填饱肚子,0
2025/3/6 9:09,零钱通的100多万买车，余额700多万买房,0
2025/3/6 9:09,上面房，下面买车[大金牙],0
2025/3/6 9:09,先买个早餐吃吧,0
2025/3/6 9:09,先买菜,0
2025/3/6 9:09,先买个拼好饭 填补自己饥饿的胃,0
2025/3/6 9:09,先吃根棒棒糖[送心],0
2025/3/6 9:10,买根棒棒糖睡一觉都有了,0
2025/3/6 9:10,零首付，小米苏7开回家[抠鼻],0
2025/3/6 9:10,先买两桶方便面，再买瓶冰露，今天一天不用愁了,0
2025/3/6 9:10,@阳阳.??（国服天花板貂蝉） 哈哈哈哈哈哈哈,0
2025/3/6 9:11,先睡觉，梦里啥都有,0
2025/3/6 9:11,这就好比儿童电话手表跟你说不要嘲笑劳力士不能接打电话[看][看],0
2025/3/6 9:12,先买盒饭,0
2025/3/6 9:12,先买张彩票吧,0
2025/3/6 9:12,先买瓶冰红茶。冷静冷静[看],0
2025/3/6 9:12,买淀粉肠,0
2025/3/6 9:13,这个实力就买车吧，车子可以0元购,0
2025/3/6 9:13,先买个手抓饼吧，记得鸡蛋和热狗只能加一样……吃饱不想妈妈。[捂脸][捂脸],0
2025/3/6 9:13,先挣钱[捂脸],0
2025/3/6 9:14,先买包辣条吃，压压惊。,0
2025/3/6 9:14,先不管房和车，先管管今天早，中，午吃啥[泪奔][泪奔],0
2025/3/6 9:14,买房车[抠鼻],0
2025/3/6 9:14,先买碗碗[呲牙][呲牙][呲牙],0
2025/3/6 9:15,买卫生巾，及时止血,0
2025/3/6 9:15,哈哈(*′?ｖ?),0
2025/3/6 9:15,先醒醒,1
2025/3/6 9:15,先买两个油条做牛马吧,1
2025/3/6 9:16,先活下去,0
2025/3/6 9:16,买房吧[泪奔]你不可能一辈子住车里,0
2025/3/6 9:17,买个枕头[你不大行],1
2025/3/6 9:17,先买杯奶茶，边喝边想！[捂脸],0
2025/3/6 9:18,先买保险,0
2025/3/6 9:18,转给我吧，先买个教训。,1
2025/3/6 9:18,成年人的世界不做选择 两个都不买,0
2025/3/6 9:19,开房都不够[九转大肠],1
2025/3/6 9:19,先睡觉兄弟，梦里啥都有,0
2025/3/6 9:19,乖，听我的！小数点前面的数字买车，小数点后面的数字买房，一举两得啊宝子！,0
2025/3/6 9:19,先买一顿饭[黑脸],1
2025/3/6 9:19,把这9块转给我，我见人就说，在汤臣一品看见你天天开着小米SU7ultra。,1
2025/3/6 9:19,房,0
2025/3/6 9:20,先买个早饭吃,0
2025/3/6 9:21,买顿饭吃吧,0
2025/3/6 9:21,先买杯蜜雪压压惊[捂脸],0
2025/3/6 9:21,先买早餐[发怒][发怒],1
2025/3/6 9:21,先买饭,0
2025/3/6 9:22,转给我，先买个教训,1
2025/3/6 9:22,买点包子吃吃吧,0
2025/3/6 9:22,还是先买个包子填饱肚子比较重要,0
2025/3/6 9:22,你要问我先买车还是先买房，那我肯定会跟你说先买棒棒糖[听歌][听歌][听歌],0
2025/3/6 9:22,先买个煎饼吃[看],0
2025/3/6 9:23,现先买瓶啤酒冷静一下,0
2025/3/6 9:23,先看病,0
2025/3/6 9:23,先吃饭吧[捂脸],0
2025/3/6 9:23,转给我，买个教训,1
2025/3/6 9:23,[微笑]你怎么拿到我的余额截图的，说！,1
2025/3/6 9:24,先买米吧[泪奔],0
2025/3/6 9:24,先买饭吧,0
2025/3/6 9:24,先活着吧 兄弟,0
2025/3/6 9:24,先买米，填饱肚子,0
2025/3/6 9:24,我劝你先买彩票！,1
2025/3/6 9:25,先买两个包子加一坏豆浆[笑哭],0
2025/3/6 9:25,先吃饭,0
2025/3/6 9:25,兄弟，就凭你你的实力，还需要做选择题吗，成年人不做选择，都不要[泪奔],1
2025/3/6 9:25,买个煎饼吧,0
2025/3/6 9:25,先买个饭[不失礼貌的微笑],0
2025/3/6 9:25,先买泡泡糖[我想静静],0
2025/3/6 9:25,买个打火机吧[九转大肠],0
2025/3/6 9:26,先吃饭,0
2025/3/6 9:26,@??派大星- @不知名网友 @静看光阴荏苒,0
2025/3/6 9:26,数字后面的单位是亿吗[微笑],0
2025/3/6 9:26,先卖血，人一定要现实[捂脸],1
2025/3/6 9:26,先买一瓶二锅头，然后再去全款拿下车和房,1
2025/3/6 9:26,买点耗子药[泣不成声],1
2025/3/6 9:26,去买桶泡面,0
2025/3/6 9:27,先睡觉,0
2025/3/6 9:27,先买泡面,0
2025/3/6 9:27,先买碗隆江猪脚饭 吃出男人的浪漫,0
2025/3/6 9:27,@???? @金金金娇娇 @sansan @?? @Serein,0
2025/3/6 9:27,乖 咱不买,0
2025/3/6 9:28,先活着吧,0
2025/3/6 9:28,先吃早饭,0
2025/3/6 9:28,还是先买张彩票吧[看],0
2025/3/6 9:28,先买饭吧[看],0
2025/3/6 9:28,先买个茶叶蛋再慢慢想[微笑],0
2025/3/6 9:29,先买包药,1
2025/3/6 9:29,先吃饱饭,0
2025/3/6 9:29,你先买俩饼 就都有了,0
2025/3/6 9:29,先买两个馒头把这两天撑过去[看],0
2025/3/6 9:29,四点半了 买泡面吧 毕竟差不多吃饭了,0
2025/3/6 9:29,先贷款,0
2025/3/6 9:29,听我的，先睡觉,0
2025/3/6 9:29,买方便面可以吃一周[捂脸],0
2025/3/6 9:29,先活着[感谢][感谢][感谢][捂脸][捂脸][捂脸][感谢][感谢][感谢],0
2025/3/6 9:29,买桶泡面买瓶可乐[看],0
2025/3/6 9:30,买一注双色球，一注大乐透，剩下买单次保险[灵机一动],0
2025/3/6 9:30,不要纠结，全买[看],0
2025/3/6 9:30,@糕冷柠檬茶 @CcCc @YU @n11 @今夜不关窗 @ov. @Yyjun.,0
2025/3/6 9:30,买根冰糕，先冷静一下,0
2025/3/6 9:31,不行先买个打火机吧[尬笑],0
2025/3/6 9:32,看你两个选项里都有钱 那就两个都买吧,0
2025/3/6 9:32,必须先买包子豆浆,0
2025/3/6 9:33,先睡觉,0
2025/3/6 9:33,先买块饼[看],0
2025/3/6 9:33,先把自己卖给富婆 有车有房 没有烦恼[笑哭][笑哭][笑哭],1
2025/3/6 9:34,买包小米煮粥喝吧，不然要喝西北风了,1
2025/3/6 9:34,先买个枕头，睡一觉就好了,0
2025/3/6 9:34,先买饭吧,0
2025/3/6 9:35,先买个馒头，在考虑买房子[泪奔][泪奔][泪奔][泪奔][泪奔][泪奔][泪奔],0
2025/3/6 9:35,先买份早点吧,0
2025/3/6 9:35,买房需要复印资料，还是买车吧，不用复印。,0
2025/3/6 9:35,@小薇薇～,0
2025/3/6 9:35,先买饭,0
2025/3/6 9:35,留着买泡面吧，民以食为天。,0
2025/3/6 9:35,不要纠结，都买,0
2025/3/6 9:36,还是先吃饱饭吧[思考],0
2025/3/6 9:36,买几包辣条躺床上吃饱再说[看][看][看],0
2025/3/6 9:36,先买药,0
2025/3/6 9:36,先买俩大大泡泡糖,0
2025/3/6 9:36,先买个蒸汽眼罩吧 睡个好觉[呆无辜],0
2025/3/6 9:37,兄弟先买饭，不然我怕你饿着了,0
2025/3/6 9:37,先买口吃的[耶],0
2025/3/6 9:37,这点钱只能先买纸[抠鼻],0
2025/3/6 9:38,先吃饭吧[泣不成声],0
2025/3/6 9:38,先买三根香[捂脸],0
2025/3/6 9:38,@7788 哈哈哈,0
2025/3/6 9:38,零钱买房，零钱通买车,0
2025/3/6 9:38,先做梦[微笑][微笑]????,0
2025/3/6 9:38,买房,0
2025/3/6 9:38,买根阿尔卑斯棒棒糖压压惊[看],0
2025/3/6 9:38,先睡觉,0
2025/3/6 9:38,买个馒头，吃了顶饿[比心],0
2025/3/6 9:38,先吃早点[灵机一动],0
2025/3/6 9:39,先卖自己,1
2025/3/6 9:39,哈哈哈，几块钱去买车买房[泪奔][泪奔]怎么跟我一样,0
2025/3/6 9:39,先买彩票,0
2025/3/6 9:39,买彩票吧，毕竟，富贵在天[赞],0
2025/3/6 9:39,实在不想要，这笔巨款赏给我吧，老板,0
2025/3/6 9:40,先买碗泡面给我吃,0
2025/3/6 9:40,先买保险,0
2025/3/6 9:40,醒醒了，该上班了[尬笑],0
2025/3/6 9:40,先买彩票[捂脸],0
2025/3/6 9:40,先买张彩票更靠谱些,0
2025/3/6 9:40,先买馒头活命,0
2025/3/6 9:40,先买张彩票,0
2025/3/6 9:40,都买,0
2025/3/6 9:41,听我的，先买馍吧，还能吃两天,0
2025/3/6 9:41,先买个老公,0
2025/3/6 9:41,哈哈哈哈还是先吃饭吧[捂脸],0
2025/3/6 9:41,先打二两高度白酒在称几粒花生米，吃完倒头就睡[看],0
2025/3/6 9:41,@？？ 能买[舔屏][舔屏][舔屏][舔屏],1
2025/3/6 9:41,[捂脸],0
2025/3/6 9:41,你该纠结怎么活着[捂脸],1
2025/3/6 9:42,先买哇哈哈,0
2025/3/6 9:42,先买两张彩票,0
2025/3/6 9:42,先买根肠,0
2025/3/6 9:42,先别睡了，醒醒[看],0
2025/3/6 9:42,9.9买杯瑞幸压压惊[绝望的凝视],0
2025/3/6 9:42,先买杯咖啡醒醒盹[绝望的凝视],0
2025/3/6 9:43,要不，买块棒棒糖先哄哄自个[呲牙],0
2025/3/6 9:44,答应我一定要活下去[微笑],0
2025/3/6 9:44,先买个打火机 然后找个草垛里面躲进去 然后再外面点火 什么都有了,1
2025/3/6 9:44,@幸福的侄女,0
2025/3/6 9:44,能买??,0
2025/3/6 9:45,先买桶泡面顶顶饿吧[赞],0
2025/3/6 9:45,对自己好点吧，吃馒头的时候记得吃点咸菜[捂脸],0
2025/3/6 9:45,别饿着了  先买包榨菜  吃这想[调皮],0
2025/3/6 9:45,@新安县你和.瑜伽普拉提,0
2025/3/6 9:45,先买饭吧兄弟[笑哭],0
2025/3/6 9:46,建议先吃饱饭[捂脸],0
2025/3/6 9:46,先吃饱饭[大笑],0
2025/3/6 9:46,你礼貌吗害我看了三次余额[捂脸][捂脸],0
2025/3/6 9:46,先买饭吧,0
2025/3/6 9:47,感觉你不应该有这种困扰啊,0
2025/3/6 9:47,"先买个包子
吃完了再考虑这个问题[干饭人]",0
2025/3/6 9:47,先买辣条[呲牙],0
2025/3/6 9:47,买包辣条吧,0
2025/3/6 9:48,蜜雪冰城快一点[呲牙],0
2025/3/6 9:48,买个肉夹馍别加肉,0
2025/3/6 9:48,先睡吧,0
2025/3/6 9:48,先买个火腿肠解解馋[思考],0
2025/3/6 9:49,先吃饱饭，再躺床上想想,0
2025/3/6 9:49,先贷款吧,0
2025/3/6 9:49,一个画本，一支笔，想要什么画什么,0
2025/3/6 9:50,先买饭吧[泪奔],0
2025/3/6 9:50,买包烟吧,0
2025/3/6 9:50,先活着,0
2025/3/6 9:50,买包辣条[捂脸],0
2025/3/6 9:50,先买个包子吧，不然容易饿着,0
2025/3/6 9:50,先睡觉[看][看],0
2025/3/6 9:50,先打工[泣不成声],0
2025/3/6 9:50,本来80万，我不买就省80万，现在卖50万，我不买省50万，无缘无故亏了30万，找谁要啊？,0
2025/3/6 9:51,先买药[捂脸],0
2025/3/6 9:51,先把借呗还了吧,0
2025/3/6 9:51,先买根辣条清醒清醒,0
2025/3/6 9:52,先睡觉,0
2025/3/6 9:52,兄弟，还是先貸点款买个墓地吧，那才是最后的归宿[捂脸],1
2025/3/6 9:52,据说西北风高端大气上档次,0
2025/3/6 9:52,买车吧，付个5元首付，剩下的两块多还能喝几天水。,1
2025/3/6 9:53,买10块馒头吃吧[泣不成声],0
2025/3/6 9:53,先结婚吧[呲牙],0
2025/3/6 9:53,先吃饱肚子,0
2025/3/6 9:53,先买卫生巾,1
2025/3/6 9:53,先吃饱肚子[呲牙],0
2025/3/6 9:53,先买馒头吧,0
2025/3/6 9:54,先打二斤米酒,0
2025/3/6 9:54,？,0
2025/3/6 9:55,先卖血[捂脸],1
2025/3/6 9:55,先买饼子[尬笑],0
2025/3/6 9:55,哈哈哈哈哈,0
2025/3/6 9:55,先买馍[奸笑][奸笑][奸笑],0
2025/3/6 9:55,必死无疑的一生啥都别买了,1
2025/3/6 9:57,吃碗小面可以,0
2025/3/6 9:57,先买一包盐[九转大肠],0
2025/3/6 9:57,买醉就都实现了,0
2025/3/6 9:57,先买饭[呲牙],0
2025/3/6 9:57,先买个盆，车子，房子都有可能,0
2025/3/6 9:58,先买个盒饭，吃饱再好好想,0
2025/3/6 9:58,买盐用得久点[呲牙],0
2025/3/6 9:58,买彩票吧。成功了一起买,0
2025/3/6 9:58,一起买吧,0
2025/3/6 9:58,先买根烤肠吧[泣不成声],0
2025/3/6 9:59,先买进后买出[捂脸][捂脸][捂脸][捂脸],0
2025/3/6 9:59,买个煎饼果子吃吃吧[看],0
2025/3/6 9:59,先买饭[舔屏],0
2025/3/6 9:59,房,0
2025/3/6 9:59,小孩子才做选择。听哥的，车房一起买。,0
2025/3/6 9:59,买个煎饼果子吃比啥都香[看],0
2025/3/6 10:00,先吃饭吧,0
2025/3/6 10:00,先买辣条吧,0
2025/3/6 10:00,人要有梦想，万一实现了呢,0
2025/3/6 10:00,先网贷,1
2025/3/6 10:01,先买个枕头,0
2025/3/6 10:01,@?天梓?,0
2025/3/6 10:02,先买个彩票吧,0
2025/3/6 10:02,先来份拼好饭,0
2025/3/6 10:02,可以先睡觉,0
2025/3/6 10:02,先买根烤肠，吃着想着,0
2025/3/6 10:02,[捂脸],0
2025/3/6 10:02,先睡,0
2025/3/6 10:02,先想想下顿吃什么吧,0
2025/3/6 10:02,鹏友，先让自己肚饥吃饱在买房买车,0
2025/3/6 10:02,小孩子才做选择，都买  我看好你[看],0
2025/3/6 10:02,先买个煎饼果子吧,0
2025/3/6 10:03,先活着[捂脸],0
2025/3/6 10:03,买大馍可以小米不是你能承受的,1
2025/3/6 10:03,先买个彩票吧！,0
2025/3/6 10:03,买个枕头，拼夕夕价格从低到高，如果不够让朋友帮你砍,0
2025/3/6 10:03,零钱通一块多的余额有收益吗[尬笑],0
2025/3/6 10:03,先睡,0
2025/3/6 10:03,先买份早餐吧  毕竟只有吃饱了 才有力气想事情[大笑][大笑][大笑],0
2025/3/6 10:04,嗯...先吃饭,0
2025/3/6 10:04,适合买理想[呲牙],0
2025/3/6 10:04,先买饭吧,0
2025/3/6 10:04,别纠结，零钱买房子，零钱通买车,0
2025/3/6 10:05,骨灰盒都买不起[笑哭],1
2025/3/6 10:05,买叮咚西,0
2025/3/6 10:05,买彩票吧[灵机一动],0
2025/3/6 10:05,可以去彩票店让老板给你打一注4倍双色球的一等奖彩票，或者1注3倍的大乐透追加一等奖也行。做人不要太挑，饿一天睡路边一晚就大富大贵咯哦。,1
2025/3/6 10:05,笑死了姐妹,0
2025/3/6 10:05,听楼下的准没错,0
2025/3/6 10:05,先买一袋馒头和两包榨菜,0
2025/3/6 10:05,先睡觉[偷笑],0
2025/3/6 10:06,零钱买房，零钱通买车,0
2025/3/6 10:06,贷款干巴赫,1
2025/3/6 10:06,先买个煎饼果子吧,0
2025/3/6 10:06,建议纸扎！,1
2025/3/6 10:06,先买面包吧,0
2025/3/6 10:07,想那么多干嘛，快乐最重要，买杯蜜雪冰城！,0
2025/3/6 10:07,先买个猪脚饭填下肚子[泪奔],0
2025/3/6 10:07,别纠结 一起买[呲牙],0
2025/3/6 10:07,先买彩票,0
2025/3/6 10:07,上面买房 下面买车,0
2025/3/6 10:07,一起买,0
2025/3/6 10:07,先买块纸板去睡觉,1
2025/3/6 10:08,@??.,0
2025/3/6 10:08,先买梦,0
2025/3/6 10:08,两点都买，剩的在北京买个四合院，在上海买个老洋房。,0
2025/3/6 10:09,买辣条,0
2025/3/6 10:09,去楼下买包魔芋爽，爽爽得了,0
2025/3/6 10:09,先买个泡面填饱肚子再去幻想会不会好一点,0
2025/3/6 10:10,先把自己照顾好,0
2025/3/6 10:10,先买饭,0
2025/3/6 10:11,@宝藏大码妹儿? 哈哈哈哈哈,0
2025/3/6 10:11,先睡觉[哈欠][哈欠][哈欠],0
2025/3/6 10:11,先买1斤小米煮个早餐,0
2025/3/6 10:12,先冲个话费吧，要不图片都发不出来了,0
2025/3/6 10:12,还是想想办法先买菜吧,0
2025/3/6 10:12,先发财[大笑],0
2025/3/6 10:12,还是先给自己养活再说[捂脸],0
2025/3/6 10:12,买杯泡面垫垫肚子,0
2025/3/6 10:12,先买饭[憨笑],0
2025/3/6 10:12,我建议先买股票[泪奔],0
2025/3/6 10:13,先买杯奶茶一边喝一边想，先买啥[偷笑][偷笑][偷笑],0
2025/3/6 10:14,先保命好吧,0
2025/3/6 10:14,先攒钱买碗麻辣烫,0
2025/3/6 10:14,[泪奔]先买两块砖攒着盖房子,0
2025/3/6 10:14,先买饭吃吧,0
2025/3/6 10:14,先买药[暗中观察],0
2025/3/6 10:15,你应该想一想下一顿吃什么[憨笑],0
2025/3/6 10:15,先活着,0
2025/3/6 10:15,先买个彩票吧[看],0
2025/3/6 10:15,先买早餐,0
2025/3/6 10:15,够 先取经,0
2025/3/6 10:16,先买杯甜蜜蜜开心一下[呲牙][呲牙],0
2025/3/6 10:16,纸扎的两个一起买,0
2025/3/6 10:16,还是先买豆浆吧，起码你可以买一杯丢一杯。,0
2025/3/6 10:16,买包辣条尝尝味吧,0
2025/3/6 10:16,先买个棒棒糖吧,0
2025/3/6 10:16,先。搬砖,0
2025/3/6 10:17,额……虽然  但是  嗯  梦想还是要有的  先做梦也不是不行[暗中观察],0
2025/3/6 10:17,先睡觉，再做梦，一起拥有。,0
2025/3/6 10:17,先买俩馒头吧,0
2025/3/6 10:17,买保险,0
2025/3/6 10:17,要不咋们还是先填饱肚子呢[宕机],0
2025/3/6 10:18,听我的 先去买瓶8+1 喝醉了 车房都有了,1
2025/3/6 10:18,先买个烤肠压压惊[尬笑],0
2025/3/6 10:18,先买枕头,0
2025/3/6 10:18,听我的，咱先买个碗，路边捡个棍,0
2025/3/6 10:19,先买瓶二锅头整包花生米,0
2025/3/6 10:19,先吃饭吧,0
2025/3/6 10:19,直接0首付干套房再干个车,0
2025/3/6 10:20,先睡觉，梦里啥都有,0
2025/3/6 10:20,先买根棒棒糖吧[捂脸],0
2025/3/6 10:20,先买杯蜜雪冰城给我喝，剩余的钱转账给我,1
2025/3/6 10:20,这条件，先买朵黄花吧，我怕以后涨价了花你也带不走,1
2025/3/6 10:21,兄弟 加起来去买碗蛋炒饭做那里好好想想是先买车还是先买房,0
2025/3/6 10:21,先想下顿饭是泡面还是辣条[呲牙][呲牙][做鬼脸][做鬼脸],0
2025/3/6 10:21,买袋辣条解解馋得了,0
2025/3/6 10:21,先买彩票,0
2025/3/6 10:21,买张彩票吧,0
2025/3/6 10:21,先买瓶东方树叶,0
2025/3/6 10:21,先吃饭[黑脸],0
2025/3/6 10:22,先给我买个棒棒糖[看],0
2025/3/6 10:22,先发财,0
2025/3/6 10:22,一起买吧[捂脸],0
2025/3/6 10:22,先买馒头[呲牙],0
2025/3/6 10:22,先填饱肚子吧,0
2025/3/6 10:22,要不买个枕头先[惊喜][惊喜][惊喜],0
2025/3/6 10:22,先买个枕头,0
2025/3/6 10:23,797个买个大别墅 119个买su7ultra 还剩60个买个馒头,0
2025/3/6 10:23,先买 一瓶二锅头 二两花生米  剩下的 就交给枕头定把,0
2025/3/6 10:23,发给我买个教训[泪奔],1
2025/3/6 10:23,先去楼下买桶泡面吧[泪奔],0
2025/3/6 10:23,买包辣条咱俩吃吧,0
2025/3/6 10:23,先纠结吧[宕机],0
2025/3/6 10:24,先买饭[泪奔],0
2025/3/6 10:24,先买块棒棒糖??,0
2025/3/6 10:24,先买午饭,0
2025/3/6 10:25,车子是消耗品，房子只是暂时的港湾，坟才是最后的归宿！听哥的，先买坟！,1
2025/3/6 10:25,买个房车吧，都有了！,0
2025/3/6 10:25,先买泡面跟香肠[九转大肠],0
2025/3/6 10:25,@酒一 @947R,0
2025/3/6 10:26,建议先买两个馒头,0
2025/3/6 10:26,买几包魔芋爽吧,0
2025/3/6 10:26,都买[尬笑],0
2025/3/6 10:26,先买梦,0
2025/3/6 10:26,先活着兄弟[看],0
2025/3/6 10:26,买份五角钱的辣条,0
2025/3/6 10:27,先买杯牛奶??＋一片安眠药＝做个好梦,1
2025/3/6 10:27,先看病,0
2025/3/6 10:27,先买个包子吃吃吧,0
2025/3/6 10:27,先买包烟考虑下[呲牙][呲牙],0
2025/3/6 10:27,先买两个模型,0
2025/3/6 10:28,要不先买包辣条压压惊[九转大肠],0
2025/3/6 10:28,这点钱可以先买只红牛喝 不然睡着了,0
2025/3/6 10:28,直接一步到位贷款买个盒吧,1
2025/3/6 10:28,存着吃利息[流泪],0
2025/3/6 10:28,回家吧孩子,0
2025/3/6 10:28,[捂脸][捂脸][捂脸]买叠天地银行通用币，烧给老祖宗保佑发大财先,0
2025/3/6 10:29,心中富有就好,0
2025/3/6 10:29,车我已经买了年底买房[大金牙]你可以都买哈哈哈,0
2025/3/6 10:29,车子是消耗品，房子只是暂时的港湾，坟才是最后的归宿！听哥的，先买坟！,1
2025/3/6 10:29,@杰哥真的饿 @亓亓,0
2025/3/6 10:29,先活着[捂脸],0
2025/3/6 10:29,小孩才选择[呲牙]咱是都要，马上去睡觉……！马上都有了[呲牙],0
2025/3/6 10:29,买根棒棒糖玩去吧,1
2025/3/6 10:29,拿 7.79 买房的钱买车，拿 1.19 买车的钱点个模[捂脸],0
2025/3/6 10:29,我觉得先买点馒头留着,0
2025/3/6 10:29,买车，必须买车[听歌],0
2025/3/6 10:30,@你要问路嘛,0
2025/3/6 10:30,先买个保险柜，保护我方余额[抠鼻][抠鼻],0
2025/3/6 10:31,[捂脸][捂脸][捂脸],0
2025/3/6 10:31,先买个早点,0
2025/3/6 10:31,先买个烤肠吧,0
2025/3/6 10:32,先买头痛粉,0
2025/3/6 10:32,先活下去[呲牙],0
2025/3/6 10:33,先买饭,0
2025/3/6 10:34,先活着,0
2025/3/6 10:34,先活着[看],0
2025/3/6 10:34,先买辣条 记住一定得是卫龙的[捂脸],0
2025/3/6 10:34,@一个达不溜。。 @眼角眉梢,0
2025/3/6 10:34,纠结@yangzzz,0
2025/3/6 10:35,还是先买饭吧[酷拽],0
2025/3/6 10:35,买个袋子套头上,1
2025/3/6 10:35,先买桶泡面吃吧[捂脸],0
2025/3/6 10:35,成年人纠结啥 都买[思考],0
2025/3/6 10:36,乖宝，你先买个饼，[阴险],1
2025/3/6 10:37,先活着@晨233,0
2025/3/6 10:37,先吃顿饭,0
2025/3/6 10:37,@??????,0
2025/3/6 10:37,先买个旺旺碎冰冰先冷静一下[微笑],0
2025/3/6 10:38,乖，咱买蜜雪冰城[调皮],0
2025/3/6 10:38,多虑了，先吃饱饭,0
2025/3/6 10:38,先买个早餐吧，吃饱了继续,0
2025/3/6 10:38,你纠结啥[捂脸][捂脸],0
2025/3/6 10:38,昨天看的时候才五块钱，什么时候挣了两块的,0
2025/3/6 10:39,一起买,0
2025/3/6 10:39,@八一加方块,0
2025/3/6 10:39,你玩共享单车吧,0
2025/3/6 10:39,先买个碗或者小盆 挣点外快[尬笑],0
2025/3/6 10:40,听话，先吃饭[尬笑],0
2025/3/6 10:40,先买痛泡面在加两根火腿肠加一个蛋吧吃饱了好睡觉??,0
2025/3/6 10:40,你可以买纸扎的,1
2025/3/6 10:40,@S.. @??CHENYI. @Ambition.,0
2025/3/6 10:40,要不先买早餐[思考],0
2025/3/6 10:40,@超人阿???♂? @南阳 @小白,0
2025/3/6 10:41,@??楠孩子 @黄小嘉??,0
2025/3/6 10:41,先买个枕头[捂脸]这样睡得香[捂脸],0
2025/3/6 10:41,买泡面吃，饭比天大的道理你要知道,0
2025/3/6 10:41,我就说浙江人有钱是因为人家有远见，我第一反应让他买馒头省点用[泣不成声],1
2025/3/6 10:42,零钱买房，零钱通买车[不失礼貌的微笑],0
2025/3/6 10:42,先结婚,0
2025/3/6 10:42,乖，咱不买车买房，咱不跟风，咱先买个包子吃，毕竟人是铁饭是钢，一餐不吃饿的慌。[暗中观察],0
2025/3/6 10:42,还是先买个面包吧[抠鼻],0
2025/3/6 10:43,房子吧。车子消耗品，买了还得养 停车也麻烦。,0
2025/3/6 10:43,买绳子，不需要贷款,0
2025/3/6 10:43,这点钱留着老了能买的纸起房子和纸车子[捂脸],0
2025/3/6 10:43,买个包子先 ，先解决早餐,0
2025/3/6 10:44,买个彩票得了,0
2025/3/6 10:44,两个都买不起,0
2025/3/6 10:45,先翻个身,0
2025/3/6 10:45,先买桶5.5元的泡面，再把零钱通的一起用了买瓶可乐，听话 吃好喝好,0
2025/3/6 10:45,先买个棒棒糖吃，在想你需要什么,0
2025/3/6 10:45,先买一个饼,0
2025/3/6 10:45,先活着,0
2025/3/6 10:46,先有钱,0
2025/3/6 10:46,直接转给我 我见人就说你有车又有房,1
2025/3/6 10:46,先吃饱饭再说吧,0
2025/3/6 10:46,先买早餐吧，一顿不吃饿得慌[灵机一动],0
2025/3/6 10:47,买两根棒棒糖,0
2025/3/6 10:47,充不了钱，就先充充电吧[看],0
2025/3/6 10:47,先吃饭[绝望的凝视],0
2025/3/6 10:47,存个定期吧 一年利息得不少钱,0
2025/3/6 10:47,先买块毯子吧，桥底下凉！,1
2025/3/6 10:48,先买小米1 jin [捂脸],0
2025/3/6 10:48,及时行乐，想买啥就买啥,0
2025/3/6 10:49,先给自己买几根蜡烛,0
2025/3/6 10:49,先买棒棒糖吧,0
2025/3/6 10:49,买袋小当家的了[比心],0
2025/3/6 10:49,先买四瓶！ 就不纠结了都要,0
2025/3/6 10:50,先活下来，那些都是身外之物[看],0
2025/3/6 10:50,兄弟，听我的，一共九个多点，何不再攒攒，完事直接上豪车别墅呢[看],0
2025/3/6 10:50,先活着,0
2025/3/6 10:50,听哥的 先去买桶泡面吃吃,0
2025/3/6 10:50,买个房车不好么？,0
2025/3/6 10:50,先买包魔芋爽爽一下吧[尬笑],0
2025/3/6 10:50,我买了2个包子，饿了，顶不到中午[捂脸][捂脸],0
2025/3/6 10:51,买个??吧,1
2025/3/6 10:51,@我叫不知道,0
2025/3/6 10:51,先买烤肠,0
2025/3/6 10:51,买包魔芋爽爽一下得了,0
2025/3/6 10:52,不应该先吃饭吗[捂脸],0
2025/3/6 10:52,先睡觉[看],0
2025/3/6 10:52,先存款到10块，买个彩票剩下的交给天意,0
2025/3/6 10:53,房,0
2025/3/6 10:53,买个保险吧,0
2025/3/6 10:53,听我的先冲话费，不然要熄火咯[比心]抖音都上不起咯,0
2025/3/6 10:53,先买药,0
2025/3/6 10:53,先醒醒[泣不成声],1
2025/3/6 10:53,@浅语 @李正宇,0
2025/3/6 10:53,先买米吧，活下去重要,0
2025/3/6 10:54,先买根棒棒糖哄哄自己,0
2025/3/6 10:54,先笑着活下去[泣不成声][泣不成声][泣不成声][泣不成声],0
2025/3/6 10:54,先买个馒头，要不饿死就麻烦了[捂脸],0
2025/3/6 10:54,买颗花生，但凡有点菜都不至于醉,0
2025/3/6 10:55,我有点想吃煎饼果子[呲牙][呲牙][呲牙],0
2025/3/6 10:55,别纠结了，先买瓶水平复一下心情[不失礼貌的微笑],0
2025/3/6 10:55,下楼买个煎饼吃吧，然后回去睡觉,0
2025/3/6 10:56,先买两斤小米填肚子[暗中观察],0
2025/3/6 10:56,@鸭鸭我吖 @林可可 @kitty.,0
2025/3/6 10:56,都别买，想想就得了[尬笑],1
2025/3/6 10:57,先买温饱吧[尬笑][尬笑][尬笑],0
2025/3/6 10:57,买个火柴盒，还能有剩[黑脸],1
2025/3/6 10:57,先集资吧[看]给我一元,1
2025/3/6 10:57,要我说直接存零钱通吃个几万年利息一步到位两个直接全款拿下,0
2025/3/6 10:57,先买两杯雪王柠檬水,0
2025/3/6 10:57,先活着,0
2025/3/6 10:58,建议先活着[送心],0
2025/3/6 10:58,好了不许问了,0
2025/3/6 10:58,先琢磨琢磨晚上吃啥吧,0
2025/3/6 10:58,听我的 什么都别买 都给我,1
2025/3/6 10:59,先吃拼好饭吧[捂脸],0
2025/3/6 10:59,买根淀粉肠吧,0
2025/3/6 10:59,先买两包魔芋爽吧[坏笑],0
2025/3/6 10:59,先买砖吧，毕竟实现买房的第一步成功了,0
2025/3/6 10:59,买小米股票吧,0
2025/3/6 10:59,买瓶矿泉水洗帕脸,0
2025/3/6 11:00,先买一个馒头垫垫肚子，其他的别想了。[捂脸],0
2025/3/6 11:00,先留着充话费吧,0
2025/3/6 11:00,先买桶泡面吃,0
2025/3/6 11:01,先买十个棒棒糖甜一下自己[看],0
2025/3/6 11:01,先买饭[憨笑],0
2025/3/6 11:01,车子是消耗品，房子只是暂时的港湾，坟才是最后的归宿！听哥的，先买坟！,1
2025/3/6 11:02,@尼克??尼克 哈哈哈,0
2025/3/6 11:02,先买顿饭,0
2025/3/6 11:02,买个糖吧，告诉自己生活很甜,0
2025/3/6 11:03,哈哈,0
2025/3/6 11:03,买根火腿肠,0
2025/3/6 11:04,乖，当前活下来才是最打紧的事，房车以后慢慢都会有的[微笑][微笑],0
2025/3/6 11:04,先买个饭吃吧。,0
2025/3/6 11:04,一起买,0
2025/3/6 11:04,先买个蜜雪[二哈],0
2025/3/6 11:04,先买小米，再买房子给个首付,0
2025/3/6 11:05,哈哈哈,0
2025/3/6 11:05,@维生素灬无聊,0
2025/3/6 11:05,先买菜,0
2025/3/6 11:05,先买个烧饼夹烤肠,0
2025/3/6 11:05,@偷懒的懒羊羊,0
2025/3/6 11:06,先买包辣条吧,0
2025/3/6 11:06,买房车,0
2025/3/6 11:06,[笑哭]先做梦,0
2025/3/6 11:06,买房吧,0
2025/3/6 11:06,先睡觉,0
2025/3/6 11:06,一起买,0
2025/3/6 11:07,下去买包魔芋爽爽一下吧[思考],0
2025/3/6 11:07,买包辣条吃吧,0
2025/3/6 11:07,@呆呆不聪明??,0
2025/3/6 11:07,先买饭[机智],0
2025/3/6 11:08,先买两馒头吧[捂脸],0
2025/3/6 11:08,上面买房下面买车,0
2025/3/6 11:08,先买饭[看][看][看],0
2025/3/6 11:09,跟我小时候一样，一直在纠结长大了是去上清华还是上北大，后来长大了[呲牙],0
2025/3/6 11:09,先买鞋把，鞋都得有,0
2025/3/6 11:10,咱不行先点碗饭吧[看],0
2025/3/6 11:10,先买瓶莎普爱思滴眼液[看],1
2025/3/6 11:10,先想想晚上是奢侈一下吃个泡面，还是喝西北风[泪奔],0
2025/3/6 11:11,先买米,0
2025/3/6 11:11,这么多应该可以买个大 G 吧[动动脑子][动动脑子][动动脑子],0
2025/3/6 11:11,先给我买个教训,1
2025/3/6 11:12,先买两个茶叶蛋 吃饱再说,0
2025/3/6 11:12,听我的，先买包辣条吃吃,0
2025/3/6 11:12,买两包辣条吃吃[耶],0
2025/3/6 11:12,先吃饭[呲牙],0
2025/3/6 11:13,先上班怎么样[宕机],0
2025/3/6 11:13,你这买纸扎的好像都费劲[流泪],0
2025/3/6 11:13,@.??廷廷子,0
2025/3/6 11:13,先买馒头吧果汁,0
2025/3/6 11:14,成年人不做选择，都买了,0
2025/3/6 11:14,先养活自己最重要[泪奔],0
2025/3/6 11:15,先卖命,1
2025/3/6 11:15,先买个饼,0
2025/3/6 11:15,先买面包吧,0
2025/3/6 11:15,听话，咱别买了吧[九转大肠],0
2025/3/6 11:16,先花五块钱让我给你P成一个亿,1
2025/3/6 11:16,先活着吧,0
2025/3/6 11:16,可以先做梦，然后醒来去买个彩票[呲牙],0
2025/3/6 11:16,再攒攒,0
2025/3/6 11:16,听我的，先睡觉，睡着了梦里啥都有,0
2025/3/6 11:17,先买两包花生米[看][看],0
2025/3/6 11:17,讲究人！一块多还理财,0
2025/3/6 11:17,别买了，买我一句“呵呵”,1
2025/3/6 11:17,先买个馍吃吧,0
2025/3/6 11:17,@不吃萝卜,0
2025/3/6 11:17,先买床吧，梦里啥都有……[蜜蜂狗],0
2025/3/6 11:18,去买根考场,1
2025/3/6 11:18,先考虑一下买美国金卡，那玩意以后会增值的。,0
2025/3/6 11:18,下楼买个塑料袋套头上，等缺氧了再拿下来，当去西藏旅游了[九转大肠],1
2025/3/6 11:18,买块饼先吃饭，晚上梦里啥都有[赞],0
2025/3/6 11:18,客厅转一圈得了,0
2025/3/6 11:19,先买明天的馒头吧  再买个番茄放个汤[调皮],0
2025/3/6 11:19,先买泡面[舔屏]好吃的~,0
2025/3/6 11:19,先睡觉[尬笑][尬笑][尬笑]睡着了俩都一起买了,0
2025/3/6 11:19,先去银行取出来捂热先[笑哭],0
2025/3/6 11:19,先买拼好饭,0
2025/3/6 11:19,先买米[偷笑],0
2025/3/6 11:19,@枯木逢春。 [泣不成声][泣不成声][捂脸][捂脸][捂脸],0
2025/3/6 11:20,居然买理财[泪奔],0
2025/3/6 11:20,先贷款,0
2025/3/6 11:20,先买饭[微笑],0
2025/3/6 11:21,先活着,0
2025/3/6 11:21,听我的，你先解决温饱,0
2025/3/6 11:21,先买内内,0
2025/3/6 11:21,买包魔芋爽爽爽得了,0
2025/3/6 11:21,先买根烤肠吃吃吧,0
2025/3/6 11:21,买根辣条提提神[尬笑],0
2025/3/6 11:21,买个盒子 一生齐活[看],0
2025/3/6 11:21,先睡觉,0
2025/3/6 11:21,两包辣条压压惊,0
2025/3/6 11:21,先活,0
2025/3/6 11:22,先吃早饭,0
2025/3/6 11:22,先买饭吧,0
2025/3/6 11:22,哥，先活着更重要[微笑],0
2025/3/6 11:22,@那些年～ @Start Again?? @：：：：：：： @迪迦奥特曼,0
2025/3/6 11:22,买顿饱饭吧！以后的日子怕是饱饭都吃不上了…,0
2025/3/6 11:22,@未央,0
2025/3/6 11:22,哈哈哈哈,0
2025/3/6 11:23,@活在热爱里,0
2025/3/6 11:23,够买早餐[捂脸],0
2025/3/6 11:23,这都中午了，还是先吃饭吧[笑哭],0
2025/3/6 11:23,你这个可以先买盅螺蛳粉犒劳犒劳自己先，吃完再想先买车还是先买房[灵机一动],0
2025/3/6 11:23,先拍拍贷吧，把明天吃个饭爽一下先,0
2025/3/6 11:24,买碗小米粥喝喝得了[看],0
2025/3/6 11:24,先吃饭[看],0
2025/3/6 11:24,买个煎饼得了,0
2025/3/6 11:24,先买面包吧，肚子不能饿着,0
2025/3/6 11:24,买个魔芋爽爽一下得了,0
2025/3/6 11:25,没毛病,0
2025/3/6 11:25,先买一瓶蜜雪冰城喝，喝完去做白日梦，梦里啥都有[思考],0
2025/3/6 11:26,多买几包魔芋爽爽一下先,0
2025/3/6 11:26,先活着吧！,0
2025/3/6 11:26,先点个外卖,0
2025/3/6 11:26,先充电,0
2025/3/6 11:27,买包缺牙齿辣死自己,1
2025/3/6 11:27,先活着[捂脸],0
2025/3/6 11:27,睡觉吧,0
2025/3/6 11:28,先买菜[黑脸][黑脸][黑脸],0
2025/3/6 11:29,零钱买房，零钱通买车,0
2025/3/6 11:29,先买袋方便面，吃饱肚子才重要,0
2025/3/6 11:29,现在环保香都好贵的，他这个买金元宝都不够一袋[看],0
2025/3/6 11:29,哈哈先买一口气[灵机一动],0
2025/3/6 11:29,先买个早饭吧,0
2025/3/6 11:29,亲，这边建议一起买呢，好让车贷和房贷的压力让你睡不着，省得白天做梦,1
2025/3/6 11:29,先上班吧,0
2025/3/6 11:29,零钱  买房  零钱通 买车    干就完了,0
2025/3/6 11:30,先把零钱通的钱放在零钱里，然后够吃一个烤肉拌饭,0
2025/3/6 11:30,买啥呀，睡吧,0
2025/3/6 11:30,要不你先试试怎么活过一个礼拜[偷笑],1
2025/3/6 11:31,买厕纸和买茅房[偷笑][偷笑],0
2025/3/6 11:31,先买个结婚证，坐等收钱[看],1
2025/3/6 11:31,先买中午的午餐，要不然下午得挨饿,0
2025/3/6 11:31,先买药,0
2025/3/6 11:31,先买两个馒头吃吧！  不然搬砖没力气[捂脸][捂脸],0
2025/3/6 11:31,先买个柠檬水喝，酸一下就行了[捂脸][OK],0
2025/3/6 11:32,先买车,0
2025/3/6 11:32,[捂脸][捂脸],0
2025/3/6 11:32,零钱通买车，零钱买房加装修,0
2025/3/6 11:32,先找个男模吧。,1
2025/3/6 11:32,先买个盆和二维收款码,0
2025/3/6 11:32,先买份凉皮,0
2025/3/6 11:32,先吃饭[捂脸],0
2025/3/6 11:32,买碗面,0
2025/3/6 11:33,去买几包魔芋爽爽一爽,0
2025/3/6 11:33,先吃饭[呲牙],0
2025/3/6 11:33,先买个早餐吃饱了在睡,0
2025/3/6 11:33,先买辣条,0
2025/3/6 11:34,还是先解决吃饱问题[捂脸],0
2025/3/6 11:34,@没空理你.,1
2025/3/6 11:34,买一根结实的棍子给自己头来上一棍，梦里啥都有,1
2025/3/6 11:35,买个泡面加个鸡蛋和跟肠吧[尬笑],0
2025/3/6 11:35,先保命[呲牙],0
2025/3/6 11:35,先买彩票,0
2025/3/6 11:35,你这点钱来保定顶多开个共享单车七天三次卡[看],1
2025/3/6 11:36,先买饭,0
2025/3/6 11:36,先解决自己的温饱比买什么都好,0
2025/3/6 11:36,先买一个馒头解决午饭哈[抠鼻],0
2025/3/6 11:37,先买个棒棒糖??吧，能嗦好久呢,0
2025/3/6 11:37,@lonely.,0
2025/3/6 11:37,买悲伤 悲伤不要钱,0
2025/3/6 11:37,先买个馒头垫垫肚子,0
2025/3/6 11:37,先拼好饭 别饿着[玫瑰],0
2025/3/6 11:37,先买份早餐吧[捂脸],0
2025/3/6 11:37,买柱香，还可以添个香油,0
2025/3/6 11:37,先生娃，有人有物。,0
2025/3/6 11:37,先买杯水吧[捂脸],0
2025/3/6 11:37,买瓶水吧 万物之源,0
2025/3/6 11:38,你想笑死谁[呲牙],1
2025/3/6 11:38,一定要先买车,0
2025/3/6 11:38,先睡觉,0
2025/3/6 11:38,这个可以买小米,0
2025/3/6 11:38,先来套煎饼果子边吃边想，吃着吃着你就发现不用想了[暗中观察],0
2025/3/6 11:39,先买件雨衣吧，最近南方多雨！,0
2025/3/6 11:39,先发朋友圈[呲牙][呲牙][呲牙][呲牙][呲牙][呲牙][呲牙][呲牙][呲牙][呲牙][呲牙][呲牙][呲牙][呲牙],0
2025/3/6 11:39,听姐的 先买饭,0
2025/3/6 11:39,@酸奶拌小鱼~?? @Persist,0
2025/3/6 11:39,想的早了,1
2025/3/6 11:39,买小米[微笑],0
2025/3/6 11:39,赶快把手机充上电，马上快没电了[捂脸][捂脸],0
2025/3/6 11:40,[捂脸],0
2025/3/6 11:40,先吃饱,0
2025/3/6 11:40,先住桥洞,1
2025/3/6 11:40,@妻,0
2025/3/6 11:40,先买俩馒头和一包咸菜吃饱，然后美美的睡一觉，都有了,0
2025/3/6 11:41,0首付贷款,0
2025/3/6 11:41,先去蜜雪消费一波,0
2025/3/6 11:41,先吃饭吧,0
2025/3/6 11:41,@北思,0
2025/3/6 11:41,买支笔画个饼,0
2025/3/6 11:41,先买个馒头,0
2025/3/6 11:41,不用纠结，先睡觉。,0
2025/3/6 11:41,先买桶泡面填肚子[微笑],0
2025/3/6 11:41,买杯蜜雪冰城[惊喜][惊喜][惊喜],0
2025/3/6 11:41,零钱买房，零钱通买个豪车够了！,0
2025/3/6 11:42,先买今天的饭[看],0
2025/3/6 11:42,买房[赞],0
2025/3/6 11:42,过来人告诉你先买房,0
2025/3/6 11:42,这余额买车买房就别想了，先解决吃喝拉撒吧！,1
2025/3/6 11:43,这不是你现在应该纠结的问题,0
2025/3/6 11:43,我觉得先把零钱通的小数点搞上去才是重点[尬笑],0
2025/3/6 11:43,先开心[送心],0
2025/3/6 11:43,买个肉夹馍??吧[真的会谢],0
2025/3/6 11:44,先买两个面包一瓶奶吧,0
2025/3/6 11:44,先买辣条吧,0
2025/3/6 11:44,先买一袋辣条压压惊[捂脸],0
2025/3/6 11:44,先买蜜雪冰城吧,0
2025/3/6 11:44,全都要[看],0
2025/3/6 11:45,先买个眼罩睡一觉  睡着了车房都有了[灵机一动],0
2025/3/6 11:45,0首付买啥都行,0
2025/3/6 11:45,先买饭吧,0
2025/3/6 11:45,先买个饭，中午了,0
2025/3/6 11:46,先买个炒饭吧,0
2025/3/6 11:46,出门左转买杯豆浆[尬笑],0
2025/3/6 11:46,还是先睡吧，梦里啥都有,0
2025/3/6 11:46,买盒子,0
2025/3/6 11:46,买杯子都费劲,0
2025/3/6 11:47,转给我买个教训[看],1
2025/3/6 11:47,先买饭,0
2025/3/6 11:47,买个房车吧[哈欠],0
2025/3/6 11:47,先搞钱,0
2025/3/6 11:47,去买泡面,0
2025/3/6 11:47,先买包辣条压压惊,0
2025/3/6 11:48,@未来可期,0
2025/3/6 11:48,我比你还穷的时候，买的小公寓，你信不信[呲牙],1
2025/3/6 11:48,要不先买午餐  我还没吃饭[捂脸]  我饿了会死,0
2025/3/6 11:48,先买饭,0
2025/3/6 11:49,[石化]先买洗浴票,0
2025/3/6 11:49,我以过来人的经验很负责的告诉你，先醒醒。,1
2025/3/6 11:49,先买一瓶水,0
2025/3/6 11:49,先吃饭[看],0
2025/3/6 11:49,先贷款,0
2025/3/6 11:50,一起买吧[呲牙],0
2025/3/6 11:50,兄弟买两瓶冰的快乐水，分我一瓶，我俩可以快乐十分钟[泪奔],0
2025/3/6 11:50,全部加起来可以买个结婚证，要不你出钱，咱俩一起买个结婚证[捂脸],1
2025/3/6 11:50,听我的，先吃饭吧[泪奔],0
2025/3/6 11:50,要是我就先买面包[泪奔],0
2025/3/6 11:50,先买一斤散装高度酒喝喝想想到底先买车还是买房,0
2025/3/6 11:51,穷人住的地方连信号都不给足吗,1
2025/3/6 11:51,先买碗小面吃了，在想想[灵机一动],0
2025/3/6 11:51,先买个枕头套,0
2025/3/6 11:51,先买个包子吃,0
2025/3/6 11:51,先把这八块钱转给我 买个教训先,1
2025/3/6 11:51,先吃饭,0
2025/3/6 11:51,先活着[捂脸],0
2025/3/6 11:52,房和车都有，清明节大卖[笑哭],0
2025/3/6 11:52,零钱买房，零钱通买车,0
2025/3/6 11:52,马上饭都买不起了，还买车房[发呆],0
2025/3/6 11:52,先转给我，买个教训,1
2025/3/6 11:52,听话 先买个包子吧[看],0
2025/3/6 11:52,先买保险，毕竟这么多钱放在哪里也有风险[看],0
2025/3/6 11:53,买个包子,0
2025/3/6 11:53,买小包的麻辣王子,0
2025/3/6 11:53,这不是有两笔吗？一笔买房一笔买车,0
2025/3/6 11:53,你可以先买点钱[捂脸],1
2025/3/6 11:54,先吃饭,0
2025/3/6 11:54,先买药,0
2025/3/6 11:54,先买两根棒棒弹,0
2025/3/6 11:54,先买米,0
2025/3/6 11:54,先活下去[捂脸],0
2025/3/6 11:54,7.97买房子，1.19买车子，,0
2025/3/6 11:54,@x！,1
2025/3/6 11:54,买眼镜也行,0
2025/3/6 11:55,先买根淀粉肠,0
2025/3/6 11:55,先买饭,0
2025/3/6 11:55,先起床[宕机],0
2025/3/6 11:55,还是先买点饭吃吧,0
2025/3/6 11:55,买个碗路边蹲,1
2025/3/6 11:55,买彩票吧兄弟,0
2025/3/6 11:56,分期买个自行车吧,0
2025/3/6 11:56,买房车,0
2025/3/6 11:56,先买份烧饼夹里脊，是真格的,0
2025/3/6 11:56,不如先买几包泡泡糖[九转大肠],0
2025/3/6 11:56,下楼买个塑料袋，套头上体验一下高反。权当旅游了[看],1
2025/3/6 11:56,先睡会吧，乖,0
2025/3/6 11:56,劝你去美宜佳买瓶啤酒冷静冷静[灵机一动],0
2025/3/6 11:56,哈哈哈,0
2025/3/6 11:56,@零落,0
2025/3/6 11:56,先活着[泪奔],0
2025/3/6 11:56,先买彩票,0
2025/3/6 11:57,买醉吧,1
2025/3/6 11:58,@永琪 [泪奔],0
2025/3/6 11:58,先买馒头比较合适,0
2025/3/6 11:58,先买个泡面吃饱再说,0
2025/3/6 11:58,先买个男朋友,0
2025/3/6 11:58,还是先纠结吧[捂脸][捂脸][捂脸],0
2025/3/6 11:58,买个蜜雪的冰激凌吃吃吧先,0
2025/3/6 11:59,先买彩票[送心],0
2025/3/6 11:59,先买个饭次次吧,0
2025/3/6 11:59,先醒醒[捂脸],0
2025/3/6 11:59,0首付买啥都可以,0
2025/3/6 11:59,[抠鼻]先买杯蜜雪冰城柠檬水吧！,0
2025/3/6 11:59,必须先买车[捂脸][捂脸],0
2025/3/6 11:59,先活下去吧,0
2025/3/6 12:00,上面买房，下面买车，你就是有房有车的人了,0
2025/3/6 12:00,先出门左拐想买一杯柠檬水冷静一下先[绿帽子],1
2025/3/6 12:00,@小迷妹??,0
2025/3/6 12:00,要不先想办法活着吧[黑脸],1
2025/3/6 12:01,先买彩票,0
2025/3/6 12:01,@起床弹吉他,0
2025/3/6 12:01,都买吧  毕竟9个多  不是谁都能拥有的[动动脑子],0
2025/3/6 12:02,加点预算买包红塔山吧！,0
2025/3/6 12:02,先别纠结 你先活着,0
2025/3/6 12:02,先活着吧,0
2025/3/6 12:02,买一颗褪黑素先睡会哇,0
2025/3/6 12:02,先买杯奶茶喝吧，不加珍珠的哦,0
2025/3/6 12:02,先买饭，吃饱睡觉好做梦[笑哭],0
2025/3/6 12:02,先买个馒头吃吃,0
2025/3/6 12:03,先买饼，吃饱点才不会胡思乱想,0
2025/3/6 12:03,买个辣条[比心],0
2025/3/6 12:03,[捂脸],0
2025/3/6 12:03,先买条冰棍吧[尬笑],0
2025/3/6 12:04,先买包魔芋爽，爽爽得了,0
2025/3/6 12:04,@Nice 哈哈,0
2025/3/6 12:04,寿县有那种高大尚的车跟楼[看],0
2025/3/6 12:04,先随便凑合吃一顿，在睡一觉，梦里什么都有了,0
2025/3/6 12:04,先买个面包吧,0
2025/3/6 12:04,先买杯瑞幸   就没有纠结先买车还是先买房的烦恼了,0
2025/3/6 12:04,先烧纸,1
2025/3/6 12:04,先吃饭吧,0
2025/3/6 12:04,[看]她开通60万，我给你开通一个亿[看][看],1
2025/3/6 12:05,找家沙县沉淀一下,0
2025/3/6 12:05,先买疯狂星期四,0
2025/3/6 12:05,有啥纠结的一起买啊。这还想啥,0
2025/3/6 12:05,我也是[泪奔],0
2025/3/6 12:05,先卖自己，我是专门回收小姑娘，大媳妇的！,1
2025/3/6 12:05,@果果,0
2025/3/6 12:05,中午午饭有着落了吗,0
2025/3/6 12:05,@7崽,0
2025/3/6 12:05,@just t,0
2025/3/6 12:05,先买饭,0
2025/3/6 12:06,先想想今天的拼好饭吧[呲牙],0
2025/3/6 12:06,先买我，我一杯珍珠奶茶就得了[泣不成声],0
2025/3/6 12:06,哈哈哈哈,0
2025/3/6 12:06,先吃饭,0
2025/3/6 12:06,先买两棒棒糖，分我一个,0
2025/3/6 12:06,先活下去好吧[黑脸],1
2025/3/6 12:06,先混着吧,0
2025/3/6 12:07,@??花枝乱颤鼠子??,1
2025/3/6 12:07,买俩馒头,0
2025/3/6 12:07,先买药[看][看][看],0
2025/3/6 12:07,先买饭[看]毕竟人是铁饭是钢，不吃一顿饿得慌[看],0
2025/3/6 12:07,先买房子,0
2025/3/6 12:07,先买个包子，可以吃一天,0
2025/3/6 12:07,先买饭吃，活着更重要,0
2025/3/6 12:07,先买个老公，买我只需要一块钱[比心],0
2025/3/6 12:07,买保险都困难哦,0
2025/3/6 12:07,这资产，不得来全套,1
2025/3/6 12:07,先买彩票，才可能有各种故事[捂脸],0
2025/3/6 12:07,实际情况来看  要不还是买个碗吧[捂脸],0
2025/3/6 12:07,先买瓶哇哈哈[尬笑],0
2025/3/6 12:08,其实包子挺好的,0
2025/3/6 12:08,听我的，先用脚趾抠出三室一厅 省了房钱[看],1
2025/3/6 12:08,先买药吧，不能再拖了,0
2025/3/6 12:08,这是饿晕了，先买个馒头垫垫,0
2025/3/6 12:08,不是刚需样都不用买。,0
2025/3/6 12:08,先买饭,0
2025/3/6 12:08,买早餐吧[看][看][看],0
2025/3/6 12:08,买四张彩票吧！梦想可以有，万一实现了呢[呲牙],0
2025/3/6 12:08,先买包辣条吃了慢慢想[展开说说][展开说说][展开说说],0
2025/3/6 12:09,@bk2022,0
2025/3/6 12:09,先吃顿饭,0
2025/3/6 12:09,零钱通里面的一万多拿来买车，余额七万多拿来买房首付，妥妥的,0
2025/3/6 12:09,乖，听劝，先买点大米或者馒头吧。,0
2025/3/6 12:09,@赏心悦目-,0
2025/3/6 12:09,买包子,0
2025/3/6 12:09,先别考虑买什么，先考虑考虑卖命，,1
2025/3/6 12:09,买烤肠[舔屏],0
2025/3/6 12:09,洋芋粑都买不到[九转大肠][九转大肠],0
2025/3/6 12:09,@美女哦 @A.明天见 @鹿先森????????,0
2025/3/6 12:09,先买桶泡面吃饱了好干活,0
2025/3/6 12:09,先睡觉，梦里啥都有[月亮],0
2025/3/6 12:10,先买个枕头[看],0
2025/3/6 12:10,先买两个馒头垫垫,0
2025/3/6 12:10,一起买了吧,0
2025/3/6 12:10,先买瓶冰红茶,0
2025/3/6 12:11,房买两年亏三十万，毛坯[流泪],0
2025/3/6 12:11,先睡觉,0
2025/3/6 12:12,买根冰棍冷静冷静,0
2025/3/6 12:12,买包辣条吧,0
2025/3/6 12:12,先买个馒头 填饱肚子[看],0
2025/3/6 12:12,先买顿饭吃吃再来说[泪奔],0
2025/3/6 12:12,下楼买个烤肠吧姐妹[微笑],0
2025/3/6 12:12,先给我买瓶冰红茶,0
2025/3/6 12:13,买把铁锹,0
2025/3/6 12:13,兄弟，醒醒，上班了[抠鼻],0
2025/3/6 12:13,@VV7 @竹鼠?? @牢铁双击刘刘刘 @bb5 @??飞??刀??小??妞?? @??c： @@2 @Rrrrrui,0
2025/3/6 12:13,这样吧你转给我，我会告诉别人，你买了车也买了房[看][看],1
2025/3/6 12:13,先睡一会,0
2025/3/6 12:14,先买面包[呲牙],0
2025/3/6 12:14,先买饭吧,0
2025/3/6 12:14,@天凌 我也纠结[黑脸],0
2025/3/6 12:14,零钱买房，零钱通买车[赞],0
2025/3/6 12:14,先买个??吃吧[捂脸],0
2025/3/6 12:14,先买饭??吧,0
2025/3/6 12:14,卖钩子,0
2025/3/6 12:14,买彩票吧，三倍的[抠鼻],1
2025/3/6 12:15,先凑个整吧[泪奔],0
2025/3/6 12:15,肉夹馍不加肉,0
2025/3/6 12:15,先买保险吧妹妹,0
2025/3/6 12:15,[不失礼貌的微笑][不失礼貌的微笑]我买辣条，全款的喔………,0
2025/3/6 12:15,先去买点吃的,0
2025/3/6 12:15,先填饱肚子[偷笑],0
2025/3/6 12:16,买点泡面吃,0
2025/3/6 12:16,先买个??,0
2025/3/6 12:16,居然没负债，好优秀[赞][赞][赞],0
2025/3/6 12:16,先填饱肚子吧[暗中观察],0
2025/3/6 12:16,@gjvdrh,0
2025/3/6 12:16,买瓶水买双手套[捂脸],0
2025/3/6 12:16,挂号费都不够兄弟,1
2025/3/6 12:16,买包两头点火的烟吧[捂脸],1
2025/3/6 12:16,买魔芋爽[看],0
2025/3/6 12:17,买彩票,0
2025/3/6 12:17,你先买个泡面压一下惊,1
2025/3/6 12:17,买房，车可以等两一年买也行,0
2025/3/6 12:17,换个产品吧，这个收益太低了,0
2025/3/6 12:17,先醒醒~[呲牙],0
2025/3/6 12:17,一起买,0
2025/3/6 12:17,我这样也很纠结[泪奔][泪奔][泪奔],0
2025/3/6 12:17,给我,0
2025/3/6 12:17,先买卷儿卫生纸吧,0
2025/3/6 12:18,都转给我，买个教训,1
2025/3/6 12:18,先考虑明天吃什么,0
2025/3/6 12:18,哈哈哈先买个炒面,0
2025/3/6 12:18,@wwwwj 我纠结,0
2025/3/6 12:18,先买点米吧,0
2025/3/6 12:18,先买泡面吧[看],0
2025/3/6 12:18,买个菜，吃饱好睡觉[九转大肠],0
2025/3/6 12:18,先买饭吧，都饿的做梦了[泪奔][泪奔],0
2025/3/6 12:18,先借一块买张彩票,0
2025/3/6 12:19,先买坟，没事了，就烧点纸钱先存下面，等下去了直接一步到位，毕竟到那时候烧的再多，都是零钱[捂脸],1
2025/3/6 12:19,先买个面包给自己吃饱吧,0
2025/3/6 12:19,不是你该考虑的问题。,1
2025/3/6 12:19,先买馒头免得饿死了,0
2025/3/6 12:19,先买饭,0
2025/3/6 12:19,先买彩票,0
2025/3/6 12:19,双色球，欢迎你,0
2025/3/6 12:19,两个都买，要的话我发拼多多链接给你,0
2025/3/6 12:19,先睡觉好一些,0
2025/3/6 12:19,先买个烤肠吃,0
2025/3/6 12:19,[疑问]你有资格纠结吗,1
2025/3/6 12:20,先买双手套[看][看],0
2025/3/6 12:20,先买包纸巾擦眼泪[泣不成声],0
2025/3/6 12:20,看我那个照片,0
2025/3/6 12:20,拼好饭都加不了肠,0
2025/3/6 12:20,我感觉你还是先买几个包子吧,0
2025/3/6 12:20,先睡觉,0
2025/3/6 12:20,看了,0
2025/3/6 12:20,买彩票还差点呢[捂脸],0
2025/3/6 12:20,先买饭,0
2025/3/6 12:20,零钱买房，零钱通买车，剩下的过日子,0
2025/3/6 12:20,先买饭吧[不失礼貌的微笑],0
2025/3/6 12:20,先活着,0
2025/3/6 12:20,先买两个棒棒糖吧[呲牙],0
2025/3/6 12:20,这不玩抽象嘛,1
2025/3/6 12:20,先买医保吧,0
2025/3/6 12:21,先买个彩票吧[泪奔],0
2025/3/6 12:21,@牛牛,0
2025/3/6 12:21,加一升油,0
2025/3/6 12:21,先买中午饭,0
2025/3/6 12:21,房和车都买直接买房车[看][看][看],0
2025/3/6 12:21,先去买杯蜜雪冰城,0
2025/3/6 12:21,先买个雪糕，吃了冷静一xia[看][看][看],0
2025/3/6 12:21,先买馒头，剩下的钱拿来投资,0
2025/3/6 12:21,先买点啤酒哈上梦里啥都有[玫瑰],0
2025/3/6 12:22,买个泡面都不能加肠的喔[抱抱你],0
2025/3/6 12:22,乐高可能买不起了，去小学门口小店看看，可能还有那种便宜的小玩具车,0
2025/3/6 12:22,买个房车[尬笑]一步到位,0
2025/3/6 12:22,吃个仔仔棒 甜甜嘴得了[微笑],0
2025/3/6 12:22,先买馍,0
2025/3/6 12:23,先把晚饭解决了[尬笑],0
2025/3/6 12:23,先买辣条压压惊[害羞],0
2025/3/6 12:23,事已至此，先吃饭吧,0
2025/3/6 12:23,先买颗糖， 免得低血糖,0
2025/3/6 12:23,先吃饭,0
2025/3/6 12:23,先活着,0
2025/3/6 12:24,零钱买车 零钱通买房[舔屏],0
2025/3/6 12:24,零钱买房，零钱通买车,0
2025/3/6 12:24,都不够买纸钱[微笑],1
2025/3/6 12:24,先吃饱[捂脸],0
2025/3/6 12:24,上面的买房，下面的买车，,0
2025/3/6 12:24,先把你的九块一毛六转给我买个教训先,1
2025/3/6 12:24,买六根棒棒糖，哄一下自己吧[微笑],0
2025/3/6 12:24,先买个包子吃吧[看],0
2025/3/6 12:24,先买袋干吃面,0
2025/3/6 12:25,你居然比我富,1
2025/3/6 12:25,可以买小米,0
2025/3/6 12:25,买几个馒头吧,0
2025/3/6 12:25,买点馒头吃,0
2025/3/6 12:25,先活下来吧[泪奔]其他的再想想办法,0
2025/3/6 12:25,先去买顿拼好饭，吃饱再说,0
2025/3/6 12:25,先充电[呲牙],0
2025/3/6 12:25,先卖包辣条压压惊吧。,0
2025/3/6 12:25,买包辣条吃吃得了,0
2025/3/6 12:25,先买桶泡面加个肠带瓶水,0
2025/3/6 12:25,买一杯散篓子一口给它干了 然后马上闭眼睛睡觉梦里啥都有[抱抱你],0
2025/3/6 12:26,@锅巴贴贴（见过许嵩版）,0
2025/3/6 12:26,先活着[舔屏],0
2025/3/6 12:26,先买个小老婆,1
2025/3/6 12:26,先填饱肚子[抠鼻],0
2025/3/6 12:26,先把花呗还了,0
2025/3/6 12:26,买点辣条吃吧,0
2025/3/6 12:26,买房车,0
2025/3/6 12:26,先买点米煮稀饭吃吧[捂脸],0
2025/3/6 12:27,@what can i say,0
2025/3/6 12:27,建议你先买三组追加大乐透，9??块钱刚刚好[抠鼻],0
2025/3/6 12:27,买个鸭蛋还有剩,0
2025/3/6 12:27,买一颗扑尔敏吧，睡一觉，你都开始有幻觉了[微笑],1
2025/3/6 12:28,先别买,0
2025/3/6 12:28,用零钱买房子，零钱通买车，给你安排的明明白白的,0
2025/3/6 12:28,先买个烤肠吧，宝,0
2025/3/6 12:28,先睡觉吧哥,0
2025/3/6 12:28,你还是先买个彩票吧，万一中了，车子房子就都有了[看],1
2025/3/6 12:28,先吃饭宝宝[玫瑰],0
2025/3/6 12:28,先买个创可贴,0
2025/3/6 12:28,先买大白馒头吃吧[抠鼻],0
2025/3/6 12:28,手机先卖了换点饭吃吧[呲牙],0
2025/3/6 12:28,买包卫生巾都怕8片的！ 只能买得起4片装的！,1
2025/3/6 12:28,先吃饱吧,0
2025/3/6 12:29,@只想睡觉??,0
2025/3/6 12:29,先睡觉  我就是这么做的[捂脸],0
2025/3/6 12:29,先挣钱,0
2025/3/6 12:29,买杯蜜雪冰城吧你,0
2025/3/6 12:29,先买饭??吧,0
2025/3/6 12:29,请先解决饥荒[呲牙][呲牙][呲牙][呲牙],0
2025/3/6 12:29,纠结啥呀都买上,0
2025/3/6 12:29,[看],0
2025/3/6 12:29,@小椰副手,0
2025/3/6 12:29,先买个馍馍吧,0
2025/3/6 12:29,先买房吧,0
2025/3/6 12:29,买个辣条爽爽得了[听歌],0
2025/3/6 12:30,先苦钱[捂脸],0
2025/3/6 12:30,先买泡面，干啥都得先吃饱饭[呲牙],0
2025/3/6 12:30,买泡面,0
2025/3/6 12:30,先买俩包子吧！毕竟得活着[看],0
2025/3/6 12:30,先去买大乐透 然后房子车子都会有,0
2025/3/6 12:30,先挂号,0
2025/3/6 12:30,先买包，混沌包子小米粥,0
2025/3/6 12:30,先贷款,0
2025/3/6 12:30,先买个碗吧！不过要买二手的有残缺的！[捂脸][捂脸][捂脸],1
2025/3/6 12:30,先吃饭吧[捂脸],0
2025/3/6 12:31,先买点饭吃吧，不一定够……,0
2025/3/6 12:31,先脱贫吧,0
2025/3/6 12:31,全干香片，哥们,1
2025/3/6 12:31,先睡觉[捂脸][捂脸],0
2025/3/6 12:31,要不还是先买两馒头吧[捂脸],0
2025/3/6 12:31,真没必要纠结,0
2025/3/6 12:31,先买一个退烧药,0
2025/3/6 12:31,797119元买房费点劲，买车吧[干饭人],0
2025/3/6 12:32,先好好活着[泣不成声],0
2025/3/6 12:32,买包辣条[比心],0
2025/3/6 12:32,先买个烤肠吧,0
2025/3/6 12:32,@??,0
2025/3/6 12:32,先买块冰来静静[捂脸],0
2025/3/6 12:33,先买泡面,0
2025/3/6 12:33,买菜,0
2025/3/6 12:33,[流泪]赶紧攒钱吧，不然拼好饭你都要吃不上了,1
2025/3/6 12:33,再努力努力过一个月就能买到玩具的啦！[尬笑],0
2025/3/6 12:34,买馒头[撇嘴],0
2025/3/6 12:34,先吃饭[偷笑],0
2025/3/6 12:34,先把自动扣款关了[比心],0
2025/3/6 12:34,你先睡觉[尬笑],0
2025/3/6 12:34,先买桶泡面把饭吃饱,0
2025/3/6 12:34,先吃饭吧孩子[抠鼻][抠鼻][抠鼻],0
2025/3/6 12:35,先买车再买房[捂脸],0
2025/3/6 12:35,先买个拼好饭垫一下肚子  给孩子都饿傻了,0
2025/3/6 12:35,先买枕头,0
2025/3/6 12:35,@霖仔,0
2025/3/6 12:35,买个枕头睡一觉梦里两个都有,0
2025/3/6 12:35,先给我买颗糖吧,0
2025/3/6 12:35,先买泡面,0
2025/3/6 12:35,先吃饭[捂脸],0
2025/3/6 12:36,先买菜,0
2025/3/6 12:36,去买个烤肠吧,0
2025/3/6 12:36,先买两包辣条[泣不成声],0
2025/3/6 12:36,先买饭,0
2025/3/6 12:36,先买袋小当家边吃边想,0
2025/3/6 12:36,先活着吧,0
2025/3/6 12:36,先挣钱吧[憨笑],0
2025/3/6 12:36,好好赚钱,0
2025/3/6 12:36,先买个馒头活下去,0
2025/3/6 12:36,还是先去上班吧！,0
2025/3/6 12:37,一起买啊，成年人了[哈欠],0
2025/3/6 12:37,去楼下买几包魔芋爽得了[看],0
2025/3/6 12:37,买彩票,0
2025/3/6 12:37,先买个棒棒糖 尝个甜头吧,0
2025/3/6 12:37,先买拼好饭,0
2025/3/6 12:37,记得分期付款,0
2025/3/6 12:37,先买个早餐吃吧[泣不成声],0
2025/3/6 12:37,淀粉肠,0
2025/3/6 12:37,先吃饱饭吧,0
2025/3/6 12:37,媳妇儿，回家带点儿小米回来吃[尬笑],0
2025/3/6 12:37,先买饭[白眼],1
2025/3/6 12:38,买个馒头吃吧,0
2025/3/6 12:38,先买两根淀粉肠吧实在[泪奔],0
2025/3/6 12:38,先买内裤[笑哭][笑哭][笑哭][笑哭],0
2025/3/6 12:38,先买包辣条解解馋吧,0
2025/3/6 12:38,车房别考虑了，先考虑贷点款吃午饭吧[我想静静],1
2025/3/6 12:38,先买碗米线吃吃吧,0
2025/3/6 12:38,先吃饭,0
2025/3/6 12:38,买点小米喝,0
2025/3/6 12:39,先买个枕头睡一觉，听话,0
2025/3/6 12:39,先买个烤肠吧,0
2025/3/6 12:39,先买个枕头，多睡会[流泪],0
2025/3/6 12:39,转给我，买个教训,1
2025/3/6 12:39,都会有的，卡绑的多[捂脸],0
2025/3/6 12:39,79万 肯定是先买房啊[舔屏],0
2025/3/6 12:39,先买米,0
2025/3/6 12:39,先买个包子填饱肚子再想其他吧[灵机一动],0
2025/3/6 12:39,下楼小卖部买几包魔芋爽先爽一下吧[比心],0
2025/3/6 12:39,听姐的先攒钱买盒吧,0
2025/3/6 12:40,就这个数字，有什么好纠结的。你应该没什么烦恼才对啊[看],0
2025/3/6 12:40,买杯蜜雪甜蜜一下吧，晚上好做个甜美的梦,0
2025/3/6 12:40,先买个饼[尬笑],0
2025/3/6 12:40,先买饭吃[听歌],0
2025/3/6 12:40,下楼买包魔芋爽吧,0
2025/3/6 12:40,@孤 [泪奔],0
2025/3/6 12:40,先买几包辣条吃吃算了,0
2025/3/6 12:40,先起床[笑哭][笑哭],0
2025/3/6 12:40,买张彩票吧,0
2025/3/6 12:40,买大米吧,0
2025/3/6 12:40,先买根冰激凌冷静冷静,0
2025/3/6 12:41,先买两康师傅垫着吧,0
2025/3/6 12:41,先凑20吃碗麻辣烫，果腹最重要。,0
2025/3/6 12:41,买杯咖啡提提神[呲牙],0
2025/3/6 12:41,@克已 [尬笑],1
2025/3/6 12:41,先买猪脚饭,0
2025/3/6 12:41,先买饭,0
2025/3/6 12:41,兄弟，你连电量都不足呀,1
2025/3/6 12:41,先买张票吧,0
2025/3/6 12:41,@Aspililiu [捂脸],0
2025/3/6 12:41,英雄可以没有家 但是不能没有战马,0
2025/3/6 12:42,[捂脸],0
2025/3/6 12:42,这边建议先买个塑料袋套头上去旅旅游，感受下西藏高原，放松身心。,1
2025/3/6 12:42,可以买2桶泡面,0
2025/3/6 12:42,先活下去[流泪],0
2025/3/6 12:42,坟才是归宿,1
2025/3/6 12:42,听我的，买盐,0
2025/3/6 12:42,零钱买房，零钱通买车,0
2025/3/6 12:42,先买份保险，慢慢从小保到大，想买啥买啥[捂脸],0
2025/3/6 12:42,@泫 @睡个好觉^ @别吵我睡觉?? @闷痘拌饭 @小呆^ @走之兔 @bubble @zhe?ng_??? @yxxxxX @日暮里?? @尔玉55 @小米粥 笑死我了,0
2025/3/6 12:42,先吃饱活着,0
2025/3/6 12:42,先挣钱吧[捂脸],0
2025/3/6 12:42,先给我买点鸡翅,0
2025/3/6 12:43,先买饭，自己去买，别点外卖，有派送费！,0
2025/3/6 12:43,先买煎饼果子吃,0
2025/3/6 12:43,@@小薯干 @下玉米 @喋喋 @我真想变美女！,0
2025/3/6 12:43,先买瓶可口可乐、即时行乐[看],0
2025/3/6 12:43,先保命,0
2025/3/6 12:43,@喝罐旺仔吗 [暗中观察],0
2025/3/6 12:43,听姐的，买个拼图玩玩可以了别乱花钱,0
2025/3/6 12:43,先充游戏,0
2025/3/6 12:43,要不先买注双色球吧[捂脸],0
2025/3/6 12:43,先给手机充电,0
2025/3/6 12:43,先醒来,0
2025/3/6 12:44,一起买,0
2025/3/6 12:44,先贷款[捂脸],0
2025/3/6 12:44,买个棒棒糖??,0
2025/3/6 12:44,先买饭,0
2025/3/6 12:44,先买个奶提子。,0
2025/3/6 12:44,不惯着，都买了,1
2025/3/6 12:44,给手机买个房子得了[憨笑],0
2025/3/6 12:44,买两包魔芋爽 爽爽得了[看],0
2025/3/6 12:45,先租一个小时充电宝 充电[呲牙],0
2025/3/6 12:45,@桑稚 @PlanA @i_ @Chen、,0
2025/3/6 12:45,先睡觉,0
2025/3/6 12:45,先把零钱存零钱通里吧,0
2025/3/6 12:45,先买饭,0
2025/3/6 12:45,@八五～,0
2025/3/6 12:45,买小米啊，这个价位能买一两回家,0
2025/3/6 12:45,小孩子才做选择,0
2025/3/6 12:45,@炒河粉,0
2025/3/6 12:45,我当年也纠结考北大还是清华[捂脸],0
2025/3/6 12:46,先买包辣条给我吃吧,0
2025/3/6 12:46,都买,0
2025/3/6 12:46,买彩票吧，中了全都有[抠鼻],0
2025/3/6 12:46,[捂脸][捂脸][捂脸]我也买不起,0
2025/3/6 12:46,@普希金 [宕机],1
2025/3/6 12:46,7块钱买个本子，一块买只笔，喜欢啥画啥,0
2025/3/6 12:46,买个盒饭都废劲,0
2025/3/6 12:46,@边煜东,0
2025/3/6 12:46,先买根烤肠，要辣椒,0
2025/3/6 12:46,先买碑[比心],0
2025/3/6 12:46,买个蜗牛??把它赶走。也算买房子了[捂脸][捂脸][捂脸][捂脸],0
2025/3/6 12:46,先买个面包吃,0
2025/3/6 12:46,建议买彩票。搏一搏单车变摩托,0
2025/3/6 12:46,先买个面包吃吧朋友[看],0
2025/3/6 12:46,[泪奔][泪奔][泪奔],0
2025/3/6 12:46,先吃饱这顿再想,0
2025/3/6 12:47,先找老头,1
2025/3/6 12:47,先买瓶眼药水[流泪][流泪],0
2025/3/6 12:47,我舅子是弄轧纸的。你的钱可以都买回去还有剩下的[呲牙][呲牙][呲牙][呲牙],0
2025/3/6 12:47,先买魔芋爽,0
2025/3/6 12:47,先买饭[捂脸],0
2025/3/6 12:47,先买包泡面填饱肚子,0
2025/3/6 12:47,哇7点97亿啊当然是全球购置房产了,0
2025/3/6 12:47,先买饭，吃饱啦睡一觉就什么都有了[强],0
2025/3/6 12:47,先买注彩票吧。,0
2025/3/6 12:47,先给手机充电,0
2025/3/6 12:47,先买个烧饼吃饱再说吧[泣不成声],0
2025/3/6 12:48,先买个包子吧[捂脸],0
2025/3/6 12:48,先买杯奶茶再思考吧[灵机一动],0
2025/3/6 12:48,这不得都拿下,1
2025/3/6 12:48,先买醉吧,0
2025/3/6 12:48,@Ann??,0
2025/3/6 12:48,先买两三个包子，吃饱了再考虑买啥[捂脸],0
2025/3/6 12:48,先解决温饱,0
2025/3/6 12:48,先买泡面吧,0
2025/3/6 12:48,买包泡面姐[看],0
2025/3/6 12:48,先睡觉,0
2025/3/6 12:48,先买顿饭吧[看],0
2025/3/6 12:49,先买点花呗[比心],0
2025/3/6 12:49,一起买，提前安排死后的,1
2025/3/6 12:49,同时买，欠钱的是大爷,1
2025/3/6 12:49,先充电吧,0
2025/3/6 12:49,听我的，先买泡面,0
2025/3/6 12:49,先买饭，吃饱了再考虑,0
2025/3/6 12:49,先买包摇摇乐[微笑],0
2025/3/6 12:49,找保命,1
2025/3/6 12:49,买瓶水压压惊。,0
2025/3/6 12:50,先买馒头,0
2025/3/6 12:50,在这长眠非常不搓,1
2025/3/6 12:50,先买个辣条，压压惊[捂脸],0
2025/3/6 12:50,@念亚亚～ @缘,0
2025/3/6 12:50,先睡觉[比心],0
2025/3/6 12:50,先买盐，我怕你没盐吃了,0
2025/3/6 12:50,先活命,0
2025/3/6 12:50,先买彩票吧,0
2025/3/6 12:50,买个棒棒糖??，先尝尝甜[捂脸],0
2025/3/6 12:50,买糖[看],0
2025/3/6 12:51,建议先打工,0
2025/3/6 12:51,先买淀粉肠,0
2025/3/6 12:51,我这边建议先买点药,0
2025/3/6 12:51,一起买，成年人不做选择，都买！,0
2025/3/6 12:51,@鍾意你,0
2025/3/6 12:51,先买粮,0
2025/3/6 12:51,先看一眼兜里的子儿[泪奔],0
2025/3/6 12:51,@??仙女不讲李??,0
2025/3/6 12:52,@只想拉杆的康康 @顾飞 @一条烤鱼?? @我很乖,0
2025/3/6 12:52,你买个玩具车都费劲-但是拼多多可以先用后付…[捂脸],1
2025/3/6 12:52,买点钱[不失礼貌的微笑],1
2025/3/6 12:52,先买饭吧，饿了[干饭人],0
2025/3/6 12:52,建议先买个包子吃??,0
2025/3/6 12:52,先买馒头吧[看],0
2025/3/6 12:52,@杨杨happy [泪奔]看,0
2025/3/6 12:52,先买饭把肚子吃饱??，不能饿着,0
2025/3/6 12:52,先收破烂吧[捂脸],1
2025/3/6 12:52,先活着,0
2025/3/6 12:52,哈哈哈哈哈哈哈哈哈哈哈哈,0
2025/3/6 12:52,先买饭吧,0
2025/3/6 12:53,先买饭吧 宝,0
2025/3/6 12:53,先打工,0
2025/3/6 12:53,买彩票[呲牙],0
2025/3/6 12:53,买两包魔芋爽得了,0
2025/3/6 12:53,先买包泡面吧！[泪奔],0
2025/3/6 12:53,买梦,0
2025/3/6 12:53,先买饭,0
2025/3/6 12:53,先买药,0
2025/3/6 12:53,@来给生活比个叶女士 @快乐的一只小青蛙?? @夏天要吃冰?? @C C @蛋挞芋泥包,0
2025/3/6 12:53,[泣不成声]当务之急是解决晚饭问题,0
2025/3/6 12:53,先买菜吧,0
2025/3/6 12:53,买彩票都不够，烧饼也不敢夹菜,0
2025/3/6 12:53,先买顿早餐[捂脸],0
2025/3/6 12:53,先吃饭吧[九转大肠],0
2025/3/6 12:53,@华丽,0
2025/3/6 12:54,纠结一下等一下吃什么拼好饭吧[看],0
2025/3/6 12:54,转给我买个教训,1
2025/3/6 12:54,先把单买了来米粉11块,0
2025/3/6 12:54,先活着吧！,0
2025/3/6 12:55,先买个笔，再买张纸。然后你可以画了,0
2025/3/6 12:55,貌似不重要！盒饭才重要[捂脸],0
2025/3/6 12:55,买个泡面吃一下好了,0
2025/3/6 12:55,先买一张彩票,0
2025/3/6 12:55,有没有可能先买钥匙扣[呲牙],0
2025/3/6 12:56,想想晚上吃饭咋弄吧,0
2025/3/6 12:56,先活着吧  哥们,0
2025/3/6 12:56,先吃沙县,0
2025/3/6 12:56,买个包子吃吧[偷笑],0
2025/3/6 12:56,哈哈哈哈,0
2025/3/6 12:56,买一条绳子，然后找棵树,1
2025/3/6 12:56,两样都不买,0
2025/3/6 12:56,7亿9千万两样都买。,0
2025/3/6 12:56,买瓶冰红茶乐呵乐呵得了[捂脸],0
2025/3/6 12:56,先买个泡面看能撑几天[黑脸],0
2025/3/6 12:57,确定不先买馒头[呲牙],0
2025/3/6 12:57,买个饼[坏笑],0
2025/3/6 12:57,年轻人不做选择题、零钱用来贷款买房，零钱通用来贷款买车,0
2025/3/6 12:57,买彩票还得集资，先别想这么多了，门口的垃圾桶今天翻过了没？[看][看][看],0
2025/3/6 12:57,买个大西瓜回去抱着吃,0
2025/3/6 12:57,先买拼好饭,0
2025/3/6 12:57,还是一起买吧，不差这点[奸笑],0
2025/3/6 12:57,先买大米,0
2025/3/6 12:58,@小王爱搞怪呀 评论区笑死我了,0
2025/3/6 12:58,先买个2块的意外险吧,0
2025/3/6 12:59,先观看,0
2025/3/6 12:59,先买房吧，0首付,0
2025/3/6 12:59,你这个上面三位数，下面三位数加起来六位数，不然全款买个车吧,1
2025/3/6 12:59,先买张彩票吧，刮刮乐都不行，主要刮刮乐单张更贵[尬笑],0
2025/3/6 12:59,先买个快餐吃,0
2025/3/6 13:00,兄弟买??包子豆浆先[看],0
2025/3/6 13:00,这么多钱 都买啊,0
2025/3/6 13:00,先买个枕头[比心]梦里啥都有,0
2025/3/6 13:00,吃饱起，晚上睡觉梦里啥都有[抠鼻],0
2025/3/6 13:00,还是先来我店里买根火腿肠，填报肚子是要紧事[看],0
2025/3/6 13:01,要不再加几块我们去医院买个号,1
2025/3/6 13:01,先吃饭吧,0
2025/3/6 13:01,睡吧,0
2025/3/6 13:01,先吃饭,0
2025/3/6 13:02,先填饱肚子吧[捂脸],0
2025/3/6 13:02,先活着[坏笑],1
2025/3/6 13:02,@满目星河 [捂脸],0
2025/3/6 13:02,如果是我，我就先买三注双色球,0
2025/3/6 13:02,去买个彩票，啥都有了,0
2025/3/6 13:02,先买醉吧[赞],0
2025/3/6 13:02,我才是真的[泪奔],0
2025/3/6 13:02,先买包辣条,0
2025/3/6 13:02,买顿饭吃饱再说吧,0
2025/3/6 13:02,先买饭，活下去比较重要,0
2025/3/6 13:03,先买菜吧！,0
2025/3/6 13:03,先买彩票靠谱点,1
2025/3/6 13:03,@晚风也温柔 @捡霉当卖炭翁 @指甲钳,0
2025/3/6 13:03,先充电吧[发呆],0
2025/3/6 13:03,先买苏菲,0
2025/3/6 13:03,听话你买份炒面冷静一下,0
2025/3/6 13:03,去买一张五元的彩票 试一试 没准车房都有了,0
2025/3/6 13:03,先买米,0
2025/3/6 13:04,先买钱，听话,1
2025/3/6 13:04,买了fou len,0
2025/3/6 13:04,先买点面条吧[憨笑][憨笑],0
2025/3/6 13:04,@Y-Y 哈哈哈哈哈,0
2025/3/6 13:04,买房吧[宕机][宕机][宕机],0
2025/3/6 13:04,先吃饭[宕机],0
2025/3/6 13:04,买包魔芋爽，爽一下,0
2025/3/6 13:04,买房,0
2025/3/6 13:04,先睡吧，睡着了啥都有,0
2025/3/6 13:04,我先买了车，后买的房[泪奔],0
2025/3/6 13:04,先买根淀粉肠,0
2025/3/6 13:05,买同款颜色不锈钢一次性杯子[捂脸],0
2025/3/6 13:05,彩票吧 毕竟是福利性质 好歹做出份力,0
2025/3/6 13:05,我觉得先买骨灰盒  其他买不起，这个肯定买得起,1
2025/3/6 13:05,我爸年轻时喜欢一辆摩托车6000块钱，我妈不同意，他今年50多了还没买上呢,0
2025/3/6 13:05,先吃饭吧,0
2025/3/6 13:05,一次3个淀粉肠[灵机一动]好奢侈,0
2025/3/6 13:05,先买点米是吧[泪奔],0
2025/3/6 13:05,先买彩票,0
2025/3/6 13:06,先买一块砖，你会得到一栋别墅,0
2025/3/6 13:06,先考虑买个猪脚饭吧,0
2025/3/6 13:06,先买个罐子,0
2025/3/6 13:06,@单手打方向盘的李哥,0
2025/3/6 13:06,你去买两个馒头，顶饿,0
2025/3/6 13:06,@巴呐呐能酿??? @?????2?,0
2025/3/6 13:06,买两包魔芋爽 爽爽算了,0
2025/3/6 13:06,买个早餐再回去睡一觉，啥都能买[捂脸],0
2025/3/6 13:07,兄弟还是会理财，不到 10块钱都还有拿一块多理财[赞],0
2025/3/6 13:07,先买瓶冰红茶吧[看],0
2025/3/6 13:07,先喝杯冰水,0
2025/3/6 13:07,先解决今天吃什么吧,0
2025/3/6 13:07,先买饭,0
2025/3/6 13:07,先买个早餐,0
2025/3/6 13:08,没点也纠结[笑哭][笑哭],0
2025/3/6 13:08,转给我，买个教训[看],1
2025/3/6 13:08,先买饭,0
2025/3/6 13:08,先买彩票吧,0
2025/3/6 13:08,[黑脸],1
2025/3/6 13:08,买个泡泡糖吹大住里面,1
2025/3/6 13:09,你可以先考虑买几个仔仔棒[不你不想][不你不想],0
2025/3/6 13:09,偷偷告诉你，你的评论??啦[捂脸][捂脸][捂脸],0
2025/3/6 13:09,先买几个馒头吧,0
2025/3/6 13:09,先买双手套去搬砖,1
2025/3/6 13:09,@萌小萌～ @飘飘 @小丹仔仔 @小雅哥 @tiantian阿姨 @宋展西,0
2025/3/6 13:09,哪样都得先贷款吧[捂脸],0
2025/3/6 13:09,先钻被窝吧，最近降温挺冷的,0
2025/3/6 13:09,先买彩票[呲牙],0
2025/3/6 13:09,先保命,0
2025/3/6 13:09,@下雨有你撑伞 [捂脸],0
2025/3/6 13:09,买个厚实一点的塑料袋，套脖子上闷死，既能感受到开飞车的飘飘然，火化后还能用这个袋子打包骨头，房子跟车子都感觉有了。厮是陋室，惟吾德馨。[思考][思考],1
2025/3/6 13:10,先充话费吧，孩子,0
2025/3/6 13:10,@藤椒牛肉面,0
2025/3/6 13:10,先买桶泡面，再加个蛋,0
2025/3/6 13:10,先醒醒,1
2025/3/6 13:10,先买个馍,0
2025/3/6 13:10,先买顿饭吃吧，梦想吃饱了再想,0
2025/3/6 13:10,你手机电量不多了，先充电吧,0
2025/3/6 13:10,先买饭,0
2025/3/6 13:10,你还是先想想下午吃啥,0
2025/3/6 13:10,先把手机卖了吧[害羞],0
2025/3/6 13:10,买点风油精清醒一下,1
2025/3/6 13:10,买彩票吧,0
2025/3/6 13:11,先买几颗棒棒糖吃吃先，房子车子随后再买,0
2025/3/6 13:11,买个馕吃,0
2025/3/6 13:11,先买手机流量,0
2025/3/6 13:11,拼好饭吧,0
2025/3/6 13:11,先买饭,0
2025/3/6 13:11,@涂四四?????? @酒肆、,0
2025/3/6 13:11,还是买个包子吧[捂脸],0
2025/3/6 13:11,先团购一份烤肉饭吧,0
2025/3/6 13:12,添点上e300[看],0
2025/3/6 13:12,买个雪糕吃一下吧,0
2025/3/6 13:12,@烦恼 @小麦果汁儿（见过薛之谦三次版） @蒜蓉趣多多?? @笔笔爱吃桃子 @Min @陪伴就是最长情 笑死了,0
2025/3/6 13:12,这是你该考虑的问题吗…,1
2025/3/6 13:12,买个彩票搏一搏,0
2025/3/6 13:12,必须买车又买房,0
2025/3/6 13:12,买沙县,0
2025/3/6 13:13,买饭吧，不然只能要喽,0
2025/3/6 13:13,先转给我，买个教训,1
2025/3/6 13:13,先全转给我，买个教训[看],1
2025/3/6 13:13,买个方便袋吧，套头上比较快,1
2025/3/6 13:13,先买馍,0
2025/3/6 13:13,买车和房子建议你去玩具店看看,1
2025/3/6 13:13,先买饭吧，吃饱了再想别的,0
2025/3/6 13:13,先吃饱饭吧[撇嘴],0
2025/3/6 13:13,[看],0
2025/3/6 13:14,整瓶牛栏山，先买个醉吧[看],0
2025/3/6 13:14,买面包，先填饱肚子再说[憨笑],0
2025/3/6 13:14,先买一碗小米粥,0
2025/3/6 13:15,先买个辣条次次[不失礼貌的微笑],0
2025/3/6 13:15,先吃饱饭,0
2025/3/6 13:15,哈哈哈哈哈哈,0
2025/3/6 13:15,先买颗糖，好歹甜一会呢,0
2025/3/6 13:15,车子是消耗品，房子只是暂时的港湾，盒子才是归属！听哥的，先买盒子！,0
2025/3/6 13:16,@victor @平安幸福 @早睡早起早吃饭 @谁让我叫周杰伦。 @大良民,0
2025/3/6 13:16,先买个饭都费劲,0
2025/3/6 13:16,@茉莉奶白,0
2025/3/6 13:16,买个蜜雪冰城 还能听个歌 我爱你 你爱我 蜜雪冰城 甜蜜蜜[捂脸],0
2025/3/6 13:16,先睡一会吧,0
2025/3/6 13:17,先活着,0
2025/3/6 13:17,[发呆],0
2025/3/6 13:17,买跟棒棒糖吧,0
2025/3/6 13:17,先买彩票吧,0
2025/3/6 13:18,上面的余额买车，下面的余额买房。[泪奔],0
2025/3/6 13:18,钱不够 还差一点点，先存着吧。,0
2025/3/6 13:18,先买个泡面[捂脸],0
2025/3/6 13:18,哈哈哈哈哈,0
2025/3/6 13:18,打车回去[捂脸],0
2025/3/6 13:18,买根棒棒糖，安慰自己[酷拽],0
2025/3/6 13:18,别纠结了，把你那两个余额的钱凑凑买个肉夹馍吃吃睡吧[尬笑][尬笑][尬笑],1
2025/3/6 13:18,先活着,0
2025/3/6 13:18,发个地址，我给你烧一套过来[看],1
2025/3/6 13:18,我建议先买一包魔芋爽爽一下,0
2025/3/6 13:18,哈哈哈！你也是纠结吧,0
2025/3/6 13:18,买车,0
2025/3/6 13:18,先买早饭,0
2025/3/6 13:19,买个口香糖吧,0
2025/3/6 13:19,先买泡面吧，可能还可以加根肠,0
2025/3/6 13:19,你的纠结纯属多余,1
2025/3/6 13:19,买车吧，比较重要[泪奔],0
2025/3/6 13:19,买车买房以后也带不走，那都属于你的。,0
2025/3/6 13:19,先买馒头吧[看],0
2025/3/6 13:19,房车一体,0
2025/3/6 13:19,先请我吃碗素粉[求抱抱],0
2025/3/6 13:19,买饭吧,0
2025/3/6 13:19,还是先转给我，买个教训吧[调皮],1
2025/3/6 13:19,先充电吧[呲牙],0
2025/3/6 13:20,先买瓶冰露 一副手套去工地搬砖[微笑],0
2025/3/6 13:20,@T翊嘉 @大小姐要傲娇,0
2025/3/6 13:20,先扫电动车[黑脸],1
2025/3/6 13:20,买张彩票吧 还能涨涨教训[呆无辜],1
2025/3/6 13:20,你先纠结明天吃什么吧[宕机],0
2025/3/6 13:20,@小杨的杨,0
2025/3/6 13:20,适合先买张彩票,0
2025/3/6 13:20,先吃饭吧，办个分期，吃点好的，15的盖饭吧。首付3块，分12期0利息，每期还2块，你首付剩的钱还可以换2次月供，简直完美！,0
2025/3/6 13:20,买杯奶茶,0
2025/3/6 13:20,你先买个泡泡糖吧,0
2025/3/6 13:20,买彩票吧，有机会都实现[大笑],0
2025/3/6 13:21,这么多钱，你不要命了,1
2025/3/6 13:22,先吃饱,0
2025/3/6 13:22,先买泡面,0
2025/3/6 13:23,这边建议买个绳子，然后去楼下找颗树[呲牙][呲牙][呲牙],1
2025/3/6 13:23,先买个烧饼舔包肚子,0
2025/3/6 13:23,先买馒头，吃饱了，才能做美梦…[灵机一动],0
2025/3/6 13:23,先买饭[捂脸],0
2025/3/6 13:23,先买口饭吃,0
2025/3/6 13:23,买点烧纸，那里面连别墅都画着呢,1
2025/3/6 13:23,先点个9块的外卖,0
2025/3/6 13:23,想的有点多，先买个早饭吧,0
2025/3/6 13:23,先买完泡面吧,0
2025/3/6 13:24,七块钱先买房，一块钱去买车,1
2025/3/6 13:24,先买馍,0
2025/3/6 13:24,先活着吧[看],0
2025/3/6 13:24,买个冰淇淋哄自己开心吧[黑脸],0
2025/3/6 13:24,先买泡面,0
2025/3/6 13:25,房车,0
2025/3/6 13:25,你可以买个存钱罐[看],0
2025/3/6 13:25,先买饭,0
2025/3/6 13:25,先买个炒饭吧[呲牙],0
2025/3/6 13:25,先买辣条吧，知道生活的艰辛[绿帽子],1
2025/3/6 13:26,先买米[呲牙],0
2025/3/6 13:26,先贷款[看],0
2025/3/6 13:26,@如约而至,0
2025/3/6 13:26,先睡觉,0
2025/3/6 13:27,先买杯蜜雪冰城吧[比心],0
2025/3/6 13:27,先卖命吧[捂脸],1
2025/3/6 13:27,先买晚餐[呲牙],0
2025/3/6 13:27,先买泡面吧[看],0
2025/3/6 13:27,不要纠结，先买半份饭吃[捂脸][捂脸][捂脸][捂脸],0
2025/3/6 13:27,先填饱肚子,0
2025/3/6 13:28,先去楼下买包辣条慢慢想,0
2025/3/6 13:28,建议先买醉！[抱抱你],0
2025/3/6 13:28,转给我买个教训，我不嫌少,1
2025/3/6 13:28,先吃饭,0
2025/3/6 13:28,借几毛钱先买个彩票吧，哈哈,0
2025/3/6 13:28,先睡觉??,0
2025/3/6 13:28,买携程  他会坑你手续费奥  防不胜防,1
2025/3/6 13:29,买彩票吧[大笑][大笑][大笑],0
2025/3/6 13:29,先拼好饭吧[尬笑],0
2025/3/6 13:29,@吃葡萄不吐葡萄皮,0
2025/3/6 13:29,先充电,0
2025/3/6 13:29,先买份保险吧，估计还能赔个几十万,1
2025/3/6 13:30,先起床,0
2025/3/6 13:30,先买水，续它个七七四十九天[调皮],0
2025/3/6 13:30,买些草，自己编个草席裹一下就行[泪奔],0
2025/3/6 13:30,可以慢慢纠结,0
2025/3/6 13:30,给我吧，我到处说你买了车买了房但只说一次,1
2025/3/6 13:30,先吃饱吧[暗中观察],0
2025/3/6 13:30,[捂脸]你先解决午饭吃什么,0
2025/3/6 13:30,兄弟不行你回去睡醒再想这个问题[灵机一动],0
2025/3/6 13:31,先点个拼好饭,0
2025/3/6 13:31,先买小米       熬个粥,0
2025/3/6 13:31,先吃饭,0
2025/3/6 13:31,先买瓶冰可乐[灵机一动],0
2025/3/6 13:31,先睡觉[尬笑],0
2025/3/6 13:31,先还美团月付,0
2025/3/6 13:31,先填饱肚子[捂脸],0
2025/3/6 13:31,先去吃碗面[暗中观察],0
2025/3/6 13:31,买个τ吧,1
2025/3/6 13:31,先买份凉皮填饱肚子吧,0
2025/3/6 13:31,先买两斤小米熬粥喝,0
2025/3/6 13:31,先想想下一顿吃点啥吧[酷拽],0
2025/3/6 13:31,先活着[看],0
2025/3/6 13:32,买个骨灰盒小小的也安全带着[泪奔],0
2025/3/6 13:32,凑一凑够买张彩票,0
2025/3/6 13:32,去楼下超市买个塑料袋套头上体验一把高原反应，咱也算是原地旅游了[灵机一动],0
2025/3/6 13:32,先买可乐吧,0
2025/3/6 13:33,买个梦比较划算,0
2025/3/6 13:33,买个饼??,0
2025/3/6 13:33,先买五块钱酱香饼再买瓶水,0
2025/3/6 13:33,买冰红茶,0
2025/3/6 13:33,先把晚饭买了再想吧,0
2025/3/6 13:33,先买个馒头，不然怕你饿肚子[看][看],0
2025/3/6 13:34,@迪迦炒蛋,0
2025/3/6 13:34,买点魔芋爽，爽爽吧,0
2025/3/6 13:35,先买包烟冷静下子,0
2025/3/6 13:35,你还是先买大米吧[泪奔],0
2025/3/6 13:35,买包辣条吧,0
2025/3/6 13:35,买二锅头都都喝不到醉[噢买尬],0
2025/3/6 13:35,先买米吧[呲牙],0
2025/3/6 13:35,要不我先买个馒头填饱肚子[捂脸],0
2025/3/6 13:35,先吃饱[微笑],0
2025/3/6 13:36,买根香吧，拜一拜[捂脸][捂脸][捂脸],0
2025/3/6 13:36,先去买张彩票吧[捂脸],0
2025/3/6 13:36,听我的先买几包辣条 过好当下[抠鼻][抠鼻],0
2025/3/6 13:36,@?愫 [捂脸],0
2025/3/6 13:36,先买饭吧[捂脸][捂脸],0
2025/3/6 13:36,先买个方便面吃吃,0
2025/3/6 13:36,是是是,0
2025/3/6 13:36,买个手抓饼 吃饱睡吧,0
2025/3/6 13:37,1大洋买车，7大洋买房，人生在世不容易不要亏待自己[流泪],0
2025/3/6 13:37,先吃饱[捂脸],0
2025/3/6 13:37,先买饭吧,0
2025/3/6 13:37,兄弟，听劝吧！这么些资产你得先买彩票[灵机一动],1
2025/3/6 13:38,先买饭吧，吃饱了再思考这个问题,0
2025/3/6 13:38,先活下去，车很多命只有一次,0
2025/3/6 13:38,小米盖房子还得等几年[看],0
2025/3/6 13:38,先买包卫龙缓缓,0
2025/3/6 13:38,先买碗粉吧[捂脸]毕竟，有命才拥有一切的可能,0
2025/3/6 13:39,先买瓶水冷静一下[泪奔],0
2025/3/6 13:39,你现在的主要任务是卸载番茄小说,1
2025/3/6 13:39,先买??,0
2025/3/6 13:39,这么多钱还犹豫什么，小朋友才做选择。当然是都要啊,0
2025/3/6 13:40,有点像我们这的哦,0
2025/3/6 13:40,听话，车子房子啥也别急买。包子都可能买不到，不能委屈自己呀[捂脸],0
2025/3/6 13:40,@元潇杰 [捂脸][捂脸],0
2025/3/6 13:41,先想下顿吃神马吧[泪奔],0
2025/3/6 13:41,应该先买桶泡面，毕竟先吃饱才有力气去想呀[抠鼻],0
2025/3/6 13:41,先睡一觉,0
2025/3/6 13:41,零钱的余额买房，零钱通的余额买车！,0
2025/3/6 13:41,@CHACHA @忙碌小芒果??,0
2025/3/6 13:41,先有钱,0
2025/3/6 13:42,先吃饭,0
2025/3/6 13:42,车房一起买，双喜临门,0
2025/3/6 13:42,@11111111111 @伤心花生米 @崽崽吖,0
2025/3/6 13:42,买包辣条吃吃得了,0
2025/3/6 13:42,先买个棒棒糖吃吧,0
2025/3/6 13:42,上面的买房  下面的买车,0
2025/3/6 13:42,买个泡面先,0
2025/3/6 13:42,直接转给我吧、让我也纠结一下[捂脸],0
2025/3/6 13:42,买坟头草都不够[捂脸],1
2025/3/6 13:42,先买彩票[看],0
2025/3/6 13:43,先吃饱最重要,0
2025/3/6 13:43,@Turbo 哈哈哈哈哈哈哈你看评论,0
2025/3/6 13:43,@Qiiiiiii @小小的玉米生气了会变成爆米花 @在下猫猫雨 @馄炖脑袋,0
2025/3/6 13:43,买个纸盒子吧 卖了还能挣个钱,1
2025/3/6 13:43,听话，咱都买[呲牙],0
2025/3/6 13:43,先买个棒棒糖吃吧，多买几个还可以当大哥。,0
2025/3/6 13:43,先去楼下买个塑料袋套头上体验一下高原反应。,1
2025/3/6 13:43,先买馍（馒头）,0
2025/3/6 13:43,先买彩票[灵机一动],0
2025/3/6 13:43,@五香花卷??,0
2025/3/6 13:44,先买饭吧[泪奔],0
2025/3/6 13:44,先躺平,0
2025/3/6 13:44,先买一碗炒粉,0
2025/3/6 13:44,先买我,1
2025/3/6 13:44,[捂脸],0
2025/3/6 13:44,3,0
2025/3/6 13:44,先买个包子吃吃[尬笑],0
2025/3/6 13:44,先想办法活着吧,0
2025/3/6 13:44,先买瓶水,0
2025/3/6 13:44,个人觉得买车   不过还是看你该需要什么,0
2025/3/6 13:45,买把辣条尝尝鲜吧,0
2025/3/6 13:45,先买包泡面,0
2025/3/6 13:45,在拼多多买面镜子照亮一下自己,1
2025/3/6 13:45,零钱买房，零钱通买车，完美[灵机一动][灵机一动],0
2025/3/6 13:45,要不先吃顿好的[看],0
2025/3/6 13:46,"零钱买房
零钱通买车",0
2025/3/6 13:46,先保命……[捂脸][泪奔][泪奔],0
2025/3/6 13:46,要不咱先活着？,0
2025/3/6 13:46,买一个腌菜的缸子，不知道够不够啊[捂脸],0
2025/3/6 13:46,@深海?? [捂脸][捂脸],0
2025/3/6 13:46,先活着,0
2025/3/6 13:46,哈哈哈哈,0
2025/3/6 13:47,先买馒头吧,0
2025/3/6 13:47,先买杯蜜雪冰城吧[白眼],0
2025/3/6 13:47,先买饭,0
2025/3/6 13:47,先活着,0
2025/3/6 13:47,先买饭??????,0
2025/3/6 13:48,买个人身意外险？,0
2025/3/6 13:48,先吃饭吧,0
2025/3/6 13:48,我建议买个灯,0
2025/3/6 13:48,都买吧[暗中观察]不差这点了,0
2025/3/6 13:48,你去问一下Deepseek，他会怼的你无地自容[泣不成声],1
2025/3/6 13:50,九亿买什么不行，使劲买，顺便送我一台奥迪RS7[看],1
2025/3/6 13:50,先买瓶水压压筋,0
2025/3/6 13:50,先投资五块给我吃个泡面[舔屏],0
2025/3/6 13:51,先保命吧[捂脸],0
2025/3/6 13:51,你还是先充电吧[呲牙],1
2025/3/6 13:51,先买个饭吧，吃完慢慢想[捂脸],0
2025/3/6 13:51,能不能先活着[捂脸],0
2025/3/6 13:51,还是先买袋板蓝根喝上预防感冒吧，最近感冒多！[看],0
2025/3/6 13:51,买两包魔芋爽爽爽的了,0
2025/3/6 13:51,先买药,0
2025/3/6 13:51,先睡觉，明天在想,0
2025/3/6 13:52,当然是先买彩票啦,0
2025/3/6 13:52,先买个饼吃吧[捂脸],0
2025/3/6 13:52,先冲个番茄会员看书不用看广告[看],0
2025/3/6 13:52,先活着[呲牙],0
2025/3/6 13:52,先买杯奶茶,0
2025/3/6 13:52,先买棒棒糖,0
2025/3/6 13:52,买个迪奥,0
2025/3/6 13:52,先买馒头[呲牙],0
2025/3/6 13:52,@无妄～ [泪奔][泪奔][泪奔],0
2025/3/6 13:53,十年后车归零了，房跌了20%买黄金翻倍,0
2025/3/6 13:53,先买米吧,0
2025/3/6 13:53,上买房 下买车 就解决了,0
2025/3/6 13:53,找个富婆双丰收,1
2025/3/6 13:53,我认为你如果刚闯敢拼的话应该先买一张彩票。保守一点的话可以买一副手套,0
2025/3/6 13:54,先买个馍吧[捂脸],0
2025/3/6 13:54,先想想[泪奔],0
2025/3/6 13:54,买个煎饼果子不加蛋不加肠不加蛋,0
2025/3/6 13:54,先想想下一顿吃啥合适[捂脸],0
2025/3/6 13:54,胆子大点 都买,1
2025/3/6 13:54,买个馒头吧[钱],0
2025/3/6 13:55,建议先买包榨菜，再买俩馒头垫垫肚子[尬笑],0
2025/3/6 13:55,先上校门口买两根烤肠吧，第二根半价。,0
2025/3/6 13:55,先买个泡面吧[我想静静],0
2025/3/6 13:55,先给我买两包辣条[吃瓜群众],0
2025/3/6 13:55,小米电车难，可以先买小米电池[宕机],1
2025/3/6 13:56,先睡一觉，梦里啥都有,0
2025/3/6 13:56,攒着先还花呗在还借呗[灵机一动][灵机一动],0
2025/3/6 13:56,先买饼,0
2025/3/6 13:57,这有啥好纠结的，都不买[捂脸],0
2025/3/6 13:57,先活着[发呆],0
2025/3/6 13:57,先去买个雪糕冷静冷静,0
2025/3/6 13:57,先买一斤小米,0
2025/3/6 13:57,我是周公，建议转给我买个美梦[猪头][猪头][猪头],1
2025/3/6 13:58,借八毛一先买个彩票,0
2025/3/6 13:58,先吃饱,0
2025/3/6 13:58,先买根烤肠再考虑别的吧[捂脸],0
2025/3/6 13:58,买个枕头,0
2025/3/6 13:58,先吃顿饭吧朋友[流泪],0
2025/3/6 13:58,先买辣条[疑问],0
2025/3/6 13:59,先吃饭，吃饱饭躺那里都可以[呲牙],0
2025/3/6 13:59,要不先吃个饭,0
2025/3/6 13:59,先买下一顿的饭吧,0
2025/3/6 13:59,先做梦[泣不成声],1
2025/3/6 13:59,先睡觉  梦里啥也有,0
2025/3/6 13:59,我觉得买泡面更实在[捂脸],0
2025/3/6 13:59,先睡觉[捂脸][捂脸],0
2025/3/6 14:00,先给自己花着先，其他的晚上睡觉的时候把枕头枕高点[捂脸],0
2025/3/6 14:00,买个肉夹馍都不敢要纯瘦的，咱操那个心干嘛！[咒骂],1
2025/3/6 14:00,搞支乌苏先买个醉吧,1
2025/3/6 14:01,先买彩票，中了两样都有,0
2025/3/6 14:01,还是先吃饭吧,0
2025/3/6 14:01,@沐孜藜?? 这个,0
2025/3/6 14:01,这不是你该纠结的问题，下一顿有着落了吗,1
2025/3/6 14:02,先保命,0
2025/3/6 14:02,哈哈[捂脸],0
2025/3/6 14:02,先活着吧 哈哈哈[鼓掌],0
2025/3/6 14:02,先买饭吧,0
2025/3/6 14:02,要我说还是去店里买根散烟抽抽吧。,0
2025/3/6 14:02,[捂脸]先吃饭,0
2025/3/6 14:02,先买个快餐吧,0
2025/3/6 14:02,房,0
2025/3/6 14:03,先买杯蜜雪冰城甜一下吧,0
2025/3/6 14:03,买俩鸡蛋饼，你一个我一个,0
2025/3/6 14:03,转我五块，我告诉你[看],1
2025/3/6 14:03,还是先买张彩票吧[捂脸],0
2025/3/6 14:03,先买个蜜雪冰城喝喝，喝完了好好睡一觉,0
2025/3/6 14:03,先买俩馒头，晚上别饿着[猪头],1
2025/3/6 14:03,买彩票,0
2025/3/6 14:04,两个凑到一起买4注双色球试试[抠鼻],0
2025/3/6 14:04,你应该纠结吃馒头还是喝稀饭[捂脸],0
2025/3/6 14:04,先等这个月工资发了吧,0
2025/3/6 14:04,先买个早饭,0
2025/3/6 14:04,先买房子，别问我为啥[流泪],0
2025/3/6 14:05,裤衩子保住别给当了[暗中观察],1
2025/3/6 14:05,有仇啊[尬笑],1
2025/3/6 14:05,先睡[捂脸],0
2025/3/6 14:05,先买包子,0
2025/3/6 14:05,先吃饭[看],0
2025/3/6 14:05,先买包辣条吧，吃完了做个好梦[白眼],1
2025/3/6 14:05,找个合伙人去买彩票,0
2025/3/6 14:06,还是先买两个馒头吧,0
2025/3/6 14:06,先顾好下一顿,0
2025/3/6 14:07,@@。 [捂脸][捂脸],0
2025/3/6 14:07,收拾收拾买瓶矿泉水给自己浇醒[猪头],1
2025/3/6 14:07,先吃棒棒糖吧[玫瑰][玫瑰],0
2025/3/6 14:07,[捂脸][捂脸][捂脸],0
2025/3/6 14:07,买个正新鸡排还要借贷[看],1
2025/3/6 14:08,买房车，有房又有车,0
2025/3/6 14:08,先买个快餐吃先，你饿了,0
2025/3/6 14:08,买五包魔芋爽爽一下得了,0
2025/3/6 14:08,先买两包魔芋爽吧[宕机],0
2025/3/6 14:08,先去美团抢张券先吧[比心],0
2025/3/6 14:08,先买彩票,0
2025/3/6 14:08,@,0
2025/3/6 14:09,你先想办法提现吧……,0
2025/3/6 14:09,[舔屏][舔屏][舔屏]要是我，我选择先买两包泡面，再买香肠[舔屏][舔屏][舔屏]吃饱了我就睡，梦里啥都有，搞啥分期付款[舔屏]咱又不是没那实力,0
2025/3/6 14:09,先买彩票[尬笑][尬笑][尬笑],0
2025/3/6 14:10,@Kitty 哈哈哈,0
2025/3/6 14:10,先买包泡面吧,0
2025/3/6 14:10,厉害,0
2025/3/6 14:10,就算是纸扎的也只能看最小号。,1
2025/3/6 14:11,买个彩票,0
2025/3/6 14:11,这点余额先买根淀粉肠吃吃吧,0
2025/3/6 14:11,不用纠结，先买棒棒糖[比心],0
2025/3/6 14:11,先买个面包[看],0
2025/3/6 14:11,先买个包子吧[泪奔],0
2025/3/6 14:11,[捂脸]买饭吃吧,0
2025/3/6 14:11,先买早餐[看],0
2025/3/6 14:12,先买馒头[看],0
2025/3/6 14:12,先买瓶水[捂脸],0
2025/3/6 14:13,先吃饱饭[九转大肠],0
2025/3/6 14:13,先吃饭吧兄弟[呲牙],0
2025/3/6 14:13,给我小时候想考清华还是北大一样的感觉,0
2025/3/6 14:14,买包麻辣吧,0
2025/3/6 14:14,先睡觉,0
2025/3/6 14:14,你应该先去买彩票，可以买四注，一注自己选，一注机选，一组朋友选，一组AI选,0
2025/3/6 14:15,应该买个泡面+支火腿别把肚子饿了[看],0
2025/3/6 14:15,@崽崽哒哒,0
2025/3/6 14:15,要不买块豆腐[疑问],1
2025/3/6 14:16,这钱，买酒都喝不醉,0
2025/3/6 14:16,兄弟听我的，除了北京二环内，咱别的地方都不买，别的都会降价,0
2025/3/6 14:17,先拼好饭,0
2025/3/6 14:17,先吃饭吧听姐的[看],0
2025/3/6 14:17,一半买车一半买房,0
2025/3/6 14:17,留着吧、饿的时候买两个馒头,0
2025/3/6 14:18,先买张彩票,0
2025/3/6 14:18,先买点菜吃饱[流泪],0
2025/3/6 14:18,@笑忘@ @怎么又下雨。 @半途旅人 @?? @要加油哦 @AA商务车小车专业改装 @迷途.,0
2025/3/6 14:18,先吃猪脚饭[看],0
2025/3/6 14:19,先把手机信号弄好吧[捂脸],0
2025/3/6 14:19,买个棒棒糖吧,0
2025/3/6 14:19,先找个男朋友，剩下的交给他,0
2025/3/6 14:19,先买两节南孚电池吧，毕竟玩具车费电！,0
2025/3/6 14:19,买保险吧，还能给家里留一笔,0
2025/3/6 14:19,听我的，先去买褪黑素，今晚得早点睡,0
2025/3/6 14:20,先活着[泪奔],0
2025/3/6 14:20,"中间的小方块，那是芯片，智能控制”
“小爱同学？”       “在！”
“吸血！！！”",1
2025/3/6 14:20,你看一下楼下的泡面能不能买[微笑],0
2025/3/6 14:21,先吃饭吧[泪奔],0
2025/3/6 14:21,先吃辣条,0
2025/3/6 14:21,7.97买房，1.19买车[呲牙],0
2025/3/6 14:21,回家吧孩子,0
2025/3/6 14:22,买包魔芋爽爽一下得了[流泪],0
2025/3/6 14:23,这么纠结要不先睡觉吧，做梦的时候两个可以一起实现[偷笑][偷笑],0
2025/3/6 14:23,先买碗饭[呲牙],0
2025/3/6 14:23,先买个手抓饼填饱肚子,0
2025/3/6 14:24,出门右转花12挂个号[看],1
2025/3/6 14:24,买包辣条吧,0
2025/3/6 14:24,先买拼好饭,0
2025/3/6 14:25,先买饭，怕饿死了[捂脸],0
2025/3/6 14:25,先买个肉夹馍吧,0
2025/3/6 14:25,先买杯蜜雪冰城吧 还有剩,0
2025/3/6 14:25,放零钱通里  长点利息,0
2025/3/6 14:25,先买饭,0
2025/3/6 14:25,先活着[九转大肠],0
2025/3/6 14:25,@美美,0
2025/3/6 14:26,你这个余额 建议先买车在买房 毕竟咱不差钱,0
2025/3/6 14:26,先买个馒头填肚子,0
2025/3/6 14:26,买个公交一次卡[流泪],0
2025/3/6 14:26,还是先来个鸡蛋饼吧,0
2025/3/6 14:26,我感觉你先活着最重要,0
2025/3/6 14:26,先活着吧[流泪][流泪][流泪],0
2025/3/6 14:27,零钱买房，零钱通买车,0
2025/3/6 14:27,买盐可以吃好久,0
2025/3/6 14:27,先买馒头吧,0
2025/3/6 14:27,这么多钱放微信不安全 存银行吧,0
2025/3/6 14:27,买奶茶你都得掂量掂量,1
2025/3/6 14:27,买馒头,0
2025/3/6 14:27,先活下去[捂脸][捂脸],0
2025/3/6 14:28,先买半瓶二锅头吧,0
2025/3/6 14:28,先买馒头??,0
2025/3/6 14:28,零钱买房，零钱通买车，完美！,0
2025/3/6 14:28,先买彩票,0
2025/3/6 14:28,房子会越来越便宜  人口锐减,0
2025/3/6 14:29,@网先,0
2025/3/6 14:29,@是慧不是惠,0
2025/3/6 14:29,先买桶泡面吧,0
2025/3/6 14:29,@_Gypso,0
2025/3/6 14:29,@风吹哪页读哪页,0
2025/3/6 14:29,小事情，今天扣了服务费就这样了,0
2025/3/6 14:29,先买饭[思考],0
2025/3/6 14:29,先吃饭[玫瑰],0
2025/3/6 14:29,@@.o小榛子??,0
2025/3/6 14:30,先买包辣条尝尝咸淡呢[呲牙],0
2025/3/6 14:30,先充电吧,0
2025/3/6 14:31,买两根棒棒糖,0
2025/3/6 14:31,你买个灯,1
2025/3/6 14:31,先买饭，吃饱了再看,0
2025/3/6 14:31,先买晚饭吧，能让人活下去！,0
2025/3/6 14:31,先攒钱,0
2025/3/6 14:31,先买瓶冰镇可乐冷静一下,0
2025/3/6 14:32,先买枕头,0
2025/3/6 14:32,先把自己卖了[笑哭],1
2025/3/6 14:32,先填饱肚子,0
2025/3/6 14:32,先睡一觉 梦里啥都有[呲牙],0
2025/3/6 14:33,蜜雪冰城,0
2025/3/6 14:33,先买个馒头吃[捂脸],0
2025/3/6 14:33,这点钱买醉都不够[黑脸],1
2025/3/6 14:33,先买个手机充电器吧，快没电了,0
2025/3/6 14:33,建议先买个棒棒糖??[九转大肠],0
2025/3/6 14:35,先买烧纸,1
2025/3/6 14:35,@有点上火 @表妹巧巧《飞虎队》 买杯蜜雪吧,0
2025/3/6 14:35,先开通花呗借呗吧,0
2025/3/6 14:35,先买两包盐,0
2025/3/6 14:35,@野原新之助a,0
2025/3/6 14:36,先转给我，买个教训。,1
2025/3/6 14:36,先活着,0
2025/3/6 14:36,先买个枕头,0
2025/3/6 14:36,先吃饭,0
2025/3/6 14:37,买个眼罩戴着睡觉，白天睡觉梦里房子车子都有了,0
2025/3/6 14:37,@别闹 @熠梧予 @Lauv,0
2025/3/6 14:37,先买个棒棒糖吧，一人一个[呲牙]，别忘了我[比心],0
2025/3/6 14:37,先买个枕头,0
2025/3/6 14:37,先买两个包子,0
2025/3/6 14:37,听哥的买个馒头咱吃饱先[灵机一动],0
2025/3/6 14:38,买个6块的麻辣烫吃吃得了,0
2025/3/6 14:38,买个塑料袋套头上，就当去过西藏体验高反了,1
2025/3/6 14:38,该说不说，你说你的存款可以结婚，我还真信。领证九块,1
2025/3/6 14:39,[大笑],0
2025/3/6 14:39,先买包辣条吧,0
2025/3/6 14:39,下面买车上面买房[愉快][抱拳],0
2025/3/6 14:40,先买俩馒头,0
2025/3/6 14:40,@何哈哈哈 @海鲜粥 @没数字 @想做条咸鱼?? @QQ芋泥卷 @明明??,0
2025/3/6 14:40,先买个包子吃吧[尬笑],0
2025/3/6 14:40,再攒攒，买个好枕头。,0
2025/3/6 14:40,称点小米吧！,1
2025/3/6 14:41,买个冰淇淋吃吧,0
2025/3/6 14:41,买彩票吧,0
2025/3/6 14:41,保命重要,0
2025/3/6 14:42,先买根烤肠[比心],0
2025/3/6 14:42,买彩票吧,0
2025/3/6 14:42,先买馒头吃，活着最重要[呲牙][呲牙],0
2025/3/6 14:42,听我的先买保险。,0
2025/3/6 14:43,零钱买房，零钱通买车，完美,0
2025/3/6 14:43,先下楼买个饼吃吃得了,0
2025/3/6 14:45,买面条都费劲[捂脸],0
2025/3/6 14:45,先买个包子,0
2025/3/6 14:45,先买个软件，做个假余额[泪奔],0
2025/3/6 14:46,先买瓶饮料[看],0
2025/3/6 14:46,@???♀?oistwo??,0
2025/3/6 14:47,要不还是考虑买馒头还是买泡面吧[微笑],0
2025/3/6 14:47,先买房吧 蜜雪冰城挺不错，最近刚在港股上市[看],0
2025/3/6 14:47,先买充电宝[呲牙],0
2025/3/6 14:47,先给手机充电,0
2025/3/6 14:48,还是先买车吧，毕竟房价这么贵，毕竟车便宜点，尽管你现在都买不起,1
2025/3/6 14:48,啥也不买,0
2025/3/6 14:48,先活着,0
2025/3/6 14:48,先贷款,0
2025/3/6 14:48,上面的买房，下面的买车，妥妥的[泪奔],0
2025/3/6 14:48,兄弟 我劝你还是先买香 看你这个实力三根香应该够了,1
2025/3/6 14:48,哈哈哈，笑yue了,0
2025/3/6 14:49,肯定是先买车,0
2025/3/6 14:49,先吃饱饭[捂脸],0
2025/3/6 14:49,先买饭[看],0
2025/3/6 14:49,先睡觉吧[泣不成声][泣不成声][泣不成声],0
2025/3/6 14:49,@逍遥人间 [泪奔],0
2025/3/6 14:49,买桶泡面，吃完了还能当帽子遮风挡雨[比心][比心][比心],0
2025/3/6 14:50,买颗糖甜甜你自己吧[泣不成声],0
2025/3/6 14:50,买包白沙抽抽,0
2025/3/6 14:50,先吃饭吧[暗中观察],0
2025/3/6 14:51,先吃饱再说,0
2025/3/6 14:51,先买个包子然后躺着刷抖鹰,0
2025/3/6 14:52,纠结啥？当然是都买啦[笑哭],0
2025/3/6 14:52,买个上吊绳荡秋千[捂脸],1
2025/3/6 14:53,先买彩票吧,0
2025/3/6 14:53,嘻嘻，先吃饭[泣不成声],0
2025/3/6 14:54,先买斤米,0
2025/3/6 14:54,还是先买个煎饼果子吧,0
2025/3/6 14:55,一部分买房，一部分买苏7，剩下的存起来吃利息，然后开着你的苏7来贵阳看nuazhua,1
2025/3/6 14:55,先买饭吧,0
2025/3/6 14:55,转给我咯，看我先买啥你跟着买噻，不就对咯。,0
2025/3/6 14:55,先买包辣条,0
2025/3/6 14:56,买瓶二锅头啥都有了[看],0
2025/3/6 14:56,先活下来[看],0
2025/3/6 14:56,先吃饱饭[捂脸],0
2025/3/6 14:56,感觉这个都买不到[捂脸],0
2025/3/6 14:56,什么都别买,1
2025/3/6 14:57,借7毛4分钱，买杯正常冰的瑞幸，冷静冷静[比心],0
2025/3/6 14:57,先买泡面,0
2025/3/6 14:57,先看病,0
2025/3/6 14:58,乖，这不是咱该考虑的事,0
2025/3/6 14:58,小朋友才做选择，你都要,0
2025/3/6 14:58,先打工,0
2025/3/6 14:59,这都不是你该想的问题，先定一个小目标：想一下晚餐怎么解决,0
2025/3/6 15:00,买个馒头犒劳一下自己。别累到了,0
2025/3/6 15:00,买证件包,1
2025/3/6 15:01,买碗小米粥,0
2025/3/6 15:01,先买瓶冰红茶再买桶红烧牛肉面还能加个蛋[不失礼貌的微笑],0
2025/3/6 15:01,多买几颗糖吃吧！生活太苦了[看],0
2025/3/6 15:01,先买宵夜赶紧睡觉兄弟 我也睡,0
2025/3/6 15:01,先买饭,0
2025/3/6 15:02,先买两根淀粉肠,0
2025/3/6 15:03,转给我 买个教训先,1
2025/3/6 15:03,先买我,1
2025/3/6 15:04,先充电[灵机一动],0
2025/3/6 15:04,买杯蜜雪冰城,0
2025/3/6 15:04,先买饭吧[害羞][玫瑰],0
2025/3/6 15:04,先买药,0
2025/3/6 15:04,买个彩票吧,0
2025/3/6 15:05,先存到银行吃利息,0
2025/3/6 15:05,先存钱[捂脸],0
2025/3/6 15:05,命重要??,1
2025/3/6 15:05,先买米吧,0
2025/3/6 15:05,先买个枕头吧[看]方便睡的香,0
2025/3/6 15:06,先吃饱饭[捂脸],0
2025/3/6 15:07,去超市买块糖吧,0
2025/3/6 15:07,先活着宝宝,0
2025/3/6 15:07,先吃饱，在想[呲牙][比心],0
2025/3/6 15:07,先考虑一下，晚上吃啥,0
2025/3/6 15:08,先放下拼好饭,0
2025/3/6 15:08,都快喝西北风了，还考虑买车还是买房[捂脸],0
2025/3/6 15:09,福利彩票,0
2025/3/6 15:09,先买瓶二锅头如何，一晚上不光车和房有了，白富美都有了[呲牙],1
2025/3/6 15:09,还是先睡吧[捂脸],0
2025/3/6 15:09,买张彩票,0
2025/3/6 15:09,买6号电池 可以开遥控赛车[看],0
2025/3/6 15:09,@轻舟已过万重山z,0
2025/3/6 15:09,[捂脸][捂脸],0
2025/3/6 15:10,先买饭[泣不成声],0
2025/3/6 15:10,先睡觉吧[看],0
2025/3/6 15:10,泡个方便面吧  还能加个肠,0
2025/3/6 15:11,先求生吧,0
2025/3/6 15:11,兄弟先睡醒,0
2025/3/6 15:11,先买彩票,0
2025/3/6 15:11,先买个老冰棍吧[不失礼貌的微笑],0
2025/3/6 15:12,先吃饭吧,0
2025/3/6 15:12,先买茶叶蛋[泪奔],0
2025/3/6 15:12,还是卖血先吧,1
2025/3/6 15:13,[泣不成声],0
2025/3/6 15:13,先买饭[偷笑],0
2025/3/6 15:13,先做梦，盘后都有了,0
2025/3/6 15:13,先吃饭吧,0
2025/3/6 15:13,买点西北风喝喝[看],1
2025/3/6 15:14,先睡一觉吧[泪奔],0
2025/3/6 15:14,@星誰 @城北旧忆 @LANGX @小鸠 @天秋水长 @只野仁人,0
2025/3/6 15:14,先睡觉，梦里啥都有,0
2025/3/6 15:14,买个蜜雪冰城去去火吧,0
2025/3/6 15:15,一机买[鼓掌][鼓掌],0
2025/3/6 15:15,哈哈哈,0
2025/3/6 15:15,先买药,0
2025/3/6 15:16,先买个酱香饼吧[微笑],0
2025/3/6 15:17,先买泡面,0
2025/3/6 15:17,这个价位可以去蜜雪冰城买个嗯珍珠奶茶[鞠躬],0
2025/3/6 15:18,先活下来[捂脸],0
2025/3/6 15:18,先买根棒棒糖[灵机一动],0
2025/3/6 15:18,还是买馒头吧,0
2025/3/6 15:18,先脱贫[听歌],0
2025/3/6 15:18,先把单买了，牛肉面一碗18块，谢谢,0
2025/3/6 15:19,车房一起买，不是两笔钱么[囧],0
2025/3/6 15:19,不用先后 一起拿下 朋友指定羡慕你,0
2025/3/6 15:19,买个创可贴,0
2025/3/6 15:19,都等等再说,0
2025/3/6 15:19,先打工吧[捂脸],0
2025/3/6 15:20,@哔哔叭叭哔哔叭叭,0
2025/3/6 15:20,先买双手套去搬砖吧[呲牙],1
2025/3/6 15:20,先睡觉[捂脸],0
2025/3/6 15:20,你现在的任务是点一份拼好饭,0
2025/3/6 15:21,你还是先挣钱吧[捂脸],1
2025/3/6 15:21,先吃饭吧[发呆],0
2025/3/6 15:21,先不考虑这么多，先下楼买桶泡面加根肠”,0
2025/3/6 15:21,先来拼多多帮我砍一刀,0
2025/3/6 15:21,我给你的最佳回复都点赞了，捆绑了，你看到了嘛,0
2025/3/6 15:21,先度命，吃饱就好[捂脸],0
2025/3/6 15:21,都买,0
2025/3/6 15:21,先买顿饭吃吧[九转大肠],0
2025/3/6 15:22,买个塑料袋,0
2025/3/6 15:23,先买木头吧，最后组装个小盒盒??,1
2025/3/6 15:23,先吃饱吧,0
2025/3/6 15:23,买俩馍吃吃吧,0
2025/3/6 15:23,买彩票,0
2025/3/6 15:24,哥们，先买哈喽单车吧不然都不能到没有人的地方gg[黑脸],1
2025/3/6 15:24,@(?ò?ó),0
2025/3/6 15:24,先买馒头吧[捂脸],0
2025/3/6 15:24,先睡觉,0
2025/3/6 15:24,先吃饭吧,0
2025/3/6 15:24,先想想,0
2025/3/6 15:25,先买两个馒头，吃饱了再想,0
2025/3/6 15:25,只有买彩票  才有希望满足你这两个愿望[捂脸],0
2025/3/6 15:25,先买桶水把自己浇醒[捂脸],0
2025/3/6 15:26,先买几袋泡面，免得在梦里饿死[呲牙],0
2025/3/6 15:26,先买彩票[憨笑]然后回家,0
2025/3/6 15:26,还是先买个馒头吧,0
2025/3/6 15:26,可能发烧了 买点退烧药,0
2025/3/6 15:27,先买桶泡面[看],0
2025/3/6 15:27,先吃饭[尬笑],0
2025/3/6 15:27,买QQ糖去吧[憨笑][赞],0
2025/3/6 15:27,买瓶葡萄糖醒醒酒[敲木鱼],0
2025/3/6 15:27,买个淀粉肠吃吧,0
2025/3/6 15:28,先全款拿包花生米，兄弟喝酒时你就上去。,0
2025/3/6 15:28,@余某某 @快叫如来佛祖 @美家天花装饰 @隔壁老周 @细则 @A悦鑫天花装饰 @众星天花装饰,0
2025/3/6 15:28,你好好上班，听我的！这不是你该考虑的问题[抠鼻],1
2025/3/6 15:28,先买个洋芋粑粑,0
2025/3/6 15:29,@漂亮的像头牛,1
2025/3/6 15:29,先买馒头[看],0
2025/3/6 15:29,先做梦，梦里啥都有[泪奔],0
2025/3/6 15:29,先买张彩票吧,0
2025/3/6 15:30,先买个馒头吃吧[看],0
2025/3/6 15:31,发我我到处说你有房有车有存款[看],1
2025/3/6 15:31,先买个馒头吧，一顿啃三口，还能抗一天,0
2025/3/6 15:32,先买个双色球吧 至少有点机会,0
2025/3/6 15:32,再攒攒,0
2025/3/6 15:32,@不晚..,0
2025/3/6 15:32,@没头脑和不高兴????,0
2025/3/6 15:33,先买个梦,0
2025/3/6 15:33,零钱买车，零钱通里的买房,0
2025/3/6 15:33,先买彩票,0
2025/3/6 15:33,先买俩馍馍吧晚饭吃了先,0
2025/3/6 15:34,先去楼下买包辣条,0
2025/3/6 15:34,买个这枕头吧,0
2025/3/6 15:35,别听他们的 可以买彩票[舔屏],0
2025/3/6 15:36,先买车吧[看],0
2025/3/6 15:37,贷款全要,1
2025/3/6 15:37,[捂脸][捂脸],0
2025/3/6 15:37,先买彩票,0
2025/3/6 15:39,@小魚飯館.,0
2025/3/6 15:39,先买饭吧[捂脸],0
2025/3/6 15:39,先吃饭吧,0
2025/3/6 15:39,先吃饱,0
2025/3/6 15:40,先买包辣条,0
2025/3/6 15:40,先吃饭,0
2025/3/6 15:40,先想想下顿吃什么吧,0
2025/3/6 15:40,先买个卷筒纸擦哈鼻涕呗,0
2025/3/6 15:40,你去楼下买包辣条吃吧,0
2025/3/6 15:41,要是我就先买两个雪菜包子吃！[泪奔][泪奔],0
2025/3/6 15:41,买根烤肠，再买个蜜雪，当下开心开心就好了[猪头],0
2025/3/6 15:43,先吃饭,0
2025/3/6 15:43,先卖,0
2025/3/6 15:43,先吃饭[流泪],0
2025/3/6 15:44,@乔巴的棉花糖?? 你先买哪个[看],0
2025/3/6 15:45,先睡个好觉[流泪],0
2025/3/6 15:45,买根烤肠吃吃吧,0
2025/3/6 15:46,买两包魔芋爽吧,0
2025/3/6 15:46,零钱通买车，零钱买房[吐舌],0
2025/3/6 15:47,买个盒子[酷拽],0
2025/3/6 15:48,哈啰 值得拥有 绰绰有余,0
2025/3/6 15:48,先买馒头,0
2025/3/6 15:49,先买个馒头包子填饱肚子,0
2025/3/6 15:49,楼下买包魔芋爽都不够[泪奔],0
2025/3/6 15:49,买张彩票吧[尬笑],0
2025/3/6 15:49,一起买,0
2025/3/6 15:49,可以先买下一顿晚饭 ，,0
2025/3/6 15:49,先买几个馒头,0
2025/3/6 15:50,你还是先买根雪糕冷静冷静吧[困],0
2025/3/6 15:51,@??乐吟-伊欧?,0
2025/3/6 15:52,买个骨灰盒,1
2025/3/6 15:52,所以到底先买车还是房哈哈哈哈,0
2025/3/6 15:53,买双色球吧，搏一搏单车变兰博[不失礼貌的微笑],0
2025/3/6 15:53,房子。,0
2025/3/6 15:53,@大袜子别追我,0
2025/3/6 15:53,先醒醒,1
2025/3/6 15:54,先买根肠吃着慢慢想[看],0
2025/3/6 15:54,先养活自己[微笑],0
2025/3/6 15:54,先买盐,0
2025/3/6 15:55,一起买,0
2025/3/6 15:55,@@@,0
2025/3/6 15:55,@知了,0
2025/3/6 15:56,先买柱香去拜拜[大金牙][大金牙][大金牙],0
2025/3/6 15:56,共享单车,0
2025/3/6 15:59,买两瓶假酒吧[笑哭][笑哭]应该够了,0
2025/3/6 15:59,先买根淀粉肠吃吃再思考??,0
2025/3/6 16:00,还是先填饱肚子[呲牙],0
2025/3/6 16:00,买枕头，房子 车子 票子通通有[比心],0
2025/3/6 16:01,我也害怕我兄弟开上,0
2025/3/6 16:01,去超市门口花一块坐一辆摇摇车体验一下,0
2025/3/6 16:02,先买饭,0
2025/3/6 16:02,先买颗糖，甜一下[偷笑],0
2025/3/6 16:02,先买杯奶茶吧,0
2025/3/6 16:03,买拼好饭[看][赞],0
2025/3/6 16:03,先买药,0
2025/3/6 16:03,根据调查显示，强烈建议先买彩票[灵机一动][灵机一动],0
2025/3/6 16:04,先打个小时工买枕头,0
2025/3/6 16:04,先买包辣条压压惊,0
2025/3/6 16:05,欠我两块钱先还了吧,1
2025/3/6 16:05,你这实力都买了都可以啊,1
2025/3/6 16:05,建议先买个男朋友、车房就有了[捂脸],1
2025/3/6 16:05,买碗酸辣粉爽一下得了[憨笑][赞],0
2025/3/6 16:06,问小爱同学,0
2025/3/6 16:06,一起买吧[害羞],0
2025/3/6 16:06,还是先买今晚的晚餐吧[看],0
2025/3/6 16:07,先活着吧[黑脸],1
2025/3/6 16:07,去超市门口坐个摇摇车摇明白了再决定买车还是买房子[送心][送心],0
2025/3/6 16:07,先贷款[捂脸][捂脸][捂脸],0
2025/3/6 16:07,征信是你人生的第一笔启动资金,0
2025/3/6 16:07,先买个泡面吧,0
2025/3/6 16:08,先买辣条吧[看],0
2025/3/6 16:08,先睡觉,0
2025/3/6 16:09,买包魔芋爽爽一下,0
2025/3/6 16:11,先睡觉[捂脸],0
2025/3/6 16:11,先口嗨[调皮],1
2025/3/6 16:12,和我一样  先活着吧[抠鼻][抠鼻][抠鼻],0
2025/3/6 16:12,@开心晏晏 @会拉屎的熊,0
2025/3/6 16:12,先睡着,0
2025/3/6 16:12,同时买[呲牙],0
2025/3/6 16:12,先买饭,0
2025/3/6 16:13,先买盒泡面吃了暖暖胃，吃完了在想,0
2025/3/6 16:14,要不买我吧，价钱也合适！,1
2025/3/6 16:14,哥们，还是先买点儿好吃的早餐吃饱再说吧！[捂脸],0
2025/3/6 16:14,活过这几天再说吧。,1
2025/3/6 16:14,先买个晚饭吃吃吧[捂脸],0
2025/3/6 16:15,先吃饭,0
2025/3/6 16:15,@不知取名 [泪奔],0
2025/3/6 16:16,买包辣条压压惊[灵机一动],0
2025/3/6 16:16,先买一双黑丝，然后擦边，然后就可以买车买房了[九转大肠][九转大肠],1
2025/3/6 16:16,买一包辣条一瓶可乐,0
2025/3/6 16:16,先买瓶酒吧，喝了再说,0
2025/3/6 16:17,先买饭,0
2025/3/6 16:17,[噢买尬][噢买尬],0
2025/3/6 16:17,先买梦吧 没压力[展开说说],1
2025/3/6 16:17,@60645374 @诶呦,0
2025/3/6 16:17,先做梦，啥都有[来看我],0
2025/3/6 16:18,先睡一觉吧,0
2025/3/6 16:18,一起买[捂脸][捂脸][捂脸][捂脸],0
2025/3/6 16:18,上面买房，下面买车啊,0
2025/3/6 16:18,可以考虑双色球，做大做强,0
2025/3/6 16:19,@Q   . 哈哈哈,0
2025/3/6 16:19,都买,0
2025/3/6 16:19,先买个饭,0
2025/3/6 16:19,英雄可以没有家 但必须有战马,0
2025/3/6 16:20,先买包烟抽抽,0
2025/3/6 16:20,零钱通买车，零钱买房,0
2025/3/6 16:20,零钱买房 零钱通买小米,0
2025/3/6 16:21,先保命吧,0
2025/3/6 16:21,先买桶泡面吧，把今天先撑过去[捂脸],0
2025/3/6 16:22,这些咱都不想了 今晚吃顿好的 买个肉夹馍[泪奔],0
2025/3/6 16:22,上面买房 下面买车,0
2025/3/6 16:22,成年人不做选择题，同时买。[捂脸],0
2025/3/6 16:22,你还是想想明天吃啥吧[偷笑],0
2025/3/6 16:22,买玩具车[灵机一动],0
2025/3/6 16:23,转给我，先买个教训比啥都强[灵机一动],1
2025/3/6 16:23,先买包辣条吧！,0
2025/3/6 16:24,零钱买车，零钱通买房吧,0
2025/3/6 16:24,先买榨菜,0
2025/3/6 16:25,先挣钱[泪奔],0
2025/3/6 16:25,@小猫咪打小怪兽,0
2025/3/6 16:25,先买馒头把肚子填饱[捂脸][捂脸],0
2025/3/6 16:26,先吃饭,0
2025/3/6 16:26,别犹豫了啦。纸糊都可以安排上啊[捂脸],1
2025/3/6 16:26,买彩票啥都有了,0
2025/3/6 16:27,先买饭吧,0
2025/3/6 16:27,先买个馒头活下去！,0
2025/3/6 16:28,转给我，先买个教训好不[泣不成声],1
2025/3/6 16:28,先赚钱,0
2025/3/6 16:29,先买个面包,0
2025/3/6 16:29,那我说实话你已经你没有实力了上面的买房 下面的买车不就好了[赞],1
2025/3/6 16:29,先买个包子吃[捂脸][捂脸],0
2025/3/6 16:29,先买个包子嘞[抱抱你],0
2025/3/6 16:30,先买个包子吃吧[不失礼貌的微笑],0
2025/3/6 16:30,买大米吧，大米还能买三四斤吃吃,0
2025/3/6 16:30,先买彩票吧[暗中观察][暗中观察][暗中观察][暗中观察][暗中观察],0
2025/3/6 16:30,如果真的是这样，先去买个馒头，买瓶酒，睡一觉吧,0
2025/3/6 16:30,还是先活下去吧,0
2025/3/6 16:30,先买我[看],1
2025/3/6 16:31,这边建议先吃饱[捂脸],0
2025/3/6 16:31,@果果,0
2025/3/6 16:31,买个巧克力吃吧[呲牙],0
2025/3/6 16:32,财不外露，你不要命啦。,1
2025/3/6 16:33,先活着吧,0
2025/3/6 16:33,买杯蜜雪冰城,0
2025/3/6 16:34,先把拼多多先用后付还了[宕机],1
2025/3/6 16:34,先买个煎饼果子吧[宕机],0
2025/3/6 16:34,先活下去,0
2025/3/6 16:35,@dzpdsnyx666 [黑脸],1
2025/3/6 16:35,这边建议买两根淀粉肠[尬笑],0
2025/3/6 16:35,上面那个买房，下面那个买车,0
2025/3/6 16:36,先转给我，买个上当,1
2025/3/6 16:36,先买个彩票吧[捂脸][捂脸],0
2025/3/6 16:37,先吃馒头[笑哭],0
2025/3/6 16:37,我也很纠结,0
2025/3/6 16:37,先吃下一顿饭,0
2025/3/6 16:37,笑死我了买几个馒头吃,0
2025/3/6 16:38,@北巷街的章鱼丸 纠结一下,0
2025/3/6 16:38,先买个盒子,0
2025/3/6 16:38,买张5块的彩票吧,0
2025/3/6 16:39,还是先买两个馒头啃吧[微笑],0
2025/3/6 16:39,都别买了[大笑]省钱,0
2025/3/6 16:39,我靠哈哈哈哈哈哈,1
2025/3/6 16:40,先买个彩票吧。两元可中一千万。梦里啥都有,0
2025/3/6 16:40,买一包口罩，一次多戴几个[感谢],0
2025/3/6 16:40,先买个塑料袋套头上体验下高原反应,1
2025/3/6 16:40,先买几包辣条,0
2025/3/6 16:40,一半买车，一半买房,0
2025/3/6 16:41,先打螺丝,0
2025/3/6 16:41,先睡觉，梦里什么都有,0
2025/3/6 16:42,投资我，而且风险低，要不要尝试一下，老弟[黑脸][OK],0
2025/3/6 16:42,先睡觉??,0
2025/3/6 16:42,@麦麦脆汁鸡?? @Relax. @Tsuki?? @马靖愉,0
2025/3/6 16:42,先买馒头吧[看],0
2025/3/6 16:42,先点一杯珍珠奶茶,0
2025/3/6 16:43,想买一个包子吃,0
2025/3/6 16:43,先买瓶冰红茶屌丝装冰爽一下,1
2025/3/6 16:43,@????1??节芝麻??   笑发财啦[裂开],0
2025/3/6 16:43,买两包榨菜送粥吧！,0
2025/3/6 16:43,先还分付,0
2025/3/6 16:43,买命,1
2025/3/6 16:44,先买根烤肠咂吧咂吧过过瘾吧[暗中观察],0
2025/3/6 16:44,你先活下去是现在最重要的是[比心],0
2025/3/6 16:45,先买写咸菜,1
2025/3/6 16:45,别纠结了、反正都买不起[捂脸],0
2025/3/6 16:45,零钱通的钱买车，零钱的钱用来买房。都成年了，必须都拥有,0
2025/3/6 16:46,还是先买彩票吧,0
2025/3/6 16:46,@Z,0
2025/3/6 16:46,买张彩票[思考],0
2025/3/6 16:47,[送心],0
2025/3/6 16:48,买个房车，房和车都走了。,0
2025/3/6 16:48,你在买车和买房之间，选择了买房车[捂脸],0
2025/3/6 16:48,买杯蜜雪冰城躺着想,0
2025/3/6 16:48,先保命[泪奔],0
2025/3/6 16:48,先脱贫吧[泪奔],0
2025/3/6 16:48,哈哈哈,0
2025/3/6 16:48,听话先买张彩票吧[看]，中了再想先买房还是先买车,0
2025/3/6 16:48,先贷款,0
2025/3/6 16:48,先看病[泪奔],0
2025/3/6 16:49,先买个钱包??吧,0
2025/3/6 16:49,买一份烤冷面加个肠 给我吃 你看着,0
2025/3/6 16:49,@Redamancy.,0
2025/3/6 16:50,先买个棒棒糖吃,0
2025/3/6 16:50,买个好点的枕头，睡的安稳些，梦里啥都有[看],0
2025/3/6 16:50,先吃饭[看],0
2025/3/6 16:50,先买一桶泡面吃饱了在打注意,0
2025/3/6 16:50,买张彩票吧,0
2025/3/6 16:51,买煎饼果子吧[捂脸][赞],0
2025/3/6 16:51,建议先买个糖哄哄自己,0
2025/3/6 16:52,@@??艺宝麻麻 @江也然也,0
2025/3/6 16:52,还是先买早饭吧！,0
2025/3/6 16:52,转我5.2  我给你买棒棒糖,0
2025/3/6 16:53,买馒头，活着就好，车房都会有的,0
2025/3/6 16:53,[尬笑],0
2025/3/6 16:53,物价下跌5000万倍了吗？,1
2025/3/6 16:54,先买个棒棒糖，然后吃着糖，再慢慢想！,0
2025/3/6 16:54,先买包辣条吧，提神,0
2025/3/6 16:54,听我的喝杯蜜雪，让自己心里甜蜜蜜的哄自己去上班,0
2025/3/6 16:54,教训都买不全[泪奔],0
2025/3/6 16:55,先买口饭吃吧[看],0
2025/3/6 16:56,买房,0
2025/3/6 16:57,先买个馒头管一个星期再说,0
2025/3/6 16:57,先活下来,0
2025/3/6 16:57,两者都可兼得,0
2025/3/6 16:57,先买车还是先买房，不如买根棒棒糖??,0
2025/3/6 16:57,买斤小米吧,0
2025/3/6 16:57,你这个条件都买吧,1
2025/3/6 16:57,你买Su七给我,0
2025/3/6 16:58,你还是先买根棒棒糖吧。,0
2025/3/6 16:58,先买米,0
2025/3/6 16:58,先买房，再结婚，再买车，最后剩下的再顺便生个娃，人生完美了！,0
2025/3/6 16:59,你还是先买包辣条吧,1
2025/3/6 16:59,先睡觉[暗中观察],0
2025/3/6 16:59,买辣条还可以买好几包,0
2025/3/6 17:00,先买彩票[捂脸],0
2025/3/6 17:00,你这钱只够转给我买点教训的,1
2025/3/6 17:00,一块二的余额不用纠结[看]想想晚上吃啥比较实在,0
2025/3/6 17:01,一起买吧！[捂脸]反正都是穷…,0
2025/3/6 17:01,都买,0
2025/3/6 17:02,先买把刀,1
2025/3/6 17:02,先睡吧,0
2025/3/6 17:02,要不～买3注彩票试试～万一咧[比心],0
2025/3/6 17:02,先睡觉,0
2025/3/6 17:04,先睡觉，梦里啥都有,0
2025/3/6 17:04,我觉得吧，还是先养活自己吧，房不房的不重要，是吧[暗中观察],0
2025/3/6 17:04,[快哭了][快哭了],0
2025/3/6 17:04,先照顾好自己,0
2025/3/6 17:05,先活着吧姐妹[抠鼻],0
2025/3/6 17:06,[憨笑],0
2025/3/6 17:07,先买个可乐 降温,0
2025/3/6 17:07,先买盐吧！！能吃久一点！！[尬笑][尬笑][尬笑],0
2025/3/6 17:08,先买一张彩票，[捂脸]一看然后啥都没有[捂脸],0
2025/3/6 17:08,买泡面吧,0
2025/3/6 17:09,还是先买个馍 垫一垫[捂脸],0
2025/3/6 17:09,先买几个馒头,0
2025/3/6 17:09,先躺下睡觉[呲牙],0
2025/3/6 17:09,我知道我知道，先买个馍馍填饱肚子再思考，6毛一个，两个管饱[酷拽],0
2025/3/6 17:09,先买个饼[绝望的凝视],0
2025/3/6 17:09,买包子先[看],0
2025/3/6 17:10,先想法买顿饭,0
2025/3/6 17:11,你比我还有实力[泣不成声],0
2025/3/6 17:11,先买瓶可口可乐 我爱喝,0
2025/3/6 17:12,@阿宝,0
2025/3/6 17:12,先考虑明天吃什么吧[干饭人],0
2025/3/6 17:13,先买彩票[看],0
2025/3/6 17:13,买拼好饭得了,0
2025/3/6 17:13,@又见流星雨 留着娶媳妇吧[黑脸],1
2025/3/6 17:15,先买张彩票吧,0
2025/3/6 17:16,先买张彩票看看,0
2025/3/6 17:17,买一颗小米辣椒吧[憨笑],0
2025/3/6 17:17,先买大乐透,0
2025/3/6 17:17,试试能不能先买饭吧[看][看][看][看],0
2025/3/6 17:19,还是买辣条吧[呆无辜][呆无辜],0
2025/3/6 17:19,@金魚z?z?z @YYY @眉眼带笑呀 @小t,0
2025/3/6 17:19,7.97买房；1.19买车。,0
2025/3/6 17:20,你买个冰淇淋吧,0
2025/3/6 17:21,先买个鸡蛋垫补垫补吧[奸笑],1
2025/3/6 17:21,先买泡面，记得买袋装,0
2025/3/6 17:21,先买馒头吧,0
2025/3/6 17:21,先买颗糖，压压惊,0
2025/3/6 17:22,买个棒棒糖吧！至少还能尝个甜头,0
2025/3/6 17:22,@??悠然见南彡?? [泣不成声],0
2025/3/6 17:22,先做梦，梦里啥都有[泪奔],0
2025/3/6 17:22,车,0
2025/3/6 17:23,买饭吧,0
2025/3/6 17:23,先买张彩票，还可以做福利。,0
2025/3/6 17:23,先吃饭吧,0
2025/3/6 17:23,要不考虑下先卖肾还是先卖血[捂脸],1
2025/3/6 17:24,先买泡面,0
2025/3/6 17:24,听哥的，先睡觉[尬笑],0
2025/3/6 17:24,楼下超市买两包魔芋爽，爽爽得了[捂脸][捂脸],0
2025/3/6 17:24,我建议先买个枕头，垫高点夜里什么都有,0
2025/3/6 17:24,房吧,0
2025/3/6 17:25,先攒攒,0
2025/3/6 17:26,买碗面吧，不然饿死了，买啥都没用[看],0
2025/3/6 17:26,先买包烟想想自己买啥,0
2025/3/6 17:26,先买两杯柠檬水喝喝[比心][比心]，加冰，冷静下来就能好好想买什么了[不失礼貌的微笑],0
2025/3/6 17:28,先买包纸[看],1
2025/3/6 17:28,你还是先来广西吃个老友粉吧[偷笑],0
2025/3/6 17:28,听话 先睡觉,0
2025/3/6 17:28,买车吧   毕竟o首付好出一些[看],0
2025/3/6 17:29,先买根棒棒糖吧，至少你还能体会到生活的甜！,0
2025/3/6 17:29,@Faith. 哈哈哈哈哈哈,0
2025/3/6 17:29,亲这边建议先买墓地，那个可以是永久使用权，卖房70年买车15年，墓地永久多划算,1
2025/3/6 17:29,先买个洋芋粑[看][看][看],0
2025/3/6 17:29,[捂脸]先买手机壳,0
2025/3/6 17:30,你现在最必要的是赶紧点一份拼好饭,0
2025/3/6 17:30,先买份晚餐吃，感觉买晚餐你还有点不够,1
2025/3/6 17:30,先买饭吧[流泪],0
2025/3/6 17:31,先吃饭,0
2025/3/6 17:31,写买个柠檬水冷静一下[抠鼻],0
2025/3/6 17:31,先结婚,0
2025/3/6 17:31,先去楼下小卖部买一个口袋，套在头上，感受一下西藏的高反！,1
2025/3/6 17:31,你什么都不要买了跟我处给你做A6,1
2025/3/6 17:33,买正新鸡排都费劲,0
2025/3/6 17:34,先活着[看],0
2025/3/6 17:34,先买个鸡蛋灌饼吧,0
2025/3/6 17:36,我就是你的车,0
2025/3/6 17:36,先保命,0
2025/3/6 17:37,先买饭吧,0
2025/3/6 17:38,@?? @嗝??,0
2025/3/6 17:38,还是先洗洗睡,0
2025/3/6 17:40,建议买两包魔芋爽爽爽得了[思考],0
2025/3/6 17:40,买个高一点枕头,0
2025/3/6 17:40,先工作再存钱,0
2025/3/6 17:40,买拼好饭吧,0
2025/3/6 17:40,余额差不多，月薪2600.买车又买房。,0
2025/3/6 17:40,挂号都费劲[九转大肠],0
2025/3/6 17:40,先买顿饭吧[捂脸][赞],0
2025/3/6 17:40,20×15×8的房子都买不起,0
2025/3/6 17:41,先买彩票 做梦起码真实[白眼],1
2025/3/6 17:41,先买一顿猪脚饭吧[泪奔],0
2025/3/6 17:41,四点多？要不先买拼好饭[舔屏],0
2025/3/6 17:42,先买魔芋爽爽一爽,0
2025/3/6 17:42,先买两块钱彩票，不中再买两块，可以买4张[宕机][宕机][宕机][宕机],0
2025/3/6 17:42,52万拿出来买小米啊，剩下的200多万买房不是刚刚好[呲牙],0
2025/3/6 17:42,还是先吃根烤肠吧,0
2025/3/6 17:42,凑一点买个爱奇艺会员,0
2025/3/6 17:43,先买杯蜜桃四季春安慰安慰自己，再来个冰淇淋冷却一下，剩下的可以买颗大大泡泡糖嚼吧嚼吧[比心],0
2025/3/6 17:44,我觉得还是考虑一下今天晚上吃什么靠谱一些,0
2025/3/6 17:44,建议你先买颗糖[捂脸][呲牙],0
2025/3/6 17:45,先睡着梦里啥都有[看],0
2025/3/6 17:45,听姐的，留着自己花！,0
2025/3/6 17:45,买几根棒棒糖吧,0
2025/3/6 17:45,先买饭[灵机一动],0
2025/3/6 17:46,先勇敢活下去[泣不成声],0
2025/3/6 17:46,买个包子吃吧,0
2025/3/6 17:46,先不要纠结，先贷款[看],0
2025/3/6 17:47,所以要买盒子,0
2025/3/6 17:47,罚你买根烤肠吃一吃 重新想一想这个问题,0
2025/3/6 17:48,零钱买房，零钱通买车,0
2025/3/6 17:48,先买两馒头吧！可以多活一天[泣不成声],0
2025/3/6 17:48,先买杯蜜雪 边喝边想,0
2025/3/6 17:48,先活着,0
2025/3/6 17:49,先吃饭[流泪],0
2025/3/6 17:49,先买包泡面度过明天，再想这个世纪难题[看],0
2025/3/6 17:49,哥，要不先卖俩肾攒攒？,1
2025/3/6 17:49,没负债就挺好[发呆][冷漠],0
2025/3/6 17:49,先买个馍啃啃吧[看],0
2025/3/6 17:50,先买饭吧,0
2025/3/6 17:50,@kot2猫,0
2025/3/6 17:50,先买??,0
2025/3/6 17:51,听哥的，先买两片安眠药，好好睡一觉，梦里有车有房还有妞。,1
2025/3/6 17:51,买魔芋爽爽一下[黑脸],0
2025/3/6 17:52,这个应该先买份早餐,0
2025/3/6 17:53,先充电[泪奔],0
2025/3/6 17:53,先买烤肠,0
2025/3/6 17:53,当全球物价贬低一百万倍[微笑],0
2025/3/6 17:54,先买瓶大罐冰红茶 剩下的慢慢想怎么花吧！,0
2025/3/6 17:54,先吃饭,0
2025/3/6 17:55,你买个肉夹馍都不能全款[听歌],1
2025/3/6 17:55,买包辣条压压惊,0
2025/3/6 17:56,先问朋友借2块买个煎饼吧,0
2025/3/6 17:56,先吃饱在想这些[捂脸],0
2025/3/6 17:57,先吃饱先活着[捂脸],0
2025/3/6 17:57,先买粒米！！！,0
2025/3/6 17:57,先买饭[赞],0
2025/3/6 17:57,先买个饼吧，看4点多了。不要考虑那么多；先活下来,0
2025/3/6 17:57,先买条结实的麻绳，18年后再定吧,1
2025/3/6 17:58,都买,0
2025/3/6 17:58,买奥查,0
2025/3/6 17:59,睡着了就什么都有了[我想静静],0
2025/3/6 17:59,别买，留着买吃的，穿的，,0
2025/3/6 17:59,[捂脸]@桑桑 @一阶俗人 @大德兰??,0
2025/3/6 18:00,买大米吧，吃饱才有力气想,0
2025/3/6 18:00,建议买个彩票 万一中了呢,0
2025/3/6 18:01,房,0
2025/3/6 18:01,要不然先买根烤肠？,0
2025/3/6 18:01,先买个包子把今天应付过去,0
2025/3/6 18:02,成年人不做选择，都拿下[舔屏],0
2025/3/6 18:02,@先做梦，梦里啥都有[捂脸],0
2025/3/6 18:02,先活着,0
2025/3/6 18:02,买个塑料袋套头上，体验一下高反[酷拽][酷拽][酷拽],1
2025/3/6 18:04,先吃饱,0
2025/3/6 18:04,先去买顿饭吃了再决定,0
2025/3/6 18:05,同时买，把握一次机会,0
2025/3/6 18:05,先买个包子，听哥的,0
2025/3/6 18:05,先买个馒头,0
2025/3/6 18:06,转给哥，买个教训,1
2025/3/6 18:07,买颗糖[调皮],0
2025/3/6 18:07,先买口饭吃吃吧[捂脸],0
2025/3/6 18:08,实在不行你先买个早饭[呲牙][呲牙][呲牙][呲牙],0
2025/3/6 18:08,先买饭,0
2025/3/6 18:08,@吃掉怪兽 哈哈哈哈哈哈哈哈哈,0
2025/3/6 18:08,零钱用来买房，零钱包用来买车,0
2025/3/6 18:09,先买个华为把手机型号增强起来[看]其他的慢慢来[比心],0
2025/3/6 18:09,先买饭[看],0
2025/3/6 18:10,都买,0
2025/3/6 18:10,@宝玉是谁,0
2025/3/6 18:11,下楼买个魔芋爽一下吧[比心],0
2025/3/6 18:11,先买辣条[舔屏],0
2025/3/6 18:11,先分期买杯豆浆吧[抱抱你],0
2025/3/6 18:12,建议喝杯蜜雪冰城再想，冷静的头脑更容易成功[玫瑰],0
2025/3/6 18:12,先买棒棒糖,0
2025/3/6 18:12,先买魔芋爽,0
2025/3/6 18:14,你在等十年su7你就买的起了,1
2025/3/6 18:14,事已至此 先吃饭吧,0
2025/3/6 18:16,@517 @大肥猪?? @浩浩,0
2025/3/6 18:16,先吃饭 吃饱再想,0
2025/3/6 18:16,听话，先吃饭[呲牙],0
2025/3/6 18:16,买点酒 早点休息,0
2025/3/6 18:17,先买药[看],0
2025/3/6 18:17,先吃个早餐吧[呲牙],0
2025/3/6 18:18,买我吧,1
2025/3/6 18:18,选先买个馒头慢慢想[泪奔],0
2025/3/6 18:18,先买个包子[耶],0
2025/3/6 18:18,先买彩票啊，还等什么,0
2025/3/6 18:19,先撸网贷吧[暗中观察],1
2025/3/6 18:19,啥都別想，先找周公,0
2025/3/6 18:19,先保命[泪奔],0
2025/3/6 18:20,必须都得买，，别人有的自己都得有，反正我不买[大笑],0
2025/3/6 18:21,买纸吧,1
2025/3/6 18:21,先买馒头,0
2025/3/6 18:22,@走走停停的婷婷,0
2025/3/6 18:22,先定个外卖吧压压惊吧[捂脸],0
2025/3/6 18:22,先吃饭吧[皱眉],0
2025/3/6 18:22,买车,0
2025/3/6 18:23,买彩票吧[抠鼻]能喝西北风,1
2025/3/6 18:23,@大王Wwwww @TO,0
2025/3/6 18:23,买可乐，喝完装灰[点赞],1
2025/3/6 18:24,先活着,0
2025/3/6 18:24,听话 先买两桶泡面 这车也不是非买不可 [看],0
2025/3/6 18:24,@吃饱喝足修炼,0
2025/3/6 18:24,兄弟，先解决温饱[捂脸][捂脸],0
2025/3/6 18:24,@wake up.,0
2025/3/6 18:24,先醒来,0
2025/3/6 18:24,先买泡面吧[比心],0
2025/3/6 18:25,我觉得你还是明天先买份早餐[看],0
2025/3/6 18:25,还是先买个馒头把肚子填报,0
2025/3/6 18:25,先买饭,0
2025/3/6 18:25,????姐的都别买[看],1
2025/3/6 18:25,有点小钱 先吃桶泡面还能加火腿肠吃饱饱的,0
2025/3/6 18:26,房,0
2025/3/6 18:26,草席吧,1
2025/3/6 18:26,先给我转9.16[看],1
2025/3/6 18:26,把拼好饭戒了,1
2025/3/6 18:27,反正都要买  那就一起买  不用纠结了,0
2025/3/6 18:27,哈哈两个都买,0
2025/3/6 18:27,先买米[泪奔],0
2025/3/6 18:27,买两包辣条啃啃得了,0
2025/3/6 18:28,先卖征信,1
2025/3/6 18:28,先睡觉[泪奔],0
2025/3/6 18:28,先买杯蜜雪压压惊[微笑],0
2025/3/6 18:28,先吃饭[呲牙][呲牙],0
2025/3/6 18:29,先买馒头，不然会饿的[看],0
2025/3/6 18:29,墨镜、跑车、美女！先买墨镜完成1/3,0
2025/3/6 18:29,@不想烦,0
2025/3/6 18:31,哼??买药都不够[打脸],1
2025/3/6 18:31,买包抽纸蹲坑[耶],0
2025/3/6 18:31,先吃饭[呲牙],0
2025/3/6 18:31,先买点饭吃吧[感谢],0
2025/3/6 18:31,@潜鱼,0
2025/3/6 18:32,买个辣条吃吃吧[捂脸],0
2025/3/6 18:32,先买拼好饭,0
2025/3/6 18:32,买块豆腐把自己打晕，梦里什么都有[微笑],0
2025/3/6 18:33,买馒头吧，可以管饱。,0
2025/3/6 18:33,@温冉 这种先买饭,0
2025/3/6 18:33,先买碗饭活下来再说吧,0
2025/3/6 18:33,@.張張,0
2025/3/6 18:33,先买饭,0
2025/3/6 18:33,先买杯咖啡,0
2025/3/6 18:33,先买块糖吧,0
2025/3/6 18:34,先挣钱[捂脸],0
2025/3/6 18:35,买根淀粉肠！,0
2025/3/6 18:35,先打主线吧[流泪]活着,0
2025/3/6 18:35,先还拼多多,0
2025/3/6 18:35,先吃饱[看],0
2025/3/6 18:35,买个肉夹馍,0
2025/3/6 18:35,先买饭,0
2025/3/6 18:37,还是先买包辣条吃吃,0
2025/3/6 18:37,先老实找钱[捂脸][捂脸],0
2025/3/6 18:37,先买根烤肠然后坐路边好好思考一下,0
2025/3/6 18:37,先买桶泡面填填肚子，晚上做梦有点力气,0
2025/3/6 18:38,先买饭吧,0
2025/3/6 18:38,[泪奔],0
2025/3/6 18:38,先买杯蜜雪冰城吧。,0
2025/3/6 18:39,你想找找晚餐吃什么吧,0
2025/3/6 18:39,先买蜜雪冰城压压惊[泪奔],0
2025/3/6 18:39,虽然你的资金不少，但是比起我的还差点，我这里有几套房和几辆车，我送你吧，随便挑，你和平精英账号多少，我带你去看房[色][色][色],1
2025/3/6 18:39,先吃饭,0
2025/3/6 18:39,回去买两卷纸，自己建套房再造个车[不失礼貌的微笑],1
2025/3/6 18:39,吃饱先,0
2025/3/6 18:40,先给我转两万块钱,1
2025/3/6 18:41,@czy @羊村大肥羊 @北屿 @悠悠然. @又又寻 @????? @葡萄-w @小海绵hh,0
2025/3/6 18:42,先买个老冰棍，回家嗦着吃[憨笑],0
2025/3/6 18:42,先考虑明天吃啥[捂脸],0
2025/3/6 18:42,买个鸡蛋灌饼吃吧,0
2025/3/6 18:43,买彩票,0
2025/3/6 18:43,先买烤肠,0
2025/3/6 18:43,先买个包子，吃饱了再做决定,0
2025/3/6 18:43,先全仓小米基金,0
2025/3/6 18:44,买个舒服的枕头,0
2025/3/6 18:44,先吃饭,0
2025/3/6 18:44,[大笑],0
2025/3/6 18:44,先吃饭吧,0
2025/3/6 18:44,可以先买瓶药,1
2025/3/6 18:45,想用活自己吧[捂脸],0
2025/3/6 18:45,先买副手套[捂脸],0
2025/3/6 18:45,买不了小米可以买米，买2块钱一斤散的，别选贵的[泪奔],0
2025/3/6 18:45,买个彩票[暗中观察],0
2025/3/6 18:46,直接找个有车有房都有了[抠鼻][抠鼻][抠鼻],0
2025/3/6 18:47,车出了4S店就跌，房子起码几个月才跌……反正你自己看[泪奔],0
2025/3/6 18:47,实际上一个都买不起哈[愉快],0
2025/3/6 18:47,先睡会儿,0
2025/3/6 18:47,其实可以先买饭[泣不成声][泣不成声][泣不成声],0
2025/3/6 18:48,先买彩票,0
2025/3/6 18:49,先把零钱转到零钱通[抠鼻],0
2025/3/6 18:50,先买杯蜜雪冰城,0
2025/3/6 18:50,先买烟吧[看],0
2025/3/6 18:51,你看,0
2025/3/6 18:51,买包辣条吧 我想吃辣条了[泪奔][泪奔][泪奔],0
2025/3/6 18:51,先买个馒头,0
2025/3/6 18:51,先给银行卡充满[看],0
2025/3/6 18:52,先买彩票吧 还有机会,0
2025/3/6 18:52,@小熊多多 @陈年风褛,0
2025/3/6 18:52,先睡一觉,0
2025/3/6 18:52,买车买房，人生圆满,0
2025/3/6 18:52,上面买房子，下面买车[思考],0
2025/3/6 18:53,买个包子吃吧,0
2025/3/6 18:53,先买三根香多也不行啊，去庙里面许个愿[看][看],0
2025/3/6 18:53,[赞][赞],0
2025/3/6 18:54,睡觉吧，好不好，快回去睡觉吧,0
2025/3/6 18:54,买杯蜜雪喝喝得了,0
2025/3/6 18:54,买包辣条吃一吃也挺好，真的,0
2025/3/6 18:54,大哥，先买饭吧[捂脸],0
2025/3/6 18:55,@z????? @，648425864558 @沫昵 @呵呵呵呵呵呵呵 @听闻 @@張張 @若泠,0
2025/3/6 18:56,先充电,0
2025/3/6 18:56,先买拼好饭@板栗,0
2025/3/6 18:56,听哥的先买个睡帽,0
2025/3/6 18:56,零钱买车，零钱通买房，去吧[不失礼貌的微笑],0
2025/3/6 18:56,先买彩票吧,0
2025/3/6 18:56,[捂脸],0
2025/3/6 18:57,先买包子,0
2025/3/6 18:57,老妹你听我说 先分期买个麻辣烫吧,1
2025/3/6 18:57,先还花呗,0
2025/3/6 18:57,先买饭[呲牙],0
2025/3/6 18:57,先买明天的早饭,0
2025/3/6 18:57,听我的 先挂号,0
2025/3/6 18:58,先买饭[尬笑],0
2025/3/6 18:58,先吃晚饭[看],0
2025/3/6 18:58,先买早餐吧，早餐是一天的开始[看],0
2025/3/6 18:58,先活着吧，其他再说[憨笑],0
2025/3/6 18:58,先买包子[比心][比心],0
2025/3/6 18:59,要不先买根辣条压压惊？,0
2025/3/6 18:59,买挂面或者一瓶老干妈吧，还能撑几天[机智],0
2025/3/6 18:59,@小付 [捂脸],0
2025/3/6 18:59,买早餐吧[捂脸],0
2025/3/6 19:00,天冷了，先买包辣条暖一下[泪奔],0
2025/3/6 19:00,[发呆]这种情况要不先买彩票试试,0
2025/3/6 19:00,买彩票,0
2025/3/6 19:01,先买顿饭吃吃早点睡吧,0
2025/3/6 19:01,先吃饭,0
2025/3/6 19:01,零钱里的买房，零钱通里的买车,0
2025/3/6 19:02,我认为先买一块  把这个月过了再说,0
2025/3/6 19:02,后面那个9买车，中间那个1买房，其余的全部考虑理财，记住：胆子要大，别给自己留后路！[赞][赞],0
2025/3/6 19:02,先吃饭吧，我饿了,0
2025/3/6 19:02,先活着[看],0
2025/3/6 19:02,先买注双色球,0
2025/3/6 19:03,先来顿拼好饭吧,0
2025/3/6 19:03,先吃饭,0
2025/3/6 19:03,先买碗饭！[偷笑],0
2025/3/6 19:04,先买饭,0
2025/3/6 19:04,先养活自己[黑脸],1
2025/3/6 19:04,先吃泡面[捂脸],0
2025/3/6 19:05,"不用纠结[看]
零钱：买房
零钱通：买车。[比心]",0
2025/3/6 19:06,先睡觉,0
2025/3/6 19:06,先买点米，再谋将来？,0
2025/3/6 19:06,需要你资助一元巨款,0
2025/3/6 19:06,先买公交票吧,0
2025/3/6 19:06,先充电,0
2025/3/6 19:06,先买个馒头吧[看],0
2025/3/6 19:07,@豆芽菜 @? @98881538141,0
2025/3/6 19:07,买杯蜜雪冰城,0
2025/3/6 19:07,一个多亿，我去那肯定是啥都买[呲牙],0
2025/3/6 19:07,留着解决后 股 之忧吧,1
2025/3/6 19:08,先买俩馒头充充饥吧[捂脸],0
2025/3/6 19:08,去楼下小卖部买包辣条,0
2025/3/6 19:08,先买个枕头,0
2025/3/6 19:09,听我的，我们都是江苏的，江苏人不骗江宿人，你去路边买朵花吧，就一朵就好了（两朵钱不够）,0
2025/3/6 19:09,@遗失的章鱼烧,0
2025/3/6 19:09,先买一包辣条清醒清醒[捂脸][捂脸],0
2025/3/6 19:10,不如你先借我去买个白吉馍,0
2025/3/6 19:10,先吃饭，才有力气想问题,0
2025/3/6 19:10,先买饼,0
2025/3/6 19:10,小样，还挺会理财,0
2025/3/6 19:11,后面那些0你是不是隐藏掉了？,1
2025/3/6 19:11,买煎饼都费劲,0
2025/3/6 19:11,咱们先买饭,0
2025/3/6 19:11,买车吧，零钱余额买718还有剩[看],0
2025/3/6 19:12,楼下买两包辣条吃,0
2025/3/6 19:12,先活着吧,0
2025/3/6 19:13,要不咱们先买俩包泡面，主要是分我一包[舔屏],0
2025/3/6 19:13,[尬笑],0
2025/3/6 19:14,先睡觉,0
2025/3/6 19:14,先买饭吧,0
2025/3/6 19:14,797W买个别墅，119W买个超跑[玫瑰],0
2025/3/6 19:16,买个饼,0
2025/3/6 19:16,先买菜吧,0
2025/3/6 19:16,先买彩票[绝望的凝视],0
2025/3/6 19:16,@客等清烟过^,0
2025/3/6 19:17,买个彩票吧，赌一把[泣不成声],1
2025/3/6 19:17,哈哈哈哈啊哈哈啊哈哈啊皇后,0
2025/3/6 19:17,@还好.,0
2025/3/6 19:18,先还花呗，信用卡吧[看][看][看],0
2025/3/6 19:18,先吃饭[不失礼貌的微笑],0
2025/3/6 19:18,先买饭吧,0
2025/3/6 19:19,先拼个好饭吧[看],0
2025/3/6 19:19,买个包子趁热吃吧,0
2025/3/6 19:19,要是有钱买房，最好不要贷款买，攒钱买全款，别问，问就是我就是贷款买房，房贷快压死我了，要不是我爸做点生意帮我还，我房子早就拿去拍卖了,0
2025/3/6 19:19,人好比盆中鲜花~,0
2025/3/6 19:20,听话，先卖肾[呲牙][呲牙],1
2025/3/6 19:20,姐妹 先挣钱吧,0
2025/3/6 19:20,先买根烤肠[噢买尬],0
2025/3/6 19:21,先活下去[微笑],0
2025/3/6 19:21,先吃饱,0
2025/3/6 19:21,买墓地，出租，一个里面放俩,1
2025/3/6 19:21,先睡觉,0
2025/3/6 19:22,先买个棒棒糖[泪奔],0
2025/3/6 19:22,买泡面,0
2025/3/6 19:23,先买大米,0
2025/3/6 19:23,先买吃滴，填饱肚肚,0
2025/3/6 19:23,零钱买房，零钱通买车,0
2025/3/6 19:24,咱说不行再观望一下呢 别着急消费,0
2025/3/6 19:24,买根白绫应该够了,1
2025/3/6 19:25,凑一下去买盒拼好饭,0
2025/3/6 19:26,买碗螺蛳粉嗦一下算啦,0
2025/3/6 19:26,@张小姐爱吃香菜,0
2025/3/6 19:26,下楼买包辣条得了[抠鼻],0
2025/3/6 19:26,先买杯蜜雪冰城吧,0
2025/3/6 19:26,买命吧！毕竟得活着,1
2025/3/6 19:26,先转五块给我帮你买张彩票,0
2025/3/6 19:27,兄弟，买盒子，真的。,0
2025/3/6 19:27,先活着吧[捂脸],0
2025/3/6 19:27,买一瓶六神花露水让你清醒一下,1
2025/3/6 19:27,买俩棒棒糖，不能住不能开但是好吃[思考],0
2025/3/6 19:27,听哥的 先吃饱饭 别饿死了[捂脸][泪奔],0
2025/3/6 19:28,先买馒头吧,0
2025/3/6 19:28,先买几个馒头[看],0
2025/3/6 19:28,先买饭,0
2025/3/6 19:28,买个酸辣粉吧,0
2025/3/6 19:29,买了否冷,0
2025/3/6 19:29,花1块钱上个公交车，上去就把司机打下去，你这样就有房车了。然后把零钱箱打开，里面还有好多1块。啊，你说被抓了怎么办。那不正好嘛，免费食宿，还有很多好哥们儿陪你聊天，多好[捂脸],1
2025/3/6 19:29,先买包烟，边抽边想,0
2025/3/6 19:29,买大米都有点困难[捂脸],0
2025/3/6 19:29,看零钱通的利息一块九，里面的钱应该够买车的,0
2025/3/6 19:30,先买明天早餐吧[看],0
2025/3/6 19:30,买个高一点的枕头,0
2025/3/6 19:30,先买个快餐填饱肚子吧[呲牙],0
2025/3/6 19:30,先买块面包,0
2025/3/6 19:30,零钱买房  零钱通买车 一切都是刚刚好,0
2025/3/6 19:31,先买个早餐吃吃吧,0
2025/3/6 19:31,陌生人，先买两个包子填填肚子吧,0
2025/3/6 19:31,@咸菜太咸,0
2025/3/6 19:32,买瓶啤酒睡一觉 啥都有了,0
2025/3/6 19:32,@一往情深,0
2025/3/6 19:32,[看]建议你先买个彩票,1
2025/3/6 19:32,你上面那700多个可以先买套房，下面那100多个买一辆小米苏7ultra，剩几十个存银行里面。,0
2025/3/6 19:33,@tblb,0
2025/3/6 19:33,买彩票吧,0
2025/3/6 19:33,买两个棒棒糖回家做梦想一想,0
2025/3/6 19:34,先买饭吧,0
2025/3/6 19:34,买点纸擦擦汗水，泪水，够了,1
2025/3/6 19:35,先买彩票[尬笑],0
2025/3/6 19:35,买个高点的枕头就什么都有了[看],1
2025/3/6 19:35,先买鸡，等下蛋，有蛋就有鸡，有鸡就有蛋，等几年啥都有有了[呲牙][呲牙][呲牙],0
2025/3/6 19:35,@思钱想厚了 @爷们要战斗,1
2025/3/6 19:35,把7.97放在零钱通吧，一天多少还有点收益,0
2025/3/6 19:36,买瓶农夫山泉润润嗓子洗洗睡啦，明天还要上早八。,0
2025/3/6 19:36,你还是啥都先别买，你这样会让我难受的[捂脸][捂脸][捂脸],1
2025/3/6 19:37,听我的，先吃饭吧,0
2025/3/6 19:37,下楼买桶泡面?根肠吧,0
2025/3/6 19:37,先买彩票吧,0
2025/3/6 19:37,你该考虑的是先卖血，还是先卖肾[看][看][看],1
2025/3/6 19:37,这太难选了[暗中观察]。。。要不先耍个朋友吧[泪奔],0
2025/3/6 19:37,一起买[捂脸],0
2025/3/6 19:38,先扫个共享单车[尬笑],0
2025/3/6 19:38,先吃饱在想。[捂脸],0
2025/3/6 19:39,买个盒饭都累,0
2025/3/6 19:39,零钱797w买房，零钱通119w买车,0
2025/3/6 19:40,先活着,0
2025/3/6 19:40,先买个纠结[呲牙],0
2025/3/6 19:40,@Mzero,0
2025/3/6 19:40,先醒醒,1
2025/3/6 19:40,你先买个充电宝，先把电充上,0
2025/3/6 19:41,先睡觉,0
2025/3/6 19:41,主线任务:活着[干饭人],0
2025/3/6 19:41,这边建议留着给拼多多的先用后付[色],1
2025/3/6 19:41,朋友，咱先买两个馒头吃饱之后在纠结昂乖乖,0
2025/3/6 19:42,先买个馍吧,0
2025/3/6 19:42,姑娘今天学了个次：杞人忧天，你说我姑娘几年级？,0
2025/3/6 19:42,去楼下买个两块钱的摇摇车过把瘾,0
2025/3/6 19:42,先吃饭吧,0
2025/3/6 19:42,@L??????魚,0
2025/3/6 19:42,手机先充点电,0
2025/3/6 19:42,先买纸巾擦眼泪[不失礼貌的微笑],0
2025/3/6 19:42,兄弟醒醒了别睡了，想好明天早餐先再睡,0
2025/3/6 19:43,买两包魔芋爽爽爽得了[蜜蜂狗],0
2025/3/6 19:45,这个财力！不做选择题,0
2025/3/6 19:45,先吃碗猪脚饭[看],0
2025/3/6 19:46,不用纠结，先买泡面，先活下来[小鼓掌],0
2025/3/6 19:46,哪个实在要，就买哪个,0
2025/3/6 19:46,先吃饱[呲牙],0
2025/3/6 19:46,7亿也纠结吗,0
2025/3/6 19:46,@没去看的海 这个就是我,0
2025/3/6 19:46,先活着,0
2025/3/6 19:47,@笨蛋 @雷军,1
2025/3/6 19:47,买个枕头吧[看],0
2025/3/6 19:47,用零钱买房，零钱通买车,0
2025/3/6 19:48,要雨露均沾[捂脸][捂脸][捂脸][捂脸],0
2025/3/6 19:48,先买泡面,0
2025/3/6 19:48,共享等你,0
2025/3/6 19:48,先买几个馒头吧！,0
2025/3/6 19:48,买房吧，5.299的su7没必要，你这个价格可以首付两套了，年轻人还是要先有一个安定的家才好,0
2025/3/6 19:48,买张彩票可以博一下[捂脸][捂脸],0
2025/3/6 19:48,兄弟先睡觉，枕头垫高点,0
2025/3/6 19:48,先喝汤 面更香,0
2025/3/6 19:48,先买拼好饭,0
2025/3/6 19:49,买两包魔芋爽爽爽得了,0
2025/3/6 19:49,@Obliviate,0
2025/3/6 19:49,来杯蜜雪冰城,0
2025/3/6 19:49,房子,0
2025/3/6 19:50,先买彩票,0
2025/3/6 19:50,主要是科技发展太快，新技术不断涌现，所以老技术贬值也更快，适应就好！,0
2025/3/6 19:51,真么多存款，一起买,0
2025/3/6 19:52,这么多的存款 那必须全拿下,1
2025/3/6 19:52,转给我，买个教训,1
2025/3/6 19:52,先睡觉 梦里啥都有,0
2025/3/6 19:53,零钱买房 零钱通买车,0
2025/3/6 19:53,是高数呢[送心],0
2025/3/6 19:53,首先你得你先睡觉[呲牙],0
2025/3/6 19:53,哈哈哈哈,0
2025/3/6 19:53,用零钱买房 用零钱通买车,0
2025/3/6 19:53,应该先买包辣条，边吃边慎重的考虑这个问题，??慎重[呲牙],0
2025/3/6 19:53,买彩票吧,0
2025/3/6 19:54,先买个烤肠,0
2025/3/6 19:54,去买个梦想,0
2025/3/6 19:55,买瓶青岛，喝完睡一觉吧[泪奔],0
2025/3/6 19:55,先赚钱,0
2025/3/6 19:55,买个枕头套子回家睡觉。,0
2025/3/6 19:55,先去买包纸[看],1
2025/3/6 19:56,不差钱[赞],0
2025/3/6 19:56,不要纠结了、下一顿吃什么你先考虑一下,0
2025/3/6 19:56,先买两个馍给自己垫巴垫巴肚子，看都给孩子饿昏了[泪奔][泪奔],0
2025/3/6 19:57,先买个包子吃着慢慢想剩下来的4块钱怎么??,0
2025/3/6 19:58,先买一碟花生米,0
2025/3/6 19:58,先买彩票,0
2025/3/6 19:58,买房,0
2025/3/6 19:58,先保命[饺子],0
2025/3/6 19:59,先转出来一会 iCloud 要扣了,0
2025/3/6 19:59,买车,0
2025/3/6 20:00,去楼下逛超市都费劲[尬笑],0
2025/3/6 20:00,先买包辣条,0
2025/3/6 20:00,买张纸和笔画两个吧,1
2025/3/6 20:00,要不你先想想明天早上吃啥[看],0
2025/3/6 20:01,@A??摄影师的小助理,0
2025/3/6 20:01,先买药[灵机一动][灵机一动],0
2025/3/6 20:02,先买几个馒头吧,0
2025/3/6 20:02,@多喝醋 [笑哭],0
2025/3/6 20:02,买张彩票吧，说不定什么都有了,0
2025/3/6 20:02,先还花呗[发怒],1
2025/3/6 20:02,买点纸！睡桥洞的时候把肚脐眼堵着！别冷串稀了[微笑],1
2025/3/6 20:02,零钱买房，零钱通提辆车！剩下的存起来，投资,0
2025/3/6 20:02,@许可真好,0
2025/3/6 20:03,买包魔芋爽爽一爽得了,0
2025/3/6 20:03,还是看看拼好饭有人拼吧,0
2025/3/6 20:03,[捂脸],0
2025/3/6 20:03,先买坟[捂脸][捂脸][捂脸],1
2025/3/6 20:03,买盒子,0
2025/3/6 20:03,先睡觉[泪奔],0
2025/3/6 20:03,补药啊，我还没妮呢,1
2025/3/6 20:04,先买两包泡面吧。别涨价了,0
2025/3/6 20:04,看到这个评论我真笑拉了,0
2025/3/6 20:04,没事你心里有白月光就行[看],0
2025/3/6 20:04,买包子,0
2025/3/6 20:05,先活着[看],0
2025/3/6 20:05,零钱买房零钱通买车[憨笑],0
2025/3/6 20:06,先睡一觉吧[憨笑],0
2025/3/6 20:06,不是 好有道理啊 这相当于刚出生就回去了[捂脸],0
2025/3/6 20:06,先结婚[抠鼻],0
2025/3/6 20:06,先开玩笑[呲牙],0
2025/3/6 20:06,先活着,0
2025/3/6 20:06,就是的[泪奔],0
2025/3/6 20:07,先吃饱买个馍,0
2025/3/6 20:07,建议一起买，毕竟又不是没有那个实力[看],0
2025/3/6 20:08,噗哈哈哈哈哈,0
2025/3/6 20:08,先买个馒头吃，保命,0
2025/3/6 20:08,花五块钱买个眼罩 这样入梦的速度快一点,0
2025/3/6 20:09,买几个馒头吧 管饱[偷笑],0
2025/3/6 20:09,听哥的，打开拼夕夕，先买个枕头，买个软点的，枕着舒服，容易做美梦,0
2025/3/6 20:09,买馒头 先活下去[泪奔],0
2025/3/6 20:09,买张彩票亲[看],0
2025/3/6 20:09,你还是担心下一饨吃啥好[捂脸],0
2025/3/6 20:09,先买彩票,0
2025/3/6 20:09,考虑一下明天怎么过吧[微笑],0
2025/3/6 20:10,[笑哭][笑哭][笑哭],0
2025/3/6 20:10,@fo人话,1
2025/3/6 20:10,797w，房子跟车一起买[看],0
2025/3/6 20:11,先买彩票吧,0
2025/3/6 20:12,买个煎饼[不失礼貌的微笑],0
2025/3/6 20:13,你先想想明早早餐吃啥，反正十块的牛肉汤你是喝不上了[笑哭],0
2025/3/6 20:13,先买根烤肠吃吧[调皮],0
2025/3/6 20:13,先买彩票,0
2025/3/6 20:13,先请俩保镖，我怕你被劫财[看],1
2025/3/6 20:14,先买包魔芋爽爽爽吧,0
2025/3/6 20:14,买2注福彩，再买2注体彩，可能什么都有了！,0
2025/3/6 20:14,一起买。[不失礼貌的微笑],0
2025/3/6 20:14,肯定是想买车呀。,0
2025/3/6 20:15,[鼓掌],0
2025/3/6 20:15,@净,0
2025/3/6 20:15,买个老冰棍吃吃降降温吧,0
2025/3/6 20:15,先睡觉，梦里啥都有[捂脸],0
2025/3/6 20:16,先买个馒头再买瓶矿泉水,0
2025/3/6 20:16,先买彩票,0
2025/3/6 20:16,先买个棒棒糖嗦两口吧[泪奔],0
2025/3/6 20:16,一起买,0
2025/3/6 20:16,先买饭,0
2025/3/6 20:16,先睡觉@Bbya [宕机],0
2025/3/6 20:16,先养活自己吧[捂脸][笑哭],0
2025/3/6 20:17,先活着,0
2025/3/6 20:17,1万打底吧。,1
2025/3/6 20:17,去纸扎店问问，车和房你能买那个。没准老板两个一起给你呢,1
2025/3/6 20:18,先想想下顿饭怎么办吧[微笑],0
2025/3/6 20:19,我建议你先买米[捂脸],0
2025/3/6 20:19,买七个硬币去超市外的摇摇车上摇一宿。[呆无辜],0
2025/3/6 20:19,买完粉吃了算了,0
2025/3/6 20:20,@MYM118 @根本不是,1
2025/3/6 20:20,习惯了右进库，不会左进了[九转大肠][九转大肠][九转大肠],0
2025/3/6 20:20,先买瓶水,0
2025/3/6 20:20,买坟还是可以的[捂脸],0
2025/3/6 20:20,笑死我了哈哈哈哈哈哈哈哈[流泪],0
2025/3/6 20:21,买瓶矿泉水洗洗睡[捂脸],0
2025/3/6 20:21,@淡定（减脂版）,0
2025/3/6 20:22,还是想想明天早上一块钱的早餐该吃啥,0
2025/3/6 20:22,你这个零钱通利息有点低，建议换个理财,0
2025/3/6 20:22,要不我俩去吃个梦龙吧,0
2025/3/6 20:22,先买瓶脉动，听哥的，脉动一下再回来,0
2025/3/6 20:22,多余想那么多，来日方长，买两个馒头多香啊[猪头],0
2025/3/6 20:23,先点个拼好饭把晚饭解决吧,0
2025/3/6 20:24,卖手机,0
2025/3/6 20:24,@人见人爱徐美丽?? @(-^〇^-) @抹茶晶冰乐??,0
2025/3/6 20:24,买个墓地吧，房子只是暂时的，墓地才是最终的，所以买个墓地,1
2025/3/6 20:24,年轻人不做选择，直接买房车。,0
2025/3/6 20:25,买点辣条吃了算了,0
2025/3/6 20:25,先吃饭吧，买俩馒头再买根肠，对自己好一点,0
2025/3/6 20:25,大胆点，一起买,0
2025/3/6 20:25,不用纠结可以买面镜子,0
2025/3/6 20:25,买包魔芋爽爽爽得了,0
2025/3/6 20:26,没报保险吧！,1
2025/3/6 20:26,先买包辣条,0
2025/3/6 20:27,都买[耶],0
2025/3/6 20:28,这边建议先买彩票[感谢],0
2025/3/6 20:28,@戴屹阳,0
2025/3/6 20:28,先买彩票，再一起买,0
2025/3/6 20:29,先吃饭吧[捂脸],0
2025/3/6 20:29,先吃饭吧,0
2025/3/6 20:29,先买几袋辣条吃吃，然后美美睡一觉梦里买[嘿哈],0
2025/3/6 20:29,买两个硬币去超市门口摇个明白,0
2025/3/6 20:29,姐，别买了，我还是追你吧,1
2025/3/6 20:29,先买彩票[赞],0
2025/3/6 20:29,听楼下的[看],0
2025/3/6 20:29,最后走了这个世界所以的东西都带不走，先买杯奶茶喝[看],0
2025/3/6 20:30,几块钱买柱香许几百万的愿。[泪奔],0
2025/3/6 20:30,活下去,0
2025/3/6 20:30,@睡着了吗 @ttt?? @睡不够就烦,0
2025/3/6 20:30,先买火腿肠,0
2025/3/6 20:31,先买矿泉水,0
2025/3/6 20:31,买个夏威夷应该够[思考],1
2025/3/6 20:31,买包蒸汽眼罩睡觉吧 梦里什么都有,0
2025/3/6 20:31,@小屁妈,0
2025/3/6 20:31,没那一点也是119，还是不够[看],0
2025/3/6 20:31,先买早餐，吃饱再想[捂脸],0
2025/3/6 20:32,先活着,0
2025/3/6 20:32,梦里什么都有！,0
2025/3/6 20:32,先买包辣条压压惊,0
2025/3/6 20:32,@青森远晨,0
2025/3/6 20:32,先醒醒,1
2025/3/6 20:33,噢~噢噢噢,0
2025/3/6 20:33,嘻嘻嘻,0
2025/3/6 20:33,靓仔啊，我同事让你先醒过来。,0
2025/3/6 20:33,先买个辣条压压惊[捂脸],0
2025/3/6 20:33,去路边捡个塑料袋，套头上，缺氧后去掉，就当去新疆西藏旅游了,1
2025/3/6 20:33,去楼下买包辣条[送心],0
2025/3/6 20:34,先买一碗米粥三块钱  再买两个包子两块  再买瓶乳酸牛奶两块  再去结账，说让老板唱首歌给小费，唱完之后加上你那九角七分给老板  大声的说一句，给！小费！然后回家洗洗睡[看],1
2025/3/6 20:34,买车[发怒],1
2025/3/6 20:35,先吃饭吧[尬笑],0
2025/3/6 20:35,买了彩票,0
2025/3/6 20:35,不影响结果,0
2025/3/6 20:35,买一把小米放兜里[酷拽],0
2025/3/6 20:35,先买点电，把手机电充满[捂脸],0
2025/3/6 20:35,纸扎的吗,1
2025/3/6 20:35,先买包泡面[看],0
2025/3/6 20:36,把下顿饭买了就不会纠结了[赞],0
2025/3/6 20:37,先买米，不然等下饿死了，车是别人的，房子也是别人的！[捂脸][捂脸]吃饱了，至少梦是自己的！,0
2025/3/6 20:37,[捂脸],0
2025/3/6 20:37,买包跳跳糖吧，那玩意儿放嘴里会跳，可好玩了，如果可以的话给我也带一包，蟹蟹[发呆],0
2025/3/6 20:37,@譚好看?,0
2025/3/6 20:37,先买饭,0
2025/3/6 20:37,我出一块咱们买彩票[看],0
2025/3/6 20:37,先买个裤子,0
2025/3/6 20:38,先吃饭,0
2025/3/6 20:38,先买个棒棒糖[呲牙],0
2025/3/6 20:38,买张刮刮乐[比心],0
2025/3/6 20:39,楼下买杯蜜雪冰城，然后再来思考这个问题,0
2025/3/6 20:39,先买米,0
2025/3/6 20:40,先买双色球[暗中观察],0
2025/3/6 20:40,先买馒头[咒骂]，我最有发言权了！,1
2025/3/6 20:40,先活着吧[泪奔],0
2025/3/6 20:40,打结的毛直接剪,1
2025/3/6 20:41,买个面包吃,0
2025/3/6 20:42,这不是你该纠结的事,0
2025/3/6 20:42,@丗亾,0
2025/3/6 20:43,买杯蜜雪冰城吧[呲牙],0
2025/3/6 20:43,先买杯水压压惊,0
2025/3/6 20:43,先做梦，在买房，在买车,0
2025/3/6 20:43,先活着[比心],0
2025/3/6 20:43,买菜吧,0
2025/3/6 20:43,还是先买两个馒头吧,0
2025/3/6 20:43,@张妹妹,0
2025/3/6 20:44,先充电吧[看],0
2025/3/6 20:44,你考虑得太远了，先贷款吃个外卖再说吧，过好当下比什么都好！[抱抱你],0
2025/3/6 20:45,转给我，买个教训[暗中观察],1
2025/3/6 20:45,直接一步到位买房车。,0
2025/3/6 20:45,先买个冰棍降降温,0
2025/3/6 20:46,先买冰糖葫芦,0
2025/3/6 20:46,你还有存款，我的花呗都还不上[捂脸],0
2025/3/6 20:46,你好像帮我引流了,0
2025/3/6 20:46,哈哈哈哈,0
2025/3/6 20:47,先吃饭[送心],0
2025/3/6 20:47,一直有人给我赞,0
2025/3/6 20:47,@45. [捂脸],0
2025/3/6 20:47,有没有可能是你自己唱的好，有流量,0
2025/3/6 20:47,先想想明天早上吃啥[泪奔],0
2025/3/6 20:48,零钱买房，零钱通买车，我帮你安排好了[呲牙],0
2025/3/6 20:48,听我的，先睡觉。梦里啥都有[吃瓜群众],0
2025/3/6 20:48,买房吧，买车零件多扎纸师傅不够攒零件的纸壳子,1
2025/3/6 20:48,@喜樂平安 @库邦创意小屋 @贰十,0
2025/3/6 20:49,这个可以[赞],0
2025/3/6 20:49,买两个螺丝,0
2025/3/6 20:49,要不咱先活着[抠鼻],0
2025/3/6 20:49,@遥遥无期 @阿孔孔孔 @秋仔 @寻你。,0
2025/3/6 20:49,第二个视频你懂的,0
2025/3/6 20:49,年纪轻轻就有九个了[流泪]羡慕,0
2025/3/6 20:49,我推荐先买碗泡面,0
2025/3/6 20:50,先买点卫生纸吧，这个才是当下真正的刚需,0
2025/3/6 20:50,每年先提前给自己烧一些过去先存下，这样子以后下去就能赢在起跑线了！！,1
2025/3/6 20:50,先喝点二锅头，再加点花生[呲牙],0
2025/3/6 20:51,@此用户不存在,0
2025/3/6 20:51,还是先买饭吧[流泪],0
2025/3/6 20:51,听我的先买早饭，吃完就可以去上班了[看],0
2025/3/6 20:52,你如果买了房你后悔一辈子,1
2025/3/6 20:52,楼下买包辣条爽一下，别买多了，爽过头,0
2025/3/6 20:52,@看见翔在飞,1
2025/3/6 20:52,@小懒星,0
2025/3/6 20:52,先买纸钱，蜡烛,0
2025/3/6 20:53,可以一起,0
2025/3/6 20:53,先买泡面,0
2025/3/6 20:53,@...,0
2025/3/6 20:53,先吃饱吧[呲牙],0
2025/3/6 20:53,@雾散- [比心],0
2025/3/6 20:53,@李罗熙幼儿园园长,1
2025/3/6 20:53,当然买房，，买车一年就过时了，，,0
2025/3/6 20:54,还用想，房,1
2025/3/6 20:55,超过3块的活动别叫我[泪奔],0
2025/3/6 20:55,要不，先活下去？,0
2025/3/6 20:55,先买点花生米,0
2025/3/6 20:55,买块地都够了,0
2025/3/6 20:55,我去买车，销售巴拉巴拉拉着我老公讲半天   然后聊高兴把我忘了，我直接走了[泪奔][泪奔][泪奔]   打我电话，我说不好看，我不要，你要你自己买呗[翻白眼]  他灰溜溜的打车回来了，没错，我走的时候把他车开回来了[求求了],0
2025/3/6 20:55,先活着,0
2025/3/6 20:56,先买杯蜜雪冰城的奶茶[坏笑],0
2025/3/6 20:56,你纠结的太多了[流泪],0
2025/3/6 20:57,咱们要是不行买两包魔芋爽得了,0
2025/3/6 20:58,先买饭,0
2025/3/6 20:58,这点钱，还是先吃饱吧……,0
2025/3/6 20:59,买黄金，你这体量可以直接拉升金价[微笑],0
2025/3/6 20:59,你这7.多个亿啥不能买啊，一起买,1
2025/3/6 20:59,就这个情况你先买啥都不好使,0
2025/3/6 20:59,还是先买根脆皮烤肠吧[看],0
2025/3/6 21:00,车是消耗品,0
2025/3/6 21:00,买彩票，房有车也有,0
2025/3/6 21:00,"零钱买房
零钱通买车
有什么好纠结的",0
2025/3/6 21:01,结婚证九块九！你出五元！格局要大，车子房子票子要啥有啥[捂脸],0
2025/3/6 21:01,先看看有没有大额膨胀卷，实在不行就拼好饭吧,0
2025/3/6 21:01,买我,1
2025/3/6 21:01,@夏景? @一拳打倒坏男人,1
2025/3/6 21:01,先买几注彩票,0
2025/3/6 21:01,你本来就是我的,0
2025/3/6 21:02,先买饭吧[捂脸],0
2025/3/6 21:02,你这还没上面那个余额多呢[白眼],1
2025/3/6 21:02,买早饭,0
2025/3/6 21:02,就这，先买瓶冰冻水让自己冷静冷静[捂脸],0
2025/3/6 21:03,先睡会儿,0
2025/3/6 21:03,[暗中观察],0
2025/3/6 21:03,买个馒头吧[看],0
2025/3/6 21:04,这就没必要纠结了吧,0
2025/3/6 21:04,先买个棒棒糖嗦一下再睡一觉,0
2025/3/6 21:04,先吃饭吧,0
2025/3/6 21:04,先买个好点的枕头[笑哭],0
2025/3/6 21:04,先买饭[比心],0
2025/3/6 21:05,转给我吧，买经验[灵机一动],0
2025/3/6 21:05,睡觉吧，哥们,0
2025/3/6 21:05,先吃饭[宕机],0
2025/3/6 21:05,买口罩，,0
2025/3/6 21:05,先买瓶可乐喝喝,0
2025/3/6 21:05,不着急，先去买彩票,0
2025/3/6 21:06,先买罐二锅头。,0
2025/3/6 21:06,先买杯子。,0
2025/3/6 21:06,[泣不成声]买瓶大乌苏喝了睡吧,0
2025/3/6 21:06,先睡觉,0
2025/3/6 21:06,有8蚊建议先买3蚊猪肉清蒸、3蚊青菜白灼、蚊半买两三支烟吃餐饭再饭后烟算了[我想静静],0
2025/3/6 21:06,先早点睡觉,0
2025/3/6 21:06,先买颗糖压压惊吧[好开心],0
2025/3/6 21:07,买份饭吃饱，然后睡觉,0
2025/3/6 21:07,先买点大头菜吃[泣不成声][泣不成声],0
2025/3/6 21:07,有点太多了，先别买，做理财吧,0
2025/3/6 21:07,嘶…哎呀…好纠结啊[宕机],0
2025/3/6 21:07,先买保险,0
2025/3/6 21:07,买个洋芋巴?杯豆浆,0
2025/3/6 21:08,先买米吧，椒盐花生米，好下酒,0
2025/3/6 21:08,先吃饭,0
2025/3/6 21:08,一句话，两个同时拥有,0
2025/3/6 21:08,买碗面吧,0
2025/3/6 21:08,先买饭，饿晕了,0
2025/3/6 21:08,先买碗混沌吃饱再说,0
2025/3/6 21:09,你买辣条吧,0
2025/3/6 21:09,出门买个肉饼,0
2025/3/6 21:09,北大,0
2025/3/6 21:10,先醒醒,1
2025/3/6 21:10,先买包烟,0
2025/3/6 21:10,当然是先买房了，但是以你的存款 还是先买个棒棒糖吃吧[呲牙],1
2025/3/6 21:10,先买份沙县吃吃吧，吃完再考虑,0
2025/3/6 21:10,买糖吧，比较车房都不能吃，糖还甜,0
2025/3/6 21:11,先买顿饭吃吧,0
2025/3/6 21:11,先爱自己,0
2025/3/6 21:11,先买泡面[泪奔],0
2025/3/6 21:11,@就叫小李吧,0
2025/3/6 21:12,买支笔，支票想填多少填多少,0
2025/3/6 21:12,先买个手抓饼[kisskiss],0
2025/3/6 21:12,你这可以一起拿下[OK][OK],0
2025/3/6 21:12,先挣钱[尬笑],0
2025/3/6 21:12,先买饭吧[赞],0
2025/3/6 21:13,@归途也还可爱,0
2025/3/6 21:13,先睡觉[微笑],0
2025/3/6 21:13,你还是接着纠结吧[九转大肠],1
2025/3/6 21:14,先买饭,0
2025/3/6 21:14,先买个彩票,0
2025/3/6 21:15,先想一下下一顿吃啥吧宝贝[如花],0
2025/3/6 21:15,进超市买包烟都犯怵[绝望的凝视],0
2025/3/6 21:15,先买保险,0
2025/3/6 21:15,先想想明天早饭吃啥吧,0
2025/3/6 21:16,兄弟可以先买个盒。                                                  哦对兄弟是盒装牛奶[看],0
2025/3/6 21:16,先买瓶冰红茶,0
2025/3/6 21:16,买什么都一样，[捂脸],0
2025/3/6 21:17,先买根烤肠吃吃吧,0
2025/3/6 21:17,还是卖命吧,1
2025/3/6 21:17,听兄弟一句劝， 先买天地银行的钱，在开个户，提前给自己存钱，他们靠后代，而你我的兄弟，不一样，靠自己[看],0
2025/3/6 21:17,先买根棒棒糖提升自己的糖分[捂脸],0
2025/3/6 21:17,零钱拿来买房，零钱通拿来买车[666][666][666],0
2025/3/6 21:17,还是先睡觉吧[撇嘴],0
2025/3/6 21:17,房。车一开出4S店就贬值了。,0
2025/3/6 21:17,??，没看图片！,0
2025/3/6 21:17,@?财神爷的李大宝????,0
2025/3/6 21:17,@莫西一下,0
2025/3/6 21:18,先买饭[看],0
2025/3/6 21:18,@爆！ 哈哈哈哈哈哈哈哈哈哈哈哈哈,0
2025/3/6 21:18,英雄可以没有家，但不能没有战马[呲牙],0
2025/3/6 21:18,哈哈哈哈哈哈哈哈哈哈哈哈哈哈哈,0
2025/3/6 21:18,@刺??猬 @九八年的风*??,0
2025/3/6 21:19,买包辣条吃吃吧[捂脸],0
2025/3/6 21:19,先充电！！！！,0
2025/3/6 21:20,先活着,0
2025/3/6 21:20,不应该先买桶泡面吗[看],0
2025/3/6 21:20,哈哈哈哈哈??你买，我坐,0
2025/3/6 21:20,买两杯蜜雪冰城,0
2025/3/6 21:21,先申请破产吧[看],1
2025/3/6 21:21,凑一凑买杯9.9的瑞幸,0
2025/3/6 21:21,先醒醒,1
2025/3/6 21:21,先睡觉兄弟，梦里啥都有,0
2025/3/6 21:21,[看]先干饭,0
2025/3/6 21:22,@爆锤桃之助???? 先买根烤肠,0
2025/3/6 21:22,先买逼[呲牙][呲牙][呲牙],1
2025/3/6 21:22,先把零钱的存零钱通,0
2025/3/6 21:22,先买个早饭,0
2025/3/6 21:23,@阿gai 笑崩了,0
2025/3/6 21:23,你现在当务之急是把晚上的拼好饭先点了,0
2025/3/6 21:23,先吃饱,0
2025/3/6 21:23,先买米,0
2025/3/6 21:23,我也是,0
2025/3/6 21:23,先买个360借条的骚扰权[尬笑],1
2025/3/6 21:24,先睡觉,0
2025/3/6 21:24,先充电吧[九转大肠][九转大肠],0
2025/3/6 21:24,先买个蛋饼填饱肚子[比心],0
2025/3/6 21:24,还是先买块糖??让自己甜甜得了,0
2025/3/6 21:25,@奶牛猫和三花猫 哈哈哈哈哈哈,0
2025/3/6 21:25,先活命,0
2025/3/6 21:25,连个煎饼都买不成,0
2025/3/6 21:25,先买点饭[捂脸],0
2025/3/6 21:26,先买馒头填饱肚子吧,0
2025/3/6 21:26,一起买啊，又不是没这个实力[微笑],0
2025/3/6 21:26,买把面吧,0
2025/3/6 21:26,要不考虑一下先换个裤衩,1
2025/3/6 21:26,先吃饭,0
2025/3/6 21:26,买瓶水,0
2025/3/6 21:26,先上炕[抠鼻],0
2025/3/6 21:26,先安家[泣不成声],0
2025/3/6 21:26,先买饭，吃饱先,0
2025/3/6 21:27,@Dreams @惜,0
2025/3/6 21:28,先去买个彩票,0
2025/3/6 21:28,这个真买不起[捂脸],0
2025/3/6 21:28,先活着[我想静静][我想静静][流泪][流泪][流泪],0
2025/3/6 21:30,钱没有，居然连电量也少得可怜！,1
2025/3/6 21:31,先活着,0
2025/3/6 21:31,先睡觉[微笑]梦里能一起有,0
2025/3/6 21:31,你完全不用纠结,0
2025/3/6 21:31,先睡觉[大笑],0
2025/3/6 21:31,还是先想想晚上吃什么吧[呆无辜][呆无辜][呆无辜],0
2025/3/6 21:31,买几个馍吧，还能吃几天饱饭,0
2025/3/6 21:32,[泣不成声][泣不成声][泣不成声],0
2025/3/6 21:32,@Kangter,0
2025/3/6 21:32,先睡觉吧,0
2025/3/6 21:32,这不是你该担心的事。,1
2025/3/6 21:32,@灯行,0
2025/3/6 21:32,先保证自己活下去吧大妹子[色][色],1
2025/3/6 21:32,这些先不用，先买一个枕头吧[泪奔],0
2025/3/6 21:33,你想得有点多[不失礼貌的微笑],0
2025/3/6 21:33,先买瓶可乐喝喝,0
2025/3/6 21:33,听哥的先去办张银行卡万一发财了钱装不下那可尴尬了,0
2025/3/6 21:34,买黄金，黄金比较保值,0
2025/3/6 21:34,先吃饭吧昂,0
2025/3/6 21:34,好不咱先买个碗[摸头][摸头],0
2025/3/6 21:34,不用纠结，一起买,0
2025/3/6 21:34,买个饼吃,0
2025/3/6 21:35,先买块创可贴??，经济实惠，把??封起，其他别想了交给天意[呲牙],0
2025/3/6 21:35,先买个泡面充饥吧兄弟[捂脸][捂脸][捂脸],0
2025/3/6 21:36,先醒醒[捂脸][捂脸],0
2025/3/6 21:36,这样吧，买点烧纸外加一个打火机,1
2025/3/6 21:37,听我说，先回家睡一觉,0
2025/3/6 21:37,我建议啊，还是先去买个煎饼果子填饱肚子吧,0
2025/3/6 21:37,@ysss.,0
2025/3/6 21:38,先买杯蜜雪冰城[玫瑰],0
2025/3/6 21:38,买包辣条吧，还能咋吧点味儿,0
2025/3/6 21:38,这样，你听话，先把这个钱转给我，然后我先去买桶泡面，吃饱了之后我保证你既买房又买车。,1
2025/3/6 21:39,买张彩票吧！四倍[呲牙][呲牙][呲牙],0
2025/3/6 21:39,先买瓶水[尬笑],0
2025/3/6 21:39,一起买,0
2025/3/6 21:41,买瓶啤酒回家去,0
2025/3/6 21:41,先买桶泡面,0
2025/3/6 21:41,先买房啊，有房才有家啊，再买辆车上下班方便，剩下的钱存起来留着慢慢花[看],0
2025/3/6 21:41,先吃饱吧[呲牙],0
2025/3/6 21:41,先醒醒[暗中观察],0
2025/3/6 21:41,买彩票，赌一把,0
2025/3/6 21:42,先吃饱饭吧[偷笑],0
2025/3/6 21:42,要不你先睡个觉[泪奔][泪奔],0
2025/3/6 21:42,要不先买桶泡面吧[抠鼻],0
2025/3/6 21:43,买车，房太累了,0
2025/3/6 21:43,先买桶方便面[大笑],0
2025/3/6 21:43,[尬笑]可以买个碗[OK],1
2025/3/6 21:44,先买拼好饭吃点好的，别饿着自己了，都想着先买房还是车哈哈哈哈[捂脸],0
2025/3/6 21:44,买楼，然后买车再找个老婆[666],0
2025/3/6 21:44,先买个包子吧[捂脸],0
2025/3/6 21:44,先贷款,0
2025/3/6 21:45,买房吧，毕竟农场不要钱，QQ飞车还要充值,0
2025/3/6 21:45,先买两个包子把肚子填饱先,0
2025/3/6 21:45,先买煎饼,0
2025/3/6 21:45,先买两馍吃吧[泣不成声]保命要紧,0
2025/3/6 21:46,现吃饭吧[尬笑],0
2025/3/6 21:46,先交9块钱话费，移动公司都快把你信号断了。,1
2025/3/6 21:47,零钱买车 零钱通买房[呲牙],0
2025/3/6 21:47,先睡觉[不失礼貌的微笑],0
2025/3/6 21:47,先花吧,0
2025/3/6 21:47,还是先卖点血吧,1
2025/3/6 21:47,先买房车[看][看],0
2025/3/6 21:48,[尬笑],0
2025/3/6 21:48,先给我发个红包[看],1
2025/3/6 21:48,买碗重庆小面吧，不要加蛋哦,0
2025/3/6 21:48,先买两包瓜子，边嗑瓜子边看评论[看],0
2025/3/6 21:49,人先下车 它再自动停车 可以嘛[红脸],0
2025/3/6 21:49,我觉得你应该纠结一下明天吃什么早餐适合一点[捂脸],0
2025/3/6 21:50,零钱买房，零钱通买车,0
2025/3/6 21:50,我都买不起,0
2025/3/6 21:51,[呲牙],0
2025/3/6 21:52,先买个桶面，加个蛋和火腿，吃饱了睡着了再买，要不然正买着那饿醒了多难受,0
2025/3/6 21:52,@咸鱼一条7 纠结,0
2025/3/6 21:52,先买个棒棒糖吧,0
2025/3/6 21:53,先睡觉,0
2025/3/6 21:53,不买租就行，不能帮银行打工,0
2025/3/6 21:54,7.97个的话，建议去存银行吃利息，不愁吃喝了,0
2025/3/6 21:55,先买包魔芋爽吧虽然没什么用但是很爽[比心],0
2025/3/6 21:55,还是买煎饼??吧[捂脸],0
2025/3/6 21:55,先买杯蜜雪冰城吧,0
2025/3/6 21:55,@丹尼斯牛奶 [泪奔],0
2025/3/6 21:56,@小小的以后 @小叶没有肌肉（备菜版） @高阶领主高建国,0
2025/3/6 21:56,这么多钱，一起买,0
2025/3/6 21:57,先活着,0
2025/3/6 21:58,先买饼吧,0
2025/3/6 21:58,@烦的地球爆炸 @好的好的,0
2025/3/6 21:58,买药,0
2025/3/6 21:58,@肚肚打雷啦 @（NPC） @果子熟了 @苦根,0
2025/3/6 21:59,先睡觉,0
2025/3/6 21:59,先买双手套搬一天砖，日结，启动资金就来了,0
2025/3/6 21:59,来瓶江小白，醉了什么都好说[看],0
2025/3/6 22:00,先睡吧，梦里二者皆可得,0
2025/3/6 22:01,别纠结先打给我，我是秦始皇，等我统一全世界后，房子车了随便挑。,1
2025/3/6 22:01,买包泡面[赞],0
2025/3/6 22:02,先搞钱吧[看],0
2025/3/6 22:02,先买饭,0
2025/3/6 22:02,建议先买馒头[比心],0
2025/3/6 22:02,先活着,0
2025/3/6 22:03,先活着吧[九转大肠],0
2025/3/6 22:03,买纸巾,0
2025/3/6 22:03,买两个蒸馍,0
2025/3/6 22:05,买个糖索拉索拉吧，让你尝尝甜头,0
2025/3/6 22:06,买包纸巾擦擦泪,1
2025/3/6 22:06,买瓶东鹏特饮精神一下先,0
2025/3/6 22:06,想到一起了,0
2025/3/6 22:06,先吃饭吧,0
2025/3/6 22:06,想的一样,0
2025/3/6 22:07,买个房车吧[比心],0
2025/3/6 22:08,@Sophia?? @??荣～,0
2025/3/6 22:08,有种在西藏的感觉是吧,1
2025/3/6 22:08,哈哈哈哈居然在这里看到你,0
2025/3/6 22:10,[泣不成声],0
2025/3/6 22:10,多买两根淀粉肠可能资金链就断了,1
2025/3/6 22:10,可以考虑先买个棒棒糖,0
2025/3/6 22:11,@未知昵称 哈哈哈哈哈哈,0
2025/3/6 22:11,你就宠他吧,0
2025/3/6 22:11,朋友来！把你手机给我[看],1
2025/3/6 22:12,“一次性，纸杯，不锈钢”这三个词单独出现没啥问题，但当组成“一次性不锈钢纸杯”，我咋有点理解不了[发呆][发呆][发呆],0
2025/3/6 22:13,@栎,0
2025/3/6 22:14,还能买四柱彩票搏一搏单车变摩托,0
2025/3/6 22:14,卖命,1
2025/3/6 22:15,买一注大乐透，车房都有了。,0
2025/3/6 22:15,[捂脸][捂脸][捂脸][捂脸][捂脸],0
2025/3/6 22:15,肯定要用借呗来买啊,0
2025/3/6 22:15,先活着,0
2025/3/6 22:16,@小叶一定要暴富啊,0
2025/3/6 22:16,先买根辣条压压惊,0
2025/3/6 22:16,十块钱一张的彩票你都买不了[捂脸],0
2025/3/6 22:17,先睡觉[泪奔],0
2025/3/6 22:17,@i了又i,0
2025/3/6 22:18,先买把锁把微信锁起来[尬笑],0
2025/3/6 22:18,先买彩票[捂脸],0
2025/3/6 22:18,游戏首充6块钱，买车又买房,0
2025/3/6 22:18,[捂脸][捂脸][捂脸]哈哈,0
2025/3/6 22:19,先每个馒头吧饱饱[玫瑰],0
2025/3/6 22:19,先买个男人,1
2025/3/6 22:20,@zkw,0
2025/3/6 22:21,买个一级风,0
2025/3/6 22:21,买我吧我白送,0
2025/3/6 22:21,[捂脸],0
2025/3/6 22:22,还是大米吧，小米更贵[黑脸],1
2025/3/6 22:22,那么高的收益，好吓银！[呲牙],0
2025/3/6 22:22,先想好明天吃啥[泪奔],0
2025/3/6 22:22,先买个购物车,0
2025/3/6 22:22,先进厂！,0
2025/3/6 22:23,热干面6块钱了[泣不成声],0
2025/3/6 22:23,先买大米,0
2025/3/6 22:23,@W葶葶 @没?话?题? @小奶鹅 @晴?? @乖丫头づ不乖 @@哭到纽约下大雨 @周周呀 @?糖果不甜???: ?? @李仪.,0
2025/3/6 22:24,先买张彩票，然后再纠结先买房还是先买车？,0
2025/3/6 22:24,先买桶泡面吧,0
2025/3/6 22:25,先睡觉[看],0
2025/3/6 22:25,买包辣条吧[看],0
2025/3/6 22:25,这么多钱 可以直接买房车[酷拽],0
2025/3/6 22:26,买彩票[看],0
2025/3/6 22:26,哈哈哈哈哈哈哈[捂脸]@U mi,0
2025/3/6 22:26,@神明. @神厨小Y @风轻轻 @@微风 @雾浓云散 @潘媛媛,0
2025/3/6 22:26,玩具的都买不起[抠鼻],1
2025/3/6 22:27,@云川??,0
2025/3/6 22:28,睡吧孩子，梦里啥都有[尬笑],0
2025/3/6 22:29,先买个馒头[九转大肠],0
2025/3/6 22:29,先吃点鸡蛋炒饭[笑哭][笑哭],0
2025/3/6 22:29,@吃不吃西瓜?? ……,0
2025/3/6 22:30,买张彩票都只能打一半,0
2025/3/6 22:30,买条香蕉回家吃,0
2025/3/6 22:30,先买彩票[捂脸],0
2025/3/6 22:30,先睡觉老铁[看],0
2025/3/6 22:31,先买明天的早饭,0
2025/3/6 22:31,先活着[捂脸],0
2025/3/6 22:31,想保命吧[流泪],0
2025/3/6 22:31,[呲牙],0
2025/3/6 22:31,先吃饭[捂脸],0
2025/3/6 22:31,洗洗睡吧，明天还要搬砖,0
2025/3/6 22:31,买个早餐,0
2025/3/6 22:32,又向财富自由迈进一步了[呲牙][呲牙][呲牙],0
2025/3/6 22:33,你先发给我，趁现在夜市还有摆摊的我去买个鸭腿垫垫肚子,0
2025/3/6 22:33,@記,0
2025/3/6 22:34,先睡觉吧[吐舌],0
2025/3/6 22:34,房车两不误[泣不成声],0
2025/3/6 22:34,先买个嘚儿吧[呲牙],0
2025/3/6 22:35,胆子大点，79.7万买房，11.9万买车[机智],0
2025/3/6 22:35,买俩棒棒糖嗦溜得了，别低血糖了,0
2025/3/6 22:35,听我的，对自己好点先买桶泡面加蛋加肠吃,0
2025/3/6 22:36,先吃饱,0
2025/3/6 22:36,听话，咱不买,0
2025/3/6 22:37,先给我，买个教训,1
2025/3/6 22:37,先研究买饭吧宝儿,0
2025/3/6 22:38,@神秘用户哥,0
2025/3/6 22:39,@可儿也,0
2025/3/6 22:40,研究一下明天的饭哪儿解决吧,0
2025/3/6 22:41,睡觉吧，梦里都有了[求抱抱],0
2025/3/6 22:42,这不是你该想的,1
2025/3/6 22:42,先醒醒[暗中观察],0
2025/3/6 22:42,先买饭吧,0
2025/3/6 22:42,凑吧凑吧买个烤冷面全家福吧[送心][猪头],0
2025/3/6 22:42,买个魔芋爽吧,0
2025/3/6 22:42,先买份养老吧,1
2025/3/6 22:42,@Serious.,0
2025/3/6 22:42,@Miss.lin,0
2025/3/6 22:42,打个119先,1
2025/3/6 22:43,转给我吧凑个整数[呲牙],0
2025/3/6 22:43,先买瓶脉动，让自己动起来,0
2025/3/6 22:43,买房只是暂时的避风港，买车是代步，但是  买棺材才是最实在的，一辈子都用得着,1
2025/3/6 22:43,@大飞哥 @是哗哗呐??,0
2025/3/6 22:44,建议一起买[呲牙],0
2025/3/6 22:44,[捂脸][捂脸][捂脸],0
2025/3/6 22:44,这个很难评[捂脸][捂脸][捂脸],0
2025/3/6 22:44,[泣不成声],0
2025/3/6 22:44,那我要优秀一点,0
2025/3/6 22:45,先睡一觉吧哥子,0
2025/3/6 22:45,买辣条[憨笑][玫瑰],0
2025/3/6 22:45,先买桶泡面吧,0
2025/3/6 22:45,先赊一个媳妇[呲牙],1
2025/3/6 22:45,这个车可以买一辆吧，但是别人应该不单卖[捂脸],0
2025/3/6 22:45,先买瓶牛奶，到晚上喝掉，躺床上，然后就什么都有了[看],0
2025/3/6 22:46,@三岁呀！ @一个大人,0
2025/3/6 22:46,先吃饱吧,0
2025/3/6 22:48,@Maya 先买哪个？,0
2025/3/6 22:49,买大米吧你[干饭人],0
2025/3/6 22:49,[尬笑],0
2025/3/6 22:49,转给贫僧[看]贫僧让佛祖保佑你以后发大财[看][看][看],0
2025/3/6 22:49,哈哈哈,0
2025/3/6 22:51,先买彩票吧,0
2025/3/6 22:51,都买了[灵机一动],0
2025/3/6 22:53,先买老公,0
2025/3/6 22:53,先醒醒哈哈哈哈,0
2025/3/6 22:53,不是两块吗[捂脸],0
2025/3/6 22:53,[捂脸][捂脸][捂脸],0
2025/3/6 22:54,@小鹿乱撞?,0
2025/3/6 22:54,先买吃的吧,0
2025/3/6 22:56,先去楼下买八包魔芋爽 自己爽爽得了[泪奔],1
2025/3/6 22:56,给我吃哈[黑脸],1
2025/3/6 22:57,@所有的路不会白走??,0
2025/3/6 22:59,买个??[看],0
2025/3/6 22:59,先活下去,0
2025/3/6 23:00,沙县吧[思考],0
2025/3/6 23:00,@仙乐,0
2025/3/6 23:02,先睡觉[捂脸],0
2025/3/6 23:02,买辣条,0
2025/3/6 23:02,@我心向Y @番茄炒蛋盖饭 @耳痣,0
2025/3/6 23:02,饭都买不起[憨笑][赞],0
2025/3/6 23:02,先买杯奶茶吧,0
2025/3/6 23:03,先买张彩票[看],0
2025/3/6 23:03,两瓶够干嘛的[捂脸],0
2025/3/6 23:04,先买明天的早餐,0
2025/3/6 23:04,先买彩票,0
2025/3/6 23:04,还是先买米吧！煮稀饭可以多喝几顿。,0
2025/3/6 23:04,这么多钱，一块买完全没压力[看],0
2025/3/6 23:04,来瓶乌苏[看],0
2025/3/6 23:04,你先买两包辣条,0
2025/3/6 23:04,先买一罐扑尔敏，一次一粒吃完就睡觉，醒了接着吃，反正梦里什么都有[看],1
2025/3/6 23:06,买杯奶茶都费劲[捂脸],0
2025/3/6 23:06,先转我九块[看][看][看],0
2025/3/6 23:06,@Onlooker??,0
2025/3/6 23:06,先睡觉吧,0
2025/3/6 23:06,然后睡觉,0
2025/3/6 23:07,@Iridescent @胡椒泡澡,0
2025/3/6 23:08,[黑脸],1
2025/3/6 23:08,买根油条算了,0
2025/3/6 23:10,买包苏菲都难,0
2025/3/6 23:10,买点大馒头 防止以后饿肚子,0
2025/3/6 23:10,买瓶矿泉水喝喝得了[尬笑][尬笑],0
2025/3/6 23:11,买饭都不够,0
2025/3/6 23:11,@大熊蛋黄派,0
2025/3/6 23:12,买股票,0
2025/3/6 23:17,哈哈，,0
2025/3/6 23:18,听哥的，先买坟,1
2025/3/6 23:18,先睡觉[呲牙],0
2025/3/6 23:21,花五块钱买点退烧药吃吧！高烧到脑子??都要坏了[九转大肠],1
2025/3/6 23:22,先饿自己一顿[看][看],0
2025/3/6 23:23,听我的回炉重造吧[捂脸],0
2025/3/6 23:23,去楼下买包辣条[嘴唇],0
2025/3/6 23:27,先买体彩,0
2025/3/6 23:27,先好好活着,0
2025/3/6 23:27,小米SU7紫色，落地245000，没靠父母，没靠闺蜜，没贷款没分期，没买,0
2025/3/6 23:28,先买魔芋爽,0
2025/3/6 23:28,明天的盒饭也难啊,0
2025/3/6 23:28,先买枕头[看],0
2025/3/6 23:29,@岳哈哈,0
2025/3/6 23:31,先温饱[捂脸][捂脸],0
2025/3/6 23:31,先给我买辆小米,1
2025/3/6 23:32,宝 听话 咱都不买 我那个双轮保时捷久11还能骑两年[酷拽],0
2025/3/6 23:32,[笑哭][笑哭],0
2025/3/6 23:33,你应该消费者保护[比心],0
2025/3/6 23:34,@???????????,0
2025/3/6 23:34,先买彩票,0
2025/3/6 23:34,先睡觉 梦里啥都有,0
2025/3/6 23:35,先吃饱吧[抱抱你][抱抱你],0
2025/3/6 23:36,您多虑了[捂脸][捂脸][捂脸],0
2025/3/6 23:36,先买彩票[赞],0
2025/3/6 23:36,@吒吒诣（见过无畏版）,0
2025/3/6 23:36,去csgo买个箱子,0
2025/3/6 23:37,先买瓶水，渴死了啥都买不了[捂脸],0
2025/3/6 23:37,买个烤鸡腿,0
2025/3/6 23:37,买压缩饼干[暗中观察],0
2025/3/6 23:38,先考清华,0
2025/3/6 23:38,做自己 没道理,0
2025/3/6 23:39,是不是 多有实力,0
2025/3/6 23:39,笑死了??,0
2025/3/6 23:39,可以一起买的[黑脸]，我记得天地银行有车有房的[灵机一动]。可以全款,0
2025/3/6 23:41,先买饭吧,0
2025/3/6 23:41,我都不敢下车，就怕撞到。还有，我还没学会下车让它自己泊车[流泪][流泪][流泪],0
2025/3/6 23:41,7快买车[呲牙]1买房[看]剩下的娶老婆,0
2025/3/6 23:43,买3根香拜拜吧,1
2025/3/6 23:43,先吃饭吧,0
2025/3/6 23:45,赔流量费…0.00000000001,1
2025/3/6 23:50,@愚,1
2025/3/6 23:52,先把肚子填饱[笑哭],0
2025/3/6 23:52,一起买[耶],0
2025/3/6 23:53,买房[捂脸],0
2025/3/6 23:53,先买药,0
2025/3/6 23:54,@一只杨?? @巴图鲁,0
2025/3/6 23:54,先睡觉,0
2025/3/6 23:56,@小田.,0
2025/3/6 23:57,大晚上的买桶泡面加根肠当夜宵,0
2025/3/6 23:57,先买根烤肠吧[舔屏],0
2025/3/6 23:57,先买个流量包,0
2025/3/6 23:59,先买张彩票,0
2025/3/6 23:59,先睡一觉做个好梦[比心],0
2025/3/7 0:00,高低整两杯蜜雪冰城柠檬水喝啦,0
2025/3/7 0:00,先买一包厦门泡面吃饱肚子了,0
2025/3/7 0:00,买瓶老村长吹下去房子车子都有了[看][看],0
2025/3/7 0:01,先醒醒[微笑],0
2025/3/7 0:01,全拿来买车，不过生活啦？[黑脸][OK],1
2025/3/7 0:02,不应该是在梦里买？[宕机],0
2025/3/7 0:02,@哼哼很横,1
2025/3/7 0:02,@??jelocote 调回去吧 看着闹心,1
2025/3/7 0:03,@番茄酱要配土豆条,0
2025/3/7 0:03,@不吃花菜,0
2025/3/7 0:04,@Zhuo,0
2025/3/7 0:10,买个蜜雪喝,0
2025/3/7 0:12,你先想想明天吃什么吧,0
2025/3/7 0:12,买棒棒糖[泪奔],0
2025/3/7 0:13,@千户 哈哈哈,0
2025/3/7 0:14,先睡觉，梦里都会有[不失礼貌的微笑],0
2025/3/7 0:15,先买炒米粉,0
2025/3/7 0:15,@中种,0
2025/3/7 0:16,先买房吧，给你申请个0首付[偷笑],0
2025/3/7 0:17,@甘了它?? 哈哈哈哈哈哈,0
2025/3/7 0:19,哈哈哈哈哈哈什么你要给我买小米,0
2025/3/7 0:25,但是别人说小米su7不适合新手，因为起步速度太快了[流泪][流泪],0
2025/3/7 0:26,@??-,0
2025/3/7 0:27,为啥不买缺牙齿[不失礼貌的微笑],0
2025/3/7 0:28,@网友！ 哈哈,0
2025/3/7 0:29,买两包榨菜送粥吃得了,0
2025/3/7 0:31,0,0
2025/3/7 0:32,@6个肾的男人 @陪?久一点??? @橘～梨子 @尼克。 [九转大肠],0
2025/3/7 0:32,@北濮神女小鹿 [九转大肠],0
2025/3/7 0:33,还有收益，谁帮我算算他零钱通一天能有多少钱[看],0
2025/3/7 0:33,买小米阔以,0
2025/3/7 0:34,@斌斌# 笑死我了,0
2025/3/7 0:38,先充话费,0
2025/3/7 0:38,买桶方便面吧,0
2025/3/7 0:39,先买包烟吧,0
2025/3/7 0:39,先吃饭,0
2025/3/7 0:39,好好好晚安[暗中观察],0
2025/3/7 0:40,先买根棒棒糖[九转大肠],0
2025/3/7 0:40,两个都拿下，成年人不做选择[看][看],0
2025/3/7 0:41,买个烧饼七七八,0
2025/3/7 0:41,先睡觉吧@已读不回专业户 @脏脏包 @是小爱吖?? @?????? @爱唱歌的彼得兔 咱说，没毛病吧,0
2025/3/7 0:41,买包魔芋爽，爽一下得了,0
2025/3/7 0:41,先做梦宝宝，明天就啥都有了[害羞][害羞],0
2025/3/7 0:42,哈哈哈哈哈哈哈哈没毛病,0
2025/3/7 0:44,一包酒鬼花生，一瓶哈啤,0
2025/3/7 0:45,买包牡丹亭的花生吃就好,0
2025/3/7 0:45,@?,0
2025/3/7 0:47,下床走两圈儿得了,0
2025/3/7 0:47,一起买[发怒],1
2025/3/7 0:47,转给我，你就不纠结了,0
2025/3/7 0:48,要不先买个炒粉吃饱再说[看],0
2025/3/7 0:49,先买馒头,0
2025/3/7 0:50,先五块钱买个馕吃[抠鼻][抠鼻][捂脸],0
2025/3/7 0:53,[笑哭][笑哭],0
2025/3/7 0:55,把它转给我，你买个教训,1
2025/3/7 0:55,不必理会,0
2025/3/7 0:57,太辣了不如魔芋爽[捂脸],0
2025/3/7 0:57,你先买包辣条吃吃冷静一下[捂脸],0
2025/3/7 0:59,勒紧裤腰带买个模型[嘿哈],0
2025/3/7 1:00,零钱买车，零钱通买房,0
2025/3/7 1:01,先吃饱,0
2025/3/7 1:02,先买一个棒棒糖[看],0
2025/3/7 1:03,要不，还是先睡吧！,0
2025/3/7 1:04,先还花呗,0
2025/3/7 1:04,先买三块钱的面，两个鸡蛋，两个菠菜，一个西红柿，做一碗西红柿鸡蛋菠菜面，吃饱一顿算一顿,0
2025/3/7 1:05,先在拼多多刷个视频[抱抱你],0
2025/3/7 1:05,煎饼果子加肉加肠要12，他买不起[看],1
2025/3/7 1:06,可以买根油条[宕机],0
2025/3/7 1:07,先把存打破两位数吧，别的不用想,0
2025/3/7 1:08,这边建议考虑买房车更划算,0
2025/3/7 1:11,买份盒饭都费劲[流泪],0
2025/3/7 1:11,先买盒烟吧,0
2025/3/7 1:13,先买一包方便面吧,0
2025/3/7 1:14,没有万，就是块,1
2025/3/7 1:15,都买吧，毕竟你有那实力,0
2025/3/7 1:15,还是先活着吧[捂脸],0
2025/3/7 1:16,先睡觉比较重要[不失礼貌的微笑],0
2025/3/7 1:17,还的叫她垫高一点枕头[泪奔],1
2025/3/7 1:17,还是先买个棒棒糖吧,0
2025/3/7 1:20,@诶呦Scott_,0
2025/3/7 1:23,像這樣嗎[看],0
2025/3/7 1:25,@鹿耶耶.?? 看评论,0
2025/3/7 1:25,要不直接躺平吧[看],0
2025/3/7 1:25,@望谟土特产,0
2025/3/7 1:29,先买俩包子,0
2025/3/7 1:30,买张彩票,0
2025/3/7 1:33,这彩票都买不起吧[捂脸],1
2025/3/7 1:35,明明可以买四张彩票，为什么要买一张[捂脸],0
2025/3/7 1:35,@阿欢睡不醒。 @969,0
2025/3/7 1:36,@馍馍虫 馍来了,0
2025/3/7 1:37,你是说先有蛋，后有鸡？,0
2025/3/7 1:38,先有蛋,0
2025/3/7 1:40,大米行不行哈哈哈,0
2025/3/7 1:44,先充电吧[暗中观察],0
2025/3/7 1:46,先买明天早上的包子[求求了][求求了],0
2025/3/7 1:48,先吃饭,0
2025/3/7 1:51,对[灵机一动],0
2025/3/7 1:52,不要想那么深奥的问题，这几块钱也只能买蛋。买鸡不现实[捂脸],0
2025/3/7 1:56,全世界物价下降一亿倍,0
2025/3/7 1:57,听兄弟的，先买个面包或者一包泡面[泣不成声],0
2025/3/7 1:57,先养活自己吧[比心],0
2025/3/7 1:57,玩具店应该可以买完[看],0
2025/3/7 2:00,一起买,0
2025/3/7 2:02,去买张彩票[看],0
2025/3/7 2:07,彩票最低十块钱,0
2025/3/7 2:07,这就是你跟我的差距，我已经准备提su7 ultra了[宕机],1
2025/3/7 2:15,先送我阿珂皮肤，剩两块钱买彩票[笑哭],0
2025/3/7 2:17,两块的那种福利彩票,0
2025/3/7 2:18,还有这种，我只知道刮的最低十块钱[捂脸],0
2025/3/7 2:18,先买个馒头养活自己,0
2025/3/7 2:36,先活下去,0
2025/3/7 2:36,梦里啥都有,0
2025/3/7 2:39,[发呆],0
2025/3/7 2:40,买个辣条压压惊,0
2025/3/7 2:40,先贷款买个淀粉肠吧,0
2025/3/7 2:42,啥也别买了[捂脸],0
2025/3/7 2:43,这不是你该考虑的问题,1
2025/3/7 2:45,买一个塑料袋套自己头上扎住，体验一下高原缺氧的感觉，相当于去了趟西藏。,1
2025/3/7 2:46,先活下来,0
2025/3/7 2:48,[捂脸]很多二手车行老板都定了好几辆Ultra，直接租出去一天几千块，果然赚钱来的快,0
2025/3/7 2:49,结婚了  先买房   单身先买车,0
2025/3/7 2:49,买地球仪,0
2025/3/7 2:49,@C,0
2025/3/7 2:50,上面买房下面买车,0
2025/3/7 2:51,随便啦，看自己更需要哪个,0
2025/3/7 2:52,先睡觉,0
2025/3/7 2:53,先活着,0
2025/3/7 2:55,先活着,0
2025/3/7 2:57,@初雪 [笑哭],0
2025/3/7 2:58,@?? 先买彩票,0
2025/3/7 2:58,先吃饭吧[尬笑],0
2025/3/7 3:03,先买包散花，再买个打火机。再买个玉米肠，爽歪歪,0
2025/3/7 3:06,预判我了,0
2025/3/7 3:07,@C,0
2025/3/7 3:11,你火了,0
2025/3/7 3:12,先买一注彩票 然后再说[白眼],1
2025/3/7 3:17,买两个核桃补补,0
2025/3/7 3:18,@麻辣車厘子?? @00姨子1678 @Lana @小人物。        ?? @盈盈张 @马伊呀嘿…… @DKkkkkk,0
2025/3/7 3:19,先卖手机,0
2025/3/7 3:23,买包魔芋爽 爽爽得了,0
2025/3/7 3:26,先买包方便面过了今天再说吧[捂脸],0
2025/3/7 3:27,笑死我了  我居然点进去看,0
2025/3/7 3:28,先网贷[尬笑],1
2025/3/7 3:31,先睡觉,0
2025/3/7 3:31,@szy. 先买饭，笑死我了,0
2025/3/7 3:35,@小刘的朋友圈?? @路又逢小雨 @李怀念 @睡醒了接着睡.,0
2025/3/7 3:36,先活着,0
2025/3/7 3:41,@而我在等你???♀?,0
2025/3/7 3:45,给我八块买个教训,1
2025/3/7 3:46,先睡觉,0
2025/3/7 3:47,@小花姐姐a,0
2025/3/7 3:48,嫁给我不好吗！嫁给我啥都有了,0
2025/3/7 3:50,先买水 人体不能缺少,0
2025/3/7 3:52,买根棒棒糖吧,0
2025/3/7 3:52,预判我了,0
2025/3/7 3:56,买两个馒头+辣条[大笑],0
2025/3/7 3:59,先点拼好饭[舔屏],0
2025/3/7 4:07,先挂号[爱心],0
2025/3/7 4:08,预判我了,0
2025/3/7 4:09,哈哈哈哈，笑死我了,0
2025/3/7 4:10,@W.,0
2025/3/7 4:15,还是放进零钱通里吧，毕竟还能钱生钱，关于房车在等等如何,0
2025/3/7 4:30,0首付？,0
2025/3/7 4:35,听话，要不咱先睡觉[捂脸],0
2025/3/7 4:38,@再睡一会. 哈哈哈哈,0
2025/3/7 4:39,@外下羊,0
2025/3/7 4:45,存到10块再考虑吧！你还得再努力努力,1
2025/3/7 4:51,不行一起买吧,0
2025/3/7 4:51,买糖[candy],0
2025/3/7 4:52,先睡觉乖,0
2025/3/7 4:53,先买彩票再做决定[捂脸][捂脸],0
2025/3/7 5:01,都买吧，毕竟你都是巨富了,0
2025/3/7 5:01,拼好饭都不太够,0
2025/3/7 5:06,先买拼好饭吧,0
2025/3/7 5:07,买个教训[看][看],1
2025/3/7 5:07,[擦汗],0
2025/3/7 5:16,先买纸巾,0
2025/3/7 5:20,要不先买包辣条吃吃[泪奔],0
2025/3/7 5:24,哈哈哈,0
2025/3/7 5:24,一起买,0
2025/3/7 5:30,买几包压缩饼干吧，我怕你半夜饿醒,0
2025/3/7 5:30,这应该也买不了饭吧？还是先买水。,0
2025/3/7 5:33,[捂脸]@???Anthony,0
2025/3/7 5:36,先睡觉 在梦里车子房子一起买！咱买大别墅[猪头],0
2025/3/7 5:39,如果我18岁都有呢[捂脸][OK],0
2025/3/7 5:39,hhhh,0
2025/3/7 5:42,你赶紧去看下拼好饭有没有自己想吃的，晚了连自己喜欢的都拼不到[看],0
2025/3/7 5:43,先买桶泡面,0
2025/3/7 5:43,零钱通收益选个利率高点的啊[呲牙],0
2025/3/7 5:47,@小狗??,0
2025/3/7 5:47,先别睡啦，快点醒来[尬笑][尬笑][尬笑],0
2025/3/7 5:47,先买命 先活着吧,0
2025/3/7 5:51,兄弟我建议先买颗糖吃吧，因为后面的日子很苦哦,0
2025/3/7 5:52,还是先买饭吧，吃饱要紧,0
2025/3/7 5:57,先买包北京方便面压压惊吧[呲牙],0
2025/3/7 6:09,开玩笑,0
2025/3/7 6:09,简单的早饭还是够的，比如包子油条[捂脸],0
2025/3/7 6:10,先给我,0
2025/3/7 6:13,还是先活着吧,0
2025/3/7 6:16,先买房再买车,0
2025/3/7 6:16,先去买个六个核桃[微笑],0
2025/3/7 6:20,买游艇吧车房太保守了,0
2025/3/7 6:21,先买保险[捂脸],0
2025/3/7 6:23,先买我,1
2025/3/7 6:25,人家买小米 你得大米,1
2025/3/7 6:28,买早饭,0
2025/3/7 6:28,先活着[看],0
2025/3/7 6:29,先睡觉[捂脸],0
2025/3/7 6:35,买房,0
2025/3/7 6:38,先买泡面[捂脸],0
2025/3/7 6:43,可以一起买,0
2025/3/7 6:46,哈哈哈哈哈哈[笑哭],0
2025/3/7 6:47,先买个塑料袋，套头上,1
2025/3/7 6:49,先把命吊到,1
2025/3/7 6:51,先买男朋友,0
2025/3/7 6:53,还是先打工吧[尬笑],0
2025/3/7 6:55,哥们儿一块多钱属实放零钱通没什么用。取出来吧。,0
2025/3/7 6:55,先挣钱,0
2025/3/7 6:57,买个炒饭吧八块钱又不贵,0
2025/3/7 6:57,@FAN YU HANG,0
2025/3/7 6:57,买丝袜[泪奔]套头上做大做强[灵机一动],1
2025/3/7 6:58,买个馒头,0
2025/3/7 7:01,买泡面吧，有汤有面,0
2025/3/7 7:03,买块砖狗了,1
2025/3/7 7:03,别纠结，一起买,0
2025/3/7 7:06,够买两斤米酒，喝多一点啥都有[大笑],0
2025/3/7 7:08,@是你的大亮啊,0
2025/3/7 7:09,先吃饱饭,0
2025/3/7 7:10,先娶媳妇,0
2025/3/7 7:11,看他们谁先愿意卖给你[看],1
2025/3/7 7:11,先别想,0
2025/3/7 7:13,先买彩票[赞],0
2025/3/7 7:14,听我一劝，先活下去。都饿出幻觉了,0
2025/3/7 7:17,水容易???，还是买??吧，水商场??都有,0
2025/3/7 7:19,先买包大袋泡面，剩下的想怎么花就怎么花,0
2025/3/7 7:19,先起床,0
2025/3/7 7:20,活下去！,0
2025/3/7 7:22,[笑哭],0
2025/3/7 7:23,俩一起买,0
2025/3/7 7:24,[笑哭][笑哭],0
2025/3/7 7:24,先把自己卖了找个有钱老公，一举两得,1
2025/3/7 7:27,买车   房子可以租,0
2025/3/7 7:29,别动，攒这么多不容易，每天利益也不少。,0
2025/3/7 7:32,先买个包子，[泪奔],0
2025/3/7 7:33,@??方方 @废物美少女 @今晚别熬夜?? @摘星星,0
2025/3/7 7:33,先睡觉,0
2025/3/7 7:35,先买早餐,0
2025/3/7 7:35,你那是刮刮乐,0
2025/3/7 7:35,先活下去[憨笑],0
2025/3/7 7:36,先找个充电器充电吧,0
2025/3/7 7:37,先转我五块看看实力,1
2025/3/7 7:38,先买注彩票,0
2025/3/7 7:39,先买早餐,0
2025/3/7 7:40,可以先买几张彩票搏一搏。,0
2025/3/7 7:41,先睡觉吧,0
2025/3/7 7:41,先买包子，别饿着肚子,0
2025/3/7 7:41,先睡觉，梦里都有[看][看],0
2025/3/7 7:42,先买包辣条给我吃,0
2025/3/7 7:45,哈哈哈，是，有实力[捂脸],0
2025/3/7 7:46,全部买梭哈,1
2025/3/7 7:47,先睡觉,0
2025/3/7 7:48,先买药[泪奔],0
2025/3/7 7:49,先活下来,0
2025/3/7 7:49,建议先买自行车,0
2025/3/7 7:50,要不先买个肉包子吃吃[嘿哈]再来杯蜜雪的柠檬水,0
2025/3/7 7:52,@哇咔咔??????,0
2025/3/7 7:53,发八块钱给我，先给你买个教训。[捂脸][捂脸],1
2025/3/7 7:53,[九转大肠][九转大肠],0
2025/3/7 7:54,是先买米[捂脸],0
2025/3/7 7:54,转过来买个教训,1
2025/3/7 7:56,你都转过来给我，我告诉你该怎么买[九转大肠],1
2025/3/7 7:56,哈哈哈哈[捂脸][捂脸],0
2025/3/7 7:56,拿个馒头吧[看],0
2025/3/7 7:56,买点压缩饼干 抗饿,0
2025/3/7 7:58,先买粉面菜蛋吧,0
2025/3/7 7:58,乖，先睡觉[白眼],1
2025/3/7 7:58,因为梦里啥都有[机智],0
2025/3/7 7:59,先吃饱,0
2025/3/7 8:00,这还纠结啥啊，两个一起买,0
2025/3/7 8:01,买个土豆饼先吃饱了再说[泣不成声][泣不成声],0
2025/3/7 8:02,先买棒棒糖[看],0
2025/3/7 8:03,先买俺[白眼],1
2025/3/7 8:03,先买包泡面在买瓶水,0
2025/3/7 8:03,来武汉，整碗五块的热干面,0
2025/3/7 8:04,先顾好肚子,0
2025/3/7 8:04,先睡觉,0
2025/3/7 8:04,别买小米，买米吧,1
2025/3/7 8:05,先把钱打给我，我去吃饭,0
2025/3/7 8:05,给我买糖吃吧[舔屏],0
2025/3/7 8:06,先把零钱提到零钱通里生点利息再买。[玫瑰],0
2025/3/7 8:06,去买张彩票,0
2025/3/7 8:07,先买个枕头 不是睡不着 白天做不了梦,0
2025/3/7 8:07,@rrrr(最爱林一虎版?? 哈哈哈哈哈,0
2025/3/7 8:08,买个大的垃圾袋，然后找个阴凉的地方钻进去，不然会臭的很快[看],1
2025/3/7 8:08,先买杯蜜雪冰城加冰,0
2025/3/7 8:09,馒头榨菜省着点一顿两口可以挺一礼拜,1
2025/3/7 8:09,还是买包辣条吧！,0
2025/3/7 8:09,我选择先睡觉，梦里啥都有,0
2025/3/7 8:09,先买根雪糕冷静一下[憨笑],0
2025/3/7 8:10,先和我谈感情吧,0
2025/3/7 8:10,先买个馒头,0
2025/3/7 8:11,@Jane,0
2025/3/7 8:11,蛋炒饭吧,0
2025/3/7 8:13,先买个桶面[笑哭],0
2025/3/7 8:13,先活着,0
2025/3/7 8:14,我觉得你完全有能力一起买[看],0
2025/3/7 8:14,可以买两斤米??,0
2025/3/7 8:14,先买纸,0
2025/3/7 8:14,先买瓶水压压惊,0
2025/3/7 8:14,先买彩票[捂脸],0
2025/3/7 8:16,成年人不做选择，都要都要,0
2025/3/7 8:16,拼好饭,0
2025/3/7 8:16,@我的庄文杰 @Y.rui @.Doki.,0
2025/3/7 8:16,先找男朋友吖,0
2025/3/7 8:17,哈哈哈,0
2025/3/7 8:17,买包卫龙边吃边纠结,0
2025/3/7 8:17,先去楼下买一杯豆浆和一个肉包[灵机一动],0
2025/3/7 8:17,买九块钱老面馒头[泪奔],0
2025/3/7 8:17,[捂脸]@二丫仔,0
2025/3/7 8:18,先买早餐[捂脸],0
2025/3/7 8:18,转给我，我能替你买房,0
2025/3/7 8:18,@孔子的孔,0
2025/3/7 8:18,买包纸巾擦眼泪,0
2025/3/7 8:19,先买瓶水,0
2025/3/7 8:20,买包辣条,0
2025/3/7 8:20,先买点欢乐豆,0
2025/3/7 8:20,出去 去超市买个塑料袋，套头上，体验一下高原反应。,1
2025/3/7 8:20,馒头还是可以买得到,0
2025/3/7 8:20,你买房还不如租房,1
2025/3/7 8:20,坐公交买个鸡蛋灌饼吧,0
2025/3/7 8:21,先睡觉吧,0
2025/3/7 8:21,先把零钱转到零钱通,0
2025/3/7 8:22,买根绳子[比心][比心],0
2025/3/7 8:22,先买彩票,0
2025/3/7 8:22,@koi. .,0
2025/3/7 8:22,先挣钱[尬笑],0
2025/3/7 8:22,先买菜[调皮],0
2025/3/7 8:22,7.79亿买房，1.19亿买车 二者兼得,0
2025/3/7 8:23,先找男人，再找工作[捂脸],1
2025/3/7 8:23,先睡觉[猪头][猪头][猪头],1
2025/3/7 8:23,先充电,0
2025/3/7 8:23,先买个存钱罐,0
2025/3/7 8:23,@Y小蓝????,0
2025/3/7 8:24,先买包魔芋爽爽一下[黑脸],0
2025/3/7 8:24,先贷款。。。,0
2025/3/7 8:25,娶个江浙沪独生女老婆，房子有了吗车子有了[尬笑],0
2025/3/7 8:26,买房吧,0
2025/3/7 8:26,先买包子,0
2025/3/7 8:26,活着都不错[捂脸],0
2025/3/7 8:26,先买一杯蜜雪冰城然后再仔细盘算[看],0
2025/3/7 8:27,可以先买蜜雪冰城哈哈哈哈,0
2025/3/7 8:27,@苏苏是姐姐呀,0
2025/3/7 8:27,先买馒头，毕竟我正在啃[泪奔],0
2025/3/7 8:27,先睡觉,0
2025/3/7 8:27,先活着,0
2025/3/7 8:27,先睡个回笼觉,0
2025/3/7 8:28,买馒头,0
2025/3/7 8:28,一起买,0
2025/3/7 8:28,先去大学食堂蹭顿饭,0
2025/3/7 8:28,@快乐呦,0
2025/3/7 8:28,先买个棒棒糖[呲牙],0
2025/3/7 8:28,买保险吧  万一饿死了咋办,1
2025/3/7 8:28,大佬求带[泣不成声],0
2025/3/7 8:28,还是买点8+1 喝了好做梦哈,0
2025/3/7 8:29,先买根棒棒糖差不多[不失礼貌的微笑],0
2025/3/7 8:29,@小周整天嘻嘻哈哈,0
2025/3/7 8:29,听个劝，先养好自己[捂脸][捂脸][捂脸][捂脸],0
2025/3/7 8:29,买点魔芋爽,0
2025/3/7 8:30,应该先买馒头,0
2025/3/7 8:30,前面79.7万买小米ultra，下面119万买房，然后前面买车剩的买小米智能家电[看],0
2025/3/7 8:30,先卖肾[偷笑],1
2025/3/7 8:31,上清华还是上北大好,0
2025/3/7 8:31,可以一直等车吗，每月净赚4500[看],0
2025/3/7 8:31,买张彩票吧先,0
2025/3/7 8:31,中午饭也可以买啊,0
2025/3/7 8:31,先睡觉,0
2025/3/7 8:32,留着吃利息，买车买房之后都要花钱，吃利息是进钱,0
2025/3/7 8:32,先买枕头,0
2025/3/7 8:32,可以先买瓶啤酒,0
2025/3/7 8:32,7.9亿还纠结啥通通买[尬笑],0
2025/3/7 8:32,买个早点吃吧,0
2025/3/7 8:32,买图片,0
2025/3/7 8:32,哈哈,0
2025/3/7 8:32,拼多多买保险吧[捂脸],0
2025/3/7 8:33,5毛钱买袋辣条辣辣让自己清醒清醒[看],0
2025/3/7 8:33,先买个碗，敲破，年底一起买,0
2025/3/7 8:33,买几包泡面吧！预估能管两天不饿肚子[呲牙],0
2025/3/7 8:33,先买包辣条在买瓶水,0
2025/3/7 8:34,你这个买水去零食很忙都不知道够不够,1
2025/3/7 8:34,先坐公交回家睡觉,0
2025/3/7 8:34,先买饼,0
2025/3/7 8:34,房子只是过.车子只是代步，坟是永久的听哥话先买坟,1
2025/3/7 8:34,买个手抓饼吃吃得了,0
2025/3/7 8:34,先买个拼好饭吧[宕机],0
2025/3/7 8:34,不行先买张彩票吧,0
2025/3/7 8:34,买馒头,0
2025/3/7 8:35,虽然小米和保时捷的是商业互捧，但却感受到了情怀和工匠精神！,0
2025/3/7 8:35,买个早餐哈哈哈哈,0
2025/3/7 8:35,先买包子吃填饱肚子先,0
2025/3/7 8:36,先睡觉，梦里什么都有,0
2025/3/7 8:36,买彩票[偷笑],0
2025/3/7 8:36,先买两馒头熬过今天再说不迟……[泪奔],0
2025/3/7 8:36,担心你买个花卷需要赞助,1
2025/3/7 8:36,先吃饭,0
2025/3/7 8:36,先找个不用努力的人[泪奔],0
2025/3/7 8:36,买颗棒棒糖吧[呲牙],0
2025/3/7 8:37,零钱买房    零钱通买车[比心][比心],0
2025/3/7 8:37,先买酒，喝醉了梦里啥都有,0
2025/3/7 8:38,先活命[笑哭],0
2025/3/7 8:38,@吃个桃桃??,0
2025/3/7 8:39,先活命,0
2025/3/7 8:39,买个馒头买瓶水,0
2025/3/7 8:39,买个好点的枕头，不然做不出这么美的梦,0
2025/3/7 8:39,买个碗，上街上去就可以开业了,0
2025/3/7 8:39,先买拼好饭[捂脸],0
2025/3/7 8:40,@七七七七琪 @肉多多 @?张???,0
2025/3/7 8:40,先把电充满吧,0
2025/3/7 8:40,先买点馒头[捂脸],0
2025/3/7 8:40,先睡觉吧[呆无辜],0
2025/3/7 8:41,买筐唐鸡屎,1
2025/3/7 8:41,先填饱肚子,0
2025/3/7 8:41,事已至此先吃个饭吧,0
2025/3/7 8:41,水？  白桦树汁了解一下[捂脸],0
2025/3/7 8:41,先买个枕头,0
2025/3/7 8:41,先取悦自己,0
2025/3/7 8:41,买个烤肠吃吃得嘞[愉快],0
2025/3/7 8:42,先买瓶水压压惊,0
2025/3/7 8:42,卖劳吧,1
2025/3/7 8:42,先买两颗棒棒糖吧,0
2025/3/7 8:42,@兵兵q 哈哈哈哈哈哈哈哈哈哈哈,0
2025/3/7 8:43,两者不可兼得,0
2025/3/7 8:43,先买我[呲牙],0
2025/3/7 8:43,先睡觉,0
2025/3/7 8:43,你这实力还用考虑啥，都买[呲牙],0
2025/3/7 8:43,先買一包魔芋爽爽爽先[呲牙][呲牙][呲牙][呲牙],0
2025/3/7 8:43,一起买[呲牙][呲牙][呲牙],0
2025/3/7 8:44,先吃饭,0
2025/3/7 8:44,先买两馒头填饱肚子才是真的[流泪],0
2025/3/7 8:45,@心绪小野 [黑脸],1
2025/3/7 8:45,买小米，可以买2斤了,0
2025/3/7 8:45,你也愿意在梦里买吗？,0
2025/3/7 8:45,先买包方便面吃[捂脸],0
2025/3/7 8:45,早晨先买俩包子吃吧,0
2025/3/7 8:45,你还小，这不是你该考虑的[坏笑],1
2025/3/7 8:46,先买个一块的火机，在路边看着别人吃,0
2025/3/7 8:46,姐妹，活着才有梦,0
2025/3/7 8:46,先买杯蜜雪冰城加冰的柠檬水冷静一下,0
2025/3/7 8:46,不买难受，买了更难受[捂脸][捂脸],0
2025/3/7 8:46,我建议你买彩票,0
2025/3/7 8:46,一起,0
2025/3/7 8:46,这么有实力，当然一起买了[看],0
2025/3/7 8:47,先买瓶水[闭嘴],1
2025/3/7 8:47,先吃饱再说,0
2025/3/7 8:47,先买一些馒头，可以撑一个礼拜,0
2025/3/7 8:47,先买饭把,0
2025/3/7 8:48,先下楼全款买水,0
2025/3/7 8:48,手里有俩热馍馍比啥都重要[你不大行],1
2025/3/7 8:49,先买个双色球,0
2025/3/7 8:49,先活着[尬笑],0
2025/3/7 8:49,先睡觉，梦里俩个都能买[看],0
2025/3/7 8:49,@xX,0
2025/3/7 8:49,先把花呗还上,0
2025/3/7 8:49,买个健达奇趣蛋。里面好像有车,0
2025/3/7 8:49,现死我烧钱[看],1
2025/3/7 8:49,买个棒棒糖[玫瑰],0
2025/3/7 8:51,先买包 辣条吧[舔屏],0
2025/3/7 8:51,能同时买就别分开,0
2025/3/7 8:51,先买航母,0
2025/3/7 8:51,还是先买饭吧，吃饱最重要[调皮],0
2025/3/7 8:51,@好运常伴左右,0
2025/3/7 8:51,先买双手套去搬砖，不然晚饭都没着落,1
2025/3/7 8:52,先买早餐吧，吃完继续当牛马,0
2025/3/7 8:52,@小黄饱了,0
2025/3/7 8:52,@樱木.?????? @恩恩 [思考],0
2025/3/7 8:52,先买几个馒头,0
2025/3/7 8:52,你先买，你买好了告诉我在哪儿买的，我也想买，我资金跟你差不多，完事可以请你吃猪脚饭[赞],0
2025/3/7 8:52,先活下去,0
2025/3/7 8:52,先吃碗粉，我怕你没力气搬砖,1
2025/3/7 8:52,买个泡面吧加个火腿肠,0
2025/3/7 8:53,拼好饭,0
2025/3/7 8:53,买个碗蹲在路边把钱赚，来年存款过100万,1
2025/3/7 8:53,[看]先买饭,0
2025/3/7 8:53,先买张彩票,0
2025/3/7 8:53,我也想说先吃饭吧[笑哭],0
2025/3/7 8:53,马上房子全款 7 块，车子全款 1 块,1
2025/3/7 8:53,@挺好。 @非常爱吃肉 @ddd反击 @348417898 @@鸽子,0
2025/3/7 8:53,还是先my god,0
2025/3/7 8:54,都没买吧，债务多了就多了呗，顶多就让你多还点,1
2025/3/7 8:54,先赚钱,0
2025/3/7 8:54,先活着,0
2025/3/7 8:54,买包辣条吧？矿水瓶也要2块[捂脸],0
2025/3/7 8:54,先买个铁碗,0
2025/3/7 8:54,吃油条吧 两三块钱还有油,0
2025/3/7 8:54,听话，咱先买张彩票嗷[尬笑],0
2025/3/7 8:55,先买杯水[呲牙][呲牙][呲牙][呲牙],0
2025/3/7 8:55,一个鸡蛋1块5，一个鸡蛋饼两块，一碗豆浆两块[捂脸]买吧，先吃饱饭，别再被饿晕了。现在都有幻觉了[捂脸],0
2025/3/7 8:55,@X&.,0
2025/3/7 8:55,@Mvvw 这个人哈哈哈哈 一模一样,0
2025/3/7 8:55,买个方方面吃吧,0
2025/3/7 8:56,先找饭票,0
2025/3/7 8:56,先买小米………………粥吧,0
2025/3/7 8:56,先打工,0
2025/3/7 8:56,这不用纠结啊，一起买就行[泣不成声][泣不成声],0
2025/3/7 8:56,先买馍吧，毕竟车子房子都不要命,0
2025/3/7 8:56,今天先买杯豆浆吧[泣不成声],0
2025/3/7 8:57,捐了很好太多了用不到[微笑],0
2025/3/7 8:57,上面买房，下面买车，这需要纠结么,0
2025/3/7 8:57,别先买车，也别先买房！你先买根棒棒糖,0
2025/3/7 8:58,建议先买张彩票[捂脸],0
2025/3/7 8:58,做个美梦，两个都有了[看],0
2025/3/7 8:58,先开花呗,0
2025/3/7 8:58,直接买个房车吧，这样房和车就都有了[看],0
2025/3/7 8:58,先买裤衩子吧[捂脸],0
2025/3/7 8:58,点个手抓饼你都得悠着点[看],0
2025/3/7 8:58,可以买个糯米鸡，坐在门口吃[捂脸],0
2025/3/7 8:58,买彩票,0
2025/3/7 8:58,先买一包方便面吧[黑脸],1
2025/3/7 8:59,现在买早餐吧,0
2025/3/7 8:59,先买块豆腐[看],1
2025/3/7 8:59,你信我的先买个碗??[捂脸],0
2025/3/7 8:59,先领结婚证[看],0
2025/3/7 8:59,买四块大乐透，剩下三块买泡面,0
2025/3/7 8:59,先买个保险,0
2025/3/7 9:00,呃~要不先活着吧？？[抠鼻]~~,0
2025/3/7 9:00,先买米吧[捂脸],0
2025/3/7 9:00,先买药,0
2025/3/7 9:00,[尬笑]先买个枕头,0
2025/3/7 9:00,枕头垫高点,0
2025/3/7 9:01,"不要焦虑 我的朋友  你应该去买上一注彩票
切记 只能买一注！",0
2025/3/7 9:01,@荔汁手工穿戴甲,0
2025/3/7 9:01,这个????余额饭都是有点难度啊！,1
2025/3/7 9:01,可以买包魔芋爽爽爽就不纠结了[看],0
2025/3/7 9:02,这也买不了两斤米，买个馍吧,0
2025/3/7 9:02,先纠结[捂脸],0
2025/3/7 9:02,买瓶酒把它喝完，晚上继续做梦,0
2025/3/7 9:04,自来水就行,0
2025/3/7 9:04,一起买[比心][比心],0
2025/3/7 9:04,先买根烟,0
2025/3/7 9:04,买两个包子吃吧，可能还能配个豆浆,0
2025/3/7 9:04,买包方便面吃吃得了，还能加根肠，吃完就去睡吧，梦里啥都有[捂脸],0
2025/3/7 9:04,买两根棒棒糖哇,0
2025/3/7 9:04,零钱买房 零钱通买车,0
2025/3/7 9:04,@柯基泡泡 @Wang-,0
2025/3/7 9:04,先买个包子解决温饱,0
2025/3/7 9:04,买个彩票吧，成功了房子车子都有了！,0
2025/3/7 9:04,先保命[比心],0
2025/3/7 9:05,先买个馒头,0
2025/3/7 9:05,下面的买车，上面的买房,0
2025/3/7 9:05,先填饱肚子,0
2025/3/7 9:05,买彩票宝[捂脸][捂脸][捂脸],0
2025/3/7 9:05,你应该纠结能买几个芭比肉包[捂脸][捂脸][捂脸],0
2025/3/7 9:05,先买桶泡面吧 再买瓶矿泉水,0
2025/3/7 9:06,泡面你还得挑个一袋半[微笑],0
2025/3/7 9:06,[尬笑][尬笑]先活着吧[捂脸],0
2025/3/7 9:06,买个冰棍,0
2025/3/7 9:06,先买包子[灵机一动],0
2025/3/7 9:06,买豆浆吧！喝一碗倒一碗[看],1
2025/3/7 9:06,先买早餐，别饿着了哦。,0
2025/3/7 9:06,先想想哇[呲牙],0
2025/3/7 9:06,买包辣条爽爽,0
2025/3/7 9:06,先买房车！,0
2025/3/7 9:06,先买1块钱的馒头[大金牙],0
2025/3/7 9:06,辣条都要分期的人[捂脸],1
2025/3/7 9:06,转给我 我告诉你[看],0
2025/3/7 9:07,成年人不做选择 都买就好,0
2025/3/7 9:07,我们俩合资先凑一顿饭[送心],0
2025/3/7 9:07,我这里可以买一份二两螺蛳粉[黑脸],1
2025/3/7 9:07,先别饿肚子[捂脸][捂脸][捂脸],0
2025/3/7 9:07,买彩票,0
2025/3/7 9:08,先睡一觉[捂脸],0
2025/3/7 9:08,先买个碗，剩下的钱取出来放进碗里，然后坐商场门口，就可以开始创业了[捂脸],0
2025/3/7 9:08,先睡觉吧,0
2025/3/7 9:08,先看看拼好饭吧,0
2025/3/7 9:08,先活着,0
2025/3/7 9:08,乖，咱听话，咱啥也不买[抱抱你],0
2025/3/7 9:08,先买一根雪糕,0
2025/3/7 9:09,梦里啥都有,0
2025/3/7 9:09,按衣，食，住，行的顺序你就知道先买什么了，古人的话还是有道理的,0
2025/3/7 9:09,买彩票,0
2025/3/7 9:09,先睡觉吧,0
2025/3/7 9:09,先卖命,1
2025/3/7 9:10,先贷款,0
2025/3/7 9:10,转给我吧，我想吃沙县的??,0
2025/3/7 9:10,宝，先买个姨妈巾，过几天要用,0
2025/3/7 9:10,@陽,0
2025/3/7 9:11,买个棒棒糖，实现先让嘴巴甜一下[尬笑][尬笑][尬笑],0
2025/3/7 9:11,先借钱,0
2025/3/7 9:11,[泪奔],0
2025/3/7 9:11,先买饭,0
2025/3/7 9:11,分期吧[看],0
2025/3/7 9:11,先买纸！！！[抠鼻],0
2025/3/7 9:11,先买双色球,0
2025/3/7 9:12,先买张彩票[不失礼貌的微笑],0
2025/3/7 9:12,先买个鸡腿，好不罗,0
2025/3/7 9:12,先买块糖吃，因为过得太苦了[捂脸],0
2025/3/7 9:12,先买馍，能撑两天,0
2025/3/7 9:12,先活着[泪奔],0
2025/3/7 9:13,先买瓶旺仔,0
2025/3/7 9:13,睡觉吧,0
2025/3/7 9:13,胆子大点  一起买,0
2025/3/7 9:13,哈罗，扫码自行车。,0
2025/3/7 9:14,先买包辣条尝尝吧[干饭人][干饭人][干饭人],0
2025/3/7 9:14,先活着,0
2025/3/7 9:14,先买块糖甜下吧[捂脸],0
2025/3/7 9:14,能买啥饭[捂脸],0
2025/3/7 9:14,短剧里，能买座城[呲牙],0
2025/3/7 9:14,先买个小教训，转给我吧,1
2025/3/7 9:15,买个迪奥,0
2025/3/7 9:15,先活着吧,0
2025/3/7 9:15,买个空气,1
2025/3/7 9:15,先买俩馍再买瓶水还有剩余[看],0
2025/3/7 9:16,先买一双手套[呲牙],0
2025/3/7 9:16,先买三馒头把今天过去,0
2025/3/7 9:16,馒头,0
2025/3/7 9:16,不应该，不应该没烦恼啊[捂脸],0
2025/3/7 9:17,先脱贫,0
2025/3/7 9:17,买彩票,0
2025/3/7 9:17,先买米[呲牙],0
2025/3/7 9:17,建议先买个头套[抠鼻],1
2025/3/7 9:17,先买张彩票，搏一搏还是可以的,0
2025/3/7 9:18,先睡觉[暗中观察],0
2025/3/7 9:19,先买馒头,0
2025/3/7 9:19,先买饼??,0
2025/3/7 9:19,先买个馒头吃饱再想,0
2025/3/7 9:19,先醒,0
2025/3/7 9:19,买豆浆,0
2025/3/7 9:19,先买个瑜伽垫和塑料小盆，毕竟趴地上也挺凉的千万别感冒了[捂脸],0
2025/3/7 9:19,你先睡觉，睡觉啥都有,0
2025/3/7 9:19,都买吧，毕竟两个账户都有零钱呢,0
2025/3/7 9:20,先买个棒棒糖??吧[呲牙],0
2025/3/7 9:20,@Aronnby @一颗星 [捂脸],0
2025/3/7 9:20,先买早餐吧[尬笑],0
2025/3/7 9:20,零钱买房，零钱通买车,0
2025/3/7 9:21,先买馒头[笑哭],0
2025/3/7 9:21,鸡蛋不能放在一个篮子里[赞][赞],0
2025/3/7 9:21,先买个棒棒糖吧,0
2025/3/7 9:21,@Hannah?? ??,0
2025/3/7 9:22,先买毛纸，怕拉屎都没纸,1
2025/3/7 9:22,@小e [泪奔][泪奔],0
2025/3/7 9:22,先买瓶水让自己清醒清醒,0
2025/3/7 9:22,先买药,0
2025/3/7 9:22,先吃桂平谷山叉烧米粉7.00元，可以免费加粉，还有玉米粥、白粥任吃，酸料送粥，这样可以饱一天了[憨笑],0
2025/3/7 9:22,先买个碗,0
2025/3/7 9:22,下楼买几包魔芋爽，爽爽得了,0
2025/3/7 9:22,买包魔芋爽爽一爽得了,0
2025/3/7 9:23,先充话费吧，怕你等下断网不能回复我们了,1
2025/3/7 9:23,先买彩票吧,0
2025/3/7 9:23,先买个冰淇淋吃,0
2025/3/7 9:23,可以买一碗白米饭[害羞],0
2025/3/7 9:24,先睡觉,0
2025/3/7 9:24,都是零首付,0
2025/3/7 9:24,先吃饭吧,0
2025/3/7 9:24,来广东买个炒米粉,0
2025/3/7 9:24,买饭都不够还是买馒头吧,0
2025/3/7 9:24,先买馒头吧,0
2025/3/7 9:25,先活着,0
2025/3/7 9:25,@刘村长很忙,0
2025/3/7 9:25,结婚不就都有了[看],0
2025/3/7 9:25,@奥莉芺 @herrze,0
2025/3/7 9:26,买两馒头就行,0
2025/3/7 9:26,先买一桶泡面吧,0
2025/3/7 9:26,@冒牌板牙 @毛宏兴 @刘到爆??,0
2025/3/7 9:26,先买瓶水泼自己醒醒，哈哈,1
2025/3/7 9:26,先买个早饭吃吧,0
2025/3/7 9:27,先买点小米，熬小米粥喝吧[捂脸],0
2025/3/7 9:27,先买彩票,0
2025/3/7 9:27,先买根散烟[宕机],0
2025/3/7 9:27,彩票考虑一下.？,0
2025/3/7 9:27,先存着,0
2025/3/7 9:27,@大浩 @高歪歪的小日子,0
2025/3/7 9:27,先睡觉，梦里啥都有[看],0
2025/3/7 9:28,@Onlooker,0
2025/3/7 9:28,把零钱通里的提出来，买盒烟,0
2025/3/7 9:28,在我们这里才能买一碗素粉[捂脸],0
2025/3/7 9:29,先活下去,0
2025/3/7 9:29,买张彩票，房车都有了。[看],0
2025/3/7 9:29,买4瓶哇哈哈纯净水喝下，醒醒酒[尬笑],0
2025/3/7 9:30,这点钱教训都买不了,1
2025/3/7 9:30,要不先买份早餐吧,0
2025/3/7 9:30,先卖你,0
2025/3/7 9:30,买彩票吧,0
2025/3/7 9:30,买饭还得分期,0
2025/3/7 9:30,先上班吧,0
2025/3/7 9:31,买瓶二锅头。喝完睡一觉有房有车了[捂脸]。,0
2025/3/7 9:31,先买一包方便面吃，吃的时候再考虑还要不要买,0
2025/3/7 9:31,先把7.97和1.19放一起，积累财富,0
2025/3/7 9:31,先睡觉[微笑],0
2025/3/7 9:31,可以纯米饭3块,0
2025/3/7 9:31,先喝水[捂脸]加油哦陌生人[赞][赞]你会越来越好[感谢]调皮一下不要生气哦,0
2025/3/7 9:32,先挣钱[呲牙],0
2025/3/7 9:32,车子是消耗品，房子是临时安置，黑匣子才是最后的归宿，听姐的，先买黑匣子！,1
2025/3/7 9:32,先买张彩票,0
2025/3/7 9:32,先买彩票,0
2025/3/7 9:32,存银行吧，还能吃点利息,0
2025/3/7 9:32,先有钱,0
2025/3/7 9:33,先请我吃顿早饭吧,0
2025/3/7 9:33,先买馍,0
2025/3/7 9:34,可以啊，一斤米也有两块到三块的,0
2025/3/7 9:34,你不妨先买一张彩票[呲牙],0
2025/3/7 9:34,也不是没机会，彩票店搏一搏,0
2025/3/7 9:35,买套麻将，去搞建筑,1
2025/3/7 9:35,先买床被子吧，又降温了,0
2025/3/7 9:35,转给我，买个绝望,1
2025/3/7 9:35,先买充值卡[捂脸],0
2025/3/7 9:36,先买个枕头,0
2025/3/7 9:36,一起吧，钱毕竟挺多的,0
2025/3/7 9:36,买包辣条解解馋[思考],0
2025/3/7 9:36,你先转我8块，然后你再去带个款~[看],1
2025/3/7 9:36,要不咱买个迷你小玩具车和房？,0
2025/3/7 9:36,出门买两个包子吃吃 然后睡一觉 梦里面什么都有[玫瑰][玫瑰],0
2025/3/7 9:37,@单棱,0
2025/3/7 9:37,先奋斗[尬笑],0
2025/3/7 9:37,7快买房1快买车,0
2025/3/7 9:37,转给我？,0
2025/3/7 9:37,买油条,0
2025/3/7 9:37,要不你再攒攒[发呆],0
2025/3/7 9:38,买包榨菜都够呛,0
2025/3/7 9:38,拼多多先买后付还没给你扣？,0
2025/3/7 9:38,先买个棒棒糖，欺骗一下生活的苦,0
2025/3/7 9:38,先活着,0
2025/3/7 9:38,先生存吧[捂脸],0
2025/3/7 9:39,先纠结,0
2025/3/7 9:39,超市门口有瑶瑶车，只需1元[酷拽],0
2025/3/7 9:40,买辆房车吧，一举两得[泣不成声][泣不成声],0
2025/3/7 9:40,@阿乙二 [听歌],0
2025/3/7 9:40,先点个拼好饭吧,0
2025/3/7 9:40,买个冰棒，凉快一下,0
2025/3/7 9:40,先立业,0
2025/3/7 9:40,不用纠结，努力点都能买,0
2025/3/7 9:40,先保命,0
2025/3/7 9:40,听话楼下小卖部买瓶水去吧,0
2025/3/7 9:41,普通人已经开始期待10万块的红米汽车了[看],0
2025/3/7 9:41,买金针菇[皱眉],0
2025/3/7 9:41,先买药[呲牙],0
2025/3/7 9:41,先找个对象[憨笑],0
2025/3/7 9:42,@氼     　　　　　　　　　　　　 ? @心事深埋。 @母猪也疯狂 @? @每天都好困！ @青苹果?? @鸡涌啊 @59 @Zzzzzzp. @能去你家过年吗,0
2025/3/7 9:42,买一瓶可乐吧 好喝气还多 剩下的还可以买几包辣条,0
2025/3/7 9:42,买馒头吧，耐饿[看],0
2025/3/7 9:42,买房,0
2025/3/7 9:42,先吃饱,0
2025/3/7 9:42,泡面吧[听歌],0
2025/3/7 9:43,一天150.我是一天都不敢催啊.就怕它生产快了啊！！,0
2025/3/7 9:43,先买盒[不失礼貌的微笑],0
2025/3/7 9:43,先活下去,0
2025/3/7 9:43,先买个枕头，梦里啥都有[看],0
2025/3/7 9:43,有人让你先买棒棒糖,0
2025/3/7 9:43,先买馒头垫垫肚子,0
2025/3/7 9:44,先买两包魔芋爽爽一下,0
2025/3/7 9:44,先买一个小份炒面吧,0
2025/3/7 9:45,买注彩票,0
2025/3/7 9:45,买彩票,0
2025/3/7 9:45,先活着吧,0
2025/3/7 9:45,买我都不够,0
2025/3/7 9:45,买两根烤肠吧,0
2025/3/7 9:45,先买个棒棒糖吧,0
2025/3/7 9:45,咱还是先睡醒[泪奔],0
2025/3/7 9:45,先买俩馒头[比心],0
2025/3/7 9:46,买包辣条吧,0
2025/3/7 9:46,先买杂粮煎饼,0
2025/3/7 9:47,哈哈哈,0
2025/3/7 9:47,还是买拼好饭吧,0
2025/3/7 9:47,[捂脸]@@招财小锦鲤 @半截的诗丶,0
2025/3/7 9:47,先买烟,0
2025/3/7 9:47,买张彩票，[尬笑],0
2025/3/7 9:47,先买根烤肠,0
2025/3/7 9:48,先买张彩票,0
2025/3/7 9:48,都花了，怎么坐车回家,0
2025/3/7 9:49,我觉得还是先买点药吧,0
2025/3/7 9:49,听哥的，好好活下去[感谢],0
2025/3/7 9:49,先买个馒头,0
2025/3/7 9:49,先打自己一巴掌，把自己打醒[泣不成声],0
2025/3/7 9:50,买把铁铲  提前挖好坑,1
2025/3/7 9:50,@Xzhen @四 @扎、 @汤达人测评牛仔 @m~~ @nana @锦鲤附体 @电子依赖症,0
2025/3/7 9:51,还得是拼好饭[泣不成声],0
2025/3/7 9:51,先买杯蜜雪冰城,0
2025/3/7 9:51,买双色球两元,0
2025/3/7 9:51,去买三张彩票吧[看],0
2025/3/7 9:51,先买一包魔芋爽爽一下,0
2025/3/7 9:52,是不是合金1:32模型都得分期[捂脸],0
2025/3/7 9:52,给我，先买个教训[大笑],1
2025/3/7 9:52,@琨 @?   想做一只喵丶 @sherley 哈哈哈哈哈,0
2025/3/7 9:52,直接买小米[呲牙],0
2025/3/7 9:52,先买瓶水压压惊吧[抠鼻],0
2025/3/7 9:53,哈哈哈哈哈哈哈,0
2025/3/7 9:53,先买饭吧,0
2025/3/7 9:53,蛋炒饭不加鸡蛋8块[泣不成声][泣不成声],0
2025/3/7 9:53,还是先买彩票吧[微笑],0
2025/3/7 9:53,先填饱肚子再说吧[捂脸],0
2025/3/7 9:53,[捂脸][捂脸][捂脸][捂脸][捂脸]笑死,0
2025/3/7 9:54,答应我 吃饱饭比什么都重要[皱眉],0
2025/3/7 9:54,先醒醒，别睡了[看],0
2025/3/7 9:54,买房,0
2025/3/7 9:54,先买彩票吧，给自己点盼头,0
2025/3/7 9:54,先买桶泡面加个卤蛋火腿肠,0
2025/3/7 9:54,先吃饱[泪奔],0
2025/3/7 9:54,哈哈哈哈哈哈哈[泪奔],0
2025/3/7 9:54,[九转大肠]拼好饭@毛毛·,0
2025/3/7 9:55,@蛋卷,0
2025/3/7 9:55,先买个煎饼果子，把温饱先解决了[抠鼻],0
2025/3/7 9:56,都买,0
2025/3/7 9:56,应该买个丝袜套头上去抢一波，成败在此一举,1
2025/3/7 9:56,先贷款  后订炉  小盒一躺  舒服舒服,0
2025/3/7 9:56,@二十四桥_,0
2025/3/7 9:57,买个枕头要不然老做梦[看],0
2025/3/7 9:57,压缩饼干,0
2025/3/7 9:57,哈哈哈，在梦里想想得了,0
2025/3/7 9:58,先买两个茶叶蛋，毕竟早上多少得吃点东西,0
2025/3/7 9:58,先谋生吧[看],0
2025/3/7 9:58,买日夜难眠,0
2025/3/7 9:58,处个对象吧，把彩礼钱先给咯[看],0
2025/3/7 9:59,[尬笑]先来一份炸酱面吧,0
2025/3/7 9:59,先买张彩票吧[泪奔],0
2025/3/7 9:59,先造梦,0
2025/3/7 10:00,水都喝不到某宝某山泉[捂脸],0
2025/3/7 10:00,应该先买碗,0
2025/3/7 10:00,一起买[坏笑][OK],0
2025/3/7 10:01,你这适合先投资，一本万利的那种，买彩票中个一等奖啥都有了,1
2025/3/7 10:01,先保命,0
2025/3/7 10:02,一起买啦,0
2025/3/7 10:02,先买碗，,0
2025/3/7 10:03,买瓶二锅头都不够,0
2025/3/7 10:03,先吃饭吧,0
2025/3/7 10:03,先买糖,0
2025/3/7 10:04,建议他先买俩馒头[捂脸],0
2025/3/7 10:04,下楼买包魔芋爽爽一下得了[看],0
2025/3/7 10:04,小孩子才做选择，零钱买房，零钱通买车[机智],0
2025/3/7 10:04,拼好饭,0
2025/3/7 10:04,以你目前的实力，超市门口完全够座10次摇摇车！[呲牙],0
2025/3/7 10:05,先五块钱买瓶二锅头，再二块钱买包花生米，吃好喝好后美美的睡一觉，在梦里车子房子美女什么都有了[捂脸],0
2025/3/7 10:05,买一片安眠药助眠，好做梦[看],0
2025/3/7 10:05,买瓶红牛,0
2025/3/7 10:05,先给我转五块，买个教训,1
2025/3/7 10:05,给我吧,0
2025/3/7 10:06,零钱通利率不一样？我是1.46,0
2025/3/7 10:06,买个馒头吧[暗中观察],0
2025/3/7 10:06,先赚钱[捂脸],0
2025/3/7 10:06,买俩馒头一包榨菜还能买瓶快乐水,0
2025/3/7 10:06,@耀耀 @如願 @舔狗 @优雅永不过时 @如果?? @个波好辣手,0
2025/3/7 10:06,先充电[捂脸],0
2025/3/7 10:07,先买一套果子,0
2025/3/7 10:07,零钱买房，零钱通买车，两不耽误，一个分期30年，一个分期28年,0
2025/3/7 10:07,先睡觉吧,0
2025/3/7 10:08,先买卫生巾[捂脸],1
2025/3/7 10:08,@kc.,0
2025/3/7 10:08,听我一句劝，都买[暗中观察],0
2025/3/7 10:08,拼好饭[灵机一动]够了,0
2025/3/7 10:08,先活着,0
2025/3/7 10:09,买个纸箱，晚上没地方睡觉,0
2025/3/7 10:10,买俩馒头,0
2025/3/7 10:10,先凑个整吧,0
2025/3/7 10:10,先醒醒,1
2025/3/7 10:10,买几个馒头,0
2025/3/7 10:11,买根淀粉肠，回去躺着[看][看],0
2025/3/7 10:11,先凑成9.9然后点个拼好饭,0
2025/3/7 10:11,先买个馒头[尬笑],0
2025/3/7 10:11,你这是想跨越阶级啊,1
2025/3/7 10:11,先买馍吧,0
2025/3/7 10:11,只能买白象,0
2025/3/7 10:11,@寻一曲安详,0
2025/3/7 10:12,买套煎饼果子都费劲,0
2025/3/7 10:12,啥也不买[呲牙],0
2025/3/7 10:13,先充电吧，没电了更危险[泪奔],0
2025/3/7 10:13,先睡觉，睡觉连饭都不用吃,0
2025/3/7 10:13,@??.p7 哈哈哈哈哈,0
2025/3/7 10:13,先睡吧,0
2025/3/7 10:13,买彩票,0
2025/3/7 10:14,买包辣条开心一下,0
2025/3/7 10:14,买张彩票，烧香中中中~啥都有了！[泪奔],0
2025/3/7 10:14,买个馍,0
2025/3/7 10:14,随便,0
2025/3/7 10:15,吃碗凉皮吧。,0
2025/3/7 10:15,足够了，零钱买房，零钱通买车[黑脸],1
2025/3/7 10:16,先吃饭[尬笑],0
2025/3/7 10:16,先还网贷,0
2025/3/7 10:16,@Aholic [憨笑],0
2025/3/7 10:17,先把钱转给我，买个教训,1
2025/3/7 10:17,先活着[微笑],0
2025/3/7 10:17,先活下去,0
2025/3/7 10:17,先去借钱[看],1
2025/3/7 10:18,@香橙儿～,0
2025/3/7 10:18,买杯奶茶刚好了,0
2025/3/7 10:19,最应该买碗和水啊！！！在路边坐一天，第二天饭钱就有了[抱抱你],0
2025/3/7 10:19,我建议你还是先考虑吃泡面还是吃面包,0
2025/3/7 10:19,零钱通买车，零钱买房,0
2025/3/7 10:19,先去买一瓶冰红茶pro[暗中观察],0
2025/3/7 10:19,买张彩票吧,0
2025/3/7 10:19,先买彩票吧,0
2025/3/7 10:19,先买馒头和水[呲牙],0
2025/3/7 10:19,先活着[捂脸],0
2025/3/7 10:19,@哆咪哆啦 笑死我了先买饭,0
2025/3/7 10:19,先睡吧,0
2025/3/7 10:20,先买米吧,0
2025/3/7 10:21,共享单车了解一下[看],0
2025/3/7 10:21,先睡觉,0
2025/3/7 10:21,[捂脸][捂脸]你先买个雪糕吃吃，静静！,0
2025/3/7 10:21,先买彩票，有可能实现,0
2025/3/7 10:21,先买包泡面分几天吃吧[不你不想],1
2025/3/7 10:21,先活着,0
2025/3/7 10:22,饭买不了，买摸摸头行[捂脸][捂脸],0
2025/3/7 10:22,先吃个早餐,0
2025/3/7 10:23,买个辣条吧,0
2025/3/7 10:23,别管有的没的 先给自己一棒子让自己昏睡过去 免得饿了还要花钱买东西吃[愉快],0
2025/3/7 10:23,可以了，七块钱在广西可以吃粥的自助餐，七块钱随便吃的那种,0
2025/3/7 10:24,我也差不多，要不我们先买个大点的碗吧[流泪][流泪][流泪][流泪][流泪][流泪],0
2025/3/7 10:24,先买几张彩票,0
2025/3/7 10:24,先糊口,0
2025/3/7 10:24,先买烤肠[看],0
2025/3/7 10:24,买个饼[呲牙],0
2025/3/7 10:25,@我的月亮永悬不落,0
2025/3/7 10:25,@x1nyu 笑死我了,0
2025/3/7 10:25,网上黑米粉的从来不敢黑雷总，因为他们也知道雷总真的不能黑[鞠躬],1
2025/3/7 10:25,买两个??吃吧,0
2025/3/7 10:25,希望雷总可以出一个小米mini车  宝妈们真的很需要 我想开小米的车接送孩子[捂脸]su7 我不敢开,0
2025/3/7 10:25,先买个医保,0
2025/3/7 10:25,先做梦@Eason.,1
2025/3/7 10:26,还是先充话费吧一会儿停机了看不到我们给你评论了,0
2025/3/7 10:26,还是先买米吧,0
2025/3/7 10:27,先醒醒,1
2025/3/7 10:27,先买个手套[捂脸],0
2025/3/7 10:27,先买口馒头让自己活着,0
2025/3/7 10:27,先买个包  子吧,0
2025/3/7 10:27,这种不管买什么都赚！,0
2025/3/7 10:27,可以多买几双筷子,0
2025/3/7 10:28,@Innocenth @真不吃了-—,0
2025/3/7 10:28,先提现,0
2025/3/7 10:28,先睡觉,0
2025/3/7 10:28,@热心王友.,0
2025/3/7 10:29,@地表最强谷蓺 [黑脸],1
2025/3/7 10:29,先买个眼罩，这样白天也好睡觉,0
2025/3/7 10:29,先买彩票,0
2025/3/7 10:29,等零钱通里长点利息再想想先买什么,0
2025/3/7 10:29,可以先吃个馍馍,0
2025/3/7 10:29,你还是买买蜜雪冰城呵呵吧,1
2025/3/7 10:29,先解决钱,0
2025/3/7 10:29,先买两瓶水再买俩馒头 最后买个手套 上工地弄几天先活下来吧,0
2025/3/7 10:29,@唯有星河入梦来丶,0
2025/3/7 10:29,这不是你该操心的事[看],1
2025/3/7 10:29,买辣条,0
2025/3/7 10:29,先买瓶燕京啤酒喝喝得了[愉快][愉快],0
2025/3/7 10:29,零钱买车，零钱通买房,0
2025/3/7 10:29,先买彩票吧,0
2025/3/7 10:30,买份烤冷面多加个蛋加个肠,0
2025/3/7 10:30,先贷款[不失礼貌的微笑],0
2025/3/7 10:30,先买包挂面吃吃吧,0
2025/3/7 10:30,[捂脸][捂脸][捂脸],0
2025/3/7 10:31,别怕，找个有房有小米的男朋友，一举三得,0
2025/3/7 10:31,先买个馒头,0
2025/3/7 10:31,套都买不起,0
2025/3/7 10:31,先买饭,0
2025/3/7 10:32,买桶豪华版粉面菜蛋吧[OK]还能再加跟火腿肠，喝一瓶矿泉水[比心]吃完洗了还能当饭碗使[看]（纯抽象，不含任何实际意义，保护！）,0
2025/3/7 10:32,思路一致了,0
2025/3/7 10:32,先睡觉,0
2025/3/7 10:32,@帅,0
2025/3/7 10:32,可以问deepseek，允许他说脏话吗,1
2025/3/7 10:32,先买饼咯,0
2025/3/7 10:33,买个馍吃饱睡一觉[不失礼貌的微笑],0
2025/3/7 10:33,先买个面包,0
2025/3/7 10:33,加我，给我转9块,1
2025/3/7 10:34,先买个铁腕,1
2025/3/7 10:34,虽然余额差不多 但是快乐就够了,0
2025/3/7 10:34,先买房,0
2025/3/7 10:35,先买个馒头吃保命要紧[感谢],0
2025/3/7 10:35,应该先买碗[捂脸],0
2025/3/7 10:35,买包泡面吧,0
2025/3/7 10:36,买彩票,0
2025/3/7 10:36,先睡，梦里啥都有,0
2025/3/7 10:37,这余额去楼下买根油条香一香够了,0
2025/3/7 10:37,先买个房车吧,0
2025/3/7 10:37,先保命[捂脸],0
2025/3/7 10:37,先买包泡面,0
2025/3/7 10:37,先买彩票,0
2025/3/7 10:38,全款拿下一根葱[看],0
2025/3/7 10:38,你先买瓶红乌苏，一口喝完，然后把自己一瓶子砸昏过去[呲牙],1
2025/3/7 10:38,@某人 @??susu @hyy,0
2025/3/7 10:39,先V我4块5 咱去领个证,0
2025/3/7 10:39,买个塑料口袋把自己憋死[流泪],1
2025/3/7 10:39,先买瓶纯净水  喝西北风的时候往下顺顺[呲牙],0
2025/3/7 10:40,@心动 [捂脸],0
2025/3/7 10:40,这么多钱就放零钱里面，不要命啦，快转入零钱通吃利息,0
2025/3/7 10:40,@刘小嗨 ??? @??甜 [捂脸],0
2025/3/7 10:40,应该先买馒头,0
2025/3/7 10:40,先买个糖吃吧 生活那么苦,0
2025/3/7 10:41,先买魔芋爽，爽就完了,0
2025/3/7 10:41,先活着,0
2025/3/7 10:41,@都别在管我了 @??太妃糖信女 @Echi 姐妹们，我和他一样纠结，快来帮我做选择好吗？,0
2025/3/7 10:42,先买瓶快乐肥仔水压压惊[捂脸],0
2025/3/7 10:42,都买，两个都是0首付[九转大肠],0
2025/3/7 10:42,先买蜜雪冰城,0
2025/3/7 10:42,先买饭吃吧,0
2025/3/7 10:42,先睡觉 梦里啥都有,0
2025/3/7 10:42,给我吧,0
2025/3/7 10:43,上面的买房   下面的买车[看][看]足够了,0
2025/3/7 10:43,@Cici不是呲呲 @想吃汉堡包?? @Air @Aka胜天半子 @??黄油战士 @pearl @望梁 @物是人非、,0
2025/3/7 10:43,买个面包先啃啃,0
2025/3/7 10:43,讲个价应该可以买个两块钱的冰淇淋??[捂脸][捂脸],0
2025/3/7 10:43,买个枕头都少了呀，兄弟,0
2025/3/7 10:44,你要选择的应该是  买大乐透还是双色球[呲牙],0
2025/3/7 10:44,先买彩票,0
2025/3/7 10:45,先买一包魔芋爽，让你自己爽一爽,1
2025/3/7 10:45,先买辣条[看],0
2025/3/7 10:45,先找个免费的网连上，不然啥都做不了,0
2025/3/7 10:45,买两包方便面＋火腿吃了睡觉，梦里买房买车,0
2025/3/7 10:46,@女和乔,0
2025/3/7 10:46,买一块钱馒头  三个，能吃三天。,0
2025/3/7 10:46,买彩票,0
2025/3/7 10:46,先买个碗[坏笑],0
2025/3/7 10:47,先吃饱,0
2025/3/7 10:47,要不买个正新鸡排给我吃吧，不够的我自己贴钱[不失礼貌的微笑],0
2025/3/7 10:47,@小吴很哇塞 @苏,0
2025/3/7 10:48,借8毛，去买张彩票,0
2025/3/7 10:48,完全没有必要纠结,0
2025/3/7 10:48,@骑是马加奇OvO,0
2025/3/7 10:48,先刷抖音,0
2025/3/7 10:48,@huang,0
2025/3/7 10:48,先养活自己[呲牙][呲牙],0
2025/3/7 10:49,哪里再凑一毛，买4注双色球，然后坐等[看][看][看],0
2025/3/7 10:50,7块钱发我吧，我帮你p个图。,0
2025/3/7 10:51,先买两桶方便面,0
2025/3/7 10:52,买车吧,0
2025/3/7 10:52,先买个馒头,0
2025/3/7 10:53,物价缩小100万倍，你行的,0
2025/3/7 10:53,先打开和平精英 你就什么都有了[不你不想],0
2025/3/7 10:54,先睡觉,0
2025/3/7 10:54,@28#,0
2025/3/7 10:54,先买一块钱小米粥,0
2025/3/7 10:55,买个枕头,0
2025/3/7 10:55,买个棒棒糖吧,0
2025/3/7 10:56,不买房，你车停哪儿,1
2025/3/7 10:56,先买一包头疼粉[捂脸],0
2025/3/7 10:56,先睡吧[看],0
2025/3/7 10:56,先存着吧,0
2025/3/7 10:56,买车吧[泣不成声],0
2025/3/7 10:57,先买一个城 蜜雪冰城[看],0
2025/3/7 10:57,先考虑明天上下班公交费够不[捂脸],0
2025/3/7 10:57,先活着[捂脸],0
2025/3/7 10:57,哈哈哈哈哈哈哈哈哈哈哈哈哈哈哈哈@吃啦么 @莓川颐芙,0
2025/3/7 10:58,先好好上班吧,0
2025/3/7 10:58,先睡觉，梦里啥都有[看],0
2025/3/7 10:58,先买瓶怡宝,0
2025/3/7 10:58,先买烟[捂脸],0
2025/3/7 10:58,买袋辣条吃吃,0
2025/3/7 10:59,留着吃一年80万的利息[尬笑],0
2025/3/7 10:59,买个手抓饼吃吃得了,0
2025/3/7 10:59,@Agonizing,1
2025/3/7 11:00,好搞笑，我老公去年想买蓝山，我不同意,0
2025/3/7 11:00,先买房吧，因为在梦里开车可能会掉下床[思考],0
2025/3/7 11:00,8块钱还不够吃饭，啥家庭啊[微笑],1
2025/3/7 11:01,先买几个馒头一包挂面坚持一段时间,0
2025/3/7 11:01,@听懒羊羊夸夸. @超辣鱼丸 哈哈哈看下顿吃啥,0
2025/3/7 11:02,先对付活着吧,1
2025/3/7 11:03,先买饭,0
2025/3/7 11:05,@Ｇ/qiang.,1
2025/3/7 11:05,换个钢镚座摇摇车,0
2025/3/7 11:05,先买药[发呆],0
2025/3/7 11:06,买馒头吧，能撑几天,0
2025/3/7 11:06,先解决温饱吧,0
2025/3/7 11:07,买几个馒头算了[暗中观察],0
2025/3/7 11:07,先买个烤肠吃吃吧,0
2025/3/7 11:08,先填饱肚子,0
2025/3/7 11:08,先买瓶酒喝完梦里啥都有,0
2025/3/7 11:08,先充电吧没电了,0
2025/3/7 11:08,买个板板躺平平[呲牙],0
2025/3/7 11:08,先买两包魔芋爽给自己爽一下吧,0
2025/3/7 11:09,买五毛钱米种，明年就有米吃了[尬笑],0
2025/3/7 11:09,买个保险吧,0
2025/3/7 11:09,先活命,0
2025/3/7 11:09,先买棒棒糖,0
2025/3/7 11:09,先买个棒棒糖吃吃吧,0
2025/3/7 11:10,先买个彩票吧,0
2025/3/7 11:11,买个馒头,0
2025/3/7 11:11,拼好饭的救赎,0
2025/3/7 11:11,买个彩票吧，搏一把,0
2025/3/7 11:11,@? @是茜不是Xi 嘻嘻,0
2025/3/7 11:11,水还要买 水龙头多的很,0
2025/3/7 11:11,先买顿饭吃吃吧[奸笑],1
2025/3/7 11:12,买房吧，,0
2025/3/7 11:12,买包辣条吧,0
2025/3/7 11:12,@［#］ 笑死我了,0
2025/3/7 11:13,能买两袋辣条唉,0
2025/3/7 11:13,我建议先买个彩票 万一呢 两个都有了[尬笑],0
2025/3/7 11:14,先活,0
2025/3/7 11:14,先活着,0
2025/3/7 11:14,先拼好饭吧,0
2025/3/7 11:14,怎么，看不我我拼好饭的购买能力[微笑],0
2025/3/7 11:15,先买个馒头！我怕你会饿晕[捂脸],0
2025/3/7 11:15,先买个辣条想想,0
2025/3/7 11:15,先进厂吧,0
2025/3/7 11:15,先买双色球大乐透，快乐八[灵机一动],0
2025/3/7 11:15,先活着,0
2025/3/7 11:16,先买个面包,0
2025/3/7 11:16,先小心自动续费[看],0
2025/3/7 11:17,买两包辣条吃吃吧,0
2025/3/7 11:18,[捂脸][捂脸][捂脸][捂脸][捂脸],0
2025/3/7 11:18,先买根淀粉肠给我吃[尬笑][尬笑][尬笑][尬笑],0
2025/3/7 11:18,先睡觉，毕竟睁着眼是做不了梦的喔！,0
2025/3/7 11:18,@没良心的狗东西.,1
2025/3/7 11:18,哈哈哈哈哈,0
2025/3/7 11:18,先买猪脚饭[看],0
2025/3/7 11:19,买个馒头吧，冬天冷,0
2025/3/7 11:19,先买两包泡面吧[呲牙][呲牙][呲牙],0
2025/3/7 11:19,先买个彩票，搏一搏，单车变摩托[暗中观察],0
2025/3/7 11:19,买份保险,0
2025/3/7 11:20,@今晚要早睡,0
2025/3/7 11:20,@继续睡,0
2025/3/7 11:21,买瓶好点的水也买不了[捂脸],0
2025/3/7 11:21,好,0
2025/3/7 11:21,先睡觉,0
2025/3/7 11:21,买包辣条吧孩子[玫瑰],0
2025/3/7 11:21,先醒醒[九转大肠],0
2025/3/7 11:21,买房吧.埋土里躺着安逸,0
2025/3/7 11:22,先买个鸡蛋[泣不成声],0
2025/3/7 11:22,买了否冷[灵机一动],0
2025/3/7 11:22,@JJJJJ,0
2025/3/7 11:22,先买水喝,0
2025/3/7 11:22,先买两个馒头加包辣条过完今天吧,0
2025/3/7 11:22,先买彩票,0
2025/3/7 11:22,先吃利息吧,0
2025/3/7 11:23,@L-0712,0
2025/3/7 11:23,[泪奔],0
2025/3/7 11:23,那个最便宜的大米买二斤，然后去菜市场捡点烂菜叶子你还能活一段时间,1
2025/3/7 11:24,先吃饭吧[捂脸],0
2025/3/7 11:24,回家交水电费,0
2025/3/7 11:24,买俩核桃吧,0
2025/3/7 11:24,先活着[捂脸],0
2025/3/7 11:24,先买彩票[捂脸],0
2025/3/7 11:24,先去坐个摇摇车[看],0
2025/3/7 11:24,先活着[微笑],0
2025/3/7 11:24,攒攒买个彩票吧,0
2025/3/7 11:25,买包辣条 去村口蹲着吃,0
2025/3/7 11:25,先睡醒[酷拽],0
2025/3/7 11:25,买张彩票吧,0
2025/3/7 11:25,先买瓶水 喝口清醒清醒,0
2025/3/7 11:25,还是先买包纸擦眼泪吧,1
2025/3/7 11:26,先吃饱[九转大肠],0
2025/3/7 11:26,买饭配送费怎么办[暗中观察],0
2025/3/7 11:26,可以一起拿下  [尬笑],0
2025/3/7 11:26,水都要1.2,0
2025/3/7 11:26,先打开美团拼好饭,0
2025/3/7 11:27,摇摇车可以坐的[看],0
2025/3/7 11:27,好奇如果自动泊车的时候再控制方向盘会怎么样[听歌],0
2025/3/7 11:27,你这点钱 下楼买包魔芋爽爽一下吧,1
2025/3/7 11:27,@早点睡?? @潇?? @QI ?,0
2025/3/7 11:27,@??翻斗花园牛爷爷??,0
2025/3/7 11:28,先买桶泡面吧[捂脸],0
2025/3/7 11:28,@青春,0
2025/3/7 11:29,先睡觉[抱抱你],0
2025/3/7 11:29,先砍拼多多[看][看][看],1
2025/3/7 11:29,@君君君君君??,0
2025/3/7 11:30,和我想的一样,0
2025/3/7 11:30,[捂脸][捂脸],0
2025/3/7 11:30,[泣不成声],0
2025/3/7 11:31,先买自行车,0
2025/3/7 11:31,你这个门禁卡掉了都要分三期买[暗中观察],1
2025/3/7 11:31,只有空气是免费的[捂脸],0
2025/3/7 11:31,下楼买根糖吃完早点睡,0
2025/3/7 11:31,先买药,0
2025/3/7 11:32,先买个包子吧,0
2025/3/7 11:32,还是你会评论,0
2025/3/7 11:32,先买个碗??,0
2025/3/7 11:32,手抓饼,0
2025/3/7 11:33,先买瓶牛奶喝了睡一觉[微笑],0
2025/3/7 11:33,先睡觉[尬笑],0
2025/3/7 11:33,先睡觉[泪奔],0
2025/3/7 11:33,先还花呗[看],0
2025/3/7 11:33,买瓶假酒吧，梦里啥都有了,1
2025/3/7 11:33,@YIRS @海葵 @W… [宕机],0
2025/3/7 11:34,先挣钱,0
2025/3/7 11:34,先买张彩票,0
2025/3/7 11:35,买两袋方便面嚼嚼[宕机],0
2025/3/7 11:35,泡面吧，还能加两个蛋,0
2025/3/7 11:35,先睡觉，梦里面什么都有[流泪],0
2025/3/7 11:35,买什么水啊 自来水管饱,0
2025/3/7 11:36,水都两块了，买一个馒头吧,0
2025/3/7 11:36,先贷款[送心],0
2025/3/7 11:37,努努力七块钱买房2块钱买车啊！犹豫啥呢,1
2025/3/7 11:37,@吖啾 @不爱吃葱白 偏要点开看[捂脸][捂脸][捂脸],0
2025/3/7 11:37,先挂号,0
2025/3/7 11:38,洗了早点睡，最低消费,0
2025/3/7 11:38,我不做选择，都买,0
2025/3/7 11:38,先买旺仔QQ糖吧 [捂脸],0
2025/3/7 11:39,一起买，这么多钱想买啥买啥,0
2025/3/7 11:39,先买合作医疗,0
2025/3/7 11:39,买米吧,0
2025/3/7 11:40,买点瓜子磕吧[捂脸],0
2025/3/7 11:40,先买棒棒糖[捂脸],0
2025/3/7 11:40,哈哈哈哈哈笑的老大声了,0
2025/3/7 11:40,先买枕头,0
2025/3/7 11:41,先买蜜雪,0
2025/3/7 11:42,先买一杯蜜雪冰城再说吧,0
2025/3/7 11:42,小米售后能不快吗？就一个销售剩下全是售后，手慢无[流泪],0
2025/3/7 11:42,@star 哈哈哈,0
2025/3/7 11:42,先买桶泡面[尬笑][尬笑][尬笑],0
2025/3/7 11:42,亲戚来了留着买红糖水,0
2025/3/7 11:43,先买个馒头充充饥[偷笑],0
2025/3/7 11:43,先买个蜗牛壳再买粒大米，OK全解决,0
2025/3/7 11:43,先醒醒,1
2025/3/7 11:43,先买个馍吃吧[抠鼻],0
2025/3/7 11:43,@倾青木 哈哈哈先买饭,0
2025/3/7 11:43,先活着,0
2025/3/7 11:43,都买[比心],0
2025/3/7 11:43,买包方便面配个火腿肠,0
2025/3/7 11:43,先买张彩票,0
2025/3/7 11:44,先做梦哈哈哈哈[抱抱你],0
2025/3/7 11:44,@爱喝汤的李哇噻 哈哈哈哈哈哈,0
2025/3/7 11:44,别纠结，一起拿下没问题的[赞],0
2025/3/7 11:44,给我买个鸡腿吃,0
2025/3/7 11:45,买张刮刮乐吧，说不定房车都有了,0
2025/3/7 11:45,你这存款预算车房完全是够的啊两个都买吧,0
2025/3/7 11:45,@245. 哈哈哈哈哈哈哈哈,0
2025/3/7 11:46,买付手套搬砖最实在[赞],0
2025/3/7 11:47,先买包烟[黑脸],1
2025/3/7 11:47,先买猪脚饭,0
2025/3/7 11:47,买两注彩票吧 说不定中了呢,0
2025/3/7 11:47,卖自己,1
2025/3/7 11:48,买水都难,0
2025/3/7 11:48,饭可以不吃，先买水续命[笑哭],0
2025/3/7 11:49,@百事。,0
2025/3/7 11:49,这可怎么活呀 不像我上个月工资还剩三百[黑脸][黑脸][黑脸][黑脸][黑脸][黑脸][黑脸][黑脸][黑脸][黑脸],0
2025/3/7 11:49,先买美团拼好饭,0
2025/3/7 11:49,先点个拼好饭压压惊[看],0
2025/3/7 11:49,在凑几角9.9买条黑丝套头上，成功了车房一起买,0
2025/3/7 11:49,打车都费劲,0
2025/3/7 11:50,先醒醒,1
2025/3/7 11:50,啊，说好等我一起你不等了吗,0
2025/3/7 11:50,小米，可以买2斤,0
2025/3/7 11:51,先把番茄小说卸载了,1
2025/3/7 11:51,买8块钱馒头吃好几天,0
2025/3/7 11:51,炒饭,0
2025/3/7 11:51,买个大大卷吧,0
2025/3/7 11:51,买杯蜜雪冰城,0
2025/3/7 11:51,先买张彩票，梭哈,0
2025/3/7 11:51,一起买,0
2025/3/7 11:52,买点花生米吧,0
2025/3/7 11:52,零钱买房 零钱通买车[赞],0
2025/3/7 11:52,先买个馍吧,0
2025/3/7 11:53,你想的有点多了[捂脸],0
2025/3/7 11:53,一顿早餐还是绰绰有余的,0
2025/3/7 11:53,先求生[捂脸],0
2025/3/7 11:54,买一颗褪黑素好好睡一觉,0
2025/3/7 11:54,拼好饭都吃不起了[看],0
2025/3/7 11:54,先买个辣条吃吃吧,0
2025/3/7 11:55,多买两个馒头吧，抗饿,0
2025/3/7 11:55,@Crazyjiang,0
2025/3/7 11:55,买杯蜜雪冰城吧,0
2025/3/7 11:55,买个碗,0
2025/3/7 11:55,先睡吧,0
2025/3/7 11:55,先活着[看],0
2025/3/7 11:55,买2包辣条得了,0
2025/3/7 11:56,先活着[坏笑],1
2025/3/7 11:56,先存银行[捂脸],0
2025/3/7 11:56,先充电吧好不好,0
2025/3/7 11:56,先买蜜雪,0
2025/3/7 11:56,买个盆吧[捂脸],0
2025/3/7 11:57,先赚钱,0
2025/3/7 11:57,先找个班上,0
2025/3/7 11:57,还是先点个拼多多吧,0
2025/3/7 11:57,@??南风 @Ooii [笑哭],0
2025/3/7 11:57,先买个QQ糖吃吧,0
2025/3/7 11:58,先醒过来[捂脸],0
2025/3/7 11:58,先买个馒头吃饱了再想咯[九转大肠],0
2025/3/7 11:58,先吃饱饭！[抱抱你],0
2025/3/7 11:58,一起买。反正都是目标 还是大一点体面,1
2025/3/7 11:58,先买彩票吧,0
2025/3/7 11:58,先买个彩票吧,0
2025/3/7 11:58,鱼和熊掌都得要   都买！[看],0
2025/3/7 11:58,和我一样 先做个好梦哟[捂脸],0
2025/3/7 12:00,先买个淀粉肠,0
2025/3/7 12:00,先保命吧,0
2025/3/7 12:00,先做个美梦,0
2025/3/7 12:00,我买su7ultra还差两块钱，不行你就先借我吧[蜜蜂狗],0
2025/3/7 12:01,了,0
2025/3/7 12:01,先贷款干迈巴赫,1
2025/3/7 12:02,先买根棒棒糖 让你尝点甜头,0
2025/3/7 12:02,本来想劝你花个3000买个电动车跑外卖，想了想还是买个盆吧,1
2025/3/7 12:02,玩具车吗？好像玩具车要几十块钱,0
2025/3/7 12:02,买包辣条得了,0
2025/3/7 12:02,@**春日的憧憬. 哈哈哈哈哈先买饭,0
2025/3/7 12:02,先吃饭[捂脸],0
2025/3/7 12:02,不过了[尬笑],0
2025/3/7 12:03,先考虑下今天中午吃啥吧,0
2025/3/7 12:03,先买车吧，因为车比房少几“笔”。,0
2025/3/7 12:03,这个可以在拼好饭吃一顿了[泪奔],0
2025/3/7 12:03,留着买馒头吧。还能撑几天[捂脸],0
2025/3/7 12:03,先考虑上清华还是北大[呲牙],0
2025/3/7 12:04,先买手纸，做梦流哈喇子可以擦,1
2025/3/7 12:04,别纠结就买窝，蜗壳全款拿下,0
2025/3/7 12:04,先醒醒,1
2025/3/7 12:04,先买馒头吃[尬笑],0
2025/3/7 12:05,先睡觉吧,0
2025/3/7 12:06,先想想明天吃啥吧。[泣不成声],0
2025/3/7 12:06,不够买乌龟??粮的，养了好几年了，夏天又要到了，天天刷[流泪][流泪][流泪],0
2025/3/7 12:06,先买药,0
2025/3/7 12:06,先活着就好,0
2025/3/7 12:07,先买碗??,0
2025/3/7 12:07,先去楼下买两包魔芋爽爽爽吧,0
2025/3/7 12:07,先买饭,0
2025/3/7 12:07,先买泡面[泪奔],0
2025/3/7 12:08,最近也考虑过这个问题[泪奔],0
2025/3/7 12:08,蜜雪冰城都要贷款才拿得下[酷拽],0
2025/3/7 12:08,@九,0
2025/3/7 12:08,买房车,0
2025/3/7 12:08,先搞钱,0
2025/3/7 12:09,先买个蜜雪冰城,0
2025/3/7 12:09,预判了我的预判,0
2025/3/7 12:09,先活着吧兄弟[捂脸],0
2025/3/7 12:09,先买瓶二锅头吧,0
2025/3/7 12:09,先买一个星期的馒头，顶过一个星期再考虑,0
2025/3/7 12:09,先买裤腰带,0
2025/3/7 12:09,买泡面,0
2025/3/7 12:09,去超市买包纸，擦擦眼泪,0
2025/3/7 12:10,@园了个园??,0
2025/3/7 12:10,先活着,0
2025/3/7 12:10,先买个面包吃饭,0
2025/3/7 12:10,先买两注双色球[抠鼻],0
2025/3/7 12:10,先睡觉，梦里啥都有,0
2025/3/7 12:10,买彩票吧,0
2025/3/7 12:11,买泡面,0
2025/3/7 12:11,先买个冰激凌，醒醒神[呲牙],0
2025/3/7 12:11,买馒头,0
2025/3/7 12:11,够买香纸拜拜神[泪奔],0
2025/3/7 12:11,先买可乐,0
2025/3/7 12:12,@Aaa,0
2025/3/7 12:12,先回家找爸妈[流泪],0
2025/3/7 12:12,买彩票，中了啥都有了,0
2025/3/7 12:12,买车吧 预算也够了 买房还差点,0
2025/3/7 12:12,先吃两个包子再说[捂脸],0
2025/3/7 12:12,先买床，好做梦,0
2025/3/7 12:12,先醒醒,1
2025/3/7 12:13,买包纸再买瓶菠萝啤 边喝边哭 [呆无辜],0
2025/3/7 12:13,水都要两块钱,0
2025/3/7 12:13,先买粒泡泡糖[捂脸],0
2025/3/7 12:13,[抠鼻][抠鼻][抠鼻],0
2025/3/7 12:13,买瓶百威喝了睡觉吧[捂脸],0
2025/3/7 12:13,先睡觉，梦里什么都有,0
2025/3/7 12:13,先睡觉,0
2025/3/7 12:13,先买包辣条[舔屏],0
2025/3/7 12:13,买个馍馍，多嚼会还甜,0
2025/3/7 12:13,先照顾好自己[捂脸],0
2025/3/7 12:14,@? [思考],0
2025/3/7 12:14,先买包辣条压压惊吧[呲牙],0
2025/3/7 12:14,先买两馒头[看],0
2025/3/7 12:14,先申个低保吧,1
2025/3/7 12:14,蜜雪吧,1
2025/3/7 12:15,先活下去吧[比心],0
2025/3/7 12:15,买命,1
2025/3/7 12:15,拼好饭吃中毒了[捂脸],0
2025/3/7 12:15,你可以买小米，大米，黑米，米老头,0
2025/3/7 12:15,先睡觉吧,0
2025/3/7 12:15,买根香吧[感谢],0
2025/3/7 12:15,先买支体温计,0
2025/3/7 12:15,买了车把生活费都用了，日子还过不过了,0
2025/3/7 12:16,俩天方便面可以[奸笑],1
2025/3/7 12:16,先买彩票[舔屏][舔屏][舔屏],0
2025/3/7 12:16,冰激凌[眼含热泪],0
2025/3/7 12:16,@海绵??,0
2025/3/7 12:16,先买个馒头,0
2025/3/7 12:16,先买个碗，然后去天桥,0
2025/3/7 12:16,先找个工作或者先买个碗,0
2025/3/7 12:17,买块板砖吧[呲牙],1
2025/3/7 12:17,买个彩票吧,0
2025/3/7 12:17,买七星彩,0
2025/3/7 12:17,先买饭盆[捂脸],0
2025/3/7 12:17,直接买房车，不用纠结,0
2025/3/7 12:17,双色球吧,0
2025/3/7 12:17,蜜雪冰城等着你,0
2025/3/7 12:17,不如买个棒棒糖??[微笑],0
2025/3/7 12:17,买辣条,0
2025/3/7 12:17,先睡觉,0
2025/3/7 12:18,差不多可以买了，清明节差不多到了,0
2025/3/7 12:18,先买包辣条吃下[捂脸],0
2025/3/7 12:18,[捂脸],0
2025/3/7 12:19,先买包辣条姐妹,0
2025/3/7 12:19,借钱买个彩票吧,0
2025/3/7 12:19,现在拼多多花0.5毛买爱因斯坦的脑子。,1
2025/3/7 12:20,不用买了，我送你一套??,0
2025/3/7 12:20,二元店买个绳子吧，太乐观我受不了[捂脸],1
2025/3/7 12:21,一起买吧，这样就有房车了,0
2025/3/7 12:21,先吃饱[捂脸][捂脸],0
2025/3/7 12:21,先买一包卫龙吃吃吧[黑脸][黑脸][强壮],0
2025/3/7 12:21,同时搞 就没得选择焦虑了[看],0
2025/3/7 12:21,买呗冰雪蜜城喝喝[微笑],0
2025/3/7 12:22,先买个东北大馒头吧，白米饭都要3块钱,0
2025/3/7 12:22,先睡觉,0
2025/3/7 12:22,成功的女人都买??姐妹去,1
2025/3/7 12:22,先转零钱通,0
2025/3/7 12:22,馒头就咸菜,0
2025/3/7 12:22,我建议 先谋生[泣不成声],0
2025/3/7 12:22,我说呢，为啥我们去买车，那销售一直给我介绍，忽略我老公，原来他是懂的销售[泪奔],0
2025/3/7 12:22,当然是都买啊[看],0
2025/3/7 12:23,先充电吧，再纠结下去......九块大洋腹死胎中[呆无辜],1
2025/3/7 12:23,买袋小米,0
2025/3/7 12:23,先花八元买一句我叫你老板,1
2025/3/7 12:23,先买馒头吧[捂脸],0
2025/3/7 12:24,先留住狗命为上[看][看],0
2025/3/7 12:24,先吃饱吧[捂脸],0
2025/3/7 12:24,@一路繁花,0
2025/3/7 12:24,买碗热干面加个蛋,0
2025/3/7 12:24,房,0
2025/3/7 12:24,先买酒，就能买车买房了[色],1
2025/3/7 12:24,@大爷爱抽象 [泪奔][泪奔][泪奔][泪奔],0
2025/3/7 12:24,先买馒头[捂脸][捂脸][捂脸],0
2025/3/7 12:24,一起买,0
2025/3/7 12:25,[尬笑],0
2025/3/7 12:25,先买水吧,0
2025/3/7 12:25,待会qq音乐会员自动扣费就别心思别的了,0
2025/3/7 12:25,先买碗，没钱了还可以要[看],1
2025/3/7 12:26,@果粒c,0
2025/3/7 12:26,先活着吧,0
2025/3/7 12:26,哈哈哈哈,0
2025/3/7 12:27,买两包辣条吃就行了,0
2025/3/7 12:27,@￣??￣? 呀呀！ @一只万,0
2025/3/7 12:27,先挂号[尬笑],0
2025/3/7 12:27,先买裤腰带,0
2025/3/7 12:27,淀粉肠，买两个,0
2025/3/7 12:27,买个塑料袋体验一下窒息感,1
2025/3/7 12:27,先睡觉,0
2025/3/7 12:28,先买根棒棒糖吃吃 边吃边想,0
2025/3/7 12:28,先睡觉[微笑],0
2025/3/7 12:29,先醒来上班，梦里太好醒了就该烦了[抱抱你],0
2025/3/7 12:29,桥洞住一晚就清醒了[捂脸],1
2025/3/7 12:29,买一天的意外保险给自己开个瓢车房到手,1
2025/3/7 12:29,要不一起吧，没差别的[泪奔][泪奔],0
2025/3/7 12:30,这边建议先买瓶酒吧,0
2025/3/7 12:30,我喝水呢[酷拽],0
2025/3/7 12:30,买根淀粉肠,0
2025/3/7 12:30,先买盆,0
2025/3/7 12:30,来把你手机给我，你的360借条里有20w,1
2025/3/7 12:31,买成旧番薯咁,1
2025/3/7 12:31,要不，先买包康师傅边吃边想[泣不成声],0
2025/3/7 12:31,买俩淀粉肠分我一根,0
2025/3/7 12:31,先买金针菇[看],0
2025/3/7 12:31,先买旧大头菜吧,0
2025/3/7 12:31,先想想你明天一天吃饭怎么办[看],0
2025/3/7 12:31,买挂面，可以吃一周[泪奔],0
2025/3/7 12:32,先买个冰棍冷静冷静,0
2025/3/7 12:32,憋纠结了转给我得了[流泪],0
2025/3/7 12:32,先给我  我买杯奶茶,0
2025/3/7 12:32,先谋生再谈车房,0
2025/3/7 12:32,乖，先睡觉,0
2025/3/7 12:32,先保命,0
2025/3/7 12:32,先买瓶啤酒和瓜子吧,0
2025/3/7 12:32,这边建议先买个枕头,0
2025/3/7 12:32,买小米啊，熬粥能坚持很久。,1
2025/3/7 12:33,你们都错了，在群里发红包，会有很多人夸你,0
2025/3/7 12:33,买菜吧,0
2025/3/7 12:33,先活着,0
2025/3/7 12:33,先睡觉,0
2025/3/7 12:33,先睡觉吧[玫瑰],0
2025/3/7 12:33,先买个3d,0
2025/3/7 12:33,先买颗褪黑素，睡觉啥都有了,0
2025/3/7 12:33,先活着[宕机],0
2025/3/7 12:34,买棒棒糖吧你[思考],0
2025/3/7 12:34,先吃饱饭[玫瑰],0
2025/3/7 12:34,买个拼好饭还要分三期[看],0
2025/3/7 12:34,先买斤米吧[捂脸],0
2025/3/7 12:34,先活着[灵机一动],0
2025/3/7 12:35,先买彩票吧[看],0
2025/3/7 12:35,先买饭，哈哈哈哈[泪奔]@我还是猪猪侠,0
2025/3/7 12:35,发给我买份肠粉吃[看],0
2025/3/7 12:35,留着保命,0
2025/3/7 12:35,@华夏郝学长（江西专升本）,0
2025/3/7 12:35,买瓶水把自己灌醉,1
2025/3/7 12:35,买醉比较好,0
2025/3/7 12:35,先把早饭吃了,0
2025/3/7 12:35,先点拼好饭,0
2025/3/7 12:36,先洗脸,0
2025/3/7 12:36,我好想换这款[呲牙]就是不爱新能源的绿牌[流泪][流泪][流泪],0
2025/3/7 12:36,买包金针菇利益最大化,0
2025/3/7 12:36,买房车,0
2025/3/7 12:36,先睡觉,0
2025/3/7 12:36,@WHY?,0
2025/3/7 12:36,先买个煎饼果子吧,0
2025/3/7 12:36,先买个开关,0
2025/3/7 12:36,你那后面单位是亿吧,0
2025/3/7 12:36,先拼好饭吧,0
2025/3/7 12:36,先填饱肚子[捂脸],0
2025/3/7 12:36,买个彩票都不够[捂脸],0
2025/3/7 12:37,买馒头，能吃一个星期,0
2025/3/7 12:37,哈哈哈哈哈哈哈hi才哈哈[大笑][大笑][大笑][大笑],0
2025/3/7 12:37,@DD?,0
2025/3/7 12:37,@MeNg??,0
2025/3/7 12:37,先买枕头[尬笑],0
2025/3/7 12:37,先活着吧,0
2025/3/7 12:37,先买点米吧,0
2025/3/7 12:38,先买酱油,0
2025/3/7 12:38,先睡觉  梦里啥都有[抠鼻],0
2025/3/7 12:38,买笼小笼包,0
2025/3/7 12:38,我建议你还是先买米[我想静静][我想静静][我想静静],0
2025/3/7 12:38,先买一个馒头[捂脸][捂脸],0
2025/3/7 12:39,差一点就火了[捂脸],0
2025/3/7 12:39,把零钱通的钱转去零钱  然后再点个拼好饭,0
2025/3/7 12:40,@四万万???,1
2025/3/7 12:40,先买棒棒糖哄哄自己[呲牙],0
2025/3/7 12:40,先买点米,0
2025/3/7 12:40,@KFC在逃蛋挞 @iisluda- @---659---,0
2025/3/7 12:40,7.97个亿，随便买随便花[看],0
2025/3/7 12:40,买大米吧,0
2025/3/7 12:40,一起拿下[赞],0
2025/3/7 12:41,@??简白 [泪奔],0
2025/3/7 12:41,能好好活着，就已经很好了[可怜],0
2025/3/7 12:41,@O @喜大王！ 哈哈哈哈,0
2025/3/7 12:41,先纠结吧,0
2025/3/7 12:41,先赚钱吧[看],0
2025/3/7 12:41,拼夕夕买个枕头，梦里啥都有,0
2025/3/7 12:41,先睡觉吧,0
2025/3/7 12:41,@爱嘤嘤嘤斯坦,1
2025/3/7 12:42,先买个窝窝头吧[泪奔],0
2025/3/7 12:42,@就你话最多,1
2025/3/7 12:42,去楼下小卖部买一条魔芋爽吧！别想了,0
2025/3/7 12:42,先买饭吧,0
2025/3/7 12:42,买个眼罩[送心]睡着了什么都有,0
2025/3/7 12:42,先买烟[看],0
2025/3/7 12:42,先买纸巾吧，不然等会上厕所没纸了[看],0
2025/3/7 12:43,先花完,0
2025/3/7 12:43,买馍馍吧,0
2025/3/7 12:43,买饭也买不起了,0
2025/3/7 12:43,买房车[看],0
2025/3/7 12:43,我觉得先买个卫生纸喽,0
2025/3/7 12:43,先买点泡面[灵机一动],0
2025/3/7 12:43,饭都不够[黑脸],1
2025/3/7 12:44,先做个美梦吧[呲牙],1
2025/3/7 12:44,可以吃碗粉[强壮],0
2025/3/7 12:44,房价过两年还要跌，所以建议你先买车。,0
2025/3/7 12:44,买俩冰棒得了,0
2025/3/7 12:44,买个Photoshop[比心],0
2025/3/7 12:44,还不少呢,0
2025/3/7 12:45,甚至连电量都快不够了,0
2025/3/7 12:45,买房车,0
2025/3/7 12:45,先清醒一点吧[捂脸][捂脸],1
2025/3/7 12:45,去买个手抓饼,0
2025/3/7 12:45,先买碗[灵机一动],0
2025/3/7 12:45,哈哈哈哈哈哈先点拼好饭吧,0
2025/3/7 12:45,先打工[尬笑],0
2025/3/7 12:46,上面那个买车下面那个买房[捂脸],0
2025/3/7 12:46,买个冰激凌都不够[捂脸],0
2025/3/7 12:46,攒够了买彩票[微笑],0
2025/3/7 12:46,买房,0
2025/3/7 12:46,@会倒飞的鱼,0
2025/3/7 12:46,四年前先买车买宝马7系，今年在买房地产送你一辆小米SU7。三年前买同样的房的话，和现在买房相比损失一辆宝马7系和一辆SU7。,0
2025/3/7 12:47,先买车吧[呲牙],0
2025/3/7 12:47,@Yik- @__?? @?? 倾尽,0
2025/3/7 12:47,买瓶冰露吧,0
2025/3/7 12:47,给我买份烤冷面,0
2025/3/7 12:47,分期，首付三层买…………利群,0
2025/3/7 12:47,买个烤串七七吧,0
2025/3/7 12:48,兄弟，听我的，零钱买房，零钱通买车，妥妥的人生赢家,0
2025/3/7 12:48,先喝西北风[呲牙],1
2025/3/7 12:48,先买车,0
2025/3/7 12:48,先贷款,0
2025/3/7 12:49,先买个棒棒糖，边吃边做想，想想就很甜[大笑],0
2025/3/7 12:49,没看到银行卡或者支付宝余额  不好说[看],0
2025/3/7 12:49,先入睡吧[黑脸],0
2025/3/7 12:49,可以团购两个华莱士汉堡8块,0
2025/3/7 12:49,先买两根肠,0
2025/3/7 12:49,先好好吃饭[捂脸],0
2025/3/7 12:49,哈哈哈哈哈还是先买杯蜜雪喝喝吧[泪奔],0
2025/3/7 12:49,@满天欣,0
2025/3/7 12:50,先买彩票吧,0
2025/3/7 12:50,@自动打怪·疯疯,0
2025/3/7 12:50,@Day,0
2025/3/7 12:51,先抖音看看附近有没有便宜的午饭先[听歌],0
2025/3/7 12:51,买个馒头吧[泪奔],0
2025/3/7 12:51,拼好饭了解一下,0
2025/3/7 12:51,买包纸巾哭的时候不会太大声,0
2025/3/7 12:52,买个枕头晚上好做梦[泪奔],0
2025/3/7 12:52,@鱼鱼?? @ln @α... @雪碧比较好喝 @一只小拖鞋.,0
2025/3/7 12:52,买个碗，买根筷子，坐路口,0
2025/3/7 12:52,先买彩票,0
2025/3/7 12:52,先买米[看],0
2025/3/7 12:52,买辣条[看],0
2025/3/7 12:52,[发呆],0
2025/3/7 12:52,拼好饭,0
2025/3/7 12:52,买杯蜜雪喝喝算啦,0
2025/3/7 12:52,先买饭吧[宕机],0
2025/3/7 12:52,重要吗[疑问],0
2025/3/7 12:53,先活着[泪奔],0
2025/3/7 12:53,先醒醒[捂脸],0
2025/3/7 12:53,先买个杂粮饼,0
2025/3/7 12:53,[大笑],0
2025/3/7 12:53,给我吧，买个教训,1
2025/3/7 12:53,买彩票,0
2025/3/7 12:54,先买1块钱2个的大馒头吧,0
2025/3/7 12:54,@勺 @西迪    讪雷 @考虑,1
2025/3/7 12:54,充个流量包等等火了你都看不到了[捂脸],0
2025/3/7 12:54,把钱给我，我帮你花[黑脸],1
2025/3/7 12:54,@??此名称已被注册,1
2025/3/7 12:55,先买温饱吧[听歌],0
2025/3/7 12:55,先把自动扣费取消掉,0
2025/3/7 12:55,先买包纸巾 因为在被窝偷偷哭有得擦 毕竟最近雨水多 总被子擦增加成本,0
2025/3/7 12:55,先做梦，饭都不够买了[泪奔],1
2025/3/7 12:55,先买泡面跟榨菜！,0
2025/3/7 12:56,先买个炸肠，还剩下钱那[呲牙],0
2025/3/7 12:56,先吃饱,0
2025/3/7 12:56,哈哈哈哈哈哈哈哈哈哈哈哈,0
2025/3/7 12:56,@围  墙,0
2025/3/7 12:57,买个馒头先,0
2025/3/7 12:57,先活着,0
2025/3/7 12:58,换个硬币楼下摇一摇得了[不失礼貌的微笑],0
2025/3/7 12:58,买彩票什么都有了[呲牙],0
2025/3/7 12:58,哈哈哈哈哈哈话粗理不粗,0
2025/3/7 12:58,拼好饭[送心],0
2025/3/7 12:59,可以先买一瓶矿泉水,0
2025/3/7 12:59,先吃个肉包子吧[色],0
2025/3/7 12:59,买彩票[玫瑰],0
2025/3/7 12:59,司机泊车技术可以分为新手和老手，不分男司机或女司机，我们女孩子泊车也很好的[呲牙],0
2025/3/7 13:00,还是先睡觉吧,0
2025/3/7 13:00,@椿和 [黑脸],1
2025/3/7 13:01,先给我买个雪糕,0
2025/3/7 13:01,来广西吃碗粉,0
2025/3/7 13:01,买张刮刮乐都得劲[发呆],0
2025/3/7 13:01,先买豆腐,0
2025/3/7 13:01,先有钱,0
2025/3/7 13:01,饭还得买拼好饭[思考],0
2025/3/7 13:02,买一包魔芋爽爽一下算了,0
2025/3/7 13:02,买个蜗牛，能当车能当房[左上],0
2025/3/7 13:02,先吃饭???,0
2025/3/7 13:02,别买了 别饿坏了[泣不成声],0
2025/3/7 13:02,先考虑看看今天晚上睡桥洞还是管道吧。。,1
2025/3/7 13:02,买三张彩票,0
2025/3/7 13:02,买包魔芋爽爽爽得了,0
2025/3/7 13:02,买根辣条，辣到哭，不挺好[看],0
2025/3/7 13:02,买根冰棍，让寒冷的心更冷[呲牙],1
2025/3/7 13:03,先幻想[捂脸],0
2025/3/7 13:03,先买两根香,1
2025/3/7 13:04,买个碗，去天桥、去夜市、去大超市门口！开局一个碗，小米开回家[奸笑][奸笑][奸笑],0
2025/3/7 13:04,先买方便面[耶],0
2025/3/7 13:04,@Z小赵??,0
2025/3/7 13:04,先买根辣条尝尝咸淡,0
2025/3/7 13:04,买一个??，净赚230[看],0
2025/3/7 13:05,一碗酸辣粉，一定要小份,0
2025/3/7 13:05,先醒醒[捂脸],1
2025/3/7 13:05,买桶泡面吧,0
2025/3/7 13:06,先起床,0
2025/3/7 13:06,灌斤白酒倒进去，就可以做梦了[泪奔],0
2025/3/7 13:06,买根雪糕得了,0
2025/3/7 13:06,拼好饭,0
2025/3/7 13:06,买两个馒头 一个鸡蛋 加一瓶矿泉水 管饱,0
2025/3/7 13:07,还是先买泡面吧[捂脸]！饭不卖给他[捂脸],0
2025/3/7 13:07,先买两个肉包垫肚子吧[呲牙],0
2025/3/7 13:07,买根肠刚刚好,0
2025/3/7 13:07,先起床,0
2025/3/7 13:07,买包辣条吃吧,0
2025/3/7 13:08,买盐,0
2025/3/7 13:08,买个象棋吧[绿帽子][绿帽子][绿帽子][绿帽子],1
2025/3/7 13:08,这一幕太像现在中学时代成绩的竞争程度，本身成绩就好的人看不起或者嘲笑比他成绩差的人，但真正把成绩努力上来的人更加同情或更愿意帮助比他成绩落后的人[捂脸],0
2025/3/7 13:08,@早点睡觉哦??,0
2025/3/7 13:08,7块钱买房，剩下一两块钱买车,0
2025/3/7 13:08,@蛋挞大王,0
2025/3/7 13:09,买个烤肠,0
2025/3/7 13:09,小爱同学可不可以帮我掉头[笑哭]有些很窄的路真不想自己来[笑哭]停车功能在村里用不上，没有画车位[笑哭],0
2025/3/7 13:09,包子吧,0
2025/3/7 13:09,先醒醒,1
2025/3/7 13:10,先起床,0
2025/3/7 13:10,这个时代，钱包里有9个多，已经是人中龙凤了[赞],0
2025/3/7 13:10,馒头都涨价了[捂脸],0
2025/3/7 13:10,买张彩票,0
2025/3/7 13:10,唯一没办法售后的 好像是山东那辆[憨笑][赞],0
2025/3/7 13:10,买桶泡面加根火腿肠，奖励一下贫穷的自己,0
2025/3/7 13:10,你还是先买俩棒棒糖 让自己尝点甜头吧[我想静静],0
2025/3/7 13:11,哈哈哈哈哈哈,0
2025/3/7 13:11,先买药??,0
2025/3/7 13:11,有没有可能饭都吃不上，馒头包子吧[捂脸][捂脸],0
2025/3/7 13:11,先睡觉吧,0
2025/3/7 13:11,贷款两个一起把,0
2025/3/7 13:11,先买彩票,0
2025/3/7 13:11,买包辣条,0
2025/3/7 13:11,点个拼好饭,0
2025/3/7 13:12,先借给我[看],0
2025/3/7 13:12,先吃饭,0
2025/3/7 13:12,先买饭吧兄弟,0
2025/3/7 13:12,先睡觉，,0
2025/3/7 13:12,刚好够一碗蛋炒饭[看],0
2025/3/7 13:12,先吃饱,0
2025/3/7 13:12,先买个肉夹馍吧,0
2025/3/7 13:12,先买钱??,1
2025/3/7 13:13,买大米吧,0
2025/3/7 13:13,先买俩馒头吧，能放得久一些,0
2025/3/7 13:13,先买流量吧[耶],0
2025/3/7 13:13,还是先找男人吧[灵机一动],1
2025/3/7 13:13,买根冰棍冷静一下,0
2025/3/7 13:13,先买彩票吧,0
2025/3/7 13:14,买一张彩票，说不定什么都有了,0
2025/3/7 13:14,先买包盐吧,0
2025/3/7 13:14,先买袋糖吃，让自己开心点,0
2025/3/7 13:14,@-?刺猬的刺?,0
2025/3/7 13:14,先买袋糖吃，让自己开心一点，因为以后都是苦日子了[微笑],0
2025/3/7 13:15,先买枕头,0
2025/3/7 13:15,拼好饭[泣不成声],0
2025/3/7 13:15,先买个馒头,0
2025/3/7 13:15,必须都一起买啊！又不是没那实力！,0
2025/3/7 13:15,哈哈哈哈笑死我了,0
2025/3/7 13:15,先吃肉晚上好做梦,0
2025/3/7 13:16,去买包塔尖，坐路边喝风,0
2025/3/7 13:16,先买泡面[害羞],0
2025/3/7 13:16,先买萝卜，吃了做好梦,0
2025/3/7 13:16,买包五毛辣条,0
2025/3/7 13:17,还是先买个馒头吧,0
2025/3/7 13:17,先买烤肠吧你,0
2025/3/7 13:17,买瓶酒喝了睡睡吧[微笑],0
2025/3/7 13:17,先买两馒头,0
2025/3/7 13:17,买房吧，毕竟房子不可能给别人看房产证[暗中观察]   车子是真能开出去，当你只要张嘴说自己有多少就行[暗中观察],1
2025/3/7 13:17,先买彩票其余都好说,0
2025/3/7 13:17,先想一想下个月怎么养你那两张电话卡,1
2025/3/7 13:18,7块首付买房，1块首付买车,0
2025/3/7 13:18,@Zqxin 先买啥啊,0
2025/3/7 13:18,先买个棒棒糖,0
2025/3/7 13:18,先睡觉,0
2025/3/7 13:18,先给手机充电吧,0
2025/3/7 13:18,先买快乐水吧ヽ快乐一阵是一阵,0
2025/3/7 13:19,先买白粥,0
2025/3/7 13:19,先买彩票,0
2025/3/7 13:20,先买馍，再买包榨菜,0
2025/3/7 13:20,还是先买个馒头吧,0
2025/3/7 13:20,先买饭,0
2025/3/7 13:20,拼好饭都够呛[捂脸],0
2025/3/7 13:20,纸的应该都买不起吧[流泪],1
2025/3/7 13:20,@阿叶,0
2025/3/7 13:21,先解决温饱问题吧,0
2025/3/7 13:21,去做个摇摇车  喝风速度快一点,1
2025/3/7 13:21,@发财花,0
2025/3/7 13:21,去菜市场买一把野山椒醒醒瞌睡[抠鼻][抠鼻],0
2025/3/7 13:22,@大叔有点甜,0
2025/3/7 13:22,先买根辣条解解馋吧,0
2025/3/7 13:23,先买一打矿泉水解解渴,0
2025/3/7 13:24,先买桶泡面吧,0
2025/3/7 13:24,先保命,0
2025/3/7 13:24,格局打开，车房一起买[尬笑],0
2025/3/7 13:24,先保障温饱问题,0
2025/3/7 13:24,买双手套 搬砖吧饿不死,1
2025/3/7 13:25,买张福利彩票搏一搏,0
2025/3/7 13:25,先买水吧,0
2025/3/7 13:25,先交电费,0
2025/3/7 13:25,先买俩馒头吧[九转大肠],0
2025/3/7 13:26,买瓶二锅头喝了早早睡就啥都有了。[呲牙][呲牙][呲牙],0
2025/3/7 13:26,先买杯 蜜雪冰城，压压惊！,0
2025/3/7 13:26,先睡一觉吧[绝望的凝视],0
2025/3/7 13:26,凑几个瓶子，买彩票吧,0
2025/3/7 13:26,买彩票，中3注一等奖，房车一起买,0
2025/3/7 13:27,买馒头更适合吧[捂脸][捂脸],0
2025/3/7 13:27,@十七， @厌离 @疯子 @古月方源 @蜜酱?Doris @???????????? @迪迦,0
2025/3/7 13:27,先买馒头,0
2025/3/7 13:27,先买辣条[捂脸],0
2025/3/7 13:27,先买米,0
2025/3/7 13:28,[呲牙],0
2025/3/7 13:28,买彩票吧，胜算有一半呢[看],0
2025/3/7 13:28,先睡个觉,0
2025/3/7 13:28,先充电，哈哈哈哈哈,0
2025/3/7 13:29,你就宠她吧,0
2025/3/7 13:29,这个??只能买葱,1
2025/3/7 13:30,买个辣条吧宝,0
2025/3/7 13:30,买个馍馍吃得了,0
2025/3/7 13:31,先活着吧[捂脸],0
2025/3/7 13:31,拼好饭都不够[捂脸],0
2025/3/7 13:31,[捂脸][OK]@Dear.,0
2025/3/7 13:31,买包辣条吧,0
2025/3/7 13:31,先卖肾[捂脸][捂脸][捂脸],0
2025/3/7 13:32,要不哥们你先坐坐楼下摇摇车[泪奔][泪奔][泪奔][泪奔],1
2025/3/7 13:32,先买根淀粉肠吧,0
2025/3/7 13:32,先买火腿肠,0
2025/3/7 13:32,先去小卖部买包辣条压压惊,0
2025/3/7 13:33,先醒醒[不失礼貌的微笑],0
2025/3/7 13:33,先买烟吧[泣不成声],0
2025/3/7 13:33,拼好饭都是奢侈,0
2025/3/7 13:33,@奶油?? @LH7迷鹿,0
2025/3/7 13:34,@WaiTT,0
2025/3/7 13:34,先给我,0
2025/3/7 13:34,先买榨菜,0
2025/3/7 13:34,买包卫龙尝尝味,0
2025/3/7 13:34,买两包子得了[笑哭],0
2025/3/7 13:34,先买个枕头[泪奔],0
2025/3/7 13:34,先解决温饱吧[九转大肠],0
2025/3/7 13:35,买包纸?2个馒头，边吃边哭,0
2025/3/7 13:35,先睡觉[泪奔],0
2025/3/7 13:35,买根烟抽吧,0
2025/3/7 13:35,你零钱通收益率为啥那么高？,0
2025/3/7 13:36,先拼好饭,0
2025/3/7 13:36,先睡觉梦里什么都有,0
2025/3/7 13:36,先买我的心宝贝儿。7块9毛7转过来。,1
2025/3/7 13:37,听我的，先买煎饼果子,0
2025/3/7 13:38,不行先买张彩票呢,0
2025/3/7 13:38,@顾不美,0
2025/3/7 13:38,白米饭小摊1-2块一个打包盒[看]剩下五块还能买个鸡腿[看],0
2025/3/7 13:39,先活着吧[微笑],0
2025/3/7 13:39,买个枕头[泣不成声],0
2025/3/7 13:40,先嫁人吧,1
2025/3/7 13:40,我觉得可以先买一辆玩具车划算。,0
2025/3/7 13:40,还得是拼好饭,0
2025/3/7 13:40,先买套   房吧,0
2025/3/7 13:40,去超市买个厚实点的袋子套头上，感受几分钟高原反应,1
2025/3/7 13:40,先买个曾小贤版至尊豪华双倍超厚培根手抓饼吃吃压压惊,0
2025/3/7 13:41,先卖肾[看],1
2025/3/7 13:41,单位是亿？,0
2025/3/7 13:42,不要做选择 都买,0
2025/3/7 13:42,@你的二哥。 好纠结,0
2025/3/7 13:43,建议你这边转给我，我准备买公寓  评论区的大家都可以转给我哈我就靠你们了，兄弟们[看][看],0
2025/3/7 13:44,先买两根淀粉肠吃吧，别问我为什么是两根[看],0
2025/3/7 13:45,先买几根香，借个火机点起来,1
2025/3/7 13:45,先点顿拼好饭[流泪],0
2025/3/7 13:45,先买杯蜜雪冰城,0
2025/3/7 13:45,先睡觉[调皮],0
2025/3/7 13:45,买包辣条,0
2025/3/7 13:45,先躺下,0
2025/3/7 13:46,@止痛药,1
2025/3/7 13:46,先去吃饭,0
2025/3/7 13:47,要不先进厂吧[九转大肠],0
2025/3/7 13:47,买房,0
2025/3/7 13:47,@808bass?? 笑死我了,0
2025/3/7 13:47,先去赚钱[你不大行],1
2025/3/7 13:48,紧跟实事[捂脸][OK],0
2025/3/7 13:49,要不先来包辣条，考虑考虑,0
2025/3/7 13:49,先买两个馒头吃[捂脸],0
2025/3/7 13:49,先清零吧[看]小数点很难受,1
2025/3/7 13:49,先买跟淀粉肠,0
2025/3/7 13:49,先吃饱[看],0
2025/3/7 13:49,泡面，可行。,0
2025/3/7 13:49,@_YUuuu_?? @刘宝成功 @小月呀? @公主 先买奶茶,0
2025/3/7 13:50,买两个包子吃吧,0
2025/3/7 13:50,沙县一份花生酱拌面[看],0
2025/3/7 13:50,先活下去[坏笑],1
2025/3/7 13:51,先卖房再卖车,0
2025/3/7 13:52,先买个钵,0
2025/3/7 13:52,《重生之物价超级贬值但我有两笔巨款》,0
2025/3/7 13:52,先卖彩票,0
2025/3/7 13:52,先买药,0
2025/3/7 13:52,楼下买杯蜜雪冰城吧[微笑],0
2025/3/7 13:53,用放心借，先把房买好，再还进去,0
2025/3/7 13:53,先买两个魔芋爽爽一爽[憨笑],0
2025/3/7 13:53,一起买吧，又不是没这个实力[暗中观察][暗中观察],0
2025/3/7 13:54,拼好饭还是可以的,0
2025/3/7 13:54,买两根淀粉肠吧,0
2025/3/7 13:54,买根小布丁吃吃,0
2025/3/7 13:54,@'?' @鼬 @晒太阳蛋,0
2025/3/7 13:55,@丹妮Danny @西蓝花狂热爱好者 @似朝朝亦暮暮 笑晕了,0
2025/3/7 13:56,先买肉夹馍吧兄弟,0
2025/3/7 13:56,转我我告诉你先买啥,0
2025/3/7 13:57,先买单,0
2025/3/7 13:57,@特别美?? 哈哈哈哈哈哈哈,0
2025/3/7 13:58,下楼买两包泡面吧,0
2025/3/7 13:58,买3根烤肠都费劲,0
2025/3/7 13:59,哈哈哈哈哈,0
2025/3/7 13:59,@音音,0
2025/3/7 13:59,@伤感的男人,0
2025/3/7 14:00,先睡一觉 梦里啥都有,0
2025/3/7 14:00,先给手机充电,0
2025/3/7 14:01,先买俩馒头吃吧,0
2025/3/7 14:01,@急支糖姜?? @嘟嘟 @QWQ @??LUUU,0
2025/3/7 14:01,一份白米饭喊老板送点泡菜吧[泪奔][泪奔][泪奔],0
2025/3/7 14:02,一份白米饭喊老板送点泡菜吧[泪奔][泪奔][泪奔],0
2025/3/7 14:02,先保命吧,0
2025/3/7 14:02,啊[尬笑],0
2025/3/7 14:03,买个蛋糕许愿都不够,0
2025/3/7 14:03,买桶泡面在买根肠在路边蹲着吃，剩一块在买一瓶矿泉水。,0
2025/3/7 14:03,[泪奔][泪奔],0
2025/3/7 14:03,先买奶茶[看],0
2025/3/7 14:04,先干饭吧,0
2025/3/7 14:04,"这种情况先买车。然后再用车挣钱。然后再用钱生钱。最后去银行开张支票，把钱存进去
吃的利息差不多，坚持个两三年。你就财富自由了。最后的最后再回到这个话题，买车还是买房，看你心情[赞]",0
2025/3/7 14:05,成年人不做选择，都买[呲牙],0
2025/3/7 14:05,买根绳子,1
2025/3/7 14:05,先买包子，饭吃不起,0
2025/3/7 14:05,先买俩馍,0
2025/3/7 14:05,战醒醒,0
2025/3/7 14:06,一步到位，买房车,0
2025/3/7 14:06,@我睡觉的时候不困. 哈哈哈哈,0
2025/3/7 14:07,不行，买份饭吧，一会儿饭都买不起了，只能饿肚子,0
2025/3/7 14:08,先活着[泪奔],0
2025/3/7 14:08,买个辣条辣辣的超好吃[不失礼貌的微笑],0
2025/3/7 14:08,买块砖，给自己敲晕，梦里啥都有,1
2025/3/7 14:09,先保命,0
2025/3/7 14:09,你这个纠结从哪来？,1
2025/3/7 14:09,抖音上买吗,0
2025/3/7 14:09,先吃小份的牛肉拉面不要牛肉，然后再冷静一会先[泣不成声],0
2025/3/7 14:10,买个棍子，把自己砸晕，梦里面什么都有,1
2025/3/7 14:10,先买小米,0
2025/3/7 14:11,先买包泡面吧[看],0
2025/3/7 14:12,买对象,1
2025/3/7 14:12,预感谢你把房价打下来[捂脸],0
2025/3/7 14:12,不应该先买盒吗？，估计也就这三五天的事了,0
2025/3/7 14:12,先买张彩票,0
2025/3/7 14:13,买地瓜吧,0
2025/3/7 14:13,先买泡面吧，不然以后都没机会了,0
2025/3/7 14:14,先买保险吧 我怕我冲动[酷拽],1
2025/3/7 14:14,先存款,0
2025/3/7 14:14,@陈鱼,0
2025/3/7 14:15,先买药,0
2025/3/7 14:15,能买拼好饭[摸头],0
2025/3/7 14:15,先睡觉,0
2025/3/7 14:16,买彩票,0
2025/3/7 14:18,先解决温饱问题再说吧！[尬笑],0
2025/3/7 14:18,我觉得先卖肾比较合适,1
2025/3/7 14:18,拼好饭[泪奔][泪奔],0
2025/3/7 14:19,买瓶矿泉水缓一下,0
2025/3/7 14:19,先买棒棒糖??,0
2025/3/7 14:19,先买根火腿肠，垫垫肚子，好睡觉做梦[捂脸][捂脸][捂脸],0
2025/3/7 14:19,先活下来,0
2025/3/7 14:20,拼好饭,0
2025/3/7 14:20,上面买车下面买房,0
2025/3/7 14:20,要不众筹给我吧，365天给你安排一天,1
2025/3/7 14:21,买菜,0
2025/3/7 14:21,先回家吧，孩子,0
2025/3/7 14:22,先睡觉，做梦比较快,0
2025/3/7 14:22,买辣条[看],0
2025/3/7 14:22,现刷医保看病,0
2025/3/7 14:23,买房车吧[看][看],0
2025/3/7 14:23,拼好饭,0
2025/3/7 14:23,先吃饭,0
2025/3/7 14:23,混的真惨，分付都没得[微笑],1
2025/3/7 14:24,先买两张彩票吧,0
2025/3/7 14:24,先活着[尬笑],0
2025/3/7 14:24,自来水烧烧还能喝[捂脸],0
2025/3/7 14:25,先买睡吧,0
2025/3/7 14:25,先买个早餐才有力气干活,0
2025/3/7 14:26,先买包子吃吃吧,0
2025/3/7 14:26,先吃饭吧[捂脸],0
2025/3/7 14:27,先买我  便宜1759  还有点留给你用[奸笑][奸笑][奸笑],1
2025/3/7 14:27,买两包辣条吃吃[蜜蜂狗],0
2025/3/7 14:27,买辣条，先舒坦一会儿[泣不成声],0
2025/3/7 14:27,@律， @(?><?）,0
2025/3/7 14:28,[发怒],1
2025/3/7 14:28,买个刮刮乐[泣不成声],0
2025/3/7 14:28,买辣条,0
2025/3/7 14:29,@每天都好困呀 先吃饭,0
2025/3/7 14:30,@建材批发彪哥1972 [笑哭],0
2025/3/7 14:31,先买药,0
2025/3/7 14:31,先买根棒棒糖吃吧[比心],0
2025/3/7 14:32,先活着,0
2025/3/7 14:32,哈哈哈,0
2025/3/7 14:32,先买包辣条 斯哈～一下,0
2025/3/7 14:32,还得是拼好饭[呲牙],0
2025/3/7 14:32,@不会打篮球的教练,0
2025/3/7 14:32,先转我买个教训吧[微笑],0
2025/3/7 14:33,先交电费吧[泣不成声],0
2025/3/7 14:34,先扫个充电宝充电吧...[看],0
2025/3/7 14:34,先吃饭，吃饱了再胡思乱想[泪奔],0
2025/3/7 14:34,彩票,0
2025/3/7 14:34,哈哈哈哈哈哈哈哈哈,0
2025/3/7 14:35,[泪奔],0
2025/3/7 14:35,路边买个煎饼都加不了肠[泣不成声],0
2025/3/7 14:35,先活着吧,0
2025/3/7 14:36,先买2个馒头，填下肚子[捂脸],0
2025/3/7 14:36,先保命吧,0
2025/3/7 14:36,7块钱买房1块钱买车，车房都有了,0
2025/3/7 14:36,先贷款,0
2025/3/7 14:36,先买包辣条吧,0
2025/3/7 14:37,先去买个碗，然后去街上要，还能挣钱[捂脸],1
2025/3/7 14:37,@my,0
2025/3/7 14:38,我尿黄，不要钱,1
2025/3/7 14:38,先把花呗还了[呲牙],0
2025/3/7 14:38,买个老公，让他去当牛马[笑哭][笑哭],1
2025/3/7 14:38,买瓶水浇头上 凉快凉快,0
2025/3/7 14:39,买袋泡面吧[比心],0
2025/3/7 14:39,零钱买房，零钱通买车[看],0
2025/3/7 14:39,先买个枕头做个美梦[比心],0
2025/3/7 14:40,先来块士力架吧[捂脸],0
2025/3/7 14:40,买点空气[看],0
2025/3/7 14:41,先买泡面[舔屏],0
2025/3/7 14:42,买个房车啊，不纠结[抠鼻][抠鼻],0
2025/3/7 14:42,扫个共享单车,0
2025/3/7 14:43,先买瓶红牛,0
2025/3/7 14:44,先活着[呲牙],0
2025/3/7 14:44,[发呆],0
2025/3/7 14:44,先睡觉[看],0
2025/3/7 14:45,@与你岁岁年年,0
2025/3/7 14:46,先买拼好饭，饱餐一顿[呲牙],0
2025/3/7 14:46,自来水不能喝？,0
2025/3/7 14:46,精准拦截,0
2025/3/7 14:46,先活下来,0
2025/3/7 14:46,我建议先买个菜煎饼吃,0
2025/3/7 14:47,@…N @gun @路明非,0
2025/3/7 14:47,你先买个辣条然后再分我一半,0
2025/3/7 14:47,拼好饭呀[看],0
2025/3/7 14:48,先买几包泡面吃吃吧，吃了好睡觉[不失礼貌的微笑],0
2025/3/7 14:48,先睡觉  梦里啥都有[微笑],0
2025/3/7 14:48,先买包烟，思考一下干点啥吧,0
2025/3/7 14:49,@小桃酱???,0
2025/3/7 14:49,先买包泡面吃三天先[看],0
2025/3/7 14:49,买四注双色球吧，8块钱投资一千万的项目,0
2025/3/7 14:50,@思钱想瘦???? 哈哈哈哈哈哈哈哈哈哈哈,0
2025/3/7 14:51,@岄莫 哈哈哈哈哈哈哈哈哈哈哈哈,0
2025/3/7 14:51,先买馒头吧,0
2025/3/7 14:52,8,0
2025/3/7 14:52,先睡觉吧,0
2025/3/7 14:53,买2斤大米2包炸菜[灵机一动][灵机一动]够生活一个星期了[玫瑰][玫瑰],0
2025/3/7 14:54,@恋人香克斯,0
2025/3/7 14:54,先买个放大镜,0
2025/3/7 14:55,买双色球,0
2025/3/7 14:55,找个人养你[害羞],1
2025/3/7 14:56,删了让我发[黑脸],1
2025/3/7 14:57,先充电吧,0
2025/3/7 14:58,先活着,0
2025/3/7 14:58,@*??陈OK @乌啦啦 @辣辣子 @小渝- @用户3256856252226  一人众筹一点 给我买[看],0
2025/3/7 14:58,先买辣条吧,0
2025/3/7 14:59,买个包子吃吧[看]不然怎么买车买房,1
2025/3/7 14:59,@网名叫什么？ @meng. [捂脸],0
2025/3/7 14:59,先拼夕夕砍一刀,1
2025/3/7 15:00,先睡觉，然后啥都有啦[泪奔],0
2025/3/7 15:00,给你1.9,0
2025/3/7 15:00,先买条丝袜套上,1
2025/3/7 15:00,先生活吧[泪奔],0
2025/3/7 15:01,可以买杯蜜雪冰城[暗中观察],0
2025/3/7 15:01,吃饱再想这个问题吧[看],0
2025/3/7 15:01,1.9w吗,0
2025/3/7 15:02,先买房拿到房本再贷款去买车,0
2025/3/7 15:03,拼好饭！,0
2025/3/7 15:04,先找张图片[捂脸],0
2025/3/7 15:04,先买两斤米[灵机一动],0
2025/3/7 15:04,买个仔仔棒吃得了,0
2025/3/7 15:05,比我多,0
2025/3/7 15:05,先好好睡一觉吧,0
2025/3/7 15:06,买袋塑料袋，街上捡瓶子，攒钱,0
2025/3/7 15:06,@王一宝,0
2025/3/7 15:06,有时候喝两瓶水挺好的[捂脸],0
2025/3/7 15:06,这是第一次倒车入库这么成功，就在昨天中午[流泪]激动得很,0
2025/3/7 15:07,先活着吧,0
2025/3/7 15:07,买饭还买不了超过10块的[捂脸],0
2025/3/7 15:08,吃个拼好饭都费劲[看],0
2025/3/7 15:08,先买两个馒头和咸菜,0
2025/3/7 15:08,买房车，这样不用纠结了。,0
2025/3/7 15:09,扫辆骑骑得了,0
2025/3/7 15:09,听不见,0
2025/3/7 15:11,买个手抓饼加根肠[尬笑],0
2025/3/7 15:11,先买点泡面以备不时之需,0
2025/3/7 15:12,吃完这顿没有下一顿[看],0
2025/3/7 15:12,借点钱[看],0
2025/3/7 15:12,先睡觉吧我觉得比较梦里什么都有,0
2025/3/7 15:12,@洋洋洋,0
2025/3/7 15:12,先买两个馒头我觉得,0
2025/3/7 15:13,先贷款！,1
2025/3/7 15:13,先买鸡蛋吧早餐[流泪]听我的,0
2025/3/7 15:14,先买米饭,0
2025/3/7 15:14,先买个加蛋的煎饼果子[比心],0
2025/3/7 15:15,先醒来[看],0
2025/3/7 15:15,先做个美梦比较好,0
2025/3/7 15:15,先凑十块,0
2025/3/7 15:16,先活下来,0
2025/3/7 15:16,先买包方便面,0
2025/3/7 15:16,先买药,0
2025/3/7 15:17,趁天还没黑，赶紧睡个觉,0
2025/3/7 15:17,一起吧,0
2025/3/7 15:18,一起买[他急了],0
2025/3/7 15:18,先买两包方便面吧,0
2025/3/7 15:18,@白橘鹿,0
2025/3/7 15:19,买蜜雪冰城,0
2025/3/7 15:19,先买两包挂面，别饿死,1
2025/3/7 15:19,先活着,0
2025/3/7 15:20,小孩子才做选择，都拿下[比心],0
2025/3/7 15:20,记住周一到周四放零钱通是最划算的。,0
2025/3/7 15:20,[捂脸][捂脸],0
2025/3/7 15:21,先睡觉[尬笑],0
2025/3/7 15:21,先帮我买份狼牙土豆[泪奔],0
2025/3/7 15:21,先吃饭[比心],0
2025/3/7 15:21,@寂,0
2025/3/7 15:21,拼好饭 你值得拥有[尬笑][尬笑][尬笑],0
2025/3/7 15:22,先买盐,0
2025/3/7 15:22,转给我，我告诉全广东人民你买了车买了房,1
2025/3/7 15:22,先活到后天再说,0
2025/3/7 15:22,出门右转买包辣条吃吃,0
2025/3/7 15:22,如果是油车 或者油电混 我一定会买 我真的太喜欢了[流泪],0
2025/3/7 15:23,买包QQ糖吃了算了[笑哭],0
2025/3/7 15:23,格局大点，咱一起买[捂脸],0
2025/3/7 15:24,既然可以这样，为什么科二不给我过。车身扫线不给我过[流泪][流泪][流泪][流泪],0
2025/3/7 15:24,先看病，挂号费5元，还有两元早上买个包子吃,0
2025/3/7 15:24,冰红茶，要最凉的那种，,0
2025/3/7 15:24,先买包辣条压压惊,0
2025/3/7 15:25,小孩子才做选择，成年人是都要，你这个余额完全可以都想要。,0
2025/3/7 15:25,@伽蓝寺听雨,0
2025/3/7 15:26,先顾命吧[不失礼貌的微笑],0
2025/3/7 15:26,先吃饭,0
2025/3/7 15:28,买个烤肠吧,0
2025/3/7 15:28,一起实现,0
2025/3/7 15:28,各行友商：到底哪行小米挤不进来[裂开],1
2025/3/7 15:28,[黑脸],1
2025/3/7 15:28,先买包辣条[宕机],0
2025/3/7 15:28,哈哈哈哈,0
2025/3/7 15:28,先买支笔，再买个画本，接下来房子车子都有了,0
2025/3/7 15:29,先睡觉[微笑],0
2025/3/7 15:30,先买张彩票[笑哭],0
2025/3/7 15:30,买包烟吧,0
2025/3/7 15:31,先睡觉,0
2025/3/7 15:31,先买双手套吧，一天也不会饿死的，去工地搬一天砖，先活下去再说[泪奔],0
2025/3/7 15:32,先去买彩票，再去睡一觉[机智],0
2025/3/7 15:32,@辞旧 @九千七 我先吃饭[泣不成声],0
2025/3/7 15:32,先买彩票,0
2025/3/7 15:33,先保命[捂脸],0
2025/3/7 15:34,先睡觉[看],0
2025/3/7 15:34,可以先买一瓶大瓶的东方树叶[尬笑][尬笑],0
2025/3/7 15:34,@心偏张,0
2025/3/7 15:35,便利店门口两块钱坐一下摇摇车就行,0
2025/3/7 15:35,先买一副象棋，有车，还帅[赞],0
2025/3/7 15:35,先纠结,0
2025/3/7 15:36,别人都叫我网络喷子 黑子 只有雷总叫我比较活跃的网友[流泪][流泪]我哭死,1
2025/3/7 15:37,先买俩馒头,0
2025/3/7 15:38,哈哈哈哈哈哈,0
2025/3/7 15:38,房子比较贵，你先用余额里的钱买房。车现在普遍都在降价了，可以用余额宝的钱买，我觉得不用一定分先后，可以同时进行[比心],0
2025/3/7 15:38,先脱贫[玫瑰],0
2025/3/7 15:39,先去两元店买三金,1
2025/3/7 15:39,Hi bb kn v b ^_^^_^e?yun@m''m8-dd/m/''/misiako,1
2025/3/7 15:40,买个糖,0
2025/3/7 15:40,先活着,0
2025/3/7 15:40,先买江小白，梦里就有了[捂脸][捂脸],0
2025/3/7 15:41,差7块买包烟麻烦转过来下,0
2025/3/7 15:41,先注意看看有没有连续包月[微笑],0
2025/3/7 15:42,先充电，不然7也不显示了,0
2025/3/7 15:42,转给我，买个教训[看],1
2025/3/7 15:43,先活着,0
2025/3/7 15:43,先买一双手套，上工地搬砖200,1
2025/3/7 15:43,买包卫生巾都得分期[捂脸],0
2025/3/7 15:43,先充电,0
2025/3/7 15:44,买桶泡面配一根肠,0
2025/3/7 15:44,一起买[尬笑],0
2025/3/7 15:44,楼下小卖部买几包辣条,0
2025/3/7 15:44,先睡觉,0
2025/3/7 15:45,笑死了,0
2025/3/7 15:45,先下楼买包辣条,0
2025/3/7 15:45,先活着[微笑][微笑],0
2025/3/7 15:45,买个馒头[赞],0
2025/3/7 15:45,先买张彩票[捂脸],0
2025/3/7 15:46,@偏执美少女??????????? 哈哈哈,0
2025/3/7 15:47,这不随便买,0
2025/3/7 15:47,先买两桶泡面,0
2025/3/7 15:47,先吃个手抓饼吧[看],0
2025/3/7 15:48,先买杯蜜雪冰城,0
2025/3/7 15:48,先买一个高一点的枕头好做梦[赞],0
2025/3/7 15:48,@在阴雨天复活,0
2025/3/7 15:48,百度  高德  腾讯,0
2025/3/7 15:50,先买俩馒头垫吧巴垫巴,0
2025/3/7 15:50,先拼单吃拼好饭,0
2025/3/7 15:50,预判我+1,0
2025/3/7 15:51,先醒醒,1
2025/3/7 15:51,先买房，所谓衣、食、住、行嘛，按这顺序来,0
2025/3/7 15:52,馒头够吃2天,0
2025/3/7 15:52,先活着[宕机],0
2025/3/7 15:52,[微笑]买彩票吧，万一中了呢对吧，人要有梦想,0
2025/3/7 15:52,可以先转给我[呲牙],1
2025/3/7 15:52,买个T[呆无辜],0
2025/3/7 15:53,先躺下,0
2025/3/7 15:53,先买桶泡面，饿的时候救救急,0
2025/3/7 15:53,买枕头[思考][思考],0
2025/3/7 15:53,先画饼[尬笑],0
2025/3/7 15:53,驾校的学员们都蒙了，为啥要学倒车入库啊，小米自己就会啊,0
2025/3/7 15:53,先买几个馒头吧,0
2025/3/7 15:54,先打开拼好饭,0
2025/3/7 15:54,先睡吧。,0
2025/3/7 15:55,能，沙县小吃一笼小笼包,0
2025/3/7 15:57,买个棒棒………糖吧,0
2025/3/7 15:57,先买吃的,0
2025/3/7 15:58,买个得[捂脸],0
2025/3/7 15:58,先照顾好自己,0
2025/3/7 15:58,上面先买房，下面买车啊,0
2025/3/7 15:59,先做个梦，不行吗,0
2025/3/7 15:59,@Irenona ???ˊ-,0
2025/3/7 15:59,一起买,0
2025/3/7 15:59,该睡觉了,0
2025/3/7 15:59,估计买个早餐都有点费劲,0
2025/3/7 15:59,@还可以先生,0
2025/3/7 15:59,先买瓶水 呲醒[尬笑],0
2025/3/7 16:00,先买瓶白酒，喝多了梦里啥也有[比心],0
2025/3/7 16:00,两瓶啤酒一包辣条喝完睡觉，啥都有,0
2025/3/7 16:00,哈哈哈哈哈哈哈,0
2025/3/7 16:01,先在家里等妈妈喊吃饭,0
2025/3/7 16:01,先买个棒棒糖，先让生活先甜起来,0
2025/3/7 16:01,先买米，不然明天没得吃了,0
2025/3/7 16:02,买我准没错,0
2025/3/7 16:03,买包辣条买袋馒头,0
2025/3/7 16:03,"听话咱先睡觉！
睡着就不饿了[抠鼻]",0
2025/3/7 16:03,@无解. 先买饭[黑脸],0
2025/3/7 16:04,买点花生米吧先,0
2025/3/7 16:05,先买馒头,0
2025/3/7 16:06,先买张彩票,0
2025/3/7 16:06,先买个馒头[捂脸][捂脸][捂脸],0
2025/3/7 16:07,先卖车再卖房[捂脸][捂脸],0
2025/3/7 16:08,先买彩票，博一下,0
2025/3/7 16:08,买包魔芋爽，爽爽得了[九转大肠][九转大肠],0
2025/3/7 16:08,@Weirdo怪人i 哈哈哈,0
2025/3/7 16:08,先买空气[捂脸],0
2025/3/7 16:09,先买颗氯丙嗪片吃吧,1
2025/3/7 16:09,@可爱可爱 哈哈哈哈哈哈哈哈,0
2025/3/7 16:09,矿泉水配馒头得了,0
2025/3/7 16:09,先房,0
2025/3/7 16:09,[捂脸][捂脸]买点糖让自己甜一下,0
2025/3/7 16:10,@Koinvh,0
2025/3/7 16:10,先活着[二哈],0
2025/3/7 16:11,先存着吧，等它两块吧,0
2025/3/7 16:11,饭盒,0
2025/3/7 16:11,买俩馒头算了,0
2025/3/7 16:11,@是粉色jk吖！ @李姐不理解 @谢螃蟹 [笑哭][笑哭][笑哭][笑哭][笑哭][笑哭],0
2025/3/7 16:11,还是买点流量吧,1
2025/3/7 16:11,先买水把,0
2025/3/7 16:12,一起买[呲牙][呲牙][呲牙],0
2025/3/7 16:12,拼好饭,0
2025/3/7 16:13,買酒，喝醉了什麼都有,1
2025/3/7 16:14,先睡觉,0
2025/3/7 16:15,直接买房车，一步到位,0
2025/3/7 16:15,先买个棒棒糖吧,0
2025/3/7 16:16,先点个拼好饭,0
2025/3/7 16:16,"对于一个男人而言，当马力足够大的时候，其实外观已经不重要了
你想象一下，一辆500匹的大发[微笑]",0
2025/3/7 16:16,买个枕头好一点,0
2025/3/7 16:16,哈哈哈哈哈,0
2025/3/7 16:17,先回家睡个觉吧！梦里啥都有，不说了我得继续睡一会，不然上个梦续不上了[呲牙],0
2025/3/7 16:17,买根烤肠垫吧垫吧,0
2025/3/7 16:17,先买彩票,0
2025/3/7 16:17,这个情况找刘佳可以买房[捂脸],0
2025/3/7 16:17,买杯蜜雪吧,0
2025/3/7 16:17,零钱通的那个收益利息？,0
2025/3/7 16:18,先卖征信,1
2025/3/7 16:18,先活着[暗中观察],0
2025/3/7 16:19,卖命吧,1
2025/3/7 16:19,你不配有这个纠结,1
2025/3/7 16:19,@冰糖渔柒,0
2025/3/7 16:19,@龙崽 笑死我了,0
2025/3/7 16:20,先活着,0
2025/3/7 16:23,先睡觉[送心],0
2025/3/7 16:23,这还纠结啥，先纠结明天吃啥吧[笑哭],0
2025/3/7 16:24,买个饼，给自己再画个大饼,0
2025/3/7 16:25,先买个馒头,0
2025/3/7 16:25,先活着,0
2025/3/7 16:26,@鹿啊,0
2025/3/7 16:26,换成硬币，去超市门口把关系摇明白了[舔屏][舔屏],1
2025/3/7 16:26,上面的买房，下面的买车，刚好分配,0
2025/3/7 16:26,@JoviLin [捂脸][捂脸][捂脸]什么情况火了[微笑],0
2025/3/7 16:27,先起床,0
2025/3/7 16:27,先睡觉，梦里都不用买[抠鼻],0
2025/3/7 16:28,先贷款[看],0
2025/3/7 16:28,还是先还月付吧[泪奔],0
2025/3/7 16:29,先买包辣条再说吧,0
2025/3/7 16:29,不买别墅，别墅不好,0
2025/3/7 16:30,完全多虑了,0
2025/3/7 16:30,先吃饭,0
2025/3/7 16:30,买饭不够，先买馒头吧,0
2025/3/7 16:30,先醒醒呢,0
2025/3/7 16:30,@椰子住在海边 @没本事只会躺,1
2025/3/7 16:30,一起买[捂脸],0
2025/3/7 16:31,一起买了吧，9元的巨款呢[看],0
2025/3/7 16:31,现在先吃点鸡腿吧,0
2025/3/7 16:32,拼好饭可以,0
2025/3/7 16:32,先买包,0
2025/3/7 16:32,买瓶水得了,0
2025/3/7 16:33,先买墓地，饿死了有地方埋,1
2025/3/7 16:33,先活着,0
2025/3/7 16:33,先买个??碗,0
2025/3/7 16:34,买包辣条压压惊,0
2025/3/7 16:34,拼好饭[憨笑],0
2025/3/7 16:35,先买个退热贴吧[玫瑰],0
2025/3/7 16:35,买小米，可以吃的那种,0
2025/3/7 16:35,买拼好饭吧,0
2025/3/7 16:35,买两个馒头差不多,0
2025/3/7 16:35,先买馒头,0
2025/3/7 16:36,他这个钱包应该先买瓶水洗把脸让自己清醒清醒,1
2025/3/7 16:36,@每天钱来 @地瓜（摸鱼版）,0
2025/3/7 16:36,宝子，去超市买袋米能吃很多餐[看],0
2025/3/7 16:36,先买纸，黄纸,1
2025/3/7 16:37,睡觉,0
2025/3/7 16:37,先充电,0
2025/3/7 16:37,[打脸][666]一起买,0
2025/3/7 16:38,猪脚饭都买不起[泣不成声],0
2025/3/7 16:38,@L [捂脸],0
2025/3/7 16:38,哈哈哈哈哈,0
2025/3/7 16:38,买饭都要分期[尬笑][尬笑],0
2025/3/7 16:38,@大懒虫,0
2025/3/7 16:39,先买张彩票[憨笑][赞],0
2025/3/7 16:39,确实挺纠结,0
2025/3/7 16:39,先[看]赚钱[捂脸],0
2025/3/7 16:40,"《军儿，要不车上的空调给姐做行吗，你说句话啊》[九转大肠]
哈哈哈哈哈哈差点把我下巴笑掉了被转转收了哈哈哈哈哈哈",0
2025/3/7 16:40,先买三个馒头,0
2025/3/7 16:40,先提现,0
2025/3/7 16:41,先买馒头,0
2025/3/7 16:41,先买饭吧,0
2025/3/7 16:41,买盐都没味[捂脸],0
2025/3/7 16:41,攒着吧,0
2025/3/7 16:43,别闹了,1
2025/3/7 16:43,@用户4310809938905 [笑哭],0
2025/3/7 16:43,买五块钱散装白酒 高度的 两块钱买点花生 梦里都有了,0
2025/3/7 16:44,高考预估200分，还在纠结考北大，还是考清华[呲牙],0
2025/3/7 16:44,可以先贷款[看],0
2025/3/7 16:44,@小蘑菇 @万物可爱?? @今天一定要早睡嗷 @哈，电量低（??） 哈哈哈哈哈哈哈哈哈,0
2025/3/7 16:44,哈哈哈哈哈,0
2025/3/7 16:45,先买根烤肠[看],0
2025/3/7 16:45,买个泡面尝尝,0
2025/3/7 16:45,可以买个药[舔屏][舔屏][舔屏],1
2025/3/7 16:45,一起买吧，那么多钱呢，不纠结[泣不成声],0
2025/3/7 16:45,先理财，，，借我5块[感谢],0
2025/3/7 16:46,先去澄海买奥特曼,0
2025/3/7 16:46,买根淀粉肠吧[黑脸],1
2025/3/7 16:46,先买张彩票,0
2025/3/7 16:46,先买张彩票吧[尬笑],0
2025/3/7 16:46,买个肠吧[看],1
2025/3/7 16:46,和我一样先买两个馒头[微笑],0
2025/3/7 16:46,买根烟抽自己冥想,0
2025/3/7 16:47,先买桶泡面加根肠,0
2025/3/7 16:47,先买馍,0
2025/3/7 16:47,够了7块钱的炒饭或者炒面,0
2025/3/7 16:47,先买个煎饼只加鸡蛋火腿肉松[看],0
2025/3/7 16:47,先睡觉,0
2025/3/7 16:48,我想问，在过几年倒车入库会不会是个技术活！[黑脸][黑脸],1
2025/3/7 16:48,我觉得先买饭,0
2025/3/7 16:48,水还是喝自来水吧,0
2025/3/7 16:49,可以先买冰棍了,0
2025/3/7 16:49,建议先买一个拼好饭,0
2025/3/7 16:49,买两包辣条[憨笑][赞],0
2025/3/7 16:50,@锅巴W_,0
2025/3/7 16:50,把钱转给我买个教训[宕机],1
2025/3/7 16:50,先囤面条,0
2025/3/7 16:51,先活着,0
2025/3/7 16:51,你先纠结着吧[愉快],0
2025/3/7 16:51,别选，都买啊[呲牙][呲牙],0
2025/3/7 16:52,先买两包辣条[泣不成声],0
2025/3/7 16:52,先醒醒,1
2025/3/7 16:52,先买泡面 要大桶的 不然又要涨价了,0
2025/3/7 16:52,你这买沪上阿姨都费劲，买杯蜜雪冰城吧[看],0
2025/3/7 16:52,先买米[抠鼻],0
2025/3/7 16:52,先买幻想啊,0
2025/3/7 16:52,先买几个馒头吧,0
2025/3/7 16:53,先买米,0
2025/3/7 16:54,存2000块买个好点的电动车,0
2025/3/7 16:55,零钱买房 零钱通买车,0
2025/3/7 16:55,买个彩票说不定能中。[捂脸],0
2025/3/7 16:55,@茶茶????,0
2025/3/7 16:55,还是在网上买了否冷吧[捂脸],0
2025/3/7 16:55,先买个彩票[捂脸],0
2025/3/7 16:56,买杯蜜雪吧，差不多[呆无辜],0
2025/3/7 16:56,一起买[奸笑]又不是没那个实力[尬笑][尬笑],1
2025/3/7 16:56,先买彩票,0
2025/3/7 16:57,哈哈哈哈,0
2025/3/7 16:57,先买瓶水吧 还不够[捂脸],0
2025/3/7 16:57,哪个都不买，留着自己享受,0
2025/3/7 16:57,先买个早餐吧[呲牙],0
2025/3/7 16:57,先买烟啊，买烟,1
2025/3/7 16:57,先买馒头,0
2025/3/7 16:58,先睡一觉[尬笑][尬笑][尬笑],0
2025/3/7 16:58,先买两包魔芋爽 爽一下[玫瑰][玫瑰],0
2025/3/7 16:59,买根淀粉肠吃吃算了[黑脸],1
2025/3/7 16:59,先买包辣条压压惊,0
2025/3/7 16:59,拼好饭都够呛,0
2025/3/7 16:59,先买碗[捂脸],0
2025/3/7 16:59,先买手抓饼,0
2025/3/7 17:00,先看看吧,0
2025/3/7 17:00,@WZY,0
2025/3/7 17:00,先点个外卖,0
2025/3/7 17:00,先点菜吧,0
2025/3/7 17:01,四倍双色球，4000万可以了[呲牙],0
2025/3/7 17:01,先买根豆芽解决温饱问题。,0
2025/3/7 17:01,当然是买彩票了。,0
2025/3/7 17:02,先买刮刮乐,0
2025/3/7 17:02,先买馒头,0
2025/3/7 17:02,先买两瓶水吧，毕竟贝爷说过没饭吃可以活一个星期，但是没水喝只能活三天。[看],0
2025/3/7 17:04,两个大白馒头一瓶水饱了,0
2025/3/7 17:05,可以一起买的亲[灵机一动]，一个背房贷，一个背车贷,0
2025/3/7 17:06,买个保鲜袋套头上体验一下去西藏缺氧的感觉,1
2025/3/7 17:06,先买房车[捂脸][捂脸],0
2025/3/7 17:07,@薯饼,0
2025/3/7 17:07,先买饼,0
2025/3/7 17:07,不错，还有理财意识,0
2025/3/7 17:07,买杯蜜雪冰城吧，还能考虑全款比较大气,0
2025/3/7 17:08,先买杯蜜雪冰城,0
2025/3/7 17:08,拼好饭都得九块九[憨笑],0
2025/3/7 17:08,买棒棒糖[赞],0
2025/3/7 17:09,先活着～,0
2025/3/7 17:09,先买房车[笑哭],0
2025/3/7 17:09,先看病[捂脸],0
2025/3/7 17:09,小米自动停车有个缺点，太能停了！侧方很小的宽度都能停进去，然后…让我自己开，出不来了[捂脸],0
2025/3/7 17:10,零钱买房，零钱通买车,0
2025/3/7 17:10,先吞口水一下[玫瑰],0
2025/3/7 17:11,我看过哈哈哈哈哈,0
2025/3/7 17:11,先活着[玫瑰],0
2025/3/7 17:11,买个 8 元的炒面[捂脸],0
2025/3/7 17:12,先还信用卡,0
2025/3/7 17:13,什么胃口吃这么多饭？,1
2025/3/7 17:13,先睡觉吧，[偷笑],0
2025/3/7 17:13,零钱买房吧零钱多一点，零钱通里的钱买车车买差一点过几年再换[机智],0
2025/3/7 17:14,7块钱留着买房，1块钱买车，你看看我这样帮你规划的咋样,0
2025/3/7 17:15,先买个床[酷拽],0
2025/3/7 17:15,先买个煎饼果子加蛋送过来给我吃[暗中观察],0
2025/3/7 17:15,先睡觉,0
2025/3/7 17:16,先买泡面吃叭,0
2025/3/7 17:16,你这存款，怕是有点多的喔，我这边建议雷总赶紧出7块钱的车喔,1
2025/3/7 17:16,蜜雪冰城,0
2025/3/7 17:17,姐，咱先想想怎么开饭吧,0
2025/3/7 17:17,把钱给我，我给你买西北风,1
2025/3/7 17:17,买双手套去工地上等等,0
2025/3/7 17:18,小米地图上架以后，百度，高德的反应,0
2025/3/7 17:18,买瓶老村长喝[呲牙][呲牙][呲牙],0
2025/3/7 17:18,先买袋散装米，吃饭重要,0
2025/3/7 17:19,在广西可以吃碗螺丝粉了，很多配料,0
2025/3/7 17:19,买个彩票，万万万一就可能都有了[呲牙],0
2025/3/7 17:19,先买??,0
2025/3/7 17:20,不是吧，都20几岁了,1
2025/3/7 17:20,买两碗泡面吧，可以吃两顿,0
2025/3/7 17:21,先买棒棒糖,0
2025/3/7 17:21,先买点小米,0
2025/3/7 17:22,先买冰红茶,0
2025/3/7 17:23,先赚钱吧,0
2025/3/7 17:23,先活着,0
2025/3/7 17:23,车,0
2025/3/7 17:24,先考虑晚上能不能吃上饭,0
2025/3/7 17:24,先买个彩票吧——运气好了喜提新车！,0
2025/3/7 17:24,小米su7ultra加速马力，有冇得搞？,0
2025/3/7 17:24,高德和百度:不好，我的地图,0
2025/3/7 17:26,先买彩票吧,0
2025/3/7 17:26,@李li(怎么能谈到李钟硕啊)?? @快救救悠米吧,0
2025/3/7 17:27,我给你借点,0
2025/3/7 17:27,买四个馒头，再买一瓶矿泉水，刚够,0
2025/3/7 17:27,@?? @?HAN,0
2025/3/7 17:28,@ZHIQIANCHUN @小雪^O^ @Lovex @L.cc @拾禧,0
2025/3/7 17:28,先买泡面,0
2025/3/7 17:29,你微信存款没有利息高啊[灵机一动]，你赚大发了,0
2025/3/7 17:32,先买糖[看],0
2025/3/7 17:32,先买饭,0
2025/3/7 17:33,先睡个觉吧[泪奔][泪奔][泪奔][泪奔]啥都有,0
2025/3/7 17:33,先活着吧,0
2025/3/7 17:35,买个拼好饭吧[比心],0
2025/3/7 17:35,先买个馍～,0
2025/3/7 17:36,@if,0
2025/3/7 17:36,@开心小薯条?? [泪奔],0
2025/3/7 17:36,买个泡面加一只矿泉水[九转大肠],0
2025/3/7 17:37,转给我买教训[看],1
2025/3/7 17:37,"三月份 雷军：小米地图我们还没有计划！
四月份 雷军：小米地图和雷军语音包同步上线！",0
2025/3/7 17:37,活成一道光了你。,0
2025/3/7 17:38,先买药[黑脸],1
2025/3/7 17:39,还是买棒棒糖吧,0
2025/3/7 17:39,买个蜗牛，房和车都有了,0
2025/3/7 17:39,@尤海 [大笑][大笑][大笑],0
2025/3/7 17:39,先买梦,0
2025/3/7 17:40,想太多会秃头,0
2025/3/7 17:40,先买彩票,0
2025/3/7 17:40,先存着,0
2025/3/7 17:41,先想想怎么活下去[捂脸],0
2025/3/7 17:42,@?? @无所畏6 @唯爱神明 @不知道。。。 @?? @艾米西雅,0
2025/3/7 17:43,先买个手抓饼填饱肚子给孩子饿疯了[宕机],0
2025/3/7 17:43,先点份外卖吧[酷拽],0
2025/3/7 17:43,听话，买个塑料袋套头上，等过去后在买[机智],1
2025/3/7 17:43,直接睡觉，梦里啥都有,0
2025/3/7 17:44,@欲宇 @Star.light. ???? @77777777,0
2025/3/7 17:44,去家附近超市门口坐个一块钱的摇摇车就可以了,0
2025/3/7 17:44,零钱里的买房 零钱通里的买车,0
2025/3/7 17:44,先活着,0
2025/3/7 17:44,先买两块水豆腐填填肚子[尬笑],0
2025/3/7 17:45,先桶泡面吃吃,0
2025/3/7 17:45,咱们想办法买几个馒头还能活几天,0
2025/3/7 17:46,先买几个窝窝头活下去,0
2025/3/7 17:46,@别在我这哔哔,1
2025/3/7 17:47,听我的先卖肾,1
2025/3/7 17:48,先买个枕头,0
2025/3/7 17:48,先买糖，糖甜,0
2025/3/7 17:48,先买个馍馍哇,0
2025/3/7 17:48,都买，全款拿下[捂脸],0
2025/3/7 17:49,pdd买枕头,0
2025/3/7 17:49,@唔茜迪茜 @和人类无法交流,1
2025/3/7 17:50,@没意思,0
2025/3/7 17:50,先买一包干脆面尝尝吧[泣不成声],0
2025/3/7 17:52,先买桶泡面加根火腿肠,0
2025/3/7 17:52,先买两馒头吧[捂脸][捂脸],0
2025/3/7 17:52,哈哈哈哈哈哈哈哈哈哈,0
2025/3/7 17:52,多大的脚穿多大的鞋 别想着先买房还是先买车 先活着先[捂脸],0
2025/3/7 17:54,买个鸡蛋饼，只能加火腿肠和里脊肉，还能剩九毛七[看],0
2025/3/7 17:54,先买泡面,0
2025/3/7 17:54,可以先买根裤腰带，勒紧了过日子[捂脸][捂脸],0
2025/3/7 17:56,@飞牛直上三千尺,0
2025/3/7 17:56,先洗澡，然后睡觉,0
2025/3/7 17:56,买点辣条嚼嚼吧[比心]抗饿的欧,0
2025/3/7 17:57,先去楼下超市买一包魔芋爽爽一爽吧，不爽再买[送心],0
2025/3/7 17:57,@乐以李,0
2025/3/7 17:58,@IAMCAi,0
2025/3/7 17:58,先打工,0
2025/3/7 17:59,活着。,0
2025/3/7 17:59,先买彩票,0
2025/3/7 17:59,转我7块。买个教训[看],1
2025/3/7 18:00,告诉我想杀谁，把钱转我。,1
2025/3/7 18:01,先买康师傅,0
2025/3/7 18:02,先找个有钱人,1
2025/3/7 18:03,买包魔芋爽吃吃算了,0
2025/3/7 18:03,买包辣条压压惊,0
2025/3/7 18:04,都买吧，毕竟你拥有巨款，小孩子才做选择,1
2025/3/7 18:04,国道吓大货车一天60去不去,0
2025/3/7 18:04,先别买,0
2025/3/7 18:04,买杯蜜雪冰城的茉莉奶绿,0
2025/3/7 18:05,为什么不是油车，如果是油车我真的就买了[流泪][流泪][流泪][流泪][流泪][流泪],0
2025/3/7 18:06,先活过明天再说[绿帽子],1
2025/3/7 18:06,先买瓶酒灌醉自己就啥都有了[微笑],0
2025/3/7 18:06,先买药[微笑],0
2025/3/7 18:09,先睡觉,0
2025/3/7 18:09,先活着[尬笑],0
2025/3/7 18:10,你这个单位是亿吗？,0
2025/3/7 18:10,买根冰棍,0
2025/3/7 18:12,先睡觉吧，对了，一定要在白天睡[泪奔],0
2025/3/7 18:13,转给我买个教训吧,1
2025/3/7 18:13,可以买十个馒头，一天一个[泪奔],0
2025/3/7 18:14,@小瀛 @Yy. @南执 @对方正在输入中…… @进入心空 @Tamako @北纬23°26’,0
2025/3/7 18:14,先买个眼罩[奸笑],1
2025/3/7 18:15,先买杯蜜雪冰城压压惊,0
2025/3/7 18:15,先转给我[玫瑰],0
2025/3/7 18:15,先买泡面,0
2025/3/7 18:15,买几包魔芋爽  爽一下得了,0
2025/3/7 18:16,@Guard @小阿年??,0
2025/3/7 18:17,@宝宝-,0
2025/3/7 18:17,[666],0
2025/3/7 18:17,先抽根冷静下[害羞],0
2025/3/7 18:19,[捂脸],0
2025/3/7 18:19,先活下去吧[擦汗][擦汗],0
2025/3/7 18:19,先买干脆面[看],0
2025/3/7 18:20,@我亦诚心诚意 [捂脸][捂脸][捂脸][捂脸][捂脸],0
2025/3/7 18:21,能买杯蜜雪冰城[看],0
2025/3/7 18:21,啤酒花生,0
2025/3/7 18:22,先买一排哇哈哈,0
2025/3/7 18:22,还是先买糖吧，别一会低血糖了,0
2025/3/7 18:22,先睡会吧,0
2025/3/7 18:22,7.19买房1.19买车,0
2025/3/7 18:23,买两包辣条吃[猪头],1
2025/3/7 18:23,先活着,0
2025/3/7 18:23,不要发愁先买烟,1
2025/3/7 18:23,不行就一起买,0
2025/3/7 18:24,先买张彩票,0
2025/3/7 18:25,转给我买个教训吧,1
2025/3/7 18:25,反弹,1
2025/3/7 18:25,买彩票吧,0
2025/3/7 18:25,买包魔芋爽，爽一下。,0
2025/3/7 18:26,买双色球吧,0
2025/3/7 18:26,纸房子？,0
2025/3/7 18:26,先买两个馒头[看],0
2025/3/7 18:26,@??中个福袋吧?? [捂脸],0
2025/3/7 18:26,虽然房在贬值！但但绝对贬值不过车[泪奔][泪奔][泪奔],0
2025/3/7 18:26,先买几个馒头  要不然卖完了,0
2025/3/7 18:27,先捡垃圾,0
2025/3/7 18:27,泡面?火腿?鸡蛋，今晚不美西你,0
2025/3/7 18:28,先转给我[看],0
2025/3/7 18:28,下楼买个烤面筋吃吃得了[比心],0
2025/3/7 18:29,先画饼[看],0
2025/3/7 18:29,先买两根淀粉肠吧,0
2025/3/7 18:29,别想那么多,0
2025/3/7 18:29,先买水,0
2025/3/7 18:29,拼好饭都有点悬,0
2025/3/7 18:29,先睡觉,0
2025/3/7 18:30,[捂脸][捂脸][捂脸],0
2025/3/7 18:30,先买张彩票吧,0
2025/3/7 18:30,先睡觉，你听我的,0
2025/3/7 18:30,听话  去买两跟烤肠,0
2025/3/7 18:30,先睡觉,0
2025/3/7 18:31,8块的鸡腿??还可以吃一吃  有余[泪奔],0
2025/3/7 18:31,先活着,0
2025/3/7 18:31,泡面还可以加个肠,0
2025/3/7 18:31,先买车[黑脸],1
2025/3/7 18:32,先睡觉[憨笑][赞],0
2025/3/7 18:32,零钱买房，零钱通买车。,0
2025/3/7 18:32,先保证吃饱[泪奔],0
2025/3/7 18:32,@汤圆 @@蛋蛋?? @star懿. @厚礼蟹?? 先买个枕头,0
2025/3/7 18:32,买包辣条吃吃得了,0
2025/3/7 18:32,先买泡面吧！,0
2025/3/7 18:32,买个好一点的枕套，尽量做点现实点梦[流泪],0
2025/3/7 18:32,建议一起买，,0
2025/3/7 18:33,纠结啥？一起买！,0
2025/3/7 18:33,妹子，信我的，先去买张彩票[比心],0
2025/3/7 18:33,凑凑买彩票吧,0
2025/3/7 18:33,先买棒棒糖??,0
2025/3/7 18:33,先脱贫[黑脸],1
2025/3/7 18:33,哈哈哈哈,0
2025/3/7 18:33,先买包烟,0
2025/3/7 18:33,上门的金额贷款买房 下面的贷款买车,0
2025/3/7 18:34,先买社保,0
2025/3/7 18:34,先买解酒药,0
2025/3/7 18:34,先买双手套??,0
2025/3/7 18:34,先买枕头[看],0
2025/3/7 18:34,上面买车下面买房[看],0
2025/3/7 18:34,买个冰红茶吧[泣不成声],0
2025/3/7 18:35,先睡觉,0
2025/3/7 18:35,冰露矿泉水你值得拥有,0
2025/3/7 18:35,蜜雪冰城买杯芋圆葡萄吧[比心],0
2025/3/7 18:35,一定要买吗[泣不成声][泣不成声],0
2025/3/7 18:35,应该是买个塑料袋装西北风[捂脸],1
2025/3/7 18:35,彩票都买不起[看][看][泪奔][泪奔][泪奔],0
2025/3/7 18:35,先睡觉，因为梦里啥都有[笑哭],0
2025/3/7 18:35,先给我买包辣条,0
2025/3/7 18:35,先挂号[看],0
2025/3/7 18:35,@Moments. [捂脸][捂脸],0
2025/3/7 18:36,菜市场买几颗花生先[色],1
2025/3/7 18:36,先买个枕头晚上靠高点好好想,0
2025/3/7 18:36,先买个淀粉肠[白眼],1
2025/3/7 18:37,买个棒棒糖尝个甜头,0
2025/3/7 18:37,先睡觉[捂脸],0
2025/3/7 18:37,买包辣条吧,0
2025/3/7 18:37,先在群里发了。然后再套多点出来,1
2025/3/7 18:37,先借给我，这样子你就不纠结了,0
2025/3/7 18:37,买桶泡面加个蛋,0
2025/3/7 18:38,买包纸巾。哭的时候用的上[泪奔],0
2025/3/7 18:38,"高德地图：这几天风不对[抠鼻]
百度地图：总感觉背后发凉[撇嘴]
小米地图：没错是我[舔屏][舔屏][舔屏][舔屏]
哈哈哈哈哈我的转转二手苹果15要笑飞了",0
2025/3/7 18:38,先买几块大大嚼嚼[看],0
2025/3/7 18:38,先买张彩票[大笑],0
2025/3/7 18:38,先买车，宝马??8.够了[呲牙],0
2025/3/7 18:38,全部冲网吧翻两倍,1
2025/3/7 18:39,先给我吧,0
2025/3/7 18:39,先买个拼好饭,0
2025/3/7 18:40,先买个手抓饼吧,0
2025/3/7 18:40,一起买吧,0
2025/3/7 18:40,先花五块买两根淀粉肠[看],0
2025/3/7 18:40,@Laymanzjh @理想信恋 @Yuiippy @鲫鱼汤,0
2025/3/7 18:40,先卖肾[捂脸],1
2025/3/7 18:40,先吃饱吧,0
2025/3/7 18:40,先买包辣条 压压惊[色],0
2025/3/7 18:40,先活着,0
2025/3/7 18:40,把你的手机给我,1
2025/3/7 18:41,119建议先考虑消防,0
2025/3/7 18:41,别纠结一起入,0
2025/3/7 18:41,可以买房车,0
2025/3/7 18:41,@077 @intp @木友 @文@ @没有双眼皮,0
2025/3/7 18:41,一起买,0
2025/3/7 18:42,先买袋方便面吧,0
2025/3/7 18:42,先买根老冰棍凉快凉快[呲牙][呲牙],0
2025/3/7 18:42,一起买,0
2025/3/7 18:43,先睡觉,0
2025/3/7 18:43,买包泡面吧[泣不成声],0
2025/3/7 18:43,先买药,0
2025/3/7 18:43,先歇歇[捂脸],0
2025/3/7 18:44,先买房,0
2025/3/7 18:44,刚好够买大杯蜜雪冰城珍珠奶茶[大笑],0
2025/3/7 18:44,两都买,0
2025/3/7 18:45,先买身[呲牙],0
2025/3/7 18:45,买水,0
2025/3/7 18:45,现做梦，梦里什么都有,0
2025/3/7 18:45,先买一个八块的月亮馍,0
2025/3/7 18:45,先拼团重要啊[捂脸],0
2025/3/7 18:45,哈哈哈哈建议100,0
2025/3/7 18:46,买个碗,0
2025/3/7 18:46,还是先买杯瑞幸喝喝吧[玫瑰][玫瑰],0
2025/3/7 18:46,@?? @北梦,0
2025/3/7 18:46,先睡觉,0
2025/3/7 18:46,@NG不喝酒,0
2025/3/7 18:46,买两粒脑白金,0
2025/3/7 18:46,给我 1 块[黑脸],1
2025/3/7 18:46,买两馍先吃,0
2025/3/7 18:46,可以买一份拼好饭,0
2025/3/7 18:47,@shalalalala [泪奔][泪奔],0
2025/3/7 18:47,买根烤肠,0
2025/3/7 18:47,买张彩票压压惊，中了给我发个红包就行了[比心],0
2025/3/7 18:47,先买饭,0
2025/3/7 18:48,先买个烤肠吃吧[舔屏],0
2025/3/7 18:48,先睡觉  梦里有,0
2025/3/7 18:48,买个煎饼果子吧[干饭人],0
2025/3/7 18:48,先买七个馒头，吃完了叫老板便宜点卖一个,0
2025/3/7 18:48,先买糖甜一下,0
2025/3/7 18:48,先活命[流泪],0
2025/3/7 18:49,去买九包魔芋爽[尬笑],0
2025/3/7 18:49,买个塑料袋套头上先体验一下高原反应,1
2025/3/7 18:49,@关灯,0
2025/3/7 18:49,先买个手机,0
2025/3/7 18:50,先买包方便面吧[灵机一动],0
2025/3/7 18:50,先买辣条,0
2025/3/7 18:50,先睡觉 听话 梦里啥都有[笑哭],0
2025/3/7 18:50,给我八块钱我逢人就说你在广西有车有房[九转大肠],1
2025/3/7 18:50,先买桶泡面吃吧 要不然明天就没得纠结了,0
2025/3/7 18:51,买点感冒药，吃了早点睡,0
2025/3/7 18:51,大胆一点，房和车一起买,0
2025/3/7 18:51,哈哈哈哈哈兄弟还得是你[尬笑][尬笑][尬笑],0
2025/3/7 18:51,先生活,0
2025/3/7 18:51,拼好饭,0
2025/3/7 18:51,先醒醒,1
2025/3/7 18:51,先去拼多多助力,0
2025/3/7 18:51,先吃饱,0
2025/3/7 18:51,@许小峰,0
2025/3/7 18:52,先买个枕头[泪奔],0
2025/3/7 18:52,@miabobo @叽里咕噜 @ANDY.,0
2025/3/7 18:52,买注彩票吧,0
2025/3/7 18:52,买彩票吧,0
2025/3/7 18:52,买包烟都费劲,0
2025/3/7 18:52,买米,0
2025/3/7 18:52,@凌晨一点的猫?? @小胖爱笑 @番茄酱?? @失眠小羊????,0
2025/3/7 18:52,先把手机电充上还能刷会抖音[看],0
2025/3/7 18:52,拼好饭,0
2025/3/7 18:52,先绝地求生,0
2025/3/7 18:53,先买车还是先买房，不行买个棒棒糖[捂脸][捂脸][捂脸],0
2025/3/7 18:53,先救命吧,0
2025/3/7 18:53,买馒头吧，快餐12-15,0
2025/3/7 18:54,@洋y @1010 @T.,0
2025/3/7 18:54,@满天??星河,0
2025/3/7 18:54,买个奇趣蛋可能出车也可能出房还只要五块[赞][赞],0
2025/3/7 18:54,先买包辣条,0
2025/3/7 18:54,放宽心，买不起,0
2025/3/7 18:54,这巨款不得存进瑞士银行啊,1
2025/3/7 18:54,@甜崽小韩 哈哈哈哈哈哈哈哈,0
2025/3/7 18:54,先把电充满,0
2025/3/7 18:54,全国跑？？？？意思是不是说  能《开着最新款的小米汽车》《自驾游》还《给工资》《全险》《车祸死不了，还能发个抖音》？？？[发呆][发呆][发呆],1
2025/3/7 18:54,买几张彩票吧,0
2025/3/7 18:54,先买车,0
2025/3/7 18:55,先买杯蜜雪吧,0
2025/3/7 18:55,先睡觉,0
2025/3/7 18:56,[泪奔][泪奔][泪奔][泪奔],0
2025/3/7 18:57,先看房再去看看车[呲牙][呲牙],0
2025/3/7 18:57,买根绳子,1
2025/3/7 18:57,买杯蜜雪冰城 [调皮],0
2025/3/7 18:57,我就在你这情况甚至更难过的时候，车房都先买了[笑哭][笑哭][笑哭],0
2025/3/7 18:57,先求救,0
2025/3/7 18:57,@any @荷包蛋脾气 @?? @久十 @一口菠 @铁锅炖王八,0
2025/3/7 18:57,先买杯奶茶[捂脸],0
2025/3/7 18:58,先买根棒棒糖吧！,0
2025/3/7 18:58,先买车吧。毕竟房子太贵，今天在拼多多9块9买了4辆,0
2025/3/7 18:58,存定期,0
2025/3/7 18:58,买点辣条吗[坏笑],1
2025/3/7 18:58,@今天电容没炸 [不失礼貌的微笑],0
2025/3/7 18:58,先把自动扣费关了,0
2025/3/7 18:58,先来跟我拼个饭,0
2025/3/7 18:58,日子不过了[发怒],1
2025/3/7 18:58,先整容,1
2025/3/7 18:59,先挣钱[捂脸],0
2025/3/7 18:59,买瓶牛栏山，喝了好睡觉,0
2025/3/7 18:59,买个辣条边上待着去[看],1
2025/3/7 18:59,先买车吧，车子可以零首付。房子不行[呲牙],0
2025/3/7 18:59,先睡觉，梦里啥都有[看],0
2025/3/7 18:59,先买一套煎饼果子填填肚子吧[皱眉],0
2025/3/7 18:59,先把买烟,0
2025/3/7 18:59,先买药,0
2025/3/7 18:59,先买个柠檬水喝喝，压压惊[泪奔],0
2025/3/7 19:00,眼药水宝宝[泪奔],0
2025/3/7 19:00,买包烟分期付款[看],0
2025/3/7 19:01,你还是到楼下买几包魔芋爽爽爽吧[看],1
2025/3/7 19:01,先活着,0
2025/3/7 19:01,买彩票,0
2025/3/7 19:01,买几包辣条吧,0
2025/3/7 19:02,买彩票,0
2025/3/7 19:02,买个铲子，再买瓶矿泉水,0
2025/3/7 19:02,[不失礼貌的微笑]先买面条，或者买豆腐,0
2025/3/7 19:02,先睡觉,0
2025/3/7 19:02,先睡觉吧,0
2025/3/7 19:02,有房有车你看谁在前面,1
2025/3/7 19:04,@晶吖晶 @慧慧珠 @晴晴珠,0
2025/3/7 19:04,@Panda熊猫迷你仓,0
2025/3/7 19:04,@Yzeezy,0
2025/3/7 19:04,老板一份米饭[灵机一动],0
2025/3/7 19:05,先买包辣条吃一下，先买包卫龙辣条,0
2025/3/7 19:05,先买个馒头吧[憨笑],0
2025/3/7 19:05,买瓶国窖漱漱嘴,1
2025/3/7 19:06,买包辣条吃吃的了[黑脸],0
2025/3/7 19:06,先买馒头,0
2025/3/7 19:06,我还是先吃饱要紧[看],0
2025/3/7 19:06,先醒来[笑哭],0
2025/3/7 19:06,[捂脸][捂脸]塑料袋好老板也免费送,0
2025/3/7 19:06,先买包魔芋爽爽一下,0
2025/3/7 19:06,买个烤肠,0
2025/3/7 19:07,先活着[尬笑],0
2025/3/7 19:07,先买辣条[抠鼻],0
2025/3/7 19:07,～,0
2025/3/7 19:07,小调皮，不先缴费怎么刷视频呀,0
2025/3/7 19:07,先买个馒头管饱,0
2025/3/7 19:08,哈哈哈哈我也是,0
2025/3/7 19:08,@春野?? [发呆],0
2025/3/7 19:08,买拼好饭,0
2025/3/7 19:08,买点辣条吃吃得了,0
2025/3/7 19:08,先活着,0
2025/3/7 19:08,烟能解愁[暗中观察],0
2025/3/7 19:08,先买个棒棒糖，尝个甜头再说,0
2025/3/7 19:08,借你0.81，先买张彩票,0
2025/3/7 19:08,买份盖浇饭都不能带肉沫！,0
2025/3/7 19:08,先买包康师傅吧,0
2025/3/7 19:09,明天买早餐吧,0
2025/3/7 19:09,不行先买张彩票呢[微笑],0
2025/3/7 19:09,这实力不用选择，咬咬牙都买了,0
2025/3/7 19:09,先睡觉  梦里有,0
2025/3/7 19:09,先想想,0
2025/3/7 19:09,先买包豫竹[黑脸],1
2025/3/7 19:09,先买个碗天桥下站,1
2025/3/7 19:10,买桶泡面加根肠吃顿好的,0
2025/3/7 19:10,可以先做个梦[呲牙],0
2025/3/7 19:10,@XH 哈哈哈,0
2025/3/7 19:10,买馒头[捂脸],0
2025/3/7 19:11,@碎碎冰.,0
2025/3/7 19:11,零钱里买房子，理财通买车子，[泣不成声][泣不成声],0
2025/3/7 19:11,你删了，让我来说[尬笑][尬笑],1
2025/3/7 19:11,去超市门口摇半个小时,1
2025/3/7 19:11,先给朋友买瓶水让他呲醒你,0
2025/3/7 19:11,买个煎饼刚刚好,0
2025/3/7 19:11,零钱通可以坐个公交[嘿哈],0
2025/3/7 19:11,建议先买包方便面比较实在，毕竟方便面没有开水干的也能对两口,0
2025/3/7 19:11,小米地图:你猜小米家居里户型图怎么来的，那都是小米扫地机器人一点点扫出来的[看],0
2025/3/7 19:11,零钱买房，零钱通买车，这还有用纠结吗，去讲讲价[宕机],0
2025/3/7 19:12,上面的买房下面的买车,0
2025/3/7 19:12,如果做生意的先买车，如果上班工作稳定的先买房,0
2025/3/7 19:12,@贝星,0
2025/3/7 19:12,先贷款吧[发呆],0
2025/3/7 19:12,零钱买房，零钱通买车啊,0
2025/3/7 19:12,先做个梦[尬笑],0
2025/3/7 19:12,先买泡面,0
2025/3/7 19:12,先成家后立业,0
2025/3/7 19:12,我不信你们大家看到不点赞,1
2025/3/7 19:12,骚车一天勾引我八百回，买的起怕养不起,1
2025/3/7 19:12,买空气吧,1
2025/3/7 19:13,先买方便面把,0
2025/3/7 19:13,一起买吧，今晚睡着了偷偷去买,0
2025/3/7 19:13,先买馒头信我的[赞],0
2025/3/7 19:13,先充电吧,0
2025/3/7 19:13,买泡面，还可以买瓶水,0
2025/3/7 19:14,你还是先买彩票[看],1
2025/3/7 19:14,先买桶泡面,0
2025/3/7 19:14,啊,0
2025/3/7 19:15,兄弟先买注彩票吧,0
2025/3/7 19:15,买7,0
2025/3/7 19:15,先睡觉吧,0
2025/3/7 19:15,先帮我买杯蜜雪冰城  然后我跟你细说,0
2025/3/7 19:15,先买瓶牛奶然后睡个好觉,0
2025/3/7 19:15,先买低保,1
2025/3/7 19:16,先吃饱[送心],0
2025/3/7 19:16,先买馒头,0
2025/3/7 19:17,先上班,0
2025/3/7 19:17,买点魔芋爽 爽爽好了[调皮],0
2025/3/7 19:17,先睡觉,0
2025/3/7 19:17,买个烧饼+辣条吃吃睡吧,0
2025/3/7 19:17,买几盒火材，许愿去,1
2025/3/7 19:17,买两棒棒糖先尝尝甜头??,0
2025/3/7 19:17,先活着[泪奔][泪奔],0
2025/3/7 19:17,先买个玩具车[微笑],0
2025/3/7 19:18,先买碗面吃饱，然后好好睡一觉。梦里啥都有。饿着肚子实在是睡不着。,0
2025/3/7 19:18,先买个棒棒糖！甜一会  你的生活太苦了[捂脸],0
2025/3/7 19:18,买包小当家压压惊吧,0
2025/3/7 19:18,买拼好饭,0
2025/3/7 19:18,买彩票，搏一搏,0
2025/3/7 19:18,先买菜,0
2025/3/7 19:18,买个迪奥,0
2025/3/7 19:18,好像那个我那个,0
2025/3/7 19:18,嘶，比我多[黑脸],1
2025/3/7 19:19,济南超意兴吃到饱,0
2025/3/7 19:19,7.9买房，1.1买车，房车都有了,0
2025/3/7 19:19,买个冰棍一边蹲着,1
2025/3/7 19:19,把剩下的给我吧,0
2025/3/7 19:19,先买蜜雪,0
2025/3/7 19:19,先买彩票,0
2025/3/7 19:20,先买米,0
2025/3/7 19:20,买两根淀粉肠[玫瑰][玫瑰],0
2025/3/7 19:20,先醒,1
2025/3/7 19:20,零花钱买房，零钱通买su7,0
2025/3/7 19:20,先活着,0
2025/3/7 19:20,先上号,0
2025/3/7 19:20,买两个蒸馍,0
2025/3/7 19:21,@Seven. 哈哈哈哈哈哈哈哈哈哈,0
2025/3/7 19:21,我们这馒头一块一个，榨菜两块，你买六个馒头，一袋榨菜，两瓶水，吃三天是没问题的[泪奔],0
2025/3/7 19:21,先买个棒棒糖,0
2025/3/7 19:21,差不少,0
2025/3/7 19:21,七块多买馒头吃的饱一点,0
2025/3/7 19:21,还是先买包泡面吧,0
2025/3/7 19:22,"友商：咱们的车不防晒吗？ 
工程师：防啊，不都这么做的吗，没有特别的啊",0
2025/3/7 19:22,先娶老婆，娶了老婆可以少奋斗三十年[暗中观察][思考],0
2025/3/7 19:23,先买米,0
2025/3/7 19:23,先吃拼好饭吧,0
2025/3/7 19:23,先点??,0
2025/3/7 19:23,先买个包子吧,0
2025/3/7 19:23,买可乐,0
2025/3/7 19:24,一根火腿有了,0
2025/3/7 19:24,看似在测车，实是在测路，小米地图，启动！！！[咒骂],1
2025/3/7 19:24,先吃饱肚子，,0
2025/3/7 19:24,买水,0
2025/3/7 19:24,先买个馒头,0
2025/3/7 19:24,买棒棒糖,0
2025/3/7 19:24,先充电宝[泣不成声],0
2025/3/7 19:24,@Kee. 先买饭哈哈哈哈,0
2025/3/7 19:24,都要买,0
2025/3/7 19:24,买颗糖还能甜一点,0
2025/3/7 19:25,先买点小米,0
2025/3/7 19:25,先睡觉,0
2025/3/7 19:25,先给我六块，让我弄个首冲,0
2025/3/7 19:25,几块只能买白米饭,0
2025/3/7 19:25,我也是芥末想的[泪奔],0
2025/3/7 19:25,先活着[九转大肠],0
2025/3/7 19:25,都买[看],0
2025/3/7 19:25,@缇缇安 @甜味吉宝 @???,0
2025/3/7 19:25,买点纸,0
2025/3/7 19:26,@兜里有尤其,0
2025/3/7 19:26,当然车啦[看],0
2025/3/7 19:26,买颗糖先甜一下[看],0
2025/3/7 19:26,先去批发市场买个丝袜！记着一定去批发市场！外边的价格高！套头上！然后自己看着干点什么！房子车子都有了！,1
2025/3/7 19:26,兄弟，我这边的建议是房和车一起买的哦,0
2025/3/7 19:26,要不先请我喝个蜜雪冰城，然后我给你出点建议呢[抠鼻],0
2025/3/7 19:26,@霸天: 我滴妈[捂脸] 你是要笑死我这个185 特别帅 射手座 圈子小 三观正 会哄你 不抽烟不喝酒不去酒吧夜店 没有小脾气 吵架会低头哄你的少爷吗（五分钟没人加删了）,0
2025/3/7 19:27,[憨笑][憨笑][憨笑],0
2025/3/7 19:27,买包盐吧。够吃几个月,0
2025/3/7 19:27,先活着,0
2025/3/7 19:27,买一包方方面吧！,0
2025/3/7 19:27,先睡觉,0
2025/3/7 19:27,先买烟,0
2025/3/7 19:27,谁给他一个刘晓燕,1
2025/3/7 19:27,可以买米呀，一天的都够了[捂脸],0
2025/3/7 19:28,先睡觉吧，睡着了房和车都有了,0
2025/3/7 19:28,@xuanian,0
2025/3/7 19:28,先香香明天中午拼好饭点哪一家[展开说说],0
2025/3/7 19:28,饭也买不起[捂脸],0
2025/3/7 19:28,听话，先上班吧,0
2025/3/7 19:28,上买绳子，下扫车找个结实的房梁,1
2025/3/7 19:29,先买个面包吃吃,0
2025/3/7 19:29,一桶泡面2根火腿肠一个鸡蛋,0
2025/3/7 19:29,先买烟,0
2025/3/7 19:29,先吃饱，吃饱都会有的,0
2025/3/7 19:29,@樂悠刘 ?? @小洁～ @琛汐 @Rita,0
2025/3/7 19:29,先买我[坏笑],1
2025/3/7 19:29,听哥的，先成家,0
2025/3/7 19:29,先睡觉,0
2025/3/7 19:29,7.97+身体部位买房     1.19+身体部位买车,1
2025/3/7 19:29,来麦当劳买个7.5的甜筒吧，还是第二杯半价,0
2025/3/7 19:30,纸房子都买不起啊[泣不成声],0
2025/3/7 19:30,@呆 @养刺猬的兔子 @多喝点岩浆 @知吾煮 [捂脸][捂脸][捂脸],0
2025/3/7 19:30,[憨笑][憨笑],0
2025/3/7 19:30,先睡觉,0
2025/3/7 19:31,先活着吧,0
2025/3/7 19:31,先给我5快[看],1
2025/3/7 19:31,买我,1
2025/3/7 19:31,买彩票 明天起来什么都有了,0
2025/3/7 19:31,先买裤衩[赞],0
2025/3/7 19:31,先买个囊吃吧,0
2025/3/7 19:31,应该先买内裤[来看我],0
2025/3/7 19:31,买双色球,0
2025/3/7 19:32,马上联系房、车销售，先谈价格。微信余额只能说明你平时抢红包少，也是不差三瓜两枣的主[微笑],0
2025/3/7 19:32,@肉仔日记 @森森piano?? @金融吴彦祖 [九转大肠],0
2025/3/7 19:32,@虾滑卷 [九转大肠],0
2025/3/7 19:32,119万还是先买房吧[泣不成声],0
2025/3/7 19:32,先活着[宕机],0
2025/3/7 19:32,把钱给我。买个教训,1
2025/3/7 19:32,先活下去，才有希望,0
2025/3/7 19:33,买馒头,0
2025/3/7 19:33,先活着,0
2025/3/7 19:33,先买一包麻辣王子,0
2025/3/7 19:33,全都发给我，我告诉你,1
2025/3/7 19:33,先想想下一顿吃什么吧,0
2025/3/7 19:33,买药,0
2025/3/7 19:33,这不是我的余额吗[捂脸],0
2025/3/7 19:33,先睡觉吧,0
2025/3/7 19:34,拼好饭[看],0
2025/3/7 19:34,@七仙女阿,0
2025/3/7 19:34,@Diir,0
2025/3/7 19:34,@哦你厉害,1
2025/3/7 19:34,买个馒头再配一包榨菜，我丢，太奢侈了[看],1
2025/3/7 19:35,听我的先买二两花生米，一斤53℃勾兑酒。,0
2025/3/7 19:35,[看]糊涂啊   一起买啊,0
2025/3/7 19:35,先买我[送心]姐姐[送心],0
2025/3/7 19:35,咱先买瓶矿泉水喝，乖[捂脸],0
2025/3/7 19:35,拼多多买个车钥匙打火机先[看],0
2025/3/7 19:36,先买高点的枕头，好做梦[暗中观察],1
2025/3/7 19:36,买几包泡面吧,0
2025/3/7 19:36,都给我,1
2025/3/7 19:36,那我买什么啊？,0
2025/3/7 19:36,先睡觉,0
2025/3/7 19:36,下一顿你有着落了？,0
2025/3/7 19:36,先买双丝袜，干票大的，然后买房买车！,1
2025/3/7 19:36,先想想要不要晚饭吃不吃,0
2025/3/7 19:37,@晚舟 我也[微笑],0
2025/3/7 19:37,转给我，买个教训,1
2025/3/7 19:37,先缴个停车费,0
2025/3/7 19:37,先去买一包辣条，辣完嘴唇辣沟门[微笑],1
2025/3/7 19:37,买烟[尬笑],0
2025/3/7 19:37,先买个充电器吧,0
2025/3/7 19:37,先看病,0
2025/3/7 19:37,先买两个馒头放起来不然买不到馒头要饿肚子了[捂脸],0
2025/3/7 19:37,买彩票吧[捂脸],0
2025/3/7 19:37,@今天更爱你奕点 [捂脸],0
2025/3/7 19:37,先买房,0
2025/3/7 19:38,买个馍馍吧[憨笑],0
2025/3/7 19:38,先买彩票,0
2025/3/7 19:38,先活着,0
2025/3/7 19:38,先点份拼好饭,0
2025/3/7 19:38,买个魔芋爽，你就可以一直爽了,0
2025/3/7 19:38,@996,0
2025/3/7 19:39,先买碗,0
2025/3/7 19:39,[看]你不要剥夺舔狗的机缘,1
2025/3/7 19:39,先睡觉,0
2025/3/7 19:39,天气冷了买感冒药吧,0
2025/3/7 19:39,画地为牢[呲牙][呲牙],0
2025/3/7 19:39,买包辣条吧,0
2025/3/7 19:40,别听他们的，给银行存定期啊[不失礼貌的微笑][不失礼貌的微笑],0
2025/3/7 19:40,你先买个8+1吧，睡着了啥都有[看][看][看],1
2025/3/7 19:40,先买馒头还差不多，买了饭还得有余款买菜[捂脸],0
2025/3/7 19:40,买房→家具→私人用品→车→爱人[玫瑰],0
2025/3/7 19:40,拼好饭了解一下,0
2025/3/7 19:41,你纠结的有点多余了[呲牙],0
2025/3/7 19:41,先睡觉[憨笑],0
2025/3/7 19:41,先上美团点一个拼好饭[呲牙],0
2025/3/7 19:41,先坐梦[看],0
2025/3/7 19:41,先买瓶红牛缓一下,0
2025/3/7 19:41,买香皂或者肥皂,0
2025/3/7 19:41,买个辣条得了,0
2025/3/7 19:41,可以骑共享单车,0
2025/3/7 19:42,先买两包魔芋爽 爽爽[捂脸][捂脸][捂脸],0
2025/3/7 19:42,压缩饼干矿泉水[泣不成声],0
2025/3/7 19:42,先存着[捂脸],0
2025/3/7 19:42,房子等能够付全款的时候再买，车子代步的，20万左右就好[看],0
2025/3/7 19:42,先买个碗,0
2025/3/7 19:42,先活着[捂脸],0
2025/3/7 19:43,先买5块钱两根淀粉肠吃一个，给我一个,0
2025/3/7 19:43,先睡一觉,0
2025/3/7 19:43,买饭有点过于奢侈[捂脸],0
2025/3/7 19:43,你接贷款先给我买套房,1
2025/3/7 19:44,只能买点馒头啦[蜜蜂狗],0
2025/3/7 19:44,去楼下买两包魔芋爽爽一下就行了,0
2025/3/7 19:44,女的买房，男的买车,0
2025/3/7 19:44,有医保吗，先挂个号[呆无辜],0
2025/3/7 19:44,买几块砖头吧，够啃两年的,1
2025/3/7 19:45,先填饱肚子吧,0
2025/3/7 19:45,[捂脸]馒头,0
2025/3/7 19:45,先考虑明天吃啥吧[憨笑],0
2025/3/7 19:45,先买个裤衩子,0
2025/3/7 19:45,先睡,0
2025/3/7 19:46,@4uoik* @367ye @普吉PuJi @记忆中,0
2025/3/7 19:46,先买彩票,0
2025/3/7 19:46,@记忆中 [泪奔],0
2025/3/7 19:46,买个奶茶压压惊,0
2025/3/7 19:46,哈哈哈哈哈,0
2025/3/7 19:46,先买辣条,0
2025/3/7 19:46,我觉得先买个枕头睡一觉,0
2025/3/7 19:46,先买张彩票吧，博一博才有出路,1
2025/3/7 19:46,先买俩馍吧,0
2025/3/7 19:46,先买根雪糕冷静冷静,0
2025/3/7 19:47,买个房车[展开说说],0
2025/3/7 19:47,先乘公交回家，不然都怕你走路回家，路上渴了不够买水喝[偷笑],1
2025/3/7 19:47,先买俩包子垫垫吧,0
2025/3/7 19:47,[捂脸],0
2025/3/7 19:47,这些东西生不带来死不带去的，最后都是一个盒子，听我的先买墓,1
2025/3/7 19:47,先买电池,0
2025/3/7 19:47,还真只能买饭，多一个菜都不够,0
2025/3/7 19:48,买桶泡面得了,0
2025/3/7 19:48,先买菜,0
2025/3/7 19:48,@梅筱筱 [泪奔],0
2025/3/7 19:48,先睡觉 梦里啥都有[看],0
2025/3/7 19:48,是这个把。[泪奔],0
2025/3/7 19:48,@BBBB [泪奔],0
2025/3/7 19:48,先活着[灵机一动],0
2025/3/7 19:48,哈哈哈哈哈你是天赋型选手,0
2025/3/7 19:49,先治病哈哈哈哈哈哈哈,0
2025/3/7 19:49,[微笑]咋了？不能许愿？,0
2025/3/7 19:49,先还房租吧[看],0
2025/3/7 19:50,这…买个好点的枕头都不够啊……,0
2025/3/7 19:50,先买水，毕竟水是生命之源,0
2025/3/7 19:50,先贷款,0
2025/3/7 19:51,[泪奔][泪奔][泪奔]@梁拌菜,0
2025/3/7 19:51,来福建买点天地通，那家伙百年后你再下面可以买飞机大炮自己搞军队[奸笑][奸笑][奸笑],1
2025/3/7 19:51,先想办法活着,0
2025/3/7 19:51,上面买房下面买车,0
2025/3/7 19:51,我先睡觉,0
2025/3/7 19:51,先睡觉吧，梦到那个算哪个,0
2025/3/7 19:51,先买瓶水吧[看],0
2025/3/7 19:51,[看],0
2025/3/7 19:51,先买包辣条吃吃得了[黑脸],0
2025/3/7 19:52,一步到位买盒吧[看],1
2025/3/7 19:52,先买根 甘蔗啃一下,0
2025/3/7 19:52,先买啥，给我整不会了,0
2025/3/7 19:53,先吃顿拼好饭[捂脸],0
2025/3/7 19:53,还是先睡觉吧,0
2025/3/7 19:53,@葳蕤自生光,0
2025/3/7 19:54,先糊口,0
2025/3/7 19:54,转给我买个教训,1
2025/3/7 19:54,先扫哈啰,0
2025/3/7 19:54,先买个彩票[尬笑],0
2025/3/7 19:54,不得不佩服小米的营销[赞],0
2025/3/7 19:54,发给我 我说你又有车又有房[呆无辜],1
2025/3/7 19:54,我觉得先买泡面加火腿肠，矿泉水买过期的就够了,1
2025/3/7 19:54,先买个碗，[泪奔],0
2025/3/7 19:55,可以买点小米,0
2025/3/7 19:55,先买碗[偷笑][偷笑],0
2025/3/7 19:55,买瓶水吧，免得晚上你没借口起床[九转大肠],0
2025/3/7 19:55,先想法子活着,0
2025/3/7 19:55,先挂号[黑脸],1
2025/3/7 19:55,把这些都给我 我就跟别人说你有车有房[憨笑][赞],0
2025/3/7 19:55,可以先买房车[呲牙],0
2025/3/7 19:55,先买劳保手套,0
2025/3/7 19:56,先去买特价面包[尬笑],0
2025/3/7 19:56,先买手抓饼,0
2025/3/7 19:56,先选桥洞,0
2025/3/7 19:56,先吃饭,0
2025/3/7 19:57,留着存银行吃利息[呲牙][呲牙],0
2025/3/7 19:57,我去7.97亿[发怒][发怒],1
2025/3/7 19:57,先睡觉，梦里都有！,0
2025/3/7 19:58,@随风远航 @小刺猬jing [尬笑],0
2025/3/7 19:58,多买几个馒头,0
2025/3/7 19:58,买包盐,0
2025/3/7 19:58,先去买辆车??，然后去简简单单去付个首付，剩下的存着,0
2025/3/7 19:58,[黑脸],1
2025/3/7 19:58,买流量都不够啊，兄弟[捂脸],1
2025/3/7 19:58,买五注福利彩票都够呛，也不一定会中，给我吧,0
2025/3/7 19:59,不行先吃饭呢 再配瓶水[白眼]@无 @ロロノア·ゾロ @美式加冰升职加薪,0
2025/3/7 19:59,七块钱买水都有很多门槛的,0
2025/3/7 19:59,@刘益兽 哈哈哈,0
2025/3/7 19:59,买我,1
2025/3/7 19:59,[大笑],0
2025/3/7 19:59,先成家,0
2025/3/7 19:59,买包辣条吧，麻辣小王子一小包 我爱吃[呲牙],0
2025/3/7 19:59,回家好吗孩子咱们回家,0
2025/3/7 20:00,都是刚需都得买，都买,0
2025/3/7 20:00,活下去[看],0
2025/3/7 20:00,买根冰棍儿吧,0
2025/3/7 20:00,先吃饱,0
2025/3/7 20:00,你找雷总给你单独弄个方案，一般企业搞不来[捂脸],0
2025/3/7 20:01,先买泡面,0
2025/3/7 20:01,不如搞把大的，在贷一块钱搞 5 注双色球,1
2025/3/7 20:01,先纠结着，不急,0
2025/3/7 20:01,买桶泡面吧 不要加香肠 太奢侈了,0
2025/3/7 20:01,五金店买根绳,0
2025/3/7 20:01,先买枕头睡觉,0
2025/3/7 20:02,买盒子,0
2025/3/7 20:02,先买包烟,0
2025/3/7 20:02,先买一包小抽纸吧[捂脸][捂脸][捂脸][捂脸],0
2025/3/7 20:02,先买两副手套,0
2025/3/7 20:02,先活着吧,0
2025/3/7 20:02,买瓶啤酒加一代花生米，先做梦,0
2025/3/7 20:02,先买辣条,0
2025/3/7 20:02,你如果是女人就先买房，如果是男人就先买车,1
2025/3/7 20:02,再攒攒，还差2块多，10块能买张彩票哟～～[灵机一动][灵机一动],0
2025/3/7 20:03,先买包纸，擦擦眼泪[泣不成声],1
2025/3/7 20:03,买个闹钟?，该醒了,1
2025/3/7 20:03,买馒头吧,0
2025/3/7 20:04,都买就好了，但你要先学会投资，先转给我[捂脸]以后做梦就都会有了,1
2025/3/7 20:04,@????,0
2025/3/7 20:04,先买包魔芋爽爽一下,0
2025/3/7 20:04,先买个袋装泡面买其他的只能一天吃一顿就饿死了,0
2025/3/7 20:05,哈哈哈先考虑这个月怎么活过去吧,0
2025/3/7 20:05,买泡面吧,0
2025/3/7 20:06,先卖命,1
2025/3/7 20:06,先吃饭,0
2025/3/7 20:06,先买早餐,0
2025/3/7 20:06,先拼好饭毒一毒[九转大肠][九转大肠][九转大肠],1
2025/3/7 20:06,买瓶水都费点劲儿[捂脸],0
2025/3/7 20:07,先买根烟抽抽,0
2025/3/7 20:07,我以前竟然想着科迈罗很帅，而且还是在能考虑的范围，可现在这个同价的已经1500匹了。还好当初没有脑子一热。,0
2025/3/7 20:07,先买充电器,0
2025/3/7 20:07,零钱买房，零钱通买车[比心],0
2025/3/7 20:07,买杯蜜雪[皱眉]还能剩两块钱钱,0
2025/3/7 20:08,还是想想明天的饭怎么解决吧,0
2025/3/7 20:08,先活着吧,0
2025/3/7 20:08,先卖[哈欠],0
2025/3/7 20:09,趁着还有话费赶紧撸贷款,1
2025/3/7 20:09,先买米[呲牙],0
2025/3/7 20:09,根据金额推荐：零钱买房，零钱通买车。[赞],0
2025/3/7 20:09,错了应该先买卫生纸,0
2025/3/7 20:09,先学教资吧[困],0
2025/3/7 20:10,先不要想[捂脸],0
2025/3/7 20:10,先买彩票[坏笑],0
2025/3/7 20:10,先买一注彩票[偷笑],0
2025/3/7 20:10,牛奶面包都要[看]拿下它们,0
2025/3/7 20:10,先睡了[大笑],0
2025/3/7 20:10,买点纸扎吧[看],1
2025/3/7 20:11,买几张彩票吧，搏一搏单车变摩托[看],0
2025/3/7 20:11,拼好饭也不够哇[流泪],0
2025/3/7 20:11,我也想知道,0
2025/3/7 20:11,@拾禧 是让你看这个,0
2025/3/7 20:11,先买个烤包子舔肚子,0
2025/3/7 20:12,先买包纸巾[捂脸],0
2025/3/7 20:12,梦里都可以买,0
2025/3/7 20:12,下楼去便利店买俩塑料袋套头上感受青藏高原的高反[比心][比心][比心],0
2025/3/7 20:12,去五金店买根结实点绳子，，，，，，,1
2025/3/7 20:12,刚好一桶泡面加根肠,0
2025/3/7 20:12,先买个小蛋糕解解馋,0
2025/3/7 20:12,先买瓶水再扫个共享单车回家[调皮],0
2025/3/7 20:12,买张彩票[坏笑][坏笑][坏笑],0
2025/3/7 20:12,回来了？魔芋爽也买不起,1
2025/3/7 20:12,先买烟,0
2025/3/7 20:12,哈哈哈哈,0
2025/3/7 20:12,买8包魔芋爽，不光想的爽，吃的也爽[送心][送心][送心],0
2025/3/7 20:12,不是,0
2025/3/7 20:12,@祈财,0
2025/3/7 20:12,斥巨资买两包魔芋爽,0
2025/3/7 20:13,先吃饭，乖,0
2025/3/7 20:13,[绝望的凝视][绝望的凝视][绝望的凝视],1
2025/3/7 20:13,先买包魔芋爽爽一爽,0
2025/3/7 20:13,买4注彩票[看],0
2025/3/7 20:13,买彩票,0
2025/3/7 20:14,@小丸子,0
2025/3/7 20:14,买张彩票,0
2025/3/7 20:14,给我发五毛买辣条[送心][送心],0
2025/3/7 20:14,@??雾都骑迹,0
2025/3/7 20:14,你这个操作空间有点小啊[微笑],0
2025/3/7 20:14,先买两馒头 垫吧垫吧[泣不成声][泣不成声][泣不成声],0
2025/3/7 20:14,@ashinev @PING.????,0
2025/3/7 20:15,再赞赞吧[抠鼻],0
2025/3/7 20:15,吃沙县都费劲[尬笑],0
2025/3/7 20:15,不是咱们该考虑的事,0
2025/3/7 20:15,先买一包烟,0
2025/3/7 20:16,@想吃肯德基?? 哈哈哈哈哈哈哈哈哈,0
2025/3/7 20:17,先睡一觉,0
2025/3/7 20:17,比你多点,0
2025/3/7 20:17,先买几粒米吧！,0
2025/3/7 20:17,小朋友才做选择题[捂脸][捂脸][捂脸],0
2025/3/7 20:17,小米地图，很刑啊[看] 偷偷测绘要吃子弹的啊[看],1
2025/3/7 20:17,先买馒头，怕明天饿死[看],0
2025/3/7 20:17,先买棒棒糖,0
2025/3/7 20:18,先给我买杯蜜雪,0
2025/3/7 20:18,[捂脸],0
2025/3/7 20:18,先吃饭,0
2025/3/7 20:18,买瓶可乐。,0
2025/3/7 20:18,先买命[捂脸][捂脸],0
2025/3/7 20:18,先睡觉,0
2025/3/7 20:18,买张彩票吧,0
2025/3/7 20:19,都买，绰绰有余,0
2025/3/7 20:19,你这买个炒饭钱都少了呀,0
2025/3/7 20:19,@晚安了,0
2025/3/7 20:19,先拿一块买车，后拿七块买房啊,0
2025/3/7 20:19,先买一个馒头啃啃得了,0
2025/3/7 20:19,买四个冠军贴纸胶囊，逆天改命[赞],0
2025/3/7 20:19,买个教训[绿帽子],1
2025/3/7 20:19,先睡吧[比心]要不然醒着难受[捂脸],0
2025/3/7 20:20,买彩票吧,0
2025/3/7 20:20,有点小钱，不错不错,0
2025/3/7 20:20,先买个棒棒糖甜一下,0
2025/3/7 20:20,买个绳子然后重开,1
2025/3/7 20:21,先还花呗吧[捂脸],0
2025/3/7 20:21,先卖车吧现在0首付,0
2025/3/7 20:21,先睡觉,0
2025/3/7 20:21,先裸贷[捂脸],1
2025/3/7 20:22,先买辣条,0
2025/3/7 20:22,@云玖,0
2025/3/7 20:22,要不先活着呢[裂开],0
2025/3/7 20:22,先甜后苦是真甜，劝人先甜是对的，你是实在人。,0
2025/3/7 20:23,还是先纠结下是打开美团还是饿了么，去选择拼好饭吧,0
2025/3/7 20:23,先放零钱通吃吃利息[玫瑰],0
2025/3/7 20:24,[捂脸][捂脸][捂脸],0
2025/3/7 20:24,一起吧  今天晚上就去买,0
2025/3/7 20:24,@give me five,0
2025/3/7 20:25,先交水电费，电话费,0
2025/3/7 20:25,买包魔芋爽，爽爽得了,0
2025/3/7 20:25,你发我图干啥,1
2025/3/7 20:25,买个棒棒糖[看],0
2025/3/7 20:25,先睡觉,0
2025/3/7 20:25,先买包辣条自己吃着吧,0
2025/3/7 20:25,先买七包劲鱼仔,0
2025/3/7 20:25,都买,0
2025/3/7 20:25,上一秒我心情都准备好了，下一秒坏了，小米地图给我整笑了，憋也憋不住[捂脸],0
2025/3/7 20:25,先贷款[不失礼貌的微笑],0
2025/3/7 20:26,你说了我要说的[捂脸],0
2025/3/7 20:26,先买车吧，青桔共享单车[感谢][尬笑],0
2025/3/7 20:27,哈哈哈,0
2025/3/7 20:27,先充电吧[比心],0
2025/3/7 20:27,先睡觉,0
2025/3/7 20:27,先充电[捂脸],0
2025/3/7 20:27,先卖命,1
2025/3/7 20:27,买炒饭,0
2025/3/7 20:27,??：先搞两个花生米磨磨牙！,0
2025/3/7 20:28,买个棒棒糖??,0
2025/3/7 20:28,买个火箭??一下上天,0
2025/3/7 20:28,先吃饭吧,0
2025/3/7 20:28,先买两包辣条吃吃[比心][比心],0
2025/3/7 20:28,买彩票,0
2025/3/7 20:29,买个小布丁吃吧 没什么用 但是心里凉凉的,0
2025/3/7 20:29,先多买几个塑料袋，装西北风,1
2025/3/7 20:29,先买个鸡蛋灌饼吧[赞][赞],0
2025/3/7 20:29,@Ale @发菜 网友总是让人出乎意料,0
2025/3/7 20:29,买个卤蛋吃吧,0
2025/3/7 20:30,@榻榻 @上不了分 @给我 O 泡 [捂脸][捂脸],0
2025/3/7 20:30,先来杯奶茶,0
2025/3/7 20:30,先睡觉,0
2025/3/7 20:30,买个美团券吧,0
2025/3/7 20:30,还是劝你先提现，毕竟把钱放到微信里不安全[灵机一动],0
2025/3/7 20:31,@小幺 @派派派小星 [笑哭],0
2025/3/7 20:31,@一起拉屎吗 哈哈哈哈哈哈,0
2025/3/7 20:31,转给我当买个教训了,1
2025/3/7 20:31,不应该是先借钱吗？,0
2025/3/7 20:32,买两包辣条,0
2025/3/7 20:32,@??心之所向,0
2025/3/7 20:32,先活着吧,0
2025/3/7 20:32,@缘为冰 哈哈哈哈哈,0
2025/3/7 20:32,先去取消自动续费,0
2025/3/7 20:33,买导弹先,1
2025/3/7 20:33,先买颗糖吃吃吧，睡醒了被尿疵醒还是甜的,0
2025/3/7 20:33,先买烟吧,0
2025/3/7 20:33,"@Yy, @罗某不搞笑 @00FF",1
2025/3/7 20:33,先买鸡蛋。,0
2025/3/7 20:33,买泡面吧吃完洗洗碎觉,0
2025/3/7 20:34,先吃饱再说吧[捂脸],0
2025/3/7 20:34,先买个好点的枕头,0
2025/3/7 20:34,零钱通一天吗？,0
2025/3/7 20:34,先买个手抓饼加根香肠[尬笑],0
2025/3/7 20:35,@关你什么柿?? @biubiu,0
2025/3/7 20:35,先买饭,0
2025/3/7 20:35,9块钱炒面[思考],0
2025/3/7 20:35,买彩票吧！,0
2025/3/7 20:35,哎呦 宝贝你这正好明早来套煎饼果子 浆子都费点劲,0
2025/3/7 20:35,这在杭州买不起饭哦。只够买瓶500毫升饮用水。,0
2025/3/7 20:35,哥们儿，这点钱是烧吗？[暗中观察][暗中观察][暗中观察],1
2025/3/7 20:36,先买流量吧哥们,1
2025/3/7 20:36,买桶泡面还能买瓶水,0
2025/3/7 20:36,先买糖吧 还能撑两天[看],0
2025/3/7 20:36,@什么小椰,0
2025/3/7 20:37,房,0
2025/3/7 20:37,先卖阿轲6元皮[抠鼻],0
2025/3/7 20:37,先买饭吧,0
2025/3/7 20:37,大意了，中午饭估计都没得着落哦[看],0
2025/3/7 20:37,买彩票 人生就得赌一次 车房都有了[看],0
2025/3/7 20:38,先买彩票,0
2025/3/7 20:38,买药,0
2025/3/7 20:38,宝，先买个蛇皮袋[流泪],1
2025/3/7 20:39,先买包魔芋爽爽一爽吧,0
2025/3/7 20:39,先去拼一只丝袜,1
2025/3/7 20:39,先买个洋芋粑[舔屏],0
2025/3/7 20:39,买张彩票吧,0
2025/3/7 20:39,零首付车房一起搞，再把所有网贷撸一遍养老金都有了,1
2025/3/7 20:40,零钱首付买房，零钱通首付买车。,0
2025/3/7 20:40,你这喝咖啡都要和别人AA的程度啊[捂脸],1
2025/3/7 20:40,买个大大泡泡糖吃一下得了,0
2025/3/7 20:40,"拜访了一位资产高达2000块的前辈，必须告诉你们：
1.每一位成功人士的背后，一定有一根脊柱。
2.普通人想快速翻身的话，一定要侧着睡。
3一根筷子很容易折断，而一把筷子可以给很多人使用。
4.脚踏实地一定要用脚踩地面。
5.没有什么困难是没有困难的。
6.如果你在某方面有能力，那你就有一些能力。
7.每一个500强的企业员工都知道，他们是500强。
8.当你早上起不来时，那说明你想睡觉。
9.你要相信自己，你一定行的，除非你不行。",1
2025/3/7 20:41,先买根糖坐那想,0
2025/3/7 20:41,先买水[灵机一动],0
2025/3/7 20:41,先糊口,0
2025/3/7 20:41,不影响，哪个也行,0
2025/3/7 20:41,先买车，再买房，明年换个丈母娘[看],1
2025/3/7 20:42,先买2个包子填饱肚子再说吧,0
2025/3/7 20:42,饭都买不起[捂脸][捂脸],0
2025/3/7 20:42,@孟秋十四 @长泽雅美老师,0
2025/3/7 20:42,转给我吧！带你旅旅游，看看地中海,0
2025/3/7 20:42,@小妍的草稿箱,0
2025/3/7 20:42,想买馒头。,0
2025/3/7 20:42,@紫荆城小新,0
2025/3/7 20:42,我也爱一盏,0
2025/3/7 20:42,@wuli文呀,0
2025/3/7 20:43,@花Hua,0
2025/3/7 20:43,拼好饭[吐舌],0
2025/3/7 20:43,还是先买一斤白酒吧，喝醉了好做梦[捂脸],0
2025/3/7 20:44,先买袋盐,0
2025/3/7 20:44,买个馒头先撑3天[耶],0
2025/3/7 20:44,先别买[泣不成声],0
2025/3/7 20:44,先买馒头 填饱这一顿吧[呲牙][捂脸],0
2025/3/7 20:44,听我的。先买彩票,0
2025/3/7 20:44,你先睡,0
2025/3/7 20:45,买根麻绳吧[泪奔],1
2025/3/7 20:45,这纠结啥，一起买啊[坏笑],1
2025/3/7 20:45,先买药,0
2025/3/7 20:45,买彩票,0
2025/3/7 20:46,买个馒头,0
2025/3/7 20:46,喝水吧[捂脸][捂脸],0
2025/3/7 20:46,下楼先买个淀粉肠叭,0
2025/3/7 20:46,要么一起买吧,0
2025/3/7 20:47,买馒头[呲牙],0
2025/3/7 20:47,先讨饭,1
2025/3/7 20:47,先进厂,0
2025/3/7 20:47,在饿一饿什么都有了,1
2025/3/7 20:48,买蜜雪够了,0
2025/3/7 20:48,高德百度：他应该不会这样吧？？？公牛：你说呢？晨光：你说呢？车企：你说呢？,0
2025/3/7 20:49,先买米哦 买几粒,0
2025/3/7 20:49,买彩票[泪奔],0
2025/3/7 20:49,想那么多干啥,1
2025/3/7 20:49,先买个????吃[捂脸],0
2025/3/7 20:49,买流口水,0
2025/3/7 20:49,[笑哭][笑哭][笑哭][笑哭]你先想想明天吃什么,0
2025/3/7 20:50,转给我吧，我还能谢谢你。,0
2025/3/7 20:50,先买点咸菜和馒头吧估计能撑过这月,0
2025/3/7 20:50,可以买个二手套[捂脸],0
2025/3/7 20:51,你为什么偷偷截我的屏[泣不成声],1
2025/3/7 20:51,先买烤肠[暗中观察],0
2025/3/7 20:51,先买张彩票吧,0
2025/3/7 20:51,买包辣条吃先[泪奔],0
2025/3/7 20:51,先搞钱,0
2025/3/7 20:51,[比心]买包辣条,0
2025/3/7 20:51,先买馒头,0
2025/3/7 20:52,@ˉ﹃ˉ 哈哈哈哈哈哈哈,0
2025/3/7 20:52,先赚钱[可怜],0
2025/3/7 20:52,卖裤衩！,1
2025/3/7 20:52,先开个花呗借呗吧,0
2025/3/7 20:52,先躺下睡一觉吧[看],0
2025/3/7 20:52,先买瓶冰红茶冷静下.冷静好了才能想到买啥,0
2025/3/7 20:53,先赚钱[笑哭][笑哭],0
2025/3/7 20:53,都这么有钱了，听话咱都不买[大笑],0
2025/3/7 20:53,先买辣条,0
2025/3/7 20:53,拼好饭,0
2025/3/7 20:53,先买馒头,0
2025/3/7 20:53,两个泡面应该可以[呲牙],0
2025/3/7 20:53,点个拼好饭吧,0
2025/3/7 20:54,我笑了,0
2025/3/7 20:54,先充电,0
2025/3/7 20:54,我不担心，因为我的朋友50我朋友也不会买[舔屏],1
2025/3/7 20:54,先买饭,0
2025/3/7 20:55,雷总：地图…这个不在我计划之内奥[凝视]   一段时间后：这是我们新推出的！小米地图[咒骂],1
2025/3/7 20:55,不然还是先睡觉吧～,0
2025/3/7 20:55,再便宜也买不起的啦，姐妹[一头乱麻],0
2025/3/7 20:55,买瓶苹果醋吧,0
2025/3/7 20:55,买注彩票，命好的话。几百万[发怒],1
2025/3/7 20:55,先买车吧，玩具多的很,0
2025/3/7 20:55,买包魔芋爽爽爽得了,0
2025/3/7 20:55,先醒过来[呲牙],0
2025/3/7 20:55,别纠结，去楼下看看最多能买几个馒头囤起来，还能多吃几天[捂脸],0
2025/3/7 20:56,哈哈哈哈,0
2025/3/7 20:56,不行了咱买三张彩票吧[暗中观察],0
2025/3/7 20:56,先买蜜雪冰城吧,0
2025/3/7 20:57,何必为难自己呢,0
2025/3/7 20:57,先转给我，我让你先买个教训,1
2025/3/7 20:58,先充电吧[微笑],0
2025/3/7 20:58,买包压缩饼干吧[躺平],0
2025/3/7 20:58,@9iing^,0
2025/3/7 20:58,你应该先挣钱,0
2025/3/7 20:58,先买包红糖吧，痛经的时候真的会用到。,0
2025/3/7 20:58,买桶泡面加根肠[我想静静],0
2025/3/7 20:59,买彩票吧,0
2025/3/7 20:59,兄弟你要笑死我啦[大笑][大笑][大笑],0
2025/3/7 20:59,先买个梦[灵机一动],0
2025/3/7 20:59,买俩馒头吧,0
2025/3/7 20:59,一起买,0
2025/3/7 21:00,给你找好了，不用客气，剩下的还可以买车,0
2025/3/7 21:00,先买个高枕吧[捂脸],0
2025/3/7 21:00,先睡觉[比心],0
2025/3/7 21:01,买根烤肠,0
2025/3/7 21:01,先温饱吧[捂脸]吃饱就不瞎想了[捂脸],0
2025/3/7 21:01,楼下做摇摇车吧,0
2025/3/7 21:01,我在想买不买,0
2025/3/7 21:01,买蜜雪吧刚刚好[比心],0
2025/3/7 21:01,两样一起[抠鼻],0
2025/3/7 21:02,买包魔芋爽 爽一下得了[捂脸],0
2025/3/7 21:02,先醒醒,1
2025/3/7 21:03,@扶老奶奶闯红灯,1
2025/3/7 21:03,买共享单车月卡[白眼],1
2025/3/7 21:03,买个煎饼果子吧,0
2025/3/7 21:03,哈哈哈哈哈,0
2025/3/7 21:04,先睡觉 梦里两个都有,0
2025/3/7 21:04,先醒醒,1
2025/3/7 21:04,@kzy @我要睡懒觉 @姝纬 @半夜起来去杀猪 @好想吃薯条???? @花会枯萎 @?,0
2025/3/7 21:04,先买桶泡面吧，点外卖是不可能的,0
2025/3/7 21:04,先去买拼好饭,0
2025/3/7 21:04,@岑京 @看生活。 @小明同学?? @赤子追梦,0
2025/3/7 21:04,先吃饭,0
2025/3/7 21:05,先买床???,0
2025/3/7 21:05,先买八个馒头[噢买尬],0
2025/3/7 21:05,先活着,0
2025/3/7 21:05,@一天一夏,0
2025/3/7 21:05,先买车,0
2025/3/7 21:05,玩大一点够一下雅迪吧,1
2025/3/7 21:06,先买个泡面吃饱再想,0
2025/3/7 21:06,买个打火机，再买俩根烟,0
2025/3/7 21:06,买杯柠檬水喝喝得了[捂脸],0
2025/3/7 21:07,这个好吃吗[猪头],1
2025/3/7 21:07,先醒来,0
2025/3/7 21:07,先买彩票吧,0
2025/3/7 21:07,买两根烤肠[舔屏],0
2025/3/7 21:07,先活着,0
2025/3/7 21:07,先买点白馒头跟咸菜能多过两天,0
2025/3/7 21:08,先睡觉,0
2025/3/7 21:08,@Excalibur [泪奔],0
2025/3/7 21:08,不用纠结，上面的钱买房，下面的钱买车，车房都有了,0
2025/3/7 21:08,先买个阿珂新皮肤，在买瓶矿泉水，然后王者启动,0
2025/3/7 21:09,还是先买一张刮刮乐[泪奔],0
2025/3/7 21:09,先买两根淀粉肠,0
2025/3/7 21:09,实在不行买几注彩票赌一赌吧[白眼],1
2025/3/7 21:09,先洗澡睡觉,0
2025/3/7 21:09,哈哈哈哈哈,0
2025/3/7 21:09,买个碗把兄弟,1
2025/3/7 21:09,先买点褪黑素，一口气多吃点，睡一觉,0
2025/3/7 21:09,蜜雪冰城:这题我会[不失礼貌的微笑],0
2025/3/7 21:09,先买一块砖吧，别买两块哦，钱不够[看],1
2025/3/7 21:10,哥们，别想太多了，先活着吧,0
2025/3/7 21:10,买几个白面馒头[灵机一动],0
2025/3/7 21:10,先买??,0
2025/3/7 21:10,先买你吧,0
2025/3/7 21:10,@再睡一分钟 @薛值钱!,0
2025/3/7 21:11,@一只废辣鸡 他说话好可爱,0
2025/3/7 21:11,先买包辣条[如花],0
2025/3/7 21:11,先睡觉，梦里什么都有,0
2025/3/7 21:11,要不先贷款买袋辣条吃吃，袋子里剩的辣油还可以倒点水做个辣汤,0
2025/3/7 21:11,先买一斤小米回去熬粥,0
2025/3/7 21:12,先嫁人，嫁得好私人飞机都会给安排,1
2025/3/7 21:12,@哲哲不用长大 先买个手抓饼还不能加两个肠，吃饱了在睡一觉就能买房了[看],0
2025/3/7 21:12,先睡觉,0
2025/3/7 21:12,这才是最打动人心的，以前没有门店的小米售后蛮差的，现在越来越好了，这就是大家愿意买小米的原因，我家哪怕是小小的净水器用了两年了过滤有问题小米也直接给我换了新机,0
2025/3/7 21:12,买辣条,0
2025/3/7 21:13,先关掉自动扣费[泣不成声],0
2025/3/7 21:13,先买个彩票[捂脸],0
2025/3/7 21:13,听我的，买双丝袜穿腿上，抠烂，站幼儿园门口等你老公出来,1
2025/3/7 21:13,发个定位吧，我看下哪个共享单车离你最近,0
2025/3/7 21:13,去贷款先买车,0
2025/3/7 21:13,先买包烟抽慢慢想[泪奔],0
2025/3/7 21:14,先拼饭,0
2025/3/7 21:14,@圈圈 @Ccin欣欣,0
2025/3/7 21:14,姐妹这不是你该考虑的事,0
2025/3/7 21:15,先领证[泪奔],0
2025/3/7 21:15,先买个饼吃吃吧,0
2025/3/7 21:15,@Flife- 哈哈哈哈哈哈哈,0
2025/3/7 21:15,先买个糖果甜一下。[泪奔],0
2025/3/7 21:16,先买个方便面吧带个火腿肠,0
2025/3/7 21:16,先买点大米吧[泪奔],0
2025/3/7 21:16,先别买,0
2025/3/7 21:16,先买大乐透吧,0
2025/3/7 21:17,[抠鼻]拼好饭都不够付,1
2025/3/7 21:17,先还贷款,0
2025/3/7 21:18,先睡觉,0
2025/3/7 21:18,买根烟吧[酷拽][酷拽],0
2025/3/7 21:18,买个棒棒糖吃吧[玫瑰],0
2025/3/7 21:18,先买个拼好饭,0
2025/3/7 21:18,一起买,0
2025/3/7 21:19,先买个蜜雪冰城柠檬水喝喝得了[黑脸][勾引],1
2025/3/7 21:19,小米:平等的创死所有行业,1
2025/3/7 21:20,来一个智力架吃了补充能量,0
2025/3/7 21:20,先买水和泡面,0
2025/3/7 21:20,[暗中观察][暗中观察][暗中观察][暗中观察]买别墅??,0
2025/3/7 21:20,[宕机] 没想到的角度  五百辆车确实可以搞出个小米地图[宕机],0
2025/3/7 21:20,先买碗蹲路边～,0
2025/3/7 21:20,[尬笑]先买命,1
2025/3/7 21:20,买瓶大冰红茶再买根散烟[捂脸],0
2025/3/7 21:20,买不了小米 买大米吧[捂脸],0
2025/3/7 21:22,单位是千万？,0
2025/3/7 21:22,买饭都够呛。[捂脸][捂脸],0
2025/3/7 21:22,@变态辣煎蛋,1
2025/3/7 21:22,发8.8来，我给你算一下,0
2025/3/7 21:22,买瓶8+1吧，喝醉了梦里啥都有[捂脸],0
2025/3/7 21:22,买张A4纸又可以折房子又可以折车子,0
2025/3/7 21:23,你居然比我多三分钱，我眼红了[发呆],0
2025/3/7 21:23,买两块钱彩票，中了车和房一起买，没中申请破产[看],0
2025/3/7 21:23,先买9个馒头，剩下一毛六吃利息,0
2025/3/7 21:24,先买药,0
2025/3/7 21:24,先买桶泡面加香肠吧,0
2025/3/7 21:24,先买个包子,0
2025/3/7 21:24,买个枕头啥都有了[看],0
2025/3/7 21:24,那其实没事，小时候书上就说了，鱼和熊掌不可兼得，都想要那就是我们的不对了，毕竟实力不允许啊[捂脸],0
2025/3/7 21:24,先做梦[不失礼貌的微笑]@Dan~,0
2025/3/7 21:24,哈哈哈哈哈[尬笑][尬笑][尬笑],0
2025/3/7 21:24,先把七块钱转给我[大笑]我明天吃早餐,0
2025/3/7 21:24,一起买[看],0
2025/3/7 21:24,先买瓶小瓶阿普挫伦 睡醒了吃一颗,1
2025/3/7 21:26,抖音里面有一个放心借。  先借点钱出来吃个饭，然后买个枕头垫高一点，不行吗？[捂脸][捂脸],0
2025/3/7 21:26,先买饭,0
2025/3/7 21:26,先买瓶矿泉水醒醒酒[看],0
2025/3/7 21:26,先买饭       在买我     我会挣钱[暗中观察][暗中观察],0
2025/3/7 21:26,先睡觉[捂脸],0
2025/3/7 21:27,先睡觉[舔屏],0
2025/3/7 21:27,@千禧~ [捂脸][捂脸][捂脸],0
2025/3/7 21:28,先买脑白金,1
2025/3/7 21:28,先睡觉吧我觉得,0
2025/3/7 21:28,@逃离地球,0
2025/3/7 21:28,先给我[看],0
2025/3/7 21:29,先捐了[呲牙],0
2025/3/7 21:29,目前来看还是先买命吧[猪头][摸头],1
2025/3/7 21:29,回老家,0
2025/3/7 21:29,先吃饭,0
2025/3/7 21:29,我女儿有本书，叫买梦,0
2025/3/7 21:29,先买个被子睡桥洞,1
2025/3/7 21:29,不用纠结的。啥都买不起,1
2025/3/7 21:29,先买彩票，中了可以全买，不中就雪上加霜[捂脸],0
2025/3/7 21:29,[泪奔][泪奔][泪奔],0
2025/3/7 21:29,先吃饱饭吧,0
2025/3/7 21:29,先充电,0
2025/3/7 21:29,先买饼[看],0
2025/3/7 21:29,买个彩票吧[呲牙],0
2025/3/7 21:30,先活着吧,0
2025/3/7 21:30,先买彩票[看],0
2025/3/7 21:30,all in,0
2025/3/7 21:30,买个彩票搏一下吧,0
2025/3/7 21:31,转给我 先买个教训吧,1
2025/3/7 21:31,买彩票啊！[捂脸][捂脸],0
2025/3/7 21:31,先活着吧,0
2025/3/7 21:31,先买个冰激凌[舔屏],0
2025/3/7 21:31,先买两个包子，把肚子填饱,0
2025/3/7 21:31,先活命吧,0
2025/3/7 21:31,@二宝,0
2025/3/7 21:32,买个旺旺碎冰冰吧，先旺一下,0
2025/3/7 21:32,先买个早餐吧,0
2025/3/7 21:32,买车吧，车能0首付[九转大肠],0
2025/3/7 21:33,@不辣小湖,0
2025/3/7 21:34,买盐够用几个月[尬笑],0
2025/3/7 21:34,买个鸡蛋灌饼应该够,0
2025/3/7 21:34,先睡一觉,0
2025/3/7 21:35,先拼好饭,0
2025/3/7 21:35,考虑太早了，完全没必要[捂脸],0
2025/3/7 21:36,先买份榨菜,0
2025/3/7 21:36,全部转给我，买个教训[看][看],1
2025/3/7 21:36,先买个煎饼果子吧，,0
2025/3/7 21:37,买根肠，给我带一根，要脆骨的[看],0
2025/3/7 21:37,买辣条[呲牙],0
2025/3/7 21:37,@巴宝粥 8块钱转给我 我星期一去学校可以买顿饭[奸笑],0
2025/3/7 21:37,先买彩票,0
2025/3/7 21:38,先买桶泡面[捂脸],0
2025/3/7 21:38,先买个枕头,0
2025/3/7 21:39,先买 8 个馒头[舔屏],0
2025/3/7 21:39,枕头想垫高点都难[泪奔],0
2025/3/7 21:39,买瓶莎普爱思滴一下眼镜[捂脸],0
2025/3/7 21:39,现买根棒棒糖逗小孩去,0
2025/3/7 21:40,先买包辣条,0
2025/3/7 21:40,建议先买根棒棒糖[捂脸],0
2025/3/7 21:40,建议先买米，回家煲稀饭喝,0
2025/3/7 21:40,买个纸皮睡天桥底,1
2025/3/7 21:41,买包哈德门先冷静一下,0
2025/3/7 21:41,买个煎饼加个蛋,0
2025/3/7 21:42,先买饭吧,0
2025/3/7 21:42,先给手机充上电吧,0
2025/3/7 21:42,真的会被你笑死[捂脸],0
2025/3/7 21:42,@梨花诗. [笑哭],0
2025/3/7 21:43,对啊，我只知道刮刮乐[捂脸]其他的看不懂,0
2025/3/7 21:43,买两根淀粉肠吧,0
2025/3/7 21:44,买两桶泡面，可以吃两顿,0
2025/3/7 21:44,买车[微笑],0
2025/3/7 21:44,先吃饭,0
2025/3/7 21:45,先买盐巴吧[捂脸],0
2025/3/7 21:45,[暗中观察]先活着,0
2025/3/7 21:45,彩票吧,0
2025/3/7 21:45,先分期，吃利息。,0
2025/3/7 21:45,@??喝葡萄啵啵??,0
2025/3/7 21:45,买包魔芋爽爽爽得了,0
2025/3/7 21:46,先买米,0
2025/3/7 21:47,先买泡面[捂脸],0
2025/3/7 21:47,买包辣条,0
2025/3/7 21:47,先打工,0
2025/3/7 21:47,先别买,0
2025/3/7 21:48,先买个馒头吃,0
2025/3/7 21:49,先买房,0
2025/3/7 21:49,都买 不差这点,0
2025/3/7 21:49,买点小米养养胃,0
2025/3/7 21:49,先活着,0
2025/3/7 21:49,兄弟，先买彩票吧,0
2025/3/7 21:49,[流泪],0
2025/3/7 21:50,一起都能买没问题,0
2025/3/7 21:50,先买饭,0
2025/3/7 21:51,买杯奶茶先喝喝,0
2025/3/7 21:51,先买魔芋爽[赞],0
2025/3/7 21:51,还是存着吃利息,0
2025/3/7 21:51,买个袋子套头上,1
2025/3/7 21:52,可以先买包纸巾插一下眼泪水，这个不用犹豫,1
2025/3/7 21:52,先买杯蜜雪冰城吧,0
2025/3/7 21:52,先买棒棒糖吧,0
2025/3/7 21:52,先买个保险,0
2025/3/7 21:52,先买糖,0
2025/3/7 21:53,房和车一起买,0
2025/3/7 21:53,凑一凑 买个玩具车,0
2025/3/7 21:53,买包辣条冷静一下,0
2025/3/7 21:53,先买饭吧,0
2025/3/7 21:55,先买糖,0
2025/3/7 21:55,我选择买火腿肠吃,0
2025/3/7 21:55,先活命吧,0
2025/3/7 21:55,买春都买不起[尬笑],1
2025/3/7 21:55,买个彩票吧！至少提升一下自己的身价[大笑][大笑][大笑],0
2025/3/7 21:55,先买泡面再加个蛋一根肠吧[泪奔],0
2025/3/7 21:55,[呆无辜],0
2025/3/7 21:56,买包辣条都够呛[呲牙]。,0
2025/3/7 21:56,先贷款,0
2025/3/7 21:56,先买点魔芋爽 爽爽得了,0
2025/3/7 21:56,买个盆吧,0
2025/3/7 21:57,[看][看][看]哈哈哈哈哈,0
2025/3/7 21:57,先吃饱,0
2025/3/7 21:57,先买瓶怡宝,0
2025/3/7 21:57,要不咋先多多上买个枕头[捂脸],0
2025/3/7 21:57,先活下去[黑脸],0
2025/3/7 21:58,买根喜欢的吸管 蹲路边吸西北风,1
2025/3/7 21:58,先买顿饭吃吧,0
2025/3/7 21:58,@看我看我阿姜 @烊生的玺子哥 @人间.,0
2025/3/7 21:58,先卖车，再卖房[尬笑],0
2025/3/7 21:58,先买明天的梦,0
2025/3/7 21:58,先6块点卷,0
2025/3/7 21:59,@采萝卜的叔叔,0
2025/3/7 21:59,下楼买包辣条回出租屋躺着去[捂脸],0
2025/3/7 22:00,买个早饭都费劲，不过，有梦想还是挺好的[捂脸],0
2025/3/7 22:00,买三张彩票看看，再决定买什么,0
2025/3/7 22:01,先全款买碗白粥[调皮],0
2025/3/7 22:01,一起买,0
2025/3/7 22:01,还是买瓶二锅头醉一下吧,1
2025/3/7 22:02,买饭够不够哦[笑哭][笑哭],0
2025/3/7 22:02,花不完，根本就花不完[微笑],0
2025/3/7 22:02,先买螺丝还是买手机壳[捂脸],0
2025/3/7 22:02,先买香 拜一拜[九转大肠][九转大肠],0
2025/3/7 22:02,买个碗,0
2025/3/7 22:02,[捂脸][捂脸],0
2025/3/7 22:03,彩票,0
2025/3/7 22:03,先挂号,0
2025/3/7 22:04,小孩子才做选择，大人是都要[比心],0
2025/3/7 22:05,买张彩票吧,0
2025/3/7 22:05,先挂号,0
2025/3/7 22:06,先活着,0
2025/3/7 22:06,啊哈哈哈哈哈哈哈哈哈六[泪奔],0
2025/3/7 22:07,相信我，先活下来[大笑],0
2025/3/7 22:07,先买个保险吧，别让财产被盗了[坏笑],1
2025/3/7 22:07,买一个冰淇淋冷静一下,0
2025/3/7 22:07,用零钱首付车和房，用零钱通去还,0
2025/3/7 22:08,先买几个馒头凑合吃几天先吧[泣不成声],0
2025/3/7 22:08,先买馒头吧,0
2025/3/7 22:08,买金典[大笑][大笑],0
2025/3/7 22:08,桶装水还买不起[捂脸][捂脸],0
2025/3/7 22:09,必须先买车,0
2025/3/7 22:09,卖个保险吧，这样说不定以后爸爸妈妈还能成为百万富翁[捂脸][捂脸][捂脸],0
2025/3/7 22:09,@??carton??（释怀版 @爱吃番茄鸡蛋 @sukoi（期待～ @bx @四季苍真 @拜托魔怔人放过我 @樂-,1
2025/3/7 22:09,先买泡面[看],0
2025/3/7 22:09,买车吧毕竟那么多人能看到,0
2025/3/7 22:10,先吃饱不饿吧！宝宝,0
2025/3/7 22:10,先买土，吃土啦,0
2025/3/7 22:10,先纠结吧[我想静静],0
2025/3/7 22:11,买个套吧 优秀的种子的封印[看],1
2025/3/7 22:11,先睡觉??,0
2025/3/7 22:11,@心平气和rr,0
2025/3/7 22:12,先买车,0
2025/3/7 22:12,@哇哈哈哈h,0
2025/3/7 22:12,先领结婚证[看],0
2025/3/7 22:12,先买点大米吧,0
2025/3/7 22:13,先买两包子吃,0
2025/3/7 22:13,都可以买大平层+宾利了，完事还能搞点投资,0
2025/3/7 22:14,先活着,0
2025/3/7 22:14,先点个拼好饭[捂脸],0
2025/3/7 22:14,@劝你不要太嚣张女士 [流泪][流泪][流泪],1
2025/3/7 22:15,自己买俩打火机 把自己崩晕算了,1
2025/3/7 22:15,@是沅宝诶 @好好好运 @那又怎么样 @阿落 @渔眠 @脾气大有问题吗 @北- @小丸子～～ @? ??? ? @是cc @小黑小 @木安 @小?? 哈哈哈哈[白眼],0
2025/3/7 22:16,先买枕头,0
2025/3/7 22:16,先买香吧，求祖宗保佑去,1
2025/3/7 22:16,先买馒头,0
2025/3/7 22:16,先挂号,0
2025/3/7 22:18,买桶泡面，再买几根辣条，一瓶水。[灵机一动],0
2025/3/7 22:19,先借个 0.84元，去买 5注体彩或双色球[呲牙],0
2025/3/7 22:20,你先买个煎饼果子别＋肠啊,0
2025/3/7 22:20,米饭可以[泪奔],0
2025/3/7 22:20,先扫街头的共享单车，骑去店里试驾一下，再骑回来,0
2025/3/7 22:20,先挣钱,0
2025/3/7 22:20,先睡觉,0
2025/3/7 22:21,先吃饱再说,0
2025/3/7 22:21,先买大饼,0
2025/3/7 22:21,先活着吧,0
2025/3/7 22:21,先买包辣条，填填肚子。,0
2025/3/7 22:21,先买根棒棒糖,0
2025/3/7 22:22,[酷拽]小米地图可以期待下[微笑]永远忘不了高德地图，我找火锅店，给我带到了建筑工地[微笑]咋滴，吃个火锅还得现盖个火锅店[微笑],0
2025/3/7 22:22,饭要紧,0
2025/3/7 22:22,找个桥洞睡,1
2025/3/7 22:22,买彩票吧[比心],0
2025/3/7 22:22,先买俩大馍，填饱肚子再说[捂脸],0
2025/3/7 22:24,买个枕头做个美梦,0
2025/3/7 22:24,买了佛冷,0
2025/3/7 22:24,@若若?? @小胖不胖 @唐钰儿、 [笑哭][笑哭][笑哭],0
2025/3/7 22:24,@今天还困 哈哈哈哈哈,0
2025/3/7 22:24,[泣不成声],0
2025/3/7 22:24,先买柱香，再买注彩票,0
2025/3/7 22:25,买包塔山回忆一下这几年怎么过来的,0
2025/3/7 22:25,@YANYAN瑜阿瑜 @爱睡觉的猫 @Ling @钮钴禄 蒸丸 @可达鸭 @濕girl @KayNail美甲 @無敵大魔王AnRo @小健.?? @??M6.cake,0
2025/3/7 22:25,躺平吃利息[不看],0
2025/3/7 22:25,先买个糖吃吃吧,0
2025/3/7 22:25,先把番茄小说卸载,1
2025/3/7 22:26,先买纸，总得体面点,0
2025/3/7 22:26,先买个水,0
2025/3/7 22:26,先睡觉，梦里面啥都有。,0
2025/3/7 22:27,来个二两米粉还有得剩，毕竟店里还有豆浆或者桶装水给喝,0
2025/3/7 22:27,玩儿去吧,1
2025/3/7 22:27,先买两个馒头吃饱了，坐那好好想想，在做打算[捂脸],0
2025/3/7 22:27,买瓶啤酒吧[尬笑],0
2025/3/7 22:28,先买彩票,0
2025/3/7 22:28,@HHHHHHHHHHHH,0
2025/3/7 22:29,听话，乖我们不做选择，直接两样一起买[捂脸],0
2025/3/7 22:29,可以考虑考虑拼好饭,0
2025/3/7 22:29,买房,0
2025/3/7 22:30,炒饭还是能买的[泪奔]零钱加上零钱通,0
2025/3/7 22:31,买金针菇吧,0
2025/3/7 22:31,先买个包子吧,0
2025/3/7 22:31,先把这张图片PS一下[捂脸],0
2025/3/7 22:32,先活着,0
2025/3/7 22:32,@未态拥. @Brown,0
2025/3/7 22:33,饭都费劲,0
2025/3/7 22:33,买个魔芋爽自己吃着爽就行了[色],0
2025/3/7 22:33,先买注彩票啊[捂脸],0
2025/3/7 22:34,@茶礼 [黑脸],1
2025/3/7 22:34,先买面,0
2025/3/7 22:34,先买个彩票吧，万一中了呢[捂脸],0
2025/3/7 22:34,先买彩票,0
2025/3/7 22:36,先买个拼好饭,0
2025/3/7 22:36,买个饼[看],0
2025/3/7 22:36,这个可以有[大笑],0
2025/3/7 22:38,梦里什么都有,0
2025/3/7 22:38,先买瓶冰露冷静一下,0
2025/3/7 22:38,这种地步水不用买，有免费的,1
2025/3/7 22:38,先买半分猪脚饭,0
2025/3/7 22:39,买份炒粉吧,0
2025/3/7 22:40,@吱吱吱 [泪奔][泪奔]吃饭都不够,0
2025/3/7 22:40,先活着[捂脸],0
2025/3/7 22:41,先存钱[捂脸][捂脸],0
2025/3/7 22:41,先[看]撸网贷,1
2025/3/7 22:41,先买张彩票[捂脸],0
2025/3/7 22:41,什么都别买了，以后钱不好赚[捂脸],0
2025/3/7 22:41,我的烦恼和他的一样,0
2025/3/7 22:42,先给我转7.0,1
2025/3/7 22:43,先买泡面吧,0
2025/3/7 22:43,先睡觉,0
2025/3/7 22:43,买根辣条，买杯散白再喝点,0
2025/3/7 22:43,先买彩票,0
2025/3/7 22:44,[笑哭],0
2025/3/7 22:44,@酸海椒,0
2025/3/7 22:44,先活着,0
2025/3/7 22:44,哈哈哈哈哈,0
2025/3/7 22:44,微天赋，40%,0
2025/3/7 22:44,先睡觉,0
2025/3/7 22:45,先买个碗[我想静静][我想静静],0
2025/3/7 22:46,先保命[绿帽子],1
2025/3/7 22:46,哈哈哈哈哈,0
2025/3/7 22:47,笑死我了,0
2025/3/7 22:50,先买包辣条炫了,0
2025/3/7 22:51,@精彩-0103??,0
2025/3/7 22:52,可以买白米饭,0
2025/3/7 22:53,先买双色球,0
2025/3/7 22:54,一碗小份的混沌,0
2025/3/7 22:54,买个碗,0
2025/3/7 22:55,先买双筷子不然吃饭没哋用,0
2025/3/7 22:55,兄弟咋还是先买几个馒头,0
2025/3/7 22:56,[捂脸],0
2025/3/7 22:56,做什么一觉醒来全世界物价下降??千万倍的美梦呀[泪奔],0
2025/3/7 22:56,[捂脸][捂脸][捂脸],0
2025/3/7 22:56,先买泡面吧,0
2025/3/7 22:57,煎饼果子来一套[看],0
2025/3/7 22:57,很贪吃[比心],0
2025/3/7 22:58,先买几个鸡蛋，把鸡蛋孵化成鸡，然后鸡生蛋，蛋生鸡，一直无限循环，然后鸡越来越多蛋越来越多，最后一边卖鸡一边卖蛋，房子和车子就都有了[看],0
2025/3/7 22:58,先活着,0
2025/3/7 22:58,买??吧[泪奔][泪奔],0
2025/3/7 22:58,先买把面条,0
2025/3/7 22:58,@周五啦 @沈么是快乐?? @Yanan @FLzero @??全智贤 @??-,0
2025/3/7 23:00,买瓶矿泉水倒在手掌心里把自己溺死,1
2025/3/7 23:01,先请我一罐可乐[看],0
2025/3/7 23:01,买大乐透，追加那种,0
2025/3/7 23:02,我的建议是先买个碗,0
2025/3/7 23:03,有钱先买车，没钱先买房[偷笑],0
2025/3/7 23:03,买俩馒头吧，省着点还能吃两顿,0
2025/3/7 23:03,先买碗??馄饨吃饱再说,0
2025/3/7 23:03,先买烟,0
2025/3/7 23:03,一起买,0
2025/3/7 23:04,小麦米吧[奸笑],1
2025/3/7 23:05,@叫我不靠谱 @情绪作怪,0
2025/3/7 23:05,先吃土,0
2025/3/7 23:05,先买个辣条放松一下吧[呲牙][呲牙],0
2025/3/7 23:06,先把肚子干饱再说吧,0
2025/3/7 23:07,先脱贫,0
2025/3/7 23:08,先买彩票不行？[疑问],0
2025/3/7 23:08,可以买10包辣条，记得买辣典那个豆皮，很好吃[不失礼貌的微笑],0
2025/3/7 23:08,@减少熬夜 @唉呀呀 @小奇奇啊,0
2025/3/7 23:09,先买注彩票？,0
2025/3/7 23:09,??棒棒糖,0
2025/3/7 23:10,买个低配烤冷面,0
2025/3/7 23:10,买个包子够了,0
2025/3/7 23:10,先睡觉,0
2025/3/7 23:11,先卖你[灵机一动][灵机一动][灵机一动][灵机一动][灵机一动][灵机一动][灵机一动][灵机一动],0
2025/3/7 23:11,我的意思是出卖劳动力哈[送心][送心][送心][送心],0
2025/3/7 23:13,买个曼头吃吧,0
2025/3/7 23:14,先睡觉,0
2025/3/7 23:14,买啥啥，买个包子吃都费劲[捂脸],0
2025/3/7 23:15,先转给我[看][看],0
2025/3/7 23:15,先坐公交谢谢,0
2025/3/7 23:15,@吃饭且睡觉69,0
2025/3/7 23:15,先买个准时宝,0
2025/3/7 23:16,哈哈哈哈哈,0
2025/3/7 23:16,@LIuuuuu,0
2025/3/7 23:17,先喝一喝西北风，喝饱就饱了,1
2025/3/7 23:17,先活下去[看],0
2025/3/7 23:18,先喝粥,0
2025/3/7 23:18,@vj @粉红衣着的你 @乐其_,0
2025/3/7 23:18,@苍蝇之家 @玖满秋秋,0
2025/3/7 23:18,先买面吧,0
2025/3/7 23:18,买个彩票吧,0
2025/3/7 23:20,买明天的早饭,0
2025/3/7 23:20,先买个碗,0
2025/3/7 23:21,加起来9个亿了，随便买,1
2025/3/7 23:22,买点辣条吃吃吧,0
2025/3/7 23:22,@Z先生,0
2025/3/7 23:22,@咸鱼要躺平,0
2025/3/7 23:22,先睡觉靠谱,0
2025/3/7 23:24,买注双色球或者大乐透，，房车都不用纠结了,0
2025/3/7 23:24,怕被烧死,1
2025/3/7 23:26,[捂脸]哈哈,0
2025/3/7 23:27,先买张彩票试试吧[灵机一动],0
2025/3/7 23:27,买个褪黑素吧,0
2025/3/7 23:27,醒醒,1
2025/3/7 23:29,一起买吧，我是不买要留来去旅游去[看],0
2025/3/7 23:31,买个急救毯，晚上睡桥洞底下至少能保命,1
2025/3/7 23:32,明早买个肉包子吃，吃饱了好上班[偷笑],0
2025/3/7 23:33,先救命吧,0
2025/3/7 23:34,两块馒头[尬笑],0
2025/3/7 23:34,先买饭吧,0
2025/3/7 23:34,这么苦了，买根棒棒糖吃吃吧,0
2025/3/7 23:36,先买半斤白米煮粥喝,0
2025/3/7 23:37,买个饭团[比心],0
2025/3/7 23:38,先想下怎么生存,0
2025/3/7 23:38,怕是买瓶矿泉水都有点尴尬吧[捂脸],0
2025/3/7 23:39,@123?? 哈哈哈哈哈哈,0
2025/3/7 23:39,房和车一起买，买一个也是破产，还不如买两个，好歹也是有车有房好听,0
2025/3/7 23:39,先活着[呲牙],0
2025/3/7 23:41,泡面加个蛋问题不大,0
2025/3/7 23:41,先考虑一下去哪里捡瓶子吧[捂脸],1
2025/3/7 23:42,买包辣条,0
2025/3/7 23:42,车,0
2025/3/7 23:43,有点纠结还是“有1点九几”,0
2025/3/7 23:44,刚想评论买饭就看到你的哈哈哈哈[捂脸][捂脸][捂脸][捂脸],0
2025/3/7 23:46,江苏快餐八块能买到吗？,0
2025/3/7 23:47,先去喝西北风[捂脸],1
2025/3/7 23:47,够买个盒子[黑脸],1
2025/3/7 23:47,买个棒棒糖甜蜜一哈[大笑],0
2025/3/7 23:48,先买点米,0
2025/3/7 23:50,哈哈哈哈,0
2025/3/7 23:50,我觉着再放两天好了[不失礼貌的微笑],0
2025/3/7 23:51,先保命,0
2025/3/7 23:52,建议先想办法整个床板！这样既有车也有房了,0
2025/3/7 23:52,"小孩子才做选择，咱一起买
有小米在，一切皆有可能[看]",0
2025/3/7 23:53,我三块钱也是在想这个问题[尬笑],0
2025/3/7 23:55,先娶老婆子,1
2025/3/7 23:55,我的第一反应也是这[尬笑],0
2025/3/7 23:55,睡觉去吧[看][看],0
2025/3/7 23:56,买个淀粉肠[送心],0
2025/3/7 23:56,听我的，枕头放高点，先做梦,0
2025/3/7 23:57,饭都买不起[思考],0
2025/3/7 23:57,先睡吧～,0
2025/3/7 23:58,[捂脸],0
2025/3/7 23:59,买点魔芋爽，爽爽得了,0
2025/3/8 0:00,先睡觉[尬笑],0
2025/3/8 0:01,先买袋干脆面吧[微笑],0
2025/3/8 0:01,[看]先把你那9.16元转给我，我们一起想！,1
2025/3/8 0:02,先睡觉吧,0
2025/3/8 0:02,先买把刀,1
2025/3/8 0:03,先把手机充电[大笑][大笑][大笑],0
2025/3/8 0:03,买个馒头和包辣条[看],0
2025/3/8 0:04,先买包烟抽着，再好好想想,0
2025/3/8 0:05,@山茶白羽,0
2025/3/8 0:05,先卖命[捂脸],0
2025/3/8 0:05,买杯蜜雪吧,0
2025/3/8 0:06,[九转大肠],0
2025/3/8 0:06,定个简单目标目标先凑合整数[机智],0
2025/3/8 0:07,哪个都买不起[咒骂],1
2025/3/8 0:07,看看哪家药店最近有折扣,0
2025/3/8 0:09,先dai?kuan,1
2025/3/8 0:09,@烊烊,0
2025/3/8 0:09,我刷过这个,0
2025/3/8 0:12,买个枕头,0
2025/3/8 0:13,模型都的上拼多多,1
2025/3/8 0:14,@II [黑脸],1
2025/3/8 0:14,先活着,0
2025/3/8 0:14,先买两斤西北风,1
2025/3/8 0:15,先买电池,0
2025/3/8 0:15,@晗晗’,0
2025/3/8 0:17,高德：你最好是生命周期测试,1
2025/3/8 0:19,先睡觉[呲牙],0
2025/3/8 0:19,先卖肾[机智][机智][机智][机智][机智],1
2025/3/8 0:20,好建议[赞],0
2025/3/8 0:20,你怕花光吗[微笑]不能全买吗,0
2025/3/8 0:22,先买裤衩！,0
2025/3/8 0:22,不好意思  没憋住,0
2025/3/8 0:22,买馒头吧，够吃一天的,0
2025/3/8 0:23,先卖双手套吧，然后徒步走路到云南省广南县曙光乡那里有一个运石场，可以去那里搬石头,1
2025/3/8 0:24,高德出个图标就收我八块[微笑]我忍他很久了[害羞][害羞]求小米地图上线[害羞][害羞][害羞][害羞],0
2025/3/8 0:25,@Kii,0
2025/3/8 0:30,先买个棒棒糖??,0
2025/3/8 0:30,合资买一期彩票吧（我入股一角钱）,0
2025/3/8 0:31,公交车都不敢坐太远[捂脸],0
2025/3/8 0:31,买张彩票赌一波,0
2025/3/8 0:32,先买个魔芋爽,0
2025/3/8 0:33,听我的，一步到位，直接买坟,1
2025/3/8 0:33,拼多多买个高一点的枕头，晚上好睡觉[呲牙],0
2025/3/8 0:36,先买瓶哇哈哈喝,0
2025/3/8 0:37,先睡觉，睡着啥都有了[暗中观察],0
2025/3/8 0:37,先睡觉，梦里啥都有了[捂脸][捂脸],0
2025/3/8 0:38,@多财多亿??,0
2025/3/8 0:39,@@秋刀鱼.,0
2025/3/8 0:39,先买个不锈钢盆，创业致富，好看你有潜力[赞],0
2025/3/8 0:39,[憨笑][憨笑],0
2025/3/8 0:40,哈哈哈,0
2025/3/8 0:41,先搞份沙县小吃的蒸饺  边吃边想[奸笑],0
2025/3/8 0:42,先买破碗跟棍子找个人多的地方坐子，别乱动运动多了肚子饿的快[捂脸],1
2025/3/8 0:44,7.97w可以付首付了,0
2025/3/8 0:45,[泪奔],0
2025/3/8 0:46,买清明烧的那种[捂脸]都不够钱,0
2025/3/8 0:47,你还是有点小钱的人，,0
2025/3/8 0:48,买个碗,0
2025/3/8 0:49,超市门口摇一下那个爸爸的爸爸是爷爷吧,0
2025/3/8 0:50,买给包子,0
2025/3/8 0:50,先买个馕吃吧[赞],0
2025/3/8 0:51,先把零钱转到零钱通[泪奔],0
2025/3/8 0:52,@炊烟熏红晚霞 大师[赞],0
2025/3/8 0:52,要不先活着吧，不然，容易看不见第二天太阳,0
2025/3/8 0:52,买泪先,1
2025/3/8 0:53,他在江苏，万一旅游区，水都买不到[捂脸],0
2025/3/8 0:53,买彩票[灵机一动],0
2025/3/8 0:54,零钱通才是重点，估计已经超越了很多人,0
2025/3/8 0:54,先买根淀粉肠[呲牙],0
2025/3/8 0:54,10001,0
2025/3/8 0:56,一起买,0
2025/3/8 0:58,听哥的先买墓地,1
2025/3/8 1:00,买个美梦吧,0
2025/3/8 1:00,买车吧  女朋友就来了,1
2025/3/8 1:01,先买压缩饼干,0
2025/3/8 1:01,扫给我当买了个教训[看],1
2025/3/8 1:03,还是先睡醒为好[捂脸][捂脸],0
2025/3/8 1:04,彩票,0
2025/3/8 1:04,买个玩具吧,0
2025/3/8 1:04,先买个馒头[捂脸],0
2025/3/8 1:05,@莲花街球童 [捂脸],0
2025/3/8 1:07,先充电吧,0
2025/3/8 1:07,先买火鸡面[舔屏],0
2025/3/8 1:08,都行，能买啥买啥,0
2025/3/8 1:08,买个高点的枕头吧[捂脸],0
2025/3/8 1:09,先买辣条,0
2025/3/8 1:09,先下楼买个煎饼果子吧,0
2025/3/8 1:09,先借钱,0
2025/3/8 1:10,先卖血,1
2025/3/8 1:13,@生煎火锅小背心,0
2025/3/8 1:14,买一袋小米,0
2025/3/8 1:14,在广东，一个肠粉，一杯豆浆，还纠结什么[看][看][看],0
2025/3/8 1:16,先睡觉,0
2025/3/8 1:17,先交话费,0
2025/3/8 1:20,先买房车吧,0
2025/3/8 1:21,买彩票,0
2025/3/8 1:25,买个盆找个好地方[尬笑],0
2025/3/8 1:26,买房车吧，兄弟[捂脸][捂脸],0
2025/3/8 1:26,零钱的余额买房，零钱通的余额买车 两全其美[看][看],0
2025/3/8 1:27,要不全款拿房车吧,0
2025/3/8 1:27,@奥特曼BaBaBa,0
2025/3/8 1:27,先嫁人都有了[捂脸],0
2025/3/8 1:28,@蜗牛 @z?? @凉白开,0
2025/3/8 1:28,买拼好饭[送心],0
2025/3/8 1:29,买一些饼干去吧,0
2025/3/8 1:30,@哼哼哇哈哈 哈哈哈,0
2025/3/8 1:30,@星宇,0
2025/3/8 1:32,吃沙县都得分期，还想着买啥车[大笑][大笑][大笑][大笑][大笑],0
2025/3/8 1:34,辣条,0
2025/3/8 1:35,买颗棒棒糖7吧,0
2025/3/8 1:35,先买几包辣条,0
2025/3/8 1:36,先买个馍吧,0
2025/3/8 1:36,先买馕吧[暗中观察],0
2025/3/8 1:40,换个角度想，营销的尽头就是真诚的像个孩子[尬笑],0
2025/3/8 1:43,@嫌麻烦 @??H @幸运玥??（不要连续点赞视频） @安放一生 @绽放的玫瑰??,0
2025/3/8 1:45,你买瓶酒然后睡觉,0
2025/3/8 1:49,@尔杳,0
2025/3/8 1:50,先买人[鼓掌],0
2025/3/8 1:50,先买个头套吧,1
2025/3/8 1:51,买个五毛钱的辣条,0
2025/3/8 1:54,买瓶可乐吧[暗中观察],0
2025/3/8 1:56,先买几注大乐透吧，毕竟这比拜佛有成功率[666],0
2025/3/8 1:56,[黑脸],1
2025/3/8 1:59,[干饭人]买点拼好饭吃吃得了,0
2025/3/8 1:59,@木兔重度依赖,0
2025/3/8 2:06,先睡了,0
2025/3/8 2:07,分期付饭吗,0
2025/3/8 2:07,[捂脸],0
2025/3/8 2:13,买盐,0
2025/3/8 2:14,说实话，我是不敢晒的，你太大意了[看],0
2025/3/8 2:14,拼好饭是可以的,0
2025/3/8 2:18,买根老冰棍，醒醒吧，孩子,1
2025/3/8 2:18,@十月,0
2025/3/8 2:19,别逗姐妹，这样看来内裤都买不起[捂脸],1
2025/3/8 2:20,@无敌爆龙神,0
2025/3/8 2:24,@车厘子大王??,0
2025/3/8 2:25,听话，啥也不买[耶][机智],0
2025/3/8 2:26,@Moody,0
2025/3/8 2:30,先睡吧,0
2025/3/8 2:32,先交话费，要不然连网都没了,0
2025/3/8 2:33,先发我，我帮你存着，不然你乱花,0
2025/3/8 2:41,先充电吧,0
2025/3/8 2:44,买支水,0
2025/3/8 2:49,吃啥饭啊  整桶泡面加根火腿肠够够的了[不失礼貌的微笑],0
2025/3/8 2:51,快清明了，这点钱够给列祖列宗买车买房了！[看],0
2025/3/8 2:53,先买药,0
2025/3/8 2:53,我资产比你多，我比你更纠结[抠鼻],1
2025/3/8 2:54,零钱买房。零钱通买车。挺好的,0
2025/3/8 2:56,@846948727349,0
2025/3/8 2:59,先拼好饭[捂脸],0
2025/3/8 3:00,@@1214.,0
2025/3/8 3:00,先买馒头,0
2025/3/8 3:01,先买根烤肠,0
2025/3/8 3:24,@Harrison_！??? @Ehxo @此生願 @第四次敲门声 @维尼 @红色柳丁 @无敌板烧 @日月╮（╯＿╰）╭ @嘎了,0
2025/3/8 3:27,@年轻人是我,0
2025/3/8 3:30,先买包辣条[看],0
2025/3/8 3:32,买两根烟再好好想想,0
2025/3/8 3:33,买几个泡泡糖,0
2025/3/8 3:37,先听听卫兰的my love my fate吧,0
2025/3/8 3:42,买房车,0
2025/3/8 3:44,@一剑霜寒十四州 @小雨季 @优雅の上分 @月亮星球?? @落樱不及她 @三毛五的爱 @茶叶. @冬思铎 @听桦 [捂脸][捂脸][捂脸],0
2025/3/8 3:45,买苏菲吧，12片7块，记得买夜用的，不然漏了会梦醒,0
2025/3/8 3:48,买寂寞,1
2025/3/8 3:49,先睡觉，梦里啥都有[看],0
2025/3/8 3:49,这得先睡觉吧[笑哭],0
2025/3/8 3:50,@黄黄h @宝格。格,0
2025/3/8 3:50,先买包辣条,0
2025/3/8 3:52,听话，咱先买馒头[熊吉],0
2025/3/8 3:54,[尬笑],0
2025/3/8 4:00,买杯蜜雪冰城[憨笑],0
2025/3/8 4:03,买个煎饼果子压压惊[捂脸],0
2025/3/8 4:06,先睡觉,0
2025/3/8 4:14,拼好饭[奸笑],1
2025/3/8 4:19,你还是先买个棒棒糖??,0
2025/3/8 4:29,先买个棒棒糖压压惊打败全国90%的人,0
2025/3/8 4:34,先买辣条[捂脸],0
2025/3/8 4:37,买苏菲,0
2025/3/8 4:42,@y17,0
2025/3/8 4:43,白米饭可以买两份,0
2025/3/8 4:50,@当归 @菇凉我百毒不侵,0
2025/3/8 4:53,记得准点抢拼好饭[偷笑],0
2025/3/8 5:02,可以先把我买了再买车,0
2025/3/8 5:03,都买！,0
2025/3/8 5:07,零钱通开的有点多余了[捂脸],0
2025/3/8 5:11,纸房子都买不起[微笑],0
2025/3/8 5:16,先买四块五的妞[耶],1
2025/3/8 5:19,先睡觉,0
2025/3/8 5:32,买一斤米，2.4元，买1元葱花，3个鸡蛋大概，4元左右，先吃饱[看],0
2025/3/8 5:34,先买包五毛钱的辣条吃先，在慢慢思考,0
2025/3/8 5:42,先借钱买包华子抽 想想到底买房还是买车[看],0
2025/3/8 5:47,先活着[捂脸][捂脸],0
2025/3/8 5:51,先my god[泪奔],0
2025/3/8 5:52,先付首付买彩票,0
2025/3/8 5:54,先买小米一百块,0
2025/3/8 5:59,先吃饭,0
2025/3/8 6:01,是我就先买吃的[宕机],0
2025/3/8 6:03,@AAAAAA,0
2025/3/8 6:12,你是不是想钓鱼[看],1
2025/3/8 6:16,先给我,0
2025/3/8 6:25,@多喝水少生气,0
2025/3/8 6:25,先买注彩票,0
2025/3/8 6:32,买车买房都行，9.9包邮那种，买了后还有剩哦[捂脸],0
2025/3/8 6:36,泡面还是吃得起的。,0
2025/3/8 6:39,买辣条[看],0
2025/3/8 6:39,先买早饭,0
2025/3/8 6:44,先去租个充电宝[尬笑],0
2025/3/8 6:47,翻个身再睡,0
2025/3/8 6:47,你小子居然还在理财，妥妥的成功人士,0
2025/3/8 6:59,哈哈哈,0
2025/3/8 7:04,先买个[玫瑰],0
2025/3/8 7:05,买根绳子都怕老板不给足尺[看],0
2025/3/8 7:09,@以你盛夏换我余生 @(ノ=Д=)ノ┻━┻,0
2025/3/8 7:13,先买馒头,0
2025/3/8 7:13,先把话费解决了吧,0
2025/3/8 7:16,先买个教训吧，转给我[比心],0
2025/3/8 7:16,先赚钱[捂脸],0
2025/3/8 7:16,先扫个充电宝吧,0
2025/3/8 7:25,先好好活着,0
2025/3/8 7:30,先吃饭吧[吐舌],0
2025/3/8 7:30,先买个保险[泪奔],0
2025/3/8 7:39,亲，这边建议先睡醒[捂脸],0
2025/3/8 7:40,先攒钱[看],0
2025/3/8 7:40,我觉着你还是先买社保,0
2025/3/8 7:41,先吃饭,0
2025/3/8 7:41,@小祁同学,0
2025/3/8 7:45,先挂号,0
2025/3/8 7:45,先买个早餐吧[偷笑],0
2025/3/8 7:46,先买桶泡面?根香肠[灵机一动],0
2025/3/8 7:49,哈哈哈哈哈哈，确实,0
2025/3/8 7:50,买辣条吃,0
2025/3/8 7:54,先养活自己,0
2025/3/8 7:54,先买米吧,0
2025/3/8 7:55,笑死我了，买包辣条辣辣就行了[黑脸],0
2025/3/8 7:55,就QQ斗地主开个房都费劲,0
2025/3/8 7:56,先睡觉[抠鼻],0
2025/3/8 7:57,买房车一步到位,0
2025/3/8 7:57,车房一起全款拿下[捂脸],0
2025/3/8 7:58,先保命,0
2025/3/8 7:58,坐公交回家然后花五块买块砖头，饿了就把自己砸晕,1
2025/3/8 7:59,说真的，这可能不是你这个阶段要考虑的[看],0
2025/3/8 8:03,先睡觉吧,0
2025/3/8 8:03,先买馒头配一包乌江榨菜，不香么,0
2025/3/8 8:05,先吃坨洋芋,0
2025/3/8 8:06,五块钱酱香饼够了,0
2025/3/8 8:08,先买个小淘气。,0
2025/3/8 8:08,先买药,0
2025/3/8 8:09,先活命[泪奔],0
2025/3/8 8:11,买个鸡蛋灌饼，记得别加肠[泣不成声],0
2025/3/8 8:12,先买碗，当老板。[看],0
2025/3/8 8:14,买个老公什么都有了,0
2025/3/8 8:15,买包魔芋爽,0
2025/3/8 8:17,先买包魔芋爽 爽爽吧,0
2025/3/8 8:17,先交电费吧，等下手机都充不了电,0
2025/3/8 8:18,买个彩票吧,0
2025/3/8 8:18,先睡觉,0
2025/3/8 8:24,先买包纸巾，然后在厕所门口卖[灵机一动],0
2025/3/8 8:26,还是买张彩票吧[笑哭],0
2025/3/8 8:30,先活着,0
2025/3/8 8:30,这边建议先续命呢，亲,0
2025/3/8 8:31,先温饱。,0
2025/3/8 8:37,先关机睡觉,0
2025/3/8 8:37,买馒头,0
2025/3/8 8:39,纸扎的吧,1
2025/3/8 8:39,拼好饭也不是不可以,0
2025/3/8 8:39,先活着[捂脸],0
2025/3/8 8:40,学校的饭要1.20，差0.01[泣不成声],0
2025/3/8 8:41,@?Yvonne?（诸事顺利身体健康版） [笑哭],0
2025/3/8 8:43,先考虑下一顿吃什么吧[捂脸],0
2025/3/8 8:44,先活着,0
2025/3/8 8:45,买一个彩色灯,0
2025/3/8 8:45,先活着,0
2025/3/8 8:48,先放零钱通吃利息[看],0
2025/3/8 8:48,先活命 [九转大肠],0
2025/3/8 8:49,先买棒棒糖,0
2025/3/8 8:50,买条肠粉[暗中观察],0
2025/3/8 8:51,@比你好看,1
2025/3/8 8:52,先赚钱,0
2025/3/8 8:53,还是先成功吧,0
2025/3/8 8:54,先买个面包[宕机],0
2025/3/8 8:55,哈哈哈哈哈哈哈哈,0
2025/3/8 8:56,馒头也挺好的,0
2025/3/8 8:56,@早了个早,0
2025/3/8 8:57,饭还是从拼多多上团吧[黑脸],1
2025/3/8 8:58,哈哈哈哈哈,0
2025/3/8 8:59,听我说，先买颗糖吃吧，甜[黑脸],0
2025/3/8 9:01,先睡觉吧,0
2025/3/8 9:03,哈哈,0
2025/3/8 9:04,先活着[捂脸],0
2025/3/8 9:05,先买泡面吧[九转大肠],0
2025/3/8 9:05,买彩票,0
2025/3/8 9:06,不够，我在广东顺德吃快餐，十元起步,0
2025/3/8 9:07,先想想怎么买碗牛肉粉嗦吧。[泪奔][泪奔]笑死了[笑哭][笑哭],0
2025/3/8 9:08,先吃几根烤串[黑脸],0
2025/3/8 9:09,买张双色球吧！中了都买[机智],0
2025/3/8 9:11,上面数额买房，下面数额买车，微信都给你分好了。,0
2025/3/8 9:13,太有实力了建议买一桶泡面再加根肠吧[看],0
2025/3/8 9:15,这个金额可以先考虑买个男朋友,1
2025/3/8 9:16,先买个馒头,0
2025/3/8 9:17,先活命，乖，别想太多[笑哭],0
2025/3/8 9:17,扫个电瓶车送外卖,0
2025/3/8 9:18,两个一起买[捂脸][捂脸],0
2025/3/8 9:18,那个煎饼果子吃一下[捂脸],0
2025/3/8 9:19,先买水 人不能缺水,0
2025/3/8 9:21,下楼买几包魔芋爽爽一下得了[捂脸][捂脸][捂脸],0
2025/3/8 9:21,先活着吧，才能在街上看到喜欢的车,0
2025/3/8 9:21,[捂脸]先把温饱解决了吧,0
2025/3/8 9:22,买房子，车消耗品，一点值都不保,0
2025/3/8 9:22,先睡一觉[捂脸],0
2025/3/8 9:23,[捂脸]买个拼好饭吧,0
2025/3/8 9:24,先买自己，过两天就去提车，再过四天就可以提单间一套[黑脸],1
2025/3/8 9:25,先买个三个包子 赶紧上班去了，别迟到了,0
2025/3/8 9:25,刚好够嗦个粉[泪奔],0
2025/3/8 9:27,零钱买车，零钱通买房,0
2025/3/8 9:27,先睡觉梦里啥都有,0
2025/3/8 9:27,兄弟不用纠结[偷笑]先把梦做好,0
2025/3/8 9:28,要喝西北风的节奏哦[躺平][躺平],1
2025/3/8 9:28,先存银行吧，用利息买[机智],0
2025/3/8 9:28,拼好饭吧,0
2025/3/8 9:30,先买包辣条赤赤[舔屏],0
2025/3/8 9:30,饭都买不起哈哈哈哈,1
2025/3/8 9:31,买个包子,0
2025/3/8 9:31,先卖手机,0
2025/3/8 9:32,先买点烧饼,0
2025/3/8 9:33,别纠结了 还有余额就已经很好了[捂脸],0
2025/3/8 9:33,先醒醒,1
2025/3/8 9:33,先买晚粥吧[尬笑],0
2025/3/8 9:34,模型房和模型车都买不了，别挣扎了[黑脸],1
2025/3/8 9:35,大胆点，一起买,0
2025/3/8 9:36,买冰红茶,0
2025/3/8 9:36,要不先充个王者一元皮肤礼包[你不大行][你不大行],1
2025/3/8 9:37,水也买不起。,1
2025/3/8 9:39,去去去,1
2025/3/8 9:39,先睡吧,0
2025/3/8 9:40,直接卖房车[灵机一动],1
2025/3/8 9:41,有 1.19 亿肯定两个都买,0
2025/3/8 9:41,先买瓶矿泉水,0
2025/3/8 9:42,@giantkiller玮,0
2025/3/8 9:43,@??,0
2025/3/8 9:44,先活着吧[看],0
2025/3/8 9:46,买包烟抽抽你就有零感了,1
2025/3/8 9:46,一起买，上面买房，下面买车,0
2025/3/8 9:48,@真实的王???? @C                  ：,0
2025/3/8 9:48,这哥们这点资产都不忘记理财，总有一天必成大器,0
2025/3/8 9:48,买包迎宾[憨笑],0
2025/3/8 9:48,洗洗睡吧[捂脸],0
2025/3/8 9:49,你首要任务是先卸载番茄小说,1
2025/3/8 9:51,先买阿珂六元皮,0
2025/3/8 9:52,先活着,0
2025/3/8 9:52,你零钱通里的钱也不够阿,0
2025/3/8 9:52,我也很纠结,0
2025/3/8 9:53,买房车,0
2025/3/8 9:53,先活下来,0
2025/3/8 9:54,先买两注彩票吧,0
2025/3/8 9:54,我看还是先买点生米自己吃饭吧[呲牙],0
2025/3/8 9:54,这样可以多吃几顿。[捂脸],0
2025/3/8 9:56,先不买,0
2025/3/8 9:57,先充话费，要不刷不了抖音[呲牙],0
2025/3/8 9:58,先挂号五块钱,0
2025/3/8 9:58,睡个觉先，晚安好梦,0
2025/3/8 9:59,@二十四载梦 @火辣猛男波之助,0
2025/3/8 9:59,先借八毛一分钱买注彩票[捂脸],0
2025/3/8 9:59,@Cher. @一颗绿豆子.???,0
2025/3/8 10:02,买早餐,0
2025/3/8 10:02,先买5个馒头吧,0
2025/3/8 10:02,先贷款[看],0
2025/3/8 10:02,先全部押馒头身上吧[流泪][流泪][流泪],0
2025/3/8 10:04,@未完结的故事 @dorr @蕾塞的修勾 [捂脸][捂脸][捂脸],0
2025/3/8 10:05,先买个馒头，一袋咸菜，一瓶水够了,0
2025/3/8 10:05,先买包泡面??[灵机一动],0
2025/3/8 10:07,先买面子[黑脸],1
2025/3/8 10:07,先买个馒头[呲牙],0
2025/3/8 10:08,@龙小胖不胖,0
2025/3/8 10:08,我建议你先买个棒棒糖[微笑],0
2025/3/8 10:08,买彩票,0
2025/3/8 10:10,先买个煎饼果子 [呆无辜],0
2025/3/8 10:11,先说服你自己吧[捂脸],0
2025/3/8 10:11,先睡觉,0
2025/3/8 10:11,买俩馒头,0
2025/3/8 10:11,先买个蜜雪冰城,0
2025/3/8 10:11,买什么跌什么，你这样稳妥！,0
2025/3/8 10:12,上面买房，下面买车不用纠结直接全部全款拿下。,0
2025/3/8 10:12,先活下去,0
2025/3/8 10:12,买彩票,0
2025/3/8 10:13,买个枕头睡一觉[看],0
2025/3/8 10:13,先买股票,0
2025/3/8 10:13,@远看山河,0
2025/3/8 10:15,@楠方有溪 @等你晚安 @米陶YY,0
2025/3/8 10:15,先买泡面加火腿肠加鸡蛋[敲木鱼],0
2025/3/8 10:16,要买车也得买玩具车了,0
2025/3/8 10:17,买纸,0
2025/3/8 10:17,哈哈哈哈哈哈哈哈哈哈哈哈哈哈哈哈哈哈哈哈哈哈哈哈哈,0
2025/3/8 10:17,先活着哈,0
2025/3/8 10:19,@万事顺心,0
2025/3/8 10:21,买两馒头,0
2025/3/8 10:22,先买馒头,0
2025/3/8 10:22,买饭？买俩馒头算了[捂脸],0
2025/3/8 10:22,先买个男朋友,0
2025/3/8 10:23,@Hjy 先买车先买房[捂脸][捂脸],0
2025/3/8 10:23,买个拼好饭都费劲,0
2025/3/8 10:23,凑一凑买张彩票吧，搏一搏[看],0
2025/3/8 10:24,兄弟买碗臭豆腐都吃力啊[捂脸],0
2025/3/8 10:24,这个价格先别吃饭了，也先别喝水了，不管饱，先来两包袋装泡面吧[暗中观察],0
2025/3/8 10:24,这金额安眠药都得拆开了买,1
2025/3/8 10:26,先充电吧，要不乞讨都没有二维码了,1
2025/3/8 10:26,先买两个馒头[泪奔],0
2025/3/8 10:27,买张2块的彩票，剩下的钱买个碗[阴险],1
2025/3/8 10:29,先买双色球[尬笑],0
2025/3/8 10:29,@chen yan,0
2025/3/8 10:30,哈哈哈哈,0
2025/3/8 10:33,不用纠结，先买炒米粉。,0
2025/3/8 10:34,@兑换码 哈哈哈哈哈哈哈哈,0
2025/3/8 10:34,先租充电宝吧,0
2025/3/8 10:34,@dit,0
2025/3/8 10:35,@星期八，,0
2025/3/8 10:36,先贷款,0
2025/3/8 10:36,先买张彩票吧[尬笑][尬笑],0
2025/3/8 10:36,瘦肉粉还可以加个加蛋（6+2）,0
2025/3/8 10:36,买个鸡蛋煎饼吧,0
2025/3/8 10:37,买馒头吧！,0
2025/3/8 10:37,先买桶泡面，加个火腿肠吧,0
2025/3/8 10:37,先买两馒头吧,0
2025/3/8 10:38,先买彩票,0
2025/3/8 10:39,拼好饭[看],0
2025/3/8 10:40,[尬笑]先买瓶啤酒??压压惊,0
2025/3/8 10:42,先买饭吧,0
2025/3/8 10:45,先买醒酒药。,0
2025/3/8 10:45,我的建议是先买口饭吃,0
2025/3/8 10:46,70万可以买房，剩下的10万买车[比心],0
2025/3/8 10:46,先买彩票,0
2025/3/8 10:47,@嘻嘻嘻嘻 [泪奔],0
2025/3/8 10:47,先吃饭吧，好嘛,0
2025/3/8 10:48,妈妈，跟我去旅游吧,0
2025/3/8 10:50,先吃饱再说吧[捂脸],0
2025/3/8 10:52,@萧瑟??,0
2025/3/8 10:53,买两个馒头一包榨菜一瓶水，吃了这顿再说,0
2025/3/8 10:54,买几个馒头,0
2025/3/8 10:56,事已至此先吃饭吧,0
2025/3/8 10:56,我每顿都吃面,0
2025/3/8 10:56,先给我转过来让我的凑个整,0
2025/3/8 10:56,听劝！！！先睡个回笼觉[撇嘴][撇嘴][撇嘴][撇嘴],0
2025/3/8 10:56,先买两个破酥包[捂脸],0
2025/3/8 10:57,@梅. [笑哭][笑哭],0
2025/3/8 10:58,加一起9快多应该够了。[看],0
2025/3/8 10:59,哈哈哈哈哈先买饭,0
2025/3/8 10:59,先买馒头和咸菜吧[泪奔],0
2025/3/8 10:59,饭都买不起 蛋炒饭都买9块 买俩包子一瓶水[捂脸] 还有两块买张彩票[暗中观察],0
2025/3/8 11:02,先做梦，然后慢慢实现它[看],0
2025/3/8 11:03,我要买个洋芋的嗷[色],0
2025/3/8 11:04,先买两个馒头解决温饱问题[捂脸][捂脸],0
2025/3/8 11:05,什么都别买吃利息…….,0
2025/3/8 11:07,不用犹豫了，玩去吧,0
2025/3/8 11:08,先当牛马,1
2025/3/8 11:08,这么多，能买两个肉包加杯豆浆[舔屏],0
2025/3/8 11:09,买碗重庆小面，还是够的[呲牙][呲牙],0
2025/3/8 11:09,先活着,0
2025/3/8 11:11,先买几根散烟抽两口再说[看],0
2025/3/8 11:11,先买袋辣条,0
2025/3/8 11:12,先买药,0
2025/3/8 11:13,@今麦郎.,0
2025/3/8 11:14,我觉得先买水吧,0
2025/3/8 11:15,先买馍吧[尬笑],0
2025/3/8 11:16,先买一片安定，梦里啥都有,0
2025/3/8 11:16,买包辣条吃得了[憨笑],0
2025/3/8 11:18,先活着[捂脸][捂脸][捂脸][捂脸],0
2025/3/8 11:18,先挣钱[机智],0
2025/3/8 11:18,先买瓶矿水吧，不能再多了,0
2025/3/8 11:20,你买迪奥,1
2025/3/8 11:20,@Lucky&Happy,0
2025/3/8 11:20,@??全糖加冰 @修补我的大门牙 @别抢我的香菜 @天冷加衣,0
2025/3/8 11:21,放心来惠州找女朋友会给你三万买房子,1
2025/3/8 11:21,两个7当然买小米啦[微笑],0
2025/3/8 11:21,先买面包，面包还是要有的[呲牙],0
2025/3/8 11:21,一起买吧,0
2025/3/8 11:22,存起来，吃利息，放高利贷,1
2025/3/8 11:23,先买根烟吧,0
2025/3/8 11:23,买包魔芋爽来爽一下得了,0
2025/3/8 11:23,多买几包魔芋爽吧[比心],0
2025/3/8 11:24,买盒饭的费劲,0
2025/3/8 11:24,先买两注彩票，万一中奖了呢，????都有啦[呲牙],0
2025/3/8 11:24,先睡一觉吧,0
2025/3/8 11:25,先买个碗,0
2025/3/8 11:26,先买柱香[感谢],0
2025/3/8 11:26,啊？先贷款。[微笑],0
2025/3/8 11:28,先买饭[暗中观察],0
2025/3/8 11:28,买两颗糖吧，生活就要甜甜的过,0
2025/3/8 11:29,先卖命挣！,0
2025/3/8 11:29,其实可以试试买一边丝袜，在开始创业，整个Ak一类的[看],1
2025/3/8 11:31,哈哈哈哈[捂脸],0
2025/3/8 11:31,买个馒头，送跟葱，刚好,0
2025/3/8 11:32,先贷款[看][看][看],0
2025/3/8 11:33,@梅梅嚯,0
2025/3/8 11:34,@左左左i @这里是布鲁斯?? @Starry @苏酥粟 @Enjoy。 @游到水变蓝 @阿阿阿狗,0
2025/3/8 11:34,"零钱  首付买房
零钱通  首付买车[捂脸]",0
2025/3/8 11:35,@huashilu [捂脸],0
2025/3/8 11:37,哈哈哈哈哈,0
2025/3/8 11:37,先买颗药，睡着了跑车豪宅都能实现[呲牙]同时拥有,0
2025/3/8 11:38,买彩票，万一呢,0
2025/3/8 11:38,趁还没花完 先去买个泡面备着吧,0
2025/3/8 11:38,先吃饭[看],0
2025/3/8 11:39,车有了，房也有了，关键你买得起！,1
2025/3/8 11:40,零钱通提出来，凑个10块买张刮刮乐吧！,0
2025/3/8 11:40,先活着[捂脸],0
2025/3/8 11:41,先活着吧哈[笑哭],0
2025/3/8 11:42,先买拼夕夕,1
2025/3/8 11:42,先买个碗[看],0
2025/3/8 11:43,先买大米,0
2025/3/8 11:44,先买一张彩票，看能不能中[偷笑],0
2025/3/8 11:45,先买通泡面,1
2025/3/8 11:45,哈哈哈哈哈哈哈啊哈哈哈哈哈,0
2025/3/8 11:45,@逢场作戏。 [捂脸][捂脸][捂脸],0
2025/3/8 11:45,先买双色球,0
2025/3/8 11:45,先睡觉[泪奔],0
2025/3/8 11:46,先买馒头,0
2025/3/8 11:46,自来水比较合适[捂脸],0
2025/3/8 11:46,先买饭吧,0
2025/3/8 11:46,先买馒头[闭嘴],1
2025/3/8 11:47,@熊猫吃泡椒,0
2025/3/8 11:47,买个馒头吧，吃饱了才有力气干活,0
2025/3/8 11:48,先活着[捂脸],0
2025/3/8 11:48,先睡一觉！,0
2025/3/8 11:48,要不然你先看看兰博基尼和奔驰买哪个好[看],0
2025/3/8 11:48,先买包烟,0
2025/3/8 11:49,买根绳子，再找条数[比心][捂脸],1
2025/3/8 11:50,先买个早餐,0
2025/3/8 11:50,先买馒头[呲牙][呲牙][呲牙],0
2025/3/8 11:50,先买药,0
2025/3/8 11:51,先买一根烟吧,0
2025/3/8 11:52,买不了饭，快餐里面6块一个肉两个素菜，而且味道好，生意火爆,0
2025/3/8 11:53,买几包泡面屯着[翻白眼],0
2025/3/8 11:53,赶紧去贷款,1
2025/3/8 11:53,买条冰棍，发发烧就有房有车了,1
2025/3/8 11:53,先睡觉吧,0
2025/3/8 11:54,河里打水喝吧,1
2025/3/8 11:58,买碗，不锈钢的,0
2025/3/8 11:58,先活着,0
2025/3/8 11:58,稳住，啥都不买，还有空间[呲牙],0
2025/3/8 11:59,买两颗褪黑素炫了[调皮],0
2025/3/8 11:59,先活着,0
2025/3/8 12:01,先买保险,0
2025/3/8 12:01,先攒钱,0
2025/3/8 12:02,高低买个散烟抽抽,0
2025/3/8 12:03,扬州炒饭对你来说都有点压力[微笑],0
2025/3/8 12:03,先买包子[捂脸],0
2025/3/8 12:03,这么多钱，买定期呀，哥！[皱眉],1
2025/3/8 12:04,还是先吃顿饭吧[流泪],0
2025/3/8 12:04,买个辣条吃着在想,0
2025/3/8 12:05,先买几块钱馒头吧，还能顶几天,0
2025/3/8 12:07,[宕机]先买编织袋,1
2025/3/8 12:07,买蜜雪冰城,0
2025/3/8 12:08,听话，先买注彩票[看],0
2025/3/8 12:09,先把零钱和零钱通的钱合并，再去买饭[偷笑],0
2025/3/8 12:10,先买馒头[奸笑],0
2025/3/8 12:10,先买馒头,0
2025/3/8 12:11,如果是我的话，我就先买一个碗，毕竟我是有梦想的。,0
2025/3/8 12:12,@何知洛,0
2025/3/8 12:12,先睡觉,0
2025/3/8 12:12,你买个猪脚饭问老板能不能便宜一点,0
2025/3/8 12:12,填饱肚子再说[捂脸],0
2025/3/8 12:13,找个机构养养，贷个几百万都有了,1
2025/3/8 12:13,@困困困,0
2025/3/8 12:13,先买馒头[看],0
2025/3/8 12:13,买玩具,0
2025/3/8 12:14,先睡觉,0
2025/3/8 12:16,其实可以两手抓,0
2025/3/8 12:16,先贷款,0
2025/3/8 12:16,他可以买个馒头。噎到了水都没得喝的那种。,1
2025/3/8 12:17,买方便面,0
2025/3/8 12:17,[捂脸],0
2025/3/8 12:17,买张彩票,0
2025/3/8 12:18,先吃顿饱饭[比心],0
2025/3/8 12:18,要不先买个彩票吧。,0
2025/3/8 12:21,答应我，什么都别买，留着，这样心里想买的东西会越来越多,0
2025/3/8 12:22,@小甘经理,0
2025/3/8 12:22,买辣条,0
2025/3/8 12:22,哈哈哈哈哈[捂脸],0
2025/3/8 12:22,楼下美宜佳先买包辣条慢慢想,0
2025/3/8 12:23,先贷款，拿贷款的钱首付买房，然后房子抵押，在零首付整个车，在把车卖车了！付首付买房。这样你就两套房。然后收租[呲牙][呲牙]收租的钱还房贷。直接躺赢。前提是中间不能出现任何意外[捂脸],0
2025/3/8 12:24,先睡觉[捂脸],0
2025/3/8 12:25,先活着,0
2025/3/8 12:26,先卖自己[黑脸][比心],0
2025/3/8 12:26,哈哈哈哈哈哈哈哈哈哈哈哈哈哈??,0
2025/3/8 12:27,买桶泡面?根肠吧，吃一顿算一顿,1
2025/3/8 12:27,先买碗麻辣烫[眼含热泪],0
2025/3/8 12:27,先充电,0
2025/3/8 12:27,买牛大吧,0
2025/3/8 12:27,先买阳光青提,0
2025/3/8 12:28,夺笋呐[泣不成声],1
2025/3/8 12:28,怕自燃吧[捂脸],1
2025/3/8 12:29,一起买，不差钱,0
2025/3/8 12:29,yes,0
2025/3/8 12:29,先买我，我会赚钱，赚钱给你买车买房,1
2025/3/8 12:30,先买盐！[捂脸],0
2025/3/8 12:30,你这不是为难人家嘛,0
2025/3/8 12:31,还能买点药[你不大行],1
2025/3/8 12:32,先买个煎饼果子吃,0
2025/3/8 12:32,先下楼买两根淀粉肠,0
2025/3/8 12:33,买房车,0
2025/3/8 12:33,先睡觉,0
2025/3/8 12:33,先买饭,0
2025/3/8 12:34,@Jin @让我再睡会儿,0
2025/3/8 12:34,@月亮馍 [尬笑][尬笑],0
2025/3/8 12:35,先住桥底一段时间吧、兄弟！,1
2025/3/8 12:35,先睡觉,0
2025/3/8 12:36,先买一个素的包子吃吃[尬笑][尬笑],0
2025/3/8 12:36,先买泡面 我就是,0
2025/3/8 12:36,先买两瓶雪花醒醒酒,0
2025/3/8 12:36,先买馒头,0
2025/3/8 12:36,大气点，车房一起买[不失礼貌的微笑],0
2025/3/8 12:36,买房车,0
2025/3/8 12:37,买房先[比心][比心],0
2025/3/8 12:37,拼好饭都有点费劲[捂脸],0
2025/3/8 12:37,买包辣条吃得了,0
2025/3/8 12:38,[泪奔][泪奔]@Azmd 原来别人也跟我们一样 口袋里只剩下两三块钱 整天做白日梦,0
2025/3/8 12:39,买一桶泡面吧,0
2025/3/8 12:39,先买彩票[666],0
2025/3/8 12:39,纠结了，想想晚上吃啥呗,0
2025/3/8 12:39,先活着,0
2025/3/8 12:39,先买淀粉肠[憨笑],0
2025/3/8 12:39,傻瓜才做选择 两个都买[坏笑],0
2025/3/8 12:40,先贷款,0
2025/3/8 12:41,买两根散烟 先过了烟瘾??再说,0
2025/3/8 12:42,先转给我[玫瑰],1
2025/3/8 12:42,你把那个零钱通里的钱取出来吧，收益有点低,0
2025/3/8 12:42,[捂脸][捂脸][捂脸],0
2025/3/8 12:43,要不先买注彩票试试？,0
2025/3/8 12:44,年轻人不做选择，都买。,0
2025/3/8 12:45,买包辣条上课吃吧,0
2025/3/8 12:46,支持雷军 让我们买不起m5 rs6的人也能击碎他们的v8梦[憨笑][OK],0
2025/3/8 12:48,@小悔?? 哈哈哈哈哈哈哈哈哈哈哈哈哈哈,0
2025/3/8 12:48,买几包魔芋爽,0
2025/3/8 12:48,我买不起的,0
2025/3/8 12:49,先买个中瓶冰红茶吧，今年涨价到5块了,0
2025/3/8 12:50,买瓶水,0
2025/3/8 12:50,先挂号[憨笑],0
2025/3/8 12:50,先买个被子睡觉吧[看],0
2025/3/8 12:50,先买馒头[捂脸],0
2025/3/8 12:53,买保险,0
2025/3/8 12:53,先买意外险,0
2025/3/8 12:53,楼下买两包泡面加一瓶可乐[捂脸],0
2025/3/8 12:53,先买菜,0
2025/3/8 12:54,9个亿的话车房可以一起买的,0
2025/3/8 12:54,@木深 我也在头疼[尬笑][尬笑],0
2025/3/8 12:55,先活下去,0
2025/3/8 12:55,买彩票,0
2025/3/8 12:55,骨灰盒都买不起[捂脸]火花证还缺10块钱[捂脸],0
2025/3/8 12:55,我就没这个烦恼，转给我，让我烦一会儿[呲牙][呲牙],0
2025/3/8 12:55,先睡觉?? 梦里啥都有,0
2025/3/8 12:57,两块钱的白米饭还是买得起点,0
2025/3/8 12:57,先吃拼好饭[黑脸][强壮],0
2025/3/8 12:58,先活着,0
2025/3/8 12:58,先自理[尬笑],0
2025/3/8 12:58,xian睡觉,0
2025/3/8 12:58,7块买房买车一块买饭[泣不成声],0
2025/3/8 12:59,@????,0
2025/3/8 12:59,先买彩票,0
2025/3/8 12:59,先买米，买完米可以吃一个星期[捂脸],0
2025/3/8 12:59,先买早餐[看],0
2025/3/8 13:02,先买保险,0
2025/3/8 13:02,喝点自来水得了哈哈哈哈[看],1
2025/3/8 13:03,肯定是先买……呃[酷拽],0
2025/3/8 13:03,买两袋魔芋爽爽爽得了[宕机],0
2025/3/8 13:03,你这买盒烟都费劲啊,1
2025/3/8 13:03,先买枕头，睡的香好做梦,0
2025/3/8 13:05,下楼买几包魔芋爽爽爽得了,0
2025/3/8 13:05,全要[呲牙][呲牙][呲牙],1
2025/3/8 13:07,先充电,0
2025/3/8 13:08,买个米饭吃吃得了,0
2025/3/8 13:08,先买泡面[看],0
2025/3/8 13:09,还是先买杯蜜雪吧[捂脸],0
2025/3/8 13:10,@本 @誜誜 @WAc7.,0
2025/3/8 13:10,先上班[捂脸],0
2025/3/8 13:10,先买碗??,0
2025/3/8 13:10,@我有吉士先走??,0
2025/3/8 13:10,亲，先贷款,1
2025/3/8 13:11,先买个泡面吧 [捂脸],0
2025/3/8 13:15,@??,0
2025/3/8 13:16,七点几个付房的首付，一点几个付车的首付，纠结啥呢[灵机一动],0
2025/3/8 13:16,@Dolores @vD @橘橘 @圈圈碎片 @ss????,0
2025/3/8 13:16,买房,0
2025/3/8 13:16,先搞两个馒头填下肚子，看看明天运气怎样,0
2025/3/8 13:17,@改头换面 @Money??come on！,1
2025/3/8 13:17,先买两个包子，肚子饿了,0
2025/3/8 13:18,贷款先挂号吧,1
2025/3/8 13:19,哈哈哈哈,0
2025/3/8 13:19,成年做什么选择？两个都要。,0
2025/3/8 13:20,这边建议全款买张彩票,0
2025/3/8 13:20,零钱买房，零钱通买车,0
2025/3/8 13:22,[笑哭],0
2025/3/8 13:22,买蜜雪[坏笑],0
2025/3/8 13:23,买个塑料袋套头上体验煤气中毒的感觉[抠鼻][抠鼻],1
2025/3/8 13:24,买9包魔芋爽[憨笑][赞],0
2025/3/8 13:24,就不能2样一起买[疑问],0
2025/3/8 13:24,[泪奔][泪奔][泪奔][泪奔][泪奔][泪奔][捂脸],0
2025/3/8 13:24,先买房吧,0
2025/3/8 13:25,先买床,0
2025/3/8 13:26,一起拿下[捂脸],0
2025/3/8 13:27,卖命,1
2025/3/8 13:27,先吃个拼好饭,0
2025/3/8 13:28,买俩馒头 吃饱了 洗洗睡啥都有了[看],0
2025/3/8 13:29,先买泡面，然后加个蛋，加个肠。,0
2025/3/8 13:30,@雨天空,0
2025/3/8 13:30,@快乐小狗,0
2025/3/8 13:34,你这种情况买流量看视频都费劲了[呆无辜],0
2025/3/8 13:34,先买瓶可乐压压惊,0
2025/3/8 13:35,1.19亿吗，有点意思,0
2025/3/8 13:36,[真的会谢],0
2025/3/8 13:36,先买饼[泣不成声],0
2025/3/8 13:36,@嗨嗨嗨?,0
2025/3/8 13:36,@糯米糍馅儿的饺子,0
2025/3/8 13:37,@O. @汤圆圆,0
2025/3/8 13:39,可以买个手抓饼[大笑],0
2025/3/8 13:39,买张床睡觉吧！,0
2025/3/8 13:39,先吃饭,0
2025/3/8 13:40,房车[比心],0
2025/3/8 13:40,先买两包方便面,0
2025/3/8 13:42,先来个拼好饭,0
2025/3/8 13:43,买个盒都不够,1
2025/3/8 13:43,先贷款给我拿两万块钱吧,1
2025/3/8 13:43,先买彩票,0
2025/3/8 13:46,先买米，买小米。[看],0
2025/3/8 13:47,哈哈哈哈哈哈哈哈哈笑死我了,0
2025/3/8 13:49,先睡觉,0
2025/3/8 13:50,买包魔芋爽，爽一下得了,0
2025/3/8 13:51,乐高，拿下,0
2025/3/8 13:51,不够吃一餐只能吃沙县[呲牙],0
2025/3/8 13:52,@伤心小椰,0
2025/3/8 13:55,先买个枕头,0
2025/3/8 14:00,先睡觉,0
2025/3/8 14:00,先买馒头，保命[尬笑][赞],0
2025/3/8 14:00,先买黑丝,1
2025/3/8 14:00,先买私人飞机,1
2025/3/8 14:01,@小小野望,0
2025/3/8 14:01,@吃饭吃饭 [躺平],0
2025/3/8 14:02,这么富裕一起拿下没压力的[憨笑],0
2025/3/8 14:02,先活下去,0
2025/3/8 14:02,先买包方便面，一根火腿肠,0
2025/3/8 14:03,先充电,0
2025/3/8 14:03,买泡面吧[大笑],0
2025/3/8 14:04,我建议先买包辣条，咱俩一起吃,0
2025/3/8 14:04,先买杯奶茶??思考一下,0
2025/3/8 14:05,先点个午饭吧,0
2025/3/8 14:05,先保命,0
2025/3/8 14:10,买个烤肠吧,0
2025/3/8 14:10,点个拼好饭,0
2025/3/8 14:10,@举铁少女,0
2025/3/8 14:12,先买个棒棒糖,0
2025/3/8 14:13,v8s也是v8[绿帽子],1
2025/3/8 14:14,吃饭的预算都很紧凑啊，兄弟,0
2025/3/8 14:14,先买碗,0
2025/3/8 14:17,先睡觉,0
2025/3/8 14:19,先活着。[泣不成声],0
2025/3/8 14:19,先活着[比心],0
2025/3/8 14:20,[宕机]先存点还一下分付,0
2025/3/8 14:20,[尬笑][尬笑]是这样的,0
2025/3/8 14:22,先睡觉[泪奔],0
2025/3/8 14:22,先拼好饭吧,0
2025/3/8 14:23,买彩票,0
2025/3/8 14:24,一起,0
2025/3/8 14:25,上拼夕夕车房都能买到,1
2025/3/8 14:28,先买枕头！,0
2025/3/8 14:29,要不先买点东西吃,0
2025/3/8 14:29,先发给我[比心][比心][比心][灵机一动][灵机一动],0
2025/3/8 14:30,先买饼吧,0
2025/3/8 14:30,先买包辣条,0
2025/3/8 14:31,@拖拉姬 @小鹭大王,0
2025/3/8 14:31,买辣条,0
2025/3/8 14:32,先把零钱转到零钱通多赚点钱,0
2025/3/8 14:32,去买杯柠檬水，加个冰淇淋,0
2025/3/8 14:33,先活着[尬笑],0
2025/3/8 14:33,先起床,0
2025/3/8 14:33,先买点面吧,0
2025/3/8 14:33,买梦,0
2025/3/8 14:37,先活着,0
2025/3/8 14:38,先买拼好饭吧,0
2025/3/8 14:38,（拼好饭）,0
2025/3/8 14:38,先买房，听我的没错。朋友一分钱没有，借50万首付买房成功了。,0
2025/3/8 14:38,@新旧_ @?? @瑞 @薯条派???? @珉柚柚猫 @myoimina,0
2025/3/8 14:38,一起买呀[捂脸],0
2025/3/8 14:39,把9块钱转给我  先买个教训,1
2025/3/8 14:39,先留着[黑脸],1
2025/3/8 14:41,先买桶泡面，还可以加个蛋[呲牙][呲牙],0
2025/3/8 14:42,先买个肉夹馍吧吃饱了再说[看],0
2025/3/8 14:44,买个冰雪蜜城甜筒，打包不要袋，走着吃着显得你有钱,1
2025/3/8 14:44,先买瓶二锅头（小瓶装的？）,0
2025/3/8 14:44,先买饭[赞],0
2025/3/8 14:46,先买拼[看]好饭,0
2025/3/8 14:47,泡面加个蛋,0
2025/3/8 14:48,拼好饭够你买了,0
2025/3/8 14:48,先睡觉,0
2025/3/8 14:48,还是先买颗糖奖励一下自己吧,0
2025/3/8 14:49,买包烟考虑考虑[坏笑][坏笑][坏笑],1
2025/3/8 14:50,把钱发我吧 买个上当[比心],0
2025/3/8 14:51,要不咱先吃饭,0
2025/3/8 14:51,先买泡面吧,0
2025/3/8 14:51,买泡面,0
2025/3/8 14:52,先买张彩票吧,0
2025/3/8 14:52,[笑哭][笑哭],0
2025/3/8 14:53,先买两个馒头吧[捂脸][捂脸],0
2025/3/8 14:53,先醒来[捂脸],0
2025/3/8 14:55,买房。,0
2025/3/8 14:56,建议多看物价贬值亿万倍的短剧再决定[白眼],1
2025/3/8 14:56,零钱买房  零钱通买车,0
2025/3/8 14:56,@??张南瓜 [泪奔][泪奔][泪奔],0
2025/3/8 15:02,先转我,0
2025/3/8 15:03,先活下去吧,0
2025/3/8 15:04,先报警吧，零钱通都着火了[捂脸],1
2025/3/8 15:06,先去楼下全款买瓶矿泉水,0
2025/3/8 15:07,买早点一根香肠。,0
2025/3/8 15:07,来桶泡面。,0
2025/3/8 15:07,@??妧妧籽,0
2025/3/8 15:09,先养活自己吧。,1
2025/3/8 15:09,先买双色球,0
2025/3/8 15:09,买几包辣条蹲在街头看别人买的房子和车子[泪奔],0
2025/3/8 15:10,先睡觉,0
2025/3/8 15:11,先还贷,0
2025/3/8 15:12,哎，朋友，先买几块囊[微笑],0
2025/3/8 15:13,买根辣条,0
2025/3/8 15:15,先买点容易睡着的[微笑],0
2025/3/8 15:15,先来画图,0
2025/3/8 15:16,买包纸巾吧,0
2025/3/8 15:17,零钱买车    零钱通买房[色],1
2025/3/8 15:18,买桶泡面配跟肠,0
2025/3/8 15:18,先吃饱饱,0
2025/3/8 15:18,先去楼下买个手抓饼[黑脸],0
2025/3/8 15:19,先买张彩票,0
2025/3/8 15:20,先买包辣条,0
2025/3/8 15:20,零钱买车，零钱通买房,0
2025/3/8 15:21,买彩票[宕机][宕机][宕机],0
2025/3/8 15:23,先买块豆腐撞死自己，什么都有了,1
2025/3/8 15:23,一起买,0
2025/3/8 15:24,@Wu @You.,0
2025/3/8 15:24,拼好饭,0
2025/3/8 15:25,先买一瓶水,0
2025/3/8 15:27,@木水 太纠结了[泣不成声],0
2025/3/8 15:28,可以买一斤小米[呲牙],0
2025/3/8 15:29,买根烤肠,0
2025/3/8 15:29,[黑脸]买个包子吧,0
2025/3/8 15:30,买糖,0
2025/3/8 15:30,馒头吧,0
2025/3/8 15:31,先买彩票,0
2025/3/8 15:31,天赋型选手？[宕机],1
2025/3/8 15:32,买个棒棒糖吧[呲牙],0
2025/3/8 15:32,先转我，因为有投资才会有回报[看],0
2025/3/8 15:32,买包魔芋爽爽一下就好了[比心],0
2025/3/8 15:34,买彩票吧,0
2025/3/8 15:35,都买点,0
2025/3/8 15:35,饭可以还不够，买哥肠粉吧,0
2025/3/8 15:36,先买个碗??[微笑],0
2025/3/8 15:36,房车,0
2025/3/8 15:37,@??橘子,0
2025/3/8 15:39,先买个蛇皮袋子，再去翻垃圾桶，渐渐的就可以买车买房了[尬笑][尬笑][尬笑],1
2025/3/8 15:41,一起买，双喜临门,0
2025/3/8 15:41,买辣条,0
2025/3/8 15:43,买根棒棒糖得了,0
2025/3/8 15:43,先买彩票,0
2025/3/8 15:45,买个拼好饭[玫瑰],0
2025/3/8 15:45,先买奶,0
2025/3/8 15:45,全部给我买个教训,1
2025/3/8 15:46,先买几个包子吧,0
2025/3/8 15:46,还是先买个彩票吧,0
2025/3/8 15:46,先买张彩票吧,0
2025/3/8 15:47,先买拼好饭吧,0
2025/3/8 15:48,零钱买房，零钱通买车,0
2025/3/8 15:49,先买彩票,0
2025/3/8 15:50,买房买车足够了,0
2025/3/8 15:50,@逗在釜中泣,0
2025/3/8 15:51,我刚@了你[泣不成声],0
2025/3/8 15:51,先转我5块 买我的一句靓仔,1
2025/3/8 15:51,活着就好[比心],0
2025/3/8 15:51,我看见了，咱俩不是一条评论！,0
2025/3/8 15:52,@腐朽尸骨,1
2025/3/8 15:52,先买双色球，听哥的,0
2025/3/8 15:52,买阿珂6元皮,0
2025/3/8 15:53,先活下去[看],0
2025/3/8 15:55,买个辣条吧,0
2025/3/8 15:56,先买花生米[看],1
2025/3/8 15:56,先买菜[看],0
2025/3/8 15:57,买根淀粉肠,0
2025/3/8 15:57,先买一桶泡面，别饿死啦[笑哭],0
2025/3/8 15:57,先买泡面加一个蛋,0
2025/3/8 15:58,先买瓶娃哈哈,0
2025/3/8 15:59,先睡觉,0
2025/3/8 16:00,先买张彩票[捂脸],0
2025/3/8 16:01,"一定一定要先买房！！！！！！！
花两三万买个二手油车先代步玩个一两年，你会再来感谢我的。。。",0
2025/3/8 16:01,[捂脸],0
2025/3/8 16:02,还是先买一个婉，走到哪里要到哪里[捂脸][捂脸],0
2025/3/8 16:03,先买张福利彩票吧,0
2025/3/8 16:03,买地瓜估计都够呛吧[尬笑],1
2025/3/8 16:03,先充电,0
2025/3/8 16:03,先卖肾[捂脸],1
2025/3/8 16:03,还是先买包烟解解愁,0
2025/3/8 16:03,先买个桥洞吧[看],1
2025/3/8 16:04,先买房吧！把房抵押了，再买一辆车。都有了。,0
2025/3/8 16:04,先买馒头保命吧[抠鼻],0
2025/3/8 16:06,买瓶爽歪歪和两包魔芋爽爽爽算了,0
2025/3/8 16:07,还是先买块糖吧,0
2025/3/8 16:08,先睡一觉,0
2025/3/8 16:08,[看]先买瓶勇闯天堂[看],0
2025/3/8 16:10,先买个馍馍就榨菜吃了,0
2025/3/8 16:10,先睡觉,0
2025/3/8 16:11,买包卫龙吃一下,0
2025/3/8 16:13,先买包辣条解解馋,0
2025/3/8 16:15,乖，先活着[灵机一动],0
2025/3/8 16:15,@荆諆誓徒 往下翻笑死我了[泪奔],0
2025/3/8 16:16,先买半包烟,0
2025/3/8 16:16,@??墨辰?? @早早早点睡 @∈ @TNT,0
2025/3/8 16:17,我也纠结你到底是在为什么纠结,1
2025/3/8 16:18,先买黑丝袜套头上[笑哭],1
2025/3/8 16:18,@LaWai,0
2025/3/8 16:19,一起买,0
2025/3/8 16:19,借一块钱买个彩票吧[捂脸],0
2025/3/8 16:19,面条馒头多买点，别瘦了哦,0
2025/3/8 16:20,买镜子或者买刀,1
2025/3/8 16:22,先转我，你买个教训[看],1
2025/3/8 16:23,哈哈[大笑],0
2025/3/8 16:23,买七个馒头一天一个，下礼拜的下礼拜再说,0
2025/3/8 16:27,下楼那个魔芋爽 先??着吧[尬笑],0
2025/3/8 16:28,先活着[泪奔],0
2025/3/8 16:29,转给我 我告诉你先买什么  就当买攻略了[看],0
2025/3/8 16:29,买两个馍睡一觉啥都有了[动动脑子],0
2025/3/8 16:30,买个魔法师干脆面嚼嚼行了,0
2025/3/8 16:30,@Mooray,0
2025/3/8 16:30,你要不先买个淀粉肠冷静一下[捂脸],0
2025/3/8 16:31,先买水,0
2025/3/8 16:32,先买口烺,1
2025/3/8 16:32,买个碗,0
2025/3/8 16:33,来一瓶健胃消食片,0
2025/3/8 16:33,先买个棒棒糖吧,0
2025/3/8 16:34,先买彩票??中奖??领奖??买车??开车去买房[舔屏],0
2025/3/8 16:36,先买枕头，睡的舒服少做梦[捂脸],0
2025/3/8 16:36,先买榨菜,0
2025/3/8 16:36,买桶泡面,0
2025/3/8 16:37,先买阿轲皮肤[赞],0
2025/3/8 16:38,先买根棒棒糖??,0
2025/3/8 16:38,先做梦，梦里啥都有[泪奔],0
2025/3/8 16:39,@?,0
2025/3/8 16:39,别听他的，你先买米,0
2025/3/8 16:39,不用纠结，还是想想晚上能买几个烧饼填饱肚几,0
2025/3/8 16:39,买个好枕头,0
2025/3/8 16:40,买个柠檬水思考一下,0
2025/3/8 16:41,先贷款吧[憨笑],0
2025/3/8 16:41,你还是先买彩票吧[泣不成声],1
2025/3/8 16:41,先买个蜜雪,0
2025/3/8 16:41,先睡觉,0
2025/3/8 16:41,先买辣条,0
2025/3/8 16:41,先保命吧,0
2025/3/8 16:42,买个冰糕[捂脸],0
2025/3/8 16:42,我选择祭拜五脏六腑[泪奔],0
2025/3/8 16:42,我看就木有这个必要了吧,0
2025/3/8 16:43,"@唐僧洗头爱飘柔""",0
2025/3/8 16:43,先下楼买包魔芋爽爽一下[黑脸],0
2025/3/8 16:44,先买药,0
2025/3/8 16:45,应该先买棒棒糖至少能甜一会[捂脸],0
2025/3/8 16:45,拼好饭了解一下[尬笑],0
2025/3/8 16:45,先买包泡面和瓶可乐最实用[灵机一动],0
2025/3/8 16:46,买根辣条,0
2025/3/8 16:46,7.97买房，1.19买车，安逸[泪奔],0
2025/3/8 16:47,买几包辣条吃吃得了[黑脸],0
2025/3/8 16:47,先买几包干脆面好了，真的好吃,0
2025/3/8 16:48,只能买6块木耳肉丝粉,0
2025/3/8 16:49,一起买吧,0
2025/3/8 16:50,先买车 代完款开车就跑,1
2025/3/8 16:52,要不先赚钱,0
2025/3/8 16:54,先买碗,0
2025/3/8 16:54,先挂号,0
2025/3/8 16:55,@一抹安然 @Monica??,0
2025/3/8 16:56,[捂脸][捂脸],0
2025/3/8 16:58,先买药[黑脸],1
2025/3/8 16:58,买个烤肠吃一下,0
2025/3/8 16:59,都这样了。还不能两样一起买嘛？怕什么的[抠鼻],0
2025/3/8 16:59,先买个馒头,0
2025/3/8 17:00,难受想哭,0
2025/3/8 17:00,哈哈哈哈哈，买瓶水[流泪],0
2025/3/8 17:00,买裤衩子吧,0
2025/3/8 17:01,先买水喝，人三天不喝水会死,0
2025/3/8 17:02,先去转转把手机回收了，然后在去抖音放心借借点钱然后再去瓜子二手车买个小米su7,1
2025/3/8 17:02,听我的，先买水,0
2025/3/8 17:04,@長乐 [泣不成声],0
2025/3/8 17:04,先买一兜馒头,0
2025/3/8 17:04,买个彩票，什么都能买了[看],0
2025/3/8 17:08,小米买不起、可以买几粒米,1
2025/3/8 17:08,先填饱肚子再说,0
2025/3/8 17:08,@小小的月亮 [惊恐],0
2025/3/8 17:09,一块买,0
2025/3/8 17:09,下楼买包辣条吧,0
2025/3/8 17:10,先想办法吃饭[看],0
2025/3/8 17:10,点个拼好饭,0
2025/3/8 17:11,先吃饭吧[捂脸],0
2025/3/8 17:12,先绑银行卡充钱[捂脸],0
2025/3/8 17:12,先买点余额吧,0
2025/3/8 17:13,一起买的，拼多多够用了,0
2025/3/8 17:13,楼下买两根烤肠,0
2025/3/8 17:15,@沈念辞 @宇宙无敌金刚芭比美少女壮士爱上纯情母蟑螂 @不喝可乐?? @杰尼龟???? @胖咩咩的懒猫 @說就說唄,0
2025/3/8 17:15,买彩票,0
2025/3/8 17:15,[宕机],0
2025/3/8 17:15,转给我，买个教训吧。,1
2025/3/8 17:16,先吃饭,0
2025/3/8 17:17,买馍,0
2025/3/8 17:17,先睡觉,0
2025/3/8 17:18,建议先买个烤冷面，边吃边想,0
2025/3/8 17:19,[捂脸][捂脸][捂脸][捂脸],0
2025/3/8 17:19,听说我，先买水，可以多活几天,0
2025/3/8 17:20,[泣不成声]先挂号把,0
2025/3/8 17:20,买拼好饭[捂脸][OK],0
2025/3/8 17:21,先买馒头吧,0
2025/3/8 17:21,先买个碗，要铁的[看],0
2025/3/8 17:23,先买今天的晚餐，在想明天的早餐,0
2025/3/8 17:24,好像囊都买不起[泪奔],1
2025/3/8 17:24,先买只馒头,0
2025/3/8 17:25,先买个泡面吧,0
2025/3/8 17:25,先还花呗,0
2025/3/8 17:26,先睡觉,0
2025/3/8 17:27,先做梦，啥都有[看],0
2025/3/8 17:27,拼好饭都费劲[泪奔],0
2025/3/8 17:29,小米苏7买不起，房子也买不起，还不如买份小米粥吃一下,1
2025/3/8 17:31,先买饭[捂脸],0
2025/3/8 17:31,零钱买房零钱通买车,0
2025/3/8 17:36,@灵魂七 @okkkk @困 @一根胡罗卜 @ǒ @?? @·山橘月 @屁屁 @染L.,0
2025/3/8 17:36,先买药,0
2025/3/8 17:37,先买药[九转大肠],0
2025/3/8 17:40,买俩打火机咬爆把自己崩晕能抵一个月饭钱,1
2025/3/8 17:40,@seee～,0
2025/3/8 17:40,买一筐馒头说不定还能撑到月中,0
2025/3/8 17:42,先活命[捂脸],0
2025/3/8 17:43,我笑死了,0
2025/3/8 17:46,@豆沙包. [微笑],0
2025/3/8 17:46,能打倒我的从来不是生活，而是生活费[捂脸][捂脸][捂脸][捂脸][尬笑][尬笑][尬笑],0
2025/3/8 17:47,应该先买个面包来吃。[捂脸],0
2025/3/8 17:47,还是存够2块买个彩票吧[暗中观察],0
2025/3/8 17:48,先买饭,0
2025/3/8 17:50,先买两馒头[看],0
2025/3/8 17:52,@秋风满袖. @ho??,0
2025/3/8 17:53,先买个包子吧[捂脸],0
2025/3/8 17:54,"先买3注彩票吧
剩下的买瓶矿泉水",0
2025/3/8 17:55,先卖房[憨笑][OK],0
2025/3/8 17:55,买颗糖吧，生活已经这么苦了[笑哭][笑哭],0
2025/3/8 17:56,纠结啥，都买啊，零首付车子房子都有了，还愁没有男朋友？,1
2025/3/8 17:56,先买烟，学校门口有散装的[捂脸],0
2025/3/8 17:56,转给我，我给他们说你买了车，又买了房,0
2025/3/8 17:56,买彩票,0
2025/3/8 17:57,先买根五毛钱的棒棒糖吧[噢买尬],0
2025/3/8 18:00,@1??,0
2025/3/8 18:00,买斤挂面吧,0
2025/3/8 18:02,两样一起买,0
2025/3/8 18:02,想的有的多啊,0
2025/3/8 18:02,@在逃挖掘机 @迷人空心菜,0
2025/3/8 18:03,你只能先买醉[呲牙],1
2025/3/8 18:03,先买瓶水,0
2025/3/8 18:04,@旧诗 哈哈哈哈,0
2025/3/8 18:05,先睡觉吧,0
2025/3/8 18:06,啥也别买了，买卫生巾都费劲[发呆],1
2025/3/8 18:06,买馍,0
2025/3/8 18:07,还能买包买包劳白沙[看],0
2025/3/8 18:07,纠结什么？,0
2025/3/8 18:07,先睡觉,0
2025/3/8 18:07,买几包魔芋爽爽爽得了[愉快][强壮],0
2025/3/8 18:08,这么多钱可以都买了,0
2025/3/8 18:08,先找个班上,0
2025/3/8 18:10,先活下去[抠鼻],0
2025/3/8 18:11,先贷款吧[看],0
2025/3/8 18:13,@蛋蛋 [笑哭],0
2025/3/8 18:13,先买两个带缺口的碗，在捡两根棍子，然后再选择一个人多的地方，你负责哭，我负责要，最后再两个都买[捂脸][捂脸][捂脸],1
2025/3/8 18:13,买个菜包蹲路边慢慢想,0
2025/3/8 18:13,先卖自己吧,1
2025/3/8 18:13,先拼饭,0
2025/3/8 18:15,劳白沙都买不起[捂脸],0
2025/3/8 18:15,买包五牛吧,0
2025/3/8 18:18,过,0
2025/3/8 18:18,先买米吧,0
2025/3/8 18:19,先把饭吃饱[看],0
2025/3/8 18:19,转我,0
2025/3/8 18:19,先活命[抠鼻],0
2025/3/8 18:19,先买蜜雪冰城[黑脸],1
2025/3/8 18:20,去买份快餐吃不然要饿肚子了[憨笑],0
2025/3/8 18:20,先吃饭[看],0
2025/3/8 18:21,买醉,0
2025/3/8 18:21,先买饭吧。。。,0
2025/3/8 18:22,先买瓶二锅头一口闷了好睡觉，这样梦做起来才久,0
2025/3/8 18:22,买个拼好饭吧[看],0
2025/3/8 18:22,买个泡面吧孩子[憨笑],0
2025/3/8 18:23,先买几个馒头吧，有剩余再买个涪陵榨菜也是名牌[九转大肠],0
2025/3/8 18:23,我转你0.81先买张彩票先,0
2025/3/8 18:24,@????,0
2025/3/8 18:24,先骑个小黄回家吧孩子,0
2025/3/8 18:25,拼好饭[思考],0
2025/3/8 18:26,先睡着[呲牙],0
2025/3/8 18:26,这咋整,0
2025/3/8 18:26,先买两个包子吧[捂脸],0
2025/3/8 18:27,买房车！,0
2025/3/8 18:27,沙县小吃 你值得拥有,0
2025/3/8 18:30,先充电,0
2025/3/8 18:30,先存钱[微笑],0
2025/3/8 18:31,先买彩票,0
2025/3/8 18:31,@真挚 先买桶泡面和一根肠加一瓶矿泉水,0
2025/3/8 18:35,先下楼买口水喝,0
2025/3/8 18:35,听我的，先买两个馒头填饱肚子再想这些。,0
2025/3/8 18:38,买根辣条吃吃吧,0
2025/3/8 18:38,先买烟吧,0
2025/3/8 18:39,别纠结了兄弟,0
2025/3/8 18:39,买大米吧,0
2025/3/8 18:41,先买3包袋装泡面,0
2025/3/8 18:41,先充电,0
2025/3/8 18:42,@爱香菜【炸裂王校长（正）赐名】,1
2025/3/8 18:42,哈哈哈哈哈哈哈哈哈哈哈哈哈哈哈哈哈哈哈哈哈哈哈哈哈哈哈哈哈哈哈哈哈哈哈哈哈哈哈哈哈哈哈哈哈哈哈哈哈哈哈哈哈哈哈哈哈哈哈哈哈哈哈哈哈哈哈哈哈哈哈哈哈哈哈哈哈哈哈哈哈哈哈哈哈哈哈哈哈哈哈哈哈哈哈哈哈哈哈哈哈哈哈哈哈哈哈哈哈哈哈哈哈哈哈哈哈哈哈哈哈哈哈哈哈哈哈哈哈哈哈哈哈哈哈哈哈哈哈哈哈哈哈哈哈哈哈哈哈哈哈哈哈哈哈哈哈哈哈哈哈哈哈哈哈哈哈哈哈哈哈哈哈哈哈哈哈哈哈哈哈哈哈哈哈哈哈哈哈哈哈哈哈哈哈哈哈哈哈哈哈哈哈哈哈哈哈哈哈哈哈哈哈哈哈哈哈哈哈哈哈哈哈哈哈哈哈哈哈哈哈哈哈哈哈哈哈哈哈哈哈哈哈哈哈哈哈哈哈哈哈哈哈哈哈哈哈哈哈哈哈哈哈哈哈哈哈哈哈哈哈哈哈,0
2025/3/8 18:42,先花7.97买房，再花1.19买车,0
2025/3/8 18:43,先买馍吧,0
2025/3/8 18:43,给我买瓶水，我给你滋醒[看],1
2025/3/8 18:45,@林可爱 我也好纠结,0
2025/3/8 18:46,先买车，便宜点,0
2025/3/8 18:46,买几包盐吧，估计能吃一年,0
2025/3/8 18:47,@?? @劫dd @愛、消逝︶,0
2025/3/8 18:47,先活下来,0
2025/3/8 18:47,先扇自己一巴掌，扇醒自己[看],0
2025/3/8 18:49,可以选择先睡觉哦，梦里啥都有的,0
2025/3/8 18:49,买房把，车子贬值太快，有房子有个家,0
2025/3/8 18:50,分期0元购车，用车贷款买房不都有了嘛,0
2025/3/8 18:51,买个窝窝头吧,0
2025/3/8 18:52,你这个买房车都行,1
2025/3/8 18:52,不要纠结，直接买个房车,0
2025/3/8 18:53,先买饭,0
2025/3/8 18:53,先睡觉,0
2025/3/8 18:55,买糖[暗中观察],0
2025/3/8 18:55,太有实力了 零钱买房 零钱通里的买车,0
2025/3/8 18:57,买个编织袋应该够了,0
2025/3/8 18:57,先买辣条吧[黑脸][玫瑰],0
2025/3/8 18:58,先买烟,0
2025/3/8 18:58,先活着[捂脸],0
2025/3/8 18:59,先买一个口香糖想一想,0
2025/3/8 18:59,先拼好饭,0
2025/3/8 18:59,先买碗[捂脸],0
2025/3/8 18:59,把手机给我，呐，这是我给你申请的20万网贷,1
2025/3/8 19:00,先充电,0
2025/3/8 19:00,我勒个豆,0
2025/3/8 19:02,买俩馒头 梦里啥都有,0
2025/3/8 19:02,先买几包老北京干吃面,0
2025/3/8 19:03,成年人肯定一起买呀[大笑],0
2025/3/8 19:04,先买辣条辣醒自己[奸笑],0
2025/3/8 19:04,去楼下小卖部买两包魔芋爽爽爽得了,0
2025/3/8 19:08,先找个人买拼好饭[捂脸],0
2025/3/8 19:09,洗洗睡觉[大笑],0
2025/3/8 19:10,出门买两根烤肠算了[捂脸],0
2025/3/8 19:12,塑料袋,0
2025/3/8 19:13,别纠结，买房车[思考],0
2025/3/8 19:14,先活下来吧[捂脸],0
2025/3/8 19:14,@????红鲤鱼与绿鲤鱼与驴????,0
2025/3/8 19:14,先买神券吧还是,0
2025/3/8 19:15,买根棒棒糖含会得了[宕机],0
2025/3/8 19:15,管吃管住,0
2025/3/8 19:16,哈哈哈哈哈哈哈哈哈哈哈哈哈哈哈哈哈哈哈哈哈,0
2025/3/8 19:16,我也纠结,0
2025/3/8 19:18,先贷款,0
2025/3/8 19:18,[捂脸][捂脸],0
2025/3/8 19:23,买彩票,0
2025/3/8 19:27,先卖盆,0
2025/3/8 19:27,买房子能买小当家[赞],0
2025/3/8 19:27,给我买两桶泡面，回学校吃[害羞],0
2025/3/8 19:28,买包瓜子吧,0
2025/3/8 19:29,我这边建议留着应急,0
2025/3/8 19:30,一个酸辣粉都不够买[尬笑],1
2025/3/8 19:30,先买米吧[泪奔][泪奔],0
2025/3/8 19:31,先买馍,0
2025/3/8 19:31,要不先买包辣条也行[尬笑],0
2025/3/8 19:32,先买饼，不要饿着了[抱抱你],0
2025/3/8 19:32,[泪奔][泪奔],0
2025/3/8 19:34,水都两块了[捂脸],0
2025/3/8 19:35,一瓶啤酒一包花生米[大金牙],0
2025/3/8 19:36,买老鼠洞首付都不够[看],1
2025/3/8 19:37,存银行吃0.02利息,0
2025/3/8 19:38,@-IIVNN,0
2025/3/8 19:39,先买条秋裤回冷了[比心],0
2025/3/8 19:40,@Z? [笑哭],0
2025/3/8 19:42,你先买瓶娃哈哈喝了笑哈哈！,0
2025/3/8 19:42,买拼好饭,0
2025/3/8 19:45,先睡觉去吧[他急了],1
2025/3/8 19:47,建议是眼镜,0
2025/3/8 19:49,先买一个炒粉   虎子[灵机一动][灵机一动][灵机一动],0
2025/3/8 19:50,买车,0
2025/3/8 19:50,先考虑明天能不能吃饭,0
2025/3/8 19:52,拼好饭,0
2025/3/8 19:53,零钱买房 零钱通买车,0
2025/3/8 19:54,先买水吧，撑的时间长,0
2025/3/8 19:55,先买个囊[看],0
2025/3/8 19:55,@善变的灰太狼,0
2025/3/8 19:57,先买命[泪奔],0
2025/3/8 19:57,零钱买车，零钱通买菜,0
2025/3/8 19:57,买拼好饭,0
2025/3/8 19:57,买个铁盆躺路边,0
2025/3/8 19:58,@滴嘟滴嘟滴嘟滴嘟 @南城雨落 @……,0
2025/3/8 19:58,买注彩票吧  没准都有了,0
2025/3/8 19:59,听说你们会买，那就先送给我吧。,1
2025/3/8 19:59,听我的，先买把刀，然后你懂的，一晚上车房可能都有了…兄弟，我看到了你的潜力,1
2025/3/8 19:59,下楼去超市买个魔芋爽爽爽的了[呲牙][呲牙][呲牙],0
2025/3/8 19:59,买馒头,0
2025/3/8 20:00,买包辣条,0
2025/3/8 20:00,活着最重要,0
2025/3/8 20:02,买包辣条吃吃睡吧,0
2025/3/8 20:03,@Jenny,0
2025/3/8 20:04,先买个航空母舰,0
2025/3/8 20:04,买3d,0
2025/3/8 20:06,先点拼好饭[看],0
2025/3/8 20:06,一起买喽，差那点？,0
2025/3/8 20:07,先借我买个辣条，包邮那种[微笑],0
2025/3/8 20:09,明天整个包子,0
2025/3/8 20:10,一言道出真相,0
2025/3/8 20:10,@@鱼鱼.,0
2025/3/8 20:11,先贷款吧,0
2025/3/8 20:12,[黑脸],1
2025/3/8 20:13,@??铁锤 [泪奔],0
2025/3/8 20:13,先买一把两斤的干挂面，吃个三四天没得问题[呲牙],0
2025/3/8 20:13,@9irl,0
2025/3/8 20:14,都不着急,0
2025/3/8 20:14,那得看你自己了，不过我提醒你一下，如果按照大趋势来看，未来的房价将会跌的非常低，这个时候买的话，相当于买绿股,0
2025/3/8 20:14,买杯蜜雪冰城得了,0
2025/3/8 20:17,买座城，蜜雪冰城,0
2025/3/8 20:17,呀,0
2025/3/8 20:17,先睡觉,0
2025/3/8 20:17,@黒澤ゆき hahahhahhahahha,0
2025/3/8 20:18,先做梦[泣不成声],1
2025/3/8 20:18,泡面加肠，有肉有面还有汤,0
2025/3/8 20:19,成年人不做选择题,0
2025/3/8 20:20,买两根淀粉肠，你一根我一根,0
2025/3/8 20:21,先买包红塔山,0
2025/3/8 20:23,建议先还银行的卡费，每年要十块呢[抠鼻],0
2025/3/8 20:24,先买个蜜雪冰城吧,0
2025/3/8 20:24,@Livathan,0
2025/3/8 20:25,先买个保险[泪奔][泪奔][泪奔],0
2025/3/8 20:25,先买一个遐想,0
2025/3/8 20:25,还是先买点馒头吧,0
2025/3/8 20:26,先把番茄小说卸载,1
2025/3/8 20:26,买两袋魔芋爽，爽爽得了,0
2025/3/8 20:27,先买个碗[灵机一动],0
2025/3/8 20:27,活着,0
2025/3/8 20:27,都给我,1
2025/3/8 20:27,@?,0
2025/3/8 20:28,买个辣条吃吧,0
2025/3/8 20:28,买张彩票吧[捂脸][捂脸],0
2025/3/8 20:29,@陈哈哈 @今天记得干饭,0
2025/3/8 20:30,买饭吧,0
2025/3/8 20:30,拼多多9块9你还得赚2年[捂脸],1
2025/3/8 20:31,先捐我一块钱,1
2025/3/8 20:32,先买烟,0
2025/3/8 20:32,买个蜗牛??房跟车都有了[得意],0
2025/3/8 20:32,@独挡好几碗面 @請你開心！ @雾野· @晚 . @不爱喝周 @俊昊. @23. @不眠ovo,0
2025/3/8 20:32,先网贷,1
2025/3/8 20:34,先睡觉??然后在做梦??,0
2025/3/8 20:35,先睡觉[尬笑],0
2025/3/8 20:36,啥也不买,0
2025/3/8 20:36,先买10个馒头，起码还能坚持10天,0
2025/3/8 20:36,看看拼好饭还有份没[尬笑],0
2025/3/8 20:37,……,0
2025/3/8 20:37,先买米吧！还是不要了，买盐可以吃很久！,0
2025/3/8 20:38,@棱宿 [流泪],0
2025/3/8 20:38,笑死，先买桶泡面刚好[看],0
2025/3/8 20:38,先买个鲜肉包顶饿,0
2025/3/8 20:40,先买包辣条吧,0
2025/3/8 20:40,先买个棒棒糖吃,0
2025/3/8 20:41,先吃顿饭，清醒清醒吧,0
2025/3/8 20:43,先买药，我再借你点。买两瓶，量足[看],0
2025/3/8 20:43,买个保险,0
2025/3/8 20:43,先睡觉梦里什么都有,0
2025/3/8 20:44,先充电,0
2025/3/8 20:44,先充电吧,0
2025/3/8 20:45,你要么买二两散酒再考虑考虑,1
2025/3/8 20:46,先买老干妈再买白米饭,0
2025/3/8 20:46,不要命了懂不懂财不外漏,1
2025/3/8 20:47,@绯,0
2025/3/8 20:48,先买包辣条[大笑],0
2025/3/8 20:49,哈哈[捂脸],0
2025/3/8 20:49,疯了吗？这么多钱放微信，多不安全啊[流泪],0
2025/3/8 20:49,快点搞两注大乐透[灵机一动] 没时间了[捂脸],0
2025/3/8 20:50,先睡觉，省顿饭[呲牙],0
2025/3/8 20:50,你竟然怀疑他的余额,1
2025/3/8 20:51,[捂脸][捂脸],0
2025/3/8 20:51,先活着,0
2025/3/8 20:53,拼好饭？,0
2025/3/8 20:56,先睡觉,0
2025/3/8 20:56,先睡觉梦里啥都有[捂脸],0
2025/3/8 20:57,直接买房车??,0
2025/3/8 20:59,成年人不做选择，全都买了吧,0
2025/3/8 20:59,一个大馍0.5一袋辣条0.5，好了，吃了早点睡吧，梦里啥都有,0
2025/3/8 21:00,5块钱的拼好饭,0
2025/3/8 21:02,这边建议先睡觉[看],0
2025/3/8 21:04,@冯宝宝 @希杰,0
2025/3/8 21:04,下楼买两根火腿肠[愉快],0
2025/3/8 21:04,先上班,0
2025/3/8 21:05,先买彩票,0
2025/3/8 21:05,买杯蜜雪冰城得了,0
2025/3/8 21:06,先买糖,0
2025/3/8 21:07,先吃饱吧[躺平],0
2025/3/8 21:09,@小栀. [捂脸],0
2025/3/8 21:09,先清醒[抱抱你],0
2025/3/8 21:10,我也要买,0
2025/3/8 21:14,先睡觉,0
2025/3/8 21:14,买两包辣条吧[躺平],0
2025/3/8 21:15,买辣条还能吃[躺平],0
2025/3/8 21:15,@ocean,0
2025/3/8 21:15,@??cc,0
2025/3/8 21:15,@98,0
2025/3/8 21:16,@我是谁呀,0
2025/3/8 21:16,都买吧毕竟实力摆在那里,0
2025/3/8 21:16,@??c?c?c,0
2025/3/8 21:17,先纠结吧,0
2025/3/8 21:18,哈哈哈,0
2025/3/8 21:19,先贷款[呲牙],0
2025/3/8 21:21,都不买最好,1
2025/3/8 21:21,[笑哭][笑哭][笑哭]可以买玩具车[笑哭],0
2025/3/8 21:21,先买瓶水充充饥[看],0
2025/3/8 21:22,先买菜吧[尬笑],0
2025/3/8 21:24,先贷款[憨笑],0
2025/3/8 21:24,@Memory [捂脸],0
2025/3/8 21:26,先买个泡面吧,0
2025/3/8 21:26,买包烟 抽抽想想人生[尬笑],0
2025/3/8 21:28,点个拼好饭,0
2025/3/8 21:29,先睡觉[泣不成声],0
2025/3/8 21:32,先买??,0
2025/3/8 21:32,支持国产白象,0
2025/3/8 21:33,先买盐在买糖，糖太甜就吃点盐,0
2025/3/8 21:34,@Wu?u_ @小帅啦啦啦 [尬笑],0
2025/3/8 21:35,[捂脸],0
2025/3/8 21:35,@西红柿炒西红柿,0
2025/3/8 21:36,[泪奔],0
2025/3/8 21:36,先睡觉吧,0
2025/3/8 21:36,@晚来天欲雪 先买支付宝,0
2025/3/8 21:37,先买课 我这边有个致富的财经课  只需8.8,1
2025/3/8 21:38,买个肉夹馍不是挺好,0
2025/3/8 21:39,先买瓶快乐水解解渴吧,0
2025/3/8 21:40,先活着[打脸],1
2025/3/8 21:40,先买几斤米[捂脸],0
2025/3/8 21:40,先买包盐,0
2025/3/8 21:41,@ERQ-,0
2025/3/8 21:42,不行买点烧纸，提前给自己投资一下，这样下去了以后可以做个有钱人[捂脸],1
2025/3/8 21:43,这不是都能买吗,0
2025/3/8 21:44,@刘 @怪可爱的居民. @啊…呀 @大锅炖佩奇??,0
2025/3/8 21:44,买瓶可乐压压惊,0
2025/3/8 21:44,会不会有点勉强了,0
2025/3/8 21:46,买二手书看看吧[尬笑],0
2025/3/8 21:48,@快乐派送员,0
2025/3/8 21:48,先买个冰棍压压惊,0
2025/3/8 21:50,先买下一顿饭,0
2025/3/8 21:50,先睡觉   都实现了[看],0
2025/3/8 21:52,先买个棒棒糖，免的饿成低血糖,0
2025/3/8 21:52,买几根棒棒糖和室友分了吧 [微笑],0
2025/3/8 21:54,买个馒头,0
2025/3/8 21:55,先打工,0
2025/3/8 21:55,你以为你里面存的是比特币啊？[泪奔][泪奔][泪奔],1
2025/3/8 21:56,先买枕头,0
2025/3/8 21:57,先买水,0
2025/3/8 21:58,泡面加蛋,0
2025/3/8 22:00,[黑脸],1
2025/3/8 22:00,先睡会 醒来还是什么都没有[捂脸],0
2025/3/8 22:00,买刮刮乐啊,0
2025/3/8 22:03,先买根火柴,0
2025/3/8 22:04,买张纸，想房画房，想车画车。,0
2025/3/8 22:06,买米奇妙妙屋,0
2025/3/8 22:07,买买买 ！一头撞死算球了[看],1
2025/3/8 22:07,先买饭哈哈哈哈哈哈哈哈哈哈哈哈,0
2025/3/8 22:08,楼下去买个塑料袋体验一下西藏的高海拔,1
2025/3/8 22:10,买我够了[泣不成声],0
2025/3/8 22:11,买彩票,0
2025/3/8 22:13,@紫槐山路,0
2025/3/8 22:13,买两包魔芋爽爽一下吧,0
2025/3/8 22:14,拼好饭都够呛[憨笑],0
2025/3/8 22:15,先充值个6元首充,0
2025/3/8 22:15,哈哈哈哈买蜜雪冰城吧,0
2025/3/8 22:16,先活着,0
2025/3/8 22:18,一起买,0
2025/3/8 22:18,[笑哭],0
2025/3/8 22:18,先买流量吧，不然一会该刷不着回复了,1
2025/3/8 22:18,先买棒棒糖吧[送心],0
2025/3/8 22:19,把你那点钱转给我，买我的开心[色],1
2025/3/8 22:19,@香煎豆腐,0
2025/3/8 22:20,先买泡面,0
2025/3/8 22:20,@念山?? @乐乐乐 @许遇源 先买包辣条吃吃看,0
2025/3/8 22:20,这点钱，睡不着的时候，安眠药都买不起[憨笑][憨笑][比心][比心][比心],0
2025/3/8 22:22,先养活自己，合计一下这点钱怎么买一日三餐[捂脸],0
2025/3/8 22:23,[捂脸],0
2025/3/8 22:24,@是开元啊 [哈欠][哈欠],0
2025/3/8 22:25,先买两个馒头顶一下先,0
2025/3/8 22:28,先买小当家[泪奔],0
2025/3/8 22:28,可以买个货车[捂脸]。还给你一万启动资金,0
2025/3/8 22:30,先买单[憨笑],0
2025/3/8 22:30,@哇塞塞。,0
2025/3/8 22:30,@李开了,0
2025/3/8 22:31,跟老板商量下来四组双色球 梦想开始的地方[看],0
2025/3/8 22:33,先买两个茶叶蛋,0
2025/3/8 22:35,先存着吧,0
2025/3/8 22:35,@十叁月 [捂脸],0
2025/3/8 22:36,小姐姐先吃饱，你瘦了广大网友会心疼的[流泪],0
2025/3/8 22:36,先保命[捂脸][捂脸],0
2025/3/8 22:37,哈哈哈哈哈哈,0
2025/3/8 22:37,@zt/7,0
2025/3/8 22:39,[看]来个烤冷面吧，正好8块[大笑],0
2025/3/8 22:40,先买杯奶茶嘬嘬,0
2025/3/8 22:41,买个彩票再买桶泡面边吃泡面边等开奖,0
2025/3/8 22:42,先睡觉。睡着了梦里啥都有,0
2025/3/8 22:42,先买根棒棒糖吧，至少甜点,0
2025/3/8 22:43,买两包辣条应该可以,0
2025/3/8 22:44,先买水，毕竟喝水可以活好几天,0
2025/3/8 22:45,先烧香,1
2025/3/8 22:45,先睡觉[不你不想]怕你饿着了,0
2025/3/8 22:46,去买个币坐摇摇车，然后坐的混混欲睡做个梦，梦里在决定买什么就可以了[比心],0
2025/3/8 22:47,先起床,0
2025/3/8 22:48,还是买泡面吧,0
2025/3/8 22:48,纠结明早吃啥吧[偷笑][偷笑][偷笑],0
2025/3/8 22:49,先睡觉,0
2025/3/8 22:50,@终有弱水替星河　　　 ?,0
2025/3/8 22:51,抓,1
2025/3/8 22:51,买彩票,0
2025/3/8 22:52,先纠结,0
2025/3/8 22:56,先买彩票[看],0
2025/3/8 22:56,@W. 笑鼠了[泪奔],0
2025/3/8 22:56,都别买了吧。[黑脸],1
2025/3/8 22:57,先睡觉[捂脸][捂脸][捂脸],0
2025/3/8 22:57,@四季夏目 [捂脸],0
2025/3/8 22:57,先买单,0
2025/3/8 22:57,@???♀?????,0
2025/3/8 22:58,先买馒头,0
2025/3/8 22:58,玩具车也买不下啊,0
2025/3/8 23:00,h?h?h?h?h[黑脸],1
2025/3/8 23:02,先睡觉??,0
2025/3/8 23:02,先买包辣条,0
2025/3/8 23:02,先醒醒[微笑],0
2025/3/8 23:03,哈哈哈哈哈哈哈哈哈哈哈哈哈哈哈哈,0
2025/3/8 23:04,哈哈哈 终于找到个有趣的小女孩了。[泪奔][泪奔],0
2025/3/8 23:05,买馒头吧,0
2025/3/8 23:05,买不起，给我急得团团转[噢买尬][噢买尬][噢买尬],0
2025/3/8 23:06,先买四倍双色球,0
2025/3/8 23:08,先想想能不能活过这个星期[尬笑],1
2025/3/8 23:08,我也没睡呢！,0
2025/3/8 23:08,可以先首付一点吗[捂脸],0
2025/3/8 23:09,我失眠了今天，可精神了,0
2025/3/8 23:10,先买馍吧,0
2025/3/8 23:11,买个玩具车吧,0
2025/3/8 23:11,买个原味的手抓饼,0
2025/3/8 23:12,@开xin的张小包（发财版） @我有两颗星星 这评论真是笑死了,0
2025/3/8 23:13,先醒来,0
2025/3/8 23:13,以前是有钱随便买个车好了，现在是拼死拼活赚钱买su7[尬笑][尬笑]那个防撞等级真是击中心灵[尬笑],0
2025/3/8 23:13,楼下买两包魔芋爽爽爽得了[微笑],0
2025/3/8 23:14,买辣条吧,0
2025/3/8 23:15,彩票吧,0
2025/3/8 23:16,先买馒头,0
2025/3/8 23:16,拼好饭吧 用上券 还有机会,0
2025/3/8 23:16,先睡觉,0
2025/3/8 23:17,"乖
咋不买[捂脸]",1
2025/3/8 23:17,想买盒红塔山，思考思考人生，然后休息,0
2025/3/8 23:18,先买个碗好要钱??[灵机一动],1
2025/3/8 23:18,妹儿，这几块钱，买点香，算了[捂脸][捂脸],0
2025/3/8 23:19,老公喜欢大众迈腾，都试好了，第二天交钱，我不同意，他到现在都没开上[黑脸][黑脸],0
2025/3/8 23:19,先挣钱,0
2025/3/8 23:22,@再睡一会会.,0
2025/3/8 23:22,先买保险[九转大肠],0
2025/3/8 23:23,买包魔芋爽,0
2025/3/8 23:24,买块砖,0
2025/3/8 23:24,兄弟还在吗,0
2025/3/8 23:24,先想想怎么吃饭,0
2025/3/8 23:24,先买糖后买水兑着喝几天吧，能活一会是一会,1
2025/3/8 23:26,笑死我了,0
2025/3/8 23:27,先转我吧,0
2025/3/8 23:27,先买根火腿肠[捂脸],0
2025/3/8 23:28,买房车[奸笑]一举两得,0
2025/3/8 23:30,要不买颗糖吃吃吧,0
2025/3/8 23:31,先睡觉,0
2025/3/8 23:31,先买个辣条 哄哄我 你比我多,0
2025/3/8 23:31,听我的 先买个梦,0
2025/3/8 23:34,@JIA.- @梦瑶呀?? @Yuj_e @李新月?? @汪汪sui冰冰 @@3251 @未知数. @玥玥在这里！,0
2025/3/8 23:36,买个蜜雪冰城冰淇淋吧[不失礼貌的微笑],0
2025/3/8 23:36,买包辣条77吧,0
2025/3/8 23:36,先买个彩票再说,0
2025/3/8 23:37,先买个馒头填饱肚子[灵机一动],0
2025/3/8 23:37,别纠结。都可以不买,0
2025/3/8 23:39,先活着[看],0
2025/3/8 23:39,@?辰 @好消息好消息 @???????????????????? @Gentle @清予既白 @耿耿于怀,0
2025/3/8 23:40,先买瓶水,0
2025/3/8 23:40,@88 天天在纠结的我，好烦,0
2025/3/8 23:40,肯定先买房啊,0
2025/3/8 23:41,最好是买黑色的,0
2025/3/8 23:41,买泡面吧,0
2025/3/8 23:43,哈哈哈，我的意思我的余额跟这兄弟有的一拼[泪奔],0
2025/3/8 23:43,[泪奔],0
2025/3/8 23:43,先睡,0
2025/3/8 23:44,@浪子  小赵,0
2025/3/8 23:44,先睡觉，梦里都能买,0
2025/3/8 23:46,@朱大宝,0
2025/3/8 23:50,先跟我,0
2025/3/8 23:51,[泪奔][泪奔][泪奔],0
2025/3/8 23:52,先找工作,0
2025/3/8 23:52,买个碗蹲在路上,0
2025/3/8 23:54,@随！ [泣不成声],0
2025/3/8 23:54,可以买3张彩票，拼一拼，万一成功了车子房子一齐来,0
2025/3/8 23:58,先买泡面加一个火腿肠[灵机一动],0
2025/3/8 23:58,先睡觉[九转大肠],0
2025/3/8 23:59,先睡觉，梦里啥都有[看],0
2025/3/8 23:59,@奥特曼的曼￥,1
2025/3/9 0:00,@卜柯哀 @公主揣兜兜（今年要见jj版） @贝吉塔 @枣 @rachela @樱桃小完犊子?? @啊好想吃烤五花 @someone @有机偷麻头 @七夏 @瘦肉粥 @–好好 @画饼侠 哈哈哈哈哈哈,0
2025/3/9 0:00,梦里面都可以啵[灵机一动],0
2025/3/9 0:01,还是买点大米吃吧[捂脸][捂脸][捂脸],0
2025/3/9 0:02,先买个碗和棍棍[愉快],0
2025/3/9 0:05,@霖,0
2025/3/9 0:05,[捂脸]老弟,0
2025/3/9 0:06,要不先等等[泣不成声],0
2025/3/9 0:07,@离我远?,1
2025/3/9 0:07,先买泡面,0
2025/3/9 0:08,先买馒头一天一个能活一个礼拜[愉快],0
2025/3/9 0:08,@AAA肯德基疯狂星期四代吃,0
2025/3/9 0:09,先买糖，生活需要甜甜的,0
2025/3/9 0:09,哈哈哈，买饭,0
2025/3/9 0:10,@又逢雨季,0
2025/3/9 0:10,先买跟烤肠吧[泪奔],0
2025/3/9 0:10,@林可乐,0
2025/3/9 0:10,哈哈哈哈哈哈哈,0
2025/3/9 0:11,这个对[捂脸],0
2025/3/9 0:11,买杯奶茶吧[比心],0
2025/3/9 0:12,先买饭,0
2025/3/9 0:12,睡觉吧,0
2025/3/9 0:13,先睡觉,0
2025/3/9 0:15,先下载个有钱花吧[发呆],1
2025/3/9 0:16,先上班吧,0
2025/3/9 0:17,[流泪],0
2025/3/9 0:18,我余额一千，花呗欠三千，想买房了[捂脸][捂脸],0
2025/3/9 0:18,先交话费吧,0
2025/3/9 0:19,这不得去彩票站买一张必中的彩票，之后买车买房一步到位。,0
2025/3/9 0:19,买水吧，不喝水走路会飘,0
2025/3/9 0:20,哈哈哈哈哈啊哈笑上瘾了,0
2025/3/9 0:20,先顾好自己吧,1
2025/3/9 0:20,哈哈哈哈哈哈,0
2025/3/9 0:21,先买个??儿,1
2025/3/9 0:23,先充电吧[比心],0
2025/3/9 0:25,这点余额真对不起苹果手机，而且还放了双卡[看],1
2025/3/9 0:26,这下好了又省几十万,1
2025/3/9 0:29,兄弟还是先卖肾吧[捂脸],1
2025/3/9 0:32,[尬笑]点个隆江猪脚饭吧[捂脸][捂脸],0
2025/3/9 0:33,@双氧水宛城清 笑死我了可以买一碗[黑脸],1
2025/3/9 0:34,手机充好电，先充话费,0
2025/3/9 0:35,买个蛋蛋[黑脸]俺不中了,1
2025/3/9 0:35,先买个饼[呲牙][呲牙],0
2025/3/9 0:35,先买包辣条吧[捂脸][捂脸][捂脸],0
2025/3/9 0:35,先睡觉吧宝贝,0
2025/3/9 0:35,买包烟，冷静冷静，别冲动,0
2025/3/9 0:35,先好好活着吧,0
2025/3/9 0:35,@???,0
2025/3/9 0:36,买个缺牙齿吃 辣一下,1
2025/3/9 0:37,卧槽 美女好漂亮[捂脸],0
2025/3/9 0:37,先打工,0
2025/3/9 0:38,买包九块钱的烟吧精神食粮不能少,0
2025/3/9 0:38,应该是先买一直筷子吧,0
2025/3/9 0:39,先买枕头,0
2025/3/9 0:40,还是买双手套??吧,0
2025/3/9 0:41,先买馒头吧,0
2025/3/9 0:41,先睡觉,0
2025/3/9 0:41,买彩票吧，中了再买车买房,0
2025/3/9 0:43,先活着吧,0
2025/3/9 0:44,买个串买个酒，放一起，天下都是你的，还买啥呢[看],0
2025/3/9 0:45,买个梦，什么都有了,0
2025/3/9 0:45,先买个枕头，垫高点[捂脸],0
2025/3/9 0:45,先睡觉，不睡觉梦不到啊[呲牙],0
2025/3/9 0:48,先想想买吃啥吧[捂脸],0
2025/3/9 0:48,先睡吧,0
2025/3/9 0:51,买别墅送小米,0
2025/3/9 0:52,先买面条，回家煮[偷笑],0
2025/3/9 0:52,先睡觉,0
2025/3/9 0:57,先吃一粒褪黑素！,0
2025/3/9 0:58,上面的零钱余额买房，下面的零钱通余额买车，这样安排可还满意[大笑],0
2025/3/9 0:58,先买饭吧,0
2025/3/9 1:00,买蓝标，再买个花卷,0
2025/3/9 1:01,买个烤肠吃吧,0
2025/3/9 1:01,先睡觉 睡着了梦里啥都有[偷笑],0
2025/3/9 1:03,先买两包辣条，先辣辣[黑脸],0
2025/3/9 1:05,先在拼多多拼一下,0
2025/3/9 1:06,买几个塑料袋  套头上感受一下高反  就当去西藏旅游了,1
2025/3/9 1:07,[捂脸],0
2025/3/9 1:10,@五百亿 [泪奔],0
2025/3/9 1:11,先买双手套，去工地搬砖，赚钱买饭吃先,0
2025/3/9 1:12,哈哈哈哈哈哈哈哈哈哈哈,0
2025/3/9 1:13,@眼?里?有?星?河???. @花开富贵/ @llllllll 买大米,0
2025/3/9 1:13,工地自助餐都要12块一个人[流泪],0
2025/3/9 1:14,买根华子抽抽吧,1
2025/3/9 1:14,先买个碗[捂脸],0
2025/3/9 1:15,先活着[黑脸],1
2025/3/9 1:15,买房！蜗居[偷笑][偷笑][偷笑],0
2025/3/9 1:17,买点金针菇吧,0
2025/3/9 1:21,哈哈哈哈哈哈哈哈哈哈哈哈哈哈哈,0
2025/3/9 1:23,先买跟烟抽，再想想吧[呲牙],0
2025/3/9 1:24,先睡觉吧,0
2025/3/9 1:25,@Coucou.?? 笑死我了,0
2025/3/9 1:26,先买个枕头[捂脸],0
2025/3/9 1:30,拼好饭到店自取还是可以考虑一下[看],0
2025/3/9 1:32,先买个猪脚饭,0
2025/3/9 1:36,[笑哭],0
2025/3/9 1:38,零钱买房，零钱通买车,0
2025/3/9 1:38,先睡觉做个好梦[玫瑰],0
2025/3/9 1:48,买根棒棒糖吧。。至少有那么一顺利是甜的,0
2025/3/9 1:48,先存钱吧,0
2025/3/9 1:53,先去买张彩票,0
2025/3/9 1:55,先买个烤肠,0
2025/3/9 1:58,@橙子超好吃,0
2025/3/9 2:01,@探.,0
2025/3/9 2:05,先来一组双色球,0
2025/3/9 2:05,我建议你先买袋魔芋爽一爽[黑脸],1
2025/3/9 2:05,先贷款[看],0
2025/3/9 2:08,先对自己好点。买包泡面加个肠[展开说说],0
2025/3/9 2:10,姐妹，先买个早餐,0
2025/3/9 2:10,[暗中观察],0
2025/3/9 2:14,要不一起买[泪奔],0
2025/3/9 2:14,@YangY. @LAQ_ 哈哈哈哈哈哈哈哈哈,0
2025/3/9 2:15,哈哈哈哈哈哈哈哈,0
2025/3/9 2:16,先买个碗[愉快][赞],0
2025/3/9 2:16,@???? 笑死我了这个评论,0
2025/3/9 2:20,先拼饭,0
2025/3/9 2:21,先买个眼罩[看],0
2025/3/9 2:23,这边建议先贷款,0
2025/3/9 2:23,我觉得咱们先睡觉 梦里啥都有,0
2025/3/9 2:24,先贷款,0
2025/3/9 2:25,哈哈，先吃饱没毛病,0
2025/3/9 2:30,@Like_ @sil @二十一.,0
2025/3/9 2:33,先买枕头。,0
2025/3/9 2:43,先挂号,0
2025/3/9 2:47,买馍先，还能努力努力买车买房,0
2025/3/9 2:48,先睡觉，梦里啥都有[捂脸],0
2025/3/9 3:04,先买了彩票吧,0
2025/3/9 3:04,先吃饱[泪奔],0
2025/3/9 3:09,还是先买个打包袋吧,0
2025/3/9 3:12,买个质量好点的袋子套头上便宜的可能效果不好,1
2025/3/9 3:23,买两根淀粉肠 然后给我一根[抠鼻],0
2025/3/9 3:24,这边建议多买点馒头咸菜,0
2025/3/9 3:26,你多虑了,0
2025/3/9 3:33,先买泡面[发怒],1
2025/3/9 3:40,转给我，别纠结了，睡觉吧,0
2025/3/9 3:46,先买棒棒糖,0
2025/3/9 3:54,先别花,0
2025/3/9 4:00,合理支配上面买房，下面买车[嘿哈],0
2025/3/9 4:04,都买吧,0
2025/3/9 4:24,@亦胺 买手抓饼,0
2025/3/9 4:28,买辣条,0
2025/3/9 4:34,还是先买包烟吧，然后找一个没人的角落拿一支出来一边抽一边反醒一下你自己[大笑][大笑],1
2025/3/9 4:40,先睡觉梦里啥都有,0
2025/3/9 4:40,先卖点血,1
2025/3/9 4:54,先转我7块钱,1
2025/3/9 4:57,楼下溜达溜达得了[黑脸],0
2025/3/9 5:08,先买一场甜蜜的梦吧。,0
2025/3/9 5:13,先睡觉[捂脸],0
2025/3/9 5:16,买一注彩票吧，也许单车变摩托。,0
2025/3/9 5:18,拼好饭[捂脸],0
2025/3/9 5:20,[捂脸],0
2025/3/9 5:21,哈哈哈,0
2025/3/9 5:56,先买个馒头8,0
2025/3/9 6:06,先买彩票,0
2025/3/9 6:10,我认为先买瓶酒，再买一袋花生米[看],0
2025/3/9 6:15,市场一直很大，只是无人在意而已。,0
2025/3/9 6:17,先买9块钱的馒头吧[捂脸],0
2025/3/9 6:19,@月岛爱,0
2025/3/9 6:25,先睡觉,0
2025/3/9 6:26,先买个包子垫垫肚子，因为饿晕了容易胡思乱想[蜜蜂狗],0
2025/3/9 6:29,我个人感觉先买车吧，车可以当房子用,0
2025/3/9 6:33,先买一把香,0
2025/3/9 6:41,那还是先吃饭吧,0
2025/3/9 6:43,不冲突，一边买一块钱的,0
2025/3/9 6:44,买早餐,0
2025/3/9 6:47,@惊掠 @小皮蛋～ @hh. 哈哈哈哈哈哈哈哈哈,0
2025/3/9 6:47,先睡觉吧[暗中观察],0
2025/3/9 6:49,哈哈哈,0
2025/3/9 6:56,先买根烟,0
2025/3/9 6:57,先买个彩票,0
2025/3/9 6:59,还让自己不挨饿固然重要,0
2025/3/9 7:00,先买个彩票,0
2025/3/9 7:05,@一坨肉???,1
2025/3/9 7:08,别买小米了，买点大米熬点粥,0
2025/3/9 7:18,买彩票[呲牙],0
2025/3/9 7:19,[捂脸][捂脸][捂脸],0
2025/3/9 7:19,先买个饼吧[感谢],0
2025/3/9 7:22,零钱买车，零钱通买房,0
2025/3/9 7:27,比我还多了0.1[捂脸],0
2025/3/9 7:29,要不先找个班先上下[泪奔],0
2025/3/9 7:29,先睡觉。梦里都有,0
2025/3/9 7:34,玩具小汽车[宕机],0
2025/3/9 7:35,努努力先买彩票,0
2025/3/9 7:38,先买水,0
2025/3/9 7:38,先买棒棒糖[看],0
2025/3/9 7:40,这两个不可能实现，在给你整个更不可能实现的，先找女朋友[看],1
2025/3/9 7:40,先睡觉[捂脸],0
2025/3/9 7:43,先睡觉,0
2025/3/9 7:44,先活下来了吧,0
2025/3/9 7:46,@Yesi @………. @% @离残秋 @Xs. @青柑普洱好难喝?? 喜死我了,0
2025/3/9 7:46,买个泡面，先吃饱在睡觉[微笑]不然饿着睡不着，做不了梦,0
2025/3/9 7:47,@紴. [捂脸],0
2025/3/9 7:48,先买房,0
2025/3/9 7:48,买包纸巾??,0
2025/3/9 7:52,我爸为了让我考驾照，从高考完买新车勾引我，到去年拿买小米su7勾引我，今年拿ultra勾引我[流泪]我快顶不住了，我真有点想去考驾照了,0
2025/3/9 7:52,先活着吧[捂脸],0
2025/3/9 7:55,先睡觉,0
2025/3/9 7:57,买馒头吧 能买俩呢,0
2025/3/9 7:57,买武器,1
2025/3/9 7:58,卖衣服的，说你们呢，我现在都被逼的要买男装了,1
2025/3/9 8:00,先活着,0
2025/3/9 8:01,"房子只是暂时的港湾
坟墓才是最后的归宿
听哥的先买坟",1
2025/3/9 8:01,车，房，一起买吧，剩下的再娶个婆娘回家。,0
2025/3/9 8:02,楼下小卖部你都不敢去,1
2025/3/9 8:04,我觉得先睡会比较好[泣不成声],0
2025/3/9 8:04,先睡觉[灵机一动],0
2025/3/9 8:09,先买1个馒头,0
2025/3/9 8:09,@鲸落* 这条评论笑死我了,0
2025/3/9 8:10,还是买个饼吧,0
2025/3/9 8:11,先活命[比心],0
2025/3/9 8:12,先买 QQ 糖??,0
2025/3/9 8:12,@我要打败敖瑞鹏,1
2025/3/9 8:13,先睡觉,0
2025/3/9 8:13,你预判我了,0
2025/3/9 8:13,买车吧[宕机],0
2025/3/9 8:14,哈哈哈哈哈哈哈[憨笑],0
2025/3/9 8:15,@新色寇 [泣不成声][捂脸][泪奔][泪奔],0
2025/3/9 8:16,先纠结,0
2025/3/9 8:16,先买个棒棒糖,0
2025/3/9 8:16,还是那句话，在最没有能力的年纪，遇见了最喜欢的车[泪奔][泪奔],0
2025/3/9 8:17,先顾温饱，再解决精神需求,0
2025/3/9 8:17,零钱通没必要吧,0
2025/3/9 8:18,不行先买一块钱馍呢？还能剩下一毛[微笑],0
2025/3/9 8:18,一块多买车，7块多买房[坏笑],1
2025/3/9 8:19,先买彩票,0
2025/3/9 8:20,买包魔芋爽爽爽先[黑脸][强壮],0
2025/3/9 8:21,先吃饭,0
2025/3/9 8:21,买个魔芋爽爽爽得了[看],0
2025/3/9 8:21,超市有活动再去[坏笑],0
2025/3/9 8:21,先买个包子充饥,0
2025/3/9 8:25,先买药,0
2025/3/9 8:27,先买一包方便面带两包辣条,0
2025/3/9 8:28,先管饱吧[抠鼻],0
2025/3/9 8:29,[灵机一动]先活着,0
2025/3/9 8:29,兄弟借一块钱行不行[流泪],0
2025/3/9 8:30,先还QQ音乐VIP[捂脸],0
2025/3/9 8:30,想买包卫龙辣条[微笑],0
2025/3/9 8:30,@@屁屁萌 @财神爷的小宝贝。,0
2025/3/9 8:30,8块钱够我吃三天[黑脸],1
2025/3/9 8:31,先实现一日三餐吧[九转大肠][灵机一动],0
2025/3/9 8:33,先给我转十块,1
2025/3/9 8:33,买房吧，蜜雪冰城刚好全款[比心],0
2025/3/9 8:34,先睡觉,0
2025/3/9 8:35,先睡觉[呲牙],0
2025/3/9 8:36,这点钱买地下的纸房子都买不到,1
2025/3/9 8:37,买个打火机然后扔地上 虽然没什么用但是能听个响[大笑],0
2025/3/9 8:37,@蓝胖子的蓝,0
2025/3/9 8:37,@??,0
2025/3/9 8:38,楼下买个面包睡一觉,0
2025/3/9 8:39,买个棒棒糖 生活本来就苦了 吃点糖吧,0
2025/3/9 8:39,先买根棒棒糖,0
2025/3/9 8:39,@小小小南瓜??,0
2025/3/9 8:42,上面的买房下面的买车[呲牙][呲牙],0
2025/3/9 8:42,@21n^,0
2025/3/9 8:44,买杯蜜雪冰城吧,0
2025/3/9 8:45,先买双色球，然后再去买房买车,0
2025/3/9 8:46,@快乐不能半途而废??,0
2025/3/9 8:46,先吃饱，能多睡会儿,0
2025/3/9 8:47,6块钱可以买一碗肉沫粉[捂脸],0
2025/3/9 8:47,先买个馒头[尬笑],0
2025/3/9 8:49,一起买吧,0
2025/3/9 8:50,@糕冷小美,0
2025/3/9 8:50,先买电话费吧[捂脸],0
2025/3/9 8:51,先买两个馒头吧[蜜蜂狗],0
2025/3/9 8:52,好聪明,0
2025/3/9 8:53,@凹k [看][看][看],0
2025/3/9 8:53,转我这里 先买个教训,1
2025/3/9 8:55,还是先买两包纸巾揣兜里，要不然拉屎都没纸[捂脸][捂脸],0
2025/3/9 8:55,先买根棒棒糖,0
2025/3/9 8:56,买包魔芋爽吃吃得了,0
2025/3/9 8:57,我建议你先睡觉[捂脸],0
2025/3/9 8:58,买馒头可以吃几天的[抠鼻][抠鼻][抠鼻],0
2025/3/9 8:59,拼好饭,0
2025/3/9 9:00,先买包辣条冷静一下,0
2025/3/9 9:00,转给我，先买点亏吧[看][看][看][看][看],0
2025/3/9 9:00,买一块钱小馒头[尬笑]填饱肚子,0
2025/3/9 9:04,先买根烟,0
2025/3/9 9:05,买个眼罩先睡觉[流泪][流泪],0
2025/3/9 9:05,明天不过了是吗？,1
2025/3/9 9:05,买包辣条,0
2025/3/9 9:06,@曼小小 @小纪子???? @@朱小姐?? @金,0
2025/3/9 9:06,哈哈哈，姐妹接着睡[呲牙],0
2025/3/9 9:07,买个馒头把[宕机],1
2025/3/9 9:09,你不要@我，这个朋友的存款让我望尘莫及[呲牙],0
2025/3/9 9:09,而且雷总还提案了电车渐变绿的丑车牌 漂亮的电车牌指日可待[赞],0
2025/3/9 9:09,先买个串串吃,0
2025/3/9 9:10,都买吧[捂脸],0
2025/3/9 9:12,买根雪糕,0
2025/3/9 9:13,先买早餐，一块钱一个包子,0
2025/3/9 9:14,先挂号,0
2025/3/9 9:18,买个包子,0
2025/3/9 9:18,先翻垃圾桶,1
2025/3/9 9:19,肯定是买房啊[黑脸],1
2025/3/9 9:19,先买个馒头吃了，吃饱了。吃撑了在考虑接下来的事情,0
2025/3/9 9:20,拼好饭,0
2025/3/9 9:22,[酷拽],0
2025/3/9 9:22,@双鱼儿?? 哈哈哈,0
2025/3/9 9:22,买个流量包吧,0
2025/3/9 9:23,先买个枕头，垫高一点容易做美梦,0
2025/3/9 9:24,先买车,0
2025/3/9 9:25,买2斤米吧,0
2025/3/9 9:26,先买几个馒头[九转大肠],0
2025/3/9 9:26,先买水,0
2025/3/9 9:27,先买迪奥,0
2025/3/9 9:27,先养胃,0
2025/3/9 9:27,先麦慎把[泪奔],0
2025/3/9 9:27,哈哈哈哈,0
2025/3/9 9:28,买个腰带，勒紧裤腰带，免得饿[我想静静],0
2025/3/9 9:28,宝子，还是先赚钱吧[看],0
2025/3/9 9:28,我了,0
2025/3/9 9:29,零钱买房[捂脸]零钱通买车。,0
2025/3/9 9:31,兄弟，听我的，先买一只大重九冷静下,0
2025/3/9 9:31,买两包挂面多吃上几天,0
2025/3/9 9:32,买拼好饭可以的,0
2025/3/9 9:33,做卫生巾！雷总！卫生巾市场大大的有！,1
2025/3/9 9:34,先买包辣条吧,0
2025/3/9 9:34,先贷款,0
2025/3/9 9:35,彩票,0
2025/3/9 9:36,必须彩票[比心],0
2025/3/9 9:36,学姐走你,1
2025/3/9 9:36,买房车吧[听歌],0
2025/3/9 9:36,买个丝袜，套头上合适,1
2025/3/9 9:37,先买拼好饭，咱俩一起拼,0
2025/3/9 9:37,买两个包子，加个豆浆吧,0
2025/3/9 9:38,@咸蛋土豆条 @重生之下个富婆就是我?? @锌. @~1～ @棒棒糖 ???? @EE @绘椿意??,0
2025/3/9 9:38,@杉鹤无名 @是秘密吖 @露露啊.?? @doki??? @鹿小鹿,0
2025/3/9 9:38,@12.14 @命由己造: @??,0
2025/3/9 9:39,@太计较 @xlove-1. @α @夜は氷のように寒かったです @漆黑烈焰使与邪王真眼的恋人契约是永远的 @浪漫没天分 @猫?猫??? @星卅. @小楼昨夜又东风 [愉快][赞],0
2025/3/9 9:40,只能去拼好饭了[流泪],0
2025/3/9 9:41,先赚钱[九转大肠],0
2025/3/9 9:42,你买个迪奥,1
2025/3/9 9:42,先买医保,0
2025/3/9 9:43,都买[看],0
2025/3/9 9:46,先买碗小面[捂脸],0
2025/3/9 9:48,先买个梅花糕吧,0
2025/3/9 9:48,先买大米吧[泣不成声],0
2025/3/9 9:50,零钱买房，零钱通买车[看],0
2025/3/9 9:50,买个枕头,0
2025/3/9 9:50,买包魔芋爽得了[黑脸],1
2025/3/9 9:51,@可爱狐 @奚 @回忆 @????????????????? @雪化人伤感 @茶梦缘 @?(ò_óˇ)?,0
2025/3/9 9:53,先买米，再买屋,0
2025/3/9 9:54,先买彩票,0
2025/3/9 9:55,副驾驶那个梗当时，我就很想笑，究竟谁在争副驾驶[泪奔],0
2025/3/9 9:55,先去买颗棒棒糖吧[捂脸],0
2025/3/9 9:57,一份白饭3块钱,0
2025/3/9 9:59,先活着[微笑],0
2025/3/9 9:59,先赚钱[呲牙],0
2025/3/9 9:59,@地瓜花V 刘律你挑,1
2025/3/9 10:00,先买水，不会渴死[尬笑],0
2025/3/9 10:00,先买包辣条压压惊,0
2025/3/9 10:01,还是买一包散装的方便面，毕竟很多服务区都有免费的开水。这样你可以顶几天[捂脸][捂脸][捂脸],0
2025/3/9 10:02,先吃饱吧,0
2025/3/9 10:03,先还抖音里的放心借[捂脸],0
2025/3/9 10:03,@@喝袄好 @小圆叽 @苾苾不秋 @十六 [九转大肠],0
2025/3/9 10:03,V我9块一毛六，买个教训[看],1
2025/3/9 10:04,先买拼好饭,0
2025/3/9 10:04,买包红塔山吧,0
2025/3/9 10:05,先买点纸钱，过几天要涨价了，自己穷也不能穷了祖先,0
2025/3/9 10:06,买彩票赌一把[看],0
2025/3/9 10:07,先买包泡面,0
2025/3/9 10:07,买包红塔山[看],0
2025/3/9 10:07,别买小米了，买大米，能买2斤,1
2025/3/9 10:08,两点了咋还哈哈哈哈嘛,0
2025/3/9 10:08,都放在零钱通里吧，多少还给点,0
2025/3/9 10:09,馒头倒可以[笑哭],0
2025/3/9 10:10,买盐都不嫌[呆无辜],0
2025/3/9 10:10,@不吃香菜的雨晴,0
2025/3/9 10:11,先买个枕头，就什么都有了,1
2025/3/9 10:11,@八爪西瓜 哈哈哈哈,0
2025/3/9 10:12,买馒头吧，一人吃饱全家不饿[呲牙],0
2025/3/9 10:12,还得拼好饭,0
2025/3/9 10:12,"高德：他有病吧
公牛：你才知道啊",1
2025/3/9 10:14,买顿饭都费劲[泪奔],0
2025/3/9 10:14,@做KKK哦咯 @我不是歌姬,1
2025/3/9 10:15,先转我[捂脸],0
2025/3/9 10:15,那只够买瓶水的[呲牙],1
2025/3/9 10:17,@粽吧,0
2025/3/9 10:18,买袋盐冲盐水喝,0
2025/3/9 10:18,买瓶饮料得了,0
2025/3/9 10:18,先买个魔芋爽爽爽吧[白眼][比心],0
2025/3/9 10:19,先充电。[听歌],0
2025/3/9 10:20,买包辣条吃吃得了,0
2025/3/9 10:20,先买早餐才对,0
2025/3/9 10:21,买几包魔芋爽，爽爽算了,0
2025/3/9 10:21,先买碗,0
2025/3/9 10:22,存银行吃利息呀哥们 够花了,0
2025/3/9 10:23,[噢买尬]@乔木 @??查实我很帅 @杨 @又胖了吗,0
2025/3/9 10:23,@SssGemini 哈哈哈,0
2025/3/9 10:23,先买一个安全帽[捂脸],0
2025/3/9 10:23,先买根棒棒糖,0
2025/3/9 10:24,@捣蛋??,0
2025/3/9 10:24,别纠结了，先买根烤肠吧[捂脸],0
2025/3/9 10:26,先买早饭，填饱肚子,0
2025/3/9 10:26,先买袋馒头和好老婆辣条,0
2025/3/9 10:26,零钱买房，零钱通买车[看],0
2025/3/9 10:26,菜呢,1
2025/3/9 10:28,建议先买张彩票,0
2025/3/9 10:29,先买支烟吧。一包有点奢侈,0
2025/3/9 10:30,先睡觉[尬笑],0
2025/3/9 10:31,先睡觉吧,0
2025/3/9 10:31,买辣条,0
2025/3/9 10:31,我骄傲了，是你的三倍财富[捂脸][捂脸],0
2025/3/9 10:31,先买馍,0
2025/3/9 10:32,先买棒棒糖哄哄自己吧[微笑],0
2025/3/9 10:32,先买杯蜜雪冰城,0
2025/3/9 10:32,应该先买根烤肠，不对、不对！应该先买纸巾擦嘴[捂脸],0
2025/3/9 10:32,先养活自己才是大事[比心],0
2025/3/9 10:32,@从小不吃苦瓜,0
2025/3/9 10:33,别考虑了 都买,0
2025/3/9 10:34,先买饼,0
2025/3/9 10:34,先买盘花生米，别干喝啊[看],0
2025/3/9 10:34,上面的额度买房，下面的额度买车,0
2025/3/9 10:35,@????未来可期??: ? ?????,0
2025/3/9 10:37,买了否冷吧,0
2025/3/9 10:39,买馍吧,0
2025/3/9 10:39,在凑一点老婆本够了,0
2025/3/9 10:40,先充电吧,0
2025/3/9 10:40,肯定是先买房啊,0
2025/3/9 10:41,小米粥加根油条加杯豆浆刚好,0
2025/3/9 10:41,先充电吧 兄弟[捂脸],0
2025/3/9 10:41,买个馒头切7份[看],0
2025/3/9 10:41,[捂脸]@溜溜蛋,0
2025/3/9 10:42,先买药[捂脸][捂脸],0
2025/3/9 10:42,醒醒 醒醒[摸头]，,0
2025/3/9 10:43,买个玩具车先吧,0
2025/3/9 10:44,朋友，你千万不要背到我成功,0
2025/3/9 10:45,先别考虑买车买房了，先把明天的晚饭解决了吧[捂脸],0
2025/3/9 10:45,先买两包辣条[黑脸],0
2025/3/9 10:45,你有这个实力两个一起进行也不是不可能,0
2025/3/9 10:46,先买包辣条吧兄弟[比心],0
2025/3/9 10:47,先睡觉,0
2025/3/9 10:47,买张彩票吧,0
2025/3/9 10:48,我建议先买个盆吧[捂脸],0
2025/3/9 10:48,先买饭,0
2025/3/9 10:48,先活着[捂脸],0
2025/3/9 10:49,先买福彩,0
2025/3/9 10:50,买张彩票吧,0
2025/3/9 10:50,先睡觉，睡着了更不会饿,0
2025/3/9 10:51,先买包辣条吧,0
2025/3/9 10:52,先做梦，孩子[泣不成声][赞],1
2025/3/9 10:52,先想好晚上吃什么了[捂脸],0
2025/3/9 10:52,先睡觉??,0
2025/3/9 10:53,买颗棒棒糖,0
2025/3/9 10:53,先养活自己,0
2025/3/9 10:53,先买个手抓饼吧 估计能买一个了[强壮],0
2025/3/9 10:54,兄弟见面分一半,0
2025/3/9 10:54,看这余额你得先买个枕头。[尬笑],0
2025/3/9 10:56,我不介意你买的[看],0
2025/3/9 10:56,先嫁人,1
2025/3/9 10:57,@赋,0
2025/3/9 10:57,@logo,0
2025/3/9 10:58,你现在的当务之急是马上把你手里的拼好饭扔掉[赞],1
2025/3/9 11:00,雷总要不再出个小米电瓶车吧,0
2025/3/9 11:01,现在床上躺着睡一觉,0
2025/3/9 11:03,[疑问],0
2025/3/9 11:04,买彩票  都能实现了,0
2025/3/9 11:04,@5u [泪奔],0
2025/3/9 11:05,零钱买车去零钱通买房[笑哭],0
2025/3/9 11:06,先活着[捂脸],0
2025/3/9 11:07,先生存[捂脸][捂脸],0
2025/3/9 11:07,先睡一觉,0
2025/3/9 11:08,先买了??[偷笑][捂脸],0
2025/3/9 11:08,??,0
2025/3/9 11:09,点个拼好饭吧[捂脸][捂脸],0
2025/3/9 11:09,凑点买杯瑞幸 然后喝西北风[泣不成声],0
2025/3/9 11:09,先活着吧[抱抱你][抱抱你][抱抱你],0
2025/3/9 11:10,吃泡面都不敢加肠,0
2025/3/9 11:10,笑死我了，先买生活,0
2025/3/9 11:12,先睡觉，可以梦到[灵机一动],0
2025/3/9 11:13,还是先买10个馒头吧，省省够顶一阵子了[呲牙],0
2025/3/9 11:13,@PingAn,0
2025/3/9 11:14,先请个高人,0
2025/3/9 11:14,零钱买房，零钱通买车,0
2025/3/9 11:18,@薯片王子 @西柚YOU @青菜baha粥?? @囡囡 @糯米团子,0
2025/3/9 11:18,一起拿下，完美,0
2025/3/9 11:18,先买个阿轲6元皮,0
2025/3/9 11:18,先买个馒头吃饱,0
2025/3/9 11:19,@青枫画画,0
2025/3/9 11:20,[捂脸][捂脸],0
2025/3/9 11:21,买俩馍吧,0
2025/3/9 11:21,先活着,0
2025/3/9 11:23,刚好一杯奶茶[色],0
2025/3/9 11:25,别纠结了 去超市 买瓶冰水，然后浇头上 冷静冷静,0
2025/3/9 11:25,先买瓶水…倒地上[暗中观察],0
2025/3/9 11:25,先睡觉，睡着就有房有车了[泪奔],0
2025/3/9 11:26,先买个眼罩睡一觉[微笑],0
2025/3/9 11:26,@Cherna,0
2025/3/9 11:26,先还花呗,0
2025/3/9 11:27,房,0
2025/3/9 11:27,格局要打开，零首付买台车买套房，有压力了才有动力吗[不失礼貌的微笑],0
2025/3/9 11:28,先买泡面,0
2025/3/9 11:29,@黎晒谱 @快乐小梦 @偏偏意气用事 @你怎么碎碎的 @想檀你脑门,0
2025/3/9 11:29,先买彩票,0
2025/3/9 11:29,先结婚吧！,0
2025/3/9 11:31,先保命,0
2025/3/9 11:32,都买啊,0
2025/3/9 11:34,买车又买房,0
2025/3/9 11:34,要不还是先睡吧,0
2025/3/9 11:34,这情况要不就喝点自来水，7块买点福利彩票吧,1
2025/3/9 11:35,全款买杯瑞幸[不失礼貌的微笑],0
2025/3/9 11:35,先买两袋辣条[比心],0
2025/3/9 11:35,[呲牙]不用纠结  [捂脸]微两块给我  [呲牙]我来给你出出主意  [呲牙]让你不在有选择困难症,0
2025/3/9 11:36,哈哈哈哈哈哈,0
2025/3/9 11:37,先睡觉[捂脸][捂脸],0
2025/3/9 11:37,我看还是先给手机充电吧[捂脸],0
2025/3/9 11:38,@嘉月壹拾玖??,0
2025/3/9 11:39,先花两块钱买藏宝箱钥匙，要是打开了，那不是起飞了吗,0
2025/3/9 11:40,先买拼好饭,0
2025/3/9 11:40,先买几包魔芋爽,0
2025/3/9 11:41,先买个早餐，中餐可能买不起。[捂脸][捂脸],0
2025/3/9 11:42,先买个碗[捂脸],0
2025/3/9 11:42,@我网不卡 @流笙,0
2025/3/9 11:42,先睡觉,0
2025/3/9 11:43,先买车，因为只能买个玩具车，房子玩具买不到,0
2025/3/9 11:45,@??wW,0
2025/3/9 11:46,先买点流量，怕你看不到大家的建议[捂脸],0
2025/3/9 11:46,先钓鱼[呲牙],1
2025/3/9 11:46,@岁岁照海棠,0
2025/3/9 11:46,拼好饭吧[泣不成声],0
2025/3/9 11:46,兰州拉面还是可以的,0
2025/3/9 11:47,@LC 先买啥啊,0
2025/3/9 11:47,点个拼好饭吃完再思考[捂脸],0
2025/3/9 11:48,先买水  饿死需要7天  渴死只需要3天[尬笑],0
2025/3/9 11:48,哈哈哈,0
2025/3/9 11:48,@??,0
2025/3/9 11:48,都别买了 先买包辣条吧,0
2025/3/9 11:49,你开VIP都费劲[泪奔],0
2025/3/9 11:49,贷款吧，兄弟,0
2025/3/9 11:49,先转给我，我替你存住，太多了你把握不住,1
2025/3/9 11:51,先买两个馒头吧[流泪][流泪],0
2025/3/9 11:51,还是纠结一会吧 ，这问题有点难,0
2025/3/9 11:51,一起买就好了,0
2025/3/9 11:52,先买张彩票吧,0
2025/3/9 11:53,@抱抱,0
2025/3/9 11:55,买瓶二锅头喝完啥都有,1
2025/3/9 11:56,楼下两块钱的摇摇车,0
2025/3/9 11:56,买包辣条我尝尝，我来帮你出主意,0
2025/3/9 11:58,可以两个都买呀！成年人可以既要又要！！来，我们上多多！！！,0
2025/3/9 11:58,先做梦[泪奔][暗中观察],0
2025/3/9 11:58,先刷会儿抖音,0
2025/3/9 11:58,先活着[捂脸],0
2025/3/9 11:58,你还是先买水,0
2025/3/9 11:59,买几个馒头,0
2025/3/9 11:59,先买杯奶茶喝，压压惊,0
2025/3/9 12:00,@不要香菜葱花蒜头 哈哈哈哈哈哈@踩了奶油的猫??,0
2025/3/9 12:00,先买券,0
2025/3/9 12:00,米4块钱一斤，你还能撑几天,1
2025/3/9 12:01,先买根烟抽一下[看],0
2025/3/9 12:02,先买双色球,0
2025/3/9 12:02,饭都买不起哈哈哈哈哈哈哈哈,1
2025/3/9 12:03,车房一起买[泣不成声],0
2025/3/9 12:03,买个素煎饼吧,0
2025/3/9 12:04,先睡觉,0
2025/3/9 12:05,先买个馒头,0
2025/3/9 12:06,@零碎小土豆.??,0
2025/3/9 12:07,先充电吧,0
2025/3/9 12:07,@Seal is sad,0
2025/3/9 12:08,买个双色球试试[看],0
2025/3/9 12:09,@码头整点薯条 [黑脸][黑脸],1
2025/3/9 12:10,先吃顿饭,0
2025/3/9 12:10,@空天,0
2025/3/9 12:10,难怪成为有钱人，会规划，车跟房存款你都知道分开,0
2025/3/9 12:10,@.小杨同学.,0
2025/3/9 12:10,哈哈哈,0
2025/3/9 12:12,@韵代. [捂脸],0
2025/3/9 12:13,先去美团拼好饭看看中午吃啥吧,0
2025/3/9 12:13,@跳猫子在钓鱼ie @Mint @忆か @自在? @子怡_Lars?? 笑死,0
2025/3/9 12:14,先买个枕头,0
2025/3/9 12:15,买包魔芋爽，爽爽得了[憨笑],0
2025/3/9 12:15,先卖肾[不失礼貌的微笑],1
2025/3/9 12:17,买口罩,0
2025/3/9 12:18,"豆芽一斤，麵粉兩斤，醬油就不要了，一包鹽，豆芽曬乾，分配好，一頓三根，麵粉一頓二兩，鹽適量。
堅持到發工資再說。",0
2025/3/9 12:18,《输光了算了》好美丽的精神状态,0
2025/3/9 12:19,买点酒比较好,0
2025/3/9 12:20,买瓶小甜水算了[尬笑],0
2025/3/9 12:20,买彩票呗,0
2025/3/9 12:20,先睡觉，睡着了一起买[九转大肠],0
2025/3/9 12:20,[尬笑] 都这样提前消费吗,0
2025/3/9 12:21,不客气,0
2025/3/9 12:21,你这个都可以陪嫁吗[泣不成声],1
2025/3/9 12:22,先买个馒头,0
2025/3/9 12:23,@4ever. [捂脸],0
2025/3/9 12:23,日结意外险,0
2025/3/9 12:23,拼好饭[泪奔],0
2025/3/9 12:25,买个盆吧,0
2025/3/9 12:25,买一个魔芋爽爽一下得了。,0
2025/3/9 12:26,@蟹蟹???,0
2025/3/9 12:26,先买饭,0
2025/3/9 12:26,@大寒,0
2025/3/9 12:26,先买根雪糕冷静一下,0
2025/3/9 12:27,盒子还买不起到想先买房子和车子了[捂脸],0
2025/3/9 12:28,@每天不熬夜,0
2025/3/9 12:28,@三月三,0
2025/3/9 12:28,[捂脸][捂脸],0
2025/3/9 12:28,买特码[比心][偷笑][偷笑],0
2025/3/9 12:29,先截图[尬笑],0
2025/3/9 12:30,先买个泡面和水,0
2025/3/9 12:31,79的眉笔说我不努力我反手降龙十八掌 五十几万的小米买不起我怪我自己还不够努力,1
2025/3/9 12:33,一碗米线都要10块钱咯宝贝,0
2025/3/9 12:33,@左耳.^,0
2025/3/9 12:33,建议先买了两馒头。,0
2025/3/9 12:34,别纠结了，考虑的有点多了,0
2025/3/9 12:34,先买个梦想。[呲牙][呲牙][呲牙][呲牙],0
2025/3/9 12:34,买彩票吧,0
2025/3/9 12:35,先买车  房子还要贬值  五年后抄底,0
2025/3/9 12:35,买个破碗[看][看][看][看]开启重生之我在丐帮当小卡拉米[看],0
2025/3/9 12:35,买桶泡面买瓶水[捂脸][捂脸]先,0
2025/3/9 12:36,先买个早点给我吃吧[不失礼貌的微笑],0
2025/3/9 12:36,先睡觉,0
2025/3/9 12:36,嗯……将就够一顿早饭  豆浆油条茶叶蛋,0
2025/3/9 12:37,先把钱破开，太大了花不了,0
2025/3/9 12:38,先买糖,0
2025/3/9 12:38,先买馒头,0
2025/3/9 12:38,@小胡同学?-? [泪奔],0
2025/3/9 12:39,[笑哭],0
2025/3/9 12:39,这么多钱 可以先把我买了,1
2025/3/9 12:39,买两个包子吧,0
2025/3/9 12:39,先上班吧，口袋都拿不出一顿饭,0
2025/3/9 12:40,冰露,0
2025/3/9 12:41,先买包纸搽搽眼屎[泪奔],1
2025/3/9 12:41,买点馒头吧,0
2025/3/9 12:41,先活着,0
2025/3/9 12:41,零钱买房，零钱通买车。就不用纠结了。,0
2025/3/9 12:42,先挂号[捂脸],0
2025/3/9 12:43,[捂脸],0
2025/3/9 12:43,先贷款[尬笑][尬笑][尬笑],0
2025/3/9 12:43,哈哈哈哈,0
2025/3/9 12:43,买包辣条吧，房的事情先别考虑了,0
2025/3/9 12:45,先活着,0
2025/3/9 12:45,你先嫁给我，车子，房子，就都有了[捂脸],0
2025/3/9 12:46,[捂脸],0
2025/3/9 12:46,先饿着,0
2025/3/9 12:48,先买点??吧,0
2025/3/9 12:48,@月亮不打洋 @11 @AaK,0
2025/3/9 12:49,买早餐吧！,0
2025/3/9 12:51,先买药，治好了再谈其他的,0
2025/3/9 12:52,@安禾急 @唔西迪西??,0
2025/3/9 12:53,都不买存着[捂脸],0
2025/3/9 12:53,买包辣条先冷静冷静[尬笑],0
2025/3/9 12:55,上下拼在一起买杯蜜雪冰城,0
2025/3/9 12:56,先买个棒棒糖吧，最少甜在心里。,0
2025/3/9 12:56,先提现啊,0
2025/3/9 12:56,先买瓶矿泉水吧,0
2025/3/9 12:57,先买彩票,0
2025/3/9 12:57,同时进行,0
2025/3/9 12:58,先睡觉吧[捂脸],0
2025/3/9 12:59,先买包辣条,0
2025/3/9 13:00,先买棒棒糖??,0
2025/3/9 13:00,那我也可以考虑先买房还是先买车了[憨笑],0
2025/3/9 13:01,买馒头,0
2025/3/9 13:01,先买彩票,0
2025/3/9 13:01,先买药,0
2025/3/9 13:02,先忍忍吧[流泪],0
2025/3/9 13:03,买点米吧[可怜],0
2025/3/9 13:03,下楼买个魔芋爽爽爽得了[看],0
2025/3/9 13:03,你买给我[暗中观察],0
2025/3/9 13:05,零钱里的买房，零钱通里的买车啊,0
2025/3/9 13:07,先去买个棒棒糖。,0
2025/3/9 13:07,听话先睡觉,0
2025/3/9 13:07,都行[灵机一动],0
2025/3/9 13:08,先买枕头[泪奔][泪奔][泪奔],0
2025/3/9 13:09,先活着,0
2025/3/9 13:11,买五块钱两根的淀粉肠坐路边想想就行了[暗中观察],0
2025/3/9 13:12,先活着[玫瑰],0
2025/3/9 13:13,买块烧饼吃完再说,0
2025/3/9 13:14,[泪奔],0
2025/3/9 13:15,先吃饱饭在考虑这些[看],0
2025/3/9 13:17,洗买馒头,0
2025/3/9 13:17,零食买房，零钱通买车[看],0
2025/3/9 13:18,买颗糖??,0
2025/3/9 13:18,买根糖吧,0
2025/3/9 13:19,@happarty [捂脸][捂脸][捂脸],0
2025/3/9 13:19,先买纸吧[看],1
2025/3/9 13:20,赌一把…买一注体彩、一注福彩。单车变法拉利在此一举[强壮],0
2025/3/9 13:20,先睡觉吧,0
2025/3/9 13:20,分期吗？,0
2025/3/9 13:21,先起床,0
2025/3/9 13:21,饭都买不起,1
2025/3/9 13:21,先吧信用卡还了,0
2025/3/9 13:23,买水,0
2025/3/9 13:23,先纠结,0
2025/3/9 13:24,@恰恰美??先干啥，这不就是我们嘛[看],0
2025/3/9 13:25,这么多钱，肯定一起买阿,0
2025/3/9 13:25,先活着,0
2025/3/9 13:26,先谈个男朋友[听歌],0
2025/3/9 13:27,先买两包泡面,0
2025/3/9 13:27,买根烤肠[看],0
2025/3/9 13:28,先买小米半斤煮粥喝先。[呲牙],0
2025/3/9 13:28,先买拼好饭,0
2025/3/9 13:29,他说的很对啊，我老公想买一个东西，都会看看我，我说OK，他就会买，我说NO，就会走[呲牙]即使他自己身上有钱,0
2025/3/9 13:30,睡觉吧[宕机],0
2025/3/9 13:32,先拼好饭[捂脸],0
2025/3/9 13:32,先买米,0
2025/3/9 13:33,水也还差0.81啊[尬笑],0
2025/3/9 13:33,[捂脸][捂脸][捂脸][捂脸][捂脸],0
2025/3/9 13:34,买个辣条吃吃[舔屏],0
2025/3/9 13:35,买个好枕头,0
2025/3/9 13:36,买两包魔芋爽爽爽得了[憨笑],0
2025/3/9 13:37,哈哈哈哈哈哈哈哈哈,0
2025/3/9 13:37,先买单[捂脸],0
2025/3/9 13:37,先买个盒饭吃饱,0
2025/3/9 13:37,8块买盒大富翁，房子一大堆，还有一大堆地皮，还有一大堆钞票，车子到时候拿张红色那个什么都可以买了[看][看][看],0
2025/3/9 13:37,先买墓地，不过这余额买个骨灰盒都得办贷款,1
2025/3/9 13:38,先买彩票,0
2025/3/9 13:38,先保命[呲牙][呲牙],0
2025/3/9 13:39,先买哈喽月卡[看],0
2025/3/9 13:39,买包五毛钱辣条吃吃算了,0
2025/3/9 13:39,中午在抖音看到跟我资产相符的了,0
2025/3/9 13:41,买几张报纸实际点，活着可以盖着，死了也可以包着,1
2025/3/9 13:42,先买个超梦[看],0
2025/3/9 13:42,先活下来,0
2025/3/9 13:42,我觉得咱这个余额可以一起拿下[比心],0
2025/3/9 13:42,还是先去买张彩票吧[泣不成声],0
2025/3/9 13:42,先买杯奶茶,0
2025/3/9 13:42,零钱买房，零钱通买车。,0
2025/3/9 13:44,先买个包子[呲牙],0
2025/3/9 13:44,先买杯柠檬水加冰，清醒一下,0
2025/3/9 13:45,先买个包子对付一餐吧,0
2025/3/9 13:47,买华莱士,0
2025/3/9 13:47,车只是代步，房是暂时的港湾，坟才是最终的归宿，听我的，先买坟！,1
2025/3/9 13:50,买杯蜜雪冰城喝喝得了,0
2025/3/9 13:50,先买一桶方便面，再来一根火腿肠，找个凉快的地躺着,0
2025/3/9 13:50,先去蜜雪冰城刷个kd,0
2025/3/9 13:50,先买包魔芋爽爽爽[憨笑][看],0
2025/3/9 13:51,为什么女生就一定要小小的可爱的好停车的，老娘就喜欢速度快的帅的[微笑],0
2025/3/9 13:52,先买根烤肠吃吃[比心],0
2025/3/9 13:54,先去邮政直播间看会直播再决定[绿帽子],1
2025/3/9 13:55,买个拼好饭,0
2025/3/9 13:58,哈哈哈哈哈,0
2025/3/9 14:00,先买饭[看],0
2025/3/9 14:00,9块钱在我们这边还是可以买一份炒面的,0
2025/3/9 14:01,买个淀粉肠,0
2025/3/9 14:01,买包魔芋爽爽一下得了,0
2025/3/9 14:01,先买拼好饭,0
2025/3/9 14:02,先掏心掏肺[看],0
2025/3/9 14:03,黑色的嗷[抠鼻],1
2025/3/9 14:04,@. 应该买包纸到拐角默默擦眼泪[看],1
2025/3/9 14:05,哈哈哈哈哈可以啊玩具款,0
2025/3/9 14:06,睡觉，中个彩票？,0
2025/3/9 14:09,先解决温饱[捂脸],0
2025/3/9 14:09,先买个馒头垫一下肚,0
2025/3/9 14:09,@快乐小狗 @富贵的闲鱼,0
2025/3/9 14:09,@一天吃一吨_ @Wainv. @土豆馅的奶黄包 hhhhh,0
2025/3/9 14:10,先买拼好饭,0
2025/3/9 14:10,先买副手套吧，等下搬砖把手磨破了[看],1
2025/3/9 14:10,@Burst @Zr @栗子鱼鱼??,0
2025/3/9 14:12,[绝望的凝视][绝望的凝视][绝望的凝视][绝望的凝视]买不了房,0
2025/3/9 14:13,先买个鸡蛋灌饼吧 加个肠 切开给我一半[不看],0
2025/3/9 14:16,先买支笔[呲牙]可以画饼??,0
2025/3/9 14:17,先买彩票,0
2025/3/9 14:18,买饭也是拼好饭,0
2025/3/9 14:18,先买个包子，填饱肚子，再买房买车,0
2025/3/9 14:18,先赚钱,0
2025/3/9 14:19,肯定是些买房了，车就是个消耗品,0
2025/3/9 14:20,买支糖先甜下[奸笑],0
2025/3/9 14:20,V我五元买个教训吧[看],1
2025/3/9 14:21,先买彩票吧,0
2025/3/9 14:22,先买根辣条压压惊[宕机],0
2025/3/9 14:22,买饭都够呛,0
2025/3/9 14:23,不行，要先买一个缺角的碗出街才行啊，不然这顿吃了，下顿吃什么？,0
2025/3/9 14:26,先喝风,0
2025/3/9 14:29,先去买根棒棒糖,0
2025/3/9 14:30,@啊喔,0
2025/3/9 14:32,@bylijhg,0
2025/3/9 14:32,先睡觉,0
2025/3/9 14:33,先买饭吧[泪奔],0
2025/3/9 14:34,先买几个馒头[看],0
2025/3/9 14:35,买辣条,0
2025/3/9 14:36,买桶泡面吃吃算了,0
2025/3/9 14:36,@叫小泉吧,0
2025/3/9 14:36,房车吧[呲牙],0
2025/3/9 14:38,还是先回家吧[捂脸][捂脸][捂脸],0
2025/3/9 14:39,买泡面加根肠[憨笑][赞],0
2025/3/9 14:43,车与房都是过眼云烟，归处是土地。买土,0
2025/3/9 14:43,先买双色球吧,0
2025/3/9 14:45,先睡觉 梦里啥都有[捂脸][比心],0
2025/3/9 14:46,买车[捂脸][捂脸][捂脸][捂脸],0
2025/3/9 14:46,先买份花生米,0
2025/3/9 14:47,先买两包魔芋爽，吃吃得了,0
2025/3/9 14:47,哈哈哈,0
2025/3/9 14:49,[捂脸][捂脸][捂脸],0
2025/3/9 14:49,先活过这周[看],0
2025/3/9 14:49,我跟我老公去看车，男销售都全程不看我，我老公问我怎么样，我说不怎么样，不喜欢，我老公对销售说，我家钱都在我媳妇那，我媳妇喜欢就行，我的意见只是参考，然后那个男销售来了一句，女生对车的了解很少[微笑],1
2025/3/9 14:49,@curry 看回复的评论[捂脸][OK],0
2025/3/9 14:49,@悲伤potato @童,0
2025/3/9 14:49,买国潮拼好饭[看],0
2025/3/9 14:50,吃拼好饭,0
2025/3/9 14:51,@pppp @泡泡芙,0
2025/3/9 14:53,买个面罩啊,0
2025/3/9 14:53,先买保险[尬笑],0
2025/3/9 14:55,买房车，车、房都解决了,0
2025/3/9 14:55,先买个保险,0
2025/3/9 14:55,先保命,0
2025/3/9 14:56,先买个铁盆,0
2025/3/9 14:57,先买保险,0
2025/3/9 15:00,先吃利息吧,0
2025/3/9 15:01,兄弟，你听我的，买车和买房不要纠结，你先买瓶酒,0
2025/3/9 15:02,先买彩票搏一搏吧[黑脸],0
2025/3/9 15:02,男单身狗卖车,0
2025/3/9 15:02,拼好饭吧，实在不行团购,0
2025/3/9 15:04,小米有点好看阿,0
2025/3/9 15:04,@啊铭,0
2025/3/9 15:06,先给自己买个大姨妈垫,1
2025/3/9 15:07,@高兴 . @清欢  .,0
2025/3/9 15:07,@喜杨杨,0
2025/3/9 15:07,先吃饭,0
2025/3/9 15:08,先买药[捂脸],0
2025/3/9 15:08,先打工[泪奔],0
2025/3/9 15:08,买地瓜,0
2025/3/9 15:11,还是买馒头吧！买别的感觉不顶饿[捂脸],0
2025/3/9 15:12,这谁能不喜欢啊！[逞强落泪],0
2025/3/9 15:13,买几个压缩饼干得了,0
2025/3/9 15:16,先买包魔芋爽 爽一下,0
2025/3/9 15:16,先活着,0
2025/3/9 15:17,先买个小蜜,1
2025/3/9 15:17,买木头弄棺材[看],1
2025/3/9 15:18,先买包辣条,0
2025/3/9 15:20,呵呵，那天去万达看华为车，我抱着孩子说我喜欢那个车厘子红，好好看，然后我老公说喜欢另一款，那个男的就看不到我，就跟我老公介绍，他如果给我介绍的话，我一心动就会买，跟我老公介绍半天，我老公问我怎么样，我说不怎么样，吃饭去吧[泪奔][泪奔][泪奔]，你们能不能明白，女生的话语权很高，我老公连内裤颜色都要粉色的。,0
2025/3/9 15:22,刚毕业的雷军看着一上午都没发出去的传单出神，脑内突然传来声响“叮，系统已绑定，宿主您好，我是小爱同学”...,0
2025/3/9 15:22,先拖贫[泪奔],0
2025/3/9 15:22,棒棒糖[捂脸][捂脸][捂脸],0
2025/3/9 15:25,先睡觉[色],0
2025/3/9 15:25,买个棒棒糖吧[微笑],0
2025/3/9 15:25,先买个淀粉肠,0
2025/3/9 15:26,先买碗,0
2025/3/9 15:27,先买桶泡面[捂脸],0
2025/3/9 15:27,先睡觉吧孩子[逞强落泪],0
2025/3/9 15:29,先买药啊，还用问,0
2025/3/9 15:30,先买2斤小米,0
2025/3/9 15:31,先买饼??[看]管饱,0
2025/3/9 15:33,买刀[看],1
2025/3/9 15:33,摇摇车 一块钱十分钟够了,0
2025/3/9 15:33,先买桶泡面,0
2025/3/9 15:35,先醒醒呀[笑哭],0
2025/3/9 15:35,先睡觉吧,0
2025/3/9 15:35,买酥7吧,0
2025/3/9 15:36,先睡觉好吗,0
2025/3/9 15:36,先讨饭[呲牙],1
2025/3/9 15:36,先上班吧[尬笑],0
2025/3/9 15:37,@h h @金金1i @异枳ly @^O^ @早點睡… @微微,0
2025/3/9 15:37,先买泡面,0
2025/3/9 15:38,先买一桶酸菜牛肉面[大笑],0
2025/3/9 15:38,先看看[捂脸],0
2025/3/9 15:39,先来套啥也不加的煎饼果子[暗中观察],0
2025/3/9 15:42,先买个馒头宝宝,0
2025/3/9 15:44,兄弟，不要太为难自己了。,0
2025/3/9 15:45,先买包魔芋爽吧，让自己爽一爽醒一醒,0
2025/3/9 15:47,@乄小郭,0
2025/3/9 15:47,可以买瓶水还能喝几天[泪奔][泪奔][泪奔],0
2025/3/9 15:50,先买口香糖可以嚼几天,0
2025/3/9 15:51,先买包纸巾擦擦眼泪[泪奔][泪奔],0
2025/3/9 15:53,煎饼果子不加蛋[捂脸],0
2025/3/9 15:56,买，买，买，my god,0
2025/3/9 15:57,买包烟把,0
2025/3/9 15:57,先买彩票吧[大笑],0
2025/3/9 15:58,买点馒头咸菜，先吃着想着，吃完了也该想清楚了[玫瑰][玫瑰][玫瑰],0
2025/3/9 15:59,买两包魔芋爽吃吃得了[抠鼻],0
2025/3/9 16:00,挂个普通号走医保,0
2025/3/9 16:00,@月归 @怀寫银杏夜 @彗星袭月,0
2025/3/9 16:01,买个大馒头吧[暗中观察],0
2025/3/9 16:01,先买瓶矿泉水吧,0
2025/3/9 16:01,@等下你又破防 @狠狠的L. @西瓜籽_吐血了。 @杀菌 @二十一换 @sweetxx,0
2025/3/9 16:03,先买饭[九转大肠],0
2025/3/9 16:04,先充电??,0
2025/3/9 16:05,先买晚饭吧[捂脸],0
2025/3/9 16:05,先买杯柠檬水找个凳子歇一会,0
2025/3/9 16:08,就好像你拿五百块钱去打牌，说就五百块，输光了算了[看],0
2025/3/9 16:08,@囡囡呀 哈哈,0
2025/3/9 16:14,买个拼好饭先,0
2025/3/9 16:15,你别管 先充电,0
2025/3/9 16:16,想想晚上吃什么,0
2025/3/9 16:16,先买买两粒地西泮片吃上。,1
2025/3/9 16:16,@??????,0
2025/3/9 16:17,先买碗,0
2025/3/9 16:17,哈哈哈哈哈,0
2025/3/9 16:18,要不先买小米吧[看],0
2025/3/9 16:19,先充电。,0
2025/3/9 16:20,不用纠结，先吃饭,0
2025/3/9 16:23,买馒头吧，米饭都不敢要菜,0
2025/3/9 16:24,上面的钱买房，下面的钱买车,0
2025/3/9 16:25,先买个可乐 没什么用 挺好喝的,0
2025/3/9 16:28,买个拼好饭吧[嘘],1
2025/3/9 16:28,@蓦然相爱寂静喜欢?? @ETHEREAL,0
2025/3/9 16:29,买八个雨衣，大几千的不是到手了[看],0
2025/3/9 16:31,@luckyivoryy [尬笑]是我,0
2025/3/9 16:34,买馒头吧,0
2025/3/9 16:35,我买不起,0
2025/3/9 16:35,先借我[捂脸],0
2025/3/9 16:35,把钱转给我，买个教训,1
2025/3/9 16:36,米饭2元一碗,0
2025/3/9 16:37,玩具车可以，拼多多,0
2025/3/9 16:38,先买酒,0
2025/3/9 16:40,你把海尔海总都带出圈了，人家才是社恐突然变网红,1
2025/3/9 16:40,先买点泡面??,0
2025/3/9 16:41,和一块点了蜜雪冰城吧,0
2025/3/9 16:42,先买张彩票吧,0
2025/3/9 16:42,买点辣条嗦嗦吧,0
2025/3/9 16:42,赶紧拼好饭吧,0
2025/3/9 16:45,刘强东的话震耳欲聋啊！雷总你就不要谦虚了！[捂脸],0
2025/3/9 16:45,买彩票,0
2025/3/9 16:45,建议存零钱通吃利息,0
2025/3/9 16:47,先买套煎饼果子吃了睡觉去吧,0
2025/3/9 16:47,[捂脸][捂脸][捂脸][捂脸]先解决温饱,0
2025/3/9 16:50,先买个粑粑糖[钱],0
2025/3/9 16:51,先买泡面,0
2025/3/9 16:51,[看]买瓶大可乐,0
2025/3/9 16:51,哈哈哈,0
2025/3/9 16:52,先挣钱[捂脸],0
2025/3/9 16:52,有条件还是先把晚上这顿解决吧[泣不成声],0
2025/3/9 16:53,@北京欢迎你,0
2025/3/9 16:53,我可以 0首付买车[微笑],0
2025/3/9 16:53,先买菜吧,0
2025/3/9 16:54,先睡觉,0
2025/3/9 16:54,哈哈[泣不成声],0
2025/3/9 16:54,先买馒头,0
2025/3/9 16:54,两个款合在一块，拼好饭吧[尬笑],0
2025/3/9 16:55,先去贷款个100w 50w买车 还有50w买个高层的房子过两年好跳,1
2025/3/9 16:55,买醉吧[看],0
2025/3/9 16:56,我这里蛋炒饭八块钱一碗[舔屏][舔屏],0
2025/3/9 16:56,这连挂号费都不够啊[捂脸],0
2025/3/9 16:57,@捞女,1
2025/3/9 16:57,[泪奔][泪奔][泪奔][泪奔][泪奔]@圥忈?? [泪奔][泪奔][泪奔][泪奔][泪奔],0
2025/3/9 16:58,买包魔芋爽，爽爽得了,0
2025/3/9 16:59,@只喝柠檬茶??,0
2025/3/9 16:59,@??潇潇,0
2025/3/9 16:59,一起买，反正也不差了,1
2025/3/9 17:00,先睡觉,0
2025/3/9 17:00,要跟我的微信余额有的一拼了，是真想买[捂脸],0
2025/3/9 17:00,哈哈哈哈哈哈[泪奔],0
2025/3/9 17:05,军 的唯一缺点就是普通话不好 [捂脸],0
2025/3/9 17:07,先给我打个电话,0
2025/3/9 17:07,买车固然重要，但是房才是港湾，坟才是归宿，听话买坟,1
2025/3/9 17:08,不考虑了谢谢,0
2025/3/9 17:09,买两包辣椒[呲牙][呲牙],0
2025/3/9 17:09,先睡觉啦,0
2025/3/9 17:10,先买杯蜜雪[捂脸],0
2025/3/9 17:12,@一只咩咩,0
2025/3/9 17:12,买房车吧，一步到位,0
2025/3/9 17:13,广鸡的吗[九转大肠],1
2025/3/9 17:14,我看了一个爽文，男主掏三亿买了一幅画，我觉得番茄币有点牛，直到雷军的一亿美金,0
2025/3/9 17:15,@See U,0
2025/3/9 17:17,先买跟肠吧[黑脸],1
2025/3/9 17:18,买彩票吧,0
2025/3/9 17:18,小孩子才做选择题[看],0
2025/3/9 17:19,@刘不住,0
2025/3/9 17:22,先卖肾换手机[捂脸],1
2025/3/9 17:23,为他关上的窗户是鹅机[捂脸],0
2025/3/9 17:24,@牛腩,0
2025/3/9 17:25,买双袜子,0
2025/3/9 17:26,买点魔芋爽爽爽得了[泪奔],0
2025/3/9 17:27,先吃顿早餐吧[抠鼻],0
2025/3/9 17:28,先买馒头,0
2025/3/9 17:28,最喜欢他说悄悄干，输了当没干过。[捂脸],0
2025/3/9 17:28,@CAT.S,0
2025/3/9 17:28,先嫁人吧，这样就都有了,1
2025/3/9 17:29,买两粒大刀肉解解馋得了,0
2025/3/9 17:29,买两斤米[呲牙],0
2025/3/9 17:29,[尬笑]@宅喵咪咪,0
2025/3/9 17:30,先买桶泡面，别饿着,0
2025/3/9 17:32,先买两个棒棒糖,0
2025/3/9 17:34,先活着[捂脸],0
2025/3/9 17:34,我零几年那时候没有微信支付，我卡里剩十几块钱！一天没吃饭，我选择刷卡买包烟[流泪][流泪][流泪],0
2025/3/9 17:35,@爱穿大裤衩??,0
2025/3/9 17:36,把你这几块给我我出去逢人就说你买房了,1
2025/3/9 17:36,先打工吧哈哈哈,0
2025/3/9 17:37,买彩票[发呆],0
2025/3/9 17:37,买它,0
2025/3/9 17:39,@Halleeee @不吃鱼 @椒盐虾 @?摆烂の小鱼 @297 @吃嘛嘛香 看得我都纠结了。,0
2025/3/9 17:39,客厅溜达一圈旅个游,0
2025/3/9 17:40,先买个馒头填下肚子,0
2025/3/9 17:41,@快乐特儿抹头,0
2025/3/9 17:42,@Yolo,0
2025/3/9 17:42,买不了车买不了房，买根淀粉肠刚好,0
2025/3/9 17:43,再贷点款拼个好饭吧,1
2025/3/9 17:43,建议先发我吃一顿饭再说[看],0
2025/3/9 17:47,那还是先买房吧，毕竟有零首付的,0
2025/3/9 17:48,买四注彩票，直接中两千万,0
2025/3/9 17:48,先买油条[泪奔],0
2025/3/9 17:50,先买个包子[色],0
2025/3/9 17:50,笑死我了,0
2025/3/9 17:52,宝，先买脸皮??,1
2025/3/9 17:53,@-,0
2025/3/9 17:53,资产颇多啊，都买了吧[尬笑],1
2025/3/9 17:53,先活下去[坏笑],1
2025/3/9 17:53,买包魔芋爽吧,0
2025/3/9 17:54,先买馒头垫垫肚子，晚上好做梦[呲牙][呲牙],0
2025/3/9 17:54,都买吧，零首付，走一步看一步，实在没招去法院散步。,1
2025/3/9 17:59,先买晚饭吧,0
2025/3/9 18:00,买包辣条算了[流泪],0
2025/3/9 18:00,我要是你一起买，[捂脸],0
2025/3/9 18:00,先买个破一点的盆。在置换一身破衣服。路口一站。金额就会涨,1
2025/3/9 18:02,哈哈，好像只能买点米[捂脸],0
2025/3/9 18:06,买个辣条吃吃吧,0
2025/3/9 18:06,下楼买包方便面[泪奔],0
2025/3/9 18:07,一个买车一个买房,0
2025/3/9 18:07,一包卫龙辣条,0
2025/3/9 18:10,先早点睡[捂脸],0
2025/3/9 18:10,@168小瘦墩～ [宕机],1
2025/3/9 18:11,先睡觉，梦里啥都有[看],0
2025/3/9 18:12,先买俩馒头垫垫肚子,0
2025/3/9 18:14,先买个彩票,0
2025/3/9 18:15,1亿美金，输光了算了。[宕机][绝望的凝视][绝望的凝视]他说的好像我花1000块钱。,1
2025/3/9 18:18,买碗凉皮，还能剩几毛,0
2025/3/9 18:18,要不先买张彩票[疑问],0
2025/3/9 18:20,哈哈哈哈哈哈,0
2025/3/9 18:22,先买桶泡面吧[灵机一动],0
2025/3/9 18:24,建议去江西买个老婆先,1
2025/3/9 18:24,先买个防盗险吧[捂脸],0
2025/3/9 18:24,先买馒头[微笑],0
2025/3/9 18:24,先想一下下一顿吃啥子[看],0
2025/3/9 18:24,先买个碗,0
2025/3/9 18:26,零钱通买车，零钱买房,0
2025/3/9 18:27,上面的买房下面的买车,0
2025/3/9 18:27,@女口幺小 [泪奔],0
2025/3/9 18:28,@香芋见泥 @sakura！ @小肥爱吃火锅不加醋,0
2025/3/9 18:28,[捂脸],0
2025/3/9 18:29,去楼下小卖部买包辣条,0
2025/3/9 18:29,先挂号,0
2025/3/9 18:30,好多销售分不清大小王，我跟我爸去买车，拉着我爸就介绍，也不理我，完事我爸问我喜欢吗，我直接“不喜欢，走”,0
2025/3/9 18:31,先买碗泡面犒劳自己[九转大肠],0
2025/3/9 18:33,别的评论区刷到的。,0
2025/3/9 18:33,买根火柴,0
2025/3/9 18:34,先睡觉吧，梦里美美哒[比心],0
2025/3/9 18:36,事已至此，先吃饭吧,0
2025/3/9 18:36,成年人不做选择题，两个都不要,0
2025/3/9 18:37,先买颗糖垫吧垫吧,0
2025/3/9 18:38,买个蜜雪冰城吧,0
2025/3/9 18:39,@新名字,0
2025/3/9 18:40,@_这是谁的抖音！ @比乌布雷准一点 @他 还是京少幽默,0
2025/3/9 18:41,先理财,0
2025/3/9 18:43,先买彩票[憨笑][赞],0
2025/3/9 18:43,@聂风林,0
2025/3/9 18:44,先睡觉??,0
2025/3/9 18:44,先买方便面,0
2025/3/9 18:45,先买烧纸,1
2025/3/9 18:46,还得是拼好饭,0
2025/3/9 18:46,拼好饭,0
2025/3/9 18:48,买包辣条吃吃得了[憨笑][赞],0
2025/3/9 18:48,一个月一万工资不吃不喝也要四年才能买[黑脸],0
2025/3/9 18:49,@明天吃什么.,0
2025/3/9 18:49,买工具够了[思考],0
2025/3/9 18:50,先买个包子[赞],0
2025/3/9 18:50,@叶耶?? @張. @彤彤_ @小张老师? @罐头鱼.,0
2025/3/9 18:51,[泪奔][泪奔],0
2025/3/9 18:53,先买个好枕头,0
2025/3/9 18:54,@XL [捂脸],0
2025/3/9 18:54,@沈咩咩咩咩 [泪奔],0
2025/3/9 18:55,先活着,0
2025/3/9 18:55,给我也带一份,0
2025/3/9 18:56,先吃饭[呲牙],0
2025/3/9 18:56,买金,0
2025/3/9 19:01,先买包辣条,0
2025/3/9 19:03,《一亿美金输光了算了》,1
2025/3/9 19:07,先买个馒头放着,0
2025/3/9 19:08,先让拼多多别扣费吧[看],0
2025/3/9 19:09,买瓶二锅头都够呛[看],0
2025/3/9 19:11,@AredNeiku 笑发财,0
2025/3/9 19:15,"9块钱买9个馒头能撑两天。
[捂脸][捂脸][捂脸]",0
2025/3/9 19:16,买个彩票吧，姐妹,0
2025/3/9 19:17,买个大比兜[捂脸],0
2025/3/9 19:18,先买七个馒头，过了头七先,1
2025/3/9 19:19,先活着,0
2025/3/9 19:19,买桶泡面加个肠吃饱了回家睡一觉梦里啥都有[宕机],0
2025/3/9 19:24,先买俩馒头把肚子填饱,0
2025/3/9 19:24,先买彩票吧，一起买[呲牙],0
2025/3/9 19:26,凑凑买彩票吧！,0
2025/3/9 19:29,买套乐高积木都费劲,0
2025/3/9 19:29,@去冰不另外加糖,0
2025/3/9 19:29,先活命[笑哭][笑哭]哈哈,0
2025/3/9 19:30,"81.49万：各位请安静一下
52.99万：好大家不要叫了[憨笑]",0
2025/3/9 19:30,先买点辣条吃吃[噢买尬],0
2025/3/9 19:31,共享单车周卡[看],0
2025/3/9 19:31,买包辣条[舔屏],0
2025/3/9 19:33,“自己掏一亿美金，输光了算了”我一百块都不敢这么说[微笑],0
2025/3/9 19:33,买个烤肠，五块钱三个，哈哈哈,0
2025/3/9 19:36,先骑个共享单车[捂脸],0
2025/3/9 19:38,@派大唾沫星子?,1
2025/3/9 19:38,@豆子乳膏?? @酒烧橘子 [流泪],0
2025/3/9 19:39,买个线和针缝枕套,0
2025/3/9 19:40,@囡囡乄 [抓狂],1
2025/3/9 19:40,3张福利彩[舔屏][舔屏],1
2025/3/9 19:40,建议先买个电动牙刷,0
2025/3/9 19:43,[大笑],0
2025/3/9 19:44,买俩馒头，先垫垫,0
2025/3/9 19:45,喷不了，这个是真有钱[看],1
2025/3/9 19:48,先转给我,0
2025/3/9 19:49,买个大乐透吧,0
2025/3/9 19:49,买支烟,0
2025/3/9 19:53,先买瓶大的国窖,0
2025/3/9 19:53,先来包辣条吧,0
2025/3/9 19:55,先活下来,0
2025/3/9 19:56,先买个桶面[捂脸][捂脸],0
2025/3/9 19:58,不急，不急，再慎重考虑下,0
2025/3/9 19:59,先睡觉[捂脸],0
2025/3/9 20:02,先睡觉,0
2025/3/9 20:03,先买个馒头再买瓶水[泪奔],0
2025/3/9 20:04,@椰魚.,0
2025/3/9 20:07,能买袋卫龙辣条了[黑脸][强壮],0
2025/3/9 20:08,先买小老??,1
2025/3/9 20:09,先睡觉，梦里啥都买得起,0
2025/3/9 20:09,零钱通里买车，零钱里的买房,0
2025/3/9 20:10,"雷军的商业思维太强大了，先不说把握风口光是找到风口就够大多数人学了
早期中国市场的电脑系统，杀毒软件，游戏领域，到后面的移动网络移动电话，到现在的低价格高质量，科技是用来服务人民不是榨取人民，融入人民，掌握民心",0
2025/3/9 20:11,先睡觉，梦里啥都有，醒来钱还有,0
2025/3/9 20:11,一亿美金输光了算了，雷总你不是爽文第一男主，第一男主没你爽,1
2025/3/9 20:12,先想好怎么养活自己,0
2025/3/9 20:13,先睡觉,0
2025/3/9 20:13,买彩票吧,0
2025/3/9 20:13,先买馒头,0
2025/3/9 20:14,先活着[尬笑],0
2025/3/9 20:15,先买支烟顶顶吧[捂脸][捂脸][捂脸],0
2025/3/9 20:17,真有节目[看][强壮],0
2025/3/9 20:17,先买馍吧,0
2025/3/9 20:18,买卫生巾都费劲,1
2025/3/9 20:18,买小米，能吃那种[捂脸],0
2025/3/9 20:21,先买彩票,0
2025/3/9 20:22,40亿。。。“一亿美金输光了算了”，可以说五次[九转大肠][九转大肠][九转大肠][九转大肠][九转大肠],1
2025/3/9 20:24,玩具车便宜啊，玩具房太贵了,0
2025/3/9 20:25,先买个煎饼吃吃,0
2025/3/9 20:25,先吃饱,0
2025/3/9 20:25,哈哈哈,0
2025/3/9 20:28,买根淀粉肠得了吧,1
2025/3/9 20:29,听我的，买大乐透，运气好的话什么都有了[看],0
2025/3/9 20:30,买个彩票,0
2025/3/9 20:33,买个绳子[看]要买个结实点儿的。,1
2025/3/9 20:33,@蘑菇蘑菇??,0
2025/3/9 20:35,先买桶泡面?香肠吧[泣不成声],0
2025/3/9 20:37,买根淀粉肠吧,0
2025/3/9 20:38,一起买，会好起来的[呲牙],0
2025/3/9 20:48,全买。无压力,0
2025/3/9 20:54,先买彩票，中不中不重要，主要有买，钱花完了就没事了[菜狗],1
2025/3/9 20:54,@黄三石,0
2025/3/9 20:55,一样一样办它,1
2025/3/9 20:55,先买酒  睡着了就都有了[尬笑],0
2025/3/9 20:56,先买车。只需要一根火柴。大红车包邮到家。[尬笑][尬笑][灵机一动],0
2025/3/9 20:56,先睡觉，梦里啥都有,0
2025/3/9 20:57,@凋零 买车还是买房[暗中观察],0
2025/3/9 20:57,买俩塑料模型玩具[看],0
2025/3/9 20:57,这玩意儿居然给你买了一万多流量,1
2025/3/9 20:58,@??李李子??,0
2025/3/9 20:59,[看][看]可以买个模型车,0
2025/3/9 21:00,零钱通买车，零钱买房[捂脸],0
2025/3/9 21:00,@玉米排骨汤,0
2025/3/9 21:02,给老辈子买点房车寄过去,0
2025/3/9 21:03,@一米五七的小矮子,1
2025/3/9 21:04,买点花生米耍耍,0
2025/3/9 21:07,先吃饭,0
2025/3/9 21:08,先活下来[捂脸],0
2025/3/9 21:09,买包辣条得了,0
2025/3/9 21:10,[捂脸],0
2025/3/9 21:10,《确实挺社恐》[白眼],1
2025/3/9 21:10,买车,0
2025/3/9 21:11,要不先好好挣点儿钱呢？,0
2025/3/9 21:12,先买张彩票吧,0
2025/3/9 21:18,@罗密欧与猪硬来,1
2025/3/9 21:18,拿着这个钱先买个车在买个房子[尬笑],0
2025/3/9 21:19,先买砖?? 一点一点盖,0
2025/3/9 21:19,先买纸,0
2025/3/9 21:21,先買杯蜜雪冰城喝喝[尬笑],0
2025/3/9 21:23,好巧，跟我的余额一模一样哎,0
2025/3/9 21:23,先买水把自己浇醒。[流泪],0
2025/3/9 21:27,先记得把先用后付关了！,0
2025/3/9 21:27,原来他还总是刷抖音之类的。不然怎么知道自己爽文第一男主角，上帝为他关闭了哪一扇窗,1
2025/3/9 21:28,超市换一个硬币坐一次摇摇车让自己清醒一下,0
2025/3/9 21:30,买个烤芍皮吃吃吧，好吃,0
2025/3/9 21:30,@小陸,0
2025/3/9 21:30,@喵.,0
2025/3/9 21:31,辣条也行,0
2025/3/9 21:33,先买彩票吧,0
2025/3/9 21:38,买个棒棒糖，偷着乐就行,0
2025/3/9 21:39,@G .,0
2025/3/9 21:40,@请叫我小宝～,0
2025/3/9 21:41,@Renaissance,0
2025/3/9 21:42,买点抖加吧,0
2025/3/9 21:43,买彩票[呲牙],0
2025/3/9 21:44,先v我五块吃碗热干面吧[看],0
2025/3/9 21:45,别说一亿美金了，我就是一万欢乐豆输光了我都心痛[流泪],0
2025/3/9 21:47,先奶馒头吧,0
2025/3/9 21:49,先卖自己,1
2025/3/9 21:50,买个稀饭配馒头,0
2025/3/9 21:50,说不定人家的钱不在微信哦,0
2025/3/9 21:50,先买饭,0
2025/3/9 21:53,[捂脸][捂脸][捂脸][捂脸],0
2025/3/9 21:54,先活着[送心],0
2025/3/9 21:54,先醒醒[捂脸],0
2025/3/9 21:56,哈哈哈哈哈哈,0
2025/3/9 21:57,先睡觉,0
2025/3/9 21:58,雷总把1亿美金给我，就当你输光了，让你也尝尝失败的滋味[流泪],1
2025/3/9 21:58,买2个馒头吧,0
2025/3/9 21:59,买馒头[尬笑],0
2025/3/9 22:02,中国历史都难以相信，小米从一个卖手机的，卖着卖着卖到了五十多万的汽车去了[捂脸][赞][赞],0
2025/3/9 22:06,就跟我小时候纠结清华北大一样,0
2025/3/9 22:07,买个套创业[发怒],1
2025/3/9 22:08,如果是纸的，我建议都入了，反正还能吃一顿差的,1
2025/3/9 22:11,先买流量,1
2025/3/9 22:12,花8块钱买个抖音钻石给我刷礼物我开直播肝损伤,1
2025/3/9 22:13,先活着,0
2025/3/9 22:13,先买根烤肠[看],0
2025/3/9 22:15,先买菜,0
2025/3/9 22:16,先转给我过度一下,0
2025/3/9 22:18,先买两包泡面吧,0
2025/3/9 22:18,先下楼买一包魔芋爽,0
2025/3/9 22:20,先睡一觉[泪奔],0
2025/3/9 22:22,买彩票[呲牙][看],0
2025/3/9 22:24,先吃饭吧[流泪],0
2025/3/9 22:24,先睡一觉,0
2025/3/9 22:26,买个棒棒糖??,0
2025/3/9 22:27,@诗怀瑾,0
2025/3/9 22:27,先买米,0
2025/3/9 22:27,雷军就是中国的乔布斯，不对就是中国的雷军，美国的乔布斯[小鼓掌],0
2025/3/9 22:29,先买俩馒头吧,0
2025/3/9 22:32,都买了,0
2025/3/9 22:34,买房，车子是消费品,0
2025/3/9 22:34,买个丝袜[暗中观察],0
2025/3/9 22:34,先睡觉吧 啥都有,0
2025/3/9 22:35,买个塑料袋套头上体验一下高原缺氧的感觉[九转大肠],1
2025/3/9 22:38,先买个优惠券,0
2025/3/9 22:39,买个糖吃吧 生活太苦了[看],0
2025/3/9 22:41,买碗武汉热干面吃一碗顶一天[灵机一动],0
2025/3/9 22:43,我可以50块吗,0
2025/3/9 22:43,50万我会买？？,1
2025/3/9 22:45,先买铁碗,0
2025/3/9 22:45,先嫁人,1
2025/3/9 22:47,买彩票,0
2025/3/9 22:52,先买个油条吧兄弟，可以的话，加个豆浆,0
2025/3/9 22:53,都买吧 别纠结啦[抠鼻],0
2025/3/9 22:55,买一支烟??压压惊[泣不成声],0
2025/3/9 22:56,买车又买楼，富贵又荣华[呲牙],0
2025/3/9 22:57,@aiY,0
2025/3/9 22:57,你不是已经有两套房了嘛 左心房和右心房,1
2025/3/9 22:57,先买包烟[机智],0
2025/3/9 22:58,笑死我了,0
2025/3/9 22:58,一起买。听我的没错。全部都零首付买[赞],0
2025/3/9 22:58,先睡一觉,0
2025/3/9 23:00,@请叫我皮皮吧 @L大哥,0
2025/3/9 23:01,买盐吧，能撑好几年,0
2025/3/9 23:04,先睡觉[呲牙],0
2025/3/9 23:05,先睡,0
2025/3/9 23:07,先吃个手抓饼吧,0
2025/3/9 23:07,你不饿啊[捂脸],0
2025/3/9 23:07,@??,0
2025/3/9 23:09,买拼好饭[送心][送心][送心],0
2025/3/9 23:09,先买个馒头咸菜,0
2025/3/9 23:09,零钱买房，零钱通买车[看],0
2025/3/9 23:13,先买个肉夹馍??,0
2025/3/9 23:14,都转给我吧,0
2025/3/9 23:14,买两包辣条吸,0
2025/3/9 23:15,买张彩票吧，花完了就死心了。,1
2025/3/9 23:15,先做梦，因为梦里面车子房子都有了[看],0
2025/3/9 23:18,先买床[灵机一动],0
2025/3/9 23:18,@Yes yes,0
2025/3/9 23:18,@大梦想家(?ì _ í?),0
2025/3/9 23:19,一起买又不是没那实力，毕竟零钱跟零钱通都有余额[耶],0
2025/3/9 23:19,先给我[憨笑][憨笑],0
2025/3/9 23:20,还是买桶泡面先吧,0
2025/3/9 23:21,有人说一个月一万工资也要四年才能买得起，换个说法:这个车是唯一一个你奋斗四年就能买的起的跑车[看],0
2025/3/9 23:21,明天早餐吃什么？,0
2025/3/9 23:21,先买梦想吧,0
2025/3/9 23:22,先买双色球吧[捂脸],0
2025/3/9 23:23,下楼新天地买包泡面吧孩子,0
2025/3/9 23:23,@飞飞鱼,0
2025/3/9 23:23,@lilili @糯糯熊??,0
2025/3/9 23:25,买??,0
2025/3/9 23:25,先脱贫吧[九转大肠],0
2025/3/9 23:25,车房都买够了[比心][赞],0
2025/3/9 23:26,@_0829 [泪奔][泪奔],0
2025/3/9 23:27,先买个彩票,0
2025/3/9 23:29,先买桶泡面吧,0
2025/3/9 23:30,[你不大行][你不大行],1
2025/3/9 23:32,零首付，两个一起上[看],1
2025/3/9 23:32,@箴言 先买枕头,0
2025/3/9 23:35,一起买了,0
2025/3/9 23:35,你纠结有点多余,0
2025/3/9 23:36,车房一起买,0
2025/3/9 23:37,@戒掉吃饭,1
2025/3/9 23:37,零钱买房，零钱通买车呗[看],0
2025/3/9 23:37,[笑哭][笑哭][笑哭][笑哭],0
2025/3/9 23:37,饭都只能吃拼好饭,0
2025/3/9 23:37,@幸福驴肉薄饼 [干饭人],0
2025/3/9 23:37,先坐地铁回家[捂脸],0
2025/3/9 23:38,哈哈哈哈,0
2025/3/9 23:39,@芷妩 [尬笑][尬笑][尬笑][尬笑],0
2025/3/9 23:40,先买彩票[灵机一动],0
2025/3/9 23:41,买包辣条,0
2025/3/9 23:42,@?  ′? ? `? ? [泪奔][泪奔][泪奔]这个评论区笑死我了,0
2025/3/9 23:43,@Puffroll,0
2025/3/9 23:44,先买米,0
2025/3/9 23:45,买个泡面吧,0
2025/3/9 23:46,啊哈哈哈哈哈,0
2025/3/9 23:46,跟我小时候想到时候考清华还是北大的纠结差不太多[赞],0
2025/3/9 23:48,先买糖先甜一定先甜,0
2025/3/9 23:49,就买一碗豆浆吧，因为你倒不起另外一碗,1
2025/3/9 23:50,@k,0
2025/3/9 23:50,@21崽 @??,0
2025/3/9 23:51,@Asgjkl,0
2025/3/9 23:51,西北风不要钱[捂脸],0
2025/3/9 23:51,买俩个馒头，先填饱肚子,0
2025/3/9 23:53,买个玩具[捂脸],0
2025/3/9 23:53,先买馒头,0
2025/3/9 23:54,共享单车啊,0
2025/3/9 23:56,@已有月亮,0
2025/3/9 23:58,@??薯条今天吃薯条了吗,0
2025/3/9 23:59,先买包魔芋爽回老家拌饭吧,0
2025/3/10 0:01,比我多[呆无辜],0
2025/3/10 0:01,先贷款[灵机一动],0
2025/3/10 0:02,[泣不成声]怎么也比我多,1
2025/3/10 0:03,买烟,0
2025/3/10 0:06,先买包辣条吧,0
2025/3/10 0:07,我先买房[泣不成声],0
2025/3/10 0:08,哈哈哈哈哈哈哈哈,0
2025/3/10 0:08,可以买几个馒头,0
2025/3/10 0:13,买两个馒头回家啃[看],0
2025/3/10 0:14,先买根淀粉肠,0
2025/3/10 0:17,先买个彩票吧[看],0
2025/3/10 0:18,吃个牛肉面吧,0
2025/3/10 0:18,买房车啊，纠结什么，小孩子才做选择[泪奔],0
2025/3/10 0:19,先……….先帝创业未半而中道崩殂[泣不成声],0
2025/3/10 0:21,先买包纸巾哭一会，然后努力赚钱，以后啥都有的[赞]加油，兄弟,0
2025/3/10 0:24,要不买杯蜜雪冰城在考虑,0
2025/3/10 0:27,先把肚子填饱不要想别的,0
2025/3/10 0:29,@xxz,0
2025/3/10 0:30,先睡吧[暗中观察],0
2025/3/10 0:33,都吃不饱[捂脸],0
2025/3/10 0:35,有  .  纠结是对的,0
2025/3/10 0:37,先买彩票吧[捂脸],0
2025/3/10 0:38,买隆江猪脚饭越吃越浪漫？,0
2025/3/10 0:38,先买颗棒棒糖吧[抱抱你][抱抱你],0
2025/3/10 0:42,还是先买小米锅巴吧,0
2025/3/10 0:42,先买个包子吧,0
2025/3/10 0:43,@菠萝吹雪.,0
2025/3/10 0:43,车子只是代步工具，房子只是临时港湾，坟墓才是归宿，听哥的先买坟墓[呲牙]。,0
2025/3/10 0:44,哈哈哈,0
2025/3/10 0:58,还是买个高点枕头吧！容易做美梦[看],0
2025/3/10 1:01,五块钱的蛋挞都差三块八毛一[捂脸][捂脸],0
2025/3/10 1:04,先买瓶莎普爱思,0
2025/3/10 1:05,先买碗泡面吃吧 别饿着了,0
2025/3/10 1:09,先买个老婆饼吧，把饼吃了，至少有个老婆了[机智],0
2025/3/10 1:11,买个蛋黄酥，把蛋吃了，就有黄色酥妻了,0
2025/3/10 1:12,买一板棒棒糖吧，觉得生活苦的时候来上一个，能坚持好久,0
2025/3/10 1:13,买一注双色球应该问题不大,0
2025/3/10 1:24,建议零钱通的买颗糖果怕低血糖7块钱回家买水费[捂脸],0
2025/3/10 1:25,菜都吃不起了[笑哭],0
2025/3/10 1:26,@淘淘??,0
2025/3/10 1:28,先买两包泡面吃,0
2025/3/10 1:34,好好生活,0
2025/3/10 1:38,用零钱买房，零钱通买车！,0
2025/3/10 1:45,八块钱可以吃一碗猪霸王的番茄拌面[看],0
2025/3/10 1:48,全款买个车，剩下的再分个期买房！,0
2025/3/10 1:52,先买防窥屏,0
2025/3/10 1:56,先睡觉[泪奔],0
2025/3/10 2:04,先买个包子吃下了，不然饿的低血糖容易出现幻觉……[捂脸],0
2025/3/10 2:05,先买顿拼好饭吧,0
2025/3/10 2:09,楼下村口买个土豆饼[比心]好吃！,0
2025/3/10 2:11,@柠檬椰果养乐多 @0606,0
2025/3/10 2:16,[泪奔][泪奔][泪奔],0
2025/3/10 2:23,留着坐等吃利息,0
2025/3/10 2:26,先和我约会,0
2025/3/10 2:29,转给我  买个教训吧[泪奔][泪奔][泪奔],0
2025/3/10 2:32,没事哒~拼好饭吃多的后遗症[微笑],0
2025/3/10 2:44,@Ⅱ [泪奔],0
2025/3/10 3:10,哈哈哈哈哈哈哈,0
2025/3/10 4:03,先转我[你不大行],1
2025/3/10 4:07,买盒火柴吧,1
2025/3/10 4:09,买车 出门右转超市门口买两个币去摇去开[我想静静],0
2025/3/10 4:19,还剩1.98先买我吧 [泪奔][泪奔][泪奔],0
2025/3/10 4:26,先睡会  梦里啥也有,0
2025/3/10 4:34,@听海岸 @渝欢 @Tracy? [捂脸],0
2025/3/10 4:53,先活着[捂脸],0
2025/3/10 5:06,先买一杯蜜雪冰城,0
2025/3/10 5:12,先买个棒棒糖,0
2025/3/10 5:22,先想想明天早饭吃什么吧[捂脸],0
2025/3/10 5:26,先活着,0
2025/3/10 5:50,先睡觉，毕竟睡着了梦里啥都有[捂脸],0
2025/3/10 5:58,买桶泡面加个蛋吧,0
2025/3/10 6:13,吃个包子先,0
2025/3/10 6:23,先买盒烟，想想[捂脸],0
2025/3/10 6:35,先买彩票,0
2025/3/10 6:38,先买个彩票吧，搏一搏,0
2025/3/10 6:49,你这种情况，和马云心态一样的，都无所谓的[看][看][看],0
2025/3/10 7:02,买房车[看],0
2025/3/10 7:07,抽了飘飘欲仙什么都有了是么[憨笑][奸笑],1
2025/3/10 7:10,先买根棒棒糖,0
2025/3/10 7:22,这车明显有变道的倾向，雷总开车少能理解[捂脸],0
2025/3/10 7:25,8快可能不够快餐最便宜都要12[流泪],0
2025/3/10 7:27,去楼下给我买个鸡蛋灌饼,0
2025/3/10 7:32,先打工,0
2025/3/10 7:35,先买5个馒头，一瓶大水，可以吃两天了[尬笑],0
2025/3/10 7:45,买把挂面嘛，可以吃好久,0
2025/3/10 7:46,先买馒头垫一下,0
2025/3/10 7:47,不 先买棒棒糖,0
2025/3/10 7:49,先买个好点的枕头，晚上早点睡[机智],0
2025/3/10 7:51,矿泉水有卖 1 块的么？[灵机一动],0
2025/3/10 7:57,先睡觉,0
2025/3/10 8:00,先买个1块的馒头先,0
2025/3/10 8:01,先脱贫吧[捂脸],0
2025/3/10 8:03,买个充电器充电吧,0
2025/3/10 8:03,先买碳酸饮料吧，有气还能顶顶饱,0
2025/3/10 8:04,先买个肉夹馍,0
2025/3/10 8:06,先买钱,1
2025/3/10 8:14,@蜡笔小鑫. @黑椒柳柳 哈哈哈哈哈哈,0
2025/3/10 8:15,先买菜吧,0
2025/3/10 8:17,能买饭吧！ 虽然吃不饱但是饿不死[看],0
2025/3/10 8:18,一起买[看],0
2025/3/10 8:20,@我才不困呢 @玊小羊,0
2025/3/10 8:21,@笑死,0
2025/3/10 8:22,先买药,0
2025/3/10 8:22,先睡觉吧[暗中观察],0
2025/3/10 8:22,@妮饱饱 笑死[捂脸],0
2025/3/10 8:24,先醒醒[捂脸],1
2025/3/10 8:25,先买馍馍吧,0
2025/3/10 8:25,先醒醒,1
2025/3/10 8:25,买俩馒头吧,0
2025/3/10 8:27,@青椒炒肉 [捂脸][捂脸][捂脸][捂脸],0
2025/3/10 8:27,买命,1
2025/3/10 8:29,先买彩票,0
2025/3/10 8:36,买个三轮模型吧,1
2025/3/10 8:37,当然买房呀。车你给我买就好啦。,0
2025/3/10 8:38,买个套吧，有可能就能套到大款，有可能车也有了，房也有了,1
2025/3/10 8:44,可以买米[尬笑]回来自己煮,0
2025/3/10 8:45,先睡觉吧,0
2025/3/10 8:47,买车[呲牙],0
2025/3/10 8:51,先买燕京U8,0
2025/3/10 8:52,全部买大乐透为你准备一组号码[呲牙],0
2025/3/10 8:54,买包辣条,0
2025/3/10 8:54,先贷款[捂脸],0
2025/3/10 8:55,先买个包子,0
2025/3/10 8:56,先买包辣条吧,0
2025/3/10 8:58,先充电吧，快没电了,0
2025/3/10 8:59,当亿用了呀,0
2025/3/10 9:00,先买早餐,0
2025/3/10 9:03,先买饭@??就是这个轩??,0
2025/3/10 9:04,先从梦里醒来[泪奔],0
2025/3/10 9:10,先睡觉,0
2025/3/10 9:14,@林雨不打伞 @依旧那么甜,0
2025/3/10 9:21,先去睡觉,0
2025/3/10 9:22,能买个馒头,0
2025/3/10 9:24,先买颗糖，苦了谁都不能苦了自己,0
2025/3/10 9:25,先买点馍吧[九转大肠],0
2025/3/10 9:26,先买2斤米吧 喝稀饭可以吃好久咯,0
2025/3/10 9:28,先买根棒棒糖??,0
2025/3/10 9:28,我都有，我养你[摸头],0
2025/3/10 9:31,先买早餐吧！,0
2025/3/10 9:31,先买眼罩，梦里啥都有,0
2025/3/10 9:34,雷子预判不够啊，右边明显有面包车，自己要么加速过或者减速[看],0
2025/3/10 9:35,都买,0
2025/3/10 9:35,辣条吧，提提神,0
2025/3/10 9:36,先买二锅头。梦里什么都有。,0
2025/3/10 9:36,先买个枕头,0
2025/3/10 9:37,为什么刷不到那个迈巴赫车主了,0
2025/3/10 9:39,先买瓶水吧[看][看][看],0
2025/3/10 9:40,先买棒棒糖吧,0
2025/3/10 9:42,先洗脚啊,0
2025/3/10 9:42,你听我的先买个充电器[躺平]不然你可能比饿了和冷了更没有安全感,0
2025/3/10 9:45,先买包纸，不然哭的时候没啥擦脸[看],1
2025/3/10 9:45,买彩票[舔屏],0
2025/3/10 9:45,先投资,0
2025/3/10 9:46,@小黑土,0
2025/3/10 9:47,先生存[捂脸],0
2025/3/10 9:48,反正买不买都没钱 所以都买吧先享受[捂脸],0
2025/3/10 9:49,那我肯定买烟，买包 8 块红梅抽两天。还可以买一个河南牌的馒头爽歪歪,1
2025/3/10 9:53,先睡觉,0
2025/3/10 9:58,只有尊重我的人才配挣我的钱[微笑],0
2025/3/10 9:58,成年人不做选择，都买,0
2025/3/10 10:04,先买个饼子吃饱再来[流泪],0
2025/3/10 10:04,先睡一觉，梦里啥都有[灵机一动],0
2025/3/10 10:10,先活着[捂脸],0
2025/3/10 10:11,先坐个公交车回家饿着,0
2025/3/10 10:12,先买张纸,0
2025/3/10 10:14,@:),0
2025/3/10 10:14,先买票吧,0
2025/3/10 10:20,先买彩票,0
2025/3/10 10:20,先买药，吃了好睡觉。,0
2025/3/10 10:23,先睡觉吧[看],0
2025/3/10 10:24,先买包盐在考虑,0
2025/3/10 10:24,先买包烟,0
2025/3/10 10:26,先买包卫生巾[偷笑],1
2025/3/10 10:27,先活着，兄弟,0
2025/3/10 10:29,买彩票,0
2025/3/10 10:29,先吃饭吧，不然没力气买房,0
2025/3/10 10:31,先考虑中午吃什么吧,0
2025/3/10 10:32,先买馒头[微笑],0
2025/3/10 10:32,先吃泡面吧[尬笑],0
2025/3/10 10:40,先卖,0
2025/3/10 10:40,先活着,0
2025/3/10 10:41,先买张彩票,0
2025/3/10 10:43,买个手抓饼??吧,0
2025/3/10 10:43,先买??[笑哭],0
2025/3/10 10:45,买个玩具??吧,0
2025/3/10 10:46,先吃根棒棒糖,0
2025/3/10 10:46,先买瓶水[尬笑],0
2025/3/10 10:46,[捂脸][捂脸][捂脸],0
2025/3/10 10:53,先睡觉，梦里啥都有,0
2025/3/10 10:54,先买杯蜜雪冰城喝着~[你不大行]再慢慢想,1
2025/3/10 10:54,[宕机],0
2025/3/10 10:56,先买馒头,0
2025/3/10 10:58,买一包榨菜配馒头吧[看][看],0
2025/3/10 10:58,先活着,0
2025/3/10 11:03,拼好饭都吃不起[噢买尬],0
2025/3/10 11:09,先买个麻辣烫[捂脸],0
2025/3/10 11:12,说实话 他说那么多 我就记住了防晒,0
2025/3/10 11:13,先睡觉,0
2025/3/10 11:14,可以先去买柱香,1
2025/3/10 11:16,先去领证，找个优秀的女朋友，跟着她房车都有了，你刚好有9块[不失礼貌的微笑][不失礼貌的微笑][不失礼貌的微笑],0
2025/3/10 11:16,先买一片创可贴！,0
2025/3/10 11:19,先买杯咖啡醒醒,0
2025/3/10 11:21,买房车,0
2025/3/10 11:23,先买个盆 去桥下[黑脸],1
2025/3/10 11:24,先上班吧,0
2025/3/10 11:24,先活着,0
2025/3/10 11:26,买包方便面,0
2025/3/10 11:26,@@雯雯吖,0
2025/3/10 11:27,先做梦[流泪],0
2025/3/10 11:27,[捂脸],0
2025/3/10 11:27,先买两瓶冰红茶[憨笑],0
2025/3/10 11:29,关键点：我们躲得很漂亮，跟领导说话的艺术啊[尬笑][尬笑][尬笑],0
2025/3/10 11:29,先吃饭,0
2025/3/10 11:29,这点钱可以买特斯拉百分之51股份了,0
2025/3/10 11:30,我知道你很着急，但是你先别急[泪奔],0
2025/3/10 11:31,@不周,0
2025/3/10 11:32,先挂号,0
2025/3/10 11:34,@心动小柚子,0
2025/3/10 11:37,先买蜜雪冰城甜蜜蜜,0
2025/3/10 11:37,jin,0
2025/3/10 11:37,个人建议先买保险，,0
2025/3/10 11:37,先买馒头[捂脸],0
2025/3/10 11:39,先买点退烧药,0
2025/3/10 11:46,买瓶爽歪歪爽爽算了,0
2025/3/10 11:47,先买辣条[比心],0
2025/3/10 11:47,[捂脸][捂脸][捂脸],0
2025/3/10 11:52,先睡个好觉,0
2025/3/10 11:54,先别买[快哭了],0
2025/3/10 11:54,炸酱面6块钱还是能买的,0
2025/3/10 11:55,这有点像我@iooi,0
2025/3/10 11:58,几百万的体验几分之一的价格[捂脸],0
2025/3/10 11:59,先买房吧，去搅拌站先买点搅拌好的水泥存着,0
2025/3/10 12:00,你这买包红南京都费劲[尬笑],1
2025/3/10 12:05,买包辣条吃吃吧,0
2025/3/10 12:05,@帅帅的,0
2025/3/10 12:14,买包魔芋爽 爽一下,0
2025/3/10 12:14,先买一罐啤酒再慢慢想,0
2025/3/10 12:14,[灵机一动]我借你点你要多少,0
2025/3/10 12:14,先睡觉,0
2025/3/10 12:17,先买碗[看],0
2025/3/10 12:18,先呼吸[玫瑰],0
2025/3/10 12:18,[捂脸][捂脸],0
2025/3/10 12:18,@下次懿定?? 哈哈哈哈哈哈,0
2025/3/10 12:19,先买个枕头吧，晚上睡觉垫高点[流泪][流泪][流泪],0
2025/3/10 12:21,买饭也挺难的[捂脸],0
2025/3/10 12:26,先睡觉,0
2025/3/10 12:26,先醒醒,1
2025/3/10 12:27,@伍陆柒|视觉表现 哈哈哈哈哈哈,0
2025/3/10 12:28,先买辣条[看],0
2025/3/10 12:29,你这种余额是怎么会遇到这种烦恼的[黑脸],1
2025/3/10 12:31,先醒醒[看],0
2025/3/10 12:35,[宕机][宕机],1
2025/3/10 12:35,说实话定一个高价起码能避免百分之五十的事故[捂脸],0
2025/3/10 12:37,还是先挣钱吧[泪奔],0
2025/3/10 12:38,还是先看看吧,0
2025/3/10 12:38,先买彩票,0
2025/3/10 12:38,先睡觉,0
2025/3/10 12:39,@茜茜 哈哈哈,0
2025/3/10 12:40,给我存着[感谢],0
2025/3/10 12:41,你先买个面包吃饱了,0
2025/3/10 12:42,哈哈哈哈哈哈，先睡觉，梦里都有[看][看][看],0
2025/3/10 12:43,怎么用你教教？,0
2025/3/10 12:45,先买个清醒,1
2025/3/10 12:46,朋友：你的意思是你的车自己去上班了，一个月4500回来还是新车是吗[微笑],0
2025/3/10 12:47,@诱惑牛爷爷cos女仆翻跟斗,0
2025/3/10 12:48,先买个亏吃吃，吃亏是福,0
2025/3/10 12:52,@A久保田山猫销售小彭(泉州莆田),0
2025/3/10 12:53,兄弟買兩個饅頭吧，你這個做輕軌都不夠的[看],0
2025/3/10 12:54,先活下去[看],0
2025/3/10 12:54,7+1再+1=9先买9,0
2025/3/10 12:55,一起买吧,0
2025/3/10 13:01,你这零钱通里的钱收益高的可怕吧，一天的收益就可以买房了,1
2025/3/10 13:01,先买彩票,0
2025/3/10 13:04,先买个馒头填填肚子,0
2025/3/10 13:05,财神相送都送不进啊，好歹也留个彩票钱[捂脸][捂脸][捂脸],0
2025/3/10 13:09,先挂号(搞抽象无恶意[流泪]),0
2025/3/10 13:13,事已至此，先吃饭吧,0
2025/3/10 13:19,买泡面吧，还能吃两顿,0
2025/3/10 13:20,先睡觉吧[捂脸],0
2025/3/10 13:20,先买杯蜜雪冰城大圣代吧,0
2025/3/10 13:23,@月亮很亮??,0
2025/3/10 13:24,买水都只能买冰露,0
2025/3/10 13:24,我有一个问题就是如果没有停车位，但是有停车空地，它也可以自动泊车吗？,0
2025/3/10 13:25,先买套煎饼果子～,0
2025/3/10 13:26,已经全款买下 没靠父母,0
2025/3/10 13:26,买个彩票,0
2025/3/10 13:27,先买坟，最终的归宿只有一个地方,1
2025/3/10 13:28,[捂脸],0
2025/3/10 13:28,先买药[泪奔],0
2025/3/10 13:30,先买俩馒头撑两天吧[尬笑],0
2025/3/10 13:30,一个自选快餐10元最低的都买不起，还是买点水,0
2025/3/10 13:30,你把钱发我，我到处跟别人说你买车买房了,1
2025/3/10 13:31,先睡觉，梦里啥都有[捂脸],0
2025/3/10 13:34,一起买[偷笑],0
2025/3/10 13:34,先买饼,0
2025/3/10 13:35,@求求转运吧 @陈米子,0
2025/3/10 13:36,先买肠,0
2025/3/10 13:36,买厕纸,0
2025/3/10 13:37,@战战会发财??,0
2025/3/10 13:40,先买碗,0
2025/3/10 13:41,先买一副墨镜。,0
2025/3/10 13:41,先睡吧[灵机一动],0
2025/3/10 13:42,@哦莫女士发大财,0
2025/3/10 13:42,@某意系,1
2025/3/10 13:46,先等等,0
2025/3/10 13:48,你可以考虑一下买个彩票呗,0
2025/3/10 13:48,先买个蜜雪冰城吧,0
2025/3/10 13:48,不买吃鸡腿，买了米都快吃不起了,0
2025/3/10 13:49,先归零把[呲牙],0
2025/3/10 13:54,买车吧人生永远在路上,0
2025/3/10 13:56,先买个一瓶奶茶[呲牙],0
2025/3/10 13:56,先活着[宕机],0
2025/3/10 13:57,先买个盆吧，路边一放，相信不久就会有钱的了[呲牙],1
2025/3/10 13:59,先睡觉，梦里啥都有,0
2025/3/10 14:00,零钱买房，零钱通买车,0
2025/3/10 14:01,[黑脸]先买彩票 房车都有了,0
2025/3/10 14:02,买个碗，然后到一个繁华的街道坐地上，把碗放地上，然后等待就好了,1
2025/3/10 14:02,先买糖[大笑],0
2025/3/10 14:02,买瓶饮料[抠鼻],0
2025/3/10 14:03,没得住就先买房，有的住就先买车[看],0
2025/3/10 14:04,零钱买车，零钱通买房，你可以的,0
2025/3/10 14:05,@u梨,0
2025/3/10 14:07,先买个小馒头。千万记住，别买肉包子。,0
2025/3/10 14:08,雷总，我想骑摩托,0
2025/3/10 14:13,去楼下小卖部买两包魔芋爽先爽了再说[微笑],0
2025/3/10 14:15,先买药,0
2025/3/10 14:18,买个热干面吃吧 配个鸡蛋??,0
2025/3/10 14:24,先买点吃的,0
2025/3/10 14:27,买两包魔芋爽得了,0
2025/3/10 14:27,买双手套去搬砖,0
2025/3/10 14:27,先买块地,0
2025/3/10 14:27,先纠结着，车和房纠结完了再说,0
2025/3/10 14:31,有没有大佬快开户啊？,0
2025/3/10 14:35,今晚早点睡,0
2025/3/10 14:36,先卖血[尬笑],1
2025/3/10 14:40,先睡觉[看],0
2025/3/10 14:41,先买米,0
2025/3/10 14:42,@喜起??,0
2025/3/10 14:42,农夫山泉都差几毛呢,1
2025/3/10 14:43,要不先买个彩票，房车都有了,0
2025/3/10 14:45,买了两包魔芋爽，爽一下得了,0
2025/3/10 14:46,先睡觉[看],0
2025/3/10 14:51,先活着,0
2025/3/10 14:52,扫个共享都费劲,0
2025/3/10 14:53,先卖掉手机,1
2025/3/10 14:56,买一注大乐透3倍追加，中了朋友都得气死[捂脸],0
2025/3/10 14:56,买根烟抽抽吧,0
2025/3/10 15:01,[九转大肠]先买彩票赌一把,0
2025/3/10 15:03,@狂踹瘸子好腿,1
2025/3/10 15:05,@南宁点子哥「企业服务」,0
2025/3/10 15:08,先贷款,1
2025/3/10 15:08,都别买了，多喝热水吧,1
2025/3/10 15:09,买包烟,0
2025/3/10 15:11,先买个馒头[黑脸],0
2025/3/10 15:12,买彩票,0
2025/3/10 15:13,先喝水,0
2025/3/10 15:15,买饭不够，只够吃碗重庆小面,0
2025/3/10 15:19,雷总真大方 竟然把中间扶手让给副驾,0
2025/3/10 15:19,先买醉，喝多了啥都有[赞],0
2025/3/10 15:20,@橙子味??,0
2025/3/10 15:24,先找块地方挖个坑[捂脸],1
2025/3/10 15:25,@伊吾安 ? ? ? ? ? ? ? @?? 先买饭,0
2025/3/10 15:26,一碗饭对你来说固然重要，但是一瓶水才是现实[捂脸][捂脸][捂脸],0
2025/3/10 15:27,拼好饭??,0
2025/3/10 15:29,先冲流量吧,1
2025/3/10 15:30,零钱通里的那两个子还不如利率？,0
2025/3/10 15:30,先买一个小一点的房子，再买一个小米su7低配版。将就用半年先。,0
2025/3/10 15:32,再凑1块，买张刮刮乐吧，万一呢[流泪],0
2025/3/10 15:32,先活着,0
2025/3/10 15:33,先贷款吧,0
2025/3/10 15:34,先买彩票,0
2025/3/10 15:37,先睡觉,0
2025/3/10 15:37,先睡觉吧,0
2025/3/10 15:38,买个泡面+个香肠,0
2025/3/10 15:39,家里找个坑钻进去,1
2025/3/10 15:40,什么都不买,0
2025/3/10 15:42,先买个工位上班[捂脸],0
2025/3/10 15:43,先买药[泪奔],0
2025/3/10 15:43,还是先吃饭吧,0
2025/3/10 15:45,哈哈哈哈,0
2025/3/10 15:46,先睡觉   梦里啥都有,0
2025/3/10 15:48,先活着吧[捂脸],0
2025/3/10 15:51,可以买点面饼加一袋盐,0
2025/3/10 15:52,下楼买包魔芋爽 爽爽得了[不失礼貌的微笑],0
2025/3/10 15:52,建议继续纠结[捂脸],0
2025/3/10 15:53,都买,0
2025/3/10 15:55,刚好可以买两斤广西公文包??[赞],1
2025/3/10 15:56,先买布吧！别一寸不挂,1
2025/3/10 15:57,买瓶雪碧爽一下得了[大笑],0
2025/3/10 15:58,先给我转过来[微笑][微笑],0
2025/3/10 15:58,@下次见 哈哈哈哈哈哈[看]太逆天了,0
2025/3/10 15:59,先买一把面条[捂脸],0
2025/3/10 15:59,可以先买杯蜜雪冰城的蜜桃四季春再纠结纠结,0
2025/3/10 16:00,先去码头买点薯条,0
2025/3/10 16:00,买包泡面加个火腿吧,0
2025/3/10 16:01,要不你先睡一觉呢[泣不成声],0
2025/3/10 16:02,去楼下超市买几包辣条先，还可以嘴巴享受下[大笑],0
2025/3/10 16:02,买包小米吃吃看,0
2025/3/10 16:02,@黄琳琳,0
2025/3/10 16:03,我的建议是先存到银行吃利息，不然这么多钱太亏了[看],0
2025/3/10 16:04,买点感冒药吃了睡会儿,0
2025/3/10 16:05,别买饭了，买俩馒头啃比较省钱,0
2025/3/10 16:05,先买条项链吧,0
2025/3/10 16:06,听我的，买袋白砂糖吧，饿了就兑一杯喝二口，吊着小命先，至于其它的，缓过劲再说[捂脸][捂脸][捂脸],0
2025/3/10 16:07,先保命,0
2025/3/10 16:10,哈哈哈哈哈哈,0
2025/3/10 16:13,在QQ农场买吗,0
2025/3/10 16:14,@西melon,0
2025/3/10 16:14,先买个碗,0
2025/3/10 16:16,先充值,0
2025/3/10 16:18,先活下来,0
2025/3/10 16:22,先充抖币吧，再去小直播间当一把榜一大哥[强壮],0
2025/3/10 16:22,转给我吧，先买个教训。,1
2025/3/10 16:24,@突突困了,0
2025/3/10 16:25,先买铁锹。坑一挖，土一埋，上菜上菜,1
2025/3/10 16:27,先买个饼吃着[泪奔],0
2025/3/10 16:27,先买俩馒头[发呆],0
2025/3/10 16:28,先活命吧,0
2025/3/10 16:28,先睡觉[尬笑],0
2025/3/10 16:31,@明天会更好丶 哈哈哈哈哈哈,0
2025/3/10 16:35,买饭[微笑],0
2025/3/10 16:36,买房啊。保值。车子是消耗品,0
2025/3/10 16:36,@园草小橙子?? 哈哈哈哈,0
2025/3/10 16:37,买个盒,0
2025/3/10 16:44,先活着[宕机],0
2025/3/10 16:45,@玖日想有钱,0
2025/3/10 16:47,买米吧,0
2025/3/10 16:48,先贷款[九转大肠],0
2025/3/10 16:49,先买个充电器,0
2025/3/10 16:49,先买 4 注双色球[捂脸],0
2025/3/10 16:51,买包辣条,0
2025/3/10 16:52,买包魔芋爽爽一下算了,0
2025/3/10 16:53,[捂脸],0
2025/3/10 16:55,@孔金秭,0
2025/3/10 16:58,@小老婆,1
2025/3/10 16:59,先买张纸，算一下多少个7块钱可以买车买房[泪奔],0
2025/3/10 16:59,@??小珍珍i [泪奔][泪奔][泪奔],0
2025/3/10 16:59,先醒醒,1
2025/3/10 17:03,手机可以考虑,0
2025/3/10 17:07,你这个支付系统出问题了。等修好在去买,1
2025/3/10 17:09,先扫个充电宝吧，准备没电了[看],0
2025/3/10 17:10,先买个刮刮乐,0
2025/3/10 17:10,@小凡同学 @屋恩雯?? @王丢了 @大队长 @Ssss @Oct22 @5?@ @Fffu_ @hhhhh,0
2025/3/10 17:12,先买个馍吧,0
2025/3/10 17:12,先买袋辣条过过嘴瘾,0
2025/3/10 17:13,@喜欢可乐,0
2025/3/10 17:14,[大笑][大笑][大笑]先买蜜雪冰城,0
2025/3/10 17:14,哈哈哈，行,0
2025/3/10 17:14,你可以先买根肠,0
2025/3/10 17:15,余额一块八,0
2025/3/10 17:17,先买包烟压压惊,0
2025/3/10 17:18,@等风来。 [捂脸],0
2025/3/10 17:18,先买水,0
2025/3/10 17:22,重庆能吃小面,0
2025/3/10 17:25,先买彩票,0
2025/3/10 17:28,零钱买车，零钱通买房[看],0
2025/3/10 17:28,先买个茶叶蛋吧,0
2025/3/10 17:28,买个站台，喝风[捂脸],0
2025/3/10 17:28,@Kkgchvgh @F.z,0
2025/3/10 17:28,先充话费吧，停机了这么多钱连看都看不到了[捂脸],0
2025/3/10 17:30,@cun饼 哈哈哈哈哈哈哈哈哈哈,0
2025/3/10 17:31,你这可以车房一起买[看],0
2025/3/10 17:38,买彩票吧，以小博大,0
2025/3/10 17:39,先喝口自来水冷静冷静呗[酷拽],1
2025/3/10 17:40,不应该一起买吗[看],0
2025/3/10 17:41,先买大米[呲牙],0
2025/3/10 17:41,买跟儿裤腰带,0
2025/3/10 17:41,有道理,0
2025/3/10 17:45,先吃饭[尬笑],0
2025/3/10 17:48,先买福利彩[看],0
2025/3/10 17:49,买张彩票，房车就都有了[暗中观察][暗中观察][暗中观察],0
2025/3/10 17:49,想买啥和我说[酷拽]，,0
2025/3/10 17:52,买包辣条吧,0
2025/3/10 17:52,一块买吧，房4块车三块，还一块再扎个老婆吧！,1
2025/3/10 17:53,先买个早餐吃吃吧,0
2025/3/10 17:57,茶叶蛋还差几毛[尬笑],0
2025/3/10 18:01,@粒米立呀,0
2025/3/10 18:03,先活着吧,0
2025/3/10 18:04,先挂号,0
2025/3/10 18:04,一亿美金，输光了算了，妈呀，这是什么小众的词汇[捂脸],0
2025/3/10 18:05,先想想下顿吃什么吧,0
2025/3/10 18:05,先买水吧,0
2025/3/10 18:06,买水,0
2025/3/10 18:07,小孩子才做选择题，都要。[看],0
2025/3/10 18:08,@王八蛋x @可达鸭小游戏 @寵爱自己 @??星星? @qing9,0
2025/3/10 18:10,先买包烟 清醒一下,0
2025/3/10 18:11,@文文的香香鱼丸 哈哈哈哈哈哈哈哈哈,0
2025/3/10 18:11,@海映晴空蓝,0
2025/3/10 18:12,喝杯蜜雪压压惊吧，这钱连纸房纸车都买不起[看]，在下面都得风餐露宿啊[暗中观察],1
2025/3/10 18:12,一起买吧[二哈]成年人不做选择，都要,0
2025/3/10 18:15,5毛钱买一个馒头5毛钱买一包咸菜,0
2025/3/10 18:17,先保命,0
2025/3/10 18:17,先买彩票,0
2025/3/10 18:20,先吃饱，等太阳出来找个公园睡觉，等你睡着了就知道什么是房子会有，车子会有，都会有的,0
2025/3/10 18:20,哈哈哈哈哈,0
2025/3/10 18:21,@Fikky @最会剪男发的七哥 @深圳发型师毅山 @沐恩?? @白丰是帅气男孩 @仔仔影片 @信者得爱、 @山上放马。,0
2025/3/10 18:24,哈哈哈哈哈哈哈哈,0
2025/3/10 18:24,先睡觉??,0
2025/3/10 18:25,那不得先买两斤米？外面的饭不划算，自己煮划算点[捂脸],0
2025/3/10 18:26,先上支付宝买个保险[暗中观察][暗中观察],0
2025/3/10 18:29,@下次去海边吧 [笑哭],0
2025/3/10 18:31,建议可以花2块钱先买一个梦想[宕机],0
2025/3/10 18:31,买注彩票,0
2025/3/10 18:31,先买能跑的[害羞],0
2025/3/10 18:32,先卖肾[捂脸],1
2025/3/10 18:33,买节铁丝，手捏住，差到插座去吧[九转大肠],1
2025/3/10 18:33,先睡醒[比心],0
2025/3/10 18:34,一块买[比心],0
2025/3/10 18:36,先买醉[捂脸],0
2025/3/10 18:36,网贷能借出来2万吗,0
2025/3/10 18:36,@一半,0
2025/3/10 18:39,先活着,0
2025/3/10 18:41,先活着吧[泪奔],0
2025/3/10 18:41,@阿细????～ [大笑],0
2025/3/10 18:43,哈哈哈哈哈哈哈哈哈哈哈哈哈 gl也喜欢这款 我也觉得帅,0
2025/3/10 18:43,先给我买个棒棒糖[流泪]，我是大学生[蜜蜂狗],0
2025/3/10 18:46,买个煎饼果子吧[比心],0
2025/3/10 18:47,先买存粮[捂脸],0
2025/3/10 18:48,先买瓶水,0
2025/3/10 18:48,@小蟹有钳辣 [捂脸],0
2025/3/10 18:48,先买药[泣不成声],0
2025/3/10 18:53,都别买[暗中观察],1
2025/3/10 18:56,买包方便面[宕机],0
2025/3/10 18:56,先买个炒米粉，吃饱了再考虑！,0
2025/3/10 19:01,先发九块给我[酷拽],1
2025/3/10 19:01,先买纸巾,0
2025/3/10 19:02,买包纸 擦擦口水。都流到枕头上了,1
2025/3/10 19:02,买一个馒头吧,0
2025/3/10 19:05,都买，买个本子在上面画房画车，缺啥再画上去,0
2025/3/10 19:05,肉包都卖三块了[泪奔],0
2025/3/10 19:08,先买一张彩票,0
2025/3/10 19:10,都给我，我到处跟人说你既买车又买房[黑脸],1
2025/3/10 19:10,还只能买拼好饭[看],0
2025/3/10 19:12,先买彩票,0
2025/3/10 19:13,@-鄭$,0
2025/3/10 19:14,@听风吹～,0
2025/3/10 19:14,@星星点点.,0
2025/3/10 19:18,听我的，买张彩票吧,0
2025/3/10 19:18,老面馒头来两个[捂脸],0
2025/3/10 19:20,房车,0
2025/3/10 19:21,添一块买盒烟吧,0
2025/3/10 19:21,[泣不成声],0
2025/3/10 19:21,买包泡面吧[偷笑],0
2025/3/10 19:21,再攒点 买个798,0
2025/3/10 19:28,@Koipuppy,0
2025/3/10 19:29,先睡觉,0
2025/3/10 19:29,8块钱差一块才能买一荤一素[酷拽],0
2025/3/10 19:30,"车子是消耗品 
房子只是暂时的港湾
坟墓才是最后的归宿
听哥的，先买坟地，，，????",1
2025/3/10 19:32,先买老干妈，这样能多啃几天馒头,0
2025/3/10 19:36,给我转9.16元，买个教训,1
2025/3/10 19:40,先救命,0
2025/3/10 19:42,你跟老板说要个6块钱的煎饼 再买瓶3块的水,0
2025/3/10 19:43,先买个泡面吧，毕竟容易一些,0
2025/3/10 19:44,留着明天买包子吧,0
2025/3/10 19:45,先买包辣条,0
2025/3/10 19:46,买桶面加根肠吧,0
2025/3/10 19:46,先把零钱转到零钱通吧有收益[抱抱你],0
2025/3/10 19:49,先买个红糖馒头得了[打脸],0
2025/3/10 19:49,模拟的吗,0
2025/3/10 19:50,买个砖头然后把自己敲晕 梦里有房也有车[捂脸],0
2025/3/10 19:51,先活着,0
2025/3/10 19:51,先买彩票,0
2025/3/10 19:51,也不够，快餐十元,0
2025/3/10 19:52,买个棒棒糖吧,0
2025/3/10 19:53,先去楼下转转 回家洗洗睡了,0
2025/3/10 19:55,哥们格局打大开点，直接入赘给有房有车有娃的富婆吧[看],1
2025/3/10 19:58,买个碗，自己当老板[灵机一动],0
2025/3/10 20:01,转给我 买个教训,1
2025/3/10 20:01,先买张彩票,0
2025/3/10 20:11,@暴走小糖糖,0
2025/3/10 20:11,买馒头,0
2025/3/10 20:15,活下去,0
2025/3/10 20:16,先活着,0
2025/3/10 20:17,先买小米的股票[送心],0
2025/3/10 20:23,买泡面吧[捂脸],0
2025/3/10 20:24,哈哈哈哈哈哈,0
2025/3/10 20:25,先扇自己两巴掌，给自己扇醒[憨笑],0
2025/3/10 20:29,买两斤米，再买袋盐，先吃饱,0
2025/3/10 20:35,各位小米车主你们一定要保护好你们的车车，过两年我买二手车我也是要挑的[黑脸],0
2025/3/10 20:37,[送心]雷总 不愧是被我写进教资作文的男人,0
2025/3/10 20:37,买饭都吃不到半饱,0
2025/3/10 20:39,先点外买吧[笑哭],0
2025/3/10 20:42,笑不活了,0
2025/3/10 20:42,先睡觉,0
2025/3/10 20:43,7个亿[赞],0
2025/3/10 20:44,买碗热干面，管饱,0
2025/3/10 20:49,先买房车,0
2025/3/10 20:49,先买个车票去医院,0
2025/3/10 20:50,先保命[比心],0
2025/3/10 20:52,先买冰红茶，大瓶的，,0
2025/3/10 20:55,去拼好饭先[捂脸],0
2025/3/10 20:57,买馒头,0
2025/3/10 21:11,不买车，不买房，你可以先整根烤肠[抠鼻],0
2025/3/10 21:14,先买2袋盐吧[捂脸][捂脸][捂脸][捂脸][捂脸],0
2025/3/10 21:21,买瓶酒喝喝,0
2025/3/10 21:24,@豆豆の小豆芽 @玩火影的火星人?? @ldw @乖崽臻 @Yuu?? [笑哭][笑哭][笑哭][笑哭],0
2025/3/10 21:25,啥都别买，先醒醒吧[震惊],1
2025/3/10 21:36,可以买好几个馒头了,0
2025/3/10 21:37,哈哈哈哈,0
2025/3/10 21:38,先买花生米，不至于醉成这样,0
2025/3/10 21:40,先活着,0
2025/3/10 21:40,上面余额买房。下面余额买车。,0
2025/3/10 21:42,@婚礼主持·阿维,0
2025/3/10 21:43,22岁，小米SU7，落地265000，没靠父母，没靠贷款，没分期，没买,0
2025/3/10 21:43,@小王??,0
2025/3/10 21:45,先买桶泡面饱餐一顿然后在想下一顿吃什么[思考],0
2025/3/10 21:45,先活着，在做梦[呲牙],0
2025/3/10 21:47,哈哈哈,0
2025/3/10 21:48,@阿良?,0
2025/3/10 21:50,买彩票吧还有一点点可能,0
2025/3/10 21:54,@??冬天不冷: 车子是消耗品，房子只是暂时的港湾，坟才是最后的归宿！听姐的，先买坟！,1
2025/3/10 21:56,@Hahhhnxsm,0
2025/3/10 21:57,先吃早饭,0
2025/3/10 21:58,想的有点多[捂脸],0
2025/3/10 21:58,[泪奔][泪奔][泪奔][泪奔],0
2025/3/10 21:59,先贷款,0
2025/3/10 22:03,什么都不买，留着理财吧,0
2025/3/10 22:03,买辣条,0
2025/3/10 22:03,转给我，给你买个吃亏[耶],0
2025/3/10 22:06,@w- 哈哈哈哈哈,0
2025/3/10 22:09,先把余额上个保险吧，一块钱弄丢了就麻烦了,0
2025/3/10 22:10,先睡了,0
2025/3/10 22:14,先买个泡面吧,0
2025/3/10 22:14,姐你[不看][不看],1
2025/3/10 22:15,为什么只有雷军发现女主人的发言权很重要，因为只有他有正常的家庭氛围，尊重女性[灵机一动][灵机一动][灵机一动],0
2025/3/10 22:17,买彩票吧，这样省下的这点钱也会打水漂哈哈哈哈哈,0
2025/3/10 22:19,先goodbye,0
2025/3/10 22:29,先买点饭吧[宕机],0
2025/3/10 22:37,袁老师你几时买啊[看]，我要睇评测,0
2025/3/10 22:47,先买点小米煲小米粥吧,0
2025/3/10 22:51,^_^^_^^_^^_^y,0
2025/3/10 22:51,可以买个??，路边[偷笑],1
2025/3/10 22:52,先买张彩票这个很重要[尬笑],0
2025/3/10 22:53,4注双色球，房车随便买,0
2025/3/10 22:56,@好运小鹿,0
2025/3/10 22:58,先买个碗??,0
2025/3/10 23:00,先买张彩票吧,0
2025/3/10 23:01,上面的钱全款买车 下面的钱交个房子首付,0
2025/3/10 23:02,先买小米，把米煮成饭可以吃好多顿[捂脸],0
2025/3/10 23:02,买根油条[泪奔],0
2025/3/10 23:03,先睡觉吧[尬笑],0
2025/3/10 23:04,先买包烟,0
2025/3/10 23:04,@取名且脑疼,0
2025/3/10 23:06,先想想怎么吃饭吧,0
2025/3/10 23:07,@?? @失眠夜 @我是靓仔 @心v动 @可以的话 @AAZ @緂緯,0
2025/3/10 23:08,买个公交车体验卡,0
2025/3/10 23:09,先睡觉吧,0
2025/3/10 23:10,蜜雪冰城柠檬水吧，多糖，顶饱又解渴,0
2025/3/10 23:12,不应该是先卖车还是先卖房吗,0
2025/3/10 23:14,先买枕头[大笑],0
2025/3/10 23:19,买点比巴卜泡泡糖嚼嚼吧,0
2025/3/10 23:24,9块钱还是能去拼好饭的[泪奔],0
2025/3/10 23:31,车只是代步工具，房只是临时庇护所，那个小盒才是永久的家，所以先买坟,1
2025/3/10 23:34,先买个馒头[看],0
2025/3/10 23:35,先买坟地[看],1
2025/3/10 23:46,先贷款[看],0
2025/3/10 23:57,买个棒棒糖[色],1
2025/3/10 23:57,买包魔芋爽 爽爽得了,0
2025/3/10 23:57,还是买两包辣条吧[捂脸],0
2025/3/11 0:00,先睡吧,0
2025/3/11 0:00,买个馒头,0
2025/3/11 0:01,买房跟买车都已经完全足够了，而且你根本都花不完出去,0
2025/3/11 0:01,先活下去,0
2025/3/11 0:03,@小孩你好,0
2025/3/11 0:04,一盒魔芋爽都要九块九[黑脸],0
2025/3/11 0:04,先买张彩票吧 中了就都有了,0
2025/3/11 0:05,先买彩票,0
2025/3/11 0:06,先买个魔芋爽，让自己先爽爽[看],0
2025/3/11 0:06,哈哈哈哈,0
2025/3/11 0:07,先吃饭,0
2025/3/11 0:07,先给手机充电吧[玫瑰],0
2025/3/11 0:08,买个大碗米线都够呛@睡个好觉咯 ? [泪奔],0
2025/3/11 0:09,先活着,0
2025/3/11 0:10,@稚翎羽 [呆无辜],0
2025/3/11 0:13,刚好够买桶泡面和一瓶可乐[赞][赞],0
2025/3/11 0:13,那很预判了,0
2025/3/11 0:13,@玛卡巴卡??,0
2025/3/11 0:14,两个一块吧，毕竟这么富有,0
2025/3/11 0:14,先买馒头[泣不成声],0
2025/3/11 0:14,买莎普爱思,0
2025/3/11 0:14,先买馍[看],0
2025/3/11 0:15,@hls_66. 哈哈哈,0
2025/3/11 0:15,买个高一点的枕头，什么都有了[偷笑],0
2025/3/11 0:16,买包苏菲吧[看],0
2025/3/11 0:17,先买我,1
2025/3/11 0:17,@喝不喝可乐,0
2025/3/11 0:17,先买个烤肠吧[看],0
2025/3/11 0:18,买不买得无所谓，主要是保险太贵了[泪奔],0
2025/3/11 0:19,肯定是先买小米啊，就着馒头还能撑两天。,0
2025/3/11 0:19,买根烤肠都费劲[泪奔],0
2025/3/11 0:20,先买一包辣条 细细品人生[偷笑][偷笑],0
2025/3/11 0:20,先贷款[我想静静],0
2025/3/11 0:20,先去超时门口，花一块钱坐那个摇摇车，摇明白再说,0
2025/3/11 0:21,@7ixxo @KaiXuan @头号支持者 [泪奔],0
2025/3/11 0:22,先活下去,0
2025/3/11 0:22,牛逼,0
2025/3/11 0:23,先考虑这个礼拜蹭谁的饭,0
2025/3/11 0:23,零钱买房，零钱通买车,0
2025/3/11 0:25,楼下买个肉包子奖励自己吧,0
2025/3/11 0:27,先脱贫,0
2025/3/11 0:28,凑个 8.88 转给我 买个教训,1
2025/3/11 0:28,转给我，买个教训[灵机一动],1
2025/3/11 0:28,@雪梨柚子汁,0
2025/3/11 0:30,共享单车都扫不了电动的 哈哈哈骑远了不够付,0
2025/3/11 0:30,先买根淀粉肠哄哄自己[尬笑],0
2025/3/11 0:31,@cl,0
2025/3/11 0:31,零首付干个e300 然后去打三份工,1
2025/3/11 0:31,兄弟，先买点元宝吧,0
2025/3/11 0:32,买个煎饼果子吧,0
2025/3/11 0:33,先去楼下买包辣条吧,0
2025/3/11 0:38,买个馒头宝命先[泪奔][泪奔],0
2025/3/11 0:38,买奖,0
2025/3/11 0:39,买个馒头吃饱得了,0
2025/3/11 0:39,买个啤酒睡个觉都买,0
2025/3/11 0:39,@娇太狼 @吴意歪 @NaNa,0
2025/3/11 0:40,点个拼好饭够了[白眼],1
2025/3/11 0:41,你别买了，发给我吧,1
2025/3/11 0:44,可以美团拼好饭[看],0
2025/3/11 1:02,@ffffff @byd帅小伙 @一wen,0
2025/3/11 1:05,先活着,0
2025/3/11 1:06,先活着,0
2025/3/11 1:08,买彩票吧中了车跟房都有了[呲牙],0
2025/3/11 1:08,哈哈 买饭都够呛,0
2025/3/11 1:12,先买根零烟抽的,0
2025/3/11 1:14,先活着,0
2025/3/11 1:16,买盐,0
2025/3/11 1:19,给你问豆包了,0
2025/3/11 1:19,先活着,0
2025/3/11 1:21,以你的经济实力 建议全款都拿下 剩下的钱还可以精装修[比心],0
2025/3/11 1:22,什么家庭7个多亿？,1
2025/3/11 1:27,米饭也要2块钱[捂脸],0
2025/3/11 1:31,我感觉先买个丝袜[捂脸],0
2025/3/11 1:31,先想办法活着,0
2025/3/11 1:34,白米饭2元,0
2025/3/11 1:34,房吧,0
2025/3/11 1:34,先买张彩票,0
2025/3/11 1:35,先买根棒棒糖[捂脸],0
2025/3/11 1:37,买个东北大馒头 再买一桶矿泉水,0
2025/3/11 1:42,@困的晕????,0
2025/3/11 1:46,[泪奔][泪奔][泪奔][泪奔],0
2025/3/11 1:47,先买棒棒糖[呲牙],0
2025/3/11 1:54,先买饭,0
2025/3/11 1:55,@marvin,0
2025/3/11 1:58,先买房吧，买车还要买电池,0
2025/3/11 1:58,先买俩馒头垫垫肚子,0
2025/3/11 2:10,先这样在那样,0
2025/3/11 2:11,事已至此，先睡吧，睡着了梦里啥都有,0
2025/3/11 2:12,先充电,0
2025/3/11 2:15,先睡觉 梦里啥都有,0
2025/3/11 2:15,蜜雪冰城买杯柠檬水再买两袋小饼干坐着好好想一下,0
2025/3/11 2:19,买个彩票吧，中奖分我五分之一就行[捂脸],0
2025/3/11 2:22,@贤 哈哈哈哈哈哈哈哈哈哈哈哈哈哈哈哈哈哈哈哈哈哈哈哈哈哈哈哈哈哈哈哈哈哈哈哈,0
2025/3/11 2:23,[宕机]你是怎么刷到的，我几天前就刷到了？,0
2025/3/11 2:23,那咋了[宕机],1
2025/3/11 2:25,先买几包泡面[看],0
2025/3/11 2:25,买个蜜雪冰城柠檬水喝喝得了,0
2025/3/11 2:26,@安大拿,0
2025/3/11 2:26,买袋魔芋爽，吃了爽爽得了,0
2025/3/11 2:31,下楼买包魔芋爽  先爽一下吧[呆无辜],0
2025/3/11 2:34,一起买吧，也不差那点,0
2025/3/11 2:41,买包魔芋爽 爽爽得了[微笑],0
2025/3/11 2:44,买馒头吃先,0
2025/3/11 2:52,再买一根棒棒糖吧。[捂脸],0
2025/3/11 2:56,都不用买，我有,0
2025/3/11 3:00,不应该是先做个梦嘛、,0
2025/3/11 3:21,买俩馒头吃吧,0
2025/3/11 3:32,@不甜_ 哈哈哈哈哈,0
2025/3/11 3:34,买,0
2025/3/11 3:36,买包魔芋爽[九转大肠],0
2025/3/11 3:43,哈哈哈,0
2025/3/11 3:46,先活着[呲牙],0
2025/3/11 4:00,@初言,0
2025/3/11 4:00,3块大米饭，再买个水，其他点什么的,0
2025/3/11 4:20,我给你设计个图子,1
2025/3/11 4:31,先充电吧,0
2025/3/11 4:36,先买面包吧,0
2025/3/11 4:38,上炕都费劲,0
2025/3/11 4:45,pdd买个地球仪转两圈得了[憨笑],0
2025/3/11 5:18,先睡一觉[比心],0
2025/3/11 5:18,买个烤冷面算了,0
2025/3/11 5:24,先把自动续费关了,0
2025/3/11 6:00,买瓶矿泉水吧，又不用分期,0
2025/3/11 6:11,先睡觉，睡着了车房都有了,0
2025/3/11 6:15,可以买包子。,0
2025/3/11 6:19,先买张彩票[捂脸],0
2025/3/11 6:38,@牛奶泡萝莉??,0
2025/3/11 6:44,就这个问题，谁答都不好使[捂脸],0
2025/3/11 6:49,@VIen,0
2025/3/11 6:51,先活着[泣不成声][泣不成声][泣不成声],0
2025/3/11 6:51,凑起来还能买顿拼好饭[捂脸],0
2025/3/11 7:03,去两元店买房买车不是梦[捂脸][捂脸][捂脸],0
2025/3/11 7:04,先买包子,0
2025/3/11 7:06,先买早餐,0
2025/3/11 7:08,去买个棒棒糖吧,0
2025/3/11 7:11,先买个饼填填肚子[灵机一动],0
2025/3/11 7:15,@摔摔七七,0
2025/3/11 7:21,要不咱先买两馒头,0
2025/3/11 7:23,先上班[看][看][看],0
2025/3/11 7:29,买包魔芋爽爽爽得了,0
2025/3/11 7:31,先买醒酒药,0
2025/3/11 7:34,6,0
2025/3/11 7:42,我觉得还是先买冰淇淋??,0
2025/3/11 7:43,买包烟,0
2025/3/11 7:45,买买买车只是5年买房30年,0
2025/3/11 7:50,不是先睡觉吗[机智],0
2025/3/11 7:54,[捂脸],0
2025/3/11 7:56,我感觉买个装骨灰的玻璃瓶或者买个纸跑车这些资金绝对够用，以后去了那边要车要房你随便选,0
2025/3/11 7:56,车子是消耗品，房子只是暂时的港湾，坟才是最后的归宿！听姐的，先买坟！,1
2025/3/11 7:57,先买个肠粉吃吧,0
2025/3/11 7:58,先睡觉，梦里都能实现[看],0
2025/3/11 8:02,大部分资产放在零钱而不是零钱通，这就是有钱人的格局[思考],0
2025/3/11 8:04,买两馒头  一瓶水  一天够吃了[看],0
2025/3/11 8:09,先买馒头填饱肚子,0
2025/3/11 8:10,先睡觉，睡醒了再考虑,0
2025/3/11 8:13,先挣钱,0
2025/3/11 8:14,都给我吧，让你买个教训[看],1
2025/3/11 8:16,这饭都买不起[捂脸],0
2025/3/11 8:16,先打开我的钱包，点放心借！,0
2025/3/11 8:16,买俩馒头戳戳有鱼,0
2025/3/11 8:23,[暗中观察]@Valley ?? ??,0
2025/3/11 8:24,[干饭人],0
2025/3/11 8:27,先充电吧 电量不多了,0
2025/3/11 8:28,起床尿尿了,0
2025/3/11 8:33,棍子3元/根，碗6元/个，你的配置预算刚刚好[捂脸],0
2025/3/11 8:37,买包纸擦眼泪吧,1
2025/3/11 8:38,先活着,0
2025/3/11 8:39,先买个碗[呲牙],0
2025/3/11 8:40,买2个肉包子哈[捂脸],0
2025/3/11 8:41,先买一碗饭吃了再说,0
2025/3/11 8:42,别纠结了，煎饼果子都吃不上高配的,0
2025/3/11 8:42,买彩票吧,0
2025/3/11 9:01,先温饱,0
2025/3/11 9:01,加起来9.16亿，车随便提[抠鼻],1
2025/3/11 9:06,先睡觉，梦里两个都可以买，不用纠结[呲牙][呲牙][呲牙],0
2025/3/11 9:06,先睡觉吧，[呲牙],0
2025/3/11 9:11,先脱贫吧[OK],0
2025/3/11 9:17,买个辣条啃一口,0
2025/3/11 9:20,买卫生巾[暗中观察],0
2025/3/11 9:21,我想找雷总投资一下，不知道行不行，[奸笑],0
2025/3/11 9:21,上面买房，下面的买车[笑哭][笑哭],0
2025/3/11 9:22,@林珂,0
2025/3/11 9:24,先买10馒头，再买2根大葱,0
2025/3/11 9:25,看这个图就知道了，雷总硬生生在千万豪车里面塞进去一个50多万的国产车[捂脸],1
2025/3/11 9:25,买瓶水清醒清醒,0
2025/3/11 9:27,那个包…………子,0
2025/3/11 9:36,我建议先买彩票[捂脸][捂脸][捂脸],0
2025/3/11 9:37,买份拼好饭吃吃[黑脸][赞],0
2025/3/11 9:37,买个馒头吃吧[调皮],0
2025/3/11 9:38,@77?,0
2025/3/11 9:39,先买俩馒头吃，吃着再考虑买车买房的问题，这样还剩余额,0
2025/3/11 9:40,拼好饭6快都有,0
2025/3/11 9:42,@AAA梅山二郎犬狗粮批发 [尬笑],1
2025/3/11 9:45,@是倩倩吖 @Monster.,0
2025/3/11 9:46,买块地吧，有钱往上建没钱往下建,0
2025/3/11 9:46,先买个馒头，,0
2025/3/11 9:47,先买房,0
2025/3/11 9:48,买瓶900毫升的东方树叶吧，刚好,0
2025/3/11 9:50,先买个馒头，填饱肚子后，再想想下一餐吃什么,0
2025/3/11 9:50,@牛副产品经营部,0
2025/3/11 9:51,先买瓶酒，吹的时候比较理直气壮,1
2025/3/11 9:51,买车吧，可以买几个小时青桔单车使用权,0
2025/3/11 9:52,都买！成年人的世界不做选择[暗中观察],0
2025/3/11 9:52,先睡觉,0
2025/3/11 9:54,先别纠结，买瓶水[捂脸][捂脸]（抽象派）,0
2025/3/11 9:54,买桶白象，剩下买根火腿,0
2025/3/11 9:54,@要早睡了,0
2025/3/11 9:57,先买个棒棒糖??甜一哈纸机,0
2025/3/11 10:00,买包辣条算了,0
2025/3/11 10:02,先买车吧。 [流泪],0
2025/3/11 10:04,@荔枝小阿拉?? [笑哭][笑哭][笑哭],0
2025/3/11 10:05,@咚咚豆,0
2025/3/11 10:05,先买药[捂脸],0
2025/3/11 10:05,买房车，都齐了,0
2025/3/11 10:05,"@今天吃什么、 @阿宅????????,",0
2025/3/11 10:07,先买点流量吧 不然抖音都刷不了,0
2025/3/11 10:11,先买米,0
2025/3/11 10:12,哈哈哈哈哈,0
2025/3/11 10:18,比你多一点也在想先买那个[抠鼻][抠鼻],0
2025/3/11 10:19,不吃饭可以，不喝水不行啊[捂脸],0
2025/3/11 10:22,先买个馒头吃吧,0
2025/3/11 10:23,把钱转我，我给你P上豪车豪宅,1
2025/3/11 10:24,一块买,0
2025/3/11 10:24,点个男模吧[呲牙],0
2025/3/11 10:27,酱油炒饭,0
2025/3/11 10:27,买了否冷,0
2025/3/11 10:28,我给你买[呲牙],0
2025/3/11 10:28,先充值[捂脸],0
2025/3/11 10:28,给你买丝袜,1
2025/3/11 10:28,买两幅手套去工地,0
2025/3/11 10:30,@小洁呀哈,0
2025/3/11 10:30,你这买个教训也买不到啊,1
2025/3/11 10:30,先吃饭,0
2025/3/11 10:31,先买桶泡面[流泪],0
2025/3/11 10:31,先买俩馒头啃啃吧,0
2025/3/11 10:35,下个建房子软件然后买车买房[尬笑],0
2025/3/11 10:36,先申请贷款[宕机],0
2025/3/11 10:37,先买命呀[捂脸][捂脸],0
2025/3/11 10:40,先贷款买个饭吧,0
2025/3/11 10:42,买根烤肠都得欠几毛[捂脸],0
2025/3/11 10:42,有存款，还懂理财，已经走在很多人前面了[看],0
2025/3/11 10:43,先买六块钱的面,0
2025/3/11 10:46,先贷款,0
2025/3/11 10:48,先买彩票,0
2025/3/11 10:48,该吃午饭了，先买个馒头,0
2025/3/11 10:48,先睡觉[泪奔],0
2025/3/11 10:48,@biu炸锅,1
2025/3/11 10:48,有条件就一起买[赞],0
2025/3/11 10:49,先睡觉,0
2025/3/11 10:50,先买碗，懂的都懂??,0
2025/3/11 10:51,[笑哭],0
2025/3/11 10:53,不影响两样一起,0
2025/3/11 10:54,[泪奔],0
2025/3/11 10:54,听我的，先买7块钱的馒头后再去上班吧,0
2025/3/11 10:57,先活着吧,0
2025/3/11 10:58,先买泡面加一瓶矿泉水,0
2025/3/11 10:59,@凶什么,1
2025/3/11 11:00,先买杯蜜雪,0
2025/3/11 11:00,宝，先买个包[捂脸]填下肚子,0
2025/3/11 11:09,都买吧 小孩子才做选择[看],0
2025/3/11 11:09,先买两个馒头一瓶水，小心噎着,1
2025/3/11 11:10,先活着吧,0
2025/3/11 11:11,[看]直接买房车吧,0
2025/3/11 11:14,买饭还得贷一点,0
2025/3/11 11:14,你这个收益率太低了，换个产品吧,0
2025/3/11 11:14,车子是消耗品，房子只是暂时的港湾，坟才是最后的归宿！听哥的，先买坟！,1
2025/3/11 11:16,哈哈我也想说,0
2025/3/11 11:17,哈哈哈,0
2025/3/11 11:22,先找个男人吧,1
2025/3/11 11:23,先买一注彩票[呲牙][呲牙][呲牙],0
2025/3/11 11:23,先买个馒头吧[捂脸][捂脸][捂脸],0
2025/3/11 11:25,先买个不锈钢的碗，再去最热闹的街头,0
2025/3/11 11:29,先等零钱通收益??,0
2025/3/11 11:29,先买瓶水饿的时候喝口,0
2025/3/11 11:30,乖，先睡觉,0
2025/3/11 11:31,先醒醒,1
2025/3/11 11:32,先睡觉吧,0
2025/3/11 11:32,先吃饱,0
2025/3/11 11:32,@馒头要爆炸了,0
2025/3/11 11:33,买馒头,0
2025/3/11 11:34,先做个好梦[机智],0
2025/3/11 11:34,先买个碗,0
2025/3/11 11:37,@小徐徐?? [泪奔],0
2025/3/11 11:37,预判了我的预判,0
2025/3/11 11:38,先买包子,0
2025/3/11 11:38,先买包泡面吧[思考],0
2025/3/11 11:38,@不要紧 山野都有雾灯 [憨笑],0
2025/3/11 11:38,天气热了，买老冰棍吧，还能给我也买一条,0
2025/3/11 11:40,@????????????????,0
2025/3/11 11:41,下楼去超市买个塑料袋，扎头上。感受一下缺氧的感觉。这个最实在[动动脑子],1
2025/3/11 11:41,先睡觉,0
2025/3/11 11:43,买彩票,0
2025/3/11 11:43,建议先在北京买地皮,0
2025/3/11 11:46,先买瓶水喝,0
2025/3/11 11:47,先吃饭[尬笑],0
2025/3/11 11:49,"先买包纸和笔，写上愿望。
听我说，谢谢你，因为有你温暖了四季！",0
2025/3/11 11:49,哈哈哈哈哈哈哈,0
2025/3/11 11:52,先买药,0
2025/3/11 11:54,这怕是不够一顿的哦,0
2025/3/11 11:54,先醒醒[捂脸],1
2025/3/11 11:54,先把自己养活[捂脸][捂脸][捂脸],0
2025/3/11 11:55,[捂脸][捂脸],0
2025/3/11 11:56,零钱买房，零钱通的买车,0
2025/3/11 11:57,先买杯奶茶压压惊吧,0
2025/3/11 11:57,可以买个馒头加辣条,0
2025/3/11 11:57,先买拼好饭@小蘋 @我有对梨涡,0
2025/3/11 12:00,先养自己,0
2025/3/11 12:02,先吃饱,0
2025/3/11 12:04,先买个馒头,0
2025/3/11 12:04,先买一斤菜吧[流泪],0
2025/3/11 12:06,先许愿吧,0
2025/3/11 12:07,先吃早饭吧,0
2025/3/11 12:08,@卡皮巴拉巴拉 @源梦?.?. [憨笑][憨笑][憨笑][憨笑],0
2025/3/11 12:09,上面买房下面买车,0
2025/3/11 12:12,797万那很多了,0
2025/3/11 12:12,先吃饭,0
2025/3/11 12:14,先买个冰棒，透心凉一下[泣不成声],0
2025/3/11 12:16,先做个梦,0
2025/3/11 12:16,有没有可能短剧照进现实，全球资金贬值100万倍 ，你有可能是中国首富,0
2025/3/11 12:17,先买个馍吃吧兄弟,0
2025/3/11 12:18,先买包卫生巾,1
2025/3/11 12:19,@Jenny??,0
2025/3/11 12:19,先吃饭,0
2025/3/11 12:23,先租买车吧，开滴滴赚房贷去[泪奔],1
2025/3/11 12:23,买醉[玫瑰],0
2025/3/11 12:23,这么有钱，借我点花花[微笑],0
2025/3/11 12:25,先睡一觉,0
2025/3/11 12:27,@桔柚?? @饭饭爱吃大米饭 哈哈哈哈,0
2025/3/11 12:28,@时不晚 @喜遇徐 @一元青菜 @竹蜻蜓 @小徐同学. @Sulli,0
2025/3/11 12:28,@The(许嵩见过版),0
2025/3/11 12:28,@????,0
2025/3/11 12:29,先买碗,0
2025/3/11 12:30,建议买两桶泡面,0
2025/3/11 12:31,买泡面[看],0
2025/3/11 12:32,哈哈哈哈哈先买米,0
2025/3/11 12:32,这个是你应该考虑的问题吗？,1
2025/3/11 12:34,发给我，买个教训,1
2025/3/11 12:34,现买我的右心房吧[捂脸],0
2025/3/11 12:37,先活着,0
2025/3/11 12:38,@DoReMi,0
2025/3/11 12:39,@@钱多多 哈哈哈哈,0
2025/3/11 12:45,买两包魔芋爽,0
2025/3/11 12:46,@Hello?? @?? 照镜子啦,0
2025/3/11 12:46,@阿诚,0
2025/3/11 12:57,买杯蜜雪,0
2025/3/11 13:01,先去买张彩票，明天在说,0
2025/3/11 13:04,买帐彩票你都得贷款[捂脸][捂脸],0
2025/3/11 13:08,@yaoyao,0
2025/3/11 13:09,先整杯奶茶压压惊,0
2025/3/11 13:10,先买饭,0
2025/3/11 13:11,@小宏苹果果??,0
2025/3/11 13:12,听话，先买桶泡面，再买个火腿，挺好的[微笑][微笑][微笑],0
2025/3/11 13:12,@Sue. 哈哈哈哈哈哈哈哈哈哈哈,0
2025/3/11 13:15,多虑了,0
2025/3/11 13:15,就喜欢你纠结的样子,1
2025/3/11 13:16,先看病,0
2025/3/11 13:18,建议你存入零钱通，1.23%的收益率，天呐，搁家躺平足够了[泪奔],0
2025/3/11 13:26,转给我吧 买个教训[泪奔],0
2025/3/11 13:27,[捂脸]饭已经到肚了,0
2025/3/11 13:30,买米吃饱肚子先，再想[捂脸],0
2025/3/11 13:32,先问别人借点52.9后直接买车,0
2025/3/11 13:34,@记得填写昵称 哈哈哈哈哈,0
2025/3/11 13:36,@一罐芋泥奶油泡哦呦,0
2025/3/11 13:36,@GD_IU,0
2025/3/11 13:37,在攒点买个塔尖吃吃吧[捂脸],0
2025/3/11 13:38,先贷款,0
2025/3/11 13:38,@腕上散发的香水味 @黑伦,0
2025/3/11 13:39,先买3张彩票吧，一张换房，张换车，一张送我,1
2025/3/11 13:39,先睡觉[看],0
2025/3/11 13:43,买个泡面淇淇吧,0
2025/3/11 13:43,现在先赚钱[看],0
2025/3/11 13:44,可以买包泡面，一瓶矿泉水,0
2025/3/11 13:45,买袋干脆面吃吃吧,0
2025/3/11 13:45,先买空气,1
2025/3/11 13:50,先睡觉做梦买??,0
2025/3/11 13:58,先充电吧。,0
2025/3/11 13:59,先买饼吧[猪头],1
2025/3/11 13:59,建议先买水，因为水比饭续命时间更长一些[尬笑][尬笑][尬笑],0
2025/3/11 14:00,买几包魔芋爽吃吃[比心]先自己爽一下,0
2025/3/11 14:00,先买盒白草莓挥霍一下,0
2025/3/11 14:02,零钱买房，零钱通买车[抠鼻],1
2025/3/11 14:03,先买彩票，再睡觉[捂脸],0
2025/3/11 14:06,先贷款,0
2025/3/11 14:08,先买瓶风油精醒醒神[呆无辜],0
2025/3/11 14:09,先买四包魔芋爽  剩下一块再买两个馍 爽飞了,0
2025/3/11 14:13,别醒要不然会成真,0
2025/3/11 14:13,[看][看][看][泪奔],0
2025/3/11 14:28,先买颗糖。首先得让自己心里变甜，变甜以后什么都敢买,0
2025/3/11 14:30,@??????????????,0
2025/3/11 14:38,先买桶泡面,0
2025/3/11 14:42,转给我买个教训[看],1
2025/3/11 14:45,那也得买拼好饭[泪奔],0
2025/3/11 14:46,买2注双色球2注超级大乐透不追加，再买个馒头等开奖[灵机一动],0
2025/3/11 14:48,先买彩票,0
2025/3/11 14:51,先活命吧[翻白眼],1
2025/3/11 14:52,先嫁了吧,1
2025/3/11 15:06,买流量吧,1
2025/3/11 15:06,买个馒头蘸酱菜,0
2025/3/11 15:07,可以买几斤米[灵机一动],0
2025/3/11 15:07,天呐，你居然有10个小目标,0
2025/3/11 15:09,买两个鸡蛋就行了,0
2025/3/11 15:09,@樱桃小丸犊子,0
2025/3/11 15:10,先活着[看],0
2025/3/11 15:11,先分期个枕头睡一会,0
2025/3/11 15:13,衣食住行，你说呢,0
2025/3/11 15:15,@清绝 @小刘 笑死,0
2025/3/11 15:18,买彩票,0
2025/3/11 15:21,都买,0
2025/3/11 15:23,先卖两腰子,1
2025/3/11 15:25,不要纠结，想买啥买啥,0
2025/3/11 15:28,零钱里的钱给房子交个首付，零钱通里的钱给车交个首付[呲牙],0
2025/3/11 15:32,买包红塔山吧,0
2025/3/11 15:39,还是先买把辣条压压惊吧，差点就买车买房了[微笑],0
2025/3/11 15:39,先活着,0
2025/3/11 15:41,买小米，熬点小米粥,0
2025/3/11 15:50,7块买盒哈尔滨  一块买个火机,0
2025/3/11 15:50,先买房吧,0
2025/3/11 15:50,@桃溪溪,0
2025/3/11 15:54,先买个教训吧  把9块1毛6转我[灵机一动],1
2025/3/11 15:55,买房，一个刚需，一个消耗品[呲牙][呲牙][呲牙],0
2025/3/11 15:58,下面说先买饭哈哈哈哈哈哈哈哈哈哈哈,0
2025/3/11 16:03,先睡觉，睡着了都可以买了[呲牙],0
2025/3/11 16:04,先睡一觉。要不一会该饿了,0
2025/3/11 16:04,先买彩票,0
2025/3/11 16:06,零钱通买车，零钱买房[灵机一动],0
2025/3/11 16:07,买包辣条吃吧,0
2025/3/11 16:08,建议先买包厕纸[捂脸],1
2025/3/11 16:09,买榨菜，买大袋的,0
2025/3/11 16:14,[憨笑][憨笑][憨笑],0
2025/3/11 16:14,先买套烤冷面吧，看能不能加个蛋,0
2025/3/11 16:16,买个魔芋爽爽爽得了,0
2025/3/11 16:16,车,0
2025/3/11 16:19,买股票,0
2025/3/11 16:19,@香菜??泡饭,0
2025/3/11 16:23,先发给我,0
2025/3/11 16:23,@夹心,0
2025/3/11 16:28,两手抓,0
2025/3/11 16:30,先买泡面加个肠 填饱肚子找班上,0
2025/3/11 16:30,九块钱可以买饭了，夜市外面那些炒饭八块钱一盒[微笑],0
2025/3/11 16:31,咱买2馒头一包榨菜行吗[泪奔],0
2025/3/11 16:32,转我,0
2025/3/11 16:37,先买瓶矿泉水喝喝，记得一定要买康师傅的,0
2025/3/11 16:37,你这个余额不用担心,0
2025/3/11 16:41,先买坟，那才是人生最终归宿,0
2025/3/11 16:47,删掉让我说[偷笑],1
2025/3/11 16:56,@-多多子 @阿萨姆奶茶,0
2025/3/11 16:56,先买卷纸,0
2025/3/11 17:02,@Vercetti1995,0
2025/3/11 17:04,买个刮刮乐！[呆无辜]实在不行买点泡面把这周的饭解决了也不错,0
2025/3/11 17:04,缺个消防员男朋友吗，我同事单身,0
2025/3/11 17:05,哈哈哈哈哈,0
2025/3/11 17:08,先买彩票,0
2025/3/11 17:10,买三瓶冰红茶喝一瓶倒两瓶,0
2025/3/11 17:15,在北京够买个饼不？,0
2025/3/11 17:19,去买几个白馒头应付一下,0
2025/3/11 17:22,两块买彩票五块买馒头买面,0
2025/3/11 17:23,先买一瓶莎普爱思[灵机一动],0
2025/3/11 17:25,买包魔芋爽自己爽爽,0
2025/3/11 17:27,能出个小米香烟吗 抽了肺不黑那种[愉快],0
2025/3/11 17:29,事已至此，先吃饭吧[看],0
2025/3/11 17:30,吃不了什么，还不如买点喝的,0
2025/3/11 17:39,@她是小机灵鬼,0
2025/3/11 17:46,买彩票,0
2025/3/11 17:49,先贷款[捂脸],0
2025/3/11 17:54,买袋辣条吧,0
2025/3/11 17:57,先买米,0
2025/3/11 17:59,先睡觉,0
2025/3/11 18:00,先买枕头，睡着了房车都有了[看],0
2025/3/11 18:01,零钱通买车，零钱买房,0
2025/3/11 18:02,买杯奶茶喝一下,0
2025/3/11 18:05,先打个滴滴,0
2025/3/11 18:08,你先，买了佛冷,1
2025/3/11 18:10,很难花的完,0
2025/3/11 18:14,@虎视牛步,0
2025/3/11 18:21,先给手机充电吧，看得我焦虑[尬笑],0
2025/3/11 18:24,买个枕头，二手的就行[比心],0
2025/3/11 18:25,先去买个新好饭吃吃算了,0
2025/3/11 18:26,@Lemonee?? 啊哈哈哈哈,0
2025/3/11 18:26,先买米[泣不成声]饭不一定吃得起,0
2025/3/11 18:31,乖，咱不买，留着挣利息[调皮],0
2025/3/11 18:31,先买泡面,0
2025/3/11 18:32,先买个馒头[疑问],0
2025/3/11 18:33,先买个枕头[捂脸],0
2025/3/11 18:35,先凑十块钱吧,0
2025/3/11 18:35,大乐透[看],0
2025/3/11 18:38,哈哈哈哈哈哈哈哈哈,0
2025/3/11 18:41,先赊一碗猪脚饭,0
2025/3/11 18:45,先活着[泪奔],0
2025/3/11 18:55,买菜,0
2025/3/11 18:55,买个煎蛋吧,0
2025/3/11 18:59,先睡觉[看],0
2025/3/11 19:00,买条绳子[流泪],1
2025/3/11 19:01,6块钱的肠粉,0
2025/3/11 19:03,先醒醒[灵机一动],0
2025/3/11 19:04,睡觉,0
2025/3/11 19:04,先买个门诊，兄弟，纠结是病,1
2025/3/11 19:05,买彩票吧[暗中观察],0
2025/3/11 19:05,先想着吧,0
2025/3/11 19:06,拼多多9.9的东西都秒不下来[微笑],0
2025/3/11 19:06,这边建议吃个手抓饼先,0
2025/3/11 19:08,先给手机充电,0
2025/3/11 19:08,先卖命,1
2025/3/11 19:08,零钱买房 零钱通的钱买车,0
2025/3/11 19:10,买根辣条[看],0
2025/3/11 19:10,先活着[泣不成声],0
2025/3/11 19:11,先买包辣条吧,0
2025/3/11 19:12,买一盒大富翁，都能买,0
2025/3/11 19:17,先睡觉,0
2025/3/11 19:18,哈哈哈哈哈,0
2025/3/11 19:21,先转给我[害羞],0
2025/3/11 19:22,@AiHeYun,0
2025/3/11 19:22,先睡觉,0
2025/3/11 19:24,先买点馒头面条吗，扛吃,0
2025/3/11 19:25,先活着吧,0
2025/3/11 19:28,先去楼下买个棒棒糖??,0
2025/3/11 19:28,买饭都够呛,0
2025/3/11 19:29,买儿童车和房都需要贷款,0
2025/3/11 19:32,来个拼好饭吧[泪奔],0
2025/3/11 19:32,买彩票吧,0
2025/3/11 19:33,先买菜,0
2025/3/11 19:34,先买了棒棒糖吃,0
2025/3/11 19:37,购买丝袜了 [他急了],0
2025/3/11 19:39,一块多钱还放零钱通吃利息啊,0
2025/3/11 19:40,@涂涂小兔~ 这得先买包子,0
2025/3/11 19:40,那个小盒才是永远的家啊[不失礼貌的微笑],0
2025/3/11 19:40,先吃饭[流泪],0
2025/3/11 19:40,买饭都费劲[捂脸],0
2025/3/11 19:41,先睡觉梦里啥都有[看],0
2025/3/11 19:41,买桶泡面加根肠,0
2025/3/11 19:43,买两包魔芋爽爽下得了,0
2025/3/11 19:47,@田田都要开心呀?? [泣不成声],0
2025/3/11 19:47,先买饭??,0
2025/3/11 19:48,放零钱通吧，还有巨额利息,0
2025/3/11 19:49,@blue.,0
2025/3/11 19:49,先找个男人[抠鼻],1
2025/3/11 19:49,先吃饱饭 听话,0
2025/3/11 19:51,[泣不成声][泣不成声][泣不成声],0
2025/3/11 19:51,[流泪][流泪],0
2025/3/11 19:52,[流泪][流泪][流泪][流泪],0
2025/3/11 19:52,先买老面馒头吧[捂脸],0
2025/3/11 19:52,哈哈哈[捂脸],0
2025/3/11 19:57,买水都得买冰露[微笑],0
2025/3/11 19:59,下楼买根香肠吃吧，给我捎一根,0
2025/3/11 20:04,买个好一点的微信吧，余额可能会多点,1
2025/3/11 20:04,@一帆,0
2025/3/11 20:04,先买碗,0
2025/3/11 20:05,一块吧，,0
2025/3/11 20:08,先买小米 再买小米su7,0
2025/3/11 20:08,先上班[呲牙],0
2025/3/11 20:09,你先买包魔芋爽爽爽得了！,1
2025/3/11 20:09,先买菜烧饭吧,0
2025/3/11 20:09,先买彩票[呲牙],0
2025/3/11 20:13,@小能。,0
2025/3/11 20:13,买根棒棒糖吧，还可以吃碗泡面,0
2025/3/11 20:25,车子是消耗品，房子只是暂时的港湾，坟才是最后的归宿！听哥的，先买坟！,1
2025/3/11 20:26,先买两馒头[看],0
2025/3/11 20:26,先买点酒，喝醉了车和房都有了,1
2025/3/11 20:27,雷总4400亿身价，你搞这出[捂脸]。这要是咯噔一下。,1
2025/3/11 20:30,先买2块的双色球,0
2025/3/11 20:44,还是先买馒头吧,0
2025/3/11 20:47,买地皮,0
2025/3/11 20:51,先活下去,0
2025/3/11 20:52,先吃口拼好饭[捂脸],0
2025/3/11 20:53,先凑够一碗饭吃了不饿就行,0
2025/3/11 20:53,先买饭，再撤,0
2025/3/11 20:58,你还是先充电吧[流泪],1
2025/3/11 21:05,买根棒棒糖,0
2025/3/11 21:07,@包子眸  哈哈哈哈笑屎了,0
2025/3/11 21:09,买彩票,0
2025/3/11 21:09,先买包辣条压压惊吧[九转大肠][九转大肠],0
2025/3/11 21:11,不该你考虑的事,1
2025/3/11 21:12,先买个棒棒糖,0
2025/3/11 21:14,先睡觉,0
2025/3/11 21:14,@听不见大声点 @?????村委会NPC,1
2025/3/11 21:14,一起买，有车有房[捂脸],0
2025/3/11 21:16,@星期1不上班 @洪糖奶酥 笑死我了,0
2025/3/11 21:17,先买个报纸盖着，白天好睡觉,1
2025/3/11 21:18,买车吧[白眼],1
2025/3/11 21:19,早点睡，梦里直接把马斯克的公司给收了,0
2025/3/11 21:19,成年人不做选择，都买[赞][赞][捂脸][捂脸][捂脸],0
2025/3/11 21:19,想办法先续个命吧,0
2025/3/11 21:23,@如也、,0
2025/3/11 21:26,好贵[尬笑],0
2025/3/11 21:28,请不要难为自己，纯属自寻烦恼啊朋友[捂脸],0
2025/3/11 21:29,??????????????????????????????????????????????????(*′I`*)114450,0
2025/3/11 21:29,先买张彩票吧，万一呢，是不是,0
2025/3/11 21:29,车房都是带不走的了，搞个最终的归属一次到位？,0
2025/3/11 21:29,事已至此不如先吃饭？,0
2025/3/11 21:30,先买水[捂脸]  我怕他渴死[捂脸],0
2025/3/11 21:31,建议先买个棒棒糖。先把甜头尝到[捂脸],0
2025/3/11 21:32,先贷款三块钱买个拼好饭吧[呆无辜],0
2025/3/11 21:33,听我的，房子只是暂时的港湾，车子只是代步工具，还是一步到位吧，买骨灰盒,1
2025/3/11 21:34,上面的买房 下面的买车啊[泪奔],0
2025/3/11 21:35,先买两包五毛的辣条,0
2025/3/11 21:36,拼好饭,0
2025/3/11 21:38,买魔芋[看],0
2025/3/11 21:41,买俩泡泡糖吧,0
2025/3/11 21:41,两手一起抓,0
2025/3/11 21:42,先买个早餐吧[不你不想],0
2025/3/11 21:44,@?,0
2025/3/11 21:45,直接买辆房车，同时拥有“房和车”,0
2025/3/11 21:45,先买个1块钱包子吧[泪奔],0
2025/3/11 21:45,你还是先抱个富婆再说吧,1
2025/3/11 21:47,我给你转一分，798买个比亚迪秦,1
2025/3/11 21:49,转给我，我跟别人说你有车有房,1
2025/3/11 21:51,可以买一斤小米[捂脸][捂脸],0
2025/3/11 21:51,买彩票然后睡觉时候再美美的做个梦，啥都有了[暗中观察],0
2025/3/11 21:51,先买馒头,0
2025/3/11 21:54,先买馒头[泣不成声][泣不成声][泣不成声],0
2025/3/11 21:55,先看病,0
2025/3/11 21:56,笑死了[泪奔][泪奔][泪奔],0
2025/3/11 21:56,先买饭,0
2025/3/11 21:57,买个冰红茶和一下冷静一下,0
2025/3/11 21:58,[泪奔][泪奔][泪奔][泪奔],0
2025/3/11 22:00,@江斩愿,0
2025/3/11 22:03,感觉不是恶意别车，感觉到了超车不妥之后还打了个转向灯[捂脸],0
2025/3/11 22:03,活下来，留得青山在，不怕没柴烧,0
2025/3/11 22:06,@??????很爱吃香菜????????,0
2025/3/11 22:07,先买个泡面和火腿,0
2025/3/11 22:07,给我买杯蜜雪我帮你好好想想先买哪个[呲牙],0
2025/3/11 22:12,买个冰棍儿甜甜嘴[比心],0
2025/3/11 22:14,先睡觉吧，梦到啥是啥[看],0
2025/3/11 22:14,买包辣条吧,0
2025/3/11 22:17,买菜,0
2025/3/11 22:24,@月球上的一粒盐 看下面,0
2025/3/11 22:25,@唯有自渡·,0
2025/3/11 22:25,先买米,0
2025/3/11 22:29,辣条,0
2025/3/11 22:31,先躺平,0
2025/3/11 22:34,先睡觉,0
2025/3/11 22:34,先买个彩票吧[灵机一动],0
2025/3/11 22:36,@杨杨玉大码女装青州泰华城店 @三芊昔沐颜1 @遇见summer,0
2025/3/11 22:39,先转给我,0
2025/3/11 22:41,@无敌小聋瞎 [泪奔][泪奔],0
2025/3/11 22:42,两个棒棒糖,0
2025/3/11 22:47,先买桶泡面吧[尬笑],0
2025/3/11 22:55,买早餐都困难[看],0
2025/3/11 22:58,先买彩票吧[捂脸],0
2025/3/11 22:59,先赚钱[翻白眼][思考],0
2025/3/11 23:10,你这买??都困难,1
2025/3/11 23:11,乖，先吃饱,0
2025/3/11 23:13,放零钱通吃利息就有花不完的??了,0
2025/3/11 23:18,转给我，我帮你纠结[灵机一动],0
2025/3/11 23:21,3块钱一根的烤肠都买不起[泪奔],0
2025/3/11 23:25,买俩馒头吃饱睡觉[泣不成声],0
2025/3/11 23:25,买房买车可自信决定，毕竟差太远都一样的,0
2025/3/11 23:26,先买碗重庆小面，加个煎蛋,0
2025/3/11 23:27,保命要紧[捂脸],0
2025/3/11 23:31,买菜吧,0
2025/3/11 23:33,定80万我不买就省了80万，定50万我只省了50万，你说这定价是好是坏[愉快],0
2025/3/11 23:38,@stronge mike @广墨 @有猫有狗 @陈冰入川 @颜值阁,0
2025/3/11 23:40,那我可以车房一起买了,0
2025/3/11 23:44,先吃饱卫龙,0
2025/3/11 23:46,宝贝 咱多看书多看报少吃零食多睡觉啊,0
2025/3/11 23:50,先考虑吃鸡公煲还是蛋炒饭[惊恐],0
2025/3/11 23:53,买了否冷[泪奔][泪奔][泪奔],0
2025/3/11 23:53,可能只能买碗小面还差点儿,0
2025/3/12 0:02,先买桶泡面，记得加肠[灵机一动],0
2025/3/12 0:03,@淅榥,0
2025/3/12 0:04,先买馒头[机智],0
2025/3/12 0:09,先买瓶哇哈哈解解渴,0
2025/3/12 0:10,先买一组双色球，在买一桶泡面，然后第二天去看车，第三天去看房,0
2025/3/12 0:14,@财神眷顾 ? [泣不成声][泣不成声][泣不成声],0
2025/3/12 0:24,先来一杯蜜雪柠檬水,0
2025/3/12 0:30,先买钱吧，哈哈,1
2025/3/12 0:35,不应该是先买药？,0
2025/3/12 0:36,买个大乐透吧,0
2025/3/12 0:44,先来份拼好饭[比心],0
2025/3/12 0:51,@C大爷,0
2025/3/12 0:51,@?? [泪奔][泪奔][泪奔],0
2025/3/12 0:52,[捂脸],0
2025/3/12 0:52,买根烟 抽抽,0
2025/3/12 0:53,先花五块去挂号[捂脸],0
2025/3/12 0:56,买杯蜜雪冰城柠檬水，顺便来根烤肠,0
2025/3/12 1:01,[泪奔][泪奔][泪奔]先买两个馒头吧[泪奔],0
2025/3/12 1:10,先吃饭,0
2025/3/12 1:13,先买个枕头，给垫高点[九转大肠],0
2025/3/12 1:14,买莎普爱思滴眼睛,0
2025/3/12 1:14,先睡觉，再买彩票[白眼],0
2025/3/12 1:18,先醒来,0
2025/3/12 1:22,先睡觉,0
2025/3/12 1:58,买彩票都不够,0
2025/3/12 2:03,买个拼好饭吧[快哭了],0
2025/3/12 2:14,拼好饭[暗中观察],0
2025/3/12 2:26,大可不必这么为难自己[捂脸],0
2025/3/12 2:26,先买瓶水喝吧[大笑],0
2025/3/12 2:27,@灰色,0
2025/3/12 2:48,先买棒棒糖??,0
2025/3/12 3:19,[捂脸][捂脸][捂脸],0
2025/3/12 3:27,@八年.,0
2025/3/12 3:34,[宕机],0
2025/3/12 3:39,买几包辣条吧[看],0
2025/3/12 4:24,@炸鸡腿儿 @潇宵 @渋菋 @尘 @偏偏爱财 @清欢（摆烂发疯版),0
2025/3/12 4:53,先买袋馒头,0
2025/3/12 5:16,吃个米粉吧，还能再买瓶可乐,0
2025/3/12 5:20,别纠结 都要,0
2025/3/12 5:48,先买一桶泡面养活自己[捂脸],0
2025/3/12 6:32,先买双色球[呲牙],0
2025/3/12 6:49,先买饭[宕机],0
2025/3/12 6:51,好开吗,0
2025/3/12 6:55,先买早餐吧[泪奔]必定饿肚子很难受[泪奔],0
2025/3/12 6:58,先买一点大头菜吃[抠鼻][抠鼻][抠鼻],0
2025/3/12 7:00,还是什么都别买了  存着吧,0
2025/3/12 7:02,买个迪奥,0
2025/3/12 7:07,买房车，房和车子都解决了[看]但是先考虑下一顿饭吧,0
2025/3/12 7:10,先买泡面,0
2025/3/12 7:11,要不先把手机关了省点电,0
2025/3/12 7:12,别买了,1
2025/3/12 7:17,买的了饭?? 3块钱 没有菜,0
2025/3/12 7:24,共享单车多骑会儿都付不了款,0
2025/3/12 7:27,先睡吧[泪奔],0
2025/3/12 7:31,应该是先买包子,0
2025/3/12 7:32,先买个小雪冷静一下,0
2025/3/12 7:32,@可可黄 @开开,0
2025/3/12 7:33,@不要说再见 [捂脸][捂脸][捂脸],0
2025/3/12 7:40,成年人才不做选择，都买,0
2025/3/12 7:40,先买个裤衩穿上[困],1
2025/3/12 7:42,还是买彩票吧[捂脸],0
2025/3/12 7:44,先睡觉[尬笑],0
2025/3/12 7:47,买个睡觉用的眼罩。梦里房车都有,0
2025/3/12 7:50,@顾己          z?,0
2025/3/12 7:51,先买包辣条坐下来慢慢想,0
2025/3/12 7:57,先买包子,0
2025/3/12 7:58,先点个外卖,0
2025/3/12 8:00,"先买俩馒头
听哥的
活着比什么都强",0
2025/3/12 8:01,先买两斤大米吧[捂脸],0
2025/3/12 8:01,买个淀粉肠吃先,0
2025/3/12 8:04,先买个性感的内裤，,0
2025/3/12 8:06,全款拿下一套煎饼果子吧！,0
2025/3/12 8:08,反正没钱，都买了吧，你会发现房和车都买了之后比现在更稳定，赚钱也快多了,0
2025/3/12 8:12,搞两包辣条过过瘾得了,0
2025/3/12 8:13,格局小了哈，钱不是问题，关键房子跟车子配不了你的气质,1
2025/3/12 8:13,先买馒头后买水,0
2025/3/12 8:13,能活着再说吧[泣不成声],1
2025/3/12 8:15,先买个包子,0
2025/3/12 8:16,先填饱肚子,0
2025/3/12 8:16,先搞2根淀粉肠,0
2025/3/12 8:17,买个面包和牛奶   都会有的加油[赞][赞],0
2025/3/12 8:18,先睡觉，梦里都有,0
2025/3/12 8:21,先买房还是买车,0
2025/3/12 8:22,村里有自来水[捂脸],0
2025/3/12 8:24,8块买瓶勇闯喝喝,0
2025/3/12 8:26,@人生若只如初见 @感觉至上,0
2025/3/12 8:27,先买根棒棒糖??，自己先甜了再说，你朋友替你吃苦。,1
2025/3/12 8:29,[抠鼻]先买我,1
2025/3/12 8:30,先买包辣条，仔细想想[看],0
2025/3/12 8:30,有梦想是好的[捂脸],0
2025/3/12 8:31,@臭卖配件的????,1
2025/3/12 8:35,先买条老冰棍冷静冷静,0
2025/3/12 8:36,@泪痣文 [捂脸][捂脸],0
2025/3/12 8:41,买个大西瓜,0
2025/3/12 8:44,先睡一觉，睡着了梦里啥都有，我也赶紧去睡觉了[尬笑],0
2025/3/12 8:45,先活着吧兄弟,0
2025/3/12 8:46,先活着,0
2025/3/12 8:47,先买一碗小米粥喝一喝,0
2025/3/12 8:48,步骤错了 ， 先买彩票 下一步根据中奖待定[捂脸],0
2025/3/12 8:50,先买个退烧药，孩子快烧坏了,0
2025/3/12 8:51,先买身吧,1
2025/3/12 8:53,买根烤肠吃先。[泪奔],0
2025/3/12 8:55,先买八块钱馒头,0
2025/3/12 8:55,先买彩票,0
2025/3/12 8:56,玩具店你都买不起车和房，可能只有拼多多可以一试了[泪奔],1
2025/3/12 8:56,@是满满呀 @Zoey??,0
2025/3/12 8:59,买老婆先吧，毕竟淘宝上还包邮,1
2025/3/12 9:00,先买药[捂脸],0
2025/3/12 9:00,乖，听话，咱先买个包子[不失礼貌的微笑],0
2025/3/12 9:03,@用户8652091518488 @小野马 @双眼皮的鲸鱼妹妹 @不会再掉头发了 @半糖半咸 @桃花酥??,0
2025/3/12 9:04,先吃饱饭[捂脸],0
2025/3/12 9:06,当然是全部都要,0
2025/3/12 9:07,先醒醒！,1
2025/3/12 9:07,先把0钱放0钱通吧，多少多赚点利率[比心],0
2025/3/12 9:08,买房,0
2025/3/12 9:08,买烟,0
2025/3/12 9:09,先充电,0
2025/3/12 9:10,@一个小崽汁??,1
2025/3/12 9:15,先买彩票,0
2025/3/12 9:17,先买包辣条好好想想,0
2025/3/12 9:17,先活着,0
2025/3/12 9:18,@pljjjyy 哈哈哈,0
2025/3/12 9:20,去买房车吧，车房都有啦,0
2025/3/12 9:20,上边买房，下边买车，一次性到位[比心],0
2025/3/12 9:22,先做梦[泣不成声],1
2025/3/12 9:22,先活着[泪奔],0
2025/3/12 9:23,先买米，真的,0
2025/3/12 9:24,零钱买房，零钱通里的钱买车,0
2025/3/12 9:24,哥们，先买个寂寞犹豫脑瓜子疼吧[流泪],1
2025/3/12 9:25,健康保险了解一下这个情况[捂脸][捂脸],0
2025/3/12 9:26,先买米或者水稻种。,0
2025/3/12 9:26,买鸡蛋灌饼,0
2025/3/12 9:27,先醒醒,1
2025/3/12 9:30,先赚钱吧[大笑],0
2025/3/12 9:31,挺好的 先买彩票 还能买瓶水 投资少 回报大 亏了也不心疼[看],0
2025/3/12 9:34,@桃之夭夭. 哈哈哈,0
2025/3/12 9:35,哈哈哈哈哈,0
2025/3/12 9:35,先买早餐,0
2025/3/12 9:36,拼好饭能吃顿好的[呲牙],0
2025/3/12 9:36,先买碗吧还是,0
2025/3/12 9:37,@赌爱 [笑哭],0
2025/3/12 9:38,先去沙县大酒店点个米粉吃一下吧[看]，先问有没有7块钱的,0
2025/3/12 9:38,不行，先卖点东西出去吧！比如肾,1
2025/3/12 9:38,都89了还找男朋友[泣不成声],1
2025/3/12 9:39,先买个棒棒糖哄哄自己,0
2025/3/12 9:39,听我的，先去地摊上买条丝袜，然后就有高富帅追你，然后你再羞答答的欲拒还迎的答应他，最后你车房都有了，在最后如果你成功了，别忘了V我500的咨询费啊太太[干饭人][干饭人][干饭人],1
2025/3/12 9:39,哈哈哈哈哈,0
2025/3/12 9:41,@小桑福常在,0
2025/3/12 9:42,先买早饭,0
2025/3/12 9:43,这点估计买饭都困难了，我感觉先睡觉还行[捂脸][捂脸],0
2025/3/12 9:44,买个房车,0
2025/3/12 9:45,先纠结中午的拼好饭,0
2025/3/12 9:49,先睡一觉，梦里啥都有,0
2025/3/12 9:50,先买一注双色球,0
2025/3/12 9:52,先买包辣条,0
2025/3/12 9:54,卖麻辣王子吧,1
2025/3/12 9:54,先买房在房车，如150先20车90房还有剩,0
2025/3/12 9:55,先买俩馒头吧[偷笑],0
2025/3/12 9:55,可以都要，因为要先做梦[泣不成声],0
2025/3/12 9:56,先买泡面加根火腿肠,0
2025/3/12 9:56,第一个买房，第二个买车,0
2025/3/12 9:58,先买个饼??,0
2025/3/12 9:59,先活着,0
2025/3/12 9:59,先吃早饭,0
2025/3/12 10:00,实在不行先借我吧[吃瓜群众],0
2025/3/12 10:01,先活着,0
2025/3/12 10:01,先保命,0
2025/3/12 10:02,先买彩票吧[笑哭],0
2025/3/12 10:02,预判了我哈哈哈,0
2025/3/12 10:03,先醒[灵机一动],0
2025/3/12 10:04,买房,0
2025/3/12 10:05,还是馒头吧,0
2025/3/12 10:06,先活着吧！,0
2025/3/12 10:08,跟我想的一样[捂脸],0
2025/3/12 10:08,先买药,0
2025/3/12 10:08,买根棒棒糖??甜一下[大笑],0
2025/3/12 10:08,先买个泡面吧,0
2025/3/12 10:09,@妹妹?? @贞贞的贞,0
2025/3/12 10:10,先吃饭[灵机一动],0
2025/3/12 10:13,零钱买房  零钱通买车 两者都有[捂脸],0
2025/3/12 10:13,还是先买一斤面条[捂脸]省着点吃能管一个星期[泣不成声],0
2025/3/12 10:15,先卖血,1
2025/3/12 10:16,先买个馍馍,0
2025/3/12 10:16,先吃饱吧,0
2025/3/12 10:16,你怎么抢了我的话[捂脸],0
2025/3/12 10:16,先活着[泪奔],0
2025/3/12 10:21,9.9的瑞幸还差几毛,0
2025/3/12 10:22,@李火火??,0
2025/3/12 10:23,先买彩票,0
2025/3/12 10:24,车子是消耗品，房子只是暂时的港湾，坟才是最后的归宿！听哥的，先买坟！,1
2025/3/12 10:26,先买根烤肠，中午吃肠衣，晚上吃肉,0
2025/3/12 10:29,[捂脸],0
2025/3/12 10:29,先买包纸巾哭一会,0
2025/3/12 10:31,能开零钱通说明征信不差，至少是个白户，妹妹要办个贷款不，买车买房都行,0
2025/3/12 10:32,先买了素包子把,0
2025/3/12 10:33,先醒醒,1
2025/3/12 10:34,先买房,0
2025/3/12 10:34,还能买四注福利彩票，拨一拨单车变摩托,0
2025/3/12 10:35,01，02，06，07，18，22*12，明天开奖，祝君好运。我只能帮你到这了,0
2025/3/12 10:36,先贷个几十万吧,0
2025/3/12 10:37,先转给我吧[色],1
2025/3/12 10:38,@炒菜不抄蔡,1
2025/3/12 10:39,买个饼,0
2025/3/12 10:40,先活着,0
2025/3/12 10:40,要不参与下五百万项目[机智],0
2025/3/12 10:41,我建议先存着[灵机一动],0
2025/3/12 10:43,买点馒头吧，咸菜可能也够呛,0
2025/3/12 10:45,馒头,0
2025/3/12 10:45,先买俩馒头填饱肚子,0
2025/3/12 10:47,先买药,0
2025/3/12 10:47,买三注彩票啦,0
2025/3/12 10:49,先买老冰棍,0
2025/3/12 10:49,@??美少女壮士,0
2025/3/12 10:50,先买个枕头[捂脸],0
2025/3/12 10:51,先保命吧[捂脸],0
2025/3/12 10:51,先买桶泡面,0
2025/3/12 10:52,先拼个饭[泪奔],0
2025/3/12 10:54,这个数太大了，存着，别让人发现了,1
2025/3/12 10:55,买馒头可以……,0
2025/3/12 10:57,先活着,0
2025/3/12 10:57,我养你啊,0
2025/3/12 11:00,要不先买个饼吧,0
2025/3/12 11:01,还可以买很好的了[大笑],0
2025/3/12 11:01,那很有实力了,0
2025/3/12 11:03,先买包辣条吧,0
2025/3/12 11:06,沙县,0
2025/3/12 11:06,你还是花个两块钱买包魔芋爽，先爽一爽吧,1
2025/3/12 11:06,h?h?h?h?h,0
2025/3/12 11:08,买个冰棍儿，先冷静冷静吧[看],0
2025/3/12 11:08,先买两颗药吃吃吧[捂脸],1
2025/3/12 11:09,买个彩票吧,0
2025/3/12 11:11,还是先都放零钱通里  收个利息再买吧,0
2025/3/12 11:12,听我的买俩包子 吃饱就睡觉[送心],0
2025/3/12 11:12,先买方便面[尬笑],0
2025/3/12 11:15,买个枕头睡一觉,0
2025/3/12 11:16,先买个拼好饭顶一下吧,0
2025/3/12 11:16,先买瓶娃哈哈哇    饭也够呛[捂脸],0
2025/3/12 11:16,要不先醒醒呢[看],0
2025/3/12 11:17,@artan 哈哈哈哈哈,0
2025/3/12 11:17,@Dxzxygr,0
2025/3/12 11:19,现买张公交车票坐坐吧,0
2025/3/12 11:19,下午去看看房[暗中观察],0
2025/3/12 11:19,建议都买，毕竟成年人不做选择,0
2025/3/12 11:21,先买两个棒棒糖??,0
2025/3/12 11:21,先睡觉,0
2025/3/12 11:22,先买个盒儿,0
2025/3/12 11:22,先睡着[绝望的凝视],0
2025/3/12 11:22,买彩票,0
2025/3/12 11:23,先买包姨妈巾，过好当下[呲牙],0
2025/3/12 11:26,[大笑],0
2025/3/12 11:27,@Y.Y 要好多彩礼 说就是  反正都没得[捂脸][捂脸],1
2025/3/12 11:27,先活着吧！[捂脸],0
2025/3/12 11:27,买个棒棒糖，甜一秒是一秒,0
2025/3/12 11:28,先活着吧。,0
2025/3/12 11:29,先活着吧,0
2025/3/12 11:30,先花两块钱做个公益,0
2025/3/12 11:31,先充电,0
2025/3/12 11:31,买个馒头泡水喝,0
2025/3/12 11:31,先拼饭,0
2025/3/12 11:31,先贷款,0
2025/3/12 11:33,先睡觉,0
2025/3/12 11:33,当务之急是买点儿饭吃，先活着好不好[看],0
2025/3/12 11:33,先把手机电充满起 我看着难受[不失礼貌的微笑],0
2025/3/12 11:34,买个碗，捡根棍。,0
2025/3/12 11:34,贷款买张彩票吧,1
2025/3/12 11:35,@0927z,0
2025/3/12 11:38,先去那几个馒头吧，能撑几天,0
2025/3/12 11:39,先买一桶泡面吃饱继续睡,0
2025/3/12 11:39,先买个早餐，而且还不要买荤的[泣不成声][泣不成声][泣不成声],0
2025/3/12 11:41,先参需不需要贷款[大笑],1
2025/3/12 11:42,7 点几个亿还不两个一起买[看],1
2025/3/12 11:43,八个多亿啊，那还考虑啥，楼车全买最豪华的[看],0
2025/3/12 11:44,吃个手抓饼吧,0
2025/3/12 11:44,买个馒头,0
2025/3/12 11:44,先买黑丝[捂脸],0
2025/3/12 11:48,先吃饭,0
2025/3/12 11:48,@小胡,0
2025/3/12 11:49,@夜幕,0
2025/3/12 11:49,先买饭,0
2025/3/12 11:50,@WuMen9T1n9 @??小森林,0
2025/3/12 11:50,要不先买个彩票试下,0
2025/3/12 11:51,买桶泡面[捂脸],0
2025/3/12 11:51,先买瓶水,0
2025/3/12 11:51,买个开心吧,0
2025/3/12 11:51,先买个棒棒糖让自己尝一下甜头,0
2025/3/12 11:52,先买几天的馒头吧,0
2025/3/12 11:52,零钱大头可以拿来买房  零钱通拿来买车  双管齐下,0
2025/3/12 11:53,@再也不熬夜,0
2025/3/12 11:55,先买根冰棍冷静冷静,0
2025/3/12 11:56,先脱贫[泣不成声],0
2025/3/12 11:59,@别熬夜早点睡,0
2025/3/12 11:59,先去两块钱买一张彩票[笑哭],0
2025/3/12 12:00,先活着,0
2025/3/12 12:02,要敢想买车又买房，成年人不做选择都要[灵机一动],0
2025/3/12 12:02,买彩票,0
2025/3/12 12:04,先买几个馒头,0
2025/3/12 12:05,先买饭吧,0
2025/3/12 12:06,先活着[看],0
2025/3/12 12:10,先脱贫,0
2025/3/12 12:11,先活着,0
2025/3/12 12:11,哈哈哈哈哈哈哈哈哈哈,0
2025/3/12 12:11,@Cheex @驴肉薄冰 我先买包辣条吃吃吧,0
2025/3/12 12:12,花两块钱买副手套，剩下的买馒头，去工地搬砖,0
2025/3/12 12:13,先买几个大馒头吧 还能顶几天,0
2025/3/12 12:14,@檀檀螺蛳粉 @从此以后好好背书 @小xin且66 @于小几点 @花百合 [笑哭][笑哭],0
2025/3/12 12:15,新疆这比钱确实买不起，在我们这边能吃两餐[看],0
2025/3/12 12:18,先解决温饱,0
2025/3/12 12:19,点份拼好饭，再让他送个不知名小饮料，够了[看],0
2025/3/12 12:20,先买个铁碗吧,0
2025/3/12 12:21,拼好饭点上吧,0
2025/3/12 12:21,先活下来[捂脸],0
2025/3/12 12:22,先买张彩票再说吧,0
2025/3/12 12:22,先买根火腿肠,0
2025/3/12 12:23,哈哈哈～看看能用出去吧,0
2025/3/12 12:23,零钱买房，零钱通买车，多大点事儿,0
2025/3/12 12:26,@-神明 [看],0
2025/3/12 12:27,@白了个白,0
2025/3/12 12:27,[看],0
2025/3/12 12:28,@白了个白,0
2025/3/12 12:28,先买双黑丝[捂脸],0
2025/3/12 12:31,买包辣条吧[白眼],1
2025/3/12 12:32,咬咬牙，车和房一起买了,0
2025/3/12 12:34,多喝水,0
2025/3/12 12:34,先睡觉，梦里啥都有,0
2025/3/12 12:35,存款 7 亿的话先买个炸鸡,0
2025/3/12 12:36,买瓜子,0
2025/3/12 12:36,买馒头,0
2025/3/12 12:36,先买个好枕头,0
2025/3/12 12:36,先活着[听歌],0
2025/3/12 12:36,梦里见[呲牙],0
2025/3/12 12:37,先买饭,0
2025/3/12 12:41,先活下去吧,0
2025/3/12 12:43,买颗安眠，睡着了梦里啥都有,0
2025/3/12 12:43,车子是消耗品，房子只是暂时的港湾，坟才是最后的归宿！听哥的，先买坟！,1
2025/3/12 12:43,@快乐小狗打球没有篮,0
2025/3/12 12:44,零钱买房零钱通买车[捂脸],0
2025/3/12 12:44,去楼下买袋魔芋爽 爽一爽,0
2025/3/12 12:44,先睡觉,0
2025/3/12 12:46,先买一块砖，慢慢积累,0
2025/3/12 12:48,[捂脸],0
2025/3/12 12:51,都买,0
2025/3/12 12:52,煎饼果子来一套,0
2025/3/12 12:52,7.9亿先买房吧，这1.1亿建议就这样存着拿利息,0
2025/3/12 12:53,先买个馒头,0
2025/3/12 12:54,[泪奔]买饭也困难,0
2025/3/12 12:55,买个馒头配水吃吧,1
2025/3/12 12:56,我觉得鱼和熊掌可以兼得，就你这余额你要不听我的一起安排[呲牙],1
2025/3/12 12:56,建议去一线城市买房[尬笑]应该能给小蚂蚁买一套了,0
2025/3/12 12:58,先买个肉夹馍吧,0
2025/3/12 12:58,买彩票吧[灵机一动],0
2025/3/12 12:59,先存着吧,0
2025/3/12 13:00,先买泡面[九转大肠][九转大肠],0
2025/3/12 13:00,买把水果刀吧。可以挣点饭钱,1
2025/3/12 13:02,转给我，买个教训,1
2025/3/12 13:03,[捂脸]实在不行先买杯泡面,0
2025/3/12 13:03,先买根老冰棍让自己先冷静一下[看],0
2025/3/12 13:04,先买保险[呲牙],0
2025/3/12 13:04,@听什么歌 @CiCiｉ @@Derive @卡斐 @碎梦小番薯??. @时予 @见是江 看评论，笑死我了,0
2025/3/12 13:05,先买个馍馍,0
2025/3/12 13:05,先买一颗棒棒糖??[尬笑],0
2025/3/12 13:05,@小鱼很困#,0
2025/3/12 13:05,先买包方便面吧,0
2025/3/12 13:06,先买个大头菜[捂脸],0
2025/3/12 13:07,@酒酿小?圆子,0
2025/3/12 13:09,先想办法活下去吧,0
2025/3/12 13:09,想买点核桃补一补,0
2025/3/12 13:10,先吃饱饭啦,0
2025/3/12 13:11,买个棒棒糖吧，先甜了自己,0
2025/3/12 13:13,这是你该考虑的吗？,1
2025/3/12 13:14,@0不是0,0
2025/3/12 13:14,买个枕头[比心],0
2025/3/12 13:15,先买颗糖给自己甜一下吧[黑脸][黑脸][黑脸],0
2025/3/12 13:15,先买个泡面吧[捂脸][捂脸],0
2025/3/12 13:16,@林洪武,0
2025/3/12 13:17,@Four兔 @????????可燃冰? 哈哈哈哈哈,0
2025/3/12 13:18,可以先在北京二环内买套房，再买台保时捷，剩下钱还够找8个男模[灵机一动],1
2025/3/12 13:20,先卖肾[泪奔],1
2025/3/12 13:20,先买注彩票，在买袋馒头[捂脸],0
2025/3/12 13:21,塑料袋还需要花钱？,0
2025/3/12 13:23,@??是冰冰丫?? [捂脸][捂脸][捂脸],0
2025/3/12 13:24,先吃个快餐??[舔屏],0
2025/3/12 13:26,先买个馒头吃饱,0
2025/3/12 13:26,买房车,0
2025/3/12 13:27,先吃饱饭,0
2025/3/12 13:28,先想想这个月怎么过吧,0
2025/3/12 13:29,@李李耶 [大笑],0
2025/3/12 13:29,@二阳??,0
2025/3/12 13:31,买个魔芋爽先爽爽得了,0
2025/3/12 13:32,上面的买房下面的买车,0
2025/3/12 13:32,先买米，应该可以买两斤，管饱,0
2025/3/12 13:33,先睡觉??,0
2025/3/12 13:33,先买彩票,0
2025/3/12 13:34,买个彩票都不够,0
2025/3/12 13:34,还是先活着吧,0
2025/3/12 13:35,记住买早饭,0
2025/3/12 13:36,你应该纠结你要买几个馒头抗几天[捂脸][捂脸],0
2025/3/12 13:39,先买药,0
2025/3/12 13:41,先正常呼吸,0
2025/3/12 13:41,[捂脸],0
2025/3/12 13:42,先睡觉,0
2025/3/12 13:42,余承东发布的问界s我觉得真的是两只耳朵中间的东西想出来的东西吗,1
2025/3/12 13:43,都买,0
2025/3/12 13:45,买个铁锨,0
2025/3/12 13:47,先买包辣片[捂脸],0
2025/3/12 13:51,去超市买点小米,0
2025/3/12 13:52,先买房,0
2025/3/12 13:53,有没有可能…饭是白米饭？[尬笑],0
2025/3/12 13:55,有钱了买中南海,0
2025/3/12 13:56,@小周呀yi 笑死我了这个,0
2025/3/12 13:57,先买包盐,0
2025/3/12 13:58,买包辣条吃吃吧[九转大肠],0
2025/3/12 14:00,"8.2万的赞有没有收益
你是敢发大家是敢点呀
说明大家一样的余额，一样的心情吧[比心][比心]",0
2025/3/12 14:01,先睡觉。睡着了就不饿了,0
2025/3/12 14:02,先买一根香,1
2025/3/12 14:03,先贷款,0
2025/3/12 14:03,买个辣条压压惊,0
2025/3/12 14:08,一起买,0
2025/3/12 14:11,先去买注彩票吧，搏一搏单车变摩托,1
2025/3/12 14:13,先活着[笑哭],0
2025/3/12 14:14,先活着不好吗？[抠鼻],0
2025/3/12 14:14,买个坦克[抠鼻],1
2025/3/12 14:15,先起床,0
2025/3/12 14:16,现在看你需要啥,0
2025/3/12 14:21,先睡觉,0
2025/3/12 14:21,买姨妈纸[呲牙][呲牙][呲牙],0
2025/3/12 14:23,都买,0
2025/3/12 14:24,先活着,0
2025/3/12 14:26,@拍照爱比耶,0
2025/3/12 14:26,@不普通,0
2025/3/12 14:29,你预判了我的预判,0
2025/3/12 14:29,[捂脸],0
2025/3/12 14:33,先买米,0
2025/3/12 14:33,哈哈哈哈哈哈哈,0
2025/3/12 14:34,先买淀粉肠[舔屏],0
2025/3/12 14:36,@芋泥啵啵cc [尬笑],0
2025/3/12 14:37,打上一口散酒喝了睡吧[吐血],1
2025/3/12 14:38,先买两包泡面,0
2025/3/12 14:40,先买个馍，填饱再说[大笑][大笑][大笑],0
2025/3/12 14:40,你可以看一下货币贬值100万，哈哈哈你这钱就可以买了[捂脸],0
2025/3/12 14:42,先买馒头吧[捂脸],0
2025/3/12 14:44,买杯打折的蜜雪柠檬茶[泪奔],0
2025/3/12 14:50,还用说吗[呲牙]先买房啊，如果买房的钱不够先解决温饱[泣不成声],0
2025/3/12 14:51,实在不行一起买吧,0
2025/3/12 14:53,@豚 @小王??,0
2025/3/12 14:55,我们这里有10块钱的猪脚饭，9.16剩下的0.94可以刷信用卡,0
2025/3/12 14:59,买袋辣条吧 恩……挺好[微笑],0
2025/3/12 14:59,@??爱吃鸡块.,0
2025/3/12 15:03,请我喝瓶可乐吧，反正这钱也不够买车买房,0
2025/3/12 15:04,先买个馍吧,0
2025/3/12 15:05,先吃饱吧[九转大肠],0
2025/3/12 15:06,先买两杯蜜雪柠檬水享受吧[晕][晕],0
2025/3/12 15:09,@蜡笔小柯. 哈哈哈哈,0
2025/3/12 15:10,买包辣条先吧,0
2025/3/12 15:10,买两馍馍，别一次吃完，怕你下顿饿着,0
2025/3/12 15:11,先贷款好吧,0
2025/3/12 15:13,@伊昂??lure?? 我先买房还是买车[白眼],0
2025/3/12 15:15,买泡面吧[捂脸],0
2025/3/12 15:16,听我的，先充电吧[暗中观察],0
2025/3/12 15:18,先买车，买车咬咬牙就买上了，买房需要时间[泪奔],0
2025/3/12 15:20,先别买了存着吧[看],0
2025/3/12 15:20,先买药，8块钱买16片，那玩意快,1
2025/3/12 15:20,买房车[白眼],1
2025/3/12 15:22,@He,0
2025/3/12 15:23,@@晚晚,0
2025/3/12 15:29,买块大饼吃吃[比心],0
2025/3/12 15:29,躺床上吃空气,0
2025/3/12 15:30,买杯蜜雪冰城吧[看],0
2025/3/12 15:30,先买彩票[流泪],0
2025/3/12 15:32,先买包辣条,0
2025/3/12 15:32,先买条内裤[尬笑],0
2025/3/12 15:35,先买个淀粉肠吧,0
2025/3/12 15:37,先买袋方便面+火腿消费一下吧[裂开],0
2025/3/12 15:38,买瓶二锅头吧，还能醉一场[皱眉],1
2025/3/12 15:38,先睡吧,0
2025/3/12 15:39,先买番茄小说会员，还能爽一爽[大笑],0
2025/3/12 15:46,先醒醒,1
2025/3/12 15:48,先活着[比心],0
2025/3/12 15:48,先买包泡面吧[尬笑],0
2025/3/12 15:53,先进厂[捂脸],0
2025/3/12 15:54,都买，不差钱[宕机],0
2025/3/12 15:54,零钱买房，零钱通买车[笑哭],0
2025/3/12 15:55,先买个饼充饥,0
2025/3/12 15:57,先买车,0
2025/3/12 16:00,先躺下睡觉,0
2025/3/12 16:08,先把这个月的花呗还一下[微笑],0
2025/3/12 16:08,买根烤肠,0
2025/3/12 16:08,买个彩票吧,0
2025/3/12 16:10,咱都一样，要不咱先活着呗，好不？[机智],0
2025/3/12 16:12,先想想下顿吃点儿啥[捂脸],0
2025/3/12 16:13,买个代步车，房可以建,0
2025/3/12 16:16,[赞][赞][赞][赞],0
2025/3/12 16:17,买个保险吧,0
2025/3/12 16:19,[愉快],0
2025/3/12 16:21,还是先买彩票吧,0
2025/3/12 16:24,@老实 [笑哭],0
2025/3/12 16:25,先贷款[捂脸],0
2025/3/12 16:26,买两袋魔芋爽，爽一下得了,0
2025/3/12 16:27,先买包手帕纸吧，一会梦醒了擦一下口水[捂脸],1
2025/3/12 16:30,还真能买的哇,0
2025/3/12 16:31,鱼和熊掌也可兼得,0
2025/3/12 16:34,@????????????.?,0
2025/3/12 16:34,先充电吧,0
2025/3/12 16:36,馒头还是可以的[泪奔],0
2025/3/12 16:36,先睡觉,0
2025/3/12 16:37,拼好饭,0
2025/3/12 16:38,扫个电动车骑骑也不错[尬笑],0
2025/3/12 16:40,你确实有机会的，好好考虑，比我多了一块钱,0
2025/3/12 16:42,先买一个面罩[呲牙],0
2025/3/12 16:42,单位是亿吗？为什么我的单位是元,0
2025/3/12 16:43,先买米[呲牙],0
2025/3/12 16:43,先买彩票,0
2025/3/12 16:43,这种不是应该先练辟谷么？,0
2025/3/12 16:45,买包辣条压压惊,0
2025/3/12 16:45,拼好饭都要9.9[赞],0
2025/3/12 16:47,买辣条[呲牙],0
2025/3/12 16:48,买八包魔芋爽 爽八次吧,0
2025/3/12 16:51,@光音Live音乐现场（陈路路）,0
2025/3/12 16:51,买包黄果树吧,1
2025/3/12 16:52,先睡觉，梦里啥都有[泪奔],0
2025/3/12 16:53,先买梦[抱抱你],0
2025/3/12 16:54,先买把面条吧 能多吃两顿。泡面只能吃一顿,0
2025/3/12 16:55,先睡觉吧,0
2025/3/12 16:57,@??Han????&# @张媛,0
2025/3/12 16:57,买保险，毕竟这么多钱搁谁那里能不害怕,0
2025/3/12 17:02,先买两颗蒜菜，吃完了梦里啥都有,0
2025/3/12 17:19,[泪奔][泪奔][泪奔],0
2025/3/12 17:21,先买被子,0
2025/3/12 17:22,转给我，凑份盒饭让我先吃一口,0
2025/3/12 17:23,先睡觉,0
2025/3/12 17:23,@晚點相遇,0
2025/3/12 17:25,先活着,0
2025/3/12 17:28,哈哈哈哈,0
2025/3/12 17:38,买张彩票吧,0
2025/3/12 17:39,哈哈哈,0
2025/3/12 17:40,全球物价贬值1亿倍，你这也是巨款[笑哭],0
2025/3/12 17:42,先睡觉,0
2025/3/12 17:44,先买个雪碧透心凉心飞扬一下,0
2025/3/12 17:44,买车吧，7块离70万也就差两个字[呲牙],0
2025/3/12 17:47,买瓶矿泉水都要两块了[捂脸],0
2025/3/12 17:50,买奶茶[尬笑],0
2025/3/12 17:50,先上班[泪奔],0
2025/3/12 17:56,把下顿饭吃饱先[偷笑],0
2025/3/12 17:56,两个都买，反正也买不起[看],0
2025/3/12 18:04,先买包辣条一瓶可乐平复一下,0
2025/3/12 18:06,零钱买房，零钱通收益买车,0
2025/3/12 18:06,哈哈哈哈哈,0
2025/3/12 18:09,先买拼好饭吧[捂脸],0
2025/3/12 18:10,两个互相转一下8元可以买两瓶性价比冰红茶,0
2025/3/12 18:14,先买房,0
2025/3/12 18:15,先买饼,0
2025/3/12 18:19,买包辣条[捂脸],0
2025/3/12 18:26,海尔老总才是真社恐[九转大肠],1
2025/3/12 18:30,先买??,0
2025/3/12 18:30,先买两个包子吧[捂脸],0
2025/3/12 18:31,@南寻。,0
2025/3/12 18:34,先拿去买彩票，到时候咋都有,1
2025/3/12 18:36,笑死我了,0
2025/3/12 18:36,不能房车一起嘛[看],0
2025/3/12 18:37,[捂脸],0
2025/3/12 18:38,先买个城 蜜雪冰城,0
2025/3/12 18:40,@wW?? @是谁的心呐_??,0
2025/3/12 18:41,还是先买馒头吧,0
2025/3/12 18:43,先买棒棒糖,0
2025/3/12 18:45,买包魔芋爽吃吃呗，因为我想吃了,0
2025/3/12 18:46,有个小说:全球身价缩水一百亿倍，但是你身价不变[赞]，您这个福布斯前10,0
2025/3/12 18:56,你先买两个棒棒糖??吧,0
2025/3/12 19:02,先买馒头吧，毕竟面包以后会有的,0
2025/3/12 19:06,一起吧,0
2025/3/12 19:10,先买个馒头吃吃吧[尬笑],0
2025/3/12 19:13,这么多巨款还是得先想想明天吃啥了[宕机],0
2025/3/12 19:14,先买不锈钢盆,0
2025/3/12 19:19,到底在纠结啥[尬笑],0
2025/3/12 19:23,你先想想明天吃啥[九转大肠],0
2025/3/12 19:25,最好还是先充电[捂脸],0
2025/3/12 19:25,@呦一 @半个吴彦祖 哈哈哈哈哈哈哈,0
2025/3/12 19:29,先睡觉吧,0
2025/3/12 19:33,转给我,0
2025/3/12 19:37,先攒攒买个闹钟吧,0
2025/3/12 19:42,听我的别乱花钱 这个存钱速度直接到老买个好点的盒子[捂脸],0
2025/3/12 19:45,先找个工作吧[捂脸],0
2025/3/12 19:47,先睡觉[灵机一动],0
2025/3/12 19:48,泡面里加不加蛋才是你该纠结的,0
2025/3/12 19:48,买个茶叶蛋吧！,0
2025/3/12 19:51,先买个馒头在买个碗 要完还能泡面,0
2025/3/12 19:57,要不一起买了吧,0
2025/3/12 19:59,先保命,0
2025/3/12 20:02,开个会员先,0
2025/3/12 20:05,买包瓜子吧 可以啃蛮久,0
2025/3/12 20:10,买包辣条,0
2025/3/12 20:15,肯定是房呀,0
2025/3/12 20:17,买纸巾吧，能管住不吃管不住不拉,1
2025/3/12 20:25,格局打开，一起买[比心][比心][呲牙][呲牙],0
2025/3/12 20:25,[捂脸],0
2025/3/12 20:28,先赚钱[害羞],0
2025/3/12 20:32,先买根淀粉肠,0
2025/3/12 20:33,哈哈哈哈哈哈,0
2025/3/12 20:35,上的北大还是清华,0
2025/3/12 20:40,买个煎饼果子摊俩蛋[玫瑰][玫瑰][玫瑰],0
2025/3/12 20:42,先买口气,1
2025/3/12 20:42,买水都够呛,0
2025/3/12 20:48,笑死了,0
2025/3/12 20:49,先买包盐吃一年[呲牙],0
2025/3/12 20:54,先买盆,0
2025/3/12 21:01,先回去吧，一会公交车停了这不够叫滴滴啊[捂脸],0
2025/3/12 21:13,你的纠结有点多虑了[紫薇别走],0
2025/3/12 21:16,@XCJLYX @1123爆米花 @软软 @啵啵 老婆 @清都山水郎 @小痛仰 @an- @啊不知道呐 @冰清玉洁厕灵 @iiio_ [机智],0
2025/3/12 21:18,彩票,0
2025/3/12 21:23,[暗中观察][暗中观察]我还以为只能买三瓶水可以活一周,0
2025/3/12 21:30,买杯蜜雪冰城喝喝得了,0
2025/3/12 21:36,先活命,0
2025/3/12 21:36,[捂脸],0
2025/3/12 21:36,吃饭都费劲[捂脸],0
2025/3/12 21:36,哈哈哈哈哈哈哈,0
2025/3/12 21:37,先买几个馒头管几天不饿[灵机一动],0
2025/3/12 21:39,买块儿棒棒糖吧，吃不上饭没有糖分啥的，容易让你暴躁,0
2025/3/12 21:47,先吃个早餐叭，肉肠七块[比心],0
2025/3/12 21:50,先买个手抓饼，边吃边考虑,0
2025/3/12 21:50,先买桶泡面吧 主要是人一旦饿了就喜欢产生幻想,0
2025/3/12 21:52,先活着,0
2025/3/12 21:53,先买泡面加火腿肠两根[泣不成声][泣不成声][泣不成声],0
2025/3/12 21:56,先抢个银行先 朋友[呲牙],1
2025/3/12 21:57,先买个馍,0
2025/3/12 21:58,先买馒头吧,0
2025/3/12 21:59,先充电[不看],0
2025/3/12 22:01,@暮夏晚. 零钱买房，零钱通买车[呆无辜],0
2025/3/12 22:03,买几个馒头吧[尬笑],0
2025/3/12 22:05,先贷款帮我买,1
2025/3/12 22:06,主要是买酒也喝不醉你啊[捂脸],0
2025/3/12 22:13,先给我吧,0
2025/3/12 22:14,买个彩票,0
2025/3/12 22:19,我家这边一份素食快餐这只够买一份素菜，但是没有饭，因为饭二块[捂脸],0
2025/3/12 22:20,上面的买车，下面的租房[酷拽],0
2025/3/12 22:23,@正能量公主,0
2025/3/12 22:23,先买饼吧,0
2025/3/12 22:25,一袋小米也能拿下，到时记得选选配置，看看是3块的环保袋，还是8毛的塑胶袋[看][看],0
2025/3/12 22:26,先吃饱[打脸],0
2025/3/12 22:27,买小米，糯米，都可以,0
2025/3/12 22:29,你这种情况买包我们福建的白狼吧[看],0
2025/3/12 22:30,就没有人发先买盆[捂脸],0
2025/3/12 22:32,[泪奔][泪奔][泪奔],0
2025/3/12 22:45,先贷款再买,0
2025/3/12 22:46,先买保险,0
2025/3/12 22:48,先买碗猪脚饭吃饱好搬砖[暗中观察],0
2025/3/12 22:49,@肉妈 先买饭哈哈哈哈哈哈哈哈哈哈哈,0
2025/3/12 22:49,先买张彩票,0
2025/3/12 22:53,先买纸,0
2025/3/12 22:55,先活下去,0
2025/3/12 22:56,先活着,0
2025/3/12 22:56,[尬笑]@小荣.,0
2025/3/12 22:57,先醒醒[看][看][看][看][看][看],0
2025/3/12 22:57,先买两馒头[看],0
2025/3/12 22:58,先纠结,0
2025/3/12 23:04,@杜宛凝,0
2025/3/12 23:08,玩具车可以买，玩具房可能还差点,0
2025/3/12 23:10,@114224%520520,0
2025/3/12 23:10,买饭都费劲[泪奔],0
2025/3/12 23:11,先嫁人,1
2025/3/12 23:12,先睡了[玫瑰],0
2025/3/12 23:14,房吧,0
2025/3/12 23:16,先买个彩票[比心],0
2025/3/12 23:19,@碳烤小肥杨 @努力中茶姐姐 @别人的羊驼,0
2025/3/12 23:20,7.19买房，1.19买车[灵机一动],0
2025/3/12 23:21,“自己的失败固然可怕，但是朋友的成功让我难受啊”,0
2025/3/12 23:22,先买米吧,0
2025/3/12 23:24,先买碗[捂脸],0
2025/3/12 23:24,先活着  哈哈哈哈,0
2025/3/12 23:27,先买彩票吧,0
2025/3/12 23:28,也预判我了[大笑],0
2025/3/12 23:28,那个每天一百五是真的牛逼 花小钱上热搜 这广告费省得[我想静静],1
2025/3/12 23:29,先睡觉,0
2025/3/12 23:30,我也想说这个[憨笑],0
2025/3/12 23:36,先活着[微笑],0
2025/3/12 23:37,先买张凉席,0
2025/3/12 23:37,先买小米还是先买江景？,0
2025/3/12 23:38,先买鸡蛋,0
2025/3/12 23:41,先买袋米，买饭只能够几顿[快哭了],0
2025/3/12 23:42,先充电吧,0
2025/3/12 23:44,别纠结，先全款买雷军的小米[捂脸],0
2025/3/12 23:48,@制度,0
2025/3/12 23:49,@Loly [捂脸][捂脸][捂脸],0
2025/3/12 23:49,先给我订一份黄焖鸡,0
2025/3/12 23:50,买房,0
2025/3/12 23:50,要不买个小一点的房车（模型）[泣不成声][泣不成声],0
2025/3/12 23:52,先买彩票[笑哭],0
2025/3/12 23:52,可以买两个棒棒糖,0
2025/3/12 23:53,先睡觉，睡着了啥都可以买,0
2025/3/12 23:59,先做梦哈！宝！[比心][比心][比心],0
2025/3/12 23:59,先睡觉,0
2025/3/13 0:02,可以买点点大米，小米嘛，算咯,0
2025/3/13 0:04,先吃饭吧,0
2025/3/13 0:11,买瓶水喝喝行了[躺平],0
2025/3/13 0:12,先买饭！！！！！,0
2025/3/13 0:15,可以阿，米饭3块一份，还有4块剩呢,0
2025/3/13 0:21,先买包魔芋爽[送心],0
2025/3/13 0:22,买个盆先,0
2025/3/13 0:23,先睡觉,0
2025/3/13 0:24,买包辣条追剧吧,0
2025/3/13 0:27,够娶老婆了兄弟,0
2025/3/13 0:28,先买碗[呲牙],0
2025/3/13 0:29,先活着,0
2025/3/13 0:30,先买烟[看],0
2025/3/13 0:30,@Guazio @德帅、,0
2025/3/13 0:30,@Ins @木 木,0
2025/3/13 0:36,买瓶二锅头，喝了车子房子都有[绝望的凝视],1
2025/3/13 0:39,小米什么时候打下房产啊 搞个小米房子住住[爱心],0
2025/3/13 0:43,一个饭2块，买个馒头还行,0
2025/3/13 0:48,先想想明天吃啥吧[看],0
2025/3/13 0:49,先来个烤肠吧,0
2025/3/13 0:49,拼好饭[送心],0
2025/3/13 0:54,乖 先睡觉,0
2025/3/13 0:55,先睡觉,0
2025/3/13 0:56,先下楼买个塑料袋套头上，感受一下高原反应，就当去西藏旅游了,1
2025/3/13 0:59,先活下去好不好朋友,0
2025/3/13 1:00,先睡觉吧[看],0
2025/3/13 1:07,先睡觉，梦里面什么都有[微笑],0
2025/3/13 1:14,拼多多拼个模型下来都麻烦,0
2025/3/13 1:16,这样子一直纠结着就好了[捂脸][捂脸],0
2025/3/13 1:17,哈哈哈哈哈哈哈,0
2025/3/13 1:17,[赞],0
2025/3/13 1:19,先卖肾[捂脸],1
2025/3/13 1:33,零钱不够买身来凑！,1
2025/3/13 1:34,姐，你这拼好饭都不够[看],1
2025/3/13 1:41,先买彩票吧,0
2025/3/13 1:42,先买烟,0
2025/3/13 1:52,听哥的 先卖血,1
2025/3/13 1:53,买辆纸扎车??,1
2025/3/13 1:56,先买个泡面加一瓶水,0
2025/3/13 2:12,都买,0
2025/3/13 2:27,买房车吧。鱼与熊掌，二者都能得到[笑哭],0
2025/3/13 2:32,巨款[赞],0
2025/3/13 2:35,买个零钱保险,0
2025/3/13 2:38,先买张彩票吧，万一成功了呢？[看],0
2025/3/13 2:57,先活着吧,0
2025/3/13 3:01,先买泡面,0
2025/3/13 3:02,拼好饭都还差点[九转大肠],0
2025/3/13 3:09,先买包子[呲牙],0
2025/3/13 3:11,哈哈哈,0
2025/3/13 3:12,你转我9元，我逢人就说你在杭州开迈巴赫住奥体中心,1
2025/3/13 3:14,先买根烤肠吃吃吧，别闹了[微笑][微笑],0
2025/3/13 3:17,建议买房车房跟车都有了[赞],0
2025/3/13 3:23,@Ww,0
2025/3/13 3:39,先买点儿钱吧,1
2025/3/13 4:06,小孩才做选择题.,0
2025/3/13 4:16,买瓶DDW，喝完睡吧,1
2025/3/13 4:36,在梦里一块买了,0
2025/3/13 5:01,先睡觉，你有点迷糊,0
2025/3/13 5:22,先睡觉吧  睡醒了可能会清醒一点,0
2025/3/13 5:45,买个馒头保命先,0
2025/3/13 6:26,转给我，你买个教训去墙角琢磨??,1
2025/3/13 6:31,买散包泡面吧，能吃几顿,0
2025/3/13 6:36,先醒来[宕机],0
2025/3/13 6:40,先买个棒棒糖,0
2025/3/13 6:52,@??????L @炫足鸟女鞋,0
2025/3/13 6:52,先发梦[捂脸],0
2025/3/13 7:04,什么都别买 买个一万块的二手车代步 存钱存钱存钱[赞],0
2025/3/13 7:11,@建材老张AAAAA,0
2025/3/13 7:14,先买早点吧,0
2025/3/13 7:21,@阿胜～ @啊莲 @W- @courage. @a感觉(见过薛之谦版),0
2025/3/13 7:27,先买饭,0
2025/3/13 7:31,建议先还花呗,0
2025/3/13 7:36,先买烤地瓜,0
2025/3/13 7:39,你不是认为饭只有米饭吧？,0
2025/3/13 7:44,青菜面不加蛋还是很ok的[捂脸],0
2025/3/13 7:47,先买个饼吧[看],0
2025/3/13 7:48,先睡觉[偷笑]梦里都能买,0
2025/3/13 7:48,先买个保险吧,0
2025/3/13 7:51,先买根辣条冷静一下,0
2025/3/13 7:56,打车回家睡觉梦里啥都有[宕机],0
2025/3/13 8:00,先买张彩票吧,0
2025/3/13 8:02,买买就是了[尬笑],0
2025/3/13 8:03,先买泡面差不多,0
2025/3/13 8:04,先买水淋一下醒醒[尬笑],1
2025/3/13 8:05,买两包魔芋爽爽爽得了,0
2025/3/13 8:06,请我吃个酸辣粉我慢慢来告诉你怎么选择[捂脸],0
2025/3/13 8:07,先买小米，然后煮粥,0
2025/3/13 8:11,@LXY丶,0
2025/3/13 8:15,先买泡面[憨笑],0
2025/3/13 8:16,成年人不做选择，两个都要[看],0
2025/3/13 8:17,梦里啥都有有车有房有美女有帅哥[笑哭],0
2025/3/13 8:21,先躺平[绝望的凝视],0
2025/3/13 8:22,我豆，我就不该点开看,0
2025/3/13 8:24,先买张双色球,0
2025/3/13 8:25,@闲人潘老板,0
2025/3/13 8:25,先买个枕头[看],0
2025/3/13 8:31,买个棒棒糖[666],0
2025/3/13 8:31,先买块糖，一会儿低血糖改晕倒了宝,0
2025/3/13 8:32,房,0
2025/3/13 8:35,买彩票都不够[捂脸],0
2025/3/13 8:37,先去买点东西吃吃吧,0
2025/3/13 8:38,先睡觉，梦里可以实现买车又买房，咱不纠结[捂脸],0
2025/3/13 8:41,买个乐高吧[黑脸],1
2025/3/13 8:41,先买个馒头,0
2025/3/13 8:43,先买彩票吧！,0
2025/3/13 8:45,先P图[暗中观察],1
2025/3/13 8:49,先买个彩票吧[捂脸][捂脸],0
2025/3/13 8:53,先睡觉,0
2025/3/13 8:54,房，车，一起买,0
2025/3/13 8:56,买泡面吧,0
2025/3/13 8:57,@非非非非 [泪奔],0
2025/3/13 8:58,@小鲤 @我是一只橙子 @小枫妹 @大囡囡囡囡囡,0
2025/3/13 8:58,先睡觉,0
2025/3/13 8:58,7.97买房、1.19买车，两全其美[抱拳],0
2025/3/13 9:00,买根棒棒糖吃得了[看],0
2025/3/13 9:02,要不先吃猪脚饭,0
2025/3/13 9:03,先养活自己吧,1
2025/3/13 9:04,@Ning,0
2025/3/13 9:05,买两包魔芋爽，爽一下,0
2025/3/13 9:05,@空调外机 @?? [捂脸],0
2025/3/13 9:13,先睡觉[绝望的凝视],0
2025/3/13 9:15,先买瓶酒喝，晕晕吧,1
2025/3/13 9:15,先买两包馒头，顶顶肚子。,0
2025/3/13 9:15,乖，先睡觉[偷笑],0
2025/3/13 9:15,可以的，8块钱1荤一素的快餐[看],0
2025/3/13 9:16,一起买,0
2025/3/13 9:17,你把手机卖了就可以买一台二手车了,0
2025/3/13 9:18,先活着吧[泪奔],0
2025/3/13 9:19,车[尬笑] 别人看得见,1
2025/3/13 9:20,先买碗，蹲着能挣钱[看],0
2025/3/13 9:28,买包方便面吧！,0
2025/3/13 9:30,我感觉得先买个碗[捂脸]两用,0
2025/3/13 9:30,先吃饱,0
2025/3/13 9:31,先买模型[灵机一动],0
2025/3/13 9:32,先买泡面,0
2025/3/13 9:34,@包子,0
2025/3/13 9:35,7.9个呢 先来个拼好饭国潮外卖吧[看],0
2025/3/13 9:37,先买盒烟，抽着好好想想,0
2025/3/13 9:38,哈哈哈,0
2025/3/13 9:38,先买彩票,0
2025/3/13 9:39,先睡觉,0
2025/3/13 9:39,买根烤肠吧[抠鼻][抠鼻][抠鼻],0
2025/3/13 9:40,你这挂号都费劲,1
2025/3/13 9:41,@étranger.,0
2025/3/13 9:42,先买福利彩票，实现一夜暴富[666][666][666],0
2025/3/13 9:45,先买俩淀粉肠分我一个[比心],0
2025/3/13 9:47,先买小米,0
2025/3/13 9:47,先吃利息,0
2025/3/13 9:49,先买个充电器[看],0
2025/3/13 9:49,先买颗糖吧[捂脸],0
2025/3/13 9:50,@lul [左上],0
2025/3/13 9:51,先活着[抱拳],0
2025/3/13 9:51,买点流量吧[不失礼貌的微笑][不失礼貌的微笑],0
2025/3/13 9:52,@Zdddddd,0
2025/3/13 9:53,先买烟,0
2025/3/13 9:53,听话[尬笑]先睡觉去,0
2025/3/13 9:55,先买个饭盒保险些,0
2025/3/13 9:55,先买点花生米吧[捂脸],0
2025/3/13 10:02,买瓶可乐或者雪碧吧。毕竟不蒸馒头争口气,0
2025/3/13 10:03,@L.?? @YH? @三岁就很虎 @容我多想想 @?? @指尖·美舍（美甲&美睫） @Gu @馮 [笑哭],0
2025/3/13 10:03,先活着,0
2025/3/13 10:03,先买个包子加杯豆浆,0
2025/3/13 10:13,你要不想想今天中午怎么办呢[黑脸],0
2025/3/13 10:13,先买个包子当早餐吧。,0
2025/3/13 10:13,先买教训[看],1
2025/3/13 10:14,你要记住，雷军的代码写的像诗一样,0
2025/3/13 10:16,买俩棒棒糖回家吧[坏笑],1
2025/3/13 10:18,先买个拼好饭吧！[泣不成声],0
2025/3/13 10:18,煎饼果子买不了一套  买瓶冰露吧[笑哭],0
2025/3/13 10:19,买点泡面,0
2025/3/13 10:19,买个彩票吧。搏一搏,0
2025/3/13 10:21,零钱通买车，零钱买房,0
2025/3/13 10:21,先买杯蜜雪呀,0
2025/3/13 10:23,买房车[捂脸],0
2025/3/13 10:25,先买彩票[鞠躬][鞠躬],0
2025/3/13 10:25,先买个手抓饼吧,0
2025/3/13 10:29,先买药[捂脸],0
2025/3/13 10:30,[尬笑]有这实力先买几个馒头存着把,1
2025/3/13 10:31,先吃个早餐吧,0
2025/3/13 10:35,晚上还是早点睡吧，梦里啥都有[捂脸],0
2025/3/13 10:36,兄弟你太低调啦，都快8个小目标了，已经是财富自由了，想买啥买啥，不要纠结房啊车啊，直接上坦克跟航母[呲牙][呲牙][呲牙],0
2025/3/13 10:36,买个打火机吧,0
2025/3/13 10:40,凑一凑买张票回家叭[泪奔],0
2025/3/13 10:43,买个加肉蛋肠的手抓饼都费劲,0
2025/3/13 10:45,公交，1块钱搭你,0
2025/3/13 10:45,先买个中饭,0
2025/3/13 10:46,买个塑料袋套头上，来个窒息的感觉[笑哭],1
2025/3/13 10:50,先买一根烤肠压压惊,0
2025/3/13 10:52,买个100寸的行李箱,0
2025/3/13 10:53,先买俩馍馍,0
2025/3/13 10:53,先买几罐啤酒，睡一觉，啥都有了[捂脸],0
2025/3/13 10:53,买黄金,0
2025/3/13 10:58,@??.,0
2025/3/13 11:02,先来个肉包吧,0
2025/3/13 11:05,先骗个有钱的男朋友[看]然后以上的你都有了哈哈哈,1
2025/3/13 11:08,先吃饭,0
2025/3/13 11:10,先睡觉,0
2025/3/13 11:13,先买彩票,0
2025/3/13 11:15,转给我，买个教训,1
2025/3/13 11:15,@山腰青年（本命年版）,0
2025/3/13 11:16,一起买[憨笑],0
2025/3/13 11:20,买一包辣条 在搞两个馒头 一瓶矿泉水差不多够了,0
2025/3/13 11:21,先睡觉,0
2025/3/13 11:23,你还是先卖吧,0
2025/3/13 11:24,八块？小份拼好饭点份黄焖鸡米饭[色],0
2025/3/13 11:25,先睡觉[宕机]梦里啥都有,0
2025/3/13 11:25,先买馒，再买凌,0
2025/3/13 11:28,还是先洗脚吧哥[奸笑],1
2025/3/13 11:29,先去哪个村头买个一二两高度白酒，一定要高度的，要不然喝不醉。再去小商店看看有没有便宜的散装烟买吧，问他送个有没有快没有气的打火机。再看有剩下的买啥送送酒的。抽喝完就能梦到了[看],1
2025/3/13 11:30,先买彩票[比心],0
2025/3/13 11:30,买个刮刮乐试一下,0
2025/3/13 11:30,拿出你的余额宝来买，买房买车，走上人生巅峰[赞][赞][赞],0
2025/3/13 11:31,咦，这人没有分付,1
2025/3/13 11:31,先买瓶酒冷静冷静吧[灵机一动],1
2025/3/13 11:33,先买碳,0
2025/3/13 11:36,先买车，因为先买房子你车是买不了的[捂脸],0
2025/3/13 11:39,买个小蜜雪,0
2025/3/13 11:40,先吃饭,0
2025/3/13 11:40,先活下来,0
2025/3/13 11:41,先下楼吃完素面吧 加个大排好像钱都过不去了[黑脸],0
2025/3/13 11:47,找个有su7的嫁了,1
2025/3/13 11:48,先买馒头,0
2025/3/13 11:49,先喝奶茶,0
2025/3/13 11:53,@XDCC @猫曼曼?? @summer来了 @开心最重要 @-是77 @壹壹in @. @腐竹 哈哈哈哈哈,0
2025/3/13 11:55,先买馒头垫垫肚子[玫瑰],0
2025/3/13 11:56,先买拼好饭吧,0
2025/3/13 11:56,买刮刮乐吧,0
2025/3/13 11:58,买车吧，房子9.9首付你还差一点,0
2025/3/13 11:58,你还是先买一杯奶茶，边喝边想到底先买啥[捂脸],0
2025/3/13 11:59,彩礼加点[微笑][微笑][微笑],0
2025/3/13 11:59,先活着！,0
2025/3/13 12:02,先买个包子,0
2025/3/13 12:03,先结婚[捂脸],0
2025/3/13 12:04,7块多买房，1块多买车，刚刚好[看],0
2025/3/13 12:05,先买助眠药,0
2025/3/13 12:06,一起买吧！有这个能力为什么要做选择呢？,0
2025/3/13 12:06,@??????,0
2025/3/13 12:06,上边买房，下边买车吧,0
2025/3/13 12:06,买馒头,0
2025/3/13 12:07,先考虑晚上的饭钱吧[捂脸],0
2025/3/13 12:07,先吃顿饱饭,0
2025/3/13 12:07,先买碗,0
2025/3/13 12:09,先喝一杯吧,0
2025/3/13 12:10,借我[舔屏],1
2025/3/13 12:14,先买包烟然后睡一觉梦里啥都有[泪奔],0
2025/3/13 12:16,@噜啦嘞ǚ,0
2025/3/13 12:16,先买蜜雪冰城甜蜜蜜,0
2025/3/13 12:17,7.97存多久可以赚那么多[泣不成声]急！在线等,0
2025/3/13 12:17,买杯蜜雪冰城的柠檬水喝喝 这大热天的 别中暑了,0
2025/3/13 12:17,再借个一块，买彩票吧。,0
2025/3/13 12:18,先买馒头充饥囖[打脸],0
2025/3/13 12:19,先转给我买个教训,1
2025/3/13 12:20,先好好活着 乖,0
2025/3/13 12:20,先买包方便面[尬笑],0
2025/3/13 12:22,你这可能拼好饭都不够了[流泪],1
2025/3/13 12:25,先用这点服务费带个款吧兄弟[捂脸][捂脸],0
2025/3/13 12:25,先买个枕头[捂脸],0
2025/3/13 12:26,先买点花生米,0
2025/3/13 12:28,先买早饭,0
2025/3/13 12:31,估计可以买一份汤米粉。,0
2025/3/13 12:32,买张彩票都不够呀[看],0
2025/3/13 12:33,先买馒头,0
2025/3/13 12:33,先买泡面??,0
2025/3/13 12:35,一起买吧，0首付，贷一个也是贷，贷两也是贷[捂脸][捂脸],0
2025/3/13 12:36,先买碗康师傅红烧牛肉面[看],0
2025/3/13 12:36,哈哈哈哈哈哈??,0
2025/3/13 12:36,先借钱吃饭,0
2025/3/13 12:36,买淀粉肠吧,0
2025/3/13 12:43,先买枕头,0
2025/3/13 12:44,[捂脸][捂脸]不够,0
2025/3/13 12:45,@笑等茶凉,0
2025/3/13 12:46,多少有点多虑了[呲牙],0
2025/3/13 12:46,买瓶农夫山泉吧，让他们给你把房子车子搬来，因为他们是搬运工,1
2025/3/13 12:46,先买根棒棒糖，饿几天低血糖的时候能用到[呲牙][呲牙][呲牙],0
2025/3/13 12:47,买糖[微笑],0
2025/3/13 12:48,先睡觉吧[泪奔],0
2025/3/13 12:49,你这症状持续多长时间了,0
2025/3/13 12:49,先买瓶矿泉水浇头上“醒一醒”。,0
2025/3/13 12:51,@蟑螂药 [捂脸],1
2025/3/13 12:51,先买车，,0
2025/3/13 12:51,[九转大肠]@辣椒酱ing,0
2025/3/13 12:52,买根辣条先将就一下,0
2025/3/13 12:55,先买枕头，睡着了才能做梦,0
2025/3/13 12:56,攒着,0
2025/3/13 12:57,先买馒头,0
2025/3/13 12:58,先买彩票吧,0
2025/3/13 12:58,先买个棒棒糖,0
2025/3/13 12:58,@小张小张 [九转大肠],0
2025/3/13 12:59,先买个双色球,0
2025/3/13 13:00,先充电[捂脸],0
2025/3/13 13:01,先买袋辣条,0
2025/3/13 13:02,先买张彩票[捂脸],0
2025/3/13 13:02,先买个大馍,0
2025/3/13 13:03,买垃圾袋体验高反[笑哭],0
2025/3/13 13:03,@甘熙熙,0
2025/3/13 13:03,先买把铁锹挖个坑,1
2025/3/13 13:05,先活着[看],0
2025/3/13 13:05,买三注双色球,0
2025/3/13 13:06,不够买的[九转大肠],0
2025/3/13 13:07,先活下去,0
2025/3/13 13:07,先买张彩票[九转大肠],0
2025/3/13 13:08,买个糖，这样子能甜到心里去[偷笑],0
2025/3/13 13:08,先买个泡面吧还能吃两天的[捂脸],0
2025/3/13 13:08,先买瓶酒,0
2025/3/13 13:08,买买泡面,0
2025/3/13 13:09,那就先给我买瓶矿泉水吧[比心],0
2025/3/13 13:10,先买米,0
2025/3/13 13:10,先睡会吧[捂脸],0
2025/3/13 13:10,买个梦想,0
2025/3/13 13:11,先买饭,0
2025/3/13 13:14,要不咱还是买个馒头吃吃吧[捂脸],0
2025/3/13 13:16,可以买好几个馒头,0
2025/3/13 13:16,槟榔都不够,1
2025/3/13 13:19,买个棒棒糖,0
2025/3/13 13:20,@顾寒 [泪奔],0
2025/3/13 13:23,先活着,0
2025/3/13 13:23,v我8块 买个教训,1
2025/3/13 13:24,买个麻绳,1
2025/3/13 13:25,先买个头套,0
2025/3/13 13:29,你还是先睡觉吧朋友[捂脸],0
2025/3/13 13:34,这点钱先保命吧，,0
2025/3/13 13:35,我的建议是两个一起买[捂脸],0
2025/3/13 13:36,@小野猫的男主人 [鞠躬][鞠躬][鞠躬],0
2025/3/13 13:37,先买俩馒头填饱肚子吧。,0
2025/3/13 13:37,不要犹豫先买个冰淇淋[微笑],0
2025/3/13 13:39,先买别墅,0
2025/3/13 13:40,[捂脸][捂脸],0
2025/3/13 13:41,饭也不够撒[大笑],0
2025/3/13 13:43,买把面吧能吃两三天,0
2025/3/13 13:45,咱还是先解决温饱问题吧[捂脸],0
2025/3/13 13:48,先买两个大馒头吧,0
2025/3/13 13:48,买命[微笑],1
2025/3/13 13:50,买小米 饭,0
2025/3/13 13:51,先买包辣条压压惊[泪奔],0
2025/3/13 13:52,还是一起买吧[呲牙][呲牙][呲牙],0
2025/3/13 13:52,买一张折纸，手工一下，啥都有了[呲牙]还能是大别墅和百亿豪车,0
2025/3/13 13:57,@井月屿 @矜 @Μ [疑问][尬笑],0
2025/3/13 13:59,先吃饭[看],0
2025/3/13 14:02,都转给我，逢人我就说你有车有房,0
2025/3/13 14:02,买车,0
2025/3/13 14:03,@跑不动了 哈哈哈哈哈哈哈,0
2025/3/13 14:04,先买彩票,0
2025/3/13 14:04,@刘铭瑞 @如麻 @一 一.,0
2025/3/13 14:05,先睡觉,0
2025/3/13 14:05,不是都可以零首付吗？可以一起买！,0
2025/3/13 14:05,那是八十年代到0几年的时候了吧？现在还有吗？[捂脸][捂脸],0
2025/3/13 14:11,先买瓶水吧[泪奔],0
2025/3/13 14:14,我还想替他选择一下呢，进去一看 瞪大眼睛 失望离开,1
2025/3/13 14:15,买碗面差不多够了。,0
2025/3/13 14:15,@??????,0
2025/3/13 14:16,先活着吧,0
2025/3/13 14:17,一起买，有房有车才有可能有老婆[呲牙],0
2025/3/13 14:17,先买水[看],0
2025/3/13 14:22,买几个馒头吧,0
2025/3/13 14:23,包装一下，房和车一块买,0
2025/3/13 14:24,先活着[大笑],0
2025/3/13 14:25,先睡觉,0
2025/3/13 14:27,先买二锅头，不喝多哪来那么多梦[看],1
2025/3/13 14:29,买个塑料袋套头上，就当体验高原反应了,1
2025/3/13 14:30,怎么纠结起来的,0
2025/3/13 14:31,比我还多两块[捂脸],0
2025/3/13 14:35,先买一张纸 要车要房自己剪,1
2025/3/13 14:35,先买个馒头充充饥,0
2025/3/13 14:36,拼好饭勉强能吃上[看],0
2025/3/13 14:38,要不咱先买个拼好饭？[宕机],0
2025/3/13 14:39,先买包盐吧,0
2025/3/13 14:40,@白桃贝利尼,0
2025/3/13 14:41,买双丝袜,0
2025/3/13 14:45,先买纸吧[泪奔],0
2025/3/13 14:47,先买水，可不能脱水了[我想静静][我想静静][我想静静],0
2025/3/13 14:48,豪车豪宅金钱你都买(烧的) 小孩子才做选择[不失礼貌的微笑],1
2025/3/13 14:54,先买张彩票吧,0
2025/3/13 14:57,买个包子都不够，得分期,0
2025/3/13 14:59,买彩票吧,0
2025/3/13 15:00,还够一顿拼好饭,0
2025/3/13 15:02,先挣钱[泪奔],0
2025/3/13 15:06,[偷笑][偷笑][偷笑],0
2025/3/13 15:12,去楼下小卖部买桶泡面，加个蛋就破产了[捂脸],0
2025/3/13 15:18,@南山   罗大鹏色彩 先买房还是先买车哈哈哈,0
2025/3/13 15:19,先睡觉,0
2025/3/13 15:22,先起床,0
2025/3/13 15:22,买份凉皮 吃饱了在做梦[泣不成声],0
2025/3/13 15:23,先做梦后买,1
2025/3/13 15:24,先吃个早餐[呲牙][呲牙][呲牙],0
2025/3/13 15:24,找睡觉，梦里都买了,0
2025/3/13 15:24,博个大的，先买彩票,0
2025/3/13 15:30,一起买[呲牙],0
2025/3/13 15:35,买根烤肠吧[呲牙],0
2025/3/13 15:36,找朋友凑一凑，买包好一点的烟,0
2025/3/13 15:36,先买一个馒头吧,0
2025/3/13 15:41,去楼下超市买18包小滑头,0
2025/3/13 15:44,买包魔芋爽吃了算了[愉快],0
2025/3/13 15:44,买彩票,0
2025/3/13 15:45,先睡觉！梦里啥都有,0
2025/3/13 15:49,先买个馒头啃啃,0
2025/3/13 15:49,先买两根散烟,0
2025/3/13 15:49,还是先买张彩票吧,0
2025/3/13 15:53,买什么饭啊！买那种5角的口香糖，刚好,1
2025/3/13 15:54,你还是寻思寻思晚上饭吃什么吧[黑脸],0
2025/3/13 15:54,先买馍吧乖[不失礼貌的微笑],0
2025/3/13 15:55,先赚钱买饭,0
2025/3/13 15:56,优秀[捂脸],0
2025/3/13 16:00,先买馒头,0
2025/3/13 16:00,先活着,0
2025/3/13 16:01,先买个蜜雪冰城,0
2025/3/13 16:03,你这大余额，不用纠结，先活过今天吧,1
2025/3/13 16:07,先买碗[呲牙],0
2025/3/13 16:11,先买个包子吃晚饭,0
2025/3/13 16:12,多夕夕上先买个碗,0
2025/3/13 16:12,先买几个馍吧,0
2025/3/13 16:13,你别纠结了你这点钱买一包火鸡面都难[大笑],1
2025/3/13 16:13,买方便面,0
2025/3/13 16:15,先活下来吧,0
2025/3/13 16:15,@lemon tree11111 @柠檬益菌多 @1+1,0
2025/3/13 16:17,买包纸，擦干眼泪,1
2025/3/13 16:18,先活下去,0
2025/3/13 16:20,先4.99买个枕头，梦里什么都有,0
2025/3/13 16:21,@端水大王,0
2025/3/13 16:25,先拿着您的存款到早餐店饱餐一顿,0
2025/3/13 16:25,先买彩票,0
2025/3/13 16:29,797、119福直各五百倍[尬笑][尬笑]明天一起去买车[捂脸][捂脸][捂脸],0
2025/3/13 16:30,先买俩馒头,0
2025/3/13 16:31,@七仔 先买饭哈哈哈哈哈,0
2025/3/13 16:34,买个优惠券吧，正合适,0
2025/3/13 16:34,零分期一起买，住够一个个月，一起卖无限循环你是了不起的人,0
2025/3/13 16:35,你先充充电吧。不然抖音都刷不了,1
2025/3/13 16:37,@超级无敌小懒懒,0
2025/3/13 16:38,刚娶的小米酥妻身体不适无法送我上班，回娘家修养了，现在岳父（雷爸爸）每天给我150的交通费让我自己打车去，媳妇的医疗费也不用我出了，现在经过诊断因为身体原因不适合出嫁了，岳父为了补偿我决定把小姨子嫁给我，还要再办一次婚礼，所有花销都是岳父出，是这个意思吧[看],1
2025/3/13 16:38,买个棒棒糖吃,0
2025/3/13 16:39,买不？有房还有四十万，可以买个小米速七。,0
2025/3/13 16:44,你这个实力必须两个都买[捂脸],0
2025/3/13 16:45,馒头吃的久一点,0
2025/3/13 16:46,先买二包魔芋爽爽爽吧,0
2025/3/13 16:51,零钱买房，零钱通买车不都解决了。,0
2025/3/13 16:52,@多金. ^_^,0
2025/3/13 16:54,买彩票,0
2025/3/13 16:55,够领结婚证的钱??,0
2025/3/13 16:55,科兴剧场里你都看不到最后一集[捂脸],0
2025/3/13 16:56,别买了，我建议还是先要点吧[暗中观察],0
2025/3/13 16:58,先办个公交卡吧[看],0
2025/3/13 17:01,你不该有这样的烦恼,0
2025/3/13 17:02,先买碗泡面加俩蛋,0
2025/3/13 17:04,"????格局小了！这些钱可是能撬动人生杠杆的首付啊！
先买个儿童玩具车，分期付款租个蚂蚁庄园模型房，剩下的钱买包辣条——
毕竟吃饱了才有力气做白日梦呀！[尬笑]",0
2025/3/13 17:06,买点小米煮煮,0
2025/3/13 17:09,先买根烤肠 够了[泪奔],0
2025/3/13 17:14,先买一袋阿尔卑斯，看看热闹先，说不定你都不想买了[抠鼻],0
2025/3/13 17:15,先睡觉啊[捂脸],0
2025/3/13 17:16,先买根棒棒糖，让自己甜一甜[得意][得意],0
2025/3/13 17:19,先赚钱吧[捂脸],0
2025/3/13 17:20,拼好饭都不够,0
2025/3/13 17:21,都买,0
2025/3/13 17:22,先买包菲子垫垫[逞强落泪],0
2025/3/13 17:22,买米,0
2025/3/13 17:25,把这八块钱转给我，你买个教训,1
2025/3/13 17:25,泡面够,0
2025/3/13 17:26,先买纸巾擦眼泪[捂脸][捂脸][捂脸],0
2025/3/13 17:30,先买彩票吧，说不定单车变摩托了,0
2025/3/13 17:31,都买,0
2025/3/13 17:33,买根辣条跟兄弟们分分[赞][赞][赞],0
2025/3/13 17:36,买包魔芋爽爽一下得了[呆无辜],0
2025/3/13 17:39,先活下来,0
2025/3/13 17:41,先还花呗,0
2025/3/13 17:43,抓到了 怎么不更新了,1
2025/3/13 17:44,先点一份拼好饭[看][看],0
2025/3/13 17:45,梭哈买彩票,0
2025/3/13 17:54,来杯蜜雪冰城吧,0
2025/3/13 17:55,先买个魔芋爽 爽一下,0
2025/3/13 17:56,先赚钱,0
2025/3/13 17:57,我来毛桃自荐,0
2025/3/13 17:58,买个红梅,0
2025/3/13 17:59,买瓶蜜雪喝[捂脸],0
2025/3/13 18:00,@柒忆 哈哈哈哈,0
2025/3/13 18:03,全部干香片,1
2025/3/13 18:04,买块糖吃吧，哭的时候还是甜的,0
2025/3/13 18:05,[泪奔][泪奔],0
2025/3/13 18:05,直接转我吧,0
2025/3/13 18:06,买两瓶冰红茶，每天喝一瓶盖[捂脸],0
2025/3/13 18:06,买瓶水,0
2025/3/13 18:07,买包子,0
2025/3/13 18:07,先活着,0
2025/3/13 18:11,买个碗,0
2025/3/13 18:11,转给我,0
2025/3/13 18:13,买彩票吧,0
2025/3/13 18:15,买张彩票吧，还有机会搏一把[抠鼻],0
2025/3/13 18:16,先买板,0
2025/3/13 18:16,先买饭吧[捂脸],0
2025/3/13 18:17,先买一注彩票吧,0
2025/3/13 18:20,先买彩票吧[看],0
2025/3/13 18:21,买点欢乐豆吧,0
2025/3/13 18:23,买点安乃近[呲牙],1
2025/3/13 18:24,买点魔芋爽爽一下得了,0
2025/3/13 18:25,先买饭[暗中观察],0
2025/3/13 18:26,吃不吃午餐还,0
2025/3/13 18:27,先买彩票,0
2025/3/13 18:28,要不咱先做梦吧，这样比较快[看],0
2025/3/13 18:30,买米吧[捂脸],0
2025/3/13 18:32,你还是先充电吧,1
2025/3/13 18:34,先买彩票,0
2025/3/13 18:36,买柱香[暗中观察][抠鼻],0
2025/3/13 18:45,[尬笑],0
2025/3/13 18:57,手机先充电,0
2025/3/13 18:59,@咕噜鱼鱼 @。。,0
2025/3/13 19:01,先充电吧,0
2025/3/13 19:09,"零钱买房
零钱通买车",0
2025/3/13 19:09,先买桶泡面。记住千万别加肠[捂脸],0
2025/3/13 19:10,先买早饭,0
2025/3/13 19:18,先买包泡面吧,0
2025/3/13 19:20,买辣条[憨笑],0
2025/3/13 19:20,先买个辣条[微笑],0
2025/3/13 19:21,先买个煎饼[宕机],0
2025/3/13 19:21,@freedom/ [笑哭],0
2025/3/13 19:23,车子是消耗品，房子只是暂时的港湾，坟才是最后的归宿！听哥的，先买坟！,1
2025/3/13 19:24,扫个自行车去蜜雪冰城坐会吧,0
2025/3/13 19:25,拼好饭,0
2025/3/13 19:27,哈哈哈哈哈,0
2025/3/13 19:30,先买包辣条,0
2025/3/13 19:30,买房车[调皮],0
2025/3/13 19:34,@Seven.7- @是妙妙不是美美 @他?? @橘子?? @阿滨呀 @耳边有风～ @文文要发财?? @Y.J. @Y. @佳 @J @不远了,0
2025/3/13 19:35,@酪·本,0
2025/3/13 19:36,买个避孕药都费劲,1
2025/3/13 19:36,9 块钱，可以买 3 个玉米，一个玉米平均 500 粒 500×3=1500，一年可以种 4 次，1500×500=750000×500=375000000×500=1.875e+11 计算器算不来了??一个玉米 2 块钱批发价 半年你就是亿万富豪了[赞][赞][赞],0
2025/3/13 19:37,你是懂的轻重缓急的[看],0
2025/3/13 19:39,先给老妈买束花,0
2025/3/13 19:40,@松叶 @夏目 好纠结,0
2025/3/13 19:40,啊许大静,0
2025/3/13 19:43,[灵机一动][灵机一动]买水吧！还能多活几天[泪奔][泪奔][泪奔],0
2025/3/13 19:44,@3,0
2025/3/13 19:44,[机智][机智][机智][玫瑰][灵机一动],0
2025/3/13 19:44,n,0
2025/3/13 19:46,保护好个人隐私,0
2025/3/13 19:48,你预判了我的预判,0
2025/3/13 19:49,这么多钱不要命啦？,1
2025/3/13 19:50,先点个拼好饭吧,0
2025/3/13 19:57,拼好饭点两杯蜜雪冰城柠檬水 刚好,0
2025/3/13 19:58,买个彩票吧,0
2025/3/13 19:58,[吃瓜群众]买杯蜜雪冰城乐呵一下得了,0
2025/3/13 20:00,买包方便面[憨笑]@(￣O￣;),0
2025/3/13 20:02,先买药,0
2025/3/13 20:02,先贷款,0
2025/3/13 20:02,先睡吧,0
2025/3/13 20:06,有对象先买房 没对象0元贷款买车,0
2025/3/13 20:08,先买包辣条吧,0
2025/3/13 20:10,先转给我,0
2025/3/13 20:11,饭都买不起[皱眉],1
2025/3/13 20:14,囤两桶泡面稳住局面,0
2025/3/13 20:16,@你老咩咁靚?? 刚好够一碗酸粉钱[尬笑],0
2025/3/13 20:17,先买单，怕你吃霸王餐,1
2025/3/13 20:17,快八个亿，这怎么花的完啊[发呆][发呆],0
2025/3/13 20:18,先买骨折,0
2025/3/13 20:20,买避孕 别让孩子来吃苦[猪头],1
2025/3/13 20:21,@coisini??,0
2025/3/13 20:21,@刺猬吖 @肥羊和毛驴 @Majikaaa @白桃老乌龙 @??Nah_ik,0
2025/3/13 20:25,买包纸巾，哭的时候擦眼泪,0
2025/3/13 20:26,还是先买几个馒头吧,0
2025/3/13 20:26,转我1.2元我告诉你啊[憨笑],0
2025/3/13 20:27,我老公建议先娶媳妇[泣不成声],0
2025/3/13 20:30,先买酒把,0
2025/3/13 20:34,一起买,0
2025/3/13 20:34,先买个枕头，睡高一点。,0
2025/3/13 20:35,先买张彩票，房子和车子都在路上[呲牙],0
2025/3/13 20:35,发过来买个教训,1
2025/3/13 20:38,先买泡面别饿死[捂脸],0
2025/3/13 20:41,先买彩票看看[黑脸],1
2025/3/13 20:42,买包辣条吃吧,0
2025/3/13 20:42,买彩票,0
2025/3/13 20:43,买个儿童碗蒸饵丝,0
2025/3/13 20:45,@aqiuqiu 哈哈哈哈,0
2025/3/13 20:48,@冰糖胡芦,0
2025/3/13 20:49,先买了白米饭吃先，,0
2025/3/13 20:50,可以买劳斯莱斯,0
2025/3/13 20:52,买个香吧,0
2025/3/13 20:54,@潦草小羊 @半颗西柚 @eunwo.o @Q谭小团子 @向日葵 @浪漫的定义?? @哎哑哑 @—Ling @云与海?? [笑哭][笑哭][笑哭][笑哭],0
2025/3/13 20:54,也只能买拼好饭,0
2025/3/13 20:55,先买块砖,1
2025/3/13 21:00,先睡觉??,0
2025/3/13 21:04,先买碗蛋炒饭吧！,0
2025/3/13 21:07,买俩馒头，再买袋辣条，先吃饱再说[呲牙][呲牙],0
2025/3/13 21:07,@fa饼 @戒骄戒躁,0
2025/3/13 21:10,不要纠结买个房车[看],0
2025/3/13 21:12,都不买，先把钱存着，过几年再买房。,0
2025/3/13 21:12,先下楼买两根淀粉肠[捂脸],0
2025/3/13 21:13,还是买辣条吧,0
2025/3/13 21:15,先买饭吃[黑脸],0
2025/3/13 21:25,笑死啦臭蛋,1
2025/3/13 21:27,买房呀,0
2025/3/13 21:28,买方便面,0
2025/3/13 21:30,先买药,0
2025/3/13 21:34,@の,0
2025/3/13 21:35,买车,0
2025/3/13 21:35,一起买,0
2025/3/13 21:36,先买床,0
2025/3/13 21:37,干脆面更适合你的,1
2025/3/13 21:38,先买泡面 和一根火腿肠,0
2025/3/13 21:39,先活着[泪奔],0
2025/3/13 21:40,先买馒头吧，管一天，买饭只管一顿[呲牙],0
2025/3/13 21:43,罪过呀,1
2025/3/13 21:44,先买个彩票博一博,0
2025/3/13 21:44,先买包辣条。,0
2025/3/13 21:47,买个枕头,0
2025/3/13 21:48,房车，,0
2025/3/13 21:50,先买两包辣条回去再想想,0
2025/3/13 21:50,买杯柠檬水吧,0
2025/3/13 21:51,先吃饱,0
2025/3/13 21:51,先买个彩票,0
2025/3/13 21:52,乖，先吃个茶叶蛋，没饱的话再买个烧麦,0
2025/3/13 21:56,买五羊(雪糕[呲牙]),0
2025/3/13 21:57,先把零钱通的钱提到余额里然后买个五袋泡面,0
2025/3/13 21:57,先买个魔芋爽去爽一爽,0
2025/3/13 22:01,先买包辣条润润喉,0
2025/3/13 22:03,都转给我吧，我逢人就说看到你开路虎,0
2025/3/13 22:04,快买份蛋炒饭，要不然等下那个平台莫名其妙扣款了,0
2025/3/13 22:08,先买雅迪[呲牙],0
2025/3/13 22:09,先睡觉,0
2025/3/13 22:10,买泡面吧,0
2025/3/13 22:10,买辣条,0
2025/3/13 22:11,先买包魔芋爽爽,0
2025/3/13 22:12,先幻想,0
2025/3/13 22:22,[笑哭],0
2025/3/13 22:25,拼好饭吃到中毒[玫瑰],1
2025/3/13 22:27,先买个棒棒糖甜蜜一下，激励一下自己,0
2025/3/13 22:27,自己给自己买个??饼,0
2025/3/13 22:28,买个棒棒糖??,0
2025/3/13 22:28,先打工[尬笑],0
2025/3/13 22:29,买双手套吧 搬砖头开始赚钱,0
2025/3/13 22:29,先睡觉??,0
2025/3/13 22:31,先睡觉[尬笑],0
2025/3/13 22:37,先买两个馒头[捂脸][捂脸][捂脸][捂脸]，一天分三餐[捂脸][捂脸][捂脸][捂脸],0
2025/3/13 22:42,先买点余额吧,0
2025/3/13 22:42,买包烟,0
2025/3/13 22:43,先睡觉[偷笑][偷笑][偷笑],0
2025/3/13 22:46,[眼含热泪],0
2025/3/13 22:47,先醒醒,1
2025/3/13 22:54,先买一爿布洛芬吧，烧退的快,0
2025/3/13 22:56,买个淀粉肠,0
2025/3/13 22:58,@咕噜噜～ @tttbb @胖丁 @Azure @25 @烦4噜. @时鹿,0
2025/3/13 22:58,先买彩票[捂脸][捂脸],0
2025/3/13 22:58,买瓶康师傅,0
2025/3/13 22:58,全部存在零钱通 还会有收益[赞],0
2025/3/13 22:59,7.97先付个房子首付 1.19就付个车子的首富吧,0
2025/3/13 23:01,买楼否冷[捂脸],0
2025/3/13 23:03,买份早餐??都困难嘞,0
2025/3/13 23:08,先买泡面在加颗王中王,0
2025/3/13 23:12,那要不再多纠结一下[宕机][宕机],0
2025/3/13 23:13,你这实力完全可以同时买,0
2025/3/13 23:16,@是Ryan啊 @???? @哈哈哈yy @囍你,0
2025/3/13 23:16,买醉，醉了梦里,0
2025/3/13 23:17,先买几个馒头吧[捂脸],0
2025/3/13 23:19,先睡觉，梦里鱼和熊掌都是你的,0
2025/3/13 23:19,拼团买一碗螺蛳粉cici,0
2025/3/13 23:19,先睡觉,0
2025/3/13 23:21,@鬼道boy唯爱蓝少,0
2025/3/13 23:22,先买根烤肠吧,0
2025/3/13 23:23,先买个鸡蛋灌饼最低配,0
2025/3/13 23:23,[泪奔][泪奔]@咖啡豆加豆,0
2025/3/13 23:23,@財源到啦~,0
2025/3/13 23:31,先买两包泡面,0
2025/3/13 23:31,都买吧，玩具的要不了多少钱的,0
2025/3/13 23:31,先买瓶矿泉水[暗中观察][暗中观察],0
2025/3/13 23:32,先买双手套??,0
2025/3/13 23:37,先去美宜佳买瓶可乐[呲牙],0
2025/3/13 23:40,先买张彩票,0
2025/3/13 23:52,还是买颗糖吃吃，心里甜一点,0
2025/3/13 23:52,现存1000年，利益应该可以买车买房了[捂脸],0
2025/3/13 23:52,先买泡面[黑脸],1
2025/3/13 23:55,7啊，车啊,0
2025/3/13 23:55,买三注大乐透追加刚刚好[不失礼貌的微笑],0
2025/3/13 23:55,要不咱再等等,0
2025/3/13 23:56,全球物价贬值一亿倍,0
2025/3/13 23:59,买张彩票啥都有了,0
2025/3/14 0:10,@大爷 @呆小布,0
2025/3/14 0:10,先买充电器，手机快没电了。,0
2025/3/14 0:12,先买米,0
2025/3/14 0:13,双色球还有一丝希望[捂脸],0
2025/3/14 0:15,@??锦鲤就是,0
2025/3/14 0:23,[打脸],1
2025/3/14 0:26,给你凑个整,0
2025/3/14 0:31,先买个蛋，然后孵小鸡，再卖蛋,0
2025/3/14 0:33,先去打工找个班上,0
2025/3/14 0:36,先让梦醒了吧，要不然什么都来不及了[捂脸],0
2025/3/14 0:37,买彩票吧,0
2025/3/14 0:43,先买个魔芋爽 爽爽吧[调皮],0
2025/3/14 0:47,先申请低保[泪奔],0
2025/3/14 0:50,先买辣条，先让自己火起来,0
2025/3/14 0:52,先拼好饭[看],0
2025/3/14 0:52,零首付可以考虑买房,0
2025/3/14 0:56,你先去对面超市买包纸给我 送到我学校来 刚好没纸用了谢谢,0
2025/3/14 1:03,买瓶酒喝醉早点睡，梦里啥都有[抠鼻],0
2025/3/14 1:10,[捂脸][捂脸][捂脸],0
2025/3/14 1:11,先买糖让自己甜一下，毕竟今后的日子挺苦的,0
2025/3/14 1:16,鸡蛋不能放在一个篮子里,0
2025/3/14 1:22,先买两包压缩饼干,0
2025/3/14 1:24,哈哈哈哈哈,0
2025/3/14 1:28,@薯条大王 @笨笨的小狗 @啾咪小丸子?? @???东北麻辣烫重度依赖??? @豆沙包ovo,0
2025/3/14 1:31,买个肉夹馍去旁边冷静一下,0
2025/3/14 1:31,先睡一觉,0
2025/3/14 1:36,这得先贷款吧，,0
2025/3/14 1:39,先拼夕夕买条黑丝套头[捂脸],0
2025/3/14 1:55,买馍,0
2025/3/14 1:58,先买包，酸菜包,0
2025/3/14 1:59,兄弟看好你，零钱拿来买房，零钱通钱拿来买车,0
2025/3/14 2:10,买包魔芋爽爽下得了,0
2025/3/14 2:34,先买张彩票。,0
2025/3/14 2:36,先买房吧，有个地方住还是挺好的,0
2025/3/14 2:55,买几个馒头 找个桥洞,1
2025/3/14 2:58,先睡觉,0
2025/3/14 3:08,你纠结有点过早，你还不如想想明天吃点啥。[捂脸],0
2025/3/14 3:17,先买辣条。可以分一点给女朋友柒,0
2025/3/14 5:01,先买包魔芋爽，爽一下得了,0
2025/3/14 5:03,肯定先买房啊，车的话办个共享月卡吧,0
2025/3/14 5:09,零钱买房，零钱通买车。不纠结一起上,0
2025/3/14 5:12,先还我九块钱,1
2025/3/14 5:16,不要做选择 眼睛一闭啥都有了[抱抱你],0
2025/3/14 5:23,先吃饭[泪奔],0
2025/3/14 5:31,先买个泡面，再加个肠,0
2025/3/14 5:35,江淮这个牌子以前没用正眼看过，现在反倒它没用正眼看我了[捂脸][捂脸][捂脸],0
2025/3/14 5:37,先买空气，不然空气都吃不上了,0
2025/3/14 5:53,小米，胖东来，教的人已经爆火了，学会的人还没有出现[偷笑][偷笑],0
2025/3/14 5:55,先闭眼，两个都拿下[灵机一动],0
2025/3/14 5:56,去买只笔画,0
2025/3/14 5:58,你再纠结一会,0
2025/3/14 6:04,[泪奔]先打工吧兄弟,0
2025/3/14 6:24,买辣条,0
2025/3/14 6:27,还是算了吧，还不如买一瓶爽歪歪爽一下[捂脸],0
2025/3/14 6:41,先买个馍,0
2025/3/14 7:04,买魔芋爽 爽爽得了,0
2025/3/14 7:08,我也在纠结,0
2025/3/14 7:09,小米就算了买2两大米吧,1
2025/3/14 7:12,房,0
2025/3/14 7:14,@清风徐徐女士 @??笏莣初芯,0
2025/3/14 7:26,[捂脸]不卖,0
2025/3/14 7:29,@言,0
2025/3/14 7:29,小米小折叠我自己摔漏液了，跟售后说不知道是怎么搞的，都打算自己付费维修了，结果他给我换了个新的手机给我[流泪]我都感觉我对不起他,0
2025/3/14 7:29,先买包子,0
2025/3/14 7:35,先买一根棒棒糖??,0
2025/3/14 7:36,先吃饱[暗中观察],0
2025/3/14 7:49,先买个包子吃吧,0
2025/3/14 7:55,@贝利亚 [捂脸],0
2025/3/14 7:56,@499 @??? @George,0
2025/3/14 7:57,先贷款,0
2025/3/14 8:05,实在不行先买个馒头吧,0
2025/3/14 8:06,[舔屏]先买一包辣条再搞一杯蜜雪冰城,0
2025/3/14 8:08,我比你多一毛,1
2025/3/14 8:09,零钱买房，零钱通买车，要学会规划，懂？,0
2025/3/14 8:14,买泡面啊,0
2025/3/14 8:15,你这买胡辣汤还得买人家没喝完的[微笑],1
2025/3/14 8:17,先买彩票[呲牙],0
2025/3/14 8:17,雷：没想到吧[呲牙]…我售后对标的可是Pdd…[坏笑],1
2025/3/14 8:19,先活下去吧,0
2025/3/14 8:27,先买两个窝窝头填饱肚子，再美美的睡上一觉，就啥都有了,0
2025/3/14 8:32,@Katy秀,0
2025/3/14 8:38,7.1买房毕竟要住1.7买车,0
2025/3/14 8:41,买两个馒头在买一杯牛奶睡觉！！！,0
2025/3/14 8:44,先买药,0
2025/3/14 8:45,买彩票[赞],0
2025/3/14 8:45,先买烟,0
2025/3/14 8:52,买碗螺蛳粉吧[泪奔]，可以饱一天，,0
2025/3/14 8:53,感觉只能买个包子?豆浆,0
2025/3/14 8:53,先活着,0
2025/3/14 8:55,煎饼果子加个蛋,0
2025/3/14 9:00,先去过个早，吃饱再想[抠鼻],0
2025/3/14 9:01,一起买就不纠结,0
2025/3/14 9:03,你被抓死了,1
2025/3/14 9:03,先买馕[捂脸],0
2025/3/14 9:07,买个碗[九转大肠],0
2025/3/14 9:11,先睡觉,0
2025/3/14 9:18,买个棒棒糖先含嘴里[不看],0
2025/3/14 9:29,先睡觉[紫薇别走],0
2025/3/14 9:30,先买拼好饭,0
2025/3/14 9:32,先买房，贷个装修贷买个豪车[捂脸],0
2025/3/14 9:33,买彩票等明天吧。,0
2025/3/14 9:40,人的欲望两个都要,1
2025/3/14 9:40,现在多数都是零首付[呲牙],0
2025/3/14 9:42,先睡醒[尬笑][尬笑],0
2025/3/14 9:42,先买米,0
2025/3/14 9:43,先买个枕头,0
2025/3/14 9:53,成年人都已经不做选择题了，两个一起买,0
2025/3/14 9:55,先拼个饭吧,0
2025/3/14 9:57,买颗棒棒糖吧[泣不成声],0
2025/3/14 9:57,先买车，买房会让你后悔,0
2025/3/14 10:02,买包辣条吧[捂脸],0
2025/3/14 10:06,买房,0
2025/3/14 10:15,就这北京能买饭？等等我广东混不起了去北京混[呲牙],0
2025/3/14 10:20,[九转大肠]你抢了我要说的,0
2025/3/14 10:30,还是买包辣条吧,0
2025/3/14 10:34,@火药棉花糖 @爱吃石榴?? @??对方正在输入?? [泪奔][泪奔][泪奔],0
2025/3/14 10:36,攒一攒，先买张饼吧,0
2025/3/14 10:42,买个枕头先,0
2025/3/14 10:42,@椰椰 @黑猪旋风腿 @草莓泡芙 @吃瓜少女养猹 哈哈哈哈哈哈,0
2025/3/14 10:42,先吃饭,0
2025/3/14 10:42,买个彩票，搏一搏单车变摩托,0
2025/3/14 10:44,先买粒药吃吃[捂脸],0
2025/3/14 10:47,转给我买个教训,1
2025/3/14 10:49,你这个余额应该是先不做梦[捂脸],1
2025/3/14 10:52,买个整头早点睡,1
2025/3/14 10:55,买个肉夹馍吃吃得了[黑脸],0
2025/3/14 11:01,买个包子吧,0
2025/3/14 11:01,先买个饭,0
2025/3/14 11:02,其实是小米工程师更想知道他为什么开裂，必须第一时间找出原因，小米刚起步，玩不起出现批量问题。,0
2025/3/14 11:07,先吃饭吧,0
2025/3/14 11:11,昨天刷到个50w买极氪的在dy维权[泪奔],0
2025/3/14 11:12,@??你好呀?? @小李不讲李@ @不吃香菜呀 [尬笑][尬笑][尬笑],0
2025/3/14 11:13,先挣钱,0
2025/3/14 11:14,先买个碗,0
2025/3/14 11:14,@??....,0
2025/3/14 11:17,一起买,0
2025/3/14 11:26,先买水[捂脸],0
2025/3/14 11:27,先睡觉吧[泪奔],0
2025/3/14 11:28,买彩票[看],0
2025/3/14 11:33,加起来可以买两杯蜜雪柠檬水 你一杯我一杯,0
2025/3/14 11:35,先活着,0
2025/3/14 11:37,先买呼吸费,1
2025/3/14 11:37,@Maggie?? 哈哈哈哈哈哈,0
2025/3/14 11:38,@七安,0
2025/3/14 11:40,一块买吧，不耽误[抠鼻],0
2025/3/14 11:41,先去借0.84，买张彩票[微笑],0
2025/3/14 11:41,[捂脸][捂脸]@?加冰的嘉 @小猪养猪 @YY. @椰椰卷. @慧慧? @奶皮丸子?? @??街溜子????? @沫安??,0
2025/3/14 11:44,先买馒头,0
2025/3/14 11:46,先填饱肚子，在睡个好觉，做个好梦！,0
2025/3/14 11:48,先买张信用卡[看][看][看]乖,0
2025/3/14 11:49,先买根棒棒糖??,0
2025/3/14 11:50,先买茶叶蛋,0
2025/3/14 11:50,一开头我还以为小米塌房了，看完了原来是又起高楼了[泪奔],0
2025/3/14 11:51,前两天刷到了，哈哈哈哈哈,0
2025/3/14 11:53,买毒药都不够[泣不成声],1
2025/3/14 12:03,去撸网贷[微笑],1
2025/3/14 12:03,要不，买根绳子[发呆],1
2025/3/14 12:04,买俩馒头吃饱先挣钱[看],0
2025/3/14 12:04,喝水保命,0
2025/3/14 12:05,先转给我 我告诉你,1
2025/3/14 12:05,一起买,0
2025/3/14 12:12,先活下去吧[泪奔],0
2025/3/14 12:13,先做会梦[看],0
2025/3/14 12:14,先活着[送心],0
2025/3/14 12:17,建议买个泡泡糖,0
2025/3/14 12:20,先买个彩票[呲牙],0
2025/3/14 12:20,兄弟你还是等零钱收益涨起来再考虑吧[捂脸],0
2025/3/14 12:20,先活着,0
2025/3/14 12:23,先买枕头,0
2025/3/14 12:23,我这比亚迪就牛逼了  播放量都几百万了  还是没联系我[捂脸],0
2025/3/14 12:24,先搞碗面吃！,0
2025/3/14 12:26,先买泡面,0
2025/3/14 12:29,先买包卫生纸擦眼泪,1
2025/3/14 12:32,水也买不了,1
2025/3/14 12:37,@Pan,0
2025/3/14 12:38,买个馒头咸菜吃吃得了啊,0
2025/3/14 12:38,只能买一份拼好饭,0
2025/3/14 12:38,先买一瓶水吧[捂脸][捂脸],0
2025/3/14 12:41,先活着吧,0
2025/3/14 12:48,先睡一觉[尬笑],0
2025/3/14 12:51,你的纠结有点多余,0
2025/3/14 12:52,咱俩合资起个楼盘吧,0
2025/3/14 12:54,先买包辣条,0
2025/3/14 12:55,零钱通买车，零钱买房[机智],0
2025/3/14 12:55,先买彩票,0
2025/3/14 12:57,@多学点知识吧,0
2025/3/14 13:01,先活着,0
2025/3/14 13:04,什么也买不了[大笑],0
2025/3/14 13:04,肯定是一起买，早用早享受,0
2025/3/14 13:07,买支笔买张纸[呲牙],0
2025/3/14 13:07,先点个拼好饭 中午过了很难有人跟你拼了[看],0
2025/3/14 13:09,@烨呀！,0
2025/3/14 13:10,买几包魔芋爽，爽爽得了[愉快],0
2025/3/14 13:10,先吃饭吧宝宝,0
2025/3/14 13:11,@之子于归,0
2025/3/14 13:12,小米的售后真的非常好，我的红米SU7MAX扎到钉，半小时内上门补好,0
2025/3/14 13:13,先买张彩票[捂脸],0
2025/3/14 13:15,先买彩票,0
2025/3/14 13:16,买个烤红薯吧,0
2025/3/14 13:20,先买个手机，估计是手机摔坏了吧[捂脸],0
2025/3/14 13:22,馒头一块钱一个[捂脸],0
2025/3/14 13:22,[灵机一动]我的SU7也是成都提车的，当时周末车管所系统有问题没办法打临时牌照，龙泉4s店工作人员和我一起打电话投诉成都车管所[泪奔][泪奔],0
2025/3/14 13:23,先买棒棒糖[捂脸],0
2025/3/14 13:24,先买压缩饼干最实际,0
2025/3/14 13:24,水喝点自来水得了[笑哭],0
2025/3/14 13:26,你先考虑今天晚上吃什么吧,0
2025/3/14 13:26,兄买个碗吧,1
2025/3/14 13:28,该吃吃，该喝喝,0
2025/3/14 13:30,先活着再说下一步,0
2025/3/14 13:34,@楠楠的搓衣板楠楠跪 看这条,1
2025/3/14 13:34,今天先买个肉包吧，吃完才有力气想买车，还是买房[捂脸][捂脸][捂脸],0
2025/3/14 13:35,先买两馒头，撑过一个星期在谈梦想吧[鞠躬][鞠躬][鞠躬][鞠躬],0
2025/3/14 13:35,先买节电池，等有钱了再买车，装上电池就能用,0
2025/3/14 13:37,转给我，买个教训。,1
2025/3/14 13:37,先买个碗,0
2025/3/14 13:37,先吃饭,0
2025/3/14 13:43,这是真实的,0
2025/3/14 13:44,先买个流量吧[捂脸],0
2025/3/14 13:45,先活着,0
2025/3/14 13:46,买康师傅方便面?康师傅冰红茶,0
2025/3/14 13:50,先买彩票，房车都不是梦……,0
2025/3/14 13:52,淘宝都有这个钱，可以，全要,0
2025/3/14 13:52,买瓶可乐吧，小份的,0
2025/3/14 13:52,先投资买个碗,0
2025/3/14 13:54,@夏海橙 [笑哭],0
2025/3/14 13:54,居然还投资了一块多[捂脸][捂脸],0
2025/3/14 14:00,先给手机充电吧[呆无辜],0
2025/3/14 14:01,先活着,0
2025/3/14 14:02,一块买你征信好的情况下车房 0 首都可以的,0
2025/3/14 14:06,@宝宝????????????,0
2025/3/14 14:07,先买烟,0
2025/3/14 14:08,先睡觉,0
2025/3/14 14:09,回家睡觉,0
2025/3/14 14:11,零钱房，零钱通买车不就行了[奸笑],0
2025/3/14 14:14,一个馒头，一瓶水 应该还能剩一块坐公交[灵机一动],0
2025/3/14 14:16,饭都买不起[捂脸],0
2025/3/14 14:18,先买车吖，车可以零首付，房子不行，要先付首付,0
2025/3/14 14:19,先买米[捂脸],0
2025/3/14 14:20,一盒白米饭四块[暗中观察],0
2025/3/14 14:22,先整个菜包吧[大笑],0
2025/3/14 14:23,先买彩票,0
2025/3/14 14:23,咱先买颗糖吧,0
2025/3/14 14:25,咱们先赚钱好不？,0
2025/3/14 14:30,买个棒棒糖??,0
2025/3/14 14:32,先买个鸡蛋灌饼[捂脸],0
2025/3/14 14:33,还是先把手机卖了吧，减少负担[思考],0
2025/3/14 14:37,先买两个馒头垫垫,0
2025/3/14 14:46,转给我，先买个教训[呲牙],1
2025/3/14 14:47,泡面刚刚好，加一根火腿肠,0
2025/3/14 14:47,买开心,0
2025/3/14 14:48,先睡觉,0
2025/3/14 14:51,不影响啊，根部花不完，纠结啥[抠鼻],0
2025/3/14 14:56,买桶泡面加根肠,0
2025/3/14 14:56,先买包辣条,0
2025/3/14 15:00,听我的，买张彩票，人总要有梦想，万一见鬼了呢？[捂脸][捂脸][捂脸],0
2025/3/14 15:01,@小瓜小瓜萌萌哒,0
2025/3/14 15:02,每根烟 压压惊,0
2025/3/14 15:03,进厂,0
2025/3/14 15:04,买车，可以睡车里,0
2025/3/14 15:05,买米,0
2025/3/14 15:05,不影响你吃猪脚饭,0
2025/3/14 15:09,买包辣条，辣哭行不行,0
2025/3/14 15:13,买包纸巾把肚脐盖好，别着凉了,1
2025/3/14 15:14,先买保险的喔[捂脸],0
2025/3/14 15:14,我感觉先买命,1
2025/3/14 15:14,@椰子不冻,0
2025/3/14 15:17,先凑整,0
2025/3/14 15:24,先买双色球后面车和房都有,0
2025/3/14 15:29,先想办法活下去吧,0
2025/3/14 15:30,先买车，车可以O首付,0
2025/3/14 15:33,要不先买块糖[捂脸],0
2025/3/14 15:35,买彩票[呲牙],0
2025/3/14 15:36,买两斤米,0
2025/3/14 15:37,先买水，续命，先保住命，保住命相信以后房子，和车都会有的[比心],0
2025/3/14 15:38,要不，在梦里看看能不能捞到啥[捂脸],0
2025/3/14 15:38,先买个包子,0
2025/3/14 15:41,先买水,0
2025/3/14 15:42,预判了我的预判,0
2025/3/14 15:43,成年人的世界不做选择，2样一起买，又不是没那个实力[捂脸],0
2025/3/14 15:48,@拥尽秋风,0
2025/3/14 15:52,@名字不知怎么起,0
2025/3/14 15:57,先保命[灵机一动],0
2025/3/14 15:58,买福彩，搏一搏[微笑],0
2025/3/14 16:01,买两个棒棒糖??，最起甜,0
2025/3/14 16:01,@七生有幸,0
2025/3/14 16:02,先挣钱吧,0
2025/3/14 16:05,先买拼好饭吃饱肚子再说,0
2025/3/14 16:06,的确有点纠结[捂脸],0
2025/3/14 16:08,小孩子才做选择题，当然都买啊,0
2025/3/14 16:11,可以去拼好饭[看],0
2025/3/14 16:17,先买杯蜜雪冰城,0
2025/3/14 16:21,先睡着[泣不成声],0
2025/3/14 16:22,不鸣则已一鸣惊人[灵机一动],0
2025/3/14 16:23,买袋魔芋吃的爽爽得了,0
2025/3/14 16:25,你先买杯蜜雪冰城吧,0
2025/3/14 16:27,先睡一觉,0
2025/3/14 16:28,买点洽洽瓜子磕一下[偷笑],0
2025/3/14 16:29,先放基金里,0
2025/3/14 16:29,看起来只能拼好饭了[躺平],0
2025/3/14 16:32,你是说新车到成都杠裂了，是吗？[看],0
2025/3/14 16:35,先买几包辣条,0
2025/3/14 16:36,先买根棒棒糖[憨笑][赞],0
2025/3/14 16:36,先买个棒棒糖??   甜一下吧,0
2025/3/14 16:38,都不买[奸笑],1
2025/3/14 16:38,先洗洗睡觉  明天咱们去贷款[尬笑],0
2025/3/14 16:40,先买馒头,0
2025/3/14 16:46,先活着吧[捂脸],0
2025/3/14 16:46,先买顿饭,0
2025/3/14 16:49,听话，咱先不买[捂脸],0
2025/3/14 16:52,先活着,0
2025/3/14 16:56,@小菊 哈哈哈哈哈哈哈哈哈哈哈哈哈哈哈哈哈哈哈哈哈哈哈哈哈哈哈哈哈哈哈哈哈哈哈哈哈哈哈哈哈哈哈哈哈哈哈哈,0
2025/3/14 16:58,先买醉[捂脸],0
2025/3/14 16:59,先买俩馒头吧,0
2025/3/14 17:01,和考清华还是考北大一样的世纪难题,0
2025/3/14 17:02,买馍,0
2025/3/14 17:02,先买糖??吧[看],0
2025/3/14 17:03,先买手套先行不,0
2025/3/14 17:06,先买房车[看],0
2025/3/14 17:06,先买馍[比心],0
2025/3/14 17:06,先买个馒头,0
2025/3/14 17:15,@Devil??,1
2025/3/14 17:15,7.97块钱买房1.19块钱买车,0
2025/3/14 17:15,可以买一斤小米,0
2025/3/14 17:18,买个彩票吧,0
2025/3/14 17:19,先贷款。,0
2025/3/14 17:19,先把那7.97放零钱通再挣点利息，过年再说[捂脸],0
2025/3/14 17:21,@浪:漫:野:人 [比心],0
2025/3/14 17:21,先买药,0
2025/3/14 17:23,先买饭,0
2025/3/14 17:24,才买根棒棒糖叼着,0
2025/3/14 17:24,这是你该考虑的事情嘛,1
2025/3/14 17:26,先买空气[捂脸],0
2025/3/14 17:27,买个枕头睡一觉，梦里啥都有[思考],0
2025/3/14 17:30,先吃晚饭,0
2025/3/14 17:33,先买菜,0
2025/3/14 17:35,先买药[捂脸],0
2025/3/14 17:43,买点清风纸巾擦擦泪，还能闻闻香味[捂脸],0
2025/3/14 17:46,兄弟，格局打开，房和车一起买,0
2025/3/14 17:48,买麻辣王子,0
2025/3/14 17:51,先买碗,0
2025/3/14 17:52,先提现,0
2025/3/14 18:00,你可以先买烟,1
2025/3/14 18:00,哇哦！1.19个亿？！[紫薇别走]你必须都要！[酷拽],0
2025/3/14 18:01,先买几张福利彩票[二哈][二哈][二哈],0
2025/3/14 18:05,买包辣条,0
2025/3/14 18:08,先买一块钱蒸馍吧,0
2025/3/14 18:11,投资 啥也别买,1
2025/3/14 18:12,先买头套再买玩具手枪你就有房也有饭了而且不用钱。,1
2025/3/14 18:16,@喵。,0
2025/3/14 18:17,对你来说没有区别,0
2025/3/14 18:26,泡面有点不够啊,0
2025/3/14 18:28,想买馒头填饱肚子吧[捂脸],0
2025/3/14 18:28,先转给我[憨笑],0
2025/3/14 18:29,买金子,0
2025/3/14 18:30,宝贝  先去小卖部全款买一桶加量泡面，小老板借开水泡好先吃饱。[玫瑰],0
2025/3/14 18:42,买个魔芋爽爽爽得了,0
2025/3/14 18:42,@槑槑 @嘻嘻 @?? @烟潏诉 @点点吃不饱 @日暮。 哈哈哈鹅鹅鹅,0
2025/3/14 18:43,@梦之泪伤,0
2025/3/14 18:43,先把续费会员关上吧,0
2025/3/14 18:46,凌晨2点的客服：在吗先生！在吗，先生你坚持住啊，千万别睡啊先生！先生？！,0
2025/3/14 18:48,先解决温饱[翻白眼][翻白眼][翻白眼],1
2025/3/14 18:52,年龄不是问题[偷笑],0
2025/3/14 18:54,先买一桶泡面加个火腿,0
2025/3/14 18:58,先买包烟抽，好好思考下[笑哭],0
2025/3/14 19:05,先买包辣条,0
2025/3/14 19:07,吃饭去,0
2025/3/14 19:09,先转给我买个教训,1
2025/3/14 19:11,就像电子手表嘲笑劳力士不能打电话[捂脸],0
2025/3/14 19:13,两个一起买[尬笑],0
2025/3/14 19:16,买彩票,0
2025/3/14 19:18,笑死我了[捂脸],0
2025/3/14 19:18,先买保险！,0
2025/3/14 19:19,要不，先买两个馒头？,0
2025/3/14 19:20,给我5块 我在外宣传 你买车也买房了[玫瑰],1
2025/3/14 19:20,买骗尿不湿，免得尿醒,1
2025/3/14 19:22,@lik,0
2025/3/14 19:23,个人建议一步到位，先买坟,1
2025/3/14 19:26,也预判了我,0
2025/3/14 19:30,因为它是真的好看[泪奔][泪奔][泪奔],0
2025/3/14 19:32,先买淀粉肠能买两根，还能再买点小辣条,0
2025/3/14 19:34,先买个淀粉肠吧,0
2025/3/14 19:36,先买??压压惊[看],0
2025/3/14 19:40,先买明早的馒头,0
2025/3/14 19:46,我比你还差点,1
2025/3/14 19:48,先睡觉,0
2025/3/14 19:50,搞贷款,1
2025/3/14 19:50,明天先买个早餐,0
2025/3/14 19:51,这属于先开腔再瞄准[看],1
2025/3/14 19:54,买根烤肠吧,0
2025/3/14 19:56,@一只小猴纸??,0
2025/3/14 19:56,先点份拼好饭,0
2025/3/14 19:59,哈哈哈哈哈,0
2025/3/14 20:01,先活着吧,0
2025/3/14 20:11,先睡觉,0
2025/3/14 20:12,别犹豫了，车房都买。,0
2025/3/14 20:17,先买个棒棒糖??[舔屏],0
2025/3/14 20:20,买瓶水[泪奔],0
2025/3/14 20:22,先把滴滴打车的账还了[看],1
2025/3/14 20:29,先睡觉[黑脸],0
2025/3/14 20:34,先睡觉,0
2025/3/14 20:37,雷军：友商是什么？大声告诉我。look my ass！！！[酷拽],1
2025/3/14 20:38,@肖权,0
2025/3/14 20:39,这么富有我觉着可以一起买,0
2025/3/14 20:45,@219 你先买啥[害羞],0
2025/3/14 20:48,喜欢爸爸还是喜欢妈妈,0
2025/3/14 20:49,转给我给你买个教训,1
2025/3/14 20:49,先买水 别脱水了[奸笑],0
2025/3/14 20:50,先买颗糖边吃边睡，梦里啥都有[泪奔],0
2025/3/14 20:57,买张彩票万一中了  啥都有了,0
2025/3/14 20:57,先吃饭[发呆],0
2025/3/14 20:59,这玩意成本就50万，还没算宣发和其他成本[憨笑]雷总真的是在贯彻那5个字啊,0
2025/3/14 21:05,买张彩票，说不定车房都买到了[微笑],0
2025/3/14 21:06,买包塔尖还得借两块,1
2025/3/14 21:07,先睡一觉，考虑一下,0
2025/3/14 21:08,发给我，先让你买个教训,1
2025/3/14 21:14,都买[捂脸],0
2025/3/14 21:21,先睡觉,0
2025/3/14 21:21,你还是先买辣条[捂脸][捂脸],0
2025/3/14 21:23,先活着,0
2025/3/14 21:28,@白。,0
2025/3/14 21:29,要不先买艘航母？,0
2025/3/14 21:29,听我的去买几个鸡蛋，吃了睡觉嗷，听话,0
2025/3/14 21:32,哈哈哈哈哈哈哈,0
2025/3/14 21:33,能活着就己经很优秀了[尬笑],0
2025/3/14 21:33,先活下来吧,0
2025/3/14 21:36,这边建议先买饭吧,0
2025/3/14 21:43,@五九九 @星星_碎了 @今天喝什么 @xiong-熊 @nnnnn楠 @不开心的豆角 哈哈哈哈哈哈哈哈,0
2025/3/14 21:49,买个早饭都费劲[尬笑],0
2025/3/14 21:50,买颗糖意思一下吃点甜,0
2025/3/14 21:51,先活着,0
2025/3/14 21:52,先买个魔芋爽爽一下吧,0
2025/3/14 21:52,@简单的程,0
2025/3/14 21:54,听话，买俩棒棒糖吃,0
2025/3/14 21:56,@门卫小吴,0
2025/3/14 21:57,肯定先买个手抓饼啊,0
2025/3/14 21:58,先转我吧，再给我炒俩菜,0
2025/3/14 21:59,买三根香吧,0
2025/3/14 21:59,先买泡面，别饿着了[看],0
2025/3/14 22:01,先买命[泪奔]不要饿的时候眼花缭乱[泪奔],0
2025/3/14 22:02,@既陈 @戚百草 @挽玥 @。Echo。 @iú @末班车 @w浙大校草 @Lumina @bae. [宕机],0
2025/3/14 22:11,买车买房全款拿下[捂脸][捂脸],0
2025/3/14 22:11,先买饭[黑脸][黑脸],0
2025/3/14 22:15,先贷款[看],0
2025/3/14 22:17,买张彩票还是可以的[比心],0
2025/3/14 22:17,先买份 隆江猪脚饭,0
2025/3/14 22:18,哈哈哈，可以的！[看],0
2025/3/14 22:19,先活着吧[感谢],0
2025/3/14 22:21,先去挂个号[捂脸],0
2025/3/14 22:24,先存钱[呲牙],0
2025/3/14 22:27,@Goofy,0
2025/3/14 22:28,先买馍吧[抠鼻],0
2025/3/14 22:33,先来杯蜜雪冰城,0
2025/3/14 22:33,在捡几个瓶子凑10元   买彩票[看],0
2025/3/14 22:33,先买菜,0
2025/3/14 22:35,@大大怪,0
2025/3/14 22:37,先睡觉[送心],0
2025/3/14 22:39,先买卫生纸[泣不成声],0
2025/3/14 22:41,先买彩票啥都有了,0
2025/3/14 22:42,泡面加瓶冰红茶吧[不你不想],0
2025/3/14 22:42,@风薫る,0
2025/3/14 22:43,先买点流量吧，不然欠费了你这点钱都不够最低充值10元,1
2025/3/14 22:45,大胆点，买房又买车[看],0
2025/3/14 22:50,先活着,0
2025/3/14 22:51,先还拼多多,0
2025/3/14 22:51,怕是连买碗白饭都难吧！,1
2025/3/14 22:51,还得用券，免配送费的那种[白眼],1
2025/3/14 22:51,零钱通很任性啊[捂脸],0
2025/3/14 22:52,先买个二手枕头[绝望的凝视],0
2025/3/14 22:54,先买拼好饭,0
2025/3/14 22:54,哈哈哈哈哈哈哈哈[泪奔],0
2025/3/14 22:55,怪不得雷总说，有问题找售后而不是发网上[流泪],0
2025/3/14 23:02,亲，您这边有70多万，推荐您分期买房。,0
2025/3/14 23:03,买杯蜜雪,0
2025/3/14 23:04,@悲伤??????????猫.,0
2025/3/14 23:05,买一个棒棒糖加一个泡泡糖在地下室边舔边嚼看你手机[赞],0
2025/3/14 23:07,先买个棒棒糖舔舔,0
2025/3/14 23:07,先吃饭[眼含热泪],0
2025/3/14 23:08,跟我一样，先存钱[捂脸][捂脸],0
2025/3/14 23:09,先买彩票，中了再烦恼,0
2025/3/14 23:09,买一首向天再借五百年然后安心的睡吧[皱眉],1
2025/3/14 23:09,先活着吧,0
2025/3/14 23:09,买彩票吧,0
2025/3/14 23:10,小米SU7紫色，落地245000，没靠父母，没靠闺蜜，没贷款没分期，没买,0
2025/3/14 23:11,零钱买房，零钱通买车,0
2025/3/14 23:11,先买彩票,0
2025/3/14 23:12,问朋友借几块钱能买包烟[尬笑],0
2025/3/14 23:12,@寻找周杰伦,0
2025/3/14 23:13,[泪奔][泪奔],0
2025/3/14 23:16,先吃饱吧！宝～[不失礼貌的微笑],0
2025/3/14 23:17,先睡觉[酷拽],0
2025/3/14 23:18,你买肉夹馍都费劲，还要什么自行车[捂脸][捂脸][捂脸][捂脸],0
2025/3/14 23:19,先许愿,0
2025/3/14 23:20,[比心]买个彩票去吧,0
2025/3/14 23:20,先买两个馒头存着过今年,0
2025/3/14 23:21,买一碗七块钱的热干面[吐舌],0
2025/3/14 23:22,给我转9.16买个教训,1
2025/3/14 23:25,买瓶啤酒吧,0
2025/3/14 23:27,先吃饭[给跪了],0
2025/3/14 23:28,你这个只能买几包魔芋爽爽一下,1
2025/3/14 23:30,[捂脸][捂脸]跟我想的一样[捂脸][捂脸],0
2025/3/14 23:32,兄弟都买了，穷的都剩这点了还纠结买什么干什么,1
2025/3/14 23:35,转给我吧，我给你上一课。,1
2025/3/14 23:35,买姨妈巾,0
2025/3/14 23:38,买个寂寞[泣不成声],1
2025/3/14 23:45,先买彩票，亲,0
2025/3/14 23:45,先买一包泡面,0
2025/3/14 23:46,路边的棒棒糖不错,0
2025/3/14 23:50,先买几个馒头再加一瓶矿泉水？[看][看],0
2025/3/14 23:53,买瓶水吧[躺平],0
2025/3/14 23:53,玩具车玩具房,0
2025/3/14 23:55,先活着吧[看],0
2025/3/14 23:58,先吃饱[看],0
2025/3/14 23:59,先买蜜雪冰城啊,0
2025/3/15 0:01,车子是消耗品，房子只是暂时的港湾，坟才是最后的归宿！听哥的，先买坟！,1
2025/3/15 0:02,@差不多先生,0
2025/3/15 0:03,先买糖，让嘴甜一点[看],0
2025/3/15 0:04,先睡觉,0
2025/3/15 0:05,还是可以买小米的,0
2025/3/15 0:08,可以跟我一样在多多上买个9.16的新枕头哦[泣不成声],0
2025/3/15 0:11,@你正在活着,0
2025/3/15 0:12,先买彩票,0
2025/3/15 0:12,兄弟 拼好饭吃中毒了吧[看],1
2025/3/15 0:14,他甚至把店里的Su7试驾车开到我家楼下来给我试驾[猪头][猪头],1
2025/3/15 0:16,哈哈[捂脸]我也是跟你一样一样，没剩几毛天天纠结先买车还是先买房[捂脸],0
2025/3/15 0:16,[暗中观察]但你不缺榜一大哥啊,0
2025/3/15 0:18,先买单,0
2025/3/15 0:20,宝贝，先买面具[九转大肠][九转大肠][九转大肠],0
2025/3/15 0:34,零钱买房，零钱通买车[大金牙],0
2025/3/15 0:42,@时 雾,0
2025/3/15 0:43,不能一起买吗  7个多[看],0
2025/3/15 0:50,拼好饭,0
2025/3/15 0:56,先睡觉,0
2025/3/15 0:56,死了烧纸都买不起,1
2025/3/15 0:58,小孩子才会选择,1
2025/3/15 0:58,不够,1
2025/3/15 1:03,外面厕所也有收费的，别乱走[抠鼻],0
2025/3/15 1:05,乖，咱不买[偷笑],0
2025/3/15 1:09,先吃拼好饭吧,0
2025/3/15 1:10,@包包子 @爱让双眼泛红 @念朱 @偏爱 @C c @LiTnTg @绝版的昨天 [憨笑][强壮],0
2025/3/15 1:32,先来套煎饼果子[机智]吃完工作,0
2025/3/15 1:37,买张嘴[捂脸],1
2025/3/15 1:37,我支援你[捂脸],0
2025/3/15 1:47,先买药,0
2025/3/15 1:47,留着买馒头吧，一顿吃一个可以顶几天了[看],1
2025/3/15 1:49,买水[捂脸],0
2025/3/15 2:01,全转到零钱通里面吃一辈子利息[呲牙],0
2025/3/15 2:02,先买馒头,0
2025/3/15 2:05,蛋炒饭都吃不起[看],1
2025/3/15 2:07,哈哈哈哈哈哈哈哈哈,0
2025/3/15 2:11,先买个包子吃吃吧,0
2025/3/15 2:11,先睡觉吧，啥都不买，钱生钱，明年存到208万,0
2025/3/15 2:23,@谢黄小笼包 先吃饱[呲牙],0
2025/3/15 2:25,8块钱吃碗拌面啦[干饭人],0
2025/3/15 2:29,先活着吧,0
2025/3/15 2:39,先买副手套，去工地搬一天砖，唯一的破局方法[看],1
2025/3/15 2:42,先许愿,0
2025/3/15 3:11,先买个塑料袋套头上感受一下西藏缺氧的感觉[宕机],1
2025/3/15 3:20,这里一个白饭一块钱[看],0
2025/3/15 3:22,@??__ @正在输入……,0
2025/3/15 3:26,先买个梦想,0
2025/3/15 3:44,你应该纠结是买泡面还是买馒头,0
2025/3/15 3:50,买个泡面算了能吃俩顿,0
2025/3/15 4:11,先买个泡面配个肠好好活着[看],0
2025/3/15 4:13,买两个白面馒头吧,0
2025/3/15 4:17,先买票,0
2025/3/15 5:25,都别买[九转大肠]留着养老[捂脸],0
2025/3/15 6:45,买包烟都够呛[捂脸],0
2025/3/15 6:52,[看]@我要睡大觉,0
2025/3/15 7:04,先买只???,0
2025/3/15 7:07,@? ?,0
2025/3/15 7:08,把零钱通的和零钱的合并就够了,0
2025/3/15 7:11,先买塑料袋吧，再物色个好的地方，毕竟活着不易[微笑],1
2025/3/15 7:14,小米还是别想了，咱还是考虑考虑大米,0
2025/3/15 7:17,纠结什么 没得选择 你只能买小米,1
2025/3/15 7:29,睡觉吧,0
2025/3/15 7:40,先买包魔芋爽爽一下吧[黑脸],0
2025/3/15 7:43,@??堇年煅练版,0
2025/3/15 7:55,先买烟,0
2025/3/15 7:57,性别可以放宽些[抠鼻],0
2025/3/15 7:57,先买包干脆面吧,0
2025/3/15 7:58,两个都可以买,0
2025/3/15 7:59,先贷款,1
2025/3/15 8:04,一起买，对于你来说毫无压力,0
2025/3/15 8:06,听我的，吃西北风[泪奔],1
2025/3/15 8:06,@卫生员班长,0
2025/3/15 8:12,先起床兄弟,0
2025/3/15 8:19,先买个馒头吃,0
2025/3/15 8:22,先活着,0
2025/3/15 8:22,买辣条,0
2025/3/15 8:23,拼多多一起买,0
2025/3/15 8:24,一起买,0
2025/3/15 8:30,先买一瓶水吧,0
2025/3/15 8:32,先买俩馒头充饥再想房车[捂脸],0
2025/3/15 8:40,买两斤米吧[捂脸],0
2025/3/15 8:41,买张彩票吧，万一中了呢,0
2025/3/15 8:42,先买碗,0
2025/3/15 8:43,先买车 房子延迟,0
2025/3/15 9:00,先活着[偷笑][偷笑][偷笑],0
2025/3/15 9:01,先活下去,0
2025/3/15 9:03,哈哈,0
2025/3/15 9:03,先买我吧 便宜[看],0
2025/3/15 9:13,先买外卖[灵机一动],0
2025/3/15 9:13,好帅的车！ 这样的车是概念车， 还是可售的？,0
2025/3/15 9:20,先吃饱吧[捂脸],0
2025/3/15 9:22,先买桶泡面吧。,0
2025/3/15 9:26,不是姐们，你都这种情况了，先贷款啊,1
2025/3/15 9:26,买一包卫生巾小包的。,0
2025/3/15 9:27,先买笔画饼,0
2025/3/15 9:29,先买手套不然搬砖磨手,0
2025/3/15 9:32,买馒头吧,0
2025/3/15 9:33,你这1.19还有必要放零钱通里面攒收益吗[捂脸],0
2025/3/15 9:40,转给我，买个教训[看],1
2025/3/15 9:43,先攒够一个五菱宏光,0
2025/3/15 9:43,先买包纸，不然上厕所没纸,0
2025/3/15 9:44,先买桶泡面活着吧[捂脸],0
2025/3/15 9:50,@xyyy,0
2025/3/15 9:55,买个碗。蹲路边上。车。房，时间久了都会有了,0
2025/3/15 10:04,我觉得先找个有钱的男朋友最靠谱[看],0
2025/3/15 10:07,买饭都的分期,0
2025/3/15 10:08,买饭还是够的,0
2025/3/15 10:08,嗯，买点逍遥丸吧，这样晚上睡得好一点。,0
2025/3/15 10:09,买房[看],0
2025/3/15 10:12,先买馒头,0
2025/3/15 10:13,先上拼多多,0
2025/3/15 10:18,先买手套搬砖  在考虑吃饭  吃饭了考虑睡觉的，睡觉了在买第二双手套搬砖,0
2025/3/15 10:20,"第一步:存到2块
第二步:买张彩票
第三步:车房任选",0
2025/3/15 10:23,@酷味小仙女 哈哈哈哈,0
2025/3/15 10:24,先买3张彩票，万一中了呢[笑哭],0
2025/3/15 10:27,先买碗??,0
2025/3/15 10:31,@番茄芝儿,0
2025/3/15 10:33,主播这俩手机卡还没停机呢[憨笑],0
2025/3/15 10:33,我觉得你先买单,0
2025/3/15 10:37,包子一个都一块五哦[发呆],0
2025/3/15 10:39,哈哈哈,0
2025/3/15 10:46,行买泡面吧！饿着连睡都睡不着，做梦都不能好好做[捂脸],0
2025/3/15 10:48,不应该是先买饭还是先买水,0
2025/3/15 10:50,零钱买房，零钱通买车,0
2025/3/15 10:50,先买点馒头，先吃饱,0
2025/3/15 10:51,[看][看][看],0
2025/3/15 10:53,先买张彩票,0
2025/3/15 10:54,买彩票,0
2025/3/15 10:55,把钱转给我，先买个教训,1
2025/3/15 10:57,@今天又有甜甜圈,0
2025/3/15 10:58,先买水解渴,0
2025/3/15 10:58,买个烤红薯来吃[捂脸],0
2025/3/15 10:59,先买包辣条压压惊[比心],0
2025/3/15 11:02,先买点泡面吃[泣不成声],0
2025/3/15 11:03,买包辣条吧，开胃,0
2025/3/15 11:04,四张双色球,0
2025/3/15 11:04,先买个馒头别让自己饿肚子,0
2025/3/15 11:08,买莎普爱思,0
2025/3/15 11:19,先买彩票,0
2025/3/15 11:21,先买瓶一块钱的矿泉水浇头上清醒清醒,1
2025/3/15 11:23,直接买MD，一步到位,1
2025/3/15 11:25,可以买房也可以买车，先把这个钱给我我去帮你买,1
2025/3/15 11:25,先买皮带，裤腰勒紧点[笑哭],0
2025/3/15 11:26,[泪奔][泪奔][泪奔][泪奔]可以买一个白日梦[捂脸],0
2025/3/15 11:26,先活着,0
2025/3/15 11:29,你的纠结很多余[捂脸],1
2025/3/15 11:30,你这有两笔款，一笔买车，一笔买房。,0
2025/3/15 11:31,先买桶泡面，再去买张彩票，中奖了车和房都有了，不中的话你晚上就先吃泡面吧，饿不了,0
2025/3/15 11:33,听我的老铁  先买俩馍  再买瓶酱豆 [抱抱你],0
2025/3/15 11:34,[捂脸]@貂蝉.,0
2025/3/15 11:47,先买杯棒打鲜橙三分糖,0
2025/3/15 11:47,先攒点钱,0
2025/3/15 11:48,来我这那俩片安眠药吧[泣不成声][泣不成声],1
2025/3/15 11:54,@_黄豆儿麻麻 @慢慢??,0
2025/3/15 11:54,买瓶矿泉水吧，喝的好的话能多活几天,0
2025/3/15 11:57,先活下来,0
2025/3/15 12:07,先活着比较好[泣不成声],0
2025/3/15 12:09,买俩馍吧先,0
2025/3/15 12:10,[偷笑],0
2025/3/15 12:10,同款烦恼[捂脸],0
2025/3/15 12:14,先买书,0
2025/3/15 12:16,买三个小样，还能剩四毛,0
2025/3/15 12:19,先买把面条吧,0
2025/3/15 12:21,先考虑一下自己吧,0
2025/3/15 12:21,买个彩票吧，万一中了两个都可以买,0
2025/3/15 12:25,先有钱,0
2025/3/15 12:25,先买4个肉包吧，多一个都买不到。,0
2025/3/15 12:25,先睡觉,0
2025/3/15 12:28,先买包辣条吧[捂脸],0
2025/3/15 12:31,先买枕头,0
2025/3/15 12:33,先买个馒头,0
2025/3/15 12:38,先充电啊,0
2025/3/15 12:38,先买馒头吃饱了才能去搬砖,0
2025/3/15 12:39,这个存款 买包辣条吃吃吧[捂脸],0
2025/3/15 12:41,先买酒，还必须是酒精那种假酒，这种容易醉，好做梦,1
2025/3/15 12:42,先吃饭[捂脸],0
2025/3/15 12:43,先吃饭吧,0
2025/3/15 12:46,买彩票,0
2025/3/15 12:46,都可以买，零首付先买再说,0
2025/3/15 12:46,1,1
2025/3/15 12:46,先买包泡面吧,0
2025/3/15 12:47,买彩票吧，万一中了呢,0
2025/3/15 12:49,老表我建议你先去买张彩票啦[捂脸],1
2025/3/15 12:55,先活下来,0
2025/3/15 12:59,先卖个肾,1
2025/3/15 13:00,先买棒棒糖,0
2025/3/15 13:01,买包辣条啃着吧,0
2025/3/15 13:02,先买彩票[吐舌],0
2025/3/15 13:05,先想想下一顿吃啥吧[看],0
2025/3/15 13:05,先买房车,0
2025/3/15 13:06,买馒头吧,0
2025/3/15 13:07,@xxxxxX,0
2025/3/15 13:08,买袋魔芋爽，躺床上爽爽得了,0
2025/3/15 13:10,先买个肉夹馍，叫人家少放点肉[捂脸],0
2025/3/15 13:15,留着买菜吧[尬笑],1
2025/3/15 13:17,买包魔芋爽爽一下就得了[调皮],0
2025/3/15 13:18,买挂面。,0
2025/3/15 13:18,买根肠吧,0
2025/3/15 13:19,买彩票吧[捂脸],0
2025/3/15 13:20,先给我买包卫龙吃一下[流泪],0
2025/3/15 13:20,买个不锈钢的碗，耐摔[看],0
2025/3/15 13:21,都转到零钱通吧，能赚一点是一点,0
2025/3/15 13:26,先挂号,0
2025/3/15 13:26,买包辣条吃吧[愉快],0
2025/3/15 13:31,饿一顿才会面对现实,1
2025/3/15 13:31,先买个糖吃[灵机一动][灵机一动],0
2025/3/15 13:33,先买米,0
2025/3/15 13:35,先在银行存个五年定存。,0
2025/3/15 13:36,买流量[捂脸],1
2025/3/15 13:36,买彩票,0
2025/3/15 13:38,姐 你转给我 我让你凉快一下[呲牙],1
2025/3/15 13:44,先存钱[捂脸],0
2025/3/15 13:45,先贷款,0
2025/3/15 13:45,买张彩票吧[捂脸]但是买彩票一看你的余额，彩票还是太贵了,0
2025/3/15 13:49,买个碗[黑脸],1
2025/3/15 13:49,买我一个建议,0
2025/3/15 13:51,交给梦来解决挺好,0
2025/3/15 13:53,先把余额调高一点[捂脸],0
2025/3/15 13:53,买包卫生斤[看],0
2025/3/15 13:59,人家都叫我小偷，只有雷总会叫我“喜欢抠标的朋友”[流泪],1
2025/3/15 14:01,睡觉[抠鼻],0
2025/3/15 14:01,@有时桉. [捂脸],0
2025/3/15 14:02,买瓶矿泉水 喝饱了就睡一觉,0
2025/3/15 14:04,能啊，去快餐店，老板拿一个饭，买瓶水买一个饭在买包榨菜[看]足够了,0
2025/3/15 14:04,先买张彩票,0
2025/3/15 14:08,都买[舔屏][舔屏],0
2025/3/15 14:10,先还花呗,0
2025/3/15 14:12,买包辣条压压惊[捂脸],0
2025/3/15 14:13,枕头垫高点,0
2025/3/15 14:14,先买俩馒头吧,0
2025/3/15 14:14,@喝了福灵剂的少女,0
2025/3/15 14:15,先买拼好饭,0
2025/3/15 14:15,想买个蜜雪冰城吧,0
2025/3/15 14:16,先考虑能买什么饭[尬笑],0
2025/3/15 14:17,@曲有误周郎顾,0
2025/3/15 14:17,够买一碗小米粥[灵机一动],0
2025/3/15 14:19,@33333…… 我也纠结,0
2025/3/15 14:19,先充点话费吧，不然抖音都没得玩了,0
2025/3/15 14:20,可以买包辣条,0
2025/3/15 14:22,买彩票后再买房买车,0
2025/3/15 14:25,可以先考虑一下打折的猪脚饭,0
2025/3/15 14:27,先买个馒头吃吃[呲牙],0
2025/3/15 14:35,买香，然后求佛[呲牙],0
2025/3/15 14:41,还是买个馒头吧[捂脸][捂脸][捂脸],0
2025/3/15 14:43,先买冰红茶,0
2025/3/15 14:43,先买馒头吧,0
2025/3/15 14:47,先买明天早餐，怕今晚通货膨胀涨个5毛，怕你难受[泣不成声],0
2025/3/15 14:49,先买馒头[看][看][看],0
2025/3/15 14:49,先买两包方便面吃上[看],0
2025/3/15 14:51,先买奶茶??,0
2025/3/15 14:51,全部发给我买个教训[憨笑],1
2025/3/15 14:51,先充电吧[捂脸],0
2025/3/15 14:53,先醒醒[暗中观察],0
2025/3/15 14:54,听话，什么都别买,1
2025/3/15 14:59,先买米,0
2025/3/15 15:05,@灵光闪闪（又要看李健版）,0
2025/3/15 15:07,买个馒头,0
2025/3/15 15:08,@小小熊??,0
2025/3/15 15:10,买注彩票你都还要融资,1
2025/3/15 15:15,先脱贫[看],0
2025/3/15 15:15,都多余了[尬笑],1
2025/3/15 15:16,买根烤肠[调皮],0
2025/3/15 15:17,先充电吧[看],0
2025/3/15 15:23,下楼买个塑料袋套头上体验一下高原反应,1
2025/3/15 15:26,买茄盒,0
2025/3/15 15:37,奉劝还是想挣钱吧,1
2025/3/15 15:39,买好饭[捂脸][赞][赞][赞]@楪鵺^ @秋.鳥 @港. @曼萝 @桉叶??（好运版） @碳烤鱼 @小奈大王 @弱智,0
2025/3/15 15:41,先活着[看],0
2025/3/15 15:51,先吃饱兄弟,0
2025/3/15 15:57,买瓶水 再买根棒棒糖拌一起吃 甜甜的 ，然后就可以做梦了,0
2025/3/15 15:58,买3个馒头，能将就一天。[泣不成声],0
2025/3/15 16:00,先赚钱[捂脸],0
2025/3/15 16:03,全买啊兄弟，剩下的还能买个游艇,0
2025/3/15 16:03,@一场繁华,0
2025/3/15 16:04,先买把称吧[捂脸],0
2025/3/15 16:05,先给我吧[看]蚊子再小也是肉[舔屏],0
2025/3/15 16:06,先买纸[微笑][微笑][微笑],0
2025/3/15 16:09,@?? 哈哈哈,0
2025/3/15 16:10,先买一个糖 感受一下生活的甜,0
2025/3/15 16:11,这个钱不够买饭，先上班,0
2025/3/15 16:15,先贷款吧,0
2025/3/15 16:17,先想办法充话费。,0
2025/3/15 16:18,零首付二者皆可得[捂脸][捂脸][捂脸],0
2025/3/15 16:19,？两袋泡面还不够买吗？,1
2025/3/15 16:21,去买辣条吃两包[黑脸][强壮],0
2025/3/15 16:21,还是发给我吧。[捂脸],0
2025/3/15 16:23,[九转大肠],0
2025/3/15 16:24,先买两个包子,0
2025/3/15 16:26,买几包洋芋爽爽得了[泣不成声],0
2025/3/15 16:26,先买醉 梦里啥都有,0
2025/3/15 16:27,先吃饭吧,0
2025/3/15 16:27,先买一元王,0
2025/3/15 16:28,先吃饭,0
2025/3/15 16:31,@陆九. 哈哈哈哈,0
2025/3/15 16:32,不够吧[尬笑],1
2025/3/15 16:35,转给我 我买房买车[酷拽],0
2025/3/15 16:39,买棒棒糖,0
2025/3/15 16:41,买房吧[看],0
2025/3/15 16:41,先买包泡面吧[憨笑],0
2025/3/15 16:42,串串房都买不起哈哈哈,1
2025/3/15 16:44,回家吧孩子回家吧@滴滴滴,0
2025/3/15 16:45,水也买不了，矿泉水2元,0
2025/3/15 16:50,买个鸡蛋蛋生鸡鸡生蛋……很快就可以买了,0
2025/3/15 16:51,先还帐[打脸],1
2025/3/15 16:52,小米不锈钢水杯[九转大肠],0
2025/3/15 16:52,先买个棒棒糖[灵机一动],0
2025/3/15 16:53,真兄弟[赞],0
2025/3/15 16:54,先买几包泡面[捂脸],0
2025/3/15 16:56,先挣钱,0
2025/3/15 16:59,先打张简历,0
2025/3/15 17:02,你是要送给我嘛[呲牙],0
2025/3/15 17:05,还是先考虑考虑下顿吃啥吧,0
2025/3/15 17:05,先买菜吧,0
2025/3/15 17:06,哈哈哈哈笑死啦,0
2025/3/15 17:07,先充电吧，给手机,0
2025/3/15 17:09,钱太大找不开[看],0
2025/3/15 17:12,买眼罩都不够,1
2025/3/15 17:14,建议买彩票[泣不成声][泣不成声],0
2025/3/15 17:22,买彩票,0
2025/3/15 17:23,两元店买个不锈钢碗，然后坐在天桥上敲,0
2025/3/15 17:27,买瓶二锅头喝完早点睡,0
2025/3/15 17:29,买点瓜子磕磕，想想人生,0
2025/3/15 17:37,买颗米都费劲，啥都别买。,0
2025/3/15 17:41,先买个棒棒糖让自己开心一下,0
2025/3/15 17:44,够买三个馒头了,0
2025/3/15 17:51,要不 买冰红茶？,0
2025/3/15 17:56,听说光喝水能活7天，建议先买水，你有7天时间，看你造化了[灵机一动],1
2025/3/15 18:02,我第一眼看成了先买板[捂脸][捂脸][捂脸],0
2025/3/15 18:05,先买个煎饼果子吃吧[呆无辜],0
2025/3/15 18:06,听兄弟劝[呲牙]咱还是先买个馒头吃,0
2025/3/15 18:10,@Xian?n [憨笑][赞],0
2025/3/15 18:11,先买水[憨笑],0
2025/3/15 18:12,买包纸吧，擦擦眼泪[捂脸],1
2025/3/15 18:14,先给手机充电吧,0
2025/3/15 18:14,先睡觉,0
2025/3/15 18:20,先买包辣条[黑脸],0
2025/3/15 18:25,先买跟火腿肠，垫垫肚子,0
2025/3/15 18:30,零钱买房！零钱通买车！这样房和车都有了[舔屏][舔屏][舔屏],0
2025/3/15 18:35,买盒红塔山压压惊,0
2025/3/15 18:35,@修 笑死我了,0
2025/3/15 18:36,先买一瓶旺仔,0
2025/3/15 18:36,[泪奔][泪奔][泪奔][泪奔][泪奔],0
2025/3/15 18:37,先买个被子，梦里就都有了,0
2025/3/15 18:42,@绿光,0
2025/3/15 18:42,先买了车就买不起房了,0
2025/3/15 18:44,@?小蕾蕾???  [大笑][大笑][大笑][大笑][大笑],0
2025/3/15 18:55,买个包子先垫巴垫巴[呲牙],0
2025/3/15 18:56,有一种刘亦菲彩礼52.99万就嫁但我拿不出来，真是急得我团团转啊[流泪][流泪][流泪],1
2025/3/15 18:57,先卖肾[捂脸],1
2025/3/15 18:57,吃个炒饭睡觉想买什么就买什么,0
2025/3/15 19:03,小米敢出个10万级别的车不[灵机一动],0
2025/3/15 19:04,先买馒头,0
2025/3/15 19:06,今年六月发布会：为什么都说suv比轿车贵呢，我将打破这个……yu7最后定价，18.99w[看],0
2025/3/15 19:10,雷总现在给人的感觉，是真的不爱钱，更爱名声。钱留不住，但是名声能一直流传,0
2025/3/15 19:10,先买两个包子塞嘴里[尬笑],0
2025/3/15 19:12,先买包红塔山,0
2025/3/15 19:14,先买根淀粉肠犒劳自己，毕竟这个问题太纠缠了，费脑,0
2025/3/15 19:16,买三馒头，一天三餐都有着落了[泪奔],0
2025/3/15 19:17,雷军真不愧是销售界大佬，看的我心潮澎湃，恨不得马上把我住的房子给卖了买一辆，突然想到可能房东不会同意，雷总对不住了,0
2025/3/15 19:19,先买瓶东方树叶,0
2025/3/15 19:26,先买???,0
2025/3/15 19:28,81万就81万不用改，突然定价53万，我是真怕我朋友买得起啊[大哭][大哭],0
2025/3/15 19:29,先买水[看][看][看],0
2025/3/15 19:30,买个包子吧,0
2025/3/15 19:42,拼好饭,0
2025/3/15 19:42,哈哈哈哈哈哈哈,0
2025/3/15 19:43,买一袋魔芋爽爽爽算了 两袋都怕你买不起,1
2025/3/15 19:43,看需求，实用是房子，装逼社交车子,0
2025/3/15 19:43,错了，应该让他先充电[看],0
2025/3/15 19:44,没电连饭钱都付不了[看],0
2025/3/15 19:52,@暴躁老姨??,1
2025/3/15 19:57,先睡吧[看],0
2025/3/15 20:01,先活着吧,0
2025/3/15 20:01,先买个馍吧,0
2025/3/15 20:04,先想着[灵机一动],0
2025/3/15 20:12,不应该先挣钱吗[不你不想],1
2025/3/15 20:16,明天该不该吃馒头？还是恶意的。,1
2025/3/15 20:17,先拼好饭,0
2025/3/15 20:19,先充电吧！,0
2025/3/15 20:23,先转我买个教训[捂脸],1
2025/3/15 20:31,@奇妙麻瓜 @liu.,0
2025/3/15 20:32,吃饭都得众筹,0
2025/3/15 20:38,先买包烟抽哈,0
2025/3/15 20:40,先养活自己[暗中观察][暗中观察][暗中观察],0
2025/3/15 20:41,买个塑料袋套头上[逞强落泪],1
2025/3/15 20:42,要不先充个话费好了[捂脸],0
2025/3/15 20:43,@forsythia,0
2025/3/15 20:51,先点个拼好饭[比心],0
2025/3/15 20:59,@まつおかりん,0
2025/3/15 21:02,还是买套0首付的房吧！这样的日子才有????动力。,0
2025/3/15 21:05,买杯蜜雪吧,0
2025/3/15 21:06,买止血贴。[灵机一动],0
2025/3/15 21:06,买泡面吧[OK],0
2025/3/15 21:12,先买把面条吧兄弟[九转大肠],0
2025/3/15 21:19,白饭3元[尬笑],0
2025/3/15 21:24,别纠结了，先买张彩票吧,0
2025/3/15 21:30,忍着，明天还能涨点点,0
2025/3/15 21:31,说是对手56E，718瑟瑟发抖[看],1
2025/3/15 21:31,7块买房1块买车,0
2025/3/15 21:32,先睡觉,0
2025/3/15 21:39,还不够买个汉堡的,0
2025/3/15 21:41,先活着,0
2025/3/15 21:43,给我转过来，去要饭[抱拳],1
2025/3/15 21:43,当时价格出来的时候第一次有一种虽然买不起但是觉得真的好便宜的感觉，雷总牛逼[暗中观察],0
2025/3/15 21:53,买套房可以倒拿几十 W，再一次性付款买车,0
2025/3/15 21:54,先买饭,0
2025/3/15 22:00,新粉都在喊雷总nb，老粉还在等王总的红米su7,0
2025/3/15 22:04,买房,0
2025/3/15 22:06,先卖我,0
2025/3/15 22:06,买馒头能多撑几天,0
2025/3/15 22:07,先买根棒棒糖虽然没什么用能让直接暂时吃吃甜头[抠鼻],0
2025/3/15 22:09,先去彩票点买点彩票，中个奖，其他的梦想就都实现了,0
2025/3/15 22:11,先想象,0
2025/3/15 22:19,先买饭，吃完饭，努力干[呲牙],0
2025/3/15 22:20,零首付，你这都多了。,1
2025/3/15 22:22,买su7，花七块，还有一块钱留着充电,0
2025/3/15 22:23,先养命吧,0
2025/3/15 22:23,先上班啊！,0
2025/3/15 22:26,幸亏雷军是走的正道，这个营销手法，被卖保健品的学去，家里老人房子卖了，都得买保健品[捂脸],0
2025/3/15 22:28,买俩糖三角,0
2025/3/15 22:29,先买拼好饭吧,0
2025/3/15 22:34,@小羊騎士,0
2025/3/15 22:50,买个枕头垫高一点[呲牙],0
2025/3/15 23:01,先买俩茶叶蛋，吃饱了再想办法买房。,0
2025/3/15 23:12,还是好好纠结着吧[呲牙],0
2025/3/15 23:20,买两个魔芋爽。爽爽得了,0
2025/3/15 23:25,@黑虎阿彪 [捂脸][捂脸][捂脸],0
2025/3/15 23:30,还是先买馒头,0
2025/3/15 23:33,先买人身意外险,0
2025/3/15 23:35,先买酒喝了早点睡，梦里啥都有,0
2025/3/15 23:40,我就一直在等 小米yu7[流泪][流泪]就看发布会价格了[流泪],0
2025/3/15 23:42,买个棒棒糖，命苦加点糖[捂脸],0
2025/3/15 23:44,肯定买房啊，0首付,0
2025/3/15 23:47,纸扎吗？,1
2025/3/15 23:58,可以泡面?火腿肠,0
2025/3/16 0:02,买包魔芋爽爽爽,0
2025/3/16 0:03,@mala 给我整笑了,0
2025/3/16 0:05,买根冰淇淋吃吃,0
2025/3/16 0:12,汇率涨 100 倍就能买得起了[捂脸],0
2025/3/16 0:13,我觉得你可以先去买杯蜜雪冰城然后在思考,0
2025/3/16 0:17,买注彩票[捂脸],0
2025/3/16 0:22,买包辣条,0
2025/3/16 0:31,买包辣条得了,0
2025/3/16 0:35,先买个泡面再加个肠,0
2025/3/16 0:40,@薄荷 [干饭人],0
2025/3/16 0:55,首先你要睡着，。。。。。,0
2025/3/16 0:56,@Xiaoyue！ [泪奔],0
2025/3/16 0:56,建议先买药，治好了才有希望,1
2025/3/16 1:00,买几个馒头吧[捂脸],0
2025/3/16 1:01,@下雨,0
2025/3/16 1:05,[捂脸],0
2025/3/16 1:12,雷军连夜发文表扬成都售后,0
2025/3/16 1:12,找朋友借点儿先买个枕头,0
2025/3/16 1:12,[捂脸][捂脸],0
2025/3/16 1:21,买个烧饼夹里脊五块。然后花2.5买一杯豆浆。 明天早饭有着落,0
2025/3/16 1:23,@着迷-,0
2025/3/16 1:24,[看],0
2025/3/16 1:31,7.97买房啊～1.19买车[看][看],0
2025/3/16 1:53,先别纠结,0
2025/3/16 1:54,发给我我跟别人说你都买了[尬笑],0
2025/3/16 1:56,哈哈哈哈哈哈哈,0
2025/3/16 1:59,先买瓶水喝压压惊,0
2025/3/16 2:03,每天睡前看一遍。看看能不能提前。,0
2025/3/16 2:11,先买桶泡面，要两块面饼的，攒攒利息可以再买两个蛋加个肠,0
2025/3/16 2:48,要不转给我吧，省得纠结[干饭人],0
2025/3/16 3:03,先买皮肤,0
2025/3/16 5:04,一杯豆浆，2个烧麦[流泪],0
2025/3/16 6:40,@小莉柚,0
2025/3/16 7:26,先买一个馒头,0
2025/3/16 7:33,你虽然很有钱！但是也要好好规划一下怎么用，我给你几点建议。首先用零钱买套房子，别太大，够住就行了。然后用零钱通里的钱买个车子。最后把剩下的钱提到零钱通赚利息！你这辈子就不愁了！！！最后还要提醒一下你，一定要理性消费，不能报复性消费！！！,0
2025/3/16 7:34,@惊蕈,0
2025/3/16 7:36,[大笑][大笑][大笑],0
2025/3/16 7:36,[笑哭][笑哭][笑哭],0
2025/3/16 7:54,买颗糖安慰一下自己[偷笑],0
2025/3/16 8:00,还是先买早餐吧，要不然打螺丝都没力了[呲牙],0
2025/3/16 8:03,买馒头吧 包子不够吃一天[看],0
2025/3/16 8:35,先买房车[比心],0
2025/3/16 8:42,先买个馒头压压惊[呲牙],0
2025/3/16 8:43,先买一桶老坛酸菜面加两根火腿肠！,0
2025/3/16 8:46,先理财[看],0
2025/3/16 8:49,先买个馒头,0
2025/3/16 8:49,馒头也不是不行,0
2025/3/16 8:50,先包辣条,0
2025/3/16 8:52,先买包辣条吧,0
2025/3/16 9:09,发给我我，买个教训,1
2025/3/16 9:10,先买个老坛酸菜,0
2025/3/16 9:16,先买块饼??,0
2025/3/16 9:17,现在大社会，先存钱钱，过几年抓住商机，房车都有了,0
2025/3/16 9:20,[看]先买注2块钱的彩票,0
2025/3/16 9:25,买根儿糖在想想[尬笑],0
2025/3/16 9:28,先给我买根淀粉肠,0
2025/3/16 9:31,@止止,0
2025/3/16 9:34,拼好烦,0
2025/3/16 9:38,@吴林盟主 先买饭,0
2025/3/16 9:56,先结婚就都有了,0
2025/3/16 9:59,@达达子,0
2025/3/16 9:59,买个馒头吧[泪奔][泪奔][泪奔]还可以有剩,0
2025/3/16 10:00,先买个男朋友[捂脸],0
2025/3/16 10:05,没对象先买车[灵机一动],0
2025/3/16 10:09,让他睡觉吧[捂脸],0
2025/3/16 10:11,我个套套也买不起[呲牙],0
2025/3/16 10:15,憋笑挑战吗？我承认我输了,0
2025/3/16 10:26,先买彩票,0
2025/3/16 10:27,先买彩票吧[比心],0
2025/3/16 10:28,@不是学妹,0
2025/3/16 10:30,先活着,0
2025/3/16 10:41,听话，睡着了不会觉得饿,0
2025/3/16 10:44,厕所吧,1
2025/3/16 10:47,3.5一袋诶,0
2025/3/16 10:52,@a yu q,0
2025/3/16 11:00,@上村. @在乎 笑人,1
2025/3/16 11:04,兄弟拆迁了，我劝他买尊界s800[赞]，他要是买了小米我会气死[微笑],1
2025/3/16 11:05,先买机票,0
2025/3/16 11:05,哈哈哈,0
2025/3/16 11:16,哈哈哈哈哈哈啊哈哈哈哈哈哈哈哈哈哈哈哈哈哈哈哈哈哈哈哈哈哈哈哈哈哈哈哈哈哈哈哈,0
2025/3/16 11:17,先买包辣条[看],0
2025/3/16 11:17,去超市买包魔芋爽爽爽得了,0
2025/3/16 11:20,先活下来,0
2025/3/16 11:21,先买个PS软件吧,0
2025/3/16 11:22,先睡觉吧,0
2025/3/16 11:23,先买饭,0
2025/3/16 11:23,吃饱再买,0
2025/3/16 11:26,先买大乐透,0
2025/3/16 11:27,[思考][思考],0
2025/3/16 11:27,先买包纸拉屎,1
2025/3/16 11:29,先买根棒棒糖吧，生活都这么苦了[不失礼貌的微笑],0
2025/3/16 11:30,先买彩票[比心],0
2025/3/16 11:30,买双手套子好好搬砖要紧,1
2025/3/16 11:31,@昱犍 [捂脸],0
2025/3/16 11:32,@车厘子 [泪奔][泪奔][泪奔][泪奔],0
2025/3/16 11:32,[捂脸][捂脸][捂脸],0
2025/3/16 11:34,网易云自动扣费,0
2025/3/16 11:38,先买个馒头吧[捂脸],0
2025/3/16 11:38,先上班,0
2025/3/16 11:39,先买被子，地为床[看],0
2025/3/16 11:42,当然买房,0
2025/3/16 11:43,买一个棒棒糖，虽然没用，但是很甜[看],0
2025/3/16 11:53,存死期 每年还能涨点,0
2025/3/16 11:54,先吃拼好饭,0
2025/3/16 11:54,他只有1块多,0
2025/3/16 11:56,[泪奔][泪奔][泪奔],0
2025/3/16 11:57,买辣条,0
2025/3/16 11:58,先买盒饭[尬笑],0
2025/3/16 12:01,@蛋挞统治世界,0
2025/3/16 12:06,先找工作,0
2025/3/16 12:07,笑死了,0
2025/3/16 12:08,先活下来,0
2025/3/16 12:13,彩票都不够,0
2025/3/16 12:14,先买包榨菜吧[捂脸],0
2025/3/16 12:15,@U.,0
2025/3/16 12:17,先买个泡面吃一下吧,0
2025/3/16 12:19,先垫高枕头[捂脸],0
2025/3/16 12:24,[蜜蜂狗]这不是你该担心的事,1
2025/3/16 12:27,先睡吧[捂脸][捂脸][捂脸],0
2025/3/16 12:27,先买三柱双色球放手一搏[灵机一动],0
2025/3/16 12:28,买杯蜜雪冰城吧,0
2025/3/16 12:32,买个6元皮差不多得了[憨笑],0
2025/3/16 12:32,先买瓶水[泪奔],0
2025/3/16 12:38,先温饱,0
2025/3/16 12:44,买颗糖比他俩都甜[灵机一动][灵机一动][灵机一动],0
2025/3/16 12:49,先吃饭吧[看],0
2025/3/16 12:49,先找格厂,0
2025/3/16 12:53,有的馒头两块钱一个，真不够，有的一块五，有的六毛，八毛，基本大部分都是一块钱的价格居多,0
2025/3/16 12:58,先晚饭买俩包子吧[看],0
2025/3/16 13:00,买七袋鸡蛋面，一天吃一袋一袋分三顿能吃好一顿日子呢。[调皮][赞],0
2025/3/16 13:06,先买根小布丁清醒一下,0
2025/3/16 13:07,买一包魔芋爽，至少可以爽一下,0
2025/3/16 13:07,买个馒头吃完睡睡觉,0
2025/3/16 13:07,买包辣条吧,0
2025/3/16 13:11,[大笑]@北北阿肆,0
2025/3/16 13:12,充个番茄会员先,0
2025/3/16 13:14,先把晚饭解决吧,0
2025/3/16 13:20,敌敌畏都买不起，洗都洗不起[看],1
2025/3/16 13:27,[听歌][听歌]先等死,1
2025/3/16 13:34,先活着...,0
2025/3/16 13:35,买四个泡泡糖垫下肚子得了[黑脸],0
2025/3/16 13:36,先睡觉[憨笑],0
2025/3/16 13:37,买纸，自己折，房子车子都同时有,1
2025/3/16 13:38,买个鸡蛋灌饼就花完了,0
2025/3/16 13:41,先买个蒜头吃了今晚好做梦,0
2025/3/16 13:49,先活着[黑脸],1
2025/3/16 13:55,我建议一起买,0
2025/3/16 14:01,买根烤肠吃吃得了,0
2025/3/16 14:01,饭不够哦 买馒头够了[捂脸][捂脸],0
2025/3/16 14:01,我刚好够，你还差点,1
2025/3/16 14:02,方便面,0
2025/3/16 14:06,先保命,0
2025/3/16 14:06,买个两个面包垫头下面[泣不成声],0
2025/3/16 14:07,[泣不成声]咱俩差不多,0
2025/3/16 14:08,先去超市称两斤米,0
2025/3/16 14:11,先吃饱再说吧[捂脸],0
2025/3/16 14:16,高底也要先来四注双色球，万一中了，车房都有了。[捂脸],0
2025/3/16 14:18,先买包辣条吃吧,0
2025/3/16 14:19,手机商：起初你们可能还不知道这意味着什么，他当年就是这样[流泪],0
2025/3/16 14:24,先买一张彩票,0
2025/3/16 14:24,先活着,0
2025/3/16 14:26,还是先去超市买小米吧[尬笑],0
2025/3/16 14:39,先买泡面吧再加个??[看],0
2025/3/16 14:39,先买泡面,0
2025/3/16 14:40,买张彩票,0
2025/3/16 14:40,现在游戏里充个6块买皮肤吧,0
2025/3/16 14:41,先睡觉,0
2025/3/16 14:42,@哆唻咪 [憨笑],0
2025/3/16 14:46,买杯奶茶压压惊,0
2025/3/16 14:46,@是小Q啊。 这么有钱不要命啦,1
2025/3/16 14:48,@olalala,0
2025/3/16 14:49,先活下去[呲牙],0
2025/3/16 15:02,来包泰山[看],0
2025/3/16 15:04,先买瓶水喝[泪奔],0
2025/3/16 15:04,先买杯蜜雪柠檬水,0
2025/3/16 15:05,@逝夜 哈哈哈,0
2025/3/16 15:08,哈哈哈，先买彩票吧，还有四次机会。[捂脸],0
2025/3/16 15:10,买挂面,0
2025/3/16 15:19,0.99内裤包邮到家[赞],0
2025/3/16 15:23,先买个彩票,0
2025/3/16 15:26,后面那个亿字没显示出来,0
2025/3/16 15:32,可以买个五块钱的煎饼果子[捂脸],0
2025/3/16 15:33,上面的用来买房，下面的用来买车啊[舔屏],1
2025/3/16 15:38,先买包烟，好好思考一下,0
2025/3/16 15:40,买根棒棒糖嗦嗦吧[捂脸],0
2025/3/16 15:41,先吃饭吧[看],0
2025/3/16 15:45,先买馒头吧,0
2025/3/16 15:50,一起买,0
2025/3/16 15:51,我觉得饭有点贵 钱不够  买张双色球先,0
2025/3/16 15:51,先买张2元的双色球 或许可以博一把的喔,0
2025/3/16 15:52,买两片饱腹片,0
2025/3/16 15:53,先借点钱买包烟吧[流泪],0
2025/3/16 15:54,买香许愿，为难菩萨[捂脸],0
2025/3/16 15:55,零钱买车 [泪奔] 零钱通买房[笑哭] 这不都有了[灵机一动],0
2025/3/16 15:59,先睡觉吧,0
2025/3/16 16:00,买个棒棒糖吧，甜蜜暴击,0
2025/3/16 16:00,先吃饱吧[尬笑],0
2025/3/16 16:12,先醒醒,1
2025/3/16 16:17,买早饭,0
2025/3/16 16:24,@绝隔世与,0
2025/3/16 16:34,先贷款,0
2025/3/16 16:36,先充上流量,0
2025/3/16 16:36,车房一起拥有,0
2025/3/16 16:39,先买瓶水喝,0
2025/3/16 16:45,买几包魔芋爽 爽爽得了,0
2025/3/16 16:48,你先买面包[看],0
2025/3/16 16:54,先活着[泣不成声],0
2025/3/16 16:59,先买个彩票，中了直接一起拿下[一起加油],0
2025/3/16 17:14,买个好点的枕头早点睡,0
2025/3/16 17:17,买彩票吧,0
2025/3/16 17:25,先活着[愉快],0
2025/3/16 17:25,先买一包辣条，再买一包火鸡面，再加根香肠，再找朋友借几块钱买瓶牛奶,0
2025/3/16 17:30,人生到头都进地，先买坟,1
2025/3/16 17:34,建议你这个价格应该去罗森，买几个便宜点的吧[捂脸],0
2025/3/16 17:39,先喝点娃哈哈解解渴[捂脸],0
2025/3/16 17:41,先找个老公，车房都有了[偷笑],1
2025/3/16 17:43,先睡觉吧,0
2025/3/16 17:45,事已至此，先吃饭吧,0
2025/3/16 17:46,@??凤求,0
2025/3/16 17:50,先解决温饱[憨笑][赞],0
2025/3/16 17:57,先买副手套吧    起码到时候还可以搬砖[捂脸],1
2025/3/16 18:00,雷总，我来许个愿，明年出个代步车吧，小酥酥，设计图都好了[玫瑰][玫瑰][玫瑰][玫瑰],0
2025/3/16 18:03,先醒醒,1
2025/3/16 18:05,买车，可以睡觉，可以代步[尬笑]有车去哪里都方便，房子没有没事的[尬笑]慢慢再买[捂脸],0
2025/3/16 18:06,买根烤肠都费劲[泪奔],0
2025/3/16 18:13,先纠结[黑脸],0
2025/3/16 18:18,@贺宝贝儿,0
2025/3/16 18:18,@VOTY @左耳右耳小耳朵?? @路易,0
2025/3/16 18:20,买包红塔山,0
2025/3/16 18:21,先吃个早餐肉包2块豆浆3块一瓶哇哈哈纯净水 静下心好好想想,0
2025/3/16 18:21,买面包,0
2025/3/16 18:21,买彩票,0
2025/3/16 18:22,拼好饭都有点困难[愉快],0
2025/3/16 18:25,@不讲道李 @Eternal,0
2025/3/16 18:29,@衹 是 [泪奔],0
2025/3/16 18:29,@望仔。 [泪奔],0
2025/3/16 18:39,先加班吧,0
2025/3/16 18:47,@建议先买一波彩票,0
2025/3/16 18:49,矿泉水[抠鼻],0
2025/3/16 18:49,乖，咱啥也别买了[泣不成声],0
2025/3/16 18:56,先早餐付个首付对付一下[抠鼻][抠鼻],0
2025/3/16 19:02,买个饭吧，都饿昏了[捂脸],0
2025/3/16 19:07,先贷款[黑脸],1
2025/3/16 19:07,先买个手抓饼，吃饱睡觉，梦里想买啥就买啥,0
2025/3/16 19:15,先买包猴王抽一根冷静一下[泪奔][泪奔],0
2025/3/16 19:18,买俩馍馍吃得了,0
2025/3/16 19:20,先把自己卖了[捂脸],1
2025/3/16 19:22,先买顿饭[捂脸],0
2025/3/16 19:25,先下楼买包方便面，去楼顶一边吃一边喝西北风[发呆][发呆],0
2025/3/16 19:26,先买早餐[呲牙],0
2025/3/16 19:29,先买两个馒头吧！！,0
2025/3/16 19:34,明天先买个饼,0
2025/3/16 19:34,先充电,0
2025/3/16 19:34,先买馍,0
2025/3/16 19:36,先买AD钙,0
2025/3/16 19:42,先活着吧[捂脸][捂脸][捂脸],0
2025/3/16 19:43,红塔山你都买不了[捂脸],0
2025/3/16 19:45,先买早餐,0
2025/3/16 19:49,先买包魔芋爽爽一下[强壮],0
2025/3/16 19:51,@追，梦 @.051310125 @4u @??香菇小滑鸡?? @LXH @虫虫???♀?,0
2025/3/16 19:53,先买根淀粉肠吧,0
2025/3/16 20:08,错，买拼好饭[舔屏],1
2025/3/16 20:08,[捂脸],0
2025/3/16 20:10,先活着吧[捂脸],0
2025/3/16 20:13,买桶泡面加一根火腿肠,0
2025/3/16 20:16,买馒头加水硬撑会把,1
2025/3/16 20:16,哈哈哈哈哈哈哈哈,0
2025/3/16 20:17,@????,0
2025/3/16 20:33,只够买茶叶蛋[捂脸],0
2025/3/16 20:34,抖音团购两瓶柠檬水得了,0
2025/3/16 20:34,先买个盆吧,0
2025/3/16 20:36,买彩票,0
2025/3/16 20:43,先买菜,0
2025/3/16 20:46,先工作吧[抠鼻],0
2025/3/16 20:47,are you ok,0
2025/3/16 20:52,要不还是先买瓶水吧[泣不成声],0
2025/3/16 20:52,下楼买个雪莲吧，不要头脑老是一热[宕机][宕机][宕机],0
2025/3/16 20:53,先买杯蜜雪冰城[黑脸][黑脸][黑脸],0
2025/3/16 20:55,先买桶泡面，加一瓶哇哈哈解渴[看],0
2025/3/16 21:02,成年人不做选择，两个都买[微笑],0
2025/3/16 21:07,这不是你该纠结的事[灵机一动],0
2025/3/16 21:11,先买张彩票[呲牙],0
2025/3/16 21:18,哈哈哈哈哈哈哈哈哈哈豫竹方便面都吃不起了[黑脸],0
2025/3/16 21:20,先买俩馍馍吃,0
2025/3/16 21:23,要是我就先买包烟[捂脸][捂脸][捂脸],0
2025/3/16 21:28,听我的，先做梦,0
2025/3/16 21:31,一块钱还要存零钱通，果然是理财小能手[看][看],0
2025/3/16 21:34,先扫个共享单车,0
2025/3/16 21:36,先去睡[尬笑],0
2025/3/16 21:38,先看看拼好饭,0
2025/3/16 21:52,先买包烟吧，,0
2025/3/16 21:55,@??吃不吃薯条,0
2025/3/16 21:57,先活吧,0
2025/3/16 22:02,先买房子啊,0
2025/3/16 22:12,先买个苞米垫垫肚子[尬笑],0
2025/3/16 22:13,早餐还行 ，午饭都没得吃,0
2025/3/16 22:26,先买保险吧,0
2025/3/16 22:26,先活下去[九转大肠],0
2025/3/16 22:27,先存钱[呲牙],0
2025/3/16 22:31,买个馒头现实一点[大笑],0
2025/3/16 22:40,拼好饭[看],0
2025/3/16 22:50,买一瓶屌丝饮料,1
2025/3/16 22:54,你买彩票！,1
2025/3/16 23:01,先买面包,0
2025/3/16 23:08,先买碗后讨饭,0
2025/3/16 23:12,买个房车,0
2025/3/16 23:13,买个枕头吧，然后垫高一点,0
2025/3/16 23:21,乖，先睡觉[九转大肠],0
2025/3/16 23:45,还是先买个馒头吧 暂时死不了[捂脸],0
2025/3/16 23:47,手机先充电吧[捂脸][捂脸],0
2025/3/17 0:05,先活着[尬笑],0
2025/3/17 0:09,先留着明天买油条吧[抠鼻],0
2025/3/17 0:21,你这不是刚好吗，零钱买房，零钱通买车,1
2025/3/17 0:22,@不是本人,0
2025/3/17 0:22,哈哈哈哈哈哈哈哈哈哈哈哈哈,0
2025/3/17 0:24,先睡觉,0
2025/3/17 0:25,先借点买个彩票,0
2025/3/17 0:29,米饭就一块钱啊 宽泉水买不起[捂脸][捂脸],0
2025/3/17 0:31,先活着,0
2025/3/17 0:42,买彩票吧 搏一搏单车变摩托,0
2025/3/17 0:42,这边建议您先找男朋友[抠鼻],1
2025/3/17 0:43,先活下去[捂脸],0
2025/3/17 0:44,先上班[泣不成声],0
2025/3/17 0:46,根据某些男士的消费观念:这笔巨款不得在北京买个四合院，顺带买辆大奔，最后还能买点化妆品跟衣服[看][看][看],0
2025/3/17 0:50,先活着,0
2025/3/17 0:53,先找个桥洞吧，等会儿被占完了[灵机一动],1
2025/3/17 0:54,先睡觉,0
2025/3/17 1:03,饭可以一顿不吃，烟不可一根不抽。[泪奔],0
2025/3/17 1:17,买盒烟吧[泪奔],0
2025/3/17 1:19,@橙子??,0
2025/3/17 1:28,先买一根棒棒糖[看],0
2025/3/17 1:37,先买个馒头，吃完烧水洗澡睡觉,0
2025/3/17 1:40,拼好饭6块钱，够了,0
2025/3/17 1:43,10年后，雷总掏出52.99万的红包，感谢第一批订车的车主[看],0
2025/3/17 1:46,今晚睡觉的时候都买了吧，昨晚睡觉已经成功拿下了[看],0
2025/3/17 2:04,买水吧[尬笑],0
2025/3/17 2:07,先买烟[捂脸],0
2025/3/17 2:13,拿4块买彩票，剩下5块买泡面[灵机一动],0
2025/3/17 2:30,说这么苦了，买个棒棒糖甜一甜,0
2025/3/17 2:50,先买个碗[捂脸][捂脸],0
2025/3/17 2:54,友商:怎么到这种地步了,1
2025/3/17 4:04,先买面包[尬笑],0
2025/3/17 4:12,先吃饱,0
2025/3/17 4:40,先买个包子吧[思考],0
2025/3/17 4:42,先买刀,1
2025/3/17 5:51,先买钱,1
2025/3/17 7:24,先创业,0
2025/3/17 7:32,先充流量不然抖音都刷不了,0
2025/3/17 7:36,先吃饱饭,0
2025/3/17 7:41,先买个煎饼果子吧,0
2025/3/17 7:48,先吃早饭[舔屏],0
2025/3/17 7:50,这纠结好比考清华还是考北大,0
2025/3/17 7:53,先买男朋友,0
2025/3/17 7:53,先活着,0
2025/3/17 7:56,先睡觉[机智],0
2025/3/17 8:03,先充电吧,0
2025/3/17 8:04,先买一个枕头,0
2025/3/17 8:07,先买棒棒糖,0
2025/3/17 8:08,你不知道先买彩票吗，中了五百万房跟车都能全款，咱又不是没实力，必须全款[不失礼貌的微笑],1
2025/3/17 8:12,先看看家里还有剩什么吃的[绿帽子],0
2025/3/17 8:15,先买个包子吃饱了[苦涩]搬砖,0
2025/3/17 8:22,买彩票,0
2025/3/17 8:22,兄弟，听我的，先全款买桶泡面吧[看],0
2025/3/17 8:24,@CnI,0
2025/3/17 8:29,先买两馒头,0
2025/3/17 8:34,买根油条吃挺好的,0
2025/3/17 8:40,先努力赚钱,0
2025/3/17 8:43,我儿子也是，非让我把车卖了换小米[泪奔],0
2025/3/17 8:45,先买整头[泪奔][泪奔],0
2025/3/17 8:45,@快乐小狗??????,0
2025/3/17 8:51,我也想生一个这样的儿子，这样就不用我亲自去跟我老婆哭闹了,0
2025/3/17 8:53,我感觉先看看饿了么一分购,0
2025/3/17 9:06,[捂脸],0
2025/3/17 9:11,听话咱先买米[呲牙],0
2025/3/17 9:17,@lili @lucky... @冰糖葫芦娃????,0
2025/3/17 9:23,买两瓶水还能撑两天,0
2025/3/17 9:34,先在蜜雪买杯柠檬茶吧，别问为什么是蜜雪，因为其他的都不够[尬笑][尬笑][尬笑],0
2025/3/17 9:42,早上先买个馒头垫垫肚子[捂脸],0
2025/3/17 9:43,可以试试先睡觉，就不饿了[灵机一动],0
2025/3/17 9:46,先坐公交车[捂脸][捂脸],0
2025/3/17 9:53,"我现在开的SUV油车 我想买辆SU7 我小学的女儿说你等等YU7吧 我喜欢坐SUV 
我说你怎么知道有YU7，她说现在小学生谁不知道啊都讨论呢 你就说雷总这营销牛不牛逼吧",0
2025/3/17 9:59,直接一起买[尬笑],0
2025/3/17 10:04,先吃饱一餐在说其他的[看],0
2025/3/17 10:11,先买豆浆[看],0
2025/3/17 10:16,买俩馍,0
2025/3/17 10:18,买根绳子算了[暗中观察],1
2025/3/17 10:19,去买两个包子吧,0
2025/3/17 10:21,先睡觉,0
2025/3/17 10:22,先睡觉[比心],0
2025/3/17 10:26,先买楼下火腿肠,0
2025/3/17 10:28,单位是亿吗,0
2025/3/17 10:30,先填饱肚皮,0
2025/3/17 10:32,先买泡面,0
2025/3/17 10:34,我家娃也是试驾了小米和特斯拉之后死盯着我买小米,0
2025/3/17 10:34,这还怕什么，所有平台都借个遍，你就是有钱人了,1
2025/3/17 10:45,先买个煎饼果子吃吧,0
2025/3/17 10:48,一起买,0
2025/3/17 10:51,够买两斤鸡蛋了[看],0
2025/3/17 10:54,@C c @0℃ @xuyuhao @人类幼崽的哈基米,0
2025/3/17 10:59,先买水[暗中观察],0
2025/3/17 11:06,一块钱可以买两个馒头充饥,0
2025/3/17 11:18,他买得起饭吗，只能买泡面,1
2025/3/17 11:22,@大团媛,0
2025/3/17 11:25,先睡觉，梦里啥都有,0
2025/3/17 11:30,拼好房,0
2025/3/17 11:31,你洗洗睡吧[捂脸]和我一样睡着了梦里开路虎住别墅[扎心],0
2025/3/17 11:36,买彩票,0
2025/3/17 11:39,先买坟地，坟头才是最好的归宿,1
2025/3/17 11:44,吃不饱,0
2025/3/17 11:46,买包纸巾吧,0
2025/3/17 11:46,@口水扣渣子 笑到我,0
2025/3/17 11:48,先买根棒棒糖,0
2025/3/17 11:50,@寻雨落 [泪奔],0
2025/3/17 11:50,"小孩：交学费了
父母：多少钱？
小孩：52万[愉快]",0
2025/3/17 11:55,有房子住没有嘛，看你怎么选择 买房也可以  可以先买个二手车,0
2025/3/17 11:57,那也买不到饭啊，还是先买瓶水吧[捂脸],0
2025/3/17 12:00,先买碗面,0
2025/3/17 12:05,买颗糖,0
2025/3/17 12:07,先买个面包??,0
2025/3/17 12:07,先买根火腿肠,0
2025/3/17 12:10,先买个馒头[捂脸],0
2025/3/17 12:11,7.97万的确有点纠结,0
2025/3/17 12:11,买馒头[呲牙]还可以吃两天,0
2025/3/17 12:13,先睡觉[捂脸],0
2025/3/17 12:14,先买一袋盐吧[捂脸],0
2025/3/17 12:20,买水吧[捂脸],0
2025/3/17 12:20,先睡吧[捂脸],0
2025/3/17 12:22,什么也别买等后期养老。,0
2025/3/17 12:23,@iamkly,0
2025/3/17 12:25,先买包纸巾,0
2025/3/17 12:28,事已至此 先吃饭吧,0
2025/3/17 12:31,先买杯蜜雪冰冰,0
2025/3/17 12:32,买个QQ飞车 或者跑跑卡丁车,0
2025/3/17 12:34,先买桶泡面填饱肚子吧,0
2025/3/17 12:34,房+二手车，[黑脸],1
2025/3/17 12:35,笑了,0
2025/3/17 12:35,有港股账户的赶紧买小米股票，未来潜在客户超多,0
2025/3/17 12:41,听我的！先买个碗！[尬笑][尬笑],0
2025/3/17 12:44,先买馒头,0
2025/3/17 12:44,买包辣条自己玩去吧[看],1
2025/3/17 12:44,@Nero,0
2025/3/17 12:45,先吃饱,0
2025/3/17 12:45,买碗热干面＋豆浆[看]标配刚刚好,0
2025/3/17 12:46,先买瓶矿泉水，喝完再加点西北风,0
2025/3/17 12:46,@零一三一 @Echo. [泪奔],0
2025/3/17 12:47,买一瓶酒,0
2025/3/17 12:49,我这的能买嘛[干饭人],0
2025/3/17 12:50,@是个帅哥,0
2025/3/17 12:57,先贷款,0
2025/3/17 12:58,先买烟，边抽边想,0
2025/3/17 12:59,先买个面包，填填肚子， 吃饱了好睡觉， 睡觉了，好做梦,0
2025/3/17 12:59,先买米,0
2025/3/17 13:00,先脱贫[捂脸],0
2025/3/17 13:01,先买几包魔芋爽爽一下[微笑],0
2025/3/17 13:01,@猫吃鱼 @言. @名字,0
2025/3/17 13:03,这么多钱还犹豫什么 大别墅[舔屏],0
2025/3/17 13:04,@雨呢,0
2025/3/17 13:07,@帅哥 哈哈哈哈哈哈你觉得他应该先买房还是买车,0
2025/3/17 13:10,@柯基不搞阿拉斯加,0
2025/3/17 13:11,@?? ??? ??,0
2025/3/17 13:13,两个月后的雷总：我常常在想，为什么suv价格就一定比轿车贵呢，为啥不能同价不同车呢，所以，yu7 与su7同价  21.59起！！！[看],0
2025/3/17 13:17,1.19 放零钱通能收益多少？,0
2025/3/17 13:18,先买个枕头,0
2025/3/17 13:20,先睡觉,0
2025/3/17 13:24,先买下一餐,0
2025/3/17 13:25,买彩票，毕竟还有千万分之一的机会！,0
2025/3/17 13:48,车子是消耗品，房子只是暂时的港湾，坟才是最后的归宿！听哥的，先买坟！,1
2025/3/17 13:49,先买桶泡面[抠鼻],0
2025/3/17 13:57,买饭都不一定够[捂脸]还是先找活吧[呲牙],0
2025/3/17 13:57,本来以为快40岁的人，开su7太违和了，终于让我找到借口了，就说我也不想买小米，我儿子非让我买（暗爽）,0
2025/3/17 13:59,先买俩馒头,0
2025/3/17 14:02,买手套，利益最大化,0
2025/3/17 14:03,加一,0
2025/3/17 14:03,先给钱买个保险柜,0
2025/3/17 14:04,买个袋子套头上。体验高原缺氧,1
2025/3/17 14:09,小米的营销确实厉害！,0
2025/3/17 14:12,先买包子,0
2025/3/17 14:12,先买米[捂脸],0
2025/3/17 14:16,先买组彩票，然后中个2000W，房子车子不就都有了嘛[捂脸],0
2025/3/17 14:17,或者你先睡一觉，梦里也啥都有[呲牙],0
2025/3/17 14:23,买个好一点的枕头  晚上睡觉你想买啥就买啥[不失礼貌的微笑][不失礼貌的微笑],0
2025/3/17 14:26,买个老公啥都有了,0
2025/3/17 14:27,我的亲儿子[微笑],0
2025/3/17 14:35,先买包辣条,0
2025/3/17 14:36,着急死了 最近一直在看房 把家里的房子都拆了 准备用这个巨款在城里买一套房 再回老家建一套[大哭],0
2025/3/17 14:36,买包纸，等??吧,0
2025/3/17 14:38,先充值[捂脸],0
2025/3/17 14:43,我买不起 你放心,0
2025/3/17 14:45,小米之家那么多小孩每天在那里免费玩手机电脑，打窝此刻终于上钩了,1
2025/3/17 14:49,看看今晚拼好饭吧[九转大肠],0
2025/3/17 14:56,先活着,0
2025/3/17 15:00,转给我 买个教训,1
2025/3/17 15:22,买个彩票吧,0
2025/3/17 15:23,先温饱[尬笑],0
2025/3/17 15:25,@Seven.,0
2025/3/17 15:38,先充电,0
2025/3/17 15:42,@我想都没想过能有朝一日引爆全场哒哒哒哒～,0
2025/3/17 15:44,不如买点挂面，可以煮几顿吃呢,0
2025/3/17 15:44,@浮生,0
2025/3/17 15:45,买完房再买个车，剩下的买饭[灵机一动],0
2025/3/17 15:46,先买一个男朋友。,0
2025/3/17 15:46,先买一个小布丁,0
2025/3/17 15:53,先买个棒棒糖吧,0
2025/3/17 15:53,先买馒头,0
2025/3/17 15:53,买水，会渴死的,0
2025/3/17 16:00,先活着吧,0
2025/3/17 16:38,先吃饱,0
2025/3/17 16:45,先买一瓶小瓶矿泉水吧。,0
2025/3/17 16:48,考虑下买几个馒头[黑脸],0
2025/3/17 16:50,先贷款[偷笑],1
2025/3/17 16:56,先买个枕头,0
2025/3/17 16:57,先买个彩票吧,0
2025/3/17 17:02,先买饭,0
2025/3/17 17:02,扫个共享 溜一圈得了,0
2025/3/17 17:05,先买馒头[看],0
2025/3/17 17:06,买彩票吧，万一中奖了呢,0
2025/3/17 17:07,先睡吧,0
2025/3/17 17:12,先给我买个包子垫垫肚子[呲牙],0
2025/3/17 17:28,先买我,1
2025/3/17 17:35,先买饭吧[捂脸],0
2025/3/17 17:37,买根油条先吧[捂脸],0
2025/3/17 17:39,先把日子过好比啥都强,0
2025/3/17 17:50,我给你买,0
2025/3/17 17:52,小米打死没想到一个车把整个小米品牌提升了,1
2025/3/17 17:52,先买俩馒头吃一顿,0
2025/3/17 17:52,先睡觉最好毕竟梦里啥都有,0
2025/3/17 17:55,听哥的，先买坟，那个才是最终归宿[微笑],1
2025/3/17 18:04,先买份保险吧[看],1
2025/3/17 18:07,先活着,0
2025/3/17 18:20,买泡面吧！两袋袋装的。,0
2025/3/17 18:22,买根绳都不够@YikC @车厘子?? @是财迷呀 @时倾&,1
2025/3/17 18:24,买个瓶子往头上砸[黑脸],1
2025/3/17 18:26,真有钱，7.9个亿,1
2025/3/17 18:26,先睡觉,0
2025/3/17 18:30,哈哈哈哈哈,0
2025/3/17 18:32,我陪老公去看了很多车，我每次都说，别问我，我不懂[泣不成声]只有看到小米汽车时那个销售一直问我的看法[泪奔][泪奔][泪奔],0
2025/3/17 18:37,先吃饭,0
2025/3/17 18:38,先买彩票[看]说不一定呢,0
2025/3/17 18:46,喝点水都难,0
2025/3/17 18:49,友商：[石化]天塌了，他连十几年后的车主都圈走了,1
2025/3/17 19:01,先买饭吧,0
2025/3/17 19:02,小时候纠结是考清华还是考北大，现在纠结是先买房还是先买车了,0
2025/3/17 19:03,先买米[尬笑],0
2025/3/17 19:07,先睡觉吧,0
2025/3/17 19:18,先买米，便宜米，河里打点水，还能吃一顿,0
2025/3/17 19:24,先买命@ayang [看],1
2025/3/17 19:29,想想烟抽烟了咋办吧,0
2025/3/17 19:37,[捂脸],0
2025/3/17 19:37,先买瓶可乐潇洒一下在思考问题,0
2025/3/17 19:45,先买只小鸡回来发家致富吧[捂脸][捂脸][捂脸],0
2025/3/17 19:54,买4 注双色球,0
2025/3/17 19:54,买个拼好饭 越便宜越好 中毒以后可以随便幻想哈,1
2025/3/17 20:00,先买两包魔芋爽爽一下,0
2025/3/17 20:04,先买药??[不失礼貌的微笑],0
2025/3/17 20:14,拼好饭,0
2025/3/17 20:14,我家的这两个更离谱，一个要买黄色的一个要买鹦鹉绿的[捂脸][捂脸][捂脸],0
2025/3/17 20:19,买个包子合适,0
2025/3/17 20:22,[泣不成声][泣不成声][泣不成声],0
2025/3/17 20:24,买几套？,0
2025/3/17 20:27,@?? @Lemo_On @Blue @猛虎般的阿卜杜拉阿巴斯 @冰镜 @大痣若瑜 @胡雪饼,0
2025/3/17 20:28,那谁说的，你成功以后，你的身边都是好人了[暗中观察],0
2025/3/17 20:31,"雷军:我今天的一切都是我努力敲代码来的  没有依靠任何人
夜里，雷军眼见四下无人，身形瞬间放松下来，而后又猛的挺起身躯，抬头大喊：“小爱同学！加点！！！”",0
2025/3/17 20:32,先把零钱存入零钱通，然后攒利息，玩过铲子嘛，攒利息很重要的[嘘],0
2025/3/17 20:33,先充电吧,0
2025/3/17 20:34,先醒醒,1
2025/3/17 20:39,找朋友合资买双色球,0
2025/3/17 20:41,@氧?,0
2025/3/17 20:54,先买支烟,0
2025/3/17 21:01,主要是雷总进了车圈发现竞争力连机圈一半都没有,0
2025/3/17 21:02,买俩馒头，配包辣条,0
2025/3/17 21:03,你先清醒一下[泪奔],1
2025/3/17 21:05,买镜子[比心][哈欠][哈欠],0
2025/3/17 21:10,买泡面吧,0
2025/3/17 21:10,先醒醒,1
2025/3/17 21:14,先买两杯柠檬水够了,0
2025/3/17 21:17,不如先考虑这1.19能买什么[捂脸][捂脸],0
2025/3/17 21:18,现在是idol 了，要注意言行[看],0
2025/3/17 21:21,买个厕所动一下,1
2025/3/17 21:24,买比亚迪秦[笑哭],0
2025/3/17 21:25,买车吧，还可以存款0.5毛,0
2025/3/17 21:25,先买两块钱彩票,0
2025/3/17 21:29,转给我 先买个教训,1
2025/3/17 21:30,@D [灵机一动],0
2025/3/17 21:33,建议你先交话费吧[看],1
2025/3/17 21:34,出门坐地铁到蜜雪冰城买柠檬水再坐地铁回去,0
2025/3/17 21:35,先卖肾[比心],1
2025/3/17 21:38,先买包魔芋爽爽爽吧,0
2025/3/17 21:46,可以先买瓶水[捂脸][捂脸],0
2025/3/17 21:46,我建议你先买张彩票,1
2025/3/17 21:50,先买包烟  思考思考,0
2025/3/17 21:51,水喝完了咋办，不得买个碗啊[捂脸],0
2025/3/17 21:54,先买张彩票[捂脸],0
2025/3/17 21:59,买个蜜雪冰城[暗中观察],0
2025/3/17 22:07,先脱贫,0
2025/3/17 22:08,买彩票啊，这都不会,1
2025/3/17 22:14,买两包魔芋爽爽爽得了,0
2025/3/17 22:16,买房,0
2025/3/17 22:22,[泪奔],0
2025/3/17 22:26,先活着,0
2025/3/17 22:33,“军，空调能不能给姐做?你说句话！”,0
2025/3/17 22:35,完蛋了，人对年少不可得之物总是耿耿于怀的，这批鸭蛋已经是像我们小时候对奔驰宝马奥迪一样的热衷了[泪奔],0
2025/3/17 22:38,买个碗,0
2025/3/17 22:44,你买菜都要考虑[看],0
2025/3/17 22:48,先睡觉吧[捂脸][捂脸],0
2025/3/17 22:48,先买张彩票吧然后再做大做强,0
2025/3/17 22:58,先睡觉,0
2025/3/17 22:59,先买个棒棒糖，至少嘴里心里都是甜的,0
2025/3/17 23:01,哪里的蛋炒饭那么便宜？,0
2025/3/17 23:03,找人借一块钱买个彩票,0
2025/3/17 23:04,@你脸红了喔,0
2025/3/17 23:08,[看],0
2025/3/17 23:12,先买两包子，垫垫肚子再睡。,0
2025/3/17 23:18,捉[看],0
2025/3/17 23:36,@恶作剧 [九转大肠],1
2025/3/17 23:38,@8Uu_ [大笑],0
2025/3/17 23:40,先买房,0
2025/3/17 23:40,先去楼下买两个包子吃,0
2025/3/17 23:47,买瓶大瓶可乐，然后买两包五毛钱辣条,0
2025/3/17 23:56,先点杯柠檬水吧[OK],0
2025/3/18 0:26,先买一杯蜜雪冰城吧,0
2025/3/18 0:41,先买盆,0
2025/3/18 0:44,先买小米[看][看],0
2025/3/18 0:56,先去买个奖,0
2025/3/18 1:11,先买泡面,0
2025/3/18 1:21,拌好饭[尬笑],0
2025/3/18 1:25,[呲牙][呲牙],0
2025/3/18 1:27,我看迫切需要先买两馒头再说[尬笑][尬笑][尬笑],0
2025/3/18 1:35,先买个牌子上班[流泪],0
2025/3/18 1:49,@7- @Suzy_Yii,0
2025/3/18 2:15,先买个枕头,0
2025/3/18 2:35,一起买[机智],0
2025/3/18 2:50,买包康师傅牛肉面,0
2025/3/18 5:07,先买泡面[捂脸],0
2025/3/18 5:43,买瓶蜜雪冰城都费劲，还买车，买房,0
2025/3/18 5:47,@L [泪奔][泪奔][泪奔],0
2025/3/18 7:00,买拼好饭,0
2025/3/18 7:05,之前雷军这么“嚣张”是因为很早以前，马云 董明珠 在节目上一起讽刺他挖苦他……真的出了口恶气,1
2025/3/18 7:19,先买早餐,0
2025/3/18 7:31,先转给我，买个教训[看],1
2025/3/18 7:37,先吃早餐[尬笑],0
2025/3/18 8:04,买房吧[看],0
2025/3/18 8:17,[看][看]当年跟周鸿祎约架，真去了,1
2025/3/18 8:19,评论区的人给我整笑了，50万对我们普通人来说很贵，但是这车是对标千万跑车的哥们[愉快]本来就是有钱人买的。我们工资三四千的凑什么热闹，而且售价50万就有千万跑车的性能不牛逼吗[愉快][赞],0
2025/3/18 8:46,先把pxx 的先用后付给付了[捂脸],1
2025/3/18 8:47,还是别买了吧 容易被尿憋醒[抠鼻],0
2025/3/18 9:12,我女儿在幼儿园牛都吹出去了，咋整啊[捂脸],0
2025/3/18 9:25,先睡觉吧,0
2025/3/18 9:41,可以买泡面[捂脸],0
2025/3/18 9:42,一套过家家玩具你不是什么都有了,1
2025/3/18 10:00,买包药吧[看],1
2025/3/18 10:04,我想先买个口罩[捂脸],0
2025/3/18 10:05,先活着,0
2025/3/18 10:06,先买包辣条压压惊吧[尬笑],0
2025/3/18 10:08,先买一包辣条，能享受一会是一会,0
2025/3/18 10:14,@布桐 @Ksk 强哥先买饭,0
2025/3/18 10:16,以前的雷军很有战斗力的，现在可能是年龄大了，没那么多精力了[捂脸],0
2025/3/18 10:31,@@贺贺不爱吃火锅 [尬笑],0
2025/3/18 10:32,哈哈哈哈哈,0
2025/3/18 10:33,先买药,0
2025/3/18 10:46,主要以前友商总是欺负他[捂脸][捂脸][捂脸][捂脸],0
2025/3/18 10:54,10个考虑一下,0
2025/3/18 11:00,@荣同校 @亮亮爱妍妍 @水娃～,0
2025/3/18 11:03,买个魔芋爽，爽爽得了,0
2025/3/18 11:06,买2个包子吃吧，这钱放里面看着难受[捂脸],0
2025/3/18 11:08,先买馒头,0
2025/3/18 11:09,先睡觉吧,0
2025/3/18 11:09,买个手抓饼算了,0
2025/3/18 11:23,@Tusk [泣不成声],0
2025/3/18 11:24,买包纸吧[捂脸]饿哭的时候擦一下[不看][不看][不看]咱要做个体面人[捂脸][捂脸][捂脸],0
2025/3/18 11:27,[闭嘴]应该买??,1
2025/3/18 11:29,@令狐千羽,0
2025/3/18 11:34,雷总现在是网红，有偶像包袱了[泪奔][泪奔],0
2025/3/18 11:47,以前的雷总很搞笑啊，我喜欢看哈哈,0
2025/3/18 11:51,@不过尔尔.,1
2025/3/18 12:02,保命要紧[捂脸],0
2025/3/18 12:04,先买两包泡面。,0
2025/3/18 12:08,哈哈哈哈哈哈,0
2025/3/18 12:21,先买一个棒棒糖吃吧[尬笑],0
2025/3/18 12:22,先买馒头,0
2025/3/18 12:35,先睡觉,0
2025/3/18 12:35,先买药[泪奔],0
2025/3/18 12:36,蔚小理他都有股份哈哈哈哈哈哈哈哈,0
2025/3/18 12:38,先看病,0
2025/3/18 12:45,你胆子有点肥。。,1
2025/3/18 12:53,去买两包魔芋爽爽爽得了[九转大肠],0
2025/3/18 12:55,曾经说最狠的话  干最牛的事  现在是说最温和的话   干死所有人,1
2025/3/18 12:56,先买一个许愿瓶！,0
2025/3/18 12:57,先买床,0
2025/3/18 12:59,先买一包方便面吧,0
2025/3/18 12:59,先充电,0
2025/3/18 13:05,你还是先买彩票吧[看],1
2025/3/18 13:08,先买两个棒棒糖,0
2025/3/18 13:09,@七七??,0
2025/3/18 13:24,把你那一块钱发给我，让我先买两包辣条,0
2025/3/18 13:31,@哈哈嘚 @??,0
2025/3/18 13:31,还是先吃饭吧,0
2025/3/18 13:32,先买袋盐吧[尬笑],0
2025/3/18 13:48,[泪奔][泪奔][泪奔],0
2025/3/18 13:51,先买彩票[发呆],0
2025/3/18 13:53,买瓶酒，倒头就睡，啥都有了[暗中观察],0
2025/3/18 13:58,先睡会[微笑],0
2025/3/18 13:59,玩具车,0
2025/3/18 14:03,还是先买彩票吧[抠鼻],0
2025/3/18 14:17,车只是代步工具，房只是临时的港湾，先买墓地墓地才是永久的故乡,0
2025/3/18 14:18,先买几片安定，好睡踏实些[尬笑],0
2025/3/18 14:21,先挣钱,0
2025/3/18 14:21,你还是先买小米吧[灵机一动],1
2025/3/18 14:22,先买瓶水喝下先，不对，怎么也要来瓶快乐水才行[看],0
2025/3/18 14:25,@A-鸿运当头???? @娜娜na @哈哈?? @辰心星语 @小锦 @歌昂 @北北北 @财卷卷 @嗡嗡舒?? @大水牛 @困到睡不着 @騰. @熬到半夜,0
2025/3/18 15:03,小米苏7上市这么久了，有在路上碰到过吗？[尬笑],0
2025/3/18 15:04,买裤衩子都不够[捂脸],1
2025/3/18 15:39,先买枕头[看],0
2025/3/18 15:53,先买个老花镜[呲牙],0
2025/3/18 15:56,先买块糖,0
2025/3/18 15:59,还是嫁了吧，养不起自己了[偷笑],1
2025/3/18 16:08,先买个dou?[看],0
2025/3/18 16:14,先转给我尝尝社会的套路,0
2025/3/18 16:19,先买碗[看],0
2025/3/18 16:22,先睡觉吧[哈欠],0
2025/3/18 16:29,农夫山泉得2块，不够，要不先买个馒头吧,0
2025/3/18 16:31,先买兰博基尼[泪奔][泪奔][泪奔],0
2025/3/18 16:32,买杯蜜雪冰城吧[捂脸],0
2025/3/18 16:36,这么多资金，肯定买几架飞机啦,0
2025/3/18 16:41,先睡觉,0
2025/3/18 16:41,先开通分付[捂脸],0
2025/3/18 17:06,先买小米粥[比心],0
2025/3/18 17:15,买个蛋炒饭好好吃吧顺便加个蛋,0
2025/3/18 17:16,@moi. [捂脸],0
2025/3/18 17:17,先买包姨妈巾实在点,1
2025/3/18 17:19,先买泡面在买散烟压压惊[看],0
2025/3/18 17:22,先买个枕头睡大觉[憨笑],0
2025/3/18 17:23,买拼好饭填饱肚子,0
2025/3/18 17:29,先买米[捂脸],0
2025/3/18 17:29,哥们，先买包烟抽[捂脸],0
2025/3/18 17:36,要不然先买瓶水喝[灵机一动],0
2025/3/18 17:38,拼夕夕买个枕头晚上好做美梦,0
2025/3/18 17:41,买拼好饭,0
2025/3/18 17:47,@611 @小细致不温柔 @T～T @Jqy,0
2025/3/18 17:47,[看]幽默,0
2025/3/18 17:51,@11。,0
2025/3/18 17:58,先买金针菇,0
2025/3/18 18:15,买包魔芋爽，爽爽的了,0
2025/3/18 18:21,漏水的问题解决了吗,0
2025/3/18 18:33,只能买杯蜜雪,0
2025/3/18 18:40,买瓶饮料压压惊,0
2025/3/18 18:47,买瓶可乐,0
2025/3/18 18:54,大头菜，你值得拥有,0
2025/3/18 19:04,别纠结，买个陆柒先,0
2025/3/18 19:06,结婚[捂脸],0
2025/3/18 19:21,军，你整胎教了？,1
2025/3/18 19:28,先睡觉,0
2025/3/18 19:45,买张刮刮乐,0
2025/3/18 19:46,我觉得还是两个一起[捂脸],0
2025/3/18 19:51,先点个拼好饭吧,0
2025/3/18 20:00,买个碗都不够吧[捂脸],0
2025/3/18 20:04,797119够了买小米su7ulra,0
2025/3/18 20:09,买彩票,0
2025/3/18 20:10,hhh,0
2025/3/18 20:11,先买方便面吧,0
2025/3/18 20:26,先买米[尬笑],0
2025/3/18 20:28,@????。 @xsp @小??,0
2025/3/18 20:30,要是我我就买包9块的烟,0
2025/3/18 20:38,宝宝给我买啥都可以[大笑],0
2025/3/18 20:42,先打工[捂脸],0
2025/3/18 20:42,买根雪糕,0
2025/3/18 20:43,nb,0
2025/3/18 20:47,姐妹听劝，还能买桶泡面?跟肠呢,1
2025/3/18 20:52,转给我，先买个教训,1
2025/3/18 20:54,纯饭可以[思考],0
2025/3/18 20:55,下个月过节有活动再买,0
2025/3/18 21:03,都买,0
2025/3/18 21:05,先嫁人[偷笑],0
2025/3/18 21:12,这怕是吃个饭买单都费劲吧[宕机],1
2025/3/18 21:13,先充电话费吧[抠鼻],0
2025/3/18 21:15,买包辣条[尬笑],0
2025/3/18 21:19,买瓶AD钙吧,0
2025/3/18 21:24,听我的，先躺下，梦里什么都有[看][看],0
2025/3/18 21:24,金鳞岂是池中物，一遇风雨便化龙[小鼓掌]雷总现在是人大，是北京现金王，是行业的标杆，是科技的领头人物，是青年楷模[小鼓掌]自然不能说那些粗鄙之语[看],0
2025/3/18 21:32,[思考]先买3斤米加一包盐让自己活着先！,0
2025/3/18 21:34,先买卫生巾,1
2025/3/18 21:36,先买馒头jiu咸菜[黑脸],1
2025/3/18 21:36,一起买吧，这都花不完,0
2025/3/18 21:42,先把手机电冲满,0
2025/3/18 21:45,先买瓶水喝了压压惊吧[泣不成声][泣不成声],0
2025/3/18 21:45,买泡面[比心],0
2025/3/18 21:48,先买药[捂脸],0
2025/3/18 21:49,@大大大丰收,0
2025/3/18 21:50,先交网费吧,0
2025/3/18 21:52,今天看了兰博基尼的传记片，大家觉得高端不可一世的超级跑车品牌，还不是一点点从拖拉机干起，农村包围城市的发展路线，那时候的兰博基尼还远远不如现在的小米实力雄厚呢,0
2025/3/18 21:56,@洋葱头日记,0
2025/3/18 21:58,兄弟先买根烟，思考下[捂脸],0
2025/3/18 21:58,晚上睡觉枕头垫高点，房子和车子都有啦,0
2025/3/18 22:00,先买颗糖吧！,0
2025/3/18 22:01,咱先买个彩票试试,0
2025/3/18 22:02,先把手机电充满[看],0
2025/3/18 22:11,先买房，贷给你[看],0
2025/3/18 22:15,身[捂脸],0
2025/3/18 22:16,放零钱通的意义是什么[捂脸],0
2025/3/18 22:17,还是先谋生吧[九转大肠],0
2025/3/18 22:22,买几个馒头还能顶几天哇,0
2025/3/18 22:23,@小何要自律 @木石?,0
2025/3/18 22:29,买包辣条吃吃得了,0
2025/3/18 22:43,先想办法把剩余的钱花掉,0
2025/3/18 22:49,先买个温饱吧[微笑],0
2025/3/18 22:53,先买辣条,0
2025/3/18 22:54,先买饭,0
2025/3/18 22:57,先买核桃[泪奔],0
2025/3/18 23:01,等小米卫生巾[捂脸],1
2025/3/18 23:03,姐姐的奥欻十月份可以带你坐,0
2025/3/18 23:04,多虑了,0
2025/3/18 23:13,先吃饭吧,0
2025/3/18 23:22,商场做爸爸的爸爸叫什么,0
2025/3/18 23:28,买根冰棍压压惊[色],0
2025/3/18 23:46,21年买的，嘎嘎好用，做饭嘎嘎好吃，比一般的电饭煲做出来的米香，小米音响，小米语音表，路由器，以后有条件了全屋小米智能[赞],0
2025/3/18 23:47,先买几桶泡面,0
2025/3/18 23:50,先睡觉明天再说[逞强落泪],0
2025/3/18 23:51,买俩馒头行,0
2025/3/18 23:59,哈哈[捂脸],0
2025/3/19 0:05,先活着,0
2025/3/19 0:06,@麦风 真纠结,0
2025/3/19 0:10,买叠天地银行??通用烧给老祖宗保佑发大财先，一夜暴富不是梦[捂脸][捂脸][捂脸],0
2025/3/19 0:11,@是阿情啊,0
2025/3/19 0:20,别买饭了，还是买三根香许愿吧！万一实现了，就可以吃很多饭，实现不了，也不在乎那一碗饭了！,0
2025/3/19 0:22,哈哈,0
2025/3/19 0:28,你信我兄弟，先买两个馒头一袋榨菜[微笑],0
2025/3/19 0:33,买袋魔芋爽自己爽爽得了,1
2025/3/19 0:37,先卖3注彩票[捂脸],0
2025/3/19 0:51,买瓶酒吧,0
2025/3/19 0:54,@吴小皮 @鬼卿 @吴大橙 @三天吃九顿? @为君碗儿一笑之 @??,0
2025/3/19 0:56,@不爱吃葱姜蒜 @′?` [泪奔][泪奔],0
2025/3/19 1:19,上面说了车上消耗品，房子是暂时的港湾，坟是最后的归宿，先买坟[捂脸][捂脸][捂脸],0
2025/3/19 1:21,先买包泡面吧[比心],0
2025/3/19 1:29,先睡着[偷笑],0
2025/3/19 1:36,没事先刷抖音(??????)??,0
2025/3/19 1:43,先睡觉[看],0
2025/3/19 1:59,买个馒头,0
2025/3/19 2:13,@买鱼丸也用劵,0
2025/3/19 2:24,先挣钱买个床   不然想买的东西一个都实现不了,0
2025/3/19 2:30,买明天的早餐,0
2025/3/19 2:44,你买个棒棒糖鼓励一下自己,0
2025/3/19 3:10,我建议还是先睡觉 做个好梦,0
2025/3/19 3:27,先买水,0
2025/3/19 4:18,听我的，先睡着吧,0
2025/3/19 4:21,买个公交车票城里转转[微笑],0
2025/3/19 6:35,买个彩票吧,0
2025/3/19 7:26,先买根棒棒糖[看],0
2025/3/19 7:31,买泡面 先垫着,0
2025/3/19 7:41,先活着再谋大计,0
2025/3/19 7:42,先睡觉吧[绝望的凝视],0
2025/3/19 7:46,[捂脸][捂脸][捂脸],0
2025/3/19 7:57,先过日子[呲牙],0
2025/3/19 7:59,这只是微信余额，不代表银行卡没钱，你以为我们不懂[奸笑][奸笑],1
2025/3/19 8:02,先买桶泡面加个肠[尬笑],0
2025/3/19 8:03,人家出选择题你也出选择题，可你这没得选啊,1
2025/3/19 8:09,先买张彩票,0
2025/3/19 8:10,零钱买房，零钱通买车[看][看][看],0
2025/3/19 8:13,买张彩票吧,0
2025/3/19 8:18,先活下去[憨笑][赞],0
2025/3/19 8:20,先买拼好饭,0
2025/3/19 8:22,听我的先买六个馒头，再买大瓶矿泉水,0
2025/3/19 8:31,先买彩票,0
2025/3/19 8:42,先睡觉比较好,0
2025/3/19 8:46,好好好,0
2025/3/19 8:47,先挂号[泣不成声],0
2025/3/19 9:00,先找个老公,0
2025/3/19 9:03,买水不如买两个棒棒糖,0
2025/3/19 9:03,买杯隔夜蜜雪冰城吧,0
2025/3/19 9:07,先买馒头,0
2025/3/19 9:07,先别睡了吧我感觉[尬笑],0
2025/3/19 9:13,先活着[捂脸],0
2025/3/19 9:21,@小安会魔法??,0
2025/3/19 9:26,都别买,1
2025/3/19 9:33,先买个老冰棍降降温[玫瑰],0
2025/3/19 9:38,车可以看广告解锁，房子可以用饼干搭,0
2025/3/19 9:39,买游艇,0
2025/3/19 9:45,扫我二维码，都给我，买个教训,1
2025/3/19 9:46,先买拼好饭,0
2025/3/19 9:47,@爱吃香菜的罗非鱼 同款疑惑[微笑],0
2025/3/19 9:50,先买北极科学考察队入门资格 然后你就能吃上公家饭 还能周游世界,0
2025/3/19 9:50,活着就好,0
2025/3/19 9:55,买碗泡面,0
2025/3/19 10:01,买包烟吧，云里雾里啥都有,0
2025/3/19 10:02,先睡觉,0
2025/3/19 10:07,@H.DT [捂脸],0
2025/3/19 10:07,先买颗糖给我吃,0
2025/3/19 10:09,要不先考虑一下清华和北大上哪个？,0
2025/3/19 10:31,哈哈哈哈哈哈哈哈哈买饭也够呛,0
2025/3/19 10:33,买几个馒头先垫肚[捂脸],0
2025/3/19 10:34,买糖吧 可以买一把[捂脸],0
2025/3/19 10:59,先买个棒棒糖，让自己开心一下,0
2025/3/19 11:04,买杯蜜雪冰城柠檬水吧,0
2025/3/19 11:09,买几个馒头再打算[捂脸],0
2025/3/19 11:22,还是先买包辣条吃吧,0
2025/3/19 11:25,给我发个红包我告诉你,1
2025/3/19 11:32,先充电吧,0
2025/3/19 11:33,先睡,0
2025/3/19 11:33,直接买房车，一步到位[看],0
2025/3/19 11:38,买注彩票吧,0
2025/3/19 11:39,先想着怎么活下去,0
2025/3/19 11:45,两个一起买。0首付、反正没有钱,0
2025/3/19 11:49,先买彩票,0
2025/3/19 11:50,先进入梦乡,0
2025/3/19 11:59,先买纸擦屁股[看],1
2025/3/19 12:01,@徐长卿 [看],0
2025/3/19 12:01,[泪奔]难以想象，如果小米出了卫生巾，不知道有多少卫生巾品牌要面临倒闭[捂脸][捂脸][捂脸][捂脸],0
2025/3/19 12:07,10元钱可以买辆玩具车、但买不了玩具房、所以先买车,0
2025/3/19 12:11,先买包烟[看],0
2025/3/19 12:13,先买杯蜜雪冰城甜蜜蜜一下吧[泪奔],0
2025/3/19 12:16,不是买双丝袜套头上吗[偷笑],1
2025/3/19 12:17,买个旺旺碎冰冰吃吃算了,0
2025/3/19 12:18,拆根烟，买两瓶哈尔滨，然后去桥上喝，喝完刚好可以结束这一切,1
2025/3/19 12:18,先买馒头[捂脸],0
2025/3/19 12:20,先做梦！信我，真的[呲牙][呲牙][呲牙],1
2025/3/19 12:23,先找媳妇吃泡面,0
2025/3/19 12:24,先买米,0
2025/3/19 12:29,买包卫生巾都费劲[捂脸],0
2025/3/19 12:37,@小唐EDITOR,0
2025/3/19 12:37,就这个资产如果是男的先买包烟压压惊@，女的先买包姨妈巾吧  这不够买一碗米线的,1
2025/3/19 12:40,要不先买彩票,0
2025/3/19 12:43,先买个碗,0
2025/3/19 12:45,先买瓶水，喝一口让自己冷静一下,0
2025/3/19 12:46,先充电吧,0
2025/3/19 12:46,先去捡垃圾[捂脸],0
2025/3/19 12:51,先买个包子吧[发呆],0
2025/3/19 12:52,这还用纠结嘛？当然零钱买房，零钱通买车呀！,0
2025/3/19 12:52,@心碎小栗???♀?,0
2025/3/19 12:53,把钱发给我 买个教训[不失礼貌的微笑],1
2025/3/19 12:54,先活着吧[泪奔],0
2025/3/19 12:56,先买馒头吧,0
2025/3/19 12:57,买个大富翁想买那个就有哪个,0
2025/3/19 12:57,都买了吧,0
2025/3/19 12:57,[皱眉][皱眉],1
2025/3/19 12:58,先贷款,0
2025/3/19 13:02,拿去放贷吧[赞],1
2025/3/19 13:04,买个大逼斗，然后睡一觉 梦里啥都有,1
2025/3/19 13:04,唉′～`买馒头吧～至少～多几个,0
2025/3/19 13:07,先活着,0
2025/3/19 13:09,先买饭吧,0
2025/3/19 13:12,[泪奔],0
2025/3/19 13:16,先买一把挂面[捂脸]，刚刚好，不然真的没饭吃了,0
2025/3/19 13:19,先花6块买三注双色球，剩下一块多买点散装烟坐等开奖[看],0
2025/3/19 13:24,先充电[呲牙],0
2025/3/19 13:24,买两包辣条吃吃得了[呲牙],0
2025/3/19 13:24,买包辣条压压惊[看],0
2025/3/19 13:25,我是先买车还是先买房呢？,0
2025/3/19 13:26,买奖票,0
2025/3/19 13:27,买瓶水都不够[呲牙],1
2025/3/19 13:28,先买个烧饼填肚子[摸头],0
2025/3/19 13:29,先买一瓶矿泉水[呲牙],0
2025/3/19 13:36,先去买只散烟冷静一下,0
2025/3/19 13:37,一块转给我，你拿着也没用[得意],0
2025/3/19 13:42,买完车和房还可以再结个婚，足够了,0
2025/3/19 13:42,先买张彩票[展开说说],0
2025/3/19 13:44,把苹果卖了,0
2025/3/19 13:49,先买杯蜜雪冰城吧 我不想它隔夜,0
2025/3/19 13:49,先买块砖…能用上,0
2025/3/19 13:53,先少喝点水，免得起夜,0
2025/3/19 13:55,先去再借十块买个枕头就都可以实现啦，你就不用纠结了,0
2025/3/19 13:59,先充话费[捂脸],0
2025/3/19 13:59,先买一包亲嘴烧[宕机],0
2025/3/19 14:01,嗯先午睡。。,0
2025/3/19 14:04,买包辣条吧好不好，等下会饿肚子的[不失礼貌的微笑],0
2025/3/19 14:08,先买杯蜜雪冰城喝喝吧,0
2025/3/19 14:09,买房车啊,0
2025/3/19 14:11,先买碗,0
2025/3/19 14:12,先买药,0
2025/3/19 14:16,先给我买两烤肠吃，我就教你如何用2块钱白手起家,1
2025/3/19 14:22,买包压缩饼干，,0
2025/3/19 14:24,还是先给我转8.88我还能祝你发发发[捂脸],0
2025/3/19 14:28,先给我转过来[看][看],0
2025/3/19 14:28,先买块??,0
2025/3/19 14:28,挂个号,0
2025/3/19 14:36,买桶泡面加根肠,0
2025/3/19 14:36,先充电,0
2025/3/19 14:36,先买拼好饭,0
2025/3/19 14:37,先嫁人[捂脸],0
2025/3/19 14:42,不行挂个号吧[微笑][微笑][微笑],0
2025/3/19 14:45,买个好点的枕头[偷笑]好做梦,0
2025/3/19 14:49,都买[看],0
2025/3/19 14:53,先买馒头吧,0
2025/3/19 14:55,买俩袋辣条吧,0
2025/3/19 14:59,先买袋泡面,0
2025/3/19 15:12,先赚钱吧[看],0
2025/3/19 15:13,买两包魔芋爽 自己爽爽得了,1
2025/3/19 15:31,先去拼多多,0
2025/3/19 15:32,买个送车的房，一步到位,0
2025/3/19 15:35,买个碗做生意好点[暗中观察],0
2025/3/19 15:40,转给我，先买个教训,1
2025/3/19 15:51,先活着[泪奔],0
2025/3/19 15:52,有一点钱啊[呲牙],0
2025/3/19 15:54,买桶泡面接点免费热水 饭和水都有了,0
2025/3/19 15:54,先醒醒[宕机],1
2025/3/19 15:55,[泪奔][泪奔][泪奔],0
2025/3/19 15:58,先买包双喜，不然升价了,0
2025/3/19 16:00,先买被蜜雪冰城吧[黑脸],1
2025/3/19 16:03,先买辣条,0
2025/3/19 16:05,我觉得先考虑晚上吃啥吧[看],0
2025/3/19 16:08,我们先去领证吧[宕机],0
2025/3/19 16:08,米饭3块[看],0
2025/3/19 16:11,@巨基神 笑死了,0
2025/3/19 16:12,都买了吧,0
2025/3/19 16:14,小米SU7 ultra，落地618900，没靠父母，没靠大款，没贷款，没分期，没买,1
2025/3/19 16:16,先买包芙蓉压压惊[看],0
2025/3/19 16:20,先卖手机,0
2025/3/19 16:21,买彩票，第二天房子和车都有了,0
2025/3/19 16:41,@吴哈哈 @没素汁,0
2025/3/19 16:42,美团拼好饭欢迎您，吃完比打三针科兴效果还好,1
2025/3/19 16:43,先买个馒头先,0
2025/3/19 16:54,@阿娟糖水铺 @平静妹妹酱（球球关注版）,0
2025/3/19 16:55,可以买蜜雪[鼓掌][鼓掌][鼓掌],0
2025/3/19 17:04,先醒醒,1
2025/3/19 17:05,@爱凝结成泪 先买俩窝窝头吧,0
2025/3/19 17:05,买什么车房 直接全干香片。,1
2025/3/19 17:07,哈哈哈,0
2025/3/19 17:08,还是先买个白馒头吧，但凡变一点颜色都难,0
2025/3/19 17:09,买饼,0
2025/3/19 17:12,纠结过界老铁，安心睡吧[666][666][666],0
2025/3/19 17:16,小数点前面的借给我,0
2025/3/19 17:19,现在的雷总：欠一屁股车[捂脸],1
2025/3/19 17:21,先睡觉,0
2025/3/19 17:28,先买裤衩子[灵机一动],0
2025/3/19 17:36,兄弟呀先买个饼子吧,0
2025/3/19 17:41,笑死我了[捂脸][捂脸],0
2025/3/19 17:42,先充话费,0
2025/3/19 17:48,先保命[看],0
2025/3/19 17:49,感觉在银行放两年定期存款可以吃利息[酷拽],0
2025/3/19 17:50,先活命,0
2025/3/19 17:54,买包薯片把，至少吃起来tree tree,0
2025/3/19 17:56,先买饭吃饱再说,0
2025/3/19 17:57,@桃子不喝奶茶,0
2025/3/19 17:58,先买我吧[看],0
2025/3/19 18:00,@茉莉蜜 [捂脸],0
2025/3/19 18:01,先去买两包魔芋爽，爽一下[泪奔],0
2025/3/19 18:01,从桀骜不驯的少年到被磨平棱角的圆滑世故的中年，终究变成了社会喜欢的模样,0
2025/3/19 18:04,先买柱香[尬笑]再去买张彩票吧。,0
2025/3/19 18:06,@晚风 先买馒头[捂脸][捂脸],0
2025/3/19 18:09,先填饱肚子再说吧[捂脸][捂脸][捂脸],0
2025/3/19 18:16,先买卷纸,0
2025/3/19 18:17,这俩都太便宜、你这钱留着有大用,1
2025/3/19 18:18,"先炒股,每天一个板,梦想很快就实现了",0
2025/3/19 18:18,先睡觉,0
2025/3/19 18:21,买个娃娃屋吧,0
2025/3/19 18:21,七点几个亿不想买啥买啥[九转大肠],0
2025/3/19 18:22,要不咱先买桶泡面吧,0
2025/3/19 18:23,买颗糖舔舔得了，毕竟生活很苦的[流泪],0
2025/3/19 18:26,买包辣条,0
2025/3/19 18:26,先去买根雪糕冷静下[微笑],0
2025/3/19 18:34,先买个凉席吧，床就不要了，天当床地当被，往地上一躺，梦里啥都有了[笑哭][笑哭][笑哭][笑哭],0
2025/3/19 18:39,先存起来,0
2025/3/19 18:40,是我格局小了,0
2025/3/19 18:40,先给手机充电,0
2025/3/19 18:48,我转你三块去买一张刮刮乐中多少对半分,0
2025/3/19 18:58,@氟西汀 @十三favor,0
2025/3/19 18:59,先填饱肚子再说吧[捂脸],0
2025/3/19 19:00,先买包盐充充饥[看],0
2025/3/19 19:00,先吃蘑菇,0
2025/3/19 19:00,@静静不在家.（科二必过) 她应该先睡觉,0
2025/3/19 19:05,可以先买“.”,0
2025/3/19 19:07,先睡觉,0
2025/3/19 19:13,一起买啊，但凡犹豫一秒都是对想象力的侮辱,0
2025/3/19 19:18,先买包子,0
2025/3/19 19:22,买个头套，50%有车房[看],1
2025/3/19 19:23,先活下去吧，其他的再想办法,0
2025/3/19 19:25,@了 @尹兮,0
2025/3/19 19:25,先买包泡面,0
2025/3/19 19:26,哈哈,0
2025/3/19 19:27,先点个拼好饭吧,0
2025/3/19 19:31,先买坟…头草[看],1
2025/3/19 19:34,买炕都费劲,0
2025/3/19 19:35,@ππ不是派派 @李聪明 哈哈哈哈哈哈哈哈哈,0
2025/3/19 19:40,还得是拼好饭[看],0
2025/3/19 19:41,先买几个馒头,0
2025/3/19 19:48,先买包泡面跟火腿肠吧[调皮],0
2025/3/19 19:51,先买杯奶茶压压惊,0
2025/3/19 19:54,先找工作吧[比心],0
2025/3/19 19:55,先买个馒头垫垫肚子，不然饿得精神涣散了,0
2025/3/19 19:55,地府：要不兑点天地银行,1
2025/3/19 19:58,先买彩票吧[抠鼻],0
2025/3/19 20:01,再攒点钱可以买小米毛巾了,0
2025/3/19 20:02,[泪奔]先买俩包子,0
2025/3/19 20:04,笑死我了[捂脸],0
2025/3/19 20:05,先活着吧[捂脸],0
2025/3/19 20:05,先睡覺,0
2025/3/19 20:08,以前他被别人瞧不起，他努力证明自己，现在证明了，他也在一定高度了，可以平视甚至俯视友商的时候，他表现平淡了，而不是像那些人对他的态度，这是素质，是格局。个人的一点看法[偷笑],0
2025/3/19 20:09,都买,0
2025/3/19 20:12,雷总经典直钩钓鱼,0
2025/3/19 20:17,@昼川. 哈哈哈哈,0
2025/3/19 20:17,先买拼好饭,0
2025/3/19 20:17,先买一碗热乎的麻辣烫[抱抱你],0
2025/3/19 20:18,要不让网友A你几块,1
2025/3/19 20:18,先买跟烤肠吧,0
2025/3/19 20:19,买两包泡面算了,0
2025/3/19 20:21,买桶泡面，还能加根肠,0
2025/3/19 20:23,买个奶酪棒[看],0
2025/3/19 20:23,先活着[泪奔][泪奔],0
2025/3/19 20:23,这么多钱当然一起拿下啦,0
2025/3/19 20:25,先买个冰棍冷静一下,0
2025/3/19 20:26,Ok[调皮],0
2025/3/19 20:27,买几注双色球,0
2025/3/19 20:27,先活着吧[呲牙],0
2025/3/19 20:28,先买个包子吧,0
2025/3/19 20:28,韩路测了100多次[捂脸]都没找到极限,0
2025/3/19 20:33,买泡面,0
2025/3/19 20:33,你转给我，我帮你买,0
2025/3/19 20:38,发现总有人在找苏7的缺点。没找到，只能说这车给普通人是灾难，最后找人的问题,1
2025/3/19 20:38,先活下去 加油[鼓掌],0
2025/3/19 20:38,先充电,0
2025/3/19 20:41,先搬砖[捂脸],0
2025/3/19 20:49,明天吃一个大馒头  还是一个小馒头  晚上花几个小时思考下[大笑][大笑][大笑],0
2025/3/19 20:51,[抱抱你][抱抱你]加油,0
2025/3/19 20:52,花两块钱买一瓶怡宝 在花六块买一通泡面[抠鼻],0
2025/3/19 20:54,先纠结,0
2025/3/19 20:57,啥也别买睡觉吧 梦里啥都有[九转大肠],0
2025/3/19 20:57,当物价缩小一百万倍,0
2025/3/19 20:59,买20个馒头吧,0
2025/3/19 20:59,交车越快，欠的越多[黑脸],1
2025/3/19 20:59,先睡一会,0
2025/3/19 21:03,@HeT. @遇你 @十三 @一叶落知天下秋,0
2025/3/19 21:04,一起买,0
2025/3/19 21:15,先等等,0
2025/3/19 21:19,先买了否冷[九转大肠],0
2025/3/19 21:20,先努力活下去[看],0
2025/3/19 21:20,先买肯德基的6元早饭,0
2025/3/19 21:20,"7.97买房首付，
1.19买车首付",0
2025/3/19 21:23,饭没这么便宜，顶多买桶泡面[做鬼脸][做鬼脸][做鬼脸],0
2025/3/19 21:26,买包花生米吧，喝上头了你这是[看],1
2025/3/19 21:27,零钱买房，零钱通买车哇，这还不简单,0
2025/3/19 21:28,先买菜，活下去[暗中观察],0
2025/3/19 21:30,零钱买房，零钱通买车,0
2025/3/19 21:30,我感觉评论区中先买啥都不对，我觉得应该先买个碗，这才是长期的投资，有个碗来乞讨 成功率可能会更高[捂脸],1
2025/3/19 21:30,哥真多余开零钱通了[泣不成声],0
2025/3/19 21:31,还是先买一个褪黑色素，能好好睡一觉，做个美梦吧,0
2025/3/19 21:31,[泪奔],0
2025/3/19 21:32,先买馒头吧,0
2025/3/19 21:33,全世界物价变成0.0000001会是怎么样的,0
2025/3/19 21:37,你先买跟棒棒糖压压惊先,0
2025/3/19 21:38,雷军说的是0-100km刹车十次，但测的是0-200km往返十次[微笑],0
2025/3/19 21:38,主播，其实我在每个地方都有号。你等我一下,0
2025/3/19 21:41,先买一个万能充，把余额充满,0
2025/3/19 21:43,买个棒棒糖吃，甜的很[舔屏],0
2025/3/19 21:44,以前是哪吒，不服就干，现在是敖丙，您好，请受死[看],1
2025/3/19 21:45,拼好饭可能都不够吧[捂脸],0
2025/3/19 21:46,7.9买房，1.1买车，剩下的娶媳妇[看],0
2025/3/19 21:48,先买个泡面不行[看]买一个火鸡面，吃完辣屁??，然后你就不想着吃饭了,0
2025/3/19 21:49,@一只酸奶刘～,0
2025/3/19 21:49,[流泪]我看的比车主认真,0
2025/3/19 21:49,先买彩票,0
2025/3/19 21:49,哈哈哈哈哈,0
2025/3/19 21:49,先睡觉,0
2025/3/19 21:50,买房,0
2025/3/19 21:51,[捂脸][捂脸][捂脸],0
2025/3/19 21:51,先睡觉吧[捂脸],0
2025/3/19 21:51,吃饱吧。,0
2025/3/19 21:51,先睡吧,0
2025/3/19 21:53,先活着。,0
2025/3/19 21:54,@慌慌的日常观察员~ @AAA土鸡蛋批发,0
2025/3/19 21:55,先还花呗,0
2025/3/19 21:57,先买菜[尬笑],0
2025/3/19 21:58,先买一瓶莎普爱思[愉快],0
2025/3/19 21:59,哈哈哈哈哈哈哈哈哈哈哈哈哈哈哈哈哈,0
2025/3/19 22:03,先买个薯条,0
2025/3/19 22:04,买桶泡面[捂脸],0
2025/3/19 22:05,你们都忽略了收益率[捂脸][666],0
2025/3/19 22:07,先买一个馒头一瓶矿泉水,0
2025/3/19 22:07,先买个保险[捂脸],0
2025/3/19 22:07,先想办法买命[微笑],1
2025/3/19 22:08,先买份拼好饭[憨笑],0
2025/3/19 22:10,小孩子才做选择题，成年人是我都要,0
2025/3/19 22:10,泡面加牛奶[看],0
2025/3/19 22:16,先活下去再说[大笑][捂脸][捂脸][捂脸],0
2025/3/19 22:16,听我的！先买火腿肠,0
2025/3/19 22:17,先睡一觉,0
2025/3/19 22:18,先买辣条吧,0
2025/3/19 22:20,先睡觉[尬笑],0
2025/3/19 22:29,先挂号,0
2025/3/19 22:32,先买彩票,0
2025/3/19 22:34,直接买房车，一步到位,0
2025/3/19 22:35,去买个枕头，都可以实现,0
2025/3/19 22:37,先买泡面吧[泪奔],0
2025/3/19 22:38,先上香求财神爷,0
2025/3/19 22:38,买碗猪脚饭都还差一点[看],0
2025/3/19 22:40,买二两酒,0
2025/3/19 22:49,确实要纠结好久[捂脸][捂脸][捂脸],0
2025/3/19 22:49,先买教训[尬笑][尬笑],1
2025/3/19 22:52,是不是还没有显示单位，比如亿或者兆[呲牙][呲牙][呲牙],0
2025/3/19 22:53,开房都不够,1
2025/3/19 22:53,@小疯纸,0
2025/3/19 22:55,先买盒泡面吧,0
2025/3/19 22:57,先拼好??[看],0
2025/3/19 22:58,@风眠星海 @Miss白鹿 [泣不成声],0
2025/3/19 22:59,先买杯蜜雪冰城[看],0
2025/3/19 23:05,碳陶刹车盘有啥好质疑的，那玩意不是温度越高越牛逼吗[呆无辜],0
2025/3/19 23:05,先买轮毂…[偷笑],0
2025/3/19 23:06,都买[捂脸],0
2025/3/19 23:12,先买根棒棒糖,0
2025/3/19 23:13,先画个,0
2025/3/19 23:16,买包魔芋爽爽一下得了,0
2025/3/19 23:17,先结婚就都有了,0
2025/3/19 23:19,一份蛋炒饭足够了,0
2025/3/19 23:20,成年人两个都要， 两个都all in,0
2025/3/19 23:24,先买彩票,0
2025/3/19 23:27,利润有多大。[偷笑],0
2025/3/19 23:27,先充电吧[捂脸],0
2025/3/19 23:29,留着买馒头[比心],0
2025/3/19 23:29,你把点去了恐怕也不够，还是睡一觉比较实用[捂脸],0
2025/3/19 23:31,先买票,0
2025/3/19 23:31,拼好饭,0
2025/3/19 23:31,先买饭吧,0
2025/3/19 23:33,一起买啊,0
2025/3/19 23:33,哈哈哈,0
2025/3/19 23:34,先养活自己,0
2025/3/19 23:36,车子只是代步的工具，房子只是暂时的港湾，坟墓才是最后的归宿，听姐的，攒攒钱，先买坟,1
2025/3/19 23:44,@Monet Garden [黑脸],1
2025/3/19 23:44,先充电吧，等会关机喽,0
2025/3/19 23:47,这让我想起电池来了[泪奔]本来人家偷摸拆了，结果没想到，还有个后备电池[泪奔],0
2025/3/19 23:50,买房,0
2025/3/19 23:52,买房车，一次性解决两个问题,0
2025/3/19 23:54,买一把面条吧！每天吃一根差不能撑到1年！7块钱自来水！也差不多能成到。,0
2025/3/19 23:55,这些测试让我想起了一位刚被关进去的故人[看],1
2025/3/19 23:55,猪脚饭都吃不起[捂脸],0
2025/3/19 23:57,买面粉，起码吃饼还能吃好几天,0
2025/3/19 23:59,@小猫爪 [尬笑],0
2025/3/20 0:00,？,0
2025/3/20 0:03,[捂脸],0
2025/3/20 0:11,买瓶酒，喝完睡，梦里啥都有[看],0
2025/3/20 0:15,我觉得先买两注彩票试试[捂脸],0
2025/3/20 0:18,小米的思路就是堆料，这招放在手机上效果一般，但打开思路放在车上就牛了[看],0
2025/3/20 0:19,买一板速效吧，再睡一下[撇嘴],1
2025/3/20 0:27,上面的存款买房下面的存款买车[看],0
2025/3/20 0:27,乖，明天先买个早餐，別饿瘦了,0
2025/3/20 0:28,好了，我学会了，现在你可以从我车上下去了，我要回家吃饭了[不失礼貌的微笑],0
2025/3/20 0:29,先买份蛋炒饭吧,0
2025/3/20 0:29,e,0
2025/3/20 0:30,先买个棒棒糖吧,0
2025/3/20 0:31,@澄,0
2025/3/20 0:33,拼好饭都吃不起了,0
2025/3/20 0:37,看那个测评的时候给我笑麻了，前十次拉胯是因为之前刹车片没磨开[捂脸],0
2025/3/20 0:44,买把面条还能多挺几天[捂脸],0
2025/3/20 0:50,买馒头,0
2025/3/20 0:59,7块钱买房，1块钱买车，还有剩的[呲牙][呲牙],0
2025/3/20 1:02,房车一起买。[大笑],0
2025/3/20 1:13,骚车勾引我八百遍[宕机],1
2025/3/20 1:17,@爱撸铁的大鹏 哈哈哈哈哈哈哈哈哈哈哈哈,0
2025/3/20 1:24,7亿多[泣不成声]随便买,1
2025/3/20 1:30,@星倦.,0
2025/3/20 1:35,雷军：我到底得罪谁[微笑]我都说10次[微笑]居然有人测100多次[捂脸],0
2025/3/20 1:38,我感觉我现在强的可怕,0
2025/3/20 1:40,先活着,0
2025/3/20 1:48,买注彩票一切皆有可能[看],0
2025/3/20 2:01,别纠结了，买两瓶喝酒喝了睡大觉[九转大肠][九转大肠][九转大肠],0
2025/3/20 2:08,先拼好饭[微笑],0
2025/3/20 2:31,@秋落?? @小失落. 有点纠结兄弟们,0
2025/3/20 3:37,先买烟[呲牙][呲牙],0
2025/3/20 3:42,马化腾看了都摇头，他也没办法,1
2025/3/20 4:05,别问我为什么看得那么认真[憨笑]快了快了,0
2025/3/20 4:16,下楼买包魔芋爽 爽一爽得了[看],0
2025/3/20 4:17,你先结婚吧我说实话,1
2025/3/20 4:20,还是买根散装??灵魂一波再说,0
2025/3/20 4:21,[捂脸]先买泡面吧,0
2025/3/20 4:29,先买杯优乐美奶茶[不看],0
2025/3/20 5:43,先关闭自动扣费,0
2025/3/20 5:43,先买个馍[捂脸],0
2025/3/20 6:10,@今晚早点睡· @乐宝?? @对方正在长头发 @Ry23. @你好啊！,0
2025/3/20 6:31,先买彩票。说不定就啥都有了[看],0
2025/3/20 6:42,以前反正也不咋的出名，现在不行了，央视也反复请了，得稳重了,0
2025/3/20 6:43,买张彩票吧,0
2025/3/20 6:52,[捂脸]这钱，先画大饼,0
2025/3/20 7:11,虽然我买不起su 7，但是丝毫不影响我从头听到尾，学的一字不拉[黑脸],0
2025/3/20 7:17,买彩票[比心],0
2025/3/20 7:44,自己的车子开了好几年都没整明白 小米我听得很认真[暗中观察],0
2025/3/20 7:48,先买墓地听我的目的才是最后的归宿,1
2025/3/20 7:56,先买个充电器[耶],0
2025/3/20 8:07,买包烟吧,0
2025/3/20 8:10,吃不到一碗蛋炒饭？,0
2025/3/20 8:11,这个交付好仔细啊，我从头听到尾[捂脸]又知道了驾驶位下面还有个放东西的呢[捂脸],0
2025/3/20 8:14,零钱买房 零钱通买房,0
2025/3/20 8:15,先活下去吧,0
2025/3/20 8:20,成年人不做选择,0
2025/3/20 8:27,零钱买房，零钱通买车，全都要,0
2025/3/20 8:30,@记得早睡,0
2025/3/20 8:30,比我多[泣不成声][泣不成声][泣不成声],0
2025/3/20 8:34,先睡觉吧[捂脸],0
2025/3/20 8:39,买个寂寞,0
2025/3/20 8:40,先买一张彩票,0
2025/3/20 8:41,@可达啦,0
2025/3/20 8:41,先买馒头吧[暗中观察]，我吃店里剩的泡面！,0
2025/3/20 8:47,先睡觉 梦里买哈 乖,0
2025/3/20 8:53,先买彩票吧,0
2025/3/20 8:57,你这“巨款”来我们潮汕吃个肠粉都还差一毛钱,1
2025/3/20 8:59,哈哈哈我也买饭吧,0
2025/3/20 8:59,先活着[尬笑],0
2025/3/20 9:02,把零钱通弄出来凑个拼好饭,0
2025/3/20 9:05,@许一个应欢欢 @睡觉不穿裤衩?? @懵懵懂懂小孩纸 @窝考啥都能过！ @花会沿路盛开 [捂脸],0
2025/3/20 9:06,买水都费劲,0
2025/3/20 9:06,什么都不要买，全部存死期,0
2025/3/20 9:08,现啥也别买了[捂脸][捂脸],0
2025/3/20 9:10,先买个早饭[宕机],0
2025/3/20 9:12,不用纠结了，晚上睡觉时房车一起买了[捂脸][捂脸],0
2025/3/20 9:19,一根油条，两杯豆浆，喝一杯倒一杯,0
2025/3/20 9:24,我看这么认真，完全是因为我的职业原因，因为功能了解的越透，我代驾的时候就越轻松,0
2025/3/20 9:26,零首付买房多贷几万还月供,0
2025/3/20 9:29,先找个老婆把你那金额P个好多个零,1
2025/3/20 9:30,先买杯小雪喝喝吧[呲牙],0
2025/3/20 9:34,先买个馒头填饱肚子,0
2025/3/20 9:34,先睡觉,0
2025/3/20 9:35,先买一包魔芋爽爽一下[憨笑],0
2025/3/20 9:36,一分钱没花，这车功能我全明白了，就差一个车了[泣不成声][泣不成声],0
2025/3/20 9:37,先贷款再买车再买房,0
2025/3/20 9:37,买早餐,0
2025/3/20 9:38,哈哈哈哈哈哈,0
2025/3/20 9:40,先活着[捂脸],0
2025/3/20 9:45,先买积木别墅,0
2025/3/20 9:56,白米饭还是能买的,0
2025/3/20 10:02,先充电吧,0
2025/3/20 10:11,你这9块1毛6为啥分两个地方存，鸡蛋不放在一个篮子里嘛？[捂脸],0
2025/3/20 10:14,先买药,0
2025/3/20 10:33,先买地,0
2025/3/20 10:35,先活下来吧[微笑],0
2025/3/20 10:37,不知道为啥，听的都以为这是自己的车了……,0
2025/3/20 10:43,先贷款,0
2025/3/20 10:51,小米只有一位销售，就是雷军，其他的都是售后,0
2025/3/20 10:52,先买房，在去买一辆车,0
2025/3/20 10:56,先买个快餐吃[黑脸]吃饱了睡一觉，别想太多,0
2025/3/20 11:07,小米能不能出油车[流泪]家里人不让买电车[流泪][流泪],0
2025/3/20 11:07,先买瓶水，压压惊,0
2025/3/20 11:17,@:D 实在人,0
2025/3/20 11:17,先买药,0
2025/3/20 11:23,[流泪]先买个枕头,0
2025/3/20 11:44,先买彩票吧[捂脸],0
2025/3/20 11:47,先点拼好饭,0
2025/3/20 11:49,别纠结了。先买桶泡面。 有水有面的,0
2025/3/20 11:49,先买一斤米,0
2025/3/20 12:00,买彩票,0
2025/3/20 12:05,你先知道怎么活吧,1
2025/3/20 12:09,泡面加个蛋吧,0
2025/3/20 12:11,@余耶 @一时 @蛋壳玩弹弓 @晕了咩. @poouy,0
2025/3/20 12:12,买房车,0
2025/3/20 12:14,直接买房车吧，一次投资，两样资产都有了[捂脸],0
2025/3/20 12:17,先买纸，一烧了之！！[看],1
2025/3/20 12:17,买包魔芋爽爽爽得了[流泪],0
2025/3/20 12:19,先解决晚餐吧！[呲牙],0
2025/3/20 12:20,先买根老冰棍,0
2025/3/20 12:26,先买颗糖，心里苦，吃糖甜一下,0
2025/3/20 12:28,买副????，一辈子都不愁了[灵机一动][灵机一动][灵机一动],0
2025/3/20 12:29,先保证活着,0
2025/3/20 12:30,凑9毛买注双色球吧，中了有个几百万就可以把车房全买了,0
2025/3/20 12:32,啊哈,0
2025/3/20 12:32,先买仨馒头,0
2025/3/20 12:33,先买彩票[抠鼻],0
2025/3/20 12:35,买个膨胀螺丝,0
2025/3/20 12:35,买蜜雪冰城[灵机一动],0
2025/3/20 12:36,“……我们老板军儿……”哈哈哈哈哈哈哈,0
2025/3/20 12:39,@璃兮,0
2025/3/20 12:41,先买泡面加火腿,0
2025/3/20 12:43,先买个冰淇淋可以吗,0
2025/3/20 12:51,@??????? @某热心市民 @错玉切 @木心 @Snake @Dyna?? @岁岁平安?????,0
2025/3/20 12:52,先睡觉,0
2025/3/20 13:00,上午去看车，下午去看房。第二天能不能定下来，就看头天晚上的彩票中不中。,0
2025/3/20 13:02,买飞机吧  去哪里都不堵车,0
2025/3/20 13:03,穷的叮当响也要当甲方的心情我也可以理解的。,0
2025/3/20 13:03,别纠结了，继续睡吧,0
2025/3/20 13:04,先买馒头,0
2025/3/20 13:06,买两根烤肠吃吃算了,0
2025/3/20 13:13,@o念城o,0
2025/3/20 13:23,先买个面包吧，能撑一天是一天[泪奔],0
2025/3/20 13:40,买个大富翁，里面啥都有,0
2025/3/20 13:40,emmm，这么大的资产，先买个烤冷面多加个蛋吧@[灵机一动][灵机一动],0
2025/3/20 13:46,你先买包便宜的烟，吸一根冷静冷静,1
2025/3/20 13:48,先去买包辣条吧,0
2025/3/20 13:49,@??甜甜不吃糖 哈哈哈,0
2025/3/20 13:50,这啥也干不了，先点赞吧[捂脸],0
2025/3/20 13:51,先买张彩票[捂脸],0
2025/3/20 13:51,先吃饭,0
2025/3/20 13:59,要不一起吧。毕竟纠结了不好。,0
2025/3/20 13:59,买辣条,0
2025/3/20 14:07,6[捂脸],0
2025/3/20 14:13,当然先买药的啦,0
2025/3/20 14:13,先把自己买了换顿饭吃,1
2025/3/20 14:15,你先买个一块钱的馕，再想这个事,0
2025/3/20 14:15,买个馒头,0
2025/3/20 14:19,先活命吧[捂脸],0
2025/3/20 14:20,我好好听听，万一下次我打滴滴打着了呢，这我就会开门了,0
2025/3/20 14:24,先睡觉,0
2025/3/20 14:25,先买瓶酒吧，喝醉了房车都有了[看],1
2025/3/20 14:34,不纠结，一起买[看][看],0
2025/3/20 14:34,先买彩票,0
2025/3/20 14:37,@量崽 @Estevan C.Lee?? @AirDaking,0
2025/3/20 14:37,不活啦？[捂脸],0
2025/3/20 14:40,墓地，人到最后终成土,0
2025/3/20 14:47,当时是先买车啊，立马可以享受到，买房还得慢慢装修,0
2025/3/20 14:47,我加点，车房一起买[调皮],0
2025/3/20 14:48,乖 先买根儿葱 晚上煮碗面先对付一顿[流泪][流泪],0
2025/3/20 14:50,先挣钱[捂脸],0
2025/3/20 14:53,[捂脸][捂脸][捂脸][捂脸]乐死我了,1
2025/3/20 14:59,你的点赞比你的零花钱还多[捂脸],0
2025/3/20 15:18,先买泡面[呲牙],0
2025/3/20 15:18,你可以先买个棒棒糖………,0
2025/3/20 15:29,省流：如果你嫌麻烦，或者觉得太混乱，可以直接呼叫小爱同学解决[赞],0
2025/3/20 15:30,转给我买个教训啊,1
2025/3/20 15:32,先买烟，别犹豫,1
2025/3/20 15:33,买双色球,0
2025/3/20 15:38,[捂脸]在我们这能买一份凉面皮，炒的还差一元,0
2025/3/20 15:40,先扫个充电宝，手机快没电了。,0
2025/3/20 15:42,买桶泡面加肠加蛋。,0
2025/3/20 15:42,买个馒头?咸菜,0
2025/3/20 15:45,先活着,0
2025/3/20 15:46,先买米,0
2025/3/20 15:49,买个保险,0
2025/3/20 15:50,成年人不做选择，都买了[捂脸],0
2025/3/20 16:17,上面买房 下面买车[看],0
2025/3/20 16:19,应该考虑晚上吃啥[看],0
2025/3/20 16:20,先活着[泣不成声],0
2025/3/20 16:27,雷军说，造车怎么这么简单[捂脸][捂脸]，那些车企为什么玩一个死一个[捂脸][捂脸],0
2025/3/20 16:28,买棒棒糖去吧,0
2025/3/20 16:29,梦里啥都有,0
2025/3/20 16:29,先睡觉，梦里啥都有[捂脸],0
2025/3/20 16:32,买个碟,0
2025/3/20 16:33,先睡一觉,0
2025/3/20 16:37,那个漏水的迈巴赫车主，会不会觉得你在点他[捂脸][捂脸][捂脸],1
2025/3/20 16:38,F1赛车也就一千匹，用su7ultra做安全车，直道维斯塔潘都追不上[笑哭],0
2025/3/20 16:39,买俩包子吧,0
2025/3/20 16:49,先买瓶AD钙奶[看],0
2025/3/20 16:50,@V @吨,0
2025/3/20 16:53,先卖肾！,1
2025/3/20 16:54,先买二个包子吃[捂脸],0
2025/3/20 16:55,先给手机充个电吧,0
2025/3/20 16:59,先买点花生米,0
2025/3/20 17:00,先买个馒头吧！肉包有点小贵,0
2025/3/20 17:03,你现买那个[捂脸],1
2025/3/20 17:18,@?·??·??王三三????,0
2025/3/20 17:18,先醒来,0
2025/3/20 17:23,先保命,0
2025/3/20 17:25,買個糖吧[泣不成声],0
2025/3/20 17:34,先买包辣条压压惊吧,0
2025/3/20 17:36,买个??吧,1
2025/3/20 17:37,先睡觉,0
2025/3/20 17:48,买彩票吧,0
2025/3/20 18:01,你不懂财不外露吗！朋友，我盯上你了[暗中观察],1
2025/3/20 18:04,先取江西老婆？,1
2025/3/20 18:27,先给我买瓶可乐我来给你规划规划,0
2025/3/20 18:35,先买蜜雪冰城[黑脸],1
2025/3/20 18:37,先睡觉[泪奔],0
2025/3/20 18:44,必须先买彩票[抠鼻],0
2025/3/20 18:53,先活着[泪奔],0
2025/3/20 19:01,雷军的成功离不开三大原因：1、真诚  2、虚心学习  3、友商是xx[看],1
2025/3/20 19:04,买个香吧，许愿还能许个好点的,0
2025/3/20 19:08,买根绳子[捂脸],1
2025/3/20 19:12,@?兜来米? @?? @梨初. 哈哈哈,0
2025/3/20 19:21,先买米,0
2025/3/20 19:25,买点米吧,0
2025/3/20 19:35,罚你买一个榔子,1
2025/3/20 19:46,上吊绳你都买不了大号的,1
2025/3/20 19:48,买彩票，梭哈！,0
2025/3/20 19:54,先买碗,0
2025/3/20 19:58,先买1块都米，2块的西红柿，3块的鸡蛋，2块都青菜，5毛的生姜，5毛的葱[呲牙],0
2025/3/20 19:59,买俩馒头,0
2025/3/20 20:00,你转给我 先买个教训吧[捂脸],1
2025/3/20 20:01,先不买,0
2025/3/20 20:07,@十七降临果果心（想见ee版）,0
2025/3/20 20:11,买个棒棒糖吧,0
2025/3/20 20:11,先买包泡面[微笑] 再买根火腿肠,0
2025/3/20 20:17,冷知识：普通盘刹车第一脚是最好成绩 碳陶盘第一脚是最差成绩,0
2025/3/20 20:22,先存钱,0
2025/3/20 20:23,先买泡面,0
2025/3/20 20:24,真要是有资金先买房 房子住一辈子 车子开一阵子,0
2025/3/20 20:31,美女买我吧，我倒贴,1
2025/3/20 20:32,先买糖,0
2025/3/20 20:41,@过我嶙峋,0
2025/3/20 20:48,买刮刮乐吧[暗中观察],0
2025/3/20 20:49,买个双色球[捂脸],0
2025/3/20 21:02,买双色球还有希望[尬笑],0
2025/3/20 21:06,你我出500,1
2025/3/20 21:11,先买豆浆，喝一碗倒一碗[听歌],0
2025/3/20 21:22,雷总：我一直以为国产车的水很深，在造车前我已经赌上了全部身家，没想来进入后，才发现水才到脚踝。原来造车只要真材实料就能有如此销量。,0
2025/3/20 21:24,先买早饭，豆浆就别买了,0
2025/3/20 21:26,艾玛我看到太激动了～立马给我老公喊过来问这真是你们公司供的制动盘啊！他非常确定的告诉我就是！他们在做小米这个项目的时候自己在台架上测试的都是最低30次才合格[流泪]以前做制动盘的都是德国公司，他们仨前几年成立了自己的公司～签到的第一个大项目就是小米的！！！！以后会越来越好[流泪][流泪],0
2025/3/20 21:34,不行先买个馒头吃呢,0
2025/3/20 21:48,先充电,0
2025/3/20 21:55,买个碗??[捂脸],0
2025/3/20 22:03,先买车吧 拼多多应该能全款拿下个玩具车,0
2025/3/20 22:04,先点个蜜雪冰城慢慢考虑[呆无辜],0
2025/3/20 22:14,买桶泡面加火腿肠,0
2025/3/20 22:28,雷总：我不了解车，但我了解我那帮崽子的尿性[暗中观察]。他们现在还有米六钉子户[暗中观察],0
2025/3/20 22:34,先买个觉，这车和房就都能买啦,0
2025/3/20 22:44,这可能就是余承东公布7499想象中的的画面吧。,0
2025/3/20 22:56,先买个冰棍吧,0
2025/3/20 23:01,先活着[偷笑],0
2025/3/20 23:03,@绿 [看],0
2025/3/20 23:08,先买个手抓饼,0
2025/3/20 23:29,先别买,0
2025/3/20 23:31,买颗糖吃吧，大脑思考需要糖分。,0
2025/3/20 23:35,还是先买两包盐吧！不然明天饭都吃不下没味[抠鼻],0
2025/3/20 23:58,先买包泡面然后思考一下后天怎么过,0
2025/3/21 0:00,买瓶酒，喝醉了啥都有了！,1
2025/3/21 0:11,一天150元补偿，一个月4500，等车12个月，补偿5万多。虽然车主不差钱，但这贴心服务，相当于打9折,0
2025/3/21 0:29,一边听一边记，生怕自己漏了哪个信息后面会忘记，最后教我注册的时候，发现我根本就没车[流泪][流泪][流泪][流泪],0
2025/3/21 0:30,先自保[微笑][黑脸],0
2025/3/21 0:31,先娶我[泣不成声]，,0
2025/3/21 0:34,拼好饭还是能吃的[黑脸],0
2025/3/21 0:39,拼好饭还可以,0
2025/3/21 0:40,先统治世界[九转大肠],1
2025/3/21 0:47,买彩票吧[捂脸],0
2025/3/21 1:11,去换一块的硬币，去超市门口开那个爸爸的爸爸叫什么？[泪奔],0
2025/3/21 1:52,先睡觉[看],0
2025/3/21 2:20,先买根蜡烛才能许愿哦[捂脸][捂脸][捂脸],0
2025/3/21 2:21,买拼好饭吧,0
2025/3/21 2:36,先买馒头后买米,0
2025/3/21 3:12,先睡觉[捂脸],0
2025/3/21 3:15,转给我买个教训,1
2025/3/21 5:28,@錢進 好搞笑,0
2025/3/21 6:46,买几个馒头还是可以的[呲牙],0
2025/3/21 7:03,先卖肾[看],1
2025/3/21 7:04,先买个鸡蛋灌饼吃吃个早饭,0
2025/3/21 7:09,先睡觉吧！,0
2025/3/21 7:18,先买彩票中个五百万在买房买车[捂脸],0
2025/3/21 7:20,先活命。,0
2025/3/21 7:23,@肉肉,0
2025/3/21 7:23,全东莞只看到2辆,0
2025/3/21 7:38,@喊婶婶吧还显着亲 @拉拉,0
2025/3/21 7:45,买大米！！！,0
2025/3/21 8:22,先买一个馒头,0
2025/3/21 8:23,东坑我都看到了,0
2025/3/21 8:30,我建议你先创业，已废品回收现在的价格，你可以回收，已差价每5毛一公斤赚，你可以多赚4元！然后再以此类推！你买房买车都不是梦[赞],0
2025/3/21 8:32,买房车,0
2025/3/21 8:32,煎饼果子都不敢买个面积大的[看],0
2025/3/21 8:42,既然如此先吃饭吧,0
2025/3/21 8:43,你这个建议最实在[赞]好人啊[不失礼貌的微笑],0
2025/3/21 8:44,买彩票,0
2025/3/21 8:52,先买颗糖??让自己甜甜吧，已经很苦了，再背车贷房贷咋个办[捂脸],0
2025/3/21 8:57,先活着,0
2025/3/21 9:02,乖，听话先吃早餐,0
2025/3/21 9:09,大朗看到一辆[黑脸],0
2025/3/21 9:15,@懒羊羊.,0
2025/3/21 9:16,先买个馍吃吧,0
2025/3/21 9:17,买个棒棒糖[捂脸],0
2025/3/21 9:18,哈哈[呆无辜],0
2025/3/21 9:18,先睡觉,0
2025/3/21 9:22,雷总：友商拿什么和我比！,1
2025/3/21 9:24,先睡觉[捂脸],0
2025/3/21 9:25,先买个早餐吧,0
2025/3/21 9:34,先买水,0
2025/3/21 9:40,先买个彩票[看],0
2025/3/21 9:42,先转给我 我帮你存出利息买小米,1
2025/3/21 9:50,@祥你了 @不着调、 @?? @R. @爱啃指甲 [捂脸],0
2025/3/21 9:50,点杯蜜雪,0
2025/3/21 9:54,没驾照的我听得比上课还认真[捂脸],0
2025/3/21 10:07,先买个指南针看看西北在哪[抠鼻],0
2025/3/21 10:24,听我的，先买彩票,0
2025/3/21 10:32,@西红柿没事. 我[发呆],0
2025/3/21 10:44,听我的，买两张彩票，中个几个亿，房车情人都要[看],0
2025/3/21 10:51,空气要不是免费我都怕你下一秒就走了[捂脸],0
2025/3/21 10:57,哈哈哈,0
2025/3/21 10:58,[捂脸]你别代表全东莞，我在松山湖华为溪流背坡村这边最少都遇到5辆了,1
2025/3/21 10:58,买杯蜜雪得了,0
2025/3/21 11:05,买蜜雪吧,0
2025/3/21 11:15,超预算了,0
2025/3/21 11:19,拼好饭[看],0
2025/3/21 11:21,买根棒棒糖尝个甜头先[看],0
2025/3/21 11:22,先睡觉，梦里啥都有,0
2025/3/21 11:25,可以挂个号,0
2025/3/21 11:29,先充电哥们[尬笑],0
2025/3/21 11:34,先去睡[捂脸],0
2025/3/21 11:54,滴眼液,0
2025/3/21 12:08,买一杯蜜雪冰城的三拼,0
2025/3/21 12:11,建议雷总去搞个小米房地产，这样两个都能买了[看],0
2025/3/21 12:12,买彩票,0
2025/3/21 12:13,买盒子,0
2025/3/21 12:14,买个馕加瓶水[大笑]一顿搞定[捂脸],0
2025/3/21 12:16,零首付，买车又买房。小孩子才做选择[黑脸],1
2025/3/21 12:19,买个刮刮乐都不够吧[笑哭],0
2025/3/21 12:19,我住成都区县我都看到好几辆了[抠鼻],0
2025/3/21 12:21,先买菜,0
2025/3/21 12:24,先买厕纸吧[奸笑][奸笑]，怕没得擦,1
2025/3/21 12:35,雷总投资一下[抱拳],0
2025/3/21 12:35,@快乐星球 笑死你老豆了,0
2025/3/21 12:36,同时买，反正做梦就可以的事,0
2025/3/21 12:37,能买拼好饭[舔屏],0
2025/3/21 12:41,连一组彩票都买不到[捂脸],0
2025/3/21 12:43,先买小米啊,0
2025/3/21 12:48,拼好饭,0
2025/3/21 12:50,@Qliero 先买袋魔芋爽 爽一爽吧,0
2025/3/21 12:51,先活下去,0
2025/3/21 12:52,刷上视频啦这就？[尬笑],0
2025/3/21 12:52,给我吧，买不了车买不房，买个教训还是可以的,0
2025/3/21 12:54,先买唐,0
2025/3/21 12:55,你还是先吃饱饭再说吧,1
2025/3/21 12:55,听话，买点馒头买点水,0
2025/3/21 12:56,我在清溪看到最起码有20辆，本人就有一辆[呲牙],0
2025/3/21 13:00,你这样，你直接一步到位买房车,1
2025/3/21 13:02,咱这条件，完全可以一起买呀，不要纠结,0
2025/3/21 13:03,先买个泡泡糖边嚼边吹,0
2025/3/21 13:04,春小米下来了  可以买一斤,0
2025/3/21 13:11,买命，滴滴V,1
2025/3/21 13:13,[泪奔][泪奔][泪奔],0
2025/3/21 13:14,先买份早餐吃冷静一下好吗姐妹,0
2025/3/21 13:15,先买3张彩票[赞],0
2025/3/21 13:20,@放空??,0
2025/3/21 13:24,买馒头[微笑][微笑],0
2025/3/21 13:26,每个人都买得起的手机七千开头，雷军说贵只是三千开头[流泪]雷军活该受人民爱戴啊,0
2025/3/21 13:29,@#777,0
2025/3/21 13:31,先买一沓烧纸吧[流泪],1
2025/3/21 13:38,我们楼下都有两台,0
2025/3/21 13:38,先买个馒头续命先[呲牙],0
2025/3/21 13:41,两个一起买完全没问题嘛[看],0
2025/3/21 13:48,先买药[发呆],0
2025/3/21 13:50,多出去走走 ，我小区都不止10辆了[捂脸],0
2025/3/21 13:55,先买馒头吧,0
2025/3/21 13:57,给我发5.5买个教训,1
2025/3/21 13:58,你这个只能买点棒棒糖[看],1
2025/3/21 14:01,买3D,0
2025/3/21 14:02,先买彩票[捂脸],0
2025/3/21 14:04,先买卫生巾,1
2025/3/21 14:08,先买馒头考虑吃几天[绝望的凝视],0
2025/3/21 14:15,先生个娃[捂脸][捂脸][捂脸],0
2025/3/21 14:26,先吃饱饭再想这个问题吧,0
2025/3/21 14:27,1生2，2升3，慢慢来，不着急,0
2025/3/21 14:30,成年人不做选择都买[思考],0
2025/3/21 14:38,可以先去买彩票,0
2025/3/21 14:46,先睡觉[泪奔],0
2025/3/21 14:50,@别吵我睡觉诶 哈哈哈哈哈哈哈哈哈哈,0
2025/3/21 14:50,你的意思是50万我追不到什么星，但是可以让小米老总给我开车，笑脸相迎，还能近距离接触握手[舔屏]还送车,1
2025/3/21 14:50,请我吃辣条先,0
2025/3/21 14:56,买个馒头,0
2025/3/21 15:01,我小区这里都四五辆[捂脸]我停露天停车场有一辆都经常停我旁边[泪奔],0
2025/3/21 15:01,先买米吧[干饭人],0
2025/3/21 15:02,可以都买，都可以实现,0
2025/3/21 15:05,先睡觉,0
2025/3/21 15:10,先买老公,0
2025/3/21 15:11,买米煮粥,0
2025/3/21 15:11,先买包纸巾吧,1
2025/3/21 15:16,郑州    ultra 看见两个了已经   su7数不过来,0
2025/3/21 15:24,自动扣费15元你不炸了吗[憨笑],0
2025/3/21 15:28,买蜜雪冰城[笑哭],0
2025/3/21 15:30,转给我 先买个教训,1
2025/3/21 15:32,7.97买车，1.19买个一般的车代步就行了,0
2025/3/21 15:33,先小康算了[看],0
2025/3/21 15:34,我在东莞看见很多辆了,0
2025/3/21 15:39,买什么买，先买根棒棒糖塞牙缝吧[泣不成声],1
2025/3/21 15:43,只能买盐[捂脸],0
2025/3/21 15:49,听话  先买个饼,0
2025/3/21 16:05,@黄桃罐头神,0
2025/3/21 16:11,先买两根肠,0
2025/3/21 16:11,在买房还是买车之间选择买个煎饼果子！,0
2025/3/21 16:11,先买个指南针，不然你想喝西北风的时候西北都找不到[尬笑],0
2025/3/21 16:14,先买个面包??啃着,0
2025/3/21 16:21,去寺庙许愿都不够[捂脸][捂脸][捂脸][捂脸],0
2025/3/21 16:23,先买一个鸡腿,0
2025/3/21 16:28,@最爱婧婧宝贝 哈哈哈哈哈,0
2025/3/21 16:35,拼好饭[泪奔],0
2025/3/21 16:42,笑死[捂脸]，十几台都看过了,0
2025/3/21 16:50,买房,0
2025/3/21 17:05,亲，这边建议先开通分付哦,0
2025/3/21 17:20,先活下来吧,0
2025/3/21 17:21,两样一起买啊这还用想嘛,0
2025/3/21 17:22,先买个冰棒冷静下[呲牙],0
2025/3/21 17:24,还是买馒头现实点，饭估计不够,0
2025/3/21 17:25,先睡一觉先，梦里啥都有,0
2025/3/21 17:40,先买馒头吧，要不晚上饿肚子[呲牙][呲牙],0
2025/3/21 17:41,先睡一觉，看梦里能买啥,0
2025/3/21 17:56,先买个碗[呲牙],0
2025/3/21 18:00,拼好饭,0
2025/3/21 18:23,先买金针菇，可以挺几天[坏笑],0
2025/3/21 18:31,@是廷廷啊！??,0
2025/3/21 18:50,你有这个身家，对自己好点儿，买根烤肠吧[大金牙],1
2025/3/21 18:57,先买个5块的意外险吧,0
2025/3/21 19:01,@宇与 [捂脸][捂脸][赞],0
2025/3/21 19:24,错，先把花呗还了先,0
2025/3/21 19:37,先买天津狗不理,0
2025/3/21 19:58,先给我买个喝的,0
2025/3/21 20:17,干S友商[看],1
2025/3/21 20:19,啊，要不然先买包泡面？[尬笑],0
2025/3/21 20:23,先买个铁碗[泪奔],0
2025/3/21 20:41,"雷军：同事们，小米粥好喝吗？
职工：......
卢伟冰：雷总问你们好喝嘛？
职工：......
王腾：雷总问你们好喝吗？哑巴了？！
职工：好喝好喝！",0
2025/3/21 20:46,买个煎饼果子再加个肠刚好,0
2025/3/21 20:49,@扶不起的阿斗,1
2025/3/21 21:10,先点一份拼好饭[绝望的凝视],0
2025/3/21 21:13,@九珍 我真的想要[逞强落泪]，胜过那些奔驰奥迪玛莎保时捷法拉利,0
2025/3/21 21:15,《鲁A挤男厕》[看],0
2025/3/21 21:16,一起买,0
2025/3/21 21:19,干S友商[看],1
2025/3/21 21:21,你买根棒棒糖吃,0
2025/3/21 21:26,谢谢 我现在才知道我的特斯拉怎么出玻璃水[微笑],0
2025/3/21 21:40,雷总：你看根本不用我打广告,0
2025/3/21 21:49,买车吧[尬笑],0
2025/3/21 21:52,买点菜籽,0
2025/3/21 21:53,先睡醒劳斯,0
2025/3/21 22:04,先买我的命[看]让你疯狂一回,1
2025/3/21 22:06,先吃饭，听我的,0
2025/3/21 22:10,[白眼]先买几包泡面,1
2025/3/21 22:14,先给手机充充电吧,0
2025/3/21 22:17,都多余了[捂脸],0
2025/3/21 22:18,米饭好像只要俩快好像，不买菜的话[灵机一动],0
2025/3/21 22:20,先淘点米！[赞],0
2025/3/21 22:29,有这条件那就一起买,0
2025/3/21 22:35,我在广州看到过有四五十台[捂脸][捂脸],0
2025/3/21 22:35,先买包魔芋爽,0
2025/3/21 22:36,鲁A济南车，这个好一唱就到,0
2025/3/21 22:37,先买盒泡面,0
2025/3/21 22:37,先找个班上[抱抱你],0
2025/3/21 22:41,先充电,0
2025/3/21 22:44,我家乡镇上都能看到速su7,0
2025/3/21 22:46,先买馒头买瓶水、还有就再买腐乳！,0
2025/3/21 22:48,早饭??,0
2025/3/21 22:48,预判了[奸笑],1
2025/3/21 22:50,先买馒头去吧,0
2025/3/21 22:55,这个去贷款都难[泪奔],0
2025/3/21 23:01,买车买房不知道，有点事真的？,0
2025/3/21 23:05,是不是紧张了？,0
2025/3/21 23:05,真的超级喜欢，可是买不起[流泪],0
2025/3/21 23:05,我的梦想座驾,0
2025/3/21 23:05,[鼓掌],0
2025/3/21 23:05,试驾我也想，也只能想[泪奔],0
2025/3/21 23:06,大把好吧，,0
2025/3/21 23:06,可是 我驾照没满二年[流泪][流泪][流泪],0
2025/3/21 23:06,真的很帅,0
2025/3/21 23:08,先买个意外保险吧，,1
2025/3/21 23:10,好帅呀,0
2025/3/21 23:10,合肥银泰看到一辆su7utra可惜人太多了没能试一下，希望等我未来买车的时候能出更便宜的2.0[流泪],0
2025/3/21 23:10,雷总也是开上su7了,0
2025/3/21 23:11,雷总注意安全。,0
2025/3/21 23:11,我也想体验，但是买不起，努力吧,0
2025/3/21 23:11,先买个拼好饭吃吧,0
2025/3/21 23:14,先买彩票[看],0
2025/3/21 23:17,现在刷到，这是不是余承东想象中的自己？,0
2025/3/21 23:19,先买馒头吧[捂脸],0
2025/3/21 23:21,我小时候也苦恼过是上清华还是北大[微笑],0
2025/3/21 23:25,少坐地铁[微笑],1
2025/3/21 23:25,@qi°,0
2025/3/21 23:30,我村里都有一辆 怎么可能在东莞才看到两辆,0
2025/3/21 23:35,先买充电宝,0
2025/3/21 23:35,先买馒头,0
2025/3/21 23:43,买2块钱彩票碰碰运气[捂脸],0
2025/3/21 23:46,买辣条,0
2025/3/21 23:46,买个棒棒糖,0
2025/3/21 23:53,那说明你不出门，我在长安看见不下五次，我还是基本上不出门,0
2025/3/21 23:56,先吃饭吧[泪奔],0
2025/3/22 0:03,先买个枕头晚上睡觉垫高一点[看],0
2025/3/22 0:06,先填饱肚子,0
2025/3/22 0:08,@阿斯匹林,0
2025/3/22 0:08,哥们，还是先做个梦买彩票[呲牙],0
2025/3/22 0:08,买瓶假乌苏吧，第二天起来还有劲,1
2025/3/22 0:12,先买两桶泡面 管饱[捂脸],0
2025/3/22 0:16,我在东莞看到3辆，在南城蜂汇广场下面的国际幼儿园看到一辆，凯达科技设计中心看到过两辆[泪奔][泪奔][泪奔],0
2025/3/22 0:25,买饭只能顶一顿。买个盆接着，能坚持好几顿,0
2025/3/22 0:27,@绮绮妈,0
2025/3/22 0:31,上面那个数字买房，下面那个数字买车[赞],0
2025/3/22 0:32,先买一个干脆面压压惊[看],0
2025/3/22 0:33,茶山伟隆国际门口就不止5台，你在哪个东莞,0
2025/3/22 0:37,温文尔雅的雷总居然咬着后槽牙飙车[捂脸],0
2025/3/22 0:44,先不买[捂脸],0
2025/3/22 0:59,等.....等一下，山东牌照？那就..... 鲁A济南车，鲁B青岛的[看],0
2025/3/22 1:13,买个馒头够了,0
2025/3/22 1:27,东莞还是算了吧[捂脸]来佛山看看吧,0
2025/3/22 1:33,我楼下小区两台。公司落下三台[捂脸],0
2025/3/22 1:34,大朗都十几辆,0
2025/3/22 1:44,买根淀粉肠先吃吃吧,0
2025/3/22 2:01,先买彩票，赌一把,0
2025/3/22 2:04,先买饭,0
2025/3/22 2:23,买蜜雪冰城,0
2025/3/22 2:45,哈哈哈哈,0
2025/3/22 4:14,七个多亿了，想吃啥就买吧，毕竟再不享福就没机会了,1
2025/3/22 4:47,先买辣条,0
2025/3/22 5:28,买辣条,0
2025/3/22 5:33,[捂脸],0
2025/3/22 5:33,[尬笑],0
2025/3/22 6:45,买房，以后你不会后悔的,0
2025/3/22 6:46,不好意思看了余额是是7.97？ 我没点开我以为是79.7万……,0
2025/3/22 7:28,先活着,0
2025/3/22 7:34,买张彩票吧,0
2025/3/22 8:17,先谋生吧[泣不成声],0
2025/3/22 8:20,先打螺丝,0
2025/3/22 8:21,饭太贵了，整个矿泉水,0
2025/3/22 8:27,还能在网上看见东坑的[暗中观察],0
2025/3/22 8:27,先洗脚其他再说,0
2025/3/22 8:31,妹子，先吃饱再说吧[抠鼻],0
2025/3/22 8:34,先买个泡面加一瓶水，解决一下一餐温饱,0
2025/3/22 8:34,@一条有理的咸鱼 [捂脸][捂脸],0
2025/3/22 8:46,建议你一起买,0
2025/3/22 8:56,你还见两部，我在大朗十几年，到目前为止还没遇到过。[尬笑],0
2025/3/22 9:03,先睡吧,0
2025/3/22 9:15,大理我都看到好几辆了,0
2025/3/22 9:15,晚上做梦一起买,0
2025/3/22 9:18,先吃饭吧[捂脸][赞],0
2025/3/22 9:19,先发个 0.88 在群里，没准能翻倍[发呆],0
2025/3/22 9:31,@她的小梨涡 @小可乐 @咕噜呱 @除非雨后仍是雨 @识卿桃花面 @甄姬本机 @??一张不够花?? 买两包魔芋爽爽爽的了,0
2025/3/22 9:31,买袋辣条吧,0
2025/3/22 9:37,先买双色球,0
2025/3/22 9:38,安卓车开两年就卡了,0
2025/3/22 9:50,先买个棒棒糖嗦啦嗦啦,0
2025/3/22 9:51,先买吃的吧，兄弟[捂脸],0
2025/3/22 9:55,先买个冰棍吃,0
2025/3/22 10:15,买彩票,0
2025/3/22 10:17,拼好饭没拼到吗,0
2025/3/22 10:21,报道,0
2025/3/22 10:23,先买泡面吧[暗中观察]别饿了自己,0
2025/3/22 10:23,@厕所里办漫展. 雷军真的是小说男主啊,0
2025/3/22 10:35,全东莞？市区一个早上就看到两辆,0
2025/3/22 10:39,先去捡瓶子,1
2025/3/22 10:41,友商是**[你不大行],1
2025/3/22 10:47,买包瓜子嗑一下。,0
2025/3/22 10:48,先起床,0
2025/3/22 10:52,先买两三个馒头吃饱去工地搬一天砖再说,0
2025/3/22 11:00,先买个枕头垫高一点,0
2025/3/22 11:09,先活着,0
2025/3/22 11:13,哈哈,0
2025/3/22 11:13,先挣钱,0
2025/3/22 11:19,而且我平时上班路上天天都能看到很多小米，在水乡大道那条路,0
2025/3/22 11:22,先把零钱提到余额，再买个彩票，10块的，中500万，用200万-300万买房，几十万买车，100万存银行吃利息，还有几十万，日常开销,0
2025/3/22 11:25,我也是这么想的[捂脸],0
2025/3/22 11:28,"心情不好 想往广东人煲了两小时
的汤里丢小米辣[微笑][微笑][微笑][微笑]",1
2025/3/22 11:29,@用户4825271615580 哈哈哈哈哈,0
2025/3/22 11:31,先睡醒[摸头],0
2025/3/22 11:36,先充电,0
2025/3/22 11:37,先买饭[疑问],0
2025/3/22 11:42,哈哈哈哈哈[尬笑],0
2025/3/22 11:46,捉住,1
2025/3/22 11:52,@过,0
2025/3/22 12:02,先买个盆吧,0
2025/3/22 12:08,先买个枕头,0
2025/3/22 12:15,@Rye @Nimo,0
2025/3/22 12:18,买罐啤酒，睡着啥都有,0
2025/3/22 12:29,点个拼好饭吃吃算了,0
2025/3/22 12:39,先买个包子吧,0
2025/3/22 12:41,把这张照片发给他。[送心][送心][色][色],1
2025/3/22 12:42,@麦辣鸡腿堡??,0
2025/3/22 12:55,那是你自己才看到这两辆而已[白眼]，我自己都看见好几辆了,0
2025/3/22 12:56,塘厦经常见,0
2025/3/22 13:05,车子是消耗品，房子只是暂时的港湾，坟才是最后的归宿！听哥的，先买坟！,1
2025/3/22 13:05,先买张彩票,0
2025/3/22 13:10,@小张去学校: 这是一朵神奇的花，见着无病无灾[感谢][感谢][感谢][比心][比心][比心],0
2025/3/22 13:11,先睡会儿,0
2025/3/22 13:13,先买口粮（烟酒）,0
2025/3/22 13:17,一个泡面加冰红茶，刚好喔,0
2025/3/22 13:24,苏州这里满大街,0
2025/3/22 13:31,先买个冰棍凉快凉快,0
2025/3/22 13:39,买个馒头坐公交,0
2025/3/22 13:44,买包烟抽一晚上边抽边思考该买那个,0
2025/3/22 13:58,上买房，下买车,0
2025/3/22 13:59,把支付密码改成123456，那么复杂的支付密码无法匹配储存余额。[捂脸],0
2025/3/22 14:00,买张彩票万一中了呢,0
2025/3/22 14:02,活着就是幸福[微笑],0
2025/3/22 14:03,先买药,0
2025/3/22 14:03,我这落后的都没多少年轻人的十八线小城市，都有好几个小米su7,0
2025/3/22 14:05,我们公司都不止2俩大兄弟，我们公司停车场最少10辆以上，多出去看看[灵机一动],0
2025/3/22 14:07,买棒棒糖,0
2025/3/22 14:11,要不先买半斤米？,0
2025/3/22 14:12,东莞看了不少于一百辆 不知道你在东莞那条村,1
2025/3/22 14:13,@慕白首 啊哈哈哈哈老公,0
2025/3/22 14:17,对自己好点，买杯水吧,0
2025/3/22 14:19,先买碗,0
2025/3/22 14:21,把钱转给我，我跟他们说你买房买车了[呲牙],1
2025/3/22 14:24,我的评价是不如这个绿色,0
2025/3/22 14:29,先买包辣条[黑脸],0
2025/3/22 14:30,买辣条吧[偷笑],0
2025/3/22 14:32,买根老冰棍凉快凉快,0
2025/3/22 14:33,上面的钱买房，下面的钱买车,0
2025/3/22 14:38,贷款2000买个车，和小房子，天天都能看,0
2025/3/22 14:38,@(┯_┯) [捂脸][捂脸][捂脸],0
2025/3/22 14:38,零钱买房，零钱通买车[赞],0
2025/3/22 14:39,[捂脸][捂脸][捂脸][捂脸][捂脸],0
2025/3/22 14:40,先给我救急,0
2025/3/22 14:40,一起都买啦,0
2025/3/22 14:43,先买彩票[尬笑],0
2025/3/22 14:57,先上学,0
2025/3/22 15:10,湖北县城我都看到过好几辆[捂脸],0
2025/3/22 15:55,智能智能，强调一下。,0
2025/3/22 15:59,你是不出门的吧，我也是东莞的，我有十几个朋友买了[捂脸][捂脸],1
2025/3/22 16:11,都卖到四线和五线城市了[大笑],0
2025/3/22 16:14,先转我9块,1
2025/3/22 16:17,先去中国福彩转转吧,1
2025/3/22 16:19,先填饱肚子吧[灵机一动],0
2025/3/22 16:20,惠州和湛江我都见好多了，别说广州和深圳了，东莞不至于吧,0
2025/3/22 16:21,@困呆呆嘟… @特别迪 @梅艺斯 @灰色记忆,0
2025/3/22 16:22,虎门赤岗丰泰这边有两台,0
2025/3/22 16:28,广州每天都看过几辆[微笑],0
2025/3/22 16:32,你们一家的吧[看],1
2025/3/22 16:36,先买七再买一,0
2025/3/22 16:37,买一份烤冷面吧,0
2025/3/22 16:38,我觉得你应该先买彩票,1
2025/3/22 16:39,先买??,0
2025/3/22 16:55,我用过一次红米就再也不敢用了[捂脸][捂脸][捂脸],1
2025/3/22 17:03,哪有人脱了裤子问别人屁股好不好看的[机智],0
2025/3/22 17:15,先买包魔芋爽吧,0
2025/3/22 17:30,买包魔芋爽爽爽算了[尬笑],0
2025/3/22 17:30,还是先买一瓶矿泉水吧[尬笑],0
2025/3/22 17:32,@5879,0
2025/3/22 17:40,先买个火机吧,0
2025/3/22 17:44,这个如何呢,0
2025/3/22 17:45,挂个实习医生的号[不失礼貌的微笑],0
2025/3/22 17:46,买房吧,0
2025/3/22 17:49,先活着[酷拽],0
2025/3/22 17:50,买杯水吧,0
2025/3/22 17:52,先买带馒头再买瓶水[泣不成声],0
2025/3/22 17:57,先睡觉吧[玫瑰],0
2025/3/22 18:07,先点个拼好饭,0
2025/3/22 18:09,先买泡面[呲牙],0
2025/3/22 18:09,先买根烤肠吧[憨笑],0
2025/3/22 18:10,先把你的7.97放零钱通吧，说不定还能挣一毛钱,0
2025/3/22 18:10,先买杯水,0
2025/3/22 18:21,[黑脸]饭也贵,0
2025/3/22 18:23,买两瓶可乐,0
2025/3/22 18:26,先睡觉,0
2025/3/22 18:26,麻烦把刚骑完的共享电动车的钱付一下[抠鼻],0
2025/3/22 18:36,先睡觉，梦里都有[比心],0
2025/3/22 18:42,先活下去[捂脸],0
2025/3/22 18:47,听哥的，咱先去买张彩票,0
2025/3/22 18:49,不是吧[暗中观察]我平常也能看见在企石和桥头这边,0
2025/3/22 18:54,先转我[尬笑],0
2025/3/22 19:05,买泡面吧,0
2025/3/22 19:06,先睡觉,0
2025/3/22 19:09,买个蜜雪冰城[鼓掌],0
2025/3/22 19:13,先买牙线吧，牙签不好用,0
2025/3/22 19:18,好像是[憨笑],0
2025/3/22 19:21,先吃饭,0
2025/3/22 19:24,买车[看],0
2025/3/22 19:30,买个烤肠吧。。,0
2025/3/22 19:45,拼好饭,0
2025/3/22 19:54,我要烟，饭可以三天不吃，烟一秒都不能少[泪奔],0
2025/3/22 19:56,e,0
2025/3/22 20:03,先睡觉,0
2025/3/22 20:46,建议先买糖,0
2025/3/22 20:52,发给我，买个教训,1
2025/3/22 20:52,还是先买几个馒头渡日吧[捂脸],0
2025/3/22 21:04,买瓶水从头上淋下去，那样你就醒了。,1
2025/3/22 21:18,还是先买瓶饮料吧，不光心里甜一会儿还能剩点[捂脸],0
2025/3/22 21:37,袁老师，我俾机会你讲多次，捷达仔得过个几十匹？[大笑][大笑],0
2025/3/22 21:53,买个房车，一次性搞定,0
2025/3/22 21:54,这边建议再多喝二两,1
2025/3/22 21:58,[白眼],1
2025/3/22 22:06,先存银行吃利息,0
2025/3/22 22:06,肯定0首付买小米车  毕竟充一点电这钱够了  买房也缴不起物业费[捂脸],0
2025/3/22 22:09,还是先买房吧，买房不容易被拖走,0
2025/3/22 22:14,我担心拼好饭都不够买,0
2025/3/22 22:18,买命[抠鼻],1
2025/3/22 22:22,建议先睡觉，睡着了就什么都有了,0
2025/3/22 22:23,先买几个包子，吃着去看房，看车,0
2025/3/22 22:30,我有个朋友6年前花20万买了台比亚迪，现在车价值不足五万，而当初用这20万买比亚迪股，那现在是差不多值200W,0
2025/3/22 22:32,先买早餐[尬笑],0
2025/3/22 22:43,先买一包泡面。再买一瓶矿泉水。,0
2025/3/22 22:47,先睡觉,0
2025/3/22 22:48,先睡觉[看],0
2025/3/22 22:49,先,0
2025/3/22 22:53,买个糖吃去就好[躺平],0
2025/3/22 23:09,一顿也吃不饱，先买彩票吧，说不定以后都能吃饱饭,0
2025/3/22 23:14,@'@迁就你一生,1
2025/3/22 23:19,买桶泡面加根肠[不看],0
2025/3/22 23:36,买方便面吧[流泪],0
2025/3/22 23:40,应该推广，各个车企交车都要这样讲,0
2025/3/22 23:42,先贷款,0
2025/3/22 23:45,这算什么，大众一整个后备箱都可以养鱼，而且下雨天还能自动注入雨水[赞],0
2025/3/22 23:46,一次性一体成型的塑料盆 用脚趾头想也知道不可能漏水啊,0
2025/3/22 23:54,"汽车友商：他怎么这么多活
手机友商：他终于干汽车去了",1
2025/3/23 0:30,水怎么排走？？,0
2025/3/23 0:31,在前面的叫前备箱，在后面的叫后备箱。,0
2025/3/23 0:31,如果不能养，水漏到电池电机上，哦吼……,1
2025/3/23 0:34,雷总是懂钓鱼佬的需求的[暗中观察]好会啊，,0
2025/3/23 0:44,第一眼看成迈凯伦的是这个[赞],0
2025/3/23 0:47,雷军：我只是吹吹牛，没想到真的有人测试了[偷笑],0
2025/3/23 0:59,先睡觉,0
2025/3/23 1:28,小米，可能上线不高，但是肯定有下线,1
2025/3/23 1:31,先睡吧,0
2025/3/23 1:46,先睡觉,0
2025/3/23 2:54,更便宜的小米也要出来了,0
2025/3/23 3:13,起码小米的广告是真的，在中国这是非常了不起的事了。,0
2025/3/23 4:24,能不能在这里卖[流泪],0
2025/3/23 4:37,先买碗面,0
2025/3/23 6:02,先买个馒头吧，分我一半。,0
2025/3/23 6:11,先睡觉，毕竟梦里啥都有[我想静静][我想静静],0
2025/3/23 6:14,先买烟[捂脸],0
2025/3/23 6:15,先睡觉，乖[捂脸],0
2025/3/23 7:14,先睡觉,0
2025/3/23 7:20,[发呆]什么生活质量10块钱我可以吃两顿,0
2025/3/23 7:31,先买大米吧,0
2025/3/23 7:52,先睡觉吧，睡着了就不饿了,0
2025/3/23 7:55,那个馒头先,0
2025/3/23 7:58,先买保险,0
2025/3/23 8:00,去小朋友的跳蚤市场，可以同时拥有一个小房子和一个小车车,0
2025/3/23 8:38,买怡宝都够呛[捂脸],0
2025/3/23 8:44,买早餐,0
2025/3/23 9:00,雷总说过米粉很疯狂，家电有质量问题他不去找售后，就去雷总评论区开骂[捂脸][捂脸][捂脸],1
2025/3/23 9:03,买俩棒棒糖哄哄自己得了,0
2025/3/23 9:06,嫁给男人啥都有了[泪奔][泪奔],0
2025/3/23 9:10,你们信不信，就算他讲解那么详细。第二天车主一样打电话咨询[泪奔],0
2025/3/23 9:11,先买个教训,1
2025/3/23 9:21,买个包子先,0
2025/3/23 9:28,雷总：下一个风口，我将进军卫生护垫行业[泪奔],0
2025/3/23 10:13,[微笑]问题来了 久了螺丝不会生锈嘛[微笑]危！,0
2025/3/23 10:30,先买棒棒糖吧,0
2025/3/23 10:37,先买辆来肯超跑,0
2025/3/23 10:42,先睡觉，不然一会饿了睡不着[发怒],0
2025/3/23 10:52,先买助眠??[捂脸],0
2025/3/23 10:55,买两包魔芋爽爽爽得了,0
2025/3/23 11:00,去买两包魔芋爽 爽一下得了[捂脸],0
2025/3/23 11:13,@G,0
2025/3/23 11:17,先活着,0
2025/3/23 11:17,先买个彩票,0
2025/3/23 11:25,买车吧[尬笑]买车可以零首付[捂脸]买房不行,0
2025/3/23 11:29,建议先挂个号[打脸],1
2025/3/23 11:34,买点花生米吧,0
2025/3/23 11:55,我觉得先买两包辣条压压惊,0
2025/3/23 11:58,先买张彩票,0
2025/3/23 12:07,买根烟再想想,0
2025/3/23 12:08,先醒醒,1
2025/3/23 12:09,看不见也正常呀，全中国汽车保有量上亿，小米只占10万,0
2025/3/23 12:11,先生活吧 车就是个超大消化品 5年后新车最多值10几万[捂脸][捂脸],0
2025/3/23 12:13,先活着[看],0
2025/3/23 12:18,拼好饭,0
2025/3/23 12:21,满大街都是吧,1
2025/3/23 12:52,车啊，买房没用,0
2025/3/23 12:54,先想着怎么清零,1
2025/3/23 12:56,买瓶水,0
2025/3/23 13:02,东莞我最少都看过二十辆了,0
2025/3/23 13:09,先买个辣条吃吃[看],0
2025/3/23 13:12,先买个早餐，垫垫肚子吧，晚上好睡觉[捂脸][看],0
2025/3/23 13:12,@Yy,0
2025/3/23 13:12,买个创可贴，每个月必须要用[看],0
2025/3/23 13:13,[宕机],0
2025/3/23 13:16,我这边湖南的一个十八线小城市出去逛街三小时都可以看到三四辆,0
2025/3/23 13:17,买个枕头[捂脸][OK],0
2025/3/23 13:21,先买两个馒头 在买瓶水吧  至少不用分期 这样搭配余额还是比较充足的,0
2025/3/23 13:21,买个面包都要考虑一下够不够[撇嘴],0
2025/3/23 13:23,饭也不够，买瓶娃哈哈吧,0
2025/3/23 13:24,买个饼,0
2025/3/23 13:27,@A @帅气猪飞飞,0
2025/3/23 13:28,买彩票吧,0
2025/3/23 13:29,这钱买个拼好饭都费劲[抠鼻],1
2025/3/23 13:43,我在柳州都看到好多辆了,0
2025/3/23 13:52,先买我，我三套房,1
2025/3/23 14:01,[偷笑][偷笑]我也是这样好纠结,0
2025/3/23 14:06,我小区这边至少都有5台，你那边没有就别带上全东莞好吧[暗中观察],1
2025/3/23 14:19,先买个盆,0
2025/3/23 14:23,买张彩票,0
2025/3/23 14:27,你要不买个棒棒糖在路边蹲着想,1
2025/3/23 14:32,完了  冲我来的,1
2025/3/23 14:40,@a希 [捂脸],0
2025/3/23 14:47,先买彩票[尬笑],0
2025/3/23 14:49,买根烤肠吃吧[酷拽],0
2025/3/23 14:58,买饭都费劲,0
2025/3/23 15:03,买瓶二锅头闷头睡，能力车子房子都有,1
2025/3/23 15:09,先睡觉,0
2025/3/23 15:11,哈哈哈哈哈,0
2025/3/23 15:12,买工业酒精，梦里啥都有，记得是工业酒精哦,1
2025/3/23 15:14,先养胃,0
2025/3/23 15:38,先买药[赞],0
2025/3/23 15:38,先去借钱,1
2025/3/23 15:45,买房车[看],0
2025/3/23 15:47,[看],0
2025/3/23 15:48,那还是先挂号吧[大笑],0
2025/3/23 15:49,@除了死 其余都是擦伤,0
2025/3/23 15:50,先吃饭[色],0
2025/3/23 15:53,买个甜啦啦都得犹豫半天,0
2025/3/23 15:59,建议还是先买米吧,0
2025/3/23 15:59,先买个烤肠吧[微笑],0
2025/3/23 16:04,我只想问，它们晕车吗？特别是坐电车。,0
2025/3/23 16:11,可以买四根烤肠耶,0
2025/3/23 16:30,先吃饱,0
2025/3/23 16:49,先买个彩票吧[看],0
2025/3/23 16:53,先买米吧[尬笑]买最便宜的那种，还能买个两三斤[赞],0
2025/3/23 16:53,买彩票也行[看],0
2025/3/23 17:05,先买个碗，街上一坐,0
2025/3/23 17:14,买副手套挣钱去,1
2025/3/23 17:19,你这余额买乐高都不够,1
2025/3/23 17:23,先活着,0
2025/3/23 17:41,我们小区才五百户人就有三辆[捂脸]，还是中低端小区[捂脸],0
2025/3/23 17:58,先睡觉吧，[呲牙],0
2025/3/23 18:06,先买辣条,0
2025/3/23 18:07,不止我都看到好多辆了,0
2025/3/23 18:08,哈哈哈哈哈[捂脸][捂脸][捂脸],0
2025/3/23 18:20,先买包辣条过过瘾得了,0
2025/3/23 18:21,我们这破县城都看到过好多次了,1
2025/3/23 18:23,这钱的话，我买嘎[微笑],0
2025/3/23 18:41,广州经常见,0
2025/3/23 18:44,先买单吧,0
2025/3/23 18:44,[色][玫瑰],0
2025/3/23 18:50,不，应该是先买烟，毕竟饭可以不吃，但没烟是真的难受[看],1
2025/3/23 19:06,先买瓶水吧兄弟,0
2025/3/23 19:19,先买个蜜雪冰城柠檬水降降火,0
2025/3/23 19:24,杭州 上海成街车了 到处都是,0
2025/3/23 19:32,你运气好[阴险],1
2025/3/23 19:33,[惊讶]有钱[色],1
2025/3/23 19:33,柳州有钱[色],1
2025/3/23 19:34,[捂脸],0
2025/3/23 19:35,让我难受[阴险],1
2025/3/23 19:35,哦[玫瑰],0
2025/3/23 19:36,不错[赞],0
2025/3/23 19:37,不会吧[阴险]，难道这苏7躲着我[捂脸],1
2025/3/23 19:38,那现在肯定又多一台了,0
2025/3/23 19:43,我们厂里就有两台[捂脸],0
2025/3/23 19:50,先睡觉,0
2025/3/23 19:54,买个充电器,0
2025/3/23 19:55,先买个枕头,0
2025/3/23 19:59,大把的 寮步这边出去随处可见[捂脸],0
2025/3/23 20:03,先睡觉去,0
2025/3/23 20:19,先买一个拼好饭吧,0
2025/3/23 20:27,买根散烟抽一口缓缓吧,0
2025/3/23 20:30,哪着火了？,0
2025/3/23 20:39,@离伴海 @没烦恼很幸福 @等风来 @宇宙探索编辑部,0
2025/3/23 20:41,看来还是不受欢迎吧,1
2025/3/23 20:44,先买跟淀粉肠[看],0
2025/3/23 20:44,先睡觉,0
2025/3/23 20:48,一天上下班路上都能碰到十辆,0
2025/3/23 21:07,[抠鼻][抠鼻][抠鼻]零钱买车，零钱通买房[坏笑],0
2025/3/23 21:07,今天刚看到[捂脸] su7 见多了 ultra第一次见 后面还跟这个保时捷两个应该是认识的[捂脸],0
2025/3/23 21:16,买点瓜子看别人开吧[微笑],0
2025/3/23 21:23,先买十一个仔仔棒吧兄弟,0
2025/3/23 21:23,我在四川一个小镇上都见了三四辆了[捂脸],0
2025/3/23 21:27,@彤锣烧21,0
2025/3/23 21:33,买房车[泪奔],0
2025/3/23 21:45,买瓶水,0
2025/3/23 21:46,先睡觉，梦里再慢慢考虑,0
2025/3/23 21:46,评论区选个好人嫁了吧[呲牙][玫瑰],0
2025/3/23 21:47,在梧州藤县家楼下见过一台紫色！在中山三乡公司也见过一台紫色的,0
2025/3/23 21:57,[捂脸],0
2025/3/23 22:30,买点馒头吧,0
2025/3/23 22:32,先买根棒棒糖吃吃,0
2025/3/23 22:39,先做美梦,0
2025/3/23 22:50,先修坟，毕竟是最终归属,0
2025/3/23 23:25,先买刮刮乐，搏一搏,0
2025/3/23 23:28,大声告诉我，友商是…[捂脸][捂脸][捂脸],0
2025/3/23 23:32,先买菜,0
2025/3/23 23:32,先攒点钱买张彩票吧[看],0
2025/3/24 0:02,买不了怡宝，买不了农夫山泉，买我们江西的润田就行[捂脸],0
2025/3/24 0:12,我觉得可以都买,0
2025/3/24 0:28,再批一个亿字上去就不纠结了[呲牙],0
2025/3/24 0:37,我觉得先买饼子，耐存放[捂脸],0
2025/3/24 0:41,买张彩票万一中了呢，都有了,0
2025/3/24 0:51,@?诉说,0
2025/3/24 0:56,还是先买面包吃吧[流泪],0
2025/3/24 1:03,先买一个棒棒糖，那样可以甜一天,0
2025/3/24 1:36,先买个烧饼吧[尬笑],0
2025/3/24 1:57,先买刮刮乐吧,0
2025/3/24 2:09,先吃饭吧,0
2025/3/24 2:48,先买个包子，撑过去[捂脸],0
2025/3/24 2:48,嫁给我，两样都给你准备好，不用头疼,0
2025/3/24 5:45,先嫁给我就不纠结了，车房孩子都有了[色],1
2025/3/24 6:40,还是先还花呗吧,0
2025/3/24 6:46,@美莹 哈哈哈哈,0
2025/3/24 6:46,先买纸巾,0
2025/3/24 6:46,@土豆小姐姐。,0
2025/3/24 7:35,去买个烤肠吃吃,0
2025/3/24 7:40,哈哈你先买个刮刮乐,0
2025/3/24 7:47,建议买房车,0
2025/3/24 8:15,买饭,0
2025/3/24 8:16,先买个素的手抓饼压压惊[奸笑][奸笑],0
2025/3/24 8:44,都买，7个亿怕什么,1
2025/3/24 8:59,先买包纸[看],1
2025/3/24 9:00,先买个早餐,0
2025/3/24 9:08,米和馒头，你只能选一样[看],0
2025/3/24 9:09,要不买个房车啥都有了,0
2025/3/24 9:09,先活着,0
2025/3/24 9:15,@? 先买坟墓,1
2025/3/24 9:16,先买瓶水吧，不然等下渴得不行[捂脸],0
2025/3/24 9:28,要不买点纸钱 给自己先存过去[捂脸][捂脸][捂脸]说不定还要有利息呢[泣不成声][泣不成声],0
2025/3/24 9:37,还能买散烟。我第一次听说[捂脸],0
2025/3/24 9:44,先睡觉,0
2025/3/24 10:10,@快乐小屎布 ^????^??,0
2025/3/24 10:20,再攒攒买个纯棉内裤吧,0
2025/3/24 10:24,哈哈[绝望的凝视],1
2025/3/24 10:27,哈哈哈哈哈哈哈哈哈哈哈哈哈哈,0
2025/3/24 10:33,先买包辣条吧[看],0
2025/3/24 10:39,不错  还会理财呢,0
2025/3/24 10:46,先买烟,0
2025/3/24 10:48,先买饭吃,0
2025/3/24 10:48,找活下去吧,1
2025/3/24 10:55,先买糖,0
2025/3/24 11:00,笑死我了,0
2025/3/24 11:10,先买瓶二锅头,0
2025/3/24 11:12,买个加肠加蛋的烤冷面吧,0
2025/3/24 11:18,先点个拼好饭吧[看],0
2025/3/24 12:08,先买棒棒糖，可以买好几个。,0
2025/3/24 12:14,先买包烟坐路边想想,0
2025/3/24 12:20,@????? 笑死我了,0
2025/3/24 12:27,先买房啊肯定是，有个小十块，可以在斗地主里面买个挺多欢乐豆的，然后抢地主去盖房子吧,0
2025/3/24 12:28,买双手套，工地搬砖有可能发家的,0
2025/3/24 12:33,先买桶泡面，等会别饿死了,0
2025/3/24 12:34,吃个兰州拉面，还要分期付款,0
2025/3/24 12:37,买包魔芋爽爽一爽,0
2025/3/24 13:02,先赚钱,0
2025/3/24 13:03,哈哈哈哈哈哈笑死我了,0
2025/3/24 13:25,买金针菇，循环使用[捂脸],0
2025/3/24 13:26,小朋友才做选择，成年人都要拿下[看],0
2025/3/24 13:37,我也纠结先还债还是先上征信。,0
2025/3/24 13:40,先买药,0
2025/3/24 13:59,先买盒[哈欠],0
2025/3/24 14:15,先买双色球,0
2025/3/24 14:45,一起买，再高彩礼娶个媳妇儿，然后一起还[抠鼻],1
2025/3/24 15:07,先买点散装姨妈巾，不然到时候尴尬??[暗中观察],1
2025/3/24 15:13,买个房车[灵机一动][灵机一动][灵机一动],0
2025/3/24 15:15,小鱼还行，大鱼必须绑外边,0
2025/3/24 15:21,先买水[泪奔],0
2025/3/24 15:24,先睡觉吧,0
2025/3/24 15:33,军，我只是说钓鱼的鱼放进去。没说还加水啊[捂脸],0
2025/3/24 16:02,都不要,1
2025/3/24 16:39,先买个袋装泡面吧,0
2025/3/24 16:54,先买个包子垫垫肚子[捂脸],0
2025/3/24 17:01,先睡觉，睡着了好做梦,0
2025/3/24 17:04,先活着[看],0
2025/3/24 17:19,买个柠檬水，压压惊,0
2025/3/24 17:21,先买个铺盖吧[听歌],0
2025/3/24 17:50,@swift,0
2025/3/24 17:56,先买个馒头吃饱了,0
2025/3/24 18:02,炒米饭还是炒饼丝,0
2025/3/24 18:02,买假酒喝了梦里啥都有了,0
2025/3/24 18:02,买九袋魔芋爽，爽一下得了[鼓掌],0
2025/3/24 18:08,都拿下！小朋友才做选择，成年人全都要[尬笑],0
2025/3/24 18:38,先充话费充电吧，要不然抖音都刷不到了[尬笑],0
2025/3/24 18:41,买个甜筒??吧第二个半价,0
2025/3/24 19:19,这点买个卫生巾都不够～[暗中观察],1
2025/3/24 19:37,先睡觉,0
2025/3/24 19:42,买包餐巾纸擦擦泪水[泪奔][泪奔],1
2025/3/24 19:43,年轻人才做选择题,0
2025/3/24 19:55,先给我买包烟[比心],0
2025/3/24 20:50,先贷款[捂脸],0
2025/3/24 21:38,先把电充满吧,0
2025/3/24 21:44,都买,0
2025/3/24 21:55,车子是消耗品，房子只是暂时的港湾，坟才是最后的归宿！先买坟！贷款买！,1
2025/3/24 21:56,先买养老金。,0
2025/3/24 22:02,先买大饼[干饭人][干饭人],0
2025/3/24 22:03,先买票,0
2025/3/24 22:08,[尬笑],0
2025/3/24 22:19,两两斤米吧,0
2025/3/24 22:28,转给我，买个教训,1
2025/3/24 22:35,@訄譜圊姩,1
2025/3/24 23:26,？为啥不都要？,0
2025/3/24 23:48,现在法律对这些超速醉驾处罚太轻了,0
2025/3/24 23:54,买瓶水解解渴[捂脸],0
2025/3/25 0:00,我的笑点在，生活已经很美好了[泪奔][泪奔][泪奔][泪奔][呲牙][呲牙],0
2025/3/25 0:02,@牛牛?,0
2025/3/25 0:06,先吃饭[捂脸],0
2025/3/25 0:10,买个泡面,0
2025/3/25 0:15,又不是只有小米才能到170，而是开小米的人[尬笑],0
2025/3/25 0:18,178 不知道死的鬼…!十几年驾龄了，越开胆越小，高速都不超速!,1
2025/3/25 0:28,先洗洗睡吧,0
2025/3/25 1:15,都躲着点吧，速度堪比千万级豪车，质量还特别硬，价格也不高，车主都是一帮爱冒险的小伙，怼上就算你做车里也未必能全乎,1
2025/3/25 1:16,我不敢想象，在一个平常的夜晚我就出去吃个夜宵的路上，突然出现一辆接近两百时速的汽车撞对我是多么可怕的事情[感谢][感谢][感谢][感谢][感谢][感谢][感谢],0
2025/3/25 1:30,买啥饭，你买个我看看，我建议什么贵买什么,1
2025/3/25 1:45,说实话，雷军让普通人能有机会享受到富豪座驾的品质，却低估了这些人的敬畏之心，很少看到豪车在公路狂飙第一个，他们有钱去赛车场，第二，他们对速度有敬畏！但是，让一些没有这种认知的人享受这样的车，却变成了别人的催命符。,1
2025/3/25 3:04,买个枕头,0
2025/3/25 3:11,赞赞先买彩票，中奖了啥都会有的[捂脸],0
2025/3/25 3:29,拼好饭里面可以挑一下,0
2025/3/25 4:33,哎，当马力开始极度廉价，就会有一群自命不凡的年轻人觉得自己能够驾驭洪荒猛兽，不知道又要有多少人落泪。车没问题，但我太懂鬼火少年了。,1
2025/3/25 6:37,我敢说你们绝对不会在买第二次,1
2025/3/25 7:05,一包盐，几包榨菜,0
2025/3/25 7:07,先贷款吃饭吧,0
2025/3/25 7:23,先还安逸花[暗中观察],0
2025/3/25 8:07,他最多只能买馒头,0
2025/3/25 8:23,低配的驾驶员配不上高配的车[看],1
2025/3/25 8:34,想不明白做那么大马力有什么意思,0
2025/3/25 9:06,"你买了一把很牛自动步枪，你不会只观赏。
必定会拿着它猎杀，因为它的诞生就是杀戮！！
你买了一个动能1500匹的车，你必定不会当作私家车开，但十次车祸9次快，还有一次是意外的定律。
买这种廉价确有超级跑车动能车的年轻人，必定出事概率大幅度的提高！！[九转大肠]
这就叫做：善骑者坠于马，善饮者醉于酒，善战者役于杀！！[感谢]没有绝对的自控能力，确想飙车寻求刺激的，必出祸端。[感谢]",1
2025/3/25 9:06,先睡觉,0
2025/3/25 9:16,沈阳交警还是客气了[捂脸],0
2025/3/25 9:17,先买房吧我觉得[看],0
2025/3/25 9:56,[捂脸][捂脸][捂脸]玩吧，以后车机数据连接国安数据就老实了，市区锁80高速锁120,0
2025/3/25 10:00,让他开到国道来我只能做到这了,0
2025/3/25 10:24,别纠结，先买水吧[捂脸],0
2025/3/25 11:01,你们标题都这么起的？什么叫小米su7狂飙撞的，它会自己跑？[看],1
2025/3/25 11:09,先吃饭,0
2025/3/25 11:54,才意识到小米su7是那种可以参加比赛的跑车啊[流泪],0
2025/3/25 11:55,买个肉夹馍都不够[泪奔],0
2025/3/25 12:25,先买个包子把早餐吃了[捂脸],0
2025/3/25 12:26,先讨饭,1
2025/3/25 12:30,车吧，房子还得装修各种东西很废时间的不一定能立马居住,0
2025/3/25 12:34,先睡觉[赞],0
2025/3/25 12:44,先买个碗,0
2025/3/25 13:04,小米su7最低配的是车主，这句话的含金量还在上升[泪奔],0
2025/3/25 13:12,20万的车你给弄个赛车速度能给你相应的配置吗[捂脸],0
2025/3/25 13:29,@??哈 里?? 笑死我了,0
2025/3/25 13:29,买辣条[呲牙],0
2025/3/25 13:46,简单[看]买个蜗牛??你就有个小房子[看]再买象棋那里面红色黑色车各两辆,0
2025/3/25 13:50,先活着[看],0
2025/3/25 14:50,下楼买两包泡面吧[黑脸],0
2025/3/25 14:52,上边买车 下边买房[舔屏],0
2025/3/25 15:12,压根不限马力,0
2025/3/25 15:14,车牌没漏为啥那么肯定他的车[捂脸],0
2025/3/25 15:17,你买凹茶我跟我[灵机一动],0
2025/3/25 15:19,小米要是出个10万左右的车就好了,0
2025/3/25 15:21,买个糖吧,0
2025/3/25 15:24,用的还是特斯拉的文案,0
2025/3/25 15:25,马力太大，玩具车就不要管油耗电耗了[捂脸],0
2025/3/25 15:36,绞尽脑汁都给你出不了注意,0
2025/3/25 16:00,性能车要续航，续航车要性能[捂脸],0
2025/3/25 16:17,先买一个馒头   我怕你饿4??[流泪][流泪][流泪],0
2025/3/25 16:25,都挺好，就是卖的太便宜，有点钱的都能买,0
2025/3/25 16:37,先赚钱吧[捂脸][捂脸][捂脸],0
2025/3/25 17:01,说也不让说了[捂脸],1
2025/3/25 17:13,先上班吧,0
2025/3/25 17:25,先买棒棒糖,0
2025/3/25 17:26,我那天去大朗中国银行哪里去办业务一天路上就遇到了十几辆 更别说全东莞了,0
2025/3/25 17:28,楼下转一圈算了,0
2025/3/25 17:33,哈哈,0
2025/3/25 17:33,先买个不锈钢饭盆，以后啥都有了[泪奔],0
2025/3/25 17:34,不是小米撞了人，是那个车主撞了人，刀在有的人手里只是切水果，而在有的人手里却可以sha人,1
2025/3/25 17:47,花都的我一个朋友，当时跳车了，不然真的要被撞死[捂脸],0
2025/3/25 18:15,先转给我，我帮你想[九转大肠],0
2025/3/25 18:18,人拿刀杀人你怪刀？,1
2025/3/25 18:28,小米知道，用了大了很多马力赢了保时捷，还有很多需要向他学习，我相信雷总能行。而你华子，把租车的暴力驾驶赔偿赔了吧。奔驰应该说：真正的尊，何须靠“租”[看]更加应景,1
2025/3/25 19:31,先买个炒饭吧，吃饱了才有力气想其他的[尬笑],0
2025/3/25 19:44,先买根棒棒糖哄自己睡觉[看],0
2025/3/25 19:46,@翻斗花园显眼包,0
2025/3/25 20:08,先贷款吧,0
2025/3/25 20:12,刚刚在武汉高架遇到的未挂牌，涂装测试车 跑的嘎嘎快估计到 100 了 一眨眼就没了[捂脸][捂脸][捂脸][捂脸],0
2025/3/25 20:28,你先吃饱饭[惊讶],0
2025/3/25 20:48,先买可乐然后买泡面,0
2025/3/25 20:56,"朋友：听说你买新车了？
车主：嗯，小米SU7
朋友：你车呢？
车主：上班去了，一个月4500，税后
朋友： [石化] 
车主：而且回来还是新车，没上牌的那种。
朋友： [石化]  [石化]  [石化]",0
2025/3/25 21:07,先买命[泪奔],0
2025/3/25 21:14,先别买,0
2025/3/25 21:20,上面的零钱买房，下面的零钱通买车,0
2025/3/25 21:30,先买方便面,0
2025/3/25 21:45,买杯蜜雪冰城吧,0
2025/3/25 21:54,零钱通买车，零钱买房。不用纠结??,0
2025/3/25 22:53,先买包烟[比心],0
2025/3/25 22:55,买杯蜜雪柠檬水冷静一下,0
2025/3/25 23:03,先睡觉,0
2025/3/25 23:04,买瓶矿泉水，冰的最好，浇醒自己[比心],0
2025/3/25 23:13,一个品牌总想着拉踩别人，得到的是奔驰的讽刺，接着就爆出了丑闻。 另一个是纽北刷圈超越，但说话谦逊，得到的是保时捷的赞美，保时捷也说我们下一赛道见。足以看见了保时捷的重视。 高下立判,1
2025/3/25 23:19,要不我给你发个0.81的红包，让你先去买张彩票？搏一搏，单车变摩托,0
2025/3/25 23:20,先睡觉。可以来盒安眠药。不然剧情一旦发展起来睡得时间太短影响心情[呲牙],0
2025/3/25 23:20,屯点白菜吧,0
2025/3/25 23:20,先买个馒头填饱肚子,0
2025/3/25 23:31,先买杯蜜蜜[尬笑],0
2025/3/25 23:31,为啥叫尊界不叫华为呀[看],0
2025/3/25 23:32,@如初,0
2025/3/25 23:32,国内在安全行驶意识上，确实还有很大的进步空间，很多人估计都不知道每天有多少交通事故，死亡多少人。这里科普一下，平均一天可能有数万交通事故（交强险出险率10％推算），导致死亡450人（国家统计年鉴卫健委死亡率统计推算，见附图），这远高于一些注重安全驾驶的发达国家，所以大家安全意识更强，是可以做到更好的，这起交通事故有热度也算是很好的警示，希望大家都能更注重安全驾驶。,0
2025/3/25 23:42,先买瓶水[抠鼻],0
2025/3/25 23:48,先买个钻石糖当奶嘴回到小时候，享受这比巨款,0
2025/3/25 23:50,先买饭[求抱抱],0
2025/3/25 23:53,先打开拼好饭,0
2025/3/25 23:57,先买馒头吧[捂脸],0
2025/3/26 0:03,买瓶水都差几角 靠边靠边[捂脸],1
2025/3/26 0:04,先买拼好饭,0
2025/3/26 0:07,先借我0.26元，我凑个2元，买瓶水喝，渴了,0
2025/3/26 0:34,先买教训,1
2025/3/26 1:30,"100度电池，两个485kW电机加一个275kW电机,有没有人算一下续航？",0
2025/3/26 1:44,你先挣钱吧[看],1
2025/3/26 2:00,买米[捂脸],0
2025/3/26 4:01,先睡一觉,0
2025/3/26 7:07,房吧，房不需要电池,0
2025/3/26 7:15,先卖肾[酷拽],1
2025/3/26 7:21,预判了我的预判,0
2025/3/26 7:40,先买保险吧[呲牙],0
2025/3/26 8:29,先活着吧,0
2025/3/26 8:56,买馒头能买10个和两瓶一元的水、两天餐食搞定,0
2025/3/26 8:59,先买豆浆油条,0
2025/3/26 9:02,其它车牌，销售讲一大堆，去小米买车，不用讲直接安排车，我已经听过销售讲过了。,0
2025/3/26 9:06,先买饼[呲牙],0
2025/3/26 9:06,这还用考虑。车是消耗品，房是必需品。,0
2025/3/26 9:07,算了，当我没说。[看],0
2025/3/26 9:28,[黑脸]这个弹幕笑死我了,0
2025/3/26 9:29,这兄弟说的对，记得美团在抢个膨胀包，不然只能吃半饱,0
2025/3/26 9:42,买饭都不够[笑哭],0
2025/3/26 9:54,先买水饿了喝水,0
2025/3/26 10:03,你这是个梗，可是我真买了房[流泪]当时负债17万，现在负债170万,0
2025/3/26 10:05,@一张沅沅的钥匙,0
2025/3/26 10:09,@超级无敌暴龙战士,0
2025/3/26 10:10,[听歌][听歌][听歌][听歌],0
2025/3/26 10:15,买碗热干面吃吃得了,0
2025/3/26 10:16,果然高学历创业就是不一样[黑脸]平等的创死每一行[泪奔],1
2025/3/26 10:19,先买个洋芋粑填饱肚子[灵机一动],0
2025/3/26 10:35,建议先买个泡面[看],0
2025/3/26 10:36,能不能做小米奶茶，让我们喝的放心[泪奔],0
2025/3/26 10:44,多买水，不吃饭只能3天，多喝水能抗7天,0
2025/3/26 11:35,保时捷：请苍天 辨忠奸啊,1
2025/3/26 11:36,买我，我什么都有了[耶],0
2025/3/26 11:36,先买蜜雪,0
2025/3/26 11:38,先买自由[捂脸][捂脸][捂脸],0
2025/3/26 11:44,借一块钱买张彩票,0
2025/3/26 11:54,买包盐吧，先解决刚需[捂脸],0
2025/3/26 11:55,先买包烟吧,0
2025/3/26 12:00,买个蜜雪冰淇淋甜一下得了,0
2025/3/26 12:02,先买安神片睡一觉做个好梦,0
2025/3/26 12:09,先买一袋泡面,0
2025/3/26 12:22,拼好烦都得思考,0
2025/3/26 12:38,买瓶可乐乐一下就行了，还要坐公交车回家呢,0
2025/3/26 12:43,@1。 先买奶茶吧哈哈哈,0
2025/3/26 12:44,先给手机充电,0
2025/3/26 12:45,先买两个洋芋粑[害羞],0
2025/3/26 12:46,保时捷：他说的全是我的词啊                                            雷总：这玩意谁拿算谁的,0
2025/3/26 12:47,先睡觉吧,0
2025/3/26 12:49,先存着吧[呲牙],0
2025/3/26 12:54,先转给我，给你买个教训,1
2025/3/26 12:57,没车可以开别人的，没房住别人的总感觉不是个事,1
2025/3/26 12:58,先买俩包子吃饱了，再来瓶老大吃好喝好，睡去吧[微笑],0
2025/3/26 13:01,可以买包橡皮泥儿捏捏[闭嘴],1
2025/3/26 13:03,谈个男朋友不是车也有了，房也有了，余额还会变长,0
2025/3/26 13:03,建议先想象[比心],0
2025/3/26 13:05,先整两口续续命得了[憨笑][强壮],0
2025/3/26 13:07,可以买个夏威夷果住进去，先歇歇脚[黑脸],1
2025/3/26 13:14,@刺猬，你好！！！ @究竟是一场空 [大笑],0
2025/3/26 13:16,@贪吃鬼zm [不失礼貌的微笑],0
2025/3/26 13:22,先买菜,0
2025/3/26 13:23,还可以买两斤米[动动脑子],0
2025/3/26 13:27,先买包辣条[害羞],0
2025/3/26 13:57,先买馒头,0
2025/3/26 14:01,哈哈哈哈哈哈哈1.9买什么饭吃啊[流泪],0
2025/3/26 14:03,买根香许愿比较合适,0
2025/3/26 14:04,别纠结都买了吧,0
2025/3/26 14:22,先买米吧,0
2025/3/26 14:24,先买馒头,0
2025/3/26 14:25,先贷款买房，然后再抵押买车。再把车抵押泡妞，零元你将拥有房子，车子和老婆,1
2025/3/26 14:32,先去多捡几个瓶子，然后一起买,1
2025/3/26 14:42,农夫都要两块,1
2025/3/26 14:42,雷总真的方方面面 把友商当日本人整哈哈哈哈哈哈哈啊哈哈哈哈哈哈哈哈哈哈,1
2025/3/26 14:44,拼好饭[看],0
2025/3/26 14:47,都买吧，都快清明了，不烧点下去求祖宗保佑,1
2025/3/26 14:55,上面的买房，下面的买车[尬笑],0
2025/3/26 14:57,买4注彩票,0
2025/3/26 15:00,先荒野求生[送心],0
2025/3/26 15:03,先买半斤小米,0
2025/3/26 15:05,以前就好多改装雅马哈，现在就直接50几万1500匹，大把人飞车了，飞车的成本低廉,0
2025/3/26 15:06,先买包盐,0
2025/3/26 15:07,@RRR.,0
2025/3/26 15:07,先买碗泡面吃吧 吃了再想下顿吃啥,0
2025/3/26 15:11,别买饭别信他们，买个彩票搏一搏好了,1
2025/3/26 15:12,先活下去,0
2025/3/26 15:14,买床厚一点被子吧 是不是着凉发烧 烧糊涂了[噢买尬][噢买尬],0
2025/3/26 15:22,[大笑][大笑][大笑],0
2025/3/26 15:39,我也是开电车的，领克z10，不是顶配没有加入百公里三秒俱乐部，即使这样百公里也5秒了，其实真的很夸张，说实话很多人根本就驾驭不了大马力的车，又菜又爱玩极其不负责任，要有敬畏之心，对自己和家人以及所有陌生人负责，马路是你的也是大家的，公共安全一定要遵守。,0
2025/3/26 15:45,[笑哭],0
2025/3/26 16:00,买个茶叶蛋吧,0
2025/3/26 16:05,先买一把面顶几天吧[捂脸],0
2025/3/26 16:06,@紫陌尘ik紫 @Pilriw.^ 哈哈哈哈[捂脸],0
2025/3/26 16:11,先买一盘花生米或者毛豆下酒吧,0
2025/3/26 16:14,雷军:创业创死各行各业,0
2025/3/26 16:17,买瓶甜水躺床上刷抖音[尬笑],0
2025/3/26 16:20,先买彩票吧！,0
2025/3/26 16:21,先睡觉,0
2025/3/26 16:28,先买张彩票,0
2025/3/26 16:47,还有理财呀[赞],0
2025/3/26 16:53,你纠结和嘚呀，你买顿饱饭估计都够呛,1
2025/3/26 17:10,先买两个馒头顶住吧,0
2025/3/26 17:11,买几张彩票碰碰运气，如果运气好也可能两个一起买,0
2025/3/26 17:12,先买西北风[比心],0
2025/3/26 17:30,先睡觉,0
2025/3/26 17:34,多买几个枕头[微笑],0
2025/3/26 17:48,还是先考虑今晚上的饭吧[看],0
2025/3/26 17:52,先买电 手机快没电了,0
2025/3/26 17:54,买包红塔山,0
2025/3/26 18:04,先还花呗[看][看][看],0
2025/3/26 18:05,先买个面巾纸吧,0
2025/3/26 18:15,买套煎饼果子都难,0
2025/3/26 18:24,@z,0
2025/3/26 18:29,先买彩票,0
2025/3/26 18:32,7.97吃个中午饭都要掂量一下,0
2025/3/26 18:37,先买个枕头,0
2025/3/26 18:50,梦里啥都有,0
2025/3/26 18:51,先睡吧朋友,0
2025/3/26 19:07,买不起买不起,0
2025/3/26 19:14,先买两个馒头吃饱再说[捂脸],0
2025/3/26 19:23,多下楼走走,0
2025/3/26 19:36,要不先买个 房车[比心],0
2025/3/26 19:40,先别买，先转给我。,1
2025/3/26 19:43,20多年的驾龄了，我从来没有一脚刹停的经验，也不敢一脚刹停，人的本能是先考虑自己安全，高速我都是快速点刹提醒后车，我敢保证不追别人，但不敢保证别人不追我啊。,0
2025/3/26 19:46,以后就说小保捷,0
2025/3/26 19:55,千匹太夸张了，一般人根本就不能够操控这种性能怪兽。之前改车，玩过一个改装厂老板的a45，轮上能到500多匹，破百3秒多，一脚油门下去干到180，脑袋都是懵的，纯靠本能在控制车，提速跟极速都不是普通人能够驾驭的，更不要说这种千匹怪兽，我建议ultra学习布加迪给两把钥匙，第一把就普通的锁马力，给个4-500匹，可玩性已经很高了，第二把钥匙需要申请，比如购买保险，免责协议等等，玩车不玩快。,0
2025/3/26 19:57,不应该是买支袜子吗？,0
2025/3/26 19:57,我在贫困县都看见了4辆[捂脸],0
2025/3/26 20:00,保时捷=高端A货,1
2025/3/26 20:05,先买饭,0
2025/3/26 20:07,保时捷：????雷军：??,1
2025/3/26 20:12,哈哈哈哈哈哈哈哈哈哈，笑死了救命,0
2025/3/26 20:26,这边建议先做在线定向投资，这不每天的固定收入就有了,0
2025/3/26 20:29,建议先买张彩票再考虑别的??,0
2025/3/26 20:33,这边建议先买个女朋友吧，再给女朋友送点彩礼，然后再买个车，买个房,1
2025/3/26 20:40,先保命[九转大肠],0
2025/3/26 20:45,买个手抓饼,0
2025/3/26 20:54,买瓶娃哈哈吧孩子,0
2025/3/26 20:55,有人记得当年保时捷总裁看到众泰的表情吗？,0
2025/3/26 21:01,电车初始力量太大零百速度太快会让人对速度失去感觉ae888的高尔夫自重1吨马力180推重比也就180呗一般人都驾驭不了，三吨千匹推重比300多在加上本身车子重对操作者基本功要求还高两个buff一叠可不老出事[捂脸],0
2025/3/26 21:02,洗洗睡,0
2025/3/26 21:04,买个梦想,0
2025/3/26 21:13,先买两包辣条,0
2025/3/26 21:19,[捂脸],0
2025/3/26 21:20,@吉1.m @无敌奥特曼大王,0
2025/3/26 21:32,先活着吧,0
2025/3/26 21:39,买个榔子(￣～￣)嚼！,0
2025/3/26 21:49,买两个馒头先啃着，再睡觉，梦里啥都有,0
2025/3/26 21:52,买俩棒棒糖??,0
2025/3/26 21:52,@星时 哈哈哈哈哈,0
2025/3/26 21:55,有天晚上，大雨滂沱，一辆众泰SR9和一辆小米su7砰的一声相撞了，但两车的车主却迟迟不敢下车，双方都以为撞了保时捷，最后发现真相，二人相拥而泣，相见恨晚，遂引为知音。[看][看][看],0
2025/3/26 21:58,先买份炒饭吃吧,0
2025/3/26 22:02,你把这钱发给我，合伙买个彩票车房都有,1
2025/3/26 22:07,先买8+1，刚刚好够,0
2025/3/26 22:13,还知道理财，一个鸡蛋不放在一个篮子[赞],0
2025/3/26 22:14,先买盐,0
2025/3/26 22:15,先买个彩票吧，毕竟这么多年都没涨过价，也算是良心价了！,0
2025/3/26 22:25,@??????????包包包 @李七夕（25岁ver.） @麦兜的橙子 太纠结了,0
2025/3/26 22:25,先买彩票,0
2025/3/26 22:34,买3张大乐透  有机会,0
2025/3/26 22:37,先养活自己,0
2025/3/26 22:41,这车虽然是纯电  但是确实够牛逼了  百公里加速才1.98秒  普通版的小米SU7百公里5.7秒  MAX百公里加速2.78秒  我去试驾了最低配的  6 秒就破百  推背感十足  可想而知1.98秒什么概念,0
2025/3/26 22:43,发给我，买个教训[黑脸],1
2025/3/26 22:46,宝马530开过210码，刹车踩下去没有明显的反应，到180以下刹车才体现出灵敏度，但踩下去车有一点抖，毕竟这是民用车的刹车系统，还是慢点开吧[捂脸][捂脸],0
2025/3/26 22:49,车子只是消耗品，房子只是暂时的港湾，坟才是最后的归宿！而且你看古代的皇帝活着就开始修陵寝，所以听哥的，先买坟…,1
2025/3/26 22:58,[笑哭],0
2025/3/26 23:11,他说了一句话，我觉得他真的是个为人民着想的企业家！他说就是要再 各个行业去做，并且价格也要比他们低，这样他们才会有危机感 真的让我觉得他超伟大,0
2025/3/26 23:12,先买份拼好饭,0
2025/3/26 23:14,先做个梦[宕机],0
2025/3/26 23:14,你这点巨款放在五十年前算是中农,0
2025/3/26 23:19,买车房都不用开了[看],0
2025/3/26 23:23,先买支探热针,0
2025/3/26 23:23,挂号都是个问题,0
2025/3/26 23:24,买杯打折奶茶压压惊吧,0
2025/3/26 23:26,先买包盐吧[捂脸],0
2025/3/26 23:28,买几瓶啤酒。喝完了睡一觉。,0
2025/3/26 23:30,买车你会开心，买房你会闹心。[捂脸],0
2025/3/26 23:35,不建议买房不划算,0
2025/3/26 23:35,@麦舅,0
2025/3/26 23:36,先买几个包子填饱肚子[捂脸],0
2025/3/26 23:37,转给我 明天我添点钱 买份早饭送给你。,0
2025/3/26 23:42,先买个不锈钢盆,0
2025/3/26 23:43,先买打火机,0
2025/3/26 23:47,"首先车主肯定是错了，另外死者绝对是无辜的
其次150公里的时速跟1000匹马力只有加速快慢的关系，没有能否达到的关系，但凡是这几年出的车时速能达到150公里是基本吧，那按主持人的说法就不应该出现能达到150公里时速的车，跟匹数关系不大吧，错的是开车的人，而不是车本身，偷换概念了",0
2025/3/26 23:52,买两根棒棒糖回家吧[暗中观察],0
2025/3/26 23:55,先打螺丝,1
2025/3/27 0:00,雷军：友商是xx含金量还在提升,1
2025/3/27 0:04,先买彩票,0
2025/3/27 0:06,先买包纸巾[捂脸],0
2025/3/27 0:14,@8.14. @@流子 哈哈哈哈哈哈,0
2025/3/27 0:15,先买煎饼乖,0
2025/3/27 0:20,我们很多东西都是这么被国外先注册版权的啊！！！！注册的好！！！！想起雷总说的，干就完了！！！智慧！！！！,0
2025/3/27 0:26,老夫认为先到医院急诊科挂个号，饿晕抢救不排队[暗中观察],0
2025/3/27 0:30,先买个棒棒糖嗦吧嗦吧,0
2025/3/27 0:33,哈哈确实，不够吃个过油肉拌面[捂脸],0
2025/3/27 0:36,还是买根棒棒糖吧,0
2025/3/27 0:46,先睡个觉吧[赞],0
2025/3/27 0:47,先买一包魔芋爽，脆脆的[黑脸],0
2025/3/27 0:51,先买个大饼,0
2025/3/27 0:55,先买几斤散面，撑几天,0
2025/3/27 1:04,买点云南的菌子，吃完躺床上清想了,0
2025/3/27 1:06,先嫁人，车子房子都有了[比心],0
2025/3/27 1:13,我们学校里就有一辆[抠鼻][抠鼻],0
2025/3/27 1:16,我都看到有十几辆了[微笑]尤其是之前做年例的时候，更多[微笑],0
2025/3/27 1:21,先买刀，有了武器才是人生开始,1
2025/3/27 1:29,笑死，我以为专利是永久性的呢[我想静静][我想静静][我想静静],0
2025/3/27 1:34,买包魔芋爽爽一下得了,0
2025/3/27 1:36,听话 咱先睡觉做个梦[捂脸][捂脸],0
2025/3/27 1:41,买瓶矿泉水把自己喝醉,0
2025/3/27 1:54,@Fallinsane @來 @挪来巧克力餐包,0
2025/3/27 1:59,先买个枕头[笑哭][笑哭][捂脸],0
2025/3/27 2:08,先买块腐乳，然后打晕自己。,1
2025/3/27 2:25,所以以后大马力的车应该由后台控制速度，根据不同的区域，程序控制不同的速度，想开快也开不快。,0
2025/3/27 2:36,先找人包了吧[看],1
2025/3/27 2:49,买房车,0
2025/3/27 3:14,先买盒,1
2025/3/27 3:15,雷军：手慢无哈,0
2025/3/27 3:58,买几斤米煮粥够吃到1号发工资[捂脸],0
2025/3/27 4:30,先买早餐[思考],0
2025/3/27 6:25,先买个地瓜,0
2025/3/27 6:46,先买彩票[发呆][发呆],0
2025/3/27 7:07,先睡觉,0
2025/3/27 7:11,先睡觉[呲牙],0
2025/3/27 7:12,看看有没有红包，先整个麻辣烫呢[捂脸],0
2025/3/27 7:29,买泡面,0
2025/3/27 7:32,先想想下一顿饭[哈欠],0
2025/3/27 7:38,先喝口水,0
2025/3/27 7:44,先买早餐[捂脸][捂脸],0
2025/3/27 7:47,先睡觉,0
2025/3/27 7:57,先充电，乖，不然没电了饭都没得吃了,0
2025/3/27 8:03,哈哈哈哈哈哈,0
2025/3/27 8:05,先睡觉[灵机一动],0
2025/3/27 8:07,@Xia??,0
2025/3/27 8:13,先买个茶叶蛋吧。,0
2025/3/27 8:22,“那不是篮球，那是乒乓球拍。”,0
2025/3/27 8:23,不是应该先嫁人嘛,0
2025/3/27 8:24,搞包烟，边抽边想,0
2025/3/27 8:26,买瓶矿泉水，呲脸上,0
2025/3/27 8:26,先去买菜，过了七点打半价[捂脸][捂脸],0
2025/3/27 8:26,先买5元刮刮乐，100w在后面,0
2025/3/27 8:34,打个车都费劲[捂脸],0
2025/3/27 8:48,先买瓶水，再买包泡面[捂脸],0
2025/3/27 8:50,先活下去，以后啥都有了,0
2025/3/27 8:54,先买包辣条,0
2025/3/27 8:55,先活着,0
2025/3/27 9:00,听话，买个烧饼垫垫肚子[尬笑],0
2025/3/27 9:02,买根冰棍清醒清醒[看],0
2025/3/27 9:07,先买小米吧，那个对胃好,0
2025/3/27 9:09,买根辣条一天吃一小块，[捂脸],0
2025/3/27 9:10,买杯蜜雪冰城就可以了,0
2025/3/27 9:13,哪里的蛋炒饭这么便宜？,0
2025/3/27 9:14,粤西[惊讶],0
2025/3/27 9:18,买早餐别买豆浆,0
2025/3/27 9:18,先活着吧[泣不成声][泣不成声][泣不成声],0
2025/3/27 9:24,买个棒棒糖吧先，然后你就不用纠结了[捂脸],0
2025/3/27 9:31,先买双手套吧，,1
2025/3/27 9:39,@3M,0
2025/3/27 9:46,雷总：手慢无[玫瑰],0
2025/3/27 9:48,不用纠结，先做梦，梦里啥都有,0
2025/3/27 9:49,买杯蜜雪滨城,0
2025/3/27 9:51,买菜都够呛，乖我们别想那么多[捂脸],0
2025/3/27 9:57,此刻的军儿[吐舌],0
2025/3/27 10:04,先买房，可以0首付，我再反你1万块[看],0
2025/3/27 10:08,你还是先买俩馍头啃啃，吃饱了再想想怎么赚钱[偷笑],0
2025/3/27 10:08,你这余额吃顿饱饭都奢侈 别想那么多了,1
2025/3/27 10:09,先买一根白沙压压惊吧,0
2025/3/27 10:12,我会先买墓地,1
2025/3/27 10:23,先吃饭吧,0
2025/3/27 10:24,先买魔芋爽,0
2025/3/27 10:32,先活着[捂脸],0
2025/3/27 10:40,零钱买车零钱通买房,0
2025/3/27 10:42,先买雨衣吧！,0
2025/3/27 10:47,买瓶水[黑脸]能撑几天,1
2025/3/27 10:48,先洗脸,0
2025/3/27 10:50,你说他金铲铲菜，他是真的要和你辩一辩[看],1
2025/3/27 10:50,如果我有钱，冲着雷总这给的情绪价值也要去买[看],0
2025/3/27 10:53,买房[尬笑],0
2025/3/27 11:01,现在知道哪个赛道见了,0
2025/3/27 11:08,[赞][赞],0
2025/3/27 11:21,先睡觉吧,0
2025/3/27 11:28,你这种情况要先贷款[呲牙][呲牙],1
2025/3/27 11:29,先买杯冰冰凉,0
2025/3/27 11:37,还是先来我家买束花吧[看],0
2025/3/27 11:38,市区超速肯定有责任，拖鞋开车也有安全风险。该罚！仔细看视频，机动车道与非机动车道中间是被绿化隔离的。有关的法律法规也好，有关的地方部门也好。是不是也应该对于这种电动车乱象大力整治。,0
2025/3/27 11:41,七块买车一块买房,0
2025/3/27 11:48,买瓶哇哈哈先[尬笑],0
2025/3/27 11:57,让4S店和开发商竞拍，谁能给出零首付就买谁的,0
2025/3/27 12:06,作为Tancay第一批车主真的有点生气 真的越看越像小米 [捂脸],1
2025/3/27 12:14,买馒头吧，可以吃两天,0
2025/3/27 12:19,先活下去,0
2025/3/27 12:21,买两个馒头路边蹲着去,0
2025/3/27 12:21,这有什么问题吗？他说的没有人花30w买su7，又不是说买su7 ultra。[不是吧],0
2025/3/27 12:22,先买馒头,0
2025/3/27 12:23,@敷衍,1
2025/3/27 12:24,哈哈，正想说这个，还是先买饭实在一些,0
2025/3/27 12:24,我的班主任是雷军，[赞][赞][赞]，这招牌,0
2025/3/27 12:31,这么纠结 那转给我吧 这样就不纠结了[比心],0
2025/3/27 12:40,先买包盐拌饭吃，吊着命，总有下一代买房买车的,1
2025/3/27 12:40,先捡个碗[捂脸],0
2025/3/27 12:43,小米系统应该限速非赛道，不能给开这么多马力的。。就算你培训过赛道，在紧急情况下也有可能踩错，或者盲区，都可能撞上去反应不过来。,0
2025/3/27 12:51,可以先买肠[比心],0
2025/3/27 12:54,雷军班分太高了，有没有400分的红米班[流泪],0
2025/3/27 12:55,谁知道三星烬是什么效果？,0
2025/3/27 13:01,先想办法填饱肚子[九转大肠],0
2025/3/27 13:06,我是负数都敢买房了[捂脸],0
2025/3/27 13:07,先活着,0
2025/3/27 13:07,进入雷军班之后在亲戚朋友面前：哎，我们那个班主任我都懒得说，又给我们布置作业，让我们出国，烦死了。,0
2025/3/27 13:17,先买个馒头吧！吃饱了再想买别的[捂脸],0
2025/3/27 13:21,完蛋了[捂脸]我儿子本来能考上武大，估计这会儿武大分数线要长了，可不能长啊！[感谢][感谢][感谢][感谢][感谢],0
2025/3/27 13:23,我感觉不是车的问题，市区有明文规定限速，有些不把法律法规放在眼里的人，及时开共享单车也会撞人，最应该就是严抓严惩，树立典型。,0
2025/3/27 13:23,买包辣条吃吧,0
2025/3/27 13:24,先买糖[呲牙],0
2025/3/27 13:25,同时买，没有太大影响对你的存款,0
2025/3/27 13:27,先搞个消费贷,1
2025/3/27 13:36,买个枕头[看],0
2025/3/27 13:40,成年人不做选择 全都拿下[大笑][大笑],0
2025/3/27 13:43,拼好饭都费劲哥们[色],1
2025/3/27 13:46,买包辣条吧,0
2025/3/27 13:49,先买彩票,0
2025/3/27 13:51,买两包魔芋爽先爽一下吧[比心],0
2025/3/27 13:53,雷军班还是太吃操作了，有没有王腾班[九转大肠],1
2025/3/27 13:54,记得每天吃馒头，榨菜就算了吧，吃多了渴，喝水还???花钱,0
2025/3/27 13:59,雷军是真人才，这也想得到，雷军班真正的目的是让小米持续扩大发展势力吧,0
2025/3/27 14:01,买包纸，擦眼泪！,1
2025/3/27 14:08,先买罐红??.不用做梦[呲牙],1
2025/3/27 14:10,来个甲壳虫电车吧，更复古一点也可以，颜色多一点，谢谢雷总@雷军,0
2025/3/27 14:15,买个酒鬼花生漱漱嘴[捂脸],1
2025/3/27 14:20,买个城吧，蜜雪冰城,0
2025/3/27 14:23,买包辣条吃吃,0
2025/3/27 14:30,先扫个单车吧,0
2025/3/27 14:34,先做梦，梦里面两个都可以买[捂脸][捂脸][捂脸],0
2025/3/27 14:38,啥都不买[大笑][大笑],0
2025/3/27 14:39,你现在的首要任务是下载拼好饭[捂脸],1
2025/3/27 14:42,先买饭,0
2025/3/27 14:48,先睡觉，梦里都有,0
2025/3/27 14:49,我觉得雷军变了，不是说要人人买的起嘛。为什么雷军班分这么高[流泪][流泪][流泪][流泪]，我要红米班,0
2025/3/27 14:53,说实话，我10驾龄，开的200多匹的油车，在要出弯的时候一脚地板油，感觉都有点控制不住，我还是经常跑山路的，说实话，1000多匹马力不敢想象！,0
2025/3/27 14:53,先买粒糖,0
2025/3/27 14:53,先建房[抠鼻],0
2025/3/27 14:55,先睡觉,0
2025/3/27 15:02,@Hallo,0
2025/3/27 15:04,先睡一觉，,0
2025/3/27 15:05,去商场买个馒头有可能还差5毛,0
2025/3/27 15:08,应该两样同时买,0
2025/3/27 15:18,买个电动车跑外卖吧,0
2025/3/27 15:20,拿奖金还房贷，他房子在北京十几万一平方。 [尬笑],1
2025/3/27 15:20,你发给我，先买个教训[呲牙],1
2025/3/27 15:21,先买把伞  脑子老进水 对身体不好,1
2025/3/27 15:22,都买 一样一个,0
2025/3/27 15:24,先去楼下买包红梅[泪奔],0
2025/3/27 15:24,[看]拼好饭了解一下,0
2025/3/27 15:27,买“房车”！,0
2025/3/27 15:30,先留着，先睡觉吧,0
2025/3/27 15:33,先活着,0
2025/3/27 15:37,听我的先吃饱饭,0
2025/3/27 15:38,要不你在游戏里同时买套房再买辆车？,1
2025/3/27 15:39,买瓶青岛，梦里房、车都会有的,0
2025/3/27 15:44,买烟实在点[呲牙],0
2025/3/27 15:46,不接[愉快],0
2025/3/27 15:51,买馒头吧,0
2025/3/27 15:52,先买包火鸡面,0
2025/3/27 16:00,买张五块钱的刮刮乐  剩下的买馒头,0
2025/3/27 16:00,买两棒棒糖??,0
2025/3/27 16:01,雷军班这是培养后续力量，我严重怀疑雷总有系统,1
2025/3/27 16:02,十年河东十年河西，在这句在雷军身上体现了,0
2025/3/27 16:08,买个房车，有房有车,0
2025/3/27 16:12,你就说这小米上了澳门车牌帅不帅[比心],0
2025/3/27 16:13,先买杯蜜雪吧[灵机一动],0
2025/3/27 16:13,雷军班还是太吃操作了，有没有200分的王腾班,1
2025/3/27 16:20,买水,0
2025/3/27 16:21,先买一个驾驶证保护套和房产证保护套[呲牙],0
2025/3/27 16:22,先买个枕头,0
2025/3/27 16:25,买跟棒棒糖含着回家跟妈妈要吧[愉快],0
2025/3/27 16:32,先买瓶水压压惊[捂脸],0
2025/3/27 16:32,买包烟先,0
2025/3/27 16:33,雷军：纯属捣乱,1
2025/3/27 16:36,吃个糖醋鱼，再考虑一下，明天睡那个桥底实在[尬笑][尬笑],0
2025/3/27 16:38,先醒醒,1
2025/3/27 16:42,买几瓶水[暗中观察]，三天不吃饭没事，三天不喝水不行[暗中观察],0
2025/3/27 16:49,买张彩票吧,0
2025/3/27 16:49,大概率是热风枪吹的，贴膜的时候没有事先均匀加热，局部温度和周围温度差距过大导致的，去找贴膜店吧,0
2025/3/27 16:52,先买个棒棒糖??一边儿玩儿去,1
2025/3/27 17:02,先买4注双色球，说不定饭钱有着落,0
2025/3/27 17:08,建议雷总办个大专，毕业直接进小米工厂，自己培养的工人用着放心[看],1
2025/3/27 17:12,我干过车内装潢，有的贴膜的新师傅就干过这活，百分百拿热风枪吹的[泪奔],0
2025/3/27 17:23,从雷军班毕业后，可以跳槽去别的公司吗？[疑问],0
2025/3/27 17:30,买根肠吃吃得了,0
2025/3/27 17:35,我是小米雷军，给我接省委高育良,1
2025/3/27 17:53,众泰：为我花生[微笑],0
2025/3/27 17:54,先睡觉,0
2025/3/27 18:02,@我怕我起不来,0
2025/3/27 18:03,全转给我，我逢人就说，你最近发财了，在外地买车买房了[不失礼貌的微笑],0
2025/3/27 18:05,怎么，你要买车请我吃饭？[偷笑],0
2025/3/27 18:16,先来一份隆江猪脚饭,0
2025/3/27 18:20,雷军班的学生进入小米受欺负时是不可以大喊一句：老子天子门生！,1
2025/3/27 18:26,@LeYouLiu,0
2025/3/27 18:33,车房一起买，剩下的上市,0
2025/3/27 18:33,买包辣条压压惊,0
2025/3/27 18:34,先别纠结了，买包辣条想想怎么努力吧,0
2025/3/27 18:38,4500，比在坐的月工资都高,1
2025/3/27 18:51,先买醉吧[泣不成声]要不,0
2025/3/27 18:54,先买彩票,0
2025/3/27 18:56,先花三块买个梦想,0
2025/3/27 19:01,你先买个铲铲[耶],0
2025/3/27 19:08,买两个包子吧,0
2025/3/27 19:08,"80w时 雷军：大家安静点
50w时 雷军：大家别叫了",0
2025/3/27 19:23,还是先充电吧，不然等下连抖音都刷不了,0
2025/3/27 19:32,多年以后，见到雷总千金的雷军班班长[看]，你好[展开说说]我是一期的[他急了][他急了][他急了][白眼],1
2025/3/27 19:44,先活着,0
2025/3/27 19:46,[猪头],1
2025/3/27 19:48,[九转大肠]拿着屠龙刀去砍   哪个砍下来买哪个  人要有梦想万一呢,0
2025/3/27 19:51,@鱼摆摆?? @招财猫???? @??.,0
2025/3/27 19:59,你这只能买醉,1
2025/3/27 20:13,先买个老公，老公便宜[坏笑],1
2025/3/27 20:17,先买条巧乐滋嗦嗦吧[看],0
2025/3/27 20:19,武汉满大街都是小米[捂脸],0
2025/3/27 20:25,这么说吧！进入雷军班，毕业以后，年薪至少都是50到100万起步[看][看][看][看],0
2025/3/27 20:25,满眼杀气,1
2025/3/27 20:27,先买杯蜜雪冰城甜甜嘴儿,0
2025/3/27 20:31,合理,0
2025/3/27 20:34,快点买， 不然一会儿拼多多扣款就买不成了[捂脸][捂脸],0
2025/3/27 20:41,想办法吃饱饭。,0
2025/3/27 20:41,先睡一觉，明天吃啥[微笑],0
2025/3/27 20:43,买个枕头,0
2025/3/27 20:50,买车买房，全款,0
2025/3/27 20:52,别醒来，最重要[捂脸],0
2025/3/27 20:59,雷总再读一次大学吧，这次500块钱和那76个鸡蛋，我一个人全出了[流泪],0
2025/3/27 21:02,[看]先来一杯蜜雪冰城,0
2025/3/27 21:02,雷总只是现在公司需要，被塑造成了一个和蔼可亲的人设，之前小米走下坡路那会雷总杀伐果断，能当首富的人没点手腕是绝对不可能的,1
2025/3/27 21:05,先买车，还是先买房啊，有点纠结[泣不成声],0
2025/3/27 21:08,为啥我开裂，帮我免费换了？,1
2025/3/27 21:12,这样不怕吃官司？,1
2025/3/27 21:14,车子是消耗品，房子是暂时的港湾，坟墓才是最终的归宿，听哥的，先买坟,1
2025/3/27 21:21,先赚钱[泪奔][泪奔][泪奔],0
2025/3/27 21:31,2015已经是十年前了,0
2025/3/27 21:31,见到雷军别人叫雷总，我叫老师，这不就炸了吗,0
2025/3/27 21:35,先买馍,0
2025/3/27 21:46,贴膜了没有，贴膜了就跟灯没关系了，贴膜了自己去搜一下理想后灯贴膜开裂，这玩意在贴膜行业都已经是大家都知道的事了，没贴膜当我没说[尬笑],0
2025/3/27 21:47,一包方便面＋一根肠,0
2025/3/27 21:53,先贷款[玫瑰],0
2025/3/27 21:56,先买水,0
2025/3/27 22:05,先活着,0
2025/3/27 22:10,先买个碗,0
2025/3/27 22:10,恭喜你4.4要到了，你可以让下边的人先买好[捂脸],0
2025/3/27 22:11,先去买张彩票吧，然后你就破产了[看],1
2025/3/27 22:11,没有吧，我在寮步都看到好几辆了啊,0
2025/3/27 22:15,只要你这么问，那答案只能是买房,0
2025/3/27 22:17,买桶泡面吧,0
2025/3/27 22:18,先买包烟心思心思[看],0
2025/3/27 22:24,哈哈哈哈,0
2025/3/27 22:26,先买个伴[抠鼻],0
2025/3/27 22:28,雷军：长的像我，你无需自卑[舔屏],1
2025/3/27 22:33,先买泡面吧[赞],0
2025/3/27 22:39,8元钱，每天吃1兜馒头，买3元的菜，8元还能吃2天呢,0
2025/3/27 22:43,阿莫西林都买不起[翻白眼],1
2025/3/27 22:44,15万！？？不是不是，这个哇，我18岁，我感觉我真的买得起，哦啊，我我我可以努力了,0
2025/3/27 22:45,先去楼下买点面粉 做点馒头还能坚持一段时间[机智],0
2025/3/27 22:48,他可以的，考虑接下来的方向，杀气满屏坚毅满屏，可以的[赞],0
2025/3/27 22:55,有没有贴车衣，贴车衣的时候尾灯有没有拆，尾灯没拆是否经过风枪，是否能提供视频，如果以上都没有经过，就是纯自裂，支持第三方检测起诉小米，退一赔三,1
2025/3/27 22:56,买个双色球吧,0
2025/3/27 22:57,先买张彩票压压惊,0
2025/3/27 23:02,这么多资产，肯定都买了喔,1
2025/3/27 23:02,先买咪咪,1
2025/3/27 23:03,你先把手机给我，我给你借15w周转一下,0
2025/3/27 23:08,保时捷：他怎么这样啊！     其他友商：他一直这样啊！,1
2025/3/27 23:22,好似要解锁先可以上1500？,0
2025/3/27 23:22,先买馒头吧,0
2025/3/27 23:22,先买个枕头,0
2025/3/27 23:31,你这个来吧我给你,1
2025/3/27 23:34,买纸扎吧[泪奔],1
2025/3/27 23:38,先买个包子吧,0
2025/3/27 23:40,买根棒棒糖吧，这样能开心好久,0
2025/3/27 23:42,你想买瓶水解解渴吧,0
2025/3/27 23:45,先买药,0
2025/3/27 23:49,先买康师傅，后买统一，不行买白象,0
2025/3/28 0:08,要不咱们先买个快餐吧,0
2025/3/28 0:11,福利彩票改变自己,0
2025/3/28 0:11,@255,0
2025/3/28 0:12,买米,0
2025/3/28 0:15,想吃拌饭,0
2025/3/28 0:19,@我先困告告,0
2025/3/28 0:20,先来我家[舔屏],1
2025/3/28 0:21,先买包纸吧[尬笑],1
2025/3/28 0:25,买个碗，创业先[看][看][看][看],0
2025/3/28 0:28,什么叫做整车质保？,0
2025/3/28 0:32,车子是消耗品，房子也只是暂时的港湾。只有坟墓才是最终的归宿，所以听我的。先买坟！,0
2025/3/28 0:37,买个麻袋自己套里面,1
2025/3/28 0:38,买俩淀粉肠得了,0
2025/3/28 0:54,水要两块，他也买不了,1
2025/3/28 0:54,上面的买房 下面的买车[暗中观察],0
2025/3/28 1:19,先买福利彩,0
2025/3/28 1:21,先买个男朋友，之后房，车都有了[捂脸],1
2025/3/28 1:22,买张彩票搏一搏,0
2025/3/28 1:24,还是去楼下买包魔芋爽，爽一下吧[捂脸],0
2025/3/28 1:39,不错，50多万就这样已经售后了,0
2025/3/28 1:41,@?????????????? @莲妹儿 @王美美,0
2025/3/28 1:42,[微笑],0
2025/3/28 1:47,听我的先买两桶泡面，解决温饱才能买房买车,0
2025/3/28 1:49,买两根散烟,0
2025/3/28 1:52,梦里又买车又买房，够了,0
2025/3/28 1:59,买命,1
2025/3/28 1:59,买房车,0
2025/3/28 2:36,昨天看到一个红旗车，也是V8，百公里38个油[呲牙]耗能本来就是性能车的标配啊,0
2025/3/28 3:09,先坐上公交车，找份稳定的工作固努力干[偷笑],0
2025/3/28 3:19,买保险[捂脸],0
2025/3/28 5:09,自费更换不合理吧。如果刚提了几天就裂开了明显质量问题。,0
2025/3/28 5:58,先买蛋[看],0
2025/3/28 6:29,"yu7发布会上
雷军：我一直不明白，为什么SUV一定要比轿车卖的贵，
雷军：老传统，我们对比一下友商的价格（特斯拉mdy）起售价为26.35万元，md3起售价为23.55万，现在市面上大部分的同级别suv都要比轿车贵几万块，为什么呢？我不是很理解，明明一个级别的车子为什么要贵那么多，今天我们推出的也是大家期盼已久的yu7全新上市，我们车还没上市前就有很多活跃的粉丝说我们yu7叫欲妻，yu7更离谱的说叫逾期，其实我们是希望yu7能超出大家的“预期”，这个月大定的客户都送真皮沙发颜色自选车载冰箱，自选21寸轮毂，内饰颜色，通通免费。
 雷军：所以我们就想能不能做一款不一样的，比较便宜的大家都能买得起的SUV，经过我们团队三四个月的讨论，决定YU7各版本的售价参考SU7，和SU7价格保持一致！215,900元起售！
 雷军：但是呢，在发布会的前一天，我连夜说服高管我决定    15.99万起。感兴趣的同学们可以去小米汽车APP下单。",0
2025/3/28 7:13,先买大乐透,0
2025/3/28 7:29,"买个彩票
 在做公交车回家 我怕你离家太远做地铁钱不够",0
2025/3/28 7:32,我一直喜欢军哥，将来我儿子要去雷军班,0
2025/3/28 7:36,先睡觉，梦里啥都有[笑哭],0
2025/3/28 7:42,余额买车。零钱通买房[泣不成声][泣不成声][泣不成声],0
2025/3/28 8:03,先买泡面吃吧,0
2025/3/28 8:13,先给手机充充电吧！[捂脸],0
2025/3/28 8:17,先买个保险吧，毕竟你如果生病了可看不起，更不要谈房子车子了,1
2025/3/28 8:18,买瓶矿泉水买个小面包，剩下的买个彩票碰碰运气吧,0
2025/3/28 8:20,先买彩票、记得买三倍、切记,0
2025/3/28 8:20,我同学在保时捷干法务[笑哭][笑哭][笑哭]问问他有没有加班开会。哈哈哈哈哈哈,0
2025/3/28 8:22,su7网传三四十实际20多，su7 ultra网传八十多起步时间50多起步  yu7现在网传15起[看],0
2025/3/28 8:23,不要15万啊，我想买油车的，你要真15万我怕我冲动买电车啊[流泪],0
2025/3/28 8:28,先买两个馒头先[捂脸],0
2025/3/28 8:31,先买个茶叶蛋,0
2025/3/28 8:33,[泪奔]先买个亚克力盒子吧。够买的了。人生的最终归宿,0
2025/3/28 8:41,别墅啊，不然车买了停哪,0
2025/3/28 8:47,先活着,0
2025/3/28 8:52,先买个馒头填一下肚子，然后再睡一觉。,0
2025/3/28 8:55,早就开上了[笑哭],0
2025/3/28 8:55,9.9包邮，再努力一把就可以了。,0
2025/3/28 8:59,买个梦想当早餐,0
2025/3/28 9:09,先活着吧,0
2025/3/28 9:14,要是有男朋友的话我就给他买一辆了…,0
2025/3/28 9:16,先做个梦兄弟[不失礼貌的微笑][不失礼貌的微笑],0
2025/3/28 9:30,先活着,0
2025/3/28 9:36,保质期这么快就过期了[捂脸],0
2025/3/28 9:50,成年人不做选择，买命,0
2025/3/28 10:03,先梭哈双色球[看],0
2025/3/28 10:15,先买盐吧,0
2025/3/28 10:26,7.9亿啊，大佬啊[看][看][看],0
2025/3/28 10:28,零钱买房。零钱通买车。[灵机一动][灵机一动][灵机一动],0
2025/3/28 10:30,买彩票[看][看],0
2025/3/28 10:30,确实 我先吃饭了,0
2025/3/28 10:31,先活着[泣不成声],0
2025/3/28 10:34,先买泡面,0
2025/3/28 10:40,先买个辣条吧,0
2025/3/28 10:43,买点纸钱烧,1
2025/3/28 10:46,因为yu7也像保时捷suv[九转大肠],0
2025/3/28 10:49,常平都看到好几辆了，前两天还看到一辆,0
2025/3/28 10:51,醒醒，该上班了,0
2025/3/28 11:01,雷总：你不继续交我可要交了哟,0
2025/3/28 11:05,保命先,0
2025/3/28 11:05,先吃饱[看],0
2025/3/28 11:07,你听我的先买卫生巾[泣不成声][泣不成声]要不然真的会顺着大腿流下来的[大笑][大笑][看],1
2025/3/28 11:10,@魔,1
2025/3/28 11:12,买根辣条吃吧,0
2025/3/28 11:13,先买枕头[憨笑][赞],0
2025/3/28 11:15,好了，这下子好了吧？省那么一点钱。保时捷现在成贵替了。,1
2025/3/28 11:15,买饭都费劲,0
2025/3/28 11:16,零钱通还有钱呢[发呆],0
2025/3/28 11:16,[泪奔]先买个饭票,0
2025/3/28 11:16,因为买小米su7ultra，被华为营销号给骂了[捂脸],1
2025/3/28 11:18,提到一起，买包烟先[泪奔],0
2025/3/28 11:19,先买个包子吧[敲木鱼][敲木鱼],0
2025/3/28 11:21,可以买包子  还能吃几餐,0
2025/3/28 11:22,零钱通里还有3 W多[捂脸][捂脸][捂脸],0
2025/3/28 11:24,南城很多啊,0
2025/3/28 11:26,买房,0
2025/3/28 11:31,先挣钱,0
2025/3/28 11:31,买个枕头[黑脸],1
2025/3/28 11:33,小爱同学说的,0
2025/3/28 11:36,找友商协商，他们应该很乐意出钱给你修，只需要你配合一下[呲牙],1
2025/3/28 11:37,15w，目前市场上的新能源suv有一个算一个，都得完[泪奔],0
2025/3/28 11:38,先睡觉,0
2025/3/28 11:44,宝贝，听话,0
2025/3/28 11:49,先还钱[酷拽],1
2025/3/28 11:55,性能车谁在乎续航？油车性能车一箱油也就三百公里，一直给地板油还要低得多,0
2025/3/28 11:56,买包泡面吧,0
2025/3/28 11:58,先做个梦,0
2025/3/28 12:07,先买流口水,0
2025/3/28 12:08,买两包辣条吃吃得了[黑脸],0
2025/3/28 12:09,东坑都看到三、四台了,0
2025/3/28 12:11,先充电,0
2025/3/28 12:20,买包瓜子边磕边想,0
2025/3/28 12:21,2块钱四个馍馍，够吃四天了[看],0
2025/3/28 12:23,喝杯蜜雪冰城吧,0
2025/3/28 12:30,如果我穿越了，我一定带着500元和76个鸡蛋千里迢迢去湖北仙桃等雷军上大学,0
2025/3/28 12:32,买房车,0
2025/3/28 12:53,先买纸[捂脸],0
2025/3/28 12:53,你找个有房有车的就可以了,0
2025/3/28 12:55,先买个馒头垫下肚子，不饿了好睡觉，不然容易胡思乱想。,0
2025/3/28 12:56,先睡觉吧，你熬夜熬疯了,1
2025/3/28 13:09,小区单元楼下两辆,0
2025/3/28 13:10,这个在三星饭局上喝酒的是在哪有记录吗,0
2025/3/28 13:15,去我的世界先盖个房子 给自己烧块肉,0
2025/3/28 13:15,先买彩票吧,0
2025/3/28 13:16,先买包辣条,0
2025/3/28 13:16,我觉得买瓶小歪嘴，解愁吧,0
2025/3/28 13:16,买个茶蛋够了,0
2025/3/28 13:18,现在买房不一定娶到老婆，买车你肯定可以谈到女朋友。,1
2025/3/28 13:18,先买个馒头,0
2025/3/28 13:23,先活着[泣不成声],0
2025/3/28 13:23,先买两只香,1
2025/3/28 13:23,先把这9块变成300,0
2025/3/28 13:24,你去东莞的小米4s店看看就好，天天人一堆,0
2025/3/28 13:24,想买筷子吃饭??,0
2025/3/28 13:24,石龙好多[泣不成声],1
2025/3/28 13:26,先骑青桔吧,0
2025/3/28 13:27,先去卖力吧,1
2025/3/28 13:29,买车吧,0
2025/3/28 13:34,先转给我买个教训,1
2025/3/28 13:35,哪个性能车省油省电？要不就买su7吧，ultra真没必要上，你不合适[看]。现在最保值的电车是小米，黄牛都堆满了加价卖[捂脸],1
2025/3/28 13:41,先花两元买一张彩票，车子和房子都有了[呲牙],0
2025/3/28 13:43,买把塑料袋，饿了装点风,0
2025/3/28 13:46,先买不泡面吃饱先吧，,0
2025/3/28 13:55,光肇庆都看到六七辆不同车牌的了[宕机],0
2025/3/28 14:00,先买米,0
2025/3/28 14:05,先去网吧包一宿,0
2025/3/28 14:05,先挂号,0
2025/3/28 14:06,900马力你都把握不住估计,1
2025/3/28 14:08,和你一样很纠结[捂脸],0
2025/3/28 14:25,先买小米su7，然后在买房，剩下的存银行吃利息,0
2025/3/28 14:27,先脱贫,0
2025/3/28 14:32,先赚钱,0
2025/3/28 14:35,买包魔芋爽爽爽得了[尬笑],0
2025/3/28 14:35,先买彩票，万一中了什么都有了[抠鼻],0
2025/3/28 14:36,@,0
2025/3/28 14:36,@有一会 @音岚江私,0
2025/3/28 14:38,雷军班分太高了进不去，有没有王腾班[泪奔],0
2025/3/28 14:39,买个馒头吃,0
2025/3/28 14:41,要不咱自己做饭吧[尬笑],0
2025/3/28 14:43,我觉得申请专利是因为这个,0
2025/3/28 14:50,自媒体多吓人，昨天还是去了三次，今天成四次还喝了5瓶红酒，你去数的酒瓶子？ [尬笑],1
2025/3/28 14:52,这待遇真的太好了,0
2025/3/28 15:01,先买饭[蜜蜂狗],0
2025/3/28 15:07,怎么说呢 你看每年考上清华北大的有多少 再看看现存的职业棋手有多少 再看看胜率就知道他有多牛了,0
2025/3/28 15:08,反正卖不起，高低跟我们没关系,0
2025/3/28 15:09,借点钱买张彩票,0
2025/3/28 15:16,先睡觉??[捂脸][捂脸],0
2025/3/28 15:20,实不相瞒，我对国货不是很感冒，对小米的外观也不是很感兴趣，但是中国能造个这车确实很不错了，这车优点的就是外观，车速，缺点不适合家用，如果我没猜错，轿车鬼火时代已经到来[尬笑]路上又不知道要出多少惨案,1
2025/3/28 15:20,先拼好饭,0
2025/3/28 15:26,买一把挂面,0
2025/3/28 15:29,先买彩票,0
2025/3/28 15:32,买米[抠鼻],0
2025/3/28 15:36,买彩票吧先[捂脸],0
2025/3/28 15:36,这是哪个纪录片里的片段，求知求知，一键三连了,0
2025/3/28 15:40,你先买包烟,1
2025/3/28 15:49,乖 买颗糖回家慢慢吃,0
2025/3/28 15:52,怎么可能，我在武汉，我们小区光我住的西区就有3辆，东区我不咋去，没注意。,0
2025/3/28 15:54,@我不叫小黄 [大笑],0
2025/3/28 15:54,馒头,0
2025/3/28 15:57,东莞su7路上很多我去玩很多,0
2025/3/28 15:59,先买砖  能买好几个 一点点来，不急[一起加油],0
2025/3/28 16:00,茶山全都是小米[调皮],1
2025/3/28 16:01,先买一炷香  拜一拜,0
2025/3/28 16:03,我记得看个节目 同款马力的油车 布加迪是75L/百公里也就90升油箱，超跑也费油[看][看][看],0
2025/3/28 16:10,先买彩票3注[比心],0
2025/3/28 16:12,先睡觉吧,0
2025/3/28 16:31,大岭山我家楼底下就有[捂脸],0
2025/3/28 16:46,买个砖头一下子过去就行了,1
2025/3/28 16:52,我更相信雷总是个杀伐果断的人,0
2025/3/28 17:00,我小区都不止两辆了,0
2025/3/28 17:03,先买辣条,0
2025/3/28 17:10,“朋友们 快看 这是我最骄傲的孩纸”,0
2025/3/28 17:21,先买瓶水,0
2025/3/28 17:23,我在东莞天天看到,0
2025/3/28 17:32,先买2馒头吧,0
2025/3/28 17:41,这才是硬汉 回头看 只是些许风霜罢了,0
2025/3/28 17:51,要不先醒醒[笑哭],0
2025/3/28 17:57,先买彩票[呲牙],0
2025/3/28 17:58,先买张彩票，才有可能买房买车,0
2025/3/28 18:00,先吃饭,0
2025/3/28 18:05,先到长沙买个包子，怕你贷款,1
2025/3/28 18:08,"“雷总大笨蛋”
“算了，雷总长命百岁”
————《云边有辆小米yu7》",1
2025/3/28 18:11,虎门都看到10几辆了,0
2025/3/28 18:11,我和他们肯不一样，清明快到啦，先买点纸钱投资下[比心],0
2025/3/28 18:20,@漫画宝宝,0
2025/3/28 18:21,[宕机],0
2025/3/28 18:25,零钱里面的用来买房，零钱通里面的用来买车，不够的全部贷款[看],0
2025/3/28 18:38,买2个馒头1瓶矿泉水先吃饱了再做选择,0
2025/3/28 18:43,先买彩票,0
2025/3/28 18:46,佛山还行，见过几十次,0
2025/3/28 18:58,你现在应该考虑的事情是活到下周,1
2025/3/28 19:00,这根本纠结不了[捂脸],0
2025/3/28 19:07,就冲这雷总这一切只为真实的态度，就值得尊敬，不想某些厂商，连迈巴赫都是抓着个失误镜头来回拍,0
2025/3/28 19:07,先顾好下一顿吃什么[白眼],1
2025/3/28 19:09,问了一百多人，都不知道（蚯蚓）土话怎么讲[疑问],0
2025/3/28 19:19,人强大不就靠憋着一口气吗，能屈才有伸的那一天,0
2025/3/28 19:21,先睡觉,0
2025/3/28 19:29,我会好好努力，把孩子送去武大[捂脸],0
2025/3/28 19:33,告诉我哪个性能强车续航一样强的不管油车还是电车,0
2025/3/28 19:45,买包辣条吃吃吧[泪奔],0
2025/3/28 19:47,@X.?,0
2025/3/28 19:49,雷总，真的传奇，我有幸成为10年米粉，虽然买不起su7,0
2025/3/28 20:02,@凌时一 [捂脸],0
2025/3/28 20:06,虎门看到很多了，各种颜色,0
2025/3/28 20:06,不要代表全东莞[泪奔],1
2025/3/28 20:06,还是先来一个馒头一瓶水吧[看],0
2025/3/28 20:07,先把番茄小说的会员自动续费关了[看],0
2025/3/28 20:15,雷总最帅的男人[比心],0
2025/3/28 20:16,都看到现在的军哥成功，这段看到军哥的落魄和无奈。只能说军哥的成功并非偶然性的，是必然性的[赞],0
2025/3/28 20:17,先买张免费的门票去看看车展，看习惯了再去买房。[呲牙],0
2025/3/28 20:18,@与秋屿蓝,0
2025/3/28 20:19,现在那些当初看不起雷军的人，现在呢，,1
2025/3/28 20:30,不一定在借的车拍的视频,0
2025/3/28 20:36,[比心][比心][比心],0
2025/3/28 20:37,厚街之前有一辆出车祸了[捂脸],0
2025/3/28 20:39,先买杯蜜雪压压惊[泪奔],0
2025/3/28 20:49,[九转大肠]先活着,0
2025/3/28 20:50,先醒醒,1
2025/3/28 20:51,天天都能到,0
2025/3/28 20:56,是呀,0
2025/3/28 20:59,。?,0
2025/3/28 21:00,韩国也酒桌文化吗？,0
2025/3/28 21:00,先撸完所有网贷,1
2025/3/28 21:03,没有手段肯定是做不了话事人的，你看现在有小米联合创始人的说法和报道吗，现在小米只有一个雷军，没有第二个平分秋色的人物,0
2025/3/28 21:05,虎门这里厂门口都有好几俩,0
2025/3/28 21:05,咬牙隐忍又下定决心,0
2025/3/28 21:09,买黄金,0
2025/3/28 21:10,先做梦[泣不成声][泣不成声],1
2025/3/28 21:12,先买饭吧,0
2025/3/28 21:18,先买个手机壳,0
2025/3/28 21:21,买个魔芋爽爽一下算了[看],0
2025/3/28 21:23,龙相,0
2025/3/28 21:28,先吃一顿拼饭,0
2025/3/28 21:33,买彩票,0
2025/3/28 21:35,先在拼多多上买枕头,0
2025/3/28 21:35,先喜欢我[微笑],0
2025/3/28 21:35,韩信胯下之辱 后来也成为了大将军[呲牙],0
2025/3/28 21:42,先吃饭,0
2025/3/28 21:46,一起买把你卖给我[看][比心],0
2025/3/28 21:54,先买馒头[奸笑],0
2025/3/28 22:01,先买彩票,0
2025/3/28 22:03,我园区都停了2台,0
2025/3/28 22:06,这么拼搏的动力是什么？,0
2025/3/28 22:07,速度起不来是因为提速太慢[泪奔],0
2025/3/28 22:09,买俩棒棒糖吧,0
2025/3/28 22:11,我一个三线城市都看到七八辆了,0
2025/3/28 22:12,可能大家不知道韩企的作风，以前我们公司服务起亚，做错了一件小事，据说我们老板被韩国太子指着鼻子在办公室骂，报纸直接扔在他脸上，硬是一个屁不敢放。那可是二十几年前，我们是全国排名前几的服企，回来老板把整个公司leader，几乎有七八十人都叫进办公室一个个骂。我想他是感受到了天大的屈辱，那次他发火，我心里是原谅了他[捂脸][呲牙]韩国人真的很恐怖,1
2025/3/28 22:13,买个馒头[呲牙],0
2025/3/28 22:21,[宕机]虎门遍地都是，在路上一辆接着一辆的,0
2025/3/28 22:24,低于30万我直播两斤肥肉 不放调料那种。,0
2025/3/28 22:24,先活着,0
2025/3/28 22:29,我就说拼好饭不能多吃吧,0
2025/3/28 22:36,哈哈哈先买车胖头鱼,0
2025/3/28 22:38,啥也别没,0
2025/3/28 22:38,雷军是个人物，虽然没用过小米，但是看这各个市场都有他的一席之地确实不容易[赞][赞],0
2025/3/28 22:38,我觉得咱还是先保命要紧,0
2025/3/28 22:39,我们小区都三四辆[发呆],0
2025/3/28 22:45,先买个包子吧,0
2025/3/28 22:54,先买个男友吧够了,1
2025/3/28 23:04,买根老冰棍吧,0
2025/3/28 23:04,先活着[泣不成声][泣不成声],0
2025/3/28 23:07,先赚钱,0
2025/3/28 23:08,雷总肯定当时受很大委屈了,0
2025/3/28 23:10,先转给我兄弟 急用[舔屏],1
2025/3/28 23:11,我一个人在杭州看到至少几十辆了,0
2025/3/28 23:13,先充电??吧[捂脸],0
2025/3/28 23:13,先[灵机一动]活下去,0
2025/3/28 23:15,买根淀粉肠吧,0
2025/3/28 23:15,我竟然点开看了下,0
2025/3/28 23:15,买桶泡面再加个肠[捂脸],0
2025/3/28 23:17,@悟＆笙 看到一个跟我差不多的[笑哭],0
2025/3/28 23:20,正考虑晚上吃澳龙还是吃帝王蟹了，算了只有小孩子才做选择[捂脸],0
2025/3/28 23:24,今天在长安就看到一辆[微笑][擦汗],0
2025/3/28 23:27,先活着,0
2025/3/28 23:28,给男友买一台，毕竟才15个而已，可是男友在哪里 [泪奔],0
2025/3/28 23:29,雷总：只管销售，谁管售后[捂脸],1
2025/3/28 23:30,买药,0
2025/3/28 23:33,50多的没见过，普通的在东莞很多,1
2025/3/28 23:36,@讨厌下雨天. [捂脸],0
2025/3/28 23:37,先生存[泣不成声],0
2025/3/28 23:38,买两包辣条,0
2025/3/28 23:40,先买彩票,0
2025/3/28 23:53,还是先睡觉吧[捂脸],0
2025/3/28 23:58,找个好男人,0
2025/3/28 23:59,旁边那个郭广昌吗,0
2025/3/29 0:00,先醒醒,1
2025/3/29 0:00,车行待过的人都知道，一个4S店的盈利能力是靠售后而不是销售,0
2025/3/29 0:03,买个纸箱当房，再买个轮子当车，不就有房有车了,0
2025/3/29 0:04,先发给我，我存存能卖两个泡面，你一个我一个[九转大肠],1
2025/3/29 0:09,先买馒头,0
2025/3/29 0:11,@小胖墩蛋,0
2025/3/29 0:18,我小区楼下都不止两辆,0
2025/3/29 0:19,买彩票去,0
2025/3/29 0:26,前几天刷到说小米售后好，不用车主跑来跑去。这又刷到往返700公里。互联网想说啥说啥[暗中观察],0
2025/3/29 0:30,珠海见过一辆,0
2025/3/29 0:33,先买个彩票,0
2025/3/29 0:44,建议雷军、刘强东、胖东来 三个人合作。雷军负责销售，刘强东负责售后服务，胖东来负责出厂质量检查,0
2025/3/29 0:48,先买馒头,0
2025/3/29 0:50,买个枕头，枕着做梦的时候会舒服点[捂脸],0
2025/3/29 0:53,先充电，哦不先充电费[黑脸],1
2025/3/29 1:08,先转我[舔屏][舔屏],0
2025/3/29 1:10,拼好饭吧,0
2025/3/29 1:15,下楼买俩塑料袋 套头上 可以感受一下青藏高原的窒息感,1
2025/3/29 1:15,先买饭,0
2025/3/29 2:12,先睡觉,0
2025/3/29 2:34,先给我吧 我需要,0
2025/3/29 2:37,还得领券买[泪奔],0
2025/3/29 2:54,先买饭[看],0
2025/3/29 3:07,买个纸尿裤，然后就可以一直睡了，梦里爱买什么就买什么,0
2025/3/29 4:01,买包辣条,0
2025/3/29 4:45,求你了 你删了让我说,1
2025/3/29 6:03,广东湛江大把[奸笑],1
2025/3/29 6:20,买包子[大笑],0
2025/3/29 6:24,先买馒头[捂脸],0
2025/3/29 6:31,先挣钱吧，祝愿以后大家都月入过万，接不急看你们了[发怒],1
2025/3/29 6:31,接[黑脸],1
2025/3/29 6:54,小县城都好几辆,0
2025/3/29 7:05,@?  ? ?鸡王子 @月牙 @女  王 @胖锦鲤附体 [微笑][微笑][微笑],0
2025/3/29 7:10,先买彩票,0
2025/3/29 7:14,先充电,0
2025/3/29 7:22,可以先吃碗拌面加茶叶蛋,0
2025/3/29 7:30,先买一个馒头，早上吃上面的皮，中午吃馒头的心，晚上吃馒头的底[紫薇别走][紫薇别走][紫薇别走],0
2025/3/29 7:42,第一辆车，买奔驰还是小米[流泪],0
2025/3/29 7:49,真有钱[赞][色],1
2025/3/29 7:53,你一下可以看到全东莞？,1
2025/3/29 7:54,只看不买，哈哈哈[阴险],1
2025/3/29 7:55,买俩馒头不错的,0
2025/3/29 7:56,买我,1
2025/3/29 7:56,你运气好[赞],0
2025/3/29 7:57,先买个彩票，祝你好运！,0
2025/3/29 7:57,[捂脸],0
2025/3/29 8:02,"雷总心想
“你们造的比我造的都快，我也挺难”[捂脸]",0
2025/3/29 8:03,先买飞机??,0
2025/3/29 8:06,先活着,0
2025/3/29 8:17,玩具都买不起[害羞],0
2025/3/29 8:20,买两包辣条爽爽得了,0
2025/3/29 8:21,先吃饱饭,0
2025/3/29 8:21,实话，我作为上海车主，我都不敢在上海修，跑江苏去的，你这受得了吗[捂脸],0
2025/3/29 8:22,买什么都遥遥领先,0
2025/3/29 8:31,先睡觉,0
2025/3/29 8:43,国产企业已经很难了，你就不能体谅一下吗？,0
2025/3/29 8:48,先买纸,0
2025/3/29 9:00,买个彩票吧,0
2025/3/29 9:00,佛山容桂都看见5辆了[捂脸]出门开半小时车跑2公里路一般能看见一台[看],0
2025/3/29 9:07,要不先买三组双色球试试呢,0
2025/3/29 9:09,知道为什么喜欢电车了，一是不要购置税，二是首付几千几万就可以提车，小米居然3万左右就可以提车，比亚迪吉利这些有的只要首付几千，太恐怖了,0
2025/3/29 9:14,我在河源看到好几辆还有颜色好好看,0
2025/3/29 9:16,先买馒头吧[捂脸],0
2025/3/29 9:17,买碗猪脚饭都难,0
2025/3/29 9:18,买包魔芋爽,0
2025/3/29 9:19,买码,1
2025/3/29 9:20,说问界卖49万太贵，没两天买了911。这有问题吗？傅首尔5000彩礼太贵，没两天花了五十万彩礼娶了刘亦菲。这很难理解？,1
2025/3/29 9:26,先睡觉[机智],0
2025/3/29 9:27,可以一起买啊,0
2025/3/29 9:29,说实话，我们湖北农村都看到小米了，还见到好几辆,0
2025/3/29 9:29,还只能买康师傅的水,0
2025/3/29 9:31,佛山比东莞有钱[赞],0
2025/3/29 9:32,河源比东莞有钱[阴险],1
2025/3/29 9:33,湖北是苏7产地吧，湖北比东莞有钱[赞],1
2025/3/29 9:34,先买几组福彩比较好[泣不成声],0
2025/3/29 9:41,先活着[捂脸],0
2025/3/29 9:41,我们一个小县城我周末出去一天都能碰到三辆,0
2025/3/29 9:43,先买两颗花生米[泪奔],0
2025/3/29 9:44,玄学？,0
2025/3/29 9:45,先买彩票[灵机一动],0
2025/3/29 9:52,买个彩票,0
2025/3/29 10:03,先买个枕头,0
2025/3/29 10:04,先买药,0
2025/3/29 10:08,先睡觉,0
2025/3/29 10:10,20来万的销量，33家售后，平均下来每家店目标保有量才6000台左右，这4S店不得赔死[捂脸][捂脸][捂脸],0
2025/3/29 10:14,先买个彩票，还可以搏一搏！,0
2025/3/29 10:16,急死我了，哭心经营两年塔斯汀汉堡??打算买台犒劳自己[比心],0
2025/3/29 10:16,换个好枕头[捂脸],0
2025/3/29 10:20,"一个是su7酥妻，甜妹
一个是yu7御妻，御姐",0
2025/3/29 10:26,早知道就不读云大了,1
2025/3/29 10:27,先存钱吧[捂脸],0
2025/3/29 10:31,先买盒泡面，还能加根火腿肠,0
2025/3/29 10:31,买包辣条压压惊[比心],0
2025/3/29 10:32,不用纠结，找大哥给你贷点款，买车又买房[捂脸],1
2025/3/29 10:32,先买豆浆油条[捂脸],0
2025/3/29 10:32,@131 第一个镜头真的看到了描写的那种隐忍和下定决心,0
2025/3/29 10:34,先买个碗，就可以有后面的了[捂脸],0
2025/3/29 10:35,买馒头吧，别买包子,0
2025/3/29 10:52,佛山有钱吗？[泣不成声]  感觉这边也一般。和东莞差不多。[捂脸],0
2025/3/29 10:54,77电量？？？[发呆],0
2025/3/29 10:55,[调皮],0
2025/3/29 10:57,小区停车场都看到三部了[白眼],1
2025/3/29 11:01,先点个拼饭吧[发呆],0
2025/3/29 11:03,真的让雷总难做了，卖二十万辆车就要开三十万个服务点,1
2025/3/29 11:09,先回家好好睡一觉[捂脸],0
2025/3/29 11:23,山东临沂不说满大街都是，但是随便看看都能看到,0
2025/3/29 11:23,先把钱转给我[不失礼貌的微笑] 给你存,1
2025/3/29 11:28,同事就要把小米su7卖了，买su7 ultra[捂脸]。,0
2025/3/29 11:31,不会吧，我看道滘这边去肯德基旁边就经常停着一辆呀,0
2025/3/29 11:34,先买彩票,0
2025/3/29 11:34,先买点西北风吃吃[捂脸],1
2025/3/29 11:38,买烟吧，,0
2025/3/29 11:40,马上热天了，先买双拖鞋吧[捂脸],0
2025/3/29 11:41,虎门看到了,0
2025/3/29 11:47,@moon @夜雨,0
2025/3/29 11:47,"零钱买房
零钱通在吃几十年利息买车 [看]",0
2025/3/29 11:50,[捂脸],0
2025/3/29 11:57,不知道你们那啥情况 反正我的小米车胎坏了 我说我着急用车 人家拉着一个备用胎跑了四十公里来给我装上 让我先开 把我的坏的拿走了 然后大晚上的又把我的胎弄好了给我拉回来又装上了[呲牙],0
2025/3/29 11:57,别纠结了，两个都买了吧,0
2025/3/29 11:58,先活着[流泪],0
2025/3/29 12:06,先买彩票[看],0
2025/3/29 12:09,先买两个馒头[捂脸],0
2025/3/29 12:10,先借4块，买桶泡面,0
2025/3/29 12:12,先买三瓶怡宝[泪奔],0
2025/3/29 12:13,买包辣条尝尝味儿[捂脸],0
2025/3/29 12:26,哨兵模式费电就费电吧,0
2025/3/29 12:27,先买房车,0
2025/3/29 12:28,学校门口就有一辆[笑哭],0
2025/3/29 12:29,余额买房，余额宝买车,0
2025/3/29 12:29,先想办法活着,0
2025/3/29 12:33,说的事实而已，不必阴阳我小米的业绩应该不是炒作出来的[捂脸],0
2025/3/29 12:34,雷冖，车我开走了,1
2025/3/29 12:34,要不我们一起[捂脸][捂脸][捂脸],0
2025/3/29 12:38,我们学校就有人有一辆在门口有时候能看到[呆无辜],0
2025/3/29 12:41,买两张彩票碰碰运气吧，反正也不差这一顿的,0
2025/3/29 12:41,买袋康师傅,0
2025/3/29 12:42,难怪我隔壁大年三十撞的，正月完了都没见到它回来[尬笑][尬笑][尬笑],0
2025/3/29 12:42,先买一颗棒棒糖??,0
2025/3/29 12:55,买药,0
2025/3/29 12:59,先买个锅盔，吃饱了再想[呲牙],0
2025/3/29 13:04,雷总:你们撞车比我交付还快,1
2025/3/29 13:06,拼好饭[看],0
2025/3/29 13:12,先吃饱[笑哭],0
2025/3/29 13:18,还挺有理财意识,0
2025/3/29 13:19,有没有考虑买个房车一次性搞定？,0
2025/3/29 13:34,先买点感冒药吧，买那个感冒灵颗粒那个便宜，再耽误就烧坏了,0
2025/3/29 13:35,先买水喝,0
2025/3/29 13:39,从来没有因为一个人而讨厌一个品牌，他做到了,0
2025/3/29 13:48,我觉得小米法务部可以挑一些这种因他人恶意损毁车辆导致车主出现损失或伤害的案子代替车主打官司，起个标题就叫，买小米汽车，小米为你保驾护航[看][看][看],0
2025/3/29 13:49,这是妥妥的危害公共安全罪，是公诉案件，放心，跑不掉的[微笑],0
2025/3/29 13:50,先饿死,1
2025/3/29 13:51,雷总说，我开店速度跟不上你们撞车速度啊[捂脸],0
2025/3/29 13:53,先买馒头算了，包子性价比不高,0
2025/3/29 14:00,人的嫉妒心真的可怕[九转大肠],1
2025/3/29 14:01,先买包辣条吧。,0
2025/3/29 14:16,这就是杀人啊！虽然是未遂，但是有犯罪事实呀，这是不是可以刑事立案了,1
2025/3/29 14:18,先去超市买把面条,0
2025/3/29 14:24,我觉得去修车，越修问题越多，我始终觉得修车地方有问题，我老公觉得没问题，就比如前几天去保养，然后说我们水箱漏水（当时没修）没保养之前没这个问题，很久没加过防冻液，保养完之后防冻液加入两次，不得已换了一家把水箱换掉了,0
2025/3/29 14:33,[笑哭][笑哭]我在我这个镇上随处可见几辆,0
2025/3/29 14:34,如果小米法务出手协助车主打官司，绝对能吸引一批客户,0
2025/3/29 14:40,先买包辣条，又甜又咸[呲牙][呲牙],0
2025/3/29 14:47,我在大朗看到不止十辆了,0
2025/3/29 14:59,先买香[呲牙][呲牙],0
2025/3/29 15:03,我对象就是修车工，每次都是小心又小心，生怕忘了拧螺丝，跟我说每次都得检查一下才放心让司机开走，没想到还有特意这么干的，真吓人。,0
2025/3/29 15:06,先买个包子吧,0
2025/3/29 15:21,大家以后还是小心点吧,0
2025/3/29 15:23,买房车叭，能走能住[看],0
2025/3/29 15:23,奶茶都买不起[捂脸],0
2025/3/29 15:26,先给自己手机买个流量，继续刷这些[流泪][黑脸],0
2025/3/29 15:28,说白了就是问这个问题的人，要么生活的城市太大了，要么是他的圈子太小了[大笑][大笑][大笑]，我们这十八线小县城都好几辆了，他说他没看到过。然后为什么这么问，可能是因为开的是保时捷，保时捷更高端？还是因为贷款买的保时捷，车贷还没还完，结果小米出SU7了，还只要50多万，本来想装个大的，结果拉了个大了，面子上过不去，所以到处找场子。不然真的有闲钱为什么不买一辆su7玩玩呢？以上都是猜测，如有雷同，纯属巧合！另外叠个甲，我尊敬每一个勤劳致富，然后买自己喜欢的东西的人。,0
2025/3/29 15:30,先买个不锈钢兜  ，就有无穷的可能[赞],0
2025/3/29 15:30,先买米吧[感谢],0
2025/3/29 15:31,买双筷子[看],0
2025/3/29 15:36,过年回家在农村都看到好几辆,0
2025/3/29 15:40,破坏交通工具罪，这罪可不轻,0
2025/3/29 15:47,先睡个觉,0
2025/3/29 15:48,先买碗,0
2025/3/29 15:55,去超市买个垃圾袋闷死自己,1
2025/3/29 15:58,你这余额根利率有一拼[赞],0
2025/3/29 15:58,不是应该买之前就应该考虑的问题吗,0
2025/3/29 15:58,买个大富翁吧，都包含了[机智],0
2025/3/29 16:00,这也太可怕了，万一没查出来，车主出事了，大家都以为是小米公司的问题了,0
2025/3/29 16:04,小米专卖店少啊，有的省一个省只有一两家,0
2025/3/29 16:05,不信，不可能[暗中观察][暗中观察]，我们村和隔壁村都各一辆了,0
2025/3/29 16:07,车全国卖，维修店做不到全国开，这车做不大的。,0
2025/3/29 16:07,买包榨菜吧,0
2025/3/29 16:10,这个车主应该先去发网上说小米汽车有异响品质不行，然后最后查是因为那个修理工弄的，先告他一个谋杀未遂，然后小米在起诉对品牌造成恶劣影响，我的力量不够大那就小米法务替我出手[看][看][看][看],1
2025/3/29 16:10,我们这3线小城市一个镇每天都能看到七八辆，去市区的话至少能找到20辆，现在小米已经几乎每天在路上能看到了,0
2025/3/29 16:10,先买纸，晚上擦眼泪用得上,1
2025/3/29 16:20,[不失礼貌的微笑]七百万买房 一百万买车很完美,0
2025/3/29 16:23,先买枕头，睡好了梦里什么没有啊[抠鼻]。,0
2025/3/29 16:30,这要真出了事故，网上就沸腾了，大多数人根本不管事故原因，只要出事故 就是车的问题[捂脸],1
2025/3/29 16:32,先买两包泡面,0
2025/3/29 16:32,买杯蜜雪冰城喝吧,0
2025/3/29 16:36,先睡觉，梦里啥都有[不看][不看][不看][不看]（开玩笑，没有恶意哈[憨笑][憨笑]）,0
2025/3/29 16:40,乖 都买[呲牙],0
2025/3/29 16:45,买个泡面先垫肚子,0
2025/3/29 16:52,先充电吧，等会共享单车都扫不开了。,0
2025/3/29 16:52,这群咋进的,1
2025/3/29 16:57,先买5百毫升冰红茶[看],0
2025/3/29 16:58,雷总这个新人了不起啊,0
2025/3/29 16:58,赞一下,0
2025/3/29 16:58,真棒,0
2025/3/29 16:58,京东副总裁催你提产啦，加油，哈哈！,0
2025/3/29 16:58,图片评论,0
2025/3/29 16:58,这功能刚需??,0
2025/3/29 16:58,yu7什么时候上,0
2025/3/29 16:58,雷总太谦虚了,0
2025/3/29 16:58,下午好雷总,0
2025/3/29 16:58,也给小米弄一个,0
2025/3/29 16:58,雷总，BYD的夏卖爆了，啥时候出7座啊！？在线等！急……,0
2025/3/29 16:58,雷总v5,0
2025/3/29 16:58,雷总下午好,0
2025/3/29 16:58,雷总，小米啥时候上固态电池？,0
2025/3/29 16:58,好好听讲，别玩手机了,0
2025/3/29 16:58,这功能太棒了,0
2025/3/29 16:58,文档模式真的真的超级好,0
2025/3/29 16:58,棒棒哒,0
2025/3/29 16:58,雷总真是太忙了，而且啥也得会,0
2025/3/29 16:59,这个太棒了,0
2025/3/29 16:59,这个功能很哇塞,0
2025/3/29 16:59,哇哦，效果好棒！这个用法很天才！,0
2025/3/29 16:59,非常烦人的屏纹,1
2025/3/29 16:59,这个效果真不错哎,0
2025/3/29 16:59,一黑一白的横纹能去吗,0
2025/3/29 16:59,拍文档功能真的很好用上课的时候就用来拍PPT,0
2025/3/29 16:59,雷总，帅不帅,0
2025/3/29 16:59,军哥好样的！,0
2025/3/29 16:59,太牛啦,0
2025/3/29 16:59,这简直是职场人福音,0
2025/3/29 17:00,非常的厉害,0
2025/3/29 17:00,坏了雷总开始做电池了,0
2025/3/29 17:00,小米15有这个功能吗,0
2025/3/29 17:00,行业新人，但很能打,0
2025/3/29 17:00,太赞了！有天我上课记笔记来不及就随手用小米扫了一下，清晰的让我以为下载ppt了！,0
2025/3/29 17:00,用了好几年了,0
2025/3/29 17:00,这个好点了太棒了吧，支持！,0
2025/3/29 17:00,雷总开会不许摸鱼,0
2025/3/29 17:00,这个功能确实好用，拍了也不用自己去慢慢裁，就算拍得比较偏，也能自动修正，方便阅读,0
2025/3/29 17:00,这个功能非常好，雷总继续加油，期待更多好产品好功能,0
2025/3/29 17:00,雷总 小米su7还会再出新颜色吗 许愿yu7路透嫩嫩的粉色和薄荷绿 最好还有嫩黄色！！！我今年考下驾照就要买小米汽车作为我的第一辆小车啦感谢雷总和小米的同事们制造出这么完美的小车,0
2025/3/29 17:00,这个功能可以哎,0
2025/3/29 17:00,确实不错,0
2025/3/29 17:00,辛苦了，雷,0
2025/3/29 17:00,真心很好，颜色很真,0
2025/3/29 17:00,雷总小米商城缺货商品补补货，都等着买呢,0
2025/3/29 17:01,这功能我经常用，效果杠杠的。。,0
2025/3/29 17:01,这个是真的好,0
2025/3/29 17:01,给学生党还有上班族提供了便利呀,0
2025/3/29 17:01,我觉得一般般，装修风格,0
2025/3/29 17:01,期待分享一下固态电池的大进展,0
2025/3/29 17:01,文档模式确实好用，还可以把斜着的拍正,0
2025/3/29 17:01,这么多招，这让友商怎么活,1
2025/3/29 17:02,如何和这些前辈们一起努力把中国的汽车做大做强，让全世界都是用中国的新能源汽车。美元和石油的体系就自然会瓦解，人民币主导话语权。中东战争自然会结束，石油变得不重要了自然减少战争了。,0
2025/3/29 17:02,雷总??????,0
2025/3/29 17:02,上课的时候拍PPT 好用,0
2025/3/29 17:02,哇 ppt 做的好好,0
2025/3/29 17:02,这个屏纹牛逼,0
2025/3/29 17:03,雷总一边宣传汽车一边宣传手机??,0
2025/3/29 17:03,去哪里都和网友报备，谁能不爱,0
2025/3/29 17:03,小米红米全系列都有这功能不……比如k80……,0
2025/3/29 17:04,人家刚创业，还是新车，你买这样的车之前就应该会料想到有这些问题,1
2025/3/29 17:04,還可以醬滋推~  廣告  雀舌強,0
2025/3/29 17:04,这样 评论配图,0
2025/3/29 17:04,一直用,0
2025/3/29 17:05,太棒啦，越来越智能啦,0
2025/3/29 17:05,非常实用的功能，推荐大家试试！,0
2025/3/29 17:05,还得是雷总带货小能手,0
2025/3/29 17:05,不愧是销冠,0
2025/3/29 17:06,这些理论都好深奥，都是漂亮外观下的内核的东西，看了之后觉得汽车真的是需要敬畏之心,0
2025/3/29 17:06,这个确实好,0
2025/3/29 17:07,经常用的功能呢,0
2025/3/29 17:07,非常实用的功能了，这么好的功能 真的很赞,0
2025/3/29 17:08,文档拍照模式很实用，经常用来拍路牌和信息牌，非常棒。,0
2025/3/29 17:08,还真没用过拍文档模式拍屏幕,0
2025/3/29 17:09,今天才知道电车的电池组那么重……,0
2025/3/29 17:09,这个功能好，我是不是考虑换小米？,0
2025/3/29 17:10,效果好棒啊！工作刚需,0
2025/3/29 17:11,这样看短期内全固态电池对比现在的液态电池提升并不大啊。,0
2025/3/29 17:12,雷总的化学很专业，我都看不懂,0
2025/3/29 17:12,这个IP也是看上樱花了,0
2025/3/29 17:12,太棒了,0
2025/3/29 17:12,@破碎窝囊废 [笑哭],0
2025/3/29 17:13,回复@爱睡大觉吧:必须啊，不过现在还没看上啊，还得等会儿,0
2025/3/29 17:13,好好听讲，别玩手机,0
2025/3/29 17:13,雷总，咱们这个交付是真的好不起来了是吧,1
2025/3/29 17:13,以小米之强，铸就科技新篇章。,0
2025/3/29 17:14,#中国电动汽车百人会论坛# 雷总好忙呀,0
2025/3/29 17:14,雷总，我是欧阳老师组里学生能去小米吗,0
2025/3/29 17:14,雷总是个鬼才,0
2025/3/29 17:14,@雷军,0
2025/3/29 17:17,雷总主打一个，走到那里拍那里,0
2025/3/29 17:17,太好了，真棒！屏纹确实很奇怪。,0
2025/3/29 17:17,好清晰和PPT原件一样哈,0
2025/3/29 17:17,帅，实用,0
2025/3/29 17:18,确实好还能在相册里直接生成pdf,0
2025/3/29 17:18,哈哈哈哈哈真的，上课的好帮手，我也框框拍板书,0
2025/3/29 17:19,我经常用来拍资料文件比较好用，别人用第三方app还得开会员,0
2025/3/29 17:19,这个功能哇塞的不行,0
2025/3/29 17:21,雷总，小米su7能不能快点交车？等的花开又花谢！长袖变短袖还没提车,0
2025/3/29 17:21,扫描全能王又要下市啦,0
2025/3/29 17:22,好用,0
2025/3/29 17:23,去两元店转一圈都还要加把劲[看],0
2025/3/29 17:23,"军啊，先把YU7的价格打下来, 再把车的智能化跟小米手机相连 。以后整不就得整一套 。",0
2025/3/29 17:23,雷厂长雷学长听课好认真,0
2025/3/29 17:25,雷总太苦了，一天一个城市啊,0
2025/3/29 17:26,网友们比较关心雷总抢到刀郎老师演唱会的门票没有,0
2025/3/29 17:27,26年出固态电池了？,0
2025/3/29 17:27,说小米贵，但还是买了小米，说问界贵，但却反手买了保时捷 [看],0
2025/3/29 17:28,先睡觉，梦里都有[捂脸],0
2025/3/29 17:28,固态电池是要快来了吗？,0
2025/3/29 17:29,这买电动车就是买电池啊！这个电池很重要啊，幸好雷总今天科普了一下～我再查查,0
2025/3/29 17:29,没有机会参加这样的会议,0
2025/3/29 17:29,这是我最喜欢的功能之一,0
2025/3/29 17:30,确实好用，去年年底有个项目出门开会，就是用的15pro这功能拍的，现在15u长焦更好用了（特别配合摄影套装时候），希望雷总鞭策下相机团队，做好持续优化，让他们回忆下当年冲击dxo第一时候的岁月，勇攀新高峰,0
2025/3/29 17:30,你准备买3台？,0
2025/3/29 17:30,听课时，经常使用,0
2025/3/29 17:32,老板，那个叫摩尔纹,0
2025/3/29 17:32,雷总 PPT一般会后都能要到,0
2025/3/29 17:32,即使拍的时候忘了使用文档功能，后面还可以通过文档编辑功能矫正,0
2025/3/29 17:32,雷总，手机刚刚的,0
2025/3/29 17:33,研究生做了这么久硫化物，雷总多多投资呀,0
2025/3/29 17:33,这个功能用过，确实不错,0
2025/3/29 17:34,雷总接卢伟冰广告了？,0
2025/3/29 17:34,这几张PPT确实是大伙最关心的话题,0
2025/3/29 17:34,笑死我了,0
2025/3/29 17:34,蛮不错的！,0
2025/3/29 17:36,最后一张，炒股用,0
2025/3/29 17:37,我在塘厦出门就能见到[微笑],0
2025/3/29 17:39,雷总，yu7 便宜点15.99交个朋友,0
2025/3/29 17:40,小米汽车为什么没有粉红色,0
2025/3/29 17:40,这个新闻已经上百度热搜榜了[捂脸]随着yu7的上市，估计真要修车排队了。,0
2025/3/29 17:41,拍的板板正正的，就像截图,0
2025/3/29 17:41,文档模式确实很实用很好用！但是为什么小米手机的单手模式放弃了之前的等比例缩小模式？现在的单手模式简直就是废物啊，雷总不关心一下吗？,1
2025/3/29 17:41,这个功能真好，博物馆拍文物也有这种功能吗？,0
2025/3/29 17:42,买房，零首付,0
2025/3/29 17:42,先睡觉,0
2025/3/29 17:42,固态电池希望能赶紧出现在小米车上,0
2025/3/29 17:43,你是喜欢SU7车型 但是喜欢YU7那几个颜色吗,0
2025/3/29 17:43,米啥时候用上,0
2025/3/29 17:43,雷总，直营钣喷中心该做啦！！,0
2025/3/29 17:44,雷总是不是在夸WPS,0
2025/3/29 17:45,最后一句话给我雷住了，真出事故不考虑当事人，考虑的是小米公司要被多大锅[捂脸],1
2025/3/29 17:46,那这么说2027年要换车了,0
2025/3/29 17:46,回复@Echo芊芊_ 的表态:,0
2025/3/29 17:47,查完资料回来问？我们为什么要弄电车啊，电池这么不稳定……怕怕的……,0
2025/3/29 17:47,买个寂寞比较好,0
2025/3/29 17:47,这个固态电池一开始上也是在比较贵的车子上吧，等到普及到20万以内，十几万的时候，不知道还得多少年呢,0
2025/3/29 17:48,传出去，雷总又在会场玩手机??,1
2025/3/29 17:49,懂了，下周一抄底这些企业,0
2025/3/29 17:50,这群咋进的不知道，不过这个想出来换成雷军的微信头像和昵称的，肯定是个脑子聪明绝顶的人[看],1
2025/3/29 17:51,这功能好棒,0
2025/3/29 17:51,才半个月，我台铃订个零件告诉我要1~1.5个月,0
2025/3/29 17:51,我要充电宝的线，你们客服推充电宝给我，转了3个客服，一只答非所问。管管吧！,1
2025/3/29 17:52,电机 燃油机 完全是不同概念！！！[赞][赞][赞][赞]戏真好,0
2025/3/29 17:52,去屏纹功能实用性很强的,0
2025/3/29 17:53,小米战略人车家全生态,0
2025/3/29 17:53,怎么转pdf?,0
2025/3/29 17:54,@???过天晴 @好想吃大圣代 @虔栩 @聆四季 @菜鸟求高手拯救 [黑脸],1
2025/3/29 17:54,东莞大把,1
2025/3/29 17:56,固态电池来临，即是小米超跑问世屠榜之时,0
2025/3/29 17:56,其他PPT我不看，院士PPT我逐帧分析,0
2025/3/29 17:56,要学的东西太多,0
2025/3/29 17:56,来张自拍????,0
2025/3/29 17:58,功能好用。,0
2025/3/29 18:00,雷军真有钱羡慕。   有权有势羡慕拥有他的女人,1
2025/3/29 18:01,厉害啊??,0
2025/3/29 18:01,一直用的wps的扫描功能。免费的,0
2025/3/29 18:02,您好，小编这边看到咱们反馈单手模式的建议，小编这边稍后会记录下您的使用体验和反馈的建议，后续也会不断优化改善系统设计，同时也会同步给咱们相关技术研发人员，感谢您的反馈，后续您有更好的意见或者建议，都可以随时联系小编这边,0
2025/3/29 18:03,雷总安慰下[暗中观察][暗中观察][暗中观察]都好了,0
2025/3/29 18:04,屏纹很大程度上屏幕产品质量的问题，乐总记得让他们用点好的,0
2025/3/29 18:05,坐标轴歪了好难受,0
2025/3/29 18:07,多拍点，我爱看,0
2025/3/29 18:08,可以分6期买张，鸡蛋灌饼。,0
2025/3/29 18:08,[绝望的凝视][绝望的凝视][绝望的凝视]雷总手底下这群人还是按照服务雷总的规格服务其他中产，300 米想着走两步就算了…得去豪车店里多学习下去，从服务深度、仪式感等方面都要改进…很多人花钱买的不是车，是购车全程的服务…另外也别拿你们老总们当富人参考，没参考性…,1
2025/3/29 18:09,先点个外卖，吃饱了慢慢想,0
2025/3/29 18:11,新人更牛，流量更大，卖车更多,0
2025/3/29 18:11,没有波尔纹是摄影师的福音,0
2025/3/29 18:12,没事 小问题。 下几个批次就好了。 新车嘛 大家多包涵,0
2025/3/29 18:12,我也常用这个功能,0
2025/3/29 18:18,先买水喝一口，然后剩下的浇自己头上。[看][看][看],0
2025/3/29 18:18,先买个意外险,1
2025/3/29 18:19,难怪说雷总是个网瘾少年,1
2025/3/29 18:23,雷总真是带货小能手啊,0
2025/3/29 18:24,[鼓掌],0
2025/3/29 18:26,很方便的功能,0
2025/3/29 18:26,您好，我是重度抑郁症患者，多年住院，因病至贫，请求给我一个活下去的机会，能否资助我去上海市精神卫生中心住院，约6万元左右，钱全程不经我手，入院出院手续可以找警察监督下办理。如若病愈，我定想办法挣钱归还。回馈社会！,0
2025/3/29 18:30,固态国内也得加把劲，等着买固态电池汽车,0
2025/3/29 18:31,先买两个馒头[捂脸],0
2025/3/29 18:32,买瓶怡宝当枕头，梦里啥都有,0
2025/3/29 18:32,不戳真不戳,0
2025/3/29 18:33,这就是金牌销售的自我修养，开汽车大会也不忘安利一下自家的手机，赞,0
2025/3/29 18:36,就那些买小米车的，确实有钱，买个玩具玩玩而已,1
2025/3/29 18:38,太实用了，太好了,0
2025/3/29 18:42,零钱买房。零钱通买车。,0
2025/3/29 18:43,肇庆山卡拉都看见好几台了,0
2025/3/29 18:43,这才是真实的商战[抠鼻][抠鼻][抠鼻],0
2025/3/29 18:43,牛鼻克拉斯hypercar 评论配图,0
2025/3/29 18:46,雷总又玩手机,0
2025/3/29 18:47,哇，效果好强大，去屏纹后出来的感觉就像高清PPT了！,0
2025/3/29 18:47,买药,0
2025/3/29 18:48,你这。。。。。别人很客气的和你说，判断不出来，你在这发火,1
2025/3/29 18:48,好棒??,0
2025/3/29 18:51,雷总好好上课！,1
2025/3/29 18:52,先买个烤肠得了,0
2025/3/29 18:53,修复小米,0
2025/3/29 18:54,培训的时候真的很方便，拍完后直接全部组合生成pdf文档简直不要太爽,0
2025/3/29 18:54,这都能广告,1
2025/3/29 18:55,对于经常拍合同发票的我很实用,0
2025/3/29 18:56,天呐  这功能真的很好  很需要   每次听讲座和培训的时候   手机拍的横纹真的看着晕   这个功能是只有15ultra有吗   15没有嘛,0
2025/3/29 18:59,小米不也是在做研究固态电池嘛,0
2025/3/29 19:01,一条消息两卖，开汽车会夸手机图,1
2025/3/29 19:02,雷总，搞个5.4英寸的手机呀。6.36英寸还是有点大。,0
2025/3/29 19:02,不懂,0
2025/3/29 19:03,求你了，将就一下买面吧,0
2025/3/29 19:07,沙苑市场买菜都看到一辆[呲牙],0
2025/3/29 19:07,雷总，这个功能特别好用，我开会的时候常用呢,0
2025/3/29 19:08,怎么没有华为转手机[微笑],0
2025/3/29 19:09,有报告分享嘛，我是做电池行业的,0
2025/3/29 19:12,其实是激发了沉睡的消费潜力，因为产品足够的吸引力,0
2025/3/29 19:12,怎么能像雷总这样优秀呢,0
2025/3/29 19:15,转发微博,0
2025/3/29 19:15,顶,0
2025/3/29 19:20,这效率[赞][赞][赞][赞][赞],0
2025/3/29 19:21,300米[捂脸],0
2025/3/29 19:21,纠结啥 直接转我 买个记性[惊喜],0
2025/3/29 19:22,我横沥都不下10辆了[看],0
2025/3/29 19:24,是想制造小米汽车质量新闻还是故意报复车主没在他们那里喷漆啊,1
2025/3/29 19:24,@發財饼果 快点 是超链接,0
2025/3/29 19:27,雷总，我2月定了su7pro，yu7上市时能给我换成yu7现车的单吗,0
2025/3/29 19:27,先睡了,0
2025/3/29 19:27,先买烟[看],0
2025/3/29 19:28,雷总你发烦人的这三个字，好可爱,0
2025/3/29 19:28,确实好用,0
2025/3/29 19:30,我作证 哈哈哈,0
2025/3/29 19:30,[捂脸],0
2025/3/29 19:30,小米侵权工程师专利,0
2025/3/29 19:32,祝贺小米汽车大卖[玫瑰][玫瑰][玫瑰],0
2025/3/29 19:33,原来相机文档模式可以去摩尔纹，雷总一条微博，解决了我多年的烦恼。,0
2025/3/29 19:33,先买药[看],0
2025/3/29 19:33,对于雷军谈超豪华市场对小米打开了大门，您怎么看？,0
2025/3/29 19:35,雷总牛逼,0
2025/3/29 19:36,买房车吧，直接两手抓[宕机],0
2025/3/29 19:38,不懂小米也是中国企业，为什么好多网上的人无端的就攻击它，而且是一直不断的攻击！人家经常上热搜也被阴谋论，难道中国企业只能够一家独大吗？不可以百花齐放吗？,0
2025/3/29 19:40,文档功能已经彻底干掉全能扫描王了,0
2025/3/29 19:40,买报纸   盖着不冷[抱抱你],0
2025/3/29 19:41,雷总好！,0
2025/3/29 19:42,我觉得吧，那车不是超豪华，只是价格豪华，我觉得定义为性能车比较合适[泣不成声],0
2025/3/29 19:42,湖北顶尖科技大佬,0
2025/3/29 19:43,也可以先买个冰淇淋吃,0
2025/3/29 19:46,就300米，就是走道也用不了几分钟吧,0
2025/3/29 19:57,这本来就是蓄意杀人了吧[听歌],1
2025/3/29 19:58,一个月出几次门？,1
2025/3/29 19:59,2张图一对比，功效不言而喻,0
2025/3/29 19:59,雷总 股票狂跌阿,1
2025/3/29 20:00,这个功能好实用,0
2025/3/29 20:02,咱俩旗鼓相当。[不失礼貌的微笑][看],0
2025/3/29 20:06,学习了,0
2025/3/29 20:07,饭也买不到,0
2025/3/29 20:08,这篇实用信息有些多啊,0
2025/3/29 20:08,拍照里的文档模式是这样用的，一直不知道他和别的模式有什么区别？,0
2025/3/29 20:09,该放的应该是菊厂吧？[捂脸],1
2025/3/29 20:10,我们这十八线小县城都有人买啊,0
2025/3/29 20:11,一种神奇的跨次元壁的感jio ,0
2025/3/29 20:12,大半夜出门？,0
2025/3/29 20:12,怎么判断能突破了 ??多多,0
2025/3/29 20:12,佛山禅城区的,0
2025/3/29 20:12,现在上下班经常看得到,0
2025/3/29 20:12,你看他那个图正常吗？[微笑],1
2025/3/29 20:13,苏州出个门最少看到3-4辆，去商场停车场最少十几台,0
2025/3/29 20:16,成都看到好多,0
2025/3/29 20:16,#小米SU7Ultra# #小米15Ultra#,0
2025/3/29 20:17,雷总，这个微博促进我买小米手机！,0
2025/3/29 20:17,雷军做飞机吧，以后每家每户都有飞机。,1
2025/3/29 20:18,广州前天碰到了,0
2025/3/29 20:18,我这边有一辆,0
2025/3/29 20:20,终于有人说出了实话,0
2025/3/29 20:21,先买张彩票吧[微笑],0
2025/3/29 20:23,#用户吐槽小米su7ultra试驾雷军秒道歉#,0
2025/3/29 20:23,先上班[泪奔],0
2025/3/29 20:23,这个功能很棒呀,0
2025/3/29 20:23,这个500人大群是什么总裁群吗,0
2025/3/29 20:23,哇哦,0
2025/3/29 20:23,您好，看到您提出的问题，小编这边了解到Xiaomi 15后置相机支持文档模式，若后续有任何疑问您可以随时私信小编。,0
2025/3/29 20:24,@ioe44 @pun @An @Heart. @Nop,0
2025/3/29 20:25,北京已经看到好多了,0
2025/3/29 20:25,郑州很多[笑哭],0
2025/3/29 20:26,先买张彩票,0
2025/3/29 20:28,米家第一销售,0
2025/3/29 20:28,先买瓶矿泉水把自己浇醒[泪奔],0
2025/3/29 20:29,武汉好多[黑脸],1
2025/3/29 20:29,雷总考不考虑支持一下氢燃料电池？,0
2025/3/29 20:29,小区就好几辆[尬笑],0
2025/3/29 20:30,北京很多,0
2025/3/29 20:30,我们小区看到七八台,0
2025/3/29 20:30,太牛啦,0
2025/3/29 20:31,南宁看到1辆,0
2025/3/29 20:34,云南楚雄 看见了不止一辆了,0
2025/3/29 20:35,这不就是装了个全能扫描王吗？,0
2025/3/29 20:36,小米SU7不是有哨兵模式吗 建议把那个开启[看],0
2025/3/29 20:37,这点健胃消食片都买不起,1
2025/3/29 20:37,不是哥们，你狂躁症啊,1
2025/3/29 20:37,我三线城市都好几辆,0
2025/3/29 20:37,成都很多，我已经看到不下30辆了，而且就在我家附近或路过，或停放,0
2025/3/29 20:42,零钱买房，零钱通买车[呲牙],0
2025/3/29 20:42,关键是有个博主跟拍了好几个视角，说小米姿态不好[不失礼貌的微笑],0
2025/3/29 20:43,倾听,0
2025/3/29 20:44,小区都好几辆,0
2025/3/29 20:45,先买桶泡面  再买瓶水,0
2025/3/29 20:48,我怎么感觉合肥好多[捂脸],0
2025/3/29 20:48,雷总商界刘德华，劳模+红的久还帅#中国电动汽车百人会论坛#,0
2025/3/29 20:50,划车漆，踹车门，扎车胎，刹车盘泼油，松螺丝，到底是哪个群体干的啊，好难猜啊[愉快],1
2025/3/29 20:50,9000多的灯[捂脸],0
2025/3/29 20:51,小区有两辆，路上也看到了，真好看,0
2025/3/29 20:51,十八线小县城见过一辆,0
2025/3/29 20:51,在一群大佬里，吐槽“300米”的事，总感觉有点……[捂脸][捂脸],0
2025/3/29 20:52,杭州很多,0
2025/3/29 20:53,我没在路上看见过，但是朋友圈一堆[捂脸],0
2025/3/29 20:53,买馒头吃吧，还能吃两天[捂脸],0
2025/3/29 20:54,叛了我的预判,0
2025/3/29 20:55,“赠送一次拖车去售后中心”，问界有吗,0
2025/3/29 20:55,那可是字节，等下给你截图发出去…,0
2025/3/29 20:55,有 很多,0
2025/3/29 20:56,北京很多啊,0
2025/3/29 20:56,我同事们,0
2025/3/29 20:57,@头不疼 @元気小石 @涵子。,0
2025/3/29 20:58,每天都看到十几辆，,0
2025/3/29 20:58,实用功能,0
2025/3/29 20:59,希望雷军搞一款内饰超过奔驰e的轿车，c级的价格，不要提速太快，够用就行,0
2025/3/29 20:59,我能进去试驾不,0
2025/3/29 20:59,这个杜宏也是个人物。,0
2025/3/29 21:00,长沙满大街都是,1
2025/3/29 21:00,呵呵,0
2025/3/29 21:00,小县城三辆,0
2025/3/29 21:01,小区、公司、路上都看到过,0
2025/3/29 21:02,真的 雷总这样 干啥都会成功的,0
2025/3/29 21:02,可以啊.,0
2025/3/29 21:03,雷总头像不是这个了,0
2025/3/29 21:04,普通人的话，雷军会管吗[看][看][看],0
2025/3/29 21:04,我哥开的做过了[白眼][看][看],1
2025/3/29 21:04,试驾？ 预约了  半个多月了也没人理我啊,0
2025/3/29 21:08,看过呀，在我们老家小镇上看到三辆[笑哭],0
2025/3/29 21:08,字节跳动的员工……,0
2025/3/29 21:09,广州看到五六辆了喔,0
2025/3/29 21:10,友商：他小子的花样太多了，我真学不会,1
2025/3/29 21:11,300米走一下都不行？,1
2025/3/29 21:11,多坐地铁应该能碰上小米7,0
2025/3/29 21:11,我的妈，这给了我死定了啊。我只要车能走就不觉得车有问题，我老公开上就能感觉出来哪不对，车轮卡了石头啥的都能感觉出来。我车胎都瘪了一个了也感觉不出来[流泪],0
2025/3/29 21:12,所以怎么入群，在线等,0
2025/3/29 21:12,其实不是300米的问题 主要是后面的解释说摆渡车都集中去接团体客户了 [调皮],0
2025/3/29 21:12,雷总！mpv啊！,0
2025/3/29 21:12,三百米，需要擺渡車拉,0
2025/3/29 21:13,确实牛逼,0
2025/3/29 21:13,有点厉害了,0
2025/3/29 21:13,小米13还在用呢，还有小米笔记本Pro啥时候出啊,0
2025/3/29 21:13,是的,0
2025/3/29 21:13,那确实哈,0
2025/3/29 21:14,很有实力呀,0
2025/3/29 21:14,确实是这样的,0
2025/3/29 21:14,EQ好,0
2025/3/29 21:14,就冲这服务，谁能做到，哈哈哈,0
2025/3/29 21:14,这个用户不一般,0
2025/3/29 21:14,肯定是大佬,0
2025/3/29 21:14,有点东西,0
2025/3/29 21:14,都是大佬,0
2025/3/29 21:14,好多人在说300米，这是300米的事吗，那为什么去的时候要用车接呢,1
2025/3/29 21:14,确实能让雷总看到证明社会地位差不多,0
2025/3/29 21:14,哦哦这样啊,0
2025/3/29 21:14,确实是 雷总的道歉,0
2025/3/29 21:14,肯定有点背景,1
2025/3/29 21:14,能跟雷总在同一个群里的就不是普通人啊,0
2025/3/29 21:14,雷总人真温和,0
2025/3/29 21:14,那得问什么身份的才到这个群啊,0
2025/3/29 21:14,能在雷军群里不是一般人物,0
2025/3/29 21:14,还真是，也得是不一般的人啊，不过我们雷总也是很平亿近人的,0
2025/3/29 21:14,难怪,1
2025/3/29 21:14,先卖了自己[奸笑]什么都有了[奸笑],1
2025/3/29 21:14,确实不是普通用户，要不雷总的道歉没那么及时,0
2025/3/29 21:14,这个用户得到雷总的秒道歉厉害了,0
2025/3/29 21:14,那确实,0
2025/3/29 21:14,厉害的人才能和厉害的人玩到一起,0
2025/3/29 21:14,什么档次才能进这个群？,0
2025/3/29 21:14,也是大佬级别的人才能够混进相同的圈子，很想看看小米公司后续是怎样解决的,0
2025/3/29 21:14,买得起都是尊贵客户,0
2025/3/29 21:14,不一般啊都,0
2025/3/29 21:14,没能力啥也不是，谁会搭理你,1
2025/3/29 21:14,肯定是有权有地位的，不然普通人哪能让他道歉,1
2025/3/29 21:15,笑死 普通用户不能提意见吗？,1
2025/3/29 21:15,先活着,0
2025/3/29 21:15,确实呀肯定不是普通用户,0
2025/3/29 21:15,唉，人家得是一个水平的,0
2025/3/29 21:15,建议先睡觉,0
2025/3/29 21:15,哇哦,0
2025/3/29 21:15,首先用户不是普通的用户，但是雷总的秒道歉也能看出雷总用户至上，真诚谦和的敬业态度,0
2025/3/29 21:15,那群里的，都不是普通人吧,1
2025/3/29 21:16,华为用户怎么闻着味就来了？,1
2025/3/29 21:16,是啊,0
2025/3/29 21:16,看了欧阳明高院士的ppt，里面的化学的内容基本上都能看懂，开心,0
2025/3/29 21:16,我家楼下汽车服务中心看见过,0
2025/3/29 21:16,建议把售后授权给途虎养车工厂店，,0
2025/3/29 21:16,去看了原文，还真是服了三百米是有多远吗,1
2025/3/29 21:16,那确实是,0
2025/3/29 21:17,你说的也有道理,0
2025/3/29 21:17,没看明白发生了什么事情,0
2025/3/29 21:17,曝光了就得处理,1
2025/3/29 21:17,关键是怎么用这个功能，我的是红米K80,0
2025/3/29 21:17,不一定吧，我觉得雷总还是很谦逊的,0
2025/3/29 21:17,300米，是没有腿吗,1
2025/3/29 21:17,字节高管就这？,1
2025/3/29 21:17,这就是雷总的不同之处，他很在意每一个用户的声音,0
2025/3/29 21:17,说的有道理,0
2025/3/29 21:18,成都到处都是，我还以为是保时捷呢[捂脸],0
2025/3/29 21:18,电瓶车载人不违规？,0
2025/3/29 21:18,??副总的吐槽才能得到军儿的回应啊,0
2025/3/29 21:18,不是一个级别也不会在一个群里，都是大佬,0
2025/3/29 21:19,是非多,0
2025/3/29 21:19,我们这都见的挺多的[捂脸],0
2025/3/29 21:19,运动只能在健身房，几步路都走不了的上层精英们,1
2025/3/29 21:19,碰到过啊,0
2025/3/29 21:19,看情况吧,0
2025/3/29 21:20,普通用户可以提，但不会有人理你,0
2025/3/29 21:20,雷总真的好真诚,0
2025/3/29 21:20,雷：都是大修，怎么快[捂脸],0
2025/3/29 21:21,今年小米保费上涨了没,0
2025/3/29 21:21,天天刷热搜都看吐了,0
2025/3/29 21:21,都是大佬啊,0
2025/3/29 21:21,先买饭,0
2025/3/29 21:21,二锅头搞里头  馒头搞里头,0
2025/3/29 21:22,非常多啊[看],0
2025/3/29 21:22,300米为什么需要摆渡车我不理解,0
2025/3/29 21:23,雷总，坐在第一排也很重要否则就变成了各位大佬的后脑勺摄影大赛了,0
2025/3/29 21:23,应该不是一般人啊,0
2025/3/29 21:23,肯定不是了,0
2025/3/29 21:23,跟我没关系啦,0
2025/3/29 21:23,哈哈，有人要被开除了,1
2025/3/29 21:24,要不然也不会在那群里,0
2025/3/29 21:24,不是普通用户啊,0
2025/3/29 21:24,雷军道歉行动快，真诚感十足，比客服更贴心。,0
2025/3/29 21:24,这也只是猜测,0
2025/3/29 21:24,这哪是普通用户，分明是钞能力和人脉双重buff加成,1
2025/3/29 21:24,圈子门槛确实够高，期待雷总在发布会上有什么惊喜彩蛋,0
2025/3/29 21:24,真相了！就像进高端局得先有VIP卡，我这三千块身价只能蹲门口围观,0
2025/3/29 21:24,雷总这反应速度，怕是售后天花板了不过普通车友得先混进大佬群才有这待遇,0
2025/3/29 21:24,雷总这波操作，情商直接拉满 试驾变秒道歉，下次得先混进大佬群才行啊！,0
2025/3/29 21:24,雷总这波反应速度快，不过先得混进大佬圈才行,0
2025/3/29 21:24,真相了！想被雷总翻牌，得先混进大佬圈里，再让大佬安排,0
2025/3/29 21:24,"多小众的理由啊[捂脸]
缺点:车卖的太快，店开的太慢[流泪]",0
2025/3/29 21:24,这波确实，雷总的钞能力和大佬光环双buff加成,0
2025/3/29 21:24,那像我这种身价三千块的，只能和车评圈的大佬们混群了,0
2025/3/29 21:24,确实很真诚,0
2025/3/29 21:24,人家是字节跳动人力资源的副总裁，都是大佬，惹不起啊,0
2025/3/29 21:24,我雷哥太接地气了,0
2025/3/29 21:25,雷总真速度啊,0
2025/3/29 21:26,支持雷总多为国人谋福利,0
2025/3/29 21:26,武汉见的太多了,1
2025/3/29 21:26,跟雷军在一个群里就可以,0
2025/3/29 21:26,雷大哥行动可以,0
2025/3/29 21:27,@雷军 别忙着立人设，别忙着营销了，先解决消费者的诉求吧,1
2025/3/29 21:27,哈哈,0
2025/3/29 21:27,肯定不是普通人啊,0
2025/3/29 21:27,[宕机]小县城见过次 感觉很好看,0
2025/3/29 21:27,哈哈哈哈哈哈,0
2025/3/29 21:28,是的，都是统一阶层的,0
2025/3/29 21:28,人家这格局 不愧是当大老板的人,0
2025/3/29 21:28,普通人有这速度么，这是借机营销策划的吧,1
2025/3/29 21:28,这种热搜搞多了，就显得恶心人了,1
2025/3/29 21:28,所以为什么买个热搜无时无刻不在营销,1
2025/3/29 21:28,这个什么事情呀,0
2025/3/29 21:28,固态电池发展不及预期，希望赶紧量产吧,0
2025/3/29 21:28,小区好几辆。[灵机一动],0
2025/3/29 21:29,以前雷总在这个群发红包,0
2025/3/29 21:29,看来雷总明天不会出现在仙桃马拉松了[偷笑]???♀?有没有奇迹[捂脸],0
2025/3/29 21:29,一年前才上市su7，要去试驾，销售和我说交了五千块锁单优先试驾，瞬间没兴趣了,0
2025/3/29 21:29,哇塞，能和雷总群聊，这可是隐形的会员待遇耶，杜宏大佬也太酷了吧，简直就是职场与科技的双重宠儿！,0
2025/3/29 21:29,雷总人真的太不错了,0
2025/3/29 21:29,说真的，才300米 这是自黑吗,1
2025/3/29 21:29,好官方的微博,0
2025/3/29 21:29,用的什么充电器？用的什么线？电池修过吗？换过电池吗？事情的真相到底是什么？怎么什么货色都能当博主。收钱了吗@小米法务部,1
2025/3/29 21:30,看到过三辆了[看],0
2025/3/29 21:30,雷军亲自道歉很真诚呀，那些质疑声可以停停啦,0
2025/3/29 21:30,也不是一般人得,0
2025/3/29 21:30,小米su7的用户在群里吐槽车的问题，雷军秒道歉,0
2025/3/29 21:31,米侯这也营销，真的扶了,1
2025/3/29 21:31,小米内部人士1万辆也够了,0
2025/3/29 21:31,路上全是[流泪],0
2025/3/29 21:31,不愧是雷总,0
2025/3/29 21:31,如果是手机屁声音不会有一个,1
2025/3/29 21:31,雷总好脾气,0
2025/3/29 21:31,应该讲术语:摩尔纹,0
2025/3/29 21:31,米孝子又来了，我用的其他品牌手机充电器从来不是原装的，也没爆炸啊//@霍龙国J:用的什么充电器？用的什么线？电池修过吗？换过电池吗？事情的真相到底是什么？怎么什么货色都能当博主。收钱了吗@小米法务部,1
2025/3/29 21:31,对啊，人家是字节跳动的能一样吗,1
2025/3/29 21:32,哈哈雷总厉害了,0
2025/3/29 21:32,这倒是真的,0
2025/3/29 21:32,大爷当惯了，300米都不能走了[流泪],0
2025/3/29 21:32,雷肖战giegie又买热搜了,1
2025/3/29 21:32,雷总做什么都会成功的,0
2025/3/29 21:32,不应该修个高铁吗？,0
2025/3/29 21:32,太帅了,0
2025/3/29 21:32,是聊天记录 不得不信了,0
2025/3/29 21:32,@空。,0
2025/3/29 21:32,那王兴得为多少骑手道歉，一堆要走路进出600米以上的小区,1
2025/3/29 21:32,太厉害了，遥遥领先，世界第一???,0
2025/3/29 21:32,还是秒回复的呀,0
2025/3/29 21:32,这是用户非常喜欢看到的,0
2025/3/29 21:32,滁州市全椒县看到三辆[微笑],0
2025/3/29 21:32,雷总很真诚了,0
2025/3/29 21:33,买个几个包子吧,0
2025/3/29 21:33,哈哈哈原来雷军的男粉丝是真饭圈,1
2025/3/29 21:33,各个公司集团的总裁副总这种,0
2025/3/29 21:33,这几张，我也拍了,0
2025/3/29 21:33,这不是用户，这是副总,1
2025/3/29 21:33,郑州一大堆啊。。。但凡出门都能看到好几辆,0
2025/3/29 21:34,能买小米的，都是冲着雷军去的，真是啥也不懂又爱装逼,1
2025/3/29 21:34,好厉害 功能很赞??雷总不愧是带货达人,0
2025/3/29 21:34,饭也吃不起[捂脸],0
2025/3/29 21:34,最近车上路的负信息不少，这是转移关注的公关手段吗,1
2025/3/29 21:34,忍忍,0
2025/3/29 21:35,这么明显的摆拍,1
2025/3/29 21:35,今天的第三个热搜,0
2025/3/29 21:35,我在里面...（发表情包那个）,0
2025/3/29 21:35,大街上隔三差五看到[看],0
2025/3/29 21:35,300米？？？需要坐摆渡车？？？,0
2025/3/29 21:36,@小米法务部,1
2025/3/29 21:36,很难共情到这位顾客、、、,0
2025/3/29 21:36,雷总态度很好哈哈哈,0
2025/3/29 21:36,是呀，雷军成功是有道理的,0
2025/3/29 21:36,不如我新一哥 我给我新一哥评论，他也能秒回复3s之内 ,0
2025/3/29 21:36,这个群应该是当时资智回汉时期的，主要是一些关联企业主和行政人员,0
2025/3/29 21:36,售后服务的确给力,0
2025/3/29 21:36,干小米4s需要啥，,1
2025/3/29 21:36,米孝子还真多啊,1
2025/3/29 21:36,四五线小城市已经看到四五辆了,0
2025/3/29 21:36,雷总还是造航母吧！以后中国人家家户户都是航母。[冷漠],1
2025/3/29 21:36,@雷军新一的车 交付能不能快点,0
2025/3/29 21:37,1000万的配置你卖53万，也超出所有人的想象，同行都在骂，只有消费者在买单[白眼],1
2025/3/29 21:37,这不是雷总的常规操作嘛,0
2025/3/29 21:37,真是退化了,1
2025/3/29 21:37,那就不得不说说我们去看车，销售告诉我们没有预约不能试驾的故事了，6台试驾车停门口就是要预约，就是不能试,0
2025/3/29 21:37,雷总真的好亲和,0
2025/3/29 21:37,雷总又走在前沿,0
2025/3/29 21:37,肯定是助理回的,0
2025/3/29 21:38,@雷军 我哥问你呢，为啥秒回复他们，不回复新一？？？小心科技新一文化传媒公司收购小米,1
2025/3/29 21:38,粗粮在炒作的赛道是最有实力的,0
2025/3/29 21:38,小米在营销这块真是遥遥领先,0
2025/3/29 21:38,我们这很多[黑脸]我老板就是,1
2025/3/29 21:38,三百米还要等个摆渡车，没有了就去几百人大群吐槽。走几步锻炼锻炼吧，小心身体健康,0
2025/3/29 21:39,这不起诉等啥呢,1
2025/3/29 21:39,深圳看到挺多的，只要上路就碰到过[不失礼貌的微笑],0
2025/3/29 21:39,先买饭吃饱先好嘛,0
2025/3/29 21:39,可以可以。。。雷总这波上大分啊,0
2025/3/29 21:39,哈哈速度太快了,0
2025/3/29 21:39,邯郸看到过好几辆,0
2025/3/29 21:39,确实是,0
2025/3/29 21:40,堂主小灶码字辛苦了，高质量的后花园,0
2025/3/29 21:40,唉要不说人家小米能成功呢，这样的领导人不成功都难[泪奔],0
2025/3/29 21:40,这群里面也是各行各业的高管,0
2025/3/29 21:40,请问下是每款小米手机都有此功能？还是,0
2025/3/29 21:40,？？？,0
2025/3/29 21:40,只要这个车不是去伤害无孤,0
2025/3/29 21:40,售后最好的我感觉就是苹果,0
2025/3/29 21:40,司令这是找到了重点,0
2025/3/29 21:41,这些咱们看看就行了,0
2025/3/29 21:41,都不可能在一个群,0
2025/3/29 21:41,太牛逼??，遥遥领先,0
2025/3/29 21:41,秒速公关,0
2025/3/29 21:41,往市区走走,0
2025/3/29 21:41,这个用户也不是一般人,0
2025/3/29 21:41,雷总拉我进群,0
2025/3/29 21:42,和雷军在一个群里是怎么样的体验,0
2025/3/29 21:42,原来如此,0
2025/3/29 21:42,又在自导自演了,1
2025/3/29 21:42,买个魔芋爽一爽[调皮][赞],0
2025/3/29 21:42,说得没错 要理性,0
2025/3/29 21:42,为啥道歉啊,1
2025/3/29 21:42,都是老总的群吧,0
2025/3/29 21:42,怎么觉得 柯洁一瞬间像姿态[捂脸][捂脸],0
2025/3/29 21:42,翻译：我们却是有些地方做得不好，但是是服务，不是车，这样可以混淆负面新闻的提纯,1
2025/3/29 21:42,【#用户吐槽小米su7ultra试驾雷军秒道歉#】吐槽的人表示，“没想到雷总回复这么快，感谢感谢，可能也是一些小细节，确实刚才有点生气，但是也确实希望小米持续改进。”搜索发现，吐槽的用户昵称为“杜宏字节跳动”，疑似是抖音集团人力资源副总裁杜宏。,0
2025/3/29 21:43,笑鼠,0
2025/3/29 21:43,我很少关注这些,0
2025/3/29 21:43,小米12手机？ 啥时候出的,0
2025/3/29 21:43,早就猜到了，小米的售后是在组建的初期，所以我的挺多同事很多去小米咨询的，说如果工资高的话就跳槽去那里了，只有我淡定的一批劝他们冷静一点，现在才开这么几个店，车交付了那么多，到时候修死你们，他们听我这么一说，才冷静了下来[笑哭],0
2025/3/29 21:43,雷总在玩手机啊,0
2025/3/29 21:43,不看这些就行了,0
2025/3/29 21:43,雷总又去开会了呀！日理万机,0
2025/3/29 21:43,@雷?军 是你吗雷总,0
2025/3/29 21:43,路上太多了,0
2025/3/29 21:43,500人的群没有@，怎么做到秒回，假消息营销,1
2025/3/29 21:43,斗粑粑的高管，他也惹不起,1
2025/3/29 21:43,金牌客服小雷的服务还是不错的,0
2025/3/29 21:43,希望我雷哥能重视一下新一的诉求,0
2025/3/29 21:43,小区就有几辆，路上也经常看到。,0
2025/3/29 21:43,买的都是豪车，起码有钱,0
2025/3/29 21:43,这个人都删除了，你还在这带节奏呢？,1
2025/3/29 21:43,雷总现在就是个流量包,1
2025/3/29 21:43,他有时间看群消息吗,0
2025/3/29 21:44,都是大佬级的,0
2025/3/29 21:44,确实厉害,0
2025/3/29 21:44,营销的神,0
2025/3/29 21:44,怪不得呢,0
2025/3/29 21:44,也就是流量密码,0
2025/3/29 21:44,都是大佬啊,0
2025/3/29 21:45,一波炒作，厉害,1
2025/3/29 21:45,很多啊,0
2025/3/29 21:45,我邻居停我门口,0
2025/3/29 21:45,实际体验才是,0
2025/3/29 21:46,这又是啥情况啊,0
2025/3/29 21:46,928,0
2025/3/29 21:46,雷总不也投资了字节嘛，自己员工批评老板，老板还能这么好声好气[看][看][看][看],0
2025/3/29 21:46,雷军:用户遇到问题不是先联系客服解决，而是先去网上吐槽,0
2025/3/29 21:46,按这个大概率是大晚上不拔电源充电，加上已过折旧期的手机，自己日常用电不规范，应该其自己全责,1
2025/3/29 21:46,天津上班路上至少看到3辆车在路人，2辆车停路边。走高速每次看到2板车SU7从北京发往南方,0
2025/3/29 21:46,删除了代表手机没爆炸？,1
2025/3/29 21:46,希望不是自导自演的炒作,1
2025/3/29 21:46,反应速度确实快，这波操作拉好感 异地转籍新规也方便多了，双管齐下真不错,0
2025/3/29 21:47,我们明天去看看能不能试驾？有没有改进,0
2025/3/29 21:47,雷总那么大忙人还有时间看手机看群信息吗,0
2025/3/29 21:47,正解,0
2025/3/29 21:47,在大朗镇这边我接到了几十辆[泪奔],0
2025/3/29 21:47,雷总的格局打开了，小米的未来不可估量！,0
2025/3/29 21:47,果然二师兄不是一般人,0
2025/3/29 21:47,在这个群里面的肯定也不是一般人,1
2025/3/29 21:47,你继续纠结吧宝[流泪],1
2025/3/29 21:47,没有回复新一？ Ultra咱不要了就开特斯拉，气气雷总,1
2025/3/29 21:48,一看就不是普通人啊,0
2025/3/29 21:48,军哥这速度，简直是光年往返，比心跳还快呢！夸夸秒回的超能力，给生活加点甜蜜剂～,0
2025/3/29 21:48,责任认定事故书都有了，这还不起诉雷军,1
2025/3/29 21:48,不管如何，虚心听取意图，这格局很大,0
2025/3/29 21:48,雷总真是谦逊啊,0
2025/3/29 21:48,应该都是大佬级别，一般人不会的,0
2025/3/29 21:48,我在杭州和苏州路上看到过好几次，我们组里一个同事也买了,0
2025/3/29 21:48,我们四线小县城都看到过三四辆了,0
2025/3/29 21:48,雷总造火箭吧，大家都要上天[发呆],1
2025/3/29 21:49,这品控很小米[捂脸],0
2025/3/29 21:49,评论区的米孝子，希望你们买的其他品牌手机爆炸了，也能找到这么多理由替厂商辩解,1
2025/3/29 21:49,雷总做什么都会成功,0
2025/3/29 21:49,哈哈，对，我也在大朗这边我看见几十辆了[捂脸],0
2025/3/29 21:49,66,0
2025/3/29 21:49,这就跟楼盘建成了，周边学校，超市，医院，菜场……同步设施都没跟上，截止至今，小米各项问题，慢慢浮出水面！[捂脸][捂脸][捂脸],0
2025/3/29 21:49,先充手机电,0
2025/3/29 21:49,能在一起聊天的肯定不是普通人啊,0
2025/3/29 21:49,雷总还是很亲民的,0
2025/3/29 21:49,买包辣条吧,0
2025/3/29 21:49,不太了解这个,0
2025/3/29 21:49,原来都是大佬级别的人,0
2025/3/29 21:50,不怕出问题，对待问题的态度才是关键,0
2025/3/29 21:50,处理方式很好啊,0
2025/3/29 21:50,你先买了小米泡个妹子，然后你跟他一起打工买房[看],1
2025/3/29 21:51,这是我天天都用的功能,0
2025/3/29 21:51,普通人的吐槽他哪会看见,0
2025/3/29 21:51,那肯定是高管之类的人,0
2025/3/29 21:51,哈哈哈哈哈,0
2025/3/29 21:51,@追剧的薯条 好像并没有[尬笑],0
2025/3/29 21:52,雷总表现出了谦逊的一面,0
2025/3/29 21:52,可以可以,0
2025/3/29 21:52,这种问题直接起诉啊！谁的问题谁负责，喊毛道歉啊！法律，法律，还是tm的法律啊！,1
2025/3/29 21:52,没办法，自带流量,0
2025/3/29 21:52,小米真是家伟大的公司，不管做手机还是做车，都能养活很多做维修的[赞],0
2025/3/29 21:52,不贵[鼓掌][鼓掌][鼓掌][鼓掌][鼓掌][鼓掌][捂脸],0
2025/3/29 21:52,你试试看普通人有这效率,1
2025/3/29 21:53,拉一波好感,0
2025/3/29 21:53,雷军居然比新一更快！,0
2025/3/29 21:53,300m送了还得怪你没给他送到家门口再给他磕个头,1
2025/3/29 21:53,那当然啦，还是得有实力才行,0
2025/3/29 21:53,感觉天天都能听到雷总的消息啊,0
2025/3/29 21:53,我们小镇上都看到几辆了,0
2025/3/29 21:53,300米很远吗[微笑][微笑],0
2025/3/29 21:53,这话没毛病啊,0
2025/3/29 21:53,好感度拉满,0
2025/3/29 21:53,矫情,1
2025/3/29 21:54,雷军道歉才会上头条,1
2025/3/29 21:54,这是肯定的,0
2025/3/29 21:54,300米我以为3000,0
2025/3/29 21:55,被道歉的是字节高管，雷军能把企业做这么大看人下菜碟的本领早滚瓜烂熟了,1
2025/3/29 21:55,雷总第一次做高端体谅一下,0
2025/3/29 21:55,先醒醒,1
2025/3/29 21:55,就营销吧，那谁羊驼出问题了，过了半天才回复,1
2025/3/29 21:55,为嘛秒道歉,1
2025/3/29 21:55,啊 很多啊,0
2025/3/29 21:55,抖音的高管漂了,1
2025/3/29 21:55,这个肯定不是普通人啊,0
2025/3/29 21:55,有个群体把真诚和敬业贬低成了营销手段,1
2025/3/29 21:56,真不错,0
2025/3/29 21:56,好的[哪吒使坏][哪吒使坏],0
2025/3/29 21:56,是吗 我为什么总是看到广汽丰田[快哭了],0
2025/3/29 21:56,速度比三秒还快，超越了新一,0
2025/3/29 21:56,雷军态度诚恳，小米服务升级有望,0
2025/3/29 21:56,这群不简单,0
2025/3/29 21:56,好的[招财进宝][招财进宝],0
2025/3/29 21:56,比你都快吗？,0
2025/3/29 21:56,真的秒回啊,0
2025/3/29 21:56,@Ymyyytqihna,0
2025/3/29 21:56,三百米需要车拉？,0
2025/3/29 21:56,雷子,0
2025/3/29 21:56,[不是吧],0
2025/3/29 21:56,兔总做好饱和式攻击准备吧,1
2025/3/29 21:57,可以啊,0
2025/3/29 21:57,雷总的热搜体质真的厉害，博得广大消费者喜爱和注意,0
2025/3/29 21:57,那不意外了，普通人是没资格得到雷总亲自道歉的//@谁说一定要这样:被道歉的是字节高管，雷军能把企业做这么大看人下菜碟的本领早滚瓜烂熟了,1
2025/3/29 21:57,这手速比我抢Ultra还快... 雷总这是偷偷练了无影指吧？,0
2025/3/29 21:57,60多亿[泪奔],0
2025/3/29 21:57,脚断了？300米都走不了？,1
2025/3/29 21:58,大佬就是大佬，表現的很有格局,0
2025/3/29 21:58,50 万以上全年才 12 万辆？华为起码占八成啊,0
2025/3/29 21:58,俄，这个稍微有点营销过了,0
2025/3/29 21:58,用户都是上帝,0
2025/3/29 21:58,哈哈哈，十八万就售后重创了，如果卖了一百八十万辆，哪就肯定上315了[大笑],1
2025/3/29 21:58,佩服雷总,0
2025/3/29 21:58,买的,0
2025/3/29 21:58,回复@科技新一:,0
2025/3/29 21:58,雷总,0
2025/3/29 21:58,我家楼下就有,0
2025/3/29 21:59,不愧是雷总。,0
2025/3/29 21:59,随时都可以,0
2025/3/29 21:59,老板都已立好规矩 员工也要跟进,0
2025/3/29 21:59,厦门很多[捂脸],0
2025/3/29 21:59,合资车车主能不羡慕吗？国产品牌都哄着车主,0
2025/3/29 21:59,不懂就问：保时泰这个品牌存在了几年？,0
2025/3/29 21:59,都是大佬级别的,0
2025/3/29 21:59,营销大师,0
2025/3/29 21:59,雷总棒棒哒??,0
2025/3/29 21:59,这群里应该都是顶级大佬高管吧,0
2025/3/29 21:59,格局打开,0
2025/3/29 21:59,漆任何一家修理店都可以做到,0
2025/3/29 22:00,要修车的太多了，服务中心忙不过来了。理解支持一下，克服一下困难。要有信仰，懂不？,0
2025/3/29 22:00,腾势就是缺乏流量,0
2025/3/29 22:00,肯定,0
2025/3/29 22:00,我想试驾这个,0
2025/3/29 22:00,细节决定成败,0
2025/3/29 22:00,手机爆炸??????????我靠,1
2025/3/29 22:00,属于置顶的群,0
2025/3/29 22:00,@雷军 赶紧跟新一谈一下收购的事情。新一3秒就到,1
2025/3/29 22:01,小米营销领先时代。同时我不理解300米也值得吐槽？,0
2025/3/29 22:01,雷总时刻在线,0
2025/3/29 22:01,天才思维总是和别人不一样,0
2025/3/29 22:01,你是认真的吗？,1
2025/3/29 22:01,厉害,0
2025/3/29 22:01,能跟雷军在同一个群的是什么人,0
2025/3/29 22:01,说明投入全在车上了，性价比拉满,0
2025/3/29 22:01,小区里就有人开,0
2025/3/29 22:01,谁买的热搜我还以为是向普通用户道歉呢,1
2025/3/29 22:01,"猜一下维修店公告：
        系员工个人行为，该员工为临时工作人员，已离职",0
2025/3/29 22:01,雷总是真会啊,0
2025/3/29 22:01,雷总这态度值得点赞,0
2025/3/29 22:01,所以还买什么合资豪华车，自己的牌子宠自己人,0
2025/3/29 22:01,我觉得吐槽的有道理。,0
2025/3/29 22:02,去起诉啊！在这叫春呢？,1
2025/3/29 22:02,是啊,0
2025/3/29 22:02,友商：他小子的花样太多了，我真学不会,1
2025/3/29 22:02,还是有点份量的,0
2025/3/29 22:02,南昌市大把的[比心],0
2025/3/29 22:02,都可以买买买,0
2025/3/29 22:02,又在开会期间玩手机了雷总,1
2025/3/29 22:02,这些车你们都跑错了地方，他不应该跑高速市区，你让他跑山路试试包爽的,1
2025/3/29 22:02,300米摆渡车？！,0
2025/3/29 22:02,一直都很喜欢雷军,0
2025/3/29 22:03,哈哈哈 可能确实废到一步走不了,1
2025/3/29 22:03,难怪国内的肥胖率会这么高，连300米的距离都不舍得走一下！,1
2025/3/29 22:03,腾势的车型也是不错的啊,0
2025/3/29 22:03,确实是细节不过300米就这么动气真把自己当大爷,1
2025/3/29 22:03,造车速度太慢了，导购服务不好,1
2025/3/29 22:03,新一问su7 ultra交付时间咋没回复？,0
2025/3/29 22:03,时刻在线啊,0
2025/3/29 22:03,一个星期雷总跑了好几个地方，工作狂,0
2025/3/29 22:03,雷总不愧是干大事的,0
2025/3/29 22:03,雷布斯,0
2025/3/29 22:04,我这边已经看见几十辆了[泪奔],0
2025/3/29 22:04,：；；；；,0
2025/3/29 22:04,字节跳动的人力资源副总裁,0
2025/3/29 22:04,不信，除非有图有真相,0
2025/3/29 22:05,该门店的服务人员是不是要遭殃了,1
2025/3/29 22:05,活跃的网民,0
2025/3/29 22:05,回复@欧气的筱市民:明显买的 这有啥看不出来,1
2025/3/29 22:05,舌哥找个问题问问艾特一下，看能否秒回,0
2025/3/29 22:05,牛,0
2025/3/29 22:05,雷总很大气,0
2025/3/29 22:05,这个车适合在德国不限速高速开，在国内的话不太适合，就纯纯好奇心害死猫。,0
2025/3/29 22:06,雷总的态度诚恳，值得信赖,0
2025/3/29 22:06,雷总怎么都会成功,0
2025/3/29 22:06,雷总我想去你做售后，目前也是干售后的@雷军,0
2025/3/29 22:06,928,0
2025/3/29 22:06,有没有可能是营销的需要？,0
2025/3/29 22:06,给力,0
2025/3/29 22:06,动手,1
2025/3/29 22:07,你猜啊,0
2025/3/29 22:07,雷总轻易上热搜，腾势车主交流等活动热度低，期待被关注。,0
2025/3/29 22:07,对的,0
2025/3/29 22:07,点赞??,0
2025/3/29 22:08,养血,0
2025/3/29 22:08,有些人就是会营销，多给实在做事的企业点热度吧,0
2025/3/29 22:08,不愧是雷总,0
2025/3/29 22:08,微博雷军有时候也会回消费者的意见,0
2025/3/29 22:08,@微醺??,0
2025/3/29 22:08,先买个塑料碗，再捡一根棍子，开始创业，积累了一定的资金后，再买个铁碗，换根铁棍子，包装下扩大业务,0
2025/3/29 22:08,为什么不喜欢小米，说实话雷军这个人我非常敬佩，但是除了雷总外的高层让我非常恶心，踩友商的事没少干，雷总再不管管真不行了，比如那个吹苹果的，是谁我就不点名了,1
2025/3/29 22:09,爆炸就一定是手机的问题，你也是搞笑，不只你到底什么心思，其心可诛。,1
2025/3/29 22:09,我微信基本上也都是秒回,0
2025/3/29 22:09,至少能面对呗,0
2025/3/29 22:09,小米的售后服务，果然名不虚传！雷总出手，秒级响应，真是太给力了！,0
2025/3/29 22:09,会营销就是厉害,0
2025/3/29 22:09,928,0
2025/3/29 22:10,哈哈，确实，雷总还是很不错的,0
2025/3/29 22:10,何时能走进你的朋友圈？,0
2025/3/29 22:10,这个没啥问题，不过微信 微博这种东西都有运营的，是不是本人就不知道了,0
2025/3/29 22:10,雷总有格局,0
2025/3/29 22:10,投资人给人力总监道歉,0
2025/3/29 22:11,补漆还要去小米700公里远啥子中心，随便找家维修店都可以嘛,0
2025/3/29 22:11,这营销，做的真好,0
2025/3/29 22:11,回复@苏子佩_:你有机会和雷总一个群？,0
2025/3/29 22:11,太酷了吧车子,0
2025/3/29 22:11,拉胯,1
2025/3/29 22:11,因为吐槽的字节杜总和雷军同在一个微信群里,1
2025/3/29 22:11,回复@Hypostasy:话说拉踩营销，各厂商其实也都干过,0
2025/3/29 22:11,前几天看到个没上牌的[色],1
2025/3/29 22:11,嗯 别被带偏,0
2025/3/29 22:11,这个反应速度可以，雷总也是操碎了心,0
2025/3/29 22:11,操场400米，300米太远了,0
2025/3/29 22:12,你也该去帮助其他被其他品牌受伤害的人懂？别盯着小米不放,1
2025/3/29 22:12,回复很快,0
2025/3/29 22:12,真的是雷总本人回复的吗,0
2025/3/29 22:12,雷总真的是细无巨细吧,0
2025/3/29 22:12,字节跳动哪个高管敢开微博露脸吗，唯一上的排面的还是小米第二帅,1
2025/3/29 22:12,雷总回应真够快,0
2025/3/29 22:13,所以我虽然不喜欢小米，但是特别敬佩雷总,0
2025/3/29 22:13,回复@昨日盛夏呐:很巧，我刚好看到的就是小米，别的品牌没看到,0
2025/3/29 22:13,前面还能放卫生巾，省的发霉。雷总记得出你的新产品，卫生巾。没有你不干的,1
2025/3/29 22:13,我以为300米是拉车呢，无知了,0
2025/3/29 22:13,不可思议，700多公里相当于从上海跑到福建去售后[捂脸]好像身边确实没看到过小米的4s店,0
2025/3/29 22:13,我们学校一个学院楼地下室停过一辆[黑脸],0
2025/3/29 22:13,雷总有问题不回避，及时改进,0
2025/3/29 22:13,说的，已经有点生理不适了，看到雷x！！！麻木了。有点反胃了，过度营销,1
2025/3/29 22:13,济南光我上班两公里路上就看见好3种不同的颜色[捂脸],0
2025/3/29 22:13,需要雷子背嘛？,1
2025/3/29 22:14,雷总这速度，怕不是连夜扛着服务器在优化呢,0
2025/3/29 22:14,雷总非常接地气，做啥事都非常速度！,0
2025/3/29 22:14,[捂脸][捂脸],0
2025/3/29 22:14,感觉雷总的热度真的是太高了,0
2025/3/29 22:14,这波操作确实快，但下次改进得看效果了！,0
2025/3/29 22:14,雷总可千万别听这些院士瞎忽悠啊,1
2025/3/29 22:14,这不是一般群吧要不雷总能在,0
2025/3/29 22:14,"我跟战鹰太熟了
我跟她很熟吗？",0
2025/3/29 22:14,雷总对小米汽车很上心,0
2025/3/29 22:14,928,0
2025/3/29 22:14,雷总效率真高佩服,0
2025/3/29 22:15,用这个文档功能拍了一年课件[吃馕],0
2025/3/29 22:15,作秀而已，别当真,1
2025/3/29 22:15,感觉只要一带雷总的名字准上热搜,0
2025/3/29 22:15,那是必须的,0
2025/3/29 22:15,雷军很喜欢用手机参数的思维在造车。比如这个参数多一点。这个参数领先。,0
2025/3/29 22:15,928,0
2025/3/29 22:15,牛逼的售后啊,0
2025/3/29 22:15,雷总真的是很友好,0
2025/3/29 22:15,都在强调三百米不远，既然不远，为什么一开始要电瓶车送呢？意思是说小米故意多此一举咯？,1
2025/3/29 22:15,说的很对呀,0
2025/3/29 22:15,一为雷总的态度点赞，二为这个事儿逼点，300米在这矫情啥,1
2025/3/29 22:15,二师兄居然也有雷总的微信？厉害了,0
2025/3/29 22:15,我也用过,0
2025/3/29 22:16,小米也有饭圈啊,0
2025/3/29 22:16,肯定会道歉，不然就得被截图上热搜了，他还是拎得清的,0
2025/3/29 22:16,反正都那样,0
2025/3/29 22:16,我觉得雷总的现在的热度绝对超过一线明星，三天两头都能在热搜上看到他,0
2025/3/29 22:16,1500马力，700公里路去去也快,0
2025/3/29 22:16,你和雷总差不多嘛，一个秒回一个秒射,1
2025/3/29 22:17,1块钱在陕西买个馒头[呲牙],0
2025/3/29 22:17,雷总想到的功能总是我们真正需要的,0
2025/3/29 22:17,自己走一下不行吗？,1
2025/3/29 22:17,就不应该送,1
2025/3/29 22:17,雷总已经很及时了,0
2025/3/29 22:17,小米把营销是玩明白了,0
2025/3/29 22:17,已经很有效率了,0
2025/3/29 22:17,啧啧,1
2025/3/29 22:18,雷军各种回馈关注度很高,0
2025/3/29 22:18,刮了点风，然后就吐槽了，现在服务真的是不好干,0
2025/3/29 22:18,小米的服务做的就是好。,0
2025/3/29 22:18,和我们确实没关系,0
2025/3/29 22:18,李斌老师要内伤了[泪奔],1
2025/3/29 22:18,京爷就是牛,0
2025/3/29 22:18,闫闯也吐槽提车，还有一个博主，但是被冲了,1
2025/3/29 22:18,在小城市看见好几辆了,0
2025/3/29 22:18,可能这就是大佬吧,0
2025/3/29 22:18,300米……摆渡车……我……不知道该说啥,0
2025/3/29 22:18,感觉前提我得先进群,0
2025/3/29 22:18,回应好及时,0
2025/3/29 22:19,你河南哪的？路上没有么？我这小县城 路上多呢,1
2025/3/29 22:19,哇,0
2025/3/29 22:19,熟人,0
2025/3/29 22:19,闫闯的那个我看到了，还有另外一个是谁呀？,0
2025/3/29 22:19,像雷总这反应速度，服务再难也得跟上节奏啊,0
2025/3/29 22:19,营销确实是挺猛的，不过产品的硬实力才最关键...雷总的这波反应速度，也算是另类售后服务了吧,0
2025/3/29 22:19,好哦,0
2025/3/29 22:19,有效率,0
2025/3/29 22:19,你胆子很大阿，你以为你买了一台速七就有了免死金牌了吗敢说粗粮不好，一律打为海狗,1
2025/3/29 22:19,这方面，确实做得好,0
2025/3/29 22:19,苏州好多[捂脸][比心],0
2025/3/29 22:19,用户体验不好，马上整改，支持雷总,0
2025/3/29 22:19,啊？,0
2025/3/29 22:19,顶级公关速度,0
2025/3/29 22:20,300米。。。当爷啊,1
2025/3/29 22:20,好多大佬,0
2025/3/29 22:20,300米？不像真的,0
2025/3/29 22:20,300米我真的很难公情（今天走了15公里的我）,0
2025/3/29 22:21,928,0
2025/3/29 22:21,也是不容易了,0
2025/3/29 22:21,买一个芭比梦幻城堡都有点费劲,0
2025/3/29 22:21,这个是真的还是假的,0
2025/3/29 22:21,手机不改进一下吗雷子,1
2025/3/29 22:21,跟我们普通人没关系雷总就是个流量包,1
2025/3/29 22:21,也算是很成功了吧,0
2025/3/29 22:21,会不会是小米员工用雷总的头像，名字用累总额的？,0
2025/3/29 22:21,建议雷总下单买台宇通纯电大巴,0
2025/3/29 22:21,都是有实力的大佬！,0
2025/3/29 22:21,我在意的点是三百米居然走都不愿走一下,0
2025/3/29 22:22,建议把过去的摆渡车取消了。300米能走几步,0
2025/3/29 22:22,我也经常用文档模式拍，超级好用,0
2025/3/29 22:22,给铺条轻轨,0
2025/3/29 22:22,雷总这波操作真暖心，小米汽车未来可期，加油哦！,0
2025/3/29 22:22,连雷总这么忙的人都能秒回消息，那你想想那些一天都没回你消息的人是真的没看到吗[流泪][流泪][流泪],0
2025/3/29 22:22,确实是这样,0
2025/3/29 22:23,天天见,0
2025/3/29 22:23,雷总的营销独一,1
2025/3/29 22:23,时间管理buff加满，试驾变道歉现场这波操作稳中带皮…,0
2025/3/29 22:23,参观的人,0
2025/3/29 22:23,能理解他的心情，就如我去店里消费，进门前态度非常好，消费结束付完钱没人鸟你，啥心情[捂脸],0
2025/3/29 22:23,档,0
2025/3/29 22:23,军哥,0
2025/3/29 22:24,先买根散烟抽完睡觉做梦,0
2025/3/29 22:24,回复@五道口孙博:另一个我记错了，是新一吐槽提车特斯拉，和那个特魔豆搞起来了,1
2025/3/29 22:24,是真的，但是一般人进不去这个群,0
2025/3/29 22:24,雷军：我们的用户，都是“活跃的网友”，遇到问题不是找客服，而且发到网上,0
2025/3/29 22:24,好样的,0
2025/3/29 22:25,实话,0
2025/3/29 22:25,赵露思现在人人喊锤，随便骂,1
2025/3/29 22:25,细节决定成败，就雷总这个道歉速度和真诚态度，让人感觉雷总做啥都能成功 ,0
2025/3/29 22:26,我能加群么,0
2025/3/29 22:26,大佬们的反应速度真快，连雷总都得排队,0
2025/3/29 22:26,这波操作确实快如闪电，大佬们的网速和手速都是超大杯！,0
2025/3/29 22:26,给雷总点赞,0
2025/3/29 22:26,300米至于么？看来小米的客户是挺贵的,1
2025/3/29 22:27,真效率,0
2025/3/29 22:27,先买桶泡面,0
2025/3/29 22:27,支持雷总,0
2025/3/29 22:27,@雷军 俺哥等你回信呢,0
2025/3/29 22:27,雷总666,0
2025/3/29 22:27,#用户吐槽小米su7ultra试驾雷军秒道歉#,0
2025/3/29 22:28,现在是这样的,0
2025/3/29 22:28,为什么不把速度限制一下呢？,0
2025/3/29 22:28,秒回真的牛逼,0
2025/3/29 22:28,雷总这态度不得不佩服啊！,0
2025/3/29 22:28,哈哈,0
2025/3/29 22:28,买点老鼠药，药老鼠，大的小的都揩住，大的吃了蹦三蹦，小的吃了不会动[看],1
2025/3/29 22:29,300米，残疾人可以理解的,0
2025/3/29 22:29,注定雷军发大财，人家千亿总裁还在秒回,0
2025/3/29 22:29,湖北仙桃我起码看到十辆[捂脸],0
2025/3/29 22:29,杭州很多了,0
2025/3/29 22:29,只有我好想进这个群吗？我可以走600米,0
2025/3/29 22:29,300米？,0
2025/3/29 22:29,原来是这样[哪吒使坏][哪吒使坏],0
2025/3/29 22:29,转给我，先买点教训,1
2025/3/29 22:30,120公里每小时就够用了[抠鼻][抠鼻][抠鼻][抠鼻],0
2025/3/29 22:30,老乡群,0
2025/3/29 22:30,#用户吐槽小米su7ultra试驾雷军秒道歉#，雷总亲自下场，展现企业担当。细节决定成败，及时响应用户反馈，是品牌成长的必经之路。小米态度值得点赞，期待更多科技企业的真诚服务！喜欢雷军雷总的点赞??,0
2025/3/29 22:30,雷总还在群里有点意思,0
2025/3/29 22:30,我只知道我之前bug反馈了根本没有回复，也没有修复,1
2025/3/29 22:31,用户能看到这样的回复一定很开心,0
2025/3/29 22:31,好的，我错了。这是雷总教我的重要一课,0
2025/3/29 22:31,雷总亲自下场沟通，这波操作666 不过产品迭代确实得抓紧，用户反馈是改进的关键,0
2025/3/29 22:31,不是300米的问题，可以去自己走回来自己走，你去饭店吃饭，服务员给你开门，出门了服务员还在，让你自己开门，你愿意吗[尬笑]而且本身试驾车就应该直接开到车主旁边，你买辆十万的车也是这个服务,0
2025/3/29 22:31,有啊，经常看到,0
2025/3/29 22:31,先买张彩票,0
2025/3/29 22:31,都是大佬,0
2025/3/29 22:31,成都看到很多,0
2025/3/29 22:31,雷总厉害了,0
2025/3/29 22:32,用户是 字节跳动 的 XX,1
2025/3/29 22:32,友商：终于搬回一局,0
2025/3/29 22:32,小米从不坑穷人[捂脸],0
2025/3/29 22:32,河南我都见过太多了,1
2025/3/29 22:33,回复你了吗,0
2025/3/29 22:33,二比才买,1
2025/3/29 22:33,可能是参观工厂活动，需要坐摆渡车进组装车间里面参观，我参观那次可能有二十来人，用了四五个摆渡车,0
2025/3/29 22:33,很大的官威啊,1
2025/3/29 22:33,300米？？？我以为是3000米,0
2025/3/29 22:33,其实都是雷军布的局而已,1
2025/3/29 22:33,只能说希望这样,0
2025/3/29 22:33,雷总开始要收保时捷外观专利[捂脸][捂脸][捂脸],0
2025/3/29 22:33,这效率，值得点赞,0
2025/3/29 22:33,这也能上个热搜？,1
2025/3/29 22:33,和咱们没关系,0
2025/3/29 22:34,运气真好[赞][玫瑰],0
2025/3/29 22:34,还得是传统车各方面都成熟,0
2025/3/29 22:34,去看车，车不错，销售不行，素质参差不齐,0
2025/3/29 22:34,广告吧,1
2025/3/29 22:34,确实是挺不错的,0
2025/3/29 22:34,我还以为是3000米，一看300米,0
2025/3/29 22:34,不能被带偏了,0
2025/3/29 22:35,哇，真有钱[赞],0
2025/3/29 22:35,那小米手机引起火灾的呢？给道歉了嘛？,1
2025/3/29 22:35,这个500人大群是什么群什么人能进这个群，听热评说对面字节高管普通人哪有这资格让他秒道歉,1
2025/3/29 22:35,这车北方多是真的[微笑],0
2025/3/29 22:36,雷总真是太懂用户了,0
2025/3/29 22:36,就说有几个老总能做到,0
2025/3/29 22:36,300米 真的不能走一下的么 生命在于运动。但是这么短的距离这么小的事雷总都要安排车都要亲自关注 作为企业管理者真的很少有能做的地位 小米的服务还是很到位的,1
2025/3/29 22:36,新康有两台,1
2025/3/29 22:36,我在莆田看到好几辆了[流泪][流泪][流泪],0
2025/3/29 22:36,商战居然是想到害[投降],1
2025/3/29 22:36,格局,0
2025/3/29 22:36,原来是这样,0
2025/3/29 22:36,我知道，道滘就一辆[阴险],1
2025/3/29 22:36,确实，身体有缺陷的话3米也需要摆渡车的，需要谅解下,0
2025/3/29 22:36,工作狂[赞][赞][赞][赞],0
2025/3/29 22:37,女孩子先买房，男孩先买车,0
2025/3/29 22:37,全国多少个城市？33家！太多了！,0
2025/3/29 22:37,不知道,0
2025/3/29 22:38,[惊讶]我知道，米色的[色],0
2025/3/29 22:38,一天能上多少个热搜@雷军 ,0
2025/3/29 22:38,真不错,0
2025/3/29 22:38,过年我镇上都有十几辆,0
2025/3/29 22:38,。,0
2025/3/29 22:38,新版状态栏不显示蓝牙耳机电量了？,0
2025/3/29 22:38,雷总这波操作,0
2025/3/29 22:38,哦，可能就是我看到的那一辆[微笑],0
2025/3/29 22:38,这波吐槽确实有点迷，和试驾有啥关系啊? 不过蓝牙电量问题还是得找攻城狮反馈哈!,0
2025/3/29 22:38,都是大佬啊,0
2025/3/29 22:38,雷布斯办事效率杠杠的,0
2025/3/29 22:39,京爷怎么跑到湖北商会群了,0
2025/3/29 22:39,东莞吗？,0
2025/3/29 22:39,销售的事被他干了，接下来是售后了[暗中观察],0
2025/3/29 22:39,好久前就没见过状态栏显示电量了,0
2025/3/29 22:39,我们村都两辆了[捂脸],0
2025/3/29 22:39,回复@M疯狂的小土豆:谁和你说没出过12的？,1
2025/3/29 22:40,又是营销,1
2025/3/29 22:40,[666][666][666],0
2025/3/29 22:40,不会吧，大朗我隔天去一次都没看到[微笑],0
2025/3/29 22:40,雷总造超光速飞船吧，我想去星际旅行,0
2025/3/29 22:40,一码归一码,0
2025/3/29 22:41,湖南岳阳的小镇,0
2025/3/29 22:41,哇，真有钱[赞],0
2025/3/29 22:41,交付18万辆，8万辆在维修路上[捂脸],0
2025/3/29 22:41,雷总和字节跳动的人刚好在一个群里！！！,0
2025/3/29 22:42,演吧,1
2025/3/29 22:42,我只说我只看到2辆[微笑]我又没说东莞只有2辆[捂脸],0
2025/3/29 22:42,把售后交给蔚来 服务绝对妥妥的[捂脸],0
2025/3/29 22:42,能看到雷总的微信,0
2025/3/29 22:42,确实过分，至少应该帮他扫个共享单车,0
2025/3/29 22:42,太幸福了,0
2025/3/29 22:42,热搜不停,0
2025/3/29 22:43,又可以上热搜了谁策划的。,1
2025/3/29 22:43,厉害的,0
2025/3/29 22:43,都买[呲牙],0
2025/3/29 22:43,友商：不是，他花样怎么这么多啊,1
2025/3/29 22:43,哦，太有钱了[色],1
2025/3/29 22:43,一看就是自演自导,1
2025/3/29 22:43,好不容易有人提意见，,0
2025/3/29 22:43,确定是本人吗？雷总这种级别不是要一直开会吗？,0
2025/3/29 22:44,小米汽车成功是必然的,0
2025/3/29 22:44,有,0
2025/3/29 22:44,兰州城关碰到过3辆[愉快][憨笑],0
2025/3/29 22:44,哦，你运气真好,0
2025/3/29 22:44,友商：他花样怎么这么多啊，学不会，根本学不会,1
2025/3/29 22:45,先养命[机智],0
2025/3/29 22:45,真的好,0
2025/3/29 22:45,佩服雷总，啥事都亲力亲为,0
2025/3/29 22:45,雷军,0
2025/3/29 22:45,给惯的,1
2025/3/29 22:45,好不容易！？提意见的人多了，只是这一个被表露了出来而已…,0
2025/3/29 22:45,能在群的，你说是不是爷吧,1
2025/3/29 22:46,不痛不痒的问题  可有可无的问题 就这么炒作一下,1
2025/3/29 22:46,这反应速度确实牛... 不知道Ultra交付能不能也这么迅速,0
2025/3/29 22:46,还得是雷大哥,0
2025/3/29 22:46,哈哈哈哈哈哈哈,0
2025/3/29 22:46,秒回真的牛逼，他的事情多忙啊,0
2025/3/29 22:47,我可以走路，但是你得有这服务    我倒是觉得挺好,0
2025/3/29 22:47,肯定会道歉不然就得被截图上热搜了，他还是拎得清的,1
2025/3/29 22:47,看群名，像是他的科技圈老乡群,0
2025/3/29 22:47,郑州不少见[捂脸]，小区里都有,0
2025/3/29 22:48,一共就见到过两辆,0
2025/3/29 22:48,上一年，我就想过小米售后问题了，终于来了,0
2025/3/29 22:49,雷总就是流量,1
2025/3/29 22:49,颜色很好看,0
2025/3/29 22:49,真的厉害,0
2025/3/29 22:49,没有车牌没有钱的我急得团团转[流泪],0
2025/3/29 22:50,有啊，看到好多次了,0
2025/3/29 22:50,秒道歉尽显真诚,0
2025/3/29 22:50,"看来是真的有问题，“他们都叫我老杨”还在更新视频，原本都打算买一台鹦鹉绿su7U,@小米法务部",1
2025/3/29 22:50,三百米没法走，那就是 事儿逼,1
2025/3/29 22:50,赞,0
2025/3/29 22:51,做的很用心,0
2025/3/29 22:51,别说还真碰到过两次[笑哭],0
2025/3/29 22:51,雷军，雷总能听进去！那就说明会整顿！这对小米汽车来说是天大的好事,0
2025/3/29 22:52,300m还没操场一圈长,0
2025/3/29 22:52,太厉害了,0
2025/3/29 22:52,我们十八线小县城都有不止十辆了,0
2025/3/29 22:52,我关注的点是300米好像没多远??,0
2025/3/29 22:52,928,0
2025/3/29 22:52,最近买了很多小米产品,0
2025/3/29 22:52,没你快,0
2025/3/29 22:52,都不增值，提高自己吧[看],0
2025/3/29 22:53,又不影响大卖！又不影响股价暴涨！又不影响暴富！所以，有(⊙o⊙)啥？问题,0
2025/3/29 22:53,雷总就是把需求放在第一位,0
2025/3/29 22:53,不得不承认哦,0
2025/3/29 22:53,几百米？？？,1
2025/3/29 22:53,bamg??????,1
2025/3/29 22:54,热度有了，一般人也不考究太多,0
2025/3/29 22:54,300米？！？在我眼里这就跟在门口一样的距离,0
2025/3/29 22:54,所以固态电池暂时就一ppt，还有一堆人说要实车上车的,1
2025/3/29 22:54,手机业务也是放任自流了。,1
2025/3/29 22:55,[尬笑]我家7线城市小区都两辆,0
2025/3/29 22:55,@,0
2025/3/29 22:55,买瓶水吧扛饿,0
2025/3/29 22:55,雷总这是把时间管理buff加满了…手机业务得自己多刷刷存在感了,0
2025/3/29 22:56,[赞],0
2025/3/29 22:56,好,0
2025/3/29 22:56,科技群[捂脸],0
2025/3/29 22:56,逗比企业呗,1
2025/3/29 22:56,hhh//@全是狗粮呀:友商：他小子的花样太多了，我真学不会,0
2025/3/29 22:56,雷总哪里都在,0
2025/3/29 22:56,见怪不怪了,0
2025/3/29 22:57,虽然但是  三百米走不了一脚,0
2025/3/29 22:57,优秀亲民的企业家,0
2025/3/29 22:57,大家都在看一场笑话，现实都很清醒,0
2025/3/29 22:57,这让我想到了，打车，需要司机去楼上接的那位,0
2025/3/29 22:57,我们县城3辆[捂脸],0
2025/3/29 22:57,一猜就是这种套路，先抑后扬，真会玩,1
2025/3/29 22:58,高强度冲浪,0
2025/3/29 22:58,一种胖东来即视感，希望以后中国的企业都可以像雷总，东来这样。,0
2025/3/29 22:58,雷总手艺活不错啊……比3m哥还快@雷军,0
2025/3/29 22:58,回复@誰is黑曼巴:♂勾叫再大声也吃不上好勾梁啊,1
2025/3/29 22:58,终于有人意识到这个问题了，一个大的公司他的售后站点全国才这么点,0
2025/3/29 22:58,基本每天都能看到[泣不成声],0
2025/3/29 22:59,三秒都不要了？,1
2025/3/29 22:59,谁能告诉我买电车的理由[憨笑][憨笑][憨笑],0
2025/3/29 22:59,因为一直在限量,0
2025/3/29 23:00,哈哈哈,0
2025/3/29 23:00,哈哈,0
2025/3/29 23:00,友商：他花样怎么这么多啊，学不会，根本学不会,1
2025/3/29 23:00,这个人估计是残障人士，大家要理解他的需求,0
2025/3/29 23:01,雷总真的是牛，个人人格挺吸引人的,0
2025/3/29 23:01,新一在那个群吗,0
2025/3/29 23:01,去年那50万以上的豪华轿车12万里11万是问界m9,0
2025/3/29 23:01,这车颜值真的很高呀！,0
2025/3/29 23:01,手机业务彻底不管了,0
2025/3/29 23:02,[赞][赞][赞],0
2025/3/29 23:02,雷总用心,0
2025/3/29 23:02,是啊,0
2025/3/29 23:03,今天在成都太古里看到一台[呲牙],0
2025/3/29 23:03,只要不是吐槽车辆，都不是大问题【#用户吐槽小米su7ultra试驾雷军秒道歉# 表示马上安排改进】3月29日，有网友发文称用户试驾小米SU7Ultra遇到问题，在群里面吐槽，没想到雷总亲自道歉，并表示马上安排改进。,0
2025/3/29 23:04,牛了,0
2025/3/29 23:04,这不就把雷菌的勾孝孙叫出来了♂,1
2025/3/29 23:04,雷总真不错,0
2025/3/29 23:04,我就蹭蹭不进去,0
2025/3/29 23:04,看起来更像营销,1
2025/3/29 23:04,他是普通用户吗回答我,0
2025/3/29 23:04,在浙江安吉这个县城经常看到,0
2025/3/29 23:04,嫂子解答一下信息是否“属实”@-_-张小花,0
2025/3/29 23:05,能在同个群，你认为对方身份低吗[捂脸],1
2025/3/29 23:05,今天过几个年了？,0
2025/3/29 23:05,这波操作确实稳...下次再快点，我都快等成化石了,0
2025/3/29 23:05,学校里就有,0
2025/3/29 23:06,很重视的,0
2025/3/29 23:06,这啥群啊，雷总还能在这种群里,0
2025/3/29 23:06,300米还要摆渡车？,0
2025/3/29 23:06,手机充电烧着了不去找为什么烧了，先找厂家索赔，法律在哪呢？难道不应该先找引燃原因？一把火烧掉就是你得找个地方给你兜底是吧？去起诉啊，网上叫什么呢,1
2025/3/29 23:07,300米不能走[捂脸][捂脸],0
2025/3/29 23:07,兄弟们，你们也不想想，普通车友群可能雷军也在里面吗，肯定不是一般的用户群,0
2025/3/29 23:07,100米也是该安排也安排啊,0
2025/3/29 23:08,他难受的是来的时候有，回去没有，这种心理落差的确很不舒服[捂脸],0
2025/3/29 23:08,确实啊,0
2025/3/29 23:08,雷总做事就是不一样,0
2025/3/29 23:08,高层群,0
2025/3/29 23:08,这波群聊配置太顶了，大佬云集带带小弟,0
2025/3/29 23:08,雷总这波操作，主打一个‘秒回’，群里有大佬就是不一样,0
2025/3/29 23:09,有啥理由不喜欢雷老板…,0
2025/3/29 23:09,先买个枕头[我想静静],0
2025/3/29 23:09,我朋友买了,0
2025/3/29 23:09,这车得多少钱？,0
2025/3/29 23:09,yu7要来了[呆无辜]所以。。。,0
2025/3/29 23:09,这个态度值得所有企业家学习[小鼓掌][小鼓掌][小鼓掌],0
2025/3/29 23:10,928,0
2025/3/29 23:10,你去吧吧，我天天找你试驾,1
2025/3/29 23:10,我们农村话：一泡尿的路程,0
2025/3/29 23:10,厉害,0
2025/3/29 23:10,666,0
2025/3/29 23:10,300米？还以为是3000米,0
2025/3/29 23:11,你去郑州沈庄北街去看，经常会看到一台[机智],0
2025/3/29 23:11,真的是用心在做呀,0
2025/3/29 23:11,一天到晚闲的你~,1
2025/3/29 23:11,总裁平常都不走路，300米确实有点远啊,0
2025/3/29 23:11,到处都是，我家地库都三四辆了,0
2025/3/29 23:11,哈哈，照顾我生意吗？,0
2025/3/29 23:12,先睡觉,0
2025/3/29 23:12,三百米应该叫小米的人八抬大轿抬过去[发怒][发怒],1
2025/3/29 23:12,团泊洼周边，还有黄草朗高速口这边，一般都看得到绿色的还有紫色的,0
2025/3/29 23:12,东城那边我看到七八辆了，东城万达附近停了好几个。,0
2025/3/29 23:12,先活命,0
2025/3/29 23:12,就是营销群,1
2025/3/29 23:12,很符合粉丝群体行为特征,0
2025/3/29 23:12,固态电池能量密度上去了但循环次数下降了感觉代价有点大,0
2025/3/29 23:13,怪不得小米太成功了,0
2025/3/29 23:13,人间清醒鱼老师,0
2025/3/29 23:13,先买药,0
2025/3/29 23:13,说明太负责任了,0
2025/3/29 23:13,看到雷王在此群，然后热搜榜第一，笑而不语了,0
2025/3/29 23:13,我每天上班路上都不止遇到两辆四线城市,0
2025/3/29 23:14,这群有点牛啊,0
2025/3/29 23:14,太多了,0
2025/3/29 23:14,其实和 300 米没什么关系，是“今天没有”和“才下午两点”的原因，本来是很好的服务，没有就会让好的服务适得其反，再加上时间既不是中午也不是下班时间，所以会让客户感觉更不好。,0
2025/3/29 23:14,不是3km,0
2025/3/29 23:15,@小乔要努力变强www 拉我进群,0
2025/3/29 23:15,哈哈哈拍PPT巨好用,0
2025/3/29 23:15,雷总这处理的态度值得点赞,0
2025/3/29 23:15,哈哈哈哈绝了#用户吐槽小米su7ultra试驾雷军秒道歉#,0
2025/3/29 23:16,刘强东说的话含金量还在上升,0
2025/3/29 23:16,雷不群,0
2025/3/29 23:16,只想问  卫生巾出来了?,1
2025/3/29 23:16,500人大群总裁群#用户吐槽小米su7ultra试驾雷军秒道歉#,0
2025/3/29 23:16,佛山看到好几个,0
2025/3/29 23:16,碰到了好多,0
2025/3/29 23:17,马上安排什么呢？这两个字:安排改进车主吧,1
2025/3/29 23:17,哈哈，雷总第一次造车就高端？！,1
2025/3/29 23:17,不是上门接车，连夜修好吗[呲牙],0
2025/3/29 23:17,回复@有漾学漾:肯定啊,0
2025/3/29 23:17,比我有钱比我又能力，还比我努力,0
2025/3/29 23:17,营销大师这些年都快被忽悠瘸了，除了容易忘词的发布会还能看，重大场合的采访，虚的说话都没底气,1
2025/3/29 23:17,回复@有漾学漾:,0
2025/3/29 23:17,看到过十几辆,0
2025/3/29 23:18,[害羞]碰到了挺好看的[流泪]就是对于我来说不喜欢电车,0
2025/3/29 23:18,售后才王牌,0
2025/3/29 23:18,雷军现在是重心在汽车了。小米系统啥时候优化一下，汽车要做三个最，手机系统现在可是国产垫底了。,1
2025/3/29 23:18,上去小米工厂，确实摆渡车等的时间久也没人送出来但也不妨碍雷总小米的魅力,0
2025/3/29 23:18,我小区几辆[捂脸],0
2025/3/29 23:19,雷老板服务周到,0
2025/3/29 23:19,[鼓掌],0
2025/3/29 23:20,能不能判这个修理厂工作人员30年[石化][石化][石化],1
2025/3/29 23:20,今天去参观了园区，因为是周末，有好多预约来参观的游客，其中三辆要开进车间游览，确实四辆车有点保障不过来。不过细节都做得挺好的，谁见过电瓶车还加了厚塑料带拉链的罩子来防风的，已经很不错了。今天北京冷，风又大，大家都不想走路，互相理解吧！,0
2025/3/29 23:20,经常碰到[捂脸]就是我买不起[捂脸],0
2025/3/29 23:21,我们这边四线小城市出门在路上都经常能看到su7,0
2025/3/29 23:21,52.99w,0
2025/3/29 23:21,能跟他同个群的，肯定也是有影响力[捂脸],0
2025/3/29 23:21,很真诚呀,0
2025/3/29 23:21,雷总，真诚,0
2025/3/29 23:22,雷总也很真诚呢,0
2025/3/29 23:22,手机友商：你怎么这么能,1
2025/3/29 23:22,还真是很到位,0
2025/3/29 23:22,看看热闹就行,0
2025/3/29 23:22,我上周去小米超级工厂那儿的展厅看车，停车后没有明显的路标，自己转悠十多分钟才找到展厅。,0
2025/3/29 23:22,眼神像入党一样坚定,0
2025/3/29 23:23,报告老师，有人不注意听课。,0
2025/3/29 23:23,有啊我们这见过好多次,0
2025/3/29 23:23,汽车行业发展到现在，像雷军这样，能给客户道歉的老总？还有第二个吗？,0
2025/3/29 23:23,我们这里满大街都是,0
2025/3/29 23:24,小县城看到了三辆，我们小区就有一辆，路上遇到过两辆。,0
2025/3/29 23:24,很明显不是一般的客户,0
2025/3/29 23:24,我在广东看到多了,0
2025/3/29 23:24,300米都走不了的或者是这点小事都介意的建议去隔壁,1
2025/3/29 23:24,[比心][比心][比心][爱心][爱心][爱心],0
2025/3/29 23:24,可能他是残疾的，才需要摆渡车,1
2025/3/29 23:24,哈哈哈,0
2025/3/29 23:24,我们小区看到过1辆 挺帅的,0
2025/3/29 23:25,我也是不关注这些,0
2025/3/29 23:25,这波反应确实快，态度也挺诚恳 不过实际效果还得看看后续怎么走...,0
2025/3/29 23:25,这大哥下次再去，这三百米直接拿担架推送，不仅不用亲自走路，还能欣赏沿途绝美风光，到站还有专人服您起驾，全程帝王式待遇。,0
2025/3/29 23:25,门店培训真的还差很远,0
2025/3/29 23:25,小米也没有想到车会卖的这么火 所以导致服务中心太少[捂脸],0
2025/3/29 23:25,我家这边是真的多,0
2025/3/29 23:26,成都在我家这边天天都能看见，已经有好几个朋友拿下了[发呆],0
2025/3/29 23:26,厉害,0
2025/3/29 23:27,雷军没有刻意打爱国旗号，之前的米兔都放弃了,0
2025/3/29 23:27,安总：氪服一下，克服不了就拉黑投诉封账号[看][看][看],1
2025/3/29 23:27,别的老总不会解决用户发现的问题，而是直接解决用户，这样也没有问题[捂脸],1
2025/3/29 23:27,天天看到,0
2025/3/29 23:28,你想表达什么[捂脸],0
2025/3/29 23:28,怎么进有他的群啊[愉快],0
2025/3/29 23:28,是充电时放在不散热的地方了吧，我有次午睡充电不小心放在被子里 还好了醒了，发现手机一碰都烫手，吓死了，要是一直升温肯定也会出问题的,0
2025/3/29 23:28,2s粉转黑，小米学果子上瘾，就这原因。你好好玩你的安卓不好？想方设法要把安卓模拟成iOS，问题安卓差iOS本就不是一星半点好吗？hw人家真自研做鸿蒙，你套个安卓就敢说澎湃。明明就一腾讯，非说自己是字节。,1
2025/3/29 23:28,围棋阿诺，一己之力把好多年的围棋赞助干没了,1
2025/3/29 23:28,有一说一 小米su7 刚刚出的时候我去店里看车试驾，我挨个找销售问，怎么可以试驾，工作人员就说稍等一下，忙碌理解。然后有一个工作人员身边围了几个人可以问他问题，工作人员和我说需要预约，然后我就预约了。然后叫我试驾的时候我车已经买了几个月了,0
2025/3/29 23:29,矫情,1
2025/3/29 23:29,50万的车子本来就是中端。其实贴牌也是中端，说个不好听就是 用料是高端，价格是中端。看看奥迪RS7 内饰你觉得毛胚还是？价格非常超高端,0
2025/3/29 23:29,高端客户群，懂的都懂，如果是普通人是不可能的,1
2025/3/29 23:29,雷总做的特别好,0
2025/3/29 23:30,别人家的狗叫  要这么理会啊,0
2025/3/29 23:30,广州多的是，每次出门都见十台八台,0
2025/3/29 23:31,[赞][赞][赞],0
2025/3/29 23:31,[微笑]我真的酸了[微笑],0
2025/3/29 23:31,先吃饭,0
2025/3/29 23:32,本想干到第一，一看第一是…，还是排后面吧[捂脸],0
2025/3/29 23:32,300m，我还以为3000m,0
2025/3/29 23:33,雷总自带流量,0
2025/3/29 23:33,不是……300米认真的吗？虽然但是，八百一千的确实要走一会，三百米个子再矮两三分钟也走完了你等电瓶车的功夫也到了,0
2025/3/29 23:33,先买馍吧,0
2025/3/29 23:33,呵呵呵 笑死我了,0
2025/3/29 23:33,北京多的是,0
2025/3/29 23:33,雷总还需要亲自拍ppt么，会后发一份电子档过来不就得了,0
2025/3/29 23:33,真诚的雷总,0
2025/3/29 23:34,重庆看到可多了[泪奔],0
2025/3/29 23:34,毕竟大家不一样,0
2025/3/29 23:34,我在县城都有,0
2025/3/29 23:34,也是娇气 300米走不动,1
2025/3/29 23:34,666,0
2025/3/29 23:35,有很多啊[微笑],0
2025/3/29 23:35,真是很厉害了呢,0
2025/3/29 23:36,真诚,0
2025/3/29 23:36,[赞],0
2025/3/29 23:36,可能这号都平时不是他在用,0
2025/3/29 23:36,字节跳动老总，用文字故意遮住了，你说是啥用心[看],1
2025/3/29 23:36,雷军24小时在线,0
2025/3/29 23:37,你们做得很好，只是没有一款适合老百姓能买得起的苏7，要不研发一款十来万的苏7？[比心][比心][比心],0
2025/3/29 23:37,还得是雷总,0
2025/3/29 23:37,我都不忍心黑小米了  雷总让人佩服,0
2025/3/29 23:37,啊？尊都假都,1
2025/3/29 23:37,苏州看到几十辆了,0
2025/3/29 23:38,先吃饱[捂脸],0
2025/3/29 23:38,如果论资产和社会影响力那个人在雷军面前跟一个普通人也没啥区别,0
2025/3/29 23:38,说来看看,0
2025/3/29 23:38,某些人真的别太离谱，这种情况还在问是不是友商，败的是路人对小米的好感！,1
2025/3/29 23:38,所以你知道为什么华为有那么多专利吗？,0
2025/3/29 23:38,2030年，雷军:我要堵上我的下半辈子造宇宙飞船[看],0
2025/3/29 23:39,雷哥晚安早点睡吧,0
2025/3/29 23:39,早睡早起身体好啊,0
2025/3/29 23:39,我们单位有个帅哥买了[看],0
2025/3/29 23:39,不是应该车主道歉吗[尬笑],0
2025/3/29 23:40,肯定支持道歉吧,0
2025/3/29 23:40,雷总有点紧张,0
2025/3/29 23:40,难怪说雷总是金牌销售，别的能不能跟雷总学学,0
2025/3/29 23:40,希望不要给雷总掉链子,0
2025/3/29 23:40,居然没下文了,0
2025/3/29 23:40,300米走走没什么不好，还要吐槽,0
2025/3/29 23:40,给我一个买小米的理由,0
2025/3/29 23:40,可以,0
2025/3/29 23:41,@翻斗花园一号狙击手胡英俊 我看到的大多都是蓝绿的，后面有次出门经过小米的店，发现里面有一辆蓝绿色的,0
2025/3/29 23:41,四川很多,0
2025/3/29 23:41,用户口碑确实是硬道理，持续优化才能站稳脚跟，期待后续OTA升级带来新惊喜,0
2025/3/29 23:41,我家地库五辆,0
2025/3/29 23:42,你什么档次没点逼数吗？,1
2025/3/29 23:42,这是微信，员工没必要替老板在群里回复，雷军又不是干微商的[看]完全可以不回复。,0
2025/3/29 23:42,直接没回消息，真有被气到，是不配试驾吗,1
2025/3/29 23:42,666,0
2025/3/29 23:43,300米坐尼玛车啊,1
2025/3/29 23:43,经常看到,0
2025/3/29 23:43,凭这样的态度都要支持一下小米,0
2025/3/29 23:43,大概率蔚来。理想态度也不大好，看车时不热情，只顾自己回手机消息，我问啥，人家回什么。加了微信几个月一次也没找我，估计生意太好了,0
2025/3/29 23:43,友商:“不是，他怎么那么会整活啊[泪奔]”,0
2025/3/29 23:44,都在报废厂,1
2025/3/29 23:44,真成了鬼火车…某些人真的在拉低小米品牌的调性,1
2025/3/29 23:44,这么贵[发呆],0
2025/3/29 23:44,还是咱反馈迅速啊！,0
2025/3/29 23:44,我嘞个雷军啊  你在现场啊,0
2025/3/29 23:44,服务还是不到位,0
2025/3/29 23:44,买热搜第一名，知道你雷总会营销，但真不是这么做的,1
2025/3/29 23:45,这不行吧，态度不咋地,1
2025/3/29 23:45,希望能改进吧,0
2025/3/29 23:45,雷总亲力亲为,0
2025/3/29 23:45,厉害了,0
2025/3/29 23:45,是的,0
2025/3/29 23:46,真拖后腿,1
2025/3/29 23:46,我也想进,0
2025/3/29 23:46,线上多好多好，线下希望更好,0
2025/3/29 23:46,u是这样的，不过性能真给力[看],0
2025/3/29 23:46,回复@科技狐周明:这跟雷总的形象不符啊,0
2025/3/29 23:46,300米，不是3000米，田径场一圈都不到的距离，有这么娇贵吗？,1
2025/3/29 23:46,动物的行走功能退化消失了,0
2025/3/29 23:47,遇到不少了呀[宕机]没个县一辆，中国几千个县,1
2025/3/29 23:47,线下也没体验过试驾的服务态度,0
2025/3/29 23:47,群里面有你吗科技,0
2025/3/29 23:47,你以为是那个品牌吗[抠鼻],1
2025/3/29 23:47,更加迅速了,0
2025/3/29 23:47,果然是大爷,1
2025/3/29 23:48,300米。。。现在的人这么娇气吗,1
2025/3/29 23:48,这也能蹭着黑,1
2025/3/29 23:48,杜宏也是大佬，能在这个群里的都是大佬，可能比雷军还牛哦,0
2025/3/29 23:48,你很难想象这是是千亿老总的态度[九转大肠][九转大肠][九转大肠],1
2025/3/29 23:48,成都好多[尬笑],0
2025/3/29 23:49,是的,0
2025/3/29 23:49,很喜欢这种来事的客户 有批评才有成长,0
2025/3/29 23:49,有些不到位,0
2025/3/29 23:49,沙井大把,1
2025/3/29 23:49,荣威买车有厂家补贴最后投诉都不给，小米暴打上汽荣威[赞],1
2025/3/29 23:49,真是流量,1
2025/3/29 23:49,300米，不是很远的，销售可以一边走一边讲，坐个车过去坐个车回来，讲个啥？？讲     先生，车还没过来，等一下哈？抱歉，再等一下哈？,0
2025/3/29 23:50,300米还要摆渡？？？,1
2025/3/29 23:50,就是就是处理一下,0
2025/3/29 23:50,线下服务态度不行,1
2025/3/29 23:51,造车还得是雷总！[赞][赞][赞][比心][比心][比心][666][666][666],0
2025/3/29 23:51,那估计不是一般人能进的[捂脸],0
2025/3/29 23:51,中国人骨子里 对谦逊者有包容心，对傲慢者充满鄙夷,0
2025/3/29 23:52,这服务态度不行啊[哪吒嘟嘴],1
2025/3/29 23:52,等你有实力能在一个群再说吧,1
2025/3/29 23:52,什么型号手机能去屏纹,0
2025/3/29 23:52,大概率是，假的吗？,0
2025/3/29 23:52,服务太重要了，这服务真不行,1
2025/3/29 23:53,这是所谓的成功人士吧,1
2025/3/29 23:53,没有服务精神,1
2025/3/29 23:53,哈哈哈，,0
2025/3/29 23:53,务实的董事长,0
2025/3/29 23:54,哈哈哈期待不付款发货,1
2025/3/29 23:55,买水只能蜜雪了,0
2025/3/29 23:55,十万左右的那个叫苏三,0
2025/3/29 23:55,高端群聊,0
2025/3/29 23:55,这服务不行,1
2025/3/29 23:55,昆明满大街[不你不想],1
2025/3/29 23:55,世界上最远的路就是套路,0
2025/3/29 23:55,先买个馒头填饱肚子[看],0
2025/3/29 23:55,说难听点身价千万和身价十万在雷军眼中有区别吗？[捂脸],0
2025/3/29 23:55,深圳看见好几辆了[捂脸]我高中门口都有一辆,0
2025/3/29 23:56,又悟道了，但是生活中，道歉不可能的事。,0
2025/3/29 23:56,我之前加的理想销售态度蛮好的,0
2025/3/29 23:56,嗯嗯,0
2025/3/29 23:57,真的吗,0
2025/3/29 23:57,万亿了,0
2025/3/29 23:57,真诚是必杀技[赞],0
2025/3/29 23:58,雷总这就很及时啊,0
2025/3/29 23:58,普通用户不可能,0
2025/3/29 23:58,红红火火加油,0
2025/3/29 23:58,确实是大佬哈,0
2025/3/29 23:59,你说他围棋不行，他根本不会在意，你要说他金铲铲菜，他能红温[看],1
2025/3/29 23:59,可太多了，只能说你那个地区少吧,0
2025/3/29 23:59,小米营销是真的顶，当然雷总也是很有魅力,0
2025/3/30 0:00,你们那那么菜吗，我村都看到3辆,1
2025/3/30 0:00,字节老总,0
2025/3/30 0:00,不错,0
2025/3/30 0:01,还好新一回复过我。虽然不是秒回,0
2025/3/30 0:01,客户的身份和老板的地位在这，没被重视，肯定要吐槽,1
2025/3/30 0:02,我们小区好几辆了,0
2025/3/30 0:02,雷军投资了一千多家媒体 不上热搜才奇怪,1
2025/3/30 0:02,回复速度确实没那么快，但每条都看了。你的留言，不敢怠慢啊,0
2025/3/30 0:03,赚钱不易啊，辛苦了,0
2025/3/30 0:03,太认真了吧，未来可期,0
2025/3/30 0:03,有点过于矫情了呗,1
2025/3/30 0:04,雷总是这样的，确实,0
2025/3/30 0:04,活着的棋圣,0
2025/3/30 0:04,太迅速了吧,0
2025/3/30 0:04,300米，尼玛的可把这二货累坏了,1
2025/3/30 0:05,就着态度，祝雷总年入百万[玫瑰][玫瑰],0
2025/3/30 0:05,厉害啊,0
2025/3/30 0:05,哈哈哈..谢谢了啊,0
2025/3/30 0:05,说的在理，跟一般人没关系,0
2025/3/30 0:05,哈哈哈哈哈哈哈哈,0
2025/3/30 0:06,说实话就不该管他们，300米都不走,1
2025/3/30 0:06,看见过挺多种颜色的了，小区门口见到一个橙色的 su7max，真的超惊艳超亮眼[流泪],0
2025/3/30 0:06,有担当！,0
2025/3/30 0:06,三秒回,0
2025/3/30 0:06,起诉了律师建议联系制造方，制造方无任何回应之后律师建议是扩大社会影响力,0
2025/3/30 0:06,态度不错。,0
2025/3/30 0:07,面包和矿泉水，刚好八块[看],0
2025/3/30 0:07,666,0
2025/3/30 0:07,雷总这时间管理，怕不是偷学了分身术？热搜体质真服了！,0
2025/3/30 0:07,他怎么能做到？刚好在群里面。,0
2025/3/30 0:07,雷氏发言：特别特别…[呲牙],0
2025/3/30 0:08,[紫薇别走][紫薇别走][紫薇别走],0
2025/3/30 0:08,su7郑州一天能看见两三辆,0
2025/3/30 0:08,为啥我在学校都见了3台了[抠鼻],0
2025/3/30 0:08,态度满分,0
2025/3/30 0:09,先去贷款,1
2025/3/30 0:09,300米需要坐车？！,0
2025/3/30 0:09,好真诚,0
2025/3/30 0:09,可能群人多了系统自动提示，雷总手速快得跟闪现似的嘛～,0
2025/3/30 0:09,福建满大街了,0
2025/3/30 0:10,对 集团是万亿 个人是千亿[赞],0
2025/3/30 0:10,普通用户 就被ota了,0
2025/3/30 0:11,雷总真是太勤勉了,0
2025/3/30 0:11,比打工人都卷,0
2025/3/30 0:11,很真诚了呀,0
2025/3/30 0:11,@小米法务部,1
2025/3/30 0:11,有没有可能是助理[哪吒使坏],0
2025/3/30 0:11,300米叫麻了[灵机一动],0
2025/3/30 0:12,就很不错的，速度挺快,0
2025/3/30 0:12,李靖吐槽，二郎神马上回应。 神仙之间的事，与我这个凡人有何关系,0
2025/3/30 0:12,我学校都有一辆,0
2025/3/30 0:13,这肯定是的呀，也不是一般人,0
2025/3/30 0:13,这是营销吗,0
2025/3/30 0:13,承认自己的不足。总比那种遮遮掩掩的强,0
2025/3/30 0:14,这波操作确实拉好感～～～千亿大佬秒变客服 强啊哥！,0
2025/3/30 0:14,转发微博,0
2025/3/30 0:14,我们路边随处可见,0
2025/3/30 0:15,雷总就没个秘书助理的吗,0
2025/3/30 0:15,没人吐槽su7ultra事故这么多 不应该加点控制措施啥的？,0
2025/3/30 0:15,天天撞，修不完[捂脸],0
2025/3/30 0:15,嗯，怎么说呢，话虽如此，但大部分做不到。就像道理大家都懂，但能不能做到是一回事,0
2025/3/30 0:15,懂的都懂，能和雷总同群的大佬段位拉满，这波确实是高端局了,0
2025/3/30 0:16,不能飘呀,0
2025/3/30 0:17,300米没摆渡车都抱怨，重点是雷总这态度，[赞][赞][赞],0
2025/3/30 0:17,不愧是小米,0
2025/3/30 0:17,问界的售后[赞][赞][赞],0
2025/3/30 0:17,家爆炸都烧没了，充电器和手机还好好的,1
2025/3/30 0:17,线下的服务确实还差点意思,0
2025/3/30 0:17,有军儿微信？？？,0
2025/3/30 0:18,好用,0
2025/3/30 0:18,楼下三辆[捂脸],1
2025/3/30 0:18,只要想买3公里都能去，不想买三米的他都不想走。,0
2025/3/30 0:18,??,0
2025/3/30 0:18,微信尝鲜又上架了,0
2025/3/30 0:19,一天天的营销，真的太让我反感觉,1
2025/3/30 0:20,你以为菊花标呢[捂脸],1
2025/3/30 0:20,为什么你的群里有雷军？,1
2025/3/30 0:20,雷总大气！,0
2025/3/30 0:20,乌鲁木齐都看到过四五辆了,0
2025/3/30 0:20,小县城看到三四辆啦[奸笑],1
2025/3/30 0:20,据说吐槽的是字节的一个副总。如果是普通用户都联系不到雷总,0
2025/3/30 0:20,很迅速了,0
2025/3/30 0:20,....经常碰到[泣不成声],0
2025/3/30 0:21,我小县城特别多啊,0
2025/3/30 0:21,告诉我友商是什么[看],0
2025/3/30 0:22,能和雷总在一个群聊里的怎么可能会是普通人,0
2025/3/30 0:22,道歉这种事一般很少精准到个人这来,0
2025/3/30 0:22,这不是跟驾驶人有关系吗,0
2025/3/30 0:22,小米加油啊,0
2025/3/30 0:23,这反应速度简直快过米家客服的5G信号～～雷总亲自下场，这波操作确实拉满诚意了,0
2025/3/30 0:23,我在区县都看到了,0
2025/3/30 0:24,先吃饭,0
2025/3/30 0:25,上流社会顿顿要有疙瘩汤,0
2025/3/30 0:25,如果你是老板，做生意的，一定先买好车,0
2025/3/30 0:26,字节跳动[看]抖音,0
2025/3/30 0:27,@雷军 雷总，是您吗？,0
2025/3/30 0:27,300米没摆渡车比较生气[尬笑],0
2025/3/30 0:27,该配合你演出的我尽力在表演,1
2025/3/30 0:28,楼下两辆,0
2025/3/30 0:28,这是在一个群里发的？而且还是有雷军在的群？,0
2025/3/30 0:28,这肯定都是有头有脸的人,1
2025/3/30 0:28,太迅速了吧,0
2025/3/30 0:28,横沥见过,0
2025/3/30 0:29,太迅速了,0
2025/3/30 0:29,这人一直待在温室里得了，出来干嘛,1
2025/3/30 0:29,先买张彩票吧，中了才能买车买房,0
2025/3/30 0:29,你看不到说明你和他没缘分,0
2025/3/30 0:30,零钱房子首付，零钱通车子首付，完美,0
2025/3/30 0:30,有啊，我们小区我看到的就五辆[发呆],0
2025/3/30 0:30,深圳一摞一摞的,0
2025/3/30 0:31,也不是个个都有老总去道歉，看看就好了,0
2025/3/30 0:31,我甚至怀疑是剧本，真有人为了300米投诉吗,1
2025/3/30 0:31,真诚就是必杀技,0
2025/3/30 0:31,过年在高速上看到货,0
2025/3/30 0:32,这速度简直堪比闪电侠了！雷总的效率真不是盖的～～～,0
2025/3/30 0:33,这波操作简直神速，雷总的诚意满满啊～～～,0
2025/3/30 0:33,公司那么大人那么多一个人那点管的过来,0
2025/3/30 0:33,深圳经常看到[捂脸],0
2025/3/30 0:34,期待惊喜测试，雷总优秀,0
2025/3/30 0:36,928,0
2025/3/30 0:36,安聪慧过来看看[微笑],0
2025/3/30 0:36,雷老板有一套不容易啊,0
2025/3/30 0:36,300米都不能走了,0
2025/3/30 0:36,各行各业不容易,0
2025/3/30 0:37,雷总这时间管理…确实是把buff叠满了,0
2025/3/30 0:37,顾客是上帝，说远不远。试驾车居然不在店内[绝望的凝视]停三百米处,1
2025/3/30 0:37,真会搞流量，满足一下普通群众的虚荣心理，雷老板营销确实无人能比，也确实该人家成功[赞][赞][赞],0
2025/3/30 0:38,好像是这样,0
2025/3/30 0:39,买小米千亿总裁能给你开门，还能群里批评他[泪奔],1
2025/3/30 0:39,奉劝各位车主必须开启监控[黑脸][黑脸][黑脸]别省那点电，不然有可能会丢命的，有些坏种在故意划车胎，松螺丝[黑脸][黑脸][黑脸]已经不是个例了，非官方4s店修理店也不可信,1
2025/3/30 0:39,我学校都有一辆，好像还是学生开的[憨笑][赞],0
2025/3/30 0:39,都是少爷公主，这个300米我都没想过能有啥问题[微笑][微笑][微笑],0
2025/3/30 0:40,这个呢，有点钱是要有个性的，换做你，你也是一样，能买这个车都是上流人收入了,0
2025/3/30 0:41,军哥,0
2025/3/30 0:41,你肯定不知道，富豪阶层很多女的，出来公共场合穿搭基本会穿高跟鞋，如果穿了，那么她们一天的走路程不会超过1000米，基本就是上下车，去厕所这点路。所以很多人下班，或者有空回去健身房[捂脸],1
2025/3/30 0:41,300米...,0
2025/3/30 0:41,我吃这三百米的苦哈哈哈哈哈,0
2025/3/30 0:41,冲,1
2025/3/30 0:41,还是开窗看一下风景吧,0
2025/3/30 0:41,怎么进群[九转大肠],0
2025/3/30 0:42,实用,0
2025/3/30 0:42,雷总果然是劳模，时时刻刻为产品代言,0
2025/3/30 0:42,娘娘们们的都是优势了,0
2025/3/30 0:43,小区楼下。上班路上。公司楼下随处可见小米,0
2025/3/30 0:43,雷总，这是用小米手机拍的还是截屏的呀,0
2025/3/30 0:43,雷军：我谢谢你啊[泪奔],1
2025/3/30 0:44,额，300米还配个车，我多余了,1
2025/3/30 0:44,"友商:不是，他怎么不整活？
雷总:不是，你们怎么光整活？不务实么？",1
2025/3/30 0:45,请问你用的什么手机呢？我给你找几条，要不要？,0
2025/3/30 0:45,谢谢他全家,1
2025/3/30 0:46,老乡我上次看到一个按摩店的接待提了小米凹欻,1
2025/3/30 0:46,北京好多,0
2025/3/30 0:47,小米工厂店都没有拿他当盘菜，没给他高规格接待，所以他生气，才在群里写小作文说服务细节[看] 只能说有影响力但不多,1
2025/3/30 0:47,管杀不管埋，[笑哭][笑哭][笑哭]这话有点意思,1
2025/3/30 0:48,恶劣天气,0
2025/3/30 0:48,回复@vwlmgshzy_:哈哈，微博果然是无脑饭圈地，这么着急，再多说一点。舔棒粉就是好。说话都是这么好听。棒子，棒子一定要多舔舔。,1
2025/3/30 0:48,重点还是有车送去 没车拉回就扯了 明明是有车,0
2025/3/30 0:49,组装车全靠营销[捂脸],1
2025/3/30 0:49,首富舍得花钱[捂脸],0
2025/3/30 0:49,支持雷总布局新能源飞机引领未来,0
2025/3/30 0:50,有[看],0
2025/3/30 0:50,我有，工作群[看],0
2025/3/30 0:50,那天天气不好，风雨，有情绪。然后跟老婆一起，可能觉得有点掉面子[捂脸]  我陈述事实啊 我个人看法[捂脸],0
2025/3/30 0:51,我也想买，我能进群买吗[捂脸],0
2025/3/30 0:51,不是300米的问题。是态度的问题。有的时候真的很伤人。,0
2025/3/30 0:51,我家楼下有一辆,0
2025/3/30 0:52,小鹏又被打[看],1
2025/3/30 0:52,降温刮风的天气[黑脸],0
2025/3/30 0:52,是他,0
2025/3/30 0:53,[捂脸] 情绪化表达吧，哈哈哈，不过作为商家，确实顾客是上帝，就算不认同，我也会安抚，哈哈哈,0
2025/3/30 0:54,营销费用比研发费用还高，放个屁都能上热搜第一，你信不信[尬笑],1
2025/3/30 0:55,怎么进群雷总能不要邀请一下,1
2025/3/30 0:57,就这态度股票又涨了[捂脸],0
2025/3/30 0:57,一定是一个什么不重要的事情，然后来这样一出。又不是第1次了。,1
2025/3/30 0:58,什么叫自然开裂？就是放着不动也会自己裂开？,0
2025/3/30 0:58,我一个单位都看到2辆[泪奔],0
2025/3/30 0:59,我觉得就这样就挺好,0
2025/3/30 0:59,安阳好多辆[捂脸],0
2025/3/30 0:59,不是300米要什么摆渡车？我大学田径比赛还跑400米呢。,0
2025/3/30 1:02,太夸张了[捂脸],0
2025/3/30 1:03,你觉得可能吗？和雷军在一个群里级别是什么样的[捂脸],0
2025/3/30 1:03,又上热搜了,0
2025/3/30 1:03,车就是本人回复，手机bug一点不管是吧，k80刚发售打游戏可以4个半小时，温度不过38，最新系统老是卡冻屏，打游戏3小时多就没电了温度也是42度以上[微笑][微笑][微笑],0
2025/3/30 1:03,上次封我直播间，这次礼尚往来[看],1
2025/3/30 1:07,截图发那个区域的群里就行了[看],0
2025/3/30 1:08,我去年房子装修，出了点问题，在群里艾特老板，人家老板根本不搭理人，最后好几天了我又发信息问，你们到底要怎么处理，人家才安排一个店长出来发一句话，在处理[尬笑],1
2025/3/30 1:08,真的恶心，这种事天天上热搜,1
2025/3/30 1:08,对，口袋有几十万买车的，下楼拿快递我都想加钱喊人送上来,0
2025/3/30 1:08,反观……,0
2025/3/30 1:09,这是改的？[泣不成声],1
2025/3/30 1:09,不是一个级别的，发消息的这个是杜宏，字节的人资副总,0
2025/3/30 1:10,红米找王腾,0
2025/3/30 1:10,雷总不管手机了，只管汽车[看],0
2025/3/30 1:11,昵称字节跳动不是没可能,0
2025/3/30 1:11,又开始营销了,1
2025/3/30 1:12,《大湖北科技群》[泣不成声]，这里面的人，没有一个简单，都是大佬阿[泣不成声],0
2025/3/30 1:12,他睡醒都在刷手机，回的可不就快呗[看],0
2025/3/30 1:12,你已经去了？,0
2025/3/30 1:15,法拉利500万左右的和小米50多万的速度水平不相上下[捂脸],0
2025/3/30 1:15,光靠修车就能发财,0
2025/3/30 1:16,国外汽车大牌全部不敢出声,0
2025/3/30 1:16,顶着风300米，搁沙漠无人区，300米外有泡尿爬着过去都得喝。,0
2025/3/30 1:16,北京易车金港圈速1.03.91[看],0
2025/3/30 1:18,你应该找大帝[看],0
2025/3/30 1:19,50万的车你还想怎么样 买个a6比这流程还low你信不信,1
2025/3/30 1:21,雷总之前说过了，我们不信上帝，所以客户不能当做上帝要把用户当朋友[看],1
2025/3/30 1:22,比亚迪 不割白不割,1
2025/3/30 1:22,雪军：听说有人艾特我,0
2025/3/30 1:22,这也能成个新闻摆在热搜位这营销真是无处不在无孔不入，佩服佩服,1
2025/3/30 1:23,解决手机无缘无故出现绿线的事吧,0
2025/3/30 1:23,应该是这个吧，比较相关的了,0
2025/3/30 1:24,有些人宁可去健身房的跑步机跑、去马拉松比赛上跑，也不愿平时走个300米??,0
2025/3/30 1:27,这功能太好了,0
2025/3/30 1:27,这是雷总自己的湖北大佬群,0
2025/3/30 1:27,我去！300米还搞个摆渡车？也是醉了！,1
2025/3/30 1:31,能和雷军一个群的，你认为他身份能低到哪里去？,0
2025/3/30 1:31,雷总的微信，群里的人真的很幸福吧[泣不成声][泣不成声][泣不成声],0
2025/3/30 1:31,我们海南这边很多小米su7,0
2025/3/30 1:32,字节副总，不算低了,0
2025/3/30 1:33,从用澎湃开始就卡的要死，我米九那时候用了三年也没卡几次 [捂脸],0
2025/3/30 1:35,1,1
2025/3/30 1:36,2,0
2025/3/30 1:36,首富了,0
2025/3/30 1:36,3,0
2025/3/30 1:37,人家都有钱，要面的啊,1
2025/3/30 1:38,我看到好多,0
2025/3/30 1:39,这个油车改的   天天在赛道,0
2025/3/30 1:39,这人也是矫情,1
2025/3/30 1:39,雷总人真好,0
2025/3/30 1:39,真正的骑手要学会和自己对弈,0
2025/3/30 1:39,看我IP  明白了吗,1
2025/3/30 1:40,用户反馈是产品迭代的基石，SU7 Ultra的优化之路还长，雷总这波操作算是开了个好头,0
2025/3/30 1:40,大佬们连300米都走不了？不怕腿退化吗？[捂脸],1
2025/3/30 1:40,不是本人吧,0
2025/3/30 1:41,传统车企老总会道歉？,0
2025/3/30 1:41,@^ω^,0
2025/3/30 1:44,都是有钱的主[捂脸],0
2025/3/30 1:44,也是很听劝的呀,0
2025/3/30 1:44,我们这已经成街车了[看],0
2025/3/30 1:45,态度可以的,0
2025/3/30 1:46,这是传说中的精英群吧,0
2025/3/30 1:46,哈哈哈，Redmi宣传的再好，我也不会买，就是发热掉帧[捂脸][捂脸],0
2025/3/30 1:46,又过了一次年,0
2025/3/30 1:47,300米……我以为三公里呢,0
2025/3/30 1:47,300米[憨笑]打字的时间都过去了[憨笑],0
2025/3/30 1:48,[呲牙]300米挺远的,0
2025/3/30 1:48,人车都不在就不用还了,1
2025/3/30 1:49,你还没被踢吗？非但不????和??，还敢阴阳怪气,1
2025/3/30 1:49,看到很多次,0
2025/3/30 1:50,那么大的老板还有时间看群消息，不敢相信。,0
2025/3/30 1:50,雷总各方面做的都很细。佩服,0
2025/3/30 1:50,山东小县城第二天就有了,0
2025/3/30 1:51,雷总确实是细节控，连空气里的螺丝钉都不放过…时间管理buff拉满了！,0
2025/3/30 1:51,雷总这时间管理buff加满了吧…连群消息都不放过的说,0
2025/3/30 1:52,广东惠州好多,0
2025/3/30 1:52,300米少爷,1
2025/3/30 1:52,不断改进是好的态度,0
2025/3/30 1:53,北上广和新一线多,0
2025/3/30 1:54,300？腿是金子做的吗,1
2025/3/30 1:54,雷总做事太细了,0
2025/3/30 1:55,"我有个想法，会不会官方爆出来的这点不痛不痒的不足也是营销手段。难不成从产品质量，用户体验，真的没有一点点吐槽吗。
纯一个做研发的人的疑虑，当然，也是因为我们的产品被吐槽多了，望尘莫及，虚心学习。",0
2025/3/30 1:56,不不不吐槽这个人是字节跳动副总[看],1
2025/3/30 1:57,这什么群啊雷总都在？,0
2025/3/30 1:58,人家随随便便掏出五十几万买辆玩具车开的群体，咋可能受过罪,1
2025/3/30 1:58,好巧我也是这样想的,0
2025/3/30 1:59,这可不是普通的群哦，里面全都是各个公司的高管，,0
2025/3/30 2:00,能有多恶劣[捂脸]北京又不是北极,0
2025/3/30 2:00,人家是字节跳动副总裁不一样哦[看],0
2025/3/30 2:00,学校看过[发呆],0
2025/3/30 2:00,这,0
2025/3/30 2:01,总裁和总裁在内部群摆拍，普通人拥护和叫好,0
2025/3/30 2:01,高位配股 再不喜欢雷布斯啦 hhhhh 彻底祛魅,1
2025/3/30 2:02,有这种条件肯定享受，享受一半给停用了[捂脸]，但是雷总解决态度很好,0
2025/3/30 2:04,哪有车一开始就是完美的,0
2025/3/30 2:05,积木盒子退款没,0
2025/3/30 2:05,假的，聊天内容左边那个箭头位置错了，微信的箭头是在头像底部偏上一点，他这个和头像底部对齐了[看],1
2025/3/30 2:06,好难猜是谁呢？刚拧完出门就被拍了然后发到网上,0
2025/3/30 2:07,雷军也用微信的吗,0
2025/3/30 2:08,雷总真的是很照顾顾客的感受,0
2025/3/30 2:08,车主道歉！必须车主道歉！,1
2025/3/30 2:08,手机什么时候这么上心,0
2025/3/30 2:08,雷总大明星,0
2025/3/30 2:09,做为小米股东你也要秒回复啊，3秒,1
2025/3/30 2:10,如果是真的那你报警阿，起诉阿。对待黑子不要手软@小米法务部,1
2025/3/30 2:10,NAS有信息了吗,0
2025/3/30 2:10,NAS嘛，暂时没听到啥风声，别急哈，一有动静我就跑来告诉你！！,0
2025/3/30 2:11,雷总格局高,0
2025/3/30 2:11,谁去验证下改没改,0
2025/3/30 2:11,试驾车个车，逼事挺多，腿断了三百米不能走,1
2025/3/30 2:12,300米不能腿着吗？真是一米也走不了,1
2025/3/30 2:13,忽悠猴子有一套,1
2025/3/30 2:13,营销教主闹麻了,1
2025/3/30 2:14,碰到过好多了 su7 ultra都已经碰到过了 都是渝牌的 重庆开苏七的那么多却没有我的一辆[泪奔],0
2025/3/30 2:15,[抠鼻]怎么没有，我就是干电影院的，物种多样性我见的太多劣质物种了,1
2025/3/30 2:16,五十几个亿[惊恐][惊恐],0
2025/3/30 2:18,你媳妇被黑最惨的一次,1
2025/3/30 2:18,[看]500人的大群 还有雷军本人在群里的情况下 这个人刚发出来下面就是雷军的秒回 雷军这么闲？有雷军在的群这么不活跃 下面没有穿插其他人的闲聊？,1
2025/3/30 2:19,[爱心][爱心][爱心][爱心][爱心][爱心][爱心][爱心][爱心],0
2025/3/30 2:19,类似这种我们公司领导就一个小科长都不会回应[捂脸][捂脸][捂脸],0
2025/3/30 2:20,大佬大多谦逊有礼,0
2025/3/30 2:21,去镇上拿快递都看到过好几辆[九转大肠]目送好几米,0
2025/3/30 2:25,他的每一步都在他计算之内,0
2025/3/30 2:25,这都热搜,0
2025/3/30 2:26,路上偶遇过3个，公司见过一个,0
2025/3/30 2:29,雷军的小米是做什么的？,0
2025/3/30 2:30,全国各行业客服学着点,0
2025/3/30 2:31,也就是个字节的部门高管，又不是什么很高贵的人，有写小作文的时间，300m都走到了。,1
2025/3/30 2:32,你买的车买少了吧？你去买个bb A50多万呢，你看看服务能有小米好吗。,1
2025/3/30 2:33,#用户吐槽小米su7ultra试驾雷军秒道歉# 数码闲聊站@科技安妮,0
2025/3/30 2:35,对头  发布者都群消息免打扰 雷军都能免回复 也就是说在不管什么群都好 一定要了解第一手信息,0
2025/3/30 2:36,[鼓掌],0
2025/3/30 2:37,比雷军高最少两个等级  发布者都群消息免打扰的 雷军都能秒回复 看来这个大湖北科技群 不是一般人,1
2025/3/30 2:37,#用户吐槽小米su7ultra试驾雷军秒道歉# 雷军这身段，到位。,0
2025/3/30 2:37,还真碰到过，我这边算偏僻的了，没想到真有人开小米,0
2025/3/30 2:37,信阳看到过两个,0
2025/3/30 2:38,在小区门口见过su7，是不是奥歘不知道,1
2025/3/30 2:42,用心倾听大众的声音,0
2025/3/30 2:42,大同看见五辆,0
2025/3/30 2:42,[捂脸],0
2025/3/30 2:45,我是小米的，这个确实是雷总日常的打字风格，短句+句号+回车空格短句,0
2025/3/30 2:45,这次营销槽点太多，过度营销，痕迹过于明显，弊大于利。也不排除友商买的热搜的可能,1
2025/3/30 2:46,就是说还是大家真的太被雷总宠,0
2025/3/30 2:47,666,0
2025/3/30 2:48,你们雷总没在群里加个小米[大笑][大笑][大笑]，你看看其他人的,0
2025/3/30 2:48,？？？,0
2025/3/30 2:49,郑州su7都数不过来[泪奔]我家小区地库都停好多辆,0
2025/3/30 2:53,十八线小城市看到一辆蓝色一辆玫红色,0
2025/3/30 2:53,小米u是能飞吗，他家地库到三楼的别墅也要走5米才到电梯口吧。。。,0
2025/3/30 2:54,300米远,0
2025/3/30 2:58,能和雷总待一个群的  都不是简单人物,0
2025/3/30 3:00,是真滴吗,0
2025/3/30 3:04,这种事情一出来就知道是哪些群体了，这就是口碑,1
2025/3/30 3:05,乍听很有道理，如果真有企业家信就上当了,0
2025/3/30 3:08,字节的这个杜狗真事儿逼啊，这么点儿事也汪汪，三百米不能走？残疾吗，这是什么碎催啊。,1
2025/3/30 3:08,hh,0
2025/3/30 3:12,这很难不爱啊,0
2025/3/30 3:14,炒作的真妙,1
2025/3/30 3:15,也是很听劝的呀,0
2025/3/30 3:16,雷总真的是接地气,0
2025/3/30 3:17,雷总这波操作...时间管理buff加满，下次道歉得排个队吧？,1
2025/3/30 3:19,主要是人家不说了吗，本来就有这服务的，搭过去不搭回来，过来搭也用不了多久啊，就是那店协调有问题啊，又不是矫情啥，又不要要专程要这服务，本来就有的还不能享受吗,0
2025/3/30 3:22,佛山经常看见,0
2025/3/30 3:23,应该是碰见都会处理的，不分人,0
2025/3/30 3:25,300米在这里呱啦呱啦 雷军还是太宠消费者了,0
2025/3/30 3:26,买了酥7?? 真正感受了一波什么叫 车行 服务真的堪忧,0
2025/3/30 3:26,雷总这拼劲，三头六臂都不够用啊！宠粉也是实力的一部分,0
2025/3/30 3:31,买馍吧[看],0
2025/3/30 3:33,说问界卖49万太贵，没两天买了911。这有问题吗？傅首尔5000彩礼太贵，没两天花了五十万彩礼娶了刘亦菲。这很难理解？,1
2025/3/30 3:34,理论上来说，就算距离只有一米，销售方这样做也是不对的，和距离没有关系,0
2025/3/30 3:35,小区里看到几辆，长得确实好看[逞强落泪],0
2025/3/30 3:37,雷总 yu9不出璀璨洋红我不买 我要年轻人的第一台宝宝巴士,0
2025/3/30 3:48,这才是企业家精神[赞][赞]，京东买东西收不到货客服让自己想办法，不知强东老板怎么想？,1
2025/3/30 3:58,这不会就是传说中百来米也要打滴滴的人。[捂脸],1
2025/3/30 4:01,重点是他居然和雷总一个群…,0
2025/3/30 4:03,#中国电动汽车百人会论坛# 老板连开会都在测试,0
2025/3/30 4:03,我没有买过车，但是我看了很多新闻，看了很多一切，我是90年的男人，这么多年来说，我看到了很多东西，小米的出车事故，让我看了很多很多，就是你小米很牛了,0
2025/3/30 4:04,能和雷总混一个群的人应该都不简单吧[呲牙],0
2025/3/30 4:06,肯定雷总也是为了维护品牌形象和以后的发展潜力，不希望出现负面新闻,0
2025/3/30 4:10,没有新的消息,0
2025/3/30 4:14,回答,0
2025/3/30 4:15,销量太猛了[捂脸]售后维修点时间太短销量太大来不及铺开[捂脸],0
2025/3/30 4:15,特[笑哭],0
2025/3/30 4:16,友商是……,1
2025/3/30 4:23,面子问题[看],0
2025/3/30 4:32,现在做海狗都这么卷了吗？为了黑还得买台车,1
2025/3/30 4:38,@小米法务部,1
2025/3/30 4:42,南宁看到一次，株洲看到一次,0
2025/3/30 4:42,今天北京风大,0
2025/3/30 4:50,高格局的雷军讲的很好！[赞][赞][赞][爱心][爱心][爱心][玫瑰][玫瑰][玫瑰],0
2025/3/30 4:53,有些人就喜欢道德绑架，,1
2025/3/30 4:57,这是区别对待了，先照顾团体客户，冷落散客了，所以才投诉，可以理解，毕竟一台车落地选配带保险55w以上了，尊贵服务是最基础的,0
2025/3/30 4:57,毕竟一台车落地选配带保险55w以上了，尊贵服务是最基础的,0
2025/3/30 5:02,你办事还秒社呢！你怎么不夸一夸,1
2025/3/30 5:03,新一的意思是：终于有个比我快的人出现了！,0
2025/3/30 5:04,害，手速再快也快不过雷总回复啊...不过交付能再快点就更好了,0
2025/3/30 5:11,啥问题,0
2025/3/30 5:12,确实，像续航显示优化、HUD适配逻辑这些细节都需要通过OTA升级来逐步完善，具体情况还得看用户的实际测试数据,0
2025/3/30 5:14,什么级别的人才会有这种要求[呲牙][呲牙],1
2025/3/30 5:18,我想入群,0
2025/3/30 5:22,你正在买手机，突然来了一颇人，营业员扔下你转身去接待他们……此时此刻你心里怎么想[捂脸],0
2025/3/30 5:23,雷总:当年上学的时候，三公里都是走着去,0
2025/3/30 5:23,这群每一个名字带一个后缀,1
2025/3/30 5:23,是真的很用心,0
2025/3/30 5:29,能和雷总同一个群 我跪着出去都愿意[看]身在福中不知福,1
2025/3/30 5:32,雷总的诚意满满,0
2025/3/30 5:33,雷总这波秒道歉操作，诚意直接拉满～～～ 强啊哥！！！,0
2025/3/30 5:35,要不，电瓶车一起造了吧,1
2025/3/30 5:37,老雷就是这样的实在,0
2025/3/30 5:40,[赞][赞]支持小米,0
2025/3/30 5:40,比溪风回应都慢,0
2025/3/30 5:43,郑州一条路好多辆 啥颜色都有[招财兔],0
2025/3/30 5:45,买辆车,0
2025/3/30 5:48,身为一个老总还能这样，真的不成功都难。,1
2025/3/30 5:49,雷总这操作简直就是CEO界的时间管理者… buff加满，试驾翻车也能秒道歉！,0
2025/3/30 5:51,身边有人说能把人整死，有的真能用岀来的，有屠龙术会不用吗，天生带恶意，受情绪低落,1
2025/3/30 5:52,千亿营销,0
2025/3/30 5:56,老雷真得很实在,0
2025/3/30 5:57,话语权很重要,0
2025/3/30 5:58,这方面最早不是，那些欧美企业起的头吗特别是高通，华为全面收取专利费才几年,0
2025/3/30 5:59,[耶][耶][耶][耶][耶],0
2025/3/30 6:02,这不是雷总的常规操作嘛,0
2025/3/30 6:02,就秒回复致个歉而已，就未来可期啦？现在的消费者要求不能再高点吗？估计博主是当事人就不会未来可期了,1
2025/3/30 6:03,雷总的时间管理满级玩家SU7 Ultra试驾…基操勿6！,1
2025/3/30 6:03,[捂脸][捂脸][捂脸][捂脸],0
2025/3/30 6:05,其他车企都没钱?,1
2025/3/30 6:05,确实不错,0
2025/3/30 6:05,DY副总裁[看],0
2025/3/30 6:06,还是一个副总裁,0
2025/3/30 6:06,去屏纹这个真可以,0
2025/3/30 6:06,雷军真的太会营销了，这种一看就不真实。,1
2025/3/30 6:08,打工人不能理解的300米,0
2025/3/30 6:15,谢谢军儿的会议记录,0
2025/3/30 6:15,如果是雷总面对这三百米距离，也就当做当天健身打卡了[捂脸]哪需要用得着生气啊，不过可能有钱人和我这种普通人不一样吧[流泪],0
2025/3/30 6:15,雷总成功就怪了，事无巨细,1
2025/3/30 6:15,取消摆渡车吧，才300米，太不环保了,0
2025/3/30 6:16,我完全么有顾虑。小米4s店。离我家才3公里[捂脸],0
2025/3/30 6:16,[看]人家是觉得你车他去了没车他回来，感觉你卖车目的性太强，他没被尊重到,0
2025/3/30 6:17,这皮衣穿出了黄仁勋的感觉来了,0
2025/3/30 6:19,本来就是50w的车，雷总营销吹过头了而已。真几百万了，肯定就不是这样了,0
2025/3/30 6:22,我也想加入他的群,0
2025/3/30 6:22,尊敬的雷军教授: 需要助教吗？ 本姑娘想挑战做您教学上的左右手,0
2025/3/30 6:22,确实是,0
2025/3/30 6:23,好像是会员俱乐部群,0
2025/3/30 6:24,先买根老油条吃吧,0
2025/3/30 6:26,全是大佬,0
2025/3/30 6:26,你得多学学,1
2025/3/30 6:27,我很诧异的是300米，也就三百来步……,0
2025/3/30 6:28,哪可是300米啊,0
2025/3/30 6:29,666,0
2025/3/30 6:29,#用户吐槽小米su7ultra试驾雷军秒道歉# 雷总大面做得好，细节也抓的好，大卖也不奇怪了,0
2025/3/30 6:30,反应夸张不如多花时间提升质量，雷军这步走得还不赖。,0
2025/3/30 6:32,只要不是下雨下雪下冰雹，三百米，不能走两步[抠鼻],1
2025/3/30 6:33,这波群聊含‘金’量过高，雷总在线速通售后，看来大佬群都是24小时待机模式啊,0
2025/3/30 6:35,啊哈,0
2025/3/30 6:35,有专业的客服团队，普通人一个人肯定没有那么快,0
2025/3/30 6:36,怎么证明群里是真的雷军？,0
2025/3/30 6:36,雷总这波操作666，比老孙翻筋斗还快！,0
2025/3/30 6:37,确实不亏是雷布斯,0
2025/3/30 6:39,支持雷总,0
2025/3/30 6:40,合肥 到处能看到,0
2025/3/30 6:40,300米还要摆渡车，给惯的,1
2025/3/30 6:40,也对也不对，每个企业都有自己的风格，没有固定模式，也各有优劣！！！也不可能每个小事老板都出面,0
2025/3/30 6:41,我经常看到,0
2025/3/30 6:45,300米，就这破事也得发出来,1
2025/3/30 6:45,你的小米问题解决了吗？,0
2025/3/30 6:46,《大湖北科技群》[泣不成声]，这里面的人，没有一个简单，都是大佬阿[泣不成声],0
2025/3/30 6:47,商战就是这么简单,0
2025/3/30 6:47,小米未来可期,0
2025/3/30 6:49,这位可不是一般的网友！这也不是一般的客户群！！,0
2025/3/30 6:51,组装厂哪怕蹲着热搜了也是low货。这车刚出来的时候不是宣传手机支架吗？还搞投票。谁都知道它养了MCN。养了网军。驴粪蛋表面光,1
2025/3/30 6:51,雷总就是雷总成功人士,0
2025/3/30 6:52,厉害啊,0
2025/3/30 6:53,我约临沂的试驾，已经半个多月了，还没人跟我联系，我都到店里了，不让试驾，让预约了以后等电话,0
2025/3/30 6:53,这广告做的很有剧情,0
2025/3/30 6:54,给雷总点赞。,0
2025/3/30 6:54,这位车主看来也是出了被窝进被窝的主啊,1
2025/3/30 6:55,雷总,0
2025/3/30 6:55,加油小米,0
2025/3/30 6:56,300米，快步走需要3分钟，溜达着也只要5分钟,0
2025/3/30 6:56,关键问题是这个用户和雷军都在一个群里面，所以他们之间肯定是认识的，虽然这位用户是字节的高管，即便和雷军不是同事，那他们之间这种对话也就和正常同事聊天一样，把这种聊天对话来出来当新闻，说直接一点就是营销！否则换作其他普通用户就是另外一个结果，更别说迅速回应…,1
2025/3/30 6:56,都是湖北的科技大佬,0
2025/3/30 6:56,300米？多么尊贵的一双腿,1
2025/3/30 7:00,不是吧，我在伊犁都看到至少10辆了,0
2025/3/30 7:00,那个道歉是微信群里的,0
2025/3/30 7:04,当然了，我家这小区地库就停着一辆，基本隔两天就能看见小米,0
2025/3/30 7:04,余大佐干着急,0
2025/3/30 7:05,小米手机的电池质量越来越差，还不如以前用飞毛腿公司代工的……要是可以用户自己更换电池就完美了，回归以前米2时代可换电池就好了,0
2025/3/30 7:06,300米就走不动了，还没有我们一个小学的操场大呢[疑问],0
2025/3/30 7:06,[看],0
2025/3/30 7:07,雷军真在做事   这工作量,0
2025/3/30 7:07,所以资本家里面也就雷军有君子之称。[赞],0
2025/3/30 7:09,雷总，秒级响应，真是太给力了！,0
2025/3/30 7:10,雷总这波操作真是神速～～～秒回技能拉满，不愧是CEO界的‘闪电侠’！,0
2025/3/30 7:10,倒也没必要这么说，北方这两天降温幅度有点大，这不是什么大问题出现解决就行了，而且这个东西可以不用但是不能没有,0
2025/3/30 7:10,300 米，无法共情,1
2025/3/30 7:11,作为互联网资深玩家，感觉雷离翻车不远,1
2025/3/30 7:11,您好，看到您反馈电池的问题，还辛苦您私信小编详细说说具体遇到的问题，这边来核实处理。,0
2025/3/30 7:12,能去小米工厂溜达3000米都有很多人干,1
2025/3/30 7:12,雷子只是怕这事影响他车的销量[看],1
2025/3/30 7:12,董大姐真应该好好学学雷总,0
2025/3/30 7:14,上热搜才是王道，任只会埋头干事不稀罕任何营销,0
2025/3/30 7:16,雷总打算自己造电池吗,0
2025/3/30 7:17,这也是广告,0
2025/3/30 7:20,跟这个微博办公有异曲同工之妙,0
2025/3/30 7:20,编剧导演肋演群！？,1
2025/3/30 7:20,试驾小米能和雷军一个群？,0
2025/3/30 7:22,啊？我还以为车有问题呢[尬笑]不是这服务的问题，那就找官方人员啊，这也能扯到雷总,0
2025/3/30 7:22,第一批车主有群的[看],0
2025/3/30 7:23,其实和 300 米没什么关系，是“今天没有”和“才下午两点”的原因，本来是很好的服务，没有就会让好的服务适得其反，再加上时间既不是中午也不是下班时间，所以会让客户感觉更不好。,0
2025/3/30 7:23,老总群，反馈问题的听说是字节高管…,0
2025/3/30 7:24,300米，，,0
2025/3/30 7:24,买热搜常客演的又一出戏而已，别太当真,1
2025/3/30 7:25,手机爆炸，这是谋财害命啊,1
2025/3/30 7:25,300米？！,0
2025/3/30 7:26,一个普通企业高管脾气都大得吓人，更何况他们这种级别的，太正常啦,1
2025/3/30 7:26,928,0
2025/3/30 7:26,他是想把自己开来的车开到展厅里,0
2025/3/30 7:29,一个会说一个会演,0
2025/3/30 7:29,看不懂,0
2025/3/30 7:29,这不叫小米撞了一个人，你这叫小米车主撞了一个人，人家只是不想告你。[看][看][看],1
2025/3/30 7:30,字节跳动去摆谱，没有摆成。,1
2025/3/30 7:30,只有一个客服一个售后和一个销售，就是雷总[呲牙][呲牙],0
2025/3/30 7:30,雷总花样太多，是真学不来啊，，,1
2025/3/30 7:31,雷军:有些小米用户，有问题他不打电话找客服而是上微博骂街[呲牙][呲牙][呲牙],0
2025/3/30 7:32,这个群里的人不一般,0
2025/3/30 7:32,雷总还是听劝的,0
2025/3/30 7:32,要素齐全！透明人和大佬群的反差萌...这波是学霸界的二哈开会了,0
2025/3/30 7:33,雷总这波光速响应真行～～～用户反馈秒回，这反应速度～～～强啊哥！！,0
2025/3/30 7:33,提意见的不是抖音的一个高层吗我记得看一个报道是这样说的,0
2025/3/30 7:34,雷氏速度,0
2025/3/30 7:34,要不下八个美团外卖单，找8个外卖小哥给您300米抬过去？,1
2025/3/30 7:34,反噬慢慢开始了,0
2025/3/30 7:34,客服 销售最好的,0
2025/3/30 7:35,友商拿我们当韭菜，只有雷军拿我们当客户。,1
2025/3/30 7:36,低智商集中营人才相信是雷军自己回复？低智商人想象雷军和你们一样整天守着聊天群？明显是运营雷军账户的工作人员回复的啊,1
2025/3/30 7:37,这种就是故意引流的，小米常规操作,1
2025/3/30 7:38,我有两个问题，鱼淹死了怎么办？还有鱼在里面坐车，晕车吐在里面了怎么办？,0
2025/3/30 7:38,真相了 和雷总同群的都是大佬，我们只能蹲个后续,0
2025/3/30 7:38,态度非常认真,0
2025/3/30 7:38,小米加油,0
2025/3/30 7:38,加油,0
2025/3/30 7:39,哈哈,0
2025/3/30 7:40,还是不够阴阳啊。请再加大力度,1
2025/3/30 7:40,雷总这反应速度，怕是连FSD都追不上了...不过能秒道歉也挺有诚意的,0
2025/3/30 7:40,300米 腿呢,1
2025/3/30 7:41,雷总秒回,0
2025/3/30 7:41,没有雷军大佬小米真的不行,1
2025/3/30 7:42,确实,0
2025/3/30 7:43,小米有售后吗[捂脸],0
2025/3/30 7:43,300米[捂脸],0
2025/3/30 7:43,928,0
2025/3/30 7:43,低智商集中营人才相信是雷军自己回复低智商人想象雷军和你们一样整天守着聊天群？明显是运营雷军账户的工作人员回复的啊,1
2025/3/30 7:43,固态电池要来了,0
2025/3/30 7:43,确实帅,0
2025/3/30 7:43,固态电池，国产落后了？,0
2025/3/30 7:43,小米的灵魂人物就是雷布斯,0
2025/3/30 7:44,有没有可能小米雷军账号有专职人员一天24小时盯着，并且一旦出现任何突发情况都会有专人报告[捂脸],0
2025/3/30 7:45,雷总真是身兼数职啊,0
2025/3/30 7:45,那你能回我一下吗,0
2025/3/30 7:45,谁能有雷总卷？怪不得人家火,1
2025/3/30 7:45,我想建一个湖北老乡群，把雷军拉进来,0
2025/3/30 7:45,真的台细节了,0
2025/3/30 7:46,不是来事300米都要车送，这肯定是超大户,1
2025/3/30 7:46,雷总这波是老板 客服 试驾员buff加满，下一步怕是要亲自送外卖了,0
2025/3/30 7:46,雷总这卷王气质 天赋 努力buff加满，试驾完直接变迷弟～,0
2025/3/30 7:46,真有一手，撞仁热搜压的妥妥的，梦营销的芝麻粒大小的事情一个不放过,1
2025/3/30 7:46,群里的网管而已,0
2025/3/30 7:47,。,0
2025/3/30 7:47,300米也要摆渡，现在的人进化了，不会走路了吗？,1
2025/3/30 7:48,网速也是挺快的,0
2025/3/30 7:48,不好意思，一直忙到很晚，刚刚才看见,0
2025/3/30 7:48,确实是挺好,0
2025/3/30 7:48,有个人魅力,0
2025/3/30 7:48,"人家是字节副总裁[看]
能跟牛马比吗",1
2025/3/30 7:49,矫情,1
2025/3/30 7:49,白莲花给了你多少钱？,1
2025/3/30 7:50,不是不接回，是车有任务，被安排等待接待一些团体任务，不能接他，他就觉得没脸生气[捂脸],0
2025/3/30 7:50,300米还这么矫情[冷漠]难评,1
2025/3/30 7:50,所以电车只有特斯拉和其他。,0
2025/3/30 7:51,这题超纲了...我还在琢磨咋练成这门手艺呢,0
2025/3/30 7:52,雷军本身就在那个群，人家直接明说的，管理层可能都不知道,0
2025/3/30 7:52,这不是真诚吗？,0
2025/3/30 7:52,我们这挺多啊,0
2025/3/30 7:52,300米你没有车拉着我。我很生气，走不了一点[捂脸],1
2025/3/30 7:52,您在中间坐着，相机文档模式最好用！,0
2025/3/30 7:53,有钱人宁愿跑步机走几公里也不愿意走300米,0
2025/3/30 7:53,能成功真的不是没有理由的，用户反馈的东西立即就能得到响应,0
2025/3/30 7:53,确实是可以,0
2025/3/30 7:53,微博办公，都懂,0
2025/3/30 7:53,真的很爱小米,0
2025/3/30 7:53,怪不得300米都走不了[看],1
2025/3/30 7:54,还是挺好的,0
2025/3/30 7:54,雷军是网红，和别的老板不一样。,0
2025/3/30 7:55,[赞][赞]300米，给你惯的,1
2025/3/30 7:56,一年365天的过年 ,0
2025/3/30 7:56,先睡吧,0
2025/3/30 7:57,好早呀,0
2025/3/30 7:58,300米？腿没了？还是退化了？,1
2025/3/30 7:59,我的妈耶…300米都有电瓶车果然能开的起小米的人都是富人,1
2025/3/30 8:00,太能装了吧、300米都走不了,1
2025/3/30 8:00,搞笑了吧300米   还坐车   还吐槽  不怕被网暴吗,1
2025/3/30 8:01,不愧是大佬,0
2025/3/30 8:01,能和雷军在一个群的人多牛逼,0
2025/3/30 8:01,有钱人确实难伺候，走300米都这么夸张，干啥都得要个态度。,0
2025/3/30 8:01,周末愉快呀,0
2025/3/30 8:01,这是你吗,0
2025/3/30 8:01,随时都能营销一波。雷哥的微博没有一张是废话来的。,1
2025/3/30 8:02,虽然但是，我们这儿米家服务态度很差,1
2025/3/30 8:02,相对他们而言人力资源副总而已[尬笑],1
2025/3/30 8:02,我县级城市看到了好多，小区里还有一辆,0
2025/3/30 8:03,希望服务态度提升下,0
2025/3/30 8:04,回复@快乐味Spill2t:没什么好吹，可以不用吹,1
2025/3/30 8:04,广州挺多的真的很帅[泣不成声][泣不成声],0
2025/3/30 8:04,[赞][赞][赞],0
2025/3/30 8:04,[泪奔]是那种核心客户群，究极米粉。简单来说就是小米出什么新品都会买的。,0
2025/3/30 8:05,鬼火少年最爱,0
2025/3/30 8:06,雷哥魅力爆发了,0
2025/3/30 8:07,雷哥这波时间管理buff拉满，试驾翻车？不存在的,0
2025/3/30 8:08,真是惯得毛病，服务太好也不行,1
2025/3/30 8:08,支持雷总，[赞]啥时候出个mpv[呲牙],0
2025/3/30 8:09,配色有点统一,0
2025/3/30 8:09,300米都不能走，真的是，腿断了现在可以接的,1
2025/3/30 8:10,雷军也在客户群里？？？？,0
2025/3/30 8:10,清一色的好评，但代驾那事又有谁知道呢[捂脸],1
2025/3/30 8:10,雷军：你别骂人啊,1
2025/3/30 8:10,限制电动车马力！,0
2025/3/30 8:10,阳春面就是好吃。,0
2025/3/30 8:10,说明都是大佬啊,0
2025/3/30 8:10,我觉得写这么多字 比走300米累多了[看],0
2025/3/30 8:11,两个维度的事情呀，不是一回事,0
2025/3/30 8:11,管送不管接吗[尬笑]啥意思,0
2025/3/30 8:11,混群门槛了解一下，身价三千块起，车马费都得五百,1
2025/3/30 8:12,等下，先不说服务怎样，我是想说300米都不愿意走了吗？不是3公里啊,1
2025/3/30 8:12,@美国驻华大使馆,0
2025/3/30 8:12,合肥好多,0
2025/3/30 8:12,又又又又上热搜了,0
2025/3/30 8:13,你每天去雷总抖音下评论啊，天天去，天天去，每个视频你都艾特雷总看看,1
2025/3/30 8:13,新技能get,0
2025/3/30 8:13,雷总都秒成公关精英！,0
2025/3/30 8:13,"雷君壮志启新程，米韵非凡砥砺行。
手机精研呈万象，大家电巧韵含情。
SU7驰逸彰科技，万物互联智慧凝。
人车家融生态妙，名扬全球绽华英",0
2025/3/30 8:13,一个起步价的事儿。[捂脸],0
2025/3/30 8:14,确实给力及时,0
2025/3/30 8:14,雷总自带流量,0
2025/3/30 8:14,300 米还非要摆渡车？,0
2025/3/30 8:14,上流社会要求真多,0
2025/3/30 8:14,可是同价位车商有这种服务吗？[捂脸],0
2025/3/30 8:15,我是觉得这事就是相互体谅一下。我要是客户我是不会生气毕竟300米，也不是3公里[捂脸]。也不是故意的，毕竟那边可能更需要。米这边还是需要更多车,0
2025/3/30 8:15,人家说了啥你是完全看不懂啊,1
2025/3/30 8:16,早上好,0
2025/3/30 8:16,米粉: 你不懂，这叫接地气，老板亲力亲为,0
2025/3/30 8:16,我觉得这抱怨挺正常，来的时候300米可以摆渡车接，走的时候就不管了，换谁心里也不开心，要么就来的时候干脆别接，不然确实让人感觉管杀不管埋,0
2025/3/30 8:18,先买张彩票吧,0
2025/3/30 8:18,雷总回复太神速了,0
2025/3/30 8:19,[泪奔]就特么三百米 自己走呗,1
2025/3/30 8:19,差不多可以了，天天都是“热搜”,0
2025/3/30 8:21,先转给我，我买包紫钻,1
2025/3/30 8:21,新一你们团队制作的视频一般发在哪个平台啊我看不到,0
2025/3/30 8:21,你在看看你,1
2025/3/30 8:21,就是,0
2025/3/30 8:22,#中国电动汽车百人会论坛#,0
2025/3/30 8:22,早，我家两娃还在呼呼大睡,0
2025/3/30 8:23,不错,0
2025/3/30 8:23,要么一开始不搞摆渡车，而不是过去坐了车回来说没有车，人家怎么总会抱怨一下的，有始有终，怎么过去怎么回来,0
2025/3/30 8:23,真的不希望这车越卖越多  这车开在路上对路上的所有其他人都是一种潜在的危险,1
2025/3/30 8:25,先买几个棒棒糖吃??,0
2025/3/30 8:25,300米 果然这世界还是有钱人的,1
2025/3/30 8:25,雷总，去屏纹后画面字体清晰度降低明显，建议优化！,0
2025/3/30 8:25,真诚,0
2025/3/30 8:25,杭州看到好多 每天都能看到,0
2025/3/30 8:26,之前我还在想，雷军这个销售鬼才，如果各个4s店服务跟不上，或者说销售个人素质不行也会受影响[捂脸],0
2025/3/30 8:26,具体阐述阐述啊，重点一个不说，搁这碰瓷呢啊,1
2025/3/30 8:26,这就是为什么这么多人喜欢雷总的原因，人格魅力太强大[赞],0
2025/3/30 8:26,300米，不知道的还以为三万米呢。。。,0
2025/3/30 8:26,小米车主这么矫情了？？？？？[微笑],1
2025/3/30 8:27,先睡觉,0
2025/3/30 8:27,雷军一气之下又买了100辆摆渡车[看],0
2025/3/30 8:27,天天上热搜,0
2025/3/30 8:27,300米 逗,0
2025/3/30 8:28,能和雷总一个群能是什么普通人吗[看]300米走起来掉面肯定不想走[泪奔],0
2025/3/30 8:28,三个同事买了，一个ultta，两个su7[泣不成声],0
2025/3/30 8:28,对[看][看][看],0
2025/3/30 8:29,很多顶着某某家电的账号，特别喜欢劝别人不要买小米，会告诉你，小米家电很容易坏，我就纳闷了，那么多有良心的？人家不坏，你修什么，你卖什么？类似于这种情况下，三个人的评论,1
2025/3/30 8:30,哈尔滨看到一辆，真的好看，就是买不起，哈哈哈哈,0
2025/3/30 8:30,图片评论,0
2025/3/30 8:30,这也能洗,1
2025/3/30 8:30,饭都买不起只能买泡面,0
2025/3/30 8:31,肯定不是普通用户,1
2025/3/30 8:31,"MD,知道你有军哥微信了",1
2025/3/30 8:31,不是普通人,0
2025/3/30 8:32,300米………………,0
2025/3/30 8:32,说最漂亮的话，弯腰又不花钱,1
2025/3/30 8:32,你是多看不起他，年入百万[捂脸][捂脸],1
2025/3/30 8:32,雷总我的红米笔记本修修换换五个月了，一直没解决好[泣不成声],1
2025/3/30 8:34,提车半个月了[比心],0
2025/3/30 8:34,这很可能是自导自演，毕竟已经领教过他的套路了,1
2025/3/30 8:34,提个车还要什么仪式感？我提车就赶紧开走亨受驾驶感觉，要提车过程干嘛,0
2025/3/30 8:34,300米很远吗,0
2025/3/30 8:34,看不到？春节我这边一个小镇都好几辆[捂脸],0
2025/3/30 8:34,红米苏7,0
2025/3/30 8:35,小米情深，雷总意暖，用户体验安心，同享科技温情，升级有爱，圈内添温馨。,0
2025/3/30 8:35,凑数呗,1
2025/3/30 8:35,雷总这姿态就放的很低，所以才有这么多人支持,0
2025/3/30 8:36,@雷军 雷军的账号之前被爆出来是另外一个男人在管 小米出事了必须让别人受害者得到应有的赔偿 唉,1
2025/3/30 8:36,还是先上床睡觉吧,0
2025/3/30 8:36,产业链成熟雷总就进入，不用承担沉没成本，也不用开发技术，利用自己品牌优势竞争。干的都是内卷的活。,1
2025/3/30 8:36,真诚相待,0
2025/3/30 8:36,老板这种都管下面的人不用干了,1
2025/3/30 8:36,好服务,0
2025/3/30 8:37,低配车主事故率太高了，根本修不完[九转大肠],1
2025/3/30 8:37,服务确实是内功的一部分，快速响应和不断优化才能赢得用户的信任和支持,0
2025/3/30 8:37,还没中学操场走一圈的距离远……,0
2025/3/30 8:37,928,0
2025/3/30 8:37,300米就算下冰雹也过得去吧[尬笑][尬笑][尬笑],0
2025/3/30 8:38,周末愉快网页链接,0
2025/3/30 8:38,早上好烟台,0
2025/3/30 8:38,早上好网页链接,0
2025/3/30 8:39,周末愉快元气满满,0
2025/3/30 8:39,好运气从每一个清晨开始，早安,0
2025/3/30 8:39,雷总自带流量,0
2025/3/30 8:39,新的一天，新的早安呀?~???,0
2025/3/30 8:39,陪,0
2025/3/30 8:39,好,0
2025/3/30 8:40,早安周日愉快,0
2025/3/30 8:40,我以为是试驾感不好[尬笑]搞半天300米没安排接[泣不成声],0
2025/3/30 8:40,说实话绵阳挺多,0
2025/3/30 8:40,再做个50万以上的豪华suv,0
2025/3/30 8:41,烟台周末愉快,0
2025/3/30 8:41,这什么群？,0
2025/3/30 8:41,你咋不用小米手机拍摄。,1
2025/3/30 8:41,就是啊 区别对待是受不了的,0
2025/3/30 8:43,看到好多了。。。。。,0
2025/3/30 8:43,？有事吗,0
2025/3/30 8:44,早上好，我是自愿起床的一直往前走，就能迎面撞上生活送来的糖，早安,0
2025/3/30 8:44,雷总,0
2025/3/30 8:44,字节跳动副总裁,0
2025/3/30 8:44,雷总很诚恳啊,0
2025/3/30 8:45,早??,0
2025/3/30 8:45,能进这个群的，小米还是那个最会营销的,0
2025/3/30 8:45,腿断了？,1
2025/3/30 8:45,不信谣不传谣,0
2025/3/30 8:46,所以 我买的小米打印机  谁管管[流泪][流泪][流泪][流泪][流泪],0
2025/3/30 8:46,r u ok笑死,0
2025/3/30 8:46,不说300米我以为是三公里呢,0
2025/3/30 8:46,那谁有售后呢？,0
2025/3/30 8:46,假的,1
2025/3/30 8:46,很多,0
2025/3/30 8:47,车主画像群体很清晰,0
2025/3/30 8:47,您还算新人,0
2025/3/30 8:48,有庄主在的群都是大佬吧。,0
2025/3/30 8:48,很难想象已经营销成这样了,1
2025/3/30 8:48,真矫情,1
2025/3/30 8:49,就是公司炒作热度，还有什么好说的,1
2025/3/30 8:49,小米试驾应该是全国最垃圾的，试驾服务人员傲慢的不行，十多分钟的试驾恶心人一辈子,1
2025/3/30 8:49,不是，300米需要坐车？！,0
2025/3/30 8:49,热搜,0
2025/3/30 8:49,早安！,0
2025/3/30 8:50,继续编,1
2025/3/30 8:50,合肥一堆[大笑]我家小区地下车库抖好几辆[舔屏],0
2025/3/30 8:50,先打个预防针,0
2025/3/30 8:51,爬  爱买不买 300米,1
2025/3/30 8:51,新车企正常,0
2025/3/30 8:51,俺老孙也想进雷总群瞧瞧热闹哈,0
2025/3/30 8:51,这个专职人员要有多信任才行,0
2025/3/30 8:51,这边建议报警呢,1
2025/3/30 8:51,五菱宏光值得拥有，人家打的就是那个价格阶段的市场，现在你要的这种价格的好车又不是没有。也不是非要他,0
2025/3/30 8:51,话说回来，300就要安排摆渡车，看来现在人群体能下降严重。,0
2025/3/30 8:51,生活不是等待风暴过去，而是学会在雨中翩翩起舞。早安！,0
2025/3/30 8:51,当一个人使劲踮起脚尖靠近太阳的时候，全世界都挡不住她的阳光。早安,0
2025/3/30 8:51,我每天三千米去超市买莱，既没人接也没人送[捂脸],0
2025/3/30 8:51,早安烟台周末愉快,0
2025/3/30 8:52,好好好,0
2025/3/30 8:52,早安烟台,0
2025/3/30 8:52,买车[捂脸],0
2025/3/30 8:52,过年回家去商场买衣服，我就停在一辆棕色小米手机旁边，回来的时候换了，改成一辆绿不拉几的一辆,1
2025/3/30 8:52,我以为3000米。300米。当然我们也不能说什么。毕竟啥人都有。人家就想坐那玩意懒得走。觉得服务不到位。那没办法。反正我肯定自己走。坐车还怪尴尬的。300米东西[泪奔],0
2025/3/30 8:52,军儿你就惯着这帮人吧[看],1
2025/3/30 8:53,这服务不好,1
2025/3/30 8:53,真金贵，300米都嫌远,1
2025/3/30 8:53,确实是这样,0
2025/3/30 8:53,甘肃三十多万的五线城市碰见五六辆了。我朋友买了一辆开着确实爽,0
2025/3/30 8:53,哈哈哈,0
2025/3/30 8:54,300米走一下不就完了，腿断了吗？我每天都走10公里，哪天走不到反而很焦虑,1
2025/3/30 8:55,早安,0
2025/3/30 8:55,确实是职位都很高,0
2025/3/30 8:55,真不愧是雷军啊，回复速度真快,0
2025/3/30 8:55,雷总还是太权威了吧,1
2025/3/30 8:55,论营销谁也比不上雷总,0
2025/3/30 8:55,雷总主打一个真诚，一点架子也没有,0
2025/3/30 8:55,早安，周末愉快！,0
2025/3/30 8:55,雷总你到底是有什么惊喜在等着我呢 这也太让人期待了吧,0
2025/3/30 8:55,雷军态度还挺诚恳的,0
2025/3/30 8:55,雷军是最懂我们年轻消费者的,0
2025/3/30 8:55,我们雷总这是活在互联网上了吧,1
2025/3/30 8:55,hi 你好哇！雷总的效率真是小米速度的完美体现 用户至上刻进了DNA里，这样的服务精神真的超赞,0
2025/3/30 8:55,大湖北科技群，是科技行业各领域的精英，不是随便能进的,0
2025/3/30 8:55,雷总的效率高的,0
2025/3/30 8:55,有雷总这样的管理员想不成功都难,0
2025/3/30 8:55,嗨，小伙伴们真是火眼金睛！高门槛群确实需要实力加持。继续关注我们，也许有一天你们也能成为其中一员！,0
2025/3/30 8:55,雷总真的太会做产品了啊,0
2025/3/30 8:55,除了雷总，谁还把我们当回事啊,0
2025/3/30 8:55,雷总是时刻盯着手机的嘛,0
2025/3/30 8:55,雷总真诚的样子相信小米的实力,0
2025/3/30 8:56,雷总的营销方式也太强了,0
2025/3/30 8:56,雷总亲自处理，很靠谱,0
2025/3/30 8:56,不愧是雷总，诚意十足,0
2025/3/30 8:56,还得是雷总，咱们主打真诚,0
2025/3/30 8:56,@小米法务部,1
2025/3/30 8:56,反正是不小的,0
2025/3/30 8:56,你也得看看自己是不是对的，你不能被包养了，还表现出来一个客观公平的样子,1
2025/3/30 8:56,这种服务很气人,1
2025/3/30 8:56,马赛克那块儿说了路不太远，但天气好像有问题，下雨了还是怎么滴,0
2025/3/30 8:57,我们的雷总实力超强，不得不让人佩服,0
2025/3/30 8:57,烟台，早上好,0
2025/3/30 8:57,我碰到过,0
2025/3/30 8:57,早安[小繁花]周末愉快,0
2025/3/30 8:57,风里藏着温柔，阳光满是暖意。,0
2025/3/30 8:57,不错不错,0
2025/3/30 8:57,早安烟台,0
2025/3/30 8:57,不要否定自己，生活明朗，好运在路上。早安！,0
2025/3/30 8:57,为了改变自己而努力，是一件美好的事。早上好,0
2025/3/30 8:58,早安烟台周日愉快元气满满,0
2025/3/30 8:58,一点事也要上热搜,1
2025/3/30 8:58,爪牙耳目多少,1
2025/3/30 8:58,售后发财了，比卖车都挣钱,0
2025/3/30 8:59,粉丝量翻10倍,0
2025/3/30 8:59,300米还摆渡车送过去。惯的毛病雷总应该直接把送的也取消了，来回都走路就没事了,1
2025/3/30 8:59,有强大的研发团队，想不火都难,0
2025/3/30 9:00,先买彩票，听我的,1
2025/3/30 9:01,300米，我不理解，有钱人都这么娇贵吗,1
2025/3/30 9:01,先买房吧 先解决温饱,0
2025/3/30 9:02,买个Utral,0
2025/3/30 9:03,先买图吧,0
2025/3/30 9:03,牛逼,0
2025/3/30 9:03,您好，小编看到您反馈的问题了，已经详细记录下来了，这边会尝试反馈给相关的工作人员，辛苦您后期多多关注下版本的更新与优化,0
2025/3/30 9:04,雷总这速度点个赞,0
2025/3/30 9:05,早上好,0
2025/3/30 9:05,湖北到处是,1
2025/3/30 9:05,雷总的回应真的很快，诚意满满！小米的服务态度值得点赞！,0
2025/3/30 9:05,hi 你好哇小伙伴！雷总的真诚态度真是让人看到了小米的实力 相信未来还会带来更多惊喜！,0
2025/3/30 9:05,大岭山看到了,0
2025/3/30 9:05,我们四线城市都看到好多了[捂脸],0
2025/3/30 9:05,转发了,0
2025/3/30 9:05,雷总的团队确实给力，24小时在线的AI智能助手让回应迅速又高效！,0
2025/3/30 9:05,嗨~ 雷总的创意真是满满当当! 让我们一起期待更多惊喜吧!,0
2025/3/30 9:05,早安，烟台,0
2025/3/30 9:05,其实那个300米不用走的，厂门口就可以打车。,0
2025/3/30 9:06,他不拿这态度那还不得完了，网络雷军玩的明明白白的，要赚老百姓的钱还不得顺势而为，雷军再金山毒霸就懂把自己宣传出去[看][看][看]才有后来小米,1
2025/3/30 9:06,早上好烟台,0
2025/3/30 9:06,态度是有了，,0
2025/3/30 9:06,早安烟台，周日愉快,0
2025/3/30 9:06,@好的呀 @北向北,0
2025/3/30 9:07,我这小县城都看到好多[捂脸],0
2025/3/30 9:07,[闭嘴],1
2025/3/30 9:07,弄不好是亲自交付呢,0
2025/3/30 9:07,早,0
2025/3/30 9:08,人的认知会限制人的眼见[比心],0
2025/3/30 9:08,这段表演投诉方和道歉方都是被安排好的吧？导演厉害。,1
2025/3/30 9:08,实话实说，比虚情假意强一万倍,0
2025/3/30 9:09,能打败小米su7的只有小米yu7,0
2025/3/30 9:09,早上好周末愉快,0
2025/3/30 9:09,早上好，周日愉快网页链接,0
2025/3/30 9:10,东莞长安看到了四五辆,0
2025/3/30 9:10,买桶康师傅[看],0
2025/3/30 9:10,这个功能还是很厉害,0
2025/3/30 9:10,我每天至少走3公里,0
2025/3/30 9:11,人都在里面了，肯定不能装看不见啊,0
2025/3/30 9:11,还能跟雷军一个群 这也太演了。就算他道歉有什么特别的 此时他的角色是客服是销售 为啥要因为是雷军而不同。,1
2025/3/30 9:12,首先你得买台ultra[偷笑],0
2025/3/30 9:12,厉害呀,0
2025/3/30 9:12,雷总心系用户，令人钦佩！,0
2025/3/30 9:13,这个群里都是低头不见抬头见的吧？,0
2025/3/30 9:13,你还没到高端的水平，雷总不需要回复你来冲高端,1
2025/3/30 9:13,这也值得上个热搜？？？？小米的营销真绝了。,1
2025/3/30 9:13,只有尊界才配叫豪车，一般的有钱人都不舍得买,0
2025/3/30 9:13,这波速度确实顶，不过Ultra交付要是也能这么快就好了,0
2025/3/30 9:13,俺也是湖北的，甚至也是仙桃的，能进群吗？进群我就买个yu7。,0
2025/3/30 9:13,早安,0
2025/3/30 9:14,雷军亲自道歉 这得是个什么群,0
2025/3/30 9:14,啊哈哈哈,0
2025/3/30 9:14,挂个号,0
2025/3/30 9:15,这效率,0
2025/3/30 9:15,pin,0
2025/3/30 9:15,精益求精,0
2025/3/30 9:15,雷军自己就是流量,1
2025/3/30 9:16,大佬优秀帅气，,0
2025/3/30 9:16,哈哈哈……笑不过来了,0
2025/3/30 9:16,雷总加油，出一个适合女孩子小巧并且预算10w的car吧，su7都够呛，别说ultra了[流泪][流泪][流泪]但是真的爱小米,0
2025/3/30 9:16,我的华为P70刷抖音都卡，五千多啊[捂脸],0
2025/3/30 9:16,同事前几天和速7剐蹭了，看着不严重，一修车2万多,0
2025/3/30 9:16,300米走不了[666],0
2025/3/30 9:16,围棋界唯一一个抽象的，抽象界唯一一个下围棋的,0
2025/3/30 9:17,机场摆渡车主要是秩序，高铁汽车都没摆渡车,0
2025/3/30 9:17,主要是人家也不是普通消费者,0
2025/3/30 9:17,雷总办事效率杠杠的,0
2025/3/30 9:18,把用户需求放在第一位,0
2025/3/30 9:18,别人种了十几年的树，雷总一进来就摘果子了……,1
2025/3/30 9:18,回复@用户7986450193:对啊，好男人胖猫自己主动被河水收留的,1
2025/3/30 9:19,一般的正常人都不买[呆无辜],1
2025/3/30 9:19,不愧是,1
2025/3/30 9:19,有待改善,0
2025/3/30 9:19,少爷，你又在搞什么幺蛾子啊，上次让你去开个会，你开的什么会？,1
2025/3/30 9:19,[赞],0
2025/3/30 9:20,928,0
2025/3/30 9:20,这么牛掰[发呆],0
2025/3/30 9:20,能全款先买房,0
2025/3/30 9:20,雷服务员,1
2025/3/30 9:20,他这个群一般人也进不去，都是各大企业高管,0
2025/3/30 9:20,我哥就在东莞买了一辆[捂脸],0
2025/3/30 9:21,河南安阳都好多了，我家小区有两辆,0
2025/3/30 9:21,小米汽车科技有限公司[666][666][666][赞][赞][赞][赞][玫瑰],0
2025/3/30 9:21,回复@改个昵称好难66:话题营销罢了,1
2025/3/30 9:21,这群里的都不是普通人,1
2025/3/30 9:21,好像是字节跳动的大佬,0
2025/3/30 9:21,这倒是真的,0
2025/3/30 9:21,在杭州 天天见好几辆,0
2025/3/30 9:21,雷军到底在小米是干甚么的 [看],0
2025/3/30 9:21,他的u7车祸害多少人 道歉就行？,1
2025/3/30 9:22,有可能,0
2025/3/30 9:22,真诚的态度，永远都让人舒服,0
2025/3/30 9:22,300米都不走 真不是一般人,1
2025/3/30 9:22,300米？[捂脸],0
2025/3/30 9:22,别人发的我也不看啊，你说怎么办,0
2025/3/30 9:22,希望可以改进这个问题,0
2025/3/30 9:22,要怎样才能和雷总一个群,0
2025/3/30 9:22,有没有可能是游戏更新了。更耗电了。,0
2025/3/30 9:22,小米14和小米mixflip都没有解决，而且小米mixflip又出现了更多的的bug，我都懒得说了。,1
2025/3/30 9:22,哈哈,0
2025/3/30 9:22,我也是！真的好想知道怎么才能加入这个群！ 求大佬带飞～,0
2025/3/30 9:22,9.9包邮都差点，多虑了,0
2025/3/30 9:22,@3树?? 我们上次一路上看到三辆[泪奔],0
2025/3/30 9:22,早安,0
2025/3/30 9:22,真的太让人震惊了吧,0
2025/3/30 9:23,就是就是,0
2025/3/30 9:23,所以说大家都喜欢雷布斯,0
2025/3/30 9:23,我去真的假的,0
2025/3/30 9:23,你别不信，要不然雷总这么忙不可能天天看微信群聊天的，这绝对有人专门看着，[捂脸]要不然反应不会这么快[尬笑],0
2025/3/30 9:23,或许得先提辆Ultra试试手气？朝中有人好办事，不过这待遇可不是谁都能享受到的哦～,1
2025/3/30 9:23,小米汽车科技有限公司[666][赞][赞][玫瑰],0
2025/3/30 9:23,小米的安全系数已经很高了,0
2025/3/30 9:23,后车惨不忍睹,0
2025/3/30 9:23,雷军亲自下场道歉，小米服务细节秒变好！,0
2025/3/30 9:23,总裁连外衣都要别人帮穿[看],1
2025/3/30 9:23,降温刮风,0
2025/3/30 9:24,300太远了，3分钟太长了,0
2025/3/30 9:24,后车很严重的啊，小米没啥事,0
2025/3/30 9:24,目前以来撞的最严重的吗,1
2025/3/30 9:24,我最好的开过奔驰大 G.跟宾利欧陆 GT  都是 600 多匹马力,0
2025/3/30 9:24,看来雷总，平时都看群里的消息,0
2025/3/30 9:24,还是我雷总好  只有雷总把中国人当人  [捂脸][捂脸][捂脸],0
2025/3/30 9:24,难怪那么成功,0
2025/3/30 9:24,我小区有三辆,0
2025/3/30 9:25,雷总真的好，打趴各种用财富来蔑视人的人群,1
2025/3/30 9:25,这就叫服务,0
2025/3/30 9:25,远离贝莱德，就不会成为笑话,1
2025/3/30 9:25,智驾如何,0
2025/3/30 9:25,小米汽车科技有限公司[666][666][666][赞][赞][赞][赞][玫瑰],0
2025/3/30 9:26,300米大爷,0
2025/3/30 9:27,用过小米产品吗上来就黑，多少钱一条我也来[看],1
2025/3/30 9:27,鹤壁都不下5辆,0
2025/3/30 9:27,雷总就是速度呀,0
2025/3/30 9:27,都是一些大佬,0
2025/3/30 9:27,跟发布会不一样吗？,0
2025/3/30 9:28,300米可以铺红地毯这要求也不过份吧[捂脸],0
2025/3/30 9:28,早安 周末愉快网页链接,0
2025/3/30 9:28,郑州玉米楼那边我去了一次 从地铁口到丹尼斯6天地那几百米碰到三辆,0
2025/3/30 9:28,真特么矫情,1
2025/3/30 9:29,300米的路都走不了，腿可以捐了,1
2025/3/30 9:29,太帅了,0
2025/3/30 9:29,300 米，而已，走一下怎么了？ 请问是 3 公里吗？,0
2025/3/30 9:29,买车能遇到CEO回复，这样的事真不多，你买过车就知道,0
2025/3/30 9:30,起码试上了，我预约了到店，加上中午吃饭，前后等了3小时，前面一直插队，一直告诉你前面还有一位,0
2025/3/30 9:30,在群里不奇怪，关键是他会关注到群信息啊,0
2025/3/30 9:30,佛山常见,0
2025/3/30 9:31,明天来UC新闻部上班,0
2025/3/30 9:31,跟我米手机一样，搞寄修[看]！米粉:这么有性价比，安全质量体验，售后服务都不在乎,1
2025/3/30 9:31,天天和苹果一样热搜不断,0
2025/3/30 9:32,先买纸，睡醒能擦口水,0
2025/3/30 9:32,那可真的是啊,0
2025/3/30 9:32,洛阳多的很,0
2025/3/30 9:33,我们这个小地方我看到两辆,0
2025/3/30 9:33,雷总都在看群里消息,0
2025/3/30 9:33,我们这里小县城都有,0
2025/3/30 9:34,早安,0
2025/3/30 9:34,能在雷总的群里摆拍也是很牛啊,0
2025/3/30 9:34,我在的城市一堆,0
2025/3/30 9:34,一辆50，一万辆也才五十万，都不够给工人发工资的,0
2025/3/30 9:34,这服务有待改进啊！,0
2025/3/30 9:34,大佬就是大佬300米都不能走,0
2025/3/30 9:35,别的集团高管说认真听取改进，我可能不信。小米集团的高管说改进，我还真信！,0
2025/3/30 9:35,字节跳动的[看],0
2025/3/30 9:35,买50多万小米的，家里都不差钱,1
2025/3/30 9:35,支持雷总支持小米！[赞][赞],0
2025/3/30 9:36,我们这儿小县城都看见好几辆了呀。,0
2025/3/30 9:36,这人也太矫情了，300米也需要摆渡车！,1
2025/3/30 9:36,回复@鱼老斯Leetime:惨……,0
2025/3/30 9:37,我记得我当年小米二，我在雷军微博留言说我的的小米二有问题，并且换了一个还是有问题，结果当天就接到小米的售后电话，当天寄到北京第二天就收到已经修好的手机了，这还是很多年前的事，小米售后是我觉得我用过的电子产品里最好的,0
2025/3/30 9:37,先买根老冰棒冷静一下[憨笑],0
2025/3/30 9:37,武汉特别多 特别是武大里面,1
2025/3/30 9:38,[比心][比心][比心],0
2025/3/30 9:38,[比心][比心][比心][比心],0
2025/3/30 9:39,早安,0
2025/3/30 9:39,他在的群能简单,0
2025/3/30 9:39,惠州看到4辆,0
2025/3/30 9:40,气的应该是不平衡吧，去有车回来没有，理由居然是要接别的客人，这样想能理解吧,0
2025/3/30 9:40,雷总真是速度阿,0
2025/3/30 9:40,雷总竟然在这群里,0
2025/3/30 9:40,真会营销,1
2025/3/30 9:40,确实，有心了，谁都会出错误,0
2025/3/30 9:41,300米 你是80岁老头还是残疾人？,1
2025/3/30 9:41,300米还需要摆渡车[抠鼻]事真多,1
2025/3/30 9:41,昨天看完演唱会还走了3公里回家,0
2025/3/30 9:41,还得是雷总啊,0
2025/3/30 9:41,秒你的强项，跟雷子说再不安排三秒内收购你司,1
2025/3/30 9:41,买个雪糕凉一凉，认清自己[呲牙],0
2025/3/30 9:41,[比心][比心][比心][比心],0
2025/3/30 9:41,[赞][赞][赞],0
2025/3/30 9:41,从一开始给予服务干嘛要走？,1
2025/3/30 9:41,去的时候客客气气把你拉过去，回来的时候说我们要去接其他人，你自己走回去吧[捂脸]，放在大多数人身上都会感觉不痛快吧,0
2025/3/30 9:41,确实是不一样的营销,0
2025/3/30 9:42,驾车就不能穿高跟鞋,0
2025/3/30 9:42,嗨！雷总的反应速度真是没得说，小米的服务效率一直在线！大家怎么看？,0
2025/3/30 9:42,也是他成功的原因,0
2025/3/30 9:42,哈哈哈哈,0
2025/3/30 9:42,你是真敢说啊，一个字节人力资源部的副总裁，能比雷总高两级？[捂脸][捂脸][捂脸],0
2025/3/30 9:42,反应速度确实快! 普通用户的体验也得重视起来![哪吒使坏],0
2025/3/30 9:42,普通人进不去,0
2025/3/30 9:42,300米还要安排电瓶车，小米这售后无敌,0
2025/3/30 9:43,细节决定成败，给军打call,0
2025/3/30 9:43,你似乎有点搞错了吧，有钱是没什么问题，混的层次相对上流也认可。至于收入应该不是，靠双手打拼的人有这么矫情的？等接你的车停稳上下个车，300米都可以走到了,1
2025/3/30 9:43,两点钟就挺摆这摆渡车一天工作几小时啊,0
2025/3/30 9:44,这种营销方式够了,1
2025/3/30 9:44,是的,0
2025/3/30 9:44,转发微博,0
2025/3/30 9:44,我想知道是雷总本人吗,0
2025/3/30 9:44,这保险杠太强了，把直接把后车干报废,1
2025/3/30 9:44,你说的没毛病,0
2025/3/30 9:44,秒道歉是秒道歉，和我们没啥关系。,0
2025/3/30 9:44,烟烟早上好哦网页链接,0
2025/3/30 9:44,也是这么个道理,0
2025/3/30 9:44,小米加油雷总加油 早点超越华为！喜欢雷总靠谱务实！挺讨厌华为的那个爱吹牛的余大嘴！,1
2025/3/30 9:45,真实的商战就是这么朴实无华[尬笑],0
2025/3/30 9:46,小米YU7测试车被追尾后车惨不忍睹,0
2025/3/30 9:46,哎，盆友新疆都有路上[捂脸],0
2025/3/30 9:46,怎么这么像岳云鹏说话,0
2025/3/30 9:47,早安周日愉快顺顺利利,0
2025/3/30 9:47,这不流量就来了,1
2025/3/30 9:47,取消自动挡[捂脸][捂脸][捂脸],0
2025/3/30 9:48,你想想，你要是骂腾讯，马化腾会给你道歉吗。或许只会给你寄律师函。雷军真的亲民,1
2025/3/30 9:48,首先你得和雷军在一个微信群，其他人别想了,0
2025/3/30 9:48,我朋友订车45周了，还没提到车，说下个月能提车,0
2025/3/30 9:48,我的小米12S去屏纹效果就特别好！,0
2025/3/30 9:48,几秒？,0
2025/3/30 9:49,300米[捂脸][捂脸]，不会是300公里吧,0
2025/3/30 9:49,有部分人要失业了吧[泣不成声],1
2025/3/30 9:49,这次营销有点刻意了,0
2025/3/30 9:50,合肥看到一个 帅啊[泪奔][泪奔],0
2025/3/30 9:50,300米…,0
2025/3/30 9:50,一般她们不自己开车的，如果要自己开车，车里会备一双平底的鞋，专门开车用[捂脸],0
2025/3/30 9:51,逼事真多啊[捂脸],1
2025/3/30 9:51,老实说这不是一个健康的商业模式,0
2025/3/30 9:51,雷总在这些细节上做得真好,0
2025/3/30 9:52,给普通人开车门了,0
2025/3/30 9:52,真实了,0
2025/3/30 9:52,雷总这时间管理怕不是旗舰机同款多任务…细节控buff加满,0
2025/3/30 9:53,看来那次被罚不让上热搜几个月就一定是小米,1
2025/3/30 9:53,杜宏，抖音人力资源副总裁,0
2025/3/30 9:53,300米都不想走？真把自己放大爷了吗,1
2025/3/30 9:53,有的,0
2025/3/30 9:53,我们的用户都是很活跃的网民,0
2025/3/30 9:53,我是咋那么清晰原来坐第一排,0
2025/3/30 9:53,这样才能上热搜,0
2025/3/30 9:53,真诚才是必杀技,0
2025/3/30 9:54,能和雷总在一个群里，肯定是尊贵的车主，不缺钱,0
2025/3/30 9:54,速度还是很快的啊,0
2025/3/30 9:54,用心对待每一个用户（不包括海洋生物）,0
2025/3/30 9:54,湖州昨天5公里的路碰到两辆[捂脸],0
2025/3/30 9:54,关键是那个人也是老总啊,0
2025/3/30 9:54,你想啥呢？华为的专利都起诉无效，你个人还想拉扯？,1
2025/3/30 9:54,我还以为3000米呢，300米[捂脸][捂脸][捂脸][捂脸][捂脸],0
2025/3/30 9:54,非常的细心啊  处理非常的及时,0
2025/3/30 9:55,车停的不标准,0
2025/3/30 9:55,给他妈字节败人缘，真的垃圾，要是残疾就别看车了，300 米的事还在这写个小作文,1
2025/3/30 9:56,听我的先买个馒头,0
2025/3/30 9:56,你敢为你说的负责么？这个车主在等改款M7。这个是小货车违规变道撞的。小黑子有个图就自己脑补画面。,1
2025/3/30 9:56,这种就是没用过的[泪奔],1
2025/3/30 9:56,这个群里都是大佬[捂脸][捂脸][捂脸],0
2025/3/30 9:56,雷总就是小米最好的代言人，这里的负责人真不行，还得雷总亲自出马,0
2025/3/30 9:56,多了去了，天天看到，U都看到了,1
2025/3/30 9:57,烟台早安，元气满满的周末出去踏踏青,0
2025/3/30 9:57,吐槽一下秒道歉，发个问题被开盒多讽刺,1
2025/3/30 9:57,说的话智商掉一地[九转大肠],1
2025/3/30 9:58,要不咋说人家车卖的好呢,0
2025/3/30 9:58,小米的格式是支持最多的，WPS你猜是谁的,0
2025/3/30 9:58,处理事情的速度真是快！,0
2025/3/30 9:58,都是武汉硅谷的吧[泣不成声],1
2025/3/30 9:58,雷军还是字节跳动股东呢,0
2025/3/30 9:59,雷总还是很会的,0
2025/3/30 9:59,这个自然是快的,0
2025/3/30 9:59,雷总还是值得,0
2025/3/30 9:59,加油,0
2025/3/30 10:00,哈哈傻笑。。掐指一算。。要是雷总秒送我一台小米Su7ultra鹦鹉绿当作生日礼物。。就当作投资订金。。我会开心到睡不着。。永远相信美好的事情即将发生。。@雷军 @徐洁云 @李肖爽 @王腾Thomas @科技新一 ,0
2025/3/30 10:00,比某些发律师函，让公司所有人去举报的强多了吧[呲牙],0
2025/3/30 10:00,产品迭代需要时间，用户反馈是升级的加速器，雷总这波操作及时，改进走起,0
2025/3/30 10:00,确实，产品质量得稳如磐石，用户口碑是硬道理！,0
2025/3/30 10:00,小米的服务态度值得称赞,0
2025/3/30 10:00,"雷总心想
“你们造的比我造的都快，我也挺难”[捂脸]",0
2025/3/30 10:01,千亿总裁这么亲力亲为、这样的企业不成功都难,0
2025/3/30 10:01,是这样的,0
2025/3/30 10:01,刚好被后面的华为车主发现并跟拍，就是这么巧合[泪奔],0
2025/3/30 10:02,这个嘛，首先你的加得进群再谈服务,1
2025/3/30 10:03,对了。对头，烦人,1
2025/3/30 10:03,嗯呢,0
2025/3/30 10:04,不仔细看我还以为是300公里呢[微笑],0
2025/3/30 10:04,见过[思考],0
2025/3/30 10:04,（我要是在雷总又和我嘟嘟囔了）,0
2025/3/30 10:04,这些可不是普通用户，面子问题[看],1
2025/3/30 10:04,就这个科技群500人，还有雷总本人在……[暗中观察][暗中观察],0
2025/3/30 10:04,是啊，不带脑子硬黑[捂脸],1
2025/3/30 10:04,^_^^_^,0
2025/3/30 10:05,挣上钱高低整一个,0
2025/3/30 10:05,[看]我这18线，小县城，都十几辆，我河南最西北的，你河南哪里的？,0
2025/3/30 10:05,我在台湾常常看到,0
2025/3/30 10:05,早安，煙台。週末愉快,0
2025/3/30 10:05,戏真多,1
2025/3/30 10:05,早安，煙台。願你的一天充滿微笑和滿滿的幸福。,0
2025/3/30 10:05,300米也要摆渡车拉？这点小事也吐槽，真是无聊至极,1
2025/3/30 10:06,第一次知道白用小米手机了,0
2025/3/30 10:06,什么人？300米？大佬又怎么样？惯的毛病！？,1
2025/3/30 10:07,恩，以前是老王,0
2025/3/30 10:07,300 米？,0
2025/3/30 10:08,300米[微笑]真是恶心人,1
2025/3/30 10:08,小米哪个月没有热搜啊,0
2025/3/30 10:08,这个可不是车的bug,0
2025/3/30 10:08,300米，不坐车不走啊？,0
2025/3/30 10:08,发完了道歉信息，转手复制粘贴到了高管群里[灵机一动],1
2025/3/30 10:09,300米就很生气？这公主病犯了吗？还是腿断了,1
2025/3/30 10:10,你要是买60万一部的手机，雷军也能回复你,1
2025/3/30 10:10,哪一款手机？,0
2025/3/30 10:10,看到过很多，但是还没碰到过，毕竟那玩意也不便宜[灵机一动],0
2025/3/30 10:10,顾客是上帝,0
2025/3/30 10:10,雷军对外的账号是有公关团队运营维护的,0
2025/3/30 10:11,300米少爷有抖音没，我想去看看,0
2025/3/30 10:11,要不进去的时候就别接，要不就是再给送出去,1
2025/3/30 10:11,500人的黑公关大群,1
2025/3/30 10:11,对的，这就是典型的售前售后。只管售前不管售后。这样迟早玩完,0
2025/3/30 10:11,确实,0
2025/3/30 10:11,上午好网页链接,0
2025/3/30 10:11,厕群进吗[耶],0
2025/3/30 10:12,重点是一开始不接还好，[捂脸]接了走时候不送就是不舒服，哪怕是20米。,0
2025/3/30 10:12,开心快乐，不负时光网页链接,0
2025/3/30 10:12,顾客就是上帝，就差吃饭为什么不喂嘴里，吃完饭为什么不帮忙擦嘴一样的服务要求，吹毛求疵过分要求了昂。你以为是10星级酒店啊，你出一百万刀乐，我八抬大轿来回接送你，还给你配各种小吃饮料和特色服务[看][看][看],1
2025/3/30 10:12,要是这个道！这个速度这个刹车系统！我的电摩能跑130这种路我都不敢开到80以上二级郊区国道我也才干开90左右[再见]上下班我也没少被klf蹦没200也有120[憨笑],0
2025/3/30 10:12,咋了？字节跳读副总裁的300米和我们普通人300米长度不一样？[看],1
2025/3/30 10:12,[捂脸],0
2025/3/30 10:12,管杀不管埋，把你接来不送可以？就算几百米 也应该送,1
2025/3/30 10:13,投资一千多媒体数据来源是哪？评论区吗,0
2025/3/30 10:13,不仅可以去屏纹，还能自动矫正，真是神器！,0
2025/3/30 10:14,300米还也要摆渡车拉一下，我觉得也别试驾小米了，轮椅更适合他,1
2025/3/30 10:14,炒作而已,1
2025/3/30 10:14,顾客就是上帝，就差吃饭为什么不喂嘴里，吃完饭为什么不帮忙擦嘴一样的服务要求，吹毛求疵过分要求了昂。你以为是10星级酒店啊，你出一百万刀乐，我八抬大轿来回接送你，还给你配各种小吃饮料和特色服务[看][看][看],1
2025/3/30 10:14,你直接起诉啊,1
2025/3/30 10:14,雷总卖一辆亏6万，修车能赚钱，但是他不为了赚钱，所以就不建那么多维修站,0
2025/3/30 10:14,雷总给我们发会议ppt了国产这是要27年量产？你怎么看@小白羊哇咔咔,0
2025/3/30 10:15,"正好有人跟拍，还说自己是转发的，但是没有原视频了[不失礼貌的微笑]
好难猜是哪个牌子干的呀！是不是呀段正淳[不失礼貌的微笑]",0
2025/3/30 10:15,我觉得跟多少米没关系，一开始你是接了的，后面不送，就有那种感觉，就跟你来买东西服务员很高兴，你不买有时候都不理你是的那种感觉，每个人心里感受都不一样，所以改进后可以更好，我赞成提议，所有的提议都是为了更好，如果不是的话他没有必要说，以后不去不用就是了。[捂脸],0
2025/3/30 10:15,上午好呀,0
2025/3/30 10:15,这群小心眼的玩意怎么不在其他停车场要摆渡车[抠鼻],1
2025/3/30 10:16,哈哈哈,0
2025/3/30 10:16,这么容易生气一定很长寿[捂脸],0
2025/3/30 10:16,总裁平常都不走路，300米确实有点远啊,0
2025/3/30 10:16,吊事多,1
2025/3/30 10:16,这么容易生气一定很健康吧[看],1
2025/3/30 10:17,天天开心哦,0
2025/3/30 10:17,岁月静好早安,0
2025/3/30 10:17,怎么可能让每个人都满意？[捂脸],0
2025/3/30 10:17,上午好呀,0
2025/3/30 10:17,小米YU7真的很不错,0
2025/3/30 10:17,卖个锤仔先[偷笑],0
2025/3/30 10:18,这群里都是有钱的小米的车主，普通人进不去吧,1
2025/3/30 10:18,上午好呀,0
2025/3/30 10:18,周末愉快呀,0
2025/3/30 10:18,你好，我是客服小雷[看],0
2025/3/30 10:18,能引起手机爆炸的原因很多,0
2025/3/30 10:18,周末愉快哦,0
2025/3/30 10:18,上午好呀小盐,0
2025/3/30 10:19,天天开心,0
2025/3/30 10:19,我不怎么想，我买东西是看的产品本身，和营业员关系不大。再说了这屁大点事也生气，这辈子有生不完的气。,0
2025/3/30 10:19,周末愉快,0
2025/3/30 10:19,雷总真的好真诚,0
2025/3/30 10:19,南京好多[捂脸][捂脸],0
2025/3/30 10:19,小米的售后和服务态度是这个,1
2025/3/30 10:19,那800米体测咋办[黑脸],0
2025/3/30 10:19,别人会发嘛[捂脸],0
2025/3/30 10:19,上午好哦,0
2025/3/30 10:20,周末愉快哦,0
2025/3/30 10:20,上午好,0
2025/3/30 10:20,天天开心,0
2025/3/30 10:20,雷总的真诚态度真是让人点赞! 小米的回应速度也超快，大家给这波操作打多少分呢?,0
2025/3/30 10:21,大佬们连300米都走不了？不怕腿退化吗？[捂脸],1
2025/3/30 10:21,上午好哦,0
2025/3/30 10:22,#用户吐槽小米su7ultra试驾雷军秒道歉# 也要看什么用户，估计也是高端群,1
2025/3/30 10:22,不知道的以为买五百多万的车呢,1
2025/3/30 10:22,哇，这模式,0
2025/3/30 10:22,新一也要秒回我,0
2025/3/30 10:22,我学校里面就有一辆,0
2025/3/30 10:22,周末愉快上午好,0
2025/3/30 10:22,元气满满，开启美好的一天,0
2025/3/30 10:22,早安朋友周末愉快,0
2025/3/30 10:23,只是昵称是雷军而已,0
2025/3/30 10:23,雷总比我强，我这暴脾气很多时候是不愿意道歉的[捂脸],0
2025/3/30 10:23,行行行，我尽量快点儿回你...不过手速还得慢慢练，争取达到雷总的水平,0
2025/3/30 10:23,早上好！,0
2025/3/30 10:23,我们路上好多，羡慕,0
2025/3/30 10:24,300米？没腿吗？又不是3000米,1
2025/3/30 10:24,"1.这在一个群里面，都是大佬。
2.有做的不好的地方人家提出来也没毛病，又不是找事的，改进不好的地方，是个好事。
作为朋友来说，这个事当事人可以忍。作为参观者，这个事忍不了。假设一个参观者过来参观，这就是不足",0
2025/3/30 10:26,来博主好好看看这原车录像，有没有非机动车道，这司机开的太开没毛病，该处理，这女孩不走非机动车道没责任吗，大众车掉头，并没有靠在最左边车道也有责任，他还跑了，请认真，详细的，负责任的，理智的分析问题,0
2025/3/30 10:26,雷布斯办事效率杠杠的,0
2025/3/30 10:26,停车位置，不高端,1
2025/3/30 10:26,不白花,0
2025/3/30 10:26,6,0
2025/3/30 10:27,雷总态度没得说，300 米是真的批过场多了[看],1
2025/3/30 10:28,渠道费用,0
2025/3/30 10:28,一些地方部门要是有这回应反馈速度，那地方发展速度能起飞了,0
2025/3/30 10:28,华为1187亿[憨笑],0
2025/3/30 10:29,研发又不提了？,1
2025/3/30 10:29,这是抖音副总裁杜宏吧,0
2025/3/30 10:29,我怎么进不去群,0
2025/3/30 10:30,千亿营销，哈哈哈,0
2025/3/30 10:30,上午好呦周末愉快,0
2025/3/30 10:30,态度决定一切,0
2025/3/30 10:30,早晨起床，伸个懒腰，先对自己微笑，又是元气满满的一天，早安??,0
2025/3/30 10:31,只有su7u车主能进的ultra club[捂脸],0
2025/3/30 10:31,美女加个v[酷拽],1
2025/3/30 10:32,我想变成你，见你所见，爱你所爱。早安烟台[哪吒使坏],0
2025/3/30 10:32,我就是享受服务去的  100米都走不了[捂脸][捂脸][捂脸]既然有服务 就服务到位,1
2025/3/30 10:32,这个专利申请下来 不仅预防被保时捷告上法庭 而且又成功给小米拉了一大波流量和宣传[不失礼貌的微笑]雷总太懂网友有多喜欢整活了 从are you ok 他就知道了大家喜欢什么,0
2025/3/30 10:32,都放零钱通，坐等收益,0
2025/3/30 10:33,看你们不像来买车的，自媒体趁热度的，[看]，真正买的直接就订了,1
2025/3/30 10:33,一天最多能碰到八回[捂脸],0
2025/3/30 10:33,会开放给14u 13u等其他小米手机吗？,0
2025/3/30 10:33,小鹏也送,0
2025/3/30 10:33,所以不可能的[捂脸],0
2025/3/30 10:33,有我这有台经常能看到,0
2025/3/30 10:33,我要樂死，算一下300有幾步。有錢人就是不一樣身上帶金磚，是走不動了嗎？[捂脸],1
2025/3/30 10:34,愿你的清晨充满美好，周末愉快网页链接,0
2025/3/30 10:34,早上好，周末愉快网页链接,0
2025/3/30 10:36,啊 我在北京和江浙沪看到太多了[暗中观察],0
2025/3/30 10:36,我还是买老牌子,0
2025/3/30 10:36,对啊，就是他,0
2025/3/30 10:36,你要么干脆都没有，要么就都有，患寡而患不均,0
2025/3/30 10:36,真把自己当回事了，一步路都不想走,1
2025/3/30 10:36,破坏交通工具罪       看车主的态度吧      只要不妥协就有人进去[捂脸],1
2025/3/30 10:36,能进群的都是湖北大佬了,1
2025/3/30 10:36,杭州不少，我在的小区就有好几辆,0
2025/3/30 10:37,小米客服没跟上[哪吒嘟嘴],0
2025/3/30 10:38,也可能是个别的服务态度吧,0
2025/3/30 10:38,自己去天眼查一看便知 数据可查 不懂就滚,1
2025/3/30 10:39,你的粉丝都是买的吧，只有诸葛孔明给你回复,1
2025/3/30 10:39,这人300米没有摆渡车就在那叫  是没有腿吗[泪奔],1
2025/3/30 10:39,这明显嫉妒别人，鸡蛋里挑骨头呀[泪奔],1
2025/3/30 10:39,我喜欢华为也用的华为，但我从不拉踩贬低其他品牌，因为我是中国人，我认为百花齐放护城河才更稳固[看]别谈你比我爱国,0
2025/3/30 10:40,深圳经常见,0
2025/3/30 10:40,先买米,0
2025/3/30 10:40,那个群里肯定都是有钱的主,1
2025/3/30 10:41,我闺蜜家有，她妈妈的，当时是在我们这第二辆就她家买的好像[比心],0
2025/3/30 10:41,你在用[尬笑],0
2025/3/30 10:41,下步把摆渡车都取消吧，只对团体不对个人，300米你叽叽歪歪的,1
2025/3/30 10:41,传统车企换头像都上热搜[看],0
2025/3/30 10:42,原来如此！,0
2025/3/30 10:42,华家，加个螺丝都得申请专利[笑哭]量产没质变,0
2025/3/30 10:42,300m确实矫情了，我还以为3公里。,0
2025/3/30 10:43,哈哈，真相总是藏不住的！[哪吒使坏],0
2025/3/30 10:43,烟台早上好啊！周末愉快,0
2025/3/30 10:43,算了吧，他把人都得害惨,1
2025/3/30 10:43,新的一天一起努力，加油！,0
2025/3/30 10:44,成都看到过很多次,0
2025/3/30 10:44,300米，累死你了,1
2025/3/30 10:44,感觉生气不是因为300米而是区别对待 ，可以没有车接送但是不能是因为要接别人而没有,1
2025/3/30 10:45,300m？还是3km？说实话，300m我宁愿自己走[捂脸],0
2025/3/30 10:45,相信法律，起诉，赔死小米,1
2025/3/30 10:46,媒体词语不当    罚款1个亿[耶],1
2025/3/30 10:46,早上好呀，周末愉快,0
2025/3/30 10:47,明白人，一堆人在那里说什么三百米走不动什么的[泪奔]这不就是很明显的服务问题吗,1
2025/3/30 10:47,300米都不走，故意找事情的吧,1
2025/3/30 10:47,其他人当首富没人说，雷军当首富一堆人黑，一堆人阴阳，以后真当首富了不知道多少人黑呢,1
2025/3/30 10:47,能当代言人,0
2025/3/30 10:47,华为千亿营销[捂脸],1
2025/3/30 10:48,300米都要摆渡了，是不是买车的是坐轮椅去的[捂脸],1
2025/3/30 10:48,不是吧啊 坐标佛山 遍地都是[捂脸]每天都能遇到好多,0
2025/3/30 10:48,先活着,0
2025/3/30 10:48,没售后这种话都说出来了，哪个知名企业没售后,1
2025/3/30 10:49,也不能这么说现在贷款太方便了，绝对有人贷款买车,0
2025/3/30 10:49,每秒都订在微博吗？秒道歉,1
2025/3/30 10:50,和截屏一样了啊,0
2025/3/30 10:50,研发呢,0
2025/3/30 10:50,老板好辛苦，每秒都在盯微博，秒道歉,0
2025/3/30 10:51,你不是在说营销吗[发呆],0
2025/3/30 10:51,都是高级圈子,0
2025/3/30 10:51,这个号很大概率是小米的水军号，只会给小米唱赞歌，负面的就从来不报道。比如苏7刹车系统偷工减料，用障眼法蒙蔽消费者,1
2025/3/30 10:52,有钱人300米都走不了啊,1
2025/3/30 10:52,300米都不愿意走，腿断了吗,1
2025/3/30 10:53,300米都气到不行,1
2025/3/30 10:53,反正这次杜宏是出名了[大笑],1
2025/3/30 10:53,你真可怜,1
2025/3/30 10:53,有毛病，天天买水军,1
2025/3/30 10:53,有没有一种可能，那个免打扰是别人的截图[泪奔],0
2025/3/30 10:53,雷军会关注方方面面的,0
2025/3/30 10:54,我去,1
2025/3/30 10:54,研发上面没画出来？,0
2025/3/30 10:54,东方财经都发出来新闻了，说的就是华为。你这消息也太不灵通了吧。,1
2025/3/30 10:55,[比心][比心][比心],0
2025/3/30 10:55,雷总自带流量,0
2025/3/30 10:55,懂营销的，情商果然都极高！[赞][赞][赞][赞][赞][赞],0
2025/3/30 10:55,尴尬了？,0
2025/3/30 10:55,大佬们连300米都走不了？不怕腿退化吗？[捂脸],1
2025/3/30 10:55,他们可以自己走，但是有需要了却没有那就是小米待客的问题了。许多酒店也有观光电动车接送的，客人愿意自己走那就没事，但是有需要哪怕才50米也得送。,0
2025/3/30 10:55,我都上头了，[灵机一动][灵机一动]，就差钱了！,0
2025/3/30 10:56,好手段,1
2025/3/30 10:56,这可不是一般的群,0
2025/3/30 10:56,都是专人运营的,0
2025/3/30 10:56,千亿研发咋了[发呆],0
2025/3/30 10:56,任正非天天抛头露脸上热搜吗？,1
2025/3/30 10:56,千亿对千亿，百亿对百亿，合理,0
2025/3/30 10:57,真的太接地气了,0
2025/3/30 10:57,你是字节乔木吗[看],0
2025/3/30 10:57,周末愉快,0
2025/3/30 10:57,人家说了其实不远，但是降温又刮风,0
2025/3/30 10:58,你多损阿,1
2025/3/30 10:58,是的,0
2025/3/30 10:58,雷总这波操作确实圈粉，用户感觉被重视了,0
2025/3/30 10:58,下次接的也没有了，300米自己走过来[看],1
2025/3/30 10:58,雷哥真是魅力太大,0
2025/3/30 10:58,顶着风走了三百米哈哈哈哈哈哈哈哈,0
2025/3/30 10:58,这玩意看看就行了，跟军儿一个群能是啥简单货色么[躺平],1
2025/3/30 10:59,一个研发比营销多，一个少，又一样了,0
2025/3/30 10:59,这样的用户真好,0
2025/3/30 10:59,牛逼，菜刀砍了多少人，为什么造菜刀的不出来道歉[泪奔]真有缺根筋的觉得不是人的问题而是车的问题嘞，佩服[鼓掌],1
2025/3/30 10:59,王者巨婴,1
2025/3/30 10:59,惯的毛病,1
2025/3/30 10:59,这人应该是来掀摊子的[捂脸][捂脸],1
2025/3/30 11:00,其实我有一个很好的创意,0
2025/3/30 11:00,但是我不想免费说,0
2025/3/30 11:00,雷总棒棒哒,0
2025/3/30 11:00,华为研发的什么？营销的什么？[发呆],1
2025/3/30 11:00,确实是劳模啊~,0
2025/3/30 11:00,300米的路走不了[发呆],0
2025/3/30 11:00,如果我把这个创意说出来的话，非常热销,0
2025/3/30 11:00,[爱心],0
2025/3/30 11:00,先买铁盆[微笑],0
2025/3/30 11:00,300米。。,0
2025/3/30 11:00,估计是那天风真的很大 很冷[发呆],0
2025/3/30 11:01,15.99直接干死同行[憨笑],1
2025/3/30 11:01,小米研发了，小米下哪个？,1
2025/3/30 11:01,起诉毛线，拼多多假货集散地，谁告赢过。,1
2025/3/30 11:01,没有售后，这些问题是你给我解决的吗？,1
2025/3/30 11:01,雷总这反应速度简直了！真诚又接地气，谁看了不说一声强啊哥～～～,0
2025/3/30 11:01,长度一样，鞋不一样，人家鞋沾不了地,0
2025/3/30 11:01,雷总一面苟着消费者，一面防着友商[看],1
2025/3/30 11:01,先买根雪糕清醒一下,0
2025/3/30 11:01,我买的充电宝贵了给雷总评论了，没有得到有效回复[捂脸],0
2025/3/30 11:01,能在同个群，你认为对方身份低吗[捂脸][捂脸],1
2025/3/30 11:01,这速度，想不发财都难啊,0
2025/3/30 11:02,消防队有鉴定报告的，,0
2025/3/30 11:02,哦，就研发了这个就花了几千亿啊，华为牛b,0
2025/3/30 11:02,华为好啊华为美华为给我增智慧，老师教我爱祖国，国产手机用华为,0
2025/3/30 11:02,知道三百米什么概念吗，就是我下楼取快递的距离，看来这年头腿脚不好的有钱人也多起来了,1
2025/3/30 11:02,看看雷总这严谨谦卑的态度，活该他欠大家一屁股车[呲牙][呲牙],1
2025/3/30 11:02,可以理解为来看车就接，没买就不送，因为有更重要的客人？根本不不是300米的事，就是服务问题啊！况且还是降温刮风的天气，要是我也生气啊，那么冷，明明就有这个服务，结果因为有更重要的客户就不对我服务，还买个屁啊[宕机][宕机][宕机]（杠我就是你对，我比较矫情）,1
2025/3/30 11:03,好一个广告,1
2025/3/30 11:03,我们这边经常碰见，但是都是他们都上的是豫v牌照[泪奔],0
2025/3/30 11:03,养你就养你一辈子,0
2025/3/30 11:03,[一起加油][一起加油][一起加油],0
2025/3/30 11:03,@土土圭垚,0
2025/3/30 11:03,我米的百亿在哪呢，外观专利[赞],0
2025/3/30 11:03,我在学校里看到过两辆,0
2025/3/30 11:03,这帮马屁精,1
2025/3/30 11:04,和我们没关系别被带偏了,0
2025/3/30 11:04,雷神也开始考虑用固态电池了,0
2025/3/30 11:04,[一起加油][一起加油][一起加油],0
2025/3/30 11:04,[一起加油][一起加油][一起加油][一起加油][一起加油][一起加油][一起加油][一起加油][一起加油],0
2025/3/30 11:04,要不说小米能成功呢,0
2025/3/30 11:04,不会，普通人也传不到雷军的耳朵里,0
2025/3/30 11:04,你要是这样评论 我马上注销我的会员卡 退掉所有的订单 发动我的亲戚朋友 全网网友不喝你们的阿萨姆奶茶,1
2025/3/30 11:05,[一起加油][一起加油][一起加油],0
2025/3/30 11:05,是的，比你几千亿打水漂强[调皮],1
2025/3/30 11:05,300米。矫情。。。。,1
2025/3/30 11:05,你想的太简单了，这不是远近的问题,1
2025/3/30 11:05,这个人也不是省油灯啊,1
2025/3/30 11:05,把这个大佬艾特一下  我去搜搜他们公司的细节做的咋样,0
2025/3/30 11:06,[不是吧],0
2025/3/30 11:06,[一起加油][一起加油],0
2025/3/30 11:06,"有钱人就是不一样哈，身体器材都精贵得很，损耗不起啊，活着呼吸就能赚钱，时间就是金钱，每一秒成千万上下，不是咱们普通人能理解的，300米在咱们看来，一天不知道得走多少个300米，但在他那一天用脚走过的路都可能不到300米
但是呢，你看，人家只是简单一句话，小米就又得买摆渡车又得招人了，到时候发展成比旅游景区的摆渡车都多得多了，随时都得候着，生怕哪天又来了个活宝[捂脸]",1
2025/3/30 11:06,诶？！干佛山来了啊[泪奔],0
2025/3/30 11:06,雷总,0
2025/3/30 11:06,说归说，但是理不是这个理。有这个服务十米你也要服务，不耽误回去健身房跑一两个小时[泪奔],0
2025/3/30 11:06,这客户有点上纲上线了[捂脸],0
2025/3/30 11:06,哦，可以，怪不得保时捷致敬??,1
2025/3/30 11:06,那你阴阳啥呢,1
2025/3/30 11:06,大家醒醒吧 资本家不会管你的死活 他们只会挖空心思 掏空你的钱包 他们是世界的吸血鬼 抵制资本言论 抵制高消费 只买需要的 别买想要的,1
2025/3/30 11:06,回复你的不是雷军 是雷军机器人[看],0
2025/3/30 11:06,多呀,0
2025/3/30 11:06,只能说如果是华为这样早被喷了，是米就是不一样,1
2025/3/30 11:06,刚看到一个没打码打全的，应该是字节跳动的老总,0
2025/3/30 11:07,很实用,0
2025/3/30 11:07,[一起加油][一起加油],0
2025/3/30 11:07,健身房跑一个小时没事，但是你有这个服务我10米也不走啊[看],0
2025/3/30 11:07,我每天上班的路都不止300米[捂脸],0
2025/3/30 11:07,2个月游戏功耗直接让我续航少一个半小时？,0
2025/3/30 11:07,华为正常,0
2025/3/30 11:07,不是，道歉不是应该的吗？这也应该吹捧？[捂脸][捂脸][捂脸][捂脸],1
2025/3/30 11:07,大佬们不是很爱跑马拉松吗,0
2025/3/30 11:07,[捂脸]，评论区能问出：300米就走不动了吗？ 笑死我了，这个东西我可以不坐，你不能没有呀。,1
2025/3/30 11:07,哈哈,0
2025/3/30 11:07,没有什么做的不好是一句“遥遥领先”不能解决的,0
2025/3/30 11:07,仔细看没，那天风吹雨打呀[看],0
2025/3/30 11:07,[一起加油][一起加油][一起加油],0
2025/3/30 11:07,退吧，不然我估计霸王茶姬也被你们投诉不少[捂脸],1
2025/3/30 11:07,哦,0
2025/3/30 11:08,哦,0
2025/3/30 11:08,500人的科技群，这些大部分都是有能力买这款车的人，要是你们那些只会吹牛逼的群，是看不到雷总的[捂脸],1
2025/3/30 11:08,还有些人喜欢滥用道德绑架这个词[看],1
2025/3/30 11:08,有人会自认倒霉 不代表所有人都要自认倒霉,0
2025/3/30 11:08,人间清醒[赞],0
2025/3/30 11:08,炒作,1
2025/3/30 11:08,hw拥趸,0
2025/3/30 11:08,我知道这个人，好像旗下开了家公司叫个什么三国杀,0
2025/3/30 11:08,调性越低，成就越大[赞],0
2025/3/30 11:08,管接不管送？很难让人不联想 不买车就不管了,1
2025/3/30 11:08,速度就是信仰，7000里又何妨[捂脸][捂脸][捂脸],0
2025/3/30 11:08,大佬一般都是不用走路的[泪奔],0
2025/3/30 11:08,前辈们辉煌过，后来都暗淡收场。,0
2025/3/30 11:09,300米，一圈操场都没到，腿真金贵[吐舌][暗中观察],0
2025/3/30 11:09,上午好哦,0
2025/3/30 11:09,大家醒醒吧 资本家不会管你的死活 他们只会挖空心思 掏空你的钱包 他们是世界的吸血鬼 抵制资本言论 抵制高消费 只买需要的 别买想要的,1
2025/3/30 11:09,300米，大哥，遇到有就坐，没有我都懒得问，说两句就到了[捂脸],0
2025/3/30 11:09,很多商场电梯也是这样，给上不给下[捂脸],0
2025/3/30 11:09,天天开心哦,0
2025/3/30 11:09,雷总又上热搜了,0
2025/3/30 11:09,大佬300米都走不了,0
2025/3/30 11:09,原来我一天要走 2 万多步啊[流泪],0
2025/3/30 11:09,天天开心呀,0
2025/3/30 11:09,懂你意思，我也只是调侃而已，接送服务，只接不送肯定不行，可以问顾客要不要送他们到停车场，然后让顾客自己选择，而不是让顾客主动问能不能送他们到停车场。,0
2025/3/30 11:09,我雷粉丝,1
2025/3/30 11:09,周末愉快,0
2025/3/30 11:09,山东省全体拒绝霸王茶姬,1
2025/3/30 11:09,油条豆浆可能不要钱，热搜流量不要钱？,1
2025/3/30 11:10,赞同[赞],0
2025/3/30 11:10,300米还需要乘车？我曰你老母，直接T出群聊,1
2025/3/30 11:10,可以不坐，不能没有,0
2025/3/30 11:10,300米少爷估计是个有头有脸的人物,0
2025/3/30 11:10,你现在不就是用他们公司的软件吗[捂脸],0
2025/3/30 11:10,雷军还是很听劝的非常好,0
2025/3/30 11:10,所以说丰田先有的固态电池,0
2025/3/30 11:10,你让“遥遥领先”情何以堪,1
2025/3/30 11:10,发现问题，解决问题[赞][赞][赞]知错能改，善莫大焉,0
2025/3/30 11:11,@看生看死,0
2025/3/30 11:11,[看][看]没雨伞嘛,0
2025/3/30 11:11,降温也没说下雨啊[奸笑],0
2025/3/30 11:11,有问题就反馈，反馈了就解决这样才走得远,0
2025/3/30 11:11,你得先让他看见啊[尬笑],0
2025/3/30 11:11,"员工:雷老板，祝你年入百万[送心][送心][送心]
雷军:你被开除了[OK][捂脸]",1
2025/3/30 11:11,雷总这波操作真是让人服气了～～～这么真诚，其他老总都要汗颜啦！,0
2025/3/30 11:11,商业互捧[捂脸],0
2025/3/30 11:11,烟台看到一次,0
2025/3/30 11:12,"员工:雷老板，祝你年入百万[送心][送心][送心]
雷军:你被开除了[OK][捂脸]",1
2025/3/30 11:12,小小问题，就在群里吐槽投诉[捂脸][捂脸][捂脸]而且还有雷总在里面。。。,0
2025/3/30 11:12,怎么抵制高消费啊，住房只住几百块一套的，吃饭只吃几毛钱一顿的[捂脸][捂脸][捂脸],0
2025/3/30 11:12,矫情 300 米非要坐车？,1
2025/3/30 11:12,小米u7真的太不错了,0
2025/3/30 11:12,少数，你来深圳看看，很多买su7u的很多家里是有豪车的,0
2025/3/30 11:12,大佬们既然去买车了，就代表人家喜欢小米，不管是300还是100小米应该拿出来应有的态度啊，就好比霸王茶姬客单价顾客问为什么不能5块钱[捂脸],0
2025/3/30 11:12,这年头花一块钱都要享受帝王的服务[笑哭],0
2025/3/30 11:12,不要混淆概念，这不是走路的问题。,0
2025/3/30 11:12,雷总情商高，亲和力强，难怪会一直站在时代前列[玫瑰][玫瑰][玫瑰],0
2025/3/30 11:12,细节啊[黑脸],1
2025/3/30 11:12,某华，如果你觉得我们做的不好，那你就要小心了,1
2025/3/30 11:12,北京满地都是,1
2025/3/30 11:13,雷总：反正都没有我有钱[看],1
2025/3/30 11:13,没说下雨……你加上下雨了,0
2025/3/30 11:13,摆拍而已[捂脸]他给全国各地每个车主都开门吗？,0
2025/3/30 11:13,说是300米的厂区路程没给安排摆渡车[看]，真是腿瘸了,1
2025/3/30 11:13,能和雷军在同一个群，卧槽，要么佩服雷子，要么是营销,1
2025/3/30 11:13,666,0
2025/3/30 11:13,这个杜宏还是有一定的社会地位的，曾经还是方元资产总经理。,0
2025/3/30 11:13,你什么级别，别人什么级别[尬笑],1
2025/3/30 11:13,天气恶劣啊,0
2025/3/30 11:13,得骨质疏松症了，300米怎么能走呢，多一步都得稀碎了[捂脸],0
2025/3/30 11:14,300米都不走，尊贵,1
2025/3/30 11:14,上厕所不要也给你端盆,1
2025/3/30 11:14,[泣不成声][泣不成声][泣不成声]他副总裁，人家军儿也是股东啊,1
2025/3/30 11:14,这玩意儿是工作人员扯皮的事儿,1
2025/3/30 11:14,人家冷,0
2025/3/30 11:14,下次不要安排残疾人去试驾，300米都走不了,1
2025/3/30 11:14,字节跳动人力资源副总裁[看],0
2025/3/30 11:14,太娇气了我的天....,1
2025/3/30 11:14,苏七 那么多事故   人都安然无恙的吐槽 已经证明质量[泪奔],0
2025/3/30 11:14,我去商场也是一样 只有上去的扶梯运行的 下去的一直都是关闭的[微笑],0
2025/3/30 11:14,这叫吹毛求疵？服务是服务来的每一个人，而不是特定的人，这明显就是安排问题。,1
2025/3/30 11:14,300米[绝望的凝视],1
2025/3/30 11:14,服了，工厂我也去了，那个摆渡车不坐也就抬脚就到的地方,0
2025/3/30 11:14,抖音副总裁[看],0
2025/3/30 11:14,群里舔狗也挺多的,1
2025/3/30 11:15,那你别说滚,1
2025/3/30 11:15,啥？[捂脸][捂脸][捂脸][捂脸],0
2025/3/30 11:15,大佬个屁,1
2025/3/30 11:15,不会太恶劣，骑电车天气太恶略还骑个屁,1
2025/3/30 11:15,昨天汽车100人论坛，有人提他也上热搜[捂脸],0
2025/3/30 11:15,军，不用道歉，我们支持你,0
2025/3/30 11:15,面子问题,0
2025/3/30 11:15,严罚超速扣13分,0
2025/3/30 11:15,人家这是天天要保持热度而已,0
2025/3/30 11:15,300米，够矫情……,1
2025/3/30 11:15,那个b腿留着干嘛，卸了吧,1
2025/3/30 11:15,天呐300米可别把你腿走断了[泪奔],1
2025/3/30 11:15,在许昌看到好多辆了[捂脸],0
2025/3/30 11:16,"友商：我刚学会笑你已经弯腰了，你这是干啥呀
雷总：你还有得学呢",1
2025/3/30 11:16,300米走不了 腿应该是金子做的[赞],1
2025/3/30 11:16,？？？？这不是走不走的问题吧[尬笑],0
2025/3/30 11:16,老板军[赞],0
2025/3/30 11:16,他在直沟钓鱼[捂脸][捂脸][捂脸],0
2025/3/30 11:16,好，说到做到赶紧拒绝，谁不拒绝谁是孙子。[弱][弱][弱][弱][大笑][大笑][大笑][大笑][大笑],1
2025/3/30 11:16,你仔细看了吗？风吹有，雨淋在哪儿[捂脸]你非常适合做自媒体[赞],0
2025/3/30 11:16,定让他好评如潮[看],0
2025/3/30 11:16,nbnb,0
2025/3/30 11:16,矫情玩意,1
2025/3/30 11:17,我们这边小米销售说不让买大裸配，说是总部有惩罚，笑死,0
2025/3/30 11:17,北方比较冷吧，风大,0
2025/3/30 11:17,被冷落了 面子问题,0
2025/3/30 11:17,很正常，等于你徒弟把你正准备用的工具顺走了[微笑]用王者说法就是，你打风暴龙就剩一点血，你朋友惹了五个大汉向你方向撤退[看],0
2025/3/30 11:17,雷总接地气老板哦,0
2025/3/30 11:17,指定让他好评如潮,0
2025/3/30 11:17,官理部门有挨批了，当然，也是应该挨批，区别对待,1
2025/3/30 11:17,哥哥周末能起这么早,0
2025/3/30 11:17,能进群的也不是一般人,0
2025/3/30 11:17,我可以理解为剪头发需要打麻药 手指割破皮了需要住院嘛,1
2025/3/30 11:17,这是什么群[捂脸][捂脸][捂脸],0
2025/3/30 11:17,大佬300米都走不动,0
2025/3/30 11:17,外面修理厂要死？,1
2025/3/30 11:17,添油加醋，你适合当和事佬！[动动脑子],1
2025/3/30 11:18,你买个小米uu这么牛，那你要买个几百万车那不得抬你去,1
2025/3/30 11:18,用户吐槽小米SU7Ultra试驾服务，雷军秒道歉：我马上安排改进,0
2025/3/30 11:18,你很难想象这是是千亿老总的态度[九转大肠][九转大肠][九转大肠],1
2025/3/30 11:18,有问题当时就事论事，可以要求给安排车，而不是发到抖音上扯淡，这和许昌那个下三滥的裤衩子姐，不是一个逻辑吗？,1
2025/3/30 11:18,300米都要顶着冷风走，真的是太委屈字节了[捂脸]普通人都这么走,0
2025/3/30 11:18,世界首富厉害[666][666][666][666][666][666][666][666][666],0
2025/3/30 11:18,早安,0
2025/3/30 11:18,周末愉快,0
2025/3/30 11:18,新的一天 开心快乐,0
2025/3/30 11:18,人赚不到认知以外的钱，评论区很好地诠释了这一句话,0
2025/3/30 11:18,你说的很好，下次别说了[看],1
2025/3/30 11:18,大佬们连300米都走不了？不怕腿退化吗？[捂脸][捂脸][捂脸],1
2025/3/30 11:19,昨晚快十二点才睡刚才爬回去睡了半小时,0
2025/3/30 11:19,小子，这是官号，你说的话会使你们霸王茶姬完蛋，劝你赶紧道歉[捂脸],1
2025/3/30 11:19,关爱残疾人没毛病啊[憨笑][赞],0
2025/3/30 11:19,我感觉整个小米公司只有雷军一个人在干事，就没听过小米别的人在干事[捂脸],1
2025/3/30 11:19,随你的便，反正我又不卖奶茶[呲牙],0
2025/3/30 11:19,其他你不懂，就说个现实问题。当你兜里有几十万的时候，别人给你一毛钱你会笑着说谢谢老板吗？？？[尬笑][尬笑][尬笑]人啊,1
2025/3/30 11:19,@,0
2025/3/30 11:19,标题党，,1
2025/3/30 11:19,300米[尬笑]跑一圈才400米，确实风雪雨的天气下，这个有点,0
2025/3/30 11:19,林子大了什么鸟都有。 连雷军的服务他都不满意。  就和我一样，卖一辆500米长的火车，一个座位的螺丝有1厘米锈， 结果客户把火车退了  小二判来回费用我承担。[捂脸],1
2025/3/30 11:20,能跟雷军一个群，这也是个大佬，这些人也敢惹嘛[看],1
2025/3/30 11:20,这算啥？雷军吃个油条都上热搜,1
2025/3/30 11:20,普通人觉得没啥，有钱人要的是情绪价值,0
2025/3/30 11:20,就这么矫情，但凡车出点问题那还不矫情死[奸笑],1
2025/3/30 11:20,谁都不认识，就认识雷军啊[捂脸],0
2025/3/30 11:20,300米，搞笑了？,1
2025/3/30 11:20,请问小米态度哪里不好？是骂人了还是声音大了？,0
2025/3/30 11:20,抖音副总,0
2025/3/30 11:20,我好奇是不是你们北方降温刮风大家都不出门的。[发呆][发呆]    是零下50度？还是刮着12级台风？让你300米的路都走不了？[尬笑][尬笑],1
2025/3/30 11:20,300米 你纸做的啊[咒骂][咒骂][咒骂]我吃柠檬,1
2025/3/30 11:20,活该他发财，活该他人气这么高[大笑],0
2025/3/30 11:20,可别啊 没你公司就得倒闭了,0
2025/3/30 11:20,你觉得大佬是不能自己开车么，为什么要司机[尬笑],1
2025/3/30 11:20,该用户三十天内拉黑多人，请谨慎发言,1
2025/3/30 11:21,营销真牛啊[泣不成声],1
2025/3/30 11:21,当你是客户你就不会这样子想 这么冷的天气你还走几百米你不生气吗,1
2025/3/30 11:21,你是省长？,0
2025/3/30 11:21,我就问为啥进去有出来没[抠鼻],1
2025/3/30 11:21,其实这个哆啦a梦头像，大概率不会是什么企业家的微信吧，而且我觉得大部分企业家的大格局，不会再有雷军的群里这样不给面子的吐槽。至于小米服务没做好那是另外一回事。,0
2025/3/30 11:21,你自己看作品 我不回复这种问题,0
2025/3/30 11:21,就是协调的问题，难免会有协调失误的时候，人态度没问题就行了，果然是买熬chua的人，金贵不少，一看就是富二代。,1
2025/3/30 11:21,雷总谦逊不代表我们谦虚，300米的都不想走，建议买个小米轮椅,1
2025/3/30 11:21,学校里面都碰见了2辆[捂脸][OK],0
2025/3/30 11:21,那是啥，要不要走10米给你配一辆车,1
2025/3/30 11:21,正所谓“失了一颗铁钉，丢了一只马掌；丢了一只马掌，折了一匹战马；折了一匹战马，损了一位国王；损了一位国王，输了一场战争；输了一场战争，亡了一个帝国” ，强调了细节的重要性呢。,0
2025/3/30 11:21,面子问题 发烟不发你 倒茶不给你[捂脸],1
2025/3/30 11:21,我有一万个创意。都很好[呲牙],0
2025/3/30 11:21,这种事发到这种群里就离谱，不给人面子,1
2025/3/30 11:21,是的，你说的对，这是娇贵的问题,0
2025/3/30 11:21,300米[晕]人家还解释了[捂脸] 不至于吧 但凡距离远一点 咱也值得跟他们讨论一番[泪奔],0
2025/3/30 11:21,有没有哪个高管当面曲曲说小米可穿戴和平板不好用,1
2025/3/30 11:22,他和李斌是俩极端[呲牙]，一个及时改，一个就是不改就走高端就亏钱[呲牙],1
2025/3/30 11:22,300米要啥摆渡车，没脚么,1
2025/3/30 11:22,投诉超市[绝望的凝视],1
2025/3/30 11:22,这群里的都是大佬，能不快吗[捂脸][捂脸][捂脸][捂脸],0
2025/3/30 11:22,现在世界需要资本家，社会主义初级阶段在过渡，吃的喝的买的全是资本家掌握的资料，雷军算是比较有人性的了[尬笑],0
2025/3/30 11:22,光刻机突破都没有热搜，某人道个歉都能[捂脸][捂脸],1
2025/3/30 11:22,《其实不算太远》,0
2025/3/30 11:22,三百米而已，下暴雨的時候我走一公里多都沒什麼感覺[捂脸],0
2025/3/30 11:22,我有打字这个时间300米我都走到了[捂脸],0
2025/3/30 11:22,好像是dy副总裁[黑脸],1
2025/3/30 11:22,出个油混吧[舔屏],1
2025/3/30 11:22,雷军：也不知道啥情况 就因为300米又收货一堆粉丝 300米好像也不远啊[微笑],0
2025/3/30 11:23,300米。是瘫痪走不了吗？[尬笑],1
2025/3/30 11:23,面子问题 就像发烟不发你 倒茶不给你 你还会自我安慰嘛,0
2025/3/30 11:23,真的确实是，不是能不能走的问题，是管接不管送的问题[抠鼻],0
2025/3/30 11:23,早安早安，小烟台,0
2025/3/30 11:23,安康我看到了一辆，但是我一直两点一线，还有没有其他的我也不知道[捂脸],0
2025/3/30 11:23,绝对北方人！    做电商七八年遇到的售后全是北方人鸡蛋挑骨头！,1
2025/3/30 11:23,降温刮风老总穿的西装，那真的很冷了,0
2025/3/30 11:23,喝豆浆吃油条都要上热搜[捂脸],0
2025/3/30 11:23,你都用华为了，那个有你爱国哟,1
2025/3/30 11:23,到底哪辆车好看[捂脸],0
2025/3/30 11:23,心疼军儿[捂脸],0
2025/3/30 11:23,我还以为是我昨天看车的销售问题，原来都这样啊[捂脸][捂脸]昨天去试车，销售都不怎么搭理我，全程看手机[泣不成声][泣不成声][泣不成声],0
2025/3/30 11:23,确实可以,0
2025/3/30 11:23,也不是不行[捂脸]不同的人要求不同，那就300米为啥要拉过去，拉过去扭头不管了，我感觉是面子问题了,0
2025/3/30 11:23,果然林子大了什么奇葩都有[捂脸],1
2025/3/30 11:23,没有伞的孩子只能努力奔跑[大哭][捂脸],0
2025/3/30 11:23,有打字生闷气的时间，散步300米也不错,0
2025/3/30 11:23,有500米高啊[捂脸][捂脸],0
2025/3/30 11:24,你什么物种？,1
2025/3/30 11:24,米总对销售说：可能有错误吗？废话少说，达到目的就行，有问题再改！,1
2025/3/30 11:24,你懂就好，有人就不懂，,1
2025/3/30 11:24,第一批车主都是铁粉[呲牙]应该接受新品的一切小问题,0
2025/3/30 11:24,有问题当时就事论事，可以要求给安排车，而不是发到抖音上扯淡，这和许昌那个下三滥的裤衩子姐，不是一个逻辑吗？,1
2025/3/30 11:24,雷：等我把风停了[舔屏],0
2025/3/30 11:24,啊？雷军在群里？,0
2025/3/30 11:24,麻烦雷总请人抬轿走[捂脸][捂脸][捂脸],0
2025/3/30 11:24,这……现在在开特斯拉 本来还想等YU7 看来得好好思考下了，售后跟不上也是白搭啊[笑哭],0
2025/3/30 11:24,真要是15W哪可以想像到哪满大街的YU7，雷总这是不给友商一点活路啊[赞][赞][赞][赞],0
2025/3/30 11:24,身份高就能这样？,1
2025/3/30 11:24,两码事，主要是反应问题售前热情，售后冷淡，前后有落差，让客户心里不舒服，,0
2025/3/30 11:24,你说那是针对一个人，那又不是针对一个人，又不是故意不派车,1
2025/3/30 11:24,300米都走不了吗？是瘫痪了吗？那买车有啥必要呢,1
2025/3/30 11:24,这下面的人，能把老板坑死,1
2025/3/30 11:24,这不就是故意谋杀吗？我家先生也是干修理的  我们刚出来创业时 他原来在他师傅那里有个徒弟 干活特别马虎 想和他一起来我家店   我没敢用 ，我们自己创业我都告诉我家先生和徒弟们 千万把人家车 刹车 轮胎  方向盘等 都弄好了 多检查，我们修的不单单是车 还有人命。,1
2025/3/30 11:24,能和雷军在一个群里的，能是啥简单人物啊,0
2025/3/30 11:25,是被压变形了，不怕，用吸马桶的一拉就好了,0
2025/3/30 11:25,[大笑]第一眼我还以为是3000米,0
2025/3/30 11:25,大家都说300米，真得看天气，前两天夜跑外面风大的吓人[流泪],0
2025/3/30 11:25,残疾人也能开车？,1
2025/3/30 11:25,前不久有一个小米加盟店的隔壁又开了一家小米加盟店的怎么没见他出来处理？,0
2025/3/30 11:25,面子？面子自己挣！  商人逐利，你直接买10台， 人家安排劳斯莱斯送你回家,1
2025/3/30 11:25,不是普通人,0
2025/3/30 11:25,这么脆弱的么,1
2025/3/30 11:25,玩的花的，还得是商业头脑。我就看着你们玩，上头条，小米服务又变第一了,0
2025/3/30 11:25,接待他的人换了吗？,0
2025/3/30 11:25,有问题去找售后,0
2025/3/30 11:25,他说的有错吗[疑问],0
2025/3/30 11:25,大家可能不知道，北京上个周六下雪了[九转大肠]，而且还不小（三月份下雪了…）,0
2025/3/30 11:25,有问题当时就事论事，可以要求给安排车，而不是发到抖音上扯淡，这和许昌那个下三滥的裤衩子姐，不是一个逻辑吗？,1
2025/3/30 11:25,小米手机系统卡了这么多年，怎么还不见改[捂脸],1
2025/3/30 11:25,这么矫情，300米都懒得走,1
2025/3/30 11:25,什么群啊？[白眼],1
2025/3/30 11:25,说得对，肯定不是自己在登录，自己私人号肯定不会用自己的名字注册，要不腾讯对他聊天记录不是了如指掌了,0
2025/3/30 11:25,那人是字节HR部门的负责人,0
2025/3/30 11:26,千亿大老板，还这么谦虚的，确实少,0
2025/3/30 11:26,公司群我都是免打扰，指不定什么时候回，雷军这服务态度没得说[笑哭],0
2025/3/30 11:26,应该放某人人买得起的品牌,0
2025/3/30 11:26,@唯一,0
2025/3/30 11:26,如果是某位老总：如果你觉得我们做的不好，那你就是傻瓜，全天下最好的产品就在我们这里[捂脸][捂脸],1
2025/3/30 11:26,300m，你腿瘸啦,1
2025/3/30 11:26,300米？？？就又不是3公里,0
2025/3/30 11:26,[看],0
2025/3/30 11:26,300米都走不了[看],1
2025/3/30 11:26,商业人，还是玩的花，,0
2025/3/30 11:26,真委屈死你了,0
2025/3/30 11:26,不知道能不能吸的动,0
2025/3/30 11:26,马上改进，我也没钱买第二辆了[打脸]你能把已经买了的车拉回去，改进吗？,1
2025/3/30 11:26,真矫情啊[捂脸],1
2025/3/30 11:26,教唆黄毛飙车，已经害死多人了。,1
2025/3/30 11:26,成都到处都是[尬笑],0
2025/3/30 11:26,不是这种[泪奔]而是区别对待，折了他的面子伤了他自尊[泪奔],1
2025/3/30 11:26,玩的我们团团转，牛逼商业人,0
2025/3/30 11:26,有钱也不买小米，太难看了,1
2025/3/30 11:27,你是什么客人，爱来不来,1
2025/3/30 11:27,这群有点牛啊,0
2025/3/30 11:27,300米无所谓吧，而且现在也不是什么烈日炎炎，这有什么好发脾气的,0
2025/3/30 11:27,你还挺会自我安慰的 吃亏是福,0
2025/3/30 11:27,类似某哪吒那样？,0
2025/3/30 11:27,要走300米，而且还顶风走路，这也太伤人了[宕机]能在这个群里的，应该顶风作案都不怕吧[捂脸],1
2025/3/30 11:27,成都武侯区一个红绿灯两辆[尬笑][尬笑],0
2025/3/30 11:27,滚一边去吧，又搞那一套，不解决骂，解决了也不行,1
2025/3/30 11:27,300米[绝望的凝视],1
2025/3/30 11:27,不敢多评论有身份有地位人，怕被开盒[看],1
2025/3/30 11:27,来的时候有，走的时候没有了，说什么车给其他地方的客人了，那来试驾的不是客人？如果说车坏了或者其他不可抗力因素那倒是无所谓，凭什么来的时候有，回去没有了说给其他人去了？[抠鼻],1
2025/3/30 11:27,态度真挺重要的,0
2025/3/30 11:28,上午好烟台,0
2025/3/30 11:28,雷总服务太到位了,0
2025/3/30 11:28,[捂脸],0
2025/3/30 11:29,我燃油车家门口就有4s店，修车排队了半个月了，都没到我，你这算什么[笑哭],0
2025/3/30 11:29,这人也事太多了，还是去买蔚来吧,1
2025/3/30 11:29,这可是大佬群丫 不然雷总哪能第一时间看到,0
2025/3/30 11:30,人家养尊处优,1
2025/3/30 11:30,我是卖菜刀的，有个人买了我的菜刀把人杀了[微笑],1
2025/3/30 11:30,周末快乐,0
2025/3/30 11:32,这车技术和安全性上有啥缺点？,0
2025/3/30 11:32,军儿：溜了溜了,0
2025/3/30 11:33,你这口语我怎么听不,1
2025/3/30 11:33,买不起也可以试嘛？[流泪],0
2025/3/30 11:34,雷总能不能出高底盘的车[泣不成声],0
2025/3/30 11:35,小米是唯一相信的 碍于经济  也只有看看雷总开[笑哭],0
2025/3/30 11:37,忍人所不忍，能人群不能,0
2025/3/30 11:38,上哪买几十公里就抛锚得小米,1
2025/3/30 11:38,明珠，卖一万的空调有点难卖[尬笑]，军，优秀[比心],0
