timestamp,content,label
2025/3/20 0:20,你这个丫鬟心疼起主子了（真的不混娱乐圈，但是每次看见你们混娱乐圈的，看见偶像哪里有点不好就心疼，但是这不是她的工作嘛，先想想她工资再心疼[泪奔]）,1
2025/3/20 1:12,一月份北京巨冷，都是零下,0
2025/3/20 14:19,戏是真的多,1
2025/3/20 14:19,哈哈哈哈哈哈哈哈哈哈,0
2025/3/20 14:20,玉玉症还没好全,1
2025/3/20 14:20,养小粉丝呢,1
2025/3/20 14:20,我支持单曲lh,0
2025/3/20 14:21,别人惹她了怎么只单曲，现在被她取关的人好尴尬，到底是关注还是不关注啊,1
2025/3/20 14:21,要退圈了啊，祝福,0
2025/3/20 14:22,被单取的同事们取关回去的话会不会被骂,0
2025/3/20 14:22,有人三平台破万有人三平台单曲鬼迷日眼回家,1
2025/3/20 14:22,??就是戏多,1
2025/3/20 14:23,#赵撸撕背刺内娱同桌#有,1
2025/3/20 14:24,三平台演戏,1
2025/3/20 14:24,谁惹她了哈哈哈,0
2025/3/20 14:25,这叫清空。。。我还以为我不认识字呢,0
2025/3/20 14:26,都是单取吗？,0
2025/3/20 14:27,戏好多,1
2025/3/20 14:28,一定要移除,1
2025/3/20 14:29,单曲循环中  今日限定 ,0
2025/3/20 14:29,她这是准备注销账号了吗？,0
2025/3/20 14:29,韩安冉直播说赵露思取关她了,0
2025/3/20 14:30,说的好,0
2025/3/20 14:31,这三平台能一样吗  ??和??更多的是朋友关系 ??更多的是合作关系   朋友之间可以随心所欲 但合作同事该有的体面得有吧。你这单方面取关 粉丝称赞大女主行为 但有没有想过被取关的人呢,1
2025/3/20 14:32,没有演技的戏子,1
2025/3/20 14:33,哈哈哈哈哈哈哈哈哈哈哈哈退圈吧紫啧,1
2025/3/20 14:36,又开始发疯了 有人在意你没@赵露思的微博,1
2025/3/20 14:36,她是小学生吗,0
2025/3/20 14:37,想重新做人大家体谅一下,0
2025/3/20 14:37,有本事清粉销耗重开,1
2025/3/20 14:38,单曲壁垒哈 别人wwzz啊,1
2025/3/20 14:38,有人三平台破万有人三平台单曲鬼迷日眼回家,1
2025/3/20 14:38,为啥呀那以后剧宣咋办,0
2025/3/20 14:39,不会是故意让大家都点进去 然后发现只关注了许我那部剧 打广告的吧不过好可恶 有点像把其他明星当成营销工具了,1
2025/3/20 14:39,扑疯了准备退圈,1
2025/3/20 14:42,天呐怎么还单曲呀，对得起帮你宣传的人吗恭喜你呀，终于在2025年的时候超越了别人出道杂志记录。我在26岁的一番苍兰诀28岁的一番永夜星河三平台破万女星杂志榜第一名不太能想到你。 ,1
2025/3/20 14:43,赵露思??,0
2025/3/20 14:44,太强了666我哈哈哈哈哈哈哈,0
2025/3/20 14:44,评论区全身??的粉丝的狂欢,1
2025/3/20 14:44,#赵露思背刺内娱同桌# ??,0
2025/3/20 14:46,路人不过评论区的??粉是在,1
2025/3/20 14:47,戏子,1
2025/3/20 14:47,笑死我了哈哈哈哈,0
2025/3/20 14:47,？？？不懂就问，叛逆期来晚了？,1
2025/3/20 14:47,别人难道不会一个一个通知然后双取吗,1
2025/3/20 14:47,单曲避雷,0
2025/3/20 14:48,取关别人应该有通知别人吧,0
2025/3/20 14:48,一天天戏真多,1
2025/3/20 14:49,支持赵露思操作自己账号自由,0
2025/3/20 14:49,??粉丝真的好笑，要你们来说啊 闻着味就来了,1
2025/3/20 14:50,谣是要给别人造的，戏是要自己演的，坑都是自己挖的，锅是要别人背的,1
2025/3/20 14:50,笑了不戏精一下杂志卖不出去了,1
2025/3/20 14:51,帮她宣传zlym的同事好惨??,1
2025/3/20 14:51,生病就生病，取关这个操作属实看不懂，关注她的明星都是她粉丝吗？,0
2025/3/20 14:51,也是和我们3平台破万配平上了,0
2025/3/20 14:52,别人靠作品上热搜，她靠各种小动作……真的戏好多啊总之用尽各种办法上热搜就对了，生怕别人忘了她的存在,1
2025/3/20 14:52,@Hven甜心鸭 以后不用别人帮忙剧宣了吗,1
2025/3/20 14:52,就是啊怎么这样呢 太坏了这人,1
2025/3/20 14:53,双了的吧,1
2025/3/20 14:53,比起赵露思取关，大家应该更关注#喜塔腊容音#这个事，女明星亲自下场，粉丝紧随其后wb现场 ,0
2025/3/20 14:54,有人三平台破万就有人三平台取关,0
2025/3/20 14:55,这是谁阿好难猜啊,0
2025/3/20 14:55,没有伤害任何人，所以不应该不高兴,0
2025/3/20 14:55,老麻你是自由的,0
2025/3/20 14:56,还是露会玩热度,1
2025/3/20 14:56,评论区好多脏东西,1
2025/3/20 14:57,戏好多，怎么不把她取关的那些人也移除粉丝呢,1
2025/3/20 14:57,只有某家粉丝最关注她 下面只有某家粉丝骂她天呐我的宝宝,1
2025/3/20 14:59,赵姐又来了@盼之萌国 @DoY_桃 @Alyuki_ @冰冻牙,0
2025/3/20 15:00,“安冉好多人说我们长得像”,0
2025/3/20 15:01,图好看吗，说话???,0
2025/3/20 15:01,粉丝还在说女王行为我的妈呀人家帮你宣传！人家疯了吗？,1
2025/3/20 15:01,不懂就问，赵露思的vb管破不了??的催眠什么事，赵露思关注她了吗？,0
2025/3/20 15:01,取关你了吗？,1
2025/3/20 15:02,为啥啊 感觉这样子有点不礼貌吧 很多同事还有前辈也取关啊？,0
2025/3/20 15:03,先取关买一波rs看看反应，下次关注回来又能买一波rs发个回应说手滑了一点点,1
2025/3/20 15:04,确实长得像,0
2025/3/20 15:04,今日份笑话出现了,0
2025/3/20 15:04,谁又他吗惹她了 能不能把取关的这群人从自己粉丝里移出去 单方面被关注很爽是吗,1
2025/3/20 15:05,怎么了，赵露思只是取关重新开始，某些人是也不想让赵露思睡觉嘛,1
2025/3/20 15:05,搞这一出其实是为了卖杂志催氪了解了??,1
2025/3/20 15:06,搞这一出其实是为了卖杂志催氪了解了??,1
2025/3/20 15:06,而且她播珠帘玉幕的时候好多人给她宣传,0
2025/3/20 15:06,哈哈哈谁家小粉丝发的啊,1
2025/3/20 15:06,虞书欣粉丝啥时候给人家素人道歉啊，有后台就是好，话题破3万了硬是上不了热搜#喜塔腊容音#,1
2025/3/20 15:07,取关了所有人又不是只取关了某个人，有些人替别人委屈什么呢 期待我们《许我耀眼》,0
2025/3/20 15:08,又想来这里吸引流量了,1
2025/3/20 15:08,赵露思微博自由哈 重新建立关系罢了 守护女王,0
2025/3/20 15:08,是不是剧播的不好上不了热搜啊,1
2025/3/20 15:08,取关屁事也值得热搜？,1
2025/3/20 15:09,这么关注赵露思啊 #虞书欣粉丝磕头道歉# 给#喜塔腊容音# 道歉,0
2025/3/20 15:10,用完就弃 女明星这格局好吓人,1
2025/3/20 15:10,笑喷了安然，我们不像了哈哈哈,0
2025/3/20 15:11,管的真多,1
2025/3/20 15:11,#喜塔腊容音# 你怎么不发这个被引导网暴人肉的小女孩,1
2025/3/20 15:11,粉丝说重新开始，跟单取其他明星有什么直接关系吗,1
2025/3/20 15:11,有时间关注别人取关了谁，不如花时间来看看我们艺人亲自下场引导粉丝wb素人这件事怎么看????#喜塔腊容音##赵露思取关#,1
2025/3/20 15:12,对别人的号这么占有欲？关注谁取关谁是个人自由,0
2025/3/20 15:12,都别惹她，她有玉玉症,1
2025/3/20 15:12,宣传完就取关咯,1
2025/3/20 15:13,有种不想在这行混了的感觉,1
2025/3/20 15:15,我感觉她剧一铺整个人开始发疯的莫名其妙的,1
2025/3/20 15:15,不好意思安然 我们又不像了,0
2025/3/20 15:15,实在是太坏了呀！赵露思不过是清空了全平台关注，而??可是让素人承受了好几年的网/暴啊#喜塔腊容音#,1
2025/3/20 15:15,像我那种忘本的同学,1
2025/3/20 15:15,怎么还单取,1
2025/3/20 15:16,单取很不礼貌，真的,1
2025/3/20 15:16,不是霸道总裁别干强制事儿那是赵露思自己的账号想干什么就干什么对别人的想法这么有占有欲干什么呀,1
2025/3/20 15:16,#喜塔腊容音# 某人快给人家道歉,1
2025/3/20 15:17,养小粉丝哟,1
2025/3/20 15:18,露丝的运营也太不体面了,1
2025/3/20 15:19,戏精,1
2025/3/20 15:19,卸磨杀驴,1
2025/3/20 15:19,小露露快手适合你玩,0
2025/3/20 15:20,#赵露思粉丝多次开盒素人# 关注,0
2025/3/20 15:20,现在真的什么事在微博上都要爆一下,0
2025/3/20 15:20,图片评论,0
2025/3/20 15:23,发什么癫,1
2025/3/20 15:23,看看粉丝咋洗 坐等,1
2025/3/20 15:23,露思粉丝：被取关的自己反思一下好吗,1
2025/3/20 15:25,真的觉得她戏好多啊又玻璃心,1
2025/3/20 15:28,之前的直播录屏现在就别拿出来剪辑后就发了,0
2025/3/20 15:28,平台出bug了吧,0
2025/3/20 15:28,大姐又不是只取关人一个，其他平台早清空了。,0
2025/3/20 15:28,鬼迷日眼又开始创热搜了,1
2025/3/20 15:29,虞书欣给素人道歉了吗？粉丝怎么还关心别人的事啊,0
2025/3/20 15:29,啊，这个更值得关注吧#虞书欣粉丝开盒素人#,1
2025/3/20 15:29,nobody cares,1
2025/3/20 15:30,值得一个爆？,0
2025/3/20 15:30,吃了网红的红利 用完又一脚踢开,1
2025/3/20 15:30,合作过的同事、内娱艺人都成她小粉丝了,0
2025/3/20 15:31,对合作伙伴好不礼貌…双了不行嘛非得单取,1
2025/3/20 15:31,既然取关了，也应该把别人拉出粉丝列表，反正我发现找我帮忙的人之前和我互关的，帮完之后我直接单方面成为她粉丝了我是挺不爽的,0
2025/3/20 15:31,挺下头的 我只能说,1
2025/3/20 15:31,虽然但是 应该他们都是微信联系吧,0
2025/3/20 15:31,退圈吧 好好养病吧 原来挺喜欢她的 现在搞不懂她的行为,1
2025/3/20 15:31,这几天??粉把??骂成啥样了   现在还不让人家??粉反击,1
2025/3/20 15:33,最惨的一次那些合作过的前辈们 现在取关也不是不取关也不是,0
2025/3/20 15:34,0秒猜出谁买的热搜,0
2025/3/20 15:35,做人别太zls,1
2025/3/20 15:35,这人谁 这也能搞出个热搜,1
2025/3/20 15:35,其实是杂志没卖到数量不满意,0
2025/3/20 15:38,#赵露思取关# 别人惹她了怎么只单曲，现在被她取关的人好尴尬，到底是关注还是不关注啊,1
2025/3/20 15:39,别人惹她了怎么只单曲，现在被她取关的人好尴尬，到底是关注还是不关注啊,1
2025/3/20 15:39,虞书欣不愧是800yxh护体 剧扑了就开始转移视线了,1
2025/3/20 15:40,表演型人格,1
2025/3/20 15:40,有人三平台破万有人三平台单曲鬼迷日眼回家 网页链接,1
2025/3/20 15:41,真戏精,1
2025/3/20 15:41,????????????????????????????????????????????????,0
2025/3/20 15:42,讨厌单取,1
2025/3/20 15:42,哗众取宠得小丑，取关可以治病，这不是关注又上来了吗，会炒作罢了,1
2025/3/20 15:43,明星也是人 也会小心眼,0
2025/3/20 15:43,该说不说，只发单曲这事也奇怪。被她取关的人好纠结，到底还关不关注，真尴尬！,0
2025/3/20 15:44,再说就是又犯玉玉症啦,1
2025/3/20 15:45,无法理解 他没帮人家剧宣回去吗,1
2025/3/20 15:45,生病了，就回家好好休息！,0
2025/3/20 15:50,说实话，真的很不体面,1
2025/3/20 15:50,好,0
2025/3/20 15:50,真正的忘本??,1
2025/3/20 15:51,#赵露思粉丝多次开盒素人# 安然我们不像了,1
2025/3/20 15:51,干嘛背刺韩安冉,1
2025/3/20 15:52,蛮吓人的,0
2025/3/20 15:52,鲁斯忘本第一人,1
2025/3/20 15:52,她粉丝让被取关的反省自己 emmm难评,1
2025/3/20 15:53,超绝明星阵容,0
2025/3/20 15:53,？,0
2025/3/20 15:53,图片评论,0
2025/3/20 15:53,想吃瓜的可以来我主页看视频哦,0
2025/3/20 15:53,都反思一下自己好吗,0
2025/3/20 15:53,我重生了 所以我要手滑单取曾经帮助过我的人 我杂志买了半天还不如别人的秒切 需要热度所以微博热搜我来啦 小心一点 不然让我粉丝开盒你 ,1
2025/3/20 15:53,#赵露思粉丝多次开盒素人# 指路,1
2025/3/20 15:54,赵露思粉丝啥时候道歉啊,1
2025/3/20 15:54,可能是抑郁症的症状之一,0
2025/3/20 15:54,#喜塔腊容音#,0
2025/3/20 15:54,#赵露思粉丝多次开盒素人#,1
2025/3/20 15:54,做人别太赵露思#赵露思粉丝多次开盒素人#,1
2025/3/20 15:55,取关的反思一下，不仅单取还人肉#赵露思粉丝多次开盒素人#,1
2025/3/20 15:55,从今年3月份开始，我感觉我的账号不对劲，经常会莫名其妙取关一些人，关注列表里有些人似乎也没有印象是我取关过的。有时候看微博时都在想，什么时候关注过这个人，怎么不记得了。因为这种情况不太明显，当时以为是bug，或者自己忘了，并没有太在意。 #没有伤害任何人所以不该不开心#,0
2025/3/20 15:55,内娱明星全是鹭鸶女王粉丝哦??,1
2025/3/20 15:55,可能因为文盲吧,1
2025/3/20 15:56,安然  我们现在长的不像了,0
2025/3/20 15:56,三败女王怎么你了,1
2025/3/20 15:57,最可怕的明明是如果其他人取关她的话也会上热搜吧……,0
2025/3/20 15:57,精神状态不稳定,1
2025/3/20 15:59,很幼稚的行为,1
2025/3/20 15:59,一秒谁的一辈子,0
2025/3/20 16:00,不是，太过分了吧,1
2025/3/20 16:00,??：从今年3月份开始，我感觉我的账号不对劲，经常会莫名其妙取关一些人，关注列表里有些人似乎也没有印象是我取关过的。有时候看微博时都在想，什么时候关注过这个人，怎么不记得了。因为这种情况不太明显，当时以为是bug，或者自己忘了，并没有太在意。 #没有伤害任何人所以不该不开心# ,0
2025/3/20 16:00,几个意思 是取关她一个人了？ 一月份的事情搬出来说有意思吗 她生病的时候怎么一个人都不站出来帮她,1
2025/3/20 16:00,不如不澄清。,1
2025/3/20 16:01,她只是取关 某人引导网暴未成年，发现对方被网暴还说谢谢我去睡觉了 是谁啊？欢迎来我主页看视频了解事情原委,1
2025/3/20 16:01,有人三平台破万有人三平台单曲鬼迷日眼回家,1
2025/3/20 16:02,确实感觉挺搞笑的，朱连玉木当时拉了那么多人宣传，现在又都给取消关注了，真是用完就抛弃了。被赵露思单向取关的明星朋友们快把赵露思都取关了吧，不要去做他的小粉丝呀！,1
2025/3/20 16:03,安冉对不起，我们不像了。,1
2025/3/20 16:05,热搜包年用户，天天上头条，玉玉症也用来炒作，全是毫无营养的营销。,1
2025/3/20 16:05,忘本如此简单,1
2025/3/20 16:06,为什么一个这个事情都能上热搜几百年前的事了挣那么点钱全用到赵露思身上了,1
2025/3/20 16:06,#赵露思粉丝多次开盒素人#,1
2025/3/20 16:06,这和虞书欣什么关系为什么全是虞书欣粉丝,1
2025/3/20 16:07,谁网暴素人还没上热搜？,1
2025/3/20 16:08,看评论怎么黑粉比粉丝还更关注明星本人,1
2025/3/20 16:08,??只是心情不好取了很多人而已，她都说过了没有伤害任何人不要不开心，你们到底还要她怎样,1
2025/3/20 16:09,她不是全平台都取关了吗也没针对谁吧,0
2025/3/20 16:10,真是忘如本 这是要退圈卖号了吗,1
2025/3/20 16:10,可是95top?? 取关你们又咋了？？ 你们配95top??关注吗？？？配吗？？？？？,1
2025/3/20 16:11,小姐姐粉丝都是大明星[大笑],0
2025/3/20 16:13,图片评论,0
2025/3/20 16:13,#赵露思粉丝多次开盒素人#,1
2025/3/20 16:13,从今年3月份开始，我感觉我的账号不对劲，经常会莫名其妙取关一些人，关注列表里有些人似乎也没有印象是我取关过的。有时候看微博时都在想，什么时候关注过这个人，怎么不记得了。因为这种情况不太明显，当时以为是bug，或者自己忘了，并没有太在意。 #没有伤害任何人所以不该不开心# ,0
2025/3/20 16:13,既然取关了，也应该把别人拉出粉丝列表，反正我发现找我帮忙的人之前和我互关的，帮完之后我直接单方面成为她粉丝了我是挺不爽的,0
2025/3/20 16:14,往如本,0
2025/3/20 16:15,来来来 你给我演示一下，怎么双取？？清一下关注，还要一个个私信对方我取关你了 你也取关我吧 是这样吗？,1
2025/3/20 16:17,妈呀 ysx粉丝疯了吧,1
2025/3/20 16:18,安冉别人说我们长得像,0
2025/3/20 16:18,玩wb的最讨厌单曲的了，怎么还背刺人家呢,1
2025/3/20 16:18,建议她好好治病，别铺天盖地的营销，感觉抑郁症发作了又，老是搞这些莫名其妙的行为，实在不行退圈治病。别整天我发病了又医学奇迹三天又好了。,1
2025/3/20 16:19,感觉她很幼稚，小孩子过家家一样。又想成为公众人物，又想任性，路人缘早晚败没,1
2025/3/20 16:19,无语了 她这样让别的明星怎么办 取关不是 不取关又膈应,1
2025/3/20 16:20,每年赵露思过生日的时候都是虞书欣一番三平台破万的纪念日#虞书欣1109三平台破万快乐#,0
2025/3/20 16:22,支持赵露思女士清理关注列表自由?支持赵露思女士清理关注列表自由?支持赵露思女士清理关注列表自由?支持赵露思女士清理关注列表自由?支持赵露思女士清理关注列表自由?支持赵露思女士清理关注列表自由?支持赵露思女士清理关注列表自由?支持赵露思女士清理关注列表自由?,0
2025/3/20 16:22,就是很没礼貌啊,1
2025/3/20 16:25,玉玉警告积德警告,1
2025/3/20 16:25,给猪脸玉木拉宣传的时候找了一堆人，现在直接取关??,1
2025/3/20 16:27,好多人都好关心明星关注了谁取关了谁啊，取关了又怎么样呢，本来合作过的前同事都不接触了甚至粉丝还撕过。她这样单曲别人也给别人取关了她的机会啊。毕竟明星为了不挨骂谁也不敢取，倒不如别人取关了他们他们再取关回去就是了，反正这次挨骂的都是zls（不是粉别给我按头）,1
2025/3/20 16:28,这还是真正的忘本,1
2025/3/20 16:29,好厉害,0
2025/3/20 16:29,个人账号这样无可厚非，但是首先是公众人物，其次这算是工作账号。但是生病了做出一些让人不能理解的事情，还能理解,0
2025/3/20 16:30,这两夫妻又在一起直播了？,0
2025/3/20 16:30,说的对,0
2025/3/20 16:30,姐 你这是不准备在娱乐圈混了吗,1
2025/3/20 16:31,赵露思取关这个事，我个人觉得有她自己的考虑，后期大概率会回应一下，无需过度解读,0
2025/3/20 16:31,我也想问单曲还是双 单曲膈应人,1
2025/3/20 16:32,支持姐姐退圈,0
2025/3/20 16:33,理解一下吧  ，人抑郁症还没好全！心疼露思！,0
2025/3/20 16:33,你们这些饭圈妹 双取单取的疯癫了吧,1
2025/3/20 16:33,女王行为 赵露思想做什么就做 我说你们别管太宽了,1
2025/3/20 16:35,取了又如何管这么宽？？那就来看看这是什么吧给你们开开眼,1
2025/3/20 16:36,我发现她只要一有大活动出来  当天必有黑热搜[捂脸],1
2025/3/20 16:37,这,0
2025/3/20 16:37,这娘们真能作,1
2025/3/20 16:38,开始了 还没付出了 各位老师开始工作了,0
2025/3/20 16:38,指路#喜塔腊容音#,0
2025/3/20 16:41,我记得露思生病的时候就陆续清空了抖音和小红书，现在只是才到清空微博，很早的事情了，可能是解约啥的。而且说到关系好的，之前剧宣也是vx问的，不至于没联系了，也在慢慢回馈剧宣的朋友，前面肖战的电影就包了九场，她的大粉也包了两场。而且，网暴素人那个不是更应该上热搜吗？营销号也不发，感觉好强大的zb。,0
2025/3/20 16:45,如果清我一个我不理解，但是清完了我觉得没啥问题,0
2025/3/20 16:46,还真是单曲,0
2025/3/20 16:47,微博取关而已有什么大不了的？你现在用微博联系啊？有微信就好了,0
2025/3/20 16:49,这个直播截图是一月份吧当时抖音小红书全部清空,0
2025/3/20 16:49,取关就取关了呗 别人自由,0
2025/3/20 16:51,不移除粉丝其他明星吗,0
2025/3/20 16:52,这是要退役吗,0
2025/3/20 16:52,多多关注#喜塔腊容音# 事件,0
2025/3/20 16:53,为啥关注12只能看两个啊，我自己的微博也是，明明只关注了三个，却显示6个,0
2025/3/20 16:53,其实该反思,0
2025/3/20 16:54,为退圈做准备吗 期待,0
2025/3/20 16:55,我只想问，为啥上热搜了，养好病了再出来活动吧,1
2025/3/20 16:55,不理解这有什么好喷的。wb是很重要的平台吗，人家明星朋友也是用wx或者电话联系吧，难道没事聊个天用微博私信聊？,0
2025/3/20 16:56,时尚先生自1993年创刊以来三十多年的时间里只推出过三次女星双封面待遇，分别是06年的章子怡、16年的倪妮和25年的赵露思 ！可谓十分难得，除此之外在时尚先生一共60期女星参与拍摄的封面阵容里，赵露思的登封年龄更是能够排进历史前四 ！大有可为的年轻力量，这就是最贴切的具象画面 [强壮][强壮],0
2025/3/20 16:56,真的不理解，我记得生病的时候陆续清空了抖音和小红书，现在也清空微博，很早的事情了，可能是解约啥的。不理解，网暴素人那个不是更应该上热搜吗？营销号也不发，真的被买了？,1
2025/3/20 16:56,别人私生活私底下处理了就行 别破防啊你们,0
2025/3/20 16:56,真能作,1
2025/3/20 16:57,两家打架打到热搜里来了，太有意思了,0
2025/3/20 17:00,感觉骂她很多都是某一家的粉丝。唉，真的没必要。倒不如去看看真的发生的明星下场引导网暴的真实事件。@阿乐频道,0
2025/3/20 17:00,哈哈哈哈哈哈哈,0
2025/3/20 17:00,主子有b，粉丝也有b，b一堆去了,1
2025/3/20 17:02,露思很好哇，不爱请别伤害[泣不成声],0
2025/3/20 17:03,看出来了，营销号都知道谁好欺负，这个时候拿赵露思挡枪[冷漠],1
2025/3/20 17:05,清一下而已 怎么谁都欺负zls,1
2025/3/20 17:06,说赵露思用完别人就丢的，赵露思帮现在电影包场九万，给鹿晗打歌，给韩安冉刷礼物，其它帮露思宣传的，她也有帮忙宣传，而且又不是单独取关某个人，不是全部取关了吗[泪奔],1
2025/3/20 17:09,我发现她只要一有大活动出来  当天必有黑热搜[捂脸]，到底哪里的问题,1
2025/3/20 17:09,请问管理自己的账户是什么犯法的事情吗？还是你们同事朋友靠vb联系？[宕机],1
2025/3/20 17:10,咱也不知道这是怎么做的人哈，之前帮他的人现在肯定都无语了吧,1
2025/3/20 17:11,怎么不发喜塔腊容音的事,1
2025/3/20 17:12,原来是这样,0
2025/3/20 17:13,什么情况？营销号都空降出来工作了[宕机],1
2025/3/20 17:14,个人账号取关自由,0
2025/3/20 17:14,这有什么好上热搜的啊,1
2025/3/20 17:17,喜塔腊容音# 你怎么不发这个被引导网暴的小女孩,1
2025/3/20 17:17,有没有搞错，当时露思生病被爆出来之后就已经取关了现在拿出来说是为了给??挡枪吗,1
2025/3/20 17:18,这是什么呀？为什么这么高热度都上不了热搜呢？[求求了],0
2025/3/20 17:18,12一下子又少了一个,1
2025/3/20 17:19,真的够了！是没自己的事了吗？这么关注别人的一举一动？关注谁了怎样，取关谁了又怎样？你们这些营销号真的够了！本来就是再正常不过的事了，给人家整上热搜了，然后就会有些路人觉得露思事多，来阴阳怪气，都是你们营销号闲的没事，有一小点动静给人家整这出，营销号放过露思好吧[尬笑],1
2025/3/20 17:19,营销号没有了赵露思吃不起饭吗,1
2025/3/20 17:19,喜塔腊容音,0
2025/3/20 17:19,哇塞前两天??丝网爆素人，一个营销号都没出来呢,1
2025/3/20 17:20,不理解,0
2025/3/20 17:20,怎么还在爆啊 #喜塔腊容音# 喜塔腊容音？,0
2025/3/20 17:21,到底啥意思没看懂 就看到一群人嘲讽她 这是咋了 我只是个路人想问问看不懂,0
2025/3/20 17:21,露思并不是养小粉丝，可能要解约了，是想要重获新生，新的开始，也不是忘本，希望大家还是不要恶意揣测露思吧，谢谢大家[心],0
2025/3/20 17:21,我说够了。[微笑],0
2025/3/20 17:21,喜塔腊容音,0
2025/3/20 17:21,又被拿出来挡枪了是吗？谁买的热搜？我不说哈[捂脸],1
2025/3/20 17:22,人家取关一下，都要被你拿来说，碍你什么事儿了？管的太宽了吧你[憨笑]家住海边啊，自己闲的慌，就把地拖了，管天管地管空气，,1
2025/3/20 17:22,这种也能爆，真当网友是傻的啊,1
2025/3/20 17:22,你们真的很闲吗，这都来管,1
2025/3/20 17:23,想听喜塔腊容音捏[舔屏]可以讲讲吗,0
2025/3/20 17:23,哇 yxh复活了呀   其他人引导网暴素人咋没报道呢？,1
2025/3/20 17:24,还以为你们死了呢[微笑]网暴素人五年这事你们营销号怎么看[微笑],1
2025/3/20 17:24,今天她杂志开售呢,0
2025/3/20 17:25,这热搜也太好上了吧，那女明星网暴素人你们怎么不发啊？怎么不上热搜啊,1
2025/3/20 17:25,网暴素人的时候都睡着了没人发，一个取关天呐好大的新闻又是加热又是加爆的,1
2025/3/20 17:25,取个关上热一，网暴五年的却一点动静都没有??这世界终究是疯了,1
2025/3/20 17:26,姐姐好会说，言之有物啊,0
2025/3/20 17:27,杂志应该是没有热度，然后这样造势，最后说别人盗号简直完美,1
2025/3/20 17:27,哇塞前两天??丝网爆素人，一个营销号都没出来呢,1
2025/3/20 17:27,yxh们都睡醒了？还以为都去睡觉了呢,1
2025/3/20 17:27,啥意思？为啥热搜是赵露思取关，点进来也没有说到底取关谁？和韩安冉又有啥关系,0
2025/3/20 17:27,这个词条跟胖头鱼一点关系都没有，有点看不懂评论为什么这么多胖头鱼的粉丝，非要来找存在感？,1
2025/3/20 17:27,这啥操作啊,0
2025/3/20 17:27,不理解，但尊重,0
2025/3/20 17:28,赵露思女士实火哈一点风声就上热搜哈,0
2025/3/20 17:28,不想在圈里混了是这样的,0
2025/3/20 17:30,喜塔腊容音，的事想听你说说，这个为啥不上热搜[看],0
2025/3/20 17:30,感觉她还在生病（心理上），大家口中积点儿德吧,0
2025/3/20 17:31,取关谁了,0
2025/3/20 17:31,咋滴[憨笑] 那个女孩出事所有yxh沉默 现在来个热搜全冒出来了[捂脸]好难猜啊,0
2025/3/20 17:34,这个操作真的好像高中毕业的时候，把所有高中同学都删了，有的比较好心还会专门跟你说一下，我要删你了，我们以后再也不要联系了,0
2025/3/20 17:35,又取关了一个,1
2025/3/20 17:35,退圈吧。。,1
2025/3/20 17:36,又来了，我还以为营销号全部卖号了。。。,1
2025/3/20 17:38,那咋了,0
2025/3/20 17:38,想知道赵露思 做公益10年 为什么没有上热搜呀,0
2025/3/20 17:39,取关取关呗，咋的就那微博一个社交软件了？微信电话有就行呗,0
2025/3/20 17:39,哇塞前两天??丝网爆素人 一个营销号都没出来,1
2025/3/20 17:40,看??我??的800营销号这不就出来实锤自己了吗??????,1
2025/3/20 17:40,喜塔腊容音,0
2025/3/20 17:40,谢谢大家，我去睡觉了,0
2025/3/20 17:40,yxh不冬眠了[可怜],0
2025/3/20 17:41,那咋了,0
2025/3/20 17:41,为什么不发 喜塔腊容音 的事呀 [思考],0
2025/3/20 17:42,原来营销号没冬眠    那为什么不为素人发声   哈哈哈哈[憨笑][憨笑],0
2025/3/20 17:42,营销号怎么不冬眠了，集体复活了？,1
2025/3/20 17:42,这张图神预言啊,0
2025/3/20 17:43,营销号这次不睡觉了吗[黑脸],1
2025/3/20 17:44,@雨雨: 喜塔腊容音,0
2025/3/20 17:44,不是我想问一下谁买的热搜 一下子让那么多营销号活了起来 每天闲着没有事干就扒细节是吗 [尬笑],1
2025/3/20 17:45,@札记: @爱犬旺财: 那很坏了赵露思，震惊到我了，居然比引导粉丝网暴素人还严重！！！天哪，我简直不敢相信！！！她怎么老是做这么严重的事啊？她居然敢有这么大的胆子用自己的手化自己喜欢的妆，敢在自己私人平台上取关他人，甚至从十几岁就开始自己做公益！我的天哪！真的好“恶劣”～她怎么敢的啊[吧唧R]哈哈哈哈真的要笑晕了被转转回收,1
2025/3/20 17:46,不想报道喜塔腊容音是有什么心事吗[憨笑],0
2025/3/20 17:47,这个为什么不说[尬笑][尬笑][尬笑],1
2025/3/20 17:49,赵露思每次都要拿出来挡枪？[憨笑][左上],1
2025/3/20 17:50,这是什么迷惑行为,1
2025/3/20 17:50,小姐姐怎么造??呢,1
2025/3/20 17:52,这谁给她买的热搜 转移视线吗,1
2025/3/20 17:55,谁买得YXH，今天下午一下子好几个YXH连发取关这事,0
2025/3/20 17:55,走到最后我发现人间陷阱太多，以后路上一定要小心，什么是最好的，就是原来的样子，原来的单纯，原来的账户，原来不变的原貌，人与人的信任和缘分其实就是一开始的满怀期待和热情，到最后的互相沉默和失望成本，哦相识一场，仅此而已，心里不断提问自己有没有再重新认识的需要＆必要。,0
2025/3/20 17:56,请问这些什么犯了罪捅破天的事儿吗[泪奔],1
2025/3/20 17:56,又被拿来挡枪了，赵实惨[黑脸][赞],1
2025/3/20 17:56,玛雅[疑问]网暴素人零个热搜，这你也能发[疑问],1
2025/3/20 17:56,[憨笑][黑脸][赞]活动方应该挺有钱的吧给路上安点儿小太阳不行吗，这种红毯安排在室内有暖气的地方不行吗，人家寒冬腊月在外面的时候给裹个羽绒服行不行,1
2025/3/20 17:58,现在取关了吗[黑脸],1
2025/3/20 17:58,不如关注#赵露思粉丝多次开盒素人#,0
2025/3/20 17:58,剧播的时候一个一个邀请人家帮忙宣传，剧播完就取消关注，也是没谁了,1
2025/3/20 17:59,又被拿来挡枪了，赵实惨[黑脸][赞],1
2025/3/20 17:59,为了营销新剧吧，金秀贤应该来请赵露思团队去公关的，太有想法了,0
2025/3/20 18:02,[比心][比心][比心][比心][比心][比心][比心][比心][比心][比心][比心][比心],0
2025/3/20 18:03,这个营销号比较正能量。[比心][比心][比心][比心][比心][比心][比心][比心][比心]那个网暴素人的一个营销号都不报。,0
2025/3/20 18:03,为什么yxh今天集体复活，好难猜啊[强壮],0
2025/3/20 18:03,她怎么老这么多乱七八糟的热搜,1
2025/3/20 18:04,怎么突然醒了啊,0
2025/3/20 18:05,原来营销号没冬眠    那为什么不为素人发声   哈哈哈哈[憨笑][憨笑],1
2025/3/20 18:06,作,0
2025/3/20 18:06,关系好的早就有微信了吧，而且小红书和抖之前就取关一波了，可能是要解约了（个人猜测）,0
2025/3/20 18:08,生病之前就取关了，当时不上热搜，现在几个月了才上，猜猜谁给她买的黑热搜，网暴素人不上新闻，这倒是爆上热点了，好难猜啊，那我们带一下#喜塔腊容音# 吧,1
2025/3/20 18:08,好没礼貌 让合作过的演员 这么水灵灵躺在粉丝列表[疑问]合作过的流量们真惨,1
2025/3/20 18:08,赵露思又不是今天才开始清列表的，到底是谁买的热搜[愉快]好难猜哦,0
2025/3/20 18:08,喜塔腊容音啊,0
2025/3/20 18:09,都互相说各家的 谁也不是啥hao人吧[看],1
2025/3/20 18:09,你不沉默了呀 聊聊网暴素人的事吧 我们想看这个,1
2025/3/20 18:11,赵露思真是神医呀，yxh都复活啦,0
2025/3/20 18:13,知道为什么人家的微博名称叫赵露思的微博吗 因为那是人家的微博 什么人会对别人的账号控制欲这么强[黑脸],1
2025/3/20 18:13,还有谁不知道“喜塔腊容音”,0
2025/3/20 18:13,支持,0
2025/3/20 18:13,为什么不发喜塔腊容音？,1
2025/3/20 18:13,我靠 这姐到底要干嘛,1
2025/3/20 18:14,现在清理自己账号都要上热搜啦[恐惧]可是露思一月份就开始清了咋没上，是要压某人转发素人微博导致网曝的事吗[恐惧],1
2025/3/20 18:14,生病之前就取关了，当时不上热搜，现在几个月了才上，猜猜谁给她买的黑热搜，网暴素人不上新闻，这倒是爆上热点了，好难猜啊，那我们带一下#喜塔腊容音# 吧[舔屏],1
2025/3/20 18:15,博主为什么在这件事情上就集沉默？？？为素人发声！！！#喜塔腊容音# 被虞书欣本人评论引导网暴五年的女孩子,1
2025/3/20 18:15,博主为什么在这件事情上就集沉默？？？为素人发声！！！#喜塔腊容音# 被虞书欣本人评论引导网暴五年的女孩子[流泪],1
2025/3/20 18:15,个人觉得开心就好！干净的圈子也好！做自己最好,0
2025/3/20 18:15,才发现营销号没冬眠    那为什么不为素人发声   哈哈哈哈[捂脸][捂脸][捂脸],1
2025/3/20 18:15,从我个人的角度我会觉得，如果是我，我取关那么多一定觉得我不需要关注那么多人，只有一个或者没有关注真的很酷[舔屏]，但这只是我个人的看法哈,0
2025/3/20 18:15,还有谁不知道“喜塔腊容音”怎么就没个热搜呢[看],0
2025/3/20 18:15,她如果被雪藏了 她做网红带货 我都支持她[流泪] 她真的很好 不懂为什么一直有人黑她[流泪]都是女孩子[流泪],0
2025/3/20 18:16,真醒了吗？实实在在的生活才是最美的生活[玫瑰],0
2025/3/20 18:16,好难猜啊，是谁想要压热搜啊,0
2025/3/20 18:16,少关注赵露思了 多关注某位偶像引导粉丝网暴 #喜塔腊容音#,1
2025/3/20 18:17,一夜之间所有yxh复活[捂脸],0
2025/3/20 18:17,生病之前就取关了，当时不上热搜，现在几个月了才上，猜猜谁给她买的黑热搜，网暴素人不上新闻，这倒是爆上热点了，好难猜啊，那我们带一下#喜塔腊容音# 吧[舔屏],1
2025/3/20 18:17,yxh继续冬眠去吧,1
2025/3/20 18:17,神经的很,1
2025/3/20 18:17,是被拽出来压热搜的，搜湘雅医院,1
2025/3/20 18:19,啊我还以为yxh都冬眠了呢[调皮][调皮],0
2025/3/20 18:19,#喜塔腊容音#,0
2025/3/20 18:20,哈哈哈哈我露思不能做任何事  一堆黑子等着呢,1
2025/3/20 18:20,笑了,0
2025/3/20 18:20,赵露思怎么这样啊,1
2025/3/20 18:21,好心疼她[流泪]真的喜欢她好几年了，最近她被骂真的好难过，各种被黑被营销号对家水军带节奏,0
2025/3/20 18:21,生病之前就取关了，当时不上热搜，现在几个月了才上，猜猜谁给她买的黑热搜，网暴素人不上新闻，这倒是爆上热点了，好难猜啊，那我们带一下#喜塔腊容音# 吧,1
2025/3/20 18:22,啥意思[发呆][发呆],0
2025/3/20 18:22,请多关注素人被明星下场导致一年网暴事件,1
2025/3/20 18:22,网暴素人赶紧发发啊，我们爱看,1
2025/3/20 18:22,好计谋啊，但是虞书欣道歉了吗,1
2025/3/20 18:22,@潮必有熙 单曲,0
2025/3/20 18:23,最近看了偷偷藏不住喜欢上露思，演技又好，又漂亮，期待她的许我耀眼[玫瑰],0
2025/3/20 18:24,来关注喜塔腊容音,0
2025/3/20 18:24,??，yxh在苏醒,0
2025/3/20 18:24,好过分啊,1
2025/3/20 18:24,不懂就问钱真好挣啊,1
2025/3/20 18:24,不劳小??操心，先挽救挽救自家的p剧吧哈,1
2025/3/20 18:25,喜塔腊容音,0
2025/3/20 18:25,虞某带粉丝网暴素人能不能发声啊，yxh都冬眠结束了吗[黑脸][黑脸],1
2025/3/20 18:25,我懂了，一定是??半夜登zls号删的别人，取关别人[呲牙][呲牙][呲牙],1
2025/3/20 18:25,别在这装了行吗恶心死了,1
2025/3/20 18:25,@最后一颗门牙-,0
2025/3/20 18:26,喜塔腊容音,0
2025/3/20 18:27,她学我[看],0
2025/3/20 18:28,不必理会吧 没什么用,0
2025/3/20 18:28,赵露思太好欺负了你让她给你钱她都给[尬笑],1
2025/3/20 18:28,不要再捆绑虞书欣和赵露思了，你可以保持沉默，但别拿赵露思出来分担热度。[憨笑],1
2025/3/20 18:29,之前这个取关的不是已经上过一次热搜了吗。。。,0
2025/3/20 18:30,不是？这也能上热搜？[尬笑][尬笑][尬笑],0
2025/3/20 18:30,@Zv我的天呐[黑脸]原来营销号都没有冬眠啊，那为什么#喜塔腊容音#，素人被网暴需要发声的时候就冬眠了，反而一个平平无奇的取关就让你们苏醒了[黑脸]好难猜啊,1
2025/3/20 18:30,鬼里鬼气,1
2025/3/20 18:31,你们比粉丝关注能力还强取关了都[惊恐]马上就来了,1
2025/3/20 18:31,哇塞这么大的事情竟然只上个热搜吗？不上联合国上开个会吗[憨笑],0
2025/3/20 18:31,笑拉了营销号又犯神经,1
2025/3/20 18:31,不儿，取关这事[捂脸]不是早就过了一边吗，怎么又来了[捂脸],0
2025/3/20 18:31,赵露思=赵挡板[比心],1
2025/3/20 18:31,有的人是离开露思不能独立行走吗？电视剧要捆绑，还拿她挡枪，怎么取关没个个人自由啊碍了哪门子事啊[尬笑],1
2025/3/20 18:31,？没事吧，更讨厌她了[看][爱心],1
2025/3/20 18:31,别再给我推她了行么??,0
2025/3/20 18:31,有没有人管管[看],1
2025/3/20 18:31,这你上什么热门,1
2025/3/20 18:31,天呀 怎么又这么坏的人,1
2025/3/20 18:32,别炒了我的天,0
2025/3/20 18:32,hello yxh好久不见呀[憨笑]年初抖音??双平台取关的时候怎么没见几个yxh大肆宣发呀 咋就没空降vb热搜第一呀 今天时尚先生杂志刚上不久所有yxh就通通吻上来了 也是直接空降热搜第一了真好 公司和工作室被取了也没见一个说 真好真好yxh们就这么和露思缠缠绵绵绵绵缠缠下去吧[憨笑][憨笑],1
2025/3/20 18:32,关我屁事,1
2025/3/20 18:32,剧扑了要哭死了,0
2025/3/20 18:32,是谁家剧还没破万,1
2025/3/20 18:32,安冉:我们不像了吗,0
2025/3/20 18:32,发什么神经@赵露思的微博,1
2025/3/20 18:33,不要再推给我了，谢谢,0
2025/3/20 18:33,我的天呐[黑脸]原来800营销号都没有冬眠啊，那为什么#喜塔腊容音#，素人被网暴需要发声的时候就冬眠了，反而一个平平无奇的取关就让你们苏醒了[黑脸]好难猜啊,1
2025/3/20 18:33,哈哈哈哈哈哈哈 回旋镖开始 真是大快人心,1
2025/3/20 18:34,关注的那个人是我,0
2025/3/20 18:34,我的天呐[黑脸]原来800营销号都没有冬眠啊，那为什么#喜塔腊容音#，素人被网暴需要发声的时候就冬眠了，反而一个平平无奇的取关就让你们苏醒了[黑脸]好难猜啊,1
2025/3/20 18:35,我的天呐[黑脸]原来800营销号都没有冬眠啊，那为什么#喜塔腊容音#，素人被网暴需要发声的时候就冬眠了，反而一个平平无奇的取关就让你们苏醒了[黑脸]好难猜啊,1
2025/3/20 18:35,多少钱一条啊[送心],1
2025/3/20 18:35,现在怎么张嘴了？请讲一下虞书欣网暴素人事件,1
2025/3/20 18:35,没事儿吧[疑问]，素人被网暴不管跟哑巴了似的，一到这种事儿比谁都积极,1
2025/3/20 18:35,请讲一下虞书欣网暴素人事件,1
2025/3/20 18:35,關你屁事！,1
2025/3/20 18:35,为什么这个不爆呢#喜塔腊容音# 好奇怪呀,0
2025/3/20 18:36,取关很正常，早就取关了现在又拉出来？掩盖什么真相？,1
2025/3/20 18:36,又被拿来热搜挡枪[捂脸][捂脸][捂脸][捂脸]厉害,1
2025/3/20 18:36,怎么不给喜塔腊容音个热搜呢？到底是什么情况，为什么xhs上面我的帖子全部被下了到底是谁在聚谁在下呢[可怜],1
2025/3/20 18:36,怎么不发喜塔腊容音[尬笑],1
2025/3/20 18:36,1月份的事拿出来说,0
2025/3/20 18:37,我要去睡觉了,0
2025/3/20 18:37,知道是谁买的热搜啦,0
2025/3/20 18:37,账号不在露思手上,0
2025/3/20 18:38,别在消费我们露思了,1
2025/3/20 18:38,她很善良，默默做了很多公益，救助小动物，营销号都有点良心吧，总拉她出来挡枪,0
2025/3/20 18:38,多好的一女娃子~也没做过啥出格的事~真的搞卟懂为什么要一直黑她呢~,0
2025/3/20 18:38,有什么快速取关的方法吗？,0
2025/3/20 18:38,这么无聊的事情是有什么好拿出来说的[憨笑][憨笑],0
2025/3/20 18:38,空降热搜第一，抖音营销号集体出动，是在掩盖什么事呢，好难猜啊,1
2025/3/20 18:38,？你管人家关不关注[憨笑],0
2025/3/20 18:39,好好好，又被拿来当枪[黑脸],1
2025/3/20 18:39,她放个p是不是都得上热搜啊,1
2025/3/20 18:39,生病了  取消关注 是什么意思,0
2025/3/20 18:39,露思取关这个事情不是很早之前就出现了吗，其实这是在告别之前的生病自己，如果一个人连自己关注或者取关，都要经过别人同意的话，那人活着还有什么意义,0
2025/3/20 18:39,营销号集体复活，好难猜哦,0
2025/3/20 18:40,呃 能不能不要屁大点事就上热搜了 她也是惨的 被拿出来当枪使好几次了吧,1
2025/3/20 18:40,为啥清个关注还要被骂[发呆],0
2025/3/20 18:40,不是一月的事吗  现在拿来说什么[憨笑],0
2025/3/20 18:40,@ttt-M,0
2025/3/20 18:40,又来拉赵露思来了[憨笑],0
2025/3/20 18:40,喜塔腊容音,0
2025/3/20 18:40,@YUKE^ ??出事 zls挡刀 本人这次真要心疼zls了[愉快],0
2025/3/20 18:40,这也值得报道？做为路人都看不下去了，这是要把她逼死？背后整她的人到底是谁,1
2025/3/20 18:40,鬼迷日眼微博头条包年用户，她到底要干嘛呀,1
2025/3/20 18:41,喜塔腊容音发生了什么[发呆],0
2025/3/20 18:41,该报道的不发，天天得这一个人从头审判到脚，素人被网曝的事咋不发？[坏笑],1
2025/3/20 18:41,[捂脸][捂脸][捂脸],0
2025/3/20 18:41,哇 太恐怖了吧 ！！这么大的事啊 都空降热一了  给谁挡枪呢？？有没有喜塔腊荣音的事儿大呀？？！！大家快去搜喜塔腊荣音吧,1
2025/3/20 18:41,一天没啥事把这个拿出来说？,1
2025/3/20 18:41,一月的事情 现在又拿出来 真的不知道耶好奇怪,0
2025/3/20 18:42,喜塔腊容音 怎么不发了,1
2025/3/20 18:42,自己的社交软件，想怎么玩怎么玩啊，多多关注“喜塔腊容音”吧[愉快],0
2025/3/20 18:42,所以她为什么取关呀,0
2025/3/20 18:42,流量明星浪费公共资源[尬笑],1
2025/3/20 18:42,虽然我不喜欢她，但是取关是个人自由吧,0
2025/3/20 18:42,拿zls挡枪有意思吗[感谢]我直接狠狠怜爱她[感谢],1
2025/3/20 18:43,前几天不发声的营销号你们怎么都出来了呀[憨笑],0
2025/3/20 18:43,这种事也要无限放大呀？她应该是要和公司解约了，一切重新开始,0
2025/3/20 18:43,我的天呐[黑脸]原来营销号都没有冬眠啊，那为什么#喜塔腊容音#，素人被网暴需要发声的时候就冬眠了，反而一个平平无奇的取关就让你们苏醒了[黑脸]好难猜啊,1
2025/3/20 18:43,#喜塔腊容音# 你怎么不发这个被引导网暴人肉的小女孩,1
2025/3/20 18:44,取关那咋了[憨笑]我就是好奇点进来，你不看你还非要点进来，还得骂一嘴，不理解[捂脸],1
2025/3/20 18:44,？,0
2025/3/20 18:44,去微博逛一圈吓一跳[流泪],0
2025/3/20 18:44,取关这么大的事情，报警了吗？[再见],0
2025/3/20 18:44,（那个你也知道没必要关注[泪奔]然后你还发视频）,1
2025/3/20 18:44,赵露思养活了多少营销号[宕机],1
2025/3/20 18:44,其实只有11个了,0
2025/3/20 18:44,装呢 跟外国明星学的,1
2025/3/20 18:45,这真的尊重之前互关的合作艺人吗[惊恐],0
2025/3/20 18:45,这女的一天天作得很,1
2025/3/20 18:45,我都知道是之前的事情了，现在拉出来说的意义？？原来营销号都没有冬眠啊，那为什么#喜塔腊容音#，素人被网暴需要发声的时候就冬眠了，反而一个平平无奇的取关就让你们苏醒了[黑脸]好难猜啊,1
2025/3/20 18:45,提到赵露思了就来buy新杂志吧 不买就是嫉妒了,1
2025/3/20 18:46,这个世界太颠了，做公益不值得一个热搜，这种小到不去特意关注都不会发现的事无限放大。[泪奔]请为该发声的事发声！！！！喜塔腊容音,1
2025/3/20 18:46,这都能上热搜  能不能让我也上上热搜[憨笑],0
2025/3/20 18:46,我的天呐，之前那个事情闹那么大，没有营销号管，我还以为营销号都死了呢,1
2025/3/20 18:46,所以呢到底谁玻璃心啊，有些人管得真严也不知道是为啥,1
2025/3/20 18:47,你头发不也一直都是染色的吗？,1
2025/3/20 18:47,麻溜的退圈吧,1
2025/3/20 18:47,一个赵露思养活了多少个营销号？,1
2025/3/20 18:47,不知道她在发什么店,1
2025/3/20 18:47,又又又又刷单的,1
2025/3/20 18:48,营销号现在也是没得写了[捂脸],0
2025/3/20 18:48,这能上热搜？魔怔了,1
2025/3/20 18:48,他应该吧粉丝也全部移除，或者直接别玩了,1
2025/3/20 18:48,既然单方面取消关注了，以后可叫被取消关注的人帮宣传，拒绝沾边,1
2025/3/20 18:48,别单取，双取没问题！,0
2025/3/20 18:49,路人都刷几次了，了解了说是之前就取关了现在上热搜，离谱原因是为啥我一个路人都知道有人让她挡事[捂脸],1
2025/3/20 18:49,以前的她很美好，现在的她很破碎,0
2025/3/20 18:49,还好网友没有被营销号带偏，有自己的判断力,0
2025/3/20 18:49,又有新NPC诞生了[捂脸][捂脸][捂脸],1
2025/3/20 18:49,??????????????????????????????????????????????????????????????????????????????????????????????????????????????????????????????????????????????????????????????????????????,0
2025/3/20 18:49,她真的很烦[捂脸],1
2025/3/20 18:49,又不是她做的你们也没看到是她做的凭什么凭空捏造说是来挡[捂脸][看],1
2025/3/20 18:49,早就取关了…现在营销号集体讨伐算什么？在掩盖什么事情[呲牙]回头又该骂赵露思占用公共资源了,1
2025/3/20 18:49,取关都能爆 明星网暴素人怎么爆不了[愉快],1
2025/3/20 18:49,能不能别炒作了，想解约就直说，天天绕来绕去,1
2025/3/20 18:49,开始转型了 应该是想走实力型路线了吧 之前都是一些网剧和小甜剧 很难拿到大奖,0
2025/3/20 18:49,卖了一把好惨，,1
2025/3/20 18:50,每当这种东西成为爆点 又会忽然觉得这个世界要完蛋了[你不大行],1
2025/3/20 18:50,喜塔腊容音,0
2025/3/20 18:50,喜塔腊容音呢[捂脸]不说说嘛,0
2025/3/20 18:50,取关还是不取关，95癔自己说了算！——《那炸之轮椅闹海》,0
2025/3/20 18:51,取关而已，又不是取证??,0
2025/3/20 18:51,亿企查app显示，赵露思前经纪公司为天津银河酷娱文化传媒有限公司，该公司2015年成立，法人代表吴晓珍，注册资金3760.6万元,0
2025/3/20 18:51,素人被网暴就冬眠，清空关注列表就上热搜[憨笑],1
2025/3/20 18:51,下家又在造谣了你不知道你们粉丝已经辟谣了吗你简直在给你们家招黑,1
2025/3/20 18:52,欲知详情指路#喜塔腊容音,0
2025/3/20 18:52,各平台爆，谁发力了？好难猜哦[呆无辜]怎么喜塔腊容音上不去呢,0
2025/3/20 18:52,这也算新闻？你没新闻发可以报一下天气预报，报不准的话把昨天天气预报再报一次,1
2025/3/20 18:52,该上热搜的不上[憨笑],0
2025/3/20 18:52,那很坏了赵露思，震惊到我了，居然比引导粉丝网暴素人还严重！！！天哪，我简直不敢相信！！！她怎么老是做这么严重的事啊？她居然敢有这么大的胆子用自己的手化自己喜欢的妆，敢在自己私人平台上取关他人，甚至从十几岁就开始自己做公益！我的天哪！真的好“恶劣”～她怎么敢的啊[吧唧R],1
2025/3/20 18:52,哇塞赵露思一干什么营销号都吻上来了 另一位女明星的事为啥营销号不发啊 好难猜[憨笑],1
2025/3/20 18:52,这么大个事要不要上报联合国[舔屏][舔屏]来某女星带头网爆素人的事你怎么看呢[舔屏],1
2025/3/20 18:52,一个戏子 爱咋咋地,1
2025/3/20 18:52,撸撸粉丝洗洗洗到厌倦,1
2025/3/20 18:53,关注列表上有我,0
2025/3/20 18:53,多少钱一条[捂脸][捂脸][捂脸],1
2025/3/20 18:53,只关注喜塔腊容音，别带我女,1
2025/3/20 18:53,嗨，不必在意，它们都是墙头草，等恢复元气了，它们又都关注回来了[微笑],0
2025/3/20 18:53,还有谁不知道“喜塔腊容音”怎么就没个热搜呢[看],0
2025/3/20 18:54,好难猜啊[偷笑]到底是谁买的热搜呢 是不是那个转发微博的人呢,0
2025/3/20 18:54,复制累死了，为什么素人被网暴上不了热搜，把赵露思拉出来挡枪，空降热搜，为什么营销号不发人被网暴的事件，一个个装斯,1
2025/3/20 18:54,我想知道这种事情有什么可说的？跟咱们有个蛋的关系,1
2025/3/20 18:54,@在睡觉?? 额....,0
2025/3/20 18:54,利用完了,1
2025/3/20 18:54,好好磨练演技吧，搞这些有的没的以后谁还敢给你宣传新剧啊,1
2025/3/20 18:55,把我取关了[我想静静],1
2025/3/20 18:55,营销号突然集体复活，好难猜哦,0
2025/3/20 18:55,多多关注杂志,0
2025/3/20 18:56,所以这和我们有什么关系,0
2025/3/20 18:56,为什么粉丝列表不清空,1
2025/3/20 18:56,怎么老是出事[尬笑],1
2025/3/20 18:56,谁买的呀 好难猜呀,0
2025/3/20 18:56,好迷惑啊，这么做有意思吗，不好好拍戏去精炼演技就算了，买取关热搜干嘛，没人气了吗，一天天的折腾？[捂脸],1
2025/3/20 18:56,牛逼[我想静静]这就要发，真是闲的没事,1
2025/3/20 18:56,它们咋都不冬眠拉[调皮],0
2025/3/20 18:56,"内娱有自己的空空日记哈[憨笑]
猜你想看：喜塔腊荣音??",0
2025/3/20 18:56,为什么ysx网暴素人的事被爆的时候yxh在冬眠[裂开]，zls一出来yxh冬眠就结束了[疑问],1
2025/3/20 18:56,问题是这明明已经是一两个月前的事情了，当时明明营销号已经营销过一波了，为什么今天又来这一套,1
2025/3/20 18:56,？早就取了[黑脸],1
2025/3/20 18:56,哇好大的事啊，这都能上热搜[憨笑]占用公共资源被点名了就老实了,1
2025/3/20 18:56,果然物以类聚人以群分 韩讲话也好绿茶,1
2025/3/20 18:57,喜塔腊容音事件怎么不发呢[憨笑],0
2025/3/20 18:57,这么大个事要不要上报联合国[舔屏][舔屏]来某女星带头网爆素人的事你怎么看呢[舔屏]虞姐这播操作礼貌吗？？？？,1
2025/3/20 18:57,@小熊大王 @黑色小喵咪 @卷毛小泡面?? 搬出来给??挡枪了[黑脸][黑脸],1
2025/3/20 18:57,怪不得之前一年级之后到最亲爱的你再到少主且慢行之后特别雷她，之前一年级的时候还特别喜欢她粉他[九转大肠]前段时间双轨还故意引导粉丝去网爆男主那边的人让别人觉得可怜又卖一次掺[九转大肠],1
2025/3/20 18:57,可怜的露丝??又被拉出来挡热搜，牙医事件还没完呢,1
2025/3/20 18:58,问题是这明明已经是一两个月前的事情了，当时明明营销号已经营销过一波了，为什么今天又来这一套,1
2025/3/20 18:58,哇塞，怎么今天大批yxh突然发这个呀[尬笑],1
2025/3/20 18:58,这个原因,0
2025/3/20 18:58,"内娱有自己的空空日记哈[憨笑]
猜你想看：喜塔腊荣音??",0
2025/3/20 18:58,怎么了,0
2025/3/20 18:59,麻烦各位理智一点，就是取关而已[捂脸]这个热搜有没有可能是黑子买的,1
2025/3/20 18:59,喜塔腊容音事件怎么不发呢[憨笑]是不想吗,1
2025/3/20 18:59,营销号怎么突然来这出，好难猜哦[憨笑],0
2025/3/20 18:59,喜塔腊容音 怎么不发了 喜塔腊容音 怎么不发了 喜塔腊容音 怎么不发了 喜塔腊容音 怎么不发了 喜塔腊容音 怎么不发了 喜塔腊容音 怎么不发了 喜塔腊容音 怎么不发了 喜塔腊容音 怎么不发了 喜塔腊容音 怎么不发了 喜塔腊容音 怎么不发了,0
2025/3/20 18:59,yxh出来了呀[捂脸][捂脸][捂脸][捂脸],0
2025/3/20 18:59,额??,0
2025/3/20 19:00,这个眼妆跟被打了一拳一样,1
2025/3/20 19:00,@不高兴: [黑脸]原来营销号都没有冬眠啊，那为什么#喜塔腊容音#，素人被网暴需要发声的时候就冬眠了，反而一个平平无奇的取关就让你们苏醒了[黑脸]好难猜啊,1
2025/3/20 19:00,怎么了,0
2025/3/20 19:00,韩安冉是啥东西啊,1
2025/3/20 19:01,哟哟哟，你们yxh又都复活了，怎么前两天没看见你们呢[尬笑][尬笑][尬笑],1
2025/3/20 19:01,敢不敢发喜塔腊容音被某知名女星本人下场转发评论网暴[不失礼貌的微笑],1
2025/3/20 19:01,"（网民喜塔腊容音受明星放任其粉丝网暴事件）五年前其于观赏节目后发表个人对节目内容之看法,致使明星本人帐号于评论转发区澄清内容,其后明星粉丝便对其实施网暴开盒等行为,粉丝又为合理化其恶行 便设局诬指该网民为明星黑粉群成员,此后事件便不了了之,一年后因前次粉丝之恶行未得揭露造成中南财大学生遭遇该明星粉丝同样进行网暴开盒之行为,最终致使其粉丝群体遭受通报批评称其为乌合之众,

 而五年后此事被网民发现再度提起且事情发展至今最严重的问题已非五年前事件本身 而是五年后面对当年被掩盖的真相明星及其粉丝的处理态度 工作室前排网民1.1万赞要求明星道歉直接被删除 其粉丝仍持续造谣该名素人为黑粉毫无悔改之意 明星本应负起正向引导粉丝之责 可其团队与粉丝却只想着如何掩盖事实而非面对 此事如不严肃处理难保不会有下个受害者出现！ 请求官方调查,以行清朗之效,以正网络之风@央视新闻",0
2025/3/20 19:01,真的好能作！还能演啊！,1
2025/3/20 19:01,看到评论区都不吃这套我就放心了,0
2025/3/20 19:01,喜塔腊容音 怎么不发了 喜塔腊容音 怎么不发了 喜塔腊容音 怎么不发了 喜塔腊容音 怎么不发了 喜塔腊容音 怎么不发了 喜塔腊容音 怎么不发了 喜塔腊容音 怎么不发了 喜塔腊容音 怎么不发了 喜塔腊容音 怎么不发了 喜塔腊容音 怎么不发了[调皮],0
2025/3/20 19:01,喜塔腊容音 怎么不发了 喜塔腊容音 怎么不发了 喜塔腊容音 怎么不发了 喜塔腊容音 怎么不发了 喜塔腊容音 怎么不发了 喜塔腊容音 怎么不发了 喜塔腊容音 怎么不发了 喜塔腊容音 怎么不发了 喜塔腊容音 怎么不发了 喜塔腊容音 怎么不发了[飞吻],0
2025/3/20 19:01,喜塔腊容音 怎么不发了 喜塔腊容音 怎么不发了 喜塔腊容音 怎么不发了 喜塔腊容音 怎么不发了 喜塔腊容音 怎么不发了 喜塔腊容音 怎么不发了 喜塔腊容音 怎么不发了 喜塔腊容音 怎么不发了 喜塔腊容音 怎么不发了 喜塔腊容音 怎么不发了[泣不成声],0
2025/3/20 19:01,喜塔腊容音 怎么不发了 喜塔腊容音 怎么不发了 喜塔腊容音 怎么不发了 喜塔腊容音 怎么不发了 喜塔腊容音 怎么不发了 喜塔腊容音 怎么不发了 喜塔腊容音 怎么不发了 喜塔腊容音 怎么不发了 喜塔腊容音 怎么不发了 喜塔腊容音 怎么不发了[尬笑],1
2025/3/20 19:01,天天这事那事的,0
2025/3/20 19:01,哎呀作為個營銷號你活過來啦？我也不能接受你不為素人發聲，天天盯著明星家這點家長裡短呢。你不能接受不然你去聯合國告吧記得取證哈哈哈哈,1
2025/3/20 19:02,粉丝无力洗白刷刷刷,1
2025/3/20 19:03,好难猜，我去睡觉了，取关关我屁事，什么时候取证才是最重要的，正主在装病，粉丝黑通稿买到飞起[惊喜][惊喜][惊喜],1
2025/3/20 19:03,一个戏子 天天上新闻 无聊,1
2025/3/20 19:03,这人放个屁都要上热搜，能别了吗？,1
2025/3/20 19:03,喜塔腊容音,0
2025/3/20 19:03,取关都啥时候的事了 你现在发干啥[憨笑],0
2025/3/20 19:04,！,0
2025/3/20 19:04,让我想起了王嘉尔,0
2025/3/20 19:05,@泥补药哇哇哇哇哇哇哇哇哇哇叫 工作室总买热搜有啥意思,1
2025/3/20 19:05,好难猜,0
2025/3/20 19:05,怎么又集体复活了 好难猜啊[调皮],0
2025/3/20 19:05,你们为啥总把zls和ysx 捆绑在一起啊，哪一方出事都要发一个谁的粉好难猜，莫名其妙的[憨笑],0
2025/3/20 19:05,赵露思怎么了不想知道，想听你说说喜塔腊容音你怎么看？,0
2025/3/20 19:05,@小歪?,0
2025/3/20 19:05,@nuyoah ?? @比邻星.Gem,0
2025/3/20 19:05,我的天啊,0
2025/3/20 19:06,这么大的事直接告到联合国好嘛，吓我一激灵[憨笑],0
2025/3/20 19:06,主要是好多合作的明星呢[发呆][发呆][发呆][发呆],0
2025/3/20 19:06,想取关就取关，这是他人的自愿选择，对合作伙伴也是同样的尊重，发自内心的尊重别人，没必要那么多礼节，姐姐肯定没有想那么多的，姐姐不是刻意不尊重的那种人，就是为了宣传新剧，更显眼一点,0
2025/3/20 19:06,屁事怎么那么多,1
2025/3/20 19:06,赵露思每次都要拿出来挡枪？[憨笑][左上],1
2025/3/20 19:06,那我也取关一下你吧,1
2025/3/20 19:06,营销号冬眠结束了？[憨笑],0
2025/3/20 19:06,呃，这还是热搜啊[黑脸],1
2025/3/20 19:07,让我们恭喜赵露思唤醒了春眠好几天的营销号[哈欠],0
2025/3/20 19:07,真会搞热搜,1
2025/3/20 19:07,猜你们想看#虞书欣道歉# #喜塔腊容音#,0
2025/3/20 19:08,取关就取关呗，有啥啊。她自己的账号，想怎么就怎么。哪怕再好的朋友，私下也可以联系，并不非要社交账号关注。,0
2025/3/20 19:08,到底是赵粉丝开喝还是鱼粉丝开喝还是两个都有啊[不是吧][不是吧]吃不明白了,0
2025/3/20 19:08,生病的热搜过了 一看没热搜就取关上热搜[憨笑],0
2025/3/20 19:08,又是她，生个病反反复复出来说，占用公共资源，之前压小谢被家暴的热搜，现在又拿来压高管小孩开盒孕妇的，要路转黑了[尬笑][尬笑][尬笑]真ex,1
2025/3/20 19:08,实话不好，突然把这扎人变成她粉丝，之前感觉她真的很好，现在确实变了,1
2025/3/20 19:08,谁会想上这种招黑的热搜啊 一看就是被拉出来挡枪的,1
2025/3/20 19:08,这特么也能算个新闻[我想静静],1
2025/3/20 19:09,营销号冬眠期结束了？,0
2025/3/20 19:09,人情冷暖，立马可见，人在艰难见真情,0
2025/3/20 19:09,真的心疼赵露思了 明明她才是真正的爱女[捂脸],0
2025/3/20 19:10,地狱级笑话 莫明星下场网爆素人 所有营销号集体沉默闭麦[疑问] zls取干上热搜 到底为什么啊好难猜啊,1
2025/3/20 19:10,取关干上热搜 莫人是不是只要没有杀人放火就没事[黑脸][黑脸][黑脸],1
2025/3/20 19:10,差不多了，还没解约吗？,1
2025/3/20 19:10,猜你想看，恶女强制爱[看]赚点米就给赵露思花怎么办赵露思是直女[看]不要暗恋了，赵姐不会回应的[冷漠],1
2025/3/20 19:11,"那我想问虞书欣做错了什么呢 她只是解释了当时的真正情景，这个喜塔腊容音她的解读是错误的她的话也会引导不知道实情的人啊 她上网发布评论就因为她是素人就可以随意扭曲事实吗？那你如果说这只是她的看法 每个人都有权利发表自己的观点那虞书欣为什么就不行呢，你又要说这个网友没有恶意难道虞书欣就是故意的吗 难道看到了自己和朋友被人误会还要视而不见吗？如果不回应那只听片言只语的网友就只会一直误会而且骂虞书欣 现在这个网上什么都要翻出来黑 要是当时不管以后来澄清一样是会被你们这些网友骂。我不明白为什么人就不能对自己的行为负责 那个网友也说了当时已经18成年了 成年人就应该为自己的做法付出代价 我并不是提倡网暴 而且你们在心痛那个网友的同时 现在正在网暴虞书欣 你们就不是施暴者了吗 你们现在不就是当时去网暴那个网友同样的人吗
知道为什么这么多网暴事件吗 就是因为你们这些营销号 你在说别人网暴的同时但是你的内容在在引导现在的网友去网暴另一个人
那如果你辩解你只是在解释事件 请你带入虞书欣她也只是证明自己清白 既然你虞书欣用自己影响力带动网暴了素人错了 那你带动人网暴艺人就是应该的吗",1
2025/3/20 19:11,交了保护费就是不一样[鼓掌][鼓掌][鼓掌],1
2025/3/20 19:11,一边说自由一边炒热度,1
2025/3/20 19:11,赵露思又上热搜了[捂脸],0
2025/3/20 19:11,可不可以回到营销号人人喊打的年代[愉快],0
2025/3/20 19:11,到底是谁买的热搜，又在给谁当垫背？心疼我露,1
2025/3/20 19:11,赵露思华佗转世[呲牙][赞],0
2025/3/20 19:11,这个怎么不发表一下啊[鼓掌],0
2025/3/20 19:11,合理怀疑这件事被推出来压开盒热度,1
2025/3/20 19:11,每次都拿赵露思挡枪[尬笑],1
2025/3/20 19:11,赵露思跟你带来了多少流量，跟赵露思说谢谢了吗[呲牙],0
2025/3/20 19:11,@hiymz 就是迪丽热巴还关注着她呢,0
2025/3/20 19:12,不是呢，这是为了掩盖喜塔腊容音吗？谁还不知道啊，去微博搜搜,1
2025/3/20 19:12,这啥事还上热搜了[捂脸],0
2025/3/20 19:12,她关注的是白鹿,0
2025/3/20 19:12,这有什么好回应的,1
2025/3/20 19:12,@1.菡子,0
2025/3/20 19:12,那你发啥呢？,1
2025/3/20 19:13,@这世界犹如西红柿般美味 有病啊 vb在解封后不就全取关了[尬笑],1
2025/3/20 19:13,每天整一个热搜，好好拍戏吧[捂脸],0
2025/3/20 19:13,这不是一月份的事情么，那会儿没动静，现在上热搜干什么，营销号抽风了？,1
2025/3/20 19:13,好大的事啊，赶紧上报国家[微笑],0
2025/3/20 19:13,用来挡谁的网暴素人新闻都懂,1
2025/3/20 19:13,赵露思把做公益的钱拿出来养yxh的话，就不会有那么多人骂了[黑脸],1
2025/3/20 19:13,我的天这谁买的热搜 安的什么心,1
2025/3/20 19:13,@MintaWinsoo 我们赵露思小解解又来占用公共资源了捏,1
2025/3/20 19:14,关注该关注事件，我们露思不是活该好欺负，这种情况??拉露思挡枪,1
2025/3/20 19:14,营销号突然集体复活，好难猜哦，到底谁费劲买的热搜，好难猜啊[看][看][看][看][看],0
2025/3/20 19:14,不是喜欢热搜，天天住在热搜也不是不可以，[调皮][调皮][调皮],0
2025/3/20 19:14,[赞][赞],0
2025/3/20 19:14,只有一个了,0
2025/3/20 19:14,??了么订单以到达,0
2025/3/20 19:14,是谁买的热搜？好难猜呀[可怜],0
2025/3/20 19:15,??了么订单以到达,0
2025/3/20 19:15,就看赵露思好欺负呗[送心],1
2025/3/20 19:15,报警吧这么大个事,1
2025/3/20 19:15,"内娱有自己的空空日记哈[憨笑]
猜你想看：喜塔腊荣音??",0
2025/3/20 19:15,符合对这人的刻板印象笑死了 一天天死装 用完别人就扔,1
2025/3/20 19:16,肯定受伤了,0
2025/3/20 19:16,我去这都多会儿的事还拿出来说 不如都去买新杂志吧[憨笑][憨笑],0
2025/3/20 19:16,赵露思神医啊，营销号集体复活,1
2025/3/20 19:16,认真回答 最近累不累,0
2025/3/20 19:16,来来来全部事情给大家讲解一下，前几天ysx引导粉丝网暴素人被暴出来了哈，然后微博一直被压热度，抖音和微博一点水花都没有哈，粉丝还造谣式澄清，对人小姐姐造成二次伤害哈，指路，喜塔腊容音[憨笑][憨笑][憨笑][击掌][击掌][击掌][击掌],1
2025/3/20 19:16,@KKKK鱼 神经病我刷了好这种几个视频了,1
2025/3/20 19:17,路人表示知道好赖[憨笑],0
2025/3/20 19:17,取关了和你没啥关系吧[泪奔],1
2025/3/20 19:18,哎你猜怎么着？yxh一下子活了,0
2025/3/20 19:18,自己的号想取就取呗，又没有放高利贷高速倒车[憨笑] 想听你说 #喜塔腊容音#,0
2025/3/20 19:18,个人喜欢，个人自由，支持[送心],0
2025/3/20 19:18,@禹. @冰 块 [愉快],0
2025/3/20 19:18,Wwwww,0
2025/3/20 19:18,多大点事啊[泪奔][泪奔][泪奔][泪奔],0
2025/3/20 19:18,你要死啊你，是不是找不到说的了,1
2025/3/20 19:18,人家自己的wb 愿意清就清呗，支持个人自由,0
2025/3/20 19:19,??了么订单以到达[看],0
2025/3/20 19:19,1月份的事了现在说还是我记忆出现问题了,0
2025/3/20 19:19,前两天咋不见你啊？怕被取证？??????,1
2025/3/20 19:19,评论区怎么来了一群智z,1
2025/3/20 19:20,为什么素人被网暴上不了热搜，把赵露思拉出来挡枪，空降热搜，为什么营销号不发人被网暴的事件，人家一个取关你们那么关心吗,1
2025/3/20 19:20,素人被网暴怎么不说，是影响背后主子了吗[憨笑],1
2025/3/20 19:20,这不是好几个月前的事了吗，咋又被拉出来了！！！这也不一定是她做的啊[流泪],0
2025/3/20 19:20,又把明星放出来，又这是在隐蔽什么呀？[调皮],1
2025/3/20 19:20,太好了营销号睡醒了[送心]那引导粉丝网暴素人的事一定有人发生了吧,1
2025/3/20 19:20,这个世界怎么了，这都能上热搜,0
2025/3/20 19:20,你猜为什么一到某人的事就营销号全死了呢，好难猜呀[憨笑],1
2025/3/20 19:20,20年的当时她还不火的吧 难道要被恶意解读吗[捂脸],0
2025/3/20 19:20,[尬笑]露思被拿出来挡枪了[微笑],1
2025/3/20 19:20,哦人网红自己都没说什么你们说上了,0
2025/3/20 19:21,一直都喜欢她,0
2025/3/20 19:21,@别再脸红了,0
2025/3/20 19:21,回家吧回家吧，放过露思好吗,0
2025/3/20 19:21,取关事大 网暴事小~,1
2025/3/20 19:21,人家早就清了，现在才来说,1
2025/3/20 19:21,什么都上热搜……[尬笑]自从上次她生病了天天都有她的各种热搜[尬笑]她粉丝累不累啊,1
2025/3/20 19:21,??????????????????????????????????????????????????????????????????????????????????????????????????????????????????????????,0
2025/3/20 19:22,哦，我还以为是取证了呢,0
2025/3/20 19:22,p大点事就热搜[尬笑],1
2025/3/20 19:22,支持,0
2025/3/20 19:22,她能不能不买热搜了？[微笑][微笑],1
2025/3/20 19:22,so？原来你们yxh 还没4??啊？ 我以为你们不敢了呢  明星亲自下场带头网暴素人 我不信你们不知道 怎么不出来报道了呢？ 怪不得呢 娱乐圈的娱是指虞啊,1
2025/3/20 19:22,震惊，赵露思取关真相竟然是因为……指路#喜塔腊容音#,1
2025/3/20 19:22,哈哈哈 ??老脸都不要了,1
2025/3/20 19:23,赵露思加油[赞],0
2025/3/20 19:23,为啥啊,0
2025/3/20 19:23,第一 我不是他粉丝 第二 他关不关注谁关你毛事儿 第三你纯闲的这种破事还发出来 你真够闲的,1
2025/3/20 19:23,天塌了，刚刚发现把我也取关了,1
2025/3/20 19:23,@Q今天睡醒了吗,0
2025/3/20 19:24,她又在干嘛[憨笑][赞]  这么喜欢上热搜,0
2025/3/20 19:24,怎么不发喜塔腊容音[憨笑],0
2025/3/20 19:24,屁大点事还上热搜[捂脸]还以为啥呢？,1
2025/3/20 19:24,赵露思实惨  ??方这是逮她一个人薅啊  支持素人维权,1
2025/3/20 19:24,取关就取关被[噢买尬]这有啥，,0
2025/3/20 19:24,喜塔腊容音,0
2025/3/20 19:24,我也没有关注她啊,0
2025/3/20 19:24,睡觉了,0
2025/3/20 19:24,引导啥呢你？,1
2025/3/20 19:25,前几天怎么不见你出来蹦跶[愉快],1
2025/3/20 19:25,取关都一个多月前的事了，到底是谁在买热搜啊，好难猜啊[捂脸],0
2025/3/20 19:25,只能告诉你们了，唯一是我,0
2025/3/20 19:25,人家关注谁都要管啊,1
2025/3/20 19:25,注意点吧，别是抑郁症，想起王自健,0
2025/3/20 19:25,再次声明哈 不是单取 过几天估计大家都可以看到是双取哈[愉快],0
2025/3/20 19:25,不如来关注素人维权 #喜塔腊容音#,0
2025/3/20 19:26,关注她的人才是笑话[泪奔],1
2025/3/20 19:26,戏真多，天天屁大点事都上个热搜,1
2025/3/20 19:26,其实 没有态度就是最好的态度 任何套路 行为 都是多此一举 爱你一依旧爱你 恨你的依旧恨你 随自己心意的生活 就是最好的自己,0
2025/3/20 19:26,为什么不发 喜塔腊容音 的事呀 [求抱抱][求抱抱],0
2025/3/20 19:26,作,0
2025/3/20 19:26,好漂亮，,0
2025/3/20 19:26,评论区也是够闲的。。,1
2025/3/20 19:26,一场病看清了所有人,0
2025/3/20 19:27,取个关也能上热搜，无敌了[捂脸],0
2025/3/20 19:27,欺负老实人 有点心疼赵了[捂脸],0
2025/3/20 19:27,都多久了怎么就突然有热搜了好难猜啊[憨笑][憨笑][憨笑],0
2025/3/20 19:27,别飘,0
2025/3/20 19:28,屁事也要上个热搜,1
2025/3/20 19:28,现在清理自己账号都要上热搜啦[恐惧]可是露思一月份就开始清了咋没上，是要压某人转发素人微博导致网曝的事吗[恐惧],1
2025/3/20 19:28,三个平台都已清关 莫要理解过度 多多来支持一线男刊杂志,0
2025/3/20 19:28,我嘞个小学生行为 实在不行退圈吧,1
2025/3/20 19:29,科音关注只有一个了，我也喜欢赵露思,0
2025/3/20 19:29,@快速绵绵星球 [微笑][微笑][微笑],0
2025/3/20 19:29,别拉我们露丝挡枪,1
2025/3/20 19:29,作者拿了多少钱拿了多少钱拿了多少钱拿了多少钱拿了多少钱拿了多少钱拿了多少钱拿了多少钱拿了？？？？？？？？,1
2025/3/20 19:29,好多欣欣的头像,0
2025/3/20 19:29,自己的微博自己做主，干他人何事閑的無聊,1
2025/3/20 19:29,太不体面了 没格局。,1
2025/3/20 19:30,可以说一下喜塔腊容音吗,0
2025/3/20 19:30,再刷到这种三分无脑三分神经病七分漫不经心的营销号我刮彩票中100万，无副作用[憨笑],1
2025/3/20 19:30,[666],0
2025/3/20 19:30,我以为yxh都4??了呢[黑脸]前两天那件事怎么没yxh出来说[鼓掌],1
2025/3/20 19:30,好莫名其妙的热搜,0
2025/3/20 19:30,取关也是从零开始，告别以前的自己，从新而生！,0
2025/3/20 19:30,笑死我了 俺们微博人绝不接受单取,1
2025/3/20 19:31,不知道啊 我先睡觉去了,0
2025/3/20 19:31,可能是因为？[宕机],0
2025/3/20 19:31,赵露思可怜死了??,1
2025/3/20 19:31,很尴尬的呀,0
2025/3/20 19:31,这是啥情况呀？,0
2025/3/20 19:31,搞不懂什么情况了啊,0
2025/3/20 19:31,吃瓜群众来了,0
2025/3/20 19:32,哇塞来个热搜就是??买的了是不是[捂脸],0
2025/3/20 19:32,6666,0
2025/3/20 19:32,取关比网暴素人五年还严重，太可怕了，以后不敢取关别人了，还是去网暴别人吧[白眼],1
2025/3/20 19:32,符合想心理受过伤的人的做法。我自己焦虑抑郁的时候把没用的app 关注的东西全都清空了,0
2025/3/20 19:32,自己开心就好啦,0
2025/3/20 19:32,哇活起来了，快快报道素人被网暴的事[愉快],1
2025/3/20 19:32,影响我一个月一千五百块钱工资吗[泪奔],0
2025/3/20 19:32,有点幼稚。,1
2025/3/20 19:32,这是什么情况呀,0
2025/3/20 19:33,又一个爽子,1
2025/3/20 19:33,这种词条都能爆，明星引导网暴素人怎么爆不了，难以理解[黑脸][黑脸][黑脸],1
2025/3/20 19:33,新闻质量都这么差了吗？关注别人也发个新闻脑补？,1
2025/3/20 19:33,没搞明白取个关还能上热搜吗,0
2025/3/20 19:33,#喜塔腊容音,0
2025/3/20 19:33,既然大家对露思这么关心，给大家指路??#喜塔腊容音#,0
2025/3/20 19:34,然后呢，这是什么非常重要的事情吗，她取关了，然后会怎样，我不懂[尬笑][尬笑],1
2025/3/20 19:34,天天炒作，看到烦得很,1
2025/3/20 19:34,@南栀.,0
2025/3/20 19:34,怎么了,0
2025/3/20 19:34,神经病 又开始了,1
2025/3/20 19:34,越是这样说，越是没有清醒！,1
2025/3/20 19:35,内娱安陵容，谁骂她她都赖到甄嬛头上,1
2025/3/20 19:35,真会找存在感,1
2025/3/20 19:35,暴露本性了呗,1
2025/3/20 19:36,就是??,0
2025/3/20 19:36,又是她 烦的要死[尬笑],1
2025/3/20 19:36,现在剩一个了,0
2025/3/20 19:36,别找画面了[灵机一动],0
2025/3/20 19:36,[爱心][爱心][爱心][爱心][爱心][爱心][爱心],0
2025/3/20 19:36,微博以前又没有取关[捂脸],0
2025/3/20 19:36,我们都有脑子不是傻子哈[捂脸]，谁买的心里清楚,1
2025/3/20 19:36,人家就是想要完完全全的重新开始而已，又不是说特意的取关某一个人，只想随心所欲,0
2025/3/20 19:37,有些人已经苏醒，这样多好[感谢],0
2025/3/20 19:37,这比玩意真就没个消停的时候了[抠鼻]还有比她更能作更能装的人吗？[疑问],1
2025/3/20 19:37,很多宝宝不知道发生啥了，围脖搜索喜塔腊容音，你就知道露思为啥取关了,0
2025/3/20 19:37,有人花钱做慈善 有人花钱买热搜拉踩别的女艺人[愉快],1
2025/3/20 19:37,内娱安陵容，谁骂她她都算到甄嬛头上,1
2025/3/20 19:37,健康就好,0
2025/3/20 19:37,喜塔腊容音 怎么不发了 喜塔腊容音 怎么不发了 喜塔腊容音 怎么不发了 喜塔腊容音 怎么不发了 喜塔腊容音 怎么不发了 喜塔腊容音 怎么不发了 喜塔腊容音 怎么不发了 喜塔腊容音 怎么不发了 喜塔腊容音 怎么不发了 喜塔腊容音 怎么不发了,0
2025/3/20 19:37,我说你们微博上的人别太狠赵露思,1
2025/3/20 19:38,很多宝宝不知道发生啥了，围脖搜索喜塔腊容音，你就知道露思为啥取关了,0
2025/3/20 19:39,赵露思每次都要拿出来挡枪？[闭嘴][嘘],1
2025/3/20 19:39,@DOU+上热门,0
2025/3/20 19:39,@AMBROSIAL [憨笑],0
2025/3/20 19:39,？,0
2025/3/20 19:39,号都在公司手上 你们这些营销号让我无话可说[捂脸],1
2025/3/20 19:39,三平台都清关了,0
2025/3/20 19:40,这？是赵露思？,0
2025/3/20 19:40,又装,1
2025/3/20 19:40,啥时候的活动啊,0
2025/3/20 19:40,是谁买的热搜 好难猜啊[憨笑][憨笑][憨笑],0
2025/3/20 19:40,第二个郑爽，继续作吧 [微笑],1
2025/3/20 19:40,.,0
2025/3/20 19:40,"内娱有自己的空空日记哈[憨笑]
猜你想看：喜塔腊荣音??",0
2025/3/20 19:40,神经病,1
2025/3/20 19:40,非常对你现在的风格真的很好[赞],0
2025/3/20 19:40,看不懂…ysx的粉丝和zls我都看不懂,0
2025/3/20 19:40,纯属神经病,1
2025/3/20 19:41,咋了 发生啥事了,0
2025/3/20 19:41,路人，人家取个关就上热搜营销号都活起来了，那么我请问呢，网暴这么严重的事情为什么没有营销号来回应解释?这钱挣的不违良心吗?,1
2025/3/20 19:41,因为赵露思上了Esquire 时尚先生杂志， 又有营销号来捣蛋想扯开注意力[捂脸][捂脸][捂脸]取关的事是之前的[捂脸][捂脸][捂脸],0
2025/3/20 19:41,又拉我们露思出来挡枪[憨笑][抱拳],1
2025/3/20 19:42,怕这干啥啊[泪奔][泪奔][泪奔]旧的不去新的还不来呢，我就是新来的粉丝啊，我朋友也是，最近可喜欢她了[泣不成声],0
2025/3/20 19:42,希望露思被这个世界温柔以待,0
2025/3/20 19:43,放过她吧，你们这些营销号真的是够够的了，啥钱都赚[尬笑],1
2025/3/20 19:43,这又能说明什么，不要去伤害一个人,0
2025/3/20 19:43,这是咋了？[发呆],0
2025/3/20 19:44,喜塔腊容音太有意思了，我看谁还不来看[抱抱你][比心][送心][比心][抱抱你][爱心][调皮][赞][感谢][打脸][机智][比心][抱抱你][呲牙][舔屏][呲牙][调皮][感谢][呲牙][机智][耶][送心][耶][送心][打脸][机智][精选][苦涩][敲木鱼][OK][kisskiss][敲木鱼][逞强落泪][宕机][击掌][精选][OK][6],0
2025/3/20 19:44,活起来了，可以说说喜塔腊容音了吗？[愉快],0
2025/3/20 19:44,[嘘],1
2025/3/20 19:44,突然就热搜66666也不想想怎么来的[调皮],0
2025/3/20 19:45,忘本,1
2025/3/20 19:46,我的妈呀今天yxh集体不冬眠了啊,0
2025/3/20 19:46,因为赵露思上了Esquire 时尚先生杂志， 又有营销号来捣蛋想扯开注意力[捂脸][捂脸][捂脸]取关的事是之前的[捂脸][捂脸][捂脸],0
2025/3/20 19:46,评论区指路??喜塔腊容音,0
2025/3/20 19:46,"内娱有自己的空空日记哈[憨笑]
猜你想看：喜塔腊荣音??",0
2025/3/20 19:46,营销号们原来还在啊,0
2025/3/20 19:47,这都能上个热搜我也是服了[尬笑],1
2025/3/20 19:47,不要再拿zls出来挡枪了行不行[你不大行],1
2025/3/20 19:47,为啥取个关也要上热搜[捂脸],0
2025/3/20 19:47,应该全部注销，重新注册再开始,1
2025/3/20 19:47,大转盘今天轮到谁啦？,0
2025/3/20 19:47,加油,0
2025/3/20 19:47,怎么谁买的热搜，好厉害啊，超脱世俗了，都取关了,1
2025/3/20 19:47,这是怎么回事,0
2025/3/20 19:48,呵呵,0
2025/3/20 19:48,喜塔腊容音,0
2025/3/20 19:48,喜塔腊容音 怎么不发了 喜塔腊容音 怎么不发了 喜塔腊容音 怎么不发了 喜塔腊容音 怎么不发了 喜塔腊容音 怎么不发了 喜塔腊容音 怎么不发了 喜塔腊容音 怎么不发了 喜塔腊容音 怎么不发了 喜塔腊容音 怎么不发了 喜塔腊容音 怎么不发了,0
2025/3/20 19:48,露思实惨一小女孩呀,0
2025/3/20 19:49,。。。。,0
2025/3/20 19:49,这么快就上了热搜了，谁买的啊，好难猜啊[捂脸],0
2025/3/20 19:50,挺好的。,0
2025/3/20 19:50,这孩子病的挺严重,1
2025/3/20 19:51,@雨季 蛮可怜的 清个关注都要被骂[黑脸]因为有人买了热搜为了压虞书欣引导粉丝网暴素人[黑脸],0
2025/3/20 19:51,正常人骂网暴者 性缘脑骂男女人[鼓掌][鼓掌][鼓掌],1
2025/3/20 19:51,因为赵露思上了Esquire 时尚先生杂志， 又有营销号来捣蛋想扯开注意力[捂脸][捂脸][捂脸]取关的事是之前的[捂脸][捂脸][捂脸],0
2025/3/20 19:51,这样发，土里那两位怎么办,1
2025/3/20 19:51,就这屁大点事，占个热搜？,1
2025/3/20 19:51,她这样做不止败坏路人缘，恐怕以后见到其他明星也会尴尬吧？剧宣的时候到处找人，连网红也不例外 用完人家了就取关,1
2025/3/20 19:52,为什么要过度锐化[憨笑][憨笑],0
2025/3/20 19:52,喜塔腊容音怎么回事怎么回事怎么回事,0
2025/3/20 19:52,热搜姐,0
2025/3/20 19:52,清空取关也要回应？要什么回应？[尬笑],1
2025/3/20 19:52,Gun出来互移@赵露思的微博,1
2025/3/20 19:52,不是这个意思  不是活人号  最近在和公司论解约,0
2025/3/20 19:53,营销号都复活了啊，我以为集体辞职不干了呢，该发的不发[比心],1
2025/3/20 19:53,又开始花头精了,1
2025/3/20 19:53,太妹事真多,1
2025/3/20 19:53,假作真时真亦假,0
2025/3/20 19:53,来看露思新杂志[舔屏][舔屏][舔屏],0
2025/3/20 19:53,这是她的自由，他有权利这么做，这都拿来说怎么那么咸吃萝卜淡操心,1
2025/3/20 19:54,又来欺负赵露思啊[憨笑],0
2025/3/20 19:54,这个韩安冉怎么老喜欢蹭热度啊[捂脸],1
2025/3/20 19:54,一语成谶,0
2025/3/20 19:54,又在搞什么啊，不想看都要刷到[黑脸],1
2025/3/20 19:55,莫名其妙把这玩意推上热搜[捂脸]不就是又想把露思拉出来给骂吗[捂脸],1
2025/3/20 19:55,那很坏了赵露思，震惊到我了，居然比引导粉丝网暴素人还严重！！！天哪，我简直不敢相信！！！她怎么老是做这么严重的事啊？她居然敢有这么大的胆子用自己的手化自己喜欢的妆，敢在自己私人平台上取关他人，甚至从十几岁就开始自己做公益！我的天哪！真的好“恶劣”～她怎么敢的啊[吧唧R],1
2025/3/20 19:55,真能买热搜啊[尬笑][尬笑][尬笑]元旦买一个月还不够吗[尬笑][尬笑][尬笑],1
2025/3/20 19:55,这个热搜评论底下全是鱼粉的谩骂 谁买的热搜一目了然了,1
2025/3/20 19:55,现在会说话了哈[感谢],0
2025/3/20 19:55,很善良的一个女孩子,0
2025/3/20 19:55,当初宣传珠帘玉幕的时候到处拉人，人家都好心帮你，今天一声不吭就把他们取关了，以后是不打算出剧了吗[尬笑],1
2025/3/20 19:55,可是她不是好久之前就清空了吗？,0
2025/3/20 19:55,。。。,0
2025/3/20 19:55,"但是她刚开始让别人帮忙宣传剧，现在用完了就把别人删了，也不太好吧还说真心，说yyz,她也没有真心对待别人啊，她利用完别人不也扔掉了吗，搞得好像全世界都抛弃她，伤害她一样，自己不也从中得到好处了，自己也现实的要死，还怕她吃亏？很离谱抑郁症不是疯子啊，一年到头事最多她真的是",1
2025/3/20 19:56,到底谁想知道,0
2025/3/20 19:56,就剩一个关注了,0
2025/3/20 19:56,赵露思一有事 yxh全来活了[灵机一动][灵机一动][灵机一动],1
2025/3/20 19:56,又在这报道什么啊？资本？她就是很好啊，就算她不做明星我都一样支持她，这事都好久了现在拉人家出来挡枪，简直此地无银三百两，ex[微笑],1
2025/3/20 19:56,知道为什么人家的微博名称叫赵露思的微博吗 因为那是人家的微博 什么人会对别人的账号控制欲这么强[黑脸],1
2025/3/20 19:56,@Chloe [笑哭]不好说,0
2025/3/20 19:56,这明明是之前的事情，但是现在被拉出来说，所以说这是用来挡热搜的,1
2025/3/20 19:56,@Oyakam @Sokinchiiii @季芽i 小学生,0
2025/3/20 19:57,牛逼，这都能上热搜，得花不少钱吧[憨笑],0
2025/3/20 19:57,跟你有毛关系，啥热度都想蹭一下,1
2025/3/20 19:57,？这是谁？,0
2025/3/20 19:57,喜塔腊容音[比心][愉快],0
2025/3/20 19:57,最烦的 208万 没有之一??????,1
2025/3/20 19:58,赵露思取关是在她生病之前取的 又不是最近 多久的事情还能拿出来被挡枪[尬笑],1
2025/3/20 19:58,要退圈？,0
2025/3/20 19:58,赵露思真的很好，每次哪里有灾情就捐款，而且超级宠粉，赵露思生病能这么快痊愈，全靠自己努力康复，请不要造谣，而且有发康复视频过，不要乱说，谢谢，最后我在这祝赵露思早日逃脱银河媒体，因为银河跟48都不是好公司，还虐待公司艺人，加油，赵露思，我相信你总有一天会离开公司，自己努力，会变的更加好，我永远相信你，不要因为别人的三言两语就气馁，总有一天你会变得更好，加油哦，我也会一直陪着你哒[比心],0
2025/3/20 19:58,@丽丽?? @敖家三千金?? 蚂蚁 变样了,0
2025/3/20 19:58,我也取关了好多人，吐槽up主掉皮取关了一批啦，现在让我看看有多少yxh继续掉皮。yxh嘛，春秋笔法咯噔文学质量差，客观公正才是安身立命之本，对吗？[调皮],1
2025/3/20 19:58,安冉，我们不像了。,0
2025/3/20 19:59,喜塔腊容音,0
2025/3/20 19:59,抖音只有了,0
2025/3/20 19:59,哈哈哈哈哈哈哈,0
2025/3/20 19:59,这种事情都能值得上热搜，某家粉丝我就不想多说了,1
2025/3/20 19:59,@Viyo xxxx.,0
2025/3/20 19:59,她咋这么多必事,1
2025/3/20 19:59,赵露思自己的微博自己做主，请大家多关注素人维权事件#喜塔腊容音#,0
2025/3/20 20:00,@??想发疯,1
2025/3/20 20:00,什么玩意，不就取消关注了吗，这都能上热搜，无语,1
2025/3/20 20:00,哎呀这种事怎么会上热搜呢[调皮]背后谁搞的呀[调皮]好难猜,0
2025/3/20 20:00,[憨笑] 不想报道喜塔腊容音是有什么心事吗[憨笑],0
2025/3/20 20:00,滚,1
2025/3/20 20:00,别人惹她了怎么只单曲，现在被她取关的人好尴尬，到底是关注还是不关注啊,1
2025/3/20 20:01,加油成为更好的自己露丝,0
2025/3/20 20:01,到底在营销这什么 定期搞事[愉快][赞],1
2025/3/20 20:01,去年的事情突然空降热搜？,0
2025/3/20 20:02,“取关”不是冷漠，而是对内心的温柔。无论是明星还是普通人，真正的强大，是敢于给生活按下删除键。希望每个女孩都能像赵露思一样，勇敢断舍离，活出清爽人生[强壮],0
2025/3/20 20:02,这点事情还能上热搜啊，牛逼了[黑脸],1
2025/3/20 20:02,她是不是特别想上热搜但容易适得其反,1
2025/3/20 20:02,到底怎么了，有人给我解释一下吗？搜了好多搜不到,0
2025/3/20 20:02,喜塔腊容音    建议大家看看这个，明眼人都能看出来是在挡热搜，有点脑子大家，,1
2025/3/20 20:03,还是肉肉的好看,0
2025/3/20 20:03,我还以为是韩安.[捂脸],0
2025/3/20 20:03,人家取关谁是她的自由，这种事也能拿出来讲,1
2025/3/20 20:03,哎~健健康康的哦,0
2025/3/20 20:03,这杂志受众群体都是小太妹吧  模特跟混的一样,1
2025/3/20 20:03,取关就取关呗，这也能上热搜？,0
2025/3/20 20:03,回旋镖来喽,0
2025/3/20 20:04,你是没有新闻报道了吗,1
2025/3/20 20:04,我也要取关所有人[捂脸],0
2025/3/20 20:04,取关关你们什么事？这不是人家自己的自由吗？还给你们解释一下，有啥好解释的,1
2025/3/20 20:04,别想压 关注喜塔腊容音,0
2025/3/20 20:04,别拿我露宝来薅啊！[流泪],1
2025/3/20 20:04,这也能上热搜吗,1
2025/3/20 20:04,人明星又不是扩列……又不需要天天像混圈妹一个查单删，查单取……围脖对她们来说就是个营业平台……互关也顶多算利益，又不是像小学生一样“互嘛”“互”??这种词条都能爆,1
2025/3/20 20:05,人家取关谁跟你有什么关系啊？[尬笑],1
2025/3/20 20:05,自己的号想取就取呗，又没有放高利贷高速倒车[憨笑] 想听你说 #喜塔腊容音#,0
2025/3/20 20:05,哇，所有营销号都活了啊[舔屏],1
2025/3/20 20:05,你怎么不报道一下我今天吃的是米线呢[微笑],0
2025/3/20 20:05,她一出来！营销号都活了,1
2025/3/20 20:05,@虞书欣Esther @虞书欣工作室 谁买的黑热搜呀？好难猜呀,1
2025/3/20 20:05,乱点，手滑啥的这不是惯炒吗,1
2025/3/20 20:05,人家官方都已经澄清了，是双取 并且露思也在和现公司在解约 就不要乱带节奏了吧,0
2025/3/20 20:06,她的视频底下真是往死里挑，真是无语,1
2025/3/20 20:06,这也能上热搜,1
2025/3/20 20:06,[玫瑰],0
2025/3/20 20:06,一天天的有完没完了,1
2025/3/20 20:06,说的很对,0
2025/3/20 20:07,人家去做公益没时间搞这些 还是负面的[鞠躬][鞠躬][鞠躬][鞠躬],0
2025/3/20 20:07,整成啥样了都,1
2025/3/20 20:07,“取关”不是冷漠，而是对内心的温柔。无论是明星还是普通人，真正的强大，是敢于给生活按下删除键。希望每个女孩都能像赵露思一样，勇敢断舍离，活出清爽人生[强壮],0
2025/3/20 20:07,人家复出活动的第一件事是成立千万级心理健康关爱基金，赵露思真的是很好的一个女孩啊！ 很努力也很善良的女孩，请善待她。,0
2025/3/20 20:07,真会蹭,1
2025/3/20 20:08,能跟大家讲讲喜塔腊容音吗 想知道[猪头],1
2025/3/20 20:08,心疼死了莫名其妙被黑现在又被拉过来买热搜[捂脸][捂脸][捂脸]我真的无语,1
2025/3/20 20:08,端午怎么了 赶紧好起来,0
2025/3/20 20:08,我也取关了好多营销号，yxh嘛，春秋笔法咯噔文学质量差，客观公正才是安身立命之本，对吗？[调皮],0
2025/3/20 20:08,其实这是我[憨笑],0
2025/3/20 20:09,能跟大家讲讲喜塔腊容音吗 想知道[猪头],1
2025/3/20 20:09,目前唯一关注是抖音小助手,0
2025/3/20 20:09,这热搜再牵强一点呢[我想静静][我想静静][我想静静][我想静静][我想静静],0
2025/3/20 20:09,实在没关注的了是吧[微笑],0
2025/3/20 20:09,这故事学会了不要听别人的意见[玫瑰]过好自己原本的路子,0
2025/3/20 20:09,理解一下鲁斯姐姐吧,0
2025/3/20 20:10,作为一个混娱乐圈的女孩子一个个取关，作为一个女孩子来说第一反应不是怎么了么？评论区怎么这样？,0
2025/3/20 20:10,她收工以后发出来的都很漂亮，一上活动就不像她本人的感觉[偷笑][偷笑][偷笑],0
2025/3/20 20:10,生病之前就取关了，当时不上热搜，现在几个月了才上，猜猜谁给她买的黑热搜，网暴素人不上新闻，这倒是爆上热点了，好难猜啊，那我们带一下#喜塔腊容音# 吧,1
2025/3/20 20:10,我觉得赵露思挺好的呀，不知道为什么那么多人黑她。纯路人[灵机一动],0
2025/3/20 20:11,不是 空降热搜 替谁挡枪我不说[黑脸],1
2025/3/20 20:11,？[疑问][疑问][疑问][疑问][疑问],0
2025/3/20 20:11,露思真的是幼稚鬼，还在玩取关不取关的小心思，真的是小女孩,1
2025/3/20 20:11,韩安冉那是之前抖音被取关多久前的事了[震惊],0
2025/3/20 20:11,这事有什么值得关注的[冷漠]取关怎么了吗？各大yxh放过zls吧[愉快][愉快][愉快],1
2025/3/20 20:11,这都能上新闻，又拿她挡枪吧[捂脸]（纯路人,1
2025/3/20 20:11,这有啥嘛 [泪奔][泪奔],0
2025/3/20 20:11,喜塔腊容音大家去搜搜[黑脸],1
2025/3/20 20:11,感觉拍起来怪怪的，旁边那个花的颜色都不一样,0
2025/3/20 20:11,云之羽和偷偷藏不住是认真的么？,0
2025/3/20 20:12,搜喜塔腊容音,0
2025/3/20 20:12,@Qqqqq,0
2025/3/20 20:12,#喜塔腊容音# 为什么不关注这位素人？发这个意义何在,1
2025/3/20 20:12,吃相难看不要脸,1
2025/3/20 20:13,是真的，把我取关了,1
2025/3/20 20:13,这场妆造露思好美[舔屏][舔屏][舔屏],0
2025/3/20 20:13,这不就是回旋镖吗？,0
2025/3/20 20:13,抑郁症又抢夺大脑使用权了,1
2025/3/20 20:14,请大家多多关注百度高管，西安地铁，湘雅医院， 喜塔腊容音,0
2025/3/20 20:14,前排,0
2025/3/20 20:14,管人家取不取关干嘛[尬笑]太闲了吗,1
2025/3/20 20:14,现在营销号集体复活了？前几天??粉网暴素人怎么都很亖了一样？,1
2025/3/20 20:14,账号在公司手里你们在这干啥呢,1
2025/3/20 20:15,完了,0
2025/3/20 20:15,哇塞 空降热搜啊[憨笑]这热搜怎么来的呢？好难猜啊[憨笑]你说对吧??,0
2025/3/20 20:15,很漂亮[玫瑰],0
2025/3/20 20:16,这也能热搜[捂脸],0
2025/3/20 20:16,该退圈修养了，娱乐圈要命,1
2025/3/20 20:16,谁买的热搜好难猜啊,0
2025/3/20 20:16,就某些人真的招笑啊，人家女明星，怎么你了？[憨笑][憨笑][憨笑][憨笑],1
2025/3/20 20:16,这是要退圈了？,0
2025/3/20 20:17,取个关 也能这么激动[看],0
2025/3/20 20:17,取关伤害了0个人，是谁在替别人打抱不平啊，谁啊好难猜啊,1
2025/3/20 20:17,实惨我家露，天天被人家拿出来顶，是谁又买热搜了呢~~真的好难猜啊~~,1
2025/3/20 20:17,@讨伐,1
2025/3/20 20:17,是不是淡妆更好看,0
2025/3/20 20:17,明星也很多烦恼，作为粉丝永远支持偶像。,0
2025/3/20 20:17,这么累，好好养身体退圈吧，好好生活。什么也没身体重要啊??,0
2025/3/20 20:17,手握四大【爆款】角色?? 海内外【泛人气女帝】?? 实绩与星光兼具?当之无愧95【顶流top花】,0
2025/3/20 20:18,所以呢？做个什么都要被放大？放过她吧[耶],0
2025/3/20 20:18,我粉丝支持赵露思,0
2025/3/20 20:18,又把我们露丝当枪使，替谁挡着热搜我就不多说了，懂得都懂,1
2025/3/20 20:18,这是啥时候的啊，怎么不像她,1
2025/3/20 20:18,新杂志美美嘟 销量杠杠的,0
2025/3/20 20:19,赵露思真的好美，,0
2025/3/20 20:19,因为露丝在闹解约！！！ 之前韬也是,0
2025/3/20 20:20,太瘦了，,1
2025/3/20 20:20,赵露思取关不过是正常操作，却被恶意揣测，还总被营销号带节奏送上热搜挨骂。那账号说不定公司在管，她能有什么错？大家千万别被营销号误导，保持理智，多给她一些支持与善意吧！,0
2025/3/20 20:20,你是谁，她妈妈吗，这么会认,1
2025/3/20 20:21,娱乐圈现在开始宫廷内斗了，5年前的事有人拿出来炒，然后对家精准反击？？两家死对头铁板钉定了,1
2025/3/20 20:21,闲的没事干你管呢,1
2025/3/20 20:22,说句难听点的 就算她取关不对 该上热搜也应该是前几个月而不是这个节骨眼[憨笑],1
2025/3/20 20:22,又是在给谁挡刀呢 好难猜呀[憨笑][OK],1
2025/3/20 20:22,最近没话题了，随便搞点热度,0
2025/3/20 20:23,我看鱼书新那个网曝别人的怎么不上热搜 关注的人也很多啊 这取关人咋啦 自己微博还不能取关了[鼓掌],1
2025/3/20 20:23,求求删作品吧，过度锐化，你要她枯萎你们才放过她嘛,1
2025/3/20 20:23,取个关又你们推上热搜了[愉快] 又是谁的挡箭牌,1
2025/3/20 20:23,逼事真多一天天的，节目搞这么多。 尬不尬@未来日记?,1
2025/3/20 20:23,不像了,0
2025/3/20 20:23,又如何,0
2025/3/20 20:23,我们刻录李就这样,1
2025/3/20 20:24,某??：黑水下给所有人，红稿只给我自己,1
2025/3/20 20:24,取关都能火[泪奔]哈哈哈哈,0
2025/3/20 20:24,我更好奇的是这12个关注是谁？[捂脸],0
2025/3/20 20:24,最喜欢rose不接受任何人的反驳！,1
2025/3/20 20:24,断舍离挺好的呀[比心][比心][比心],0
2025/3/20 20:24,生图很美呀,0
2025/3/20 20:24,宝宝好惨，在娱乐圈混不下去，就退圈吧，我们粉丝都会支持你的，以后都不要出现在热搜上了，特别担心你,1
2025/3/20 20:24,我很喜欢她，我们川渝妹儿其实就想简单的快乐,0
2025/3/20 20:24,有没有种可能赵露思的号在公司手上呢,0
2025/3/20 20:24,有可能取关也是公司取的呢,0
2025/3/20 20:24,@半只兔子tt：也不能用人朝前，不用人朝后吧,0
2025/3/20 20:25,不要说她了，也不要参加任何一次女性围剿，每个都是很好的人，每位女性都要平平安安,0
2025/3/20 20:25,这很明显的压素人被网暴的热搜,1
2025/3/20 20:25,又有新话题了[舔屏][舔屏][舔屏],0
2025/3/20 20:25,矫揉造作,1
2025/3/20 20:25,@20块钱的板栗?? @y掐住一只呆橘 @茶宝和牛牛暴走日常(三巡收官登船版) @10块钱的红薯?? @兔与喵（登船版）,0
2025/3/20 20:25,胖了点好看很多,0
2025/3/20 20:25,@或许^,0
2025/3/20 20:25,这是今天吗,0
2025/3/20 20:26,一点屁事要霸占网络信息,1
2025/3/20 20:26,工作室的操作吧，把热度刷上去然后复出！,1
2025/3/20 20:26,赵露思取关不过是正常操作，却被恶意揣测，还总被营销号带节奏送上热搜挨骂。那账号说不定公司在管，她能有什么错？大家千万别被营销号误导，保持理智，多给她一些支持与善意吧！,0
2025/3/20 20:26,又是生病又是取关，啥时候放个屁上热搜,1
2025/3/20 20:26,一天天就只会占用公共资源，早点退圈吧！,1
2025/3/20 20:26,"宝宝们可以看原视频
作者的视频进行了一定的改变[抱抱你]",0
2025/3/20 20:26,做妖大法师开始做法了[酷拽],1
2025/3/20 20:26,为啥评论区都是书欣的粉丝，这两家吵架了？,0
2025/3/20 20:27,单飞了,0
2025/3/20 20:27,感觉和以前不太像了,0
2025/3/20 20:27,等我去关注一下,0
2025/3/20 20:27,??粉和某明星真的够了[憨笑]到底想怎？本就是事实 你再怎么压也改变不了 真是逮着我们露思薅,1
2025/3/20 20:27,关注她的明星  怎么样,0
2025/3/20 20:27,搁那骗粉丝呗,1
2025/3/20 20:27,这是最近没有热度了吧，随便找了个吧,1
2025/3/20 20:27,虞书欣粉丝啥时候给人家素人道歉啊，有后台就是好，话题破3万了硬是上不了热搜#喜塔腊容音#,1
2025/3/20 20:28,我一个同事她抑郁症也是疯狂删人，把我们删了，然后事后好一点又一个个加回来,0
2025/3/20 20:28,恋人什么时候复工,0
2025/3/20 20:28,露思本来的抖音就是一个关注，然后生病那阵取关了，现在又关注了，不知道是谁,0
2025/3/20 20:28,露思[爱心][爱心][爱心],0
2025/3/20 20:28,一生都在做阅读理解，害[尬笑][尬笑][尬笑][尬笑],0
2025/3/20 20:28,这么大的事直接告到联合国好嘛，吓我一激灵[憨笑],0
2025/3/20 20:28,要不了解了解#喜塔腊容音#事件呢,0
2025/3/20 20:29,莫名其妙被按了热搜[发呆]有组织的被骂[绝望的凝视],1
2025/3/20 20:29,作什么啊天天上热搜烦不烦,1
2025/3/20 20:29,美我一跳[蜜蜂狗],1
2025/3/20 20:29,我产后抑郁后把qq所有人拉黑了[憨笑][捂脸],0
2025/3/20 20:29,这都能上热搜 那件事怎么不上啊,1
2025/3/20 20:29,你不火了，只有20个点赞[发呆][宕机],1
2025/3/20 20:29,为什么不发 喜塔腊容音 的事呀 [求抱抱][求抱抱],0
2025/3/20 20:29,[困][困],0
2025/3/20 20:29,喜塔腊容音,0
2025/3/20 20:29,黑红也是红，到时候又全部关注回来，说是怕因为自己生病影响到别人，又获得一波好感?有点不太理解,1
2025/3/20 20:30,一生在做阅读理解的中国人[黑脸],1
2025/3/20 20:30,就算他们有些人帮赵露思宣传新剧，有人是真心的吗？不也能蹭赵露思的热度？都是做做表面功夫罢了。心里都清楚，都是表面做做样子，何必这样说赵露思呢，她也只是想做自己，想爱自己罢了,1
2025/3/20 20:30,人家爱取关谁取关谁看不惯你也取关呗,1
2025/3/20 20:31,那咋了，自己的社交账号，想干嘛干嘛,1
2025/3/20 20:31,我如果这样做 把本来互关的朋友取消掉 像骗粉一样[泪奔],0
2025/3/20 20:32,哎呀,0
2025/3/20 20:32,好难猜啊是谁买的[憨笑],0
2025/3/20 20:32,[抠鼻]还剩一个呢,0
2025/3/20 20:32,[尬笑][尬笑][尬笑][尬笑]这有啥，路人缘更差了,1
2025/3/20 20:32,@爷小佛??,0
2025/3/20 20:32,一开始本来就是炒流量的，取关就取关这么大惊小怪干什么,1
2025/3/20 20:33,真好笑莫名其妙的热搜 乌合之众[尬笑]我露又得罪谁了,1
2025/3/20 20:33,早就取关了，现在上热搜，懂的都懂,0
2025/3/20 20:33,好像假发,1
2025/3/20 20:33,明星无非就是取个关就能上热搜，真的也就只是有些名气了，英雄死伤无人问，细子落泪众人知[捂脸],1
2025/3/20 20:33,这是害怕关注的人突然塌方了啊[尬笑]干脆全部取关,1
2025/3/20 20:33,这件事怎么连个屁都不敢放？[你不大行],1
2025/3/20 20:33,她是真有病啊，成年黑化版[赞],1
2025/3/20 20:33,老婆们视频点点[666][666][666],1
2025/3/20 20:33,好奇剩下是谁,0
2025/3/20 20:33,现在清理自己账号都要上热搜啦[恐惧]可是露思一月份就开始清了咋没上，是要压某人转发素人微博导致网曝的事吗[恐惧],1
2025/3/20 20:33,取关都能上热搜 某件wb事件怎么不上热搜啊[憨笑]谁买来转移注意力的好难猜啊[憨笑],1
2025/3/20 20:33,只有一个了,0
2025/3/20 20:33,赵露思每次都要拿出来挡枪？[憨笑][左上],1
2025/3/20 20:33,这不是很早以前的事情了吗[猪头]现在拿出来说要干嘛啊[猪头],1
2025/3/20 20:33,莫名其妙的热搜[憨笑][666]这是什么很有重大意义的事吗[捂脸],1
2025/3/20 20:33,大家还是多关注一下被虞书欣网曝的素人吧,1
2025/3/20 20:33,少蹭rd,1
2025/3/20 20:33,热搜是给谁挡枪啊,1
2025/3/20 20:34,这是卡秃噜皮吗[发呆],0
2025/3/20 20:34,浓妆不适合她  化妆师泰国来的？,1
2025/3/20 20:34,有点黑化的样子呢,0
2025/3/20 20:34,还没完全清空，正在陆续双取，不是单取[抱抱你],0
2025/3/20 20:34,国家清朗行动 我替素人发声,0
2025/3/20 20:34,看多了虚伪，会这样，我也是,0
2025/3/20 20:35,这明显就是瘦的了。 有那些人 你可以不喜欢   但请你不要去诋毁。,0
2025/3/20 20:35,这不是前几个月就取关了现在又说干嘛[憨笑],0
2025/3/20 20:35,一月份的事情，三月份爆出来?为什么啊，好难猜噢[流泪],0
2025/3/20 20:35,还没完全清空，正在陆续双取，不是单取[抱抱你],0
2025/3/20 20:35,@虞书欣Esther. 姐姐，你知不知道为什么啊?,0
2025/3/20 20:35,号都在公司手上 你们这些营销号让我无话可说[捂脸],1
2025/3/20 20:36,这不是很早以前的事情了吗[猪头]现在拿出来说要干嘛啊[猪头],1
2025/3/20 20:36,怎么了？取关又不是取证，又不是像虞书x爸妈放高利d，违法吗？,1
2025/3/20 20:36,灯光问题吧，我觉得生图完全很美啊,0
2025/3/20 20:36,不就是取关了吗？这个问题很严重吗？不懂,0
2025/3/20 20:36,爽子后续有人了,0
2025/3/20 20:37,她是不是变样子了？没任何意思，我就是感觉和我看她的电视剧脸不一样了,1
2025/3/20 20:37,为什么这么执着自己化妆啊，明明别的妆造都很好看[黑脸],1
2025/3/20 20:37,现在互联网大家都玩明白了，,0
2025/3/20 20:37,自己的号想取就取呗，又没有放高利贷高速倒车[憨笑] 想听你说 #喜塔腊容音#,0
2025/3/20 20:37,很明显锐化哈，路人别被误导了[尬笑],0
2025/3/20 20:37,今天又是赵露思站岗啊，??又花钱啦,1
2025/3/20 20:37,这是她最近的活动吗,0
2025/3/20 20:37,生病了没来关心她吧，让她看清了很多人,0
2025/3/20 20:37,没新闻报道了吗,0
2025/3/20 20:37,怎么不把取消掉粉丝关注，净装,1
2025/3/20 20:38,这不是很早以前的事情了吗[猪头]现在拿出来说要干嘛啊[猪头],1
2025/3/20 20:38,剩11个了,0
2025/3/20 20:38,无论怎样都希望她好起来，健健康康平平安安,0
2025/3/20 20:38,赵露思一有活动营销号全活过来了[感谢],0
2025/3/20 20:39,唯一的关注,0
2025/3/20 20:39,随便你,1
2025/3/20 20:39,这不是很早以前的事情了吗[猪头]现在拿出来说要干嘛啊[猪头],1
2025/3/20 20:39,取个关都能上热搜[偷笑],0
2025/3/20 20:39,你是懂流量的,0
2025/3/20 20:39,不懂少在这蹭rd说话咋怎么难听呢,1
2025/3/20 20:39,这是疯疯癫癫,1
2025/3/20 20:39,好神经啊，整容把脑子整傻了,1
2025/3/20 20:40,韩安冉买黑热搜，被low丝利用完剧宣就拉黑气死了[比心][比心],1
2025/3/20 20:40,这也上热搜？[黑脸],1
2025/3/20 20:40,跟以前不一样了，还是以前好看呀,0
2025/3/20 20:41,前几天yxh集体沉默和今天赵露思取关形成鲜明对比[泪奔]谁有800yxh一目了然哈[好开心],1
2025/3/20 20:41,自己的号想取就取呗，又没有放高利贷高速倒车[憨笑] 想听你说 #喜塔腊容音#,0
2025/3/20 20:41,她怎么奇奇怪怪的,1
2025/3/20 20:41,能不能讲讲喜塔腊容音是什么呀 蹲个后续 [可怜][可怜][可怜][可怜],0
2025/3/20 20:41,大家[玫瑰]是压热搜的[捂脸][捂脸][捂脸],0
2025/3/20 20:41,这有啥！我还一个都不关注呢[看],0
2025/3/20 20:41,看不懂，我先睡觉了[泪奔],0
2025/3/20 20:42,支持 露思宝宝,0
2025/3/20 20:42,她不是生病了么,0
2025/3/20 20:42,你手机还是相机像素这么差[困],1
2025/3/20 20:42,神经病,1
2025/3/20 20:42,取关难道也要被骂？[泣不成声],0
2025/3/20 20:42,别关心这种小事好吗咸吃萝卜淡操心我露做公益一句不提 我露战绩一句不提为啥呢不敢说,1
2025/3/20 20:42,请不要说了露思的微博账号一直在公司手上,1
2025/3/20 20:43,太瘦了,0
2025/3/20 20:43,很正常吧 娱乐圈是没有正常的朋友的 永远利益关系排在第一,1
2025/3/20 20:43,@小菲不是小飞是啥勒,0
2025/3/20 20:43,取关取关呗，这有啥意义呀[愉快],0
2025/3/20 20:43,呵呵，别人的一动一静都要审视别人吗？你算什么东西？,1
2025/3/20 20:43,上桌了[赞],0
2025/3/20 20:43,人真正经历过大起大落，才能看清身边的人谁是人，谁不是人,0
2025/3/20 20:43,没有删微信啊，不要乱造谣啊，她是所有平台的都把关注清空了，因为要和公司解约,0
2025/3/20 20:44,病了就退下吧,1
2025/3/20 20:44,有病，人家取关是人家的自由，这也出来说说,1
2025/3/20 20:44,正常[憨笑]男的装emo高冷都会这样，女的还会剪头发什么的[憨笑],0
2025/3/20 20:44,活起来了，可以说说喜塔腊容音了吗？[愉快],0
2025/3/20 20:44,谁买的好难猜啊[玫瑰],0
2025/3/20 20:44,自己的号想取就取呗，又没有放高利贷高速倒车[憨笑] 想听你说 #喜塔腊容音#,0
2025/3/20 20:44,废了,1
2025/3/20 20:44,呵呵，别人的一动一静都要审视别人吗？你算什么东西？,1
2025/3/20 20:44,你头像是谁呀好难猜啊[可怜][可怜][可怜],0
2025/3/20 20:44,这么久之前的视频现在锐化了发出来意义不明哈，不过锐化这么严重还这么美[可怜],0
2025/3/20 20:44,我请问难道微博是明星的朋友圈吗？账号取关个人自由哈并且全平台都清了没必要过分解读。。。。,0
2025/3/20 20:45,赵露思的电视剧前面基本都看过了，就喜欢她这个调调，好好演戏，喜欢你的人很多。,0
2025/3/20 20:45,为了压热搜吧[捂脸],0
2025/3/20 20:45,不错的哈哈,0
2025/3/20 20:45,露思的微博在公司手上哈,1
2025/3/20 20:46,"哇塞，哇塞，居然是一个明星取关,我丢这么劲爆的消息啊，啊，啊啊啊！是谁呀？到底取关了谁呀？明星这么大的人物会关注谁？还有会取关谁呀？啊啊啊[咒骂][咒骂][咒骂]",1
2025/3/20 20:46,她复出了？不是生病了吗？,0
2025/3/20 20:46,@卷馨菜,0
2025/3/20 20:46,我倒要看看这个回旋镖到底要扎在谁的身上,1
2025/3/20 20:46,这都能胡扯一起 哈哈哈 [捂脸],0
2025/3/20 20:46,能不能封杀呀，这点屁事还发出来说,1
2025/3/20 20:46,多给明星一点私人空间事情都过去了就不要再说,0
2025/3/20 20:46,这都能上热搜啊[憨笑][憨笑]谁买的我不说[憨笑][憨笑],0
2025/3/20 20:47,就凭她帮助小谢，为她发声，她干什么我都不黑她,0
2025/3/20 20:47,路人都看不下去了[赞]放过赵露思吧,1
2025/3/20 20:47,她取关别人，大姐，搞明白了再发视频吧,1
2025/3/20 20:47,别老把露思拿出来挡枪啊我嘞个豆[捂脸],1
2025/3/20 20:47,我挺喜欢赵露思的，曾经是她的cp粉，后来变成剧粉。现在感觉喜欢她太累了，不光网上的舆论累，她本人也挺能消耗的。我以后只看她的剧，好看就继续，不好看就断。不想知道她私人的事了，没几件让人愉悦的。,0
2025/3/20 20:47,@真不想背书 @Killer,1
2025/3/20 20:47,人家几个平台都清理了，可能生病了一场，看清了很多事情。,0
2025/3/20 20:47,能活就活不能活去d吧,1
2025/3/20 20:47,微博关注又能代表什么？,1
2025/3/20 20:47,@l我少吃一点 取关这么多 过分了吧,1
2025/3/20 20:48,最近的哦[玫瑰][色][色],1
2025/3/20 20:48,取关也能上热搜，内娱真没活了,0
2025/3/20 20:48,真的好美[舔屏],0
2025/3/20 20:48,她这只是为了新剧做宣传吧？现在娱乐圈要关注的人太多了，她可能只是一时的取消吧？,0
2025/3/20 20:49,我也是，不停的删人，拒绝朋友跟我联系，电话也不接，二十多年了,0
2025/3/20 20:49,说实话 露思好美,0
2025/3/20 20:49,有没有人科普一下赵露思是谁呀？干什么的,0
2025/3/20 20:49,我有段时间也是删除了很多人…,0
2025/3/20 20:49,锐化成这样还是美[憨笑],0
2025/3/20 20:49,赵露思的账号是公司操控的,1
2025/3/20 20:49,微博真的好恨赵露思,1
2025/3/20 20:50,这视频都这样了还不丑 脸是好看的 别的不了解不评价,0
2025/3/20 20:50,一个了[捂脸],0
2025/3/20 20:50,她鼻子怎么了,1
2025/3/20 20:50,屁大点事都成热搜了，今年这是咋地了，这个明星的新闻也太多了,1
2025/3/20 20:50,我也删没了[晕],0
2025/3/20 20:51,这场真的像洋娃娃[流泪][流泪][流泪],0
2025/3/20 20:51,？这都能上热搜[憨笑],0
2025/3/20 20:51,少来转移视线 指路喜塔腊容音,1
2025/3/20 20:51,她这是？[抠鼻],1
2025/3/20 20:51,你们都这么仔细吗,0
2025/3/20 20:51,王自健说过，抑郁的时候喜欢删除好友,0
2025/3/20 20:51,跟之前都不是一个样了 可惜了,0
2025/3/20 20:51,还在关注我,0
2025/3/20 20:51,1月份就取关了的啊,0
2025/3/20 20:51,这个赵露思是谁呀？,0
2025/3/20 20:51,我觉得她还是原相机好看,0
2025/3/20 20:51,她和韩安冉有一拼,1
2025/3/20 20:52,喜塔腊容音,0
2025/3/20 20:52,她取关不是生病的时候抖音就取关了吗？现在在把其他平台的取关了也还好啊，好奇这个热搜怎么来的啊？,0
2025/3/20 20:52,真的路人 她就是很美啊,0
2025/3/20 20:52,可能经历了最近的风波，看清了很多事情，看清了周围很多人吧，继续加油,0
2025/3/20 20:52,哥们别让找她出来挡热搜了，我想知道喜塔腊容音事件谢谢[玫瑰],1
2025/3/20 20:52,真服了 多久以前的事啊 早就取关了 起码一两个月了吧 现在才来热搜 到底是什么啊,1
2025/3/20 20:52,好大碗啊 把所有人都取关了 怎么不双向移除呢,1
2025/3/20 20:52,之前看过她剧，鼻子不这样啊,1
2025/3/20 20:52,人红前必走的过程，每个明星都是[泪奔],0
2025/3/20 20:52,太瘦了,0
2025/3/20 20:52,赵露思又买热搜了[捂脸],1
2025/3/20 20:52,事b,1
2025/3/20 20:52,我取关怎么没人管[泣不成声],0
2025/3/20 20:52,娱乐圈竞争压力太大，为了身心健康，她应该选择别的吧,0
2025/3/20 20:52,团队真强啊，什么时候取关的时候这时候爆出来挡什么热搜啊,1
2025/3/20 20:53,赵露思是会营销的，又买热搜了[捂脸],1
2025/3/20 20:53,一场大变故看清了许多人心呗,0
2025/3/20 20:53,确实对于合作方来说有些不礼貌,0
2025/3/20 20:53,我操真是啥破事都要报道一下拉黑都拉黑不完，取关几个人都得说一下,1
2025/3/20 20:53,不是粉丝，但感同身受。有一段时间我焦虑过度，还不是抑郁。那几个月我真的到现在都不想回想，那真的是看破人生了，什么微信好友，QQ好友，除了身边最亲近的人和朋友，所有人都被我删了，现在我也不后悔，因为已经形成一个观点：八百年不聊一句的人加着干啥？哪怕是我当时还没有毕业的大学同学，我也删了，因为平常也不聊天，估计毕业之后更不会见面，直接删！看不顺眼但是有关系的也是直接删！什么狗屁交情，这个世界上真正能关心你的，除了你家人，只有自己！有时候其实连家人都不能感同身受！想明白之后，感觉整个人生都轻松了。,0
2025/3/20 20:53,所以怎么了呢？她取关谁还影响到这些在评论区跳脚的人了 蛮好笑的,1
2025/3/20 20:54,原来是取关啊 我以为取证呢  这也能上热搜 把大家当傻瓜嘛[愉快][愉快],0
2025/3/20 20:54,挺努力的女孩子，就是一直被人黑的[看],0
2025/3/20 20:54,之前我是路人粉一直帮她说话来着，后来营销过度我就转路人了，现在真的转黑子了，之前我阿薛@薛之谦 帮你宣传珠帘玉幕，跟你也是那么多年的好朋友，也是你的前辈，说取关就取关了，你有心吗@赵露思的微博,1
2025/3/20 20:55,最近没热度又出来了[黑脸],1
2025/3/20 20:55,又拉出来挡热搜？？？无敌了,1
2025/3/20 20:55,太妹,1
2025/3/20 20:55,反正觉得她现在好像不开心,0
2025/3/20 20:55,为什么要对别人的社交账号占有欲这么强啊？,0
2025/3/20 20:55,所以前几天营销号是冬眠了 一下午又全部活了？好奇怪呀[小鼓掌][小鼓掌][小鼓掌],0
2025/3/20 20:55,这是 [发呆],0
2025/3/20 20:56,是不是别人给他买的啊……取个关都懒得点进去看。结果一直刷到,1
2025/3/20 20:56,原来是取关啊 我以为取证呢  这也能上热搜 把大家当傻瓜嘛[愉快][愉快] 好大的事啊 告到联合国得了[舔屏],1
2025/3/20 20:56,死亡顶光灯,1
2025/3/20 20:57,[黑脸][黑脸]他天天800个热搜， ins 点赞破百万了，还要一个热搜（就这个热搜，我都见过两次了）,1
2025/3/20 20:57,加油，熬过去了以后就是赵丽颖，赵丽颖以前也是这么走过来的[灵机一动],0
2025/3/20 20:57,只有善良的人才会抑郁症，抑郁症的人聪明又活的通透，一眼可以看到事物的本质，接受不了肮脏才会抑郁，因为世界和自己的内心不符，这女孩子千万不要抑郁，抑郁根本就治不好，因为病的本来是这个世界，吃药的却是抑郁症，所以怎么能治的好[叹气],0
2025/3/20 20:57,这也能上热搜吗？,1
2025/3/20 20:57,完成我的任务罢了[捂脸],0
2025/3/20 20:57,这都能上热搜，是又有哪位要挡枪的,1
2025/3/20 20:57,她已经康复了？,0
2025/3/20 20:57,原来是取关啊 我以为取证呢  这也能上热搜 把大家当傻瓜嘛[愉快][愉快] 好大的事啊 告到联合国得了[舔屏]吓我一激灵～,1
2025/3/20 20:57,是谁网暴素人不出来 拿别人当枪使[尬笑][尬笑][尬笑],1
2025/3/20 20:58,能跟大家讲讲喜塔腊容音吗 想知道[猪头],1
2025/3/20 20:58,[愉快],0
2025/3/20 20:58,联合国知道这事儿吗？好无聊。取个关还要被被分析。太红了真让人烦恼[泪奔],1
2025/3/20 20:58,取关的事都是过年的事了，现在拿出来是想干什么好明显啊[憨笑]营销号人人喊打哈[憨笑],1
2025/3/20 20:58,又变了,0
2025/3/20 20:58,猜你想看#赵露思粉丝多次开盒素人#,0
2025/3/20 20:59,这个视频拍出来好奇怪呀,0
2025/3/20 20:59,好好拍戏吧,0
2025/3/20 20:59,这个视频为什么看着糊糊的？,0
2025/3/20 20:59,干什么呢 要退圈了吗??,0
2025/3/20 21:00,人家抖音四千多万粉丝呢,0
2025/3/20 21:00,真的好无语，这个也要被拿来解读。放个屁也要被审判一下吗[泪奔],1
2025/3/20 21:00,@傲娇芒果 @鱼块,0
2025/3/20 21:00,应该是要与公司解约了,0
2025/3/20 21:00,虽然但是博主既然说zls每次活动必有黑热搜那发这个视屏是什么意思不是自相矛盾吗？？,1
2025/3/20 21:00,????！！！！,1
2025/3/20 21:00,完全变样了,0
2025/3/20 21:00,支持她，她想干嘛就干嘛[抱抱你]她开心就好,0
2025/3/20 21:00,#喜塔腊容音#,0
2025/3/20 21:01,平平安安健健康康,0
2025/3/20 21:01,营销号复活了[看],0
2025/3/20 21:01,老露又被拉出来挡枪，她的热度是好用哈[九转大肠],1
2025/3/20 21:01,@l我少吃一点,0
2025/3/20 21:01,断舍离挺好的,0
2025/3/20 21:02,谁买的热搜？好难猜[流泪],0
2025/3/20 21:02,自然美才是真的美,0
2025/3/20 21:02,这也要管,1
2025/3/20 21:03,好美宝宝，是之前的哦！,0
2025/3/20 21:03,这女孩抑郁了，要去看病,0
2025/3/20 21:03,[抠鼻]那么漂亮一小姑娘，这视频把人拍丑了,1
2025/3/20 21:03,生图,0
2025/3/20 21:03,她怎么什么破事都能上热搜,1
2025/3/20 21:03,滚 吧,1
2025/3/20 21:03,什么意思啊，把关注她的粉丝清理了？,0
2025/3/20 21:03,我一直以为，关注的人，就是粉丝人数，粉丝高，需要怎样才能高,0
2025/3/20 21:03,这不是人家生病之后的事吗[黑脸]咋现在都在发,1
2025/3/20 21:03,美死了,0
2025/3/20 21:03,预约许我耀眼,0
2025/3/20 21:04,原来是取关啊 我以为取证呢  这也能上热搜 把大家当傻瓜嘛[愉快][愉快] 好大的事啊 告到联合国得了[舔屏]吓我一激灵～,1
2025/3/20 21:04,评论区好多都是做医美的呀[黑脸],1
2025/3/20 21:04,@Tsing @i_3,0
2025/3/20 21:04,不要围剿任何一个女性[玫瑰],0
2025/3/20 21:04,主播，我想知道喜塔腊容音的事[比心][比心]可以讲讲吗,0
2025/3/20 21:04,就这狗屁事情也能上热搜？,1
2025/3/20 21:05,你们营销号又活回来了？,1
2025/3/20 21:05,@你管我是哪个宝贝 服了@活着太饿了,1
2025/3/20 21:05,恶意的,1
2025/3/20 21:05,鼻子？,0
2025/3/20 21:05,好奇怪五官,1
2025/3/20 21:05,如果她像戚薇一样大大方方的就不会一直被黑了。都什么年代了。谁都不傻。微调很正常啊 删评控评就不对了吧,1
2025/3/20 21:05,明星取关，都可以上热搜[噢买尬],0
2025/3/20 21:05,最近这两天到底怎么了 一会ysx一会zls 有人能简单说说吗 很懵[捂脸],0
2025/3/20 21:05,谁懂这张脸一出来的救赎感[流泪][流泪]@不要闹了切拜,0
2025/3/20 21:05,妈呀ysx的粉丝跟疯??一样见个帖子咬个帖子 真不懂为什么要当蛀虫一直粘着我们 离开我们活不了了是吧 ,1
2025/3/20 21:05,别拐韩安冉了你但凡拐个好人呢,1
2025/3/20 21:06,之前的视频不早发，现在带上这个tag[憨笑],0
2025/3/20 21:06,喜塔腊容音 大家去搜搜[黑脸],1
2025/3/20 21:06,其实赵露思人真的很好[赞]我们有时候只看到了事情的表面却不知道她作为一个艺人有时也身不由己，很多事情是有人故意而为之的，特别是她的公司。记得曾经她是一个很爱笑很乐观的女孩子，出了那样的事情以后她的风评得到好转，也让我看到她坚硬的内核，我们不应该仅靠表面就去判断这个人怎么样？其实赵露思是一个很优秀的女孩子，演技也很棒[赞]也很漂亮，希望世界上少一点恶意。,0
2025/3/20 21:06,这不是赵露思吧,0
2025/3/20 21:06,这不挺好看,0
2025/3/20 21:06,脸又变小了！这孩子太可怜了,0
2025/3/20 21:06,妆造，角度问题而已啊，难道每次活动妆造都要一模一样才可以吗，真是搞不懂脑子里面装的什么[鄙视][鄙视][鄙视],1
2025/3/20 21:06,我还是很喜欢她的,0
2025/3/20 21:06,鼻子好奇怪,1
2025/3/20 21:06,我经常取关全部关注的人，有时候还把抖音小红书微博注销了，我有抑郁症吗？不，我没有,0
2025/3/20 21:06,光线原因啦 明明是漂亮的小女孩儿,0
2025/3/20 21:07,怎么说呢，人家清列表给你们有毛关系[捂脸],1
2025/3/20 21:07,又美又善良的宝宝[色],1
2025/3/20 21:07,加油[比心],0
2025/3/20 21:07,感觉我们露思一回到内娱 热搜就不断,0
2025/3/20 21:07,谁买的热搜啊？好难猜呀[捂脸],0
2025/3/20 21:07,博得眼球，浪费公众，自己梦自己圆,1
2025/3/20 21:07,我想问一下，这个人是干啥的，一天天的新闻，这个那个的，生病就去治病，拉黑还有推,1
2025/3/20 21:07,@不许喂我折耳根,0
2025/3/20 21:07,看来今天大转盘转到赵露思了，期待下一个呀！[耶],0
2025/3/20 21:07,??你在干嘛 买的什么热搜啊,1
2025/3/20 21:07,想知道真相吗？来这里看#喜塔腊容音# ,0
2025/3/20 21:08,@早早睡,0
2025/3/20 21:08,看明白了而已,0
2025/3/20 21:08,大家去看看 喜塔腊容音 [黑脸],1
2025/3/20 21:08,我还以为是什么事情呢，拜拜，大家，我要去睡觉了[耶],0
2025/3/20 21:08,自己的事自己做主,0
2025/3/20 21:08,看透世态炎凉，尤其是演艺界。,0
2025/3/20 21:08,某家还是回去做数剧吧，破万了吗粉丝都哭了,1
2025/3/20 21:09,这鼻子咋啦,1
2025/3/20 21:09,滚[比心],1
2025/3/20 21:09,谁买的热搜好难猜呀[抱抱你]喜塔腊容音 喜塔腊容音 喜塔腊容音 [玫瑰]关注网暴事件 还素人清白[飞吻],0
2025/3/20 21:09,这个女的情绪不稳定。,1
2025/3/20 21:09,给自己积点德吧！别整天营销号说啥就是啥[送心],1
2025/3/20 21:10,咱也不知道她做过那么多的公益没几个yxh宣传，就一股脑黑她的脸，今天还把她取关这个事拿出来给别人挡热搜，绝了绝了[吐血][吐血]出道多少年被黑多少年，我永远支持这个善良的小女孩,0
2025/3/20 21:10,@luuuu ?这是在干什么啊,0
2025/3/20 21:10,评论区指路??喜塔腊容音,0
2025/3/20 21:10,很像一个网红,0
2025/3/20 21:10,又开始了,1
2025/3/20 21:10,李连杰都说过，这是现实的社会，只看数据[捂脸]数据不好了，谁认识你[泪奔]就像王心凌数据飙升一下就逆袭[看],0
2025/3/20 21:10,之前对她一直无感 最近不知道怎么了  心疼她  希望赵露思越来越好  玛德  给我狠狠的好！！！,0
2025/3/20 21:10,好严重啊，幸好不是取证[尬笑],1
2025/3/20 21:10,人间清醒了呗,0
2025/3/20 21:10,啥意思？没看懂,0
2025/3/20 21:10,關不關注有啥問題嗎？自己的微博自己不能做主了？,0
2025/3/20 21:10,#赵露思粉丝多次开盒素人# ,1
2025/3/20 21:10,紫啧退圈吧赶紧,1
2025/3/20 21:11,都没有12个了 刚看了就5个了[笑哭],0
2025/3/20 21:11,见人就咬呢嘬嘬嘬[勾引][勾引]小洁洁们，不是谁是素人谁就可以反咬一口的哈，澄清是不看的，“素人”一会说自己几年前14一会几年前18的前言不搭后语也是不看的，嘴上说“被??粉污蔑职黑”结果被证实那个所谓的??粉是几年前就被爆出来的披皮也是不看的[勾引][勾引],1
2025/3/20 21:11,说他整的说明他变好看了，网络上的圣女摆脱这都25了还这么封建，现实生活中整容的一抓一大把，非得把人往死里整，人家抑郁症之后出席活动就是黑人家说人家太胖了人家瘦了又说太瘦了整容了，你们都是圣母，一张嘴叭叭叭张口就来,1
2025/3/20 21:11,大惊小怪,1
2025/3/20 21:11,抑郁都这样[尬笑],1
2025/3/20 21:12,"真正爱你的人会永远爱你的
我的宝宝",0
2025/3/20 21:12,第一感觉就是这女的这能作妖 必有高人指点 为了火而已,1
2025/3/20 21:12,[捂脸][捂脸][捂脸],0
2025/3/20 21:12,啥玩意都能上新闻[尬笑][尬笑][尬笑][尬笑],0
2025/3/20 21:12,视频都锐化成啥样了[捂脸],0
2025/3/20 21:12,明星社交平台取关也要上热搜吗[绝望的凝视]内娱完了[捂脸],1
2025/3/20 21:12,没有赵露思，yxh都要饿死了，第一次感受到她的流量有多大,0
2025/3/20 21:12,不懂，她赚的这些钱，不能承受这些吗？不能承受就不去呀！,1
2025/3/20 21:12,估计要退圈,0
2025/3/20 21:12,[捂脸]赵露思是不是因为昨晚睡觉而被取件了呀，不然怎么各大营销号都不冬眠了[黑脸],1
2025/3/20 21:12,怎么刚上热搜视频就做好了，提前准备着？,1
2025/3/20 21:12,?????之前陈芊芊和乐颜的时候真的很开朗明媚，现在人越来越精致，但感觉没了之前的灵动可爱，作为剧粉，希望她好好休息，不要急着出来拍戏，先把身体养好，状态调整好[流泪],0
2025/3/20 21:12,我都想注销微信了[看],0
2025/3/20 21:12,他们不离婚了？,0
2025/3/20 21:13,不挣这份钱不行吗？挣多少钱费多少心,1
2025/3/20 21:13,取消关注，不是1月份的事情吗？怎么三月份上热搜？,0
2025/3/20 21:13,我都无语了  取关了 一下  有什么好发的  看你真的是闲的慌,1
2025/3/20 21:13,取不去关。???嘛用！带给我什么,1
2025/3/20 21:13,关注的那一个 是不是沐言[偷笑],0
2025/3/20 21:13,事真多，这都要买热搜[抠鼻],0
2025/3/20 21:13,爱关注谁就关注谁，又不是我女朋友，不用向我汇报[不失礼貌的微笑],0
2025/3/20 21:13,改玩网了？？？,0
2025/3/20 21:13,现在就五个了,0
2025/3/20 21:14,只能说因为合作关注的很惨，帮她宣传的明星也很惨，既然你取关了为什么不把其他关注你的明星移出去,1
2025/3/20 21:14,影响我吃饭么,0
2025/3/20 21:14,可能是妆容不适合她吧,0
2025/3/20 21:14,应该是要退圈了,1
2025/3/20 21:14,扣扣秀？[发呆],0
2025/3/20 21:14,这是谁,0
2025/3/20 21:14,放过赵露思吧[尬笑][尬笑][尬笑],1
2025/3/20 21:14,不是生病那天就取关了吗？都过去几个月了,1
2025/3/20 21:14,已经剩下5个了,0
2025/3/20 21:14,要不是为了工作我也会删掉很多人,1
2025/3/20 21:15,谁买的热搜好难猜呀[抱抱你]喜塔腊容音 喜塔腊容音 喜塔腊容音 [玫瑰]关注网暴事件 还素人清白[飞吻],0
2025/3/20 21:15,又给谁挡刀呢[笑哭]指路??喜塔腊容音,0
2025/3/20 21:15,视频开了锐化 大家难道看不出来嘛[黑脸],0
2025/3/20 21:15,发现评论区全是人机[看],0
2025/3/20 21:15,一月份就取关了，为什么现在被拉出来呢[流泪]好难猜啊～可以搜索一下:喜塔腊容音,0
2025/3/20 21:15,应该是生了一场病看清了很多人吧,0
2025/3/20 21:16,只要微信好友有屏蔽我的人，这种人我立马删除,1
2025/3/20 21:16,心机女,1
2025/3/20 21:16,账号又不是她控制的，都在公司手上。取关不取关都是公司的事,0
2025/3/20 21:16,因为合作互相关注的明星们…,0
2025/3/20 21:16,取关啥了,0
2025/3/20 21:16,就她一天事多,1
2025/3/20 21:16,他怎么这么能作？,1
2025/3/20 21:16,赵露思真是太火??了  就这么一件事微博空降第一  ，[灵机一动][灵机一动][灵机一动]都这么关注露思啊[看][看][看][看],0
2025/3/20 21:16,妈呀她清列表都是好久之前的事儿了[泪奔]谁爆的，网友们难道真的那么闲在短时间内不断观看嘛[泪奔],0
2025/3/20 21:16,这不是之前的事了嘛,0
2025/3/20 21:16,人家取关谁关咱们什么事 连这都能上热搜…,0
2025/3/20 21:16,用完就踢,1
2025/3/20 21:17,愿露思好好的，小姑娘演的戏好看的[赞],0
2025/3/20 21:17,不是，现在取关都要回应了？,1
2025/3/20 21:17,第一眼还以为韩安冉呢[看][看][看],0
2025/3/20 21:17,普通人被黑社会打了都不一定有人知道，明星动动手指几万人凑热闹,1
2025/3/20 21:17,"啥挡枪，不就是想和公司解约整点幺蛾子吗？
生病是全能公式",1
2025/3/20 21:17,网暴素人的时候这些新闻死哪里去了，删一个好友这些新闻活过来了,1
2025/3/20 21:17,有病啊屁大点小事都能上热下@又熬夜了8 [微笑][尬笑],1
2025/3/20 21:17,一直不喜欢她,1
2025/3/20 21:17,微博这段时间热搜天天是她，真服了,1
2025/3/20 21:18,有什么事摊在桌面上说[尬笑],0
2025/3/20 21:18,喜塔腊容音事件营销号全体装死，现在出来了，围脖红薯都翻天了，抖愣是一点动静都没有，热搜都没上，真不愧是“大小姐”[绝望的凝视],1
2025/3/20 21:18,无语  她爱取消谁就取消谁  大家都很闲吗？[捂脸][捂脸],1
2025/3/20 21:18,她是不是想休息一段时间啊,0
2025/3/20 21:18,笑死我了这营销号，我关注三年了她一直都是1个关注,1
2025/3/20 21:18,唯一的关注猜猜是谁[暗中观察],0
2025/3/20 21:18,想方设法搞热度,1
2025/3/20 21:18,生了场病，所有的人都取关了连朋友圈都没有人了,0
2025/3/20 21:18,看清太多人的嘴脸,1
2025/3/20 21:18,压百度热搜吗[机智],0
2025/3/20 21:18,她爱关注谁关注谁跟你们有什么关系实在闲的没事干的话找点班上吧你们,1
2025/3/20 21:18,关你什么事？,1
2025/3/20 21:19,过分诶[呲牙],1
2025/3/20 21:19,闲的一天天的,1
2025/3/20 21:19,就是美美美美美,0
2025/3/20 21:19,啥屁事都往出来放[捂脸],1
2025/3/20 21:20,不是那些明星哪来的那么多人喜欢我一个都没关注过,1
2025/3/20 21:20,支持，好好生活好好爱自己[玫瑰],0
2025/3/20 21:20,大明星小小的一举一动 每个人都随波逐流的注视着,0
2025/3/20 21:20,是为了压另一个热搜,1
2025/3/20 21:20,符合我对她的印象,0
2025/3/20 21:20,深井冰,1
2025/3/20 21:20,好没礼貌的行为…,1
2025/3/20 21:21,赵露思是真的好欺负啊[捂脸][感谢]看得出来，她是真的善良,0
2025/3/20 21:21,身体状况如何[发呆]，愿平安[感谢][感谢][感谢],0
2025/3/20 21:21,这种小事怎么也发出来,1
2025/3/20 21:21,以后不要占用公共空间了，烦死了,1
2025/3/20 21:21,喜塔腊容音是什么呀 不知道 谁能讲讲,0
2025/3/20 21:21,去了斑[比心][比心]，第一眼看[眼含热泪]我几岁？,0
2025/3/20 21:21,怎么隐藏关注啊？,0
2025/3/20 21:21,@MI玖九,0
2025/3/20 21:21,让让人家吧，毕竟有的人至今优酷没破万，有的人已经四登世趋了,1
2025/3/20 21:22,不跟风。,0
2025/3/20 21:22,10年公益无人知，自己化个妆清个列表直接上热搜了，6666666666[鼓掌],1
2025/3/20 21:22,搞不懂,0
2025/3/20 21:22,真的是啥事都能上热搜[捂脸],0
2025/3/20 21:22,非粉都心疼[泣不成声],0
2025/3/20 21:22,zls真的养活了很多营销号,1
2025/3/20 21:22,这也能上热搜[尬笑],0
2025/3/20 21:22,和我有关系吗[捂脸]，你应该全删了,1
2025/3/20 21:22,@失眠AD钙,0
2025/3/20 21:23,指路：喜塔腊容音，不用谢,0
2025/3/20 21:23,笑死,0
2025/3/20 21:23,都多久了怎么就突然就热搜了好难猜啊[笑哭][笑哭],0
2025/3/20 21:23,哦    我睡觉了,0
2025/3/20 21:23,她帮小谢了的，她只要不犯法我都站她,0
2025/3/20 21:23,不是，我靠，赵露思做什么了？[捂脸]我真的很不明白，从一开始的星光大赏就因为冷捂了一下腿，总比某些人舔手指还在摸牌好，我真的很不明白，干嘛要老是拉她下水？她是做了什么十恶不赦的事情吗？ 还是她欠人钱了？杀人了？她一直都在做自己呀，一直都在很努力的工作,1
2025/3/20 21:23,@MI玖九 有点迷啊 这个操作,0
2025/3/20 21:24,心态不稳的人走不长,1
2025/3/20 21:24,我记得她不是在爆出生病后就取关了吗？难道我记错了？,0
2025/3/20 21:24,病的不轻 退圈吧,1
2025/3/20 21:24,没了,0
2025/3/20 21:24,二楼破防啦？评论一句一点脏话没有把我拉黑啦？博主全文没??你莫名其妙硬提??  专注自家姐姐好吗？,1
2025/3/20 21:25,指路：喜塔腊容音，不用谢,0
2025/3/20 21:25,我就是那个最后一个关注，刚看到。,0
2025/3/20 21:25,我怎么感觉她现在状态更差了[石化],1
2025/3/20 21:25,赵露思到底为什么取关好想知道？,0
2025/3/20 21:25,只是天秤座开始活自己不讨好了而已[666],0
2025/3/20 21:25,赵露思取关这件事上热搜我很震惊 大家还以下交通事情吧,0
2025/3/20 21:25,窝鱼太美了,0
2025/3/20 21:26,败好感 一直占用公共资源 想干嘛,1
2025/3/20 21:26,这女的戏是真多，烦死了[尬笑],1
2025/3/20 21:26,这也值得爆？娱乐都没新闻了吗？前几天陈赫那个热搜看的一脸懵，今天这个更懵,1
2025/3/20 21:26,之前就清空了怎么今天开始热搜？？？,0
2025/3/20 21:26,这也能热搜，民族的悲哀呀,1
2025/3/20 21:26,取关了咋了 so？？？,1
2025/3/20 21:26,哦！睡觉,0
2025/3/20 21:26,@Fionaaa 这又是以为自己是泰勒了,1
2025/3/20 21:26,评论区看不出锐化吗[憨笑]看不出来可以看看眼科了[憨笑],0
2025/3/20 21:26,一脸正经的胡说八道。,1
2025/3/20 21:26,不要太作，以前挺好的一女孩,1
2025/3/20 21:26,@我儿帅比 卧槽牛逼,1
2025/3/20 21:26,现在只剩5个人…,0
2025/3/20 21:27,赵露思人很漂亮，对粉丝很友好就像自己的朋友一样。总是把自己的最好一面展现给网友们，上节目也是落落大方很活泼很可爱呀，为什么要骂她。,0
2025/3/20 21:27,这是1月份的事，谁有事把赵露思1月份的事买上热搜了？,1
2025/3/20 21:27,她又想干啥。。,1
2025/3/20 21:28,"内娱有自己的空空日记哈[憨笑]
猜你想看：喜塔腊荣音??",0
2025/3/20 21:28,就是抑郁症,0
2025/3/20 21:28,你们营销号为什么老欺负赵露思[尬笑],1
2025/3/20 21:28,累了[暗中观察],0
2025/3/20 21:28,这真是没啥发了，不然就发天气预报。[看],0
2025/3/20 21:28,从面面俱到讨好新人格，慢慢转变，自己明白之前是很累的，所以现在不想那么累,0
2025/3/20 21:28,so,0
2025/3/20 21:28,赵露思是谁，怎么感觉经常上热搜,0
2025/3/20 21:29,一场病看清了很多人呗,0
2025/3/20 21:29,这都能上热搜，是又有哪位要挡枪的[看],1
2025/3/20 21:29,原图这样被你锐化成这样也很厉害了,0
2025/3/20 21:29,活真够密集的[尬笑],0
2025/3/20 21:29,抖音不要推我,0
2025/3/20 21:29,@Jinnyiken @囡囡?? @我每天都好幸福啊 @洋芋国大公主,0
2025/3/20 21:29,啊啊啊啊啊哈哈哈哈哈哈哈哈哈哈哈哈,0
2025/3/20 21:29,咸吃萝卜淡操心，人家想取关就取关你管得着了，还有某某某家的粉丝还不去管管你家那破事在这凑热闹,1
2025/3/20 21:30,这不活该吗，恶人自有天收，自己做的孽迟早会回到自己身上[调皮],1
2025/3/20 21:30,一个月多之前的事，现在又爆热搜？[尬笑],0
2025/3/20 21:30,三两知己足矣，人际关系太多，会消耗自身力量,0
2025/3/20 21:30,喜塔腊容音,0
2025/3/20 21:31,美女，就是美女[玫瑰],0
2025/3/20 21:31,我觉得有些人很好笑哈 无论哪个女明星变好看了 都要被说整容 真的很扯淡哈 整不整人家都好看[黑脸]医美不等于整容吧,1
2025/3/20 21:31,这都热搜？,0
2025/3/20 21:31,@鱿鱼大薯条 @王?木?木?,0
2025/3/20 21:31,真的一点认不出了，原来的难道不好吗,0
2025/3/20 21:31,我能感同身受，我也是一个抑郁质，焦虑症,0
2025/3/20 21:31,omo[看][看][看],0
2025/3/20 21:32,我知道哪里不一样了，以前是活力满满的氧气感少女，现在改风格了，眼神有点空洞迷茫,0
2025/3/20 21:32,为什么不发喜塔腊容音,0
2025/3/20 21:32,煮波怎么不发喜塔腊容音啊，也睡觉了吗[黑脸],1
2025/3/20 21:32,被人忽悠整容了，然后效果不好，迷失了自己，最终导致。。。,0
2025/3/20 21:32,赵露思 超级可爱的 她的笑容总能给人带来满满的正能量哦??,0
2025/3/20 21:33,又发什么颠啊天天,1
2025/3/20 21:33,赵露思就是很美啊[捂脸],0
2025/3/20 21:33,那是为什么呢！每次都会这么巧[捂脸][捂脸],0
2025/3/20 21:33,关注他干啥呀,0
2025/3/20 21:33,现在居然还被黑 我不懂我真不懂那些人的心理了[微笑],0
2025/3/20 21:33,黑标签都是强硬被贴上的 无所谓 拍好剧就好 剧外是她自己 喜欢干啥干啥 化妆现在技术也蛮好的 许妍就很好看,0
2025/3/20 21:33,咸吃萝卜淡操心，操心好自己就行，自己都是过的一地鸡毛，那还有精力操别人的心，更何况，人家的一身衣服甚至都比大多数人的身家都要多，都是操点闲心[泪奔],0
2025/3/20 21:33,@洋 就是这个视频，我又刷到了,0
2025/3/20 21:33,毛病 人家1月就清空了 这时候被拉出来说[黑脸],1
2025/3/20 21:33,吓我一跳，刚进微博以为赵露思被取证了呢[捂脸],0
2025/3/20 21:33,真能作妖,1
2025/3/20 21:33,很美呀,0
2025/3/20 21:33,她是不是抑郁症又犯了[看][看][看],1
2025/3/20 21:33,让她静静吧！不要打扰她了,0
2025/3/20 21:33,赵露思真的很适合当演员演的非常到位,0
2025/3/20 21:34,这都能上热搜，是又有哪位要挡枪的,1
2025/3/20 21:34,不做明星就没那么多烦恼了,0
2025/3/20 21:34,又出来作妖了？？？[疑问],1
2025/3/20 21:34,人家愿意取关就取关，这种事也要报道出来,1
2025/3/20 21:34,先好好休息一下吧,0
2025/3/20 21:34,又变了[微笑],0
2025/3/20 21:34,是不是要被公司雪藏？,0
2025/3/20 21:34,??禁止粉丝模糊重点转移视线，把社会事件变成粉圈互撕，女孩被网暴这件事是真实存在的。,0
2025/3/20 21:34,作者是故意锐化的吗[泪奔][泪奔],0
2025/3/20 21:34,请关注也上热搜[捂脸]服了,0
2025/3/20 21:34,赵露思好美??十二点之前刷到带抄小说[舔屏][舔屏][舔屏],0
2025/3/20 21:34,哇噻 现在不装死了 喜塔腊容音怎么不发声啊[憨笑][憨笑],1
2025/3/20 21:34,[玫瑰],0
2025/3/20 21:35,又有戏了[捂脸],0
2025/3/20 21:35,@美女的乱78遭 [流泪],1
2025/3/20 21:35,她就是美的很客观啊[憨笑][赞],0
2025/3/20 21:35,韩安冉[泪奔],0
2025/3/20 21:35,评论区是有被害妄想症吗…,1
2025/3/20 21:35,资本运作想让她火，各种哗众取宠吸引眼球，之前都没听说这人，也不是一二线明星。[捂脸],1
2025/3/20 21:35,[尬笑],0
2025/3/20 21:36,没打开评论区我以为可露丽发的视频呢[躺平],0
2025/3/20 21:36,感觉还是以前有点婴儿肥的时候好看,0
2025/3/20 21:36,病好了就没法上热搜了？,1
2025/3/20 21:36,有时候大病一场或者重要事情都可以想明白很多事的，每个人成长的必经之路，这也能上热搜，你们营销号想要流量要疯了吧,1
2025/3/20 21:36,@懒懒Hui_ 我??的赵露思,0
2025/3/20 21:36,想取关就取关，这是他人的自愿选择，对合作伙伴也是同样的尊重，发自内心的尊重别人，没必要那么多礼节，姐姐肯定没有想那么多的，姐姐不是刻意不尊重的那种人，就是为了宣传新剧，更显眼一点,0
2025/3/20 21:36,是公司管理的账号，不是露思取的,0
2025/3/20 21:36,哈哈哈哈哈我真的要笑死了还有啥呀“一个人的内核怎么能差成这样～”“她内核真不强大呢～”“她超在意的～”这种话术刷多了我真会逆反,1
2025/3/20 21:37,路人指路：喜塔腊容音,0
2025/3/20 21:37,我就知道她今天要被黑，没关系，只要她不犯法我都可以溺爱,0
2025/3/20 21:37,难得有一个好看的造型，[捂脸]这个滤镜是不是有点模糊了,0
2025/3/20 21:37,整了又怎么样啊 你喜欢一个人会因为她整容就不喜欢她了吗 真离谱 说整容的都是本来就不喜欢她的 所以管那些人干嘛呢,0
2025/3/20 21:37,"我关註一万，我取关，再关註一万，上个五百粉，再取关，再关註一万
，来了一千五粉",0
2025/3/20 21:37,纯路人，这个女生真的挺好看的，个再高点就完美了[发呆],0
2025/3/20 21:37,什么意思啊？一脸懵[发呆],0
2025/3/20 21:37,赵薇丝凭什么被人当做商品一样？赵露思虽然是个没背景家境普通的小女孩，但是她有天赋呀,1
2025/3/20 21:37,@冷冻的钰米栗,0
2025/3/20 21:37,前[流泪][赞],0
2025/3/20 21:37,嘴巴怎么了,0
2025/3/20 21:37,他在干什么呀？我为什么不理解呀？,0
2025/3/20 21:37,我虽然不是赵露思的铁粉，但是呢，我今天看到这个呢，实在是为赵露思打抱不平,0
2025/3/20 21:37,整对于明星来说很正常，也能理解可为啥要往网红风走，以前不挺好看的吗,0
2025/3/20 21:37,动了谁的蛋糕呢,0
2025/3/20 21:37,好难猜作者的粉籍啊[呲牙][呲牙],0
2025/3/20 21:37,为啥我一女的看别人穿黑丝只觉得恶心,1
2025/3/20 21:37,想重新玩网了,0
2025/3/20 21:37,没打算留，正在陆续取关中，而且露思取关了也没不回礼向来都是给更多，而且人家都有微信联系，你上蹿下跳个什么劲儿,1
2025/3/20 21:37,建议直接销号,1
2025/3/20 21:37,普通人好友圈取关不都是礼貌双取嘛，除非另一方没素质下头才会不通知单取虽然评论区好像在打架,0
2025/3/20 21:38,我躁郁症把微信朋友全部删完了,1
2025/3/20 21:38,为什么啊,0
2025/3/20 21:38,[捂脸],0
2025/3/20 21:38,其实是好看的，但是这个视频角度因为打光的问题显得很多阴影,0
2025/3/20 21:38,资本的力量[尬笑][尬笑],0
2025/3/20 21:38,抑郁症都这样，删人又加回来，看破不说破，给他们尊严就好,0
2025/3/20 21:38,微博关注只剩5个了,0
2025/3/20 21:38,年纪轻轻小姑娘爱尝试些风格就尝试呗，不犯法不违纪的女明星在我这都不会过多苛责,0
2025/3/20 21:38,路人指路：喜塔腊容音,0
2025/3/20 21:38,这都能上热搜，是又有哪位要挡枪的,1
2025/3/20 21:38,@我不是璃儿,0
2025/3/20 21:38,一直都喜欢她[比心][比心],0
2025/3/20 21:38,这是谁呀？,0
2025/3/20 21:38,关我什么事,0
2025/3/20 21:38,凭今天就能让我见识到赵露思的热度了[猪头]怪不得撇都撇不掉一些人[猪头]还是太火了[猪头]期待赵露思电视剧许我耀眼[猪头],0
2025/3/20 21:38,她好了吗,0
2025/3/20 21:38,赵露思竟然没人相信你，那就去做自己,0
2025/3/20 21:38,@星星在发光,0
2025/3/20 21:38,这个妆不好看，个人感觉,0
2025/3/20 21:38,@赵露思 @新华社 @央视网 @台海网 @红衣大叔周鸿祎 @雷军 @曾黎 @GEM鄧紫棋,0
2025/3/20 21:38,大家都人，都一样。不要因为身份特殊有啥区别,0
2025/3/20 21:38,跟网红傻傻分不清,1
2025/3/20 21:39,我以前心情不好的时候特别喜欢删人，现在不会了,0
2025/3/20 21:39,关注列表成1啦,0
2025/3/20 21:39,@虞书欣Esther @虞书欣工作室 还素人清白??,1
2025/3/20 21:39,昨天??了么大转盘转到了刘宇宁，今天就到赵露思了[黑脸][鼓掌],0
2025/3/20 21:39,赵露思是谁[6],0
2025/3/20 21:39,什么叫内核强大 你给我空降黑热搜 我依旧继续取关  自己开心最重要[发呆],1
2025/3/20 21:39,小手办[舔屏],0
2025/3/20 21:39,好精致,0
2025/3/20 21:39,这……是女明星吗,0
2025/3/20 21:39,你说这是谁？？？？,0
2025/3/20 21:39,尬住了，纯路人，赵戏真的好多挺无语的，为了营销博眼球想出来这办法也是牛的。。癔症发作了。。刚刚又看到评论说鱼转发素人去解释，让鱼道歉网暴素人，是我的话谁在网上恶意解读我我就在她下面对喷，刚就完事了，自己喜欢找事百分之两万纯路人只看过苍兰诀后来谁的剧都没看了没空,1
2025/3/20 21:39,建议直接退圈，我为克鲁丽感到丢人,1
2025/3/20 21:39,赵露思的微博又不是只有她在管控…… 而且赵露思想取关谁就取关吧…… 全平台都取关了……音符和红薯也都取了……,0
2025/3/20 21:39,不要再说了 小心#赵露思粉丝开盒素人#,1
2025/3/20 21:40,点进去主页发现这姐的所有视频把人都锐化的不像人[吐舌][吐舌],1
2025/3/20 21:40,锐化这么严重你认真的？[看],1
2025/3/20 21:40,谁给我们买的呀[憨笑],0
2025/3/20 21:40,@飞棉?: 第一眼还以为韩安冉呢,0
2025/3/20 21:40,好瘦,0
2025/3/20 21:40,怎么感觉不是一个人,0
2025/3/20 21:40,生图美晕了好不好这个视频被锐化成啥了[捂脸],0
2025/3/20 21:40,路人指路：喜塔腊容音,0
2025/3/20 21:40,哈哈，赵露思和杨紫经常被黑,1
2025/3/20 21:40,管那么多干嘛，平常人都是这，何况明星，他们也是人，也需要一些自己在意的，自己需要的自由吧,0
2025/3/20 21:40,她唯一关注的是我我唯一关注的也是她,0
2025/3/20 21:40,她关注的是谁呀？,0
2025/3/20 21:40,建议直接退圈,1
2025/3/20 21:41,希望那些吐槽赵露思的人，你们不要学他的穿搭哟[玫瑰][玫瑰][玫瑰],0
2025/3/20 21:41,神得很@w讨厌吃香菜??,0
2025/3/20 21:41,好好爱自己才是王道,0
2025/3/20 21:41,她真的很漂亮啊 但总感觉不像明星[宕机] 可能我不追星 所以我印象里明星长相是刘亦菲范冰冰古力娜扎,0
2025/3/20 21:41,[赞][赞][赞],0
2025/3/20 21:41,正常，当年还在做生意时，我抖音同学亲戚几百人，破产后删得只剩家里人！！！[捂脸],0
2025/3/20 21:41,自从赵露思，身体出现状况后，我就每天观察他的账号，早就发现了，不是你四个小时前发布啥意思啊？这不是很早之前的事情吗？[吐血],1
2025/3/20 21:41,微博那个我就关注五六个，你不在打开后看清楚慢慢操作隔段时间你就会发现关注了几百个,0
2025/3/20 21:41,@iii022w 黑粉吧[捂脸][捂脸],1
2025/3/20 21:41,因为就这次生病期间来看，她唯一陪在身边的只有朋友，满行业都是路人，还有踩踏的。人心啊，真的是,1
2025/3/20 21:41,这就是现实，能留下的绝对是真朋友。因为你的不幸不知道你的未来，当你红的时候跟前都是朋友。当你要落魄的时候就见人品了。支持你这样做[赞][赞],0
2025/3/20 21:41,不是为什么要对一个女孩子恶意这么大,0
2025/3/20 21:41,生图是这样的 作者滤镜调成这样想干嘛好难猜呀[憨笑],0
2025/3/20 21:41,要干什么呀取关了又不是绝交了能不能不要引战了,1
2025/3/20 21:41,她真是一手好牌打得稀烂，海外数据好去海外发展吧，国内装不下她，一点都不想看她的热搜,1
2025/3/20 21:42,这都能上热搜。[尬笑],0
2025/3/20 21:42,在赵露思身上真的切实体会到这世界对女性的恨意，为什么男明星丑的那么明显没有人追着骂，女明星就要围剿造黄谣。不说她这人真的假的到底怎么样，就凭他每次不管干啥都上热搜被骂但是出道没有绯闻也没有什么切切实实的黑料可是骂她骂得那么脏，我真无语了作为路人都看不下去,0
2025/3/20 21:42,人家取关人，好像也不关我们什么事吧，怎么能上热搜呢,0
2025/3/20 21:42,知道微博怎么骂她的吗，关注她的人都没说什么，网友占有欲这么强的吗，她想取关就取关，还给人送上热搜是想干嘛[憨笑]我不觉得取关这么小的事会上热搜，到底想干嘛[微笑],1
2025/3/20 21:42,别人的重新开始:收拾心情拍好剧给观众 鹭鸶的重新开始:三平台取关所有人,1
2025/3/20 21:42,啊哦，好能整扑棱蛾子,1
2025/3/20 21:43,不管你怎么样，始终还是很喜欢你,0
2025/3/20 21:43,啊？这是露丝？太久没看内娱了记错长相了？,0
2025/3/20 21:43,超好看,0
2025/3/20 21:43,加油 [赞],0
2025/3/20 21:43,这也是个热搜？,0
2025/3/20 21:43,很漂亮,0
2025/3/20 21:43,[偷笑],0
2025/3/20 21:43,[憨笑],0
2025/3/20 21:43,她五官里最好看的就是鼻子啊[白眼]干嘛看到好看的就怀疑整容啊,1
2025/3/20 21:43,希望早日度过难关，抑郁症………,0
2025/3/20 21:43,很好，她太讨好型人格,1
2025/3/20 21:43,玉米症没过多久又来了,1
2025/3/20 21:43,#退圈#,0
2025/3/20 21:43,退网好吗,1
2025/3/20 21:44,16分钟前,0
2025/3/20 21:44,锐化这么严重要干什么有点难猜呢[捂脸],0
2025/3/20 21:44,取关是啥意思呀,0
2025/3/20 21:44,这么累就退圈吧，离开大众视野做个普通人也挺好的,0
2025/3/20 21:44,有时间不如做些有意义的事,0
2025/3/20 21:44,粉丝真是闲的,1
2025/3/20 21:44,一般这种状态就是往抑郁方面上发展了、、、、、心情悲观的时候想喝这个世界都断联系谁也不想看不想听,0
2025/3/20 21:44,？赵露思好欺负是吧？[微笑][微笑]这么多营销号？？,1
2025/3/20 21:44,我还是喜欢你[泣不成声][泣不成声][泣不成声],0
2025/3/20 21:44,之前我就很好奇唉，为什么我们总在qq小世界里说到他，我明明连他是个什么样的人都不清楚，就使劲给我推[尬笑][尬笑][尬笑],0
2025/3/20 21:44,露思宝宝怎么这样了[流泪],0
2025/3/20 21:44,这都能上热搜  能不能让我也上上热搜[憨笑],0
2025/3/20 21:44,她是不是看最近ysx被骂太惨她出来吸引火力鱼香肉丝是真的,1
2025/3/20 21:44,现在只有五个,0
2025/3/20 21:45,就很美啊[舔屏],0
2025/3/20 21:45,喜塔腊容音,0
2025/3/20 21:45,我还记得陈芊芊时期的赵露思。像女学生一样青春活力，现在变化太大了。,0
2025/3/20 21:45,个人感觉我鼻子有点怪,0
2025/3/20 21:45,可能经历了这些发现，没有一个人是靠得住的,0
2025/3/20 21:45,这衣服是我审美问题吗[流泪],0
2025/3/20 21:45,那咋了,0
2025/3/20 21:45,这么漂亮的人 被你锐化成这样 [泣不成声],1
2025/3/20 21:45,你们现在出来了？被封监狱里去了？ 虞书欣到底给了多少的钱？？？我真的受够了！！！@虞书欣Esther     @虞书欣工作室 @桃子soso @梅大人的舔狗 @超级无敌小魔仙 @hhy& @so一口汉堡 @yesous,1
2025/3/20 21:45,有病就去治，一天到晚买热搜，何必呢,1
2025/3/20 21:45,她好像真的疯了,1
2025/3/20 21:45,好没皮没脸的一个 内娱继某shuang后又一个戏精,1
2025/3/20 21:46,建议??去看看??,0
2025/3/20 21:46,这视频锐化的[尬笑][尬笑][尬笑][尬笑],0
2025/3/20 21:46,为什么我觉得有点像半蹲呢[黑脸],1
2025/3/20 21:46,吃胖了一点 确实比之前瘦的时候好看,0
2025/3/20 21:46,爱关不关，人家也不在乎,1
2025/3/20 21:46,鼻子咋啦[呆无辜],0
2025/3/20 21:46,这顶光谁不丑,1
2025/3/20 21:46,可是路人现实中看到她真的很好看啊[发呆]看过两次了,0
2025/3/20 21:46,很久之前的视频了，别变了变了的了，不喜欢看就划走[微笑],0
2025/3/20 21:46,喜塔腊容音,0
2025/3/20 21:46,她生病的时候全网心疼，很难想象恶毒的话都是从同为女生嘴里说出来的[微笑],1
2025/3/20 21:46,戏精[尬笑],1
2025/3/20 21:46,落落人家的事治啥，人家愿意干啥干啥，还操心起来了,1
2025/3/20 21:46,[捂脸],0
2025/3/20 21:46,哎！回家养病吧,1
2025/3/20 21:46,这是近期的吗,0
2025/3/20 21:46,她不是抑郁了吗？,1
2025/3/20 21:46,可以讲讲喜塔腊容音吗[比心][比心][比心],0
2025/3/20 21:46,fe,0
2025/3/20 21:46,@_Jayho27-,0
2025/3/20 21:46,粉丝可不能说没有话语权了，这不账号都在自己手里,0
2025/3/20 21:47,不是喜欢删人，是那些人伤害了她，她没办法,1
2025/3/20 21:47,#赵露思粉丝多次开盒素人,1
2025/3/20 21:47,工作大部分都是利益关系,0
2025/3/20 21:47,她戏真多,1
2025/3/20 21:47,咯人呢！不留遗憾,1
2025/3/20 21:47,so？,0
2025/3/20 21:47,？,0
2025/3/20 21:47,抑郁症是怎么样的,0
2025/3/20 21:47,她难道又是被什么人给打了，精神病抑郁严重了？为什么要放弃治疗呢？该吃药就吃药，药不能停啊,1
2025/3/20 21:47,又不是只单取她一个人 全平台取关不针对任何人,0
2025/3/20 21:48,说反了吧,0
2025/3/20 21:48,不会是失恋了吧,1
2025/3/20 21:48,这也要挑刺[憨笑],0
2025/3/20 21:48,真没意思 够能整事儿的,1
2025/3/20 21:48,一月份取关的，现在被拉出来下？谁下的黑水好难猜[呲牙][赞][赞],1
2025/3/20 21:48,压力大,0
2025/3/20 21:48,好科技[微笑],0
2025/3/20 21:48,作为一个牙周病患者，每天牙垢又多又臭真的压力山大，早上挖牙垢抹别人身上，晚上追这部剧成了我的快乐时光，男女主的互动又做作又尴尬，看完整个人都轻松了不少，明天又能继续扣牙垢了！,0
2025/3/20 21:48,不是过年那会就清了吗[黑脸]有啥可挑刺的,1
2025/3/20 21:48,我看着她抬下巴我就会想到杨洋[捂脸],0
2025/3/20 21:48,@一日不见如隔三丘女士 @漂亮小张 @人冯喜事精神爽 真微调了[6][6][6],0
2025/3/20 21:48,网红感，不知道为啥要整[捂脸],1
2025/3/20 21:48,为什么要把滤镜调成这样 好难猜啊[憨笑],0
2025/3/20 21:48,这是谁,0
2025/3/20 21:48,[感谢][感谢][感谢][感谢][感谢][感谢][感谢][感谢],0
2025/3/20 21:48,她怎么变的一去不复返了？,0
2025/3/20 21:48,@面包脑袋bagel- 好吓人,0
2025/3/20 21:48,赵露思取关肯定要她自己的想法 你们在这里瞎猜测什么 而且赵露思有可能是怕那些她回关的人  有些是ss  然后通过微博……去语言攻击  露思怎么办  以保万一   只能用取关减免ss对自己的伤害   有错嘛   我不觉得这是一种错哈   不爱请别伤害  赵露思很好.,0
2025/3/20 21:48,无语=_=别的明星如果取关到时候又得上热搜“某某取关赵露思”真是免费的流量，不取关成了她的小粉丝这不膈应人吗,1
2025/3/20 21:49,吃瓜网友想问怎么不发那谁啊[流泪]@用户89757,1
2025/3/20 21:49,不重要的人不需要关注 重要的关注了也不能说明什么,1
2025/3/20 21:49,都是被逼的,1
2025/3/20 21:49,绝对整容了,1
2025/3/20 21:49,被拍成这样，明明是一个很漂亮的小女孩,0
2025/3/20 21:49,取个关还能成为热点,0
2025/3/20 21:49,为什么这么有钱的人也能抑郁呢[抠鼻],1
2025/3/20 21:49,还赵露思一切自由,0
2025/3/20 21:49,哈哈哈哈哈 果然是非常人所能行之事,0
2025/3/20 21:49,别传了,0
2025/3/20 21:49,回家吧,0
2025/3/20 21:50,真的有点像韩安冉[宕机],0
2025/3/20 21:50,滤镜调成这样，也还是很好看呀[candy],0
2025/3/20 21:50,[微笑]那个脸好奇怪,1
2025/3/20 21:50,这都要上个热搜吗,0
2025/3/20 21:50,抑郁症是啥啊？感觉这辈子都和我无关，就我这心态天塌下来我都觉得会好起来的[捂脸],0
2025/3/20 21:50,刘海不好看,1
2025/3/20 21:50,自己化妆不是可露丽痛点 在优酷破不了万才是[[黑脸][偷笑],1
2025/3/20 21:50,鹅鹅鹅鹅呃呃呃不理解不理解不理解，我取关能上热搜吗[黑脸],1
2025/3/20 21:50,她应该被逼成这样，不然不会想不开把自己搞成这样，我还是喜欢桑稚，加油吧[一起加油],1
2025/3/20 21:50,明星引导粉丝网暴 素人由于身份不对等是可能造就致命的后果需要严肃以待，支持虞书欣道歉 但也要公示自己哪错了??????,0
2025/3/20 21:50,你要睡觉，粉丝不让你睡，你睡不睡，同学你死都得睡，那被粉丝抓到了，要取证怎么办？不可能取证，它连网络暴力都不是，只是警告你同学不能再睡了，因为你这不是造谣诽谤，孩子，它有等级的，我就睡个觉，判刑判十年啊？,1
2025/3/20 21:50,我第一次看到时候真的觉得她好有活力好可爱。可惜了最后斗不过资本家的黑心,0
2025/3/20 21:50,脸怎么变这样了,1
2025/3/20 21:50,她生病好了吗,0
2025/3/20 21:50,让网红打广告的时候，可不这样，利用完全取关了？,1
2025/3/20 21:50,借楼 衢州市中医院 陈家骏   纵容其子 肆意虐杀动物 这种人在医院谁敢去 衢州的春天有被挖?? 折断4???? 被残忍虐杀的白猫的冤魂,1
2025/3/20 21:50,像你一样想这么多一定很累，不对，你能赚钱,1
2025/3/20 21:50,取关挨谁事了 不知道在讨论什么,0
2025/3/20 21:50,怕不是自己露出真面目了,1
2025/3/20 21:51,像不像[尬笑][尬笑][尬笑],0
2025/3/20 21:51,这都能上热搜，是又有哪位要挡枪的,1
2025/3/20 21:51,赵露思想干嘛就干嘛 管的着吗 取关就上热搜被赖子鱼们骂真是无妄之灾[笑哭],1
2025/3/20 21:51,成名太早的结果，，，，,0
2025/3/20 21:51,一个关注都能扯到投资的问题真6,1
2025/3/20 21:51,这个光怎么打的，脸上黑黢黢的，看着都不像她，真的和评论区一样搞的像韩安冉,1
2025/3/20 21:51,积点口德[微笑]，没事拿镜子照照自己，你行你去[微笑],1
2025/3/20 21:51,不知道为啥黑她的人那么多，我觉得她演技不错呀，神隐里有几处给我看哭了，珠帘玉幕我觉得她演的也好,0
2025/3/20 21:51,我也取关了她,1
2025/3/20 21:51,她拍的电视剧挺好看的，又搞笑可爱,0
2025/3/20 21:51,支持凤隐姐姐和惜云公主,0
2025/3/20 21:51,那不是人不是我,1
2025/3/20 21:52,神经病，取关这种事那么重要，要不要上报一下国家呢[送心]又不是现在才取关的，早就开始取关了，突然冲上热搜，也就一些跟风的人连这种事都能骂，那么恨？人家怎么样和你没有关系，工作的你就好好工作，学习的你就好好学习，别在这里显摆自己什么都很清楚[送心],1
2025/3/20 21:52,一眼以为哪个网红,0
2025/3/20 21:52,鼻子咋了,1
2025/3/20 21:52,贾玲瘦了一百斤和她瘦二十斤差别咋嫩大呢[看],0
2025/3/20 21:52,放过赵露思吧[噢买尬][噢买尬],1
2025/3/20 21:52,神金…@有趣的烛火 @筏?? @xinnnn,0
2025/3/20 21:52,有兴趣的宝宝可以来看看露思新出的杂志哦[舔屏],0
2025/3/20 21:52,只能靠这点博取热度了吗？,1
2025/3/20 21:53,喜塔腊容音,0
2025/3/20 21:53,是不是觉得自己很幽默呀 [弱],1
2025/3/20 21:53,没事别黑[耶],1
2025/3/20 21:53,就是感觉 比起之前太瘦了 脸的轮廓有点太尖的原因吧,0
2025/3/20 21:53,不是我说这个人就没考虑以后在娱乐圈的人脉混不下去吗之前播剧多少老前辈帮她打call，没记错好几个大咖，现在说取关就取关啊 用完就扔呢,1
2025/3/20 21:54,绝对动过[捂脸]又不是啥见不得人的事，90%明星都动你看不出来而已,1
2025/3/20 21:54,评论区真是见证物种多样性啊，空口造谣 平时过的很不如意吧，还一生跟着营销号走,1
2025/3/20 21:54,赵露思真是火了  就这么一件事微博空降第一  都这么关注露思啊[灵机一动][灵机一动],0
2025/3/20 21:54,@AAAAAugust_ 赶紧把你老婆领回家,1
2025/3/20 21:54,假婆娘，,1
2025/3/20 21:54,鼻子怎么了？,0
2025/3/20 21:54,她谁都不是，她只是她自己,0
2025/3/20 21:54,这都能上热搜，是又有哪位要挡枪的,1
2025/3/20 21:54,神经兮兮,1
2025/3/20 21:54,我想着她私下会和她取关的人说一声呢韩安冉这样说，看来是没有….真的这样很败坏好感，特别是知道宋茜因为她手滑事件才关注的她，她真的好不体面…,1
2025/3/20 21:55,炒作,1
2025/3/20 21:55,是不是光线问题呀 而且有点糊糊的[不失礼貌的微笑],0
2025/3/20 21:55,为什么把视频锐化成这样,0
2025/3/20 21:55,[666][666][666][666][666][666][666][666][666][666][666][666],0
2025/3/20 21:55,鼻子咋滴了,1
2025/3/20 21:55,[绝望的凝视][绝望的凝视][绝望的凝视][绝望的凝视][绝望的凝视][绝望的凝视][绝望的凝视][绝望的凝视][绝望的凝视][绝望的凝视][绝望的凝视][绝望的凝视][绝望的凝视][绝望的凝视][绝望的凝视][绝望的凝视][绝望的凝视][绝望的凝视],1
2025/3/20 21:55,滚滚滚，这都能上热搜,1
2025/3/20 21:55,又是个给整容毁了的好女孩，以前真的很好看呀,1
2025/3/20 21:55,然后呢[疑问]这鸡毛事也值得推广,1
2025/3/20 21:55,她爱关注啥关注啥，无人在意，没必要专门还搞个热搜,0
2025/3/20 21:55,生图很美谢谢 然后这是之前的了[憨笑],0
2025/3/20 21:55,作者你想干嘛我一个路人都看不下去了,1
2025/3/20 21:55,@??抑扬?? @??**兮悻 [宕机]我靠,1
2025/3/20 21:55,锐化好重啊想干嘛[憨笑],0
2025/3/20 21:55,@7e 她上热搜都是不好的事 让我猜猜又是压谁热搜呀[憨笑],1
2025/3/20 21:55,想听你聊聊喜塔腊容音,0
2025/3/20 21:55,这个鼻子到底是怎么了,1
2025/3/20 21:56,没东西发了吗[愉快],0
2025/3/20 21:56,他拉屎什么颜色？,1
2025/3/20 21:56,@小刘要开心 @懒羊羊大侠 这是谁,0
2025/3/20 21:57,wb搜索：喜塔腊容音,0
2025/3/20 21:57,为啥一有事就拿赵露思出来啊。。。去年的视频还拿出来，还开了锐化。。,1
2025/3/20 21:57,喜塔腊容音,0
2025/3/20 21:57,这都能上热搜，是又有哪位要挡枪的[看],1
2025/3/20 21:57,取关就取关呗，我心情不好了就取关，清理一些本就无关紧要的“好友”,0
2025/3/20 21:57,@人生理想是不劳而获 奇怪的鼻子????,0
2025/3/20 21:57,不要对别人的账号有太强的占有欲,0
2025/3/20 21:57,咋又变样了呢,0
2025/3/20 21:57,[赞][赞][赞][赞],0
2025/3/20 21:57,@晚安懒洋洋 我服了 这么好看 她们在黑什么[捂脸],0
2025/3/20 21:57,想听你聊聊喜塔腊容音,0
2025/3/20 21:57,纯路人 看了评论才知道这个视频锐化很重 但这样还是很好看啊 到底要多好看才会满意啊,0
2025/3/20 21:57,她真的是好看的，但是她的妆容能不能改改啊，鼻头那个阴影，口红外涂真的掩盖了她本来的气质,1
2025/3/20 21:57,赵露思惹谁了啊[憨笑][感谢][感谢],0
2025/3/20 21:57,抑郁症会导致病人乱删多删好友 这是真的,0
2025/3/20 21:58,你就说她这个妆,0
2025/3/20 21:58,不是。。。。以前我会说她炒作，这次我可是知道为啥了,0
2025/3/20 21:58,一大批营销号集体发这个想干嘛，好难猜啊[送心]取关是很早之前就开始的了，怎么这个时候空降热搜[憨笑],1
2025/3/20 21:58,估计生病的时候看清了很多人，低俗才能知道谁对你是真朋友,0
2025/3/20 21:58,笑晕了看了评论才知道这是黑视频啊 还是觉得很美[捂脸],0
2025/3/20 21:58,希望赵露思没事[摸头],0
2025/3/20 21:58,哪个网红,0
2025/3/20 21:58,美的咧[舔屏][舔屏][舔屏]大家期待我们露思宝宝新剧许我耀眼[求抱抱][求抱抱][求抱抱][求抱抱],0
2025/3/20 21:58,大家不要因为头像吵架 看看主页呢宝子 什么明星都有 上千条视频 有时人家用的头像就是故意的 大家都不要引战给流量 都是很好的宝宝好吗 不要败坏路人缘了 有争议的视频我们点点不感兴趣 不给她推流好吗[抱抱你][抱抱你],0
2025/3/20 21:58,啊这,0
2025/3/20 21:58,请大家对女性多一些善意[抱抱你],0
2025/3/20 21:58,到底是谁的粉丝嘲笑的呢？好难猜呀[憨笑],0
2025/3/20 21:58,手滑姐[调皮],0
2025/3/20 21:58,这都能上热搜闲的吧，好难猜是哪家买的，取关上热搜[赞]昨天引导粉丝霸凌未成年上不了热搜[愉快],1
2025/3/20 21:59,请大家不要参与对任何一个女性的围剿,0
2025/3/20 21:59,美得像bjd娃娃[发呆],0
2025/3/20 21:59,不是。。。。以前我会说她炒作，这次我可是知道为啥了,0
2025/3/20 21:59,都锐化成油画了,0
2025/3/20 21:59,这都能上热搜，是又有哪位要挡枪的,1
2025/3/20 21:59,我们到底抢了谁家的蛋糕 好难猜啊[捂脸][憨笑],0
2025/3/20 21:59,鼻子做了？,1
2025/3/20 21:59,从头开始那不如注销微博,1
2025/3/20 22:00,生图很美作者调成这样想咋地[憨笑],0
2025/3/20 22:00,硬黑吗[尬笑][尬笑],1
2025/3/20 22:00,这有啥，我曾经删除了微信所有人。就是不想跟任何人联系，很崩溃,0
2025/3/20 22:00,感觉就是锐化太大了,0
2025/3/20 22:00,"脑补到画面了，一个搁那捣鼓一下午，太可爱了
萌的我有点想笑[吐舌][吐舌][吐舌][吐舌]宝宝你太可爱了",0
2025/3/20 22:00,开了锐化也比我们普通人好看一大截好吗[微笑]有些人这么见不得人家好,1
2025/3/20 22:00,虞书欣沪上阿姨又来新订单啦[送心],0
2025/3/20 22:00,看得出来作者很恨他了,1
2025/3/20 22:00,经历过大事之后，就不会在意这些小事了,0
2025/3/20 22:00,请对女明星这样对男明星一样严格好嘛[尬笑],1
2025/3/20 22:00,回家吧孩子回家吧回家吧好吗,0
2025/3/20 22:00,@初恋姜钟煕-妍之有理 ,0
2025/3/20 22:01,这脸真的服呀,1
2025/3/20 22:01,我感觉露思是现在干啥都要上热搜被骂,1
2025/3/20 22:01,就想知道赵露思 做公益10年 为什么没有上热搜呀,0
2025/3/20 22:01,是不是拉个屎也要播报一下啊,1
2025/3/20 22:01,能不能不要这样化妆 以前的妆多好看 这样子一脸韩系,1
2025/3/20 22:01,为什么要开锐化[憨笑]我家孩子素颜长这样[憨笑],0
2025/3/20 22:01,喜塔腊容音,0
2025/3/20 22:01,有人就有江湖，出来混，理论上认识的人越多越好，然而认识的人越多，人情是要还的，应酬也越多，每天不是应酬就是应酬的路上，爱自己爱家人，才最幸福，一切靠自己[赞]，你空一起吃饭[玫瑰],0
2025/3/20 22:01,当时资本拿露思压小谢热度，现在拿赵露思压那个老总的女儿，露思这么好欺负？（我不是露思的粉丝）,1
2025/3/20 22:01,多关注其他新闻。一个戏子天天放，烦不烦,1
2025/3/20 22:01,她咋天天没事来一下[捂脸],1
2025/3/20 22:01,喜塔腊容音，说一下吧,0
2025/3/20 22:01,谁买的？好难猜啊,0
2025/3/20 22:02,我也感觉她一直在变 感觉动脸了 但只要她开心就行了,0
2025/3/20 22:02,就剩下5个僵尸号的其中还有官方,1
2025/3/20 22:02,@想想 @元气美少女,0
2025/3/20 22:02,这个赵露思虽然火但是我是一定也记不住她，老把白露当成她,0
2025/3/20 22:02,头像破案了[赞][捂脸],0
2025/3/20 22:02,露丝加油，自信发光,0
2025/3/20 22:02,太棒了 要挡事就把赵露思拉上来了 到时候又骂赵露思了是吗[惊喜],1
2025/3/20 22:02,又是谁买的热搜啊[如花]好难猜啊[色],1
2025/3/20 22:02,以前多漂亮呀，现在都不像她了。,1
2025/3/20 22:02,[赞][赞][赞][赞],0
2025/3/20 22:02,[投降][投降]那你还带黑热搜干啥,1
2025/3/20 22:02,没有我们露思 是转不动了吧,1
2025/3/20 22:02,她好像是从星汉灿烂开始就不一样了，最开始网剧的时候真的很活力眼里有光。,0
2025/3/20 22:02,咋了？,0
2025/3/20 22:02,不会的话建议消耗退圈哈,1
2025/3/20 22:02,每次出来作死骚操作,1
2025/3/20 22:03,我永远都爱你赵露思,0
2025/3/20 22:03,我的网名叫困困土豆泥[尬笑][尬笑],0
2025/3/20 22:03,是的，你猜对了[憨笑]黑热搜就是明星自己炒作来让人们知道她有大活动的[憨笑][赞],0
2025/3/20 22:03,是不是给那个拔错牙跳楼的那个女生压的热搜,1
2025/3/20 22:03,格格巫？[宕机],1
2025/3/20 22:03,@DOU+小助手,0
2025/3/20 22:03,@抖音小助手,0
2025/3/20 22:03,首先她很美 真的很美 其次 她的脸尤其是嘴巴那一块有明显的医美痕迹 做医美 、调整又不是什么丢人犯法的事 为什么粉丝就是不愿意承认啊  天天在网上一边说着大家都有追求美的权利  一边否认自己的偶像在变美的路上用过的办法 搞不懂 最后 她很美很漂亮 请不要网暴我[再见],1
2025/3/20 22:03,医学奇迹,0
2025/3/20 22:03,她也整了哎[捂脸],1
2025/3/20 22:03,个人觉得哈，也不至于成视频这样，作者拍的我感觉是有拉画面的，五官都有点模糊了……其实，明星嘛，很多都需要美颜滤镜的，何况她大病初愈，任何人的来时路应该都不会一帆风顺，换平常人普通感冒，都有憔悴好些……人都是内耗的（不是露丝粉），这全身黑的衣服好像也不适合她。刹搁,0
2025/3/20 22:03,我只有一种病，穷病[呲牙],0
2025/3/20 22:03,哎，这就是明星大众人物，不管做了什么小事都会上热搜,0
2025/3/20 22:03,从年前到现在，一点小事就上热搜[尬笑][尬笑]烦,1
2025/3/20 22:03,原视频在哪 求求了,0
2025/3/20 22:03,取关到底咋了？为什么不能取关？谁来给我解释一下？,0
2025/3/20 22:03,嫋,0
2025/3/20 22:04,这个化妆师可以辞退了[泪奔],1
2025/3/20 22:04,主播，讲一下喜塔腊容音呗[憨笑][憨笑][憨笑][憨笑][比心],0
2025/3/20 22:04,别这样了，小心抑郁症警告。[看][看][看],0
2025/3/20 22:04,实在没的播麻烦播天气预报吧[尬笑][尬笑][尬笑],0
2025/3/20 22:04,关注那1个谁啊[灵机一动],0
2025/3/20 22:04,1,1
2025/3/20 22:04,不会吧看她平时嘻嘻哈哈的，挺爱笑的怎么会抑郁症,0
2025/3/20 22:04,现在的妆好奇怪哦,0
2025/3/20 22:04,哈哈哈哈哈评论区好会说,0
2025/3/20 22:04,直接销号多省事,1
2025/3/20 22:05,漂亮像公主[色][色],1
2025/3/20 22:05,这是有多绝望啊，愿你好起来[感谢],0
2025/3/20 22:05,这个作者讨厌赵露思又想要赵露思的流量 真[调皮],1
2025/3/20 22:05,就是很漂亮啊[愉快],0
2025/3/20 22:05,喜塔腊容音[比心],0
2025/3/20 22:05,她只要不违法、不违背道德，想干啥都是她的自由！！[机智],0
2025/3/20 22:05,人家取不取关，这也要管吗[发呆],0
2025/3/20 22:05,这角度拍的有点[捂脸],0
2025/3/20 22:06,我一个外行看了 这妆就不适合她,1
2025/3/20 22:06,萌萌的露思[舔屏]还空降许我耀眼超话[捂脸],0
2025/3/20 22:06,1,1
2025/3/20 22:06,期待综艺小小的勇气[玫瑰],0
2025/3/20 22:06,曾经严重抑郁症患者的角度，  这是只想有一个属于自己安静的空间  不想别人打扰 不想让别人知道关于自己任何信息（包括家人）   但是这个时候也是最危险的时候 容易冲动的时候 有各自不好的想   只要扛过这一段时间就好一点   最重要的是要让她自己想的开才行,0
2025/3/20 22:06,热一虽然这样 plq还是阴谋论 好难猜啊[微笑],0
2025/3/20 22:06,锐化成啥了,1
2025/3/20 22:06,可是这个一看就是开了锐化了的呀[黑脸],1
2025/3/20 22:06,？,0
2025/3/20 22:06,成功把自己整废了,1
2025/3/20 22:06,样子变了好多 都认不出来了,0
2025/3/20 22:06,有的人会说话就说不会说话就闭嘴行吗[捂脸]都是女生 自己长啥样看不见 天天评论人家干什么[捂脸]不喜欢她可以不看啊 我不是她粉丝 每次她视频下面都是这样真的受够了[捂脸]都是谁家的狗[捂脸]没完没了一直咬 还是那句话 觉得自己能当明星就自己去ok？,1
2025/3/20 22:06,有点像女巫的妆容,0
2025/3/20 22:06,好奇怪[黑脸],1
2025/3/20 22:06,哈哈哈哈哈哈笑拉了 恨粉天后,1
2025/3/20 22:06,肯定又是为了揽一波热度,1
2025/3/20 22:06,退圈吧，病的不清,1
2025/3/20 22:07,鼻子整了,1
2025/3/20 22:07,这么漂亮都能被网暴[微笑][微笑][微笑][微笑]真想看看那些网暴的长什么样子,1
2025/3/20 22:07,好瘦,0
2025/3/20 22:07,你们到底要骂成啥样才肯罢休[抱拳],1
2025/3/20 22:07,没必要恶意这么大,0
2025/3/20 22:07,她本人超美 超自然好吧[微笑],0
2025/3/20 22:07,取个关也要说说说 不是她的粉也觉得真的干啥都错,1
2025/3/20 22:07,这点屁事[憨笑]还值得上个热搜,0
2025/3/20 22:07,不是，为什么会有这么多人关注她呀？取关就取关吧，这不是很正常的事情吗？,0
2025/3/20 22:07,我别人想关注我都不让 所以没粉丝后我一点不难过[大笑],0
2025/3/20 22:07,抑郁的都懂[晕],1
2025/3/20 22:07,真的好美啊[惊喜],0
2025/3/20 22:07,你的手机只会用来拉锐化，不如就放转转上回收了吧[比心][比心][比心],0
2025/3/20 22:07,演桑椎的时候多好看，非得搞成这样,1
2025/3/20 22:07,笑死我了,0
2025/3/20 22:07,看看，听听,0
2025/3/20 22:07,拿好作品好演技说话最有说服力，别的就算了吧，别又弄巧成拙了！,0
2025/3/20 22:07,有些女的 骂完这个骂那个 挺忙的[微笑],1
2025/3/20 22:07,这是黑粉拍的吧 还是被恶意p图了,1
2025/3/20 22:08,建议大家关注一下喜塔腊容音 素人被网暴,0
2025/3/20 22:08,取消或减少无意义社交，内心就平静些，挺好的。,0
2025/3/20 22:08,@嘟嘟噜噜: 路人指路：喜塔腊容音,0
2025/3/20 22:08,无语??w,0
2025/3/20 22:08,还是关注一下喜塔腊容音吧,0
2025/3/20 22:08,路人指路：喜塔腊容音,0
2025/3/20 22:08,又来买热搜了,1
2025/3/20 22:08,路人，这个真的很锐化[听歌]，为什么要这样对她,1
2025/3/20 22:08,一眼看懂博主的意思，锐化成这样，非粉都心疼,0
2025/3/20 22:08,快好起来吧，像桑稚一样，活的勇敢又美好,0
2025/3/20 22:08,桑稚的时候绝美啊[流泪],0
2025/3/20 22:08,露丝好漂亮，我真的很吃她的颜,0
2025/3/20 22:08,原视频在哪,0
2025/3/20 22:09,露思宝宝越来越好看了[色][色],1
2025/3/20 22:09,？我怎么记得当时她生病的时候就已经取关了，现在怎么又上热搜,1
2025/3/20 22:09,从20年开始，我感觉我的账hao不对劲，莫名其妙转发了一条素人wb，我也不记得我要引/导芬丝wang报素人女孩。有时候看wb时都在想，什么时候转发过那条wb，怎么不记得了。因为这种情况不太明显，当时以为是bug，或者自己忘了，并没有太在意。指路????    喜塔腊容音,0
2025/3/20 22:09,[看],0
2025/3/20 22:09,为什么对女明星那么苛刻，她们明明也是非常努力优秀的女生[流泪],0
2025/3/20 22:09,还好，谁都不粉，演的好就多看看，演的不行就看下一个[捂脸][捂脸],0
2025/3/20 22:09,主播今天你像素咋变这么差了[愉快][愉快],0
2025/3/20 22:09,为什么要给视频开锐化,0
2025/3/20 22:09,这是哪里的呀,0
2025/3/20 22:09,调成这样想干啥呀好难猜啊[愉快],0
2025/3/20 22:09,宝宝 如果不开心就暂时放一下工作  咱们以后在说工作的事 千万千万 要照顾好自己[比心][比心][比心],0
2025/3/20 22:09,真的变了 ……,0
2025/3/20 22:09,建议退圈#赵露思粉丝多次开盒素人#,1
2025/3/20 22:10,该曝光的不曝光，这种小事要拿出来曝光，真是有意思,1
2025/3/20 22:10,我自己给自己确诊过焦虑症，绝对是。因为盖房邻居不让盖（后来解决了），我爸和我又因为怎么盖分歧很大。这期间急得我整宿失眠，三点都不困，没过几天尿道管背面也就是内脏那边奇痒，总冒出拿刀划开拿痒痒挠伸进去挠挠的想法。把我媳妇吓得那几天对我特温柔让干啥干啥。持续了五天，后来事都解决了。哪里突然就不痒了，睡眠也好了。,0
2025/3/20 22:10,喜欢她演的电视剧[赞],0
2025/3/20 22:10,莫名其妙什么都能上热搜，她取关谁关我什么事[捂脸],0
2025/3/20 22:10,用人朝前不用人朝后,0
2025/3/20 22:10,算了还是回医院吧,0
2025/3/20 22:10,我抑郁症的朋友也是这样，动不动就取关,1
2025/3/20 22:10,能不能别逮着赵露思薅了[愉快],1
2025/3/20 22:10,我记得以前我就看到过赵露思取关词条啊 怎么又搬出来了 还是我记忆混乱了[憨笑][捂脸],0
2025/3/20 22:10,its her right who to follow and who she don't want to follow.... also to get rid of toxic medias..her social media her rules. ??,0
2025/3/20 22:11,@河狸仪: 一月份就取关了，为什么现在被拉出来呢[流泪]好难猜啊～可以搜索一下:喜塔腊容音,0
2025/3/20 22:11,这个世界依旧被金钱所统治[大笑],0
2025/3/20 22:11,这都能上热搜，是又有哪位要挡枪的,1
2025/3/20 22:11,所以到底怎么了谁知道啊[流泪],0
2025/3/20 22:11,我其实很想说大家说别人之前不先打开后置摄像头看看自己吗？他和你镜子里看到自己一样吗？,1
2025/3/20 22:11,虞书欣网暴喜塔腊容音那件事怎么说[舔屏][舔屏][舔屏],1
2025/3/20 22:11,我不知道我有没有抑郁症，不要和任何人说话，任何人交流，但是和同事我能有说有笑，我建了个小号，谁也不关注，谁也不点评，不点赞，只刷视频，只为了让那个号属于自己一个人的世界，不知道有没有一样的,0
2025/3/20 22:11,多多支持赵露思五大男刊时尚先生正在热卖中[黑脸][黑脸][黑脸][色][色][色][色],1
2025/3/20 22:11,啊？这是黑稿啊。我觉得很漂亮啊，连锐化都扛住了啊,1
2025/3/20 22:11,好看好看 姐妹加油,0
2025/3/20 22:11,她的妆容怎么就不听??劝呢,1
2025/3/20 22:11,我支持素人维权@喜塔腊容音,0
2025/3/20 22:11,怎么不教一下怎么移除粉丝,1
2025/3/20 22:11,撸撸退圈走你,1
2025/3/20 22:12,感觉赵露思真的太可爱了 研究了一下午,0
2025/3/20 22:12,虞书欣好有钱啊[调皮],0
2025/3/20 22:12,差点认不出来[吐血],1
2025/3/20 22:12,为啥呢，因为自家偶像不争气[尬笑][尬笑][尬笑][尬笑]。毕竟人红是非多[捂脸][捂脸],1
2025/3/20 22:12,到底是谁买的啊，剧播的不好心情也不好吧，好难猜，八百年前的事又拿出来说了,0
2025/3/20 22:12,什么鬼呀？莫名其妙。亲亲们的哭莫名其妙,1
2025/3/20 22:12,又是因为身体原因吗？,0
2025/3/20 22:12,各位都太路人了[捂脸],0
2025/3/20 22:12,谁能告诉我在哪里可以投诉抵制炒作明星,1
2025/3/20 22:13,这个造型一出来就被骂了 但我特别爱这场的造型[舔屏][舔屏]女王,0
2025/3/20 22:13,一月份就取关了，为什么现在被拉出来呢[流泪]好难猜啊～可以搜索一下:喜塔腊容音,0
2025/3/20 22:13,为啥都取关她了[捂脸],1
2025/3/20 22:13,好家伙，我一个不追星的都心疼赵露思了，她招谁惹谁了啊[捂脸],0
2025/3/20 22:13,到底是哪位艺人买的热搜呀 怎么这么难猜呀（谢谢 我睡觉去了）??,0
2025/3/20 22:13,牵动了太多公共资源，做自己。也希望我刷不到这些，浪费我的时间。,1
2025/3/20 22:13,锐化调到百分百还是这么美[偷笑]恶女能放过赵露思了吗[偷笑]有点钱都贴给赵露思了[偷笑]赵露思不会回应你的苦苦暗恋的[偷笑],1
2025/3/20 22:13,是不是每天感到心累的人都是抑郁症,0
2025/3/20 22:13,不是……以前我会说她炒作，这次我可是知道为啥了,0
2025/3/20 22:13,干嘛对女明星那么苛刻,0
2025/3/20 22:13,宝宝美死了[色][色][色],1
2025/3/20 22:13,早就在年初开始取关了 现在又被拉出来当枪使吗[黑脸]没事找事干吧,1
2025/3/20 22:14,关我屁事,1
2025/3/20 22:14,没钱才焦虑 每天起早贪黑风吹日晒的摆摊 睡觉时间都没有 哪有时间焦虑,0
2025/3/20 22:14,幼稚的表现,1
2025/3/20 22:14,鼻子整来？,1
2025/3/20 22:14,你锐化啥呢[尬笑]原视频是这样吗[尬笑]??这次又花了多少米啊,1
2025/3/20 22:14,又开始作妖了吗[泣不成声],1
2025/3/20 22:14,??团队出手了,0
2025/3/20 22:14,健康最重要，做个普通阳光的女孩子吧,0
2025/3/20 22:14,玉玉症万能病。[看],1
2025/3/20 22:14,好烦这些狗媒体，啥玩意儿都要跟着报道，过度解读，你管别人怎么的，想逼死别人是吗,1
2025/3/20 22:14,我觉得赵露思挺好的呀，不知道为什么那么多人黑她。纯路人[流泪],0
2025/3/20 22:14,黑料难道不是你们这种故意搞丑照的人造成的吗，开这么严重的锐化是要干嘛呢,1
2025/3/20 22:14,好漂亮,0
2025/3/20 22:14,啊啊啊啊啊，可爱晕了，[不看][不看][不看]一下心情都变好了,0
2025/3/20 22:14,总的来说，还是希望她健康，就像大家当时失去coco一样，虽然可能平常不怎么关注，总得来说还是希望大家都善良。,0
2025/3/20 22:14,为啥那么多人黑她[黑脸],1
2025/3/20 22:14,？,0
2025/3/20 22:14,说明人家没充dou+，也没买假粉丝,1
2025/3/20 22:14,号都在公司手上 你们这些营销号让我无话可说[捂脸],1
2025/3/20 22:14,cr@zy woman! scheming beach,1
2025/3/20 22:15,期待露思新的作品,0
2025/3/20 22:15,又抽风[发呆],1
2025/3/20 22:15,不是 她有啥可黑的呀 干嘛要一直说她啊 我一路人都看不下去了 被网暴那么久 也没见有啥实质性黑料,0
2025/3/20 22:15,这波操作不错，瞅准商机，据说刘亦菲的粉丝大多是30+，不是富婆就是高知[捂脸][捂脸],0
2025/3/20 22:15,主播头像是谁好难猜[调皮],0
2025/3/20 22:15,天呐，大家对她友善点吧，真的，看了评论区感觉好可怕，她也没做啥吧？,0
2025/3/20 22:15,这是滤镜了,0
2025/3/20 22:15,呃,0
2025/3/20 22:15,这都要报一下吗[看],0
2025/3/20 22:15,内娱第二个爽子,1
2025/3/20 22:15,不懂为什么要骂啊 不喜欢不看就好了啊  真是闲的,1
2025/3/20 22:15,我刚清理了很多多媒体，大号内容删掉，小号记录美好,0
2025/3/20 22:15,原来这个号会发这种事啊[尬笑]这是新闻吗？叫荔枝新闻可以发一些附和新闻定义的视频可以吗,1
2025/3/20 22:15,破营销号就想赚黑心钱[尬笑],1
2025/3/20 22:15,"孩子瘦脱相了，太心疼了[流泪]
一定要好好的[玫瑰][玫瑰][玫瑰]",0
2025/3/20 22:15,我预测一波。日后咱们内地娱乐圈。必然有像????娱乐圈那种事情发生！拭目以待,1
2025/3/20 22:15,我微信也经常删好友，有的是无关紧要的人，闲着没事就删，反正也不联系,0
2025/3/20 22:16,她一天天的戏好多啊[捂脸],1
2025/3/20 22:16,对女孩子恶意别那么大好吗[捂脸][感谢]不管是赵露思或者是虞书欣，女人何苦为难女人呢,1
2025/3/20 22:16,有一种品如回归的感觉[比心],0
2025/3/20 22:16,资本取关我非要关注 几十年来资本有过好人正能量吗,1
2025/3/20 22:16,真是受不了 明明很好看啊评论区到底在尬黑什么？,1
2025/3/20 22:16,哇塞锐化成这样想干嘛呀，美女头发都变面条了[愉快][愉快],0
2025/3/20 22:16,取关就取关啊不是很正常吗？干嘛说她，人家不想关注这么多人啊,0
2025/3/20 22:16,女明星太惨了，怎么样都被人骂,1
2025/3/20 22:16,一直没关注过,0
2025/3/20 22:16,这是赵露思？？？,0
2025/3/20 22:16,关我屁事,1
2025/3/20 22:16,没以前好看了，真的,0
2025/3/20 22:16,这几天??粉把??造谣下黑通稿都黑成啥了 也不知道谁家先来的哈回旋镖接着吧 zls家真搞笑 允许自家看热闹骂别家 别家看热闹骂她家就不行 双标被你们玩明白了,1
2025/3/20 22:17,整容了，没有以前甜蜜可爱了,1
2025/3/20 22:17,评论区在干什么 对女性这么严格[黑脸]我服了 能不能照照镜子看看自己,1
2025/3/20 22:17,耍朋友了,0
2025/3/20 22:17,真是没完没了,1
2025/3/20 22:17,屁大点事，没其他新闻可报了吗[看],1
2025/3/20 22:17,真是有病,1
2025/3/20 22:17,喜塔腊容音是什么梗,0
2025/3/20 22:17,怎么变成这样子了啊,0
2025/3/20 22:17,人真的遇到大事之后才能真的看到真相,0
2025/3/20 22:17,很喜欢她的，但她的妆容真的还不如不化,0
2025/3/20 22:17,谁惹她了 抑郁症没好全呢哈哈哈,1
2025/3/20 22:18,好样的,0
2025/3/20 22:18,我抑郁那会瘦了快40斤[捂脸],0
2025/3/20 22:18,像素不好就换个手机行吧,1
2025/3/20 22:18,太不自然了,1
2025/3/20 22:18,谁抑郁3个月就好了呀！,1
2025/3/20 22:18,这歌的名字叫啥来着[送心],0
2025/3/20 22:18,刷到赵露思帮助小谢，我觉得她人挺好的[捂脸],0
2025/3/20 22:18,大部队来之前我不会说什么的[尬笑],0
2025/3/20 22:18,还以为她也和某人一样导致素人被网暴了呢，不就是清空取关了[发呆]值得上好几个热搜好几个营销号报道吗？,1
2025/3/20 22:18,没有什么 就是想都重新开始 抖音小红书很早就取关了 微博账号之前一直公司运营,0
2025/3/20 22:18,赵露思黑化[尬笑][捂脸],1
2025/3/20 22:18,好美啊,0
2025/3/20 22:18,不是作者给她开锐化黑她，是作者平等的给他视频的每一个人开锐化[捂脸][捂脸][捂脸]每个视频打开都吓一跳,0
2025/3/20 22:18,顶光啊各位纯路人 有点常识[我想静静],0
2025/3/20 22:18,[玫瑰],0
2025/3/20 22:18,这是最近的吗？[捂脸][捂脸]有人回复吗？,0
2025/3/20 22:19,是不是整过了,1
2025/3/20 22:19,爱女是你们的谎言，怜爱的时候，全世界的吻上来，黑的时候，所有人都可以为了黑而黑[你不大行][你不大行][你不大行]能不能对女明星像对男明星一样宽容[你不大行][你不大行][你不大行],1
2025/3/20 22:19,谁买的流量[蜜蜂狗][蜜蜂狗],1
2025/3/20 22:19,就想知道赵露思 做公益10年 为什么没有上热搜呀,0
2025/3/20 22:19,哇塞能说说最近很火的那件事吗,0
2025/3/20 22:19,就是一个网红,0
2025/3/20 22:19,起码人家好看死了[捂脸]现在的人就见不到人家好 又没吃你家饭动不动就说人家,1
2025/3/20 22:19,指路:??喜塔腊容音,0
2025/3/20 22:19,明星放个屁都要上头条 真闲[冷漠],1
2025/3/20 22:19,关注她人的也自行取关吧,1
2025/3/20 22:19,真的很奇怪啊取关不就取关啊,1
2025/3/20 22:20,[感谢],0
2025/3/20 22:20,谁关心了？,1
2025/3/20 22:20,都锐化成啥样了装看不懂就是要喷 什么成分好难猜啊[调皮]还有人说跟生病之前不一样/不是病了吗为什么能走了 实际上这些人压根分不清前期后期 但就是要嘴硬说不一样,1
2025/3/20 22:20,明明就是很漂亮 为什么要睁眼说瞎话啊,1
2025/3/20 22:20,蛮适合做歌手的，有自己的那个调调,0
2025/3/20 22:20,什么玩意,1
2025/3/20 22:20,@特猫tou,0
2025/3/20 22:20,啊这什么时候的啊[惊喜],0
2025/3/20 22:20,赵露思就是很美 特别善良的一个小女孩啊 [猪头],1
2025/3/20 22:20,一月份的事又拿出来说，赖鱼又出力了，超绝内核,1
2025/3/20 22:20,@关我什么亊 @小1 又给自己整了个精灵耳[赞][赞],0
2025/3/20 22:20,她好了吗？,0
2025/3/20 22:20,有点变了,0
2025/3/20 22:20,什么！你跟我说是赵露思，瘦了这么多还有点好看呢[舔屏],0
2025/3/20 22:20,取不取关是人家的自由，这种私下肯定会有联系的，你是没有赵露思，你不能活吗?,1
2025/3/20 22:20,？？？？？,0
2025/3/20 22:20,只知道#喜塔腊容音#,0
2025/3/20 22:21,在国外玩那么开心，回国就抑郁？,1
2025/3/20 22:21,什么！你跟我说是赵露思，瘦了这么多还有点好看呢[舔屏],0
2025/3/20 22:21,[尬笑],0
2025/3/20 22:21,作者头像是谁好难猜啊[憨笑]锐化10倍得和和平精英一样了[憨笑],0
2025/3/20 22:21,你切记 波峰之后 只有她成功出圈了  这是为什么 你细品 高人,0
2025/3/20 22:21,又要压什么热搜啊[比心],0
2025/3/20 22:21,肯定是被打压了,1
2025/3/20 22:21,zls好看的而且穿搭也好看 但是这件衣服不适合她 她是那种越素越好看的那种,0
2025/3/20 22:22,化妆师你出下来,1
2025/3/20 22:22,赵露思是真的好欺负啊[捂脸][感谢]看得出来，她是真的善良,0
2025/3/20 22:22,只是视频锐化严重了而已,0
2025/3/20 22:22,[泣不成声],0
2025/3/20 22:22,天蝎座个性就是这样的，我也是这样的,0
2025/3/20 22:22,喜塔腊容音我为素人发声,0
2025/3/20 22:22,为什么真的病那么重不退圈呢,1
2025/3/20 22:22,到底是谁买的热搜啊 好难猜啊[尬笑],0
2025/3/20 22:22,她是不是看过别人杀人了？,1
2025/3/20 22:22,抑郁症到底是啥？自己知道不知道呢？,0
2025/3/20 22:22,还是原来好看，这个鼻子不适合她,1
2025/3/20 22:23,现在就剩下五个关注了[泣不成声],0
2025/3/20 22:23,她不是生病了吗？这么快就好了？,0
2025/3/20 22:23,赵露思早日回归呀，我还想看她动态呢,0
2025/3/20 22:23,怎么印象中的露思不是长这样的[流泪],0
2025/3/20 22:23,她生病好了吗,0
2025/3/20 22:23,这套好好看 娃娃脸我亲亲！！,0
2025/3/20 22:23,咋又上热搜了,0
2025/3/20 22:23,@白泠 什么时候能对男明星这么苛刻[憨笑],0
2025/3/20 22:23,这就是zb吗[憨笑],0
2025/3/20 22:24,一看就是视频处理过[捂脸]鼻子地方动了一下,0
2025/3/20 22:24,焦虑症折磨了我三个月 吃不下 睡不着  空壳上的痛 喘不过气  医生也拿我无法[流泪][流泪][流泪][流泪][流泪][流泪],0
2025/3/20 22:24,湖南卫视有个主持人也是个女生，才知道她辞去了多年的主持工作，找回了自己，我希望赵露思也可以找回最真实的自己，人总要活的很充实，不要看外界的眼光来否定自己，加油！,0
2025/3/20 22:24,安冉美神降临的[一起加油],0
2025/3/20 22:24,[赞][赞][赞],0
2025/3/20 22:24,视频锐化成这样…这是生图哈 不知道某些人在评判什么[憨笑][赞],0
2025/3/20 22:24,有的人全是黑热搜，有的人没有黑热搜，果然有资本就是好啊[憨笑],1
2025/3/20 22:24,这姐没事就会给自己整点热度,1
2025/3/20 22:25,这个锐化有点太过了吧[宕机] 很难不觉得博主有私心,1
2025/3/20 22:25,评论有必要这样恶意揣测吗[黑脸],1
2025/3/20 22:25,我的露思宝宝啥时候复出 我觉得他演戏啥的都挺好的,0
2025/3/20 22:25,明明那么好的人我那么喜欢却被他们祸害成了抑郁症,1
2025/3/20 22:25,让我们一起关闭锐化[如花],1
2025/3/20 22:25,剩下那个是谁[捂脸],0
2025/3/20 22:25,指路：??喜塔腊容音,0
2025/3/20 22:25,我的白风息！[感谢][感谢][感谢][感谢][感谢][感谢],0
2025/3/20 22:25,去年的视频了，不知道今年又发出来是什么意义,1
2025/3/20 22:25,@陈记得,0
2025/3/20 22:25,呃锐化成这样，意义不明哈,0
2025/3/20 22:25,追一个人就像追一颗星星，星星好美，逃开所有尘世的烦恼，奋力向他一路奔赴，其实也是在宽慰自己，是在救赎那个我，你相信着他终有一天万人簇拥，相信他是人间不会再有第二份的神赐人格，他是你的珍贵梦境载体，包容着你曾经遗失的，未曾得到过的，喜欢着的一切,0
2025/3/20 22:26,大姐 你的锐化都拉满了吧[捂脸][愉快],0
2025/3/20 22:26,红楼梦里早说过，所有的繁荣富贵。皆是如烟云一般…,0
2025/3/20 22:26,过平常生活挺好的,0
2025/3/20 22:26,美的没边了[猪头][猪头],1
2025/3/20 22:26,真的很美,0
2025/3/20 22:26,评论区看了一圈，对着别人的脸挑三拣四，有空多照照镜子看看自己吧[OK],1
2025/3/20 22:26,我刚刚删了好多人[泪奔],0
2025/3/20 22:26,胡说八道[捂脸],1
2025/3/20 22:26,只是贴了个精灵耳啊 这有啥啊  硬黑哇,1
2025/3/20 22:26,感觉没以前好看了,0
2025/3/20 22:26,别用ysx头像来发zls这样子的视频好吗 逆天,1
2025/3/20 22:26,@,0
2025/3/20 22:26,我记得这场活动 超级好看的！,0
2025/3/20 22:26,？？？清理一下关注还这那的,1
2025/3/20 22:26,好好休息吧,0
2025/3/20 22:26,没活可以咬打火机，而不是在这发毫无意义的无良新闻[尬笑],1
2025/3/20 22:26,幸好我看过原视频[黑脸][黑脸],0
2025/3/20 22:26,我的天呐 实在不行咱退圈吧 紫啧,1
2025/3/20 22:26,莫名其妙,0
2025/3/20 22:26,评论区里的虞书欣粉丝真的好给虞书欣败路人缘,1
2025/3/20 22:27,好美,0
2025/3/20 22:27,现在变 5 个了,0
2025/3/20 22:27,啊[尬笑]，她取关了联合国了[发呆]，这么大的事，要不要给国家备案一下,0
2025/3/20 22:27,能别营销了吗，反感[愉快],1
2025/3/20 22:27,@郭小西爱吃蔬菜 这女的怎么天天有热搜,1
2025/3/20 22:27,为什么老是喜欢这样去伤害一个女孩子呢？明明她演的电视剧都很可爱呀,0
2025/3/20 22:27,哇又来了,1
2025/3/20 22:27,还是很美[爱心][爱心],0
2025/3/20 22:27,远离锐化好吗[尬笑][尬笑]为了流量什么都发[尬笑][尬笑][尬笑],1
2025/3/20 22:27,倒油的人是谁咱们心里都清楚,1
2025/3/20 22:27,没有删微信啊，不要乱造谣啊，她是所有平台的都把关注清空了，因为要和公司解约,0
2025/3/20 22:28,顶光都那么美了 要是不顶光得美成啥样[流泪][流泪],0
2025/3/20 22:28,"是今天开始取关的吗？不是，之前1月份的事了
六百六十六，演都不演了[疑问]",1
2025/3/20 22:28,超喜歡她，永遠支持[送心],0
2025/3/20 22:28,这次我心疼她,0
2025/3/20 22:28,鼻子问题,0
2025/3/20 22:28,他是谁[泪奔][泪奔],0
2025/3/20 22:28,有什么好黑的，她穿不一定她喜欢，工作而已不能不穿，挺喜欢她拍的剧 [一起加油],0
2025/3/20 22:28,挺好看的啊为啥要对她这么苛刻[黑脸],1
2025/3/20 22:28,想火想疯了吧作者,1
2025/3/20 22:28,怎么还不退圈,1
2025/3/20 22:29,赵露思真是火了[比心]  就这么一件事微博空降第一  都这么关注露思啊[看][看][看],0
2025/3/20 22:29,全是今天发的 好难猜啊[尬笑],0
2025/3/20 22:29,不要参与任何一场关于女性的围剿,0
2025/3/20 22:29,又变了[泪奔],0
2025/3/20 22:29,路人指路：喜塔腊容音,0
2025/3/20 22:29,为什么要对女生恶意这么大[捂脸],1
2025/3/20 22:29,不是抑郁啥的住院了吗 还以为要退圈了 [捂脸],0
2025/3/20 22:29,没必要这样哈,0
2025/3/20 22:29,这么善良美丽的女孩，每次都被恶意抹黑，这个视频锐化拉满了吧[尬笑],1
2025/3/20 22:29,那鼻梁都快戳到法国去了，她粉丝还要睁眼说瞎话说她没整容[捂脸][捂脸][捂脸][捂脸]减肥要是能减成这样整形医院早倒闭了。自欺欺人,1
2025/3/20 22:29,宝宝这是回来了吗,0
2025/3/20 22:30,又玉玉啦？[尬笑],1
2025/3/20 22:30,就关注的点在哪？,0
2025/3/20 22:30,取关就取关呗 这事儿都能上热搜[憨笑],0
2025/3/20 22:30,一个个随评别人外貌，人啊多点教养[捂脸][捂脸],0
2025/3/20 22:30,好美,0
2025/3/20 22:30,她如果被雪藏了 她做网红带货 我都支持她[流泪] 她真的很好 不懂为什么一直有人黑她[流泪]都是女孩子[流泪],0
2025/3/20 22:30,赵露思真的善良,0
2025/3/20 22:30,这个视频不是也挺好看的吗 可以看出骨相优越啊 为什么要骂她 纯路人,0
2025/3/20 22:30,@修报废手机的汪老表,0
2025/3/20 22:30,没有生病之前一直被说  生病的时候都在心疼她 病好点又开始被说 她真的是看过别人杀人了吧,1
2025/3/20 22:30,她只是改变了化妆风格别喷她[流泪]她值得最好的[流泪],0
2025/3/20 22:31,？黑子说话,1
2025/3/20 22:31,我还是喜欢她之前的样子，现在，哎，只能说莫辜负,0
2025/3/20 22:31,给谁挡枪呢[微笑][微笑]这都多久是的事了[微笑],0
2025/3/20 22:31,今天露思值班[憨笑],0
2025/3/20 22:31,这样就能起号成功嘛,0
2025/3/20 22:31,喜塔腊容音我为素人发声,0
2025/3/20 22:31,辛苦了[给跪了][玫瑰],0
2025/3/20 22:31,都赚那么多钱了，就没必要这么折磨自己了吧，好好爱自己过生活就好了呀，抑郁症了都还这么拼,1
2025/3/20 22:31,残疾人厉害了啊,1
2025/3/20 22:31,挺美的还,0
2025/3/20 22:31,?她早就取关了吧而且也不是一次全取关啊,0
2025/3/20 22:31,不用关注这个！露思宝宝去年就取关了！让我们把目标聚集在喜塔腊容音,0
2025/3/20 22:31,这都能上热搜，压热度也太明显了吧[捂脸][捂脸][捂脸],0
2025/3/20 22:31,我是她火之前关注她的 那时候还没加密 她关注的账号里绝大多数是美食账号,0
2025/3/20 22:31,假发票太厚了,0
2025/3/20 22:31,我太了解她了，感觉看到了我自己,0
2025/3/20 22:31,赵和韩认识？她们什么关系啊？,0
2025/3/20 22:31,精神疾病患者还是退圈好好修养吧，这种有精神疾病的偶像也起不到健康的引导作用,1
2025/3/20 22:32,其实路人看到了并没有什么反应，之前可能公司控制号现在号回来了以前的瓜葛不必有了,0
2025/3/20 22:32,看不懂这条视频的路人没关系 简单来说就是某??发力了,0
2025/3/20 22:32,鼻子做了吗,1
2025/3/20 22:32,给谁挡枪呢[微笑][微笑]这都多久是的事了[微笑],0
2025/3/20 22:32,@我要发疯了 没整？,1
2025/3/20 22:32,这也是巩固治疗的必要措施，不必大惊小怪。,0
2025/3/20 22:32,她干过什么类似于嫖娼、偷税漏税、点外卖、吸毒这种事吗？,1
2025/3/20 22:32,硬蹭,1
2025/3/20 22:32,因为她生病了，没人看她，所以因恨而删,1
2025/3/20 22:32,"救命，原本以为是粉丝发的安利视频，我还点了个赞
[黑脸][黑脸]",0
2025/3/20 22:32,我觉得真的围剿女性的永远是女性，现实中包括身边很多女性都在背后讨厌赵露思，我觉得露丝是在一个很有爱的家庭长大的没经历过什么大风大浪，她是真的把演戏当成自己的一份工作有好好在热爱，可这是娱乐圈很现实现在网上的人都很戾气只要有一点点瑕疵她们就会揪着不放，不如敞开了做自己。以前第一次认识赵露思或许是从她比赛体操那会儿，觉得这个女演员长得很有福气很饱满的一脸旺财相，慢慢的接触是从于正手下出演凤求凰马雪云这个小配角，又或许是从演小网剧那年的春花秋月、我的皇帝陛下、三千鸦杀、甚至到后来的陈芊芊也算是她半个粉丝吧，之前看她的戏虽然一直被嘲，但是在剧中经常讲着四川话或者是不知道从哪里冒出来的语言毫无偶像包袱可言，剧和角色的人设是真的能给别人带来快乐。回头再看现在的露丝演的剧急需要被自己肯定、更需要被大家肯定，她想交出一份让所有人都完美的答卷，但是急于心切是万万不能的，我觉得她可以沉下心来调整一下这两年的状态，希望在新的2025年以及接下来的每一年能看到一个崭新的赵露思[感谢][玫瑰]@赵露思,0
2025/3/20 22:32,过河拆桥,1
2025/3/20 22:32,没看懂么意思,0
2025/3/20 22:32,虽然…但这样真的不好。而且关注的应该是圈内的好友或是曾经有合作的伙伴吧、（粉丝勿喷我）,0
2025/3/20 22:33,评论区今天也不要睡觉，取件警告??[憨笑][比心],0
2025/3/20 22:33,取关怎莫了[捂脸],0
2025/3/20 22:33,哗众取宠罢了，看到她我甚至不想说什么了，直接一个不感兴趣，不要推荐，我已经很久没看过她的视频了，今晚就推我了，真的不是买流量了吗[笑哭][笑哭][笑哭],1
2025/3/20 22:33,死不死的，闲的没逼事儿了,1
2025/3/20 22:33,他是个啥玩意,1
2025/3/20 22:33,心疼，之前肉肉这么可爱的一个小仙女，怎么这样了[流泪][流泪][流泪],0
2025/3/20 22:33,不是，黑评真的让我有点怜爱她了[憨笑],0
2025/3/20 22:33,作者发这个锐化过的视频要干嘛呀好难猜啊[憨笑][憨笑][憨笑],0
2025/3/20 22:33,赵露思又不是今天才开始清列表的，到底是谁买的热搜[愉快]好难猜哦,0
2025/3/20 22:33,没有爽子粉丝和路人对爽子的偏爱，也没有爽子直接人来疯，只学了点皮毛什么都会害了她[九转大肠],1
2025/3/20 22:33,他的鼻子确实整呀，而且给一个专业的做医美的人的角度来讲，而且看起来真的有点像韩安冉这个角度看看起来像网红根本不像明星,1
2025/3/20 22:33,像小说女主,0
2025/3/20 22:33,天，原来是故意的,1
2025/3/20 22:33,只是取关，她趴你耳边说把人家微信删了?,1
2025/3/20 22:33,评论区的不要造谣  露思的号一直在公司手上[捂脸],0
2025/3/20 22:34,@奥黛丽  赫小本????,0
2025/3/20 22:34,赶紧退网好好养病吧 别再出来占用公共资源了,1
2025/3/20 22:34,脱变第一步：勇敢断舍离！！！,0
2025/3/20 22:34,本来长得挺特点的，挺甜美的，变化挺大的,0
2025/3/20 22:34,@Sunshine?? @忆晚悸 哇塞,0
2025/3/20 22:34,屁大点事也要发出来。真是够闲的,1
2025/3/20 22:34,赵露思真是火了  就这么一件事微博空降第一  都这么关注露思啊[灵机一动][灵机一动],0
2025/3/20 22:34,她2月就全部取关了 现在说到底是谁买的？,1
2025/3/20 22:34,被锐化成这样的脸上的轮廓都清晰可见。恰恰证明她的美貌太过于惊人了[捂脸]我说你们想黑又不敢明着黑的人是这个[弱],1
2025/3/20 22:34,让我们远离锐化，一起欣赏下生图[舔屏],0
2025/3/20 22:34,她不会打算退圈吧？别啊，这可是我最喜欢的甜妹,0
2025/3/20 22:34,不是，怎么??的剧一播她就出来作妖啊？？？,1
2025/3/20 22:34,怎么又被拉出来挡枪啊？露丝实惨。是帮谁挡枪的我就不说了,1
2025/3/20 22:35,和洋洋那个戏叫什么？那时候好可爱好喜欢这种长相，现在都瘦成什么样了,1
2025/3/20 22:35,这么漂亮的人，这么优秀的人，这么富有的人，为什么会得抑郁症？,0
2025/3/20 22:35,我只想说 生图是这样的哈 到底是什么心思[眼含热泪],1
2025/3/20 22:35,我真的觉得她整了[捂脸]但是很多人和我说她只是瘦了,0
2025/3/20 22:35,哥们换个手机吧[尬笑]都拍成啥样了,1
2025/3/20 22:35,这个事都已经好久啊 我的老天奶 起码一两个月了吧 现在铺天盖地的热搜,0
2025/3/20 22:35,赵露思又不是今天才开始清列表的，到底是谁买的热搜[愉快]好难猜哦,0
2025/3/20 22:35,爱女是你们的谎言 男的出轨都能原谅 女生稍微变一点恶语相加,1
2025/3/20 22:35,天阿这是真的吗[惊恐],0
2025/3/20 22:35,额，你是她黑粉吗？视频拍成这样[暗中观察],1
2025/3/20 22:35,我感觉视频不是开了锐化，是开了画质修复，因为我视频也搞过画质修复就会这样，画质跟脸会很奇怪[泣不成声][泣不成声][泣不成声]（杠就是你对）,0
2025/3/20 22:35,大家还下班了吗[看],0
2025/3/20 22:35,都取关了谁？,0
2025/3/20 22:35,路人都要替赵露思伤心了，胖的时候被人骂，瘦下来了还有人骂，可不可以对女孩子多些包容啊，我觉得她胖瘦都挺好看的啊，你们到底还想咋滴啊[捂脸]我是赵露思的话都要抑郁了,0
2025/3/20 22:35,加油，，走出抑郁，太难受了,0
2025/3/20 22:35,她自己做了什么谁知道啊,1
2025/3/20 22:36,她就是她 别管那么多行不行 罗杰斯自己的社交软件爱怎么样就怎么样 天天粘着我家累不累啊[微笑],1
2025/3/20 22:36,怎么老是她,1
2025/3/20 22:36,黑热搜不是你们给造成的吗[思考]为啥要把一个人的锐化度调这么高,1
2025/3/20 22:36,单取是事实算什么黑热搜 虐粉呀,1
2025/3/20 22:36,斯装货轮椅姐又出来发疯,1
2025/3/20 22:37,啊，她取关了联合国了吗[发呆]，这么大的事，要不要报警调查一下,1
2025/3/20 22:37,管太宽了吧,1
2025/3/20 22:37,妈妈们都被萌晕了,0
2025/3/20 22:37,@幸运????,0
2025/3/20 22:37,不懂硬黑[抱抱你]为啥对一个女孩这么大恶意,1
2025/3/20 22:37,以前多好看，为啥要整成这样[捂脸],1
2025/3/20 22:37,客观一点 别尬黑,1
2025/3/20 22:37,好好脸干嘛整呀,1
2025/3/20 22:37,还是多多关注#赵露思粉丝人肉素人# #赵露思粉丝多次开盒素人# 吧,1
2025/3/20 22:38,锐化开这么大，你想干嘛你自己心知肚明哈，不敢说哈不敢说哈[偷笑][偷笑],1
2025/3/20 22:38,赵露思养活了所有营销号[憨笑],1
2025/3/20 22:38,不就取关了吗[泪奔]那咋了？而且又不是才取关的,1
2025/3/20 22:38,刚取关的时候不网暴 现在??被网暴了知道出来压热搜了 恶不恶心啊,1
2025/3/20 22:38,越来越网红脸[尬笑][尬笑][尬笑],1
2025/3/20 22:38,真好看[舔屏],0
2025/3/20 22:38,真的是太可爱啦 还记得说谢谢哈哈哈哈[大笑],0
2025/3/20 22:38,美到我了，顺手点了个赞，发现是黑子发的,1
2025/3/20 22:38,所以有啥大活动？[看][看][看],0
2025/3/20 22:38,这也能上热搜 真够闲,1
2025/3/20 22:38,好大好大的头 聪明宝宝,0
2025/3/20 22:38,不是，明星都这么离谱吗？取关都能上热搜？[抠鼻][抠鼻],1
2025/3/20 22:38,支持无黑历史女明星取关自由?? 支持10年公益女明星取关自由?? 支持没有伤害任何人赵露思取关自由?? 你说没礼貌？人家给所有人清空了 那些人都没说话你说上了？哪来的二五八万呢这么装，不如关心被网bao的素人#喜塔腊容音# ,1
2025/3/20 22:38,那个截图页面是微信吧别再说败不败坏路人缘了，这件事有什重要的点吗？赵露思做自己就好，人身自由权赵露思有，况且@喜塔腊容音 这位素人的事才更应该被关注,0
2025/3/20 22:39,好好的脸怎么就跟换了一个人一样,1
2025/3/20 22:39,@ww,0
2025/3/20 22:39,情伤和朋友背叛谁能扛得住[看]经历过的人才懂,0
2025/3/20 22:39,卧槽 我还没点进去我就说咋这么像韩安冉 原来真的也有人这么认为 ……勿喷,1
2025/3/20 22:39,我姐就是这么权威,0
2025/3/20 22:39,评论区恶意别那么大哈[愉快],0
2025/3/20 22:39,做得对！删除没用的社交，真的会救自己,0
2025/3/20 22:39,剩下五个了,0
2025/3/20 22:40,滤镜调成这样故意黑 生图长这样哈 作者是谁的粉丝呢好难猜啊[憨笑],1
2025/3/20 22:40,虽然……但是……,0
2025/3/20 22:40,无论是哪个时期的赵露思，我都觉得很美[舔屏],0
2025/3/20 22:40,@XYL,1
2025/3/20 22:40,哎，今年是她的一个劫,0
2025/3/20 22:40,每当这种东西成为爆点 又会忽然觉得这个世界要完蛋了[捂脸],0
2025/3/20 22:40,好可怕[看] 为了美啥都值得,1
2025/3/20 22:40,@Dyz- [捂脸],0
2025/3/20 22:40,发喜塔腊容音吧，我想看这个,0
2025/3/20 22:40,为什么要拍出那么死亡的灯光，然后发出来误导路人呢[憨笑],0
2025/3/20 22:40,这么明显就是披黑啊 你们做粉丝的看不出来吗？她主页一堆明星  明显就是蹭热度这都看不出来[看],1
2025/3/20 22:40,记得当时@喜塔腊容音 这位素人有图有真相的事你们yxh和大流量V标没有超过五个敢发帖支持的，这名人都能看清楚，别再装了好吗？这件事才需要热搜，需要大家重视没有道德观念，只知道拿钱就别祸害别人行吗,1
2025/3/20 22:41,又变了[泪奔],0
2025/3/20 22:41,别再动脸了 以前就很有辨识度很美,0
2025/3/20 22:41,？,0
2025/3/20 22:41,又来了，又来开始批判了，为什么要围剿她，为什么连个妆容都不能自己做主？,1
2025/3/20 22:41,真不懂为什么有人要喷 随着年龄增长 脸上的肉肉就是会变少五官会变得更立体精致啊 （因为我自己就是这样 以前脸上肉肉的 五官就没那么突出 现在虽然体重越来越重了 也比以前胖 但是我朋友都说我长开的 现在脸也小了 ）而且每个人风格妆容都是每年不一样的  只是表达自己的想法 大家勿喷 勿激动 我的小心脏受不了,0
2025/3/20 22:41,偷偷藏不住里面最漂亮,0
2025/3/20 22:41,不要忘记开盒事件[流泪][流泪],1
2025/3/20 22:41,这滤镜也是无敌了,0
2025/3/20 22:41,[发呆][发呆][发呆][发呆][发呆],0
2025/3/20 22:41,没有开过锐化的生图,0
2025/3/20 22:41,哇脸好小,0
2025/3/20 22:41,欣赏不来她现在的妆容,0
2025/3/20 22:41,难怪今天我的粉丝少了一个[流泪][流泪],0
2025/3/20 22:41,1,1
2025/3/20 22:41,两个月之前的热搜，怎么又上了一遍这又是替谁挡灾呢？,1
2025/3/20 22:42,谁不懂你的小心思[憨笑],0
2025/3/20 22:42,你这锐化拉满了都 我是路人不是瞎子[憨笑],0
2025/3/20 22:42,手机像素不行啊 你换一个吧对了顺便看看眼睛,1
2025/3/20 22:42,别她干什么都要上热搜行吗[憨笑][憨笑][憨笑]该干嘛干嘛,0
2025/3/20 22:42,灵境高手，恐怖如斯 你们口下留情,0
2025/3/20 22:42,说像的自己心里最清楚像不像哈[黑脸]还有这个视频露思嘴都锐化成三角形了啥意思不用我说吧[黑脸],1
2025/3/20 22:42,韩安冉,0
2025/3/20 22:43,“还睡 告你们来了” —《魔童取证》,1
2025/3/20 22:43,真的是拿赵露思当日本人整[尬笑],1
2025/3/20 22:43,那些营销号真该死啊[宕机],1
2025/3/20 22:43,我以为哪个网红。。,0
2025/3/20 22:43,为了压那几个,1
2025/3/20 22:43,求这个世界爱女教程 隔段时间就网爆一个是吧 没完没了了[憨笑],1
2025/3/20 22:43,滚蛋 别给我推她,1
2025/3/20 22:43,@boom~,0
2025/3/20 22:43,难怪今天我的粉丝列表少了一个[流泪][流泪],0
2025/3/20 22:43,这么一看，我还是去喜欢鞠婧祎吧[捂脸],0
2025/3/20 22:43,为什么每次黑女生的都是女生呢[尬笑],1
2025/3/20 22:43,鼻子天生遗传哈[憨笑]有些人不能因为自家没有就造谣别人,1
2025/3/20 22:43,够ex的[好运连连],0
2025/3/20 22:43,取关咋了？之前帮过的人她后面一样有帮回去好吗？怎么？某人网暴素人是小事，到她这伤害到谁了要被你们骂？谁家水军一清二楚别拉上我们挡枪,1
2025/3/20 22:43,用完就掉，很符合她的神经,1
2025/3/20 22:43,好装呀,1
2025/3/20 22:44,取关好长时间，为什么突然上热搜？好难猜呀，又是谁想压什么呀,1
2025/3/20 22:44,好瘦啊,0
2025/3/20 22:44,为什么要这么对她，我真受不了了……为什么一直锐化……我不是她的粉丝但是我真的不理解[愉快],0
2025/3/20 22:44,行了啊，她多好看我心里有数,0
2025/3/20 22:44,感觉她肉肉的时候好可爱，现在怎么那么瘦了,0
2025/3/20 22:44,什么时候才可以停止对女明星的围剿[愉快],1
2025/3/20 22:44,我们一起学猫叫一起喵喵喵喵,0
2025/3/20 22:44,[微笑][微笑]作者是黑人家还是什么意思？,1
2025/3/20 22:44,宝宝太瘦了[流泪],0
2025/3/20 22:44,故意给人家拍成这样博流量搞笑,1
2025/3/20 22:44,哇塞，取关不是好久以前就开始了吗，最近突然又有热度了，到底是为什么呢？好难猜啊，应该不会是有人买热搜压自己的黑料吧,0
2025/3/20 22:44,现在剩五个了，怎么回事,0
2025/3/20 22:45,忧郁症这么可怕[发呆][发呆][发呆],0
2025/3/20 22:45,应该是这个距离这个灯光跟妆造有点像韩安冉吧，赵露思很漂亮了[宕机]但是这么看我自认为是有点像但其实仔细一看一点也不像,0
2025/3/20 22:45,复出活动的第一件事是成立千万级心理健康关爱基金，露思你真的[流泪][流泪][流泪]自己淋过雨也要为别人撑伞[泣不成声][泣不成声][泣不成声],0
2025/3/20 22:45,作者怕不是小黑粉[黑脸],1
2025/3/20 22:45,为啥锐化成这样？好难猜呀[愉快],0
2025/3/20 22:45,其实吧，这些说以前更好看的人，你把赵露思不同时期的照片给他看，他根本不知道哪个是以前[憨笑]就知道长着一张嘴说人家变丑了哈哈哈哈,1
2025/3/20 22:45,我想娶赵露思，应该达到什么境界[泣不成声],1
2025/3/20 22:45,没人逼zls取关哈[尬笑][尬笑],0
2025/3/20 22:45,笑得想死 硬黑有意思吗 刁钻角度?锐化拉满 [调皮],1
2025/3/20 22:45,他关注谁管我屁事[捂脸][捂脸],1
2025/3/20 22:45,某些人锐化视频发上网蹭热度赚黑心钱我不说是谁[黑脸][黑脸][黑脸][黑脸][黑脸],1
2025/3/20 22:46,抱老外那会怎么没抑郁呢[憨笑],1
2025/3/20 22:46,但是，真不好看啊。,0
2025/3/20 22:46,如果你们非要拿她顶光和锐化过度的视频片面解读她那我也没办法[捂脸],0
2025/3/20 22:46,一群死网洛喷子真是越来越看不惯了天天点评别人对着镜子撒泡尿看看自己配不配吧,1
2025/3/20 22:46,我还以为多大的事呢[石化],0
2025/3/20 22:46,这包好好看,0
2025/3/20 22:46,无人关注，再给我推zls，我就中一千万[吐彩虹][吐彩虹][吐彩虹],1
2025/3/20 22:46,多多关注喜塔腊容音事件哈 亲自引导粉丝网曝素人 素质感人[比心],1
2025/3/20 22:46,她也不争气啊，她要干嘛啊我真想不通，明明只要正常一点就会被溺爱，她非蹦迪,1
2025/3/20 22:46,赵露思又不是今天才开始清列表的，到底是谁买的热搜[愉快]好难猜哦,0
2025/3/20 22:46,露丝复出活动的第一件事是成立千万级心理健康关爱基金，赵露思你真的[流泪][流泪][流泪]自己淋过雨也要为别人撑伞[流泪][流泪][流泪]，虽然我是个普通的宝妈，但是我真的很喜欢你,0
2025/3/20 22:46,赵露思又不是今天才开始清列表的，到底是谁买的热搜，好难猜哦,0
2025/3/20 22:46,姐姐都病成这样了还是退圈养病吧 前同事们无妄之灾,1
2025/3/20 22:46,单曲去丝,1
2025/3/20 22:46,现在就剩五个了,0
2025/3/20 22:46,某些人你们真的好“单纯”啊，搞得好像取关了就是跟这个人断了关系一样。笑死了，成熟点吧，真正的朋友私底下好着呢，也不需要这种表面维系感情少操心,1
2025/3/20 22:47,她现在也很美啊 干嘛要这样搞别人,0
2025/3/20 22:47,我希望她回关我，这是我给他的机会,0
2025/3/20 22:47,赵露思的微博！赵露思的微博！你们对别人的钱那么大占有欲就算了 现在对别人的微博也那么大占有欲吗？？[捂脸][捂脸],1
2025/3/20 22:47,@? 这有啥可发的。。,1
2025/3/20 22:47,这滤镜[打脸],1
2025/3/20 22:47,这样起号 那我问你 你有没有,1
2025/3/20 22:47,典型抑郁表现，王自健好像以前就是这样,0
2025/3/20 22:47,虽然我没看懂作者宝宝发的是什么意思，但是露思宝宝一定要好好的[调皮][调皮][调皮],0
2025/3/20 22:47,一个能得抑郁症的人，肯定是个好人,0
2025/3/20 22:47,国家大事,0
2025/3/20 22:47,我现在看她不烦别人。,0
2025/3/20 22:47,他真的好莫名其妙的,1
2025/3/20 22:47,活不起了不喜欢可以不讨论别蹭人流量,1
2025/3/20 22:48,但是我想说 宝宝的头怎么平平的 好好笑 也好可爱,0
2025/3/20 22:48,到底要想把赵露思折磨死啊 到底是谁买的热搜啊？这么看不惯赵露思[捂脸],1
2025/3/20 22:48,赵露思无妄之灾[流泪][流泪][流泪][流泪],0
2025/3/20 22:48,老天爷 这还不好看？[捂脸]内娱都是御姐型大美女 她这种可爱型的小美女已经算很美的了,0
2025/3/20 22:48,先声明我不追星哈也不黑星，只说感觉，我还是比较喜欢最初陈芊芊的那个zls[捂脸],0
2025/3/20 22:48,病了就去好好养病，别鸡毛蒜皮的都买热搜了。没完没了,1
2025/3/20 22:48,关老子屁事！有病就去医院治,1
2025/3/20 22:48,妈呀，看完这个视频更明白了她有多美，毕竟这么死亡的滤镜也能扛住，嘿嘿嘿[黑脸],0
2025/3/20 22:48,她怎么样都喜欢她，甜美的小女子[赞],0
2025/3/20 22:48,莫名其妙的，取关就取关呗。这都能上热搜,0
2025/3/20 22:48,不是，人家想取就取如何了呢不理解,1
2025/3/20 22:48,不是怎么了呢怎么了呢怎么了呢[不失礼貌的微笑]取关了能说明什么呢[不失礼貌的微笑]有些人真是无聊到头了,1
2025/3/20 22:49,重新出发归重新出发，清空列表有啥用啊？[尬笑][尬笑][尬笑],1
2025/3/20 22:49,啊这是刚刚？,0
2025/3/20 22:49,恶评的人可以gun了[尬笑]，眼睛瞎了就去看医生,1
2025/3/20 22:49,赵[玫瑰],0
2025/3/20 22:49,本来就很美，为啥要在意别人的看法[泣不成声],0
2025/3/20 22:49,他咋了??,0
2025/3/20 22:49,神经病？数据调成啥样了？当所有人没看过她原相机拍的视频吗？,1
2025/3/20 22:49,这辈子没骂过她 下辈子让我长这样谢谢,1
2025/3/20 22:49,我也是一个人都没关注,0
2025/3/20 22:49,越来越像杨紫,0
2025/3/20 22:50,人做自己就好，真的很快乐,0
2025/3/20 22:50,抑郁症好吓人的，只有你自己有了才知道可怕，,0
2025/3/20 22:50,从20年开始，我感觉我的账hao不对劲，莫名其妙转发了一条素人wb，我也不记得我要引/导芬丝wang报素人女孩。有时候看wb时都在想，什么时候转发过那条wb，怎么不记得了。因为这种情况不太明显，当时以为是bug，或者自己忘了，并没有太在意。指路????     喜塔腊容音,0
2025/3/20 22:50,@你又在哭 评论一眼托,1
2025/3/20 22:50,从爱跟人聊天到一个朋友都没有 感觉越活越无趣了,0
2025/3/20 22:50,抑郁症就是这样，曾经我也删除了所有人的Q，电话不接，微信不回，我是从废墟中爬出来的，生死看淡，无所谓了，加油露思,0
2025/3/20 22:50,故意了吧这锐化[微笑],0
2025/3/20 22:50,喜塔腊容音,0
2025/3/20 22:50,@漁 天啊我真的很无语,0
2025/3/20 22:50,"兑化这么严重干嘛，好难猜啊
去年武汉宝格丽，人爆满好吧~_~",1
2025/3/20 22:50,巨美,0
2025/3/20 22:50,最后一个关注的人是我，为啥要取关？不是挺好的吗？,0
2025/3/20 22:50,快点退圈吧,1
2025/3/20 22:51,评论区的喷子又在攻击人家长相,1
2025/3/20 22:51,让我们来猜猜开锐化是为了什么[舔屏],0
2025/3/20 22:51,博主，说话好有引导味～可我只想知道喜塔腊容音事件[玫瑰],1
2025/3/20 22:51,猜你想看：喜塔腊荣音??,0
2025/3/20 22:51,善良的露思 希望她往后越来越好,0
2025/3/20 22:51,他们如果放平心态  安于现状 随遇而安 会不会快乐和健康很多,0
2025/3/20 22:51,逆天,1
2025/3/20 22:51,和我又有什么关系，放个屁都能当焦点，真的搞笑死了,1
2025/3/20 22:51,剩一个了,0
2025/3/20 22:51,取关就取关呗，关你们啥事，你们不也经常删除关注吗,0
2025/3/20 22:51,退出娱乐圈吧 这圈不适合你@赵露思的微博,1
2025/3/20 22:52,她那么好的一个小女孩 做过很多慈善捐款[流泪]就因为露思好欺负是吗[流泪],1
2025/3/20 22:52,这个病怎么那么容易得[流泪],0
2025/3/20 22:52,看着像是灯光问题诶,0
2025/3/20 22:52,鬼迷日眼的,1
2025/3/20 22:52,肉丝真的是一个很善良很好的女生[流泪],0
2025/3/20 22:52,露思就是很美呀,0
2025/3/20 22:52,宝宝萌，露丝三个月前就取关了[叹气][叹气]，不知道YXh现在才从棺材里跳出来，我们多关注喜塔腊容音的事，不然没有热度,1
2025/3/20 22:52,与我们有啥关系啊,0
2025/3/20 22:52,招笑关我吊事,1
2025/3/20 22:52,你正在参与网暴,1
2025/3/20 22:52,咋赵露思一出来都能把有些人气死[黑脸],1
2025/3/20 22:52,赵露思养活了所有营销号[憨笑],1
2025/3/20 22:52,不是这种破事都tmd能上热搜,1
2025/3/20 22:52,多好看的女孩怎么变这样了？,1
2025/3/20 22:52,萌晕了[惊喜],0
2025/3/20 22:52,我想我可以帮到你。,0
2025/3/20 22:52,我勒个豆豆，这是瘦成这样的吗？这，这有点太离谱了吧！,1
2025/3/20 22:53,受到了光明会的指引,0
2025/3/20 22:53,赵露思又不是今天才开始清列表的，到底是谁买的热搜[愉快]好难猜哦,0
2025/3/20 22:53,弹幕都在说奇怪，但是哪怕锐化成这样我也觉得视频里美得要死，这种光线这个动作美成这样还要怎样啊[愉快]到底哪丑哪变了，这不一眼就能认出来吗[愉快],0
2025/3/20 22:53,很共情以前我也是这样觉得的,0
2025/3/20 22:53,心病还需心药医,0
2025/3/20 22:53,取关啊 那可太严重了 惩罚赵露思与银河酷娱解约吧[比心][比心][比心][比心],1
2025/3/20 22:53,不是，取关这么小的事情，也能上热搜,0
2025/3/20 22:53,@KKVV 这作者为了流量也是什么都能干出来哈，用虞头像发过度锐化zls，带节奏也是很厉害啊[捂脸][捂脸][捂脸],1
2025/3/20 22:53,微博仅留待播剧官微，新剧要爆？[看],0
2025/3/20 22:53,实惨女明星，明明好好待着，动不动就被拉出来挡枪挡热搜,1
2025/3/20 22:54,弹幕说像韩安冉的真的疯了,1
2025/3/20 22:54,都挺喜欢她的，至今没成为粉丝就是因为她的粉丝哈，说真的她被黑她的粉丝功不可没别找借口,1
2025/3/20 22:54,微博仅留待播剧官微，新剧要爆？[看],0
2025/3/20 22:54,之前帮她宣传剧的好惨,0
2025/3/20 22:54,还是胖胖的时候可爱，有她自己的独特味道，被公司折磨的瘦的都不像我认识的赵露思啦,0
2025/3/20 22:54,我没懂，大家的意思是这个视频是在黑她吗？可是这样也好美啊,0
2025/3/20 22:54,某些人真的恨死赵露思了[黑脸]这次黑热搜也是莫名其妙 当初取关的时候咋没人说 现在过去几个月了又被骂了[黑脸][赞],1
2025/3/20 22:54,剩5个了,0
2025/3/20 22:55,又开始炒作了[捂脸]赚了这么多换我我也抑郁,1
2025/3/20 22:55,某人不是951吗 怎么就只有拿别人挡枪这点手段呀??,1
2025/3/20 22:55,露思又被某某女明星买营销遮盖自己的黑料,1
2025/3/20 22:55,怎么这么萌[憨笑]@irryy_ @Y呆呆呆呆呆呆呆呆呆呆 @畔旷 @Otakucat @滚,0
2025/3/20 22:55,好家伙都之前的活动还拿出来骂啊？之前就骂现在还骂 [捂脸],1
2025/3/20 22:55,已经精神病了,1
2025/3/20 22:55,对的，希望大家都这么想，就是要有这种心态，管她呢，是她的事，跟自己无关，不要去乱搅和就行了。,0
2025/3/20 22:55,我换号码了！谁都没告诉，就是想谁都找不到我！也不需要关心！麻烦,1
2025/3/20 22:55,她粉丝呢？赶紧来认领啊??,0
2025/3/20 22:55,感觉评论里的有些人真的一眼保胎的[憨笑],1
2025/3/20 22:55,说好的girls help女孩呢 哈喽 评论区某些人还在吗[捂脸][捂脸],0
2025/3/20 22:55,一月份的事情到三月份来说？,0
2025/3/20 22:55,sjb,1
2025/3/20 22:56,不过在大部分人的世界你我都不用考虑一些世俗的一些东西。考虑自己坚定的对任何人都需要自私一点。不过你的最重要的人绝对不可不能自私哦[拳头],0
2025/3/20 22:56,银河酷娱被指压榨，取关或是解约信号[看],1
2025/3/20 22:56,拍摄者手机摄像头放大倍数加光影，评论区黑啥呢想不懂，要你站那里让人拍估计得让人拍成元谋人,1
2025/3/20 22:56,路人指路：喜塔腊容音,0
2025/3/20 22:56,非粉！我就坐这看着，谁又在这犯病！女生不要对女生恶意那么大！什么时代了！穿衣自由！妆发自由！我倒是要看看，谁裹小脚用的裹脚布把脑子也裹了！,1
2025/3/20 22:56,还想让她美成什么样子啊，都美成这样了，不喜欢看这样的美女，难不成喜欢我这样的[憨笑][憨笑][憨笑][憨笑][憨笑][憨笑],0
2025/3/20 22:56,评论区有些人少来这一套好吗？这场活动我朋友去了，线下很美的哈[憨笑]，那些网上喷的建议下次有活动去现场看了再喷哈，老在网上看些糊照就听风就是雨，你如果用个像素很低七八年前出的手机自拍，拍出来又糊又丑，你会觉得是你自己长的不好看吗？还不是要怪手机差,1
2025/3/20 22:56,还以为干了什么伤天害理的事呢，原来是取关啊，谁买的热搜好难猜哦,0
2025/3/20 22:56,她生病前好像呼救过，为什么没人重视呼救,0
2025/3/20 22:56,有时候有些人的眼睛真的该看看了[送心],1
2025/3/20 22:56,这货能不能少买点热搜？  这货能不能少买点热搜？  这货能不能少买点热搜？  这货能不能少买点热搜？  这货能不能少买点热搜？  这货能不能少买点热搜？,1
2025/3/20 22:56,倒是是怎么回事，可以给我解释一下吗？,0
2025/3/20 22:56,好好听 努力对粉丝的好宝宝[蜜蜂狗],0
2025/3/20 22:56,人好了 黑子又来了,1
2025/3/20 22:56,自卑是无底洞,0
2025/3/20 22:56,不攻击赵露思感觉营销号就会死[黑脸],1
2025/3/20 22:56,我们鹭鸶女王行为怎么啦,0
2025/3/20 22:56,好没素质,1
2025/3/20 22:57,这货能不能少买点热搜？  这货能不能少买点热搜？  这货能不能少买点热搜？  这货能不能少买点热搜？  这货能不能少买点热搜？  这货能不能少买点热搜？,1
2025/3/20 22:57,要把人逼死才得逞是不 嘴巴是不是恶毒的太刻薄了 对女生温柔一点会si吗,1
2025/3/20 22:57,把人当傻子嘛[微笑],1
2025/3/20 22:57,我以为自那以后大家就开始爱她了，然而并没有[黑脸],1
2025/3/20 22:57,又作,1
2025/3/20 22:57,我的妈呀，露思的腿好细啊,0
2025/3/20 22:57,别给我赵露思开锐化了[微笑]??,0
2025/3/20 22:57,咱露思还是太红啦[调皮],0
2025/3/20 22:57,赵露思又不是今天才开始清列表的，到底是谁买的热搜[愉快]好难猜哦,0
2025/3/20 22:58,这货能不能少买点热搜？  这货能不能少买点热搜？  这货能不能少买点热搜？  这货能不能少买点热搜？  这货能不能少买点热搜？  这货能不能少买点热搜？,1
2025/3/20 22:58,为什么一个个正经媒体会去关注一个负能量的人,1
2025/3/20 22:58,她生图不是挺好看的[撇嘴],1
2025/3/20 22:58,哈哈哈哈哈哈哈 我真的很想给她私信 太可爱了 可是机会都用完了[流泪][猪头],0
2025/3/20 22:58,呵，博主你是是黑粉吧,1
2025/3/20 22:58,(首先我先声明，我真不是黑子[流泪])第一：这是赵露思自己的微博，她想关注谁、她想取关谁，那是她的自由。但是第二：我记得她还有好几部代播作品没上呢吧，这时候取关不太好吧，毕竟如果剧播了，还要互动宣传吧。还有一种可能，是不是和公司有关系啊？(以上只是我的猜测，不黑，希望露思越来越好[抱抱你]),0
2025/3/20 22:58,从今年3月份开始，我感觉我的账号不对劲，经常会莫名其妙取关一些人，关注列表里有些人似乎也没有印象是我取关过的。有时候看微博时都在想，什么时候关注过这个人，怎么不记得了。因为这种情况不太明显，当时以为是bug，或者自己忘了，并没有太在意。 #没有伤害任何人所以不该不开心#,0
2025/3/20 22:59,不热搜谁知道他有活动？她活动谁会想关注,1
2025/3/20 22:59,@没有答案 鼻子怎么回事,1
2025/3/20 22:59,这么漂亮这么美好的女孩子 为什么要黑她啊[流泪],0
2025/3/20 22:59,取关了然后呢想表达什么？,1
2025/3/20 22:59,家妻的鼻梁和岳父一样优越[憨笑][赞],0
2025/3/20 22:59,怎么瘦成这样了[流泪]好心疼她（不是粉丝,0
2025/3/20 22:59,多关心家人健康吧,0
2025/3/20 22:59,露丝好瘦啊 [流泪],0
2025/3/20 22:59,假发吗？感觉黑头发配这个黑裙子会更好看,0
2025/3/20 22:59,路人 这都美成啥样了 还有人喷呢,1
2025/3/20 22:59,现在她怎么这么讨厌   做事风格  别喷我,1
2025/3/20 23:00,注意??，??的800个yxh ，要护主了,1
2025/3/20 23:00,她如果被雪藏了 她做网红带货 我都支持她[流泪] 她真的很好 不懂为什么一直有人黑她[流泪]都是女孩子[流泪],0
2025/3/20 23:00,好美[比心],0
2025/3/20 23:00,猜你想搜＃喜塔腊容音＃,0
2025/3/20 23:00,评论区看笑了 谁家明星不被骂[捂脸][捂脸]就你们家心疼自己主子,1
2025/3/20 23:00,好直好挺的鼻子,0
2025/3/20 23:00,欣赏下没开锐化的生图[舔屏]欢迎大家来预约许我耀眼[爱心],0
2025/3/20 23:00,这点比事也上热搜,1
2025/3/20 23:00,真的是拿赵露思当日本人整啊[尬笑],1
2025/3/20 23:00,@早  睡.,0
2025/3/20 23:00,不是啊，我挺好奇为什么人家取个关也要上热搜呢？一点小事都要上热搜，我真的觉得挺无语的,0
2025/3/20 23:00,可能关注的一个是    小谢,0
2025/3/20 23:00,这都什么时候的活动了，现在发出来,0
2025/3/20 23:00,你故意的吧作者调成啥样了,1
2025/3/20 23:00,主播可以讲讲喜塔腊容音吗,0
2025/3/20 23:00,怎么拍成这样 好怪,1
2025/3/20 23:01,现在一个关注,0
2025/3/20 23:01,故意锐化成这样[疑问]这是生得不能再生的原图，看作者头像就知道她是谁粉丝哈,1
2025/3/20 23:01,喜塔腊容音为什么不讲一下[憨笑],0
2025/3/20 23:01,是整的太多了吗？还是瘦的太不像了[捂脸],0
2025/3/20 23:01,哦 我睡觉了,0
2025/3/20 23:01,"顶着虞书欣的头像
发着锐化的视频
你在引导什么？
你皮下是想鹬蚌相争渔翁得利的谁粉丝？",1
2025/3/20 23:01,对呀，就是你这种人,1
2025/3/20 23:01,我说话难听我先走了,1
2025/3/20 23:01,猜大家想看喜塔腊容音，素人被明星引导网暴，露思被挡枪,1
2025/3/20 23:01,不是这视频锐化成啥样了[衰][衰]不良居心的人把自己也锐化成这样好不好[送心],1
2025/3/20 23:01,不是作为一个路人 我觉得有点迷惑[泪奔] 挺败好感和路人缘的 之前没觉得他很莫名其妙 是被人黑了还是怎么回事？[泪奔],0
2025/3/20 23:01,不会拍别拍,1
2025/3/20 23:01,知道为什么露思一出活动就有黑热搜嘛[黑脸]，因为那些人通过骂露思吐槽露思，那么露思粉丝就会在那个视频下骂那些人，而那些人就是通过你们这些评论来赚钱的，评论越多，推流越大，流量就很高，流量高了，自然而然，抖音就会给那些人发钱，不同的流量，钱也不一样，那些人都是通过吐槽那些明星来赚钱,1
2025/3/20 23:01,韩安冉即视感,0
2025/3/20 23:01,我真服了 取关都能被骂上热搜 支持取关自由,1
2025/3/20 23:02,这脸动得太明显了，演员还是要靠演技吃饭啊,1
2025/3/20 23:02,又来了，熟悉的套路，差不多得了,1
2025/3/20 23:02,这个姐原先还是很喜欢他的 只不过太做了,1
2025/3/20 23:02,为撒老欺负露思，是没新闻报道了么,1
2025/3/20 23:02,你都给P成啥样了[听歌],1
2025/3/20 23:02,人家这给你们又没关系[暗中观察],0
2025/3/20 23:02,@罗宝宝懒懒 这 快不认识了[泪奔],0
2025/3/20 23:02,头像是谁 皮下是谁 用这么锐化的视频要干嘛 好难猜啊,1
2025/3/20 23:02,这是什么时候的？复出了吗,0
2025/3/20 23:02,@河狸仪: 一月份就取关了，为什么现在被拉出来呢[流泪]好难猜啊～可以搜索一下:喜塔腊容音,0
2025/3/20 23:02,长的好看吗？,1
2025/3/20 23:02,我都不知道微博还有单双之分年纪大了真的 现在小孩都在干嘛啊,0
2025/3/20 23:03,评论区阴阳怪气的说虞的是在[黑脸],1
2025/3/20 23:03,你是虞书欣粉丝吗？不是粉丝能不能不要顶着欣欣的头像呢？,1
2025/3/20 23:03,哇塞作者什么目的好难猜,0
2025/3/20 23:03,好了我要睡觉了晚安[抱抱你],0
2025/3/20 23:03,@Xx0c 看评论区,0
2025/3/20 23:03,@你高攀不起的彩虹蓝莓小点心 世界能不能对女性好点 不对是赵露思[憨笑],0
2025/3/20 23:03,真够了。别给抑郁症招黑了,1
2025/3/20 23:04,无语?? 这能上新闻，让人管的,1
2025/3/20 23:04,干嘛要整这样[憨笑][赞]，和睦相处不好吗[憨笑][赞],0
2025/3/20 23:04,如果有病就找个地方，好好养病,1
2025/3/20 23:04,明明辩识度那么高，又美丽，还要整容[斜眼],1
2025/3/20 23:04,抑郁症最好的药就是爱人，有一个会爱她的人，要是没有她的父母带着她开个农场吧，,0
2025/3/20 23:04,好难猜呀  头像是不是??啊  把露丝抹黑成这样[调皮],0
2025/3/20 23:04,[捂脸]挺离谱的，这都要被骂么,0
2025/3/20 23:04,利用完网红打call，当然要清关了,1
2025/3/20 23:04,看到头像 破案[黑脸],1
2025/3/20 23:04,这都是多久之前的事了。。现在又被拿出来上一次热搜。。[憨笑][玫瑰]在给谁当垫背的呢，好难猜啊,1
2025/3/20 23:04,某些人说长得像韩安冉  列表都没关注 你最在意了[大笑][比心],0
2025/3/20 23:04,喜塔腊容音是什么呀，发生了什么,0
2025/3/20 23:04,好美好美好美,0
2025/3/20 23:04,哈哈哈哈哈剩五个了。,0
2025/3/20 23:04,太Low了 这个艺人到底是谁在粉？,1
2025/3/20 23:05,@tokuno 我真的无语了取关又干嘛了我直接了,1
2025/3/20 23:05,喜塔腊容音是什么呀，发生了什么,0
2025/3/20 23:05,[泣不成声]但是整容真的是想不开了，，，,1
2025/3/20 23:05,好漂亮啊宝宝,0
2025/3/20 23:05,这个视频怎么说呢  明眼人都能看 糊的不行 然后为了清晰锐化之后就这玩意[捂脸][捂脸][捂脸][捂脸][捂脸][九转大肠],1
2025/3/20 23:05,不整容那该多好啊！,1
2025/3/20 23:05,大家都在搜喜塔腊容音,0
2025/3/20 23:05,作者手机不行，建议去换一台,1
2025/3/20 23:05,本来是不喜欢的，但是那些无脑黑的人让我觉得她还挺不错的,1
2025/3/20 23:05,受不了了萌,0
2025/3/20 23:05,喜塔腊容音我为素人发声,0
2025/3/20 23:05,人家本人已经美成这样了，不知道为啥还有人黑人家的外貌，无语了[绝望的凝视][绝望的凝视][绝望的凝视]（非粉路人）,0
2025/3/20 23:05,@??????,0
2025/3/20 23:05,颠??,1
2025/3/20 23:06,关你屁事,1
2025/3/20 23:06,恶意满满弹幕和锐化拉满的视频 配这个文案 不讽刺么？,1
2025/3/20 23:06,路人指路：喜塔腊容音,0
2025/3/20 23:06,信我是秦始皇[看],0
2025/3/20 23:06,真的好烦她啊，别再买热搜了[尬笑],1
2025/3/20 23:06,这么好看为什么有人黑,1
2025/3/20 23:06,吞画质了吧 生图应该要更好看点,1
2025/3/20 23:07,也取关了我,1
2025/3/20 23:07,什么时候对男明星严格一点[捂脸],0
2025/3/20 23:07,事儿逼，滚,1
2025/3/20 23:08,从小谢一事后，本路人永远支持赵露思！,0
2025/3/20 23:08,闲的慌啊，这有什么好上热搜的哟，真逮着露丝欺负??[流泪][流泪][流泪],1
2025/3/20 23:08,见过一面本人巨美还很温柔[微笑],0
2025/3/20 23:09,这个赵露思真的是把我可爱死了呀[色][色]vb垃圾软件 现在她关注的用户就剩一个微博反垃圾 笑死我啦哈哈哈哈哈哈,1
2025/3/20 23:09,她如果被雪藏了 她做网红带货 我都支持她[流泪] 她真的很好 不懂为什么一直有人黑她[流泪]都是女孩子[流泪],0
2025/3/20 23:09,你这画质脸都糊成啥样了[黑脸],1
2025/3/20 23:09,我感觉她越来越像韩国一个女明星,0
2025/3/20 23:09,我把所有的视频都删了，也没人关注我。[尬笑],0
2025/3/20 23:09,wa[泪奔]人怎么可以美成这样[流泪]@敏敏子.,0
2025/3/20 23:09,怎么回事 为什么会取关？,0
2025/3/20 23:09,赵露思是真的好欺负啊[捂脸][感谢]看得出来，她是真的善良，为撒大家还不肯放过她，这么好的一个女孩子[泪奔][泪奔],0
2025/3/20 23:09,现在就剩一个了,0
2025/3/20 23:09,怪咖 真是粉随正主,1
2025/3/20 23:10,[捂脸][捂脸]屁事儿还上热搜[尬笑][尬笑],0
2025/3/20 23:10,瘦的不认识了！,0
2025/3/20 23:10,别太恨她了…永远不要围剿任何一个没有过错的女性[困],0
2025/3/20 23:10,我还是觉得她以前好看，现在感觉怪怪的,1
2025/3/20 23:10,@005 8她要咋滴啊[黑脸],1
2025/3/20 23:10,怎么把我取关了？,0
2025/3/20 23:10,人经历一次大病，真的会看透很多人。,0
2025/3/20 23:10,是接的头发吗？ 之前看住院的帖子好像是短头发。,0
2025/3/20 23:10,小太妹，一开始特别喜欢她这一款。然后她对国人男女授受不亲，对外国男的就不讲究这些了 一下子恶心到吐 ，果然糊了,1
2025/3/20 23:10,陈芊芊的时候他只是体态不太好，但也是一个很漂亮很可爱的女孩，很有自己的特色，也很有记忆点，网络上的黑子喷她这不好那不好，不粉她但是确实真挺让人心疼的。,0
2025/3/20 23:10,人其实从来到头一直都是一个人罢了，要学会理解孤独，接受孤独，享受孤独，至于其他不强求，得之我幸，失之我命，随缘即好。,0
2025/3/20 23:10,[发呆][发呆][发呆],0
2025/3/20 23:11,最近忙没关注，露思生病已经好了吗？,0
2025/3/20 23:11,这么明显的锐化 说认不出的可以自己随便找一个明星的视频 锐化一下就知道有没有锐化了[送心],0
2025/3/20 23:11,妈呀！露思看起来那么开心漂亮的人怎么会这样[流泪],0
2025/3/20 23:11,好看[呆无辜][呆无辜],0
2025/3/20 23:11,大姐是人家取关别人[捂脸],0
2025/3/20 23:11,啊这调失真了都要[泪奔],0
2025/3/20 23:11,一定要开开心心[比心],0
2025/3/20 23:11,我滴妈。。别人取关咋了。。不知道的还以为她犯法了,1
2025/3/20 23:11,有些人追星追的比自己爹妈还上心[尬笑],1
2025/3/20 23:11,路人：她的脸跟以前真的不一样了，好喜欢以前那张圆圆可爱的脸,0
2025/3/20 23:11,生活都这么忙了 哪有时间关心这些明星的私生活,0
2025/3/20 23:12,发生什么了路人想知道[可怜],0
2025/3/20 23:12,医学奇迹女  又滚出来秀了,1
2025/3/20 23:12,哈哈哈哈哈哈,0
2025/3/20 23:12,赵露思是谁??,0
2025/3/20 23:12,远离是非才能活得久,0
2025/3/20 23:12,@修心不养性 @我爱吃土豆泥,0
2025/3/20 23:12,大家通过有时间可以去微博搜一下喜塔腊容音[呲牙][赞],0
2025/3/20 23:12,有些人一看到赵露思简直不要太嫉妒了[愉快][赞],1
2025/3/20 23:12,超可爱宝宝一枚,0
2025/3/20 23:12,@?? 啊哟我去 我觉得这个视频也很美啊 咋吵起来了,0
2025/3/20 23:12,到底取关了谁,0
2025/3/20 23:13,当真觉得我眼瞎啊[尬笑]非粉某些人真没必要~看美女真实生图,1
2025/3/20 23:13,@吃炒米粉了吗,0
2025/3/20 23:13,我的微信就是一个摆设，好多年前就清空朋友圈和好友了，通讯录也清空了，抖音也只有我自己，我的手机一年都响不了几次，一直都是这样的，我讨厌太多的外界干扰,0
2025/3/20 23:13,某些人借着露思的名义去提韩安冉这你都知道那你真是最在意了呢[大笑][比心],1
2025/3/20 23:13,该视频作者真的不是故意的呢[猪头][猪头],1
2025/3/20 23:13,怎么她做什么都要拿出来上一上热搜[捂脸]也太关心她的日常了吧[捂脸],0
2025/3/20 23:13,这是生病期间就取关了呀,0
2025/3/20 23:13,就是又做什么幺蛾子，又是哪位大佬，什么都能上热搜，累不累啊??#赵露思取关# #赵露思把韩安冉微信删了#,1
2025/3/20 23:14,喜塔腊容音,0
2025/3/20 23:14,皮下是谁好难猜哦,0
2025/3/20 23:14,[泪奔]真是天天研究人家逮着不放,1
2025/3/20 23:14,干嘛的？,1
2025/3/20 23:14,很好看啊 咋啦,0
2025/3/20 23:14,饿了么订单已送达[憨笑][赞],0
2025/3/20 23:14,这都能被营销号送上热搜，赵露思是得罪谁了吗这么惨,1
2025/3/20 23:14,这人为什么这么多热搜？,1
2025/3/20 23:15,我想知道#喜塔腊容音 的瓜[憨笑]怎么yxh不发这个？有什么心事吗？[憨笑],0
2025/3/20 23:15,我零关注我也抑郁了吧,0
2025/3/20 23:15,额 这都要管？盯着她不放了是吧,1
2025/3/20 23:15,够了 都这么美了还要怎样 不粉但是真的觉得有些人别对女明星太苛刻[微笑],0
2025/3/20 23:15,莫名其妙,0
2025/3/20 23:16,又开始了[微笑],0
2025/3/20 23:16,你们真的是没什么新闻可发了,1
2025/3/20 23:16,赵露思是真的好欺负啊[捂脸][感谢]看得出来，她是真的善良,0
2025/3/20 23:16,多喜欢她的为啥又说这事了？,0
2025/3/20 23:16,这大厦避风了吧,0
2025/3/20 23:17,[流泪],0
2025/3/20 23:17,农村孩子的咋没有抑郁症,1
2025/3/20 23:17,又开始买热搜了吗[憨笑],1
2025/3/20 23:17,我还以为什么事?????,0
2025/3/20 23:17,赵露思是真的好欺负啊[比心][比心][玫瑰][玫瑰]看得出来，她是真的善良[赞][赞],0
2025/3/20 23:17,嘚的干嘛老说人家爱干嘛干嘛呗无语了她早取了咯这个社会真的不要戾气太重了吧无论什么人干什么事情都会被恶意揣测我去这小事都把人上热搜我真服了[尬笑]实际上就是想要热度哈[捂脸],1
2025/3/20 23:17,看的出來趙露思得罪人的，時不時拿她出來擋槍?????♀?,1
2025/3/20 23:17,我爱你赵露丝,0
2025/3/20 23:17,医美是不是过头了[皱眉],0
2025/3/20 23:17,一点屁事还占公共资源,1
2025/3/20 23:17,2.1w点赞，不愧是赵露思[憨笑][赞],0
2025/3/20 23:17,纯路人 不看评论不知道世界上这么多恶毒的人,1
2025/3/20 23:17,韩安冉真是什么都蹭,1
2025/3/20 23:18,垃圾新闻,1
2025/3/20 23:18,最新的露思，昨天刚刚发的ins（冷知识，作者发的是以前的视频，说又变了，你们也是搞笑）,0
2025/3/20 23:18,@你不孤单 @木雨^_^ @√-√. [黑脸],1
2025/3/20 23:18,她在为自己的人生做减法,0
2025/3/20 23:18,这视频丑化了吧[捂脸][捂脸][捂脸]不过鼻子有点怪怪的，没有恶意哈，看了评论区的图片，也觉得鼻子没有以前自然！,0
2025/3/20 23:18,可能是她知道了  事教人,0
2025/3/20 23:18,竟然是 重度滤镜+锐化 也挡不住的美貌吗[憨笑][舔屏][舔屏][舔屏],0
2025/3/20 23:18,唉，得罪高层，看来被封杀不远了，娱乐圈就是大染坊。,1
2025/3/20 23:18,其实我感觉露丝不是不好看只是有的妆造不好看（路人[流泪]）,0
2025/3/20 23:18,最该清零的是她那些丑照,1
2025/3/20 23:19,越来越讨厌她了 实话很作很作已经过头了[再见] [尬笑],1
2025/3/20 23:19,希望出一期《 喜塔腊容音》,0
2025/3/20 23:19,天蝎座就是这样,0
2025/3/20 23:19,这一个大概是她的助理,0
2025/3/20 23:20,网暴素人咋不上热搜呢，还是露思太火，有讨论度啥的，现在又被拉出来挡枪[尬笑],1
2025/3/20 23:20,得抑郁症的人，都是很善良很善良的人,0
2025/3/20 23:20,会骑马。必须取关[赞],1
2025/3/20 23:20,人家取关也管啊[宕机],1
2025/3/20 23:21,一脸懵逼,0
2025/3/20 23:21,对女生的恶意不要这么大好吗[黑脸],1
2025/3/20 23:21,"我不是她的粉丝，一个纯纯路人
她是一个努力的小女孩，她克服了一些正常人所克服不了的磨难（互联网没有记忆吗），每当她有机遇向前迈步的时候终是会有一些莫名其妙的事件发生，这次也一样，很难猜测………………（怕被人肉）",0
2025/3/20 23:21,这鼻子[赞],0
2025/3/20 23:21,666，我们改名叫炮头军团好吗，粉zls的没点抗压能力都干不下去[憨笑][赞],1
2025/3/20 23:21,喜塔腊容音上不了热搜，营销号集体沉默，取关上热搜，营销号集体复活[憨笑],0
2025/3/20 23:21,还以为清除粉丝了？只是清除关注，那不是很正常么,0
2025/3/20 23:21,“韩安冉顶着骂名替赵露思宣传”你读这句话自己笑了没孩子 宣传之后到底谁在一直被骂,1
2025/3/20 23:22,其他不说，她还有代言什么的吧。。。这又是搞哪出，要退圈？,1
2025/3/20 23:22,喜塔腊容音上不了热搜，营销号集体沉默，取关上热搜，营销号集体复活[憨笑],0
2025/3/20 23:22,那些键盘手 能不能手下留情，即使她不优秀，即使她不出众，起码她没有伤害任何人，她在我们看不到的地方做着公益，在我们看不到的地方默默帮助着那些需要帮助的人，求你们放过她，给自己积点阴德，@赵露思 露思加油,0
2025/3/20 23:22,信她长视频这样的也是神人，怎么可能嘴巴跟鼻子连在一块，都糊成一团了调成啥样了都,1
2025/3/20 23:22,轻面师傅荞麦太贵了，只有10元钱了，要是有卷就好了,0
2025/3/20 23:22,我:这是什么情况？,0
2025/3/20 23:22,真是闲的，什么都要关注，这些人跟狗仔有什么区别,1
2025/3/20 23:22,呃，恶意别这么大行吗,1
2025/3/20 23:22,祝赵露思一路都好,0
2025/3/20 23:22,她如果被雪藏了 她做网红带货 我都支持她[流泪] 她真的很好 不懂为什么一直有人黑她[流泪]都是女孩子[流泪],0
2025/3/20 23:22,关你屁事啊,1
2025/3/20 23:22,别人帮她宣传剧，她人情还完了吗,1
2025/3/20 23:23,有毛病吧啥事都热搜[暗中观察],1
2025/3/20 23:23,首先人家生病的时候做的那时候抑郁情绪不稳定 其次这是什么大事吗？平台互关而已大家vx没删除还可以正常联系呀,0
2025/3/20 23:23,哦,0
2025/3/20 23:23,真有意思[强壮]锐化成这样[憨笑]作者??????,0
2025/3/20 23:23,萌晕了,0
2025/3/20 23:23,真的 我自己没那么喜欢露思 但是！人家爱取关就取关被 这个小事情也能被骂[微笑] ，我真的怀疑这个是在挡别的事爆发[微笑]，一个纯路人的发言,1
2025/3/20 23:23,她不是还要拍新剧吗 怎么还取关了呀不想混了？,1
2025/3/20 23:23,只心疼露露,0
2025/3/20 23:23,利用完就踹啊,1
2025/3/20 23:24,这关我啥事？,0
2025/3/20 23:24,赵露思又不是今天才开始清列表的，到底是谁买的热搜[愉快]好难猜哦,0
2025/3/20 23:24,露思发微博了[流泪][流泪][流泪][流泪],0
2025/3/20 23:24,多正常吖，我就是这样吖，我一段时间就清理一下微信，抖音,0
2025/3/20 23:24,关注了也不看，关注几个经常看的就行了,0
2025/3/20 23:24,@猫咪纹（嘘国王在冬眠优酷播） 这都上热搜[捂脸],0
2025/3/20 23:24,我就说怎么感觉他怎么老是清关[发呆]原来是又上了一次谁呀？这么有钱[看],1
2025/3/20 23:24,??粉别太好笑 现在开始营销大女主人设要重新开始了? 当初??取关劣迹艺人的时候你们可不是这个嘴脸 wb了好久啊,1
2025/3/20 23:24,这段时间账号没有在露思手上呀,0
2025/3/20 23:25,我发现现在的人就是有病 人家取关有啥大惊小怪的！,1
2025/3/20 23:25,@椰魚粥 评论区[捂脸],0
2025/3/20 23:25,看一下发布时间OK，又拿赵露思挡枪[尬笑],1
2025/3/20 23:25,@六千人: 喜塔腊容音,0
2025/3/20 23:25,动不动一个明星过世，生病，分手，出轨，都要上个新闻，这个不是普通人的日常吗？如果实在美新闻播了，你就放点正能量的电影,0
2025/3/20 23:25,喜塔腊容音,0
2025/3/20 23:25,@茗茗大王 评论区粉丝发的生图也像韩安冉啊[黑脸][强壮]韩安冉未精修VS韩安冉精修图[黑脸],1
2025/3/20 23:25,谁惹我不开心我就删了谁[黑脸],1
2025/3/20 23:25,很理解很理解,0
2025/3/20 23:25,#喜塔腊容音,0
2025/3/20 23:25,这是在干嘛,0
2025/3/20 23:25,@原来你也爱吃冰淇淋 牛,0
2025/3/20 23:26,#喜塔腊容音,0
2025/3/20 23:26,装模作样,1
2025/3/20 23:26,纯路人…为什么她这么多黑粉[噢买尬]干什么都被黑…代入真的会崩溃…,1
2025/3/20 23:26,支持开心就好,0
2025/3/20 23:26,喜塔腊容音上不了热搜，营销号集体沉默，取关上热搜，营销号集体复活[憨笑],0
2025/3/20 23:26,她如果被雪藏了 她做网红带货 我都支持她[流泪][流泪] 她真的很好 不懂为什么一直有人黑她[流泪][流泪] 都是女孩子,0
2025/3/20 23:26,她可以关闭抖音,0
2025/3/20 23:26,人家一月份发生的事情了现在爆出来，是为了替谁挡热搜啊[你不大行][你不大行]，再说人家连关注谁不关注谁的权利都没有了吗，人家自己的账号，有些人别太离谱[你不大行][你不大行],1
2025/3/20 23:26,这也能上个热搜，真是牛逼[赞],1
2025/3/20 23:26,支持女明星取关自由[感谢][感谢][感谢][感谢],0
2025/3/20 23:26,本来就很糊啊…已经不是顶流花了，网红顶流还差不多。。。,1
2025/3/20 23:26,她是做了什么十恶不赦的事吗，她取关所有人，是损失了别人的利益了嘛？只有她可以救自己，请留一下口德[玫瑰],1
2025/3/20 23:26,家人们到5了??,0
2025/3/20 23:26,神经,1
2025/3/20 23:27,说真的，我现在才认识她[愉快],0
2025/3/20 23:27,清个关注碍你们啥事了[捂脸],0
2025/3/20 23:27,赵露思又不是今天才开始清列表的，到底是谁买的热搜[愉快]好难猜哦,0
2025/3/20 23:27,取关就取关呗。我也想取关别人。咋就不热门。没人捧我,0
2025/3/20 23:27,也不是今天取关的，怎么突然top4了[尬笑],0
2025/3/20 23:27,额   关你们鸡毛事儿    咸吃萝卜淡操心,1
2025/3/20 23:27,放过赵露思吧[赞],0
2025/3/20 23:27,还好我没有微博，没有这些烦恼[看],0
2025/3/20 23:27,路人都知道赵露思养活了一大堆营销号[黑脸],1
2025/3/20 23:27,这是损害了谁的利益，???什么问题，还以为是什么大事,0
2025/3/20 23:27,没流量了，啥都干得出来,1
2025/3/20 23:27,滚,1
2025/3/20 23:28,有意思吗人家远离不开心的人有错吗,1
2025/3/20 23:28,矫情[呲牙],1
2025/3/20 23:28,关注一个了[尬笑],0
2025/3/20 23:28,之前是病，现在是取关，下一次用什么上热搜？,1
2025/3/20 23:28,喜塔腊容音这事儿要是和赵露思有关，不得在抖音weibo热搜住几天啊[尬笑],0
2025/3/20 23:28,别人的自由[抱抱你],0
2025/3/20 23:28,可能要解约了才取关了 不必过度解读,0
2025/3/20 23:29,不是她的粉丝，但是希望她保重自己，早日恢复,0
2025/3/20 23:29,重生之内娱顶流是我的粉丝[憨笑][憨笑],0
2025/3/20 23:29,为什么怎么对待她呢   就因为没有实力雄厚的背景吗就这么欺负吗    纯路人???♂?,1
2025/3/20 23:29,该[比心],0
2025/3/20 23:29,取关都能上热搜？能不能别推荐我，不想看[看][看][看],1
2025/3/20 23:29,是真的闹麻了 你下次干脆打个喷嚏也上个热搜吧 谁管你删不删列表,1
2025/3/20 23:29,人品极差，这人,1
2025/3/20 23:29,你们没有自己的事情干吗 天天盯着女明星的社交账号 她想关注谁就关注谁想取关就取关啊 到底跟你们路人有什么关系 还是单纯看不惯她 她做什么都是错的 ,1
2025/3/20 23:30,@明岳 @雷霆之王 逆天，这都能上新闻占用公共资源,1
2025/3/20 23:30,@金泰亨,0
2025/3/20 23:30,很好看啊这场 plq…,0
2025/3/20 23:30,屁大点事[捂脸],1
2025/3/20 23:30,我感觉自己抑郁时，也是朋友圈关闭，抖音私密取关了很多，理解,0
2025/3/20 23:30,也就曾黎去看过她吧！！！[灵机一动],0
2025/3/20 23:30,做得对！删除没用的社交，真的会救自己,0
2025/3/20 23:30,露思脸上再也没有以前那种古灵精怪的感觉了，现在的她就像失去了灵魂的躯壳，希望露思早日好起来，希望露思回到以前那个古灵精怪可可爱爱的露思[比心][比心][比心],0
2025/3/20 23:30,别在这各种挑事不知全貌不予置评,1
2025/3/20 23:31,她如果被雪藏了 她做网红带货 我都支持她[流泪] 她真的很好 不懂为什么一直有人黑她[流泪]都是女孩子[流泪],0
2025/3/20 23:31,支持女明星取关自由[感谢][感谢][感谢][感谢]女明星亲自下场引导粉丝网b是社会事件，请勿利用其他女明星转移视线??????,0
2025/3/20 23:31,不是刚生病的时候就取关过了吗[投降]就取个关都能上爆热搜，难评（让人家好好养病，先关注一些社会事件吧）,0
2025/3/20 23:31,流量大惹人眼红吗[流泪],1
2025/3/20 23:31,她不光好看脸让人忍不住想捏捏嘟嘟，还善良温暖细心、会营业爱营业宠粉情绪价值给的特别足，最重要的是现在还特别温柔自带一股妈妈味的气质看上去就能感受到整个人都是香喷喷软绵绵…所以梦赵露思，真是一件再正常不过的事啊??,0
2025/3/20 23:31,人情冷暖，当你亲身经历过后就自然会懂了…加油吧[强壮]人要学会好好爱自己，学会如何开怀自己才会过得开心自在[抱抱你]没什么是过不去的，办法总比困难多[比心],0
2025/3/20 23:32,我宝又被拉来挡抢了啊，yxh要不发发??,1
2025/3/20 23:32,喜欢,0
2025/3/20 23:32,人家也是人，想取关谁就谁就取关谁。现在的人真搞笑，人家离婚另找也要黑，人家取关也要上热搜[大笑],1
2025/3/20 23:32,赵露思到底得罪的谁，人已经生病了，还不放过[流泪][流泪],1
2025/3/20 23:32,他怎么这么多戏呢？？[擦汗][擦汗][擦汗],1
2025/3/20 23:32,@米糯糍粑??,0
2025/3/20 23:32,赵露思也是好起来了，出这么大的事都有人关注。,1
2025/3/20 23:32,这么一点逼事也要占公共资源,1
2025/3/20 23:32,又上热搜了，还得是我思nb，啥事都是热搜[看],0
2025/3/20 23:32,公司工作室都取关了别多想,0
2025/3/20 23:33,那怎么啦？我今天下午还一口气删了120多个好友呢。我单方面单删呢。,0
2025/3/20 23:33,这个小女孩怎么这么萌[舔屏][舔屏][舔屏],0
2025/3/20 23:33,去年的事情现在上热搜，这是逮着赵露思一个人薅啊[发怒],1
2025/3/20 23:33,喜塔腊容音,0
2025/3/20 23:33,为什么要取关啊？,0
2025/3/20 23:33,这种破事也要上我的抖音热门？[微笑],0
2025/3/20 23:33,多好的一个女孩子呀 到底是一直揪着不放[泣不成声],0
2025/3/20 23:33,赵露思 这两年天天搞这些盘外招干什么,1
2025/3/20 23:33,取关也挺好，不需要看那么多外界的东西，眼不见为净，身心也健康,0
2025/3/20 23:34,支持女明星取关自由[感谢][感谢][感谢][感谢]女明星亲自下场引导粉丝网b是社会事件，请勿利用其他女明星转移视线??????,0
2025/3/20 23:34,1,1
2025/3/20 23:34,我也是从200多降到1，从现在开始重新出发[愉快],0
2025/3/20 23:34,它干啥的？,0
2025/3/20 23:34,喜塔腊容音是什么呀，发生了什么,0
2025/3/20 23:34,这么优秀为啥会这样，,0
2025/3/20 23:34,我也要大量取关，重新开始[捂脸],0
2025/3/20 23:34,忘本打爆,1
2025/3/20 23:34,怎么不移除粉丝啊，没礼貌的下头行为,1
2025/3/20 23:35,理解不了现在的媒体了  芝麻大点的事也要报道 更何况这人也不是什么有名气的明星 [疑问]这么做究竟图个啥,1
2025/3/20 23:35,可惜了，颜值真的是断崖下跌，身体健康最重要,1
2025/3/20 23:35,谢谢大家 我要睡觉了,0
2025/3/20 23:35,别买了好吧，糊了算了买热搜真没用[尬笑],1
2025/3/20 23:35,人都是孤独的,0
2025/3/20 23:36,"爱你的人 依然爱你 
[比心]",0
2025/3/20 23:36,你给自己改个名当八卦狗仔得了[白眼],1
2025/3/20 23:36,看的出来她的公关团队挺敬业，时不时的买点流量露露脸，不然长时间不冒泡大家都把她忘了,1
2025/3/20 23:36,娱乐圈[看][捂脸],0
2025/3/20 23:36,屁大点事[赞],1
2025/3/20 23:36,这都能上热搜,1
2025/3/20 23:36,直接把账号注销了重新注册一个呗，取关有啥意思,1
2025/3/20 23:37,这不是赵露思，莫名其妙的一个人！,1
2025/3/20 23:37,我靠，这点事都能上热搜。。,1
2025/3/20 23:37,忧郁症的人是这样的，我也是，不想任何社交,0
2025/3/20 23:37,评论区ysx粉丝是有什么心事吗 管那么多,1
2025/3/20 23:38,感觉病还没好。身体最重要,0
2025/3/20 23:38,我不认识她,0
2025/3/20 23:38,今天看了露思最新发的??气的我有点心梗了好心疼[流泪],0
2025/3/20 23:38,也是忘本了,1
2025/3/20 23:39,我滴吗？我没记错的话，一月份已经清了很多了，怎么这个时候突然空降热搜第一？,0
2025/3/20 23:39,你太可惜了 婚都没结 跟我结婚吧 不留遗憾,1
2025/3/20 23:39,该不会要退圈了吧[苦涩][苦涩][苦涩],0
2025/3/20 23:39,这叫过河拆桥,1
2025/3/20 23:40,韩国明星一半不会关注很多人  她这样做也挺好的。??,0
2025/3/20 23:40,比她惨的人多就去了，明星被人践踏了，关心的人一大片，而你们这些关心他的人呢？爱人先要爱自己，睡觉去吧,1
2025/3/20 23:40,号没在她手上，也不是从今天开始取关的，怎么今天才上rs呢好难猜呀[憨笑][强壮],0
2025/3/20 23:40,纯占用公共资源上热搜，理解不了一点点,1
2025/3/20 23:40,so？[发呆],0
2025/3/20 23:40,纯路人感觉ysx粉丝有点过分,1
2025/3/20 23:40,不懂，这种行为是要退圈吗？（虽然我不是粉但我也不黑，且喜欢看她演的剧）单纯不理解这种行为,0
2025/3/20 23:41,能不能不要发这个 有谁闲的关注这些 能不能发点正能量的,1
2025/3/20 23:41,赵露思又不是今天才开始清列表的，到底是谁买的热搜[愉快]好难猜哦,0
2025/3/20 23:41,评论的都比点赞的多 看来她是真的惹人厌呀,1
2025/3/20 23:41,我真的好想知道，她怎么了发生什么事了，好想去安慰她……,0
2025/3/20 23:41,笑得我[黑脸]这不得把小黑子气死,1
2025/3/20 23:41,抑郁症才发现没有真朋友,1
2025/3/20 23:41,哈哈哈露思早就取关一个多月了，热搜莫名其妙就上了，营销号也全都上来了，好难猜呀是在压什么呢[捂脸],0
2025/3/20 23:41,之前一直无感，现在被黑粉搞的已经狠狠怜爱这个努力又阳光的女孩了,0
2025/3/20 23:41,评论区回旋镖虽迟但到哦，跑??各大rs团建的时候怎么没想过这天活该,1
2025/3/20 23:42,2025年年初就已经陆陆续续在取关了，为什么空降热搜哇好难猜[调皮]评论的各位网友们不知道的话去关注一下 喜塔腊容音 事件吧，毕竟天降宣传位给素人发声也好[赞][赞]也别说赵露思事多了哈，她真的无妄之灾[调皮],0
2025/3/20 23:42,他取关关注谁关我啥事 明星不能选择取关和关注谁吗 [黑脸][赞],1
2025/3/20 23:42,跟啥大事一样[捂脸],0
2025/3/20 23:42,也是一分钱不给营销号赚哈，去年生病时候的事现在上黑热搜，广场是谁家扑剧发疯好难猜呢[黑脸],1
2025/3/20 23:42,心理问题是很重要的问题 这个只能自己调整 调整不好就是伤害别人 至于自己 就是你自己爽就好了 更何况你是明星,1
2025/3/20 23:42,没关系们露思可能只是手滑了,0
2025/3/20 23:43,不在乎[舔屏],1
2025/3/20 23:43,有病就好好治，隔三差五这那的[我想静静],1
2025/3/20 23:43,生在五星旗下，每天都會看到感動的新聞,0
2025/3/20 23:43,总在批判女明星，到底要美成什么样才算美。要不批判一下男明星呢[憨笑]怎么没有普男这个词[憨笑][憨笑],0
2025/3/20 23:43,我也是从200多降到1，从现在开始重新出发[愉快],0
2025/3/20 23:43,换做是楼主，现在已经到出门接个广子因为妆容还被人骂biao子骂jian人，楼主又该如何应对呢,1
2025/3/20 23:44,长的好好的干嘛去整容哦[泪奔],1
2025/3/20 23:44,这有啥好上新闻的神经病,1
2025/3/20 23:44,合法急,1
2025/3/20 23:44,事多,1
2025/3/20 23:45,这个事情一直在被对家买热搜的感觉[宕机],0
2025/3/20 23:45,够了吧有些人黑的莫名其妙几百年前的事现在翻出来说没有其他能说的了吗[憨笑][憨笑]那叫网暴素人吗[捂脸][捂脸]不是在解释吗，别的男明星喷人就是哥哥真性情哥哥好棒，到了女明星就是喔有罪,1
2025/3/20 23:45,一月份就取关了，为什么现在被拉出来呢[流泪]好难猜啊～可以搜索一下:喜塔腊容音,0
2025/3/20 23:45,这么大的事联合国怎么不发表？[捂脸],0
2025/3/20 23:45,我也是从200多降到1，从现在开始重新出发[比心],0
2025/3/20 23:45,现在呢[憨笑][比心],0
2025/3/20 23:46,怎么yxh对待喜塔腊容音集体沉默，女明星大大方方操作自己的微博却空降高位热搜，好难猜谁又发力了,1
2025/3/20 23:46,真的一直挺不理解的[捂脸]为啥对赵露思恶意这么大 感觉性格挺好的啊……昨天在宿舍一个女生一直骂,1
2025/3/20 23:46,现在呢,0
2025/3/20 23:46,只有1个,0
2025/3/20 23:46,取关了哪些啊,0
2025/3/20 23:46,屁大个事也能上热搜,1
2025/3/20 23:46,啊,0
2025/3/20 23:47,不用急不要紧,0
2025/3/20 23:47,自从她走性感路线就没看过了,1
2025/3/20 23:47,纯路人哈。热搜是能买的，这次又来压什么的，各位网友别又被别人当抢使了，就算zls把wb各大平台关注的人都取关了，那也是人家的权利，有的yxh真是没事找事（个人观点，不喜勿喷，如果你杠那还是我对）[憨笑][憨笑][憨笑],1
2025/3/20 23:47,@小颖胖了2斤??^??,0
2025/3/20 23:47,@7eoz,0
2025/3/20 23:47,ber 清列表又不是今天清的，不都挺久的事情了吗  是买的黑热搜啊 [憨笑][赞],0
2025/3/20 23:47,那咋了 露思愿意怎么着就怎么着,1
2025/3/20 23:48,猜你想搜喜塔腊容音,0
2025/3/20 23:48,赵露思给我一种把以前的工作都干完尽量不违约，然后就退圈的感觉[捂脸],0
2025/3/20 23:48,牛逼太牛逼了，,0
2025/3/20 23:48,多久之前的事了，现在来说，突然上热搜，到底谁买的热搜啊，好难猜啊哈哈哈哈哈,0
2025/3/20 23:49,赵露思这波操作让别人好尴尬……情绪不好可以退圈的[憨笑][比心],0
2025/3/20 23:49,我老婆彻底疯了是神经病了,1
2025/3/20 23:49,热搜真多,0
2025/3/20 23:49,作者也是坏哈 ，发不来清晰的可以不发，美成这样了都，到底还想咋样,1
2025/3/20 23:49,取关就取关了呗多大的事啊？一堆阴阳怪气的，是谁买的热搜啊好难猜啊[微笑],1
2025/3/20 23:49,原来是取关啊[尬笑]我还以为是取证了[比心],0
2025/3/20 23:49,炒作来炒作去，越炒作越不喜欢[看],1
2025/3/20 23:49,老是刷到[尬笑],0
2025/3/20 23:49,恨不得全世界知道[看],1
2025/3/20 23:49,这都多久前的事了[尬笑][尬笑][尬笑]求放过 对家买热搜买这么狠的吗[调皮][调皮][调皮],1
2025/3/20 23:49,一看评论区天塌了家人们,0
2025/3/20 23:49,是对方顶着骂声？？合着赵露思没被骂？？,1
2025/3/20 23:50,所以她都取关谁了？,0
2025/3/20 23:50,取不取关那是是人家的自由，天天报这个怎样报那个怎样的，闲得蛋疼,1
2025/3/20 23:50,@吊坠鱼??,0
2025/3/20 23:50,@失眠症∧,0
2025/3/20 23:50,为什么对女星恶意这么大呢，赵露思是很努力很可爱的女孩啊，网暴真是太恐怖了，被所有人站在道德制高点的审判，网络这种公共资源不该有那么多断章取义,0
2025/3/20 23:50,非粉   都能感受到作者的手段   这个视频给人锐成啥样了[捂脸][捂脸][捂脸],0
2025/3/20 23:50,别管美女了，她想化妆就自己化，人生在世几十年，过自己想过的生活,0
2025/3/20 23:50,露思的号一直都是工司在管，又不是这一个联系方式wx用来干啥的,0
2025/3/20 23:50,zls的事，强黑ysx的是什么意思,1
2025/3/20 23:50,做实验压力大上线就可以看到老麻给的笑话,0
2025/3/20 23:51,那就接解约[感谢]期待综艺小小的勇气和电视剧许我耀眼[玫瑰],0
2025/3/20 23:51,视频锐化成这样了[赞][赞]小心思都溢出来了,0
2025/3/20 23:51,去年的事今年又拿上来说意义何在,0
2025/3/20 23:51,人家想取关就取关关网友屁事 真的是吃多咯连这都骂 是生活不如意吗 一天天的吃饱了撑的 嘴里能不能积点德,1
2025/3/20 23:52,就看她帮助了被家暴16次的小谢，我也会觉得她是一个很好的女孩[泣不成声][泣不成声],0
2025/3/20 23:52,跟我有啥关系啊 别推给我了,0
2025/3/20 23:52,是不是赵露思打个喷嚏都要上热搜[疑问],0
2025/3/20 23:52,挺开朗的小女孩。咋这样了,0
2025/3/20 23:52,这么大的事，联合国还没有消息吗？,0
2025/3/20 23:52,这都能上新闻？？？？,1
2025/3/20 23:53,@云烟酒馆,0
2025/3/20 23:53,这都上热搜,0
2025/3/20 23:53,这钱不好挣别挣呗,1
2025/3/20 23:53,又有人玉玉了,1
2025/3/20 23:53,有病吧，这事也能上热搜，能不能滚啊[尬笑][尬笑],1
2025/3/20 23:53,所以唯一一个关注的是谁呢？？,0
2025/3/20 23:53,我一看，把我也取消关注了[捂脸],0
2025/3/20 23:54,不是 能不能放过她 她只是个普通人而已 这种小事都要报道啊[捂脸],0
2025/3/20 23:54,这不是很早之前的事情了吗[捂脸],0
2025/3/20 23:54,不关心这种人，谢谢,1
2025/3/20 23:54,无人在意[尬笑],0
2025/3/20 23:54,为什么yxh对待喜塔腊容音事件集体沉默，却对待操作自己微博的女明星这么在意，好难猜，不如去搜:喜塔腊容音,1
2025/3/20 23:54,婴儿肥的时候好好看,0
2025/3/20 23:54,吓我一跳，连忙看看微博她有没有取关我，幸好还在,0
2025/3/20 23:54,特别离谱一个人,1
2025/3/20 23:54,你看看你自己说的啥傻话，你觉得自己尴尬吗??,1
2025/3/20 23:55,没人想生病的，不哭，坚强为自己,0
2025/3/20 23:55,曾经的我也是从200多降到1，从现在开始重新出发[比心],0
2025/3/20 23:55,@饭冰冰??,0
2025/3/20 23:55,？？要不要新闻通报一下？,0
2025/3/20 23:55,好难猜啊[微笑],0
2025/3/20 23:55,怎么把我也取关了？,0
2025/3/20 23:55,不理解 两个很好的小女孩[憨笑][玫瑰] 网友你们真的是这个[憨笑][赞] 钱一分没花线下一秒没追 在网上听风就是风听雨就是雨 舒心和露思明明都是两个特别真诚特别好的女孩,0
2025/3/20 23:56,又开始欺负人 去年的事 又开始欺负人,1
2025/3/20 23:56,甜妹，超喜欢她演的电视剧，大家别过分欺负她,0
2025/3/20 23:56,[比心][比心][比心][比心][比心][比心],0
2025/3/20 23:56,这不是她生病的时候的事嘛，怎么突然又上热搜了,0
2025/3/20 23:56,振振看到后：赵露思真是太棒了,0
2025/3/20 23:56,曾经的我也是从200多降到1，从现在开始，重新出发[比心],0
2025/3/20 23:56,来预约露思许我耀眼哦！,0
2025/3/20 23:56,#赵露思取关# 一切重新开始,0
2025/3/20 23:56,评论区某些人粉丝有点招笑了，有这个功夫赶紧去刷国王的数据吧，搁这空瓶也改变不了??的劣迹,1
2025/3/20 23:57,所以隐藏关注怎么取消啊,0
2025/3/20 23:57,@风散 @知寒月 @蓝莓啵啵 @喜欢虾说哈 [憨笑],0
2025/3/20 23:57,我的妈呀别人的账号爱取关取关,0
2025/3/20 23:57,不是她的粉丝。她也没有取关我。希望这个女孩越来越好。一直幸福下去,0
2025/3/20 23:57,啥玩意突然冒出来，这又不是以前了，大家都有判断能力的眼睛,0
2025/3/20 23:57,百度什么事啊,0
2025/3/20 23:57,这事都是之前的了，怎么今天又突然上热搜了,0
2025/3/20 23:57,实则无人在意,0
2025/3/20 23:57,管你们什么事？她想关注谁是她的自由！,1
2025/3/20 23:58,我的大明星粉丝[捂脸][捂脸],0
2025/3/20 23:58,@白日梦大王Z?z? [噢买尬],0
2025/3/20 23:58,谢谢 我睡觉了,0
2025/3/20 23:58,: 好家伙，我一个不追星的都心疼赵露思了，她招谁惹谁了啊[捂脸],0
2025/3/20 23:58,就是就是,0
2025/3/20 23:58,下次估计拉个屎都会被人关注,1
2025/3/20 23:58,D粉此生从此分明了，前段时间被??粉拉踩的心都碎了[快哭了],1
2025/3/20 23:58,取关也热搜？？？,0
2025/3/20 23:58,@杨言?????,0
2025/3/20 23:58,吓我一跳，这么大的事不得举国欢庆啊[赞],0
2025/3/20 23:58,为什么yxh对待喜塔腊容音事件集体沉默，却对待操作自己微博的女明星这么在意，好难猜，不如去搜:喜塔腊容音,1
2025/3/20 23:59,第一，她是早就清过了的，不要造谣,0
2025/3/20 23:59,居然妄想嘲笑明星的颜值[笑哭],1
2025/3/20 23:59,我以为她要退?呢……,0
2025/3/20 23:59,AI[尬笑],0
2025/3/20 23:59,清理关注是什么天大的时候事吗，不如多关心关心人家一直在做公益。,0
2025/3/20 23:59,什么意思啊,0
2025/3/20 23:59,在哪，我要去看,0
2025/3/20 23:59,想上热搜罢了,1
2025/3/20 23:59,不还是有4300万粉丝吗？,0
2025/3/21 0:00,这多久以前的事了，谁家营销号啊，消息这么滞后,1
2025/3/21 0:00,@抖音小助手 @DOU+小助手,0
2025/3/21 0:00,演戏演到魔怔[尬笑],1
2025/3/21 0:00,为什么yxh对待喜塔腊容音事件集体沉默，却对待操作自己微博的女明星这么在意，好难猜，不如去搜:喜塔腊容音,1
2025/3/21 0:00,清理关注是什么天大的时候事吗，不如多关心关心人家一直在做公益。,0
2025/3/21 0:00,我有时候也很想删掉所有人 不想社交,0
2025/3/21 0:00,还好没取关我,0
2025/3/21 0:01,还好没取关我[流泪],0
2025/3/21 0:01,赵露思天天开心,0
2025/3/21 0:01,只有1个了,0
2025/3/21 0:01,这是干嘛,0
2025/3/21 0:01,主播主播我想知道＃喜塔腊容音事件是咋回事[比心],0
2025/3/21 0:01,好姑娘，做自己挺好，别为了迎合别人委屈了自己[比心],0
2025/3/21 0:01,为什么yxh对待喜塔腊容音事件集体沉默，却对待操作自己微博的女明星这么在意，好难猜，不如去搜:喜塔腊容音,1
2025/3/21 0:01,清关注又咋啦？咸吃萝卜淡操心,1
2025/3/21 0:01,直接销号算了，眼不见为净，你好我好大家好,0
2025/3/21 0:02,嗡嘛呢呗咩哞。,0
2025/3/21 0:02,为什么yxh对待喜塔腊容音事件集体沉默，却对待操作自己微博的女明星这么在意，好难猜，不如去搜:喜塔腊容音,1
2025/3/21 0:02,宝宝萌有没有扩列的[玫瑰],0
2025/3/21 0:02,猜你想看：喜塔腊容音,0
2025/3/21 0:02,这种事情能上热搜 是谁买的呢 好难猜呀[憨笑],0
2025/3/21 0:02,喜欢赵露思,0
2025/3/21 0:02,请虞书欣女士公开向素人道歉 请虞书欣女士公开向素人道歉 请虞书欣女士公开向素人道歉 请虞书欣女士公开向素人道歉 请虞书欣女士公开向素人道歉 请虞书欣女士公开向素人道歉,1
2025/3/21 0:02,30分钟内看到的来白嫖化妆品/衣服,1
2025/3/21 0:02,完了完了又抑郁了em了[看][看][看],0
2025/3/21 0:02,扣工资 怎么现在才发啊 不是三个月前的事了吗[黑脸],1
2025/3/21 0:02,赵露思的号一直在公司手上你们不知道吗？干嘛要喷赵露思,1
2025/3/21 0:03,整天报道这些干嘛，多关心自己吧,1
2025/3/21 0:03,我其实想说一句：她长得很美，但是演技真的很一般,1
2025/3/21 0:03,即使清空了又如何？请不要过度解读,0
2025/3/21 0:03,无语死了[尬笑],1
2025/3/21 0:03,什么意思啊？有没有人来给我解释下[色]我也想知道,0
2025/3/21 0:03,诸位，该取关了,1
2025/3/21 0:04,虞书欣也是厉害，昨天刷到白鹿，前天刘宇宁，今天赵露思,0
2025/3/21 0:04,诸位，该取关了,1
2025/3/21 0:04,笑,0
2025/3/21 0:04,[发呆]看互动感觉她给演0不一那个剧电视剧演她妈关系好哒也取关了？,1
2025/3/21 0:04,要永远把自己放在第一顺位[抱抱你]@赵露思,0
2025/3/21 0:04,[呲牙],0
2025/3/21 0:04,取关可以啊，但不能单曲，把粉丝也移除掉啊，不然这就是没有买的下头行为,1
2025/3/21 0:05,[赞],0
2025/3/21 0:05,路人就想是客观评价一下，她单方面取关曾经的合作伙伴这个事情真的有礼貌吗？之前他新剧开播的时候还拉人给他宣传当时还有网红昨天韩安冉才爆出离婚今天她就把人家取关了，这样我觉得真的很没礼貌（个人评价粉丝别骂我）,1
2025/3/21 0:05,网友们也闲的没啥事了 人家取个关纷纷讨论。,1
2025/3/21 0:05,[感谢][感谢],0
2025/3/21 0:05,？发生啥了,0
2025/3/21 0:05,苦奴隶被背刺的一生,1
2025/3/21 0:06,取关了又咋了,1
2025/3/21 0:06,一天她破事怎么那么多,1
2025/3/21 0:06,感谢抖音让我知道了这么多，我从来不知道的消息，虽然这些消息对我屁用没有，但是我还是要感谢抖音。抖音，你看我今天刷了这么多视频，能不能给奖励我三毛钱呢？,0
2025/3/21 0:06,[玫瑰][玫瑰][玫瑰][玫瑰][玫瑰][玫瑰][玫瑰][玫瑰],0
2025/3/21 0:06,有没有完整版呀,0
2025/3/21 0:06,怀揣十吨热情，放心大胆做自己[比心][比心][比心],0
2025/3/21 0:06,：o,0
2025/3/21 0:06,取关就取关 抑郁患者 做事情有时不是我们正常人的思维方式 只要她健康好起来就可以 取关也是不痛不痒的事,0
2025/3/21 0:07,这都能上热搜[愉快],0
2025/3/21 0:07,[赞],0
2025/3/21 0:07,人经历过一次大病，就会看透许多[泣不成声][泣不成声][赞],0
2025/3/21 0:07,评论区的赵露思粉丝好破房[捂脸],1
2025/3/21 0:07,鼻子调了  好明显,1
2025/3/21 0:07,不亏是生病的,1
2025/3/21 0:08,意思就是为了热度连亲人都取关了，这么点小屁事也炒作，无语了,1
2025/3/21 0:08,人经历一次大病，真的会看透很多人。,0
2025/3/21 0:08,愿早日康复??,0
2025/3/21 0:08,天选程少商[流泪],0
2025/3/21 0:08,放过这个小女孩,0
2025/3/21 0:08,是天蝎座能干出的事,0
2025/3/21 0:08,这姐没热度马上就会整个热搜我以为啥大事[憨笑]（小腿毛喷我全反弹[憨笑][憨笑]）,0
2025/3/21 0:09,"还是看看""喜塔腊容音""这个吧",0
2025/3/21 0:09,星汉灿烂的赵露思真的很好，她应该去拍适合她的剧,0
2025/3/21 0:09,今天是赵露思值班吗,0
2025/3/21 0:09,这点事还值得上热搜啊？越来越搞不懂这些骚操作了！,1
2025/3/21 0:09,好了以后这个人不用拍戏了也没人敢找她,1
2025/3/21 0:10,关我屁事，这热搜推得。,1
2025/3/21 0:10,整天就这点破事[微笑],1
2025/3/21 0:10,对！我也被取关了,0
2025/3/21 0:10,1,1
2025/3/21 0:11,??鳄鱼家干的,1
2025/3/21 0:11,她放个屁你们也要关注一下是吧,1
2025/3/21 0:11,露思又不是今天才开始清列表的，到底是谁买的热搜，懂的都懂[尬笑],1
2025/3/21 0:11,一个戏子呵呵,1
2025/3/21 0:11,谁家的孩子谁家疼，加油宝贝，看到你就想到我闺女，只希望她开心就好[比心],0
2025/3/21 0:11,什么玩意儿？取关就取关呗。,1
2025/3/21 0:11,赵露思又想作什么妖,1
2025/3/21 0:12,赶紧消失求求了好烦啊比你病重的人多了去，明星不要那么事比,1
2025/3/21 0:12,希望她好起来,0
2025/3/21 0:12,说说喜塔腊容音,0
2025/3/21 0:12,我看出来了，你是想趁热度[灵机一动],0
2025/3/21 0:12,@瑶yaoaa,0
2025/3/21 0:13,我丢，不会是拿这个转移我们的注意力吧[撇嘴]，用女生伤害压制另一个和女生有关的事件，有点可耻,1
2025/3/21 0:13,得病了，还被公司弄来赚流量,1
2025/3/21 0:13,谁买的热搜呢，好难猜哦。Vb一堆鳄鱼粉下场呢[送心],1
2025/3/21 0:13,你怎么又因为这种事上热搜了[宕机][捂脸],1
2025/3/21 0:13,有意思吗,0
2025/3/21 0:13,今天杂志开售就出这热搜，防爆呢，怕别人知道露思今天杂志开售了吗[震惊],0
2025/3/21 0:13,开心就好[微笑]，以后就是广播站的作用,0
2025/3/21 0:13,眼里没光了,0
2025/3/21 0:13,滚吧,1
2025/3/21 0:13,她要干嘛,0
2025/3/21 0:14,[抱抱你][抱抱你],0
2025/3/21 0:14,真想回到营销号人人喊打的时代[捂脸],0
2025/3/21 0:14,记得预约新剧《许我耀眼》[玫瑰]就这个许我耀眼爽，中国演员，韩剧妆造，美剧节奏，泰剧爽感，一款更适合中国宝宝的豪门都市剧！,0
2025/3/21 0:14,自己选的路[流泪],0
2025/3/21 0:14,取关就取关吧！我无所谓了。哎！,0
2025/3/21 0:14,去年的事情现在上热搜，逮着赵露思薅啊[发怒][发怒][发怒][发怒],1
2025/3/21 0:14,神经有兵,1
2025/3/21 0:15,??喜塔腊容音,0
2025/3/21 0:15,她的戏咋这么多呢，前一阵打肉毒素中毒了还卖惨天天博眼球，为了流量无下限了[泪奔],1
2025/3/21 0:15,我的天呐[黑脸]原来营销号都没有冬眠啊，那为什么#喜塔腊容音#，素人被网暴需要发声的时候就冬眠了，反而一个平平无奇的取关就让你们苏醒了[黑脸]好难猜啊,1
2025/3/21 0:15,谢谢大家，我先睡啦[捂脸],0
2025/3/21 0:15,能不能不要占用公共社会资源，动不动就刷到好烦[尬笑],1
2025/3/21 0:15,@抖音小助手 @DOU+小助手 @抖音创作小助手,0
2025/3/21 0:15,未知全貌不予置评，博主你的话引导性太强了,0
2025/3/21 0:16,某互联网大厂，开始花钱操作了[蜜蜂狗],1
2025/3/21 0:16,@?˙?˙?,0
2025/3/21 0:16,为什么这么小的事情都要被推rs ，#喜塔腊容音# 的事情这么大流量没人关注吗[微笑],1
2025/3/21 0:16,有做什么妖啊,1
2025/3/21 0:16,打肉毒素中毒了就开始卖惨，现在屁点事也买热搜，为了流量无下限了,1
2025/3/21 0:16,不是y 真的买水了吗有点不懂了,0
2025/3/21 0:16,原图其实挺好看的[逞强落泪]我真的纯路人，成分可查，真的比以前那个啥白开水妆好看多的多,0
2025/3/21 0:17,幼稚,1
2025/3/21 0:17,有完没完多大点事儿啊赵大姐[宕机][宕机][宕机],1
2025/3/21 0:17,挺莫名其妙的好像天要塌下啦[九转大肠][九转大肠][九转大肠][九转大肠]这么在意别人的账号,0
2025/3/21 0:17,[感谢],0
2025/3/21 0:17,[捂脸],0
2025/3/21 0:17,神经 这都上热搜,1
2025/3/21 0:17,那咋了是你手机呀,0
2025/3/21 0:18,她谁啊[泪奔]看了半天,1
2025/3/21 0:18,谁懂“化一辈子”的救赎感[害羞],0
2025/3/21 0:18,愿娱乐圈粉丝像爱戴男星一样爱戴女星[赞],0
2025/3/21 0:18,小太妹真的是[憨笑]，放个P都能上热搜。不好好研磨剧本 优化演技，眼看成绩不好要资源降级了，隔三差五给自己整个热搜，企图曲线救国 展示出自己仍是那个一呼百应的顶流的错觉[憨笑][憨笑][憨笑] 好让投资方不要放弃自己 继续投资。赵顶流真是的，她还是没搞清楚自己该怎么上桌成为资本。这么好的粉丝基础，但凡她多花心思在剧本和演技上，压根不愁口碑逆转 事业长进,1
2025/3/21 0:19,评论区别太同步了 谁逮着她薅了 别来q鱼了 一直在提鱼什么心思啊好难猜啊 嘴上说爱女 爱女是你们的谎言,1
2025/3/21 0:19,人为什么要活的那么累？[流泪][流泪][流泪][流泪],0
2025/3/21 0:19,喜塔腊容音这事儿要是和赵露思有关，不得在抖音weibo热搜住几天啊[尬笑],0
2025/3/21 0:19,只是飘了而已,0
2025/3/21 0:20,一直都很火啊，不火能让一帮yxh复活吗，全来发是吧[黑脸],1
2025/3/21 0:20,你们看到刘德华会做这种事吗？,0
2025/3/21 0:20,虞书欣又不是今天才跟黑粉解释谣言的，是谁买的热搜[愉快]好的猜哟（学评论区某位同学的话术）,1
2025/3/21 0:20,她谁啊？这屁事都能上热搜,1
2025/3/21 0:20,她只是太瘦了[尬笑]大家别对她太多恶意了，一个很漂亮的小姑娘[尬笑]和我们一样都是可爱的女生,0
2025/3/21 0:20,飘了就飘了，吧抑郁症幌子当后悔药呢？我从来不关注这货,1
2025/3/21 0:21,什么玩意，不就是抑郁吗，又不是没得过,1
2025/3/21 0:21,我们把视线转到被开盒网暴的事素人好不好[猪头],1
2025/3/21 0:21,天蝎座就是这样，我也是[捂脸],0
2025/3/21 0:21,还以为yxh都睡了呢 一到赵露思都醒了,1
2025/3/21 0:21,那咋啦，现在只有一个了呢你还要再发一遍吗[看],1
2025/3/21 0:21,@亿只小陈陈: 露丝复出活动的第一件事是成立千万级心理健康关爱基金，赵露思你真的[流泪][流泪][流泪]自己淋过雨也要为别人撑伞[流泪][流泪][流泪]，虽然我是个普通的宝妈，但是我真的很喜欢你,0
2025/3/21 0:21,之前她不是说过，账号不归她管吗？？？？是我失忆了？,1
2025/3/21 0:21,屁大点事你们要干啥,1
2025/3/21 0:22,吃饱了撑的，太闲了就会得抑郁症[看],1
2025/3/21 0:22,这玩意都能上热搜，实在没活咬打火机得了[捂脸],1
2025/3/21 0:22,这是好事,0
2025/3/21 0:22,让真的该上热搜的上去！！[发怒],1
2025/3/21 0:22,所以大家可以去看看珠帘玉幕了 大漠那里真的看的是又哭又笑[流泪],0
2025/3/21 0:23,复活赛打赢了？可惜了,0
2025/3/21 0:23,既然赵露思取关我，那我也不关注她了,1
2025/3/21 0:23,真是[尬笑],0
2025/3/21 0:23,看zls微博估计是有人卖她的手机号我的天呀,1
2025/3/21 0:23,这么大的事直接告到联合国好嘛，吓我一激灵[发呆][发呆][发呆][发呆],0
2025/3/21 0:23,这视频锐化也加太多了吧 普通人可能都不像个人样了 她能这么美已经不错了,0
2025/3/21 0:23,闲的没新闻了，闲出屁了,1
2025/3/21 0:24,我没看错吧 取个关也要上热搜？,1
2025/3/21 0:24,@侯喜欢你,0
2025/3/21 0:24,这玩意都能上个热搜啊[捂脸],1
2025/3/21 0:24,取关的都是她生病期间没有问候她是否安好的，这个时候才能见真情,1
2025/3/21 0:24,作精,1
2025/3/21 0:25,有的时候真觉得有些粉丝好可怕，天天吵架拉自己喜欢的明星下水，我感觉明星本人根本没有像粉丝一样搞对立拉踩吧，大家都是工作而已[捂脸]会因为这些小事放大情绪化吗，有时候粉丝过度解读了吧，天天吵不累吗,0
2025/3/21 0:25,yxh又来赚钱啦？[憨笑][赞]别逮着人薅还骂人家好吗,1
2025/3/21 0:25,真的自我[看],0
2025/3/21 0:25,什么情况？,0
2025/3/21 0:25,??又买了？,0
2025/3/21 0:25,关注的那个是我们荆州的曾黎吗,0
2025/3/21 0:25,怎么不移除粉丝呢,1
2025/3/21 0:25,网红们给你先前宣传剧算啥[可愛],0
2025/3/21 0:26,是不是她不想内耗了想清净一下[泣不成声],0
2025/3/21 0:26,怎么说呢，她没错，娱乐圈站稳脚跟太难了，要接受所有人的善恶，有些人看不得别人过得好，有的人认为她也配，对家买黑料趁热打铁，很难，太难了，也希望她明白演技才是最重要的，山外有山，谁都不是最完美的,0
2025/3/21 0:26,振振知道后,0
2025/3/21 0:26,它是干吗的？[闭嘴],1
2025/3/21 0:26,删好友的感觉很爽，有点上头，隔三差五想删一点[尬笑],0
2025/3/21 0:26,病了就好好治病。你要是演戏时也能有这么好的演技就不错了把你的心思放正道上吧。,1
2025/3/21 0:26,莫名其妙,0
2025/3/21 0:27,取关并不代表什么[看],0
2025/3/21 0:27,都取关好久了，现在是纯黑了[泣不成声],1
2025/3/21 0:27,这个我知道，是她另一个人人格删的，主人格完全不知情[呲牙],0
2025/3/21 0:27,又炒作,1
2025/3/21 0:27,干嘛这样说别人，别人要退圈养病,1
2025/3/21 0:27,怎么可能删人家微信 别乱引导了好吗,1
2025/3/21 0:28,赵露思又不是今天才开始清列表的，到底是谁买的热搜[愉快]好难猜哦,0
2025/3/21 0:28,这个圈太复杂了，一个女生为什么突然这样是受到了什么样对待？多严重的刺激和惊恐值得深思？还是剧本照进了现实？,0
2025/3/21 0:28,擦个屁股都要上热搜,1
2025/3/21 0:28,醒了[看],0
2025/3/21 0:28,早知道赵露思取关了，[发怒]又想对她干什么,1
2025/3/21 0:28,韩安冉，我们不像了,0
2025/3/21 0:29,估计清理的都是她曾经以为挺好却在她生病了而从没关心问候的人（猜测）,0
2025/3/21 0:29,我也快了，感觉什么都不重要了，只喜欢一人独自呆在一个比较清净的角落感觉很安全。,0
2025/3/21 0:29,可能真是看淡了吧,0
2025/3/21 0:29,赵露思是唯一为小谢发声的明星，请小谢吃饭去迪士尼，既然一直把赵露思驾到热搜上，那不如多看看小谢吧，她真的，哎，真的挺好的一个人，自己被骂的惨不忍睹还想着帮别人一把,0
2025/3/21 0:29,这个装货,1
2025/3/21 0:30,这种人看她干啥 浪费时间不 没人看她就老实了 春有病,1
2025/3/21 0:30,能不能不要再骂赵露思，也别骂虞书欣了，明明我觉得另一个开和开户网报人的信息更严重才是为什么？这些资本就喜欢买肉的时候又搞成九五花粉丝互撕搞得是两家粉丝在互撕，然后开盒这个事又不了了之了,0
2025/3/21 0:30,感觉赵露思成长得太快了，有点超负荷了，最开始看她还是那个她演的是个配音演员，那时候还是网剧的演员，后来演了很多剧，慢慢从网剧转到电视剧就一直在忙，体态不好练体态，演技有时候忽高忽低，感觉她很久没有好好歇歇了，所以身体健康出现了问题，感觉应该好好调整一下了,0
2025/3/21 0:31,莫名其妙,0
2025/3/21 0:31,果然除了那个谁其他明星一点小事都能上黑热搜,1
2025/3/21 0:31,我滴妈，ysx一出事就有人买zls热搜[捂脸][比心]是谁干的啊，好难猜啊,1
2025/3/21 0:31,@不讲理,1
2025/3/21 0:31,赵露思又不是今天才开始清列表的，到底是谁买的热搜[愉快]好难猜哦,0
2025/3/21 0:31,看没，谁是真火？ 屁大点事也能爆[泣不成声],1
2025/3/21 0:31,期待她的新作早日归来,0
2025/3/21 0:32,原来营销号没有冬眠啊  我比较想知道喜塔腊容音,0
2025/3/21 0:32,赵露思又不是今天才开始清列表的，到底是谁买的热搜[愉快]好难猜哦,0
2025/3/21 0:32,你是懂流量的,0
2025/3/21 0:32,？多大点事还上热搜了,1
2025/3/21 0:32,关注这件事不如去看看#喜塔腊容音#,0
2025/3/21 0:32,自己玩回去啊，这有啥“没有伤害任何人 所以不该不开心” ——《传闻中的没伤害》,1
2025/3/21 0:33,鞠婧祎？,0
2025/3/21 0:33,为什么会取关不了,0
2025/3/21 0:33,退圈了吧,1
2025/3/21 0:33,还是小学生吗。,1
2025/3/21 0:34,很正常，我也想这样,0
2025/3/21 0:34,支持赵露思退出娱乐圈，水太深，太黑了，然后他转型做网红我绝对会在行动上支持,1
2025/3/21 0:34,屁大点事[捂脸][捂脸][捂脸][捂脸],0
2025/3/21 0:34,过好自己！平平安安，健健康康！[比心],0
2025/3/21 0:34,现在只有五个了哈[給力][給力],0
2025/3/21 0:35,拉倒吧，又是一波炒作,1
2025/3/21 0:35,喜塔腊容音,0
2025/3/21 0:36,重新认识这个世界！挺好的！[赞],0
2025/3/21 0:36,这点diao东西也上热搜[捂脸],1
2025/3/21 0:36,喜塔腊容音,0
2025/3/21 0:36,人家不是生病了吗？ 可能想从头再来呢？？,0
2025/3/21 0:36,人家取关 你尴尬个毛线啊 瞎吃萝卜淡操心,1
2025/3/21 0:37,为什么她一点风吹草动都备受关注，是太红了吗,1
2025/3/21 0:37,你个小戏精[憨笑],1
2025/3/21 0:37,浪费公共资源 …… 别一天专逮着人家了路人都看不下去了,1
2025/3/21 0:37,迪丽热巴那么美红 她剧做造型还没有话语权,0
2025/3/21 0:38,太好了，谁取关我挨个关注[捂脸],0
2025/3/21 0:38,她取关 关我求事[尬笑]天天买热搜烦不烦[鞠躬],1
2025/3/21 0:38,了解露思的人都知道，赵露思又不是今天才开始清列表的，也不是取关某个人，到底是谁买的热搜[嘘]好难猜哦！,1
2025/3/21 0:38,呦呦呦,0
2025/3/21 0:38,这么吊，通报联合国没有，必须要求联合国对取关人员进行制裁。 [捂脸]  [捂脸]  [捂脸],1
2025/3/21 0:38,小戏精[憨笑],0
2025/3/21 0:39,那我把你也取关了吧[捂脸],1
2025/3/21 0:39,助理为什么不直接打电话黑联合国？这是大事件，轰动的[干饭人],1
2025/3/21 0:39,这是哪个顶流，一天天这么多事,0
2025/3/21 0:39,没完没了了是吧，一天到晚热搜都是她,1
2025/3/21 0:39,太坏了,1
2025/3/21 0:40,让我们猜一猜明天是谁值班呢[黑脸],0
2025/3/21 0:40,都已经过了这么久,0
2025/3/21 0:40,没完没了了，一天到晚都是她，矫情,1
2025/3/21 0:40,认不出的可以把眼睛捐了 给我这装什么？,1
2025/3/21 0:40,点进去看其他视频也是差不多，感觉他是wink高清直接拉满了[泪奔][泪奔][泪奔],0
2025/3/21 0:40,@-吃不吃蛋黄 你老婆玉玉症咋还没好,1
2025/3/21 0:40,同事真的惨,0
2025/3/21 0:41,老乡露思 要挺住  你是抑郁症患者  我也是  [流泪][流泪],0
2025/3/21 0:42,啥啥也不是,1
2025/3/21 0:42,#喜塔腊容音# 请求大家关注这个被虞书欣网暴的小女孩,1
2025/3/21 0:42,露思又不是今天才开始清列表的，到底是谁买的热搜[愉快]好难猜哦,0
2025/3/21 0:42,请保管好个人贵重物品，不要随便放在桌子上,0
2025/3/21 0:43,#喜塔腊容音# 关注一些被虞书欣网暴的女孩子吧 这才是大家需要的热度,1
2025/3/21 0:43,，,0
2025/3/21 0:43,戏太多了,1
2025/3/21 0:44,#喜塔腊容音# 大家关注一下被虞书欣网暴的女孩子,1
2025/3/21 0:44,跟我一样，不信去我主页看,0
2025/3/21 0:44,这有啥的啊,0
2025/3/21 0:44,你真是黑粉 懒得喷哦[kisskiss],1
2025/3/21 0:44,好难猜啊 去年的事了 今年还拿出来溜 还上热搜了 好不经意啊[憨笑][憨笑][憨笑],0
2025/3/21 0:44,毕竟也是为了那部剧。第一次见女主角这么拼命宣传的剧。咱就是说，取关不取关和网友也没啥关系，反正又不是取关的你。每个人过好自己的生活就好了,0
2025/3/21 0:45,她把我也取关了[泪奔],0
2025/3/21 0:45,赵露思没对不起任何人,0
2025/3/21 0:45,赵露思真是火了  就这么一件事微博空降第一  都这么关注露思啊[看][看][看],0
2025/3/21 0:45,感觉她在走井川里予的路线,0
2025/3/21 0:45,重生了,0
2025/3/21 0:45,评论区的不是说不参加对女性的围剿吗现在又愿意参加啦全世界只有ysx是女人喽所有人都可以清空关注列表，但是不是所有人的父母都是老赖,1
2025/3/21 0:45,年度迷惑大赏,0
2025/3/21 0:46,取关取关就是了 非要逮着人骂 有病吧[鞠躬],1
2025/3/21 0:46,真炸裂，这个都能上热搜，这么有能量咋不上纽约时报[抠鼻],1
2025/3/21 0:46,好难猜啊 老早的事情了 谁买的啊 又把人家拉出来挡什么呢[憨笑][憨笑],0
2025/3/21 0:46,人家去年取关的 现在拿出来上热搜你们别太在意了,0
2025/3/21 0:47,这人谁啊,1
2025/3/21 0:47,2个月前就开始了，今天又上高位黑热搜，到底是谁买的热搜[愉快]好难猜哦,1
2025/3/21 0:48,只有一了 还好我虽然心态不好 但是调整的也快,0
2025/3/21 0:48,网友真的闲的蛋疼呀，她取消个关注列表，，都能这样。。。[尬笑][尬笑][尬笑][尬笑][尬笑][尬笑][尬笑],1
2025/3/21 0:48,仿佛看到韩安冉的脸,0
2025/3/21 0:48,是谁买的黑热搜，好难猜,0
2025/3/21 0:48,她取关了所有人，而你得到了0元[黑脸],1
2025/3/21 0:48,早就取关了现在你才发呀,1
2025/3/21 0:48,辩解的人不就是主动来送流量吗,1
2025/3/21 0:49,到底是什么事情没懂 来个可露丽讲讲[捂脸],0
2025/3/21 0:49,随心,0
2025/3/21 0:49,赵露思又不是今天才开始清列表的，到底是谁买的热搜[愉快]好难猜哦,0
2025/3/21 0:50,为啥会取关不了？,0
2025/3/21 0:50,现在只有一个[思考],0
2025/3/21 0:50,她取关了所有人，你得到了0元[黑脸],1
2025/3/21 0:51,Ennn~删除联系人，除家人所有电话拉黑，微信企鹅不能通过任何方式加自己除了面对面，除了抑郁症还有可能是老赖啊[抠鼻],1
2025/3/21 0:51,现在一个都没有了,0
2025/3/21 0:51,是没有新闻了吗？,1
2025/3/21 0:52,#喜塔腊容音# 大家关注一下被虞书欣网暴的女孩子,1
2025/3/21 0:52,本来就是自己的事，网友管得真宽，人家艺人朋友都有v,1
2025/3/21 0:52,多喝豆奶就好了,0
2025/3/21 0:53,挺好的 咋舒服咋来 工作而已 生活才是主旋律,0
2025/3/21 0:53,这种事情也上热搜？[黑脸][黑脸],1
2025/3/21 0:53,人家清一清僵尸粉也没什么问题吧[宕机]，这也值得黑吗？,0
2025/3/21 0:54,冷了，炒不动了,0
2025/3/21 0:54,不是这几天??不是一直在被黑吗？为什么突然这个黑露丝了又说成挡箭牌？两个女生被黑评论区在比较什么？非要一边更惨才行吗？[尬笑],1
2025/3/21 0:54,所以博主可以讲一下喜塔腊容音事件吗？,0
2025/3/21 0:54,单纯不理解，那是娱乐圈啊，这样做，是真的想退圈了吗[泪奔][泪奔]以后遇见了多尴尬。为啥不双取啊，那现在那些还关注她的明星朋友到底是取关还是不取啊[泪奔]本来是互关的，她啥也不说先取关了，还是单取，放我身上我也觉得尴尬[泪奔][泪奔],0
2025/3/21 0:54,为什么赵露思做任何事情都能上热搜啊？,1
2025/3/21 0:54,没新闻了吗？,1
2025/3/21 0:55,这也能上热搜？这姐买了多少水军？天天鸡毛蒜皮小事都能上热搜,1
2025/3/21 0:55,就关注了一人[呲牙],0
2025/3/21 0:55,老是这样真的很烦 取关到底有什么值得上热搜的我请问[微笑],1
2025/3/21 0:55,哈哈哈哈哈哈哈有病吧取关上热搜网暴不上热搜我说呗怎么她不在营销号跟死了一样[微笑][微笑][微笑][微笑][微笑][微笑][微笑][微笑],1
2025/3/21 0:55,就天天占用公共资源  路人都开始讨厌她了,1
2025/3/21 0:55,关注一下喜塔腊容音,0
2025/3/21 0:56,这也能火，买热搜的脑子被炮打了吧[憨笑],1
2025/3/21 0:56,[笑哭]又学到新知识 开始使用了,0
2025/3/21 0:56,莫名其妙的视频，想表达什么啊,1
2025/3/21 0:56,生病之前就取关了，当时不上热搜，现在几个月了才上，猜猜谁给她买的黑热搜，网暴素人不上新闻，这倒是爆上热点了，好难猜啊，那我们带一下#喜塔腊容音# 吧[舔屏],1
2025/3/21 0:57,我先把你取关了,1
2025/3/21 0:57,有人被网爆无人在意，有人只是微博取关恨不得拿放大镜去看了[捂脸][捂脸][捂脸],1
2025/3/21 0:57,还是建议对女明星多点宽容吧，不管是赵露思还是虞书欣这几天我都怜爱了，微博就像个大量围剿女性的社交软件，对待不喜欢的明星就不断造??诅咒辱骂，还顶着粉籍到处败坏明星的路人缘，请问现在还有路人缘好的明星吗，明星之所以称之为明星就是希望普通人能学其好的一面,0
2025/3/21 0:57,别再关注个人隐私了 猜你想看#喜塔腊容音#  ysx今天给她带头???暴的素人道歉了吗,1
2025/3/21 0:58,人拉个屎你是不是也得看看什么色的[捂脸],1
2025/3/21 0:58,生病之前就取关了，当时不上热搜，现在几个月了才上，猜猜谁给她买的黑热搜，网暴素人不上新闻，这倒是爆上热点了，好难猜啊，那我们带一下#喜塔腊容音# 吧[舔屏],1
2025/3/21 0:59,生病之前就取关了，当时不上热搜，现在几个月了才上，猜猜谁给她买的黑热搜，网暴素人不上新闻，这倒是爆上热点了，好难猜啊，那我们带一下#喜塔腊容音# 吧[舔屏],1
2025/3/21 0:59,营销号逆天啊 啥事儿都拿出来说一说[憨笑][憨笑],0
2025/3/21 0:59,戏真多,1
2025/3/21 0:59,要不要去联合国通知一下，就怕人不知道,1
2025/3/21 0:59,变得越来越不像她,1
2025/3/21 0:59,她关注谁 喜欢谁 跟我们有关系吗？这破事还能上热搜 买的吗,1
2025/3/21 0:59,[流泪]我也是病了所有人都不联系了,0
2025/3/21 1:00,煮波怎么不发喜塔腊容音啊，也睡觉了吗[黑脸],1
2025/3/21 1:00,狠狠怜爱赵露思了,0
2025/3/21 1:00,为什么不能取？,1
2025/3/21 1:00,??：三平台破万 ??：三平台单取,0
2025/3/21 1:01,谢谢大家 我去睡觉啦,0
2025/3/21 1:01,人家的号，想关注一下就关注，想取消就取消，多正常。,0
2025/3/21 1:01,煮波怎么不发喜塔腊容音啊，也睡觉了吗[黑脸],1
2025/3/21 1:01,一帮乳臭未干的都没分清抑郁症和忧郁症的区别就在那开始了，抑郁是压力和突发的情绪波动导致，说难听点就是钱和感情导致，忧郁有内外向区别的外向不会对自己损害但是内向会损伤自己包括撞头抓脸自残方式等，精神病和神经病都分不清，赵露思这种就是抑郁，精神内耗或者是压力情绪波动导致，不排除真假，只客观，抑郁是可以装出来的但是忧郁症装不出来，忧郁症多半都是会遗传[看],1
2025/3/21 1:01,喜塔腊容音,0
2025/3/21 1:01,长得也就一般，他取关是一件很大的事吗？,1
2025/3/21 1:02,生病之前就取关了，当时不上热搜，现在几个月了才上，猜猜谁给她买的黑热搜，网暴素人不上新闻，这倒是爆上热点了，好难猜啊，那我们带一下#喜塔腊容音# 吧[舔屏],1
2025/3/21 1:02,@TT..,0
2025/3/21 1:02,早就应该这样了,0
2025/3/21 1:02,现在就剩五个,0
2025/3/21 1:02,嗯嗯然后呢 这么点事至于吗 不如来buy几本杂志 预约《许我耀眼》 期待《小小的勇气》呢,0
2025/3/21 1:02,??已经把卖惨当成时尚了，粉丝已变成哈巴??,1
2025/3/21 1:03,这都能上热搜，消停会吧[微笑],0
2025/3/21 1:03,@安徽女版彭于晏: 喜塔腊容音,0
2025/3/21 1:04,这歌唱的。。。真好[酷拽],0
2025/3/21 1:04,我们这隔一段时间清一遍关注的，一下都被打入不正常了列表是嘛[捂脸],0
2025/3/21 1:04,换人设了吧,1
2025/3/21 1:04,不如某人要去睡觉了,0
2025/3/21 1:04,人家的微博，做啥还用得着你们管吗我请问呢,1
2025/3/21 1:05,怎么，你也被??收买了，一个媒体干这种无良事[再见][再见][再见],1
2025/3/21 1:05,去年的事情今年上热搜，到底是谁买的好难猜呀[憨笑],0
2025/3/21 1:05,看看吧,0
2025/3/21 1:06,这个事情都过去多久了 营销号你有心吗请问,1
2025/3/21 1:06,生病之前就取关了，当时不上热搜，现在几个月了才上，猜猜谁给她买的黑热搜，网暴素人不上新闻，这倒是爆上热点了，好难猜啊，那我们带一下#喜塔腊容音# 吧[舔屏],1
2025/3/21 1:06,有人花钱做公益，有人花钱买营销,0
2025/3/21 1:06,我什么都不知道[捂脸]，都懵懵的,0
2025/3/21 1:06,主要是前脚不还拉了一大堆人给他电视剧宣传吗，怎么后脚又全都给取关了？还是单取，是发生啥了吗,1
2025/3/21 1:07,什么屁事？别占我搜索推荐行不行,1
2025/3/21 1:07,看到评论区我就放心了[色]真给力啊老铁们[色],1
2025/3/21 1:07,现在没新闻，可以不报道。人家取不取关，关我们普通人什么事？,0
2025/3/21 1:07,只想说这样真的很容易招黑,1
2025/3/21 1:07,赵安冉粉丝开盒惯犯,1
2025/3/21 1:08,怎么看明明都很美啊……不懂那些说她变了的人，而且随着时代变化  潮流也一直在变 为什么她变就要一直被人说呢，每个阶段有每个阶段的美，没什么好比的 现在也超美啊,0
2025/3/21 1:08,不管怎么样，不管你什么状态，希望你过得好,0
2025/3/21 1:08,不知道为啥对她这么大恶意 ，这也能上热搜吗，[微笑]多关注点别的吧,0
2025/3/21 1:08,做得对！删除没用的社交，真的会就自己   （原来公众人物的一举一动都被别人挖出来）,0
2025/3/21 1:08,取关还得告诉你们为什么取关[捂脸],0
2025/3/21 1:08,我感觉是要解约了吧，之前一个男明星和公司解约就是全取关了,0
2025/3/21 1:08,哈哈哈哈哈哈哈,0
2025/3/21 1:08,赵思路到底是谁呀？？！？,0
2025/3/21 1:08,真的不懂，反正露思干什么都上热搜呗，取关也上热搜，其实我觉得没什么，相当于新生了，而且取关了关那些网友什么事呀，如果这样就会得罪之前关注的人，那也和他们没关系吧，控制欲别太强，莫名其妙这件事就被定义成不好的[躺平]戾气真的重,1
2025/3/21 1:09,又上热搜了？ 这个都要上吗,0
2025/3/21 1:09,思思最棒[玫瑰][玫瑰][玫瑰][玫瑰],0
2025/3/21 1:09,指路:??喜塔腊容音,0
2025/3/21 1:09,振振：这很正常，这太正常了,0
2025/3/21 1:09,谁买的黑热搜转移视线呢，好难猜[捂脸],1
2025/3/21 1:10,就这种 整天被人打的太妹 到底是谁在帮她买热搜啊 到底是些什么玩意 能喜欢她？ [弱],1
2025/3/21 1:10,生病之前就取关了，当时不上热搜，现在几个月了才上，猜猜谁给她买的黑热搜，网暴素人不上新闻，这倒是爆上热点了，好难猜啊，那我们带一下#喜塔腊容音# 吧[舔屏],1
2025/3/21 1:10,取关到底是在反击什么（纯好奇,0
2025/3/21 1:10,是收拾收拾准备退圈了吗,1
2025/3/21 1:11,这会怎么全都出来了，喜塔腊容音热度那么大装看不到[尬笑],1
2025/3/21 1:11,"热搜到底是谁买的呀？好难猜呀
到底是为了遮挡什么呢[调皮]",0
2025/3/21 1:11,还是喜欢黑色的头发,0
2025/3/21 1:11,一点点小事，没什么意思，不用太关注，微博给人家上这个热搜真是莫名其妙[黑脸],1
2025/3/21 1:11,神金啊，不早就取关了，又出来蹦跶,1
2025/3/21 1:11,有抑郁症[泣不成声][流泪],0
2025/3/21 1:12,这13事儿就上热搜？,1
2025/3/21 1:13,我姐也是这样。患抑郁症删了很多人   她就是控制不住自己,0
2025/3/21 1:13,关我屁事啊？天天给我推,1
2025/3/21 1:13,会不会是她公司那她账号乱来，她怎么可能全部取关，不就相当于全得罪了吗，怎么可能这么蠢,1
2025/3/21 1:14,她戏真多,1
2025/3/21 1:14,招笑[尬笑],1
2025/3/21 1:14,原来跟我一样都会这样取关别人，就是抑郁久了,0
2025/3/21 1:14,我会互移要不要求教程啊,0
2025/3/21 1:15,突然幻视孙颖莎希望主持人穿上羽绒服主持的时候了[流泪][流泪],0
2025/3/21 1:15,怎么到处黑我们露思姐姐，我好喜欢她演的剧，尤其是偷偷藏不住，你们都是那部剧认识她的呀,1
2025/3/21 1:15,吃人血馒头的营销号,1
2025/3/21 1:15,我想听听喜塔腊容音,0
2025/3/21 1:15,赵露思又不是今天才开始清列表的，到底是谁买的热搜[愉快]好难猜哦,0
2025/3/21 1:15,怎么，yxh又有新任务了？,1
2025/3/21 1:16,什么意思？？？,0
2025/3/21 1:16,混娱乐圈心态很重要，流量明星无论干什么都有偏见存在，都会被黑。,0
2025/3/21 1:16,猜你想看#喜塔腊容音,0
2025/3/21 1:16,赵露思怎么变成这样了，变化好大，我都认不出来了,0
2025/3/21 1:17,看着很开朗的人，怎么换上抑郁症了,1
2025/3/21 1:18,。。冷都不许人冷我真不理解了就,1
2025/3/21 1:18,大转盘又转回来了吗[黑脸],1
2025/3/21 1:18,清就清了咋了，肯定生病看清了很多事,0
2025/3/21 1:18,没有删vx,0
2025/3/21 1:18,别关心这个了能不关心一下#喜塔腊容音#,1
2025/3/21 1:19,煮波怎么不发喜塔腊容音啊，也睡觉了吗[黑脸],1
2025/3/21 1:19,你们营销号到底是想干什么？黑心钱赚得够多了吗，取关了 那又能怎么样呢,1
2025/3/21 1:20,一眼黑热搜 还一堆营销号发。而且这是什么天大的坏事嘛？感觉爱玩这种把戏的人无聊死了 不是良性竞争嘛（没粉籍 真路人）,1
2025/3/21 1:20,心疼露宝[捂脸][捂脸][捂脸],0
2025/3/21 1:21,可能是合约快要到期，要换公司了,0
2025/3/21 1:21,怎么这么多事,1
2025/3/21 1:21,喜塔腊容音,0
2025/3/21 1:21,别再说她了 前段时间不是病刚好付出吗,0
2025/3/21 1:22,能不能放过她啊，我路人都看不下去了,1
2025/3/21 1:22,[撇嘴]烦人,1
2025/3/21 1:22,喜塔腊容音,0
2025/3/21 1:22,你吖没话题了吧？这玩意也有得唠的？？？,1
2025/3/21 1:22,不管她是不是病了，我就爱看她，比那些没用的人好看多了,1
2025/3/21 1:22,又怎么了,0
2025/3/21 1:23,有些人就是看不得别人努力,1
2025/3/21 1:23,我只是希望她不要又抑郁症发作，希望她好好的吧,0
2025/3/21 1:23,干啥的？,1
2025/3/21 1:23,所以这个女的是干嘛的，,1
2025/3/21 1:23,经历一次事就知道了，挺喜欢赵露思的,0
2025/3/21 1:24,我只是希望她不要又抑郁症发作，希望她好好的吧,0
2025/3/21 1:24,是谁老是想黑她，我觉得挺好的一姑娘,1
2025/3/21 1:24,听君一席话，如听一席话,0
2025/3/21 1:24,人经历一次大病，真的会看透很多人。,0
2025/3/21 1:24,没懂..感觉现在她好奇怪,1
2025/3/21 1:25,搜喜塔腊容音,0
2025/3/21 1:25,你说话就说话，为什么放桌上，把她还给我[呲牙],1
2025/3/21 1:26,#喜塔腊容音#,0
2025/3/21 1:27,一眼就看出谁买的热搜，她新年第一天就清空列表了，又被拉出来挡枪啦！,1
2025/3/21 1:27,第一次见一个人抑郁症治疗宣传的满大街都是 也是第一次见躯体化好的这么快的哈 帮助小谢关注的不是人家家暴而是营销带小谢女儿去游乐园,1
2025/3/21 1:28,哎，之前特喜欢她的剧，觉得她好漂亮，不知道为啥天天刷到负面新闻，就心里感觉怪怪的，太疲了（勿喷，谢谢）,0
2025/3/21 1:28,她的自救！！！[流泪][流泪],0
2025/3/21 1:29,所以为什么取关？[宕机],1
2025/3/21 1:29,赵露思又不是今天才开始清列表的，到底是谁买的热搜[愉快]好难猜哦,0
2025/3/21 1:29,每个孩子都不容易，自我说服吧,0
2025/3/21 1:29,生了一场病，选择自救，重新活一遍，不可以清空吗？,0
2025/3/21 1:30,搞不明白。为什么那么多人喜欢欺负四川人，。,1
2025/3/21 1:31,赵露思又不是今天才开始清列表的，到底是谁买的热搜[愉快]好难猜哦,0
2025/3/21 1:31,应该是要解约了 之前也有明星解约清空关注的,0
2025/3/21 1:31,退圈回家种地吧不要发神经了,1
2025/3/21 1:32,关我屁事,1
2025/3/21 1:32,即使取关给朋友们的云包场和宣传也没停过，取关又不是断绝关系。。。。,0
2025/3/21 1:32,卧槽重新立人设,1
2025/3/21 1:32,现在内娱没新闻了吗 关不关注也是什么大事了吗[泪奔],0
2025/3/21 1:32,炸裂??,0
2025/3/21 1:32,知道为什么叫赵露思的微博吗？因为这是赵露思的微博，不要对别人的账号有那么大的占有欲,0
2025/3/21 1:33,对抑郁的病人，怎么有人有这么大的恶意，多么漂亮的小女孩，不能给她点温暖吗,0
2025/3/21 1:33,不如注销来的快[泪奔],0
2025/3/21 1:34,??喜塔腊容音,0
2025/3/21 1:34,我都删三千多粉现又起400多粉[偷笑],0
2025/3/21 1:34,喜塔腊容音主播评价一下[看],0
2025/3/21 1:35,@赵露思 宝宝给微博删了吧[心碎][苦涩],0
2025/3/21 1:35,屁大点事儿，整这些没有用的 不理解,1
2025/3/21 1:35,确实不容易，但是这事感觉挺容易招黑，而且败路人缘啊,1
2025/3/21 1:36,你们是没有正经新闻发吗？,1
2025/3/21 1:37,从去年到现在三月份，这是多少个热搜，自己不知道吗,1
2025/3/21 1:37,赶紧注销退圈,1
2025/3/21 1:37,别过度解读 不如来关注#喜塔腊容音# 事件进度呢,0
2025/3/21 1:39,@蛋爷爷、,0
2025/3/21 1:39,国际大新闻呀[赞],0
2025/3/21 1:39,谁投dou加了[尬笑],0
2025/3/21 1:40,这小姑娘应该经历了啥事情。,0
2025/3/21 1:40,yyz没有流量了，开始取关别人继续上热搜啊[捂脸][捂脸][捂脸]看不出来ma,1
2025/3/21 1:41,希望路人宝宝看清楚这是去年的事情，因为要压一些事情又被营销号发出来被别人买热搜挡枪了[流泪],0
2025/3/21 1:41,拿咱们赵露思压别的热搜是吧，一个老总的女儿一个千金就欺负赵露思没背景呗[捂脸],1
2025/3/21 1:42,学会爱自己也是找到自己的一个过程[泣不成声],0
2025/3/21 1:42,生病了就应该扔了手机好好治病,1
2025/3/21 1:43,为啥跟之前一点都不像了,0
2025/3/21 1:44,你们一天天真是闲的，人家取关个列表挨你们什么事了？日子还不够苦嘛？管别人闲事,1
2025/3/21 1:46,好招笑，她不会以为这样很酷吧，别人觉得她好好清醒呀，粉丝还骄傲上了，直接退圈去做公益为自己积福吧，还拍什么杂志圈钱啊,1
2025/3/21 1:47,我怎么还能刷到你啊，这抖音彻底废了[流泪],1
2025/3/21 1:47,[发呆],0
2025/3/21 1:48,买这个热搜干嘛有病,1
2025/3/21 1:48,放过一个病人吧！！真的为了压热搜良心都不要了？,1
2025/3/21 1:48,宝宝萌，露丝三个月前就取关了[叹气][叹气]，不知道YXh现在才从棺材里跳出来，我们多关注喜塔腊容音的事，不然没有热度,1
2025/3/21 1:48,赵露思做自己就好,0
2025/3/21 1:48,这次可不许说我们占用公共资源了哦,0
2025/3/21 1:48,微博取关咋的了 又不代表私下不联系 管真多,0
2025/3/21 1:50,真的是什么屁事都要上一下热搜哦[愉快],0
2025/3/21 1:50,我是真的不懂哈 这种事情需要上热搜吗[九转大肠]我以为她跟谁撕逼了 准备来吃瓜的 进来一脸懵逼[九转大肠][九转大肠][九转大肠][九转大肠][九转大肠],0
2025/3/21 1:51,真的超级好看的,0
2025/3/21 1:51,zls真是火，干个什么事都有热搜[憨笑],0
2025/3/21 1:51,家人们关注方向错了！！！这是在压卫生巾的的事情啊！！！！！,1
2025/3/21 1:53,家人们关注方向错了！！！这是在压卫生巾用烂棉花的的事情啊！！！！！,1
2025/3/21 1:54,对家想破脑袋.不如人家灵机一动[捂脸],1
2025/3/21 1:54,又不是最近才取关的[愉快][赞]，这是干嘛呀[愉快],0
2025/3/21 1:55,这个都能上热搜[捂脸][捂脸],0
2025/3/21 1:55,这位女明星别天天买热搜了好吗[黑脸]我在我搜索里面动不动就看到真的很烦,1
2025/3/21 1:55,不知道在尴尬什么呢？国家哪条法律规定了不能取关还是咋？,1
2025/3/21 1:57,神经病,1
2025/3/21 1:57,我在想她们那么有钱了 还能有什么让她们抑郁的,1
2025/3/21 1:57,给她带节奏的是营销号，现在把人逼成这样了，给她带节奏的还是营销号，讲真的，营销号真的不犯法吗？,1
2025/3/21 1:58,以前多好看 多有特点，不知道为啥要整成网红脸[捂脸],1
2025/3/21 1:58,她咋样跟我们有屁关系,1
2025/3/21 1:59,哦,0
2025/3/21 1:59,好心疼赵露思姐呀[泣不成声][泣不成声][泣不成声]愿她能早日康复，健康快乐每一天！,0
2025/3/21 1:59,赵露思实惨，给喜塔腊容音挡枪，结果还被虞书欣粉丝骂，为什么本来热度比喜塔腊容音低，为什么突然一下热度这么高，呵呵，好难猜呀,1
2025/3/21 1:59,小谢有她，西安地铁又有她[尬笑][赞],0
2025/3/21 2:01,[流泪][流泪]人经历一次大病，真的会看透很多人。,0
2025/3/21 2:02,她如果被雪藏了 她做网红带货 我都支持她[流泪] 她真的很好 不懂为什么一直有人黑她[流泪]都是女孩子[流泪],0
2025/3/21 2:02,给喜塔腊容音挡枪，结果还被??粉丝骂，为什么本来热度比喜塔腊容音低，为什么突然一下热度这么高，呵呵，好难猜呀[调皮]大家都去关注喜塔腊容音给素人小姐姐发声,1
2025/3/21 2:03,不愧是营销号[微笑],1
2025/3/21 2:03,喜塔腊容音,0
2025/3/21 2:04,发生啥了？听不懂[捂脸][捂脸],0
2025/3/21 2:05,我把我爸微信删了，清净多了，真的是啥事都跟我乱绝，不关我的事也觉我，听的压抑得很，直接就给删了,1
2025/3/21 2:06,在新杂志中就说了，要重新开始，重新审视,0
2025/3/21 2:07,无聊死了,1
2025/3/21 2:08,微博流量很大吗，再大也大不过抖音，好待她抖音有四千多万粉丝,0
2025/3/21 2:09,谁说，20日取关的，一月份取关的，无语，现在又拉出来挡枪罢了,1
2025/3/21 2:09,@AAA老约翰中药店 [捂脸]玛雅这都上热搜。,0
2025/3/21 2:11,不是，就这事啊[尬笑],0
2025/3/21 2:11,让她好好休息一下[感谢]，安静下来,0
2025/3/21 2:12,连喜欢一个发色都没法自由选择，明星也是不容易啊[泪奔],0
2025/3/21 2:12,喜塔腊容音讨论度那么高但是一直不上热搜 这是为什么 好难猜啊,0
2025/3/21 2:13,谢谢大家，我要睡觉了[猪头][猪头],0
2025/3/21 2:13,她这个行为真的哎，她到底咋了啊，前些日子消停了去做好事休息去了，我真对她说时候改观了觉得她还不错长得也漂亮，但是她现在应该多关注爱她支持她的人，而不是揪着黑粉不放忽略真爱粉……哎多少她的真爱粉为她冲锋陷阵啊,0
2025/3/21 2:14,#猎奇,0
2025/3/21 2:15,什么东西都报道，没东西能不能报一下天气预报？,0
2025/3/21 2:15,还没睡的宝宝一人一个小洪包呀[耶][耶][耶],0
2025/3/21 2:15,多关心点自己吧[捂脸],1
2025/3/21 2:16,今天转盘转到zls了[黑脸][黑脸],0
2025/3/21 2:16,证明冬天太多不保暖的礼服对于女明星不合理,0
2025/3/21 2:16,这世界的人这么闲？人家取关像新闻一样播报,1
2025/3/21 2:17,无人在意[尬笑],0
2025/3/21 2:17,去年的事情现在上热搜，这是逮着赵露思一个人服了[尬笑][尬笑][尬笑][尬笑],1
2025/3/21 2:18,现在只有三个人[赞],0
2025/3/21 2:18,这也热搜？没什么报道了吗？？,0
2025/3/21 2:18,原来有钱人也这么幼稚啊[看],1
2025/3/21 2:19,去年的事情现在上热搜，这是逮着赵露思一个人服了[尬笑][尬笑][尬笑][尬笑],1
2025/3/21 2:19,戏精一个，把这演技用到拍戏上吧,1
2025/3/21 2:21,怎么老上热搜看烦了[微笑],1
2025/3/21 2:22,哪里来的[看]看新闻了吗？是人家去关别人,1
2025/3/21 2:22,取关是什么大事吗？你猜她为什么写着赵露思的微博，你们有什么权利干涉?不如关注素人维权，指路#喜塔腊容音#,1
2025/3/21 2:23,你可以像马儿一样跑的英姿飒爽！多优秀的一个姑娘，加油！一定会好起来的。,0
2025/3/21 2:23,这也能热搜 我服了[流泪],1
2025/3/21 2:25,喜塔腊容音,0
2025/3/21 2:25,评论区的可露丽不要回黑,1
2025/3/21 2:26,刚看了下，还是4532万粉丝[干饭人],0
2025/3/21 2:26,好好听呀,0
2025/3/21 2:27,赵露思做错了什么。。我滴妈简直是流量密码，啥时候的事了现在空降热搜。,1
2025/3/21 2:27,没有新闻可以放家有儿女[尬笑],0
2025/3/21 2:27,真矫情,1
2025/3/21 2:27,好萌哈哈哈哈,0
2025/3/21 2:28,好听诶,0
2025/3/21 2:29,装疯,1
2025/3/21 2:29,射箭时候是颜值巅峰,0
2025/3/21 2:29,销号不就好了,1
2025/3/21 2:31,梦一个节约[得意],0
2025/3/21 2:31,无语，这有什么好宣传的[尬笑],1
2025/3/21 2:31,发颠了评论区。还是工作太少作业太少了,1
2025/3/21 2:32,喜塔腊容音 在转移这个热度,1
2025/3/21 2:32,这是啥时候的事情啦[泪奔][泪奔]现在都拉出来，恨不得全世界都知道zls[泪奔][泪奔][泪奔]她黑热搜一大堆，我都不知道她到底犯了什么天理不容的罪[泪奔][泪奔],1
2025/3/21 2:32,明星取关几个人都要上热搜吗[憨笑],0
2025/3/21 2:34,一月份的时候两个平台都取关了，只有微博现在才取关，莫名其妙这种事也能上热搜[憨笑]别到时候又怪赵露思，好莫名其妙啊，一下子营销号全蹦出来了,0
2025/3/21 2:34,谁买的热搜啊 好难猜啊 为了压自己的事也是拼了哦,1
2025/3/21 2:35,不懂你们饭圈，但是上个视频评论区俩人晒图说1月份已经全取了啊[捂脸]说这是别人买热度准备怎么怎么的,1
2025/3/21 2:37,1人准是刘德华[呲牙],0
2025/3/21 2:38,这么大的事现在才通知我？,1
2025/3/21 2:38,纯路人 不懂为啥??粉丝卡卡骂zls啊不是很懂 取关不取关这难道不是zls自己的事嘛,0
2025/3/21 2:39,你放的都是啥阿，灰蒙蒙的，滤镜这用的[黑脸],1
2025/3/21 2:40,心痛露思，想到了曾经的自己，真想帮帮她。很喜欢她的善良纯真。,0
2025/3/21 2:41,重度抑郁症200多人抖音，取关100多人,0
2025/3/21 2:41,神如经，既然选择这了道路作为公众人物拿了这份钱，就得做好抗压的能力，有名声有热度的明星哪个不是被骂过来的，普通人在职场校园里也少不了被议论,0
2025/3/21 2:42,喜塔腊容音是谁啊好难猜[黑脸],1
2025/3/21 2:42,抱走战战,1
2025/3/21 2:42,@X.,0
2025/3/21 2:42,屁大点事,1
2025/3/21 2:42,所以她为什么要取关呀,0
2025/3/21 2:43,欲知详情指路#喜塔腊容音,0
2025/3/21 2:43,我觉得她演戏还挺好的 唱歌应该是个兴趣吧[色],1
2025/3/21 2:43,抖音唯一的应该是阿母,1
2025/3/21 2:44,笑死了评论区粉丝说的话好搞笑  她取关别人就是别人的问题 什么看清了很多人？莫名其妙真的是 合着以前拉人宣传用完就丢 还是别人的错？[尬笑],1
2025/3/21 2:45,有毛病啊，一个明星而已，搞得这么严重干嘛,1
2025/3/21 2:45,声音太尖了,1
2025/3/21 2:45,闲的没屁事了吗,1
2025/3/21 2:45,合同解约病也好了，不解约一年你也好不了，,1
2025/3/21 2:46,欲知详情指路#喜塔腊容音,0
2025/3/21 2:46,这么大的事报警吧,0
2025/3/21 2:47,指路:??喜塔腊容音,0
2025/3/21 2:47,这也能上热搜[尬笑],0
2025/3/21 2:48,营销号没得可报道了？,1
2025/3/21 2:48,这不下次关注回来，又一次热搜了嘛,0
2025/3/21 2:51,我们都一样，26岁的我天都塌了，曾经给自己编织了很多虚伪的梦境。希望自己能真正走出来[赞][赞],0
2025/3/21 2:51,他不取关我都不知道怎么能关注的到他[泣不成声],0
2025/3/21 2:53,在人生某个阶段，有时候突然看透了想通了放下了醒悟了，就会把很多以前认为重要的东西全舍弃掉，没什么大不了的，只能说明成熟进步了,0
2025/3/21 2:53,犯我中华者虽远必诛,1
2025/3/21 2:55,赵露思是谁？[微笑],0
2025/3/21 2:55,现在只有3个关注了？,0
2025/3/21 2:55,自从她帮助小谢之后，除非是犯法的事，不然她再做什么也不会讨厌她了,0
2025/3/21 2:56,这么多通稿一下子涌出来好难猜啊，营销号怎么不装死了[憨笑]喜塔腊容音事件能说说不,1
2025/3/21 2:56,@jimmy 太作了，这厮,1
2025/3/21 2:57,怎么了桑稚,0
2025/3/21 2:59,每当这种东西成为爆点 又会忽然觉得这个世界要完蛋了[捂脸],0
2025/3/21 3:00,莫名其妙的评论区又引到我们??了？[泪奔],1
2025/3/21 3:00,人只有生一场大病，才能看透身边的人是人是鬼，远离无用社交，加油桑稚[赞],0
2025/3/21 3:01,这也能上热搜？[尬笑],1
2025/3/21 3:01,抖音其实是抑郁症引发的罪魁祸首之一。,1
2025/3/21 3:01,@祁冬,0
2025/3/21 3:03,。。。炒作,1
2025/3/21 3:05,现在只有三个了，咋回事[流泪],0
2025/3/21 3:05,这么关注别人呢,0
2025/3/21 3:07,以为只有白鹿热衷于买热搜,0
2025/3/21 3:08,赵思露？这是谁，第一次听说,0
2025/3/21 3:09,这娘们真踏马会玩,1
2025/3/21 3:10,我的母语是无语,0
2025/3/21 3:10,这破事还能上热搜？[捂脸],1
2025/3/21 3:11,找些事情上热搜，颠婆,1
2025/3/21 3:12,作[看],0
2025/3/21 3:14,一群人闲的蛋疼[感谢],1
2025/3/21 3:15,戏精这么好戏就去好好拍戏,1
2025/3/21 3:20,现在的新闻没啥报道了吗？,0
2025/3/21 3:21,她取关不取关关我们屁事,1
2025/3/21 3:23,支持赵露思的做法[玫瑰][玫瑰][玫瑰],0
2025/3/21 3:25,和我们有什么关系吗，还是对社会有什么严重影响了,0
2025/3/21 3:25,这不是她的关注吧 只是她的粉丝也关注了这些人  不知道这次又是不是背刺,1
2025/3/21 3:26,赵露思纯路人看法真觉得是有点做作的，不管她前段时间是真的病了，大量的他拍视角 也确实是在营销，结合一些场合常做一些卖萌夸张表情，真的有点过了，粉丝喷就喷 ，忍不住发表个人看法[呆无辜],1
2025/3/21 3:27,欧克！又有事情被压下去了！（个人观点，勿喷）,1
2025/3/21 3:31,下一个郑爽,1
2025/3/21 3:34,呵呵,0
2025/3/21 3:35,屁事多[尬笑],1
2025/3/21 3:36,#赵露思# 内娱女演员第一且唯一登世趋，第一且唯一4登世趋??海外Tiktok断层第一??56条万转推内娱女星第一??32条ins百万赞内娱女星第一??2条ins两百万内娱女星唯一?海外女顶赵露思继续加油??,0
2025/3/21 3:37,我有一个从小学到现在的朋友，现在她不愿意和我做朋友[灵机一动]去年删了我，我一直不舍得删，这个月果断删了释怀了,0
2025/3/21 3:42,cz姐,0
2025/3/21 3:43,你没事吧,0
2025/3/21 3:46,去年的事情现在上热搜，我就是这么认识赵露思的[呲牙],0
2025/3/21 3:47,明星的关注是隐私的，不要引导大家了,0
2025/3/21 3:48,博主，说话好有引导味～可我只想知道喜塔腊容音事件[玫瑰],1
2025/3/21 3:50,滚[愉快],1
2025/3/21 3:56,解读:喜欢的男孩子太多，先取关一波[暗中观察],0
2025/3/21 3:57,人家取不取关有啥好报道的,0
2025/3/21 4:05,为啥不双,1
2025/3/21 4:06,报告！我想听一下喜塔腊容音[不失礼貌的微笑],0
2025/3/21 4:13,清关注都被扒吗 好恐怖感觉一举一动都被监视[黑脸],1
2025/3/21 4:14,装潢[黑脸],1
2025/3/21 4:14,最烦追星的了 取关人都能上热搜 这不浪费公共资源吗[憨笑],1
2025/3/21 4:15,@,0
2025/3/21 4:16,你也是人才人家干个啥都值得一说，剪个视频来说人家，闲的蛋疼，人家自己的隐私，管几把人家，少消耗她了,1
2025/3/21 4:18,就这玩意也能上热搜，闲的吧 无聊,1
2025/3/21 4:21,终于看清娱乐圈的世态炎凉而已[看],0
2025/3/21 4:22,萌萌的[看],0
2025/3/21 4:24,没有，他只是不怎么玩微博，不太会怎么取关好像关注超话有可能也算进关注列表里面,0
2025/3/21 4:24,你们粉丝也取关呀[呲牙][呲牙],1
2025/3/21 4:25,闲的,1
2025/3/21 4:25,00花、05花赶紧杀出来，实在不想再看这些95花作妖了,1
2025/3/21 4:27,这是谁呀？,0
2025/3/21 4:29,这货现在不营销失语症 抑郁症啥的了？ 啊啊啊 我好难受 说不了话 大家快可怜我,1
2025/3/21 4:30,联合国那边怎么说,0
2025/3/21 4:31,我最喜欢她！,0
2025/3/21 4:33,咋没看懂啊,0
2025/3/21 4:35,半夜刷个抖音连着好几条取关热搜，明星取关都能上热搜了吗[惊恐][惊恐][惊恐]这世界真是颠成我不敢想的地步了,0
2025/3/21 4:36,这不很早的事情吗？怎么yxh又都拿出来说了，压什么我不说[看],1
2025/3/21 4:44,娱乐圈这饭不吃不就好了[捂脸],0
2025/3/21 4:44,怎么现在越来越不像以前[白眼]长相都有了变化，啊？那个是赵今麦啊[捂脸]不好意思不好意思,0
2025/3/21 4:47,@臭臭?,1
2025/3/21 4:48,主播，我想知道喜塔腊容音的事[比心][比心]可以讲讲吗,0
2025/3/21 4:48,才发现把我也取关了[流泪],0
2025/3/21 4:51,唉！这么鲜活可爱漂亮的小女孩！不明白之前怎么总是被网爆啊，难道非得看到别人痛不欲生吗…[感谢]希望你真正的快乐起来,0
2025/3/21 4:52,她是谁,0
2025/3/21 4:55,热搜来的莫名其妙  是为了压什么呢,0
2025/3/21 4:56,不要脸[调皮]求别人宣传剧的时候是这副嘴脸吗,1
2025/3/21 5:00,@艳姐优选,0
2025/3/21 5:02,不知道咋火的一个人，占了这么多流量[尬笑],1
2025/3/21 5:02,赵露思前一段时间不是还生病了吗？我记得当时她生病还挺火的，病好了？,0
2025/3/21 5:03,当初因为抑郁症严重到住院治疗连正常的行走都不能完成的地步……即便已经出院，这类得了非常严重心病的人，关于她的新闻日后的某一天定会出现在抖音的热榜第一！,1
2025/3/21 5:06,这不是之前的事了吗？怎么突然又报出来了，谁买的热搜[黑脸]这种事情也值得新闻报道[微笑],1
2025/3/21 5:06,无语??。,0
2025/3/21 5:06,人家是有绿泡泡的,0
2025/3/21 5:06,#赵露思粉丝人肉素人# 多多关注开??达人??丝和??姐,1
2025/3/21 5:07,喜塔腊容音,0
2025/3/21 5:08,一月份就取关了，为什么现在被拉出来呢[流泪]好难猜啊         猜你想看＃喜塔腊容音,0
2025/3/21 5:09,啊，真不敢相信，这点屁事还要蹭一蹭[笑哭],1
2025/3/21 5:10,。这都能上热搜？取关就取关呗[吐血],1
2025/3/21 5:10,去年的事情现在上热搜，逮着赵露思薅啊[发怒],1
2025/3/21 5:10,这娘们是做什么的？,1
2025/3/21 5:11,我闺女初一天天迷她都快疯了，好无语，自己不舍得吃不舍得花存下来的零花钱全买了关于赵露思的东西，我两个侄女更甚，天天在手机上发赵露思抱着手机为了她和别人对骂，一次她发朋友圈我说这张照片看着有点矮，侄女立马炮轰我，嗷嗷叫的说我诋毁她的明星，过了很长时间我去她家她还当着他妈和我妈的面跟我吵，我都一脸懵逼，理解不了现在的孩子,1
2025/3/21 5:11,两个平台早就取关，怎么微博就这么敏感呢，压什么热搜我不说，人家私底下没有绿泡泡吗,1
2025/3/21 5:11,@小小画佳 玉玉症大姐又在做什么戏啊,1
2025/3/21 5:12,主播，我想知道喜塔腊容音的事[比心][比心]可以讲讲吗,0
2025/3/21 5:12,取关就取关呗，屁大点事上热搜[泪奔],0
2025/3/21 5:15,一天到晚瞎操心[投降],1
2025/3/21 5:16,这什么时候的事啊？我今天才看到,0
2025/3/21 5:17,方大同人走了没说一句我病了，有的人身体健康天天营销我有病求关注博同情,1
2025/3/21 5:21,露思师妹，没什么大不了的，我一个人，都十几二十几年了，甚至有点时候别人想加我，我都不想加，除了工作上的朋友，有点时候需要才加的，需要你能挺过来。不要去想那么多，。家韦哥，,0
2025/3/21 5:22,赵露思身体一直有问题 情绪也不是很稳定 可能也是压力大吧 希望好好休息 露思人还是挺好的 希望早日康复,0
2025/3/21 5:23,肉丝实惨。不知道是哪家买的黑热搜了，好疑惑呀,0
2025/3/21 5:24,悟透了[泪奔],0
2025/3/21 5:26,评论区一些人真的没必要，人家主人公都没说啥，老是乱带节奏，都是被这些乱带节奏的人瞎说的[发怒][发怒][发怒],1
2025/3/21 5:26,解释一下，就是露思看到有人教她取关攻略，然后才说的谢谢。,0
2025/3/21 5:26,真会抓热点,0
2025/3/21 5:27,赵露思是真的好欺负啊看得出来，她是真的善良[比心][比心][比心],0
2025/3/21 5:27,1月份就有的事，别拿她压别人的黑热搜[微笑],1
2025/3/21 5:28,作过头,1
2025/3/21 5:29,原来营销号没有冬眠啊  我比较想知道喜塔腊容音[赞][赞][赞],0
2025/3/21 5:30,感觉又发病了,1
2025/3/21 5:31,[比心],0
2025/3/21 5:31,好奇这个热搜词条是什么意思[白眼]点了一下没看懂，撤退,0
2025/3/21 5:33,是个好女孩。,0
2025/3/21 5:35,成长路上的[赞],0
2025/3/21 5:37,讲讲喜塔腊容音事件呗,0
2025/3/21 5:37,[玫瑰][玫瑰],0
2025/3/21 5:40,她真是脑子有病,1
2025/3/21 5:41,露思为了我[晕][晕][晕]这是煞费苦心,0
2025/3/21 5:41,[一起加油][一起加油][一起加油],0
2025/3/21 5:42,这不是前几个月就取关了现在又说干嘛[憨笑],0
2025/3/21 5:42,这货又缺热度了,1
2025/3/21 5:43,就很难评,0
2025/3/21 5:44,[抠鼻]你们真无聊。。。人家想关注谁就关注谁，那是人家的自由！,1
2025/3/21 5:45,人经历一次大病，真的会看透很多人,0
2025/3/21 5:46,露露怎么了[流泪],0
2025/3/21 5:47,搞笑吗 锐化这么严重 [尬笑][尬笑] 一天天就知道喷女明星 把男明星看的和宝一样[尬笑],1
2025/3/21 5:47,人只有经历一次风波，才会看清一切人和事,0
2025/3/21 5:48,建议去搜一下:  喜塔腊容音,0
2025/3/21 5:48,爱咋咋的吧过段时间就出来作妖[捂脸],1
2025/3/21 5:50,是全都取关，不是单，人家又不是第一天取关，怎么就今天这么敏感,1
2025/3/21 5:51,我很喜欢初恋这件小事的原因就是 我在变好的路上 幸好有你[爱心],0
2025/3/21 5:51,戏好多,1
2025/3/21 5:52,为啥不活出个自己,0
2025/3/21 5:52,我微信就我家人,0
2025/3/21 5:55,只有善良的人才会抑郁症，抑郁症的人聪明又活的通透，一眼可以看到事物的本质，接受不了肮脏才会抑郁，因为世界和自己的内心不符，这女孩子千万不要抑郁，抑郁根本就治不好，因为病的本来是这个世界，吃药的却是抑郁症，所以怎么能治的好[叹气],0
2025/3/21 5:56,这露思真的火了，她真的好,0
2025/3/21 5:57,取关赵露思,1
2025/3/21 5:58,我勒个豆，什么鬼逻辑[泪奔]什么妖魔鬼怪都讲金融[捂脸],1
2025/3/21 5:59,如果一个经历了一件大事。也许就会看淡生气，比如金钱爱情或者生命。只想活的开心点，,0
2025/3/21 6:00,看透了,0
2025/3/21 6:00,赵露思真是火了  就这么一件事微博空降第一  都这么关注露思啊[灵机一动][灵机一动],0
2025/3/21 6:01,取关上热搜，网曝无人问津[微笑],0
2025/3/21 6:02,这叫引导网暴吗……语气蛮好的吧，我怎么记得当时很多人骂??[捂脸] 而这个素人的帖就在热门，她多次编辑热搜词条，虞回复她也很正常，为啥当年已经审判过了为啥又搬出来说,1
2025/3/21 6:02,吓我一跳，刚进微博以为赵露思被取证了呢[捂脸],0
2025/3/21 6:03,我觉得其实取关就是一件很正常的事情，谁都会有想要去取关别人的时候，为啥到赵露思身上就这么放大呢？？？,0
2025/3/21 6:03,这叫引导网暴吗……语气蛮好的吧，我怎么记得当时很多人骂??[捂脸] 而这个素人的帖就在热门，她多次编辑热搜词条，虞回复她也很正常，为啥当年已经审判过了为啥又搬出来说,1
2025/3/21 6:04,一个戏子而已，,1
2025/3/21 6:04,能找到自己挺好的，以前跑销售两个手机微信好友1万个，后来全删光了，但如果是现在的话，删不删也无所谓。以前很讨厌的人，我是不搭理的。但现在，我看所有人都很可爱。,0
2025/3/21 6:08,一本正经胡说八道??,1
2025/3/21 6:09,本来是粉你 现在发现你可能为了流量而不择手段[捂脸],1
2025/3/21 6:10,她ks粉丝在带节奏说是公司取关的,1
2025/3/21 6:11,清了好与过去说再见,0
2025/3/21 6:11,被资本玩坏的人,1
2025/3/21 6:11,怎么不继续生病了[看]怕流量又没了吗？,1
2025/3/21 6:11,赵露思是真的好欺负啊[捂脸][感谢]看得出来，她是真的善良,0
2025/3/21 6:11,人经历一次大病，真的会看透很多人。,0
2025/3/21 6:12,赵露思真是火了  就这么一件事微博空降第一  都这么关注露思啊[灵机一动][灵机一动],0
2025/3/21 6:13,喜欢一个人的时候对方就是屎在你看来都是香的我先走了,0
2025/3/21 6:13,这也上得了热搜,1
2025/3/21 6:15,40万?互动量的明星带头网暴素人的事件上不了热搜，我露思取个关直接爆了[笑哭][笑哭][笑哭],1
2025/3/21 6:15,有病啊，爱关注谁关注谁，这点小事还要上热搜，怎么这么控制别人的生活呢,1
2025/3/21 6:15,想取关谁就取关谁 这是赵露思的微博 有时间关系这些小事 还不如关系某明星亲自下场网暴素人呢,1
2025/3/21 6:15,人家取关 你尴尬个毛线啊 瞎吃萝卜淡操心,1
2025/3/21 6:16,这牙膏真的那么好用吗？,0
2025/3/21 6:17,支持露思，评论区的都在黑什么,1
2025/3/21 6:18,[赞][赞][赞],0
2025/3/21 6:18,通过这次事件，看清了一些人，和一些事[抠鼻],1
2025/3/21 6:18,[赞][赞],0
2025/3/21 6:19,她唱歌真的很好听啊！！之前她有一首想要住进爱情海里 真的好听 她真的会唱的,0
2025/3/21 6:19,单纯的人在娱乐圈很难生存吧！能生存下来的都是老谋深算的人,1
2025/3/21 6:19,赵露思是真的好欺负啊[捂脸][感谢]看得出来，她是真的善良,0
2025/3/21 6:20,人经历一次大病，真的会看透很多人。,0
2025/3/21 6:20,哎,0
2025/3/21 6:20,就取关而已，别过度理解好吗？,0
2025/3/21 6:21,人经历一次大病，真的会看透很多人。,0
2025/3/21 6:21,赵露思真是火了  就这么一件事微博空降第一  都这么关注露思啊[灵机一动][灵机一动],0
2025/3/21 6:21,你们真够无聊的[黑脸],1
2025/3/21 6:21,赵露思是真的好欺负啊[捂脸][感谢]看得出来，她是真的善良[比心],0
2025/3/21 6:22,抖音几千万粉丝哭啥,1
2025/3/21 6:22,[锦鲤][锦鲤][锦鲤][锦鲤][锦鲤],0
2025/3/21 6:23,[锦鲤][锦鲤][锦鲤][锦鲤],0
2025/3/21 6:23,到底是什么原因引起的？,0
2025/3/21 6:24,??喜塔腊容音,0
2025/3/21 6:24,指路：??喜塔腊容音,0
2025/3/21 6:24,这些玩意都不知道咋活好了,1
2025/3/21 6:24,周慧璐真的那么好欺负吗，她很善良,0
2025/3/21 6:25,[吐彩虹],0
2025/3/21 6:25,"公司拿着她的账号,不懂别瞎说",1
2025/3/21 6:25,评论一堆脏东西，哇哦,1
2025/3/21 6:26,。。。这啥啊,0
2025/3/21 6:26,好矫情啊[抠鼻][抠鼻],1
2025/3/21 6:27,666[吐彩虹],0
2025/3/21 6:27,取关到底是原因啊，于情于理都不该啊，这不让人家其他明星成了她单方面的粉丝了吗,0
2025/3/21 6:28,取个关，你还尴尬上了，和你有半毛钱关系吗？,1
2025/3/21 6:29,赵露思三平台清关[比心][比心][比心][比心][比心][比心][比心][比心],0
2025/3/21 6:31,反向操作，好曝光红火起来呗，见怪不怪,1
2025/3/21 6:31,其实真的没啥，就是单纯不想维系那么多的关系，过多的社交是种负担,0
2025/3/21 6:32,@赵露思 姐姐你一定要好好的 病好了就不要再搞网友心态了[快哭了]占用公共资源了求你了[快哭了],1
2025/3/21 6:34,你们多少钱一条呀？我也要发[舔屏][舔屏],1
2025/3/21 6:34,那种感觉懂得人都懂！,0
2025/3/21 6:35,删除的人，就是不想跟任何人联系，很崩溃[泪奔][泪奔][泪奔],0
2025/3/21 6:35,机房粉丝脱粉了[笑哭],0
2025/3/21 6:36,不要走极端就好,0
2025/3/21 6:37,好装。。。,1
2025/3/21 6:37,想知道为什么取关呢[泪奔]（纯路人纯好奇[泣不成声]）,0
2025/3/21 6:37,人火毁灭,1
2025/3/21 6:37,朋友是提供情绪价值，不是分散注意力，勿忘心安，送给所有网友，我们都要坚强,0
2025/3/21 6:38,真的假的,0
2025/3/21 6:38,谁去关注了她呢,0
2025/3/21 6:38,那么多钱花不完，有啥好哭的[尬笑][尬笑][尬笑],1
2025/3/21 6:39,取关咋了[不是吧]这也新鲜？,0
2025/3/21 6:39,其实我早就看透世俗了，我也是五千万的粉丝但是零关注,0
2025/3/21 6:39,老妹儿，这衣服不错[捂脸][捂脸][捂脸],0
2025/3/21 6:40,人只有面临生死考验才能看清身边的人包括合作的人才能救自己的，赵露思不是个例。赵丽颖和侯明昊曾在小透明吋期看透身边的人包括圈内人，赵丽颖和侯明昊人间通透清醒，赵露思年前经历一遭后看透圈内本质拯救自己的对她来说，是重获新生脱胎换骨。,0
2025/3/21 6:40,真的很无语啊 就算是要重新开始 双取不行吗 合着就是你取关 别人还是你的粉丝 单方面关注你 多大脸啊 这个行为真的很不尊重人！同事互相关注 结果最后人家成你小粉丝了??,1
2025/3/21 6:41,他担心很多人被受牵连，所以取关保护。[感谢][感谢][感谢],0
2025/3/21 6:41,一天到晚屁点事上热搜,1
2025/3/21 6:41,[赞][赞][赞][赞][赞][赞][赞],0
2025/3/21 6:42,以前肉肉的多好看。,1
2025/3/21 6:43,屁大点事,1
2025/3/21 6:44,??正主带头网暴 和粉丝作为 是个人都知道区别 且露丝在直播说过不要理黑粉(??却引导之后说去睡觉了)正主三观不正和粉丝三观不正是人都分得清[感谢][看]自家都着火了粉丝还在这里倒黑水一晚上这个词条都被顶多少遍了？想拿别家的词条压自家小心思可太明显了,1
2025/3/21 6:44,[比心],0
2025/3/21 6:45,[泪奔]有病就去医院，有冤就去法院。,0
2025/3/21 6:46,唉，这么阳光明媚的女孩，怎么就抑郁了呢，真心希望她越来越好，要自己强大起来呀[爱心][爱心][爱心],0
2025/3/21 6:46,她如果被雪藏了 她做网红带货 我都支持她[流泪] 她真的很好 不懂为什么一直有人黑她[流泪]都是女孩子[流泪],0
2025/3/21 6:46,[捂脸],0
2025/3/21 6:47,早几个月就取关了，谁买的嘿rs啊，真难猜啊[憨笑],1
2025/3/21 6:48,已经被我拉黑哈哈哈哈哈什么时候的事,1
2025/3/21 6:48,要复出吗？,0
2025/3/21 6:48,她在小红书看怎么全部取关，连取关都玩不明白的一个wb现充，她咋知道双取，都在那网爆她，我真服了[流泪]她只是一个可爱的小女孩,1
2025/3/21 6:49,赵露思放的屁是什么味道呢？作为一个新闻媒体账号应该能收集得到吧，最好也能分享一下配方[呲牙],1
2025/3/21 6:49,取关也要这么关注吗,0
2025/3/21 6:49,露思我永远支持你,0
2025/3/21 6:49,她惹谁了？为什么黑粉这么多？,1
2025/3/21 6:50,: 她如果被雪藏了 她做网红带货 我都支持她[流泪] 她真的很好 不懂为什么一直有人黑她[流泪]都是女孩子[流泪],0
2025/3/21 6:50,天天开心露思,0
2025/3/21 6:50,关你屁事,1
2025/3/21 6:51,做真实的自己就好[比心],0
2025/3/21 6:51,怎么又上热搜了？为了掩盖什么吗[憨笑][调皮],1
2025/3/21 6:51,买不完的热搜 真是烦死 点不完的不感兴趣,0
2025/3/21 6:51,赵露思是真的好欺负啊[捂脸][感谢]看得出来，她是真的善良,0
2025/3/21 6:51,好久不见的露丝[玫瑰][玫瑰][玫瑰],0
2025/3/21 6:51,美不胜收，有那么多关系,0
2025/3/21 6:52,啥玩意，她是取消别人,1
2025/3/21 6:52,你真是没得热度蹭了[微笑],1
2025/3/21 6:52,[尬笑],0
2025/3/21 6:54,.,0
2025/3/21 6:54,营销号这么好买吗？我要也买，我也要去当明星[愉快][愉快][愉快][愉快],0
2025/3/21 6:55,重生之各大顶流明星都是我小粉丝……,0
2025/3/21 6:55,有没有一种可能取关是为了和公司解约,0
2025/3/21 6:56,别浪费公共资源了 该干嘛干嘛[抠鼻],1
2025/3/21 6:56,和小谢合拍呀,0
2025/3/21 6:56,什么时候删微信了啊？,0
2025/3/21 6:57,没东西报道了吗？,1
2025/3/21 6:57,不要,1
2025/3/21 6:57,装[捂脸],0
2025/3/21 6:57,[爱心],0
2025/3/21 6:58,微信两百多人删除到100个了舒服清净[调皮],0
2025/3/21 6:58,这少妇真带劲,1
2025/3/21 6:58,一天小作，两天大作，天天作,1
2025/3/21 6:59,电视里这么开心的一个妹子   也会得了抑郁症[微笑][微笑],0
2025/3/21 7:00,纯路人刷到，都觉得这个小姑娘怎么整天被黑，生病刚好就又开始喷[绝望的凝视],1
2025/3/21 7:00,人经历一次大病，真的会看透很多人。[流泪],0
2025/3/21 7:00,这是露思的微博，她想取就取，你们这是要干嘛啊,1
2025/3/21 7:01,是最近的吗,0
2025/3/21 7:01,太想红了吧，其实没有必要,1
2025/3/21 7:02,这有什么好上热搜的[捂脸],0
2025/3/21 7:02,跟我有毛关系，老推给我干啥,1
2025/3/21 7:02,讨厌网暴别人的人，没素质！！！管好自己的嘴管好自己的手,0
2025/3/21 7:02,这都多久之前的事了 其他平台去年就取了好嘛 就为了掩盖某人引导粉丝网曝事件 指路喜塔腊容音,1
2025/3/21 7:03,这也成国家大事了,1
2025/3/21 7:03,为什么抑郁症呢是不火了吗,1
2025/3/21 7:03,现在就剩3个了,0
2025/3/21 7:04,[看],0
2025/3/21 7:04,[微笑][微笑][微笑],0
2025/3/21 7:04,看清了人家人间冷暖,0
2025/3/21 7:04,他想把所有人都取关，安安静静过自己的日子，有什么问题吗,0
2025/3/21 7:06,@LS,0
2025/3/21 7:06,真是没啥报道的了,0
2025/3/21 7:06,赵露思真是火了  就这么一件事微博空降第一  都这么关注露思啊[灵机一动][灵机一动],0
2025/3/21 7:06,微博就是垃圾,1
2025/3/21 7:06,号buzai在公司手机上 但vx难道也在吗？,0
2025/3/21 7:07,那些欺负善良人的人一定没有好下场的[发怒][发怒][发怒][发怒],0
2025/3/21 7:08,能公开力挺小谢，你们再怎么引导她身上去都没人会信了[憨笑],0
2025/3/21 7:08,平凡,0
2025/3/21 7:08,别人生病的时候 你们有没有身心关心过别人？来不来就取消关注你[尬笑],1
2025/3/21 7:09,还以为注销抖音账号了[抠鼻][抠鼻],0
2025/3/21 7:10,真会炒作全是营销号,1
2025/3/21 7:11,以热搜压热搜？？[宕机],0
2025/3/21 7:11,？？？取关到底咋了？你没取关过人？,1
2025/3/21 7:11,你是没有钱了吗,1
2025/3/21 7:12,露 只要你不犯法 你做什么都会支持你[呲牙],0
2025/3/21 7:12,放过我的露思吧[流泪][流泪][流泪],0
2025/3/21 7:12,她如果被雪藏了 她做网红带货 我都支持她[流泪] 她真的很好 不懂为什么一直有人黑她[流泪]都是女孩子[流泪],0
2025/3/21 7:13,就一个人取关也要浪费公共资源？,1
2025/3/21 7:13,关键是赵露思微博在公司手上,0
2025/3/21 7:14,望周知,0
2025/3/21 7:14,赵露思真是火了  就这么一件事微博空降第一  都这么关注露思啊[灵机一动][灵机一动],0
2025/3/21 7:14,今天剩三个了她干啥了??,1
2025/3/21 7:15,热度不来白不来，来关注被某明星下场网暴的小女孩喜塔腊容音叭！！！[流泪],1
2025/3/21 7:15,很喜欢他演的电视剧哦,0
2025/3/21 7:15,[害羞]博主，说话好有引导味～可我只想知道喜塔腊容音事件[玫瑰],1
2025/3/21 7:15,自己的社交账号想咋样就咋样,0
2025/3/21 7:16,赵露思是真的好欺负啊[捂脸][感谢]看得出来，她是真的善良,0
2025/3/21 7:17,赵露思是真的好欺负啊[捂脸][捂脸][捂脸]看得出来，她是真的善良[泣不成声][泣不成声][泣不成声][泣不成声],0
2025/3/21 7:17,一个班的那个吗,0
2025/3/21 7:17,人经历过一次大病，真的就会看透很多人。[暗中观察],0
2025/3/21 7:18,热度不来白不来，来关注被某明星下场网暴的小女孩喜塔腊容音叭！！！[流泪],1
2025/3/21 7:18,大眼上的人全都是骂她幼稚各种难听的话[眼含热泪]真的会感到生气[眼含热泪],1
2025/3/21 7:18,赵露思，我真的喜欢你，希望你快点好起来，我们等着你呢！,0
2025/3/21 7:18,大是大非面前，一定会教会人识人术的！！！,0
2025/3/21 7:19,年前病成那样好心疼，没想到这么快恢复了继续复工，娱乐圈的名利场，不招黑？虚伪，利用网友的善良,1
2025/3/21 7:19,很漂亮,0
2025/3/21 7:19,很正常的一件事 谁家的手笔不难猜,0
2025/3/21 7:19,早上好啊,0
2025/3/21 7:19,你们在这说他对头买热搜 她生病的时候又买了多少热搜 我真的谁也不占 但生个病至于买那么多热搜吗,1
2025/3/21 7:20,哎，终于还是和我一起回归家庭了,0
2025/3/21 7:20,自己的账号想取关就取关呗 关你啥事啊,0
2025/3/21 7:20,现在只有3个,0
2025/3/21 7:21,患难见真情,0
2025/3/21 7:21,赵露思没对不起任何人,0
2025/3/21 7:21,赵露思真是火了  就这么一件事微博空降第一  都这么关注露思啊[灵机一动][灵机一动],0
2025/3/21 7:21,这个不是突然取关的，是生病的时候陆陆续续取关的都三个月之前的事啦，,0
2025/3/21 7:22,赵露思病得不轻啊,1
2025/3/21 7:22,因为她快到期了要解约了，清空不是很正常吗,0
2025/3/21 7:22,这小学生行为素在?,1
2025/3/21 7:23,累了就好好休息，很喜欢看她演的电视,0
2025/3/21 7:24,b事真多,1
2025/3/21 7:24,@get lucky: 赵露思是真的好欺负啊[捂脸][感谢]看得出来，她是真的善良,0
2025/3/21 7:24,为什么不能取关,0
2025/3/21 7:24,新剧啥的。又缺流量了吧。。,1
2025/3/21 7:24,滚吧，营销号，恶心,1
2025/3/21 7:24,?? 粉开盒赵露思女士怎么不说 艺人也是人 光抓取关说事 靠赵露思赚的钱你们会有灾的,1
2025/3/21 7:25,[哈欠][哈欠]睡醒了，yxh快去睡觉吧[哈欠][哈欠],0
2025/3/21 7:25,哎呦，取关就取关呗，是人家自己的事情 一个明星的私事给你们放大这么？ 网暴怎么来的就是这么来的。,0
2025/3/21 7:25,这是什么操作啊取关,1
2025/3/21 7:25,说明她通透了，不再做取悦她人的傻事[流泪],0
2025/3/21 7:26,怎么突然全活了[哈欠][哈欠][哈欠]睡醒了吗[哈欠][哈欠][哈欠]还是继续睡觉吧[哈欠],0
2025/3/21 7:26,？她早就只有一个关注了啊，怎么现在突然又拿出来说[尬笑],1
2025/3/21 7:26,连我也取关了吗，有趣[微笑],1
2025/3/21 7:26,谁又给营销号钱了,1
2025/3/21 7:27,我对这个人不了解，也未曾关注过，只是单纯的觉得她在搞事情，搞眼球的感觉,1
2025/3/21 7:27,这人上热搜都是无关紧要的小事。这人最会炒作[捂脸],1
2025/3/21 7:27,别再关注个人隐私了 猜你想看#喜塔腊容音#  ysx今天给她带头???暴的素人道歉了吗支持开盒入刑  带头者更是大罪,1
2025/3/21 7:28,她高兴就行。你管那么多。,0
2025/3/21 7:28,该休息就休息吧，娱乐圈不缺人,0
2025/3/21 7:28,取关了会怎么样[发呆],0
2025/3/21 7:28,重生之顶流都是我的小粉丝,0
2025/3/21 7:29,@可爱的棉花精 哈哈哈哈哈可爱,0
2025/3/21 7:29,她这算什么啊 总比某人引导粉丝网bao素人强吧[宕机],1
2025/3/21 7:29,现在的网友真的是什么事都要管，你管人家关注谁取关谁，他人的任何决定我们都没有权利干涉，我关注她她就要关注我啊？少点批判吧！这个世界的敌意太大了！,0
2025/3/21 7:31,@??奶味兔???,0
2025/3/21 7:31,呃,0
2025/3/21 7:32,自己把自己作死了[捂脸],1
2025/3/21 7:32,陈都灵凭借演技和颜值，新剧雁回时表现很好，不日之后将登上大转盘[憨笑][左上],0
2025/3/21 7:32,: 她如果被雪藏了 她做网红带货 我都支持她[流泪] 她真的很好 不懂为什么一直有人黑她[流泪]都是女孩子[流泪],0
2025/3/21 7:32,做得对！删除没用的社交，真的会救自己,0
2025/3/21 7:33,别把抖音混成粉圈，有脑子就多点自己的判断，别想让自己嘴里的东西成为其他人判断的风向...,1
2025/3/21 7:34,不是，你们微博那套厕所也用到抖音来了吗？,1
2025/3/21 7:35,求世界取关自由[捂脸],1
2025/3/21 7:35,赵露思我是你的偶像啊我老喜欢你了[流泪],0
2025/3/21 7:35,荔枝新闻，没事，你就放天气预报，做点人该干的事，别借网络，长得像人不干人事,1
2025/3/21 7:36,赵露思真是火了  就这么一件事微博空降第一  都这么关注露思啊[灵机一动][灵机一动],0
2025/3/21 7:36,哎哟，营销号离了赵露思活不了了？[尬笑]人家一出来就是使劲薅，取关咋了，惹谁了[微笑]某人干的事倒是一直不火??这点小事赵露思就出来了？看来赵露思还是太好欺负了[尬笑],1
2025/3/21 7:36,无语了，我说怎么取关我，原来是取关了那么多,1
2025/3/21 7:37,漂亮[赞][赞][赞][赞],0
2025/3/21 7:37,感觉像要雪藏[流泪],0
2025/3/21 7:37,取关都好长时间了，网速怎么这么慢，也不知道是谁买的黑热搜，好难猜呀 我还是比较想知道喜塔腊容音,1
2025/3/21 7:37,人家取关和你有什么关系？你还先尴尬了，你乐不乐啊？,1
2025/3/21 7:37,砍个pxx，砍完再删,1
2025/3/21 7:38,这一点小事也上热搜？,1
2025/3/21 7:38,[赞][赞][赞][赞][赞][赞][赞][赞][赞][赞][赞][赞][赞][赞][赞][赞][赞][赞][赞][赞],0
2025/3/21 7:38,再咋样 人家就是美 如何呢？,0
2025/3/21 7:39,她如果被雪藏了 她做网红带货 我都支持她[流泪]，她真的很好 不懂为什么一直有人黑她[流泪]都是女孩子[流泪][流泪][流泪][流泪][流泪],0
2025/3/21 7:39,现在就3个关注了,0
2025/3/21 7:40,关注:喜塔腊容音事件,0
2025/3/21 7:40,哇塞 这简直就是小学生行为呢,1
2025/3/21 7:41,喜塔腊容音这事为什么没上热搜？？？,0
2025/3/21 7:42,屁大点事都是找存在感,1
2025/3/21 7:42,喜塔腊容音这事为什么没上热搜？？？,0
2025/3/21 7:42,微博取消个把人也能上热搜，真是可笑，社会都作成这样了？,1
2025/3/21 7:42,她如果被雪藏了 她做网红带货 我都支持她[流泪] 她真的很好 不懂为什么一直有人黑她，都是女孩子[流泪][玫瑰][玫瑰],0
2025/3/21 7:42,#请虞书欣及其粉丝向素人道歉#,1
2025/3/21 7:43,冷知识：出去再进来赞会变多[玫瑰][玫瑰][玫瑰],0
2025/3/21 7:43,maybe,0
2025/3/21 7:43,取关怎么了？关你们什么事？,1
2025/3/21 7:43,取关了所有人又不是只取关了某个人，有些人替别人委屈什么呢 期待我们《许我耀眼》,0
2025/3/21 7:44,星汉灿烂的时候还挺喜欢她的，现在越来越迷了，真搞不懂她的操作,0
2025/3/21 7:44,知人论事，我知道事情真相就不要乱讲,1
2025/3/21 7:44,笑死我了已经做好退圈的准备了哈哈哈哈哈,1
2025/3/21 7:44,就取关而已，别过度理解好吗？,0
2025/3/21 7:45,要走早点走，扯这么多事干嘛,1
2025/3/21 7:45,有病吧，年前取关的事，在她热卖杂志的时候被抬上来，现在好了吧，露思查了半天教程全取关了，跟神经一样，背后是谁一眼就知道哈,1
2025/3/21 7:45,不是就取关而已，又怎么了，又没碍你们的事,0
2025/3/21 7:46,这句话我真的好能感同身受，我33了[流泪],0
2025/3/21 7:46,人都是在进步的，难道那些说的人你们一直在退步吗[黑脸],1
2025/3/21 7:46,人家好友都有微信的，你们担心啥呢？她不是为别人而活的[哪吒使坏],0
2025/3/21 7:47,我喜欢赵思露，你会越来越好，加油[色][色][色],1
2025/3/21 7:47,抵制开盒??抵制网络暴力??还互联网健康环境??拒绝任何人肉开盒行为??互联网不是法外之地，让花成为花，还互联网一个清净！！,0
2025/3/21 7:48,请大家多多关注百度高管，西安地铁，湘雅医院，  喜塔腊容音,0
2025/3/21 7:48,谁买的热搜好难猜呀[大笑],0
2025/3/21 7:48,在说啥 没关系,0
2025/3/21 7:48,取关就取关了，多大点事，日子怎么过是她的自由，经历过那场发病，只希望她以后好好做自己,0
2025/3/21 7:48,赵露思是谁？？,0
2025/3/21 7:48,号 不在露思手里在公司手里不是吗,0
2025/3/21 7:48,既然大家对露思这么关心，给大家指路??#喜塔腊容音#,0
2025/3/21 7:49,人经历一次大病，真的会看透很多人的。,0
2025/3/21 7:49,我们永远支持你,0
2025/3/21 7:49,赵露思是真的好欺负啊[捂脸][感谢]去年的事，现在爆上热搜！看得出来，她是真的善良,0
2025/3/21 7:49,赵露思,0
2025/3/21 7:50,这女的背后的公关团队真的强大,1
2025/3/21 7:50,祝愿所愿皆所,0
2025/3/21 7:50,这么早的事现在还上热搜，压的什么热搜好难猜啊,0
2025/3/21 7:50,又不是挂了,1
2025/3/21 7:50,又欺负赵露思？,1
2025/3/21 7:51,都没有流量的人了，还天天跳出来自己搞事情,1
2025/3/21 7:51,[捂脸],0
2025/3/21 7:52,造路师,0
2025/3/21 7:52,[发呆][发呆][发呆],0
2025/3/21 7:52,谁说删微信了，真是好解读,0
2025/3/21 7:53,曾经人人网校花齐刘海女孩,0
2025/3/21 7:53,尬啥呀  我们露露真是神医啊 一夜之间yxh全苏醒了  你们能看到她微博名字吗？@赵露思的微博  是赵露思的微博  不是你们的账号 她想做什么不做什么  是她的权利 取关谁又没少你一块肉,1
2025/3/21 7:54,是谁买的热搜？好难猜呀[可怜],0
2025/3/21 7:54,这应该是想要退圈取关所有人，然后清除粉丝，回归正常生活,0
2025/3/21 7:55,这特么都能联系到一块你也是没事硬整,1
2025/3/21 7:55,赵露思是真的好欺负啊[捂脸][感谢]看得出来，她是真的善良,0
2025/3/21 7:55,这也能上热搜[赞][赞][赞],0
2025/3/21 7:55,@小狗阿尚 @咩咩?? @流萤小姐.,0
2025/3/21 7:55,事出反常必有妖[看],0
2025/3/21 7:56,爱你露丝[送心][送心],0
2025/3/21 7:56,她唯一关注是谁[捂脸]纯好奇,0
2025/3/21 7:56,从《偷偷喜欢你》开始喜欢赵露思的，转而就看了她其他剧，演技真的很棒，加油！,0
2025/3/21 7:56,哈哈，第一次这么讨厌一个明星，真是个绿茶精啊,1
2025/3/21 7:57,超喜欢偷偷藏不住,0
2025/3/21 7:57,真能扯,1
2025/3/21 7:58,新年的时候就取关了，昨天铺天盖地的热搜啊？这姐又被拉出来给谁挡呢[愉快]这点买黑手段都看不出来的是这个[赞][黑脸],1
2025/3/21 7:59,那又怎么样？,1
2025/3/21 7:59,我心情不好的时候也会删掉那些无关紧要的人,0
2025/3/21 7:59,又来了又来了颠婆女明星带着她的颠婆粉丝来了,1
2025/3/21 7:59,神,0
2025/3/21 8:00,人经历一次大病，真的会看透很多人。也就曾黎去看过她[抠鼻][抠鼻][抠鼻]加油宝宝,0
2025/3/21 8:00,露思一直都很好,0
2025/3/21 8:00,?,0
2025/3/21 8:00,她如果被雪藏了 她做网红带货 我都支持她[流泪] 她真的很好 不懂为什么一直有人黑她[流泪]都是女孩子[流泪],0
2025/3/21 8:01,时间会证明一切[看]眼见不一定实[看],0
2025/3/21 8:01,露思加油[感谢][感谢][感谢][感谢][感谢][感谢][感谢]，用WLAN支持你,0
2025/3/21 8:02,都吃饱了撑的么[捂脸],1
2025/3/21 8:02,人真的在经历过生死后，才会看的更通透明白[抠鼻][抠鼻][抠鼻][抠鼻],0
2025/3/21 8:02,博主，说话好有引导味～可我只想知道喜塔腊容音事件[玫瑰],1
2025/3/21 8:03,这货怎么隔三差五就一点屁事上热搜，真的无语??,1
2025/3/21 8:03,那咋啦？那发一个视频想表达什么？为了引流吗，人家想关注人数清理了跟你也没关系啊,1
2025/3/21 8:03,戏真多,1
2025/3/21 8:03,？这都能上热搜啊？ ,0
2025/3/21 8:05,取个关争议这么大，人家爱咋想咋想。过度解读干嘛。,0
2025/3/21 8:05,取关怎么了来多多关#喜塔腊容音#,1
2025/3/21 8:05,@喝杯露珠奶茶: 取关怎么了来多多关注#喜塔腊容音#,0
2025/3/21 8:06,能不能不发这种新闻，浪费公共资源，你地方性平台，就发自己的,1
2025/3/21 8:06,闲的纯属是。,1
2025/3/21 8:06,做得对！删除没用的社交，真的会救自己[赞],0
2025/3/21 8:06,抵制开盒??还互联网健康环境??拒绝任何人肉开盒行为??互联网不是法外之地，让花成为花，还互联网一个清净,0
2025/3/21 8:07,赵露思是真的好欺负啊[捂脸][感谢]看得出来，她是真的善良,0
2025/3/21 8:07,嘿嘿 谁买的热搜 喜塔腊容音[坏笑],1
2025/3/21 8:07,不至于吧，就这yxh光薅她啊,1
2025/3/21 8:07,啥意思,0
2025/3/21 8:07,博主，说话好有引导味～可我只想知道喜塔腊容音事件[玫瑰],1
2025/3/21 8:08,可我只想知道喜塔腊容音事件[玫瑰],0
2025/3/21 8:08,做自己一辈子很短,0
2025/3/21 8:08,这都能上热搜[捂脸],0
2025/3/21 8:08,那咋了？有什么了不起的嘛？,1
2025/3/21 8:08,乖乖女走出固有形象走到叛逆期这几乎是必然的，很多明星也是如此，想抛却他人心中的自己就只能走另一个极端，比如lisa，比如赵丽颖，比如井川里予，再到赵露思，都是如此，下一个如果没猜错就是张若楠，等到年纪再大一点，内心更成熟些就会慢慢从另一个极端走到中庸。培养孩子的时候也是如此，不要往一个方向培养，逢人就夸自己孩子多乖多好，这只会成为他日后的枷锁，中庸永远是至理,0
2025/3/21 8:08,为什么会关注这种事情？,0
2025/3/21 8:08,人家取关怎么，关你们什么事，管的太宽了吧,1
2025/3/21 8:08,得了吧韩安冉她为此还赚了波流量好不，要点脸,1
2025/3/21 8:09,还蛮好听,0
2025/3/21 8:09,实在火不了就算了吧,0
2025/3/21 8:09,大家心里都懂[看]时间会证明一切[舔屏],0
2025/3/21 8:09,清理僵尸粉又上热搜了，好操作,0
2025/3/21 8:09,好可爱,0
2025/3/21 8:09,像个没文化的疯女人,1
2025/3/21 8:10,唯一一个关注的是曾黎吧？,0
2025/3/21 8:10,喜塔腊容音大家去搜搜[黑脸]就知道为什么这件事被拉出来当抢了[微笑][微笑][微笑][微笑],1
2025/3/21 8:10,[鼓掌][鼓掌][鼓掌],0
2025/3/21 8:10,今天转盘到赵露思了吗[捂脸],0
2025/3/21 8:10,又收钱了？#喜塔腊容音#,1
2025/3/21 8:11,可爱宝宝[泣不成声],0
2025/3/21 8:11,天天没关注的了 别人清理一下账号 都能上热搜,0
2025/3/21 8:11,剩一个了，那是12？自己去看,0
2025/3/21 8:11,道德绑架？,1
2025/3/21 8:11,图片评论,0
2025/3/21 8:12,可我只想知道喜塔腊容音事件[玫瑰],0
2025/3/21 8:12,做得对！删除没用的社交，真的会救自己,0
2025/3/21 8:12,评论区真搞笑，喜塔腊容音可怜，被她发文案造谣阴阳的虞书欣不可怜吗，不都是女性吗,1
2025/3/21 8:13,这也能上热搜,1
2025/3/21 8:13,虽然看过她的戏不多，但是我喜欢她的长相，脸肉肉的很善良的样子，喜欢她能赶快好起来,0
2025/3/21 8:13,好听！,0
2025/3/21 8:13,去年的事情现在上热搜，逮着赵露思薅啊[看],1
2025/3/21 8:13,能跟大家讲讲喜塔腊容音吗 想知道[猪头],1
2025/3/21 8:13,粉丝“澄清”总结： 号不在她手上～在公司手上～  重新开始～ 是不是公司要害她～～ 公司：最近好几天没上热搜了，得搞点事情啊啊，那我们单取吧，毕竟单取这么多人肯定会被骂，这热搜第一不轻轻松松吗 我看不是想从新开始，是想退圈了吧，好恶心的上热搜方式 直接前辈变粉丝,1
2025/3/21 8:13,韩安冉是谁,0
2025/3/21 8:14,我就是那一个,0
2025/3/21 8:14,可能在他生病这段时间里发现自己真正遇到事儿的时候只有那几个朋友是关心过他的问候过他陪伴过他的吧,0
2025/3/21 8:15,赵露思是真的好欺负啊[捂脸][感谢]看得出来，她是真的善良,0
2025/3/21 8:15,关注列表里就剩我一个了,0
2025/3/21 8:15,这是不是要把账号给公司然后解约的情况,0
2025/3/21 8:15,还是喜欢她 很乖啊[比心][比心],0
2025/3/21 8:16,赵露思没惹，怎么一下子这么多营销号发，我们很好欺负吗[疑问],1
2025/3/21 8:16,销号去吧,1
2025/3/21 8:16,so？,0
2025/3/21 8:16,不是没有删微信吗,1
2025/3/21 8:17,一个个是没批事干,1
2025/3/21 8:17,所以没有人能真正理解你，有时候不管怎么做别人都有说三道四的，所以不要再过多关注外在的声音，只会消磨自己。随心就好。[玫瑰],0
2025/3/21 8:17,没绷住,0
2025/3/21 8:17,为什么都要说我家姐姐支持我家姐姐自己化妆一辈子,1
2025/3/21 8:18,不好意思占下楼，微博：喜塔腊容音，明星转发微博导致被普通人网暴五年,0
2025/3/21 8:18,怎么不说喜塔腊容音,1
2025/3/21 8:18,莎迪奥营销号,1
2025/3/21 8:19,赵露思是真的好欺负啊[捂脸][感谢]看得出来，她是真的善良,0
2025/3/21 8:19,支持露思,0
2025/3/21 8:21,不是她的粉儿 这有啥不敢相信的[笑哭]这不正常么 我也会偶尔清一清人 那咋了 个人自由,0
2025/3/21 8:21,虞书欣带头引导粉丝网暴能不能说说，在小红书发酵了十几天了，营销号跟哑了一样，赵露思一有点小事，你们就跟诈尸了一样,1
2025/3/21 8:21,不要内耗，要强大自己，做强女人，我也是因为露思，我开始减肥了我要成为更好的自己，两星期减9.6斤。[舔屏][舔屏],0
2025/3/21 8:21,多来关注素人维权#喜塔腊容音#,0
2025/3/21 8:24,明知道这行为会被yxh和粉丝关注，还是选择大量取关确实有点迷,0
2025/3/21 8:24,好大的事啊，值得被一个蓝V媒体发[泪奔],0
2025/3/21 8:24,本就是太妹，包装成乖乖女，憋屈,1
2025/3/21 8:25,我不好奇他删了谁，好奇剩的都是谁,0
2025/3/21 8:25,重点是别人帮过你……然后你转头就离开[微笑],0
2025/3/21 8:25,取关就取关，上热搜666,1
2025/3/21 8:25,逆天，什么玩意都要上热搜？,1
2025/3/21 8:25,[比心][比心][比心][比心],0
2025/3/21 8:25,你踏马懂个锤子，其他11个也取关了，有病吧？神经病吧？回家算了,1
2025/3/21 8:25,明明有移除粉丝，可是她只是单取，什么用意呢？不互关让别的明星当她粉丝?既然都取关了为啥不移除粉丝准备退圈不干了吗？如果是那最好，别来炒作了好吧,1
2025/3/21 8:26,这么漂亮的丫头子，坚强点加油[比心],0
2025/3/21 8:26,会脱粉吗,0
2025/3/21 8:26,没新闻发了啊,1
2025/3/21 8:26,化吧,1
2025/3/21 8:26,真觉得她现在减少这种工作，可以不被资本控制！毕竟不像普通人，也有钱了，真心喜欢拍戏的就拍照！不想拍就像王一博那样喜欢怎样就怎样,0
2025/3/21 8:26,这人谁啊,1
2025/3/21 8:26,天天搞一堆乱七八糟rs，一边想要变现的自己不在意外界看法不在意流量一边又在意的要死，这么矛盾内耗的性格退圈不行么也算放过网友了,1
2025/3/21 8:27,这就热搜了吗[捂脸],0
2025/3/21 8:27,@偶尔面包脑 ,0
2025/3/21 8:27,人家也没说啥，也没取关她自己,0
2025/3/21 8:28,对，市场，很大[舔屏],0
2025/3/21 8:28,这个多粉丝，分我点，,0
2025/3/21 8:28,不要内耗，要强大自己，做强女人，我也是因为露思，要成为更好的自己，两星期减9.6斤。真的觉得露思，很强大了，做强女人露思,0
2025/3/21 8:28,[看]又开始搞事了……,1
2025/3/21 8:28,戏精 又开始演 滚一边去,1
2025/3/21 8:29,服了，一个明星清关注也能这么高曝光量[看]我清理微信好友能不能也给我上个热搜[泣不成声],0
2025/3/21 8:29,一天天屁大点事也炒,1
2025/3/21 8:29,??粉造谣图都泄露了还不撤,1
2025/3/21 8:30,这也能上热搜[黑脸]这太敏感了吧,1
2025/3/21 8:30,事真多天天看她挂在热搜上面,1
2025/3/21 8:30,有可能她只是想取关个别人。她能这样做已经很不错了。因为取关个别人。后果会更严重。[尬笑],0
2025/3/21 8:31,关我卵事,1
2025/3/21 8:32,她关不关注和我有关系吗，一个工作的小花，咋非得三天两头骚扰人啊，把正经心思多放在工作上,1
2025/3/21 8:32,。这不是她工作吗？她挣得就是这份钱。。。相比中国95以上的人，她已经很容易了，挣得又多，又没什么技术壁垒，又不用出力。有啥可怜的。没人容易，菜市场的冬天站每天站着哪个不比她冷？她这就站一会，人家站一年四季。她已经很容易了。,1
2025/3/21 8:32,你们真的好闲[宕机][宕机][宕机],1
2025/3/21 8:32,真好看啊,0
2025/3/21 8:32,不是 就算单取不太好 怎么到你嘴里就变成这个事一定是他的错跟你啥关系,1
2025/3/21 8:33,没东西发可以不发,1
2025/3/21 8:33,我都听不懂,0
2025/3/21 8:33,正常？[捂脸][捂脸][捂脸],0
2025/3/21 8:33,这人能不能专注作品啊[捂脸],1
2025/3/21 8:33,是不是??粉搞的？？！,1
2025/3/21 8:33,你共情能力还真是强啊，这都能让你尴尬,1
2025/3/21 8:33,我觉得她就是情绪不稳定和抗压能力太差了，还容易内耗。也许还是病没好吧。微博在我看来基本就是明星的一个工作号，用来给粉丝发发福利宣传新剧发广告维持热度的，从成年人角度看如果没其他特殊原因这么做确实是幼稚的，毕竟前不久还有很多人帮忙转发宣传剧。,1
2025/3/21 8:34,发生了啥啊？,0
2025/3/21 8:34,怎么啥事都关注赵露思，真的烦了,1
2025/3/21 8:34,喜塔腊容音,0
2025/3/21 8:34,？这不是早就上过热搜了嘛,0
2025/3/21 8:34,好会说事实如此罢了,0
2025/3/21 8:36,生病那段时间，看清了很多人,0
2025/3/21 8:36,难怪一直对她喜欢不起来[抠鼻],1
2025/3/21 8:36,删除没用的社交，做得对[赞] 做自己就好[赞],0
2025/3/21 8:36,怎么感觉某些人是狗仔一样，别人取不取关这些事情都要给人家爆料出来，别人的生活和你有关系吗？,1
2025/3/21 8:37,好了是吗？太好了,1
2025/3/21 8:37,现在已经三个了,0
2025/3/21 8:37,尴尬毛线啊，你一天闲的没事干了吧！这钱拿着良心不亏啊,1
2025/3/21 8:38,搞得这是啥？能不能拍好看点。谁再黑她我真是想骂死[衰],1
2025/3/21 8:38,博主发这个??没秀吧,1
2025/3/21 8:38,最后说微信取关干嘛，不要引导性太强好嘛,0
2025/3/21 8:39,黄子韬之前也突然取关了全部人，是因为要跟公司解约了，大家为什么不评判他啊[憨笑][赞],0
2025/3/21 8:39,拿赵露思给谁挡刀呢[黑脸]好难猜啊,1
2025/3/21 8:39,？？？[尬笑]关注她的人也喜欢。。。。,0
2025/3/21 8:39,是她取关别人之前她关注了好多，只有自己生病遇到事的时候，才知道那些朋友是真心对你的，好了之后有点释然了,0
2025/3/21 8:39,今天这个化妆的事也是。这个粉丝开盒行为绝对是错误的，骂的也特别脏，大多数流量明星应该都有过这种被辱骂的经历，但怎么说的，明星是需要内心强大的职业，她有点太关注这些黑粉了，这种骂人的直接完全没必要在意，但她明显就又想做自己又很在意别人的评价，没有做到心理上的自由。行为上看就有点疯癫,1
2025/3/21 8:40,有病就治，治好再出来,1
2025/3/21 8:40,黄子韬之前也突然取关了全部人，是因为要跟公司解约了，大家为什么不评判他啊[憨笑][赞],0
2025/3/21 8:40,没完了,1
2025/3/21 8:41,叛逆期来了,0
2025/3/21 8:42,她终于挣脱了束缚….愿她自由快乐,0
2025/3/21 8:43,能跟大家讲讲喜塔腊容音吗 想知道[猪头],1
2025/3/21 8:43,这都能上热搜  能不能让我也上热搜[呲牙],0
2025/3/21 8:43,怎么赵露思做什么都能上热搜[尬笑],1
2025/3/21 8:43,这位姐能不能别再炒作了,1
2025/3/21 8:43,她拉泡屎都有人看形状味道，分析到底吃了啥,1
2025/3/21 8:43,跟我一样，不想关注太多人,0
2025/3/21 8:44,还是很喜欢赵露思！取关可能想让自己静下来做自己,0
2025/3/21 8:44,我的微信也想清理下,0
2025/3/21 8:44,有种没文化瞎折腾的颠婆感,1
2025/3/21 8:45,感觉是她得罪了什么人，一个明星一下子这么惨,1
2025/3/21 8:45,微博：喜塔腊容音因为被明星转发导致开盒，五年网暴，被粉丝诬陷职黑，其实人家只是说给人给你递纸也不回应会不会不太礼貌,0
2025/3/21 8:45,没活硬整吗？,1
2025/3/21 8:45,哈哈哈哈现在11个都没有了，是看到你的话欲盖弥彰了？别揪着一点由头就叫，别人的微博别管太宽,1
2025/3/21 8:46,微博：喜塔腊容音因为被明星转发导致开盒，五年网暴，被粉丝诬陷职黑，其实人家只是说给人给你递纸也不回应会不会不太礼貌,0
2025/3/21 8:46,天天炒作[尬笑]，脸皮再厚点呢,1
2025/3/21 8:47,关我屁事,1
2025/3/21 8:47,什么情况？,0
2025/3/21 8:47,去年的事情现在上热搜，逮着赵露思薅啊[发怒],1
2025/3/21 8:47,[赞],0
2025/3/21 8:47,应该只是想安静一下,0
2025/3/21 8:48,人家几个平台都清理了，可能生病了一场，看清了很多事情。,0
2025/3/21 8:48,喜欢归喜欢 但也不要盲目洗啊 这么大明还喜欢别人教她？而且她演电视剧到处找人连网红都不放过 现在用完 微信拉黑 取关?.微信也是公司帮拉黑别人教的？自己取关还怪公司了[赞],1
2025/3/21 8:48,其实是被拿出来挡素人热搜了,1
2025/3/21 8:49,@么。。。,0
2025/3/21 8:49,很正常啊，我生病时候也不想与外界联系，也会清好友。。,0
2025/3/21 8:49,[愉快]??喜塔腊容音,0
2025/3/21 8:49,好???,0
2025/3/21 8:49,不理解哈 露思也是个普通人哈而且现在生病了 换个新的环境换一种方式生活 都要被抨击吗不太理解哈 而且为什么要引导网暴，你没有单曲别人吗说的好像赵露思犯了什么十恶不赦的大罪呢 这么骂她 她也就是一个生病需要治疗的小女孩而已,0
2025/3/21 8:49,人是双标的,0
2025/3/21 8:50,关我屁事[捂脸],1
2025/3/21 8:50,人火了呀，一件小事那么多人关注  人家有实力！！！ 黑粉闭嘴,1
2025/3/21 8:50,关我屁事呢[捂脸],1
2025/3/21 8:51,他取关了一两百个人，请问很多吗？我这关注几千个我要是取关了，岂不得轰动世界？,0
2025/3/21 8:51,赵露思是真的好欺负啊[捂脸][感谢]看得出来，她是真的善良,0
2025/3/21 8:52,做得对！删除没用的社交，真的会救自己,0
2025/3/21 8:52,个人观点哈，觉的她妆容做减法会突出她的美,0
2025/3/21 8:52,这个也能上新闻，跟老百姓有什么关系？,1
2025/3/21 8:52,这也要上热搜？下次是不是穿拖鞋上街也要上[尬笑],1
2025/3/21 8:52,全民抑郁症[微笑],1
2025/3/21 8:53,奥，,0
2025/3/21 8:53,赵露思真的很好，就凭整个娱乐圈只有她敢正面支持小谢作为女生就不该去黑她，这才是真正的爱女，真正的关注女性家暴困境，这样的明星才是正向的，自己被淋湿了也要帮别人撑伞，真的很让人心疼和敬佩，我相信她会过得越来越好，未来的路会越走越光明，重新出发吧加油[爱心],0
2025/3/21 8:53,犯病了,1
2025/3/21 8:53,无人在意[微笑],0
2025/3/21 8:53,作,0
2025/3/21 8:53,要取关就去吧取关 留几个不取关干嘛呢,1
2025/3/21 8:54,这是要解散了吧 不知道去谁家工作 还是自己开公司,1
2025/3/21 8:54,@零落 @小咩咩 我还挺喜欢她的 最近网上的风言风语呀都没影响我 但是这个操作有点搞不懂了[暗中观察],0
2025/3/21 8:54,新号,0
2025/3/21 8:54,不是说她要退圈,0
2025/3/21 8:54,欢迎收看赵露思的战绩,0
2025/3/21 8:55,[呲牙]一切有为法，如梦幻泡影……,0
2025/3/21 8:55,喜欢赵露思拍的所有电视剧，卖货我都支持[比心][比心],0
2025/3/21 8:55,做什么是自己现在的权利,0
2025/3/21 8:55,绿茶水,1
2025/3/21 8:56,人经历一场大病，真的会看透很多人。,0
2025/3/21 8:56,赵露思是谁哟！干嘛的,0
2025/3/21 8:56,可是我觉得赵露思非常红啊，包括在韩国泰国的，不至于用这些事来博热度啊，包括之前生病，她都那么红了，肯定有故事,0
2025/3/21 8:56,忘本，这辈子最讨厌的就是单曲的人,1
2025/3/21 8:56,忘如本，就是讨厌一些单曲的人,1
2025/3/21 8:57,是别人的，你家没主场吗？来这蹭什么[泣不成声],1
2025/3/21 8:57,只有善良的人才会抑郁症，抑郁症的人聪明又活的通透，一眼可以看到事物的本质，接受不了肮脏才会抑郁，因为世界和自己的内心不符，这女孩子千万不要抑郁，抑郁根本就治不好，因为病的本来是这个世界，吃药的却是抑郁症，所以怎么能治的好[叹气],0
2025/3/21 8:57,赵露思是真的好欺负啊[捂脸][感谢]看得出来，她是真的善良,0
2025/3/21 8:57,在人家不知道的情况下直接单取了,1
2025/3/21 8:58,做得对！删除没用的社交，真的会救自己,0
2025/3/21 8:58,看了一圈 感觉这个世界真的颠了，正常的成年人但凡有一点社交常识 都不会做出这种事,1
2025/3/21 8:59,屁大点事就上热搜,1
2025/3/21 8:59,看哭了，应该就是演技好吧,0
2025/3/21 9:02,喜塔腊容音！！！,0
2025/3/21 9:02,爱咋咋[捂脸],1
2025/3/21 9:02,这真是粉丝吗，就算不喜欢，可以说，也不用怎么骂人吧[衰],1
2025/3/21 9:02,这是谁？？？？,0
2025/3/21 9:02,呃，前阵子找一堆人剧宣用完就取关,1
2025/3/21 9:03,给我住嘴好吗,1
2025/3/21 9:03,慢慢来,0
2025/3/21 9:03,穿什么衣服都是资本要求的，自己根本做不了主的，不听话的，反抗的都被搞臭了，或者封杀，或者雪藏了,1
2025/3/21 9:03,无人在意,0
2025/3/21 9:04,[微笑],0
2025/3/21 9:04,那么好的一个女孩子[比心],0
2025/3/21 9:05,人经历一次大病，真的会看透很多人[笑哭],0
2025/3/21 9:05,说明不想内耗,0
2025/3/21 9:05,赵露思是何人？,0
2025/3/21 9:05,想用赵露思的热的来掩盖哪件事呢，好难猜啊@虞书欣Esther [微笑],1
2025/3/21 9:05,戏真多[尬笑],1
2025/3/21 9:05,可露丽嘟嘟,0
2025/3/21 9:05,可以改掉随便替别人尴尬的毛病吗不如讲讲你对#喜塔腊容音# 女明星网爆素人的看法吧,1
2025/3/21 9:06,未知全貌不予评价，评论区都是墙头草，不必理会[暗中观察],1
2025/3/21 9:06,猜你想搜：喜塔腊容音,0
2025/3/21 9:07,那我取关一点人，我是不是也能上热搜？,0
2025/3/21 9:07,我真无语了 取个关也上热搜 被取关的也可以取关赵露思哦 我们没有绑着对方要求不取关 想取关的话自行取关就是 还有哪些网红 难道当初宣传的时候自己没有得到利益吗 没有得到热度吗 不要说得好像是赵露思亏欠了所有人一样 没事找事来黑 挺无语的 而且昨天杂志首发就来倒黑水 目的不要太明显,1
2025/3/21 9:08,我露思是最棒的！,0
2025/3/21 9:08,这姐妹真是隔三差五买次热搜，然后还不温不火的,1
2025/3/21 9:09,一时不知该说什么了,0
2025/3/21 9:09,真会,0
2025/3/21 9:10,取关就取关呗 这也要关注一下,0
2025/3/21 9:10,又来混业绩了？不更新就敷衍,1
2025/3/21 9:10,这是真粉丝？[黑脸],1
2025/3/21 9:10,她去年就取关我了,0
2025/3/21 9:11,她怎么那么多事啊[尬笑],1
2025/3/21 9:11,路过的关注一个呗，从此一关便是一生的朋友,0
2025/3/21 9:12,去年的事情现在上热搜，逮着赵露思薅啊,1
2025/3/21 9:12,粉丝喜欢她化妆啊 很美,0
2025/3/21 9:12,人家爱取关就取关,0
2025/3/21 9:12,取关有这么大流量啊，装过了吧[微笑],1
2025/3/21 9:13,不是粉丝，是黑粉呀,1
2025/3/21 9:13,有人说打胎了,1
2025/3/21 9:13,就是合同到期了才取关的,0
2025/3/21 9:13,其实我觉得她化的很好看啊,0
2025/3/21 9:13,想知道那12人是谁[捂脸],0
2025/3/21 9:13,不用看我都知道评论区是什么货se,1
2025/3/21 9:14,重新出发[赞][赞][赞][玫瑰][玫瑰][玫瑰],0
2025/3/21 9:14,天哪，粉丝怎么会有艺人电话号码，好可怕[震惊],0
2025/3/21 9:14,这样挂出来还不如直接起诉,1
2025/3/21 9:14,最近怎么又一堆关于她的营销号 一阵一阵的[疑问]不是生病休息吗,0
2025/3/21 9:14,天啊，恐怖，居然有这种粉丝,1
2025/3/21 9:14,这是黑粉吧，真粉丝怎么可能这样骂自己喜欢的人,1
2025/3/21 9:15,这个女人的新闻只有炒作，各种作，各种病态，[打脸],1
2025/3/21 9:15,关我屁事？爱取关谁取关谁影响普通人了？,1
2025/3/21 9:15,无聊这也上热搜啊[赞][赞][赞][赞],0
2025/3/21 9:15,有的人说实话都不知道在做什么,1
2025/3/21 9:15,取关就取关  无聊的媒体,1
2025/3/21 9:15,无聊，没意思,0
2025/3/21 9:16,谁在意，有什么作品吗,1
2025/3/21 9:16,抵制开盒??抵制网络暴力??还互联网健康环境??拒绝任何人肉开盒行为??互联网不是法外之地，让花成为花，还互联网一个清净！！,0
2025/3/21 9:17,别营销了姐……好感度败光了,1
2025/3/21 9:17,我一想到昨天vb上吵闹翻天，看到ls一直在线是在编辑什么吗？原来是小小的脑袋一直思考着怎么才能全取关呀[大笑][大笑],1
2025/3/21 9:17,不是，这都值得热搜？？,1
2025/3/21 9:18,联合国那边怎么说,0
2025/3/21 9:18,唉?????,0
2025/3/21 9:19,取关也很正常啊，想就做呗,0
2025/3/21 9:19,事儿逼,1
2025/3/21 9:19,人心真的可怕,0
2025/3/21 9:19,赵露思真是火了  就这么一件事微博空降第一  都这么关注露思啊[灵机一动][灵机一动],0
2025/3/21 9:20,哈哈哈你好勇啊，这都敢发，马上她的粉丝闻着味就要来你这底下说你开盒她了,1
2025/3/21 9:20,人数认为很真实吗    200粉丝有一多半是机器号,1
2025/3/21 9:20,没热搜硬找事上热搜[捂脸],0
2025/3/21 9:20,赵露思又不是今天才开始清列表的，到底是谁买的热搜[愉快]好难猜哦@,0
2025/3/21 9:20,实在是没事就退网吧，一天难么多戏，又不想赚钱，又想占着社会资源,1
2025/3/21 9:20,4369万 占多半机器号而已,1
2025/3/21 9:20,怎么取关200个人就重大新闻了么。,0
2025/3/21 9:20,没看见张凌赫那些帅哥都不跟她搭戏吗,1
2025/3/21 9:21,短信啊？手机号都知道了？[感谢][感谢][感谢],0
2025/3/21 9:21,做得没错！删除没用的社交，真的会救自己,0
2025/3/21 9:21,去年的事情现在上热搜，逮着赵露思薅啊[发怒],1
2025/3/21 9:21,赵露思真是火了  就这么一件事微博空降第一  都这么关注露思啊[灵机一动][灵机一动],0
2025/3/21 9:21,人经历一次大病，真的会看透很多人。,0
2025/3/21 9:21,别一惊一乍，,0
2025/3/21 9:21,不知道还以为杀人放火了呢！多大点事？,1
2025/3/21 9:22,可是我觉得不丑啊，而且要是真粉丝的话，她画成什么样子你都会支持她，从聊天记录里面看，我还以为是赵露思的仇人[黑脸],1
2025/3/21 9:22,退圈，去大自然里感受生命，抑郁症会好的,0
2025/3/21 9:22,精神状态真像某爽,1
2025/3/21 9:22,好熟悉的剧情[捂脸]，下一步是不是要黑化，然后报复曾经伤害她的人，然后…………我忘了那个电视剧怎么编的[捂脸][捂脸],0
2025/3/21 9:22,[捂脸],0
2025/3/21 9:22,路人 不懂粉丝为什么知道明星的手机号[黑脸]粉丝提意见为什么不去微博抖音评论 而是直接手机短信 这不恐怖嘛,1
2025/3/21 9:23,我就是，重度抑郁的时候真的会取关和删除很多很多人。感觉只这样能让自己头脑更清醒，呼吸更顺畅，总之，一切都能更好。,0
2025/3/21 9:23,现在就剩一个关注了[捂脸],0
2025/3/21 9:23,粉丝居然能骂出这么难听的话[发呆],1
2025/3/21 9:23,喜塔腊容音大家去搜搜[黑脸],1
2025/3/21 9:23,发出来，不是让大家抵制开盒吗？评论区的人在懂什么？,1
2025/3/21 9:24,我就是，重度抑郁的时候真的会取关和删除很多很多人。感觉只这样能让自己头脑更清醒，呼吸更顺畅，总之，一切都能更好。,0
2025/3/21 9:24,报警,1
2025/3/21 9:24,粉丝不在意她化妆，评论区为什么让她在意黑粉呢,0
2025/3/21 9:25,就好像过年前就取了吧？？？这都过去多久了,0
2025/3/21 9:25,这么美 一个发色想了10年 好遗憾 还好你醒了[赞],0
2025/3/21 9:25,从来不追那个明星，就觉得那个作品好了追下作品，也从来不去骂人家，没必要,0
2025/3/21 9:26,自己开心就好啊 化的又不丑[捂脸],0
2025/3/21 9:26,想进娱乐圈，想要知名度，想当明星，想挣快钱，大钱，还不想当孙子，还不想抑郁症，哪有这么好的事儿,1
2025/3/21 9:26,这不是她去年回应的么,0
2025/3/21 9:26,人经历一次大病，真的会看透很多人。,0
2025/3/21 9:26,颠了吧蒸煮下场和粉丝一块颠,1
2025/3/21 9:27,也就曾黎去看过她吧！！！[灵机一动],0
2025/3/21 9:27,这是有人对她做了什么,0
2025/3/21 9:27,真的不关注的话，取不取关又有什么关系？,0
2025/3/21 9:27,加油?,0
2025/3/21 9:28,女孩子黑女孩子 也是无敌了[微笑],1
2025/3/21 9:28,有完没完，天天一些这事那事来搞热搜。,1
2025/3/21 9:28,抵制开合,1
2025/3/21 9:28,赵露思  相信自己  我超级喜欢你  遇见你真的开心，真的很放松,0
2025/3/21 9:28,只有经历过低谷期才知道身边是人是鬼。??挣不完，但生命有限，爱自己，爱自己爱的人爱自己的人，别的都不重要。,0
2025/3/21 9:28,重生[赞],0
2025/3/21 9:28,这黑粉怎么弄到手机号码的,1
2025/3/21 9:29,他一天事真多[尬笑]就不能打磨打磨演技，整个代表作，天天就会炒作黑红,1
2025/3/21 9:29,累了 如果不愿意听粉丝意见大就不要让粉丝为你的影视作品买单和支持各自安好吧,1
2025/3/21 9:29,多好啊，工作室都取关了，说明可能会有单飞的节奏。[呲牙],0
2025/3/21 9:29,哪有粉丝这样说自己正主的[捂脸][捂脸][捂脸][捂脸],1
2025/3/21 9:29,力挺赵露思抵抗网络暴力[赞][赞],0
2025/3/21 9:30,人经历一次大病，真的会看透很多人,0
2025/3/21 9:30,真是闲得蛋疼，不就是取关么，这都能拿出来说,1
2025/3/21 9:31,她应该是看透看开了，无用社交都取关了,0
2025/3/21 9:31,@沪上流浪女?? 拉黑我大号干嘛哎呀“取证，我干的。懂？”——《取证小红娘》,1
2025/3/21 9:32,评论区在说什么啊[尬笑],0
2025/3/21 9:32,机器人掉了,0
2025/3/21 9:32,又没有说错,0
2025/3/21 9:32,唉,0
2025/3/21 9:33,本来没有很明显的感受的[呲牙][呲牙]结果一月份的事情忽然空降到第一[666][666][赞][赞][捂脸][捂脸]好恶心,1
2025/3/21 9:33,又开始制造热度来,1
2025/3/21 9:33,@????? ????,0
2025/3/21 9:34,但是这个妆确实不好看呀，之前的好好看,0
2025/3/21 9:34,那这样说话也太难听了,1
2025/3/21 9:34,去年的事情现在上热搜，逮着赵露思薅啊[看],1
2025/3/21 9:34,本来多可爱的女孩啊唉,0
2025/3/21 9:34,big胆！全明星粉丝团玉玉护体   ——许你一生流量 ,0
2025/3/21 9:35,没完没了了吗,1
2025/3/21 9:35,我就是喜欢这死调调，勾人[比心],1
2025/3/21 9:35,恢复了？,0
2025/3/21 9:36,不要断章取义，是黑粉给他发信息，而且她自己给自己化妆有问题吗？还是太红了如果说都是化妆师画的就变成“不接地气”“耍大牌”[绝望的凝视]而且她自己化的妆就是很好看啊,0
2025/3/21 9:36,人家取消关注都能被爆？严重占用公共资源[看],1
2025/3/21 9:37,网暴是小事 取关是大事 这个世界怎么了[宕机][宕机],1
2025/3/21 9:37,露丝啊，要想这个病好啊，就要远离这个环境。毕竟还暴露在大众面前的话，肯定是众口难调啊。,0
2025/3/21 9:37,我理解她，她只有想把精力用来好好爱自己，懒得关注些没有的了,0
2025/3/21 9:37,明星就是不一样 这种事情都能上热搜[捂脸],1
2025/3/21 9:37,微博喜塔腊容音,0
2025/3/21 9:38,其实和我们没有半毛钱关系,0
2025/3/21 9:38,希望你好,0
2025/3/21 9:39,人家喜欢干嘛就干嘛！别人约束你高兴哇,1
2025/3/21 9:39,别再消费我们了好吗，赵露思[微笑][左上],1
2025/3/21 9:39,赵露思呀，他们爱说啥说啥，别生气了。生气自己倒霉。没有办法你要顶住。祝你好运[赞][赞][赞][赞][赞][赞]。大妈我支持你，加油！,0
2025/3/21 9:39,这个短信不是去年发的吗怎么今年突然发出来,0
2025/3/21 9:39,抖音剩那一个关注是汪涵吧[看],0
2025/3/21 9:40,她是不是拉托屎都要报道一下,1
2025/3/21 9:40,辱追吧 素质好差,1
2025/3/21 9:40,妆好不好看我不评价，我觉得挺好，但是剧是真的烂啊[捂脸],0
2025/3/21 9:40,其实她的态度已经很明显了，你要是不喜欢她这样的话可以不粉她，你不能粉她又干涉她太多，就好像那些父母认为对子女好而一再干涉一样,0
2025/3/21 9:41,让我想起我那个踮起脚尖的白月光[泣不成声],0
2025/3/21 9:41,又开始了又开始了，她好烦,1
2025/3/21 9:41,啊??刷到了@+-×÷,0
2025/3/21 9:41,我美美的露思，可恶的公司 为什么要让她整容啊[泣不成声],1
2025/3/21 9:41,太巧了，我和你想的一模一样,0
2025/3/21 9:41,。。。。感觉有点占用公共资源了[尬笑]干啥事都上热搜[尬笑],1
2025/3/21 9:42,不是真的要是生了病，那就去好好养病，就不要再出现在大众面前，一会又是生病一会又拿筷子吃饭视频，又搞什么取关[黑脸][黑脸][黑脸],1
2025/3/21 9:42,[捂脸][赞],0
2025/3/21 9:42,要想活的久就把边界感树立起来,0
2025/3/21 9:42,人家关不关注取不取关，是人家自由，报这个有意思吗[泪奔],0
2025/3/21 9:43,谁审判他了[憨笑][憨笑][憨笑]这谁买的热搜啊好难猜啊,0
2025/3/21 9:43,[比心][比心][比心][比心],0
2025/3/21 9:43,她以前也不这样啊。。。,0
2025/3/21 9:43,世界辜负了太多，如果接受就是和世界和解了，会无软肋。,0
2025/3/21 9:43,真闲的,1
2025/3/21 9:43,没事，粉丝仍然爱，咱们看客有啥可说的[捂脸],0
2025/3/21 9:44,赵露思又不是今天才开始清列表的，到底是谁买的热搜好难猜哦[捂脸],0
2025/3/21 9:44,妆容原因吧,0
2025/3/21 9:44,这流量不就来了,1
2025/3/21 9:45,多休息，调整状态，现在不适合这样,0
2025/3/21 9:45,我觉得这次挺好看的，比她以前网红妆好多了,0
2025/3/21 9:45,赵露思蛮好看啊    [赞][赞][赞][赞][赞]很好      不错啊,0
2025/3/21 9:46,这都能上热搜？,1
2025/3/21 9:46,好了  现在只。有1个了,0
2025/3/21 9:46,人家取关真是有什么大惊小怪，闲得蛋疼,1
2025/3/21 9:46,你好的时候周边都是朋友，你不好的时候就是提纯朋友的时候，我喜欢雪中送炭的友情，那种锦上添花的我就笑笑，我会记住他们的出场时间，双鱼就是这么爱憎分明，绝不记糊涂账,0
2025/3/21 9:46,虽然我觉得她化妆确实不好看，但那是她的自由尊重就好，没必要去辱骂。以她现在的状态就应该隐退修养一段时间没必要着急出来工作，毕竟从鬼门关走了一趟回来了，身体最重要,0
2025/3/21 9:46,取关这都能上热搜[尬笑][赞],0
2025/3/21 9:47,人家自己的号，想关注就关注啊，不想关就不关了呀，,0
2025/3/21 9:47,你贷款还完了吗？温饱解决了吗？人家4000多万粉丝取关几个人还上热搜。浪费公众资源。,1
2025/3/21 9:47,说实话，公平说，她这样真的弄的在娱乐圈里挺难堪的，以后都不见面了吗，很多明星也会看见，我理解粉丝说的让她做自己怎么开心怎么来，但是你们别忘了，她是一个明星，她引领了很多爱她忠实她的粉丝，粉丝还都在前阵义无反顾的冲锋，败坏了多少别的明星粉丝和路人的缘，不然的话真不适合娱乐圈了……,1
2025/3/21 9:48,粉丝到处辟谣是有用的，之前看营销号一直以为是故意摆出这个动作，但今天偶然点进词条看到这个视频解开误解了,0
2025/3/21 9:48,自己化妆没问题，私下化啊，对工作还是专业来更合适吧,0
2025/3/21 9:48,博主，说话好有引导味～可我只想知道喜塔腊容音事件[玫瑰],1
2025/3/21 9:48,脱粉就好了，不喜欢就不看，何苦难为自己难为别人,0
2025/3/21 9:48,@小乖酱 @甜嘻嘻 @坡桃醇,0
2025/3/21 9:49,很多时候想通了万物皆可删，露思加油[比心],0
2025/3/21 9:49,喜塔腊容音大家去搜搜[黑脸],1
2025/3/21 9:49,太反感了  这个面容,1
2025/3/21 9:50,煮波怎么不发喜塔腊容音啊，也睡觉了吗[黑脸],1
2025/3/21 9:50,因为她和公司合约要到期了，她正准备解约呢，艺人解约前清关是正常流程。之前TAO解约也清关了[愉快]以后解约成功还是会关注回来的。本来就是娱乐圈的一个正常操作，被人带节奏解读成什么她心情不好，她没礼貌，太离谱了吧,0
2025/3/21 9:50,这性格也是,0
2025/3/21 9:50,不是很喜欢她 但从来没骂过 后面她病成那样还天天被骂 现在这个热搜下面也都是骂她的 我都看不下去了 其实她关不关注谁是她的自由吧 这也要骂[愉快]能不能善良一点啊积点口德好吗[愉快]天天网暴别人到时候真出什么事就老实了[愉快],0
2025/3/21 9:50,黑粉真是服了，真粉丝是不是要关心她的身体，然后合理提出建议，这么骂人是什么粉丝，直接告吧。,1
2025/3/21 9:50,为什么有人说这个图是p的 看不懂,0
2025/3/21 9:50,真的，把别人当啥了剧播的时候疯狂摇人帮忙宣传新剧。现在自己被骂了，把别人取了算咋回事,1
2025/3/21 9:50,公司干的吧，，感觉这种得罪人的事情就是有意而为之,1
2025/3/21 9:51,偷偷藏不住的妆谁化的？感觉这剧的妆容适合她,0
2025/3/21 9:51,好看的,0
2025/3/21 9:51,说实话我不知道为什么会有那么多人黑她骂她,0
2025/3/21 9:51,假巴意思造热度,1
2025/3/21 9:51,喜什么又是什么东西，我去搜有点没看懂咋一直在说这个人,0
2025/3/21 9:51,她这样干嘛不做回素人啊？多自由  208既要又要的样子真。。。,1
2025/3/21 9:52,事多,1
2025/3/21 9:52,@爱错 感觉做不受限于旁人的目光，做自己喜欢的样子，真实的自己，才能感受到生命的意义，快乐的自己[眼含热泪],0
2025/3/21 9:52,我删了一些微信上的人，实在不让让自己内耗，都是一些几乎不联系的过往人。前段时间有一个三五年没联系的市场朋友打电话来说你怎么删了我，他说加回来，我说有什么事吗，他也说不出什么事，说微信上好聊，没事你会联系我，无事不登三宝殿，我当他没来电，电话挂了没加他。,0
2025/3/21 9:52,赵露思发出来是抵制开盒行为，为什么评论区一直模糊重点说人家化妆呢,1
2025/3/21 9:52,赵露思没对不起谁，她最对不起的就是自己，她就是太在意粉丝了，所以才会这样，而粉丝做的就是，不管她怎么样，粉丝也要喜欢她爱她，尊重她，支持她，这才是真正的粉丝！难道不对吗？,0
2025/3/21 9:52,因为她和公司合约要到期了，她正准备解约呢，艺人解约前清关是正常流程。之前TAO解约也清关了[愉快]以后解约成功还是会关注回来的。本来就是娱乐圈的一个正常操作，被人带节奏解读成什么她心情不好，她没礼貌，太离谱了吧,0
2025/3/21 9:52,我这还天天有人打电话关心我需不需要办信用卡,0
2025/3/21 9:52,那不是粉丝！辱追不是粉[微笑],1
2025/3/21 9:53,还是很多很多这样的短信…骂得更难听的都有，但不妨碍她火就是火，全网黑扒不出一点猛料，终其一生真的不是为了讨好那些无法同频的人，而是遇到同频的人。,0
2025/3/21 9:53,说的对,0
2025/3/21 9:53,换赛道吧，此路不通[偷笑],0
2025/3/21 9:53,营销号没事吧，这短信一看就不是粉丝发的啊，粉丝要这样算什么粉丝啊，我们一个路人都不会这样说别人,1
2025/3/21 9:54,只是想说恶心，恶心，真恶心。,1
2025/3/21 9:54,取不取关这都管？？？？？？哎我去了服了[微笑],1
2025/3/21 9:54,这条评论是哪个视频的啊,0
2025/3/21 9:54,她自己画的挺好看的啊 之前化妆师做的妆造不照样被喷[尬笑],1
2025/3/21 9:54,最后那句话就知道是黑粉了,1
2025/3/21 9:54,我觉得: 她如果被雪藏了 她做网红带货 我都支持她[流泪] 她真的很好 不懂为什么一直有人黑她[流泪]都是女孩子[流泪][流泪][流泪][流泪],0
2025/3/21 9:55,get不到[捂脸],0
2025/3/21 9:55,怎么高兴怎么活怎么啦,0
2025/3/21 9:55,我感觉她如果被雪藏了 她做网红带货 我都支持她[流泪] 她真的很好 不懂为什么一直有人黑她[流泪]都是女孩子[流泪],0
2025/3/21 9:55,露思这次是真的病了，不仅她病了，这个世界都有病[再见]太迷了,1
2025/3/21 9:55,做事情能不能考虑考虑后果，别我行我素了好吗,1
2025/3/21 9:56,这不是粉丝吧[捂脸]，我不会这样骂自己正主，如果不喜欢，悄悄脱粉就是了。,0
2025/3/21 9:56,问题是这个吗？重要的是开盒啊，明星都能被开盒，你不觉得恐怖吗？,1
2025/3/21 9:56,一个明星就清个关注 这还上热搜 网络也是无敌的[捂脸],0
2025/3/21 9:56,怎么老是找热点啊 懒看,1
2025/3/21 9:57,意思是取关比网暴素人严重？取关都值得发稿，网暴素人这么大热点就不发？,1
2025/3/21 9:57,粉丝那么多，喜欢她的人那么多，非常优秀了。黑粉才几个，不要把她们当回事就好了。,0
2025/3/21 9:57,喜塔腊容音,0
2025/3/21 9:58,看了下微博 全是受害人有罪论,1
2025/3/21 9:58,意思是取关比网暴素人更值得关注？取关都值得发稿，网暴素人这么大热点就不发？,1
2025/3/21 9:58,不是她粉丝 但是人家之前都生那么严重的病了 现在好不容易痊愈了 还要逮着人家不放 你们是魔鬼吗[尬笑][尬笑],0
2025/3/21 9:58,这个时候这个新闻是为了盖哪个事件[看]中航信信托暴雷还是拔牙跳楼女,1
2025/3/21 9:58,她跟那个章若楠分不清，也从不看他们的影视作品，但觉得那个章若楠更好点,0
2025/3/21 9:58,大姐取消关注了不移除粉丝呢 什么逆天操作,1
2025/3/21 9:59,这女的戏太多了，屁大点事就要上热搜，她到底是谁啊？,1
2025/3/21 9:59,这个b事咋这么多啊[好开心] 屁点的小事都要上热搜 真ex,1
2025/3/21 9:59,最近开盒事件不是上热搜了吗？百度那个，你们就这么漠视？重点不是开盒吗？黑粉怎么知道她的所有信息的[憨笑]不理解，一群爱跟风的人，营销号说啥听啥。,1
2025/3/21 9:59,这是咋了。。。,0
2025/3/21 9:59,我觉得赵露思这种行为特别幼稚，好歹大家同事一场，人家没得得罪你，有必要这样取关其他合作人吗,1
2025/3/21 10:00,这么大个事，世界不会爆炸吧？,0
2025/3/21 10:00,但是我觉得他这次杂志妆画的还挺感觉好看的,0
2025/3/21 10:00,赵露思是干嘛的？[捂脸][捂脸][捂脸],0
2025/3/21 10:00,粉丝说话那么难听[石化],1
2025/3/21 10:00,不经历人生磕磕绊绊怎么会这样！,0
2025/3/21 10:00,共情能力别太强，你还尴尬上了,1
2025/3/21 10:01,我感觉她真的很容易被审美和评论裹挟 太在意恶评 还有就是她明明很漂亮却一直出席重大活动自己化网红妆 不是不好看 就是把自己化低级了,1
2025/3/21 10:01,整容了基本戏路就没了,1
2025/3/21 10:01,发短信的那人有病吧，和 他有什么关系啊？爱看不看，不看就拉倒呗还这样说。[捂脸],1
2025/3/21 10:01,意思是取关比网暴素人更值得关注？取关都值得发稿，网暴素人这么大热点就不发？,1
2025/3/21 10:01,某家也不至于这样着急洗白吧，又开始给赵露思拉黑稿,1
2025/3/21 10:01,如果不是这个条热搜，我到现在为止都不知道赵思路是谁,0
2025/3/21 10:01,我没取关，为什么平台自己取关了呢,0
2025/3/21 10:02,抑郁的人往往都太善良了,0
2025/3/21 10:02,身弱扛不住这么多富贵,0
2025/3/21 10:02,总是剪辑丑照，买热度，这背后的水有点深啊[看],1
2025/3/21 10:02,这感觉不是粉丝,0
2025/3/21 10:03,没看懂 有的营销号说是有明星私下放她狠话 她才取关 事情是怎么回事,0
2025/3/21 10:03,[黑脸]无论是谁单取都莫名其妙。特别是帮你宣发过的真的无妄之灾[我想静静]引导网暴素人的也可恨哈，明明可以开单博回应。两个人都搞不清自己的位置[黑脸][黑脸][黑脸],1
2025/3/21 10:03,她昨晚放个屁要不要也上个热搜啊,1
2025/3/21 10:03,我就喜欢你的与众不同，加油,0
2025/3/21 10:03,取关之前要不要打个电话和被取关的的人说一下啊，大撒春,1
2025/3/21 10:04,我觉得明星也是人想取关谁想关注谁，都是人家自由。我也搞不清楚为什么这种事情也能上热搜？现在的网络真的还健康吗？,0
2025/3/21 10:04,恶意真的太大了！,1
2025/3/21 10:04,@西瓜皮,0
2025/3/21 10:04,嫉妒使人面目，承认别人优秀真有那么难吗,1
2025/3/21 10:05,这是粉丝脱粉吗,0
2025/3/21 10:05,真的好难猜，前几天才爆某人的黑料，今天露思就莫名其妙的上热搜了[尬笑],1
2025/3/21 10:05,营销号突然就活了,0
2025/3/21 10:05,项链热不热,0
2025/3/21 10:05,支持自己化[赞][赞],0
2025/3/21 10:05,画的很好啊 以后都可以自己化的，知道自己喜欢什么,0
2025/3/21 10:06,是不是要退隐了,0
2025/3/21 10:06,这个妆容我觉得特别好看，要知道能自己在杂志上化妆，最起码是得到杂志方那边的认可了[白眼],1
2025/3/21 10:06,为什么要对一个女孩恶意这么大,1
2025/3/21 10:06,好讨厌这些黑。,1
2025/3/21 10:06,这都多久以前的事了,0
2025/3/21 10:07,做好自己就行[赞]你比很多人都优秀。加油[赞],0
2025/3/21 10:07,我老公的女神[大笑],0
2025/3/21 10:07,自己化妆到也没啥 好不好看不评价 取关这个事因为啥 很迷[捂脸],0
2025/3/21 10:07,特别幼稚，好歹同事一场，有必要这样做吗？,1
2025/3/21 10:07,无效社交，去除,1
2025/3/21 10:07,@一碗周,0
2025/3/21 10:07,压抑好久了，有些事情已经自控不了了,0
2025/3/21 10:07,病态的不是她，他是受害者呀,0
2025/3/21 10:07,没有搞针对哇，露思把好多人都取关了,0
2025/3/21 10:08,自从走X感路线我就不太喜欢了,0
2025/3/21 10:08,做自己就好，不可能全部的人都喜欢你，当他们是疯狗不理会就好，不要影响自己的心情,0
2025/3/21 10:08,我们露思开心就好了[抱抱你],0
2025/3/21 10:08,啊zls怎么长这样了，不是说丑，只是感觉变了好多，我记得以前是可可爱爱的类型啊，,0
2025/3/21 10:08,主要是一个明星都能被随意开盒[流泪],1
2025/3/21 10:08,可以告这个发短信的人吧，这都辱骂了,1
2025/3/21 10:08,别的黑料千奇百怪，轮到她竟然是化妆,1
2025/3/21 10:09,虽然我也绝非她自己画的不好看，但这个看着不像粉丝啊，像私生？哪来的手机号啊,1
2025/3/21 10:09,做得对！删除没用的社交，真的会救自己[流泪][流泪][流泪],0
2025/3/21 10:09,人为什么坏，不会报应在自己家人身上吗，善良点不行吗，很难吗,1
2025/3/21 10:09,特别幼稚，好歹同事一场，有必要这样做吗？,1
2025/3/21 10:09,??,0
2025/3/21 10:09,跟粉丝互相较劲呢,1
2025/3/21 10:09,去年的短信，都已经告完了，还拿出来说，她是真放不下啊,1
2025/3/21 10:10,[吐彩虹],0
2025/3/21 10:10,我们露思抵制开盒挂人[抱抱你],1
2025/3/21 10:10,她想彻底单飞，可惜低估了资本,1
2025/3/21 10:10,咋不多多关注喜塔腊容音事件呢[打脸],1
2025/3/21 10:10,哦,0
2025/3/21 10:10,当了明星就不能做自己了吗,0
2025/3/21 10:10,我觉得赵露思真的很美啊！网络的世界说什么的都有放宽心态好好养病,0
2025/3/21 10:10,她不知道比绝大部分人好看多少倍,0
2025/3/21 10:10,自己想干什么就干什么吧，健康最重要,0
2025/3/21 10:11,本来就??一样的剧啊,0
2025/3/21 10:11,这行真的要心理强大才行，少上网,1
2025/3/21 10:11,太在乎别人的看法  只会让自己更累,0
2025/3/21 10:11,其实无人在意,0
2025/3/21 10:11,不是，这种屁大点事也能上热搜？,1
2025/3/21 10:11,内娱粉丝都这样，不用在意,1
2025/3/21 10:11,他粉丝都以为她最讨厌的是别人结果她最讨厌的就是她的粉丝[微笑],1
2025/3/21 10:12,无论她变成什么样照样喜欢她，希望露思好好做自己想做的事，不要太在意别人的看法[比心],0
2025/3/21 10:12,@转N个圈圈圈圈 真的惨,0
2025/3/21 10:12,我感觉她挺好看的[玫瑰],0
2025/3/21 10:12,赵露思发这个文的意义是为开盒素人发声！！某些yxh的关注点真是跟我们不一样哈[泪奔],1
2025/3/21 10:12,不喜欢就算了，为什么总想改变别人呢，控制欲真的强,1
2025/3/21 10:12,人经历一次病，真的会看透很多人[叹气][叹气]自从我乙 盰康复后，才明白身体健康 无病无灾是最幸福的[玫瑰][玫瑰][玫瑰][玫瑰][玫瑰][玫瑰],0
2025/3/21 10:12,太可爱了露思宝宝,0
2025/3/21 10:12,这到底怎么回事啊？之前不还生病了吗？[捂脸],0
2025/3/21 10:12,拉个屎，狗都往上闻一下,1
2025/3/21 10:12,这种人其实自己碰到就挺可怕的，那会莫名其妙的说跟韩安冉像，还被骂上了热搜，很多人无语，她还挺无所谓，现在又取关vx单删了韩，宣传剧的时候利用的明明白白，现在自称要重新开始然后一推神经操作……镜头面前总要表现出来大大咧咧不在意可明明又在意的要死，化妆这事听点劝吧,1
2025/3/21 10:13,拒绝开盒！！！！！！！！！！！！！！,1
2025/3/21 10:13,这都多久之前的事了[尬笑]，两天了热搜还TOP1，yxh这么恨吗[尬笑],1
2025/3/21 10:13,这样的也叫粉丝啊,1
2025/3/21 10:13,给你个建议，弯着腰拍视频流量更高[看],1
2025/3/21 10:13,真心觉得他微调之前那个样子最好看,0
2025/3/21 10:13,单纯不理解啊，不喜欢一个人不理不就好了，为什么要去骂呢？黑粉的心理是什么样的？,0
2025/3/21 10:13,她的剧我还是很喜欢的啊，桑稚真的是演的很好,0
2025/3/21 10:13,抵制开盒??抵制网络暴力??还互联网健康环境??拒绝任何人肉开盒行为??互联网不是法外之地，让花成为花，还互联网一个清净！！,0
2025/3/21 10:13,挺好看啊 就是有点像韩安冉,0
2025/3/21 10:13,自己强大起来[玫瑰],0
2025/3/21 10:13,评论区说是赵露思粉丝开盒素人的，请勿造谣好吗？这个人是黑粉，这不是粉丝，她不仅开盒素人，还开盒赵露思，谁说这叫粉丝啊？？建议去看VB→喜塔腊容音，看完你就知道是谁粉丝开盒了[尬笑][尬笑],1
2025/3/21 10:14,一群工资三千五千的人心疼一个年入千万的人[黑脸],1
2025/3/21 10:14,我一直觉得黑粉就是一个恐怖组织[宕机][宕机][宕机]一群人对一个人毫不掩饰散发恶意，在现实就是霸凌,1
2025/3/21 10:14,@炮炮?? @^想你的夜,0
2025/3/21 10:14,@吃吃粥 @Po @宝蘑菇 @不行你得亲我 为丝真的很坚强[流泪],0
2025/3/21 10:14,@思索……JPG OMG,0
2025/3/21 10:14,唉，不论真假，但这种事没必要拿出来说，自己选择做明星，有利必然有弊,0
2025/3/21 10:14,一点问题没有，她想取关就取关，她就该做自己，只要她自己开心怎么做都行，再说了，她生病有几个去真的关心她帮助她的，取关的没毛病！,0
2025/3/21 10:14,[思考]唯一关注的是鹿鹿，好姐妹[舔屏],0
2025/3/21 10:14,666，人家取个关都有热搜[微笑]果然是明星,0
2025/3/21 10:14,原来的你多耀眼，不要在意别人的眼光和看法，只要自己开心就好，但请不要伤害自己。,0
2025/3/21 10:14,咋啦？现在这么多捂脸的人。好好的一个小姑娘。放过她,1
2025/3/21 10:14,都是年前取关的了 现在才开始上热搜 这是怎么回事呢 喜塔腊容音,0
2025/3/21 10:14,人一旦生病了名利圈子里的人际关系都显示出来了,0
2025/3/21 10:14,这么一看刘晓庆和范冰冰是真厉害，天大的事发生在自己什么都没整这死出[发呆],1
2025/3/21 10:14,抵制开盒！！！,1
2025/3/21 10:14,zls一有动静全世界黑营销都吻上来了，zls是什么营销号奶妈吗[黑脸][黑脸][色][色],1
2025/3/21 10:14,我干活扭到了手腕[流泪],0
2025/3/21 10:14,哎，看着她一步步被网暴逼的[泣不成声]害怕以后就消失在娱乐圈了,0
2025/3/21 10:14,我怎么感觉老是卖惨的样子好像[捂脸][捂脸],1
2025/3/21 10:15,所以不能太较真,0
2025/3/21 10:15,评论区关心别人还不如多关心自己的父母把[晕]，,1
2025/3/21 10:15,随便别人怎么说  我就是喜欢她,0
2025/3/21 10:15,我赵丽颖 抖音都只关注工作室 也没见谁说 加油 女孩 等你越来越强大,0
2025/3/21 10:15,希望你做回以前那个无忧无虑的自己,0
2025/3/21 10:15,别天天给我推了，烦死了[打脸]天天占那个搜索推荐[尬笑]你没事吧大姐,1
2025/3/21 10:15,混娱乐圈内心要强大，加油吧,0
2025/3/21 10:15,想怎么化就怎么化 就算不喜欢又怎么样？脸就在那！再怎么折腾怎么画都是好看的 不喜欢的话她画的妆人家换个妆容也是一样的美啊[九转大肠],0
2025/3/21 10:15,脱粉回踩的辱追，看不惯一个人直接开盒[尬笑],1
2025/3/21 10:15,好厉害都能知道电话号码[泪奔]可是妆确实不好看，人好看，我不说我也不看反正不粉[笑哭],0
2025/3/21 10:15,黑粉怎么有她手机号码啊[疑问],1
2025/3/21 10:16,变味了 喜欢偷偷藏不住时候的脸,0
2025/3/21 10:16,我觉得她挺好的,0
2025/3/21 10:16,哇靠。怎么能信这些丑恶人的私信[泪奔]自己这么漂亮不自知吗[泪奔],1
2025/3/21 10:16,那不是粉丝哈，你要不找个班上吧[捂脸],1
2025/3/21 10:16,化妆其实没什么，就是她化的妆有时候不太符合场合,0
2025/3/21 10:16,喜塔腊容音 我宝被拉出来挡枪,1
2025/3/21 10:16,虽然但是作为公共人物，她也在意外界的评价，既然外界觉得她自己画得妆不好看，她也在意这些评价，那就不要自己画了，你要自己画就不要在意外界的评价，感觉她处在在意网友评价又要跟网友死杠的状态,1
2025/3/21 10:16,她就好看就好看就好看,0
2025/3/21 10:16,谁不自己化妆啊，但是不理解为啥拍戏杂志商务活动都要自己化妆[捂脸]不迎合市场特立独行又过分在意别人评价,1
2025/3/21 10:16,早就取关了，被拉出来挡热搜了,1
2025/3/21 10:16,我终于明白了她自己化妆那么多人说不好看，但她还依然继续。怎么会有人因爱拿起刀子[微笑]转转回收一下我的吐槽,1
2025/3/21 10:16,怎么会有人对一个人恶意这么大！这样骂人[捂脸],1
2025/3/21 10:16,也啥要骂这个女生，她没做错啥啊，反而做了好事，为小谢发声，给需要帮助的家庭打赏[泣不成声],0
2025/3/21 10:16,没明白是她取关那些明星的粉丝给她发的短信？？？,0
2025/3/21 10:16,我不是谁的粉，我觉得她真的很好啊，她又也没有特意怎么样，她只是在做她自己[愉快],0
2025/3/21 10:17,怎么做都会有人不喜欢 人为什么恶意要那么大呢 [微笑][微笑],0
2025/3/21 10:17,怎么有她电话呢,1
2025/3/21 10:17,美[送心],0
2025/3/21 10:17,自从赵露思，身体出现状况后，我就每天观察他的账号，早就发现了，不是你几个小时前发布啥意思啊？这不是很早之前的事情吗？[吐血],1
2025/3/21 10:17,是我记忆出错了吗[疑问] 她取关的消息不是她出事的时候就有了吗？所以那时候是抖音取了关吗？,0
2025/3/21 10:17,为什么屏蔽了关键词还能刷到[捂脸],1
2025/3/21 10:17,以前我也是他很多年的粉。不知道为什么把自己画那么丑，[尬笑],1
2025/3/21 10:17,哥说的非常对 我也是这样的想法[抱拳][抱拳][给力],0
2025/3/21 10:17,我都不是她的粉    但是觉得她画的还行啊  人不可能永远一个风格  而且她这个杂志的妆我看了啊  挺好看的啊,0
2025/3/21 10:17,人家想微整微整，想画啥样画啥样，不喜欢就不喜欢，没必要说啥别的,0
2025/3/21 10:17,她的粉丝真的是人才，我记得当时还指挥赵露思不要拍这个戏不要化妆什么的,1
2025/3/21 10:18,其实她不用整，平时化点淡妆，看着就很好看，浓妆艳抹感觉像夜店出来的一样[捂脸]，穿着打扮也得换个造型师，老是把她打扮的像是五五分[捂脸],1
2025/3/21 10:18,@乐佩吃不饱 其他明星也没惹她，神神的,1
2025/3/21 10:18,一个工作号而已,0
2025/3/21 10:18,人经历一次大病，真的会看透很多人。,0
2025/3/21 10:18,自动屏蔽，不要想太多，做自己。,0
2025/3/21 10:18,非要这么美好的女孩子成为下一个雪梨金赛纶吗,1
2025/3/21 10:18,我觉得取关也是很正常的吧，原本有我好的朋友也会有他的联系方式。像他经历过那些事情，我觉得圈子还是简单一点的更好,0
2025/3/21 10:18,她有心理问题呀，可能是想通过自己化妆把自己伪装起来吧[捂脸],1
2025/3/21 10:18,意思是取关比网暴素人更值得关注？取关都值得发稿，网暴素人这么大热点就不发？,1
2025/3/21 10:18,"以前赵露思懂事听话努力给公司
最后 换来得是老板欺负别人的嘲笑
有时 人啊 全心全意对老板忠心
可是 换不回来老板一些 心
谁还会对老板马首是瞻
赵露思取关他们是对得
人心换回不来 所以 人心会冷
太多失望??所以！这样",1
2025/3/21 10:19,这么重抑郁症咋治的俩月就好[捂脸]教教呗[捂脸][赞],0
2025/3/21 10:19,所以最后关注的明星都剩下了谁,0
2025/3/21 10:19,我生病之后，跟所有人都不联系了，其实健康的时候就想这样，只是没有勇气，生病给了自己做自己的勇气,0
2025/3/21 10:19,应该是其他女明星，然后嫉妒她的美，然后煽动粉丝去抹黑[尬笑],1
2025/3/21 10:19,成年人的世界本就是筛选！留下来的就是最好的,0
2025/3/21 10:19,什么品种的虾米会去打电话侮辱一个，根本不熟悉且没有伤害过你的人，现实生活中得过的多差,1
2025/3/21 10:19,我喜欢仁至义尽后的心安理得 （当时脑子里就想到这句了）,0
2025/3/21 10:19,很明显啊，就是有病啊,1
2025/3/21 10:19,为什么突然走了这么一个邪门的赛道？之前和凤凰传奇一起唱歌的时候，多么青春活泼甜美的一个小女孩，,0
2025/3/21 10:19,为啥要取关,0
2025/3/21 10:19,人经历一次大病，真的会看透很多人。,0
2025/3/21 10:19,那段时间不是她的粉丝抵制她化妆吗？我记得还上热搜了，这是……那段时间脱粉回踩吧,1
2025/3/21 10:20,有时间多多关注自己吧，有些人别太恨她了，扒了那么多黑料硬是没找出她什么真的黑料，人家有现在成就有运气成分也离不开自己的努力，就冲对粉丝友好没有高高在上的感觉对工作也很珍惜用心对待，而且在我看来就是个小女孩，罪不至此。,0
2025/3/21 10:20,做自己，爱自己，管那么多干什么，爱看不看，不看滚到一边去，不用去刻意留意那种人,1
2025/3/21 10:20,靠粉丝赚钱的明星不多听粉丝的意见 那就别站那个位置,1
2025/3/21 10:20,这是看她身体好些了，又开始黑了，哎！,1
2025/3/21 10:20,她真不该动脸  以前很好,1
2025/3/21 10:20,喜塔腊容音,0
2025/3/21 10:20,这粉丝的字太恶毒了，人心怎么这么坏！既然你粉了就不要伤害，虽然我是路人，不粉，但也不反感。,1
2025/3/21 10:20,天天闲操萝卜淡操心的，粉丝也好，明星也罢，过好自己的日子就行了,1
2025/3/21 10:20,做自己就好，爱她的人自会爱她，不要打着粉丝的名号指指点点,0
2025/3/21 10:20,感觉她精神状态出问题了，做公众人物真的需要强大的心理承受能力，毕竟现在做啥都有人骂,0
2025/3/21 10:20,直接退圈对谁都好，在这个圈子本来就有数不清的评价，自己本来就有病受不了，既要又要,1
2025/3/21 10:21,为什么要骂她,1
2025/3/21 10:21,难怪今天一看，粉丝列表没有她了,0
2025/3/21 10:21,真的心疼赵露思了 明明她才是真正的爱女[捂脸],0
2025/3/21 10:21,刚开始不喜欢赵露思，但是自从看了她给被家暴的小谢的女儿过生日拍的视频就觉得她很勇敢,0
2025/3/21 10:21,我是平常人，都遇到很多恶意的事情，气得我都睡不着，别说她被那么多人骂[流泪],0
2025/3/21 10:21,这是什么粉丝，爱就好好爱 不爱就脱粉，骂人这么恶毒，人品极差,1
2025/3/21 10:21,[白眼]对妹妹没有意见，但是妆容这种可以交给专业的人！自己可以平常化化拍照分享给粉丝！,0
2025/3/21 10:21,又给自己买热搜卖惨[泣不成声] 过年还没有买够吗[泣不成声],1
2025/3/21 10:21,真的很奇怪啊她 不要自己化妆感觉是很多路人不止是黑粉的建议 她现在好像所有人都欠她一样的[绝望的凝视] 公众人物挣那么多 就是要接受不一样的意见啊 真的化得很丑爱化化吧[绝望的凝视],1
2025/3/21 10:21,这件事情重点是开盒不是化妆,0
2025/3/21 10:21,一些人为什么对别人那么大恶意呢？不喜欢可以不看。,0
2025/3/21 10:22,@榴莲统治世界 你看又开始了,0
2025/3/21 10:22,西安地铁,0
2025/3/21 10:22,又不是重要的人，说的话也不重要，当放屁,1
2025/3/21 10:22,[捂脸]赵露思怎么天天在热搜屁大点事都要说,1
2025/3/21 10:22,这么好的一个小姑娘是什么样恶毒的人才能对她说出那么恶毒的话[发怒],1
2025/3/21 10:22,真的心疼赵露思了 明明她才是真正的爱女[流泪],0
2025/3/21 10:22,看她面相这个病很难治愈[流泪]，加油露思,0
2025/3/21 10:22,我喜欢佛系的粉丝，有些狂热粉丝真的太极端了，导致很多人受粉丝影响不喜欢正主,0
2025/3/21 10:22,请大家多多关注一下开盒事件吧[流泪][流泪][流泪][流泪],0
2025/3/21 10:22,其实她不会很快乐[捂脸]毕竟抑郁症,0
2025/3/21 10:22,人经历一次大病，真的会看透很多人,0
2025/3/21 10:22,我觉得能抑郁的都是内心善良的人,0
2025/3/21 10:22,多点善意吧！,0
2025/3/21 10:22,重点是化妆吗[捂脸][捂脸],0
2025/3/21 10:22,黑粉是哪生出来的,1
2025/3/21 10:22,支持化要化,0
2025/3/21 10:22,为什么要这样，她抑郁还在恢复，为什么有那么多黑粉,0
2025/3/21 10:23,这怕不是黑粉[黑脸]像辱追粉或者脱粉回踩的[黑脸],1
2025/3/21 10:23,我到现在都不知道这个赵露思到底是谁，长啥样,0
2025/3/21 10:23,多么可爱的一个小姑娘，你要强大，黑子也不是真心觉得，只是为了利益故意这么说，黑子全是利益为前提的，你要自信啊，相信自己，爱自己,0
2025/3/21 10:23,又在作啥妖[不失礼貌的微笑],1
2025/3/21 10:23,他怎么老搞事儿啊？能不能因为一点儿正向的东西上热搜啊？,1
2025/3/21 10:23,一定调整好心态，照顾好自己,0
2025/3/21 10:23,yxh你看不出来那是黑粉是吧，要不眼睛捐了吧[黑脸],1
2025/3/21 10:23,她如果被雪藏了 她做网红带货 我都支持她[流泪] 她真的很好 不懂为什么一直有人黑她[流泪]都是女孩子[流泪],0
2025/3/21 10:23,有些人就是趁你病要你命,1
2025/3/21 10:23,加油，做你自己[玫瑰]不要去理那些黑粉，他们心里都有疾病,0
2025/3/21 10:24,什么鸡毛蒜皮 猫猫狗狗的事都能上热搜,1
2025/3/21 10:24,人家想干嘛干嘛，你们管的真多,1
2025/3/21 10:24,说实话我最开始认识她就是抖音，她那会儿还没拍戏呢，真的很可爱很甜，最开始那段时间觉得还挺好的，这两年感觉她是真的不一样了，以前的眼睛会说话很灵动，这两年眼睛真的很无神，包括她回来以后发的照片，还是无神，有一种强撑的感觉[噢买尬]我是真的蛮喜欢嫋嫋的,0
2025/3/21 10:24,喜塔腊容音,0
2025/3/21 10:24,谁呀老老黑她干什么，有病吧，她已经很不容易了,1
2025/3/21 10:24,自己要强大起来，别人就不敢来欺负你,0
2025/3/21 10:24,那些自称是她粉丝的人还骂她？真的是她粉丝嘛？,1
2025/3/21 10:24,她如果被雪藏了 她做网红带货 我都支持她[流泪] 她真的很好 不懂为什么一直有人黑她[流泪]都是女孩子[流泪],0
2025/3/21 10:24,我的女神,0
2025/3/21 10:24,资本可不会容易哦，但凡你没有粉丝消费力，几部女主数据更不上，立马换人[捂脸]明星想自由的情况得受得住没人关注的寂寞，赵也不是那种想专心拍戏的老戏骨演员，想红的迎合市场才是最重要的[捂脸],1
2025/3/21 10:24,想听听喜塔腊容音[不失礼貌的微笑],0
2025/3/21 10:24,黑粉说的也没错啊[捂脸][捂脸],1
2025/3/21 10:24,骂人的那个应该抓起来！,1
2025/3/21 10:24,加油，自己要强大起来，才没没有人去欺负你,0
2025/3/21 10:24,露思多可爱呀,0
2025/3/21 10:25,也有可能一件小事毁一个明星。栽赃陷害也有可能，毕竟有的是资本控制，不做评价，不喜欢也不伤害,0
2025/3/21 10:25,删除怎么了，看了看她之前关注的那些人，里面有多少明星的粉丝骂她造她hy，取关了又怎么样呢[憨笑],1
2025/3/21 10:25,有人知道抑郁症躯体化吗？身体的抖动已经影响到自己正常生活的那种？,0
2025/3/21 10:25,这个是黑子演粉丝还是脱粉的人？骂的太凶了,1
2025/3/21 10:25,我实在搞不懂那些骂明星的人  招你惹你了  也没吃你家饭，喝你家水，至于吗？[泪奔][泪奔][泪奔][泪奔]不喜欢你可以不看，没必要骂人家[捂脸][捂脸][捂脸][捂脸],0
2025/3/21 10:25,远离网络，好好休息吧，真的，看恶评本来就心烦，抑郁症不适合这样去看，而且这两年她特别关注恶评，这样更容易加重病情！,0
2025/3/21 10:25,我都不是她的粉，这些人为什么那么坏？她没伤害过你们,0
2025/3/21 10:25,只有我觉得她这个妆好看吗[泣不成声],0
2025/3/21 10:25,自己开心就好，加油啊,0
2025/3/21 10:25,网络暴力得判罪能少害些人,0
2025/3/21 10:25,[看]要不要人家发个喷嚏也拿出来报道一下。重磅新闻，赵思路打了个喷嚏。重磅新闻，重磅新闻。[疑问],1
2025/3/21 10:25,有些人不是人只是穿了衣服的畜生，不要跟畜生计较，把自己过好，好好爱自己，不要伤害自己，不纠缠，不回应，不共业,1
2025/3/21 10:26,赵露思不是富二代嘛 这么脆皮,1
2025/3/21 10:26,默默的问一句，她是整容了还是化妆的问题[捂脸],1
2025/3/21 10:26,[笑哭][笑哭][笑哭],0
2025/3/21 10:26,人如果经历一场大病，真的会看清很多人,0
2025/3/21 10:26,被资本玩坏了。开始作妖[尬笑],1
2025/3/21 10:26,粉丝怎么有他手机号的[捂脸],0
2025/3/21 10:26,也有可能是情绪波动,0
2025/3/21 10:26,内心不强大的人真的做不了明星！,0
2025/3/21 10:26,那些说着难听话的人是什么心理？真的不明白！做个善良的人不好吗？,0
2025/3/21 10:26,就是，管他们呢，自己开心就好,0
2025/3/21 10:26,别到时候新剧上映了又求着大家给她宣传,1
2025/3/21 10:27,不喜欢就不看就是了，真的没必要，因为对自己又没啥影响[捂脸],0
2025/3/21 10:27,赵露思还是适合以前的氧气感美女 真是内娱第一份[黑脸],1
2025/3/21 10:27,支持你，赵露思爱关注谁就关注谁，你们没资格评判,0
2025/3/21 10:27,请不要站在制高点指责别人，你不是她！尊重理解,0
2025/3/21 10:27,我们看的只是剧 私人生活 妆容穿着别人的背后怎样都跟我们没有关系，理性看待 少说话 多看剧，喜欢就看不喜欢就走。,0
2025/3/21 10:27,又在搞什么大动静,0
2025/3/21 10:27,不是粉丝，但是，就让她好好活着，不行吗？,0
2025/3/21 10:27,这是没有进厂打螺丝 让她进厂打螺丝 就什么问题也没有了抑郁包括任何心里问题 都是太闲了…别反驳…我就是真实案例[感谢][感谢][感谢],1
2025/3/21 10:27,那就别给她做数据了,1
2025/3/21 10:27,什么鬼，有关于作品的热搜吗,1
2025/3/21 10:27,为什么要对一个女孩子有这么大恶意,1
2025/3/21 10:27,抑郁纯假的，我抑郁一年半了，最严重的时候吃了一整盒拉莫三嗪，难受了三天也没有他那么严重，不要恶心我们这些抑郁症患者好吗,1
2025/3/21 10:28,待不下去可以退圈[比心]赚这么多钱还要卖惨真的[赞]自己粉丝网暴别人的时候，自己对别人落井下石的时候怎么不说了，落井下石的人还会抑郁呢??姐,1
2025/3/21 10:28,这么好看的妆！！！居然有人说丑,0
2025/3/21 10:28,额为什么粉丝会有明星的电话号码。。。。。。不是私生就是黑粉吧。。。。。。真的喜欢一个人会去买她的联系方式么。。。。。。。不是说自己是粉丝就是粉丝的。。。。。。。,1
2025/3/21 10:28,天啊这也太极端了吧,0
2025/3/21 10:28,人不管你有多优秀，都有人不喜欢的，心态放平就好,0
2025/3/21 10:28,不让她自己化妆的基本上都是粉丝吧，对家只会支持她多化妆,1
2025/3/21 10:28,为什么到底为什么她那么好   她自己化的妆很好呀   穿着各方面都很好呀,0
2025/3/21 10:28,网曝别人有意思吗！人家爱怎样就怎样，碍着你啥事了，用语言攻击别人，显着你出息了,1
2025/3/21 10:28,我好奇的是她都取关了谁,0
2025/3/21 10:28,那为什么你不去取关，去取关呀，没人拦着你呀。人家都贴脸开大了，你为什么不去管不移除粉丝呢？你们都喜欢被动，被害妄想症？,1
2025/3/21 10:29,这不是蛮好看的？ 某些人对人家的脸少点占有欲[憨笑],0
2025/3/21 10:29,黑粉怎么有联系方式发短信的？,1
2025/3/21 10:29,当明星真的得心理够强大才行,0
2025/3/21 10:29,不是粉丝，但是觉得这样说一个女孩子太恶毒了,0
2025/3/21 10:30,珠帘玉幕的时候找那么多人宣传 现在说取关就取关[思考],1
2025/3/21 10:30,露思很漂亮，做好自己的本职工作，而且还做公益，支持她化妆自由[爱心][爱心]被辱骂不是她的错，而且没素质人的错,0
2025/3/21 10:30,呵呵,0
2025/3/21 10:30,评论区引战的成分不明啊[憨笑][憨笑]重要的是开盒威胁人身安全啊。不要把开盒娱乐化饭圈化好吗，支持开盒入刑，网络清朗[抱拳],0
2025/3/21 10:30,更喜欢她了,0
2025/3/21 10:30,看了??。评论区一致的好评。没有任何一个黑子……,0
2025/3/21 10:30,只有我觉得活动出席活动的话，最好还是让专业的化妆师化吗，毕竟是工作，喜欢化妆可以平时没有拍摄活动啊这种的（勿喷，无恶意进自己看法[玫瑰][玫瑰][玫瑰][玫瑰]）,0
2025/3/21 10:30,@P 他们是嫉妒她过的太好了吗[尬笑],1
2025/3/21 10:30,没事啊，宠黑粉[愉快],0
2025/3/21 10:30,人经历一次大病，真的会看透很多人，很多事。,0
2025/3/21 10:30,不应该更关注开合行为吗？真是疯了,1
2025/3/21 10:30,莫名其妙,0
2025/3/21 10:31,取关好啊,1
2025/3/21 10:31,emm她新发的微博那张看书的图其实一月份已经发过了[黑脸],1
2025/3/21 10:31,是谁坐不住了好难猜呀[泣不成声],0
2025/3/21 10:31,人经历一次大病，真的会看透很多人，很多事。,0
2025/3/21 10:31,这能是真粉丝？真爱她不应该维护她支持她，看这短信不知道还以为有仇[宕机],1
2025/3/21 10:31,经历过才懂，我不懂所以不评价,0
2025/3/21 10:31,不太懂啊，为什么关注点在她化不化妆上？不应该放在被开盒这件事吗？[宕机][宕机]抵制开盒,0
2025/3/21 10:31,一开始做自己就好了，你看你改变了这么多，人家还是会攻击你，还不如一开始就做自己,0
2025/3/21 10:31,总有键盘狗、希望键盘狗去??,1
2025/3/21 10:31,多好的女孩呀，现在有的人心态太扭曲,0
2025/3/21 10:32,闲的,1
2025/3/21 10:32,搞不懂那些和别人毫无任何关系的人去私信骂另外一个人的那些人，都是些什么人！！不喜欢可以不去关注不去看，为什么要骂，还骂那么难听，这一类人生活中指定也不咋滴！,1
2025/3/21 10:32,嗯……都做明星哪能没有黑粉，自己想太多了才会生病,1
2025/3/21 10:32,后期是画的有点成熟，但攻击她的人用语太难听了，名星也是人，不能要求人家咋样咋样,0
2025/3/21 10:32,生了场大病，看清一切了吗？,0
2025/3/21 10:33,是啊，谢谢大家我去取证啦,0
2025/3/21 10:33,她的团队也太不给力了，很明显这个妆容就不适合露丝，赶紧换化妆师吧，我记得之前唐毅帮她画的那个妆容就很复合她的风格，更凸显她面部的优点 （虽然是杂志，但是这种风格真的……）,1
2025/3/21 10:33,没完没了,1
2025/3/21 10:33,报警，查黑粉是怎么有联系方式的,1
2025/3/21 10:33,看到偷偷藏不住后太喜欢她了，我刷了3遍[捂脸],0
2025/3/21 10:33,赵露思太火了，又上头条了，大家都好支持她，人美心善[玫瑰],0
2025/3/21 10:34,支持露思,0
2025/3/21 10:34,赵露思又不是今天才开始清列表的，到底是谁买的热搜[愉快]好难猜哦,0
2025/3/21 10:34,好奇问下，她欠粉丝什么啊？不追星的老阿姨问问，不太懂。,0
2025/3/21 10:34,你的视频我喜欢放大看,0
2025/3/21 10:34,无语,0
2025/3/21 10:34,粉景甜，她真的听劝，也听得懂好赖话,0
2025/3/21 10:34,这有啥尴尬的,0
2025/3/21 10:35,现在只剩三个了,0
2025/3/21 10:35,我一个男的不追星看她的剧还挺好看的[捂脸]不知道你们这追星的人天天攻击来攻击去有意思吗？[尬笑]诋毁的话乱说，以后迟早遭报应,1
2025/3/21 10:35,@冰冷苏少 [泪奔],0
2025/3/21 10:35,现在妆容不好看，以前一看就是明星,1
2025/3/21 10:35,现在状态太差了，但是又急于复工，为什么都这样了还不让自己停下来，越这样不是越让人关注到她吗，也更容易伤害到自己,1
2025/3/21 10:35,管这样的东西叫粉丝?,1
2025/3/21 10:36,现在人人都干嘛了怎么都出口伤人呢！她可没有骂谁啊！,1
2025/3/21 10:36,@＾橹一口恒恒酱！ @祁． @-Z??? @?小荷月,0
2025/3/21 10:36,这也能被称为粉丝吗[捂脸]这不是黑子吗？骂别人还能当别人粉丝[捂脸],1
2025/3/21 10:36,真服了，她做错了什么，可悲的是黑她的都是女性。,1
2025/3/21 10:36,人心啊,0
2025/3/21 10:36,抑郁症真的很无奈,0
2025/3/21 10:36,说的太对了，我也是这个想法，我感觉很多表面哦好娱乐圈是看不出来的，有可能你在经历大事下来，你看清了许多东西，许多人！,0
2025/3/21 10:37,又恨她又想吃她的流量,1
2025/3/21 10:37,我感觉她只是想好好做自己而已，从零开始,0
2025/3/21 10:37,能伤害她的人，能有多爱她，她不欠任何人，她就是她自己！,0
2025/3/21 10:37,她真是一天不上热搜 就着急   咋那么爱博人眼球呢,1
2025/3/21 10:37,正解,0
2025/3/21 10:38,太好啦 太刚啦 露思学会反抗啦[猪头],0
2025/3/21 10:38,他这性格不适合呆在娱乐圈，身体也不好，退圈吧[捂脸],1
2025/3/21 10:38,就是普通人来说，表面上跟你交好，背地里骂你的人多的是,1
2025/3/21 10:38,抵制开盒,1
2025/3/21 10:38,又不知是谁又不知有什么作品整天推,1
2025/3/21 10:39,被明星种草了富锌牛脾肽，真挺管用的,0
2025/3/21 10:39,可能是她有自己什么难处吧才请不到自己满意的化妆师。,0
2025/3/21 10:39,好好做自己就好了，干嘛要这么在意这么多，不然会很累的@赵露思,0
2025/3/21 10:39,男得不能牵手。洋人可以搂腰,1
2025/3/21 10:39,？？？重点是发短信吧，这都不是粉丝了，是私生了,1
2025/3/21 10:39,我就是个废物。咋了,1
2025/3/21 10:40,最反对她自己化妆的是她粉丝，开盒她骂她的也是她粉丝，这整得跟全世界都欺负她对不起她一样[宕机],1
2025/3/21 10:40,人来人往皆为利[流泪][捂脸][暗中观察][发怒][感谢][泪奔][泣不成声][看],1
2025/3/21 10:40,自己账号还不能取关了吗？,0
2025/3/21 10:40,[哈欠]难道只剩我一人了[震惊],0
2025/3/21 10:40,粉丝解读[捂脸],0
2025/3/21 10:40,好好的照顾自己 其他的再说吧[流泪],0
2025/3/21 10:40,@慎人之危 @真真 @QuQ @最冷一天 黑粉说的对,1
2025/3/21 10:40,这不起诉？,1
2025/3/21 10:40,支持赵露思化妆自由！！抵制开盒行为！！！,0
2025/3/21 10:40,有些人就是坏种,1
2025/3/21 10:41,她好像那个疯爽[泣不成声],1
2025/3/21 10:41,为什么会对一个女生有这么大的恶意。[流泪],1
2025/3/21 10:41,搞不懂有些人，人家赚粉丝钱就要活成粉丝想要的样子？她想化成啥样就啥样，不喜欢可以不粉！是要把人逼死了才满意吗～,1
2025/3/21 10:41,挺努力的姑娘   我虽不是她的粉   我觉得她挺好的,0
2025/3/21 10:41,关我屁事[发呆]  受再多的伤也是她自己愿意的。明明可以报警非要占用公共资源。,1
2025/3/21 10:41,"赵露思真是火了  ，这两天都被霸屏了[赞]
就这么一件事微博空降第一  都这么关注露思啊[灵机一动][灵机一动]",0
2025/3/21 10:41,@,0
2025/3/21 10:41,为什么这些人的嘴就这么不积德呢……,1
2025/3/21 10:42,明星不就是靠粉丝吃饭吗[发呆]粉丝提意见不听那人家回踩也正常吧,1
2025/3/21 10:42,得了一场病，看透了一些人，也明白了一些事,0
2025/3/21 10:42,回家吧，反正钱也赚够了[猪头],1
2025/3/21 10:42,搞不懂，杂志和走秀好多都是夸张的妆容，有什么问题么？她自己化妆技术比不上专业，但已经很厉害了！卸了妆也好看，清秀可爱！总比有的人一直活在浓妆艳抹+滤镜下好！,0
2025/3/21 10:42,就是,0
2025/3/21 10:42,露思真的整容了，没得以前自然了，绝对的，,1
2025/3/21 10:42,她有的时候妆确实不是很好看 可是她的剧很多我的觉得挺好看的呀，以前的妆也蛮好看的[黑脸][黑脸]为啥这么多黑粉,0
2025/3/21 10:42,敢公布粉丝恶评，敢不敢公布银行卡余额[猪头][猪头],1
2025/3/21 10:42,人的恶意怎么能这么大，说出这么伤人的话。,1
2025/3/21 10:42,人经历一次大病，真的会看透很多人,0
2025/3/21 10:42,好的，你想化就化完全没意见[呲牙],0
2025/3/21 10:42,换句话说 粉丝跟正主就是一家人 我们吃瓜人看看就好了 结束之后粉丝依旧会爱着他的正主 而正主压根离不开粉丝 但以目前的娱乐圈来看 真的其实好多名气大了 都有种看不起人 很骄傲很浮躁的感觉,0
2025/3/21 10:42,有的人想太多了吧。肯定是杂志那边的人同意了的啊。怪不得有些人不希望她自己化妆，毕竟有几个女星自己化妆就能接到时尚杂志的邀请拍摄,1
2025/3/21 10:43,搞不懂，德不配位,1
2025/3/21 10:43,纯路人 她化的妆确实不好看 但是我觉得嗯，只是粉丝你不喜欢他，可以不粉 没有必要强迫她改 其次 zls确实应该多听听粉丝的意见,0
2025/3/21 10:43,我勒个豆，普通人别盲目跟风，股票别碰，都是资本在后代引导和炒作，别看 别关注[比心][比心][比心][比心],0
2025/3/21 10:43,@LiLi酱,0
2025/3/21 10:43,她太在意了，希望开心点儿吧，做自己赚钱就好了,0
2025/3/21 10:43,她的画的挺酷的。做好自己就行了。加油露思,0
2025/3/21 10:43,最近在红薯吃瓜，是谁家粉丝一目了然，一群乌合之众[尬笑],1
2025/3/21 10:43,同款发色，喜欢什么就做什么。没有人能赢的所有人的喜欢。,0
2025/3/21 10:43,赵露思怎么了？,0
2025/3/21 10:43,宝贝化的好看爱看,0
2025/3/21 10:43,但是这个妆真的不好看啊,0
2025/3/21 10:43,她是谁？,0
2025/3/21 10:43,本来挺好看的，为什么非得整整呢,0
2025/3/21 10:43,这不是重点！！被伪装的黑粉开合和网络暴力才是重点！！！互联网不是法外之地，抵制开盒??还互联网健康环境??拒绝任何人肉开盒行为??抵制网络暴力行为?虞书欣带头网暴#喜塔腊容音#道歉了吗？人性需要约束，法治必须成为清朗网络空间的核心力量，为无底线“开盒”上锁！！,1
2025/3/21 10:43,哪里没有正能量 做了10年公益 救助无数流浪动物,0
2025/3/21 10:44,真的好看吗[宕机],1
2025/3/21 10:44,其实还得要自己心态好，黑就让他们黑，反正费的是他们的精力和时间，,0
2025/3/21 10:44,心理承受能力太差了也不适合干明星这一行,1
2025/3/21 10:44,学会内心强大不要在乎黑粉言论[黑脸][黑脸]黑粉是勾史,1
2025/3/21 10:44,她这天天的闹哪样啊！烦不烦啊！,1
2025/3/21 10:44,黑料硬是找不出一点，很好的女孩,0
2025/3/21 10:44,勇敢做自己[赞],0
2025/3/21 10:44,人家只是比较真实,0
2025/3/21 10:45,"有些人就是嫉妒，拿起键盘以为自己站在道德最高点，觉得自己至高无上，其实连个人都不会做。
所以想怎么化妆就怎么化，喜欢拍戏就拍，不要去在意那些喷子，黑粉，做自己就好。
那些喷子黑粉，只能说，替你挡一切病痛折磨。",1
2025/3/21 10:45,这么好看的小姐姐，竟然有人说丑，真的不理解，现在的人，自己长得多漂亮，怎么没本事当明星，内心真丑,1
2025/3/21 10:45,青菜萝卜各有所爱，有人喜欢这样的妆容，也有人不喜欢,0
2025/3/21 10:45,又来了,1
2025/3/21 10:45,@????????^ @圆圆～,0
2025/3/21 10:45,就这么一个女的 真恶心人 你生病了和我们有啥关系 各种报道,1
2025/3/21 10:45,粉丝行为正主买单，不管她多么好，底下人有问题就会安她头上了,1
2025/3/21 10:45,get不到他的美 [捂脸],0
2025/3/21 10:45,这是有什么深仇大恨吗？[捂脸][捂脸]每个人的生活都很不易，多一点善意,0
2025/3/21 10:45,不喜欢,1
2025/3/21 10:45,好消息：没取关我 坏消息：没关注过我,0
2025/3/21 10:45,[泪奔][泪奔][泪奔]还没结束？刚觉得热度下去了，现在是在加热度么[看][看][看],0
2025/3/21 10:45,她一定会越来越好的[泣不成声],0
2025/3/21 10:45,我就说这个圈子的人有点东西[捂脸][OK],1
2025/3/21 10:45,作为路人，客观来说明星本来就是受资本和流量裹挟的，想完全做自己基本不可能，还是希望她能找个平衡点吧,0
2025/3/21 10:45,……………为啥你要把视频调成这样？你有钱拿吗？可以带我吗？,1
2025/3/21 10:45,实在不行退圈吧,1
2025/3/21 10:46,对啊天天在那里宣扬什么呢,1
2025/3/21 10:46,猜你们想看??的五年五爆,0
2025/3/21 10:46,爱取不取，关我吊事，一天天给我推她干啥，屏蔽多少次了，一直推给我，有毛病吧？本来对她还有点好感，天天营销，没点毛病干不出这事儿。营销号，拉黑了,1
2025/3/21 10:46,就化[色],1
2025/3/21 10:46,求安心修养教程 别在营销了[黑脸],1
2025/3/21 10:46,自己化妆也好，取关也好，相信露思都是有自己的考量，妨不着你，也碍不到我的，何必费心猜测,0
2025/3/21 10:46,上一个情绪不太好的还是爽子，不过只要不违法乱纪，情绪不太好就不太好呗，身体最重要。,0
2025/3/21 10:46,@Ditto 话糙理不糙,0
2025/3/21 10:46,虽然我不是赵的粉丝，虽然我不喜欢她，但是也没必要这样伤害人家吧,0
2025/3/21 10:46,一次花错妆 一生被人骂[憨笑],1
2025/3/21 10:46,真的没见过这么玻璃心的艺人,1
2025/3/21 10:46,做明星需要有强心理,0
2025/3/21 10:47,笑死 不需要网红剧宣了呗[憨笑],0
2025/3/21 10:47,一次花错妆 一生被人骂[憨笑],1
2025/3/21 10:47,重点在被开盒了朋友们,1
2025/3/21 10:47,不喜欢她，但是也不会评论什么，祝好,0
2025/3/21 10:47,[爱心][爱心][爱心][爱心][爱心]愿露丝好好的,0
2025/3/21 10:47,@LikH 太过分了吧,1
2025/3/21 10:47,不要为了上热搜，这个事一直拿来说，对她本人也不好吧,0
2025/3/21 10:47,我去 黑粉是什么心态？嫉妒吗？不喜欢就不看，有必要这么骂别人吗？搞得像很熟一样[翻白眼],1
2025/3/21 10:47,她是不是惹到不能惹的人了,1
2025/3/21 10:47,别演了,1
2025/3/21 10:47,谁不被黑啊，普通人都被说闲话更何况公众人物，心态不行[捂脸]最有效的办法是不看这些[笑哭],0
2025/3/21 10:48,视频开了锐化 大家难道看不出来嘛[黑脸],0
2025/3/21 10:48,好多黑粉都是些小女生，说话不知道为什么能那么脏，而且动不动就问候全家[捂脸],1
2025/3/21 10:48,不断的突破自己强大自己，让那些狗去喷吧,1
2025/3/21 10:48,骂回去呗！！这种根本不是粉丝...粉丝不会这样骂idol,1
2025/3/21 10:48,黑粉儿是见不得人家好,1
2025/3/21 10:48,但是为啥明明骂声一片也不改，靠粉丝但折磨粉丝还妄想粉丝无条件支持，，真心建议内心不够强大不要固执走这条路,1
2025/3/21 10:48,别说粉丝[发怒][发怒][发怒]入赘,1
2025/3/21 10:48,这是真粉丝,0
2025/3/21 10:48,能说出这样话的人，一听都是些媚男种,1
2025/3/21 10:48,感觉粉丝挺闲的  赵路丝也挺闲的  无聊 好好过自己日子不好吗,1
2025/3/21 10:48,别对女孩子恶意这么大 所有人都会有脆弱的时候[冷漠]不过如果从观众角度来看 露丝或许真的不适合明星这条路 [泣不成声],0
2025/3/21 10:48,[再见]不是粉丝是黑粉[再见],1
2025/3/21 10:48,一次花错妆 一生被人骂[憨笑],1
2025/3/21 10:48,@miuwiu,0
2025/3/21 10:48,真话伤人,1
2025/3/21 10:48,她怎么这么多事,1
2025/3/21 10:48,可是之前的她也被骂很惨啊，她换了可为什么又说之前好,1
2025/3/21 10:48,迷惑行为,0
2025/3/21 10:49,实话,0
2025/3/21 10:49,不适合娱乐圈，越红越有黑粉，不想有黑粉就不要红，没有人可以做到每个人都喜欢，做明星不能玻璃心，内心必须强大,0
2025/3/21 10:49,大哥觉得对那绝对是对的,0
2025/3/21 10:49,这些粉丝也太把自己当回事了,1
2025/3/21 10:49,网暴真的害人，你不喜欢你别看不得了！谁求着你看了！再看扣眼！,1
2025/3/21 10:49,明星也是人，不一定每个人的承受能力都强。看不顺眼就去看自己喜欢的就好，没必要互相伤害，和谐社会。,0
2025/3/21 10:49,不喜欢不看不就好了，还要私信攻击，是有多无聊,1
2025/3/21 10:49,明星也是人，有人天天当主持公道的人，以为自己是救世主呢？？？拯救粉丝。看不懂,1
2025/3/21 10:49,人家取关是人家自由呗，问什么问。每个人都有一段难熬的时候，非??找个理由吗？还有只要你是个人就不要随便骂人了好吧？,0
2025/3/21 10:49,是怎么苦难的童年才能造就这么恶毒的言语,1
2025/3/21 10:49,为什么要骂他啊,0
2025/3/21 10:49,你管人家化不化妆呢,1
2025/3/21 10:49,支持赵露思化妆自由！！抵制开盒行为！！！,0
2025/3/21 10:49,一次花错妆 一生被人骂[憨笑],1
2025/3/21 10:49,个人觉得应该退圈 好好养一下身体 逃离演艺圈那种环境 [蜜蜂狗] 健康大于一切,0
2025/3/21 10:49,@9.27,0
2025/3/21 10:49,说实话她这样的性格不适合做这一行，如果要把自己曝光在公众面前，就得把刘晓庆学起来啊！！做不到，学会退出也是对自己的保护[捂脸],1
2025/3/21 10:50,有的人就是吃饱了撑着，人家爱咋化妆就咋化，人家爱穿啥衣服就穿啥衣服，关你什么事？搞得像你自己就很好就很优秀一样……….,1
2025/3/21 10:50,对于不正面的故意打击可以报警，来一个报一个,1
2025/3/21 10:50,想知道陈芊芊剧里是她自己画的吗？很喜欢陈芊芊，也许不完美但印象深刻。,0
2025/3/21 10:50,别给推了[尬笑],0
2025/3/21 10:50,[玫瑰][玫瑰][玫瑰][玫瑰][玫瑰],0
2025/3/21 10:50,为什么要这样，不喜欢，少关注就行了，为什么要人身攻击。啊啊啊啊啊啊啊啊啊，希望网络上这样的黑粉从少到零。[感谢],0
2025/3/21 10:50,事可真多,0
2025/3/21 10:50,赵露思早就该公开那些谩骂的评价了，不光赵露思要公开，那些被追着骂的女明星也要。,1
2025/3/21 10:50,竟然有人知道zls手机号然后还去骂[发呆][发呆],1
2025/3/21 10:50,准备解约中吧,0
2025/3/21 10:50,赵露思实惨，总是被别人买黑热搜，还要倒打一耙骂她占用社会资源， 在她生病的时候某些人及其粉丝都不放过，还要诅咒她,1
2025/3/21 10:51,这还是粉丝啊？？？？,1
2025/3/21 10:51,[尬笑]为什么生病了还带着摄像头一直记录,1
2025/3/21 10:51,博主，我也想知道喜塔腊容音的事[比心][比心]可以讲讲吗,0
2025/3/21 10:51,我关注了将近一千七百个号，为什么没人问问为什么[捂脸],0
2025/3/21 10:51,好像谁也不欠谁吧[呆无辜]，她凭啥欠粉丝的呀[呆无辜],0
2025/3/21 10:51,喜欢赵露思 别受害者有罪论什么因为她是明星就应该怎么怎么样 网暴本身就是不对的！！,0
2025/3/21 10:51,不是一月份的事情了吗？有必要吗？,0
2025/3/21 10:51,重点是化妆吗[憨笑]重点是开合啊[憨笑]公众人物都会被这么轻易的开合那我们普通人怎么维权啊[憨笑]抵制开合,0
2025/3/21 10:51,所以这是都遗忘那个素人了吗[黑脸],1
2025/3/21 10:51,赵露思真承受不了就退圈，别在娱乐圈挣钱。,1
2025/3/21 10:51,我也想把所有人都取关[我想静静],1
2025/3/21 10:51,过自己的日子,0
2025/3/21 10:51,这么大的事情，联合国怎么说，怎么说？,0
2025/3/21 10:51,骂她的人好恶毒,0
2025/3/21 10:51,比事多,1
2025/3/21 10:51,人家拍场戏比你一辈子打工挣的钱还多，你还可怜上人家了[黑脸],1
2025/3/21 10:51,我一直搞不懂，这么严重的心理疾病一个月就能像正常人一样，这是装都装不出来吧,1
2025/3/21 10:51,你适合，你去吧,0
2025/3/21 10:51,服了 路人 本来有点好感 现在已经到烦的程度了什么**行为,1
2025/3/21 10:51,露思一个取关yxh 集体活了，那么#喜塔腊容音# 的话题怎么没有一个yxh 敢发，这么见人下菜吗,1
2025/3/21 10:52,好多人真的好坏好坏。,1
2025/3/21 10:52,又是他啊，能不能不要买热搜了，看得人难受，天天推烦死了都要[尬笑][尬笑][尬笑][尬笑],1
2025/3/21 10:52,这就是我不出道的原因,0
2025/3/21 10:52,"那是嫉妒，嫉妒你的美，嫉妒你和她们的男神拍剧，接吻[捂脸]
人生满共3万天，何必在乎他（她）人的议论，爱说啥说啥去，欣赏你的人会坚定的选择你[玫瑰]加油",0
2025/3/21 10:52,看这条视频想起以前那个和凤凰传奇一起唱歌时的造型了,0
2025/3/21 10:52,我15后女儿很喜欢赵露思,0
2025/3/21 10:52,压力大就退圈吧，又同情上了,1
2025/3/21 10:52,做自己开心就好，不要像以前一样什么事憋心里自己抗把自己自愈了，害了自己,0
2025/3/21 10:52,爱化报个班吧系统学习一下，昨天出来的妆面怪怪的[尬笑],1
2025/3/21 10:52,管不了别人只能约束自己，作为路人或粉丝或从做人的角度讲，不要给任何人恶评，这也是一种善良。,0
2025/3/21 10:52,到底为什么要对一个女生恶意这么大啊[流泪][流泪][流泪][流泪][流泪][流泪],0
2025/3/21 10:52,哪来那么多戏的[尬笑],1
2025/3/21 10:52,抑郁症，病慢慢变好的情况下，就是敢怼，不内耗，敢于直面所有不好的情绪和人！,0
2025/3/21 10:52,取关就取关呗，这有啥可讨论的,0
2025/3/21 10:52,她心理素质真的变好了,0
2025/3/21 10:53,首先这不是粉丝[舔屏] 其次抵制开合行为谢谢！,1
2025/3/21 10:53,就是作为公众人物，你的任何表情任何妆好不好看都要被群众评价，哎真的很烦，如果不喜欢就不要看不就得了[疑问]，非要这么恶意去伤她们,1
2025/3/21 10:53,别说明星了，就算一个平常人都会有人讨厌她有人喜欢她，正常的,0
2025/3/21 10:53,不喜欢也不要诋毁,1
2025/3/21 10:53,爽子第二,1
2025/3/21 10:53,一次花错妆 一生被人骂[憨笑],1
2025/3/21 10:53,为什么一下子这么多人跳出来喷她,1
2025/3/21 10:53,她淡妆真的好看[微笑][微笑][微笑],0
2025/3/21 10:53,没有人是非要接受什么的 人家挣钱多 你就仇富你就眼红 认为人家活该吗,1
2025/3/21 10:53,生病还要录视频记录，真敬业啊,1
2025/3/21 10:53,为什么对一个女孩子恶意这么大，她也没做什么伤天害理的事情，不理解网上为啥总有人黑她[尬笑][尬笑],0
2025/3/21 10:53,书上说，母体会遗忘生孩子的痛，你们都忘了吗,0
2025/3/21 10:53,哪个明星没有被骂过实在不行退出吧要不然又抑郁症了,1
2025/3/21 10:53,我第一个联想到鞠婧祎，这姐内核真稳,0
2025/3/21 10:54,这操作越来越迷了[躺平]本来之前他有部剧我挺喜欢的，这搞得天天这事那事的，就她被黑粉骂过吗这是？普通人发个抖音发个评论都会被骂的年代，更别说她哐哐一天赚多少钱，吃什么饭拿什么碗，属实说一点好感都没了,1
2025/3/21 10:54,唉…说了又不爱听 又刚生完病 纯折磨。 这种感觉好像你在跟人讲道理 那个人把yyz的确诊单子摆在你面前让你说不出来的无力感。,0
2025/3/21 10:54,别营销了[尬笑],1
2025/3/21 10:54,自己化的妆真的……,0
2025/3/21 10:54,每个人的审美不一样，可以不喜欢，但请不要出口伤人，人家也不认识你，何必这样，有这个时间不如多出去做些好事,0
2025/3/21 10:54,[吐][吐][吐][吐][吐][吐],1
2025/3/21 10:54,为什么要如此针对一个女孩[真的会谢],0
2025/3/21 10:54,谁又在模糊重点？重点是明星也被开盒 互联网从不是法外之地 坚决抵制开盒行为！,0
2025/3/21 10:54,因为是公众人物记录一下抗病的过程给同样正在经历这些的人给予鼓励和力量，这很难懂吗[憨笑]？还是说你们是出生的时候把大脑扔茅坑了[憨笑][憨笑][憨笑],1
2025/3/21 10:54,抑郁症不是这样的,0
2025/3/21 10:54,发短信的是粉丝，一开始冲工作室的是粉丝，一开始冲珠帘玉幕不让演的是粉丝，路人也就看个笑话，现在粉丝说路人网暴，好大的笑话 ,1
2025/3/21 10:54,太适合当艺人了，艺人不就是需要有这种流量体，才能喂饱那些赖以生存的营销号么。没有赵露思他们怎么吃饭啊。她就是正能量积极开朗的形象，才能带给很多人开心和温暖。人家说谢谢，跟谁计较啥了？说谢谢不是引导大众礼貌么？我因为她变得更好了，跟一些不理智的人说话锻炼脑子,0
2025/3/21 10:54,没事我们不会直接顺着网线???爆十八岁小姑娘#喜塔腊容音#,1
2025/3/21 10:54,赵露思实惨，总是被别人买黑热搜，还要倒打一耙骂她占用社会资源， 在她生病的时候某些人及其粉丝都不放过，还要诅咒她,1
2025/3/21 10:55,很不理解！可以不喜欢，为什么骂人家呢！,0
2025/3/21 10:55,说真的淡妆好看,0
2025/3/21 10:55,作为个人，你要有素质，不喜欢可以不看，但是别谩骂别攻击！否则枉为个人！,0
2025/3/21 10:55,嘴巴还是以前好看,0
2025/3/21 10:55,谁能做到所有人都喜欢呀！因为别人伤害自己最不值得！我也不太懂这些人，我也不喜欢赵，但是嘴巴闭起来不好吗？她又没做恶，剧不好看，你就别看！不喜欢就走，说那么恶毒的话小心报应自己的身上[灵机一动],1
2025/3/21 10:55,那些是真粉丝吗，我一个路人，也没觉得丑，露丝很漂亮,0
2025/3/21 10:55,我现在就是爱谁谁 自己开心就好[呲牙],0
2025/3/21 10:55,"可能我岁数大了真理解不了，明星虽然是公众人物，但也是独立的个人，可以喜欢也可以不喜欢，但是不喜欢，不满意就要去人身攻击她吗？夸赞的话可以脱口而出，诋毁的话真的三思而后行。
人很强大也很脆弱，也许在你不经意间就成了压倒别人的最后一根稻草。善良一些",0
2025/3/21 10:55,好癫啊，谁都有黑粉啊，这两年你怎么回事[不你不想],1
2025/3/21 10:55,赵露思之前挺好看的，可可爱爱的，消失了一段时间后整个人都很僵硬消瘦了好多，脸也没有之前好看。,1
2025/3/21 10:55,可是明星不都是有黑粉的嘛，得到了什么就要付出什么嘛，总有人会不喜欢你，娱乐圈不都是这样的啊，不要理就好[感谢][感谢][感谢][感谢],1
2025/3/21 10:55,好是好就是演技不行适合做网红,1
2025/3/21 10:55,感觉以前更阳光通透，现在不好看了,1
2025/3/21 10:55,评论区有人又装上了[微笑],1
2025/3/21 10:55,不理解   为什么会有人说那么难听的话去攻击一个跟他原本毫无关联的人   不喜欢不关注不就好了   [笑哭][笑哭],0
2025/3/21 10:55,非粉啊！上次看见她生病住院那件事还挺那啥的，只想说对别人多点宽容吧！不要随便就去骂别人什么的[真的会谢],0
2025/3/21 10:55,抑郁症的最好办法就是享受缺德人生，不高兴谁就怼谁，老娘一点委屈都受不了,1
2025/3/21 10:55,粉丝好惨@律厨也是人重做溯洄（演绎之星请投莱利） [捂脸],0
2025/3/21 10:55,她为什么不可以做自己[冷漠]这不是粉丝，这是敌人吧,1
2025/3/21 10:55,她越来越放飞自我了,0
2025/3/21 10:55,明星果然是懂流量的,0
2025/3/21 10:55,对她好一点吧,0
2025/3/21 10:56,我怎么感觉有种唱双簧的感觉,1
2025/3/21 10:56,做人留一线，网络上不露面，口不择言的人，要积口德……她也是家里人怀里的宝贝来着，努力的生活，并没有过错，我不是铁粉，但赵露思挺好的，是个坚强的一个女孩子……,0
2025/3/21 10:56,@柠西,0
2025/3/21 10:56,他们自己非要去当人家的粉丝，有毛病！理解不了那些追着明星跑的人，又是拍照又是花钱送礼物的，有啥用，该干嘛干嘛去得了！[捂脸],1
2025/3/21 10:56,有些人嘴上积德吧,1
2025/3/21 10:56,赵露思真的不要自己化妆了,1
2025/3/21 10:56,关心这些人干嘛，关心关心自己吧,1
2025/3/21 10:56,谁是赵露思，是那个一周就治愈抑郁症的那个吗,1
2025/3/21 10:56,这是在哪个软件发的,0
2025/3/21 10:56,露丝就不要管那些黑子，杨幂赵丽颖都是这么被黑过来的，一定要强大，才能熬出头,1
2025/3/21 10:56,赵露思本来五官长得大大的 减肥加上医美肯定挺好看的 但不知道为什么现实总给我一种网红精致风[黑脸]没有给人一种一看就是大明星那种的感觉[黑脸]不知道有没有人懂[流泪][流泪][流泪]看过她的陈芊芊和一半的桑稚高感觉和剧相差有点大（自我看法 骂我替我挡灾）,1
2025/3/21 10:56,放宽心，就连天仙都有黑粉[看],0
2025/3/21 10:56,妹妹早点康复，希望你不会被身边的小人害了。,0
2025/3/21 10:56,没办法。这几个月又没剧播。又没啥活动的。总要想想办法上上热搜哪。怕大家遗忘了她,1
2025/3/21 10:57,个人觉得她承受能力太差了 做明星就是要接受别的不喜欢 恶评 还有别人的喜欢 那么多明星被黑的比她多 也没有得抑郁症 如果知道自己的承受能力差 可以不做明星 做了明星 享受了明星的待遇和好处 赚了别人一辈子赚不了的钱 就要接受 新剧播的时候一直摇人 现在生病了快好了就取关 这种人真的特别特别让人讨厌 我个人以前是非常喜欢她的 现在不了,1
2025/3/21 10:57,别给我推了,0
2025/3/21 10:57,从小我的家庭就告诉我要当一个善良的人 哪怕无法理解的事也要学会尊重,0
2025/3/21 10:57,有些人就是这样的，见不到比他好的哪怕人家没做错什么还是会想方设法诋毁人家[尬笑],1
2025/3/21 10:57,只是觉得她这样会很累，普通人都知道：工作是工作，自己是自己。她顶着这么亮的光环，却要在工作中做自己……希望她能好好的吧,0
2025/3/21 10:57,大部分明星应该都遭受过黑粉的谩骂,0
2025/3/21 10:57,[绝望的凝视][绝望的凝视][绝望的凝视]管我们什么事这能热搜,1
2025/3/21 10:57,她为什么会有黑粉，黑粉黑她目的是啥？无冤无仇为什么存在黑粉这个团体[捂脸]人啊要善良,0
2025/3/21 10:57,她跟谁计较了呢不是你们跟她计较吗？她一直都是正能量，勇敢做自己，她一直在做公益，小谢的事情除了她又有谁帮了呢？她作品也很好不看就来评价是否太针对她了呢？说她没有带领粉丝成为更好的人是根本就不了解她全部听黑粉的吧,1
2025/3/21 10:58,博主，我也想知道喜塔腊容音的事[比心][比心]可以讲讲吗,0
2025/3/21 10:58,最可怕是微博广场为了嘲讽她竟然合理化这种开盒事件，今天赵露思呗开盒明天流有可能轮到别人，我不理解为啥因为恨她而连是非对错都没有了判断,1
2025/3/21 10:58,又开始了,1
2025/3/21 10:58,感觉给我们看到的不一定就是真实的,0
2025/3/21 10:58,她不是抑郁症[九转大肠]，她是癔症，知乎小红书一堆证据你们可以去看看[憨笑]，不理解为什么要假装抑郁[听歌],1
2025/3/21 10:58,真的不要再营销抑郁症这个病了！真正的抑郁症患者是真的很痛苦好吗？有点底线吧[酷拽],1
2025/3/21 10:58,。。[我想静静],0
2025/3/21 10:58,但是这是短信啊 真的是粉丝不是私生吗[黑脸],1
2025/3/21 10:58,问题你是很美啊，干嘛那么在意别人骂你呢？,1
2025/3/21 10:58,来跟我干美团外卖吧，没啥要求，还不抑郁,0
2025/3/21 10:58,怎么什么人都有人黑，说他不好，这个世界怎么了，说别人的那些人是什么心理[流泪],0
2025/3/21 10:58,和我有什么关系 我也不想刷到 自己都顾不过来,0
2025/3/21 10:58,真心不理解网暴别人的都是什么人[捂脸]过好自己的不行吗，别人怎么样那是别人的事。就隔着屏幕打打字，是什么特别有意思的事吗,0
2025/3/21 10:58,有哪个明星没有黑粉的？！感觉都有！骂了那个就骂了那个,1
2025/3/21 10:58,怎么说呢 别太在意这些 虽然换谁都不好受 但是我突然更心疼杨幂了[流泪],0
2025/3/21 10:58,为什要说这些恶毒的，,1
2025/3/21 10:58,@4ever_,0
2025/3/21 10:58,没必要这么攻击吧，这些人心是真的黑，太可怕了,1
2025/3/21 10:58,是你们太在意她了她取关一下你们就咬上来了,1
2025/3/21 10:58,上一个被说真实的是lmd,1
2025/3/21 10:59,真是不懂是有多大的仇恨，骂的那么难听，不会是专业的吧！所有的黑粉不会都是同一批人吧[撇嘴][撇嘴],1
2025/3/21 10:59,这届网友日子看来过得都不行,1
2025/3/21 10:59,博主，我也想知道喜塔腊容音的事[比心][比心]可以讲讲吗,0
2025/3/21 10:59,一次花错妆 一生被人骂[憨笑],1
2025/3/21 10:59,我喜欢赵露思，永远喜欢[玫瑰]喜欢干净纯粹的你[爱心][爱心][爱心],0
2025/3/21 10:59,@天真是罪,1
2025/3/21 10:59,赵露思的发声并不肤浅！她作为艺人都能被简单开盒，更何况身处在网络暴/力中的普通人们。借此呼吁：停止和严惩开盒行为以及网络暴/力，还给大家网络健康生态，必须重视平台信息安全！,0
2025/3/21 10:59,确实越化越离谱了,1
2025/3/21 10:59,都不知道这些人怎么想的，说人家是废物。自己骂人就很牛吗，奇葩,1
2025/3/21 10:59,人红是非多,0
2025/3/21 10:59,都说是为了转型才更换风格，可是如果跳出舒适圈后发现那条路并不适合自己，应该保守退回，稳定后再去尝试更多可能，许多明星在转型路上都受到过并不尽如人意的评价，应该参考借鉴，而不是一意孤行让自己受伤，最后舒适圈也不舒适了,0
2025/3/21 10:59,@@睡醒道早安,0
2025/3/21 10:59,明明画的很好,0
2025/3/21 10:59,还以为微博这类平台的私信什么的，结果这是手机短信啊[宕机]这就已经很吓人了，何况公布是这一个，没公布的发到短信的肯定也多了,0
2025/3/21 10:59,不明白那些黑子要干什么？,1
2025/3/21 10:59,一天天戏很多，难怪粉丝也不正常到处发疯,1
2025/3/21 10:59,妈呀，就一个关注而已！！！！哪来的利用和不利用，你们这些网友真是显得呀，唉……,1
2025/3/21 11:00,把赵露思拉出来挡枪的？,1
2025/3/21 11:00,不是很久直接就取关了吗又不是突然取关的 这也能上热搜？[黑脸],1
2025/3/21 11:00,骂人家干什么，她是刨它们祖坟了，还是做对不起们的事了,1
2025/3/21 11:00,做个善良的人不好吗，网络暴力还想弄死多少人啊，露思就是一个很善良很美好的人，能不能不要对美女那么大的恶意[酷拽][酷拽][酷拽][酷拽][酷拽][酷拽][酷拽]，嘴里积点德吧！,1
2025/3/21 11:00,善语结善缘,0
2025/3/21 11:00,做自己啊，没有伤害任何人，还要被网络喷子骂，还拿生病骂人，骂的人才是真有病，得治[尬笑][尬笑]明星可以评论，但没有谁可以随意辱骂别人，还有理了，有的装路人，路人可没那么闲去天天骂一个与自己无交集的人[晕],1
2025/3/21 11:00,恶言伤人心,1
2025/3/21 11:00,可以不喜欢她的人设不喜欢她的剧，但是不该人身攻击…,0
2025/3/21 11:00,这姐妹鬼迷日眼的点子不少,1
2025/3/21 11:00,一直没想明白，取了就取了呀，这有什么好说人家的，现在的wb不像以前，明星都很少在wb上互动的吧，大部分都是为自己新剧宣传或者各种商务活动，而且大部分时间也不是本人在运营啊。和朋友们私下保持着联系不就好了吗，非要逮着这个说她做什么？,0
2025/3/21 11:00,可以不喜欢，但别出言伤人,0
2025/3/21 11:00,[赞][赞],0
2025/3/21 11:00,真会买热搜作秀[捂脸][捂脸],1
2025/3/21 11:00,抑郁症很痛苦的，慢慢自救,0
2025/3/21 11:00,喜塔腊容音,0
2025/3/21 11:00,一次花错妆 一生被人骂[憨笑],1
2025/3/21 11:01,露思别怕，你有无限可能，大家都是女孩子，自己强大坚持住，比什么都强！,0
2025/3/21 11:01,@当归啊 老子一辈子恨死这个人[调皮][调皮][调皮],1
2025/3/21 11:01,不敢评论微博 不然要遭残[捂脸],1
2025/3/21 11:01,有些人素质就是很低啊[泪奔]没办法,1
2025/3/21 11:01,赶紧退圈养病吧,1
2025/3/21 11:01,好奇怪，她到底做错了什么，为什么一直有人黑她骂她,0
2025/3/21 11:01,喜塔腊容音,0
2025/3/21 11:01,真搞不懂，有什么好哭的，做自己是一件特别开心的事情才对，天天因为这个说你你就哭那个说你你就哭，你不累谁累？,1
2025/3/21 11:01,好吓人的人说话这么恶毒,1
2025/3/21 11:01,赶紧退圈吧,1
2025/3/21 11:01,养??了,0
2025/3/21 11:01,反正我是不会心疼二五八万的，要么退圈养病，要么只能面对，那么多被黑的明星哪个不是靠心理强大挺过来的？这段时间看她的热搜说实话真看烦了，没有哪个能像zls一样热搜这么频繁，且一点小事都要挂，路人缘是一点点败光的好吧？还有，妆容就是丑，就是不好看，不允许说吗？（当然，过激辱骂性言论我不支持）,1
2025/3/21 11:01,不是粉丝，但我也不喜欢他的剧，容易出戏,0
2025/3/21 11:01,每天都推他抖音能不能知道我不喜欢她不要每天退这个人可以吗,1
2025/3/21 11:01,可以讲喜塔腊荣音事件吗？[憨笑],0
2025/3/21 11:02,许多人就是这样把一些恶意强加给别人，就像那部电视剧《我们与恶的距离》,0
2025/3/21 11:02,怎么感觉那些人想逼死她一样，为什么对一个人那么大的恶意，实在她没做做什么事呀！（不是粉丝，只是看不过去）,1
2025/3/21 11:02,手机号黑粉都知道？太吓人了,1
2025/3/21 11:02,不是她的粉丝 但是我觉得真的挺好看的[黑脸][黑脸][黑脸]说丑的应该没看过后置摄像头的自己,1
2025/3/21 11:02,为什么偏偏对他敌意这么大,0
2025/3/21 11:02,可以讲喜塔腊荣音事件吗？[憨笑],0
2025/3/21 11:02,@badada. ??,0
2025/3/21 11:02,之前刷到过一个博主说她会渐渐退圈，不知道真假,0
2025/3/21 11:02,网爆真的很可怕,0
2025/3/21 11:02,怎么这么多黑粉啊,1
2025/3/21 11:02,感觉像私生f破防，好可怕,1
2025/3/21 11:02,哪家粉丝都不用猜[笑哭][笑哭],0
2025/3/21 11:02,她晒这些出来是因为有人拿她取关来做文章吧，怎么就是她做秀哦,1
2025/3/21 11:02,不明白，可以不爱但别伤害，露思没有伤害任何一个人，为什么这么多没素质的人来伤害这么好的一个女孩子，对女生多点宽容吧[抱抱你][抱抱你],0
2025/3/21 11:02,怎么没看懂,0
2025/3/21 11:03,取关这事儿不放在她身上也很迷 很多都是互关状态 有时候是会引起大家的关注 既然很多互关 你就不要单方面取关啊 那别人算什么 你取关别人就行 别人取关你了叫不叫小气呢 再说了 又是想打什么标签 非得要自己嚯嚯 生了一场大病后都想开了的标签？ 能不能安分点 自己过舒服点就行了 非得做些有争议的行为 当时降级让网红宣剧我就觉得很难评了利用完了又把人删了 到底是要干嘛 非得这么自由吗[尬笑],1
2025/3/21 11:03,她应该卸载APP，不要去看那些留言，抑郁症了自己去做让自己开心的事，她这样还好得起来吗？,1
2025/3/21 11:03,作为一个明星这承受力不太行，容易内耗，别说黑粉的话不能这么在意，真爱粉的话都不能这么在意,1
2025/3/21 11:03,我们不应该想为啥发短信?,0
2025/3/21 11:03,接[色][色],1
2025/3/21 11:03,就冲她走路本来要摔倒但是自己止住了这一点我就不做评价  站在专业角度就是没有很严重[机智]（肯定有粉丝杠我[求求了][玫瑰]）,0
2025/3/21 11:03,少点炒作吧！生病了就好好养病，天天出来现什么啊？烦死了。拉黑还她妈推荐，草。。。,1
2025/3/21 11:03,在意黑子干嘛，不理他们做自己,0
2025/3/21 11:03,这是被拉出来挡热搜了吗[黑脸][黑脸],1
2025/3/21 11:04,退圈吧赶紧,1
2025/3/21 11:04,放过她吧,0
2025/3/21 11:04,自己喜欢就好,0
2025/3/21 11:04,你管黑粉叫粉丝？？？？？？？[发呆],1
2025/3/21 11:04,赵露思是真的好欺负啊[泣不成声][泣不成声]看得出来，她是真的善良[可怜][可怜],0
2025/3/21 11:04,虽然我不喜欢她 但是化妆挺好的[捂脸],0
2025/3/21 11:04,@可可西里,0
2025/3/21 11:04,杨幂当年被黑的很惨，她有一颗强大的心，好多女明星火了以后都会被黑，他们就是嫉妒,0
2025/3/21 11:04,不喜欢就划过去 不要躲在网络后面网爆,1
2025/3/21 11:05,@米七: 指路:??喜塔腊容音,0
2025/3/21 11:05,确实化来不服大众的审美，但是她愿意做自己，你们就不管吧，两个层面[宕机],0
2025/3/21 11:05,以前觉得很可爱很活泼 现在就觉得妆容确实不适合她 这个她自己喜欢就好 不过多评价 但是取关这么多人我真是不理解了 难道合作过的人没有一个好人 以前表现出来的都是假的吗[捂脸][捂脸],0
2025/3/21 11:05,能别推了吗 又又又发生什么事了 有事报警好吗,1
2025/3/21 11:05,不懂[看],0
2025/3/21 11:05,人经历一次大病，真的会看透很多人。,0
2025/3/21 11:05,我感觉她是不是整容了，担心变丑或者粉丝接受不了焦虑的，我姐之前割双眼皮抑郁一个月，直到双眼皮恢复不错才好的[捂脸][捂脸][捂脸],1
2025/3/21 11:05,多大个事阿？整天霸榜[尬笑],1
2025/3/21 11:05,重点是化妆吗？明星都被人开盒，我们怎么办[我想静静][我想静静][我想静静],1
2025/3/21 11:05,就是嘛，直接回怼。,1
2025/3/21 11:05,赵露思不要忘了你是我们四川人怼那个黑粉怕锤子,1
2025/3/21 11:05,人家就是很好看 黑子真的没必要喷了,1
2025/3/21 11:05,就是整容，别给我说那些病了[九转大肠],1
2025/3/21 11:05,她的工作团队、家人从她病后露面的公关策略就错的离谱。第一，肯定要淡化之前抑郁症带来的影响，她一个演员后面要想进组肯定要让投资人知道她已经完全好了可以承担剧组工作，第二，就是争议很大的化妆，应该让化妆师化了，让影视剧投资人、商务的品牌方知道她是个很好合作的人……她这样搞可能想转网红,1
2025/3/21 11:05,滚吧，她还不适合对粉丝永远没有过黑料从15岁开始做公益一直坚持到现在，你能做到吗，人家有钱都拿来做公益了,1
2025/3/21 11:06,刚刚打开微博全是骂她的，我实在是搞不明白微博现在怎么这样了[泣不成声],0
2025/3/21 11:06,指路:??喜塔腊容音 大家关注她化妆这个鸡皮蒜毛的小事 还不如去关注一下网暴别人的,1
2025/3/21 11:06,那我被辱骂折磨三年多，成现在这个鬼样，是能谅解的吧,1
2025/3/21 11:06,只会说风凉话的人祝你们烂嘴,1
2025/3/21 11:06,[玫瑰][玫瑰][玫瑰],0
2025/3/21 11:06,赶紧退圈吧这也太玻璃心了自己拿着每天208万得收入还在这里矫情天天上热搜矫情啥呢,1
2025/3/21 11:06,本身无感，现在厌烦这个人热搜时不时就有她，如果没有花钱买热搜谁信？这一点事就上热搜每个月一两次,1
2025/3/21 11:06,我觉得她演的星汉灿烂好好看啊[发呆][发呆],0
2025/3/21 11:06,真的好漂亮[求求了][求求了][求求了],0
2025/3/21 11:06,我很好奇黑粉是怎么知道明星的手机号的呀[翻白眼]这么私密的东西咋泄露的,1
2025/3/21 11:06,化的很美,0
2025/3/21 11:06,网络是法外之地吗,0
2025/3/21 11:06,我不怎么追星但是这个看的只皱眉[绝望的凝视],0
2025/3/21 11:06,可以讲喜塔腊荣音事件吗？[憨笑],0
2025/3/21 11:07,超级雷[尬笑][尬笑][尬笑],0
2025/3/21 11:07,@??,0
2025/3/21 11:07,真的需要一颗又一颗强大的心灵 这些话任何人看了都会难受 更何况几百条啊 我的天呐 这一个小女孩到底承受了多少多少委屈才会生病才会接受不了倒下,0
2025/3/21 11:07,一天到晚戏多,1
2025/3/21 11:07,@面面?? 头一次见曝光黑粉de,1
2025/3/21 11:07,"有时候某博看多了，就会觉得这个世界很奇怪
有些人说话真的很npc    好像设定好了一样  就是为了骂而骂的   啥样的背景设定下能随意咒骂别人  有时候真的很恍惚",1
2025/3/21 11:07,为什么对人家一个女孩子这么大的恶意,1
2025/3/21 11:07,去看一遍滤镜 “你就是你存在的原因”,0
2025/3/21 11:07,咱也不知道乱骂人家有什么用。能得到什么？不喜欢可以不看，自己骂人家丑，自己又是什么货色呢？是人品到位还是样貌到位！真不理解,1
2025/3/21 11:07,感觉14年跨年的时候都有点不对尽,0
2025/3/21 11:08,重点是化妆吗 难道不是被开盒吗[憨笑][憨笑]某些人,1
2025/3/21 11:08,哎。不能当明星就别当了呗。 她又不缺钱。干啥勉强自己[捂脸],0
2025/3/21 11:08,你们这么欺负她，我就要支持她了！只要她代言的，带货的，买的起的需要的我都买！,1
2025/3/21 11:08,露思永远支持你[玫瑰][玫瑰][玫瑰][玫瑰][玫瑰],0
2025/3/21 11:08,不是 取关跟你们有啥关系啊,1
2025/3/21 11:08,我不太理解评论区那些受害者有罪论的哈[尬笑],0
2025/3/21 11:08,为啥粉丝会有明星的手机号能发短信，最近很火的信息泄露开盒问题，这两个事让人联想啊！,0
2025/3/21 11:08,就算是这种视频底下还是一堆骂她的，她到底干啥了[捂脸]人家好好的也没黑料，你们能不能对男明星也这么高标准啊，我真的替内娱女明星觉得惋惜[捂脸]就是因为有这些砂卵世界才那么不美好的,1
2025/3/21 11:08,私信骂人的什么心态,1
2025/3/21 11:08,大数据下我们没有秘密[尬笑],0
2025/3/21 11:08,关不关注的不都是人家自己的事 有什么好回应的[尬笑],0
2025/3/21 11:08,可以不喜，但没必要伤害,0
2025/3/21 11:08,本身就是内心不够强大的人。如果强大就不会整容成现在这个样子了，原来是清流大家都喜爱，现在变成大众脸了,1
2025/3/21 11:09,这不是粉丝 是黑粉,1
2025/3/21 11:09,会不会没了,0
2025/3/21 11:09,那咋了[微笑]我有时候还想创死全世界呢,1
2025/3/21 11:09,我不追星，但，发那种短信，没有相关法律管吗？,0
2025/3/21 11:09,爱她的人永远爱她，我觉得她很美很可爱，她不欠任何人,0
2025/3/21 11:09,做得对！删除没用的社交，真的会救自己！,0
2025/3/21 11:09,zls美商其实挺高的……zls穿搭火了这么久不是没道理,0
2025/3/21 11:09,支持化妆自由[玫瑰],0
2025/3/21 11:09,取悦自己才最重要,0
2025/3/21 11:09,多好的一个女孩儿呀,0
2025/3/21 11:09,蛮可惜的一个女孩子，不当明星会不会快乐一点啊，原来的模样多可爱漂亮,0
2025/3/21 11:09,露思很好啊！为啥要骂她？,0
2025/3/21 11:09,我咋感觉她提前取关所有人是在走别人的路让别人无路可走[看] 她不是在打解约官司吗，就怕万一打输了被抹黑全网封杀，宁可提前把这件事干了，也不会让别人取关的时候尴尬[泣不成声],1
2025/3/21 11:09,作的,1
2025/3/21 11:09,热搜不断了是吧？[微笑]咋那么装呢啥事儿也要上个热搜，没别的可炒作了是么？新型出圈方式？,1
2025/3/21 11:09,额,0
2025/3/21 11:09,不可以不开心~,0
2025/3/21 11:10,粉丝真的是[捂脸]理智追星，不要跟托付终生似得[捂脸],0
2025/3/21 11:10,做得对！删除没用的社交，真的会救自己！,0
2025/3/21 11:10,赵露思那么漂亮，那么善良，怎么会这样呢,0
2025/3/21 11:10,谁有斑，我的好了，分享有需要的人,0
2025/3/21 11:10,这个社会真的 有很多有恶意的网友 网爆真的会让人得抑郁 甚至会杀死一个人,1
2025/3/21 11:10,评论区那些让她退圈的凭什么[捂脸]她一直努努力力拍剧，用心出作品[捂脸]没一条实质性黑料[捂脸]这样努力的人为什么要退圈[捂脸]男明星pcqj你们都能原谅[捂脸]而且露思对粉丝有多好可能你们也不会知道只会听营销号说话[捂脸],0
2025/3/21 11:10,我不懂我露自己的脸为什么她自己都不能化 谁比她更有资格化 管的未免有点太过分了吧[尬笑],1
2025/3/21 11:10,抑郁症躯体化，几个月就治愈了？医学奇迹啊[捂脸][捂脸][捂脸],1
2025/3/21 11:10,@跳跳软糖??,0
2025/3/21 11:10,[赞][赞][微笑][微笑],0
2025/3/21 11:10,我不在意的东西，就算他们骂出花来，我都不带搭理的，除非把天骂塌了，砸我身上会砸死而已。,1
2025/3/21 11:10,确实那个明星没被骂过，赵丽颖 杨幂这些骂的比她还凶。但她们不信邪，走到了顶流的位置。没必要跟这些阴沟里的老鼠计较。好好拍戏就挺好的。结果现在只剩下和网友硬刚。,1
2025/3/21 11:11,就删凭什么不能删我们难道不是人吗不能有自己的情绪,1
2025/3/21 11:11,太恐怖了，黑得莫名其妙,1
2025/3/21 11:11,这种爸妈“一把屎一把尿”喂大的人理他干嘛！黑粉扮粉而已。,1
2025/3/21 11:11,她也没少引导网暴[尬笑],1
2025/3/21 11:11,普通人的人生都看不懂，更何况戏子的事，看看就好了,1
2025/3/21 11:11,她是真的会看粉丝留言？[发呆],0
2025/3/21 11:11,自己舒服就好,0
2025/3/21 11:11,感觉原来肉肉鼻子是她的必杀技   现在感觉她的磁场已经不一样了,0
2025/3/21 11:11,如果不适合圈子就退了吧，开心最重要，别拖垮自己身体了，要养好身体，还这么年轻不要想太多了,0
2025/3/21 11:11,不喜欢特别黑人家吧 恶意这么大 怎么能这么说一个女孩子,1
2025/3/21 11:11,都被开盒有了信息了[捂脸]还算是粉丝嘛，这种是违法的,1
2025/3/21 11:11,路人看过拍的电视剧，一般都是前期好看后期烂尾,0
2025/3/21 11:11,好好活着最重要,0
2025/3/21 11:11,快点好起来,0
2025/3/21 11:11,她皮肤好好！,0
2025/3/21 11:12,啊啊啊  看见她哭 我心里好难受[流泪],0
2025/3/21 11:12,什么事别放在心上健康最重要,0
2025/3/21 11:12,这个短信不是今年发的吧,0
2025/3/21 11:12,一夜之间完全变样了,0
2025/3/21 11:12,放过她吧,0
2025/3/21 11:12,取关了，下次就别叫人家帮忙剧宣了喔。,1
2025/3/21 11:12,装，演，假,1
2025/3/21 11:12,@期许,0
2025/3/21 11:12,人家爱怎样就怎样，活在当下是活自己也不是为你们活着呢，你家是住海边吗管那么宽,1
2025/3/21 11:12,[黑脸]不敢评论怕被开盒,1
2025/3/21 11:12,再刷到赵露思我无副作用彩票中一亿[感谢],0
2025/3/21 11:12,请不要误导了好嘛，去年的事情了都已经被开盒了,1
2025/3/21 11:12,我??的800营销号终于出来实锤自己啦[捂脸],1
2025/3/21 11:13,支持赵露思，国家应该整治这些黑粉,0
2025/3/21 11:13,心里不强大当不了公众人物,1
2025/3/21 11:13,赵是不是整过容？跟以前完全不一样了,1
2025/3/21 11:13,理性粉,0
2025/3/21 11:13,也不知道那些发短信发私信骂一个自己完全不了解也接触不到人的脑子里在想些什么乱七八糟的东西管好自己吧,1
2025/3/21 11:13,那咋了,0
2025/3/21 11:13,想干嘛就干嘛，顾及那么多干嘛，自己开心就好，想取关就取关[抠鼻],1
2025/3/21 11:13,这场活动是不是带的假发啊，想求个链接，感觉好真好好看,0
2025/3/21 11:13,她就是不做明星了，做个博主，我也喜欢她，我也一样支持她，她做错什么了？,0
2025/3/21 11:13,以前无感 现在爱上了[色],0
2025/3/21 11:13,我不心疼任何一个208万被骂，毕竟我心尖人一出道就被骂滚出娱乐圈，发一条微博，几千条评论全部都是辱骂[微笑]一路靠自己努力不断拼命拍戏才用作品让一些垃圾闭嘴，才拿到电视剧奖，但是现在还是有很多垃圾再各种辱骂她……比起她所承受的网络暴力，其他人的都是渣渣小打小闹,1
2025/3/21 11:13,为什么都火成她那样了，还要自己化妆啊？化妆师呢？,1
2025/3/21 11:13,受不了就别公众人物[呲牙],1
2025/3/21 11:13,中度的走出来了,0
2025/3/21 11:13,整容了？脸都变了,1
2025/3/21 11:13,@搓圆大饼,0
2025/3/21 11:13,她粉丝：被取关的自己反思,1
2025/3/21 11:13,没事哒没事哒，下次需要宣传再关注回来 “安冉，我们现在又像了”,0
2025/3/21 11:13,死作妖，没戏拍现在找存在感呢,1
2025/3/21 11:14,这都能上热搜？,1
2025/3/21 11:14,什么时候回到yxh人人喊打到时候,1
2025/3/21 11:14,希望装病的人和他粉丝帮所有真病的人承受痛苦[感谢][感谢][感谢],1
2025/3/21 11:14,什么人都有，可以不喜欢但请别伤害，支持露思,0
2025/3/21 11:14,允许不同类型的人存在[抱抱你]露思棒棒的，总会越来越好,0
2025/3/21 11:14,@rare thing 真的是粉丝吗。,1
2025/3/21 11:14,她真的很好，不懂为什么一直有人黑她[流泪]以前是个多可爱阳光的好女孩[流泪],0
2025/3/21 11:14,@-辣笔小新X 耶斯耶斯,0
2025/3/21 11:14,赵露思,0
2025/3/21 11:14,吃太饱了大家，你们不经常整理整理微信吗？从头开始不好吗，我的微博我做主，不可以？关别人啥事，现在的网友实在是管太宽了。,1
2025/3/21 11:15,做自己就好,0
2025/3/21 11:15,忽然取关明星们  是什么情况,0
2025/3/21 11:15,取关了又怎样呢[捂脸][捂脸][捂脸],0
2025/3/21 11:15,人性有的时候为什么可以恶成这个样子,1
2025/3/21 11:15,评论区里的某些人也是真好笑[尬笑][尬笑]这么喜欢捆绑几个女明星[尬笑],1
2025/3/21 11:15,不要让我刷到了,1
2025/3/21 11:15,我虽然不粉她，但我觉得这么说一个女生真的太过分了，说我我都要骂他祖宗十八代,1
2025/3/21 11:15,这么大的事，快去报警吧,0
2025/3/21 11:15,她是我超喜欢的明星，不做作[比心],0
2025/3/21 11:15,有点搞笑，为什么一定要跟别人好好搞关系，不可以取关吗，取关就是不适合娱乐圈就得退圈吗？莫名其妙,1
2025/3/21 11:15,别买热搜了大姐,1
2025/3/21 11:15,是真会倒打一耙，网友理智吃瓜,1
2025/3/21 11:15,网络非法外之地，网络喷子骂别人有病的，自己是真有病[尬笑],1
2025/3/21 11:15,不是zls的粉丝，但爱看她的剧，我发现有些人真的太过分了，她站那里不动都会被骂[疑问]，每个人的审美不同，你不喜欢就不喜欢，没必要恶意批判别人吧，为什么要对女性有这么大的偏见和要求，你自己又是什么货色[疑问],1
2025/3/21 11:15,唉，希望调整强大起来。ym不也总被黑嘛加油轻舟已过万重山,0
2025/3/21 11:15,怎么会有那么可爱的小笨蛋,1
2025/3/21 11:15,昨天担心了老半天，没想到哈哈哈哈哈哈哈,0
2025/3/21 11:15,可爱丝了我的宝贝,0
2025/3/21 11:15,可爱宝宝,0
2025/3/21 11:16,不知道私信的人啥心理，估计脑子有病管人家的事[发呆],1
2025/3/21 11:16,人活着一定要明白人性的弱点，有的人就喜欢看别人不痛快，或者用嘲笑和诋毁别人来抵消自己的不如意，所以不用管别人怎说，只要在底线内，勇敢做自己，赵露思挺可爱的[比心][比心],0
2025/3/21 11:16,有些网友真的是闲的蛋疼，人家爱咋样咋样关他们屁事，不粉不看就行了，去骂人家干嘛,1
2025/3/21 11:16,我只是路人，我觉得不喜欢不关注就好了，为什么要去攻击她呢？况且她不是生病了吗？,0
2025/3/21 11:16,她咋天天折腾，又不抑郁症要死要活了,1
2025/3/21 11:16,抵制网络暴力 加强网络治理能力 不要总等到事情严重了不可挽回了才想着整治,0
2025/3/21 11:16,她的内核真不稳,1
2025/3/21 11:16,太瘦了她,1
2025/3/21 11:16,好可爱啊小宝宝,0
2025/3/21 11:16,可爱的宝宝,0
2025/3/21 11:17,多大点事[尬笑],0
2025/3/21 11:17,赵露思在娱乐圈一步步走到今天凭什么要退圈啊[好开心][好开心]而且说她一直上热搜是她想的吗[好开心]同期小花拉表统计热搜上的比她还多[好开心]赚来的钱也一直在做公益[好开心],0
2025/3/21 11:17,谁买的黑热搜，好难猜啊，猜不到睡觉了[哈欠][哈欠][哈欠]。非粉..知道事情经过差不多都明白[哈欠][哈欠][哈欠],0
2025/3/21 11:17,这女的有完没完，我预测她从今年这波操作开始以后会越来越糊,1
2025/3/21 11:17,还是觉得以前的赵露思可爱，现在丢了以前的可爱,0
2025/3/21 11:17,@佳佳佳佳,0
2025/3/21 11:17,黑粉怎么连人家手机号都有啊,1
2025/3/21 11:17,真的很普[笑哭],0
2025/3/21 11:17,为什么隔着屏幕去讨厌一个人呢，不喜欢也别伤害做不到吗[捂脸]网友真是闲的,1
2025/3/21 11:17,女生打着旗号要说保护女生，可是好多恶意还是来自于女生，就差她变成男生，变成男生就好了嘛？,1
2025/3/21 11:17,搞不懂，还得分时间取关为啥,0
2025/3/21 11:17,啊啊啊宝宝好可爱呀,0
2025/3/21 11:17,退了吧,1
2025/3/21 11:17,她公司前几天也注销了，是不是正在协商解约的事，想从新开始啊？！,0
2025/3/21 11:17,可可爱爱,0
2025/3/21 11:18,你们把她逼死了又来爱,1
2025/3/21 11:18,她是在走曾经爽子的剧本吗[看],0
2025/3/21 11:18,她自己化妆不适合她、她以前的妆容就很好看、还是给专业的人去做比较好、还有为啥能有她的联系方式、这个有点可怕,1
2025/3/21 11:18,她一天天的咋这么多事,1
2025/3/21 11:18,怎么会有人对一个漂亮女生说这么恶毒的话，这个世界怎么了。,0
2025/3/21 11:18,博主，我也想知道喜塔腊容音的事[比心][比心]可以讲讲吗,0
2025/3/21 11:18,@洛白（见过鹿晗版） 看得出来真的很在意[发呆],0
2025/3/21 11:18,他最近做的事情放在粉丝视角真的很无语 好吗  生病一直挂热搜 后来又单取所有人 很多流量大咖位比他大的明星都成了他的小粉丝是吗 看清自己的地位 放下自己的包袱 好不好 你只是一个流量小花 受不了就滚蛋 [微笑]一天208万赚的还不够你爽,1
2025/3/21 11:18,黑粉心也是黑色的吗[抠鼻],1
2025/3/21 11:18,我喜欢这个女孩[玫瑰],0
2025/3/21 11:18,这些人是怎么得到明星的电话号码，发送这种短信，太恐怖了吧,0
2025/3/21 11:18,取关是明星解约正常流程吧,0
2025/3/21 11:18,@water 她只是一位女人，大家为什么这样对她！,0
2025/3/21 11:18,@7^ @eee。 @9母96 退圈吧[尬笑] 让我眼睛休息会,1
2025/3/21 11:18,演技确实难评  但化妆不至于去攻击吧,0
2025/3/21 11:18,我以为啥呢 化妆和取关是什么大事吗 某人一出来营销号就不冬眠了[疑问][疑问][疑问] 恶心人呢,1
2025/3/21 11:18,就爱露丝你爱你画的妆 一直爱 永远都爱[比心],0
2025/3/21 11:18,还是闲人太多,1
2025/3/21 11:18,不知道那些黑粉是什么心理，喜欢就看不喜欢就不看，不就那么回事吗？莫名其妙去攻击从未接触过的女孩子????真是无奇不有,1
2025/3/21 11:18,很好听勇敢做自己[色][色][色],0
2025/3/21 11:18,心有多黑，人生在世善良一点，不爱请别伤害,0
2025/3/21 11:18,为什么要这样骂她[流泪][流泪][流泪][流泪][流泪],1
2025/3/21 11:18,很有自己的想法 很看重事业 想证明自己 做到最好 可是明星就只是个职业 网友也算半个同事 但是需要明星有强大的内核去区分好的坏的[泣不成声],0
2025/3/21 11:18,好可爱,0
2025/3/21 11:18,现在火的不火的明星哪个不是这么过来的，以前的大花被线下anti也没见人家这么发微博说的，现在人家就用作品证明自己，感受粉丝爱意不也挺好,0
2025/3/21 11:18,棒棒哒，一次比一次好，下次会更好的,0
2025/3/21 11:18,赵露思,0
2025/3/21 11:19,能不能让她离开网络，一会儿病了，一会儿好了，一会儿取关，一会儿黑粉伤害她，她咋这么多戏。烦死了一天天的，没点正能量,1
2025/3/21 11:19,自己化妆有什么错鞠婧祎也自己化啊还有一个女明星,0
2025/3/21 11:19,喜塔腊容音最需要关注[玫瑰],0
2025/3/21 11:19,明星也不该忍受开盒！违法就是违法，对象特殊也是违法！,0
2025/3/21 11:19,喜欢的两个明星一个赵露思一个欧豪，很喜欢她演的孙头头[流泪],0
2025/3/21 11:19,千万不要等到她出事了. 大家才爱她. 请善良,0
2025/3/21 11:19,她是因为粉丝才在内娱一席之地的，她是因为她自己，坚强，努力，认真，才有粉丝喜欢她的，不要披着粉丝的皮做恶，好吧。,1
2025/3/21 11:19,我觉得关不关注都不重要我和舍友绝交了都没取关[捂脸][捂脸][捂脸],0
2025/3/21 11:19,可爱,0
2025/3/21 11:19,天天卖惨，不知道干什么，热搜看见就烦,1
2025/3/21 11:19,赵露思牛！,0
2025/3/21 11:19,谢谢所有为爱付出感恩所有喜欢赵露思,0
2025/3/21 11:19,赵露思好棒，可露丽好棒，感谢支持的每一个人,0
2025/3/21 11:20,不是粉丝哈，我觉得真的一个人不喜欢一个人的时候她做什么都是错的，发个动态什么内容都要被骂，好糟心，如果真的觉得黑粉的话很影响自己，不如关闭评论或者注销账号，该清净了吧,0
2025/3/21 11:20,火的明星就没有不收到这样的信息，不被这样骂的，别在意，因为你欲戴皇冠必承其重,0
2025/3/21 11:20,你很漂亮[比心][感谢][感谢][感谢],0
2025/3/21 11:20,开盒咋不说，就逮着赵说[尬笑],1
2025/3/21 11:20,取关就取关，又没关注我们？现在的人真莫名其妙，取关就上个热搜，不要过多干涉别人的生活好吗！真的够无聊的,1
2025/3/21 11:20,承受不了可以不当明星，没人逼着她当[憨笑]比她还惨的明星多了[憨笑]整天在这营销卖惨,1
2025/3/21 11:20,取关也能上热搜 黑子也无敌了,1
2025/3/21 11:20,谁知道是不是粉丝呢,0
2025/3/21 11:20,不喜欢就不看 为什么要攻击,1
2025/3/21 11:20,做公益咋没人发啊 就盯着这些 涨多了吗,1
2025/3/21 11:20,人经历一次大病，真的会看透很多人,0
2025/3/21 11:20,粉丝是什么鬼？能控制艺人，能指导艺人？,1
2025/3/21 11:20,很好的，我们不要比较，大家尽力了并且买得开心最重要,0
2025/3/21 11:20,是这样给粉丝提供情绪价值的 真闹心,1
2025/3/21 11:21,真绝了一下这一下那的赶紧退圈吧真服了,1
2025/3/21 11:21,再刷到赵露思我无副作用彩票中一亿[晕],0
2025/3/21 11:21,一直刷什么存在感呢，有病就治病啊，我一个路人整天刷到都烦了懂吗？,1
2025/3/21 11:21,可是她也没做错什么，为什么恶意这么大呢,0
2025/3/21 11:21,取关就取关么，咸吃萝卜淡操心，,1
2025/3/21 11:21,还是别再做些博眼球的事了吧 好好专注演技吧 最近上的那部剧是啥呀[捂脸][捂脸],0
2025/3/21 11:21,我觉得她应该好好休息一下，太内耗了,0
2025/3/21 11:21,@挽来春（接单中） @在干嘛？ @… 真的很不理解为什么那么多人黑她，她明明那么好，那么善良，生病都要被别人骂，她真的很勇敢[流泪]永远支持姐姐[送心],0
2025/3/21 11:21,小女孩，心太软了，少看一点这种东西，受不了就屏蔽，好好拍戏吧,0
2025/3/21 11:21,贵圈可能对她苛刻了,0
2025/3/21 11:21,她网红出来的啊，把微博当朋友圈，正常,1
2025/3/21 11:21,可可爱爱,0
2025/3/21 11:22,赵露思好棒,0
2025/3/21 11:22,个人信息被黑粉挖到并公开，赵露思实惨[流泪],0
2025/3/21 11:22,做得对！删除没用的社交，真的会救自己,0
2025/3/21 11:22,取关是什么大事吗？现在人管的好多,1
2025/3/21 11:22,别看留言,1
2025/3/21 11:22,怎么明星大多数患抑郁症[捂脸][捂脸],0
2025/3/21 11:22,报警吧直接,1
2025/3/21 11:22,好霸道的饭圈文化 不能睡觉不能化妆不能取关,1
2025/3/21 11:22,这些人是怎么能知道明星的手机号的，还有住址，真可怕....,0
2025/3/21 11:22,这些骂人的咋想的？素质真的…,1
2025/3/21 11:22,去年12月发的信息现在公开干嘛,1
2025/3/21 11:22,不理解 虽然不是他粉丝 但很喜欢她 这么好的女孩谁在黑,0
2025/3/21 11:22,怼的对,1
2025/3/21 11:22,都是出于嫉妒罢了，人红是非多，多看真爱粉的话就好了，,1
2025/3/21 11:22,挺好看的啊,0
2025/3/21 11:22,哪里都有黑粉的,0
2025/3/21 11:22,她现在内心变强大了,0
2025/3/21 11:22,你适合，你干呗,1
2025/3/21 11:22,大家都很棒,0
2025/3/21 11:22,主要是她的有些粉丝也是 脑袋是个装饰品 是非不分,1
2025/3/21 11:22,好多人多管闲事啊,1
2025/3/21 11:22,首先取关是很正常的事情呀，水关怎么就背刺了？再说了，他关注的那些人可能是其他的明星，但是他们又不是同家公司的呀，也有可能是别的家公司的呀，所以取关很正常，你现在你平时间取关一个人也很正常，那万一不是他取关的是公司取关的，所以都有可能因为个人的账号，明星也被公司压着,0
2025/3/21 11:22,她本来就很棒啊但是不管干什么都会被黑可她原来也只是一个小女孩啊她原来多么的正能量啊,0
2025/3/21 11:23,漂亮。发疯吧，别内耗自己,1
2025/3/21 11:23,吃这碗饭没办法的,1
2025/3/21 11:23,她只是遇到了不良的公司，她自己有什么错？？？,0
2025/3/21 11:23,活跃，加油！[玫瑰],0
2025/3/21 11:23,网络喷子很多啊，太在意别人的看法真的是很折磨自己的一件事。,0
2025/3/21 11:23,放过她吧,0
2025/3/21 11:23,这也太可怕了吧，诚心希望赵露思一辈子幸福[感谢],0
2025/3/21 11:23,非粉 这个是真的粉丝吗 骂这么狠[噢买尬],1
2025/3/21 11:23,大家对她的要求好高啊[尬笑],0
2025/3/21 11:23,@下次见,0
2025/3/21 11:23,抖音上怎么全是抑郁症[尬笑],1
2025/3/21 11:23,@阿波罗ci得 @我尝试着没有你 @BBBBBBB @大裤衩 @Nuyoah（?? 。。。。,0
2025/3/21 11:23,真棒????#赵露思时尚先生三月刊封面# |#赵露思#,0
2025/3/21 11:23,回复@眠眠西瓜糖:露思哪里卖惨了 真的不懂 要是卖惨就该在剧组出事立马卖惨 就该冷脸或发微博 只要冷脸粉丝就会联想 但是露思没提过 包括出事之后积极分享自己的治病方法 可大家的关注点都在营销 没人关心露思在剧组遭遇什么 语言的利剑刺向受害者 不仅如此还要谩骂造谣一个受害者 好像明星都不能生病 要不然就是作秀,1
2025/3/21 11:24,微博取关和微信单删有什么区别[右边][左边],0
2025/3/21 11:24,这小女孩就自己把自己给整坏了,1
2025/3/21 11:24,[困]说真的要不让她好好休息，要不就发疯发彻底。天天rs败坏路人缘,1
2025/3/21 11:24,作[看],0
2025/3/21 11:24,好可怕 这种情况能骂回去吗[黑脸],1
2025/3/21 11:24,完全路人，因为我喜欢的人的偶像是她，竟然有点心疼赵露思了[感谢],0
2025/3/21 11:24,屁大的事,1
2025/3/21 11:24,@逻辑与 露露要美美复出了[调皮],0
2025/3/21 11:24,太可恶了这样的人是粉丝？，是不是心里有什么疾病啊，发短信去骂人家干嘛！,1
2025/3/21 11:24,哇塞取关好严重，比艺人指引粉丝网暴素人还要严重，太严重了建议上报联合国,1
2025/3/21 11:24,把赵露思封杀了吧[捂脸]天天都是这几个东西[捂脸]正好她退圈，也就没有这些烦恼了[捂脸],1
2025/3/21 11:24,妆画得不好，戏演得不好，我们可以不关注哇，为什么要去攻击别人。而且网上也有说签了公司很多事是由不得自己的，喷子闭上嘴巴吧,0
2025/3/21 11:24,真的有精神病吗，天天占着热搜不放[偷笑],1
2025/3/21 11:24,闹麻了,1
2025/3/21 11:24,怎么？她把这个晒出来是想要别人被开户吗[撇嘴][撇嘴],1
2025/3/21 11:24,@藏青色,0
2025/3/21 11:24,按理说生了一场大病，应该能看透很多东西了，有些东西没必要一一回应，做好自己，专研演技，公众人物没有个强大的内核，早晚被吞噬掉！,0
2025/3/21 11:24,骂得比她惨十倍的明星多了去了，何必在意，做好自己就行了,0
2025/3/21 11:24,……这真的是粉丝？[微笑],0
2025/3/21 11:24,大家都很棒,0
2025/3/21 11:24,粉丝：女王行为,1
2025/3/21 11:24,这个热搜没看懂,0
2025/3/21 11:24,确实有点过了,0
2025/3/21 11:24,拉取单嘿 啊哈哈,0
2025/3/21 11:24,虽然但是啊，所以大家觉得明星就是要骂，挨骂才是正常的吗？我们普通人心里有啥不愉快就去骂明星，他/她们不能反击，反击就是玻璃心，要退圈 为啥大众非要去骂人呢？不喜欢她不能不关注吗 最后一句我真不是她粉哈，只是觉得很多人真的很。。。激进,1
2025/3/21 11:25,这个黑粉怎么有她的电话的？,1
2025/3/21 11:25,折磨黑粉去，别来折磨路人[感谢],1
2025/3/21 11:25,黑粉真厉害，手机号都搞到了,1
2025/3/21 11:25,@星舒??,0
2025/3/21 11:25,我觉得她真的不适合进娱乐圈，看看她早期的样子，再看她现在的状态，不死都脱层皮,1
2025/3/21 11:25,这只是取关又不是什么大错，干嘛这样,0
2025/3/21 11:25,为啥一直上热搜啊[捂脸]一举一动都,0
2025/3/21 11:25,爱一个人不应该是她怎样都爱吗？[噢买尬],0
2025/3/21 11:25,人经历一次大病，真的会看透很多人的,0
2025/3/21 11:25,真粉丝不会说这种话,1
2025/3/21 11:25,这种事也能上热搜[尬笑]？,1
2025/3/21 11:25,以前多可爱的小姑娘现在脸怪怪的,1
2025/3/21 11:25,感觉她太在乎黑粉的看法了，明星都有黑粉，看淡点,0
2025/3/21 11:25,又没热度了？[发呆],0
2025/3/21 11:25,自己的wb想取就取呗，又不是啥大事,0
2025/3/21 11:26,还是我鞠姐好 内心强大 事业心强 人美心善不作妖[哈欠],0
2025/3/21 11:26,她明明就很好啊为什么要这样黑她,1
2025/3/21 11:26,像霍建华一样，不看就好了[泪奔],0
2025/3/21 11:26,之前给毅玲爸爸刷礼物的是不是她,1
2025/3/21 11:26,评论区某些女的别太厌女，全都接你妈呢接[愉快][OK],1
2025/3/21 11:26,删除没必要的社交,0
2025/3/21 11:26,明星这行业不容易啊。,0
2025/3/21 11:26,黑子过得不如意，不该存在，因为它们活的惨不忍睹，时间长了，心也黑[抠鼻],1
2025/3/21 11:26,………,0
2025/3/21 11:26,自导自演,1
2025/3/21 11:26,没必要去关，对你冷淡的人出的事情你一样对待就行了，职场都是笑面虎。,1
2025/3/21 11:26,愿意吃这碗饭就要承受这些攻击，很正常的,1
2025/3/21 11:26,我要是赵露思骂的只会比这更狠，凭什么作为公众人物就该接受谩骂不能回击，惯着黑粉，骂他全家才对！露思就是太善良，任凭这些脏话脏水泼向自己到导致自己抑郁,1
2025/3/21 11:26,这是得罪了哪位大佬吗？我的露思,1
2025/3/21 11:26,哪个明星不被骂[听歌]谁私信里面没难听的啊就她闹这么大,1
2025/3/21 11:26,抑郁症好了,0
2025/3/21 11:26,自己画的，的确不好看[捂脸]，就不能让专业的人干专业的事情吗？,0
2025/3/21 11:26,赵露思首先是她自己，其次才是我偶像，我始终认为我喜欢的是赵露思这个人，我能包容她的一切，我喜欢她的一切（除去违法犯罪）她不是爱豆，她是演员！在我眼里她做自己就是最好的[色][比心],0
2025/3/21 11:26,啊呀，竟然是手机短信！精准发送，这太可怕了[石化][石化][石化][抠鼻][抠鼻][抠鼻],0
2025/3/21 11:26,换个心态想有时候被骂也是流量，要感谢这些黑子[捂脸],0
2025/3/21 11:26,笑死我了哈哈哈,0
2025/3/21 11:26,露思一个取关yxh 集体活了，那么#喜塔腊容音# 的话题怎么没有一个yxh 敢发，这么见人下菜吗,1
2025/3/21 11:26,我们很棒，赵露思很棒,0
2025/3/21 11:27,换个人这样根本无人在意，只能说赵露思太火了[捂脸],0
2025/3/21 11:27,不是怎么哪都有她啊,1
2025/3/21 11:27,其实，没新闻了可以不发的[微笑]@早点睡才能早点起来吃早点?? @迪嘀代驾??????,0
2025/3/21 11:27,那不是真的吗,0
2025/3/21 11:27,之前又要她努力克服生病，现在又各种黑她，这个世界怎么了,1
2025/3/21 11:27,啊呀，竟然是手机短信！精准发送，这太可怕了[石化][石化][石化][抠鼻][抠鼻][抠鼻],0
2025/3/21 11:27,热度不来白不来，来关注被某明星下场网暴的小女孩喜塔腊容音叭！！！[流泪],1
2025/3/21 11:27,为什么要对一个女生恶意这么大呢[呆无辜],0
2025/3/21 11:27,粉丝：宝宝好可爱好有礼貌还是真诚待人的宝宝。。,0
2025/3/21 11:28,有没有可能他是在怼这个发消息骂他的黑粉呢,0
2025/3/21 11:28,现在这个时代，是个明星都会被喷，没有一个能逃得掉的，明星太难了,0
2025/3/21 11:28,按理说生了一场大病，应该能看透很多东西了，有些东西没必要一一回应，做好自己，专研演技，公众人物没有个强大的内核，早晚被吞噬掉！,0
2025/3/21 11:28,总的来说就是没有强大的内核，需要退圈好好休息调整一下状态,1
2025/3/21 11:28,虽然没看她的剧，但觉得她挺好的呀，又没做什么伤害别人的事，为什么要骂她？做明星就该无端接受伤害吗？,0
2025/3/21 11:28,好奇黑粉怎么会有她的号码 我挺喜欢她的 但是我都没有她的号码,0
2025/3/21 11:28,许我耀眼还能上线吗,0
2025/3/21 11:28,只有我生活一地鸡毛吗？还有闲工夫管别人[抠鼻],0
2025/3/21 11:28,对骂 提升自己[捂脸],0
2025/3/21 11:28,以前鼻子比较好看,0
2025/3/21 11:28,@馨馨子 那咋了人家爱化就化呗，又不搁你脸上造[绝望的凝视],1
2025/3/21 11:28,赵露思目前只关注了我一个人[玫瑰],0
2025/3/21 11:28,不要太看重就是了～毕竟人红了，没办法避免。哪个明星没有一些黑粉啊[泪奔][泪奔][泪奔]不是说这件事情对，毕竟你没有办法要求每个人都很有素质。那就只能自己强大点咯～,0
2025/3/21 11:28,应该像微信一样，不是互相关注不能私自发信息，太坏了,1
2025/3/21 11:28,一直屏蔽一直推她[捂脸],1
2025/3/21 11:28,怎么来的电话号码，这属于开艺人盒了吧,1
2025/3/21 11:28,能把他电话号码公布出来吗[比心][比心]我们打爆他的手机,1
2025/3/21 11:28,为啥要攻击他？他很善良,0
2025/3/21 11:28,还好吧 画的妆 穿的不丑就好啦,0
2025/3/21 11:28,赵露思是真的好欺负啊[捂脸]看得出来，她是真的善良[泣不成声][泣不成声],0
2025/3/21 11:28,看看怎么办吧唉,0
2025/3/21 11:28,这是什么操作 真看不懂了,0
2025/3/21 11:28,越来状越好了,0
2025/3/21 11:29,这么会制造舆论 你应该去当网红,1
2025/3/21 11:29,不是这是粉丝吗？这么可怕，手伸的太长了吧,1
2025/3/21 11:29,[微笑],0
2025/3/21 11:29,饭圈就这样，当初爱的有多欢，最后骂得有多狠,1
2025/3/21 11:29,虽然我不追星，但是，我不知道赵露思有什么好黑的，人家就是一个很努力的新生代，目前没有啥绯闻吧[捂脸],0
2025/3/21 11:29,辱骂，网暴的成本太低了，所以那么多键盘侠，一定要加大整治力度,1
2025/3/21 11:29,我有时候也不太理解网络上的人 不喜欢你自己不喜欢不就好了吗 非要去骂你不喜欢的人,1
2025/3/21 11:29,我对这个人无感    但看她生病以后  各种占用媒体资源    甚至很多网友对他表示关怀和心疼   我开始有点反感了       我在想那些粉丝他们父母生病他们有那么关心吗   说真的我了解一些赵露思的作品    演技真的难以形容    我想说这样一个靠炒流量起来的人值得那么多人的关心吗   人家赚着流量的钱   看着自己的病   话说她生病就去看病  还借着生病各种炒作   历史上我还没有看见那个明星生病还要各种晒的,1
2025/3/21 11:29,预告一下明天热搜:赵露思居然喝水了[泣不成声],1
2025/3/21 11:29,不喜欢也不要伤害,0
2025/3/21 11:29,真美,0
2025/3/21 11:29,所以？明星就要被开完合然后千恩万谢它然后自己慢慢消化？内耗完自己 再骂她内核不够？[尬笑][尬笑][尬笑],1
2025/3/21 11:29,[泣不成声]为什么要这么对她，原来的她多阳光开朗啊,0
2025/3/21 11:29,内心强大才是无敌，刘晓庆姐姐就是代表,0
2025/3/21 11:29,关注一下吧，不太理解这个,0
2025/3/21 11:30,但是哪行都是这样的，你的朋友本来就不会是所有你认识相处过的人。,0
2025/3/21 11:30,评论区那个??粉好恐怖[尬笑],1
2025/3/21 11:30,接受不了就退圈啊[黑脸],1
2025/3/21 11:30,能发出这种短信的人，别人对你画的饼吃完了吗？牛马的活干好了吗？闲出神经病了,1
2025/3/21 11:30,不能理解这样的 你不喜欢就不去关注她不就行了 你这样攻击人家你是能发财还是能长寿 不能理解  喜欢哪个你就在能力范围内追星就行  追的目的是让自己高兴 放松自己啊,0
2025/3/21 11:30,骂的太难听了吧 真不容易,1
2025/3/21 11:30,从来不追星，追星有毛用，他挣你钱不会给你花一分,1
2025/3/21 11:30,所以人家连自己的账号关注谁都没有权利了吗？这也要管...,0
2025/3/21 11:30,不是，人生在世不可能每个人都喜欢你啊，公众人物更因该知道这一点。baby有段时间黑粉也很多，现在时间长了，都觉得人家没有明星架子很好。用时间说话就行了么。,0
2025/3/21 11:30,再刷到赵露思我无副作用彩票中一亿[感谢],0
2025/3/21 11:30,一个厂妹混成这样已经很不错了,0
2025/3/21 11:30,黑粉怎么弄到明星的手机号的,1
2025/3/21 11:30,啧啧  好明显啊[捂脸]  谁买的好难猜  我本来以为俩家都独美  没必要吵或者来回拉踩  但是为了压自家的黑料带对方节奏太恶心了,1
2025/3/21 11:30,她的问题在于她太听粉丝的话了,0
2025/3/21 11:30,带娃太久了，啥是喜塔腊容音呀？[捂脸],0
2025/3/21 11:30,她这么干啥都被骂，我也不是她的粉丝，人想干啥干啥（只要不犯法），粉丝没意见，公司没意见，就你们小黑子有意见[困]，不过她好像承受能力确实不是很好，因为做明星总是被骂，有的人你左脚先抬都要骂你[困]所以被骂还是要看开点（当然不是说骂人就好） 只能说某些人积点口德吧[困],1
2025/3/21 11:30,我没看出来是她[捂脸],0
2025/3/21 11:30,抵制开和公众人物都被开合还有隐私吗,1
2025/3/21 11:30,不要放过这个赵露思,1
2025/3/21 11:31,她生病的时候，没有一个明星为她祝福过，起码的早日康复的话都没见说过，那些平日里新闻和营销号所说的她的朋友们，在哪呢？？？她那么多朋友，朋友呢？？？？刚生病的时候我说了一句还有人怼我[尬笑][尬笑][尬笑],1
2025/3/21 11:31,眯眯眼为了迎合人家对中国人的刻板印象,1
2025/3/21 11:31,我觉得她可能生病了 我不是她的粉丝 娱乐圈含金量都是知道的 她都这样做了也不在意其他人了[绝望的凝视]大家嘴下留情 放过一个小姑娘吧,0
2025/3/21 11:31,建议网上留言评论都实行实名制、不管大小是个明星都有黑粉、她自己的粉丝也是很多明星的黑粉,1
2025/3/21 11:31,我不理解一件事 生个病热搜 取关一下也得热搜[尬笑](没有任何恶意),0
2025/3/21 11:31,主要是粉丝有病，人家女孩本身就没什么大问题……都是粉丝拱火败的路人缘,1
2025/3/21 11:31,没看懂[宕机],0
2025/3/21 11:31,@,0
2025/3/21 11:31,我纯路人哈，为什么最近经常刷到这个人，我也没看过她的剧啊[捂脸][捂脸],0
2025/3/21 11:31,做自己，别人爱怎么说怎么说。,0
2025/3/21 11:31,怎么会有人对一个陌生人这么恶毒[微笑],1
2025/3/21 11:31,@清越,0
2025/3/21 11:32,@爱睡觉的机器猫,0
2025/3/21 11:32,关我毛事啊，这种屁点大事上热搜？,1
2025/3/21 11:32,再刷到赵露思我无副作用彩票中一亿[感谢],0
2025/3/21 11:32,做自己，其他人只是p。人生是自己的，也只有仅有一次，爱自己最重要，因为没有人会爱你超过你爱你自己。,0
2025/3/21 11:32,有病吧，人家画什么妆都要去管，,1
2025/3/21 11:32,明星的妆造不是都是别人做的吗，不动手显得高大上啊,0
2025/3/21 11:32,放过我吧！我真不想刷到她屁大点儿事了，我们普通人哪个过的不比她苦，还需要我们去同情她，喜欢她，三天两头出来她的事[蜜蜂狗][蜜蜂狗][蜜蜂狗],1
2025/3/21 11:32,确定是抑郁症不是神经根性颈椎病？[捂脸],0
2025/3/21 11:32,我老板骂的比这个难听多了，我的工资5000多[微笑] 允许不同类型的人存在[抱抱你]露思棒棒的，总会越来越好,0
2025/3/21 11:32,此女事好多,1
2025/3/21 11:32,做活泼开朗的自己吧,0
2025/3/21 11:32,妆画得不好就这样短信骂他，神经病吧，我去，人家工作本来为了自己，还在那说粉丝怎样怎样，搞笑。,1
2025/3/21 11:32,多大屁事都上热搜,1
2025/3/21 11:32,怎么知道手机信息的呢[疑问],0
2025/3/21 11:32,我还记得黄晓明还虚心接受去油建议，而且人家本身长得就够帅有底气,0
2025/3/21 11:32,是挺丢人的，取关犯法，开合不犯法,1
2025/3/21 11:32,该骂你，你承受能力强,1
2025/3/21 11:32,大家都好棒,0
2025/3/21 11:33,首先我不讨厌她，就是有我喜欢的剧我就会看不喜欢的就不看，前提说明我不是黑粉，然后我就想说一句话“这脸不知道是不是妆的原因有种怪怪的感觉”（粉丝别来了，就说一句也没骂她，你们给她积点路人缘吧，有时候真别怪人家观众，观众有权评论，粉丝就别什么话都乱棍打死了，没骂她没贬低她的话也不是不能听，她不是你们的专属物，她是服务观众的）,0
2025/3/21 11:33,做好自己，让别人说去吧！,0
2025/3/21 11:33,把黑粉转给我，我来处理[呲牙],1
2025/3/21 11:33,这是什么粉丝 [蜜蜂狗],1
2025/3/21 11:33,要不退一段时间吧，状态不好就好好休息,0
2025/3/21 11:33,竟然是手机短信！精准发送，这太可怕了[黑脸][黑脸][黑脸],1
2025/3/21 11:33,赵露思很棒很好 很喜欢看她演的电视剧 真正的粉丝是欣赏 是希望她越来越好 而不是去控制她[比心]达不到目的甚至去开盒[微笑]这不是粉丝干的事 也不是人能干出的事[微笑],1
2025/3/21 11:33,演员 艺人 还是不能太玻璃心,1
2025/3/21 11:33,同意,0
2025/3/21 11:33,粉丝说账号不在他手里,0
2025/3/21 11:34,真[噢买尬]奇怪，以前她顺着粉丝的时候什么都听粉丝的你们说她太宠粉丝不知道反抗，现在公开黑粉短信了又说她,1
2025/3/21 11:34,@大桃花,0
2025/3/21 11:34,如果她也引导粉丝开盒这人，那就很戏剧了[看],0
2025/3/21 11:34,为啥要听她们的废话，黑粉不理她，别回应她就好了,1
2025/3/21 11:34,那个黑粉竟然有她电话号码，我奇怪的关注点[捂脸][捂脸],0
2025/3/21 11:34,还是以前胖点好[玫瑰][玫瑰][玫瑰][玫瑰],0
2025/3/21 11:34,天天事儿多   每次看到的不是因为作品 都是这样杂七杂八的事儿,0
2025/3/21 11:34,[尬笑]可是赚那么多钱，背后就是要承受一定的舆论压力呀。,0
2025/3/21 11:34,姓赵的都可怜哦，那么多黑粉,1
2025/3/21 11:34,哎，娱乐圈是真是不好混呀，好好的人，进入娱乐圈就要被骂被黑，心理压力多大呀，还是好好生活吧[爱心][爱心][爱心],0
2025/3/21 11:34,不是她的粉，但是觉得为什么要这么对她呢[泣不成声][泣不成声]女孩子跟女孩子应该更能共鸣，而且女孩子都是这个世界上最值得尊重的,0
2025/3/21 11:34,我觉得还是专业的人做专业的事比较好,0
2025/3/21 11:34,我要是有这化妆技术，骂我也认了,1
2025/3/21 11:34,太好了，她终于不内耗了[酷拽]谁也经不起这么被骂啊，[酷拽],1
2025/3/21 11:34,不管别人怎么说 做自己,0
2025/3/21 11:34,终于肯说实话了[黑脸],1
2025/3/21 11:34,公关运营是真花大钱了，继续整容继续抑郁,1
2025/3/21 11:34,矫情,1
2025/3/21 11:34,做自己最好。加油！[赞][赞],0
2025/3/21 11:34,这是啥情况啊,0
2025/3/21 11:34,有种不定期发疯的感觉,1
2025/3/21 11:35,很怀念以前黑粉和ss人人喊打的时代[流泪],1
2025/3/21 11:35,唉，自从带娃，什么朋友圈，什么联系人，闺蜜朋友，都没了，眼里只有娃[捂脸],0
2025/3/21 11:35,一个明星对现实认知发生了改变，有必要这么关注吗？还有谁还不知道自己的平凡吗？,1
2025/3/21 11:35,315问题又被覆盖了,0
2025/3/21 11:35,为什么什么问题都要怪到粉丝身上呢，除了粉丝没人会讨厌你？,1
2025/3/21 11:35,她粉丝要求的呀[宕机],0
2025/3/21 11:35,说的没错啊,0
2025/3/21 11:35,说实话哪个女明星没被黑过，只能说内核不够强大，第一次见把粉丝私信也发出来的[捂脸]（档期已满[比心],1
2025/3/21 11:35,不理解为什么有的人总是恶语相向 不喜欢可以不看啊 为什么要伤害别人,0
2025/3/21 11:35,人家小姑娘很漂亮，化妆更漂亮啊！女孩就美美哒,0
2025/3/21 11:35,现在天天什么这样的事情都能上热搜吗？同个人上热搜,1
2025/3/21 11:35,笑死我了，又是玉玉症，现在是个人就有玉玉症，厉害了，还有一堆在这共情的，人家躺在钱上玉玉，你躺在，哦对不起，你都不配躺着，你得努力工作早九晚九，一周七天，你在这共情个蛋！,1
2025/3/21 11:35,不懂她染个头发上八百次热搜[躺平]我点开微博热搜一看全是她的词条，翻来覆去也是那些东西[躺平],1
2025/3/21 11:35,化个妆干ta什么事！管的够宽的！,1
2025/3/21 11:35,还记得在马上说脏话！没素质,1
2025/3/21 11:35,感觉现在的网友为啥一味地攻击女性，咋没见说男的[打脸],1
2025/3/21 11:35,岳母咋生的呀？这么完美的女孩子,0
2025/3/21 11:35,哈哈哈她粉丝脸大如盆,1
2025/3/21 11:36,都是人，善良一点吧，善恶到头终有报，只争来早与来迟,0
2025/3/21 11:36,人生是自己的，她自己想做什么就做什么啊，没必要去攻击去说别人什么。,0
2025/3/21 11:36,难道重点不应该是怎么得到他的手机号码还能发短信的吗？,0
2025/3/21 11:36,再娱乐圈得有颗强大的内心,0
2025/3/21 11:36,格格巫,0
2025/3/21 11:36,真的挺不理解偏激的去私信辱骂，还有不同明星有些粉丝互怼的不可开交,1
2025/3/21 11:36,言语能害死人的,1
2025/3/21 11:36,不要去道德绑架别人，每个人都有自己生活，不是为了谁而活。,0
2025/3/21 11:36,露丝不要理会那些喷子，他们只是嫉妒你又美又努力！！你值得好的，不好的言论自动屏蔽，不是每个人都善良，网络很多恶魔。你要好好的！,0
2025/3/21 11:36,@今晚一定要早睡 真坏 嘴真坏,1
2025/3/21 11:36,好好休息吧，营业就一直好不了，一直焦虑,0
2025/3/21 11:36,长大了,0
2025/3/21 11:36,这个世界就不能多一点包容和爱吗？诋毁别人自己能得到什么[发呆],0
2025/3/21 11:36,取关不是好几个月以前的事了吗，现在突然拿出来说是想干嘛[愉快][赞],0
2025/3/21 11:36,她电话号码那些人哪里来，好可怕,1
2025/3/21 11:36,粉丝：我们露天下第一 被取关的难道就没有错吗,1
2025/3/21 11:37,这就不是粉丝,1
2025/3/21 11:37,我希望你快乐??赵露思??,0
2025/3/21 11:37,虽然我对她无感。但是女孩子想做自己想做的事就做好了，与别人无关。还有这个hao，大家不用太放心上。它发的很多是e  yi博流量的，其他的有些yxh好歹是实事求是。,0
2025/3/21 11:37,路人，生病了就好好养病，不要再关注网络上的东西了，那么严重 ，好好休息两三年再出来。,1
2025/3/21 11:37,黑粉咋知道她手机号的？,1
2025/3/21 11:37,真的有人这么恶毒吗，为什么要这样，不喜欢也不要恶意攻击啊,0
2025/3/21 11:37,不喜欢至少不要谩骂吧 多讨厌一个人才能费尽心思去扒出来手机号发短信骂 多大仇怨 假如每天都有几百条信息都是谩骂指责换个人都受不了吧 况且他也没做错什么吧,0
2025/3/21 11:37,我的天化妆是什么违法的事吗 怎么他连化妆都算黑料啊 别的明星引导网暴素人都没动静,1
2025/3/21 11:37,好看,0
2025/3/21 11:37,1、抵制开盒！ 2、尊重！不要对别人的喜好和人生有太多的掌控欲。 3、化妆，洗把脸的事儿，喜欢的就看不喜欢的就pass！多大的事儿～ 4、我家姑娘就这点小爱好，我恨不能把全天下最好的彩妆都捧到她面前随她翻牌！ 5、愿每个女孩、每个人都能有自己的不伤害他人的爱好，不被质疑，享受其中！[/cp],0
2025/3/21 11:37,管你什么人[微笑],0
2025/3/21 11:37,做自己！爱谁谁！,1
2025/3/21 11:37,虽然不是她的粉丝，但感觉她好惨啊[暗中观察][暗中观察],0
2025/3/21 11:37,@Lucyyy,0
2025/3/21 11:37,想起来一位故人,0
2025/3/21 11:37,粉丝让被取关的反思一下,1
2025/3/21 11:37,赵露思好棒,0
2025/3/21 11:37,某女星大粉公开支持开盒，还网暴素人女孩#喜塔腊容音#,1
2025/3/21 11:38,我也想去骂她，小丑,1
2025/3/21 11:38,她不是生病了么，现在是什么情况？发生了啥看不懂[皱眉],0
2025/3/21 11:38,[泣不成声],0
2025/3/21 11:38,Bio栀子之前好像见朋友用过，挺不错的,0
2025/3/21 11:38,现在什么事情都能上热搜吗？天天都是那个人,1
2025/3/21 11:38,这个短信，像粉转黑,1
2025/3/21 11:38,这是粉转黑的吧,1
2025/3/21 11:38,@我没有__,0
2025/3/21 11:38,她没有做上天害理的事吧，干嘛要这样攻击她，这点是真的想不明白[捂脸][捂脸][捂脸],0
2025/3/21 11:38,喜欢就喜欢不喜欢就不喜欢，没必要去骂人家吧[发呆],0
2025/3/21 11:38,…这种真的叫粉丝吗[捂脸][捂脸][捂脸],1
2025/3/21 11:38,挺好的，做自己，别管那些黑粉，神经病,1
2025/3/21 11:38,露思宝宝，一定会越来越好的，拒绝开盒，无论是对普通人还是明星都很影响生活,0
2025/3/21 11:38,@晚点喝可乐?? [宕机]总是对女孩子恶意那么大吗,1
2025/3/21 11:38,划走了，还是忍不住评论一下，赵去年不少妆容的确觉得不好看，都没她素颜淡妆好看。但是！！！这是啥破粉丝，都是侮辱词语,1
2025/3/21 11:38,那么美 演的剧也好看，怎么还有黑粉。这世界真是什么都有,1
2025/3/21 11:38,她不适合做明星说实话，就是不适合这个职业，内耗太严重了，可以选择做一个上班族小透明那种或者自己做老板,1
2025/3/21 11:38,又闹腾了[捂脸]，刷存在感,1
2025/3/21 11:38,为啥啊，发生了什么,0
2025/3/21 11:38,点啦,0
2025/3/21 11:38,好可爱,0
2025/3/21 11:39,想在肮脏的演艺圈生存就要练就强大的心理承受能力，否则还是跳槽吧！[抠鼻],1
2025/3/21 11:39,不喜欢就别看呗，叽叽歪歪的,1
2025/3/21 11:39,像我这样的普通老百姓，除了挣钱，根本没有那么多屁事,0
2025/3/21 11:39,露思去年取关的，今年又莫名其妙上了热搜，为谁挡枪，好难猜啊[憨笑],0
2025/3/21 11:39,唉，这么年轻就抑郁，惋惜了！抑郁对自己或对身边的人都很痛苦，别钻牛角尖，对自我要求放低一点，相信万事没有绝对的完美，要懂得知足，只要身体健康，关心你的人或者你关心的人都安康就知足吧，这样想的话你会活得自在一点，不知道还能说点啥的，愿你早日走出阴霾吧！,0
2025/3/21 11:39,@三月,0
2025/3/21 11:39,不要管别人怎么说做自己，要像刘晓庆一样强大,0
2025/3/21 11:39,以身体为重先休息一下吧，希望能看到以前那个快乐开朗的你,0
2025/3/21 11:39,医学奇迹,0
2025/3/21 11:39,蛮好的，某朋友背刺我，给她机会了，可别个不当回事，可能别个朋友多有没有我无所谓，知道事情前因后果的叫我大度见面打招呼什么的，我不行，我做不来，我拉黑所??，去他妈的，要讨好自己不是吗,1
2025/3/21 11:39,Bio栀子之前好像见朋友用过，挺不错的,0
2025/3/21 11:39,刚出道那会儿长得可爱甜美很有辨识度。现在整成网红大众脸[尬笑],1
2025/3/21 11:39,她为啥总被黑呀[尬笑],1
2025/3/21 11:39,其实我们普通人感受不到，真的有个别不认识的人辱骂你的时候，真的很难受，我没有对任何人有恶意，但他们莫名其妙的骂我，很过分！只能自我消化，自我疏导，因为现在精神上有病的人太多了[比心][比心][比心],0
2025/3/21 11:39,某人引导网暴五年的事情没一个人发，化妆取关屁大点事百万营销号就出动了哇塞[憨笑],1
2025/3/21 11:39,烦死了，抖音点了好多不感兴趣还推，xhs和wb也沦陷了，这女的到底要干嘛,1
2025/3/21 11:39,现在什么事情都能上热搜了吗？天天都是同个人。,0
2025/3/21 11:39,她好韩系。超喜欢她,0
2025/3/21 11:39,剩下那三个人是谁,0
2025/3/21 11:39,。,0
2025/3/21 11:40,@要在一起呀 我日啊,1
2025/3/21 11:40,要加油，要爱自己，不要内耗，其他人不能左右你的人生。,0
2025/3/21 11:40,善良点不好吗？,0
2025/3/21 11:40,挺好的女孩子  但是现在败坏了很多路人缘  包括我  我也不喜欢也不黑   希望她能平平安安的  更多的希望是退圈这样对她特别好  去带货比在演艺圈强  即开心又没有偶像包袱,1
2025/3/21 11:40,不要在乎黑粉  喜欢你的人很多 [比心][比心][比心],0
2025/3/21 11:40,不是挺好看的嘛,0
2025/3/21 11:40,赵露思的黑料居然是自己化妆[鼓掌][鼓掌][鼓掌],1
2025/3/21 11:40,再刷到赵露思我无副作用彩票中一亿[感谢],0
2025/3/21 11:40,怎么会有心思这么恶毒的人 生活是有多不幸,1
2025/3/21 11:40,赵露思好好的,0
2025/3/21 11:40,为什么会知道她的手机号呀？,1
2025/3/21 11:40,我连粉丝都清零呢，何况取关[泪奔],0
2025/3/21 11:40,做明星了内心要强大，因为不是谁都是有素质，喜欢你的，内心不强大就不要走这条路，哪个顶流不是走过漫天骂声，网爆走过的,1
2025/3/21 11:40,她咋了[宕机],1
2025/3/21 11:40,好好演戏吧，整这些有的没的,1
2025/3/21 11:40,有些人真是闲的 人家愿意干啥就干啥呗 啥都管,1
2025/3/21 11:40,烦死她了现在[敲打],1
2025/3/21 11:40,1、抵制开盒！ 2、尊重！不要对别人的喜好和人生有太多的掌控欲。 3、化妆，洗把脸的事儿，喜欢的就看不喜欢的就pass！多大的事儿～ 4、我家姑娘就这点小爱好，我恨不能把全天下最好的彩妆都捧到她面前随她翻牌！ 5、愿每个女孩、每个人都能有自己的不伤害他人的爱好，不被质疑，享受其中！[/cp],0
2025/3/21 11:40,人家化什么妆也要被喷？ 真爱粉不管她怎么样都会喜欢她 这发短信的人心理这么阴暗吗,1
2025/3/21 11:40,这丫头当初脸圆圆时候多好看，感觉那时候她快乐多一些，转型之后性感了可随之而来的就是各种压迫。营业。自然就有黑粉了得到了知名度也得承受很多外界不良因素,0
2025/3/21 11:40,得学会保护好自己啊！,0
2025/3/21 11:40,@–Wb @雯77z @呆一点 @Karry Wang [快哭了][快哭了],0
2025/3/21 11:40,鼻梁比我人高[流泪][流泪][流泪][流泪],0
2025/3/21 11:40,@: 誰  有    斑？？？我吧我用的分响给她 经历过[苦涩],0
2025/3/21 11:40,玉玉症还没好全呢,1
2025/3/21 11:41,应该讲百度开盒,1
2025/3/21 11:41,我始终认为两个不相干的人不喜欢就不用去看，到底过成什么样才会私信骂人，即便对方是明星,0
2025/3/21 11:41,怎么会有这样的人，,1
2025/3/21 11:41,谁买的好难猜啊[憨笑],0
2025/3/21 11:41,她粉丝都能开盒她本人，不敢想[尬笑]她对家之前被她粉丝开成什么样子了。。。。。。。,1
2025/3/21 11:41,就是整容后没以前好看了。好好的干啥要去整容呢,1
2025/3/21 11:41,明星不好当啊，明星只是种职业，不代表可以随心所欲做自己,0
2025/3/21 11:41,最可怕的是被开盒 而且就怕是知道赵露思最在意的是粉丝 用着粉丝的语气骂她 其实根本就是黑粉 前段时间闹的沸沸扬扬的不就是妆造这件事？借着这个事说 而且如果真的是粉丝会开盒自己喜欢的明星吗？,1
2025/3/21 11:41,@Wy?? 我一个月挣4000天天还得接受pua呢,1
2025/3/21 11:41,那她留了谁啊,0
2025/3/21 11:41,富锌牛脾肽我已经在谋宝种草了 果然还得是明星用的 太赞了,0
2025/3/21 11:41,真的感觉她变了，真的没有以前好看了,1
2025/3/21 11:41,他不是病了以后的那个第一次发抖音的时候就清掉了吗，清个关注列表还要骂是吧，他不想关注就不关注呗,1
2025/3/21 11:41,莫名其妙 无脑的人还是很多的[尬笑][尬笑][尬笑][尬笑][尬笑] 招谁惹谁了 说话那么难听,1
2025/3/21 11:41,这种压根就不是人 ，就是羡慕嫉妒呗，自己活的不如人家…,1
2025/3/21 11:41,她是不要解约了？艺人解约前才会清关吧。,0
2025/3/21 11:41,#喜塔腊容音#,0
2025/3/21 11:41,我知道答案#喜塔腊容音# 去看看,0
2025/3/21 11:42,屁大点事,1
2025/3/21 11:42,娱乐圈谁不是被骂，有的明星被骂的比这还要难听，也没见别人天天出来卖惨博同情啊[捂脸],1
2025/3/21 11:42,那咋了,0
2025/3/21 11:42,有一部分人心理有毛病，不喜欢不看就行这。骂人家干嘛呢,1
2025/3/21 11:42,我建议她应该关闭微博，关闭抖音，不听不看，做自己，何必在意别人说什么，,0
2025/3/21 11:42,这不是粉丝，这是神经病，打着爱的名义尽干诋毁＆伤害她的事,1
2025/3/21 11:42,笑死，取就取呗,0
2025/3/21 11:42,我的妈啊，她微博第一张图太吓人了吧。。点开我都傻眼了，真的不是粉丝啊，但是对女生戾气怎么能有这么重呢[泣不成声],1
2025/3/21 11:42,挺好的 剧是真的烂,0
2025/3/21 11:42,既然刷到这里了，就来腾讯视频预约一下露思的许我耀眼吧,0
2025/3/21 11:42,不用化妆都很漂亮,0
2025/3/21 11:42,明星也难[黑脸],1
2025/3/21 11:42,再刷到赵露思我无副作用彩票中一亿[感谢],0
2025/3/21 11:42,怎么感觉在走爽的路子,0
2025/3/21 11:42,她鼻子咋了？,1
2025/3/21 11:42,赵露思是谁啊？ Ysx又是谁啊[捂脸][捂脸][捂脸],0
2025/3/21 11:42,公众人物应该给大众树立一个积极正面的形象，她树立的是什么形象？,1
2025/3/21 11:42,1、抵制开盒！ 2、尊重！不要对别人的喜好和人生有太多的掌控欲。 3、化妆，洗把脸的事儿，喜欢的就看不喜欢的就pass！多大的事儿～ 4、我家姑娘就这点小爱好，我恨不能把全天下最好的彩妆都捧到她面前随她翻牌！ 5、愿每个女孩、每个人都能有自己的不伤害他人的爱好，不被质疑，享受其中！,0
2025/3/21 11:42,[流泪],0
2025/3/21 11:42,能讲讲喜塔腊容音吗,0
2025/3/21 11:42,明明一个阳光开朗的女孩子，怎么就成了一个郁郁寡欢的人了。你不该是这样的！好好爱惜自己，加油！,0
2025/3/21 11:42,不明白为什么有人带着那么大的恶意 她明明就是一个漂亮的女人,1
2025/3/21 11:42,取关取关呗[捂脸]就凭他给小谢发声只要他没杀人放火犯法都能溺爱,1
2025/3/21 11:42,嘴真毒这样说一个女生,1
2025/3/21 11:42,#喜塔腊容音# 原来是这样 大家去看看,0
2025/3/21 11:43,曾黎也取了吗,0
2025/3/21 11:43,yxh滚吧[憨笑][憨笑][憨笑],1
2025/3/21 11:43,左上角还有四百多条短信,0
2025/3/21 11:43,到底多坏的人才会去攻击这么好的她呢,1
2025/3/21 11:43,就是整容后没以前好看了。好好的干啥要去整容呢,1
2025/3/21 11:43,1、抵制开盒！ 2、尊重！不要对别人的喜好和人生有太多的掌控欲。 3、化妆，洗把脸的事儿，喜欢的就看不喜欢的就pass！多大的事儿～ 4、我家姑娘就这点小爱好，我恨不能把全天下最好的彩妆都捧到她面前随她翻牌！ 5、愿每个女孩、每个人都能有自己的不伤害他人的爱好，不被质疑，享受其中！[/cp],0
2025/3/21 11:43,真讨厌她,1
2025/3/21 11:43,粉丝能拥有赵露思的电话，羡慕[流泪],0
2025/3/21 11:43,可见这人有多讨厌,1
2025/3/21 11:43,本来这个妆容就丑 不过她自己喜欢就行 不评价,0
2025/3/21 11:43,粉丝怎么会有她的手机号呢,0
2025/3/21 11:43,是的，远离没用的社交，远离负能量[玫瑰],0
2025/3/21 11:43,就算不喜欢她也没必要这么伤人吧？,0
2025/3/21 11:43,公众人物谁没有黑粉，就是太在意了，先是在意自己的外表去微调，她说之前没人感觉她长的好看，但是她之前的粉丝也不少，也挺出圈的(之前好看，有意见就是你对）。其次太在意黑粉的恶意，明星哪个没有黑粉，谁没有被追着骂过，既然选择走这一行，就要有抗压能力。最后生病确实让人心疼，但是生病和帮小谢有点太作秀了[黑脸]让人感觉很奇怪。,1
2025/3/21 11:43,再刷到赵露思让我无任何副作用中彩票500万,0
2025/3/21 11:43,为什么老去非常过度在意黑粉做明星网红，哪个不会 都会遇到这种黑粉私信,0
2025/3/21 11:43,她一直把自己置于舆论中心 真的生病了就好好养病吧 很多事明显做了就会被关注被讨论,1
2025/3/21 11:43,我抑郁症犯的时候，也会删好多人。,0
2025/3/21 11:43,我发现真的是有太多人活得不如意了，才会去想抨击别人，有这点时间想着怎么让自己变得更好，过的更好不行吗,1
2025/3/21 11:43,与世界为敌一样 多体面啊,1
2025/3/21 11:43,这回复不对吗？别人给我递个东西我都会说谢谢呢,0
2025/3/21 11:43,点了，共情不了一点,0
2025/3/21 11:44,爱化化吧，审美不同风格而已，可是取关这一招真的很不能让人理解，前阵子不才拉了一堆人帮忙宣传剧嘛，帮忙宣传的时候是朋友，剧宣过后就是“断舍离”了么？,1
2025/3/21 11:44,大可不用理会，肯定是水军,1
2025/3/21 11:44,@烦躁白色土豆饼??,0
2025/3/21 11:44,我不明白为什么要语言攻击人，虽然我不追星也不讨厌，但是我不会语言攻击不喜欢就不看就好了,0
2025/3/21 11:44,1、抵制开盒！ 2、尊重！不要对别人的喜好和人生有太多的掌控欲。 3、化妆，洗把脸的事儿，喜欢的就看不喜欢的就pass！多大的事儿～ 4、我家姑娘就这点小爱好，我恨不能把全天下最好的彩妆都捧到她面前随她翻牌！ 5、愿每个女孩、每个人都能有自己的不伤害他人的爱好，不被质疑，享受其中！[/cp],0
2025/3/21 11:44,她应该沉寂一段时间，过自己的日子，工作停下来，有合约的该赔钱赔钱，有些合作方不见得不近人情，有些合作方会愿意支持她的吧。不要再让自己暴露在互联网和大众视野之下了，现在要做的就是把自己放到最安静的环境里，沉淀自己……,0
2025/3/21 11:44,可以讲讲喜塔腊容音吗[黑脸]比起这个我更想知道喜塔腊容音网暴事件,1
2025/3/21 11:44,@Zr 她是不是住在热搜上,1
2025/3/21 11:44,网上有人说，有网友骂她是因为她不承认整容了，非说自己化妆才样子变了，不知道真假,1
2025/3/21 11:44,我觉得如果觉得不好，可以委婉的提一下，没必要那么粗暴吧,0
2025/3/21 11:44,"@沈明媚""",0
2025/3/21 11:44,不喜欢就绕着走呀，为啥要黑呢[快哭了],1
2025/3/21 11:44,赵露思发生啥了，断网了我,0
2025/3/21 11:44,哎  主要是现在明星谁不是被骂过啊[笑哭]  有些明星骂的更惨  还是自己太看重别人想法了  只是粉丝只是黑粉  没必要太在意 做好自己的本职事业就好  这样真的会抑郁的,0
2025/3/21 11:44,都不知道这世道咋了，人家一小姑娘碍着你啥了，非要去抹黑[尬笑],1
2025/3/21 11:44,当明星都有黑粉，每个人都被这样骂过. 明星没那么好当.,0
2025/3/21 11:44,我服了[捂脸]没说过他化妆丑，我靠啊，我天天刷到，我靠，大数据听着，我不要再刷到这个了，我靠,1
2025/3/21 11:44,哇塞！哇塞！露思莫名其妙的上热搜了，谁干的好难猜哦[黑脸],1
2025/3/21 11:44,无聊,0
2025/3/21 11:44,搞不懂这些网络喷子 在键盘上少打两个字会怎么样啊 真无语,1
2025/3/21 11:44,搞不懂 你们觉得那些电视剧不好看怎么不去骂导演呢抓着她骂干嘛？她也只不过是照着剧本演出来 又不是人家自己即兴发挥 有些人好像有啥大病似的 明星咋了 明星也是普通人啊 人家不可以自己化妆吗？不可以做自己喜欢的事情吗？就因为她现在成为明星所以身边的一切都要被精心包装吗？化妆要被骂 活泼开朗有很多小表情要被骂 做公益也要被骂 就连人家生病你们也不放过 说一些刺痛人心的话 为什么不可以做到不喜欢但尊重呢？你们只觉得这只是拿起键盘打打字的事情 这就是网络暴力啊！网上有多少被网络暴力最后一条鲜活的生命就这样没了的 你们只是对她有很大的偏见 你们就是非常厌恶她 所以导致她做什么在你们眼里就是装 就是假的演的 真的挺恶的 说实话 对于一些脑瘫也不想多说什么吧 只希望赵露思女士不要受舆论的影响 快快乐乐的生活[抱抱你][抱抱你],0
2025/3/21 11:44,确实 c,0
2025/3/21 11:44,以前我觉得她好好看，火星情报局里一眼万年的感觉，小巧精致的五官，又甜又萌，我和我老公都说她好好看。可是现在呢，越来越像韩国的尹恩惠了，原来的辨识度反而没了。,0
2025/3/21 11:44,喜塔腊容音是什么梗，没有看懂,0
2025/3/21 11:44,现在状态这么不好，经纪人团队连这种短信都能给她看到，怕是觉得他现在身体太好。,1
2025/3/21 11:44,她好像在解约，有可能会输她是在帮他们，因为早晚会取关，而且她一但打官司输了，有可能就退圈了，而且她发微信了每个人都发了，说我取关哥哥姐姐微信喽，哥哥姐姐记得取关我。,1
2025/3/21 11:44,作到什么时候,1
2025/3/21 11:44,她自己的脸为啥不能随便画[捂脸]某些人对别人的脸占有欲别太强[捂脸],1
2025/3/21 11:44,一个明星看看多拽哦,1
2025/3/21 11:45,人经历一次大病，真的会看透很多人,0
2025/3/21 11:45,实话[捂脸],0
2025/3/21 11:45,抵制网暴，言语攻击就是软刀子杀人……,0
2025/3/21 11:45,[捂脸][捂脸][捂脸],0
2025/3/21 11:45,我是路人甲！喜欢看露思的剧！不粉也不黑！[一起加油],0
2025/3/21 11:45,[看],0
2025/3/21 11:45,还来？,1
2025/3/21 11:45,真正生病的人是不会这样的,1
2025/3/21 11:45,露思加油[比心],0
2025/3/21 11:45,你把伤痛展现给别人，别人不会心疼你，只会揪住你的伤痛踩你，吸取教训吧,1
2025/3/21 11:45,@睡够25小时 @菜香吃不.,0
2025/3/21 11:45,。。。天天热搜。。。。,0
2025/3/21 11:45,关不关注的微博有啥重要的[尬笑]微博一卸载啥都没了，关注了不关注又如何哈哈哈哈,0
2025/3/21 11:45,1、抵制开盒！ 2、尊重！不要对别人的喜好和人生有太多的掌控欲。 3、化妆，洗把脸的事儿，喜欢的就看不喜欢的就pass！多大的事儿～ 4、我家姑娘就这点小爱好，我恨不能把全天下最好的彩妆都捧到她面前随她翻牌！ 5、愿每个女孩、每个人都能有自己的不伤害他人的爱好，不被质疑，享受其中！[/cp],0
2025/3/21 11:45,她发条微博800营销号都活过来了，那么我想问了素人女孩被网暴你们直接装死吗,1
2025/3/21 11:45,谁有斑，分想你[比心]打招呼,0
2025/3/21 11:45,我觉得赵露思的电视剧很好看 她很可爱,0
2025/3/21 11:45,@每天叭叭叭叭 [泣不成声],0
2025/3/21 11:45,所以怎么取关？有好就个关注找不到。,0
2025/3/21 11:45,憋笑挑战吗 那我输了,0
2025/3/21 11:45,这个正能量了？没见你说呢？？,1
2025/3/21 11:46,爽！,0
2025/3/21 11:46,我要是能挣这么多钱随便你们骂,1
2025/3/21 11:46,不爱她请放过她,0
2025/3/21 11:46,说真的前面的说的是有道理的,0
2025/3/21 11:46,真粉丝怎么可能会这样，这种以粉丝名义去辱骂的真可怕怎么会坏到这种程度……,1
2025/3/21 11:46,？,0
2025/3/21 11:46,不过话说回来为什么没有化妆师[宕机],1
2025/3/21 11:46,你让他来说我，我脸皮厚。嘴巴长在他身上，随便他说什么，莫要为他人的错误惩罚自己，我会笑的比他还开心。[捂脸],0
2025/3/21 11:46,这个社会怎么了？这些事都能上热门。。。可悲,1
2025/3/21 11:46,这[泪奔][泪奔],0
2025/3/21 11:46,越来越疯了[捂脸],1
2025/3/21 11:46,又来要画面了[赞],0
2025/3/21 11:46,啥呀，取关取关呗[捂脸],0
2025/3/21 11:46,露思小女孩太惨了吧，生病了都要被拉出来挡枪，某家可真不是人呀[憨笑]网暴开盒素人引导网暴，美美睡觉咯[憨笑]晚安[憨笑],1
2025/3/21 11:46,人经历一次大病，真的会看透很多人,0
2025/3/21 11:46,[看],0
2025/3/21 11:46,当明星第一点就是要内心强大,0
2025/3/21 11:46,喜欢赵露思也喜欢看她跟精灵一样的演技，就是喜欢[玫瑰],0
2025/3/21 11:46,有次被人骂，我就粘贴复制，他说啥我就复制啥，给他发回去，他崩溃了[泪奔],1
2025/3/21 11:46,那么美的女孩子，为啥有这种人说这种话,1
2025/3/21 11:46,水能载舟 亦能覆舟,0
2025/3/21 11:46,以前的灵性不见了,0
2025/3/21 11:46,小意思,0
2025/3/21 11:46,应该的,0
2025/3/21 11:46,爽，支持赵露思维权,0
2025/3/21 11:46,不是这个热搜有什么意思，我倒是希望网暴素人的热搜能顶上去，人家还欠一个道歉,1
2025/3/21 11:46,#赵露思发了黑粉短信# 舒服了,1
2025/3/21 11:47,1、抵制开盒！ 2、尊重！不要对别人的喜好和人生有太多的掌控欲。 3、化妆，洗把脸的事儿，喜欢的就看不喜欢的就pass！多大的事儿～ 4、我家姑娘就这点小爱好，我恨不能把全天下最好的彩妆都捧到她面前随她翻牌！ 5、愿每个女孩、每个人都能有自己的不伤害他人的爱好，不被质疑，享受其中！[/cp],0
2025/3/21 11:47,这越看越像新冠后遗症！特别是还过敏！,0
2025/3/21 11:47,这就是辱追粉吗，我滴天,1
2025/3/21 11:47,我喜欢,0
2025/3/21 11:47,再刷到她我中一千彩票,0
2025/3/21 11:47,我就是fw快攻击我[看],1
2025/3/21 11:47,家人们，弱弱问一句， 谁 鼻炎 把我的全愈发你，纯分[比心][比心],0
2025/3/21 11:47,真的装,1
2025/3/21 11:47,又来[赞],0
2025/3/21 11:47,[展开说说],0
2025/3/21 11:47,有些人真挺奇怪的，嘴专门用来对别喷恶语相向的，心得有多歹毒才这么嘲讽诋毁别人,1
2025/3/21 11:47,支持赵露思维权！,0
2025/3/21 11:48,富锌牛脾肽我已经在谋宝种草了 果然还得是明星用的 太赞了,0
2025/3/21 11:48,她真的病了以后变得勇敢坚强了很多。以前她就是软软糯糯的小姑娘，绝对不会用微博这么刚地表达情绪，这条微博看得出来她已经不一样了，而且她取关了很多人吧，感觉她是真的看开了，什么都不在乎了，只做自己想做的。这个女孩子真的长大了,0
2025/3/21 11:48,他们是怎么知道本人手机号发送短信的 果然都是透明公开的哈 花点钱就能有一个公民的联系方式[赞][赞][赞],1
2025/3/21 11:48,生活是自己的，不是取悦别人，病了就好好休息,0
2025/3/21 11:48,人家爱自己化就自己化，看不过去请闭上你的眼,1
2025/3/21 11:48,别太把自己当回事，很多事情都能看开,0
2025/3/21 11:48,真会作妖,1
2025/3/21 11:48,挺好的一小姑娘，不惧流言，做你自己就好。,0
2025/3/21 11:48,别再用赵露思挡其他新闻了，，真的是实惨,1
2025/3/21 11:48,再刷到赵露思我无副作用彩票中一亿[感谢],0
2025/3/21 11:48,我有的时候实在不理解有些黑粉的脑回路，这样也不行那样也不行，对女明星这么苛刻那为什么不对现在的小鲜肉男明星高要求，这真是双标[憨笑],1
2025/3/21 11:48,不是啊她怎么这么多故事……（纯路人）,0
2025/3/21 11:48,望周知,0
2025/3/21 11:48,赵露思真的露头就秒，做公益收养小动物没看有什么波澜，化个妆被骂成啥了，路人已经狠狠怜爱了[泪奔][泪奔],1
2025/3/21 11:48,上过班，天天看到这个人就烦了,1
2025/3/21 11:48,我们会越来越好的，粉露思一辈子，幸福每一天//@2024露思带我飞:赵露思好棒，可露丽好棒，感谢支持的每一个人,0
2025/3/21 11:48,支持赵露思维权！,0
2025/3/21 11:49,其实做她真爱粉也是真的挺累的,0
2025/3/21 11:49,@挖掘机老张 我很气愤。,1
2025/3/21 11:49,烦死了谁充的钱推我这来了,1
2025/3/21 11:49,清列表可以理解但是为啥不取关呢让人家顶流大咖主持人都当你的小粉丝吗[赞][捂脸]有一些甚至是帮她宣传过电视剧的就这样水灵灵的取关了难道以后是不会合作了吗,0
2025/3/21 11:49,来时路不要爆给观众看，那将成为别人伤害你的利器，没有谁能真正做到感同身受,0
2025/3/21 11:49,真的不懂微博还在骂她的人 重点不是在抵制开盒吗,0
2025/3/21 11:49,我喜欢看星汉灿烂，但是她后面化的妆确实不好看啊[捂脸]粉丝不喜欢她的妆呗,0
2025/3/21 11:49,怎么天天热搜赵露思的[捂脸]好烦[捂脸],1
2025/3/21 11:49,现在只剩一个了！很好奇那个人究竟是谁,0
2025/3/21 11:49,不是，一次生病上了八百次热搜，又化妆什么的又上，我以前还挺喜欢的，说实话我真的不懂了,1
2025/3/21 11:49,也不知道哪来这么多黑粉 加油露思,1
2025/3/21 11:49,@小予ovo,0
2025/3/21 11:49,爽 就这个赵露思维权爽,1
2025/3/21 11:49,很久之前就取关了为什么现在虞书欣黑了出来这个事儿又上热搜了，我不说了,1
2025/3/21 11:49,支持维权,0
2025/3/21 11:49,可能杂志卖的不好。出来卖惨一下。让粉丝再多买点,1
2025/3/21 11:49,#赵露思黑粉登报道歉并手写道歉信# 支持露思宝贝维权！,0
2025/3/21 11:49,#赵露思黑粉登报道歉并手写道歉信# 支持赵露思维权,0
2025/3/21 11:50,她不挺好的吗干嘛都骂她,1
2025/3/21 11:50,我支持她这样做 我就是我 我想咋地咋滴,0
2025/3/21 11:50,别喷了，吃饱饭就行,0
2025/3/21 11:50,[赞][赞][赞][赞]我觉得你很美,0
2025/3/21 11:50,真是无语，喜欢她可以去关注她去看她的戏，不喜欢你可以不看可以不关注，不要弄的人跟欠你的一样人家小女孩又没犯法，世界上这么多人，还能都按照你喜欢的样子活 可搞笑[捂脸][捂脸],0
2025/3/21 11:50,要不你直接骂他穷逼 他就破防了嘛[看],1
2025/3/21 11:50,这是黑粉 不是粉丝 这个营销号说话一点都不严谨,1
2025/3/21 11:50,这是要退出娱乐圈了,0
2025/3/21 11:50,我们前公司老板说我们设计部就是一坨狗屎，那又怎么样，给我钱就行[色],1
2025/3/21 11:50,赵露思一有动静 营销号挣钱的机会就来了,1
2025/3/21 11:50,她粉丝战斗力强。你可要小心了,1
2025/3/21 11:50,明星解约之前都是要取关所有人的吗 都是合作关系为什么不能取关,0
2025/3/21 11:50,粉丝觉得是“女王行为”,0
2025/3/21 11:50,支持赵露思维权,0
2025/3/21 11:50,告黑不会只是简单一页道歉就过去了，触犯到法律行为一定会有惩罚，不要为了一时嘴嗨献祭自己的人生,1
2025/3/21 11:51,要退出了吗,0
2025/3/21 11:51,没有新闻了吗,0
2025/3/21 11:51,那就多多关注喜塔腊容音吧[憨笑],0
2025/3/21 11:51,可以去看看某位粉丝开??素人，好恐怖，再也不敢在网上乱说话了，几千万的词条说炸就炸，工作室下场了[恐惧][恐惧][恐惧][恐惧]我没有伤害任何人，所以不应该不开心,1
2025/3/21 11:51,很酷啊，赵露思加油。,0
2025/3/21 11:51,闲的蛋疼[尬笑],1
2025/3/21 11:51,不喜欢刷走不就好了，人家又没招他，搞不懂为什么还要骂别人一顿，生活不如意吗[绝望的凝视],1
2025/3/21 11:51,感觉她真不适合烟熏妆，为啥这么执着，挺好的一小姑娘，化成这样[泪奔],0
2025/3/21 11:51,转行吧 演戏是真的不行啊 不能因为你演的差 就有理不是么 这个行业本来就是招人非议的 大回报也有大风险 承受不了利益带来的伤害 可以转行。也没什么大不了的，找个工作平凡的过生活就行。这么困顿就是什么都想要 还承受不了工作压力，要么停下来要么要自己想开点。,1
2025/3/21 11:51,为啥骂赵露思啊 除了有的粉丝不咋地之外 她本人有什么黑料吗 [疑问],0
2025/3/21 11:51,不喜欢不关注不就好了，为什么要诋毁，因为网暴离开的人还少吗[泣不成声][泣不成声],1
2025/3/21 11:51,别再炒热度了,1
2025/3/21 11:51,别人的喜欢和讨厌没那么重要，因为升华不了你的人生，自己的感受和健康才是最重要的！,0
2025/3/21 11:51,说这话的人嘴巴也干净不到哪里去,1
2025/3/21 11:51,物极必反，好好沉浸一段时间，好好琢磨一下演技才是真，天天搞些莫名其妙的热搜，无语，我已经从对她好感到反感了,1
2025/3/21 11:51,都解约成功了，吵啥呢,0
2025/3/21 11:51,明星直接挂脱粉粉丝也是内娱独一份，是想让现在的粉丝去网爆人家？,1
2025/3/21 11:52,若时光倒流，我愿从最初起，去守护她。 遗憾曾经，期待2025，更期待未来，坚信慢慢，一切都会更好的。 露思，你只管善良， 上天自有衡量。 我们的大明星一定会平平安安的大红大紫。 期待归来，内娱唯爱你一人，此生不换。 借用的，但是我想说的,0
2025/3/21 11:52,哪个明星没有黑粉啊[泪奔],0
2025/3/21 11:52,人者见仁，各有千秋，随它去吧,0
2025/3/21 11:52,真的太心疼她了，天天不知道谁给他买这些营销号[眼含热泪],0
2025/3/21 11:52,真不喜欢一个人的话，难道不是不去关注他吗，为什么反而抓着人家不放啊?,0
2025/3/21 11:52,这种是粉丝吧[泪奔],0
2025/3/21 11:52,干嘛总是要控制别人呢，没有犯大错爱干嘛干嘛，不喜欢就脱粉啊，总是贬低，辱骂，控制，说别人心理承受能力差不配做明星，理所当然地说那么多难听的话,1
2025/3/21 11:52,每次面临的低谷期都是逆磐重生也是种生长，加油,0
2025/3/21 11:52,这也是??养的营销号[猪头],1
2025/3/21 11:52,再刷到赵露思我无副作用彩票中一亿[感谢],0
2025/3/21 11:52,遇到黑粉，只有怼回去，用魔法打败魔法，他们发啥，就复制粘贴，原封不动的送回去给他，用不了多久他们心态崩了,1
2025/3/21 11:52,神经吧，一直给我推她干嘛啊，点不感兴趣都点腻了，别人怎么了跟我有鸡毛关系啊[尬笑],1
2025/3/21 11:52,不喜欢她也没必要骂她吧,0
2025/3/21 11:52,@小马宝莉（不纯爱版 哈哈哈哈哈哈哈哈,1
2025/3/21 11:52,确实没以前清纯可爱了，但是也没必要这么骂她吧，好好说不好吗？,0
2025/3/21 11:52,她身上有种精灵的美……她很适合做自己[玫瑰],0
2025/3/21 11:52,内心不够强大就注定要受苦,1
2025/3/21 11:52,这个粉丝粉转黑了吧？感觉当她的粉丝也不容易。一开始赵脸有变化的时候很多人都说是整容了，看到很多粉丝都维护她，在网上骂的还挺厉害的,1
2025/3/21 11:52,@园子诞,0
2025/3/21 11:52,hi[笑哭],0
2025/3/21 11:52,戏挺多,1
2025/3/21 11:52,这居然是发的手机号的短信太可怕了吧,0
2025/3/21 11:52,共情不了一点 神金病,1
2025/3/21 11:52,明星直接挂脱粉粉丝也是内娱独一份，是想让现在的粉丝去网爆人家？迷惑操作,1
2025/3/21 11:52,支持赵露思维权！！！,0
2025/3/21 11:53,受不了这些人了[酷拽],1
2025/3/21 11:53,我真的不理解，可以说出这样话的是什么人！,1
2025/3/21 11:53,我们听一个人背后嚼舌根就会难过很久，何况那么多的骂声！多些包容吧,0
2025/3/21 11:53,我觉得她自己画的妆也很好看的 喷的那些人 是不是见不得别人好,0
2025/3/21 11:53,有点浪费公共资源[微笑][微笑][微笑][微笑]没必要一直把这个事情弄上热搜吧请问，之前刚开始还同情她说爱他年纪轻轻这样了啥的，但是到现在还发这种的热搜，你要是很累你可以暂时停下一些活动专注于自己，然后等好了彻底你再开始工作呀，而不是浪费公共资源来烦别人[微笑]不想刷都能看到她的事情[玫瑰][微笑]还有当初你自己拉人给你剧宣对吧，你现在把每个人都单方面的取关到底是什么意思呢，我不是为难他人的[玫瑰]你的粉丝说姐姐只是看透了别人啥啥的，怎么全娱乐圈都得罪你了么难道[赞]当初利用别人，利用完就直接取关[赞]你很牛逼我只能说[微笑][微笑]真的这几天一看微博都是这姐的事情，我不想刷到都能看得到，所以希望不要再这样了，好自为之吧[玫瑰]（没有别的恶意只是很烦，也不是黑粉只是一个路人而已，粉丝勿喷谢谢??）,1
2025/3/21 11:53,人呐，不喜欢就不喜欢也不需要追着人骂吧？有时候真的挺希望人类净化一下[酷拽],1
2025/3/21 11:53,[捂脸]这个都要拿出来炒作一下 没事多报道一下各地天气情况也好嘛,1
2025/3/21 11:53,昨天我也清了几百号关注！,0
2025/3/21 11:53,点了点了，天天热搜上看到，上班的心更烦了,0
2025/3/21 11:53,只是在做解约 到时候还会在一一关注回来 （借黄子韬老师的解约事件举例）而且肯定会在wx上一一说清楚 不会做到不礼貌取关 我相信做十年公益的人不会辜负大家对她的喜欢 接下来就期待我们露思的#小小的勇气##许我耀眼# 然后我们一起感受露思的魅力和女性力量吧！赵露思#赵露思#,0
2025/3/21 11:53,支持维权。,0
2025/3/21 11:54,阿弥陀佛[感谢],0
2025/3/21 11:54,居然有人同情开别人户，把别人隐私全都暴露在大众面前，面对一个自己在现实中都不认识的人，就能骂的这么难听的人，那些冷眼旁观的，祝你们也越到这样的人，看看你们的心理素质多强,1
2025/3/21 11:54,这不是纯心理变态吗[绝望的凝视],1
2025/3/21 11:54,我天啊[捂脸][捂脸]她这又是什么操作，很迷啊[捂脸]（路人哈，发表自己的意见，粉丝快走开哈[愉快]）,0
2025/3/21 11:54,为什么要对一个女孩子这么大的恶意[发呆],1
2025/3/21 11:54,我的天这世界真的有这么恶毒的人吗[尬笑][尬笑]说这些话太恶毒叭～能说出这些话她活着的精神世界是该有多不堪啊[尬笑],1
2025/3/21 11:54,不愧是明星[捂脸]，连取关都能上热搜,1
2025/3/21 11:54,重点是开盒人肉啊，你们重点怎么这么偏,1
2025/3/21 11:54,嘴里说什么自己就是什么[捂脸][赞],0
2025/3/21 11:54,怪不得她会抑郁,1
2025/3/21 11:54,所以她骂人很脏的事是真是假？骑马那个视频,1
2025/3/21 11:54,@每周五 [泣不成声],0
2025/3/21 11:54,重点是化妆吗[憨笑]重点是开合啊[憨笑]公众人物都会被这么轻易的开合那我们普通人怎么维权啊[憨笑]抵制开合,0
2025/3/21 11:54,有些人最好别针对一个无辜的女性,1
2025/3/21 11:54,再刷到赵露思我无副作用彩票中一亿[感谢][感谢][感谢],0
2025/3/21 11:54,我也取消了一些没必要的关注[尬笑],0
2025/3/21 11:54,而且有人注意到辱骂的方式是短信么，黑粉都知道他的手机号啊啊啊啊,1
2025/3/21 11:54,勇敢做自己 人生不该被定义,0
2025/3/21 11:54,这大厦避风了,0
2025/3/21 11:54,@赵露思工作室官微 继续 不要停 笔画多的简笔给我狠狠告！不要心软！支持赵露思维权！,1
2025/3/21 11:54,支持赵露思维权,0
2025/3/21 11:55,她抑郁好了吗,0
2025/3/21 11:55,人怎么能说出这么难听的话！,1
2025/3/21 11:55,既然要选择当公众人物，就应该有强大的内心，才能不会被不好的言论影响,0
2025/3/21 11:55,其实我觉得 太在意谩骂不尊重一直无条件给她夸奖的人,1
2025/3/21 11:55,弱弱地问一句，赵露丝是干什么的？[抱拳],0
2025/3/21 11:55,对女明星太苛刻了吧,0
2025/3/21 11:55,[黑脸][黑脸]为了压谁的热搜好难猜啊（某个素人[黑脸],1
2025/3/21 11:55,总觉得她是装病的,1
2025/3/21 11:55,我不是粉，但是最起码要做到不伤害别人，不喜欢就不喜欢，干嘛说那么难听，如果不喜欢你的人骂你是猪，你心里好受吗？,0
2025/3/21 11:55,我不是她的粉  但看黑粉这么黑她 很心痛她的 不爱也别伤害啊,0
2025/3/21 11:55,坚强起来，当年有个男的明星也是这么被黑粉…,1
2025/3/21 11:55,主要是昨天她发的杂志自己画的确实很…,1
2025/3/21 11:55,很多人只看到黑粉的辱骂短信，没看到旁边400多条未读短信,0
2025/3/21 11:55,还没上班的都共情不了……一天天整这些幺蛾子(),0
2025/3/21 11:55,露丝这么做是不是想解约啊，为了气公司。,1
2025/3/21 11:55,很久之前就取关了为什么现在虞书欣黑料出来这个事儿又上热搜了，我不说了,1
2025/3/21 11:55,跟她合作的人，现在都挺难堪的,1
2025/3/21 11:55,就好比跟她一块工作，她离职了把我单删了替为她宣传剧的人感到不值,1
2025/3/21 11:56,赵露思是第一个为开盒发声的明星，你们yxh的关注点可真是奇怪,1
2025/3/21 11:56,这不是她的真粉，看透了也好,1
2025/3/21 11:56,因为妆容不喜欢，还敢说是粉丝，黑粉还差不多,1
2025/3/21 11:56,这些网络喷子，软暴力该管一管,1
2025/3/21 11:56,干什么干什么干什么[憨笑]取关还上热搜 到底谁买的好难猜啊[憨笑],0
2025/3/21 11:56,我觉得很好看啊[不失礼貌的微笑],0
2025/3/21 11:56,不要让她出现在我的手机里面,1
2025/3/21 11:56,太可爱了,0
2025/3/21 11:56,神经，明明得到了很多，整的和失去了很多似的,1
2025/3/21 11:56,卧槽了她以前还不正能量？？？？,1
2025/3/21 11:56,狠狠告必须赔钱,1
2025/3/21 11:57,画个妆也能被骂，逆天[捂脸][捂脸],0
2025/3/21 11:57,不明真相，营销号好多拉踩的。她好像在解约，有可能会输她是在帮他们，因为早晚会取关，而且她一但打官司输了，有可能就退圈了，而且她发微信了每个人都发了，说我取关哥哥姐姐微信喽，哥哥姐姐记得取关我，都有发过，哪呢直接单项，你收谁钱了，这个圈子水这么深，你这么里面到底有什么事吗？这个可能性有多少自己心里没有数吗？而且她不是单项是她有发微信的，自己什么都不了解就发难怪。一众营销号开始乱带节奏了[皱眉][皱眉]非粉，我感觉小女生是真的遇到很大的事情困难了吧,1
2025/3/21 11:57,我一个路人都看不下去的程度，不喜欢不看就好了，那么恶毒去攻击一个女生，黑粉太恐怖了。。,1
2025/3/21 11:57,粉丝是怎么知道赵露思电话的？粉丝又是怎么知道这个电话是赵露思本人的？[看],0
2025/3/21 11:57,继井川里予后又一……,0
2025/3/21 11:57,[思考]作死,1
2025/3/21 11:57,她那个杂志自己画的妆好看吗 你们说实话[流泪],0
2025/3/21 11:57,确定不好看，但我不会去骂她，毕竟跟我一毛钱关系都没有,0
2025/3/21 11:57,天天上热搜，一天到底是上多少个[尬笑]，而且全是些小事情[尬笑],1
2025/3/21 11:57,想不通 不听劝的真的不吃这碗饭了[尬笑][尬笑][尬笑][尬笑],1
2025/3/21 11:57,一天到晚真是事儿多无语,1
2025/3/21 11:57,莫名其妙的评论区 恶意是真大啊,1
2025/3/21 11:57,喜欢她没整之前，好喜欢。现在五官变了很多,1
2025/3/21 11:57,这些人嫉妒心太可怕了,1
2025/3/21 11:57,感觉像一有事就热情找我帮忙 帮完就踹一边的同事,1
2025/3/21 11:57,主要是抵制开盒行为呀 很有正义感 为被家暴女生发声 为开盒发声 我觉得我很骄傲,0
2025/3/21 11:57,啊啊啊啊啊,0
2025/3/21 11:57,支持赵露思维权,0
2025/3/21 11:57,真的没看懂 既然想重新开始 把粉丝也移除呗 尊重一下其他艺人不行吗,1
2025/3/21 11:58,我们普罗大众，操不了这心，我只想大米和油  便宜点[捂脸][捂脸][捂脸],0
2025/3/21 11:58,黑粉怎么弄到明星的手机号的[捂脸],1
2025/3/21 11:58,所以，取关又能说明什么,1
2025/3/21 11:58,既然做明星这么委屈，那干脆注销微博 抖音退网吧[捂脸][捂脸][捂脸],1
2025/3/21 11:58,5000工资天天被骂,1
2025/3/21 11:58,取关也上热搜……,0
2025/3/21 11:58,无语了  人家网红都不关注你们  她有什么必要关注你们  你们给她什么很大的贡献了吗,1
2025/3/21 11:58,很漂亮啊！这是得罪人了吧,1
2025/3/21 11:58,没点开评论区根本没感觉到 这么锐化也很美啊[黑脸][黑脸],0
2025/3/21 11:58,不是年前取关的吗,0
2025/3/21 11:58,"粉丝多了没太大好处,素质参差不齐的.",0
2025/3/21 11:58,富锌牛脾肽我已经在谋宝种草了 果然还得是明星推荐的,0
2025/3/21 11:58,由此可见，不得不佩服杨幂的内核[捂脸][捂脸][捂脸][捂脸],0
2025/3/21 11:58,我觉得世界上有黑粉就是挺恶心的事，没素纸[疑问],1
2025/3/21 11:58,这也太内耗了吧,1
2025/3/21 11:58,哎，在娱乐圈还是要学会自恰啊，流量大的明星都被黑过的,0
2025/3/21 11:58,一直被黑啊这是,1
2025/3/21 11:58,那也比某家半夜发文哭诉好啊,1
2025/3/21 11:58,这样让我以为她要退圈,0
2025/3/21 11:58,啊啊啊萌化啦,0
2025/3/21 11:58,最明显的反应就是看看给他粉丝带成啥风气了,1
2025/3/21 11:58,超级可爱的行为哈哈哈哈,0
2025/3/21 11:59,别炒了,0
2025/3/21 11:59,她怎么变化这么大,0
2025/3/21 11:59,可能在她黑暗的时候很多朋友选择视而不见，寒了她的心?,0
2025/3/21 11:59,做一个内核强大的人，不被别人的声音左右,0
2025/3/21 11:59,前排我来啦,0
2025/3/21 11:59,不是，娱乐圈哪个明星没有被黑粉骂过，还是要自己内心强大一点,0
2025/3/21 11:59,取不取关都要说  你们是无聊到什么地步了,1
2025/3/21 11:59,那是黑粉！！！！,1
2025/3/21 11:59,不受害者有罪论 但是她的舆论环境没有很好是事实（看看评论区可以说是褒贬不一吧）我觉得尽量不要过多关注和入局 先养病比较实际吧[抱抱你][抱抱你],0
2025/3/21 11:59,"不喜欢可以不去看不去关注
恶言的人内心一定是也是恶的",0
2025/3/21 11:59,又怎么了，怎么一直抓着这件事不放[捂脸],1
2025/3/21 11:59,被她取关的明星咋办 取关她还是不取关,0
2025/3/21 11:59,与明星无关，只希望公开他人信息的人能真的被法律制裁，不是单单赔个钱道个歉，进去住几年，这样才能为普通人撑一把伞。,0
2025/3/21 11:59,一个明星取关还只顾上热搜,1
2025/3/21 11:59,所以说这些人就是欺软怕硬，真告了就老实了,1
2025/3/21 11:59,支持赵露思维权,0
2025/3/21 11:59,这个恶臭叼毛up是不是疯了,1
2025/3/21 12:00,现在删个人，取关人都是犯了大罪了，[捂脸],0
2025/3/21 12:00,一月份的事现在被拿出来说是为什么呢（喜塔腊荣音）好难猜啊[黑脸]（喜塔腊荣音）,1
2025/3/21 12:00,这有啥的 取关触犯哪条法律了吗 生活本来就够累了 自己开心最重要[耶][耶][耶],0
2025/3/21 12:00,加油,0
2025/3/21 12:00,一天天上热搜，烦得要死,1
2025/3/21 12:00,为啥要攻击人家？她动你利益了还是欺负你了？ [惊恐],1
2025/3/21 12:00,@21-?? [黑脸],1
2025/3/21 12:00,露思，做自己，就自己化！！@赵露思,0
2025/3/21 12:00,所以她到底干嘛了那么多人说她[惊恐]为什么网暴一个女孩子呢[惊恐],0
2025/3/21 12:00,说作者调什么滤镜了 有没有可能只是作者手机相机不太行 或者相机没那么好 总把别人想那么坏干嘛[捂脸],0
2025/3/21 12:00,又开始了，能不能别老买热搜了,1
2025/3/21 12:00,化个妆也喷[尬笑][尬笑][尬笑],1
2025/3/21 12:00,赵露思是真的好欺负啊[捂脸][感谢]看得出来，她是真的善良,0
2025/3/21 12:00,这都上热搜,0
2025/3/21 12:00,我不爱看她的剧，但并不讨厌她，不喜欢她的人，走开就好了，这样诋毁人家没必要吧,0
2025/3/21 12:00,取关你了吗,1
2025/3/21 12:00,越来越好,0
2025/3/21 12:00,一步一个脚印越来越好，这次杂志真的好棒，表现力也特别好，一套比一套美,0
2025/3/21 12:00,互联网非法外之地,0
2025/3/21 12:00,其实要有热度维持，不然休息很长时间一点消息都没有，即使复出了也会大不如前。这样一段时间上一次热搜，一次热搜上几天，大家想忘记她都难，天天在网友面前蹦跶,0
2025/3/21 12:01,看不懂,0
2025/3/21 12:01,粉丝会开盒明星？重点在明星的手机号都能被轻易拿到，请重视开盒的问题,0
2025/3/21 12:01,一切 都是自作自受罢了 承受因果而已,1
2025/3/21 12:01,和我的一位故人的黑粉比黑粉之间亦有差距[捂脸][OK],1
2025/3/21 12:01,@ilne_,0
2025/3/21 12:01,露丝加油！做自己的大女主，强大的内心能抵万难，你很棒，很优秀，很上进，加油，真心祝福你！,0
2025/3/21 12:01,善语结善缘，恶语伤人心。,0
2025/3/21 12:01,黑粉是咋知道他电话的[尬笑],0
2025/3/21 12:01,我都搞不懂为什么会黑，明星你喜欢就喜欢不喜欢就不喜欢，人家没吃你家一口饭一粒米，还搞网暴，这种人就是现实生活的太不顺了，才会[泪奔][泪奔][泪奔]这样，真绝了,1
2025/3/21 12:01,内心太过敏感多思的人容易患抑郁症,0
2025/3/21 12:01,不是，那个杂志什么的我也看了啊，我路人，我感觉挺有个性好看的，为啥粉丝这么偏激[黑脸],0
2025/3/21 12:01,人家做自己怎么了，这些人一天咸吃萝卜淡操心,1
2025/3/21 12:01,抗压能力差的，不建议做网红明星这些工作！很容易抑郁[捂脸],0
2025/3/21 12:01,@与晚风偷溜 @凛冬幻.,0
2025/3/21 12:01,@数学太楠了！??,0
2025/3/21 12:01,@吃一口粥 很多皮下 小团体真爱粉都有艺人的信息[干饭人],1
2025/3/21 12:01,我觉得她也没有干什么坏事，没必要这么恶毒吧，更何况是唯一为小谢发生的明星,0
2025/3/21 12:01,别再营销了,1
2025/3/21 12:01,继续告,1
2025/3/21 12:02,不喜欢直接划走还点进来评论想暴富一个亿，我祝你欠债一个亿吧?,1
2025/3/21 12:02,真假,0
2025/3/21 12:02,一病一场后的重生,0
2025/3/21 12:02,抵制开盒吧，最近很多素人都被开盒了[捂脸],0
2025/3/21 12:02,讲个恐怖故事：赵露思黑粉,1
2025/3/21 12:02,她是谁啊[尬笑],1
2025/3/21 12:02,不懂就问，自己化妆是列入刑法了嘛[呆无辜],0
2025/3/21 12:02,就是这么倔,0
2025/3/21 12:02,娱乐圈的事多看少评论为上策,0
2025/3/21 12:02,就给我一种异样的感觉，说不出来那感觉,0
2025/3/21 12:02,支持露思,0
2025/3/21 12:02,我不是他的粉丝，但是我觉得他演的挺好的呀，我才开始关注他的[爱心],0
2025/3/21 12:02,头像是谁的粉丝 好难猜呀[捂脸][捂脸][捂脸][捂脸][赞],0
2025/3/21 12:02,好漂亮呜呜呜呜锐化成这样也好漂亮[色],0
2025/3/21 12:03,加油,0
2025/3/21 12:03,要不不要在娱乐圈了吧，对你不友好,1
2025/3/21 12:03,谁来给我解释一下[呲牙],0
2025/3/21 12:03,她是最明显被所谓的粉丝支配的明星 比起很多明星的粉丝 我觉得她的粉丝很多很差劲,1
2025/3/21 12:03,她是不是整容了，以前那么好看[呲牙],1
2025/3/21 12:03,??和露最近咋了老是被黑[流泪],1
2025/3/21 12:03,希望黑粉留点口德，不喜欢请尊重,1
2025/3/21 12:03,要不再休息休息吧,0
2025/3/21 12:03,她怎么这么爱占用公共资源[尬笑],1
2025/3/21 12:03,讲真的这个状态还不如退圈休息一段时间,0
2025/3/21 12:03,她是不是在删粉丝啊，我原来是关注她的啊，怎么变成未关注了,0
2025/3/21 12:03,@Caesar @Sevenfine @一天不??积阳德，两天不??积积阳阳德 妆确实不咋的剧也是雷同的没咋看过热搜是经常上的,1
2025/3/21 12:03,对面说的有啥问题吗？@别怕我伤心,1
2025/3/21 12:03,天呐，都是些什么人呐，有必要做到这种程度吗？,1
2025/3/21 12:03,骗子，还有这么多粉丝,1
2025/3/21 12:03,我还以为赵露思粉丝有多爱赵露思呢前段时间还因为赵露思跑去黑虞书欣的那几个我都懒得喷现在发现也不过如此[宕机],1
2025/3/21 12:03,这些人啊，非得把好好的一个女生，逼得生病，好不容易好点了，网暴又来了，大家都是有女儿，有姐姐妹妹，有妈妈的人，干嘛对一个女生那么大的敌意，尊重他人不好吗,0
2025/3/21 12:03,其实做明星也挺不容易的,0
2025/3/21 12:03,黑粉和恶意造谣，霸凌的这波人有什么区别，都应该立法收拾他们这波人,1
2025/3/21 12:03,我感觉她适合退圈[比心]好好养身体，还有心理问题，这粉丝说的没错事实，她的妆问题很大，评论区粉丝一直在维护，可是她还有自己固执，自己要化，很多重要场合不适合化网红妆，平常自己出去玩街拍啥的化化没事，参考鞠婧祎，重要场合都不是网红妆啊，私下就化自己喜欢的风格[灵机一动]只是参考不拉踩谁,1
2025/3/21 12:03,我就喜欢她这样的明星，素颜淡妆的时候很多，这才叫真的脸部底子好，不喜欢浓妆艳抹那种。,0
2025/3/21 12:03,首先我关注赵露思就是因为她是个正能量积极开朗的形象，带领我们成为更好的人，作品数据也杠杠的，不适合做艺人的你在说谁？,1
2025/3/21 12:03,这取关教程可以学,0
2025/3/21 12:04,吃这份工作的红利，就要有这强大的内心,0
2025/3/21 12:04,卖惨,1
2025/3/21 12:04,天天屁大点事都挂在热搜上[憨笑],0
2025/3/21 12:04,心疼我宝，理智一点很难吗？,0
2025/3/21 12:04,一些畸形的，变态的，才会老是在别人身上找自己的毛病！,1
2025/3/21 12:04,重点是明星被开盒啊，赵露思之前为被虐待的流浪动物发声，就已经被有组织的开盒过一次了，坚持十年公益，她真的是一个很好的人,0
2025/3/21 12:04,喜塔腊容音咋不讲讲[舔屏],1
2025/3/21 12:04,这个世界对赵露思的恶意还是太大了，天天揪着人家不放干嘛？我天呐，疯了吧，这世界,1
2025/3/21 12:04,感觉这话是她黑化粉丝说的[尬笑],1
2025/3/21 12:04,就说我账号怎么一大早少了位明星粉丝,0
2025/3/21 12:04,赵露思一出来给某些人气的要命哈哈,1
2025/3/21 12:04,这叫脱粉回踩吧，因爱生恨,1
2025/3/21 12:04,再刷到赵露思我无副作用彩票中一亿[感谢][感谢][感谢],0
2025/3/21 12:04,露思怎么了，谁能告诉我[流泪][流泪],0
2025/3/21 12:04,这些人太过分了只晓得一味指责,1
2025/3/21 12:04,共情不了一点共情的求她们身边也出现一个这样戏剧的同事,1
2025/3/21 12:04,你们别太恨她了,0
2025/3/21 12:05,黑子自己很好看吗？,1
2025/3/21 12:05,我看一条都受不了何况这么多条信息,0
2025/3/21 12:05,上一个零元解约的是谁来着？黄圣依还是美人鱼？,0
2025/3/21 12:05,这是为何[流泪][流泪],0
2025/3/21 12:05,身体不好真的要离开娱乐圈,0
2025/3/21 12:05,#喜塔腊容音# 多关注被女明星虞书欣网暴的素人呀,1
2025/3/21 12:06,她之前拍的剧还蛮喜欢的演技在线  就是私下不知道为什么老是有怪怪的妆容,0
2025/3/21 12:06,还是心里不强大,1
2025/3/21 12:06,又在弄热搜了[绝望的凝视],1
2025/3/21 12:06,这世界很多恶毒,1
2025/3/21 12:06,为什么这么多键盘侠，自己不喜欢就不理睬呗，为啥非得恶语相向，非得踩一脚，不理解,0
2025/3/21 12:06,露露，他就是嫉妒你，每天没事了，盯着你,1
2025/3/21 12:06,我以为是韩安冉[捂脸],0
2025/3/21 12:06,妆好看，爱看，很美，剧好看，因为人看剧因为剧看人，你就是美，美美美美美[玫瑰]@赵露思,0
2025/3/21 12:06,为什么要给这种黑粉打码，揪出来以其人之道还治其人之身,1
2025/3/21 12:06,一直卖惨，路人缘坏得一批,1
2025/3/21 12:06,要不退圈吧[不你不想],1
2025/3/21 12:06,有很多人活的不如意 就喜欢网暴别人[酷拽] 别说你这么大的明星.我都有小黑子[酷拽][酷拽][酷拽],1
2025/3/21 12:06,能不能不要再卖惨了,1
2025/3/21 12:06,越来越看不懂了……,0
2025/3/21 12:06,已经很美了，这样说的人纯纯就是嫉妒  所以恶毒[大笑],1
2025/3/21 12:06,上不上班的都不理解好吧 一天疯癫癫的 放我们单位都被语言暴力,1
2025/3/21 12:06,批事贼多又不爱干活的人，是个乐子罢了,1
2025/3/21 12:07,为啥有黑粉这个物种的存在啊  自己有多优秀去诋毁别人  不爱不看就完了  为啥要恶语相向,1
2025/3/21 12:07,人为什么会无缘无故去恶意攻击另一个陌生人呢？人性本恶吗[流泪],0
2025/3/21 12:07,挺好看的,0
2025/3/21 12:07,央视曝光了僵尸粉，应该是清了,0
2025/3/21 12:07,确实不好看  不过她喜欢  随意指摘别人是不对的,0
2025/3/21 12:07,人心真的很恶心 亲身经历过才能体会,1
2025/3/21 12:07,不说雪中送炭  至少不落井下石  这个社会真的癫了已经,0
2025/3/21 12:07,不喜欢她，作 ，公主病多,1
2025/3/21 12:07,不管是什么，我觉得不爱可以，请别伤害。,0
2025/3/21 12:07,我记得她不是有一段时间去医院站都站不起来了[黑脸]还是好好养病再回来吧，知道这个病很痛苦，有时候会做一些冲动的事，那就尽量避免吧[黑脸]我过了这么久都不能正常交流，每天刷刷视频打打游戏看看小说,0
2025/3/21 12:07,开锐化干嘛，神经兮兮,1
2025/3/21 12:07,露思报警吧,1
2025/3/21 12:07,我一直觉得黑粉就是一个恐怖组织[宕机][宕机][宕机]一群人对一个人毫不掩饰散发恶意，在现实就是霸凌,1
2025/3/21 12:07,@飞天小驴警??,0
2025/3/21 12:07,上了热搜就引流对家黑热搜 挺。。。??的,1
2025/3/21 12:07,其实很多事都不能既要又要还要，减少工作量   好好养病   健健康康的回归[比心],0
2025/3/21 12:07,支持赵露思维权,0
2025/3/21 12:07,看着就烦,1
2025/3/21 12:07,@eternallines_,0
2025/3/21 12:07,无法共情,1
2025/3/21 12:07,我上班再讨厌一个人也不敢单方面删除,0
2025/3/21 12:08,首先这不是粉丝[微笑],0
2025/3/21 12:08,刷到就烦,1
2025/3/21 12:08,无聊，取关别人是什么违法的行为嘛,1
2025/3/21 12:08,明明画的很好看 这纯属黑子吧 把明星当电子宠物呢 控制欲这么强[微笑][微笑][微笑],1
2025/3/21 12:08,一直喜欢赵露思,0
2025/3/21 12:08,富锌牛脾肽我已经在谋宝种草了 果然还得是明星推荐的,0
2025/3/21 12:08,老是推她好烦啊，我根本不想刷到她[尬笑],1
2025/3/21 12:08,不喜欢那个明星完全可以不看啊，没必要发出来让每个人都知道你不喜欢她吧，就非要做这种恶人吗[听歌][听歌][听歌],1
2025/3/21 12:08,她真的挺好的 活该她火 那么善良 从出道开始就一直在做公益 救助流浪动物 帮小谢,0
2025/3/21 12:08,明星化妆是比较干净简约，网红妆，精美繁杂,0
2025/3/21 12:08,其实我觉得是打针了的，但是打针≠整容吧[微笑],0
2025/3/21 12:08,[听歌][干饭人][看][咖啡][动动脑子][动动脑子][动动脑子],0
2025/3/21 12:08,不喜欢就不看行了呗，还非要言语攻击人家，都善良点吧,0
2025/3/21 12:08,不懂，有什么好说的，不追星??,0
2025/3/21 12:08,抑郁症会反反复复，因为善良和感性无解，即使失忆了，某一天，某一刻，又会因为某一件事而沉溺其中，不断挣扎盘旋。[流泪][流泪][流泪],0
2025/3/21 12:08,我很喜欢她，她演的我都看了，很好呀，演技感觉越来越进步的那种，剧里的造型也好看。黑粉心态不健康吧，露思坚持就好，摒弃不健康的声音[玫瑰],0
2025/3/21 12:08,退圈是她最好的选择,1
2025/3/21 12:08,这不是黑粉吧这是实话吖[泪奔][泪奔][泪奔],0
2025/3/21 12:08,作秀[黑線],1
2025/3/21 12:08,共不了一点,1
2025/3/21 12:08,就是用人家的时候让人给你宣传剧，不用的时候单方面一脚踢开，过河拆桥那种，很不会做人,1
2025/3/21 12:08,共情不了 我要挣那么多钱 我天天把粉丝供着 提供嘎嘎好的情绪价值,1
2025/3/21 12:08,yxh乱讲什么？能不能有点良心,1
2025/3/21 12:08,看到她就烦,1
2025/3/21 12:09,唉，其实说句实话，哪个明星没有被这种黑粉发过这种短信非要发出来[微笑],0
2025/3/21 12:09,为什么要故意锐化的这么严重呢？[尬笑][尬笑][尬笑],1
2025/3/21 12:09,她现在生病了，心灵很脆弱，特别能理解抑郁症的人对这些的敏感度。建议断了网络上这些有关的东西，好好治疗，早日康复才是真的！,0
2025/3/21 12:09,明星都会有辱追跟黑粉，太把黑粉的话当回事的话没办法做明星。她每次被说丑基本是自己画的妆，但她还是自己画陷入轮回。,1
2025/3/21 12:09,这不是很早之前的事儿了吗,0
2025/3/21 12:09,[玫瑰][玫瑰][玫瑰],0
2025/3/21 12:09,心理脆弱的混不了娱乐圈啊,1
2025/3/21 12:09,就这个被打下了。汗,1
2025/3/21 12:09,支持注销全平台账号，好好养病远离娱乐圈!省的突然发病牵连剧组工作人员!,1
2025/3/21 12:09,@限定bb,0
2025/3/21 12:09,居然是短信 好可怕啊 被开户追着骂的 生怕她病能好,1
2025/3/21 12:09,我觉得她很好看 是你这个滤镜有点问题,1
2025/3/21 12:09,她是要清零    有隐藏的   她不会操作   鼓捣了一下午[大笑][大笑][大笑],0
2025/3/21 12:09,很温柔的女孩子，不要网暴她，怕她受不了。[比心],0
2025/3/21 12:09,通过抖音认识她的，最早以为是个网红，不粉不黑，不评价，纯路人。,0
2025/3/21 12:09,事怎么这么多[黑脸],1
2025/3/21 12:09,露思的精神状态真的感觉不太好了，哎，太在意的人总是会伤害到自己,0
2025/3/21 12:09,[不失礼貌的微笑]所以黑粉去哪里拿得到她的电话给她发短信？,1
2025/3/21 12:09,好可爱的露思,0
2025/3/21 12:09,我还以为就我有这种感受 ,0
2025/3/21 12:09,动不动就发疯,1
2025/3/21 12:09,太棒啦,0
2025/3/21 12:09,光明正道做人做事,0
2025/3/21 12:10,@奶味曲奇. 他们为什么要怎么说一个女生呢,0
2025/3/21 12:10,开始那不说我都认不出是赵露思，她现在长那样了？,1
2025/3/21 12:10,[微笑],0
2025/3/21 12:10,要命，我已经对她陈芊芊的滤镜全碎了，现在赵露思当之无愧的顶流，看看她粉丝列表里全是啥人[尬笑],1
2025/3/21 12:10,@栀屿 我不允许她们这么说露思[酷拽][酷拽][酷拽],1
2025/3/21 12:10,有粉丝正常，因为喜欢。黑粉不是很理解。不喜欢不关注就可以了，为什么要去骂人？,0
2025/3/21 12:10,@倩倩的柴柴 感觉有点莫名其妙,0
2025/3/21 12:10,这情节跟井川里予好像,0
2025/3/21 12:10,怎么这个世界粉丝和爱豆之间的关系这么复杂啊[宕机],0
2025/3/21 12:10,怎么找到的电话，发的短信,0
2025/3/21 12:10,我感觉她好像真的越来越有一点不正常了，跟当初爽子的症状有一点相似,1
2025/3/21 12:10,她怎么脸变了？以前多好看啊,1
2025/3/21 12:10,有病就养好了再出来 既要又要[尬笑],1
2025/3/21 12:10,笑死了，我跟我室友说赵露思又上热搜了，她第一反应：咋了，她抑郁症好了,0
2025/3/21 12:10,我的天，遇到这种同事，我会发癫,1
2025/3/21 12:10,不上班的大学生看到都觉得烦一看热搜就有ta,1
2025/3/21 12:10,她现在的状态就像疯爽,1
2025/3/21 12:10,发疯的打工人,1
2025/3/21 12:10,支持赵露思维权,0
2025/3/21 12:11,她如果被雪藏了 她做网红带货 我都支持她[流泪] 她真的很好 不懂为什么一直有人黑她[流泪],0
2025/3/21 12:11,黑粉你怎么化妆??有多少资本不用自己化妆??公开我们看看??……你的盛世美颜有多强大！不要阴沟里面释放有本事正面硬刚[发怒][发怒][发怒][发怒][发怒][发怒][发怒],1
2025/3/21 12:11,她是咋的你们了吗？真无语,1
2025/3/21 12:11,断网了 咋回事[发呆][发呆][发呆][发呆][发呆],0
2025/3/21 12:11,有病骂她干嘛又没有挖他家祖坟,1
2025/3/21 12:11,"1.在为开盒违法行为发声
2.对于取关不代表不联系
3.支持化妆自由
4.多多关注素人被开盒事件",1
2025/3/21 12:11,这个世界上为什么会有黑子这些玩意，大家都充满爱充满善良不好吗？,1
2025/3/21 12:11,比起她取关，她能上热搜是最逆天的,1
2025/3/21 12:11,黑粉是不是都月入百万，真是闲的蛋疼，总是操心别人的事情，自己都不知道管好自己了没有,1
2025/3/21 12:11,？[黑脸]@十里w.  咱也不好说这姐,1
2025/3/21 12:11,@季娅 @铁头 这些人在干嘛啊，疯了吗,1
2025/3/21 12:11,成3个关注了 都是谁啊,0
2025/3/21 12:11,@渣楠,1
2025/3/21 12:11,装,1
2025/3/21 12:11,别惯着她们。爱你的人怎么样都爱你。别听她们放屁??,1
2025/3/21 12:11,够了?????♀?,1
2025/3/21 12:11,唉，我也是，一焦虑就删人删朋友圈，现在我以为我以前情绪不稳定，其实就是没有以前焦虑抑郁了，现在躯体化都没有了,0
2025/3/21 12:11,鬼迷日眼,1
2025/3/21 12:11,我上班只要还有意识都不敢说不干就不干 起码正式提了离职交接好啊,0
2025/3/21 12:11,能共情喜塔腊容音,0
2025/3/21 12:11,一个艺人谁想整天看你负面的,1
2025/3/21 12:11,神经大条。真想一巴掌呼过去,1
2025/3/21 12:11,笑死我了,0
2025/3/21 12:11,ysx给你多少钱,1
2025/3/21 12:12,恐怖 现在人怎么能坏到这种程度,1
2025/3/21 12:12,那咋了,0
2025/3/21 12:12,都不知道是谁[捂脸],0
2025/3/21 12:12,加油奥利给[赞][赞][赞][赞]你永远是最棒的[赞][赞][赞][赞],0
2025/3/21 12:12,我觉得她应该慢慢退圈，因为当明星曝光高，喷子永远有，不知道下一次压垮她的又是什么，我们虽然能够言语鼓励她，但是也不能代替她承受心理压力,0
2025/3/21 12:12,做明星就是承压要强啊 她不行 做事一意孤行 （化妆）感觉她是下一个ZS 一手好牌打得稀烂..其实她的人生很好了 有爱她的家人 事业也开始上升阶段 艺人用作品来证明自己 但她一直在较真..,1
2025/3/21 12:12,所以她为什么要取关那些人,0
2025/3/21 12:12,天天营销营销 看着就烦,1
2025/3/21 12:12,你也是黑子哈,1
2025/3/21 12:12,喜塔腊容音素人被明星引导网暴咋不发[听歌],1
2025/3/21 12:12,我觉得不爱可以退出那个群里，没必要骂别人， 追星不都是自己的选择吗,0
2025/3/21 12:12,如果觉得这个世界都万事无所吊谓[冷漠][冷漠] 那将变得无比强大,1
2025/3/21 12:12,她的粉丝太可怕了[黑脸]有一些真的我觉得控制欲太强了。，人家是个女明星诶，凭什么要听那些粉丝的唧唧歪歪？[泪奔]就是要这么多，即使没粉丝要这么说他的粉丝说他太丑了，如果继续这么怼，我就要成为他的一个其中的一个粉丝。[黑脸],1
2025/3/21 12:12,重要的是开盒好吧[宕机],0
2025/3/21 12:12,心疼肉毒素中毒的噜噜,0
2025/3/21 12:12,哈哈哈第一次见这么玩不起的女明星，被黑的更惨的明星大把，也没见人家说过什么呀。真心提议，心理承受能力太差，接受不了别人的负面评价的话，那还是退圈休养吧。身体健康，心情舒适最重要啊！,1
2025/3/21 12:12,很同情她，特别像有很多爱嚼舌根子的同事不停的找事,0
2025/3/21 12:12,支持维权,0
2025/3/21 12:13,为什么要对一个陌生人这样，善良的人更容易好运,0
2025/3/21 12:13,不是，到底是谁说她化妆不好看的？冲了她工作室的，不是她自己的粉丝嘛，不是他们自己骂废物工作室的嘛，然后还上热搜了，现在又全成黑粉了？本来别人也无人在意啊[疑问],1
2025/3/21 12:13,真服了干啥都上热搜，然后还被骂营销自己,1
2025/3/21 12:13,我不喜欢某个明星，从来不评论他们，也不会用恶毒的语言攻击。不喜欢不看不就得了，不理解那些路人黑粉。,0
2025/3/21 12:13,人家自己号乐意关注谁关注谁，又不是取关你们，你们还破防了，,1
2025/3/21 12:13,@_晴子晴_,0
2025/3/21 12:13,所以说不要总是笑，不要没心没肺不记仇，不要比别人大方，不然就会被群起而攻之,1
2025/3/21 12:13,不知道黑粉有什么好骂的，不能理解对一个不认识不熟的人恶意那么大，可能现实生活里过的不如意还处处被打压，父母不疼爱，没有朋友陪伴，不敢找别人发泄只能找这些明星发泄吧[笑哭],1
2025/3/21 12:13,这是啥时候的事，我咋才刷到,0
2025/3/21 12:13,明星那个没有黑粉啊  明星这晚饭没有强大的内心就不要端起来 找个正常工作吧,1
2025/3/21 12:13,自己不如意的人才会在网上散发恶意，挺可爱的姑娘，不喜欢不看就好了，干嘛攻击，告她们,0
2025/3/21 12:13,招黑体质,1
2025/3/21 12:13,姐姐上唇本来就薄，不宜用淡色的唇膏，勿喷我，仅代表个人看法,0
2025/3/21 12:13,不要在乎别人怎么评价你，自己三观正就什么都不要怕,0
2025/3/21 12:13,还没上班也共情不了这女的，天天花样百出上热搜受不了就退圈吧,1
2025/3/21 12:13,取个关你们就颅内gc成这样 玻璃心的到底是谁人从未成年就开始做公益 当火炬手 这会又说人家负能量了某位亲自下场引导粉丝?????素人 咋没见你们出来说呢 这就传递正能量了？老实告诉我 你是不是收钱了,1
2025/3/21 12:13,不说上班 上大学研究生都不敢这样,1
2025/3/21 12:13,尴尬的是你吧  你有问题吧？人家取关自己的微博关注，你尴尬啥？你这条微博才尴尬,1
2025/3/21 12:13,主要她取关别人 别人取关她才公平 但是这个娱乐圈的人都做不到这么不要脸 所以关注她的都挺难受的,1
2025/3/21 12:13,不敢删是觉得以后有麻烦别人的利益关系，如果没联系也不交流了，删除拉黑无所谓。设置为仅聊天也很常见,0
2025/3/21 12:14,网友真闲，傻嘚，人家化啥妆管你屁事！,1
2025/3/21 12:14,[赞][赞][赞],0
2025/3/21 12:14,不是，你取关谁跟我有关系吗[微笑][微笑][微笑][微笑]你还整上热搜了[微笑][微笑][微笑][微笑],1
2025/3/21 12:14,同期其他人都在拼事业她上升期关注这些不好,1
2025/3/21 12:14,不是这种事情也能上热搜,1
2025/3/21 12:14,[赞]很勇敢哟！曝光黑暗，让心灵充满久违的阳光。阳光总是那么惬意，温暖且自然。,0
2025/3/21 12:14,不要把人逼死了好吗[尬笑],1
2025/3/21 12:14,真的不能理解，不喜欢为什么非要去诋毁一个人 [噢买尬],1
2025/3/21 12:14,虽然粉丝骂的难听但她自己画的真的好丑，既然是公众人物肯定要考虑到大众观感的啊，像出席活动和拍杂志拍剧之类的，自己画那么丑真的好吗，这无关做自己吧，只关系到对自己的工作负责，把专业事交给专业人做（表达一下我的看法，表喷我）,1
2025/3/21 12:14,语言暴力者都会有报应,1
2025/3/21 12:14,她终于通透了,0
2025/3/21 12:14,@,0
2025/3/21 12:14,@我要发大财 @张芝士??? @VV*维生素 @哀酱的小可爱,0
2025/3/21 12:14,她是不是想走之前爽子那一套啊，真性情什么的？,1
2025/3/21 12:14,对别人评头论足的实在没办法共情,0
2025/3/21 12:14,本来上班就烦，看到他更烦，上那么多无聊的热搜真的是烦上加烦,1
2025/3/21 12:14,可以共情，内耗自己不如外耗他人,1
2025/3/21 12:14,最后那个人写个第一天什么意思？？没认识到错误吧,1
2025/3/21 12:15,挺不错的一个女孩，为啥只能看到别人的缺点。。。现在的人呐，不爱可以不伤害啊。没道德,1
2025/3/21 12:15,爽[色][色],1
2025/3/21 12:15,不喜欢别人身攻击，和你有什么关系，露思加油，别因为他们不开心,0
2025/3/21 12:15,有种回家的诱惑女主黑化的感觉[赞]小可爱变成了大魔王,0
2025/3/21 12:15,接受不了就别当明星，退圈就是了，公众视野本身就是这样的,1
2025/3/21 12:15,不要管别人喜欢不喜欢你，自己开心健康就好了,0
2025/3/21 12:15,对啊对于一个体感的人来说真的很冷[微笑][微笑][微笑][微笑][微笑][微笑][微笑],0
2025/3/21 12:15,怎么恶意这么大,1
2025/3/21 12:15,这种不正能量的别发了 成天要死不活的,1
2025/3/21 12:15,我创作你欣赏，不喜欢就取关[抠鼻],0
2025/3/21 12:15,超级好看好吗，她的手巧的我好喜欢，可恨我没有[泣不成声]，剧也超级好看每一部我都有看，超级喜欢爱她[比心] 而且她谁也不欠，最欠的人是她自己，宝子对自己要好哦，就像你说过的把自己当女儿一样[拳头][拳头][拳头],0
2025/3/21 12:15,最近又出什么大事了？让某些人又开始推明星出来压热度了[憨笑]@识花. @○p @氤氲,1
2025/3/21 12:15,要不别再娱乐圈了 快乐的退出吧  好好生活,1
2025/3/21 12:15,@赵露思 @赵露思工作室 @赵露思全国后援会,0
2025/3/21 12:15,重生之顶流全是我粉丝。,0
2025/3/21 12:15,喜报！,0
2025/3/21 12:16,肯定是哪个又要塌了，拿她挡一挡，就那点破事一直拿出来说，她本人也不想说的吧，毕竟玻璃心就别做明星了[捂脸],1
2025/3/21 12:16,真的不理解追星的[微笑][微笑][微笑],0
2025/3/21 12:16,每个人都要承受很多好的跟不好的，不能只接受光环，接受不了一点社会给的压力,0
2025/3/21 12:16,赵露思不知道花钱请了多少营销号,1
2025/3/21 12:16,现在最暴力的就是语言暴力,0
2025/3/21 12:16,突然好难过，明星取关别人的一件小小事情就能引起大家的关注，而那些真正在发声的却往往没有热度[流泪],0
2025/3/21 12:16,看什么评论我都不看不好的直接拉黑滚出去。父母给予的脸蛋就是世界最美的。我想化妆就化妆。不看滚拉黑很简单的事。,1
2025/3/21 12:16,不管别人怎么样都不是能随意攻击别人的理由[呆无辜],0
2025/3/21 12:16,为什么要对一个女孩子这样啊,0
2025/3/21 12:16,竟然是手机短信！精准发送，这太可怕了[发怒],1
2025/3/21 12:16,3.20号又来一次,0
2025/3/21 12:16,傻孩子，何必把恶言听进去。,0
2025/3/21 12:16,好tm恶心的评论区[憨笑],1
2025/3/21 12:16,当她反击时，抑郁症也快好了,0
2025/3/21 12:16,抵制开盒行为,0
2025/3/21 12:16,人怎么嫩起来能这么歹毒呢 就不能少说点恶毒的话,1
2025/3/21 12:16,真的神戳戳,0
2025/3/21 12:16,干过审计更是降龙十八掌,0
2025/3/21 12:16,共情不了还要点进话题看一下再发一个微博说两句 赵露思也真是有话题度 让不喜欢她的人还要花时间 难怪营销号就逮到她就跟狼看到肉一样,1
2025/3/21 12:16,就是个垃圾网红，天天炒作，搞话题，不提高演技作品,1
2025/3/21 12:16,支持赵露思维权,0
2025/3/21 12:16,人家的班和老百姓的班不一样呐,0
2025/3/21 12:17,不要用露丝来覆盖一些事情[黑脸][黑脸],1
2025/3/21 12:17,喜欢她，不需要任何理由,0
2025/3/21 12:17,[捂脸],0
2025/3/21 12:17,竟然是手机短信！精准发送，这太可怕了,0
2025/3/21 12:17,赵又被拿来当枪使了,1
2025/3/21 12:17,前后反差太多，估计抑郁症还没好,1
2025/3/21 12:17,这嘴是动过吗？,1
2025/3/21 12:17,亲爱的没关系，说到底是两个世界的人，来自天堂的你何必在意那些地狱的闲言碎语。俯身窥探地狱的时候，不要忘了头顶的蓝天白云[玫瑰],0
2025/3/21 12:17,可是一开始在她的工作室，她的微博底下评论呼吁的不都是她的粉丝吗[噢买尬],1
2025/3/21 12:17,[黑脸]原来是这样,0
2025/3/21 12:17,营销号别再消费她了行吗[捂脸],0
2025/3/21 12:17,宝宝干得好[色],1
2025/3/21 12:17,这是辱追啊，堪比私生粉的那种恐怖,1
2025/3/21 12:17,我是路人粉，我都觉得露思是一个很好很好的女孩，为什么要这么伤害她啊！,0
2025/3/21 12:17,不吹不黑  我觉得她是内娱最能作的,1
2025/3/21 12:17,那些骂人家的有什么大冰,1
2025/3/21 12:17,拒绝开盒！！！这种人永远逃不出法律的牢笼 宝宝终于不内耗了 宝宝天天开心永远做自己,0
2025/3/21 12:17,[黑脸][黑脸][黑脸],1
2025/3/21 12:17,怎么这么恶毒,1
2025/3/21 12:17,我今天刷到的第四条，到底得罪谁了,1
2025/3/21 12:17,@17...,0
2025/3/21 12:17,是不是要解约了，之前黄子韬解约就清空关注了，这不是很正常吗,0
2025/3/21 12:17,@下猫猫雨 语言暴力真的很可怕,0
2025/3/21 12:17,救命 没有上过班的都无法共情 一天天事那么多,0
2025/3/21 12:17,这种同事我只会悄咪咪的远离,1
2025/3/21 12:18,捧得多高，摔得就有多重。,1
2025/3/21 12:18,情商确实不高，过河拆桥,1
2025/3/21 12:18,语言也能杀死人,1
2025/3/21 12:18,这些人心里是不是有病[泣不成声]怎么会去攻击一个不认识的人,1
2025/3/21 12:18,如果过不下去就嘎，整天卖惨有意思[捂脸],1
2025/3/21 12:18,这个黑粉是粉转黑了吗,1
2025/3/21 12:18,我不管  露思美商一绝   衣品嘎嘎好 嘎嘎洋气  每次出来都美到新高度,0
2025/3/21 12:18,骗子露思[捂脸],1
2025/3/21 12:18,虽然我也知道说不去在意是不现实的，但是最好的对策就是不去在意，加油！期待你早日康复！期待你的新剧！,0
2025/3/21 12:18,还是普通人好，谁骂我我骂他[大笑][大笑][大笑]谁打我我打他，不带犹豫的,1
2025/3/21 12:18,她自己化妆可能现实肉眼看还可以，但是镜头超高清的就不大合适，显得用力过度，她又很在意别人评价，还是感觉有些钱该让别人赚，省得内耗太厉害，每次自己化妆基本都被说[捂脸],1
2025/3/21 12:18,竟然是手机短信！精准发送，这太可怕了[发怒][发怒],1
2025/3/21 12:18,为什么女性的任何一个非常正常的行为 都能这么招黑呢，男的厌女 女的也有厌女吗,0
2025/3/21 12:18,[呆无辜]那请让我长成她的样子吧,0
2025/3/21 12:18,评论区的各位 真是事不关己高高挂起[赞][赞] [尬笑],1
2025/3/21 12:18,她真是癫了我的妈好懂得吃黑流量啊[捂脸]（怼我，我就是对的[比心]）,1
2025/3/21 12:18,差不多得了,0
2025/3/21 12:18,别说，露思还是很漂亮的,0
2025/3/21 12:18,露思加油，不要在乎别人的眼光，勇敢做自己,0
2025/3/21 12:18,六百六十六,0
2025/3/21 12:18,小心一点，人家有病（真病不知道痊愈没），万一有一天雪崩了，没有一片你们是无辜的,1
2025/3/21 12:18,不上班的看她都烦得要死,1
2025/3/21 12:18,不上班我也共情不了她呀,0
2025/3/21 12:19,不爱别伤害，何必呢,0
2025/3/21 12:19,感觉脱粉后的口吻，粉丝也是心疼她，好几次妆造被新闻拉出来嘲，粉丝辩驳的无力感，逐渐心累,0
2025/3/21 12:19,其实，明星嘛很多都身不由己，但是你是偶像嘛呢，就不可能活成你真正的样子，你可以休息时间做回你自己，工作还是工作，和我们普通人一样啊我也不想加班我也不想老板要求上班化妆，但是为了工作啊，但是下班了是我的时间我就不管这些了。,0
2025/3/21 12:19,感觉锐化了,0
2025/3/21 12:19,身心健康的人不会莫名辱骂别人[愉快],0
2025/3/21 12:19,没说错啊,0
2025/3/21 12:19,跟霍建华一样没任何公众号，没有抖音没有微博啥都没有。就不会这么多问题,0
2025/3/21 12:19,赵露思她家不是很有钱的吗？,1
2025/3/21 12:19,无聊,1
2025/3/21 12:19,路人，会觉得这种情况就好好休息，不要到处营销，接受采访，通过朋友发布一些视频，照片！真的完全好了，再出来营业～,0
2025/3/21 12:19,我一直觉得粉丝就是恐怖童谣  帮助一个互不相干的人成为亿万富翁自己每日吃着老板的骂 媳妇的怨，老公的无能，月薪的低廉,1
2025/3/21 12:19,做自己就好了，别人就是别人。说什么就当他放屁,1
2025/3/21 12:19,真恶心,1
2025/3/21 12:19,听说赵露思把韩安冉删了,0
2025/3/21 12:19,露丝跟喜塔娜有啥关系？,0
2025/3/21 12:19,看起来那么开朗的人，竟然得了抑郁症，可想而知她承受了多大的压力,0
2025/3/21 12:19,我天，怎么做到那么去重伤一个人的,1
2025/3/21 12:19,内娱粉圈普遍控制欲很强，事业粉更是强势，很像我们的长辈，一些文化一脉相承吧。,0
2025/3/21 12:19,@???.,0
2025/3/21 12:19,把你捧上云霄是这群人，最后黑你骂你的也还是是这些人。,1
2025/3/21 12:19,染了这个发色更像她[黑脸],1
2025/3/21 12:19,我请问大家，无论是你认识不认识的，跟你有什么关系啊？人得罪你了？为什么去骂一个跟你毫不相关的人，别人怎么样是别人的事 管好自己就行了各位[微笑]明星也就是一个人而已 没什么不同的，还是说你骂人很爽啊？首先你骂人就是不对的 你不喜欢你可以不看不了解，同理换位思考会吗，关注你的人发短信去骂你你会怎样,0
2025/3/21 12:19,点了，刚开始还觉得生病了挺可怜的，现在看到都烦，生个病好好养着呗，太严重就退圈呗，三不五时来一点好像怕人把她忘了一样，感觉有点拿着鸡毛当令箭，我生病了你们说我就是你们不对,1
2025/3/21 12:19,我上班绝对比你年头多，我没觉得有什么问题，你是不是除了微博就没别的联系方式了？你和朋友或者工作同事联系全靠微博是吗？你领导给你下发工作安排是用微博的吗？,1
2025/3/21 12:19,业务能力差，批事多，说他两句就发疯装病,1
2025/3/21 12:19,有这样的同学也很惨。。。,0
2025/3/21 12:19,原来是取关啊，我还以为是取证呢谁家工作在微博上工作啊没有微信啊，而且，人家品牌方没有说啥，其他明星没有说啥，你们就搁那bbll招笑,1
2025/3/21 12:19,网上都要拉黑这种传递负能量的明星，现实碰见那就更要离的远远的，粉丝到底在追什么？她也不能提供情绪价值啊,1
2025/3/21 12:20,取关多人也能上热搜？[宕机],0
2025/3/21 12:20,真的好烦 能不能别刷到她,1
2025/3/21 12:20,@阿拆.,0
2025/3/21 12:20,以前看着挺可爱的，现在看着有点一言难尽,1
2025/3/21 12:20,是不是签了对赌协议,0
2025/3/21 12:20,很不理解有人是天生恶毒吗，不喜欢不看就好了为什么要这样去伤害一个人,1
2025/3/21 12:20,那个我想说的是，这个世界恶意真的不少，但是善良也很多，世界上还有更多患抑郁症的，还有很多生活不好的人，我想说的是我希望我们要自己好好爱自己，好好生活，过好当下，珍惜眼前人，不要被不好的言论打败，我们每个人都是独一无二的自己，做好自己就好了,0
2025/3/21 12:20,妆容很好看但是不适合,0
2025/3/21 12:20,露思加油，你要快点好起来，我们可露丽要陪你一辈子,0
2025/3/21 12:20,既然干的这么不开心不如退圈吧？,1
2025/3/21 12:20,他取关明星跟黑粉有什么关系 还挺会转风向的,1
2025/3/21 12:20,她粉丝所有人都欠她的,1
2025/3/21 12:20,支持赵露思维权 ,0
2025/3/21 12:21,要不然住热搜上得了[九转大肠],1
2025/3/21 12:21,猜各位想看喜塔腊容音[抱抱你],0
2025/3/21 12:21,@霁影,0
2025/3/21 12:21,这世界有很多声音 捡自己喜欢的听,0
2025/3/21 12:21,为什么会有她号码,1
2025/3/21 12:21,就应该取关，好多就是关注后了，才能发私信，这种隔应人的私信真的要少看[捂脸],0
2025/3/21 12:21,现在明星压力太大了，赵露思一个小女孩招谁惹谁了，天天这么骂她，网暴真的能害死人！我一个路人都看不下去了！,0
2025/3/21 12:21,她有决定自己妆容的权利,0
2025/3/21 12:21,支持女明星取关自由[感谢][感谢][感谢][感谢]女明星亲自下场引导粉丝网b是社会事件，请勿利用其他女明星转移视线??????,0
2025/3/21 12:21,露思真的好勇，我好佩服她！！！面对这么难听的谩骂，她没有退缩，反而选择站出来发声，她能发出来告诉大家，为了就是让大家看到她的信息被泄露了！！！她的勇气不仅是为了自己，更是为了提醒我们所有人，保护隐私！！！,0
2025/3/21 12:21,真的有人这样恶毒啊 再不喜欢也不至于这样说 毕竟没有深仇大恨,0
2025/3/21 12:21,戏子不要占用资源[看],1
2025/3/21 12:21,现在的有些人能不能尊重别人，真的不知好歹，随意伤害人,1
2025/3/21 12:21,有专业的化妆师，为啥她要自己化妆？ 她不是生病了嘛？┉┉,0
2025/3/21 12:21,现在变成只关注3个了,0
2025/3/21 12:21,最近喜欢看她演的电视剧挺好看，她其实也就是小姑娘，比较脆弱，大家多包容,0
2025/3/21 12:21,那些黑粉脑壳是乔的,1
2025/3/21 12:21,她真是癫了我的妈，好懂得吃黑流量啊。是她粉丝为工作室下面不让她画的路人只是说丑 没不让她画啊[泪奔][泪奔]还在这装[捂脸],1
2025/3/21 12:21,玉玉姐天天上热搜,0
2025/3/21 12:21,能不能退圈养病去[憨笑],0
2025/3/21 12:21,不是[捂脸]她真的该回去好好修养一段时间了，这个状态已经不适合工作了，她流量这么大干什么事情都容易上热搜，没有人能让所有人都喜欢的，越活跃在大众视野内越会被各种各样的声音讨论，她接受不了这样的声音就回去好好修养吧[捂脸] 她自己画的妆容就是不适合自己，大家提意见你又不听，又买惨，谁上网想天天看到她买惨呢？（粉丝不用来骂我，我实话实说也不用给我按粉籍）,1
2025/3/21 12:21,矫情,1
2025/3/21 12:21,有没有一个功能可以自动识别黑粉的恶言恶语呢？然后自动屏蔽，爱谁谁！做自己,0
2025/3/21 12:21,重新开始应该是所有的都清零，收拾好心情，重新出发！而不是单方面取关吧,0
2025/3/21 12:21,就微博能联系人了是吧你们这些人屁事怎么那么多,1
2025/3/21 12:21,我寻思这取关也不犯法啊,0
2025/3/21 12:21,我才怀疑你上过班没，真正上过班的人只会事不关己高高挂起，第一次见工作用微博交流的,1
2025/3/21 12:21,这是【赵露思的微博】支持赵露思操作自由。某些人不要对别人的东西有太大占有欲了。来支持露思时尚先生杂志吧～,0
2025/3/21 12:21,共情不了一点,0
2025/3/21 12:21,从20年开始，我感觉我的账hao不对劲，莫名其妙转发了一条素人wb，我也不记得我要引/导芬丝wang报素人女孩。有时候看wb时都在想，什么时候转发过那条wb，怎么不记得了。因为这种情况不太明显，当时以为是bug，或者自己忘了，并没有太在意。指路?? #喜塔腊容音#,0
2025/3/21 12:22,国家应该大力整改互联网,0
2025/3/21 12:22,主要是想自己化妆可以在自己不出场活动的时候化，但是没必要在那种大场合也自己动手吧[捂脸]明显专业化妆师化的好啊[捂脸],0
2025/3/21 12:22,好恨心，干嘛伤害赵露思,1
2025/3/21 12:22,看透了就好,0
2025/3/21 12:22,以前有次宝格丽晚会的那身晚礼服真的好绝，娇俏中带着性感，好适合她，后面就各种理解不了的造型了[宕机],0
2025/3/21 12:22,@烦、,0
2025/3/21 12:22,演技太一般,1
2025/3/21 12:22,为什么对一个女孩的恶意那么大呢，真的不理解啊，雪崩的时候，没有一片雪花是无辜的。非要把一个人逼死才开始惋惜，说不能承受压力就不要当明星，明星也是人啊，也是工作啊。喜欢就粉，不喜欢就不粉呗，化妆也是化在她自己脸上，就算整容了也是在她自己脸上，又没有伤害到任何一个人，为什么要对一个人恶意那么大，说也错，不说也错，世界能不能善良一点，peace and love一点可以嘛。可以不伸手，可以冷漠，但是请不要拿石头砸，谢谢,0
2025/3/21 12:22,你要允许就是有些人低认知 无脑的评价 但是不该妨碍你优秀 允许不好的声音出现,0
2025/3/21 12:22,这人是谁啊，刚联上网,0
2025/3/21 12:22,赵露思是谁,0
2025/3/21 12:22,真的会有人恶意这么大吗[流泪],0
2025/3/21 12:22,虽然不怎么喜欢她，但是这样无缘无故的骂人家确实不太好[尬笑],0
2025/3/21 12:22,怎么了，这么个小事也要上热搜吗，再刷到她我无条件中一百万[尬笑],1
2025/3/21 12:22,宝贝要做自己的大女主@赵露思,0
2025/3/21 12:22,宝宝们 你们的评论不是我删的 我不知道为什么总有评论消失[流泪],0
2025/3/21 12:22,共情不了一点,1
2025/3/21 12:23,我觉得无论是明星与否 她首先是人 是自己 只要不愧于心 不愧于人 坦坦荡荡的就很好[玫瑰][玫瑰]一开始就很喜欢她脸圆圆的很搞笑,0
2025/3/21 12:23,我在想，女性对女性怎么会有这么大的恶意啊，而且还是不认识的人，女性不应该是相互包容的吗，与生俱来的恶意不知道从何说起，不喜欢可以但是起码的尊重也是要有的吧，我虽然不是谁的粉丝，但是那个直接张口就骂人的那些人真的是太缺爱了，太想找存在感了我们女性都做不到统一战线，怎么去反抗那些对我们不友好的人呢？,1
2025/3/21 12:23,明星签公司不就是个赚钱的工具吗,1
2025/3/21 12:23,她上学的时候霸凌别人是真是假，要是真的我不同情她,1
2025/3/21 12:23,喜塔腊容音上不了热搜，营销号集体沉默，取关化妆上热搜，营销号集体复活[憨笑],0
2025/3/21 12:23,从去年被骂到现在没停过[黑脸]我只能说那些骂她的人都会适得其反[愉快],1
2025/3/21 12:23,他应该看透了人生,0
2025/3/21 12:23,她是真想上热搜啊，干什么都得上个热搜，天天烦死了[尬笑],1
2025/3/21 12:23,闲的蛋疼天天上头条 你才是真正的热搜姐[尬笑],1
2025/3/21 12:23,脸怎么回事,0
2025/3/21 12:23,关掉社交，去到农村修养一段时间，真的能变好,0
2025/3/21 12:23,取不取关那是他的权利,0
2025/3/21 12:23,天天靠流量的这些艺人，最后也是被流量反噬，这是天道,1
2025/3/21 12:23,支持赵露思，国家应该整治这些黑粉,1
2025/3/21 12:23,不想了解[捂脸],0
2025/3/21 12:23,现在社会都能随随便便开盒别人[暗中观察],1
2025/3/21 12:23,为什么要这么说赵露思 虽然我不是很了解她 但是她拍的几个剧 我觉得演的都很好很自然 一点儿不做作！ 为什么要这么说她！ 不爱看她不喜欢她可以 能不能不要说她！,0
2025/3/21 12:23,网上键盘侠就是多，人家都生病了还黑他，搞不懂,0
2025/3/21 12:23,经历生死后，养自己最好的方式，内修，少内耗，专注自己,0
2025/3/21 12:23,太过份了，为啥要对她这样！,1
2025/3/21 12:23,欲戴王冠，必承其重,0
2025/3/21 12:23,被取关的，比她咖位大的，大有人在，她把她自己看的太重要了，她粉丝也把她在内??的地位抬的太高了，感觉她都飘了。,1
2025/3/21 12:23,赵露思,0
2025/3/21 12:23,支持，必须告黑到底,1
2025/3/21 12:23,我旁边有抑郁症躯体化的朋友，说实话，真的很严重她需要很多很多的关心，不是说过的累不累的问题。,0
2025/3/21 12:24,黑粉是怎么知道露思手机号的[泣不成声],1
2025/3/21 12:24,我不是谁的粉，我就纯好奇为什么关注了要取关，韩还在她被骂的时候替她出头,0
2025/3/21 12:24,能说出这些话的人不知道内心有多阴暗，看吧，这个世界上人与人之间的恶意有的时候就是这么大，伤人的话脑子都不带一下脱口而出。,1
2025/3/21 12:24,公开黑粉名称啊！怕什么？人要活得疯一点,1
2025/3/21 12:24,她面相怎么和以前不一样,1
2025/3/21 12:24,这么漂亮的女孩子，那么多的黑粉,1
2025/3/21 12:24,不明白人家挨不到你碰不到你，怎么嘴巴要这么恶毒，你不喜欢你不看就好了，为什么同为人非要去诋毁他人,1
2025/3/21 12:24,不爱也别伤害[玫瑰],0
2025/3/21 12:24,直接退圈呗，不适合你的圈子为什么非要进[憨笑]说白了就是嫌钱没挣够呗,1
2025/3/21 12:24,自己画得本来就不好看,0
2025/3/21 12:24,这是粉丝？先搞清楚什么是粉丝吧。,1
2025/3/21 12:24,@开心超人不开心也超 耳朵？,0
2025/3/21 12:24,取关是一件很酷的事儿，别让人家这点自由都要剥夺,0
2025/3/21 12:24,这都什么啊，也能热搜？[流泪],1
2025/3/21 12:24,都别在这儿歪歪，他们抑郁大部分来自于大部分人的风言风语不会说就闭嘴，别对别人的生活指指点点，,1
2025/3/21 12:24,有病的人就是一大堆,1
2025/3/21 12:24,好好的一个姑娘，为什么要骂人家，我知道了，喷子是吃不到葡萄说葡萄酸，自己撒泡尿照照自己,1
2025/3/21 12:24,赵露思到底做了啥要被你们这样骂[尬笑],1
2025/3/21 12:24,我是路人，不喜欢不讨厌，但是我是女生，我希望她能快乐起来，做自己的同时保护好自己,0
2025/3/21 12:24,哪个人不被人说呢，尤其是当明星，所以不要在意那些，否则病啥时候能好呀，走自己的路让别人去说吧，你又不是人民币，做不到人人都喜欢的,0
2025/3/21 12:24,我就是因为她正能量、积极开朗而喜欢她的，和网友计较的怕是另有其人吧,0
2025/3/21 12:24,看乐子罢了 普通人的疾苦多了去了,0
2025/3/21 12:24,支持赵露思取关自由,0
2025/3/21 12:25,女孩，勇敢做自己,0
2025/3/21 12:25,看破不说破,0
2025/3/21 12:25,多么漂亮的小姑娘，人性本恶,1
2025/3/21 12:25,这不是挺好看的吗,0
2025/3/21 12:25,现在的人心理真的很阴暗,1
2025/3/21 12:25,不是化得挺好的吗？,0
2025/3/21 12:25,感觉粉丝发的每一张图都长的不一样[捂脸],1
2025/3/21 12:25,怎么和之前不一样了,0
2025/3/21 12:25,赵露思又不是今天才开始清列表的，到底是谁买的热搜[愉快]好难猜哦[看][看][看],0
2025/3/21 12:25,黑粉是不是也是收钱办事？干这么无聊的事没有利益真会去干？图什么？,1
2025/3/21 12:25,都滚 行不行[捂脸],1
2025/3/21 12:25,我很纳闷的是这种小事都能上热搜吗[捂脸]是不是明星咳嗽俩下发个烧感个冒都得上热搜[捂脸]单方面取关算咋回事，让别人多尴尬，直接双向取关不就完了,0
2025/3/21 12:25,到底是谁喜欢她啊[宕机]退圈吧不想喷,1
2025/3/21 12:25,我是路人我心疼赵露思哈[憨笑][鼓掌]我为女性举大旗，你们那些骂赵露思的，我希望你们都被开盒好吧[憨笑][鼓掌],1
2025/3/21 12:25,救命，一想到网上因为她取关都吵翻天了，但本人还在捣鼓剩下的怎么取就好好笑，有一种命好苦的样子,1
2025/3/21 12:25,支持赵露思维权,0
2025/3/21 12:25,最怕遇到这种人，工作够烦了还得照顾她的情绪,1
2025/3/21 12:25,上学的也理解不了,1
2025/3/21 12:26,什么玩意儿[憨笑][憨笑]，又开始炒作了[抠鼻][抠鼻],1
2025/3/21 12:26,单方面取关[捂脸]，这是多大的事[疑问],0
2025/3/21 12:26,当时李明德一天八百条热搜不见有人说，她就要一直被骂[感谢]只可惜她不是男的不然早被怜爱了,1
2025/3/21 12:26,又有什么事要拿赵露思挡刀了呀[呲牙],1
2025/3/21 12:26,滴滴滴,0
2025/3/21 12:26,竟然是手机短信！精准发送，这太可怕了,0
2025/3/21 12:26,怎么又把她拉出来了[捂脸]人讲真没干什么伤害别人的事吧，每一个人的成长都是不断摸索的过程，她的每一次尝试不恰好说明她勇敢吗？不管是化妆还是剧，都要慢慢探索啊，要是都符合大众审美和要求，那也不存在顶流和糊咖，那就都一样啦。内娱女明星本身真的没那么多槽点……,0
2025/3/21 12:26,取悦自己是找回自己的开始,0
2025/3/21 12:26,不理解她有什么要被黑的，做了什么坏事？也没刷到啊。该黑的不是那些黄赌毒票的嘛？,0
2025/3/21 12:26,第二名耶[微笑],0
2025/3/21 12:26,有这时间关注别人的关注列表不如关注关注喜塔腊容音事件[调皮],1
2025/3/21 12:26,这个是赵露思女士个人私事,0
2025/3/21 12:26,前段时间跟疯了一样，现在又秒满血复活，说自己抑郁症但是还有心情去回复黑粉[捂脸]懂得都懂无非是炒作罢了[捂脸],1
2025/3/21 12:26,内心敏感真的不适合当明星[抱抱你],1
2025/3/21 12:26,不抑郁才怪，,1
2025/3/21 12:26,[玫瑰],0
2025/3/21 12:26,为啥对女明星这么苛刻[宕机]这还不漂亮吗,1
2025/3/21 12:26,好可爱,0
2025/3/21 12:26,共情不了，但是她自己化的妆，确实不好看太网红了，嘟嘟唇,1
2025/3/21 12:26,哪里是负能量明明是让你们关注开he事件。自己的号想发啥发啥,1
2025/3/21 12:26,没啥作品 只会在热搜上蹦跶,1
2025/3/21 12:26,支持赵露思维权！坚决抵制引导网络暴力他人的yxh以及up主！还网络健康环境！！！,1
2025/3/21 12:26,粉丝找过来了,1
2025/3/21 12:27,天天上热搜，是真有钱啊,1
2025/3/21 12:27,请任何一家粉丝不要被这种视频号带着走 未成年人我就不说什么了 成年人要有自己的判断 都是好女孩子们 这种故意引战的大家越发这种号越有流量！！！！,1
2025/3/21 12:27,所以她为啥有赵露思号码？不违法嘛？？,1
2025/3/21 12:27,不喜欢，也不要去伤害别人啊。,0
2025/3/21 12:27,真人秀演上瘾了,1
2025/3/21 12:27,我不知道现在的人戾气那么重吗！是自己生活不愉快，然后到网络上去发泄？各种网暴，什么都要喷，什么都要说！而且用词恶毒……,1
2025/3/21 12:27,这有啥好发新闻的，谁在意她取不取关，她一点儿不重要,1
2025/3/21 12:27,没完没了的热搜[泪奔],0
2025/3/21 12:27,网友真的太闲了,1
2025/3/21 12:27,放过她吧[感谢],0
2025/3/21 12:27,希望她能真的恢复好了，变得越来越强,0
2025/3/21 12:27,他的粉丝素质挺高，隔壁没有骂都被开盒了,1
2025/3/21 12:27,我之前情绪不稳定的时候就想删好友取关别人 只想把自己一个人封闭起来 说不上来的那种感觉,0
2025/3/21 12:27,她为啥取关其他明星 纯好奇,0
2025/3/21 12:27,不管哪个样子都是你，喜欢的是你！走自己喜欢的路吧！让那些想要你怎么样…怎么样的人无路可走！！！永远支持你[比心][比心][比心],0
2025/3/21 12:27,黑粉心里是黑暗的，心里扭曲的[捂脸][捂脸]，勿喷,1
2025/3/21 12:27,有病吧 这些人 不合心意的人那么多,1
2025/3/21 12:27,这怎么骂的这么严重…果然当个普通人也挺好的 至少不会被网暴[泣不成声],0
2025/3/21 12:27,这还不漂亮还要怎样[发怒],1
2025/3/21 12:27,不是，咋的了是我断网了么[发呆][发呆][发呆][发呆][发呆][发呆],0
2025/3/21 12:27,我觉得没有得过心理疾病的人就少来评价吧[尬笑]原来我也不了解怎么会有人得这种病呢？后来考研之后就有焦虑的症状，每天都觉得胸闷喘不上气，这种心理疾病是外表看不出来的。也不像你们说的那样这么快就好了，能不能多去了解再来发言[投降][投降],0
2025/3/21 12:27,这种流量明星不要动不动就出来秀惨了，我们并不关系你的私事,1
2025/3/21 12:27,这不是挺好看的吗 在黑什么,1
2025/3/21 12:27,视频号全部在骂 我都无语死了[捂脸]还说赵露思事多？？[捂脸][捂脸],1
2025/3/21 12:27,黑粉说白了就是嫉妒了[黑脸],1
2025/3/21 12:27,好可爱,0
2025/3/21 12:27,人家积极乐观的时候说别人strong人家现在回复一下网友又被你们说没有传递正能量真的很搞笑,1
2025/3/21 12:27,支持赵露思维权！,0
2025/3/21 12:27,全部取关我觉得没啥吧，个人意愿罢了，又不是取关个别人，搞不懂为啥要接受网民审判,0
2025/3/21 12:27,支持赵露思维权#赵露思#,0
2025/3/21 12:27,好棒,0
2025/3/21 12:28,露思，加油?,0
2025/3/21 12:28,她取个关是她自由啊，这就跟普通人取关一样啊[泪奔],0
2025/3/21 12:28,觉得最近没热度了,0
2025/3/21 12:28,她又怎么了？一开始好喜欢她的，后来越来越不知道她要干嘛了[捂脸],0
2025/3/21 12:28,1,1
2025/3/21 12:28,不是他的粉丝，我就是觉得大家都只来人间一趟，人家想怎么当自己就怎么当自己呗，喜欢就喜欢，不喜欢也没碍着谁啊,0
2025/3/21 12:28,那些是杀手。,1
2025/3/21 12:28,网络舆论真的可以击垮一个人 何况是这么多粉丝的有影响力的名人 有人喜欢就有人讨厌 我们能做的就是喜欢夸两句不喜欢的就划走而不是伤害别人  语言是把双刃剑 福生无量,0
2025/3/21 12:28,不过我感觉她画的确实不好看[捂脸],0
2025/3/21 12:28,这都能上热搜[赞],0
2025/3/21 12:28,为什么这么大恶意，喜欢就多看看 不喜欢可以不看 为什么要语言暴力[晕][晕][晕][晕],0
2025/3/21 12:28,看了个寂寞[看],0
2025/3/21 12:28,有人管管我案子吗[流泪],1
2025/3/21 12:28,退圈吧，承受不住，放过自己吧！,1
2025/3/21 12:28,她不是有还人情吗，包场送花什么的，不摆明面上是她的自由,0
2025/3/21 12:28,不明白为啥一句谢谢都能上热搜,0
2025/3/21 12:29,她爆出来粉色骂自己的言论时候她的粉丝同样也在攻击别人,1
2025/3/21 12:29,[赞],0
2025/3/21 12:29,二十多岁得女孩子 自己想给自己画个妆怎么了？她也是人啊,0
2025/3/21 12:29,天大的光环都顶不住天天热搜啊，给路人留一点神秘感行吗。。[晕],0
2025/3/21 12:29,喜欢一个人就是接受她的一切。,0
2025/3/21 12:29,那么美，不知道那些说不好看的自己长得咋样，嫉妒心别太强[微笑],1
2025/3/21 12:29,戏太多了…受不了??,1
2025/3/21 12:29,@范特西红柿 她们两个烦不烦[捂脸],1
2025/3/21 12:29,内心真正强大的，真的就是明星,0
2025/3/21 12:29,烦死了[噢买尬],1
2025/3/21 12:29,就是喜欢,0
2025/3/21 12:29,有的黑子自己也是女生专门黑一些女明星，爱男如命。搞不懂。挨骂的都是一些女明星,1
2025/3/21 12:29,这孩子怎么了，不是她的粉，但是好心疼,0
2025/3/21 12:29,我不是谁的粉，也不黑谁，我真心觉得，她以前婴儿肥超级漂亮，又可爱，,0
2025/3/21 12:29,不喜欢就不看，为什么要去做那个伤害别人的人，自己被伤害的时候没感觉么？,1
2025/3/21 12:29,重点是化妆吗？重点是开盒[玫瑰],0
2025/3/21 12:29,好的私下自然会联系，不好的全平台关注也说不上一句话，减少不必要的人际关系[赞],0
2025/3/21 12:29,我觉得喜欢一个人正常，不喜欢一个人也正常，为什么要去中伤别人呢，虽然我也觉得前段时间她化的妆可能不太符合她[捂脸]，但是别人怎么是别人的自由，你喜欢就粉，不喜欢你就脱粉，不就完了，幸亏我不追星[捂脸]不当粉丝也不当黑粉,0
2025/3/21 12:29,取消关注是触犯什么天条了吗[泪奔][泪奔][泪奔],0
2025/3/21 12:29,她就是在化得不好看也比一般人好看太多了,0
2025/3/21 12:29,她拍的电视剧很好看 不用把那些黑子放在心上,0
2025/3/21 12:29,这么好看，喷什么？没病吧,1
2025/3/21 12:29,纯路人，刚刚被他粉丝在王者荣耀摆烂[微笑][微笑],1
2025/3/21 12:29,日赚208，谁比谁坚强[黑脸],1
2025/3/21 12:29,骂的还行，没那么难听，就是生病的她看了就接受不了，再这么下去，我觉得不太好,1
2025/3/21 12:29,大网红？[思考],0
2025/3/21 12:29,给孩子整抑郁了,1
2025/3/21 12:29,我们普通人想交一个朋友，都要考虑很多因素，就算你单方面不考虑对方也会考虑！更何况这种名利圈,0
2025/3/21 12:29,难怪明星总是抑郁症，乔任梁走了这么多年了，他的微博依然有骂他的[噢买尬][噢买尬][噢买尬][噢买尬][噢买尬][噢买尬],1
2025/3/21 12:29,@小熊宾馆总经理 @想喝茉莉乌龙,0
2025/3/21 12:29,我觉得她要是受不了这些，直接注销微博不就好了    这样我还佩服她果敢,1
2025/3/21 12:29,有,0
2025/3/21 12:29,狠狠点了 蹭流量宣传剧的好像不是她一样 不知道粉丝到底在硬洗什么,1
2025/3/21 12:29,@朝露_吉祥止止,0
2025/3/21 12:29,@超能撸猫队,0
2025/3/21 12:30,搞不懂黑粉的存在，你可以不喜欢但不能伤害吧，不喜欢你别关注不就行了,0
2025/3/21 12:30,吃饱了撑着 那些黑粉干嘛说这么恶毒的话干扰人家生活？,0
2025/3/21 12:30,不会是没让化妆师赚钱吧[尬笑],1
2025/3/21 12:30,只能说太能装了,1
2025/3/21 12:30,还是太在乎别人的看法,0
2025/3/21 12:30,作为公众人物有粉丝也会有黑粉，主要是自己得够强大，自己内心给自己一个什么定位,0
2025/3/21 12:30,长这么好看还有人黑,1
2025/3/21 12:30,其实她之前生病我感觉挺严重的 病刚好点为什么不多休息一阵子？,0
2025/3/21 12:30,退网好好过日子吧[比心][比心][比心][比心]身体第一[爱心][爱心][爱心][爱心],0
2025/3/21 12:30,上一个这么招黑的是杨幂，你是第二个[看],1
2025/3/21 12:30,黑粉好恐怖,1
2025/3/21 12:30,可真不好看呀，我不是他黑粉,1
2025/3/21 12:30,其实她的粉丝稍微有点素质 别到处骂别人 她都不会有这么多黑粉,1
2025/3/21 12:30,怎么呢[捂脸]这事儿值得单独报道？为什么呢,0
2025/3/21 12:30,我一直觉得黑粉就是一个恐怖组织[宕机][宕机][宕机]一群人对一个人毫不掩饰散发恶意，在现实就是霸凌,1
2025/3/21 12:30,为啥这么说人家，喜欢就看看不喜欢略过不就好了,0
2025/3/21 12:30,感觉露露给我们看的一定是言语说的最轻的[流泪],0
2025/3/21 12:30,内心比一般人强大很多,0
2025/3/21 12:30,[发呆]为什么要攻击她啊，她小小年纪演的很多剧还是不错的啊，长的也漂亮,0
2025/3/21 12:30,[送心][送心],0
2025/3/21 12:30,多多关注喜塔腊容音,0
2025/3/21 12:30,不要在意别人的看法，人民币都得不到所有人的喜欢,0
2025/3/21 12:30,人经历一次大病，真的会看透很多人。,0
2025/3/21 12:30,她太在意外面的声音了,0
2025/3/21 12:30,#喜塔腊容音#,0
2025/3/21 12:30,本来上班就烦，上微博刷个热搜还得看她那点博热度的破事,1
2025/3/21 12:30,上班是什么置你于死地的事吗。。。。你不得靠上班赚钱养活自己啊，不然怎么办。遇见什么同事就忍着啊不然辞职去。再说了你也遇不到这种同事，不是一个层次。安分守己做好自己吧老妹。小心被同事发短信骂。,1
2025/3/21 12:30,支持维权,0
2025/3/21 12:31,喜塔腊容音！！！,0
2025/3/21 12:31,说实话她的电视剧真的很烂，别喷我，我只是说实话,1
2025/3/21 12:31,太善良的人不适合在娱乐圈待[泣不成声]好可惜，那么可爱那么漂亮的一个女孩子,0
2025/3/21 12:31,只能说真话难听,0
2025/3/21 12:31,世界上根本不可能有一样的人 做自己就好,0
2025/3/21 12:31,如果我是她妈妈，会停止她工作宁可赔钱。因为不想失去一个女儿,0
2025/3/21 12:31,喜塔腊容音大家去搜搜[黑脸],1
2025/3/21 12:31,@Francesca?? @为什么是猪呢 @yayaa667 xxs,1
2025/3/21 12:31,@第五个季节 @? 既然这样的话为什么不养好再付出，没有黑的意思[感谢],0
2025/3/21 12:31,剧撕不过 开始卖惨了,1
2025/3/21 12:31,真的服了  赵丽颖 杨幂 刘亦菲 刘诗诗 杨颖 迪丽热巴 那些怎么不把私信发出来[吐舌],1
2025/3/21 12:31,电话都知道[赞][赞][赞],0
2025/3/21 12:31,事态严重时可以使用法律武器保护自己,0
2025/3/21 12:31,@小熊宾馆总经理 @想喝茉莉乌龙 不出道理由+1,1
2025/3/21 12:31,咱要不说放弃明星这个行业呢，既然这么不开心,1
2025/3/21 12:31,这有什么可炒作的[捂脸],1
2025/3/21 12:31,赵露思号码是什么,0
2025/3/21 12:31,那些说在为开盒事件发声的人能好好读读原文吗 我只看见她在说自己的事哈 到底在发声什么。。,1
2025/3/21 12:31,好有感觉啊,0
2025/3/21 12:31,勇于尝试多样性  都挺好看的  看到明星各种不一样的感觉多好啊,0
2025/3/21 12:31,这些人就知道打嘴炮,1
2025/3/21 12:31,@噗?,0
2025/3/21 12:31,她粉丝和喜欢疯爽的重合了，感觉文化不高年龄不大,1
2025/3/21 12:31,好可爱啊怎么会有这么可爱的人啊真的可爱死了,0
2025/3/21 12:31,支持赵露思维权！坚决抵制引导网络暴力他人的yxh以及up主！还网络健康环境！！！,1
2025/3/21 12:31,不是啊，连别人的社交软件你们都要管吗，我真是服了呀,1
2025/3/21 12:31,"dl,上学的天天在热搜上面看到她都烦共情不了一点",1
2025/3/21 12:32,老是上热搜 看的真烦[宕机],1
2025/3/21 12:32,不明白为什么这么多人黑她，也没看到她的不良报道啊，怎么就被给了啊[晕],1
2025/3/21 12:32,有些人真的病的不轻,1
2025/3/21 12:32,没热度了又开始了,1
2025/3/21 12:32,对女孩子恶意少一点好么？？？,1
2025/3/21 12:32,为什么要嫉妒心这么重、女孩这么好 感觉这黑喷是有人故意而为之的，真坏啊,1
2025/3/21 12:32,"我其实觉得露思非常好看，特别是笑起来。
中间确实有不太适合的风格，
可是我觉得好看就欣赏，不好看也不用说。可能是广告需要之类的。

每个人在成长的过程中，都在摸索，各种尝试，风格不单一。
露思底子就很好，再加上减肥，真的给很多女孩子很多感染力，想要变得更好。这是给了大家很多正能量。",0
2025/3/21 12:32,又来？这个人怎么没完没了的[尬笑],1
2025/3/21 12:32,这种黑粉不但有公司，有组织，还有工资拿，只要给票票啥事都能干出来。,1
2025/3/21 12:32,你说他妆丑那属于胡扯，你说他的剧像屎一样，没啥毛病[捂脸],1
2025/3/21 12:32,这些人有毛病吧！自己不喜欢自己讲讲算了，还发信息给别人,1
2025/3/21 12:32,就取关个人为啥有这么大的挺无语的,1
2025/3/21 12:32,赞同露思，只做自己[爱心],0
2025/3/21 12:32,说实话，他自己化的确实不好看，不好看不爱看不看不就行了，骂她干啥啊，理解不了，变态心理，骂人高兴，日行一恶,1
2025/3/21 12:32,我还是觉得他就是又肉毒素打多了[吐舌],1
2025/3/21 12:32,[九转大肠]死都不怕，怕你黑粉？自己高兴最重要，挡我高兴者，滚蛋[坏笑]你要加油哦～,1
2025/3/21 12:32,还得是我家哥哥心理素质强[看],0
2025/3/21 12:32,这姐是这个[赞],0
2025/3/21 12:32,为啥不报警呀？,0
2025/3/21 12:32,好牛,0
2025/3/21 12:32,不同情也不讨厌。因为她涉及不到我的一点利益，完全旁观者姿态看新闻也没嘴过她,0
2025/3/21 12:33,重点是开盒啊，怎么关注的都是化妆,0
2025/3/21 12:33,支持喜欢她，她的电视剧重复刷过好几遍好可爱?,0
2025/3/21 12:33,人善被人欺，马善被人骑。[泣不成声],0
2025/3/21 12:33,那就不要当公众人物好了，做回普通人，没有人去在意普通人的一生,1
2025/3/21 12:33,发出来的意思是抵制开盒，连明星都被开，何况素人,0
2025/3/21 12:33,戏好多啊她,1
2025/3/21 12:33,别说明星了，网红都有黑粉，现实生活中的我们，说不定背后都有人议论。[捂脸],0
2025/3/21 12:33,有些营销号 真是吃饱了没事干这点钱也要去分一杯羹,1
2025/3/21 12:33,就喜欢rosy[流泪][流泪],0
2025/3/21 12:33,人生只为自己而活，不要死在别人嘴里说出来我想很多人的想法便是只要自己好过，别人都活成笑话，别人的痛苦就是他快乐的源泉，要让自己活的漂亮[玫瑰][玫瑰][玫瑰],1
2025/3/21 12:33,一天208，既要又要[捂脸],0
2025/3/21 12:33,这不是看透了是黑化了[我想静静]真的看透了内心会很平静的,1
2025/3/21 12:33,赵露思生病那段时间营销号都没活干了，一复出一堆营销号问了上来，要是没赵露思你们可怎么办呐[憨笑],1
2025/3/21 12:33,黑粉这么毒的吗？,1
2025/3/21 12:33,明星和自己的韭菜谁也不欠谁！不过是一个愿打一个愿挨吧[灵机一动],1
2025/3/21 12:33,不是粉丝是黑粉这种程度上也算私生，真正爱他的人是不会这么伤害他[尬笑]麻烦措辞严谨一点,1
2025/3/21 12:33,[捂脸]所以说不要总是笑，不要没心没肺不记仇，不要比别人大方，不然就会被群起而攻之,1
2025/3/21 12:33,她好像一个扇贝,0
2025/3/21 12:34,话说上了热搜我还是不知道是谁 干嘛的[捂脸],0
2025/3/21 12:34,她自己的账号 自己正常使用 没啥问题吧,0
2025/3/21 12:34,[捂脸]都赚多少钱，干完活赶紧洗洗睡个午觉吧，有时间关人家这种事情[捂脸]，人家要是上厕所便秘便血你们是不是也得关注一下。,1
2025/3/21 12:34,抵制开盒??还互联网健康环境??拒绝任何人肉开盒行为??互联网不是法外之地，让花成为花，还互联网一个清净，人性需要约束，法治必须成为清朗网络空间的核心力量，为无底线“开盒”上锁！,0
2025/3/21 12:34,还有小?? 我不会喷任何一位明星….感觉z?l?s粉丝和小石榴都有点疯狂了 互骂只会伤害到艺人….,0
2025/3/21 12:34,用眼睛看啊，不然还能怎么看,0
2025/3/21 12:34,再刷到赵露思我无副作用彩票中一亿[感谢],0
2025/3/21 12:34,赵露思的粉丝这能忍？[宕机]不买回去热搜，我一个路人都看不下去了[尬笑],1
2025/3/21 12:34,我觉得黑不黑粉的，真的没那么必要，人家挣人家钱，演人家的戏，不喜欢就不看，没必要,0
2025/3/21 12:34,这个短信不是去年十二月的吗[捂脸],0
2025/3/21 12:34,如果取关是因为工作要求比如和前工作室解约等问题要清空账号那我不觉得怎么了 但是要是个人原因真挺癫的 单方面取关先不说礼不礼貌。公众人物做出这种行为真挺神经了,1
2025/3/21 12:34,@woo @意愿,0
2025/3/21 12:34,保护好自己 要好好的活着 是明星 但更是自己,0
2025/3/21 12:34,有谁在乎她 真把自己当个东西,1
2025/3/21 12:34,她为啥要取关所有人,0
2025/3/21 12:34,然后 别人不能这样做 别人做要被骂 她家这样做是真性情,1
2025/3/21 12:34,我最不能理解的是，你需要被人帮你剧宣的时候开口请别人帮你，过后莫名其妙又把人家取关，这种人在职场也是贼啦讨厌的那种，装好歹也装一下,1
2025/3/21 12:34,身边有这种人建议能离多远就多远,1
2025/3/21 12:35,能不能对男明星审判也这么大……,1
2025/3/21 12:35,上次取关都已经上过热搜了，又把这件事拉出来，好难猜啊[憨笑],0
2025/3/21 12:35,当明星心里素质一定要强,0
2025/3/21 12:35,为什么要这么骂一个女孩子？这些人是有多恶毒啊,1
2025/3/21 12:35,黑粉不爱请别伤害,1
2025/3/21 12:35,长得多好的姑娘啊，笑容灿烂，我不是她的粉，但喜欢她的笑。大家都善良点吧。,0
2025/3/21 12:35,1、抵制开盒！ 2、尊重！不要对别人的喜好和人生有太多的掌控欲。 3、化妆，洗把脸的事儿，喜欢的就看不喜欢的就pass！多大的事儿～ 4、我家姑娘就这点小爱好，我恨不能把全天下最好的彩妆都捧到她面前随她翻牌！ 5、愿每个女孩、每个人都能有自己的不伤害他人的爱好，不被质疑，享受其中！,0
2025/3/21 12:35,如果你不喜欢他了，可以不粉他没必要骂人家，经历过生死就想做自己想做的事也没错的，你也不可能一辈子只爱一个人始终如一,0
2025/3/21 12:35,可以不喜欢，但请别伤害！希望国家能加大加重对黑粉及相关公司的处罚力度。,0
2025/3/21 12:35,"还是喜欢她,肉肉的,活泼开朗可爱的[微笑]",0
2025/3/21 12:35,赵露思养活了所有营销号[憨笑],1
2025/3/21 12:35,我觉得她珠帘玉幕之前真的很好，从珠帘玉幕开始就一切都变了，她的所有操作都看不懂了,0
2025/3/21 12:35,@你看我: 赵露思真的露头就秒，做公益收养小动物没看有什么波澜，化个妆被骂成啥了，路人已经狠狠怜爱了[泪奔][泪奔],1
2025/3/21 12:35,真的好喜欢露思，她的剧让我看的赏心悦目开心，希望她也快乐,0
2025/3/21 12:35,[捂脸][捂脸][捂脸]关我吊事,1
2025/3/21 12:35,是的！！ 我真的不能共情！！,0
2025/3/21 12:36,就取关这点破事也能上热搜这么长时间啊，一个人，取不取关是人家的自由，另一个是这个事情真的幼稚[捂脸],0
2025/3/21 12:36,喜塔腊容音,0
2025/3/21 12:36,这作者想咋滴[流泪][强壮],1
2025/3/21 12:36,虽然虽然比之前更精致了，但是真的没辨识度了，世界对女孩子真的恶意满满的，那么那么美的女孩子还要被恶意诋毁去整容，爽子也是，而对男的要求那么低，低到尘埃,1
2025/3/21 12:36,@t?t?t?t,0
2025/3/21 12:36,不喜欢就别做那些了啊，你要是真的觉得他不值得，没必要为他洗黑那种，真的没必要，去追喜欢的明星就好了，你做了那些，然后反过来道德绑架说她不值得，真觉得不值得就别干啊，莫名其妙[疑问],1
2025/3/21 12:36,明天的热搜： 第三波！许凯睁眼睛[微笑] 后天：赵露思喝水；大后天：王鹤棣站立???♂?这对吗？@桃子soso  @梅大人的舔狗 @差异化,0
2025/3/21 12:36,我虽然不喜欢她，但是我没骂过她，也没说过她一句不是，因为我知道我是人，,0
2025/3/21 12:36,这是被当枪了吗 这不是年前就取关了吗 怎么现在火了？,1
2025/3/21 12:36,作者发这个锐化过的视频要干嘛，顶着的头像又是谁呀，好难猜啊[憨笑][憨笑][憨笑],0
2025/3/21 12:36,一天到晚炒作这货，她团队是不嫌恶心[捂脸],1
2025/3/21 12:36,为什么老是去在意别人的看法干嘛？活出自己的精彩！,0
2025/3/21 12:36,生病固然让人同情怜悯，但走上和Lisa一样的欧美讨好路线也是没办法再喜欢下去了,1
2025/3/21 12:36,好了？,0
2025/3/21 12:36,最美的你[色],1
2025/3/21 12:36,希望露思多看些正能量的网友吧,0
2025/3/21 12:36,无人在意,0
2025/3/21 12:36,可是陈芊芊的时候我是真的很吃她的颜,0
2025/3/21 12:36,她很好啊,0
2025/3/21 12:36,加油，赵露思[爱心][爱心][爱心],0
2025/3/21 12:36,就好像那种，随时需要关注她的那种，她完全不必这样，既然怕网暴，还时不时的自己给别人找点网暴的题材，我觉得大可不必,1
2025/3/21 12:36,点了  天天占着热搜也也不知道到底是想干啥,1
2025/3/21 12:36,支持赵露思维权#赵露思黑粉登报道歉并手写道歉信# #黑粉手写信向赵露思道歉#,0
2025/3/21 12:36,共情不了一丁点。有时候看她的东西，看的人焦虑，哪怕她发的是比较正能量的也散发着焦虑。可能就是大家说的，既要又要还要。既要所有人爱她赞美她，又要所有不喜欢她的人闭嘴绕开她，还要挣很多钱得很多利有很多的社会影响力。她在我这属实没给我树立什么很好的价值导向。,1
2025/3/21 12:36,「哪個明星沒被罵過」這句話就很好笑，她怎麼你了活該被罵。明星應該被「評價」也該接受「評價」。評價跟罵差很多的吧？只要是受教育的人應該都區分的出來,1
2025/3/21 12:37,现在真的就是报看,0
2025/3/21 12:37,熬得过去下一个赵丽颖，熬不过去就蓝洁瑛[抱抱你][抱抱你][抱抱你]其实赵露思真的挺不错的,0
2025/3/21 12:37,这么容易破防[捂脸],1
2025/3/21 12:37,看了评论区才知道，不是每个人都是人[微笑],1
2025/3/21 12:37,自己的脸自己该做不了主了？是明星也是她自己。,0
2025/3/21 12:37,他们还有赵露思电话呢？牛逼,1
2025/3/21 12:37,@·HAI琴,0
2025/3/21 12:37,跟白鹿学。学着开庭。,0
2025/3/21 12:37,赵露思就是属于那种严重陷入自证怪圈的人，之前有人说她普，在娱乐圈长的普通，她就疯狂的做美容减肥要证明自己不普很漂亮，然后因为几个活动化妆师给她化妆不好被嘲她就自己上手化妆，然后妆容大家都觉得很油腻她又要证明自己化妆技术很好，一直坚持自己化妆，然后生病又有网友说她炒作，她为了证明自己真的病了就在微博发康复过程，导致更多人觉得她炒作，她太在乎外界的看法，心境没有提升，一般到她这个流量级别的大部分都不会再太在乎黑粉的发言了，维系好粉丝，坚持自己的就好，同为当时网友票选的四普，其他三个发展越来越好，逐渐被大众认可，只有她还在原地踏步甚至倒退一直被嘲,1
2025/3/21 12:37,有时候真的不知道为什么赵露思这么多黑粉[发呆],0
2025/3/21 12:37,原来有钱人也有烦恼[泪奔],0
2025/3/21 12:37,骂她的人很多是女的，之前她抑郁症的时候评论区嘲讽她的清一色是女号,1
2025/3/21 12:37,为什么其他人抑郁症不像她一样天天上热搜，还不是自己想用生病这个事博人眼球，现在装什么可怜，内娱抑郁症的人少吗就她一天天的事多，为什么人家都能好好的她不行，一有事全是公司原因,1
2025/3/21 12:37,可以搜索一下啊～喜塔腊容音,0
2025/3/21 12:38,重要的是不是开盒吗？开盒犯法啊，纠结化妆干嘛[愉快][愉快][愉快],1
2025/3/21 12:38,小慧君第二,0
2025/3/21 12:38,@W w @?,0
2025/3/21 12:38,抵制开盒??还互联网健康环境??拒绝任何人肉开盒行为??互联网不是法外之地，让花成为花，还互联网一个清净，人性需要约束，法治必须成为清朗网络空间的核心力量，为无底线“开盒”上锁！,0
2025/3/21 12:38,其实这件事最可怕的还是资本的捂嘴能力啊[捂脸]真的见识到了，只有活人多的xhs难捂嘴才会发酵，其他有yxh的平台都冬眠了，然后需要拉赵露思出来挡枪的时候，800yxh又全复活了，第一次见证了什么叫资本[捂脸],1
2025/3/21 12:38,别人被黑都是塌了，cp 啥的，怎么到我们露思这里就变成了自己化妆[听歌],1
2025/3/21 12:38,我之前中重度抑郁症，我缓解之后，拉黑了很多人，不去看，不去想，活的自我一点，会开心很多，反正我支持她的做法，活着比什么都重要,0
2025/3/21 12:38,那有什么黑粉不就都收钱办事,1
2025/3/21 12:38,怎么会恶意那么大，因为嫉妒吗[苦涩][苦涩]露思宝宝真的很好啊[流泪][流泪][流泪],1
2025/3/21 12:38,希望她能恢复，别太瘦了,0
2025/3/21 12:38,所以很多事情内心强大也很重要[流泪]，，不要把柔弱的一面展现出来，不然人家会觉得好欺负[流泪]，赵露思还是太善良了,0
2025/3/21 12:38,!有时候真的不知道为什么l赵露思这么多黑粉[发呆][发怒],1
2025/3/21 12:38,很好看呀,0
2025/3/21 12:38,请善待每一个在深渊里挣扎的小孩[感谢],0
2025/3/21 12:38,看到这些网络喷子就是现实是个鸟蛋，所以来刷存在感，人家的人生人家怎么高兴怎么来关你球事，跟个住海边一样管人家的事，真的是搞笑,1
2025/3/21 12:38,[发呆],0
2025/3/21 12:38,粉丝觉得不丑 挺好的啊,0
2025/3/21 12:38,但是也不至于把人骂成这,1
2025/3/21 12:38,人经历一次大病，真的会看透很多人。,0
2025/3/21 12:38,一个公众人物承受能力这么弱干嘛要把自己暴露到大众眼前呢,1
2025/3/21 12:38,最主要把脱粉的粉丝挂出来，现在已经有人把人家人肉出来了啦，这是在干嘛我记得吴磊大粉还发过她粉丝开盒素人的事，闹特别大当时，现在又她粉丝又倡导不要开盒,1
2025/3/21 12:38,坚决抵制一切开盒行为！坚决抵制网络暴力！请还大家一个干净的网络环境和空间，任何人都不应该被开盒！,0
2025/3/21 12:38,支持维权,0
2025/3/21 12:38,其实如果真的不想那个发信息的人被扒出来，直接把手机号那里截掉就好了而不是打码诶，现在技术这么发达打码也能被看出来手机号的吧,0
2025/3/21 12:38,真像牛马上两天班 一个月两三千的工资就老实了,1
2025/3/21 12:38,@DN_E,0
2025/3/21 12:38,主要我受不了的是，她之前疯狂求人家帮忙剧宣发微博，现在转手取关别人,1
2025/3/21 12:38,搞不懂她这是在干嘛，作为公众人物，她的一言一行都影响着好多人，希望在微博上看到的是她关于作品的消息，而不是其他杂七杂八的什么玩意,1
2025/3/21 12:39,虽然我不认识她，但我真的建议大家多多关注一下雷军这样的优秀企业家领军人物。,0
2025/3/21 12:39,一般艺人准备跟公司解约会清空关注列表吧,0
2025/3/21 12:39,@忧郁的蓝色火龙果,0
2025/3/21 12:39,行了，茶姐[愉快],0
2025/3/21 12:39,操作越来越迷了  有点爽子当年的样子,0
2025/3/21 12:39,到底是什么样的人，什么样的心，什么样的嘴，对一个陌生人这么大的恶意，说那么恶心的话。,1
2025/3/21 12:39,那些网友就是贱  可以不喜欢不看就是了   非得去骂人家   是生活不如意吗   找点存在感吗,1
2025/3/21 12:39,我虽然不是粉丝 但是！ 这种话不管对那个女孩子说 都很过分！,1
2025/3/21 12:39,你还是退圈吧，那么在意这些,1
2025/3/21 12:39,赵露思养活了所有营销号[憨笑],1
2025/3/21 12:39,这是粉丝吗[黑脸],1
2025/3/21 12:39,只有林更新不怕黑粉吧[看],0
2025/3/21 12:39,真的是妆容问题吗？,0
2025/3/21 12:39,祝早日健康,0
2025/3/21 12:39,整成啥样了,1
2025/3/21 12:39,不认识[我想静静]她谁啊？,0
2025/3/21 12:39,想解约就打官司赔钱，利用粉丝网友有啥用，粉丝给你赔违约金吗[尬笑],1
2025/3/21 12:39,不明白怎么会有黑粉这种生物，不喜欢远离就好，不看就行，为什么要攻击别人，谁都是爸妈的宝贝，看把人委屈的,0
2025/3/21 12:39,有些人就是该骂，为什么对一个女生那么大的敌意，心脏那里都脏,1
2025/3/21 12:39,这些黑粉来的好奇怪，感觉是一个组织,1
2025/3/21 12:39,好美好漂亮好爱[送心][送心][送心][送心]露丝要永远开心,0
2025/3/21 12:39,真的無病呻吟,1
2025/3/21 12:39,她为什么不直接注销了…,1
2025/3/21 12:39,支持赵露思维权,0
2025/3/21 12:39,该上热搜的没上，不该上的上了，还是多支持素人维权#喜塔腊容音# ,0
2025/3/21 12:40,生病了就好好休息看病，一天天的折腾自己干啥，黑粉这个东西根本就不可能没有，在乎这些的话，得活的多累，看开点，感觉病得更重了，因为总是放不下黑粉的言论,1
2025/3/21 12:40,明星罢了,1
2025/3/21 12:40,我真服了 粉丝从来没觉得赵露思欠我们什么 反而赵露思对我们粉丝真的很好 很真诚,0
2025/3/21 12:40,露思宝宝已经很努力了，她都这么难受了，还坚持复出，就不能给点鼓励给点支持，这丫头带给我们多少快乐啊！希望未来的露思一样美好，尽管她以后因病不美好了，也希望大家不要排挤！,0
2025/3/21 12:40,抢了别人蛋糕[一起加油],1
2025/3/21 12:40,所以 她没问题啊,0
2025/3/21 12:40,路人。信息内容没啥太过分的呀。还可能是粉。说真心话实话的就是黑粉吗？粉丝只能无条件支持、溺爱吗？,0
2025/3/21 12:40,营销完生病，又开始营销网暴？,1
2025/3/21 12:40,竟然是手机短信！精准发送，这太可怕了[呆无辜][呆无辜][呆无辜],0
2025/3/21 12:40,已经爽化了[泪奔],0
2025/3/21 12:40,明明重点是被开盒为什么你们要转移话题化妆[捂脸],0
2025/3/21 12:40,任它东西南北风[得意],0
2025/3/21 12:40,可是她化的妆确实不如化妆师啊[捂脸],1
2025/3/21 12:40,说什么让赵露思养病的。之前不是说装的吗？现在复出了又让他回去，请问你们在干什么[尬笑]还有昨天上的那个取关的热搜，1月份赵露思就已经开始陆续取关别人了，为什么到现在才被爆出来上热搜，压谁的热度呢？还有说什么现在的他不像赵露思了，那就去看他以前的照片好吗？最后多关注喜塔腊容音[感谢],1
2025/3/21 12:40,取关就取关嘛关其他人什么事情，管那么多干嘛,1
2025/3/21 12:40,拒绝任何人肉开盒行为，互联网不是法外之地，让花成为花，还互联网一个清净，艺人首先也是人!,0
2025/3/21 12:40,[宕机]真的是短信内容的问题吗 没人在意赵露思手机号泄露的问题吗,1
2025/3/21 12:40,所以说这些公众人物没事就不要发视频了，给那些小黑粉有机可乘。,1
2025/3/21 12:40,"不管别人怎么说你，我还是那句话。
这姑娘我喜欢[抱抱你]",0
2025/3/21 12:40,[呆无辜][呆无辜]人经历一次大病，真的会看透很多人,0
2025/3/21 12:40,作者你顶着欣欣子头像，主页发这么多其他明星的视频，现在发个露思的视频还给人锐化成这样，你是要干嘛，要害了两个孩子吗,1
2025/3/21 12:40,人性的恶，她怎么你们了，要这样去骂一个和你无关的人，不喜欢可以不看,1
2025/3/21 12:40,这也要热点真服了[宕机],1
2025/3/21 12:40,不要在意别人怎么说 我是从来不在意别人怎么说我怎么开心怎么来 因为我开心重要,0
2025/3/21 12:40,共情不了一点,0
2025/3/21 12:40,一天天的自己老整这些破事她不是不知道自己干这行破事会上热搜的，她那个玻璃心说不定都是虚拟的挡箭牌，一天天的绞尽脑汁的巴不得干点啥事引起大家注意,1
2025/3/21 12:40,没上过也共情不了,0
2025/3/21 12:40,就看后期要不要帮宣传,0
2025/3/21 12:40,我看看这一群牛马,1
2025/3/21 12:41,阎王手里走过一圈又回来的人  对人与人之间的关系早已经淡漠了,0
2025/3/21 12:41,这些键盘侠，就知道在网络上敲文字， ??能耐你也当明星啊，你们就是羡慕嫉妒恨。,1
2025/3/21 12:41,这个世界就是有那么多的人，自己黑暗污秽还在那PUA别人，不就是因为别人是人，有心有感情有血有肉，他立马就跟坨??一样，不关他屁事他立马非要粘着人，在肚子里难拉，拉出来难冲，说??都侮辱了??，人家还能为人类做贡献，当个肥料～他们那种自己心里扭曲还要影响别人的活着都是浪费空气。          纯路人～就是烦现在的一些破组织，烂人，就跟立马他们就是韩剧男女主角一样，自己不爽自己黑暗，别人就都是他们假想敌[炸弹][炸弹][炸弹][炸弹][炸弹][炸弹][炸弹],1
2025/3/21 12:41,为什么锐化要开这么大呀?好难猜呀[愉快],0
2025/3/21 12:41,1、抵制开盒！ 2、尊重！不要对别人的喜好和人生有太多的掌控欲。 3、化妆，洗把脸的事儿，喜欢的就看不喜欢的就pass！多大的事儿～ 4、我家姑娘就这点小爱好，我恨不能把全天下最好的彩妆都捧到她面前随她翻牌！ 5、愿每个女孩、每个人都能有自己的不伤害他人的爱好，不被质疑，享受其中！[/cp],0
2025/3/21 12:41,虽然不是粉丝但也挺喜欢她的，但她也是我所知道的，被黑的惨的明星了[快哭了],0
2025/3/21 12:41,现在的粉丝管的太宽了，以你们的眼界和专业未必能做出正确的决策，最简单的例子张凌赫的粉丝抵制新剧曾导是短裤导演拒拍，后来九重紫火了，那部分粉丝怎么不说话了，真的这种病态的饭圈关系该整理了,1
2025/3/21 12:41,好讨厌微博，恶意太大了，太久没打开了，还想去看看咋回事，简直不堪入目，怎么可以对一个人恶意这么大,1
2025/3/21 12:41,说她每天上热搜烦死了，每天传播负能量，我咋看不到她每天上热搜,1
2025/3/21 12:41,1、抵制开盒！ 2、尊重！不要对别人的喜好和人生有太多的掌控欲。 3、化妆，洗把脸的事儿，喜欢的就看不喜欢的就pass！多大的事儿～ 4、我家姑娘就这点小爱好，我恨不能把全天下最好的彩妆都捧到她面前随她翻牌！ 5、愿每个女孩、每个人都能有自己的不伤害他人的爱好，不被质疑，享受其中！,0
2025/3/21 12:41,不明白，为什么有人会对自己不认识也不认识自己的人，有那么大的恶意啊,0
2025/3/21 12:41,很在意别人的评价又做出一系列让人看不懂的操作，之前自己化妆已经被骂过一次了还没扛住压力，这次依旧选择自己化妆，那能怪谁呢[笑哭]那么漂亮的一张脸，现在她的审美确实不如以前了[晕],1
2025/3/21 12:41,真的挺像韩安冉[泪奔],0
2025/3/21 12:41,喜塔腊容音大家去搜搜[黑脸][呆无辜][呆无辜],1
2025/3/21 12:41,感觉这件事里更应该谴责施暴者啊 心态的好坏也不该成为施暴者语言暴力的借口 好像大家的一句“太容易受别人影响心态不好就退圈”又让施暴者美美隐身了[疑问],0
2025/3/21 12:41,她是怎么这么火的啊，也没拿得出手的剧啊[尬笑],1
2025/3/21 12:41,对于一个明星，无可厚非！对于一个病人，千不该，万不该！,1
2025/3/21 12:41,@.摇摇七喜????,0
2025/3/21 12:41,心里脆弱的明星们都学学林更新行么[捂脸],1
2025/3/21 12:41,@迷途羔羊,0
2025/3/21 12:41,真的很不喜欢她，咋天天热搜，好烦人,1
2025/3/21 12:41,戏真多,1
2025/3/21 12:41,可爱死了我的宝宝,0
2025/3/21 12:42,以前的眼睛很有神也有光，整个人一看就觉得很俏皮的样子，现在变得你不说她是赵露思我们都不知道她是谁，真的变化太大,1
2025/3/21 12:42,什么情况,0
2025/3/21 12:42,她喜欢怎样就怎样，粉丝不喜欢可以不粉，但去辱骂她也舍得？,1
2025/3/21 12:42,那年战战也是经历了一场风暴，但是他勇敢的跨过来了[思考]希望姐姐也是，早日康复，战胜黑粉！,0
2025/3/21 12:42,@耶梦加得 @警官我真梅西 @糊涂的糖包子 @快乐の迪西 @偏爱小狗 @蓬莱寺西琳 @雾柯 @裂幵 @越过宇宙的光 @什么青菜 @孙笑川指使丁真偷王源的芙蓉王卖了充三国杀 @林檬水 @吃草的扬 清个关注都要炒热度，其实0个人在意[捂脸],1
2025/3/21 12:42,喜塔腊容音大家去搜搜[黑脸][呆无辜][呆无辜],1
2025/3/21 12:42,这是谁真的不认识[捂脸]感觉自己out了[捂脸][捂脸][捂脸],0
2025/3/21 12:42,有的人生活不如意就是要嘴别人，骂的难听，不怕自己有报应么,1
2025/3/21 12:42,为什么没事老去关注人家这些小事？人家喜欢关注谁，取消关注谁，那是别人的自由耶[抠鼻][抠鼻][抠鼻]。是妨碍了谁吗？,0
2025/3/21 12:42,刚刚还在想赵露思是谁，一搜原来早就被我拉黑了,1
2025/3/21 12:42,我很喜欢她的剧，为啥突然就这样了,0
2025/3/21 12:42,她以前真的真的真的很好看！现在这些妆造真的不合适她！没以前那么清澈了！,0
2025/3/21 12:42,咋滴[憨笑] 那个女孩出事所有yxh沉默 现在来个热搜全冒出来了[捂脸]好难猜啊,0
2025/3/21 12:42,抑郁就去看病 要死要活的蹭热度,1
2025/3/21 12:42,[赞][赞][赞],0
2025/3/21 12:42,咋滴[憨笑] 那个女孩出事所有yxh沉默 现在来个热搜全冒出来了[捂脸]好难猜啊[呆无辜],0
2025/3/21 12:42,@好运小伯1113 你说哪里来的手机号,1
2025/3/21 12:42,我不是她粉丝，可是怎么会有那么毒的人啊，发这种信息攻击一个人,1
2025/3/21 12:42,哦呵呵这也算塌房[憨笑][憨笑][憨笑][憨笑],0
2025/3/21 12:42,黑粉怎么有她个人信息,1
2025/3/21 12:42,我也是黑粉，后来变成了真爱粉[流泪],0
2025/3/21 12:42,从星汉灿烂喜欢她的，本来挺阳光的女孩子，逼成什么样了[九转大肠],1
2025/3/21 12:42,与这种人共事感觉我会短命,1
2025/3/21 12:42,有完没完 不指望你们爱女 但能不能不要这么仇女啊,1
2025/3/21 12:42,萌的亲死??,1
2025/3/21 12:42,好可爱啊露思,0
2025/3/21 12:42,喜欢她这个发型,0
2025/3/21 12:42,他真有点意思,0
2025/3/21 12:43,好多戏啊[宕机],1
2025/3/21 12:43,粉丝干嘛的？有人发工资吗[捂脸]靠什么生活的？,1
2025/3/21 12:43,咋滴[憨笑] 那个女孩出事所有yxh沉默 现在来个热搜全冒出来了[捂脸]好难猜啊,0
2025/3/21 12:43,@h!,1
2025/3/21 12:43,以后赵露思出不出来拍戏不重要，最重要的是她能健康快乐平安地活下去,0
2025/3/21 12:43,既然生病了，就不要再混娱乐圈啊。自己找不自在啊，难道非得在这个圈？,1
2025/3/21 12:43,爱美之心人人都有，不爱看别看啊，现在的人真的吃饱撑的，人家自己觉得好看关你们什么事儿啊[泪奔][泪奔]服了,1
2025/3/21 12:43,你把滤镜调成这样是什么意思呀？人家长得那么好看，你故意把它调成这样子[泣不成声],1
2025/3/21 12:43,..,0
2025/3/21 12:43,你们愿意当我黑粉嘛[看]黑粉也是粉,0
2025/3/21 12:43,明星和粉丝，就是鱼和水的关系……,0
2025/3/21 12:43,我去看下是不是也把我取关了[看],0
2025/3/21 12:43,生图是这样的 作者滤镜调成这样想干嘛好难猜呀[憨笑][泣不成声][泣不成声][泣不成声],0
2025/3/21 12:43,这还不好看还要咋好看,0
2025/3/21 12:43,说实话，我不喜欢赵露思都看不下去了，人家做一点小事就被黑，我当初也是很讨厌她 我觉得很装 但是我现在觉得他就挺正常的呀，就只想做自己而已 [憨笑][憨笑],0
2025/3/21 12:43,1、抵制开盒！ 2、尊重！不要对别人的喜好和人生有太多的掌控欲。 3、化妆，洗把脸的事儿，喜欢的就看不喜欢的就pass！多大的事儿～ 4、我家姑娘就这点小爱好，我恨不能把全天下最好的彩妆都捧到她面前随她翻牌！ 5、愿每个女孩、每个人都能有自己的不伤害他人的爱好，不被质疑，享受其中！[/cp],0
2025/3/21 12:43,不是 这…..好离谱啊,0
2025/3/21 12:43,其实不喜欢她可以不关注她，没必要伤害她，她不是人民币做不到谁都爱，,0
2025/3/21 12:43,@今天想吃虾滑ovo 你好奇吗哈哈哈哈哈哈哈,0
2025/3/21 12:43,以后我担取关她了，她粉丝别来找事儿就行。要是因为我担取关她找事的话，她粉丝这辈子都得不到幸福。,1
2025/3/21 12:44,1、抵制开盒！ 2、尊重！不要对别人的喜好和人生有太多的掌控欲。 3、化妆，洗把脸的事儿，喜欢的就看不喜欢的就pass！多大的事儿～ 4、我家姑娘就这点小爱好，我恨不能把全天下最好的彩妆都捧到她面前随她翻牌！ 5、愿每个女孩、每个人都能有自己的不伤害他人的爱好，不被质疑，享受其中！[/cp],0
2025/3/21 12:44,人们心中的成见就像一座大山,0
2025/3/21 12:44,@支吾猪,1
2025/3/21 12:44,这时候再看这些就觉得杨幂当初真是太牛了，希望每个女生都得有杨幂这样的强大精神和韧性,0
2025/3/21 12:44,加油露思????(???_??)???,0
2025/3/21 12:44,那些人难道嘴巴就不能积点德,1
2025/3/21 12:44,露丝，你要学林更新，怼死她们[捂脸],1
2025/3/21 12:44,贵圈乱的很,1
2025/3/21 12:44,对普通人来说，她就是一个陌生人，喜欢就多关注，不喜欢就划走，哪来那么多话[抠鼻],0
2025/3/21 12:44,一群无聊的人,1
2025/3/21 12:44,@花木兰,0
2025/3/21 12:44,你看 人家就是聪明  又是一波流量  会炒作真好,1
2025/3/21 12:44,安冉我给你说好多人说我们像诶~,0
2025/3/21 12:44,人家爱咋样咋样吧 现在骂的和生病心疼的是同一批人吧,1
2025/3/21 12:44,@蕉????????? @莱利^_^ [听歌],0
2025/3/21 12:44,就是很好看啊,0
2025/3/21 12:44,她真的画的很丑,1
2025/3/21 12:44,她怎么有点爽子那味儿了,1
2025/3/21 12:44,好可爱,0
2025/3/21 12:44,删完都没关系，别个取关她的时候不要跳脚，她全部取关拉黑都跟其他人没有任何关系。,1
2025/3/21 12:44,你上班天天被人骂bz? ,1
2025/3/21 12:44,取关还要过度理解思想挺好,1
2025/3/21 12:45,嘉许哥，你还不去关心一下你老婆,1
2025/3/21 12:45,@836706.,0
2025/3/21 12:45,真能蹭,1
2025/3/21 12:45,@?? .陆陆: 她好像在解约，有可能会输她是在帮他们，因为早晚会取关，而且她一但打官司输了，有可能就退圈了，而且她发微信了每个人都发了，说我取关哥哥姐姐微信喽，哥哥姐姐记得取关我，都有发过，哪呢直接单项，你收谁钱了，这个圈子水这么深，你这么里面到底有什么事吗？这个可能性有多少自己心里没有数吗？而且她不是单项是她有发微信的，自己什么都不了解就发难怪，赵露思这么大的流量你都蹭不上，也挣不到[比心],1
2025/3/21 12:45,太魔幻了，说实话还要被当新闻发[泪奔],0
2025/3/21 12:45,会不会背后有人作恶,1
2025/3/21 12:45,不是[憨笑]咋了[憨笑]来个人告诉我详细跟我说一下[憨笑]看不懂评论区说啥[憨笑]什么什么希塔腊容音[憨笑],0
2025/3/21 12:45,人家取关谁不取关谁和你们有什么关系，喜欢她就静静的喜欢，不喜欢就点不感兴趣别看，真的奇怪怎么有这么多闲人，自己的日子过的比别人好多少操那么多闲心！,1
2025/3/21 12:45,我最讨厌就是这种,1
2025/3/21 12:45,我就是喜欢两个赵[比心],0
2025/3/21 12:45,这姑娘又是动了谁的蛋糕？[捂脸]  被欺负成这样,1
2025/3/21 12:45,黑粉倒霉一辈子[不失礼貌的微笑],1
2025/3/21 12:45,@?? @芳小姐吖,0
2025/3/21 12:45,天呐 她真的肉眼可见的被黑粉折磨成这样了,1
2025/3/21 12:45,三观正的人是不会随意对一个女生恶意这么大的,1
2025/3/21 12:45,好奇怪，为什么要要求每个人心态稳定，有些人看到这些就是会难受啊[捂脸]就是想怼啊，她是明星她也是人啊，就会有情绪啊，她也没爆出那个黑粉的信息啊。重点那个人说话真的很难听啊[尬笑],1
2025/3/21 12:45,骂她轻了，她自己干那些事儿不是找骂啊,1
2025/3/21 12:45,#赵露思时尚先生开季刊销量# 可露丽牛,0
2025/3/21 12:45,我就好奇是哪三个,0
2025/3/21 12:45,对啊自己账号想怎样就怎样,1
2025/3/21 12:46,稍微有点热度就行了，别非得弄的司法机关介入，那我估计是两败俱伤[看],0
2025/3/21 12:46,[宕机]最开始生病不是爆过了吗现在咋又在说,1
2025/3/21 12:46,取关怎么了？很多都是微博关注的，非自愿的,0
2025/3/21 12:46,注意开盒[看],0
2025/3/21 12:46,思想不好的人，看什么都不好！,1
2025/3/21 12:46,[比心]去安冉医院整的吗,0
2025/3/21 12:46,明星没有点免疫力很难[捂脸],1
2025/3/21 12:46,赵露思演的剧我超喜欢看[赞][赞][赞][赞][赞][比心][比心],0
2025/3/21 12:46,@Randi?? @如果没有如果 @??Tsuki @Ro_rororosie @楽楽楽 小姐姐在干嘛,0
2025/3/21 12:46,第一眼看成了小s,0
2025/3/21 12:46,天哪，怎么把我们四川妹儿弄成这样了。还我以前的赵肉丝,1
2025/3/21 12:46,这个短信真的很像是粉转黑来回踩她的[捂脸],1
2025/3/21 12:46,@焕. 可是她真的很漂亮[流泪],0
2025/3/21 12:46,啥意思,0
2025/3/21 12:46,自己活自己的，干嘛管别人的看法[灵机一动],0
2025/3/21 12:46,她怎么会有明星的手机号然后发消息？有点奇怪,0
2025/3/21 12:46,没完没了,1
2025/3/21 12:46,骂的好，我支持[酷拽],1
2025/3/21 12:46,喜欢就多看两眼不喜欢就不看呗 为什么要伤害别人呢？人为何如此的凉薄？ 一个人要怎么才能做到让所有人都欢喜呢？,0
2025/3/21 12:46,公开吧，让他们也来被网暴网暴[酷拽],1
2025/3/21 12:46,这个世界恶意真的太大了,0
2025/3/21 12:46,剧确实是一坨屎，不怪他，怪现在的导演跟投资方,1
2025/3/21 12:46,好好笑，赵露思做公益看不见，赵露思帮助别人看不见，赵露思发个微博你说她宣扬负能量？多看看赵露思，这种负能量永远伴随你,1
2025/3/21 12:47,@转转回收刘禅 为什么取关别的明星[发呆],0
2025/3/21 12:47,[赞],0
2025/3/21 12:47,像爽子一样自由飞翔[尬笑],0
2025/3/21 12:47,对赵露思挺喜欢的，尤其是星汉灿烂里的表现。不过看了短信，感觉那个黑粉可能是真粉丝，表达了一种失望至极的感觉。另一方面，当前的粉丝力量不可忽视，粉丝根本就不是一个人，也不是一个人的喜好，更多的是一个群体的力量，有造星的能力。这个事我不看谁的态度如何，站在谁那边，而是看粉丝和明星的关系,0
2025/3/21 12:47,这么漂亮的人活着也这么累，真受不了那些没事找事干的喷子,1
2025/3/21 12:47,手机号竟然被泄露了啊？,0
2025/3/21 12:47,化不化妆就算了，取关是干什么，当时她也是拉了很多人给她做宣传的啊,1
2025/3/21 12:47,强颜欢笑，经历这么多，她已经不像之前享受现在的工作了。状态也没之前的自然了。,0
2025/3/21 12:47,@WXinY 你看评论区,0
2025/3/21 12:47,黑子们去拉泡粑粑照照 为什么没人喜欢你那,1
2025/3/21 12:47,[黑脸],1
2025/3/21 12:47,我的员工在店里全方位无死角带录音的监控下还蛐蛐我呢，我就跟我老公说 下次再蛐蛐我 我就对讲打开 让他们声音再大点 跟他们一起聊[看],1
2025/3/21 12:47,为什么她热搜这么多 什么大事小事都能上热搜[捂脸][愉快][愉快][愉快],0
2025/3/21 12:47,和韩国明星一样，辛苦了，,0
2025/3/21 12:47,[疑问]是不是因为黑粉所以才抑郁,1
2025/3/21 12:47,赵露思,0
2025/3/21 12:47,这么玻璃心就不要当明星了，明星这个职业又不是公主，谁都得顺着她,1
2025/3/21 12:47,支持赵露思维权,0
2025/3/21 12:47,共情不了一点,0
2025/3/21 12:47,重新分什么啊,1
2025/3/21 12:47,宝宝好可爱,0
2025/3/21 12:47,越来越不理解这姐了,1
2025/3/21 12:47,是不是要解约了，所以清空列表了,0
2025/3/21 12:47,呃  不要再博热度了    隔一段时间几条热搜,1
2025/3/21 12:48,这些黑粉大部分是女的,1
2025/3/21 12:48,你是被网络资本洗脑了吧！真正的抑郁症是有躯体化的，而且抑郁症是精神病的一种、是有遗传的！你以为是善良得不到爱？压力大？其实他们是心胸狭隘，博取同情为自己谋利；装抑郁症呢。从没见过一种病跟医美一样天天宣传。,1
2025/3/21 12:48,这人应该粉过她吧,0
2025/3/21 12:48,永远不要对任何人语言暴力，永远不知道下一秒是不是反转[尬笑],0
2025/3/21 12:48,她这样做   为她高兴   做自己  不用 也不要在乎太多    多爱自己,0
2025/3/21 12:48,那个关注的人是我,0
2025/3/21 12:48,露思啊 ，你要无视这些人啊,0
2025/3/21 12:48,只能说：无波澜，不星路,0
2025/3/21 12:48,弟弟,0
2025/3/21 12:48,不追星，不明白追星的心里，就是哪部剧好看就看看，不喜欢的就不看了，为什么不喜欢就一定要网爆别人呢。每个人的品味都不一样，臭豆腐有人喜欢、有人厌，这些精分们也不见去网暴臭豆腐。自己是太阳吗全世界都得围着你的喜好转。,1
2025/3/21 12:48,@星星点灯??,0
2025/3/21 12:48,你给这锐化拉这么高是要干嘛？[愉快],0
2025/3/21 12:48,谁知道是不是自导自演，自己给自己发短信 [偷笑][偷笑],1
2025/3/21 12:48,黑粉你也是真闲,1
2025/3/21 12:48,刚开始有点，后来不了一点,0
2025/3/21 12:48,星汉灿烂的时候可喜欢她了，后面一系列操作不解哪个打工人不辛苦，不累啊，负能量太多了。,0
2025/3/21 12:49,你们好吓人啊，她现在只剩三个关注了，要不要再买条黑热搜专门说呢？,1
2025/3/21 12:49,说实话无论网红还是明星没有很强抗压能力真是活得不容易[捂脸],0
2025/3/21 12:49,[尬笑]这个不叫粉丝，这个是骚扰，人身威胁了已经,1
2025/3/21 12:49,所以ysx的事你怎么不说，收钱了吗[尬笑],1
2025/3/21 12:49,第二个李明德,0
2025/3/21 12:49,什么这是黑图吗 我还以为安利视频呢[舔屏][舔屏][色]美鼠了,1
2025/3/21 12:49,我希望你们来网暴我，因为我不惧你们任何人[尬笑],1
2025/3/21 12:49,为什么要在乎别人说什么，女孩子要内心强大，活自己喜欢的样子就好，屏蔽那些不喜欢的声音[玫瑰],0
2025/3/21 12:49,可不可以屏障这些悲观的艺人，很影响[看],1
2025/3/21 12:49,做人要善良点，留点口德，[打脸],1
2025/3/21 12:49,@明天去吃火锅唛 有点可怕,0
2025/3/21 12:49,他可是我闺女最喜欢的明星,0
2025/3/21 12:49,为什么有黑子，因为能挣钱。黑子在喷人时只有两种状态，一是明确有利可图有钱可赚，另一种着比较可怜，被操手人玩弄情绪牵鼻子走还没有收益，反而自己气一身病化身键盘侠。黑粉和喷子这类黑文化早就成了成熟的产业链[捂脸],1
2025/3/21 12:49,@七月番星,0
2025/3/21 12:49,这拍的好网红假脸,1
2025/3/21 12:49,好多人黑她真的,1
2025/3/21 12:49,看看隔壁刘亦菲、以前很喜欢她灵气漂亮可爱、现在的她作为一个艺人一个榜样明星天天不是装可怜就是在大场合发傻、又没实力又想吃这碗饭、难道靠一味地装可怜就行,1
2025/3/21 12:49,赵露思,0
2025/3/21 12:49,之前不上宋茜啥的 人家一关注她她就取关好像,1
2025/3/21 12:50,大家应该关注网络暴力一事[憨笑],0
2025/3/21 12:50,能不能把这个女的封杀了，一天天的一点正能量都没有，哭哭啼啼没完没了,1
2025/3/21 12:50,网暴就是不应该的，开盒就是犯法的！！！,0
2025/3/21 12:50,抹黑露思，替她挡灾,1
2025/3/21 12:50,给我赚那么多钱，随便骂我，我无所谓[看],1
2025/3/21 12:50,我会回，关你屁事[看],1
2025/3/21 12:50,取关能咋的？自己的账号自己还不能说的算了？,1
2025/3/21 12:50,她事怎么这么多,1
2025/3/21 12:50,不是这画质都啥样了 作者是不是想引战自己清楚哈 神经,1
2025/3/21 12:50,露思做自己！,0
2025/3/21 12:50,我真的不理解,0
2025/3/21 12:50,绝不会 甚至想骂（不是）,1
2025/3/21 12:50,??抵制开盒??还互联网健康环境??拒绝任何人肉开盒行为??互联网不是法外之地，让花成为花，还互联网一个清净，人性需要约束，法治必须成为清朗网络空间的核心力量，为无底线“开盒”上锁！,0
2025/3/21 12:51,所以有些人说你就是想说啥说啥根本不过脑子不是真的,1
2025/3/21 12:51,很好看啊为什么要骂她,0
2025/3/21 12:51,这算不算另一种霸凌呢？,0
2025/3/21 12:51,评论区粉丝攻击力也是无敌了。。有些人也没说什么[尬笑],1
2025/3/21 12:51,网暴是小事 取关是大事 这个世界怎么了[愉快],1
2025/3/21 12:51,@????????????,0
2025/3/21 12:51,可是她以前的妆造真的好漂亮，我记得前几年她拍什么照片全网就会有好多人拍她的同款照片，她照片里带的发圈都能卖断货,0
2025/3/21 12:51,但是…这妆就一定要自己化吗,0
2025/3/21 12:51,无语??又开始了,1
2025/3/21 12:51,不关注我的人，我一律不回关！管他你是谁，天王老子都没有我自己大[灵机一动][灵机一动][灵机一动],1
2025/3/21 12:51,没颜值谁看啊[捂脸],1
2025/3/21 12:51,想干嘛就干嘛，只要不违法，支持[灵机一动],0
2025/3/21 12:51,真的无人在意开盒这个事吗[捂脸],0
2025/3/21 12:51,不喜欢 不在意 别给我推了,0
2025/3/21 12:51,我是再一次对一个朋友好，可是我却又被伤一次之后，真的所谓了，我感觉，我应该不会再对谁好了，除了家人,0
2025/3/21 12:51,反对开户行为[赞][赞],0
2025/3/21 12:51,千万不要因为别人的话内耗自己，远离那些对你不好还爱指责你的人，不要被任何人绑架自己，自己才是自己的，自己的日子自己过,0
2025/3/21 12:51,恶意好大,1
2025/3/21 12:51,太对了 普通人一天上班受的苦快赶上她一年的了 还没事就在打工人休闲的时候上热搜作妖 不点进去都能刷到,1
2025/3/21 12:51,赵露思好可爱,0
2025/3/21 12:51,戏比演的好多了,0
2025/3/21 12:51,咋的，你也是一线明星？,1
2025/3/21 12:51,好可爱露宝！,0
2025/3/21 12:51,赵露思,0
2025/3/21 12:52,人呐，一定要善良，才会有福报,0
2025/3/21 12:52,每个明星都没逃脱过网络暴力[捂脸],0
2025/3/21 12:52,这么美呢，怎么会有人说丑，是瞎吗？[捂脸],1
2025/3/21 12:52,人经历一次大病，真的会看透很多人,0
2025/3/21 12:52,不太行啊[尬笑],1
2025/3/21 12:52,多看看爱你的评论！,0
2025/3/21 12:52,第一次见自己网暴自己的[捂脸],1
2025/3/21 12:52,@badada_o 怎么会有人对一个什么关系都没有的人有那么大的恶意呢[冷漠],1
2025/3/21 12:52,真是网络世界无法无天，有巴掌无法伸入屏幕的无力感，有的人就是皮痒,1
2025/3/21 12:52,她取关这件事是年前就发生了，那时候并没有上热搜而且有这么多人关注，现在出现感觉像是为了压??的那件事情的热搜吧，词条突然就没有找不到了,1
2025/3/21 12:52,没有特别强的抗压能力真的不要去娱乐圈受罪[泪奔],1
2025/3/21 12:52,好久之前就有的事，现在拉出来是不是要压喜塔腊容音的事情呢？好难猜啊[送心][送心][色],1
2025/3/21 12:52,网络平台以后也净化一下网络环境吧。对于恶意评论的人，也给予相应的平台处罚,0
2025/3/21 12:52,@?????? @Moon?? @啊啊啊啊啊啊啊啊啊啊啊 @小陈不是小橙?? 说出了我的心声,0
2025/3/21 12:52,妆不行，换个化妆师哪怕就化一次不就好了，是不是整容没恢复好，只能一直说自己化妆不好,1
2025/3/21 12:52,希望赵露思出来拍戏，喜欢她！[比心][比心][比心],0
2025/3/21 12:52,骂回去，支持赵露思,1
2025/3/21 12:52,遇到这种同事 我只想说离的越远越好了,1
2025/3/21 12:53,可爱宝宝,0
2025/3/21 12:53,人经历一次大病，真的会看透很多人,0
2025/3/21 12:53,啊！这么美的视频还是被锐化了，本人得美成啥样啊,0
2025/3/21 12:53,"哎，在意这种人干啥[撇嘴]露思就是架吵少了，脾气不够爆,不然捏死这种人就跟捏蚂蚁似的",1
2025/3/21 12:53,希望不要被黑粉影响，不要让对家得逞,0
2025/3/21 12:53,她心里有点大病,1
2025/3/21 12:53,指路??喜塔腊容音,0
2025/3/21 12:53,怎么会有这么坏的人啊[酷拽]人家生病了还这么恶毒,1
2025/3/21 12:53,某些人就是因为没露思好看所以嫉妒,1
2025/3/21 12:53,[捂脸][捂脸]露丝想取关谁就取关谁 管得着吗[捂脸],0
2025/3/21 12:53,我觉得她需要庆奶这样的人引导,0
2025/3/21 12:53,思思，你就应该越活越好，气死那些黑粉,1
2025/3/21 12:53,这么大的明星，赚那么多钱，那么有地位，还会在意这种小黑子吗？,0
2025/3/21 12:53,这些人也就只能躲在阴暗处过过嘴瘾,1
2025/3/21 12:53,文案跟评论区演变脸呢？,1
2025/3/21 12:53,烂人，那些烂人,1
2025/3/21 12:53,不剪拉到，你可以不做粉丝啊，那么喜欢刷存在感，人家怎么样还要你来指指点点，那么喜欢指指点点去做妈咪啊,1
2025/3/21 12:53,说人家整幺蛾子是喜欢 好特别的喜欢,1
2025/3/21 12:53,骂上人家门了？！,1
2025/3/21 12:53,为什么这么多关于赵露思的热点，啥事都被营销号到处发，容易败坏路人缘的,1
2025/3/21 12:53,明星懂不懂就抑郁症，他们是没有真正的过过苦日子，试试外面为了生活打拼的普通人，说实话在我心里没有什么话能伤到我[泪奔][泪奔][泪奔],1
2025/3/21 12:53,@穆回,0
2025/3/21 12:53,酸酸的,1
2025/3/21 12:53,露思这一次利用流量让大家跟关注开盒这件事！严厉打击开盒！抵制开盒开户！抵制一切违法暴力行为！,0
2025/3/21 12:53,露思加油,0
2025/3/21 12:53,抵制开盒??还互联网健康环境??拒绝任何人肉开盒行为??互联网不是法外之地，让花成为花，还互联网一个清净，艺人首先也是人!,0
2025/3/21 12:54,取关也很正常吧。这评论区也很离谱，都在说什么??网暴素人，我看她才是被一大堆素人网暴了吧....而且最开始起因就是她被素人过分解读了。,1
2025/3/21 12:54,人经历一次大病，真的会看透很多人,0
2025/3/21 12:54,非要把人家逼死才行吗？不喜欢不看不就好了,1
2025/3/21 12:54,人干嘛要对别人指手画脚的？,1
2025/3/21 12:54,[尬笑],0
2025/3/21 12:54,我之前因为小奶音的事不太喜欢她，可是我也从来没有在网上发过骂她的言论，我觉得不喜欢的话忽视就好了，为什么要用这样恶毒的言论去说一个人，这个人可能还有抑郁症，现在都恋爱赵露思了，真不容易[捂脸][捂脸][捂脸],0
2025/3/21 12:54,该说不说她怎么天天这些事啊 ！,1
2025/3/21 12:54,天天报道一些娱乐新闻，其他咋不报呢?[呲牙][赞],0
2025/3/21 12:54,她太贪了，想要的太多，但是她忘了她在娱乐圈,1
2025/3/21 12:54,我真的搞不懂为什么会有人去骂明星，不喜欢不关注不就好了吗，为什么非要去恶语相向，人家又没影响到自己的生活,0
2025/3/21 12:54,肯定她有自己的想法,0
2025/3/21 12:54,整天搞这死动静不就是让人关注她吗？是不是让她退圈的人多了，她害怕自己真凉了,1
2025/3/21 12:54,共情不了，甚至觉得很烦,1
2025/3/21 12:55,谁让她不开心就取关谁怎么了呢？我不开心我还删除谁了,1
2025/3/21 12:55,@3三叁 @Qiu @杨枝甘露 [流泪][流泪][流泪],0
2025/3/21 12:55,我一直没搞明白赵露思到底咋了 为啥都在骂她,1
2025/3/21 12:55,我是路人，没想到恶意攻击来自自己的粉丝，挺震撼的，赵露思长的很美演技很好，那些标榜自己是粉丝的，就可以为所欲为了吗，你是粉丝了不起吗，因为你的喜欢艺人就要丢掉自己的喜好，不能做自己吗，真的有点气愤,1
2025/3/21 12:55,粉色才是最可怕的，上一秒粉丝，下一秒黑粉,1
2025/3/21 12:55,未经他人苦莫劝他人善[发怒]！,1
2025/3/21 12:55,她这种级别的明星都遭受这些 那比她流量还高的得多少人发信息辱骂啊,1
2025/3/21 12:55,这是要网暴那个人吗，,1
2025/3/21 12:55,露思怎么了，那些黑粉为什么要骂她，她不是一直挺好的吗？她拍的电视剧我都爱看,0
2025/3/21 12:55,猜你想看：喜塔腊容音??,0
2025/3/21 12:55,她唱的没那么简单有段时间我特别喜欢,0
2025/3/21 12:55,我不是赵露思粉丝，但是她的演技真的很好，长得很可爱，很漂亮，某些人见不得别人优秀,0
2025/3/21 12:55,娱乐圈，难不成还真指望在这圈子里找知己的。谁对谁不是有那么一点人脉利用的情节在。夫妻还做秀呢。人际关系断舍离没毛病。,1
2025/3/21 12:55,喜欢不盲目捧，不喜欢不恶意贬低，真的很没素质,1
2025/3/21 12:55,怎么每个明星都那么多黑粉，素不相识的就去骂人家，手指头随便动动不知道给人家带来多大伤害,0
2025/3/21 12:55,人经历一次大病，真的会看透很多人,0
2025/3/21 12:55,她确实没有太好的电视剧[泪奔][泪奔][泪奔]但是她的颜值竟然还有人喷[捂脸][捂脸][捂脸]这是要多漂亮才行呀,0
2025/3/21 12:55,她以前不火的时候就追她剧  后天突然一瞬间  她火了  好像变了 感觉不是很开心了她,0
2025/3/21 12:55,起诉,1
2025/3/21 12:55,来关注#喜塔腊容音#,0
2025/3/21 12:56,删除没用的社交，对自己也是一种救赎[泣不成声],0
2025/3/21 12:56,短信？,0
2025/3/21 12:56,人经历一次大病 真的会看透很多人,0
2025/3/21 12:56,这个人怎么会有赵露思的电话号码？！对人说出这么恶的话，自身福报也很浅的。希望赵露思好好保重身体。,0
2025/3/21 12:56,这种黑子告它,1
2025/3/21 12:56,要不开个直播收礼物吧，天天这样不是病就是取关,1
2025/3/21 12:56,我怀疑赵露思人品问题,1
2025/3/21 12:56,这种粉丝好狠毒啊，你就别喜欢人家了呗，人家也没按着呢去帮她做什么呀,1
2025/3/21 12:56,真的不明白有些人张嘴难听的话就说  什么心理  看不惯可以不看 非骂人干什么,1
2025/3/21 12:56,这女的也是绝了 没有一次靠正能量上热搜 但总用办法上热搜 靠生病啊 黑流量上热搜 别问问就是我妒忌她[捂脸],1
2025/3/21 12:56,明星取个关这么大热度，关你们屁事呀,1
2025/3/21 12:56,现实中，人一个人对另外一个人有莫名的很大的恶意，没接触，我都觉得很可怕，更何况这种你跟他根本就不在一个层次的，也会有恶意，我就不太理解了，真的那种恶那种坏的想法，看对方怎么都不顺眼，到底从哪里来的？[捂脸][泪奔][泪奔],1
2025/3/21 12:56,还没完[微笑]  没完没了。一个月3000在担心一个一个月3000000的人？？？？？,1
2025/3/21 12:56,还想吃这碗饭就好好吃，不吃就离开这个圈呗[灵机一动],1
2025/3/21 12:56,闺蜜没有对象想找一个[抱抱你]我负责帮忙介绍，有没有人[抱抱你],0
2025/3/21 12:56,好可爱的宝宝哈哈哈,0
2025/3/21 12:56,呃??,0
2025/3/21 12:56,感觉被他单的明星好尴尬，不管看着烦对方也删了绝对又上一波热搜,1
2025/3/21 12:56,@赵露思工作室官微 你告得太少了我说,1
2025/3/21 12:56,支持赵露思维权,0
2025/3/21 12:57,从没喜欢过她，喜欢赵丽颖,1
2025/3/21 12:57,为什么中间还放了一个别人的剧  啊？这到底是在表达啥,0
2025/3/21 12:57,什么样子都喜欢 因为不管她怎么做都有人叫唤[冷漠],1
2025/3/21 12:57,化妆后像是变了个人。当然怎么化她自己说了算，我只说我的直观感受。,0
2025/3/21 12:57,……,0
2025/3/21 12:57,连给自己化妆的权利都没有？真正是粉丝不就是让艺人做自己？服,1
2025/3/21 12:57,我觉得他也很好，温柔心好，有的人就是自己生活在阴暗里，看什么都是阴暗的！,0
2025/3/21 12:57,心里不强大的混不了娱乐圈的,0
2025/3/21 12:57,赵露思，我喜欢你的表演，希望你爱自己，不要再意别人的看法，希望粉丝们多包容，爱她就保护她，,0
2025/3/21 12:57,@三分仙女味 [裂开],0
2025/3/21 12:57,@穿上苏菲显我神威,0
2025/3/21 12:57,有点离谱了，首先赵取关这件事没必要放大，取关本来很正常。其次虞什么网暴素人啊，那个也离谱。但凡了解来龙去脉吃瓜的，而不是本身黑虞的，都不会觉得她在引导网暴。,1
2025/3/21 12:57,这种事情也要发出来？[憨笑],0
2025/3/21 12:57,不要为了讨厌你的人活，还有那么多喜欢你欣赏你保护你的人,0
2025/3/21 12:57,看语气像恨铁不成钢的粉转路[黑脸],0
2025/3/21 12:57,虽然我之前也挺喜欢赵露思，，但这姐奇怪操作太多了。。。,1
2025/3/21 12:57,上了十多年班，不觉得她有啥问题。。。上班累的要死，谁有功夫管同事取关不取关，同事出柜都可以取关都要恨半天，那真的是神仙工作,0
2025/3/21 12:57,关注这东西有啥说法吗 不就是取关吗 为啥每次取关就有文章写 ,1
2025/3/21 12:58,想来想去，人活一世，为了什么，做自己，快乐的自己，不取悦任何人！,0
2025/3/21 12:58,她怎么事儿这么多,1
2025/3/21 12:58,和婆家吵一次架也会看清一些人,0
2025/3/21 12:58,抵制开盒行为??????黑粉应该列入网爆名单判刑,1
2025/3/21 12:58,真爱粉和好感路人绝对大于黑粉，多看积极向上的，少看恶评，每个人都不能做到让所有人都满意,0
2025/3/21 12:58,屁大点事 天天让我刷到了 有病就去治 病好就出院 自己化个妆 被人骂也要刷屏 。还一堆人在哪里 好不容易 好可怜 真烦 这群人你天天请专人帮你化妆 你们出来工作没有领导,1
2025/3/21 12:58,再刷到赵露思我无副作用彩票中一亿[感谢],0
2025/3/21 12:58,我只能说不爱就别伤害，虽然这种做法不对，但是如果说多了的话，我害怕被开盒,1
2025/3/21 12:58,@太帅怎么办？,0
2025/3/21 12:58,不看这些信息不就行了嘛,0
2025/3/21 12:58,不喜欢可以不评论人家     又不能做到人人喜欢[捂脸],0
2025/3/21 12:58,我从来不在网上骂任何网红，艺人，看看不就行了？,0
2025/3/21 12:58,不化妆也很好看   是不是太好看了被人黑,0
2025/3/21 12:58,支持赵露思维权！,0
2025/3/21 12:59,人活一辈子 说短不短说长不长 在乎自己感受就好,0
2025/3/21 12:59,喜塔腊容音,0
2025/3/21 12:59,指路：喜塔腊容音[调皮],0
2025/3/21 12:59,太在意别人的看法说法，不太好,0
2025/3/21 12:59,说白了就是非主流情绪,1
2025/3/21 12:59,[调皮],0
2025/3/21 12:59,脸是她自己的她想怎么化就怎么化，她喜欢怎样就怎样，你不爱看别看，当什么上帝。。。。。,1
2025/3/21 12:59,这本书是什么呀,0
2025/3/21 12:59,关就关，关你们什么事,1
2025/3/21 12:59,喜塔腊容音大家可以去看看,0
2025/3/21 12:59,没什么想说的，拍一部戏赚别人一辈子赚的钱（可能夸张了，但是价格不低），老是看到视频说（可能不是本人，但是热度不低了，不是水军也是自己没有制止过）收到的伤害，踏入娱乐圈就该知道这个圈子就这样，挨不了骂可以退圈，钱不好赚，抑郁症，这年头上班上学的有一半都有心理问题，不是说抑郁症咋了，该关心的，但是老提就没意思了，真抑郁症患者不会经常提这个的,1
2025/3/21 12:59,这也能上热搜吗 真是的[捂脸],1
2025/3/21 12:59,我们女人连自己化妆的权利都没有了吗[绝望的凝视],0
2025/3/21 12:59,明星心理素质一定要强大   不要被这些影响心态,0
2025/3/21 12:59,她的粉丝还要我们自己反思找原因,1
2025/3/21 12:59,只会反感,1
2025/3/21 13:00,短信里最后一句是什么,0
2025/3/21 13:00,今天我生日，能和我说生日快乐吗？[流泪][流泪],0
2025/3/21 13:00,围脖真的像个巨大的化粪池[调皮],1
2025/3/21 13:00,喜塔腊容音大家可以去看看,0
2025/3/21 13:00,很美[送心][送心],0
2025/3/21 13:00,？？？？？？她怎么又上热搜了[微笑],1
2025/3/21 13:00,不是粉丝吧 说话像黑粉,1
2025/3/21 13:00,我今年好像更清醒了 谁也骗不了我,0
2025/3/21 13:00,@鱼尾酱:),0
2025/3/21 13:00,我要睡觉了  取件码发给谁啊,0
2025/3/21 13:00,??未必你没有取消关注过别人么 这么正常的事 有不是她想上热搜 是她随便做点什么就能上热搜取关不正常么 那很多人还取关金秀贤呢,1
2025/3/21 13:00,共情不了一点,0
2025/3/21 13:01,她给我的感觉就是拼命想证明自己也可以 但是确实有时候有些妆不适合她  作为公众人物还是要综合意见 吸取好的意见 希望下次看到露思的消息是她向成功更进一步 而不是每天去在意这些负面信息花费时间在这些做对抗上 消耗自己的好运,0
2025/3/21 13:01,能不能别占用公共资源了[微笑][微笑][微笑][微笑],1
2025/3/21 13:01,她自己开心就好了，黑粉你管人家化什么妆，人家的脸还需要，管好自己的脸就行了,1
2025/3/21 13:01,取关很久了，都半年了，怎么现在突然开始去这么多人发[憨笑][勾引][勾引][勾引],1
2025/3/21 13:01,生病成这样还接通稿也不好好养病，明星真的太坚强了，,0
2025/3/21 13:01,我只能说她不要自己化妆就挺好,1
2025/3/21 13:01,怎么说呢黑粉都是和她差不多出身的，只是露思成功了，而那些人没有成就，所以心里不平衡甚至扭曲到出造谣，多半都是当初同行之人，人家见不得露丝过的比她好,1
2025/3/21 13:01,嫉妒使人面目全非,1
2025/3/21 13:01,重点是开盒好吗 为什么关注人家化妆啊 不是粉丝都能看懂而你们只关注人家化没化妆,1
2025/3/21 13:01,老发她生病的事干嘛 生病就去治。发出来就会好吗？,1
2025/3/21 13:01,早就之前生病的时候取关了，不知道为什么现在突然有这么多人发,0
2025/3/21 13:01,好久之前就有的事，现在拉出来是不是要压喜塔腊容音的事情呢？好难猜啊[送心][送心][色],1
2025/3/21 13:01,这是啥时候的活动啊 怎么搜不到,0
2025/3/21 13:01,其实她不化妆也好看的,0
2025/3/21 13:01,有些人恶意真的太大了，不明白他们为什么会对一个与自己不相干的人恶语相向。太不理解了。,0
2025/3/21 13:01,听说把韩安冉微信都删了哈哈哈哈哈哈,1
2025/3/21 13:02,@※ @麦片 @陈浸式. @kitsa @1016 @??开飞机创?你 @好运常伴,0
2025/3/21 13:02,视频博主滤镜调成这样[偷笑][偷笑][偷笑]我真不知道怎么想的，蹭什么热度？你在吃人血馒头？,1
2025/3/21 13:02,支持，露丝，黑子会反噬的，一切都会好起来的,0
2025/3/21 13:02,抑郁症一复发自己都控制不住，不会伤害别人，只会伤害自己，为什么这么多人喜欢网曝管不住自己的嘴呢？自己长的比她好看吗，就抨击别人[困],1
2025/3/21 13:02,不就是开盒吗,1
2025/3/21 13:02,@Lil·Siya.Lx魔音 赵露思怎么也被开盒了,1
2025/3/21 13:02,她真的很好 很喜欢她 [玫瑰][玫瑰][玫瑰],0
2025/3/21 13:02,她为啥老被骂啊，不懂,0
2025/3/21 13:02,人生一场大病真的会看透很多东西,0
2025/3/21 13:02,@Cnc.,0
2025/3/21 13:02,她要活成郑爽啊,1
2025/3/21 13:02,到底是什么样的人，才喜欢在网络上当黑粉 骂人呢[捂脸],1
2025/3/21 13:02,到底是谁啊，为什么要恶意网爆别人？化妆化成啥样到底跟他啥关系？,1
2025/3/21 13:02,我宣布我就不出道了，我玻璃心,0
2025/3/21 13:02,同为女性却这样诋毁女性，搞不懂为什么要骂她[捂脸],1
2025/3/21 13:02,她经历了什么？,0
2025/3/21 13:02,其实很多明星的黑粉都是这样，不止赵露思[送心],1
2025/3/21 13:02,这就是对家资本吗[泣不成声][泣不成声][泣不成声]压谁的事好难猜...,0
2025/3/21 13:03,一直搞不懂为什么会有人对一个网络上的人产生这么大的恶意[尬笑],0
2025/3/21 13:03,看透人性了呗,0
2025/3/21 13:03,删好友其实情绪波动不稳定比较敏感的人常做的事[捂脸],0
2025/3/21 13:03,没有一个强大的内心真的很难做一个合格的公众人物,0
2025/3/21 13:03,这波属实卖惨了，作为公众人物名利双收了，这点也不愿意承受吗？,1
2025/3/21 13:03,博主，说话好有引导味～可我只想知道喜塔腊容音事件[玫瑰],1
2025/3/21 13:03,互动,0
2025/3/21 13:03,赵露思取关已经是一月份的事了，突然就火了，不知道为谁挡枪。好难猜哦！[微笑],0
2025/3/21 13:03,猜你想看：喜塔腊容音??,0
2025/3/21 13:03,不太理解，为什么取关会被骂,0
2025/3/21 13:03,连最自己最亲的人的微信联系方式都能删除的人，还不允许别人取关，咋想的？？我站赵露思！加油,1
2025/3/21 13:03,不知道骂人的这些人是什么心理，嫉妒别人吧,1
2025/3/21 13:03,不买热搜会死啊，好烦这女的,1
2025/3/21 13:03,抵制开盒，猜你想看#喜塔腊容音#,0
2025/3/21 13:03,迎接新生，重新开始，期待赵露思??也期待许我耀眼和小小的勇气??????,0
2025/3/21 13:04,人一旦生了一场大病，经历一场大事真的能看清很多人，很多事。也会慢慢变得无情,0
2025/3/21 13:04,真的搞不懂一些黑粉心里的阴暗，怎么做到对和自己没有任何交集的人无底线仇恨的,1
2025/3/21 13:04,你们是不是有病啊？,1
2025/3/21 13:04,好好休息吧,0
2025/3/21 13:04,真的够了 放过这个小女孩吧,0
2025/3/21 13:04,这社会什么人都会有，当没看见就是了[捂脸],0
2025/3/21 13:04,又在装了。无病呻吟，自己合同问题，,1
2025/3/21 13:04,不是她咋了 为什么都骂她,1
2025/3/21 13:04,我喜欢她 也会喜欢她画的妆，喜欢所有所有,0
2025/3/21 13:04,一月份的事，现在突然就火了，不知道为谁挡枪，好难猜哦！[微笑],0
2025/3/21 13:04,路人，觉得露丝还是不要太瘦了，把自己身体养好一点，养的再有肉一点好看！[呲牙],0
2025/3/21 13:04,真是吃饱了撑的  这是有组织有预谋的黑吧 这种情况违法 就应该告它,1
2025/3/21 13:04,猜你想看：喜塔腊容音??,0
2025/3/21 13:04,这就是我不想成为明星的原因,0
2025/3/21 13:04,ysx二十万大粉还支持[黑脸][黑脸],1
2025/3/21 13:04,明星也是人不喜欢就不粉就得了 这种好极端啊,1
2025/3/21 13:04,怎么会有人会这么恶毒地骂一位毫不相识的人，希望她一定要强大起来，网暴的人都应受到法律的严惩！,0
2025/3/21 13:04,有种上个班一个月挣几千块累死累活然后玩手机放松结果看见之前帮过忙的同事单删我的无力感,0
2025/3/21 13:05,黑粉好可怕,1
2025/3/21 13:05,她音色挺好的呀 就是感觉气息不太稳,0
2025/3/21 13:05,早几个月就取关了，谁买的嘿rs啊，真难猜啊[憨笑],1
2025/3/21 13:05,说实话娱乐圈就没有不好看的女明星，只有get不到的，不如多审判审判男明星[愉快][愉快],0
2025/3/21 13:05,有些人就那么闲吗？费劲功夫去攻击别人。[暗中观察],1
2025/3/21 13:05,@起司小妤饼 人家取关和他们有什么关系吗[憨笑][憨笑],0
2025/3/21 13:05,为什么要骂她了！可以不喜欢也没必要骂丫！,0
2025/3/21 13:05,[泪奔]直接回两个字给黑粉，“反弹”就可以了，不必内耗。,1
2025/3/21 13:05,她咋了[黑脸],1
2025/3/21 13:05,戏多,1
2025/3/21 13:05,为啥别的明星不跟她一样被骂？想想自己的原因吧 戏精,1
2025/3/21 13:05,现在的的人应该是生活好了。,0
2025/3/21 13:05,@造姨 这位正常人把事实说出来了 一帮蠢人却不承认哈哈哈没救了,1
2025/3/21 13:05,慢慢提升妆造技术吧，而且妆造这东西本来就时好时坏啊，钟楚曦妆造不也是自己嘛～大家都夸啊，没必要对一个小姑娘这么大恶意，讲真她什么都没做错啊～永远笑嘻嘻的漂漂亮亮的,0
2025/3/21 13:05,1、抵制开盒！ 2、尊重！不要对别人的喜好和人生有太多的掌控欲。 3、化妆，洗把脸的事儿，喜欢的就看不喜欢的就pass！多大的事儿～ 4、我家姑娘就这点小爱好，我恨不能把全天下最好的彩妆都捧到她面前随她翻牌！ 5、愿每个女孩、每个人都能有自己的不伤害他人的爱好，不被质疑，享受其中！,0
2025/3/21 13:05,就化！爱化！就化就化怎么滴,1
2025/3/21 13:05,黑粉是怎么拿到她的手机号的,1
2025/3/21 13:05,她的粉丝真的很难理解 网暴其他明星就算了 连自己蒸主也骂,1
2025/3/21 13:05,直接直播公开念出来   号码也念出来 看他臊不臊得换慌 没人家漂亮 没人家有钱 嘴又臭 心又毒[看],1
2025/3/21 13:05,赵露思散粉购买，真的好棒,0
2025/3/21 13:05,妈呀,0
2025/3/21 13:06,我虽然不喜欢她粉丝，但是她这样也太不容易了[衰][衰],0
2025/3/21 13:06,@? 。。,0
2025/3/21 13:06,就那多人不用工作不用赚钱不用学习吗？那么闲,1
2025/3/21 13:06,@汉堡里的青菜。 @奶盖星球.,0
2025/3/21 13:06,我们都是平凡人，你们不喜欢，不代表我们不喜欢，你们不喜欢请别伤害，懂？,0
2025/3/21 13:06,天呐！！！这有的人嘴巴咋这么毒啊[裂开]，是生活过得不如意找别人发泄吗。,1
2025/3/21 13:06,抖音1个 微博3个,0
2025/3/21 13:06,露思加油,0
2025/3/21 13:06,然后呢，乐子,0
2025/3/21 13:06,@㊣猫哆哩ゑ,0
2025/3/21 13:06,人经历一次大病，真的会看透很多人,0
2025/3/21 13:06,黑粉应该列入网爆名单判刑!网咯不是法外之地!  严禁用非法手段获得她人信息，给她人发送短信恐吓 威胁 谩骂侮辱攻击她人，请严查那个给她发送短信的人。抵制开盒??抵制网络暴力??还互联网健康环境??拒绝任何人肉开盒行为??互联网不是法外之地，让花成为花，还互联网一个清净！！,0
2025/3/21 13:06,郭骏你是想吃人血馒头吗？,1
2025/3/21 13:06,能不能强行要求艺人在冬天出席活动必须穿棉袄棉裤,0
2025/3/21 13:06,真的很可怜啊，明明什么都没有做，却要遭受这么大的恶意敌意。[流泪][流泪][流泪],0
2025/3/21 13:06,取关犯法的话你去报警好了 神经病[捂脸],1
2025/3/21 13:06,人经历一次大病，真的会看透很多人[流泪][流泪][流泪],0
2025/3/21 13:06,如果我没看错的话，这个作者的视频是鱼的加滤镜，赵的锐化，其他明星发原图[衰]不怪粉丝想到她的属性哈,1
2025/3/21 13:06,搞不懂，不喜欢就别看她呗，攻击人家干啥,1
2025/3/21 13:06,老婆好可爱,0
2025/3/21 13:06,老婆萌死我了,0
2025/3/21 13:06,@宇宙无敌柠檬大侠 ,0
2025/3/21 13:06,怎么会有这么可爱的小宝宝,0
2025/3/21 13:06,露思萌死我了啊啊啊,0
2025/3/21 13:06,共情不了一点,0
2025/3/21 13:07,我也共情不了,1
2025/3/21 13:07,好好爱自己，别顾虑太多,0
2025/3/21 13:07,乐子,0
2025/3/21 13:07,人经历一次大病，真的会看透很多人,0
2025/3/21 13:07,人真的还是要善良温柔一点…留的口德…,0
2025/3/21 13:07,人不可能一成不变 这是假粉丝 真喜欢一个人要接受她的全部,0
2025/3/21 13:07,所以你以为明星那么好当?明星钱那么好赚?所以没什么好眼红的，每个人选择不一样，比如我就选择三千块钱一个月，喜欢干什么就干什么没人敢说我[微笑],0
2025/3/21 13:07,微博看过，感觉骂好恶毒呀！路人看到最多觉得不合适，也不会去做人身攻击啊,0
2025/3/21 13:07,这也只是人家的事儿，人家明星自行解决，我也相信他们会理解的，虽然我不是赵露思粉丝但是她现在应该很痛苦吧，我们觉得莫名其妙，也许有他的原因，不然没必要做的这么绝，一定有她的原因，一样赵露思早点好起来！,0
2025/3/21 13:07,"我不太懂这个黑粉，他们去攻击艺人的对他们来说有什么好处吗,为什么要这样做呢？",0
2025/3/21 13:07,她很好看啊？为什么骂她[泣不成声]可可爱爱的，居然我不是她粉丝,0
2025/3/21 13:07,这就破防了我请问呢？之前还站中立 现在是真的越来越讨厌她了[微笑]天天就会搞热搜博人眼球,1
2025/3/21 13:07,@鹿吃吃,0
2025/3/21 13:07,zls粉丝也是无敌,1
2025/3/21 13:08,她的演技确实很尬啊[捂脸][捂脸],1
2025/3/21 13:08,虽然不是他的粉，我也从不追星，但是感觉也挺不容易的，只能说每个职业都不容易，喜不喜欢他都好，又何必骂人家呢，这得多大心理创伤啊,0
2025/3/21 13:08,那些黑粉放过她吧，你不喜欢她就去粉你喜欢的人，说不出善良的话也不要说出伤人的话也是积口德 了,0
2025/3/21 13:08,人为什么要对另一个陌生人那么大恶意呢,0
2025/3/21 13:08,我真的 很不理解[流泪][流泪][流泪] 我也很心痛丝 很好的女孩子[流泪]这个世界不应该这样对他们 我时常想我家欣欣 也会有这种情况真的哭了很多次[流泪][流泪][流泪],0
2025/3/21 13:08,露丝真的是个很温柔的人 我以为因为营销号对她印象不好 然后前段时间我刷到很多粉丝去看明星自称妈妈 我看了好几个就只有露丝是最有诚意的 也不是说其他的不好 就是她真的对粉丝很好还请她们喝奶茶 人善被人欺所以那些黑粉总攻击她 也正是内心细腻的人才更容易患抑郁症[流泪],0
2025/3/21 13:08,赵露思就这样悄悄萌我一跳[憨笑],0
2025/3/21 13:08,那不是真爱粉么[偷笑],0
2025/3/21 13:08,赵露思是谁[尬笑],1
2025/3/21 13:08,1、抵制开盒！ 2、尊重！不要对别人的喜好和人生有太多的掌控欲。 3、化妆，洗把脸的事儿，喜欢的就看不喜欢的就pass！多大的事儿～ 4、我家姑娘就这点小爱好，我恨不能把全天下最好的彩妆都捧到她面前随她翻牌！ 5、愿每个女孩、每个人都能有自己的不伤害他人的爱好，不被质疑，享受其中！[/cp],0
2025/3/21 13:08,上班谁会开心啊，但还得点头哈腰，不然就别干了,0
2025/3/21 13:09,欲戴王冠，必承其重。,0
2025/3/21 13:09,嘴下积德吧，人家碍你啥事了。逼逼赖赖的啥，,1
2025/3/21 13:09,不爱请别伤害[抓狂][抓狂][抓狂][抓狂][抓狂][抓狂],1
2025/3/21 13:09,网络上的键盘侠真的真的好恐怖，网上稍微跟他们意见不和，就会追着你诅咒你，这些人真的不会良心不安吗,1
2025/3/21 13:09,支持赵露思,0
2025/3/21 13:09,要把人往绝路逼啊，不怕遭报应这些黑粉[裂开][裂开],1
2025/3/21 13:09,这么可爱漂亮的露思都会被攻击到抑郁。，何况是我，人心险恶，不要轻易伤害别人同时也保护自己别被人伤害。让我内心再强大一点。,0
2025/3/21 13:09,为什么这么大恶意？？,1
2025/3/21 13:09,[咒骂]别人朝我扔泥巴，我拿泥巴做粉底液。不用怂，很多人就是欺软怕硬。,1
2025/3/21 13:09,这种谁受得了？好恐怖,1
2025/3/21 13:09,不要再给我推她了行么，谁不疾苦啊,1
2025/3/21 13:09,我焦虑抑郁好了以后也是这种状态，我爱怎么活就怎么活，遇到那些故意刁难我的人我转身就走，随便别人怎么说我也不在意[捂脸],0
2025/3/21 13:09,就说，但凡把这种聪明劲用在提升演技上呢,1
2025/3/21 13:09,怎么做到把自己家摘那么干净的,1
2025/3/21 13:10,@馒头姐姐,0
2025/3/21 13:10,活明白了就好了,0
2025/3/21 13:10,黑粉说话太恶毒了,1
2025/3/21 13:10,赵露思真的很好，你看她生那么大的病，为什么还要恶语相向[酷拽],0
2025/3/21 13:10,支持赵露思自由化妆！抵制开盒网爆行为[微笑][微笑],0
2025/3/21 13:10,再刷到赵露思我无副作用彩票中一亿[感谢],0
2025/3/21 13:10,就是现实过得不如意所以在网上骂骂这个怼怼这个,1
2025/3/21 13:10,为什么一定要抱有恶意[苦涩],0
2025/3/21 13:10,赵露思真是火了  就这么一件事微博空降第一  都这么关注露思[捂脸][捂脸][捂脸],0
2025/3/21 13:10,唉,0
2025/3/21 13:10,没必要恶语伤人，都是中国人，她又没做犯法的事，如果你不喜欢一个人就放弃追求的一切想法，也放过自己，时光飞逝，做好自己，过好每一天。,0
2025/3/21 13:10,再刷到她中十万,0
2025/3/21 13:10,面貌大不一样[尬笑],0
2025/3/21 13:10,所以这和她取关别人有啥关系啊[宕机],1
2025/3/21 13:10,你们网友有必要过度解读吗 赵露思为什么不能取关? 我滴妈呀，你们网友如果嫉妒的话就叫女娲给你颜值，没必要说赵露思,1
2025/3/21 13:10,尤其因为她耽误工作进度…要是生病好好调养大家都理解，一天就能抑郁躯体化丢拐杖的，这…生病还能各个摄像头角度拍vlog怎么想对那种真生病的人非常不公平,1
2025/3/21 13:10,不敢说，怕她粉丝又说我恨女,1
2025/3/21 13:10,我不能，烦死了,1
2025/3/21 13:11,为什么一会抑郁一会又这么坚强,0
2025/3/21 13:11,这么漂亮可爱又活泼的一个女孩子，到底做错了什么啊？要一直被骂来骂去，露丝已经做得很好了很棒了。为什么要对这么简单的女孩子有这么大恶意啊？我真的不懂,0
2025/3/21 13:11,评论区还真一堆人信啊？[捂脸]娱乐至死,1
2025/3/21 13:11,没热度了吗？,1
2025/3/21 13:11,是看透了？还是不装了？,0
2025/3/21 13:11,删了就删了啊 矫情  一点破事就要买热搜,1
2025/3/21 13:11,怎么又又又上热搜了 这种事也能上热搜[宕机]不上热搜创造热搜[赞],1
2025/3/21 13:11,这又关虞书欣什么事啊[噢买尬][噢买尬][噢买尬][噢买尬],1
2025/3/21 13:11,你敢信这是官方号 又要闹笑话闹到国外了哟[调皮],1
2025/3/21 13:11,实话实说啊。有什么错,0
2025/3/21 13:11,评论区都友好点 毕竟死者为大,0
2025/3/21 13:11,今天我老公问我，家里房子下来了，你不去办房产证吗？我说不去，我说我什么事情都不想管，我连你都不想要了，还要什么房子，我感觉自己无欲无求,0
2025/3/21 13:11,我觉得挺好看的化的，不知道在说什么,0
2025/3/21 13:11,不喜欢就划走，为什么要去伤害别人，是因为你不幸，所以要被人跟你一样不幸嘛？,1
2025/3/21 13:11,她平时日常妆怎么化都没事 杂志上台面这种别自己化妆 真不好看[尬笑],1
2025/3/21 13:11,一个人对我的成见都会使我不断怀疑否定自己，别说明星那么多恶意的黑粉，真的他们的内心要多么强大才不会让自己受伤害……,0
2025/3/21 13:11,不爱请别伤害，谢谢键盘侠了,1
2025/3/21 13:11,这样辱骂一个女孩子，虽然是路人，但是那些辱骂她的人，你们良心真的……,0
2025/3/21 13:11,实在不明白好吃好喝的怎么能抑郁,1
2025/3/21 13:11,装太累了再继续下去…,0
2025/3/21 13:11,还郁抑症呢，我就没见过那个乐子有病还能打字吃饭[捂脸],1
2025/3/21 13:11,怎么老是把自己搞上热搜？？？安静一点不行吗,1
2025/3/21 13:11,我抑郁的时候我也把我微信里面的人都删光了,0
2025/3/21 13:11,露思给粉丝传递的就是正能量，她一直都爱笑，善良，但她也是人，不是只有单一感情的机器。她怎么没勇于面对不同的声音了？不按某些人的想法走就是没面对就是不勇敢？什么逻辑？&quot;网友&quot;嘲讽她攻击她辱骂她恶意揣测她，她不能有反应，有反应就是计较？她已经用作品证明自己了，不然那么多剧粉都哪里来的？,1
2025/3/21 13:11,妈呀点了,0
2025/3/21 13:11,这些人都不要脸 这种惩罚根本没什么实质作用,1
2025/3/21 13:12,这些黑粉就是嫌的   心里扭曲,1
2025/3/21 13:12,竟然是手机短信！精准发送，这太可怕了,0
2025/3/21 13:12,可是那个短信好像是粉丝[震惊][震惊][震惊]不是说给她反黑啥的吗，黑粉给她反黑？,0
2025/3/21 13:12,不认识赵露思[捂脸],0
2025/3/21 13:12,为什么会存在黑粉这种生物呢[冷漠][冷漠],1
2025/3/21 13:12,这你叫粉丝啊[尬笑],1
2025/3/21 13:12,人机营销号,1
2025/3/21 13:12,支持赵露思化妆自由！抵制开盒网爆行为！,0
2025/3/21 13:12,疑似赵露思天天上热搜[憨笑][赞],0
2025/3/21 13:12,这种已经造成个人心理创伤，是不是可以告了,1
2025/3/21 13:12,这么大的事建议直接报告联合国好吗，吓我一激灵。,0
2025/3/21 13:12,人说的没错。,0
2025/3/21 13:12,在上班，没觉得这是个什么很大的事，倒是骂的这些人上纲上线的完全看不懂,0
2025/3/21 13:12,有剧找人宣传没剧把人取关  待会都把她取关了就老实了,1
2025/3/21 13:13,感觉是黑粉故意伪装她粉丝来伤害她的吧，她没做错什么只是做自己也被骂，真的喜欢的话会好好说给建议而不是直接骂她伤害她,0
2025/3/21 13:13,好TM烦，屁大的事，没完没了,1
2025/3/21 13:13,多好看的小姑娘，为什么要黑她,1
2025/3/21 13:13,1、抵制开盒！ 2、尊重！不要对别人的喜好和人生有太多的掌控欲。 3、化妆，洗把脸的事儿，喜欢的就看不喜欢的就pass！多大的事儿～ 4、我家姑娘就这点小爱好，我恨不能把全天下最好的彩妆都捧到她面前随她翻牌！ 5、愿每个女孩、每个人都能有自己的不伤害他人的爱好，不被质疑，享受其中！,0
2025/3/21 13:13,她总是一点点动静就被挂上热搜，然后吃瓜的路人是不看澄清的[泪奔][泪奔][泪奔],1
2025/3/21 13:13,再刷到赵露思我无副作用彩票中一亿[感谢],0
2025/3/21 13:13,请黑子们来黑我吧 我想出名,1
2025/3/21 13:13,我觉得还没好  最好别工作了  出来就受攻击   要么照顾的人把所有网络设备都收起来吧  不然好不了了,1
2025/3/21 13:13,@脆啵啵.?? [流泪],0
2025/3/21 13:13,@栀子 天呐 这些黑粉讲的好过分啊[流泪] 虽然不粉她 但是她超级漂亮 真的很美,0
2025/3/21 13:13,我感觉就是一个小女孩生了一场大病，看透了很多事很多人，现在终于不想管别人怎么样，只想活出自我，明星也是普通人,0
2025/3/21 13:13,转型不易,0
2025/3/21 13:13,综上所述 网友的嘴太-,1
2025/3/21 13:13,博主说一下喜塔腊容音的事吧,0
2025/3/21 13:13,不是 怎么又来压热度??,1
2025/3/21 13:13,不要管这些烂人，美一辈子开心一辈子,1
2025/3/21 13:13,最讨厌这种人跳梁小丑,1
2025/3/21 13:14,不过她那个妆画的自己私下时间的爱好没所谓，但工作时间还是应该让专业人员处理。毕竟工作时间她的脸是类似于生产工具，要尊重工作本身。,0
2025/3/21 13:14,取关或者关注谁那是人家的事吧，现在奇怪的人太多，不喜欢不看她的剧，不关注她的妆就成了，自??人喜欢她，我觉得她挺好的，不是粉丝，但不管是不是粉丝，只要这个人没做坏事，都没必要带着恶意去攻击别人，明星也是人。,0
2025/3/21 13:14,@22。 ？？？,0
2025/3/21 13:14,就不能对人友好点吗,1
2025/3/21 13:14,现在的人真的是 对别人的恶意太重了,1
2025/3/21 13:14,要勇敢不要忍，忍只会伤害自己,0
2025/3/21 13:14,黑粉真的很恐怖 感觉连人家呼吸都是错的,1
2025/3/21 13:14,天呐 不是粉丝都好心疼她 无语了[绝望的凝视],0
2025/3/21 13:14,真神经，人家怎么样化什么样的妆，跟你有什么关系呢，化你脸上了吗？？？你自己有多好看？有多漂亮？有多优秀？？？,1
2025/3/21 13:14,抑郁的大多数是善良的,0
2025/3/21 13:14,中国网友：使劲喷，人没了以后：多年轻啊，好可怜，就开始了,1
2025/3/21 13:14,不怎么关注娱乐圈 但是赵露思我觉得很可爱啊很漂亮 为什么那么多恶意,0
2025/3/21 13:14,做自己就好，我女儿十二岁了，是她的粉丝[赞],0
2025/3/21 13:14,她怎么老是上热搜（无褒无貶）,0
2025/3/21 13:14,一天闲的蛋疼,1
2025/3/21 13:14,有些人活着就是阴沟里的老鼠[呆无辜],1
2025/3/21 13:14,人美心善[感谢],0
2025/3/21 13:14,黑粉开始也是真爱粉,1
2025/3/21 13:14,@刚好,0
2025/3/21 13:14,博主说一下喜塔腊容音的事吧,0
2025/3/21 13:14,本来上班就烦 同事戏还多,0
2025/3/21 13:14,到底是谁在共情啊,1
2025/3/21 13:15,抑郁症就这样,0
2025/3/21 13:15,刚开始走的清纯路线，就不要走性感路线，感觉反差太大,1
2025/3/21 13:15,赵露思挺努力的一个女孩子[赞]，生病了也还尽量坚持工作，挺不容易的。但确实她自己化的妆网感重了点，感觉用于工作中就不太适合她，（纯自己的审美，粉丝别骂我[捂脸]）。如果是爱好，喜欢自己化妆，平时生活中是很好的爱好；如果是工作用的，还是请团队处理更妥当。,0
2025/3/21 13:15,[尬笑][尬笑][尬笑],0
2025/3/21 13:15,开盒是什么意思？[流泪],0
2025/3/21 13:15,这个人一定是很嫉妒你[玫瑰],1
2025/3/21 13:15,很正常 我也会突然退群 删没有必要的社交 取关而已 但是能确定的是肯定跟情绪有关 我也是 心情不好 谁都不想理 心情好 谁都想理,0
2025/3/21 13:15,不喜欢不至于这样吧[尬笑],0
2025/3/21 13:15,这孩子在历劫啊,0
2025/3/21 13:15,难怪明星总是抑郁症，乔任梁走了这么多年了，他的微博依然有骂他的[噢买尬][噢买尬][噢买尬][噢买尬][噢买尬][噢买尬],1
2025/3/21 13:15,真的很漂亮，有一种破茧成蝶的感觉[泣不成声][泣不成声][泣不成声],0
2025/3/21 13:15,露思要坚强！挺过去,0
2025/3/21 13:15,抑郁的人做什么都很意想不到，多点包容，至少不去伤害,0
2025/3/21 13:15,明明这么好看 有些人别太恨女了[调皮],1
2025/3/21 13:15,支持露思取关自由请勿妄自揣测！抵制开盒??还互联网健康环境??拒绝任何人肉开盒行为??猜你想看??指路#喜塔腊容音#,0
2025/3/21 13:15,之前无感后来她找人家网红帮她宣传完现在又取关很多人就,1
2025/3/21 13:15,哈哈，给她剧宣的亏死了,1
2025/3/21 13:16,我真想知道她做错什么了,0
2025/3/21 13:16,偷偷藏不住很好看很好看的。,0
2025/3/21 13:16,怎么会有人说出这样恶毒的语言，这是什么心理,1
2025/3/21 13:16,主要是开盒好吗！！！！露思是为了让大家注意这个！！！,1
2025/3/21 13:16,真的，无语，每个人都在努力着活着，为什么要去诋毁一个这么善良的女生。,0
2025/3/21 13:16,赵露思天天上热搜[捂脸][赞],0
2025/3/21 13:16,感觉她发出来的这条可能是骂的最不严重的一条了[流泪],1
2025/3/21 13:16,@?? 她咋又自己化了,1
2025/3/21 13:16,我刚开始认识她的时候，觉得她真的很好，可后来她频繁给自己加戏，买热搜，让我觉得她真的变了好多，变得越来越不让人喜欢了,1
2025/3/21 13:16,[送心][送心][送心],0
2025/3/21 13:16,她如果被雪藏了 她做网红带货 我都支持她[流泪] 她真的很好 不懂为什么一直有人黑她[流泪]都是女孩子[流泪],0
2025/3/21 13:16,怼得好  自己成为自己最大的黑粉  才是好的,1
2025/3/21 13:16,赵露思主要是想让你关注开盒一事 不是化妆  重点都不会,0
2025/3/21 13:16,这不是很早关注就清零了，之前一直没有人关注为什么突然一下上热搜了，是要压什么热度还是有啥剧要播？,0
2025/3/21 13:16,其实太辛苦可以退圈的，毕竟身体才是最重要的。,0
2025/3/21 13:16,你们是不知道她在剧组有多做作有多大牌,1
2025/3/21 13:16,赵露思，你是怎么了，怎么这么多不顺了[泪奔],0
2025/3/21 13:16,她为啥那么多黑粉啊,1
2025/3/21 13:16,你适合当你来呗,1
2025/3/21 13:17,我不追任何明星，赵露思也没特意关注过她，可是我真想说为什么这么大恶意呢，不喜欢不看不就行了吗,0
2025/3/21 13:17,你们不去骂放高利贷的 引导网暴素人的 高速倒车的......来骂一个化妆的[疑问][疑问][疑问] 内娱完了,1
2025/3/21 13:17,医学奇迹,0
2025/3/21 13:17,人经历一次大病，真的会看透很多人。,0
2025/3/21 13:17,天天的干嘛呀  没完了,1
2025/3/21 13:17,有些妆造确实不太好看，不爱听实话又内心脆弱，作为公众人物整天搞得那么脆弱干嘛？又抑郁又这又那的，哪个明星没有被黑过呀，刘亦菲那么美的仙女都有那么多人黑她胖了什么的…人家也没那么多事啊！,1
2025/3/21 13:17,不喜欢看不看就好了，取关不关注她就好了，没必要骂人，她坚持做她自己，既然已经跟你最初喜欢的那个样子相悖，又何必勉强自己勉强她呢,0
2025/3/21 13:17,其实路人根本不会管你，化得有多奇怪，粉丝给她好心提建议她不听，还表示自己要化一辈子妆，给我笑的，支持自己化一辈子哈,0
2025/3/21 13:17,自己被黑的同时纵容粉丝去黑别人,1
2025/3/21 13:17,像朋友圈换黑头像、莫名单删的人一样,0
2025/3/21 13:17,一天天都是负能量新闻 能不能别上热搜了 我不想看,0
2025/3/21 13:17,他怎么既要又要的  演技也就那样  观众捧上去的现在反过来恶心人呢,1
2025/3/21 13:18,我真的服了，这么好个闺女，人性的恶意为啥这么大！？这些人怎么说出这种话的？[流泪],0
2025/3/21 13:18,真服了，女明星真的太容易被黑，男明星不一样[九转大肠]qj也有人喜欢搞不懂[微笑],1
2025/3/21 13:18,这咋了 取关就取关呗 还要被说被议论,1
2025/3/21 13:18,你也看到了[赞][赞][赞],0
2025/3/21 13:18,你们挖了一年了 还没挖到黑料吗 只能黑她自己化妆吗[疑问][疑问][疑问],1
2025/3/21 13:18,黑粉？不会是亲近的人吧手机号都知道[尬笑],1
2025/3/21 13:18,赵露思做公益无人问津[憨笑]人家自己化个妆就咄咄逼人[憨笑],1
2025/3/21 13:18,做自己都要被喷了[泪奔],0
2025/3/21 13:18,都在用露思找朋友宣传的事情上说 用完就扔但是帮忙宣传过的朋友 可是露思也有帮朋友宣传  帮忙宣传的肯定都是朋友啊 而且我觉得有些朋友是自己主动帮露思宣传的 而且就这一次找朋友宣传了又不是只有她一个人找朋友宣传 不要这么针对她好吗 别人的评论区只会说什么时候认识的朋友呀 在露思的评论只会说为了宣传不达目的真 的很可笑,1
2025/3/21 13:18,当明星应该学会过滤这些负面的信息，不然很容易抑郁，她太在意别人的看法了,0
2025/3/21 13:18,戏子一有动向就流量热搜，也是服了[呆无辜],1
2025/3/21 13:18,连个好友都不敢删，看得出来你也只是个社会底层的喽啰，怕得罪人，真可怜啊,1
2025/3/21 13:18,我上班遇到过，而且业务中她犯错误帮她几次处理，结果她走了直接给我单删了vx，我过年给她拜年才知道，觉得自己遇到了白眼狼，不需要她感谢但是直接删我真的挺low的！,1
2025/3/21 13:18,真是多管闲事,1
2025/3/21 13:19,高敏体质真的不适合做公众人物,1
2025/3/21 13:19,她脑子不正常,1
2025/3/21 13:19,路人，生病了就好好养病，隔三差五的看到这种新闻，真的很烦，不然给我一种错觉，这种病随时想好就能好，想不好就不好的感觉,1
2025/3/21 13:19,粉丝没日没夜给她洗数据，哪里说错了啊[尬笑] 这就是黑粉了？给她洗数据不是真爱粉吗,1
2025/3/21 13:19,该被评判的不应该是违法开盒的人吗？为什么要说被害者？不懂评论区在干什么,0
2025/3/21 13:19,又是引人注意买热度，不太理解[尬笑],1
2025/3/21 13:19,姐，你少玩点手机吧[听歌]玩手机玩出病来了,1
2025/3/21 13:19,"真的很喜欢赵露思  一直看她演的电视剧
但是
这也找到了   我为什么不出道的原因[不失礼貌的微笑]",0
2025/3/21 13:19,@喔吼????????? @留白 @嘛『^0^』呀！！！！ @月啵啵. @w.小乔 不理解这些恶评[流泪]不喜欢就不关注不可以吗，只觉得这些人很可怜[尬笑],0
2025/3/21 13:19,有些人就是为了怕影响自己，键盘侠也很恶心，没脑子。,1
2025/3/21 13:19,我就想知道人家怎么知道她的私人号码的,1
2025/3/21 13:19,露思现在真的是越来越好了，期待许我耀眼,0
2025/3/21 13:19,这女的包年热搜什么破事都要挂一下，不怕折损了自己,1
2025/3/21 13:20,她是谁不知道感觉她的新闻为啥满天飞[泣不成声],1
2025/3/21 13:20,露思宝宝[流泪],0
2025/3/21 13:20,@?,0
2025/3/21 13:20,不是粉丝，但是也希望她健健康康的,0
2025/3/21 13:20,以前挺阳光明媚的一个人  弄抑郁了,1
2025/3/21 13:20,真搞不懂[疑问] 不喜欢就刷走呗[疑问] 非的带上几句黑话才能满意的走[疑问] 发生在你身上就老实了（黑粉）[赞],1
2025/3/21 13:20,好家伙，怎么她干点啥都能上热搜第一,1
2025/3/21 13:20,可能她自己也感觉到自己时日不多了[困],1
2025/3/21 13:20,感觉她没干啥，何必恶意这么大,0
2025/3/21 13:20,她到底得罪谁了 为什么这么黑她最近,1
2025/3/21 13:20,买小米吧，可以屏蔽陌生人短信[泪奔],0
2025/3/21 13:20,刚刚追完后浪，头头加油?,0
2025/3/21 13:20,说的对，身体健康最重要,0
2025/3/21 13:20,所以啊，说出口的话终究是证据，只要被取证，都是逃不掉法律的制裁#赵露思黑粉登报道歉并手写道歉信#,0
2025/3/21 13:21,我真的很不理解怎么能对一个陌生人这么大的恶意？？？？不爱也别伤害不好嘛？,0
2025/3/21 13:21,我虽然没看过她的电视剧 但她确实很好看啊 谁要是长成这样做梦都得笑醒吧,0
2025/3/21 13:21,被资本操控的人生可怜的孩子,0
2025/3/21 13:21,估计想要变成熟，甩掉可爱的标签，所以这一年都在走成熟路线，其实真的不用这样，年龄到了自然会有的，之前清纯难道不是很美吗？,0
2025/3/21 13:21,我觉得网络就应该把发攻击人恶毒言语的人的号一次性清除，只要发就屏蔽号码,1
2025/3/21 13:21,这么好的一个小女孩为什么大家恶意这么大[流泪],0
2025/3/21 13:21,嘴真毒,1
2025/3/21 13:21,赵露思又不是今天才开始清列表的，到底是谁买的热搜[愉快]好难猜哦,0
2025/3/21 13:21,挖了一年的黑料 还是只能黑她自己化妆 对粉丝也好 商业价值也高 关键是硬美啊 换谁谁不破防[调皮],1
2025/3/21 13:21,为啥会有黑粉这个生物她们没有其他的事情做吗？,1
2025/3/21 13:21,取关就娱乐榜第一了，你们这操作也太假了吧[尬笑][尬笑][尬笑],1
2025/3/21 13:21,都说了黑粉了，就别看他们发的，自己快乐就好,1
2025/3/21 13:21,真的好喜欢赵露思,0
2025/3/21 13:21,内心太脆弱，容易被拉垮，没法，强大的内心不是谁都有,1
2025/3/21 13:21,那这么骂人的那个人就很高贵吗[微笑]话都不会好好说[微笑]说那么难听干嘛！,1
2025/3/21 13:21,这么说话的真的是粉丝吗？不是黑粉吗？路人都比他嘴巴干净,1
2025/3/21 13:21,这些霸凌的人长什么德行。 真不知道现在网络怎么这个样子。喜欢就看。不喜欢就不要逼逼叨叨。,1
2025/3/21 13:21,支持露思，爱咋咋就咋，自己的微博自己做主,0
2025/3/21 13:21,她的粉丝有正常人？,1
2025/3/21 13:21,这种人除了工作迫不得已不会打交道，自己累别人也累满满的负能量！,1
2025/3/21 13:22,不是  黑粉骂她为什么要取关其他明星啊[宕机],1
2025/3/21 13:22,这个杂志的的妆容不错呀明明就很好看，这也要说她太难了,0
2025/3/21 13:22,她和Kanye要干什么[愉快]@BlackSnake @。、。 @马达发卡carti @偷蛋挞的米.??,0
2025/3/21 13:22,这些人真不知道怎么了，不喜欢她，不关注她不就好了，为什么要去伤害人家，真是缺德[酷拽][酷拽],0
2025/3/21 13:22,主要是一个明星都能被随意开盒[流泪],1
2025/3/21 13:22,既然吃这碗饭 就得接受舆论的好与坏。这是成年人的工作担当  不可能既要又要,0
2025/3/21 13:22,不是 这些人 脑子是不多少有点?[发呆],1
2025/3/21 13:22,让万物如其是，让花成为花??????,0
2025/3/21 13:22,赵露思又开始值班了,0
2025/3/21 13:22,天天营销自己有意思嘛？[捂脸],1
2025/3/21 13:22,这和霸凌有啥区别,1
2025/3/21 13:22,怎么会有她的手机号,1
2025/3/21 13:22,可以不粉，但是请别伤害，真的有时候语言会伤害死人,0
2025/3/21 13:22,才几个月啊，让朋友帮忙宣传剧。转头取关别人[666],1
2025/3/21 13:22,有一种感觉 这些黑粉之所以知道露思的号码 可能就是圈内人故意提供的 或像买热搜一样买黑粉黑她,1
2025/3/21 13:22,"内娱有自己的空空日记哈[憨笑]
猜你想看：喜塔腊荣音??",0
2025/3/21 13:22,我觉得露思很可爱啊，不知道为什么会有黑粉,0
2025/3/21 13:22,今日生日 无人问津,0
2025/3/21 13:22,小姐姐的粉丝都是大明星,0
2025/3/21 13:22,人越来越多啦，真好,0
2025/3/21 13:23,为什么会有哪些诋毁人的人,1
2025/3/21 13:23,都说能患抑郁症的人，都是最善良的人，善良到不舍得伤害别人，所以伤害自己了。[泣不成声][泣不成声][泣不成声],0
2025/3/21 13:23,人家没伤害你，你去攻击别人就不配活着，脏。不叫黑粉，叫脏货。,1
2025/3/21 13:23,但是现在的妆真的一言难尽啊，很多粉丝都是在她清纯长相时喜欢上的她，粉丝花费大量金钱和时间买她的代言什么的，我们要的只是回到以前那样，不知道提了多少遍改回妆造，也没把粉丝的话记在心上啊，我也粉转黑好久了，想起以前能为她花费七万多，我也真是服了我自己了[再见][再见],1
2025/3/21 13:23,内心强大点儿，别理这些黑粉儿。,0
2025/3/21 13:23,真实的自己..就别做明星了呗，精神感小妹,1
2025/3/21 13:23,为什么会有手机号码，这些人...，天啊，她红了这么多年，在团里互相骂的最凶的时候，她是不是天天收到短信被骂[泣不成声][泣不成声],1
2025/3/21 13:23,不要理黑粉..爱说啥说啥去..永远都要做自己..,0
2025/3/21 13:23,锐化这么重的视频都看不出来吗[捂脸],0
2025/3/21 13:23,这个黑粉开盒赵露思，通过手机号发短信[捂脸][捂脸]不过已经被告了,1
2025/3/21 13:23,有些粉丝真的太偏激，露思为开合发声是好宝宝，期待她的新剧,1
2025/3/21 13:23,不能共情说明你的生活还不错，有一天对能否看到明天的太阳抱有问号的时候，工作什么的都是浮云,0
2025/3/21 13:23,她也没引导过她粉丝反而挂黑虐粉……真的……,1
2025/3/21 13:24,@能力者 还是粉丝就骂这么狠，不是粉丝得骂成什么样啊,1
2025/3/21 13:24,自己化的妆本来就不好看[捂脸],0
2025/3/21 13:24,再刷到赵露思我无副作用彩票中一亿[感谢],0
2025/3/21 13:24,从来不参与对任何一个女明星的批判。,0
2025/3/21 13:24,说实话她之前化的那些妆网友都说不好看，希望由专业的人做专业的事，作为演员近几年的剧全部扑了，红毯也没有什么惊艳的妆造，我不是黑粉哈纯纯路人,0
2025/3/21 13:24,[吐][吐][吐],1
2025/3/21 13:24,不是黑粉是不是都闲得[鞠躬]没有自己生活么 把精力放在别人身上 这样活着有意义么 又没伤害你,1
2025/3/21 13:24,我是粉丝，我有点不理解为什么取关其他明星，毕竟还要混圈[黑脸],1
2025/3/21 13:24,你们有些人到底想要女明星怎样[捂脸][捂脸][捂脸],1
2025/3/21 13:24,整天围着这个女人报道什么？没女人了？,1
2025/3/21 13:24,不是，爱画啥画啥呗，我一个黑粉都看不下去[尬笑],1
2025/3/21 13:24,小心有人说你仇女,1
2025/3/21 13:24,棒,0
2025/3/21 13:24,真的想说她可以退圈嘛？事真的挺多的,1
2025/3/21 13:25,太恐怖了,0
2025/3/21 13:25,我觉得网上有些人有大病[黑脸]不喜欢人家不看人家就好[捂脸]硬要喷,1
2025/3/21 13:25,管他呢！反正怎么样都要被骂[泣不成声],1
2025/3/21 13:25,她不是在准备和前公司解约吗,0
2025/3/21 13:25,其实人没有完美的  不喜欢很正常  但是诋毁别人骂别人就是没有家教,0
2025/3/21 13:25,不爱，请别伤害就好！,0
2025/3/21 13:25,取个关也会被上热搜[捂脸],0
2025/3/21 13:25,为啥都说她搞小动作值不值就上热搜败坏路人好感啊，难道不是本身就不咋喜欢她然后看见一次烦一次吗？那样就不是路人了啊，就是一开始都不咋喜欢她[发呆],1
2025/3/21 13:25,天天说韩国人爱霸凌  难道我们就不爱吗[微笑][赞],1
2025/3/21 13:25,我觉得她取关别人事情很小吧 这个也要这么被关注吗,0
2025/3/21 13:25,重生之娱乐圈各大顶流都是我的小粉丝,0
2025/3/21 13:25,不入局就好，以前别人说什么会气急，情绪受影响，现在，呵呵[捂脸][捂脸][捂脸]关我屁事,0
2025/3/21 13:25,反正我是憋不住哈哈哈哈哈哈哈哈哈哈哈哈好,0
2025/3/21 13:25,讲真，现实中遇见这样的我会敬而远之。且不讲孰是孰非，我只想和气场稳定的人交往，她现在让人怕怕的，我比较怂，下意识想逃走、躲开。,0
2025/3/21 13:25,可爱又有礼貌的宝,0
2025/3/21 13:25,真的变成单休月工资3000就好了,0
2025/3/21 13:26,支持,0
2025/3/21 13:26,有些人真是闲的[我想静静],1
2025/3/21 13:26,脸是自己的，爱怎么化怎么化,0
2025/3/21 13:26,很反感刷到她[微笑],1
2025/3/21 13:26,纯路人其实我一直都不知道为啥这么多人骂她连骂他的的理由我都不知道，我印象里她没绯闻也没犯法就偶尔妆造难看了点但也不至于招这么多骂吧[憨笑],0
2025/3/21 13:26,善待善待女明星们吧[微笑][微笑],0
2025/3/21 13:26,弹幕果然映了你的文案[抱抱你][抱抱你][抱抱你][抱抱你][抱抱你],0
2025/3/21 13:26,喜塔腊容音大家去搜搜[黑脸],1
2025/3/21 13:26,黑子不该叫黑粉,1
2025/3/21 13:26,无法，普通人所有的精力都只够投入上班了,0
2025/3/21 13:26,点了哈哈,0
2025/3/21 13:26,希望她好起来吧,0
2025/3/21 13:26,死矫情 b事多 生个病全公司都得心疼她 不和她站一队就是嫉妒她美貌 嘤嘤嘤的装 ,1
2025/3/21 13:27,我真的不懂为什么有些人总喜欢去批判别人，你喜欢就喜欢不喜欢就不喜欢，干嘛非得去黑别人呢，别人又没对你干了什么坏事 ，一些社交软件应该都实名认证才行，随意诽谤别人的不用付出代价，那些人黑子就一直存在[抠鼻],1
2025/3/21 13:27,@Zz??,0
2025/3/21 13:27,真的挺无语的 喜欢就多看一点 不喜欢就不看 人家活人家的 跟咱们又没啥关系,0
2025/3/21 13:27,这人真是能整活…,1
2025/3/21 13:27,其实状态不好心理敏感就低调一点呗，一定要三天两头上热搜吗,1
2025/3/21 13:27,往好处想吧 是真漂亮 只是说她的妆很丑 没说人很丑[流泪][流泪][流泪][流泪][流泪][流泪],0
2025/3/21 13:27,我也是抑郁症，我是天秤的，一直在自愈中，这些也不知道什么心理，你觉得不好看。你不看，你不知道你们的一句话会有多大的伤害，更多的反复否定自己，更多的自我矛盾，我不知道黑粉对自己父母家人朋友是不是也这么恶语相向，能不能善良点，我们这是生病了！在调整中，对女性公平点友好点好吗？,0
2025/3/21 13:27,怎么知道号码的,0
2025/3/21 13:27,支持赵露思的一切,0
2025/3/21 13:27,你说的话我很喜欢 私信记得关,0
2025/3/21 13:27,扑街女王的粉丝都是大明星,1
2025/3/21 13:28,好吓人啊，人与人之间的恶意这么大吗，不喜欢别看,1
2025/3/21 13:28,@???????? @老实被人欺 @呆呆鱼?? ? ??,0
2025/3/21 13:28,赵露思真是火了  就这么一件事微博空降第一  都这么关注露思啊[灵机一动][灵机一动][呲牙][呲牙][呲牙],0
2025/3/21 13:28,这报警能不能被抓起来，人身攻击，侮辱，这些人真的好像有点大病,1
2025/3/21 13:28,如果你不做对选择，那么上天会一次次把相似的问题抛到你面前，直到你做出正确选择。这就是成长，逐渐变强大的过程。,0
2025/3/21 13:28,我只想到秦海璐的话[泪奔],0
2025/3/21 13:28,也许人经历一次大病之后，真的会看透很多人吧！[微笑],0
2025/3/21 13:28,真会比喻[捂脸],0
2025/3/21 13:28,去年年初 看到她在直播时喊话说自己初二就上班了，让打工人快点复工，我就要被气晕了,1
2025/3/21 13:28,@赵露思工作室官微 继续继续 先把伤影告了,1
2025/3/21 13:28,真的很莫名其妙，，小姐姐粉丝全是大明星哈,1
2025/3/21 13:29,骂你侮辱你的人是不是因为嫉妒才这样的[呲牙],1
2025/3/21 13:29,不是早就取关了吗,0
2025/3/21 13:29,赵露思真是火了  就这么一件事微博空降第一  都这么关注露思啊[灵机一动][灵机一动],0
2025/3/21 13:29,我觉得漂亮啊，因为我化不了这么漂亮的,0
2025/3/21 13:29,搞不懂一个女孩也没做错什么，至于让那些黑粉骂成这样？,0
2025/3/21 13:29,承认别人好看有那么难吗,0
2025/3/21 13:29,善语结善缘，恶语伤人心这句话的含金量一直在上升,0
2025/3/21 13:29,为什么女孩子对女孩子恶意要这么大了，一般霸凌的都会女孩霸凌女孩多，真的不明白，好好的相处，怎么了,1
2025/3/21 13:29,网络这个东西真真假假，以前对她挺有好感的，但是到现在已经没有好感了，甚至有些反感，无论她是生病与否，三天一个话题，五天一个热搜就已经消耗许多网友的热情！！她粉丝别不爱听，她现在需要的是沉淀，而不是源源不断的热搜来消耗她以前的观众,1
2025/3/21 13:29,为什么不退圈？为什么要整？为什么要那么在意别人的话？,1
2025/3/21 13:29,粉丝：好可爱  ,0
2025/3/21 13:29,咋共情 又没进过圈,1
2025/3/21 13:29,支持赵露思维权,0
2025/3/21 13:30,黑粉太厉害了，在哪整的电话号码，发我，我得把她夸上天，给她鼓励,1
2025/3/21 13:30,嗯,0
2025/3/21 13:30,明明那么善良的人，却偏偏被整抑郁，心疼露思[玫瑰],0
2025/3/21 13:30,网络霸凌和校园霸凌不都是霸凌吗，黑粉不就是霸凌者吗,1
2025/3/21 13:30,这是真戏多了 炒作成习惯了,1
2025/3/21 13:30,感觉做素人就好了，没有明星的颜值硬要做明星是何苦,1
2025/3/21 13:30,如果不喜欢人家了，也没必要骂她吧，只能说骂人的太没素质了,0
2025/3/21 13:30,@l我少吃一点,0
2025/3/21 13:30,#赵露思黑粉登报道歉并手写道歉信# 干得好！,1
2025/3/21 13:30,笑死我了,0
2025/3/21 13:30,大概率是喜欢甜美风格的剧迷和颜控吧~,0
2025/3/21 13:31,宣传剧的时候@所有人，现在又取关[尬笑][尬笑][尬笑][尬笑],1
2025/3/21 13:31,赵露思真是火了  就这么一件事微博空降第一  都这么关注露思啊[比心][比心][比心],0
2025/3/21 13:31,抑郁症这三个字真好用，“免责”金牌??,1
2025/3/21 13:31,一个赵露思，一个虞书欣，是我最喜欢的两个女孩子,0
2025/3/21 13:31,人在大病之后 就会看透很多事,0
2025/3/21 13:31,@夏天循环 @听枫,0
2025/3/21 13:31,王一博的粉丝和肖战的粉丝还不是互骂,1
2025/3/21 13:31,不少人一直都是活在别人认为对的方式里，一旦有一天感觉到不对了，就会拧巴,0
2025/3/21 13:31,我是露思 路人粉,0
2025/3/21 13:31,@舒芙蕾?? 呃,0
2025/3/21 13:31,抑郁症啊，原来得取关好友也可以上热搜的吗。,0
2025/3/21 13:31,没有经历别人经历过的苦，还总是劝别人要善良[尬笑]凭什么呢。太恐怖了，能把人逼死。,1
2025/3/21 13:31,支持赵露思维权#赵露思#,0
2025/3/21 13:31,支持赵露思维权！,0
2025/3/21 13:31,退圈,0
2025/3/21 13:31,现在周边人提起她就烦，现在看真挺癫,1
2025/3/21 13:32,重新出发那把粉丝也清了啊，干嘛光清她关注的？,1
2025/3/21 13:32,做作,1
2025/3/21 13:32,说赵露思的都是妒忌她的，或者想靠她博流量,1
2025/3/21 13:32,@夏天循环,0
2025/3/21 13:32,@听枫,0
2025/3/21 13:32,@,0
2025/3/21 13:32,就不懂了，化妆这个事情都可以变成攻击别人的话题？,0
2025/3/21 13:32,哪丑了[泪奔] 这帮人到底在追什么星啊[泪奔]她们要得到底是什么,1
2025/3/21 13:32,我怀疑这些恶粉是某个男人背后操作的运营号键盘手 [捂脸],1
2025/3/21 13:32,@Xxxx_,0
2025/3/21 13:32,不喜欢就不喜欢呗 太正常了 也没有谁规定要一直喜欢一个人 并且当初喜欢也是自愿的 黑骂人真的没必要,0
2025/3/21 13:32,黑粉有存在的意义吗,1
2025/3/21 13:32,也给那个黑粉一句话，人家就算不化妆也比你好看一百倍[泪奔],1
2025/3/21 13:32,反正又不是自己在乎的家人啥的。不要在意别人说什么做自己就好了反正有那么多人爱你[玫瑰]不要为了一个不相干的人影响自己啊！希望大家都一样要开心??,0
2025/3/21 13:32,她到底多高啊，感觉身高有点吃亏，脸是很好看的,0
2025/3/21 13:32,她粉丝也是xxs,1
2025/3/21 13:32,小露思这波操作挺圈粉的 哈哈,0
2025/3/21 13:32,尊重他人自由，让花成为花,0
2025/3/21 13:32,单取的人都是??,1
2025/3/21 13:33,忧郁的人很多，普通人抑郁，会被嫌弃，有身份的人抑郁，都格外被关注，这就是现实,0
2025/3/21 13:33,取关个人都能上热搜也是千年难遇了,0
2025/3/21 13:33,每次看到她哭 我都会跟着哭,0
2025/3/21 13:33,以为你苦尽甘来 没想到苦没尽甘也没来,0
2025/3/21 13:33,我觉得最可怕的是知道她手机号[泣不成声]是,1
2025/3/21 13:33,笑发财了，评论区[黑脸][黑脸][黑脸][黑脸][黑脸][黑脸],1
2025/3/21 13:33,666,0
2025/3/21 13:33,这个号你666,0
2025/3/21 13:33,啥啊 抵制开盒,1
2025/3/21 13:34,不针对她，心疼不来任何明星，抖音别给我推了,0
2025/3/21 13:34,天天啥作品都没！一直折腾热搜！和郑爽一个路数[尬笑],1
2025/3/21 13:34,人经历一次大病，真的会看透很多人,0
2025/3/21 13:34,其实生病了而且看起来很严重就应该休息，先别接工作好好养身体,0
2025/3/21 13:34,我觉得她做的对。这些人爱谁谁,1
2025/3/21 13:34,被莫名上热搜压另一个热度，心疼露思,0
2025/3/21 13:34,无论怎么做都会有人说，抑郁更不合适做这行了。不然哪天就没了,1
2025/3/21 13:34,乌合之众是谁的一辈子[流泪][流泪]谢谢大家，我去睡觉了是谁的一辈子[流泪][赞]希望粉丝多帮我吵点架是谁的一辈子[流泪][流泪][赞],1
2025/3/21 13:34,做人没有十全十美，有人喜欢就有人讨厌你。心态放好，不去迎合任何人,0
2025/3/21 13:34,又有新剧了？？,0
2025/3/21 13:34,什么样的人才能讲出这样的话？ [宕机][宕机],1
2025/3/21 13:34,祝黑粉们早日上岸,1
2025/3/21 13:34,那你等我把刀拿你家门口了你再说这有啥的,1
2025/3/21 13:35,我一直觉得黑粉就是一个恐怖组[流泪][流泪]一群人对一个人毫不掩饰散发恶意，在现实就是霸凌,1
2025/3/21 13:35,黑粉是之前粉明星，然后不喜欢了就反过来骂的粉丝吗？这跟背刺别人有啥区别,1
2025/3/21 13:35,支持，加油,0
2025/3/21 13:35,鞠婧祎，赵露思，虞书欣，白鹿，谁不遭受,1
2025/3/21 13:35,粉丝说不出那种话吧[捂脸],0
2025/3/21 13:35,真不知道那些黑粉怎么有这么多时间管别人的事，人家要身材有身材，要长相有长相，要事业有事业也有足够的经济能力。多操心一下自己吧,1
2025/3/21 13:35,竟然是手机短信！精准发送，这太可怕了,0
2025/3/21 13:35,都啥人呢[捂脸],1
2025/3/21 13:35,@豆腐乳 天啊,0
2025/3/21 13:35,多操心操心自己的钱包鼓不鼓吧，明星取关人？多大的事,1
2025/3/21 13:35,一天天的烦死了,1
2025/3/21 13:36,………………我怀疑网上是不是都是傻子[晕],1
2025/3/21 13:36,报警报警报警，被霸凌就报警,0
2025/3/21 13:36,赵露思又不是今天才开始清列表的，到底是谁买的热搜[愉快]好难猜哦,0
2025/3/21 13:36,既然做什么都骂那就什么都做[抱抱你],1
2025/3/21 13:36,莫名其妙的[黑脸]我查了半天她取关就取关呗，至于吗某??网暴人怎么没的说了离离原上谱,1
2025/3/21 13:36,她不会突然自杀吧[捂脸]好害怕,1
2025/3/21 13:36,又开始了[尬笑],1
2025/3/21 13:36,黑粉真的很恐怖[皱眉],1
2025/3/21 13:36,长得很美啊,0
2025/3/21 13:36,你们营销号很闲吗,1
2025/3/21 13:36,赵露思为什么会这样 看着知道答案#喜塔腊容音#,0
2025/3/21 13:37,网络真的好可怕,0
2025/3/21 13:37,谁是愿来的自己，谁又能做最初的自己[感谢][感谢][感谢][感谢][感谢][感谢],0
2025/3/21 13:37,纯路人，真服了，突然取关给人一种被她取关的明星得罪了她一样，搞得像她以前是唯唯诺诺的小白兔被迫关注他们的。有点强立大女主人设过头了哈[微笑][微笑],1
2025/3/21 13:37,怎么会有这么恶毒的人，别人的生活管他什么事了吗,1
2025/3/21 13:37,性格很柔软，但是客观说，近年的妆容确实不太好看，没有前几年好看,0
2025/3/21 13:37,戏精本精,1
2025/3/21 13:37,卖惨,1
2025/3/21 13:37,一直支持露思[比心][比心][比心][比心],0
2025/3/21 13:37,但凡上过几天班，都该知道这种热搜会是自己买的吗？长点脑子吧！,1
2025/3/21 13:38,赵露思经历那么严重的一次生病，这叫经历生死。如果一个人取关一个人，一定是看透了对方，伤心透了，失望极了。所以经历生死的人取关不是她的错，是被取关的人的错。[暗中观察],0
2025/3/21 13:38,这些黑粉生活中是怎么样的人[尬笑],1
2025/3/21 13:38,@小娃?? @JOY?? 有时候看评论，就会发现为什么有的人心里的恶会那么莫名其妙，对不认识的人也能说出那么狠毒的话，还有一些人好像觉得自己是什么审判者一样，觉得别人过得好一点就活该承受一些不好的事情,1
2025/3/21 13:38,怎么管这么宽啊…………[晕],1
2025/3/21 13:38,所以做一个自由自在的每天开开心心只为自己活的小老百姓没什么不好的[不看],0
2025/3/21 13:38,为啥要无缘无故攻击一个女生，甚至你都不认识她，只是在网上知道她，这种污言秽语，太伤人了,0
2025/3/21 13:38,硬美啊[绝望的凝视] 这还不好看 我长这样我天天笑醒想裸奔,1
2025/3/21 13:38,吓死我了，我还以为是你@??.赵露??2?? [看],0
2025/3/21 13:38,让黑粉也尝尝被攻击的滋味[尬笑],1
2025/3/21 13:38,说实话微博都是官方的一些所谓的朋友，但是真正的朋友是微信就可以聊天啊，为啥一定要微博，抖音要关注对方呢，真是一些人硬黑，有bing,1
2025/3/21 13:38,所以他之前生病是因为长期压抑没,1
2025/3/21 13:38,这种人真的，回家吧、回家吧??不要出来祸害啦,1
2025/3/21 13:38,真的很讨厌 能不能封杀,1
2025/3/21 13:39,加油露思,0
2025/3/21 13:39,@soie,0
2025/3/21 13:39,乐子[憨笑],0
2025/3/21 13:39,喜欢你的那么多干嘛因为他们几句话就不开心,0
2025/3/21 13:39,戏真多[尬笑][尬笑][尬笑],1
2025/3/21 13:39,不要在意别人，人这一生，只有自己强大才是最大，要战胜自己，你是最棒吧，爱你的人沉默不语，不爱你的人才会去黑你,0
2025/3/21 13:39,@咯吱,0
2025/3/21 13:39,确实化的不好看,1
2025/3/21 13:39,@果酱 这个世界对女明星能不能少一点苛责，对女生再友好一点，为啥小小的事情就发酵成这样子真服了，这几天还刷到好多骂虞书欣说她网爆素人，然后看了原委感觉也不是她网爆人家的，不知道瞎几把黑什么，爱取关谁取关谁，就一个账号而已至于吗，这种小事上升到这么高，泥马有这时间这功夫还不如都看看那些那么多的可怜人的冤案呢，多为被害人发发声呢造点热度呢[黑脸],0
2025/3/21 13:39,每个人都每个人的不得已吧！看到她哭，突然好想哭[泣不成声][泣不成声][泣不成声][泣不成声][泣不成声],0
2025/3/21 13:39,其实我觉得他真的挺可怜的，但是客观原因分析，如果真的接受不了大众的评判，可以不选择这份职业，可以选择其他的职业，真的与其把自己折腾都病了,0
2025/3/21 13:39,果然，有多少人爱就有多少人恨，做公众人物要有强大的内心才行。,0
2025/3/21 13:39,她现在的五官弄的不太好了[听歌],1
2025/3/21 13:39,明星都有黑粉，例如杨幂，赵丽颖，杨紫等等都是这么过来的，其实只要业务能力强以后拿作品说话慢慢就会变好的！既然入这行，享受了高收入，就要承受能力强，做好心理建设。,0
2025/3/21 13:39,支持赵露思维权！,0
2025/3/21 13:39,很无语 要不别当明星了,1
2025/3/21 13:40,我记得这个是她的粉丝 是辱追,1
2025/3/21 13:40,拒绝开盒！,1
2025/3/21 13:40,吃着碗饭就是应该听外界的声音，当然不是短信内容的谩骂，化妆像钟楚曦那样也没人喷，但是自己画的就是不行啊，既要又要,1
2025/3/21 13:40,她就是太在意别的的看法想法说法  才会这样吧,0
2025/3/21 13:40,内心强大是唯一解,0
2025/3/21 13:40,有的人真的够恶毒 怎么会对一个人有这么大的恶意 又不是杀父仇人 追个星 喜欢就追不喜欢换个追就行了 干嘛弄到这么恶毒,1
2025/3/21 13:40,赵露思你是最棒的最可爱的最好的女孩子不管别人说什么都要好好爱自己你的粉丝永远是你的后盾,0
2025/3/21 13:40,赵露思很好啊，为什么要一直这样被黑，能不能放过她[快哭了],0
2025/3/21 13:40,@赵露思,0
2025/3/21 13:40,那些口比刀快的恶意，统统原路返回,1
2025/3/21 13:40,我滴妈呀，现在的人都怎么了？,1
2025/3/21 13:40,有这样的同事就是天天想翻白眼的那种,1
2025/3/21 13:40,好可爱的露露,0
2025/3/21 13:40,粉丝还很有理,1
2025/3/21 13:41,没有以前灵气了,0
2025/3/21 13:41,只有现实没能力没用的人，才会在网上恶意评论他人找存在感,1
2025/3/21 13:41,哪个明星没遭受过这些  怎么只有她受不了…这不是博热度的手段…回家吧孩子,1
2025/3/21 13:41,好美[舔屏],0
2025/3/21 13:41,突然发现粉丝真的好恐怖……  还是不追星的好[捂脸],0
2025/3/21 13:41,露思加油[玫瑰][玫瑰][玫瑰],0
2025/3/21 13:41,她的粉丝一直黑别的女明星时呢[捂脸],1
2025/3/21 13:41,十年前吧。看过青春有你，我最烦她了。,1
2025/3/21 13:41,抖音这流量真的贵而不值，这啥锤子鸡毛的事都成热点,1
2025/3/21 13:41,这不是黑粉，这是粉丝回踩，所以才更令人伤心，这是喜欢过她的人,0
2025/3/21 13:41,她是个明星，一年能挣你们几年都挣不到的钱，她实在受不了可以回家[泪奔]到底是谁在心疼明星[泪奔]你们能看到的都是她/他想让你们看到的,1
2025/3/21 13:41,你是黑粉吗,1
2025/3/21 13:41,好棒,0
2025/3/21 13:42,都太闲了[尬笑],1
2025/3/21 13:42,博主 可以讲讲喜塔腊容音吗[黑脸]比起这个我更想知道喜塔腊容音网暴事件[不失礼貌的微笑],1
2025/3/21 13:42,[流泪][流泪][流泪][流泪]好可怜,0
2025/3/21 13:42,为什么要骂她啊[发呆][发呆]而且这个视频明显就是锐化过头了,0
2025/3/21 13:42,告他们，让他们坐牢,1
2025/3/21 13:42,她都支持骗子谢了。她还是啥好人,1
2025/3/21 13:42,原来人没有违背伦理道德 没有伤害别人 也会被恶意对待 哎,0
2025/3/21 13:42,不是赵露思取关是好久之前的事了吧[捂脸]这会子上黑热搜？？,0
2025/3/21 13:42,这视频都糊成马赛克了 手机不好能不能放转转上卖了,1
2025/3/21 13:43,@今晚几点睡 有人总是不愿意承认她就是美啊[噢买尬]美死我了,1
2025/3/21 13:43,好坏的网友,0
2025/3/21 13:43,对于明星 或者一些网红啥的，我感觉喜欢就看 不喜欢就不看 不喜欢屏蔽啥的都行，理解不了 去骂人的诅咒的 就是纯发泄自己吧,1
2025/3/21 13:43,取关而已 又不代表以后不认识这个人了 人本来就是孤独的 不要刻意曲解[爱心] 在意别人累自己[笑哭],0
2025/3/21 13:43,主要是一个明星都能被随意开盒[流泪],1
2025/3/21 13:43,怎么，赵露思这是又开始又另一条营销自己的路线了？,1
2025/3/21 13:43,我一直觉得黑粉就是一个恐怖组织[宕机][宕机][宕机]一群人对一个人毫不掩饰散发恶意，在现实就是霸凌[绝望的凝视],1
2025/3/21 13:43,怎么老刷到她[微笑],0
2025/3/21 13:43,喜欢就关注，不喜欢就走开成为路人呀，为什么要去骂人，变态吗？,1
2025/3/21 13:43,转行吧 当明星就是要面对好与不好,0
2025/3/21 13:43,@独白 作者头像好米[捂脸][黑脸],0
2025/3/21 13:43,[黑脸][黑脸]笑死我吗,1
2025/3/21 13:43,那个不是赵露思粉丝哈 是黑粉 早就被挂黑了 也被告了 而且他还装成赵露思粉丝去开盒别人 抵制开盒！！！,1
2025/3/21 13:43,干嘛要对一个女孩子恶意那么大，自己化妆自己觉得好看就可以了，别人干嘛要为你而活，你不喜欢不看就是了,0
2025/3/21 13:43,赵露思希望你能看见我的评论、吵架的时候对方都想一击命中你要害、你要想办法骂他、如果见不到人就对反对你的人骂、明星为了自己的前途往往选择忍受、可是那么多攻击一个人怎么受的住、所以视而不见吧、当他空气、他想激怒你你当他是嫉妒你、越是攻击你、你越是好好生活、她羡慕嫉妒不来、就诋毁你。,1
2025/3/21 13:43,唉看评论区感觉外网真的很友好,0
2025/3/21 13:43,做个善良的人吧,0
2025/3/21 13:43,其实你们粉丝没觉得有什么不对吗？[宕机]我昨晚刚看到这条微博的时候就感觉不对，我也不经常关注赵露思，但是这条微博也不像是她会发出来的[宕机]能理解我的意思吗[宕机]这种攻击以前肯定有且更多为什么要现在跳出来回应[宕机]我感觉她是想要干什么事情或者是达到某种目的（非贬义）所以发的[宕机],0
2025/3/21 13:43,会不会突然有一天“大家再也看不到她了”,1
2025/3/21 13:43,她没作品,1
2025/3/21 13:43,叫你宣传了？这么不服气？,1
2025/3/21 13:44,人家美丑跟他屁事，好像你的意见很重要别人一定要听一样,1
2025/3/21 13:44,原来让粉丝不开心了，粉丝也会黑她,1
2025/3/21 13:44,为什么要对一个女生那么大的敌意,1
2025/3/21 13:44,作者这个什么意思[尬笑],1
2025/3/21 13:44,支持妹妹,0
2025/3/21 13:44,喜塔腊容音大家去搜搜[黑脸][看][看][看],1
2025/3/21 13:44,我就不明白这些人一天都没有事干么，这么针对一个不相干的人，别人欠他们的么，,1
2025/3/21 13:44,所以删除没用的社交，真的会救自己！[快哭了],0
2025/3/21 13:44,首先她是个人，不爱的可以不看，何必对一个患有抑郁症的人指责，把骂她自杀了你又能有多高兴，我不是谁的粉，只看过她一部剧。,0
2025/3/21 13:44,怎么她一点事老是上热搜[泪奔],0
2025/3/21 13:44,太出名了很累,0
2025/3/21 13:44,支持赵露思，国家应该整治这些黑粉,0
2025/3/21 13:44,她应该直接注销账号的,1
2025/3/21 13:44,以前在一起工作了半年的同事 后来我调走了 她就把我VX删了 想起我调走还请她们吃了散伙饭 还送了她们礼物 她口口声声的说以后不在一个单位了但是还是要常联系 因此我还气了好几天,0
2025/3/21 13:45,为什么这么多消息,0
2025/3/21 13:45,真的不至于这样骂人吧,1
2025/3/21 13:45,赵露思不会成为第2个爽子吧！,1
2025/3/21 13:45,她应该是属于特别喜欢看评论的那种，看多了导致自己内心失衡，是不是天蝎座？,0
2025/3/21 13:45,我的宝宝啊 好心疼[泣不成声][泣不成声] 能不要在意那些人了吗,0
2025/3/21 13:45,网暴真的很恐怖[叹气],0
2025/3/21 13:45,一群人在这心疼一个年入百万的人,1
2025/3/21 13:45,@Raquelle 真的好多黑子[流泪][流泪],1
2025/3/21 13:45,谁来拯救我的桑稚[流泪],0
2025/3/21 13:45,。。。。。。。。。。。。。,0
2025/3/21 13:45,让你不开心的东西，就当他们是一坨屎,1
2025/3/21 13:45,为什么不能取关？[发呆],0
2025/3/21 13:45,抖音艺人真的会玩流量[捂脸][捂脸],0
2025/3/21 13:45,嗯，艺人就不该当“人”，该修仙当“神”！,1
2025/3/21 13:45,攻击谁啦？她带领粉丝攻击谁了？,1
2025/3/21 13:46,一开始还挺喜欢的 后来戏太多  我觉得还是做网红吧,1
2025/3/21 13:46,还是多看看石大林直播好好治疗一下哦,1
2025/3/21 13:46,快停止对陌生人的网暴吧[疑问],0
2025/3/21 13:46,自己的号想取就取呗，又没有放高利贷高速倒车[憨笑] 想听你说 #喜塔腊容音#,0
2025/3/21 13:46,她多好看啊！,0
2025/3/21 13:46,管太多了吧网友[疑问],1
2025/3/21 13:46,赵和虞是不是为那个开盒挡枪,1
2025/3/21 13:46,让黑粉体会网暴,1
2025/3/21 13:46,可不能像崔雪莉那样噢[泣不成声],1
2025/3/21 13:46,对一个陌生人，怎么可以有这么大的恶意呢,1
2025/3/21 13:46,这不是大家一直想要的内娱活人吗,0
2025/3/21 13:46,理解不了一点 感觉好不尊重别人 人家是该取关她还是怎么搞 不管怎么整都不对,1
2025/3/21 13:47,人家都生病了，你还消费别个的热度！无语！！！,1
2025/3/21 13:47,真的有人这么闲吗，我感觉每天都有好多事情要做，愿意的不愿意的事都有，哪有时间去发这种短信去说别人,1
2025/3/21 13:47,你有事吗？没事儿吃点溜溜梅吧。,0
2025/3/21 13:47,赵露思是明星吗[尬笑],0
2025/3/21 13:47,不都是实名制吗,0
2025/3/21 13:47,做自己就好,0
2025/3/21 13:47,为什么会在意除了家人以外的人的联系和感受，都是成年人,0
2025/3/21 13:47,自己的号还不能做主了，好搞笑啊。[泪奔],0
2025/3/21 13:47,没人能管吗？网络霸凌也是霸凌[看],1
2025/3/21 13:47,小姑娘人都成啥了？一天还为了点流量弄这些,1
2025/3/21 13:47,自己的号想取就取呗，又没有放高利贷高速倒车[憨笑] 想听你说 #喜塔腊容音#,0
2025/3/21 13:47,很久不上班的人共情不了一点，我寻思流量明星不就是利用粉丝最大的既得利益者嘛 他们娱乐圈互相暗踩明撕的事比这种被粉丝骂更恶心吧,1
2025/3/21 13:47,转发微博,0
2025/3/21 13:48,"[黑脸]别说什么四大普女了，现实普通人几个扛得住电视镜头和手机原图的，能当明星的当然比普通人漂亮出众啊，以前揪着她说她胖脸大，现在揪着她说她网红妆，承认别人美就比登天还难，一个两个嫉妒心别太强了[黑脸]反正你们讨厌别人别人做什么都是错的[黑脸]只希望赵露思小姐姐不要在乎过于在意这些吧，专注自己，专注作品，毕竟演员的本职是演出好的作品。
大家对内娱的宽容度是很高的，基本上一个演员有好的作品就能被大家广泛接受，不然拿着惊天高片酬却一味混一味炒作只会败光路人缘，感觉现在小花的问题还是演技不被大家认可所以整个人都不被大家认可[黑脸]作品能力才是硬道理啊[黑脸]",1
2025/3/21 13:48,yxh都是这样去解读的吗？不应该是抵制开盒吗？,1
2025/3/21 13:48,@绝情冷少 @蔓越霉曲奇 @… @泪痣 @小云大王886 又来了,1
2025/3/21 13:48,那被她取关的人多无辜啊，那不就是被微信单删一个道理,0
2025/3/21 13:48,不是粉 但是她长得真的很绝啊 果然人都是见不得别人好[不失礼貌的微笑],1
2025/3/21 13:48,感觉莫名其妙的 人家干啥了,1
2025/3/21 13:48,虽然不是她的粉丝，但我觉得赵露思是个漂亮善良的女孩子，也没得罪谁，为什么这些黑粉，老是跟她过不去[捂脸][捂脸],0
2025/3/21 13:48,少点是是非非，好好磨练演技吧,0
2025/3/21 13:48,爱她就安静爱，不爱也别打扰，毕竟她也没伤害到谁，过好自己的生活比什么都强,0
2025/3/21 13:48,我没抑郁把没用的都删了[笑哭],0
2025/3/21 13:48,这是黑粉发的威胁短信哈，别粉丝,1
2025/3/21 13:48,好好的愛自己，真實的做自己就好[比心],0
2025/3/21 13:48,怎么每天都是这个赵露思新闻，她到底做啥的，对国家有什么贡献吗？,1
2025/3/21 13:48,露思干的漂亮[鼓掌],0
2025/3/21 13:48,竟然是手机短信！精准发送，这太可怕了,0
2025/3/21 13:48,取关真的也是抑郁症的一个发泄方法吧，难受的时候会做一些别人不理解的事情，我难受的时候也会拉黑改网名，这些都不是说明星和常人的区别，而是病情的影响,0
2025/3/21 13:49,自己开心不就好了 管他们咋说呢 所有的诋毁谩骂都是因为他们嫉妒你过的好[憨笑][憨笑],0
2025/3/21 13:49,想不通黑粉，你不喜欢这个人可以不看他的剧不买他代言的东西，有必要去骂别人吗？难不成在现实生活中碰到自己不喜欢的人上去就骂吗,1
2025/3/21 13:49,娱乐圈几乎每个明星天天都有黑粉攻击，网红也是，所以霍建华直接不开通微博[泪奔],0
2025/3/21 13:49,无语 人家想关注谁关注谁 想取关谁关注谁 明星也是普通人  为什么要去说她呢 反正我感觉她挺好的,0
2025/3/21 13:49,不是黑粉的错吧，谁会在乎陌生人啊，她亲近的人才是刽子手吧,1
2025/3/21 13:49,有些人总是喜欢在公众平台对别人评头论足，谁又能是完美的呢！……,0
2025/3/21 13:49,为什么要去伤害一个跟你无冤无仇的人啊，我永远无法去做这样的事，不可能每个人都活成别人喜欢的样子呀[泣不成声]，就不能善良一点吗[酷拽],0
2025/3/21 13:49,妈呀[尬笑][尬笑][尬笑]真恶心,1
2025/3/21 13:49,我就想知道，粉丝如何得到手机号,0
2025/3/21 13:49,作为公众人物不应该接受所有的好与坏吗…,0
2025/3/21 13:49,我真的受不了黑粉，人家没做什么伤天害理的事情，也没有犯法，为什么要去骂天骂地的，她们也是个普通人啊，也是家里面的宝贝啊，如果违法行为骂我可以理解，无缘无故今天黑这个明天黑那个，不怕报应吗，我不是她的粉丝，我觉得不喜欢可以不去看，但不会各种各样骂，我的教养告诉我，每一个人都是不容易，有什么可骂的,0
2025/3/21 13:49,作为公众人物有黑粉不是很正常？这点攻击都接受不了就不要来吃这口饭！想想自己的收入是多少人几辈子都赚不到的财富，就该忍着！不需要这样公开来博同情博热度,1
2025/3/21 13:49,好奇怪,0
2025/3/21 13:49,所以那么大了才开始叛逆？,1
2025/3/21 13:49,不知道??上为啥那么多带有恶意的评价，她真的没做错什么,0
2025/3/21 13:49,取消关注这么大的事联合国知道吗,0
2025/3/21 13:49,为啥不能共情,0
2025/3/21 13:49,就是看找了剧宣还输得惨烈，所以觉得找人帮忙没用,0
2025/3/21 13:49,猜你想看#喜塔腊容音#,0
2025/3/21 13:49,我也觉得疯疯癫癫的神经,1
2025/3/21 13:49,笨蛋老婆@赵露思的微博,1
2025/3/21 13:49,做自己,0
2025/3/21 13:49,反正她粉丝也挺迷的，应该说粉圈大部分都挺迷的,1
2025/3/21 13:49,没上过班的也表示看不懂她的迷之操作,0
2025/3/21 13:50,管这些粉丝咋想～我一路人我都觉得一个个粉丝看着我觉着倒是??是黑粉～这些粉不是真的爱露丝～真的爱是尊重和提意见（而不是强迫别人改变，你看不惯时间走就好了[微笑]不关注就好了，为啥要骂一个不听你话的人）你又不是人家的妈[泪奔]我真服了～看得我火大,1
2025/3/21 13:50,虽然他是想发表自己的意见妆不好看但是也不能这样说吧[泪奔],1
2025/3/21 13:50,事真多,0
2025/3/21 13:50,有一说一她的化妆技术真的不怎么样 真的不好看  她干嘛不愿意专业是事情让专业的人做  自己好好专研演戏就好了  非要化妆 你画的好看就不说了  问题是画的真的不好看  而且心态也不好  人家哪个明星没有黑粉没有被网暴 没人像他这样的，真的受不了就退圈吧  天天没事就上热搜真的很败好感,1
2025/3/21 13:50,不高兴就取呗，她都病了，就让她怎么开心就怎么活不行吗，说那些没用的[翻白眼],1
2025/3/21 13:50,所以前段时间说lh直播的那些人被骂有什么活该的 人家特地挑半夜直播就是为了不看见那些傻鸟 还一群人追着发那些让他去死的话 不比这恶毒[憨笑],1
2025/3/21 13:50,人在经历过一场大病以后，会看清很多人,0
2025/3/21 13:50,作者想干啥啊[黑脸],1
2025/3/21 13:50,我真的好喜欢露思演 哦 我的皇帝陛下那个时候   胖乎乎的贼可爱  当时我前男友理想型就是露思[捂脸],0
2025/3/21 13:50,[发呆] 没有新闻就别发了,1
2025/3/21 13:50,人经历一次大病，真的会看透很多人,0
2025/3/21 13:50,真的 我感觉我过的更累 每次看她上热搜 最开始还无感 到后面真的心烦,1
2025/3/21 13:50,拍的戏就是很烂都不想点开看 还说自己没整 那嘴巴恶心死了,1
2025/3/21 13:51,郭老师有句话说的挺好，你挣的钱中就包含被骂的那部分,0
2025/3/21 13:51,@伤心小鱼丸 @离雨峡 [捂脸][捂脸][捂脸]绝配,0
2025/3/21 13:51,赵露思怎么开心怎么活 喜欢怎么化妆就怎么化妆 露思啊 快乐就好,0
2025/3/21 13:51,这我刚刚也刷到了哈哈哈哈太可爱了[求抱抱][求抱抱],0
2025/3/21 13:51,@高冷的菠菜,0
2025/3/21 13:51,营销号能不能做的再离谱点，好无语[绝望的凝视],1
2025/3/21 13:51,@果汁 @紀念物 @矜也惠子 @Annaaaaaaaaaaaaa.?? @Nani^ 这都能热搜？[黑脸],1
2025/3/21 13:51,有些人真的有病 追个星而已巴不得控制别人一辈子,1
2025/3/21 13:51,赵露思给我一种把以前的工作都干完尽量不违约，然后就退圈的感觉[捂脸],0
2025/3/21 13:51,希望露思挺过这一关吧，关关难过，关关过[爱心],0
2025/3/21 13:51,赵露思干什么都是错的,1
2025/3/21 13:51,只是好奇她下部剧剧宣的时候怎么搞,0
2025/3/21 13:51,重生之顶流是我小粉丝,0
2025/3/21 13:51,不共情，工作工作搞不好天天说抑郁。我们普通人还知道保留体面的辞职。,1
2025/3/21 13:51,之前她生病我觉得她挺惨的，现在看来就是为了博流量了……要养病安心养啊，又搞出热搜真的，一个明星内核怎么能差成这样，哪个明星没被骂过，实在不行退圈吧,1
2025/3/21 13:52,@集星星,0
2025/3/21 13:52,网络不是法外之地，网络霸凌也是霸凌。,0
2025/3/21 13:52,很漂亮,0
2025/3/21 13:52,恶言恶语，就是草船借箭，重伤的一定是说的这个人[感谢],1
2025/3/21 13:52,这种的咋办？,0
2025/3/21 13:52,谁也没想到虞书欣因为法令纹被嘲，全世界的人都是芭比娃娃吗，有个法令纹被追着骂[捂脸],1
2025/3/21 13:52,都是成年人做了就要付出代价，不能因为她是明星就活该被骂，她也没做错什么吧，老是被骂，难道要那么一直忍气吞声吗，在这个互联网时代，既然敢骂就要付出代价[黑脸][黑脸],0
2025/3/21 13:52,你这黑子[呆无辜][呆无辜],1
2025/3/21 13:52,竟然是手机短信！精准发送，这太可怕了,0
2025/3/21 13:52,好姑娘[赞][赞],0
2025/3/21 13:52,人经历一次大病，真的会看透很多人,0
2025/3/21 13:52,炒作抑郁症，躯体化的时候，我真的好想捅4??它万千宠爱及一生又不用为了吃喝住而烦恼，不用为了钱而烦恼，到底在装什么啊？真正痛苦的人。到底是谁,1
2025/3/21 13:52,哈哈 娱乐圈的水确实深 不过咱们吃瓜就好 别太认真~,0
2025/3/21 13:53,[微笑] 炒作 抑郁症,1
2025/3/21 13:53,哪里来的明星手机号,1
2025/3/21 13:53,赵露思又不是今天才开始清列表的，到底是谁买的热搜[愉快]好难猜哦[呲牙][呲牙][呲牙],0
2025/3/21 13:53,其实这件事最可怕的还是资本的捂嘴能力啊[捂脸]真的见识到了，只有活人多的xhs难捂嘴才会发酵，其他有yxh的平台都冬眠了，然后需要拉赵露思出来挡枪的时候，800yxh又全复活了，第一次见证了什么叫资本[捂脸],1
2025/3/21 13:53,人经历一次大病，真的会看透很多人,0
2025/3/21 13:53,各大yxh又集体复活了[尬笑][尬笑][尬笑],1
2025/3/21 13:53,化，就化，想咋化咋化,1
2025/3/21 13:53,“阿尔吉侬好的花束”里面有一句话“智慧离间了我和所有我爱的人”,0
2025/3/21 13:53,人家只是在正常工作，正常做好自己的事，为什么大家总是要对一个小女孩恶意这么大[宕机]也没看你们对那些违法乱纪的男艺人骂这么难听的话啊，进去的那几个现在都还有死忠粉在追随呢，这个世界到底凭什么,1
2025/3/21 13:53,支持赵露思,0
2025/3/21 13:53,露思不要听他们的。你就是你自己。做自己，你是最棒的。,0
2025/3/21 13:53,露露好棒同担们也好棒,0
2025/3/21 13:53,会说多说哈哈哈哈哈哈,0
2025/3/21 13:53,断情！不然不带你玩！我们…??,1
2025/3/21 13:54,那么爱笑的女孩，一定要坚强勇敢起来啊！！！[抱抱你][抱抱你][抱抱你],0
2025/3/21 13:54,她怎么又开始了啊,1
2025/3/21 13:54,医学奇迹[比心],0
2025/3/21 13:54,@小静?? 好招笑,0
2025/3/21 13:54,顶不住压力就退圈，一天天事儿最多的就是她。比她压力大的明星多了去了，都是顶流了，天天搞得比底层人民还难一样[微笑],1
2025/3/21 13:54,所以别当明星了，还是当普通人好[暗中观察],1
2025/3/21 13:54,[尬笑]什么叫我们不欠你 你欠粉丝的 真的是粉丝就不会这样 而且喜欢别人也是你自己的事情关别人啥事说这种话,1
2025/3/21 13:54,她真的好了吗,0
2025/3/21 13:54,不是还有很多人喜欢你支持你吗[流泪]尽管往前走啊！！做不到人人喜欢就别太执着了啊，人人都有一张嘴抵不住悠悠重口那就尽管努力啊，他们再骂你能打倒你吗杀不死你的只会让你更强大不是吗！！清醒点啊行不行啊别再有那些迷惑行为了。。。我之前是真的挺喜欢你的。,0
2025/3/21 13:54,哈哈 姐这是真性情啊 不愧是小花里的清流,0
2025/3/21 13:54,小仙女的书单果然不同凡响，我也要去充电啦！,0
2025/3/21 13:54,就想知道她后面要播的剧会不会叫圈内艺人帮发微博宣传,0
2025/3/21 13:54,@口口口口口梦 @超级麦辣鸡腿串,0
2025/3/21 13:55,喜塔腊容音,0
2025/3/21 13:55,emmmm天天上热搜 什么热点都要来蹭一下 玻璃心就回家吧 回家吧好吗,1
2025/3/21 13:55,太过分了，黑粉，人家都得病了，还不放过,1
2025/3/21 13:55,明星也不容易呀[泣不成声][泣不成声][泣不成声],0
2025/3/21 13:55,我之前还因为她进医院的时候我还很心疼她，结果这段时间操作成功让我拉黑她了不好意思这我只能单方面拉黑她了,1
2025/3/21 13:55,胖人觉得玩艺术的脑袋总有那么点和普通人不一样,1
2025/3/21 13:55,脑子有毛病矫情的,1
2025/3/21 13:55,笑死，你先管管你家主子吧,1
2025/3/21 13:55,可能是想重新开始吗，以一个崭新的面貌？希望她能开心吧,0
2025/3/21 13:55,娱乐圈的水 可比想象中深多了～,0
2025/3/21 13:55,请关注被虞书欣本人评论引导，被其粉丝网暴了五年的无辜孩子#喜塔腊容音# ，如果你还是中国公民，如果你还信仰社会主义,1
2025/3/21 13:56,人经历大起大落，真的会看透很多人。,0
2025/3/21 13:56,支持露思[流泪][流泪][流泪][流泪]不用再去恶意伤害了，多开朗的小女孩,0
2025/3/21 13:56,人家抵制开盒有什么问题 最近素人开盒事情都纷纷骂那个开盒的百度高管女儿 到了赵露思这里就开始无脑黑 我奉劝这种人滚出中国,1
2025/3/21 13:56,希望她可以多看看爱她的粉丝,0
2025/3/21 13:56,宝贝，请关注被虞书欣本人评论引导，被其粉丝网暴了五年的无辜孩子#喜塔腊容音# ，如果你还是中国公民，如果你还信仰社会主义,1
2025/3/21 13:56,共情不了一点，??都要翻到天上去了,1
2025/3/21 13:56,吃不了娱乐圈这碗饭，应该没人逼着吃吧,1
2025/3/21 13:56,小赵这波是教科书式的公关了 哈哈哈,0
2025/3/21 13:56,取关谁啊,0
2025/3/21 13:56,好好好，现在迪丽热巴等都是赵露思粉丝笑死了,1
2025/3/21 13:56,杂志和电视剧还有综艺要来了吧，没有热度让大家都快忘了她抑郁症了,1
2025/3/21 13:56,支持维权,0
2025/3/21 13:57,太恶毒了[流泪],1
2025/3/21 13:57,不用太在意别人的说法，做自己就行[笑哭],0
2025/3/21 13:57,没事，坚强些，我最近也被军嫂跟她的小团体霸凌。但是我内心强大，我一定正面跟她们刚。露思你也要坚强。[拳头][拳头][拳头][拳头],0
2025/3/21 13:57,怎么不抑郁呢,1
2025/3/21 13:57,年前到年后铺天盖地都是她的热搜[尬笑],1
2025/3/21 13:57,之前我也很在意别人怎么看我，讨论我。现在，呵呵，有种在我面前说，不跟她吵到她二舅娘家我跟她姓……,1
2025/3/21 13:57,@momo [微笑],0
2025/3/21 13:57,遇到这种同事都能烦死，好好的项目都能被搞黄,1
2025/3/21 13:57,我上过班，我觉得她勇气可嘉。,0
2025/3/21 13:57,哈哈，露思这是在教学呢，粉丝粘性测试中,0
2025/3/21 13:57,让你共情了吗脸就往上贴,1
2025/3/21 13:57,狠狠点了,1
2025/3/21 13:57,守护,0
2025/3/21 13:58,赶紧退圈吧[微笑],1
2025/3/21 13:58,正念的七个态度内化了，没有什么不能战胜,0
2025/3/21 13:58,搞不懂这些人为啥要这么说人家肉丝[宕机]人家碍她啥事儿？？有毛病的是这些网友吧[微笑],1
2025/3/21 13:58,明明很好看，干嘛要黑？,1
2025/3/21 13:58,我们干直播都会黑粉 有时候在评论下面说话好难听的[流泪] 真的接受不了 我就删除,0
2025/3/21 13:58,装病,1
2025/3/21 13:58,你们现在知道赵露思被骂的多惨了吧，真的有些人就是故意的一样,1
2025/3/21 13:58,"黑粉也好，键盘侠也好，积点口德吧。
人有人家的活法，外人永远不会有感同身受，不懂不了解就闭嘴。希望这个世界少点恶意，多点爱心[比心]希望赵露思不要受到不好的言论影响，好好的保重自己，身体健康比什么都强[比心]",0
2025/3/21 13:58,对于所有电视剧、电影的拍摄，把这短信内容送给所有烂剧吧！,1
2025/3/21 13:58,我路人 真是不理解啊，为什么要对别人有那么大的恶意啊。,0
2025/3/21 13:58,心情不好取关怎么了 我们普通人都会 赵露思这么有活力这么可爱的一个人都被骂成这样 唉 好心疼,0
2025/3/21 13:58,关我屁事？？,1
2025/3/21 13:58,为了热度,1
2025/3/21 13:58,点了,0
2025/3/21 13:58,她的操作越来越奇怪了，可千万别误导别人抑郁症患者是这样的。这不是抑郁症，这是情商受损了。,1
2025/3/21 13:58,普通人抑郁症是催命符……工作越来越艰难但却没有能力辞职……明星抑郁症是免死金牌，工作越来越随意还搞的全世界都欠她的……,1
2025/3/21 13:58,焦虑抑郁症还有躯体反应的我也共情不了一点，她现在的照片全是病态感，之前那个活泼开朗可爱的她不好吗？喜欢化妆化得好看健康一点不行吗？,1
2025/3/21 13:58,我不行了这么敢说,1
2025/3/21 13:58,有病就好好治,1
2025/3/21 13:59,别给我推了球球了，不感兴趣我已经点了很多次了，并不关心[宕机][宕机],0
2025/3/21 13:59,……..别对女性恶意这么大,1
2025/3/21 13:59,感觉死过一次人看开很多东西，明白要什么不要什么，什么东西都胜不过自己还活着，其他都无所谓[鼓掌][鼓掌][鼓掌],0
2025/3/21 13:59,感觉她要退圈了呢？全都取关了，然后这些天发的内容啥的，有种感觉[流泪],0
2025/3/21 13:59,其实这件事最可怕的还是资本的捂嘴能力啊[捂脸]真的见识到了，只有活人多的xhs难捂嘴才会发酵，其他有yxh的平台都冬眠了，然后需要拉赵露思出来挡枪的时候，800yxh又全复活了，第一次见证了什么叫资本[捂脸],1
2025/3/21 13:59,抑郁症，躯体化症状真的很可怕，两周前有同事因抑郁症跳楼身亡，网络暴力太可怕,0
2025/3/21 13:59,所以，为啥她要取关啊,0
2025/3/21 13:59,很多恶毒都来自于嫉妒，不是说无缘无故的敌意和恶毒一个人那么这个人身上绝对有着对方没有的东西所以她们嫉妒。,1
2025/3/21 13:59,真的是，不知道为什么会有这么多毒舌，好看就追，不喜欢就手机屏蔽掉有关的一切就是了，干嘛不喜欢还要去干预别人，伤害别人，无语??,0
2025/3/21 13:59,她上热搜的新闻都好神,0
2025/3/21 13:59,希望不要在看见她了,1
2025/3/21 13:59,啊？被开盒是正常的吗？被辱骂是正常的吗？反抗就是玻璃心吗,1
2025/3/21 14:00,咱就是说这姐挺真性情的哈哈 没啥偶像包袱,0
2025/3/21 14:00,真没有以前好看了,0
2025/3/21 14:00,到底是真生病了还是炒作,1
2025/3/21 14:00,为什么取关还要上热搜，我的微博我想取关谁就取关谁[玫瑰]，和清理朋友圈一样的道理,0
2025/3/21 14:00,不喜欢不关注就好了，为啥要黑别个还要骂别人啊[泪奔],1
2025/3/21 14:00,视频一发出来评论区全是安慰 微博全是女粉夸她 拍剧全是粉丝和她合照 这样都能抑郁这不就是玻璃心吗,1
2025/3/21 14:00,这些人也太厉害了，怎么得到手机号码的,1
2025/3/21 14:00,小露这波操作挺接地气儿的 哈哈,0
2025/3/21 14:00,学霸美女组合，学富五车的美女谁不爱呢,0
2025/3/21 14:00,回复@Autumeu:你的理解能力也是满分，粉丝啥时候让被取关的反思了，取关犯法了吗，盯着不放,1
2025/3/21 14:00,dl,0
2025/3/21 14:00,你的私信记得关,1
2025/3/21 14:00,哈哈哈哈她连取关都还搞不明白更别说他知道什么单取双取哈哈哈哈,1
2025/3/21 14:00,有这种同事天天提供笑料也是是一种快乐,0
2025/3/21 14:01,我要被这样骂我早疯了[红脸],1
2025/3/21 14:01,什么都黑，[尬笑]非要逼死她吗,1
2025/3/21 14:01,人如果一直顾及别人，就没办法顾及自己,0
2025/3/21 14:01,纯路人 真的觉得赵露思长得很好看啊 看到那么多人莫名其妙黑说真的觉得她好无辜啊,0
2025/3/21 14:01,生病后会看开很多，什么名利都没有身体重要,0
2025/3/21 14:01,今天上热搜的内容也是很无聊[尬笑],0
2025/3/21 14:01,又在作什么@二N,1
2025/3/21 14:01,有没有谁家有闲置的宝宝物品[感谢][感谢][感谢][感谢][感谢][感谢][感谢],0
2025/3/21 14:01,一系列操作简直太??了 真的玉玉了 回家养老吧 反正挣的够多了,1
2025/3/21 14:01,本牛马真的共情不了一点,1
2025/3/21 14:02,国家应该好好整治一下这些黑粉,1
2025/3/21 14:02,她负能量好多,1
2025/3/21 14:02,能不能把这个手机号给报出来不要给他打码??,1
2025/3/21 14:02,露思真的好心疼你[感谢][感谢][感谢],0
2025/3/21 14:02,做公益没波澜没啥人知道[调皮]画个妆倒是上热搜了[调皮]好奇怪啊[憨笑],1
2025/3/21 14:02,怕啥，还有那么多喜欢你的人,0
2025/3/21 14:02,一个努力向上爱笑的小姑娘，那些人哪里来的那么大的恶意呀。,0
2025/3/21 14:02,黑粉是为了什么,1
2025/3/21 14:02,我今天也取关了一个人，我不藏着掖着，我亲自出来说[捂脸],1
2025/3/21 14:03,从来没关注过 没赞美也没诋毁,0
2025/3/21 14:03,人家抵制开盒有什么问题 最近素人开盒事情都纷纷骂那个开盒的百度高管女儿 到了赵露思这里就开始无脑黑 我奉劝这种人滚出中国,1
2025/3/21 14:03,说不好看的都是自己都不怎么会化妆的，明明超级有化妆天赋,1
2025/3/21 14:03,骂的好,1
2025/3/21 14:03,喜欢就看，不喜欢就不看呗，为什么要恶语相向呢，何必呢，给自己积点德吧[感谢][感谢],0
2025/3/21 14:03,共情不了一点她领着我这辈子都赚不来片酬的钱，事比谁都多,1
2025/3/21 14:03,小学生,0
2025/3/21 14:04,这是谁买的热搜啊,1
2025/3/21 14:04,我了个擦了，这也能成热热搜,1
2025/3/21 14:04,赵露思指示以色列攻加沙,1
2025/3/21 14:04,究竟是什么样的人，能说出这种话？在现实中是什么样，真想瞅瞅,1
2025/3/21 14:04,终于有人和我想的一样了 那些帮忙剧宣了的是不是也取关了呢 不过现在这种只剩三个或者一个就最好了 都不会有问题,0
2025/3/21 14:05,一月份就取关了，??那个网爆且不说她能不能管，那个是五年前的事，她这个被拉出来我都怀疑是为了315和西安那个过来挡热度，真是搞笑，反而是zls的粉丝一直在xhs各大平台上造谣，真是笑死了，再说了这都能扯到YSX，那??真是大资本家呢，直接在多平台只手遮天了[赞][赞][赞],1
2025/3/21 14:05,这是什么新闻[捂脸],0
2025/3/21 14:05,谁人背后不说人？谁人背后无人说？,0
2025/3/21 14:05,@露宝女?? [愉快],0
2025/3/21 14:05,这种事他妈能上热搜？,1
2025/3/21 14:05,支持赵露思女士维护自己的合法权益！,0
2025/3/21 14:06,这个人老是占据公共资源,1
2025/3/21 14:06,打啥马赛克，要我，连马赛克都不打，直接把这种骂人的黑粉曝光全网,1
2025/3/21 14:06,可能是赵露思确实不快乐吧，还是要慢慢去理解她,0
2025/3/21 14:07,露思，这么可爱的女孩，我非常喜欢她，无论相貌还是演技，还是唱歌，都很优秀，希望大家善待这个姑娘[比心][比心][比心],0
2025/3/21 14:07,黑子只要有钱拿，可不管别人死活。快来人收拾收拾这帮人。,1
2025/3/21 14:07,黑粉应该被抓起来判刑,1
2025/3/21 14:07,支持露思维权祸从口出不是一封道歉信可以抵消的网络不是法外之地,1
2025/3/21 14:08,"之前觉得这个女孩子挺好的，但后来在国外给鬼佬随便抱随便揽[尬笑][尬笑][尬笑]
特别上次那个外国品牌的老板在那么多记者的情况下把她揽的像。。。。那个啥后！就没关注过，就是现在看看网友怎么看",1
