timestamp,content,label
2025/4/1 22:13,高速上面，定速巡航我都不敢用，硬生生开了500多公里,0
2025/4/1 22:20,雷总,0
2025/4/1 22:20,节哀,0
2025/4/1 22:20,雷总的态度让人欣慰,0
2025/4/1 22:20,相信雷总，加油(?????)???,0
2025/4/1 22:20,有担当有责任,0
2025/4/1 22:20,理性看待,0
2025/4/1 22:20,支持雷总，等待警方给大家一个真相,0
2025/4/1 22:20,雷总 相信小米,0
2025/4/1 22:20,节哀??????,0
2025/4/1 22:20,雷军 相信你,0
2025/4/1 22:20,雷总 关关难过关关过??,0
2025/4/1 22:20,??,0
2025/4/1 22:20,请大家理智发言，谩骂和攻击不是解决问题的方式,0
2025/4/1 22:20,缄默其口，静待最终结果,0
2025/4/1 22:21,我们会等官方回应的，雷总还是很负责任的,0
2025/4/1 22:21,相信雷总，相信小米,0
2025/4/1 22:21,相信雷总,0
2025/4/1 22:21,我们呼吁大家尊重逝者，减轻舆论带来的负面影响，我们会用行动回答大家的问题,0
2025/4/1 22:21,我觉得什么都不了解的情况下，还是慢慢等带结果吧，不要人云亦云。,0
2025/4/1 22:21,小米加油，静等结果,0
2025/4/1 22:21,雷总，支持你，一定可以渡过难关。,0
2025/4/1 22:21,“无论发生什么，小米都不会回避，我们将持续配合警方调查，跟进事情处理的进展，并尽最大努力回应家属和社会关心的问题。  谢谢大家的关注和批评，你们说的每一句话，我们都听见了，记下了，我们会用行动回答大家的问题。”，加油雷总,0
2025/4/1 22:21,雷总加油希望小米越来越好,0
2025/4/1 22:21,至少小米能做到不逃避,0
2025/4/1 22:21,逝者安息??????,0
2025/4/1 22:21,等结果吧，我相信小米??,0
2025/4/1 22:21,我有个问题，出车祸不报警鉴定事故，先问为什么车公司不联系，这是新型的定责流程吗？,0
2025/4/1 22:21,雷总的回应来了，直面批评，请大家耐心等待后续调查结果！,0
2025/4/1 22:21,《小米承诺：无论发生什么，小米都不会回避》有雷总这句话就够了，有担当！,0
2025/4/1 22:21,有很多造谣的，也请一并处理@小米法务部,1
2025/4/1 22:22,无论发生什么，小米都不会回避。,0
2025/4/1 22:22,??????,0
2025/4/1 22:22,逝者安息，静待调查结果,0
2025/4/1 22:22,雷总，相信您和您的团队一定会给出令人满意的答复,0
2025/4/1 22:22,一场普通车祸，汽车厂家只有雷总会站出来吧,0
2025/4/1 22:22,雷总有担当 但是老实人不能被欺负,0
2025/4/1 22:22,看到三个大学生确实是很痛心，很可惜，但是网络上铺天盖地对小米的恶意，这个社会有些??,0
2025/4/1 22:22,雷总 相信小米,0
2025/4/1 22:22,逝者安息，等待一个官方调查结果??也希望大家能理性看待事件,0
2025/4/1 22:22,相信小米，相信雷总，有问题就改成，没有问题，也绝不背锅,0
2025/4/1 22:22,看到负责的态度，真的很感动，我愿意相信小米，相信雷总，也为年轻的生命感到惋惜，节哀,0
2025/4/1 22:22,向遇难者表示哀悼，望家属节哀顺变，我是小米的粉丝 我也相信雷总和小米能够第一时间解决这个问题，找到真正原因，给大家一个公平公正的答复。希望现在网上有坏心思的人不要造谣不要再给家人二次伤害。谢谢大家,0
2025/4/1 22:22,尊重逝者！ 也尊重车企，一定会有一个合理的说法！,0
2025/4/1 22:22,雷总也发声了，没记错的话，这应该是为数不多针对事故发生的车企高管吧？其实，在调查报告没出来之前，这事故本身跟小米也没有直接关系，就是车辆是小米SU7…,0
2025/4/1 22:22,雷总，有你这些话就我觉得很欣慰，作为米粉永远相信小米不会坐视不管，肯定会给大家一个满意的答复,0
2025/4/1 22:22,雷总亲自发言了！看看那些小黑子还有什么话要说的？永远相信雷总，谁都不愿意有意外发生，但是偶尔的意外是难免的。,1
2025/4/1 22:22,相信小米，相信雷总，不会回避问题。请大家多给点时间调查愿逝者安息,0
2025/4/1 22:22,雷总,0
2025/4/1 22:23,无论发生什么，小米都不会回避，小米将持续配合警方调查，跟进事情处理的进展，并尽最大努力回应家属和社会关心的问题。 相信雷总，相信小米,0
2025/4/1 22:23,相信雷总，相信小米，请大家理性看待问题,0
2025/4/1 22:23,雷总 有担当,0
2025/4/1 22:23,在我们什么都不清楚的时候不要乱下评论，坐等结果，雷总我们相信你我们相信小米。,0
2025/4/1 22:23,空话，实际点,1
2025/4/1 22:23,雷总从来都强调安全驾驶，智驾不要脱手！为三个年轻女孩的逝去默哀！也希望大家开车时注意安全！,0
2025/4/1 22:23,相信雷总能给一个好的处理结果，但是不要为了舆论做出让步，法治社会，责任得划分清楚,0
2025/4/1 22:23,雷总的正式回应来了，雷总态度还是挺诚恳的，我们永远相信小米,0
2025/4/1 22:23,雷总，有你这些话就够了。坚定持有小米股票！,0
2025/4/1 22:24,小米有什么义务对车主负责？说破天小米就是个卖车的，车子质量没问题的前提下，你开成什么样小米管不着，大货车压扁小轿车的车祸多了，也没见哪个车企出来慰问过，吃安眠药自杀的人多了，也没见药厂出来安抚过，杀人犯拿刀杀人，没人会去记恨菜刀厂，现在出个车祸，都开始要车企负责了？,1
2025/4/1 22:24,有担当,0
2025/4/1 22:24,其实这不怪小米，大家心里清楚，但雷总和小米是个有责任的人和有担当的企业,0
2025/4/1 22:24,小米加油,0
2025/4/1 22:24,有担当。小米一定会成为伟大的公司,0
2025/4/1 22:24,欲戴王冠，必承其重。加油！！！！我们支持小米支持你。,0
2025/4/1 22:24,在这种舆论下，小米仍然正面回答问题，而不是回避，给小米点赞,0
2025/4/1 22:24,热搜好像没了好几条了……我能说小米是网络暴徒吗,1
2025/4/1 22:24,相信雷总会处理好此事，逝者安息??,0
2025/4/1 22:24,支持小米，相信雷总,0
2025/4/1 22:24,这才是一个负责任的企业的担当。希望能早日找出问题真相，希望严惩用心险恶之人，希望三位女生安息。??,0
2025/4/1 22:24,你要对此负责,1
2025/4/1 22:25,无论发生什么，小米都不会回避，我们将持续配合警方调查，跟进事情处理的进展，并尽最大努力回应家属和社会关心的问题。,0
2025/4/1 22:25,相信雷总?,0
2025/4/1 22:25,哀悼！?? 同时相信小米！,0
2025/4/1 22:25,雷总现在应该是最难受的，压力最大的，身为小米集团的创始人，出了这么大的事，也是他不愿意看到的，相信雷总一定会妥善处理好的！！！,0
2025/4/1 22:25,相信小米相信雷总 伟大公司不是一天建成的 我们持续支持～,0
2025/4/1 22:25,从来没担心过小米处理问题的态度，只担心小米的法务收拾不了谣言生事的。,1
2025/4/1 22:25,雷总别难过,0
2025/4/1 22:25,在这种舆论环境下，积极回应和配合，而且针对网上所有的质疑声都有回应，这确实是有担当的做法。也希望调查结果尽快公布，让各方了解真相。,0
2025/4/1 22:26,为逝者哀悼，为雷总真切的态度点赞,0
2025/4/1 22:26,97的速度撞上水泥墩，着火前大概率人已经无了、开什么车都一样,1
2025/4/1 22:26,相信雷总，也相信小米，但是在善后的过程中，请记下那些恶意抹黑散播谣言的大V博主，过后让他们付出应有的代价，今天太多带节奏的人了，一堆大V吃着人血馒头，太过分了,1
2025/4/1 22:26,逝者安息??????！ 每年那么多交通事故，试问有几个高管像雷总这样直面问题的？雷总，我们永远相信小米，永远相信美好的事情即将发生！@雷军,0
2025/4/1 22:27,雷总有担当，有责任，支持你。雷总我们是您坚强的后盾。加油！@雷军,0
2025/4/1 22:27,逝者安息???等待官方调查结果,0
2025/4/1 22:27,雷军：等到此时，我觉得我不应该再等了，我必须站出来，代表小米承诺：无论发生什么，小米都不会回避，我们将持续配合警方调查，跟进事情处理的进展，并尽最大努力回应家属和社会关心的问题。  谢谢大家的关注和批评，你们说的每一句话，我们都听见了，记下了，我们会用行动回答大家的问题。,0
2025/4/1 22:27,小米汽车官微有详细的回应 评论配图,0
2025/4/1 22:27,我想说我不是米粉，但是这波黑流量真的太多了。。。,1
2025/4/1 22:27,??????,0
2025/4/1 22:27,雷总真男人欲戴王冠，必承其重,0
2025/4/1 22:27,赶紧研发个电池 怎么撞都不起火的 免得其它人又唧唧歪歪 现在交付20万量就有这样的车主 以后做大保不准又有车主隔三差五的又作死 小米汽车还怎么伟大 加油我看好你,1
2025/4/1 22:27,雷厂长很难受......这里的粉丝明白您，您不为什么，因为您善良，您就是这么的好，这么的善良,0
2025/4/1 22:27,相信您，会一直支持您和小米,0
2025/4/1 22:27,原来没有拿到事故车啊 看来有些人在说谎 说事故车被小米拖走了,1
2025/4/1 22:28,??????,0
2025/4/1 22:28,希望给以后的品牌宣传有点警示作用:不要再强调快。,0
2025/4/1 22:28,点到为止，都散了吧！在商言商，不要起哄。这么大一家企业，不是只做一锤子买卖的生意。,0
2025/4/1 22:28,我要买碳化版,0
2025/4/1 22:28,相信雷总和小米能给大家个满意的答复，女孩们R.I.P??????,0
2025/4/1 22:28,相信雷总，相信小米，小米加油??,0
2025/4/1 22:28,相信小米！相信雷总！相信SU7！ 同时也坚决打击那群 散布谣言，乱带节奏，搞对立的宗教信徒。拿起法律武器，坚决打击,1
2025/4/1 22:29,雷军这个人的人品没得说，非常好，人也很善良，他能走到今天是用真诚和友善换来的，是用真心换来的，雷军的人品重于泰山，雷军的良心比黄金还贵，希望大家不要过度指责他，让这么好的人接受无辜的谩骂与攻击，对他也不公平。现在汽车碰撞事件仍在调查之中，大家不要急着盖棺定论，请静等权威报告。,0
2025/4/1 22:29,反思：1、智驾不是自动驾驶，起码目前没有任何车企做到，完全依赖智驾肯定不是聪明的行为；2、电池肯定有自燃的风险，只不过概率问题，0自燃是不可能的，极端情况下肯定有自燃风险，目前也是没有任何车企可以做到0自燃；3、开车还是要具备一些自救的常识为好,0
2025/4/1 22:29,所以请大家理性看待事情，等待调查结果出来。????,0
2025/4/1 22:29,故意带节奏的太多了,1
2025/4/1 22:29,等待交警的责任认定书，车厂该承担的必须承担，但是不该承担的绝不要承担。,0
2025/4/1 22:29,就冲这个，YU7发布必买,0
2025/4/1 22:30,哪有出车祸还没出结论就找车企讨说法的事？,1
2025/4/1 22:30,雷总是为数不多会亲自发声的大佬，按理说这只是一起交通事故，但舆论影响真的太大了，还是相信雷总相信小米，十年米粉，会一直帮小米澄清！,0
2025/4/1 22:30,相信小米！事故本身让人痛心，祈祷逝者安息！但事故原因尚需要调查，请那些带节奏的人也不要再借逝者之名推波助澜。无论出行开什么车，大家一定注意安全谨慎驾驶！,0
2025/4/1 22:30,小米骑车一定程度上是成功等我，没有谁是完美的,0
2025/4/1 22:30,如果出了车祸都找车商，那是不是有点过分了？障碍物的原因？车的原因？修路的原因？尽管我很悲痛很同情，但是我们是不是应该也找找人的原因？,0
2025/4/1 22:31,相信雷总，一个有责任心有担当的真诚企业家。呼吁大家理性思考，谨慎发言，事情的发生大家都不想看到，但是事实的真相需要一步步的调查取证。大家也心疼一下雷总吧，一个光明磊落有格局的企业家怎么会做那些乱七八糟的遮掩。互联网是把双刃剑，有认知的大家谨慎发言静待真相！,0
2025/4/1 22:31,按闹分配。谁闹谁有理。出现事故第一时间想的不是找交警走法律程序定责，不找保险公司。博眼球搞大的，道德绑架,1
2025/4/1 22:31,理性讨论，理智发言，相信小米会处理好，静等结果??????,0
2025/4/1 22:31,发现问题、解决问题、态度诚恳、比某些盖布品牌好太多了,0
2025/4/1 22:31,我觉得是啥就是啥，不能车一出问题就要找车企利用舆论,0
2025/4/1 22:32,??????,0
2025/4/1 22:32,真的是看到某些评论，真的是隔着屏幕都能闻到素质滑坡的味道，建议这类用户多读书少发言。,1
2025/4/1 22:33,太痛心了！三条鲜活的生命警醒整个行业：安全没有天花板。希望车企们真刀真枪搞技术，扎扎实实提标准，把这次事故变成中国汽车进化的里程碑。该担的责别躲，该革新的别等，用敬畏之心造车，才是对生命最好的告慰。,0
2025/4/1 22:33,希望说到做到…,0
2025/4/1 22:33,相信雷总，有魄力有担当，此事定会有一个圆满的解决方案！,0
2025/4/1 22:33,山西问界M7事故，全网帮车主维权；安徽小米SU7事故，质疑车主驾驶不当……很难想象，这2个操作，来自同1个群体,1
2025/4/1 22:33,特斯拉要是天天马斯克站出来，绝逼要累死,0
2025/4/1 22:33,无论发生什么，小米都不会回避，将持续配合警方调查，跟进事情处理的进展，并尽最大努力回应家属和社会关心的问题。,0
2025/4/1 22:34,以后想自杀是不是可以开新能源车？然后谁闹谁有理，赔一笔钱。,1
2025/4/1 22:35,出事第一反应居然是找车的厂家吗,0
2025/4/1 22:35,上次那个掉下悬崖一家三口没事的时候，不是都在夸小米造车良心吗？开车一出事就是车企责任了？开车出事最重要的原因是车质量有问题？难道不是应该安全谨慎驾驶么,1
2025/4/1 22:35,我也是12年的米粉了，也在开智驾功能的车，可看到NOA发现路障问题2秒后就碰撞了，实在不敢苟同，NOA发现路障不应该是减速刹停吗，怎么甩给驾驶员处理啊，2秒钟完全处理不了的！@小米法务部 #小米汽车公布安徽事故车辆数据# @雷军,1
2025/4/1 22:35,相信雷总能给一个好的处理结果，但是不要为了舆论做出让步，法治社会，责任得划分清楚,0
2025/4/1 22:35,??????,0
2025/4/1 22:36,自己不好好开车就别怪这怪那的????,1
2025/4/1 22:36,这不是你的问题！！是保险逃避责任的手段！新手，女司机，高速，双手不操作方向盘，完全靠辅助驾驶，96迈，夜间，逆行，怎么救？,1
2025/4/1 22:36,我看家属肯定要狠狠的讹一笔，知道小米好欺负，奈何世间恶人太多了,1
2025/4/1 22:37,删帖是为什么,1
2025/4/1 22:37,雷总，没必要回复的，以后车卖的越来越多，这种事情管不了太多的，每个人都是自己生命的第一责任人。,0
2025/4/1 22:37,我觉得什么车发生车祸都会死人，只是这件事发生在小米上，事情被无限放大而已,1
2025/4/1 22:38,理性看待，该是车的问题车企负责。要是恶意讹钱绝不能纵容这种风气。,0
2025/4/1 22:38,从我使用小米万元手机的表现来说，不如3000元荣耀 ，我以后是不会买小米手机及汽车。,0
2025/4/1 22:39,股票跌了才想起来回应了,0
2025/4/1 22:40,看了一下，小米还没拿到车，什么结果其实还要调查，逝者为大，大家一定要对开车这件事认真起来，智驾不是自动驾驶，国家还没这功能,0
2025/4/1 22:41,不管怎样，开车要注意，这个是大前提，至于车有没有问题，等官方检测结果就行了，没有必要骂来骂去，我发现现在网络上极端的人很多，看了很多不和谐的声音，感觉很烦，动不动吵成一锅粥,0
2025/4/1 22:41,相信雷总，相信小米，不会回避??,0
2025/4/1 22:41,[感谢][感谢][感谢],0
2025/4/1 22:41,我一直有个疑问，为什么驾驶人出的问题，非要找车企，为什么开bba的出了事故不去找车企  难道小米真是冤大头好欺负呗,1
2025/4/1 22:42,开车方向盘还是要掌握在自己手上的，驾驶员心真的太大了。,0
2025/4/1 22:43,实话雷总这次挺倒霉的,0
2025/4/1 22:44,在雷军发这条微博之前，我在想，如果你是雷军，你该怎么办，他此时在想什么，做汽车挺难的，做一个成功的企业更难，而如今不仅成功，还需要有担当,0
2025/4/1 22:45,印象里这种事CEO直接回应的比较少，而且是在调查结果没有出来前。不过这也是与小米一贯的CEO台前营销相匹配的。总之态度是好的，这次的危机基本上能缓解一半了。,0
2025/4/1 22:46,刚刚去微博了 小米那边意思是到目前为止还没有接触过那个车 不知道怎么查 需要等警方转让车,0
2025/4/1 22:46,我们会用行动回答大家的问题。??????,0
2025/4/1 22:47,不是，这跟车企有啥关系？这么多车企就小米出事故了？逮着人好欺负也不能这样嘛？那你被电打到了找国家电网？喝水呛到了，你找供水部门？这不扯嘛？,1
2025/4/1 22:47,"调查完再说吧，现在谁也不清楚真相。
逝者已矣，道路千万条，安全第一条！！",0
2025/4/1 22:47,什么都怪了，就是没有怪自己的技术,1
2025/4/1 22:48,现在网上的naocan太多，出了车祸不应该先报警处理吗？为啥让车商先回应，博取各种眼球。我就不相信小米的机械开关能打不开车门？ 有没有可能车内人员撞晕了，根本就没去开门。,1
2025/4/1 22:48,我开车少，默默问一下，现在开车出事故直接找车企了吗我记得我们这地方还是直接报警，或者找车主赔偿,0
2025/4/1 22:48,不要老是说小米SU7，就是一起交通事故嘛！,0
2025/4/1 22:48,首先死者为大 其次交通事故和卖车的有啥关系？ 单纯就是门开不出怪雷总？ 开不开得出 有没有拉机械开门 后台都有数据,0
2025/4/1 22:49,雷总不回避还是可以的[赞][赞][赞]不管怎么样把事实呈现出来,0
2025/4/1 22:49,这才是有担当的车企的做法[赞][赞][赞],0
2025/4/1 22:49,建议昨晚买个热搜，平时看你天天十个热搜，换头像都要买热搜，出事了怎么压一天热搜呢？,1
2025/4/1 22:50,压热搜是谁干的,1
2025/4/1 22:50,直面问题，从不回避。雷总好样的,0
2025/4/1 22:50,雷总好样的[比心][比心][比心],0
2025/4/1 22:50,避重就轻，车门锁了这事为什么不谈,1
2025/4/1 22:50,需要证明97km/h的速度撞击后，到烧灭的一个小时里，车内人员曾清醒且有开门的能力，才可以谴责车门锁死导致了人员死亡吧，不然换啥车都是这结果，但烧成这样了，也挺难证明的。等警方消息吧。,0
2025/4/1 22:50,雷总好样的，这才是有担当的车企的做法[赞][赞][赞],0
2025/4/1 22:52,有责任有担当的企业家[赞],0
2025/4/1 22:52,路转粉啊，社会需要这样的担当感,0
2025/4/1 22:52,没有逃避这一点就值得敬佩[赞],0
2025/4/1 22:52,相信小米，相信雷总，但是也尊重事实，等待结果,0
2025/4/1 22:52,这次对雷军是人生重大灾难和挑战，同时应证了一句话＂上帝让你疯狂，必将让你灭亡＂，希望雷军以后再不要盲目营销了，科学的尽头就是玄学……,1
2025/4/1 22:52,我已知两个点 1驾驶员不是车主 对于车门上的机械开门把手不清楚在哪里 2为啥驾驶员这么依赖用这个智驾啊 别的就没整明白了[泪奔],0
2025/4/1 22:53,??????,0
2025/4/1 22:53,感觉就是纯驾驶人问题[捂脸][捂脸],0
2025/4/1 22:53,态度决定一切,0
2025/4/1 22:54,雷总一直说的都是辅助驾驶吧，,0
2025/4/1 22:55,这才是有担当的老板[赞],0
2025/4/1 22:55,我已经躺平，满仓小米[看],0
2025/4/1 22:55,只想建议你们，不要宣传速度，智能了，多宣传安全，外观，续航，车子是用来代步，安全第一！不要让年轻人钻了虚荣心的空子，天天在马路上显摆性能速度，早晚出事。同学们都很单纯，你知道的。,0
2025/4/1 22:55,我就想问下小米智驾到底是l几，第一点116到92，这是人的正常反应嘛，第二点就是起火问题，怎么才能避免,0
2025/4/1 22:57,希望大家友善评论,0
2025/4/1 22:58,完全是驾驶员的问题，跟车没有半毛钱关系，不是谁闹谁有理，不能纵容这种讹诈！,1
2025/4/1 22:58,小米身正不怕影子斜,1
2025/4/1 22:58,这次事故除了人为因素之外，还有一个重要的功能，车门内部机械开门拉手。出于设计美观且隐蔽的出发点，不同的品牌不同的车型都会把机械门拉手放在去不同的位置。新能源车到现在还是有很多人没开过，尤其是有很多年纪大的人甚至没坐过，发生重大事故后，一旦电池断电，乘客在慌张的情况下根本很难找到机械门把手，就算有意识的情况下也有可能逃不出来。建议国家出强制规定，机械门把手务必在每个车门内侧固定的某个区域，同时机械门把手拉手的塑料盖换成醒目的颜色，例如黄色或桔黄色！ @雷军,0
2025/4/1 22:58,这就是我支持小米的原因[快哭了][赞],0
2025/4/1 22:58,施工路况，夜间高速120，驾驶不认真，背着家长说高铁，实际自己开男朋友车，对车也不了解，车上还有别的人，总结到一起，你说和车企有啥关系？,1
2025/4/1 22:59,这么多车企，哪个品牌会没有事故没有死人，也就雷总这么有担当，也敢担当！！！智驾还得深化技术,0
2025/4/1 22:59,支持雷总。正常人谁也不想砸自己的招牌。[酷拽],0
2025/4/1 22:59,电车应该要设置几套动力模式，日常代步方便选择。试问有几个人能在各种天气变化下驾驭得了0百3秒的后驱[看][看][看][看]不喜勿喷，自己做死无所谓，多考虑其他交通参与者。,0
2025/4/1 23:00,雷总还是很诚恳的,0
2025/4/1 23:00,希望可以妥善解决,0
2025/4/1 23:00,默默吃瓜群众吧,0
2025/4/1 23:00,相信雷总！等待官方的调查结果,0
2025/4/1 23:01,相信雷总,0
2025/4/1 23:01,不管是什么车 在高速上出了事故存活的几率都不大  速度+冲击力  无关车的品牌,0
2025/4/1 23:01,小米方面的态度自始至终都没有问题，处理的也很到位，该配合的工作也及时通报了进度。 警方那边都还没有对事故做出最终的调查结果，一些不好的声音居然裹挟着舆论走到失控的地步。总之我们作为看客应该静待一个真相不是吗？#雷军回应#,0
2025/4/1 23:01,相信可以妥善解决,0
2025/4/1 23:01,吃瓜,0
2025/4/1 23:01,雷军回应了事故,0
2025/4/1 23:01,引发网友热烈讨论,0
2025/4/1 23:01,继续关注一下。,0
2025/4/1 23:01,"钦佩雷总的情怀与勇气
更感动于雷总的格局与担当
不管事实真相如何
小米是令人尊敬的国民公司
雷总是令人尊敬的人民企业家[感谢]",0
2025/4/1 23:01,希望能把这件事合理的解决掉,0
2025/4/1 23:01,怎么现在出车祸可以找车企索赔了吗,0
2025/4/1 23:02,吃瓜中,0
2025/4/1 23:02,还是等调查结果出来吧,0
2025/4/1 23:02,事故善后莫懈怠，家属盼落实,0
2025/4/1 23:02,静等交警的调查结果吧,0
2025/4/1 23:02,持续关注这件事情。,0
2025/4/1 23:03,这是赖上了哈,1
2025/4/1 23:03,等调查结果,0
2025/4/1 23:03,所以说？跟车有关系吗？车也是倒霉。,0
2025/4/1 23:03,人家小米啥没做到？,1
2025/4/1 23:03,没了就没了干嘛要一直发到底？ 搞什么啊到底,1
2025/4/1 23:04,驾驶者不好好操控驾驶 车商倒霉,1
2025/4/1 23:04,关人家小米什么事啊,1
2025/4/1 23:04,相信雷军,0
2025/4/1 23:04,要小米一个车企做到啥？,0
2025/4/1 23:04,雷总这个回复没问题,0
2025/4/1 23:04,自己出交通事故叫车企解决,1
2025/4/1 23:04,如果驾驶操作不当怎么说？,0
2025/4/1 23:04,这可真到了考验雷总的时候了,0
2025/4/1 23:04,…赖上了,1
2025/4/1 23:04,相信雷总是个有担当的人！,0
2025/4/1 23:04,逃避得了吗？,1
2025/4/1 23:04,一百多码撞击，啥车人都没,1
2025/4/1 23:04,新能源汽车研发重要的是它的安全性能。,0
2025/4/1 23:04,跟雷军有啥关系,0
2025/4/1 23:04,现在倒好了，推到风口浪尖，即使没责任也得赔款安慰了,1
2025/4/1 23:04,小米肯定不是主责，车祸原因其实很明显了，但车门没打开需要一个合理解释,0
2025/4/1 23:04,雷军：打钱,1
2025/4/1 23:04,再说一遍！记住，车一定不要外借！别人一旦出了事儿，小磕小碰你得修！大了你还得负责[泣不成声][泣不成声],0
2025/4/1 23:04,如果是车企的责任，那车企应该负责，如果不是，那也不要乱负责,0
2025/4/1 23:04,以后开车出车祸的，家人都可以找生产厂家的麻烦，找他们赔款。??,0
2025/4/1 23:04,相信可以妥善解决,0
2025/4/1 23:04,等待一个调查后续,0
2025/4/1 23:04,声明：部分负面评论，被抖音官方删了，不是被作者删了[看],0
2025/4/1 23:04,希望雷军践行承诺给遇难者家属交代,0
2025/4/1 23:04,不是很理解…节哀..但这和小米什么关系…因为把车卖给你了嘛….,0
2025/4/1 23:05,雷总还是比较有担当的#SU7爆燃遇难者母亲希望雷军说到做到#,0
2025/4/1 23:05,所以车祸都找车商吗,0
2025/4/1 23:05,不是，虽然很难过，但是关小米什么事……其他牌子出事大把……,0
2025/4/1 23:05,感觉很奇怪……说不出来哪里奇怪……真的……但是我认可雷总的人品,0
2025/4/1 23:05,永远可以相信雷军@雷军,0
2025/4/1 23:05,微博给我推了一堆这种新闻,0
2025/4/1 23:05,目前看就是驾驶人没操作好，跟车没啥关系，就是起火原因要好好检查,0
2025/4/1 23:05,第一次见可以怪厂商的，以后那些啥牌子车保险都不用买了直接怪厂商就行了,1
2025/4/1 23:05,调查结果还没出来呢，就赖上了？搞不好还是酒驾呢,1
2025/4/1 23:05,搞的好像小米全责似的，搞的好像小米铁定赔钱似的,1
2025/4/1 23:05,愿雷军言出必行让事故有个了断,0
2025/4/1 23:06,一个在深夜开车不握方向盘的人，完全不考虑车上其他人。现在把责任都怪到车子上。要不是小米影响力大，才不会被逮着不放。,1
2025/4/1 23:06,其实开什么车出事故都很危险啊，就逮着他不放,1
2025/4/1 23:06,那年我15岁就记住我爸一句话，开车简单，开精很难[泣不成声]不管买啥车，技术要扎实，平安到家更重要[感谢][感谢][感谢],0
2025/4/1 23:06,这是赖上雷总了刚火就有人搞事情,1
2025/4/1 23:06,跟小米有啥关系？,0
2025/4/1 23:06,我这辈子第一次听说，出了交通事故在第一时间不找警察，不找保险，而是找汽车商家的,1
2025/4/1 23:06,这要是吃馒头噎着了还要找种小麦的吗？,1
2025/4/1 23:06,相信雷总，相信小米,0
2025/4/1 23:06,雷总回复让人很感动，得到这个评论，怎么心理不舒服。,1
2025/4/1 23:06,这一家子人真的逗,0
2025/4/1 23:07,盼雷军说到做到给悲剧一个结果,0
2025/4/1 23:07,这回答情商太低了 应该说 我女儿是相信雷总的为人信赖小米的品牌才买的小米汽车 出了这种事我和贵司都不想发生 我也相信雷总和贵司会积极配合承担起社会责任共同把事情搞清楚处理好,1
2025/4/1 23:07,我终于知道为什么同级别的车定价要90万，因为能买90万车的人不会乱飙车。更不会乱借车,0
2025/4/1 23:07,??????,0
2025/4/1 23:07,新手上路，醉驾酒驾全有可能，人要轻生跳海去找大海吧,1
2025/4/1 23:07,为啥都说自己三个女孩??我咋印象中有篇博文说司机是谁男友。。。,0
2025/4/1 23:08,这不是警察跟保险的事吗？现在事故都直接找厂商了吗？,0
2025/4/1 23:08,头一回见车企老总为一起车祸亲自致哀承诺,0
2025/4/1 23:08,雷总，我跟你在广州有过合影的。我是标准版的车主，标准版的noa对于施工路段的桩桶锥桶等物件识别真的有问题，有时候车道变窄也没办法自动变道，希望真的可以优化一下标准版的算法,0
2025/4/1 23:08,买一把菜刀切到手要找制造商吗,0
2025/4/1 23:08,智驾一直都是辅助驾驶，如果使用过程中自己双手离开方向盘不接管车辆出了事也能赖上车企的吗？去年m7m9事件也是因为智驾赖上华为，今年也是,1
2025/4/1 23:08,太道德绑架了吧不知道以为车是雷总开的,1
2025/4/1 23:08,驾驶员要对驾驶负责，出车祸谁也不想，但是道德绑架那就是又蠢又坏了。首先，出车祸要找警察，查清楚事故原因，交警会出具事故认定书，然后是报保险处理。,1
2025/4/1 23:08,这才是有担当的老总所为！因为这事喜欢雷总！[赞],0
2025/4/1 23:08,最大的问题还是人和路，大晚上的视线本来不好，再加上对车不熟，修路，估计算突发事件了，白天遇到障碍物都会慌，建议大家上高速打开导航，几公里堵车哪里修路道路缩减都提示[灵机一动],0
2025/4/1 23:09,这是我看到的网上比较客观的了,0
2025/4/1 23:09,车辆信息就这么公开，这还有隐私可言吗[暗中观察],0
2025/4/1 23:09,我都懵逼了！出了交通事故找车商，真是没地方找了,1
2025/4/1 23:10,不管买啥车，技术要扎实，平安到家更重要,0
2025/4/1 23:10,我开智驾都是时时刻刻关注着路况的，可以说比我自己开还高度集中！更何况高速了，已经提示了两次了还不赶紧接手？我听到提示前方道路施工后肯定会主动退出智驾的。,0
2025/4/1 23:10,等结果再评论不迟，目前感觉家属有点不可理喻,1
2025/4/1 23:10,智驾,0
2025/4/1 23:10,不简单啊这个事儿  父母竟然允许女儿收男方这么大的礼物吗,0
2025/4/1 23:10,行车不规范，亲人两行泪，不管开什么车都要规范行驶[流泪],0
2025/4/1 23:10,永远相信自己的手去开车[赞],0
2025/4/1 23:11,羽毛哥，门把手的形式和碰撞后解锁与否没有关系，无论何种门把手形势，只要没有解锁，你都打不开，解锁了就都能打开。所以重点是要解锁，而不是门把手形式，别带歪节奏！[感谢][感谢][感谢],0
2025/4/1 23:11,不得不说，雷总确实有担当  静候事故调查结果～,0
2025/4/1 23:11,我学会了。以后但凡交通上擦擦碰碰都去让车企赔 怎么不给我自动闪避,1
2025/4/1 23:12,为什么出事故第一时间不报交警去指责汽车厂商[黑脸],1
2025/4/1 23:12,意思她一定要拿双份了,1
2025/4/1 23:13,理解家属心情，但这样的留言可能真的不够智慧了。毕竟这话无论你是否说大家都会帮着一起盯着雷总和小米后续的行动，但这样留言了反倒可能成为部分别有用心的人进行攻击的理由……,0
2025/4/1 23:13,需要做到什么 要多少钱,0
2025/4/1 23:13,道德绑架,1
2025/4/1 23:13,可三个女大学生被烧，听一个父亲说被烧成白骨了，我好难受[流泪][流泪][流泪][流泪][流泪][流泪],0
2025/4/1 23:13,真诚才是必杀技。从雷总的字里行间，我看到了满满的诚意和担当。请大家给小米一点时间。给雷总一点时间，在真相来临之前，切莫因一时的意气用事而寒了一位难得的优秀的企业家的心。毕竟，创业不易，守业更难。,0
2025/4/1 23:14,相信小米，相信雷总！加油！,0
2025/4/1 23:14,好莫名其妙，在事故都没有任何定论的情况下首先要求汽车生产商给出回应，人家啥都还没了解清楚给你什么回应，这以后一出事都找厂商解决？如果最后事故认定是有车的问题你这时候找车企一点没毛病，现在就逮着车企不放到底是什么意图呢？(逝者安息，没有指责家属的意思),0
2025/4/1 23:14,看来母亲也是关注雷总很久了，至少超过7天了，我想评论都没资格，愿逝者安息,0
2025/4/1 23:14,第1次见出了事故，怪人家车的，[微笑][微笑][微笑]，哪个品牌没有出过事故？,0
2025/4/1 23:14,小米赚大了 一波好评,0
2025/4/1 23:14,会给家属满意的答复,0
2025/4/1 23:15,这么说吧，但凡车子不是小米或者华为的，这就是一个普通交通事故！,1
2025/4/1 23:15,感觉智能车最大的毛病就是智能[捂脸],0
2025/4/1 23:15,@小米法务部,1
2025/4/1 23:15,雷总太冤了,0
2025/4/1 23:16,不管多高级的车 可以有智能驾驶模式 但是方向盘要在自己手里  自己掌控才不会出神,0
2025/4/1 23:16,期待回应,0
2025/4/1 23:16,开车的是雷军吗,0
2025/4/1 23:17,一定要查清有没有规范使用啊[玫瑰]大家千万不要跟风，事明之前抵制谣言,0
2025/4/1 23:17,每天那么多车祸，也没见找车企的，活久见了也算,0
2025/4/1 23:17,我开的本田油车，下次撞了，也可以去日本搞吗,1
2025/4/1 23:17,我永远反感利用舆论的那一方，目前就等调查结果,0
2025/4/1 23:17,哪个牌子的车不出事故？,0
2025/4/1 23:17,网友需要的是，昏迷了自动打开的车门，和永不着火的电池，以及敢和车主拔河的智驾,0
2025/4/1 23:17,看了心痛不已 [感谢][感谢]开了 40 年车 说实话我定速巡航都没有尝试过 ，因为定速巡航一直保持速度可能会耗油，自动驾驶更不敢 就怕信号卡顿 路障识别延迟 一次失误 车毁人亡 时刻提醒自己安全第一。,0
2025/4/1 23:17,智驾并不成熟，别拿生命开玩笑，提示分心驾驶，双手脱离方向盘，这是自己拿生命开玩笑，也是对别人的不负责，逝者安息！！！！,0
2025/4/1 23:17,其实这不怪小米，大家心里都清楚，不能把所有的错误都归结于智能驾驶，也不能把所有的依托给智能驾驶。但是雷总和小米集团是有责任有担当有情怀的...只能说逝者安息，希望大家都理性的对待问题和理性思考??,0
2025/4/1 23:18,tsl笑而不语,0
2025/4/1 23:18,“……谢谢大家的关注和批评，你们说的每一句话，我们都听见了，记下了，我们会用行动回答大家的问题。”,0
2025/4/1 23:19,太棒了，以后高速上开车打瞌睡也好，抽烟喝水也好，不管什么原因，撞了都有车企兜底啦,1
2025/4/1 23:19,合着以后都找雷总呗,0
2025/4/1 23:19,这不是应该保险公司负责吗,0
2025/4/1 23:19,个人观点 辅助驾驶仅仅是辅助  并不是让你完全撒开双手不管,0
2025/4/1 23:20,能讹一点是一点,1
2025/4/1 23:20,我相信雷总会处理好的,0
2025/4/1 23:20,心痛！！！,0
2025/4/1 23:20,以后的车祸大家都去找车企,1
2025/4/1 23:20,说实话，尊重死者尊重生命人之常情，但是不是应该等警方通告以及责任认定，其他车企也别幸灾乐祸，这波雷军回应了，下次其他车出事故呢，以后都不联系保险，不等通报，第一时间让车企回应那就精彩了。。。。。。,0
2025/4/1 23:20,第一次见出事故了，老总出来回应,0
2025/4/1 23:20,雷总微博 必须关注??7天才能评论 这截图~,0
2025/4/1 23:20,如果是特斯拉 那就去找马斯克 懂了,1
2025/4/1 23:21,智驾可以失败很多次，但我们只能失败一次,0
2025/4/1 23:21,我体脂率超标已经起诉麦当劳了,1
2025/4/1 23:21,哪个是极致安全，我要买,0
2025/4/1 23:22,雷总早就说过了,0
2025/4/1 23:22,再不回应，股票明天还会跌,1
2025/4/1 23:22,在享受科技的同时要保证安全第一才是最重要的,0
2025/4/1 23:22,流量真的是把双刃剑,0
2025/4/1 23:22,对消费者难道是好事吗？以后出事了，保险会赔，车企也会负责。支持雷总站出来，也支持更多车企能够站出来。,0
2025/4/1 23:22,我这辈子第一次听说，出了交通事故在第一时间不找警察，不找保险公司，而是找汽车商家的,1
2025/4/1 23:22,相信雷总，相信小米,0
2025/4/1 23:22,这评论区，神奇的清一色，小米是不是把网络舆论外包出去了,1
2025/4/1 23:22,要是不是车子的错，可以告了@雷军,1
2025/4/1 23:22,希望你平安，健康，顺遂,0
2025/4/1 23:22,应该找保险公司吧,0
2025/4/1 23:23,这才是有责任有担当[赞],0
2025/4/1 23:23,真难啊，不集中注意力开车，出事儿了搞得现在车企是全责,0
2025/4/1 23:23,要是出事都找车企，特斯拉出事了，马斯克得来中国一趟？,1
2025/4/1 23:23,也是给大家敲响警钟，无论油车还是电车司机的车技和经验如何，自己生命要控制在自己手里，无论现在发展到多智能，一定不要过分依赖车上的智能辅助驾驶，科技发展固然是好事，生命安全永远是第一位，路上的情况变幻莫测，自己的主观行为控制在加上辅助驾驶的帮助可能会才做到两全其美吧，陆续会迎来小长假大家高速出行平安回家[爱心],0
2025/4/1 23:24,我这辈子第一次听说，出了交通事故在第一时间不找警察，不找保险，而是找汽车商家的,1
2025/4/1 23:24,开车的人的家属是不是怕坐车的人的家属索赔啊,1
2025/4/1 23:25,都别吵了行吗？尊重他人命运！选择的人承担后果！大家别吵了！,0
2025/4/1 23:25,巡航白天都不敢用,1
2025/4/1 23:25,这态度可以的[赞],0
2025/4/1 23:25,我下次把别人车撞了，雷军能不能来帮我解决一下 都去找车企,1
2025/4/1 23:25,我从18岁开车开了11年， 特别是晚上开车， 我基本上都是全神贯注，手握方向盘，目光基本上都是在正前方， 连定速巡航都没有用过， 我是真服了，有些人晚上开车速度快不说还敢打 瞌睡， 有一年在高速上差一点一个车打瞌睡， 差点把我撞了， 我一脚 刹车， 减速在一脚 地板油提速， 因为我后面也跟了一个车， 把后面那一个车也吓到了， 主要是晚上真的车距，这些都不好控制， 我追着那个打瞌睡的车骂我后面那个车追着我骂[眼含热泪],1
2025/4/1 23:25,特斯拉火的时候，漫天的新闻说特斯拉刹不住车，小米火了，又开始喷小米的智驾，下一位受害者又是谁,1
2025/4/1 23:26,迄今为止，哪个电车品牌比较安全？准备入手了[捂脸],0
2025/4/1 23:26,怀疑过车，怀疑过路，怀疑过天气，唯独没有怀疑自己！,0
2025/4/1 23:26,有时总觉得台车最冤！,0
2025/4/1 23:26,小米无责但是赔钱的话。其他车企压力很大啊。 一天几百上千的事故 都找车企赔偿,0
2025/4/1 23:26,希望不要直播带货真的ptsd了,0
2025/4/1 23:27,出车祸找汽车制造商,1
2025/4/1 23:28,这才是个人，比某些企业强h,1
2025/4/1 23:28,“我心脏病犯了，在我刚准备用小米手机拨打120的时候，手机提示我电量不足即将关机，最终导致我没有及时就医，到现在小米还没有联系我给我一个说法”,1
2025/4/1 23:29,教主发话了，我们相信教主,1
2025/4/1 23:29,无论咋样，他没有逃避，自己家的产品，必须顶，[比心][比心][比心]……,0
2025/4/1 23:29,车子太火了，肯定要坑一把,1
2025/4/1 23:29,看结果再说话吧，还不知道具体是什么原因。安息[感谢],0
2025/4/1 23:29,这小米态度真的是非常好了[赞][赞][赞],0
2025/4/1 23:30,会继续关注,0
2025/4/1 23:30,不论舆论汹涌与否，雷军和小米都会是最有担当的，该负的责任一点都不会少。,0
2025/4/1 23:30,啊这，全赖买车的啊？，，，以后看哪个车敢买给驾龄不超过十年的,1
2025/4/1 23:30,车主为了不承担民事赔偿，故意把责任往辅助驾驶上面引导,1
2025/4/1 23:30,再牛逼的副驾驶都不如自己紧握方向盘，新能源同样的道理再厉害的辅助驾驶车机雷达也不如自己谨慎驾驶好好看路！！！,0
2025/4/1 23:31,最奇怪的是。29号晚前往安徽考编？？？？？早就结束了,0
2025/4/1 23:31,雷总，有担当[赞]。愿逝者安息，早日查清楚。,0
2025/4/1 23:31,发生事故，车企必须会见家属吗，这么多年了，奔驰宝马奥迪马自达本田丰田荣威五菱什么的有会见过？尤其五菱，事故海了去了，没见家属吵吵着说没来安慰,1
2025/4/1 23:31,??????,0
2025/4/1 23:32,大半夜开100多码不握方向盘这不是危险驾驶危害公共安全吗！,1
2025/4/1 23:32,雷总给足了大众安全感，但网友也别太过分了吧，逝者家属正在经历一段非常艰难的时期，这是一位刚刚失去女儿的母亲，她只是想弄清楚原因而已，她不应该遭受这样的攻击，攻击逝者家属，这帮人真是疯了,0
2025/4/1 23:33,这集我看过，直接快进到直播带货吧,0
2025/4/1 23:34,我都懵逼了！出了交通事故找车商，真是没地方找了[捂脸],0
2025/4/1 23:35,从啥时候起开车出事故还需要车企承担责任了？[泪奔][泪奔][泪奔],1
2025/4/1 23:36,客观而言，该事件与小米并无直接关联。作为企业主体小米方面不仅未回避问题，小米还第一时间成立专项小组配合警方调查该案件进展，已经做的很好了。请大家保持理性态度以事实为依据看待问题【个人立场】,0
2025/4/1 23:36,调查结果还没出来，这么着急下结论干啥?,0
2025/4/1 23:37,油车每天估计都有出车祸的吧,0
2025/4/1 23:37,有没有一种可能，在大力撞击之下，三个女孩已经晕过去了呢，所以才无法自主打开车门逃生呢[快哭了][快哭了][快哭了],0
2025/4/1 23:37,一句话说明情况，先不论谁的责任，智驾成功率即使成功率达到99.9%，也不可去赌那0.1%，和降落伞原理类似，一旦发生就不可逆转。,0
2025/4/1 23:37,雷叔[比心][比心][比心][比心],0
2025/4/1 23:38,这件事情今天我也看到了，三条鲜活生命就这样子陨落了，这真的很难让人不痛心，不应该完全把自己的生命安全交给他人，驾驶交通工具，无论是新老司机，应该要保持高度的注意力，自己的生命掌握在自己手里，不要有依赖和侥幸的心理，生命诚可贵，且行且珍惜，最后也是祝大家出入平安,0
2025/4/1 23:38,三个女生、非车主、夜车、智能驾驶，118km/h，有障碍物的路段，然后，死抓着智驾说事[看]，还冒出来一堆十几年的老司机,1
2025/4/1 23:39,还有微博。挺前卫,0
2025/4/1 23:39,这架势不吵小米，赔偿咋办[捂脸][捂脸][捂脸],0
2025/4/1 23:39,116码还敢手离开方向盘[宕机][宕机]赛车手都不敢这么干[呆无辜],0
2025/4/1 23:39,一出事天下锤[呲牙],1
2025/4/1 23:39,这是一种关系,0
2025/4/1 23:39,大家大姐大哥马上电话110公安电话119消防电话120医院,0
2025/4/1 23:40,新手，借的车，半夜，维修路段，时速110，双手离开方向盘……都不知道说啥好了,1
2025/4/1 23:40,是什么版本的有说吗,0
2025/4/1 23:40,我记得试驾小米汽车都要 2 年的驾龄[暗中观察],0
2025/4/1 23:40,他说话总是这么绝对,1
2025/4/1 23:40,晚上修路都要闪灯和标示牌的，嗯看不见吗,0
2025/4/1 23:41,但凡买的不是小米汽车 发再多都不会有这样的热度 也不会有董事长亲自发声 一天有千千万万个事故 有各种各样的油车电车着火 为什么就小米有这么高的热度大家心里也都清楚 你不去找交警 不去催消防出认定 非要煽动舆情玩道德绑架,1
2025/4/1 23:42,开车 是一件需要敬畏的事情,0
2025/4/1 23:42,这辆车不在驾驶员名下，那车主是不是还要担责的？还有另外两个女孩子家属联系到了吗？,0
2025/4/1 23:42,小米支持[赞],0
2025/4/1 23:43,短信没收到[捂脸],0
2025/4/1 23:44,我以一个超15年驾龄的老司机的经验分析，开车注意力不集中，疲劳驾驶，夜间行车，麻痹大意，都有可能出问题。目前的所有智能驾驶手段，只能叫辅助驾驶，之所以叫辅助就是辅助决策，不能交给它完全决策，一旦你理解错了，事故发生前的1-2秒决策就是生死抉择，辅助驾驶决策也要时间，司机本人决策也要时间，这时候需要的就不是1-2秒时间了，错过了最佳时机就大难将至，希望我们都出行平安，专心驾驶。,0
2025/4/1 23:44,以后是以后出事故都找汽车厂家了,0
2025/4/1 23:44,真正的意义是辅助驾驶， 司机的理解是无人驾驶。,0
2025/4/1 23:44,25秒的时候为什么会被人接管？,0
2025/4/1 23:45,始终不太懂这种智能驾驶，我真觉得要么就做完全无人驾驶，要么就自己老老实实认真开，现在车企搞个智驾让人开车懈怠，问题是一百多码这事儿是能懈怠的么…,0
2025/4/1 23:46,友商不是让家属道歉吗[微笑][微笑][微笑],1
2025/4/1 23:48,为啥不先找路面施工的责任啊？竟然是先找车企，要是定责定了车企再找也不迟呀,0
2025/4/1 23:48,完了，我现在已经思想歪到看到这种事就想到家属以后会直播带货,1
2025/4/1 23:48,不太明白不立即建立联系忙着利用舆论干啥,1
2025/4/1 23:50,看了眼评论区，言论真可怕，真想把一些人的评论挂出来，三条活生生的生命啊，在他们的世界观里，为了维护偶像，在事情都还没有调查清楚出结果之前一个个言之凿凿怪“三个女生不应该晚上在高速公路开车”这是21世纪？,1
2025/4/1 23:50,这种不好吗？用了这么久，这两年突然间全部变样了[捂脸],0
2025/4/1 23:51,不要借车出去[看],0
2025/4/1 23:52,你们真好哄,1
2025/4/1 23:52,不管别人怎么黑，我始如一的站在雷总这边。,0
2025/4/1 23:52,评论都是水军,1
2025/4/1 23:53,我开高尔夫出车祸，也没见大众售后上赶着来找我啊。还不是因为这辆车是小米，是雷军,1
2025/4/1 23:54,有没有人有真实内容，我刷到一下说是母亲送女儿的毕业礼物，现在又出来一个男朋友，说是男朋友送的[泪奔][泪奔],0
2025/4/1 23:54,很简单，车辆识别到有障碍物的时候提醒驾驶员接管，驾驶员接管的同时退出了自动驾驶，但此时汽车时速仍有近百公里每小时，两秒后发生了交通事故，自动驾驶一秒前退出这就是目前自动驾驶功能的完美规避,0
2025/4/1 23:54,哇，这样的话。那所有车企是不是都要负一下责任，毕竟都出过车祸,0
2025/4/1 23:55,至少他的态度。让我感受到一个良心企业和一个良心企业家应有的作为和责任。,0
2025/4/1 23:56,现在的情况是到最后，不是小米的责任也要人道主义负责了吧,1
2025/4/1 23:56,逝者为大 但这个评论咋看着怎么不得劲呢??#SU7爆燃遇难者母亲希望雷军说到做到#,1
2025/4/1 23:57,"第一，车是给人方便，不要一味追求速度与刺激！
第二，“方向盘一定要握在自己手中”！",0
2025/4/1 23:57,不论哪家车辆都写的是辅助驾驶…..,0
2025/4/1 23:57,是这样的//@身骑白马:我这辈子第一次听说，出了交通事故在第一时间不找警察，不找保险，而是找汽车商家的,0
2025/4/1 23:57,看到有这么多帮雷总的我就放心了，真怕他经历网络暴力,0
2025/4/1 23:58,以这种情况，我感觉雷军每个月多得发一次，这么搞下去，每个月股票跌5%，哎留给小米的时间不多了。,1
2025/4/1 23:59,真感觉不是小米的问题，这种情况这种速度，什么车来都不行吧,0
2025/4/1 23:59,一个真正的良心车企，千万别倒下，我还没存够买小米车的钱呢！,0
2025/4/1 23:59,等待调查结果吧 ，永远不要太依赖智驾，智能驾驶只是偶尔辅助驾驶，双手不离方向盘，尤其是高速，特殊路况智驾的脑子是根本搞不清楚的。现在电车越来越快，很多都不是老司机，只有快，还依赖智驾，很容易出事！,0
2025/4/2 0:00,看来我跟很多消费者和网友的感觉是一样，希望事件尽快查清，还消费者一个合理的解释，愿逝者安息，生者如斯。#雷军回应#,0
2025/4/2 0:00,评论区看到的，之言有理,0
2025/4/2 0:01,手不能离开方向盘不是常识吗，首先要对自己的生命负责吧,0
2025/4/2 0:02,我想知道世界上这么多牌子，哪个牌子的车出车祸0伤亡？,0
2025/4/2 0:02,后面两个女的有没有系安全带？,0
2025/4/2 0:02,关注你这么多年，第一次觉得，你作为一个有很多粉丝的博主，在一个自己不专业的领域，在没有任何有效的证据和理论下去带节奏，是一个很下头的行为，也没什么想跟你争论的，取关了，再见,1
2025/4/2 0:02,不太懂车，求推荐一款不出事故的品牌,0
2025/4/2 0:03,其实现在电车车祸，主要就是所谓的智驾。如果不是智驾这个事故不会发生。,0
2025/4/2 0:03,枪打出头鸟，老祖宗说的永不过时[捂脸],1
2025/4/2 0:03,驾驶的害怕赔偿吧，有两个同学！  想让小米赔,1
2025/4/2 0:04,理智看待 无常是相对的 太完美的一切不一定会持续好下去 会有一个好的处理结果的 一定要理性理智啊！！！,0
2025/4/2 0:04,就想问一句：同样的情况换成油车会是什么结果[擦汗],0
2025/4/2 0:05,碰瓷这不是,1
2025/4/2 0:05,汽车，不是随便一个企业，投资就可以造出来的产品。安全才是第一位的。,0
2025/4/2 0:05,我拿刀捅人，人家找厂家,1
2025/4/2 0:06,"刷了一天su7车祸，我已经点不感兴趣了还在推流，头大
1. 高速修路如上图，开116km时速，是正常的吗？
2. 修路指示牌，晚上看不见吗？
3. 低光照和修路，不参考智驾注意事项，开智驾合适吗？
4. 提示接管减速，接管后乱打方向盘（100+时速打22度）是为了不错过路口吗？
5. 96km时速撞墙，油车就不会着火吗？
6. 小电池被撞坏，油车或者带门把手的车，就能正常打开车门吗？",1
2025/4/2 0:06,雷总好样的[赞][赞][赞],0
2025/4/2 0:07,抽象,0
2025/4/2 0:07,逝者安息????，小米不会回避，请大家一起等待调查结果,0
2025/4/2 0:07,驾驶员不是车主，车主在难过的同时，大概率还担惊受怕，担心最终自己要赔偿，联合家属们一起喊话车企，将所有责任推到车企头上。如果这次成功了，那也是万千车主的福音，大家出车祸第一时间就得喊话车企,1
2025/4/2 0:07,到现在都没联系受害者家属,1
2025/4/2 0:08,不逃避问题 出事直面问题  这态度挺好  不过这也说明了  不能完全把生命交给智能驾驶。毕竟智能驾驶只是一个辅助  安全还需要靠个人,0
2025/4/2 0:08,车主该对自己车辆负责，驾驶员该对自身及承载其他人员负责。保险公司和交警该对事故进行相应处理。车企可以配合调查，但不该无妄之灾。,0
2025/4/2 0:09,山西那个事也没见你有这么积极，这么关注车祸，也为其它发生车祸的车主发一下声音呗，，还就是单单为了蹭热度，吃人血馒头呢,1
2025/4/2 0:09,为啥找车企啊，不理解，,0
2025/4/2 0:10,你自己的问题，你问小米干啥[捂脸]。每天那么多事故都去问造车的？,1
2025/4/2 0:10,来了，险恶的商战，今年电车肯定要撕的你死我活呢[捂脸][捂脸][捂脸],1
2025/4/2 0:10,都在说车的问题，有一点大家可能忽略了，就是关于高速驾驶经验，尤其是夜间驾驶的问题，我们应该在事故中吸取教训。现在的年轻人太缺乏对高速安全的敬畏之心了，越是老司机越害怕夜间开高速，而三个刚刚大学毕业的女孩子，大概率是缺乏相应经验的，在辅助驾驶的加持下，会放松警惕，更易酿成事故,0
2025/4/2 0:11,小米是真的被讹上，出事前两次提醒分神，要么驾驶员犯困，要么就是其他原因手离开方向盘，在高速上这本就是严重危险的行为，夜晚2秒种退出noa 也就是在50-60米的距离就已识别到障碍物，这还不灵敏？命是自己的，还有你那个1000km智驾学完了吗，即使智驾再牛，敢夜晚高速上全权交给它？自己驾照白学了,1
2025/4/2 0:11,塑料壳质量太差了,0
2025/4/2 0:11,家属背后有人指点的,1
2025/4/2 0:11,佩服能把命交给所谓智驾的人。手机到现在多少年了，都没一个手机敢说完全不卡不死机的，所谓的智驾，难度比手机大多了吧,0
2025/4/2 0:12,公交车最安全,0
2025/4/2 0:12,永远支持雷总，支持小米[泣不成声][泣不成声][泣不成声],0
2025/4/2 0:13,有的人就是这样，觉得全世界都有问题，就自己没问题，我觉得雷总还是挺不错了，人家也没有回避责任，女孩们的去世大家都深感惋惜，这种结果谁都不愿意看到的，所以以后开车还是建议大家安全驾驶遵守规则，希望所有人都平平安安的,0
2025/4/2 0:13,友商们都开始狂欢了[绝望的凝视],1
2025/4/2 0:13,两个乘客运气真是不好，碰上这样的驾驶员,0
2025/4/2 0:13,胖猫妈妈后继有人了，现在来个诗雨妈妈，牢大宇宙又有新英雄了,0
2025/4/2 0:14,没人赔钱只能找小米赔了,1
2025/4/2 0:15,看来没有好好阅读小米苏七的使用手册。,1
2025/4/2 0:15,雷军是真没得喷,1
2025/4/2 0:16,我是第一次看见车企老板出来为这种事情发话的。,0
2025/4/2 0:17,雷总。车里应该装一个小米摄像头，才知道里面的人在干嘛[捂脸],0
2025/4/2 0:17,伪善[尬笑],1
2025/4/2 0:18,“事出必有因，都等待后续结果吧”,0
2025/4/2 0:18,小米汽车确实不错，雷总的态度更值得赞扬，试问每年出车祸那么多人，各种品牌汽车，请问有一个老总站出来吗？,0
2025/4/2 0:19,虽然但是……理解家属心情，但事情结论出来之前你让雷军说到做到啥？,0
2025/4/2 0:20,想要钱就说呗,1
2025/4/2 0:20,关注,0
2025/4/2 0:20,你把再优秀的完美的手术刀也会是伤人利器，主要看是谁持刀。,0
2025/4/2 0:21,关注,0
2025/4/2 0:23,这波，支持雷总的还是挺多的,0
2025/4/2 0:23,自从小米Su7出来。也没人说我这车没有刹车了[捂脸],0
2025/4/2 0:23,优化智驾，预警信息应该预见性提前，指令车辆提前制动[比心],0
2025/4/2 0:23,也就是小米，你换别的车企看看，谁会管你，所以支持雷爸爸,0
2025/4/2 0:25,哈哈反正这钱肯定是要到了 都这么发了人家肯定给钱,0
2025/4/2 0:25,各位车主吸取教育，车辆出现事故，找车企。,0
2025/4/2 0:25,小米酥7是才出来了几个月,0
2025/4/2 0:26,小米股价跌惨了[流泪],0
2025/4/2 0:26,雷总，我支持你，但是世道就这样了,0
2025/4/2 0:27,明显这家属是想多赔点钱呀，毕竟人没了，肯定是得拉个大腿。因为这事车企市值蒸发800亿,1
2025/4/2 0:27,只能说 自然法则[呲牙],0
2025/4/2 0:27,懂得都懂,0
2025/4/2 0:28,一起事故，为什么要车企站出来表明态度，跟车企有什么关系，买小米汽车的人多了去了，难道出事了就得小米来承担责任吗？都是成年人，做出什么样的事情就要承担什么样的后果，不要摆出一副死者为大的姿态，小米不欠你的，永远相信美好的事情即将发生！！！,1
2025/4/2 0:29,车主很慌，要赔偿2个乘客，没有200万下不来,1
2025/4/2 0:29,这家人认真的吗…,1
2025/4/2 0:29,勾八家属,1
2025/4/2 0:30,因为如果驾驶员违法的话是不是得赔乘车人。。。本来法律也从没有让辅助驾驶承担过责任。目前唯一对驾驶担责的还都在自动驾驶示范区。,0
2025/4/2 0:30,支持小米，支持雷总,0
2025/4/2 0:31,小米车热度挺大,0
2025/4/2 0:31,?      那些老婆跑了的有没有去找媒婆[看],1
2025/4/2 0:33,小米要给你啥说法[快哭了]不是驾驶员撞水泥墩子吗。,1
2025/4/2 0:33,车头都撞没了,0
2025/4/2 0:33,等调查结果吧,0
2025/4/2 0:34,就是车主赔不起了转移注意找个人负责而已,1
2025/4/2 0:34,也是特斯拉赖不上哟,0
2025/4/2 0:35,我都懵逼了！出了交通事故找车商，真是没地方找了,1
2025/4/2 0:35,肯定说到做到，赔一个亿也好过生意黄了。,0
2025/4/2 0:35,靠小米起来的，现在小米出事了去跟风诋毁，去吃流量，果然是喂不饱的,1
2025/4/2 0:36,是不得不直面问题了，压不住了。,0
2025/4/2 0:36,自己开车不负责任,1
2025/4/2 0:36,可怕,1
2025/4/2 0:36,不愧是胡大师 对味了啊,0
2025/4/2 0:37,没有永远不会发生事故的车，小米也是一样，这种情况理论上小米内部要有应急预案的,0
2025/4/2 0:38,这样，不懂里面的人是不会晕的吗,0
2025/4/2 0:39,其实最慌的应该是车主吧,0
2025/4/2 0:39,撞成这样，其实什么车结果都差不多，只是小米现在流量大，跟它挂钩有流量，有钱赔,1
2025/4/2 0:40,任何一个新能源车企，在互联网发达的今天，遇到这事都难逃避网爆，然而，人们却忽视了谁才是第一责任人，车是用来代步的，并不能金刚不坏，唯一能防止发生的事还是要看自己，安全驾驶最重要！,0
2025/4/2 0:40,不是心狠，对死者也是深表同情，但是这一局我挺雷总,0
2025/4/2 0:41,虽然吧，但是小米也是要对车主负责，关这个家属啥事,1
2025/4/2 0:41,我的小米k40我现在还记得，就用了两年，头一天晚上还在用，第二天早上开不开机了,0
2025/4/2 0:41,辅助驾驶多次强调辅助，感觉像是noa然后犯困了，然后反应不过来，撞晕了。,0
2025/4/2 0:42,回应能换回人家三条人命？,1
2025/4/2 0:42,小米产品我喜欢,0
2025/4/2 0:43,建议1、0-100加速，降到6秒以上；2、极速200；解锁只能是特定赛道并且有赛车驾照,0
2025/4/2 0:43,其实智能驾驶也是起到辅助作用，不能完全依赖的，会有紧急情况，比如道路施工临时改道车辆识别不会太远，驾驶人员还是要观察路况的，不然怎么会出现手离开方向盘时间长就会提醒开车人员。理想的智能驾驶高速遇到这种临时施工的也是有距离提醒，至于距离多远这个没估算过。有次我是遇到过改道的，接管时候距离很近了，这样的情况就看驾驶人开车时候的注意力了。勿喷，个人看法,0
2025/4/2 0:43,空气的责任更大,0
2025/4/2 0:43,必须的，小米的产品确实能打！,0
2025/4/2 0:43,这么多事故，怎么避免,0
2025/4/2 0:44,不是吧碰瓷啊驾驶员责任很大吧头回听说出事故先找商家的,1
2025/4/2 0:44,支持雷总,0
2025/4/2 0:45,小米现在事故车都没有接触到，警方也没有发通告，怎么判段车门能不能打开。现在网友的舆论太好引导了,1
2025/4/2 0:46,死者为大。不恶意揣测任何一方，静待事故调查结果。,0
2025/4/2 0:46,这黑料挺好，感觉买车排队时间可以短点[暗中观察],1
2025/4/2 0:46,另两位家长找谁说理去。,0
2025/4/2 0:47,而且她还说谎说小米拖走了车。,1
2025/4/2 0:47,早知道以后开车不买保险了，直接联系4s店[捂脸],0
2025/4/2 0:47,家属：来财,0
2025/4/2 0:47,车祸那么多好像从来没见过找车企的，都是找保险啊,0
2025/4/2 0:48,第一次看见出交通事故，车企出来道歉的，真的，这对吗？开什么车不会出交通事故？这个世界上有安全率百分百的车吗？,0
2025/4/2 0:48,挺那个啥的，唉，这社会啊,0
2025/4/2 0:49,昨天骑哈啰摔了，应该找哈啰总部赔钱的[捂脸],0
2025/4/2 0:50,做到啥？不就是想要钱吗？,1
2025/4/2 0:50,这报警联系车主速度有点快啊，这辆车也不知道谁赔[尬笑],0
2025/4/2 0:50,说句实话 因为小米太火了 流量太大  但凡开的其他的车就不会有这么大的声音  这就是人性 还有就是出事故的第一时间这三个女娃100%是昏迷状态 所以错过最佳逃离时间,0
2025/4/2 0:53,雷总已经很好了,0
2025/4/2 0:53,相信雷总 支持小米,0
2025/4/2 0:54,"雷总真的用心在做车，但是出的那个事件谁能料到，从雷总做车开始就已经看出来了他对车的执念，一直都做得很好，也在努力上进，天算不如人算而已这次
不管小米的手机也好家电也好，各方面都做的很好啊，一直在为群众考虑，听取群众意见，一个从一无所有的街头一步步走到现在的人品咋样都不用说了
不管结局如何，我也永远支持雷总[逞强落泪]",0
2025/4/2 0:54,车子再全能也只是冰冷的机器，普通的车祸，三个生命逝去让人惋惜，但错全推给雷军和小米真是难以理解哈,1
2025/4/2 0:54,真是搞笑，如果我开高德上高速，高德没提醒我前方道路施工然后出了车祸，我是不是得怪高德.....,1
2025/4/2 0:54,我讲实话我知道小米早晚会有这一天，还是平常心的态度对待吧，也别觉得是啥友商投流舆论引导，也别总扣各种细枝末节把责任都推卸给某一方，各方其实都有责任。,0
2025/4/2 0:54,说白了。其他两位大学生的家长肯定会追责。没有座乘险（其实保额也挺低的），车主将面临民事赔偿。这个时候必须要转移责任 必须由第三方兜底。,1
2025/4/2 0:55,难道不是迫于舆论压力才回应的吗？,1
2025/4/2 0:57,也不排除对接拱火 但是大众确实想知道这车到底有没有问题 毕竟安全大过天,0
2025/4/2 0:57,这和小米有关系吗？,0
2025/4/2 0:57,小米su7到底有没有安全感呢[流泪][流泪][流泪],0
2025/4/2 0:59,"这世间没有万无一失的产品，一百个空调还有一个坏的呢
钦佩雷总的情怀与勇气
更感动于雷总的格局与担当
不管事实真相如何
小米是令人尊敬的国民公司
雷总更是令人尊敬的人民企业家",0
2025/4/2 0:59,智驾发现前方修路，提示人工接管闪烁时间17分钟，最后1分钟人工接管了就打方向盘22°，接触时97码。就说全世界21万多22万的价位，就说100万内的车，啥车对撞水泥墩还能有完整的车型？人还能有自主意识开门下车？小米你不欠任何人的，良心国企。,0
2025/4/2 0:59,以前出过事故的车辆也有很多，但因为它是小米，所以坠落的万丈深渊,1
2025/4/2 1:01,今天400公里的智能驾驶，车辆扎堆都是握着方向盘的，当AI识别思考的时候，我们可以退出接管！车少的时候，我们可以用智能驾驶缓解长途驾驶的疲劳！城市道路基本上不用的，反正智能驾驶不是自动驾驶！！！……,0
2025/4/2 1:01,确实有极大需要去研发一下当电池燃烧起来时，会自动缷离车身的自动系统!,0
2025/4/2 1:01,小米烤箱[看],0
2025/4/2 1:03,都学会了没，以后出车祸谁也不找，第一时间就找车企,1
2025/4/2 1:06,什么产品都会有意外，只是互联网传播更快而已，大家茶余饭后的谈资罢了，偌大一个世界人如尘埃，哪天不死人？？ 过好每一天，做好自己。少八卦别人！,0
2025/4/2 1:07,感觉是这段时间雷军太火了，有些人坐不住了,1
2025/4/2 1:08,我认为智能驾驶在高速或者快速路行驶过程中，如果检测出道路旁边有路障等，需要及时判定路面为施工路面，减速至60以下，并及时提醒驾驶员，或者与高德地图或者政府沟通，及时掌握施工路段动态，或许能够避免类似事故的发生，也希望同行友商（特别是理想）也有这种功能，因为我的dream car是理想,0
2025/4/2 1:10,相信科技，相信AI，相信智能驾驶让我们的驾驶体验正变得越来越好，这一趋势我们不会怀疑，不过，透过这一悲剧，我们也应该有足够的警醒：在科技不断进步的当下，我们似乎也不能有超越“安全使用说明书”的“过度依赖”，不能因为某一些特定场景、特定人物的测试视频，就“过度信任”，将自己的生命完全托付到尚未完全成熟的“智能辅助”中！,0
2025/4/2 1:10,小米的智驾跟他的澎湃系统一样[奸笑]不过可以理解，毕竟是东拼西凑的东西还是基于安卓上面的。,1
2025/4/2 1:11,好悲伤，，，，,0
2025/4/2 1:11,一切以警方最后通知为准，现在这是搞哪出,0
2025/4/2 1:12,不愧是厕所 反正就是出事了就希望人家事再大点,1
2025/4/2 1:12,AEB没有触发吗？车门没有打开吗？为什么烧起来了？,0
2025/4/2 1:15,"出事的据说是标准版的su7,不是ultra",0
2025/4/2 1:15,别买纯电车，别买纯电车，别买纯电车！,1
2025/4/2 1:15,股价又要跌了,0
2025/4/2 1:16,一切的起因还是疲劳驾驶或者过度相信智驾造成的碰撞，才有了后面的事情。,0
2025/4/2 1:16,ultra本身就是跑车的性质，你要说禁ultra，那所有的跑车都得禁了。我是小米su7，开车都很小心的。然后小米的智能辅助驾驶已经是所有车厂里设置门槛最多的了，不学习视频做题是不给开放的。借车是要退账号的，这是官方反复提示的。,0
2025/4/2 1:16,6,0
2025/4/2 1:17,我的小米手机从五楼掉下去砸死了一个人，小米没回应我，手机没坏，人砸死了[流泪],1
2025/4/2 1:18,支持军儿，我们都很理智，不会被乱带节奏,0
2025/4/2 1:20,小米想走法律途径，家属想走网络途径,0
2025/4/2 1:20,小米有自己的工厂吗？,0
2025/4/2 1:21,有政府扶持的企业，不可能是产品的问题，拭目以待吧,0
2025/4/2 1:23,不管你开什么牌子的车，只要你自己不注意安全都会有可能出事故，不要再纠结开什么牌子的车，请开车的时候注意力集中,0
2025/4/2 1:23,事在人为,0
2025/4/2 1:25,图片评论,0
2025/4/2 1:28,"其一:别说电车了，就算是油车车头正中心以97码的速度撞击水泥墩都可能引起发动机漏油起火。
其二:本人曾经被后车以40码的速度追尾，撞击后在车上缓了2-3分钟才恢复清晰思维，并就医检查轻微脑震荡，所以我觉得97码速度正面撞击后，车内人员短时间自救可能性不大。
希望大家以后开车上路一定要注意安全，平安无事，在此也为逝者默哀。[感谢][感谢][感谢][感谢][感谢]",0
2025/4/2 1:29,充电宝做明白了吗 就开始卖汽车,0
2025/4/2 1:30,其实就算上千万的车如果车门变形了都打不开，下结论还为时过早,0
2025/4/2 1:30,我也是小米的忠实粉丝，我现在都没钱花了，请小米给我个说法。,1
2025/4/2 1:31,雷军现在出来回应是很及时的，更早些时候还没出调查结果、责任还不能认定之前不适合回应。,0
2025/4/2 1:31,自动驾驶应该是个辅助功能，不是全能的。不能因为有自动驾驶人就可以开车分心。从发出预警到碰撞，根据速度可以算出距离大概在150m左右。夜间高速上正常四五百米外的东西都是可以看得清的。等到车子预警了才发现，说明驾驶人当时根本没有看路！逝者已矣，但我觉得我们是得反思一下，是否因为技术的进步而放松了我们正常该有的警惕？,0
2025/4/2 1:33,高速肯定会开导航的，如果是早早就提醒有道路施工了，还能撞上去就证明车主肯定是分神了,1
2025/4/2 1:34,老胡的职业在古代就是一个门客,0
2025/4/2 1:35,合资车出的事故一大堆没一个吭声，到了雷总这就开始了[捂脸],1
2025/4/2 1:37,车是借来的，如果不能证明是车企的问题，那么原车主会面临巨额民事赔偿。这才是原车主在案件中拼命将话题引向智驾啊失灵啊门打不开啊等等要素的根源[尬笑],0
2025/4/2 1:38,有人在背后推啊，雷总到处都是敌人啊[捂脸],1
2025/4/2 1:39,哟岸田认证了,0
2025/4/2 1:40,一堆公关,1
2025/4/2 1:41,事故者家属的目的已经达到了，让车企来承担另外两条人命的赔偿，雷总可能真的会出于人道主义来进行赔偿,1
2025/4/2 1:42,夜晚 高速 修路 智驾 脱手 分心 97码撞车 我想问什么车能保证没事[尬笑]  这个撞击力度说明白点驾驶位内脏都得碎成满天星 ，后排没系安全带的话 ，骨头断成几节??都震散了 。别提什么车门能不能开了，根本都不是车企的主要问题。[尬笑]车是给人开的 ，自己握好方向盘，珍惜生命，敬畏生命！,0
2025/4/2 1:43,呦 出现了老胡认证,0
2025/4/2 1:46,责任心,0
2025/4/2 1:46,[赞][赞][赞],0
2025/4/2 1:49,这才是顶级的企业[玫瑰],0
2025/4/2 1:49,图片评论,0
2025/4/2 1:50,雷总高水平，希望早日真相大白[玫瑰],0
2025/4/2 1:51,小米未来必将代表中国顶尖的一批高科技企业，这次事件也反映出社会公众对小米有更多期待。实事求是就好，希望未来科技进步可以避免类似事件再次发生。,0
2025/4/2 1:51,雷总有担当，但责任仍需客观分析而定。这种工况下的撞击，恐怕没有多少车辆能够承受。驾驶者的能力，处置，是第一影响因素。,0
2025/4/2 1:54,电车着火率确实高，也不是小米的特征，希望行业可以继续创新下去,0
2025/4/2 1:55,還是得买鸿蒙,0
2025/4/2 1:59,相信小米，相信雷总。但小米希望公事公办不要做让步，有一次就会有第二次！拒绝道德绑架！,0
2025/4/2 2:00,因为按照目前信息来说，很大可能保证不赔//@身骑白马:我这辈子第一次听说，出了交通事故在第一时间不找警察，不找保险，而是找汽车商家的,0
2025/4/2 2:02,你最后说的巨额赔付的问题也欠妥，如果他真这么做了，也会被有心机之人，说它变相承认了它车机问题，这样的话小米会损失惨重！,0
2025/4/2 2:02,如果就算是小米车把的问题，还有别的可能撞击过程中车身扭曲，车把打不开，无论什么问题，小米敢直面问题，之前也又不是没在别的牌子上出过这样的问题，那些牌子呢！？你们的态度呢，怎么未曾听你们出来解决？有多少案子草草了之？,0
2025/4/2 2:04,狂热粉丝，他才像宗教一样,1
2025/4/2 2:08,我不理解的是[捂脸] 咋就一到小米出车祸就这末掀起波澜 别的车 出车祸也没见哪个公司老总回应[捂脸],0
2025/4/2 2:10,你们看车头都碎成咋样的，这么大的冲击力人没死也早晕过去了，小米发出预警到撞车十来分钟她都没避开，很明显要么是在睡觉，要么就是分心驾驶[捂脸],1
2025/4/2 2:13,等这件事发生在你自己身上了，你就知道你自己该找谁了～评论区有些站着说话不腰疼的～,1
2025/4/2 2:13,你在带什么节奏,1
2025/4/2 2:15,之前看电车出事故都是里面的锁打不开，不知道是否记错，我家的电车是比亚迪的，基础款，我妈买了铁锤在车上，说万一出车祸，就砸窗，车烧就烧了吧,0
2025/4/2 2:18,脱手100迈这是老司机能干出来的事吗雷总啊这锅是真不能背凭什么怪小米～小米有什么错,1
2025/4/2 2:22,军儿你睡了吗 我气的睡不着 凭什么欺负你,1
2025/4/2 2:31,哎,0
2025/4/2 2:33,相信雷总，相信小米,0
2025/4/2 2:33,三名死者甚至都不是客户，车是借的……,0
2025/4/2 2:34,各位大佬，咨询一下，我喝酒，头疼，还吐了，很难受的我找谁赔偿，,0
2025/4/2 2:35,小米应该无责，但小米和雷总的表态绝对值得钦佩[赞][赞][赞],0
2025/4/2 2:36,我们相信雷总的人品,0
2025/4/2 2:38,我昨天踢到一块石头，大家告诉我，咋办找老板还是盘古[看],0
2025/4/2 2:40,四月一号上午股票开始下跌，晚上就发文[抠鼻],0
2025/4/2 2:41,前几年特斯拉出了那么多事故怎么没见人找马斯克,1
2025/4/2 2:43,雷总是有史以来第一位车企老总为车祸身亡人员哀悼！也是历史第一个车企老总正面面对舆论的，请大家保持理性看待问题[玫瑰],0
2025/4/2 2:45,带什么节奏，靠着米粉，现在又倒打一耙,1
2025/4/2 2:47,要是智驾真那么厉害 每个车安一个智驾大家何必考驾照[尬笑] 考驾照就是为了开车上路 不要一直依赖人工智能[捂脸][捂脸][捂脸],0
2025/4/2 2:48,不管什么车 都是不能依赖辅助驾驶的[微笑],0
2025/4/2 2:52,那几个大学生为啥要开小车，家里为什么不阻止,1
2025/4/2 2:54,@抖音小助手 @DOU+小助手 @抖音创作小助手,0
2025/4/2 2:58,无论什么车都是只是代步使用，科技进步但不要全依赖智能，安全还是要靠自己眼睛方向盘还是要把握自己手上，毕竟路况因素千变万化。,0
2025/4/2 2:59,该说不说，我虽然不开电车，但是小米官方能拿出来这个态度就已经很不错了[赞][赞][赞],0
2025/4/2 3:01,真的没想到你是一个这样的人,1
2025/4/2 3:08,比起出事故扣标的 自动驾驶行车记录不敢公开的 法人不是创始人的 不要好太多 我已经开始抄底入股了,1
2025/4/2 3:10,任何车跑97公里每小时撞护栏里边人安全的是[赞],0
2025/4/2 3:15,有没有一种可能，万一真是智驾导致事故，算不算司机的责任，那赔偿乘客是不是得由她来买单。智能车机充其量算是辅助功能，怎么能把自己生命交给它。,0
2025/4/2 3:22,车速116km/h，2秒可以行使64米，晚上开车如果开的是远光灯，远光灯大概可以照射距离为 100-200 米，如果没有分心驾驶，在100米以外就可以发现障碍物，不论是变道还是减速，距离完全够用，这些都没有发生，说明司机太依赖自动驾驶，自己也分心了，没有及时接管，从而导致事故发生,0
2025/4/2 3:25,看到一个评论说，车主自己肯定也是赔不起其他两人的赔偿，先占领议论上风。细思极恐。虽然几个孩子很可怜，节哀！但是这是交通事故，让车企解决不对吧。,0
2025/4/2 3:29,关键是燃烧，如果没有燃烧仅仅是一个普通的交通事故而已，,0
2025/4/2 3:29,都发出脱手预警了车就应该减速停车。[捂脸],0
2025/4/2 3:31,翻了评论，还是理性人居多一些。高速路不管方向盘，把自己生命完全交给电子系统，遇到临时改道需逆行的情况，正常人肯定是提前几百米就会发现异常路段并减速驶入，不知道驾驶人在干什么，直到撞击前的2秒才接管车辆，这时候就想着要靠车辆的智驾给你们保命，怎么可能呢？,0
2025/4/2 3:31,想让小米赔其他俩人的钱直说[暗中观察]保险包不赔,1
2025/4/2 3:38,神经病吧，出事故第一时间找车企？找老板？@央视新闻 @新华社 你们不是在大力发展新能源汽车吗？赶紧把带节奏的全封了，油车出事故也没见他们找车企的！,1
2025/4/2 3:41,根据网上爆料的我整理了一下，我的看法就是一起普通的车祸。其次很纳闷新能源那么多出现事故的为啥小米最轰轰烈烈～,1
2025/4/2 3:41,我现在开的就是新能源，等着小米Yu7上市必须买一台，车是代步工具，必须安全驾驶，有良好驾驶习惯。,0
2025/4/2 3:47,雷总好样的,0
2025/4/2 3:51,你非要真就让雷军做个弹射系统,1
2025/4/2 4:18,小米是我最喜欢的，没有之一，无论怎样我都站小米,0
2025/4/2 4:18,什么时候慰问受害人家属呢？,0
2025/4/2 4:19,雷总道歉  我也流泪了,0
2025/4/2 4:28,我切菜切到手了！厂家得给我个说法！！,1
2025/4/2 4:29,什么事情，在没有调查清楚之前，都不要随大流的带偏了，站出事方的角度，是很痛心，站车一方的角度，车也法问题，这是我们看到的大概，但详细的分析，还是要等调查结果出来，才能明白，不要因为，你借我一只鸡，我要算你的鸡从借出门，下的蛋，生的鸡，那是法办法说清的，所以，咱们都得理性点[暗中观察][暗中观察],0
2025/4/2 4:40,电车，不给你生还的机会……不是说门锁死了吗？是不是研究一下，发生碰撞之后，车机系统第一反应就是解锁……,1
2025/4/2 4:42,按照车主的节奏，就算是保时捷也得负责！  他妈的自己瞎搞怨什么车企！ 草他妈的,1
2025/4/2 4:52,主要还是开车以小心为妙，不要盲目驾驶，愿死者安息。在天堂没交通事故。[感谢],0
2025/4/2 4:56,相信雷总,0
2025/4/2 4:57,第一次见出了交通事故。要车企负责，你也是牛逼，bba这么多年车祸少了，有人会去车企对峙？,1
2025/4/2 5:05,雷总有担当,0
2025/4/2 5:11,我毕业了，没工作，我要去找学校麻烦了[你不大行],1
2025/4/2 5:17,他的回复太经典了 我的心情非常沉重 我觉得我应该站出来  哎太经典了,0
2025/4/2 5:21,现在总有人把命交给一个电脑,1
2025/4/2 5:23,建议不要用三元里电池才是爆炸最好的解决方案，磷酸铁锂电池才是正确的选择,0
2025/4/2 5:25,我看经常创变形的，100码撞车多少车能开车门,1
2025/4/2 5:25,电动车的通病就是高速撞击电池容易引发自燃，大家要冷静下来思考一下，造成事故的不是车企而是驾驶员，如果真的是车门打不开造成伤亡的才是车企的责任。,0
2025/4/2 5:26,有理的话    找警察     无理的话    找生产方,0
2025/4/2 5:28,安全不要交给别人！生命必须掌握在自己手中！！！,0
2025/4/2 5:34,"你这个就有点太故意了,开车出了交通事故，我还没听说过去找车辆厂家的，这是什么逻辑？他们又不是事故责任人，虽然看到这条新闻的时候死了三个女孩子，我们都很难过。但是究竟是什么原因，不是还在调查当中",1
2025/4/2 5:37,格局，不推卸[感谢][感谢][感谢],0
2025/4/2 5:38,跟车企有啥关系！还有时间发微博,1
2025/4/2 5:45,新能源重灾区：所谓的电控智能刹车真的有传统的机械刹车好吗？还有就是紧急境况门总是打不开，能不能有办法解决这两个重灾区？！为什么传统燃油汽车就很少有这个现象？也不知道这条评论雷总能不能看见@雷军 @小米汽车,1
2025/4/2 5:56,出车祸第一时间怪车企的首次见,1
2025/4/2 5:56,胡锡进发文是有流量费拿的………,1
2025/4/2 5:58,从前出车祸都去找警察，找保险公司，今天第一次听说找厂家。莫不是价格定的太低了，得罪了同行。,0
2025/4/2 5:59,首先驾驶员才是事故的第一负责人吧，车速97不管油车还是电车撞了基本都是毁灭性的 ，在交警调查清楚前，找车企给说法我是觉得有点为时尚早了 。,0
2025/4/2 5:59,相信小米  相信雷总,0
2025/4/2 6:00,我用小米手机，把眼睛看近视了，请雷总给个说法,1
2025/4/2 6:00,这次赔钱了。下次遇到同样的事又该赔钱吗？,0
2025/4/2 6:00,就冲雷总这个态度，必须买一台小米su7！[赞],0
2025/4/2 6:00,你应该说我不应该挣这个流量[捂脸][捂脸],0
2025/4/2 6:01,大家一定要记住，咱们国家是有交通法的，出了事故，报警，鉴定责任，保险理赔，这是法律程序，不要违法。#小米的朋友们# 汽车#小米新品课代表#,0
2025/4/2 6:03,车还是手动机械锁门，能保命，太科枝，玩不明白，,0
2025/4/2 6:03,@雷军 我这辈子第一次听说，出了交通事故在第一时间不找警察，不找保险，而是找汽车商家的………人不能太老实,1
2025/4/2 6:04,还好我的破车没有智能驾驶，也没有隐藏门把手,0
2025/4/2 6:05,他哪次不说这些公关文是坦诚的？,1
2025/4/2 6:05,应该让吉利的人过去看一下,0
2025/4/2 6:08,唉，遵守交规，安全驾驶，事故率起码减少80%,0
2025/4/2 6:15,这是赖上了,1
2025/4/2 6:15,30年前学车的时候 师傅给我说了一句话  方向盘只有在自己的手上才是最安全的  我们不排斥发展  但是电车猛烈碰撞电池发生自然是不可控的 油车经历了多少年的不断改进才有了后来的一个不起眼的小配件（断油阀）,0
2025/4/2 6:19,我驾驶证十年了。驾龄也有六年，高速开车定速巡航都没开过，有智驾的车也试过，辅助一下还行。高速上完全交给智驾确实信不过，等待调查结果。,0
2025/4/2 6:24,雷总啊，站出来好好管管黑子吧，节奏带的飞起，不管任何情况就是一句su7烧死3人，看看那个小蒜苗，道歉两次了还是一如既往的阴阳，道歉有啥用？,1
2025/4/2 6:24,这个事情最终都是大事化小 小事化无，责任判定都没出来呢，而且这并一定是厂家的问题，一个辅助驾驶功能是不能当智能驾驶来用的,0
2025/4/2 6:24,时速一百  方向22度   只能说两个同学很倒霉,0
2025/4/2 6:25,我想问的是，这车借给别人开出车祸，车主要不要负责？要负责怎么负？,0
2025/4/2 6:25,诋毁小米的都不是小米的目标用户，[捂脸]，有可能是友商，对销量一点影响都没有,1
2025/4/2 6:26,别说智驾了  定速巡航我都不敢用  ，还是把生命交到自己手中可靠?[比心][微笑],0
2025/4/2 6:26,不管是什么车，技术要扎实，平安到家更重要！,0
2025/4/2 6:29,提速真的快电车，手脚不协调的人真难驾驭,1
2025/4/2 6:30,也就是雷军了  看看M7的余大嘴,1
2025/4/2 6:31,可惜了三个花样年华的女孩，父母该多难过啊，节哀！买车开车永远把安全放第一啊,0
2025/4/2 6:31,雷总说，他都记下了，那些因为黑而黑的可要小心了[暗中观察],1
2025/4/2 6:32,我在想既然系统已经检测到障碍物，这种情况下不如强制用户不能接管，或许事故就不会发生了,0
2025/4/2 6:32,不评价车怎么样，只想说各位开车一定要注意安全！大家都平平安安到家[泣不成声][泣不成声]（不是说他们危险驾驶的意思),0
2025/4/2 6:32,好像不久前刷到一个车主开通智驾，睡着了，一觉醒来竟车子竟然自己下高速到家了，最后交警判定车主违规安全驾驶，智能驾驶只是辅助功能。,0
2025/4/2 6:33,不管开啥车，就算是步行上路了都要注意安全第一[玫瑰],0
2025/4/2 6:33,相信雷总，小米加油！,0
2025/4/2 6:33,出事故第一时间不走保险  却走车企 雷总太难了 ，,0
2025/4/2 6:33,搜索中国消费者报置顶微博,0
2025/4/2 6:33,又不是雷总开车带着撞上去的,1
2025/4/2 6:34,我就是这么想的[捂脸]宝马奔驰的出事 也没见有人找过宝马奔驰的老总的,1
2025/4/2 6:34,不是维护小米，正常情况是现在是在调查阶段，车企也不好说什么啊！这么急着让车企承担责任怕也是不妥吧！,0
2025/4/2 6:35,这种情况，确实想维护雷总，同样的事件，如果不是小米，肯定不会如此沸沸扬扬！,0
2025/4/2 6:35,希望胖东来女顾客因为裤头的事作为前车之鉴，可以合理诉求，但是要以法律事实为根据，为自己好也为别人好！但是心情都可以理解，也希望家属一切安好 我们要相信小米相信雷总作为有责任的企业家已经实属难得，要保护好这样优秀的企业家，但也要在法律框架内和足够有温度的解决好！愿一切安好！,0
2025/4/2 6:36,97的速度撞上去人可能都蒙了，在一紧张可能啥都忘了……,0
2025/4/2 6:37,哪里都有胡锡进,1
2025/4/2 6:37,真正的老司机相信，只有方向盘掌握在自己手里，刹车在自己脚下，才是最踏实的。。。,0
2025/4/2 6:37,别吹了,1
2025/4/2 6:38,回复消息,0
2025/4/2 6:40,好人被人欺啊，就想在雷总身上狠狠捞一笔[捂脸],1
2025/4/2 6:40,雷总是把消费者放在了心上，真诚才是必杀技,0
2025/4/2 6:40,不管开什么车，不管什么时候，注意力都要高度集中，特别是晚上,0
2025/4/2 6:41,有担当是好事，是企业家的良心，但是不能被某些人过度利用，过度消费。支持小米！,0
2025/4/2 6:41,等调查,0
2025/4/2 6:41,雷军还是我先知道这个车祸！,0
2025/4/2 6:41,不要欺负雷总老实人,0
2025/4/2 6:42,过路的车没有灭火器 大货车没有灭火器 都怪他们没有及时灭火,1
2025/4/2 6:43,老赖 一个,1
2025/4/2 6:43,死于车祸的人太多了 谁都不愿意看到 开车注意安全 希望大家都平平安安的,0
2025/4/2 6:43,深夜开车+标准版不带激光雷达+开自动驾驶 +速度116+道路反向改倒+3个女生   仔细想想 太冒险家,1
2025/4/2 6:43,啥都不用看，看那个男朋友最近2年有没有给女主买人生意外险。,1
2025/4/2 6:44,无需道歉，难道刀砍人了要找卖菜刀的吗？,1
2025/4/2 6:44,我搞不懂自己的驾驶技术不过关 为什么要去把责任强加到别人头上,1
2025/4/2 6:45,中国新闻网报道的,0
2025/4/2 6:45,相信小米，相信雷总!大家不要被某些别有用心的人带节奏!静等调查结果。,0
2025/4/2 6:45,是不是每一台车发生了事故，都要去找这台车公司的问题。比如宝马出问题就找宝马公司？我不太懂车。但从数据看，感觉是驾驶员可能没有太专心。可能我得不对，不管怎样，逝者安息，车有问题也及时改进。新事物的产生，总是曲折漫长的，但是也是向上的。,0
2025/4/2 6:47,特斯拉之前出那么多事故，你看马斯克回应了吗？,0
2025/4/2 6:51,这不先赖上车企，司机和车主都要赔其他两家的，明眼人一看就知道什么心思,1
2025/4/2 6:51,出了事故，第一时间不是应该找保险公司吗？怎么开始找车企了？,0
2025/4/2 6:52,高速碰撞这是因，与车企有毛关系。高速碰撞结果和不确定性太多，等调查结果 再评价吧,0
2025/4/2 6:53,你调查一下，车企下，车子出事故，有那个老总主动站出来回应问题的，说真的雷总真的做的不错,0
2025/4/2 6:55,企业发展中遇到问题正常，要有面对困难的勇气，切实担当起责任！,0
2025/4/2 6:56,小米无责，雷总无责！,0
2025/4/2 6:57,如果没有智驾系统，就不会有人使用它了，说白了，就是智驾系统技术不过关。就比如直播打赏，很多小孩，未成年的人在无知的情况下直播打赏很多钱给主播，如果没有打赏功能，就没有办法打赏了。同样的道理，智驾系统技术不成熟，就不要安装，既然安装了，人家肯定用，所以只能取消安装智驾系统。建议所有车都不可以安装智驾系统，取消[呲牙],1
2025/4/2 6:57,车被小米拉回北京、小米避而不见、专项小组成立真假存疑、车门打不开……这些未经证实的消息好像都是她们家人说出来的吧。固然悲痛，也要遵循客观事实。 雷总出面了，这事如果是小米的问题绝对一点都逃避不了。但带头无脑喷和道德绑架也要承担责任！,0
2025/4/2 6:58,胡锡进退自如,0
2025/4/2 6:58,爆燃啊，我的天，三条年轻的生命，三个家庭,0
2025/4/2 6:58,道德绑架了??,1
2025/4/2 6:59,别的车也出车祸着火过，但是这是我第一次见一个车企的CEO站出来发言[泣不成声]他的真诚让我知道他的态度没有回避问题，看到了他真的想做好车，待人真诚,0
2025/4/2 7:01,小米这次真的踢到铁板了，实在无辜,0
2025/4/2 7:01,就是智驾的技术还不成熟就贸然使用，还有啥可解释的。[微笑][微笑][微笑][微笑][微笑],0
2025/4/2 7:01,怎么还没抓起来,1
2025/4/2 7:02,老余看了高兴的很[看],0
2025/4/2 7:02,人血馒头你都吃，带节奏太明显了吧,1
2025/4/2 7:02,为什么要提速太快，为什么不能开门，不要骗人钱，安全第一真的吗，太复杂了没用，智驾哎负责负责，可怜孩子都没有了，,1
2025/4/2 7:03,劝大家一句，新能源电车不要买不要买,1
2025/4/2 7:03,死了三个人，夸他坦诚,1
2025/4/2 7:03,拿到驾照三个月的新手上高速,0
2025/4/2 7:03,望各方理性看待，等待官方结果。未得事情全貌，切勿妄下定论。,0
2025/4/2 7:04,这换哪个老总会发这个啊[宕机][宕机][宕机],1
2025/4/2 7:04,要是换成油车的话绝对不会酿成这次悲剧,1
2025/4/2 7:04,我躺在床上都快饿死了，家具厂商居然还不来送吃的[捂脸],0
2025/4/2 7:07,唉，不管什么车，慢点开，给大脑和身体一个反应时间，希望开车的人都平平安安,0
2025/4/2 7:07,胡说个话就能上热搜，她能赚多少钱一条微博？,1
2025/4/2 7:08,能这么多智能的东西，，开车这个东西还是交给双手最安全。,0
2025/4/2 7:08,为什么这么多人针对车企？这段维修的路段为什么没有限速提醒？按理都会有喇叭或者指示灯提醒减速通过.老司机晚上跑高速对这种路段都不敢那么快速度，一个新手根本反应不过来.,0
2025/4/2 7:10,自己开车不操心，最大责任人是开车的司机，！！另外小米车门，有手动机械开门的,0
2025/4/2 7:11,目前没有证据表明小米车的问题，特斯拉之前也有类似的情况。为什么车祸要追究车商的责任[裂开],0
2025/4/2 7:12,没有安全的车，只有安全的司机[感谢][感谢],0
2025/4/2 7:12,虽然很遗憾，但这和小米关系……,0
2025/4/2 7:13,比亚迪老王说的对，造车不是要豪华无人驾驶，安全是最好的豪华,0
2025/4/2 7:13,新手女司机施工路段116码的自动驾驶也是牛逼buff拉满了,1
2025/4/2 7:13,小米啥时候可以研制一个可以快速灭掉新能源电池着火的技术，直接装在车上，如果研制出来了小米将是汽车圈的在世华佗！,0
2025/4/2 7:14,雷总有担当,0
2025/4/2 7:15,出事故不找保险，不找车主，反而先找车企真是奇葩[捂脸][捂脸][捂脸],1
2025/4/2 7:16,去年看了一个小米的车祸后，就对小米路转黑了，速度太快了，没有一点安全感,1
2025/4/2 7:16,你最开始应该是靠小米才有人关注你的吧，现在又落进下石，真行,1
2025/4/2 7:17,最大的问题是自燃，其次是锁车打不开,0
2025/4/2 7:17,"新闻姐结尾写的[比心][比心][比心]
而无论是对于逝者，家属还是企业，希望我们保持理性和尊重，耐心等待后续的调查结果
[赞][赞][赞]",0
2025/4/2 7:19,小米走法律程序，家属走网络程序,0
2025/4/2 7:19,强烈建议这位家长开个直播带货 在这个互联网的时代肯定赚得盆满钵满,1
2025/4/2 7:19,一个字，钱[九转大肠],0
2025/4/2 7:19,每天都有大量的车祸死人你听说过有找造车的？[呲牙],1
2025/4/2 7:20,胡以为自己能左右舆论。,1
2025/4/2 7:21,现在出个车祸，车企就得出面，驾驶者什么玩意儿,1
2025/4/2 7:21,他说他痛心 我真的没看出来 这事已经发生三天了  他昨天还在那营销他故乡的樱花 还有说小米不回避责任但是为什么今天这个事才爆出来,1
2025/4/2 7:22,雷军太难了，风口浪尖，没办法,0
2025/4/2 7:22,我昨天吃完卫龙直接嗓子疼 喝了三斤水 卫龙厂商什么时候联系我,0
2025/4/2 7:23,出了事故就找车商，这是什么理论,1
2025/4/2 7:23,都找车商 那要保险公司干嘛,0
2025/4/2 7:23,雷总一年卖二十万车，每个出车祸都挂上雷总，那这老总可太忙了,1
2025/4/2 7:24,官方一纸文书立马搞定等就好了,0
2025/4/2 7:25,[平安果][平安果][平安果][玫瑰][玫瑰][玫瑰][赞][赞][赞],0
2025/4/2 7:26,高位套现400亿。[捂脸],1
2025/4/2 7:26,不就是多想要几个钱嘛还说到做到,1
2025/4/2 7:26,关键是人开的，太相信智能了。。。,0
2025/4/2 7:27,驾驶的车出事故能找生产商那以后就买小米汽车还每年多省了好几千块保险费，我看是一项不错的选择。,0
2025/4/2 7:27,这年头敢半夜在高速上用L2级别智能辅助驾驶双手不摸方向盘且注意力绝对不集中的（不用给我抬杠，如果注意力集中还能出这事故真是邪门）都是狠人。敢开一台不带激光雷达纯视觉方案的车在半夜高速上打开智驾是狠人中的狠人，最后总结一句，科技造福于民，人要对科技存在敬畏之心。,0
2025/4/2 7:28,小米汽车是汽车中的“网红”，正面负面消息都会被放大化，此事我个人并不认为雷军应该承担什么。,0
2025/4/2 7:28,我信雷总，该负的责任他肯定会负，但不是他的责任就没必要乱负。,0
2025/4/2 7:28,为什么非得揪着雷军啊,1
2025/4/2 7:29,说实话就是看雷总好说话才这么敢的[捂脸][捂脸],1
2025/4/2 7:29,发文而不是暂停销售寻找原因！,1
2025/4/2 7:30,这样说吧，不要忘记初心，学驾照开车是为了方便自己，智能辅助驾驶技术是为你提供最优质的驾驶体验，不是让你把生命交给智能驾驶，把自己的生命交给智能汽车发挥，你的想法就注定了结果，所以说时代在进步我们的自我保护意识变弱了，变懒惰了，相信智驾都不相信自己，智驾系统是你在危险驾驶途中，能够提高你的安全概率。有概率的东西还是谨慎一点。希望我们以后时刻谨记安全出行谨慎开车，一路平安，[玫瑰],0
2025/4/2 7:30,无论发生什么，小米都不会回避，我们将持续配合警方调查，跟进事情处理的进展，并尽最大努力回应家属和社会关心的问题。??????,0
2025/4/2 7:31,感觉不像是要说法，是要米来了，有人给他们支招呢[黑脸][弱],1
2025/4/2 7:31,智能驾驶就是这样，出了事就说提醒司机介入了[微笑],1
2025/4/2 7:31,君子雷人设是真的好,0
2025/4/2 7:31,考不上大学，怪试卷难，同学多[流泪][流泪][流泪],1
2025/4/2 7:32,这不是大煽人的人设又加重了一分,1
2025/4/2 7:32,支持雷军，一个严重车祸而已，查查发酵此事件背后指使方，居心何在？,1
2025/4/2 7:33,取消电车！不要害己中国人了！,1
2025/4/2 7:33,开始赖上了,1
2025/4/2 7:34,此次事故有可能给智驾一次变革,0
2025/4/2 7:34,纯纯是个??比少子,1
2025/4/2 7:35,还是电池问题！,0
2025/4/2 7:36,从公布的信息看，感觉还是人为因素更大，一次分心警告，一次脱手警告，但过了8分钟才接手，应该是察觉到出问题了，才紧忙接手,0
2025/4/2 7:36,15年老司机觉得还是驾驶员太年轻了，太相信智能化了，我也喜欢小米，但是我不会在高速上还是夜晚开着智驾行驶。,0
2025/4/2 7:37,真服了，开车开不好找企业[流泪] 就支持雷总,1
2025/4/2 7:38,不懂就问，小米车为什么会在那个时候把车门锁死？,0
2025/4/2 7:39,智驾模式跑高速 本身就有错,0
2025/4/2 7:40,半夜110公里时速高速上双手脱离方向盘还不看路怪车？,1
2025/4/2 7:40,赞同,0
2025/4/2 7:41,两个闺蜜家属不找车主家属赔钱也是神人。,1
2025/4/2 7:42,我很敬重雷总，也很佩服雷总，能帮一点是一点，咱们老百姓只能尽自己的微薄之力了。,0
2025/4/2 7:42,要我说，小米只是造车卖车的，一起交通事故和车企有多大关系，讲道理嘛,0
2025/4/2 7:42,相信真相，相信雷总,0
2025/4/2 7:43,我个人觉得开车出现问题，驾驶员是第一责任人，要知道车祸那么多，难道出现车祸都要汽车厂家来承担责任？去谩骂汽车厂家？这也太不合理了，一切等调查清楚吧，一场事故当然感到很惋惜，但是应该客观看待问题，不能乱找原因。,0
2025/4/2 7:44,都是成年人了，拿到驾照的那一刻就要对方向盘表示敬畏！,0
2025/4/2 7:44,好坦诚，30号还在发布赏花照片,0
2025/4/2 7:44,车好端端的为啥跑水泥护栏上去了[尬笑],0
2025/4/2 7:45,说到做到的意思就是驾驶员自己负责,0
2025/4/2 7:45,该报警报警，该找保险找保险，最后如果发现是车的问题，再找车企，而不是一上来就是：小米没来处理！出了事找厂商 我还是第一次见,0
2025/4/2 7:46,我用小米手机狠狠的砸我的脑袋，我现在已经是智障了，雷总可以负责我下半生吗[比心][比心][比心],1
2025/4/2 7:46,我觉得不是门打不开，高速撞车直接就晕了基本上[流泪],0
2025/4/2 7:48,网络太可怕了 ,0
2025/4/2 7:48,废话真多，一句话赔不赔，慰问有屁用,1
2025/4/2 7:49,看这么多视频。就听你讲的舒服。,0
2025/4/2 7:50,听其言，更要观其行。,0
2025/4/2 7:50,真是人怕出名猪怕壮，全国这么多车祸，没见哪个老总出来的，支持雷军，支持小米，自己玩不明白车，就谁也别赖,0
2025/4/2 7:50,现在争议点是为什么门打不开，电池危险都知道，这个撞击起火没办法避免。,0
2025/4/2 7:51,这是蔚来传统车门内拉手，用起来方便又安全，蔚来对安全方面有自己的定位和要求[赞][赞][赞],0
2025/4/2 7:51,电车也太容易起火了吧,1
2025/4/2 7:51,看到新闻说“小米su7……”，其实真的很疑惑，啥牌子车都可能出事故。为啥小米车出事故要车企应对,0
2025/4/2 7:52,之前特斯拉，比亚迪什么的怎么没见人找,1
2025/4/2 7:52,驾驶人是第一责任人，虽然抱歉，但母亲不单纯,1
2025/4/2 7:53,专心驾驶，比啥都重要，生命是自己的，智驾是让你有更好体验，不是让你完全依靠，安全无小事。,0
2025/4/2 7:54,[玫瑰],0
2025/4/2 7:54,道德绑架,1
2025/4/2 7:54,一着火车门就打不开，这个问题很难解决吗,0
2025/4/2 7:55,SU7爆燃遇难者母亲希望雷军说到做到……,0
2025/4/2 7:55,必须公布录音,1
2025/4/2 7:56,这能怪厂家吗？除非是设计缺陷。,0
2025/4/2 7:56,谁告诉你车门打不开的,1
2025/4/2 7:56,这不是那啥吗？,1
2025/4/2 7:56,自己开比任何都稳妥，相信别的不如自己手握方向盘，高速车速这么快，安全第一。,0
2025/4/2 7:57,法拉利出事人烧死了，车企理都不理[捂脸],1
2025/4/2 7:57,智驾初衷是辅助驾驶员，不是代替驾驶员，还是建议大家专心开车，不要把生命当儿戏，对自己及车上的乘客负责，愿逝者安息，愿大家平安,0
2025/4/2 7:57,一个半路出家造手机的，心血来潮造汽车也有人真敢买，就算是一个新品牌的手机都要更新几代才更好用，汽车这玩意儿是拿事故更新的，这点道理都不懂？[捂脸],1
2025/4/2 7:57,车主又不是直接撞死的，车主不也是被自燃烧死了吗，别的电车自燃你们没有骂过吗，怎么到小米就是一顿洗，人三个人拿生命是不是证明了小米也自燃，小米也会有撞车难以逃生的情况,1
2025/4/2 7:58,我的天，啥车撞了不危险？车子是人开的！你要一味追求轻松，那真的轻松了你又怪别人了,1
2025/4/2 7:58,估计就是驾驶员不看高德地图前方施工。夜间行车。前方安全意识。辅助驾驶不是自动驾驶。如果萝卜快跑出事那是车企。辅助驾驶驾驶员永远是第一责任人，法律条款写的,0
2025/4/2 7:59,这并不代表，是小米的问题，而且代表雷总总是能第一时间承担起他该承担的责任,0
2025/4/2 7:59,666,0
2025/4/2 7:59,雷总还是可以的，第一时间赶往现场。这是他责任在驱使他，不能不管不顾。这么大的企业家。他现在内心也很沉重。,0
2025/4/2 8:01,这就赖上了,1
2025/4/2 8:01,意思就是电池做不到不起火吗？,0
2025/4/2 8:01,不要贸然批评小米，等待最后结果,0
2025/4/2 8:01,昨天做梦yu7预售价19.99[泪奔]我要买,0
2025/4/2 8:02,丧事喜办？,1
2025/4/2 8:02,大S军儿当天就发文哀悼。,0
2025/4/2 8:02,其他豪车，特斯拉也会出事,0
2025/4/2 8:02,肯定做不到啊[看],1
2025/4/2 8:03,你……//@热推VIP:我说的对吗,1
2025/4/2 8:03,要被猴挠了,1
2025/4/2 8:03,心大,0
2025/4/2 8:03,被胡??搅糊了,1
2025/4/2 8:03,116速度撞了！油车又怎么样,1
2025/4/2 8:03,运城事故一年多了，问界至今没给答复,1
2025/4/2 8:03,看现在还有人嘲讽老余的高阶智驾不，这完全不是一个档次的产品。,1
2025/4/2 8:04,门能不能打开，现在不知道！不是打不开,0
2025/4/2 8:04,车速太快，ab柱变形的话，车门确实打不开,0
2025/4/2 8:04,把工作重心放在安全上  不要再追求速度了  相信你雷神[赞][赞][赞],0
2025/4/2 8:04,心大才能开好车嘛,0
2025/4/2 8:04,老胡不会批雷军，甚至是任何车企,0
2025/4/2 8:05,假仁假义也叫坦诚了,1
2025/4/2 8:05,以后货拉拉可以不用装货了。。。,1
2025/4/2 8:06,完全在转移视线，没有正面回答问题,1
2025/4/2 8:06,其他车也会出事呀，雷总没问题,0
2025/4/2 8:06,雷总就是会做营销，4S员工没加班费，没双休,1
2025/4/2 8:07,雷军就不奇怪了那是真的玩得起,0
2025/4/2 8:07,今天喝开水烫到了，热水机厂商啥时候给我赔点[干饭人][干饭人][干饭人][干饭人],0
2025/4/2 8:07,没有激光雷达的智驾不应该允许上路，这就是血淋淋的教训！,0
2025/4/2 8:07,昨天喝水差点呛死，是找水厂老板，还是水神共工[宕机][宕机][宕机],0
2025/4/2 8:07,去年小鹏也有一起，下雨天国道出事将近150的速度，人都烧成灰了[微笑],1
2025/4/2 8:08,还是燃油车安全性高！,0
2025/4/2 8:08,肯定能做到啊，,0
2025/4/2 8:08,应该设计成自动驾驶不能超过50-60码，[比心][比心][比心],0
2025/4/2 8:09,雷总格局[赞][赞]事实改变不了，生命已不复存在，大家都替她们感到惋惜，希望家属们早点从痛失孩子的阴影中走出来[一起加油][一起加油],0
2025/4/2 8:09,#SU7爆燃遇难者母亲希望雷军说到做到#这好么，出事了找厂家不找交警找保险公司……,1
2025/4/2 8:10,出事故就找车商，那全世界车商早就赔破产了吧,0
2025/4/2 8:10,总感觉，这是友商在推波助燃[看],1
2025/4/2 8:10,太痛心了，三个年轻的生命，可想而知她们当时有多绝望，希望广大车友们，不管您开什么车，自己双手双脚操作最为保险，瞌睡了就休息，心情不好就停车调整。智驾总归是智驾，智驾也有缺陷，更何况人走路也有摔倒的时候，所以希望广大车友尊重自己的生命安全。,0
2025/4/2 8:11,跑长途，除了咖啡，红牛，还有什么是可以提神醒脑的？,0
2025/4/2 8:11,再牛的汽车也会遇到事故。怎么遇到了事故就都是汽车的问题？？？还没公布事故原因就出来一帮大神分析是车的问题！！谁能保证开车不出事的不是汽车，而是神仙！都理智客观点吧！,0
2025/4/2 8:12,下次我小米体重秤电池没电了，也找雷总赔偿,1
2025/4/2 8:12,这不是奔驰宝马奥迪宣布和华为合作了吗，明年BBA智驾出事的肯定多，把智能驾驶当无人驾驶开，那就是对生命的不负责。,1
2025/4/2 8:12,传说是传说，这是皇军的官方认证,1
2025/4/2 8:13,我实在想不到现在所有的交通工具有哪一个开到116的还能保证人没事的,1
2025/4/2 8:13,虽然，但调查结果还没出来，这就是道德绑架了…,1
2025/4/2 8:13,得先把事情调查清楚啊，车企还能跑路是咋滴，买个跑车就去高速驾驶，自身选择的危险驾驶也得承担一部分责任吧,0
2025/4/2 8:15,真可怕，逝者安息,0
2025/4/2 8:15,图片评论,0
2025/4/2 8:17,必然的,0
2025/4/2 8:17,问题是为什么没有接触到事故车？真的还是假的？这意思是新能源车公司可以远程调取自家车辆的所有动作吗？,0
2025/4/2 8:17,要记住车比人凶啊,1
2025/4/2 8:18,这出了事故为什么第一时间找车企啊，就因为把车卖给你了吗,1
2025/4/2 8:18,车厂出声的，估计只有小米雷总了，其他的都在撇清责任和保持沉默，甚至…,0
2025/4/2 8:18,家属所说的 没有接到小米任何慰问电话 是没有接到雷总本人的吧[捂脸],1
2025/4/2 8:18,汽油可以做到不着火吗[捂脸],0
2025/4/2 8:18,哦哦   我开五菱宏光的   那我以后有什么事  第一时间找五菱,0
2025/4/2 8:18,我开车15年了，我想善意的提醒大家两点事情:1、晚上没有什么特殊情况尽量不要上高速，晚上上高速挺危险的，尤其是对新手来说。2、当路段因施工修缮用路障封闭道路时要及时减速，车速要控制在60以下。 愿所有车主一路平安！,0
2025/4/2 8:19,雷总，别的车也会出问题，只是你太有名了。,0
2025/4/2 8:19,太好了 游戏我有点破防了 我将要腾讯 网易给我一个说法[赞],1
2025/4/2 8:19,雷军到底是杀了多少狗的父母啊，让这些狗如此憎恨雷军,1
2025/4/2 8:19,全球有任何一家车企敢保证超出100%正面刚性碰撞安全碰撞标准接近四十迈的情况下，车内人员以及汽车依旧安然无恙的吗,0
2025/4/2 8:20,他原本可以不站出来……,0
2025/4/2 8:20,事故成千上万，只有小米被喷，哎,1
2025/4/2 8:20,做不到，但是有逃生的机会，电池车没有机会[灵机一动],0
2025/4/2 8:20,雷军快走皮带哥的路了！感觉,1
2025/4/2 8:21,以前帮老板开车的时候，都是叮嘱开车一定要让，然后开高速的时候如果疲惫了一定一定要下服务站睡一下，或者是让他亲自开[捂脸]，让我不要硬顶。老板说安全第一，交通意外猛如虎，出事就是那么零点几秒，出事了再找是谁的责任已经没有意义,0
2025/4/2 8:22,这人吧，走在路上看手机被路上的石头绊了一跤，你猜怎么着？嘿，第一反应就是骂石头,1
2025/4/2 8:23,上次雷克萨斯高速撞车起火车门打不开 里面的人活活烧死 咋不见他们找雷拉萨斯赔偿呢,1
2025/4/2 8:23,我觉得，先看看事故认定书。目前公布的，据说提醒过小姐姐，手离开方向盘了,0
2025/4/2 8:24,开车还是要谨慎驾驶，安全驾驶最重要,0
2025/4/2 8:24,呵呵,0
2025/4/2 8:24,很多人其实驾驶习惯和驾驶的技术不好,0
2025/4/2 8:25,车门打不开，AEB宣传时候秒天秒地，出车祸就限定条件，救出来一个还是砸碎后车窗拉出来的，电池起火是电车最大的安全问题了都，真就往智驾硬带，怎么的就算手动开撞了电池就能起火呗？压三天热搜，套现完了？,1
2025/4/2 8:25,110时速，自己操作撞护栏，这种情况，朋友们有没有车子推荐一下可以保我一命,0
2025/4/2 8:25,狗是不见热屎不出头的,1
2025/4/2 8:25,胡锡进跟雷军肯定是一路的。,1
2025/4/2 8:26,支持，因为已经打破了所友商的态度,0
2025/4/2 8:26,雷神真的太不容易了,0
2025/4/2 8:26,终于有个人说出我心里话[赞][赞]帅哥你说得好详细，你真帅[666][666][666],0
2025/4/2 8:26,胡后炮说了一堆废话,1
2025/4/2 8:26,丧事喜办,1
2025/4/2 8:26,告诉我。小米有什么错吧[泪奔],0
2025/4/2 8:27,好几次有路障，小米都给我紧急停了[看],0
2025/4/2 8:28,他打从被关小黑屋出来后，就不敢说真话了,1
2025/4/2 8:28,一直有个疑问：她如果不接管的话会不会有生还的可能,0
2025/4/2 8:28,态度不诚恳，他的工作组根本没联系家属,1
2025/4/2 8:28,评论区大部分一边倒，你们说这些话之前确定车没有问题吗[打脸]无论如何生命高于一切，你们对死去的人一点尊重也没有，这年头真是什么死人钱都敢挣[打脸],1
2025/4/2 8:29,事实证明企业不能太火，太火了就会引来嫉妒，但凡有点风吹草动还没有结论就会引来各方关注。,0
2025/4/2 8:29,胡锡进是干嘛的,0
2025/4/2 8:29,图片评论,0
2025/4/2 8:29,kml都要被扎成刺猬了,1
2025/4/2 8:30,雷总还是太善良了 我支持雷总[微笑],0
2025/4/2 8:31,雷军是坦诚的,0
2025/4/2 8:31,这个厂商的真的是一点不尊重他的用户，公关的目的就是把责任往用户身上推卸。,1
2025/4/2 8:32,断轴事件重现罢了,0
2025/4/2 8:32,什么情况，还不能客观的说句话了[捂脸],0
2025/4/2 8:33,支持雷总,0
2025/4/2 8:33,什么事都有他。,1
2025/4/2 8:34,好多道德绑架啊！事故调查没出来，也不能直接先把人家雷总架起来啊！最后该是谁的责任谁也跑不了啊！逝者安息。????。。雷总加油，希望小米越来越好。,0
2025/4/2 8:34,雷总有态度，等行动和结果！,0
2025/4/2 8:34,开高速我老公叫我开智驾我都不开，说可以轻松些，但我还是不敢，我还是相信我自己的脚[笑哭],0
2025/4/2 8:37,哪都有哪个胡锡进，之前被封为啥要给他解了,1
2025/4/2 8:39,买了小米空调，吹感冒了，雷总，赔我精神损失费,1
2025/4/2 8:39,100码里面的人是昏迷状态,0
2025/4/2 8:39,破案了 开车玩手机导致的 男方自爆了 不信的等jc恢复聊天记录公布吧,0
2025/4/2 8:39,本着对生命负责，新能源车真的要限速限马力限智驾，安全最重要,0
2025/4/2 8:39,还用他称？他算老几，一副指点江山的样子。其实呢，体制内苟活下来的势力而已！,1
2025/4/2 8:40,智能驾驶终究还不是无人驾驶[看]，我车只有L2，还没体验过智驾,0
2025/4/2 8:40,[捂脸][OK],0
2025/4/2 8:40,这不是应该做的吗，发个申明就是可以了吗？主要还是看后面怎么做，说的比唱的好听的人大把在呢,0
2025/4/2 8:40,叼盘的言论只能逆向思维理解,1
2025/4/2 8:40,这种封路最少提前十公里就有明显的道路提示，高德导航也提示，驾驶员根本没理，，第二突发情况驾驶员一脚重刹车就可以降到五六十码，。可惜驾驶员刹车只踩了 31%，还左右打了方向盘，只能说明他当时根本没在驾驶不知道路况。,1
2025/4/2 8:40,这人居然还活着,1
2025/4/2 8:40,全网封了三天，这叫担当,0
2025/4/2 8:41,出个车祸 车企老板居然亲自回应 小米车主表示 车很好 没问题 我是新手 有一次走神差点撞到交警 然后车子自己紧急制动了 我很庆幸 不过以后开车会打起十二万分精神 不能因为智能 自己就可以分心 要对自己负责,0
2025/4/2 8:41,不出来说话，雷军你怎么不说话，小米鸡贼用粉丝最少的发言人账号发表回应 雷军说话:公关典范，回应给家属压力，糖完了,1
2025/4/2 8:42,兄弟姐妹们，礼貌的问下[九转大肠]，有没有老司机给我推荐一下买什么车。预算20w，自从鼻炎全愈后。不惧气候变化了。一直想开远一点的地方旅游[泣不成声][泣不成声][泣不成声],0
2025/4/2 8:42,理解吧，水军很多的，话术也很多，都是各种控评，我就一句话有些人这么舔猴车，就是不知道你骑车时猴车在你旁边你怕不怕,1
2025/4/2 8:42,你用追爱豆的想法这样思考当然糖丸了，毕竟这里面没说雷军回应,0
2025/4/2 8:42,如果非要讲，整个事件中，最无辜的只有另外两名女生，他们几乎完全不能主宰自己的命运，现在的疑点是，驾驶员是否全责？因为如果没有直接的撞击，根本不会发生后来的起火。如果驾驶员不是全责，那是否会负主责，取决于是操作不当导致的撞击还是智驾的问题。,0
2025/4/2 8:42,现在的车很多功能看起来好高级，但还是需要司机自己注意，高速还敢智架，说明心也大，人家车企这些功能也是在特定道路测试用，开车要注意安全，对自己和他人负责，如果是白天更不敢想象了，逝者安息不再评论，活着的人以后开车请注意安全,0
2025/4/2 8:42,悲剧之深，敬畏之心当有。,0
2025/4/2 8:42,自驾还是需要的 只能是辅助人家也说了，只能辅助，并不是让你当全自动驾驶去用 他这个问题太多了，一上来就说门打不开，疑点太多了,0
2025/4/2 8:43,考验雷总公关能力的时候到了,0
2025/4/2 8:43,本图片新闻来自雷军的新浪微博。,0
2025/4/2 8:43,她女儿是司机，不排除她女儿主动叫这两个朋友的可能，如果她不抓着米要赔偿，那另外两家就会把矛头直接指向她；米要认了她一家的事，就相当于把整个事情扛下来了，3家的矛头都指向米的时候，就没有人会追究这场赴考是谁组织的了,1
2025/4/2 8:43,雷总可是发明剃须刀的男人，神一样的存在,0
2025/4/2 8:43,胡锡进，稍微延迟了点这种话你也说的出口！,1
2025/4/2 8:43,今天一边看直播一边切土豆丝，我的一个手指头切掉一块肉，好痛 我该找谁？,0
2025/4/2 8:44,开车自己人应该是第一责任人，不应该没有任何情况下指责车企，这完全无理。,1
2025/4/2 8:44,客户就是智能产品路上的试金石。这也太贵了吧！,0
2025/4/2 8:44,里面的人撞晕了外面救援的人打不开车门！里面带机械门把手但是外面不带啊！希望这次事故可以让小米后续的车型更改这种致命的设计缺陷[感谢][感谢][感谢],0
2025/4/2 8:45,翻译一下人话：打钱！,1
2025/4/2 8:45,回旋镖来了，买这车这辈子被烧，,1
2025/4/2 8:45,如果大家买了一样东西，刚巧不小心弄坏弄伤自己了，就要去找卖东西人赔偿，还是找生产的人赔偿呢，还是要找做成东西原材料的人赔偿。同情是同情，道理是道理，围观的你们怎么看呢，就因为他是雷厂长嘛所以要这样围攻他，还说那些残忍的话，去伤害一个心底善良的和小孩子一样的人嘛？,0
2025/4/2 8:45,马克,0
2025/4/2 8:45,【悲剧发生了，积极坦诚面对！找到根本原因，避免悲剧重演#胡锡进谈雷军回应小米SU7事故#】#胡锡进称雷军的态度是坦诚的# 4月1日，@胡锡进 发文：@雷军 回应小米SU7事故了，小米公司也针对大家的疑问逐条做了最新回应，这样的态度非常值得点赞。#雷军回应#,0
2025/4/2 8:45,我儿子也提su7了，严厉告诉儿子不允许使用智驾，一定要握住方向盘，安全第一。,0
2025/4/2 8:45,我就记得几年前特斯拉也经历过这些,0
2025/4/2 8:46,aeb没有启动，汽车起火+门把手无法打开，buff叠满了，换之前特斯拉问界全网先挂一个礼拜先，昨晚我们看到的是几十万??系水军控评，全网质疑网暴车主家属，造谣别人借的车，造谣别人是新手，大善人首富真诚是真诚的，前天还在看樱花呢，全网捂嘴三天，昨天捂不住了，全网公关，反正好坏都是他说了算,1
2025/4/2 8:46,已经全网车主问题了,0
2025/4/2 8:47,百公里加速够快[赞][赞],0
2025/4/2 8:48,??的基操  你号不想要了,1
2025/4/2 8:48,刚才啃了个鸡架，把我牙都给硌掉了，我直接就找养鸡场老板算账去了！,0
2025/4/2 8:48,这个事给世人的警示应该是如何安全驾驶，不是逼车企无限提高安全智驾功能。再智能的车子也要有一个理智的大脑，一颗敬畏之心。相信警方及车企，调查后会有一个合理的善后。发生这样的事确实痛心、遗憾[感谢][感谢][感谢],0
2025/4/2 8:48,是谁对生命没有敬畏之心，是晚上高速开智驾跑一百多的人吗,1
2025/4/2 8:50,任何事情都是有风险存在的啊,0
2025/4/2 8:50,心累，又是吃人血馒头的时候了,1
2025/4/2 8:50,你讲的很清楚详细也很客观.,0
2025/4/2 8:50,我就想问车主，现在后悔吗？希望这次事件让自己成长起来，买车买安全，放弃那些速度即信仰的念头[玫瑰],0
2025/4/2 8:51,这个世界每天都会有各种车祸，大家还是要专心呀别分心，不管什么车都是工具，人才是智能主体，事故没调查出结果前，不评价，愿死者安息！,0
2025/4/2 8:51,事故主要原因是“发生碰撞”。  不管你开什么车，撞击的程度决定事故后果，这是人为操作不当导致，而不是什么某品牌。,0
2025/4/2 8:51,图片评论,0
2025/4/2 8:51,应该找驾校，不去驾校也不会开车,0
2025/4/2 8:52,[鼓掌][鼓掌][鼓掌],0
2025/4/2 8:52,让我想起了前几年的新闻，某个人在某家店门口摔了一跤，就会要求这个店赔偿。,0
2025/4/2 8:52,也不是智驾不过关，所有的产品都是有事故的比例的，还有很多因素会导致车祸,0
2025/4/2 8:53,出了事故，怀疑过车，怀疑过路，怀疑过天气，唯独没有怀疑过开车的几斤几两[尬笑],1
2025/4/2 8:53,小米开启了L2级辅助驾驶车祸，车企老板亲自回应的先河,0
2025/4/2 8:53,驾驶员要对自己的生命安全有足够的敬畏之心,0
2025/4/2 8:53,今天又是米粉们繁忙的一天——义务到处洗地,1
2025/4/2 8:54,出了事故，怀疑过车，怀疑过路，怀疑过天气，唯独没有怀疑过开车的几斤几两,1
2025/4/2 8:54,工具一类不要追求多高级的功能，还是要以安全为主，辅助驾驶我觉得应该在紧急情况下启动，比如开车过程中检测到驾驶员睡觉突发不能正常驾驶的时候，自动介入降低速度安全靠边停，行驶过程中还是要以人为本,0
2025/4/2 8:54,他要做到什么？！雷军开的车？??,1
2025/4/2 8:54,有一说一 新手 不经常开车的人 都不建议直接开电车,0
2025/4/2 8:54,小米这么火，难免不会有其他人带节奏，欲戴王冠必承其重，希望雷总不要难过[比心],0
2025/4/2 8:54,开车的司机要对生命有敬畏之心！！！,0
2025/4/2 8:55,这个资本gou,1
2025/4/2 8:55,我今天早上拉屎没拉进厕所，那我是不是该找修厕所的没修正,1
2025/4/2 8:55,交通事故都可以找厂家,0
2025/4/2 8:55,被胡站队 简直是对雷总的抹黑,1
2025/4/2 8:56,一向都是死者为大,0
2025/4/2 8:56,受害者家属背后绝对有推手,1
2025/4/2 8:56,@838669669,0
2025/4/2 8:56,事故报告不都有了吗 ，开了自动驾驶 高速修路突然变道,0
2025/4/2 8:56,人家小米又没说不解决 家属好好安葬逝者 等待处理就行了,0
2025/4/2 8:56,如果开五菱出事了 会去找五菱集团吗,0
2025/4/2 8:56,两个字，要钱,1
2025/4/2 8:57,高速97码 开自动驾驶 到底谁没有敬畏之心,1
2025/4/2 8:57,等调查出来再说吧！,0
2025/4/2 8:57,好不容易出了一个有良心的商家，我真不一样一些人把他整没了,0
2025/4/2 8:57,精进自己的驾驶技术，对自己负责对他人负责,0
2025/4/2 8:57,蹬鼻子上脸的感觉,1
2025/4/2 8:57,想要钱就直说还找车企,1
2025/4/2 8:57,怎么不找高速公路原因,1
2025/4/2 8:57,问题是都还没有调查结果，开车的人责任肯定也大的啊,0
2025/4/2 8:57,司机对自己生命都不负责，却还要别人来负责,1
2025/4/2 8:57,尊重生命固然没有问题，但要在责任划分清楚的前提下,0
2025/4/2 8:57,夜间高速靠智驾疲劳驾驶责任也不少吧,0
2025/4/2 8:57,友商集体出动，苦小米久,1
2025/4/2 8:57,四川手机报这次弹窗了没[舔屏][舔屏],0
2025/4/2 8:57,起诉起诉卖方和厂方,1
2025/4/2 8:57,他是不是觉得都是车的问题人才没的？？？？？？,1
2025/4/2 8:57,军儿再不出来发话，小米股票扛不住了[捂脸],1
2025/4/2 8:57,把安全交给智驾，心好大啊。,0
2025/4/2 8:58,这波绑架简直不要太明显,1
2025/4/2 8:58,问：足够敬畏心在此处是指？ 答：足够的“赔偿金”,1
2025/4/2 8:58,所以已经有确定是车问题了？这家属…,1
2025/4/2 8:58,出事不找保险 先找车企 ,0
2025/4/2 8:58,车不是自己在开吗，如果是车故障导致撞车起火就另说,0
2025/4/2 8:58,驾龄几个月驾驶员,0
2025/4/2 8:58,哈哈哈哈鱼找鱼虾找虾,0
2025/4/2 8:58,驾驶人有一半责任 拥有智驾的车辆的车企也是  啥也不如信自己 毕竟开车上路各种突发情况太多了,0
2025/4/2 8:58,自己的生命自己要负责，又不是完全自动驾驶开个辅助驾驶就敢开小差。高速公路前面那么远何止两秒的反应时间,0
2025/4/2 8:59,……开车对自己负责，握紧方向盘才是有敬畏之心……人家也不是警察,0
2025/4/2 8:59,，“鲜活的生命已经离世了，希望公司能给我们一个更详细的说法。”他是一点不怀疑自己孩子的技术呢,1
2025/4/2 8:59,把自己的生命交给智驾讲真，我没有一点同情心，但是逝者为大??????,1
2025/4/2 8:59,简单来说，如果开车的家属不找车企赔钱，那另外两个遇难的家属就要找开车的家属赔钱了,0
2025/4/2 8:59,打不开也不是不存在的意外突发事情呢不可能不存在事故情况下又可什么情况会发生,0
2025/4/2 8:59,想问一下，开车上高速容易打瞌睡，除了红牛和东鹏特饮，还有什么可以提神[流泪]   假期想和朋友们自驾玩[看],0
2025/4/2 8:59,所以啊，人要为自己的生命负责，开车要小心谨慎。技术要过关才能开上高速，更不要熬夜开长途，敬畏生命，对自己对家人对朋友负责,0
2025/4/2 8:59,半夜的高速，作为驾驶员根本都不敢眨眼，就算开着智驾也一样。,0
2025/4/2 8:59,车祸找车企。不懂。,0
2025/4/2 8:59,要车企来负责   其他车企可以反思一下了,0
2025/4/2 8:59,电池还是要用固态的不可燃电池，否则类似事件还是难保不发生。,0
2025/4/2 8:59,晚上高速智驾。这里不用再多说了吧,0
2025/4/2 8:59,其实我觉得她如果不接手，智能能保下她们，因为那个时候已经在降速了，她接手了智能退出了，然后乱打方向盘,0
2025/4/2 9:00,每天车祸千千万…………这次走向为啥不同,0
2025/4/2 9:00,电车只要碰撞打不开门，手动操作也没有吗？,0
2025/4/2 9:00,人红是非多，雷子加油,0
2025/4/2 9:00,【#SU7事故遇难者家属回应雷军#：鲜活生命已经离世，车企应当对悲剧有足够的敬畏之心】#SU7事故遇难者家属希望有更详细通报#“作为车企，应当对悲剧有足够的敬畏之心。”,0
2025/4/2 9:00,多看看新闻华为的鸿蒙智型的车60多万辆没有一辆是因为电池起火的事故，车头起火车架烧完了电池包完好无损，你去 好好看新闻,0
2025/4/2 9:00,出车祸了不找保险，找车企，这还挺新鲜的,0
2025/4/2 9:00,不好好开车，开什么车都没用,1
2025/4/2 9:00,第一次听说，出了事找车企的,0
2025/4/2 9:00,我建议每一位事故家属都要去索赔车企,1
2025/4/2 9:00,一个开车没有敬畏之心，要一个造车的要有敬畏之心，本末倒置,0
2025/4/2 9:00,想知道车企要对每起车祸负责么？,0
2025/4/2 9:00,未知全貌，不予置评[OK]车主当时是智能驾驶还是手动驾驶？速度多少？撞到后有没有把车辆电源撞坏？撞到后有没有引起失火？驾驶和乘客人员有没有晕倒？不同的原因结果也会不同。,0
2025/4/2 9:01,奔驰宝马奥迪大众这种也是车祸找车企吗[捂脸],0
2025/4/2 9:01,驾驶员也应该对自己和家人有足够的责任心！,0
2025/4/2 9:01,害首先要对自己的生命负责任,0
2025/4/2 9:02,哪的皮虾,0
2025/4/2 9:02,支持小米,0
2025/4/2 9:03,老司机开夜车那是相当谨慎，他们还敢各种骚操作[发呆],0
2025/4/2 9:03,胡豆,0
2025/4/2 9:03,他不是坦诚，他只是怕了#胡锡进谈雷军回应小米SU7事故#,1
2025/4/2 9:04,你这个人看起来就有点坏,1
2025/4/2 9:04,我2022年12月拿的驾照，2024年10月买的车，开始上路，我的驾龄算多少[尬笑],0
2025/4/2 9:04,昨天评论区有人说小米找水军，我普通网友一个，还是觉得，车祸又不是车企造成的,0
2025/4/2 9:04,反正电车我是不会买的，这就对自己的敬畏之心,0
2025/4/2 9:04,按常理是等警方的调查结果来回应 但是小米等不了了股价跌的太厉害了,0
2025/4/2 9:04,虽然悲剧值得所有人关注和同情，我想说的是不是一有什么事就舆论车企，开车这么多年我始终记着驾校教练和我说的一句话，没有最安全的车，只有更安全的司机,0
2025/4/2 9:04,不要把辅助驾驶当智驾！ 路上多加小心,0
2025/4/2 9:05,小米降价吧,0
2025/4/2 9:05,bba车出事了你们会第一时间找车企嘛 等小米不感冒 但是不是方向出了问题,0
2025/4/2 9:05,想过车以及别的任何问题就是没想过自己的问题，小米出那么多事不是没有原因的次次出事发抖音就说雷总第一次造车不懂偷工减料一类的，就没人担心驾驶安全的问题吗[捂脸][捂脸][捂脸]不懂这些人是一个什么样的心理把自己的生命安全交给智驾,1
2025/4/2 9:05,天哪，这人都是怎么了，都没有事实依据都跳出来，等有官方事实依据再喷也不迟啊，说话不用负责任吗？,1
2025/4/2 9:05,逝者安息[感谢]。爆燃是电车行业痛点，其它电车品牌也发生过。希望未来固态电池能解决这个问题。,0
2025/4/2 9:05,是实际上跟小米关系不大，毕竟是使用者本身操作导致的事故，但是雷总能站出来发声，确实有担当！,0
2025/4/2 9:06,赛车性能、牛币马力、弹射起步，继续吹！,1
2025/4/2 9:06,政策都出了，L3是定事的标准,0
2025/4/2 9:06,上次那个什么界撞洒水车还是什么车的时候这帮人怎么说的来着？,1
2025/4/2 9:06,离自动驾驶还远呢,0
2025/4/2 9:06,每个人都是自己生命的第一责任人！敬畏生命，才是爱自己的第一要义??,0
2025/4/2 9:07,人家雷总都说了只是智驾，也要手握着方向盘，要盯着前方路况，只是辅助驾驶，并不是真正接管车的所有[捂脸],0
2025/4/2 9:07,用过小米几款产品，性价比高，但很不稳定。手机，电视，甚至是家中很多产品都问题不大，最多是影响消费体验。但是，车，这种有生命安全风险的产品，实在是不敢用。稍不稳定，要命啊！,0
2025/4/2 9:07,考完驾照放三年那就是三年驾龄了,0
2025/4/2 9:07,我明天就买把刀，给手砍断了就找厂家负责,1
2025/4/2 9:07,跟车没有一点关系，全国每年出车祸几百万起，车企都有责任吗？,0
2025/4/2 9:08,等着调查结果吧,0
2025/4/2 9:08,任何智驾安全都要可控范围，不安全马上接管。别依赖就可以,0
2025/4/2 9:08,单车交通事故，还是在高速公路上，路况不是很复杂，我们的智驾要不要着急推出，不敢想象在城市道路那么复杂的路况如果人人用智驾会是一个什么样的情况,0
2025/4/2 9:09,资本家眼里只有利益,1
2025/4/2 9:09,有些人没有资格开车，开车形同马路杀手，所幸没殃及其他车辆。,1
2025/4/2 9:09,雷军可以的，从金山一路腳踏实地走来，站在各个时代的潮头。负责任的人，负责任的公司，信息公开，依法办事。终于看到一个正常的公司，电车除了特斯拉，也是会出事的。,0
2025/4/2 9:10,坚决不能赔偿，不能乱负责,1
2025/4/2 9:10,"22:18分提示轻度分心报警
22:36分提示脱手预警，请手握方向盘
到22:44分25秒才人进入人驾状态！
全网都在说22:44分24秒到22:44分25秒这一秒内的问题！为什么就不想想22:36分48秒到22:44分24秒之间这8分24秒内的问题呢？都发出脱手预警了，请车主手握方向盘了，这时间内车主干嘛去了？",1
2025/4/2 9:10,三天时间，给家属说一声不会逃避正在调查积极配合很难吗。,0
2025/4/2 9:10,太失望了微博被控评了，转移矛盾的一堆,1
2025/4/2 9:10,事故原因还没调查清楚就把责任归给车企，那以后所有车祸都要车企负责吗？,0
2025/4/2 9:10,对雷军瞬间没好感了，早干嘛去了,1
2025/4/2 9:10,油车自动落锁外面也打不开啊[尬笑],0
2025/4/2 9:11,你是比较理性的车主！为你点赞！,0
2025/4/2 9:11,胡锡进有什么资格,1
2025/4/2 9:11,起诉特斯拉,0
2025/4/2 9:12,汰这波饱和式攻击结束了吗？[看],0
2025/4/2 9:12,每与进反，事乃可成,0
2025/4/2 9:12,等事故调查结果吧,0
2025/4/2 9:12,那以后就看看，每次米车出现严重车祸，看军军会不会都能够亲自出来解释了,1
2025/4/2 9:13,[流泪][流泪][流泪],0
2025/4/2 9:13,我高考考不上985 一定是试卷纸张质量的问题,1
2025/4/2 9:13,小米os出来的时候也是说雷军诚实，华为套壳安卓还不承认，无语了,1
2025/4/2 9:13,图片评论,0
2025/4/2 9:13,只要加油站不倒闭，永远不要买电车,1
2025/4/2 9:14,能拿到生产许可证合格证的车应该没问题吧,0
2025/4/2 9:14,夜壶都下场了 懂得都懂,1
2025/4/2 9:15,所以雷总还是没逃过那一劫？？,1
2025/4/2 9:15,夜壶下场了 懂得都懂,1
2025/4/2 9:15,为什么现在新能源车企出了事故厂家也要出来罚站[黑脸],0
2025/4/2 9:15,开车不遵守规则，出问题找车企的还是第一次见，家属直接开价吧??,1
2025/4/2 9:15,雷子说的等到此时，我不能再等[看]是指股票跌了不能再等了么,0
2025/4/2 9:16,都知道开车不能聊天，可惜了其他两位女生,0
2025/4/2 9:16,是松手开车的人更有敬畏之心吗难道,0
2025/4/2 9:16,车企不应夸大智驾，驾驶者也不能盲目信任智驾，自己永远是自己人身安全的第一责任人,0
2025/4/2 9:16,买办的队伍开始浮出水面了,1
2025/4/2 9:17,流量是一把双刃剑,0
2025/4/2 9:17,我想问一下，开车上高速容易打瞌睡，除了红牛和东鹏特饮，还有什么可以提神[流泪]。我 假期想和朋友们自驾玩,0
2025/4/2 9:17,又要开始了吗，围攻光明顶,1
2025/4/2 9:17,每年发生多少起交通事故第一次听到需要车企负责,0
2025/4/2 9:18,"我觉得，现在最重要的是要调查清楚到底是车辆本身技术存在缺陷而导致的悲剧发生，还是由于乘车人员自己本身的驾驶技术或操作失误而导致的悲剧发生。只有把这些问题调查清楚了才好去多方解决和处理好善后事宜。
逝者已逝，节哀顺变[感谢][感谢][感谢]",0
2025/4/2 9:19,第一次碰见肇事者家属追着车企要说法的，也是开了眼了,1
2025/4/2 9:19,前两天陪女儿到武汉游玩，由她开车，开的是一款纯电版电动车，限速110迈，一路 上，她把车开得飞快，而 她的实际驾龄不到两年，我不时提醒 她“慢点开”，她则毫不在意，轻描淡写地说：不要紧地！我这车有“智驾”功能，而且即使你把“油门”踩到底，也不会超过103迈！——我对她的“自信”心有戚戚！,0
2025/4/2 9:19,“周董”是假的哦，小小标题党一下,0
2025/4/2 9:19,转发微博,0
2025/4/2 9:20,无非就是借舆论多要点钱而已 ,1
2025/4/2 9:20,坦诚不是应该的吗？这也有的夸…,1
2025/4/2 9:20,司机才最应该对生命有敬畏之心  智驾 夜间 高速 手离方向盘…… 哪一点都是对自己的不负责任,0
2025/4/2 9:20,互联网，我辛九，辛无志除了雷军，谁Tmd都不服！！！,1
2025/4/2 9:20,开车永远人是第一主驾，安全第一生命第一，等待调查结果，在做判断，还是规劝年轻人，科技代替不了安全,0
2025/4/2 9:22,只能说屌丝米毫无人性，人文关怀可言，出事三天压不住才上热搜，声明至少六处是“警方”，第一时间慰问下家属不行吗？这点人道主义都没有，天天立人设，只会死得更快！,1
2025/4/2 9:22,[抠鼻]我朋友18年驾龄了，一次都没有开过车，算老驾驶员么,0
2025/4/2 9:22,雷麦班，不是说小米汽车出了事故电池也是相下喷火吗,1
2025/4/2 9:22,智能驾驶只是辅助手段，不是让你彻底撇开方向盘油门刹车撒手不管,0
2025/4/2 9:22,评论区真是满满的正能量,0
2025/4/2 9:23,不管什么车，都是要自己开的才安心！,0
2025/4/2 9:23,这个速度跟啥车，啥车门已经没多大关系了[捂脸],0
2025/4/2 9:23,你也是有点奇怪 还没调查清楚就这样说,1
2025/4/2 9:24,那百万豪车雷克萨斯lm300呢可是传统车门，不也一样打不开1死2伤。只能说自己是自己健康的第一责任人,0
2025/4/2 9:24,这跟车企有啥关系啊 一般正常情况下不都是找交警和保险公司吗？,0
2025/4/2 9:25,哪家车企敢说自己的车绝对不会起火？你去网上搜劳斯莱斯还有起火的呢，更别说电车了。,0
2025/4/2 9:25,真是相由心生，喜欢背刺小米的都一副小人样,1
2025/4/2 9:25,送进去这些造谣抹黑的low货,1
2025/4/2 9:27,支持雷总！年少轻狂付出了代价,0
2025/4/2 9:27,对生命有敬畏之心，你别开车，因为早晚都会刮碰,1
2025/4/2 9:27,胡桑都跑出来了 粗粮这是病急乱投医吗,1
2025/4/2 9:27,死者母亲挺聪明的，另外两个孩子的命她承担不了赔偿，结局其实可以预测的到，小米不会赔偿，这个先河开不了，更加不可能开，开了就如黄河决堤一样，所有车企都别做了好吧，一桌人在一起谈，小米绝对不会是被动的一放，另外两方家属矛头直指驾驶人家属，舆论制使小米蒸发多少亿不用说了，要是小米su7真有问题，早就爆雷了，卖了多少量，出事故的又有多少呢？,1
2025/4/2 9:28,我还8年驾龄呢，一次车都没开过，搁着我要是上高速绝对挂,1
2025/4/2 9:28,无论什么车子驾驶人做不到安全驾驶都有出事故的可能，那怕骑自行车也有摔倒的时候，比如：超速行驶，赌气 斗气开车，分神瞌睡，突发急病，车辆突发故障，路口突然出现车辆或行人，前方出现团雾，等等等等，还是等待调查结果吧,0
2025/4/2 9:29,我虽然不了解小米SU7，但是我了解女司机……,1
2025/4/2 9:29,科技发达值得敬佩，但生命安全还是要放在第一位，当你手握方向盘的时候，还是不能把你的人生安全毫无保留的交给高科技，驾驶员们一定要慎重！慎重！再慎重！三个年轻的生命，好可惜，三个家庭的父母天都塌了,0
2025/4/2 9:29,因为是小米，被人无限放大，,1
2025/4/2 9:29,转发微博,0
2025/4/2 9:30,回复@冰裂釉:你知道没找？,1
2025/4/2 9:31,不一定是车的问题,0
2025/4/2 9:32,很简单，因为保险不赔这种人，家属急了,1
2025/4/2 9:32,要智驾，不要滞驾[捂脸][捂脸][捂脸][捂脸],0
2025/4/2 9:32,到底是人在车内无法开门出来，还是救援人员从外无法打开门呢。,0
2025/4/2 9:32,敬畏之心呢Tesla,0
2025/4/2 9:32,智能辅助驾驶只是辅助，不能完全信,0
2025/4/2 9:33,等结果！,0
2025/4/2 9:33,新能源车也要标准化，事关安全的操作按钮，挡位都要严格规定在什么位置，不能搞什么个性化。,0
2025/4/2 9:33,什么致歉？为什么要致歉？只是慰问和哀悼，你不要误导，现在啥都没查清，为什么要致歉。,1
2025/4/2 9:34,手机我敢买第一代，车是真不敢。,0
2025/4/2 9:34,现在出车祸可以和车企问责了？新世纪就是不一样，我开高速就远离绿牌，很多都是脱手操作的，我真是谢谢了，命是自己的，那么相信智能，不惜拿命尝试。,1
2025/4/2 9:35,博主说的一针见血了，司机才是第一责任人,0
2025/4/2 9:35,做家长的就应该要经常要提醒年轻人不能太过依赖这些人工智能,0
2025/4/2 9:35,我驾照都换一本了，就去年开了一会，驾龄算多少，拿到驾照跟驾龄一点关系都没有,0
2025/4/2 9:36,从28分开始提醒到44分被接管，中间车机系统提醒了三次，过去了16分钟从36分提醒的请手握方向盘到44分被人接管过去了8分钟，这完全就是人的问题了。,0
2025/4/2 9:36,很多人只是有驾驶证而已，但并不代表她会开车,0
2025/4/2 9:36,人性的是没有底线，当你告诉他们这是你给他们的安全底线，他们就不断试图跨越这条安全的底线,1
2025/4/2 9:36,驾驶员家把事情闹大，想让车企分担赔偿，他们自己赔不起另外两家人。就是这个事[看],0
2025/4/2 9:37,相信小米，给小米一个机会，帮助遇难者家庭度过难关，也给雷总一个机会度过难关。期待真相，也期待小米改进后重新站起来！,0
2025/4/2 9:37,我特别害怕智能，我比较落后！,0
2025/4/2 9:37,可能是我见识浅薄，每年那么多起车祸事故，还没见过找车企的，车企也没几个出面负责的，再说，警方都没有最终判定是不是车的问题，就已经给定好罪了,0
2025/4/2 9:38,没事，不买就行了。,0
2025/4/2 9:38,不知道发8分钟和16分钟前的分心脱手提醒是何用意吧，8分钟，车可以跑15公里，都可以逃脱核弹爆炸的范围了，不知道与事故发生那几秒有啥关系。。,1
2025/4/2 9:39,人都死了，怎么开门，100码的速度，人不死也晕了，前车窗玻璃绝对是碎了的，没行动能力了,1
2025/4/2 9:39,你怎么知道门打不开的？车上人员都已经遇难了，请问从哪里知道打不开车门的！,1
2025/4/2 9:40,但是 这是发生事故弟2天的了,0
2025/4/2 9:40,车门能不能开，车企和家属都说了不算，要看警方通报,0
2025/4/2 9:40,还没有调查出来什么原因,0
2025/4/2 9:40,我一直搞不懂为什么小米汽车出事故最急的不是小米车主而是哄蒙用户，某群体反串都不伪装一下的,1
2025/4/2 9:40,出了事故难道要车厂赔钱？,1
2025/4/2 9:41,以后都不用考驾照了，买辆带智驾的车就可以上路了，出了事情就找车企,0
2025/4/2 9:41,关键这男朋友问还得多久，也不叮嘱慢一点，这是夜间高速啊,0
2025/4/2 9:42,电池爆燃门打不开是电动车的通病,0
2025/4/2 9:42,有没有知道  到底撞击以后多久烧起来的  ？？  我只关心这点  求科普,0
2025/4/2 9:43,我驾照5年，驾龄四年，到现在上高速旁边必须有一个会开车的人坐副驾，不然没有安全感[笑哭]，全程自己掌控方向盘，不敢把命交给自动驾驶,0
2025/4/2 9:43,小米牛逼[愉快],0
2025/4/2 9:43,这个回旋镖呀，还是??(＾＿－)的干得出来呀？,0
2025/4/2 9:44,机械锁在门板下面，惊慌的时候谁摸得到啊[捂脸][捂脸][捂脸],0
2025/4/2 9:44,驾驶员要对自己负责任！,0
2025/4/2 9:45,别搞我雷总,1
2025/4/2 9:45,很简单，小米拿一台车还原一下就知道了 [看][看][看]现场直播,0
2025/4/2 9:45,还是在校大学生，有多少时间驾车呢，一定要对自己驾驶的车辆性能熟悉，安全意识强，开车上高速一定要全神贯注,0
2025/4/2 9:46,吃流量的毫无下限 正反两吃 毫无底线。,1
2025/4/2 9:46,国产品牌太难了 国外品牌看人家理不理你,0
2025/4/2 9:46,反正你负责，我张嘴哇哇哭,1
2025/4/2 9:46,车企吹牛吹多了会反噬，华为也一样,1
2025/4/2 9:46,情勒！,1
2025/4/2 9:47,也就雷总好说话[尬笑]，丰田出事樟男还搭理你么,1
2025/4/2 9:48,不要用自动驾驶，方向盘在自己手里，刹车在自己手里才安全,0
2025/4/2 9:48,小米想要走法律程序，失事家属想要走网络程序。,0
2025/4/2 9:48,??????,0
2025/4/2 9:48,你这种人真让人无语,1
2025/4/2 9:49,我觉得是不是应该交警先给出责任认定，再谈其它的,0
2025/4/2 9:49,逝者安息??个人感觉，一个敢吹，一个敢信！悲剧发生,1
2025/4/2 9:49,人红是非多，友商们都盼着这一天呢,1
2025/4/2 9:49,我当年没考上清华是不是也要追究一下晨光的孔庙祈福，[泪奔]高中三年一直用的都是这一款[泪奔],0
2025/4/2 9:50,希望大家不要欺负雷总[流泪],0
2025/4/2 9:50,其实我很想问那些人说车门打不开，他们那些人是在现场看见了是咋地？再有，100码的时速撞水泥墩上，车门能打开里面的人还有行动能力去打卡车门吗？[捂脸][捂脸][捂脸],1
2025/4/2 9:51,@看啥ao,0
2025/4/2 9:51,难道不是驾驶员应该有敬畏之心吗？,0
2025/4/2 9:51,最后直播带货的又是谁？,0
2025/4/2 9:51,看了很多评论，逝者已逝，为年轻生命离去深感惋惜。如果当时不依赖智驾，如果司机手握方向盘，如果驾驶经验再足一些… 这起悲剧是否可以避免？生命只有一次，娴熟的驾驶技能与足够的专注力才是确保生命安全的重心，远比享受智驾更重要。,0
2025/4/2 9:52,自己开90公里的速度 啥车也开不了门啊,0
2025/4/2 9:52,本来就是自动驾驶技术不成熟的后果，所有的电车车企干嘛推出。,1
2025/4/2 9:53,最初你考驾照你的教练说过多少次的东西，眼睛要看路，手要双手握紧方向盘，科三单手就是危险驾驶[捂脸],0
2025/4/2 9:53,还要买电车没,0
2025/4/2 9:53,开车，手离开方向盘，脑子想什么，直线还好，施工地提醒路段长也好，又没提示，天又黑到底脑子在想什么,1
2025/4/2 9:54,是不是觉雷军很好欺负啊[尬笑],1
2025/4/2 9:55,以后这种事会越来越多，因为车卖的越来越多,0
2025/4/2 9:56,人红是非多啊大家理智发言，别骂了，骂解决不了问题鸭！,0
2025/4/2 9:57,首先人死了，表示哀悼，第二，就从接管后97码撞到水泥桩上，估计人都撞晕或者断颈椎了[捂脸]各位不要把生命交给智驾，智驾只是辅助[捂脸],0
2025/4/2 9:57,谁记得雷克萨斯保姆车200多万车高速撞车开不了车门,0
2025/4/2 9:57,刚好屁股痒,1
2025/4/2 9:57,雷爸，中国最良心的老板，下一辆车换红米，赶紧出来吧！,0
2025/4/2 9:57,还好没生产卫生巾[舔屏],1
2025/4/2 9:57,就是宗教,0
2025/4/2 9:58,腰不行怪炕不平，悄悄等官方和警方通报就好了，一帮子人在评论区带什么节奏,1
2025/4/2 9:58,雷军不敬畏了吗？,1
2025/4/2 9:59,放手让智驾开，希望对别人的生命也有敬畏之心。,0
2025/4/2 9:59,开车睡觉跟车没关系,0
2025/4/2 9:59,再智能我都不敢双手离开方向盘 后面两个女孩真的惨,0
2025/4/2 10:00,胡算老几,1
2025/4/2 10:00,有的时候机械设计是必要的。,0
2025/4/2 10:00,应该是想炫耀一下辅助驾驶，没想到这是辅助驾驶，不能脱手！,0
2025/4/2 10:00,其实各位都心知肚明，车祸那么多，逮到小米不放的还是第一次[捂脸]。,1
2025/4/2 10:01,说实话，只要是电车，这种事故都完蛋，前段时间不是问界m9烧了。,1
2025/4/2 10:01,自动驾驶安全性，还有一段路要走,0
2025/4/2 10:01,去问下雷总，跑高速敢不敢用智驾,1
2025/4/2 10:02,军er 还是不错的,0
2025/4/2 10:02,卖车的时候有么有告诉消费者不能响应障碍物？而且根本不是不能响应障碍物，是只能响应车辆、行人、二轮车这三类，无法响应三轮车、动物（对生命的漠视）,1
2025/4/2 10:02,雷总真的太有担当和责任了，但不应该被这么对待的，就好比一个人不注意被一个树枝把裤子划破了，这人怪树枝怪生产裤子的厂家质量不好，就没想着怪自己没看到树枝导致的,0
2025/4/2 10:02,关键现在有一个问题是，家属方认为车辆是因为车门锁死导致求生不及时，所以才出现事故的。目前这个还没有得到证实，这才是最大的疑点,0
2025/4/2 10:03,不回避? 我什么都不知道，你们别找我?,0
2025/4/2 10:03,都是说的辅助驾驶，没有自动驾驶,0
2025/4/2 10:03,军哥要背锅了 ,1
2025/4/2 10:03,胡说是拿流量费的,1
2025/4/2 10:03,我有个问题啊，我有个车 车主是我，平时我给我老婆开车，如果出问题保险会赔吗？,0
2025/4/2 10:03,跟车有什么关系[尬笑][尬笑]是人的问题、什么车没出过车祸[尬笑][尬笑][尬笑]……,0
2025/4/2 10:04,当事人男朋友说她已经三年驾龄了，怎么到你这又成刚考完驾照了[黑脸],1
2025/4/2 10:04,这不是开着自燃，这不是充电自燃，这不是停放自燃，是近100码撞击而燃，油车这个速度碰撞也有起火的。,0
2025/4/2 10:04,晚上用辅助驾驶，被提示分心，被提示手离开方向盘，想死谁也拦不住,1
2025/4/2 10:04,我想问一下，开车上高速容易打瞌睡，除了红牛和东鹏特饮，还有什么可以提神[流泪]。我 假期想和朋友们自驾玩,0
2025/4/2 10:05,鸿蒙智行：你敢开我就敢赔。,0
2025/4/2 10:05,岳先生大义！,0
2025/4/2 10:05,想拿捏军军,1
2025/4/2 10:05,啊啊啊好吓人啊,0
2025/4/2 10:06,这父母好像很肯定是车的问题导致的事故,0
2025/4/2 10:06,我最震惊的是，晚上开高速双手敢脱离方向盘的，反正我不敢,0
2025/4/2 10:07,家属开始绑架小米了,1
2025/4/2 10:07,我家丰田出事时也没见章男发声明联系我呀,1
2025/4/2 10:07,建议家属可以先找保险公司赔偿，再找雷军赔偿……两不耽误,0
2025/4/2 10:08,别的品牌车子撞了也没见企业给啥说法呀,0
2025/4/2 10:08,别搞我雷总,1
2025/4/2 10:09,我想知道当时车内人员是否对客服的联系进行了回应,0
2025/4/2 10:09,小米直接给家属打钱吧，没什么好说的,1
2025/4/2 10:09,请问哪一方通过什么手段确认了车门打不开？,0
2025/4/2 10:10,雷总，别妥协，让法律解决[闭嘴],1
2025/4/2 10:10,出事故交警不联系你要小米联系你？,1
2025/4/2 10:10,好家伙，不是男朋友送给女朋友小米吗？车主名字是男朋友的[绝],1
2025/4/2 10:10,能帮雷总一点是一点，百年难得一遇的良心企业家，加油雷总[一起加油][一起加油][一起加油],0
2025/4/2 10:10,怪车怪路不反思驾车技术，尊重逝者不过多评价了，不然说我们网暴,1
2025/4/2 10:10,车祸死的还少吗,1
2025/4/2 10:11,顶配激光雷达还可以的，这个标准版是视觉识别，芯片算力也不够，确实不太行。理想和华为的激光雷达对这种场景应对都还可以了。,0
2025/4/2 10:11,就这评论区，我以后只买特斯拉，至少出了事，网友站我这边，不会精神资本家,1
2025/4/2 10:11,一只脱缰的马，没人驾驭它是很危险的！速度带给人的从来不是激情，而是对生命的敬畏之心。,0
2025/4/2 10:11,一个危险驾驶能搞这么大热度友商看来没少花钱那热搜啊,1
2025/4/2 10:11,只要车便宜性能好才是王道其他都不是问题，喝水还可能呛死呢,0
2025/4/2 10:12,为啥这事没人说呢？制动踏板踩死，59km碰撞A柱断了 ，全车人死了,1
2025/4/2 10:12,看看交警咋说吧,0
2025/4/2 10:12,三个女孩去外地考编，不坐高铁舒舒服服备考，熬夜跑高速赶考????,0
2025/4/2 10:12,标准版是用的比亚迪电池吗,0
2025/4/2 10:13,有很多要开始黑小米了[微笑],1
2025/4/2 10:13,搞笑，自己车开不好赖上车企,1
2025/4/2 10:13,小米车祸唯一被阎王带走的。,1
2025/4/2 10:13,[玫瑰][玫瑰][玫瑰],0
2025/4/2 10:14,希望人家说到做到啥？盲目相信自动驾驶是事故的起因吧，我开了二十来年车，在高速上开定速巡航心里都不踏实。这好家伙，上吨重的铁疙瘩时速100多，就敢让车自己开？作为家长，怎么培养孩子安全意识的？自己死还搭上两条人命，你怎么跟人家家长交待？,1
2025/4/2 10:15,从预警到碰撞只有2秒钟，而且是以97km的时速撞上护栏，这就算是专业车手也很难自救了。所以说，千万不要把生命交给摄像头和算法，再高级的智驾也是辅助！,0
2025/4/2 10:15,我不是米粉，但我很乐，油车哪有这样的待遇，还得是电车，我直接道德绑架老板，把他架在火上烤，美其名曰，“为广大消费者考虑”,1
2025/4/2 10:15,你家人，你朋友，知道你有这副嘴脸吗？翻脸真快,1
2025/4/2 10:16,我觉得应该先尊重事实，应该先听听警方出具事故报告的结果，之后再做判断。任何的道德绑架都不合适。该是谁的责任就是谁的责任。如果是车辆责任雷老板也逃不了，驾驶员的责任那也别想赖。讲话要客观也要公平公正！我也觉得作为一个驾驶员应该先对自己的驾驶负首要责任。//...全文,0
2025/4/2 10:16,都怪我穷，所有的先头科技都体会不到,0
2025/4/2 10:16,胡锡进退休了，还关注这些干嘛,0
2025/4/2 10:17,为什么自燃和车门被锁没有结论？,0
2025/4/2 10:17,第一阵营,0
2025/4/2 10:17,封了两天消息，发现按不住了才回应[灵机一动][灵机一动],0
2025/4/2 10:17,不回避，然后疯狂压热搜,1
2025/4/2 10:18,自从电车、智驾问世后，车祸事故问责厂家这种事就多了。以前的油车事故大概率都是自认驾驶不当，找下保险公司就结束了,0
2025/4/2 10:19,林志玲撞车的时候怎么没人找马斯克[展开说说],1
2025/4/2 10:20,小米汽车回到解放前了，人家是自然，它来个爆燃,1
2025/4/2 10:20,我邻居家煤气罐着火了，他非要打119，我都蒙了，赶紧拦住他，煤气罐着火你不找燃气公司，你找119干啥,1
2025/4/2 10:20,血的教训,0
2025/4/2 10:20,雷子，其实不关你车子的事情，为啥要发声呢,0
2025/4/2 10:21,发生事故第一时间不看驾驶人操作，不找施工路段标识牌责任，不找保险公司，先找车企！因为这个车企叫小米,1
2025/4/2 10:21,无论什么车，驾驶员都是第一责任人。怪车辆生产企业，实在是无理。,0
2025/4/2 10:22,都是挣钱的工具，关键是工具还乐在其中。,1
2025/4/2 10:23,[赞][赞][赞],0
2025/4/2 10:24,我出车祸的时候门也打不开，主驾驶门撞变形了，我从后座爬出来的,0
2025/4/2 10:24,高速碰撞前2秒内提示接管[一头乱麻]？？这技术只能叫辅助驾驶！智驾认准鸿蒙智行车（安全第一）,1
2025/4/2 10:25,鲜活生命已经离世，车企应当对悲剧有足够的敬畏之心。,0
2025/4/2 10:26,为啥要责怪别人啊,0
2025/4/2 10:26,首先，开车双手不能离开方向盘。其次，不管什么模式双手都不能离开方向盘。最后，双手能不能不要离开方向盘！,0
2025/4/2 10:26,其他车企出事扣车标[捂脸],0
2025/4/2 10:26,应该起诉全部相关车行业的人怎么允许这种车进入市场,1
2025/4/2 10:27,因为剩下的要车主陪两位随行的，不想陪罢了,0
2025/4/2 10:27,看到评论区放心了,0
2025/4/2 10:27,[捂脸],0
2025/4/2 10:27,一次死三个人属于重大安全责任事故。,0
2025/4/2 10:27,请老狗做公关真的不是反向操作吗,1
2025/4/2 10:27,"重点是安全性能打补丁，快迭代。
事故教训一定要转化成技术进步。",0
2025/4/2 10:28,我都感觉小米车都已经非常努力的救她们了,0
2025/4/2 10:28,买车送女友也不写女友的名字，确实是送了？[看]细思极恐,1
2025/4/2 10:28,首先我感到这件事很痛心其次个人感官感觉家属应该是想扩大舆论或者说是某些人要扩大舆论关于网上普遍传的说是什么开不了门还有女大学生，这种字眼出现的太多,1
2025/4/2 10:29,雷总昨晚肯定没睡好,0
2025/4/2 10:29,几天前就出这个事了，昨天彻底压不住热搜了才出来回应。,0
2025/4/2 10:30,看声明时间是10天后发的，为什么小米3天不到发了公告，大家还不满意？,0
2025/4/2 10:30,写这么多字累就两字…打钱,1
2025/4/2 10:30,压了三天热度亚不住了，又开始说一些冠冕堂皇的话，甚至又找了很多娱乐博主等等的开始引导舆论，这种靠营销的公司太无耻了,1
2025/4/2 10:32,保罗沃克是不是也找保时捷赔钱了？,1
2025/4/2 10:33,不懂就问，家属不关心高速路管理部门是否放置醒目的施工提示，临时限速这些指示牌吗,0
2025/4/2 10:33,舔的恶心,1
2025/4/2 10:33,什么原因？  装墙上去了,1
2025/4/2 10:33,在牛逼的车也得注重安全，安全才是王道,0
2025/4/2 10:33,弱弱的问一句，开车上高速容易打瞌睡，除了红牛和东鹏特饮，还有什么可以提神[流泪]。我 假期想和朋友们自驾玩[裂开],0
2025/4/2 10:33,我想知道开不了车门是咋知道的…当事人不是去世了吗…,1
2025/4/2 10:33,我可以只关注这个事吗？[暗中观察],0
2025/4/2 10:34,修路路段没有减速提前判定路况，还使用智能驾驶，这原本就是很危险的，方向盘掌握在自己手里有时候都会出差错，更何况是交给智能驾驶，然后就说那么大撞击就算是油车一样会线路断无法打开车门和起火啊，还要考虑当时撞击是哪一个位置，位置不一样，结果也是不一样的，希望调查原因。,0
2025/4/2 10:34,唉，小米逝者家属的评论区和去年m7逝者家属的评论区简直就是两个世界,1
2025/4/2 10:34,那如果使用没多久的空调着火了烧毁了房屋我不管是什么问题我直接找生产家赔偿可以吗,0
2025/4/2 10:34,车企：…………………,0
2025/4/2 10:34,我觉得遇难者母亲已经非常克制了,0
2025/4/2 10:34,我老公嚼槟郎把嘴巴嚼烂了，请问可以找谁？,0
2025/4/2 10:34,大丈夫当如是,0
2025/4/2 10:34,我想问一下，开车上高速容易打瞌睡，除了红牛和东鹏特饮，还有什么可以提神[流泪]。我 假期想和朋友们自驾玩,0
2025/4/2 10:35,该报警报警，该找保险找保险，最后如果发现是车的问题，再找车企，而不是一上来就是，小米没来处理，说实话我还是第一次见，遇到出车祸，不找交警，不找肇事者或者保险，直接去找造车的，那每年出车祸死的人多了去了，是不是都要去找造车的，还有我打王者输了一天，是不是也要去找一下马化腾,1
2025/4/2 10:35,是的，我说的恶毒是对自己逝去女儿的恶毒,1
2025/4/2 10:35,工业垃圾，都是小年轻,1
2025/4/2 10:36,这个人先评论的吧,0
2025/4/2 10:36,这不仅仅是电车自身及电池安全的问题，更应该看看驾驶者自身以及施工安全警示的问题，以及对智能驾驶夸大宣传的问题，应该说是多种因素造成了这次的灾难。,0
2025/4/2 10:36,目前最好的电车是什么牌子？,0
2025/4/2 10:37,"那些说小米su7不好车主[流泪]我愿意半价回收一辆 认真的
你的不安我来承担[感谢]",0
2025/4/2 10:37,[微笑]自己驾驶过程中，处处违法，你是一点不提，说到底，你不重视自己的命，不重视他人的命，不重视自己的考试，阎王在车上怕是都要摇头,1
2025/4/2 10:37,标准版没有激光雷达她是怎么敢开高速的,1
2025/4/2 10:37,希望大家不要欺负雷总，他真的很努力在造车，我们都看在眼里[流泪],0
2025/4/2 10:37,简单来说就是小米想走法律程序，车主想走网络程序,0
2025/4/2 10:37,我想说事业单位联考是29号早上8点半开始，八点半到十二点，说是去考试不对劲啊……,0
2025/4/2 10:38,事情发生后不第一时间说，现在站出来？,1
2025/4/2 10:38,从这证明小米智驾还没达到成熟。,0
2025/4/2 10:40,打你一顿，给你道歉！问问老胡愿意不#胡锡进谈雷军回应小米SU7事故# #胡锡进称雷军的态度是坦诚的# 小米华为股票,1
2025/4/2 10:41,雷总，我是您第一批粉丝，我一直很支持你科技平权，但是车这个东西，不确定性太多了，手机坏了就坏了，用的人是好人坏人也无所谓，但是车不一样，五十几万真太便宜了，很多普通人努努力能够够到，乍一看是好事，但是其实很多人得思维能力和模式都存在一定缺陷。,0
2025/4/2 10:41,走法律程序肯定一分不赔 但是家属要走网络程序 这怎么解释？,0
2025/4/2 10:41,和小鬼子学的么，红豆泥私密马赛,1
2025/4/2 10:42,雷总这人能处,0
2025/4/2 10:42,难道不是驾驶员对生命有敬畏之心,0
2025/4/2 10:42,买电车，没让她自己不开，让车自己开，这不是拿生命开玩笑吗,1
2025/4/2 10:44,如果最终证实是车子质量问题导致的事故，那肯定得找车企。如果不是车子质量问题，也不可能因为小米名气大，汽车出了事故就都找车企,0
2025/4/2 10:44,如果开了这个口子，以后所有的车祸都可以找汽车厂家，是因为车子设计的不够安全,0
2025/4/2 10:44,我觉得出事故，尤其是视频里尖锐的指责小米汽车问题的那句话，让我觉得一定另有隐情。事故还没调查，就立马指向小米，事故当事人在车里做了什么清楚吗？司机是什么做法清楚吗？什么都没有查明。一股子想瞒天过海、用舆论导向掩人耳目意味。我是很反感这种做法。这女的现在不悲伤，反而战斗力十足,1
2025/4/2 10:44,还有米粉一直在回应哦,0
2025/4/2 10:45,首先雷总的态度非常的诚恳，作为开车超过20万的老司机，分享一下自己的开车心得，首先智能驾驶只能是作为辅助，将自己的生命安全交个智能驾驶感觉不可取，第二就是开车一定要用手机导航特别是在高速上，能提前预报前方道路情况，第三开车不要一直在超车道开，万一对向交通事故冲出隔离栏根本没有反应时间，开高速基本上是在100左右的速度。,0
2025/4/2 10:45,看这些我第一反应就是雷总自己马的字，能读出来,1
2025/4/2 10:46,都没接触到车，回应什么？怎么回应？是你的话，调查结果都没出来，你会怎么回应？,0
2025/4/2 10:46,怎么看都是半夜开高速不握方向盘的人缺乏对生命的敬畏,0
2025/4/2 10:47,胡公公,0
2025/4/2 10:48,29号的事故，30，31号到处删帖，家属被封了很多很多号。1号实在压不住了，出来装痛心，痛心的主要原因是丫还没接触到事故车。你妹车都烧成架子了，你丫后台服务器自动上传的数据你倒是完整拿出来啊？搞一堆障眼法,1
2025/4/2 10:48,咋特么哪都有他，坦不坦诚和他有毛关系,1
2025/4/2 10:48,那就等结果,0
2025/4/2 10:48,上高速要几年驾龄来着,0
2025/4/2 10:48,任何车，经过激烈碰撞导致车身严重变形的，车门都有可能打不开！,0
2025/4/2 10:49,有良心和责任感的企业家[赞][赞][赞],0
2025/4/2 10:49,这只怎么无处不在啊,1
2025/4/2 10:49,请看看我的小作文[比心],0
2025/4/2 10:50,这话真有点过了，晚上高速开那么快的是人,1
2025/4/2 10:50,所以说电动汽车发展真的应该注意这个跟小米关系不大，是所有电动汽车碰撞都会 炸这玩意儿如果是个油车说不定最多死一个里会不会爆炸,1
2025/4/2 10:50,雷总不能开先例呀。他家明摆着就是要讹钱的节奏啊，但是在这里我也愿逝者安息，我没见过谁家是这么冷静的要找车企的。那原先出事故的那些车起，在我有意识以来，车祸不都是交警鉴定，然后是保险，那别家车企老板。都得出来承担责任。首先敬佩你的担当。不能欺负老实人呐。,1
2025/4/2 10:51,撞车找车商，太牛逼了[捂脸][捂脸][捂脸],0
2025/4/2 10:51,不愧是老胡，什么水混蹚什么,1
2025/4/2 10:51,有针对性的增加EDR可采数据类型。一个完全可以清晰的问题掺杂太多其它场外因素。,0
2025/4/2 10:51,我相信雷总，在一切没有定性之前还是要等待交警的通告，网络上的舆论只能当作吃瓜看看就行,0
2025/4/2 10:51,胡某能不能闭嘴啊,1
2025/4/2 10:51,命要始终牢牢掌握在自己手里！,0
2025/4/2 10:51,追尾，75%的责任,0
2025/4/2 10:51,关他屁事，一直蹭流量，好好查查他,1
2025/4/2 10:52,主次不分,1
2025/4/2 10:52,躲了三天了  实在躲不住了 才出来冒个泡（应付娱论的）,0
2025/4/2 10:52,支持国产，支持小米，但更希望小米踏实做产品，自己研发生产零部件。而不是和大部分新能源靠七拼八凑DIY汽车。靠一嘴巴营销卖产品。新能源同样需要工匠精神。,0
2025/4/2 10:52,你作为一个有很多粉丝的博主，在一个自己不专业的领域，在没有任何有效的证据和理论下去带节奏，这很不负责任，结果没出来前，请保持理智，不要带节奏,0
2025/4/2 10:52,小米公关让我第一时间想到:世界是个巨大的草台班子。。。,1
2025/4/2 10:53,回应的多了也没见你发声,1
2025/4/2 10:54,相信小米，相信雷总。,0
2025/4/2 10:54,像这样的企业家在国内很难找出第二个[赞][赞],0
2025/4/2 10:54,等后续,0
2025/4/2 10:54,有责任有担当，雷总好样的，大家理性对待这起事故，不要盲目跟风带节奏。,0
2025/4/2 10:54,哈哈哈哈哈哈哈哈哈哈哈哈哈哈哈哈哈哈哈哈哈哈哈,0
2025/4/2 10:54,这个速度撞击车门损坏变形打不开还是挺正常的，不知道你们有没有看到过之前有个油车也是这样，还有一堆人砸窗救人，最后车起火还有人没救下来,0
2025/4/2 10:55,这锅车机真不背，三次提醒都没反应，建议返厂查查听力模块！,0
2025/4/2 10:55,这么多车事故着火的，唯独小米被推向舆论[宕机][宕机],1
2025/4/2 10:55,蹲后续 1，这瓜比连续剧还精彩，等着看雷总的更新,1
2025/4/2 10:55,为什么不连调查结果一起发出来呢？,0
2025/4/2 10:55,还在??,0
2025/4/2 10:56,车子起火不是很正常吗,1
2025/4/2 10:56,事故原因还没查明呢怎么给你个说法[捂脸]难道先给打款？,0
2025/4/2 10:56,跟风,1
2025/4/2 10:57,连车轱辘都买不起的我，哪有实力关注此事？[流泪],0
2025/4/2 10:57,我觉得自己永远都是自己安全的第一负责人，再智能的车我都不敢松开方向盘,0
2025/4/2 10:57,每个人都是自己生命的第一负责人,0
2025/4/2 10:57,远离电车，远离有瓶的车，切记，。,0
2025/4/2 10:58,作为资深汽车行业从业人员和资深司机提醒开车人，自己是安全的最后防线，命是自己的，不要轻信宣传的遥遥领先。,0
2025/4/2 10:58,十次事故9次快，还有一次开智驾[捂脸],0
2025/4/2 10:58,全是废话,1
2025/4/2 10:59,个人问题，和车有什么关系，本来就是辅助驾驶，又不是自动驾驶，正好被友商放大抹黑了，实在是悲哀,1
2025/4/2 10:59,小米的车但凡出一点问题，立马热搜好几天。我想问，别的车，这么多年是一点问题没出吗,1
2025/4/2 10:59,大号联想,1
2025/4/2 11:00,作为司机应该对生命有敬畏之心，对自己，对另外两人都是。,0
2025/4/2 11:00,这是一个商业合作,0
2025/4/2 11:00,谁懂这句话的含金量呀[泪奔],0
2025/4/2 11:01,我一个开了30年的女司机，以前高速上开定速巡航感觉神经比自己开紧张多了，所以基本不用，现在偶尔开儿子的电车，虽然有辅助驾驶功能，但我也不用，总感觉自己踩油门和刹车才心里踏实！我觉得不管油车还是电车，还是得精神集中开车，安全第一！,0
2025/4/2 11:01,是啊??,0
2025/4/2 11:01,到目前为止小米车主大概有20万个，丰田车主数量大概也就是小米的几千倍吧,0
2025/4/2 11:01,不是偏向谁，虽然说逝者为大，那么多事故，都是车的问题么，开车一定要小心小心再小心，尤其是高速公路，驾驶员心态很重要,0
2025/4/2 11:01,他夸谁谁屁股不干净,1
2025/4/2 11:02,我也觉得好离谱 那前段时间我车擦挂 我应该去找马斯克 提供了新思路,0
2025/4/2 11:02,雷总 小米 有责任有担当[比心],0
2025/4/2 11:02,如果有一个牌子，一直被所有同行针对，还一直存在。相信我，它一定是一家好企业。,0
2025/4/2 11:03,全球每天那么多车祸事故能让董事长直接回复的有多少[捂脸],1
2025/4/2 11:04,小米的公关不应该是这样，公关小组没有第一时间联系到家属慰问有失水平。,0
2025/4/2 11:04,连车都没摸到 怎么查现在,0
2025/4/2 11:04,雷总真是大好人，这都能出来回应，本来就不是车的问题啊,0
2025/4/2 11:05,车子是借的，没有驾驶证，,0
2025/4/2 11:06,雷总必须对宣传速度就是信仰负责,1
2025/4/2 11:06,新车厂造的车谨慎购买，命是自己的，只有一次。,0
2025/4/2 11:07,这很官方,0
2025/4/2 11:07,其实应该是找保险公司,0
2025/4/2 11:07,不是说好的喷火向下嘛,1
2025/4/2 11:07,你是靠做小米评测视频起家的，现在拿了别的厂商钱就开始持续发很多有失偏颇的不负责任言论，真的是让人非常不适 评论配图,1
2025/4/2 11:08,当初广告词中炫耀“冰箱彩电大沙发智驾…”  现在出现事故不知怎么回答[捂脸],1
2025/4/2 11:08,对，??想讹车企的话让人下头喔,1
2025/4/2 11:11,司机是事故的第一责任人，对生命没有敬畏之心，晚上跑高速，速度那么快，还把自己的命交到智能驾驶手里。,1
2025/4/2 11:11,[流泪][流泪][流泪]太可惜了,0
2025/4/2 11:12,那是车门打不开？ 一百多速度撞上去人都没有清醒的了谁去开车门？,1
2025/4/2 11:12,这个速度撞上去是必死无疑吧。现在就是看司机为什么没看到变道提示，是过于相信智能驾驶吗，智能驾驶显然没法提前预判，等发现并提示只有两三秒时间反应。其次是否出现所谓车门锁了出不去的情况（前提是这么撞还能活着）,0
2025/4/2 11:12,一直想买个车，有没有哪个品牌的车，从来没出过事故，推荐一下谢谢[比心],0
2025/4/2 11:13,开车不睡觉屁事没有,1
2025/4/2 11:13,回应了你们说他公关，不回应你说他逃避，树大招风，雷总真难。,0
2025/4/2 11:14,人类最该注意的是生命,0
2025/4/2 11:14,把一把屠龙刀递给儿童，算不算是一种谋杀？,1
2025/4/2 11:14,家属包括司机都是米粉,0
2025/4/2 11:15,开车上路自己是第一责任人，要对别人说的话有分析可信度，辅助驾驶不能依赖，要不然警惕性都会下降。大家握紧方向盘，少听大忽悠。对自己好，也是对家都好。,0
2025/4/2 11:15,开始有受害者有罪论了，孝子已经先替企业不把人命当回事了,1
2025/4/2 11:16,在高速使用智驾驶就是对生命的最大不敬畏,0
2025/4/2 11:16,行车不规范，亲人俩行泪,0
2025/4/2 11:16,道路维护的我也怕，有次在高速路弯道上设置路障，两个车道都有车，把我吓惨了,0
2025/4/2 11:18,高下立判,0
2025/4/2 11:18,每年车祸没有上万都上千例吧，有多少车企要倒闭，希望你能成功拿到钱,1
2025/4/2 11:18,我只想说，智能辅助驾驶不是无人驾驶,0
2025/4/2 11:18,其实我相信无论是不是车企的责任车企也都应对遇难者表示哀悼尊重和人道关怀，只是目前情况还没调查得详实明了，大家需要的是平心静气耐心等待，真诚友善沟通解决！！！??????????,0
2025/4/2 11:19,《智能辅助驾驶》,0
2025/4/2 11:19,哪家的车都会发生车祸，起火的也很多，就因为小米这两年太火了，竞争对手和敌对势力都抓住这个机会了，铺天盖地的宣传。怎么说呢，欲戴其冠必受其重吧,1
2025/4/2 11:19,背后就是一场商战,0
2025/4/2 11:19,企业的强IP,0
2025/4/2 11:19,不是车自身的问题、因为技术无罪，车企应该想出方案，加装电子围栏，能够主动识别城市道路与赛道。城市道理主动关闭大马力程序，且无法解锁。,0
2025/4/2 11:19,你怎么知道车门打不开,0
2025/4/2 11:19,鲜活的生命交给智架，没一点敬畏之心,1
2025/4/2 11:19,雷总这态度，看到都很欣慰，不逃避，勇敢面对,0
2025/4/2 11:19,智驾就是个噱头，最多就是个加强版定速巡航而已。还是机械的东西靠得住，最起码坏了就是坏了，而不是什么系统锁死/断电重启/无线死循环,0
2025/4/2 11:19,每个上高速的司机都应对高速行车安全有敬畏之心,0
2025/4/2 11:20,到底是打了没打开？ 还是 当场身亡了没有去打？ 还是根本不知道怎么打开？,1
2025/4/2 11:20,不完美才是完美回复,0
2025/4/2 11:20,为逝者默哀！ 其实当你选择了电车的同时你也选择了它的先天不足，亦选择了为此付出代价。只是可惜了青春年华。唉！,0
2025/4/2 11:20,自动驾驶功能，让驾驶人失去了一名司机该有的觉悟,1
2025/4/2 11:21,赞美雷军！,0
2025/4/2 11:21,安全驾驶第一位,0
2025/4/2 11:21,她女儿是肇事司机，另外两个女孩才是受害者，其次她妈开始还说车是自燃的，男朋友一会儿还说是车机失控了，后来还说车被小米公司拖到了北京，妈妈还说车是她买的，男朋友也说车是他买的，事故责任认定书还没出来，隔着千里之外漏洞百出前后矛盾，你是真的在意那三条人命还是只是你攻击车企的工具？,1
2025/4/2 11:21,[捂脸][捂脸][捂脸],0
2025/4/2 11:22,今天买彩票没中大奖请彩票中心给一个让大家满意的说法,1
2025/4/2 11:22,等下有人闻着味就来了,1
2025/4/2 11:22,这就是他的行动[捂脸][捂脸][捂脸],0
2025/4/2 11:22,难道都是车的责任吗？现在最终结果还没出来了 现在全部责任都推到车企了 请问谁开车不看路 告诉我,0
2025/4/2 11:22,给雷总点赞[赞][赞][鼓掌][鼓掌][比心],0
2025/4/2 11:23,还是老百姓法律意识淡泊导致的,0
2025/4/2 11:23,车祸很多，不要因为是小米就揪着不放,0
2025/4/2 11:24,车企现在宣传智驾是辅助驾驶，实际上人成了辅助驾驶。,0
2025/4/2 11:24,开车最基本的常识要有的好吧 自己的生命终究是要自己好好保护的,0
2025/4/2 11:24,可能在开车时没有看路，把智驾l2当l4用,1
2025/4/2 11:24,其实很简单，就是小米享受到了当年特斯拉的待遇[看][看]等过了这个风口，小米就会跟特斯拉一样，依旧坚挺甚至更火[看][看],0
2025/4/2 11:24,爆燃，不是机械伤害物体打击,0
2025/4/2 11:24,赔偿不是保险公司赔吗？??,0
2025/4/2 11:25,晚上都不敢用定速巡航，这智驾才出来几年就敢这么用啊,0
2025/4/2 11:25,“小米的AEB只能辨别出车、人、两轮车。”这事军儿知道吗？军在苏7发布会上说明过吗？这事关生命的东西都不真实介绍，只吹嘘能跑多快。是军儿觉得客户的命都不是事儿吗？,1
2025/4/2 11:25,回复@控制你love:遥遥M7被挂了一个星期的热搜，这叫删占帖？,1
2025/4/2 11:25,[赞][赞][赞],0
2025/4/2 11:26,这才是公道话,0
2025/4/2 11:26,记住！这是有史以来第一位车企老总为车祸身亡人员哀悼！[流泪][赞],0
2025/4/2 11:26,愿逝者安息，一切以事实为依据，相信小米会妥善处理好。,0
2025/4/2 11:26,[绝][捂脸],0
2025/4/2 11:26,换做其他的车企都甩给法务部了，还回复你[九转大肠]，雷总还是不让人失望,0
2025/4/2 11:26,家属心情可以理解，但你确定出车祸了时候还能自己开车门吗！！！,1
2025/4/2 11:27,不过我也不认可你那个弱势群体那句话 三个生命是活活烧死最痛苦死法 起码你表达是和雷军一样的话 是对生命的可惜哀悼 作为家属如果听这句你就是火上浇油,1
2025/4/2 11:27,小米如果说自己智驾很厉害，不用自己开靠智驾就行了，用户因为这个出事他该负责[捂脸],1
2025/4/2 11:28,曾多次驾驶小米su7一个人开往佛山，那说明车子没问题，那就让交警按交通事故处理吧。,0
2025/4/2 11:28,首先司机要有敬畏之心才对,0
2025/4/2 11:28,自己撞上去的为什么找品牌方呢？,1
2025/4/2 11:28,小米真舍得花钱公关,1
2025/4/2 11:28,确实高不止一档，但让子弹继续飞,0
2025/4/2 11:29,现在只是辅助驾驶，而不是完全智驾，把生命交给不成熟的技术，就是对自己的不负责。,0
2025/4/2 11:29,不会赔钱！赔了意思就不一样了,1
2025/4/2 11:29,可惜了三个妹子,1
2025/4/2 11:29,别的不说 超速200% 自己对自己生命都没有敬畏之心…好离谱啊,1
2025/4/2 11:29,人吧自己对自己负责更重要,0
2025/4/2 11:30,至少一千万就可以了,0
2025/4/2 11:30,善解人意了,0
2025/4/2 11:30,谁也不想发生的事,0
2025/4/2 11:30,是人性,0
2025/4/2 11:30,3.30安徽有编制考试吗？不都是安排周六的吗？,0
2025/4/2 11:31,电车不解决电池碰撞起火问题，就难以说安全。目前的电池起火速度太快了，根本不给留下施救时间。,0
2025/4/2 11:31,三条人命！ 评论区甚至还在饭圈 还在串 静待结果就好了 逝者安息?? 希望大家开车注意安全 出入平安,0
2025/4/2 11:31,也是奇怪现在怎么口径都是往智驾上带，智驾和智驾一样么？,0
2025/4/2 11:31,怎么调查也是车主的责任,1
2025/4/2 11:31,营销,0
2025/4/2 11:32,因为这个月yu7开发布会[看][看][看][看],0
2025/4/2 11:32,是打不开[疑问]还是没开[疑问]关着就是打不开[疑问],0
2025/4/2 11:32,"总结一下
家属：小米，你把所有责任都揽下来",0
2025/4/2 11:33,[尬笑][尬笑]有些群体等这一天好久了,1
2025/4/2 11:33,小米汽车太火了，动了别人蛋糕[灵机一动],1
2025/4/2 11:33,车企有敬畏之心？不应该是驾驶员对生命有敬畏之心吗 怎么看都是驾驶员对自己生命不负责啊,0
2025/4/2 11:33,头一次对车企说打钱,0
2025/4/2 11:33,每个人都要对生命有敬畏之心，,0
2025/4/2 11:33,信智驾还是信自己，自己选。,0
2025/4/2 11:33,出车祸怪人家车干嘛 夜里高速有多难 开过车的都知道 智能辅助驾驶不代表你可以把命交给小米 智能智能吹上天 定速巡航我都觉得不靠谱,0
2025/4/2 11:33,丰田、大众、宝马、奔驰，事故亡人这么多，他们的董事长是不是应该跪下来道歉？,1
2025/4/2 11:34,少点花里胡哨，多点安全责任心,0
2025/4/2 11:34,小米有啥错？,0
2025/4/2 11:34,就是一起普通的车祸，因为这是电车，是小米，才会造成这么大的舆论。这要是换成一辆油车撞了隔离带，然后油箱着火，车门因为变形打不开，可能都没人知道这件事。,0
2025/4/2 11:34,相信雷总，相信小米，相信国产，也支持国产,0
2025/4/2 11:34,家属：赔偿款什么时候能到打到我账户上？[捂脸][捂脸][捂脸],0
2025/4/2 11:34,幸好马斯克不在中国不然要天天出来道歉,1
2025/4/2 11:35,晚上高速智驾跑100多  是谁对生命没有敬畏之心？这要是撞到其他车呢？,0
2025/4/2 11:35,什么叫车企要有敬畏之心你自己的生命自己都不负责吗,1
2025/4/2 11:35,不相信自己相信电脑[捂脸][捂脸],0
2025/4/2 11:35,我觉得有人眼红雷总了， 凡事为了老百姓考虑一点点的企业家的都要被针对,1
2025/4/2 11:35,雷总 我们都相信你,0
2025/4/2 11:36,这世道……,0
2025/4/2 11:36,相信雷总，相信雷总,0
2025/4/2 11:36,水军出没,1
2025/4/2 11:36,每天都有这么多车祸在发生，唯独小米关注度最高，只能说小米太火了没办法！！！,1
2025/4/2 11:36,责任心[赞][赞][赞],0
2025/4/2 11:37,此次事件为什么一直针对某汽车品牌~为什没人思考事故的因素：深夜、高速、修路、116迈巡航、驾驶经验不足的女司机等等，这debuff都叠满了！换做真人驾驶也要出问题，换做其他车品牌也会出问题。只不过是一起人亡事故车祸，每年国内类似车祸千千万万为什么揪着小米品牌不放呢~怕是别有用心吧,1
2025/4/2 11:37,驾驶员要对自己和乘车人的生命有敬畏之心，车是工具，反正我 15 年驾龄是不敢大半夜高速 120，还敢双手离开方向盘的,0
2025/4/2 11:37,网红恶心,1
2025/4/2 11:38,开车辅助驾驶我只用ACC，同时脚还得放在刹车上,0
2025/4/2 11:38,我向死者表示哀悼，向家属你表示同情！ 到底是怎样发生的事故，我们暂且无法定论。首先，生命是自己的，我觉得大半夜的三个女孩在高速公路上开车的速度有点过于快了。所谓的智驾，其实只是一种辅助驾驶。各位车友，千万记的：智驾，只是辅助驾驶，绝不是自动驾驶！祝福各位驾车愉快！,0
2025/4/2 11:38,别把军儿给我整没了[微笑],0
2025/4/2 11:38,关车企什么事啊？[捂脸][捂脸][捂脸],0
2025/4/2 11:38,自己要智驾，就自己承担后果。相信电子的东西也是头大。,0
2025/4/2 11:38,司机本身就高危行业，驾车需谨慎,0
2025/4/2 11:39,倒反天罡,1
2025/4/2 11:39,翻译一下:拿点钱来,1
2025/4/2 11:39,这下看懂了,0
2025/4/2 11:40,雷军这个回复纯属多余了,1
2025/4/2 11:40,对智驾没有敬畏之心,0
2025/4/2 11:40,它算个jbhu??,1
2025/4/2 11:40,人家只是辅助驾驶，可有人非要全依赖，非要拿自己的姓名去尝试[尬笑],1
2025/4/2 11:41,有哪种车不出车祸，没有伤亡[发呆],0
2025/4/2 11:41,到底在寒心什么？难道说的有错吗？死者为先，不是说死了就对，难道不是严重车祸嘛，全中国死在车祸下的有六万人，一个小时就有七个，到底是什么原因让你们盯着这三个，自动辅助驾驶是辅助！车门能不能开，给证据啊，116到97再到碰上，她三不晕她是神仙,1
2025/4/2 11:42,唉，智能驾驶,0
2025/4/2 11:43,按照中国标准造车，出事了就赖车企了，,1
2025/4/2 11:43,懂得大家都懂……不找当时发生问题和关键问题，高速上有任何施工??都会有提示牌！多远就能看见，除非眼睛瞎了！对事不对人，不喜欢我这种说法，可以直接喷,1
2025/4/2 11:43,家属老让车企联系他们～联系你们干啥，难道说对不起我们错了？事故认定哪方责任还没明确,1
2025/4/2 11:43,好可怕  有点江秋莲的意思,1
2025/4/2 11:43,hdwdxxxxx,0
2025/4/2 11:44,老胡说的是,0
2025/4/2 11:44,递弱代偿,0
2025/4/2 11:44,哥，抹点润唇膏吧！[捂脸],0
2025/4/2 11:44,大家开车出行一定要注意安全[感谢],0
2025/4/2 11:45,都删了多少了，现在才出来。,1
2025/4/2 11:45,雷总是新时代最伟大的人，是代表广大人民最基本的利益，是当今世界最有影响力的人物，是兆亿人民所拥护的对象，值得全体中国人民感恩，为雷总和小米点赞[赞],0
2025/4/2 11:45,好的车也要配合格的驾驶员,0
2025/4/2 11:45,这个车好可怕，有没有小米车主不敢开想换车的，诚意收车[感谢],0
2025/4/2 11:45,肯定要拉小米下水，不然车主1赔3,1
2025/4/2 11:46,华哥好帅，讲的太好了,0
2025/4/2 11:46,其实车已经自动开始减速了  人抢夺了操作权  这种情况人不操作可能结局会更好  但几乎不可能  毕竟人都会慌张,0
2025/4/2 11:47,这个人是怎么了,1
2025/4/2 11:47,我之前撞了一个人，全程交给保险公司处理的，就交警队签字去了一下[捂脸],0
2025/4/2 11:47,建议先了解一下什么叫做辅助驾驶，驾驶者对于生命是否有足够的敬畏之心再出声吧,1
2025/4/2 11:47,小米要是赔钱，那我以后就只买小米手机，每次坏了我都找雷军让他赔我一个新的,1
2025/4/2 11:48,不就是想舆论绑架要钱，结果发现这次舆论大家没向着她,1
2025/4/2 11:48,夜间行车太危险，估计自动驾驶系统的识别能力在夜间也受限,0
2025/4/2 11:48,我理解的智驾 就是不装方向盘 给你安全送到目的地  有方向盘 就不存在所谓的智驾 [捂脸],0
2025/4/2 11:48,这样的时速，估计换什么车都够呛！,0
2025/4/2 11:48,这货还不死,1
2025/4/2 11:49,今天刷到一博主说盲猜过不了多久这家人要开始带货了[微笑],1
2025/4/2 11:49,只能说单靠视觉方案还是不行，激光雷达还是目前智驾方案的最优解。,0
2025/4/2 11:49,之前无人驾驶网约车闹得沸沸扬扬的时候，我媳妇说了一句话：老公我可不敢打这个车，你开的车最安全，我还是想把命交给你！,0
2025/4/2 11:50,经过这个事，我决定下次换车一定买小米,0
2025/4/2 11:50,支持雷总！,0
2025/4/2 11:50,也就是小米有责任心，换别的车企估计就不一样了,0
2025/4/2 11:50,说白了换个车结果一样[机智],0
2025/4/2 11:50,有没有可能撞了车以后人全部都晕过去了,0
2025/4/2 11:50,我的蒙迪欧防碰撞功能都可以识别水泥隔离墙，护栏，路锥，行人，车辆，为啥这么高级的智能驾驶不行啊,0
2025/4/2 11:51,极氪已经发布完新车了小米热度很快就会过去被原谅,1
2025/4/2 11:51,事故报告出了吗？确定了吗？？,0
2025/4/2 11:51,有赛照  借出去的车咋办  每次上车认证也不现实,0
2025/4/2 11:51,你为什么不放原声，原声还有一句要赔多少[投降][投降]，还好我刷到了那个视频,1
2025/4/2 11:52,主要是你做什么他都会有回应,0
2025/4/2 11:52,我觉得雷总很有诚意了,0
2025/4/2 11:52,雷总回应的这个态度确实是还挺真挚的,0
2025/4/2 11:52,小米走高性价比线路威胁到同行了。,0
2025/4/2 11:52,现在还是等一个调查结果再说吧,0
2025/4/2 11:52,雷军这波回应，太懂米粉心思了,0
2025/4/2 11:52,倒反天罡,1
2025/4/2 11:52,人撞的时候，估计已经失去了行动能力。怎么开。加上不熟悉车，可能开关都找不到,0
2025/4/2 11:52,主要是事情没调查清楚，他也不知道回答什么吧,0
2025/4/2 11:53,这么听劝的雷军，很难不粉啊,0
2025/4/2 11:53,胡这一次舔狗无疑了,1
2025/4/2 11:53,要真是小米汽车的事雷总不会逃避的,0
2025/4/2 11:53,小米水军真实太牛了,1
2025/4/2 11:53,会骂会听会改，雷军还是接地气的,0
2025/4/2 11:53,主要是他们这个态度我都觉得还挺不错的,0
2025/4/2 11:53,雷军回应很迅速，好感直线拉满,0
2025/4/2 11:53,不管他回不回应，其实都会有人说的。,0
2025/4/2 11:54,一切还要等事故调查完再说,0
2025/4/2 11:54,100码油车都得燃[看],1
2025/4/2 11:54,雷总敢站出来发文已经打败了90%的车企了??,0
2025/4/2 11:54,从雷军回应，看到小米的诚意,0
2025/4/2 11:54,好想知道事故调查结果什么时候出来,0
2025/4/2 11:54,这就是捧杀,1
2025/4/2 11:55,单反对交通法敬畏的话也不会这样子,0
2025/4/2 11:55,雷总的这个态度真的是十分的诚恳！,0
2025/4/2 11:55,胡这个撒哔又开始哔哔了 早晚得进去,1
2025/4/2 11:55,为啥那么笃定车门没法打开？是因为车内人员没下车就笃定车门打不开？还是有现场人员救助发现车门无法打开？小米不是有机械开门吗,0
2025/4/2 11:55,你骂他雷总也是真的会站出来回应的。,1
2025/4/2 11:55,新手，还在驾照试用期，无有经验副驾， 半夜11点跑高速， 用智驾分心， 送死buff叠满了,1
2025/4/2 11:56,这个报道客观不指向不带节奏。是有新闻价值和立场的。赞。现在这种新闻素养已经极稀罕了。可以。,0
2025/4/2 11:56,你啊！太坏了！,1
2025/4/2 11:56,所以说还是要调查清楚比较好！,0
2025/4/2 11:56,雷总这波回应也是十分的圈粉了。,0
2025/4/2 11:56,还记得之前恶搞论语里带“朝闻道夕死可矣：早上知道了你家的地址，晚上就去嘎了你。”吗，直接具象化了。,1
2025/4/2 11:57,我想知道米黑敢不敢试一下用其他厂商的车去还原一下这场事故[看],1
2025/4/2 11:57,小米不安全……有没有车主便宜卖给我二手的？我不怕不安全[看],1
2025/4/2 11:58,回复@等你共鸣:进口汽车特斯拉、大众等包括国产电车也都有类似事故起火等伤亡问题，没见这么天天挂在热搜上的，我是油车也不是米粉！问题核心是车辆在路上行驶，驾驶员才应该是问题的第一负责人而不是智驾人工智能等等~！,0
2025/4/2 11:58,再说雷军也没有义务承担责任，要找就找自己孩子的问题,0
2025/4/2 11:59,有负责吹牛的，有负责纳税的,1
2025/4/2 11:59,驾驶员和车主应当对生命有敬畏之心,0
2025/4/2 11:59,油车事故死的人不多吗？？？？？？,1
2025/4/2 11:59,自己都不敬畏生命,1
2025/4/2 11:59,可是车企宣传智驾的时候也要对生命有敬畏之心呀,0
2025/4/2 11:59,找到发财之路了,0
2025/4/2 11:59,五万收一辆su7你们不敢开我来[看],1
2025/4/2 11:59,看看,0
2025/4/2 12:00,我预测，雷总可能会入股保险行业[捂脸],0
2025/4/2 12:00,还是那句话，电车不买，这次事故苏7连四个门都没变形，奈何人的速度赶不上电池爆燃的速度，如果是油车百分之百能安然开门下车，再抽两包烟等交警来处理事故。,1
2025/4/2 12:01,威胁,1
2025/4/2 12:01,可惜了，我没有认识他们,0
2025/4/2 12:01,安全至上,0
2025/4/2 12:01,前几天疯狂删帖，自贡小米出事也疯狂删帖，你视而不见,1
2025/4/2 12:01,问题是驾驶人也要赔偿另外两个受害者家属！,0
2025/4/2 12:02,蹭流量,1
2025/4/2 12:02,不懂就问，97km/h碰撞后，人会瞬间失去意识吗？,0
2025/4/2 12:02,有什么可寒心的[泪奔],1
2025/4/2 12:02,这么多车企，哪个品牌会没有事故没有死人，也就雷总这么有担当，也敢担当！！！但是，智驾还得深化技术……,0
2025/4/2 12:02,点了，一大堆人在那攻击家属，同情资本家也是麻了,1
2025/4/2 12:03,我始终认为，车有设计的缺陷，这个可以通过监管部门统一给一个硬性的安全标准解决。可是人呢？作为司机，现在90%的司机不懂交规，不懂驾驶安全，更不了解自己的车，最可怕的还是管不住自己。,1
2025/4/2 12:03,人家小鹏好像在研发天空飞的,0
2025/4/2 12:03,[看]懂的人已经开始买小米股票了,0
2025/4/2 12:03,有没有觉得自己手上小米su7不安全的，我可以出10W收一辆[看][看][看],1
2025/4/2 12:03,小米su7标准版，根本没有激光雷达，只有纯视觉智驾，只能识别60米以内，高速上根本没法用。,1
2025/4/2 12:04,唉！哪有汽车不发事故的……,0
2025/4/2 12:04,开十几年前的老款燃油车如果出了事故就没法怪到车辆头上了，看来还是应该买电车，出了事故还能索赔,1
2025/4/2 12:05,所谓智驾 不应该首先应用在赛车场上，然后再进入寻常老百姓家庭么,0
2025/4/2 12:05,不太懂车，求推荐一款不出事故的品牌,0
2025/4/2 12:05,磷酸铁锂根本不会燃烧，六十度怎么燃烧，估计是短路后电线点燃了其他可燃物,0
2025/4/2 12:05,是哦，那个车企就是上海人的亲爹特斯拉和小米,1
2025/4/2 12:06,这只能说明这三位女孩父母能量强??,1
2025/4/2 12:06,就是，啥牌车子没有过车祸，主要是不管啥车，都要安全驾驶！！！,0
2025/4/2 12:06,连小 米关键的评论都发不出去，你说这个车企有多无耻,1
2025/4/2 12:06,不知道军哥前面删了多少贴么？,1
2025/4/2 12:06,因为他走的是总裁营销的路线啊，其他公司都是总裁出来博流量的？,0
2025/4/2 12:07,给大家科普一下,0
2025/4/2 12:07,关键宣传不是电池倒置嘛[捂脸]，没啥用啊,0
2025/4/2 12:07,以后大家不要买保险了 ，谁出事直接找车企,1
2025/4/2 12:07,支持小米,0
2025/4/2 12:07,影响是深远的，教训是刻骨的，道歉是真诚的，愿世间的一切都稍微慢一点，等一等人们的脚步，力争上游无可厚非，亦步亦趋亦有风景。,0
2025/4/2 12:07,自己不拿自己命当回事,1
2025/4/2 12:07,劳斯莱斯就不会出事故,1
2025/4/2 12:07,真诚的人 发生事故的也好可惜,0
2025/4/2 12:07,说实话是车祸。十个车祸九个是驾驶人员的问题。,0
2025/4/2 12:08,出事不找车主找车企,0
2025/4/2 12:08,夜间开车注意安全[感谢],0
2025/4/2 12:08,反正小米这个锅背得挺大了,1
2025/4/2 12:08,拉升股价的手段罢了,1
2025/4/2 12:09,冷知识：这辆标准版到su7用的不是宁德时代的电池[可怜],0
2025/4/2 12:09,问界当初一开始慰问家属了。小米这个是不是家属报出来没有人慰问？我看微博家属说,1
2025/4/2 12:09,我钱太少，我将起诉印钞厂,1
2025/4/2 12:09,小米粉丝可以拉我进群？有钱一起赚,0
2025/4/2 12:09,感觉倒霉的是后排其他两个女生，碰到这么一个司机[九转大肠],0
2025/4/2 12:09,绝对是困了，开高速必困得。还开智驾，更容易困,0
2025/4/2 12:10,看不出来,0
2025/4/2 12:10,不能做到100%不起火,0
2025/4/2 12:10,我有个问题想问，大家是认为撞击后，它需要自动开锁吗？我的理解是车子本身是锁住的，可以在内部用机械锁打开，但是外部是无法打开的，如果一辆车，车门锁住了，外面的人随意就能打开，如何保证自己的安全,0
2025/4/2 12:10,别着急站队。家属自述可是29号开始被删封了好几天呢。,0
2025/4/2 12:10,水军太多,1
2025/4/2 12:10,这个施工方……应该首先 先抓进去,1
2025/4/2 12:10,出了命案请报警 走法律途径,0
2025/4/2 12:11,新能源电池本身就不成熟，尤其是在夏日炎炎四十多度高温中,0
2025/4/2 12:11,难道说得不对？,0
2025/4/2 12:12,接管刹车 驾驶方向盘？,0
2025/4/2 12:12,打广告说好的安全呢？,1
2025/4/2 12:12,做新闻应该对事实真相有敬畏之心，应该是职业素养有敬畏之心，应该对利国为民有敬畏之心,0
2025/4/2 12:12,"米粉难啊,天天&quot;自觉&quot;维护企业形象! 米粉维权更难,还得走自证流程,受尽同类伤害,现在已经开始提前叠甲了!米粉为难米粉的世界就这样形成了!",1
2025/4/2 12:12,不是人家车企，是你自己女儿要对生命有敬畏之心,1
2025/4/2 12:12,人话就是:抓紧打钱,1
2025/4/2 12:13,不烧多一点工厂没活干，这样可以带动消费。,1
2025/4/2 12:13,定位太低能买的起的人太多，你要把价位定到法拉利，大牛那样。你看有几人买，,1
2025/4/2 12:13,雷军还不够有敬畏之心啊？,1
2025/4/2 12:13,联系驾校了吗？？？,0
2025/4/2 12:13,你们怎么知道车门打不开？这个我很好奇,0
2025/4/2 12:14,每个人是自己生命的第一负责人，万事要当心，现在的智驾还没到可以解放双手的地步,0
2025/4/2 12:14,坦诚有什么用，如果在国外，出那么大的事，雷就算不牢底坐穿，也得赔的倾家荡产，什么东西都不是急于上市销售，总得成熟吧,1
2025/4/2 12:14,这个赛道异常宽阔[暗中观察][暗中观察][暗中观察],0
2025/4/2 12:14,这还没定论就先入为主是车的问题了？,0
2025/4/2 12:14,当你开车睡觉是就已经把自己的命交出去了,0
2025/4/2 12:14,尊重自然规律,0
2025/4/2 12:14,那你觉得怎么样，您就满意了？,0
2025/4/2 12:14,我只知道安倍锡进拿的是外务省的经费，所以皇军认证懂的都懂，啥钱都挣了,1
2025/4/2 12:15,都过几天了才回应[看],1
2025/4/2 12:15,可以理解面对突如其来的噩耗没有相关常识不知道找谁处理 虽然但是 责任更多肯定在驾驶员本身而不是车企…快100迈撞击没有什么车能承诺坚决不起火这还是电车…而且“辅助”驾驶为什么超过100迈还离开方向盘 施工路段很早就应该有告示 分神没看见可是地图导航都会提前说…要尊重自己生命节哀逝者安息??,0
2025/4/2 12:15,出事不说自己先找别人麻烦,1
2025/4/2 12:15,非常有道理,0
2025/4/2 12:15,本来想买小米汽车，坚决不买了，还不想过早上墙微笑,1
2025/4/2 12:16,雷首富[赞],0
2025/4/2 12:16,夏天到了！你们的车没有车库！想想暴晒后启动会是什么结果……,0
2025/4/2 12:16,不要一棍子打死，某厂不行不代表别的智驾也不行？？,0
2025/4/2 12:16,突然感觉小米最有担当,0
2025/4/2 12:16,完了，老胡认证,1
2025/4/2 12:16,懂的人已经开始买小米的股票了[捂脸],0
2025/4/2 12:17,想换车，要零事故，不死人，绝对安全的。请作者推荐一款！万分感谢,0
2025/4/2 12:17,现在最大的矛盾就是小米想和你走法律程序，你想和小米走网络程序[微笑],1
2025/4/2 12:17,那为什么断电后外面大不开？,0
2025/4/2 12:17,买小米汽车，免费送一键火化，赚大了,1
2025/4/2 12:17,力挺小米，我与小米共进退[送心],0
2025/4/2 12:18,真可怕，不知名的家属远在黄石，在全网发出了鉴定报告[捂脸],0
2025/4/2 12:18,啧啧啧,1
2025/4/2 12:18,驾驶员要对自己的生命安全有足够的敬畏之心。媒体补药再乱带节奏了,0
2025/4/2 12:18,家属的冷静超乎想象,0
2025/4/2 12:18,这一次我也支持小米，出了车祸先找ceo是什么事,1
2025/4/2 12:19,????????????,0
2025/4/2 12:19,知道保险赔不了三个人钱，现在只能把事情闹大，想着小米赔点钱，,1
2025/4/2 12:19,我觉得和汽车关系不大，更大的责任在于驾驶员。,0
2025/4/2 12:21,yes！所以你无法证明,1
2025/4/2 12:22,详细报告要等交警吧，等等看最后结果,0
2025/4/2 12:22,博流量的总裁副总裁可是不少吧,1
2025/4/2 12:22,开车的人要对生命有敬畏之心，自己的，他人的,0
2025/4/2 12:22,这女孩开车一直在分心，开蔚来更新系统后偶尔看一下后视镜车子就会一直提醒专注开车，估摸着就是为了防止那些不认真开车啥都带上品牌问题。我觉得好好开车才是核心问题，路上男女杀手????层出不穷,1
2025/4/2 12:22,胡叼盘一说只会让人讨厌,1
2025/4/2 12:22,车祸每天都有，就看是不是车的问题了,0
2025/4/2 12:22,小米手机都没造好，总是出问题，还敢去造车？,1
2025/4/2 12:23,雷总，加油[赞]，相信中国品牌汽车越来越安全，越来越好[感谢],0
2025/4/2 12:23,哇偶,0
2025/4/2 12:23,乐，公关的稿子罢了,1
2025/4/2 12:24,各位SU7的车主，如果觉得不安全，我愿意岀十万跟你们买下来[白眼],1
2025/4/2 12:24,正打算买，害怕了[捂脸],0
2025/4/2 12:24,说实话小米车的质量  安全性肯定是没问题的，就是是一个电池车，排除电池用料肯定比我几十万的油车质量好，[九转大肠],0
2025/4/2 12:24,我也想到了你的预测,0
2025/4/2 12:25,破产不至于吧，并且这次事情。怎么看都是驾驶员过错。,1
2025/4/2 12:25,余总说他们是L2.9999（9循环）,0
2025/4/2 12:25,。。。。。。。。。。。。。我觉得她家长做法很难看,1
2025/4/2 12:25,97公里撞车立停身体要承受几个G？基本上颈椎可能马上断裂然后失去意识了,0
2025/4/2 12:25,想要小米负责，车主直接说，小米不是傻子。借车给人家，出事了，你跑不了，除非对方家属不追究,1
2025/4/2 12:25,??,0
2025/4/2 12:25,是的，这次要是赔了，以后会有更多人为了钱效仿,1
2025/4/2 12:25,是的，我跟一个不懂商业运行规则的人没啥好说的。小米粉丝低端的刻板印象?1,1
2025/4/2 12:25,对死亡有敬畏之心的，不是驾驶员？,1
2025/4/2 12:25,"小米，网友，交警，保险都建议你走法律程序。
只有车主和家属不愿意走法律程序，因为真走法律程序了，就没钱了。",1
2025/4/2 12:25,大师您好！请问可以算算演员景甜的命局走向吗？尤其婚姻方面,0
2025/4/2 12:26,保险可以赔偿的 不过如果车有问题 车企该赔就赔,0
2025/4/2 12:26,驾驶员要对自己和别人生命保持敬畏之心才对！！！,0
2025/4/2 12:26,希望车企？？？正常人 出车祸第一时间是找保险 找交警 每天起火的车多了,1
2025/4/2 12:26,峰哥老谨言慎行了，一个不小心就会被对面律师函警告[流泪],0
2025/4/2 12:26,这是雷总的个人微博，大家能关注的，不只是因为产品，更主要是人品。所以对待此事，大家都多点理性，客观性，对事不对人，对事也要允许时间去澄清事实。,0
2025/4/2 12:26,要对高速路和速度有敬畏，每次跑高速都打起十二分的精神。高速不仅仅只有平坦，还有速度带来的风险,0
2025/4/2 12:26,换个车企看谁会出来回应[捂脸],0
2025/4/2 12:26,开车安全驾驶，注意??安全，再好的车也一样，[感谢],0
2025/4/2 12:26,图片评论,0
2025/4/2 12:27,我现在就等着周杰伦的了,0
2025/4/2 12:27,因为目前小米太火了,0
2025/4/2 12:27,出车祸了，驾驶员不是车主。车主有的赔了[泪奔]，除非小米吃亏赔。不然谁也赔不起。,1
2025/4/2 12:27,换一个车也是一样的结局，但是我们看到了人民企业家的责任心,0
2025/4/2 12:27,@果儿果儿,0
2025/4/2 12:27,本人预测，本次小米su7事件，雷军会轻松化解，不会对小米有影响,0
2025/4/2 12:27,那就别做了[看],1
2025/4/2 12:28,可是每个人才是自己生命第一负责人啊,0
2025/4/2 12:28,就是不信邪，电车买买买,0
2025/4/2 12:28,无论你是开什么车，必须不要用自动模式，而是用自己能掌控。车辆不要用自动模式来用。车辆出行还是要自己能掌控车辆和方向盘和油门，油门是自己脚来掌控这样的。不要好奇心，用自动模式来出行，而是自己能掌控。在哪的方向盘？方向盘是自己能掌控正了的。,0
2025/4/2 12:28,总有些人只想着享受好处却不愿意承担相应的风险，万事万物都有利弊。买车之前就应该知道会发生这种事情，现在又把责任推到别人身上，可笑的群体！打着弱势的旗号在那里肆意的诽谤造谣，也不撒泡尿照照自己键盘后面的丑恶嘴脸,1
2025/4/2 12:28,有什么问题？请问？目前为止据我所知可是超速驾驶导致的哦,0
2025/4/2 12:29,低配，没有智能驾驶，只有辅助驾驶，双手离开方向盘[捂脸],0
2025/4/2 12:29,我们手跟脚是来干嘛的？长两只手长两只脚是用来干嘛的？车辆是自己能掌控得了的，而不是用自动来掌控。人类的而是人类要掌控这样的,1
2025/4/2 12:29,也就这两年伤官见官 主要是明年吧 不过他的时柱是不是有点问题 我看有说午时有说巳时的,0
2025/4/2 12:29,好害怕呀～～问题最多的两辆车居然我都买了，真的好害怕呀[看][看][看],0
2025/4/2 12:30,什么车也不能保证绝对安全，关键是驾驶员，别说小米汽车，就是1000万的车也是代步工具，在责任没有明确之前，不要妄加评论,0
2025/4/2 12:30,也把雷军删帖的证据拿出来一下,1
2025/4/2 12:30,之前林志颖开特斯拉出车祸怎么不找马斯克赔呢别说是智驾模式有问题哦??要不然考驾照干嘛完全不会开车就靠个程序吗你家里电脑不会有死机的时候吗,1
2025/4/2 12:30,本人25岁家里想给买辆车，请问哪个车不会出事故想买这个牌子谢谢[比心],0
2025/4/2 12:30,如果能证明 撞击之后 5分钟后电池才烧 那我下一台肯定买小米 我看了那车架子 ab柱完好 证明用料非常良心了！,0
2025/4/2 12:30,什么东西都是要人来掌控的，不是要贪婪的心要自动来掌控人类的。开车也是。有手有脚，必须用自己来掌控他的，不是要他来掌控人类的。开车必须要自己能掌控他的。啊，不是啊，累了，开自动模式让它开，如果自动模式一旦有出现意外情况，你都不知道该怎么来控制。,0
2025/4/2 12:30,有的为了逃避系统提醒手扶方向盘，网上居然有卖那种勒着方向盘逃避电脑的，违法吗？,0
2025/4/2 12:31,也是神人了出事了找造车的 那之前买bba 国产出事的为啥没有这么大影响 自己家孩子高速开100迈以上操作不当引起这样的事端，我也不想说的太露骨，就事论事,1
2025/4/2 12:31,作为机动车驾驶员，应当对自己的驾驶行为时刻负责，辅助驾驶只是辅助功能。车门打不开应该不合理，毕竟有机械开门装置，而且ab门柱没变形，但是车内人员会不会用，是否晕厥这都有待考证。还有就是，生者敬畏，逝者安息??,0
2025/4/2 12:31,相比其他的企业家，雷总算是有良心的了，希望他能平稳度过这两年,0
2025/4/2 12:31,这样吧，我10万收购一辆小米su7[捂脸],0
2025/4/2 12:31,脑子不够用才智能驾驶，信不信，假如高速上有车智能驾驶，有经验的老司机，分分钟能让它出事,1
2025/4/2 12:31,这种事一出来，伴随在背后背后的是油电争斗和商业博弈,0
2025/4/2 12:32,这么有才华怎么不火呢 [黑脸],1
2025/4/2 12:32,大师，我记得有一篇预测是说今年尽量不要去海边玩、怎么找不到了,0
2025/4/2 12:32,精准。,0
2025/4/2 12:33,雷总是有担当的人,0
2025/4/2 12:33,敬畏这个词太抽象，概念化，家属的意思应该就是怎么赔偿，对自己生命也要敬畏啊，大晚上大撒把，握着方向盘都困，别提什么都不做了，可惜了大好青春,0
2025/4/2 12:33,这不应该是开车司机对生命要有敬畏之心吗，智驾也只是个辅助功能,0
2025/4/2 12:33,如果出事别交给车商就找司法 跟专业不同渠道的机构  不然很快就成为员工,1
2025/4/2 12:33,智能电车出事的不止小米一家，但因为雷军太火了，惹人眼红。不排除有对家在煽风点火引导舆论,1
2025/4/2 12:33,问一下，司机需要赔偿乘车人吗？,0
2025/4/2 12:33,三人死亡的交通事故，详细信息通报要交警这边来发布。,0
2025/4/2 12:33,雷没有删帖吗？,1
2025/4/2 12:34,怎么肇事者搞的像是受害人一样,1
2025/4/2 12:34,车祸发生之前十几分钟都可以避免的，据说十几分钟就有几次了，可惜。,0
2025/4/2 12:34,我国规定了自动驾驶违法,0
2025/4/2 12:34,回复@走壬午的封铌:ok～,0
2025/4/2 12:34,这题我会，小米配置最低的就是用户[呆无辜],1
2025/4/2 12:34,夜晚驾车驾驶员视线受阻，即便开着远光也远不如白天，复杂的行车环境不容易应对，望逝者安息，生者注意安全[感谢],0
2025/4/2 12:34,任何的AI都只能起辅助作用，如果完全信任AI一定会出乱子。,0
2025/4/2 12:35,你们对问界可不是这样的[调皮],0
2025/4/2 12:35,她妈妈在评论区回复黑粉说让她女儿晚上去看看黑粉全家反正我是没看到她有什么伤心的地方，就是不停的在搞舆论，而且也没有书面结果出来定责呢，就咬死了小米，细思极恐。,1
2025/4/2 12:35,雷总的善良要带点锋芒了！有钱，除了凡尔赛有什么用，人人都想搂草打兔子,1
2025/4/2 12:35,大把的 不讨喜网友不买帐而已,1
2025/4/2 12:35,电车是世界上最安全的车之一！[呲牙][呲牙][呲牙],0
2025/4/2 12:35,这次肯定的,0
2025/4/2 12:35,28 号？ 怎么现在看不到这篇？,0
2025/4/2 12:35,赶着赴考+深夜驾驶+智能驾驶+高速道路+97km/h的碰撞时速，既然为了考试，肯定是稳妥为主，却把各种不确定因素叠加在一起，要求他人对自己负责的时候，能不能先对自己负责下？[思考]说实话，这样的司机连车子的基本性能配置都不清楚，而且夜间依赖自动驾驶这样的人换什么车，最后都是一样的结果,1
2025/4/2 12:35,电车的电池技术还是不行，这个爆燃问题不解决，我是不会买电车的,0
2025/4/2 12:35,这种账号可能现在都不是本人运营着,1
2025/4/2 12:36,爆炸起火，严惩小米，严惩雷军，严惩水军。爆炸起火，严惩小米，严惩雷军，严惩水军。爆炸起火，严惩小米，严惩雷军，严惩水军。,1
2025/4/2 12:36,油车这么撞，很可能不会起火？电动车这么高级？可以不可以让车门可以自动弹开？？？？？,1
2025/4/2 12:36,最后如果不是车辆的责任，要求雷总拒绝赔偿！,1
2025/4/2 12:36,快进到报价吧,0
2025/4/2 12:36,极狐偷摸过来扣车标,1
2025/4/2 12:36,这么丑就别出来辣眼睛了好吧,1
2025/4/2 12:36,我觉得宣传智驾的时候，务必要说清楚开启智驾后，还是要认真开车，双手不离方向盘。智驾不等于自动驾驶。,0
2025/4/2 12:36,其实也正常，因为雷总是自己在做营销，一直在第一线，这种事不可能躲得过去，其他车企老板一般不这样干，所以哪怕出事也是公司名义，这不是关键，关键是看调查结果，自有公断,0
2025/4/2 12:37,当海狗要吃狗粮,0
2025/4/2 12:37,没有问题，一分钱都不能赔,1
2025/4/2 12:37,都是肥头大耳的海狗像,1
2025/4/2 12:37,拒绝按闹分配,0
2025/4/2 12:37,自己开车，把生命和安全全部寄托到智能辅助驾驶上，搞清楚，是辅助驾驶！ 这都分不清楚？,1
2025/4/2 12:37,吃人血馒头的海狗@小米法务部,1
2025/4/2 12:38,@小米法务部,1
2025/4/2 12:38,星视频这也能买热搜，真能蹭??,1
2025/4/2 12:38,也是企业上了,0
2025/4/2 12:38,前几年林志颖驾驶特斯拉，还不是一样起火了。还好速度不快，不然一样噶。,1
2025/4/2 12:38,亲人要对失去的人有悲痛之心，何来心情天天媒体,1
2025/4/2 12:38,还是要有操作技能……不要以辅助功能代替,0
2025/4/2 12:39,第一次看见出车祸找老总的[尬笑],1
2025/4/2 12:39,也是报应，不断造神营销，用水军抹黑友商,1
2025/4/2 12:39,我之前车一撞就破了，是不是车企用的伪劣材料  不经撞,1
2025/4/2 12:40,反人类设计，门把手不行,1
2025/4/2 12:40,雷军：哥你别说话了行不？哪次不是帮倒忙,1
2025/4/2 12:40,不管你咋样洗啊，那都是个脏东西啊,1
2025/4/2 12:40,都说了辅助驾驶，她们这样不出意外才怪[发怒],1
2025/4/2 12:40,给狗粮就是爹，现在很多博主都是这种不要脸的自媒体，根本不会关心事实，有流量就行,1
2025/4/2 12:40,想起以前我们某个群讨论明星八卦的时候，说某某明星下场请水军。一群友石破天惊来了一句，你有工资条吗？所有人都惊呆了，这个真没有哈哈,0
2025/4/2 12:40,有没有可能是去年3.28,0
2025/4/2 12:40,如果买你的酒喝，死人了，你会第一时间赔付巨额资金，还是提供造酒数据，等调查真相[思考]？？,1
2025/4/2 12:40,要调查清楚，到底是什么原因，车问题，还是操作不当,0
2025/4/2 12:41,有没有可能是车主要找这家人赔钱,1
2025/4/2 12:41,我愿意以11万元购入一辆小米su7，为群众规避风险出一份力[尬笑],0
2025/4/2 12:41,一个做手机的能做的好什么车,1
2025/4/2 12:42,就好像我杀了人，你问我眼睛干不干,1
2025/4/2 12:42,作为车企，应当对悲剧有足够的敬畏之心,0
2025/4/2 12:42,没有车企能做到[捂脸],0
2025/4/2 12:43,那看看合同,0
2025/4/2 12:43,这个事件要结合现场监控还原分析案发起因和过程，如果是因为操作失误导致的车祸那司机责任比较大，如果是路障不规范导致夜间行驶看不清，路政部门有一定责任，如果是车辆系统等问题可以追诉厂商责任，目前保险肯定要先赔付,0
2025/4/2 12:43,如果开日产出车祸了，你找日产看他理不理你[捂脸],1
2025/4/2 12:43,希望大师能帮雷化解平安度过危机,0
2025/4/2 12:43,这算什么爆雷？,1
2025/4/2 12:43,小米会因为这次事故而更加获得肯定 拭目以待,0
2025/4/2 12:43,不是门锁死了，是人撞的没意识打开门了。死者是为大，但是没合理用车，才是最主要的,1
2025/4/2 12:43,某品牌粉丝护食的力度真让人羡慕啊,1
2025/4/2 12:44,我看到的时候就想到了你的预测,0
2025/4/2 12:44,小米公司走法律程序，家属走网络程序，网友走起号程序,1
2025/4/2 12:44,就生产所谓智驾大马力家用小汽车就是没良知的表现。,1
2025/4/2 12:44,不是   为啥要道歉啊,1
2025/4/2 12:44,理性的说，调查真相不是警方的事情吗,0
2025/4/2 12:44,可以[看]凤凰网连发三条小米,0
2025/4/2 12:45,有一年天气很好，我也很勤恳奋的种地，后来收成的时候，稻子特别饱满，做出来的大米比平时的大了一倍有余，后来有人吃的时候噎死了。然后让我负责任，从此之后我再也不敢种的那么勤奋了。,1
2025/4/2 12:45,我驾照到手6年了...不会开车[微笑],0
2025/4/2 12:45,他这车怎么样我不关心反正也不买，但也请他关心一下路人，或者公布一下数据证明他们家的车对路人的杀伤力和正常的车是一样的，因为车可以不开但马路还是经常过的。,0
2025/4/2 12:45,人红是非多,0
2025/4/2 12:46,随便换个外国牌子的车 这样的事根本无人问津,1
2025/4/2 12:46,如果不是一张不明来源的截图，一口咬定车门锁死导致死亡，那这就是一起再普通不过的车祸事件，按理说根本就扯不到车企身上。合资车过往几十年出了几十万起事故了，也没见几起需要车企参与的,0
2025/4/2 12:46,小米动了行业的蛋糕，记恨的人不少。抓住一起普通的交通事故往企业泼黑水，居心何在？,1
2025/4/2 12:46,行动是最好的回答,0
2025/4/2 12:46,也就是雷军脾气好,0
2025/4/2 12:47,最好的就是气囊爆开 车门必须解锁,0
2025/4/2 12:47,一场个人驾驶问题和操控问题的普通车祸，跟车企本身没有关系，对方一直在找车企的麻烦，这很明显不正常。,1
2025/4/2 12:47,在哪直播啊,0
2025/4/2 12:47,哪个车没出过问题，能帮雷总一点是一点，百年难得一遇的良心企业家，加油雷总[一起加油][一起加油][一起加油],0
2025/4/2 12:47,根本不用回应,1
2025/4/2 12:47,一个想走法律，一个想走网络[愉快]小米最低的配置是车主,1
2025/4/2 12:47,搜不到了？,1
2025/4/2 12:48,"22:18分提示轻度分心报警
22:36分提示脱手预警，请手握方向盘
到22:44分25秒才人进入人驾状态！
全网都在说22:44分24秒到22:44分25秒这一秒内的问题！为什么就不想想22:36分48秒到22:44分24秒之间这8分24秒内的问题呢？都发出脱手预警了，请车主手握方向盘了，这时间内车主干嘛去了？",1
2025/4/2 12:48,开车，应对自己生命有敬畏 好好开车,0
2025/4/2 12:48,冲向小米股票，稳赚,0
2025/4/2 12:49,命里没有，非得信666,1
2025/4/2 12:49,劲爆2人组，2算吐槽吧！第一个小米法务怎么回应？,0
2025/4/2 12:49,我也是女生，我都九年的驾龄了，别说黑夜就是白天，只要车上带人我都紧握方向盘，注意力高度集中，不和自己开着车一样，这件事未知详情，不予置评！但这把占小米！,0
2025/4/2 12:50,破产太不夸张感觉不太可能的,0
2025/4/2 12:50,如果撞击影响到a柱形变门大概率打不开，不管什么车,0
2025/4/2 12:50,还没定责呢，某品牌粉丝就开始网暴家属了,1
2025/4/2 12:51,能有什么原因，车要是不碰撞就不会燃,0
2025/4/2 12:51,华为固态电池了解下[看],0
2025/4/2 12:52,没办法 残疾人开车 出了事 也没办法天注定[呲牙],1
2025/4/2 12:52,到现在也没证明车门打不开啊,1
2025/4/2 12:52,雨田是懂流量的,0
2025/4/2 12:52,身正不怕影子斜，支持雷总。,0
2025/4/2 12:52,只看结果如何。,0
2025/4/2 12:53,我愿意以20w收一辆max[捂脸][OK],0
2025/4/2 12:53,比亚迪电池 yyds,0
2025/4/2 12:53,"我的油车一启动就是自动落锁
到底有哪个车是不锁的！？？",0
2025/4/2 12:54,前几天拼命封贴，这实在扎不住了，居然夸上了，??。,1
2025/4/2 12:54,你可真会舔,1
2025/4/2 12:54,得亏是小米，别的早开始解决人了@一叶知秋?? @带派不老铁 [赞],1
2025/4/2 12:54,支持你[比心],0
2025/4/2 12:55,小米的智驾，还是谈谈支架吧，小米的智驾活活烧死三个人,1
2025/4/2 12:55,@雷军,0
2025/4/2 12:55,前几天不见他出来说话，雷军一回复就出来舔了,1
2025/4/2 12:55,等那天我手机欠费，影响我百万业务！我把移动跟苹果一起告！,1
2025/4/2 12:55,不是，删帖不就是小米干的吗？,1
2025/4/2 12:56,我记得之前有个博主被小米送进去那个，他不是说小米出事故打不开车门吗，然后就被送进去了,1
2025/4/2 12:56,公关文章啊。真希望质量安全第一。到底电池哪里出品方?是自己研发还是代工厂的产品,0
2025/4/2 12:56,@??龙,0
2025/4/2 12:56,雷总，别承诺太多。走法律程序最好，不然后续还有更讹人的。以前车祸只有找保险的没见过小车商的,1
2025/4/2 12:56,这还能舔？开他的车，用他的自驾出了人命，他能不担责？？？建议追究他刑事责任！！,1
2025/4/2 12:56,哪家公司没点负面消息,0
2025/4/2 12:56,希望小米这次顺利度过难关,0
2025/4/2 12:56,不管什么牌子的车 只有方向盘握在手里我才安心,0
2025/4/2 12:57,之前好像有个车企，第一时间冲到现场把车标抠走了,1
2025/4/2 12:57,京圈团结,0
2025/4/2 12:57,图片评论,0
2025/4/2 12:57,给人感觉是错在家属，小米无辜！那到底谁赚谁的钱？小米挣钱了，还要夸小米？,1
2025/4/2 12:57,二十几万的车居然没有激光雷达,1
2025/4/2 12:58,我平时开车还可以算胆大的，但是我自己不敢一个人晚上开高速！很害怕！后天晚上我要一个人来回300公里了，这两天就开始焦虑了,0
2025/4/2 12:58,原来出事要找车企 ，我以为是打122和报保险????,0
2025/4/2 12:58,就记住一点，不要太依赖于智能驾驶，这个可以用来辅助，例如自动泊车，但不能完全代替人工，刹车，油门，方向盘永远是握在自己手里才是最安全的,0
2025/4/2 12:58,不是说电池倒置吗？,0
2025/4/2 12:58,瞬息互娱呢，网络热搜呢[抠鼻],0
2025/4/2 12:58,祈祷悲剧不再发生，祈祷驾驶人员严格遵守交通规则和车辆驾驶操作技术，祈祷车辆出厂严格执行检测标准，确保产品达到出厂合格标准！为遇难者默哀????????????,0
2025/4/2 12:58,新能源汽车只有两种车，1特斯拉，2其他电动车。,1
2025/4/2 12:59,无非是想要小米多赔钱罢了[憨笑],1
2025/4/2 12:59,亢龙有悔,0
2025/4/2 12:59,准备买车，各位介绍一家没出过事故的车企[看],0
2025/4/2 12:59,回复@小河十千:可是她说的话前言不搭后语，连车的归属问题到现在都从她口中出现好几个版本了，而且谁家好人女儿死了让女儿晚上去看看黑粉全家啊，我就算直接在评论区骂脏话我都不会用过世的女儿跟人斗嘴吧，她连自己的女儿都不尊重，又何谈他人尊重她呢。。我不理解，,1
2025/4/2 13:00,老婆与车概不外借的含金量还在提升,0
2025/4/2 13:00,米了,0
2025/4/2 13:01,同行的两个女孩是真可怜   可以找车主赔偿,0
2025/4/2 13:01,我信他，做过生意的都懂,0
2025/4/2 13:01,每个博主都说智驾和门把手 都不提车子为什么起火,1
2025/4/2 13:01,压了3天压不住爆了才出来回应的,1
2025/4/2 13:01,小米中旬要上SUV了。多少人在等待着[捂脸]不搞到时候其他都没活路了,1
2025/4/2 13:01,三天啊！昨天股票跌得厉害，才坐不住了。,0
2025/4/2 13:02,希望驾校也对悲剧有敬畏之心。,0
2025/4/2 13:02,根本原因是有对手在中间拱火。最质朴的商战[捂脸],0
2025/4/2 13:02,连删两天贴，博主是去南极刚回来吗,1
2025/4/2 13:02,胡什么？是个什么东西？不认识，不想知道,1
2025/4/2 13:02,突破信息茧房就是要看这种不同思维的博主，但是我真的痛,1
2025/4/2 13:02,车和老婆不能外借    男友送车要登记在自己名下,0
2025/4/2 13:02,我开了16年车，现在每次在广州内环路走，都非常小心翼翼，很怕掉下桥,0
2025/4/2 13:02,油车也会着，我家亲戚去年七月份也被烧了一家三口,1
2025/4/2 13:02,希望遇难者母亲实事求是，别乱带节奏,1
2025/4/2 13:03,骗小孩呢，你有本事说的具体一些，说那么含糊，但凡有点负面消息都能套上来，就好比说你今天会倒霉一样，只要有一点不好的事情发生你都会联想上。,1
2025/4/2 13:03,无法理解那些粉丝心理,1
2025/4/2 13:03,那么问题来了，当年三星手机燃烧时候为啥没人怀疑是自家交流电220V电压出问题了呢？为什么要告人家三星？,1
2025/4/2 13:03,驾驶员对自己的生命都没有敬畏之心，何谈车企？,1
2025/4/2 13:03,这个应该是先找交警吧,0
2025/4/2 13:04,[感谢][感谢][感谢],0
2025/4/2 13:04,正好前两天军子会见了三星李在镕，不会这么快就接盘了吧,0
2025/4/2 13:04,车企、销售和网络要负责任的开发和宣传智驾能力，车主也要负责任的使用智驾功能，人机共驾，减缓疲劳，提高安全，才是当前智驾的主流方向，开启高阶智驾功能前，车主应该通过负责任的培训,0
2025/4/2 13:04,门拉手一定得是机械的，现在的电车基本都是电动,0
2025/4/2 13:04,言之过早！ 大s事件是确实中，这件事是确实蹭热度。,1
2025/4/2 13:04,退一万步讲，教练就没有错吗？？？,1
2025/4/2 13:05,如果是车的质量问题导致的，那该赔偿就赔偿，该坐牢就坐牢，如果不是……,0
2025/4/2 13:05,坐油车不晕车，坐电车就晕，是不是只有我才这样[泣不成声],0
2025/4/2 13:05,你大概不知道什么叫保密协议。low且自信,1
2025/4/2 13:05,开小米牌子车出事了 然后找小米责任[捂脸]那我前几天话费欠费了 我是要找移动的问题还是电信的问题,0
2025/4/2 13:05,我开了快九年车了，平时山路啥的复杂路况都可以，但高速只开过一次，还只开了二十几分钟，一百多码的速度让我很紧张,0
2025/4/2 13:06,哈哈哈哈哈哈哈哈哈哈哈笑死??,0
2025/4/2 13:06,不准说实话，哪怕第一秒就有后台日志，也是48小时后压不住才公布的。,1
2025/4/2 13:06,我现在也还是不愿意跑高速,0
2025/4/2 13:06,是的,0
2025/4/2 13:06,粉资本等于资本的心理吧,1
2025/4/2 13:06,我头一次见吃海鲜过敏了，要求大海赔偿的。[捂脸],0
2025/4/2 13:07,电车最“省油”但是它不“省心”,0
2025/4/2 13:07,一般交通事故是找保险公司，，小米是找雷总[赞],0
2025/4/2 13:07,"那你有没有见过哪个品牌老总是最大代言人的呢？

横向比是个好习惯，但不要什么都习惯性横向比。",0
2025/4/2 13:07,回复@andy858858:既然责任书都没出来，凭什么先认定别人就在撒谎，你是真在意真相还只是喜欢给企业洗地？,1
2025/4/2 13:08,确实不应该,0
2025/4/2 13:08,最好起诉一下驾校，还有路政，,1
2025/4/2 13:08,如果一出事就需要车企赔偿，那么后面所有的车企都跑不掉,1
2025/4/2 13:08,心真大,0
2025/4/2 13:08,作为老司机、作为su7车主，想客观的说几句，纯个人观点,0
2025/4/2 13:08,来看看饭圈行为,0
2025/4/2 13:08,不要命了,1
2025/4/2 13:08,难道屏幕前的各位就没有错吗,1
2025/4/2 13:08,智能辅助驾驶而已 不是自动驾驶 是辅助辅助功能,0
2025/4/2 13:08,请问oppo出车了吗 非要和比亚迪抢市场,1
2025/4/2 13:08,雷莲花的双手互博无下天敌，不是高下立判，是无耻,1
2025/4/2 13:09,最好的证明就是拉黑,1
2025/4/2 13:09,话说回来 为啥把自己命交给无人驾驶,0
2025/4/2 13:09,雷总是人精中的战斗机，不然他也成为不了千亿老总，到时候看结果吧。,0
2025/4/2 13:09,我感觉有了智驾  是不是睡觉的变多了？就因为太相信智驾,0
2025/4/2 13:10,我15年老司机，定速巡航都不敢开[尬笑][尬笑][尬笑]人家是真的胆子大,0
2025/4/2 13:10,对于此次事故我不想评价，希望大家出行平安，安全回家！,0
2025/4/2 13:10,这只是爆出来了而已，蔚来，特斯拉的智驾一样的也会有故障吧,0
2025/4/2 13:10,mi米侯群体废了,1
2025/4/2 13:10,怪宣传,1
2025/4/2 13:10,鲁老师，后续会怎么样？影响小米未来吗？,0
2025/4/2 13:10,骑美团共享单车不小心撞到护栏，腿都摔肿了，正准备起诉美团，有什么建议吗[流泪],0
2025/4/2 13:10,网传事故发生前几分钟，司机和男友聊微信呢，不知是真是假,1
2025/4/2 13:11,出事了肯定怪小米,1
2025/4/2 13:11,吃相难看，小米 Su7 刚出的时候一顿鼓吹为了流量，现在出现事故又不等待官方通报就一顿指责再吃一顿流量，AEB 的刹停难道是百分之百的吗，个个车企的智能驾驶做的不都是起到辅助驾驶的作用吗，周边的环境情况，你看见了吗，没有实质性的证据说出这么刺耳的话，情况没下就一概而论,1
2025/4/2 13:11,真离谱，难道华为手机炸了要去找任正非的事吗[尬笑],1
2025/4/2 13:11,看了好多个这个报道了，一直没懂这个事故和车有什么关系,0
2025/4/2 13:11,简而言之就是，如果家属不往车上面找问题，他们就要赔偿另外两个女孩的家属,1
2025/4/2 13:12,应该说是智能驾驶还不成熟，新能源车其实技术以及相对成熟了，智能驾驶谁敢用,0
2025/4/2 13:12,反正我一贯认为，方向盘只有掌握在自己手中才最安全,0
2025/4/2 13:12,各位尊贵的su7车主，如果各位担心车门开不了的话，我可以5万收一辆，并且附赠一辆11年丰田卡罗拉，毕竟百年车企的车，门把手在哪一目了然 [看],1
2025/4/2 13:12,觉得su7不安全的有没有低价出的，5.1w收，不限版本,0
2025/4/2 13:12,核心问题是撞了会爆炸,0
2025/4/2 13:13,核心问题是撞了会爆炸,0
2025/4/2 13:13,@余承东 说你呢， 没人性的华为 还在吹你的自动驾驶多牛逼 ,1
2025/4/2 13:13,开车不看路，还要车厂负责，你开了辅助驾驶，也没让你不看路把，都提醒紧握方向盘。，看路，但凡对自己生命有敬畏之心，就不会不看,0
2025/4/2 13:13,在干什么呢？还用这种话来欺负雷总,1
2025/4/2 13:13,有没有办法解解？不希望一个良心国企有难倒下??,0
2025/4/2 13:13,定速还好，解放双手是真不敢,0
2025/4/2 13:13,还不写辅驾，人命的教训还不够吗？,1
2025/4/2 13:13,从爆出来的聊天记录看 是在聊天,0
2025/4/2 13:13,聪明人昨天就买小米股票了，今天已经拉升了[捂脸],0
2025/4/2 13:13,@蓝sai易拉罐 @陌上人如玉 @来给生活比个叶 @暗夜 @我的????打水漂 @芬格尔 @TT小鸡仔 [流泪][流泪][流泪][流泪][流泪],0
2025/4/2 13:14,主要是都觉得是智驾，辅助驾驶就辅助驾驶，说了不能分心都不听。,0
2025/4/2 13:14,这局我挺小米雷总[666],0
2025/4/2 13:14,2秒内反应不现实？你这也太相信辅助驾驶了。,0
2025/4/2 13:14,别的厂商第一时间会拿钱降低热度，而雷军却主动发文回应，太良心了[灵机一动],0
2025/4/2 13:14,疲劳驾驶去考试[捂脸],0
2025/4/2 13:14,我开车十年了，还没敢上过高速，实在是害怕速度太快控制不住,0
2025/4/2 13:15,今年带娃经常跑，但是每次上高速都是精神保持高度紧张的。这种小年轻就是对生命无知无畏。,1
2025/4/2 13:15,出事故，不等认定书，直接找厂家？？？,1
2025/4/2 13:15,你看，日均两条微博的雷军不说话的时候问怎么今天还不发微博啊，发了回应又说多余，你们对雷军要求可真高啊,0
2025/4/2 13:16,粉圈味也太冲了……,1
2025/4/2 13:16,今天群里也在讨论，热搜说小米没有联系家属。朋友说，调查结果没有出来，联系家属也不知道做什么啊？？到底是做人道主义慰问还是上赶着认自己车子有问题呢？这个可要非常慎重，如果马上赔钱，别人会说他赔钱捂嘴，会影响股价，带来很大的损失。归根到底是撞护栏就是单方面事故，现在只是交警和保险的事,0
2025/4/2 13:16,驾校没问题吗[微笑],0
2025/4/2 13:16,“雷总没有什么资源只能挨欺负”？？？,1
2025/4/2 13:16,老总亲自表明态度[赞][赞][赞],0
2025/4/2 13:16,这算是，不是有俩口子开智驾跑后排盖被子看电影吗。视频发出来前面主驾一个人都没有,0
2025/4/2 13:16,拿自己的生命开玩笑的人，配不上这个背景音乐，不能说人死了就有理,1
2025/4/2 13:16,最近感觉空气不太好，影响心情，去哪投诉空气氧含量,0
2025/4/2 13:16,女孩家人（真正的素人）太强势，雷总（大企业家）没资源，这说得是人话吗,1
2025/4/2 13:17,车撞一下应不应该就起火？,0
2025/4/2 13:17,我到现在都不敢用智驾，累了就休息,0
2025/4/2 13:17,这次的事大概率是驾驶员驾驶的问题，老司机走夜路都不敢那么开车，三个小女生就敢……,1
2025/4/2 13:18,我也,0
2025/4/2 13:18,以前在国道见过皮卡车撞路桩爆燃，几分钟烧成车架，车速大概70多，97公里油车电车都有可能爆燃，小米一直强调不要完全托管，必须注意安全随时接管，驾驶人不要把生命完全依赖辅助驾驶，不能因为有流量，就无视责任！,0
2025/4/2 13:18,造车工业是一项系统工程，不是一年两年就可以变成伟大的车企,0
2025/4/2 13:18,网友觉得一个普通人能联系到的媒体资源更多还是小米整个集团能联系到的更多，小米汽车的公关agency这会应该忙疯了吧,0
2025/4/2 13:18,估计就是想着有智架，能睡觉[捂脸],0
2025/4/2 13:18,出了车祸找车企赔的话，保险公司干嘛，保险公司也赔，车企也赔嘛，想来个双赔吗，,0
2025/4/2 13:18,为什么要质疑撞击后车门要自动解锁？假如你车停路边，然后被别人撞了一下，车门解锁了!,0
2025/4/2 13:18,军儿：都搞我，好好好，yu7预售价12.59万起…,1
2025/4/2 13:18,感觉小米这次挺严重的，北京这边4、5、6号通知停课停工放假了[发呆],0
2025/4/2 13:19,交通事故处理方案: 出现人伤1打120  2打交警 3报保险 后续就是15个工作日内 交警鉴定车辆，鉴定完毕好多交警会开会看事发地录像，结合车辆鉴定结果讨论出责任归属。最后，保险公司谈赔偿，赔偿问题谈不好就是打官司,0
2025/4/2 13:19,看看这个就知道了，在干嘛了,0
2025/4/2 13:19,懂的都懂,0
2025/4/2 13:19,我也觉得今天铺天盖地的小米水军，车在撞击后车门打不开了，爆燃，三个女孩子活活在里面烧死了…这里面小米的设计有很大原因…,1
2025/4/2 13:19,这是驾驶技能方面的问题，跟小米车企有什么关系！[害羞],0
2025/4/2 13:20,昨晚用小米烧水壶喝刚烧开的热水  烫到了嘴巴和口腔，小米烧水壶公司和水杯公司到现在也没联系我。[看],1
2025/4/2 13:20,“女孩家太强势了”,1
2025/4/2 13:20,流量明星算什么，车粉球粉才是大前辈啊,1
2025/4/2 13:20,怪车企做的不够好呗,1
2025/4/2 13:20,我相信我有人会发现这中间相差8分钟[看],0
2025/4/2 13:20,"22:18分提示轻度分心报警
22:36分提示脱手预警，请手握方向盘
22:44分25秒才人进入人驾状态！
全网都在说22:44分24秒到22:44分25秒这一秒内的问题！为什么就不想想22:36分48秒到22:44分24秒之间这8分24秒内的问题呢？都发出脱手预警了，请车主手握方向盘了，这时间内车主干嘛去了？",0
2025/4/2 13:20,智驾科技是服务于人，而不是代替人，把自己的生命安全交给不成熟的智驾辅助系统，出了事不能全怪车企,0
2025/4/2 13:20,[赞]客观面对问题,0
2025/4/2 13:20,他看到要心梗什么营销团队，快找你算一卦,1
2025/4/2 13:21,雷老板没问题。是这群人高估智驾。我从来不过分依赖智驾,0
2025/4/2 13:21,是不是以后都不用买保险了，出了事找车商赔付就行了，,0
2025/4/2 13:21,怪老天爷啊,1
2025/4/2 13:21,我贴了水军的证明，一模一样的留言，对方要转账记录。现在在我的博文内留言要看合同。乐，小米粉丝真的挺无知的，不知道保密协议的存在,1
2025/4/2 13:21,车门锁死，然后把后排的女孩救出来了,0
2025/4/2 13:22,看着好吓人,0
2025/4/2 13:22,雷总没什么资源？？？,1
2025/4/2 13:22,理解大家对遇难事故关心，请大家耐心等待官方调查，我个人也相信这件事肯定会有处理结果的。,0
2025/4/2 13:22,交通事故那么多，为什么非要放大小米,1
2025/4/2 13:23,智能辅助驾驶与自动驾驶 是有极大的区别的。另外，人是有感情和温度的，而智能机械是按预订程序执行而已，任何时候不能一味的去依赖智能。[握手],0
2025/4/2 13:23,手机都会死机！尽然把生命交给智驾,1
2025/4/2 13:23,对的。而且女生坐车走过高速都不一定。她不了解高速有时会修路，有时车道也有变化。,0
2025/4/2 13:23,我只说一句话：如果驾驶员双手握着方向盘，脚时刻准备刹车，注意力一直在路面上，就不会有这场事故[尬笑],0
2025/4/2 13:23,[赞][赞][赞],0
2025/4/2 13:23,双手不能离开方向盘，考驾照的时候，教练不是这么告诉的吗？,0
2025/4/2 13:23,是时候买小米股票了[色],0
2025/4/2 13:23,首先自己应该要珍爱生命啊，驾驶员一定要有敬畏之心，要有对自己对他人负责的心，这个真的不是马后炮，真的是衷心的希望,0
2025/4/2 13:23,说到底大多数人是反感出事就想着讹人的行为,0
2025/4/2 13:24,晚上在高速上 我会选择在服务区睡觉 晚上看不清路 看不清车辆远近 看不清障碍物,0
2025/4/2 13:24,害人害己，就应该严惩,1
2025/4/2 13:24,大师怎么知道雷总的生辰八字的，这时辰准不准啊？,0
2025/4/2 13:24,这么快的速度撞上去，人还有意识去开门吗？,0
2025/4/2 13:24,"22:18分提示轻度分心报警
22:36分提示脱手预警，请手握方向盘
到22:44分25秒才人进入人驾状态！
全网都在说22:44分24秒到22:44分25秒这一秒内的问题！为什么就不想想22:36分48秒到22:44分24秒之间这8分24秒内的问题呢？都发出脱手预警了，请车主手握方向盘了，这时间内车主干嘛去了？",1
2025/4/2 13:25,好的，我接受花花的建议。,0
2025/4/2 13:25,固态相对安全一些,0
2025/4/2 13:25,固态电池可以买了吗,0
2025/4/2 13:25,我支持,0
2025/4/2 13:25,那问界m7呢[看]只不过现在的问界可不屑于对比同行了。,0
2025/4/2 13:25,去考公的路上，考公是加分吗？,0
2025/4/2 13:25,姐姐，我混过娱乐圈的水军群，都是群主在群里发红包，然后抢到钱的去写评论，如果要发票，那得是上游公司才有的，但是这种涉及到保密协议是不可能公开的,0
2025/4/2 13:25,同意,0
2025/4/2 13:25,杨鸽子吧,0
2025/4/2 13:26,至少我们看到了面对问题敢于出来作为，敢于面对消费者，这就是一个企业家的担当，不像有些人一味的逃避，推责。,0
2025/4/2 13:26,我同意花花的建议,0
2025/4/2 13:26,驾驶证10年，驾龄五年，我开个油车都不敢用定速巡航[捂脸][捂脸],0
2025/4/2 13:26,固态电池太难了,0
2025/4/2 13:26,同意,0
2025/4/2 13:26,希望早日实现。,0
2025/4/2 13:26,666,0
2025/4/2 13:26,赶紧买su7,0
2025/4/2 13:26,进了,0
2025/4/2 13:26,继续固态,0
2025/4/2 13:26,它敢15上 别的车企都得炸[泪奔],0
2025/4/2 13:26,利好固态,0
2025/4/2 13:26,雷总这次有点惨，不管车有没有责任，逝者为大。是年轻人不敬畏生命，害了雷总，唉。年轻人更应该珍爱生命，未来还有大把美好时光等着你们，不要做太冒险的事。,0
2025/4/2 13:27,稳定性,0
2025/4/2 13:27,对,0
2025/4/2 13:27,主力喜欢慢一步发酵，等吧，太难了,0
2025/4/2 13:27,在等出固态电池版问界m9,0
2025/4/2 13:27,安全是最大的豪华！希望小米等品牌，在宣传强大功率的同时，要郑重警示，告知人们适合的用车的场景！！ #SU7事故遇难者家属回应雷军# #SU7事故遇难者家属希望有更详细通报#,0
2025/4/2 13:27,顶你上去,1
2025/4/2 13:27,我真买得起[呲牙]要是这样[呲牙],0
2025/4/2 13:27,但凡人拉出来了，小米就无责！撞击后的死活是另一回事，如果真是车门纯电子按键开关外面拉不开无法救援当场火化，小米就有摆脱不掉的责任[抠鼻]上来就赔付，那是不可能的事。无责的话最多人道主义赔偿一下，等通告,1
2025/4/2 13:27,司机是行车安全的第一责任人,0
2025/4/2 13:27,还是开油车吧,0
2025/4/2 13:27,那不好意思了 小米没有错[看],1
2025/4/2 13:27,我的固态还是绿悠悠,0
2025/4/2 13:27,感觉你这个改完了，不如之前[捂脸],0
2025/4/2 13:27,我都不会开车，我都知道方向盘不能够只靠智能,0
2025/4/2 13:28,所有的汽车厂商加电子??迫在眉睫，马力给到500就够了[尬笑]，解锁去赛道让专业的人输入动态解锁码，不就OK了[尬笑][尬笑]，离开赛道自动上锁，不相信做不到就是不想管[尬笑][尬笑],0
2025/4/2 13:28,我去去睡觉了 看的太困了,0
2025/4/2 13:28,同意！,0
2025/4/2 13:28,他这个月可能会说进军固态电池,0
2025/4/2 13:28,多会参与？,0
2025/4/2 13:28,女司机需要驾驶培训如何踩刹车,0
2025/4/2 13:28,没有动静啊！,0
2025/4/2 13:28,我的固态电池还是绿油油的,0
2025/4/2 13:28,固态都深套了,0
2025/4/2 13:28,我10多年驾龄，都不开定速巡航，方向盘还是双手控制最安全了,0
2025/4/2 13:28,是的，锂电池太不安全了。压根就不适合当做动力电池,0
2025/4/2 13:28,司机是行车安全的第一责任人,0
2025/4/2 13:28,我觉得就是一起普通的交通事故而已,0
2025/4/2 13:28,必须加快了,0
2025/4/2 13:29,然后又卖爆了,0
2025/4/2 13:29,怪CEO吗,0
2025/4/2 13:29,对，我要是开车不敢用，我只相信我自己,0
2025/4/2 13:29,哎，别说智驾了，我就连定速巡航我都极少用，主打一个胆小，控制在自己手中,0
2025/4/2 13:29,应该抓紧研发固态电池，集中力量办大事。,0
2025/4/2 13:29,等警方公告吧！,0
2025/4/2 13:29,好,0
2025/4/2 13:29,周鸿祎骂他雷不群，国企高管直播骂抄袭不要脸，王思聪骂，董明珠骂，我反正没看见一个有良心企业家这么多有头有脸的人直接骂的,1
2025/4/2 13:29,知错能改，善莫大焉！,0
2025/4/2 13:29,定速巡航一直不敢用 宁愿相信自己的右脚油门也不相信定速巡航,0
2025/4/2 13:29,我都不开的 提新车直接关了,0
2025/4/2 13:29,跟智能驾驶有关系？还是水平菜？还是别有问题,1
2025/4/2 13:29,我都自己开高速带孩子去周边玩，基本都要开2-3小时高速，但我都白天开，我散光，晚上视线不好，全程都高度关注,0
2025/4/2 13:29,小米进军固态，那固态电池要完蛋了。,0
2025/4/2 13:29,重大责任事故罪,0
2025/4/2 13:29,我看了视频会不会犯法,0
2025/4/2 13:30,wu总说的对,0
2025/4/2 13:30,是的，品牌做品控都是包给机构，机构发单给素人的,0
2025/4/2 13:30,所以，固态电池肯定是接下来的一个较长时期的热点,0
2025/4/2 13:30,固态电池这种情况一样爆燃,0
2025/4/2 13:30,我看成雷军建议了,0
2025/4/2 13:30,定速巡航 又没有危险   [尬笑],0
2025/4/2 13:30,一样,0
2025/4/2 13:30,出后买一台开开。,0
2025/4/2 13:30,固态电池替代加油啊,0
2025/4/2 13:30,赞同,0
2025/4/2 13:31,启辉,0
2025/4/2 13:31,加油小米！敬重雷总，佩服雷总，能帮一点是一点，咱们老百姓只能尽自己的微薄之力了。小米加油！！,0
2025/4/2 13:31,100的速度不系安全带撞水泥墩个人觉得人应该是昏迷状态的吧[笑哭],0
2025/4/2 13:31,我也建议,0
2025/4/2 13:31,ceo太接地气 给他们造成可以对话的错觉！,0
2025/4/2 13:31,你倒是投资固态电池啊，难道呼吁别人发展固态电池，你又去偷。而且现在电池就是你自研的。,1
2025/4/2 13:31,课代表,0
2025/4/2 13:31,发生事故撞到什么东西也可能没那么快清醒，可能是当时晕过去了。车正好起火把他们烧了,0
2025/4/2 13:31,[听歌]97公里撞水泥墩 啥车也无了,0
2025/4/2 13:31,用定速巡航全程放刹车上，其他都还是开车状态,0
2025/4/2 13:31,现在出车祸都流行找车商了？？我无法理解,0
2025/4/2 13:31,考公有流量,0
2025/4/2 13:32,人红是非多，都没见其他车事故上热门,0
2025/4/2 13:32,多间公司都说27年量产，可技术上的难题也未攻克~！,0
2025/4/2 13:32,多少,0
2025/4/2 13:32,臣附议,0
2025/4/2 13:32,我附议,0
2025/4/2 13:33,出车祸难道不是自己缺乏敬畏之心,1
2025/4/2 13:33,妄人,1
2025/4/2 13:33,去年问界m7高速，大家把矛头一致对准车企的，这回儿大家理智多了，说明国民素质有了大进步[赞],0
2025/4/2 13:33,必须用固态电池,0
2025/4/2 13:33,我开定速巡航，脚也得搭在踏板上,0
2025/4/2 13:33,这种水平的问题也配采访,1
2025/4/2 13:33,又不是没出现过关不了的情况,0
2025/4/2 13:33,这是骚扰电话吧？,1
2025/4/2 13:33,但凡小米赔了就成典型了，车企一个都跑不了[看],1
2025/4/2 13:33,有的，会失灵解除不了巡航，有案例,0
2025/4/2 13:33,当时那个速度 会不会是人撞晕了所以没开车门,1
2025/4/2 13:34,你们这记者水平挺次的,1
2025/4/2 13:34,是啊，定速巡航开过几次，心里没底是真怕啊，不踏实[捂脸],0
2025/4/2 13:34,你啥子记者那么不得了吗,1
2025/4/2 13:34,这种情况 坦克没准还能活[看],0
2025/4/2 13:34,对对 固态快起来 麻了,0
2025/4/2 13:34,对对对。电车不好。su7 8万收，su7u 15万收。让我来承受这一切[捂脸],0
2025/4/2 13:34,出了问题，无论双方谁的责任，终归需要解决的办法！雷总不会不闻不问，相信雷总能给女大学生家属合理的处理结果,0
2025/4/2 13:34,就是,0
2025/4/2 13:35,出了事怪车企呗,1
2025/4/2 13:35,我只有在骑自行车的时候，才敢离开方向盘[泪奔],0
2025/4/2 13:35,还是有危险的，朋友新买的油车开定速巡航跑高速，路况有问题，前面的车刹车减速，定速巡航反应慢了，我朋友马上踩刹车打方向，我坐旁边吓死了,0
2025/4/2 13:35,而且开定速导致刹车失灵的例子不是一个两个了[黑脸],1
2025/4/2 13:35,人家小米汽车一上来就供不应求，车圈实属罕见，你这预测不是在胡说八道？,1
2025/4/2 13:35,17年驾照，11年驾龄，最长单日驾驶1300公里，定速巡航偶尔会用，要不扛不住,0
2025/4/2 13:35,斗地主我都不敢托管,0
2025/4/2 13:36,固太快起来了,0
2025/4/2 13:36,可以不可以这样设计，电池一旦起火，所有车窗和前后挡风玻璃都自动爆裂？,0
2025/4/2 13:36,固态电池龙头是谁我买100股,0
2025/4/2 13:36,固态醒醒啊～～你的时代来了～～,0
2025/4/2 13:36,必须滴进军,0
2025/4/2 13:37,如果第二天要考试，你会选择A：定好酒店，乘坐高铁到达。B：前一天晚上大半夜自己开车往过赶[微笑],0
2025/4/2 13:37,主要是危险驾驶，撞晕了吧，然后电车本身确实缺陷就是那个燃爆点很快着火很快还灭不掉，直接烧没了，还有怎么会人敢把命交给智驾而且本人雷总也说是辅助了，她还敢双手离开方向盘,1
2025/4/2 13:37,在理,0
2025/4/2 13:37,固态电池充放电速度慢，为了输出功率需要提高电池包的工作电压，一千多伏,0
2025/4/2 13:37,P2这吻上去的姿态真辣眼...,1
2025/4/2 13:37,雷首富支撑不起这个发展,1
2025/4/2 13:37,智驾不是无人驾驶[抠鼻],0
2025/4/2 13:37,留一台给我 阿哥,0
2025/4/2 13:37,本来就是97人都基本昏迷了，车门弹飞了他也不能爬出来,1
2025/4/2 13:37,报警吧，骚扰电话,1
2025/4/2 13:37,大众汽车发生车祸，死了3个人，你是不是都要去采访大众汽车的总裁？？？,1
2025/4/2 13:37,无语，那个人说的没错啊，那个遇难者阿姨也太夸张了，叫她女儿去找她，你怪车企本来就不对的，要是以后出车祸都找车企，那谁还敢造车，本来就是驾驶员的错，太年轻不懂得珍惜生命,1
2025/4/2 13:37,牛,0
2025/4/2 13:38,你买了多少固态电池,0
2025/4/2 13:38,666666,0
2025/4/2 13:38,这是靠建议就能加速的吗,0
2025/4/2 13:38,原来一款车造几年？现在一年造几款车？车主成试验对象？[捂脸][捂脸],0
2025/4/2 13:38,这不是说反话吗,1
2025/4/2 13:38,回复@一个朴实的热心市民:所以恶毒啊,1
2025/4/2 13:38,当然了,0
2025/4/2 13:38,我吃亏点，10 万收[看],0
2025/4/2 13:38,当他们都想你死的时候 就越是说明你有让他们恨之入骨的点 没人喜欢动自己蛋糕的人 特别是商人[憨笑][赞]无非就是手段卑不卑劣了,1
2025/4/2 13:39,说句道德的话，发生这种悲伤的事哪位母亲还有心情一直在发微博？怎么突然想起了老姜呢？,1
2025/4/2 13:39,跟人家小米有什么关系人家有隐藏式车把手如果是借的车借车人有没有跟这个女孩说清楚有隐藏式车把手,0
2025/4/2 13:39,事发三天才有热搜，小米发声明前，关于这事故的视频没有一点流量，再看下声明发后家属微博下面的评论，我很难认同小米这样的处理，雷总出来发声也是，他确实等不了，看一眼小米的股价，在他这个位置这时候还不发声，怎么向股东跟投资人交代,1
2025/4/2 13:39,[害羞] 错误操作。定速巡航是给换脚休息一会用的，活动一下右脚，有时候一天开十多个小时是真的累啊。活动一下以后，放脚位置还是轻放在刹车踏板上。,0
2025/4/2 13:39,胡狗认证,1
2025/4/2 13:39,雷总早已做了说明,0
2025/4/2 13:39,她只要看了前面就一定不会是这个结果,0
2025/4/2 13:39,车还不是不够安全，国家一个定个安全标准，一键打开车固定位置,0
2025/4/2 13:40,凭啥要接！？骚扰,1
2025/4/2 13:40,坦克能开到97码吗？[捂脸],0
2025/4/2 13:40,回复@年余氤氲:是的，还是问问雷善人出事前两天为什么全网删帖删视频比较直接,1
2025/4/2 13:40,驾龄接近20年，定速巡航高速只要车不多就会用，很好用，但是自适应巡航有些不好用,0
2025/4/2 13:40,取消电动车不就完事儿了,1
2025/4/2 13:41,设置路障的公司责任吗？？,0
2025/4/2 13:41,贸工技方案整合商,0
2025/4/2 13:41,这种情况还是停车休息吧，定速巡航是轻松了，但是精神不集中还是很危险的,0
2025/4/2 13:41,是有新闻 可能百万分之一。我说主流的日 德汽车哈。再说，刹车不会同时失灵，因此造成事故的就更少了。,0
2025/4/2 13:41,坦克开不了这么快。这么快，人也活不了,1
2025/4/2 13:41,博主自己以后出交通事故就直接找汽车生产厂家陪了哈,1
2025/4/2 13:41,?5000,0
2025/4/2 13:42,就仗着雷总好说话，因为雷总格局大[比心],0
2025/4/2 13:42,那我可真买得起了[阴险],1
2025/4/2 13:42,雷总真的太难了，纵观汽车行业上百年，第一次听说出车祸了还需要车企老总出面的,0
2025/4/2 13:42,[捂脸],0
2025/4/2 13:43,2014年12月11日上午，在昆明西二环快速通往安宁匝道口方向发生了一起惨烈的交通事故，一辆奔驰越野车在撞到了匝道口的隔离墩后起火爆炸，车上乘客全部遇难。,0
2025/4/2 13:43,墙到众人推，小米这次很难了,1
2025/4/2 13:43,小米su7还能开吗？[咒骂],1
2025/4/2 13:43,定速巡航路况好是可以开的，缓解驾驶疲劳，只要手不离开方向盘，视线不离开前方，还是很安全的，小米车最低配的就是车主。,0
2025/4/2 13:43,车主：我到底是不是车主[尬笑],0
2025/4/2 13:43,我开过一次，感觉没法掌控，不舒服,0
2025/4/2 13:43,11驾照，女，14年驾龄，bba，volvo，bsj，tesila都有过。单日最高开过18小时。累了就加油站咪会，从不开定速，连自己有时候都不信，信电脑[捂脸]多危险的路我都开过！告诉大家保持清醒，速度任何时候都不要高！限速40就开40！出事的都是觉得自己牛的！,0
2025/4/2 13:44,挺好，为科学献身,0
2025/4/2 13:44,驾驶员不是更应该对生命有敬畏之心吗,0
2025/4/2 13:44,什么时候干？,1
2025/4/2 13:44,坦克没有安全带吧，这个速度应该也没了,1
2025/4/2 13:44,小米是要开这个先例吗那以后不论什么车出车祸是不是都可以找车企要点钱[不失礼貌的微笑],0
2025/4/2 13:44,你搞啥，我加五千[抠鼻][抠鼻],1
2025/4/2 13:44,"谁的SU7不敢开了,10W卖给我，我胆子大",1
2025/4/2 13:44,我开定速巡航的时候比我正常开时还更集中精神[泪奔],0
2025/4/2 13:45,就问为啥打不开门,0
2025/4/2 13:45,感觉这个说得也有道理啊[流泪],0
2025/4/2 13:45,我也是大学生，驾驶里程一万六，我开车时候蓝牙接电话已经是最过分的行为了，怎么还能开车玩手机的[微笑],0
2025/4/2 13:45,低于 15 万别的电车基本活不了了[泪奔]我都得去买一台了[看],0
2025/4/2 13:46,现在的技术轻坦能 但是主战最高也就70多[捂脸],0
2025/4/2 13:46,还没出通报是不是不能开门，现在的这些都是别人胡乱猜测的,0
2025/4/2 13:46,公平竞争，我也要,0
2025/4/2 13:46,反应不过来[捂脸]告诉提示你的时候你就过去一秒了 第一反应肯定是摸方向盘 又是一秒 这时候已经创上了,0
2025/4/2 13:46,要是车企不给说法，车没的是男方的，人没的是女方的，到底是女方赔男方车的钱，还是女方赔男方人的钱，就算男女方家属相亲相爱互不追究，另外两个女孩是否会追究女司机家属[呆无辜],0
2025/4/2 13:46,我骑自行车都不敢[捂脸],0
2025/4/2 13:46,这就不秒回“收到”了？,0
2025/4/2 13:46,我16年拿的驾照 现在还没买车 我驾龄怎么算[尬笑],0
2025/4/2 13:47,是，因为你自己开车精神放松的话，脚自己就松油门了，但是定速巡航可不会啊,0
2025/4/2 13:47,有一说一，你人是考取了驾驶证，而不是智能驾驶持证上路！不然都这么智能，你人还考驾驶证干嘛，直接坐着不就好了？,1
2025/4/2 13:47,定速适合基本没什么车且路况可以的高速以及国道，可以开但是方向盘必须在我手里[呆无辜],0
2025/4/2 13:47,太急了；真要是小米的责任；应该也不会少赔偿款,0
2025/4/2 13:47,我多出1快[捂脸],0
2025/4/2 13:47,沙雕，这个时候让雷军说啥,1
2025/4/2 13:47,谁去开车门了，你怎么知道当时打不开的？,0
2025/4/2 13:47,确实,0
2025/4/2 13:47,[害羞]来，我也要,0
2025/4/2 13:47,坦克的好处就是装了不会停下 只会把他撞烂然后继续向前走 没有那么大的急停惯性 车组成员的头盔多少护着点 昏迷正常 应该活下来概率不小,1
2025/4/2 13:47,乔布斯也是这样的，没啥问题。,0
2025/4/2 13:47,太贵怕不用，用了成本上去，,0
2025/4/2 13:48,凭什么非要接你电话呀，你他么每月赚多少钱呀,1
2025/4/2 13:48,需要市场磨练,0
2025/4/2 13:48,我的当跌科技，套了十个点，太难了,0
2025/4/2 13:48,支持小米走法律途径 别让人给讹上了 不然以后排队讹小米 其他电车和智能车也可能被讹 没完没了 做慈善是做慈善，如果最后跟车没啥关系，就不要去赔任何人钱，这个口子开不得,0
2025/4/2 13:49,我也一次没用过[捂脸],0
2025/4/2 13:49,真的好蠢，有人问责是好事，让产品更严格，不知道这些个网友在犟什么，难道事情轮到自己头上了就开心了，小米起家本身就是以营销+中低端开始，现在有水军营销捂嘴，高端消费者自己会用钱投票。,1
2025/4/2 13:49,自动驾驶不靠谱,0
2025/4/2 13:50,但是坦克可不会让一个水泥墩子装停啊[笑哭],0
2025/4/2 13:50,保险公司一直没想明白怎么会跳过我直接找车商昵,0
2025/4/2 13:50,我还能再加点[看][看][看],0
2025/4/2 13:50,早知道还能这么耍无赖 我家小米电视坏了 我也应该要找雷总索赔,1
2025/4/2 13:50,实际上车主母亲回应了，车主经常使用智驾跑高速。但可能就是这种依赖性导致了车主放松了警惕。我也经常用智驾跑高速，去年暑假我还遇到了晚上高速修路需要频繁变换到对向车道的情形，我发现这时候自己开，尽快下高速休息是对自己负责的应对办法。,0
2025/4/2 13:50,当然是赛力斯,0
2025/4/2 13:50,关人家鬼事,1
2025/4/2 13:51,雷军还是善良…真没见哪个BBA CEO出来回应车祸的,0
2025/4/2 13:51,有些人突然又通情达理了，又会换位思考了[捂脸],1
2025/4/2 13:51,这次不至于,0
2025/4/2 13:51,驾驶员不该有敬畏之心嘛。还能是企业替你开车嘛。晚上开智驾还那么快,1
2025/4/2 13:51,雷军也没想到这把年纪还收获妈妈粉,0
2025/4/2 13:51,没有全网骂………大部分是支持的,0
2025/4/2 13:51,图片评论,0
2025/4/2 13:52,人家不想接就不接呗,0
2025/4/2 13:52,我弟借我的车问我定速巡航怎么开，我说没用过也不建议用,0
2025/4/2 13:52,人家并没有财务危机啊，小事故什么车没有啊,0
2025/4/2 13:52,请一个没有信誉的胡飞盘来给雷布斯的坦诚背书，确实是愚人节最合适。,1
2025/4/2 13:52,竞对粉是哪家？特斯拉？,1
2025/4/2 13:52,别忽略时间 提示并减速 是距离多少米开始提示 并且接管是控制不到还是？ 加上没激光雷达的情况下 的确很不准确。,0
2025/4/2 13:53,这是明显想蹭热度吧,1
2025/4/2 13:53,取得驾驶证就可以上高速，但需有持相应或者更高准驾车型驾驶证三年以上的驾驶人陪同。满1年后可独自上高速。,0
2025/4/2 13:54,车主故意误导，车借给人了，他不想承担责任,1
2025/4/2 13:55,小号是啥,0
2025/4/2 13:55,关键是着火的问题，开不了门救护车来了照样能把人救出来，但是烧起来就要命了,0
2025/4/2 13:55,脑瓜子有病,1
2025/4/2 13:55,驾车的有松开车把的怀疑,1
2025/4/2 13:55,他的2024.3.28微博根本不存在，为什么老喜欢诊断别人，诊断下自己好吗？,1
2025/4/2 13:56,你想什么呢？,1
2025/4/2 13:56,峰子在强权面前不敢造次,0
2025/4/2 13:56,是的，一个个精神资本家，雷军梦男的攻击家属，还有水军下场带节奏。但愿某些人如果出这样的事故，他们控制好自己情绪先检讨自己。,1
2025/4/2 13:56,网络黑社会,1
2025/4/2 13:56,她不是受害者母亲。她是肇事者母亲。  真正的受害者是后座的2位女孩。,1
2025/4/2 13:56,油车可以跑，电车直接爆[看],1
2025/4/2 13:56,怎么不好好教你女儿 开车别分心 对生命要有敬畏,0
2025/4/2 13:57,电池破损不起火这就是个世纪难题，再过几十年也攻克不了[捂脸][赞],0
2025/4/2 13:58,30公里每小时的杵炮你都承受不住何况96公里每小时的车祸，智能驾驶不是自动驾驶，现在国内没有哪个车企敢说自己的辅助驾驶可以摆脱人为操控，特斯拉也不行，智能驾驶是辅助你的驾驶你非得当自动驾驶开，你不是出事谁出事啊[尬笑][尬笑][尬笑],1
2025/4/2 13:58,我也想到你了，可是还是希望能度过难关，要是小米倒了这个市场的质量又不行了,0
2025/4/2 13:58,姐也买了电池是不是,0
2025/4/2 13:59,把命交给电子，这不就是……,1
2025/4/2 13:59,屌丝捷用户群体画像,1
2025/4/2 14:00,据说雷总500个500人群，饭圈模式搞流量。,1
2025/4/2 14:00,我躺床了刷视频手机掉下来砸疼我了，我要起诉手机厂商么,0
2025/4/2 14:01,我这个女司机拿驾照七年，真实开车上路驾驶四年，自认为开车中等，不会开高速从来不逞能，别人开的再累想换我开，我都是说去休息区休息三个小时或者晚上睡一夜再走，我从来不开高速，不给自己打没把握的仗也不给别人（包括其他车）添麻烦，但从来没有出过事故，驾照分没扣过，但是我连蓝牙要么出发之前连好，要么把车靠路边弄好 ，从来不在开车玩手机。命不能靠智驾把握，交给自己才最放心,0
2025/4/2 14:01,如果是车子本身存在缺陷，厂家又推卸不了责任，但不能否认驾驶员操作失误的责任。,0
2025/4/2 14:01,自己都不对自己的生命负责，谁有权利和义务对他的生命负责[尬笑],1
2025/4/2 14:01,确实挺搞的， 其它车出了事故不是先报警吗？,0
2025/4/2 14:02,反正我不敢用，我连自己都不敢完全相信，怕睡着了[呲牙],0
2025/4/2 14:02,听其言，观其行,0
2025/4/2 14:02,为啥道歉  你说,0
2025/4/2 14:02,希望他可以平稳度过,0
2025/4/2 14:03,小米有机械门把手 就在下面 她不是车主可能不知道,0
2025/4/2 14:03,回复@瑶台靈雪:点了！,0
2025/4/2 14:03,雷总有格局有担当，还管后事[赞][赞][赞],0
2025/4/2 14:03,你就说流量有没有蹭到？,1
2025/4/2 14:04,有病？,1
2025/4/2 14:04,真容易睡着[捂脸],0
2025/4/2 14:05,因为家属觉得雷总有钱,1
2025/4/2 14:05,建议入刑，这种畜生上路就是在危害他人安全,1
2025/4/2 14:05,那个车企不出事,1
2025/4/2 14:05,雷军不要只说不做,1
2025/4/2 14:05,为啥要接通,0
2025/4/2 14:06,不敢开的我半价收,1
2025/4/2 14:06,特斯拉当年也被围剿，说这个问题那个问题，卖的好不好吧,0
2025/4/2 14:06,关车什么事情？？,0
2025/4/2 14:06,出事儿是的话，得怪车企。,0
2025/4/2 14:06,雷总敢站出来发文已经打败了90%的车企了??,0
2025/4/2 14:06,固态电池，搞起来,0
2025/4/2 14:06,二十年前再马路上摔倒不会有人想到还可以….文明社会不应该是这个样子。 愿所有人都平平安安,0
2025/4/2 14:07,这和什么系统关系不大，车辆撞击后电池包受损，会引起火灾。除非撞击后，电池包没有损伤。,0
2025/4/2 14:07,@Superjlucky,0
2025/4/2 14:07,这种真的是令人无语,0
2025/4/2 14:07,首先对逝者家属表示遗憾，其次我真的是看不懂这群人了，弱智到跟反串似的而且怎么能这么冷漠啊，出个事还在吵“百事和可口哪个好喝”,1
2025/4/2 14:07,米粉这么信任米车？,0
2025/4/2 14:08,雷总敢站出来发文已经打败了90%的车企了??,0
2025/4/2 14:08,害人害己,1
2025/4/2 14:08,这么想睡，打车不行么？,0
2025/4/2 14:08,现在的年轻人胆子一个比一个大 早晚出事,1
2025/4/2 14:08,一个猴鼠屎害了一锅汤，把中国智驾搞乌烟瘴气，自己本来就是组装厂，偏偏要搞智驾，要研发没研发，靠偷是不行的，自己东西才能玩明白！玩手机也是，每年把外国的东西堆的那么高，结果手机体验也就那回事。你让他搞研发，结果一个破杯子他研发十几次天天上热搜。,1
2025/4/2 14:08,厉害呀,0
2025/4/2 14:09,"22:18分提示轻度分心报警
22:36分提示脱手预警，请手握方向盘
到22:44分25秒才人进入人驾状态！
全网都在说22:44分24秒到22:44分25秒这一秒内的问题！为什么就不想想22:36分48秒到22:44分24秒之间这8分24秒内的问题呢？都发出脱手预警了，请车主手握方向盘了，这时间内车主干嘛去了？",0
2025/4/2 14:09,固态电池只是相对液态电池安全点,0
2025/4/2 14:09,这种人最恶心了,1
2025/4/2 14:09,雷总敢站出来发文已经打败了90%的车企了??,0
2025/4/2 14:09,坦克应该一样，100速度撞击瞬间坦克也会停一下，停的那一下冲击力加速超过20G，坦克里那铁坨坨，脑壳硬撞，也活不下来。那是水泥墩子，不是水泥墙，水泥墙才是一撞就开。美军悍马在战场上就有撞水泥墩子的案例，一瞬间车内人的脖子都断了，当场就死了,0
2025/4/2 14:09,后果自负就行,0
2025/4/2 14:09,平时还嘲粉圈呢，这又何尝不是另一个层面的粉圈,0
2025/4/2 14:09,现在采访这么随便了吗？打电话就可以？正常流程不是预约，等候吗？,0
2025/4/2 14:10,没事，学最近那个，出事找小米，买小米就该死，就该它倒霉，就该它赔偿以后大家都效仿，因为自己原因死亡的，哪个都没问题，都去找车企,1
2025/4/2 14:11,[比心],0
2025/4/2 14:11,为什么要发明自动驾驶。。我也不理解，我感觉就算自动驾驶我也要一直醒着,0
2025/4/2 14:11,我要有钱 绝对干小米，影响个德儿，永远支持雷总[比心],1
2025/4/2 14:11,新型的优胜劣汰罢了 喜闻乐见,1
2025/4/2 14:11,你咋知道门打不开的 驾驶员和你说的吗,0
2025/4/2 14:11,开车拍视频也吓人呀,0
2025/4/2 14:11,你100m撞石墩子 你还想跑？ 9.9成死,1
2025/4/2 14:12,适者生存，优胜劣汰～,0
2025/4/2 14:12,他微博里搜雷军就有了，去年发的,0
2025/4/2 14:12,这么多品牌车企出事故偏偏要求小米董事长亲自出来回应,1
2025/4/2 14:12,我觉得可以参考断轴事件,0
2025/4/2 14:12,重点不应该是车门打不开门[噢买尬],0
2025/4/2 14:12,华为的最新智驾，一百之内除了是后车大米180撞上来，其他很稳妥,0
2025/4/2 14:12,看样子还是高速上面,0
2025/4/2 14:12,取消发动机变速箱，但是还有底盘技术行吗？,0
2025/4/2 14:13,应该找驾校赔偿，教练当初没跟她说开车要双手握住方向盘[看][看][看],0
2025/4/2 14:13,责任大于天,0
2025/4/2 14:13,正解[赞],0
2025/4/2 14:13,小米智驾有问题不能说？撞之前一秒才提醒驾驶员接管，探测到路障之后为什么不降速？不成熟的系统就不要出来卖。不要一直吹自己是智驾第一梯队。这根本就是车的问题。电池爆炸有问题也不能说？,1
2025/4/2 14:13,施工单位、水泥墩的水泥厂、保险公司、导航、管理高速的公司、驾校……都联系了吗？,0
2025/4/2 14:13,这个可以采纳,0
2025/4/2 14:13,怪他自己呗！,1
2025/4/2 14:14,回复@未央嘉禾:出事情了就一堆蹭子,1
2025/4/2 14:14,对。只要开过车的都懂。高速上那么快的速度。稍有不慎会是什么后果。我对自己不自信。至今没开过高速。但是坐队友的车走高速心也是绷着的。,0
2025/4/2 14:14,这速度撞到水泥，我滴乖乖当场晕了也有可能，咋说呢，盲目的相信人工智能去偷懒那就是厕所的大灯笼，还有，按照博主说的年轻人开这么快还敢智能松开双手驾驶那就是纯纯zhaoshi了[捂脸],1
2025/4/2 14:14,搞得小米都要倒闭了似的,1
2025/4/2 14:14,这事要是某为呢[看],0
2025/4/2 14:14,就事论事每个汽车只要销量上去了都会有一个类似的时刻，不觉得小米无辜，但是想要采访，结果没有采访到，就发这种文章是不是有点违背记者的职业道德,0
2025/4/2 14:15,人红是非多[晕],0
2025/4/2 14:15,正常，我打了20次也没接,0
2025/4/2 14:15,怎么看不到原博,0
2025/4/2 14:15,找财务赔,1
2025/4/2 14:16,如果这件事成功了，那以后只有有事车企都要负责,0
2025/4/2 14:16,上个月华为不说了在研发固态吗？充电5分钟1000公里,0
2025/4/2 14:16,这p2的发言让我怀疑自己又在看二游圈子的了,1
2025/4/2 14:16,把智驾当无人驾驶也是服了,1
2025/4/2 14:17,那么大公司，怎么不出点事，真牛逼,1
2025/4/2 14:17,牛逼,0
2025/4/2 14:17,这车牛逼轮胎完好无损可以买,0
2025/4/2 14:17,怪车企，我新学到的,0
2025/4/2 14:17,黑子“当然怪厂商”,1
2025/4/2 14:17,怪自己呀，现在又没l3法规，出了事车主全责，和车企无关,1
2025/4/2 14:17,这真怪不了车企,0
2025/4/2 14:17,水泥吗,0
2025/4/2 14:18,我只信任机械设备[感谢],0
2025/4/2 14:18,无法理解开智驾睡觉的人,1
2025/4/2 14:18,顶上去！！！！怪车企怪车企！！！,1
2025/4/2 14:18,我12年，acc noa都可以开啊，但是记得这只是辅助,0
2025/4/2 14:18,自己愿意把命交给机器，最好别伤及无辜,1
2025/4/2 14:19,也要每一个生命把自己的命当命,0
2025/4/2 14:19,智驾初衷是辅助驾驶员，不是代替驾驶员，还是建议大家专心开车，不要把生命当儿戏，对自己及车上的乘客负责，愿逝者安息，愿大家平安,0
2025/4/2 14:19,怪厂家呗，还能怪自己吗，为啥醒了没到目的地，而是到了墓地,1
2025/4/2 14:19,不相信的都退单吧，那样我就能早一点拿到车了,1
2025/4/2 14:19,午安,0
2025/4/2 14:19,为自己认知买单,0
2025/4/2 14:20,当初骂华为的 现在骂小米,1
2025/4/2 14:20,@shevchenkoand7 …,0
2025/4/2 14:20,心真大还敢睡觉,1
2025/4/2 14:21,电池一但车祸电池起火能逃机会渺小,0
2025/4/2 14:21,还有第四，施工方是否正确规范放置警告??标识,0
2025/4/2 14:21,[比心][比心][比心],0
2025/4/2 14:21,智驾是智能辅助驾驶，而不是智能全自动驾驶，自己作死怪不了别人,1
2025/4/2 14:21,老師， 可否預測下日本是否有海嘯發生呢？,0
2025/4/2 14:21,这种情况自己出事就算了！就怕别人安规行驶被连累,1
2025/4/2 14:21,汽车公司也有一定责任，驾驶人员也有一定责任。客观的讲。,0
2025/4/2 14:21,怪车企啊，要赔偿啊,1
2025/4/2 14:21,脑瘫儿,1
2025/4/2 14:21,@只看不说还不成: 29号的事故，30，31号到处删帖，家属被封了很多很多号。1号实在压不住了，出来装痛心，痛心的主要原因是丫还没接触到事故车。你妹车都烧成架子了，你丫后台服务器自动上传的数据你倒是完整拿出来啊？搞一堆障眼法,1
2025/4/2 14:21,这个视频看到快一星期了，应该没出事,0
2025/4/2 14:22,肯定休息啊，定速巡航也解决不了休息的问题,0
2025/4/2 14:22,我反正还没见过出车祸找车企的，咋的要逮着老实人欺负，有1.5语,1
2025/4/2 14:22,刷了这么多条，结论是：小米想走法律途径，家属想走网络途径，网友想走起号途径,0
2025/4/2 14:22,大师很牛,0
2025/4/2 14:22,你怎么知道打不开车门？,0
2025/4/2 14:22,辅助驾驶，不是全自动驾驶，司机还是第一责任人，要对所驾驶的车辆有一定了解，尤其是智能车，车辆的性能要有掌握。,0
2025/4/2 14:23,我在想如果不起火多好,0
2025/4/2 14:23,这么多车企，哪个品牌会没有事故没有死人，也就雷总这么有担当，也敢担当！！！智驾还得深化技术,0
2025/4/2 14:23,这是闲自己活太久了,1
2025/4/2 14:23,高速撞击固态也不行吧，那得加强外保护壳,0
2025/4/2 14:23,马上全国无人驾驶了   以后出事算国家的,1
2025/4/2 14:24,这是反串吧,1
2025/4/2 14:24,小米洗车是什么意思,0
2025/4/2 14:24,你知道大众总裁是谁吗？现在谁不知道雷军？有意无意营销自己形象 现在就是被自己营销的形象所反噬。,1
2025/4/2 14:25,上次怎么没有这么多“理中客”[捂脸][捂脸][捂脸][捂脸],1
2025/4/2 14:25,@晚上早点睡: 妈妈说不要去河边玩，我没有听，后来我真的掉到河里淹死了，妈妈怪这里有一条河。,1
2025/4/2 14:25,怪雷军呗，怪谁,1
2025/4/2 14:25,看原因啊，事故鉴定没出来就开喷了[憨笑]哪个品牌的车没有出过事故啊，看事故鉴定到底是谁的问题才好定责吧,0
2025/4/2 14:25,这种人绝对不少的。前几天我爸工作上遇到一个人，就在那说“我自己开车，上车就睡觉，一直睡到家”。把命交给机器，真不怕机器也要祭品。,1
2025/4/2 14:25,@_土豆大魔王,0
2025/4/2 14:25,我还想着买这款车呢，现在买还是不买啊,0
2025/4/2 14:26,是没有回避，第一时间捂嘴，第二时间请水军，第三时间造谣享界出事转移话题,1
2025/4/2 14:26,肯定怪汽车公司啊，你一个技术都不成熟的智驾就敢开发布会大肆宣扬，出事了不管了，,1
2025/4/2 14:26,可能吗？就算不起火，也会爆炸,1
2025/4/2 14:26,开问界我都不敢直接在车上睡，米粉真的。。。,1
2025/4/2 14:26,继续打，天天打，打到他接为止。,1
2025/4/2 14:26,我也是小米手机，一直感觉他是个挺务实和实干的一个人，希望他能够冲关成功,0
2025/4/2 14:26,等调查结果出来后再BB也不迟,0
2025/4/2 14:27,出了事儿直接走网络程序，走法律程序？对我不利为什么我要走,1
2025/4/2 14:27,出事找厂商啊，雅迪电动车让我摔着了，我还把鞋厂给一起告了,1
2025/4/2 14:27,这是怎么绕过手扶方向盘和眼睛疲劳检测的？,0
2025/4/2 14:27,相信小米干什么，谁的责任谁承担,1
2025/4/2 14:28,这种人心真大,1
2025/4/2 14:28,肯定怪车企啊，要不然还能怪谁，总不能怪自己吧,1
2025/4/2 14:28,碗摔了划到了手，去找厂家？[微笑][微笑],0
2025/4/2 14:29,太唐了，也就是你这种人把L2级别的辅助驾驶当智驾了,1
2025/4/2 14:29,想到了你的预测，希望小米不会有经济危机,0
2025/4/2 14:29,维修路段开到96以上不是一般人啊,0
2025/4/2 14:29,哪个品牌的车没出过事故[我想静静][我想静静][我想静静]怎么不一个一个去找车商[噢买尬],1
2025/4/2 14:29,你可以代表小米[捂脸],0
2025/4/2 14:29,你自己也好好反省，你跟猕猴较真啥？建议你去峨眉山多逗逗猴子，总结一下经验,0
2025/4/2 14:29,别蹭热度,1
2025/4/2 14:29,回复@九頭鳥小柒:明天来公关部上班,0
2025/4/2 14:30,没啊，怪车企,0
2025/4/2 14:30,不怕，原地火化，家属找雷军要钱,1
2025/4/2 14:30,扣分罚款,1
2025/4/2 14:30,你好，怎么看呢？,0
2025/4/2 14:30,带智驾的都有这种驾驶员！怎么就成了小米独一家了！饱和攻击有点厉害啊,1
2025/4/2 14:30,@蹦蹦哒哒鬼,0
2025/4/2 14:30,不吃香菜老年版，再加故装深情男朋友，凌晨开车智驾聊天110多码，可惜的只是后排两位，记得起诉车主家还有驾驶员家赔偿,1
2025/4/2 14:30,@派喵喵h,0
2025/4/2 14:31,可能他们没脑子吧。不能对自己的行为负责。,1
2025/4/2 14:31,雷总是法人，他是老板啊，,0
2025/4/2 14:31,我也想到了你的预测   电车真心不行,0
2025/4/2 14:32,配股这事只有军儿干得出来,1
2025/4/2 14:33,晚上高速超级难开，我通勤要开一段高速，特别害怕下班天黑,0
2025/4/2 14:33,这个带智驾的安全鞋,0
2025/4/2 14:33,一个车企主动宣传其他就也得跟着，不然就是被淘汰,1
2025/4/2 14:33,对不起，我错了,0
2025/4/2 14:33,还好之前就把微博看完了，确实有这篇，不知道为什么现在反而不放出来了,0
2025/4/2 14:33,怪车企“不成熟就不要拿出来”别的评论区看到的,1
2025/4/2 14:34,就不应该设计那种门拉手,0
2025/4/2 14:34,[赞][赞][赞][爱心][666],0
2025/4/2 14:34,他这玩意儿完全蹭流量，骚扰,1
2025/4/2 14:34,真的很好看啊,0
2025/4/2 14:34,斗地主都不敢托管[我想静静] 开车怎么敢的啊,0
2025/4/2 14:34,大师??,0
2025/4/2 14:35,应该别搞新能源了,0
2025/4/2 14:35,不错不错,0
2025/4/2 14:35,其他品牌的电池撞击不容易起火，反而是增程器和油路起火难以避免。,0
2025/4/2 14:35,不是已经是国产的吗,0
2025/4/2 14:35,上高速真的全程紧张，不敢松懈,0
2025/4/2 14:36,你以为固态就完全不会爆吗,0
2025/4/2 14:37,换大众奥迪这家属敢找吗,1
2025/4/2 14:37,成也流量，败也流量,0
2025/4/2 14:37,电车发展必须要用生命去填的，油车历经上百年才有合格的安全策略，电车少说也要几十年,0
2025/4/2 14:37,洗衣粉多加点，少了不行，不行开个洗衣粉厂，不然不够用[捂脸],0
2025/4/2 14:37,这两天全国所有别的车型，都是0事故吗[捂脸],0
2025/4/2 14:37,雷总太亲民了反而让有心之人觉得好拿捏,1
2025/4/2 14:38,我怀疑是商战[难过],0
2025/4/2 14:38,[赞][赞],0
2025/4/2 14:38,这个事情让我想到了林志颖的那次事故，ModelX车子60码以下的车速碰撞，车子照样起火，只不过起火时间较长。但是即便是这个速度，林志颖还是头部撞伤，要靠人抬出来。所以这次事故97码的速度碰撞，比较可能的是车子起火之前，3个女孩已经重伤昏迷了，没有能力自行打开车门。,0
2025/4/2 14:38,"22:18分提示轻度分心报警
22:36分提示脱手预警，请手握方向盘
到22:44分25秒才人进入人驾状态！
全网都在说22:44分24秒到22:44分25秒这一秒内的问题！为什么就不想想22:36分48秒到22:44分24秒之间这8分24秒内的问题呢？都发出脱手预警了，请车主手握方向盘了，这时间内车主干嘛去了？",1
2025/4/2 14:38,这个说到点上了[捂脸][捂脸],0
2025/4/2 14:39,@爱搞事的香港记者丶 我朋友,1
2025/4/2 14:39,永远不要将生命交给系统—程序员的忠告,0
2025/4/2 14:39,我的小鹏智驾，我只有堵车敢不摸方向盘，高速连转弯都要悄悄用力，怕车机没转过来偏一点我就完了,0
2025/4/2 14:39,建议大家不要盲目使用智能辅助驾驶系统[感谢],0
2025/4/2 14:39,那个最后澄清了，主驾坐着人了，故意躲着没拍到,0
2025/4/2 14:39,我昨天还截图先生的这个预测发群里的,0
2025/4/2 14:40,这是多久没睡过觉了，高速上面都睡得这么香！,0
2025/4/2 14:40,怪车企呗，不讹白不讹,1
2025/4/2 14:40,你重仓固态电池了吗？,0
2025/4/2 14:40,不开玩笑的说，有人开车，我坐副驾我都不敢睡，我怕我一睡开车的也困。,0
2025/4/2 14:40,那我贷款都买,1
2025/4/2 14:41,教主抖音帐号好干净，三个女孩都不见了[尬笑][尬笑][尬笑][尬笑],1
2025/4/2 14:41,说实话电车驾驶太快了还是油车起步好不急不慌想快也就那么多动力,0
2025/4/2 14:42,他说什么了,0
2025/4/2 14:42,100公里撞石墩1秒内撞停 这个伤害谁也受不了，也不用说开啥车，你就是开个坦克，这个情况人也活不了。经过特殊训练的飞行员开舰载机着舰，那还得用几秒呢。个人觉得跟高速路上的石墩位置设计关系很大。还有没有一种情况就是着火之前三人就已经没了？,0
2025/4/2 14:42,这回放到底有没有啊，没回放谁知道咋回事,0
2025/4/2 14:43,两位大师可以哦,0
2025/4/2 14:43,我觉得这一波之后小米能超神了,0
2025/4/2 14:43,又是中国蓝新闻,0
2025/4/2 14:44,目前人类科技的水平，还是以人为主，尤其是汽车，不要把生命交给目前的技术。因为锂电池不可能不着火，识别系统还是有障碍物不能识别或躲不过。,0
2025/4/2 14:44,这样不违反道路交通安全法吗？能不能举报？,0
2025/4/2 14:44,必须连车企出来赔钱啊一辆车都做不好，学什么人家造车,1
2025/4/2 14:44,说话好听就够了  ,0
2025/4/2 14:45,难道车辆是否存在安全隐患不应该等交警的调查结果嘛 车企又接触不到涉事车辆,0
2025/4/2 14:45,怪厂商呗，能怪我吗，瞌睡了还不让睡了,1
2025/4/2 14:45,高速上那个速度撞击，别管啥车，百分之99都玩完[尬笑]剩余百分之一是运气逆天[泪奔],0
2025/4/2 14:45,车里都警报几次了，没人听啊，可惜啦,0
2025/4/2 14:45,雷军的又一个考验,0
2025/4/2 14:46,小米股票下跌我看都要这家人陪[捂脸][捂脸][捂脸],1
2025/4/2 14:46,只能说智驾还是不成熟。 高速公路上也不是路况很复杂吧， 只给驾驶员两秒反应吗,0
2025/4/2 14:46,去掉怀疑，纯商战[看],0
2025/4/2 14:46,我连油车的定速巡航都不敢用，有没有和我一样的[尬笑],0
2025/4/2 14:46,哪个公司不得经历大风大浪，哪个车企不得经历这些,0
2025/4/2 14:47,我买的赣锋，感觉和固态没啥关系样的…,0
2025/4/2 14:47,车路云一体化才能彻底解决智驾问题，光靠车本身实现智驾很难！有路测设备提前识别到道路问题，然后通过高清地图标注出来，信息快速同步到汽车自带的智驾平台才行。解决智驾反应时间不够问题,0
2025/4/2 14:47,找厂家？,0
2025/4/2 14:47,智能驾驶是辅助驾驶，不是自动驾驶无人驾驶,0
2025/4/2 14:48,虽然高速路况往往没那么复杂，但因为车速太高，稍有问题就是覆水难收，所以更是得小心谨慎,0
2025/4/2 14:48,那请问极氪汽车呢,0
2025/4/2 14:48,只能说小米的智驾和别人家的不一样，嫑扯上所有智驾,0
2025/4/2 14:48,分享一个晚上开高速的小技巧：就是随机跟着一辆车速和自己差不多的前车，保持大概100米的距离，让前车给你当探路车。这样转弯或者路面有异常情况你可以提前知道。,0
2025/4/2 14:49,最可怜的还是另外两位女生,0
2025/4/2 14:49,啥开车还睡觉？,1
2025/4/2 14:49,万向钱潮,0
2025/4/2 14:49,你怎么知道锁死的，你没在车上，你怎么确定的，,1
2025/4/2 14:49,钱多的赔钱啊,1
2025/4/2 14:49,自己管不好女儿开始赖了，不过也是啊不赖小米哪来的钱赔另外两条人命,1
2025/4/2 14:49,你是在评论小米集团吗？[捂脸],0
2025/4/2 14:49,都是命,0
2025/4/2 14:50,里面有机械锁，但是人晕了，外面只有电子锁，所以路人救援打不开，只能破窗，就这么一个逻辑,0
2025/4/2 14:50,@用户98515926535: 去年问界m7高速，大家把矛头一致对准车企的，这回儿大家理智多了，说明国民素质有了大进步[赞],0
2025/4/2 14:50,别捧一踩一了 华为智驾被骂得也不轻,0
2025/4/2 14:50,怪你,1
2025/4/2 14:50,出事了怪车企是什么毛病，那大众的老板一天天啥时也别干了，就天天道歉吧,1
2025/4/2 14:50,如果有害怕不敢开的小米车主，我8万8收，通通收,1
2025/4/2 14:50,家属必定找车企要说法，,0
2025/4/2 14:50,这不很明显嘛[捂脸],0
2025/4/2 14:50,雷军不可能出事的，不信走着看，,0
2025/4/2 14:50,第一次见车祸找车企的，想骗钱可以直接说,1
2025/4/2 14:50,1秒27米，2秒54米。22：44，,0
2025/4/2 14:50,#雷军回应#,0
2025/4/2 14:51,睡觉智驾应该会提醒 并要求接管,0
2025/4/2 14:51,标准版就不算智驾[捂脸]连激光雷达都没，算力更是和中配高配差了不是一点,0
2025/4/2 14:51,出事后小米su7能降价吗，15w想买一辆,0
2025/4/2 14:51,[捂脸]这都不用怀疑,0
2025/4/2 14:51,赔钱！,1
2025/4/2 14:51,那我可要联系信用社了[呲牙],0
2025/4/2 14:51,小米非常不安全 普通人开不了，本人驾龄10年 行车公里超过10w公里，5万块收一台小米su7 让我来把握。,1
2025/4/2 14:52,真的,0
2025/4/2 14:52,而且后排如果没系安全带的话更严重,0
2025/4/2 14:52,骑自行车我敢，就是有次摔的很惨趴地上几分钟后才起来,0
2025/4/2 14:52,回复@一_十_-:别哪个群体骂的,1
2025/4/2 14:52,别害人撞墙就好,1
2025/4/2 14:52,我定速巡航一次都没用过[捂脸],0
2025/4/2 14:52,就是战斗机都得报废[绝望的凝视],1
2025/4/2 14:52,那我可真要买了,0
2025/4/2 14:52,普通刹车距离在30-40米左右，高速100km/h，每秒27.7米，2秒60米左右，预警后刹车是来得及的，不说安全刹停但也不会这么严重,0
2025/4/2 14:53,出了车祸不找警察找车企？,1
2025/4/2 14:53,大师 牛人??,0
2025/4/2 14:53,驾驶员非车主本人，结束,0
2025/4/2 14:53,算雷总的,1
2025/4/2 14:53,我小时候挑战自己，闭眼撒把骑车，不到五秒就进沟里了[泣不成声],0
2025/4/2 14:53,只是在这种视频下面有理智的人，像那种新闻通报下面可多说什么车门打不开、车子爆燃的 人了[捂脸],0
2025/4/2 14:53,之前有钱的买智驾的已经死了一群了。现在穷一点的，只能买小米的也开始了，也算是优胜劣汰吧。,1
2025/4/2 14:53,我四万六,0
2025/4/2 14:53,su7隐患最大的，是车里面握方向盘的那个[捂脸],0
2025/4/2 14:54,你们哪位车主害怕了，我吃点亏，10W收一台你们到手的小米SU7 [流泪],0
2025/4/2 14:54,小报娱记,1
2025/4/2 14:54,都考完了，还说去考的路上[捂脸],0
2025/4/2 14:54,"能否设置：电池高温情况下自动降速至安全路段然后直接打开车门，
或者一旦感应到起火，在车辆停止的情况下，设置直接打开车门（当然车门机械性卡死或故障除外）",0
2025/4/2 14:54,你说“小米su7送走了3条人命”…真是逆天，官方定责都没下来，你是怎么得出是车的问题的？要么你在故意带节奏，要么你不懂装懂在这蹭流量…我只能说水平太次了，对自己说的话都不负责…,1
2025/4/2 14:54,出人命了，还不叫大事？,1
2025/4/2 14:54,不是加分，是话题大,0
2025/4/2 14:54,对头,1
2025/4/2 14:54,因为保险不会赔太多[看],0
2025/4/2 14:55,你收了，我加点，买了[呲牙],0
2025/4/2 14:55,3月29号的事故，3月30日、31日甚至一点水花都没有，4月1日才爆出消息，某些车企不会就是指他吧,1
2025/4/2 14:55,只能这么的说，车子固然是好车子，但是，看撞击后样子，说明速度当时不低，能装成这样子，别说车子着火，不着火人也八成没了，所以道路千万条安全第一条。开车需牢记，不抢道，不斗气，不超速，不酒驾，不毒驾，，一定要保证，心态稳，多观察，变道超车需谨慎，，，出门在外，牢记家里有人在等着，莫冲动，莫斗气，安全第一[流泪],0
2025/4/2 14:55,就是,0
2025/4/2 14:55,我?5000,0
2025/4/2 14:56,过于自信相信，智能辅助驾驶！没随时观察路况，来不及接管，,0
2025/4/2 14:56,我不敢开定速巡航是因为偶尔会刷到那些开了定速巡航然后刹车失效的新闻，踩了刹车会减速一松开刹车速度立马提上来，导致我一直不敢开这个功能[逞强落泪],0
2025/4/2 14:56,开飞机都没这么放松吧,0
2025/4/2 14:56,如果不是因为股价跌得太厉害，他会出来说话？当时买水军在国外品牌直播间撒野的那股嚣张劲哪去了？,1
2025/4/2 14:56,小米车的质量有目共睹，雷总的为人更深入人心,0
2025/4/2 14:57,加油小米，加油,0
2025/4/2 14:57,这就是一个商战，看看得了,0
2025/4/2 14:57,跟这种人在一条路上行驶的司机真是倒血霉了自己死不要紧别害别人啊,1
2025/4/2 14:57,牛鬼蛇神都来了,1
2025/4/2 14:57,当年刹车失灵也是一样,0
2025/4/2 14:57,定速巡航我上高速会开的，但是脚要放在刹车踏板上,0
2025/4/2 14:57,出事就怪车企，不出事就视频吹牛B，这样的多一点蛮好，清除计划2.0来了,1
2025/4/2 14:57,好的老板不知道他老板是谁[赞][赞][赞]。应该知道的是产品[比心],0
2025/4/2 14:57,我也只有超过一次性五百公里以上才会用一会儿,0
2025/4/2 14:58,出事当然是怪华为了,1
2025/4/2 14:58,我5万一,1
2025/4/2 14:58,好了，别说了。夜间行车?全脱手靠智驾辅助?116?三次警报未接手……什么人敢这么开车？辅助为什么叫辅助？,1
2025/4/2 14:58,家属微博早就不是家属在用了，你猜她怎么秒删一个刚刷新的评论的,1
2025/4/2 14:58,有没有不敢再开小米的朋友，6.6w收一辆，诚心[流泪],0
2025/4/2 14:58,黑夜，120km，还开智驾！前面两个条件老司机都不敢全程保持，专注力得拉满，居然交给没有激光的智驾[捂脸]还有一点，120km的速度出事故，悍马都遭不住,0
2025/4/2 14:58,把命交给辅助驾驶，早晚会出事。,0
2025/4/2 14:58,哪位车主怕的，我出12万收了[奸笑][奸笑][奸笑],1
2025/4/2 14:58,第一次羡慕女生，上大学就已经有男朋友送小米su7[看],0
2025/4/2 14:58,要命的安全 不回应不行了,1
2025/4/2 14:59,想要天价赔偿，呵呵,1
2025/4/2 14:59,这是重点,0
2025/4/2 14:59,那我就真买了,0
2025/4/2 14:59,你收到了加一万卖我[捂脸] 我先预定了,0
2025/4/2 14:59,死得好,1
2025/4/2 15:00,把心放在造手机吧,0
2025/4/2 15:00,哎,0
2025/4/2 15:00,我再加5000[看],0
2025/4/2 15:00,2020年5月12日正式颁布的GB 38031-2020《电动汽车用动力蓄电池安全要求》。该标准特别增设了电池系统热扩散试验的环节，明确规定了电池单体在发生热失控后，电池系统需在5分钟内保持稳定，不起火不爆炸，从而为乘员提供充足的安全撤离时间。,0
2025/4/2 15:00,带舆论怪车企,1
2025/4/2 15:01,有不敢开的吗[黑脸]，我出10万回收一台[黑脸],1
2025/4/2 15:01,面对三条人命，小米在组织水军铺天盖地的在讽刺攻击谩骂死者家属！太可怕了,1
2025/4/2 15:01,太片面[看]我觉得等后续报告[看],0
2025/4/2 15:01,加v就 是外人了。 孩子去世了处理身后事 哪有时间折腾 舆情。明显是接管了,1
2025/4/2 15:01,汽车能出厂就是符合国家标准的吧,0
2025/4/2 15:01,高速禁止智驾，应该纳入道路交通法,0
2025/4/2 15:01,有没有不敢再开小米的朋友，6w收一辆，诚心[流泪],0
2025/4/2 15:01,我再加两万  不能再多了,0
2025/4/2 15:01,新手司机期还没结束/ 夜晚/高速/120时速/智驾......这都是什么组合，一个人要先对自己的安全负责，有直觉、有敬畏心，然后再说别的,0
2025/4/2 15:01,作死,1
2025/4/2 15:01,车路云一体化才能彻底解决智驾问题，光靠车本身实现智驾很难！有路测设备提前识别到道路问题，然后通过高清地图标注出来，信息快速同步到汽车自带的智驾平台才行。解决智驾反应时间不够问题,0
2025/4/2 15:02,无语,0
2025/4/2 15:02,用生命测试智驾,1
2025/4/2 15:02,是的,0
2025/4/2 15:02,他们说打欢乐豆地主都不敢托管[微笑],0
2025/4/2 15:02,我出五万[看],1
2025/4/2 15:02,虽然不是雷总的错，但是事情发酵成这样了，雷总不得不反思道歉，不然损失会更大……,0
2025/4/2 15:03,问界的时候可不是这么说的，当时嚷嚷着都说华为不行呢,1
2025/4/2 15:03,开车上路本来不确定因素就太多了，心真大啊。主要是害自己就算了，别出来害正常的人好吗！,1
2025/4/2 15:03,能不能做一种特殊的电池 ，零线和火线碰到一起才有电 ，如果零线和火线分家呢 ，不知道能不能设计一款电池，零线火线分家 ，应该就不会着火了 ，不过能不能把电存在里面这就是个大问题了，这个需要突破一些麻烦,0
2025/4/2 15:03,收到卖我一台,1
2025/4/2 15:03,最离谱的说车门被锁，出不来原因不应该是撞击力太大了然后昏迷了吗[捂脸],0
2025/4/2 15:03,睡觉开车出事故后，谁有可能给钱就怪谁。,1
2025/4/2 15:03,算盘打的太响了，我出8万,1
2025/4/2 15:03,等结果,0
2025/4/2 15:03,你就比较好了，刚那个十五万的哄抬物价,1
2025/4/2 15:03,我也是，最多5w[看],0
2025/4/2 15:03,毕竟友商个别粉丝哈哈,1
2025/4/2 15:03,做为一个10年老司机，我晚上10点多跑高速的时候，没有勇气把车速提到110以上，只因为担心自己看不清路况。,0
2025/4/2 15:04,一百多码撞击，啥车人都没,1
2025/4/2 15:04,你小子[看]我出6.7w,1
2025/4/2 15:04,我加2.8万@用户1019575923979,1
2025/4/2 15:04,啊。这,0
2025/4/2 15:04,@木辛 我也要,0
2025/4/2 15:04,太贵了。七万多点,0
2025/4/2 15:04,干嘛呀 扰乱市场啊[流泪],1
2025/4/2 15:04,如果这次雷总赔偿了，我希望以后千千万万的人用什么东西出事，都直接找厂家，找品牌老总，不然对雷总不公平,1
2025/4/2 15:04,静待后续,0
2025/4/2 15:04,这人也不是记者啊,0
2025/4/2 15:04,[看]你这算盘打的响的，我在陕西都能听见,0
2025/4/2 15:04,连吃带拿的[捂脸],0
2025/4/2 15:04,我出10万,1
2025/4/2 15:04,兄弟，别抬价。好商量的,0
2025/4/2 15:05,蹲个后续,0
2025/4/2 15:05,键盘打到四川都知道 顺便问一下四川有没有的我也收台[看],0
2025/4/2 15:05,必须正视现实。,0
2025/4/2 15:05,@不如追风去 @HUANG @可乐 @学学学学学学习 [泪奔][泪奔],0
2025/4/2 15:05,所有车的隐患也是这个，什么车都看人怎么开,0
2025/4/2 15:05,肯定怪车企啊，买了智驾用了智驾出事了，难道不是智驾问题吗？,1
2025/4/2 15:05,你们搞什么，二手车贩子咋办[捂脸],1
2025/4/2 15:05,6000,0
2025/4/2 15:05,冖不群,0
2025/4/2 15:05,扰乱市场行情，举报你，楼上才五万,1
2025/4/2 15:05,是晚上在施工路段限速40的路开110，用标配的辅助驾驶当高配的智驾来用飙车了吗,1
2025/4/2 15:05,准,0
2025/4/2 15:05,车子本身是有问题的。,0
2025/4/2 15:05,又卷,1
2025/4/2 15:05,车主明知道女朋友在开车，还一直打字聊天，这是生怕她活着[捂脸],1
2025/4/2 15:06,看后续处理,0
2025/4/2 15:06,我6.8[看],0
2025/4/2 15:06,扰乱市场现在是5万[发怒][发怒][发怒],1
2025/4/2 15:06,一撞击车子都变形了当然打不开了[捂脸],0
2025/4/2 15:06,至今为止怎么没有找保险公司的,1
2025/4/2 15:06,蹲一个后续通报吧,0
2025/4/2 15:06,我出一万，你能出少点吗,0
2025/4/2 15:06,不是，谁说打不开门？97撞的还有意识能去开门？,1
2025/4/2 15:06,等待最后结果。,0
2025/4/2 15:06,夸大宣传,0
2025/4/2 15:06,未留余地，表述不严谨，可能会有很多麻烦。作为开车了，有时别太相信辅助驾驶，主动权不都在开车者身上么。,0
2025/4/2 15:06,命是掌握在自己手里的,0
2025/4/2 15:07,我出现金3万收一台,1
2025/4/2 15:07,等后续,0
2025/4/2 15:07,八分钟前就提醒了，是驾驶员撞车前一秒才接管,0
2025/4/2 15:07,不要再吹自动驾驶了，除非技术真的实现了,0
2025/4/2 15:07,我6.9[看],0
2025/4/2 15:07,我感觉主要是车燃起来了,0
2025/4/2 15:07,那我出6.5,0
2025/4/2 15:07,同收，楼主优先[比心],0
2025/4/2 15:07,谁的小米不敢开了，我1W收,1
2025/4/2 15:07,固态电池亏死我了,0
2025/4/2 15:07,我有，你有车不?,0
2025/4/2 15:07,问题是没出事啊，虽然吃罚单了，都叫智驾，有些车的智驾跟没有没啥区别,0
2025/4/2 15:07,出了事故找警察找保险，头次听说找车商的[捂脸],0
2025/4/2 15:07,3.29事业单位联考，这个没毛病,0
2025/4/2 15:07,手机上吹牛吹惯了手机翻车没啥，汽车是真不能翻车的。,0
2025/4/2 15:08,我出11，自己上门提车，不能再高了,0
2025/4/2 15:08,我出8.8w,0
2025/4/2 15:08,10w我收了[捂脸][赞],0
2025/4/2 15:08,我出5万[呲牙],1
2025/4/2 15:08,他说话还是很负责任的,0
2025/4/2 15:08,她的两三年驾龄真的有点初生牛犊不怕虎,1
2025/4/2 15:08,有人跳楼身亡是因为楼建的高的原因吗？是驾驶者要对自己负责，敬畏生命，公务员考试不应该提前一天到休整好嘛。还连夜赶路，考试能有状态吗？是自己对生命太松散，导致一系列的原因。 还国产汽车市场的清白，尊重事实，愿逝者安息。??????,0
2025/4/2 15:08,这都是为了人类文明进步 捐献自己的勇士,0
2025/4/2 15:08,我出10.1w[看],0
2025/4/2 15:08,这种出事了怪谁？,1
2025/4/2 15:08,我们两一起买,0
2025/4/2 15:08,我出10.8w,0
2025/4/2 15:08,我是不敢买国产车，送我都不要,1
2025/4/2 15:09,@圆圈79,0
2025/4/2 15:09,等待结果了！！！,0
2025/4/2 15:09,难道不知道在考的时候，已经当干部了吗[呲牙],0
2025/4/2 15:09,我出6.7万[看],0
2025/4/2 15:09,@小米法务部 这都不管？,1
2025/4/2 15:09,千匹马力市区闯，1秒50米真是爽，直道王，弯道亡，撞人撞树又撞墙，那就是，速度信仰的头七郎。,1
2025/4/2 15:09,这是当事人在找赔偿对象,1
2025/4/2 15:09,好了，价格控制不住了。你们这些人[流泪],0
2025/4/2 15:09,车是需要人驾驶，结束,0
2025/4/2 15:09,肇事者成受害者了[尬笑][赞],1
2025/4/2 15:09,等后续,0
2025/4/2 15:09,智驾说穿了还是辅助,0
2025/4/2 15:09,唉????…,0
2025/4/2 15:09,真的莫名其妙，个人觉得就是为了money最大化啊，交警处理交通事故也是找司机谁会去找汽车制造商啊[捂脸],1
2025/4/2 15:09,一样我宁愿累点踩油门也不会开这个不放心,0
2025/4/2 15:09,我出18万[捂脸],0
2025/4/2 15:09,雷总可以出于慰问   但是后事不用他善   一看就不是车的问题  别问我怎么知道  我开小米快一年了  不了解车的 真不好驾驭,0
2025/4/2 15:09,@01 12.59我可就卖房了[微笑],0
2025/4/2 15:09,只能說人類是Al無法代替的,0
2025/4/2 15:10,华为也有这样的。我看见过,0
2025/4/2 15:10,这个ab柱真的好真材实料,0
2025/4/2 15:10,你这算盘打得，我在泉州都听到了,1
2025/4/2 15:10,怪自己命不好,1
2025/4/2 15:10,等通告,0
2025/4/2 15:10,智能驾驶安全是人和车配合的，不是全都交付给智能驾驶[捂脸][捂脸],0
2025/4/2 15:10,大概率摆拍，问界也有这种视频。我见过,0
2025/4/2 15:10,想一想，这些水军要一直养下去吗？水军哪一天爆出某厂控制舆论，混淆是非，动摇社会根基，会不会它一天就彻底无法立足了。水军要一直养下去，还要喂肥，安抚好？,1
2025/4/2 15:10,有没有不敢开了的，10w收1台,1
2025/4/2 15:11,这胆子是真大,1
2025/4/2 15:11,不儿，我一直以为，智驾这玩意儿就是停车用的[黑脸],1
2025/4/2 15:11,你是我见过的最低价[震惊],1
2025/4/2 15:11,不要蓄意抹黑小米,0
2025/4/2 15:11,智驾应该还不成熟。就算是电脑，都有死机的情况，但电脑可以重启。,0
2025/4/2 15:11,那我就要联系马云借点钱了[呆无辜],0
2025/4/2 15:11,有木有小米车主不敢开了，我8.8万收！我把握的住[看],1
2025/4/2 15:11,[感谢],0
2025/4/2 15:11,你算盘打的有点响吧[眼含热泪],1
2025/4/2 15:11,这样的话，啊军就是神一般的存在[色],1
2025/4/2 15:11,人家也不傻[捂脸],0
2025/4/2 15:11,真牛逼、回头出事又要找车企了。把自己命不当回事,1
2025/4/2 15:11,我出8万8,0
2025/4/2 15:11,能开100的坦克比小米也重不了多少，装甲也没比小米厚多少[捂脸],0
2025/4/2 15:11,每个人都是自己生命的第一责任人,0
2025/4/2 15:11,这速度擎天柱都要避一避,0
2025/4/2 15:11,开车越久的人越不敢把车交给智能,0
2025/4/2 15:11,我出20,0
2025/4/2 15:12,你要这么搞我就得贷款买一个了，油费太贵了[九转大肠],0
2025/4/2 15:12,每天都有出车祸的，第一次见车祸，家属要车企给说法的，活久见,1
2025/4/2 15:12,我觉得也是,0
2025/4/2 15:12,算盘珠子崩我脸上了,1
2025/4/2 15:12,我出20,0
2025/4/2 15:12,我想买一个没有出过车祸死亡的车 给个参考,0
2025/4/2 15:12,你想得美,1
2025/4/2 15:12,给自身添加一点正面因素，以此创造有利于自己的风向,0
2025/4/2 15:12,我出6千6,0
2025/4/2 15:12,赞同,0
2025/4/2 15:12,那个。。。有没有小米车主看见害怕的，我出10w收一辆,1
2025/4/2 15:12,我出8.9万,0
2025/4/2 15:12,16W,0
2025/4/2 15:12,科比家属不知道有没有找厂家,0
2025/4/2 15:12,"谁的SU7不敢开了,10W卖给我，12也可以，我胆子大",0
2025/4/2 15:12,自己没钱赔两个女孩家属，所以追责车企,0
2025/4/2 15:13,太真诚了，哥们儿,0
2025/4/2 15:13,如果有买了小米害怕开的，我愿意出几万收，欢迎联系我,0
2025/4/2 15:13,中,0
2025/4/2 15:13,你都替他们承受危险了[看]还给啥钱[看]不问他们要都不错了[看],1
2025/4/2 15:13,[看]中午刷到一个大姐120定速巡航，快道路口需要减速了，她慌了先踩了一脚油门，然后就来不及方向一打，进路边草丛了[看],0
2025/4/2 15:13,媒体有监督权,0
2025/4/2 15:13,评论区已经看见了不下20个受害者家属，还有几百个在现场的现场怪[泪奔],1
2025/4/2 15:13,非常赞同,0
2025/4/2 15:13,哈哈,0
2025/4/2 15:13,同[看],0
2025/4/2 15:13,雷总真的太难了，纵观汽车行业上百年，第一次听说出车祸了还需要车企老总出面的,0
2025/4/2 15:13,有一次我在高速上开到100多，明显的感觉车头飘了，吓死我了，从那以后再没开过90以上了[捂脸],0
2025/4/2 15:13,这瓜越来越精彩了，小米和特斯拉的‘互动’真是让人目不暇接 希望技术能真正落地，别只停留在PPT上！,0
2025/4/2 15:13,楼主先收  有的话帮我带一辆我出11w,0
2025/4/2 15:13,+1[呲牙],0
2025/4/2 15:13,这题我会，怪男方为什么送车而不送??，送飞机就不会超速撞车了,1
2025/4/2 15:13,自动驾驶确实要脚踏实地，不然吹多了也不行啊...期待更多实测来证明！,0
2025/4/2 15:13,你这算盘,1
2025/4/2 15:13,看看某迪的工厂最近发生了什么,0
2025/4/2 15:13,我爱回收9.9万回收[看],0
2025/4/2 15:13,我多加800[看],0
2025/4/2 15:13,三更半夜考什么工,1
2025/4/2 15:14,个例代表所有是吧,1
2025/4/2 15:14,这个m公司相当恐怖，一手遮天，简直无法无天！,1
2025/4/2 15:14,记录没有安全气囊的信息，究竟是没弹出来呢？还是弹了没上报呢？[思考],0
2025/4/2 15:14,我经常跑高速定速巡航根本没用[捂脸]路上各种慢速车时长需要深一脚浅一脚控制车速[捂脸],0
2025/4/2 15:14,有没有不敢开的，我8.8w收一台，不限颜色,0
2025/4/2 15:14,只能说小米的车都连接了数据中心的,0
2025/4/2 15:14,已经量产，你说有没有关系,0
2025/4/2 15:14,面众迟了点,0
2025/4/2 15:14,我出12[看],0
2025/4/2 15:14,开高了，前面都6.6[泪奔],0
2025/4/2 15:14,我9.9万收,0
2025/4/2 15:14,建议小米研发一个睡眠唤醒系统，当车内摄像头检测到司机在瞌睡，立刻发出搞分贝音乐和座椅振动，尝试唤醒。若果还不醒，车外发警报音，提醒周围车辆注意并通知交警处置。,0
2025/4/2 15:14,死的不可惜，人死了总要找人赔偿吧？不找保险公司，就赖上小米了，自己晚上开车车速高达96或者116，还全部交给智能驾驶。最后死了怪车企就是要赔偿啊。她怎么不追责她女儿男朋友借车给她啊她怎么不追责她女儿骗她坐的高铁啊,1
2025/4/2 15:14,坦诚的避重就轻。,1
2025/4/2 15:14,这么便宜我也想收一台[灵机一动],0
2025/4/2 15:14,帮我也收一台[呲牙],0
2025/4/2 15:14,这样搞我就真买得起了[流泪],0
2025/4/2 15:14,你这算盘打得，算牌珠子崩的到处都是[看],1
2025/4/2 15:14,可想而知，一个在流动的物体，怎么可以不主意自己安全意识，你们自己细品吧，，，,1
2025/4/2 15:14,因为车主不是她 还害了俩个人,1
2025/4/2 15:15,难说车是偷的，只有这种情况，保险不赔,0
2025/4/2 15:15,城区开智驾还好点速度慢，高速开智一但出事，就完犊子,1
2025/4/2 15:15,我很好奇，开宝马也要让老板负责吗[看],0
2025/4/2 15:15,怪雷军没亲自开车送她去考试,1
2025/4/2 15:15,呐，我出十万零一块[左上][看],0
2025/4/2 15:15,找车商能赔的更多。,0
2025/4/2 15:15,中！[憨笑],0
2025/4/2 15:15,10.8w,0
2025/4/2 15:15,收到[绿帽子],1
2025/4/2 15:15,我出15万,0
2025/4/2 15:15,他男朋友是让她停车，预警了。,0
2025/4/2 15:15,其他的都是五万八万收，就你出价最高了，真好！,0
2025/4/2 15:15,可惜了太可惜了这么好的车,0
2025/4/2 15:15,@吱嗷 我也收一辆[黑脸]哈哈,0
2025/4/2 15:15,事故车要不,1
2025/4/2 15:15,开智驾睡觉，这种人就该扣完12分，最好以危险驾驶罪进局子,1
2025/4/2 15:15,也,0
2025/4/2 15:15,你给35我都不卖[哈欠],0
2025/4/2 15:15,回复@庸人5412321:问题是从走势看确实没关系啊,0
2025/4/2 15:16,又不是小米汽车的质量问题。该谁的责任就谁的责任，该走保险走保险就好了。哪那么多废话。,0
2025/4/2 15:16,楼上几个价位的我都收了,0
2025/4/2 15:16,中嘞,0
2025/4/2 15:16,我的小米6不敢开了,0
2025/4/2 15:16,不能赔 应该保险公司赔,0
2025/4/2 15:16,驾驶员双手离开方向盘属于违法行为，根据《道路交通安全法》第六十二条第三项，驾驶机动车时不得有妨碍安全驾驶的行为。双手离开方向盘被明确视为对车辆控制能力的削弱，现行法律要求智驾，驾驶员要全程监控路况，双手不可长时间离开方向盘。L2级双手离把不能超过20秒。只有北京等地允许L3级。,0
2025/4/2 15:16,熬夜开车去其他省份考公，我感觉但凡认真想考公的，都会早点去，晚上好好休息,0
2025/4/2 15:16,收个车都卷，我出100001收一个[奸笑],1
2025/4/2 15:16,你这算盘打得我在广东都听得见了[看],1
2025/4/2 15:16,我11万收，我不开高速[看],0
2025/4/2 15:16,敢把生命交给电脑的是这个[赞][捂脸]我的想法是至少15年以后更成熟了在说，,0
2025/4/2 15:16,11万 帮我收一辆[泣不成声],0
2025/4/2 15:16,老牛拉车,0
2025/4/2 15:16,?1我出12万,0
2025/4/2 15:16,算盘崩我脸上了,1
2025/4/2 15:16,把价格打下来[笑哭],0
2025/4/2 15:16,帮我也收一辆[得意],0
2025/4/2 15:16,回复@句子备忘录:就是，驾驶员双手离开方向盘属于违法行为，根据《道路交通安全法》第六十二条第三项，驾驶机动车时不得有妨碍安全驾驶的行为。双手离开方向盘被明确视为对车辆控制能力的削弱，现行法律要求智驾，驾驶员要全程监控路况，双手不可长时间离开方向盘。L2级双手离把不能超过20秒。,0
2025/4/2 15:16,我16收一台Max[泣不成声],0
2025/4/2 15:16,肇事者是谁？？,0
2025/4/2 15:16,大部分都会选择轻松一点的高铁，早点到，然后早点休息好，,0
2025/4/2 15:16,还有这么低的[尬笑],1
2025/4/2 15:17,小米这个车好吓人[流泪]这还怎么放心开啊，有没有要卖二手小米的，我勉强六万买了吧[看][看],1
2025/4/2 15:17,116--97 aeb就没有起作用,1
2025/4/2 15:17,怪周公,1
2025/4/2 15:17,保险赔2万 小米百万吧,1
2025/4/2 15:17,雷子，出了这事，小米YU必须要15.99,0
2025/4/2 15:17,有没有小米su7车主，如果你害怕此车有安全问题，麻烦联系我，我十万收，外加过户费我出[暗中观察][暗中观察],1
2025/4/2 15:17,没错,0
2025/4/2 15:17,[捂脸]帮我也收一台,0
2025/4/2 15:17,9.9,0
2025/4/2 15:17,智驾现在都是辅助驾驶，但是记录里车机提醒他手不要离开方向盘[宕机],0
2025/4/2 15:17,有没有害怕的小米车主，我勉强出8.8w收一辆,1
2025/4/2 15:17,驾驶员双手离开方向盘属于违法行为，根据《道路交通安全法》第六十二条第三项，驾驶机动车时不得有妨碍安全驾驶的行为。双手离开方向盘被明确视为对车辆控制能力的削弱，现行法律要求智驾，驾驶员要全程监控路况，双手不可长时间离开方向盘。L2级双手离把不能超过20秒。只有北京等地允许L3级。,0
2025/4/2 15:17,既然你收，那我也收,1
2025/4/2 15:17,不是有保险公司吗？,0
2025/4/2 15:17,我也收一台,0
2025/4/2 15:17,自己推车走,0
2025/4/2 15:18,哄抬价格，隔壁 4.9 万了,0
2025/4/2 15:18,我加十块[比心],0
2025/4/2 15:18,怎么可能，除非不出门，有的人走在路上都会被别人撞死,1
2025/4/2 15:18,“老司机”开车    百分百没有车祸,1
2025/4/2 15:18,注意,0
2025/4/2 15:18,那个。。。有没有小米车主看见害怕的，我出10w收一辆,1
2025/4/2 15:18,扰乱市场啊，我们都是8.8收，数字又吉利[宕机],0
2025/4/2 15:18,哈哈哈,0
2025/4/2 15:18,tiger坦克[憨笑],0
2025/4/2 15:18,谢谢，带一台[看],0
2025/4/2 15:18,反浩克装甲应该没事,0
2025/4/2 15:18,自信一点[不失礼貌的微笑],0
2025/4/2 15:18,那还真不一样。,0
2025/4/2 15:18,那我16.6收max,0
2025/4/2 15:19,之前没找华为吗？[捂脸],0
2025/4/2 15:19,第二天考公，头天晚上还在赶路[捂脸],0
2025/4/2 15:19,你们不要自己卷行不行，咱们部门内讧,1
2025/4/2 15:19,怪车,1
2025/4/2 15:19,谁的小米不敢开了，我5W无限收,1
2025/4/2 15:19,兄弟，你！我6.6收来给你,0
2025/4/2 15:19,开车那个女的,1
2025/4/2 15:19,有话题啊,0
2025/4/2 15:19,这算危险驾驶吗？,0
2025/4/2 15:19,你这样我可是真买了。[暗中观察],0
2025/4/2 15:19,我的天为什么要雷军说到做到啊！我有点震惊了………………我寻思这也不是电车第一次出事故啊，没看哪个家属都要车企老板负责啊，我也没看之前哪个车企老板出来回应啊……,1
2025/4/2 15:19,赛博驾驶员,0
2025/4/2 15:19,雷总还能半夜发微博，已经很好了,0
2025/4/2 15:19,受害者是坐车的两个女生,0
2025/4/2 15:19,你这算盘打的我在江苏都听到了[看],1
2025/4/2 15:19,我十万,1
2025/4/2 15:19,[捂脸]限100的我经常九十几。。不敢开太快又不想开货车道,0
2025/4/2 15:19,[看]坦克，你值得拥有,0
2025/4/2 15:19,谁小米不敢开了，我8.88w收了，你发我也发,1
2025/4/2 15:19,太恐怖了，所以有没有不敢要的，我五万收，家里人多，来个三五台不嫌多,1
2025/4/2 15:19,连地铁都有出车祸死的[捂脸],1
2025/4/2 15:19,@蘇先生 12w来一台,0
2025/4/2 15:19,谁敢说我扭扭车有死亡事故我跟谁急[咒骂][咒骂],1
2025/4/2 15:19,不需要,0
2025/4/2 15:20,这种情况保险好像就赔30w左右吧 不够驾驶员家里赔另外俩姑娘的,1
2025/4/2 15:20,我加一千[发怒][发怒][发怒][发怒],1
2025/4/2 15:20,"我说66,000",0
2025/4/2 15:20,港股跌5%了，老总出来回应应该啊。,0
2025/4/2 15:20,有的有的，那种全球限量一的，就是可能很贵,0
2025/4/2 15:20,南极人汽车目前零伤亡[看],0
2025/4/2 15:20,我也收一台,0
2025/4/2 15:20,有没有五月提车不敢开了的，我加2K收了,0
2025/4/2 15:20,我出七万hhh,0
2025/4/2 15:20,太恐怖了我五万就收了[看],0
2025/4/2 15:20,你们哪位车主害怕了，我吃点亏，15W收一台你们到手的小米SU7 [流泪]（真要，不是瞎说）,0
2025/4/2 15:20,12w[哈欠]我也收一台,0
2025/4/2 15:20,哄抬物价，楼上才4.9,1
2025/4/2 15:20,这是撞在变道口的三角了，汽车撞上也炸,1
2025/4/2 15:20,我出11w,0
2025/4/2 15:20,11万[舔屏],1
2025/4/2 15:20,我停车都不敢用智架[尬笑][尬笑]怕把别人车撞了,0
2025/4/2 15:20,那不是裤衩子吗[笑哭],0
2025/4/2 15:20,有没有害怕的小米车主，我勉强出8.8w收一辆,1
2025/4/2 15:20,su7u我敢40万收[泪奔],0
2025/4/2 15:20,我多出个打车费 帮我也带一台 我不怕死,1
2025/4/2 15:20,危急时刻智驾不是紧急制动而是告警交还给驾驶者，一两秒钟有多少人来得及反应？这种操作逻辑危害公共安全。,1
2025/4/2 15:20,我害怕了，小米6，6w出了[流泪],0
2025/4/2 15:20,咱们论车不论事 小米难道不应该赔几百给车主[看][看][看],1
2025/4/2 15:20,遥控车,0
2025/4/2 15:20,其实不好，车子不能不用好料，太低了，车企也没动力研发,0
2025/4/2 15:20,给钱？那就是确实有问题，告死你 图一还可行，公事公办。都是成年人，开车上路，只要车没有质量问题，只能风险自担,1
2025/4/2 15:20,脚踏实地研发远胜过发布会上吹牛！特别是不要过分立人设,0
2025/4/2 15:20,学校那个不一样，学生在校跳楼是真要赔的。,1
2025/4/2 15:20,家属都快把《我想要钱》写脸上了,1
2025/4/2 15:21,小米这次赔了，我就让我奶去考驾照，买小米车，给我留遗产,1
2025/4/2 15:21,su7太快了，那是赛车的性能，女司机很难掌控的,1
2025/4/2 15:21,你这不行啊，驾龄10年超50w公里，我出8万[比心],0
2025/4/2 15:21,坦克来了也得缺胳膊少腿[看],1
2025/4/2 15:21,希望雷军顺顺利利平平安安，大事化小 小事化了,0
2025/4/2 15:21,就适合我这种侧方停车垃圾的要命的人，让它帮我停车,0
2025/4/2 15:21,我都是头一天去酒店休息，第二天考的,0
2025/4/2 15:21,主播太棒了，人间清醒,0
2025/4/2 15:21,我去卖车了哈,0
2025/4/2 15:21,希望这次得个教训吧,0
2025/4/2 15:21,8.8w收了,0
2025/4/2 15:21,她男朋聊天记录曝光了，想证明有多么恩爱。结果发现正和车机提示时间一样的，说明一路在发消息[尬笑],1
2025/4/2 15:21,建议别去慰问了，又不是车的问题，等警方调查出来，立马以雷军个人名义人道主义抚慰金给一下，金额保密。,0
2025/4/2 15:21,这就是没有学习，直接考的,1
2025/4/2 15:21,哈哈哈就是啊，考过试的都知道，晚上睡不好，再怎么厉害也考不好，除了一些真学霸,0
2025/4/2 15:22,那你要加油了，已经有人出到5.8了[捂脸][捂脸],0
2025/4/2 15:22,一哥们刚买车秀自动泊车。有一个低矮围墙没识别，直接划了，上老火了。哈哈哈,0
2025/4/2 15:22,[暗中观察]问题车架好像没事,0
2025/4/2 15:22,两台,0
2025/4/2 15:22,世界一个无奇不有 牛车也有车祸[看],0
2025/4/2 15:22,驾驶员家里不用赔偿，成年人了，她名下的资产有多少算多少，不够的家里也不需要补齐,0
2025/4/2 15:22,不给凭什么 以前出车祸的都很可怜，自己对自己的行为负责好吗,1
2025/4/2 15:22,10万，帮我收两辆[捂脸]一辆红一辆紫pro版本就行,0
2025/4/2 15:22,支持雷总[赞]良心企业家,0
2025/4/2 15:22,我需要[流泪]，他如果15.99我下半年就要出去为他拼命打工了,0
2025/4/2 15:22,那么快的速度，人当场估计就没了，还怎么下车,1
2025/4/2 15:22,沃尔沃XC90不确定有没有达到你的要求，如果它达不到的话，我估计应该没有了吧,0
2025/4/2 15:22,不一样,0
2025/4/2 15:22,哈哈哈 我出9.9万收[黑脸],1
2025/4/2 15:22,什么车？100多就飘？,1
2025/4/2 15:22,哈哈哈哈，算盘珠子打到我脸上来了,1
2025/4/2 15:22,我这辈子第一次听说，出了交通事故在第一时间不找警察，不找保险，而是找汽车商家的,1
2025/4/2 15:22,且听下回分解,0
2025/4/2 15:22,收到了帮我也搞一台，给5000茶水费[奸笑],1
2025/4/2 15:22,好一个小米6,0
2025/4/2 15:22,这两码事，在学校内，学校就是有责任,0
2025/4/2 15:22,这速度的碰撞有没有可能是车主都昏迷了，就算正常拉手也没用了吧，结果没出来，都不好说的,0
2025/4/2 15:22,我10w,1
2025/4/2 15:22,肯定怪车企啊，不然我上哪去讹钱？,1
2025/4/2 15:22,你猜有没有其他厂商推波助澜[展开说说],0
2025/4/2 15:22,军:不关我事。。结束[看],0
2025/4/2 15:22,就是有激光也够呛，我就是智驾开发的，小米搭载的那款激光我知道，有效最远探测100m，116km/h的速度，想想100m才几秒反应时间。当然可想而知无激光版本检测到障碍物的时候车都到哪了[流泪],0
2025/4/2 15:23,一个不成熟的车企，发布了一款不成熟的车，卖给了一群不成熟的群体，最后成熟了，追求速度当儿戏呢！,1
2025/4/2 15:23,出事请找赛力斯[呲牙],1
2025/4/2 15:23,收多了的话匀给我一台[送心],0
2025/4/2 15:23,他们家人的态度让我想起了胖东来的红裤衩事件   闹得也挺大的,0
2025/4/2 15:23,你说的这个就好比是家长找建筑商  找学校没问题  但是找建筑商有点离谱（建筑没有质量问题的情况下）,0
2025/4/2 15:23,手机啊[看],0
2025/4/2 15:23,你这算盘打的我搁山东都听到了,0
2025/4/2 15:23,心真大看着都怕,0
2025/4/2 15:23,算盘打的震天响,0
2025/4/2 15:23,真要,0
2025/4/2 15:23,xc90,0
2025/4/2 15:23,我8.8w收,0
2025/4/2 15:23,@小桃,0
2025/4/2 15:23,对呀，所以他们用这个词语，然后想营造什么东西啊那些，就很难绷,1
2025/4/2 15:23,她男友这时候不爆，那么赔钱就是男友赔了[看],1
2025/4/2 15:23,高速上97快？,0
2025/4/2 15:23,哪里一样,1
2025/4/2 15:23,驾驶员她男朋友算不算受害者,0
2025/4/2 15:23,不出结果给钱，以后事情多着呢,1
2025/4/2 15:23,我哪里都爱用这个 除了雨天[看] 雨天过水坑必定不踩油门 惯性通过,0
2025/4/2 15:24,如果司机交给智驾驾驶，疲劳驾驶，超速驾驶…，不管是什么电池，开哪个品牌的车都会出事。开什么车不是最重要的，司机怎么开车的才是。,0
2025/4/2 15:24,11万加1块,0
2025/4/2 15:24,我的小米四也不开了,0
2025/4/2 15:24,智驾安全确实很重要，宣传和实际一定要一致才行，不然用户的信任就没了,0
2025/4/2 15:24,欺负老实人啊[哈欠],1
2025/4/2 15:24,@MANGO,0
2025/4/2 15:24,我15w！,0
2025/4/2 15:24,能不能往下卷一卷，让我们也尝尝鲜，,0
2025/4/2 15:24,《论车不论事》[看],0
2025/4/2 15:24,我就说俩字“做空”,1
2025/4/2 15:24,你以为安卓手机啊，贬值这么快[看],0
2025/4/2 15:24,你试试大城市的早晚高峰。,0
2025/4/2 15:24,帮我也收一台兄弟[坏笑]其他事都好说,0
2025/4/2 15:24,对呀，我考公，第二天都不敢出去转，就酒店休息一天，出去公园走路转转，晚上9点睡觉[捂脸],0
2025/4/2 15:24,感觉这次小米的关注度远高于当年的特斯拉,0
2025/4/2 15:24,别哄抬物价，我刚刷到的才一万,0
2025/4/2 15:24,[裂开]难怪家里老人说清明前后不让随便出远门[裂开],0
2025/4/2 15:24,算盘珠子打到山东了。,0
2025/4/2 15:24,你猜这中间删了多少聊天记录,1
2025/4/2 15:24,我打了100个电话给川普都没接,1
2025/4/2 15:24,顾太快来宠幸,0
2025/4/2 15:24,比我价高的不给收[看],1
2025/4/2 15:24,9.9万瓜子二手车特斯拉不行吗,0
2025/4/2 15:24,不是国民素质，是对部分车企，问界之前还出过特斯拉,0
2025/4/2 15:24,是的是的，所以他们用这个词语想营造什么东西，就很让人难绷啊,1
2025/4/2 15:24,我十万[看],0
2025/4/2 15:25,[看]有木有被带偏的 我可以花1w 购买你手上的苏7 [流泪],1
2025/4/2 15:25,所以我想说的是 他只是小米 一个汽车界的新星。没必要落井下石 夜晚 智架 修路 97KM 不死算命大,0
2025/4/2 15:25,拿雷总当软柿子了,1
2025/4/2 15:25,你看大众汽车哪个玩流量,1
2025/4/2 15:25,有可能少了聊天记录,0
2025/4/2 15:25,我觉得最神奇的一点就是，没有任何检测报告就开始说是小米的问题了,0
2025/4/2 15:25,我看过一个人的电车在地库起火，连带烧了旁边三台车，保险拒赔，理由是他的车在质保期内，应该由厂家赔偿，保险一分不出[捂脸],0
2025/4/2 15:25,1w离谱了[裂开],1
2025/4/2 15:25,这么说吧 我不准备好一切事宜 别说开车了 笔我都要检查三遍才睡得着,0
2025/4/2 15:25,11万零2块,0
2025/4/2 15:25,我的小米10也不敢开了[看],0
2025/4/2 15:25,我两万[咒骂],1
2025/4/2 15:25,所以28秒发生事故响应了之后11秒就接通了电话还要咋？燃油车撞了就不死人了？那可是118迈啊！,1
2025/4/2 15:25,让你驾驶，没让你玩手机,0
2025/4/2 15:25,秒了[看],1
2025/4/2 15:25,要不你再多收几台，到时候卖我一个[舔屏],0
2025/4/2 15:25,你这算盘打挺响啊，我也收[看],1
2025/4/2 15:25,坦克开不到这个速度,0
2025/4/2 15:25,坐等李嘉诚的,0
2025/4/2 15:25,有没有小米su7车主，如果你害怕此车有安全问题，麻烦联系我，我十万收，外加过户费我出[暗中观察][暗中观察],0
2025/4/2 15:25,再加一块,0
2025/4/2 15:25,我刚刚查了也有死人的,1
2025/4/2 15:25,我 9.9w[宕机] 收,1
2025/4/2 15:25,转发微博,0
2025/4/2 15:25,4.4w我收了，不能再多了，我也有风险[尬笑],0
2025/4/2 15:25,傻狗,1
2025/4/2 15:25,那个。。。有没有小米车主看见害怕的，我出5w收一辆,1
2025/4/2 15:25,夜间120不可怕，三个女大也不可怕，可怕的是28分到44分这段时间系统发出了报警提示，还无动于衷，好家伙，还说不说司机挺牛的，夜间开车敢脱手开辅助驾驶。[赞][赞][赞],1
2025/4/2 15:25,这人算盘打的真好，我出11收一辆[看]@Liii-,1
2025/4/2 15:25,我加点，出9w[看],0
2025/4/2 15:26,人家怎么考试有问题吗？,0
2025/4/2 15:26,谁拱火一猜就知道了[憨笑][憨笑][憨笑],0
2025/4/2 15:26,开车还在发消息,1
2025/4/2 15:26,我加多100吧[泪奔],0
2025/4/2 15:26,一样[他急了],0
2025/4/2 15:26,别哄抬物价，我出5w收一个,1
2025/4/2 15:26,电池能不能做磁吸的呢？碰撞前解除磁吸！[捂脸],0
2025/4/2 15:26,11w,0
2025/4/2 15:26,我也是，我一直想买su7是听说它侧方停车很牛[黑脸],0
2025/4/2 15:26,我可没有帮家属辩解。,0
2025/4/2 15:26,后果自负就行真的是,0
2025/4/2 15:26,XC90 印度班加罗尔 事故 致6人死亡 打破十几年0死亡,0
2025/4/2 15:26,那应该是没有车能符合了,0
2025/4/2 15:26,@阿咕咕_阿咕咕,0
2025/4/2 15:26,车商夸大宣传肯定可以告他,0
2025/4/2 15:26,@克拉克,0
2025/4/2 15:26,这个是真的，而且我们学校还处于人道主义，赔了10万。,0
2025/4/2 15:26,[憨笑][憨笑]还是这段话[憨笑],0
2025/4/2 15:26,我没有车,0
2025/4/2 15:26,国外品牌首当其冲[看],0
2025/4/2 15:27,我出11w现金,0
2025/4/2 15:27,媒体水平越来越低了,1
2025/4/2 15:27,我只是说我听到了这件事，当时让我第一时间联想到。,0
2025/4/2 15:27,电车安全系数就是低，电车碰撞都容易自燃，别说100左右的车速，而且我个人觉得一部分原因还是在家属自身，那个年纪正是冲动胆大的时候，电车车速本身就快，所以不能因为帅，好看，喜欢，快，孩子毕竟是孩子，可能不懂但是可以提供意见引导一下，车是代步工具，不是有自动驾驶乱七八糟的就叫安全,1
2025/4/2 15:27,对[赞][赞][赞],0
2025/4/2 15:27,我出9w,0
2025/4/2 15:27,真要,0
2025/4/2 15:27,那这种也是要赔吗？有点不太懂这个，就是想了解一下。,0
2025/4/2 15:27,开车时聊天，不分心才怪,0
2025/4/2 15:27,什么车都不重要，重要的是开车的那位。,0
2025/4/2 15:27,肇事者赔偿两名被害者[舔屏],0
2025/4/2 15:27,坦克开40直接撞停车里的人一个都活不了，我说的，08年的坦克驾驶员[微笑],1
2025/4/2 15:27,开车的人也应该对生命有敬畏之心 高速夜间双手离开方向盘 把命交给人工智能然后要求车企对生命有敬畏之心 我真的无法理解,0
2025/4/2 15:27,@鹿琦 这个不地道，哄抬物价，评论区最低价格4.9[看],1
2025/4/2 15:27,我8个W[暗中观察],0
2025/4/2 15:27,鬼扯！以前怎么不见油车出事找厂家的？电车是造车的，自己开车不注意能怪谁？,1
2025/4/2 15:27,那没有了[捂脸],0
2025/4/2 15:27,你的算盘声我在东北都听见了 [看],0
2025/4/2 15:27,关键没握,0
2025/4/2 15:27,[看]盲点你发现了华生。再提一点，出了事车主也要赔偿,0
2025/4/2 15:27,我出十万[大笑],1
2025/4/2 15:27,我加300[捂脸],0
2025/4/2 15:27,是他收不是他卖[泪奔],0
2025/4/2 15:28,10万收[看],0
2025/4/2 15:28,太明显了呀，这个男朋友。为什么他突然间发你车爆了呢？前言不搭后语,0
2025/4/2 15:28,过了这么久才打电话,0
2025/4/2 15:28,就别的不说我看到母亲发的女儿 22 年拿驾照，已经有三年驾龄的时候我就知道大概咋回事了。我高中毕业 14 年就拿到驾照了，我都换过这次证了，算起来我应该是 11 年驾龄且一分没扣过的老司机了，只不过从来没摸过方向盘而已[看],0
2025/4/2 15:28,我要怎么说有问题吗？[看],1
2025/4/2 15:28,包的啊，现在社会舆论这么大，再删也能查到，,0
2025/4/2 15:28,这明显少了，中间绝对删除了,1
2025/4/2 15:28,那5w我也收一个[看],1
2025/4/2 15:28,@宇宙地表最强至尊无敌战神大帅哥 免费卖给我 我是大学生[调皮],0
2025/4/2 15:28,开车手不把着方向盘本来就有问题，害死同行人,1
2025/4/2 15:28,你知道为什么不联系死者家属吗？ 因为人家联系车主的呀,0
2025/4/2 15:28,发战争财是吧[看],1
2025/4/2 15:28,有没有不敢继续开小米的，我拿我的宝贝狗换，很乖很智能，不会在家里乱拉,0
2025/4/2 15:28,我第一次听说，自己出车祸了，管制造商要说法的[捂脸][捂脸][捂脸],0
2025/4/2 15:28,她开车都不锁车门的吗[噢买尬]，速度那么快撞晕了她怎么开[噢买尬],1
2025/4/2 15:28,借车给别人开，出了事故也要承担责任吧,0
2025/4/2 15:28,这种事都已经有点麻木了   找学校太正常不过了  只不过十万有点意外  有点少[黑脸],1
2025/4/2 15:28,哈哈哈哈哈哈哈,0
2025/4/2 15:28,还卷是吧[看],1
2025/4/2 15:28,智驾是无人驾驶。智能辅助。可不是哟,0
2025/4/2 15:28,我加一点价[微笑],0
2025/4/2 15:28,夸大了吗？,0
2025/4/2 15:28,这个可以说是冤种了[看][看],0
2025/4/2 15:28,我5w收了，到时候匀你一台就行了[握手],0
2025/4/2 15:28,把聊天记录发出来，说什么爱她，搞深情,1
2025/4/2 15:28,就是  自己开车都要打起十二分精神  更别说手离方向盘  敢把命交给智驾  还能说啥,0
2025/4/2 15:28,雷大善人的评论区，味很对,0
2025/4/2 15:29,考前一晚，笔、准考证和身份证我都必须揣兜里穿着衣服才能睡着[尬笑],0
2025/4/2 15:29,我9.9,0
2025/4/2 15:29,我出11.1万,0
2025/4/2 15:29,是的 可是还是替遇难者默哀[流泪],0
2025/4/2 15:29,好算盘[宕机]我6w,1
2025/4/2 15:29,这是不是证据,0
2025/4/2 15:29,我出12万,0
2025/4/2 15:29,异地考公，至少提前一天去，看考点，熟悉路线。反正我是这样的,0
2025/4/2 15:29,真让你给你肯定又不愿意了[捂脸][OK],0
2025/4/2 15:29,你这么说，我余大嘴第一个表示不服,1
2025/4/2 15:29,撞晕了？,1
2025/4/2 15:29,这么推理，联系驾校了吗？教练应该也有责任吧,0
2025/4/2 15:29,从开始造车时，就会考虑如何应对这种局面，这是第一次，绝不会是最后一次，实事求是，配合调查即可。,0
2025/4/2 15:29,15.99我多找两份工作都要买[发怒],1
2025/4/2 15:29,车企有关系，但也不能全怪车企吧！这只不过是辅助驾驶，还是以人驾驶为主！如果这次换成油车呢？这样教训是大家都要汲取！,0
2025/4/2 15:29,我出500,1
2025/4/2 15:29,你收到了记得分我一辆,0
2025/4/2 15:29,第一次听说出车祸要车企老板道歉的,1
2025/4/2 15:29,那和人家有区别吗,1
2025/4/2 15:29,广州有没有人不敢开了的 我15w收一辆,0
2025/4/2 15:29,加一块[看],0
2025/4/2 15:29,对了，顺便把男朋友的车也赔了[大笑],1
2025/4/2 15:29,好吧明白了,0
2025/4/2 15:29,我在我们本市考试都会去附近的酒店住着就为了好好休息[暗中观察],0
2025/4/2 15:29,如果是租车是需要赔偿受害者的，借车没有经济利益往来不需要承担责任。,0
2025/4/2 15:29,哪来的担当？先不说责任问题，都过去这么久了，一个工作组里都没一个人主动去安慰一下三个遇难者家属，太冷漠了,1
2025/4/2 15:29,我愿意多出五千[看],0
2025/4/2 15:29,智驾，，我提前两秒钟退出不关我事,1
2025/4/2 15:29,这事严重了,0
2025/4/2 15:29,逐渐失控，价格越来越离谱了,0
2025/4/2 15:29,为什么4月不行[看],0
2025/4/2 15:30,能不能便宜点，刚毕业，还没有十万呢[酷拽],0
2025/4/2 15:30,收完了卖我一台[看],1
2025/4/2 15:30,关键是现在有什么证据证明车有问题？雷军一直告诉大众：智能电车不能完全脱手，只是辅助驾驶，不光我家车，其他品牌车也一样，都是辅助驾驶，尤其爱赛车的朋友，更要注意安全。雷军说这话的视频在网上有。,0
2025/4/2 15:30,那我贵一点9w,0
2025/4/2 15:30,我吃点亏十一万,0
2025/4/2 15:30,莫名其妙的 调查结果还没出 这就叫上了？,1
2025/4/2 15:30,大学天天上学怎么可能有很多时间开啊[捂脸],0
2025/4/2 15:30,“国外”品牌？[看],1
2025/4/2 15:30,谁让你卷的[打脸]    我9.9,1
2025/4/2 15:30,你更狠，上一个说这话的都出10W[宕机],1
2025/4/2 15:30,智驾也会培训哪种路况不能用[九转大肠],0
2025/4/2 15:30,是女孩开了智驾，小米提醒2次还是3次要手握方向盘，最后提醒前方障碍物，小米全程在提醒，请问司机在干嘛啊，3秒内小米就做出回应了，很快了，人没了是节哀，但是不能全扯给小米身上啊,0
2025/4/2 15:30,跟加,0
2025/4/2 15:30,驾照都快9年了，从来没跑过高速[捂脸]，开车全部加起来没上300公里,0
2025/4/2 15:30,[捂脸][捂脸]那你拿的还比我早二年。,0
2025/4/2 15:30,[捂脸],0
2025/4/2 15:30,兄弟，别抬太高啊，往下流一下，20起，让我们也体验一波[舔屏],1
2025/4/2 15:30,你有吗，两万我收[咒骂],1
2025/4/2 15:30,驾驶员责任一点不提，直接问责车企，以后不乱了套么。以后有人喝茅台喝死了是不是还能直接问责茅台，找茅台赔钱,1
2025/4/2 15:30,阿姨保底投不少近去[大笑],0
2025/4/2 15:30,必须少了,1
2025/4/2 15:30,@小桃HY 宝，你是这样做的吗？,0
2025/4/2 15:30,我出2万[抱抱你],0
2025/4/2 15:30,小米的单电池还13万呢，[捂脸],0
2025/4/2 15:30,卖吗，卖的话我报警了[脸疼][脸疼][脸疼][脸疼],1
2025/4/2 15:30,傻不拉叽的做法。,1
2025/4/2 15:31,哄抬物价！！隔壁 4.5！！！,1
2025/4/2 15:31,特斯拉出那么多事故也没听说啊[看],1
2025/4/2 15:31,大学生，几年驾龄，不满一年需要有老司机一起陪着上高速,0
2025/4/2 15:31,事实上，小米app里面订单量交车周期相比上个月又多了一周。就没人怀疑小米车有问题,1
2025/4/2 15:31,我出十万[看],1
2025/4/2 15:31,cr400bf-gs目前没事故[看],0
2025/4/2 15:31,1.noa智能辅助驾驶为什么退出，aeb为什么没有启动，事故报告为什么不精确到毫秒，退出智能辅助驾驶时车辆是否失控。 2.车祸后，车门是否自动解锁。3.车祸多久后车辆开始燃烧，电池是否5分钟内燃烧。新时代的智能化网联汽车，不同于传统车企，跨越时代的产品必然会演变成为更新的责任制度l3更甚,0
2025/4/2 15:31,还有刚出的时候怪雷军没有回应她的，直接给我看乐了，也就小米有这待遇了[捂脸][捂脸][捂脸],0
2025/4/2 15:31,董明珠还是很有思维远见的。,0
2025/4/2 15:31,10万只能收红米,1
2025/4/2 15:31,那我委屈委屈 9.1w吧[看],0
2025/4/2 15:31,某品牌推得更厉害[看],1
2025/4/2 15:31,全球每年车祸死亡100万人左右，车企得赔多少呀[九转大肠],0
2025/4/2 15:31,这么准的吗,0
2025/4/2 15:31,我十五万收一台 只要不是大事故就行,0
2025/4/2 15:31,我出9.99万长长久久,0
2025/4/2 15:31,我十万收,1
2025/4/2 15:31,哈哈四月挣两千[捂脸],0
2025/4/2 15:31,[抠鼻]你忘了！！车主不是驾驶员！！车主也要赔偿,1
2025/4/2 15:31,你去看下发布会,0
2025/4/2 15:31,包的[看],0
2025/4/2 15:31,你们这是也没打算放过他们啊[坏笑],1
2025/4/2 15:31,这件事情越来越有意思了，肯定要赔[看],0
2025/4/2 15:31,我13万,0
2025/4/2 15:31,问题开车的不是车主啊,0
2025/4/2 15:31,你这说的我不认同，首先车辆受到撞击以后怎么这么巧三个人同一时间被撞晕了？我假设如果有一个人没晕了他不应该逃生吗？事实证明他没逃生，说明车门打不开，然后在短时间内迅速起火，活活把人烧死，这种情况你说造车的没责任？假设有一天你开着电车遇到这个情况，你觉不觉得造车的没责任？换做是你，你恨不得化作厉鬼把军儿生吃了,1
2025/4/2 15:31,YU7,0
2025/4/2 15:31,哈哈哈,0
2025/4/2 15:31,我出8W，他们肯定很害怕[看],1
2025/4/2 15:31,我……也是22年拿的驾照，我们家我爹妈都会开车，但是我爸不在副驾驶他们禁止我开高速[黑脸],0
2025/4/2 15:31,跟女司机有什么关系，高速上一百公里时速不专心甚至双手离开方向盘，正常人都干不出这事[黑脸],1
2025/4/2 15:31,删了多少要看技术还原而不是猜测[呲牙],0
2025/4/2 15:31,我出15w收一辆标准版顶配，兄弟们怕的卖给我就好[捂脸],0
2025/4/2 15:31,可以，好兄弟,0
2025/4/2 15:31,多出一点啦我出两万五千[看]零一百,0
2025/4/2 15:32,哈哈哈哈， 0 经验驾龄 11 年的老司机[看],0
2025/4/2 15:32,帮人家换贷款啊,0
2025/4/2 15:32,是真的，她男朋友自己把截图甩出来了，刚看的,0
2025/4/2 15:32,节哀，活该。,1
2025/4/2 15:32,提升价值,0
2025/4/2 15:32,[黑脸],1
2025/4/2 15:32,别跟我抢好吧,1
2025/4/2 15:32,最后发现砸的是“智驾”的锅就有意思了[呲牙],0
2025/4/2 15:32,某为做汽车？[抠鼻],1
2025/4/2 15:32,低配，你看哪个是高配，也就是说，钱没到位，还有，人家发布会说的是辅助驾驶。,0
2025/4/2 15:32,算盘珠子崩脸上了,1
2025/4/2 15:32,电池不能买,0
2025/4/2 15:32,别加价啊[捂脸][捂脸][捂脸]，10w差不多了二手车吗，不保值了。,0
2025/4/2 15:32,哈哈哈，我一直想买，但是Su7要等太久了，最快都要24周，慢点的30周，吃不消等[笑哭][笑哭],0
2025/4/2 15:32,咋喽吧[抠鼻],1
2025/4/2 15:32,智能辅助驾驶当然不关智驾的事啊[尬笑]这个事故智驾百分之百不可能担责，发现和规避障碍的第一责任人在驾驶人,0
2025/4/2 15:32,我看成你要买了,0
2025/4/2 15:32,世界怎么颠成这样了,0
2025/4/2 15:32,怪雷老板喽,1
2025/4/2 15:32,鬼扯，都像这么搞，所有的车企高管每天都要谢罪，尤其是世界巨头们。,1
2025/4/2 15:32,不要说借     驾驶员母亲都说了  是送  只是车本没过[泪奔],0
2025/4/2 15:33,为什么要跟他道歉？,1
2025/4/2 15:33,一言为定[灵机一动],0
2025/4/2 15:33,某为不做汽车吗[泪奔],0
2025/4/2 15:33,可怕,1
2025/4/2 15:33,我们这有一家人住路边，然后汽车失控撞进去，撞死一个人[捂脸][捂脸][捂脸]，这个在家待着也没用,1
2025/4/2 15:33,[偷笑][偷笑][偷笑]坐等小米不敢开了车出手,1
2025/4/2 15:33,我妈08年拿的驾照 按理来说应该是17年无扣分的无敌老司机了是吧[还得是我],0
2025/4/2 15:33,清明节能不出门，尽量不要出门,0
2025/4/2 15:33,过分了，我出11万,1
2025/4/2 15:33,虽然我还没车，但是我这种怕死的，以后大概率不会晚上或者雨天跑高速[黑脸]真着急出门就坐高铁,0
2025/4/2 15:33,你担心安全问题还跟我扯成本啊[暗中观察]细看呢[暗中观察],1
2025/4/2 15:33,我16w,0
2025/4/2 15:33,不地道，我出3万，不能再多了，我没钱,1
2025/4/2 15:33,车主全责 后排冤死的女孩 家属就该找车主家属要赔偿啊[宕机],1
2025/4/2 15:33,你说的是大嘴的智驾，那些对智驾无条件自信的大概率都是看了余大嘴的那个视频的，今天有位律师说了，余大嘴那么说都属于欺诈了,1
2025/4/2 15:33,哈哈哈，这就是某为的高明之处[看],0
2025/4/2 15:33,雷军这几年砸的营销可能比一般的二三线明星还多。,1
2025/4/2 15:33,都是什么狗屁，莫名其妙,1
2025/4/2 15:33,做的不是有吗,0
2025/4/2 15:33,可怜其他女孩,0
2025/4/2 15:33,应该是的，我一个亲戚也是驾证最少十年了，一分也没扣，因为没摸过车！,0
2025/4/2 15:33,我也收一台。,0
2025/4/2 15:33,真的是以为拿了驾照就很会了,1
2025/4/2 15:33,我在加点12w[奸笑],0
2025/4/2 15:33,小米车太危险了，高马力，难驾驭，本人愿意实名免费接盘你们的危险[呲牙],1
2025/4/2 15:33,我出12[看],0
2025/4/2 15:33,[赞],0
2025/4/2 15:34,那我可要卖房子咯,0
2025/4/2 15:34,小米在二十多万的车上只提供84to ps的算力全网营销，来冒充高级智驾是事故主因。（对比一下十几万的其他品牌508to ps，十一个摄像头，3个毫米波雷达，远远强于su7的标准版。）-----相当于老式电脑，来运行游戏大作，告诉你可以流畅运行。导致智驾功能落后，撞车前两秒退出，切刹车不及时，让司机没有操作时间，导致事故发生。换一个其他品牌的直智驾大概率能规避事故。,1
2025/4/2 15:34,我5.5收了,0
2025/4/2 15:34,你卖车或者买车要不要过户,0
2025/4/2 15:34,你收到了帮我也收一个，求你了,0
2025/4/2 15:34,你联系下这个车主[呲牙]处理完事故卖给你[泪奔],0
2025/4/2 15:34,不然的话车主就得赔偿啊[看],0
2025/4/2 15:34,萝卜快跑目前还有吗,0
2025/4/2 15:34,T:他诽谤我啊，诽谤我[看],1
2025/4/2 15:34,给我也收一辆[看],0
2025/4/2 15:34,就是因为没有报告 现在很多因素不确定 所以作为受害者家属肯定抓着这个不放 等要是证明不是车的问题 那就好玩了[憨笑],1
2025/4/2 15:34,别买车了,0
2025/4/2 15:34,哈哈哈哈哈，可不咋的，,1
2025/4/2 15:34,这并不会影响销量，车依然是好车[捂脸],0
2025/4/2 15:34,给我留一辆[舔屏],0
2025/4/2 15:34,你这算盘打的[捂脸][捂脸][捂脸]，我给11w，我的要[看][看],0
2025/4/2 15:34,理解你的伤心但是这个开别的车不会这样吗,0
2025/4/2 15:34,我只有五千，可以吗[流泪][流泪][流泪],0
2025/4/2 15:34,高速上的正常速度，又不是开到两百三百,0
2025/4/2 15:34,收到了加多俩万卖我,1
2025/4/2 15:34,我出六万,0
2025/4/2 15:34,私下给钱，万一转头就说私下拿钱想压事，更说不清,1
2025/4/2 15:34,有没有人不敢开了，我15.8W收[流泪],0
2025/4/2 15:34,ceo另一个身份是首富,0
2025/4/2 15:34,我去试驾了max，那个停车确实挺牛，周围有什么东西多少距离也能识别出来，那时候给车后面的保安识别出来90㎝[捂脸],0
2025/4/2 15:34,我11万[呆无辜],0
2025/4/2 15:34,不地道，哄抬物价，高于3万就不行了，我没钱[看][看],1
2025/4/2 15:34,[暗中观察][暗中观察][暗中观察],0
2025/4/2 15:35,什么，删贴、销号、起诉不是小米专长？,1
2025/4/2 15:35,特斯拉当年闹得轰轰烈烈，小米可不是第一起,0
2025/4/2 15:35,5w也我想要,0
2025/4/2 15:35,给钱了说不定以后事更多,1
2025/4/2 15:35,哈哈哈哈  我看见他说 你车爆了   我为什么这么想笑,0
2025/4/2 15:35,发战争财是吧,1
2025/4/2 15:35,一直有个疑问：她如果不接管的话会不会有另外一种可能？,0
2025/4/2 15:35,在车上可能已经睡着了，还是太大意了,0
2025/4/2 15:35,他们女儿是肇事者，其他两个朋友是受害者，家属找肇事者母亲赔钱，没钱赔不就找上小米了吗[捂脸][捂脸],1
2025/4/2 15:35,我出15[看],0
2025/4/2 15:35,卖[害羞],0
2025/4/2 15:35,法院会根据学校心理教育落实情况，做出判决。大概率会判次责，多少赔点！,0
2025/4/2 15:35,上一个说打不开门的已经进去了[泪奔],0
2025/4/2 15:35,小米汽车最低配的是车主,1
2025/4/2 15:35,就是延缓就业么，毕业了说要考公考编啥的，拖家里几年[看],1
2025/4/2 15:35,你们搁这玩呢[泪奔],0
2025/4/2 15:35,你这属于扰乱市场价格,1
2025/4/2 15:35,嘘??，小心被搞,1
2025/4/2 15:35,我自己开车7件了，晚上的高速路段也不敢开120，这还是在我们苏州高速路段有灯的情况下[捂脸][捂脸][捂脸],0
2025/4/2 15:35,给我留一台,0
2025/4/2 15:35,这事怪司机！！,1
2025/4/2 15:35,我出12万,0
2025/4/2 15:35,禁止哄抬物价[看],0
2025/4/2 15:35,我含泪五万收,0
2025/4/2 15:35,电车还是油车安全,0
2025/4/2 15:35,既然相信了，哪怕生命为代价也是要承担后果的,1
2025/4/2 15:36,基本脑子都没有的人给别人提建议确实是这样子的,1
2025/4/2 15:36,你要是有的话，两万我倾家荡产都收了[捂脸][OK],0
2025/4/2 15:36,别抬价[泪奔][泪奔],0
2025/4/2 15:36,@zH无敌最俊朗 快收一辆,0
2025/4/2 15:36,虚空索敌[吐血],1
2025/4/2 15:36,那个小米不敢开了？我出两万块[黑脸]，因为我只有两万[宕机],1
2025/4/2 15:36,啊？不等警方出通报等车企出？啊？,1
2025/4/2 15:36,管他商不商战的，反正我提前做空已经赚够了[呲牙],1
2025/4/2 15:36,我出1W 我全部私房钱[灵机一动],0
2025/4/2 15:36,拒绝内卷 让我们一起把价格打下来,0
2025/4/2 15:36,无论油车还是新能源车，正面高速撞击的乘员安全指标是一个车辆安全性能的硬指标，这和智驾不智驾没有半毛钱关系！,0
2025/4/2 15:36,我也是[泣不成声],0
2025/4/2 15:36,亲！标准版首先智驾是低阶的L2级别，（高配的是准L3级），其次标准版是比亚迪的刀片电池，没有电池倒置技术，一旦起火和普通电车毫无区别。[抱拳],0
2025/4/2 15:36,我13w收,0
2025/4/2 15:36,29上午考，他们晚上还在路上啊,0
2025/4/2 15:36,多收一辆  帮我收一辆,0
2025/4/2 15:36,我有个朋友出3w,0
2025/4/2 15:36,我出6.66w,0
2025/4/2 15:36,新车都不用这个价吧[捂脸],0
2025/4/2 15:36,算盘珠子崩我一脸,1
2025/4/2 15:36,好好好,0
2025/4/2 15:36,我也要我也要[泪奔],0
2025/4/2 15:36,既然这个价那我可得买一辆试试看了,0
2025/4/2 15:37,这叫什么！西虹市首富里说的！还不赶紧卖现在还能卖10万过几天10万都卖不到了[捂脸],0
2025/4/2 15:37,说是客服通知了车主,0
2025/4/2 15:37,算盘珠子蹦我脸上了[发怒],1
2025/4/2 15:37,我4月收，但是要减少2k。我爱占便宜,0
2025/4/2 15:37,就像一个人走在路上，摔噶了，还要怪市政路没修好,1
2025/4/2 15:37,爱她就在她开车的时候发消息,1
2025/4/2 15:37,影响越大越好，到时候降到20万以内[干饭人],1
2025/4/2 15:37,29晚上都考完了，去考什么？[赞][赞][赞],0
2025/4/2 15:37,其他车出了事故，就是交通事故，小米的车出了事故，就是小米的事故,1
2025/4/2 15:37,之前看到你预测的雷军  现在看来确实准,0
2025/4/2 15:37,我卷一卷你，12w1[看],1
2025/4/2 15:37,一生都在做阅读理解的中国人,0
2025/4/2 15:37,考完回家的吧，3.29夜考完回来的时间,0
2025/4/2 15:37,不要卷不要卷[听歌],0
2025/4/2 15:37,我加三万[看],0
2025/4/2 15:37,小米宣传啥了[捂脸],0
2025/4/2 15:37,我8.8万零一块,0
2025/4/2 15:37,@雯熙?? 求一辆[流泪],0
2025/4/2 15:38,那我加一点[呲牙][呲牙],0
2025/4/2 15:38,我9.9万零一块,0
2025/4/2 15:38,我加10w,1
2025/4/2 15:38,删不完才这样，开始也删,1
2025/4/2 15:38,[流泪]统一收购10w，有多少要多少,1
2025/4/2 15:38,我也要一台[害羞]，啥颜色都行，小事故都可以接受，外观剐蹭这种也接受[害羞],0
2025/4/2 15:38,3.29考试，晚上应该是考完回来的,0
2025/4/2 15:38,我11万零一块,0
2025/4/2 15:38,正在考公，那对标男性已经是正厅级了，一个年轻的正厅级干部驾驶小米出了事故，你觉得这事儿能小吗？,0
2025/4/2 15:38,我多500，因为我只有20500,0
2025/4/2 15:38,人家经常开车，这不是你调侃的理由吧,1
2025/4/2 15:38,5w我在加一万 给我搞一个新的[不失礼貌的微笑],0
2025/4/2 15:38,不算吧，那就改一下，网络老司机吧，这样没有线下不会车祸了,0
2025/4/2 15:38,我出1万,1
2025/4/2 15:38,就是，开到九十几还发消息，属于危险驾驶吧,0
2025/4/2 15:38,你没听丰田是全球车卖的最好的也没见有人找丰田赔[九转大肠],1
2025/4/2 15:38,的陪俩个坐车的钱,0
2025/4/2 15:38,那我没钱贷款也要上了[泪奔],0
2025/4/2 15:38,我开高速都会定速巡航，但是脚必定放在刹车上[捂脸],0
2025/4/2 15:38,你……[尬笑][尬笑][尬笑],0
2025/4/2 15:38,有的。玩具车。世界上所有的交通工具都出过事故。,0
2025/4/2 15:39,不匀我一台，我可卷了啊[看][看],0
2025/4/2 15:39,一路看下来 你开得太高了[呲牙][呲牙],0
2025/4/2 15:39,到时候12w给我一辆[泣不成声],0
2025/4/2 15:39,@一杯冰美式. @Tsuki?? @八只半 @奥利 @环球旅鑫?? @头发乱了 @烟花爆竹安全宣传,0
2025/4/2 15:39,[石化]你在二战的时候，早就成世界首富了,1
2025/4/2 15:39,你这都是一面之词等结果吧,1
2025/4/2 15:39,这道长有点玄妙，再等待香江的李先生的验证~,0
2025/4/2 15:39,啥车都会出车祸死人，就是坦克都有出车祸死人的，湾湾以前就有一辆坦克撞到电线杆，掉到河里，死了三个,1
2025/4/2 15:39,谁不愿意？我来收,1
2025/4/2 15:39,@非著名Llllllyy,0
2025/4/2 15:39,9.9W不能再多了[泣不成声],0
2025/4/2 15:39,直接去提就好啦,0
2025/4/2 15:39,恶意竞价啊，按二手车卖我,1
2025/4/2 15:39,[看]这个需要说吗 电车就这样啊 和小米无关 就像飞机掉下去基本上必死无疑一样,0
2025/4/2 15:39,那丰田的老总别管其他事了，全世界丰田交通事故，哪怕快速看一遍都看不完，更别说处理了,1
2025/4/2 15:39,66666,0
2025/4/2 15:39,[捂脸]我兼两份职都买,0
2025/4/2 15:39,请问你是怎么知道雷军的出生的时间的呢,0
2025/4/2 15:39,沙茶办法,1
2025/4/2 15:39,智驾只是辅助，又不是自动驾驶。驾驶员自己对自己的生命都没有敬畏之心！,1
2025/4/2 15:39,跟车架不车架的没关系 就跟鸡蛋似的 一筐鸡蛋从十几楼摔下来 鸡蛋框好呢 鸡蛋全碎了 完了你来句 问题是鸡蛋框好像没事,1
2025/4/2 15:39,#雷军回应# 坐等结果,0
2025/4/2 15:39,八年司机[看]我姐让我开她家车我都不碰。我说你胆挺大啊 还敢让我开车,0
2025/4/2 15:39,那我也收[微笑],0
2025/4/2 15:40,智驾：我是智能，但你不能是智障，三年驾龄也敢夜晚开高速并且双手离开方向盘,1
2025/4/2 15:40,不要哄抬物价[发怒],0
2025/4/2 15:40,20w.收一辆max,1
2025/4/2 15:40,16w加一块,0
2025/4/2 15:40,科技新一你真不是东西,1
2025/4/2 15:40,[看]那第一单不歹收购价给你,0
2025/4/2 15:40,一分钟一个价格，我4.8W收两台，我一台，我老婆一台,0
2025/4/2 15:40,好绿茶的发言,1
2025/4/2 15:40,雷大善人,0
2025/4/2 15:40,回复@风的想法2024:出事这款小米没得智驾，只有辅助驾驶，而隔壁的华为智驾却不会爆出来，你细品；小米能爆出来真不容易,1
2025/4/2 15:40,未来是什么拉手？,0
2025/4/2 15:40,大学生砸锅卖铁求爷爷告奶奶也要收 [流泪],1
2025/4/2 15:40,他今天敢12.59万  我明天就敢去提车,0
2025/4/2 15:40,你怎么知道他不是记者？,0
2025/4/2 15:41,那确实没想道这些既然和比亚迪一样的电池 那按比亚迪的二手价5-6万我收一台吧,0
2025/4/2 15:41,特斯拉失控创死了多少人，你看马斯克鸟过别人吗,1
2025/4/2 15:41,玩具车也能死人，我这里有个小孩，把那种几厘米的小玩具车吞了，然后卡住喉咙，窒息死了[微笑][微笑],1
2025/4/2 15:41,关键是不卖啊 6w,0
2025/4/2 15:41,不许搞事情，我只想给五万的,1
2025/4/2 15:41,是的，人性本恶,1
2025/4/2 15:41,记得收购价给我一辆[看],0
2025/4/2 15:41,出事前：智驾第一梯队，所有的xx都是端到端驾驶，xx7获得了2024c-ncap主动安全第一，速度是一种激情，出事后: 辅助驾驶，aeb 不识别锥桶，造谣司机新手，造谣借车，造谣家属，引导司机分神舆论，为什么不找交警，关键性问题，起火+ 门把手依然一笔带过，供应商电池，以及第一的主动安全就这?,1
2025/4/2 15:41,哈哈哈,0
2025/4/2 15:41,大可不必大可不必[握手],0
2025/4/2 15:41,太吓人了[流泪]他们都5w收，我出6w6[流泪][流泪][流泪],0
2025/4/2 15:41,坦克跑不到97吧,0
2025/4/2 15:41,等结果,0
2025/4/2 15:41,2025.4.1 刚买了一杯瑞幸，一口还没喝，[捂脸]就洒了，至今瑞幸老板没有给我一个解释，没有联系我[尬笑][尬笑],0
2025/4/2 15:41,雷老板会被互联网反噬，赶紧退网。,1
2025/4/2 15:41,唉！没这事恒生都回本了,0
2025/4/2 15:41,[黑脸]这算盘可太响了,1
2025/4/2 15:41,让子弹飞一会儿，永远记住，不要被带偏了,0
2025/4/2 15:41,我6.8,0
2025/4/2 15:41,我最无语的是雷军他本人还以为事情能压得住，那几个女孩出事了之后他还分享自己去健身。。。本来我是雷军他迷妹。。可这事儿看不懂了。。,1
2025/4/2 15:41,你说了我的心声[捂脸]受害者是她的两个朋友,0
2025/4/2 15:42,应该怪华为，毕竟是华为开了智驾的头,0
2025/4/2 15:42,那是车主自己发的[捂脸],0
2025/4/2 15:42,保险拒赔已经说明一切了，不用再争了[捂脸][OK],1
2025/4/2 15:42,经典小号,0
2025/4/2 15:42,等官方通知吧[捂脸]这好像是第一个爆燃的小米,0
2025/4/2 15:42,结果会反转吗？一起蹲！,0
2025/4/2 15:42,你们是真卷啊，是说我考不上,1
2025/4/2 15:42,我出10w[呲牙],1
2025/4/2 15:42,同收[舔屏],1
2025/4/2 15:42,小米各类智驾所有车祸都是车企责任并且包赔付，有望冲冠啊,0
2025/4/2 15:42,2W[泪奔]不能再多了,0
2025/4/2 15:42,3w收[看],0
2025/4/2 15:42,这些都什么人，“辣鸡”建议,1
2025/4/2 15:42,你去买[比心],0
2025/4/2 15:42,商家只对消费者负责   结束,0
2025/4/2 15:42,特斯拉:？问界m7:？,0
2025/4/2 15:42,这个价犹豫两秒下单 提车都得27年,0
2025/4/2 15:42,"别的车出事：“某某地某某路段发生车祸 导致3人死亡” 
小米出事：“小米su7碰撞爆燃致3人死亡”",1
2025/4/2 15:42,晚上在高速我最快也就一百。而且我们山东高速四车道。晚上车也少都不敢开到一百二[尬笑],0
2025/4/2 15:43,这位山东大汉...出了个他们村儿平时撞死人就私下给钱平事儿的点子...,1
2025/4/2 15:43,营销时猛吹智能汽车，安全性极高，出事了全怪驾驶人，不谈智驾了？,1
2025/4/2 15:43,首当其冲是第一个受伤害的，在这用语境不对[捂脸],0
2025/4/2 15:43,看公布的数据，系统提醒了两次，间隔八分多钟，在事故发生的前两秒反应过来，我只能说心太大了,0
2025/4/2 15:43,雷总，用你的手机伤眼睛了[流泪]，赔我眼镜费[流泪],1
2025/4/2 15:43,有人闻着味来了反正我始终觉得安全第一责任人是自己,0
2025/4/2 15:43,[握手][机智],0
2025/4/2 15:43,别被洗脑了,1
2025/4/2 15:43,@WL。 @粉雾海 那这不得冲了[黑脸],1
2025/4/2 15:43,有没有不敢开的了，我打算五万收一辆自己开，全国自提,0
2025/4/2 15:43,给我个车况好的就行[看],0
2025/4/2 15:43,雷军听他们的这辈子完了,1
2025/4/2 15:43,我10万回收,1
2025/4/2 15:43,怎么会，又检测不出来酒驾，不可能会拒赔，除非只买了交强险,0
2025/4/2 15:44,给小米出主意，这不纯脑瘫，不站在消费者角度，站厂商，还真当自己是股东了,1
2025/4/2 15:44,马斯克有没有去看望林志颖？,0
2025/4/2 15:44,评论区目前开价最高的。[看],0
2025/4/2 15:44,打个牌我都不敢托管，何况开车了,0
2025/4/2 15:44,我会开。但脚是放在刹车片上的,0
2025/4/2 15:44,你这哄抬价格，我8.8收一个max版的，璀璨洋红优先[看][看][看],1
2025/4/2 15:44,哈哈哈哈哈哈，我朋友刚买车的时候让我开，在停车位上我一脚就干出去了，还好我反应够快马上踩刹车了，给我和我朋友都吓坏了，要不可能上新闻的就是我了，我估计大众应该不会为了我特意成立调查组[泪奔],0
2025/4/2 15:44,都会反噬的,1
2025/4/2 15:44,国外电车哪有国产电车花哨。,0
2025/4/2 15:44,支持[赞],0
2025/4/2 15:44,什么叫智驾？需要驾驶员看着叫智驾？出了事故车企就钻法规空子，说驾驶员注意力不集中，卖车时把智驾吹得天花乱坠为何？,1
2025/4/2 15:44,小米u7不是快上市了吗。,0
2025/4/2 15:45,给死者家属脸了，还登门,1
2025/4/2 15:45,主要在于有没有过度营销,0
2025/4/2 15:45,我也要一个[抠鼻],0
2025/4/2 15:45,算我一个,0
2025/4/2 15:45,[奸笑],1
2025/4/2 15:45,某些公司智驾不靠谱aeb检测和执行有问题才是大问题。,0
2025/4/2 15:45,热门电车都会走这么一遭的,0
2025/4/2 15:45,排队排队[看],0
2025/4/2 15:45,"邢台这边，谁的小米害怕了，不想开了。我5万收[呲牙]
Ultra.能给6万",1
2025/4/2 15:45,包的，我省考两门考一天都被掏空，更何况两门都在一上午结束，别想多累了,0
2025/4/2 15:45,出事当天上午应该就已经考完了，出事的时候应该是返程,0
2025/4/2 15:45,问界去年全国都知道,0
2025/4/2 15:45,这才是正解,0
2025/4/2 15:45,黑子就是太阳脸上的麻子，更该鄙视。,1
2025/4/2 15:45,很难不支持，就应该这样[呆无辜],0
2025/4/2 15:45,我出到6,0
2025/4/2 15:45,唉，我只能说这件事情最惨的就是那两个女大学生应该是吧就是除掉车主就是驾驶车辆的就那个两个女大学生因为是三个人嘛那两个才是最惨的，确实太粗心大意了,0
2025/4/2 15:45,你想说什么,0
2025/4/2 15:45,不出楼主的可以出我[看],0
2025/4/2 15:45,千万不能给额外的钱，按法律来，该怎样就怎样，给了流量导向就错了,0
2025/4/2 15:45,油车这么多事故怎么不见车主去车企讨说法，想赔偿找保险去,1
2025/4/2 15:45,哥，收了给我一台。,0
2025/4/2 15:45,我也要[色],1
2025/4/2 15:45,我怀疑不是，所以建议十万卖给我算了，不敢开的，可能真是车有问题，建议十万卖我[憨笑],1
2025/4/2 15:45,高铁不是更舒服更安全吗[看][看],0
2025/4/2 15:45,我8.8收一个max版的，璀璨洋红优先[看][看][看],0
2025/4/2 15:45,应该是大半夜陪闺蜜去会网友啥的,1
2025/4/2 15:45,对家属要求太高了，人家在失去亲人的悲痛中，还有人这么恶毒攻击她，换了我杀人的心都有,1
2025/4/2 15:45,车主都不在车上，竟然知道车门无法打开，这就有点神奇了,1
2025/4/2 15:46,这怪雷军,1
2025/4/2 15:46,车企连车都没见到，除了给数据还能说啥,0
2025/4/2 15:46,小号多少,1
2025/4/2 15:46,那你解释一下为什么这车一撞就爆燃，怪驾驶员吗？,1
2025/4/2 15:46,我驾龄少七年十万公里 我出多点 我出10万收一台[看],0
2025/4/2 15:46,我朋友说我你要买车  我给你买保险受益人写我[看],0
2025/4/2 15:46,期待真相大白 愿未来更注重安全,0
2025/4/2 15:46,我有个小米13考虑一下[泪奔],0
2025/4/2 15:46,小米做手机很成功嘛！对车应该挺内行的。愿相信小米的担当！??,0
2025/4/2 15:46,未查清事实之前，谁都不要妄下结论！无论何时请自爱！比方智能驾驶之类的，不成熟之前不要拿自己开玩笑，,0
2025/4/2 15:46,特斯拉跟华为可不是这样[捂脸],0
2025/4/2 15:46,十块钱，不能再多了,0
2025/4/2 15:46,那女的跟男的有可能在聊天，没看系统提示,0
2025/4/2 15:46,"我出20w,su7这款最新的，谁出我要",1
2025/4/2 15:46,这是做 傻哔吗 每天公开处刑？？ 事故越来越多,1
2025/4/2 15:46,小米汽车很重视品质，请期待后续改进！,0
2025/4/2 15:46,技术问题取得解决，新的开始总是希望,0
2025/4/2 15:46,楼上5万 你8.8万 你扰乱市场价[抠鼻][抠鼻],1
2025/4/2 15:46,保护好每个生命，科技要进步但也要稳妥,0
2025/4/2 15:46,期待真相水落石出，科技前行之余勿忘安全第一,0
2025/4/2 15:46,期待真相水落石出，关注科技安全生产,0
2025/4/2 15:46,我也要,0
2025/4/2 15:46,但互联网也确实只能代表极小一部分人（尤其wb,1
2025/4/2 15:46,对啊，那两个才真是无妄之灾，摊上这么个朋友也真是，哎,1
2025/4/2 15:46,su7口碑烂了 有人便宜五万一辆卖给我这个尤物吗,1
2025/4/2 15:46,排队我也收,0
2025/4/2 15:47,公事公办,0
2025/4/2 15:47,女大，考编，这两个关键词就已经够火了[看][看][看],0
2025/4/2 15:47,max我15w收个[捂脸][微笑],0
2025/4/2 15:47,1.noa智能辅助驾驶为什么退出，aeb为什么没有启动，事故报告为什么不精确到毫秒，退出智能辅助驾驶时车辆是否失控。 2.车祸后，车门是否自动解锁。3.车祸多久后车辆开始燃烧，电池是否5分钟内燃烧。新时代的智能化网联汽车，不同于传统车企，跨越时代的产品必然会演变成为更新的责任制度l3更甚,0
2025/4/2 15:47,哈哈哈哈哈哈只想给200[大笑],0
2025/4/2 15:47,都是电车！你这样是砸饭碗了,1
2025/4/2 15:47,你让余大嘴一直用智驾他也不敢[看]，就算某为和某鹏一直是智驾第一梯队，但他们也不敢保证自家智驾不会出问题[看],1
2025/4/2 15:47,好兄弟，收到了12w给我整一辆[捂脸][OK],0
2025/4/2 15:47,互联网看看就好,0
2025/4/2 15:47,我也要一个,0
2025/4/2 15:47,不敢住房子了[流泪][流泪][流泪],0
2025/4/2 15:47,嘻嘻嘻嘻,0
2025/4/2 15:47,我出8.9w,0
2025/4/2 15:47,不家用 不考虑[看],0
2025/4/2 15:47,可惜恶粉很猖狂,1
2025/4/2 15:47,那肯定[机智],0
2025/4/2 15:47,期待真相大白 推动行业更优发展,0
2025/4/2 15:47,出了事让厂商赔钱呗,1
2025/4/2 15:47,@甜甜圈,0
2025/4/2 15:47,往黑一点想，小米对哪些车企威胁大,1
2025/4/2 15:47,没问题??,0
2025/4/2 15:47,算盘打的挺响[不失礼貌的微笑],0
2025/4/2 15:47,谁和你说的打不开，没打开和打不开是一回事吗？,1
2025/4/2 15:47,家属居然留言希望说到做到，小米肯定会查清真相的，到时看家属还怎么留言。[抠鼻],1
2025/4/2 15:47,你卖？我是真要,1
2025/4/2 15:47,15W[吐舌],0
2025/4/2 15:48,我出13.14w图个意头[看],0
2025/4/2 15:48,你那个只能给20[呲牙],1
2025/4/2 15:48,我也要，我出16万[流泪],0
2025/4/2 15:48,车我是造不好的，捅刀子我一流[看],1
2025/4/2 15:48,[赞][赞][赞][赞],0
2025/4/2 15:48,排队排队,0
2025/4/2 15:48,明明是辅助驾驶，却宣传智能驾驶，智能个der,1
2025/4/2 15:48,你们才五万？我出十万！！！,1
2025/4/2 15:48,很明显赖上了啊，不然她还要承担面临另外两个同行女生家属的追讨，所以只能先赖上小米，把锅扔小米身上，出车祸常规逻辑，不就是交警，保险吗，哪有第一时间扯上??企的，谁弱谁有理的年代吗,1
2025/4/2 15:48,我先多出1000在座各位出多少我都在多出100,1
2025/4/2 15:48,你的只能给10块,1
2025/4/2 15:48,老实人真受伤[看],0
2025/4/2 15:48,这种事不会开头的,0
2025/4/2 15:48,不得不说肇事方家属的反应真的很牛，保险公司不赔的情况下懂得利用好网络舆论和事故车自带的流量责任转移,1
2025/4/2 15:48,45打电话给车主，车主发现出事故之后发消息给女朋友有问题吗？,0
2025/4/2 15:48,我9.9万收了，什么版本都可以[看],0
2025/4/2 15:48,我们要完全信任小米的科技，开自驾睡觉又怎么了嘛,0
2025/4/2 15:48,找开发商,0
2025/4/2 15:48,唉，这件事情最惨的还是那两个人，就是不是三个人吧，除掉车主就是那两个车主的朋友，只能说太粗心大意了，再加上是晚上唉,0
2025/4/2 15:48,你的只能给5元,1
2025/4/2 15:48,互联网是双刃剑,0
2025/4/2 15:48,13w给我整一台,0
2025/4/2 15:48,[看]借楼，我出双倍十万收,1
2025/4/2 15:48,禁止发战争财[酷拽],0
2025/4/2 15:48,打钱,1
2025/4/2 15:48,黑天，有智驾以为没事被不过你说老司机黑天开多少迈呢,0
2025/4/2 15:48,改用华为智驾芯片和系统就好了，毕竟用了就是真正的第一梯队了,0
2025/4/2 15:48,好兄弟，收到了13w给我整一辆[捂脸],0
2025/4/2 15:48,你以为没有删？,1
2025/4/2 15:48,红米行吗[看],0
2025/4/2 15:48,我要要一个[流泪],0
2025/4/2 15:48,三个人开小米苏7去考公[晕],0
2025/4/2 15:49,开车玩手机真的是所有年轻人的通病，我媳妇刚被我骂过一次，一边开车一边刷抖音，根本没有安全意识！,0
2025/4/2 15:49,是我先来的,0
2025/4/2 15:49,头次吗？特斯拉这么多起诉讼案件，还有车展坐特斯拉车上维权的。每个有能力的车企都要经历这种事情，人红是非多，其他底部车企想有这个待遇都碰不到,0
2025/4/2 15:49,算盘珠子崩我脸上了,1
2025/4/2 15:49,不是哥们这都卷,0
2025/4/2 15:49,没上架的[看],0
2025/4/2 15:49,我贷款两万买[泣不成声],0
2025/4/2 15:49,那我肯定高低得要一辆,0
2025/4/2 15:49,我也想要 我也是大学生 我也想开啊[流泪],0
2025/4/2 15:49,小米通过这个事故优化系统才是有效的方法,0
2025/4/2 15:49,一个9点，一个10点，兄弟,0
2025/4/2 15:49,信不信 这件事过后小米股票又要涨[憨笑],0
2025/4/2 15:49,你别哄抬物价,0
2025/4/2 15:49,abc柱没有看到明显变形，车门也没有，应该是人瞬间晕倒无意识后无法打开机械开关逃生[黑脸],0
2025/4/2 15:49,什么车安全,0
2025/4/2 15:49,住防空洞[看],0
2025/4/2 15:49,[看][看]你这也不行嘛，有机会来云南高速试试晚上没有灯的情况下跑120，提神醒脑的很,1
2025/4/2 15:49,小伙子，这个是幼儿园，,0
2025/4/2 15:49,多尤物啊,0
2025/4/2 15:49,价高者得[尬笑][尬笑][尬笑],0
2025/4/2 15:49,@林林林林林,0
2025/4/2 15:49,什么东西都有利有弊  在于操作的人,0
2025/4/2 15:49,啥叫经常开车啊哥们，我是没开过车，但是我上过学也考过编，哪有时间开长途车啊？除非他不上学他天天出去开车。但我不想去恶意揣测一个人的学业以及学习成果，那才叫调侃。一个三年驾龄的大车司机在极限情况下都很难做到逃生吧，更何况是一个大学生。我非常理解一个母亲在失去孩子后想得到更多的补偿，但是她选择在网络上发酵，就得接受也会有人持有不同意见。,0
2025/4/2 15:49,不敢开干洗店了[流泪],0
2025/4/2 15:49,我出三万[绿帽子],1
2025/4/2 15:49,@stubborn.,0
2025/4/2 15:49,今天骑共享电动车摔了[流泪]刹车有问题！摔的我一瘸一拐的[流泪]我该找谁呢[害羞][酷拽][酷拽][酷拽][酷拽],0
2025/4/2 15:49,这反应还是很负责、及时的。,0
2025/4/2 15:50,那就买那辆蓝色车漆黄色的小米SU7,0
2025/4/2 15:50,很简单的问题，当时110多自动驾驶着按理来说这样的要逆向变道de路…应该限速不超60-80…开到110多已经是超速了这要不是小米的其实就一个普通车祸前几天009起火也没啥热度,1
2025/4/2 15:50,这不就是刀子不砍自己身上不知道疼吗[泪奔],1
2025/4/2 15:50,我出三十万,1
2025/4/2 15:50,相信[白眼],1
2025/4/2 15:50,前8分钟的提醒怎么回事，都没有人看到或听到吗？都在车里做什么？是不是睡着了马上撞到预警声音太大吵醒了？[思考],0
2025/4/2 15:50,真真假假看看就行,0
2025/4/2 15:50,你破坏市场价格[暗中观察][暗中观察][暗中观察],1
2025/4/2 15:50,点了，以后也不敢过马路了[捂脸][赞],0
2025/4/2 15:50,兄弟你6w6收，我8万收你的，你做中间商[看],0
2025/4/2 15:50,最多一万，不要哄抬物价[泣不成声],0
2025/4/2 15:50,来,0
2025/4/2 15:50,收一起收,1
2025/4/2 15:50,10w,0
2025/4/2 15:50,没事住桥洞,1
2025/4/2 15:50,往下卷吧20万,1
2025/4/2 15:50,去年这个时候的华为也死了三人，开不了车门，估计也是有人在拱火,1
2025/4/2 15:50,还没毕业的就准备考公了，的确挺火的。男朋友家里估计也不简单。,0
2025/4/2 15:51,打钱啊,1
2025/4/2 15:51,找开发商[看],0
2025/4/2 15:51,时间线对不上，安徽事业编29号白天就考完了，这三个人29号晚上去干嘛？[捂脸],0
2025/4/2 15:51,赶紧找开发商和施工方啊[微笑],0
2025/4/2 15:51,有没有不敢开的，我10w收了,1
2025/4/2 15:51,良心吗，你看小米手机的反修率貌似事众多手机品牌中最高的吧，而且米家的东西一开始挺好但是时间长了会怎么样谁知道？,1
2025/4/2 15:51,不能完全相信智能驾驶，遇到极端情况，司机的心里素质和经验非常重要，从行驶记录看，小姐姐接管了以后比较慌乱。,0
2025/4/2 15:51,打钱,1
2025/4/2 15:51,就跟很多溺爱的父母一样，孩子考差了不是孩子的问题，是学校和老师的问题,0
2025/4/2 15:51,出事了闹车企啊要是能要到钱，以后大家都按闹分配熬,1
2025/4/2 15:51,所有事故都是建立在麻痹大意上，我自己上高速也经常用智驾，但是我会看着他，自己也要有预判，有情况就自己马上接管。只能说逝者安息吧。都是惨痛的教训。,0
2025/4/2 15:51,国外品牌？？,1
2025/4/2 15:51,我多给100[感谢]要出的速来,0
2025/4/2 15:51,为啥要强调考编,0
2025/4/2 15:51,亲哥啊，可惜收不到[泪奔],0
2025/4/2 15:51,同情两个无辜的女生,0
2025/4/2 15:51,给你吗钱，司机赔就行了，保险上的他男朋友名字把赔就行了,1
2025/4/2 15:51,再大的公司也不能赔冤枉钱,0
2025/4/2 15:51,但很多人选择性失明[微笑],1
2025/4/2 15:51,股票在哪里买啊[流泪]想买点放着,0
2025/4/2 15:51,不行啊你这，得去找建房子的工人，问他为什么不建不能着火的房子[憨笑],0
2025/4/2 15:51,@绪风 武汉的三个小妮,0
2025/4/2 15:51,受害者家属感觉有人教，不然这时候都还悲痛欲绝呢[宕机],1
2025/4/2 15:52,什么后台弹电话？你在说什么,1
2025/4/2 15:52,可惜咱不能买,0
2025/4/2 15:52,这不是车的原因，是开车人的原因,0
2025/4/2 15:52,相由心生，你能说出这种话真的正常,1
2025/4/2 15:52,正常人开车谁会往隔离带上撞,1
2025/4/2 15:52,不能扰乱市场啊[看],0
2025/4/2 15:52,我出15,1
2025/4/2 15:52,经常开车不会躲障碍物 手离开方向盘[泪奔][泪奔][泪奔],1
2025/4/2 15:52,去告水泥厂和砖厂[看],1
2025/4/2 15:52,收不到无所谓，我只希望到时候yu7少点人下单，让我早早提[泪奔],1
2025/4/2 15:52,小人样,1
2025/4/2 15:52,我出7万,0
2025/4/2 15:52,买把刀切菜，不小心切到手了，找卖刀的去,1
2025/4/2 15:52,[九转大肠][九转大肠]第一次看出了车祸怪智驾的   开了怎么多年车  别说智驾  定速巡航我都不信,0
2025/4/2 15:52,你这是抢啊，我加一万收,1
2025/4/2 15:52,别人的车，车主不闹他得赔3条命钱,1
2025/4/2 15:52,给了就彻底说不清了～本来开车的自主权就是在驾驶者本身,0
2025/4/2 15:52,等调查清楚,0
2025/4/2 15:52,我觉得没必要 你去高校看看 大学的很多老师 要么沃尔沃   要么特斯拉[微笑],0
2025/4/2 15:52,我出10万哈,1
2025/4/2 15:52,"谁的SU7不敢开了,12W卖给我，15w也可以，我胆子大",0
2025/4/2 15:52,我的天呐！看完还是觉得su7太危险了   有没有su7车主打算半价出二手su7 我愿意帮你们承担这份危险,1
2025/4/2 15:52,看错了,0
2025/4/2 15:52,因为那是他是车主啊，车出问题手机app会给他说的。[捂脸],0
2025/4/2 15:53,晚上没灯真的蛮可怕的,0
2025/4/2 15:53,凭什么给钱？等公布结果后家属不满意可以上诉，然后等判罚。如果小米直接给钱，那就是开了个好头，以后出事故找厂家最终结果不用上保险，找厂家就行了 还有一种结果就是制造舆论，尤其舆论这么大，小米也可以以法律起诉制造舆论的人 只是客观评价，开车就要对自己生命负责，祝大家一路平安。,0
2025/4/2 15:53,你说的是新能源问题，这是国家推广的，消防总局也说不可避免了，买了就认同风险，都是成年人,0
2025/4/2 15:53,差不多,0
2025/4/2 15:53,高了，9万9[奸笑],1
2025/4/2 15:53,找开发商赔,0
2025/4/2 15:53,不能，过户再加十五,1
2025/4/2 15:53,没明白嘛？小米自造车到现在风头太盛了，动了大蛋糕，出了这事肯定逮着来干啊,1
2025/4/2 15:53,我这是为了帮兄弟们解忧，读书人的事儿怎么是抢呢？！,1
2025/4/2 15:53,@杨阳洋军均君,0
2025/4/2 15:53,我加五万，真收[泣不成声],0
2025/4/2 15:53,算盘打的我这都听到了[看],0
2025/4/2 15:53,都不知道是谁的问题，先承认自己的问题，是吧,1
2025/4/2 15:53,支持,0
2025/4/2 15:53,那我加2万[擦汗],0
2025/4/2 15:53,但是男朋友现在也成“肇事者”了,0
2025/4/2 15:53,没必要，市场份额那么大的厂家不至于，不如说国内那几个,0
2025/4/2 15:54,受害者是乘客  这个开车的主责   车主是次责,0
2025/4/2 15:54,我也要我要两个,0
2025/4/2 15:54,是被开国籍了，所以是国外品牌吗,0
2025/4/2 15:54,确实，等结果就好了，小米能做的也只能配合官方调查。有一点困惑的是，为什么只有这个家长出来，另外2个家长没有发声呢,0
2025/4/2 15:54,不是出了事故，车辆ecall 确认事故，打电话给车主，然后发现不是车主驾驶，然后车主接到事故电话发信息给女朋友，有问题吗[捂脸]我不懂在纠结啥,0
2025/4/2 15:54,算盘都蹦到上海来了[微笑],0
2025/4/2 15:54,都在做梦为什么我不能做梦,0
2025/4/2 15:54,就问她是怎么知道车门锁死打不开的？托梦的吗？,1
2025/4/2 15:54,你就算开10年车，手也不能离开方向盘啊……,0
2025/4/2 15:54,@404_Not_Found 我也想要,0
2025/4/2 15:54,你成语用错了，首当其冲是第一个收到伤害,0
2025/4/2 15:54,看到这种行为，很可笑啊,1
2025/4/2 15:54,真的是对自己不负责，对别人也不负责……,1
2025/4/2 15:54,我们不需要网红，我们需要有良心的企业家,0
2025/4/2 15:54,[捂脸]借的车主的车，车主得赔款，想办法找车商承担一部分,0
2025/4/2 15:54,哥们儿，别破坏市场啊,1
2025/4/2 15:54,@llllll- @十二,0
2025/4/2 15:54,你小子真有15.99w,1
2025/4/2 15:54,我出8万,0
2025/4/2 15:54,这只能说明那些老师买的早,1
2025/4/2 15:54,饥饿营销而已，哪里来的供不应求，这就是以前小米手机的惯用套路，车圈主要是没有饥饿营销的啊，没有这么打广告的人家正常都是发个公告之后生产多少台车，够卖了才发售，小米可好，自己付款按照订单现做？,1
2025/4/2 15:54,别哄抬市价好不好？太卷了,0
2025/4/2 15:54,还好，开习惯了就好了，然后你就会发现晚上开高速，开多久都不会觉得犯困，精神抖擞的,0
2025/4/2 15:54,想钱都想疯了哈哈哈,1
2025/4/2 15:54,啊，我也想买，哥，你这个给我能搞一台不？,0
2025/4/2 15:54,为啥给钱 自己开车不注意 怪路不平！,1
2025/4/2 15:54,读书人的事叫，风险转移[九转大肠][九转大肠][九转大肠],0
2025/4/2 15:55,是去考试前一天晚上你看详细在评论,0
2025/4/2 15:55,我就一个好奇的发问我也说了，我看错了我又纠结啥了[憨笑],0
2025/4/2 15:55,不是破不破局的问题，一个不好，整个中国的智驾都要被掀桌子了,1
2025/4/2 15:55,那我可能真想买了,0
2025/4/2 15:55,微信恢复是最简单的  企鹅那里啥没有[看][看][看],0
2025/4/2 15:55,我要提我的公积金了[捂脸],0
2025/4/2 15:55,干洗店没有水吗？[泪奔],0
2025/4/2 15:55,红米yu7[撇嘴],1
2025/4/2 15:55,主要是车门无法正常打开的问题，全过程急救电话和车主保持了联系说明人是清醒的就是因为车门无法打开,0
2025/4/2 15:55,我要 18w,1
2025/4/2 15:55,人家才出8.8你这卷这么高让我们怎么买[看],1
2025/4/2 15:55,"谁的SU7不敢开了,12W卖给我，15w也可以，我胆子大",0
2025/4/2 15:55,速度才是唯一的信仰[尬笑],0
2025/4/2 15:55,小米不安全，有小米车主不想要了的，10w出我把，求求了[流泪],1
2025/4/2 15:55,诶这可是联合责任，不仅仅是建房子的工人，还有售卖家居家电，售卖墙漆，售卖水泥的厂商，凭什么卖的东西不能自己起来灭火，就算不能自己灭火，不能起来自己打电话报火警吗？？在在在退一万步说，那些家电没给你们通电吗？你们厂商都应该发现不对劲啊，为什么不通知业主，为什么不帮业主打119 [看]  [看]  [看],1
2025/4/2 15:55,谁的SU7max不敢开了，我吃点亏10W块买了[看],0
2025/4/2 15:55,我32[捂脸],0
2025/4/2 15:55,你自己造一辆，包没有出车祸，而且出了也不会有人知道,1
2025/4/2 15:55,男朋友送的，本来想带两个闺蜜装装逼，用辅助驾驶彪彪高速的,0
2025/4/2 15:55,不好意思，你得排队[捂脸],0
2025/4/2 15:55,那我把我破车卖了，炸锅卖铁也要买一辆,0
2025/4/2 15:55,我再加1万1,0
2025/4/2 15:55,多半是竞争对手带的节奏,1
2025/4/2 15:55,diaosi米惯用伎俩[捂脸],1
2025/4/2 15:56,也就是雷总心善还能回应，换别的品牌试试看,0
2025/4/2 15:56,90码撞水泥墩子 AB柱连形都不变 良心车企,0
2025/4/2 15:56,@??橙子皮皮 提公积金,0
2025/4/2 15:56,我出11,0
2025/4/2 15:56,我加五十[发怒],1
2025/4/2 15:56,可以不给钱[呲牙],1
2025/4/2 15:56,对啊，所以现在有什么好争的？等官方消息不就行了？,0
2025/4/2 15:56,我觉得还是国内[捂脸],0
2025/4/2 15:56,哈哈，确实，定速巡航我都怕他关键时候失灵了。[捂脸],0
2025/4/2 15:56,怎么不打给任正非看看接不接,1
2025/4/2 15:56,感觉把命交给智驾的都挺zhizhang的,1
2025/4/2 15:56,定速巡航，自适应巡航，这两个我一个都不敢用，开车时，方向盘，油门，刹车，这三样只能由我亲自控制！,0
2025/4/2 15:56,我们不需要网红，我们需要有良心的企业家,0
2025/4/2 15:56,我加一点16,0
2025/4/2 15:56,虽然十万很过分，但是楼上有个5万更过分，我觉得你就厚道多了 [笑哭],0
2025/4/2 15:56,撒花撒花,0
2025/4/2 15:56,我说一个数 20块[发怒][发怒],1
2025/4/2 15:56,你想的还挺美[看],1
2025/4/2 15:56,自己都对生命没有敬畏之心,1
2025/4/2 15:56,我也要我也要[舔屏][舔屏][舔屏],1
2025/4/2 15:56,[泪奔]不是 特斯拉那不是刹车踩不下去么？,0
2025/4/2 15:57,说白了就是开车过去玩的  考公考研的都明白  真的认真去考  已经提前做好很多规划了  这个点要么在当地宾馆休息  要么复习,0
2025/4/2 15:57,什么傻批方法，还下跪，最好的办法就是实话实说，是车的问题就说是车，不是车的问题，那就不用负责，还有家属如果无理取闹，那就告，直接送进去，总结起来就一句话“是我的责任，我就负责到底，不是我的责任，要是想碰瓷，那就和你弄到底。”,1
2025/4/2 15:57,我被网暴了 我要找发明互联网的人要钱[害羞],0
2025/4/2 15:57,也就碰上雷军了,0
2025/4/2 15:57,我加两w收了[憨笑],0
2025/4/2 15:57,我驾龄十年了，开车必须双手握方向盘，双眼注视前方，巡航定速一次也没用过，只用过一次自动泊车，速度太快了，我还没反应过来车子就停好了，感觉太不安全了,0
2025/4/2 15:57,有没有不敢开小米的了，我出一块钱接盘,1
2025/4/2 15:57,一摸一样的话术，我觉得有理我也会复制，难道我也是请来的吗,1
2025/4/2 15:57,内卷就是你们这么来的,1
2025/4/2 15:57,起火，爆燃，责任是一半一半的[尬笑][尬笑][尬笑][尬笑],1
2025/4/2 15:57,一口价10w,0
2025/4/2 15:57,谁小米不敢开了我出六万[看],1
2025/4/2 15:57,欺负军子老实[看]？,1
2025/4/2 15:57,多收几个，10w我也想要,1
2025/4/2 15:57,不至于吧，你[尬笑],1
2025/4/2 15:57,要看驾乘险或者座位险买多少,0
2025/4/2 15:57,五字真言含金量还在攀升,0
2025/4/2 15:57,这个删了，后台也能恢复的，如果要打官司，应该会调出所有聊天记录,1
2025/4/2 15:57,@与春倾稚,0
2025/4/2 15:57,定速巡航可以开，必须在没什么车的的情况下开，而且脚还要时刻顶在刹车上,0
2025/4/2 15:57,是啊，所有只要带机械化的，都是辅助工具，还做不到，完全可以相信那个女司机，我觉得就她完全相信了，想着开了自驾，我就可以放松警惕了，结果没想到，唉,0
2025/4/2 15:57,二十万自提Max版本[绿帽子],1
2025/4/2 15:57,自以为是,1
2025/4/2 15:57,两万块钱收一辆小米su7最低配[灵机一动],0
2025/4/2 15:57,问界：当初喷我的时候你们可是毫不留情啊[泣不成声],1
2025/4/2 15:57,我出10w[尬笑],1
2025/4/2 15:57,下跪？？？？？？,1
2025/4/2 15:57,我也想要,0
2025/4/2 15:58,出事前：智驾第一梯队，所有的xx都是端到端驾驶，xx7获得了2024c-ncap主动安全第一，速度是一种激情，出事后: 辅助驾驶，aeb 不识别锥桶，造谣司机新手，造谣借车，造谣家属，引导司机分神舆论，为什么不找交警，关键性问题，起火+ 门把手依然一笔带过，供应商电池，以及第一的主动安全就这?,1
2025/4/2 15:58,收到加五千辛苦费给你[看],0
2025/4/2 15:58,原来su7在你眼里也就值五万块[捂脸][赞],1
2025/4/2 15:58,我只心疼另外两个乘客哈 评论配图,0
2025/4/2 15:58,算盘打得好啊[看],0
2025/4/2 15:58,雷总，诚挚的慰问不应该在网线上！,1
2025/4/2 15:58,[泣不成声]都说河北人卷。咱不能落口实,1
2025/4/2 15:58,哈哈哈我也要我不怕死,1
2025/4/2 15:58,那边好像有 30 号考的,0
2025/4/2 15:58,那我可得骗我姥爷低保了,1
2025/4/2 15:58,爆燃这个问题97的速度油车也得爆炸。,0
2025/4/2 15:58,我出五百[奸笑],1
2025/4/2 15:58,想啥呢，6万就想收，我刷花呗7万收一辆，我不怕[呲牙][呲牙],1
2025/4/2 15:58,回复@朋友在看:你说研究智驾、推行智驾的意义是什么,0
2025/4/2 15:58,你收到三万卖给我行么，我出运费,0
2025/4/2 15:58,危险驾驶,0
2025/4/2 15:58,必须告开发商[看],1
2025/4/2 15:58,驾驶员不是车主的情况下，车主要进行赔偿的。,0
2025/4/2 15:58,还有媒体,0
2025/4/2 15:58,加一,0
2025/4/2 15:58,发战争财是吧 [绿帽子],1
2025/4/2 15:58,这流量蹭的,1
2025/4/2 15:58,这种一旦给了，以后就是无穷的麻烦,1
2025/4/2 15:58,我加2万,0
2025/4/2 15:58,回复@穿越加州:大众总裁就是死者其中之一,1
2025/4/2 15:58,别说12.59，要是15个，我都买两辆,0
2025/4/2 15:58,那我要换车了[舔屏],0
2025/4/2 15:58,评论区突然对新能源就通情达理起来了[看],0
2025/4/2 15:58,最该下跪的是开车的那个女孩的家人吧，给后排两个无辜的女孩子和其家人下跪，自己干蠢事现在把自己包装成受害者就一点责任都不用负了是吧，那两个无辜的冤魂才是真的惨,1
2025/4/2 15:58,高速撞击后人的状态是清醒还是昏迷？,0
2025/4/2 15:58,他们说的没有错,0
2025/4/2 15:58,那我就真买了,0
2025/4/2 15:58,自己对自己的生命都不负责，反而要求车企有敬畏之心。,1
2025/4/2 15:58,我买辆自己开,0
2025/4/2 15:58,是车的问题 肯定要赔钱啊  现在还在调查 给什么？ tm是来搞乱的,1
2025/4/2 15:58,10w哪轮得到你[尬笑][尬笑],1
2025/4/2 15:58,女儿没都没了，提个现日子好过一点,0
2025/4/2 15:58,兄弟你的算盘我都在湖南听到了,0
2025/4/2 15:58,刚才喝奶茶太着急了把舌头烫了我是不是也去找奶茶店,0
2025/4/2 15:59,为什么不是9.9万包邮[看],0
2025/4/2 15:59,各位SU7的车主，如果觉得不安全，我愿意岀三万跟你们买下来[白眼],1
2025/4/2 15:59,"谁的SU7不敢开了,12W卖给我，15w也可以，我胆子大，诚心要",0
2025/4/2 15:59,@??桃桃芝士 [黑脸][黑脸][黑脸],1
2025/4/2 15:59,太恐怖了，我8万[捂脸],0
2025/4/2 15:59,[抱抱你]好的老板,0
2025/4/2 15:59,关键是撞了爆炸，,0
2025/4/2 15:59,我十万收一辆[色],1
2025/4/2 15:59,我车买了8年了 一次都没有用过,0
2025/4/2 15:59,指甲，指甲，老司机连定速巡航都不敢用，,0
2025/4/2 15:59,我出13w,0
2025/4/2 15:59,我十万收，我不怕死,1
2025/4/2 15:59,可是现在跌麻了[捂脸],0
2025/4/2 15:59,多的不说激光雷达版本17-18我必买,0
2025/4/2 15:59,大晚上在高速开智驾怎么想的智驾是在你累的时候辅助你开车，不是帮你开，居然还放开双手，对生命没有敬畏之心的人还能说什么,1
2025/4/2 15:59,按法律来说学校不应该赔偿啊，赔的话是人道主义了。或者在学校买的什么保险那也是保险去赔,0
2025/4/2 15:59,我出十块[色],1
2025/4/2 15:59,收到分我一辆,0
2025/4/2 15:59,这是哪个开发商 真不敢住了 现在电器太可怕了,1
2025/4/2 15:59,司机对生命应有敬畏之心！！！,0
2025/4/2 15:59,8w  有多少要多少,1
2025/4/2 15:59,@雷军 @小米公司 赶紧80万来上课  大师是好人  上次还给我抽了100块 我就中过这一次奖,0
2025/4/2 15:59,6万我要[呲牙],1
2025/4/2 15:59,还考公，人家去考编都是早早到地方住下，谁晚上11点还在高速上赶路[看],1
2025/4/2 16:00,你没事吧 不会说就闭嘴吧,1
2025/4/2 16:00,我无限收就为了匀给兄弟们，你看看你这事儿闹的,0
2025/4/2 16:00,是啊房子太危险了，哪有桥洞底下安全，根本烧不着[看],1
2025/4/2 16:00,那我可要去借钱买了,0
2025/4/2 16:00,我说的是驾驶员家里要不要赔偿，你说的是啥？,0
2025/4/2 16:00,我愿意出4万[呆无辜],0
2025/4/2 16:00,我撞过 和车 人直接昏了,1
2025/4/2 16:00,但是车主得负主要责任，你完全相信自驾了所有带机械化的东西，他做不到像电影中那样可以完全相信，再说了那个起火爆燃他撞到石墩子上了没有缓冲然后马力我觉得也过大了唉，只能说太粗心大意了,0
2025/4/2 16:00,那我可要拿我买了一年多的油车置换了[看],0
2025/4/2 16:00,我是女司机 我开车11年了 能不走晚上的高速尽量不走 晚上总感觉眼睛不舒服 有幻影[泪奔],0
2025/4/2 16:00,愚蠢,1
2025/4/2 16:00,我这车把手也不丑，而且也是在醒目的地方，一眼就能找到拉开，不过我看了下小米的车电子把手和机械把手，其中机械按键在车门最下面的储物盒里面，而且还是个很小的案件，如果是夜里或者储物盒里有东西，断电情况下，乌漆嘛黑的就很难找到那个按键,0
2025/4/2 16:00,谁有 su7，现在害怕不敢开的，8w 我回收[干饭人],1
2025/4/2 16:00,[看]我不干了哥,0
2025/4/2 16:00,跟粉圈差不多，人多的地方都是乌烟瘴气的,1
2025/4/2 16:00,我12万收一台[捂脸]说到做到,0
2025/4/2 16:00,是个车遭不住,1
2025/4/2 16:00,干洗 干洗肯定是没有水啊[看],0
2025/4/2 16:00,说实话中国有动车,0
2025/4/2 16:00,车门紧闭是亲亲男朋友说的[调皮],0
2025/4/2 16:00,我的小米车开半年了，个人觉得车很好，首先开车得摸清车的功能，要不然别乱开，不管车怎样好，不要把自己的生命交给方向盘,0
2025/4/2 16:00,出事故和驾龄无关，是当时人的状态。是人控制车，不是车控制人。,0
2025/4/2 16:00,这么抢手的吗加个百八的可以接受[看],0
2025/4/2 16:00,8W！还有谁[看],0
2025/4/2 16:01,没关系  我加两万提现车,0
2025/4/2 16:01,？？？那老子要把攒的钱拿出来，买一台，给我老婆开[大笑],0
2025/4/2 16:01,我关心的是这个 我还想买yu7呢,0
2025/4/2 16:01,包的,0
2025/4/2 16:01,都害怕了不能这么高，5万[九转大肠],0
2025/4/2 16:01,找开发商赔钱，说房子不好会起火,1
2025/4/2 16:01,我出十五万[舔屏][舔屏][舔屏],1
2025/4/2 16:01,小风浪,0
2025/4/2 16:01,这种人多的很，我都遇到好多了，第二天就要干的事，前一天才准备，一点都性子都没有，说是心态好吧其实就是不上心,1
2025/4/2 16:01,网上有人说29的白天就考了！,0
2025/4/2 16:01,在哪里[泣不成声]，我要买,0
2025/4/2 16:01,哥，收了给我一台。,0
2025/4/2 16:01,扰乱市场行情，不行，我出10.1,1
2025/4/2 16:01,@科技新一,0
2025/4/2 16:01,??我＋10倍,1
2025/4/2 16:01,我说车主不用赔偿了吗？,0
2025/4/2 16:01,总感觉开了定速巡航下一秒刹不住车[尬笑],0
2025/4/2 16:01,我15万收一辆,0
2025/4/2 16:01,说真的  拿驾照不等于开了那么多年  话题转移而已,0
2025/4/2 16:01,我胆子也大，我出价15.1w,0
2025/4/2 16:01,你想的美，今天看到了，太帅太好看了，,0
2025/4/2 16:01,电车多危险啊[流泪]有没有买了su7不敢开的车主，我吃点亏8w帮你处理了[流泪],1
2025/4/2 16:01,慰问没问题，下跪不可能的,1
2025/4/2 16:01,这不是很正常的事吗？应届生考编,0
2025/4/2 16:01,三万太高了，我出1万，手续费我出。,0
2025/4/2 16:01,我出 10 个[泪奔],0
2025/4/2 16:02,我贷款5万要一个,1
2025/4/2 16:02,那我也吃点亏12.5w,0
2025/4/2 16:02,人类历史上第一次出车祸！,0
2025/4/2 16:02,所以我就不把车借给别人,0
2025/4/2 16:02,离谱，我只要一万,1
2025/4/2 16:02,[泣不成声]这里占楼，有出手的我加十万,1
2025/4/2 16:02,[黑脸]别跳过“撞”这个步骤,1
2025/4/2 16:02,我姐都10年了 拿到驾照就放家里吃灰了 不敢上路 按照这个规则 她也是老司机了[看],0
2025/4/2 16:02,[捂脸]我也纳闷，为什么她家人在说车企还没联系他们,0
2025/4/2 16:02,直接走流程，给什么给,1
2025/4/2 16:02,@Camille暴富发发发,0
2025/4/2 16:02,不要扰乱市场，别人都5万8万10万的[微笑],1
2025/4/2 16:02,我要是司马懿，诸葛亮非当俘虏不可[看],0
2025/4/2 16:02,没有喷的意思，单纯好奇如果车没起火，车里的几个人在这样的速度下可以活下来吗[发呆],0
2025/4/2 16:02,当时因为这个网上前期全都在讨伐,1
2025/4/2 16:02,把业内网友at出来,1
2025/4/2 16:02,这什么鸟车一撞就烧起来了。,1
2025/4/2 16:02,我是真想要18也行[捂脸],0
2025/4/2 16:02,雷总敢站出来发文已经打败了90%的车企了??,0
2025/4/2 16:02,机密能让我们知道吗[微笑],0
2025/4/2 16:02,我第二天下午考证书，都是前一天下午到的（隔壁市考试，路程两个小时）。而且是坐的动车，不敢开车，担心第二天在路上有意外，开车就算小擦挂也麻烦，而且这样休息得更好。,0
2025/4/2 16:02,包有的,0
2025/4/2 16:02,我6.66w,0
2025/4/2 16:02,好比吃饭卡着了，难道我们应该责怪菜的问题吗？,0
2025/4/2 16:02,2025年了还有人觉得特斯拉刹不住呢[捂脸],0
2025/4/2 16:02,尤物？你对尤物有什么误解吗,1
2025/4/2 16:02,"[偷笑]，
我贵1k，10.1w",1
2025/4/2 16:02,三万也卖我一台,1
2025/4/2 16:02,应该30号，其他城市还有单招考试[暗中观察],0
2025/4/2 16:02,最好的方法就是每个遇难者的家属给100万。,1
2025/4/2 16:02,我也不加价了，你收得有多的话，我从你哪儿也弄一辆,0
2025/4/2 16:02,可能造成事故，就是有安全隐患，有没有安全隐患自查自纠检测报告，检测频率和条件是多少。安全隐患应急措施有没有规范文本。这是车啊，出了事是会死人的。这就是天天吹的良心企业吗,1
2025/4/2 16:02,他家靠女儿赚生活来源啊？,1
2025/4/2 16:02,6,0
2025/4/2 16:02,对啊，你看别的碰撞实验，那个 90 以上不是a柱弯了断了，小米质量真的没话说,0
2025/4/2 16:02,每天都有卖车的，没见过哪家卖车的说要赌上后半生去卖车[尬笑],0
2025/4/2 16:02,女大，难说,1
2025/4/2 16:03,信的这辈子有了,0
2025/4/2 16:03,而且很多人也在散发谣言 说什么出事故了，车门锁死出不来，当事人已经没了，家属怎么知道车门锁死[微笑]  如果真的是拿出知道的证据来 是跟当事人通话了还是啥,1
2025/4/2 16:03,别搞了好吧，云贵川不是白天高速都要开80的地方吗[捂脸]，刷到各种长上下坡，还有起雾之类的[捂脸],0
2025/4/2 16:03,经过这次事，车不但不借给外人，老婆也不能借,1
2025/4/2 16:03,97公里，沃尔沃都悬,0
2025/4/2 16:03,还是施工区，施工区1.6公里前就会有标牌,0
2025/4/2 16:03,第一次看到这个图，6,0
2025/4/2 16:03,Ab柱都没变形，大概率是能活的。,0
2025/4/2 16:03,不是说在读么[宕机],0
2025/4/2 16:03,第一，我不是大哥。第二，车不是停在路上莫名其妙燃起来的,0
2025/4/2 16:03,[看]借机振仓,1
2025/4/2 16:03,别说智驾了，我自己开晚上都不敢开120。他那个路段一看就视线就不好，我平时白天开车高速120打底，晚上就是不行[笑哭]意外太多,0
2025/4/2 16:03,不是这么回事,0
2025/4/2 16:03,这么支持应该溢价支持,0
2025/4/2 16:03,没毕业 男朋友去年就给送了个su7 [赞][赞],0
2025/4/2 16:03,车门打不开，人要是清醒，不出事故，车门怎么会打不开？逝者安息,1
2025/4/2 16:03,一句话都是智能惹的祸,0
2025/4/2 16:03,你不说的，这么简单的问题要是大家都能想到工程师想不到吗？他造的是新车，但是做车的工程师可不是新工程师,1
2025/4/2 16:03,我出[尬笑]三块,0
2025/4/2 16:03,她妈要赔偿240-280w给死掉的两个女孩的父母,1
2025/4/2 16:03,去年问界不也是被要求给个说法[抠鼻],0
2025/4/2 16:03,换辆车还得是死[捂脸],1
2025/4/2 16:03,大概率不能，撞墙了,0
2025/4/2 16:03,包不可能的,0
2025/4/2 16:03,我再加一千[灵机一动],0
2025/4/2 16:03,那要怎么办  难道就一直哭，一直表现的死去活来嘛  这样才能显示有良心 有感情舍不得?,0
2025/4/2 16:03,够呛只能说，后座的八成没系安全带,1
2025/4/2 16:03,100公里时速撞水泥柱，90%当场死亡[流泪],0
2025/4/2 16:03,没法付出，哪来进步。就是这个付代价有点大,0
2025/4/2 16:03,我出15万！！,1
2025/4/2 16:03,幸运点能活，不幸运百分百不活,1
2025/4/2 16:03,这速度基本没可能,0
2025/4/2 16:03,@MINE. @祂 @JVV @有趣,0
2025/4/2 16:03,没起火应该会活下来 只是晕厥,0
2025/4/2 16:03,比我还能想[灵机一动],0
2025/4/2 16:03,"谁的SU7不敢开了,12W卖给我，15w也可以，我胆子大",0
2025/4/2 16:03,@乱斗摆烂大王 接????????????????????,0
2025/4/2 16:03,肯定可以啊,0
2025/4/2 16:04,不就是如此,0
2025/4/2 16:04,第二天考试你考试前一天晚上半夜去是吗[捂脸]这个态度老公跟开车的态度如出一辙[捂脸],0
2025/4/2 16:04,又不是人人都上微博的，普及就有用，那为什么那么多不懂法？是法律没有天天在普及？普及就为了以后规避责任的话，就当我没说，就好像雷军一开始直播说智驾不靠谱来规避责任一样,1
2025/4/2 16:04,难,0
2025/4/2 16:04,记得去年结婚高速追尾的油车了吗，惯性直接断脖子,1
2025/4/2 16:04,没毛病,0
2025/4/2 16:04,姐姐你这可能是散光[笑哭][笑哭],0
2025/4/2 16:04,我的比亚迪如果这种速度，我可能当场没[捂脸] 起码小米车还结实些,0
2025/4/2 16:04,可能性不大,0
2025/4/2 16:04,97码，怎么活,1
2025/4/2 16:04,我出9.9，只要一位数[舔屏],0
2025/4/2 16:04,你是个弄撒的，成天跑来蹭流量来了,1
2025/4/2 16:04,对[捂脸],0
2025/4/2 16:04,一般来说是可以的，高速一般都是九十码出事故存活率还是有的,0
2025/4/2 16:04,我借个楼su7我出12万。高配我出15万。现金,0
2025/4/2 16:04,难讲 只要背时走路都能死,1
2025/4/2 16:04,我也收一辆小米su7 给我50w[柴犬],0
2025/4/2 16:04,这是舔的有多干净啊,1
2025/4/2 16:04,你看看他的这个价位抢了谁的市场，比如说比比唉，国内外都有,0
2025/4/2 16:04,11个。,0
2025/4/2 16:04,因为驾驶人是她女儿，不然就是她陪要陪男方车的损失，坐车两位死亡的赔偿。因为事故发生的原因是她女儿驾驶的问题。所以说他们很理性，很专业。,0
2025/4/2 16:04,[流泪]这不得告煤气公司，为什么卖会爆炸的气体[流泪][流泪][流泪],0
2025/4/2 16:04,不好说[捂脸],0
2025/4/2 16:04,别跟风，公务员考试3.15早考完了，他们是去参加别的考试,0
2025/4/2 16:04,来，要求手拉手过户，一手交钱一手交货,0
2025/4/2 16:04,可以 有安全气囊,0
2025/4/2 16:04,我激动的去看二手小米价格，发现一点都没变[微笑],0
2025/4/2 16:04,怎么都这么卷，我出8块,0
2025/4/2 16:04,想起了雨棚哥,0
2025/4/2 16:04,这个速度大概率是可以活下来的,0
2025/4/2 16:04,那人家老总也没搭理他啊[泪奔][泪奔],0
2025/4/2 16:04,第一次听说赌上自己后半生去卖车的[尬笑],1
2025/4/2 16:04,3[捂脸][捂脸]号,0
2025/4/2 16:04,这算盘打得……我出九万[思考],0
2025/4/2 16:04,然后?100卖我,1
2025/4/2 16:04,@蛋卷脑袋,0
2025/4/2 16:04,反正车主也摊到了,1
2025/4/2 16:04,@我是路人乙 @Aqua 我出6万[色],1
2025/4/2 16:04,司机不一定，后面不系安全带必死,1
2025/4/2 16:04,我觉得这次问题最大的不是车的问题，而是那个路有问题，看过现场图，高速，急弯，很不合理,0
2025/4/2 16:04,这样搞，我就分期了啊[不失礼貌的微笑],0
2025/4/2 16:04,我13w，就爱吃点亏，吃亏是福,0
2025/4/2 16:04,概率大很多,0
2025/4/2 16:04,主要是车本没过之类，就不算送，在这种情况口头不管用呀[看],0
2025/4/2 16:04,油车也会起火,0
2025/4/2 16:04,考公对解决问题一点帮助没有，但说考公八成是为了引起话题快速爆舆论,1
2025/4/2 16:04,10万我去提[坏笑],1
2025/4/2 16:04,难说[捂脸],0
2025/4/2 16:04,车就是男朋友送的，你说呢[捂脸],0
2025/4/2 16:04,甩尾得你开的快或者路面湿滑吧  平常情况应该遇不到吧 （个人观点）,0
2025/4/2 16:04,起火了耶,0
2025/4/2 16:05,大概率也没了,0
2025/4/2 16:05,我只出的了一万，一万的有没,0
2025/4/2 16:05,够呛,1
2025/4/2 16:05,后排可能有机会[捂脸],0
2025/4/2 16:05,你年轻过吗,0
2025/4/2 16:05,活不下来，这速度撞水泥上面谁能活,1
2025/4/2 16:05,怪雷军,1
2025/4/2 16:05,特斯拉,0
2025/4/2 16:05,因为你的产品没经过长时间检验,1
2025/4/2 16:05,那如果是车有问题，制造商就是有责任的，本次事故还需要调查，不要过早站队,0
2025/4/2 16:05,肇事者没了，家属不继承遗产就不用继承债务吧,0
2025/4/2 16:05,虽然目前小米是最结实的电车但在90码以上的速度撞护栏除非你是振金造车，不然车绝对废的认不出来了，巨大的惯性在不系安全带的情况下能把脊柱直接撞错位,1
2025/4/2 16:05,我出8万8,0
2025/4/2 16:05,16个联系我[看],0
2025/4/2 16:05,运气好能活[白眼] 跟车关系不大,1
2025/4/2 16:05,很难[听歌],0
2025/4/2 16:05,好搞笑哦，自己哒按时开车100多码分心，提醒了还不接方向盘，出事了现在找小米,1
2025/4/2 16:05,这条微博怎么看不到,0
2025/4/2 16:05,100码的速度撞水泥墩，活下来了也是终身残疾了[我想静静][我想静静],0
2025/4/2 16:05,预算多，那就喜欢就买，别考虑太多，预算不够看你需求是不是yu7更合适,0
2025/4/2 16:05,自己去试试，开的习惯就下手，不习惯就等等，不管咋样，对速度要有敬畏之心[看],0
2025/4/2 16:05,他们都没诚意，6，8，10都来了，我真心想要，我出20[流泪],0
2025/4/2 16:05,只是推测,0
2025/4/2 16:05,主驾副驾悬，后座尚有一线生机,0
2025/4/2 16:05,我吃点亏，6万,0
2025/4/2 16:05,不出结果就给钱？还下跪？真是看热闹不嫌事大。,1
2025/4/2 16:05,后排不系安全带不死也得大残,1
2025/4/2 16:05,@闪电麦昆zhou 那我们可以再买一辆,0
2025/4/2 16:05,看这几个人状态够呛能活着，只是油车轻易不着火。,1
2025/4/2 16:05,太好了，连bosch一起告[看],1
2025/4/2 16:05,这个速度主驾光安全气囊就能把人砸昏迷，后排不系安全带大概率依据惯性飞到前挡风那，或者被前座后背砸昏迷[宕机],0
2025/4/2 16:05,那我的车要是出车祸了，我就去找广汽丰田,0
2025/4/2 16:05,华为问界M7出事的时候，这车也被喷惨了[捂脸],1
2025/4/2 16:05,应该不算，车不应随便借，如果出事车主有责任这一条他是清楚的。,0
2025/4/2 16:05,平时真是高看你了！,1
2025/4/2 16:05,有个93码的，车没着火，门正常开启，人没事,0
2025/4/2 16:05,果真,0
2025/4/2 16:05,冰冷的人变成鲜活的数字[摸头],0
2025/4/2 16:05,这张图甚至是真的[比心],0
2025/4/2 16:05,我也要[发呆],0
2025/4/2 16:05,确实,0
2025/4/2 16:06,我十万收一台[看],1
2025/4/2 16:06,我8万收,1
2025/4/2 16:06,后面没系安全带的话估计是没了，前面的不一定，看救援速度吧[看],0
2025/4/2 16:06,我吃点亏15W收创始版,0
2025/4/2 16:06,科目一教我们开车时手不要离开方向盘,0
2025/4/2 16:06,网友截图29日白天考试，她们晚上去，不知道去考啥,0
2025/4/2 16:06,活不下来，有模拟假人测试，前排司机在系安全带接近100km/h的情况下，颈椎即使撞到安全气囊也是直接折断的，更别说后排没系安全带的了，等通班情况吧,1
2025/4/2 16:06,我在县城，去市区考试，我都提前一晚去，一个半小时,0
2025/4/2 16:06,后排不带几乎不可能，前排8成当场凉凉，,0
2025/4/2 16:06,又业内人士了[赞],0
2025/4/2 16:06,我不怕死，我愿意5.5收一辆[尬笑][尬笑],0
2025/4/2 16:06,都不是每天，而是每分钟,0
2025/4/2 16:06,竞拍吧[你不大行],1
2025/4/2 16:06,我也愿意,0
2025/4/2 16:06,林志颖还在开特斯拉，我敢肯定他估计不敢开小米,1
2025/4/2 16:06,要看开什么，开坦克的话基本没问题，开车90－100码撞护栏，幸存几率无限接近0,1
2025/4/2 16:06,大胆点[看]10也是可以的[看],0
2025/4/2 16:06,厂商负责,0
2025/4/2 16:06,送女友[思考],0
2025/4/2 16:06,前面删了几天贴。。。？,0
2025/4/2 16:06,兄弟  到时候我给你7w给我留一台[看],0
2025/4/2 16:06,[看]舆论根本不管这些。反正就像搞事情罢了,1
2025/4/2 16:06,没起火大概率还是能活下来的，就看后面两个有没有搞安全带，人应该是撞懵了，然后起火，还是要对生命有敬畏之心，我现在看到马路上边骑车边玩手机的都想上去给他们两个耳光，这样的人太多了,1
2025/4/2 16:06,这也不对应该是三家赔车，保险陪人，说白了就是拿保险陪车那三自负,1
2025/4/2 16:06,车主有的赔咯[阴险],1
2025/4/2 16:06,真实。。同车两个女孩家属肯定要赔偿的,0
2025/4/2 16:06,意思就是希望雷总赶紧赔钱,1
2025/4/2 16:06,加5万,0
2025/4/2 16:06,我收[九转大肠],0
2025/4/2 16:06,我出10万零100,0
2025/4/2 16:06,10我怕收不到,0
2025/4/2 16:06,你这算盘打的，我在广东都听到了[看][看],0
2025/4/2 16:06,哈哈哈哈哈哈哈哈哈哈哈哈,0
2025/4/2 16:07,so？,0
2025/4/2 16:07,你不许扰乱市场。,1
2025/4/2 16:07,看看那些经济条件一般又没有儿女的孤寡老人是什么生活状态。,0
2025/4/2 16:07,我也要[不失礼貌的微笑],0
2025/4/2 16:07,你不想？,0
2025/4/2 16:07,连吃带拿啊,1
2025/4/2 16:07,我感觉你想的美,1
2025/4/2 16:07,算是吧，她的车都是男朋友给的[看],0
2025/4/2 16:07,多吃点核桃吧,0
2025/4/2 16:07,兄弟太有实力了,0
2025/4/2 16:07,前排有安全带都难说，后排如果不系安全带，基本没了,0
2025/4/2 16:07,扰乱市场恶意加价[灵机一动]我出 12.1 万,1
2025/4/2 16:07,其实，要是个别的车就完全不会有一点消息,0
2025/4/2 16:07,[泪奔]嗯嗯嗯 刹得住 林志颖也刹得住 50码都刹了那么远,1
2025/4/2 16:07,哈哈哈扰乱市场,1
2025/4/2 16:07,其实已经很明了了，如果小米真的问题很大，那么那个司机走的就是法律程序，而不是试图通过网络舆论来勒索小米的人道主义赔偿[抠鼻],1
2025/4/2 16:07,你太卷了,1
2025/4/2 16:07,这不是怕有人不敢开嘛，我敢啊,1
2025/4/2 16:07,????♂?？你没搞错吧啊sir,1
2025/4/2 16:07,从出车祸，冒烟到着火成架子，15分钟,0
2025/4/2 16:07,高速出事故看命，有的120，130出事故都能活，有的80.90都活不了,0
2025/4/2 16:07,前脸直接撞，前排不一定活，后排系安全带可能活，不系安全带基本没得活,0
2025/4/2 16:07,@揽月?? @无敌月在线暴躁 @叫我王先生咯 @Canoe.椰汁,0
2025/4/2 16:07,六万卖我一台呗,1
2025/4/2 16:07,不要哄台市场[呆无辜],0
2025/4/2 16:07,"谁的SU7不敢开了,2W卖给我，1.5w也可以，我胆子大",0
2025/4/2 16:08,[捂脸][捂脸]有这个说法吗[捂脸],0
2025/4/2 16:08,放瓜子上卖,0
2025/4/2 16:08,给我留一台[看][看],0
2025/4/2 16:08,现在都不敢说自己达到L3  到了L3出事故才和车企有关系,0
2025/4/2 16:08,你这算盘珠子都蹦到广东了[看],1
2025/4/2 16:08,告房管局，城建局，水泥厂，家具店，等等,1
2025/4/2 16:08,我出8.99,0
2025/4/2 16:08,就好比，出事了全国人民都要集体默哀,0
2025/4/2 16:08,这算盘珠都蹦到我脸上了[噢买尬],1
2025/4/2 16:08,想的美[赞],0
2025/4/2 16:08,包的[捂脸][OK],0
2025/4/2 16:08,@Aym_Lee,0
2025/4/2 16:08,装甲车都不敢这样保证！,0
2025/4/2 16:08,去店里试驾一下，比看什么都好,0
2025/4/2 16:08,我十万,1
2025/4/2 16:08,二手9.9万,0
2025/4/2 16:08,拿人命打商战[晕],1
2025/4/2 16:08,我也想请问一下，这么快的速度撞到水泥柱油车会不会起火，起火的话，在人员不昏迷，有机械门把手能开门的情况下人能不能活下来,0
2025/4/2 16:08,我可没说[看][看],0
2025/4/2 16:08,这也卷[流泪],0
2025/4/2 16:08,不好说，在这么快的速度下，后排乘客未系安全带的情况下很有可能颈部碰到前方座椅导致断裂，也可能导致生命危险,0
2025/4/2 16:08,那我出十万吧[泪奔],0
2025/4/2 16:08,考编是个什么职务啊 [看][看],0
2025/4/2 16:08,公积金没买房的话要退休才可领取,0
2025/4/2 16:08,10w[害羞],0
2025/4/2 16:08,车主要赔[九转大肠][九转大肠][九转大肠][九转大肠]车主现在最慌,0
2025/4/2 16:08,给钱不就直接承认小米有问题了吗 这件事在影响小米市值啊,1
2025/4/2 16:08,晚上下班时候有一段全黑的路，只敢开40，生怕那个sb，没事大半夜上路上溜达，路上全是泥头车唰唰的超车，就这样白天一年能见好几起事故,1
2025/4/2 16:08,下跪给钱？你这叫办法？别太离谱,1
2025/4/2 16:08,别搞[泪奔]我真的有十几万公积金[泪奔],0
2025/4/2 16:08,一样，我个人觉得电脑哪有自己的反应速度快，但是好多人觉得电脑的反应速度快[捂脸],0
2025/4/2 16:08,本来就是！,1
2025/4/2 16:08,哥，也给我一台[呲牙],0
2025/4/2 16:09,在抖音评论区可以完美活下来，现实生活中也可能活下来，实际大概率非死即残，最后那个撞击速度都那么快，人都能震云，还有评论区的傻子说人能保持清醒，说实话，正常人摔倒摔到头都能昏迷，更何况那么快的情况下的撞击力度,1
2025/4/2 16:09,那我零首付都敢上了[看],1
2025/4/2 16:09,你收到了 可以一万块 卖给我不,1
2025/4/2 16:09,@这个未来有点萌 @江湖游侠曹沫 @小舢板划呀划,0
2025/4/2 16:09,我吃饺子被噎死了，能找商家赔吗！,0
2025/4/2 16:09,目前是的[舔屏],0
2025/4/2 16:09,这应该是16亿种驾驶模式之外的，暂时还不支持的吧,0
2025/4/2 16:09,我收！,0
2025/4/2 16:09,十五万给我谁的不敢开了,1
2025/4/2 16:09,同行车企同行，股民网友又干架了[奸笑][奸笑][奸笑][奸笑],1
2025/4/2 16:09,某为：直接说我身份证吧,1
2025/4/2 16:09,那你不如买新车[思考],0
2025/4/2 16:09,我出5000,1
2025/4/2 16:09,对啊，女孩犯的错，为啥让父母承担啊，我没搞清楚,1
2025/4/2 16:09,不是晚上出车祸的吗 你这怎么白天？,0
2025/4/2 16:09,"我是纯越大考越不需要睡觉,去年考研凌晨3点多睡得",0
2025/4/2 16:09,现在都在加仓，还在收二手车呢,0
2025/4/2 16:09,圈粉儿的优点是盲目相信你，失粉儿的缺点是恶毒咒骂你。,1
2025/4/2 16:09,那个，问下小米ultra车主有害怕的么，我身上现金10.5w，蹲个害怕的老哥聊一下,1
2025/4/2 16:09,真的假的[思考],0
2025/4/2 16:09,连智驾都不是，su7标准版是毫米波雷达，顶多就是辅助驾驶，跟智驾完全两码事,0
2025/4/2 16:09,本来就是这样的 智驾也要随时盯着路况….. 夜晚 疲劳驾驶 高速行驶 开智驾 双手脱离方向盘 没得说 害人害己,0
2025/4/2 16:10,[捂脸],0
2025/4/2 16:10,主要是我是第一次知道出车祸能让车企赔钱的[捂脸],0
2025/4/2 16:10,我加10万零100,0
2025/4/2 16:10,“安全才是最大的豪华”[赞],0
2025/4/2 16:10,这一看就是自建房，肯定还是商品房安全，杜绝自建房[看],1
2025/4/2 16:10,哥们你扰乱市场价格是要踢出群的啊[你不大行],1
2025/4/2 16:10,不知者无所谓,0
2025/4/2 16:10,对对对，赶紧把口给封了，然后又可以吹车了,1
2025/4/2 16:10,个别车直接扣车标呢[看],0
2025/4/2 16:10,不是第一次吧，华为不是已经有一次了,1
2025/4/2 16:10,不是自己的问题，给钱等于找死！现在最简单有效的方法就是等调查结果，是谁的责任谁就承担责任就行了，没有那么麻烦,0
2025/4/2 16:10,听听课,0
2025/4/2 16:10,两年不叫社保，就可以提,1
2025/4/2 16:10,四驱的我出20W收，不能有事故,0
2025/4/2 16:10,去试驾一圈，比看任何的车评更有效,0
2025/4/2 16:10,因为想讹??，当然去找造车的了,1
2025/4/2 16:10,这有啥怕的[捂脸],0
2025/4/2 16:10,你这话说的，我6.6我吃点儿亏，收小米苏七。[看],0
2025/4/2 16:10,120油车爆炸的比例都不会太高[抠鼻]这个就是对比电车唯一的好处,0
2025/4/2 16:10,哪个牌子的房子，我要它ceo道歉[绝望的凝视][绝望的凝视][绝望的凝视][尬笑][尬笑][尬笑],1
2025/4/2 16:10,挺好，除了小米不行之外没有透露任何信息,1
2025/4/2 16:10,你这算盘我在湖北都听到了[看],1
2025/4/2 16:10,@尼古拉斯老王 @独归 @补药协调我的衣服啊 @我不敢吃辣 @范小勤与表哥乱来 顶配我8.88收了[绿帽子],1
2025/4/2 16:10,客服通知车主呀,0
2025/4/2 16:10,那另外两个女孩家人怎么办，白白损失女儿吗？[捂脸][捂脸],0
2025/4/2 16:10,今天英雄联盟连跪了 打算整理资料起诉腾讯了,1
2025/4/2 16:10,这没必要卷吧，统一价，每个人都有份,0
2025/4/2 16:10,不是这起，是我走高速遇到的,0
2025/4/2 16:10,写的什么玩意,1
2025/4/2 16:10,那我可以有15w [看] 我来，我贷款,1
2025/4/2 16:10,果然是尤物,1
2025/4/2 16:10,用人命商战？,1
2025/4/2 16:10,看过这图的视频,0
2025/4/2 16:10,要赖人了有些人，不怪车的问题[灵机一动],1
2025/4/2 16:10,没问题??,0
2025/4/2 16:10,没有儿女收入低的可以申请特困供养，生病住院报销比例90%以上，可以住廉租房[看],0
2025/4/2 16:10,这个是跑不了，无妄之灾,1
2025/4/2 16:10,我愿意出5w,0
2025/4/2 16:11,真的假的,0
2025/4/2 16:11,那你房子过户给我吧[看],1
2025/4/2 16:11,好的我努力收,0
2025/4/2 16:11,我一个 00 后都知道[我想静静] 汽车上智能、和电子元件越少越好开  越纯粹[我想静静],0
2025/4/2 16:11,租房可以提部分,0
2025/4/2 16:11,算盘珠子崩脸上了,1
2025/4/2 16:11,我一千谁不要给我[尬笑][尬笑][呲牙][呲牙][呲牙],1
2025/4/2 16:11,昨天不晒呀说施救者拉出门的时候太烫，拉不开嘛,0
2025/4/2 16:11,放你M狗P,1
2025/4/2 16:11,车企要负责每一场车祸吗？无论是不是智驾或者车主失误？,0
2025/4/2 16:11,我在想他们是在哪得出第一结论门打不开，三个女的当场撞晕撞死，这门咋开呀，还是说有路过的车辆去开了门结果打不开，导致车燃烧人救不出来，官方都没通报，结果全是车主和女方妈妈那边一个劲强调门打不开，他们又不在车上，这个事情反正理性看待吧，坐等最后通报结局,0
2025/4/2 16:11,12.11[奸笑],1
2025/4/2 16:11,我出11,0
2025/4/2 16:11,这两个人的建议，我建议以后还是别乱出建议了什么馊主意,1
2025/4/2 16:11,哥收了 6万卖我一台我自己从云南来提[看],0
2025/4/2 16:11,其实很多女大开车都有点初出茅庐，不太会开，很多路况都不熟悉，我也是女大，但是因为我爸教我的缘故我开车比较谨慎很多情况我都能应对，但是我同学就不行，上次她开车的时候上车第一件事就是问我哪个是刹车，哪个是油门[听歌][听歌][听歌][听歌],1
2025/4/2 16:11,多一百啦，多一百，十万零一百,0
2025/4/2 16:11,调查后车有问题肯定找啊，但没出结果前乱扯都是造谣,0
2025/4/2 16:11,被你们哄抬物价比原价都贵啦[流泪],1
2025/4/2 16:11,凭啥给钱那么多车事故，也没见别家车企给钱呢,1
2025/4/2 16:11,我多出点8.88,0
2025/4/2 16:11,6w[微笑],0
2025/4/2 16:11,听其言，观其行,0
2025/4/2 16:11,车主啥心态，明眼人都懂,1
2025/4/2 16:11,你搞到了我double跟你收[微笑],1
2025/4/2 16:11,我觉得回应的很合适。这种事故不调查清楚说不明白,0
2025/4/2 16:11,看股票都比看车好,0
2025/4/2 16:11,我9W,1
2025/4/2 16:11,小米在这场事故中应该是零责任包括质量问题，首先是智驾，它已经在提醒车子并且减速了，而车主接管后向左打方向然后轻踩刹车，这你还不如不接管呢，不接管最多就冲入施工道路，你接管把智驾挤掉就算了刹车舍不得踩方向盘也舍不得打，然后就是起火和开门，自己去看90km/h的碰撞测试吧，这个不想说,1
2025/4/2 16:11,"这个速度，基本上当场就去世了，而且后排没有系安全带。
起火都是在火化了。",1
2025/4/2 16:11,那个，我有12w[看],0
2025/4/2 16:12,好好好是是是对对对，不看路撞了怪车有问题是吧,1
2025/4/2 16:12,@从两暖,0
2025/4/2 16:12,说的有理,0
2025/4/2 16:12,揪着起火问题的就离谱[泪奔][泪奔]这涉及的不仅仅是小米了，涉及国家推广新能源车的安全问题了[捂脸],0
2025/4/2 16:12,换其他电车来都是这个结果,0
2025/4/2 16:12,我也是还没毕业就考呀[泪奔],0
2025/4/2 16:12,让他去告中国建筑看看他能不能被扬了,1
2025/4/2 16:12,@对晚风说早安_ 10w我真收啊,0
2025/4/2 16:12,没有调查结果就是造谣哈,1
2025/4/2 16:12,小米官方已经发公告了,0
2025/4/2 16:12,10万,0
2025/4/2 16:12,下跪？？？？？？？？？,1
2025/4/2 16:12,你想想把这事闹大谁是获利者？[看][看][看],1
2025/4/2 16:12,特斯拉董事长也没道歉啊,0
2025/4/2 16:12,不可能12万多卖的，那就真出事了。小米品牌也就消失了。和谐中庸ZZ平衡,1
2025/4/2 16:12,大数据筛选过的买电车的和进口品牌油车不是一个客户群,0
2025/4/2 16:12,笑死人了，去年雷军刚做车的时候发的微博，没想到人家车子这么爆款。然后刚好今年29号出个事故，你马上出来装神弄鬼了。又不是你今年328预测的……,1
2025/4/2 16:12,你这个算盘??我在贵州都听到了[泪奔],0
2025/4/2 16:12,吐槽一下这个行为，谁好人家自驾1000公里去考公[捂脸]，感觉就是没读什么要是我对手是这种我还读这么累干嘛,1
2025/4/2 16:12,哥 我也蹲一台,0
2025/4/2 16:12,好好好[看]12.111 我最大的让步,0
2025/4/2 16:12,招笑,1
2025/4/2 16:12,有没有刚买不敢开还没事故的，我吃点亏2万收了。[比心][比心][比心][比心],0
2025/4/2 16:12,你出事了你不去问警察要详细调查，你要雷军给你什么详细的说法？真是太搞笑了吧,1
2025/4/2 16:12,90多的车速，谁能快速反应[捂脸],0
2025/4/2 16:12,有什么害怕的,0
2025/4/2 16:12,你们外省不是很多有钱人吗,1
2025/4/2 16:12,副备级。,0
2025/4/2 16:12,但是肇事者的家人也很无辜啊，女孩成年了，自己犯的错怎么能转移到别人身上,0
2025/4/2 16:12,太吓人 我出11万,0
2025/4/2 16:12,100码撞水泥墩  和100追尾别的车是两个概念  一个瞬间停止  一个是前车可以卸力 和向前移动,0
2025/4/2 16:12,那直接特斯拉啊 等啥,0
2025/4/2 16:12,对手没这个闲空，你猜猜到底是谁[憨笑],0
2025/4/2 16:12,我出9.9,0
2025/4/2 16:12,回复@菲特T哈诺温:你说不是就不是吧。把车主换成驾驶员。,1
2025/4/2 16:12,我在这晚上都不敢120[看],0
2025/4/2 16:12,那确实得起诉了[捂脸][捂脸][捂脸][看],0
2025/4/2 16:12,如果这个建议有用，给建议的人就不会在这给建议了,1
2025/4/2 16:12,让你捡上漏了,0
2025/4/2 16:13,哦,0
2025/4/2 16:13,斗地主都不敢点托管,0
2025/4/2 16:13,小米都炸了，你换其他电车来一样,1
2025/4/2 16:13,也给我留一台啊哥[灵机一动],0
2025/4/2 16:13,不需要[看],0
2025/4/2 16:13,拉倒吧，删了三天捂不住了,1
2025/4/2 16:13,我最多出五百，穷学生没钱[奸笑],0
2025/4/2 16:13,很多女孩相亲不就是这样这样介绍自己吗？[捂脸],0
2025/4/2 16:13,那我砸锅卖铁都得整了,1
2025/4/2 16:13,前两天在花乡这边撞的那个女司机就是你吗,1
2025/4/2 16:13,还是这句话[憨笑][憨笑],0
2025/4/2 16:13,这算个啥建议小米不需要破局，这个是公事公办他输不了。本身就是错误使用智驾，而且带点危险驾驶的性质了，还搁这碰瓷呢,1
2025/4/2 16:13,说的是人话吗,1
2025/4/2 16:13,昨天看抖音喝水被呛了，明天我准备去告抖音和自来水厂,1
2025/4/2 16:13,大??。海军，小心报警抓你造谣。我们被人黑惨了,1
2025/4/2 16:13,但是我感觉他的车有问题,0
2025/4/2 16:13,晚上没车没摄像头的地方我都是150,0
2025/4/2 16:13,人家都说是出去准备第二天考的,0
2025/4/2 16:13,问界当时不是全问候华为的吗，怎么就第一次听说,1
2025/4/2 16:13,44了[捂脸][捂脸][捂脸],0
2025/4/2 16:13,抱有的,0
2025/4/2 16:13,我加5万,0
2025/4/2 16:13,池州是30号，有爆出的聊天记录（不知道真假，她确实是去参加池州的考试）,0
2025/4/2 16:13,小米造车前可不是这么说的,1
2025/4/2 16:13,@伪念 @Absinth @L木子 [憨笑],0
2025/4/2 16:13,[看]哄抬物价是吧。明天4万了。我明天收,1
2025/4/2 16:14,不好好读书   交男朋友   不买丰田油车   买什么电车 我服了,1
2025/4/2 16:14,我出20[看],0
2025/4/2 16:14,有错就承认，没错就硬刚，真诚才是必杀计,0
2025/4/2 16:14,装x摔了一次，现在自行车也不敢了[泣不成声],0
2025/4/2 16:14,[泪奔]哪个车企的车没出过死亡事故[泪奔],0
2025/4/2 16:14,扰乱市场[酷拽][酷拽][酷拽][酷拽],1
2025/4/2 16:14,评论区别内卷了，统一价6万6,0
2025/4/2 16:14,这算盘打得，ultra的话 我跟你抢 我出35w[泪奔],0
2025/4/2 16:14,有一年我种了很多的麦子，麦子长得又大又圆，于是我叫麦子做成了大白馒头，别人都夸我的麦子种的好。直到有个人吃馒头的时候噎死了，于是我再也不敢勤勤恳恳的种麦子了。,0
2025/4/2 16:14,@红涂涂之夫,0
2025/4/2 16:14,做啥？,0
2025/4/2 16:14,收到给我一台（我出8万）,0
2025/4/2 16:14,四川手机报之前没给你发过短信吗？,0
2025/4/2 16:14,低价买车[看],0
2025/4/2 16:14,智驾只是辅助方向盘最好还是掌握在自己的手中才放心,0
2025/4/2 16:14,人家凭什么给你下跪，你特么走路摔死了难道还要叫修公路的人陪你钱吗，告你诽谤罪敲诈勒索罪,1
2025/4/2 16:14,租房提取[看]每个月有额度,0
2025/4/2 16:14,应该是约会去了,0
2025/4/2 16:14,关键是门打不开,0
2025/4/2 16:14,我出五万，要求九九新的[看][看],1
2025/4/2 16:14,[黑脸]有点意思,0
2025/4/2 16:14,肇事者家长肯定是要赔偿一部分的，这个是毋庸置疑的,0
2025/4/2 16:14,[看]我和我媳妇已经梭哈小米的股票了,0
2025/4/2 16:14,支持[赞],0
2025/4/2 16:14,离职一年以后就可以提了[看],0
2025/4/2 16:14,去年问界也是,0
2025/4/2 16:14,地方规定都不一样，我这每年可以取2次一次1万5,0
2025/4/2 16:14,这就是商战啊[捂脸],0
2025/4/2 16:14,手机厂商也有责任[看],0
2025/4/2 16:14,我出两万一[微笑],0
2025/4/2 16:14,宣传的时候可不是这么说的,1
2025/4/2 16:14,自己试驾啊，担心这担心那,0
2025/4/2 16:14,首当其冲使用有误[看],0
2025/4/2 16:14,想要赔偿呗,1
2025/4/2 16:14,@岁月渐深 [泪奔],0
2025/4/2 16:14,5w 我也要贷款了[憨笑],0
2025/4/2 16:14,不是⑤万吗？别抬价啊。[暗中观察][暗中观察],1
2025/4/2 16:14,我13万不过要yu7[看][看][看][看],0
2025/4/2 16:14,@??飞雪?? 这就是为什么我不让宝宝开定速巡航,0
2025/4/2 16:15,他认识你吗，为什么一定要接你电话，矫情 做作,1
2025/4/2 16:15,一万，我直接弄两台玩玩,0
2025/4/2 16:15,[泪奔]是啊 没道歉啊 其他出车祸的车企也没董事长出来道歉啊,0
2025/4/2 16:15,我出十万一千 你别加了,1
2025/4/2 16:15,那就找小米？[捂脸],0
2025/4/2 16:15,就是看赔多少的问题,0
2025/4/2 16:15,应该是试试水 就当玩的心态去的 但又不上不下偏偏晚上赶路 多少是个人才[听歌],0
2025/4/2 16:15,哈哈哈。考研版，考公版，考编版，准备买房，准备买车。。[呲牙][呲牙],0
2025/4/2 16:15,主动安全，被动安全，真的只能存在PPT吗,0
2025/4/2 16:15,现在已经可以提前了[看][看],0
2025/4/2 16:15,那我可要绑我那些有车的兄弟了[坏笑][坏笑][坏笑],1
2025/4/2 16:15,这说得没问题,0
2025/4/2 16:15,嗯，加油,0
2025/4/2 16:15,既然达不到标准就叫辅助驾驶，别叫什么智驾打擦边球。,0
2025/4/2 16:15,笑死，都怪车企，有辅助驾驶，给了我开车玩手机的机会,1
2025/4/2 16:15,谁告诉你的[捂脸][捂脸][捂脸]，每个月都可以提的，不交全部可以提，社保不行,0
2025/4/2 16:15,给了钱还能不往外说，想啥呢？,1
2025/4/2 16:15,我的ultral买不买[呆无辜],0
2025/4/2 16:15,为什么要造车，造手机做精即可,0
2025/4/2 16:15,我也要起诉，加我一个,1
2025/4/2 16:15,啊??！还好我买不起车[绝望的凝视],0
2025/4/2 16:15,不需要呀  都可以正常提现的,0
2025/4/2 16:15,收了加我2w我也要一台,0
2025/4/2 16:15,我10万收[呲牙],1
2025/4/2 16:15,真相了柯南君,0
2025/4/2 16:15,对对对[捂脸],0
2025/4/2 16:15,华为问界被骂的还少吗，真的不少了[捂脸][捂脸][捂脸],0
2025/4/2 16:15,帮我带一台[看],0
2025/4/2 16:15,那直接孩子去提现了捏[愉快],0
2025/4/2 16:16,肯定的，不然一个车祸，哪有那么大的热度[捂脸],1
2025/4/2 16:16,90多码的速度撞上水泥墩，车还能保持框架完整，这质量已经够硬了。我同事开xx品牌的电车65码用副驾驶位撞上水泥墩，副座和后面人都没了，太惨了,1
2025/4/2 16:16,那你现在种的是什么麦子[看],0
2025/4/2 16:16,开高了。人家都3.3万收了[看],0
2025/4/2 16:16,[灵机一动]我也想收一台,0
2025/4/2 16:16,留我一台[送心],0
2025/4/2 16:16,不幸中的万幸是只撞到了桩，要是在白天追尾了简直无法想象后果。,0
2025/4/2 16:16,小米5S，5W出了[抱抱你],0
2025/4/2 16:16,到底是谁对生命没有敬畏之心？？别逼我骂死人啊,1
2025/4/2 16:16,你比友商狠[赞],0
2025/4/2 16:16,有的人就是不听呀，就是叛逆心态，越让他不要做，他就越要做,1
2025/4/2 16:16,那我网卡岂不是可以起诉电信了[看],0
2025/4/2 16:16,太可怕了，以后你们一定不敢开了吧，这样吧我吃点亏5万块收一辆su7，15万收一辆su7ultra,1
2025/4/2 16:16,收多两台给我一台[大笑],0
2025/4/2 16:16,回复@调配贴:有这时间来杠不如去查一下数据,1
2025/4/2 16:16,哈哈，我晚上前半夜九十左右，后半夜服务区睡觉，白天基本上平均120-130，夜里视野盲区大。除非常走的高速。知道路况，敢搞快点,0
2025/4/2 16:16,有些人喜欢开夜车就是因为晚上好出路，但是也不敢把速度提太高，智驾更是不可能的。这就好比上次无人驾驶后排看视频那个事情，交警要是不逮他，指不定出个什么事。,0
2025/4/2 16:16,雷总在我心里和蜜雪冰城地位一样[黑脸]我不管那么多,1
2025/4/2 16:16,可以可以[赞],0
2025/4/2 16:16,包涨的啊，4.17手机发布会，可能会有玄戒芯片,0
2025/4/2 16:16,小米如果赔偿就完了,1
2025/4/2 16:16,我想知道油车97码撞水泥桩，会不会起火,0
2025/4/2 16:16,@秋叶,0
2025/4/2 16:16,给钱就是说明自己有问题，那就是等着被告死,1
2025/4/2 16:16,我要卖房了啊[看],0
2025/4/2 16:16,贾跃亭的车，应该还没人买[看],0
2025/4/2 16:16,这就是企业口碑的作用了,0
2025/4/2 16:16,辞职可以辞职秒提[泪奔],0
2025/4/2 16:16,我也蹲一手,0
2025/4/2 16:16,挑软柿子捏呗，人死了，剩下的就是看怎么让自己财富自由了！,1
2025/4/2 16:16,你看这个[泪奔],0
2025/4/2 16:16,支持[憨笑][玫瑰],0
2025/4/2 16:16,抖音不卖车  去店里,0
2025/4/2 16:16,怎么跟[流泪][流泪],0
2025/4/2 16:16,我出10万,1
2025/4/2 16:16,我也想收一台,0
2025/4/2 16:16,自行车没有方向盘，因为那个不是盘[看],0
2025/4/2 16:16,[黑脸]害怕的车主要是五万想出一辆小米苏7??，可以尽情艾特我,1
2025/4/2 16:16,没买房的话，租房子也可以提取,0
2025/4/2 16:16,标准版用的比亚迪电池没倒置,0
2025/4/2 16:16,@尘雨,0
2025/4/2 16:16,16w我收[暗中观察],0
2025/4/2 16:17,？给对象买了车然后还需要担责？,0
2025/4/2 16:17,哥，收了洗干净卖我一辆，我可以6万5,0
2025/4/2 16:17,我出6W！,0
2025/4/2 16:17,多少钱[看],0
2025/4/2 16:17,不一定 站在那个角度  是人都会找承担责任的一方  有过失的一方,0
2025/4/2 16:17,我一个老司机，定速巡航都不敢用,0
2025/4/2 16:17,我8.81w[微笑],0
2025/4/2 16:17,讲真的，我能接受的最高价是十五个。[捂脸],0
2025/4/2 16:17,斗地主我都不敢托管[你不大行],0
2025/4/2 16:17,考研提前两天到学校附近[流泪],0
2025/4/2 16:17,每年车祸死那么多人，时速90以上撞车人估计晕了，记得林志颖当时车祸起火是被路过人退出车子，不然也惨了。车祸猛于虎，愿开车在途朋友皆。平平安安,0
2025/4/2 16:17,感觉她妈妈和她男朋友没有那么悲痛欲绝[听歌],1
2025/4/2 16:17,我出5.01万[捂脸],0
2025/4/2 16:17,保险公司测试都只有六十，九十七大慨率当场挂,1
2025/4/2 16:17,好的，?,0
2025/4/2 16:17,有报告该怎么抓车企的责任[钱],0
2025/4/2 16:17,就是，也没见科比家里人找飞机厂家啊[捂脸],1
2025/4/2 16:17,哥您可不能委屈了9.2w给小弟吧[流泪],0
2025/4/2 16:17,那我真的要拿下了[捂脸],0
2025/4/2 16:17,我出13W,0
2025/4/2 16:17,一下少了三个对手[玫瑰],0
2025/4/2 16:17,"你回答我个问题，上次给华为送那个店送货员把货弄坏了，为啥不去找闪送，而去找店员
那次尊界发布会上那个车主不找租车行也不找测试公司，为啥找华为等等其他的",1
2025/4/2 16:17,我可以用我的univ和他换，我是纯油[看][看],1
2025/4/2 16:17,小米的公关很及时也体现了大企业的担当,0
2025/4/2 16:17,哄抬物价，打出去[打脸],1
2025/4/2 16:17,说到做到，如果不是等着进去吧，要么就赔钱[看],1
2025/4/2 16:17,借车保险公司不陪的,0
2025/4/2 16:17,慰问金该给多少，几万？几十万？几百万？慰问金本质几万或者十几万差不多了，你觉得家属能同意这些钱吗？她们打心底接受“只有”几万或者十几万的慰问金吗？,0
2025/4/2 16:17,不是什么都是商战，人是有感情的,0
2025/4/2 16:17,电池最值钱,0
2025/4/2 16:17,细思极恐,0
2025/4/2 16:17,租房也能提啊 一年一次,0
2025/4/2 16:17,拉倒吧 作为消费者来说 这样的操作就意味着他自认自家产品有问题 谁还敢买,1
2025/4/2 16:17,人性是贪婪的,0
2025/4/2 16:17,@仓鼠饲养员??.??? 中肯的，一针见血的[黑脸],1
2025/4/2 16:17,洛阳有谁怕的，不挑版本我要了，19999交个朋友[看],0
2025/4/2 16:18,万一有个胆小有车想卖的呢,0
2025/4/2 16:18,谁的小米不要了，我8万收，全部现金,0
2025/4/2 16:18,租房也可以取哇,0
2025/4/2 16:18,这个节骨眼上出事，YU7马上要预售，我只能说希望不是这样！！  逝者无辜！！,0
2025/4/2 16:18,快去找房地产开发商[憨笑],0
2025/4/2 16:18,你懂什么就搁这叫,1
2025/4/2 16:18,我10.1[看],0
2025/4/2 16:18,看我雷总善良，太火！别搞我雷总,0
2025/4/2 16:18,不用啊，离职半年也可以取[笑哭],0
2025/4/2 16:18,如果有人用你的馒头杀了人，那你就是制作武器,1
2025/4/2 16:18,我收5000就行[看],1
2025/4/2 16:18,甚至有些二手价格更高[捂脸],0
2025/4/2 16:18,@叮小当,0
2025/4/2 16:18,小米股票怎么买啊 [苦涩][苦涩] 现在下场好时间,0
2025/4/2 16:18,嫌弃的都是没车的,1
2025/4/2 16:18,纯脑残，别理,1
2025/4/2 16:18,蹭热度也挑事吧,1
2025/4/2 16:18,那我8.8w,1
2025/4/2 16:18,特斯拉是因为查出了车子的质量问题，这一次小米的车还没有查是什么问题，就去指责制造商,1
2025/4/2 16:18,@麦子先生,0
2025/4/2 16:18,这种借车出事故，车主要担责任的，她妈一直强调车辆归属问题，大概率是不敢把男朋友家里扯进来，极大概率男朋友家里有点背景,1
2025/4/2 16:18,我斗地主都不敢托管，生怕剩两王给我单出了。,0
2025/4/2 16:18,电车起火都这样，小米算好的了,1
2025/4/2 16:18,昨天晚上就出来了 你是不看的嘛,0
2025/4/2 16:18,@挽宸 收一个[九转大肠],0
2025/4/2 16:18,那我8.8要一个max版不过份吧[流泪][流泪],0
2025/4/2 16:18,我加一百,1
2025/4/2 16:18,借楼，俺也一样,0
2025/4/2 16:18,你都这么说了 当哥的怎么能让老弟受委屈 这委屈还是哥来承受吧[灵机一动],0
2025/4/2 16:18,十万估计网约车遍地了[捂脸]，15万都遍地是小米,0
2025/4/2 16:18,那是针对本地户口的,0
2025/4/2 16:18,[捂脸],0
2025/4/2 16:18,我直接和他换车，我车刚买一年半[看]纯油轿跑,0
2025/4/2 16:18,你卷你[尬笑],1
2025/4/2 16:19,极狐[捂脸],0
2025/4/2 16:19,我减10w收了[送心],0
2025/4/2 16:19,我老泰山弗兰克晚上我可要把他带到国道上散步了。,0
2025/4/2 16:19,我就好奇她为什么能以那么快的速度撞上水泥柱呢 开车的时候都不看路况吗 前方修路不知道减速慢行吗,1
2025/4/2 16:19,谁有小米su7，因为这个事不敢开的，我出10万接[舔屏],1
2025/4/2 16:19,哥，我10万在你这预定一台,0
2025/4/2 16:19,内容不宜公开[看],1
2025/4/2 16:19,敢给钱？不可能给钱的，给钱事就大了,1
2025/4/2 16:19,那我先用我的小零换，不给换就给五万块吧,1
2025/4/2 16:19,她女儿还带了俩朋友啊，给这两个朋友的家属赔钱肯定是开车的赔了，保险是不会赔的,1
2025/4/2 16:19,[泣不成声]我就是，这次省考没有提前去，好死不死失眠了，第二天看题目都费劲,0
2025/4/2 16:19,现在买小米股票，等处理好这件事股票又疯涨的,0
2025/4/2 16:19,绝对不能给钱，以闹取胜讹人讹钱太恶劣了。之前好心路人搀扶老人反倒被家属讹上的事情太多了，搞得社会风气太差了！以后我们被讹上咋整，人小米有钱赔，我这种底层这辈子都毁了,1
2025/4/2 16:19,证书上是自己的名，这算是出借,0
2025/4/2 16:19,考公是借口   出省和小姐妹自驾游才是目的,1
2025/4/2 16:19,@U,0
2025/4/2 16:19,肯定有啊，某些厂商都已经恨死军了，做梦都想搞死[看][捂脸],1
2025/4/2 16:19,"借用上面那个答复，你回答我个问题，上次给华为送那个店送货员把货弄坏了，为啥不去找闪送，而去找店员
那次尊界发布会上那个车主不找租车行也不找测试公司，为啥找华为等等其他的",1
2025/4/2 16:19,我7w,0
2025/4/2 16:19,下跪就太扯了,1
2025/4/2 16:19,是的，其心至暗啊,1
2025/4/2 16:19,那我可要新车置换了[看],0
2025/4/2 16:19,后面那俩肯定没系安全带，大概率无,1
2025/4/2 16:19,广东事业编是 30 号下午,0
2025/4/2 16:19,哎哎哎，怎么这样说呢[看],0
2025/4/2 16:19,还用猜,1
2025/4/2 16:19,天下都没你聪明呢，别人公关团队吃闲饭的，都不如你这个键盘侠，,1
2025/4/2 16:19,我出五万,1
2025/4/2 16:19,我便宜点，我三万收，毕竟这玩意危险[看],1
2025/4/2 16:19,加一[看],0
2025/4/2 16:19,人家都五万，十万的，你出一万[捂脸][捂脸]，我不管我出十五万，一笔成交[看][看],1
2025/4/2 16:19,我也想起诉了，现在的英雄联盟中路的法师要去选辅助，辅助要打输出选脆皮，而射手气不过选择了中路小法，导致下路两个法师出了辅助装，而打野天使选择出了物理输出装想要力挽狂澜，上单刀妹已经崩溃想投降。一起起诉腾讯吧！[微笑],0
2025/4/2 16:19,公里数不高  没出过险  20w,0
2025/4/2 16:19,我也[舔屏],0
2025/4/2 16:19,因为池州是单招[微笑] 很多外地人来考,0
2025/4/2 16:19,你别太卷了[看],1
2025/4/2 16:19,我打三角洲连跪四把撤离失败，我准备起诉腾讯公司了[看],1
2025/4/2 16:19,那你太胆小了,1
2025/4/2 16:19,金光闪闪的五个字,0
2025/4/2 16:19,因为智驾现在是卖点,0
2025/4/2 16:20,我晚上高速80-90 不仅为了我自己的安全也得为了乘客安全，并且我会要求乘客系好安全单[看],0
2025/4/2 16:20,已经降到 3 万了啊，那我出 2.99 万收[九转大肠],0
2025/4/2 16:20,可以通过其他手段提出来。跟以前不一样了,0
2025/4/2 16:20,又一个不怕死的,1
2025/4/2 16:20,不辞职也可以提,0
2025/4/2 16:20,买升  涨了分一点 [看],0
2025/4/2 16:20,系了安全带，颈椎也受不了的。,0
2025/4/2 16:20,那那种卖厨具的也不用卖了[呲牙],1
2025/4/2 16:20,97速度可以活，你看车架都没有怎么变形,0
2025/4/2 16:20,不可能开这个先例的,0
2025/4/2 16:20,应该去告发明火种的人[看],1
2025/4/2 16:20,没有一点对死者都怜悯之心,1
2025/4/2 16:20,我楼下修车店一块锂电池半夜凌晨爆炸。卷帘门都炸飞了，后院里停了几辆车都烧光了。包括我的[泪奔][泪奔][泪奔],0
2025/4/2 16:20,100??，我觉得那三个人应该是先晕了或者是直接就被撞死了,1
2025/4/2 16:20,人家安徽白天已经考了，你晚上去考个啥[尬笑],1
2025/4/2 16:20,[看]现在低价买，等后面随便赚,0
2025/4/2 16:20,回学校查查成绩就完事了,0
2025/4/2 16:20,装修也可以的,0
2025/4/2 16:20,谁的小米不敢开了 我无五万收 收两辆[流泪],0
2025/4/2 16:20,带节奏的不一定是小米，键盘侠可以站在任何一边。生命是自己的，要对自己负责。,0
2025/4/2 16:20,聪明啊,0
2025/4/2 16:20,那你收到了多了匀我一台[泣不成声],0
2025/4/2 16:20,[看][看][看],0
2025/4/2 16:20,15.9w,0
2025/4/2 16:20,小米香港上市的，,0
2025/4/2 16:20,我可以15万收[不失礼貌的微笑],0
2025/4/2 16:20,牛啊牛啊,0
2025/4/2 16:20,我跟你一样想的哈哈哈哈哈哈,0
2025/4/2 16:20,知道宁洛高速吗,0
2025/4/2 16:20,我7万收[暗中观察],0
2025/4/2 16:20,不是说115吗？,0
2025/4/2 16:20,那个建议绝对就是坑小米的，不对外说才是败笔中的败笔，下策中的下下策,1
2025/4/2 16:20,说实话这个东西真没必要，去年的问界，今年的小米，好像每一个新能源车型出事都会在网上掀起惊涛骇浪一样[发呆],0
2025/4/2 16:20,我也要一台,0
2025/4/2 16:20,特斯拉肯定不是，因为小米没出来的时候，特斯拉是上一个被集火的[看],0
2025/4/2 16:21,最后一手牌才托管,0
2025/4/2 16:21,哈哈哈[阴险],1
2025/4/2 16:21,@塵灬心 [捂脸],0
2025/4/2 16:21,哥留一台,0
2025/4/2 16:21,不能当全智能，太危险了,0
2025/4/2 16:21,他们说是去池州，那里是30日考试,0
2025/4/2 16:21,买车也可以提公积金，如果名下没有房子的话 我们这面的标准是 每年可取26000 左右,0
2025/4/2 16:21,上一次还是问界m7，我是第好几次，你真的第一次？[看],0
2025/4/2 16:21,我要趁谣言四起，去买小米的股票了[灵机一动]，后面反转绝对开门,0
2025/4/2 16:21,带[捂脸],0
2025/4/2 16:21,如果考公去其他省份，我会选择坐高铁/火车/飞机，为了有更好的精神去准备考试，而不是开车累的半死半夜到了起早去考试，那是纯陪跑,0
2025/4/2 16:21,不是1999吗,0
2025/4/2 16:21,[捂脸][捂脸]。,0
2025/4/2 16:21,[泪奔][泪奔][泪奔],0
2025/4/2 16:21,所以说我就想问一下，其他企业出事的时候为啥没有这么多人帮忙说话？都直接去喷别人。,1
2025/4/2 16:21,港股，你买不了,0
2025/4/2 16:21,那个，我可以交两个……,0
2025/4/2 16:21,有su7的人都保持沉默，没车的都在担心以后买su7能不能保证安全[捂脸],0
2025/4/2 16:21,29号考公结束，29号夜里开车去考公,0
2025/4/2 16:21,核心问题难道不是说车门打不开吗？怎么转移矛盾点了[憨笑],0
2025/4/2 16:21,给不起啊 天天出事故 保险公司续保都难 修车排长队,0
2025/4/2 16:21,行归你了,0
2025/4/2 16:21,妈呀，我下证比她女儿时间长，我也开过高速，开高速的时间比她还长，我爸还得跟着了我爸跟着的情况下我晚上的高速都不敢这么开，大车多，视线差，哪敢开智能,0
2025/4/2 16:21,抖音真是个好地方，甚至能让我在评论区看到拍卖会[看],0
2025/4/2 16:21,我买的公积金随时能提出来啊，不过我买的灵活公积金，可能不太一样,0
2025/4/2 16:21,算你狠[流泪],1
2025/4/2 16:21,但是小米智驾不是卖点啊,0
2025/4/2 16:21,能杀人的那是五仁月饼[撇嘴],1
2025/4/2 16:21,可以可以,0
2025/4/2 16:21,港股,0
2025/4/2 16:21,@欢喜 @我也不太了解她 @冰糖 @εTi?ngз,0
2025/4/2 16:21,走网络程序是这样的[憨笑],0
2025/4/2 16:21,一分钟钢铁侠来了都要丢200,1
2025/4/2 16:21,汽车走的就是手机当年的路线，众多车企比拼最后都会淘汰只会剩下几个站稳脚跟,0
2025/4/2 16:22,因为是我自己拼的呀,0
2025/4/2 16:22,29中午就考完了，29晚上连夜上哪考公[看],0
2025/4/2 16:22,没毛病，雷总还是太亲民了,0
2025/4/2 16:22,@罗密欧与猪过夜,1
2025/4/2 16:22,你想得美啊[笑哭],1
2025/4/2 16:22,这人倒也知道给钱会造成社会不良风气、会扰乱市场。那为什么要给钱、要培养不良风气？ 现在已经遇到车祸就找车企了好吗，不良风气已经有了，不该拨乱反正吗？,1
2025/4/2 16:22,前排应该直接晕了，后排应该直接死了。之前这种案例就有，能救回来的一般是前排,1
2025/4/2 16:22,这样吗，那我出4.8,0
2025/4/2 16:22,这是另一方面，是现在总报道家属咋滴咋滴，所以觉得不对劲。因为我也是相关行业[捂脸],0
2025/4/2 16:22,你要是离职可以取出来,0
2025/4/2 16:22,你想夸他，他怎样做你都会夸他，但是不代表他就做得好做得对,1
2025/4/2 16:22,他是为了少赔偿其余两位乘车员的家属，茅头对准小米，要是打官司，乘车人的家属放不过这个女司机和车主。,1
2025/4/2 16:22,还有网络的四大运营，以及电脑主机厂家电脑显示器键盘鼠标音响厂家，以及桌子椅子厂家都起诉一下[调皮],1
2025/4/2 16:22,没错，辅助驾驶。不是让车自己开的[捂脸],0
2025/4/2 16:22,还是人靠谱一点,0
2025/4/2 16:22,刚买的林肯换，不求u，求顶配[看],1
2025/4/2 16:22,不知道你们说他销量真的是假的，我路上一辆都没看到[流泪][流泪][流泪][流泪],1
2025/4/2 16:22,所以呢？,0
2025/4/2 16:22,不要啊，那我打算把刚买一年半的车给卖了[捂脸],0
2025/4/2 16:22,我7年，没咋开过车，想买属于自己的第一辆车，我出10万零八千八百八十八，让我来看看怎么个事儿[看],0
2025/4/2 16:22,很实际了，也很现实了，简直了[捂脸],0
2025/4/2 16:22,包的,0
2025/4/2 16:22,百分百啊，现在哪个对手看到小米的都会投抖+,0
2025/4/2 16:22,看看吧，很车真没关系,0
2025/4/2 16:22,[泪奔]池州好像是30号考,0
2025/4/2 16:22,这图真的[黑脸],1
2025/4/2 16:22,我也不敢[捂脸],0
2025/4/2 16:22,因为保险爆不了太多金币，车企要是主责那可太值钱了[看],0
2025/4/2 16:22,不要扰乱市场，我出9.1W[看],0
2025/4/2 16:22,警方、法律:发生重大事故，私底下和当事人沟通，并达成和解，第一时间就把雷军捉喽，不要不懂法还违法好吧，这事违法的。,1
2025/4/2 16:22,[尬笑]投毒欧美嘛,1
2025/4/2 16:22,不许加价，我们都是10w收的[看],0
2025/4/2 16:22,不是96说116码,0
2025/4/2 16:22,哈，哈哈。,0
2025/4/2 16:22,@?? 哈哈哈哈,0
2025/4/2 16:22,@科技新一 大哥，上墙了,1
2025/4/2 16:22,嘿，你注意点，算盘珠珠崩到我了,1
2025/4/2 16:22,推不推，都改变不了这个事实啊。谁让小米这么火呢！悠着点慢慢发展，把工作做好，把安全放在第一位很难吗？你看沃尔沃多安全，少赚点少卖点又不亏[看],0
2025/4/2 16:22,好搞笑“你车爆了，快停车”哈哈哈哈哈哈哈哈哈哈哈哈哈,1
2025/4/2 16:22,全省29号考公，唯独池州30号考，也是赶上运气不好,0
2025/4/2 16:22,你别扰乱市场，8.8就8.8,1
2025/4/2 16:23,我10w零一块收10台[色][色],1
2025/4/2 16:23,[流泪]那我辛苦一下收一辆好了,0
2025/4/2 16:23,有没有后悔买的，我8w收,0
2025/4/2 16:23,@卿卿 哈哈哈哈哈哈先骂你,1
2025/4/2 16:23,全国每年至少上万车祸吧，难道都找车厂？,0
2025/4/2 16:23,"当初林志颖的那个特斯拉也是直接被撞晕了被抬下车的，人家可是赛车手，车技不比这大学生好吗？
这三女生没被撞晕才不正常，特别是后排没系安全带的那俩人，正常急刹车惯性都很大，更别说没刹住车撞上去的这种情况。",1
2025/4/2 16:23,提醒了不要双手离开方向盘[绝望的凝视],0
2025/4/2 16:23,千匹马力市区闯，1秒50米真是爽，直道王，弯道亡，撞人撞树又撞墙，他就是，速度信仰的头七郎。,1
2025/4/2 16:23,@Hanz,0
2025/4/2 16:23,我特么直接销户提出来！,1
2025/4/2 16:23,倒反天罡，我 5 万 5,1
2025/4/2 16:23,看命,0
2025/4/2 16:23,哦OK,0
2025/4/2 16:23,不需要啊，我直接可以提，预约就行[白眼],1
2025/4/2 16:23,[捂脸],0
2025/4/2 16:23,不好说，进攻雷的冲击力也可以隔着墙把人震死,0
2025/4/2 16:23,做馒头面没发好蒸熟，放干很硬的，和石头一样[偷笑],0
2025/4/2 16:23,好像就是浙江有一个30号的事业单位联考,0
2025/4/2 16:23,同收，楼主优先[捂脸][捂脸][捂脸],0
2025/4/2 16:23,我10W,1
2025/4/2 16:23,收了我也要记得联系我,0
2025/4/2 16:23,和当时的特斯拉比，现在小米遭受的真是毛毛雨[捂脸],0
2025/4/2 16:23,池州事业编是单招的，不参加联考，时间就定在联考第二天，3.30,0
2025/4/2 16:23,这种事情等结果就好了。小米也完全不需要粉丝去维护，他们有自己的法律团队，而且即使是小米需要承担责任，那就承担好了，天也不会塌。过早的把责任推给厂商或者是撇清责任，其实都是不负责任的。,0
2025/4/2 16:23,这就是格局[比心][比心][比心],0
2025/4/2 16:23,我15w,0
2025/4/2 16:23,去看看评测，60多脖子就断了[泪奔],0
2025/4/2 16:23,看似破局实则反串,1
2025/4/2 16:23,星期一考试，星期六晚上出发的,0
2025/4/2 16:23,女大、考公，这些都是渲染气氛的点,0
2025/4/2 16:23,我都没细了解，我相信雷总口碑,0
2025/4/2 16:23,万一人家是考完回家嘞[看],0
2025/4/2 16:23,@杨枝甘露有点甜,0
2025/4/2 16:23,我10万十全十美,0
2025/4/2 16:23,我出六万,0
2025/4/2 16:23,我出4万,0
2025/4/2 16:23,[不失礼貌的微笑]找小米要钱的目的不要太明显，另外两个女生最无辜,1
2025/4/2 16:23,接,0
2025/4/2 16:23,采矿的也要抓起来[偷笑],1
2025/4/2 16:23,哥，你去收，我多加2万跟你买[暗中观察][暗中观察],0
2025/4/2 16:23,30号是安徽省教师编统考,0
2025/4/2 16:23,@那你看,0
2025/4/2 16:24,哥，有多的给我匀一台[看],0
2025/4/2 16:24,自信些,0
2025/4/2 16:24,我出 10 个[捂脸],0
2025/4/2 16:24,还有俩个女生要他们赔钱的啊,1
2025/4/2 16:24,你给这么高,0
2025/4/2 16:24,啊  不是5万吗[白眼],1
2025/4/2 16:24,他是车主，他要承担主责赔偿。,0
2025/4/2 16:24,哈哈哈，轮子各跑各的，这样说的话，连最基础的测试都过不了，你认为会让上市售卖？跑起来一左一右跟喝多了一样的车能加速快？带点脑子都知道不可能的事,1
2025/4/2 16:24,我建议小米雇用这个网友去给家属下跪，让家属抽他大嘴巴子,1
2025/4/2 16:24,哈哈哈,0
2025/4/2 16:24,《抽象》,0
2025/4/2 16:24,港股 现在估计又涨了,0
2025/4/2 16:24,去年看到奇瑞别出车祸多少码人不是好好的吗,1
2025/4/2 16:24,那我直接买了[困],0
2025/4/2 16:24,为什么不把电池用防止燃烧的材料包起来，直接露出来每次出事就车毁人亡,1
2025/4/2 16:24,可以提取，以前我去外省打工，一年5000多公积金，我辞职全提出来了,0
2025/4/2 16:24,房子没可比性，不是整体，起火找里面住户搞什么了才起火的,1
2025/4/2 16:24,其实是应该其他车企在围攻小米,0
2025/4/2 16:24,谁的小米SU7不敢开了，我15万接手[憨笑],0
2025/4/2 16:24,孩子，30号也有考试，懂？,0
2025/4/2 16:24,乱加价5万[白眼],1
2025/4/2 16:24,这女的包有问题，小米直接招人把她朋友圈私生活扒出来，绝对能翻,1
2025/4/2 16:24,小米摊上这家人真的遭罪 一夜挥发几百亿,1
2025/4/2 16:24,[微笑]我出40,0
2025/4/2 16:24,带我一起[微笑],0
2025/4/2 16:24,换作正常人得提前两天过去，先看考场在哪，然后好好休息，复习开始考试！,0
2025/4/2 16:24,谁会拿生命开玩笑啊，人确确实实是没了，谁愿意拿生命打商战呀,0
2025/4/2 16:24,让房地产商赔啊，怕啥,1
2025/4/2 16:24,事业编考试一上午就考完了，咋能跑一下午还没回来,1
2025/4/2 16:24,用过了，必须降价2w收了[看],1
2025/4/2 16:24,sjb 还面见家属鞠躬,1
2025/4/2 16:24,考完了兜兜风[看],0
2025/4/2 16:24,明显是找保险公司索赔，保险公司了解情况后大概率不赔偿，限速路段超速一倍行驶。法律渠道走不通，只能走网络渠道讹钱了。,1
2025/4/2 16:24,以租房的名义领取就可以，取出来爱干嘛干嘛,1
2025/4/2 16:24,雷总人红是非多，有没有为雷总打抱不平的？我算一个，下面开始报数我看看有多少支持雷总的，我开始报数：1,0
2025/4/2 16:24,人为操纵，占最大因素,1
2025/4/2 16:24,下面咋还内卷上了？ 我出8w,1
2025/4/2 16:24,所以呢？,0
2025/4/2 16:24,哥，扰乱市场啊，前面去掉一个1就可以了[看],1
2025/4/2 16:24,为什么要给钱？哪门子道理？这不就是讹诈吗？,1
2025/4/2 16:25,后排没系安全带包死[憨笑],1
2025/4/2 16:25,我一块钱收 你拿来给我,1
2025/4/2 16:25,其实判定谁的责任只需要了解驾驶员再出事故之前手有没有握方向盘就得了，如果没握方向盘那就是自己的责任，交通法可没规定智驾不用握方向盘,0
2025/4/2 16:25,算我一个,0
2025/4/2 16:25,确实为我们证明了，开车不专心，亲人两行泪！,0
2025/4/2 16:25,我不站队。如果不是车的问题，就应该追究施工道路超速行驶，对应走应有程序。如果车的问题，小米就承担该有责任。,0
2025/4/2 16:25,别的车没有流量，炸了也不稀奇,1
2025/4/2 16:25,还学会道德绑架了，真的好恶心啊,1
2025/4/2 16:25,那我抵押 自己 也要买了啊,0
2025/4/2 16:25,好好好[舔屏],0
2025/4/2 16:25,相当于是我买条鱼回家吃，鱼刺卡我喉咙里了，我不去医院，去找养鱼的养殖户,1
2025/4/2 16:25,育才路[暗中观察],0
2025/4/2 16:25,你这算盘打的我在西安都听到咯,1
2025/4/2 16:25,禁止恶性竞争??????,0
2025/4/2 16:25,水落石出之时就是大涨之日,0
2025/4/2 16:25,算盘太响了啊，在吉林都听到了[看],0
2025/4/2 16:25,目前看一个小事故，沉住气大师,0
2025/4/2 16:25,直接消费贷，买俩,0
2025/4/2 16:25,所以这算是被反噬了吗,0
2025/4/2 16:25,所以这个事故智驾是诱因,0
2025/4/2 16:25,不服就干,1
2025/4/2 16:25,20个收也不是不行[流泪],0
2025/4/2 16:25,@田田老大,0
2025/4/2 16:25,怪余承东。,1
2025/4/2 16:25,纯纯去玩的,0
2025/4/2 16:25,如果是教训，这个教训付出的代价太惨重！三条无辜的生命！,0
2025/4/2 16:25,她在池州考试,0
2025/4/2 16:25,回复@Dhanadaa:你看看他头条号,0
2025/4/2 16:25,人死债消没得赔，有保险出钱,1
2025/4/2 16:25,我2万,0
2025/4/2 16:25,我加一块[看],0
2025/4/2 16:25,一年可以提取一次,0
2025/4/2 16:25,不然呢……女儿那么漂亮，刚毕业就有一个送小米su7的男朋友……,0
2025/4/2 16:25,我觉得有高人指点，推波助澜,1
2025/4/2 16:25,有辞职证明就能领[看]我领过,0
2025/4/2 16:25,啥英文，看不懂，一千，我要了,1
2025/4/2 16:25,@iz,0
2025/4/2 16:25,我六万八收，收两台，多了开不了[不失礼貌的微笑],0
2025/4/2 16:25,考完回家需要连夜走吗，不好好休息一晚上,0
2025/4/2 16:25,可以说是男朋友借的,0
2025/4/2 16:25,还真是尤物,1
2025/4/2 16:25,@missu [泪奔],0
2025/4/2 16:25,你提嘛，我帮你提出来,0
2025/4/2 16:25,我这一年提一次，一年提 2.3w 自己再凑一下 够个首付[捂脸],0
2025/4/2 16:25,虽然我没小米，但是这波我站小米!和车企无关!,0
2025/4/2 16:25,然后呢？,0
2025/4/2 16:25,过分了大哥[泪奔] 我没有40！ [泪奔],1
2025/4/2 16:25,看撞什么？撞水泥人肯定是活不了！撞在什么后备箱啊？铁架子上！还可以缓冲一下！,1
2025/4/2 16:25,我愿出六万[害羞],0
2025/4/2 16:25,告燧人氏[看],0
2025/4/2 16:25,那我真得提了,0
2025/4/2 16:25,蠢货,1
2025/4/2 16:25,[捂脸],0
2025/4/2 16:26,要钱[捂脸],1
2025/4/2 16:26,甚至感觉不止是“车”企了,0
2025/4/2 16:26,看到的每个人难道就没有一点点责任[看],1
2025/4/2 16:26,@乐清男发设计-家豪,0
2025/4/2 16:26,说的太对了,0
2025/4/2 16:26,车祸原因出来了？,0
2025/4/2 16:26,商战从来都是人性下限，不用猜，肯定的[看],1
2025/4/2 16:26,哪也不能白死吧？,1
2025/4/2 16:26,这个时代太特么疯狂,1
2025/4/2 16:26,所以你想表达什么,1
2025/4/2 16:26,等会要说考完回来了[九转大肠],0
2025/4/2 16:26,就是借考公这个出去玩了,0
2025/4/2 16:26,刚出了事就爆出这个不排除是摆拍，但估计还是有啥子自己这么玩自己开车还是要规范点,0
2025/4/2 16:26,懂得都懂,0
2025/4/2 16:26,钱要用对地方，投入到时光机的研发当中，回到出事前拯救3条生命,0
2025/4/2 16:26,就目前来看，车主是她男朋友，她是司机，还有两个乘客的死亡赔偿金，她父母扛不住的，只能找车商兜个底,0
2025/4/2 16:26,这样的话我可能就回去跪爸妈给点了[流泪],0
2025/4/2 16:26,不是，你是我大涡阳的啊,0
2025/4/2 16:26,包有的,0
2025/4/2 16:26,实际是97，而这个97是车停了时候,0
2025/4/2 16:26,我也,0
2025/4/2 16:26,算盘打的珠子崩我脸上了[黑脸],1
2025/4/2 16:26,[酷拽]你拍我后后后后面,0
2025/4/2 16:26,2万块？我给你加两万，你给我送过来。,1
2025/4/2 16:26,是真的，原来做手机的时候,0
2025/4/2 16:26,难道智驾不是事故诱因吗,0
2025/4/2 16:26,哎，这个代价真的太沉痛了... 安全第一，希望所有厂商都能引以为戒，不要再有类似的悲剧发生！,0
2025/4/2 16:26,你用买车挑车的时间办一个装修贷用公积金还不就行了？,0
2025/4/2 16:26,很到位[赞][赞][赞],0
2025/4/2 16:26,@小瓅 @HANc @张嘉满 @柠檬酱^ @EVELPDJ @项???? @.salon皓文店长 @小鑫、 @小蔡. @还嘴硬。,0
2025/4/2 16:26,考公安科目？考试不提前一天到，前一天晚上才出发？,0
2025/4/2 16:26,这个不是打不开门么[捂脸]都差不多[捂脸],0
2025/4/2 16:26,你驾驶不当撞墙人家给你下跪能说出这种话的也是无敌了,1
2025/4/2 16:26,随时可以提啊,0
2025/4/2 16:26,考完还需要那么着急吗连夜赶路,0
2025/4/2 16:26,什么意思[咒骂]律师函警告[咒骂],1
2025/4/2 16:26,"22:18分提示轻度分心报警
22:36分提示脱手预警，请手握方向盘
到22:44分25秒才人进入人驾状态！
全网都在说22:44分24秒到22:44分25秒这一秒内的问题！为什么就不想想22:36分48秒到22:44分24秒之间这8分24秒内的问题呢？都发出脱手预警了，请车主手握方向盘了，这时间内车主干嘛去了？",1
2025/4/2 16:26,14万行吧毕竟是二手了,0
2025/4/2 16:26,哥 收到了你赚我一万给我弄一辆[比心],0
2025/4/2 16:26,孩子还是太年轻了，我15年的驾龄，一旦上高速，也都是要打起十二分精神握着方向盘的,0
2025/4/2 16:26,@桂花糕糕,0
2025/4/2 16:26,哄抬物价，抬出去,1
2025/4/2 16:26,会有真相吗,0
2025/4/2 16:26,怪车企啊,1
2025/4/2 16:26,首先小米的智驾是明确说过是辅助驾驶，而不是代替驾驶，都别说小米，现在任何一个车企，即使再把智驾当卖点，也不敢说能直接代替驾驶，都会特别标注是辅助驾驶,0
2025/4/2 16:26,还是雷总的那句话 友商是,0
2025/4/2 16:26,小米股票前面跌了 后面又涨起来了,0
2025/4/2 16:26,我亏一点，7万7收,0
2025/4/2 16:26,价格这么真这么低说明车不行啊，你们别急着下单，先观望一下。让我先买[宕机],1
2025/4/2 16:27,那我真买[微笑],0
2025/4/2 16:27,我的意思是出18w,0
2025/4/2 16:27,她去安徽考事业编，，安徽事业编都是考一上午结束[看],0
2025/4/2 16:27,早都涨到15w了,0
2025/4/2 16:27,事故车一堆，任君挑选,0
2025/4/2 16:27,和曾经的特斯拉一模一样,0
2025/4/2 16:27,下午翻红了[看],0
2025/4/2 16:27,你剩一个王炸托管，上家出了个2，你猜怎么着，小王[看],0
2025/4/2 16:27,是开了智驾出车祸的，问题还有就是车门打不开,0
2025/4/2 16:27,一年了，二十万辆，才出一次死人事件！如果是这个比例，比飞机还安全！,0
2025/4/2 16:27,我十万,1
2025/4/2 16:27,等你五千收了再卖给我,0
2025/4/2 16:27,看着像大模型生成的,0
2025/4/2 16:27,守护,0
2025/4/2 16:27,没毛病,0
2025/4/2 16:27,我一万一[看],0
2025/4/2 16:27,开车的不是车主，现在车上死了三个人车主要有连带责任的，最差也得进去蹲几年[黑脸],1
2025/4/2 16:27,哥们，这个图别乱用，这是幼儿园着火了，不知道有没有孩子伤亡。,1
2025/4/2 16:27,我的不敢开了，天天装口袋里有点怕。,0
2025/4/2 16:27,不可能，真正远的话，肯定提前一天去就近住宿,0
2025/4/2 16:27,收到7w卖我[发怒],1
2025/4/2 16:27,还有一个…车子在男朋友名下 他是第一责任人….,0
2025/4/2 16:27,手滑点赞？不，是尊重！,0
2025/4/2 16:27,真假 可信吗？,0
2025/4/2 16:27,因为全部车企都在盯着小米 这次算是被他们盯到了,0
2025/4/2 16:27,这个经常吹，带了很多不好的风向,1
2025/4/2 16:27,我6W收一台[憨笑],0
2025/4/2 16:27,回复@莫辞阿:没多少 评论配图,0
2025/4/2 16:27,你也是好人只给有钱有权的算她们有钱去破穷人门槛都进不了,1
2025/4/2 16:27,山东这边高速一般晚上只开160。,0
2025/4/2 16:27,三个小姑娘的逝去虽然很可惜，但在高速路上开这么快又自动驾驶真的很危险的，只是这次代价太大了。,0
2025/4/2 16:27,你要相信，一个出名，流量大的牌子出问题，有流量，各行各业都都会想去看看，赚流量，利益至上，生命，哈哈，搞笑，你看看315，卫生巾，小孩用的东西，那么恶心，持续要，不要命？虽说敬畏生命，但是为了利益，不要命都可以，很多人，,1
2025/4/2 16:27,感觉要涨也很难破新高，再等等吧,0
2025/4/2 16:27,自己开 我不怕死 你有车吗 可以送我吗[流泪],0
2025/4/2 16:27,我要12万[捂脸],0
2025/4/2 16:27,有道理，,0
2025/4/2 16:27,想吃商务板面了[看],0
2025/4/2 16:27,出事就找厂家？,1
2025/4/2 16:27,我也要[惊喜][惊喜][惊喜][惊喜][惊喜],0
2025/4/2 16:27,这是不是也要怪房地产开发商[抠鼻],0
2025/4/2 16:27,我见过一个开着智驾在高速上，然后座椅放躺在那看电视，还发视频炫耀。[尬笑],1
2025/4/2 16:27,就算就96也是自己的问题啊，而且是智能驾驶，还是别人在外面智能驾驶,1
2025/4/2 16:27,主要是不是车本身质量的问题,0
2025/4/2 16:27,她父母想把舆论引到小米和雷军身上。男朋友立深情人设，我就没见过这样的，出事了男朋友先把她照片挂网上了。说白了父母和男朋友都不想赔钱，同车那俩女生才是真的惨[微笑][微笑],1
2025/4/2 16:27,不要试图和一个苏州人说开车的事[看],0
2025/4/2 16:28,[捂脸]这个打不开门就不知道啊 又没个官方说法,0
2025/4/2 16:28,我有低保[绝望的凝视],0
2025/4/2 16:28,@悲伤普?男^ @如此,1
2025/4/2 16:28,本来就是没毕业那年就可以开始考啊，应届生啊！这有什么好嘲讽的？,0
2025/4/2 16:28,@小羊不会困-o- ,0
2025/4/2 16:28,我出15.1,0
2025/4/2 16:28,离谱,1
2025/4/2 16:28,开通港户[你不大行],1
2025/4/2 16:28,原因其实很清楚的，但凡有点思维就能想得到[看],1
2025/4/2 16:28,点了,0
2025/4/2 16:28,几点神奇的疑问，1.油车开到97km出事的话会不会燃烧。里面的司机是什么状态。2.这位女性受害者并非车主，像这种情况下的话，同行的两位伙伴的赔付怎么算。是算车主的还是算保险的。。3.为什么这么着急对小米开炮，官方通告还没出来怎么这么多站队的。,0
2025/4/2 16:28,不说五万了，十万都收,1
2025/4/2 16:28,给钱？那可就是黄泥掉裤裆，不是屎也是屎了。给钱绝对是下下策。,1
2025/4/2 16:28,是真的，之前看过这个视频[捂脸],0
2025/4/2 16:28,看这个,0
2025/4/2 16:28,国内才冲得最欢[看],1
2025/4/2 16:28,我开辅助驾驶从来不敢完全松手，只能当成缓解疲劳的工具，想要休息的话还是去服务区睡一下，命是自己的[流泪],0
2025/4/2 16:28,多收几辆我也加价买[捂脸],0
2025/4/2 16:28,不要扰乱市场 上边才1w,0
2025/4/2 16:28,是的，这时候还造谣的话，真该抓紧去蹲几天,1
2025/4/2 16:28,@力度 大金,0
2025/4/2 16:28,问了半天，一句有价值的信息都没有，都是炒了两天的内容，还给自己买热搜。它好歹去做做调查干干份内的事。,1
2025/4/2 16:28,[泪奔],0
2025/4/2 16:28,今天中午路边遇到两台yu7，都没裹黑布了，真帅啊,0
2025/4/2 16:28,个别车是说B利吗,1
2025/4/2 16:28,想的美[看],1
2025/4/2 16:28,不要在这扰乱市场价[大笑],1
2025/4/2 16:28,可恶，买这么快我现在才看到入不就晚了嘛[发怒],1
2025/4/2 16:28,这胆子真的也太大了吧[流泪][流泪],0
2025/4/2 16:28,第一个图是人想出来的？??????,0
2025/4/2 16:28,别搞，那我真的会跪求家里人买[流泪][流泪],0
2025/4/2 16:28,@孤鹤疏竹 对啊，我也不理解这人,1
2025/4/2 16:28,@Jingle @随便一个名字 [泪奔][泪奔][泪奔],0
2025/4/2 16:28,不准恶意内卷[咒骂][咒骂],1
2025/4/2 16:28,目的太明显了[九转大肠][九转大肠][九转大肠],0
2025/4/2 16:28,还是要仔细了解一下[捂脸]但是这波我站小米[呲牙],0
2025/4/2 16:28,考公 看样子都不像 等着吧 后边绝对还有爆料 舆论越大 爆料越多,1
2025/4/2 16:28,我爸开了30年了都不敢这样[捂脸],0
2025/4/2 16:28,你收了给我留一台给你6w,0
2025/4/2 16:28,@咸鱼,0
2025/4/2 16:28,@指责型小镇错题收藏家 @ORBIT @骑着灰太狼的懒羊羊 16w我也收辆新车,0
2025/4/2 16:29,那咋了,0
2025/4/2 16:29,哄抬物价 叉出去[酷拽],1
2025/4/2 16:29,那我抖音的额度我就敢搞了,1
2025/4/2 16:29,上次山西事故堵路上的是当天去的[捂脸],0
2025/4/2 16:29,虽然、但是…,0
2025/4/2 16:29,我3万1[坏笑],1
2025/4/2 16:29,谁考编连夜开车去呀[尬笑]这也太牛了，我都提前一天到,0
2025/4/2 16:29,建议9.99 马上换车[舔屏][舔屏][舔屏],0
2025/4/2 16:29,那之前喷华为系，吉利比亚迪的也是小米搞的商战喽[泪奔]。,1
2025/4/2 16:29,出事了着雷子呗，哭诉他们成品不成熟推出去害人 ,1
2025/4/2 16:29,那我两万二[看],0
2025/4/2 16:29,车企给的多啊[哈欠],0
2025/4/2 16:29,120估计只有老司机敢开，还要是白天,0
2025/4/2 16:29,40w收 ultra，现车[看],0
2025/4/2 16:29,转发微博,0
2025/4/2 16:29,把地球给告了,0
2025/4/2 16:29,小米降价到10w吧，我会买,0
2025/4/2 16:29,我6w收,1
2025/4/2 16:29,我也收[憨笑],0
2025/4/2 16:29,这样的人多了去了,1
2025/4/2 16:29,低保买车了就给你取消[奸笑],1
2025/4/2 16:29,这又是什么新奇的角度？[泣不成声],1
2025/4/2 16:29,现在可以每年已租房名义提取一次了,0
2025/4/2 16:29,哥，到时候匀给我一辆，包让你钻钱[不失礼貌的微笑],0
2025/4/2 16:29,跟以前了，做车之前[捂脸],0
2025/4/2 16:29,那我10w收ultra不过分吧,0
2025/4/2 16:29,带节奏的太多了，哪天不死人！,1
2025/4/2 16:29,那能不能不要开发智驾,0
2025/4/2 16:29,互联网的东西我不乱评价，但我自己买小米的东西蛮多的[黑脸],0
2025/4/2 16:29,收到了我出6万给你买,1
2025/4/2 16:29,3人全挂， 100码而已，安全速度范围内秒燃  3人都没出来 这就是车企的问题,1
2025/4/2 16:29,跟小米有什么关系吗  自己开车时候上点心吧,0
2025/4/2 16:29,按订单排的 早下单早提车,0
2025/4/2 16:29,[笑哭][笑哭][笑哭]，我出三万[看][看][看],0
2025/4/2 16:29,多了转我，我加1k[流泪],0
2025/4/2 16:29,我也要一台,0
2025/4/2 16:29,可以随时提取的。我都提了,0
2025/4/2 16:29,包的[泪奔],0
2025/4/2 16:29,哈哈哈这确实天塌了,0
2025/4/2 16:29,额，那啥，我出2万收一辆。你别卷价格。,1
2025/4/2 16:29,主要是标准版是没有激光雷达的，很多人忽略这点，而且是在高速夜间碰到施工路段，小米这波真是摊上了。,0
2025/4/2 16:29,搞笑来的，,0
2025/4/2 16:29,快把风向引向小米，这样小米就得降价做销量，一降价我就买得起啦[呲牙][呲牙][呲牙],0
2025/4/2 16:29,aeb只能识别人，汽车和二轮三轮车，石头水泥这种识别不了,0
2025/4/2 16:29,谁说的车门开不开，他当时开了吗[捂脸],0
2025/4/2 16:29,你们是不是都忽略了一个重要问题，高速公路施工路段最少提前2公里就有提示牌还有限速标志，而且最少500米就有一个，我踏马就觉得离谱，2公里不看路不看车，别个系统都提示了，,1
2025/4/2 16:29,那我直接换车[捂脸],0
2025/4/2 16:29,我看到楼上有人发安徽考试29上午就考完了,0
2025/4/2 16:29,很多人从不看什么瓜，只知道瓜好不好吃,0
2025/4/2 16:30,@AAA强盛鱼产批发???? @哼哼哼,1
2025/4/2 16:30,对啊,0
2025/4/2 16:30,[流泪]你最尖,1
2025/4/2 16:30,还不止一个哦,0
2025/4/2 16:30,关键这种情况除了驾乘险都不赔啊，而且几十万也不够三百万啊[捂脸][捂脸][捂脸],0
2025/4/2 16:30,对呀，我也是这个想法,0
2025/4/2 16:30,他们都赔了吗。,0
2025/4/2 16:30,几点神奇的疑问这驶员手不拿方向盘，是不是危险驾驶？保险是不是不应该赔钱？,0
2025/4/2 16:30,懂得人都在炒底，几天赚一台小米,0
2025/4/2 16:30,不说了吗时速一百的死亡率高达百分之六十,1
2025/4/2 16:30,不能给钱,1
2025/4/2 16:30,第二天上午就考试，头一天晚上还在高速上,0
2025/4/2 16:30,看视频中的聊天记录情侣头像是着急干嘛不言而喻[看],1
2025/4/2 16:30,100码的速度什么车都不好使,0
2025/4/2 16:30,胆子真大,1
2025/4/2 16:30,因为你不是网络红人吧。如果你是网络红人，不回应则是更大的灾难。,1
2025/4/2 16:30,@第一名,0
2025/4/2 16:30,建议雷总，还是比亚迪刀片电池！,0
2025/4/2 16:30,那我直接全款拿下[舔屏],0
2025/4/2 16:30,我直接大量收[不失礼貌的微笑],0
2025/4/2 16:30,人家车没有质量问题的话，这个东西你让人家车企赔偿，全国乃至全世界的车还卖不卖了。[捂脸],0
2025/4/2 16:30,@帅气螺蛳粉（抽到双子版） @玖儿. @人间无事 @≥飞 @微笑坏薯饼 @7K @何时能约到科目三 @＜:3ミ @吃纸大王??,0
2025/4/2 16:30,我出两万一,0
2025/4/2 16:30,够恶心,1
2025/4/2 16:30,我10.9万,0
2025/4/2 16:30,借车属于第三方理赔，有第三方险种的，保险公司会理赔。,0
2025/4/2 16:30,浙江想提就提啊,1
2025/4/2 16:30,和过年那个一样，死活不做检测，只会走网络程序,1
2025/4/2 16:30,给我一台[泣不成声],0
2025/4/2 16:30,现在一直在跌,0
2025/4/2 16:30,去告发现火种的那个人,1
2025/4/2 16:30,怎么考试没问题，但他这考试方式决定了是去考试还是纯玩[看],0
2025/4/2 16:30,收了也给我一台[舔屏],0
2025/4/2 16:30,高速公路我一般只开80 [捂脸][捂脸][捂脸]开快了真的刹不住,0
2025/4/2 16:30,这个不知道真假[尬笑][尬笑],0
2025/4/2 16:30,@荣创通讯（回收置换、分期）,0
2025/4/2 16:30,鼠标跟翔翔安排对撞的这俩品牌嫌疑最大，对了，还有那个跟某味精同名的品牌也有嫌疑,1
2025/4/2 16:30,反噬罢了,1
2025/4/2 16:30,收多少台我要多少台，我6万[呲牙],0
2025/4/2 16:30,其实是有人引导的话术[愉快],1
2025/4/2 16:30,有没有不敢再开小米的朋友，6.6w收一辆，诚心[流泪],0
2025/4/2 16:30,承担全责，不可回辟。对客户谢罪！,0
2025/4/2 16:30,收到了吗？我出15，让你赚十个,0
2025/4/2 16:30,因为他整天在作营销呀，经常上热搜呀，所以他需要表态呀！,0
2025/4/2 16:30,@YU,0
2025/4/2 16:30,一百多迈撞上玻璃都碎了，人要是有意识爬也爬出来了 。,1
2025/4/2 16:30,连打不通电话，都是新闻了？！这年头什么人都能当记者，什么事都能写新闻,1
2025/4/2 16:30,这图是真的[黑脸],1
2025/4/2 16:30,快更新[尬笑],0
2025/4/2 16:30,我之前还刷到一辆埃尔法高速出车祸也开不开门咋没人说呢[泪奔],1
2025/4/2 16:30,承诺什么？三条人命还能回来吗？,1
2025/4/2 16:30,我当时也看到了这个，然后跑来翻微博,0
2025/4/2 16:30,@Cole,0
2025/4/2 16:30,哈哈，反正是没人打开门跑路[捂脸],1
2025/4/2 16:30,驾照应该不是买的,0
2025/4/2 16:30,无数车评人各大车企都说过智驾只是辅助[憨笑],0
2025/4/2 16:30,那我就直接买了[笑哭][笑哭][笑哭],0
2025/4/2 16:30,都会烧，可以参考当时那个撞击桥墩的宝马，司机也没跑出来。也是烧了。区别就是烧的速度快慢,1
2025/4/2 16:30,@等雪,0
2025/4/2 16:30,还是赢,0
2025/4/2 16:30,6的，车子炸了第一时间去网暴逝者[赞]，这样干下去一定会越来越好的[赞][赞][赞],1
2025/4/2 16:30,定速巡航也只有高速用得上，他开了自适应巡航可能就没事了,0
2025/4/2 16:31,哈哈[赞],0
2025/4/2 16:31,我十万,1
2025/4/2 16:31,不引导舆论，他怎么赔得起这么多人命，这么多钱。又不是车主开车。,1
2025/4/2 16:31,@????,0
2025/4/2 16:31,我三万五,0
2025/4/2 16:31,40块[看][看][看],0
2025/4/2 16:31,要赔偿，还有就是同行黑。不必理会[捂脸],1
2025/4/2 16:31,女大学生也是,0
2025/4/2 16:31,中肯的,0
2025/4/2 16:31,给我一台，我排队[泣不成声]紫色或者橄榄绿都行[碰拳],0
2025/4/2 16:31,[酷拽]是的，军儿着实太委屈了,0
2025/4/2 16:31,这个主播三观很正[赞][赞][赞]，说得也很正确,0
2025/4/2 16:31,99公里撞上去不管什么车几率都很小了,0
2025/4/2 16:31,@时倾??,0
2025/4/2 16:31,这算盘可以，我出6.7万[呲牙],0
2025/4/2 16:31,10你的往后排,1
2025/4/2 16:31,人家都出到2.99万了，你这是在捣乱市场[抠鼻],1
2025/4/2 16:31,大家都担忧起来挺好的，这样我能早点提yu7[看],1
2025/4/2 16:31,以前看到的[尬笑],0
2025/4/2 16:31,真要12.5，我立马把车卖了，贷款搞一辆[捂脸],0
2025/4/2 16:31,真推波助澜就不会等到现在才有热度了,0
2025/4/2 16:31,我出十八万八收个ultra 我吃点亏 没事 主要为了大家 就当做慈善了,0
2025/4/2 16:31,没收到四川手机报的短信吗[捂脸],0
2025/4/2 16:31,我这里10连跪[噢买尬],0
2025/4/2 16:31,假[捂脸],0
2025/4/2 16:31,哥 我也要 [舔屏]我多给你加一万 你就当交个朋友,1
2025/4/2 16:31,因为男生是车主，电车遇到问题后台客服首先找车主,0
2025/4/2 16:31,因为这是回旋镖[尬笑]  你大彬老师可说了要摇旗呐喊,0
2025/4/2 16:31,我做饭被油崩了一下，至今不敢做饭吃[流泪],0
2025/4/2 16:31,要这个价，我可以努力努力买了[捂脸][捂脸][捂脸],0
2025/4/2 16:31,华为被骂的少吗,1
2025/4/2 16:31,逻辑堪比《好好的人送进你们医院怎么就没了》[看],1
2025/4/2 16:31,肯定有的,0
2025/4/2 16:31,池州就有个单招30号，我考完联考就去了,0
2025/4/2 16:31,@??,0
2025/4/2 16:31,你不要扰乱市场,1
2025/4/2 16:31,遇到特斯拉试试，告死你,1
2025/4/2 16:31,byd和邪恶大鼠标都遇到过,1
2025/4/2 16:31,这几个是捣乱的吗,1
2025/4/2 16:31,深圳公积金可以全部提取了[看][看],0
2025/4/2 16:31,瞎几把扯淡   只要不是车的质量问题引起车祸  一分钱都不能赔付     这要给钱以后出事都这么闹   ,1
2025/4/2 16:31,那你这样[看]我可就全款了[看],0
2025/4/2 16:31,哈哈哈哈哈我,0
2025/4/2 16:31,必须的假的呀[捂脸],1
2025/4/2 16:31,市面上跑的车，97公里直接撞，没有人救援的情况下，不起火，死亡概率高达90%+,0
2025/4/2 16:32,一点都不可行,1
2025/4/2 16:32,不是，97km啊哥，你试试50码的装上去啥感觉,1
2025/4/2 16:32,电车都在搞智能吗？,0
2025/4/2 16:32,@阿瓦达啃大瓜 那我可要打印流水了,0
2025/4/2 16:32,车主没走[看][看][看][看][看],0
2025/4/2 16:32,对就是这样反正责任不是我自己的[看],1
2025/4/2 16:32,你把握不住还是让给我吧,1
2025/4/2 16:32,9.99好了友好点,0
2025/4/2 16:32,怎么回事儿，还挑颜色[不失礼貌的微笑],0
2025/4/2 16:32,真有？来私聊看看绿本,1
2025/4/2 16:32,最多6.6,0
2025/4/2 16:32,[捂脸][捂脸][捂脸],0
2025/4/2 16:32,特斯拉刹车失灵，宝骏失灵，其实小米应该搞油车，新能源本身在一定程度上大众都不是很认可[捂脸][捂脸][捂脸],0
2025/4/2 16:32,手机恰巧也是小米[看],0
2025/4/2 16:32,100码的速度撞上去瞬间人估计都没了，就算活着也是没有意识的,1
2025/4/2 16:32,第一个我不清楚[憨笑]但第二个车主我记得找过租车公司 但租车公司和尊界各执一词[你不大行],1
2025/4/2 16:32,@heng @〇,0
2025/4/2 16:32,对  我到市里考职称都是提前一下午到市里,0
2025/4/2 16:32,真的假的,0
2025/4/2 16:32,后排不系安全带包死的 脖子都可能断了[捂脸],0
2025/4/2 16:32,这样！我没需求的都要整一辆[看],0
2025/4/2 16:32,你猜有没有可能大部份舆论是某些车企在作祟[捂脸],1
2025/4/2 16:32,去告火,1
2025/4/2 16:32,我四个7四个8加一对托管 上家出了飞机 你猜怎么着[愉快]我家剩78单牌了[愉快][愉快][愉快],0
2025/4/2 16:32,反正你自己控制好速度，全神贯注，多注意情况，保证安全要紧，我们是开习惯了，对路上的情况心里有素,0
2025/4/2 16:32,收到后我加2万，给我留一台[抱抱你],0
2025/4/2 16:32,别的车都全国通报了[笑哭],0
2025/4/2 16:32,提前一天能找到地方住吗[捂脸],0
2025/4/2 16:32,我16万[看],0
2025/4/2 16:32,外面开不了门很正常吧，得自己从里面开，里面几个人都昏迷了,1
2025/4/2 16:32,是这样吗[看],0
2025/4/2 16:32,华为[泪奔],0
2025/4/2 16:32,那我可要砸存钱罐了,0
2025/4/2 16:32,友商的抖加都冲烂了吧[看][左上],1
2025/4/2 16:32,施工路段限速地方开时速97km一小时还是撞的石柱没有卸力油车电车都得死不找自己原因找车原因也是没谁了，智驾都提前十多分钟提醒驾驶人接手限速了她还是不管不顾，施工地也不减速，就算是开个高德地图起码也会提醒啊,1
2025/4/2 16:32,你也知道是智驾不是自动驾驶啊[尬笑],0
2025/4/2 16:32,呵呵，之前华为迈巴赫那个事情可不是这个节奏啊,1
2025/4/2 16:32,好的！支持,0
2025/4/2 16:32,离职也可以取,0
2025/4/2 16:32,祝融：好好好[看],0
2025/4/2 16:32,什么叼毛玩意,1
2025/4/2 16:32,29号是事业单位联考，30号上午安徽教师招聘，几个女孩子考教师的吧,0
2025/4/2 16:32,@好得,0
2025/4/2 16:33,我相信你并且我可以等[机智],0
2025/4/2 16:33,十五,0
2025/4/2 16:33,你要是这样说我回去就得给我老婆打服了让我买小米yu7了嗷,1
2025/4/2 16:33,97是撞击时候的速度，智驾的时候我记得是116[看],0
2025/4/2 16:33,保险跟车不跟人的，车速97碰撞静止物体 只要没有空翻降低冲击力 什么车来了都白搭,0
2025/4/2 16:33,不用，辞职半年就能提，也叫失业半年,0
2025/4/2 16:33,我特么直接卖车。去买[捂脸],1
2025/4/2 16:33,我找小米官方收都没你这么便宜[捂脸],0
2025/4/2 16:33,@掌中宝（脂包脂版） [黑脸]蹲,1
2025/4/2 16:33,然后出了事就是车企责任[看],1
2025/4/2 16:33,哈哈哈哈我也正在收,0
2025/4/2 16:33,爽,0
2025/4/2 16:33,还在卷,0
2025/4/2 16:33,开车的是车主女朋友呀,0
2025/4/2 16:33,出事了不找保险，不找警察，先找车企,1
2025/4/2 16:33,可以提，没有贷款需求就可以封存提取[看],0
2025/4/2 16:33,你猜有没有其他厂商推波助澜[展开说说],0
2025/4/2 16:33,她们三个敢打雷军敢接吗,1
2025/4/2 16:33,别卷[微笑][微笑],0
2025/4/2 16:33,我可没有小米哦，你在打听打听别人家[捂脸],0
2025/4/2 16:33,去告开发商,1
2025/4/2 16:33,等官方通知。不是谁强谁有理，也不是谁弱谁有理。[赞]等待警方通报,0
2025/4/2 16:33,没事没事 担心的都别买 省着提车慢,0
2025/4/2 16:33,评论区打字说的啊，那不得不信了,1
2025/4/2 16:33,我的天，写的有模有样的，这种时候乱传播假消息,1
2025/4/2 16:33,最低配并不是,0
2025/4/2 16:33,第一个应该除了宁德时代全都会燃，97公里正常驾驶人应该没意识，当然，不排除他天赋异禀。第二就是因为车主他负不了这个责，才在这里开脱的。第三，饱和式攻击又不是第一次见，不过敢在这种时候干的不是智商特别低，就是和zj没关系的，因为和那玩意有关系，肯定会遭反噬，你zj这么牛，有种过L3测试呀,1
2025/4/2 16:33,最低配的标准版门和a柱可都没变形，买了,0
2025/4/2 16:33,应该不行吧，我上次提等了两年,0
2025/4/2 16:33,燧人氏：丸辣！摊上官司了,1
2025/4/2 16:33,某为的事还少吗？在网上看到好几次这样了[灵机一动],1
2025/4/2 16:33,我出你的三倍。,1
2025/4/2 16:33,那我高低整一个,0
2025/4/2 16:33,叉出去 扰乱市场[发怒],1
2025/4/2 16:33,老实说，我也不敢[尬笑],0
2025/4/2 16:33,我出一千零一,0
2025/4/2 16:33,我出10w买[看],1
2025/4/2 16:33,我把我刚提的君越油车换.我还加满油来提车,0
2025/4/2 16:33,大学生都是在读考的，选调生，比社会上那些好考，大三还是大四考忘记了,0
2025/4/2 16:33,车商没问题为什么要破局 这个标题本身就把人家放在有罪的立场上,0
2025/4/2 16:33,我说我是秦始皇你信么[捂脸],0
2025/4/2 16:33,[捂脸]别说97了，油车我追尾过，60不到的速度我直接懵了半分钟左右，油车97的速度撞车头，也有概率会起火的，然后你的疑问2，后排两个女生死亡，车主和开车人都会有责任，跑不掉的，至于疑问3嘛，参考让子弹飞[看]人们并不在意六子吃了几碗粉，他们只想六子死罢了,1
2025/4/2 16:33,回啥家[九转大肠]这是在去安徽的路上[九转大肠],0
2025/4/2 16:33,教师好像不叫考公吧,0
2025/4/2 16:33,秒提 还退休 我月月提出来 花了,0
2025/4/2 16:33,找雷总！你就说里面有小米电器,0
2025/4/2 16:33,路，怪路不对，怎么可以有其他车子呢？[九转大肠]怪护栏，为什么路上要有护栏[九转大肠]怪老天，为什么天要黑，天黑谁看得见啊有罪必须一直亮[九转大肠]，怪地，这地遇到障碍物要能立马裂开，让车遁地啊[九转大肠][九转大肠][九转大肠]。老天…,1
2025/4/2 16:34,我还打算200收一辆的[不你不想][不你不想][不你不想],0
2025/4/2 16:34,[看]  [机智],0
2025/4/2 16:34,找小米可以赔的多吧[不失礼貌的微笑]想不出来其他理由了,1
2025/4/2 16:34,叉出去 扰乱市场[发怒],1
2025/4/2 16:34,这是同一件事儿吗？,0
2025/4/2 16:34,想的美 我每台再加十万[看],1
2025/4/2 16:34,小米的错不在于本身，而在于一些车主[暗中观察]我还在等小米的SUV呢,0
2025/4/2 16:34,燧人氏 你钻木取的火[发怒],1
2025/4/2 16:34,驾驶员才是第一责任人,0
2025/4/2 16:34,电车撞了起火不是正常的嘛,1
2025/4/2 16:34,我出6万，收辆自己开,0
2025/4/2 16:34,那我可要动用我的小金库买了[看],0
2025/4/2 16:34,每天那么多交通事故去世的人，我不懂智驾，人还是懂一点的。,0
2025/4/2 16:34,我碰到过，结果对方有个炸，噶了，从那以后再也不托管了[捂脸],1
2025/4/2 16:34,可不可以商量一下，插个队[看],0
2025/4/2 16:34,有什么证据证明她当时在车？,1
2025/4/2 16:34,"评论的亲身在场一律当做虚假言论
毕竟，故事谁不会说？
还有人说他在副驾驶，在它爆炸的瞬间跳出去了呢（",1
2025/4/2 16:34,6,0
2025/4/2 16:34,4个2，4个圈，上家3个k带一对，我托管了，3个2带一对圈[流泪],0
2025/4/2 16:34,特斯拉[黑脸],1
2025/4/2 16:34,人红是非多，是这样的,0
2025/4/2 16:34,"油车出那么多事故没人问！[发怒][发怒][发怒]
像雷总这样有情怀的企业家不多了，相信雷总，支持雷总！",1
2025/4/2 16:34,心疼雷军,0
2025/4/2 16:34,大概率是没系安全带，撞断脖子,1
2025/4/2 16:34,还记得前几年的波音客机么？自动驾驶与飞行员争驾驶权，最后不是直直的栽下来吗？,0
2025/4/2 16:34,不要扰乱市场我拿我的现代和小米换[真的会谢],0
2025/4/2 16:34,我出16.1不能再多了啊[抠鼻],0
2025/4/2 16:34,确定不是9.9？,0
2025/4/2 16:34,第一条差不多100的时速，啥车来了都一样，而且基本上车上人员都会眩晕或者死亡，而且如果在后排没安全带的情况下几乎是包死的。第二个的话，只要你的车出了任何事故，无论是不是你开的，你都要担责任的，保险够赔就保险赔，赔不了你就只能自费了。第三个不必在意，网上的人给我一种没有接受过义务教育的感觉根本没有自己的认知,1
2025/4/2 16:34,收到小米后，你要是有宝马奔驰嫌差了，我两万收，高档的再加两万,1
2025/4/2 16:34,来吧[舔屏][舔屏]三万就行[舔屏][舔屏],1
2025/4/2 16:34,是路的问题，没路就没事故,0
2025/4/2 16:34,我嘞个豆[尬笑],0
2025/4/2 16:34,里面不好说,0
2025/4/2 16:34,人性是难测的，提出给钱，给多少合适？面对小米这样的成功大企业，受害者家属都会觉得给多少都是少的，不够的。所以还是通过法律来解决，法律判多少就是多少。每个人都不希望发生这样的事，为鲜活的生命戛然而止感到惋惜，节哀。,0
2025/4/2 16:34,谁的小米不敢开了，我5W收[呲牙],1
2025/4/2 16:34,第一台肯定要整辆BBA啊 整什么电车啊[抠鼻],1
2025/4/2 16:34,真上了我立马换车,0
2025/4/2 16:34,我十万收,1
2025/4/2 16:34,等官方,0
2025/4/2 16:34,车主是女的不是这个人,0
2025/4/2 16:34,还昏迷呢，后排没系安全带的话，脖子直接能扭断,1
2025/4/2 16:34,报这么多，你不要命了,1
2025/4/2 16:34,@91?1,0
2025/4/2 16:34,早有了,0
2025/4/2 16:34,碰水泥桩？？？那没办法了[泣不成声][泣不成声][泣不成声],0
2025/4/2 16:34,我不怕死，我10w,1
2025/4/2 16:34,特斯拉出事故骂特斯拉，问界出事故骂华为，小米出事故骂车主,1
2025/4/2 16:34,你不起诉电脑品牌？[白眼],1
2025/4/2 16:34,我给10万,1
2025/4/2 16:34,乱抬物价叉出去,1
2025/4/2 16:34,11万,0
2025/4/2 16:34,我11万,0
2025/4/2 16:34,为了让小米跌落谷底现在不管是网上的黑粉还是其他竞争车企都用尽手断了[捂脸],1
2025/4/2 16:35,97码撞墙 众生平等,1
2025/4/2 16:35,"小米的汽车设计确实存在缺陷
从民用来说，这么大的功率是不是安全？是不是合规？
撞的车头怎么电池起火了呢？难道电池在车头部分吗？
即使是人为在操控，那你所谓的自驾安全保障在紧急情况下怎么没有触发呢？",1
2025/4/2 16:35,真的，说的好，这个社会太恐怖了。就是有一部分的人，分不清好坏。,0
2025/4/2 16:35,说不定就是智能驾驶然后躺着睡觉呢，虽然我不能理解为什么人总是把自己的命交托给智能，人家都说智能驾驶还是得双手放在方向盘，注意力还是得集中，脚随时踩刹车，怎么就不懂呢，出事不当交通事故处理还想怎么处理，如果这样子，以前出事故的人都准备好材料，大大小小都准备可以告车企了喂[玫瑰][玫瑰],1
2025/4/2 16:35,我的本田锋范，有时刹车刹急了，都自动解锁打双闪。,0
2025/4/2 16:35,哥，收了，你可以八万卖给我,1
2025/4/2 16:35,南山必胜客,1
2025/4/2 16:35,这是真的[捂脸],0
2025/4/2 16:35,上次问界m7事故，不是一样的么。,0
2025/4/2 16:35,请不要抬高价格，扰乱市场，说好的5万[看],0
2025/4/2 16:35,这个三观是正常的[赞],0
2025/4/2 16:35,他理解的军儿的回应是要陪她钱，然后他才回应说到做到，这样就通顺了[捂脸],0
2025/4/2 16:35,大你100在?900[微笑],0
2025/4/2 16:35,其实就是想要向小米索赔[捂脸],1
2025/4/2 16:35,我 出 10.00000000001,0
2025/4/2 16:35,不走法律程序，非得要走网络程序,1
2025/4/2 16:35,我要贷款收,0
2025/4/2 16:35,还有我,0
2025/4/2 16:35,??这个又??买办小偷公司也能舔。偷了多少华为技术说是自己的，靠着美爹给的芯片黑华为手机。,1
2025/4/2 16:35,因为特斯拉的创始人不是雷军[看],0
2025/4/2 16:35,这家人也是怕担责，找个垫背的，,1
2025/4/2 16:35,去告卖地给你的人,1
2025/4/2 16:35,羅睿[我想静静],0
2025/4/2 16:35,你知道当卖点.是啥意思么.,0
2025/4/2 16:35,新闻说的是考事业编。。,0
2025/4/2 16:35,我5.1万收,0
2025/4/2 16:35,@??Zzzzz。,0
2025/4/2 16:35,有人@你吗，我也想买[捂脸],0
2025/4/2 16:35,可以提,0
2025/4/2 16:35,不好意思，我这可以全部提取,0
2025/4/2 16:35,ultra，我20个，不能再多了[看],0
2025/4/2 16:35,因为不找小米，驾驶人的家里人要赔的倾家荡产,1
2025/4/2 16:35,包假的啊[捂脸][捂脸][捂脸],1
2025/4/2 16:35,燃不燃不知道但是我之前有过一次10几刹死的情况，真的很危险大概也得十秒以内，应该要看撞的情况吧,0
2025/4/2 16:35,按现在的网曝程度来看，大概率怪车厂，怪雷军,1
2025/4/2 16:35,亏我还关注你那么久，直接取关了,1
2025/4/2 16:35,你这收藏 可真精彩 [666]  [666] [赞],0
2025/4/2 16:35,小米赔了？,1
2025/4/2 16:35,什么版本，说好价格先,0
2025/4/2 16:35,[看][看][看]啥好事都让你占了，我5.1,0
2025/4/2 16:35,不用怀疑，从华为tiktok开始，其实这种通过假借一个事件围攻品牌的商战网友们已经见怪不怪了[呆无辜]毕竟枪打出头鸟,1
2025/4/2 16:35,也不能是很假  我国有百分之八十的人做后排是不系安全带的 98/km的时速 根据物理学的惯性会使身体瞬间前倾 撞到前座座背 脖骨直接裂开,1
2025/4/2 16:35,@温野.,0
2025/4/2 16:35,这算盘打的[捂脸],0
2025/4/2 16:35,可以不住[听歌]当一个哈吉流浪汉??,0
2025/4/2 16:35,统一不用信,1
2025/4/2 16:35,中午就考完了 下午不回来 那再睡一晚会咋样,0
2025/4/2 16:35,66666，发战争财是吧[捂脸],1
2025/4/2 16:35,你不许卷 [酷拽],1
2025/4/2 16:36,支持，我上高速都是双手握方向盘，高度集中精力,0
2025/4/2 16:36,不知道，没刷到,0
2025/4/2 16:36,"小米的汽车设计确实存在缺陷
从民用来说，这么大的功率是不是安全？是不是合规？
撞的车头怎么电池起火了呢？难道电池在车头部分吗？
即使是人为在操控，那你所谓的自驾安全保障在紧急情况下怎么没有触发呢？",1
2025/4/2 16:36,问界高管做到了吗？？？？？？,1
2025/4/2 16:36,友商出手了,0
2025/4/2 16:36,这速度也没几个玻璃不碎了！,1
2025/4/2 16:36,因为没有好的设备[看],0
2025/4/2 16:36,保证安全最重要，尽量不要疲劳驾驶，我是开习惯了夜车，适应力强，再加上云南高速晚上车不多，对路况熟悉所以敢开快,0
2025/4/2 16:36,@yan???? 我要找我爸了[比心],0
2025/4/2 16:36,假的哈。,1
2025/4/2 16:36,车是华为实际使用的啊，而且我看到过网上一个聊天截图骗租车行说正常使用，结果拿去测试了，还弄坏了，还故意诋毁，换了你你气不气？就好比你有辆车，朋友说出门用一下，结果你朋友的朋友开出去撒欢越野了，但是技术又不行结果泡泥塘里了，你朋友不管了说不是他开的，你怎么办？不找开车的自己认倒霉吗？,1
2025/4/2 16:36,[黑脸]害怕的车主要是五万想出一辆小米苏7??，可以尽情艾特我,1
2025/4/2 16:36,相信吉人自有天相,0
2025/4/2 16:36,你可以搜一个汽车碰撞测试，看看一百的速度碰完是个什么形状，没三厢变两厢车都算车硬,0
2025/4/2 16:36,哇哦！您 収 欌 还怪好看的,0
2025/4/2 16:36,新闻学魅力时刻,0
2025/4/2 16:36,确实,0
2025/4/2 16:36,今天吹空调感冒了 准备告格力空调了,0
2025/4/2 16:36,请问联系家属能调查到什么[疑问],0
2025/4/2 16:36,1,1
2025/4/2 16:36,我也再加100[不失礼貌的微笑],0
2025/4/2 16:36,那重庆的你就不能收了哈 让我来[呲牙],0
2025/4/2 16:36,后座不系安全带那个速度撞上去脖子都断了,1
2025/4/2 16:36,转移话题吗 还是推卸责任,1
2025/4/2 16:36,这个由头根本站不住脚[捂脸][捂脸][捂脸],0
2025/4/2 16:36,我出8万一[看],1
2025/4/2 16:36,这不是deepseek的活吗？整合你还能比d指导厉害？,1
2025/4/2 16:36,好有道理,0
2025/4/2 16:36,别抬价 说好的五万[流泪],0
2025/4/2 16:36,确实97撞的AB柱没坏[发呆],0
2025/4/2 16:36,我再加5万,0
2025/4/2 16:36,雷军：这有什么大不了的？我都早就说清楚了，速度才是信仰！人一旦没有信仰，活着还有啥意思？,0
2025/4/2 16:36,不卷收不到呀[泪奔],0
2025/4/2 16:36,[九转大肠]最后剩一张3[宕机]  不托管不行啊,0
2025/4/2 16:36,要是在现场，救人的时候录个视频，估计现在100万卖给小米不是问题[捂脸]@Zcool @榴莲公主,1
2025/4/2 16:36,是宁德时代和弗迪电池混用的,0
2025/4/2 16:36,告运营商吧，他们提供的网络。他们不提供网络，你也不会刷抖音。[捂脸],1
2025/4/2 16:36,雷总加油,0
2025/4/2 16:36,这规模对比去年的m7真是小巫见大巫了[捂脸],0
2025/4/2 16:37,你怎么那么神,0
2025/4/2 16:37,回复@wjlhyl:我黑小米干嘛，我又不是竞品品牌的帮受害者家属发声，希望车企重视消费者，重视智驾带来的风险罢了。倒是跪资本就挺搞笑的，万一你们买了小米车用了智驾出了事，你们怪自己吗？,1
2025/4/2 16:37,我有点不明白啊，每天车祸出事故的多了去了，为什么就小米要上升到车的品牌而且必须车企老总出来回复，过去20年间传统油车出现事故车企赔偿了？,1
2025/4/2 16:37,道歉？智驾又不是无人驾驶,1
2025/4/2 16:37,送货那个是买家因为烂了点包装然后不要了  送货的退回去 商家也不要  商家让送货的赔全款吗？,0
2025/4/2 16:37,我这边能给到10万，麻烦有不敢开小米su7的马上卖给我[黑脸],1
2025/4/2 16:37,我的兄弟，我看成他们来广东考了。,0
2025/4/2 16:37,@布蕾卡?? @第一流 @未完结    日常,0
2025/4/2 16:37,不重视技术核心，重视营销，分一杯羹，让消费者陷入了盲目的科技狂欢，可怜的三个年轻人。,1
2025/4/2 16:37,你别扰乱市场[打脸][打脸][打脸],1
2025/4/2 16:37,你这个预测，我要蹲一下，我不太信,0
2025/4/2 16:37,我十万给我[坏笑],1
2025/4/2 16:37,我出四万九，不能再高了,0
2025/4/2 16:37,我多一块,0
2025/4/2 16:37,无论是什么车或者什么机器。完全把生命交给它，就等于作死。智能永远代替不了人,0
2025/4/2 16:37,对啊，再说了就算不是辅助，敢把名交给智驾的是这个[看][赞],0
2025/4/2 16:37,现在的车本来就全是l2辅助驾驶，非得叫智驾搞得太多人觉得真的可以完全解放双手[捂脸],0
2025/4/2 16:37,我出15.1w[绿帽子],1
2025/4/2 16:37,我30，有多少收多少[看],0
2025/4/2 16:37,谁兜风？不摸方向盘呀。,0
2025/4/2 16:37,m7,0
2025/4/2 16:37,老美对等关税要来了，很快就没人关心这次事故了。,0
2025/4/2 16:37,谁的小米不敢开了，可以10W卖给我，我敢开[暗中观察][暗中观察][看],0
2025/4/2 16:37,女大学生，存款两万，花呗有三千额度，极限了，谁给我出二手su7[微笑],0
2025/4/2 16:37,正解,0
2025/4/2 16:37,下跪。。。。，给劳资看笑了。,1
2025/4/2 16:37,那如果是其他友商联系的家属跟他们谈的条件让他们这么做呢，这么好的机会，他们会放过？,1
2025/4/2 16:37,@季节,0
2025/4/2 16:37,死猪，便宜你了，这好事带我一个,1
2025/4/2 16:37,小米是l2不是l3,1
2025/4/2 16:37,[捂脸],0
2025/4/2 16:37,点了[赞][赞],0
2025/4/2 16:37,不光他想要索赔，竞争对手也会想踩一脚,1
2025/4/2 16:37,那就很好奇了100码撞击真的能撞死人吗[晕],0
2025/4/2 16:37,这车不好哥，我出10万，给我吧[流泪],0
2025/4/2 16:37,给钱这招也太无脑了,1
2025/4/2 16:37,什么年代了，还搞连坐呢。她父母干啥了要赔钱？,1
2025/4/2 16:37,有钱什么事不行[捂脸],0
2025/4/2 16:37,你剩下顺子和三代二你都不敢托管,1
2025/4/2 16:37,@黑猫警长 [赞]买,0
2025/4/2 16:38,上次尊界租车那个车主中间是有说明的，租车公司认为是租赁去拍宣传片而不是测试所以不愿赔偿，车主只能找华为和尊界询问租车具体用途，但是那边官方也不理他，所以车主才网上直接问，毕竟哪怕是走法律途径找租车公司维权，也是需要尊界那边晒出租车合同具体内容来印证租车公司对车主承诺是否出入,0
2025/4/2 16:38,@乌鸡,0
2025/4/2 16:38,有人要开始整我们的雷总了[尬笑],1
2025/4/2 16:38,我出10万[泣不成声],1
2025/4/2 16:38,特斯拉：我的故事你别学了,0
2025/4/2 16:38,这算盘打得我浙江都听见了[看],1
2025/4/2 16:38,小米肯定没问题[赞],0
2025/4/2 16:38,汽车和电器越智能越麻烦，弄不好会要人命的。,0
2025/4/2 16:38,内蒙古300公里续航能开多远[疑问],0
2025/4/2 16:38,我也是，认真的，[泪奔]我出六万[泪奔],0
2025/4/2 16:38,友商可不是吃素的！特斯拉不也是这么过来的！,0
2025/4/2 16:38,sry 兄弟，我的问题，之前看别人传来广东这边考事业编,0
2025/4/2 16:38,@Monkeymonkey? [赞],0
2025/4/2 16:38,@W · @钱一軕.,0
2025/4/2 16:38,我出16w[大笑],1
2025/4/2 16:38,那我可要套花呗了[捂脸],0
2025/4/2 16:38,又预测准了,0
2025/4/2 16:38,有啊，咸鱼上事故车多的去了，你去聊聊,1
2025/4/2 16:38,连跪确实是游戏算法的问题,0
2025/4/2 16:38,你！扰乱市场[看],1
2025/4/2 16:38,[抠鼻] 你这算盘打到广东都能听见,1
2025/4/2 16:38,直接掀锅砸灶是吧[捂脸],1
2025/4/2 16:38,这根本不像是去考试的,1
2025/4/2 16:38,上路还是要小心驾驶  要把命运掌握在自己手里,0
2025/4/2 16:38,那我出8.9w[看],0
2025/4/2 16:38,我8万给我留一台，好得让哥赚点,0
2025/4/2 16:38,就是友商拼命买抖加,0
2025/4/2 16:38,现在电车鱼龙混杂，五花八门,0
2025/4/2 16:38,是这样的，我爸也不接受智驾，我反正接受，但是我也很小心,0
2025/4/2 16:38,我开软蛋模式，不开快车，不怕[看],1
2025/4/2 16:38,收到了我给你加一万给我[思考],1
2025/4/2 16:38,是的，17号发布yu7现在来个严重事故，必须投抖?搞大流量,1
2025/4/2 16:38,就是油车发生这么严重的碰撞也可能打不开门啊。关键是事故的发生与车子有啥关系啊？？？是人的主观因素导致事故的发生！,0
2025/4/2 16:38,100公里每小时撞击没散架算好的了[泪奔],0
2025/4/2 16:38,这种建议好好扒一扒，经不住扒的[泣不成声],1
2025/4/2 16:38,都说了 没有官方 都是招摇,1
2025/4/2 16:38,总结：走法律程序一分不赔 但是家属要走网络程序,1
2025/4/2 16:38,你把价格打下来，我买辆新的。,0
2025/4/2 16:38,不知道你们说他销量真的是假的，我路上一辆都没看到[流泪][流泪][流泪][流泪],1
2025/4/2 16:38,流量的反噬而已，小米的热度确实是太夸张了[捂脸],0
2025/4/2 16:38,大概率这个是假的，你说都是这群人在网上冲浪，真相都被掩盖了,1
2025/4/2 16:38,@咕咕,0
2025/4/2 16:38,趁火打劫啊你[泪奔],1
2025/4/2 16:39,舆论导向。,0
2025/4/2 16:39,制动匹配不是加速 怎么不解释[微笑],0
2025/4/2 16:39,不能。,0
2025/4/2 16:39,？？？？？,0
2025/4/2 16:39,觉得危险的，我这15w收了 我不怕危险,1
2025/4/2 16:39,四川手机报没发信息之前我是不会支持的[色],1
2025/4/2 16:39,不了解，但经常看到米粉说，就想问起火了吗？车门打开没有，挡风玻璃有没有碎，我是真好奇,0
2025/4/2 16:39,为什么要把自己的生命交给智驾呢,0
2025/4/2 16:39,好家伙 刷到自己做的视频了,0
2025/4/2 16:39,我也收[愉快],0
2025/4/2 16:39,人红是非多啊,0
2025/4/2 16:39,这句话的含金量还在上升[泪奔],0
2025/4/2 16:39,华为去年问界m7，网上没一个替华为说话，那个人开的问界甚至不是智驾版本的，就任由网上骂,1
2025/4/2 16:39,那你要这样的话[看],0
2025/4/2 16:39,想多了。国内品牌哈。前几天大会专门讲过要整治国内车企的不良竞争。,0
2025/4/2 16:39,我13w,0
2025/4/2 16:39,没事不要打别人电话，很烦的。,0
2025/4/2 16:39,那我确实要红温了,0
2025/4/2 16:39,转我两万，我给你买个模型，包漂亮的妹妹,1
2025/4/2 16:39,希望后排两个同学起诉车主 不能放过她[微笑],1
2025/4/2 16:39,很久了，确实是这样的，遇到问题先阴阳怪气一顿[九转大肠],1
2025/4/2 16:39,每年出车祸死那么多人   车企都要赔偿嘛,0
2025/4/2 16:39,托管大小王给你拆了出,0
2025/4/2 16:39,这两个就是纱布,1
2025/4/2 16:39,用不着，申请租房用的，可以提一次，每年,0
2025/4/2 16:39,真不挣钱,0
2025/4/2 16:39,油车出事燃的不多，就算燃也没那么快。赔付这个有的纠纷了，事不关己也没必要了解那么清楚。现在就小米最火，无非也是蹭流量，博取利益。,1
2025/4/2 16:39,赔另外两个人钱，估计要一嗨多万,0
2025/4/2 16:39,加3w卖你,1
2025/4/2 16:39,还年轻，应该先告报火警119那个人[看]不是他的房子为什么要报警，然后让报警人证明火灾不是他造成的。[看]是自家人报警才能采取你的方法,1
2025/4/2 16:39,哄抬物价 叉出去[酷拽],1
2025/4/2 16:39,@鱼老板e [酷拽],0
2025/4/2 16:39,我出11w[色],1
2025/4/2 16:39,那放转转啊[白眼],1
2025/4/2 16:39,之前看到很多开新能源汽车都这么干的,0
2025/4/2 16:39,@李毛毛??,0
2025/4/2 16:39,@北風,0
2025/4/2 16:39,到现在，交付了二十多万台。其中一台出现了这种事故，按概率来说。。我还是愿意买它。,0
2025/4/2 16:39,最大的问题是车主,1
2025/4/2 16:39,点了[调皮][OK],0
2025/4/2 16:39,你这算盘我在四川都听见了,1
2025/4/2 16:39,半夜开车去赶考，觉得不是很合理,0
2025/4/2 16:39,@西洲,0
2025/4/2 16:39,@??卜羅?? @就叫熊猫好了 @南科一梦 @??玫瑰和你,0
2025/4/2 16:39,我出7w[看],0
2025/4/2 16:40,我竟然无法反驳你[捂脸],0
2025/4/2 16:40,出车祸警察没确认车子有问题之前，按常理也不该找车企啊，不是先找出过错方吗？有可能找到路障方，也不可能车企先回应，是吧,0
2025/4/2 16:40,那，我没钱是不是可以去投诉银行喽。,0
2025/4/2 16:40,上面有人10收[抠鼻]你出价太低了,1
2025/4/2 16:40,谁的小米不敢开了，我3w收，自提[呆无辜],0
2025/4/2 16:40,是的，即使人没外伤，脑瓜子里面的东西也是很容易晃坏的,0
2025/4/2 16:40,只有你勤勤恳恳种麦子蒸馒头，你生意好，你让那些不好好蒸的怎么想，他们会不会找人来搞你[抠鼻],1
2025/4/2 16:40,需要一台好的设备 你算问对人了去转转,0
2025/4/2 16:40,她男朋友说的[看]，在千里之外说的，说车门打不开[看],0
2025/4/2 16:40,走法律程序，就应该等警方调查结果，而不是一直在网上发自己认为的结果混淆是非，这难道不是在通过舆论想要跳过警方勒索吗[尬笑],1
2025/4/2 16:40,人为引起的交通事故都是不赔的,1
2025/4/2 16:40,大哥要合规吧，咱们国家有保险法规,0
2025/4/2 16:40,@阿朱,0
2025/4/2 16:40,图片评论,0
2025/4/2 16:40,深圳公积金随意取，全额[流泪],0
2025/4/2 16:40,我都怕yu7涨价[泣不成声],0
2025/4/2 16:40,女儿没了 儿子总不能不管了吧[暗中观察],1
2025/4/2 16:40,那咋了？,1
2025/4/2 16:40,就冲米猴子辱骂遇难者家属，也不想想那三具炭化骨架年轻的女孩，到处封人家家属发言，是不可原谅的，营销的车与事实严重不符，误导消费者，把消费者当试验品，是不可原谅的。,1
2025/4/2 16:40,我也要,0
2025/4/2 16:40,托管他直接来个四个二带两王冲刺,0
2025/4/2 16:40,几个大学生，半夜开车，怎么放心的！高铁不行吗，胆子也太大了,1
2025/4/2 16:40,笑死了 还下跪哈哈哈哈,1
2025/4/2 16:40,现在那些人总把辅助驾驶当人用，纯属没脑子,1
2025/4/2 16:40,回复@18-laIaa_SZDs:信不信出了事他家人会找车企闹,1
2025/4/2 16:40,@星期八 @浓Q @麻辣浪 别尬黑,1
2025/4/2 16:40,当年问界车祸，还被群发消息广而告之,1
2025/4/2 16:40,那我真要消费贷了[憨笑],0
2025/4/2 16:40,前提有激光雷达,0
2025/4/2 16:40,说的太对了,0
2025/4/2 16:40,看清楚，尾款待支付呢,0
2025/4/2 16:40,干嘛要相信自动驾驶？？自己的生命干嘛不由自已来掌握[流泪][流泪],0
2025/4/2 16:40,你这算盘打的我在这都听到了[泪奔],0
2025/4/2 16:40,网上看到一个新闻，一个人要参加考公，因为嫌弃当地酒店太贵，选择当天早上走高速过去，结果因为堵车迟到了，备考了三年,0
2025/4/2 16:40,1,1
2025/4/2 16:40,打官司，告家属造谣在网上引导舆论。 这次不整治这种碰瓷行为，以后小米造老罪了@雷军,1
2025/4/2 16:40,小米4可以吗,0
2025/4/2 16:40,@剑舞长空笑,0
2025/4/2 16:40,在读学生家里配了一辆小米速七，觉得是穷人家庭吗,1
2025/4/2 16:40,为什么只揪着小米而不去找修路的部门，施工的人呢,0
2025/4/2 16:40,不是哥们[酷拽]速度100撞水泥墩驾驶舱还没多少变形[酷拽]有几个车能做到？,0
2025/4/2 16:40,问界那个还没过去多久吧,0
2025/4/2 16:40,去年米粉围攻问界m7的时候可没人这么说[看],1
2025/4/2 16:40,5w，就算只能开100公里我认了[机智],0
2025/4/2 16:40,@檀恋爱 就是,0
2025/4/2 16:41,我打金铲铲空城连败都得看着 他们开车都敢这么玩[赞][赞][赞],0
2025/4/2 16:41,@??僖僖 @喵桑,0
2025/4/2 16:41,我上高速都不太敢用定速巡航，就怕突然失灵。好家伙高速用自动驾驶真是胆大妄为啊[泪奔],0
2025/4/2 16:41,如果有担当，那就承担责任，不是用嘴来说的，是用行动,0
2025/4/2 16:41,跪你吗b,1
2025/4/2 16:41,[尬笑],0
2025/4/2 16:41,@一觉醒来我竟重生了,0
2025/4/2 16:41,确实胆小[呲牙],1
2025/4/2 16:41,不用怀疑[看],0
2025/4/2 16:41,理论是这样，但是另外两个家属肯定不同意啊,0
2025/4/2 16:41,我也要求你了[流泪],0
2025/4/2 16:41,我一个二道贩子都不敢给这么低[捂脸],0
2025/4/2 16:41,@Ymlmadara @啊七七个七,0
2025/4/2 16:41,发现障碍时为什么不是紧急制动？至少应该是大幅减速呀！却搞什么让人接管？在那种情况下，首要的不应该是制动、减速吗？让人接管，等反应过来，已经失去了最佳时间。为什么？,0
2025/4/2 16:41,如果以这个速度门真的撞开了人可能直接飞出去了把,0
2025/4/2 16:41,这次竟然没找道路施工索赔，超常理,0
2025/4/2 16:41,今天酒驾被查了，我得起诉造酒的,1
2025/4/2 16:41,本来是一场普通的交通事故，但这个车是小米,1
2025/4/2 16:41,??[捂脸][OK],0
2025/4/2 16:41,键盘影响操作了[九转大肠][九转大肠][九转大肠],0
2025/4/2 16:41,四个三拆两对就老实了[黑脸],1
2025/4/2 16:41,和之前那个过坑断摆臂的那个是一样的,0
2025/4/2 16:41,@七旬大爷极品奶狗兼职夜店男模 3月内的新车我加五千[捂脸],0
2025/4/2 16:41,我出 15.5,0
2025/4/2 16:41,你……,1
2025/4/2 16:41,事故调查结果出来了吗，小米赔什么，要赔也是路政和保险吧[抠鼻]，就算要赔也是车辆自身问题,1
2025/4/2 16:41,这玩意儿确实不能托管[暗中观察][暗中观察],1
2025/4/2 16:41,好久不见，我和小伙伴们都在雷军的超话社区等你，快点来看看吧，回家指路&gt;&gt;雷军,0
2025/4/2 16:41,我怎么每年都能提,0
2025/4/2 16:41,对，真有问题直接法律结果就够了，还需要舆论,0
2025/4/2 16:41,说到心坎了,0
2025/4/2 16:41,车子还是日系车好,0
2025/4/2 16:41,开那么快直接撞水泥柱 油车也得会烧起来啊 更别说电车了,1
2025/4/2 16:41,我也是 肯定提前好几天就定好高铁和酒店 提前一天到 自己开车过去 而且还是这么远的距离 说实话真的有点不可思议,0
2025/4/2 16:41,那就不知道了[捂脸],0
2025/4/2 16:41,不好意思，我有10万,0
2025/4/2 16:41,高速路上敢去救人[赞],0
2025/4/2 16:41,你有没有实力,1
2025/4/2 16:41,我出15万,0
2025/4/2 16:41,哥，你收到了8万转一台给我，差价该你赚的,0
2025/4/2 16:41,哈哈哈哈哈，亲民,0
2025/4/2 16:41,欸只能说珍爱生命吧[捂脸],0
2025/4/2 16:41,好好好，如果这样那我要买了。,0
2025/4/2 16:41,以后买车只买交强就行了，出了事有车企，,0
2025/4/2 16:41,1,1
2025/4/2 16:41,甚至车都是男朋友的[捂脸][捂脸],0
2025/4/2 16:41,林志颖当时八十几码撞一下都差点挂了 你说呢[看],1
2025/4/2 16:41,5w有多少我要多少[泪奔],0
2025/4/2 16:41,出事了怪雷总。。不来安慰。不给钱,1
2025/4/2 16:41,确实是，但仔细去看评论区，一堆说什么我开XX车这么快撞了，屁事没有，还能下车打120[尬笑],1
2025/4/2 16:41,@花间空 @竹质洚 @啊这 @可塑性 @下节课 @山景画 @正业成 @一捧小徐 哈哈哈哈这比喻,0
2025/4/2 16:41,评论区好多人喷我胆小哈哈哈我这种提车在苏州巴音布鲁克开200的，开了7年车子反而不敢开快了[捂脸],0
2025/4/2 16:41,收了给我一台，我出6w，你可以赚1w,0
2025/4/2 16:41,雷军的含金量还在提升[看].,0
2025/4/2 16:41,去菜市场买鱼  吃啦被鱼刺卡着  我是不是应该去要个说法,0
2025/4/2 16:41,点了,0
2025/4/2 16:41,对啊，出事故不应该第一时间报保险联系交警吗？,0
2025/4/2 16:41,@?大珊寶貝?,0
2025/4/2 16:41,就是[看],0
2025/4/2 16:41,好奇英雄联盟有没有影子对局,0
2025/4/2 16:41,我出49900,0
2025/4/2 16:42,不用，社保停缴半年就能取了，我的就已经取出来了,0
2025/4/2 16:42,我开油车我还手机都不敢看呢，她咋敢高速依赖辅助驾驶呢[衰]，我不能理解且共情不了，虽然她失去了生命，可是通行的两个更无辜,1
2025/4/2 16:42,最活跃的网民,0
2025/4/2 16:42,这是个人流量与企业深度捆绑的反噬,0
2025/4/2 16:42,不管什么车，都有可能发生车祸,0
2025/4/2 16:42,撞车=死亡 [我想静静],1
2025/4/2 16:42,打客服有用？,1
2025/4/2 16:42,emmm如果不搞车企，车主是要被死者家属索赔的,1
2025/4/2 16:42,公积金每年都可以提啊,0
2025/4/2 16:42,你要真这样我就买了啊,0
2025/4/2 16:42,这个是真收啊，[尬笑][尬笑][尬笑],0
2025/4/2 16:42,我出6w,0
2025/4/2 16:42,嗯，新闻姐将小米su7案件始末剖析的清晰明了,0
2025/4/2 16:42,谁的su7看到这个不想开了拿过来我开[奸笑],1
2025/4/2 16:42,车主都没现身，全程是女方在闹，估计男方家里有点权和钱，女方不敢找麻烦[看],1
2025/4/2 16:42,去告普罗米修斯,1
2025/4/2 16:42,开那么高干嘛？,1
2025/4/2 16:42,30号池州事业编考试,0
2025/4/2 16:42,批评车企还需要允许？ 不是，跪久了吗？ 消费者批评权都没有了？,1
2025/4/2 16:42,死了三个人车主要赔钱的[泪奔],1
2025/4/2 16:42,所以上面讨论赔没赔有什么意义？,0
2025/4/2 16:42,如果调查结果出来不是电池或者汽车的问题，那些非得怪小米汽车和电池的人就自己打脸自己吧。如果是电池或者车的问题，我相信小米一定会妥善处理。,0
2025/4/2 16:42,12万5？我犹豫一秒都对不起自己的[宕机][宕机],1
2025/4/2 16:42,@老婆??,0
2025/4/2 16:42,都说了是造谣了，没人知道。[我想静静],1
2025/4/2 16:42,可以搜一下舟山保时捷718,0
2025/4/2 16:42,他女儿男朋友应该是高薪职业的 毕竟车是他男朋友买来送给她的[黑脸],1
2025/4/2 16:42,也不行，一个炸弹托管出了一对。。。[尬笑][尬笑][尬笑],1
2025/4/2 16:42,@Z5A-5081,0
2025/4/2 16:42,我不管就是车企的问题,1
2025/4/2 16:42,我要提我的社保了,0
2025/4/2 16:42,有人给出事人那一家消费了，找话题嘛，让人产生共鸣而已，还有很多非常明显的词语，女性，女司机，小米汽车，比亚迪电池，新能源汽车，自燃，安全，都是非常有流量的话题,1
2025/4/2 16:42,今天跌4%，哪翻红了[泪奔],0
2025/4/2 16:42,要是12.59w，那我这个普通大学生就要考驾照准备买车了嗷[看],0
2025/4/2 16:42,问界的时候你们可不是这么说的[微笑],0
2025/4/2 16:42,雷总:我没说过，造谣抓走,0
2025/4/2 16:42,@陈四海（在努力） @小太阳幼儿园话事人??? @几何时梦醒 @小?? @努力的小吴,0
2025/4/2 16:42,哈哈哈哈,0
2025/4/2 16:42,我出5万5！ 我吃点亏！,0
2025/4/2 16:42,@心动默念 确实,0
2025/4/2 16:42,油车的话，不会是打不开门烧死，撞的时候八成就没了,1
2025/4/2 16:42,智能驾驶跟无人驾驶是一种吗,0
2025/4/2 16:42,收到了五万给我，我出运费[暗中观察],0
2025/4/2 16:42,[泪奔]好吧[泪奔]还是很想要的,0
2025/4/2 16:42,这次股价跌了估计等风波过去要暴涨[看],0
2025/4/2 16:42,他为什么要破局？这关他们什么事，不要乱带节奏了，这车又不是行驶过程无端端起火自燃得，起因难道不是行驶员不正当行驶导致的结果吗关车企什么事请问？,1
2025/4/2 16:42,网暴一个小米用户的母亲，它们怎么做得出来。。。,1
2025/4/2 16:42,我也要,0
2025/4/2 16:42,噗，卖多了天天有小米的车祸，跪的过来不,1
2025/4/2 16:42,那我要上贷款买了[呲牙][呲牙],0
2025/4/2 16:42,问界？,0
2025/4/2 16:42,@北海悲 @春风得意江,0
2025/4/2 16:42,@小羊苏熙呀,0
2025/4/2 16:42,测试汽车撞击也是50-60的速度，超过60都是超出车的安全范围了。这100撞水泥墩 没有卸力的地方，全给车了，你想想产生的力度有多大，车能抗住，就问问你这块肉能不能抗住！,0
2025/4/2 16:42,因为运城问界m7就直接对华为开炮，这点有的小黑子肯定反过来骂的,1
2025/4/2 16:42,我有一次手里就剩炸弹和俩王了，闭着眼睛都能至少赢两炸的牌托管儿给我打出一个4带2[微笑],0
2025/4/2 16:42,公积金随时可以提啊,0
2025/4/2 16:42,车主需要赔付很多很多，需要一个好欺负好说话的多赔付点，这是个聪明的家属,1
2025/4/2 16:42,盘甘听[看],0
2025/4/2 16:42,要先办港卡,0
2025/4/2 16:42,下跪可还行,1
2025/4/2 16:42,邪恶大鼠标是啥,0
2025/4/2 16:42,将近100的速度撞上，没准当场就没了,1
2025/4/2 16:42,以前那么多烧的，怎么没人提撞了会晕，小米出来了各个都提车主晕了,1
2025/4/2 16:42,那等着第二天亮大头照吧[捂脸],0
2025/4/2 16:42,禁止内卷,0
2025/4/2 16:42,人家第一时间已经把证据车拖走了，后面直接说车没问题就行了，无处查证了,1
2025/4/2 16:42,我三年十万公里，让我来[白眼],1
2025/4/2 16:42,我没开过有智驾功能的车 但是在我心里 我一直认为这个智驾就是一个升级版的定速巡航 开启这个功能我认为只是解放了右脚的频繁使用 但完全不能离开刹车踏板 而且吧再NB的智驾我觉得根本处理不了路上发生的各种路况 最安全的驾驶方式我还是以人为最高控制权最安全,0
2025/4/2 16:42,甲亢哥也专门乘坐和赞叹了小米苏7，近期一定会出事的。,1
2025/4/2 16:42,第二个是因为租车公司说是华为的责任，车主才找的华为,0
2025/4/2 16:42,不认可，饮鸩止渴,1
2025/4/2 16:42,因为车是借的，出事了车主是要负责任的,0
2025/4/2 16:43,前提是有人开门没[捂脸],0
2025/4/2 16:43,还是你会说[捂脸][捂脸],0
2025/4/2 16:43,打不开车门是外面打不开吧！,0
2025/4/2 16:43,怪自己命不够硬,1
2025/4/2 16:43,不要哄抬物价,0
2025/4/2 16:43,国内外都有[灵机一动],0
2025/4/2 16:43,看来机械门手把都要改回来了，隐藏式手把不能再用了，出厂安全锤必配一把，杜绝后患，增强防范意识。,0
2025/4/2 16:43,时速近百公里，你还指望他能活，做坦克里也不能活啊[捂脸][捂脸],1
2025/4/2 16:43,车子如果没买座位险，保险不赔钱。 一次三个。 起码得300万。 拉小米入场就是想让小米赔钱。,1
2025/4/2 16:43,为什么一碰都炸了，撞到护栏车门自动锁死，为了节约成本减配机械把锁，让人活活烧死，只给司机三秒反应时间，国产车用三元锂离子电池成本低，容易自燃自爆，像是坐炸弹上，特某拉用磷酸铁锂相对不容易起火，不是说国产不好，现在小米又开始买流量在抖音煽动舆论方向，真让人失望，买这车都是爱国的,1
2025/4/2 16:43,送我我都不要,1
2025/4/2 16:43,[捂脸]我特斯拉虽然也自动驾驶，但是该看路还是看路,0
2025/4/2 16:43,那很权威了兄弟,0
2025/4/2 16:43,我出10W[看],1
2025/4/2 16:43,哥收到了，?5q卖我一台,1
2025/4/2 16:43,回旋镖回到自己身上啦,1
2025/4/2 16:43,[笑哭][笑哭][笑哭],0
2025/4/2 16:43,60的速度都很容易重伤 颈椎断掉的也不少 速度快了总是危险的多,0
2025/4/2 16:43,我这是助人为乐，帮人危险转移的，是大爱,0
2025/4/2 16:43,确实，看完小米烧完后的车架，真心觉得他们家质量不错，反而路转粉了（仅限汽车）[捂脸],0
2025/4/2 16:43,我今年省考的时候提前一天下午就已经单考点附近的酒店休息了[捂脸],0
2025/4/2 16:43,对的，现在正是买小米股票的好时机，我也去整点,0
2025/4/2 16:43,@很神奇的天氣預報 @伍佰 @滴水之恩咏春相报,0
2025/4/2 16:43,我觉得我吃个亏，3w不能再多了,0
2025/4/2 16:43,谁的小米不敢开了，我5W无限收,1
2025/4/2 16:43,就是想多换点钱，仅此而已，和当初的月半猫一样[憨笑],0
2025/4/2 16:43,我多加一万从你手里买[赞],0
2025/4/2 16:43,这车开着不安全，但是你都买了，直接扔了污染环境，这样吧，你扔给我，我帮你处理掉,1
2025/4/2 16:43,兄弟们，看见没小米不能开了，我6W收一台[看],1
2025/4/2 16:43,找警察给你通报啊，这是交警的责任好吗，搞搞清楚啊，车企也只是配合调查,1
2025/4/2 16:43,真的[捂脸],0
2025/4/2 16:43,万一外面还有炸呢[看],1
2025/4/2 16:43,开车分心跟喝酒开车一样，别都怪车的原因,0
2025/4/2 16:43,天才,0
2025/4/2 16:43,都是成年人都要为自己的选择买单，不要埋怨谁，没有人逼着谁买，如果有人从楼上跳下是不是要开发商负责？,1
2025/4/2 16:43,那就是没急安全带[尬笑],0
2025/4/2 16:43,12万，我估计友商要去国外找杀手去找军了。[捂脸],1
2025/4/2 16:43,20万我要了[流泪],0
2025/4/2 16:43,起火了，打不开，其他不清楚,0
2025/4/2 16:43,这就是米粉 夜晚去吃碗炒米粉哈哈哈哈哈哈,0
2025/4/2 16:43,这太离谱了吧？害人害己？,1
2025/4/2 16:43,??刷到的帖子都在说司机是新手，吧啦吧啦。,0
2025/4/2 16:43,电车起火是让里面的人没有抢救必要了 电车比油车更容易期起火这个是事实， 但是97速度不是撞其它车没有卸力 直接撞墙那个冲击力挂的概率也是很高,1
2025/4/2 16:43,我出6.6w[黑脸],1
2025/4/2 16:43,这就跟吃饭被噎死了，问种地的怎么种的粮食[尬笑],1
2025/4/2 16:44,不会啊，随时都能提[抠鼻],0
2025/4/2 16:44,@?? 宇宙超级无敌   ????1 收一台,0
2025/4/2 16:44,急得我疯狂跳脚，连夜研究怎么开港股账户[逞强落泪][逞强落泪],0
2025/4/2 16:44,高速，深夜，手离方向盘,0
2025/4/2 16:44,去年某为可不是这样啊,1
2025/4/2 16:44,这个不清楚，车内人员没给说[看],0
2025/4/2 16:44,不要破坏市场,0
2025/4/2 16:44,半夜走长途高速。还过度依赖智驾。二十来岁小女生。能有多足的高速驾驶经验。胆真的太大了[泣不成声]我10年本子龄。上手开6年，在高速上走夜路，什么极端天气都碰过。。都不敢掉以轻心。。,1
2025/4/2 16:44,tsl,0
2025/4/2 16:44,啊，你在说什么[捂脸],0
2025/4/2 16:44,对的,0
2025/4/2 16:44,哈哈哈哈,0
2025/4/2 16:44,你是真傻还是假傻？不知道当时问界发了几次公告？,1
2025/4/2 16:44,而且人家叫辅助驾驶 不叫智能驾驶,0
2025/4/2 16:44,哪像小米啊都不需要扣了。,1
2025/4/2 16:44,有没有小米不敢开的，我用奔驰换，油车比较安全[抠鼻],1
2025/4/2 16:44,没事，现在网上各种说法实在是乱[捂脸],0
2025/4/2 16:44,我弱弱的问一句电车有碰撞测试吗？特别是电池包的碰撞安全性,0
2025/4/2 16:44,中国企业太难干了。还没弄清前因后果没判定责任 就开始攻击企业。,0
2025/4/2 16:44,说实话，我是认可雷总的人品的，我觉得他和其他商人不同。,0
2025/4/2 16:44,三个女孩子在一起，考完了不得逛逛街，吃一顿[灵机一动],0
2025/4/2 16:44,咋不说要去鹅城上任当县长呢,1
2025/4/2 16:44,活下来也是重伤[捂脸],0
2025/4/2 16:44,可以提取部分 我同事闲的无聊提了8万  点租房提取,0
2025/4/2 16:44,给我一个,0
2025/4/2 16:44,[尬笑]当初特斯拉被污蔑刹车失灵的时候真的没这么多明事理的网友，小米这个舆论环境已经很不错了,1
2025/4/2 16:44,我准备出8.5呢,0
2025/4/2 16:44,回复@风的想法2024:国家规定L3级别叫自动驾驶，L2级别叫辅助驾驶，L3出事算企业的，L2出事算自己的,0
2025/4/2 16:44,申请就能领，公积金而已又不是养老金,0
2025/4/2 16:44,科比家属怎么不找直升机厂家,1
2025/4/2 16:44,找房产中介，有的是路子,0
2025/4/2 16:44,前几天刮了忘记找特斯拉赔，现在还来得及吗[捂脸],0
2025/4/2 16:44,亏了我好多[捂脸],0
2025/4/2 16:44,油车也有电池的，,0
2025/4/2 16:44,哥们儿，你真实到我了[泪奔]  （单纯斗地主）,0
2025/4/2 16:44,我一个16年驾龄的也不敢用智驾，这不是把生命拴在电脑裤腰带上吗？[尬笑][尬笑][尬笑],0
2025/4/2 16:44,那不应该打电话通知吗，发信息来得及吗,0
2025/4/2 16:44,那我不敢[捂脸],0
2025/4/2 16:44,@普朗克的救命橙?? @Oui Oliver @小罗酱 @ssssssss @蛋挞王子 @Emmazing @柴理一泡 @屹舟Yeezo @Usher @床边有只猫 @一只萝卜皮?? @夏目cansing,0
2025/4/2 16:44,你不懂，,0
2025/4/2 16:44,她那是辅助驾驶，不是智驾,0
2025/4/2 16:44,我在想是不是以这个速度撞击都会爆炸，那这样太可怕了,0
2025/4/2 16:44,就硬闹,1
2025/4/2 16:44,[发呆],0
2025/4/2 16:44,什么牌能剩下王炸托管，你剩王炸了，对面拿什么牌打得你剩下王炸了？？,0
2025/4/2 16:44,我十万收[微笑],1
2025/4/2 16:44,科技本来就是不断进步的，人家说了智能辅助驾驶，不是无人驾驶,0
2025/4/2 16:44,@星星?偷走睡意 真的，除非我没空,0
2025/4/2 16:44,兄弟算盘珠子都蹦到云南了。,1
2025/4/2 16:44,找到了和我说一下，我也买[九转大肠],0
2025/4/2 16:44,智驾这东西刚出的时候我去4S店试驾，销售说智能驾驶多牛叉，我就问他用智能驾驶肇事了你们负全责吗？他说那管不了，那我也买不了。车还得靠自己开，顶多加两个紧急避障，疲劳提醒之类的辅助功能。把命全交给电脑，和赌俄罗斯轮盘有啥区别,0
2025/4/2 16:45,我出6w,0
2025/4/2 16:45,看地方政策，广东的公积金想提随时提,0
2025/4/2 16:45,分我一台[流泪],0
2025/4/2 16:45,上午评论区是5万哈，你这属于搞乱市场[呲牙],1
2025/4/2 16:45,我跟你想法一样[流泪],0
2025/4/2 16:45,我这里有小米，上个月在超市买的小米。适合煮粥,0
2025/4/2 16:45,晚了,0
2025/4/2 16:45,那个测试故意断电的吗,1
2025/4/2 16:45,谁告诉你的，我的公积金都让我用了好几万了,0
2025/4/2 16:45,要是真赔钱了真得买su7 买车送人身意外险[捂脸][捂脸][捂脸][捂脸],0
2025/4/2 16:45,我有点穷，我出两万[看]还希望能送我一年保险[看],0
2025/4/2 16:45,当然怪车企啊，其他车企出这事，“网友”们不都这样嘛，总不能轮到小米就另一套说法吧,1
2025/4/2 16:45,这样我就开始卖车咯[捂脸],0
2025/4/2 16:45,这个本来就是个冒充官方的博，好多年了带节奏次次有他，带上祖国俩字就可以呼风唤雨了么？,1
2025/4/2 16:45,@玥玥子 [憨笑],0
2025/4/2 16:45,这个其实叫“辅助驾驶”，低配版的就不叫智能驾驶叫辅助驾驶了，是这个人把辅助的当智驾用才发生问题，正常的智驾是没问题的,0
2025/4/2 16:45,我可以加点[尬笑]主要没代步[灵机一动],0
2025/4/2 16:45,再智能我也不敢在高速上，夜晚那么高时速睡觉，同时为逝者痛心阿弥陀佛[感谢][感谢][感谢],0
2025/4/2 16:45,随车的两人也噶了，车主大概率没买乘客险，估计要赔个底朝天，车主是实惨，车没了，未婚妻没了还得赔两条人命的钱[捂脸],1
2025/4/2 16:45,馊主意,1
2025/4/2 16:45,跑高速我就只敢打开 acc自适应，方向盘绝对是不放心交出去的[捂脸],0
2025/4/2 16:45,我已经准备起诉腾讯了[愉快][赞],1
2025/4/2 16:45,这录像的也是人才，还开不开车？,1
2025/4/2 16:45,准备提辆小米。。。排队。。。,0
2025/4/2 16:45,我命由我不由天,0
2025/4/2 16:45,哈哈哈,0
2025/4/2 16:45,雷总还是脾气太好了真的,0
2025/4/2 16:45,一路走好,0
2025/4/2 16:45,去告环境保护单位，树种太多，周边氧气浓度高，导致火烧的旺盛，所以造成了这个严重结果[看],1
2025/4/2 16:45,搞吧搞吧，把小米搞销量下降，我好提车，太慢了,1
2025/4/2 16:45,它们不抱怨路政有没有问题就说车有问题唉[感谢],0
2025/4/2 16:45,哥你收到了我八万留我一台[黑脸],1
2025/4/2 16:45,那我必买，等两年我也买[抠鼻][抠鼻][抠鼻],0
2025/4/2 16:45,因为三个人没有一个人是车主本人，车主借车出去也要承担法律责任。,0
2025/4/2 16:45,能不能分析一下胖东来,0
2025/4/2 16:45,有啥我也不敢，方向盘在我手里才是安心,0
2025/4/2 16:45,等到此时的那几天心情怎么样 这几天你在樱花树下的照片真好看,0
2025/4/2 16:45,@nicebibi @为遇见伏笔 @狂抽猛送三千下 哈哈哈,0
2025/4/2 16:45,我们这可以提，每个月都行[捂脸],0
2025/4/2 16:45,还要等十几年,0
2025/4/2 16:45,她是大学生啊，虽然成年了，但是经济方面没有独立，父母肯定有部分责任要承担啊，这不知道吗[捂脸],0
2025/4/2 16:45,为啥要道歉？？？？,1
2025/4/2 16:45,租房可以提你不知道吗[发呆],0
2025/4/2 16:45,开车这个事情还是得谨慎，几十年的老司机都不敢这样,0
2025/4/2 16:45,都可以自动那驾照是拿来干什么的,1
2025/4/2 16:45,腾讯确实可以起诉他[捂脸],1
2025/4/2 16:45,哎 不是哥们 你怎么哄抬物价啊[看],1
2025/4/2 16:46,港股，50w入场费[微笑],0
2025/4/2 16:46,上次说开车只相信自己双手，结果被人追着喷没用过智能驾驶[捂脸],0
2025/4/2 16:46,造谣的全部抓紧去,1
2025/4/2 16:46,这个话很早以前就说过了…雷军还是有预见性,0
2025/4/2 16:46,一手烂牌我直接托管，但凡有点希望我还是会尝试一下[大笑],0
2025/4/2 16:46,车模嘛[微笑],0
2025/4/2 16:46,信仰比生命重要，我就是这样的[看],0
2025/4/2 16:46,我十五万[微笑]多的不要两辆就行,0
2025/4/2 16:46,我还剩一张牌了～托管！[猪头][猪头],0
2025/4/2 16:46,max吗,0
2025/4/2 16:46,是不是第一次不知道[赞],0
2025/4/2 16:46,小米是最好的车企之一，永远相信小米，相信雷总。,0
2025/4/2 16:46,哈哈哈 贷款买[看],0
2025/4/2 16:46,“活跃度比较高的网民”,0
2025/4/2 16:46,我有一次剩了对三，他给我出了一个,0
2025/4/2 16:46,断交可以提出来！,0
2025/4/2 16:46,雷总早就说过这段话[尬笑],0
2025/4/2 16:46,赔不起，加上这后面80%有友商指导,1
2025/4/2 16:46,要我说就是一个字，因为是国产,1
2025/4/2 16:46,是智能辅助，不是可以无人驾驶[憨笑][比心],0
2025/4/2 16:46,我六年开了五万公里，定速巡航都不咋开[捂脸],0
2025/4/2 16:46,这不是欺负老实人么？出车祸找保险公司啊,1
2025/4/2 16:46,贷款起诉？,0
2025/4/2 16:46,为什么不会自动刹车[打脸][打脸][打脸][打脸],1
2025/4/2 16:46,笑死我了,0
2025/4/2 16:46,我的小米手机不敢开机了，卖给你吧,1
2025/4/2 16:46,因为借来的车没保险啊，一赔三，耍赖,1
2025/4/2 16:46,可以找人给手续费提[看],1
2025/4/2 16:46,像不像有人拿刀行凶了，结果生产刀的被告了！,1
2025/4/2 16:46,那可告的就太多啦[泪奔],0
2025/4/2 16:46,去告建房子的人[看],1
2025/4/2 16:46,这条视频也是在引导，听两遍你们就知道我在说什么,1
2025/4/2 16:46,不懂就问，要是油车，高速撞护栏会是什么情况[流泪]最近想买车,0
2025/4/2 16:46,这幅图的含金量还在上升。,0
2025/4/2 16:46,也就雷军老实人，换别人试试,1
2025/4/2 16:46,收到了告诉我一声，我再添3w跟你买[看],0
2025/4/2 16:46,其它车企绝对推波助澜,1
2025/4/2 16:46,44了,0
2025/4/2 16:46,肯定得这么说，多推卸一些责任啊[捂脸]，不然说不定他赔不起呢,1
2025/4/2 16:46,这撞击水泥 不是行驶的车辆可以卸力  以前做车后排给一个女司机40多速度横着撞一下 脑子都是懵的,0
2025/4/2 16:46,直面感觉他的销量不会受影响，主要还是车主对车对路还得抱有敬畏之心，不然再好的车都白扯,0
2025/4/2 16:46,雷军：我现在不和人争吵了，因为我开始意识到，每个人只能站在自己的认知角度上去思考问题。,0
2025/4/2 16:46,运城问界m7：这话粉丝帮我说了一个月，有人听吗？look in my eyes[九转大肠],0
2025/4/2 16:46,雷总，这应该跟你们没关系,0
2025/4/2 16:46,@老大又猫了喵,0
2025/4/2 16:46,一会给你喜提一个十年大礼包,1
2025/4/2 16:46,[捂脸][捂脸][捂脸],0
2025/4/2 16:46,小米车太快了，性能挺好,0
2025/4/2 16:46,大概十多年前我老表10岁左右的时候，骑自行车摔了，主要是品牌我记不清了！怎么办啊？还能起诉自行车厂吗？,0
2025/4/2 16:46,要是这样 怕是搞得更凶,1
2025/4/2 16:46,支持雷总，支持小米！,0
2025/4/2 16:46,[泪奔]估计灵魂出窍了,0
2025/4/2 16:46,还记得那个小米走村道轮子脱了还是第一时间抱怨车[发呆],1
2025/4/2 16:46,肯定有啊，各种角度的碰撞都有，只会比你想的多,0
2025/4/2 16:46,到时候保险说是车主问题不理赔就麻了,0
2025/4/2 16:46,他们开价太低我15万收Pro,0
2025/4/2 16:47,[赞],0
2025/4/2 16:47,我要卖征信了,1
2025/4/2 16:47,有用吗？我也是这样,0
2025/4/2 16:47,真车[不你不想][不你不想],0
2025/4/2 16:47,车里三个人都不幸逝世了，警方通报都没出来，你家属怎么知道车门锁死打不开的[黑脸],1
2025/4/2 16:47,智能辅助驾驶，不是自动驾驶，如果司机一直注意力集中看着前方，我不信还会发生，路政修路不可能一点警示标志没有，自己的生命安全要掌握在自己手里,0
2025/4/2 16:47,[捂脸],0
2025/4/2 16:47,为什麼碰一下就烧火了,1
2025/4/2 16:47,本来就没有意义，就算车辆本身有问题，我敢说小米也不能赔。潘多拉魔盒一旦打开就没有回头路了，都这么赔人家车企还赚不赚钱了,1
2025/4/2 16:47,总有人把辅助驾驶当自动驾驶[看],0
2025/4/2 16:47,别人说什么我不信，我就相信雷总的为人,0
2025/4/2 16:47,我是油车车主 甚至喜欢手动挡 对电车不太感兴趣 但是也了解过特斯拉理想小米 车门出事故 形变打不开门 爆燃等等情况多了去了 不区分油电 不分哪个品牌 就沃尔沃都不会打包票撞了一定不燃 一定能活,0
2025/4/2 16:47,@狗不会写日记,1
2025/4/2 16:47,说的太对了,0
2025/4/2 16:47,俺不中嘞[捂脸][捂脸][捂脸]俺不中嘞[捂脸],0
2025/4/2 16:47,自动化 驾驶 该立法了 不该超过30迈 上高速更不应该开启自动模式,0
2025/4/2 16:47,忠犬护主,0
2025/4/2 16:47,我这辈子都不可能买电车,0
2025/4/2 16:47,那我出15万[看],0
2025/4/2 16:47,基础款那不算智驾只是高速领航,0
2025/4/2 16:47,[泣不成声]你怎么哄抬价格[我想静静]隔壁2w收一台我要收2台,1
2025/4/2 16:47,全智能不如全机械[赞],0
2025/4/2 16:47,它这个是辅助驾驶，不是智驾！,0
2025/4/2 16:47,因为它是直直撞上去的，没有缓冲，内脏肯定是扛不住这种冲击力的，一旦内脏破裂，医院也是宣布不治而亡或者临床死亡，内脏大出血加上间隔时间，基本上一样活不了，他们没考虑里面坐的是个活人，从医学角度出发这种撞击力其实人就很有可能已经没了，都别说烧不烧的，但凡只是昏迷，su7就已经很不错了，换个别的车，这三个女的都变成二维生物了[捂脸],1
2025/4/2 16:47,腾讯如果起诉失败就起诉手机厂家 在起诉移动电信联通 最后把国家电网也起诉一遍[尬笑],0
2025/4/2 16:47,我敢，大不了就是输而已[看],0
2025/4/2 16:47,看完的感受是还是得买高配啊！低配没激光雷达,0
2025/4/2 16:47,我出3万收一辆,0
2025/4/2 16:47,2年之内的我17万收[呲牙][呲牙][呲牙][呲牙],0
2025/4/2 16:47,我就说东西不能卖得太便宜[尬笑],0
2025/4/2 16:47,得，开始买车主的热搜了，意思是所有车祸的原因都是因为车主了呗，好，你高贵，第一次见到公关这么明目张胆的pua消费者的啊粗粮公关棒棒哒,1
2025/4/2 16:47,小米还有后备电源，你看那么多车撞成那样都没事,1
2025/4/2 16:47,车主全责  不容辩解,1
2025/4/2 16:47,有没有可能其他车企下的盘外招[暗中观察],1
2025/4/2 16:47,说好听点是造车，说难听点就是抄袭加组装,1
2025/4/2 16:47,电脑还是信不足啊,0
2025/4/2 16:47,雷军应该猫起来 少回应这事 绝对不能赔钱 然后科普安全驾驶 然后推迟发布yu7,1
2025/4/2 16:47,没用，十把赢一把[愉快][赞],0
2025/4/2 16:47,@高启强..,0
2025/4/2 16:47,含金量还在上升,0
2025/4/2 16:47,有一次刹车，速度刚起来，从侧边花坛中冲出一人，急刹，我都听到卡卡卡卡的声音[捂脸],0
2025/4/2 16:47,真换你又不乐意了[九转大肠],1
2025/4/2 16:47,@开飞机的舒克,0
2025/4/2 16:47,我可能想象力比较丰富，有没有可能是有人不惜代价想搞臭小米,1
2025/4/2 16:47,前面说的都很有道理，但你说这个事友商投抖?引导舆论证据在哪？[不是吧],0
2025/4/2 16:47,50万放一个月,0
2025/4/2 16:47,我也要了[黑脸],1
2025/4/2 16:47,这不该找雷子吧！,1
2025/4/2 16:47,多大脸啊让雷军给你下跪,1
2025/4/2 16:47,别说爆燃，前面要加撞到水泥墩，还是97的速度,1
2025/4/2 16:47,看看后边评论完美的扯到，华为 特斯拉，比亚迪，宁德时代那里去了，还得是你[捂脸],0
2025/4/2 16:47,这个应该不会国产友军，因为现在国产新能源都在主推智架。,0
2025/4/2 16:48,这是公关开始发力洗地了吗？难道是想影射或引导舆论怀疑3女生？希望不是！,1
2025/4/2 16:48,@狗不会写日记,1
2025/4/2 16:48,都听说过人红是非多，这倒好，车红还是非多了,0
2025/4/2 16:48,美美的睡了一觉,0
2025/4/2 16:48,雷总,0
2025/4/2 16:48,不准抬价[憨笑],0
2025/4/2 16:48,我也是[泪奔],0
2025/4/2 16:48,多了解一下狗头[看]的意思,0
2025/4/2 16:48,腾讯:在下南山必胜客，欢迎来战,1
2025/4/2 16:48,我急刹都是有多大劲使多大劲，一脚跺下去发动机灭火,0
2025/4/2 16:48,天赋型选手[鼓掌],0
2025/4/2 16:48,有没有对小米不放心的[九转大肠]我给你3万块钱[九转大肠]你把车转给我[九转大肠]我放心,1
2025/4/2 16:48,各位SU7的车主，如果觉得不安全，我愿意岀三万跟你们买下来,1
2025/4/2 16:48,这哪有啥能喷的,1
2025/4/2 16:48,我做过，沪昆年年堵。年年要急降速，啥辅助没用，全靠人，很幸运,0
2025/4/2 16:48,小米有当年特斯拉被人围的味道了,0
2025/4/2 16:48,但为了蹭热度虚假信息也会很多,1
2025/4/2 16:48,加我一个，一起[捂脸],0
2025/4/2 16:48,亲哥 收到了 务必给我一台 我不调配置 能跑就行[流泪],0
2025/4/2 16:48,是的[发怒],1
2025/4/2 16:48,聪明人，能走法律一定会走法律的！法律大于一切！,0
2025/4/2 16:48,十五万收ultra [微笑]我不怕死,1
2025/4/2 16:48,这不仅仅是小米的问题，这是电车的通病。应该技术更新解决这个难题。,0
2025/4/2 16:48,司机双手离开方向盘，小米给她们道歉嘛[抠鼻],1
2025/4/2 16:48,把活生生的人交给科技而失去了能动性，还是有点不放心。,0
2025/4/2 16:48,那我可去裸贷了[看],1
2025/4/2 16:48,但驾驶人不是车主，车主也要赔的,0
2025/4/2 16:48,那凉了，等我攒够50个还得好几年[听歌],0
2025/4/2 16:48,海狗干的,1
2025/4/2 16:48,给了就没有不说这事,0
2025/4/2 16:48,之前特斯拉出事的时候，没人找特斯拉啊[抠鼻],1
2025/4/2 16:48,10.5w也买不了小米啊[泪奔],0
2025/4/2 16:48,支持雷总,0
2025/4/2 16:48,普通人对智驾过度信任了,0
2025/4/2 16:48,我出十五万，保真（大事故的排出）[惊喜][惊喜][惊喜]保真！,1
2025/4/2 16:48,回复@风的想法2024:有点脑子行不，驾驶员接管后，就全是驾驶员的事情了，驾驶员不接管他才会降速，电池哪家的不爆炸。 100 码速度撞水泥墩，你看看会不会当场去世。 要不你去试试,1
2025/4/2 16:48,打逆水寒副本人机全自动我都不敢撒手不管会时不时看一下屏幕，免得我死了人机也就都死了然后就要重来[暗中观察],0
2025/4/2 16:48,谁说的。我没买房，用租赁合同就提出来了,0
2025/4/2 16:48,不管小米还是雷总，还是比华为的人有担当,1
2025/4/2 16:48,考试当天上午就结束了,0
2025/4/2 16:48,安卓或者ios就没错？,0
2025/4/2 16:48,[抠鼻]我当然知道有电池，但是电池位置又不是统一的，所以我说了有概率着火,0
2025/4/2 16:48,喷问界的时候怎么没人发,1
2025/4/2 16:48,是的咯[OK],0
2025/4/2 16:48,我从来不用智能辅助，总觉得不靠谱,0
2025/4/2 16:49,不是啊，难道记忆有错乱吗？昨天晚上我还刷到这个来着呀。,0
2025/4/2 16:49,我觉得小米没毛病、什么车出了事故，运气背了也是这个结果,0
2025/4/2 16:49,他只是拍了个视频给你们看，但是有些人是真信,0
2025/4/2 16:49,现在什么浑水摸鱼的都出现了,1
2025/4/2 16:49,真刑,1
2025/4/2 16:49,那你这么说我也来一辆[咒骂],1
2025/4/2 16:49,说的非常正确,0
2025/4/2 16:49,家属在现场吗，他怎么知道的车门打不开,1
2025/4/2 16:49,您那m7是车主在路人眼前被烧死在车里了，那能一样吗,1
2025/4/2 16:49,加油雷总我相信你可以处理好的！网络就是太多黑子。,0
2025/4/2 16:49,所有的新能源电车都是拼装车，一个车全部零件都是买买买买在组装，那里来的安装，慢慢后面新能源汽车都会出事的[捂脸],1
2025/4/2 16:49,感觉就是想让小米赔个大的@Mr. Meng [黑脸],1
2025/4/2 16:49,是将军啊[流泪][流泪][流泪][击掌][击掌][击掌],0
2025/4/2 16:49,还没有，我要当一楼，[酷拽]让他们看见,0
2025/4/2 16:49,油车97马撞水泥石墩就直接爆炸了…,0
2025/4/2 16:49,每个人都是自己生命安全的第一责任人！,0
2025/4/2 16:49,这个在哪可以看,0
2025/4/2 16:49,我12万。自提,0
2025/4/2 16:49,明显道德绑架，欺负老实人吧。你找个别的车企这样处理的案例我看看,1
2025/4/2 16:49,驾驶能力很重要,0
2025/4/2 16:49,和之前邪恶大鼠标一样的，哪家风头盛哪家是非多[钱],1
2025/4/2 16:49,雷总确实良心，意外谁也说不清楚，在车的发展历史上，就没有一台车是百分之百不出事故的，愿逝者安息…,0
2025/4/2 16:49,97的时速往左打了22度方向盘，很大可能是慌了,0
2025/4/2 16:49,"以前开车的时候 快速路  80迈   前方70m处突然窜出一条小狗泰迪 突然窜出来意味着旁边草丛绝对有人横穿马路， 我反应快的很一下子就发现了，马上刹车踩到底，80码还是往前惯性了滑60m 也就是前5m刹住 了
我的妈
那一家子还更人没事一样慢悠悠的走过去 刚刚好我爸就在副驾驶",0
2025/4/2 16:49,看看最后走向如何,0
2025/4/2 16:49,@DR.W @理塘最強纯真丁一郎 @Feiiiii @212.02,0
2025/4/2 16:49,支持小米告她父母,1
2025/4/2 16:49,不对啊你应该告董小姐,1
2025/4/2 16:49,下个服务区前，副驾驶给你喂点水果，下服务区休息或者换人开车[捂脸],0
2025/4/2 16:49,[捂脸][捂脸][捂脸]今年春节从昆明到腾冲开夜车，你们云南高速真是开的精神抖擞！！！有限速70的S型路段，有能见度不到50米的路段，有暗冰路段，真是要疯！一路好几起车祸,1
2025/4/2 16:49,别卷，隔壁才4.88万,1
2025/4/2 16:49,驾车者母亲说，她女儿有三年驾龄，这辆车是她男朋友送给她的毕业礼物,0
2025/4/2 16:49,小米车架真硬，97公里正面碰撞，abc愣是一点都没变形,0
2025/4/2 16:49,我总感觉像商战,0
2025/4/2 16:49,你撞车死了那是开的快都能接受，你这撞车了人晕了，大家发现送医院没救活也行大家尽力了，这三位是撞车了，晕了还是直接没了大家不知道，车着火了[流泪]如果晕了也许还能救，但是你着火不给救的机会你知道这可是三个人命么？你们都帮着车企说话难道现在人命在你们眼里都是活该？人都没了父母得点钱就不对了？几十万对雷总不算啥，对于一个失去孩子的家长可能是活下去的勇气[流泪],1
2025/4/2 16:49,还有什么是真的,0
2025/4/2 16:49,大进小米股票,0
2025/4/2 16:49,名下有房也取不出,0
2025/4/2 16:49,人家说辅助驾驶，你要乱搞，怪谁？,1
2025/4/2 16:49,又没有跌[泪奔],0
2025/4/2 16:49,出这事，我觉得跟小米工厂没啥关系。特斯拉发生的事故比小米多了去了。一样多人买,0
2025/4/2 16:49,现在公积金不是随便提吗，我每年都提，手机上就操作了,0
2025/4/2 16:49,我也要????嘿嘿,0
2025/4/2 16:49,对啊 啥都能沾上边,1
2025/4/2 16:49,早就刷到过，这个是真的,0
2025/4/2 16:49,被这个评论区笑尿了[捂脸][捂脸][捂脸],0
2025/4/2 16:49,我10万收,1
2025/4/2 16:49,100码高速出事故，死活跟车什么关系[捂脸],1
2025/4/2 16:49,我的天,0
2025/4/2 16:49,去告批地的人 赔的多一点,1
2025/4/2 16:49,永远相信美好的事情即将发生！共勉，雷总加油！！,0
2025/4/2 16:49,我去， 我还刚刚认真毒王读完这篇文章,0
2025/4/2 16:49,@1200ml水桶,0
2025/4/2 16:49,某产滴直接盖车扣标[捂脸],1
2025/4/2 16:49,我订两台,0
2025/4/2 16:49,从回复的字里行间，看的出来，雷总对三位年轻女孩的不幸离世，特别心痛，我们大众就不要再恶意解读，给他压力了。相信除了逝者家人以外，雷总是最心痛那个人，后续事情就交给警方来处理吧。让我们对三位不幸女孩致以哀悼，向他们的亲朋好友致以慰问。??????,0
2025/4/2 16:49,我加一万[捂脸][看],0
2025/4/2 16:49,诚心收 10-15w[他急了],1
2025/4/2 16:49,按照她男朋友说的如果车门打不开是清醒状态那为什么不回男朋友微信求救或者打电话求救呢[看]撞车的1分钟说打不开车门找东西撞击玻璃撞不开那第二反应就是呼救啊，路上没人的话肯定是手机呼救但是并没有……如果人是昏迷的话那他男朋友就是诽谤喽（都是猜测啊杠精别来，杆就是你对）,1
2025/4/2 16:49,车再好，出了事故都说不好。这就是人的想法。,0
2025/4/2 16:49,刚才看到一个打篮球摔到场边把腿摔断的，穿的阿迪达斯。我觉得很可怕，家长一直在哭诉，阿迪达斯总裁不出来道歉，阿迪官方也不道歉。,1
2025/4/2 16:49,军八出现卧龙诸葛我才敢托管[憨笑],0
2025/4/2 16:49,友商眼红了呗[捂脸],1
2025/4/2 16:49,就想问问人都没了怎么证实门把手打不开 是不是当时直接昏迷根本没意识尝试打开车门 并不是车门打不开,1
2025/4/2 16:49,吓人啊，活着就是命大，老司机都不见得能处理好,0
2025/4/2 16:49,姨爹博主说的没毛病，一切要看官方,0
2025/4/2 16:49,和你一块,0
2025/4/2 16:49,100码发生碰撞事故乘客还能正常开门下车么?我看悬,0
2025/4/2 16:50,有坏人,0
2025/4/2 16:50,神戳戳的，没得事去帮村口寡妇挑大粪,1
2025/4/2 16:50,好，给我十万，[酷拽]你只能五万收，扰乱市场收拾你,1
2025/4/2 16:50,客服告诉男车主出车祸了，女的应该是晕车上了，男的打电话叫她快点去车外面因为车起火了,0
2025/4/2 16:50,任何车都有事故，大家一起总结教训[感谢],0
2025/4/2 16:50,这不算事,0
2025/4/2 16:50,不会啊，我们这都可以取的,0
2025/4/2 16:50,反正，我开了23年的车到现在连定速巡航都不敢用。,0
2025/4/2 16:50,方向盘还是拿在自己上手比较稳当,0
2025/4/2 16:50,我开80码真的感觉都很快[愉快],0
2025/4/2 16:50,依旧相信小米,0
2025/4/2 16:50,今天钓鱼空军了，我应该起诉鱼竿厂商还是水利局？,0
2025/4/2 16:50,带我一个[发怒]新赛季才几天啊，七连跪两次，现在又四连跪了[发怒][发怒][发怒],0
2025/4/2 16:50,时速一百，只有撞得准什么车不炸？,1
2025/4/2 16:50,有一个疑问，在人驾的同时开启智架是否会产生冲突，另外事故车主是完全智架吗[宕机],0
2025/4/2 16:50,高配版？普通版的话最多8万[九转大肠]，你不敢开让我来,1
2025/4/2 16:50,对，游戏打不好，是开发者的问题[害羞],1
2025/4/2 16:50,把辅助驾驶当成了无人驾驶，是人操控车，而不是车操控人,0
2025/4/2 16:50,为啥不说车窗车门的事？,1
2025/4/2 16:50,如果都这样话，是不是天下所有的车祸都要找车企,0
2025/4/2 16:50,各位SU7的车主，如果觉得不安全，我愿意岀5万跟你们买下来[不失礼貌的微笑],1
2025/4/2 16:50,雷总，这次事件带节奏的人太多，令人无奈。但我一直信奉危机中孕育机遇，小米已经打造了性能最强量产电车，借这次危机，再打造一款全球安全性最强的量产车，我相信你能做到！打他们脸！,0
2025/4/2 16:50,雷军怎么可能受平民欺负简直分不清大小王,1
2025/4/2 16:50,还是那句话，开车命是你自己的，方向盘在你手里命就在你手里，我是不敢把命交给所谓的人工智驾,0
2025/4/2 16:50,0个人在意,0
2025/4/2 16:50,谢谢答疑解惑[抱拳],0
2025/4/2 16:50,能爆热搜还有一个最重要的x因素的推波助澜,0
2025/4/2 16:50,米粉：不可能，绝对不可能,1
2025/4/2 16:50,对手网曝，让小米股价大跌,1
2025/4/2 16:50,一眼假，传谣了。截图,1
2025/4/2 16:50,加1,1
2025/4/2 16:50,最重要慢点开,0
2025/4/2 16:50,主要是智能驾驶这块。小米脱得了干系吗。你小米的卖点就是这个。说白了，还是年轻人容易轻信大意，凡事不要想的太简单了。最后希望大家都能平平安安吧。,0
2025/4/2 16:50,图片评论,0
2025/4/2 16:50,又不止一家 好几次看理想车主开智驾睡觉了,0
2025/4/2 16:50,过分渲染智驾[赞][赞][赞] 最中肯的点评建议,0
2025/4/2 16:50,这都敢伪造吗？,1
2025/4/2 16:50,真的有人趁机，搞这样的事情,1
2025/4/2 16:50,看了一圈，调查结果都没出来有些“新闻”就开始给这场事故定论调了。建议雷总下次人大发表一下没有新闻职业素养的营销号应该剥夺“新闻”字样。,1
2025/4/2 16:50,我有疑问，开车锁车门挺正常吧 目前好像也没有证据说车门打不开吧[发呆][发呆][发呆],0
2025/4/2 16:50,小妹，小米那个车子说说订单大了，我说那个好多大订单了，最大的订单了，车子生产车子呢？,0
2025/4/2 16:50,我刚刚还刷到一个开小米的，雨天乡间水泥路面六十多码拐弯打滑怪车。,1
2025/4/2 16:50,就是撞晕了 ，你试试看100码撞护栏晕不晕[笑哭],1
2025/4/2 16:50,明显是当时司机在打瞌睡,1
2025/4/2 16:50,这样吧，我吃点亏，大家相识一场，2万收2手小米su7了[黑脸],0
2025/4/2 16:50,就是出事了 有人拿钱卖丑闻[尬笑],1
2025/4/2 16:50,车门打不开有没有可能是撞晕了。。,0
2025/4/2 16:50,这事越来越离谱了,0
2025/4/2 16:50,315打蜜雪冰城一个道理,1
2025/4/2 16:50,哎，认真读完分析完再说话，车主为小米的丐版，电池为比亚迪的电池，这应该是第一个着火的小米吧，想想原因；再看丐版缺少激光雷达，内有激光雷达的技术方案本身就很受正义，在天气不好或者夜晚，摄像头的识别能力是偏弱的，距离是有限的,0
2025/4/2 16:50,这个车速撞，烧不烧没啥区别吧？,1
2025/4/2 16:50,因为图是假的啊,1
2025/4/2 16:50,帅哥你分析的很详细，为你点赞??,0
2025/4/2 16:50,好样的,0
2025/4/2 16:51,yu7要是15我就买了[捂脸]这明目张胆的商战啊,0
2025/4/2 16:51,今天上班很烦打算起诉老板,1
2025/4/2 16:51,刚买的16Promax换台没人要的小米su7可以吧[宕机],1
2025/4/2 16:51,为什么会自然呢？,0
2025/4/2 16:51,这个车是她男友送她的是她在开 可能是直接几个人撞晕了,1
2025/4/2 16:51,买新车的时候，对速度没有概念，136时速下闸道，转弯的时候差点侧翻，一身冷汗！后来对道路有了敬畏，一路顺风，平平安安才是生活啊,0
2025/4/2 16:51,高速维修，一般都会有警示标志而且很长。就算撞也不会很严重。智驾本来对于修路的时候很扯淡的。司机估计是接管车辆之后心里慌了，没来及撞护栏了,0
2025/4/2 16:51,怎么破局，平台说了算。,0
2025/4/2 16:51,车子有智驾，但一直没使用过，命是自己的，手握方向盘才有安全感，我就连定速巡航都从来没使用过。,0
2025/4/2 16:51,这种到底什么人干的呢,1
2025/4/2 16:51,想要赔偿直接点行吗,1
2025/4/2 16:51,实事求是的说：不能什么锅也给小米背，关键要看发生事故那一刻是自驾还是智驾。要是自驾发生的那么换成大米也会发生，想好自己找小米要个什么样的说法，真正的目的能在合理的范围内雷总的小米应该会让你满意的。已然成事实那么现实点也没什么。即便智驾了也不能全部是人家的过错，自己就是全对吗？？三思。,0
2025/4/2 16:51,2023年交通死亡50万，都这么搞，饭都没工夫吃,1
2025/4/2 16:51,晕死，虽然说这是个悲剧，可是这明明是驾驶员问题啊,1
2025/4/2 16:51,怀疑没用，等警方调查结果吧[呲牙],0
2025/4/2 16:51,好家伙 还能这样子,0
2025/4/2 16:51,只有问界 别的根本不信智能驾驶,1
2025/4/2 16:51,你这段视频我感觉几乎可以套用在小米这起事故了，几乎一样的车速几乎一样的方向盘角度几乎一样的路况。很有参考意义。,0
2025/4/2 16:51,这么多米粉,0
2025/4/2 16:51,"现在这些报道一下子点击量这么高？
      问  关于农民种庄稼的成本这么高是不是应该报道一下  农民种庄稼实际的利润是多少？",0
2025/4/2 16:51,最近有些人喷得莫名其妙的,1
2025/4/2 16:51,雷总的谦逊让很多人认为他是吃素[尬笑],0
2025/4/2 16:51,就那个车主那句，确认小米当时及时打了联系电话，但保持怀疑态度，我就怀疑这是上来耍赖的[捂脸],1
2025/4/2 16:51,那我打电脑猝死了，我是不是要告电脑厂家？[憨笑],0
2025/4/2 16:51,都是人才啊,0
2025/4/2 16:51,"武汉这边，谁的小米害怕了，不想开了。我5万收[呲牙]
Ultra.能给6万",1
2025/4/2 16:51,开车从来不用智驾，什么巡航我都不用，我只开空调和听歌[尬笑][尬笑][尬笑]上高速我都非常集中，控制在100码左右，反正就是求稳。我开车别人跟我聊天，我都要拒绝的，我会觉得很烦，打扰我[捂脸],0
2025/4/2 16:51,上次特斯拉的车祸，不知道车主找马斯克要赔偿没有。 [调皮],0
2025/4/2 16:51,在实现完全自动驾驶的路上还会有更多的牺牲和付出，希望少些付出，早期实现全自动驾驶。,0
2025/4/2 16:51,这哪是出谋划策这是把退路提前堵死了,1
2025/4/2 16:51,任何车都要小心安全驾驶！！！！,0
2025/4/2 16:51,请问车门锁为什么打不开,0
2025/4/2 16:51,一个新闻让我亏了10%猝不及防,0
2025/4/2 16:51,雷总退到我等身后[色],1
2025/4/2 16:51,小米车都算差的话，其他的电车只能排在+1、,0
2025/4/2 16:51,个人想法，有没有可能，小米在等发酵到一定程度！[尬笑],0
2025/4/2 16:52,有没有不想要小米的车主，我们换,1
2025/4/2 16:52,不管是哪个品牌的电车，都敬而远之[呲牙],1
2025/4/2 16:52,有没有想卖su7的？[看],0
2025/4/2 16:52,接管几秒,0
2025/4/2 16:52,总之一句话只要还有油车坚决不开电车,1
2025/4/2 16:52,太吓人了，九成新小米15，10万血亏甩卖[流泪][流泪],0
2025/4/2 16:52,还有说小米电车门锁无法打开的，油车可没有机械锁，小米有。,0
2025/4/2 16:52,别忘了，女生备考对标男生正科,0
2025/4/2 16:52,赶紧买小米股票,0
2025/4/2 16:52,"下午了
看cos
包你满意.；～",1
2025/4/2 16:52,说反了吧，兄弟,0
2025/4/2 16:52,这一次 我站军哥相信小米,0
2025/4/2 16:52,抖音就是懂事,0
2025/4/2 16:52,没有错为什么要道歉,1
2025/4/2 16:52,雷总的回应来了，直面批评，让人欣慰，请大家耐心等待后续调查结果！谩骂和攻击不是解决问题的方式[感谢],0
2025/4/2 16:52,支持雷军,0
2025/4/2 16:52,你女儿害死两个无辜的人，到底谁需要有敬畏之心？？！,1
2025/4/2 16:52,这个“母亲”在网上的言论，看起来好像并不是伤心，而是生气,1
2025/4/2 16:52,实话说根据追星的经验，我觉得应该是小米的对家出手了[听歌],0
2025/4/2 16:52,为什么没有提到这个车气囊是否全开？,0
2025/4/2 16:52,我不放心任何人开车，包括智驾，我只相信我自己，方向盘一定要自己掌握。,0
2025/4/2 16:52,军哥加油。我支持你,0
2025/4/2 16:52,假的啊,1
2025/4/2 16:52,因为她妈知道保险公司不会怕这种胡搅蛮缠，走正常程序就赔一点点，去网络绑架雷总赔的更多,1
2025/4/2 16:52,蹲个二手的[呲牙]不想要的想卖的,0
2025/4/2 16:52,你！我十二万！,1
2025/4/2 16:52,朱雀计划，可不是闹着玩的,0
2025/4/2 16:52,东航2022年3.21飞行事故，到现在整整过去3年了，黑匣子也找到了，就是一直没说明事故原因是什么！,0
2025/4/2 16:52,不要的小米3万收[看],1
2025/4/2 16:52,难得看到微博绑架车企的车主,0
2025/4/2 16:52,开车还得靠自己的硬技术呐,0
2025/4/2 16:52,支持按闹分配，以后不用买保险，出事车企兜底,0
2025/4/2 16:52,其实现在的争议点就是智驾是否故障、碰撞后瞬间爆燃的电池问题、车门是否打开[微笑],0
2025/4/2 16:52,广州有没有su7标准版，我的破本田要换了，高价6.6w收[捂脸],0
2025/4/2 16:52,说实话，家属太欺负人了。,1
2025/4/2 16:52,你小子分析的靠谱[赞],0
2025/4/2 16:52,我切菜切到手了，张小泉也没联系我啊[流泪],0
2025/4/2 16:52,京东购物老是用我的钱，我立马去告京东了[流泪][流泪][流泪][流泪],1
2025/4/2 16:52,三个大学生被活活烧了一个小时，多么绝望啊,1
2025/4/2 16:52,小米不是坦克  它是可以被撞毁的  开其他品牌的车结果也是一样,0
2025/4/2 16:52,有谁小米不开了吗我5w收了[憨笑][赞],0
2025/4/2 16:53,"我驾龄14年
 我开M7辅助驾驶都是很谨慎的，遇到道路施工和车辆多,前方有障碍物的时候,我都自己开 (开车从来不玩手机),生命很宝贵，掌握自己手中放心点。

辅助驾驶不是自动驾驶，一定要搞清楚状况。
3个生命真的让大人心都碎了。[流泪][流泪]",0
2025/4/2 16:53,特斯拉起火怎么没人@马斯克出来表态？,1
2025/4/2 16:53,[看]再发展下去有必要让微信把聊天记录发出来了，我不信微信云端没底,1
2025/4/2 16:53,这要是搁老鹰那边，某厂会被消费者告到肉疼,0
2025/4/2 16:53,小米加油！出问题解决问题，以后小米会更好，加油[赞][赞][赞],0
2025/4/2 16:53,要重点研究设计出，紧急情况设置触爆窗户玻璃装置，比如车子落水，设置气囊弹出车门就解锁弹开。,0
2025/4/2 16:53,写的挺像一回事的,0
2025/4/2 16:53,@莹宝 [发呆][发呆],0
2025/4/2 16:53,点赞已送达，才华我认可！,0
2025/4/2 16:53,从这个地方可以看到，在事发两分钟后就联系到车主了，我个人认为是非常的负责了。至于后面人家怎么说我不知道,0
2025/4/2 16:53,你发的这个让我不适，人道主义赔钱吧,1
2025/4/2 16:53,世界末日的时候只能开皮卡。,0
2025/4/2 16:53,哪来的图,1
2025/4/2 16:53,胆子真大啊,1
2025/4/2 16:53,有几个人做过百公里时速全力刹停操作的，举个手我看看,0
2025/4/2 16:53,两秒退出让车主接管绝口不提[泣不成声][泣不成声][泣不成声],1
2025/4/2 16:53,谁要卖凹戳啊，我真的很想有第二台小米,0
2025/4/2 16:53,有驾照只是能开车，而不是会开车[微笑],0
2025/4/2 16:53,不能信智驾，还是把命掌握在自己手上安全,0
2025/4/2 16:53,你看饭圈又来了,1
2025/4/2 16:53,所以呢，这个男人依旧是能够信任的那个人,0
2025/4/2 16:53,汽车真不是有钱就能做好的,0
2025/4/2 16:53,小米不行。改大米。我就很喜欢,1
2025/4/2 16:53,智能驾驶只能作为一个卖点，常用的电子产品都有经常短路死机的时候,0
2025/4/2 16:53,就不能把锂电池取消掉吗？用别的方法进行电车驱动,0
2025/4/2 16:53,刹车不用知道要用多大脚力  急刹的时候给我站起来踩[捂脸],0
2025/4/2 16:53,造车就像堆积木，得一步一步来,0
2025/4/2 16:53,每一件新东西出来都有人用生命去尝试，滴滴出来山东空姐，浙江两个女孩没有了，新东西出来一定要过几年再用才安全。,1
2025/4/2 16:53,疑我不介意谁把这么严重安全隐患的小米SU7  标准版 5折出售给我,1
2025/4/2 16:53,不知道啊，打游戏连跪我总不能去告腾讯吧[九转大肠][九转大肠],0
2025/4/2 16:53,我就搞不明白，有些人为什么敢把自己的命交给所谓的“智能驾驶”？,1
2025/4/2 16:53,没有责任就一分钱都不要给，哪怕是人道主义慰问都不要有！,1
2025/4/2 16:53,被有组织的水军攻击了，相关部门要查，一定能查到的,1
2025/4/2 16:54,高速上双手离开方向盘的早晚都要去世,1
2025/4/2 16:54,"1-磷酸铁锂是不安全（无可争议）
2-没买对配置，对车子智驾功能不了解
3-过度依赖智驾（大原因）",0
2025/4/2 16:54,先看个后续吧,0
2025/4/2 16:54,智能驾驶让人变懒了，反应慢了，或者不知道怎么反应了,0
2025/4/2 16:54,深刻体会到了人倒霉喝凉水都塞牙，一个新闻让我亏了10%,0
2025/4/2 16:54,再看看后面,0
2025/4/2 16:54,我打个比方不知道恰不恰当，好比:你在周大福买了一个金戒指，戴在手上，碰上个抢劫的从你手上把戒指薅走了，造成你手骨折了，你就去找周大福，说他们的戒指有问题造成你手骨折了，让周大福给你个说法，是这个意思吗？,0
2025/4/2 16:54,noa≠aeb,0
2025/4/2 16:54,商家指导下用的智驾，主要责任就是车啊，接手提前这么短，神都停不下来,1
2025/4/2 16:54,以前手动档有离合，刹车，油门。自动挡没有了离合。现在电车有智能呢。都在从复变简。但是不变的还是保持开车时的状态。不应该越方便越掉以轻心,0
2025/4/2 16:54,智驾失能，因为测试都是在信号??好的地方，经常长途的人都知道手机都会突然没信号,0
2025/4/2 16:54,属实是离谱,1
2025/4/2 16:54,为何下跪？,1
2025/4/2 16:54,电饭锅里的饭才放了十天就坏了，我要去找小米算账[捂脸][OK],1
2025/4/2 16:54,是哪一款？？是三元锂还是磷酸铁锂,0
2025/4/2 16:54,智能驾驶在目前以及之后的几年都是让用户做debug测试的状态，胆大的可以提早享受…,0
2025/4/2 16:54,无论什么牌子的车，车是需要人去驾驭的，一个人车开的好不光不撞到别人，还要能让别人不撞到自己，小米在风口上，事故出现，会被很多人看热闹舆论,0
2025/4/2 16:54,这次事件给智能驾驶敲了警钟！,0
2025/4/2 16:54,我不明白  这么多年我也没听说  有人开奔驰宝马出了车祸  要奔驰宝马赔钱这一说啊[看],1
2025/4/2 16:54,雷军：首先我卖的不是坦克,0
2025/4/2 16:54,手机型号正确,0
2025/4/2 16:54,有点常识的司机都明白超过100速度发生严重车祸，强烈撞击会让车上人员瞬间失去意识，任何车子都很难存活。,0
2025/4/2 16:54,其实现在这种智能驾驶就是花里胡哨，弯道超车风险很大的，脚踏实地多好,0
2025/4/2 16:54,智驾弊端，夜晚雨天修路高速，只要粘上两个出事概率就会变大[抠鼻],0
2025/4/2 16:54,智驾只是辅助，还是要好好看路,0
2025/4/2 16:54,四个门都有机械把手,0
2025/4/2 16:54,你说说看，为什么要道歉啊？,1
2025/4/2 16:54,感觉会触底大反弹，拉杆，加仓吧[呲牙][呲牙],0
2025/4/2 16:54,所以谁怕了？谁的小米su7不敢开了？我12w要了,1
2025/4/2 16:54,我驾驶的是油车，远离爆炸，所以我每次只加10元的油。,0
2025/4/2 16:54,我的vivo手机电量就15了 我要整理资料举报vivo官方[流泪][流泪],1
2025/4/2 16:54,安全驾驶对别人的生命负责，也是对自己的生命负责,0
2025/4/2 16:54,都没看到那条微博,0
2025/4/2 16:54,车祸是在所难免的,0
2025/4/2 16:54,@王化,0
2025/4/2 16:54,无论什么样的车，除非自己开着才感觉踏实！,0
2025/4/2 16:55,出车祸怪卖车的？？？[暗中观察],1
2025/4/2 16:55,不告路政嘛[看],0
2025/4/2 16:55,所以说ai智能还是比不过人类[微笑] 开车还是自己开，要是全交给ai，那我是不是可以直接坐驾驶位睡觉得了，睡一觉起来就到目的地了[捂脸]  我只会用ai智能去倒车入库，因为我人不在车上，有啥事也危机不到我的人身安全[呲牙],0
2025/4/2 16:55,回复@GDVHDYEHD:去年的,0
2025/4/2 16:55,看到小米su7的时候，就觉得我们中国的车企也能造出漂亮的车子了。说真心话，特斯拉车主也不用怼我，真心比特斯拉的车好看的不是一两点,0
2025/4/2 16:55,NOA和AEB确实不一样，宣传时确实容易让人搞混嘛！功能边界还是得讲清楚,0
2025/4/2 16:55,以前的特斯拉也是这样的，都说是车的问题,0
2025/4/2 16:55,严格智驾系统，必要时锁定算了,0
2025/4/2 16:55,100码的速度瞬间停下，算上安全气囊和安全带，事故历程也大概是0.1秒，此时的加速度是280m的加速度，什么概念呢，假设她们50kg，她们将承受由自己给自己带来的14000N的力，相当于1.4吨的力，这种程度的冲击对一个女生来说不死也残，要是还能开车门建议丢实验室里研究研究[捂脸],1
2025/4/2 16:55,这个图你们在哪儿看到的,0
2025/4/2 16:55,据我分析:电车也好，燃油车也好出事故没有百分百绝对安全的，更何况车主以横向惯性撞上去，且直接撞到核心正中间，即使超人来了，你把他心脏干碎了，那也得嘎了，是吧那新能源车就是这样，你就换个油车，你就这么过去？油路爆开，这么高的时速，发生一些火星，汽油弥漫在空气中也会爆炸，人不在了，我们很悲痛，但我们不应该，就是站在一个弱者的，去无限的贬低，这些本身就没有错的工具，它只是一个工具，是一个性能很好的工具，现在网络上的评价是什么。起火了打不开车门，97的最终速度撞上去，人可能已经在里面晕了，谁来打开车门？高速平均速度都在100。而且是夜晚，谁敢下车来救你们？再加上直接撞到电池正中部，起火爆燃，谁又能去给她们救出来,0
2025/4/2 16:55,为啥都是统一口径的回复呢，sos的录音呢？,1
2025/4/2 16:55,配图是官方公告 是真的 现在网传的白底橙边的那个是假的,0
2025/4/2 16:55,等我凑够钱我支持小米,0
2025/4/2 16:56,开车不规范，亲人两行泪。[捂脸],0
2025/4/2 16:56,按报告，时速97撞ab柱不变形……小米牛皮！[灵机一动],0
2025/4/2 16:56,我有一点想不明白，撞车出事故，为啥要找车的原因呢,0
2025/4/2 16:56,小米要准备造自己的电池了,0
2025/4/2 16:56,这些人真刑，啥都敢蹭,1
2025/4/2 16:56,手车离开方向盘。眼睛不要不看路,0
2025/4/2 16:56,据我分析:电车也好，燃油车也好出事故没有百分百绝对安全的，更何况车主以横向惯性撞上去，且直接撞到核心正中间，即使超人来了，你把他心脏干碎了，那也得嘎了，是吧那新能源车就是这样，你就换个油车，你就这么过去？油路爆开，这么高的时速，发生一些火星，汽油弥漫在空气中也会爆炸，人不在了，我们很悲痛，但我们不应该，就是站在一个弱者的，去无限的贬低，这些本身就没有错的工具，它只是一个工具，是一个性能很好的工具，现在网络上的评价是什么。起火了打不开车门，97的最终速度撞上去，人可能已经在里面晕了，谁来打开车门？高速平均速度都在100。而且是夜晚，谁敢下车来救你们？再加上直接撞到电池正中部，起火爆燃，谁又能去给她们救出来,0
2025/4/2 16:56,智驾就是鸡肋[呆无辜][呆无辜][呆无辜]我说的,0
2025/4/2 16:57,还要扯上其他品牌的智驾,1
2025/4/2 16:57,对啊，肇事者司机母亲一连操作的目的也太明显了，还前言不搭后语,1
2025/4/2 16:57,真的太危险了，谁手上还有小米su7，我愿出21999收了,0
2025/4/2 16:59,回复@DEK-Innocence:是啊，同感,0
create_time,content,0
